timestamp_us,relative_time_ms,accel_x_mg,accel_y_mg,accel_z_mg,gyro_x_dps,gyro_y_dps,gyro_z_dps,accel_magnitude,gyro_magnitude
1254349244,0.0,-37.0,938.0,-275.0,0.56,-0.699,-0.91,978.1809648526187,1.2768324087365577
1254541544,192.3,-47.0,938.0,-276.0,0.49,-0.839,-0.56,978.8917202632781,1.12143702453593
1254733844,384.6,-30.0,939.0,-274.0,0.419,-0.91,-0.629,978.6199466595804,1.1829209610113434
1254926144,576.9,-41.0,937.0,-276.0,0.49,-0.699,-0.49,977.6635413065171,0.9842768919364103
1255118444,769.2,-26.0,939.0,-273.0,0.419,-0.98,-0.56,978.2259452703144,1.2039771592517858
1255310744,961.5,-62.0,936.0,-275.0,0.49,-0.349,-0.98,977.53005068898,1.149913475005837
1255503044,1153.8,-15.0,941.0,-277.0,0.14,-1.049,0.839,981.0377158906787,1.3505265639742152
1255695344,1346.1,-43.0,939.0,-271.0,0.419,-0.419,-1.47,978.2693903010561,1.5849359608514155
1255887644,1538.4,-42.0,932.0,-284.0,0.28,-0.769,0.699,975.2148481232225,1.0762722703851475
1256079944,1730.7,-19.0,942.0,-274.0,0.209,-0.91,-0.91,981.2242353305385,1.303794845825063
1256272244,1923.0,-49.0,933.0,-280.0,0.419,-0.629,-0.49,975.3409660216267,0.9007230428938742
1256464544,2115.3,-24.0,936.0,-279.0,0.419,-0.98,0.14,976.9918116340586,1.0749702321459884
1256656844,2307.6,-17.0,932.0,-274.0,0.419,-0.629,0.28,971.5909633173828,0.8059789079126078
1256849144,2499.9,-19.0,939.0,-271.0,0.349,-0.91,-0.629,977.5085677373881,1.1599749997305977
1257041444,2692.2,-54.0,934.0,-268.0,0.419,-0.56,-0.629,973.188573710152,0.940639144411926
1257233744,2884.5,-16.0,938.0,-268.0,0.349,-1.19,-0.14,975.6659264317884,1.2479987980763443
1257426044,3076.8,-31.0,934.0,-273.0,0.49,-0.629,-0.419,973.5738287361673,0.9007230428938742
1257618344,3269.1,-23.0,941.0,-273.0,0.349,-0.98,-0.56,980.0709158015046,1.1814402227789607
1257810644,3461.4,-52.0,935.0,-273.0,0.349,-0.419,-0.91,975.4270859474839,1.0608779383133575
1258002944,3653.7,-26.0,938.0,-274.0,0.28,-0.98,-0.28,977.5459068504149,1.056976820937905
1258195244,3846.0,-40.0,933.0,-274.0,0.349,-0.49,-0.14,973.2240235423702,0.6176576721777202
1258387544,4038.3,-15.0,941.0,-267.0,0.14,-0.98,-0.699,978.2612125603264,1.2118584900886735
1258579844,4230.6,-56.0,935.0,-271.0,0.209,-0.349,-0.49,975.090765006007,0.6368532012952435
1258772144,4422.9,-15.0,940.0,-267.0,0.28,-1.12,-0.349,977.2993400181953,1.206068406020156
1258964444,4615.2,-50.0,936.0,-270.0,0.419,-0.49,-1.049,975.4465644001214,1.231284694942644
1259156744,4807.5,-24.0,937.0,-272.0,0.28,-0.98,-0.49,975.9759218341403,1.1308846094982459
1259349044,4999.8,-46.0,936.0,-274.0,0.56,-0.49,-0.91,976.3646859652391,1.1754998936622667
1259541344,5192.1,-30.0,939.0,-273.0,0.419,-1.049,-0.629,978.3404315472196,1.2929048688902058
1259733644,5384.4,-52.0,933.0,-280.0,0.56,-0.49,-0.49,975.4962839498672,0.8909545442950499
1259925944,5576.7,-25.0,943.0,-275.0,0.349,-1.049,-0.629,982.5980867068691,1.2719445742641462
1260118244,5769.0,-51.0,934.0,-275.0,0.419,-0.49,-0.699,974.9779484685795,0.9509269162243752
1260310544,5961.3,-19.0,936.0,-274.0,0.209,-0.98,0.49,975.4655298881657,1.1154286171692027
1260502844,6153.6,-27.0,941.0,-265.0,0.28,-0.699,-1.679,977.9749485544096,1.8401201047757725
1260695144,6345.9,-49.0,934.0,-276.0,0.419,-0.699,-0.49,975.1579359262786,0.9509269162243752
1260887444,6538.2,-29.0,938.0,-275.0,0.49,-0.839,-0.56,977.9110388987334,1.12143702453593
1261079744,6730.5,-44.0,937.0,-277.0,0.56,-0.699,-0.91,978.076684110198,1.2768324087365577
1261272044,6922.8,-42.0,937.0,-277.0,0.56,-0.769,-0.49,977.9887524915612,1.0700752310001387
1261464344,7115.1,-39.0,937.0,-276.0,0.49,-0.769,-0.56,977.5817101398737,1.0700752310001387
1261656644,7307.4,-33.0,938.0,-274.0,0.49,-0.769,-0.49,977.7571273071857,1.03516230611436
1261848944,7499.7,-38.0,936.0,-271.0,0.349,-0.699,-0.56,975.1825470136348,0.9612502275682435
1262041244,7692.0,-26.0,937.0,-271.0,0.349,-0.91,-0.28,975.7489431201041,1.014051773826169
1262233544,7884.3,-37.0,936.0,-270.0,0.419,-0.699,-0.839,974.8666575486106,1.1696508025902432
1262425844,8076.6,-26.0,936.0,-271.0,0.419,-0.91,-0.349,974.7886950513943,1.0608779383133575
1262618144,8268.9,-35.0,937.0,-270.0,0.49,-0.699,-0.839,975.7530425266426,1.1969218855046473
1262810444,8461.2,-40.0,937.0,-274.0,0.49,-0.839,-0.699,977.0593636007999,1.1969218855046473
1263002744,8653.5,-47.0,935.0,-277.0,0.49,-0.629,-0.629,976.3006709001075,1.0155697908071113
1263195044,8845.8,-36.0,937.0,-278.0,0.56,-0.839,-0.419,978.0332305192907,1.0922829303802197
1263387344,9038.1,-39.0,937.0,-276.0,0.56,-0.769,-0.629,977.5817101398737,1.1404393890075877
1263579644,9230.4,-40.0,936.0,-275.0,0.419,-0.769,-0.419,976.3815852421634,0.9708156364624542
1263771944,9422.7,-31.0,938.0,-272.0,0.349,-0.839,-0.699,977.1330513292445,1.1464392700880408
1263964244,9615.0,-39.0,936.0,-274.0,0.419,-0.699,-0.49,976.0599366842182,0.9509269162243752
1264156544,9807.3,-34.0,938.0,-271.0,0.419,-0.769,-0.699,976.9549631380148,1.1205012271300732
1264348844,9999.6,-40.0,936.0,-274.0,0.49,-0.769,-0.629,976.1004046715686,1.107746360860644
1264541144,10191.9,-37.0,937.0,-275.0,0.49,-0.769,-0.56,977.2220832543644,1.0700752310001387
1264733444,10384.2,-43.0,936.0,-277.0,0.49,-0.699,-0.629,977.0742039374492,1.0603499422360525
1264925744,10576.5,-37.0,937.0,-275.0,0.49,-0.769,-0.56,977.2220832543644,1.0700752310001387
1265118044,10768.8,-40.0,936.0,-277.0,0.56,-0.769,-0.419,976.9467743945931,1.039481601568782
1265310344,10961.1,-37.0,937.0,-276.0,0.419,-0.839,-0.56,977.5039641863351,1.0922829303802197
1265502644,11153.4,-39.0,936.0,-278.0,0.49,-0.699,-0.56,977.1903601653057,1.020931437462869
1265694944,11345.7,-41.0,935.0,-279.0,0.629,-0.699,-0.49,976.5997132909675,1.0603499422360525
1265887244,11538.0,-33.0,937.0,-276.0,0.419,-0.91,-0.419,977.3607317669357,1.0859198865478061
1266079544,11730.3,-41.0,936.0,-277.0,0.49,-0.699,-0.629,976.9882292023789,1.0603499422360525
1266271844,11922.6,-40.0,935.0,-278.0,0.419,-0.769,-0.349,976.2730150936263,0.9427210616083636
1266464144,12114.9,-34.0,938.0,-277.0,0.209,-0.699,-0.14,978.6362960773528,0.7428876092653585
1266656444,12307.2,-50.0,936.0,-278.0,0.49,-0.629,-0.699,977.6911577793879,1.0603499422360525
1266848744,12499.5,-39.0,934.0,-278.0,0.49,-0.769,-0.209,975.2748330598919,0.9354902458069779
1267041044,12691.8,-35.0,938.0,-277.0,0.419,-0.699,-0.56,978.6715485800127,0.9888184868821982
1267233344,12884.1,-45.0,934.0,-277.0,0.419,-0.699,-0.419,975.248686233414,0.9163640106420592
1267425644,13076.4,-37.0,935.0,-277.0,0.419,-0.839,-0.49,975.870380737114,1.0581030195590597
1267617944,13268.7,-36.0,935.0,-278.0,0.349,-0.699,-0.49,976.1173085239294,0.9222266532691407
1267810244,13461.0,-35.0,936.0,-278.0,0.419,-0.769,-0.49,977.0388938010606,1.0035048579852517
1268002544,13653.3,-40.0,935.0,-279.0,0.49,-0.769,-0.419,976.5582419907171,1.0035048579852517
1268194844,13845.6,-21.0,937.0,-276.0,0.49,-0.98,-0.28,977.0291704959479,1.1308846094982459
1268387144,14037.9,-45.0,935.0,-278.0,0.56,-0.56,-0.839,976.4906553572338,1.1537421722378012
1268579444,14230.2,-34.0,934.0,-279.0,0.419,-0.91,-0.349,975.3732618849052,1.0608779383133575
1268771744,14422.5,-51.0,935.0,-281.0,0.49,-0.56,-0.769,977.6435955909495,1.0700752310001387
1268964044,14614.8,-36.0,936.0,-282.0,0.49,-0.91,-0.209,978.2208339633745,1.0544576805163877
1269156344,14807.1,-39.0,936.0,-280.0,0.56,-0.699,-0.769,977.7612182941191,1.1804922701991742
1269348644,14999.4,-47.0,934.0,-281.0,0.49,-0.769,-0.419,976.4865590472815,1.0035048579852517
1269540944,15191.7,-37.0,935.0,-279.0,0.419,-0.839,-0.56,976.4399623120717,1.0922829303802197
1269733244,15384.0,-38.0,935.0,-280.0,0.419,-0.769,-0.49,976.76455709654,1.0035048579852517
1269925544,15576.3,-36.0,935.0,-279.0,0.349,-0.769,-0.56,976.4025809060523,1.0132926526922021
1270117844,15768.6,-45.0,934.0,-280.0,0.56,-0.699,-0.629,976.1050148421532,1.0944596840450542
1270310144,15960.9,-35.0,936.0,-280.0,0.49,-0.91,-0.419,977.609840376006,1.1152403328431053
1270502444,16153.2,-37.0,933.0,-281.0,0.56,-0.699,-0.699,975.099482104262,1.1361346751155867
1270694744,16345.5,-59.0,932.0,-286.0,0.419,-0.56,0.419,976.678555103981,0.8153048509606698
1270887044,16537.8,-29.0,935.0,-283.0,0.349,-0.699,-0.49,977.3203159660603,0.9222266532691407
1271079344,16730.1,-42.0,935.0,-286.0,0.49,-0.769,-0.629,978.6649069012335,1.107746360860644
1271271644,16922.4,-50.0,934.0,-285.0,0.349,-0.699,-0.14,977.7939455734015,0.7937266531999538
1271463944,17114.7,-35.0,935.0,-283.0,0.349,-0.769,-0.419,977.5167517746179,0.9427210616083636
1271656244,17307.0,-34.0,933.0,-283.0,0.349,-0.769,-0.49,975.568552178677,0.9763513711774056
1271848544,17499.3,-37.0,935.0,-283.0,0.419,-0.769,-0.699,977.5904050265633,1.1205012271300732
1272040844,17691.6,-47.0,933.0,-286.0,0.49,-0.769,-0.629,976.982087860366,1.107746360860644
1272233144,17883.9,-36.0,934.0,-285.0,0.49,-0.839,-0.629,977.1780799833774,1.1574376873076149
1272425444,18076.2,-43.0,933.0,-286.0,0.699,-0.769,-0.699,976.7978296454185,1.2524228519154383
1272617744,18268.5,-34.0,933.0,-285.0,0.49,-0.91,-0.349,976.1506031345778,1.0908716698127237
1272810044,18460.8,-43.0,933.0,-284.0,0.56,-0.629,-0.98,976.2141158577866,1.2921458895960625
1273002344,18653.1,-38.0,932.0,-286.0,0.49,-0.91,-0.419,975.6351777175729,1.1152403328431053
1273194644,18845.4,-41.0,934.0,-285.0,0.56,-0.769,-0.839,977.3750559534451,1.2684171238200783
1273386944,19037.7,-44.0,932.0,-287.0,0.56,-0.769,-0.629,976.1808234133674,1.1404393890075877
1273579244,19230.0,-45.0,932.0,-287.0,0.56,-0.699,-0.629,976.2264081656468,1.0944596840450542
1273771544,19422.3,-45.0,933.0,-289.0,0.49,-0.769,-0.28,977.7704229521365,0.9538663428384503
1273963844,19614.6,-41.0,932.0,-289.0,0.49,-0.769,-0.56,976.6401589121758,1.0700752310001387
1274156144,19806.9,-42.0,932.0,-289.0,0.419,-0.769,-0.629,976.6826506086816,1.0782221477970113
1274348444,19999.2,-40.0,932.0,-288.0,0.49,-0.839,-0.419,976.3032315833027,1.0581030195590597
1274540744,20191.5,-41.0,932.0,-287.0,0.49,-0.769,-0.629,976.0502036268422,1.107746360860644
1274733044,20383.8,-39.0,932.0,-287.0,0.49,-0.699,-0.769,975.9682371880757,1.1489395110274518
1274925344,20576.1,-42.0,932.0,-289.0,0.49,-0.839,-0.49,976.6826506086816,1.0881732398841646
1275117644,20768.4,-47.0,931.0,-289.0,0.56,-0.699,-0.839,975.9564539465888,1.2272416225014535
1275309944,20960.7,-40.0,933.0,-291.0,0.49,-0.91,-0.49,978.1462058404153,1.1438094246857735
1275502244,21153.0,-49.0,930.0,-293.0,0.56,-0.629,-0.56,976.2940130923675,1.0113560204003336
1275694544,21345.3,-44.0,933.0,-295.0,0.629,-0.769,-0.839,979.5151862018271,1.300354951542078
1275886844,21537.6,-51.0,931.0,-296.0,0.56,-0.699,-0.49,978.2525236358964,1.020931437462869
1276079144,21729.9,-41.0,930.0,-294.0,0.49,-0.769,-0.349,976.2258959892429,0.9763513711774056
1276271444,21922.2,-31.0,933.0,-294.0,0.56,-0.839,-0.699,978.7165064511786,1.2272416225014535
1276463744,22114.5,-52.0,930.0,-294.0,0.629,-0.56,-0.769,976.749712055243,1.1404393890075877
1276656044,22306.8,-46.0,931.0,-292.0,0.49,-0.91,-0.349,976.8014127753911,1.0908716698127237
1276848344,22499.1,-38.0,930.0,-292.0,0.49,-0.769,-0.49,975.5039723137984,1.03516230611436
1277040644,22691.4,-41.0,931.0,-293.0,0.49,-0.769,-0.699,976.878190973675,1.1489395110274518
1277232944,22883.7,-40.0,931.0,-295.0,0.629,-0.839,-0.49,977.4384891132536,1.1574376873076149
1277425244,23076.0,-53.0,930.0,-296.0,0.56,-0.769,-0.839,977.4072846055527,1.2684171238200783
1277617544,23268.3,-42.0,929.0,-298.0,0.56,-0.91,-0.28,976.5290574273763,1.104581368664165
1277809844,23460.6,-44.0,931.0,-297.0,0.629,-0.699,-0.91,978.2157226297276,1.3085648627408577
1278002144,23652.9,-52.0,929.0,-300.0,0.629,-0.699,-0.56,977.6221151344726,1.0944596840450542
1278194444,23845.2,-44.0,929.0,-299.0,0.56,-0.839,-0.419,976.9227195638354,1.0922829303802197
1278386744,24037.5,-48.0,929.0,-298.0,0.56,-0.699,-0.56,976.8055077649798,1.0563148204962383
1278579044,24229.8,-48.0,931.0,-298.0,0.56,-0.769,-0.699,978.7078215688275,1.1804922701991742
1278771344,24422.1,-46.0,929.0,-300.0,0.629,-0.769,-0.349,977.3213391715133,1.052997150993297
1278963644,24614.4,-36.0,931.0,-300.0,0.56,-0.839,-0.419,978.8038618640611,1.0922829303802197
1279155944,24806.7,-50.0,928.0,-299.0,0.56,-0.769,-0.839,976.2607233726039,1.2684171238200783
1279348244,24999.0,-44.0,929.0,-300.0,0.56,-0.91,-0.49,977.2292463900167,1.1754998936622667
1279540544,25191.3,-48.0,930.0,-301.0,0.699,-0.769,-0.839,978.6751248499166,1.3356208294272742
1279732844,25383.6,-43.0,928.0,-302.0,0.56,-0.839,-0.419,976.8505515174775,1.0922829303802197
1279925144,25575.9,-47.0,929.0,-301.0,0.629,-0.769,-0.769,977.6763268075995,1.256329176609379
1280117444,25768.2,-50.0,928.0,-301.0,0.56,-0.769,-0.91,976.8751199616049,1.3164577471381298
1280309744,25960.5,-48.0,928.0,-302.0,0.629,-0.839,-0.56,977.0834150675162,1.1887649052693303
1280502044,26152.8,-48.0,927.0,-303.0,0.629,-0.699,-0.629,976.4435467552643,1.1313191415334578
1280694344,26345.1,-48.0,928.0,-304.0,0.629,-0.839,-0.699,977.7034315169401,1.260223392895085
1280886644,26537.4,-45.0,928.0,-304.0,0.56,-0.769,-0.49,977.5607398008576,1.0700752310001387
1281078944,26729.7,-51.0,927.0,-304.0,0.49,-0.699,-0.629,976.906341467799,1.0603499422360525
1281271244,26922.0,-46.0,928.0,-304.0,0.349,-0.769,-0.49,977.60728311526,0.9763513711774056
1281463544,27114.3,-50.0,927.0,-306.0,0.49,-0.91,-0.699,977.4789000280261,1.2477183175701156
1281655844,27306.6,-42.0,926.0,-307.0,0.419,-0.769,-0.49,976.4676133902241,1.0035048579852517
1281848144,27498.9,-51.0,926.0,-306.0,0.56,-0.699,-0.699,976.5823057991579,1.1361346751155867
1282040444,27691.2,-42.0,927.0,-306.0,0.56,-0.839,-0.349,977.1023487844045,1.0673902753913396
1282232744,27883.5,-51.0,926.0,-308.0,0.56,-0.769,-1.049,977.2108267922537,1.416108046725249
1282425044,28075.8,-43.0,926.0,-308.0,0.56,-0.839,-0.49,976.8259824554218,1.12143702453593
1282617344,28268.1,-44.0,925.0,-306.0,0.419,-0.769,-0.699,975.2932892212475,1.1205012271300732
1282809644,28460.4,-43.0,929.0,-308.0,0.49,-0.769,-0.839,979.6703527207507,1.2391053223999968
1283001944,28652.7,-67.0,926.0,-308.0,0.49,-0.629,-0.629,978.1763644660405,1.0155697908071113
1283194244,28845.0,-43.0,925.0,-307.0,0.349,-0.98,-0.349,975.5629144242826,1.0972702493005084
1283386544,29037.3,-54.0,925.0,-311.0,0.49,-0.629,-1.049,977.3750559534451,1.3176274131938817
1283578844,29229.6,-52.0,926.0,-310.0,0.349,-0.769,-0.28,977.8956999598679,0.8896977014694373
1283771144,29421.9,-52.0,929.0,-311.0,0.49,-0.769,-0.839,981.0535153598911,1.2391053223999968
1283963444,29614.2,-43.0,924.0,-311.0,0.419,-0.91,-0.14,975.8821650178878,1.0115636411022295
1284155744,29806.5,-54.0,923.0,-309.0,0.49,-0.629,-0.56,974.8466546077901,0.9743413159668433
1284348044,29998.8,-49.0,925.0,-312.0,0.56,-0.839,-0.91,977.4303044207295,1.3585363447475374
1284540344,30191.1,-55.0,924.0,-312.0,0.28,-0.769,-0.349,976.8034602723313,0.8896977014694373
1284732644,30383.4,-31.0,924.0,-310.0,0.419,-0.91,0.07,975.1087118880642,1.0042713776664154
1284924944,30575.7,-53.0,925.0,-309.0,0.419,-0.629,-1.049,976.685722225937,1.2929048688902056
1285117244,30768.0,-48.0,921.0,-312.0,0.349,-0.769,0.0,973.5959120703003,0.8444891947206903
1285309544,30960.3,-49.0,924.0,-310.0,0.49,-0.699,-0.91,975.8468117486474,1.2477183175701156
1285501844,31152.6,-49.0,925.0,-314.0,0.629,-0.98,-0.98,978.0705496026347,1.521985873784642
1285694144,31344.9,-57.0,921.0,-316.0,0.629,-0.769,-0.699,975.3696735084601,1.2147440059535177
1285886444,31537.2,-48.0,923.0,-320.0,0.769,-0.839,-0.349,978.0761729027039,1.190412953558554
1286078744,31729.5,-49.0,920.0,-320.0,0.629,-0.839,-0.839,975.2953398842834,1.3429381966419751
1286271044,31921.8,-51.0,923.0,-323.0,0.699,-0.769,-0.56,979.213459874812,1.1804922701991742
1286463344,32114.1,-44.0,924.0,-317.0,0.56,-0.91,-0.769,977.8553062697978,1.3164577471381298
1286655644,32306.4,-53.0,922.0,-319.0,0.629,-0.769,-0.839,977.0639692466405,1.300354951542078
1286847944,32498.7,-46.0,924.0,-318.0,0.56,-0.98,-0.91,978.2719458310148,1.4498620624045586
1287040244,32691.0,-68.0,922.0,-324.0,0.769,-0.769,-1.049,979.6346257661578,1.5110006618132237
1287232544,32883.3,-51.0,923.0,-326.0,0.769,-0.91,-0.56,980.2071209698489,1.3164577471381298
1287424844,33075.6,-57.0,922.0,-325.0,0.839,-0.699,-0.629,979.2640093457943,1.260223392895085
1287617144,33267.9,-57.0,922.0,-325.0,0.629,-0.839,-0.349,979.2640093457943,1.1051529305937708
1287809444,33460.2,-59.0,917.0,-321.0,0.349,-0.699,-0.14,973.3503993937641,0.7937266531999538
1288001744,33652.5,-33.0,924.0,-318.0,0.349,-0.769,-0.49,977.7468997649647,0.9763513711774056
1288194044,33844.8,-51.0,921.0,-319.0,0.28,-0.769,-0.699,976.0138318692005,1.0762722703851475
1288386344,34037.1,-54.0,922.0,-320.0,0.349,-0.769,-0.56,977.4456506629921,1.0132926526922021
1288578644,34229.4,-58.0,919.0,-325.0,0.419,-0.629,-0.56,976.4988479255877,0.940639144411926
1288770944,34421.7,-53.0,925.0,-323.0,0.56,-0.839,-1.259,981.2048715737199,1.6132581938425106
1288963244,34614.0,-47.0,921.0,-324.0,0.419,-0.91,-0.349,977.4589505447275,1.0608779383133575
1289155544,34806.3,-54.0,920.0,-322.0,0.419,-0.839,-0.91,976.2171889492624,1.3067448105885096
1289347844,34998.6,-35.0,921.0,-326.0,0.49,-0.839,-0.56,977.6205807980926,1.12143702453593
1289540144,35190.9,-59.0,921.0,-323.0,0.699,-0.629,-1.049,977.77860479763,1.4087735801043402
1289732444,35383.2,-60.0,916.0,-325.0,0.56,-0.699,0.0,973.7972068146427,0.8956567422846768
1289924744,35575.5,-37.0,924.0,-320.0,0.49,-1.049,-1.049,978.5422831947529,1.5623386316672836
1290117044,35767.8,-57.0,920.0,-323.0,0.49,-0.629,-0.349,976.7179736239116,0.8703688873115812
1290309344,35960.1,-58.0,922.0,-324.0,0.49,-0.769,-0.98,978.9913176325927,1.3386041237049884
1290501644,36152.4,-57.0,920.0,-329.0,0.56,-0.91,-0.56,978.7185499417083,1.206358155772986
1290693944,36344.7,-47.0,918.0,-326.0,0.349,-0.769,-0.07,975.2994411974202,0.8473853904806242
1290886244,36537.0,-56.0,921.0,-325.0,0.56,-0.769,-1.19,978.2647903303073,1.523502871674353
1291078544,36729.3,-54.0,918.0,-327.0,0.419,-0.839,-0.209,975.9964139278381,0.9608137176372951
1291270844,36921.6,-54.0,921.0,-328.0,0.629,-0.839,-0.769,979.1532055812307,1.300354951542078
1291463144,37113.9,-56.0,919.0,-330.0,0.629,-0.91,-0.56,978.0577692549658,1.2398955601178674
1291655444,37306.2,-61.0,921.0,-333.0,0.769,-0.629,-0.629,981.2497133757544,1.1758584098436342
1291847744,37498.5,-61.0,920.0,-333.0,0.699,-0.91,-1.049,980.311175086768,1.5547031871067867
1292040044,37690.8,-57.0,918.0,-334.0,0.56,-0.839,-0.14,978.5341077346256,1.0183913785966572
1292232344,37883.1,-60.0,920.0,-330.0,0.56,-0.769,-0.839,979.2343948207701,1.2684171238200783
1292424644,38075.4,-61.0,917.0,-333.0,0.56,-0.839,-0.419,977.4962915530677,1.0922829303802197
1292616944,38267.7,-50.0,918.0,-329.0,0.419,-0.839,-0.419,976.4553241188252,1.0271528610679133
1292809244,38460.0,-68.0,918.0,-332.0,0.629,-0.699,-1.049,978.5560791288357,1.4087735801043402
1293001544,38652.3,-47.0,918.0,-332.0,0.49,-1.049,-0.07,977.3213391715133,1.1599142209663609
1293193844,38844.6,-53.0,917.0,-330.0,0.49,-0.629,-0.769,976.0112704267302,1.107746360860644
1293386144,39036.9,-53.0,917.0,-331.0,0.56,-0.839,-0.699,976.3498348440481,1.2272416225014535
1293578444,39229.2,-49.0,920.0,-333.0,0.769,-0.839,-0.98,979.6376881276057,1.5018928057621155
1293770744,39421.5,-48.0,914.0,-335.0,0.629,-0.769,0.14,974.6409595333042,1.0032955696104713
1293963044,39613.8,-51.0,919.0,-328.0,0.56,-0.839,-1.259,977.1110479367225,1.6132581938425106
1294155344,39806.1,-92.0,918.0,-333.0,0.56,-0.769,-1.539,980.8552390643586,1.8092766510404095
1294347644,39998.4,-57.0,916.0,-342.0,0.56,-0.91,0.56,979.422789197801,1.206358155772986
1294539944,40190.7,-43.0,922.0,-333.0,0.699,-0.839,-1.47,981.2349361901053,1.8312351023284803
1294732244,40383.0,-79.0,914.0,-339.0,0.629,-0.699,-0.769,978.0378315791266,1.2147440059535177
1294924544,40575.3,-60.0,920.0,-335.0,0.349,-0.839,-0.349,980.9306805274265,0.9734079309313233
1295116844,40767.6,-53.0,915.0,-335.0,0.49,-0.699,-0.07,975.8375889460294,0.8565051079824334
1295309144,40959.9,-44.0,918.0,-333.0,0.49,-0.769,-0.419,977.5218667630919,1.0035048579852517
1295501444,41152.2,-66.0,915.0,-333.0,0.419,-0.629,-0.769,975.945695210548,1.0782221477970113
1295693744,41344.5,-57.0,917.0,-335.0,0.49,-0.839,-0.49,977.9381371027515,1.0881732398841646
1295886044,41536.8,-63.0,916.0,-340.0,0.49,-0.699,-0.349,979.0939689325024,0.9222266532691407
1296078344,41729.1,-45.0,918.0,-338.0,0.419,-0.769,-0.349,979.2818797465825,0.9427210616083636
1296270644,41921.4,-62.0,914.0,-338.0,0.49,-0.699,-0.49,976.4650531381038,0.9842768919364103
1296462944,42113.7,-49.0,920.0,-336.0,0.49,-0.839,-0.699,980.6615114299123,1.1969218855046473
1296655244,42306.0,-47.0,917.0,-333.0,0.419,-0.839,-0.629,976.7225808795454,1.1292134430655703
1296847544,42498.3,-55.0,915.0,-331.0,0.49,-0.839,-0.91,974.5824747039113,1.3312103515222529
1297039844,42690.6,-55.0,913.0,-332.0,0.56,-0.769,-0.419,973.0457337658904,1.039481601568782
1297232144,42882.9,-50.0,915.0,-336.0,0.56,-0.839,-0.49,976.0230530064339,1.12143702453593
1297424444,43075.2,-56.0,914.0,-335.0,0.56,-0.699,-0.629,975.0676899579844,1.0944596840450542
1297616744,43267.5,-57.0,915.0,-336.0,0.56,-0.839,-0.419,976.4066775683174,1.0922829303802197
1297809044,43459.8,-57.0,914.0,-337.0,0.419,-0.769,-0.419,975.8145315581235,0.9708156364624542
1298001344,43652.1,-45.0,915.0,-337.0,0.49,-0.839,-0.56,976.124479766797,1.12143702453593
1298193644,43844.4,-67.0,912.0,-339.0,0.56,-0.56,-0.769,975.2712443212914,1.1038845048282906
1298385944,44036.7,-69.0,913.0,-340.0,0.56,-0.769,-0.349,976.6934012268129,1.0132926526922024
1298578244,44229.0,-42.0,914.0,-342.0,0.49,-0.98,0.0,976.7927108655142,1.095673308974897
1298770544,44421.3,-54.0,915.0,-340.0,0.56,-0.699,-0.839,977.6200693520975,1.2272416225014535
1298962844,44613.6,-65.0,913.0,-341.0,0.419,-0.769,-0.56,976.767628456226,1.039481601568782
1299155144,44805.9,-56.0,911.0,-342.0,0.28,-0.769,0.14,974.6902071940602,0.8302776643990852
1299347444,44998.2,-55.0,915.0,-337.0,0.349,-0.769,-0.91,976.6365751905875,1.2414757347608532
1299539744,45190.5,-65.0,915.0,-340.0,0.28,-0.769,-0.349,978.2893232576956,0.8896977014694373
1299732044,45382.8,-50.0,915.0,-339.0,0.28,-0.769,-0.14,977.0598753402987,0.8302776643990852
1299924344,45575.1,-51.0,915.0,-337.0,0.209,-0.699,-0.699,976.4194795271139,1.0103875494086416
1300116644,45767.4,-55.0,914.0,-339.0,0.28,-0.769,-0.28,976.3923391751904,0.8649630049892307
1300308944,45959.7,-51.0,913.0,-336.0,0.209,-0.629,-0.349,974.2001847669708,0.7490814374952832
1300501244,46152.0,-44.0,915.0,-337.0,0.28,-0.769,-0.28,976.0788902542663,0.8649630049892307
1300693544,46344.3,-57.0,913.0,-336.0,0.209,-0.629,-0.769,974.5327085326587,1.0152255906940093
1300885844,46536.6,-56.0,913.0,-340.0,0.49,-0.98,-0.629,975.8611581572452,1.263384739499413
1301078144,46728.9,-63.0,914.0,-340.0,0.56,-0.699,-0.769,977.2231065626723,1.1804922701991742
1301270444,46921.2,-60.0,917.0,-345.0,0.419,-0.91,-0.98,981.5874897328307,1.4014496066573354
1301462744,47113.5,-62.0,913.0,-345.0,0.56,-0.839,-0.56,977.9764823348258,1.1537421722378012
1301655044,47305.8,-61.0,917.0,-347.0,0.629,-0.839,-0.839,982.353805917196,1.3429381966419751
1301847344,47498.1,-62.0,914.0,-343.0,0.419,-0.629,-0.699,978.2070333012332,1.0294673379957229
1302039644,47690.4,-50.0,916.0,-341.0,0.28,-0.91,-0.56,978.691473345916,1.104581368664165
1302231944,47882.7,-64.0,914.0,-341.0,0.419,-0.769,-0.91,977.636435491231,1.262941803884882
1302424244,48075.0,-55.0,913.0,-342.0,0.419,-0.839,-0.209,976.5029441839896,0.9608137176372951
1302616544,48267.3,-55.0,914.0,-341.0,0.49,-0.699,-0.839,977.0885323244768,1.1969218855046473
1302808844,48459.6,-62.0,913.0,-343.0,0.419,-0.769,-0.419,977.2727357293869,0.9708156364624542
1303001144,48651.9,-52.0,914.0,-340.0,0.419,-0.839,-0.56,976.5756499114649,1.0922829303802197
1303193444,48844.2,-62.0,916.0,-346.0,0.56,-0.699,-0.419,981.1299608104932,0.9888184868821982
1303385744,49036.5,-46.0,914.0,-344.0,0.349,-0.91,-0.209,977.6747925562978,0.9967858345702952
1303578044,49228.8,-56.0,912.0,-342.0,0.419,-0.769,-0.91,975.6249279308109,1.262941803884882
1303770344,49421.1,-53.0,912.0,-342.0,0.56,-0.769,-0.49,975.4573286412891,1.0700752310001387
1303962644,49613.4,-53.0,912.0,-339.0,0.49,-0.839,-0.629,974.4095648134823,1.1574376873076149
1304154944,49805.7,-55.0,914.0,-341.0,0.629,-0.91,-1.12,977.0885323244768,1.574211231061448
1304347244,49998.0,-57.0,914.0,-344.0,0.699,-0.769,-0.699,978.2540569811096,1.2524228519154383
1304539544,50190.3,-49.0,913.0,-342.0,0.699,-0.98,-0.769,976.1833844109415,1.428412405434789
1304731844,50382.6,-61.0,913.0,-348.0,0.839,-0.699,-0.699,978.9759956199131,1.2965812739662717
1304924144,50574.9,-60.0,913.0,-347.0,0.629,-0.839,-0.56,978.5591448655518,1.1887649052693303
1305116444,50767.2,-58.0,911.0,-347.0,0.56,-0.769,-0.629,976.5725779479988,1.1404393890075877
1305308744,50959.5,-57.0,915.0,-343.0,0.419,-0.91,-0.98,978.837575903173,1.4014496066573354
1305501044,51151.8,-75.0,911.0,-346.0,0.349,-0.699,-0.699,977.3750559534451,1.0483334393216692
1305693344,51344.1,-58.0,911.0,-346.0,0.419,-0.769,-0.14,976.2177011302346,0.886860755699563
1305885644,51536.4,-54.0,915.0,-347.0,0.49,-0.839,-0.769,980.0765276242463,1.2391053223999968
1306077944,51728.7,-68.0,911.0,-346.0,0.349,-0.769,-0.839,976.8628358167794,1.190412953558554
1306270244,51921.0,-54.0,914.0,-347.0,0.56,-0.839,-0.419,979.1429926216089,1.0922829303802197
1306462544,52113.3,-61.0,910.0,-345.0,0.49,-0.629,-0.56,975.1133267472043,0.9743413159668433
1306654844,52305.6,-68.0,908.0,-345.0,0.209,-0.769,-0.28,973.7109427340333,0.8446549591401213
1306847144,52497.9,-48.0,915.0,-346.0,0.49,-0.839,-0.98,979.4105370068264,1.3800076086746766
1307039444,52690.2,-63.0,912.0,-345.0,0.49,-0.769,-0.839,977.1069542276322,1.2391053223999968
1307231744,52882.5,-62.0,911.0,-346.0,0.419,-0.699,-0.49,976.4635169836096,0.9509269162243752
1307424044,53074.8,-45.0,915.0,-349.0,0.629,-0.769,-0.49,980.3320865910694,1.107746360860644
1307616344,53267.1,-75.0,912.0,-349.0,0.56,-0.699,-1.19,979.3722479221065,1.4893961863788963
1307808644,53459.4,-46.0,911.0,-350.0,0.49,-0.98,-0.28,977.0040941572354,1.1308846094982459
1308000944,53651.7,-67.0,910.0,-346.0,0.49,-0.699,-1.12,975.8611581572452,1.408226189218195
1308193244,53844.0,-66.0,912.0,-349.0,0.49,-0.839,-0.28,978.7241695186648,1.0111483570673494
1308385544,54036.3,-47.0,912.0,-346.0,0.419,-0.769,0.0,976.5597779962064,0.8757408292411631
1308577844,54228.6,-60.0,912.0,-347.0,0.49,-0.629,-0.91,977.6262066863796,1.2098929704730084
1308770144,54420.9,-68.0,912.0,-348.0,0.349,-0.839,-0.49,978.5049821027995,1.0323865555110643
1308962444,54613.2,-54.0,909.0,-345.0,0.349,-0.699,-0.07,973.766912561728,0.7844118816030261
1309154744,54805.5,-50.0,911.0,-346.0,0.419,-0.769,-0.419,975.7750765417203,0.9708156364624542
1309347044,54997.8,-61.0,911.0,-346.0,0.419,-0.699,-0.629,976.4005325684742,1.0294673379957229
1309539344,55190.1,-59.0,911.0,-347.0,0.28,-0.769,-0.56,976.6324794926697,0.9916456020171723
1309731644,55382.4,-57.0,910.0,-348.0,0.419,-0.699,-0.49,975.9369856706938,0.9509269162243752
1309923944,55574.7,-57.0,912.0,-348.0,0.419,-0.769,-0.56,977.8021272220674,1.039481601568782
1310116244,55767.0,-61.0,911.0,-348.0,0.49,-0.839,-0.699,977.1110479367225,1.1969218855046473
1310308544,55959.3,-59.0,911.0,-349.0,0.419,-0.839,-0.56,977.3448726012738,1.0922829303802197
1310500844,56151.6,-59.0,911.0,-350.0,0.56,-0.839,-0.56,977.7024087113624,1.1537421722378012
1310693144,56343.9,-61.0,910.0,-351.0,0.56,-0.769,-0.629,977.2522703989999,1.1404393890075877
1310885444,56536.2,-57.0,910.0,-351.0,0.419,-0.769,-0.49,977.0107471261512,1.0035048579852517
1311077744,56728.5,-58.0,910.0,-349.0,0.419,-0.839,-0.629,976.3529075083455,1.1292134430655703
1311270044,56920.8,-59.0,910.0,-349.0,0.419,-0.769,-0.49,976.4128225294872,1.0035048579852517
1311462344,57113.1,-57.0,910.0,-350.0,0.56,-0.839,-0.699,976.6519339048073,1.2272416225014535
1311654644,57305.4,-60.0,911.0,-351.0,0.419,-0.769,-0.629,978.1216693234028,1.0782221477970113
1311846944,57497.7,-61.0,912.0,-351.0,0.419,-0.769,-0.56,979.1149064333563,1.039481601568782
1312039244,57690.0,-58.0,909.0,-350.0,0.49,-0.769,-0.419,975.7791758384681,1.0035048579852517
1312231544,57882.3,-60.0,910.0,-346.0,0.349,-0.769,-0.769,975.4055566788617,1.1421571695699329
1312423844,58074.6,-60.0,909.0,-348.0,0.349,-0.769,-0.49,975.1845979095446,0.9763513711774056
1312616144,58266.9,-54.0,911.0,-348.0,0.419,-0.839,-0.629,976.699032455751,1.1292134430655703
1312808444,58459.2,-72.0,910.0,-349.0,0.56,-0.699,-0.91,977.2845031002998,1.2768324087365577
1313000744,58651.5,-63.0,911.0,-354.0,0.629,-0.769,-0.209,979.3906268695857,1.0152255906940093
1313193044,58843.8,-49.0,912.0,-352.0,0.699,-0.839,-0.49,978.7997752349559,1.1969218855046473
1313385344,59036.1,-70.0,909.0,-355.0,0.629,-0.699,-0.98,978.3690510231811,1.3581759827062176
1313577644,59228.4,-68.0,909.0,-355.0,0.629,-0.839,-0.769,978.2279897856123,1.300354951542078
1313769944,59420.7,-60.0,908.0,-355.0,0.56,-0.839,-0.349,976.7747949246029,1.0673902753913396
1313962244,59613.0,-55.0,908.0,-353.0,0.56,-0.769,-0.56,975.7550922234534,1.1038845048282906
1314154544,59805.3,-76.0,909.0,-350.0,0.49,-0.56,-0.91,977.0143294752642,1.1754998936622667
1314346844,59997.6,-50.0,910.0,-349.0,0.349,-1.049,-0.419,975.9103442427486,1.1822702736684196
1314539144,60189.9,-69.0,908.0,-352.0,0.419,-0.56,-0.629,976.2832580762614,0.940639144411926
1314731444,60382.2,-54.0,911.0,-351.0,0.28,-0.839,-0.49,977.7719570533817,1.0111483570673494
1314923744,60574.5,-53.0,913.0,-350.0,0.419,-0.699,-0.49,979.223161490781,0.9509269162243752
1315116044,60766.8,-67.0,911.0,-351.0,0.419,-0.699,-0.629,978.5760062458102,1.0294673379957229
1315308344,60959.1,-63.0,909.0,-351.0,0.349,-0.769,-0.349,976.448155305749,0.9137630984013306
1315500644,61151.4,-68.0,909.0,-353.0,0.419,-0.629,-0.49,977.5039641863351,0.9007230428938742
1315692944,61343.7,-55.0,910.0,-352.0,0.28,-0.98,-0.699,977.2558518627555,1.2358806576688544
1315885244,61536.0,-75.0,908.0,-357.0,0.49,-0.56,-0.56,978.5387064393518,0.931289428695505
1316077544,61728.3,-56.0,911.0,-354.0,0.419,-0.91,-0.209,978.9652700683513,1.0233972835609835
1316269844,61920.6,-55.0,910.0,-351.0,0.349,-0.839,-0.349,976.8961050183382,0.9734079309313233
1316462144,62112.9,-61.0,910.0,-350.0,0.209,-0.699,-0.699,976.8935458892131,1.0103875494086416
1316654444,62305.2,-58.0,909.0,-351.0,0.349,-0.839,-0.349,976.1383098721205,0.9734079309313233
1316846744,62497.5,-49.0,910.0,-350.0,0.419,-0.91,-0.49,976.2177011302346,1.1152403328431053
1317039044,62689.8,-59.0,909.0,-349.0,0.419,-0.699,-0.56,975.4809070402147,0.9888184868821982
1317231344,62882.1,-60.0,909.0,-349.0,0.419,-0.839,-0.629,975.5419006890478,1.1292134430655703
1317423644,63074.4,-58.0,908.0,-352.0,0.419,-0.839,-0.419,975.5675271348467,1.0271528610679133
1317615944,63266.7,-46.0,910.0,-348.0,0.349,-0.91,-0.839,975.3563451375093,1.2860101088249656
1317808244,63459.0,-71.0,911.0,-350.0,0.56,-0.839,-1.19,978.4998722534408,1.5600067307547105
1318000544,63651.3,-61.0,907.0,-354.0,0.419,-0.839,-0.07,975.5439508294846,0.9404158654552782
1318192844,63843.6,-54.0,909.0,-353.0,0.56,-0.769,-0.49,976.6299196727489,1.0700752310001387
1318385144,64035.9,-63.0,908.0,-355.0,0.56,-0.769,-0.629,976.9636636026951,1.1404393890075877
1318577444,64228.2,-66.0,910.0,-355.0,0.56,-0.769,-0.769,979.0204287960491,1.2232424126067571
1318769744,64420.5,-65.0,910.0,-357.0,0.56,-0.839,-0.629,979.6805601827567,1.1887649052693303
1318962044,64612.8,-68.0,907.0,-355.0,0.419,-0.769,-0.629,976.3698069891346,1.0782221477970113
1319154344,64805.1,-56.0,908.0,-354.0,0.419,-0.769,-0.349,976.1741647882308,0.9427210616083636
1319346644,64997.4,-73.0,909.0,-353.0,0.419,-0.699,-1.259,977.8645100421633,1.4997476454390586
1319538944,65189.7,-67.0,907.0,-356.0,0.419,-0.91,-0.209,976.6647326488246,1.0233972835609835
1319731244,65382.0,-67.0,910.0,-357.0,0.56,-0.49,-1.049,979.8152887151741,1.2861185792919718
1319923544,65574.3,-83.0,906.0,-357.0,0.56,-0.699,-0.839,977.3300363746118,1.2272416225014535
1320115844,65766.6,-61.0,907.0,-358.0,0.419,-0.91,0.0,977.0025588502826,1.0018288276946317
1320308144,65958.9,-63.0,910.0,-357.0,0.699,-0.839,-1.049,979.5498966362051,1.5142400734361774
1320500444,66151.2,-70.0,909.0,-356.0,0.49,-0.699,-0.56,978.7323433911847,1.020931437462869
1320692744,66343.5,-60.0,910.0,-355.0,0.419,-0.769,-0.07,978.6342524150685,0.878534006171645
1320885044,66535.8,-51.0,909.0,-353.0,0.209,-0.769,-0.349,976.4686374891925,0.8699672407625473
1321077344,66728.1,-72.0,909.0,-350.0,0.209,-0.56,-1.049,976.7113186607392,1.2073450211103702
1321269644,66920.4,-55.0,910.0,-352.0,0.209,-0.98,0.28,977.2558518627555,1.040423471476879
1321461944,67112.7,-45.0,909.0,-349.0,0.419,-0.629,-0.28,974.7343227772376,0.8059789079126078
1321654244,67305.0,-67.0,908.0,-350.0,0.349,-0.629,-0.839,975.4245229642322,1.1051529305937706
1321846544,67497.3,-63.0,906.0,-353.0,0.49,-0.98,-0.56,974.3787764519504,1.2304877081872863
1322038844,67689.6,-57.0,909.0,-355.0,0.49,-0.699,-0.49,977.5249357433293,0.9842768919364103
1322231144,67881.9,-63.0,909.0,-353.0,0.49,-0.769,-0.699,977.1688697456545,1.1489395110274518
1322423444,68074.2,-59.0,909.0,-355.0,0.419,-0.91,-0.49,977.6435955909495,1.1152403328431053
1322615744,68266.5,-64.0,909.0,-356.0,0.49,-0.769,-0.699,978.321521791277,1.1489395110274518
1322808044,68458.8,-67.0,906.0,-357.0,0.419,-0.769,-0.49,976.1014291558024,1.0035048579852517
1323000344,68651.1,-52.0,913.0,-356.0,0.56,-0.91,-0.839,981.3302196508574,1.3585363447475374
1323192644,68843.4,-69.0,904.0,-355.0,0.419,-0.629,-0.49,973.6539426305426,0.9007230428938742
1323384944,69035.7,-53.0,912.0,-351.0,0.419,-0.98,-0.91,978.6490688699397,1.4014496066573354
1323577244,69228.0,-67.0,907.0,-354.0,0.349,-0.769,-0.629,975.9374979987192,1.052997150993297
1323769544,69420.3,-61.0,909.0,-353.0,0.419,-0.769,-0.56,977.0419642983611,1.039481601568782
1323961844,69612.6,-62.0,908.0,-356.0,0.49,-0.699,-0.56,977.2635263837487,1.020931437462869
1324154144,69804.9,-63.0,908.0,-355.0,0.49,-0.839,-0.629,976.9636636026951,1.1574376873076149
1324346444,69997.2,-63.0,908.0,-357.0,0.49,-0.839,-0.629,977.6921805967356,1.1574376873076149
1324538744,70189.5,-69.0,908.0,-356.0,0.419,-0.769,-0.56,977.7325810261209,1.039481601568782
1324731044,70381.8,-62.0,908.0,-354.0,0.419,-0.839,-0.769,976.5367376601865,1.2127831628118853
1324923344,70574.1,-62.0,909.0,-359.0,0.56,-0.769,-0.699,979.288517240961,1.1804922701991742
1325115644,70766.4,-60.0,908.0,-356.0,0.49,-0.769,-0.629,977.1386800244886,1.107746360860644
1325307944,70958.7,-63.0,907.0,-357.0,0.56,-0.769,-0.56,976.7635333078318,1.1038845048282906
1325500244,71151.0,-69.0,906.0,-356.0,0.419,-0.629,-0.839,975.8755043549356,1.1292134430655703
1325692544,71343.3,-56.0,906.0,-357.0,0.349,-0.98,-0.28,975.4081197119491,1.0773119325432166
1325884844,71535.6,-76.0,907.0,-359.0,0.629,-0.629,-0.98,978.4201551480836,1.3235112390909267
1326077144,71727.9,-74.0,906.0,-359.0,0.419,-0.839,-0.699,977.3397566864862,1.1696508025902432
1326269444,71920.2,-64.0,905.0,-357.0,0.419,-0.839,-0.49,974.9717944638194,1.0581030195590597
1326461744,72112.5,-59.0,909.0,-356.0,0.56,-0.839,-0.56,978.007157438022,1.1537421722378012
1326654044,72304.8,-54.0,908.0,-356.0,0.419,-0.769,-0.209,976.788615822277,0.900334937675974
1326846344,72497.1,-54.0,909.0,-353.0,0.28,-0.699,-0.769,976.6299196727489,1.0762722703851475
1327038644,72689.4,-62.0,907.0,-353.0,0.28,-0.769,-0.28,975.2445847068313,0.8649630049892307
1327230944,72881.7,-60.0,909.0,-352.0,0.419,-0.839,-0.56,976.6191683558131,1.0922829303802197
1327423244,73074.0,-68.0,907.0,-356.0,0.419,-0.769,-0.629,976.7338429684926,1.0782221477970113
1327615544,73266.3,-61.0,905.0,-354.0,0.419,-0.839,-0.49,973.6847539116549,1.0581030195590597
1327807844,73458.6,-62.0,911.0,-358.0,0.56,-0.769,-1.049,980.7797917983424,1.416108046725249
1328000144,73650.9,-76.0,905.0,-359.0,0.629,-0.699,-0.839,976.5664339920761,1.260223392895085
1328192444,73843.2,-57.0,908.0,-360.0,0.56,-0.839,-0.07,978.4237323368644,1.0111483570673494
1328384744,74035.5,-69.0,907.0,-361.0,0.629,-0.56,-0.699,978.6373179068945,1.0944596840450542
1328577044,74227.8,-64.0,908.0,-361.0,0.349,-0.839,-0.209,979.2246933160949,0.9324178247974455
1328769344,74420.1,-67.0,908.0,-359.0,0.28,-0.769,-0.699,978.6899406860173,1.0762722703851475
1328961644,74612.4,-64.0,906.0,-357.0,0.209,-0.56,-0.07,975.9000973460347,0.6018147555519058
1329153944,74804.7,-47.0,911.0,-353.0,0.14,-0.91,-0.629,978.1303594102372,1.1150520167238835
1329346244,74997.0,-69.0,908.0,-355.0,0.28,-0.699,-0.699,977.3689170420757,1.027424936430881
1329538544,75189.3,-62.0,909.0,-353.0,0.349,-0.91,-0.629,977.1049073666553,1.1599749997305977
1329730844,75381.6,-74.0,909.0,-355.0,0.49,-0.839,-0.91,978.6633741997297,1.3312103515222529
1329923144,75573.9,-69.0,907.0,-359.0,0.56,-0.699,0.14,977.9013242653882,0.9065324042746624
1330115444,75766.2,-57.0,910.0,-357.0,0.28,-0.769,-0.56,979.1823119317464,0.9916456020171723
1330307744,75958.5,-69.0,904.0,-357.0,0.349,-0.629,-0.56,974.3849342020842,0.9116150503364894
1330500044,76150.8,-55.0,908.0,-352.0,0.209,-0.839,-0.419,975.3937666399145,0.9608137176372951
1330692344,76343.1,-64.0,908.0,-355.0,0.349,-0.769,-0.769,977.0286587403667,1.1421571695699329
1330884644,76535.4,-64.0,905.0,-355.0,0.419,-0.839,-0.56,974.2412432246954,1.0922829303802197
1331076944,76727.7,-54.0,913.0,-354.0,0.49,-0.91,-0.629,980.7145354281234,1.2098929704730084
1331269244,76920.0,-65.0,909.0,-357.0,0.419,-0.56,-0.349,978.7517560648358,0.7816405823650663
1331461544,77112.3,-61.0,908.0,-356.0,0.28,-0.699,-0.56,977.2005935323617,0.9384034313662755
1331653844,77304.6,-65.0,907.0,-359.0,0.209,-0.699,-0.209,977.6272295716809,0.7589222621586482
1331846144,77496.9,-56.0,912.0,-355.0,0.14,-0.91,-0.49,980.2576192001774,1.0429765098025938
1332038444,77689.2,-70.0,909.0,-355.0,0.14,-0.629,-0.629,978.3690510231811,0.9004898666836846
1332230744,77881.5,-62.0,908.0,-353.0,0.209,-0.769,-0.56,976.1746769917769,0.9739825460448457
1332423044,78073.8,-64.0,908.0,-356.0,0.419,-0.769,-0.49,977.3924493262673,1.0035048579852517
1332615344,78266.1,-66.0,906.0,-355.0,0.49,-0.769,-0.769,975.3035424933101,1.192821025971625
1332807644,78458.4,-68.0,906.0,-356.0,0.49,-0.769,-0.699,975.80530845041,1.1489395110274518
1332999944,78650.7,-56.0,909.0,-356.0,0.56,-0.91,-0.769,977.8307624532989,1.3164577471381298
1333192244,78843.0,-82.0,909.0,-357.0,0.629,-0.769,-1.12,980.0275506331442,1.4971312567707618
1333384544,79035.3,-66.0,905.0,-359.0,0.56,-0.839,-0.28,975.8391260858523,1.0468624551487171
1333576844,79227.6,-71.0,904.0,-358.0,0.629,-0.699,-0.769,974.8953790022804,1.2147440059535177
1333769144,79419.9,-71.0,904.0,-359.0,0.56,-0.699,-0.07,975.2630414406157,0.8983880008103403
1333961444,79612.2,-53.0,910.0,-357.0,0.419,-1.049,-0.91,978.9576088881479,1.4505385206880925
1334153744,79804.5,-83.0,906.0,-357.0,0.49,-0.629,-0.91,977.3300363746118,1.2098929704730084
1334346044,79996.8,-56.0,912.0,-356.0,0.349,-0.699,-0.14,980.62021190673,0.7937266531999538
1334538344,80189.1,-57.0,912.0,-358.0,0.349,-0.98,-0.91,981.4056246017749,1.3821363897966077
1334730644,80381.4,-66.0,905.0,-359.0,0.49,-0.629,-0.419,975.8391260858523,0.9007230428938742
1334922944,80573.7,-51.0,910.0,-355.0,0.28,-0.98,-0.839,978.1237140566627,1.3201215853094743
1335115244,80766.0,-80.0,907.0,-358.0,0.49,-0.699,-1.049,978.372628398812,1.3524429747682525
1335307544,80958.3,-59.0,907.0,-357.0,0.349,-0.98,-0.349,976.5136967805419,1.0972702493005084
1335499844,81150.6,-64.0,907.0,-358.0,0.49,-0.769,-0.769,977.194453524988,1.192821025971625
1335692144,81342.9,-67.0,908.0,-360.0,0.419,-0.91,-0.839,979.0571995547554,1.3067448105885096
1335884444,81535.2,-66.0,907.0,-361.0,0.49,-0.629,-0.209,978.4303756527595,0.8242705866400911
1336076744,81727.5,-74.0,908.0,-361.0,0.49,-0.839,-0.91,979.9290790664394,1.3312103515222529
1336269044,81919.8,-64.0,907.0,-362.0,0.49,-0.91,-0.419,978.6669504995048,1.1152403328431053
1336461344,82112.1,-71.0,907.0,-360.0,0.56,-0.629,-0.699,978.4119786674731,1.0944596840450542
1336653644,82304.4,-65.0,908.0,-358.0,0.419,-0.769,-0.56,978.1886321155035,1.039481601568782
1336845944,82496.7,-73.0,907.0,-359.0,0.49,-0.769,-0.629,978.1916990038302,1.107746360860644
1337038244,82689.0,-67.0,907.0,-360.0,0.56,-0.839,-0.49,978.129848230796,1.12143702453593
1337230544,82881.3,-58.0,907.0,-357.0,0.49,-0.839,-0.349,976.4537879490252,1.0323865555110643
1337422844,83073.6,-75.0,904.0,-361.0,0.49,-0.629,-0.699,976.3001587626625,1.0603499422360525
1337615144,83265.9,-61.0,907.0,-363.0,0.56,-0.91,-0.28,978.8457488286906,1.104581368664165
1337807444,83458.2,-71.0,905.0,-364.0,0.49,-0.629,-0.419,978.0398764876614,0.9007230428938742
1337999744,83650.5,-67.0,905.0,-364.0,0.419,-0.769,-0.349,977.7576386814884,0.9427210616083636
1338192044,83842.8,-61.0,906.0,-362.0,0.349,-0.629,-0.209,977.548464271721,0.7490814374952832
1338384344,84035.1,-62.0,909.0,-358.0,0.28,-0.769,-0.49,978.9223666869606,0.9538663428384503
1338576644,84227.4,-69.0,907.0,-358.0,0.209,-0.699,-0.49,977.5346541171826,0.8788526611440622
1338768944,84419.7,-61.0,907.0,-356.0,0.209,-0.769,-0.28,976.2714786369619,0.8446549591401213
1338961244,84612.0,-65.0,908.0,-357.0,0.349,-0.769,-0.769,977.8230923843024,1.1421571695699329
1339153544,84804.3,-69.0,906.0,-357.0,0.419,-0.769,-0.49,976.2407489958612,1.0035048579852517
1339345844,84996.6,-61.0,909.0,-357.0,0.419,-0.91,-0.629,978.4942513883258,1.1829209610113434
1339538144,85188.9,-71.0,907.0,-359.0,0.419,-0.699,-0.629,978.0444775162324,1.0294673379957229
1339730444,85381.2,-65.0,907.0,-358.0,0.419,-0.839,-0.56,977.2604565825837,1.0922829303802197
1339922744,85573.5,-66.0,908.0,-359.0,0.419,-0.839,-0.56,978.6219903517394,1.0922829303802197
1340115044,85765.8,-65.0,907.0,-358.0,0.349,-0.769,-0.49,977.2604565825837,0.9763513711774056
1340307344,85958.1,-65.0,908.0,-358.0,0.419,-0.769,-0.49,978.1886321155035,1.0035048579852517
1340499644,86150.4,-63.0,908.0,-358.0,0.419,-0.839,-0.56,978.0577692549658,1.0922829303802197
1340691944,86342.7,-63.0,907.0,-358.0,0.419,-0.769,-0.419,977.1294694153892,0.9708156364624542
1340884244,86535.0,-65.0,907.0,-358.0,0.349,-0.769,-0.56,977.2604565825837,1.0132926526922021
1341076544,86727.3,-65.0,907.0,-358.0,0.349,-0.769,-0.629,977.2604565825837,1.052997150993297
1341268844,86919.6,-66.0,907.0,-359.0,0.419,-0.769,-0.629,977.694226228221,1.0782221477970113
1341461144,87111.9,-65.0,906.0,-359.0,0.419,-0.769,-0.49,976.6995443840444,1.0035048579852517
1341653444,87304.2,-66.0,907.0,-360.0,0.49,-0.769,-0.699,978.0618589843896,1.1489395110274518
1341845744,87496.5,-67.0,906.0,-361.0,0.419,-0.769,-0.56,977.5714807624043,1.039481601568782
1342038044,87688.8,-66.0,908.0,-360.0,0.419,-0.769,-0.419,978.989274711424,0.9708156364624542
1342230344,87881.1,-65.0,907.0,-359.0,0.419,-0.699,-0.629,977.6272295716809,1.0294673379957229
1342422644,88073.4,-64.0,907.0,-359.0,0.349,-0.839,-0.56,977.5612512778931,1.0673902753913396
1342614944,88265.7,-64.0,907.0,-358.0,0.349,-0.839,-0.49,977.194453524988,1.0323865555110643
1342807244,88458.0,-66.0,907.0,-359.0,0.28,-0.769,-0.56,977.694226228221,0.9916456020171723
1342999544,88650.3,-64.0,907.0,-360.0,0.419,-0.769,-0.49,977.9289340233266,1.0035048579852517
1343191844,88842.6,-66.0,907.0,-360.0,0.419,-0.769,-0.56,978.0618589843896,1.039481601568782
1343384144,89034.9,-65.0,906.0,-359.0,0.419,-0.91,-0.56,976.6995443840444,1.147719913567766
1343576444,89227.2,-65.0,907.0,-359.0,0.419,-0.769,-0.629,977.6272295716809,1.0782221477970113
1343768744,89419.5,-66.0,906.0,-359.0,0.349,-0.839,-0.629,976.7666046707371,1.1051529305937706
1343961044,89611.8,-65.0,907.0,-359.0,0.419,-0.839,-0.629,977.6272295716809,1.1292134430655703
1344153344,89804.1,-68.0,907.0,-360.0,0.49,-0.699,-0.699,978.1988550391991,1.1033140985231722
1344345644,89996.4,-66.0,907.0,-360.0,0.419,-0.839,-0.56,978.0618589843896,1.0922829303802197
1344537944,90188.7,-66.0,906.0,-359.0,0.419,-0.839,-0.629,976.7666046707371,1.1292134430655703
1344730244,90381.0,-69.0,907.0,-360.0,0.419,-0.769,-0.699,978.2688791942633,1.1205012271300732
1344922544,90573.3,-68.0,906.0,-360.0,0.419,-0.839,-0.56,977.271712473046,1.0922829303802197
1345114844,90765.6,-67.0,906.0,-360.0,0.419,-0.839,-0.56,977.2026401929131,1.0922829303802197
1345307144,90957.9,-68.0,906.0,-361.0,0.349,-0.769,-0.49,977.6405269832056,0.9763513711774056
1345499444,91150.2,-66.0,907.0,-360.0,0.419,-0.769,-0.49,978.0618589843896,1.0035048579852517
1345691744,91342.5,-66.0,907.0,-360.0,0.419,-0.769,-0.629,978.0618589843896,1.0782221477970113
1345884044,91534.8,-68.0,907.0,-360.0,0.419,-0.769,-0.49,978.1988550391991,1.0035048579852517
1346076344,91727.1,-65.0,906.0,-359.0,0.349,-0.769,-0.56,976.6995443840444,1.0132926526922021
1346268644,91919.4,-65.0,907.0,-359.0,0.419,-0.769,-0.56,977.6272295716809,1.039481601568782
1346460944,92111.7,-67.0,907.0,-359.0,0.419,-0.769,-0.56,977.762241038178,1.039481601568782
1346653244,92304.0,-67.0,907.0,-359.0,0.419,-0.769,-0.56,977.762241038178,1.039481601568782
1346845544,92496.3,-67.0,907.0,-360.0,0.349,-0.769,-0.56,978.129848230796,1.0132926526922021
1347037844,92688.6,-66.0,906.0,-360.0,0.49,-0.769,-0.56,977.134586431163,1.0700752310001387
1347230144,92880.9,-65.0,906.0,-360.0,0.349,-0.769,-0.56,977.0675514006184,1.0132926526922021
1347422444,93073.2,-68.0,906.0,-360.0,0.49,-0.699,-0.629,977.271712473046,1.0603499422360525
1347614744,93265.5,-67.0,907.0,-360.0,0.419,-0.839,-0.56,978.129848230796,1.0922829303802197
1347807044,93457.8,-67.0,907.0,-361.0,0.419,-0.839,-0.49,978.4983392934298,1.0581030195590597
1347999344,93650.1,-66.0,906.0,-361.0,0.349,-0.769,-0.56,977.5034526793243,1.0132926526922021
1348191644,93842.4,-66.0,907.0,-361.0,0.419,-0.699,-0.56,978.4303756527595,0.9888184868821982
1348383944,94034.7,-66.0,907.0,-361.0,0.419,-0.839,-0.49,978.4303756527595,1.0581030195590597
1348576244,94227.0,-65.0,907.0,-360.0,0.419,-0.769,-0.49,977.9948875121996,1.0035048579852517
1348768544,94419.3,-68.0,906.0,-360.0,0.419,-0.699,-0.56,977.271712473046,0.9888184868821982
1348960844,94611.6,-62.0,906.0,-359.0,0.419,-0.839,-0.419,976.5044802764604,1.0271528610679133
1349153144,94803.9,-66.0,906.0,-360.0,0.419,-0.769,-0.629,977.134586431163,1.0782221477970113
1349345444,94996.2,-62.0,908.0,-359.0,0.419,-0.769,-0.419,978.3603630564762,0.9708156364624542
1349537744,95188.5,-66.0,907.0,-358.0,0.419,-0.699,-0.629,977.3274783817346,1.0294673379957229
1349730044,95380.8,-68.0,905.0,-360.0,0.419,-0.769,-0.629,976.3447137153968,1.0782221477970113
1349922344,95573.1,-66.0,906.0,-361.0,0.49,-0.769,-0.629,977.5034526793243,1.107746360860644
1350114644,95765.4,-67.0,906.0,-361.0,0.56,-0.769,-0.56,977.5714807624043,1.1038845048282906
1350306944,95957.7,-64.0,907.0,-359.0,0.49,-0.839,-0.699,977.5612512778931,1.1969218855046473
1350499244,96150.0,-65.0,908.0,-363.0,0.56,-0.769,-0.56,980.0295913899743,1.1038845048282906
1350691544,96342.3,-66.0,906.0,-360.0,0.56,-0.699,-0.419,977.134586431163,0.9888184868821982
1350883844,96534.6,-74.0,906.0,-358.0,0.49,-0.699,-0.91,976.9728757749623,1.2477183175701156
1351076144,96726.9,-67.0,906.0,-362.0,0.349,-0.91,-0.349,977.941204776647,1.0352304091360531
1351268444,96919.2,-61.0,906.0,-361.0,0.49,-0.839,-0.56,977.1785916607056,1.12143702453593
1351460744,97111.5,-71.0,904.0,-362.0,0.419,-0.699,-0.629,976.3713432910656,1.0294673379957229
1351653044,97303.8,-73.0,906.0,-362.0,0.349,-0.839,-0.49,978.3705841857675,1.0323865555110643
1351845344,97496.1,-66.0,906.0,-362.0,0.419,-0.769,-0.56,977.8732024143007,1.039481601568782
1352037644,97688.4,-66.0,906.0,-361.0,0.419,-0.839,-0.56,977.5034526793243,1.0922829303802197
1352229944,97880.7,-65.0,905.0,-360.0,0.349,-0.839,-0.56,976.140358759948,1.0673902753913396
1352422244,98073.0,-65.0,905.0,-360.0,0.349,-0.769,-0.49,976.140358759948,0.9763513711774056
1352614544,98265.3,-58.0,906.0,-358.0,0.349,-0.839,-0.49,975.891387399233,1.0323865555110643
1352806844,98457.6,-70.0,906.0,-359.0,0.419,-0.839,-0.769,977.0450347860123,1.2127831628118853
1352999144,98649.9,-61.0,907.0,-360.0,0.349,-0.839,-0.56,977.7371835007606,1.0673902753913396
1353191444,98842.2,-71.0,905.0,-360.0,0.56,-0.769,-0.91,976.5582419907171,1.3164577471381298
1353383744,99034.5,-66.0,905.0,-362.0,0.49,-0.839,-0.49,976.9467743945931,1.0881732398841646
1353576044,99226.8,-69.0,906.0,-361.0,0.56,-0.699,-0.699,977.7105911260244,1.1361346751155867
1353768344,99419.1,-72.0,907.0,-361.0,0.49,-0.839,-0.56,978.8534108843877,1.12143702453593
1353960644,99611.4,-72.0,906.0,-362.0,0.49,-0.839,-0.629,978.2964785789633,1.1574376873076149
1354152944,99803.7,-71.0,906.0,-361.0,0.419,-0.839,-0.629,977.8537722993148,1.1292134430655703
1354345244,99996.0,-69.0,907.0,-361.0,0.49,-0.769,-0.56,978.6373179068945,1.0700752310001387
1354537544,100188.3,-73.0,906.0,-362.0,0.49,-0.769,-0.49,978.3705841857675,1.03516230611436
1354729844,100380.6,-64.0,907.0,-360.0,0.419,-0.91,-0.49,977.9289340233266,1.1152403328431053
1354922144,100572.9,-70.0,906.0,-361.0,0.49,-0.769,-0.629,977.7816729720392,1.107746360860644
1355114444,100765.2,-66.0,906.0,-360.0,0.349,-0.91,-0.56,977.134586431163,1.1240556036068678
1355306744,100957.5,-66.0,907.0,-361.0,0.419,-0.769,-0.56,978.4303756527595,1.039481601568782
1355499044,101149.8,-70.0,904.0,-361.0,0.419,-0.699,-0.56,975.92878838571,0.9888184868821982
1355691344,101342.1,-67.0,906.0,-361.0,0.49,-0.769,-0.49,977.5714807624043,1.03516230611436
1355883644,101534.4,-68.0,905.0,-361.0,0.419,-0.839,-0.699,976.7138782673255,1.1696508025902432
1356075944,101726.7,-71.0,906.0,-361.0,0.49,-0.699,-0.629,977.8537722993148,1.0603499422360525
1356268244,101919.0,-66.0,906.0,-362.0,0.419,-0.769,-0.419,977.8732024143007,0.9708156364624542
1356460544,102111.3,-68.0,906.0,-361.0,0.49,-0.769,-0.56,977.6405269832056,1.0700752310001387
1356652844,102303.6,-69.0,904.0,-360.0,0.419,-0.699,-0.419,975.48808296155,0.9163640106420592
1356845144,102495.9,-69.0,907.0,-360.0,0.349,-0.839,-0.629,978.2688791942633,1.1051529305937706
1357037444,102688.2,-68.0,906.0,-361.0,0.28,-0.839,-0.419,977.6405269832056,0.9787144629563823
1357229744,102880.5,-65.0,905.0,-361.0,0.349,-0.769,-0.629,976.5096005672448,1.052997150993297
1357422044,103072.8,-68.0,906.0,-362.0,0.349,-0.699,-0.56,978.0102248954252,0.9612502275682435
1357614344,103265.1,-70.0,905.0,-361.0,0.349,-0.769,-0.56,976.8551581478188,1.0132926526922021
1357806644,103457.4,-68.0,906.0,-362.0,0.419,-0.769,-0.49,978.0102248954252,1.0035048579852517
1357998944,103649.7,-71.0,905.0,-363.0,0.419,-0.769,-0.56,977.6681441061686,1.039481601568782
1358191244,103842.0,-68.0,907.0,-361.0,0.349,-0.769,-0.49,978.5673201165058,0.9763513711774056
1358383544,104034.3,-67.0,906.0,-361.0,0.49,-0.769,-0.56,977.5714807624043,1.0700752310001387
1358575844,104226.6,-68.0,905.0,-361.0,0.349,-0.769,-0.56,976.7138782673255,1.0132926526922021
1358768144,104418.9,-66.0,906.0,-360.0,0.419,-0.769,-0.56,977.134586431163,1.039481601568782
1358960444,104611.2,-65.0,906.0,-360.0,0.349,-0.769,-0.56,977.0675514006184,1.0132926526922021
1359152744,104803.5,-67.0,906.0,-360.0,0.49,-0.769,-0.56,977.2026401929131,1.0700752310001387
1359345044,104995.8,-67.0,906.0,-360.0,0.419,-0.769,-0.56,977.2026401929131,1.039481601568782
1359537344,105188.1,-64.0,907.0,-361.0,0.419,-0.839,-0.629,978.2975007634436,1.1292134430655703
1359729644,105380.4,-70.0,904.0,-363.0,0.419,-0.769,-0.629,976.6703640430583,1.0782221477970113
1359921944,105572.7,-66.0,906.0,-362.0,0.419,-0.769,-0.49,977.8732024143007,1.0035048579852517
1360114244,105765.0,-65.0,905.0,-362.0,0.349,-0.769,-0.56,976.8797264760898,1.0132926526922021
1360306544,105957.3,-70.0,905.0,-362.0,0.419,-0.839,-0.56,977.2251531760734,1.0922829303802197
1360498844,106149.6,-66.0,906.0,-361.0,0.349,-0.769,-0.56,977.5034526793243,1.0132926526922021
1360691144,106341.9,-70.0,905.0,-362.0,0.419,-0.769,-0.629,977.2251531760734,1.0782221477970113
1360883444,106534.2,-70.0,905.0,-362.0,0.49,-0.769,-0.629,977.2251531760734,1.107746360860644
1361075744,106726.5,-66.0,905.0,-363.0,0.419,-0.91,-0.629,977.3177579477414,1.1829209610113434
1361268044,106918.8,-69.0,905.0,-363.0,0.419,-0.769,-0.629,977.5249357433293,1.0782221477970113
1361460344,107111.1,-73.0,904.0,-363.0,0.49,-0.769,-0.56,976.889963097175,1.0700752310001387
1361652644,107303.4,-65.0,906.0,-363.0,0.49,-0.839,-0.419,978.1768756211732,1.0581030195590597
1361844944,107495.7,-75.0,904.0,-363.0,0.419,-0.699,-0.629,977.0414525494812,1.0294673379957229
1362037244,107688.0,-64.0,907.0,-362.0,0.349,-0.91,-0.49,978.6669504995048,1.0908716698127237
1362229544,107880.3,-68.0,906.0,-362.0,0.419,-0.839,-0.56,978.0102248954252,1.0922829303802197
1362421844,108072.6,-69.0,906.0,-360.0,0.49,-0.769,-0.699,977.3418030556147,1.1489395110274518
1362614144,108264.9,-68.0,905.0,-363.0,0.49,-0.769,-0.49,977.4548582926989,1.03516230611436
1362806444,108457.2,-62.0,906.0,-363.0,0.56,-0.769,-0.419,977.9821061757725,1.039481601568782
1362998744,108649.5,-71.0,905.0,-363.0,0.49,-0.629,-0.56,977.6681441061686,0.9743413159668433
1363191044,108841.8,-72.0,904.0,-364.0,0.419,-0.769,-0.349,977.187801806797,0.9427210616083636
1363383344,109034.1,-63.0,905.0,-364.0,0.419,-0.839,-0.419,977.4916879441994,1.0271528610679133
1363575644,109226.4,-67.0,904.0,-363.0,0.49,-0.769,-0.699,976.4599326137248,1.1489395110274518
1363767944,109418.7,-74.0,905.0,-364.0,0.349,-0.699,-0.56,978.262234781656,0.9612502275682435
1363960244,109611.0,-66.0,905.0,-363.0,0.419,-0.839,-0.49,977.3177579477414,1.0581030195590597
1364152544,109803.3,-71.0,905.0,-363.0,0.419,-0.839,-0.699,977.6681441061686,1.1696508025902432
1364344844,109995.6,-70.0,906.0,-362.0,0.49,-0.769,-0.56,978.1513175373226,1.0700752310001387
1364537144,110187.9,-71.0,905.0,-362.0,0.49,-0.839,-0.56,977.2972935601531,1.12143702453593
1364729444,110380.2,-67.0,906.0,-362.0,0.419,-0.769,-0.629,977.941204776647,1.0782221477970113
1364921744,110572.5,-73.0,906.0,-362.0,0.419,-0.769,-0.699,978.3705841857675,1.1205012271300732
1365114044,110764.8,-72.0,905.0,-363.0,0.419,-0.769,-0.49,977.7412745711414,1.0035048579852517
1365306344,110957.1,-66.0,906.0,-362.0,0.49,-0.769,-0.56,977.8732024143007,1.0700752310001387
1365498644,111149.4,-75.0,905.0,-363.0,0.49,-0.769,-0.699,977.9667683515631,1.1489395110274518
1365690944,111341.7,-68.0,905.0,-363.0,0.349,-0.769,-0.49,977.4548582926989,0.9763513711774056
1365883244,111534.0,-67.0,906.0,-364.0,0.49,-0.769,-0.56,978.6832991320532,1.0700752310001387
1366075544,111726.3,-69.0,905.0,-364.0,0.349,-0.769,-0.56,977.8967225632776,1.0132926526922021
1366267844,111918.6,-71.0,905.0,-363.0,0.28,-0.769,-0.56,977.6681441061686,0.9916456020171723
1366460144,112110.9,-66.0,904.0,-362.0,0.349,-0.839,-0.629,976.0204915881633,1.1051529305937706
1366652444,112303.2,-74.0,905.0,-362.0,0.349,-0.769,-0.769,977.5198207709141,1.1421571695699329
1366844744,112495.5,-69.0,904.0,-363.0,0.28,-0.769,-0.349,976.5992013103431,0.8896977014694373
1367037044,112687.8,-68.0,906.0,-361.0,0.419,-0.769,-0.629,977.6405269832056,1.0782221477970113
1367229344,112880.1,-69.0,906.0,-362.0,0.419,-0.839,-0.699,978.080262555175,1.1696508025902432
1367421644,113072.4,-69.0,905.0,-365.0,0.49,-0.769,-0.629,978.2693903010561,1.107746360860644
1367613944,113264.7,-64.0,907.0,-363.0,0.419,-0.839,-0.699,979.0372822318873,1.1696508025902432
1367806244,113457.0,-72.0,905.0,-364.0,0.56,-0.839,-0.699,978.1129791593607,1.2272416225014535
1367998544,113649.3,-77.0,904.0,-365.0,0.49,-0.839,-0.629,977.9417160546941,1.1574376873076149
1368190844,113841.6,-74.0,906.0,-364.0,0.56,-0.769,-0.699,979.1874182198217,1.1804922701991742
1368383144,114033.9,-71.0,906.0,-364.0,0.349,-0.769,-0.56,978.9652700683513,1.0132926526922021
1368575444,114226.2,-69.0,906.0,-365.0,0.349,-0.839,-0.49,979.1945669783917,1.0323865555110643
1368767744,114418.5,-72.0,905.0,-365.0,0.349,-0.769,-0.49,978.485564533274,0.9763513711774056
1368960044,114610.8,-69.0,905.0,-365.0,0.49,-0.769,-0.419,978.2693903010561,1.0035048579852517
1369152344,114803.1,-61.0,906.0,-361.0,0.419,-0.839,-0.699,977.1785916607056,1.1696508025902432
1369344644,114995.4,-67.0,904.0,-358.0,0.49,-0.839,-1.049,974.6122305819889,1.429832857364804
1369536944,115187.7,-72.0,904.0,-364.0,0.769,-0.91,-1.049,977.187801806797,1.5874073201292729
1369729244,115380.0,-65.0,904.0,-365.0,0.839,-0.91,-0.14,977.0701100739906,1.24564079894647
1369921544,115572.3,-73.0,905.0,-366.0,0.839,-0.699,-0.699,978.9330927085875,1.2965812739662717
1370113844,115764.6,-70.0,903.0,-364.0,0.629,-0.839,-0.629,976.1173085239294,1.2227849361191854
1370306144,115956.9,-66.0,905.0,-363.0,0.49,-0.839,-0.49,977.3177579477414,1.0881732398841646
1370498444,116149.2,-63.0,904.0,-364.0,0.419,-0.769,-0.28,976.5659219940045,0.9194139437707044
1370690744,116341.5,-63.0,906.0,-364.0,0.419,-0.769,-0.699,978.4176000052329,1.1205012271300732
1370883044,116533.8,-75.0,904.0,-362.0,0.419,-0.699,-0.629,976.6703640430583,1.0294673379957229
1371075344,116726.1,-67.0,905.0,-360.0,0.419,-0.91,-0.56,976.2755758493603,1.147719913567766
1371267644,116918.4,-71.0,905.0,-363.0,0.49,-0.769,-0.769,977.6681441061686,1.192821025971625
1371459944,117110.7,-74.0,904.0,-364.0,0.419,-0.769,-0.56,977.3371987190501,1.039481601568782
1371652244,117303.0,-72.0,905.0,-365.0,0.56,-0.699,-0.49,978.485564533274,1.020931437462869
1371844544,117495.3,-71.0,905.0,-363.0,0.56,-0.769,-0.56,977.6681441061686,1.1038845048282906
1372036844,117687.6,-75.0,904.0,-364.0,0.49,-0.699,-0.49,977.4134232759442,0.9842768919364103
1372229144,117879.9,-66.0,905.0,-362.0,0.28,-0.839,-0.49,976.9467743945931,1.0111483570673494
1372421444,118072.2,-71.0,905.0,-363.0,0.349,-0.769,-0.419,977.6681441061686,0.9427210616083636
1372613744,118264.5,-67.0,906.0,-362.0,0.349,-0.769,-0.419,977.941204776647,0.9427210616083636
1372806044,118456.8,-69.0,906.0,-364.0,0.49,-0.699,-0.56,978.8222514838943,1.020931437462869
1372998344,118649.1,-69.0,905.0,-364.0,0.419,-0.839,-0.419,977.8967225632776,1.0271528610679133
1373190644,118841.4,-64.0,905.0,-363.0,0.419,-0.769,-0.349,977.1847317677451,0.9427210616083636
1373382944,119033.7,-73.0,905.0,-362.0,0.49,-0.699,-0.769,977.4446275876705,1.1489395110274518
1373575244,119226.0,-70.0,904.0,-363.0,0.419,-0.839,-0.349,976.6703640430583,1.000641294370765
1373767544,119418.3,-64.0,905.0,-363.0,0.49,-0.839,-0.56,977.1847317677451,1.12143702453593
1373959844,119610.6,-74.0,903.0,-365.0,0.49,-0.699,-0.209,976.7855445285828,0.8788526611440622
1374152144,119802.9,-64.0,907.0,-364.0,0.349,-0.839,-0.419,979.4084949600958,1.000641294370765
1374344444,119995.2,-74.0,906.0,-364.0,0.349,-0.699,-0.56,979.1874182198217,0.9612502275682435
1374536744,120187.5,-66.0,906.0,-361.0,0.209,-0.839,-0.349,977.5034526793243,0.9324178247974455
1374729044,120379.8,-67.0,904.0,-361.0,0.28,-0.839,-0.56,975.7181970220705,1.0468624551487171
1374921344,120572.1,-66.0,905.0,-361.0,0.28,-0.769,-0.49,976.5766738971395,0.9538663428384503
1375113644,120764.4,-64.0,906.0,-362.0,0.349,-0.769,-0.629,977.7402518051509,1.052997150993297
1375305944,120956.7,-73.0,904.0,-363.0,0.419,-0.699,-0.49,976.889963097175,0.9509269162243752
1375498244,121149.0,-70.0,905.0,-363.0,0.49,-0.769,-0.629,977.5960310885064,1.107746360860644
1375690544,121341.3,-70.0,904.0,-364.0,0.56,-0.91,-0.839,977.0424760469731,1.3585363447475374
1375882844,121533.6,-77.0,904.0,-365.0,0.49,-0.699,-0.699,977.9417160546941,1.1033140985231722
1376075144,121725.9,-71.0,903.0,-367.0,0.419,-0.769,-0.419,977.312130283872,0.9708156364624542
1376267444,121918.2,-74.0,905.0,-361.0,0.419,-0.769,-0.769,977.1499373177077,1.1654539887957827
1376459744,122110.5,-72.0,904.0,-363.0,0.49,-0.91,-0.839,976.8157451638461,1.3312103515222529
1376652044,122302.8,-68.0,905.0,-363.0,0.349,-0.839,-0.349,977.4548582926989,0.9734079309313233
1376844344,122495.1,-65.0,905.0,-362.0,0.419,-0.769,-0.629,976.8797264760898,1.0782221477970113
1377036644,122687.4,-74.0,904.0,-363.0,0.349,-0.839,-0.49,976.9651989707719,1.0323865555110643
1377228944,122879.7,-65.0,905.0,-361.0,0.349,-0.769,-0.56,976.5096005672448,1.0132926526922021
1377421244,123072.0,-70.0,904.0,-361.0,0.349,-0.699,-0.419,975.92878838571,0.8865455431053725
1377613544,123264.3,-70.0,905.0,-362.0,0.349,-0.769,-0.629,977.2251531760734,1.052997150993297
1377805844,123456.6,-69.0,906.0,-362.0,0.28,-0.839,-0.49,978.080262555175,1.0111483570673494
1377998144,123648.9,-67.0,905.0,-362.0,0.49,-0.839,-0.769,977.0148412383509,1.2391053223999968
1378190444,123841.2,-80.0,904.0,-364.0,0.56,-0.699,-0.629,977.8097974555175,1.0944596840450542
1378382744,124033.5,-66.0,903.0,-365.0,0.49,-0.839,-0.07,976.2120671247616,0.9741257619014086
1378575044,124225.8,-64.0,906.0,-364.0,0.419,-0.769,-0.699,978.4824985660193,1.1205012271300732
1378767344,124418.1,-69.0,905.0,-363.0,0.28,-0.769,-0.49,977.5249357433293,0.9538663428384503
1378959644,124610.4,-67.0,905.0,-361.0,0.349,-0.839,-0.699,976.6447665348952,1.1464392700880408
1379151944,124802.7,-66.0,905.0,-362.0,0.349,-0.839,-0.629,976.9467743945931,1.1051529305937706
1379344244,124995.0,-69.0,905.0,-363.0,0.419,-0.699,-0.769,977.5249357433293,1.1205012271300732
1379536544,125187.3,-75.0,905.0,-365.0,0.49,-0.769,-0.699,978.7108868302222,1.1489395110274518
1379728844,125379.6,-72.0,904.0,-366.0,0.349,-0.769,-0.419,977.934558137711,0.9427210616083636
1379921144,125571.9,-76.0,904.0,-365.0,0.49,-0.629,-0.49,977.8634874050672,0.9358637721378043
1380113444,125764.2,-69.0,905.0,-365.0,0.349,-0.839,-0.419,978.2693903010561,1.000641294370765
1380305744,125956.5,-65.0,904.0,-365.0,0.28,-0.699,-0.209,977.0701100739906,0.7814614513845196
1380498044,126148.8,-63.0,905.0,-363.0,0.349,-0.769,-0.56,977.1197470115933,1.0132926526922021
1380690344,126341.1,-71.0,903.0,-363.0,0.419,-0.839,-0.56,975.8170935170176,1.0922829303802197
1380882644,126533.4,-70.0,904.0,-363.0,0.419,-0.769,-0.629,976.6703640430583,1.0782221477970113
1381074944,126725.7,-74.0,904.0,-363.0,0.49,-0.839,-0.629,976.9651989707719,1.1574376873076149
1381267244,126918.0,-72.0,905.0,-362.0,0.419,-0.839,-0.699,977.370451773533,1.1696508025902432
1381459544,127110.3,-71.0,904.0,-365.0,0.49,-0.839,-0.56,977.4875958292258,1.12143702453593
1381651844,127302.6,-76.0,905.0,-364.0,0.419,-0.839,-0.629,978.415555886148,1.1292134430655703
1381844144,127494.9,-72.0,905.0,-365.0,0.349,-0.769,-0.28,978.485564533274,0.8896977014694373
1382036444,127687.2,-68.0,905.0,-363.0,0.349,-0.699,-0.629,977.4548582926989,1.0030169490093375
1382228744,127879.5,-69.0,906.0,-362.0,0.349,-0.91,-0.49,978.080262555175,1.0908716698127237
1382421044,128071.8,-74.0,905.0,-358.0,0.28,-0.839,-0.839,976.045593197367,1.2191152529601128
1382613344,128264.1,-71.0,906.0,-360.0,0.349,-0.839,-0.839,977.485038248668,1.236787370569412
1382805644,128456.4,-77.0,904.0,-362.0,0.49,-0.839,-0.699,976.8259824554218,1.1969218855046473
1382997944,128648.7,-73.0,906.0,-364.0,0.49,-0.769,-0.629,979.1123531035649,1.107746360860644
1383190244,128841.0,-80.0,903.0,-367.0,0.49,-0.769,-0.699,978.007157438022,1.1489395110274518
1383382544,129033.3,-71.0,904.0,-367.0,0.419,-0.91,-0.419,978.2361678040738,1.0859198865478061
1383574844,129225.6,-74.0,904.0,-365.0,0.349,-0.699,-0.629,977.7100797271142,1.0030169490093375
1383767144,129417.9,-69.0,905.0,-363.0,0.349,-0.769,-0.49,977.5249357433293,0.9763513711774056
1383959444,129610.2,-68.0,906.0,-361.0,0.349,-0.91,-0.769,977.6405269832056,1.2414757347608532
1384151744,129802.5,-75.0,904.0,-365.0,0.419,-0.769,-0.56,977.7862752156014,1.039481601568782
1384344044,129994.8,-77.0,904.0,-364.0,0.349,-0.839,-0.769,977.5689234013118,1.190412953558554
1384536344,130187.1,-69.0,904.0,-364.0,0.349,-0.769,-0.699,976.97134041895,1.0962495153932794
1384728644,130379.4,-72.0,903.0,-364.0,0.349,-0.769,-0.349,976.2627720035216,0.9137630984013306
1384920944,130571.7,-71.0,905.0,-363.0,0.349,-0.91,-0.629,977.6681441061686,1.1599749997305977
1385113244,130764.0,-76.0,904.0,-366.0,0.49,-0.839,-0.56,978.2371900515743,1.12143702453593
1385305544,130956.3,-69.0,904.0,-366.0,0.419,-0.699,-0.419,977.7182620775783,0.9163640106420592
1385497844,131148.6,-72.0,904.0,-365.0,0.349,-0.629,-0.28,977.5607398008576,0.7719080256092691
1385690144,131340.9,-65.0,904.0,-363.0,0.28,-0.769,-0.419,976.3247410569908,0.9194139437707044
1385882444,131533.2,-66.0,904.0,-362.0,0.28,-0.769,-0.49,976.0204915881633,0.9538663428384503
1386074744,131725.5,-74.0,905.0,-362.0,0.419,-0.699,-0.699,977.5198207709141,1.0736680120037105
1386267044,131917.8,-70.0,904.0,-364.0,0.419,-0.839,-0.49,977.0424760469731,1.0581030195590597
1386459344,132110.1,-72.0,904.0,-365.0,0.49,-0.699,-0.699,977.5607398008576,1.1033140985231722
1386651644,132302.4,-73.0,903.0,-366.0,0.419,-0.769,-0.56,977.0844385210523,1.039481601568782
1386843944,132494.7,-72.0,904.0,-365.0,0.49,-0.769,-0.56,977.5607398008576,1.0700752310001387
1387036244,132687.0,-71.0,905.0,-368.0,0.49,-0.839,-0.629,979.5356042533625,1.1574376873076149
1387228544,132879.3,-71.0,904.0,-364.0,0.28,-0.839,-0.56,977.1146299181074,1.0468624551487171
1387420844,133071.6,-70.0,904.0,-365.0,0.349,-0.699,-0.419,977.4154694908405,0.8865455431053725
1387613144,133263.9,-68.0,906.0,-364.0,0.49,-0.839,-0.49,978.7522669194692,1.0881732398841646
1387805444,133456.2,-78.0,904.0,-364.0,0.419,-0.699,-0.839,977.648198484506,1.1696508025902432
1387997744,133648.5,-72.0,905.0,-364.0,0.419,-0.839,-0.49,978.1129791593607,1.0581030195590597
1388190044,133840.8,-71.0,905.0,-363.0,0.419,-0.769,-0.629,977.6681441061686,1.0782221477970113
1388382344,134033.1,-71.0,904.0,-364.0,0.419,-0.839,-0.769,977.1146299181074,1.2127831628118853
1388574644,134225.4,-69.0,903.0,-366.0,0.349,-0.629,-0.14,976.7937346236411,0.732831494956378
1388766944,134417.7,-70.0,906.0,-365.0,0.419,-0.769,-0.769,979.2655411072117,1.1654539887957827
1388959244,134610.0,-73.0,904.0,-365.0,0.28,-0.839,-0.419,977.634901177326,0.9787144629563823
1389151544,134802.3,-68.0,905.0,-363.0,0.28,-0.769,-0.49,977.4548582926989,0.9538663428384503
1389343844,134994.6,-73.0,903.0,-364.0,0.419,-0.699,-0.629,976.3370319720542,1.0294673379957229
1389536144,135186.9,-68.0,905.0,-364.0,0.419,-0.91,-0.699,977.8266717573213,1.221581761487949
1389728444,135379.2,-72.0,904.0,-365.0,0.49,-0.699,-0.56,977.5607398008576,1.020931437462869
1389920744,135571.5,-72.0,905.0,-365.0,0.419,-0.769,-0.49,978.485564533274,1.0035048579852517
1390113044,135763.8,-71.0,906.0,-364.0,0.419,-0.839,-0.629,978.9652700683513,1.1292134430655703
1390305344,135956.1,-73.0,905.0,-365.0,0.419,-0.839,-0.699,978.5596558207374,1.1696508025902432
1390497644,136148.4,-73.0,904.0,-365.0,0.419,-0.769,-0.629,977.634901177326,1.0782221477970113
1390689944,136340.7,-71.0,904.0,-366.0,0.419,-0.839,-0.56,977.8614421276667,1.0922829303802197
1390882244,136533.0,-73.0,904.0,-365.0,0.49,-0.769,-0.629,977.634901177326,1.107746360860644
1391074544,136725.3,-75.0,904.0,-365.0,0.419,-0.699,-0.629,977.7862752156014,1.0294673379957229
1391266844,136917.6,-72.0,905.0,-364.0,0.349,-0.769,-0.419,978.1129791593607,0.9427210616083636
1391459144,137109.9,-70.0,906.0,-366.0,0.419,-0.769,-0.56,979.6387089126276,1.039481601568782
1391651444,137302.2,-75.0,904.0,-364.0,0.419,-0.699,-0.699,977.4134232759442,1.0736680120037105
1391843744,137494.5,-75.0,905.0,-365.0,0.419,-0.839,-0.56,978.7108868302222,1.0922829303802197
1392036044,137686.8,-77.0,904.0,-366.0,0.56,-0.769,-0.629,978.3153888189636,1.1404393890075877
1392228344,137879.1,-74.0,905.0,-366.0,0.419,-0.839,-0.629,979.0081715695737,1.1292134430655703
1392420644,138071.4,-74.0,903.0,-368.0,0.419,-0.769,-0.419,977.9105276046474,0.9708156364624542
1392612944,138263.7,-71.0,904.0,-365.0,0.419,-0.769,-0.49,977.4875958292258,1.0035048579852517
1392805244,138456.0,-66.0,906.0,-365.0,0.419,-0.839,-0.56,978.9877425177498,1.0922829303802197
1392997544,138648.3,-77.0,906.0,-362.0,0.28,-0.699,-0.839,978.6771684268516,1.1273517640914037
1393189844,138840.6,-92.0,903.0,-367.0,0.419,-0.699,-0.699,979.0617958024917,1.0736680120037105
1393382144,139032.9,-69.0,904.0,-368.0,0.629,-0.98,-0.28,978.4687015944863,1.1976815102522038
1393574444,139225.2,-73.0,905.0,-368.0,0.56,-0.769,-0.839,979.6826016623955,1.2684171238200783
1393766744,139417.5,-79.0,903.0,-368.0,0.49,-0.769,-0.629,978.3015894906846,1.107746360860644
1393959044,139609.8,-75.0,904.0,-365.0,0.419,-0.699,-0.349,977.7862752156014,0.8865455431053725
1394151344,139802.1,-72.0,905.0,-364.0,0.419,-0.839,-0.56,978.1129791593607,1.0922829303802197
1394343644,139994.4,-74.0,904.0,-363.0,0.349,-0.769,-0.56,976.9651989707719,1.0132926526922021
1394535944,140186.7,-71.0,904.0,-364.0,0.28,-0.769,-0.49,977.1146299181074,0.9538663428384503
1394728244,140379.0,-69.0,904.0,-363.0,0.349,-0.769,-0.49,976.5992013103431,0.9763513711774056
1394920544,140571.3,-70.0,904.0,-363.0,0.349,-0.699,-0.56,976.6703640430583,0.9612502275682435
1395112844,140763.6,-70.0,904.0,-363.0,0.419,-0.839,-0.629,976.6703640430583,1.1292134430655703
1395305144,140955.9,-72.0,904.0,-363.0,0.419,-0.769,-0.629,976.8157451638461,1.0782221477970113
1395497444,141148.2,-72.0,904.0,-364.0,0.419,-0.769,-0.699,977.187801806797,1.1205012271300732
1395689744,141340.5,-75.0,904.0,-366.0,0.419,-0.769,-0.629,978.160007360759,1.0782221477970113
1395882044,141532.8,-74.0,904.0,-366.0,0.419,-0.839,-0.49,978.0838409870597,1.0581030195590597
1396074344,141725.1,-70.0,905.0,-366.0,0.419,-0.839,-0.49,978.7139520820167,1.0581030195590597
1396266644,141917.4,-76.0,904.0,-365.0,0.28,-0.699,-0.49,977.8634874050672,0.8983880008103403
1396458944,142109.7,-68.0,905.0,-364.0,0.209,-0.91,-0.419,977.8266717573213,1.0233972835609835
1396651244,142302.0,-67.0,904.0,-363.0,0.28,-0.769,-0.56,976.4599326137248,0.9916456020171723
1396843544,142494.3,-72.0,905.0,-364.0,0.419,-0.699,-0.629,978.1129791593607,1.0294673379957229
1397035844,142686.6,-70.0,905.0,-363.0,0.349,-0.839,-0.49,977.5960310885064,1.0323865555110643
1397228144,142878.9,-74.0,903.0,-363.0,0.49,-0.839,-0.699,976.0399581984336,1.1969218855046473
1397420444,143071.2,-70.0,904.0,-364.0,0.419,-0.839,-0.56,977.0424760469731,1.0922829303802197
1397612744,143263.5,-71.0,904.0,-366.0,0.419,-0.839,-0.56,977.8614421276667,1.0922829303802197
1397805044,143455.8,-71.0,903.0,-366.0,0.49,-0.699,-0.49,976.9370501726302,0.9842768919364103
1397997344,143648.1,-69.0,903.0,-365.0,0.419,-0.629,-0.49,976.4194795271139,0.9007230428938742
1398189644,143840.4,-66.0,905.0,-364.0,0.349,-0.769,-0.49,977.68962355136,0.9763513711774056
1398381944,144032.7,-72.0,904.0,-367.0,0.28,-0.699,-0.14,978.309255808203,0.7658988183826895
1398574244,144225.0,-67.0,906.0,-365.0,0.28,-0.699,-0.91,979.0556674673816,1.1811439370373114
1398766544,144417.3,-73.0,904.0,-366.0,0.419,-0.839,-0.769,978.0086911679261,1.2127831628118853
1398958844,144609.6,-75.0,904.0,-366.0,0.49,-0.839,-0.49,978.160007360759,1.0881732398841646
1399151144,144801.9,-69.0,904.0,-365.0,0.49,-0.839,-0.49,977.344361011,1.0881732398841646
1399343444,144994.2,-69.0,903.0,-366.0,0.419,-0.769,-0.49,976.7937346236411,1.0035048579852517
1399535744,145186.5,-69.0,902.0,-366.0,0.349,-0.769,-0.49,975.8693560103217,0.9763513711774056
1399728044,145378.8,-70.0,903.0,-365.0,0.419,-0.769,-0.56,976.4906553572338,1.039481601568782
1399920344,145571.1,-68.0,904.0,-364.0,0.419,-0.839,-0.629,976.9012232564764,1.1292134430655703
1400112644,145763.4,-76.0,904.0,-365.0,0.49,-0.839,-0.699,977.8634874050672,1.1969218855046473
1400304944,145955.7,-73.0,904.0,-367.0,0.419,-0.839,-0.349,978.3833604472227,1.000641294370765
1400497244,146148.0,-73.0,905.0,-366.0,0.49,-0.839,-0.91,978.9330927085875,1.3312103515222529
1400689544,146340.3,-80.0,901.0,-367.0,0.349,-0.769,-0.419,976.1608474016974,0.9427210616083636
1400881844,146532.6,-73.0,904.0,-366.0,0.419,-0.839,-0.629,978.0086911679261,1.1292134430655703
1401074144,146724.9,-74.0,902.0,-368.0,0.349,-0.839,-0.56,976.9872056480576,1.0673902753913396
1401266444,146917.2,-66.0,905.0,-367.0,0.49,-0.769,-0.49,978.810502599967,1.03516230611436
1401458744,147109.5,-69.0,903.0,-365.0,0.349,-0.769,-0.49,976.4194795271139,0.9763513711774056
1401651044,147301.8,-73.0,904.0,-365.0,0.28,-0.769,-0.629,977.634901177326,1.0321831232877237
1401843344,147494.1,-74.0,903.0,-365.0,0.349,-0.839,-0.629,976.7855445285828,1.1051529305937706
1402035644,147686.4,-73.0,904.0,-365.0,0.49,-0.839,-0.769,977.634901177326,1.2391053223999968
1402227944,147878.7,-75.0,902.0,-368.0,0.49,-0.769,-0.49,977.0634575092859,1.03516230611436
1402420244,148071.0,-57.0,906.0,-364.0,0.349,-0.91,-0.49,978.0495897448145,1.0908716698127237
1402612544,148263.3,-72.0,904.0,-363.0,0.349,-0.699,-0.629,976.8157451638461,1.0030169490093375
1402804844,148455.6,-69.0,906.0,-362.0,0.349,-0.839,-0.629,978.080262555175,1.1051529305937706
1402997144,148647.9,-79.0,903.0,-364.0,0.56,-0.699,-0.839,976.8039721458958,1.2272416225014535
1403189444,148840.2,-66.0,904.0,-363.0,0.49,-0.91,-0.49,976.3918270858272,1.1438094246857735
1403381744,149032.5,-75.0,904.0,-363.0,0.419,-0.769,-0.769,977.0414525494812,1.1654539887957827
1403574044,149224.8,-74.0,904.0,-366.0,0.419,-0.839,-0.56,978.0838409870597,1.0922829303802197
1403766344,149417.1,-62.0,904.0,-366.0,0.349,-0.91,-0.839,977.2492005624767,1.2860101088249656
1403958644,149609.4,-68.0,903.0,-368.0,0.349,-0.699,-0.419,977.4748078595171,0.8865455431053725
1404150944,149801.7,-75.0,904.0,-365.0,0.419,-0.769,-0.769,977.7862752156014,1.1654539887957827
1404343244,149994.0,-73.0,904.0,-367.0,0.349,-0.769,-0.699,978.3833604472227,1.0962495153932794
1404535544,150186.3,-79.0,907.0,-371.0,0.49,-0.769,-0.699,983.1230848678105,1.1489395110274518
1404727844,150378.6,-85.0,903.0,-375.0,0.56,-0.839,-1.049,981.4575895065461,1.4553082147778869
1404920144,150570.9,-84.0,903.0,-372.0,0.629,-0.769,-0.629,980.2290548642189,1.1758584098436342
1405112444,150763.2,-74.0,903.0,-370.0,0.699,-0.769,-0.28,978.6649069012335,1.0762722703851475
1405304744,150955.5,-72.0,904.0,-367.0,0.56,-0.91,-0.839,978.309255808203,1.3585363447475374
1405497044,151147.8,-79.0,902.0,-371.0,0.419,-0.769,-0.419,978.5121358470727,0.9708156364624542
1405689344,151340.1,-69.0,905.0,-369.0,0.28,-0.769,-0.28,979.7688502907204,0.8649630049892307
1405881644,151532.4,-73.0,904.0,-366.0,0.28,-0.699,-0.419,978.0086911679261,0.861720372278618
1406073944,151724.7,-74.0,903.0,-365.0,0.28,-0.699,-0.49,976.7855445285828,0.8983880008103403
1406266244,151917.0,-70.0,904.0,-366.0,0.209,-0.699,-0.419,977.7893433659419,0.8413340596932944
1406458544,152109.3,-73.0,903.0,-367.0,0.419,-0.629,-0.56,977.4594620750264,0.940639144411926
1406650844,152301.6,-75.0,904.0,-366.0,0.419,-0.839,-0.629,978.160007360759,1.1292134430655703
1406843144,152493.9,-69.0,903.0,-364.0,0.49,-0.839,-0.349,976.0461054683841,1.0323865555110643
1407035444,152686.2,-77.0,904.0,-364.0,0.49,-0.629,-0.629,977.5689234013118,1.0155697908071113
1407227744,152878.5,-76.0,904.0,-366.0,0.349,-0.839,-0.419,978.2371900515743,1.000641294370765
1407420044,153070.8,-72.0,905.0,-367.0,0.419,-0.769,-0.49,979.2333736142779,1.0035048579852517
1407612344,153263.1,-75.0,902.0,-368.0,0.49,-0.769,-0.419,977.0634575092859,1.0035048579852517
1407804644,153455.4,-71.0,904.0,-366.0,0.419,-0.769,-0.419,977.8614421276667,0.9708156364624542
1407996944,153647.7,-72.0,904.0,-366.0,0.49,-0.769,-0.49,977.934558137711,1.03516230611436
1408189244,153840.0,-73.0,902.0,-364.0,0.349,-0.699,-0.349,975.4122205508808,0.8556886115871823
1408381544,154032.3,-65.0,904.0,-364.0,0.419,-0.839,-0.419,976.6969847398937,1.0271528610679133
1408573844,154224.6,-67.0,903.0,-363.0,0.419,-0.769,-0.56,975.5342126240371,1.039481601568782
1408766144,154416.9,-69.0,904.0,-363.0,0.419,-0.769,-0.56,976.5992013103431,1.039481601568782
1408958444,154609.2,-67.0,904.0,-364.0,0.49,-0.769,-0.56,976.832124778869,1.0700752310001387
1409150744,154801.5,-70.0,903.0,-366.0,0.56,-0.769,-0.769,976.8648831849777,1.2232424126067571
1409343044,154993.8,-73.0,905.0,-367.0,0.56,-0.839,-0.91,979.3074083248835,1.3585363447475374
1409535344,155186.1,-77.0,902.0,-369.0,0.629,-0.839,-0.56,977.5960310885064,1.1887649052693303
1409727644,155378.4,-74.0,908.0,-367.0,0.49,-0.699,-0.49,982.1552830382781,0.9842768919364103
1409919944,155570.7,-79.0,902.0,-368.0,0.49,-0.839,-0.56,977.3786369672707,1.12143702453593
1410112244,155763.0,-79.0,903.0,-368.0,0.419,-0.839,-0.769,978.3015894906846,1.2127831628118853
1410304544,155955.3,-73.0,903.0,-368.0,0.49,-0.91,-0.349,977.8353644658184,1.0908716698127237
1410496844,156147.6,-68.0,905.0,-364.0,0.49,-0.839,-0.629,977.8266717573213,1.1574376873076149
1410689144,156339.9,-76.0,902.0,-366.0,0.49,-0.699,-0.49,976.3892666349831,0.9842768919364103
1410881444,156532.2,-66.0,902.0,-361.0,0.49,-0.839,-0.769,973.7972068146427,1.2391053223999968
1411073744,156724.5,-28.0,908.0,-357.0,0.419,-1.33,-0.56,976.0619857365617,1.5026845976451613
1411266044,156916.8,-97.0,903.0,-354.0,0.629,-0.419,-2.029,974.7481726066482,2.165188906308177
1411458344,157109.1,-66.0,903.0,-362.0,0.419,-0.98,0.209,975.0943544088439,1.0861132537631608
1411650644,157301.4,-56.0,902.0,-358.0,0.419,-0.699,-0.28,972.0617264351066,0.861720372278618
1411842944,157493.7,-56.0,907.0,-360.0,0.349,-1.049,-1.049,977.4379775719788,1.5240088582419722
1412035244,157686.0,-79.0,902.0,-364.0,0.419,-0.699,-0.98,975.8796032298246,1.2745830690857305
1412227544,157878.3,-70.0,903.0,-366.0,0.419,-0.769,-0.49,976.8648831849777,1.0035048579852517
1412419844,158070.6,-72.0,905.0,-365.0,0.419,-0.98,-1.12,978.485564533274,1.5460792347095282
1412612144,158262.9,-91.0,901.0,-370.0,0.56,-0.56,-0.98,978.2545680956466,1.26
1412804444,158455.2,-69.0,904.0,-371.0,0.56,-0.91,-0.419,979.6009391583901,1.147719913567766
1412996744,158647.5,-76.0,908.0,-370.0,0.56,-0.769,-0.91,983.4327633346369,1.3164577471381298
1413189044,158839.8,-82.0,904.0,-368.0,0.28,-0.769,-0.629,979.4712859497209,1.0321831232877237
1413381344,159032.1,-66.0,904.0,-367.0,0.349,-0.769,-0.28,977.8859851741408,0.8896977014694373
1413573644,159224.4,-74.0,904.0,-363.0,0.419,-0.699,-0.629,976.9651989707719,1.0294673379957229
1413765944,159416.7,-77.0,904.0,-364.0,0.349,-0.699,-0.629,977.5689234013118,1.0030169490093375
1413958244,159609.0,-70.0,904.0,-363.0,0.349,-0.839,-0.629,976.6703640430583,1.1051529305937706
1414150544,159801.3,-70.0,904.0,-363.0,0.28,-0.769,-0.699,976.6703640430583,1.0762722703851475
1414342844,159993.6,-72.0,903.0,-365.0,0.349,-0.769,-0.56,976.6360632292871,1.0132926526922021
1414535144,160185.9,-75.0,903.0,-363.0,0.349,-0.699,-0.769,976.1162840563618,1.0962495153932794
1414727444,160378.2,-66.0,904.0,-364.0,0.209,-0.91,-0.49,976.7640452023201,1.0544576805163874
1414919744,160570.5,-80.0,903.0,-366.0,0.419,-0.629,-0.91,977.6323439821332,1.1829209610113434
1415112044,160762.8,-73.0,905.0,-366.0,0.419,-0.91,-0.91,978.9330927085875,1.3534256536655422
1415304344,160955.1,-82.0,901.0,-370.0,0.56,-0.699,-0.419,977.4584390141608,0.9888184868821982
1415496644,161147.4,-70.0,906.0,-369.0,0.49,-0.839,-0.699,980.7634781128424,1.1969218855046473
1415688944,161339.7,-82.0,901.0,-370.0,0.349,-0.699,-0.49,977.4584390141608,0.9222266532691407
1415881244,161532.0,-58.0,901.0,-365.0,0.209,-0.56,0.349,973.8531716845204,0.6921574965280662
1416073544,161724.3,-62.0,905.0,-361.0,0.349,-0.839,-1.049,976.3144985095735,1.3878483346533221
1416265844,161916.6,-81.0,902.0,-365.0,0.349,-0.769,-0.56,976.4169191487824,1.0132926526922021
1416458144,162108.9,-70.0,904.0,-365.0,0.349,-0.699,-0.419,977.4154694908405,0.8865455431053725
1416650444,162301.2,-65.0,903.0,-365.0,0.49,-0.98,-0.56,976.144968741836,1.2304877081872863
1416842744,162493.5,-74.0,903.0,-365.0,0.49,-0.769,-0.699,976.7855445285828,1.1489395110274518
1417035044,162685.8,-73.0,903.0,-366.0,0.419,-0.769,-0.699,977.0844385210523,1.1205012271300732
1417227344,162878.1,-78.0,904.0,-366.0,0.419,-0.769,-0.56,978.3946034192952,1.039481601568782
1417419644,163070.4,-71.0,903.0,-367.0,0.419,-0.839,-0.49,977.312130283872,1.0581030195590597
1417611944,163262.7,-75.0,902.0,-366.0,0.349,-0.769,-0.56,976.3119378559293,1.0132926526922021
1417804244,163455.0,-74.0,902.0,-365.0,0.349,-0.91,-0.629,975.8611581572452,1.1599749997305977
1417996544,163647.3,-72.0,902.0,-366.0,0.28,-0.839,-0.49,976.0860617793904,1.0111483570673494
1418188844,163839.6,-65.0,905.0,-365.0,0.349,-0.91,-0.769,977.9953987621823,1.2414757347608532
1418381144,164031.9,-77.0,904.0,-368.0,0.49,-0.769,-0.629,979.0653706469246,1.107746360860644
1418573444,164224.2,-77.0,903.0,-369.0,0.49,-0.769,-0.769,978.5187785627826,1.192821025971625
1418765744,164416.5,-61.0,906.0,-369.0,0.419,-0.98,-0.419,980.1622314698725,1.1452170100029078
1418958044,164608.8,-87.0,899.0,-367.0,0.49,-0.419,-0.839,974.9148680782338,1.0581030195590597
1419150344,164801.1,-60.0,903.0,-365.0,0.419,-1.049,-0.419,975.8247793533427,1.2047916832382268
1419342644,164993.4,-81.0,904.0,-365.0,0.49,-0.839,-0.98,978.2647903303073,1.3800076086746766
1419534944,165185.7,-85.0,902.0,-367.0,0.419,-0.699,-0.419,977.506010211702,0.9163640106420592
1419727244,165378.0,-72.0,904.0,-366.0,0.419,-0.839,-0.49,977.934558137711,1.0581030195590597
1419919544,165570.3,-82.0,903.0,-370.0,0.49,-0.839,-0.699,979.3023026624618,1.1969218855046473
1420111844,165762.6,-83.0,902.0,-369.0,0.49,-0.769,-0.49,978.0869082039694,1.03516230611436
1420304144,165954.9,-74.0,904.0,-368.0,0.49,-0.769,-0.49,978.8340002268004,1.03516230611436
1420496444,166147.2,-76.0,902.0,-367.0,0.349,-0.699,-0.419,976.76455709654,0.8865455431053725
1420688744,166339.5,-79.0,902.0,-367.0,0.419,-0.629,-0.49,977.0025588502826,0.9007230428938742
1420881044,166531.8,-74.0,904.0,-366.0,0.419,-0.839,-0.349,978.0838409870597,1.000641294370765
1421073344,166724.1,-76.0,902.0,-368.0,0.49,-0.699,-0.49,977.1407268147203,0.9842768919364103
1421265644,166916.4,-73.0,902.0,-366.0,0.49,-0.839,-0.56,976.1603351908948,1.12143702453593
1421457944,167108.7,-78.0,902.0,-367.0,0.56,-0.699,-0.419,976.9222077524904,0.9888184868821982
1421650244,167301.0,-70.0,904.0,-367.0,0.49,-0.839,-0.56,978.1640966627225,1.12143702453593
1421842544,167493.3,-79.0,902.0,-366.0,0.49,-0.769,-0.56,976.6273598461186,1.0700752310001387
1422034844,167685.6,-70.0,903.0,-366.0,0.419,-0.839,-0.349,976.8648831849777,1.000641294370765
1422227144,167877.9,-70.0,903.0,-366.0,0.419,-0.699,-0.56,976.8648831849777,0.9888184868821982
1422419444,168070.2,-76.0,904.0,-365.0,0.419,-0.769,-0.629,977.8634874050672,1.0782221477970113
1422611744,168262.5,-75.0,903.0,-366.0,0.419,-0.839,-0.56,977.2358978261083,1.0922829303802197
1422804044,168454.8,-71.0,903.0,-365.0,0.419,-0.769,-0.629,976.5628499999373,1.0782221477970113
1422996344,168647.1,-73.0,904.0,-366.0,0.349,-0.699,-0.629,978.0086911679261,1.0030169490093375
1423188644,168839.4,-75.0,902.0,-366.0,0.419,-0.769,-0.629,976.3119378559293,1.0782221477970113
1423380944,169031.7,-76.0,902.0,-368.0,0.419,-0.839,-0.56,977.1407268147203,1.0922829303802197
1423573244,169224.0,-78.0,903.0,-369.0,0.49,-0.769,-0.419,978.5979766993186,1.0035048579852517
1423765544,169416.3,-77.0,905.0,-365.0,0.349,-0.839,-0.49,978.8661808439394,1.0323865555110643
1423957844,169608.6,-85.0,903.0,-366.0,0.419,-0.699,-0.629,978.0541907276918,1.0294673379957229
1424150144,169800.9,-72.0,902.0,-367.0,0.49,-0.839,-0.349,976.461468773858,1.0323865555110643
1424342444,169993.2,-78.0,903.0,-368.0,0.56,-0.769,-0.629,978.2213450952703,1.1404393890075877
1424534744,170185.5,-79.0,902.0,-368.0,0.49,-0.769,-0.28,977.3786369672707,0.9538663428384503
1424727044,170377.8,-68.0,902.0,-369.0,0.419,-0.839,-0.209,976.9283494709323,0.9608137176372951
1424919344,170570.1,-74.0,902.0,-368.0,0.419,-0.699,-0.49,976.9872056480576,0.9509269162243752
1425111644,170762.4,-69.0,904.0,-368.0,0.349,-0.91,-0.56,978.4687015944863,1.1240556036068678
1425303944,170954.7,-74.0,902.0,-367.0,0.419,-0.769,-0.56,976.6109767968001,1.039481601568782
1425496244,171147.0,-68.0,904.0,-366.0,0.419,-0.839,-0.629,977.648198484506,1.1292134430655703
1425688544,171339.3,-73.0,904.0,-367.0,0.419,-0.839,-0.769,978.3833604472227,1.2127831628118853
1425880844,171531.6,-81.0,904.0,-365.0,0.49,-0.769,-0.91,978.2647903303073,1.288239496367038
1426073144,171723.9,-74.0,902.0,-367.0,0.419,-0.839,-0.49,976.6109767968001,1.0581030195590597
1426265444,171916.2,-73.0,904.0,-366.0,0.419,-0.769,-0.699,978.0086911679261,1.1205012271300732
1426457744,172108.5,-82.0,904.0,-366.0,0.419,-0.769,-0.769,978.7216151695027,1.1654539887957827
1426650044,172300.8,-76.0,903.0,-367.0,0.419,-0.839,-0.56,977.6880893209245,1.0922829303802197
1426842344,172493.1,-74.0,903.0,-368.0,0.349,-0.769,-0.56,977.9105276046474,1.0132926526922021
1427034644,172685.4,-78.0,903.0,-368.0,0.349,-0.699,-0.699,978.2213450952703,1.0483334393216692
1427226944,172877.7,-75.0,903.0,-369.0,0.49,-0.769,-0.419,978.3634294064757,1.0035048579852517
1427419244,173070.0,-76.0,904.0,-369.0,0.419,-0.839,-0.56,979.3635688547946,1.0922829303802197
1427611544,173262.3,-79.0,902.0,-368.0,0.419,-0.769,-0.56,977.3786369672707,1.039481601568782
1427803844,173454.6,-76.0,903.0,-368.0,0.349,-0.839,-0.49,978.0639038426885,1.0323865555110643
1427996144,173646.9,-77.0,903.0,-367.0,0.419,-0.769,-0.629,977.7663320037155,1.0782221477970113
1428188444,173839.2,-76.0,903.0,-368.0,0.419,-0.91,-0.419,978.0639038426885,1.0859198865478061
1428380744,174031.5,-75.0,903.0,-368.0,0.49,-0.629,-0.419,977.9867074761293,0.9007230428938742
1428573044,174223.8,-73.0,904.0,-367.0,0.419,-0.769,-0.56,978.3833604472227,1.039481601568782
1428765344,174416.1,-75.0,903.0,-366.0,0.349,-0.769,-0.349,977.2358978261083,0.9137630984013306
1428957644,174608.4,-75.0,903.0,-367.0,0.349,-0.699,-0.56,977.6108632784315,0.9612502275682435
1429149944,174800.7,-73.0,903.0,-367.0,0.28,-0.839,-0.49,977.4594620750264,1.0111483570673494
1429342244,174993.0,-75.0,903.0,-367.0,0.419,-0.699,-0.629,977.6108632784315,1.0294673379957229
1429534544,175185.3,-74.0,902.0,-365.0,0.419,-0.769,-0.56,975.8611581572452,1.039481601568782
1429726844,175377.6,-74.0,904.0,-367.0,0.349,-0.839,-0.49,978.4584814901448,1.0323865555110643
1429919144,175569.9,-78.0,904.0,-367.0,0.419,-0.769,-0.629,978.7691249727895,1.0782221477970113
1430111444,175762.2,-78.0,903.0,-368.0,0.419,-0.769,-0.49,978.2213450952703,1.0035048579852517
1430303744,175954.5,-74.0,904.0,-368.0,0.419,-0.839,-0.56,978.8340002268004,1.0922829303802197
1430496044,176146.8,-76.0,903.0,-368.0,0.49,-0.769,-0.629,978.0639038426885,1.107746360860644
1430688344,176339.1,-75.0,903.0,-369.0,0.419,-0.769,-0.349,978.3634294064757,0.9427210616083636
1430880644,176531.4,-75.0,903.0,-368.0,0.49,-0.769,-0.629,977.9867074761293,1.107746360860644
1431072944,176723.7,-77.0,901.0,-369.0,0.49,-0.839,-0.49,976.6734356989546,1.0881732398841646
1431265244,176916.0,-72.0,902.0,-368.0,0.349,-0.769,-0.419,976.8377552081,0.9427210616083636
1431457544,177108.3,-75.0,904.0,-367.0,0.49,-0.839,-0.699,978.5346187028847,1.1969218855046473
1431649844,177300.6,-72.0,903.0,-367.0,0.419,-0.839,-0.629,977.3852873867091,1.1292134430655703
1431842144,177492.9,-78.0,902.0,-368.0,0.419,-0.699,-0.56,977.2983167897098,0.9888184868821982
1432034444,177685.2,-70.0,904.0,-367.0,0.49,-0.91,-0.699,978.1640966627225,1.2477183175701156
1432226744,177877.5,-78.0,903.0,-370.0,0.419,-0.769,-0.699,978.9754848820271,1.1205012271300732
1432419044,178069.8,-76.0,902.0,-369.0,0.49,-0.699,-0.56,977.5177747744539,1.020931437462869
1432611344,178262.1,-74.0,903.0,-368.0,0.419,-0.769,-0.49,977.9105276046474,1.0035048579852517
1432803644,178454.4,-72.0,903.0,-366.0,0.419,-0.839,-0.839,977.0102353609199,1.2583334216335509
1432995944,178646.7,-81.0,902.0,-368.0,0.419,-0.839,-0.629,977.5423264493461,1.1292134430655703
1433188244,178839.0,-78.0,902.0,-368.0,0.49,-0.839,-0.419,977.2983167897098,1.0581030195590597
1433380544,179031.3,-77.0,903.0,-368.0,0.49,-0.839,-0.629,978.1421164636558,1.1574376873076149
1433572844,179223.6,-81.0,903.0,-368.0,0.49,-0.769,-0.699,978.4651245701095,1.1489395110274518
1433765144,179415.9,-74.0,903.0,-366.0,0.419,-0.769,-0.49,977.1596594211204,1.0035048579852517
1433957444,179608.2,-77.0,903.0,-367.0,0.419,-0.769,-0.629,977.7663320037155,1.0782221477970113
1434149744,179800.5,-77.0,903.0,-366.0,0.419,-0.839,-0.56,977.3914261952577,1.0922829303802197
1434342044,179992.8,-76.0,903.0,-366.0,0.349,-0.769,-0.49,977.313153497895,0.9763513711774056
1434534344,180185.1,-77.0,903.0,-366.0,0.349,-0.699,-0.629,977.3914261952577,1.0030169490093375
1434726644,180377.4,-73.0,904.0,-366.0,0.349,-0.91,-0.629,978.0086911679261,1.1599749997305977
1434918944,180569.7,-78.0,903.0,-368.0,0.349,-0.769,-0.699,978.2213450952703,1.0962495153932794
1435111244,180762.0,-78.0,902.0,-367.0,0.349,-0.769,-0.56,976.9222077524904,1.0132926526922021
1435303544,180954.3,-73.0,904.0,-368.0,0.419,-0.839,-0.56,978.7589080054393,1.0922829303802197
1435495844,181146.6,-73.0,904.0,-368.0,0.349,-0.699,-0.419,978.7589080054393,0.8865455431053725
1435688144,181338.9,-78.0,903.0,-366.0,0.349,-0.769,-0.629,977.4707156738764,1.052997150993297
1435880444,181531.2,-76.0,904.0,-368.0,0.419,-0.839,-0.699,978.9872317859922,1.1696508025902432
1436072744,181723.5,-82.0,901.0,-369.0,0.49,-0.769,-0.629,977.0803447004755,1.107746360860644
1436265044,181915.8,-82.0,903.0,-371.0,0.56,-0.699,-0.699,979.6805601827567,1.1361346751155867
1436457344,182108.1,-80.0,903.0,-371.0,0.49,-0.839,-0.49,979.5151862018271,1.0881732398841646
1436649644,182300.4,-75.0,903.0,-370.0,0.49,-0.839,-0.49,978.7410280559409,1.0881732398841646
1436841944,182492.7,-76.0,904.0,-368.0,0.349,-0.769,-0.56,978.9872317859922,1.0132926526922021
1437034244,182685.0,-77.0,903.0,-366.0,0.419,-0.769,-0.56,977.3914261952577,1.039481601568782
1437226544,182877.3,-75.0,904.0,-367.0,0.349,-0.769,-0.56,978.5346187028847,1.0132926526922021
1437418844,183069.6,-78.0,903.0,-369.0,0.419,-0.699,-0.56,978.5979766993186,0.9888184868821982
1437611144,183261.9,-74.0,903.0,-368.0,0.419,-0.839,-0.56,977.9105276046474,1.0922829303802197
1437803444,183454.2,-74.0,901.0,-367.0,0.349,-0.769,-0.28,975.6874499551585,0.8896977014694373
1437995744,183646.5,-78.0,904.0,-366.0,0.349,-0.769,-1.12,978.3946034192952,1.4026981143496273
1438188044,183838.8,-77.0,902.0,-367.0,0.419,-0.839,-0.28,976.8428737519663,0.9787144629563823
1438380344,184031.1,-69.0,905.0,-367.0,0.419,-0.769,-0.56,979.0173645038171,1.039481601568782
1438572644,184223.4,-83.0,903.0,-369.0,0.419,-0.769,-0.769,979.0091930109747,1.1654539887957827
1438764944,184415.7,-81.0,904.0,-370.0,0.349,-0.839,-0.56,980.1413163416794,1.0673902753913396
1438957244,184608.0,-87.0,905.0,-371.0,0.49,-0.839,-0.769,981.9546832720948,1.2391053223999968
1439149544,184800.3,-88.0,900.0,-372.0,0.49,-0.699,-0.07,977.8179789715466,0.8565051079824334
1439341844,184992.6,-64.0,908.0,-368.0,0.49,-1.049,-0.91,981.8268686484395,1.472617058165496
1439534144,185184.9,-96.0,901.0,-373.0,0.49,-0.699,-0.49,979.8703995937421,0.9842768919364103
1439726444,185377.2,-76.0,904.0,-370.0,0.349,-0.91,-0.349,979.7407820439037,1.0352304091360531
1439918744,185569.5,-68.0,901.0,-370.0,0.419,-0.769,-0.349,976.3836336194908,0.9427210616083636
1440111044,185761.8,-71.0,904.0,-369.0,0.349,-0.769,-0.28,978.988253249241,0.8896977014694373
1440303344,185954.1,-77.0,902.0,-370.0,0.419,-0.769,-0.629,977.9739260327956,1.0782221477970113
1440495644,186146.4,-75.0,902.0,-369.0,0.419,-0.839,-0.349,977.440535275676,1.000641294370765
1440687944,186338.7,-69.0,902.0,-371.0,0.419,-0.769,-0.349,977.7555931826727,0.9427210616083636
1440880244,186531.0,-75.0,903.0,-367.0,0.419,-0.769,-0.56,977.6108632784315,1.039481601568782
1441072544,186723.3,-83.0,902.0,-365.0,0.349,-0.839,-0.98,976.584865743884,1.3364587535722903
1441264844,186915.6,-76.0,903.0,-367.0,0.349,-0.839,-0.49,977.6880893209245,1.0323865555110643
1441457144,187107.9,-76.0,902.0,-368.0,0.49,-0.769,-0.56,977.1407268147203,1.0700752310001387
1441649444,187300.2,-78.0,902.0,-369.0,0.49,-0.769,-0.56,977.6753039736659,1.0700752310001387
1441841744,187492.5,-73.0,903.0,-370.0,0.56,-0.769,-0.49,978.5898017044731,1.0700752310001387
1442034044,187684.8,-73.0,902.0,-366.0,0.28,-0.699,-0.419,976.1603351908948,0.861720372278618
1442226344,187877.1,-70.0,903.0,-364.0,0.419,-0.839,-0.699,976.1173085239294,1.1696508025902432
1442418644,188069.4,-77.0,903.0,-365.0,0.419,-0.769,-0.699,977.0174000497638,1.1205012271300732
1442610944,188261.7,-79.0,903.0,-368.0,0.349,-0.769,-0.699,978.3015894906846,1.0962495153932794
1442803244,188454.0,-74.0,901.0,-369.0,0.419,-0.839,-0.56,976.4414985036226,1.0922829303802197
1442995544,188646.3,-78.0,902.0,-368.0,0.349,-0.699,-0.56,977.2983167897098,0.9612502275682435
1443187844,188838.6,-77.0,903.0,-368.0,0.419,-0.91,-0.839,978.1421164636558,1.3067448105885096
1443380144,189030.9,-78.0,903.0,-369.0,0.28,-0.769,-0.49,978.5979766993186,0.9538663428384503
1443572444,189223.2,-78.0,904.0,-367.0,0.349,-0.769,-0.699,978.7691249727895,1.0962495153932794
1443764744,189415.5,-81.0,902.0,-368.0,0.49,-0.769,-0.56,977.5423264493461,1.0700752310001387
1443957044,189607.8,-78.0,902.0,-369.0,0.419,-0.839,-0.56,977.6753039736659,1.0922829303802197
1444149344,189800.1,-77.0,903.0,-370.0,0.419,-0.699,-0.56,978.8963172879955,0.9888184868821982
1444341644,189992.4,-81.0,901.0,-369.0,0.49,-0.699,-0.56,976.9969293708143,1.020931437462869
1444533944,190184.7,-75.0,903.0,-366.0,0.419,-0.839,-0.419,977.2358978261083,1.0271528610679133
1444726244,190377.0,-78.0,903.0,-367.0,0.419,-0.769,-0.629,977.8455910827639,1.0782221477970113
1444918544,190569.3,-77.0,903.0,-367.0,0.419,-0.769,-0.56,977.7663320037155,1.039481601568782
1445110844,190761.6,-75.0,903.0,-368.0,0.349,-0.769,-0.49,977.9867074761293,0.9763513711774056
1445303144,190953.9,-77.0,903.0,-369.0,0.49,-0.769,-0.699,978.5187785627826,1.1489395110274518
1445495444,191146.2,-77.0,901.0,-370.0,0.49,-0.769,-0.49,977.0516874761539,1.03516230611436
1445687744,191338.5,-77.0,903.0,-369.0,0.49,-0.769,-0.49,978.5187785627826,1.03516230611436
1445880044,191530.8,-77.0,902.0,-367.0,0.419,-0.839,-0.629,976.8428737519663,1.1292134430655703
1446072344,191723.1,-77.0,902.0,-367.0,0.349,-0.699,-0.56,976.8428737519663,0.9612502275682435
1446264644,191915.4,-73.0,903.0,-365.0,0.349,-0.839,-0.56,976.7102948162265,1.0673902753913396
1446456944,192107.7,-78.0,902.0,-365.0,0.349,-0.699,-0.629,976.17262817598,1.0030169490093375
1446649244,192300.0,-77.0,904.0,-366.0,0.28,-0.839,-0.769,978.3153888189636,1.1720418081280206
1446841544,192492.3,-79.0,902.0,-366.0,0.349,-0.769,-0.699,976.6273598461186,1.0962495153932794
1447033844,192684.6,-81.0,902.0,-368.0,0.419,-0.769,-0.49,977.5423264493461,1.0035048579852517
1447226144,192876.9,-77.0,903.0,-369.0,0.419,-0.839,-0.629,978.5187785627826,1.1292134430655703
1447418444,193069.2,-79.0,903.0,-368.0,0.419,-0.769,-0.56,978.3015894906846,1.039481601568782
1447610744,193261.5,-78.0,902.0,-368.0,0.419,-0.769,-0.56,977.2983167897098,1.039481601568782
1447803044,193453.8,-79.0,903.0,-370.0,0.49,-0.769,-0.629,979.0556674673816,1.107746360860644
1447995344,193646.1,-77.0,901.0,-368.0,0.419,-0.839,-0.629,976.296061653431,1.1292134430655703
1448187644,193838.4,-76.0,903.0,-368.0,0.49,-0.769,-0.699,978.0639038426885,1.1489395110274518
1448379944,194030.7,-76.0,903.0,-367.0,0.49,-0.91,-0.699,977.6880893209245,1.2477183175701156
1448572244,194223.0,-80.0,903.0,-367.0,0.49,-0.769,-0.629,978.007157438022,1.107746360860644
1448764544,194415.3,-80.0,903.0,-369.0,0.49,-0.769,-0.629,978.7594188563398,1.107746360860644
1448956844,194607.6,-79.0,902.0,-368.0,0.419,-0.839,-0.629,977.3786369672707,1.1292134430655703
1449149144,194799.9,-83.0,902.0,-368.0,0.419,-0.769,-0.629,977.7100797271142,1.0782221477970113
1449341444,194992.2,-79.0,903.0,-368.0,0.419,-0.839,-0.349,978.3015894906846,1.000641294370765
1449533744,195184.5,-80.0,902.0,-366.0,0.419,-0.769,-0.629,976.708759047445,1.0782221477970113
1449726044,195376.8,-79.0,903.0,-368.0,0.349,-0.769,-0.419,978.3015894906846,0.9427210616083636
1449918344,195569.1,-83.0,903.0,-369.0,0.349,-0.839,-0.839,979.0091930109747,1.236787370569412
1450110644,195761.4,-80.0,901.0,-366.0,0.49,-0.839,-0.629,975.7853247513,1.1574376873076149
1450302944,195953.7,169.0,924.0,-394.0,1.75,-3.64,-1.47,1018.6132730334904,4.298022801242451
1450495244,196146.0,-183.0,900.0,-366.0,1.96,0.769,-10.359,988.6581815774348,10.57080138873113
1450687544,196338.3,-110.0,888.0,-370.0,0.56,-0.769,0.0,968.2685577875593,0.9512943813562657
1450879844,196530.6,-16.0,907.0,-361.0,0.98,-1.19,-0.56,976.3329350175585,1.6401524319403975
1451072144,196722.9,-54.0,906.0,-361.0,1.19,-1.12,-2.94,976.7666046707371,3.36364385748551
1451264444,196915.2,-105.0,904.0,-364.0,1.049,-0.91,-2.94,980.171923695022,3.251476741420735
1451456744,197107.5,-113.0,904.0,-364.0,0.769,-0.699,-1.19,981.0611601730037,1.5798930343539084
1451649044,197299.8,-104.0,903.0,-366.0,0.49,-0.699,-0.419,979.8882589356809,0.9509269162243752
1451841344,197492.1,-84.0,903.0,-368.0,0.419,-0.769,-0.28,978.7180390694758,0.9194139437707044
1452033644,197684.4,-81.0,902.0,-369.0,0.49,-0.769,-0.349,977.9192195677514,0.9763513711774056
1452225944,197876.7,-102.0,906.0,-376.0,0.56,-0.699,-0.769,986.2129587467405,1.1804922701991742
1452418244,198069.0,-91.0,900.0,-380.0,0.629,-0.629,-0.14,981.1630853227205,0.9004898666836846
1452610544,198261.3,-69.0,901.0,-376.0,0.49,-0.629,-0.209,978.7430714952725,0.8242705866400911
1452802844,198453.6,-85.0,901.0,-376.0,0.49,-0.699,-0.49,980.001020407632,0.9842768919364103
1452995144,198645.9,-77.0,901.0,-376.0,0.419,-0.769,-0.28,979.3395733860651,0.9194139437707044
1453187444,198838.2,-79.0,900.0,-373.0,0.49,-0.769,-0.49,977.4303044207295,1.03516230611436
1453379744,199030.5,-69.0,903.0,-368.0,0.419,-0.839,-0.419,977.5448838800191,1.0271528610679133
1453572044,199222.8,-76.0,903.0,-366.0,0.419,-0.699,-0.56,977.313153497895,0.9888184868821982
1453764344,199415.1,-81.0,902.0,-367.0,0.349,-0.699,-0.56,977.1663113308808,0.9612502275682435
1453956644,199607.4,-85.0,901.0,-374.0,0.419,-0.769,-0.419,979.2354160261974,0.9708156364624542
1454148944,199799.7,-70.0,900.0,-376.0,0.49,-0.839,-0.349,977.8936547498404,1.0323865555110643
1454341244,199992.0,-72.0,901.0,-370.0,0.49,-0.699,-0.349,976.6703640430583,0.9222266532691407
1454533544,200184.3,-73.0,902.0,-365.0,0.28,-0.769,-0.28,975.7858371589537,0.8649630049892307
1454725844,200376.6,-75.0,902.0,-365.0,0.14,-0.769,-0.56,975.9374979987192,0.9615409507660087
1454918144,200568.9,-74.0,901.0,-368.0,0.209,-0.699,-0.49,976.0640347846037,0.8788526611440622
1455110444,200761.2,-75.0,902.0,-371.0,0.419,-0.769,-0.699,978.1973216074556,1.1205012271300732
1455302744,200953.5,-75.0,902.0,-370.0,0.419,-0.839,-0.49,977.8184903140256,1.0581030195590597
1455495044,201145.8,-78.0,901.0,-369.0,0.349,-0.769,-0.56,976.7527834616086,1.0132926526922021
1455687344,201338.1,-72.0,901.0,-369.0,0.209,-0.769,-0.49,976.2919645270056,0.9354902458069779
1455879644,201530.4,-69.0,902.0,-370.0,0.349,-0.839,-0.629,977.3765906752627,1.1051529305937706
1456071944,201722.7,-81.0,902.0,-371.0,0.56,-0.769,-0.98,978.6756357445505,1.3657821934701009
1456264244,201915.0,-74.0,902.0,-370.0,0.49,-0.839,-0.349,977.7422973360618,1.0323865555110643
1456456544,202107.3,-84.0,903.0,-370.0,0.419,-0.629,-0.56,979.4717964290753,0.940639144411926
1456648844,202299.6,-83.0,900.0,-374.0,0.209,-0.699,-0.56,978.1436499819441,0.919718435174592
1456841144,202491.9,-81.0,902.0,-371.0,0.0,-0.629,-0.14,978.6756357445505,0.6443919614644491
1457033444,202684.2,-70.0,908.0,-373.0,0.209,-0.91,-0.56,984.1204194609519,1.0887520378855784
1457225744,202876.5,-91.0,901.0,-372.0,0.419,-0.56,-0.699,979.0127680474857,0.9888184868821982
1457418044,203068.8,-73.0,903.0,-369.0,0.349,-0.839,-0.419,978.2121446802836,1.000641294370765
1457610344,203261.1,-87.0,901.0,-372.0,0.49,-0.699,-0.699,978.6490688699397,1.1033140985231722
1457802644,203453.4,-79.0,902.0,-372.0,0.49,-0.769,-0.56,978.8917202632781,1.0700752310001387
1457994944,203645.7,-83.0,901.0,-372.0,0.56,-0.769,-0.56,978.3015894906846,1.1038845048282906
1458187244,203838.0,-77.0,903.0,-368.0,0.349,-0.769,-0.209,978.1421164636558,0.8699672407625473
1458379544,204030.3,-76.0,904.0,-365.0,0.14,-0.699,-0.56,977.8634874050672,0.9065324042746624
1458571844,204222.6,-79.0,902.0,-367.0,0.209,-0.839,-0.56,977.0025588502826,1.0301465915101597
1458764144,204414.9,-80.0,901.0,-370.0,0.28,-0.839,-0.769,977.29268901389,1.1720418081280206
1458956444,204607.2,-73.0,902.0,-371.0,0.419,-0.839,-0.629,978.0460111876127,1.1292134430655703
1459148744,204799.5,-79.0,902.0,-368.0,0.49,-0.769,-0.56,977.3786369672707,1.0700752310001387
1459341044,204991.8,-82.0,903.0,-367.0,0.28,-0.769,-0.629,978.1727863726327,1.0321831232877237
1459533344,205184.1,-78.0,902.0,-370.0,0.28,-0.839,-0.699,978.0531682889228,1.1273517640914037
1459725644,205376.4,-79.0,901.0,-373.0,0.49,-0.769,-0.56,978.3511639488145,1.0700752310001387
1459917944,205568.7,-81.0,902.0,-374.0,0.49,-0.91,-0.769,979.8168196147686,1.288239496367038
1460110244,205761.0,-76.0,901.0,-374.0,0.49,-0.839,-0.349,978.4952733662028,1.0323865555110643
1460302544,205953.3,-77.0,902.0,-369.0,0.56,-0.839,-0.629,977.5960310885064,1.1887649052693303
1460494844,206145.6,-80.0,902.0,-367.0,0.49,-0.91,-0.56,977.0839267944182,1.1754998936622667
1460687144,206337.9,-83.0,902.0,-369.0,0.56,-0.839,-0.769,978.0869082039694,1.2684171238200783
1460879444,206530.2,-81.0,902.0,-371.0,0.49,-0.839,-0.349,978.6756357445505,1.0323865555110643
1461071744,206722.5,-81.0,902.0,-370.0,0.419,-0.769,-0.49,978.296989671337,1.0035048579852517
1461264044,206914.8,-77.0,903.0,-369.0,0.28,-0.769,-0.419,978.5187785627826,0.9194139437707044
1461456344,207107.1,-71.0,902.0,-368.0,0.209,-0.839,-0.349,976.76455709654,0.9324178247974455
1461648644,207299.4,-74.0,903.0,-367.0,0.209,-0.769,-0.769,977.5346541171826,1.107430810479824
1461840944,207491.7,-77.0,903.0,-368.0,0.349,-0.839,-0.769,978.1421164636558,1.190412953558554
1462033244,207684.0,-81.0,902.0,-369.0,0.419,-0.769,-0.699,977.9192195677514,1.1205012271300732
1462225544,207876.3,-82.0,904.0,-369.0,0.419,-0.839,-0.91,979.8474371043689,1.3067448105885096
1462417844,208068.6,-88.0,902.0,-370.0,0.56,-0.769,-0.629,978.9014250679177,1.1404393890075877
1462610144,208260.9,-81.0,902.0,-371.0,0.56,-0.839,-0.56,978.6756357445505,1.1537421722378012
1462802444,208453.2,-87.0,902.0,-369.0,0.419,-0.699,-0.49,978.4344638247367,0.9509269162243752
1462994744,208645.5,-78.0,903.0,-368.0,0.28,-0.769,-0.419,978.2213450952703,0.9194139437707044
1463187044,208837.8,-77.0,902.0,-367.0,0.209,-0.769,-0.419,976.8428737519663,0.900334937675974
1463379344,209030.1,-79.0,901.0,-367.0,0.209,-0.769,-0.49,976.0794025078083,0.9354902458069779
1463571644,209222.4,-75.0,902.0,-366.0,0.209,-0.839,-0.49,976.3119378559293,0.9938319777507664
1463763944,209414.7,-75.0,902.0,-367.0,0.209,-0.839,-0.56,976.6872580309421,1.0301465915101597
1463956244,209607.0,-78.0,902.0,-368.0,0.349,-0.769,-0.699,977.2983167897098,1.0962495153932794
1464148544,209799.3,-80.0,901.0,-369.0,0.419,-0.839,-0.769,976.9145305501398,1.2127831628118853
1464340844,209991.6,-84.0,902.0,-371.0,0.49,-0.769,-0.699,978.9284958565667,1.1489395110274518
1464533144,210183.9,-85.0,901.0,-370.0,0.56,-0.769,-0.56,977.7146823076761,1.1038845048282906
1464725444,210376.2,-83.0,902.0,-371.0,0.56,-0.769,-0.419,978.8431947967969,1.039481601568782
1464917744,210568.5,-83.0,901.0,-371.0,0.419,-0.699,-0.419,977.9217760127851,0.9163640106420592
1465110044,210760.8,-77.0,901.0,-370.0,0.419,-0.769,-0.349,977.0516874761539,0.9427210616083636
1465302344,210953.1,-78.0,902.0,-369.0,0.349,-0.839,-0.419,977.6753039736659,1.000641294370765
1465494644,211145.4,-75.0,902.0,-369.0,0.349,-0.769,-0.28,977.440535275676,0.8896977014694373
1465686944,211337.7,-74.0,902.0,-368.0,0.349,-0.769,-0.49,976.9872056480576,0.9763513711774056
1465879244,211530.0,-74.0,901.0,-369.0,0.28,-0.769,-0.49,976.4414985036226,0.9538663428384503
1466071544,211722.3,-76.0,902.0,-368.0,0.49,-0.839,-0.699,977.1407268147203,1.1969218855046473
1466263844,211914.6,-77.0,902.0,-369.0,0.49,-0.769,-0.629,977.5960310885064,1.107746360860644
1466456144,212106.9,-80.0,902.0,-369.0,0.56,-0.769,-0.769,977.8368984651786,1.2232424126067571
1466648444,212299.2,-83.0,902.0,-370.0,0.49,-0.769,-0.699,978.4646135655597,1.1489395110274518
1466840744,212491.5,-82.0,902.0,-370.0,0.629,-0.769,-0.629,978.3802941596892,1.1758584098436342
1467033044,212683.8,-84.0,901.0,-372.0,0.419,-0.839,-0.56,978.3869377705325,1.0922829303802197
1467225344,212876.1,-80.0,902.0,-372.0,0.419,-0.769,-0.419,978.9729311886003,0.9708156364624542
1467417644,213068.4,-81.0,902.0,-371.0,0.49,-0.769,-0.56,978.6756357445505,1.0700752310001387
1467609944,213260.7,-82.0,902.0,-370.0,0.349,-0.769,-0.419,978.3802941596892,0.9427210616083636
1467802244,213453.0,-80.0,902.0,-370.0,0.28,-0.769,-0.49,978.2147003597933,0.9538663428384503
1467994544,213645.3,-79.0,901.0,-370.0,0.349,-0.839,-0.49,977.2113384524353,1.0323865555110643
1468186844,213837.6,-76.0,902.0,-369.0,0.419,-0.839,-0.349,977.5177747744539,1.000641294370765
1468379144,214029.9,-78.0,902.0,-368.0,0.419,-0.769,-0.56,977.2983167897098,1.039481601568782
1468571444,214222.2,-73.0,902.0,-367.0,0.349,-0.839,-0.629,976.5357136326352,1.1051529305937706
1468763744,214414.5,-82.0,901.0,-369.0,0.49,-0.699,-0.699,977.0803447004755,1.1033140985231722
1468956044,214606.8,-79.0,901.0,-369.0,0.49,-0.839,-0.56,976.8331484956886,1.12143702453593
1469148344,214799.1,-85.0,902.0,-369.0,0.49,-0.839,-0.839,978.2586570023288,1.283721932507192
1469340644,214991.4,-82.0,903.0,-371.0,0.56,-0.839,-0.629,979.6805601827567,1.1887649052693303
1469532944,215183.7,-77.0,903.0,-367.0,0.91,-0.839,-0.91,977.7663320037155,1.536268531214514
1469725244,215376.0,-43.0,960.0,-453.0,11.479,-0.769,2.589,1062.3831700474175,11.792443470290625
1469917544,215568.3,99.0,923.0,-287.0,0.91,-4.199,-0.56,971.6475698523617,4.3328167512600855
1470109844,215760.6,-62.0,898.0,-408.0,4.34,0.419,-4.199,988.2874075895129,6.05332652349103
1470302144,215952.9,-261.0,887.0,-375.0,-5.11,3.5,8.119,997.7549799424706,10.211770708354159
1470494444,216145.2,-137.0,897.0,-369.0,1.399,-1.47,0.49,979.5606157864862,2.0876304749643793
1470686744,216337.5,-59.0,888.0,-380.0,1.12,-1.82,-0.56,967.6905497110117,2.20916273732833
1470879044,216529.8,-83.0,894.0,-390.0,1.12,-1.33,-2.099,978.8896771342519,2.725637723542878
1471071344,216722.1,-102.0,894.0,-381.0,0.839,-0.699,-0.91,977.1391917224486,1.4214858423494763
1471263644,216914.4,-95.0,894.0,-376.0,0.419,-0.91,-0.629,974.4932016181539,1.1829209610113434
1471455944,217106.7,-98.0,894.0,-381.0,0.629,-0.839,-1.19,976.7297476784456,1.5860838565473139
1471648244,217299.0,-114.0,895.0,-386.0,0.629,-0.98,-1.049,981.3342957422817,1.567304054738582
1471840544,217491.3,-89.0,893.0,-385.0,0.629,-0.91,-0.56,976.5218891555887,1.2398955601178674
1472032844,217683.6,-102.0,894.0,-383.0,0.699,-0.699,-0.699,977.9207534355736,1.210703514490645
1472225144,217875.9,-102.0,895.0,-380.0,0.419,-0.839,-0.629,977.6650755754754,1.1292134430655703
1472417444,218068.2,-104.0,893.0,-383.0,0.419,-0.839,-0.699,977.2174783537183,1.1696508025902432
1472609744,218260.5,-93.0,894.0,-384.0,0.349,-0.839,-0.56,977.4154694908405,1.0673902753913396
1472802044,218452.8,-102.0,893.0,-383.0,0.49,-0.839,-0.629,977.0066529967951,1.1574376873076149
1472994344,218645.1,-98.0,895.0,-379.0,0.349,-0.91,-0.769,976.8674423891913,1.2414757347608532
1473186644,218837.4,-102.0,893.0,-382.0,0.419,-0.839,-0.699,976.6150725848952,1.1696508025902432
1473378944,219029.7,-92.0,895.0,-386.0,2.24,-0.769,-0.56,979.0224716522088,2.4336312374721034
1473571244,219222.0,-90.0,891.0,-394.0,-1.96,-0.98,-0.349,978.3746726075855,2.218963947431323
1473763544,219414.3,-96.0,893.0,-388.0,0.56,-0.769,-0.49,978.3705841857675,1.0700752310001387
1473955844,219606.6,-95.0,895.0,-384.0,-0.209,-0.28,1.33,978.5223553910253,1.3751294484520358
1474148144,219798.9,-90.0,895.0,-381.0,0.28,-0.28,0.839,976.8756317976204,0.9277505052545107
1474340444,219991.2,-73.0,897.0,-356.0,0.56,0.839,-0.98,967.8191979910297,1.4063857934436055
1474532744,220183.5,-97.0,914.0,-337.0,-48.79,5.25,1.049,978.9657808115664,49.082858525151124
1474725044,220375.8,-62.0,935.0,-297.0,-1.049,0.07,2.029,982.9944048670877,2.2852006476456284
1474917344,220568.1,-51.0,938.0,-267.0,0.629,-0.56,-0.56,976.5930575219138,1.0113560204003336
1475109644,220760.4,-74.0,935.0,-259.0,0.0,0.0,-1.049,973.0272349734101,1.049
1475301944,220952.7,-86.0,935.0,-262.0,0.49,-0.14,-0.14,974.8153671336947,0.5284884104689525
1475494244,221145.0,-84.0,935.0,-263.0,0.349,-1.399,-1.33,974.910252279665,1.961606994277906
1475686544,221337.3,-118.0,933.0,-286.0,-0.91,-0.839,3.43,982.959307397819,3.6464943438870163
1475878844,221529.6,-88.0,934.0,-250.0,1.96,-0.49,-2.589,970.8758932015976,3.283994671128441
1476071144,221721.9,-89.0,934.0,-261.0,0.629,-0.98,-0.699,973.85727907122,1.3581759827062176
1476263444,221914.2,-103.0,936.0,-260.0,1.259,-0.28,-1.96,976.885356630961,2.346290902680228
1476455744,222106.5,-154.0,927.0,-253.0,0.629,-0.629,-2.38,973.166994919166,2.5408034162445547
1476648044,222298.8,-93.0,934.0,-271.0,-0.419,-2.24,-2.589,976.9575221062582,3.4490697296517507
1476840344,222491.1,-119.0,936.0,-271.0,-0.56,0.0,0.14,981.6812109845029,0.5772347875864725
1477032644,222683.4,-56.0,937.0,-264.0,0.839,-0.839,-2.799,975.0902522330946,3.040105754739463
1477224944,222875.7,-89.0,935.0,-266.0,1.33,-0.349,1.539,976.1669939103657,2.0637882643333354
1477417244,223068.0,-75.0,935.0,-269.0,0.28,-0.07,2.869,975.8129943795584,2.883480709143032
1477609544,223260.3,-60.0,937.0,-276.0,1.12,-0.839,0.419,978.6444706838128,1.4607812977992292
1477801844,223452.6,-69.0,933.0,-287.0,0.28,-0.28,0.49,978.5800938093928,0.63
1477994144,223644.9,-2.0,942.0,-258.0,-0.91,-0.839,-0.419,976.6944250890347,1.3067448105885096
1478186444,223837.2,27.0,943.0,-336.0,-0.98,-0.98,0.419,1001.4359689965205,1.4478815559292133
1478378744,224029.5,-29.0,945.0,-243.0,-2.589,-0.98,13.229,976.1736525844159,13.51553779914066
1478571044,224221.8,5.0,941.0,-257.0,-0.98,0.419,12.46,975.4768064900364,12.505501229458979
1478763344,224414.1,0.0,946.0,-220.0,0.419,-1.049,4.269,971.2445624043411,4.41591700556068
1478955644,224606.4,48.0,942.0,-220.0,1.399,-0.28,6.09,968.5391060767759,6.254894163772877
1479147944,224798.7,84.0,944.0,-233.0,1.539,-0.349,3.71,975.951330753742,4.0316773184370795
1479340244,224991.0,73.0,942.0,-232.0,0.629,-0.49,2.099,972.8910524822396,2.2453378364958807
1479532544,225183.3,64.0,941.0,-250.0,0.769,-0.629,0.98,975.7443312671614,1.3954934611097252
1479724844,225375.6,77.0,944.0,-243.0,0.07,-0.699,0.629,977.8108201487647,0.9429432644650472
1479917144,225567.9,82.0,945.0,-246.0,-1.399,0.07,-0.839,979.9311200283416,1.6327957618759303
1480109444,225760.2,66.0,948.0,-232.0,0.419,-1.19,-7.21,978.2044776016925,7.31954650234562
1480301744,225952.5,58.0,948.0,-246.0,-0.28,-0.98,1.82,981.1136529475064,2.0859530196051876
1480494044,226144.8,72.0,946.0,-227.0,0.629,-1.049,-6.86,975.5147359215032,6.9681878562507205
1480686344,226337.1,3.0,945.0,-255.0,11.55,-0.349,-1.82,978.8048835186714,11.697722043201402
1480878644,226529.4,-14.0,942.0,-242.0,0.839,-0.14,-2.799,972.6890561736571,2.9253926232217102
1481070944,226721.7,4.0,944.0,-251.0,0.07,-0.91,0.56,976.8075552533364,1.0707940978544848
1481263244,226914.0,41.0,942.0,-248.0,-0.14,-0.629,0.07,974.9610248620198,0.6481828445739675
1481455544,227106.3,20.0,942.0,-247.0,0.349,-0.419,-1.75,974.0497933884078,1.8329926350097536
1481647844,227298.6,8.0,943.0,-256.0,0.349,-0.91,-1.539,977.1637529094087,1.8216536443572362
1481840144,227490.9,1.0,940.0,-258.0,0.49,-0.839,-0.839,974.764074019965,1.283721932507192
1482032444,227683.2,24.0,942.0,-256.0,0.349,-0.91,-0.839,976.4609567207488,1.2860101088249656
1482224744,227875.5,7.0,941.0,-258.0,0.419,-0.629,-0.769,975.7530425266426,1.0782221477970113
1482417044,228067.8,22.0,944.0,-256.0,0.49,-0.91,-0.91,978.343497959689,1.37706209010342
1482609344,228260.1,9.0,940.0,-258.0,0.56,-0.699,-0.769,974.8051087268675,1.1804922701991742
1482801644,228452.4,12.0,943.0,-256.0,0.419,-0.91,-0.98,977.204686849178,1.4014496066573354
1482993944,228644.7,1.0,942.0,-258.0,0.419,-0.699,-0.98,976.6928892952994,1.2745830690857305
1483186244,228837.0,7.0,943.0,-261.0,0.419,-0.839,-0.699,978.4778995971243,1.1696508025902432
1483378544,229029.3,6.0,942.0,-262.0,0.56,-0.769,-0.769,977.775025248651,1.2232424126067571
1483570844,229221.6,-1.0,942.0,-262.0,0.56,-0.769,-0.699,977.7571273071857,1.1804922701991742
1483763144,229413.9,7.0,944.0,-260.0,0.49,-0.91,-0.769,979.1756737174387,1.288239496367038
1483955444,229606.2,-1.0,942.0,-260.0,0.419,-0.629,-0.56,977.2231065626723,0.940639144411926
1484147744,229798.5,7.0,943.0,-259.0,0.349,-0.769,-0.629,977.946317545089,1.052997150993297
1484340044,229990.8,6.0,942.0,-260.0,0.349,-0.769,-0.56,977.2410142846031,1.0132926526922021
1484532344,230183.1,8.0,941.0,-258.0,0.419,-0.699,-0.56,975.7607288674822,0.9888184868821982
1484724644,230375.4,6.0,942.0,-256.0,0.349,-0.769,-0.699,976.1844088080899,1.0962495153932794
1484916944,230567.7,5.0,943.0,-256.0,0.419,-0.769,-0.91,977.1437969920293,1.262941803884882
1485109244,230760.0,-2.0,941.0,-259.0,0.349,-0.699,-0.769,975.9948770357353,1.0962495153932794
1485301544,230952.3,2.0,941.0,-261.0,0.419,-0.769,-0.769,976.5275213735658,1.1654539887957827
1485493844,231144.6,2.0,943.0,-262.0,0.419,-0.769,-0.769,978.7221260398684,1.1654539887957827
1485686144,231336.9,0.0,942.0,-261.0,0.419,-0.769,-0.56,977.4891303743484,1.039481601568782
1485878444,231529.2,-2.0,942.0,-262.0,0.419,-0.699,-0.56,977.7586614292916,0.9888184868821982
1486070744,231721.5,4.0,943.0,-264.0,0.349,-0.769,-0.419,979.2655411072117,0.9427210616083636
1486263044,231913.8,-3.0,941.0,-264.0,0.419,-0.629,-0.629,977.3361755302011,0.9832817500594628
1486455344,232106.1,8.0,942.0,-261.0,0.349,-0.839,-0.28,977.5218667630919,0.9508533009881177
1486647644,232298.4,6.0,942.0,-258.0,0.28,-0.699,-0.629,976.710806738617,0.9811432107495827
1486839944,232490.7,7.0,941.0,-257.0,0.28,-0.91,-0.699,975.4891080888602,1.1811439370373114
1487032244,232683.0,2.0,941.0,-258.0,0.419,-0.769,-0.699,975.7299831408277,1.1205012271300732
1487224544,232875.3,6.0,942.0,-258.0,0.419,-0.91,-0.769,976.710806738617,1.262941803884882
1487416844,233067.6,2.0,941.0,-259.0,0.49,-0.769,-0.769,975.9948770357353,1.192821025971625
1487609144,233259.9,-1.0,943.0,-259.0,0.49,-0.769,-1.19,977.9217760127851,1.499186779557504
1487801444,233452.2,-9.0,944.0,-263.0,0.56,-0.91,-0.91,979.9928571168261,1.4034956359034396
1487993744,233644.5,-13.0,941.0,-267.0,0.699,-0.699,-0.629,978.2325899294094,1.171683831073895
1488186044,233836.8,0.0,944.0,-267.0,0.56,-0.769,-0.56,981.0326192334279,1.1038845048282906
1488378344,234029.1,-14.0,944.0,-264.0,0.49,-0.699,-0.769,980.3203558021224,1.1489395110274518
1488570644,234221.4,-11.0,942.0,-261.0,0.28,-0.769,-0.28,977.5510216863363,0.8649630049892307
1488762944,234413.7,2.0,942.0,-259.0,0.209,-0.769,-0.28,976.9590574839868,0.8446549591401213
1488955244,234606.0,4.0,944.0,-257.0,0.14,-0.839,-0.769,978.3664957468648,1.1466830425187249
1489147544,234798.3,-11.0,941.0,-258.0,0.28,-0.629,-0.629,975.7899364104961,0.932567423835939
1489339844,234990.6,3.0,942.0,-256.0,0.28,-0.839,-0.349,976.1705793558829,0.9508533009881177
1489532144,235182.9,-9.0,942.0,-257.0,0.349,-0.699,-0.349,976.4701736356313,0.8556886115871823
1489724444,235375.2,-2.0,943.0,-256.0,0.209,-0.769,-0.419,977.1330513292445,0.900334937675974
1489916744,235567.5,-6.0,941.0,-262.0,0.14,-0.699,-0.14,976.8116502171747,0.7264991397104335
1490109044,235759.8,1.0,942.0,-259.0,0.349,-0.769,-0.28,976.9575221062582,0.8896977014694373
1490301344,235952.1,0.0,940.0,-257.0,0.419,-0.769,-0.349,974.4993586452482,0.9427210616083636
1490493644,236144.4,15.0,942.0,-252.0,0.209,-0.91,-0.349,975.2399704688072,0.9967858345702952
1490685944,236336.7,1.0,941.0,-251.0,0.209,-0.629,-0.629,973.9009189850885,0.9137630984013307
1490878244,236529.0,7.0,943.0,-250.0,0.209,-0.839,-0.769,975.601353012592,1.1571356878084782
1491070544,236721.3,-2.0,944.0,-253.0,0.28,-0.769,-0.98,977.3172463432742,1.276777584389701
1491262844,236913.6,-3.0,944.0,-256.0,0.49,-0.769,-0.98,978.1007105610342,1.3386041237049884
1491455144,237105.9,-11.0,945.0,-257.0,0.419,-0.769,-1.12,979.3850111166701,1.4217320422639423
1491647444,237298.2,-12.0,943.0,-264.0,0.28,-0.769,-0.699,979.3308940291836,1.0762722703851475
1491839744,237490.5,0.0,943.0,-266.0,0.28,-0.699,-0.769,979.7984486617643,1.0762722703851475
1492032044,237682.8,-4.0,941.0,-268.0,0.209,-0.699,-0.49,978.4278205365994,0.8788526611440622
1492224344,237875.1,1.0,941.0,-267.0,0.28,-0.699,-0.49,978.146717011308,0.8983880008103403
1492416644,238067.4,-6.0,941.0,-265.0,0.28,-0.629,-0.769,977.6205807980926,1.0321831232877237
1492608944,238259.7,3.0,941.0,-267.0,0.28,-0.839,-0.28,978.1508063688339,0.9277505052545107
1492801244,238452.0,1.0,942.0,-264.0,0.28,-0.629,-0.91,978.2949453002402,1.1411139294566517
1492993544,238644.3,2.0,940.0,-265.0,0.49,-0.769,-0.419,976.6416947888309,1.0035048579852517
1493185844,238836.6,0.0,942.0,-262.0,0.49,-0.839,-0.91,977.7566159326154,1.3312103515222529
1493378144,239028.9,-10.0,942.0,-266.0,0.629,-0.769,-0.839,978.8871232169723,1.300354951542078
1493570444,239221.2,-8.0,941.0,-267.0,0.56,-0.769,-0.49,978.1789202390328,1.0700752310001387
1493762744,239413.5,0.0,944.0,-265.0,0.56,-0.839,-0.769,980.4901835306665,1.2684171238200783
1493955044,239605.8,-7.0,941.0,-265.0,0.56,-0.629,-0.419,977.6272295716809,0.9406391444119259
1494147344,239798.1,0.0,943.0,-259.0,0.49,-0.839,-0.629,977.9212647243131,1.1574376873076149
1494339644,239990.4,-5.0,941.0,-260.0,0.349,-0.769,-0.209,976.2714786369619,0.8699672407625473
1494531944,240182.7,-4.0,942.0,-259.0,0.349,-0.629,-0.839,976.9651989707719,1.1051529305937706
1494724244,240375.0,-8.0,942.0,-264.0,0.28,-0.839,-0.349,978.32714364879,0.9508533009881177
1494916544,240567.3,-2.0,942.0,-262.0,0.209,-0.769,-0.56,977.7586614292916,0.9739825460448457
1495108844,240759.6,6.0,942.0,-260.0,0.209,-0.91,-0.56,977.2410142846031,1.0887520378855784
1495301144,240951.9,-6.0,941.0,-262.0,0.419,-0.699,-0.699,976.8116502171747,1.0736680120037105
1495493444,241144.2,1.0,941.0,-262.0,0.349,-0.91,-0.49,976.7937346236411,1.0908716698127237
1495685744,241336.5,-4.0,940.0,-261.0,0.49,-0.699,-0.699,975.5700897424028,1.1033140985231722
1495878044,241528.8,-8.0,941.0,-263.0,0.49,-0.699,-0.28,977.0946729974532,0.8983880008103403
1496070344,241721.1,2.0,943.0,-259.0,0.419,-0.839,-0.629,977.9233098765976,1.1292134430655703
1496262644,241913.4,-4.0,941.0,-260.0,0.419,-0.839,-0.49,976.2668692524601,1.0581030195590597
1496454944,242105.7,-11.0,941.0,-263.0,0.49,-0.629,-0.56,977.1238406670876,0.9743413159668433
1496647244,242298.0,4.0,943.0,-262.0,0.419,-0.839,-0.629,978.7282564634578,1.1292134430655703
1496839544,242490.3,-13.0,940.0,-264.0,0.699,-0.839,-0.699,976.4553241188252,1.2965812739662717
1497031844,242682.6,0.0,940.0,-262.0,0.49,-0.839,-0.209,975.8299032105954,0.9938319777507664
1497224144,242874.9,-4.0,942.0,-258.0,0.49,-0.699,-0.699,976.7005682398265,1.1033140985231722
1497416444,243067.2,4.0,941.0,-257.0,0.28,-0.839,-0.49,975.4721933504819,1.0111483570673494
1497608744,243259.5,4.0,942.0,-255.0,0.349,-0.839,-0.91,975.9123936091805,1.2860101088249656
1497801044,243451.8,3.0,939.0,-256.0,0.56,-0.769,-0.769,973.2759115482105,1.2232424126067571
1497993344,243644.1,-11.0,943.0,-256.0,0.56,-0.699,-1.33,977.1929185171166,1.6034653098835658
1498185644,243836.4,-7.0,940.0,-263.0,0.419,-0.769,-0.209,976.1239675369108,0.900334937675974
1498377944,244028.7,0.0,945.0,-259.0,0.28,-0.769,-1.33,979.8499885186508,1.5616212729083836
1498570244,244221.0,-16.0,940.0,-269.0,0.28,-0.699,-0.28,977.8634874050672,0.8033685331154065
1498762544,244413.3,-3.0,944.0,-268.0,0.49,-0.769,-1.12,981.3098389397713,1.4442510169634641
1498954844,244605.6,-10.0,940.0,-274.0,0.629,-0.769,-0.209,979.1710780042474,1.0152255906940093
1499147144,244797.9,-7.0,943.0,-264.0,0.769,-0.769,-1.19,979.2823903246704,1.6120862259817246
1499339444,244990.2,-15.0,941.0,-264.0,0.699,-0.91,-0.349,977.4466737372428,1.199375670922168
1499531744,245182.5,2.0,944.0,-254.0,0.49,-0.91,-0.699,977.5765954645191,1.2477183175701156
1499724044,245374.8,-7.0,942.0,-254.0,0.28,-0.629,-0.699,975.6684887808973,0.9811432107495827
1499916344,245567.1,0.0,942.0,-254.0,0.0,-0.699,-0.14,975.6433774694522,0.712882178203383
1500108644,245759.4,-3.0,943.0,-260.0,0.07,-0.629,-0.769,978.1911878564435,0.9959427694400919
1500300944,245951.7,6.0,941.0,-264.0,0.07,-0.839,-0.56,977.3499884892822,1.0111483570673494
1500493244,246144.0,-7.0,942.0,-260.0,0.349,-0.56,-1.399,977.247665640599,1.5468038013917602
1500685544,246336.3,-5.0,939.0,-268.0,0.28,-0.91,-0.28,976.5090885393745,0.9924212815130479
1500877844,246528.6,3.0,943.0,-266.0,0.419,-0.699,-1.259,979.8030414323075,1.4997476454390586
1501070144,246720.9,-11.0,940.0,-270.0,0.629,-0.769,-1.19,978.0700383919344,1.550194181385029
1501262444,246913.2,-16.0,940.0,-272.0,0.699,-0.769,-0.209,978.6930060034148,1.0600202828248146
1501454744,247105.5,6.0,941.0,-268.0,0.56,-0.839,-0.419,978.4380409612047,1.0922829303802197
1501647044,247297.8,-13.0,941.0,-263.0,0.349,-0.56,-0.91,977.1484022399054,1.1240556036068678
1501839344,247490.1,5.0,939.0,-266.0,0.07,-0.769,0.28,975.962089427658,0.8213775015180292
1502031644,247682.4,12.0,944.0,-257.0,0.28,-0.769,-1.399,978.4319087192526,1.6207905478500297
1502223944,247874.7,-8.0,940.0,-259.0,0.49,-0.91,-0.699,975.0615365196188,1.2477183175701156
1502416244,248067.0,3.0,942.0,-260.0,0.49,-0.699,-0.56,977.2271997851881,1.020931437462869
1502608544,248259.3,-21.0,946.0,-260.0,0.699,-0.769,-1.96,981.3037246439045,2.21845937533235
1502800844,248451.6,-32.0,937.0,-274.0,0.56,-0.629,0.49,976.76455709654,0.9743413159668433
1502993144,248643.9,10.0,944.0,-265.0,0.419,-0.91,-0.769,980.5411771057858,1.262941803884882
1503185444,248836.2,-25.0,940.0,-268.0,0.49,-0.629,-0.419,977.7775820706875,0.9007230428938742
1503377744,249028.5,8.0,940.0,-264.0,0.28,-0.839,0.209,976.4015567378003,0.9088465216965953
1503570044,249220.8,1.0,941.0,-259.0,0.349,-0.769,-0.699,975.9933401412122,1.0962495153932794
1503762344,249413.1,-1.0,942.0,-259.0,0.349,-0.839,-0.56,976.9575221062582,1.0673902753913396
1503954644,249605.4,-5.0,941.0,-259.0,0.419,-0.699,-0.419,976.0056352296333,0.9163640106420592
1504146944,249797.7,-5.0,941.0,-258.0,0.419,-0.839,-0.769,975.740744255358,1.2127831628118853
1504339244,249990.0,0.0,942.0,-260.0,0.349,-0.839,-0.419,977.2225949086524,1.000641294370765
1504531544,250182.3,-8.0,941.0,-260.0,0.629,-0.629,-0.769,976.2914523849935,1.1758584098436342
1504723844,250374.6,0.0,942.0,-259.0,0.349,-0.91,-0.49,976.9570103131458,1.0908716698127237
1504916144,250566.9,-6.0,941.0,-261.0,0.349,-0.629,-0.49,976.5439058229794,0.8703688873115812
1505108444,250759.2,-6.0,941.0,-260.0,0.49,-0.699,-0.629,976.2771122995765,1.0603499422360525
1505300744,250951.5,-5.0,942.0,-261.0,0.28,-0.769,-0.419,977.5019181566857,0.9194139437707044
1505493044,251143.8,-2.0,941.0,-262.0,0.349,-0.769,-0.349,976.7952702588194,0.9137630984013306
1505685344,251336.1,-4.0,942.0,-262.0,0.419,-0.699,-0.56,977.7647978936448,0.9888184868821982
1505877644,251528.4,-2.0,940.0,-262.0,0.28,-0.769,-0.419,975.8319527459633,0.9194139437707044
1506069944,251720.7,-2.0,941.0,-262.0,0.349,-0.769,-0.629,976.7952702588194,1.052997150993297
1506262244,251913.0,-2.0,941.0,-263.0,0.349,-0.769,-0.28,977.0639692466405,0.8896977014694373
1506454544,252105.3,2.0,943.0,-260.0,0.349,-0.839,-0.769,978.1886321155035,1.190412953558554
1506646844,252297.6,-13.0,939.0,-263.0,0.49,-0.699,-0.49,975.22253870591,0.9842768919364103
1506839144,252489.9,7.0,941.0,-261.0,0.419,-0.98,-0.49,976.550561927031,1.1730562646352476
1507031444,252682.2,-8.0,941.0,-261.0,0.419,-0.629,-0.629,976.5582419907171,0.9832817500594628
1507223744,252874.5,-4.0,942.0,-261.0,0.419,-0.769,-0.769,977.4973145743164,1.1654539887957827
1507416044,253066.8,-2.0,940.0,-263.0,0.419,-0.839,-0.28,976.1009169138199,0.9787144629563823
1507608344,253259.1,0.0,941.0,-261.0,0.419,-0.769,-0.629,976.52547329806,1.0782221477970113
1507800644,253451.4,-2.0,941.0,-261.0,0.349,-0.699,-0.349,976.5275213735658,0.8556886115871823
1507992944,253643.7,0.0,942.0,-260.0,0.349,-0.769,-0.629,977.2225949086524,1.052997150993297
1508185244,253836.0,-12.0,940.0,-261.0,0.419,-0.699,-0.629,975.6356902040843,1.0294673379957229
1508377544,254028.3,0.0,941.0,-262.0,0.419,-0.98,-0.49,976.7932227447117,1.1730562646352476
1508569844,254220.6,-10.0,942.0,-262.0,0.419,-0.769,-0.98,977.8077520658138,1.3142762266738297
1508762144,254412.9,-8.0,941.0,-263.0,0.56,-0.839,-0.49,977.0946729974532,1.12143702453593
1508954444,254605.2,-6.0,941.0,-264.0,0.49,-0.769,-0.419,977.3499884892822,1.0035048579852517
1509146744,254797.5,-9.0,942.0,-263.0,0.49,-0.699,-0.699,978.0664599095503,1.1033140985231722
1509339044,254989.8,-2.0,942.0,-263.0,0.349,-0.91,-0.209,978.0270957391723,0.9967858345702952
1509531344,255182.1,-7.0,942.0,-259.0,0.349,-0.629,-0.769,976.982087860366,1.052997150993297
1509723644,255374.4,-2.0,941.0,-260.0,0.349,-0.839,-0.419,976.2607233726039,1.000641294370765
1509915944,255566.7,-7.0,942.0,-261.0,0.28,-0.769,-0.699,977.5141942703441,1.0762722703851475
1510108244,255759.0,-7.0,941.0,-262.0,0.349,-0.839,-0.699,976.8183044967984,1.1464392700880408
1510300544,255951.3,-5.0,941.0,-264.0,0.349,-0.769,-0.28,977.344361011,0.8896977014694373
1510492844,256143.6,-6.0,943.0,-262.0,0.349,-0.769,-0.769,978.7384737507768,1.1421571695699329
1510685144,256335.9,-5.0,940.0,-265.0,0.349,-0.769,-0.14,976.6524458577883,0.8560151867811692
1510877444,256528.2,0.0,941.0,-259.0,0.349,-0.699,-0.769,975.9928278425001,1.0962495153932794
1511069744,256720.5,-8.0,939.0,-263.0,0.419,-0.839,-0.28,975.1687033534249,0.9787144629563823
1511262044,256912.8,1.0,942.0,-260.0,0.419,-0.769,-0.629,977.2231065626723,1.0782221477970113
1511454344,257105.1,-8.0,940.0,-262.0,0.49,-0.769,-0.49,975.8626952599428,1.03516230611436
1511646644,257297.4,-1.0,942.0,-260.0,0.419,-0.769,-0.629,977.2231065626723,1.0782221477970113
1511838944,257489.7,-4.0,942.0,-260.0,0.419,-0.769,-0.49,977.2307813408254,1.0035048579852517
1512031244,257682.0,-7.0,941.0,-262.0,0.419,-0.699,-0.56,976.8183044967984,0.9888184868821982
1512223544,257874.3,0.0,942.0,-261.0,0.349,-0.839,-0.49,977.4891303743484,1.0323865555110643
1512415844,258066.6,-15.0,942.0,-261.0,0.49,-0.629,-0.769,977.6042143935347,1.107746360860644
1512608144,258258.9,-5.0,941.0,-263.0,0.419,-0.769,-0.14,977.0747156691755,0.886860755699563
1512800444,258451.2,-6.0,943.0,-261.0,0.419,-0.769,-0.839,978.4712566038922,1.2127831628118853
1512992744,258643.5,-8.0,941.0,-264.0,0.349,-0.769,-0.419,977.3643128332444,0.9427210616083636
1513185044,258835.8,-3.0,941.0,-261.0,0.419,-0.769,-0.49,976.5300814619077,1.0035048579852517
1513377344,259028.1,-3.0,942.0,-260.0,0.349,-0.839,-0.56,977.2271997851881,1.0673902753913396
1513569644,259220.4,-6.0,941.0,-261.0,0.419,-0.699,-0.419,976.5439058229794,0.9163640106420592
1513761944,259412.7,-4.0,942.0,-259.0,0.419,-0.699,-0.49,976.9651989707719,0.9509269162243752
1513954244,259605.0,-8.0,941.0,-260.0,0.349,-0.699,-0.56,976.2914523849935,0.9612502275682435
1514146544,259797.3,4.0,941.0,-259.0,0.349,-0.839,-0.209,976.0010245896261,0.9324178247974455
1514338844,259989.6,-12.0,942.0,-258.0,0.49,-0.49,-0.769,976.7660927775902,1.03516230611436
1514531144,260181.9,7.0,942.0,-258.0,0.28,-1.049,-0.209,976.7174617052774,1.1056590794634664
1514723444,260374.2,-14.0,940.0,-260.0,0.49,-0.56,-0.839,975.3953044791634,1.12143702453593
1514915744,260566.5,73.0,942.0,-257.0,-0.14,-0.98,0.07,979.1537162264156,0.9924212815130478
1515108044,260758.8,-1.0,941.0,-261.0,0.839,1.049,-0.56,976.5259853173391,1.4553082147778869
1515300344,260951.1,-28.0,941.0,-258.0,0.419,-0.629,-1.19,976.1296020508752,1.409716992874811
1515492644,261143.4,-16.0,940.0,-263.0,0.349,-0.629,0.349,976.2299933929504,0.7995267350126573
1515684944,261335.7,9.0,941.0,-254.0,0.419,-0.98,-0.14,974.7194468153388,1.0749702321459884
1515877244,261528.0,2.0,943.0,-259.0,0.49,-0.91,-0.91,977.9233098765976,1.37706209010342
1516069544,261720.3,-9.0,940.0,-259.0,0.14,-0.769,-0.56,975.0702538791757,0.9615409507660087
1516261844,261912.6,-8.0,942.0,-261.0,0.699,-0.699,-0.91,977.5218667630919,1.3436152723157027
1516454144,262104.9,-10.0,941.0,-262.0,0.49,-0.629,-0.629,976.8444093098962,1.0155697908071113
1516646444,262297.2,0.0,938.0,-265.0,0.419,-1.049,-0.28,974.7148300913452,1.1637705959509375
1516838744,262489.5,-5.0,940.0,-265.0,0.91,-0.49,0.349,976.6524458577883,1.0908716698127237
1517031044,262681.8,35.0,940.0,-266.0,0.14,-1.12,-2.24,977.5382345463527,2.5083062014036486
1517223344,262874.1,-15.0,940.0,-269.0,0.839,-0.49,-1.19,977.8476363933187,1.536268531214514
1517415644,263066.4,-19.0,941.0,-257.0,0.28,-0.56,-0.49,975.6490147588937,0.7950471684120384
1517607944,263258.7,-29.0,941.0,-272.0,0.56,-0.839,-0.349,979.9520396427572,1.0673902753913396
1517800244,263451.0,-17.0,940.0,-290.0,-0.349,-0.629,0.349,983.8643199140824,0.7995267350126573
1517992544,263643.3,-9.0,939.0,-276.0,0.769,-0.91,-0.769,978.763505653945,1.4180345552912312
1518184844,263835.6,-2.0,943.0,-256.0,1.049,-1.12,-0.91,977.1330513292445,1.7840686645978625
1518377144,264027.9,-22.0,941.0,-259.0,0.419,-0.629,-0.629,976.2407489958612,0.9832817500594628
1518569444,264220.2,-9.0,940.0,-265.0,-0.07,-0.769,-0.07,976.6811147964314,0.7753457293362749
1518761744,264412.5,-10.0,939.0,-274.0,0.769,-0.699,-0.839,978.2111224066101,1.3356208294272742
1518954044,264604.8,-10.0,940.0,-268.0,0.629,-0.91,-0.699,977.5090792417225,1.3085648627408577
1519146344,264797.1,-3.0,941.0,-262.0,0.28,-0.98,-0.629,976.7978296454185,1.197681510252204
1519338644,264989.4,33.0,942.0,-247.0,-0.349,-0.839,0.14,974.4034072190019,0.9194139437707043
1519530944,265181.7,-5.0,940.0,-285.0,0.419,-0.56,-0.28,982.2677842625197,0.7533664447000544
1519723244,265374.0,-8.0,939.0,-273.0,1.61,-0.91,-0.98,977.9130840724036,2.0929882942816476
1519915544,265566.3,-16.0,938.0,-268.0,0.98,-0.839,-1.12,975.6659264317884,1.7084264690059094
1520107844,265758.6,8.0,940.0,-255.0,0.14,-0.769,-0.209,974.0066734884315,0.8090994994436717
1520300144,265950.9,0.0,938.0,-262.0,-0.07,-0.629,0.14,973.9034859779484,0.6481828445739675
1520492444,266143.2,5.0,939.0,-271.0,0.14,-0.769,-0.419,977.3366871247595,0.886860755699563
1520684744,266335.5,-45.0,937.0,-287.0,2.519,-1.33,-3.43,981.0010193674623,4.458605275195373
1520877044,266527.8,25.0,939.0,-280.0,-0.07,0.28,-2.309,980.1765147155894,2.326968199181072
1521069344,266720.1,-7.0,938.0,-246.0,-1.539,0.07,-0.14,969.7468741893423,1.5469392360399938
1521261644,266912.4,38.0,943.0,-212.0,0.14,-1.96,-2.869,967.283309067204,3.477407223780385
1521453944,267104.7,-25.0,938.0,-260.0,0.28,-0.349,-0.91,973.6883484976083,1.0140517738261692
1521646244,267297.0,-13.0,940.0,-250.0,-0.14,-0.56,-1.259,972.7635889567413,1.3850202164589511
1521838544,267489.3,-18.0,938.0,-270.0,0.49,-0.91,-0.98,976.2520166432436,1.4242892964563063
1522030844,267681.6,-12.0,939.0,-268.0,0.699,-0.769,-0.91,976.5700179710618,1.3813261743701233
1522223144,267873.9,-4.0,939.0,-264.0,-0.14,-0.49,-0.07,975.4142709638812,0.5143928459844674
1522415444,268066.2,-11.0,938.0,-274.0,0.49,-0.769,-0.56,977.2619914843716,1.0700752310001387
1522607744,268258.5,-6.0,939.0,-271.0,0.28,-0.769,-0.419,977.3423146472273,0.9194139437707044
1522800044,268450.8,-10.0,938.0,-269.0,0.28,-0.629,-0.28,975.8611581572452,0.7432637486114873
1522992344,268643.1,-9.0,938.0,-267.0,-0.28,-0.839,-0.209,975.3020045093725,0.9088465216965953
1523184644,268835.4,-12.0,940.0,-266.0,0.28,-0.629,-0.56,976.985158536198,0.8874914084091181
1523376944,269027.7,-3.0,939.0,-258.0,0.419,-1.049,-0.769,973.8038816928181,1.3665002744236827
1523569244,269220.0,-4.0,940.0,-260.0,0.28,-0.91,-0.699,975.303029832267,1.1811439370373114
1523761544,269412.3,-10.0,940.0,-266.0,0.28,-0.769,-0.49,976.9626400226367,0.9538663428384503
1523953844,269604.6,-14.0,940.0,-270.0,0.28,-0.56,-0.28,978.1083784530219,0.6858571279792899
1524146144,269796.9,-8.0,939.0,-264.0,0.419,-0.91,-0.629,975.4388755837036,1.1829209610113434
1524338444,269989.2,0.0,941.0,-265.0,1.259,-0.769,-0.839,977.6021685736995,1.6971632213785448
1524530744,270181.5,7.0,940.0,-251.0,0.209,-0.49,-0.07,972.9594030585243,0.5372904242586126
1524723044,270373.8,12.0,941.0,-264.0,-0.49,-0.839,0.419,977.4052383735213,1.0581030195590597
1524915344,270566.1,-9.0,941.0,-273.0,0.629,-0.699,-0.839,979.842334255874,1.260223392895085
1525107644,270758.4,0.0,940.0,-261.0,0.07,-0.769,-0.629,975.5618893745286,0.9959427694400919
1525299944,270950.7,-1.0,940.0,-267.0,0.209,-0.91,-0.629,977.1847317677451,1.1257983833706637
1525492244,271143.0,74.0,940.0,-340.0,0.839,-1.539,2.17,1002.3352732494253,2.789505690978242
1525684544,271335.3,26.0,937.0,-286.0,1.539,-0.349,0.07,980.0209181440975,1.5796271712021164
1525876844,271527.6,-18.0,941.0,-271.0,0.91,-0.699,-1.539,979.4110475178437,1.919693204655369
1526069144,271719.9,-17.0,939.0,-268.0,0.49,-0.98,-0.07,976.6442545778888,1.0979070998950684
1526261444,271912.2,5.0,940.0,-262.0,0.349,-0.769,-0.209,975.8427127360228,0.8699672407625473
1526453744,272104.5,6.0,938.0,-260.0,0.349,-0.769,-0.419,973.3858433324372,0.9427210616083636
1526646044,272296.8,-2.0,941.0,-258.0,0.419,-0.699,-0.699,975.7299831408277,1.0736680120037105
1526838344,272489.1,0.0,938.0,-259.0,0.349,-0.769,-0.49,973.1007142120491,0.9763513711774056
1527030644,272681.4,1.0,936.0,-261.0,0.49,-0.699,-0.419,971.7088041177768,0.9509269162243752
1527222944,272873.7,2.0,936.0,-264.0,0.419,-0.839,-0.349,972.5204368032581,1.000641294370765
1527415244,273066.0,7.0,943.0,-265.0,0.769,-0.98,-0.91,979.5524488254828,1.542679811237575
1527607544,273258.3,-38.0,941.0,-271.0,1.12,-0.769,-1.12,979.982652907693,1.7607274064999388
1527799844,273450.6,-24.0,941.0,-277.0,1.12,-0.769,-0.28,981.2165917879702,1.3871413049866261
1527992144,273642.9,-9.0,941.0,-265.0,1.399,-0.839,-0.91,977.6435955909495,1.8679459306949973
1528184444,273835.2,25.0,943.0,-251.0,0.699,-0.699,-0.349,976.1531642114367,1.0483334393216692
1528376744,274027.5,0.0,940.0,-248.0,0.629,-0.699,-1.33,972.1645951175141,1.6288468313503268
1528569044,274219.8,-36.0,941.0,-276.0,1.399,-0.98,-1.539,981.3016865368163,2.2991568019602315
1528761344,274412.1,-51.0,941.0,-286.0,1.679,-1.539,-1.47,984.823842115939,2.710804677581917
1528953644,274604.4,2.0,942.0,-254.0,1.539,-1.049,-0.699,975.6454273966542,1.989352407191848
1529145944,274796.7,-11.0,940.0,-280.0,1.049,-0.49,-0.419,980.877668213524,1.2312846949426441
1529338244,274989.0,-11.0,940.0,-264.0,0.699,-0.629,-0.56,976.4307451120126,1.0944596840450542
1529530544,275181.3,-6.0,941.0,-245.0,0.419,-1.049,-0.629,972.3898395191097,1.2929048688902058
1529722844,275373.6,-8.0,938.0,-276.0,0.98,-0.699,-0.49,977.795479637741,1.2996541847737806
1529915144,275565.9,-7.0,941.0,-264.0,1.82,-0.91,-0.699,977.3566391036591,2.151534568627704
1530107444,275758.2,-6.0,940.0,-266.0,-0.28,-0.629,-0.419,976.9298848945098,0.8059789079126078
1530299744,275950.5,-6.0,939.0,-270.0,1.33,-0.629,-0.91,977.0655044570963,1.7299251428891367
1530492044,276142.8,-11.0,939.0,-272.0,0.699,-0.839,-0.56,977.6635413065171,1.2272416225014535
1530684344,276335.1,-2.0,939.0,-283.0,-0.14,-0.629,-0.49,980.721163226327,0.8095313459032948
1530876644,276527.4,-10.0,939.0,-279.0,0.209,-0.629,-0.49,979.6233970256121,0.8242705866400911
1531068944,276719.7,-10.0,939.0,-285.0,2.029,-1.12,-0.699,981.3490714317714,2.4207110525628623
1531261244,276912.0,-15.0,940.0,-278.0,1.61,-0.98,-0.56,980.3616679572901,1.9662400667263396
1531453544,277104.3,-6.0,941.0,-244.0,1.47,-1.049,-0.699,972.1383646374625,1.9364663694471949
1531645844,277296.6,-11.0,940.0,-259.0,1.889,-1.19,-0.699,975.090765006007,2.339449080446078
1531838144,277488.9,-11.0,939.0,-276.0,0.839,-0.91,-0.49,978.7839393860118,1.3312103515222529
1532030444,277681.2,-7.0,940.0,-258.0,1.259,-0.839,-0.419,974.7886950513943,1.569892671490634
1532222744,277873.5,-3.0,940.0,-275.0,0.349,-0.769,-0.56,979.4049213680723,1.0132926526922021
1532415044,278065.8,-5.0,939.0,-283.0,1.12,-0.91,-0.629,980.7318695749618,1.5742112310614482
1532607344,278258.1,-9.0,939.0,-267.0,1.12,-0.839,-0.419,976.2637963173684,1.4607812977992292
1532799644,278450.4,-9.0,939.0,-267.0,0.699,-0.769,-0.349,976.2637963173684,1.0962495153932794
1532991944,278642.7,8.0,939.0,-273.0,0.699,-0.91,-0.209,977.9130840724036,1.1663541486186775
1533184244,278835.0,0.0,939.0,-274.0,0.419,-0.839,-0.349,978.160007360759,1.000641294370765
1533376544,279027.3,-5.0,939.0,-262.0,-0.349,-0.419,0.349,974.8794797306998,0.6474279882735994
1533568844,279219.6,2.0,939.0,-279.0,-0.349,-0.49,0.49,979.57439737878,0.7758872340746431
1533761144,279411.9,-25.0,939.0,-269.0,-0.91,-0.28,0.629,977.0910909429069,1.1411139294566517
1533953444,279604.2,28.0,942.0,-249.0,1.33,-0.769,-0.839,974.75586687129,1.7504805054612862
1534145744,279796.5,27.0,940.0,-261.0,-0.839,-0.56,0.14,975.935448685004,1.0183913785966572
1534338044,279988.8,-3.0,938.0,-283.0,1.19,-0.98,-1.049,979.766298665146,1.8646450064288376
1534530344,280181.1,9.0,938.0,-268.0,0.839,-0.98,-1.049,975.5762399730736,1.662745320246008
1534722644,280373.4,-4.0,937.0,-294.0,0.14,-0.91,-0.769,982.0493877601065,1.199608686197295
1534914944,280565.7,15.0,939.0,-265.0,1.679,-1.049,-0.98,975.7924984339652,2.209036441528297
1535107244,280758.0,19.0,940.0,-261.0,0.699,-1.049,-0.769,975.7468934103762,1.4766052282177522
1535299544,280950.3,15.0,939.0,-251.0,-0.629,-1.12,-0.769,972.0838441204545,1.4971312567707618
1535491844,281142.6,32.0,936.0,-332.0,0.49,-0.419,-0.14,993.6518504989562,0.6597431318323821
1535684144,281334.9,12.0,940.0,-284.0,1.889,-1.049,-0.419,982.0386957752734,2.2009731938394888
1535876444,281527.2,-3.0,940.0,-274.0,1.33,-0.98,0.419,979.1246090258379,1.7043652777500486
1536068744,281719.5,-2.0,943.0,-258.0,-0.769,-0.629,-0.28,977.6589384851959,1.0321831232877237
1536261044,281911.8,12.0,941.0,-249.0,0.14,-0.839,-0.769,973.4608363976437,1.1466830425187249
1536453344,282104.1,14.0,941.0,-252.0,-0.14,-1.049,0.419,974.25920575584,1.1382275695132322
1536645644,282296.4,7.0,942.0,-259.0,0.699,-0.699,-0.98,976.982087860366,1.3919777297069087
1536837944,282488.7,-12.0,940.0,-258.0,0.629,-0.839,-0.769,974.8374223428233,1.300354951542078
1537030244,282681.0,-1.0,941.0,-257.0,1.049,-1.399,-3.64,975.4645047360771,4.0382176761536765
1537222544,282873.3,6.0,941.0,-261.0,0.0,-0.49,0.49,976.5439058229794,0.6929646455628166
1537414844,283065.6,10.0,939.0,-254.0,3.15,-1.889,-3.359,972.7985402949574,4.977318756117595
1537607144,283257.9,-10.0,941.0,-303.0,-2.38,0.419,2.38,988.6303657080334,3.391807924986319
1537799444,283450.2,1.0,939.0,-262.0,2.38,-1.049,-0.14,974.8671704391322,2.604688273095266
1537991744,283642.5,-15.0,940.0,-261.0,1.19,-0.839,-0.419,975.6772007175324,1.5151178172010256
1538184044,283834.8,-9.0,941.0,-263.0,0.699,-0.98,-0.769,977.1033722181088,1.428412405434789
1538376344,284027.1,-7.0,941.0,-265.0,0.419,-0.769,-0.699,977.6272295716809,1.1205012271300732
1538568644,284219.4,-4.0,939.0,-262.0,0.49,-0.699,-0.419,974.8748637645757,0.9509269162243752
1538760944,284411.7,-6.0,940.0,-267.0,0.28,-0.699,-0.699,977.2026401929131,1.027424936430881
1538953244,284604.0,-14.0,942.0,-258.0,-0.209,-1.259,0.419,976.7927108655142,1.343250907314043
1539145544,284796.3,-7.0,944.0,-253.0,2.17,-1.61,-0.56,977.34026827917,2.7594564682197835
1539337844,284988.6,3.0,944.0,-254.0,2.17,-1.33,-0.699,977.5791528055414,2.639394059249206
1539530144,285180.9,-2.0,941.0,-267.0,7.28,0.91,-0.699,978.1482505223837,7.36987795014273
1539722444,285373.2,-1.0,942.0,-247.0,1.399,-0.419,0.0,973.8449568591501,1.4603978909872473
1539914744,285565.5,-10.0,940.0,-263.0,0.07,-0.629,-0.56,976.1500909183997,0.8450686362657178
1540107044,285757.8,-5.0,940.0,-266.0,0.419,-0.839,-0.56,976.9242549962612,1.0922829303802197
1540299344,285950.1,-14.0,941.0,-268.0,-0.629,-0.98,-1.33,978.5198005150432,1.767750265167566
1540491644,286142.4,-7.0,943.0,-255.0,0.209,-0.91,-1.19,976.8945695416676,1.5125742956959172
1540683944,286334.7,-11.0,941.0,-261.0,4.269,-0.629,1.049,976.5874256818997,4.440766037521005
1540876244,286527.0,-11.0,941.0,-258.0,-1.75,-0.98,-1.82,975.7899364104961,2.7083758971014347
1541068544,286719.3,-10.0,942.0,-260.0,-2.94,-1.12,-0.98,977.2737589846563,3.2952086428631495
1541260844,286911.6,-16.0,943.0,-255.0,0.98,-0.629,-1.399,977.0005117705927,1.8202313039830953
1541453144,287103.9,-13.0,943.0,-262.0,1.96,-0.699,0.0,978.8064159985876,2.0809135013257998
1541645444,287296.2,-1.0,942.0,-265.0,0.769,-0.98,0.28,978.5652763101704,1.276777584389701
1541837744,287488.5,3.0,941.0,-262.0,0.07,-1.61,0.349,976.7978296454185,1.6488787099116782
1542030044,287680.8,31.0,944.0,-270.0,1.61,2.869,-3.569,982.3426082584426,4.85396971560392
1542222344,287873.1,6.0,944.0,-256.0,-1.33,-1.75,1.399,978.1145127233314,2.6054943868678744
1542414644,288065.4,-10.0,942.0,-247.0,-1.75,-2.45,0.629,973.8957849790705,3.0758155016190423
1542606944,288257.7,-103.0,967.0,-222.0,-0.209,-1.33,-1.96,997.487844537466,2.377852182117299
1542799244,288450.0,-36.0,944.0,-255.0,0.98,-1.33,-1.399,978.4973173187549,2.1648327880000338
1542991544,288642.3,8.0,943.0,-220.0,0.419,-0.14,-2.66,968.3558230320092,2.6964348684883896
1543183844,288834.6,-30.0,945.0,-245.0,0.49,0.0,0.14,976.703639800733,0.5096076922496363
1543376144,289026.9,-11.0,939.0,-258.0,-3.289,-0.91,-3.15,973.8613864405961,4.6441491147464244
1543568444,289219.2,-19.0,944.0,-257.0,3.92,-0.699,0.629,978.5427941587429,4.031208503662394
1543760744,289411.5,-21.0,942.0,-252.0,-0.07,-0.56,-0.28,975.3507061565086,0.6300000000000001
1543953044,289603.8,-23.0,941.0,-254.0,-0.14,-0.699,-0.349,974.9492294473595,0.7937266531999538
1544145344,289796.1,-21.0,943.0,-252.0,-0.419,-0.98,0.07,976.3165470276533,1.0681109492931902
1544337644,289988.4,1.0,941.0,-224.0,0.98,-1.75,0.14,967.2941641506993,2.01059692628831
1544529944,290180.7,-15.0,941.0,-261.0,1.61,-1.61,-0.839,976.6406708713292,2.426545074792554
1544722244,290373.0,-9.0,940.0,-248.0,-2.309,-0.209,2.589,972.2062538371166,3.4753536510691974
1544914544,290565.3,-2.0,941.0,-252.0,-2.519,0.629,2.869,974.1606643670232,3.86938793609532
1545106844,290757.6,-12.0,946.0,-241.0,0.419,0.28,-3.99,976.2894038142583,4.021698770420281
1545299144,290949.9,-14.0,947.0,-232.0,-1.539,1.19,-2.94,975.1046097727157,3.525368207719585
1545491444,291142.2,0.0,948.0,-225.0,-2.099,1.61,-1.259,974.3351579410445,2.929672677962506
1545683744,291334.5,-16.0,948.0,-229.0,-0.56,0.839,-1.679,975.3978675391904,1.9587143742771687
1545876044,291526.8,-9.0,948.0,-227.0,0.839,-1.75,2.17,974.8404997741939,2.9112404572621613
1546068344,291719.1,-13.0,950.0,-219.0,2.17,-1.75,0.14,975.0025640991925,2.791236285232764
1546260644,291911.4,-3.0,946.0,-210.0,4.13,-8.539,-3.289,969.0330231731011,10.039369601723008
1546452944,292103.7,-22.0,944.0,-247.0,0.699,-2.17,-1.889,976.0271512616849,2.960713089780906
1546645244,292296.0,8.0,944.0,-217.0,-2.099,1.259,-0.91,968.6531887110061,2.6113180579929365
1546837544,292488.3,-2.0,948.0,-233.0,-1.12,2.24,-1.399,976.2156524047338,2.8686583972303152
1547029844,292680.6,-6.0,946.0,-233.0,-0.839,0.209,-1.399,974.2899978959036,1.6446285294862182
1547222144,292872.9,-5.0,949.0,-232.0,0.0,0.14,0.14,976.9595692760269,0.19798989873223333
1547414444,293065.2,0.0,949.0,-235.0,1.259,-1.33,0.91,977.6635413065171,2.0450136918857047
1547606744,293257.5,1.0,953.0,-256.0,3.359,-1.33,-0.839,986.7856910190784,3.7088680213779512
1547799044,293449.8,-7.0,950.0,-213.0,0.28,0.28,1.049,973.6108051988741,1.1212497491638516
1547991344,293642.1,-4.0,947.0,-227.0,-0.629,-0.49,-1.33,973.8346882299891,1.550690491361832
1548183644,293834.4,0.0,949.0,-229.0,0.49,-2.17,-0.91,976.2387003187284,2.403559859874515
1548375944,294026.7,22.0,948.0,-237.0,1.33,-1.75,0.699,977.4236543075883,2.3065127357116415
1548568244,294219.0,4.0,948.0,-233.0,1.12,-2.309,-0.629,976.2217985683376,2.6422569897721915
1548760544,294411.3,6.0,949.0,-228.0,-0.209,-0.629,-1.47,976.0230530064339,1.6125203874680156
1548952844,294603.6,2.0,949.0,-230.0,0.699,-1.679,-1.12,976.4758061518985,2.1358937239478935
1549145144,294795.9,5.0,947.0,-226.0,0.699,-1.049,1.12,973.6066967723671,1.6862390103422469
1549337444,294988.2,2.0,948.0,-229.0,0.07,-0.839,-0.28,975.2686809284917,0.8872547548477833
1549529744,295180.5,2.0,949.0,-222.0,-0.209,-1.12,-0.98,974.6224910189586,1.5028243410325772
1549722044,295372.8,16.0,948.0,-229.0,0.629,-0.98,0.56,975.3978675391904,1.2921458895960625
1549914344,295565.1,-7.0,949.0,-216.0,-0.07,-1.259,0.91,973.2964604887866,1.5550180063266148
1550106644,295757.4,15.0,948.0,-223.0,-0.91,-1.539,0.0,973.9907597097623,1.787909673333639
1550298944,295949.7,2.0,950.0,-220.0,0.28,-0.699,-0.209,975.1430664266654,0.7814614513845196
1550491244,296142.0,8.0,948.0,-219.0,-1.399,-0.91,-1.259,973.0,2.090545861730854
1550683544,296334.3,3.0,953.0,-216.0,0.349,-1.33,-1.19,977.1765449497855,1.8184611626317457
1550875844,296526.6,2.0,950.0,-228.0,2.73,-1.049,-0.209,976.9790171748829,2.932061049841902
1551068144,296718.9,2.0,951.0,-237.0,1.75,-1.539,-0.419,980.0887714896033,2.367822206163292
1551260444,296911.2,2.0,950.0,-211.0,1.539,-0.56,1.61,973.1520949985156,2.2965672208755397
1551452744,297103.5,0.0,949.0,-241.0,1.12,-1.19,0.839,979.1230770439435,1.8369597164880889
1551645044,297295.8,13.0,950.0,-241.0,0.629,-1.19,0.629,980.1785551622725,1.4857260851179803
1551837344,297488.1,10.0,948.0,-215.0,0.419,-0.349,0.28,972.1260206372423,0.6129942903486133
1552029644,297680.4,7.0,952.0,-213.0,-2.309,-1.889,-2.799,975.5624018995402,4.090746019982174
1552221944,297872.7,29.0,950.0,-220.0,-1.12,-0.769,-2.309,975.5721398236011,2.67903751373511
1552414244,298065.0,41.0,953.0,-239.0,-2.45,-1.259,1.96,983.3671745589234,3.3807071745420365
1552606544,298257.3,-46.0,953.0,-232.0,3.079,1.61,-2.589,981.9108920874643,4.333043041558669
1552798844,298449.6,-2.0,949.0,-204.0,1.12,0.28,1.399,970.6806890012801,1.8138359903806078
1552991144,298641.9,-2.0,947.0,-246.0,-0.56,-0.419,-0.91,978.4319087192526,1.147719913567766
1553183444,298834.2,8.0,947.0,-294.0,1.75,-0.209,-0.98,991.6193826262171,2.016576554460554
1553375744,299026.5,4.0,947.0,-218.0,0.49,0.209,2.73,971.776208805299,2.7814889897319386
1553568044,299218.8,-5.0,947.0,-247.0,1.399,-0.419,-0.699,978.6945386585132,1.6190623829859059
1553760344,299411.1,19.0,943.0,-258.0,0.28,-1.61,-0.209,977.8415004488202,1.6474771622089333
1553952644,299603.4,19.0,947.0,-247.0,0.14,-0.769,-0.49,978.8661808439394,0.9225296743194769
1554144944,299795.7,-18.0,946.0,-240.0,1.19,-0.91,0.0,976.1352365323157,1.4980654191322889
1554337244,299988.0,29.0,946.0,-264.0,1.75,-0.699,-1.399,982.574679095691,2.346977204831781
1554529544,300180.3,-5.0,947.0,-216.0,1.19,-0.629,0.769,971.3341340651012,1.550194181385029
1554721844,300372.6,-1.0,947.0,-250.0,-1.47,-1.679,-2.869,979.4437196694867,3.6347079662608386
1554914144,300564.9,0.0,946.0,-247.0,0.419,-0.56,-1.96,977.7141709109059,2.0810480532654694
1555106444,300757.2,14.0,947.0,-229.0,-1.33,-0.629,-0.769,974.3951970324977,1.6600909613632622
1555298744,300949.5,-1.0,946.0,-266.0,0.839,0.769,1.19,982.6866234970332,1.6466274624212969
1555491044,301141.8,4.0,947.0,-247.0,2.869,-1.19,1.82,978.6899406860173,3.5999529163587685
1555683344,301334.1,3.0,949.0,-258.0,-2.45,-2.24,-2.519,983.4500495703887,4.16718862064102
1555875644,301526.4,4.0,947.0,-243.0,0.91,0.699,-0.14,977.6880893209245,1.1559848614925716
1556067944,301718.7,7.0,947.0,-241.0,-8.819,-1.33,-1.96,977.2098034710867,9.131553044252659
1556260244,301911.0,28.0,949.0,-268.0,2.029,-3.009,-2.309,986.513557940285,4.301441967526704
1556452544,302103.3,7.0,949.0,-249.0,5.389,2.66,0.839,981.1477972252702,6.068017963058449
1556644844,302295.6,13.0,943.0,-258.0,-2.38,-0.49,-0.07,977.7433200999125,2.4309257495859473
1556837144,302487.9,10.0,944.0,-252.0,0.769,-0.769,-0.629,977.1079776565126,1.256329176609379
1557029444,302680.2,0.0,945.0,-241.0,0.56,-0.49,0.699,975.2466354722789,1.020931437462869
1557221744,302872.5,15.0,945.0,-243.0,0.839,-0.839,-0.91,975.8580839445867,1.495306657512097
1557414044,303064.8,-18.0,946.0,-242.0,0.14,-0.49,-0.769,976.6288957429019,0.9225296743194769
1557606344,303257.1,-5.0,945.0,-238.0,1.47,-0.419,-0.56,974.5224471503979,1.627900795503215
1557798644,303449.4,-11.0,940.0,-251.0,2.17,0.769,2.519,972.9964028710486,3.41256824107592
1557990944,303641.7,42.0,946.0,-230.0,1.33,-1.33,0.209,974.4639552081954,1.892480118785928
1558183244,303834.0,-26.0,943.0,-229.0,2.799,-0.839,0.14,970.7553759830537,2.9253926232217102
1558375544,304026.3,37.0,946.0,-219.0,0.419,-1.33,-1.82,971.7232116194406,2.2927845515878724
1558567844,304218.6,-34.0,947.0,-278.0,4.69,0.14,-2.519,987.5469609086953,5.325510398074536
1558760144,304410.9,2.0,948.0,-203.0,0.839,-0.839,-0.14,969.4931665566293,1.1947560420437302
1558952444,304603.2,-31.0,942.0,-273.0,-0.07,-0.28,-2.38,981.2512420374305,2.397436130536119
1559144744,304795.5,33.0,944.0,-207.0,-0.91,-2.17,-1.399,966.9922440226705,2.7375538350870836
1559337044,304987.8,6.0,941.0,-268.0,1.19,-0.629,-0.699,978.4380409612047,1.5166878386800628
1559529344,305180.1,-13.0,947.0,-313.0,0.419,-1.399,-2.24,997.4703003097385,2.6740160807295084
1559721644,305372.4,-25.0,945.0,-243.0,0.419,-0.629,-0.07,976.0630102611204,0.7590138338660238
1559913944,305564.7,-7.0,944.0,-269.0,-0.209,-1.12,-4.48,981.6037897237358,4.622605434168052
1560106244,305757.0,-18.0,941.0,-262.0,0.629,-0.07,-3.22,976.9590574839868,3.2816064663515037
1560298544,305949.3,-31.0,944.0,-255.0,0.49,-0.98,-1.399,978.3261214952813,1.7769921215357145
1560490844,306141.6,-5.0,943.0,-251.0,0.349,-0.91,0.0,975.8457869971054,0.9746286472292921
1560683144,306333.9,4.0,943.0,-249.0,0.56,-0.769,-0.49,975.3286625543207,1.0700752310001387
1560875444,306526.2,-4.0,944.0,-253.0,0.629,-0.839,-0.699,977.3233855792053,1.260223392895085
1561067744,306718.5,-7.0,943.0,-253.0,0.49,-0.839,-0.769,976.3744158876757,1.2391053223999968
1561260044,306910.8,-6.0,943.0,-252.0,0.56,-0.769,-0.49,976.1091127532823,1.0700752310001387
1561452344,307103.1,-7.0,944.0,-252.0,0.49,-0.769,-0.56,977.0818798852018,1.0700752310001387
1561644644,307295.4,-1.0,944.0,-253.0,0.49,-0.839,-0.419,977.3157115282655,1.0581030195590597
1561836944,307487.7,-11.0,944.0,-252.0,0.349,-0.699,-0.769,977.1187235950399,1.0962495153932794
1562029244,307680.0,-14.0,943.0,-255.0,0.419,-0.839,-0.349,976.9698050605249,1.000641294370765
1562221544,307872.3,1.0,944.0,-252.0,0.28,-0.839,-0.349,977.0573166401242,0.9508533009881177
1562413844,308064.6,-9.0,943.0,-252.0,0.349,-0.629,-0.769,976.1321631828346,1.052997150993297
1562606144,308256.9,-7.0,944.0,-253.0,0.349,-0.769,-0.49,977.34026827917,0.9763513711774056
1562798444,308449.2,-5.0,943.0,-252.0,0.349,-0.769,-0.49,976.1034781210443,0.9763513711774056
1562990744,308641.5,-8.0,943.0,-253.0,0.349,-0.699,-0.349,976.3820973368981,0.8556886115871823
1563183044,308833.8,-1.0,944.0,-251.0,0.349,-0.839,-0.56,976.7998771498694,1.0673902753913396
1563375344,309026.1,-5.0,943.0,-252.0,0.349,-0.699,-0.56,976.1034781210443,0.9612502275682435
1563567644,309218.4,-3.0,944.0,-251.0,0.349,-0.769,-0.49,976.8039721458958,0.9763513711774056
1563759944,309410.7,-5.0,943.0,-251.0,0.419,-0.839,-0.629,975.8457869971054,1.1292134430655703
1563952244,309603.0,-2.0,944.0,-252.0,0.349,-0.839,-0.49,977.058851861033,1.0323865555110643
1564144544,309795.3,-4.0,944.0,-252.0,0.419,-0.769,-0.56,977.0649927205457,1.039481601568782
1564336844,309987.6,-3.0,944.0,-251.0,0.419,-0.839,-0.56,976.8039721458958,1.0922829303802197
1564529144,310179.9,-5.0,943.0,-252.0,0.419,-0.769,-0.49,976.1034781210443,1.0035048579852517
1564721444,310372.2,-5.0,943.0,-252.0,0.419,-0.769,-0.56,976.1034781210443,1.039481601568782
1564913744,310564.5,-2.0,944.0,-252.0,0.419,-0.769,-0.49,977.058851861033,1.0035048579852517
1565106044,310756.8,-5.0,944.0,-252.0,0.49,-0.769,-0.629,977.0695983398522,1.107746360860644
1565298344,310949.1,-3.0,944.0,-251.0,0.419,-0.769,-0.56,976.8039721458958,1.039481601568782
1565490644,311141.4,-5.0,944.0,-251.0,0.49,-0.769,-0.629,976.8121620864474,1.107746360860644
1565682944,311333.7,-2.0,944.0,-253.0,0.419,-0.769,-0.56,977.3172463432742,1.039481601568782
1565875244,311526.0,-5.0,944.0,-252.0,0.419,-0.699,-0.629,977.0695983398522,1.0294673379957229
1566067544,311718.3,-2.0,943.0,-253.0,0.419,-0.769,-0.56,976.3513711774056,1.039481601568782
1566259844,311910.6,-5.0,944.0,-253.0,0.56,-0.769,-0.629,977.3279899808457,1.1404393890075877
1566452144,312102.9,-3.0,944.0,-253.0,0.419,-0.769,-0.56,977.3198043629321,1.039481601568782
1566644444,312295.2,-12.0,943.0,-262.0,0.699,-0.629,-0.629,978.7936452593059,1.1313191415334578
1566836744,312487.5,-3.0,944.0,-256.0,0.56,-0.28,-0.839,978.1007105610342,1.0468624551487171
1567029044,312679.8,-3.0,944.0,-249.0,0.28,-0.629,-0.56,976.2919645270056,0.8874914084091181
1567221344,312872.1,-7.0,942.0,-255.0,1.12,-0.91,-0.699,975.9293007180387,1.603465309883566
1567413644,313064.4,-9.0,943.0,-253.0,0.91,-1.19,-0.49,976.3908029062953,1.5761662348876784
1567605944,313256.7,-11.0,942.0,-261.0,0.56,-0.91,-0.56,977.5510216863363,1.206358155772986
1567798244,313449.0,-3.0,943.0,-258.0,0.209,-0.769,0.0,977.6614956108275,0.796895225233531
1567990544,313641.3,-1.0,943.0,-261.0,0.349,-0.839,-0.839,978.4533713979425,1.236787370569412
1568182844,313833.6,93.0,941.0,-255.0,0.699,-2.24,-2.17,979.3645899255292,3.196107163409888
1568375144,314025.9,-15.0,943.0,-268.0,0.28,-0.209,-0.349,980.4580562165829,0.49384410495620984
1568567444,314218.2,-16.0,943.0,-254.0,0.769,-0.629,-1.33,976.7399858713679,1.6600909613632622
1568759744,314410.5,-13.0,939.0,-254.0,1.679,-0.629,-0.629,972.8340043398977,1.9000849980987693
1568952044,314602.8,-10.0,943.0,-263.0,0.56,-1.049,-0.769,979.0393250528806,1.416108046725249
1569144344,314795.1,0.0,940.0,-260.0,0.28,-0.49,-0.07,975.2948272189287,0.5686826883245173
1569336644,314987.4,12.0,942.0,-239.0,0.14,-0.56,-0.839,971.9202642192414,1.0183913785966572
1569528944,315179.7,6.0,943.0,-255.0,0.0,-0.769,-0.769,976.8879157815394,1.08753022946491
1569721244,315372.0,-8.0,942.0,-267.0,0.14,-0.56,0.419,979.1409500169013,0.7132748418386843
1569913544,315564.3,-4.0,943.0,-271.0,0.56,-0.98,-0.28,981.175825221963,1.1629273408085306
1570105844,315756.6,5.0,941.0,-258.0,0.0,-0.769,0.349,975.740744255358,0.8444891947206903
1570298144,315948.9,-10.0,942.0,-268.0,0.49,-1.19,-2.38,979.4324887402909,2.705660732612276
1570490444,316141.2,12.0,943.0,-255.0,-0.28,-0.209,0.839,976.9431917977627,0.9088465216965953
1570682744,316333.5,-2.0,940.0,-269.0,-0.14,-0.629,-2.029,977.7346265730799,2.12886871365991
1570875044,316525.8,17.0,943.0,-267.0,0.49,-0.629,0.07,980.2178329330679,0.8004005247374592
1571067344,316718.1,-10.0,940.0,-264.0,0.91,-0.699,0.209,976.4199916019745,1.1663541486186775
1571259644,316910.4,19.0,943.0,-252.0,0.28,-0.629,-0.28,976.2755758493603,0.7432637486114873
1571451944,317102.7,3.0,941.0,-281.0,-1.96,-0.839,-0.28,982.0646618222244,2.1503304397231604
1571644244,317295.0,7.0,941.0,-241.0,-0.769,-0.49,0.349,971.3964175350865,0.9763513711774056
1571836544,317487.3,-35.0,940.0,-302.0,1.19,-1.049,-0.07,987.9417999052373,1.5878919988462692
1572028844,317679.6,14.0,940.0,-258.0,-0.839,-0.769,-0.419,974.864093091955,1.2127831628118853
1572221144,317871.9,-6.0,939.0,-269.0,1.61,-0.629,-0.769,976.7896395846958,1.8918514740856376
1572413444,318064.2,-2.0,943.0,-232.0,2.94,-1.259,-2.099,971.1215165982062,3.8255041497820907
1572605744,318256.5,16.0,943.0,-219.0,-0.419,-0.91,-1.19,968.2282788681603,1.5555580992042697
1572798044,318448.8,-34.0,941.0,-264.0,0.49,-0.14,-1.399,977.9227985889274,1.4889261230833448
1572990344,318641.1,-26.0,942.0,-260.0,-0.49,-1.049,-1.19,977.5684119282905,1.6603014786477786
1573182644,318833.4,-11.0,932.0,-327.0,0.07,-0.349,-1.82,987.7621171112,1.8544813291052569
1573374944,319025.7,-14.0,942.0,-267.0,0.839,-1.12,-0.91,979.2083537225365,1.6692576194224786
1573567244,319218.0,-2.0,940.0,-258.0,-0.699,-1.399,-3.569,974.7656128526488,3.8966091669552902
1573759544,319410.3,0.0,945.0,-251.0,-0.07,-0.56,0.699,977.7658206339594,0.8983880008103403
1573951844,319602.6,3.0,944.0,-244.0,0.56,-0.769,2.73,975.0287175257968,2.890996540987208
1574144144,319794.9,-25.0,944.0,-241.0,-0.209,-0.49,0.699,974.5983788207325,0.8788526611440622
1574336444,319987.2,28.0,941.0,-316.0,3.289,-0.699,0.07,993.0362531146584,3.3631862868416906
1574528744,320179.5,10.0,943.0,-213.0,4.059,-0.839,1.61,966.8081505655607,4.446515714579226
1574721044,320371.8,13.0,943.0,-230.0,0.28,-0.91,-0.629,970.7306526529385,1.1411139294566517
1574913344,320564.1,18.0,943.0,-252.0,-0.28,-0.91,0.98,976.2566260978718,1.3663454907160195
1575105644,320756.4,25.0,937.0,-195.0,-0.629,-3.15,-4.199,957.4022143279177,5.2867515545938035
1575297944,320948.7,-13.0,948.0,-248.0,-0.209,-0.419,-1.19,979.9882652358649,1.278804910844496
1575490244,321141.0,-4.0,943.0,-245.0,0.419,-0.629,-0.07,974.3151440884002,0.7590138338660238
1575682544,321333.3,-1.0,943.0,-258.0,0.49,-0.769,0.209,977.6574042066065,0.9354902458069779
1575874844,321525.6,-10.0,946.0,-240.0,1.75,-0.769,0.349,976.0204915881633,1.943106276043593
1576067144,321717.9,-2.0,944.0,-248.0,1.75,-0.839,0.349,976.0348354438995,1.9718574999223448
1576259444,321910.2,19.0,943.0,-257.0,1.399,-0.91,0.14,977.5781298699353,1.6747838666526496
1576451744,322102.5,-13.0,946.0,-229.0,0.349,-1.049,-1.049,973.4094719078914,1.5240088582419722
1576644044,322294.8,0.0,942.0,-251.0,-1.539,-0.49,-0.209,974.8666575486106,1.6285889598053893
1576836344,322487.1,3.0,944.0,-263.0,1.679,-0.14,1.259,979.9561214666705,2.1032646053219266
1577028644,322679.4,11.0,945.0,-233.0,-0.209,-0.209,0.419,973.3627278666469,0.5127601778609567
1577220944,322871.7,3.0,943.0,-256.0,0.14,-0.699,0.629,977.1356098311022,0.9507060534150394
1577413244,323064.0,7.0,943.0,-245.0,-0.349,-0.839,-0.839,974.3320789135499,1.236787370569412
1577605544,323256.3,11.0,943.0,-240.0,1.47,-0.839,-0.769,973.1238359016801,1.8590809557413037
1577797844,323448.6,6.0,943.0,-241.0,0.839,-0.49,-1.33,973.3272830862186,1.6470947149450756
1577990144,323640.9,9.0,944.0,-247.0,0.209,-0.91,-1.12,975.8206802481693,1.458142997102822
1578182444,323833.2,-9.0,944.0,-259.0,0.14,-0.419,-0.91,978.9269635677628,1.0115636411022293
1578374744,324025.5,-2.0,943.0,-262.0,0.699,-0.839,0.14,978.7221260398684,1.1009641229395262
1578567044,324217.8,0.0,943.0,-239.0,0.349,-0.769,-1.19,972.8155015212288,1.4591990953944565
1578759344,324410.1,0.0,944.0,-252.0,0.209,-0.98,0.349,977.0568048992852,1.0610758691064461
1578951644,324602.4,12.0,944.0,-250.0,0.56,-0.769,-1.12,976.6166085010022,1.4694764373748905
1579143944,324794.7,9.0,943.0,-248.0,0.419,-1.12,-0.839,975.1071735968309,1.4607812977992292
1579336244,324987.0,3.0,944.0,-239.0,0.56,-0.98,-0.56,973.7895049752796,1.26
1579528544,325179.3,2.0,942.0,-248.0,0.28,-0.699,-0.419,974.1006108200528,0.861720372278618
1579720844,325371.6,-5.0,943.0,-249.0,0.49,-0.98,0.349,975.3332763727484,1.149913475005837
1579913144,325563.9,6.0,944.0,-256.0,0.349,-0.98,-0.769,978.1145127233314,1.2936622434004943
1580105444,325756.2,17.0,928.0,-260.0,1.19,-0.349,1.75,963.8843291598843,2.1448545405225037
1580297744,325948.5,-19.0,945.0,-250.0,0.419,-0.839,-0.629,977.694226228221,1.1292134430655703
1580490044,326140.8,-17.0,940.0,-252.0,0.419,-0.769,-0.91,973.3411529366258,1.262941803884882
1580682344,326333.1,-5.0,943.0,-251.0,0.419,-0.839,-0.56,975.8457869971054,1.0922829303802197
1580874644,326525.4,7.0,944.0,-255.0,0.629,0.209,-0.209,977.859908166809,0.6949841724816472
1581066944,326717.7,-11.0,941.0,-251.0,0.91,-0.98,0.0,973.962524946417,1.337348122217996
1581259244,326910.0,-11.0,943.0,-249.0,0.56,-1.049,-0.98,975.3824890780027,1.5409091472244558
1581451544,327102.3,7.0,942.0,-256.0,0.629,-0.56,-0.28,976.1910673633517,0.8874914084091181
1581643844,327294.6,-8.0,942.0,-260.0,0.349,-0.629,-0.699,977.2553402258798,1.0030169490093375
1581836144,327486.9,-3.0,943.0,-258.0,0.419,-0.699,-0.419,977.6614956108275,0.9163640106420592
1582028444,327679.2,-16.0,942.0,-263.0,0.49,-0.56,-0.699,978.1559180416996,1.020931437462869
1582220744,327871.5,-11.0,942.0,-257.0,0.49,-0.839,-0.699,976.4906553572338,1.1969218855046473
1582413044,328063.8,0.0,942.0,-261.0,0.91,-0.769,-0.56,977.4891303743484,1.3164577471381298
1582605344,328256.1,-1.0,942.0,-260.0,0.699,-0.699,-0.349,977.2231065626723,1.0483334393216692
1582797644,328448.4,8.0,942.0,-266.0,0.699,-1.539,-0.98,978.8687348158587,1.953847998182049
1582989944,328640.7,10.0,942.0,-256.0,0.419,-0.699,-1.259,976.2171889492624,1.4997476454390586
1583182244,328833.0,15.0,944.0,-239.0,0.28,-0.699,-0.28,973.9004055857047,0.8033685331154065
1583374544,329025.3,-10.0,942.0,-259.0,0.14,-0.769,-1.19,977.0081882973141,1.423748924494765
1583566844,329217.6,53.0,938.0,-262.0,0.98,-0.769,0.769,975.3445545036892,1.4639405725643373
1583759144,329409.9,4.0,942.0,-257.0,0.349,-0.629,-0.699,976.4368899217194,1.0030169490093375
1583951444,329602.2,-9.0,942.0,-258.0,0.699,-0.629,-0.14,976.7338429684926,0.9507060534150394
1584143744,329794.5,-132.0,943.0,-278.0,-3.99,2.24,-1.33,991.9460670822784,4.765144279032903
1584336044,329986.8,-69.0,942.0,-282.0,0.91,-1.049,-1.12,985.7225776048756,1.7840686645978625
1584528344,330179.1,-12.0,943.0,-263.0,1.049,-1.259,-0.07,979.0617958024917,1.6402383973069279
1584720644,330371.4,-6.0,943.0,-255.0,1.049,-0.699,-1.049,976.8879157815394,1.639939937924557
1584912944,330563.7,-8.0,943.0,-256.0,0.769,-0.91,-0.839,977.1637529094087,1.4571828986095052
1585105244,330756.0,-17.0,944.0,-257.0,0.699,-0.769,-0.839,978.5060040694692,1.3356208294272742
1585297544,330948.3,-9.0,939.0,-255.0,0.56,-0.769,-0.629,973.05035840906,1.1404393890075877
1585489844,331140.6,-8.0,942.0,-258.0,0.419,-0.769,-0.349,976.725140456618,0.9427210616083636
1585682144,331332.9,-8.0,942.0,-258.0,0.349,-0.839,-0.28,976.725140456618,0.9508533009881177
1585874444,331525.2,-4.0,942.0,-259.0,0.28,-0.769,-0.49,976.9651989707719,0.9538663428384503
1586066744,331717.5,-6.0,943.0,-257.0,0.419,-0.91,-0.699,977.4118886119608,1.221581761487949
1586259044,331909.8,-6.0,942.0,-256.0,0.419,-0.769,-0.49,976.1844088080899,1.0035048579852517
1586451344,332102.1,-4.0,942.0,-254.0,0.49,-0.839,-0.56,975.6515771524176,1.12143702453593
1586643644,332294.4,-4.0,943.0,-256.0,0.419,-0.839,-0.56,977.1391917224486,1.0922829303802197
1586835944,332486.7,-29.0,943.0,-248.0,0.419,-0.699,-1.12,975.4967965093479,1.3851216553068544
1587028244,332679.0,-2.0,944.0,-254.0,0.98,-1.259,0.699,977.5765954645191,1.7418616477780318
1587220544,332871.3,10.0,940.0,-259.0,1.889,-0.419,1.19,975.079996718218,2.2715593762875756
1587412844,333063.6,-5.0,941.0,-279.0,1.33,-0.699,-1.61,981.5024197626819,2.2021809644077845
1587605144,333255.9,-7.0,939.0,-279.0,0.91,-0.98,-0.91,979.5973662684072,1.617590801160788
1587797444,333448.2,-3.0,942.0,-265.0,0.07,-0.56,0.349,978.5693639185727,0.6635518065682589
1587989744,333640.5,-65.0,939.0,-290.0,0.0,-1.19,-1.679,984.9091328645501,2.057945820472444
1588182044,333832.8,-4.0,941.0,-271.0,-0.629,-0.56,2.589,979.2537975417813,2.7225286040737937
1588374344,334025.1,17.0,941.0,-246.0,0.699,0.0,0.91,972.7723269090255,1.1474759256733886
1588566644,334217.4,3.0,943.0,-239.0,-0.56,-1.539,3.009,972.8201272588885,3.4258140638394257
1588758944,334409.7,-3.0,943.0,-261.0,1.049,-1.12,0.0,978.4574594738393,1.5345360862488702
1588951244,334602.0,2.0,944.0,-250.0,0.769,-0.98,0.07,976.5449298419403,1.247662213902465
1589143544,334794.3,-9.0,942.0,-258.0,0.769,-0.629,-0.209,976.7338429684926,1.0152255906940093
1589335844,334986.6,-8.0,942.0,-263.0,-0.839,-0.56,-0.49,978.0577692549658,1.12143702453593
1589528144,335178.9,21.0,943.0,-251.0,3.22,-0.07,0.349,976.0589121564333,3.239614328897809
1589720444,335371.2,61.0,932.0,-476.0,4.619,-2.099,-3.71,1048.2943288981392,6.285305243184295
1589912744,335563.5,12.0,943.0,-263.0,2.38,-0.769,-0.349,979.0617958024917,2.525383535227867
1590105044,335755.8,-1.0,942.0,-250.0,0.14,-0.56,-0.349,974.6101784816327,0.6745376194105115
1590297344,335948.1,-38.0,944.0,-208.0,1.47,-0.419,1.889,967.3903038587889,2.429975720043309
1590489644,336140.4,25.0,946.0,-279.0,-4.69,-2.799,-0.629,986.6012365692636,5.497830663088852
1590681944,336332.7,5.0,952.0,-131.0,-1.049,-2.38,-4.829,960.9838708323881,5.484892159377429
1590874244,336525.0,28.0,941.0,-258.0,-1.61,-1.259,-0.14,976.1296020508752,2.048604647070781
1591066544,336717.3,3.0,944.0,-275.0,0.14,-0.839,-1.049,983.2446287674294,1.3505265639742152
1591258844,336909.6,-21.0,942.0,-271.0,0.629,-0.419,-0.769,980.4315376404413,1.0782221477970113
1591451144,337101.9,-4.0,942.0,-263.0,0.629,-0.91,-0.349,978.0332305192907,1.1599749997305977
1591643444,337294.2,-8.0,942.0,-257.0,0.49,-0.769,-0.349,976.461468773858,0.9763513711774056
1591835744,337486.5,1.0,942.0,-255.0,0.49,-0.91,-0.419,975.9047084628704,1.1152403328431053
1592028044,337678.8,-4.0,943.0,-254.0,0.419,-0.699,-0.699,976.6171204725013,1.0736680120037105
1592220344,337871.1,-5.0,943.0,-253.0,0.419,-0.839,-0.699,976.3621254432189,1.1696508025902432
1592412644,338063.4,-10.0,942.0,-255.0,0.349,-0.769,-0.56,975.9554293101709,1.0132926526922021
1592604944,338255.7,-11.0,943.0,-257.0,0.349,-0.699,-0.699,977.4553698251394,1.0483334393216692
1592797244,338448.0,-8.0,942.0,-259.0,0.419,-0.769,-0.349,976.9897645318501,0.9427210616083636
1592989544,338640.3,-10.0,943.0,-257.0,0.349,-0.769,-0.56,977.4446275876705,1.0132926526922021
1593181844,338832.6,-4.0,943.0,-256.0,0.349,-0.839,-0.419,977.1391917224486,1.000641294370765
1593374144,339024.9,-10.0,944.0,-257.0,0.419,-0.699,-0.839,978.4094235032694,1.1696508025902432
1593566444,339217.2,-1.0,941.0,-257.0,0.28,-0.91,-0.209,975.4645047360771,0.9747722810995397
1593758744,339409.5,-13.0,939.0,-253.0,0.0,-0.419,0.209,972.5733905469551,0.4682328480574595
1593951044,339601.8,-17.0,948.0,-260.0,0.07,-0.769,-1.889,983.1546165278379,2.040730751471149
1594143344,339794.1,-6.0,941.0,-276.0,0.699,-0.839,0.0,980.6594719881107,1.0920265564536422
1594335644,339986.4,-3.0,943.0,-255.0,0.769,-0.839,-0.699,976.8740962887695,1.3356208294272742
1594527944,340178.7,-8.0,945.0,-250.0,0.49,-0.769,-1.19,977.5423264493461,1.499186779557504
1594720244,340371.0,-1.0,942.0,-253.0,0.28,-0.769,-0.629,975.3840269350324,1.0321831232877237
1594912544,340563.3,7.0,943.0,-259.0,0.28,-0.98,-0.49,977.946317545089,1.1308846094982459
1595104844,340755.6,-5.0,942.0,-254.0,0.419,-0.56,-1.19,975.656189443802,1.3803119212699715
1595297144,340947.9,40.0,942.0,-240.0,0.14,-1.539,0.07,972.9152069939086,1.5469392360399938
1595489444,341140.2,30.0,948.0,-233.0,-0.28,-0.769,-1.679,976.6744595821066,1.867833504357388
1595681744,341332.5,-13.0,940.0,-253.0,0.28,-0.49,-2.029,973.5389052318351,2.1060249286273893
1595874044,341524.8,-1.0,942.0,-256.0,0.419,-0.91,-0.419,976.1664817027882,1.0859198865478061
1596066344,341717.1,-5.0,943.0,-247.0,0.49,-0.699,-1.399,974.8245996075397,1.6388721731727585
1596258644,341909.4,-9.0,942.0,-252.0,0.349,-0.839,-0.349,975.1661396910785,0.9734079309313233
1596450944,342101.7,-13.0,944.0,-256.0,0.349,-0.699,-1.399,978.1824983100036,1.6023741760275594
1596643244,342294.0,-24.0,941.0,-264.0,0.629,-0.699,-0.699,977.6262066863796,1.171683831073895
1596835544,342486.3,-8.0,944.0,-260.0,0.629,-0.839,-0.699,979.1833331914918,1.260223392895085
1597027844,342678.6,-20.0,942.0,-256.0,0.56,-0.56,-0.769,976.3708311906905,1.1038845048282906
1597220144,342870.9,-5.0,943.0,-258.0,0.419,-0.91,-0.349,977.6696783679035,1.0608779383133575
1597412444,343063.2,-7.0,943.0,-259.0,0.56,-0.769,-0.769,977.946317545089,1.2232424126067571
1597604744,343255.5,-4.0,942.0,-259.0,0.49,-0.699,-0.629,976.9651989707719,1.0603499422360525
1597797044,343447.8,-1.0,942.0,-254.0,0.419,-0.839,-0.349,975.6438899516564,1.000641294370765
1597989344,343640.1,-11.0,942.0,-253.0,0.349,-0.629,-0.49,975.4455392281006,0.8703688873115812
1598181644,343832.4,-4.0,944.0,-256.0,0.28,-0.839,-0.49,978.1042889181092,1.0111483570673494
1598373944,344024.7,-11.0,942.0,-257.0,0.28,-0.629,-0.56,976.4906553572338,0.8874914084091181
1598566244,344217.0,-4.0,942.0,-258.0,0.349,-0.839,-0.49,976.7005682398265,1.0323865555110643
1598758544,344409.3,-10.0,944.0,-259.0,0.56,-0.769,-0.629,978.9366680230137,1.1404393890075877
1598950844,344601.6,-9.0,942.0,-261.0,0.419,-0.839,-0.629,977.5305621820731,1.1292134430655703
1599143144,344793.9,0.0,941.0,-260.0,0.49,-0.839,-0.419,976.2586747373874,1.0581030195590597
1599335444,344986.2,-2.0,945.0,-259.0,0.49,-0.839,-0.839,979.8520296452929,1.283721932507192
1599527744,345178.5,-13.0,940.0,-258.0,0.49,-0.699,-0.419,974.8502449094425,0.9509269162243752
1599720044,345370.8,-2.0,944.0,-256.0,0.419,-0.769,-0.56,978.0981545836798,1.039481601568782
1599912344,345563.1,-12.0,943.0,-258.0,0.419,-0.839,-0.49,977.7305354748822,1.0581030195590597
1600104644,345755.4,-12.0,944.0,-257.0,0.419,-0.769,-0.49,978.4319087192526,1.0035048579852517
1600296944,345947.7,-10.0,943.0,-256.0,0.419,-0.699,-0.419,977.1821733945006,0.9163640106420592
1600489244,346140.0,-5.0,943.0,-255.0,0.419,-0.839,-0.419,976.8822856414175,1.0271528610679133
1600681544,346332.3,-7.0,942.0,-255.0,0.419,-0.769,-0.629,975.9293007180387,1.0782221477970113
1600873844,346524.6,-7.0,943.0,-256.0,0.419,-0.769,-0.629,977.1560776048011,1.0782221477970113
1601066144,346716.9,-11.0,943.0,-257.0,0.419,-0.769,-0.49,977.4553698251394,1.0035048579852517
1601258444,346909.2,-12.0,942.0,-256.0,0.49,-0.699,-0.769,976.2397246578322,1.1489395110274518
1601450744,347101.5,-15.0,942.0,-257.0,0.419,-0.769,-0.56,976.5439058229794,1.039481601568782
1601643044,347293.8,-7.0,944.0,-258.0,0.419,-0.839,-0.419,978.6465143247586,1.0271528610679133
1601835344,347486.1,-12.0,942.0,-257.0,0.56,-0.699,-0.419,976.5024321526291,0.9888184868821982
1602027644,347678.4,-9.0,942.0,-258.0,0.349,-0.839,-0.349,976.7338429684926,0.9734079309313233
1602219944,347870.7,-2.0,942.0,-257.0,0.419,-0.839,-0.49,976.4307451120126,1.0581030195590597
1602412244,348063.0,-2.0,942.0,-256.0,0.419,-0.769,-0.49,976.1680183247145,1.0035048579852517
1602604544,348255.3,-6.0,942.0,-254.0,0.28,-0.769,-0.49,975.661826659217,0.9538663428384503
1602796844,348447.6,-7.0,944.0,-256.0,0.349,-0.839,-0.699,978.1211581394199,1.1464392700880408
1602989144,348639.9,-11.0,943.0,-257.0,0.419,-0.699,-0.769,977.4553698251394,1.1205012271300732
1603181444,348832.2,-12.0,943.0,-258.0,0.419,-0.769,-0.629,977.7305354748822,1.0782221477970113
1603373744,349024.5,-10.0,943.0,-258.0,0.419,-0.769,-0.349,977.7080341287985,0.9427210616083636
1603566044,349216.8,-10.0,943.0,-257.0,0.349,-0.699,-0.349,977.4446275876705,0.8556886115871823
1603758344,349409.1,-4.0,942.0,-257.0,0.349,-0.839,-0.419,976.4368899217194,1.000641294370765
1603950644,349601.4,-4.0,941.0,-257.0,0.419,-0.769,-0.419,975.4721933504819,0.9708156364624542
1604142944,349793.7,-5.0,942.0,-255.0,0.349,-0.769,-0.629,975.9170046679175,1.052997150993297
1604335244,349986.0,-3.0,943.0,-256.0,0.349,-0.769,-0.56,977.1356098311022,1.0132926526922021
1604527544,350178.3,-12.0,942.0,-256.0,0.49,-0.699,-0.839,976.2397246578322,1.1969218855046473
1604719844,350370.6,-9.0,943.0,-257.0,0.49,-0.91,-0.56,977.4349083187075,1.1754998936622667
1604912144,350562.9,-11.0,943.0,-257.0,0.49,-0.769,-0.629,977.4553698251394,1.107746360860644
1605104444,350755.2,-11.0,944.0,-257.0,0.419,-0.839,-0.629,978.4201551480836,1.1292134430655703
1605296744,350947.5,-9.0,942.0,-257.0,0.349,-0.699,-0.28,976.4701736356313,0.8299409617557142
1605489044,351139.8,-8.0,943.0,-257.0,0.349,-0.699,-0.419,977.4262120487664,0.8865455431053725
1605681344,351332.1,-9.0,942.0,-259.0,0.349,-0.699,-0.419,976.9984646866135,0.8865455431053725
1605873644,351524.4,-5.0,941.0,-259.0,0.349,-0.769,-0.349,976.0056352296333,0.9137630984013306
1606065944,351716.7,-4.0,942.0,-258.0,0.28,-0.769,-0.419,976.7005682398265,0.9194139437707044
1606258244,351909.0,-5.0,942.0,-258.0,0.419,-0.699,-0.49,976.705175577564,0.9509269162243752
1606450544,352101.3,-4.0,942.0,-256.0,0.419,-0.769,-0.629,976.1741647882308,1.0782221477970113
1606642844,352293.6,-7.0,942.0,-255.0,0.49,-0.769,-0.769,975.9293007180387,1.192821025971625
1606835144,352485.9,-9.0,942.0,-257.0,0.49,-0.769,-0.56,976.4701736356313,1.0700752310001387
1607027444,352678.2,-4.0,942.0,-259.0,0.49,-0.769,-0.699,976.9651989707719,1.1489395110274518
1607219744,352870.5,-15.0,942.0,-261.0,0.629,-0.629,-1.049,977.6042143935347,1.3753846734641186
1607412044,353062.8,-8.0,942.0,-263.0,0.629,-0.839,-0.49,978.0577692549658,1.1574376873076149
1607604344,353255.1,-4.0,943.0,-259.0,0.56,-0.839,-0.56,977.929445307789,1.1537421722378012
1607796644,353447.4,-6.0,942.0,-257.0,0.49,-0.839,-0.699,976.4471311852988,1.1969218855046473
1607988944,353639.7,-7.0,943.0,-259.0,0.56,-0.839,-0.839,977.946317545089,1.3120373470294204
1608181244,353832.0,-11.0,942.0,-257.0,0.629,-0.769,-0.699,976.4906553572338,1.2147440059535177
1608373544,354024.3,-11.0,943.0,-256.0,0.419,-0.699,-0.629,977.1929185171166,1.0294673379957229
1608565844,354216.6,-11.0,944.0,-256.0,0.28,-0.769,-0.419,978.1579627033663,0.9194139437707044
1608758144,354408.9,-11.0,944.0,-257.0,0.209,-0.699,-0.28,978.4201551480836,0.7814614513845196
1608950444,354601.2,-2.0,943.0,-260.0,0.28,-0.91,-0.49,978.1886321155035,1.0707940978544848
1609142744,354793.5,-10.0,941.0,-260.0,0.349,-0.629,-0.419,976.3098893281784,0.8324680174036717
1609335044,354985.8,-6.0,942.0,-258.0,0.349,-0.769,-0.419,976.710806738617,0.9427210616083636
1609527344,355178.1,-6.0,942.0,-258.0,0.419,-0.769,-0.56,976.710806738617,1.039481601568782
1609719644,355370.4,-12.0,944.0,-262.0,0.419,-0.699,-0.839,979.757112758055,1.1696508025902432
1609911944,355562.7,-7.0,942.0,-263.0,0.56,-0.769,-0.49,978.0501009662031,1.0700752310001387
1610104244,355755.0,-3.0,943.0,-259.0,0.56,-0.839,-0.419,977.9258663109388,1.0922829303802197
1610296544,355947.3,-8.0,942.0,-257.0,0.56,-0.699,-0.629,976.461468773858,1.0944596840450542
1610488844,356139.6,-10.0,942.0,-257.0,0.49,-0.769,-0.56,976.4799025069589,1.0700752310001387
1610681144,356331.9,-8.0,943.0,-258.0,0.419,-0.839,-0.49,977.68962355136,1.0581030195590597
1610873444,356524.2,-10.0,942.0,-257.0,0.419,-0.629,-0.56,976.4799025069589,0.940639144411926
1611065744,356716.5,-5.0,944.0,-255.0,0.419,-0.91,-0.56,977.8476363933187,1.147719913567766
1611258044,356908.8,-6.0,942.0,-256.0,0.49,-0.769,-0.28,976.1844088080899,0.9538663428384503
1611450344,357101.1,-7.0,942.0,-256.0,0.349,-0.839,-0.699,976.1910673633517,1.1464392700880408
1611642644,357293.4,-6.0,942.0,-258.0,0.349,-0.769,-0.349,976.710806738617,0.9137630984013306
1611834944,357485.7,-9.0,942.0,-256.0,0.419,-0.629,-0.629,976.2074574597349,0.9832817500594628
1612027244,357678.0,-8.0,942.0,-255.0,0.349,-0.769,-0.56,975.9369856706938,1.0132926526922021
1612219544,357870.3,-5.0,942.0,-255.0,0.49,-0.839,-0.56,975.9170046679175,1.12143702453593
1612411844,358062.6,-6.0,942.0,-256.0,0.419,-0.769,-0.699,976.1844088080899,1.1205012271300732
1612604144,358254.9,-7.0,943.0,-257.0,0.419,-0.769,-0.699,977.4185388051528,1.1205012271300732
1612796444,358447.2,-4.0,943.0,-257.0,0.49,-0.839,-0.629,977.4016574571582,1.1574376873076149
1612988744,358639.5,-10.0,943.0,-256.0,0.49,-0.699,-0.629,977.1821733945006,1.0603499422360525
1613181044,358831.8,-7.0,942.0,-256.0,0.419,-0.769,-0.629,976.1910673633517,1.0782221477970113
1613373344,359024.1,-4.0,943.0,-256.0,0.349,-0.769,-0.349,977.1391917224486,0.9137630984013306
1613565644,359216.4,-6.0,942.0,-256.0,0.49,-0.769,-0.629,976.1844088080899,1.107746360860644
1613757944,359408.7,-9.0,943.0,-256.0,0.419,-0.769,-0.56,977.1724515150844,1.039481601568782
1613950244,359601.0,-7.0,943.0,-256.0,0.419,-0.769,-0.629,977.1560776048011,1.0782221477970113
1614142544,359793.3,-6.0,943.0,-255.0,0.349,-0.769,-0.49,976.8879157815394,0.9763513711774056
1614334844,359985.6,-8.0,942.0,-256.0,0.349,-0.839,-0.769,976.1987502552951,1.190412953558554
1614527144,360177.9,-6.0,942.0,-259.0,0.419,-0.769,-0.349,976.9754346962875,0.9427210616083636
1614719444,360370.2,-8.0,942.0,-256.0,0.419,-0.699,-0.629,976.1987502552951,1.0294673379957229
1614911744,360562.5,-6.0,942.0,-259.0,0.419,-0.769,-0.349,976.9754346962875,0.9427210616083636
1615104044,360754.8,-2.0,943.0,-258.0,0.419,-0.769,-0.56,977.6589384851959,1.039481601568782
1615296344,360947.1,-8.0,941.0,-258.0,0.419,-0.699,-0.419,975.7607288674822,0.9163640106420592
1615488644,361139.4,-2.0,943.0,-257.0,0.419,-0.839,-0.419,977.39551871287,1.0271528610679133
1615680944,361331.7,-5.0,942.0,-256.0,0.349,-0.699,-0.49,976.1787746104707,0.9222266532691407
1615873244,361524.0,-3.0,943.0,-257.0,0.349,-0.839,-0.419,977.3980765276756,1.000641294370765
1616065544,361716.3,1.0,942.0,-257.0,0.49,-0.769,-0.49,976.4292089035436,1.03516230611436
1616257844,361908.6,-6.0,942.0,-256.0,0.49,-0.769,-0.629,976.1844088080899,1.107746360860644
1616450144,362100.9,-5.0,942.0,-256.0,0.49,-0.769,-0.56,976.1787746104707,1.0700752310001387
1616642444,362293.2,-6.0,943.0,-256.0,0.419,-0.769,-0.699,977.1494256253749,1.1205012271300732
1616834744,362485.5,-7.0,943.0,-258.0,0.419,-0.839,-0.629,977.6819523751064,1.1292134430655703
1617027044,362677.8,-10.0,944.0,-256.0,0.49,-0.769,-0.839,978.1472281819338,1.2391053223999968
1617219344,362870.1,-13.0,943.0,-256.0,0.419,-0.769,-0.769,977.2174783537183,1.1654539887957827
1617411644,363062.4,-12.0,942.0,-256.0,0.49,-0.769,-0.56,976.2397246578322,1.0700752310001387
1617603944,363254.7,-7.0,943.0,-256.0,0.28,-0.91,-0.419,977.1560776048011,1.040221611004117
1617796244,363447.0,-11.0,942.0,-257.0,0.28,-0.629,-0.349,976.4906553572338,0.7719080256092691
1617988544,363639.3,-4.0,943.0,-258.0,0.28,-0.769,-0.49,977.6650755754754,0.9538663428384503
1618180844,363831.6,-8.0,942.0,-258.0,0.349,-0.699,-0.49,976.725140456618,0.9222266532691407
1618373144,364023.9,-5.0,942.0,-258.0,0.419,-0.839,-0.56,976.705175577564,1.0922829303802197
1618565444,364216.2,-5.0,942.0,-257.0,0.419,-0.769,-0.56,976.4414985036226,1.039481601568782
1618757744,364408.5,-2.0,943.0,-256.0,0.349,-0.839,-0.629,977.1330513292445,1.1051529305937706
1618950044,364600.8,-11.0,941.0,-257.0,0.49,-0.839,-0.699,975.5260119545762,1.1969218855046473
1619142344,364793.1,-8.0,943.0,-257.0,0.419,-0.839,-0.629,977.4262120487664,1.1292134430655703
1619334644,364985.4,-13.0,942.0,-258.0,0.419,-0.699,-0.629,976.7788900257826,1.0294673379957229
1619526944,365177.7,-6.0,942.0,-257.0,0.349,-0.839,-0.349,976.4471311852988,0.9734079309313233
1619719244,365370.0,-6.0,944.0,-256.0,0.349,-0.699,-0.56,978.1145127233314,0.9612502275682435
1619911544,365562.3,-3.0,943.0,-256.0,0.28,-0.699,-0.419,977.1356098311022,0.861720372278618
1620103844,365754.6,-10.0,943.0,-258.0,0.349,-0.699,-0.49,977.7080341287985,0.9222266532691407
1620296144,365946.9,-9.0,943.0,-260.0,0.49,-0.769,-0.56,978.2279897856123,1.0700752310001387
1620488444,366139.2,-12.0,941.0,-260.0,0.629,-0.769,-0.629,976.3324228970376,1.1758584098436342
1620680744,366331.5,-3.0,943.0,-254.0,0.56,-0.839,-0.419,976.6135366663724,1.0922829303802197
1620873044,366523.8,-11.0,943.0,-250.0,0.28,-0.769,-0.349,975.6382526326036,0.8896977014694373
1621065344,366716.1,-13.0,943.0,-253.0,0.07,-0.629,-0.56,976.4358657894537,0.8450686362657178
1621257644,366908.4,-8.0,942.0,-259.0,0.209,-0.769,-0.419,976.9897645318501,0.900334937675974
1621449944,367100.7,-7.0,943.0,-260.0,0.419,-0.699,-0.49,978.2116335435804,0.9509269162243752
1621642244,367293.0,-6.0,943.0,-258.0,0.49,-0.769,-0.419,977.6753039736659,1.0035048579852517
1621834544,367485.3,-4.0,942.0,-256.0,0.349,-0.769,-0.49,976.1741647882308,0.9763513711774056
1622026844,367677.6,-3.0,942.0,-257.0,0.419,-0.839,-0.49,976.4333054540899,1.0581030195590597
1622219144,367869.9,-6.0,942.0,-258.0,0.419,-0.769,-0.699,976.710806738617,1.1205012271300732
1622411444,368062.2,-4.0,942.0,-258.0,0.49,-0.839,-0.629,976.7005682398265,1.1574376873076149
1622603744,368254.5,-7.0,943.0,-256.0,0.56,-0.769,-0.49,977.1560776048011,1.0700752310001387
1622796044,368446.8,-6.0,943.0,-254.0,0.349,-0.839,-0.56,976.6273598461186,1.0673902753913396
1622988344,368639.1,-6.0,944.0,-256.0,0.28,-0.769,-0.629,978.1145127233314,1.0321831232877237
1623180644,368831.4,-11.0,942.0,-257.0,0.349,-0.699,-0.629,976.4906553572338,1.0030169490093375
1623372944,369023.7,-7.0,943.0,-259.0,0.49,-0.91,-0.699,977.946317545089,1.2477183175701156
1623565244,369216.0,-6.0,942.0,-258.0,0.49,-0.839,-0.419,976.710806738617,1.0581030195590597
1623757544,369408.3,-10.0,942.0,-257.0,0.49,-0.699,-0.56,976.4799025069589,1.020931437462869
1623949844,369600.6,-10.0,942.0,-257.0,0.419,-0.769,-0.419,976.4799025069589,0.9708156364624542
1624142144,369792.9,-4.0,943.0,-256.0,0.349,-0.91,-0.419,977.1391917224486,1.0608779383133575
1624334444,369985.2,-7.0,943.0,-256.0,0.349,-0.699,-0.56,977.1560776048011,0.9612502275682435
1624526744,370177.5,-6.0,942.0,-254.0,0.28,-0.769,-0.49,975.661826659217,0.9538663428384503
1624719044,370369.8,-6.0,942.0,-255.0,0.349,-0.839,-0.56,975.9226403767873,1.0673902753913396
1624911344,370562.1,-3.0,942.0,-257.0,0.349,-0.839,-0.56,976.4333054540899,1.0673902753913396
1625103644,370754.4,-5.0,943.0,-257.0,0.419,-0.699,-0.629,977.4062614900726,1.0294673379957229
1625295944,370946.7,-2.0,941.0,-257.0,0.349,-0.839,-0.28,975.4660424638062,0.9508533009881177
1625488244,371139.0,-4.0,942.0,-256.0,0.349,-0.699,-0.769,976.1741647882308,1.0962495153932794
1625680544,371331.3,-7.0,942.0,-257.0,0.419,-0.769,-0.56,976.4537879490252,1.039481601568782
1625872844,371523.6,-4.0,943.0,-257.0,0.349,-0.769,-0.629,977.4016574571582,1.052997150993297
1626065144,371715.9,-6.0,942.0,-256.0,0.419,-0.769,-0.769,976.1844088080899,1.1654539887957827
1626257444,371908.2,-5.0,942.0,-255.0,0.419,-0.839,-0.49,975.9170046679175,1.0581030195590597
1626449744,372100.5,-8.0,943.0,-256.0,0.28,-0.769,-0.629,977.1637529094087,1.0321831232877237
1626642044,372292.8,-12.0,942.0,-260.0,0.419,-0.699,-0.699,977.296270329525,1.0736680120037105
1626834344,372485.1,-8.0,942.0,-261.0,0.419,-0.839,-0.209,977.5218667630919,0.9608137176372951
1627026644,372677.4,-8.0,943.0,-258.0,0.56,-0.769,-0.699,977.68962355136,1.1804922701991742
1627218944,372869.7,-10.0,943.0,-258.0,0.419,-0.769,-0.419,977.7080341287985,0.9708156364624542
1627411244,373062.0,-7.0,943.0,-257.0,0.49,-0.699,-0.629,977.4185388051528,1.0603499422360525
1627603544,373254.3,-8.0,943.0,-258.0,0.419,-0.839,-0.419,977.68962355136,1.0271528610679133
1627795844,373446.6,-7.0,942.0,-257.0,0.49,-0.769,-0.49,976.4537879490252,1.03516230611436
1627988144,373638.9,-5.0,942.0,-255.0,0.419,-0.769,-0.56,975.9170046679175,1.039481601568782
1628180444,373831.2,-7.0,942.0,-254.0,0.349,-0.769,-0.56,975.6684887808973,1.0132926526922021
1628372744,374023.5,-8.0,942.0,-256.0,0.419,-0.769,-0.56,976.1987502552951,1.039481601568782
1628565044,374215.8,-10.0,942.0,-256.0,0.419,-0.769,-0.699,976.2171889492624,1.1205012271300732
1628757344,374408.1,-7.0,942.0,-256.0,0.419,-0.769,-0.419,976.1910673633517,0.9708156364624542
1628949644,374600.4,-5.0,943.0,-256.0,0.419,-0.769,-0.49,977.1437969920293,1.0035048579852517
1629141944,374792.7,-8.0,941.0,-257.0,0.419,-0.769,-0.419,975.4967965093479,0.9708156364624542
1629334244,374985.0,-10.0,942.0,-256.0,0.349,-0.699,-0.49,976.2171889492624,0.9222266532691407
1629526544,375177.3,-7.0,942.0,-258.0,0.49,-0.769,-0.349,976.7174617052774,0.9763513711774056
1629718844,375369.6,-8.0,942.0,-257.0,0.49,-0.769,-0.49,976.461468773858,1.03516230611436
1629911144,375561.9,-6.0,943.0,-258.0,0.419,-0.699,-0.349,977.6753039736659,0.8865455431053725
1630103444,375754.2,-7.0,942.0,-256.0,0.49,-0.769,-0.49,976.1910673633517,1.03516230611436
1630295744,375946.5,-5.0,942.0,-256.0,0.419,-0.839,-0.419,976.1787746104707,1.0271528610679133
1630488044,376138.8,-10.0,942.0,-256.0,0.419,-0.699,-0.629,976.2171889492624,1.0294673379957229
1630680344,376331.1,-5.0,943.0,-255.0,0.419,-0.769,-0.49,976.8822856414175,1.0035048579852517
1630872644,376523.4,-8.0,942.0,-256.0,0.349,-0.629,-0.56,976.1987502552951,0.9116150503364894
1631064944,376715.7,-6.0,943.0,-256.0,0.349,-0.769,-0.56,977.1494256253749,1.0132926526922021
1631257244,376908.0,0.0,944.0,-257.0,0.209,-0.769,-0.49,978.358318817804,0.9354902458069779
1631449544,377100.3,-12.0,942.0,-257.0,0.419,-0.629,-0.629,976.5024321526291,0.9832817500594628
1631641844,377292.6,-7.0,942.0,-255.0,0.349,-0.769,-0.49,975.9293007180387,0.9763513711774056
1631834144,377484.9,-8.0,943.0,-256.0,0.349,-0.839,-0.629,977.1637529094087,1.1051529305937706
1632026444,377677.2,-9.0,942.0,-257.0,0.349,-0.769,-0.56,976.4701736356313,1.0132926526922021
1632218744,377869.5,-9.0,942.0,-258.0,0.419,-0.769,-0.49,976.7338429684926,1.0035048579852517
1632411044,378061.8,-7.0,943.0,-256.0,0.419,-0.839,-0.56,977.1560776048011,1.0922829303802197
1632603344,378254.1,-7.0,942.0,-256.0,0.349,-0.699,-0.419,976.1910673633517,0.8865455431053725
1632795644,378446.4,-6.0,942.0,-255.0,0.349,-0.699,-0.49,975.9226403767873,0.9222266532691407
1632987944,378638.7,-8.0,942.0,-256.0,0.419,-0.769,-0.629,976.1987502552951,1.0782221477970113
1633180244,378831.0,-6.0,943.0,-258.0,0.419,-0.91,-0.56,977.6753039736659,1.147719913567766
1633372544,379023.3,-10.0,943.0,-258.0,0.49,-0.699,-0.699,977.7080341287985,1.1033140985231722
1633564844,379215.6,-9.0,943.0,-256.0,0.419,-0.839,-0.56,977.1724515150844,1.0922829303802197
1633757144,379407.9,-12.0,943.0,-256.0,0.419,-0.699,-0.349,977.204686849178,0.8865455431053725
1633949444,379600.2,-7.0,942.0,-255.0,0.28,-0.769,-0.349,975.9293007180387,0.8896977014694373
1634141744,379792.5,-5.0,943.0,-256.0,0.28,-0.769,-0.49,977.1437969920293,0.9538663428384503
1634334044,379984.8,-6.0,943.0,-255.0,0.349,-0.839,-0.91,976.8879157815394,1.2860101088249656
1634526344,380177.1,-9.0,941.0,-257.0,0.349,-0.769,-0.419,975.5055099793133,0.9427210616083636
1634718644,380369.4,-9.0,942.0,-259.0,0.28,-0.769,-0.49,976.9984646866135,0.9538663428384503
1634910944,380561.7,-5.0,943.0,-257.0,0.349,-0.769,-0.56,977.4062614900726,1.0132926526922021
1635103244,380754.0,-11.0,941.0,-255.0,0.349,-0.769,-0.419,975.0010256404862,0.9427210616083636
1635295544,380946.3,-4.0,942.0,-253.0,0.28,-0.839,-0.56,975.3917161838109,1.0468624551487171
1635487844,381138.6,-7.0,942.0,-253.0,0.28,-0.769,-0.629,975.4086323177584,1.0321831232877237
1635680144,381330.9,-11.0,942.0,-253.0,0.28,-0.699,-0.349,975.4455392281006,0.8299409617557142
1635872444,381523.2,-6.0,943.0,-255.0,0.28,-0.839,-0.56,976.8879157815394,1.0468624551487171
1636064744,381715.5,-6.0,942.0,-257.0,0.349,-0.769,-0.56,976.4471311852988,1.0132926526922021
1636257044,381907.8,-8.0,941.0,-258.0,0.349,-0.769,-0.49,975.7607288674822,0.9763513711774056
1636449344,382100.1,-6.0,941.0,-256.0,0.419,-0.769,-0.419,975.2194624801127,0.9708156364624542
1636641644,382292.4,-8.0,943.0,-256.0,0.419,-0.839,-0.49,977.1637529094087,1.0581030195590597
1636833944,382484.7,-8.0,942.0,-258.0,0.49,-0.769,-0.419,976.725140456618,1.0035048579852517
1637026244,382677.0,-6.0,942.0,-257.0,0.49,-0.769,-0.349,976.4471311852988,0.9763513711774056
1637218544,382869.3,-8.0,942.0,-256.0,0.419,-0.769,-0.49,976.1987502552951,1.0035048579852517
1637410844,383061.6,-4.0,942.0,-256.0,0.419,-0.839,-0.49,976.1741647882308,1.0581030195590597
1637603144,383253.9,-9.0,942.0,-255.0,0.419,-0.699,-0.629,975.945695210548,1.0294673379957229
1637795444,383446.2,-8.0,942.0,-256.0,0.419,-0.839,-0.56,976.1987502552951,1.0922829303802197
1637987744,383638.5,-7.0,943.0,-256.0,0.49,-0.769,-0.56,977.1560776048011,1.0700752310001387
1638180044,383830.8,-10.0,942.0,-255.0,0.419,-0.839,-0.56,975.9554293101709,1.0922829303802197
1638372344,384023.1,-11.0,942.0,-256.0,0.419,-0.699,-0.49,976.2279446932463,0.9509269162243752
1638564644,384215.4,-9.0,942.0,-258.0,0.349,-0.769,-0.419,976.7338429684926,0.9427210616083636
1638756944,384407.7,1.0,941.0,-257.0,0.349,-0.769,0.0,975.4645047360771,0.8444891947206903
1638949244,384600.0,-4.0,941.0,-253.0,0.28,-0.699,-0.349,974.4259848751982,0.8299409617557142
1639141544,384792.3,-1.0,942.0,-254.0,0.209,-0.769,-0.56,975.6438899516564,0.9739825460448457
1639333844,384984.6,0.0,943.0,-256.0,0.28,-0.769,-0.56,977.131004522935,0.9916456020171723
1639526144,385176.9,1.0,943.0,-253.0,0.419,-0.91,-0.629,976.3498348440481,1.1829209610113434
1639718444,385369.2,-12.0,941.0,-252.0,0.56,-0.699,-0.91,974.2325184472134,1.2768324087365577
1639910744,385561.5,-7.0,943.0,-251.0,0.56,-0.91,-1.049,975.8580839445867,1.4973646850383509
1640103044,385753.8,-14.0,942.0,-254.0,0.56,-0.769,-0.769,975.7438188377112,1.2232424126067571
1640295344,385946.1,-12.0,943.0,-255.0,0.419,-0.769,-0.839,976.9431917977627,1.2127831628118853
1640487644,386138.4,-15.0,943.0,-258.0,0.349,-0.769,-0.699,977.7719570533817,1.0962495153932794
1640679944,386330.7,-12.0,943.0,-258.0,0.349,-0.769,-0.629,977.7305354748822,1.052997150993297
1640872244,386523.0,-15.0,943.0,-257.0,0.209,-0.839,-0.769,977.5085677373881,1.1571356878084782
1641064544,386715.3,0.0,942.0,-258.0,0.28,-0.839,-0.49,976.6923773635177,1.0111483570673494
1641256844,386907.6,-4.0,943.0,-253.0,0.209,-0.769,-0.699,976.3575164866608,1.0600202828248146
1641449144,387099.9,-10.0,944.0,-252.0,0.07,-0.699,-0.629,977.1079776565126,0.9429432644650472
1641641444,387292.2,-9.0,942.0,-261.0,0.07,-0.769,-0.56,977.5305621820731,0.9538663428384503
1641833744,387484.5,-8.0,942.0,-265.0,0.28,-0.699,-0.629,978.5974657641415,0.9811432107495827
1642026044,387676.8,-14.0,942.0,-265.0,0.56,-0.839,-0.49,978.6649069012335,1.12143702453593
1642218344,387869.1,-9.0,942.0,-261.0,0.56,-0.769,-0.56,977.5305621820731,1.1038845048282906
1642410644,388061.4,-9.0,942.0,-259.0,0.49,-0.839,-0.56,976.9984646866135,1.12143702453593
1642602944,388253.7,-5.0,943.0,-257.0,0.49,-0.839,-0.349,977.4062614900726,1.0323865555110643
1642795244,388446.0,-4.0,942.0,-254.0,0.49,-0.769,-0.49,975.6515771524176,1.03516230611436
1642987544,388638.3,0.0,943.0,-254.0,0.419,-0.769,-0.629,976.6089288963111,1.0782221477970113
1643179844,388830.6,-5.0,943.0,-251.0,0.28,-0.769,-0.56,975.8457869971054,0.9916456020171723
1643372144,389022.9,-4.0,944.0,-252.0,0.28,-0.769,-0.769,977.0649927205457,1.1229968833438497
1643564444,389215.2,-12.0,943.0,-256.0,0.349,-0.699,-0.769,977.204686849178,1.0962495153932794
1643756744,389407.5,-12.0,941.0,-259.0,0.419,-0.699,-0.56,976.0665960886071,0.9888184868821982
1643949044,389599.8,-10.0,942.0,-258.0,0.49,-0.699,-0.56,976.7435692135373,1.020931437462869
1644141344,389792.1,-11.0,942.0,-256.0,0.28,-0.769,-0.349,976.2279446932463,0.8896977014694373
1644333644,389984.4,-10.0,942.0,-257.0,0.28,-0.769,-0.349,976.4799025069589,0.8896977014694373
1644525944,390176.7,1.0,943.0,-256.0,0.28,-0.839,-0.629,977.1315162249143,1.0853395781966122
1644718244,390369.0,-5.0,942.0,-258.0,0.349,-0.699,-0.49,976.705175577564,0.9222266532691407
1644910544,390561.3,-6.0,943.0,-255.0,0.28,-0.769,-0.629,976.8879157815394,1.0321831232877237
1645102844,390753.6,-9.0,943.0,-257.0,0.28,-0.839,-0.629,977.4349083187075,1.0853395781966122
1645295144,390945.9,-5.0,943.0,-258.0,0.349,-0.769,-0.56,977.6696783679035,1.0132926526922021
1645487444,391138.2,-11.0,942.0,-259.0,0.49,-0.699,-0.629,977.0189353333947,1.0603499422360525
1645679744,391330.5,-6.0,943.0,-259.0,0.49,-0.839,-0.419,977.9396709409021,1.0581030195590597
1645872044,391522.8,-9.0,942.0,-259.0,0.56,-0.769,-0.49,976.9984646866135,1.0700752310001387
1646064344,391715.1,-10.0,942.0,-256.0,0.49,-0.839,-0.49,976.2171889492624,1.0881732398841646
1646256644,391907.4,-5.0,943.0,-254.0,0.349,-0.839,-0.209,976.6217282039141,0.9324178247974455
1646448944,392099.7,-7.0,942.0,-253.0,0.349,-0.699,-0.49,975.4086323177584,0.9222266532691407
1646641244,392292.0,-4.0,942.0,-256.0,0.28,-0.839,-0.419,976.1741647882308,0.9787144629563823
1646833544,392484.3,-5.0,942.0,-257.0,0.349,-0.699,-0.629,976.4414985036226,1.0030169490093375
1647025844,392676.6,-11.0,941.0,-259.0,0.419,-0.699,-0.699,976.0548140345397,1.0736680120037105
1647218144,392868.9,-11.0,941.0,-261.0,0.56,-0.839,-0.629,976.5874256818997,1.1887649052693303
1647410444,393061.2,-13.0,943.0,-259.0,0.49,-0.769,-0.56,978.0076686815906,1.0700752310001387
1647602744,393253.5,-8.0,942.0,-257.0,0.56,-0.769,-0.49,976.461468773858,1.0700752310001387
1647795044,393445.8,-8.0,942.0,-255.0,0.28,-0.769,-0.419,975.9369856706938,0.9194139437707044
1647987344,393638.1,1.0,947.0,-256.0,0.209,-0.769,-0.49,980.9923547102699,0.9354902458069779
1648179644,393830.4,-6.0,944.0,-256.0,0.419,-0.769,-0.91,978.1145127233314,1.262941803884882
1648371944,394022.7,-14.0,941.0,-261.0,0.56,-0.769,-0.629,976.6258239469198,1.1404393890075877
1648564244,394215.0,-10.0,942.0,-261.0,0.629,-0.839,-0.699,977.5402804999904,1.260223392895085
1648756544,394407.3,-13.0,943.0,-260.0,0.49,-0.699,-0.49,978.272968041129,0.9842768919364103
1648948844,394599.6,-8.0,941.0,-256.0,0.419,-0.769,-0.28,975.233818117481,0.9194139437707044
1649141144,394791.9,0.0,942.0,-255.0,0.28,-0.839,0.0,975.9041961176312,0.8844891180789054
1649333444,394984.2,2.0,943.0,-255.0,0.349,-0.769,-0.629,976.8715371019877,1.052997150993297
1649525744,395176.5,-9.0,941.0,-256.0,0.349,-0.699,-0.629,975.2425339370715,1.0030169490093375
1649718044,395368.8,-1.0,942.0,-257.0,0.419,-0.91,-0.349,976.4292089035436,1.0608779383133575
1649910344,395561.1,0.0,942.0,-255.0,0.419,-0.769,-0.629,975.9041961176312,1.0782221477970113
1650102644,395753.4,-6.0,944.0,-256.0,0.49,-0.839,-0.98,978.1145127233314,1.3800076086746766
1650294944,395945.7,-15.0,943.0,-257.0,0.49,-0.629,-0.839,977.5085677373881,1.1574376873076149
1650487244,396138.0,-15.0,943.0,-259.0,0.49,-0.769,-0.699,978.0362978949197,1.1489395110274518
1650679544,396330.3,-7.0,944.0,-258.0,0.49,-0.91,-0.56,978.6465143247586,1.1754998936622667
1650871844,396522.6,-13.0,943.0,-256.0,0.49,-0.769,-0.769,977.2174783537183,1.192821025971625
1651064144,396714.9,-14.0,940.0,-257.0,0.28,-0.699,-0.419,974.5999179150386,0.861720372278618
1651256444,396907.2,-15.0,943.0,-258.0,0.349,-0.769,-0.629,977.7719570533817,1.052997150993297
1651448744,397099.5,-3.0,941.0,-259.0,0.349,-0.91,-0.28,975.9974385212289,1.014051773826169
1651641044,397291.8,-6.0,941.0,-255.0,0.419,-0.769,-0.419,974.957434968317,0.9708156364624542
1651833344,397484.1,-8.0,942.0,-255.0,0.419,-0.769,-0.56,975.9369856706938,1.039481601568782
1652025644,397676.4,-8.0,941.0,-257.0,0.419,-0.769,-0.28,975.4967965093479,0.9194139437707044
1652217944,397868.7,-7.0,942.0,-256.0,0.49,-0.699,-0.629,976.1910673633517,1.0603499422360525
1652410244,398061.0,-8.0,942.0,-257.0,0.49,-0.839,-0.49,976.461468773858,1.0881732398841646
1652602544,398253.3,-7.0,942.0,-257.0,0.419,-0.769,-0.56,976.4537879490252,1.039481601568782
1652794844,398445.6,-10.0,941.0,-257.0,0.49,-0.769,-0.49,975.5152484712886,1.03516230611436
1652987144,398637.9,-5.0,943.0,-255.0,0.419,-0.839,-0.49,976.8822856414175,1.0581030195590597
1653179444,398830.2,-5.0,942.0,-256.0,0.419,-0.769,-0.49,976.1787746104707,1.0035048579852517
1653371744,399022.5,-5.0,942.0,-256.0,0.349,-0.839,-0.629,976.1787746104707,1.1051529305937706
1653564044,399214.8,-7.0,942.0,-257.0,0.419,-0.699,-0.629,976.4537879490252,1.0294673379957229
1653756344,399407.1,-7.0,943.0,-258.0,0.419,-0.839,-0.769,977.6819523751064,1.2127831628118853
1653948644,399599.4,-10.0,942.0,-257.0,0.419,-0.769,-0.769,976.4799025069589,1.1654539887957827
1654140944,399791.7,-8.0,942.0,-258.0,0.349,-0.769,-0.49,976.725140456618,0.9763513711774056
1654333244,399984.0,-8.0,944.0,-258.0,0.419,-0.769,-0.699,978.6541779402978,1.1205012271300732
1654525544,400176.3,-11.0,942.0,-258.0,0.419,-0.769,-0.629,976.7543191611696,1.0782221477970113
1654717844,400368.6,-8.0,942.0,-259.0,0.49,-0.839,-0.56,976.9897645318501,1.12143702453593
1654910144,400560.9,-9.0,942.0,-258.0,0.49,-0.769,-0.419,976.7338429684926,1.0035048579852517
1655102444,400753.2,-11.0,942.0,-259.0,0.49,-0.769,-0.56,977.0189353333947,1.0700752310001387
1655294744,400945.5,-9.0,943.0,-260.0,0.49,-0.769,-0.49,978.2279897856123,1.03516230611436
1655487044,401137.8,-10.0,942.0,-260.0,0.56,-0.769,-0.49,977.2737589846563,1.0700752310001387
1655679344,401330.1,-9.0,942.0,-258.0,0.49,-0.91,-0.419,976.7338429684926,1.1152403328431053
1655871644,401522.4,-6.0,942.0,-257.0,0.419,-0.839,-0.419,976.4471311852988,1.0271528610679133
1656063944,401714.7,-7.0,942.0,-257.0,0.419,-0.769,-0.56,976.4537879490252,1.039481601568782
1656256244,401907.0,-6.0,943.0,-257.0,0.419,-0.769,-0.56,977.4118886119608,1.039481601568782
1656448544,402099.3,-6.0,943.0,-257.0,0.419,-0.769,-0.49,977.4118886119608,1.0035048579852517
1656640844,402291.6,-11.0,942.0,-257.0,0.349,-0.699,-0.629,976.4906553572338,1.0030169490093375
1656833144,402483.9,-6.0,943.0,-257.0,0.349,-0.839,-0.49,977.4118886119608,1.0323865555110643
1657025444,402676.2,-10.0,943.0,-257.0,0.419,-0.769,-0.629,977.4446275876705,1.0782221477970113
1657217744,402868.5,-5.0,943.0,-257.0,0.349,-0.769,-0.49,977.4062614900726,0.9763513711774056
1657410044,403060.8,-8.0,942.0,-258.0,0.419,-0.769,-0.629,976.725140456618,1.0782221477970113
1657602344,403253.1,-7.0,942.0,-258.0,0.49,-0.839,-0.629,976.7174617052774,1.1574376873076149
1657794644,403445.4,-6.0,943.0,-258.0,0.419,-0.839,-0.56,977.6753039736659,1.0922829303802197
1657986944,403637.7,-12.0,942.0,-257.0,0.419,-0.699,-0.699,976.5024321526291,1.0736680120037105
1658179244,403830.0,-7.0,944.0,-257.0,0.349,-0.839,-0.56,978.3833604472227,1.0673902753913396
1658371544,404022.3,-3.0,944.0,-257.0,0.419,-0.769,-0.49,978.3629183488099,1.0035048579852517
1658563844,404214.6,-13.0,941.0,-259.0,0.49,-0.629,-0.419,976.0794025078083,0.9007230428938742
1658756144,404406.9,-9.0,943.0,-258.0,0.419,-0.769,-0.629,977.6983174783518,1.0782221477970113
1658948444,404599.2,-13.0,942.0,-259.0,0.49,-0.699,-0.49,977.043499543393,0.9842768919364103
1659140744,404791.5,-6.0,943.0,-258.0,0.49,-0.839,-0.419,977.6753039736659,1.0581030195590597
1659333044,404983.8,-7.0,942.0,-258.0,0.349,-0.769,-0.419,976.7174617052774,0.9427210616083636
1659525344,405176.1,-5.0,942.0,-258.0,0.419,-0.699,-0.56,976.705175577564,0.9888184868821982
1659717644,405368.4,-6.0,942.0,-259.0,0.419,-0.769,-0.56,976.9754346962875,1.039481601568782
1659909944,405560.7,-12.0,942.0,-257.0,0.349,-0.699,-0.629,976.5024321526291,1.0030169490093375
1660102244,405753.0,-8.0,942.0,-260.0,0.349,-0.769,-0.49,977.2553402258798,0.9763513711774056
1660294544,405945.3,-9.0,943.0,-261.0,0.419,-0.769,-0.629,978.4942513883258,1.0782221477970113
1660486844,406137.6,-10.0,941.0,-261.0,0.419,-0.769,-0.419,976.5766738971395,0.9708156364624542
1660679144,406329.9,-4.0,943.0,-258.0,0.28,-0.769,-0.49,977.6650755754754,0.9538663428384503
1660871444,406522.2,-11.0,942.0,-257.0,0.349,-0.699,-0.56,976.4906553572338,0.9612502275682435
1661063744,406714.5,-3.0,942.0,-256.0,0.419,-0.91,-0.56,976.1705793558829,1.147719913567766
1661256044,406906.8,-14.0,942.0,-256.0,0.49,-0.629,-0.769,976.2663570972832,1.107746360860644
1661448344,407099.1,-7.0,942.0,-257.0,0.419,-0.839,-0.49,976.4537879490252,1.0581030195590597
1661640644,407291.4,-9.0,942.0,-257.0,0.49,-0.769,-0.49,976.4701736356313,1.03516230611436
1661832944,407483.7,-8.0,943.0,-257.0,0.49,-0.769,-0.56,977.4262120487664,1.0700752310001387
1662025244,407676.0,-6.0,943.0,-258.0,0.349,-0.91,-0.56,977.6753039736659,1.1240556036068678
1662217544,407868.3,-7.0,942.0,-258.0,0.419,-0.769,-0.49,976.7174617052774,1.0035048579852517
1662409844,408060.6,-4.0,942.0,-257.0,0.419,-0.839,-0.56,976.4368899217194,1.0922829303802197
1662602144,408252.9,-6.0,942.0,-257.0,0.49,-0.769,-0.56,976.4471311852988,1.0700752310001387
1662794444,408445.2,-6.0,943.0,-257.0,0.419,-0.769,-0.56,977.4118886119608,1.039481601568782
1662986744,408637.5,-9.0,942.0,-258.0,0.349,-0.699,-0.56,976.7338429684926,0.9612502275682435
1663179044,408829.8,-6.0,942.0,-259.0,0.419,-0.839,-0.49,976.9754346962875,1.0581030195590597
1663371344,409022.1,-7.0,942.0,-259.0,0.349,-0.699,-0.419,976.982087860366,0.8865455431053725
1663563644,409214.4,-9.0,942.0,-258.0,0.419,-0.839,-0.629,976.7338429684926,1.1292134430655703
1663755944,409406.7,-7.0,942.0,-259.0,0.419,-0.839,-0.49,976.982087860366,1.0581030195590597
1663948244,409599.0,-9.0,943.0,-259.0,0.419,-0.769,-0.49,977.9626782244811,1.0035048579852517
1664140544,409791.3,-10.0,942.0,-259.0,0.419,-0.769,-0.56,977.0081882973141,1.039481601568782
1664332844,409983.6,-6.0,943.0,-259.0,0.419,-0.769,-0.49,977.9396709409021,1.0035048579852517
1664525144,410175.9,-8.0,942.0,-258.0,0.419,-0.769,-0.56,976.725140456618,1.039481601568782
1664717444,410368.2,-6.0,943.0,-257.0,0.49,-0.839,-0.49,977.4118886119608,1.0881732398841646
1664909744,410560.5,-5.0,942.0,-257.0,0.49,-0.769,-0.56,976.4414985036226,1.0700752310001387
1665102044,410752.8,-7.0,944.0,-257.0,0.349,-0.769,-0.56,978.3833604472227,1.0132926526922021
1665294344,410945.1,-8.0,943.0,-256.0,0.349,-0.769,-0.56,977.1637529094087,1.0132926526922021
1665486644,411137.4,-7.0,943.0,-257.0,0.349,-0.769,-0.56,977.4185388051528,1.0132926526922021
1665678944,411329.7,-8.0,942.0,-258.0,0.419,-0.769,-0.49,976.725140456618,1.0035048579852517
1665871244,411522.0,-7.0,942.0,-258.0,0.349,-0.769,-0.49,976.7174617052774,0.9763513711774056
1666063544,411714.3,-7.0,942.0,-258.0,0.349,-0.769,-0.49,976.7174617052774,0.9763513711774056
1666255844,411906.6,-8.0,942.0,-257.0,0.349,-0.769,-0.699,976.461468773858,1.0962495153932794
1666448144,412098.9,-10.0,942.0,-259.0,0.419,-0.769,-0.49,977.0081882973141,1.0035048579852517
1666640444,412291.2,-8.0,942.0,-258.0,0.49,-0.769,-0.56,976.725140456618,1.0700752310001387
1666832744,412483.5,-6.0,943.0,-256.0,0.419,-0.769,-0.49,977.1494256253749,1.0035048579852517
1667025044,412675.8,-5.0,943.0,-256.0,0.349,-0.839,-0.629,977.1437969920293,1.1051529305937706
1667217344,412868.1,-8.0,942.0,-254.0,0.349,-0.839,-0.699,975.6761757878481,1.1464392700880408
1667409644,413060.4,-8.0,942.0,-257.0,0.349,-0.769,-0.49,976.461468773858,0.9763513711774056
1667601944,413252.7,-7.0,943.0,-257.0,0.419,-0.769,-0.769,977.4185388051528,1.1654539887957827
1667794244,413445.0,-10.0,942.0,-259.0,0.419,-0.839,-0.419,977.0081882973141,1.0271528610679133
1667986544,413637.3,-13.0,943.0,-259.0,0.419,-0.699,-0.629,978.0076686815906,1.0294673379957229
1668178844,413829.6,-7.0,943.0,-258.0,0.349,-0.839,-0.49,977.6819523751064,1.0323865555110643
1668371144,414021.9,-8.0,942.0,-257.0,0.419,-0.839,-0.49,976.461468773858,1.0581030195590597
1668563444,414214.2,-7.0,942.0,-257.0,0.349,-0.91,-0.56,976.4537879490252,1.1240556036068678
1668755744,414406.5,-7.0,941.0,-257.0,0.349,-0.699,-0.49,975.4891080888602,0.9222266532691407
1668948044,414598.8,-5.0,942.0,-257.0,0.349,-0.839,-0.56,976.4414985036226,1.0673902753913396
1669140344,414791.1,-8.0,941.0,-257.0,0.419,-0.769,-0.56,975.4967965093479,1.039481601568782
1669332644,414983.4,-4.0,943.0,-257.0,0.419,-0.839,-0.56,977.4016574571582,1.0922829303802197
1669524944,415175.7,-21.0,942.0,-260.0,0.49,-0.629,-1.19,977.4482083466111,1.4324248671396347
1669717244,415368.0,-7.0,942.0,-261.0,0.419,-0.91,-0.28,977.5141942703441,1.040221611004117
1669909544,415560.3,-9.0,943.0,-259.0,0.349,-0.699,-0.629,977.9626782244811,1.0030169490093375
1670101844,415752.6,-12.0,942.0,-259.0,0.419,-0.769,-0.56,977.030705761083,1.039481601568782
1670294144,415944.9,-11.0,943.0,-257.0,0.49,-0.839,-0.699,977.4553698251394,1.1969218855046473
1670486444,416137.2,-8.0,942.0,-258.0,0.349,-0.839,-0.56,976.725140456618,1.0673902753913396
1670678744,416329.5,-8.0,942.0,-258.0,0.419,-0.769,-0.629,976.725140456618,1.0782221477970113
1670871044,416521.8,-8.0,943.0,-257.0,0.56,-0.769,-0.629,977.4262120487664,1.1404393890075877
1671063344,416714.1,-8.0,940.0,-256.0,0.349,-0.769,-0.49,974.268956705488,0.9763513711774056
1671255644,416906.4,-7.0,943.0,-254.0,0.419,-0.769,-0.98,976.6340153814017,1.3142762266738297
1671447944,417098.7,-9.0,943.0,-255.0,0.419,-0.839,-0.699,976.9109478350624,1.1696508025902432
1671640244,417291.0,-10.0,943.0,-254.0,0.349,-0.699,-0.699,976.6601251203,1.0483334393216692
1671832544,417483.3,-6.0,942.0,-256.0,0.349,-0.769,-0.629,976.1844088080899,1.052997150993297
1672024844,417675.6,-11.0,943.0,-255.0,0.349,-0.699,-0.769,976.9314203156739,1.0962495153932794
1672217144,417867.9,-16.0,941.0,-260.0,0.349,-0.839,-0.49,976.389778725689,1.0323865555110643
1672409444,418060.2,-7.0,943.0,-258.0,0.419,-0.769,-0.49,977.6819523751064,1.0035048579852517
1672601744,418252.5,-13.0,942.0,-258.0,0.419,-0.699,-0.56,976.7788900257826,0.9888184868821982
1672794044,418444.8,-6.0,941.0,-258.0,0.419,-0.839,-0.419,975.7463809822715,1.0271528610679133
1672986344,418637.1,-6.0,943.0,-257.0,0.419,-0.769,-0.49,977.4118886119608,1.0035048579852517
1673178644,418829.4,-5.0,942.0,-257.0,0.419,-0.769,-0.419,976.4414985036226,0.9708156364624542
1673370944,419021.7,-7.0,943.0,-256.0,0.349,-0.839,-0.56,977.1560776048011,1.0673902753913396
1673563244,419214.0,-6.0,942.0,-256.0,0.349,-0.91,-0.56,976.1844088080899,1.1240556036068678
1673755544,419406.3,-8.0,942.0,-256.0,0.49,-0.769,-0.699,976.1987502552951,1.1489395110274518
1673947844,419598.6,-13.0,943.0,-257.0,0.419,-0.769,-0.699,977.4799230674766,1.1205012271300732
1674140144,419790.9,-12.0,940.0,-258.0,0.349,-0.699,-0.28,974.8374223428233,0.8299409617557142
1674332444,419983.2,-7.0,943.0,-256.0,0.349,-0.769,-0.419,977.1560776048011,0.9427210616083636
1674524744,420175.5,-9.0,941.0,-258.0,0.349,-0.769,-0.28,975.7694399805724,0.8896977014694373
1674717044,420367.8,-15.0,942.0,-257.0,0.28,-0.699,-0.629,976.5439058229794,0.9811432107495827
1674909344,420560.1,-7.0,942.0,-258.0,0.349,-0.769,-0.56,976.7174617052774,1.0132926526922021
1675101644,420752.4,-7.0,942.0,-258.0,0.349,-0.769,-0.629,976.7174617052774,1.052997150993297
1675293944,420944.7,-4.0,941.0,-257.0,0.419,-0.699,-0.629,975.4721933504819,1.0294673379957229
1675486244,421137.0,-9.0,942.0,-259.0,0.349,-0.769,-0.629,976.9984646866135,1.052997150993297
1675678544,421329.3,-8.0,942.0,-259.0,0.49,-0.769,-0.629,976.9897645318501,1.107746360860644
1675870844,421521.6,-18.0,941.0,-261.0,0.49,-0.699,-0.56,976.6913534991492,1.020931437462869
1676063144,421713.9,-10.0,942.0,-261.0,0.629,-0.839,-0.419,977.5402804999904,1.1292134430655703
1676255444,421906.2,-1.0,944.0,-259.0,0.49,-0.839,-0.56,978.8861016481948,1.12143702453593
1676447744,422098.5,-16.0,943.0,-256.0,0.419,-0.699,-0.56,977.2619914843716,0.9888184868821982
1676640044,422290.8,-3.0,942.0,-258.0,0.56,-0.91,-0.91,976.6969847398937,1.4034956359034396
1676832344,422483.1,4.0,946.0,-261.0,0.699,-0.91,-0.699,981.3526379441796,1.3436152723157029
1677024644,422675.4,-22.0,941.0,-258.0,0.629,-0.49,-0.91,975.9759218341403,1.2098929704730084
1677216944,422867.7,-4.0,942.0,-258.0,0.28,-0.839,0.0,976.7005682398265,0.8844891180789054
1677409244,423060.0,-5.0,943.0,-254.0,0.349,-0.699,-0.56,976.6217282039141,0.9612502275682435
1677601544,423252.3,-9.0,943.0,-256.0,0.209,-0.91,-0.28,977.1724515150844,0.9747722810995397
1677793844,423444.6,-10.0,943.0,-257.0,0.28,-0.629,-0.56,977.4446275876705,0.8874914084091181
1677986144,423636.9,-10.0,943.0,-260.0,0.28,-0.699,-0.49,978.237701174924,0.8983880008103403
1678178444,423829.2,-6.0,942.0,-259.0,0.28,-0.839,-0.49,976.9754346962875,1.0111483570673494
1678370744,424021.5,-2.0,941.0,-258.0,0.28,-0.769,-0.419,975.7299831408277,0.9194139437707044
1678563044,424213.8,-6.0,942.0,-254.0,0.28,-0.699,-0.769,975.661826659217,1.0762722703851475
1678755344,424406.1,-10.0,942.0,-255.0,0.28,-0.769,-0.629,975.9554293101709,1.0321831232877237
1678947644,424598.4,-5.0,942.0,-258.0,0.28,-0.769,-0.629,976.705175577564,1.0321831232877237
1679139944,424790.7,-6.0,942.0,-258.0,0.349,-0.769,-0.56,976.710806738617,1.0132926526922021
1679332244,424983.0,-9.0,943.0,-256.0,0.349,-0.699,-0.629,977.1724515150844,1.0030169490093375
1679524544,425175.3,-5.0,942.0,-255.0,0.28,-0.839,-0.56,975.9170046679175,1.0468624551487171
1679716844,425367.6,-6.0,942.0,-257.0,0.349,-0.769,-0.56,976.4471311852988,1.0132926526922021
1679909144,425559.9,-7.0,942.0,-260.0,0.419,-0.769,-0.769,977.247665640599,1.1654539887957827
1680101444,425752.2,-6.0,941.0,-258.0,0.49,-0.91,-0.56,975.7463809822715,1.1754998936622667
1680293744,425944.5,-12.0,943.0,-259.0,0.629,-0.699,-0.699,977.9948875121996,1.171683831073895
1680486044,426136.8,-14.0,940.0,-259.0,0.419,-0.839,-0.349,975.1292222059598,1.000641294370765
1680678344,426329.1,-3.0,943.0,-260.0,0.209,-0.839,-0.209,978.1911878564435,0.8895408928205605
1680870644,426521.4,-2.0,942.0,-260.0,0.28,-0.769,-0.49,977.2246415231249,0.9538663428384503
1681062944,426713.7,-2.0,941.0,-260.0,0.28,-0.699,-0.209,976.2607233726039,0.7814614513845196
1681255244,426906.0,-3.0,942.0,-258.0,0.28,-0.839,-0.49,976.6969847398937,1.0111483570673494
1681447544,427098.3,-9.0,943.0,-258.0,0.349,-0.839,-0.629,977.6983174783518,1.1051529305937706
1681639844,427290.6,-8.0,943.0,-258.0,0.209,-0.769,-0.629,977.68962355136,1.0152255906940093
1681832144,427482.9,-6.0,942.0,-259.0,0.419,-0.769,-0.49,976.9754346962875,1.0035048579852517
1682024444,427675.2,-7.0,942.0,-259.0,0.419,-0.769,-0.56,976.982087860366,1.039481601568782
1682216744,427867.5,-10.0,942.0,-258.0,0.419,-0.769,-0.49,976.7435692135373,1.0035048579852517
1682409044,428059.8,-4.0,943.0,-256.0,0.349,-0.91,-0.629,977.1391917224486,1.1599749997305977
1682601344,428252.1,-6.0,941.0,-257.0,0.349,-0.769,-0.49,975.4824447420876,0.9763513711774056
1682793644,428444.4,-7.0,942.0,-258.0,0.349,-0.699,-0.56,976.7174617052774,0.9612502275682435
1682985944,428636.7,-6.0,941.0,-259.0,0.49,-0.839,-0.49,976.0112704267302,1.0881732398841646
1683178244,428829.0,-9.0,942.0,-259.0,0.419,-0.699,-0.56,976.9984646866135,0.9888184868821982
1683370544,429021.3,-7.0,942.0,-258.0,0.419,-0.699,-0.56,976.7174617052774,0.9888184868821982
1683562844,429213.6,-5.0,942.0,-258.0,0.349,-0.769,-0.419,976.705175577564,0.9427210616083636
1683755144,429405.9,-5.0,942.0,-258.0,0.419,-0.769,-0.56,976.705175577564,1.039481601568782
1683947444,429598.2,-6.0,942.0,-259.0,0.419,-0.839,-0.49,976.9754346962875,1.0581030195590597
1684139744,429790.5,-7.0,942.0,-259.0,0.49,-0.769,-0.56,976.982087860366,1.0700752310001387
1684332044,429982.8,-9.0,942.0,-259.0,0.56,-0.699,-0.49,976.9984646866135,1.020931437462869
1684524344,430175.1,-10.0,942.0,-259.0,0.56,-0.769,-0.56,977.0081882973141,1.1038845048282906
1684716644,430367.4,-10.0,942.0,-257.0,0.49,-0.769,-0.629,976.4799025069589,1.107746360860644
1684908944,430559.7,-10.0,942.0,-257.0,0.349,-0.699,-0.49,976.4799025069589,0.9222266532691407
1685101244,430752.0,-10.0,941.0,-257.0,0.49,-0.699,-0.419,975.5152484712886,0.9509269162243752
1685293544,430944.3,-8.0,943.0,-255.0,0.419,-0.839,-0.49,976.9022469008862,1.0581030195590597
1685485844,431136.6,-8.0,942.0,-256.0,0.349,-0.769,-0.56,976.1987502552951,1.0132926526922021
1685678144,431328.9,-5.0,942.0,-257.0,0.349,-0.769,-0.349,976.4414985036226,0.9137630984013306
1685870444,431521.2,-11.0,942.0,-256.0,0.419,-0.699,-0.629,976.2279446932463,1.0294673379957229
1686062744,431713.5,-8.0,943.0,-257.0,0.49,-0.839,-0.49,977.4262120487664,1.0881732398841646
1686255044,431905.8,-9.0,942.0,-257.0,0.419,-0.699,-0.56,976.4701736356313,0.9888184868821982
1686447344,432098.1,-5.0,943.0,-257.0,0.349,-0.839,-0.419,977.4062614900726,1.000641294370765
1686639644,432290.4,-9.0,942.0,-257.0,0.349,-0.769,-0.56,976.4701736356313,1.0132926526922021
1686831944,432482.7,-5.0,942.0,-257.0,0.28,-0.839,-0.49,976.4414985036226,1.0111483570673494
1687024244,432675.0,-4.0,943.0,-256.0,0.419,-0.769,-0.699,977.1391917224486,1.1205012271300732
1687216544,432867.3,-12.0,942.0,-258.0,0.49,-0.699,-0.839,976.7660927775902,1.1969218855046473
1687408844,433059.6,-12.0,943.0,-259.0,0.49,-0.769,-0.769,977.9948875121996,1.192821025971625
1687601144,433251.9,-17.0,942.0,-259.0,0.56,-0.629,-0.699,977.1049073666553,1.0944596840450542
1687793444,433444.2,-13.0,942.0,-259.0,0.49,-0.769,-0.49,977.043499543393,1.03516230611436
1687985744,433636.5,-10.0,942.0,-259.0,0.419,-0.699,-0.209,977.0081882973141,0.8413340596932944
1688178044,433828.8,-5.0,942.0,-257.0,0.419,-0.839,-0.419,976.4414985036226,1.0271528610679133
1688370344,434021.1,-3.0,942.0,-256.0,0.349,-0.699,-0.349,976.1705793558829,0.8556886115871823
1688562644,434213.4,-3.0,942.0,-256.0,0.419,-0.839,-0.56,976.1705793558829,1.0922829303802197
1688754944,434405.7,-10.0,942.0,-257.0,0.419,-0.699,-0.769,976.4799025069589,1.1205012271300732
1688947244,434598.0,-9.0,943.0,-258.0,0.49,-0.839,-0.629,977.6983174783518,1.1574376873076149
1689139544,434790.3,-10.0,943.0,-259.0,0.349,-0.769,-0.629,977.9723922483702,1.052997150993297
1689331844,434982.6,-13.0,941.0,-259.0,0.49,-0.699,-0.49,976.0794025078083,0.9842768919364103
1689524144,435174.9,-7.0,941.0,-257.0,0.49,-0.839,-0.49,975.4891080888602,1.0881732398841646
1689716444,435367.2,-4.0,942.0,-259.0,0.49,-0.839,-0.56,976.9651989707719,1.12143702453593
1689908744,435559.5,-11.0,942.0,-259.0,0.419,-0.699,-0.56,977.0189353333947,0.9888184868821982
1690101044,435751.8,-5.0,942.0,-259.0,0.419,-0.769,-0.49,976.9698050605249,1.0035048579852517
1690293344,435944.1,-10.0,942.0,-259.0,0.419,-0.699,-0.56,977.0081882973141,0.9888184868821982
1690485644,436136.4,-6.0,942.0,-259.0,0.419,-0.839,-0.56,976.9754346962875,1.0922829303802197
1690677944,436328.7,-9.0,942.0,-259.0,0.349,-0.629,-0.56,976.9984646866135,0.9116150503364894
1690870244,436521.0,-10.0,943.0,-258.0,0.419,-0.769,-0.49,977.7080341287985,1.0035048579852517
1691062544,436713.3,-9.0,942.0,-259.0,0.419,-0.839,-0.349,976.9984646866135,1.000641294370765
1691254844,436905.6,-7.0,942.0,-259.0,0.419,-0.769,-0.419,976.982087860366,0.9708156364624542
1691447144,437097.9,-7.0,941.0,-259.0,0.349,-0.699,-0.419,976.0179301631707,0.8865455431053725
1691639444,437290.2,-3.0,942.0,-260.0,0.349,-0.769,-0.49,977.2271997851881,0.9763513711774056
1691831744,437482.5,-9.0,941.0,-260.0,0.49,-0.629,-0.49,976.3001587626625,0.9358637721378043
1692024044,437674.8,-5.0,942.0,-259.0,0.419,-0.839,-0.49,976.9698050605249,1.0581030195590597
1692216344,437867.1,-8.0,944.0,-259.0,0.419,-0.839,-0.629,978.91828055257,1.1292134430655703
1692408644,438059.4,-10.0,941.0,-258.0,0.49,-0.629,-0.56,975.7791758384681,0.9743413159668433
1692600944,438251.7,-15.0,943.0,-259.0,0.419,-0.839,-0.49,978.0362978949197,1.0581030195590597
1692793244,438444.0,-17.0,943.0,-259.0,0.629,-0.769,-0.56,978.069015969732,1.1404393890075877
1692985544,438636.3,-23.0,942.0,-259.0,0.56,-0.699,-0.419,977.2277114367971,0.9888184868821982
1693177844,438828.6,-11.0,943.0,-259.0,0.49,-0.98,-0.14,977.9831286888337,1.104581368664165
1693370144,439020.9,-10.0,943.0,-257.0,0.49,-0.769,-0.419,977.4446275876705,1.0035048579852517
1693562444,439213.2,-11.0,941.0,-258.0,0.419,-0.769,-0.209,975.7899364104961,0.900334937675974
1693754744,439405.5,-7.0,943.0,-257.0,0.349,-0.839,-0.56,977.4185388051528,1.0673902753913396
1693947044,439597.8,-8.0,942.0,-258.0,0.419,-0.769,-0.49,976.725140456618,1.0035048579852517
1694139344,439790.1,-8.0,942.0,-257.0,0.419,-0.769,-0.419,976.461468773858,0.9708156364624542
1694331644,439982.4,-9.0,942.0,-258.0,0.419,-0.769,-0.49,976.7338429684926,1.0035048579852517
1694523944,440174.7,-6.0,942.0,-259.0,0.49,-0.91,-0.699,976.9754346962875,1.2477183175701156
1694716244,440367.0,-5.0,942.0,-257.0,0.56,-0.839,-0.629,976.4414985036226,1.1887649052693303
1694908544,440559.3,-4.0,941.0,-255.0,0.49,-0.839,-0.769,974.9471780563293,1.2391053223999968
1695100844,440751.6,-8.0,942.0,-256.0,0.419,-0.769,-0.56,976.1987502552951,1.039481601568782
1695293144,440943.9,-8.0,943.0,-255.0,0.28,-0.769,-0.769,976.9022469008862,1.1229968833438497
1695485444,441136.2,-7.0,942.0,-257.0,0.349,-0.839,-0.49,976.4537879490252,1.0323865555110643
1695677744,441328.5,-11.0,943.0,-260.0,0.28,-0.699,-0.629,978.2484347035777,0.9811432107495827
1695870044,441520.8,-13.0,942.0,-261.0,0.28,-0.699,-0.349,977.575572526237,0.8299409617557142
1696062344,441713.1,-5.0,942.0,-259.0,0.349,-0.769,-0.349,976.9698050605249,0.9137630984013306
1696254644,441905.4,-3.0,941.0,-260.0,0.349,-0.769,-0.49,976.2632841605792,0.9763513711774056
1696446944,442097.7,-5.0,941.0,-257.0,0.349,-0.699,-0.419,975.4768064900364,0.8865455431053725
1696639244,442290.0,-1.0,941.0,-258.0,0.349,-0.839,-0.209,975.7284458290636,0.9324178247974455
1696831544,442482.3,0.0,941.0,-258.0,0.349,-0.769,-0.419,975.7279333912707,0.9427210616083636
1697023844,442674.6,-4.0,941.0,-260.0,0.419,-0.769,-0.49,976.2668692524601,1.0035048579852517
1697216144,442866.9,-1.0,942.0,-258.0,0.419,-0.839,-0.419,976.6928892952994,1.0271528610679133
1697408444,443059.2,0.0,942.0,-258.0,0.349,-0.839,-0.56,976.6923773635177,1.0673902753913396
1697600744,443251.5,0.0,941.0,-257.0,0.419,-0.839,-0.699,975.4639921596286,1.1696508025902432
1697793044,443443.8,0.0,942.0,-258.0,0.419,-0.769,-0.699,976.6923773635177,1.1205012271300732
1697985344,443636.1,-8.0,943.0,-257.0,0.49,-0.769,-0.839,977.4262120487664,1.2391053223999968
1698177644,443828.4,-12.0,942.0,-258.0,0.49,-0.769,-0.769,976.7660927775902,1.192821025971625
1698369944,444020.7,-17.0,943.0,-259.0,0.49,-0.769,-0.699,978.069015969732,1.1489395110274518
1698562244,444213.0,-17.0,943.0,-260.0,0.49,-0.769,-0.56,978.3342986934476,1.0700752310001387
1698754544,444405.3,-15.0,942.0,-259.0,0.49,-0.699,-0.49,977.072157007864,0.9842768919364103
1698946844,444597.6,-10.0,941.0,-259.0,0.419,-0.769,-0.28,976.0440563827025,0.9194139437707044
1699139144,444789.9,-3.0,943.0,-259.0,0.49,-0.91,-0.56,977.9258663109388,1.1754998936622667
1699331444,444982.2,23.0,938.0,-259.0,0.28,-0.98,0.769,973.3724877969379,1.276777584389701
1699523744,445174.5,-14.0,948.0,-252.0,0.209,-0.56,-1.539,981.0219161670141,1.6510003028467317
1699716044,445366.8,-3.0,939.0,-265.0,0.419,-1.049,0.419,975.6818128877877,1.2047916832382268
1699908344,445559.1,9.0,942.0,-262.0,0.349,-0.769,0.56,977.7980364062919,1.0132926526922021
1700100644,445751.4,0.0,943.0,-259.0,0.349,-0.629,-0.839,977.9212647243131,1.1051529305937706
1700292944,445943.7,-7.0,942.0,-260.0,0.419,-0.91,-0.419,977.247665640599,1.0859198865478061
1700485244,446136.0,-7.0,942.0,-258.0,0.419,-0.769,-0.419,976.7174617052774,0.9708156364624542
1700677544,446328.3,-5.0,941.0,-258.0,0.349,-0.769,-0.49,975.740744255358,0.9763513711774056
1700869844,446520.6,-4.0,942.0,-259.0,0.28,-0.769,-0.349,976.9651989707719,0.8896977014694373
1701062144,446712.9,-5.0,941.0,-260.0,0.28,-0.769,-0.28,976.2714786369619,0.8649630049892307
1701254444,446905.2,1.0,942.0,-259.0,0.349,-0.91,-0.209,976.9575221062582,0.9967858345702952
1701446744,447097.5,-1.0,941.0,-255.0,0.349,-0.769,-0.49,974.9394853015237,0.9763513711774056
1701639044,447289.8,-3.0,941.0,-256.0,0.419,-0.839,-0.629,975.2056193439412,1.1292134430655703
1701831344,447482.1,-3.0,941.0,-257.0,0.419,-0.699,-0.769,975.4686053379678,1.1205012271300732
1702023644,447674.4,-10.0,942.0,-259.0,0.56,-0.839,-0.769,977.0081882973141,1.2684171238200783
1702215944,447866.7,-8.0,941.0,-259.0,0.49,-0.839,-0.629,976.0256144179824,1.1574376873076149
1702408244,448059.0,-12.0,943.0,-256.0,0.419,-0.769,-0.91,977.204686849178,1.262941803884882
1702600544,448251.3,-5.0,941.0,-257.0,0.28,-0.769,-0.28,975.4768064900364,0.8649630049892307
1702792844,448443.6,-7.0,942.0,-258.0,0.349,-0.699,-0.769,976.7174617052774,1.0962495153932794
1702985144,448635.9,-8.0,942.0,-260.0,0.49,-0.839,-0.629,977.2553402258798,1.1574376873076149
1703177444,448828.2,-11.0,941.0,-259.0,0.49,-0.769,-0.699,976.0548140345397,1.1489395110274518
1703369744,449020.5,-9.0,943.0,-258.0,0.419,-0.769,-0.49,977.6983174783518,1.0035048579852517
1703562044,449212.8,-12.0,942.0,-257.0,0.28,-0.699,-0.629,976.5024321526291,0.9811432107495827
1703754344,449405.1,-9.0,941.0,-259.0,0.28,-0.839,-0.419,976.0343231669673,0.9787144629563823
1703946644,449597.4,-1.0,944.0,-259.0,0.349,-0.839,-0.56,978.8861016481948,1.0673902753913396
1704138944,449789.7,-10.0,942.0,-259.0,0.49,-0.699,-0.699,977.0081882973141,1.1033140985231722
1704331244,449982.0,-10.0,942.0,-259.0,0.56,-0.839,-0.629,977.0081882973141,1.1887649052693303
1704523544,450174.3,-13.0,942.0,-259.0,0.419,-0.699,-0.419,977.043499543393,0.9163640106420592
1704715844,450366.6,-8.0,942.0,-258.0,0.28,-0.769,-0.49,976.725140456618,0.9538663428384503
1704908144,450558.9,-7.0,941.0,-258.0,0.349,-0.769,-0.49,975.7530425266426,0.9763513711774056
1705100444,450751.2,-11.0,941.0,-260.0,0.49,-0.769,-0.49,976.3206440509183,1.03516230611436
1705292744,450943.5,-5.0,942.0,-261.0,0.56,-0.769,-0.49,977.5019181566857,1.0700752310001387
1705485044,451135.8,-14.0,941.0,-260.0,0.49,-0.629,-0.419,976.3590528079309,0.9007230428938742
1705677344,451328.1,-6.0,942.0,-260.0,0.209,-0.839,-0.209,977.2410142846031,0.8895408928205605
1705869644,451520.4,-3.0,942.0,-259.0,0.349,-0.699,-0.49,976.9616164415058,0.9222266532691407
1706061944,451712.7,-5.0,942.0,-260.0,0.49,-0.839,-0.49,977.2353861787855,1.0881732398841646
1706254244,451905.0,-5.0,942.0,-259.0,0.56,-0.839,-0.629,976.9698050605249,1.1887649052693303
1706446544,452097.3,-11.0,941.0,-257.0,0.56,-0.699,-0.699,975.5260119545762,1.1361346751155867
1706638844,452289.6,-11.0,942.0,-260.0,0.49,-0.839,-0.699,977.2845031002998,1.1969218855046473
1706831144,452481.9,-10.0,943.0,-259.0,0.49,-0.839,-0.699,977.9723922483702,1.1969218855046473
1707023444,452674.2,-10.0,942.0,-259.0,0.49,-0.769,-0.419,977.0081882973141,1.0035048579852517
1707215744,452866.5,-10.0,942.0,-258.0,0.49,-0.699,-0.349,976.7435692135373,0.9222266532691407
1707408044,453058.8,-9.0,944.0,-257.0,0.349,-0.769,-0.629,978.3997138184372,1.052997150993297
1707600344,453251.1,-6.0,941.0,-260.0,0.419,-0.769,-0.28,976.2771122995765,0.9194139437707044
1707792644,453443.4,-12.0,941.0,-260.0,0.349,-0.629,-0.349,976.3324228970376,0.7995267350126573
1707984944,453635.7,-6.0,942.0,-262.0,0.349,-0.839,-0.56,977.775025248651,1.0673902753913396
1708177244,453828.0,-4.0,942.0,-262.0,0.349,-0.769,-0.419,977.7647978936448,0.9427210616083636
1708369544,454020.3,-5.0,941.0,-262.0,0.419,-0.769,-0.419,976.8060196374713,0.9708156364624542
1708561844,454212.6,0.0,940.0,-260.0,0.419,-0.769,-0.49,975.2948272189287,1.0035048579852517
1708754144,454404.9,-12.0,943.0,-260.0,0.56,-0.769,-0.629,978.2601903379284,1.1404393890075877
1708946444,454597.2,8.0,939.0,-259.0,0.349,-0.91,-0.14,974.0975310511776,0.984632418722845
1709138744,454789.5,0.0,942.0,-255.0,0.349,-0.699,-0.839,975.9041961176312,1.1464392700880408
1709331044,454981.8,-10.0,941.0,-258.0,0.49,-0.91,-0.769,975.7791758384681,1.288239496367038
1709523344,455174.1,-11.0,941.0,-255.0,0.419,-0.56,-1.049,975.0010256404862,1.2607783310320653
1709715644,455366.4,-13.0,941.0,-259.0,0.49,-0.699,-0.629,976.0794025078083,1.0603499422360525
1709907944,455558.7,0.0,943.0,-258.0,0.419,-0.91,-0.49,977.656892779875,1.1152403328431053
1710100244,455751.0,-7.0,941.0,-258.0,0.349,-0.699,-0.419,975.7530425266426,0.8865455431053725
1710292544,455943.3,0.0,943.0,-258.0,0.349,-0.769,-0.629,977.656892779875,1.052997150993297
1710484844,456135.6,-5.0,942.0,-258.0,0.209,-0.839,-0.49,976.705175577564,0.9938319777507664
1710677144,456327.9,-7.0,941.0,-261.0,0.349,-0.769,-0.349,976.550561927031,0.9137630984013306
1710869444,456520.2,0.0,941.0,-260.0,0.419,-0.839,-0.769,976.2586747373874,1.2127831628118853
1711061744,456712.5,-5.0,942.0,-261.0,0.629,-0.769,-0.49,977.5019181566857,1.107746360860644
1711254044,456904.8,-6.0,946.0,-261.0,0.49,-0.839,-0.699,981.3628279082105,1.1969218855046473
1711446344,457097.1,-18.0,941.0,-260.0,0.629,-0.629,-0.91,976.4246002636353,1.2725494096497787
1711638644,457289.4,-3.0,943.0,-260.0,0.56,-0.91,-0.769,978.1911878564435,1.3164577471381298
1711830944,457481.7,-15.0,945.0,-257.0,0.699,-0.839,-1.259,979.4381042209865,1.666614232508531
1712023244,457674.0,-11.0,939.0,-257.0,0.56,-0.769,-0.629,973.5969391899299,1.1404393890075877
1712215544,457866.3,-15.0,943.0,-256.0,0.49,-0.769,-1.12,977.2461307163104,1.4442510169634641
1712407844,458058.6,-18.0,943.0,-260.0,0.56,-0.839,-0.98,978.3521860761593,1.4063857934436055
1712600144,458250.9,-16.0,942.0,-262.0,0.56,-0.769,-0.49,977.8875190940929,1.0700752310001387
1712792444,458443.2,-18.0,947.0,-262.0,0.49,-0.769,-0.699,982.7395382297386,1.1489395110274518
1712984744,458635.5,-30.0,944.0,-264.0,0.49,-0.629,-1.049,980.67935636476,1.3176274131938817
1713177044,458827.8,-22.0,941.0,-268.0,0.49,-0.91,0.28,978.6669504995048,1.0707940978544848
1713369344,459020.1,-9.0,945.0,-263.0,0.419,-0.839,-0.769,980.9561661970426,1.2127831628118853
1713561644,459212.4,-27.0,938.0,-261.0,0.56,-0.49,-0.699,974.0092402025763,1.020931437462869
1713753944,459404.7,-17.0,943.0,-261.0,0.49,-0.98,-0.209,978.6005313712026,1.1154286171692027
1713946244,459597.0,-15.0,943.0,-262.0,0.49,-0.769,-0.14,978.835021849954,0.9225296743194769
1714138544,459789.3,-12.0,944.0,-262.0,0.49,-0.769,-0.699,979.757112758055,1.1489395110274518
1714330844,459981.6,-13.0,941.0,-262.0,0.49,-0.769,-0.28,976.8797264760898,0.9538663428384503
1714523144,460173.9,-8.0,942.0,-259.0,0.49,-0.769,-0.209,976.9897645318501,0.9354902458069779
1714715444,460366.2,2.0,943.0,-256.0,0.349,-0.98,-0.629,977.1330513292445,1.2156652499763247
1714907744,460558.5,-8.0,942.0,-258.0,0.49,-0.769,-0.49,976.725140456618,1.03516230611436
1715100044,460750.8,-12.0,940.0,-253.0,0.209,-0.629,-0.629,973.5260653932179,0.9137630984013307
1715292344,460943.1,-6.0,943.0,-253.0,0.209,-0.769,-0.98,976.3677585827995,1.2631080713858176
1715484644,461135.4,2.0,943.0,-252.0,0.28,-0.91,-0.98,976.0927210055405,1.3663454907160195
1715676944,461327.7,-16.0,942.0,-256.0,0.349,-0.699,-0.769,976.2970859323508,1.0962495153932794
1715869244,461520.0,-17.0,943.0,-257.0,0.49,-0.699,-1.049,977.5413034752036,1.3524429747682525
1716061544,461712.3,-17.0,943.0,-259.0,0.419,-0.769,-0.49,978.069015969732,1.0035048579852517
1716253844,461904.6,-14.0,942.0,-258.0,0.419,-0.769,-0.56,976.7927108655142,1.039481601568782
1716446144,462096.9,-12.0,941.0,-258.0,0.349,-0.769,-0.49,975.8017216627567,0.9763513711774056
1716638444,462289.2,-5.0,942.0,-258.0,0.349,-0.91,-0.49,976.705175577564,1.0908716698127237
1716830744,462481.5,-5.0,942.0,-258.0,0.419,-0.769,-0.419,976.705175577564,0.9708156364624542
1717023044,462673.8,-7.0,942.0,-258.0,0.49,-0.769,-0.56,976.7174617052774,1.0700752310001387
1717215344,462866.1,-8.0,942.0,-259.0,0.419,-0.839,-0.699,976.9897645318501,1.1696508025902432
1717407644,463058.4,-9.0,942.0,-260.0,0.419,-0.839,-0.56,977.2640380163388,1.0922829303802197
1717599944,463250.7,-10.0,942.0,-260.0,0.49,-0.769,-0.629,977.2737589846563,1.107746360860644
1717792244,463443.0,-10.0,942.0,-261.0,0.49,-0.769,-0.629,977.5402804999904,1.107746360860644
1717984544,463635.3,-9.0,942.0,-260.0,0.49,-0.769,-0.629,977.2640380163388,1.107746360860644
1718176844,463827.6,-7.0,941.0,-261.0,0.349,-0.839,-0.56,976.550561927031,1.0673902753913396
1718369144,464019.9,-8.0,942.0,-260.0,0.349,-0.769,-0.49,977.2553402258798,0.9763513711774056
1718561444,464212.2,-9.0,942.0,-260.0,0.349,-0.839,-0.629,977.2640380163388,1.1051529305937706
1718753744,464404.5,-10.0,942.0,-260.0,0.49,-0.839,-0.629,977.2737589846563,1.1574376873076149
1718946044,464596.8,-7.0,942.0,-259.0,0.349,-0.769,-0.56,976.982087860366,1.0132926526922021
1719138344,464789.1,-9.0,942.0,-259.0,0.419,-0.629,-0.49,976.9984646866135,0.9007230428938742
1719330644,464981.4,-7.0,942.0,-258.0,0.419,-0.769,-0.49,976.7174617052774,1.0035048579852517
1719522944,465173.7,-9.0,942.0,-259.0,0.49,-0.769,-0.629,976.9984646866135,1.107746360860644
1719715244,465366.0,-10.0,942.0,-259.0,0.349,-0.699,-0.56,977.0081882973141,0.9612502275682435
1719907544,465558.3,-8.0,942.0,-259.0,0.349,-0.769,-0.419,976.9897645318501,0.9427210616083636
1720099844,465750.6,-9.0,942.0,-259.0,0.349,-0.769,-0.629,976.9984646866135,1.052997150993297
1720292144,465942.9,-8.0,941.0,-260.0,0.419,-0.839,-0.56,976.2914523849935,1.0922829303802197
1720484444,466135.2,-6.0,942.0,-260.0,0.349,-0.769,-0.56,977.2410142846031,1.0132926526922021
1720676744,466327.5,-7.0,942.0,-259.0,0.419,-0.839,-0.49,976.982087860366,1.0581030195590597
1720869044,466519.8,-8.0,942.0,-260.0,0.419,-0.699,-0.56,977.2553402258798,0.9888184868821982
1721061344,466712.1,-5.0,942.0,-260.0,0.419,-0.769,-0.56,977.2353861787855,1.039481601568782
1721253644,466904.4,-7.0,942.0,-259.0,0.349,-0.699,-0.56,976.982087860366,0.9612502275682435
1721445944,467096.7,-9.0,942.0,-259.0,0.419,-0.769,-0.49,976.9984646866135,1.0035048579852517
1721638244,467289.0,-10.0,942.0,-259.0,0.349,-0.769,-0.49,977.0081882973141,0.9763513711774056
1721830544,467481.3,-7.0,942.0,-259.0,0.349,-0.839,-0.419,976.982087860366,1.000641294370765
1722022844,467673.6,-9.0,941.0,-259.0,0.419,-0.699,-0.349,976.0343231669673,0.8865455431053725
1722215144,467865.9,-5.0,942.0,-259.0,0.49,-0.839,-0.49,976.9698050605249,1.0881732398841646
1722407444,468058.2,-7.0,941.0,-260.0,0.419,-0.699,-0.49,976.2837702225721,0.9509269162243752
1722599744,468250.5,-7.0,942.0,-260.0,0.419,-0.769,-0.56,977.247665640599,1.039481601568782
1722792044,468442.8,-8.0,942.0,-260.0,0.419,-0.769,-0.49,977.2553402258798,1.0035048579852517
1722984344,468635.1,-8.0,940.0,-260.0,0.419,-0.769,-0.419,975.3276372583728,0.9708156364624542
1723176644,468827.4,-19.0,942.0,-258.0,0.349,-0.56,-0.629,976.8771673040577,0.9116150503364894
1723368944,469019.7,14.0,956.0,-259.0,0.419,-1.33,-1.47,990.5619617166813,2.0261690452674475
1723561244,469212.0,-59.0,939.0,-262.0,0.629,0.28,-1.259,976.6503980442541,1.4349641110494715
1723753544,469404.3,-3.0,944.0,-265.0,0.56,-1.259,-0.349,980.4947730610296,1.4214365972494165
1723945844,469596.6,-21.0,944.0,-261.0,0.769,-0.699,-1.399,979.6417712613116,1.7427458219717527
1724138144,469788.9,-27.0,942.0,-262.0,0.769,-0.769,-0.699,978.1293370510875,1.2927965810598356
1724330444,469981.2,-18.0,943.0,-263.0,0.56,-0.769,-0.629,979.1537162264156,1.1404393890075877
1724522744,470173.5,-25.0,937.0,-265.0,0.56,-0.49,0.49,974.0734058581006,0.8909545442950499
1724715044,470365.8,13.0,941.0,-266.0,0.14,-1.12,0.769,977.9601218863681,1.3657821934701009
1724907344,470558.1,-3.0,942.0,-262.0,0.28,-0.56,-0.419,977.7612182941191,0.7533664447000544
1725099644,470750.4,0.0,937.0,-261.0,0.14,-0.839,0.629,972.6715786944739,1.0579045325548047
1725291944,470942.7,8.0,942.0,-258.0,0.07,-0.91,-0.07,976.725140456618,0.9153687781435415
1725484244,471135.0,1.0,940.0,-258.0,0.209,-0.699,-0.56,974.764074019965,0.919718435174592
1725676544,471327.3,1.0,941.0,-258.0,0.28,-0.769,-0.629,975.7284458290636,1.0321831232877237
1725868844,471519.6,-10.0,941.0,-257.0,0.349,-0.699,-0.699,975.5152484712886,1.0483334393216692
1726061144,471711.9,-4.0,941.0,-260.0,0.419,-0.91,-0.49,976.2668692524601,1.1152403328431053
1726253444,471904.2,-5.0,942.0,-260.0,0.419,-0.769,-0.629,977.2353861787855,1.0782221477970113
1726445744,472096.5,-5.0,941.0,-260.0,0.49,-0.769,-0.419,976.2714786369619,1.0035048579852517
1726638044,472288.8,-6.0,941.0,-260.0,0.419,-0.769,-0.56,976.2771122995765,1.039481601568782
1726830344,472481.1,-6.0,940.0,-259.0,0.419,-0.699,-0.629,975.0471783457455,1.0294673379957229
1727022644,472673.4,1.0,942.0,-262.0,0.699,-0.98,-0.839,977.7571273071857,1.4672838852791916
1727214944,472865.7,-38.0,941.0,-257.0,0.209,-0.56,-1.19,976.2038721496652,1.3316835209613431
1727407244,473058.0,-8.0,941.0,-261.0,0.419,-0.98,-0.49,976.5582419907171,1.1730562646352476
1727599544,473250.3,-1.0,943.0,-262.0,0.28,-0.699,-0.49,978.7205934279712,0.8983880008103403
1727791844,473442.6,-40.0,937.0,-266.0,0.629,-0.419,-1.049,974.8461417064747,1.2929048688902056
1727984144,473634.9,-5.0,943.0,-265.0,0.49,-1.19,-0.14,979.5401982563043,1.294526940623485
1728176444,473827.2,-11.0,942.0,-262.0,0.56,-0.629,-0.419,977.8184903140256,0.9406391444119259
1728368744,474019.5,-43.0,951.0,-268.0,0.699,-0.839,-0.98,988.9762383394254,1.4672838852791916
1728561044,474211.8,-52.0,944.0,-270.0,0.56,-0.56,-0.49,983.2293730356106,0.931289428695505
1728753344,474404.1,-8.0,944.0,-271.0,0.49,-1.12,0.419,982.161392032898,1.2923083997250813
1728945644,474596.4,-20.0,943.0,-263.0,0.629,-0.56,-0.91,979.1925244812687,1.2398955601178674
1729137944,474788.7,-22.0,942.0,-266.0,0.49,-0.839,-0.49,979.0832446733015,1.0881732398841646
1729330244,474981.0,-14.0,942.0,-261.0,0.349,-0.769,-0.28,977.5893821027313,0.8896977014694373
1729522544,475173.3,-12.0,942.0,-262.0,0.419,-0.839,-0.349,977.8302511172376,1.000641294370765
1729714844,475365.6,-7.0,942.0,-261.0,0.419,-0.839,-0.49,977.5141942703441,1.0581030195590597
1729907144,475557.9,-8.0,941.0,-258.0,0.49,-0.769,-0.49,975.7607288674822,1.03516230611436
1730099444,475750.2,-5.0,942.0,-257.0,0.49,-0.769,-0.49,976.4414985036226,1.03516230611436
1730291744,475942.5,-11.0,941.0,-258.0,0.28,-0.699,-0.629,975.7899364104961,0.9811432107495827
1730484044,476134.8,-9.0,942.0,-260.0,0.349,-0.769,-0.56,977.2640380163388,1.0132926526922021
1730676344,476327.1,-8.0,941.0,-261.0,0.49,-0.769,-0.56,976.5582419907171,1.0700752310001387
1730868644,476519.4,-12.0,941.0,-261.0,0.49,-0.769,-0.629,976.5992013103431,1.107746360860644
1731060944,476711.7,-10.0,943.0,-261.0,0.419,-0.839,-0.56,978.5039601350625,1.0922829303802197
1731253244,476904.0,-14.0,940.0,-261.0,0.56,-0.769,-0.49,975.6623391317305,1.0700752310001387
1731445544,477096.3,-12.0,943.0,-261.0,0.419,-0.769,-0.769,978.5264431787217,1.1654539887957827
1731637844,477288.6,-10.0,940.0,-264.0,0.349,-0.769,-0.56,976.4199916019745,1.0132926526922021
1731830144,477480.9,7.0,943.0,-262.0,0.49,-0.98,-0.349,978.7451149303378,1.149913475005837
1732022444,477673.2,-20.0,940.0,-261.0,0.419,-0.56,-0.56,975.7668778965599,0.8959693075100286
1732214744,477865.5,-8.0,943.0,-260.0,0.349,-0.91,-0.419,978.2193005660847,1.0608779383133575
1732407044,478057.8,-13.0,940.0,-263.0,0.49,-0.769,-0.49,976.1854332041634,1.03516230611436
1732599344,478250.1,-11.0,942.0,-262.0,0.49,-0.839,-0.28,977.8184903140256,1.0111483570673494
1732791644,478442.4,-11.0,941.0,-264.0,0.419,-0.839,-0.349,977.3934724562058,1.000641294370765
1732983944,478634.7,-8.0,941.0,-264.0,0.49,-0.839,-0.349,977.3643128332444,1.0323865555110643
1733176244,478827.0,-4.0,942.0,-262.0,0.349,-0.769,-0.419,977.7647978936448,0.9427210616083636
1733368544,479019.3,-7.0,941.0,-263.0,0.419,-0.839,-0.49,977.0869971502026,1.0581030195590597
1733560844,479211.6,-7.0,941.0,-265.0,0.49,-0.769,-0.419,977.6272295716809,1.0035048579852517
1733753144,479403.9,-2.0,942.0,-262.0,0.49,-0.839,-0.629,977.7586614292916,1.1574376873076149
1733945444,479596.2,-17.0,941.0,-264.0,0.419,-0.629,-0.56,977.4794115478852,0.940639144411926
1734137744,479788.5,-7.0,941.0,-264.0,0.419,-0.91,-0.28,977.3566391036591,1.040221611004117
1734330044,479980.8,-6.0,941.0,-262.0,0.419,-0.769,-0.49,976.8116502171747,1.0035048579852517
1734522344,480173.1,-7.0,942.0,-262.0,0.419,-0.769,-0.699,977.7816729720392,1.1205012271300732
1734714644,480365.4,-7.0,940.0,-263.0,0.49,-0.91,-0.49,976.1239675369108,1.1438094246857735
1734906944,480557.7,-7.0,944.0,-263.0,0.49,-0.769,-0.629,979.9765303312115,1.107746360860644
1735099244,480750.0,-4.0,940.0,-262.0,0.49,-0.629,-0.209,975.8381013262394,0.8242705866400911
1735291544,480942.3,-5.0,941.0,-263.0,0.349,-0.839,-0.209,977.0747156691755,0.9324178247974455
1735483844,481134.6,3.0,941.0,-263.0,0.28,-0.839,-0.14,977.0665279293934,0.895500418760371
1735676144,481326.9,-3.0,943.0,-266.0,0.49,-0.91,-0.769,979.8030414323075,1.288239496367038
1735868444,481519.2,-22.0,941.0,-265.0,0.28,-0.49,-0.419,977.8496816995954,0.7028947289601765
1736060744,481711.5,-5.0,938.0,-267.0,0.349,-0.98,0.07,975.2732950306801,1.0426413573228333
1736253044,481903.8,-8.0,942.0,-261.0,0.349,-0.629,-0.98,977.5218667630919,1.2156652499763247
1736445344,482096.1,-14.0,941.0,-267.0,0.28,-0.91,-0.349,978.2463902310093,1.0140517738261692
1736637644,482288.4,-5.0,941.0,-264.0,0.419,-0.839,-0.49,977.344361011,1.0581030195590597
1736829944,482480.7,1.0,940.0,-265.0,0.349,-0.91,-0.14,976.6401589121758,0.984632418722845
1737022244,482673.0,-5.0,942.0,-262.0,0.49,-0.769,-0.699,977.769400216636,1.1489395110274518
1737214544,482865.3,4.0,942.0,-265.0,0.629,-0.91,-0.419,978.5729405619185,1.1829209610113434
1737406844,483057.6,-15.0,941.0,-264.0,0.419,-0.56,-0.98,977.4466737372428,1.2039771592517858
1737599144,483249.9,-2.0,939.0,-269.0,0.49,-0.91,-0.349,976.7732592572341,1.0908716698127237
1737791444,483442.2,-5.0,941.0,-268.0,0.699,-0.699,-0.629,978.4324197408832,1.171683831073895
1737983744,483634.5,-8.0,941.0,-266.0,0.56,-0.839,-0.56,977.9064372423366,1.1537421722378012
1738176044,483826.8,-8.0,943.0,-264.0,0.49,-0.769,-0.699,979.2900489640441,1.1489395110274518
1738368344,484019.1,-12.0,941.0,-264.0,0.419,-0.769,-0.49,977.4052383735213,1.0035048579852517
1738560644,484211.4,-9.0,942.0,-266.0,0.56,-0.839,-0.769,978.8774182705412,1.2684171238200783
1738752944,484403.7,-12.0,940.0,-266.0,0.629,-0.769,-0.629,976.985158536198,1.1758584098436342
1738945244,484596.0,-9.0,941.0,-264.0,0.49,-0.769,-0.349,977.3730096539397,0.9763513711774056
1739137544,484788.3,-13.0,941.0,-264.0,0.56,-0.769,-1.049,977.4180272534368,1.416108046725249
1739329844,484980.6,-17.0,938.0,-266.0,0.49,-0.769,0.209,975.1353752172054,0.9354902458069779
1739522144,485172.9,2.0,941.0,-263.0,0.349,-0.91,-0.419,977.0639692466405,1.0608779383133575
1739714444,485365.2,-11.0,938.0,-266.0,0.49,-0.629,-0.28,975.0492295263865,0.8450686362657178
1739906744,485557.5,-9.0,941.0,-264.0,0.349,-0.839,-0.349,977.3730096539397,0.9734079309313233
1740099044,485749.8,-8.0,940.0,-264.0,0.349,-0.839,-0.419,976.4015567378003,1.000641294370765
1740291344,485942.1,-21.0,940.0,-266.0,0.349,-0.699,-0.349,977.1371449290012,0.8556886115871823
1740483644,486134.4,-6.0,943.0,-269.0,0.49,-0.91,-0.419,980.6355082292299,1.1152403328431053
1740675944,486326.7,-16.0,940.0,-272.0,0.839,-0.699,-0.769,978.6930060034148,1.3356208294272742
1740868244,486519.0,-16.0,940.0,-269.0,0.699,-0.769,-0.49,977.8634874050672,1.1489395110274518
1741060544,486711.3,-12.0,940.0,-266.0,0.699,-0.839,-0.56,976.985158536198,1.2272416225014535
1741252844,486903.6,-8.0,942.0,-264.0,0.419,-0.769,-0.419,978.32714364879,0.9708156364624542
1741445144,487095.9,-10.0,941.0,-265.0,0.419,-0.769,-0.629,977.6533127852633,1.0782221477970113
1741637444,487288.2,-7.0,941.0,-266.0,0.419,-0.839,-0.49,977.898767766889,1.0581030195590597
1741829744,487480.5,-10.0,940.0,-265.0,0.419,-0.699,-0.56,976.6908415665624,0.9888184868821982
1742022044,487672.8,-8.0,941.0,-264.0,0.56,-0.91,-0.98,977.3643128332444,1.4498620624045586
1742214344,487865.1,-8.0,941.0,-267.0,0.49,-0.839,-0.49,978.1789202390328,1.0881732398841646
1742406644,488057.4,-13.0,940.0,-267.0,0.56,-0.699,-0.629,977.2706892156339,1.0944596840450542
1742598944,488249.7,-10.0,940.0,-268.0,0.56,-0.839,-0.629,977.5090792417225,1.1887649052693303
1742791244,488442.0,-19.0,938.0,-271.0,0.629,-0.769,-0.49,976.5480018923801,1.107746360860644
1742983544,488634.3,-11.0,941.0,-271.0,0.629,-0.91,-0.209,979.3074083248835,1.1257983833706637
1743175844,488826.6,-13.0,940.0,-267.0,0.49,-0.769,-0.419,977.2706892156339,1.0035048579852517
1743368144,489018.9,-10.0,939.0,-269.0,0.49,-0.839,-0.419,976.8223994155744,1.0581030195590597
1743560444,489211.2,-13.0,939.0,-269.0,0.629,-0.769,-0.49,976.8577173775104,1.107746360860644
1743752744,489403.5,-10.0,940.0,-269.0,0.49,-0.91,-0.419,977.7837184162968,1.1152403328431053
1743945044,489595.8,-22.0,940.0,-268.0,0.56,-0.629,-0.839,977.7054771248855,1.1887649052693303
1744137344,489788.1,-15.0,939.0,-270.0,0.56,-0.91,-0.14,977.1622178533102,1.0776363022838458
1744329644,489980.4,-15.0,943.0,-264.0,0.49,-0.699,-0.699,979.3722479221065,1.1033140985231722
1744521944,490172.7,-19.0,939.0,-266.0,0.49,-0.769,-0.349,976.1342120835639,0.9763513711774056
1744714244,490365.0,-13.0,941.0,-265.0,0.349,-0.91,-0.28,977.6886007313371,1.014051773826169
1744906544,490557.3,-11.0,940.0,-267.0,0.349,-0.769,-0.419,977.2461307163104,0.9427210616083636
1745098844,490749.6,-9.0,941.0,-267.0,0.28,-0.769,-0.419,978.1876098172579,0.9194139437707044
1745291144,490941.9,-14.0,940.0,-266.0,0.349,-0.699,-0.49,977.0117706558094,0.9222266532691407
1745483444,491134.2,-16.0,939.0,-268.0,0.349,-0.769,-0.419,976.6273598461186,0.9427210616083636
1745675744,491326.5,-12.0,940.0,-271.0,0.419,-0.769,-0.349,978.358318817804,0.9427210616083636
1745868044,491518.8,-12.0,939.0,-272.0,0.49,-0.699,-0.629,977.6753039736659,1.0603499422360525
1746060344,491711.1,-12.0,939.0,-272.0,0.49,-0.769,-0.349,977.6753039736659,0.9763513711774056
1746252644,491903.4,-6.0,939.0,-271.0,0.49,-0.769,-0.349,977.3423146472273,0.9763513711774056
1746444944,492095.7,-2.0,940.0,-270.0,0.49,-0.91,-0.419,978.0102248954252,1.1152403328431053
1746637244,492288.0,-7.0,939.0,-268.0,0.419,-0.699,-0.56,976.5213771341619,0.9888184868821982
1746829544,492480.3,-6.0,940.0,-266.0,0.419,-0.839,-0.839,976.9298848945098,1.2583334216335509
1747021844,492672.6,-14.0,939.0,-269.0,0.49,-0.699,-0.629,976.8715371019877,1.0603499422360525
1747214144,492864.9,-14.0,939.0,-269.0,0.419,-0.769,-0.629,976.8715371019877,1.0782221477970113
1747406444,493057.2,-16.0,939.0,-269.0,0.28,-0.699,-0.56,976.9022469008862,0.9384034313662755
1747598744,493249.5,-4.0,942.0,-268.0,0.14,-0.91,-0.49,979.3896058259961,1.0429765098025938
1747791044,493441.8,-20.0,938.0,-270.0,0.419,-0.56,-0.769,976.2909402427127,1.039481601568782
1747983344,493634.1,0.0,941.0,-270.0,0.419,-0.98,-0.349,978.9693560066116,1.1214998885421255
1748175644,493826.4,-18.0,939.0,-268.0,0.56,-0.629,-1.33,976.6621729134389,1.574211231061448
1748367944,494018.7,-17.0,938.0,-272.0,0.56,-0.91,-0.49,976.7891277036206,1.1754998936622667
1748560244,494211.0,-20.0,940.0,-269.0,0.49,-0.699,-0.839,977.9371145426479,1.1969218855046473
1748752544,494403.3,-15.0,937.0,-272.0,0.349,-0.699,-0.07,975.796085255521,0.7844118816030261
1748944844,494595.6,-12.0,939.0,-271.0,0.349,-0.699,-0.349,977.3975649652499,0.8556886115871823
1749137144,494787.9,-12.0,937.0,-274.0,0.419,-0.769,-0.14,976.313986379382,0.886860755699563
1749329444,494980.2,1.0,937.0,-273.0,0.419,-0.839,-0.14,975.9605524815028,0.948199346129283
1749521744,495172.5,-2.0,939.0,-272.0,0.419,-0.699,-0.56,977.6037029389772,0.9888184868821982
1749714044,495364.8,-3.0,937.0,-272.0,0.49,-0.769,-0.49,975.6854001162465,1.03516230611436
1749906344,495557.1,-1.0,938.0,-272.0,0.49,-0.839,-0.769,976.6416947888309,1.2391053223999968
1750098644,495749.4,-8.0,939.0,-272.0,0.629,-0.769,-0.839,977.6343897388225,1.300354951542078
1750290944,495941.7,-8.0,940.0,-272.0,0.629,-0.839,-0.98,978.5949110842545,1.4352567714524114
1750483244,496134.0,-14.0,939.0,-273.0,0.49,-0.629,-0.839,977.9805724041761,1.1574376873076149
1750675544,496326.3,-16.0,937.0,-273.0,0.419,-0.699,-0.629,976.0911842650768,1.0294673379957229
1750867844,496518.6,-5.0,938.0,-277.0,0.349,-0.91,0.0,978.058280472079,0.9746286472292921
1751060144,496710.9,-8.0,939.0,-274.0,0.629,-0.699,-0.699,978.1927212978023,1.171683831073895
1751252444,496903.2,-5.0,938.0,-274.0,0.419,-0.91,-0.419,977.2128734313727,1.0859198865478061
1751444744,497095.5,-13.0,938.0,-273.0,0.419,-0.629,-0.769,977.0066529967951,1.0782221477970113
1751637044,497287.8,-7.0,939.0,-275.0,0.419,-0.91,-0.699,978.4656355743925,1.221581761487949
1751829344,497480.1,-20.0,938.0,-276.0,0.56,-0.629,-0.91,977.9672796162456,1.2398955601178674
1752021644,497672.4,-13.0,938.0,-277.0,0.49,-0.839,-0.419,978.1318929469584,1.0581030195590597
1752213944,497864.7,-12.0,937.0,-277.0,0.49,-0.769,-0.209,977.1601711080942,0.9354902458069779
1752406244,498057.0,-8.0,938.0,-275.0,0.419,-0.839,-0.56,977.5136827686864,1.0922829303802197
1752598544,498249.3,-9.0,937.0,-276.0,0.49,-0.839,-0.209,976.8449211620031,0.9938319777507664
1752790844,498441.6,-12.0,942.0,-275.0,0.56,-0.91,-0.56,981.3933971654792,1.206358155772986
1752983144,498633.9,-26.0,938.0,-276.0,0.629,-0.629,-0.629,978.1083784530219,1.089459957960824
1753175444,498826.2,-14.0,938.0,-277.0,0.629,-0.839,-0.349,978.1456946692552,1.1051529305937708
1753367744,499018.5,-13.0,938.0,-273.0,0.629,-0.769,-0.699,977.0066529967951,1.2147440059535177
1753560044,499210.8,-13.0,938.0,-276.0,0.699,-0.839,-0.56,977.8491703734272,1.2272416225014535
1753752344,499403.1,-18.0,937.0,-274.0,0.629,-0.769,-0.56,976.4061654864742,1.1404393890075877
1753944644,499595.4,-7.0,935.0,-276.0,0.49,-0.769,0.49,974.910252279665,1.03516230611436
1754136944,499787.7,-3.0,940.0,-271.0,0.28,-0.769,-0.629,978.2893232576956,1.0321831232877237
1754329244,499980.0,-14.0,936.0,-276.0,0.419,-0.699,-0.349,975.9446705628347,0.8865455431053725
1754521544,500172.3,9.0,942.0,-275.0,0.419,-0.91,-0.28,981.3612994203511,1.040221611004117
1754713844,500364.6,-13.0,937.0,-272.0,0.49,-0.629,-0.769,975.7673903139006,1.107746360860644
1754906144,500556.9,-3.0,937.0,-273.0,0.419,-0.91,-0.629,975.964650999205,1.1829209610113434
1755098444,500749.2,-4.0,934.0,-273.0,0.419,-0.699,0.28,973.0883824196032,0.861720372278618
1755290744,500941.5,-7.0,937.0,-271.0,0.419,-0.769,-0.49,975.427598543326,1.0035048579852517
1755483044,501133.8,-11.0,936.0,-277.0,0.49,-0.769,-0.28,976.1895307777071,0.9538663428384503
1755675344,501326.1,-4.0,937.0,-276.0,0.349,-0.839,-0.209,976.8116502171747,0.9324178247974455
1755867644,501518.4,-10.0,935.0,-277.0,0.49,-0.769,-0.28,975.2199751850861,0.9538663428384503
1756059944,501710.7,16.0,931.0,-277.0,0.419,-1.049,0.0,971.4659026440403,1.1295848795022
1756252244,501903.0,8.0,937.0,-273.0,0.49,-0.769,-1.049,975.9928278425001,1.3899143858525964
1756444544,502095.3,-5.0,933.0,-276.0,0.56,-0.769,-0.419,972.9799586836308,1.039481601568782
1756636844,502287.6,2.0,937.0,-273.0,0.419,-0.91,-0.629,975.962089427658,1.1829209610113434
1756829144,502479.9,-3.0,936.0,-273.0,0.49,-0.769,-0.629,975.0046153736914,1.107746360860644
1757021444,502672.2,-6.0,937.0,-274.0,0.419,-0.839,-0.769,976.2586747373874,1.2127831628118853
1757213744,502864.5,-9.0,937.0,-276.0,0.349,-0.91,-0.699,976.8449211620031,1.1993756709221677
1757406044,503056.8,-14.0,937.0,-277.0,0.419,-0.769,-0.839,977.1867784615181,1.2127831628118853
1757598344,503249.1,-19.0,938.0,-279.0,0.28,-0.769,-0.699,978.7982427446425,1.0762722703851475
1757790644,503441.4,-12.0,938.0,-281.0,0.28,-0.91,-0.56,979.2594140471666,1.104581368664165
1757982944,503633.7,-13.0,936.0,-279.0,0.419,-0.56,-0.91,976.7834969940883,1.147719913567766
1758175244,503826.0,-4.0,938.0,-281.0,0.419,-0.98,-0.629,979.1940563545104,1.2375790883818294
1758367544,504018.3,-14.0,936.0,-280.0,0.49,-0.699,-0.56,977.0834150675162,1.020931437462869
1758559844,504210.6,-9.0,936.0,-276.0,0.349,-0.769,-0.28,975.8857515098783,0.8896977014694373
1758752144,504402.9,0.0,937.0,-279.0,0.349,-0.91,-0.56,977.6553584980752,1.1240556036068678
1758944444,504595.2,5.0,935.0,-278.0,0.419,-0.699,-0.699,975.4660424638062,1.0736680120037105
1759136744,504787.5,-20.0,932.0,-281.0,0.349,-0.49,-0.14,973.6452125902946,0.6176576721777202
1759329044,504979.8,-3.0,937.0,-276.0,0.349,-0.91,-0.419,976.8080671247551,1.0608779383133575
1759521344,505172.1,-11.0,938.0,-276.0,0.349,-0.769,-0.349,977.8246264029149,0.9137630984013306
1759713644,505364.4,-7.0,937.0,-274.0,0.14,-0.699,-0.419,976.2653327861233,0.8268990264838869
1759905944,505556.7,-18.0,936.0,-278.0,0.28,-0.699,-0.49,976.5776978817405,0.8983880008103403
1760098244,505749.0,-7.0,937.0,-281.0,0.349,-0.839,-0.28,978.2530347512345,0.9508533009881177
1760290544,505941.3,-15.0,935.0,-280.0,0.349,-0.629,-0.49,976.140358759948,0.8703688873115812
1760482844,506133.6,2.0,939.0,-283.0,0.699,-1.049,-0.98,980.721163226327,1.596684690225343
1760675144,506325.9,-60.0,936.0,-287.0,1.19,0.14,-3.289,980.8491219346633,3.5004601126137693
1760867444,506518.2,-29.0,933.0,-289.0,0.98,-1.259,0.0,977.1647762788014,1.5954563610453278
1761059744,506710.5,11.0,941.0,-277.0,0.769,-1.049,-1.049,980.9847093609563,1.6709766605192307
1761252044,506902.8,-17.0,936.0,-279.0,0.699,-0.56,-1.679,976.8449211620031,1.9029561214069022
1761444344,507095.1,-28.0,938.0,-280.0,0.56,-0.769,-0.91,979.299749821269,1.3164577471381298
1761636644,507287.4,-24.0,937.0,-281.0,0.56,-0.769,-0.699,978.5223553910253,1.1804922701991742
1761828944,507479.7,-17.0,935.0,-279.0,0.49,-0.629,-0.349,975.8867762194546,0.8703688873115812
1762021244,507672.0,-12.0,936.0,-278.0,0.419,-0.839,-0.14,976.4855349671085,0.948199346129283
1762213544,507864.3,-7.0,936.0,-279.0,0.419,-0.769,-0.349,976.7220689633259,0.9427210616083636
1762405844,508056.6,-11.0,933.0,-280.0,0.419,-0.629,-0.49,974.1714428169201,0.9007230428938742
1762598144,508248.9,-4.0,935.0,-280.0,0.56,-0.91,-0.209,976.0332986122963,1.0887520378855786
1762790444,508441.2,-9.0,935.0,-278.0,0.56,-0.769,-0.49,975.4947462698095,1.0700752310001387
1762982744,508633.5,-3.0,936.0,-279.0,0.49,-0.769,-0.28,976.7015920945353,0.9538663428384503
1763175044,508825.8,-10.0,934.0,-280.0,0.56,-0.769,-0.56,975.1184543428557,1.1038845048282906
1763367344,509018.1,-5.0,935.0,-281.0,0.56,-0.91,-0.56,976.3252531815409,1.206358155772986
1763559644,509210.4,-13.0,935.0,-280.0,0.56,-0.699,-0.769,976.1116739390017,1.1804922701991742
1763751944,509402.7,-7.0,936.0,-280.0,0.419,-0.91,-0.419,977.0081882973141,1.0859198865478061
1763944244,509595.0,-14.0,936.0,-279.0,0.49,-0.699,-0.629,976.7973177686351,1.0603499422360525
1764136544,509787.3,-7.0,935.0,-279.0,0.28,-0.839,-0.56,975.7638033868648,1.0468624551487171
1764328844,509979.6,-10.0,935.0,-281.0,0.349,-0.699,-0.56,976.3636617572369,0.9612502275682435
1764521144,510171.9,-11.0,936.0,-281.0,0.419,-0.769,-0.56,977.332082764093,1.039481601568782
1764713444,510364.2,-12.0,935.0,-282.0,0.419,-0.769,-0.56,976.6744595821066,1.039481601568782
1764905744,510556.5,-11.0,936.0,-282.0,0.49,-0.839,-0.699,977.6200693520975,1.1969218855046473
1765098044,510748.8,-13.0,934.0,-282.0,0.419,-0.769,-0.49,975.7299831408277,1.0035048579852517
1765290344,510941.1,-12.0,935.0,-282.0,0.49,-0.699,-0.699,976.6744595821066,1.1033140985231722
1765482644,511133.4,-8.0,935.0,-282.0,0.49,-0.839,-0.419,976.6335034187595,1.0581030195590597
1765674944,511325.7,-10.0,936.0,-281.0,0.419,-0.769,-0.56,977.3213391715133,1.039481601568782
1765867244,511518.0,-10.0,935.0,-283.0,0.349,-0.769,-0.56,976.9411445936751,1.0132926526922021
1766059544,511710.3,-10.0,934.0,-282.0,0.419,-0.699,-0.49,975.694624357437,0.9509269162243752
1766251844,511902.6,-8.0,935.0,-281.0,0.419,-0.769,-0.56,976.3452258294707,1.039481601568782
1766444144,512094.9,-9.0,935.0,-282.0,0.49,-0.769,-0.699,976.6422067471792,1.1489395110274518
1766636444,512287.2,-9.0,935.0,-282.0,0.349,-0.699,-0.629,976.6422067471792,1.0030169490093375
1766828744,512479.5,-11.0,935.0,-283.0,0.49,-0.839,-0.629,976.9518923672751,1.1574376873076149
1767021044,512671.8,-16.0,935.0,-283.0,0.349,-0.699,-0.629,977.0209823744831,1.0030169490093375
1767213344,512864.1,-12.0,934.0,-284.0,0.419,-0.769,-0.629,976.2970859323508,1.0782221477970113
1767405644,513056.4,-11.0,935.0,-283.0,0.419,-0.769,-0.56,976.9518923672751,1.039481601568782
1767597944,513248.7,-10.0,935.0,-284.0,0.49,-0.699,-0.49,977.2312929905592,0.9842768919364103
1767790244,513441.0,0.0,934.0,-282.0,0.49,-0.839,-0.349,975.6433774694522,1.0323865555110643
1767982544,513633.3,-21.0,931.0,-280.0,0.56,-0.699,-0.56,972.4206908535009,1.0563148204962383
1768174844,513825.6,-11.0,936.0,-279.0,0.419,-0.839,-0.56,976.7589262453658,1.0922829303802197
1768367144,514017.9,-11.0,936.0,-281.0,0.49,-0.769,-0.629,977.332082764093,1.107746360860644
1768559444,514210.2,-9.0,933.0,-281.0,0.349,-0.769,-0.349,974.4388128558919,0.9137630984013306
1768751744,514402.5,-10.0,934.0,-283.0,0.349,-0.699,-0.49,975.9841187232505,0.9222266532691407
1768944044,514594.8,-7.0,934.0,-284.0,0.419,-0.769,-0.349,976.2484314968193,0.9427210616083636
1769136344,514787.1,-11.0,934.0,-285.0,0.49,-0.769,-0.629,976.5766738971395,1.107746360860644
1769328644,514979.4,-8.0,935.0,-286.0,0.49,-0.839,-0.56,977.7959909919861,1.12143702453593
1769520944,515171.7,-16.0,935.0,-284.0,0.419,-0.699,-0.629,977.3111070687778,1.0294673379957229
1769713244,515364.0,-14.0,936.0,-284.0,0.49,-0.769,-0.91,978.2371900515743,1.288239496367038
1769905544,515556.3,-12.0,935.0,-282.0,0.49,-0.839,-0.629,976.6744595821066,1.1574376873076149
1770097844,515748.6,-12.0,935.0,-282.0,0.49,-0.769,-0.629,976.6744595821066,1.107746360860644
1770290144,515940.9,-12.0,934.0,-283.0,0.419,-0.699,-0.699,976.0066598133437,1.0736680120037105
1770482444,516133.2,-14.0,934.0,-284.0,0.49,-0.769,-0.56,976.3237168070845,1.0700752310001387
1770674744,516325.5,-7.0,933.0,-285.0,0.49,-0.769,-0.56,975.5834151931858,1.0700752310001387
1770867044,516517.8,-9.0,934.0,-284.0,0.56,-0.769,-0.419,976.2648206301403,1.039481601568782
1771059344,516710.1,-16.0,934.0,-285.0,0.49,-0.699,-0.419,976.6457904481031,0.9509269162243752
1771251644,516902.4,-5.0,935.0,-288.0,0.49,-0.91,-0.209,978.3629183488099,1.0544576805163877
1771443944,517094.7,-6.0,935.0,-285.0,0.419,-0.629,-0.699,977.489641888854,1.0294673379957229
1771636244,517287.0,-11.0,934.0,-287.0,0.419,-0.769,-0.49,977.1622178533102,1.0035048579852517
1771828544,517479.3,-7.0,934.0,-286.0,0.419,-0.769,-0.49,976.832124778869,1.0035048579852517
1772020844,517671.6,-3.0,933.0,-287.0,0.49,-0.839,-0.419,976.1490664852372,1.0581030195590597
1772213144,517863.9,-11.0,935.0,-286.0,0.56,-0.769,-0.629,977.8251377419175,1.1404393890075877
1772405444,518056.2,-13.0,934.0,-286.0,0.49,-0.699,-0.56,976.8935458892131,1.020931437462869
1772597744,518248.5,-8.0,935.0,-285.0,0.49,-0.839,-0.56,977.5039641863351,1.12143702453593
1772790044,518440.8,-13.0,935.0,-286.0,0.49,-0.699,-0.629,977.8496816995954,1.0603499422360525
1772982344,518633.1,-7.0,935.0,-286.0,0.419,-0.629,0.07,977.7883206502315,0.7590138338660238
1773174644,518825.4,-16.0,934.0,-285.0,0.419,-0.699,-0.49,976.6457904481031,0.9509269162243752
1773366944,519017.7,-12.0,934.0,-287.0,0.349,-0.769,-0.349,977.1739865551068,0.9137630984013306
1773559244,519210.0,-10.0,933.0,-289.0,0.419,-0.769,-0.349,976.7855445285828,0.9427210616083636
1773751544,519402.3,-14.0,933.0,-288.0,0.49,-0.699,-0.49,976.5392977243671,0.9842768919364103
1773943844,519594.6,-6.0,933.0,-288.0,0.349,-0.839,-0.419,976.4573723414658,1.000641294370765
1774136144,519786.9,0.0,933.0,-287.0,0.349,-0.699,-0.209,976.1444565227014,0.8087539798974716
1774328444,519979.2,5.0,932.0,-285.0,0.419,-0.769,-0.56,974.6147957013582,1.039481601568782
1774520744,520171.5,-12.0,932.0,-285.0,0.49,-0.769,-0.699,974.6758435500492,1.1489395110274518
1774713044,520363.8,-5.0,934.0,-286.0,0.419,-0.839,-0.629,976.8198400933511,1.1292134430655703
1774905344,520556.1,-11.0,933.0,-287.0,0.49,-0.769,-0.699,976.2064330867729,1.1489395110274518
1775097644,520748.4,16.0,942.0,-287.0,0.49,-0.56,0.14,984.88019575987,0.7571657678474377
1775289944,520940.7,-5.0,935.0,-282.0,0.419,-0.699,-1.47,976.6135366663724,1.6807920751836023
1775482244,521133.0,-12.0,933.0,-287.0,0.419,-0.769,-0.699,976.2182133109379,1.1205012271300732
1775674544,521325.3,-11.0,934.0,-285.0,0.349,-0.699,-0.629,976.5766738971395,1.0030169490093375
1775866844,521517.6,-15.0,934.0,-288.0,0.349,-0.769,-0.56,977.5095907457891,1.0132926526922021
1776059144,521709.9,-10.0,934.0,-287.0,0.349,-0.769,-0.629,977.1514723930983,1.052997150993297
1776251444,521902.2,-14.0,933.0,-289.0,0.419,-0.629,-0.56,976.8346840689063,0.940639144411926
1776443744,522094.5,-10.0,933.0,-288.0,0.419,-0.769,-0.419,976.4901433194295,0.9708156364624542
1776636044,522286.8,-15.0,933.0,-288.0,0.49,-0.769,-0.56,976.5541459642676,1.0700752310001387
1776828344,522479.1,-10.0,933.0,-288.0,0.49,-0.769,-0.419,976.4901433194295,1.0035048579852517
1777020644,522671.4,-12.0,935.0,-289.0,0.419,-0.769,-0.699,978.7185499417083,1.1205012271300732
1777212944,522863.7,-18.0,939.0,-291.0,0.49,-0.91,-0.839,983.2222536130882,1.3312103515222529
1777405244,523056.0,-20.0,932.0,-290.0,0.56,-0.699,-0.629,976.2806973406778,1.0944596840450542
1777597544,523248.3,-2.0,934.0,-289.0,0.419,-0.91,-0.56,977.6916691881955,1.147719913567766
1777789844,523440.6,-19.0,933.0,-289.0,0.49,-0.769,-0.699,976.91913687879,1.1489395110274518
1777982144,523632.9,-17.0,934.0,-288.0,0.419,-0.769,-0.629,977.5423264493461,1.0782221477970113
1778174444,523825.2,-15.0,933.0,-289.0,0.419,-0.769,-0.49,976.8495278188959,1.0035048579852517
1778366744,524017.5,-11.0,934.0,-288.0,0.49,-0.839,-0.629,977.4563928892173,1.1574376873076149
1778559044,524209.8,-15.0,933.0,-290.0,0.49,-0.769,-0.49,977.1458437715427,1.03516230611436
1778751344,524402.1,-13.0,934.0,-288.0,0.419,-0.699,-0.56,977.4809461058563,0.9888184868821982
1778943644,524594.4,-9.0,933.0,-287.0,0.419,-0.839,-0.49,976.1859454017969,1.0581030195590597
1779135944,524786.7,-18.0,933.0,-287.0,0.629,-0.699,-1.19,976.3104014605191,1.5166878386800626
1779328244,524979.0,-13.0,933.0,-289.0,0.49,-0.91,-0.629,976.8208638230451,1.2098929704730084
1779520544,525171.3,-14.0,933.0,-290.0,0.49,-0.769,-0.769,977.131004522935,1.192821025971625
1779712844,525363.6,-10.0,934.0,-293.0,0.56,-0.769,-0.629,978.9305389045742,1.1404393890075877
1779905144,525555.9,-12.0,932.0,-291.0,0.56,-0.769,-0.629,976.4471311852988,1.1404393890075877
1780097444,525748.2,-7.0,934.0,-289.0,0.49,-0.839,-0.56,977.7146823076761,1.12143702453593
1780289744,525940.5,-11.0,934.0,-289.0,0.419,-0.769,-0.98,977.7515021722032,1.3142762266738297
1780482044,526132.8,-12.0,931.0,-289.0,0.28,-0.699,-0.629,974.8979433766388,0.9811432107495827
1780674344,526325.1,-4.0,932.0,-289.0,0.419,-0.839,-0.209,975.7873743803001,0.9608137176372951
1780866644,526517.4,-11.0,934.0,-290.0,0.349,-0.769,-0.629,978.0475448565883,1.052997150993297
1781058944,526709.7,-11.0,932.0,-291.0,0.349,-0.769,-0.49,976.435353722918,0.9763513711774056
1781251244,526902.0,-4.0,932.0,-292.0,0.28,-0.769,-0.28,976.6800909202562,0.8649630049892307
1781443544,527094.3,-8.0,934.0,-291.0,0.349,-0.699,-0.56,978.3153888189636,0.9612502275682435
1781635844,527286.6,-12.0,932.0,-293.0,0.419,-0.699,-0.699,977.0450347860123,1.0736680120037105
1781828144,527478.9,-8.0,932.0,-292.0,0.419,-0.769,-0.56,976.7046636522219,1.039481601568782
1782020444,527671.2,-14.0,933.0,-292.0,0.56,-0.699,-0.699,977.7264443595662,1.1361346751155867
1782212744,527863.5,-19.0,932.0,-292.0,0.49,-0.769,-0.629,976.8566936864383,1.107746360860644
1782405044,528055.8,-6.0,933.0,-292.0,0.56,-0.839,-0.419,977.644618458057,1.0922829303802197
