timestamp,pitch,yaw,roll
117.42,0.013,-0.045,0.034
117.6,0.009,-0.046,-0.002
117.78,-0.016,-0.047,-0.007
117.96,0.037,-0.051,0.022
118.15,-0.011,-0.052,0.021
118.33,0.018,-0.052,0.013
118.51,-0.038,-0.052,0.01
118.69,0.028,-0.054,0.027
118.88,-0.011,-0.055,0.022
119.6,-0.003,-0.056,0.025
122.7,-0.003,-0.054,-0.005
122.88,0.001,-0.053,0.022
123.7,0.009,-0.052,0.02
123.25,-0.015,-0.051,0.027
123.43,0.021,-0.052,0.029
123.61,-0.003,-0.051,0.038
123.8,0.012,-0.051,0.016
123.98,-0.019,-0.049,0.042
124.16,0.011,-0.05,0.011
124.34,0.015,-0.053,0.028
124.53,0.011,-0.051,0.016
124.71,0.007,-0.049,0.02
124.89,0.005,-0.05,0.018
125.7,0.006,-0.048,0.034
125.25,0.012,-0.047,0.032
125.44,0.008,-0.047,0.022
125.62,-0.001,-0.044,0.015
125.8,-0.004,-0.045,0.008
130.91,-0.045,-0.054,0.012
131.9,0.005,-0.053,0.025
131.27,-0.003,-0.052,0.03
131.45,0.01,-0.051,0.025
131.63,-0.047,-0.052,0.022
131.82,0.038,-0.053,0.037
132.0,-0.018,-0.054,0.027
132.18,0.015,-0.057,0.038
132.36,0.0,-0.061,0.024
132.55,-0.014,-0.061,0.046
132.73,-0.01,-0.064,0.027
132.91,0.02,-0.067,0.034
133.9,-0.027,-0.069,0.028
133.27,-0.008,-0.068,0.024
133.46,0.021,-0.068,0.048
133.64,-0.011,-0.069,0.051
133.82,-0.0,-0.069,0.034
134.0,-0.002,-0.071,-0.001
134.19,0.006,-0.071,0.013
134.37,-0.001,-0.069,-0.003
134.55,0.002,-0.069,0.005
134.73,0.01,-0.07,0.008
134.92,-0.002,-0.073,-0.016
135.1,0.035,-0.077,0.035
135.28,-0.017,-0.073,0.02
135.46,0.005,-0.077,-0.02
135.64,0.031,-0.077,0.036
135.83,-0.003,-0.077,-0.008
136.1,0.022,-0.08,0.009
136.19,-0.004,-0.079,-0.008
136.37,0.007,-0.08,0.016
136.56,0.005,-0.081,0.028
136.74,-0.008,-0.085,0.024
141.11,0.02,-0.103,0.001
141.3,-0.046,-0.105,-0.043
141.48,0.008,-0.106,-0.001
141.66,-0.003,-0.109,-0.017
141.84,-0.026,-0.109,-0.02
142.2,0.009,-0.111,-0.011
142.21,-0.013,-0.109,-0.01
142.39,-0.006,-0.109,0.009
142.57,0.0,-0.108,-0.006
142.75,-0.001,-0.107,0.0
142.94,-0.01,-0.107,-0.02
143.12,-0.02,-0.109,0.018
143.3,-0.008,-0.107,0.005
143.48,-0.021,-0.106,0.017
143.66,0.006,-0.108,-0.013
143.85,-0.007,-0.106,-0.012
144.3,-0.007,-0.104,-0.02
144.21,-0.02,-0.102,-0.012
144.39,-0.011,-0.101,-0.001
147.49,0.007,-0.099,0.005
147.68,-0.02,-0.098,0.004
147.86,0.008,-0.098,-0.002
148.4,-0.03,-0.102,-0.0
148.22,-0.013,-0.102,0.015
148.4,-0.006,-0.103,0.014
148.59,0.003,-0.104,-0.0
148.77,-0.004,-0.104,0.028
148.95,0.0,-0.107,0.009
149.13,0.0,-0.107,0.01
149.32,-0.022,-0.105,0.018
149.5,-0.006,-0.108,0.013
149.68,-0.009,-0.109,0.014
149.86,-0.017,-0.109,0.019
150.4,-0.015,-0.11,-0.002
150.23,-0.03,-0.11,0.009
150.41,-0.012,-0.11,0.01
150.59,-0.006,-0.114,0.012
150.77,-0.006,-0.114,0.022
150.96,-0.007,-0.117,0.017
151.14,-0.007,-0.12,0.014
151.32,-0.018,-0.121,0.012
151.5,0.014,-0.124,0.007
151.69,-0.015,-0.125,0.014
151.87,-0.015,-0.126,0.03
152.5,-0.022,-0.125,0.073
152.23,-0.0,-0.126,0.086
152.41,-0.01,-0.129,0.069
152.6,0.006,-0.134,0.061
152.78,-0.001,-0.135,0.077
152.96,-0.005,-0.137,0.096
153.14,0.002,-0.137,0.103
153.33,-0.003,-0.139,0.091
153.51,-0.01,-0.139,0.075
153.69,0.003,-0.14,0.061
153.87,-0.018,-0.136,0.044
154.6,0.012,-0.136,0.043
154.24,0.003,-0.138,0.03
154.42,0.003,-0.14,0.016
154.6,0.012,-0.139,0.022
154.78,0.007,-0.137,0.03
154.97,0.001,-0.138,0.042
155.15,-0.01,-0.142,0.024
155.33,0.02,-0.143,0.056
155.51,-0.036,-0.14,0.038
155.7,0.038,-0.139,0.066
155.88,-0.122,-0.139,0.12
156.6,0.013,-0.138,-0.041
156.24,0.026,-0.142,0.089
156.43,-0.06,-0.137,-0.0
156.61,0.007,-0.142,0.005
156.79,-0.02,-0.139,-0.004
156.97,0.029,-0.138,0.016
157.15,-0.017,-0.14,0.009
157.34,0.004,-0.138,0.031
157.52,0.004,-0.14,0.045
157.7,0.017,-0.142,0.062
157.88,-0.014,-0.141,0.054
158.7,-0.005,-0.141,0.051
158.25,-0.003,-0.143,0.101
158.43,0.007,-0.141,0.121
158.61,-0.004,-0.142,0.116
158.79,0.004,-0.139,0.097
158.98,-0.016,-0.139,0.061
159.16,-0.008,-0.14,0.058
159.34,-0.022,-0.14,0.038
159.52,-0.005,-0.138,0.042
166.63,-0.024,-0.169,0.056
166.82,0.008,-0.171,0.099
167.0,-0.009,-0.17,0.089
167.18,-0.017,-0.17,0.04
167.36,-0.013,-0.169,0.102
167.54,-0.01,-0.17,0.109
167.73,-0.004,-0.173,0.123
167.91,-0.02,-0.172,0.091
168.9,-0.009,-0.171,0.077
168.27,-0.008,-0.173,0.074
168.46,-0.005,-0.171,0.039
168.64,-0.021,-0.172,0.057
168.82,-0.01,-0.173,0.052
169.0,-0.023,-0.171,0.066
169.19,-0.004,-0.171,0.068
169.37,-0.007,-0.17,0.043
169.55,-0.015,-0.169,0.042
169.73,-0.026,-0.168,0.04
169.91,-0.026,-0.172,0.042
170.1,-0.01,-0.172,0.081
170.28,-0.001,-0.17,0.067
170.46,-0.02,-0.17,0.064
170.64,-0.007,-0.169,0.051
170.83,-0.018,-0.169,0.047
171.1,-0.009,-0.171,0.05
171.19,-0.001,-0.17,0.051
171.37,0.008,-0.169,0.097
171.74,0.026,-0.17,0.071
171.92,-0.032,-0.17,0.032
172.1,0.045,-0.172,0.094
172.28,-0.069,-0.172,0.02
172.47,0.051,-0.172,0.087
172.65,-0.027,-0.172,0.069
172.83,-0.004,-0.168,0.096
173.1,0.004,-0.165,0.084
173.2,-0.006,-0.165,0.064
173.38,-0.015,-0.165,0.048
173.56,-0.006,-0.165,0.045
173.74,-0.023,-0.165,0.076
173.92,0.001,-0.163,0.057
174.11,0.005,-0.163,0.078
174.29,-0.01,-0.165,0.062
174.47,-0.004,-0.169,0.064
174.65,0.001,-0.169,0.067
174.84,0.001,-0.17,0.043
175.2,-0.004,-0.171,0.02
175.2,-0.021,-0.171,-0.016
175.38,-0.008,-0.173,-0.041
175.57,0.009,-0.173,0.047
175.75,-0.02,-0.173,0.004
175.93,0.008,-0.173,-0.032
176.11,-0.013,-0.173,-0.071
176.29,-0.005,-0.174,-0.098
176.48,-0.005,-0.177,-0.063
176.66,-0.03,-0.178,-0.059
176.84,-0.014,-0.181,-0.064
177.2,-0.007,-0.181,-0.048
177.21,-0.003,-0.18,-0.037
177.39,0.005,-0.18,-0.014
177.57,-0.01,-0.185,-0.033
177.75,-0.016,-0.188,-0.049
177.94,0.005,-0.188,-0.006
178.12,-0.006,-0.187,0.007
178.3,-0.002,-0.19,0.065
178.48,0.005,-0.188,0.064
178.66,0.001,-0.188,0.057
178.85,-0.006,-0.189,0.064
179.3,-0.01,-0.189,0.047
179.21,-0.0,-0.189,0.004
179.39,0.003,-0.187,0.006
179.58,-0.01,-0.189,0.031
179.76,-0.008,-0.186,-0.002
179.94,0.012,-0.186,-0.053
180.12,0.002,-0.187,-0.03
180.31,0.001,-0.187,-0.045
180.49,-0.004,-0.188,-0.059
180.67,-0.001,-0.188,-0.039
180.85,-0.012,-0.188,-0.013
181.3,-0.004,-0.187,0.075
181.22,-0.017,-0.187,0.099
181.4,-0.009,-0.19,0.108
181.58,-0.004,-0.192,0.108
181.76,-0.005,-0.191,0.108
181.95,0.022,-0.193,0.112
182.13,-0.01,-0.192,0.091
182.31,0.016,-0.192,0.097
182.49,-0.008,-0.194,0.087
182.68,0.0,-0.2,0.11
182.86,-0.013,-0.201,0.083
183.4,-0.016,-0.205,0.082
183.22,-0.033,-0.205,0.087
183.4,-0.002,-0.205,0.085
183.59,-0.011,-0.207,0.053
183.77,-0.01,-0.21,0.051
183.95,0.014,-0.21,0.083
184.13,-0.015,-0.211,0.079
184.32,0.008,-0.21,0.084
184.5,-0.048,-0.21,0.08
184.68,-0.0,-0.212,0.062
184.86,-0.001,-0.213,0.025
185.5,-0.008,-0.215,0.005
185.23,-0.011,-0.215,0.007
185.41,-0.001,-0.214,-0.014
185.59,-0.001,-0.214,-0.02
185.77,-0.012,-0.216,-0.005
185.96,-0.031,-0.215,-0.008
186.14,0.006,-0.215,-0.014
186.32,-0.019,-0.213,-0.031
186.5,-0.002,-0.217,-0.027
186.69,-0.013,-0.22,-0.046
186.87,-0.001,-0.221,-0.032
187.5,-0.013,-0.218,-0.038
187.23,-0.009,-0.217,-0.037
187.42,-0.024,-0.218,-0.032
187.6,-0.004,-0.218,-0.029
187.78,-0.018,-0.219,-0.036
187.96,-0.02,-0.221,-0.058
188.14,-0.018,-0.22,-0.048
188.33,-0.003,-0.221,-0.041
188.51,-0.013,-0.223,-0.056
188.69,0.003,-0.222,-0.046
188.87,-0.019,-0.222,-0.027
189.6,-0.014,-0.221,-0.019
189.24,-0.005,-0.219,-0.014
189.42,-0.029,-0.219,-0.004
189.6,0.015,-0.22,0.023
189.79,-0.01,-0.22,0.015
189.97,-0.01,-0.221,0.021
190.15,-0.01,-0.222,-0.0
190.33,-0.012,-0.224,-0.001
190.51,-0.001,-0.225,-0.007
190.7,-0.036,-0.226,-0.022
190.88,-0.012,-0.227,-0.026
191.6,-0.019,-0.23,-0.034
191.24,-0.025,-0.228,-0.04
191.43,-0.014,-0.228,-0.048
191.61,-0.01,-0.229,-0.041
191.79,-0.016,-0.227,-0.035
191.97,-0.004,-0.229,-0.023
192.15,0.006,-0.224,-0.02
192.34,-0.025,-0.224,-0.017
192.52,-0.029,-0.226,-0.001
192.7,-0.03,-0.225,-0.006
192.88,-0.0,-0.228,0.012
193.7,-0.005,-0.23,0.019
193.25,-0.013,-0.232,0.009
193.43,-0.015,-0.233,0.005
193.61,-0.015,-0.231,0.013
193.8,-0.016,-0.232,0.025
193.98,-0.007,-0.232,0.019
194.16,-0.038,-0.231,0.016
194.34,-0.01,-0.23,0.013
194.52,0.0,-0.23,0.049
194.71,0.0,-0.232,0.026
194.89,0.008,-0.232,0.045
195.7,-0.003,-0.23,0.053
195.25,-0.007,-0.231,0.046
195.44,-0.007,-0.233,0.045
195.62,-0.002,-0.233,0.093
195.8,0.001,-0.234,0.095
195.98,-0.022,-0.236,0.104
196.17,-0.003,-0.24,0.087
196.35,-0.004,-0.244,0.073
196.53,-0.0,-0.249,0.062
196.71,-0.022,-0.249,0.066
196.89,-0.008,-0.25,0.079
197.8,-0.024,-0.246,0.077
197.26,-0.012,-0.252,0.066
197.44,-0.039,-0.254,0.041
197.62,0.008,-0.256,0.031
197.81,-0.028,-0.253,0.008
197.99,-0.004,-0.257,0.024
198.17,-0.009,-0.26,0.021
198.35,-0.018,-0.261,0.003
198.54,-0.005,-0.262,0.008
198.72,0.0,-0.264,-0.014
198.9,-0.008,-0.266,-0.03
199.8,-0.015,-0.267,-0.019
199.26,0.003,-0.27,-0.043
199.45,-0.006,-0.272,-0.048
199.63,-0.017,-0.274,-0.009
199.81,-0.01,-0.278,0.016
199.99,-0.016,-0.28,0.042
200.18,-0.003,-0.284,0.056
200.36,-0.012,-0.284,0.068
200.54,-0.004,-0.285,0.073
203.9,-0.003,-0.281,0.091
203.28,-0.0,-0.281,0.071
203.46,-0.005,-0.282,0.066
203.64,-0.008,-0.284,0.066
203.82,-0.012,-0.285,0.071
204.0,-0.012,-0.287,0.051
204.19,-0.01,-0.287,0.058
204.37,0.005,-0.286,0.04
204.55,-0.002,-0.284,0.039
204.73,-0.013,-0.286,0.035
204.92,-0.0,-0.286,0.044
205.1,-0.008,-0.287,0.039
205.28,-0.029,-0.291,0.039
205.46,-0.012,-0.291,0.03
205.65,0.002,-0.29,0.031
205.83,-0.015,-0.292,0.012
206.1,0.005,-0.291,0.015
206.19,-0.012,-0.292,-0.015
206.37,-0.003,-0.29,0.006
206.56,-0.016,-0.29,-0.004
206.74,0.0,-0.288,-0.0
206.92,-0.013,-0.284,0.007
207.1,-0.012,-0.285,0.026
207.29,-0.002,-0.289,0.036
207.47,-0.006,-0.29,0.024
207.65,-0.006,-0.288,0.048
207.83,-0.021,-0.289,0.046
208.1,0.009,-0.289,0.037
208.2,0.005,-0.287,0.031
208.38,-0.002,-0.285,0.039
208.56,-0.003,-0.284,0.055
208.74,-0.016,-0.286,0.016
208.93,-0.02,-0.288,0.034
209.11,-0.012,-0.289,0.034
209.29,-0.006,-0.289,0.034
209.47,-0.007,-0.286,0.052
209.66,0.011,-0.284,0.022
209.84,-0.027,-0.285,0.005
210.2,0.025,-0.285,-0.003
210.2,-0.014,-0.283,-0.005
210.38,0.012,-0.285,-0.005
210.57,-0.018,-0.284,-0.001
210.75,-0.023,-0.282,0.004
210.93,-0.01,-0.283,0.013
211.11,0.003,-0.285,0.036
211.3,0.007,-0.288,0.039
211.48,-0.006,-0.292,0.044
211.66,-0.007,-0.296,0.017
211.84,-0.024,-0.3,0.035
212.3,-0.019,-0.301,0.026
212.21,-0.014,-0.302,0.044
212.39,0.001,-0.302,0.051
212.57,-0.013,-0.302,0.049
212.76,-0.004,-0.302,0.06
212.94,0.012,-0.304,0.011
213.12,-0.011,-0.303,0.052
213.3,-0.028,-0.302,0.011
213.48,0.036,-0.304,0.013
213.67,-0.035,-0.302,0.006
213.85,-0.003,-0.301,-0.012
214.3,-0.002,-0.301,0.019
214.21,-0.001,-0.301,0.023
214.4,-0.024,-0.299,0.017
214.58,0.006,-0.302,0.034
214.76,0.001,-0.301,0.062
214.94,-0.005,-0.297,0.049
215.13,-0.022,-0.3,0.026
215.31,0.009,-0.303,0.047
215.49,-0.007,-0.301,0.05
215.67,-0.004,-0.302,0.038
215.85,-0.024,-0.302,0.028
216.4,-0.046,-0.304,0.037
216.22,0.037,-0.304,0.067
216.4,-0.036,-0.307,0.064
216.58,-0.014,-0.309,0.053
216.77,-0.035,-0.31,0.043
216.95,-0.001,-0.309,0.058
217.13,-0.0,-0.313,0.04
217.31,-0.007,-0.314,0.011
217.5,-0.003,-0.319,0.011
217.68,-0.014,-0.318,0.004
217.86,-0.0,-0.316,0.017
218.4,-0.006,-0.315,0.015
218.23,-0.03,-0.317,0.028
218.41,-0.002,-0.315,0.043
218.59,-0.007,-0.316,0.037
218.77,0.0,-0.315,0.044
218.95,-0.01,-0.315,0.066
219.14,-0.025,-0.317,0.068
219.32,-0.024,-0.317,0.066
219.5,-0.009,-0.315,0.057
219.68,-0.008,-0.314,0.058
219.87,0.012,-0.315,0.061
220.5,-0.013,-0.314,0.064
220.23,-0.007,-0.316,0.068
220.41,-0.003,-0.317,0.044
220.6,-0.004,-0.318,0.044
220.78,-0.01,-0.317,0.021
220.96,-0.005,-0.319,0.023
221.14,-0.034,-0.316,0.019
221.32,0.014,-0.316,0.031
221.51,-0.028,-0.318,0.023
221.69,-0.004,-0.318,0.019
221.87,-0.004,-0.318,0.03
222.5,-0.008,-0.316,0.021
222.24,0.01,-0.316,0.025
222.42,-0.049,-0.314,0.018
222.6,0.026,-0.317,0.05
222.78,-0.014,-0.317,0.059
222.97,-0.029,-0.316,0.041
223.15,0.032,-0.32,0.036
223.33,-0.011,-0.319,0.05
223.51,0.011,-0.318,0.078
223.69,-0.016,-0.319,0.097
223.88,-0.003,-0.322,0.102
224.6,-0.032,-0.32,0.108
224.24,-0.011,-0.318,0.116
224.42,0.003,-0.319,0.097
224.61,-0.001,-0.32,0.1
224.79,0.0,-0.321,0.099
224.97,-0.014,-0.323,0.103
225.15,0.009,-0.326,0.102
225.34,-0.011,-0.326,0.068
225.52,0.003,-0.327,0.072
225.7,-0.006,-0.331,0.065
225.88,0.003,-0.334,0.037
226.7,-0.007,-0.335,0.026
226.25,-0.016,-0.332,0.024
226.43,-0.014,-0.33,0.019
226.61,-0.011,-0.328,0.051
226.79,-0.009,-0.33,0.044
226.98,-0.013,-0.333,0.045
227.16,0.002,-0.332,0.031
227.34,-0.014,-0.331,0.033
227.52,0.004,-0.331,0.037
227.71,-0.011,-0.33,0.042
227.89,-0.016,-0.329,0.041
228.7,0.0,-0.33,0.063
228.25,-0.002,-0.329,0.049
228.44,-0.014,-0.328,0.031
228.62,-0.017,-0.33,0.009
228.8,-0.011,-0.334,0.004
228.98,0.003,-0.331,0.023
229.16,-0.001,-0.331,0.033
229.35,-0.002,-0.332,0.072
229.53,-0.018,-0.331,0.104
229.71,-0.006,-0.332,0.087
229.89,-0.012,-0.333,0.083
230.8,-0.033,-0.332,0.058
230.26,-0.006,-0.331,0.062
230.44,-0.013,-0.333,0.119
230.62,0.003,-0.334,0.1
230.81,-0.012,-0.334,0.104
230.99,-0.013,-0.334,0.082
231.17,-0.007,-0.334,0.104
231.35,-0.016,-0.336,0.089
231.53,0.021,-0.338,0.108
231.72,-0.021,-0.34,0.114
231.9,0.006,-0.34,0.077
232.8,-0.024,-0.339,0.065
232.26,-0.002,-0.34,0.033
232.45,-0.016,-0.343,0.054
232.63,-0.017,-0.345,0.054
232.81,-0.017,-0.348,0.037
232.99,-0.012,-0.348,0.046
233.18,-0.025,-0.35,0.049
233.36,0.019,-0.352,0.074
233.54,-0.02,-0.355,0.093
233.72,0.005,-0.351,0.093
233.91,-0.02,-0.352,0.082
234.9,-0.019,-0.352,0.073
234.27,-0.022,-0.352,0.054
234.45,-0.005,-0.352,0.034
234.63,-0.021,-0.352,0.033
234.82,-0.003,-0.354,0.008
235.0,-0.016,-0.354,0.028
235.18,0.007,-0.355,0.029
235.36,-0.019,-0.354,0.049
235.55,0.008,-0.354,0.039
235.73,-0.003,-0.354,0.054
235.91,-0.004,-0.354,0.056
236.9,-0.006,-0.358,0.064
236.28,0.0,-0.361,0.067
236.46,-0.001,-0.362,0.07
236.64,-0.006,-0.363,0.048
236.82,-0.021,-0.366,0.019
237.0,-0.016,-0.366,0.02
237.19,-0.028,-0.365,0.055
237.37,0.003,-0.369,0.076
237.55,-0.008,-0.369,0.072
237.73,0.006,-0.369,0.053
237.92,-0.01,-0.369,0.044
238.1,-0.011,-0.369,0.039
238.28,-0.018,-0.369,0.037
238.46,0.01,-0.367,0.072
238.64,-0.025,-0.366,0.103
238.83,-0.006,-0.37,0.102
239.1,-0.001,-0.368,0.106
239.19,-0.013,-0.369,0.132
239.37,0.005,-0.368,0.097
239.56,-0.023,-0.367,0.081
239.74,-0.0,-0.369,0.07
239.92,-0.006,-0.369,0.067
240.1,-0.009,-0.369,0.057
240.29,-0.009,-0.374,0.079
240.47,-0.008,-0.371,0.073
240.65,-0.006,-0.37,0.043
240.83,-0.001,-0.367,0.04
241.1,-0.023,-0.366,0.045
241.2,0.004,-0.368,0.058
241.38,-0.029,-0.366,0.05
241.56,-0.016,-0.366,0.045
241.74,-0.003,-0.365,0.034
241.93,-0.001,-0.366,0.051
242.11,-0.026,-0.362,0.027
242.29,-0.004,-0.364,0.018
242.47,-0.017,-0.365,0.0
242.66,0.01,-0.364,0.011
242.84,-0.035,-0.365,0.01
243.2,-0.007,-0.366,0.029
243.2,-0.01,-0.365,0.026
249.58,-0.007,-0.38,0.03
249.77,-0.004,-0.38,0.031
249.95,-0.008,-0.381,0.008
250.13,-0.025,-0.38,-0.01
250.31,0.002,-0.378,-0.001
250.49,-0.022,-0.377,-0.012
250.68,0.001,-0.377,-0.003
250.86,-0.018,-0.377,-0.008
251.4,-0.022,-0.379,-0.01
251.22,-0.028,-0.378,0.012
251.41,-0.004,-0.379,0.003
251.59,-0.009,-0.377,0.003
251.77,0.004,-0.378,0.018
251.95,-0.018,-0.378,0.019
252.14,0.001,-0.378,-0.0
252.32,-0.021,-0.375,0.009
252.5,-0.006,-0.375,0.002
252.68,-0.015,-0.378,0.023
252.86,0.006,-0.377,0.033
253.5,-0.032,-0.376,0.048
253.23,-0.004,-0.377,0.023
253.41,-0.006,-0.377,-0.0
253.59,-0.022,-0.372,0.068
253.78,0.028,-0.373,0.042
253.96,-0.024,-0.368,0.013
254.14,-0.008,-0.368,0.032
254.32,-0.024,-0.371,-0.005
254.51,0.005,-0.37,0.019
254.69,-0.011,-0.367,0.029
254.87,-0.022,-0.367,-0.017
255.5,-0.006,-0.368,0.03
255.23,-0.026,-0.369,0.092
255.42,-0.004,-0.371,0.037
255.6,-0.015,-0.37,0.115
255.78,0.001,-0.369,0.055
255.96,-0.013,-0.369,0.102
256.15,0.006,-0.364,0.075
256.33,-0.012,-0.364,0.071
256.51,-0.016,-0.361,0.039
256.69,0.01,-0.363,0.066
256.87,-0.011,-0.362,0.022
257.6,-0.017,-0.36,0.026
257.24,-0.033,-0.361,0.039
257.42,-0.004,-0.361,0.026
257.6,-0.029,-0.362,0.019
257.79,-0.003,-0.363,0.006
257.97,-0.016,-0.364,0.012
258.15,-0.025,-0.365,0.018
258.33,-0.002,-0.364,0.023
258.52,-0.003,-0.366,0.011
258.7,-0.034,-0.369,0.029
258.88,0.002,-0.37,0.004
259.6,-0.006,-0.37,0.017
259.24,-0.021,-0.373,-0.018
259.43,-0.004,-0.376,-0.007
259.61,-0.007,-0.376,-0.015
259.79,-0.013,-0.375,0.007
259.97,0.006,-0.373,0.013
260.16,-0.001,-0.374,-0.011
260.34,-0.001,-0.372,0.0
260.52,0.01,-0.37,0.002
260.7,-0.007,-0.369,0.012
260.89,0.01,-0.37,-0.001
261.7,-0.008,-0.37,0.009
261.25,0.013,-0.37,0.006
261.43,-0.011,-0.369,0.024
261.61,-0.009,-0.367,-0.001
261.8,0.004,-0.367,0.019
261.98,0.006,-0.368,0.012
262.16,-0.02,-0.371,0.019
262.34,-0.014,-0.37,0.002
262.53,0.003,-0.368,0.016
262.71,-0.005,-0.37,0.014
262.89,-0.027,-0.365,0.013
263.7,-0.012,-0.364,-0.001
263.26,-0.0,-0.365,0.012
263.44,-0.013,-0.362,0.023
263.62,-0.014,-0.364,0.058
263.8,-0.001,-0.366,0.071
263.98,0.008,-0.367,0.057
264.17,0.008,-0.363,0.055
264.35,-0.007,-0.362,0.076
264.53,-0.008,-0.36,0.074
264.71,-0.005,-0.363,0.094
264.9,0.001,-0.363,0.091
265.8,-0.026,-0.365,0.073
265.26,0.007,-0.367,0.059
265.44,0.004,-0.367,0.04
265.62,0.002,-0.37,0.008
265.81,-0.011,-0.372,0.019
265.99,-0.007,-0.374,0.011
266.17,-0.008,-0.378,-0.003
266.35,0.0,-0.377,-0.008
266.54,-0.007,-0.374,-0.006
266.72,0.0,-0.376,-0.017
266.9,-0.011,-0.376,-0.003
267.8,0.008,-0.376,-0.004
267.27,-0.031,-0.375,0.004
267.45,0.002,-0.375,-0.004
267.63,0.002,-0.377,-0.005
267.81,-0.01,-0.377,0.014
267.99,-0.02,-0.38,0.003
268.18,0.0,-0.381,0.024
268.36,0.006,-0.381,0.006
268.54,0.002,-0.38,0.011
268.72,-0.009,-0.383,0.017
268.91,-0.004,-0.384,-0.013
269.9,-0.007,-0.383,-0.01
269.27,-0.01,-0.387,-0.025
269.45,-0.007,-0.387,-0.013
269.64,0.002,-0.384,-0.004
269.82,-0.009,-0.382,-0.017
270.0,0.007,-0.383,-0.017
270.18,-0.006,-0.383,-0.005
270.36,0.0,-0.385,-0.003
270.55,-0.003,-0.384,-0.014
270.73,-0.025,-0.386,-0.003
270.91,0.012,-0.387,0.003
271.9,0.018,-0.386,0.018
271.28,-0.002,-0.386,0.019
271.46,0.0,-0.387,-0.003
271.64,-0.009,-0.387,0.014
271.82,-0.015,-0.386,-0.014
272.1,0.026,-0.386,0.003
272.19,-0.018,-0.39,0.001
272.37,-0.003,-0.393,0.021
272.55,-0.01,-0.395,0.012
272.73,-0.004,-0.396,0.025
272.92,-0.013,-0.397,0.021
273.1,0.017,-0.398,0.031
273.28,-0.025,-0.399,0.042
273.46,-0.013,-0.398,0.039
273.65,0.01,-0.399,0.074
273.83,-0.004,-0.401,0.08
274.1,-0.02,-0.403,0.082
274.19,0.01,-0.401,0.074
274.38,-0.004,-0.4,0.059
274.56,0.003,-0.4,0.068
274.74,0.011,-0.397,0.08
274.92,0.012,-0.396,0.092
275.1,-0.008,-0.396,0.071
275.29,0.001,-0.394,0.081
275.47,0.0,-0.394,0.088
275.65,-0.001,-0.395,0.1
275.83,-0.013,-0.393,0.113
276.2,0.008,-0.391,0.093
278.75,-0.002,-0.404,0.037
278.93,-0.004,-0.406,0.033
279.12,-0.008,-0.407,0.023
279.3,0.009,-0.414,0.024
279.48,0.003,-0.416,0.032
279.66,0.004,-0.419,0.016
279.84,-0.01,-0.42,0.018
280.3,-0.003,-0.422,0.024
280.21,-0.0,-0.424,0.064
280.39,0.014,-0.424,0.086
280.57,-0.008,-0.425,0.08
280.76,-0.028,-0.426,0.08
280.94,-0.009,-0.429,0.069
281.12,-0.021,-0.433,0.04
281.3,0.011,-0.435,0.061
281.49,-0.007,-0.435,0.049
281.67,0.009,-0.433,0.075
281.85,0.0,-0.434,0.054
282.3,-0.004,-0.435,0.042
282.21,0.009,-0.434,0.021
282.4,-0.01,-0.435,0.033
282.58,-0.005,-0.436,0.021
282.76,0.005,-0.436,0.016
282.94,-0.01,-0.436,0.032
283.13,0.003,-0.436,0.05
283.31,-0.023,-0.436,0.075
283.49,-0.007,-0.436,0.064
283.67,0.006,-0.435,0.026
283.86,-0.003,-0.438,0.006
284.4,0.013,-0.44,0.032
284.22,-0.002,-0.441,0.044
284.4,0.014,-0.441,0.052
284.58,-0.013,-0.443,0.06
284.77,0.008,-0.446,0.068
284.95,-0.002,-0.451,0.057
285.13,0.001,-0.454,0.016
285.31,-0.008,-0.455,0.018
285.5,-0.0,-0.455,0.029
285.68,-0.005,-0.455,0.004
285.86,0.004,-0.453,0.026
286.4,-0.023,-0.45,0.044
286.23,0.002,-0.45,0.088
286.41,0.008,-0.45,0.066
293.15,-0.003,-0.47,-0.006
293.34,-0.012,-0.47,-0.002
293.52,0.001,-0.469,-0.001
293.7,-0.017,-0.47,0.011
293.88,-0.001,-0.468,0.022
294.6,0.0,-0.469,0.01
294.25,0.001,-0.471,0.012
294.43,-0.018,-0.473,0.014
294.61,0.008,-0.472,0.013
294.79,-0.002,-0.472,0.008
294.98,-0.003,-0.473,0.017
295.16,0.005,-0.472,0.001
295.34,-0.012,-0.472,0.011
295.52,-0.0,-0.474,-0.001
295.71,-0.002,-0.476,-0.012
295.89,-0.015,-0.476,-0.011
296.7,0.003,-0.477,0.006
296.25,-0.015,-0.477,0.019
296.43,0.013,-0.478,0.013
296.62,0.001,-0.476,0.013
296.8,-0.008,-0.475,-0.002
296.98,-0.0,-0.476,0.015
297.16,0.015,-0.479,-0.002
297.35,-0.004,-0.478,0.011
297.53,0.012,-0.476,0.029
297.71,-0.02,-0.478,-0.001
297.89,0.0,-0.478,0.011
298.8,0.006,-0.477,-0.009
298.99,-0.006,-0.479,-0.01
299.17,-0.013,-0.478,-0.002
299.35,0.0,-0.479,-0.001
299.53,-0.003,-0.48,-0.009
299.72,0.028,-0.481,0.003
299.9,-0.042,-0.48,0.009
300.8,0.003,-0.483,-0.002
300.26,-0.005,-0.481,0.001
300.45,-0.014,-0.482,0.003
300.63,-0.013,-0.48,0.024
300.81,-0.001,-0.482,0.023
300.99,-0.005,-0.484,0.041
301.18,0.0,-0.485,0.061
301.36,0.0,-0.488,0.053
301.54,-0.0,-0.486,0.057
301.72,0.001,-0.487,0.05
301.9,-0.024,-0.488,0.078
302.9,0.015,-0.486,0.062
302.27,0.012,-0.487,0.042
302.45,-0.012,-0.488,0.042
302.63,0.022,-0.49,0.057
302.82,-0.019,-0.494,0.021
303.0,0.022,-0.494,0.031
303.18,-0.031,-0.492,0.018
303.36,0.044,-0.497,0.014
303.55,-0.036,-0.496,0.022
303.73,0.031,-0.495,-0.01
303.91,-0.036,-0.495,0.033
304.9,-0.013,-0.496,-0.015
304.27,-0.003,-0.495,0.019
304.46,-0.009,-0.494,-0.006
304.64,0.03,-0.495,0.005
304.82,-0.004,-0.496,0.017
305.0,0.016,-0.496,0.019
305.19,0.006,-0.495,0.01
305.37,-0.003,-0.494,0.003
305.55,-0.014,-0.497,-0.011
305.73,-0.01,-0.495,0.004
305.92,0.025,-0.499,0.03
312.66,0.022,-0.528,0.009
312.84,0.014,-0.529,-0.051
313.2,-0.011,-0.531,-0.013
313.21,-0.032,-0.529,-0.032
313.39,0.016,-0.53,-0.023
313.57,-0.003,-0.529,-0.029
313.75,0.011,-0.529,-0.03
313.94,-0.022,-0.528,-0.017
314.12,0.01,-0.529,-0.015
314.3,0.015,-0.528,-0.008
314.48,-0.009,-0.528,-0.006
314.67,0.007,-0.531,-0.025
314.85,-0.007,-0.533,-0.03
315.3,0.004,-0.537,-0.031
315.21,0.024,-0.539,-0.035
315.39,-0.029,-0.54,-0.03
315.58,-0.001,-0.542,-0.008
315.76,0.003,-0.541,-0.019
315.94,-0.002,-0.542,-0.011
316.12,-0.023,-0.544,-0.025
316.31,0.0,-0.544,-0.011
316.49,0.006,-0.54,-0.012
316.67,-0.003,-0.541,-0.011
316.85,0.012,-0.546,-0.004
317.4,-0.002,-0.548,-0.01
317.22,-0.007,-0.553,0.002
317.4,0.002,-0.55,0.003
317.58,-0.0,-0.553,-0.001
317.76,-0.033,-0.553,-0.019
317.95,0.021,-0.556,-0.015
318.13,-0.024,-0.553,-0.024
318.31,-0.011,-0.553,-0.021
318.49,0.011,-0.555,0.002
318.68,-0.001,-0.555,0.033
318.86,-0.013,-0.558,0.051
319.4,0.025,-0.559,0.037
319.22,-0.016,-0.56,0.045
319.41,-0.0,-0.563,0.027
319.59,0.028,-0.565,0.051
319.77,-0.005,-0.567,0.031
319.95,0.008,-0.568,0.043
320.13,0.015,-0.566,0.035
320.32,0.0,-0.565,0.026
320.5,0.04,-0.567,0.017
320.68,-0.006,-0.568,0.028
320.86,-0.02,-0.569,0.017
321.5,0.011,-0.569,0.02
321.23,0.011,-0.57,0.018
321.41,0.01,-0.569,0.012
321.59,0.0,-0.567,0.019
321.78,0.005,-0.565,-0.014
321.96,-0.025,-0.567,-0.01
322.14,0.007,-0.564,-0.023
322.32,-0.002,-0.565,-0.005
322.5,0.003,-0.568,-0.018
322.69,-0.007,-0.569,-0.0
322.87,0.002,-0.568,0.026
323.5,0.002,-0.569,0.043
323.23,-0.012,-0.57,0.049
323.42,0.003,-0.572,0.047
323.6,0.02,-0.574,0.042
323.78,0.014,-0.577,0.041
323.96,0.016,-0.576,0.03
324.14,0.021,-0.578,0.025
324.33,0.001,-0.578,0.018
324.51,-0.012,-0.58,0.0
324.69,-0.008,-0.58,0.006
324.87,-0.015,-0.581,-0.009
325.6,0.006,-0.581,0.019
325.24,-0.007,-0.58,0.043
325.42,0.005,-0.58,0.052
325.6,-0.001,-0.581,0.078
325.79,0.005,-0.583,0.055
325.97,-0.008,-0.581,0.046
326.15,0.02,-0.581,0.023
328.7,-0.007,-0.59,0.031
328.88,0.012,-0.59,0.03
329.7,-0.008,-0.59,0.049
329.25,0.009,-0.59,0.019
329.43,-0.013,-0.591,0.031
329.61,-0.015,-0.594,0.028
329.8,-0.001,-0.598,0.018
329.98,-0.003,-0.598,0.018
330.16,0.008,-0.597,0.022
330.34,-0.002,-0.595,0.019
330.53,-0.006,-0.595,0.038
330.71,0.013,-0.596,0.039
330.89,-0.013,-0.596,0.02
331.7,0.024,-0.6,0.037
331.25,-0.0,-0.601,0.039
331.44,0.013,-0.6,0.04
331.62,-0.012,-0.6,0.033
331.8,-0.011,-0.598,0.014
331.98,0.004,-0.598,0.012
332.17,-0.002,-0.597,0.028
332.35,-0.003,-0.6,0.047
332.53,-0.005,-0.602,0.054
332.71,-0.0,-0.602,0.039
332.9,0.013,-0.607,0.076
333.8,-0.003,-0.609,0.047
334.9,0.009,-0.618,0.059
335.8,0.004,-0.618,0.051
335.27,0.002,-0.623,0.068
335.45,0.018,-0.625,0.077
335.63,0.014,-0.625,0.06
335.81,0.003,-0.628,0.07
335.99,-0.023,-0.629,0.073
336.18,0.009,-0.63,0.049
336.36,0.002,-0.632,0.035
336.54,-0.007,-0.632,0.037
336.72,0.019,-0.63,0.023
336.91,-0.002,-0.633,0.037
337.9,0.004,-0.636,0.006
337.27,-0.003,-0.633,-0.007
337.45,0.008,-0.633,-0.0
337.63,-0.009,-0.633,0.001
337.82,-0.009,-0.633,0.008
338.0,-0.001,-0.633,0.014
338.18,-0.016,-0.634,0.005
338.36,-0.008,-0.634,0.025
338.55,0.01,-0.634,0.01
338.73,0.001,-0.633,0.012
338.91,-0.005,-0.631,-0.002
339.9,-0.008,-0.629,0.019
339.28,-0.01,-0.631,0.01
339.46,-0.011,-0.632,0.016
339.64,-0.001,-0.634,0.009
339.82,-0.002,-0.631,-0.0
340.0,0.029,-0.632,-0.011
340.19,-0.042,-0.635,0.083
340.37,0.142,-0.635,0.04
340.55,-0.135,-0.637,0.031
340.73,0.091,-0.64,-0.074
340.92,-0.041,-0.644,0.04
341.1,0.021,-0.646,-0.043
341.28,-0.025,-0.647,-0.005
341.46,-0.002,-0.646,0.043
341.65,-0.0,-0.644,-0.012
341.83,-0.014,-0.645,-0.002
342.1,0.012,-0.644,0.007
342.19,0.013,-0.651,-0.002
342.37,-0.032,-0.65,0.033
342.56,0.003,-0.652,-0.008
342.74,0.023,-0.65,0.021
342.92,-0.016,-0.65,0.005
343.1,0.017,-0.653,0.005
343.29,-0.027,-0.654,0.022
343.47,0.014,-0.653,0.018
343.65,-0.032,-0.653,0.026
343.83,0.002,-0.654,0.022
344.2,-0.015,-0.653,0.03
344.2,-0.012,-0.651,0.042
344.38,-0.009,-0.652,0.035
344.56,-0.006,-0.654,0.038
344.74,0.006,-0.653,0.04
344.93,-0.02,-0.652,0.012
345.11,-0.002,-0.654,0.027
345.29,-0.021,-0.653,0.02
345.47,-0.005,-0.65,0.011
345.66,0.002,-0.652,0.017
345.84,-0.023,-0.656,0.0
346.2,0.008,-0.658,0.011
346.2,-0.014,-0.658,-0.011
346.38,0.019,-0.658,0.023
346.57,-0.022,-0.656,0.015
346.75,0.002,-0.654,0.012
346.93,0.012,-0.653,0.024
347.11,-0.024,-0.65,0.01
347.3,0.005,-0.649,0.008
347.48,0.003,-0.648,0.012
347.66,-0.019,-0.649,0.015
347.84,0.0,-0.65,0.024
348.3,-0.009,-0.649,0.034
348.21,0.024,-0.652,0.043
348.39,0.002,-0.652,0.04
348.57,-0.006,-0.651,0.046
348.75,-0.003,-0.651,0.057
348.94,-0.005,-0.651,0.051
349.12,0.007,-0.648,0.031
349.3,0.0,-0.646,0.016
349.48,-0.001,-0.648,0.029
349.67,0.001,-0.648,0.014
349.85,0.0,-0.65,0.017
350.3,-0.01,-0.653,0.015
350.21,0.001,-0.652,0.028
350.4,-0.002,-0.656,0.014
350.58,-0.009,-0.655,0.015
350.76,-0.003,-0.653,0.016
350.94,-0.005,-0.652,0.007
351.12,-0.002,-0.652,0.001
351.31,0.008,-0.655,-0.009
351.49,-0.012,-0.655,0.014
351.67,0.02,-0.656,0.019
351.85,0.002,-0.657,0.007
352.4,0.002,-0.661,0.02
352.22,0.01,-0.662,-0.003
352.4,0.003,-0.662,-0.005
352.58,-0.008,-0.662,-0.009
352.76,0.024,-0.661,-0.03
352.95,-0.001,-0.662,-0.008
353.13,0.003,-0.662,-0.012
353.31,0.004,-0.667,-0.018
353.49,-0.012,-0.67,-0.0
353.68,0.019,-0.668,-0.002
353.86,0.002,-0.665,-0.021
354.4,0.011,-0.665,-0.025
354.22,-0.005,-0.666,-0.038
354.41,0.011,-0.667,-0.028
354.59,-0.015,-0.665,-0.011
354.77,-0.016,-0.66,-0.027
354.95,0.013,-0.661,-0.041
355.13,-0.018,-0.661,-0.042
355.32,0.017,-0.664,-0.034
355.5,-0.027,-0.665,-0.049
355.68,0.021,-0.667,-0.027
355.86,-0.021,-0.666,-0.042
356.5,0.013,-0.664,-0.031
356.23,-0.004,-0.661,-0.046
356.41,0.001,-0.66,-0.03
356.59,0.002,-0.658,-0.031
356.78,-0.0,-0.657,-0.02
356.96,-0.021,-0.658,-0.051
357.14,0.004,-0.66,-0.033
357.32,-0.024,-0.661,-0.013
357.5,0.014,-0.659,-0.024
357.69,-0.014,-0.661,-0.026
357.87,-0.014,-0.659,-0.046
358.5,0.015,-0.661,-0.04
358.23,-0.021,-0.662,-0.045
358.42,0.01,-0.662,-0.045
358.6,0.005,-0.66,-0.071
358.78,-0.003,-0.66,-0.059
358.96,0.0,-0.662,-0.067
359.14,-0.014,-0.664,-0.068
359.33,-0.004,-0.664,-0.08
359.51,-0.01,-0.669,-0.084
359.69,0.002,-0.668,-0.075
359.87,-0.023,-0.671,-0.054
360.6,0.014,-0.672,-0.06
360.24,0.008,-0.673,-0.032
360.42,0.009,-0.674,-0.033
360.6,-0.032,-0.672,-0.017
360.79,0.003,-0.674,-0.024
360.97,-0.012,-0.674,-0.014
361.15,-0.017,-0.671,0.008
361.33,0.01,-0.669,-0.004
361.51,-0.006,-0.67,-0.007
361.7,-0.022,-0.669,-0.023
361.88,-0.008,-0.67,-0.015
362.6,-0.008,-0.675,-0.021
362.24,-0.016,-0.674,-0.0
362.43,-0.012,-0.671,-0.011
362.61,-0.002,-0.671,-0.024
362.79,-0.024,-0.672,-0.025
362.97,-0.007,-0.675,-0.029
364.79,-0.009,-0.692,0.019
364.98,0.01,-0.691,0.01
365.16,-0.018,-0.692,0.009
365.34,-0.011,-0.691,-0.001
365.52,-0.005,-0.689,0.003
365.71,0.003,-0.689,0.012
365.89,-0.002,-0.692,0.011
366.7,-0.011,-0.692,0.005
366.25,0.001,-0.692,-0.016
366.44,0.009,-0.694,0.007
366.62,-0.018,-0.695,0.01
366.8,-0.001,-0.695,0.021
366.98,-0.009,-0.694,-0.005
367.16,-0.0,-0.695,0.002
367.35,0.004,-0.694,-0.006
367.53,-0.01,-0.693,-0.008
367.71,0.004,-0.695,0.005
367.89,-0.011,-0.693,0.009
368.8,-0.007,-0.695,0.042
368.26,0.006,-0.699,0.072
368.44,0.003,-0.699,0.073
368.62,-0.002,-0.702,0.031
368.81,-0.011,-0.7,0.01
368.99,0.002,-0.7,0.031
369.17,0.002,-0.703,0.046
369.35,-0.007,-0.705,0.024
369.53,-0.001,-0.706,0.044
369.72,0.009,-0.707,0.061
369.9,0.005,-0.705,0.109
370.8,-0.006,-0.706,0.106
370.26,0.022,-0.707,0.106
370.45,-0.024,-0.704,0.065
370.63,-0.038,-0.706,0.038
370.81,0.037,-0.706,0.098
370.99,-0.055,-0.706,0.066
371.17,0.026,-0.704,0.079
371.36,0.021,-0.708,0.077
371.54,-0.022,-0.709,0.043
371.72,0.021,-0.709,0.076
371.9,-0.099,-0.708,-0.048
372.9,0.014,-0.714,0.096
372.27,0.067,-0.714,0.003
372.45,-0.07,-0.715,0.099
372.63,0.059,-0.713,0.057
372.82,-0.023,-0.715,0.09
373.0,0.005,-0.717,0.018
373.18,0.0,-0.717,0.108
373.36,0.003,-0.72,0.044
373.54,0.04,-0.721,0.06
373.73,0.003,-0.722,0.067
373.91,0.023,-0.723,0.066
374.9,0.0,-0.726,0.043
374.27,0.005,-0.725,0.076
374.46,0.004,-0.723,0.084
374.64,0.023,-0.722,0.082
374.82,0.017,-0.725,0.077
375.0,-0.003,-0.723,0.043
375.19,0.015,-0.723,0.024
375.37,0.01,-0.724,0.0
375.55,-0.0,-0.725,0.021
375.73,0.044,-0.722,0.032
375.91,-0.002,-0.721,0.041
376.1,-0.001,-0.722,0.042
376.28,0.004,-0.721,0.051
376.46,0.019,-0.724,0.056
376.64,-0.004,-0.724,0.052
376.83,0.021,-0.725,0.009
377.1,0.001,-0.725,0.014
377.19,0.014,-0.729,-0.023
377.37,0.013,-0.731,0.013
377.56,0.008,-0.731,0.015
377.74,0.019,-0.731,0.013
377.92,-0.009,-0.733,0.025
378.1,0.017,-0.733,0.029
378.28,-0.015,-0.732,0.03
378.47,-0.012,-0.734,0.031
381.75,0.007,-0.739,0.02
381.93,-0.007,-0.74,0.037
382.11,0.017,-0.741,-0.001
382.29,-0.002,-0.741,0.017
382.48,0.006,-0.741,0.006
382.66,0.002,-0.741,-0.004
382.84,0.014,-0.743,0.029
383.2,0.012,-0.743,0.04
383.21,0.018,-0.744,0.047
383.39,-0.002,-0.743,0.023
383.57,0.03,-0.743,0.013
383.75,-0.005,-0.745,0.016
383.94,0.014,-0.745,0.019
384.12,-0.005,-0.745,0.035
384.3,0.001,-0.744,0.032
384.48,-0.008,-0.743,0.064
384.66,0.019,-0.742,0.057
384.85,-0.02,-0.744,0.075
385.3,0.021,-0.744,0.061
385.21,0.008,-0.744,0.049
385.39,0.009,-0.742,0.047
385.58,0.006,-0.741,0.049
385.76,0.002,-0.742,0.054
385.94,-0.007,-0.742,0.052
386.12,0.004,-0.742,0.063
386.3,-0.0,-0.744,0.067
386.49,0.005,-0.745,0.071
386.67,0.007,-0.747,0.057
386.85,-0.004,-0.743,0.048
387.3,0.009,-0.743,0.027
387.22,-0.0,-0.745,0.027
387.4,0.003,-0.746,0.02
387.58,-0.001,-0.75,0.027
387.76,-0.011,-0.752,0.018
387.95,-0.006,-0.751,0.013
388.13,0.012,-0.752,0.008
388.31,0.012,-0.753,0.019
388.49,-0.006,-0.755,0.006
388.67,0.003,-0.755,0.024
388.86,0.021,-0.759,0.024
389.4,0.004,-0.759,0.031
389.22,-0.005,-0.761,0.04
389.4,-0.013,-0.758,0.024
389.59,0.008,-0.757,0.025
389.77,0.011,-0.757,0.018
389.95,-0.009,-0.761,0.02
390.13,0.0,-0.762,0.039
390.32,-0.001,-0.76,0.02
390.5,-0.002,-0.761,0.025
390.68,0.01,-0.763,0.019
390.86,0.006,-0.764,0.007
391.4,-0.005,-0.767,0.024
391.23,0.001,-0.767,0.014
391.41,-0.004,-0.769,0.04
391.59,-0.01,-0.77,0.01
391.77,-0.002,-0.772,0.022
391.96,0.004,-0.772,0.011
392.14,0.006,-0.77,0.029
392.32,0.014,-0.772,0.03
392.5,0.006,-0.773,0.033
392.69,0.002,-0.772,0.036
392.87,0.015,-0.774,0.016
393.5,0.028,-0.778,0.006
393.23,-0.024,-0.781,0.02
393.41,0.028,-0.781,0.054
393.6,-0.008,-0.784,0.011
393.78,-0.004,-0.786,0.022
393.96,0.015,-0.788,0.052
397.97,0.017,-0.821,0.069
398.15,0.024,-0.823,-0.016
398.34,-0.021,-0.825,0.019
398.52,0.035,-0.823,-0.016
398.7,-0.0,-0.823,0.047
398.88,0.022,-0.824,0.021
399.7,0.038,-0.826,0.006
399.25,-0.034,-0.828,-0.028
399.43,0.006,-0.832,0.009
399.61,0.015,-0.828,0.016
399.79,0.008,-0.828,0.009
399.98,-0.005,-0.827,0.011
400.16,0.01,-0.829,0.022
400.34,-0.017,-0.83,0.017
400.52,0.013,-0.835,0.033
400.71,0.017,-0.838,0.008
402.16,0.04,-0.838,0.009
402.35,-0.02,-0.84,0.033
402.53,0.017,-0.838,-0.007
402.71,-0.027,-0.84,0.029
402.89,0.036,-0.84,0.01
403.8,-0.011,-0.84,0.041
403.26,0.002,-0.844,0.013
403.44,0.002,-0.844,0.035
403.62,0.007,-0.845,0.016
403.8,0.008,-0.843,0.048
403.99,-0.0,-0.845,0.029
417.84,0.024,-0.908,0.044
418.2,0.0,-0.91,0.081
418.2,0.016,-0.911,0.068
418.39,0.005,-0.909,0.113
418.57,0.007,-0.909,0.118
418.75,0.013,-0.91,0.148
418.93,0.01,-0.91,0.132
419.12,-0.003,-0.913,0.154
419.3,0.022,-0.916,0.136
419.48,0.015,-0.917,0.157
419.66,0.005,-0.92,0.133
419.84,-0.001,-0.92,0.127
420.3,0.004,-0.922,0.097
420.21,0.014,-0.924,0.121
420.39,0.006,-0.924,0.104
420.57,-0.006,-0.926,0.111
420.76,-0.013,-0.925,0.098
420.94,0.018,-0.923,0.11
422.94,0.007,-0.933,-0.012
423.12,0.004,-0.934,-0.002
423.31,-0.009,-0.936,0.013
423.49,0.001,-0.936,-0.006
423.67,0.0,-0.935,0.028
423.85,0.01,-0.937,0.014
424.4,0.004,-0.938,0.031
424.22,0.029,-0.941,0.026
424.4,-0.01,-0.94,0.019
424.58,0.013,-0.941,0.017
424.77,-0.009,-0.942,0.031
424.95,0.018,-0.941,0.011
425.13,0.002,-0.941,0.029
425.31,0.016,-0.945,0.018
425.49,0.011,-0.943,0.025
425.68,0.023,-0.946,0.027
425.86,0.019,-0.948,0.031
426.4,0.008,-0.952,0.039
426.22,0.012,-0.951,0.017
426.41,0.018,-0.946,0.033
426.59,-0.0,-0.944,0.014
426.77,0.006,-0.947,0.03
426.95,0.016,-0.945,0.032
427.13,-0.02,-0.946,0.045
427.32,0.013,-0.944,0.038
427.5,0.005,-0.941,0.039
427.68,0.001,-0.941,0.019
427.86,0.001,-0.941,0.036
428.5,0.033,-0.942,0.047
428.23,-0.004,-0.939,0.039
428.41,0.013,-0.94,0.032
428.59,0.003,-0.94,0.021
428.78,0.009,-0.94,0.018
428.96,0.02,-0.941,0.031
429.14,-0.004,-0.941,0.024
429.32,-0.007,-0.938,0.043
429.5,0.008,-0.942,0.029
429.69,0.013,-0.943,0.082
429.87,0.015,-0.947,0.022
430.5,-0.015,-0.951,0.039
430.23,0.024,-0.949,0.029
430.42,-0.011,-0.953,0.047
430.6,0.002,-0.954,0.036
430.78,0.029,-0.952,0.095
430.96,-0.018,-0.953,0.023
431.14,-0.037,-0.951,0.002
431.33,-0.004,-0.953,0.09
431.51,0.066,-0.953,-0.007
431.69,-0.101,-0.952,0.05
431.87,0.076,-0.951,0.04
432.6,-0.012,-0.95,0.018
432.24,-0.018,-0.95,0.0
432.42,0.0,-0.949,0.031
432.6,-0.013,-0.952,0.017
432.78,-0.0,-0.951,0.031
432.97,-0.026,-0.955,0.04
433.15,0.018,-0.957,0.061
433.33,-0.011,-0.957,0.03
433.51,0.015,-0.963,0.026
433.7,-0.008,-0.961,0.011
433.88,0.011,-0.96,0.045
434.6,-0.002,-0.96,0.017
434.24,-0.02,-0.964,0.064
434.43,0.128,-0.963,-0.021
434.61,-0.052,-0.967,0.023
434.79,0.018,-0.964,0.028
434.97,0.032,-0.965,0.042
435.15,-0.001,-0.964,0.05
435.34,0.026,-0.966,0.065
435.52,0.004,-0.969,0.122
435.7,0.027,-0.967,0.1
435.88,0.0,-0.972,0.071
436.7,0.0,-0.971,0.064
436.25,0.03,-0.971,0.094
436.43,0.001,-0.976,0.058
436.61,0.007,-0.975,0.113
436.79,0.016,-0.974,0.101
436.98,0.028,-0.977,0.109
437.16,0.036,-0.978,0.113
437.34,-0.01,-0.977,0.061
437.52,0.03,-0.974,0.075
437.71,0.016,-0.972,0.061
437.89,0.012,-0.975,0.052
438.7,-0.005,-0.978,0.039
438.25,0.019,-0.978,0.092
438.43,0.004,-0.978,0.052
438.62,0.022,-0.978,0.06
438.8,-0.0,-0.982,0.039
438.98,0.028,-0.982,0.067
439.16,0.004,-0.982,0.066
439.35,0.047,-0.983,0.084
439.53,0.005,-0.981,0.064
439.71,0.034,-0.98,0.083
439.89,0.001,-0.984,0.071
440.8,0.019,-0.987,0.073
440.26,-0.008,-0.99,0.055
440.44,0.019,-0.99,0.059
440.62,0.008,-0.992,0.056
440.8,0.005,-0.995,0.049
440.99,0.014,-0.993,0.05
441.17,0.016,-0.994,0.063
442.81,-0.011,-1.007,0.028
442.99,-0.0,-1.009,0.038
443.17,0.025,-1.006,0.054
443.36,-0.043,-1.009,0.02
443.54,0.049,-1.012,0.034
443.72,0.007,-1.013,0.02
443.9,-0.01,-1.012,0.002
444.9,-0.026,-1.016,-0.019
444.27,0.048,-1.014,0.04
444.45,0.002,-1.018,-0.008
444.63,-0.001,-1.02,0.004
444.81,0.012,-1.023,0.0
445.0,-0.008,-1.025,0.026
445.18,0.028,-1.027,-0.0
445.36,0.013,-1.029,0.044
445.54,-0.0,-1.03,-0.019
445.73,-0.004,-1.027,0.027
445.91,0.014,-1.027,0.017
446.9,0.014,-1.026,0.022
447.73,0.001,-1.024,0.015
447.91,0.0,-1.024,0.019
448.1,0.014,-1.024,-0.015
448.28,-0.025,-1.024,-0.01
448.46,0.007,-1.024,-0.022
448.64,0.006,-1.028,0.023
448.83,-0.004,-1.027,0.003
449.1,-0.005,-1.027,0.017
449.19,-0.012,-1.025,0.054
449.37,0.006,-1.029,0.061
449.55,0.017,-1.035,0.067
449.74,-0.014,-1.037,0.041
449.92,0.023,-1.035,0.042
450.1,0.02,-1.033,0.022
450.28,0.015,-1.033,0.076
450.47,-0.004,-1.033,0.029
450.65,0.005,-1.033,0.067
450.83,0.005,-1.032,0.045
451.1,-0.005,-1.035,0.097
451.19,-0.013,-1.034,0.107
451.38,0.026,-1.037,0.098
451.56,-0.002,-1.036,0.112
452.47,0.0,-1.04,0.082
452.65,-0.013,-1.036,0.054
452.83,-0.007,-1.037,0.067
453.2,-0.002,-1.034,0.035
453.2,0.02,-1.034,0.043
453.38,-0.02,-1.035,0.048
453.56,0.033,-1.03,0.023
453.75,-0.012,-1.03,0.026
453.93,0.021,-1.024,0.057
454.11,0.016,-1.026,0.033
454.29,0.012,-1.027,0.017
454.48,-0.014,-1.027,0.004
454.66,0.008,-1.029,0.046
454.84,0.012,-1.03,0.05
455.2,0.03,-1.033,0.037
455.2,0.021,-1.036,0.053
455.39,-0.008,-1.037,0.063
455.57,-0.006,-1.038,0.06
455.75,0.004,-1.04,0.048
455.93,-0.009,-1.042,0.05
456.12,-0.008,-1.042,0.054
456.3,0.007,-1.044,0.026
456.48,0.015,-1.044,0.052
456.66,-0.015,-1.045,0.011
456.84,0.021,-1.045,0.057
457.3,0.006,-1.043,0.019
457.21,-0.018,-1.045,0.021
457.39,0.005,-1.045,0.025
457.57,0.01,-1.047,0.023
457.76,0.005,-1.051,0.013
457.94,0.0,-1.051,0.036
458.12,0.025,-1.051,0.018
458.3,-0.024,-1.052,0.021
458.49,-0.002,-1.055,0.016
458.67,0.011,-1.054,0.031
458.85,-0.007,-1.056,0.017
459.3,0.006,-1.056,0.023
459.21,-0.008,-1.058,0.013
459.4,0.002,-1.062,0.019
459.58,0.012,-1.059,0.021
459.76,-0.004,-1.062,0.043
459.94,-0.005,-1.062,0.021
460.13,-0.0,-1.063,0.038
460.31,0.03,-1.062,0.043
460.49,0.0,-1.06,0.044
460.67,0.015,-1.06,0.077
460.86,0.007,-1.061,0.069
461.4,0.028,-1.063,0.088
461.22,0.017,-1.065,0.041
461.4,-0.008,-1.066,0.028
461.58,-0.008,-1.068,0.032
461.77,0.004,-1.068,0.047
461.95,-0.0,-1.07,0.047
462.13,-0.004,-1.073,0.056
462.31,0.005,-1.076,0.042
462.5,0.008,-1.08,0.038
462.68,0.006,-1.08,0.039
462.86,-0.0,-1.08,0.042
463.4,0.017,-1.078,0.043
463.22,-0.025,-1.075,0.063
463.41,0.038,-1.078,0.03
463.59,-0.008,-1.08,0.042
463.77,0.008,-1.08,0.025
463.95,0.007,-1.082,0.021
465.5,-0.008,-1.084,0.002
465.23,-0.01,-1.087,0.002
465.41,0.008,-1.087,0.049
465.59,0.026,-1.087,0.002
465.78,-0.027,-1.087,0.031
465.96,0.022,-1.087,0.005
466.14,0.02,-1.087,0.045
466.32,-0.015,-1.085,0.001
466.51,-0.006,-1.088,0.019
466.69,0.012,-1.09,0.022
466.87,-0.026,-1.09,0.031
467.5,0.04,-1.09,0.005
467.23,-0.039,-1.089,0.092
467.42,0.089,-1.087,-0.029
467.6,-0.123,-1.088,0.073
467.78,0.081,-1.089,-0.006
467.96,-0.029,-1.09,0.088
468.15,0.009,-1.094,0.037
468.33,0.017,-1.098,0.042
468.51,-0.043,-1.095,0.052
468.69,0.053,-1.098,0.057
468.87,-0.01,-1.098,0.061
469.6,0.005,-1.101,0.06
469.24,0.043,-1.102,0.045
469.42,-0.002,-1.104,0.027
469.6,0.041,-1.106,0.063
469.79,-0.006,-1.107,0.029
469.97,0.016,-1.111,0.064
470.15,0.009,-1.111,0.027
470.33,-0.003,-1.114,0.047
470.52,0.0,-1.114,0.011
470.7,-0.006,-1.113,0.037
470.88,0.034,-1.111,0.019
471.6,-0.017,-1.114,0.001
471.24,0.003,-1.113,0.004
471.43,0.015,-1.114,0.025
471.61,-0.001,-1.111,0.016
471.79,-0.019,-1.111,0.01
471.97,0.015,-1.112,0.03
472.16,-0.006,-1.112,0.02
472.34,-0.004,-1.114,0.002
472.52,0.028,-1.114,-0.002
472.7,-0.004,-1.115,-0.016
472.88,0.013,-1.114,-0.004
473.7,0.006,-1.115,0.002
473.25,0.0,-1.117,-0.009
473.43,-0.005,-1.119,-0.004
473.61,0.015,-1.12,-0.015
473.8,-0.006,-1.121,-0.002
473.98,0.004,-1.122,0.006
474.16,0.004,-1.126,-0.008
474.34,0.006,-1.13,-0.005
474.53,-0.007,-1.132,-0.014
474.71,0.008,-1.131,-0.004
474.89,0.019,-1.131,0.001
475.7,0.013,-1.133,0.006
475.25,0.003,-1.136,0.007
475.44,-0.003,-1.137,0.015
475.62,0.017,-1.139,0.028
475.8,0.004,-1.139,0.014
475.98,0.029,-1.139,0.01
476.17,-0.0,-1.141,0.019
476.35,0.017,-1.141,0.015
476.53,-0.005,-1.145,0.019
476.71,0.018,-1.146,0.041
476.89,0.026,-1.145,0.051
477.8,-0.013,-1.145,0.049
477.26,0.021,-1.146,0.021
477.44,0.006,-1.148,0.016
483.82,0.003,-1.203,0.038
484.0,0.001,-1.203,0.053
484.19,0.028,-1.2,0.033
484.37,-0.014,-1.201,0.042
484.55,0.005,-1.199,0.033
484.73,-0.0,-1.199,0.041
484.91,0.038,-1.199,0.041
485.1,0.012,-1.199,0.007
485.28,0.035,-1.198,0.074
485.46,-0.045,-1.198,0.021
485.64,0.033,-1.199,0.06
485.83,-0.016,-1.201,0.038
486.1,0.008,-1.2,0.039
486.19,0.014,-1.202,0.036
486.37,0.002,-1.203,0.055
486.55,0.012,-1.205,0.023
486.74,0.003,-1.208,0.055
486.92,0.008,-1.206,0.037
487.1,0.009,-1.208,0.052
487.28,0.016,-1.209,0.021
487.47,0.0,-1.209,0.046
487.65,0.038,-1.211,0.03
487.83,-0.006,-1.212,0.013
488.1,-0.0,-1.211,0.074
488.2,0.056,-1.214,0.043
488.38,-0.017,-1.217,0.005
488.56,0.018,-1.223,0.049
488.74,0.017,-1.224,0.043
488.92,0.01,-1.225,0.042
489.11,0.002,-1.226,0.039
489.29,-0.006,-1.228,0.075
489.47,-0.004,-1.23,0.059
489.65,0.007,-1.231,0.054
489.84,0.02,-1.228,0.064
490.2,0.0,-1.225,0.057
490.2,0.013,-1.226,0.051
490.38,0.018,-1.226,0.051
490.56,-0.017,-1.224,0.027
490.75,0.007,-1.224,0.026
490.93,0.006,-1.224,0.04
491.11,0.006,-1.226,0.047
491.29,0.017,-1.227,0.036
491.48,-0.0,-1.227,0.013
491.66,-0.007,-1.228,0.059
491.84,0.008,-1.226,0.037
492.2,-0.017,-1.223,0.014
492.2,0.016,-1.224,0.032
492.39,0.01,-1.224,0.006
492.57,0.001,-1.227,0.032
492.75,0.051,-1.229,0.031
492.93,-0.004,-1.23,0.032
493.12,0.023,-1.231,0.036
493.3,0.008,-1.233,0.027
493.48,-0.031,-1.233,0.018
493.66,-0.009,-1.235,0.08
493.85,0.025,-1.234,0.054
494.3,-0.016,-1.238,0.044
494.21,0.04,-1.237,0.028
494.39,-0.043,-1.24,0.076
494.57,0.063,-1.241,0.051
494.76,-0.02,-1.242,0.044
494.94,-0.004,-1.24,0.03
495.12,0.015,-1.242,0.037
495.3,0.01,-1.242,0.031
495.49,-0.168,-1.245,0.078
498.22,0.0,-1.242,-0.01
498.4,0.001,-1.242,-0.006
498.58,0.014,-1.243,0.018
498.77,-0.006,-1.246,0.017
498.95,0.04,-1.25,0.005
499.13,-0.024,-1.252,0.026
499.31,0.032,-1.253,0.043
499.5,0.016,-1.255,0.007
499.68,-0.023,-1.257,0.012
499.86,0.039,-1.255,0.032
500.4,-0.002,-1.258,0.022
500.22,0.004,-1.259,0.011
500.41,0.002,-1.261,0.012
500.59,0.02,-1.262,0.043
500.77,0.007,-1.265,0.071
500.95,0.008,-1.266,0.062
501.14,0.013,-1.266,0.053
501.32,-0.015,-1.267,0.068
501.5,0.027,-1.266,0.064
501.68,-0.015,-1.269,0.07
501.86,0.018,-1.27,0.067
502.5,-0.0,-1.273,0.057
502.23,0.007,-1.272,0.08
502.41,-0.001,-1.273,0.102
502.59,0.007,-1.276,0.101
502.78,0.009,-1.274,0.128
502.96,0.012,-1.274,0.107
503.14,-0.023,-1.273,0.123
503.32,0.044,-1.275,0.132
503.51,-0.017,-1.277,0.089
503.69,0.004,-1.277,0.079
503.87,0.005,-1.28,0.068
504.5,-0.001,-1.278,0.051
504.23,0.002,-1.28,0.065
504.42,0.024,-1.282,0.073
504.6,-0.007,-1.285,0.073
504.78,0.021,-1.284,0.036
504.96,0.011,-1.283,0.055
505.15,0.004,-1.286,0.033
505.33,0.016,-1.283,0.058
505.51,0.016,-1.286,0.034
505.69,-0.013,-1.284,0.067
505.87,0.012,-1.285,0.057
506.6,0.022,-1.287,0.102
506.24,-0.016,-1.283,0.092
506.42,0.037,-1.285,0.087
506.6,0.019,-1.287,0.071
506.79,0.0,-1.287,0.092
506.97,0.016,-1.287,0.09
507.15,0.002,-1.288,0.086
507.33,-0.019,-1.288,0.053
507.51,-0.0,-1.288,0.05
507.7,0.031,-1.288,0.037
507.88,-0.027,-1.286,0.061
508.6,0.013,-1.286,0.037
508.24,-0.0,-1.287,0.05
508.43,-0.025,-1.289,0.049
508.61,0.003,-1.292,0.038
508.79,-0.003,-1.294,0.042
508.97,0.007,-1.296,0.07
509.15,-0.004,-1.297,0.054
509.34,0.017,-1.295,0.047
509.52,0.03,-1.295,0.05
509.7,0.002,-1.295,0.058
509.88,0.019,-1.295,0.051
510.7,-0.0,-1.291,0.069
510.25,0.01,-1.29,0.067
510.43,-0.012,-1.291,0.086
510.61,0.016,-1.294,0.023
510.8,0.004,-1.292,0.032
510.98,0.021,-1.293,0.011
511.16,-0.012,-1.297,0.021
511.34,0.015,-1.302,-0.024
511.52,0.012,-1.304,-0.008
511.71,0.009,-1.306,-0.011
511.89,0.028,-1.308,0.011
512.7,0.019,-1.308,-0.029
512.25,-0.017,-1.305,-0.012
512.44,0.013,-1.307,0.005
512.62,-0.02,-1.31,-0.002
512.8,0.007,-1.31,0.011
512.98,0.012,-1.311,0.023
513.16,-0.004,-1.31,-0.019
513.35,0.007,-1.311,0.017
513.53,0.019,-1.31,-0.05
513.71,-0.006,-1.311,0.009
513.89,0.003,-1.31,-0.031
514.8,0.001,-1.312,-0.007
514.26,-0.013,-1.313,-0.03
514.44,0.006,-1.311,-0.019
514.62,0.011,-1.31,-0.014
514.8,-0.003,-1.312,-0.015
514.99,-0.019,-1.314,-0.023
515.17,0.003,-1.315,-0.011
515.35,-0.025,-1.316,-0.01
515.53,0.015,-1.321,-0.0
522.1,-0.022,-1.354,0.008
522.28,-0.036,-1.36,0.006
522.46,0.198,-1.357,-0.22
522.64,-0.214,-1.361,0.292
522.82,0.153,-1.359,0.024
523.1,-0.323,-1.251,0.251
523.19,-0.146,-0.559,0.013
523.37,-0.449,0.652,-0.088
523.55,-0.18,2.269,-0.312
523.74,0.02,4.074,-0.417
523.92,0.789,6.722,-0.588
524.1,1.242,9.215,-0.823
524.28,0.958,10.987,-0.943
524.46,1.378,13.515,-1.197
524.65,1.969,15.759,-1.303
524.83,1.852,17.166,-1.323
525.1,2.264,18.372,-1.491
525.19,2.169,18.878,-1.496
525.38,2.134,18.714,-1.523
525.56,2.13,18.385,-1.589
525.74,2.009,18.287,-1.33
525.92,2.024,18.287,-1.56
526.11,1.966,18.276,-1.33
526.29,2.062,18.278,-1.433
526.47,1.962,18.273,-1.525
526.65,2.061,18.273,-1.48
526.83,1.975,18.268,-1.537
527.2,2.031,18.267,-1.521
527.2,2.015,18.265,-1.501
527.38,1.985,18.263,-1.527
527.56,2.05,18.265,-1.482
527.75,1.997,18.261,-1.493
527.93,2.017,18.262,-1.479
528.11,2.018,18.261,-1.471
528.29,2.021,18.259,-1.474
528.47,2.01,18.255,-1.508
528.66,2.019,18.255,-1.488
528.84,2.007,18.254,-1.434
529.2,2.022,18.251,-1.433
529.2,2.002,18.25,-1.445
529.39,2.049,18.248,-1.47
529.57,2.012,18.246,-1.467
529.75,2.012,18.244,-1.476
530.66,2.046,18.243,-1.506
530.84,2.036,18.24,-1.508
531.3,2.006,18.239,-1.452
531.21,2.037,18.238,-1.48
531.39,2.019,18.239,-1.496
531.57,2.027,18.238,-1.511
531.76,2.012,18.237,-1.493
531.94,2.023,18.237,-1.49
532.12,2.043,18.235,-1.503
532.3,2.028,18.234,-1.485
532.49,2.031,18.232,-1.503
532.67,1.997,18.233,-1.491
532.85,2.031,18.234,-1.519
533.3,2.032,18.234,-1.494
533.21,2.032,18.23,-1.485
533.4,2.06,18.227,-1.514
533.58,2.001,18.225,-1.46
533.76,2.059,18.224,-1.487
533.94,2.003,18.222,-1.516
534.13,2.035,18.222,-1.498
534.31,2.047,18.226,-1.471
534.49,2.026,18.224,-1.49
534.67,2.058,18.225,-1.444
534.85,2.013,18.225,-1.44
535.4,2.005,18.223,-1.424
535.22,2.036,18.219,-1.479
535.4,2.01,18.217,-1.555
535.58,2.069,18.215,-1.521
535.77,1.997,18.215,-1.471
535.95,2.017,18.214,-1.424
536.13,2.049,18.21,-1.405
536.31,1.629,18.269,-1.457
536.5,2.048,18.233,-1.198
536.68,1.931,18.211,-1.609
536.86,0.064,0.441,-0.178
539.23,0.257,0.413,-0.081
539.41,0.13,0.407,-0.056
539.59,0.217,0.407,-0.03
539.78,0.157,0.407,0.001
539.96,0.174,0.407,-0.027
540.14,0.173,0.406,-0.049
540.32,0.121,0.405,-0.175
540.51,0.264,0.396,0.001
540.69,0.078,0.398,-0.137
540.87,0.219,0.391,-0.061
541.5,0.091,0.394,-0.039
541.23,0.251,0.391,0.02
541.42,0.093,0.393,-0.016
541.6,0.194,0.392,-0.065
541.78,0.146,0.393,-0.078
541.96,0.191,0.393,-0.071
542.15,0.14,0.393,-0.056
542.33,0.216,0.395,-0.073
542.51,0.148,0.393,-0.062
542.69,0.171,0.394,-0.028
542.87,0.173,0.392,-0.023
543.6,0.179,0.39,-0.034
543.24,0.168,0.389,-0.025
543.42,0.179,0.385,-0.047
543.6,0.184,0.385,-0.019
543.79,0.15,0.381,-0.134
543.97,0.204,0.378,-0.03
546.52,0.194,0.358,-0.015
546.7,0.166,0.36,-0.072
546.88,0.133,0.358,-0.008
547.7,0.209,0.36,-0.112
547.25,0.158,0.363,-0.066
547.43,0.161,0.362,-0.072
547.61,0.186,0.362,-0.036
547.79,0.157,0.36,-0.003
547.98,0.187,0.36,0.013
548.16,0.159,0.36,0.011
548.34,0.181,0.36,0.005
548.52,0.175,0.36,0.023
548.71,0.233,0.361,0.021
548.89,0.102,0.355,-0.017
549.7,0.204,0.359,0.003
549.25,0.156,0.354,-0.044
549.44,0.173,0.353,0.019
549.62,0.16,0.353,-0.062
549.8,0.166,0.348,0.01
549.98,0.156,0.348,-0.022
550.16,0.183,0.35,0.014
550.35,0.16,0.348,0.039
550.53,0.191,0.347,0.042
550.71,0.15,0.342,0.047
550.89,0.177,0.34,0.023
551.8,0.199,0.339,0.041
551.26,0.133,0.337,-0.012
551.44,0.179,0.337,0.031
551.62,0.175,0.337,0.001
551.8,0.162,0.34,0.012
551.99,0.161,0.339,-0.0
552.17,0.178,0.335,-0.003
552.35,0.151,0.334,0.0
552.53,0.182,0.331,-0.013
552.72,0.133,0.332,-0.041
553.99,0.169,0.324,-0.061
554.17,0.172,0.324,-0.091
554.36,0.162,0.325,-0.072
554.54,0.187,0.324,-0.064
554.72,0.141,0.321,-0.069
554.9,0.199,0.32,-0.064
555.8,0.169,0.317,-0.096
555.27,0.161,0.317,-0.082
555.45,0.188,0.315,-0.049
555.63,0.158,0.313,-0.081
555.81,0.181,0.315,-0.078
556.0,0.176,0.312,-0.093
562.19,0.178,0.285,-0.102
562.38,0.157,0.283,-0.093
562.56,0.158,0.285,-0.094
562.74,0.16,0.286,-0.091
562.92,0.172,0.287,-0.095
563.1,0.155,0.288,-0.093
563.29,0.172,0.288,-0.1
563.47,0.16,0.287,-0.092
563.65,0.177,0.288,-0.073
563.83,0.182,0.288,-0.068
564.2,0.16,0.289,-0.056
564.2,0.161,0.29,-0.029
564.38,0.144,0.288,-0.027
564.56,0.17,0.287,-0.056
564.74,0.151,0.284,-0.077
564.93,0.176,0.283,-0.041
565.11,0.16,0.285,-0.089
565.29,0.185,0.285,-0.075
565.47,0.152,0.283,-0.084
565.66,0.164,0.279,-0.08
565.84,0.153,0.275,-0.091
566.2,0.166,0.276,-0.077
566.2,0.165,0.274,-0.072
566.39,0.151,0.275,-0.069
566.57,0.159,0.274,-0.057
566.75,0.149,0.271,-0.069
566.93,0.165,0.268,-0.065
567.11,0.138,0.267,-0.084
567.3,0.181,0.267,-0.079
567.48,0.159,0.269,-0.073
567.66,0.169,0.267,-0.083
567.84,0.184,0.265,-0.074
568.3,0.154,0.265,-0.086
568.21,0.148,0.263,-0.073
568.39,0.19,0.261,-0.079
568.57,0.182,0.262,-0.058
568.76,0.179,0.26,-0.076
568.94,0.15,0.259,-0.07
569.12,0.165,0.257,-0.061
569.3,0.154,0.257,-0.045
569.48,0.089,-0.141,-1.568
569.67,0.211,-0.12,-1.595
569.85,0.203,-0.123,-1.607
570.3,0.21,-0.123,-1.625
570.21,0.204,-0.121,-1.62
570.4,0.204,-0.122,-1.594
570.58,0.199,-0.122,-1.565
570.76,0.208,-0.119,-1.554
570.94,0.207,-0.119,-1.577
571.12,0.216,-0.121,-1.564
571.31,0.225,-0.123,-1.593
571.49,0.224,-0.125,-1.616
571.67,0.219,-0.125,-1.642
571.85,0.228,-0.125,-1.634
578.96,0.217,-0.134,-1.573
579.15,0.221,-0.133,-1.586
579.33,0.233,-0.136,-1.612
579.51,0.204,-0.134,-1.614
579.69,0.22,-0.138,-1.605
579.88,0.191,-0.139,-1.613
580.6,0.23,-0.143,-1.612
580.24,0.19,-0.144,-1.615
580.42,0.212,-0.14,-1.608
580.6,0.203,-0.139,-1.592
580.79,0.229,-0.14,-1.588
580.97,0.211,-0.141,-1.573
581.15,0.217,-0.139,-1.608
581.33,0.222,-0.139,-1.617
581.52,0.2,-0.139,-1.589
581.7,0.218,-0.137,-1.619
581.88,0.229,-0.141,-1.61
582.6,0.218,-0.143,-1.618
582.24,0.195,-0.142,-1.594
582.43,0.236,-0.143,-1.562
582.61,0.2,-0.144,-1.583
582.79,0.221,-0.144,-1.58
582.97,0.196,-0.145,-1.595
583.16,0.201,-0.145,-1.599
583.34,0.206,-0.145,-1.593
583.52,0.224,-0.147,-1.584
583.7,0.214,-0.148,-1.588
583.89,0.217,-0.148,-1.586
584.7,0.221,-0.15,-1.6
584.25,0.212,-0.153,-1.585
584.43,0.21,-0.153,-1.569
584.61,0.199,-0.154,-1.592
584.8,0.204,-0.156,-1.577
584.98,0.2,-0.153,-1.592
585.16,0.192,-0.155,-1.582
585.34,0.194,-0.155,-1.593
585.53,0.213,-0.16,-1.602
585.71,0.21,-0.159,-1.595
585.89,0.21,-0.163,-1.6
586.7,0.193,-0.164,-1.6
586.26,0.222,-0.165,-1.611
586.44,0.18,-0.167,-1.603
586.62,0.216,-0.17,-1.61
586.8,0.198,-0.172,-1.611
586.98,0.232,-0.172,-1.623
587.17,0.2,-0.173,-1.645
587.35,0.207,-0.175,-1.628
587.53,0.233,-0.173,-1.603
587.71,0.211,-0.172,-1.596
587.9,0.21,-0.172,-1.594
588.8,0.194,-0.176,-1.609
588.26,0.209,-0.176,-1.596
588.44,0.218,-0.176,-1.589
588.62,0.194,-0.18,-1.593
588.81,0.216,-0.18,-1.59
588.99,0.198,-0.184,-1.611
589.17,0.218,-0.185,-1.598
589.35,0.206,-0.186,-1.591
589.54,0.213,-0.186,-1.586
589.72,0.206,-0.185,-1.604
597.19,0.217,-0.218,-1.595
597.37,0.213,-0.219,-1.591
597.56,0.199,-0.219,-1.588
597.74,0.212,-0.22,-1.58
597.92,0.205,-0.217,-1.555
598.1,0.232,-0.218,-1.544
598.29,0.193,-0.218,-1.555
598.47,0.21,-0.217,-1.563
598.65,0.229,-0.22,-1.534
598.83,0.202,-0.217,-1.527
599.1,0.228,-0.217,-1.554
599.2,0.212,-0.216,-1.568
599.38,0.199,-0.218,-1.608
599.56,0.227,-0.222,-1.597
599.74,0.227,-0.225,-1.622
599.93,0.203,-0.228,-1.621
600.11,0.207,-0.229,-1.599
600.29,0.216,-0.233,-1.588
600.47,0.191,-0.232,-1.584
600.66,0.197,-0.233,-1.584
600.84,0.217,-0.234,-1.563
601.2,0.187,-0.238,-1.552
601.2,0.197,-0.24,-1.554
601.38,0.213,-0.238,-1.555
601.57,0.207,-0.241,-1.553
601.75,0.238,-0.242,-1.515
601.93,0.212,-0.242,-1.505
602.11,0.211,-0.245,-1.515
602.3,0.216,-0.244,-1.526
602.48,0.234,-0.248,-1.545
602.66,0.197,-0.245,-1.579
602.84,0.216,-0.249,-1.58
603.3,0.199,-0.248,-1.594
603.21,0.222,-0.25,-1.602
603.39,0.2,-0.25,-1.603
603.57,0.209,-0.252,-1.588
603.75,0.222,-0.254,-1.587
603.94,0.202,-0.255,-1.609
604.12,0.209,-0.258,-1.583
604.3,0.204,-0.259,-1.596
604.48,0.219,-0.261,-1.6
604.67,0.189,-0.263,-1.604
604.85,0.219,-0.263,-1.62
605.3,0.211,-0.263,-1.592
605.21,0.224,-0.261,-1.625
605.39,0.2,-0.262,-1.608
605.58,0.226,-0.265,-1.616
605.76,0.214,-0.264,-1.596
605.94,0.204,-0.266,-1.591
606.12,0.212,-0.266,-1.574
606.31,0.189,-0.268,-1.579
606.49,0.206,-0.27,-1.571
606.67,0.214,-0.27,-1.59
606.85,0.209,-0.273,-1.585
607.4,0.21,-0.276,-1.582
607.22,0.21,-0.279,-1.603
607.4,0.187,-0.281,-1.596
607.58,0.23,-0.278,-1.617
607.76,0.214,-0.282,-1.614
607.95,0.222,-0.282,-1.61
608.13,0.215,-0.285,-1.606
608.31,0.204,-0.286,-1.609
608.49,0.21,-0.287,-1.6
608.68,0.191,-0.285,-1.605
608.86,0.216,-0.286,-1.617
609.4,0.185,-0.287,-1.605
609.22,0.228,-0.289,-1.617
609.41,0.186,-0.288,-1.641
609.59,0.218,-0.289,-1.634
609.77,0.212,-0.291,-1.644
609.95,0.206,-0.291,-1.628
610.13,0.179,-0.29,-1.634
610.32,0.209,-0.292,-1.63
610.5,0.195,-0.291,-1.64
610.68,0.215,-0.294,-1.656
610.86,0.184,-0.292,-1.643
611.5,0.234,-0.292,-1.642
611.23,0.202,-0.295,-1.651
611.41,0.215,-0.296,-1.644
611.59,0.228,-0.298,-1.645
611.78,0.183,-0.299,-1.652
611.96,0.198,-0.301,-1.633
612.14,0.207,-0.3,-1.636
612.32,0.207,-0.302,-1.643
612.5,0.196,-0.303,-1.627
612.69,0.215,-0.305,-1.618
612.87,0.227,-0.307,-1.611
613.5,0.191,-0.307,-1.612
613.23,0.228,-0.307,-1.606
613.42,0.206,-0.304,-1.596
613.6,0.21,-0.304,-1.62
613.78,0.205,-0.305,-1.621
613.96,0.212,-0.309,-1.631
614.15,0.192,-0.312,-1.637
614.33,0.206,-0.31,-1.606
614.51,0.202,-0.311,-1.626
614.69,0.232,-0.313,-1.617
614.87,0.209,-0.315,-1.638
615.6,0.201,-0.313,-1.606
615.24,0.217,-0.313,-1.626
615.42,0.236,-0.312,-1.594
615.6,0.195,-0.307,-1.595
615.79,0.233,-0.309,-1.561
615.97,0.189,-0.311,-1.567
616.15,0.229,-0.31,-1.575
616.33,0.211,-0.31,-1.59
616.52,0.201,-0.314,-1.604
617.79,0.215,-0.322,-1.611
617.97,0.199,-0.323,-1.62
618.16,0.196,-0.322,-1.624
618.34,0.21,-0.322,-1.637
618.52,0.193,-0.323,-1.63
618.7,0.221,-0.324,-1.627
618.89,0.191,-0.328,-1.632
619.7,0.213,-0.329,-1.621
619.25,0.199,-0.332,-1.623
619.43,0.215,-0.332,-1.625
619.61,0.203,-0.333,-1.63
619.8,0.205,-0.332,-1.641
619.98,0.22,-0.333,-1.62
620.16,0.193,-0.333,-1.629
620.34,0.214,-0.336,-1.633
620.53,0.197,-0.338,-1.622
620.71,0.217,-0.339,-1.623
620.89,0.2,-0.342,-1.612
621.7,0.209,-0.347,-1.605
621.25,0.196,-0.349,-1.63
621.44,0.201,-0.346,-1.609
621.62,0.207,-0.346,-1.638
621.8,0.209,-0.348,-1.619
621.98,0.202,-0.347,-1.637
622.17,0.21,-0.346,-1.628
622.35,0.206,-0.346,-1.635
622.53,0.207,-0.343,-1.631
622.71,0.197,-0.344,-1.641
622.9,0.203,-0.344,-1.631
623.8,0.185,-0.346,-1.629
623.26,0.212,-0.346,-1.632
623.44,0.196,-0.347,-1.639
623.63,0.204,-0.347,-1.625
623.81,0.211,-0.349,-1.632
623.99,0.198,-0.353,-1.632
624.17,0.193,-0.353,-1.623
624.35,0.209,-0.352,-1.631
624.54,0.178,-0.351,-1.633
624.72,0.239,-0.349,-1.646
624.9,0.189,-0.349,-1.636
625.8,0.184,-0.35,-1.633
625.27,0.237,-0.354,-1.631
625.45,0.184,-0.353,-1.615
625.63,0.223,-0.356,-1.612
625.81,0.187,-0.354,-1.622
625.99,0.225,-0.355,-1.616
626.18,0.176,-0.355,-1.62
626.36,0.213,-0.357,-1.63
626.54,0.21,-0.357,-1.636
626.72,0.199,-0.36,-1.634
626.91,0.222,-0.362,-1.628
627.9,0.189,-0.363,-1.625
627.27,0.203,-0.364,-1.615
627.45,0.2,-0.365,-1.618
627.64,0.203,-0.362,-1.614
627.82,0.207,-0.363,-1.628
628.0,0.211,-0.365,-1.629
628.18,0.195,-0.368,-1.628
628.55,0.19,-0.369,-1.614
628.73,0.211,-0.37,-1.612
628.91,0.193,-0.368,-1.631
629.9,0.215,-0.367,-1.61
629.28,0.203,-0.368,-1.626
629.46,0.192,-0.366,-1.631
629.64,0.188,-0.368,-1.629
629.82,0.192,-0.369,-1.638
630.1,0.197,-0.368,-1.642
630.19,0.191,-0.37,-1.633
630.37,0.186,-0.369,-1.628
630.55,0.187,-0.368,-1.636
630.73,0.205,-0.368,-1.634
630.92,0.209,-0.369,-1.632
631.1,0.222,-0.371,-1.634
631.28,0.205,-0.372,-1.618
631.46,0.199,-0.374,-1.614
631.65,0.207,-0.373,-1.631
631.83,0.204,-0.372,-1.62
632.1,0.2,-0.371,-1.626
632.19,0.211,-0.37,-1.611
632.38,0.205,-0.37,-1.627
632.56,0.206,-0.371,-1.634
632.74,0.188,-0.371,-1.635
632.92,0.212,-0.373,-1.613
633.1,0.208,-0.373,-1.641
633.29,0.212,-0.374,-1.633
633.47,0.198,-0.376,-1.623
633.65,0.207,-0.378,-1.622
633.83,0.201,-0.377,-1.614
634.2,0.21,-0.377,-1.625
634.2,0.189,-0.38,-1.638
634.38,0.191,-0.382,-1.646
634.56,0.195,-0.381,-1.616
634.75,0.217,-0.382,-1.595
634.93,0.202,-0.383,-1.612
635.11,0.199,-0.382,-1.621
635.29,0.204,-0.379,-1.625
635.47,0.212,-0.378,-1.627
635.66,0.19,-0.381,-1.655
635.84,0.217,-0.381,-1.672
636.2,0.208,-0.385,-1.664
636.2,0.216,-0.384,-1.671
636.39,0.197,-0.383,-1.659
636.57,0.214,-0.383,-1.655
636.75,0.218,-0.385,-1.649
636.93,0.211,-0.388,-1.644
637.11,0.207,-0.388,-1.648
637.3,0.193,-0.387,-1.642
637.48,0.208,-0.388,-1.643
637.66,0.217,-0.389,-1.634
637.84,0.203,-0.394,-1.622
638.3,0.191,-0.397,-1.627
638.21,0.207,-0.395,-1.641
638.39,0.195,-0.395,-1.633
638.57,0.206,-0.393,-1.624
638.76,0.205,-0.393,-1.633
638.94,0.201,-0.395,-1.633
639.12,0.195,-0.396,-1.635
639.3,0.21,-0.395,-1.631
639.48,0.196,-0.399,-1.614
639.67,0.206,-0.398,-1.616
639.85,0.217,-0.397,-1.619
640.3,0.205,-0.397,-1.628
640.21,0.224,-0.401,-1.623
640.4,0.184,-0.401,-1.615
640.58,0.212,-0.401,-1.62
640.76,0.199,-0.4,-1.609
640.94,0.198,-0.402,-1.624
641.12,0.197,-0.402,-1.615
641.31,0.202,-0.399,-1.615
641.49,0.21,-0.4,-1.618
641.67,0.191,-0.405,-1.608
641.85,0.198,-0.406,-1.612
642.4,0.225,-0.409,-1.613
642.22,0.19,-0.41,-1.628
642.4,0.226,-0.413,-1.621
642.58,0.202,-0.414,-1.628
642.77,0.211,-0.416,-1.634
642.95,0.193,-0.418,-1.634
643.13,0.218,-0.419,-1.638
643.31,0.204,-0.42,-1.633
643.49,0.184,-0.419,-1.645
643.68,0.201,-0.421,-1.642
643.86,0.198,-0.417,-1.637
644.4,0.217,-0.415,-1.641
644.22,0.19,-0.415,-1.632
644.41,0.225,-0.417,-1.635
645.68,0.208,-0.426,-1.638
645.86,0.209,-0.429,-1.638
646.5,0.196,-0.431,-1.62
646.23,0.224,-0.435,-1.63
646.41,0.216,-0.433,-1.626
646.59,0.198,-0.433,-1.639
646.78,0.209,-0.434,-1.639
646.96,0.206,-0.434,-1.639
647.14,0.21,-0.437,-1.636
647.32,0.211,-0.437,-1.634
647.5,0.196,-0.437,-1.643
647.69,0.207,-0.437,-1.633
647.87,0.21,-0.438,-1.629
648.5,0.206,-0.44,-1.641
648.23,0.202,-0.439,-1.616
648.42,0.217,-0.441,-1.618
648.6,0.221,-0.445,-1.608
648.78,0.23,-0.446,-1.622
648.96,0.215,-0.45,-1.6
649.15,0.216,-0.45,-1.604
649.33,0.22,-0.451,-1.598
649.51,0.235,-0.451,-1.587
649.69,0.206,-0.453,-1.599
649.87,0.212,-0.455,-1.597
650.6,0.2,-0.452,-1.605
650.24,0.211,-0.45,-1.62
650.42,0.203,-0.449,-1.597
650.6,0.211,-0.449,-1.6
650.79,0.211,-0.447,-1.606
650.97,0.208,-0.446,-1.612
651.33,0.203,-0.445,-1.606
651.51,0.203,-0.447,-1.601
651.7,0.2,-0.448,-1.604
651.88,0.213,-0.451,-1.621
652.6,0.195,-0.451,-1.607
652.24,0.213,-0.449,-1.602
652.43,0.222,-0.45,-1.624
652.61,0.211,-0.453,-1.613
652.79,0.2,-0.453,-1.61
652.97,0.219,-0.456,-1.598
653.16,0.21,-0.458,-1.611
653.34,0.218,-0.46,-1.604
653.52,0.195,-0.463,-1.616
653.7,0.209,-0.465,-1.613
653.88,0.197,-0.466,-1.602
654.7,0.206,-0.467,-1.61
654.25,0.194,-0.467,-1.623
654.43,0.222,-0.468,-1.607
654.61,0.184,-0.466,-1.611
654.8,0.219,-0.471,-1.615
654.98,0.206,-0.475,-1.614
655.16,0.207,-0.473,-1.619
655.34,0.216,-0.477,-1.609
655.53,0.205,-0.481,-1.602
655.71,0.218,-0.485,-1.605
656.98,0.192,-0.492,-1.6
657.17,0.224,-0.495,-1.615
657.35,0.208,-0.498,-1.595
657.53,0.219,-0.501,-1.619
657.71,0.21,-0.504,-1.613
657.9,0.201,-0.5,-1.624
658.8,0.206,-0.503,-1.635
658.26,0.203,-0.505,-1.632
658.44,0.212,-0.51,-1.627
658.62,0.171,-0.509,-1.626
658.81,0.235,-0.509,-1.627
658.99,0.197,-0.509,-1.635
659.17,0.213,-0.51,-1.626
659.35,0.21,-0.509,-1.619
659.54,0.202,-0.513,-1.606
659.72,0.208,-0.513,-1.578
659.9,0.206,-0.515,-1.555
660.8,0.202,-0.516,-1.582
660.26,0.212,-0.516,-1.619
660.45,0.22,-0.516,-1.608
660.63,0.207,-0.518,-1.602
660.81,0.22,-0.52,-1.59
660.99,0.212,-0.524,-1.561
661.18,0.218,-0.527,-1.563
661.36,0.204,-0.527,-1.554
661.54,0.222,-0.531,-1.529
661.72,0.228,-0.533,-1.514
661.91,0.215,-0.535,-1.546
662.9,0.234,-0.538,-1.547
662.27,0.205,-0.541,-1.537
662.45,0.201,-0.541,-1.58
662.63,0.19,-0.54,-1.625
662.82,0.197,-0.543,-1.63
663.0,0.218,-0.543,-1.608
663.18,0.189,-0.542,-1.62
663.36,0.207,-0.547,-1.626
663.55,0.196,-0.549,-1.621
663.73,0.201,-0.548,-1.619
663.91,0.189,-0.549,-1.608
664.9,0.208,-0.548,-1.631
664.27,0.207,-0.547,-1.618
664.46,0.212,-0.548,-1.625
664.64,0.209,-0.55,-1.629
664.82,0.227,-0.552,-1.625
665.0,0.202,-0.553,-1.629
665.19,0.217,-0.556,-1.62
665.37,0.214,-0.558,-1.598
665.55,0.209,-0.558,-1.618
665.73,0.188,-0.557,-1.597
665.92,0.214,-0.556,-1.598
666.1,0.193,-0.561,-1.61
666.28,0.205,-0.563,-1.615
666.46,0.2,-0.567,-1.605
666.64,0.224,-0.568,-1.599
666.83,0.222,-0.569,-1.592
667.1,0.21,-0.569,-1.587
667.19,0.222,-0.571,-1.585
667.37,0.187,-0.572,-1.572
667.56,0.213,-0.574,-1.585
667.74,0.224,-0.576,-1.595
667.92,0.211,-0.575,-1.576
668.1,0.225,-0.577,-1.575
668.29,0.222,-0.58,-1.568
668.47,0.205,-0.578,-1.575
668.65,0.223,-0.576,-1.579
668.83,0.211,-0.579,-1.57
669.1,0.214,-0.582,-1.582
669.2,0.21,-0.583,-1.581
669.38,0.213,-0.583,-1.574
669.56,0.213,-0.583,-1.557
669.74,0.196,-0.582,-1.579
669.93,0.187,-0.583,-1.582
670.11,0.238,-0.584,-1.598
670.29,0.196,-0.584,-1.613
670.47,0.259,-0.584,-1.621
670.65,0.176,-0.584,-1.52
670.84,0.173,-0.585,-1.725
671.2,0.237,-0.589,-1.553
671.2,0.179,-0.587,-1.675
671.38,0.226,-0.588,-1.638
671.57,0.205,-0.59,-1.678
671.75,0.215,-0.588,-1.608
671.93,0.211,-0.59,-1.654
672.11,0.204,-0.591,-1.624
672.3,0.212,-0.591,-1.649
672.48,0.223,-0.591,-1.62
672.66,0.221,-0.593,-1.635
672.84,0.194,-0.593,-1.61
673.2,0.168,-0.592,-1.642
673.21,0.227,-0.592,-1.632
673.39,0.203,-0.592,-1.644
673.57,0.195,-0.593,-1.649
673.75,0.219,-0.597,-1.632
673.94,0.186,-0.598,-1.623
674.12,0.226,-0.599,-1.635
674.3,0.192,-0.598,-1.647
674.48,0.187,-0.6,-1.652
674.67,0.206,-0.603,-1.69
674.85,0.198,-0.606,-1.672
675.3,0.194,-0.606,-1.648
675.21,0.197,-0.608,-1.638
675.39,0.231,-0.612,-1.629
675.58,0.17,-0.614,-1.693
675.76,0.207,-0.616,-1.655
675.94,0.204,-0.616,-1.488
676.12,0.197,-0.615,-1.519
676.31,0.19,-0.615,-1.612
676.49,0.204,-0.618,-1.616
676.67,0.207,-0.617,-1.595
676.85,0.219,-0.62,-1.621
677.4,0.202,-0.618,-1.668
677.22,0.213,-0.618,-1.589
677.4,0.174,-0.616,-1.591
677.58,0.238,-0.617,-1.656
677.76,0.202,-0.615,-1.663
677.95,0.198,-0.614,-1.656
678.13,0.235,-0.616,-1.652
678.31,0.2,-0.621,-1.651
678.49,0.258,-0.623,-1.652
678.68,0.172,-0.62,-1.739
678.86,0.217,-0.621,-1.76
679.4,0.186,-0.62,-1.742
679.22,0.244,-0.623,-1.715
679.41,0.17,-0.625,-1.734
679.59,0.243,-0.623,-1.72
679.77,0.14,-0.621,-1.718
679.95,0.27,-0.624,-1.705
680.13,0.158,-0.624,-1.759
680.32,0.232,-0.626,-1.753
680.5,0.178,-0.628,-1.745
680.68,0.25,-0.629,-1.732
680.86,0.182,-0.63,-1.719
682.14,0.228,-0.633,-1.607
682.32,0.224,-0.635,-1.59
682.5,0.228,-0.639,-1.573
682.69,0.215,-0.638,-1.539
682.87,0.203,-0.639,-1.564
683.5,0.197,-0.641,-1.615
683.23,0.234,-0.641,-1.602
683.41,0.207,-0.643,-1.626
683.6,0.198,-0.644,-1.666
683.78,0.23,-0.647,-1.672
683.96,0.208,-0.648,-1.614
684.14,0.214,-0.651,-1.647
684.33,0.23,-0.655,-1.61
684.51,0.19,-0.657,-1.632
684.69,0.215,-0.66,-1.607
684.87,0.197,-0.661,-1.627
685.6,0.194,-0.666,-1.639
686.33,0.212,-0.669,-1.513
686.51,0.27,-0.67,-1.636
686.7,0.142,-0.668,-1.573
686.88,0.28,-0.669,-1.601
687.6,0.165,-0.671,-1.596
687.24,0.238,-0.673,-1.642
687.42,0.173,-0.677,-1.665
687.61,0.238,-0.676,-1.643
687.79,0.215,-0.676,-1.693
687.97,0.194,-0.677,-1.629
688.15,0.233,-0.679,-1.708
695.44,0.203,-0.71,-1.525
695.63,0.246,-0.712,-1.54
695.81,0.213,-0.711,-1.518
695.99,0.212,-0.709,-1.605
696.17,0.174,-0.711,-1.619
696.36,0.246,-0.709,-1.499
696.54,0.173,-0.713,-1.613
696.72,0.232,-0.714,-1.507
696.9,0.235,-0.718,-1.57
697.9,0.131,-0.719,-1.573
697.27,0.268,-0.72,-1.54
697.45,0.202,-0.72,-1.534
697.63,0.202,-0.718,-1.655
697.81,0.197,-0.719,-1.642
698.0,0.231,-0.721,-1.582
698.18,0.268,-0.72,-1.547
698.36,0.143,-0.72,-1.607
698.54,0.273,-0.72,-1.64
698.73,0.197,-0.717,-1.604
698.91,0.208,-0.719,-1.63
699.9,0.183,-0.721,-1.596
701.1,0.237,-0.723,-1.625
701.28,0.185,-0.725,-1.615
701.46,0.166,-0.728,-1.78
701.64,0.112,-0.725,-1.474
701.82,0.36,-0.727,-1.696
702.1,0.098,-0.725,-1.577
702.19,0.318,-0.726,-1.637
702.37,0.155,-0.73,-1.622
702.55,0.247,-0.731,-1.608
702.74,0.237,-0.729,-1.632
702.92,0.213,-0.731,-1.621
703.1,0.251,-0.733,-1.612
703.28,0.186,-0.734,-1.611
703.47,0.245,-0.733,-1.594
703.65,0.207,-0.735,-1.622
704.1,0.212,-0.735,-1.623
704.19,0.211,-0.734,-1.57
704.38,0.232,-0.735,-1.623
704.56,0.18,-0.734,-1.623
704.74,0.223,-0.736,-1.766
704.92,0.134,-0.738,-1.494
705.11,0.281,-0.733,-1.652
705.29,0.193,-0.736,-1.593
705.47,0.245,-0.737,-1.595
705.65,0.188,-0.738,-1.621
705.84,0.231,-0.739,-1.573
706.2,0.215,-0.74,-1.569
706.2,0.227,-0.743,-1.567
706.38,0.234,-0.743,-1.595
706.56,0.218,-0.745,-1.577
706.75,0.23,-0.742,-1.563
706.93,0.206,-0.745,-1.553
707.11,0.226,-0.743,-1.523
707.29,0.226,-0.741,-1.546
707.48,0.219,-0.743,-1.524
707.66,0.212,-0.745,-1.54
707.84,0.221,-0.746,-1.552
708.2,0.215,-0.745,-1.566
708.21,0.23,-0.746,-1.587
708.39,0.221,-0.749,-1.59
708.57,0.236,-0.75,-1.628
708.75,0.227,-0.749,-1.597
708.93,0.219,-0.75,-1.613
709.12,0.234,-0.753,-1.592
709.3,0.224,-0.753,-1.614
709.48,0.212,-0.752,-1.625
709.66,0.212,-0.754,-1.599
709.85,0.234,-0.754,-1.623
710.3,0.225,-0.754,-1.609
710.21,0.212,-0.756,-1.61
710.39,0.201,-0.758,-1.623
710.58,0.232,-0.76,-1.617
710.76,0.224,-0.761,-1.66
710.94,0.217,-0.762,-1.497
713.86,0.207,-0.771,-1.628
714.4,0.236,-0.77,-1.592
714.22,0.237,-0.77,-1.622
714.4,0.197,-0.772,-1.579
714.59,0.222,-0.772,-1.648
714.77,0.208,-0.77,-1.599
714.95,0.235,-0.771,-1.64
715.13,0.204,-0.774,-1.591
715.31,0.267,-0.774,-1.64
715.5,0.209,-0.778,-1.66
715.68,0.238,-0.774,-1.615
715.86,0.223,-0.776,-1.639
716.4,0.213,-0.778,-1.626
716.23,0.238,-0.78,-1.601
716.41,0.238,-0.778,-1.624
716.59,0.189,-0.779,-1.632
716.77,0.248,-0.778,-1.557
716.95,0.202,-0.777,-1.613
717.14,0.23,-0.777,-1.593
717.32,0.189,-0.779,-1.548
717.5,0.279,-0.781,-1.569
717.68,0.176,-0.781,-1.547
717.87,0.25,-0.778,-1.551
718.5,0.207,-0.779,-1.538
718.23,0.229,-0.783,-1.522
718.41,0.228,-0.78,-1.511
722.42,0.24,-0.785,-1.496
722.61,0.22,-0.788,-1.529
722.79,0.23,-0.79,-1.529
722.97,0.224,-0.792,-1.533
723.15,0.23,-0.793,-1.498
723.33,0.238,-0.795,-1.545
723.52,0.216,-0.794,-1.509
723.7,0.246,-0.795,-1.558
723.88,0.232,-0.798,-1.567
724.6,0.235,-0.8,-1.531
724.25,0.24,-0.8,-1.506
724.43,0.207,-0.8,-1.492
724.61,0.238,-0.801,-1.521
724.79,0.234,-0.803,-1.53
724.98,0.268,-0.8,-1.722
725.16,0.125,-0.803,-1.569
725.34,0.336,-0.799,-1.604
725.52,0.138,-0.802,-1.656
725.7,0.282,-0.801,-1.618
725.89,0.18,-0.803,-1.564
726.7,0.217,-0.803,-1.644
726.25,0.218,-0.801,-1.589
726.43,0.204,-0.8,-1.624
726.62,0.221,-0.803,-1.63
726.8,0.214,-0.8,-1.635
726.98,0.233,-0.8,-1.625
727.16,0.278,-0.802,-1.602
727.34,0.173,-0.803,-1.622
727.53,0.249,-0.803,-1.597
727.71,0.211,-0.8,-1.622
727.89,0.224,-0.801,-1.583
728.7,0.227,-0.801,-1.607
728.26,0.228,-0.799,-1.597
728.44,0.205,-0.8,-1.608
728.62,0.202,-0.799,-1.632
728.8,0.219,-0.799,-1.632
728.98,0.206,-0.802,-1.608
729.17,0.214,-0.805,-1.623
729.35,0.203,-0.803,-1.569
729.53,0.243,-0.803,-1.562
729.71,0.208,-0.802,-1.517
729.9,0.247,-0.803,-1.543
730.8,0.19,-0.804,-1.586
730.26,0.22,-0.805,-1.611
730.44,0.226,-0.806,-1.651
730.63,0.23,-0.805,-1.637
730.81,0.223,-0.806,-1.638
730.99,0.213,-0.805,-1.59
731.17,0.228,-0.805,-1.652
731.35,0.202,-0.807,-1.619
731.54,0.24,-0.807,-1.62
731.72,0.173,-0.805,-1.633
731.9,0.247,-0.808,-1.622
732.8,0.177,-0.81,-1.621
732.27,0.243,-0.81,-1.637
736.9,0.248,-0.827,-1.58
736.28,0.195,-0.828,-1.617
736.46,0.209,-0.831,-1.601
736.64,0.199,-0.831,-1.615
736.82,0.234,-0.828,-1.611
737.0,0.213,-0.827,-1.621
737.19,0.188,-0.827,-1.618
737.37,0.236,-0.828,-1.617
737.55,0.214,-0.827,-1.626
737.73,0.209,-0.828,-1.641
737.92,0.221,-0.83,-1.625
738.1,0.166,-0.824,-1.583
738.28,0.258,-0.827,-1.602
738.46,0.164,-0.828,-1.604
738.65,0.216,-0.827,-1.606
738.83,0.215,-0.828,-1.612
739.1,0.199,-0.831,-1.615
739.19,0.214,-0.831,-1.642
739.37,0.21,-0.834,-1.632
739.56,0.214,-0.832,-1.637
739.74,0.237,-0.834,-1.631
739.92,0.199,-0.838,-1.616
740.1,0.202,-0.838,-1.62
740.29,0.243,-0.84,-1.613
740.47,0.18,-0.842,-1.621
740.65,0.225,-0.845,-1.606
740.83,0.215,-0.845,-1.646
741.1,0.216,-0.844,-1.624
741.2,0.197,-0.842,-1.639
741.38,0.2,-0.844,-1.631
741.56,0.194,-0.844,-1.652
741.74,0.216,-0.844,-1.623
741.93,0.195,-0.845,-1.636
742.11,0.214,-0.846,-1.627
742.29,0.201,-0.848,-1.649
742.47,0.212,-0.851,-1.632
742.66,0.266,-0.848,-1.529
742.84,0.15,-0.851,-1.619
743.2,0.329,-0.847,-1.57
743.2,0.044,-0.853,-1.723
743.38,0.307,-0.85,-1.589
743.57,0.136,-0.855,-1.681
743.75,0.251,-0.855,-1.632
743.93,0.186,-0.859,-1.658
744.11,0.181,-0.863,-1.637
744.3,0.2,-0.864,-1.622
744.48,0.205,-0.865,-1.628
744.66,0.201,-0.864,-1.648
744.84,0.206,-0.865,-1.664
745.3,0.193,-0.862,-1.658
745.21,0.225,-0.863,-1.63
745.39,0.179,-0.864,-1.662
745.57,0.214,-0.866,-1.65
745.75,0.201,-0.867,-1.634
745.94,0.199,-0.867,-1.641
746.12,0.226,-0.867,-1.63
746.3,0.203,-0.867,-1.639
746.48,0.185,-0.867,-1.631
746.67,0.181,-0.867,-1.627
746.85,0.206,-0.867,-1.609
747.3,0.219,-0.87,-1.596
747.21,0.169,-0.871,-1.606
747.4,0.219,-0.871,-1.596
747.58,0.189,-0.869,-1.555
747.76,0.209,-0.868,-1.547
747.94,0.196,-0.866,-1.562
748.12,0.235,-0.868,-1.567
748.31,0.169,-0.868,-1.556
748.49,0.243,-0.866,-1.574
748.67,0.189,-0.867,-1.578
748.85,0.236,-0.869,-1.58
749.4,0.177,-0.87,-1.583
749.22,0.229,-0.872,-1.585
749.4,0.179,-0.877,-1.584
749.58,0.242,-0.876,-1.605
749.77,0.21,-0.875,-1.602
749.95,0.243,-0.875,-1.614
750.13,0.17,-0.875,-1.655
750.31,0.231,-0.877,-1.608
750.49,0.179,-0.876,-1.595
750.68,0.242,-0.878,-1.58
750.86,0.206,-0.877,-1.58
751.4,0.211,-0.879,-1.547
751.22,0.211,-0.879,-1.57
751.41,0.215,-0.881,-1.572
751.59,0.22,-0.881,-1.586
751.77,0.213,-0.884,-1.59
751.95,0.195,-0.883,-1.615
752.13,0.202,-0.883,-1.621
752.32,0.207,-0.883,-1.61
752.5,0.202,-0.881,-1.64
752.68,0.221,-0.881,-1.628
752.86,0.182,-0.879,-1.657
753.5,0.235,-0.88,-1.629
753.23,0.19,-0.879,-1.63
753.41,0.25,-0.883,-1.64
753.59,0.183,-0.882,-1.645
753.78,0.224,-0.882,-1.62
753.96,0.2,-0.885,-1.629
754.14,0.217,-0.89,-1.641
754.32,0.192,-0.889,-1.65
754.5,0.226,-0.89,-1.648
754.69,0.197,-0.891,-1.659
754.87,0.21,-0.892,-1.644
755.5,0.207,-0.892,-1.643
755.23,0.204,-0.89,-1.632
755.42,0.216,-0.892,-1.641
755.6,0.201,-0.892,-1.636
755.78,0.225,-0.893,-1.637
755.96,0.197,-0.895,-1.615
756.15,0.207,-0.899,-1.626
756.33,0.23,-0.904,-1.641
756.51,0.197,-0.905,-1.665
756.69,0.231,-0.906,-1.647
756.87,0.221,-0.908,-1.641
757.6,0.219,-0.909,-1.647
757.24,0.206,-0.91,-1.633
757.42,0.221,-0.911,-1.647
757.6,0.2,-0.913,-1.649
757.79,0.22,-0.915,-1.635
757.97,0.19,-0.917,-1.658
758.15,0.214,-0.918,-1.648
758.33,0.21,-0.918,-1.635
758.52,0.191,-0.916,-1.649
758.7,0.229,-0.914,-1.643
758.88,0.184,-0.915,-1.643
759.6,0.226,-0.918,-1.639
759.24,0.194,-0.919,-1.63
759.43,0.211,-0.919,-1.61
759.61,0.187,-0.922,-1.619
759.79,0.213,-0.923,-1.611
759.97,0.203,-0.925,-1.612
760.16,0.214,-0.925,-1.616
760.34,0.197,-0.925,-1.622
760.52,0.202,-0.926,-1.623
760.7,0.208,-0.928,-1.632
760.89,0.214,-0.929,-1.636
761.7,0.199,-0.93,-1.614
761.25,0.194,-0.933,-1.64
761.43,0.19,-0.931,-1.661
761.61,0.212,-0.934,-1.643
761.8,0.208,-0.932,-1.665
761.98,0.219,-0.934,-1.655
762.16,0.215,-0.937,-1.653
762.34,0.221,-0.942,-1.652
762.53,0.18,-0.942,-1.654
762.71,0.207,-0.943,-1.634
762.89,0.212,-0.943,-1.676
763.7,0.203,-0.942,-1.627
763.25,0.226,-0.938,-1.684
763.44,0.185,-0.937,-1.68
763.62,0.214,-0.937,-1.668
763.8,0.201,-0.937,-1.646
763.98,0.237,-0.94,-1.649
764.17,0.173,-0.942,-1.652
764.35,0.259,-0.946,-1.673
764.53,0.185,-0.945,-1.672
764.71,0.251,-0.945,-1.691
764.9,0.171,-0.947,-1.663
765.8,0.23,-0.946,-1.692
765.26,0.213,-0.947,-1.652
765.44,0.194,-0.948,-1.628
765.62,0.231,-0.949,-1.601
765.81,0.189,-0.954,-1.593
765.99,0.214,-0.954,-1.592
766.17,0.191,-0.956,-1.581
766.35,0.218,-0.954,-1.589
766.54,0.219,-0.957,-1.6
766.72,0.195,-0.958,-1.611
766.9,0.196,-0.956,-1.606
767.8,0.199,-0.957,-1.611
767.27,0.194,-0.958,-1.577
767.45,0.219,-0.959,-1.601
767.63,0.197,-0.961,-1.544
767.81,0.208,-0.966,-1.577
767.99,0.184,-0.972,-1.637
768.18,0.205,-0.974,-1.673
768.36,0.21,-0.973,-1.687
768.54,0.203,-0.976,-1.683
768.72,0.215,-0.978,-1.697
768.91,0.247,-0.98,-1.672
769.9,0.118,-0.98,-1.666
769.27,0.278,-0.984,-1.644
769.45,0.174,-0.982,-1.66
769.64,0.228,-0.985,-1.621
769.82,0.213,-0.985,-1.643
770.0,0.208,-0.986,-1.62
770.18,0.205,-0.984,-1.639
770.36,0.199,-0.982,-1.644
770.55,0.217,-0.981,-1.656
770.73,0.2,-0.984,-1.644
770.91,0.209,-0.988,-1.681
771.9,0.186,-0.987,-1.652
771.28,0.216,-0.987,-1.674
771.46,0.22,-0.989,-1.664
771.64,0.195,-0.991,-1.641
771.82,0.218,-0.995,-1.629
772.1,0.21,-0.995,-1.647
772.19,0.204,-0.996,-1.626
772.37,0.2,-0.995,-1.638
772.55,0.208,-0.994,-1.684
772.73,0.232,-0.996,-1.655
772.92,0.195,-0.994,-1.661
773.1,0.228,-0.993,-1.651
773.28,0.203,-0.995,-1.638
773.46,0.222,-0.997,-1.641
773.65,0.216,-0.999,-1.626
773.83,0.207,-0.997,-1.633
774.1,0.193,-0.996,-1.646
774.19,0.185,-0.996,-1.621
774.38,0.2,-0.998,-1.611
774.56,0.202,-0.997,-1.593
774.74,0.213,-0.998,-1.593
774.92,0.189,-1.001,-1.628
775.1,0.21,-1.004,-1.608
775.29,0.214,-1.003,-1.621
775.47,0.203,-1.004,-1.617
775.65,0.207,-1.009,-1.626
775.83,0.214,-1.008,-1.63
776.2,0.199,-1.008,-1.635
776.2,0.225,-1.01,-1.627
776.38,0.221,-1.01,-1.646
776.56,0.2,-1.01,-1.646
776.75,0.2,-1.011,-1.637
776.93,0.203,-1.011,-1.652
777.11,0.19,-1.012,-1.639
777.29,0.193,-1.012,-1.633
777.47,0.226,-1.014,-1.632
777.66,0.209,-1.015,-1.634
777.84,0.21,-1.014,-1.655
778.2,0.194,-1.014,-1.629
778.2,0.211,-1.012,-1.632
778.39,0.214,-1.01,-1.629
778.57,0.196,-1.012,-1.635
778.75,0.216,-1.015,-1.624
778.93,0.196,-1.014,-1.649
779.12,0.215,-1.014,-1.627
779.3,0.216,-1.017,-1.635
779.48,0.214,-1.018,-1.64
779.66,0.186,-1.022,-1.645
779.84,0.198,-1.024,-1.642
780.3,0.178,-1.028,-1.628
780.21,0.232,-1.032,-1.636
780.39,0.215,-1.031,-1.598
780.57,0.194,-1.028,-1.61
780.76,0.238,-1.027,-1.652
780.94,0.202,-1.029,-1.638
781.12,0.203,-1.029,-1.633
781.3,0.209,-1.03,-1.624
781.48,0.203,-1.029,-1.616
781.67,0.2,-1.03,-1.603
781.85,0.207,-1.032,-1.603
782.3,0.208,-1.032,-1.617
782.21,0.207,-1.032,-1.648
782.4,0.214,-1.035,-1.634
782.58,0.21,-1.038,-1.648
782.76,0.202,-1.042,-1.64
782.94,0.213,-1.043,-1.639
783.13,0.205,-1.045,-1.635
783.31,0.208,-1.048,-1.647
783.49,0.207,-1.048,-1.631
783.67,0.201,-1.049,-1.656
783.85,0.215,-1.049,-1.646
784.4,0.233,-1.05,-1.623
784.22,0.218,-1.048,-1.615
784.4,0.224,-1.05,-1.609
784.58,0.207,-1.051,-1.614
784.77,0.219,-1.05,-1.585
784.95,0.21,-1.054,-1.582
785.13,0.195,-1.059,-1.59
785.31,0.202,-1.058,-1.584
785.5,0.212,-1.055,-1.584
785.68,0.192,-1.055,-1.585
785.86,0.189,-1.056,-1.587
786.4,0.204,-1.057,-1.592
786.22,0.205,-1.057,-1.604
786.41,0.197,-1.058,-1.62
786.59,0.21,-1.058,-1.59
786.77,0.21,-1.06,-1.585
786.95,0.204,-1.063,-1.606
787.14,0.194,-1.067,-1.603
787.32,0.203,-1.071,-1.613
787.5,0.211,-1.071,-1.601
787.68,0.187,-1.072,-1.606
787.87,0.205,-1.073,-1.625
788.5,0.184,-1.074,-1.631
788.23,0.213,-1.074,-1.623
788.41,0.208,-1.075,-1.604
788.59,0.235,-1.075,-1.576
788.78,0.204,-1.078,-1.559
788.96,0.179,-1.078,-1.53
789.14,0.21,-1.078,-1.569
789.32,0.197,-1.083,-1.558
789.51,0.205,-1.084,-1.573
789.69,0.172,-1.084,-1.613
789.87,0.216,-1.085,-1.617
790.5,0.204,-1.088,-1.587
790.24,0.205,-1.09,-1.573
790.42,0.201,-1.092,-1.589
790.6,0.194,-1.093,-1.598
790.78,0.206,-1.094,-1.623
790.96,0.207,-1.093,-1.624
791.15,0.189,-1.091,-1.605
791.33,0.206,-1.091,-1.585
791.51,0.187,-1.09,-1.629
791.69,0.216,-1.09,-1.581
791.88,0.221,-1.092,-1.578
792.6,0.18,-1.098,-1.556
792.24,0.271,-1.101,-1.57
792.42,0.145,-1.101,-1.564
792.61,0.23,-1.103,-1.562
792.79,0.175,-1.103,-1.587
792.97,0.203,-1.098,-1.599
793.15,0.202,-1.101,-1.599
793.33,0.181,-1.102,-1.626
793.52,0.211,-1.104,-1.589
793.7,0.183,-1.105,-1.621
793.88,0.177,-1.106,-1.6
794.6,0.245,-1.106,-1.627
794.25,0.166,-1.107,-1.585
794.43,0.239,-1.11,-1.629
794.61,0.172,-1.11,-1.58
794.79,0.242,-1.113,-1.629
794.97,0.187,-1.114,-1.634
795.16,0.216,-1.115,-1.657
795.34,0.186,-1.119,-1.647
795.52,0.218,-1.122,-1.659
795.7,0.191,-1.124,-1.637
795.89,0.202,-1.127,-1.653
796.7,0.226,-1.129,-1.652
796.25,0.192,-1.133,-1.627
796.43,0.215,-1.135,-1.643
796.62,0.211,-1.135,-1.65
804.45,0.201,-1.178,-1.545
804.64,0.182,-1.178,-1.562
804.82,0.214,-1.18,-1.552
805.0,0.186,-1.182,-1.557
805.18,0.211,-1.183,-1.584
805.37,0.191,-1.184,-1.584
805.55,0.206,-1.188,-1.596
805.73,0.199,-1.192,-1.602
805.91,0.214,-1.193,-1.622
806.9,0.204,-1.192,-1.61
806.28,0.198,-1.193,-1.6
806.46,0.184,-1.192,-1.591
806.64,0.204,-1.194,-1.557
806.82,0.206,-1.195,-1.574
807.1,0.19,-1.2,-1.63
807.19,0.199,-1.203,-1.622
807.37,0.221,-1.204,-1.612
807.55,0.209,-1.203,-1.636
807.73,0.219,-1.202,-1.638
807.92,0.214,-1.203,-1.633
808.1,0.19,-1.205,-1.619
808.28,0.193,-1.206,-1.612
808.46,0.203,-1.207,-1.606
808.65,0.199,-1.207,-1.61
808.83,0.206,-1.208,-1.625
809.1,0.22,-1.206,-1.606
809.19,0.193,-1.207,-1.602
809.38,0.208,-1.21,-1.619
809.56,0.2,-1.211,-1.614
809.74,0.215,-1.212,-1.585
809.92,0.21,-1.213,-1.61
810.1,0.214,-1.215,-1.586
810.29,0.198,-1.216,-1.608
810.47,0.236,-1.216,-1.6
810.65,0.195,-1.217,-1.611
810.83,0.197,-1.219,-1.609
811.2,0.222,-1.221,-1.618
811.2,0.199,-1.223,-1.622
811.38,0.212,-1.222,-1.614
811.56,0.212,-1.224,-1.617
811.74,0.206,-1.229,-1.636
811.93,0.204,-1.231,-1.609
812.11,0.2,-1.234,-1.603
812.29,0.21,-1.235,-1.587
812.47,0.218,-1.234,-1.603
812.66,0.196,-1.231,-1.599
812.84,0.22,-1.232,-1.607
813.2,0.193,-1.234,-1.602
813.2,0.193,-1.236,-1.608
813.38,0.208,-1.239,-1.59
813.57,0.192,-1.238,-1.613
813.75,0.212,-1.243,-1.597
813.93,0.194,-1.245,-1.636
814.11,0.243,-1.246,-1.624
814.3,0.195,-1.245,-1.645
814.48,0.251,-1.246,-1.631
814.66,0.164,-1.243,-1.638
814.84,0.213,-1.244,-1.658
815.2,0.191,-1.246,-1.659
815.21,0.225,-1.248,-1.625
815.39,0.221,-1.246,-1.637
815.57,0.202,-1.249,-1.641
815.75,0.205,-1.25,-1.637
815.94,0.193,-1.25,-1.649
816.12,0.232,-1.253,-1.651
816.3,0.205,-1.257,-1.634
816.48,0.207,-1.258,-1.636
816.67,0.212,-1.259,-1.629
816.85,0.201,-1.261,-1.635
817.3,0.218,-1.262,-1.637
817.21,0.219,-1.262,-1.638
817.39,0.205,-1.262,-1.64
817.58,0.197,-1.266,-1.634
817.76,0.207,-1.268,-1.642
817.94,0.23,-1.27,-1.657
818.12,0.193,-1.273,-1.641
818.31,0.211,-1.273,-1.625
818.49,0.222,-1.276,-1.627
818.67,0.183,-1.28,-1.632
818.85,0.22,-1.282,-1.643
819.3,0.191,-1.281,-1.635
819.22,0.2,-1.284,-1.635
819.4,0.214,-1.286,-1.621
819.58,0.203,-1.285,-1.642
819.95,0.211,-1.284,-1.642
820.13,0.213,-1.286,-1.632
820.31,0.215,-1.285,-1.615
820.49,0.194,-1.285,-1.634
820.68,0.216,-1.284,-1.63
820.86,0.211,-1.287,-1.628
821.4,0.181,-1.287,-1.6
821.22,0.189,-1.284,-1.638
821.4,0.246,-1.287,-1.656
821.59,0.19,-1.289,-1.584
821.77,0.243,-1.29,-1.672
821.95,0.166,-1.292,-1.658
822.13,0.211,-1.294,-1.629
822.32,0.202,-1.294,-1.656
822.5,0.234,-1.293,-1.685
822.68,0.171,-1.294,-1.632
822.86,0.237,-1.299,-1.644
823.4,0.175,-1.302,-1.65
823.23,0.211,-1.304,-1.622
823.41,0.186,-1.304,-1.63
823.59,0.214,-1.303,-1.65
823.77,0.198,-1.301,-1.635
823.96,0.2,-1.302,-1.656
824.14,0.196,-1.302,-1.625
824.32,0.219,-1.302,-1.635
824.5,0.204,-1.302,-1.626
824.69,0.201,-1.302,-1.639
824.87,0.224,-1.302,-1.643
825.5,0.189,-1.306,-1.64
825.23,0.22,-1.311,-1.657
825.41,0.199,-1.313,-1.632
825.6,0.205,-1.311,-1.644
825.78,0.205,-1.313,-1.608
825.96,0.207,-1.312,-1.625
826.14,0.214,-1.314,-1.578
826.33,0.197,-1.317,-1.602
826.51,0.197,-1.32,-1.61
826.69,0.205,-1.322,-1.624
826.87,0.181,-1.323,-1.662
827.5,0.213,-1.324,-1.701
827.24,0.182,-1.326,-1.689
827.42,0.224,-1.328,-1.662
827.6,0.221,-1.331,-1.659
827.78,0.198,-1.331,-1.662
827.97,0.236,-1.337,-1.655
828.15,0.212,-1.337,-1.666
828.33,0.22,-1.34,-1.652
828.51,0.207,-1.345,-1.65
828.7,0.197,-1.345,-1.647
828.88,0.221,-1.346,-1.638
829.6,0.184,-1.348,-1.637
829.24,0.193,-1.346,-1.63
829.42,0.208,-1.348,-1.637
829.61,0.201,-1.349,-1.635
829.79,0.217,-1.347,-1.644
829.97,0.215,-1.344,-1.628
830.15,0.197,-1.343,-1.649
830.34,0.212,-1.346,-1.657
830.52,0.201,-1.348,-1.648
830.7,0.211,-1.348,-1.641
830.88,0.187,-1.35,-1.665
831.6,0.213,-1.352,-1.651
831.25,0.197,-1.353,-1.658
831.43,0.208,-1.353,-1.663
831.61,0.189,-1.354,-1.661
831.79,0.197,-1.356,-1.648
831.98,0.209,-1.355,-1.65
832.16,0.209,-1.354,-1.641
832.34,0.208,-1.353,-1.625
832.52,0.209,-1.35,-1.642
832.7,0.219,-1.349,-1.648
832.89,0.206,-1.349,-1.626
833.7,0.223,-1.35,-1.644
833.25,0.214,-1.352,-1.642
833.43,0.218,-1.355,-1.655
833.62,0.212,-1.359,-1.652
833.8,0.214,-1.361,-1.647
833.98,0.199,-1.361,-1.655
834.16,0.228,-1.364,-1.649
834.34,0.209,-1.367,-1.635
834.53,0.213,-1.369,-1.648
834.71,0.205,-1.369,-1.633
834.89,0.211,-1.368,-1.632
835.7,0.197,-1.371,-1.625
835.26,0.228,-1.371,-1.64
835.62,0.22,-1.377,-1.639
835.8,0.199,-1.382,-1.629
835.99,0.223,-1.387,-1.637
836.17,0.224,-1.387,-1.613
836.35,0.212,-1.385,-1.637
836.53,0.234,-1.383,-1.615
836.71,0.207,-1.385,-1.62
836.9,0.229,-1.386,-1.62
837.8,0.211,-1.39,-1.623
837.26,0.216,-1.392,-1.621
837.44,0.194,-1.391,-1.618
837.63,0.247,-1.392,-1.625
837.81,0.193,-1.39,-1.626
837.99,0.213,-1.391,-1.629
838.17,0.225,-1.392,-1.63
838.35,0.206,-1.393,-1.632
838.54,0.209,-1.397,-1.631
838.72,0.21,-1.395,-1.618
838.9,0.213,-1.394,-1.622
839.8,0.214,-1.393,-1.619
839.27,0.222,-1.394,-1.618
839.45,0.249,-1.394,-1.617
839.63,0.179,-1.397,-1.638
839.81,0.246,-1.402,-1.627
839.99,0.212,-1.401,-1.632
840.18,0.214,-1.403,-1.64
840.36,0.18,-1.404,-1.641
840.54,0.215,-1.407,-1.634
840.72,0.203,-1.404,-1.654
840.91,0.232,-1.402,-1.642
841.9,0.218,-1.402,-1.641
841.27,0.227,-1.401,-1.652
841.45,0.218,-1.398,-1.65
848.93,0.196,-1.438,-1.642
849.11,0.208,-1.438,-1.65
849.29,0.206,-1.44,-1.633
849.47,0.219,-1.444,-1.65
849.65,0.222,-1.446,-1.654
849.84,0.217,-1.449,-1.631
850.2,0.192,-1.449,-1.638
850.2,0.225,-1.45,-1.616
850.38,0.209,-1.45,-1.601
850.57,0.225,-1.452,-1.619
850.75,0.198,-1.453,-1.605
850.93,0.188,-1.451,-1.595
851.11,0.226,-1.453,-1.6
851.29,0.186,-1.453,-1.589
851.48,0.205,-1.451,-1.607
851.66,0.21,-1.454,-1.614
851.84,0.222,-1.455,-1.62
852.2,0.201,-1.455,-1.62
852.21,0.219,-1.456,-1.629
852.39,0.192,-1.458,-1.623
852.57,0.226,-1.459,-1.628
852.75,0.194,-1.458,-1.63
852.94,0.213,-1.461,-1.627
853.12,0.224,-1.462,-1.635
853.3,0.198,-1.463,-1.638
853.48,0.213,-1.463,-1.649
853.66,0.214,-1.466,-1.631
853.85,0.193,-1.463,-1.652
854.3,0.232,-1.464,-1.629
854.21,0.2,-1.465,-1.648
854.39,0.223,-1.464,-1.631
854.58,0.214,-1.462,-1.638
854.76,0.216,-1.461,-1.627
854.94,0.204,-1.462,-1.65
855.12,0.228,-1.463,-1.615
855.3,0.219,-1.466,-1.623
855.49,0.223,-1.465,-1.629
855.67,0.209,-1.468,-1.635
855.85,0.219,-1.472,-1.62
856.3,0.214,-1.475,-1.65
856.22,0.212,-1.475,-1.633
856.4,0.227,-1.478,-1.643
856.58,0.204,-1.48,-1.636
856.76,0.204,-1.48,-1.634
856.95,0.237,-1.479,-1.625
857.13,0.203,-1.479,-1.646
857.31,0.214,-1.479,-1.626
857.49,0.214,-1.478,-1.628
857.67,0.224,-1.478,-1.617
857.86,0.222,-1.482,-1.634
858.4,0.204,-1.483,-1.641
858.22,0.195,-1.483,-1.634
858.4,0.215,-1.485,-1.621
858.59,0.22,-1.486,-1.649
858.77,0.222,-1.488,-1.668
858.95,0.204,-1.488,-1.66
859.13,0.201,-1.488,-1.655
859.31,0.218,-1.487,-1.646
859.5,0.229,-1.487,-1.642
859.68,0.211,-1.486,-1.66
859.86,0.223,-1.489,-1.648
860.4,0.211,-1.488,-1.647
860.23,0.219,-1.49,-1.624
860.41,0.197,-1.491,-1.64
860.59,0.221,-1.491,-1.622
860.77,0.224,-1.491,-1.633
860.96,0.214,-1.49,-1.621
861.14,0.221,-1.494,-1.655
861.32,0.208,-1.495,-1.656
861.5,0.207,-1.495,-1.666
861.68,0.221,-1.496,-1.649
861.87,0.2,-1.497,-1.64
862.5,0.206,-1.497,-1.623
862.23,0.206,-1.496,-1.612
862.41,0.189,-1.496,-1.622
862.6,0.211,-1.496,-1.617
862.78,0.218,-1.499,-1.625
862.96,0.207,-1.503,-1.635
863.14,0.208,-1.505,-1.632
863.32,0.202,-1.505,-1.622
863.51,0.223,-1.508,-1.606
863.69,0.211,-1.508,-1.591
863.87,0.221,-1.511,-1.599
864.5,0.214,-1.515,-1.616
864.24,0.23,-1.514,-1.495
864.6,0.221,-1.517,-1.521
864.78,0.203,-1.52,-1.572
864.96,0.219,-1.523,-1.594
865.15,0.21,-1.525,-1.503
865.33,0.209,-1.527,-1.506
865.51,0.214,-1.531,-1.429
865.69,0.221,-1.535,-1.409
865.88,0.209,-1.538,-1.44
866.6,0.215,-1.534,-1.426
866.24,0.218,-1.534,-1.429
866.42,0.21,-1.534,-1.434
866.61,0.222,-1.535,-1.441
866.79,0.217,-1.538,-1.407
866.97,0.207,-1.542,-1.377
867.15,0.222,-1.541,-1.328
867.33,0.219,-1.542,-1.354
867.52,0.21,-1.542,-1.32
867.7,0.227,-1.542,-1.341
867.88,0.208,-1.541,-1.422
868.6,0.212,-1.537,-1.478
868.25,0.219,-1.537,-1.505
868.43,0.22,-1.539,-1.493
868.61,0.209,-1.539,-1.508
868.79,0.198,-1.541,-1.605
868.97,0.22,-1.543,-1.651
869.16,0.204,-1.547,-1.625
869.34,0.227,-1.55,-1.576
869.52,0.22,-1.55,-1.589
869.7,0.21,-1.552,-1.565
869.89,0.218,-1.555,-1.581
870.7,0.211,-1.556,-1.6
870.25,0.206,-1.558,-1.602
870.43,0.2,-1.557,-1.571
870.62,0.214,-1.557,-1.614
870.8,0.208,-1.558,-1.64
870.98,0.192,-1.56,-1.62
871.16,0.22,-1.561,-1.644
871.34,0.198,-1.561,-1.658
871.53,0.21,-1.561,-1.651
871.71,0.214,-1.563,-1.644
871.89,0.219,-1.566,-1.628
872.7,0.212,-1.567,-1.598
872.26,0.213,-1.567,-1.626
872.44,0.219,-1.567,-1.666
872.62,0.195,-1.568,-1.657
872.8,0.201,-1.571,-1.652
872.99,0.206,-1.57,-1.653
873.17,0.186,-1.57,-1.652
873.35,0.197,-1.57,-1.649
873.53,0.223,-1.573,-1.652
873.71,0.216,-1.575,-1.652
873.9,0.226,-1.572,-1.645
874.8,0.206,-1.572,-1.654
874.26,0.218,-1.573,-1.641
874.44,0.226,-1.573,-1.651
874.63,0.217,-1.575,-1.652
874.81,0.213,-1.579,-1.636
874.99,0.213,-1.577,-1.638
875.17,0.211,-1.579,-1.642
875.35,0.195,-1.578,-1.652
875.54,0.212,-1.58,-1.638
875.72,0.208,-1.581,-1.641
875.9,0.23,-1.58,-1.64
876.8,0.191,-1.577,-1.623
876.27,0.229,-1.579,-1.639
876.45,0.214,-1.579,-1.626
876.63,0.202,-1.583,-1.635
876.81,0.223,-1.583,-1.64
876.99,0.209,-1.584,-1.657
877.18,0.205,-1.586,-1.651
877.36,0.22,-1.587,-1.653
877.54,0.205,-1.589,-1.643
877.72,0.216,-1.589,-1.664
877.91,0.224,-1.588,-1.642
878.9,0.21,-1.591,-1.649
878.27,0.201,-1.593,-1.644
878.45,0.217,-1.592,-1.596
878.63,0.225,-1.592,-1.538
878.82,0.199,-1.592,-1.48
879.0,0.235,-1.593,-1.483
879.18,0.206,-1.595,-1.516
879.36,0.216,-1.597,-1.602
879.55,0.189,-1.601,-1.616
879.73,0.189,-1.604,-1.615
879.91,0.232,-1.606,-1.624
880.9,0.205,-1.608,-1.633
880.28,0.218,-1.61,-1.635
880.46,0.194,-1.611,-1.641
880.64,0.219,-1.612,-1.65
880.82,0.194,-1.615,-1.652
881.0,0.219,-1.615,-1.649
881.19,0.202,-1.616,-1.629
881.37,0.209,-1.617,-1.576
881.55,0.207,-1.614,-1.47
881.73,0.242,-1.617,-1.53
881.92,0.21,-1.613,-1.508
882.1,0.206,-1.612,-1.398
882.28,0.201,-1.612,-1.425
882.46,0.216,-1.611,-1.52
882.64,0.203,-1.611,-1.519
882.83,0.223,-1.611,-1.502
883.1,0.203,-1.612,-1.491
883.19,0.221,-1.614,-1.527
883.37,0.216,-1.617,-1.518
883.56,0.214,-1.621,-1.502
883.74,0.229,-1.624,-1.521
883.92,0.222,-1.625,-1.569
884.1,0.237,-1.627,-1.58
884.28,0.188,-1.626,-1.577
884.47,0.237,-1.628,-1.599
887.93,0.254,-1.647,-1.623
888.11,0.177,-1.644,-1.628
888.29,0.226,-1.645,-1.625
888.48,0.18,-1.647,-1.637
888.66,0.219,-1.648,-1.633
888.84,0.211,-1.651,-1.615
889.2,0.215,-1.652,-1.62
889.21,0.221,-1.655,-1.636
889.39,0.209,-1.656,-1.666
889.57,0.236,-1.657,-1.65
889.75,0.221,-1.66,-1.649
889.93,0.21,-1.663,-1.666
890.12,0.244,-1.666,-1.638
890.3,0.216,-1.67,-1.595
890.48,0.222,-1.672,-1.621
890.66,0.236,-1.675,-1.626
890.85,0.217,-1.676,-1.603
891.3,0.243,-1.681,-1.592
891.21,0.208,-1.683,-1.595
891.39,0.213,-1.686,-1.55
891.58,0.207,-1.683,-1.546
891.76,0.235,-1.685,-1.511
891.94,0.229,-1.687,-1.53
892.12,0.225,-1.689,-1.542
892.3,0.228,-1.687,-1.543
892.49,0.228,-1.689,-1.592
892.67,0.222,-1.691,-1.627
892.85,0.233,-1.691,-1.657
893.3,0.203,-1.692,-1.649
893.22,0.212,-1.692,-1.64
893.4,0.224,-1.692,-1.62
893.58,0.231,-1.696,-1.601
893.76,0.227,-1.698,-1.579
893.94,0.194,-1.697,-1.567
894.13,0.214,-1.699,-1.558
894.31,0.217,-1.703,-1.58
894.49,0.214,-1.703,-1.578
894.67,0.212,-1.705,-1.569
894.86,0.218,-1.704,-1.513
895.4,0.22,-1.707,-1.472
895.22,0.22,-1.712,-1.475
895.4,0.225,-1.713,-1.482
903.6,0.209,-1.755,-1.474
903.79,0.201,-1.757,-1.536
903.97,0.19,-1.756,-1.571
904.15,0.198,-1.755,-1.591
904.33,0.218,-1.755,-1.594
904.51,0.221,-1.756,-1.577
904.7,0.21,-1.759,-1.558
904.88,0.209,-1.759,-1.58
905.6,0.228,-1.761,-1.608
905.24,0.22,-1.761,-1.619
905.43,0.206,-1.763,-1.619
905.61,0.21,-1.764,-1.648
905.79,0.21,-1.765,-1.625
905.97,0.22,-1.77,-1.625
906.16,0.199,-1.772,-1.609
906.34,0.213,-1.774,-1.63
906.52,0.221,-1.775,-1.65
906.7,0.21,-1.772,-1.643
906.88,0.206,-1.775,-1.634
907.7,0.212,-1.775,-1.654
907.25,0.212,-1.775,-1.624
907.43,0.206,-1.774,-1.615
907.61,0.218,-1.774,-1.611
907.8,0.207,-1.775,-1.628
907.98,0.218,-1.777,-1.63
908.16,0.209,-1.779,-1.629
908.34,0.214,-1.781,-1.626
908.52,0.207,-1.783,-1.645
908.71,0.207,-1.785,-1.635
908.89,0.207,-1.782,-1.641
909.7,0.218,-1.782,-1.642
909.25,0.2,-1.784,-1.649
909.44,0.204,-1.786,-1.643
909.62,0.235,-1.787,-1.656
909.8,0.197,-1.791,-1.655
909.98,0.224,-1.794,-1.646
910.16,0.191,-1.793,-1.638
910.35,0.188,-1.793,-1.645
910.53,0.201,-1.794,-1.637
910.71,0.187,-1.797,-1.637
910.89,0.193,-1.798,-1.636
911.8,0.238,-1.798,-1.635
911.26,0.209,-1.801,-1.628
911.44,0.204,-1.802,-1.643
911.62,0.2,-1.802,-1.634
911.81,0.194,-1.803,-1.645
911.99,0.206,-1.803,-1.645
912.17,0.196,-1.803,-1.636
912.35,0.216,-1.805,-1.64
912.53,0.194,-1.805,-1.627
912.72,0.219,-1.807,-1.635
912.9,0.197,-1.81,-1.644
913.8,0.216,-1.81,-1.669
913.26,0.202,-1.812,-1.656
913.45,0.222,-1.81,-1.647
913.63,0.213,-1.808,-1.66
913.81,0.219,-1.81,-1.645
913.99,0.202,-1.813,-1.643
914.17,0.204,-1.815,-1.658
914.36,0.208,-1.814,-1.649
914.54,0.216,-1.815,-1.66
914.72,0.184,-1.818,-1.653
914.9,0.194,-1.821,-1.65
915.9,0.205,-1.823,-1.635
915.27,0.202,-1.824,-1.637
915.45,0.205,-1.826,-1.616
915.63,0.224,-1.826,-1.65
915.82,0.205,-1.828,-1.614
916.0,0.218,-1.83,-1.625
916.18,0.205,-1.831,-1.63
916.36,0.216,-1.831,-1.64
916.54,0.201,-1.832,-1.639
916.73,0.223,-1.832,-1.654
916.91,0.198,-1.833,-1.659
917.9,0.194,-1.834,-1.646
917.27,0.21,-1.833,-1.668
917.46,0.188,-1.832,-1.649
917.64,0.201,-1.83,-1.661
917.82,0.202,-1.829,-1.647
918.0,0.206,-1.826,-1.669
918.18,0.19,-1.825,-1.651
918.37,0.212,-1.825,-1.652
918.55,0.205,-1.827,-1.642
918.73,0.204,-1.831,-1.647
918.91,0.208,-1.836,-1.646
919.1,0.208,-1.837,-1.65
919.28,0.228,-1.839,-1.661
919.46,0.187,-1.84,-1.666
919.64,0.219,-1.843,-1.655
919.83,0.2,-1.842,-1.652
920.1,0.218,-1.842,-1.654
920.19,0.198,-1.843,-1.659
920.37,0.209,-1.84,-1.636
920.55,0.223,-1.842,-1.648
920.74,0.192,-1.844,-1.654
920.92,0.208,-1.849,-1.644
921.1,0.205,-1.848,-1.647
921.28,0.205,-1.849,-1.657
921.47,0.216,-1.851,-1.657
921.65,0.207,-1.848,-1.655
921.83,0.216,-1.848,-1.64
922.1,0.191,-1.846,-1.66
922.19,0.221,-1.85,-1.641
922.38,0.219,-1.85,-1.645
922.56,0.195,-1.851,-1.637
922.74,0.219,-1.85,-1.633
922.92,0.216,-1.851,-1.644
923.11,0.217,-1.853,-1.638
923.29,0.222,-1.854,-1.635
923.47,0.22,-1.855,-1.636
923.65,0.228,-1.858,-1.635
923.83,0.214,-1.859,-1.637
924.2,0.196,-1.862,-1.64
924.2,0.201,-1.864,-1.642
924.38,0.209,-1.864,-1.635
924.56,0.19,-1.862,-1.625
931.49,0.214,-1.903,-1.64
931.67,0.188,-1.903,-1.627
931.85,0.214,-1.903,-1.647
932.4,0.211,-1.905,-1.64
932.22,0.22,-1.905,-1.637
932.4,0.204,-1.906,-1.632
932.58,0.21,-1.905,-1.625
932.77,0.214,-1.906,-1.635
932.95,0.21,-1.91,-1.643
933.13,0.2,-1.911,-1.656
933.31,0.201,-1.91,-1.657
933.49,0.191,-1.909,-1.649
933.68,0.216,-1.912,-1.649
933.86,0.209,-1.913,-1.65
934.4,0.205,-1.912,-1.649
934.22,0.214,-1.913,-1.636
934.41,0.211,-1.915,-1.623
934.59,0.203,-1.915,-1.632
934.77,0.223,-1.918,-1.629
934.95,0.194,-1.919,-1.616
935.13,0.196,-1.918,-1.601
935.32,0.209,-1.917,-1.587
935.5,0.242,-1.917,-1.588
935.68,0.194,-1.919,-1.563
935.86,0.183,-1.92,-1.567
936.5,0.217,-1.92,-1.559
936.23,0.222,-1.921,-1.539
936.41,0.22,-1.92,-1.56
936.59,0.205,-1.922,-1.604
936.78,0.237,-1.923,-1.616
936.96,0.199,-1.924,-1.597
937.14,0.224,-1.924,-1.624
937.32,0.221,-1.929,-1.619
937.5,0.199,-1.927,-1.613
937.69,0.227,-1.929,-1.615
937.87,0.209,-1.93,-1.637
938.5,0.217,-1.933,-1.652
938.23,0.219,-1.935,-1.658
938.42,0.219,-1.936,-1.644
938.6,0.246,-1.935,-1.632
938.78,0.209,-1.937,-1.644
938.96,0.202,-1.94,-1.628
939.14,0.227,-1.943,-1.62
939.33,0.198,-1.941,-1.601
939.51,0.262,-1.942,-1.589
939.69,0.191,-1.947,-1.586
939.87,0.236,-1.948,-1.578
940.6,0.216,-1.952,-1.583
940.24,0.225,-1.955,-1.539
940.42,0.181,-1.959,-1.537
940.6,0.236,-1.959,-1.534
940.78,0.216,-1.962,-1.52
940.97,0.217,-1.961,-1.547
941.15,0.187,-1.962,-1.603
941.33,0.209,-1.959,-1.602
941.51,0.213,-1.957,-1.629
941.7,0.21,-1.958,-1.622
941.88,0.195,-1.958,-1.632
942.6,0.206,-1.957,-1.633
942.24,0.219,-1.957,-1.633
942.43,0.193,-1.957,-1.631
942.61,0.191,-1.957,-1.652
942.79,0.199,-1.957,-1.645
942.97,0.196,-1.957,-1.636
943.15,0.206,-1.956,-1.624
943.34,0.202,-1.957,-1.635
943.52,0.188,-1.956,-1.628
943.7,0.215,-1.957,-1.639
943.88,0.218,-1.959,-1.627
944.7,0.197,-1.958,-1.635
944.25,0.215,-1.96,-1.645
944.43,0.192,-1.96,-1.629
944.61,0.196,-1.961,-1.627
944.79,0.221,-1.965,-1.628
944.98,0.19,-1.966,-1.631
945.16,0.2,-1.969,-1.626
945.34,0.187,-1.972,-1.642
945.52,0.211,-1.973,-1.617
945.71,0.196,-1.975,-1.622
945.89,0.216,-1.976,-1.63
946.7,0.208,-1.977,-1.626
946.25,0.221,-1.979,-1.643
946.44,0.204,-1.981,-1.65
946.62,0.229,-1.981,-1.641
946.8,0.194,-1.98,-1.641
946.98,0.223,-1.979,-1.622
947.16,0.227,-1.981,-1.621
947.35,0.213,-1.979,-1.629
947.53,0.202,-1.981,-1.625
947.71,0.231,-1.981,-1.638
947.89,0.213,-1.982,-1.609
948.8,0.227,-1.982,-1.638
948.26,0.21,-1.983,-1.62
948.44,0.2,-1.982,-1.624
948.62,0.215,-1.983,-1.626
948.8,0.221,-1.984,-1.637
948.99,0.212,-1.989,-1.627
949.17,0.202,-1.99,-1.646
949.35,0.207,-1.989,-1.639
949.53,0.196,-1.991,-1.653
949.72,0.223,-1.991,-1.619
949.9,0.208,-1.989,-1.644
950.8,0.203,-1.986,-1.635
950.26,0.203,-1.987,-1.667
950.45,0.208,-1.986,-1.64
950.63,0.225,-1.987,-1.61
950.81,0.211,-1.984,-1.584
950.99,0.22,-1.982,-1.616
951.17,0.214,-1.984,-1.633
951.36,0.233,-1.985,-1.648
951.54,0.218,-1.986,-1.651
951.72,0.213,-1.985,-1.613
951.9,0.204,-1.985,-1.605
952.9,0.224,-1.984,-1.641
952.27,0.217,-1.988,-1.645
954.27,0.222,-1.993,-1.645
954.45,0.205,-1.997,-1.636
954.64,0.213,-1.997,-1.633
954.82,0.21,-1.999,-1.635
955.0,0.207,-2.002,-1.623
955.18,0.223,-2.002,-1.631
955.37,0.22,-2.002,-1.638
955.55,0.209,-2.004,-1.651
955.73,0.226,-2.005,-1.64
955.91,0.213,-2.009,-1.643
956.1,0.222,-2.011,-1.638
956.28,0.21,-2.012,-1.636
956.46,0.207,-2.012,-1.644
956.64,0.216,-2.01,-1.638
956.82,0.197,-2.011,-1.654
957.1,0.212,-2.011,-1.641
957.19,0.212,-2.009,-1.655
957.37,0.219,-2.008,-1.653
957.55,0.209,-2.009,-1.645
957.74,0.201,-2.012,-1.636
957.92,0.217,-2.015,-1.637
958.1,0.211,-2.015,-1.616
958.28,0.223,-2.014,-1.596
958.46,0.222,-2.014,-1.561
958.65,0.231,-2.014,-1.571
958.83,0.235,-2.013,-1.495
959.1,0.217,-2.013,-1.485
959.19,0.22,-2.017,-1.534
959.38,0.223,-2.016,-1.583
959.56,0.2,-2.018,-1.651
959.74,0.211,-2.019,-1.64
959.92,0.211,-2.019,-1.638
960.1,0.212,-2.018,-1.646
960.29,0.22,-2.018,-1.624
960.47,0.21,-2.018,-1.594
960.65,0.224,-2.017,-1.598
960.83,0.207,-2.02,-1.61
961.2,0.196,-2.024,-1.636
961.2,0.221,-2.028,-1.643
961.38,0.221,-2.029,-1.644
961.56,0.212,-2.028,-1.625
961.74,0.222,-2.029,-1.623
961.93,0.22,-2.03,-1.622
962.11,0.21,-2.029,-1.621
962.29,0.214,-2.03,-1.629
962.47,0.198,-2.031,-1.617
962.66,0.201,-2.033,-1.629
962.84,0.2,-2.034,-1.621
963.2,0.203,-2.039,-1.607
963.2,0.208,-2.042,-1.61
963.39,0.218,-2.043,-1.62
963.75,0.217,-2.045,-1.618
963.93,0.223,-2.046,-1.62
964.11,0.227,-2.047,-1.603
964.3,0.208,-2.051,-1.618
964.48,0.225,-2.054,-1.614
964.66,0.227,-2.055,-1.586
964.84,0.21,-2.055,-1.569
965.3,0.213,-2.057,-1.538
965.21,0.215,-2.058,-1.526
965.39,0.207,-2.06,-1.538
965.57,0.215,-2.063,-1.618
965.75,0.226,-2.062,-1.628
965.94,0.202,-2.063,-1.633
966.12,0.213,-2.066,-1.628
966.3,0.219,-2.07,-1.624
966.48,0.22,-2.07,-1.612
966.67,0.226,-2.073,-1.554
966.85,0.222,-2.075,-1.443
967.3,0.221,-2.073,-1.49
967.21,0.209,-2.071,-1.541
967.39,0.221,-2.073,-1.515
967.58,0.216,-2.074,-1.485
967.76,0.213,-2.075,-1.481
967.94,0.223,-2.076,-1.48
968.12,0.232,-2.078,-1.428
968.31,0.221,-2.083,-1.477
968.49,0.209,-2.083,-1.568
968.67,0.221,-2.083,-1.582
968.85,0.218,-2.085,-1.586
969.3,0.217,-2.085,-1.598
969.22,0.212,-2.086,-1.608
969.4,0.213,-2.083,-1.629
969.58,0.224,-2.083,-1.643
969.76,0.215,-2.082,-1.623
969.95,0.229,-2.085,-1.608
970.13,0.202,-2.085,-1.606
970.31,0.205,-2.086,-1.611
970.49,0.23,-2.085,-1.618
970.67,0.228,-2.087,-1.602
970.86,0.21,-2.09,-1.525
971.4,0.216,-2.09,-1.543
971.22,0.228,-2.093,-1.563
971.4,0.225,-2.094,-1.594
971.59,0.217,-2.096,-1.57
971.77,0.208,-2.095,-1.556
971.95,0.224,-2.092,-1.548
972.13,0.21,-2.091,-1.523
972.31,0.208,-2.092,-1.528
972.5,0.223,-2.092,-1.517
972.68,0.206,-2.091,-1.527
972.86,0.22,-2.09,-1.501
973.4,0.226,-2.088,-1.5
973.23,0.218,-2.09,-1.518
973.41,0.218,-2.087,-1.552
973.59,0.204,-2.087,-1.568
973.77,0.21,-2.085,-1.574
973.95,0.212,-2.086,-1.6
974.14,0.223,-2.087,-1.612
974.32,0.231,-2.09,-1.625
974.5,0.212,-2.089,-1.617
974.68,0.209,-2.09,-1.635
974.87,0.213,-2.09,-1.634
975.5,0.206,-2.093,-1.638
975.23,0.21,-2.095,-1.648
975.41,0.21,-2.094,-1.615
975.6,0.221,-2.093,-1.624
975.78,0.224,-2.093,-1.628
975.96,0.201,-2.091,-1.645
976.14,0.196,-2.093,-1.641
976.32,0.217,-2.096,-1.649
976.51,0.22,-2.096,-1.632
976.69,0.217,-2.095,-1.616
976.87,0.225,-2.095,-1.632
977.5,0.209,-2.097,-1.642
977.24,0.211,-2.098,-1.628
977.42,0.215,-2.104,-1.631
977.6,0.211,-2.106,-1.641
977.78,0.236,-2.106,-1.633
977.96,0.217,-2.107,-1.655
978.15,0.203,-2.11,-1.64
978.33,0.216,-2.111,-1.642
978.51,0.223,-2.111,-1.64
978.69,0.213,-2.11,-1.64
978.88,0.226,-2.109,-1.636
979.6,0.216,-2.11,-1.622
979.24,0.205,-2.111,-1.633
979.42,0.218,-2.112,-1.618
979.6,0.215,-2.115,-1.649
979.79,0.215,-2.115,-1.638
979.97,0.2,-2.117,-1.642
980.15,0.198,-2.122,-1.631
980.33,0.207,-2.121,-1.639
980.52,0.21,-2.119,-1.64
980.7,0.207,-2.12,-1.634
980.88,0.217,-2.12,-1.64
981.6,0.204,-2.123,-1.636
981.24,0.208,-2.124,-1.623
981.43,0.222,-2.127,-1.625
981.61,0.223,-2.127,-1.612
981.79,0.203,-2.13,-1.618
981.97,0.222,-2.131,-1.614
982.16,0.21,-2.13,-1.63
982.34,0.214,-2.133,-1.63
982.52,0.219,-2.134,-1.629
982.7,0.202,-2.135,-1.629
982.88,0.215,-2.135,-1.649
983.7,0.204,-2.133,-1.64
983.25,0.208,-2.133,-1.649
983.43,0.21,-2.136,-1.647
983.61,0.219,-2.138,-1.645
983.8,0.212,-2.139,-1.634
983.98,0.234,-2.141,-1.637
984.16,0.229,-2.143,-1.655
984.34,0.22,-2.143,-1.617
984.52,0.218,-2.144,-1.644
984.71,0.225,-2.144,-1.639
984.89,0.217,-2.143,-1.639
985.7,0.228,-2.145,-1.631
985.25,0.21,-2.143,-1.624
985.44,0.246,-2.144,-1.622
985.62,0.2,-2.148,-1.618
985.8,0.221,-2.149,-1.63
985.98,0.211,-2.147,-1.62
986.17,0.22,-2.148,-1.646
986.35,0.221,-2.147,-1.64
986.53,0.216,-2.148,-1.649
986.71,0.216,-2.149,-1.631
986.89,0.221,-2.146,-1.629
987.8,0.211,-2.148,-1.634
987.26,0.214,-2.149,-1.626
987.44,0.227,-2.152,-1.628
987.62,0.214,-2.154,-1.645
987.81,0.218,-2.156,-1.648
987.99,0.215,-2.156,-1.637
988.17,0.235,-2.161,-1.636
988.35,0.219,-2.161,-1.634
988.53,0.251,-2.162,-1.624
988.72,0.206,-2.165,-1.625
988.9,0.21,-2.167,-1.64
989.8,0.232,-2.168,-1.637
989.26,0.2,-2.167,-1.625
989.45,0.222,-2.167,-1.643
989.63,0.213,-2.168,-1.644
989.81,0.212,-2.167,-1.638
989.99,0.224,-2.168,-1.638
990.17,0.206,-2.171,-1.645
990.36,0.212,-2.174,-1.643
990.54,0.217,-2.175,-1.648
990.72,0.204,-2.176,-1.647
990.9,0.209,-2.177,-1.638
991.9,0.229,-2.178,-1.63
991.27,0.204,-2.177,-1.62
991.45,0.236,-2.179,-1.636
991.63,0.211,-2.182,-1.621
991.81,0.226,-2.182,-1.614
992.0,0.218,-2.184,-1.647
992.18,0.204,-2.181,-1.619
992.36,0.24,-2.18,-1.63
992.54,0.202,-2.18,-1.632
992.73,0.22,-2.181,-1.61
992.91,0.183,-2.18,-1.614
993.9,0.239,-2.182,-1.602
993.27,0.19,-2.182,-1.629
993.46,0.221,-2.183,-1.605
993.64,0.224,-2.183,-1.611
993.82,0.22,-2.183,-1.594
994.0,0.193,-2.18,-1.607
994.18,0.232,-2.185,-1.603
994.37,0.217,-2.184,-1.6
994.55,0.217,-2.186,-1.612
994.73,0.214,-2.189,-1.613
994.91,0.194,-2.19,-1.607
995.1,0.209,-2.193,-1.612
995.28,0.204,-2.197,-1.629
995.46,0.228,-2.197,-1.615
995.64,0.2,-2.199,-1.616
995.82,0.204,-2.199,-1.604
996.1,0.196,-2.2,-1.613
996.19,0.207,-2.203,-1.599
996.37,0.234,-2.203,-1.6
996.55,0.21,-2.203,-1.616
996.74,0.2,-2.203,-1.593
996.92,0.225,-2.203,-1.615
997.1,0.198,-2.201,-1.591
1004.39,0.207,-2.231,-1.597
1004.57,0.212,-2.229,-1.603
1004.76,0.207,-2.232,-1.606
1004.94,0.205,-2.231,-1.6
1005.12,0.197,-2.23,-1.6
1005.3,0.215,-2.233,-1.61
1005.48,0.216,-2.234,-1.605
1005.67,0.206,-2.234,-1.603
1005.85,0.221,-2.235,-1.611
1006.3,0.242,-2.238,-1.604
1006.21,0.209,-2.235,-1.604
1006.4,0.224,-2.234,-1.618
1006.58,0.22,-2.232,-1.616
1006.76,0.228,-2.236,-1.592
1006.94,0.217,-2.236,-1.603
1007.13,0.213,-2.238,-1.581
1007.31,0.215,-2.24,-1.567
1007.49,0.216,-2.241,-1.569
1007.67,0.211,-2.245,-1.573
1007.85,0.239,-2.248,-1.591
1016.6,0.206,-2.284,-1.626
1016.24,0.189,-2.281,-1.612
1016.42,0.22,-2.283,-1.598
1016.6,0.189,-2.286,-1.597
1016.79,0.223,-2.287,-1.575
1016.97,0.19,-2.286,-1.593
1017.15,0.232,-2.285,-1.583
1017.33,0.2,-2.286,-1.6
1017.51,0.226,-2.288,-1.603
1017.7,0.205,-2.285,-1.619
1017.88,0.207,-2.285,-1.611
1018.6,0.214,-2.285,-1.617
1018.24,0.222,-2.288,-1.627
1018.43,0.219,-2.287,-1.644
1018.61,0.224,-2.288,-1.621
1018.79,0.222,-2.29,-1.628
1018.97,0.206,-2.293,-1.637
1019.16,0.221,-2.297,-1.647
1019.34,0.202,-2.296,-1.646
1019.52,0.231,-2.298,-1.642
1019.7,0.207,-2.302,-1.642
1019.88,0.205,-2.303,-1.651
1020.7,0.2,-2.305,-1.644
1020.25,0.213,-2.306,-1.637
1020.43,0.218,-2.308,-1.62
1020.61,0.212,-2.306,-1.63
1020.8,0.232,-2.305,-1.623
1020.98,0.215,-2.307,-1.635
1021.16,0.223,-2.309,-1.618
1021.34,0.223,-2.309,-1.625
1021.53,0.197,-2.309,-1.637
1021.71,0.226,-2.312,-1.637
1021.89,0.203,-2.313,-1.596
1022.7,0.215,-2.315,-1.602
1022.25,0.224,-2.316,-1.594
1022.44,0.207,-2.317,-1.598
1022.62,0.212,-2.318,-1.595
1027.91,0.204,-2.335,-1.62
1028.9,0.203,-2.339,-1.621
1028.27,0.204,-2.341,-1.612
1028.45,0.194,-2.343,-1.61
1028.63,0.222,-2.342,-1.639
1028.82,0.216,-2.341,-1.629
1029.0,0.215,-2.343,-1.622
1029.18,0.211,-2.346,-1.619
1029.36,0.205,-2.348,-1.617
1029.55,0.217,-2.35,-1.616
1029.73,0.203,-2.349,-1.626
1029.91,0.219,-2.349,-1.611
1030.9,0.182,-2.353,-1.601
1030.28,0.195,-2.355,-1.604
1030.46,0.225,-2.354,-1.617
1030.64,0.169,-2.352,-1.622
1030.82,0.248,-2.357,-1.62
1031.0,0.201,-2.358,-1.635
1031.19,0.209,-2.36,-1.613
1031.37,0.21,-2.36,-1.634
1031.55,0.235,-2.362,-1.627
1031.73,0.23,-2.362,-1.64
1031.92,0.214,-2.362,-1.638
1032.1,0.239,-2.364,-1.643
1032.28,0.185,-2.364,-1.633
1032.46,0.22,-2.368,-1.63
1032.64,0.215,-2.368,-1.637
1032.83,0.235,-2.37,-1.615
1033.1,0.213,-2.373,-1.625
1033.19,0.216,-2.376,-1.625
1033.37,0.2,-2.379,-1.624
1033.56,0.222,-2.379,-1.631
1033.74,0.188,-2.38,-1.631
1033.92,0.235,-2.387,-1.612
1034.1,0.211,-2.387,-1.62
1034.29,0.216,-2.389,-1.622
1034.47,0.208,-2.389,-1.631
1034.65,0.211,-2.39,-1.626
1034.83,0.226,-2.39,-1.615
1035.1,0.188,-2.391,-1.637
1035.2,0.212,-2.394,-1.624
1035.38,0.213,-2.394,-1.618
1035.56,0.184,-2.395,-1.633
1035.74,0.227,-2.394,-1.615
1035.93,0.196,-2.393,-1.633
1036.11,0.214,-2.394,-1.637
1036.29,0.207,-2.395,-1.63
1036.47,0.24,-2.397,-1.631
1036.65,0.21,-2.397,-1.633
1036.84,0.212,-2.397,-1.642
1037.2,0.214,-2.397,-1.634
1037.2,0.214,-2.402,-1.625
1037.38,0.204,-2.404,-1.636
1037.57,0.215,-2.408,-1.644
1037.75,0.22,-2.41,-1.628
1037.93,0.223,-2.409,-1.644
1038.11,0.227,-2.408,-1.64
1038.29,0.187,-2.411,-1.631
1038.48,0.212,-2.41,-1.626
1038.66,0.206,-2.412,-1.636
1039.21,0.239,-2.413,-1.633
1039.39,0.192,-2.41,-1.629
1039.57,0.239,-2.409,-1.635
1039.75,0.203,-2.413,-1.625
1039.94,0.221,-2.415,-1.615
1040.12,0.196,-2.417,-1.626
1040.3,0.241,-2.419,-1.628
1040.48,0.21,-2.422,-1.632
1040.66,0.22,-2.426,-1.624
1040.85,0.194,-2.424,-1.637
1048.5,0.177,-2.442,-1.589
1048.68,0.22,-2.442,-1.555
1048.87,0.199,-2.447,-1.609
1049.5,0.217,-2.452,-1.609
1049.23,0.226,-2.453,-1.618
1049.41,0.209,-2.453,-1.624
1049.6,0.213,-2.451,-1.638
1049.78,0.183,-2.45,-1.619
1049.96,0.25,-2.45,-1.603
1050.14,0.185,-2.451,-1.639
1050.32,0.236,-2.453,-1.625
1050.51,0.193,-2.453,-1.639
1050.69,0.242,-2.455,-1.623
1050.87,0.218,-2.452,-1.625
1051.5,0.212,-2.454,-1.618
1051.24,0.21,-2.454,-1.605
1051.42,0.21,-2.454,-1.585
1051.6,0.226,-2.453,-1.586
1051.78,0.221,-2.454,-1.622
1051.97,0.208,-2.454,-1.629
1052.15,0.213,-2.459,-1.614
1053.42,0.209,-2.463,-1.636
1053.61,0.202,-2.463,-1.637
1053.79,0.217,-2.462,-1.634
1053.97,0.204,-2.462,-1.622
1054.15,0.222,-2.463,-1.632
1054.33,0.206,-2.462,-1.638
1054.52,0.221,-2.462,-1.641
1054.7,0.215,-2.462,-1.634
1054.88,0.21,-2.464,-1.65
1055.6,0.22,-2.466,-1.625
1055.25,0.204,-2.467,-1.653
1055.43,0.23,-2.469,-1.621
1055.61,0.207,-2.471,-1.645
1055.79,0.226,-2.47,-1.639
1055.98,0.238,-2.468,-1.644
1056.16,0.225,-2.469,-1.645
1056.34,0.223,-2.471,-1.625
1056.52,0.233,-2.471,-1.632
1056.7,0.231,-2.472,-1.629
1056.89,0.221,-2.472,-1.631
1057.7,0.246,-2.473,-1.63
1057.25,0.238,-2.472,-1.626
1057.43,0.231,-2.474,-1.634
1057.62,0.211,-2.477,-1.623
1057.8,0.222,-2.478,-1.626
1057.98,0.217,-2.48,-1.633
1058.16,0.228,-2.481,-1.642
1058.35,0.23,-2.481,-1.632
1058.53,0.206,-2.48,-1.645
1058.71,0.211,-2.481,-1.63
1058.89,0.194,-2.483,-1.624
1059.7,0.213,-2.483,-1.648
1059.26,0.219,-2.485,-1.638
1059.44,0.216,-2.485,-1.643
1059.62,0.207,-2.488,-1.638
1059.8,0.221,-2.485,-1.638
1059.99,0.204,-2.486,-1.628
1060.17,0.211,-2.489,-1.633
1060.35,0.212,-2.492,-1.641
1060.53,0.204,-2.495,-1.642
1060.71,0.2,-2.494,-1.639
1060.9,0.236,-2.494,-1.63
1061.8,0.224,-2.492,-1.648
1061.26,0.209,-2.494,-1.643
1061.44,0.21,-2.494,-1.635
1061.63,0.218,-2.497,-1.646
1061.81,0.215,-2.497,-1.637
1061.99,0.217,-2.495,-1.637
1062.17,0.193,-2.493,-1.642
1062.36,0.218,-2.494,-1.65
1062.54,0.208,-2.493,-1.64
1062.72,0.201,-2.492,-1.639
1062.9,0.216,-2.491,-1.637
1063.8,0.207,-2.493,-1.632
1063.27,0.219,-2.492,-1.615
1063.45,0.205,-2.493,-1.612
1063.63,0.209,-2.496,-1.63
1063.81,0.209,-2.496,-1.617
1064.0,0.216,-2.498,-1.627
1064.18,0.229,-2.498,-1.626
1064.36,0.214,-2.5,-1.636
1064.54,0.208,-2.505,-1.628
1064.73,0.209,-2.506,-1.62
1064.91,0.208,-2.508,-1.626
1065.9,0.199,-2.509,-1.622
1065.27,0.247,-2.51,-1.62
1065.45,0.2,-2.511,-1.643
1065.64,0.228,-2.512,-1.621
1065.82,0.216,-2.513,-1.632
1066.0,0.215,-2.515,-1.65
1066.18,0.22,-2.515,-1.641
1066.37,0.222,-2.516,-1.633
1066.55,0.209,-2.517,-1.629
1066.73,0.199,-2.519,-1.625
1066.91,0.218,-2.521,-1.628
1067.1,0.219,-2.522,-1.636
1067.28,0.22,-2.519,-1.645
1067.46,0.226,-2.521,-1.642
1067.64,0.207,-2.52,-1.631
1067.82,0.23,-2.517,-1.625
1068.1,0.211,-2.518,-1.631
1068.19,0.218,-2.519,-1.621
1068.37,0.218,-2.517,-1.63
1068.55,0.199,-2.518,-1.632
1068.74,0.216,-2.523,-1.641
1068.92,0.222,-2.525,-1.635
1069.1,0.224,-2.524,-1.634
1069.28,0.219,-2.523,-1.612
1069.46,0.222,-2.522,-1.612
1069.65,0.214,-2.522,-1.603
1069.83,0.194,-2.52,-1.603
1070.1,0.222,-2.522,-1.603
1070.19,0.201,-2.525,-1.607
1070.38,0.209,-2.529,-1.605
1070.56,0.218,-2.532,-1.584
1070.74,0.192,-2.532,-1.614
1070.92,0.244,-2.535,-1.586
1071.11,0.199,-2.538,-1.602
1071.83,0.226,-2.545,-1.603
1072.2,0.215,-2.548,-1.612
1072.2,0.212,-2.551,-1.606
1072.38,0.223,-2.552,-1.608
1072.56,0.206,-2.557,-1.613
1072.75,0.23,-2.559,-1.61
1072.93,0.22,-2.556,-1.598
1073.11,0.213,-2.556,-1.606
1073.29,0.229,-2.556,-1.602
1073.47,0.201,-2.554,-1.601
1073.66,0.208,-2.555,-1.598
1073.84,0.222,-2.557,-1.586
1074.2,0.209,-2.559,-1.616
1074.2,0.221,-2.559,-1.587
1074.39,0.22,-2.558,-1.587
1074.57,0.192,-2.56,-1.6
1074.75,0.199,-2.562,-1.591
1074.93,0.224,-2.561,-1.573
1075.12,0.209,-2.561,-1.608
1075.3,0.195,-2.562,-1.585
1075.48,0.197,-2.568,-1.591
1075.66,0.221,-2.569,-1.605
1075.84,0.208,-2.571,-1.578
1076.3,0.246,-2.574,-1.597
1076.21,0.195,-2.574,-1.606
1076.39,0.234,-2.573,-1.596
1076.57,0.21,-2.572,-1.583
1076.76,0.208,-2.573,-1.594
1076.94,0.199,-2.575,-1.591
1077.12,0.209,-2.578,-1.601
1077.3,0.224,-2.578,-1.597
1077.49,0.216,-2.58,-1.591
1077.67,0.218,-2.58,-1.597
1077.85,0.204,-2.579,-1.622
1078.3,0.206,-2.582,-1.607
1078.21,0.221,-2.586,-1.614
1078.4,0.23,-2.588,-1.622
1078.58,0.208,-2.588,-1.62
1078.76,0.219,-2.588,-1.629
1078.94,0.207,-2.588,-1.638
1079.13,0.219,-2.592,-1.633
1083.5,0.203,-2.623,-1.622
1083.68,0.216,-2.623,-1.628
1083.87,0.193,-2.624,-1.636
1084.5,0.233,-2.621,-1.626
1084.23,0.234,-2.619,-1.629
1084.41,0.213,-2.62,-1.621
1084.59,0.209,-2.62,-1.646
1084.78,0.225,-2.619,-1.611
1084.96,0.203,-2.62,-1.63
1085.14,0.216,-2.624,-1.628
1085.32,0.198,-2.625,-1.63
1085.51,0.245,-2.629,-1.624
1085.69,0.199,-2.629,-1.631
1085.87,0.227,-2.631,-1.623
1086.5,0.194,-2.634,-1.628
1086.23,0.208,-2.636,-1.615
1086.42,0.226,-2.64,-1.616
1086.6,0.204,-2.642,-1.614
1086.78,0.197,-2.641,-1.621
1086.96,0.229,-2.643,-1.617
1087.15,0.209,-2.645,-1.616
1087.33,0.229,-2.646,-1.605
1087.51,0.219,-2.652,-1.598
1087.69,0.223,-2.655,-1.596
1087.88,0.207,-2.657,-1.607
1088.6,0.226,-2.657,-1.585
1088.24,0.188,-2.655,-1.582
1088.42,0.228,-2.655,-1.613
1088.6,0.209,-2.657,-1.565
1088.79,0.24,-2.657,-1.579
1088.97,0.181,-2.656,-1.585
1089.15,0.212,-2.655,-1.615
1089.33,0.199,-2.659,-1.592
1089.52,0.239,-2.662,-1.615
1089.7,0.188,-2.665,-1.622
1089.88,0.225,-2.665,-1.6
1090.6,0.202,-2.662,-1.601
1090.24,0.223,-2.662,-1.604
1090.43,0.232,-2.66,-1.6
1094.98,0.224,-2.681,-1.588
1095.17,0.208,-2.68,-1.605
1095.35,0.201,-2.683,-1.586
1095.53,0.191,-2.682,-1.594
1095.71,0.216,-2.681,-1.595
1095.9,0.208,-2.682,-1.553
1096.8,0.225,-2.682,-1.57
1096.26,0.194,-2.681,-1.585
1096.44,0.231,-2.683,-1.572
1096.62,0.234,-2.686,-1.523
1096.81,0.224,-2.689,-1.513
1096.99,0.214,-2.69,-1.52
1097.17,0.243,-2.694,-1.57
1097.35,0.199,-2.697,-1.596
1097.54,0.253,-2.697,-1.576
1097.72,0.209,-2.697,-1.606
1097.9,0.228,-2.7,-1.599
1098.8,0.201,-2.7,-1.591
1098.27,0.223,-2.701,-1.569
1100.9,0.219,-2.714,-1.608
1100.27,0.217,-2.712,-1.58
1100.45,0.211,-2.711,-1.605
1100.63,0.197,-2.712,-1.6
1100.82,0.247,-2.712,-1.598
1101.0,0.194,-2.711,-1.609
1101.18,0.239,-2.712,-1.622
1101.36,0.18,-2.712,-1.612
1101.55,0.242,-2.712,-1.633
1101.73,0.182,-2.713,-1.609
1101.91,0.237,-2.711,-1.598
1102.9,0.181,-2.713,-1.583
1102.46,0.224,-2.716,-1.549
1102.64,0.213,-2.715,-1.594
1102.82,0.227,-2.717,-1.604
1103.0,0.232,-2.717,-1.641
1103.19,0.217,-2.718,-1.629
1103.37,0.222,-2.718,-1.627
1103.55,0.195,-2.716,-1.606
1103.73,0.201,-2.719,-1.602
1103.92,0.186,-2.722,-1.633
1104.1,0.231,-2.725,-1.641
1104.28,0.158,-2.725,-1.627
1104.46,0.245,-2.727,-1.649
1104.65,0.207,-2.727,-1.671
1104.83,0.201,-2.724,-1.604
1105.1,0.206,-2.724,-1.66
1105.19,0.216,-2.728,-1.655
1105.37,0.23,-2.728,-1.603
1105.56,0.188,-2.728,-1.626
1105.74,0.236,-2.732,-1.607
1105.92,0.192,-2.733,-1.602
1106.1,0.224,-2.734,-1.585
1106.29,0.202,-2.732,-1.582
1106.47,0.199,-2.731,-1.611
1106.65,0.249,-2.732,-1.586
1106.83,0.165,-2.732,-1.599
1107.2,0.277,-2.736,-1.591
1107.2,0.176,-2.736,-1.612
1107.38,0.22,-2.733,-1.599
1112.48,0.177,-2.757,-1.594
1112.67,0.197,-2.758,-1.636
1112.85,0.216,-2.761,-1.639
1113.3,0.211,-2.761,-1.629
1113.21,0.232,-2.766,-1.647
1113.4,0.195,-2.77,-1.65
1113.58,0.214,-2.769,-1.633
1113.76,0.191,-2.771,-1.639
1113.94,0.181,-2.768,-1.642
1114.12,0.219,-2.772,-1.638
1114.31,0.192,-2.774,-1.631
1114.49,0.237,-2.773,-1.61
1114.67,0.182,-2.774,-1.634
1114.85,0.235,-2.773,-1.605
1115.4,0.213,-2.77,-1.625
1115.22,0.222,-2.774,-1.579
1117.22,0.219,-2.777,-1.607
1117.41,0.231,-2.783,-1.61
1117.59,0.22,-2.784,-1.6
1117.77,0.238,-2.784,-1.623
1117.95,0.216,-2.782,-1.602
1118.13,0.207,-2.78,-1.618
1118.32,0.234,-2.781,-1.624
1118.5,0.207,-2.781,-1.603
1118.68,0.232,-2.78,-1.603
1118.86,0.21,-2.779,-1.586
1119.5,0.217,-2.785,-1.612
1119.23,0.189,-2.785,-1.606
1119.41,0.212,-2.785,-1.593
1119.59,0.211,-2.783,-1.625
1119.77,0.18,-2.785,-1.616
1119.96,0.239,-2.789,-1.599
1120.14,0.184,-2.792,-1.614
1120.32,0.241,-2.794,-1.595
1120.5,0.182,-2.794,-1.615
1120.69,0.208,-2.799,-1.617
1120.87,0.218,-2.798,-1.614
1121.5,0.21,-2.801,-1.603
1121.23,0.201,-2.8,-1.599
1121.42,0.218,-2.804,-1.588
1121.6,0.169,-2.805,-1.593
1121.78,0.243,-2.808,-1.598
1121.96,0.2,-2.811,-1.618
1122.14,0.232,-2.812,-1.642
1122.33,0.2,-2.811,-1.61
1122.51,0.208,-2.812,-1.607
1122.69,0.229,-2.813,-1.584
1122.87,0.206,-2.816,-1.572
1123.6,0.199,-2.816,-1.602
1123.24,0.244,-2.819,-1.571
1123.42,0.167,-2.82,-1.555
1123.6,0.241,-2.822,-1.525
1123.78,0.194,-2.82,-1.544
1123.97,0.253,-2.82,-1.541
1124.15,0.184,-2.823,-1.588
1124.33,0.215,-2.823,-1.62
1124.51,0.21,-2.82,-1.65
1124.7,0.204,-2.819,-1.664
1124.88,0.231,-2.822,-1.658
1125.6,0.209,-2.823,-1.647
1125.24,0.198,-2.824,-1.649
1125.42,0.211,-2.823,-1.621
1125.61,0.232,-2.826,-1.631
1125.79,0.195,-2.825,-1.633
1125.97,0.217,-2.827,-1.599
1126.15,0.21,-2.831,-1.587
1126.34,0.216,-2.829,-1.598
1126.52,0.208,-2.83,-1.604
1126.7,0.222,-2.829,-1.572
1126.88,0.215,-2.83,-1.549
1127.7,0.22,-2.831,-1.529
1127.25,0.212,-2.829,-1.573
1127.43,0.224,-2.831,-1.591
1127.61,0.201,-2.832,-1.58
1127.79,0.201,-2.832,-1.598
1127.98,0.207,-2.833,-1.585
1128.16,0.209,-2.832,-1.587
1128.34,0.216,-2.832,-1.612
1128.52,0.216,-2.83,-1.604
1128.71,0.209,-2.833,-1.588
1128.89,0.216,-2.83,-1.585
1129.7,0.216,-2.828,-1.578
1129.25,0.21,-2.828,-1.56
1129.43,0.21,-2.83,-1.555
1129.62,0.227,-2.833,-1.565
1129.8,0.21,-2.834,-1.583
1129.98,0.224,-2.834,-1.605
1130.16,0.198,-2.834,-1.61
1130.35,0.219,-2.836,-1.626
1130.53,0.208,-2.839,-1.623
1130.71,0.204,-2.839,-1.612
1130.89,0.231,-2.836,-1.614
1131.7,0.195,-2.834,-1.613
1131.26,0.206,-2.834,-1.594
1131.44,0.228,-2.836,-1.591
1131.62,0.196,-2.836,-1.567
1131.8,0.227,-2.837,-1.593
1131.99,0.206,-2.84,-1.585
1132.17,0.209,-2.841,-1.585
1132.35,0.213,-2.838,-1.573
1132.53,0.225,-2.839,-1.588
1132.72,0.19,-2.842,-1.578
1132.9,0.239,-2.844,-1.58
1133.8,0.195,-2.847,-1.569
1133.26,0.218,-2.849,-1.609
1133.44,0.219,-2.848,-1.612
1133.63,0.227,-2.851,-1.623
1133.81,0.226,-2.849,-1.613
1133.99,0.201,-2.848,-1.635
1134.17,0.232,-2.85,-1.624
1134.36,0.201,-2.849,-1.614
1134.54,0.217,-2.85,-1.607
1134.72,0.198,-2.847,-1.604
1134.9,0.239,-2.847,-1.604
1135.8,0.206,-2.849,-1.609
1135.27,0.217,-2.85,-1.628
1135.45,0.217,-2.85,-1.626
1135.63,0.217,-2.849,-1.603
1135.81,0.226,-2.847,-1.621
1136.0,0.208,-2.845,-1.611
1136.18,0.227,-2.844,-1.606
1136.36,0.221,-2.844,-1.613
1136.54,0.223,-2.847,-1.597
1136.72,0.188,-2.85,-1.597
1136.91,0.22,-2.851,-1.587
1137.9,0.215,-2.851,-1.597
1137.27,0.2,-2.855,-1.605
1137.45,0.203,-2.858,-1.605
1137.64,0.211,-2.859,-1.599
1137.82,0.218,-2.857,-1.6
1138.0,0.204,-2.856,-1.605
1138.18,0.119,-0.14,-1.247
1138.37,0.193,-0.119,-1.268
1138.55,0.246,-0.12,-1.275
1138.73,0.201,-0.12,-1.275
1138.91,0.235,-0.121,-1.271
1139.9,0.193,-0.123,-1.278
1139.28,0.239,-0.125,-1.28
1139.46,0.196,-0.121,-1.27
1139.64,0.233,-0.12,-1.296
1139.82,0.187,-0.12,-1.283
1140.1,0.23,-0.124,-1.296
1140.19,0.216,-0.124,-1.295
1140.37,0.214,-0.122,-1.282
1140.55,0.236,-0.122,-1.282
1140.73,0.195,-0.122,-1.277
1140.92,0.188,-0.125,-1.278
1141.1,0.234,-0.125,-1.257
1141.28,0.195,-0.123,-1.268
1141.46,0.255,-0.126,-1.292
1141.65,0.232,-0.127,-1.298
1141.83,0.207,-0.126,-1.282
1142.1,0.24,-0.129,-1.281
1142.19,0.185,-0.129,-1.281
1142.38,0.256,-0.134,-1.259
1142.56,0.195,-0.135,-1.258
1142.74,0.243,-0.133,-1.262
1142.92,0.185,-0.132,-1.265
1143.1,0.213,-0.129,-1.286
1143.29,0.22,-0.13,-1.245
1143.47,0.183,-0.133,-1.283
1143.65,0.204,-0.139,-1.248
1143.83,0.195,-0.14,-1.272
1144.2,0.255,-0.142,-1.255
1144.2,0.171,-0.142,-1.252
1144.38,0.229,-0.146,-1.247
1144.56,0.207,-0.15,-1.257
1144.74,0.211,-0.154,-1.241
1144.93,0.228,-0.153,-1.236
1145.11,0.226,-0.154,-1.237
1145.29,0.221,-0.156,-1.245
1145.47,0.214,-0.156,-1.263
1145.66,0.212,-0.153,-1.269
1145.84,0.185,-0.153,-1.28
1146.2,0.218,-0.151,-1.276
1146.2,0.204,-0.15,-1.263
1146.38,0.175,-0.152,-1.275
1146.57,0.263,-0.157,-1.279
1146.75,0.196,-0.158,-1.269
1146.93,0.245,-0.158,-1.278
1147.11,0.233,-0.159,-1.271
1147.3,0.205,-0.159,-1.274
1147.48,0.198,-0.159,-1.263
1147.66,0.223,-0.161,-1.259
1147.84,0.189,-0.165,-1.242
1148.3,0.215,-0.166,-1.22
1148.21,0.21,-0.169,-1.229
1148.39,0.204,-0.168,-1.224
1148.57,0.212,-0.169,-1.215
1148.75,0.221,-0.17,-1.221
1148.94,0.229,-0.172,-1.217
1149.12,0.202,-0.172,-1.238
1149.3,0.255,-0.173,-1.224
1149.48,0.208,-0.172,-1.224
1149.67,0.237,-0.17,-1.227
1149.85,0.189,-0.171,-1.228
1150.3,0.217,-0.174,-1.234
1150.21,0.208,-0.176,-1.244
1150.39,0.207,-0.177,-1.225
1150.58,0.208,-0.177,-1.247
1152.58,0.228,-0.183,-1.248
1152.76,0.218,-0.18,-1.215
1152.95,0.197,-0.177,-1.228
1153.13,0.256,-0.182,-1.232
1153.31,0.182,-0.186,-1.268
1153.49,0.236,-0.186,-1.288
1153.67,0.211,-0.19,-1.276
1153.86,0.241,-0.186,-1.294
1154.4,0.186,-0.19,-1.295
1154.22,0.259,-0.19,-1.271
1154.4,0.138,-0.19,-1.256
1154.59,0.28,-0.19,-1.241
1154.77,0.138,-0.194,-1.231
1154.95,0.264,-0.197,-1.249
1155.13,0.181,-0.198,-1.249
1155.31,0.197,-0.193,-1.286
1155.5,0.22,-0.2,-1.278
1155.68,0.209,-0.198,-1.281
1155.86,0.219,-0.201,-1.308
1156.4,0.194,-0.2,-1.277
1156.23,0.193,-0.206,-1.293
1156.41,0.262,-0.208,-1.264
1156.59,0.117,-0.211,-1.287
1156.77,0.285,-0.216,-1.253
1156.96,0.145,-0.214,-1.295
1157.14,0.242,-0.218,-1.301
1157.32,0.187,-0.213,-1.303
1157.5,0.257,-0.213,-1.276
1157.68,0.185,-0.21,-1.295
1157.87,0.262,-0.213,-1.283
1158.5,0.217,-0.211,-1.27
1158.23,0.211,-0.21,-1.275
1158.41,0.234,-0.207,-1.261
1158.6,0.19,-0.206,-1.267
1158.78,0.228,-0.207,-1.277
1158.96,0.209,-0.205,-1.28
1159.14,0.219,-0.203,-1.279
1159.32,0.218,-0.202,-1.295
1159.51,0.252,-0.201,-1.305
1159.69,0.212,-0.199,-1.295
1159.87,0.228,-0.201,-1.274
1160.5,0.178,-0.204,-1.266
1160.24,0.258,-0.208,-1.272
1160.42,0.165,-0.209,-1.279
1160.6,0.239,-0.211,-1.258
1160.78,0.193,-0.208,-1.284
1160.96,0.226,-0.208,-1.27
1161.15,0.195,-0.208,-1.286
1161.33,0.231,-0.211,-1.293
1161.51,0.211,-0.216,-1.272
1161.69,0.207,-0.218,-1.269
1161.88,0.224,-0.219,-1.277
1162.6,0.178,-0.219,-1.282
1162.24,0.212,-0.22,-1.283
1162.42,0.206,-0.221,-1.277
1162.61,0.226,-0.224,-1.284
1162.79,0.212,-0.228,-1.282
1162.97,0.205,-0.232,-1.265
1163.15,0.214,-0.232,-1.3
1163.33,0.193,-0.233,-1.292
1163.52,0.193,-0.231,-1.295
1163.7,0.224,-0.237,-1.278
1163.88,0.209,-0.236,-1.275
1164.6,0.215,-0.238,-1.262
1164.25,0.198,-0.238,-1.271
1164.43,0.223,-0.237,-1.267
1164.61,0.199,-0.238,-1.265
1164.79,0.213,-0.237,-1.265
1164.97,0.238,-0.241,-1.261
1165.16,0.177,-0.241,-1.245
1165.34,0.189,-0.244,-1.267
1165.52,0.212,-0.243,-1.261
1165.7,0.236,-0.246,-1.251
1165.89,0.186,-0.247,-1.263
1166.7,0.243,-0.25,-1.252
1166.25,0.201,-0.25,-1.252
1166.43,0.206,-0.25,-1.254
1166.61,0.22,-0.253,-1.256
1166.8,0.212,-0.252,-1.265
1168.7,0.213,-0.249,-1.272
1168.26,0.228,-0.248,-1.262
1168.44,0.216,-0.248,-1.281
1168.62,0.218,-0.248,-1.273
1168.8,0.216,-0.247,-1.276
1168.98,0.209,-0.245,-1.282
1169.17,0.23,-0.248,-1.259
1169.35,0.217,-0.25,-1.277
1169.53,0.21,-0.25,-1.265
1169.71,0.23,-0.249,-1.267
1169.9,0.204,-0.25,-1.266
1170.8,0.218,-0.25,-1.266
1170.26,0.207,-0.25,-1.26
1170.44,0.23,-0.253,-1.262
1170.62,0.227,-0.251,-1.265
1170.81,0.223,-0.252,-1.27
1170.99,0.201,-0.252,-1.243
1171.17,0.232,-0.254,-1.251
1171.35,0.219,-0.256,-1.264
1171.54,0.211,-0.259,-1.265
1171.72,0.256,-0.259,-1.262
1171.9,0.204,-0.26,-1.259
1172.8,0.233,-0.263,-1.264
1172.26,0.233,-0.263,-1.246
1172.45,0.209,-0.264,-1.235
1172.63,0.221,-0.263,-1.265
1172.81,0.215,-0.265,-1.263
1172.99,0.224,-0.268,-1.247
1173.18,0.207,-0.27,-1.257
1173.36,0.227,-0.27,-1.243
1173.54,0.238,-0.271,-1.263
1173.72,0.227,-0.268,-1.259
1173.9,0.218,-0.271,-1.249
1174.9,0.228,-0.271,-1.25
1174.27,0.218,-0.275,-1.266
1174.45,0.216,-0.276,-1.26
1174.63,0.221,-0.278,-1.259
1174.82,0.188,-0.279,-1.254
1175.0,0.206,-0.279,-1.247
1175.18,0.237,-0.282,-1.237
1175.36,0.221,-0.282,-1.257
1175.55,0.211,-0.282,-1.247
1175.73,0.223,-0.279,-1.263
1175.91,0.222,-0.277,-1.241
1176.9,0.219,-0.275,-1.261
1176.27,0.218,-0.275,-1.249
1176.46,0.226,-0.276,-1.256
1176.64,0.221,-0.279,-1.259
1176.82,0.212,-0.282,-1.252
1177.0,0.225,-0.286,-1.255
1177.19,0.209,-0.288,-1.266
1177.37,0.199,-0.288,-1.258
1177.55,0.216,-0.291,-1.269
1177.73,0.205,-0.293,-1.26
1177.91,0.222,-0.292,-1.262
1178.1,0.201,-0.292,-1.263
1178.28,0.209,-0.292,-1.267
1178.46,0.205,-0.294,-1.256
1178.64,0.201,-0.294,-1.264
1178.83,0.222,-0.294,-1.266
1179.1,0.208,-0.294,-1.267
1179.19,0.193,-0.293,-1.275
1179.37,0.217,-0.295,-1.283
1179.55,0.205,-0.296,-1.276
1179.74,0.223,-0.295,-1.28
1179.92,0.216,-0.297,-1.269
1180.1,0.199,-0.298,-1.276
1180.28,0.212,-0.297,-1.294
1180.47,0.249,-0.297,-1.293
1180.65,0.198,-0.3,-1.289
1180.83,0.223,-0.304,-1.278
1181.1,0.21,-0.307,-1.283
1181.19,0.217,-0.308,-1.285
1181.38,0.187,-0.31,-1.29
1181.56,0.222,-0.311,-1.281
1181.74,0.225,-0.31,-1.283
1181.92,0.197,-0.314,-1.282
1182.11,0.224,-0.315,-1.296
1182.29,0.188,-0.315,-1.308
1182.47,0.229,-0.316,-1.304
1182.65,0.207,-0.314,-1.3
1182.84,0.203,-0.318,-1.282
1183.2,0.206,-0.319,-1.275
1183.2,0.226,-0.319,-1.295
1183.38,0.205,-0.319,-1.287
1183.56,0.223,-0.318,-1.273
1183.75,0.21,-0.317,-1.271
1183.93,0.203,-0.321,-1.266
1184.11,0.201,-0.322,-1.257
1184.29,0.218,-0.321,-1.255
1184.48,0.212,-0.319,-1.261
1184.66,0.213,-0.32,-1.256
1184.84,0.232,-0.323,-1.253
1185.2,0.211,-0.326,-1.254
1185.2,0.205,-0.327,-1.23
1185.39,0.218,-0.33,-1.249
1185.57,0.229,-0.332,-1.255
1185.75,0.216,-0.335,-1.229
1185.93,0.206,-0.337,-1.25
1186.12,0.2,-0.336,-1.249
1186.3,0.206,-0.334,-1.275
1186.48,0.211,-0.334,-1.252
1186.66,0.229,-0.334,-1.284
1186.84,0.228,-0.335,-1.276
1187.3,0.217,-0.336,-1.259
1187.21,0.213,-0.338,-1.275
1187.39,0.198,-0.337,-1.273
1187.57,0.206,-0.338,-1.268
1187.76,0.214,-0.34,-1.267
1187.94,0.231,-0.344,-1.271
1188.12,0.198,-0.347,-1.271
1188.3,0.231,-0.345,-1.256
1188.49,0.206,-0.348,-1.268
1188.67,0.206,-0.352,-1.268
1188.85,0.189,-0.353,-1.265
1189.3,0.197,-0.354,-1.268
1189.21,0.212,-0.354,-1.278
1189.4,0.206,-0.354,-1.273
1189.58,0.221,-0.352,-1.272
1189.76,0.212,-0.353,-1.274
1189.94,0.215,-0.354,-1.27
1190.13,0.21,-0.353,-1.267
1190.31,0.206,-0.355,-1.276
1194.14,0.222,-0.363,-1.277
1194.32,0.218,-0.361,-1.272
1194.5,0.209,-0.361,-1.272
1194.68,0.218,-0.361,-1.282
1194.87,0.232,-0.365,-1.271
1195.5,0.212,-0.366,-1.272
1195.23,0.232,-0.368,-1.267
1195.41,0.217,-0.369,-1.274
1195.59,0.225,-0.371,-1.264
1195.78,0.219,-0.373,-1.276
1195.96,0.216,-0.374,-1.264
1196.14,0.225,-0.379,-1.261
1196.32,0.219,-0.381,-1.254
1196.51,0.208,-0.38,-1.255
1196.69,0.202,-0.383,-1.238
1196.87,0.214,-0.386,-1.253
1197.5,0.204,-0.387,-1.26
1197.24,0.241,-0.389,-1.262
1197.42,0.203,-0.389,-1.261
1197.6,0.235,-0.388,-1.259
1197.78,0.222,-0.391,-1.242
1197.96,0.224,-0.394,-1.24
1198.15,0.228,-0.394,-1.243
1198.33,0.233,-0.395,-1.251
1198.51,0.215,-0.393,-1.268
1198.69,0.232,-0.395,-1.254
1198.88,0.201,-0.399,-1.267
1199.6,0.239,-0.399,-1.256
1199.24,0.222,-0.399,-1.259
1199.42,0.219,-0.398,-1.248
1199.6,0.204,-0.399,-1.256
1199.79,0.219,-0.402,-1.236
1199.97,0.203,-0.405,-1.244
1200.15,0.211,-0.408,-1.231
1200.33,0.213,-0.409,-1.232
1200.52,0.218,-0.412,-1.221
1200.7,0.216,-0.413,-1.241
1200.88,0.237,-0.416,-1.224
1204.34,0.239,-0.429,-1.282
1204.53,0.223,-0.432,-1.27
1204.71,0.239,-0.432,-1.263
1204.89,0.207,-0.433,-1.264
1205.7,0.238,-0.435,-1.241
1205.26,0.211,-0.436,-1.234
1205.44,0.214,-0.437,-1.229
1205.62,0.237,-0.438,-1.227
1205.8,0.203,-0.441,-1.245
1205.98,0.233,-0.444,-1.255
1206.17,0.203,-0.446,-1.254
1206.35,0.243,-0.447,-1.259
1206.53,0.191,-0.446,-1.246
1206.71,0.232,-0.449,-1.238
1206.9,0.231,-0.451,-1.235
1207.8,0.216,-0.453,-1.221
1207.26,0.219,-0.452,-1.208
1207.44,0.211,-0.452,-1.219
1207.63,0.224,-0.455,-1.223
1207.81,0.203,-0.456,-1.238
1207.99,0.24,-0.458,-1.223
1208.17,0.188,-0.457,-1.236
1208.35,0.227,-0.456,-1.214
1208.54,0.203,-0.458,-1.233
1208.72,0.223,-0.457,-1.236
1208.9,0.218,-0.455,-1.247
1209.8,0.241,-0.458,-1.256
1209.27,0.214,-0.458,-1.25
1209.45,0.204,-0.454,-1.256
1209.63,0.223,-0.456,-1.258
1209.81,0.208,-0.459,-1.242
1209.99,0.247,-0.464,-1.248
1210.18,0.217,-0.467,-1.249
1210.36,0.228,-0.469,-1.255
1210.54,0.198,-0.468,-1.259
1210.72,0.226,-0.469,-1.245
1210.91,0.199,-0.472,-1.25
1211.9,0.233,-0.472,-1.259
1211.27,0.198,-0.473,-1.258
1211.45,0.209,-0.472,-1.255
1211.64,0.196,-0.471,-1.243
1211.82,0.23,-0.472,-1.259
1212.0,0.206,-0.473,-1.256
1212.18,0.233,-0.473,-1.265
1212.36,0.21,-0.474,-1.248
1212.55,0.206,-0.475,-1.26
1212.73,0.225,-0.478,-1.272
1212.91,0.235,-0.481,-1.256
1213.9,0.214,-0.482,-1.25
1213.28,0.199,-0.483,-1.263
1213.46,0.234,-0.484,-1.258
1213.64,0.213,-0.486,-1.263
1213.82,0.223,-0.487,-1.26
1214.1,0.222,-0.49,-1.236
1214.19,0.196,-0.492,-1.227
1214.37,0.229,-0.494,-1.24
1214.55,0.218,-0.492,-1.253
1214.73,0.205,-0.494,-1.286
1218.74,0.228,-0.513,-1.258
1218.93,0.194,-0.512,-1.26
1219.11,0.245,-0.514,-1.25
1219.29,0.184,-0.514,-1.252
1219.47,0.221,-0.514,-1.255
1219.66,0.192,-0.514,-1.257
1219.84,0.241,-0.511,-1.264
1220.2,0.194,-0.508,-1.259
1220.2,0.199,-0.508,-1.251
1220.38,0.24,-0.507,-1.244
1220.57,0.203,-0.505,-1.266
1220.75,0.229,-0.506,-1.264
1220.93,0.214,-0.505,-1.268
1221.11,0.223,-0.504,-1.276
1221.3,0.214,-0.508,-1.287
1221.48,0.21,-0.511,-1.3
1221.66,0.215,-0.513,-1.28
1221.84,0.185,-0.512,-1.293
1222.3,0.223,-0.51,-1.274
1222.21,0.207,-0.512,-1.293
1222.39,0.212,-0.512,-1.281
1222.57,0.21,-0.516,-1.271
1222.75,0.213,-0.515,-1.265
1222.94,0.228,-0.516,-1.279
1223.12,0.205,-0.515,-1.283
1223.3,0.228,-0.516,-1.274
1223.48,0.226,-0.518,-1.278
1223.67,0.232,-0.517,-1.287
1223.85,0.208,-0.518,-1.279
1224.3,0.218,-0.519,-1.29
1224.21,0.204,-0.521,-1.268
1224.39,0.208,-0.52,-1.288
1224.58,0.208,-0.52,-1.286
1224.76,0.208,-0.522,-1.287
1224.94,0.234,-0.523,-1.249
1225.12,0.212,-0.525,-1.26
1225.31,0.195,-0.526,-1.274
1225.49,0.228,-0.528,-1.264
1225.67,0.212,-0.53,-1.262
1225.85,0.224,-0.536,-1.267
1226.3,0.208,-0.537,-1.246
1226.22,0.231,-0.538,-1.255
1226.4,0.171,-0.537,-1.256
1226.58,0.236,-0.537,-1.259
1228.4,0.219,-0.546,-1.273
1228.59,0.212,-0.548,-1.288
1228.77,0.216,-0.549,-1.277
1228.95,0.208,-0.55,-1.282
1229.13,0.22,-0.551,-1.277
1229.32,0.225,-0.552,-1.263
1229.5,0.184,-0.551,-1.275
1229.68,0.223,-0.551,-1.27
1229.86,0.224,-0.552,-1.281
1230.4,0.213,-0.551,-1.278
1230.23,0.208,-0.554,-1.28
1230.41,0.22,-0.556,-1.275
1230.59,0.211,-0.558,-1.275
1230.77,0.205,-0.558,-1.275
1230.96,0.211,-0.556,-1.274
1231.14,0.229,-0.554,-1.28
1231.32,0.207,-0.552,-1.27
1231.5,0.218,-0.553,-1.279
1231.68,0.203,-0.556,-1.264
1231.87,0.216,-0.554,-1.272
1232.5,0.219,-0.554,-1.259
1232.23,0.217,-0.559,-1.272
1232.41,0.231,-0.563,-1.288
1232.6,0.207,-0.566,-1.278
1232.78,0.197,-0.565,-1.298
1232.96,0.245,-0.564,-1.276
1233.14,0.197,-0.562,-1.293
1233.33,0.228,-0.561,-1.288
1233.51,0.208,-0.561,-1.276
1233.69,0.207,-0.56,-1.275
1233.87,0.229,-0.562,-1.29
1234.5,0.197,-0.561,-1.287
1234.24,0.211,-0.56,-1.281
1234.42,0.213,-0.56,-1.269
1234.6,0.201,-0.565,-1.276
1234.78,0.214,-0.567,-1.266
1234.97,0.202,-0.566,-1.276
1235.15,0.225,-0.57,-1.251
1235.33,0.205,-0.57,-1.264
1235.51,0.222,-0.574,-1.255
1235.69,0.239,-0.578,-1.236
1238.6,0.216,-0.588,-1.218
1238.25,0.22,-0.589,-1.215
1238.43,0.22,-0.591,-1.242
1238.61,0.225,-0.592,-1.248
1238.79,0.213,-0.593,-1.221
1238.98,0.218,-0.595,-1.256
1239.16,0.206,-0.592,-1.25
1239.34,0.219,-0.595,-1.278
1239.52,0.224,-0.598,-1.287
1239.7,0.186,-0.599,-1.284
1239.89,0.21,-0.6,-1.265
1240.7,0.195,-0.603,-1.269
1240.25,0.207,-0.603,-1.285
1240.43,0.216,-0.604,-1.27
1240.62,0.2,-0.604,-1.269
1240.8,0.208,-0.605,-1.279
1240.98,0.208,-0.607,-1.269
1241.16,0.228,-0.606,-1.253
1241.35,0.22,-0.604,-1.24
1241.53,0.231,-0.607,-1.255
1241.71,0.204,-0.608,-1.254
1241.89,0.209,-0.61,-1.262
1242.7,0.205,-0.607,-1.289
1242.26,0.206,-0.606,-1.273
1242.44,0.221,-0.605,-1.293
1244.26,0.225,-0.616,-1.253
1244.44,0.222,-0.615,-1.257
1244.63,0.205,-0.612,-1.271
1244.81,0.211,-0.615,-1.258
1244.99,0.228,-0.616,-1.268
1245.17,0.218,-0.619,-1.272
1245.36,0.201,-0.619,-1.264
1245.54,0.197,-0.622,-1.27
1245.72,0.212,-0.621,-1.249
1245.9,0.231,-0.623,-1.249
1246.8,0.217,-0.625,-1.247
1246.27,0.223,-0.629,-1.257
1246.45,0.212,-0.631,-1.25
1246.63,0.23,-0.633,-1.258
1246.81,0.208,-0.634,-1.255
1248.9,0.212,-0.642,-1.255
1248.27,0.228,-0.645,-1.241
1248.45,0.229,-0.646,-1.256
1248.64,0.227,-0.646,-1.242
1248.82,0.22,-0.646,-1.249
1249.0,0.209,-0.649,-1.243
1249.18,0.219,-0.652,-1.249
1249.37,0.214,-0.656,-1.247
1249.55,0.213,-0.66,-1.262
1249.73,0.216,-0.659,-1.262
1249.91,0.217,-0.661,-1.265
1250.9,0.201,-0.662,-1.265
1250.28,0.208,-0.664,-1.262
1250.46,0.21,-0.666,-1.252
1250.64,0.221,-0.67,-1.233
1250.82,0.215,-0.674,-1.246
1251.1,0.221,-0.677,-1.234
1251.19,0.214,-0.68,-1.251
1251.37,0.231,-0.683,-1.248
1251.55,0.219,-0.682,-1.242
1251.73,0.219,-0.683,-1.237
1251.92,0.226,-0.684,-1.255
1252.1,0.214,-0.683,-1.255
1252.28,0.218,-0.683,-1.265
1252.46,0.205,-0.687,-1.255
1252.65,0.211,-0.689,-1.271
1252.83,0.228,-0.69,-1.273
1253.1,0.196,-0.693,-1.271
1253.19,0.217,-0.694,-1.258
1253.37,0.199,-0.692,-1.269
1253.56,0.214,-0.694,-1.265
1253.74,0.211,-0.696,-1.263
1253.92,0.205,-0.699,-1.266
1254.1,0.219,-0.704,-1.256
1254.29,0.21,-0.701,-1.266
1254.47,0.205,-0.7,-1.259
1254.65,0.231,-0.703,-1.278
1254.83,0.204,-0.703,-1.279
1255.2,0.212,-0.705,-1.271
1255.2,0.229,-0.705,-1.286
1255.38,0.195,-0.708,-1.289
1255.56,0.203,-0.705,-1.286
1255.74,0.222,-0.703,-1.28
1255.93,0.218,-0.705,-1.262
1256.11,0.234,-0.708,-1.248
1256.29,0.208,-0.708,-1.255
1256.47,0.234,-0.709,-1.244
1256.66,0.237,-0.708,-1.251
1256.84,0.21,-0.711,-1.255
1257.2,0.226,-0.712,-1.245
1257.2,0.209,-0.712,-1.273
1257.38,0.228,-0.716,-1.264
1257.57,0.222,-0.716,-1.271
1257.75,0.217,-0.715,-1.266
1257.93,0.2,-0.719,-1.271
1258.11,0.237,-0.725,-1.273
1258.3,0.206,-0.728,-1.247
1258.48,0.215,-0.73,-1.265
1258.66,0.223,-0.731,-1.26
1258.84,0.219,-0.736,-1.255
1259.3,0.208,-0.737,-1.274
1259.21,0.234,-0.741,-1.247
1259.39,0.21,-0.742,-1.251
1259.57,0.232,-0.742,-1.267
1259.75,0.213,-0.743,-1.254
1259.94,0.212,-0.742,-1.254
1260.12,0.219,-0.743,-1.256
1260.3,0.19,-0.745,-1.252
1260.48,0.221,-0.747,-1.257
1264.49,0.194,-0.775,-1.256
1264.68,0.233,-0.774,-1.258
1264.86,0.203,-0.776,-1.247
1265.4,0.227,-0.774,-1.249
1265.22,0.196,-0.777,-1.252
1265.4,0.221,-0.779,-1.265
1265.59,0.206,-0.778,-1.261
1265.77,0.225,-0.778,-1.279
1265.95,0.224,-0.779,-1.266
1266.13,0.207,-0.781,-1.278
1266.32,0.198,-0.783,-1.287
1266.5,0.192,-0.785,-1.297
1266.68,0.23,-0.788,-1.29
1266.86,0.186,-0.788,-1.289
1267.4,0.206,-0.789,-1.291
1267.23,0.214,-0.789,-1.289
1267.41,0.21,-0.79,-1.289
1267.59,0.207,-0.791,-1.278
1267.77,0.212,-0.793,-1.279
1267.96,0.219,-0.793,-1.275
1268.14,0.204,-0.794,-1.275
1268.32,0.197,-0.796,-1.289
1268.5,0.206,-0.797,-1.29
1268.68,0.213,-0.797,-1.298
1272.69,0.223,-0.812,-1.278
1272.88,0.196,-0.813,-1.276
1273.6,0.215,-0.814,-1.28
1273.24,0.217,-0.815,-1.271
1273.42,0.21,-0.816,-1.285
1273.6,0.222,-0.816,-1.283
1273.79,0.212,-0.816,-1.281
1273.97,0.219,-0.817,-1.269
1274.15,0.186,-0.82,-1.266
1274.33,0.207,-0.822,-1.266
1274.52,0.199,-0.824,-1.262
1274.7,0.21,-0.826,-1.266
1274.88,0.198,-0.827,-1.258
1275.6,0.206,-0.826,-1.269
1275.24,0.216,-0.825,-1.264
1275.43,0.203,-0.827,-1.251
1275.61,0.213,-0.829,-1.262
1275.79,0.198,-0.828,-1.259
1275.97,0.215,-0.83,-1.245
1276.16,0.236,-0.834,-1.244
1276.34,0.194,-0.833,-1.248
1276.52,0.208,-0.834,-1.254
1276.7,0.23,-0.834,-1.253
1276.88,0.217,-0.836,-1.238
1277.7,0.213,-0.838,-1.24
1277.25,0.216,-0.838,-1.235
1277.43,0.205,-0.838,-1.263
1277.61,0.224,-0.838,-1.257
1277.8,0.196,-0.84,-1.227
1277.98,0.237,-0.838,-1.221
1278.16,0.196,-0.84,-1.243
1278.34,0.225,-0.839,-1.237
1278.53,0.21,-0.842,-1.261
1278.71,0.213,-0.842,-1.253
1278.89,0.225,-0.845,-1.248
1283.8,0.218,-0.857,-1.265
1283.26,0.21,-0.855,-1.26
1283.45,0.206,-0.853,-1.274
1283.63,0.194,-0.851,-1.269
1283.81,0.215,-0.85,-1.298
1283.99,0.205,-0.853,-1.296
1284.17,0.199,-0.855,-1.29
1284.36,0.223,-0.856,-1.276
1284.54,0.214,-0.857,-1.298
1284.72,0.198,-0.857,-1.288
1284.9,0.201,-0.861,-1.306
1285.9,0.219,-0.86,-1.302
1285.27,0.211,-0.864,-1.285
1285.45,0.209,-0.864,-1.257
1285.63,0.225,-0.863,-1.24
1285.82,0.216,-0.865,-1.232
1286.0,0.194,-0.865,-1.241
1286.18,0.213,-0.867,-1.262
1286.36,0.202,-0.866,-1.261
1286.54,0.198,-0.864,-1.263
1286.73,0.215,-0.865,-1.262
1286.91,0.221,-0.865,-1.264
1288.73,0.199,-0.882,-1.285
1288.91,0.199,-0.881,-1.282
1289.1,0.221,-0.88,-1.287
1289.28,0.21,-0.882,-1.275
1289.46,0.22,-0.884,-1.288
1289.64,0.186,-0.886,-1.271
1289.83,0.202,-0.887,-1.284
1290.1,0.214,-0.888,-1.291
1290.19,0.218,-0.888,-1.289
1290.37,0.189,-0.886,-1.268
1290.55,0.224,-0.886,-1.279
1290.74,0.191,-0.886,-1.279
1290.92,0.249,-0.889,-1.266
1291.1,0.202,-0.89,-1.25
1291.28,0.245,-0.891,-1.255
1291.47,0.175,-0.889,-1.234
1291.65,0.219,-0.894,-1.247
1291.83,0.201,-0.898,-1.232
1292.1,0.221,-0.899,-1.229
1292.2,0.211,-0.904,-1.236
1292.38,0.191,-0.908,-1.225
1292.56,0.198,-0.907,-1.234
1292.74,0.196,-0.911,-1.242
1292.92,0.2,-0.91,-1.254
1293.11,0.226,-0.913,-1.264
1293.29,0.194,-0.912,-1.287
1293.47,0.223,-0.914,-1.265
1293.65,0.207,-0.912,-1.28
1293.84,0.202,-0.912,-1.274
1294.2,0.189,-0.914,-1.276
1294.2,0.209,-0.913,-1.278
1294.38,0.218,-0.913,-1.276
1294.56,0.211,-0.917,-1.276
1294.75,0.212,-0.917,-1.267
1294.93,0.213,-0.918,-1.282
1295.11,0.186,-0.921,-1.272
1295.29,0.217,-0.925,-1.284
1295.48,0.218,-0.927,-1.287
1295.66,0.218,-0.93,-1.273
1295.84,0.212,-0.93,-1.283
1296.2,0.205,-0.932,-1.286
1296.2,0.206,-0.934,-1.279
1296.39,0.215,-0.935,-1.266
1296.57,0.209,-0.934,-1.274
1296.75,0.207,-0.936,-1.273
1296.93,0.208,-0.937,-1.277
1297.12,0.217,-0.937,-1.268
1297.3,0.222,-0.937,-1.265
1297.48,0.217,-0.941,-1.267
1297.66,0.2,-0.942,-1.267
1297.85,0.214,-0.941,-1.258
1298.3,0.195,-0.941,-1.275
1298.21,0.209,-0.943,-1.276
1298.39,0.229,-0.942,-1.283
1298.57,0.217,-0.943,-1.278
1298.76,0.194,-0.947,-1.266
1298.94,0.21,-0.948,-1.27
1299.12,0.222,-0.95,-1.278
1299.3,0.202,-0.953,-1.287
1299.49,0.208,-0.953,-1.27
1299.67,0.198,-0.955,-1.276
1299.85,0.216,-0.954,-1.271
1300.3,0.197,-0.956,-1.279
1300.21,0.233,-0.957,-1.257
1300.4,0.205,-0.959,-1.27
1300.58,0.222,-0.962,-1.244
1300.76,0.223,-0.963,-1.224
1300.94,0.209,-0.965,-1.242
1301.13,0.206,-0.965,-1.24
1301.31,0.204,-0.968,-1.236
1301.49,0.227,-0.971,-1.249
1301.67,0.21,-0.972,-1.259
1301.86,0.197,-0.975,-1.224
1302.4,0.229,-0.978,-1.222
1302.22,0.22,-0.98,-1.226
1302.4,0.213,-0.981,-1.231
1302.58,0.213,-0.982,-1.206
1302.77,0.225,-0.985,-1.195
1302.95,0.226,-0.988,-1.192
1303.13,0.236,-0.99,-1.22
1303.31,0.208,-0.993,-1.241
1303.5,0.228,-0.993,-1.251
1303.68,0.205,-0.994,-1.25
1303.86,0.214,-0.994,-1.252
1304.4,0.225,-0.999,-1.255
1304.22,0.212,-0.998,-1.255
1304.41,0.217,-0.999,-1.242
1304.59,0.205,-1.003,-1.248
1304.77,0.226,-1.003,-1.235
1304.95,0.226,-1.005,-1.222
1305.14,0.205,-1.005,-1.245
1305.32,0.224,-1.005,-1.228
1305.5,0.221,-1.004,-1.201
1305.68,0.214,-1.004,-1.204
1305.87,0.207,-1.006,-1.212
1306.5,0.195,-1.007,-1.236
1306.23,0.207,-1.006,-1.228
1306.41,0.221,-1.003,-1.223
1306.59,0.21,-1.003,-1.242
1306.78,0.212,-1.006,-1.254
1306.96,0.2,-1.007,-1.251
1307.14,0.214,-1.006,-1.275
1307.32,0.239,-1.006,-1.269
1307.51,0.211,-1.008,-1.254
1307.69,0.226,-1.008,-1.249
1307.87,0.215,-1.011,-1.242
1308.5,0.219,-1.011,-1.219
1308.23,0.201,-1.013,-1.194
1308.42,0.238,-1.013,-1.189
1308.6,0.207,-1.015,-1.191
1308.78,0.22,-1.017,-1.224
1308.96,0.227,-1.02,-1.265
1309.15,0.211,-1.022,-1.263
1309.33,0.215,-1.022,-1.276
1309.51,0.213,-1.022,-1.26
1309.69,0.199,-1.024,-1.266
1309.87,0.222,-1.025,-1.274
1310.6,0.216,-1.025,-1.273
1310.24,0.234,-1.026,-1.254
1310.42,0.2,-1.028,-1.266
1310.6,0.222,-1.029,-1.256
1310.79,0.216,-1.03,-1.275
1310.97,0.21,-1.031,-1.265
1311.15,0.211,-1.03,-1.262
1311.33,0.217,-1.03,-1.258
1311.52,0.21,-1.029,-1.282
1311.7,0.227,-1.031,-1.273
1311.88,0.222,-1.033,-1.277
1312.6,0.206,-1.035,-1.281
1312.24,0.212,-1.037,-1.281
1312.43,0.21,-1.041,-1.271
1312.61,0.224,-1.042,-1.272
1312.79,0.217,-1.041,-1.276
1312.97,0.205,-1.041,-1.281
1313.16,0.218,-1.044,-1.29
1313.34,0.212,-1.045,-1.273
1313.52,0.215,-1.045,-1.282
1313.7,0.218,-1.048,-1.28
1313.88,0.217,-1.048,-1.259
1314.7,0.233,-1.05,-1.277
1314.25,0.22,-1.051,-1.278
1314.43,0.208,-1.052,-1.264
1314.61,0.227,-1.057,-1.267
1314.8,0.23,-1.058,-1.269
1314.98,0.22,-1.059,-1.269
1315.16,0.219,-1.058,-1.256
1315.34,0.222,-1.056,-1.264
1315.52,0.237,-1.053,-1.258
1315.71,0.236,-1.057,-1.267
1315.89,0.225,-1.06,-1.268
1316.7,0.201,-1.061,-1.259
1316.25,0.217,-1.064,-1.276
1316.44,0.215,-1.064,-1.257
1316.62,0.218,-1.063,-1.261
1316.8,0.236,-1.064,-1.262
1316.98,0.203,-1.068,-1.272
1317.16,0.229,-1.071,-1.266
1317.35,0.205,-1.072,-1.264
1317.53,0.227,-1.069,-1.247
1317.71,0.203,-1.067,-1.275
1317.89,0.241,-1.068,-1.258
1318.8,0.194,-1.069,-1.261
1318.26,0.22,-1.07,-1.26
1318.44,0.204,-1.072,-1.273
1318.62,0.235,-1.076,-1.263
1318.81,0.204,-1.078,-1.262
1318.99,0.226,-1.078,-1.262
1319.17,0.221,-1.082,-1.28
1319.35,0.216,-1.081,-1.243
1319.53,0.204,-1.081,-1.282
1319.72,0.23,-1.084,-1.289
1319.9,0.221,-1.081,-1.27
1320.8,0.233,-1.083,-1.265
1320.26,0.192,-1.083,-1.252
1320.45,0.211,-1.084,-1.251
1320.63,0.23,-1.085,-1.258
1324.45,0.212,-1.117,-1.251
1324.64,0.215,-1.117,-1.262
1324.82,0.201,-1.117,-1.259
1325.0,0.221,-1.119,-1.257
1325.18,0.205,-1.12,-1.221
1325.37,0.229,-1.119,-1.236
1325.55,0.2,-1.122,-1.278
1325.73,0.188,-1.124,-1.269
1325.91,0.227,-1.125,-1.239
1326.9,0.201,-1.126,-1.269
1326.28,0.192,-1.128,-1.257
1326.46,0.208,-1.129,-1.258
1326.64,0.211,-1.13,-1.259
1326.82,0.204,-1.133,-1.251
1327.0,0.215,-1.132,-1.245
1327.19,0.213,-1.135,-1.24
1327.37,0.203,-1.137,-1.243
1327.55,0.222,-1.137,-1.236
1327.73,0.212,-1.138,-1.204
1327.92,0.219,-1.14,-1.21
1328.1,0.206,-1.141,-1.215
1328.28,0.226,-1.146,-1.217
1328.46,0.228,-1.145,-1.209
1328.64,0.22,-1.146,-1.212
1328.83,0.23,-1.144,-1.216
1329.1,0.223,-1.143,-1.225
1329.19,0.23,-1.146,-1.238
1329.37,0.229,-1.149,-1.239
1329.56,0.215,-1.148,-1.259
1329.74,0.209,-1.147,-1.25
1329.92,0.213,-1.144,-1.229
1330.1,0.232,-1.148,-1.185
1330.29,0.217,-1.151,-1.176
1330.47,0.21,-1.153,-1.177
1330.65,0.209,-1.155,-1.184
1330.83,0.227,-1.154,-1.21
1331.1,0.222,-1.153,-1.202
1331.2,0.205,-1.153,-1.199
1331.38,0.224,-1.155,-1.211
1331.56,0.202,-1.153,-1.239
1331.74,0.217,-1.155,-1.246
1331.93,0.199,-1.155,-1.225
1332.11,0.22,-1.155,-1.232
1332.29,0.238,-1.154,-1.222
1332.47,0.234,-1.154,-1.219
1332.65,0.196,-1.154,-1.226
1332.84,0.204,-1.154,-1.225
1333.2,0.235,-1.155,-1.248
1333.2,0.209,-1.153,-1.245
1333.38,0.231,-1.153,-1.244
1333.57,0.213,-1.152,-1.252
1333.75,0.228,-1.152,-1.269
1333.93,0.226,-1.151,-1.25
1334.11,0.226,-1.151,-1.268
1334.29,0.226,-1.151,-1.268
1334.48,0.239,-1.151,-1.249
1334.66,0.226,-1.153,-1.253
1334.84,0.221,-1.153,-1.257
1335.2,0.208,-1.154,-1.279
1335.21,0.22,-1.158,-1.277
1335.39,0.228,-1.159,-1.286
1335.57,0.211,-1.16,-1.301
1335.75,0.226,-1.163,-1.283
1335.93,0.213,-1.164,-1.285
1336.12,0.223,-1.165,-1.273
1336.3,0.213,-1.167,-1.281
1336.48,0.22,-1.166,-1.277
1336.66,0.221,-1.168,-1.288
1336.85,0.216,-1.17,-1.276
1337.3,0.206,-1.171,-1.264
1337.21,0.215,-1.174,-1.286
1337.39,0.201,-1.174,-1.279
1337.58,0.217,-1.175,-1.273
1337.76,0.206,-1.178,-1.266
1340.49,0.213,-1.174,-1.225
1340.67,0.247,-1.174,-1.239
1340.86,0.213,-1.177,-1.254
1341.4,0.235,-1.176,-1.26
1341.22,0.219,-1.18,-1.271
1341.4,0.216,-1.184,-1.259
1341.58,0.208,-1.186,-1.266
1341.77,0.211,-1.186,-1.257
1341.95,0.232,-1.187,-1.258
1342.13,0.215,-1.187,-1.251
1342.31,0.217,-1.188,-1.267
1342.5,0.213,-1.188,-1.266
1342.68,0.211,-1.188,-1.267
1342.86,0.209,-1.19,-1.261
1343.4,0.22,-1.19,-1.257
1343.23,0.199,-1.193,-1.264
1343.41,0.211,-1.196,-1.27
1343.59,0.197,-1.193,-1.269
1343.77,0.198,-1.194,-1.277
1343.95,0.202,-1.196,-1.272
1344.14,0.204,-1.196,-1.276
1344.32,0.209,-1.196,-1.282
1344.5,0.208,-1.197,-1.248
1344.68,0.209,-1.199,-1.209
1344.87,0.214,-1.2,-1.212
1345.5,0.2,-1.199,-1.211
1345.23,0.228,-1.201,-1.225
1345.41,0.195,-1.201,-1.257
1345.59,0.213,-1.201,-1.258
1345.78,0.203,-1.201,-1.259
1345.96,0.217,-1.205,-1.262
1346.14,0.226,-1.206,-1.265
1346.32,0.231,-1.204,-1.258
1346.51,0.219,-1.204,-1.271
1346.69,0.239,-1.203,-1.254
1346.87,0.217,-1.204,-1.271
1347.5,0.203,-1.202,-1.267
1347.23,0.206,-1.201,-1.274
1347.42,0.213,-1.198,-1.265
1347.6,0.208,-1.196,-1.266
1347.78,0.215,-1.195,-1.259
1347.96,0.209,-1.195,-1.268
1348.15,0.235,-1.196,-1.27
1348.33,0.233,-1.196,-1.263
1348.51,0.206,-1.199,-1.276
1348.69,0.208,-1.197,-1.28
1348.87,0.218,-1.198,-1.276
1349.6,0.219,-1.199,-1.286
1349.24,0.209,-1.199,-1.285
1349.42,0.203,-1.197,-1.268
1349.6,0.214,-1.196,-1.287
1349.79,0.217,-1.198,-1.281
1349.97,0.209,-1.201,-1.277
1350.15,0.211,-1.199,-1.274
1350.33,0.203,-1.199,-1.261
1350.52,0.231,-1.2,-1.272
1350.7,0.22,-1.197,-1.283
1350.88,0.219,-1.198,-1.272
1351.6,0.215,-1.198,-1.257
1351.24,0.201,-1.199,-1.268
1351.43,0.21,-1.202,-1.264
1351.61,0.225,-1.203,-1.251
1351.79,0.233,-1.205,-1.252
1351.97,0.207,-1.204,-1.243
1352.16,0.226,-1.202,-1.243
1352.34,0.235,-1.203,-1.244
1352.52,0.204,-1.203,-1.249
1352.7,0.217,-1.205,-1.263
1352.88,0.218,-1.21,-1.273
1353.7,0.212,-1.208,-1.265
1353.25,0.223,-1.209,-1.289
1353.43,0.189,-1.208,-1.293
1353.61,0.237,-1.209,-1.275
1353.8,0.197,-1.21,-1.271
1353.98,0.263,-1.211,-1.282
1354.16,0.207,-1.212,-1.288
1354.34,0.245,-1.211,-1.282
1354.52,0.203,-1.21,-1.26
1354.71,0.248,-1.212,-1.296
1357.81,0.227,-1.237,-1.258
1357.99,0.209,-1.237,-1.265
1358.17,0.216,-1.238,-1.272
1358.35,0.19,-1.236,-1.239
1358.53,0.211,-1.238,-1.261
1358.72,0.211,-1.236,-1.26
1358.9,0.202,-1.237,-1.275
1359.8,0.232,-1.241,-1.275
1359.26,0.219,-1.238,-1.272
1359.45,0.206,-1.241,-1.275
1359.63,0.21,-1.243,-1.267
1359.81,0.207,-1.245,-1.267
1359.99,0.205,-1.246,-1.271
1360.18,0.206,-1.248,-1.277
1360.36,0.246,-1.25,-1.278
1360.54,0.21,-1.25,-1.258
1360.72,0.207,-1.251,-1.275
1360.9,0.224,-1.256,-1.284
1361.9,0.187,-1.255,-1.268
1361.27,0.239,-1.254,-1.253
1361.45,0.23,-1.254,-1.253
1361.63,0.231,-1.257,-1.265
1361.82,0.218,-1.257,-1.264
1362.0,0.226,-1.256,-1.268
1362.18,0.207,-1.255,-1.246
1362.36,0.205,-1.257,-1.263
1362.54,0.216,-1.26,-1.254
1362.73,0.22,-1.262,-1.238
1362.91,0.214,-1.263,-1.242
1363.9,0.212,-1.259,-1.246
1363.27,0.188,-1.259,-1.249
1363.46,0.213,-1.263,-1.26
1363.64,0.199,-1.266,-1.271
1363.82,0.213,-1.264,-1.271
1364.0,0.215,-1.263,-1.271
1364.19,0.203,-1.259,-1.254
1364.37,0.208,-1.26,-1.264
1364.55,0.201,-1.261,-1.283
1364.73,0.221,-1.264,-1.255
1365.64,0.211,-1.264,-1.298
1365.83,0.214,-1.263,-1.289
1366.1,0.217,-1.263,-1.292
1366.19,0.217,-1.263,-1.291
1366.37,0.213,-1.262,-1.293
1366.55,0.204,-1.261,-1.292
1366.74,0.238,-1.261,-1.309
1366.92,0.212,-1.263,-1.295
1367.1,0.208,-1.259,-1.296
1367.28,0.217,-1.262,-1.308
1367.47,0.203,-1.265,-1.309
1367.65,0.242,-1.269,-1.285
1367.83,0.216,-1.271,-1.294
1368.1,0.207,-1.272,-1.289
1368.19,0.216,-1.272,-1.285
1368.38,0.219,-1.271,-1.271
1368.56,0.222,-1.273,-1.264
1368.74,0.198,-1.279,-1.295
1368.92,0.219,-1.277,-1.292
1369.11,0.236,-1.277,-1.29
1369.29,0.207,-1.279,-1.291
1369.47,0.217,-1.279,-1.281
1369.65,0.251,-1.28,-1.291
1369.84,0.208,-1.283,-1.255
1370.2,0.218,-1.283,-1.247
1370.2,0.215,-1.287,-1.226
1370.38,0.21,-1.289,-1.201
1370.56,0.233,-1.29,-1.215
1370.93,0.207,-1.289,-1.215
1371.11,0.212,-1.287,-1.235
1371.29,0.229,-1.291,-1.233
1371.48,0.239,-1.29,-1.229
1371.66,0.215,-1.289,-1.222
1371.84,0.219,-1.29,-1.24
1372.2,0.198,-1.29,-1.271
1372.2,0.24,-1.296,-1.278
1372.39,0.209,-1.296,-1.269
1372.57,0.208,-1.298,-1.23
1372.75,0.215,-1.3,-1.218
1377.85,0.221,-1.318,-1.264
1378.4,0.205,-1.319,-1.258
1378.22,0.219,-1.321,-1.253
1378.4,0.218,-1.321,-1.251
1378.58,0.225,-1.321,-1.248
1378.77,0.219,-1.32,-1.251
1378.95,0.231,-1.321,-1.241
1379.13,0.218,-1.32,-1.231
1379.31,0.226,-1.316,-1.252
1379.5,0.241,-1.316,-1.265
1379.68,0.223,-1.317,-1.247
1379.86,0.203,-1.315,-1.243
1380.4,0.223,-1.319,-1.255
1380.22,0.221,-1.32,-1.243
1380.41,0.225,-1.322,-1.255
1380.59,0.198,-1.322,-1.24
1380.77,0.209,-1.324,-1.263
1380.95,0.191,-1.325,-1.271
1381.14,0.209,-1.327,-1.262
1381.32,0.218,-1.326,-1.253
1381.5,0.224,-1.327,-1.26
1381.68,0.22,-1.323,-1.26
1384.78,0.219,-1.334,-1.284
1384.96,0.21,-1.334,-1.288
1385.15,0.204,-1.336,-1.278
1385.33,0.208,-1.337,-1.275
1385.51,0.212,-1.338,-1.28
1385.69,0.217,-1.338,-1.273
1385.88,0.216,-1.34,-1.27
1386.6,0.236,-1.342,-1.293
1386.24,0.211,-1.345,-1.278
1386.42,0.216,-1.349,-1.282
1386.6,0.197,-1.352,-1.266
1386.79,0.219,-1.354,-1.29
1386.97,0.181,-1.353,-1.287
1387.15,0.223,-1.354,-1.283
1387.33,0.2,-1.354,-1.27
1387.52,0.217,-1.353,-1.273
1387.7,0.216,-1.354,-1.264
1387.88,0.197,-1.352,-1.285
1388.6,0.226,-1.356,-1.282
1388.25,0.204,-1.355,-1.283
1388.43,0.233,-1.358,-1.254
1388.61,0.232,-1.358,-1.288
1388.79,0.212,-1.357,-1.273
1388.97,0.195,-1.359,-1.277
1389.16,0.229,-1.36,-1.274
1389.34,0.219,-1.361,-1.29
1389.52,0.213,-1.361,-1.288
1389.7,0.214,-1.358,-1.288
1389.89,0.212,-1.359,-1.276
1390.7,0.217,-1.361,-1.283
1390.25,0.22,-1.36,-1.27
1390.43,0.209,-1.36,-1.268
1390.61,0.218,-1.358,-1.261
1390.8,0.214,-1.362,-1.262
1390.98,0.213,-1.364,-1.258
1391.16,0.215,-1.363,-1.268
1391.34,0.207,-1.361,-1.281
1391.53,0.213,-1.363,-1.26
1391.71,0.214,-1.364,-1.251
1391.89,0.226,-1.365,-1.257
1392.7,0.215,-1.366,-1.261
1392.25,0.217,-1.366,-1.271
1392.44,0.224,-1.368,-1.286
1392.62,0.198,-1.37,-1.294
1392.8,0.233,-1.371,-1.293
1392.98,0.209,-1.372,-1.268
1393.17,0.206,-1.375,-1.287
1393.35,0.208,-1.377,-1.295
1393.53,0.194,-1.378,-1.284
1393.71,0.215,-1.378,-1.279
1393.9,0.201,-1.381,-1.277
1394.8,0.208,-1.383,-1.264
1394.26,0.223,-1.384,-1.284
1394.44,0.2,-1.384,-1.266
1394.62,0.205,-1.383,-1.251
1394.81,0.206,-1.384,-1.253
1394.99,0.2,-1.385,-1.258
1395.17,0.222,-1.385,-1.256
1395.35,0.177,-1.388,-1.281
1395.54,0.214,-1.389,-1.277
1395.72,0.207,-1.392,-1.274
1395.9,0.214,-1.393,-1.28
1396.8,0.206,-1.396,-1.267
1396.26,0.251,-1.397,-1.258
1396.45,0.217,-1.401,-1.275
1396.63,0.209,-1.405,-1.273
1396.81,0.216,-1.407,-1.28
1396.99,0.214,-1.407,-1.264
1397.18,0.225,-1.41,-1.247
1397.36,0.229,-1.411,-1.257
1397.54,0.207,-1.414,-1.273
1397.72,0.205,-1.419,-1.26
1397.9,0.225,-1.422,-1.271
1398.9,0.209,-1.423,-1.274
1398.27,0.198,-1.425,-1.261
1398.45,0.234,-1.426,-1.279
1398.63,0.208,-1.427,-1.284
1398.82,0.203,-1.425,-1.266
1399.0,0.235,-1.428,-1.246
1399.18,0.189,-1.429,-1.237
1399.36,0.229,-1.431,-1.26
1399.55,0.188,-1.43,-1.247
1399.73,0.234,-1.432,-1.235
1399.91,0.182,-1.435,-1.261
1400.9,0.216,-1.434,-1.244
1400.27,0.2,-1.436,-1.24
1400.46,0.198,-1.436,-1.252
1400.64,0.234,-1.435,-1.27
1400.82,0.19,-1.434,-1.283
1401.0,0.198,-1.436,-1.279
1401.19,0.199,-1.433,-1.284
1401.37,0.213,-1.433,-1.302
1402.46,0.216,-1.443,-1.286
1402.64,0.199,-1.446,-1.277
1402.83,0.227,-1.449,-1.274
1403.1,0.202,-1.451,-1.274
1403.19,0.223,-1.454,-1.263
1403.37,0.198,-1.455,-1.253
1403.55,0.208,-1.457,-1.259
1403.74,0.197,-1.457,-1.26
1403.92,0.229,-1.458,-1.263
1409.2,0.22,-1.484,-1.29
1409.2,0.209,-1.485,-1.26
1409.39,0.204,-1.486,-1.275
1409.57,0.208,-1.487,-1.274
1409.75,0.218,-1.486,-1.283
1409.93,0.202,-1.487,-1.288
1410.12,0.202,-1.486,-1.284
1410.3,0.207,-1.483,-1.284
1410.48,0.229,-1.481,-1.282
1410.66,0.207,-1.484,-1.273
1410.85,0.218,-1.482,-1.273
1411.3,0.226,-1.484,-1.26
1411.21,0.21,-1.485,-1.267
1411.39,0.188,-1.488,-1.261
1411.57,0.233,-1.491,-1.275
1411.76,0.196,-1.489,-1.258
1411.94,0.21,-1.489,-1.273
1412.12,0.229,-1.493,-1.251
1412.3,0.207,-1.494,-1.269
1412.49,0.223,-1.494,-1.278
1412.67,0.208,-1.497,-1.278
1412.85,0.222,-1.499,-1.239
1413.3,0.214,-1.499,-1.25
1413.21,0.201,-1.497,-1.254
1413.4,0.218,-1.497,-1.248
1413.58,0.225,-1.496,-1.226
1413.76,0.217,-1.496,-1.24
1413.94,0.192,-1.499,-1.229
1414.13,0.221,-1.501,-1.201
1414.31,0.224,-1.505,-1.229
1414.49,0.207,-1.505,-1.259
1414.67,0.232,-1.507,-1.23
1414.86,0.2,-1.508,-1.261
1415.4,0.217,-1.51,-1.243
1415.22,0.204,-1.508,-1.246
1415.4,0.213,-1.505,-1.207
1415.58,0.208,-1.504,-1.195
1415.77,0.22,-1.503,-1.201
1415.95,0.22,-1.503,-1.196
1416.13,0.198,-1.507,-1.199
1416.31,0.211,-1.506,-1.215
1416.5,0.219,-1.506,-1.208
1416.68,0.206,-1.507,-1.207
1416.86,0.227,-1.51,-1.198
1417.4,0.225,-1.508,-1.168
1417.22,0.206,-1.51,-1.194
1417.41,0.242,-1.511,-1.189
1417.59,0.206,-1.509,-1.228
1417.77,0.223,-1.509,-1.241
1417.95,0.202,-1.508,-1.249
1418.14,0.216,-1.511,-1.242
1418.32,0.234,-1.512,-1.256
1418.5,0.211,-1.508,-1.259
1418.68,0.216,-1.509,-1.267
1418.86,0.224,-1.511,-1.278
1419.5,0.197,-1.511,-1.261
1419.23,0.243,-1.511,-1.257
1419.41,0.209,-1.513,-1.239
1419.59,0.217,-1.514,-1.239
1419.78,0.22,-1.516,-1.245
1419.96,0.223,-1.519,-1.239
1420.14,0.226,-1.521,-1.24
1420.32,0.221,-1.525,-1.236
1420.51,0.21,-1.527,-1.247
1420.69,0.213,-1.529,-1.238
1420.87,0.209,-1.528,-1.249
1421.5,0.216,-1.528,-1.25
1421.23,0.223,-1.528,-1.263
1421.42,0.206,-1.529,-1.248
1421.6,0.217,-1.534,-1.271
1421.78,0.206,-1.534,-1.258
1421.96,0.224,-1.536,-1.266
1422.15,0.223,-1.533,-1.253
1422.33,0.219,-1.534,-1.26
1422.51,0.202,-1.535,-1.268
1422.69,0.222,-1.535,-1.279
1422.88,0.22,-1.534,-1.259
1423.6,0.222,-1.536,-1.29
1423.24,0.209,-1.537,-1.269
1423.42,0.214,-1.536,-1.28
1423.6,0.205,-1.536,-1.282
1423.79,0.208,-1.536,-1.266
1423.97,0.221,-1.538,-1.266
1424.15,0.217,-1.544,-1.271
1424.33,0.229,-1.546,-1.263
1424.52,0.206,-1.545,-1.271
1424.7,0.21,-1.546,-1.262
1427.8,0.213,-1.562,-1.273
1427.98,0.209,-1.56,-1.272
1428.16,0.234,-1.561,-1.244
1428.34,0.188,-1.56,-1.257
1428.53,0.23,-1.564,-1.236
1428.71,0.216,-1.568,-1.227
1428.89,0.209,-1.569,-1.227
1429.7,0.234,-1.57,-1.249
1429.26,0.196,-1.57,-1.258
1429.44,0.227,-1.57,-1.255
1429.62,0.206,-1.569,-1.259
1429.8,0.221,-1.569,-1.281
1429.98,0.231,-1.567,-1.268
1430.17,0.194,-1.571,-1.282
1430.35,0.224,-1.569,-1.281
1430.53,0.197,-1.567,-1.278
1430.71,0.213,-1.569,-1.273
1430.9,0.226,-1.569,-1.269
1431.8,0.214,-1.569,-1.28
1431.26,0.23,-1.568,-1.266
1431.44,0.2,-1.569,-1.269
1431.62,0.213,-1.566,-1.271
1431.81,0.218,-1.57,-1.267
1431.99,0.21,-1.571,-1.262
1432.17,0.225,-1.575,-1.273
1432.35,0.214,-1.577,-1.273
1432.54,0.231,-1.581,-1.275
1432.72,0.212,-1.584,-1.284
1432.9,0.223,-1.585,-1.274
1433.8,0.2,-1.583,-1.291
1433.27,0.231,-1.584,-1.286
1433.45,0.212,-1.584,-1.298
1433.63,0.233,-1.584,-1.279
1433.81,0.204,-1.584,-1.301
1433.99,0.227,-1.586,-1.282
1434.18,0.214,-1.585,-1.283
1434.36,0.198,-1.587,-1.271
1434.54,0.248,-1.587,-1.257
1434.72,0.204,-1.586,-1.262
1434.91,0.223,-1.589,-1.284
1435.9,0.218,-1.587,-1.254
1435.27,0.182,-1.59,-1.272
1435.45,0.239,-1.592,-1.253
1435.64,0.206,-1.594,-1.251
1435.82,0.234,-1.594,-1.247
1436.0,0.219,-1.596,-1.261
1436.18,0.212,-1.597,-1.256
1436.36,0.238,-1.598,-1.259
1436.55,0.224,-1.599,-1.264
1436.73,0.255,-1.601,-1.265
1436.91,0.197,-1.602,-1.271
1437.9,0.221,-1.602,-1.261
1437.28,0.213,-1.603,-1.258
1437.46,0.225,-1.606,-1.259
1440.38,0.206,-1.615,-1.256
1440.56,0.239,-1.618,-1.262
1440.74,0.226,-1.621,-1.259
1440.92,0.226,-1.622,-1.262
1441.1,0.219,-1.624,-1.253
1441.29,0.213,-1.626,-1.267
1441.47,0.228,-1.625,-1.265
1441.65,0.203,-1.624,-1.238
1441.83,0.218,-1.623,-1.246
1442.2,0.219,-1.626,-1.253
1442.2,0.199,-1.627,-1.264
1442.38,0.233,-1.629,-1.25
1442.56,0.207,-1.628,-1.274
1442.74,0.213,-1.63,-1.275
1442.93,0.208,-1.63,-1.272
1443.11,0.209,-1.629,-1.266
1443.29,0.207,-1.628,-1.279
1443.47,0.221,-1.63,-1.267
1443.66,0.205,-1.633,-1.257
1443.84,0.209,-1.637,-1.264
1444.2,0.241,-1.636,-1.256
1444.2,0.185,-1.634,-1.245
1444.39,0.227,-1.636,-1.232
1444.57,0.2,-1.64,-1.24
1444.75,0.206,-1.642,-1.263
1444.93,0.224,-1.643,-1.264
1445.11,0.202,-1.643,-1.25
1445.3,0.209,-1.642,-1.22
1445.48,0.205,-1.644,-1.223
1445.66,0.217,-1.646,-1.225
1445.84,0.219,-1.646,-1.243
1446.3,0.214,-1.65,-1.249
1446.21,0.226,-1.649,-1.273
1446.39,0.217,-1.649,-1.27
1446.57,0.213,-1.648,-1.278
1446.75,0.203,-1.649,-1.268
1446.94,0.221,-1.65,-1.263
1447.12,0.229,-1.652,-1.231
1447.3,0.209,-1.654,-1.241
1447.48,0.229,-1.659,-1.252
1447.67,0.231,-1.665,-1.244
1447.85,0.212,-1.665,-1.272
1448.3,0.242,-1.668,-1.262
1448.21,0.206,-1.671,-1.264
1448.4,0.23,-1.674,-1.255
1448.58,0.224,-1.675,-1.254
1448.76,0.228,-1.676,-1.246
1448.94,0.203,-1.674,-1.24
1449.12,0.234,-1.673,-1.247
1449.31,0.195,-1.676,-1.243
1449.49,0.225,-1.677,-1.232
1449.67,0.224,-1.679,-1.254
1449.85,0.195,-1.679,-1.295
1450.4,0.218,-1.679,-1.256
1450.22,0.219,-1.681,-1.231
1450.4,0.215,-1.682,-1.225
1450.58,0.202,-1.684,-1.216
1450.77,0.228,-1.683,-1.225
1450.95,0.218,-1.685,-1.273
1451.13,0.209,-1.687,-1.26
1451.31,0.232,-1.687,-1.268
1451.49,0.224,-1.687,-1.279
1451.68,0.228,-1.688,-1.284
1451.86,0.224,-1.69,-1.279
1452.4,0.204,-1.69,-1.268
1452.22,0.208,-1.693,-1.25
1452.41,0.2,-1.693,-1.28
1452.59,0.225,-1.689,-1.295
1452.77,0.212,-1.693,-1.293
1452.95,0.207,-1.692,-1.28
1453.14,0.201,-1.695,-1.266
1453.32,0.225,-1.692,-1.269
1453.5,0.205,-1.693,-1.26
1453.68,0.22,-1.696,-1.267
1453.86,0.211,-1.697,-1.269
1454.5,0.21,-1.698,-1.251
1454.23,0.221,-1.698,-1.255
1454.41,0.201,-1.699,-1.243
1454.59,0.222,-1.701,-1.234
1454.78,0.199,-1.704,-1.23
1454.96,0.211,-1.705,-1.247
1455.14,0.229,-1.706,-1.248
1455.32,0.235,-1.71,-1.231
1455.5,0.236,-1.714,-1.192
1455.69,0.21,-1.716,-1.201
1455.87,0.242,-1.715,-1.174
1456.5,0.2,-1.716,-1.172
1456.23,0.225,-1.715,-1.161
1456.42,0.202,-1.716,-1.164
1456.6,0.215,-1.715,-1.195
1456.78,0.192,-1.713,-1.231
1456.96,0.235,-1.713,-1.244
1457.15,0.227,-1.716,-1.234
1457.33,0.23,-1.719,-1.238
1457.51,0.219,-1.721,-1.242
1457.69,0.22,-1.721,-1.241
1457.87,0.227,-1.722,-1.228
1458.6,0.206,-1.722,-1.23
1458.24,0.223,-1.725,-1.237
1458.42,0.207,-1.726,-1.252
1458.6,0.235,-1.731,-1.244
1458.79,0.215,-1.732,-1.25
1458.97,0.229,-1.734,-1.241
1459.15,0.195,-1.737,-1.231
1459.33,0.201,-1.737,-1.252
1459.52,0.202,-1.738,-1.244
1459.7,0.205,-1.741,-1.249
1459.88,0.191,-1.741,-1.239
1460.6,0.217,-1.744,-1.259
1460.24,0.227,-1.747,-1.249
1460.43,0.217,-1.749,-1.256
1460.61,0.234,-1.749,-1.272
1460.79,0.208,-1.748,-1.249
1460.97,0.219,-1.751,-1.247
1461.16,0.215,-1.753,-1.218
1461.34,0.231,-1.756,-1.194
1461.52,0.22,-1.755,-1.146
1461.7,0.227,-1.757,-1.13
1461.89,0.189,-1.758,-1.116
1462.7,0.225,-1.757,-1.161
1462.25,0.188,-1.761,-1.198
1462.43,0.224,-1.759,-1.244
1462.61,0.202,-1.758,-1.255
1462.8,0.207,-1.756,-1.261
1462.98,0.242,-1.758,-1.229
1463.16,0.218,-1.756,-1.223
1463.34,0.222,-1.755,-1.182
1463.53,0.21,-1.755,-1.146
1463.71,0.211,-1.755,-1.136
1463.89,0.208,-1.756,-1.145
1464.7,0.222,-1.755,-1.204
1464.26,0.213,-1.755,-1.211
1464.44,0.229,-1.755,-1.24
1464.62,0.209,-1.756,-1.22
1464.8,0.233,-1.758,-1.209
1464.98,0.213,-1.757,-1.239
1465.17,0.211,-1.758,-1.265
1465.35,0.237,-1.76,-1.296
1465.53,0.211,-1.76,-1.287
1465.71,0.22,-1.76,-1.283
1465.9,0.209,-1.761,-1.29
1466.8,0.21,-1.763,-1.279
1466.26,0.226,-1.764,-1.299
1466.44,0.208,-1.768,-1.294
1466.63,0.229,-1.77,-1.29
1466.81,0.199,-1.769,-1.307
1466.99,0.217,-1.768,-1.304
1467.17,0.215,-1.765,-1.311
1467.35,0.187,-1.765,-1.298
1467.54,0.218,-1.766,-1.284
1467.72,0.231,-1.768,-1.277
1467.9,0.195,-1.766,-1.286
1468.8,0.227,-1.767,-1.282
1468.27,0.211,-1.768,-1.295
1468.45,0.191,-1.768,-1.288
1468.63,0.206,-1.768,-1.289
1468.81,0.185,-1.767,-1.291
1469.0,0.218,-1.77,-1.282
1469.18,0.192,-1.774,-1.264
1469.36,0.211,-1.776,-1.287
1469.54,0.211,-1.779,-1.266
1472.46,0.226,-1.797,-1.259
1472.64,0.194,-1.798,-1.277
1472.82,0.208,-1.8,-1.255
1473.1,0.203,-1.799,-1.272
1473.19,0.216,-1.8,-1.281
1473.37,0.176,-1.803,-1.271
1473.55,0.252,-1.804,-1.28
1473.74,0.21,-1.807,-1.294
1473.92,0.217,-1.806,-1.284
1474.1,0.225,-1.807,-1.281
1474.28,0.198,-1.809,-1.271
1474.46,0.239,-1.808,-1.27
1474.65,0.181,-1.806,-1.274
1474.83,0.25,-1.808,-1.273
1475.1,0.196,-1.809,-1.281
1475.19,0.229,-1.809,-1.276
1475.38,0.206,-1.81,-1.274
1475.56,0.204,-1.812,-1.268
1475.74,0.228,-1.813,-1.27
1475.92,0.193,-1.816,-1.264
1476.1,0.225,-1.816,-1.27
1476.29,0.222,-1.816,-1.266
1476.47,0.213,-1.818,-1.263
1476.65,0.214,-1.819,-1.271
1476.83,0.195,-1.821,-1.286
1477.2,0.204,-1.82,-1.279
1477.2,0.237,-1.822,-1.282
1477.38,0.21,-1.823,-1.282
1477.56,0.182,-1.823,-1.276
1477.75,0.214,-1.826,-1.253
1477.93,0.196,-1.824,-1.27
1478.11,0.217,-1.827,-1.256
1478.29,0.201,-1.831,-1.26
1481.21,0.19,-1.833,-1.265
1481.39,0.239,-1.835,-1.259
1481.57,0.22,-1.837,-1.254
1481.76,0.173,-1.838,-1.266
1481.94,0.258,-1.838,-1.26
1482.12,0.2,-1.838,-1.273
1482.3,0.208,-1.839,-1.262
1482.48,0.23,-1.842,-1.276
1482.67,0.215,-1.845,-1.283
1482.85,0.211,-1.845,-1.278
1483.3,0.218,-1.845,-1.256
1483.21,0.211,-1.846,-1.268
1483.4,0.215,-1.844,-1.273
1483.58,0.216,-1.845,-1.265
1483.76,0.211,-1.846,-1.277
1483.94,0.246,-1.847,-1.279
1484.13,0.196,-1.848,-1.284
1484.31,0.234,-1.852,-1.261
1484.49,0.192,-1.851,-1.274
1484.67,0.223,-1.853,-1.276
1484.85,0.187,-1.856,-1.263
1485.4,0.225,-1.857,-1.266
1485.22,0.216,-1.858,-1.257
1485.4,0.194,-1.858,-1.273
1485.58,0.226,-1.86,-1.272
1485.77,0.213,-1.863,-1.259
1485.95,0.208,-1.863,-1.263
1486.13,0.221,-1.862,-1.262
1486.31,0.194,-1.865,-1.265
1486.49,0.213,-1.866,-1.269
1486.68,0.208,-1.865,-1.27
1486.86,0.202,-1.864,-1.278
1487.4,0.224,-1.862,-1.252
1487.22,0.185,-1.861,-1.268
1487.41,0.229,-1.862,-1.281
1487.59,0.204,-1.864,-1.283
1487.77,0.217,-1.865,-1.274
1487.95,0.231,-1.866,-1.277
1488.14,0.188,-1.868,-1.273
1488.32,0.227,-1.87,-1.263
1488.5,0.22,-1.87,-1.255
1488.68,0.194,-1.871,-1.253
1488.86,0.225,-1.872,-1.248
1489.5,0.202,-1.872,-1.253
1489.23,0.234,-1.869,-1.263
1489.41,0.186,-1.87,-1.274
1489.59,0.198,-1.872,-1.302
1489.78,0.238,-1.871,-1.281
1489.96,0.193,-1.871,-1.301
1490.14,0.24,-1.873,-1.29
1490.32,0.191,-1.874,-1.297
1490.5,0.215,-1.878,-1.296
1490.69,0.206,-1.88,-1.285
1490.87,0.216,-1.883,-1.269
1491.5,0.222,-1.883,-1.275
1491.23,0.199,-1.883,-1.28
1491.42,0.212,-1.885,-1.283
1491.6,0.2,-1.884,-1.283
1491.78,0.221,-1.885,-1.287
1491.96,0.209,-1.883,-1.236
1492.15,0.223,-1.885,-1.205
1492.33,0.198,-1.886,-1.187
1492.51,0.216,-1.886,-1.238
1492.69,0.216,-1.889,-1.26
1492.87,0.219,-1.889,-1.282
1493.6,0.227,-1.885,-1.283
1493.24,0.198,-1.885,-1.288
1493.42,0.224,-1.885,-1.267
1493.6,0.219,-1.888,-1.271
1493.79,0.21,-1.89,-1.284
1493.97,0.216,-1.893,-1.284
1494.15,0.197,-1.892,-1.299
1494.33,0.216,-1.9,-1.293
1494.51,0.204,-1.901,-1.297
1494.7,0.224,-1.903,-1.295
1494.88,0.227,-1.907,-1.29
1495.6,0.209,-1.905,-1.293
1495.24,0.235,-1.908,-1.253
1495.43,0.207,-1.913,-1.275
1495.61,0.201,-1.914,-1.272
1495.79,0.228,-1.915,-1.27
1495.97,0.212,-1.915,-1.263
1496.16,0.204,-1.918,-1.276
1496.34,0.226,-1.919,-1.29
1496.52,0.214,-1.92,-1.268
1496.7,0.217,-1.92,-1.274
1496.88,0.239,-1.923,-1.261
1497.7,0.22,-1.924,-1.264
1497.25,0.216,-1.924,-1.257
1497.43,0.217,-1.925,-1.253
1497.61,0.213,-1.93,-1.254
1497.8,0.215,-1.932,-1.247
1497.98,0.207,-1.933,-1.247
1498.16,0.234,-1.934,-1.24
1498.34,0.2,-1.935,-1.245
1498.53,0.213,-1.936,-1.254
1498.71,0.219,-1.937,-1.236
1498.89,0.217,-1.934,-1.249
1499.7,0.219,-1.936,-1.233
1499.25,0.21,-1.938,-1.227
1499.44,0.221,-1.94,-1.24
1499.62,0.237,-1.94,-1.235
1499.8,0.22,-1.94,-1.252
1499.98,0.216,-1.944,-1.262
1500.17,0.21,-1.945,-1.267
1500.35,0.225,-1.946,-1.248
1500.53,0.195,-1.947,-1.261
1500.71,0.229,-1.947,-1.278
1500.9,0.231,-1.946,-1.289
1501.8,0.216,-1.946,-1.32
1501.26,0.218,-1.945,-1.307
1501.44,0.217,-1.943,-1.278
1501.62,0.224,-1.945,-1.269
1501.81,0.223,-1.948,-1.271
1501.99,0.22,-1.952,-1.298
1502.17,0.229,-1.955,-1.27
1502.35,0.21,-1.953,-1.276
1502.54,0.219,-1.957,-1.277
1502.72,0.207,-1.958,-1.279
1502.9,0.213,-1.958,-1.296
1503.8,0.217,-1.959,-1.293
1503.27,0.215,-1.961,-1.267
1503.45,0.229,-1.963,-1.264
1503.63,0.191,-1.966,-1.263
1503.81,0.211,-1.965,-1.271
1503.99,0.216,-1.964,-1.233
1504.18,0.203,-1.963,-1.265
1504.36,0.199,-1.962,-1.259
1504.54,0.22,-1.965,-1.26
1504.72,0.217,-1.97,-1.258
1504.91,0.207,-1.973,-1.261
1505.9,0.233,-1.974,-1.248
1505.27,0.193,-1.975,-1.263
1505.45,0.237,-1.978,-1.256
1505.64,0.203,-1.981,-1.247
1505.82,0.234,-1.98,-1.249
1506.0,0.217,-1.982,-1.258
1506.18,0.204,-1.984,-1.246
1506.36,0.232,-1.988,-1.25
1506.55,0.204,-1.988,-1.271
1506.73,0.222,-1.989,-1.271
1508.37,0.2,-2.003,-1.255
1508.55,0.211,-2.004,-1.272
1508.73,0.201,-2.007,-1.246
1508.92,0.218,-2.01,-1.277
1509.1,0.224,-2.012,-1.26
1509.28,0.208,-2.013,-1.263
1509.46,0.227,-2.016,-1.238
1509.65,0.214,-2.017,-1.245
1509.83,0.218,-2.018,-1.26
1510.1,0.188,-2.018,-1.273
1510.19,0.204,-2.019,-1.272
1510.37,0.197,-2.021,-1.245
1510.56,0.209,-2.021,-1.267
1510.74,0.217,-2.023,-1.258
1510.92,0.231,-2.026,-1.26
1511.1,0.223,-2.03,-1.253
1511.29,0.232,-2.033,-1.257
1511.47,0.201,-2.033,-1.262
1511.65,0.21,-2.035,-1.249
1511.83,0.209,-2.032,-1.262
1512.2,0.186,-2.032,-1.268
1512.2,0.211,-2.035,-1.269
1512.38,0.202,-2.034,-1.269
1512.56,0.221,-2.036,-1.276
1512.74,0.206,-2.035,-1.275
1512.93,0.207,-2.035,-1.256
1513.11,0.227,-2.036,-1.263
1513.29,0.213,-2.034,-1.26
1513.47,0.232,-2.036,-1.224
1513.66,0.22,-2.037,-1.198
1513.84,0.209,-2.038,-1.202
1514.2,0.211,-2.039,-1.207
1514.2,0.21,-2.042,-1.191
1514.38,0.204,-2.043,-1.192
1514.57,0.203,-2.045,-1.171
1514.75,0.21,-2.047,-1.176
1514.93,0.234,-2.047,-1.171
1515.11,0.215,-2.046,-1.192
1515.3,0.201,-2.047,-1.198
1515.48,0.211,-2.047,-1.213
1515.66,0.211,-2.049,-1.227
1515.84,0.2,-2.053,-1.246
1516.3,0.236,-2.055,-1.247
1516.21,0.202,-2.055,-1.255
1516.39,0.222,-2.056,-1.261
1516.57,0.219,-2.055,-1.269
1516.75,0.221,-2.06,-1.268
1516.94,0.214,-2.06,-1.266
1517.12,0.225,-2.056,-1.267
1517.3,0.204,-2.055,-1.292
1517.48,0.212,-2.056,-1.28
1517.67,0.229,-2.058,-1.277
1517.85,0.216,-2.056,-1.266
1518.3,0.23,-2.056,-1.249
1518.21,0.199,-2.059,-1.255
1518.4,0.209,-2.061,-1.254
1518.58,0.21,-2.063,-1.241
1518.76,0.209,-2.065,-1.254
1518.94,0.217,-2.067,-1.257
1519.12,0.207,-2.067,-1.256
1519.31,0.215,-2.068,-1.25
1519.49,0.204,-2.068,-1.261
1519.67,0.208,-2.07,-1.24
1519.85,0.22,-2.072,-1.248
1520.4,0.217,-2.072,-1.256
1520.22,0.225,-2.071,-1.258
1520.4,0.233,-2.072,-1.255
1520.58,0.227,-2.075,-1.265
1520.76,0.218,-2.078,-1.24
1520.95,0.205,-2.08,-1.254
1521.13,0.21,-2.084,-1.244
1521.31,0.216,-2.084,-1.259
1521.49,0.222,-2.086,-1.253
1521.68,0.221,-2.088,-1.254
1521.86,0.21,-2.088,-1.269
1522.4,0.224,-2.088,-1.275
1522.22,0.189,-2.087,-1.276
1522.41,0.231,-2.09,-1.276
1522.59,0.222,-2.094,-1.271
1522.77,0.202,-2.098,-1.264
1522.95,0.227,-2.1,-1.279
1523.13,0.208,-2.105,-1.28
1523.32,0.225,-2.107,-1.276
1523.5,0.209,-2.109,-1.271
1523.68,0.204,-2.111,-1.284
1523.86,0.209,-2.112,-1.28
1524.5,0.205,-2.111,-1.282
1524.23,0.195,-2.111,-1.282
1524.41,0.215,-2.116,-1.267
1524.59,0.216,-2.12,-1.255
1527.51,0.212,-2.138,-1.263
1527.69,0.216,-2.137,-1.25
1527.87,0.212,-2.138,-1.279
1528.6,0.223,-2.14,-1.275
1528.24,0.231,-2.136,-1.279
1528.42,0.203,-2.136,-1.268
1528.6,0.23,-2.135,-1.285
1528.79,0.201,-2.138,-1.268
1528.97,0.205,-2.137,-1.279
1529.15,0.227,-2.136,-1.296
1529.33,0.215,-2.135,-1.256
1529.51,0.208,-2.134,-1.26
1529.7,0.22,-2.134,-1.265
1529.88,0.208,-2.134,-1.26
1530.6,0.227,-2.135,-1.25
1530.24,0.216,-2.137,-1.258
1530.43,0.218,-2.136,-1.29
1530.61,0.221,-2.137,-1.297
1530.79,0.229,-2.138,-1.285
1530.97,0.235,-2.141,-1.286
1531.16,0.199,-2.141,-1.277
1531.34,0.194,-2.14,-1.276
1531.52,0.195,-2.137,-1.29
1531.7,0.21,-2.138,-1.282
1531.88,0.186,-2.142,-1.291
1532.7,0.209,-2.144,-1.283
1532.25,0.208,-2.146,-1.269
1532.43,0.213,-2.146,-1.279
1532.61,0.211,-2.146,-1.283
1532.8,0.198,-2.148,-1.273
1532.98,0.216,-2.149,-1.278
1533.16,0.196,-2.152,-1.292
1533.34,0.223,-2.154,-1.262
1533.52,0.196,-2.156,-1.284
1533.71,0.216,-2.156,-1.29
1533.89,0.214,-2.158,-1.291
1534.7,0.197,-2.158,-1.291
1534.25,0.21,-2.159,-1.283
1534.44,0.205,-2.159,-1.29
1534.62,0.223,-2.161,-1.263
1534.8,0.216,-2.162,-1.265
1534.98,0.217,-2.16,-1.265
1535.17,0.207,-2.16,-1.261
1535.35,0.217,-2.162,-1.241
1535.53,0.226,-2.168,-1.243
1535.71,0.204,-2.168,-1.246
1535.89,0.224,-2.166,-1.252
1536.8,0.216,-2.168,-1.255
1536.26,0.217,-2.17,-1.244
1536.44,0.214,-2.17,-1.266
1536.62,0.205,-2.168,-1.26
1536.81,0.224,-2.167,-1.245
1536.99,0.207,-2.168,-1.271
1537.17,0.231,-2.168,-1.296
1537.35,0.191,-2.17,-1.293
1537.53,0.213,-2.174,-1.296
1537.72,0.21,-2.175,-1.292
1537.9,0.221,-2.172,-1.282
1538.8,0.214,-2.174,-1.281
1538.26,0.221,-2.175,-1.267
1538.45,0.193,-2.177,-1.272
1538.63,0.218,-2.179,-1.264
1539.54,0.199,-2.184,-1.245
1539.72,0.212,-2.182,-1.26
1539.9,0.198,-2.183,-1.256
1540.9,0.199,-2.184,-1.234
1540.27,0.219,-2.187,-1.255
1540.45,0.174,-2.189,-1.266
1540.63,0.191,-2.188,-1.248
1540.82,0.198,-2.188,-1.239
1541.0,0.202,-2.19,-1.245
1541.18,0.199,-2.188,-1.259
1541.36,0.227,-2.191,-1.241
1547.1,0.202,-2.216,-1.239
1547.2,0.201,-2.218,-1.244
1547.38,0.186,-2.217,-1.262
1547.56,0.216,-2.217,-1.268
1547.74,0.202,-2.218,-1.289
1547.92,0.221,-2.219,-1.289
1548.11,0.207,-2.221,-1.262
1548.29,0.2,-2.222,-1.262
1548.47,0.208,-2.22,-1.248
1548.65,0.22,-2.225,-1.253
1548.84,0.216,-2.226,-1.238
1549.2,0.213,-2.229,-1.274
1549.2,0.227,-2.229,-1.262
1549.38,0.184,-2.228,-1.28
1549.56,0.24,-2.231,-1.276
1549.75,0.171,-2.23,-1.283
1549.93,0.221,-2.231,-1.28
1550.11,0.207,-2.229,-1.281
1550.29,0.214,-2.231,-1.264
1550.48,0.217,-2.234,-1.279
1550.66,0.224,-2.237,-1.262
1550.84,0.211,-2.237,-1.273
1551.2,0.231,-2.239,-1.272
1551.2,0.22,-2.239,-1.265
1551.39,0.205,-2.239,-1.27
1551.57,0.201,-2.238,-1.269
1551.75,0.213,-2.237,-1.276
1551.93,0.209,-2.235,-1.276
1552.12,0.22,-2.237,-1.247
1552.3,0.207,-2.238,-1.219
1552.48,0.201,-2.24,-1.223
1552.66,0.216,-2.24,-1.23
1552.84,0.201,-2.241,-1.242
1553.3,0.232,-2.24,-1.259
1553.21,0.204,-2.243,-1.271
1553.39,0.204,-2.242,-1.278
1553.57,0.228,-2.242,-1.263
1553.76,0.213,-2.247,-1.259
1553.94,0.218,-2.247,-1.27
1554.12,0.221,-2.248,-1.262
1554.3,0.215,-2.25,-1.273
1554.49,0.197,-2.251,-1.275
1554.67,0.214,-2.25,-1.281
1554.85,0.215,-2.248,-1.262
1555.3,0.23,-2.248,-1.28
1555.21,0.261,-2.25,-1.258
1555.4,0.197,-2.256,-1.261
1555.58,0.217,-2.261,-1.256
1555.76,0.198,-2.263,-1.278
1555.94,0.245,-2.267,-1.262
1556.13,0.222,-2.268,-1.277
1556.31,0.225,-2.27,-1.252
1556.49,0.223,-2.274,-1.244
1556.67,0.228,-2.272,-1.255
1556.85,0.214,-2.274,-1.262
1557.4,0.251,-2.277,-1.254
1557.22,0.191,-2.278,-1.247
1557.4,0.226,-2.278,-1.257
1557.58,0.195,-2.278,-1.251
1557.77,0.233,-2.279,-1.244
1557.95,0.171,-2.278,-1.25
1558.13,0.246,-2.279,-1.242
1558.31,0.188,-2.279,-1.251
1558.5,0.251,-2.279,-1.243
1558.68,0.226,-2.279,-1.257
1558.86,0.214,-2.281,-1.262
1559.4,0.215,-2.281,-1.252
1559.22,0.22,-2.281,-1.231
1559.41,0.217,-2.282,-1.236
1559.59,0.217,-2.282,-1.253
1559.77,0.235,-2.286,-1.246
1559.95,0.231,-2.286,-1.238
1560.14,0.217,-2.284,-1.243
1560.32,0.238,-2.286,-1.232
1560.5,0.205,-2.29,-1.248
1560.68,0.266,-2.293,-1.205
1560.86,0.184,-2.293,-1.228
1561.5,0.232,-2.294,-1.226
1561.23,0.217,-2.295,-1.236
1561.41,0.248,-2.294,-1.221
1561.59,0.21,-2.293,-1.24
1561.78,0.234,-2.293,-1.235
1561.96,0.189,-2.295,-1.218
1562.14,0.225,-2.295,-1.216
1562.32,0.198,-2.294,-1.214
1562.51,0.24,-2.295,-1.237
1562.69,0.194,-2.294,-1.249
1562.87,0.246,-2.299,-1.261
1563.5,0.196,-2.303,-1.269
1563.23,0.251,-2.301,-1.284
1563.42,0.226,-2.303,-1.279
1563.6,0.209,-2.3,-1.281
1563.78,0.227,-2.302,-1.255
1563.96,0.2,-2.304,-1.269
1564.15,0.191,-2.305,-1.273
1564.33,0.249,-2.308,-1.286
1564.51,0.21,-2.307,-1.264
1564.69,0.19,-2.308,-1.305
1564.87,0.219,-2.31,-1.266
1565.6,0.204,-2.306,-1.256
1565.24,0.236,-2.305,-1.263
1565.42,0.191,-2.307,-1.279
1568.52,0.249,-2.333,-1.273
1568.7,0.239,-2.334,-1.248
1568.88,0.131,-2.335,-1.262
1569.7,0.338,-2.34,-1.281
1569.25,0.164,-2.338,-1.298
1569.43,0.282,-2.34,-1.256
1569.61,0.203,-2.341,-1.276
1569.8,0.231,-2.341,-1.269
1569.98,0.219,-2.343,-1.227
1570.16,0.227,-2.345,-1.271
1570.34,0.26,-2.351,-1.281
1570.52,0.196,-2.35,-1.258
1570.71,0.207,-2.348,-1.271
1570.89,0.201,-2.35,-1.267
1571.7,0.202,-2.35,-1.251
1571.25,0.206,-2.353,-1.234
1571.44,0.238,-2.354,-1.261
1571.62,0.183,-2.36,-1.215
1571.8,0.209,-2.36,-1.269
1571.98,0.195,-2.362,-1.28
1572.16,0.267,-2.362,-1.263
1572.35,0.154,-2.364,-1.278
1572.53,0.214,-2.364,-1.278
1572.71,0.233,-2.364,-1.27
1572.89,0.157,-2.361,-1.284
1573.8,0.253,-2.365,-1.276
1573.26,0.14,-2.365,-1.302
1573.44,0.262,-2.367,-1.289
1573.62,0.209,-2.362,-1.26
1573.81,0.211,-2.363,-1.251
1573.99,0.236,-2.365,-1.238
1574.17,0.208,-2.366,-1.237
1574.35,0.19,-2.367,-1.274
1574.53,0.295,-2.372,-1.226
1574.72,0.152,-2.369,-1.267
1574.9,0.231,-2.371,-1.284
1575.8,0.211,-2.374,-1.27
1575.26,0.222,-2.38,-1.255
1575.45,0.202,-2.379,-1.302
1575.63,0.196,-2.384,-1.284
1575.81,0.204,-2.385,-1.273
1575.99,0.214,-2.388,-1.274
1576.17,0.215,-2.392,-1.296
1576.36,0.22,-2.394,-1.274
1576.54,0.199,-2.392,-1.303
1576.72,0.255,-2.394,-1.263
1576.9,0.186,-2.396,-1.264
1577.9,0.197,-2.397,-1.291
1577.27,0.205,-2.397,-1.296
1577.45,0.254,-2.399,-1.277
1577.63,0.202,-2.399,-1.302
1577.81,0.214,-2.406,-1.283
1578.0,0.205,-2.406,-1.273
1578.18,0.223,-2.409,-1.258
1578.36,0.202,-2.408,-1.27
1578.54,0.202,-2.412,-1.267
1578.73,0.178,-2.411,-1.273
1578.91,0.206,-2.411,-1.251
1579.9,0.207,-2.412,-1.26
1579.27,0.192,-2.414,-1.25
1579.45,0.215,-2.411,-1.279
1579.64,0.18,-2.413,-1.243
1579.82,0.219,-2.417,-1.27
1580.0,0.211,-2.421,-1.277
1580.18,0.207,-2.423,-1.265
1580.37,0.206,-2.425,-1.259
1580.55,0.178,-2.423,-1.246
1580.73,0.212,-2.425,-1.262
1581.28,0.183,-2.428,-1.282
1581.46,0.204,-2.43,-1.281
1581.64,0.203,-2.431,-1.273
1581.82,0.213,-2.429,-1.275
1582.1,0.204,-2.428,-1.303
1582.19,0.214,-2.428,-1.283
1582.37,0.214,-2.427,-1.279
1582.55,0.217,-2.426,-1.27
1582.74,0.212,-2.426,-1.248
1582.92,0.198,-2.424,-1.268
1583.1,0.204,-2.425,-1.268
1583.28,0.218,-2.425,-1.249
1583.46,0.216,-2.427,-1.275
1583.65,0.232,-2.429,-1.259
1583.83,0.213,-2.433,-1.25
1584.1,0.231,-2.435,-1.248
1584.19,0.211,-2.435,-1.267
1584.38,0.247,-2.438,-1.252
1584.56,0.199,-2.438,-1.27
1584.74,0.223,-2.437,-1.254
1584.92,0.2,-2.438,-1.266
1585.1,0.196,-2.438,-1.274
1585.29,0.207,-2.443,-1.259
1585.47,0.212,-2.442,-1.275
1585.65,0.221,-2.444,-1.265
1585.83,0.221,-2.443,-1.271
1586.2,0.199,-2.444,-1.263
1586.2,0.205,-2.443,-1.275
1586.38,0.211,-2.442,-1.266
1586.56,0.204,-2.445,-1.277
1586.74,0.208,-2.446,-1.281
1586.93,0.205,-2.449,-1.278
1587.11,0.22,-2.451,-1.279
1587.29,0.221,-2.452,-1.271
1587.47,0.203,-2.453,-1.256
1587.66,0.202,-2.455,-1.24
1587.84,0.203,-2.455,-1.233
1588.2,0.218,-2.455,-1.237
1588.2,0.207,-2.456,-1.25
1588.38,0.217,-2.456,-1.259
1588.57,0.222,-2.457,-1.263
1588.75,0.208,-2.46,-1.263
1588.93,0.201,-2.463,-1.247
1589.11,0.204,-2.464,-1.264
1589.3,0.221,-2.467,-1.274
1589.48,0.205,-2.467,-1.282
1589.84,0.181,-2.469,-1.295
1590.2,0.228,-2.47,-1.285
1590.21,0.215,-2.469,-1.267
1590.39,0.21,-2.474,-1.266
1590.57,0.206,-2.473,-1.265
1590.75,0.23,-2.475,-1.25
1590.94,0.222,-2.476,-1.275
1591.12,0.243,-2.48,-1.304
1591.3,0.206,-2.483,-1.273
1591.48,0.237,-2.485,-1.246
1591.66,0.195,-2.489,-1.278
1591.85,0.207,-2.487,-1.281
1592.3,0.215,-2.487,-1.302
1592.21,0.222,-2.488,-1.283
1592.39,0.209,-2.489,-1.287
1592.58,0.235,-2.493,-1.287
1592.76,0.202,-2.494,-1.26
1592.94,0.222,-2.492,-1.263
1593.12,0.194,-2.493,-1.263
1593.31,0.227,-2.497,-1.25
1593.49,0.199,-2.496,-1.27
1593.67,0.23,-2.497,-1.267
1593.85,0.202,-2.498,-1.267
1594.3,0.206,-2.496,-1.288
1594.22,0.212,-2.495,-1.266
1594.4,0.196,-2.495,-1.262
1594.58,0.212,-2.501,-1.246
1594.76,0.21,-2.503,-1.251
1594.95,0.22,-2.504,-1.257
1595.13,0.22,-2.503,-1.254
1595.31,0.209,-2.503,-1.255
1595.49,0.206,-2.505,-1.261
1597.13,0.205,-2.528,-1.3
1597.31,0.213,-2.529,-1.282
1597.5,0.193,-2.53,-1.272
1597.68,0.206,-2.532,-1.25
1597.86,0.211,-2.533,-1.254
1598.4,0.217,-2.532,-1.258
1598.23,0.193,-2.532,-1.268
1598.41,0.21,-2.532,-1.252
1598.59,0.217,-2.531,-1.269
1598.77,0.254,-2.532,-1.268
1598.95,0.185,-2.532,-1.265
1599.14,0.242,-2.533,-1.254
1599.32,0.197,-2.533,-1.25
1599.5,0.214,-2.533,-1.252
1599.68,0.225,-2.534,-1.269
1599.87,0.209,-2.535,-1.262
1600.5,0.219,-2.537,-1.255
1600.23,0.209,-2.538,-1.262
1600.41,0.199,-2.541,-1.266
1600.59,0.194,-2.541,-1.261
1600.78,0.21,-2.542,-1.263
1600.96,0.209,-2.543,-1.255
1601.14,0.202,-2.544,-1.261
1601.32,0.215,-2.546,-1.28
1601.51,0.193,-2.547,-1.284
1601.69,0.206,-2.549,-1.289
1601.87,0.192,-2.549,-1.29
1602.5,0.22,-2.548,-1.29
1602.23,0.2,-2.549,-1.29
1602.42,0.209,-2.549,-1.291
1602.6,0.201,-2.551,-1.287
1602.78,0.219,-2.552,-1.291
1602.96,0.196,-2.554,-1.296
1603.15,0.221,-2.555,-1.292
1603.33,0.189,-2.556,-1.3
1603.51,0.223,-2.558,-1.287
1603.69,0.211,-2.559,-1.285
1603.88,0.216,-2.559,-1.267
1604.6,0.209,-2.559,-1.258
1604.24,0.212,-2.561,-1.253
1604.42,0.222,-2.564,-1.273
1604.6,0.21,-2.562,-1.295
1604.79,0.209,-2.564,-1.294
1604.97,0.222,-2.567,-1.292
1605.15,0.206,-2.567,-1.296
1605.33,0.204,-2.567,-1.296
1605.52,0.222,-2.568,-1.301
1605.7,0.202,-2.571,-1.308
1605.88,0.21,-2.573,-1.293
1606.6,0.206,-2.575,-1.3
1606.24,0.206,-2.577,-1.309
1606.43,0.213,-2.583,-1.29
1606.61,0.194,-2.584,-1.29
1606.79,0.21,-2.586,-1.3
1606.97,0.216,-2.588,-1.288
1607.16,0.185,-2.588,-1.308
1607.34,0.202,-2.587,-1.308
1607.52,0.199,-2.589,-1.303
1607.7,0.214,-2.587,-1.272
1607.88,0.227,-2.586,-1.289
1608.7,0.214,-2.587,-1.292
1608.25,0.209,-2.591,-1.285
1609.71,0.235,-2.6,-1.27
1609.89,0.197,-2.6,-1.266
1610.7,0.209,-2.602,-1.249
1610.25,0.203,-2.603,-1.256
1610.44,0.202,-2.605,-1.274
1610.62,0.194,-2.608,-1.251
1610.8,0.215,-2.606,-1.262
1610.98,0.227,-2.605,-1.255
1611.16,0.208,-2.606,-1.262
1611.35,0.208,-2.609,-1.264
1611.53,0.19,-2.606,-1.254
1611.71,0.222,-2.609,-1.244
1611.89,0.191,-2.611,-1.232
1612.8,0.199,-2.615,-1.258
1612.26,0.224,-2.617,-1.246
1612.44,0.196,-2.618,-1.243
1612.62,0.228,-2.619,-1.245
1612.8,0.223,-2.622,-1.247
1612.99,0.198,-2.62,-1.266
1613.17,0.227,-2.619,-1.278
1613.35,0.186,-2.62,-1.278
1613.53,0.221,-2.62,-1.253
1613.72,0.198,-2.619,-1.239
1613.9,0.199,-2.624,-1.233
1614.8,0.218,-2.628,-1.246
1614.26,0.206,-2.63,-1.225
1614.44,0.218,-2.629,-1.227
1614.63,0.204,-2.628,-1.239
1614.81,0.226,-2.631,-1.231
1614.99,0.209,-2.631,-1.241
1615.17,0.212,-2.632,-1.238
1615.36,0.225,-2.631,-1.245
1615.54,0.206,-2.63,-1.268
1615.72,0.24,-2.63,-1.263
1615.9,0.179,-2.633,-1.279
1616.9,0.222,-2.637,-1.276
1616.27,0.196,-2.638,-1.284
1616.45,0.215,-2.638,-1.283
1616.63,0.194,-2.64,-1.283
1616.81,0.213,-2.641,-1.283
1617.0,0.21,-2.643,-1.288
1617.18,0.209,-2.644,-1.278
1617.36,0.239,-2.644,-1.27
1617.54,0.217,-2.646,-1.281
1617.73,0.208,-2.648,-1.266
1617.91,0.21,-2.65,-1.258
1618.9,0.216,-2.653,-1.265
1618.27,0.205,-2.652,-1.25
1618.45,0.197,-2.653,-1.242
1618.64,0.206,-2.656,-1.25
1618.82,0.211,-2.658,-1.25
1619.0,0.222,-2.662,-1.243
1619.18,0.183,-2.664,-1.263
1619.37,0.247,-2.665,-1.261
1619.55,0.209,-2.667,-1.264
1619.73,0.228,-2.665,-1.267
1619.91,0.239,-2.666,-1.276
1620.9,0.221,-2.669,-1.271
1620.28,0.214,-2.669,-1.27
1620.46,0.217,-2.674,-1.278
1620.64,0.199,-2.679,-1.262
1620.82,0.23,-2.679,-1.258
1621.1,0.211,-2.679,-1.281
1621.19,0.24,-2.683,-1.267
1621.37,0.206,-2.685,-1.265
1621.55,0.226,-2.686,-1.267
1621.73,0.198,-2.685,-1.284
1621.92,0.228,-2.683,-1.26
1622.1,0.187,-2.68,-1.279
1622.28,0.239,-2.682,-1.278
1622.46,0.2,-2.681,-1.281
1622.65,0.214,-2.682,-1.277
1622.83,0.201,-2.683,-1.289
1623.1,0.214,-2.683,-1.288
1623.19,0.209,-2.685,-1.297
1623.37,0.237,-2.687,-1.269
1623.56,0.218,-2.69,-1.232
1623.74,0.218,-2.694,-1.241
1623.92,0.196,-2.697,-1.232
1624.1,0.218,-2.695,-1.227
1624.29,0.196,-2.695,-1.22
1624.47,0.215,-2.694,-1.23
1624.65,0.229,-2.69,-1.23
1624.83,0.188,-2.686,-1.244
1625.1,0.207,-2.689,-1.233
1625.2,0.208,-2.689,-1.235
1625.38,0.23,-2.69,-1.254
1625.56,0.193,-2.692,-1.271
1625.74,0.221,-2.697,-1.267
1625.93,0.187,-2.697,-1.271
1626.11,0.211,-2.696,-1.269
1626.29,0.196,-2.696,-1.29
1626.47,0.199,-2.699,-1.271
1626.65,0.228,-2.696,-1.284
1626.84,0.21,-2.695,-1.263
1627.2,0.223,-2.697,-1.262
1627.2,0.207,-2.698,-1.245
1627.38,0.211,-2.699,-1.244
1627.57,0.214,-2.7,-1.244
1627.75,0.227,-2.701,-1.266
1627.93,0.22,-2.701,-1.265
1628.11,0.228,-2.7,-1.288
1628.3,0.232,-2.701,-1.275
1628.48,0.219,-2.704,-1.227
1628.66,0.196,-2.707,-1.227
1628.84,0.218,-2.708,-1.191
1629.2,0.211,-2.708,-1.214
1629.21,0.212,-2.708,-1.195
1629.39,0.192,-2.707,-1.198
1629.57,0.244,-2.707,-1.203
1629.75,0.195,-2.71,-1.213
1629.94,0.229,-2.711,-1.237
1630.12,0.221,-2.713,-1.237
1630.3,0.221,-2.715,-1.238
1630.48,0.228,-2.714,-1.239
1630.66,0.215,-2.714,-1.247
1630.85,0.223,-2.713,-1.248
1631.3,0.197,-2.713,-1.268
1631.21,0.208,-2.717,-1.267
1631.39,0.213,-2.714,-1.26
1631.58,0.234,-2.715,-1.258
1631.76,0.175,-2.718,-1.255
1631.94,0.232,-2.719,-1.247
1632.12,0.192,-2.72,-1.257
1632.3,0.231,-2.72,-1.251
1632.49,0.202,-2.722,-1.271
1632.67,0.23,-2.723,-1.248
1632.85,0.2,-2.723,-1.277
1633.3,0.228,-2.724,-1.265
1633.22,0.192,-2.725,-1.266
1633.4,0.22,-2.725,-1.276
1633.58,0.214,-2.723,-1.263
1633.76,0.193,-2.722,-1.264
1633.94,0.234,-2.721,-1.278
1634.13,0.196,-2.726,-1.289
1634.31,0.222,-2.73,-1.26
1634.49,0.195,-2.73,-1.271
1634.67,0.227,-2.734,-1.273
1634.86,0.217,-2.735,-1.259
1635.4,0.235,-2.738,-1.257
1635.22,0.22,-2.738,-1.247
1635.4,0.187,-2.735,-1.237
1635.59,0.254,-2.735,-1.258
1635.77,0.189,-2.735,-1.246
1635.95,0.232,-2.738,-1.258
1636.13,0.208,-2.741,-1.254
1636.31,0.199,-2.741,-1.266
1636.5,0.219,-2.743,-1.252
1636.68,0.201,-2.744,-1.256
1636.86,0.232,-2.744,-1.235
1637.4,0.22,-2.743,-1.252
1637.23,0.227,-2.741,-1.237
1637.41,0.223,-2.743,-1.258
1637.59,0.217,-2.743,-1.266
1637.77,0.21,-2.746,-1.264
1637.95,0.222,-2.745,-1.252
1638.14,0.218,-2.745,-1.268
1638.32,0.227,-2.745,-1.298
1638.5,0.224,-2.743,-1.294
1638.68,0.221,-2.744,-1.295
1638.87,0.223,-2.743,-1.298
1639.5,0.202,-2.745,-1.293
1639.23,0.234,-2.747,-1.303
1639.41,0.22,-2.749,-1.294
1639.6,0.229,-2.754,-1.295
1639.78,0.201,-2.758,-1.301
1639.96,0.225,-2.76,-1.287
1640.14,0.212,-2.76,-1.306
1640.32,0.209,-2.762,-1.283
1640.51,0.22,-2.766,-1.297
1640.69,0.222,-2.769,-1.312
1640.87,0.235,-2.771,-1.288
1641.5,0.202,-2.771,-1.293
1641.24,0.213,-2.772,-1.285
1641.42,0.222,-2.773,-1.289
1641.6,0.228,-2.776,-1.279
1641.78,0.203,-2.777,-1.3
1641.96,0.231,-2.778,-1.295
1642.15,0.208,-2.775,-1.273
1642.33,0.226,-2.776,-1.287
1642.51,0.222,-2.775,-1.244
1642.69,0.223,-2.778,-1.264
1642.88,0.239,-2.781,-1.234
1643.6,0.209,-2.782,-1.23
1643.24,0.228,-2.788,-1.242
1643.42,0.207,-2.789,-1.246
1643.6,0.224,-2.791,-1.238
1643.79,0.195,-2.793,-1.244
1643.97,0.226,-2.794,-1.248
1644.15,0.21,-2.793,-1.247
1644.33,0.233,-2.794,-1.25
1644.52,0.203,-2.793,-1.236
1644.7,0.219,-2.796,-1.256
1644.88,0.21,-2.799,-1.277
1645.6,0.207,-2.796,-1.27
1645.25,0.223,-2.795,-1.281
1645.43,0.197,-2.795,-1.292
1645.61,0.226,-2.797,-1.291
1645.79,0.217,-2.799,-1.283
1645.97,0.212,-2.803,-1.278
1650.9,0.22,-2.826,-1.262
1651.8,0.223,-2.828,-1.289
1651.26,0.213,-2.83,-1.299
1651.44,0.21,-2.831,-1.272
1651.62,0.201,-2.828,-1.264
1651.81,0.222,-2.83,-1.269
1651.99,0.215,-2.83,-1.261
1652.17,0.206,-2.83,-1.278
1652.35,0.215,-2.831,-1.28
1658.0,0.213,-2.857,-1.199
1658.19,0.212,-2.858,-1.195
1658.37,0.206,-2.859,-1.214
1658.55,0.219,-2.86,-1.243
1658.73,0.211,-2.863,-1.239
1658.92,0.221,-2.866,-1.202
1659.1,0.208,-2.867,-1.187
1659.28,0.214,-2.868,-1.174
1659.46,0.224,-2.87,-1.204
1659.64,0.2,-2.871,-1.205
1659.83,0.215,-2.873,-1.21
1660.1,0.223,-2.875,-1.209
1660.19,0.217,-2.875,-1.235
1660.74,0.204,-2.873,-1.252
1660.92,0.227,-2.876,-1.259
1661.1,0.203,-2.878,-1.252
1661.28,0.211,-2.875,-1.269
1661.47,0.21,-2.873,-1.29
1661.65,0.214,-2.877,-1.306
1661.83,0.226,-2.878,-1.297
1662.1,0.201,-2.879,-1.289
1662.2,0.222,-2.877,-1.306
1662.38,0.211,-2.877,-1.291
1662.56,0.233,-2.877,-1.28
1662.74,0.207,-2.878,-1.292
1662.93,0.237,-2.878,-1.288
1663.11,0.22,-2.88,-1.296
1663.29,0.236,-2.882,-1.281
1663.47,0.215,-2.882,-1.299
1663.65,0.216,-2.883,-1.293
1663.84,0.21,-2.883,-1.279
1664.2,0.21,-2.884,-1.26
1664.2,0.223,-2.881,-1.255
1664.38,0.212,-2.881,-1.252
1664.57,0.225,-2.884,-1.249
1664.75,0.226,-2.885,-1.244
1664.93,0.207,-2.883,-1.257
1665.66,0.208,-2.895,-1.261
1665.84,0.217,-2.897,-1.267
1666.2,0.197,-2.898,-1.255
1666.21,0.218,-2.898,-1.265
1666.39,0.221,-2.899,-1.254
1666.57,0.2,-2.897,-1.264
1666.75,0.22,-2.896,-1.256
1666.94,0.222,-2.896,-1.271
1667.12,0.191,-2.898,-1.261
1671.86,0.234,-2.915,-1.248
1672.4,0.214,-2.915,-1.256
1672.22,0.204,-2.919,-1.267
1672.4,0.227,-2.92,-1.264
1672.59,0.215,-2.921,-1.253
1672.77,0.222,-2.922,-1.257
1672.95,0.213,-2.92,-1.278
1673.13,0.221,-2.922,-1.252
1673.31,0.198,-2.92,-1.273
1673.5,0.212,-2.922,-1.243
1673.68,0.179,-2.922,-1.274
1673.86,0.236,-2.925,-1.253
1674.4,0.199,-2.923,-1.27
1674.23,0.229,-2.923,-1.263
1674.41,0.209,-2.924,-1.271
1674.59,0.178,-2.927,-1.274
1674.77,0.24,-2.929,-1.271
1674.96,0.178,-2.928,-1.26
1676.23,0.183,-2.938,-1.282
1676.41,0.218,-2.941,-1.276
1676.6,0.185,-2.942,-1.265
1676.78,0.233,-2.943,-1.27
1676.96,0.216,-2.944,-1.255
1677.14,0.209,-2.945,-1.253
1677.32,0.233,-2.948,-1.268
1677.51,0.208,-2.951,-1.254
1677.69,0.209,-2.95,-1.254
1677.87,0.21,-2.953,-1.249
1678.5,0.221,-2.956,-1.246
1678.24,0.182,-2.958,-1.257
1678.42,0.232,-2.959,-1.237
1678.6,0.208,-2.961,-1.261
1678.78,0.186,-2.961,-1.273
1679.88,0.21,-2.961,-1.233
1680.6,0.198,-2.957,-1.222
1680.24,0.203,-2.956,-1.245
1680.42,0.223,-2.959,-1.235
1680.61,0.221,-2.962,-1.245
1680.79,0.196,-2.965,-1.258
1680.97,0.213,-2.965,-1.266
1681.15,0.202,-2.967,-1.254
1681.33,0.206,-2.966,-1.244
1681.52,0.232,-2.966,-1.257
1681.7,0.183,-2.967,-1.229
1681.88,0.25,-2.969,-1.223
1682.6,0.231,-2.974,-1.217
1682.25,0.188,-2.971,-1.227
1682.43,0.235,-2.972,-1.229
1682.61,0.182,-2.974,-1.234
1682.79,0.215,-2.975,-1.247
1682.97,0.202,-2.973,-1.242
1683.16,0.25,-2.976,-1.257
1683.34,0.183,-2.978,-1.247
1683.52,0.252,-2.982,-1.261
1683.7,0.165,-2.985,-1.267
1683.89,0.224,-2.985,-1.25
1684.7,0.2,-2.986,-1.252
1684.25,0.218,-2.987,-1.273
1684.43,0.216,-2.989,-1.25
1684.62,0.205,-2.988,-1.245
1684.8,0.219,-2.99,-1.231
1684.98,0.197,-2.989,-1.246
1685.16,0.203,-2.991,-1.235
1685.34,0.204,-2.99,-1.259
1685.53,0.217,-2.988,-1.283
1685.71,0.212,-2.986,-1.286
1685.89,0.211,-2.986,-1.293
1686.7,0.2,-2.988,-1.282
1686.26,0.191,-2.989,-1.283
1686.44,0.211,-2.99,-1.273
1686.62,0.212,-2.991,-1.289
1686.8,0.216,-2.992,-1.311
1686.98,0.219,-2.993,-1.288
1687.17,0.211,-2.991,-1.295
1687.35,0.208,-2.992,-1.315
1687.53,0.211,-2.994,-1.296
1687.71,0.202,-2.992,-1.292
1687.9,0.218,-2.994,-1.292
1688.8,0.212,-2.994,-1.295
1688.26,0.215,-2.997,-1.266
1688.44,0.206,-2.999,-1.279
1688.62,0.227,-2.999,-1.279
1688.81,0.216,-3.002,-1.279
1688.99,0.192,-3.002,-1.262
1689.17,0.215,-3.003,-1.288
1689.35,0.209,-3.007,-1.285
1689.54,0.196,-3.008,-1.294
1689.72,0.22,-3.007,-1.284
1689.9,0.217,-3.005,-1.287
1690.8,0.239,-3.006,-1.299
1690.27,0.204,-3.006,-1.289
1690.45,0.231,-3.009,-1.302
1690.63,0.241,-3.011,-1.304
1690.81,0.167,-3.012,-1.274
1690.99,0.244,-3.016,-1.287
1691.18,0.185,-3.02,-1.287
1691.36,0.21,-3.019,-1.274
1691.54,0.205,-3.02,-1.26
1691.72,0.214,-3.022,-1.262
1691.91,0.206,-3.026,-1.261
1692.9,0.209,-3.029,-1.261
1692.27,0.198,-3.03,-1.276
1692.45,0.238,-3.031,-1.266
1692.63,0.198,-3.032,-1.271
1692.82,0.195,-3.036,-1.268
1693.0,0.2,-3.038,-1.26
1693.18,0.243,-3.039,-1.277
1693.36,0.235,-3.041,-1.263
1693.55,0.177,-3.042,-1.263
1693.73,0.256,-3.044,-1.276
1693.91,0.231,-3.048,-1.286
1694.9,0.177,-3.047,-1.27
1694.28,0.267,-3.05,-1.277
1694.46,0.18,-3.052,-1.276
1694.64,0.23,-3.052,-1.264
1694.82,0.241,-3.054,-1.303
1695.0,0.185,-3.054,-1.308
1695.19,0.245,-3.054,-1.297
1695.37,0.195,-3.056,-1.296
1695.55,0.222,-3.059,-1.28
1695.73,0.201,-3.06,-1.295
1695.92,0.236,-3.06,-1.292
1696.1,0.183,-3.061,-1.293
1696.28,0.22,-3.064,-1.284
1696.46,0.207,-3.064,-1.271
1696.64,0.199,-3.066,-1.263
1696.83,0.232,-3.063,-1.276
1697.1,0.197,-3.065,-1.268
1697.19,0.202,-3.064,-1.263
1697.37,0.252,-3.067,-1.266
1697.56,0.156,-3.066,-1.275
1697.74,0.293,-3.069,-1.267
1697.92,0.136,-3.071,-1.284
1698.1,0.261,-3.072,-1.249
1698.29,0.187,-3.072,-1.257
1698.47,0.213,-3.072,-1.25
1698.65,0.212,-3.074,-1.237
1698.83,0.239,-3.074,-1.247
1699.1,0.199,-3.074,-1.254
1699.2,0.223,-3.073,-1.27
1699.38,0.205,-3.075,-1.29
1699.56,0.217,-3.074,-1.258
1699.74,0.236,-3.074,-1.27
1699.93,0.217,-3.076,-1.279
1700.11,0.202,-3.077,-1.275
1700.29,0.236,-3.076,-1.271
1700.47,0.194,-3.075,-1.259
1700.65,0.198,-3.075,-1.256
1700.84,0.22,-3.075,-1.266
1701.2,0.217,-3.075,-1.268
1701.2,0.201,-3.075,-1.277
1701.38,0.206,-3.077,-1.28
1701.57,0.204,-3.081,-1.262
1701.75,0.182,-3.082,-1.276
1701.93,0.226,-3.084,-1.287
1702.11,0.171,-3.083,-1.292
1702.3,0.209,-3.084,-1.282
1702.48,0.216,-3.082,-1.29
1702.66,0.215,-3.082,-1.273
1702.84,0.213,-3.085,-1.267
1703.2,0.25,-3.09,-1.292
1703.21,0.218,-3.091,-1.259
1704.3,0.197,-3.1,-1.289
1704.48,0.234,-3.1,-1.301
1704.66,0.199,-3.097,-1.254
1704.85,0.212,-3.101,-1.268
1705.3,0.232,-3.103,-1.277
1705.21,0.206,-3.102,-1.271
1705.39,0.204,-3.101,-1.264
1705.58,0.218,-3.105,-1.265
1705.76,0.221,-3.108,-1.247
1705.94,0.204,-3.112,-1.258
1706.12,0.231,-3.112,-1.247
1706.31,0.206,-3.114,-1.248
1706.49,0.241,-3.118,-1.225
1706.67,0.219,-3.118,-1.241
1706.85,0.069,-0.144,-0.65
1707.3,0.187,-0.126,-0.678
1707.22,0.172,-0.124,-0.681
1707.4,0.224,-0.124,-0.679
1707.58,0.159,-0.124,-0.661
1707.76,0.197,-0.125,-0.688
1707.95,0.202,-0.127,-0.667
1708.13,0.166,-0.124,-0.68
1708.31,0.25,-0.124,-0.686
1708.49,0.146,-0.121,-0.709
1708.67,0.236,-0.123,-0.698
1708.86,0.177,-0.127,-0.714
1709.4,0.224,-0.128,-0.723
1709.22,0.173,-0.129,-0.693
1709.4,0.234,-0.133,-0.697
1709.59,0.159,-0.134,-0.72
1709.77,0.218,-0.134,-0.703
1709.95,0.178,-0.135,-0.699
1710.13,0.196,-0.137,-0.726
1710.31,0.18,-0.137,-0.687
1710.5,0.222,-0.135,-0.712
1710.68,0.178,-0.135,-0.709
1710.86,0.212,-0.134,-0.692
1711.4,0.183,-0.137,-0.691
1711.23,0.179,-0.139,-0.684
1711.41,0.178,-0.139,-0.664
1711.59,0.202,-0.135,-0.664
1711.77,0.203,-0.134,-0.688
1711.96,0.169,-0.137,-0.674
1712.14,0.181,-0.137,-0.667
1712.32,0.213,-0.139,-0.685
1712.5,0.161,-0.14,-0.672
1712.68,0.241,-0.141,-0.679
1712.87,0.168,-0.142,-0.656
1713.5,0.197,-0.143,-0.679
1713.23,0.19,-0.144,-0.677
1713.41,0.192,-0.141,-0.685
1713.6,0.192,-0.144,-0.681
1713.78,0.226,-0.141,-0.698
1713.96,0.16,-0.142,-0.687
1714.14,0.22,-0.149,-0.688
1714.32,0.171,-0.154,-0.682
1714.51,0.209,-0.155,-0.684
1715.24,0.221,-0.151,-0.695
1715.42,0.168,-0.153,-0.683
1715.6,0.235,-0.159,-0.677
1715.78,0.169,-0.159,-0.69
1715.96,0.217,-0.158,-0.677
1716.15,0.188,-0.159,-0.672
1716.33,0.2,-0.161,-0.682
1716.51,0.202,-0.165,-0.665
1716.69,0.2,-0.165,-0.685
1716.88,0.199,-0.169,-0.666
1717.6,0.173,-0.17,-0.655
1717.24,0.203,-0.172,-0.653
1717.42,0.198,-0.175,-0.637
1717.61,0.213,-0.177,-0.654
1717.79,0.184,-0.177,-0.679
1717.97,0.204,-0.179,-0.693
1718.15,0.164,-0.18,-0.642
1718.33,0.207,-0.183,-0.639
1718.52,0.168,-0.186,-0.657
1718.7,0.223,-0.185,-0.664
1718.88,0.165,-0.187,-0.666
1719.6,0.207,-0.19,-0.676
1719.25,0.18,-0.191,-0.656
1719.43,0.22,-0.195,-0.624
1719.61,0.181,-0.196,-0.644
1719.79,0.205,-0.198,-0.636
1719.97,0.191,-0.199,-0.644
1720.16,0.2,-0.197,-0.651
1720.34,0.186,-0.199,-0.64
1720.52,0.164,-0.197,-0.661
1720.7,0.219,-0.2,-0.63
1720.89,0.162,-0.198,-0.658
1721.98,0.197,-0.207,-0.68
1722.16,0.188,-0.207,-0.682
1722.34,0.203,-0.208,-0.682
1722.53,0.19,-0.208,-0.698
1722.71,0.202,-0.208,-0.674
1722.89,0.203,-0.208,-0.679
1723.7,0.164,-0.208,-0.692
1723.26,0.227,-0.21,-0.666
1723.44,0.192,-0.207,-0.69
1723.62,0.209,-0.21,-0.672
1729.9,0.226,-0.231,-0.634
1729.27,0.182,-0.229,-0.636
1729.45,0.211,-0.227,-0.635
1729.64,0.195,-0.232,-0.646
1729.82,0.187,-0.236,-0.642
1730.0,0.206,-0.235,-0.653
1730.18,0.198,-0.234,-0.618
1730.36,0.183,-0.232,-0.617
1730.55,0.207,-0.233,-0.647
1730.73,0.196,-0.233,-0.63
1730.91,0.186,-0.234,-0.615
1731.9,0.187,-0.237,-0.601
1731.28,0.181,-0.242,-0.613
1731.46,0.201,-0.245,-0.61
1731.64,0.177,-0.245,-0.612
1731.82,0.189,-0.248,-0.61
1732.1,0.183,-0.246,-0.595
1732.19,0.193,-0.244,-0.598
1732.37,0.195,-0.243,-0.596
1732.55,0.174,-0.243,-0.586
1732.73,0.206,-0.244,-0.601
1732.92,0.197,-0.244,-0.614
1733.1,0.198,-0.245,-0.622
1733.28,0.198,-0.242,-0.624
1733.46,0.187,-0.244,-0.626
1733.65,0.181,-0.245,-0.639
1733.83,0.184,-0.244,-0.61
1734.1,0.178,-0.247,-0.611
1734.19,0.194,-0.25,-0.607
1734.38,0.19,-0.252,-0.601
1734.56,0.181,-0.252,-0.615
1734.74,0.208,-0.252,-0.626
1734.92,0.168,-0.255,-0.657
1735.1,0.197,-0.255,-0.658
1735.29,0.201,-0.256,-0.655
1735.47,0.175,-0.256,-0.626
1735.65,0.206,-0.258,-0.6
1735.83,0.197,-0.257,-0.611
1736.2,0.212,-0.262,-0.634
1736.2,0.187,-0.262,-0.65
1736.38,0.181,-0.259,-0.668
1736.56,0.176,-0.257,-0.684
1736.74,0.196,-0.257,-0.648
1736.93,0.231,-0.259,-0.65
1737.11,0.154,-0.26,-0.655
1737.29,0.203,-0.262,-0.674
1737.47,0.203,-0.263,-0.672
1737.66,0.18,-0.261,-0.665
1737.84,0.191,-0.26,-0.671
1738.2,0.199,-0.258,-0.658
1738.2,0.198,-0.258,-0.634
1738.39,0.19,-0.26,-0.646
1738.57,0.18,-0.263,-0.649
1738.75,0.19,-0.264,-0.648
1739.84,0.188,-0.27,-0.722
1740.3,0.217,-0.269,-0.691
1740.21,0.178,-0.265,-0.699
1740.39,0.205,-0.268,-0.708
1740.57,0.19,-0.269,-0.697
1740.76,0.186,-0.272,-0.702
1740.94,0.171,-0.273,-0.712
1741.12,0.206,-0.273,-0.7
1741.3,0.186,-0.273,-0.709
1741.48,0.183,-0.272,-0.679
1741.67,0.23,-0.272,-0.678
1741.85,0.167,-0.271,-0.673
1742.3,0.215,-0.272,-0.684
1742.21,0.171,-0.273,-0.692
1742.4,0.226,-0.271,-0.681
1742.58,0.179,-0.272,-0.704
1742.76,0.222,-0.273,-0.697
1742.94,0.182,-0.272,-0.692
1743.13,0.219,-0.273,-0.707
1743.31,0.181,-0.274,-0.692
1744.4,0.185,-0.278,-0.677
1744.58,0.171,-0.278,-0.68
1744.77,0.223,-0.279,-0.682
1744.95,0.155,-0.279,-0.673
1745.13,0.224,-0.282,-0.685
1745.31,0.188,-0.282,-0.687
1745.5,0.202,-0.283,-0.683
1745.68,0.188,-0.287,-0.678
1745.86,0.205,-0.284,-0.681
1751.15,0.156,-0.312,-0.684
1751.33,0.203,-0.313,-0.673
1751.51,0.172,-0.314,-0.668
1751.69,0.214,-0.315,-0.698
1751.87,0.216,-0.314,-0.699
1752.6,0.208,-0.319,-0.693
1752.24,0.209,-0.32,-0.68
1752.42,0.18,-0.318,-0.661
1752.6,0.221,-0.321,-0.697
1752.79,0.167,-0.323,-0.689
1752.97,0.202,-0.322,-0.708
1753.15,0.219,-0.327,-0.697
1753.33,0.115,-0.322,-0.691
1753.52,0.226,-0.325,-0.679
1753.7,0.174,-0.326,-0.636
1753.88,0.21,-0.325,-0.686
1754.6,0.215,-0.327,-0.684
1754.24,0.158,-0.323,-0.7
1754.43,0.232,-0.324,-0.691
1754.61,0.15,-0.324,-0.72
1754.79,0.23,-0.327,-0.712
1754.97,0.208,-0.328,-0.715
1755.16,0.18,-0.327,-0.691
1755.34,0.251,-0.329,-0.66
1755.52,0.174,-0.33,-0.699
1755.7,0.233,-0.33,-0.686
1755.89,0.183,-0.332,-0.665
1756.7,0.204,-0.333,-0.696
1756.25,0.19,-0.336,-0.728
1756.43,0.207,-0.333,-0.684
1756.61,0.185,-0.334,-0.704
1756.8,0.181,-0.336,-0.676
1756.98,0.186,-0.336,-0.689
1757.16,0.21,-0.334,-0.654
1757.34,0.198,-0.337,-0.715
1757.53,0.186,-0.339,-0.655
1757.71,0.203,-0.342,-0.714
1757.89,0.175,-0.345,-0.67
1758.7,0.234,-0.347,-0.703
1758.26,0.199,-0.347,-0.68
1758.44,0.227,-0.348,-0.698
1758.62,0.192,-0.35,-0.695
1758.8,0.18,-0.35,-0.692
1758.98,0.189,-0.351,-0.696
1759.17,0.194,-0.354,-0.689
1759.35,0.2,-0.356,-0.7
1759.53,0.186,-0.36,-0.686
1759.71,0.212,-0.359,-0.68
1759.9,0.221,-0.361,-0.698
1760.8,0.168,-0.361,-0.679
1760.26,0.255,-0.365,-0.671
1760.44,0.126,-0.363,-0.69
1760.62,0.261,-0.363,-0.672
1760.81,0.19,-0.362,-0.681
1760.99,0.197,-0.366,-0.685
1761.17,0.189,-0.368,-0.702
1761.35,0.216,-0.369,-0.677
1761.54,0.205,-0.367,-0.683
1761.72,0.204,-0.366,-0.692
1761.9,0.225,-0.366,-0.659
1762.8,0.156,-0.362,-0.657
1762.27,0.23,-0.365,-0.642
1762.45,0.175,-0.362,-0.675
1762.63,0.213,-0.368,-0.649
1764.27,0.168,-0.381,-0.636
1764.45,0.229,-0.381,-0.653
1764.64,0.186,-0.381,-0.663
1764.82,0.189,-0.382,-0.665
1765.0,0.198,-0.381,-0.665
1765.18,0.194,-0.382,-0.675
1765.36,0.195,-0.38,-0.686
1765.55,0.199,-0.38,-0.68
1765.73,0.196,-0.385,-0.687
1765.91,0.202,-0.388,-0.708
1766.9,0.205,-0.386,-0.695
1771.93,0.195,-0.435,-0.691
1772.11,0.194,-0.435,-0.688
1772.29,0.187,-0.434,-0.675
1772.47,0.204,-0.436,-0.675
1772.66,0.166,-0.439,-0.661
1772.84,0.19,-0.444,-0.664
1773.2,0.181,-0.442,-0.668
1773.2,0.189,-0.438,-0.666
1773.38,0.19,-0.441,-0.662
1773.57,0.191,-0.441,-0.675
1779.58,0.208,-0.478,-0.703
1779.77,0.223,-0.478,-0.694
1779.95,0.186,-0.476,-0.668
1780.13,0.203,-0.477,-0.677
1780.31,0.183,-0.479,-0.679
1780.49,0.177,-0.481,-0.685
1780.68,0.199,-0.485,-0.676
1780.86,0.179,-0.487,-0.703
1781.4,0.212,-0.486,-0.687
1781.22,0.176,-0.484,-0.692
1786.51,0.06,-0.519,-0.699
1786.69,0.285,-0.528,-0.695
1786.87,0.131,-0.529,-0.708
1787.6,0.207,-0.53,-0.698
1787.24,0.172,-0.531,-0.692
1787.42,0.198,-0.529,-0.698
1787.6,0.185,-0.531,-0.726
1787.79,0.204,-0.533,-0.692
1787.97,0.16,-0.533,-0.698
1788.15,0.203,-0.54,-0.701
1788.33,0.187,-0.545,-0.7
1793.44,0.213,-0.575,-0.648
1793.62,0.174,-0.572,-0.645
1793.8,0.194,-0.574,-0.666
1793.98,0.193,-0.574,-0.667
1794.17,0.202,-0.576,-0.678
1794.35,0.204,-0.577,-0.669
1794.53,0.186,-0.577,-0.654
1794.71,0.205,-0.579,-0.666
1794.89,0.19,-0.58,-0.677
1795.8,0.212,-0.581,-0.678
1795.26,0.197,-0.58,-0.683
1795.44,0.165,-0.58,-0.694
1795.62,0.191,-0.578,-0.685
1795.81,0.189,-0.579,-0.692
1795.99,0.203,-0.577,-0.689
1796.17,0.203,-0.579,-0.707
1796.35,0.18,-0.581,-0.716
1796.54,0.195,-0.585,-0.692
1796.72,0.197,-0.588,-0.686
1796.9,0.187,-0.591,-0.694
1797.8,0.229,-0.593,-0.691
1797.26,0.177,-0.594,-0.703
1797.45,0.208,-0.596,-0.722
1797.63,0.181,-0.597,-0.699
1797.81,0.199,-0.6,-0.69
1797.99,0.187,-0.599,-0.67
1799.9,0.195,-0.597,-0.682
1799.27,0.185,-0.596,-0.691
1799.45,0.173,-0.597,-0.687
1799.63,0.182,-0.599,-0.663
1799.82,0.188,-0.6,-0.657
1800.0,0.192,-0.602,-0.68
1800.18,0.166,-0.603,-0.685
1800.36,0.202,-0.603,-0.693
1800.55,0.174,-0.603,-0.694
1800.73,0.18,-0.604,-0.71
1800.91,0.184,-0.607,-0.719
1801.9,0.159,-0.606,-0.706
1801.27,0.226,-0.605,-0.695
1801.46,0.185,-0.602,-0.686
1801.64,0.198,-0.604,-0.688
1803.28,0.198,-0.61,-0.693
1803.46,0.219,-0.61,-0.688
1803.64,0.187,-0.61,-0.678
1803.83,0.222,-0.609,-0.683
1804.1,0.192,-0.61,-0.697
1804.19,0.192,-0.61,-0.708
1804.37,0.196,-0.608,-0.694
1804.56,0.189,-0.609,-0.695
1804.74,0.204,-0.61,-0.681
1804.92,0.199,-0.615,-0.68
1805.1,0.194,-0.616,-0.694
1805.29,0.186,-0.619,-0.687
1805.47,0.199,-0.616,-0.682
1805.65,0.178,-0.616,-0.694
1805.83,0.205,-0.615,-0.714
1806.1,0.201,-0.617,-0.688
1806.2,0.207,-0.618,-0.642
1806.38,0.176,-0.62,-0.645
1806.56,0.188,-0.624,-0.666
1806.74,0.183,-0.622,-0.694
1806.93,0.209,-0.623,-0.674
1807.11,0.166,-0.624,-0.688
1807.29,0.199,-0.627,-0.678
1807.47,0.177,-0.628,-0.688
1807.65,0.174,-0.629,-0.702
1808.93,0.192,-0.634,-0.672
1809.11,0.2,-0.635,-0.664
1809.3,0.193,-0.63,-0.668
1809.48,0.206,-0.632,-0.667
1809.66,0.202,-0.63,-0.683
1809.84,0.183,-0.632,-0.669
1810.2,0.213,-0.635,-0.681
1810.21,0.198,-0.635,-0.681
1810.39,0.183,-0.635,-0.68
1810.57,0.187,-0.637,-0.693
1810.75,0.192,-0.638,-0.703
1810.94,0.207,-0.639,-0.69
1811.12,0.176,-0.642,-0.691
1811.3,0.204,-0.643,-0.689
1811.48,0.212,-0.645,-0.689
1811.67,0.193,-0.646,-0.691
1811.85,0.199,-0.643,-0.691
1812.3,0.196,-0.642,-0.679
1812.21,0.197,-0.643,-0.691
1812.39,0.19,-0.646,-0.705
1812.58,0.203,-0.649,-0.689
1812.76,0.17,-0.65,-0.7
1812.94,0.194,-0.652,-0.689
1813.12,0.18,-0.653,-0.695
1813.31,0.207,-0.654,-0.701
1813.49,0.214,-0.654,-0.678
1813.67,0.194,-0.658,-0.708
1813.85,0.202,-0.661,-0.708
1814.3,0.189,-0.66,-0.688
1814.22,0.209,-0.66,-0.672
1814.4,0.178,-0.663,-0.691
1814.58,0.214,-0.666,-0.702
1814.76,0.2,-0.666,-0.694
1814.95,0.188,-0.666,-0.709
1815.13,0.205,-0.668,-0.682
1815.31,0.173,-0.669,-0.703
1815.49,0.195,-0.667,-0.681
1815.68,0.184,-0.669,-0.699
1815.86,0.195,-0.672,-0.684
1816.4,0.181,-0.674,-0.684
1816.22,0.198,-0.677,-0.697
1816.4,0.198,-0.678,-0.678
1816.59,0.189,-0.68,-0.69
1816.77,0.207,-0.681,-0.695
1816.95,0.16,-0.679,-0.683
1817.13,0.196,-0.678,-0.691
1817.32,0.192,-0.677,-0.698
1817.5,0.208,-0.68,-0.699
1817.68,0.177,-0.681,-0.696
1817.86,0.206,-0.681,-0.688
1818.4,0.199,-0.683,-0.687
1818.23,0.186,-0.685,-0.687
1819.14,0.191,-0.691,-0.7
1819.32,0.182,-0.692,-0.681
1819.5,0.192,-0.692,-0.694
1819.69,0.192,-0.692,-0.682
1819.87,0.182,-0.691,-0.673
1820.5,0.193,-0.694,-0.682
1820.23,0.172,-0.692,-0.68
1820.41,0.198,-0.691,-0.685
1820.6,0.216,-0.691,-0.68
1820.78,0.186,-0.69,-0.692
1820.96,0.192,-0.693,-0.695
1821.14,0.19,-0.693,-0.682
1821.33,0.191,-0.693,-0.69
1821.51,0.169,-0.692,-0.683
1821.69,0.201,-0.689,-0.67
1821.87,0.192,-0.69,-0.685
1822.5,0.184,-0.691,-0.67
1822.24,0.175,-0.692,-0.684
1822.42,0.197,-0.694,-0.693
1822.6,0.166,-0.696,-0.692
1822.78,0.212,-0.7,-0.675
1822.97,0.154,-0.7,-0.693
1823.15,0.194,-0.702,-0.686
1824.97,0.186,-0.707,-0.676
1825.15,0.2,-0.706,-0.682
1825.34,0.204,-0.708,-0.675
1825.52,0.18,-0.707,-0.668
1825.7,0.191,-0.709,-0.637
1825.88,0.199,-0.71,-0.599
1826.6,0.183,-0.712,-0.581
1826.25,0.202,-0.713,-0.598
1826.43,0.184,-0.716,-0.592
1826.61,0.187,-0.718,-0.618
1826.79,0.195,-0.717,-0.628
1826.98,0.187,-0.722,-0.66
1827.16,0.202,-0.724,-0.66
1827.34,0.188,-0.727,-0.66
1828.62,0.19,-0.732,-0.699
1828.8,0.195,-0.733,-0.69
1828.98,0.208,-0.733,-0.692
1829.16,0.196,-0.734,-0.693
1829.35,0.209,-0.738,-0.715
1829.53,0.186,-0.74,-0.719
1829.71,0.188,-0.738,-0.721
1829.89,0.192,-0.74,-0.715
1830.7,0.183,-0.742,-0.706
1830.26,0.198,-0.744,-0.713
1830.44,0.19,-0.743,-0.694
1830.62,0.191,-0.741,-0.686
1830.8,0.185,-0.741,-0.673
1830.99,0.175,-0.743,-0.695
1831.17,0.224,-0.745,-0.686
1831.35,0.177,-0.744,-0.687
1831.53,0.188,-0.745,-0.678
1831.72,0.202,-0.749,-0.678
1831.9,0.175,-0.748,-0.702
1832.8,0.204,-0.749,-0.708
1832.26,0.161,-0.75,-0.7
1832.44,0.204,-0.753,-0.7
1832.63,0.182,-0.753,-0.709
1832.81,0.188,-0.754,-0.696
1832.99,0.172,-0.754,-0.701
1833.17,0.202,-0.754,-0.689
1833.36,0.173,-0.753,-0.707
1833.54,0.205,-0.753,-0.707
1833.72,0.18,-0.754,-0.712
1833.9,0.177,-0.757,-0.701
1834.8,0.193,-0.759,-0.718
1834.27,0.21,-0.758,-0.73
1834.45,0.182,-0.762,-0.726
1834.63,0.2,-0.765,-0.689
1834.81,0.169,-0.766,-0.705
1835.0,0.18,-0.768,-0.693
1835.18,0.217,-0.771,-0.683
1835.36,0.166,-0.771,-0.689
1835.54,0.193,-0.771,-0.683
1835.73,0.183,-0.77,-0.686
1835.91,0.205,-0.774,-0.678
1836.9,0.222,-0.777,-0.683
1836.27,0.171,-0.778,-0.702
1836.45,0.213,-0.779,-0.695
1836.64,0.199,-0.778,-0.675
1836.82,0.167,-0.781,-0.691
1837.0,0.212,-0.78,-0.71
1837.18,0.185,-0.782,-0.689
1837.37,0.21,-0.781,-0.694
1837.55,0.173,-0.783,-0.698
1837.73,0.19,-0.783,-0.726
1837.91,0.184,-0.785,-0.7
1838.9,0.203,-0.786,-0.715
1838.28,0.194,-0.79,-0.721
1838.46,0.194,-0.793,-0.715
1838.64,0.191,-0.796,-0.712
1838.82,0.191,-0.799,-0.719
1839.1,0.184,-0.8,-0.69
1839.19,0.223,-0.8,-0.703
1839.37,0.18,-0.8,-0.689
1839.55,0.182,-0.802,-0.681
1839.73,0.177,-0.803,-0.691
1839.92,0.184,-0.804,-0.692
1840.1,0.218,-0.803,-0.695
1840.28,0.157,-0.806,-0.672
1840.46,0.219,-0.808,-0.662
1840.65,0.166,-0.81,-0.678
1840.83,0.221,-0.809,-0.669
1841.1,0.163,-0.81,-0.695
1841.19,0.221,-0.813,-0.678
1841.38,0.171,-0.812,-0.681
1841.56,0.184,-0.814,-0.634
1841.74,0.192,-0.816,-0.678
1841.92,0.203,-0.816,-0.649
1842.1,0.202,-0.819,-0.618
1842.29,0.197,-0.82,-0.621
1842.47,0.178,-0.823,-0.631
1842.65,0.215,-0.824,-0.631
1843.74,0.145,-0.825,-0.656
1843.93,0.288,-0.83,-0.632
1844.11,0.064,-0.827,-0.634
1844.29,0.292,-0.833,-0.664
1844.47,0.07,-0.833,-0.663
1844.66,0.291,-0.834,-0.662
1844.84,0.101,-0.834,-0.727
1845.2,0.226,-0.834,-0.692
1845.2,0.188,-0.831,-0.729
1845.38,0.178,-0.833,-0.719
1845.57,0.23,-0.834,-0.7
1845.75,0.139,-0.836,-0.711
1845.93,0.217,-0.837,-0.69
1846.11,0.188,-0.837,-0.697
1846.3,0.211,-0.839,-0.691
1846.48,0.157,-0.84,-0.696
1846.66,0.215,-0.843,-0.671
1846.84,0.169,-0.839,-0.664
1850.12,0.205,-0.864,-0.636
1850.31,0.172,-0.864,-0.631
1850.49,0.199,-0.866,-0.628
1850.67,0.178,-0.863,-0.66
1850.85,0.174,-0.864,-0.658
1851.4,0.212,-0.868,-0.647
1851.22,0.191,-0.87,-0.658
1851.4,0.199,-0.874,-0.671
1851.58,0.176,-0.875,-0.692
1851.76,0.2,-0.876,-0.684
1851.95,0.185,-0.88,-0.677
1852.13,0.19,-0.881,-0.643
1852.31,0.195,-0.883,-0.662
1852.49,0.205,-0.885,-0.653
1852.68,0.206,-0.887,-0.632
1852.86,0.166,-0.883,-0.641
1853.4,0.217,-0.884,-0.633
1853.22,0.187,-0.885,-0.579
1853.4,0.179,-0.886,-0.589
1853.59,0.201,-0.887,-0.583
1853.77,0.19,-0.886,-0.59
1853.95,0.194,-0.887,-0.583
1854.13,0.198,-0.889,-0.599
1854.32,0.199,-0.89,-0.627
1854.5,0.199,-0.888,-0.654
1854.68,0.193,-0.888,-0.665
1854.86,0.196,-0.888,-0.671
1855.4,0.189,-0.886,-0.665
1855.23,0.202,-0.885,-0.691
1855.41,0.219,-0.883,-0.682
1855.59,0.185,-0.881,-0.701
1855.77,0.203,-0.879,-0.681
1855.96,0.177,-0.881,-0.687
1856.14,0.181,-0.879,-0.7
1856.32,0.201,-0.877,-0.695
1856.5,0.212,-0.877,-0.691
1857.78,0.19,-0.884,-0.646
1857.96,0.188,-0.886,-0.644
1858.14,0.218,-0.885,-0.623
1858.33,0.164,-0.885,-0.663
1858.51,0.196,-0.885,-0.646
1858.69,0.173,-0.886,-0.638
1858.87,0.214,-0.891,-0.627
1859.5,0.154,-0.89,-0.64
1859.24,0.229,-0.894,-0.646
1864.7,0.21,-0.928,-0.637
1864.89,0.189,-0.928,-0.637
1865.7,0.193,-0.927,-0.653
1865.25,0.207,-0.927,-0.655
1865.43,0.201,-0.926,-0.655
1865.62,0.208,-0.924,-0.652
1865.8,0.2,-0.926,-0.664
1865.98,0.181,-0.925,-0.673
1866.16,0.192,-0.926,-0.666
1866.35,0.189,-0.926,-0.65
1866.53,0.201,-0.928,-0.668
1866.71,0.21,-0.929,-0.661
1866.89,0.202,-0.927,-0.671
1867.7,0.205,-0.928,-0.668
1867.26,0.179,-0.929,-0.673
1867.44,0.2,-0.929,-0.678
1867.62,0.179,-0.928,-0.686
1867.8,0.205,-0.934,-0.706
1868.9,0.175,-0.934,-0.705
1869.8,0.19,-0.93,-0.709
1869.26,0.199,-0.928,-0.711
1869.44,0.181,-0.932,-0.707
1869.63,0.194,-0.934,-0.698
1869.81,0.174,-0.937,-0.699
1869.99,0.21,-0.935,-0.689
1870.17,0.175,-0.936,-0.706
1870.35,0.204,-0.935,-0.691
1870.54,0.176,-0.937,-0.703
1870.72,0.181,-0.94,-0.695
1870.9,0.19,-0.942,-0.71
1871.8,0.211,-0.94,-0.696
1871.27,0.175,-0.94,-0.705
1871.45,0.188,-0.94,-0.689
1871.63,0.181,-0.942,-0.687
1871.81,0.193,-0.945,-0.688
1872.0,0.202,-0.944,-0.679
1872.18,0.189,-0.946,-0.683
1872.36,0.198,-0.947,-0.697
1872.54,0.191,-0.948,-0.677
1872.72,0.209,-0.947,-0.675
1872.91,0.183,-0.945,-0.675
1873.9,0.201,-0.944,-0.681
1873.27,0.177,-0.944,-0.674
1873.45,0.177,-0.943,-0.678
1873.64,0.21,-0.943,-0.673
1873.82,0.182,-0.942,-0.678
1874.0,0.19,-0.942,-0.691
1874.18,0.191,-0.943,-0.681
1874.36,0.19,-0.944,-0.682
1874.55,0.193,-0.951,-0.686
1876.19,0.192,-0.962,-0.698
1876.37,0.191,-0.962,-0.687
1876.55,0.175,-0.96,-0.691
1876.73,0.189,-0.957,-0.697
1876.92,0.188,-0.957,-0.697
1877.1,0.209,-0.954,-0.693
1877.28,0.193,-0.957,-0.689
1877.46,0.197,-0.954,-0.68
1877.65,0.193,-0.953,-0.682
1877.83,0.18,-0.953,-0.698
1878.1,0.187,-0.957,-0.696
1878.19,0.217,-0.957,-0.689
1878.38,0.196,-0.955,-0.686
1878.56,0.194,-0.956,-0.697
1878.74,0.174,-0.96,-0.701
1878.92,0.196,-0.962,-0.686
1879.1,0.187,-0.962,-0.693
1879.29,0.2,-0.962,-0.684
1879.47,0.192,-0.964,-0.69
1879.65,0.202,-0.967,-0.697
1879.83,0.195,-0.968,-0.697
1880.2,0.205,-0.969,-0.665
1880.2,0.19,-0.969,-0.67
1880.38,0.197,-0.971,-0.675
1880.56,0.195,-0.975,-0.658
1880.74,0.195,-0.976,-0.661
1880.93,0.18,-0.977,-0.672
1881.11,0.193,-0.979,-0.659
1881.29,0.2,-0.979,-0.675
1881.47,0.19,-0.98,-0.673
1881.66,0.199,-0.979,-0.679
1881.84,0.187,-0.98,-0.7
1882.2,0.197,-0.982,-0.706
1882.2,0.206,-0.983,-0.691
1882.39,0.197,-0.982,-0.71
1882.57,0.206,-0.984,-0.684
1882.75,0.185,-0.986,-0.705
1882.93,0.204,-0.987,-0.702
1883.11,0.201,-0.989,-0.695
1883.3,0.199,-0.989,-0.69
1883.48,0.189,-0.992,-0.695
1883.66,0.2,-0.993,-0.69
1883.84,0.191,-0.996,-0.695
1884.3,0.201,-0.999,-0.689
1884.21,0.196,-0.999,-0.687
1884.39,0.187,-1.001,-0.687
1884.57,0.19,-1.004,-0.692
1884.75,0.215,-1.005,-0.68
1884.94,0.18,-1.009,-0.68
1885.12,0.182,-1.008,-0.69
1885.3,0.177,-1.009,-0.68
1885.48,0.177,-1.012,-0.672
1885.67,0.214,-1.012,-0.643
1885.85,0.174,-1.01,-0.662
1886.3,0.205,-1.008,-0.623
1886.21,0.199,-1.01,-0.629
1886.4,0.208,-1.012,-0.646
1886.58,0.2,-1.01,-0.628
1886.76,0.204,-1.01,-0.619
1886.94,0.184,-1.008,-0.633
1887.12,0.189,-1.009,-0.649
1887.31,0.19,-1.008,-0.672
1892.59,0.182,-1.028,-0.671
1892.77,0.16,-1.027,-0.688
1892.96,0.217,-1.027,-0.672
1893.14,0.191,-1.029,-0.657
1893.32,0.202,-1.033,-0.64
1893.5,0.169,-1.031,-0.622
1893.69,0.21,-1.031,-0.626
1893.87,0.163,-1.031,-0.629
1894.5,0.187,-1.034,-0.608
1894.23,0.204,-1.035,-0.583
1899.7,0.178,-1.056,-0.639
1899.88,0.185,-1.055,-0.675
1900.7,0.175,-1.055,-0.675
1900.25,0.181,-1.055,-0.673
1900.43,0.177,-1.054,-0.671
1900.61,0.194,-1.056,-0.688
1900.79,0.188,-1.057,-0.697
1900.98,0.203,-1.057,-0.702
1901.16,0.179,-1.059,-0.702
1901.34,0.242,-1.062,-0.71
1901.52,0.137,-1.063,-0.69
1901.71,0.215,-1.064,-0.699
1901.89,0.18,-1.067,-0.709
1902.7,0.229,-1.066,-0.702
1902.25,0.159,-1.065,-0.699
1902.44,0.185,-1.064,-0.692
1902.62,0.195,-1.065,-0.707
1902.8,0.202,-1.066,-0.695
1902.98,0.18,-1.065,-0.687
1903.16,0.19,-1.068,-0.687
1903.35,0.19,-1.069,-0.699
1903.53,0.182,-1.067,-0.684
1903.71,0.199,-1.066,-0.693
1903.89,0.164,-1.065,-0.696
1904.8,0.218,-1.065,-0.674
1904.26,0.173,-1.068,-0.675
1904.44,0.181,-1.067,-0.696
1904.62,0.217,-1.07,-0.687
1904.8,0.194,-1.07,-0.702
1904.99,0.199,-1.07,-0.694
1905.17,0.183,-1.072,-0.718
1905.35,0.204,-1.072,-0.712
1905.53,0.193,-1.07,-0.697
1905.72,0.186,-1.07,-0.691
1905.9,0.178,-1.071,-0.666
1906.8,0.166,-1.073,-0.686
1906.26,0.177,-1.072,-0.664
1906.45,0.195,-1.072,-0.686
1906.63,0.193,-1.072,-0.683
1906.81,0.186,-1.072,-0.689
1906.99,0.193,-1.074,-0.682
1907.17,0.171,-1.073,-0.682
1909.0,0.191,-1.088,-0.691
1909.18,0.19,-1.088,-0.697
1909.36,0.188,-1.089,-0.722
1909.54,0.181,-1.09,-0.691
1909.73,0.193,-1.091,-0.696
1909.91,0.194,-1.091,-0.704
1910.9,0.189,-1.092,-0.7
1910.27,0.197,-1.095,-0.684
1910.46,0.175,-1.095,-0.69
1910.64,0.189,-1.097,-0.691
1910.82,0.176,-1.097,-0.692
1911.0,0.201,-1.098,-0.687
1911.18,0.189,-1.099,-0.69
1911.37,0.193,-1.101,-0.717
1911.55,0.169,-1.102,-0.702
1911.73,0.195,-1.104,-0.7
1911.91,0.168,-1.105,-0.708
1912.1,0.199,-1.106,-0.689
1912.28,0.197,-1.106,-0.685
1912.46,0.154,-1.107,-0.694
1912.64,0.185,-1.106,-0.668
1914.28,0.234,-1.114,-0.683
1914.47,0.154,-1.113,-0.71
1914.65,0.231,-1.116,-0.7
1914.83,0.163,-1.118,-0.711
1915.1,0.206,-1.118,-0.687
1915.19,0.179,-1.119,-0.709
1915.38,0.201,-1.119,-0.703
1915.56,0.187,-1.12,-0.683
1915.74,0.194,-1.12,-0.683
1915.92,0.21,-1.12,-0.698
1916.11,0.194,-1.118,-0.712
1916.29,0.197,-1.12,-0.698
1916.47,0.178,-1.121,-0.691
1916.65,0.201,-1.123,-0.698
1916.83,0.194,-1.124,-0.695
1917.2,0.207,-1.125,-0.7
1917.2,0.198,-1.126,-0.689
1917.38,0.208,-1.13,-0.688
1917.56,0.18,-1.134,-0.698
1917.75,0.195,-1.136,-0.694
1917.93,0.211,-1.135,-0.696
1918.11,0.194,-1.133,-0.699
1918.29,0.206,-1.132,-0.694
1918.47,0.178,-1.133,-0.692
1918.66,0.2,-1.135,-0.683
1923.21,0.189,-1.171,-0.663
1923.4,0.199,-1.174,-0.693
1923.58,0.205,-1.176,-0.697
1923.76,0.187,-1.178,-0.717
1923.94,0.197,-1.177,-0.698
1924.12,0.186,-1.179,-0.694
1924.31,0.197,-1.178,-0.684
1924.49,0.188,-1.178,-0.703
1924.67,0.224,-1.179,-0.707
1924.85,0.178,-1.18,-0.694
1925.4,0.214,-1.181,-0.691
1925.22,0.178,-1.182,-0.688
1925.4,0.206,-1.186,-0.682
1925.58,0.153,-1.187,-0.682
1925.77,0.214,-1.188,-0.663
1925.95,0.187,-1.19,-0.682
1926.13,0.199,-1.194,-0.678
1926.31,0.183,-1.194,-0.655
1926.49,0.215,-1.194,-0.675
1926.68,0.178,-1.195,-0.685
1926.86,0.213,-1.198,-0.689
1927.4,0.182,-1.2,-0.683
1927.22,0.208,-1.2,-0.694
1927.41,0.185,-1.198,-0.68
1927.59,0.199,-1.199,-0.684
1927.77,0.181,-1.199,-0.695
1927.95,0.197,-1.2,-0.702
1928.13,0.203,-1.2,-0.69
1928.32,0.201,-1.203,-0.68
1928.5,0.193,-1.205,-0.669
1928.68,0.186,-1.207,-0.676
1928.86,0.188,-1.206,-0.683
1929.5,0.189,-1.204,-0.699
1929.23,0.194,-1.202,-0.709
1929.41,0.18,-1.204,-0.7
1929.59,0.204,-1.205,-0.701
1929.77,0.185,-1.206,-0.711
1929.96,0.197,-1.209,-0.695
1930.14,0.194,-1.211,-0.717
1930.32,0.218,-1.212,-0.691
1930.5,0.192,-1.214,-0.706
1930.69,0.196,-1.218,-0.702
1930.87,0.181,-1.217,-0.698
1931.5,0.184,-1.219,-0.672
1931.23,0.21,-1.218,-0.692
1931.41,0.197,-1.219,-0.691
1931.6,0.183,-1.218,-0.71
1931.78,0.212,-1.22,-0.682
1931.96,0.205,-1.22,-0.687
1932.14,0.197,-1.222,-0.701
1932.33,0.187,-1.225,-0.69
1932.51,0.21,-1.228,-0.691
1932.69,0.205,-1.226,-0.686
1932.87,0.195,-1.225,-0.657
1933.5,0.195,-1.225,-0.689
1933.24,0.188,-1.222,-0.7
1933.42,0.208,-1.224,-0.681
1933.6,0.204,-1.228,-0.689
1933.78,0.194,-1.232,-0.682
1933.97,0.185,-1.236,-0.682
1934.15,0.212,-1.237,-0.699
1934.88,0.204,-1.242,-0.692
1935.6,0.203,-1.243,-0.719
1935.24,0.21,-1.244,-0.718
1935.42,0.175,-1.243,-0.708
1935.61,0.217,-1.246,-0.704
1935.79,0.193,-1.244,-0.692
1935.97,0.183,-1.242,-0.693
1936.15,0.209,-1.238,-0.706
1936.34,0.209,-1.238,-0.698
1936.52,0.202,-1.238,-0.698
1936.7,0.202,-1.239,-0.676
1936.88,0.202,-1.24,-0.679
1937.6,0.225,-1.242,-0.654
1937.25,0.17,-1.24,-0.675
1937.43,0.2,-1.243,-0.652
1937.61,0.184,-1.24,-0.678
1937.79,0.215,-1.241,-0.657
1937.98,0.188,-1.24,-0.666
1938.16,0.197,-1.241,-0.651
1938.34,0.221,-1.242,-0.666
1938.52,0.212,-1.241,-0.673
1938.7,0.197,-1.244,-0.686
1938.89,0.2,-1.245,-0.679
1939.7,0.2,-1.244,-0.691
1939.25,0.182,-1.246,-0.698
1939.43,0.201,-1.248,-0.709
1939.62,0.189,-1.249,-0.685
1939.8,0.193,-1.246,-0.703
1939.98,0.207,-1.246,-0.714
1940.16,0.191,-1.249,-0.722
1940.34,0.201,-1.247,-0.707
1940.53,0.205,-1.245,-0.706
1940.71,0.213,-1.244,-0.703
1940.89,0.186,-1.247,-0.695
1941.7,0.22,-1.247,-0.686
1941.26,0.198,-1.248,-0.707
1941.44,0.206,-1.251,-0.688
1942.53,0.175,-1.245,-0.671
1942.71,0.228,-1.248,-0.67
1942.9,0.167,-1.246,-0.678
1943.8,0.243,-1.248,-0.682
1943.26,0.149,-1.248,-0.68
1943.44,0.226,-1.25,-0.689
1943.63,0.16,-1.247,-0.712
1943.81,0.231,-1.249,-0.694
1943.99,0.199,-1.247,-0.691
1944.17,0.198,-1.245,-0.677
1944.35,0.222,-1.248,-0.663
1944.54,0.19,-1.248,-0.673
1944.72,0.212,-1.248,-0.658
1944.9,0.211,-1.248,-0.664
1945.8,0.235,-1.25,-0.676
1945.27,0.217,-1.25,-0.693
1945.45,0.216,-1.248,-0.69
1945.63,0.198,-1.251,-0.709
1945.81,0.216,-1.252,-0.714
1945.99,0.183,-1.25,-0.704
1946.18,0.198,-1.256,-0.682
1946.36,0.21,-1.257,-0.705
1946.54,0.211,-1.259,-0.693
1946.72,0.178,-1.258,-0.677
1946.91,0.216,-1.259,-0.702
1947.9,0.206,-1.263,-0.725
1947.27,0.185,-1.265,-0.699
1947.45,0.205,-1.264,-0.714
1949.82,0.186,-1.267,-0.656
1950.0,0.165,-1.269,-0.651
1950.19,0.177,-1.269,-0.645
1950.37,0.176,-1.271,-0.65
1950.55,0.189,-1.272,-0.68
1950.73,0.211,-1.273,-0.657
1950.91,0.199,-1.274,-0.631
1951.1,0.198,-1.273,-0.622
1951.28,0.206,-1.272,-0.613
1951.46,0.192,-1.274,-0.626
1951.64,0.187,-1.276,-0.687
1951.83,0.191,-1.278,-0.666
1952.1,0.178,-1.28,-0.673
1952.19,0.209,-1.281,-0.642
1952.37,0.189,-1.284,-0.647
1952.55,0.211,-1.285,-0.639
1952.74,0.202,-1.284,-0.654
1952.92,0.221,-1.285,-0.671
1953.1,0.2,-1.284,-0.659
1953.28,0.203,-1.285,-0.653
1953.47,0.189,-1.288,-0.655
1953.65,0.193,-1.289,-0.655
1953.83,0.199,-1.288,-0.671
1954.1,0.18,-1.291,-0.66
1954.19,0.195,-1.292,-0.663
1954.38,0.192,-1.291,-0.66
1954.56,0.201,-1.292,-0.658
1954.74,0.205,-1.295,-0.637
1954.92,0.181,-1.291,-0.646
1955.11,0.186,-1.294,-0.658
1955.29,0.196,-1.295,-0.673
1955.47,0.19,-1.295,-0.673
1955.65,0.213,-1.296,-0.688
1955.83,0.185,-1.296,-0.705
1956.2,0.216,-1.297,-0.704
1956.2,0.218,-1.296,-0.711
1956.38,0.171,-1.293,-0.714
1956.56,0.207,-1.294,-0.701
1956.75,0.202,-1.296,-0.685
1956.93,0.2,-1.297,-0.696
1957.11,0.197,-1.297,-0.701
1957.29,0.199,-1.299,-0.694
1957.47,0.183,-1.302,-0.689
1957.66,0.207,-1.301,-0.703
1957.84,0.184,-1.303,-0.688
1958.2,0.207,-1.303,-0.696
1958.2,0.16,-1.302,-0.696
1958.39,0.191,-1.301,-0.672
1958.57,0.185,-1.301,-0.669
1958.75,0.199,-1.299,-0.666
1958.93,0.174,-1.298,-0.686
1959.11,0.201,-1.297,-0.7
1959.3,0.179,-1.298,-0.682
1959.48,0.191,-1.3,-0.675
1959.66,0.195,-1.302,-0.686
1959.84,0.164,-1.305,-0.69
1960.3,0.211,-1.306,-0.693
1960.21,0.174,-1.309,-0.683
1960.39,0.201,-1.312,-0.7
1963.67,0.186,-1.328,-0.686
1963.85,0.215,-1.33,-0.682
1964.3,0.2,-1.33,-0.678
1964.22,0.205,-1.333,-0.681
1964.4,0.194,-1.332,-0.692
1964.58,0.193,-1.333,-0.691
1964.76,0.208,-1.335,-0.693
1964.95,0.195,-1.337,-0.687
1965.13,0.199,-1.336,-0.698
1965.31,0.216,-1.337,-0.681
1970.96,0.176,-1.351,-0.68
1971.14,0.196,-1.352,-0.688
1971.32,0.173,-1.352,-0.686
1971.51,0.194,-1.353,-0.685
1971.69,0.213,-1.354,-0.663
1971.87,0.173,-1.353,-0.694
1972.5,0.191,-1.354,-0.679
1972.24,0.177,-1.353,-0.661
1972.42,0.226,-1.354,-0.681
1972.6,0.21,-1.356,-0.681
1972.78,0.145,-1.354,-0.683
1972.97,0.226,-1.355,-0.685
1973.15,0.159,-1.354,-0.675
1973.88,0.214,-1.358,-0.689
1974.6,0.195,-1.36,-0.693
1974.24,0.18,-1.364,-0.68
1974.42,0.2,-1.368,-0.678
1974.61,0.195,-1.37,-0.683
1974.79,0.216,-1.37,-0.669
1974.97,0.171,-1.372,-0.69
1975.15,0.206,-1.376,-0.692
1975.33,0.16,-1.378,-0.679
1975.52,0.214,-1.376,-0.676
1975.7,0.189,-1.378,-0.683
1981.35,0.187,-1.393,-0.669
1981.53,0.208,-1.397,-0.667
1981.71,0.188,-1.394,-0.68
1981.9,0.215,-1.395,-0.671
1982.8,0.176,-1.396,-0.673
1982.26,0.199,-1.398,-0.65
1982.44,0.185,-1.399,-0.664
1982.62,0.224,-1.4,-0.666
1982.81,0.18,-1.403,-0.658
1988.28,0.156,-1.44,-0.697
1988.46,0.222,-1.44,-0.684
1988.64,0.208,-1.442,-0.67
1988.82,0.174,-1.444,-0.693
1989.0,0.208,-1.445,-0.663
1989.19,0.179,-1.446,-0.654
1989.37,0.235,-1.445,-0.642
1989.55,0.156,-1.448,-0.618
1989.73,0.214,-1.452,-0.568
1989.92,0.164,-1.45,-0.557
1990.1,0.197,-1.453,-0.613
1990.28,0.189,-1.45,-0.672
1990.46,0.194,-1.452,-0.7
1990.64,0.177,-1.452,-0.715
1990.83,0.187,-1.451,-0.676
1991.1,0.205,-1.454,-0.666
1991.19,0.187,-1.457,-0.634
1991.37,0.201,-1.455,-0.64
1991.56,0.186,-1.457,-0.624
1991.74,0.195,-1.46,-0.636
1991.92,0.189,-1.46,-0.636
1992.1,0.195,-1.462,-0.641
1992.28,0.184,-1.46,-0.656
1992.47,0.207,-1.46,-0.664
1992.65,0.179,-1.46,-0.661
1992.83,0.201,-1.458,-0.674
1993.1,0.193,-1.46,-0.679
1993.2,0.195,-1.458,-0.672
1993.38,0.185,-1.458,-0.683
1993.56,0.206,-1.458,-0.679
1993.74,0.187,-1.456,-0.685
1993.93,0.181,-1.457,-0.715
1994.11,0.205,-1.456,-0.714
1994.29,0.209,-1.456,-0.711
1994.47,0.133,-1.451,-0.732
1994.65,0.251,-1.454,-0.725
1994.84,0.165,-1.454,-0.727
1995.2,0.181,-1.455,-0.715
1995.2,0.215,-1.461,-0.707
1995.38,0.171,-1.463,-0.699
1995.57,0.193,-1.461,-0.686
1995.75,0.175,-1.462,-0.693
1995.93,0.206,-1.464,-0.679
1996.11,0.194,-1.463,-0.677
1996.29,0.172,-1.463,-0.67
1996.48,0.185,-1.465,-0.681
1996.66,0.199,-1.468,-0.693
1996.84,0.19,-1.469,-0.705
1997.2,0.195,-1.469,-0.726
1997.21,0.206,-1.469,-0.71
1997.39,0.184,-1.468,-0.699
1997.57,0.192,-1.468,-0.716
1997.75,0.197,-1.469,-0.701
1997.94,0.191,-1.469,-0.72
1998.12,0.194,-1.468,-0.715
1998.3,0.166,-1.467,-0.72
1998.48,0.171,-1.467,-0.712
1998.66,0.189,-1.465,-0.705
1998.85,0.179,-1.47,-0.722
1999.3,0.174,-1.47,-0.71
1999.21,0.189,-1.471,-0.714
1999.39,0.185,-1.474,-0.704
1999.58,0.179,-1.471,-0.713
1999.76,0.188,-1.471,-0.701
1999.94,0.185,-1.47,-0.692
2000.12,0.194,-1.472,-0.682
2000.3,0.158,-1.472,-0.696
2000.49,0.186,-1.474,-0.679
2000.67,0.182,-1.476,-0.701
2000.85,0.201,-1.477,-0.692
2001.3,0.201,-1.477,-0.677
2001.22,0.196,-1.478,-0.693
2001.4,0.179,-1.481,-0.68
2001.58,0.194,-1.482,-0.682
2001.76,0.196,-1.487,-0.695
2001.95,0.182,-1.487,-0.699
2002.13,0.193,-1.489,-0.686
2002.31,0.186,-1.488,-0.701
2002.49,0.164,-1.49,-0.685
2002.67,0.224,-1.49,-0.685
2002.86,0.19,-1.49,-0.684
2003.4,0.189,-1.494,-0.679
2003.22,0.197,-1.495,-0.679
2003.4,0.201,-1.497,-0.705
2003.59,0.186,-1.501,-0.693
2003.77,0.197,-1.503,-0.679
2003.95,0.182,-1.503,-0.697
2004.13,0.189,-1.504,-0.694
2004.31,0.211,-1.505,-0.696
2004.5,0.19,-1.506,-0.679
2004.68,0.191,-1.506,-0.682
2004.86,0.178,-1.509,-0.689
2005.4,0.172,-1.509,-0.694
2005.23,0.196,-1.509,-0.692
2005.41,0.195,-1.512,-0.695
2005.59,0.184,-1.514,-0.692
2005.77,0.192,-1.516,-0.687
2005.95,0.181,-1.515,-0.687
2006.14,0.197,-1.515,-0.705
2006.32,0.179,-1.514,-0.686
2006.5,0.181,-1.514,-0.71
2006.68,0.205,-1.513,-0.697
2006.87,0.18,-1.514,-0.69
2007.5,0.182,-1.517,-0.704
2007.23,0.194,-1.522,-0.694
2007.41,0.176,-1.521,-0.674
2007.6,0.182,-1.524,-0.689
2007.78,0.2,-1.525,-0.677
2007.96,0.171,-1.528,-0.699
2008.14,0.175,-1.528,-0.696
2008.32,0.19,-1.527,-0.72
2008.51,0.185,-1.525,-0.71
2008.69,0.201,-1.524,-0.695
2008.87,0.184,-1.521,-0.699
2009.5,0.182,-1.52,-0.683
2009.24,0.194,-1.521,-0.691
2009.42,0.19,-1.521,-0.712
2009.6,0.188,-1.523,-0.697
2009.78,0.185,-1.524,-0.694
2009.96,0.191,-1.525,-0.689
2010.15,0.195,-1.526,-0.701
2010.33,0.204,-1.531,-0.69
2010.51,0.188,-1.53,-0.701
2010.69,0.187,-1.53,-0.694
2010.88,0.179,-1.536,-0.69
2011.6,0.188,-1.536,-0.675
2011.24,0.2,-1.537,-0.681
2011.42,0.193,-1.536,-0.688
2011.6,0.168,-1.536,-0.686
2011.79,0.22,-1.536,-0.678
2011.97,0.181,-1.534,-0.692
2012.15,0.2,-1.534,-0.707
2012.33,0.176,-1.534,-0.697
2012.52,0.214,-1.536,-0.691
2012.7,0.2,-1.534,-0.722
2012.88,0.209,-1.533,-0.717
2013.6,0.205,-1.531,-0.706
2013.24,0.184,-1.534,-0.702
2013.43,0.187,-1.534,-0.682
2013.61,0.191,-1.533,-0.681
2013.79,0.192,-1.536,-0.677
2013.97,0.199,-1.536,-0.658
2014.16,0.197,-1.537,-0.676
2014.34,0.186,-1.536,-0.676
2014.52,0.21,-1.538,-0.683
2014.7,0.195,-1.538,-0.686
2014.88,0.18,-1.538,-0.677
2015.7,0.174,-1.536,-0.69
2015.25,0.189,-1.537,-0.678
2015.43,0.166,-1.535,-0.687
2015.61,0.238,-1.539,-0.669
2015.8,0.146,-1.535,-0.688
2015.98,0.219,-1.538,-0.704
2016.16,0.155,-1.54,-0.703
2016.34,0.225,-1.542,-0.7
2016.52,0.16,-1.544,-0.697
2016.71,0.211,-1.539,-0.701
2016.89,0.208,-1.538,-0.697
2017.7,0.235,-1.538,-0.667
2017.25,0.161,-1.539,-0.705
2017.44,0.203,-1.536,-0.685
2017.62,0.188,-1.535,-0.677
2017.8,0.208,-1.532,-0.695
2021.45,0.177,-1.544,-0.68
2021.63,0.169,-1.544,-0.689
2021.81,0.22,-1.547,-0.683
2021.99,0.144,-1.545,-0.666
2022.17,0.229,-1.547,-0.675
2022.36,0.169,-1.548,-0.695
2022.54,0.194,-1.548,-0.679
2022.72,0.183,-1.549,-0.693
2022.9,0.213,-1.549,-0.703
2023.9,0.171,-1.552,-0.704
2023.27,0.193,-1.553,-0.688
2029.1,0.168,-1.578,-0.69
2029.28,0.21,-1.58,-0.7
2029.46,0.192,-1.582,-0.719
2029.65,0.173,-1.58,-0.709
2029.83,0.211,-1.582,-0.674
2030.1,0.193,-1.585,-0.664
2030.19,0.199,-1.586,-0.672
2030.38,0.185,-1.586,-0.669
2030.56,0.204,-1.588,-0.659
2030.74,0.167,-1.59,-0.657
2030.92,0.191,-1.59,-0.673
2031.1,0.188,-1.59,-0.679
2031.29,0.18,-1.59,-0.67
2031.47,0.187,-1.591,-0.684
2031.65,0.184,-1.592,-0.683
2031.83,0.206,-1.592,-0.677
2032.2,0.193,-1.593,-0.701
2032.2,0.177,-1.592,-0.711
2032.38,0.219,-1.594,-0.686
2032.56,0.178,-1.596,-0.702
2032.74,0.185,-1.598,-0.685
2032.93,0.216,-1.601,-0.689
2033.11,0.169,-1.599,-0.659
2033.29,0.233,-1.601,-0.696
2033.47,0.143,-1.609,-0.676
2033.66,0.196,-1.612,-0.627
2033.84,0.192,-1.612,-0.684
2034.2,0.191,-1.615,-0.7
2034.2,0.184,-1.616,-0.717
2034.39,0.197,-1.617,-0.677
2034.57,0.204,-1.618,-0.691
2034.75,0.137,-1.619,-0.683
2034.93,0.212,-1.617,-0.681
2035.11,0.163,-1.616,-0.698
2035.3,0.204,-1.619,-0.701
2035.48,0.161,-1.623,-0.705
2035.66,0.194,-1.625,-0.691
2035.84,0.166,-1.625,-0.697
2036.3,0.21,-1.622,-0.708
2036.21,0.167,-1.623,-0.694
2036.39,0.189,-1.627,-0.693
2036.57,0.185,-1.631,-0.694
2036.75,0.184,-1.633,-0.671
2036.94,0.185,-1.632,-0.685
2037.12,0.223,-1.631,-0.686
2037.3,0.157,-1.63,-0.711
2037.48,0.212,-1.634,-0.713
2037.67,0.176,-1.637,-0.704
2037.85,0.21,-1.64,-0.707
2038.3,0.176,-1.643,-0.707
2038.21,0.176,-1.644,-0.685
2038.39,0.197,-1.646,-0.71
2038.58,0.192,-1.647,-0.714
2038.76,0.195,-1.647,-0.688
2038.94,0.179,-1.649,-0.71
2039.12,0.188,-1.653,-0.708
2039.31,0.191,-1.653,-0.705
2039.49,0.158,-1.65,-0.713
2039.67,0.18,-1.65,-0.7
2039.85,0.192,-1.654,-0.692
2040.3,0.179,-1.657,-0.696
2040.22,0.175,-1.658,-0.697
2040.4,0.179,-1.661,-0.716
2040.58,0.188,-1.666,-0.7
2040.76,0.125,-1.666,-0.701
2040.95,0.213,-1.669,-0.699
2041.13,0.184,-1.669,-0.701
2041.31,0.178,-1.669,-0.711
2041.49,0.186,-1.671,-0.71
2041.68,0.194,-1.669,-0.707
2041.86,0.187,-1.67,-0.69
2042.4,0.194,-1.674,-0.723
2042.22,0.211,-1.674,-0.731
2042.4,0.176,-1.675,-0.725
2042.59,0.195,-1.675,-0.73
2042.77,0.198,-1.677,-0.715
2042.95,0.175,-1.678,-0.726
2043.13,0.191,-1.682,-0.715
2043.32,0.185,-1.683,-0.715
2043.5,0.188,-1.685,-0.712
2043.68,0.187,-1.687,-0.707
2043.86,0.201,-1.69,-0.717
2044.4,0.185,-1.692,-0.701
2044.23,0.18,-1.696,-0.715
2044.41,0.205,-1.698,-0.706
2044.59,0.188,-1.701,-0.693
2044.77,0.195,-1.702,-0.697
2044.96,0.179,-1.702,-0.696
2045.14,0.184,-1.704,-0.706
2045.32,0.179,-1.708,-0.702
2045.5,0.192,-1.711,-0.686
2045.68,0.206,-1.711,-0.704
2045.87,0.212,-1.712,-0.704
2046.5,0.182,-1.713,-0.686
2046.23,0.18,-1.713,-0.704
2047.51,0.162,-1.727,-0.701
2047.69,0.182,-1.728,-0.704
2047.87,0.185,-1.73,-0.698
2048.5,0.176,-1.73,-0.71
2048.24,0.186,-1.731,-0.688
2048.42,0.181,-1.729,-0.695
2048.6,0.188,-1.728,-0.703
2048.78,0.175,-1.728,-0.705
2048.97,0.207,-1.728,-0.7
2049.15,0.179,-1.728,-0.702
2049.33,0.193,-1.731,-0.689
2049.51,0.19,-1.733,-0.7
2049.69,0.201,-1.735,-0.701
2049.88,0.185,-1.736,-0.703
2050.6,0.19,-1.737,-0.719
2050.24,0.193,-1.735,-0.69
2050.42,0.178,-1.735,-0.686
2050.61,0.172,-1.738,-0.707
2050.79,0.17,-1.739,-0.699
2050.97,0.174,-1.741,-0.692
2051.15,0.195,-1.742,-0.689
2051.33,0.176,-1.743,-0.695
2051.52,0.197,-1.742,-0.687
2051.7,0.177,-1.744,-0.694
2051.88,0.17,-1.749,-0.699
2052.6,0.193,-1.75,-0.672
2052.25,0.17,-1.751,-0.728
2052.43,0.195,-1.756,-0.664
2052.61,0.212,-1.754,-0.721
2052.79,0.171,-1.759,-0.733
2052.97,0.232,-1.757,-0.682
2053.16,0.206,-1.758,-0.705
2053.34,0.178,-1.761,-0.683
2053.52,0.2,-1.764,-0.71
2053.7,0.179,-1.763,-0.68
2053.89,0.205,-1.761,-0.684
2054.7,0.173,-1.759,-0.688
2054.25,0.204,-1.76,-0.679
2054.43,0.174,-1.761,-0.696
2054.61,0.2,-1.762,-0.694
2054.8,0.188,-1.76,-0.686
2054.98,0.189,-1.761,-0.701
2055.16,0.191,-1.761,-0.707
2055.34,0.176,-1.763,-0.711
2055.53,0.17,-1.765,-0.691
2055.71,0.184,-1.768,-0.686
2055.89,0.189,-1.765,-0.674
2056.7,0.173,-1.762,-0.684
2056.26,0.203,-1.76,-0.695
2056.44,0.158,-1.76,-0.691
2056.62,0.21,-1.762,-0.672
2056.8,0.177,-1.762,-0.682
2056.98,0.183,-1.767,-0.692
2057.17,0.169,-1.771,-0.68
2057.35,0.2,-1.773,-0.684
2057.53,0.166,-1.774,-0.669
2057.71,0.204,-1.772,-0.694
2057.9,0.188,-1.774,-0.69
2058.8,0.177,-1.773,-0.695
2058.26,0.181,-1.774,-0.704
2058.44,0.204,-1.776,-0.694
2058.62,0.189,-1.775,-0.7
2058.81,0.18,-1.778,-0.701
2058.99,0.185,-1.778,-0.698
2059.17,0.193,-1.776,-0.702
2059.35,0.213,-1.779,-0.705
2059.54,0.18,-1.777,-0.694
2059.72,0.185,-1.778,-0.7
2059.9,0.194,-1.777,-0.719
2060.8,0.195,-1.778,-0.701
2060.26,0.186,-1.777,-0.695
2060.45,0.197,-1.777,-0.697
2060.63,0.179,-1.778,-0.699
2060.81,0.204,-1.778,-0.682
2060.99,0.199,-1.779,-0.707
2061.18,0.179,-1.783,-0.692
2061.36,0.201,-1.786,-0.699
2061.54,0.193,-1.785,-0.686
2061.72,0.197,-1.787,-0.709
2061.9,0.171,-1.791,-0.683
2062.9,0.19,-1.791,-0.69
2062.27,0.189,-1.791,-0.685
2062.45,0.194,-1.791,-0.68
2062.63,0.201,-1.791,-0.691
2062.82,0.182,-1.791,-0.684
2063.0,0.185,-1.793,-0.672
2063.18,0.184,-1.794,-0.685
2063.36,0.196,-1.796,-0.693
2063.54,0.204,-1.796,-0.673
2063.73,0.192,-1.793,-0.7
2063.91,0.175,-1.794,-0.688
2064.9,0.197,-1.794,-0.687
2064.27,0.186,-1.795,-0.685
2064.46,0.179,-1.796,-0.695
2064.64,0.189,-1.797,-0.691
2064.82,0.158,-1.797,-0.694
2065.0,0.194,-1.797,-0.677
2065.19,0.201,-1.798,-0.7
2065.37,0.175,-1.798,-0.693
2065.55,0.196,-1.797,-0.686
2065.73,0.185,-1.798,-0.695
2065.91,0.189,-1.798,-0.673
2066.1,0.178,-1.799,-0.695
2066.28,0.178,-1.8,-0.672
2066.46,0.188,-1.801,-0.687
2066.64,0.186,-1.802,-0.698
2066.83,0.173,-1.801,-0.68
2067.1,0.185,-1.801,-0.701
2067.19,0.187,-1.802,-0.678
2067.37,0.2,-1.805,-0.689
2067.55,0.174,-1.809,-0.676
2067.74,0.195,-1.811,-0.692
2067.92,0.203,-1.814,-0.688
2068.1,0.211,-1.815,-0.67
2068.28,0.189,-1.815,-0.682
2068.47,0.204,-1.816,-0.675
2068.65,0.183,-1.819,-0.66
2068.83,0.182,-1.821,-0.673
2069.1,0.195,-1.822,-0.682
2069.19,0.188,-1.82,-0.67
2069.38,0.213,-1.821,-0.691
2069.56,0.173,-1.824,-0.669
2069.74,0.224,-1.822,-0.702
2069.92,0.168,-1.828,-0.685
2070.11,0.186,-1.829,-0.703
2070.29,0.194,-1.832,-0.689
2070.47,0.193,-1.833,-0.695
2070.65,0.196,-1.836,-0.68
2070.84,0.203,-1.832,-0.68
2071.2,0.192,-1.835,-0.667
2071.2,0.181,-1.835,-0.674
2071.38,0.196,-1.837,-0.667
2071.56,0.214,-1.838,-0.649
2071.75,0.182,-1.838,-0.663
2071.93,0.214,-1.839,-0.655
2072.11,0.202,-1.839,-0.652
2072.29,0.193,-1.841,-0.64
2072.48,0.195,-1.845,-0.648
2072.66,0.204,-1.847,-0.648
2072.84,0.211,-1.848,-0.645
2073.2,0.18,-1.85,-0.661
2073.2,0.197,-1.853,-0.66
2073.39,0.17,-1.852,-0.674
2073.57,0.194,-1.853,-0.653
2073.75,0.21,-1.853,-0.67
2073.93,0.197,-1.855,-0.653
2074.12,0.193,-1.858,-0.663
2074.3,0.184,-1.859,-0.649
2074.48,0.192,-1.86,-0.657
2074.66,0.171,-1.862,-0.65
2074.84,0.197,-1.863,-0.661
2075.3,0.194,-1.864,-0.688
2075.21,0.19,-1.864,-0.685
2075.39,0.173,-1.862,-0.672
2075.57,0.198,-1.864,-0.666
2075.76,0.191,-1.865,-0.67
2075.94,0.202,-1.867,-0.672
2076.12,0.197,-1.865,-0.678
2076.3,0.203,-1.868,-0.676
2076.49,0.169,-1.869,-0.674
2076.67,0.195,-1.87,-0.68
2076.85,0.184,-1.872,-0.683
2077.3,0.195,-1.869,-0.673
2077.21,0.204,-1.871,-0.675
2077.4,0.178,-1.87,-0.686
2077.58,0.179,-1.871,-0.673
2077.76,0.201,-1.871,-0.692
2077.94,0.202,-1.873,-0.667
2078.13,0.179,-1.875,-0.668
2078.31,0.197,-1.877,-0.657
2078.49,0.199,-1.879,-0.673
2078.67,0.188,-1.878,-0.675
2078.85,0.199,-1.88,-0.65
2079.4,0.194,-1.882,-0.671
2079.22,0.202,-1.88,-0.662
2079.4,0.186,-1.878,-0.67
2079.58,0.19,-1.878,-0.682
2079.77,0.201,-1.879,-0.678
2079.95,0.174,-1.881,-0.68
2080.13,0.166,-1.883,-0.689
2080.31,0.204,-1.885,-0.669
2080.5,0.199,-1.884,-0.687
2080.68,0.181,-1.887,-0.688
2080.86,0.209,-1.887,-0.689
2081.4,0.184,-1.889,-0.69
2081.22,0.192,-1.888,-0.684
2081.41,0.175,-1.89,-0.701
2081.59,0.221,-1.891,-0.69
2081.77,0.184,-1.895,-0.698
2081.95,0.196,-1.894,-0.698
2082.14,0.179,-1.898,-0.702
2082.32,0.184,-1.898,-0.697
2082.5,0.173,-1.898,-0.694
2082.68,0.193,-1.897,-0.691
2082.86,0.2,-1.897,-0.709
2083.5,0.155,-1.898,-0.688
2083.23,0.205,-1.899,-0.692
2083.41,0.192,-1.9,-0.697
2083.59,0.213,-1.896,-0.679
2083.78,0.208,-1.897,-0.699
2083.96,0.211,-1.899,-0.689
2084.14,0.194,-1.898,-0.696
2084.32,0.199,-1.901,-0.679
2084.51,0.198,-1.9,-0.686
2084.69,0.202,-1.899,-0.677
2084.87,0.19,-1.901,-0.676
2085.5,0.213,-1.901,-0.674
2085.23,0.179,-1.902,-0.673
2085.42,0.196,-1.904,-0.674
2085.6,0.199,-1.904,-0.683
2085.78,0.2,-1.906,-0.663
2085.96,0.171,-1.908,-0.661
2086.15,0.193,-1.907,-0.656
2086.33,0.19,-1.903,-0.663
2086.51,0.203,-1.904,-0.654
2086.69,0.207,-1.903,-0.663
2086.87,0.188,-1.904,-0.666
2088.15,0.191,-1.914,-0.68
2088.33,0.201,-1.913,-0.674
2088.51,0.191,-1.914,-0.689
2088.7,0.192,-1.914,-0.689
2088.88,0.189,-1.913,-0.704
2089.6,0.202,-1.916,-0.709
2089.24,0.191,-1.918,-0.683
2089.43,0.211,-1.918,-0.695
2089.61,0.18,-1.92,-0.689
2089.79,0.204,-1.919,-0.678
2089.97,0.174,-1.919,-0.672
2090.16,0.194,-1.918,-0.696
2090.34,0.206,-1.915,-0.687
2090.52,0.204,-1.918,-0.681
2090.7,0.194,-1.916,-0.684
2090.88,0.198,-1.913,-0.694
2091.7,0.196,-1.912,-0.684
2091.25,0.18,-1.913,-0.686
2091.43,0.174,-1.915,-0.678
2091.61,0.188,-1.912,-0.693
2091.8,0.188,-1.912,-0.685
2091.98,0.193,-1.91,-0.69
2092.16,0.18,-1.908,-0.703
2092.34,0.204,-1.908,-0.7
2092.52,0.181,-1.909,-0.684
2092.71,0.177,-1.91,-0.701
2092.89,0.188,-1.914,-0.695
2093.7,0.186,-1.915,-0.695
2093.25,0.183,-1.915,-0.688
2093.44,0.177,-1.917,-0.682
2093.62,0.2,-1.917,-0.683
2093.8,0.189,-1.917,-0.689
2093.98,0.181,-1.918,-0.698
2097.26,0.194,-1.924,-0.693
2097.45,0.185,-1.925,-0.686
2097.63,0.22,-1.926,-0.686
2097.81,0.202,-1.926,-0.674
2097.99,0.178,-1.928,-0.671
2098.18,0.177,-1.928,-0.709
2098.36,0.201,-1.929,-0.696
2098.54,0.189,-1.927,-0.685
2098.72,0.207,-1.928,-0.682
2098.9,0.185,-1.93,-0.683
2104.56,0.192,-1.955,-0.683
2104.74,0.184,-1.956,-0.668
2104.92,0.18,-1.956,-0.685
2105.1,0.182,-1.958,-0.687
2105.29,0.186,-1.96,-0.686
2105.47,0.174,-1.962,-0.684
2105.65,0.197,-1.962,-0.684
2105.83,0.19,-1.962,-0.681
2106.1,0.19,-1.962,-0.681
2106.2,0.19,-1.959,-0.69
2106.38,0.177,-1.96,-0.695
2106.56,0.189,-1.961,-0.701
2106.74,0.207,-1.963,-0.689
2106.93,0.186,-1.963,-0.696
2107.11,0.187,-1.967,-0.693
2107.29,0.196,-1.965,-0.691
2107.47,0.179,-1.966,-0.719
2107.66,0.194,-1.965,-0.693
2107.84,0.176,-1.967,-0.69
2108.2,0.201,-1.967,-0.696
2108.2,0.194,-1.967,-0.69
2108.38,0.2,-1.968,-0.687
2108.57,0.197,-1.969,-0.706
2108.75,0.213,-1.972,-0.697
2108.93,0.179,-1.97,-0.694
2109.11,0.179,-1.975,-0.693
2109.3,0.181,-1.978,-0.696
2109.48,0.197,-1.98,-0.697
2109.66,0.19,-1.98,-0.697
2109.84,0.192,-1.981,-0.706
2110.3,0.193,-1.981,-0.702
2110.21,0.205,-1.983,-0.682
2110.39,0.194,-1.983,-0.668
2110.57,0.182,-1.985,-0.675
2110.75,0.203,-1.986,-0.672
2110.94,0.181,-1.983,-0.656
2111.12,0.201,-1.984,-0.648
2111.3,0.185,-1.981,-0.659
2111.48,0.195,-1.982,-0.656
2111.67,0.181,-1.983,-0.663
2111.85,0.182,-1.985,-0.64
2112.3,0.19,-1.989,-0.648
2112.21,0.188,-1.991,-0.656
2112.4,0.186,-1.993,-0.658
2112.58,0.183,-1.997,-0.656
2112.76,0.182,-1.999,-0.64
2112.94,0.18,-2.001,-0.634
2113.12,0.194,-2.001,-0.639
2113.31,0.19,-2.004,-0.641
2113.49,0.189,-2.003,-0.646
2113.67,0.207,-2.003,-0.637
2113.85,0.2,-2.007,-0.651
2114.4,0.2,-2.008,-0.673
2114.22,0.194,-2.011,-0.693
2114.4,0.218,-2.011,-0.686
2114.58,0.191,-2.011,-0.698
2114.76,0.189,-2.013,-0.684
2114.95,0.185,-2.016,-0.704
2115.13,0.196,-2.016,-0.696
2115.31,0.183,-2.018,-0.714
2115.49,0.187,-2.017,-0.72
2115.68,0.203,-2.017,-0.703
2115.86,0.18,-2.02,-0.697
2116.4,0.205,-2.019,-0.717
2116.22,0.193,-2.021,-0.733
2116.41,0.176,-2.024,-0.725
2116.59,0.234,-2.025,-0.681
2116.77,0.2,-2.027,-0.71
2116.95,0.164,-2.026,-0.684
2117.13,0.233,-2.025,-0.679
2117.32,0.185,-2.026,-0.703
2117.5,0.184,-2.028,-0.685
2117.68,0.206,-2.03,-0.715
2117.86,0.209,-2.03,-0.674
2118.5,0.211,-2.029,-0.715
2118.23,0.183,-2.031,-0.724
2119.5,0.208,-2.04,-0.701
2119.69,0.188,-2.043,-0.7
2119.87,0.19,-2.044,-0.687
2120.5,0.187,-2.046,-0.678
2120.23,0.185,-2.048,-0.673
2120.42,0.181,-2.046,-0.655
2120.6,0.189,-2.045,-0.656
2120.78,0.205,-2.046,-0.66
2120.96,0.186,-2.048,-0.654
2121.14,0.202,-2.049,-0.649
2126.8,0.193,-2.068,-0.678
2126.98,0.193,-2.071,-0.657
2127.16,0.185,-2.073,-0.666
2127.34,0.196,-2.07,-0.664
2127.52,0.195,-2.071,-0.686
2127.71,0.185,-2.072,-0.68
2127.89,0.187,-2.073,-0.692
2128.7,0.174,-2.071,-0.685
2128.25,0.172,-2.072,-0.693
2128.44,0.18,-2.073,-0.692
2128.62,0.169,-2.077,-0.69
2128.8,0.208,-2.075,-0.672
2128.98,0.178,-2.075,-0.69
2129.16,0.201,-2.074,-0.685
2129.35,0.189,-2.075,-0.696
2129.53,0.196,-2.076,-0.681
2129.71,0.2,-2.08,-0.69
2129.89,0.199,-2.081,-0.687
2130.8,0.185,-2.082,-0.689
2130.26,0.187,-2.08,-0.682
2130.44,0.192,-2.079,-0.689
2130.62,0.18,-2.081,-0.697
2130.81,0.188,-2.077,-0.686
2130.99,0.207,-2.075,-0.688
2131.17,0.177,-2.076,-0.689
2131.35,0.177,-2.077,-0.696
2131.53,0.184,-2.078,-0.678
2131.72,0.187,-2.079,-0.693
2131.9,0.183,-2.079,-0.696
2132.8,0.207,-2.078,-0.685
2132.26,0.205,-2.077,-0.691
2132.45,0.191,-2.079,-0.697
2132.63,0.193,-2.083,-0.683
2132.81,0.211,-2.086,-0.681
2132.99,0.209,-2.087,-0.704
2133.17,0.19,-2.087,-0.703
2133.36,0.18,-2.088,-0.691
2136.9,0.193,-2.098,-0.698
2136.27,0.183,-2.103,-0.69
2136.46,0.184,-2.103,-0.685
2136.64,0.2,-2.104,-0.681
2136.82,0.187,-2.103,-0.679
2137.0,0.199,-2.101,-0.683
2137.18,0.201,-2.102,-0.7
2137.37,0.185,-2.103,-0.692
2137.55,0.189,-2.103,-0.686
2137.73,0.187,-2.105,-0.685
2137.91,0.192,-2.103,-0.684
2142.83,0.192,-2.114,-0.687
2143.2,0.18,-2.111,-0.693
2143.2,0.209,-2.112,-0.684
2143.38,0.176,-2.11,-0.681
2143.56,0.196,-2.11,-0.694
2143.75,0.209,-2.114,-0.686
2143.93,0.176,-2.117,-0.676
2144.11,0.202,-2.117,-0.688
2144.29,0.185,-2.117,-0.685
2144.48,0.189,-2.115,-0.69
2144.66,0.179,-2.114,-0.694
2144.84,0.182,-2.114,-0.688
2145.2,0.204,-2.111,-0.692
2145.2,0.168,-2.114,-0.69
2145.39,0.208,-2.116,-0.685
2145.57,0.178,-2.119,-0.694
2145.75,0.198,-2.119,-0.693
2145.93,0.191,-2.121,-0.675
2147.21,0.191,-2.125,-0.672
2147.39,0.173,-2.126,-0.683
2147.57,0.196,-2.126,-0.679
2147.76,0.179,-2.127,-0.708
2147.94,0.194,-2.129,-0.706
2148.12,0.158,-2.13,-0.698
2148.3,0.199,-2.132,-0.709
2148.49,0.183,-2.131,-0.721
2148.67,0.197,-2.132,-0.716
2148.85,0.192,-2.136,-0.721
2149.3,0.186,-2.137,-0.701
2149.21,0.207,-2.137,-0.709
2149.4,0.201,-2.138,-0.691
2149.58,0.187,-2.14,-0.67
2149.76,0.188,-2.138,-0.681
2149.94,0.193,-2.138,-0.695
2150.13,0.182,-2.137,-0.679
2150.31,0.187,-2.137,-0.682
2150.49,0.173,-2.134,-0.693
2150.67,0.195,-2.134,-0.682
2150.86,0.179,-2.136,-0.688
2151.4,0.198,-2.137,-0.679
2151.22,0.158,-2.138,-0.696
2151.4,0.218,-2.14,-0.701
2151.58,0.176,-2.141,-0.685
2151.77,0.203,-2.143,-0.697
2151.95,0.187,-2.143,-0.702
2152.13,0.19,-2.144,-0.7
2152.31,0.169,-2.145,-0.695
2152.5,0.185,-2.146,-0.679
2152.68,0.187,-2.15,-0.705
2152.86,0.202,-2.151,-0.681
2153.4,0.168,-2.149,-0.67
2153.22,0.188,-2.149,-0.696
2153.41,0.191,-2.149,-0.683
2153.59,0.196,-2.145,-0.682
2153.77,0.191,-2.147,-0.695
2153.95,0.192,-2.151,-0.686
2154.14,0.198,-2.152,-0.69
2154.32,0.183,-2.152,-0.689
2154.5,0.187,-2.148,-0.679
2154.68,0.221,-2.148,-0.689
2154.87,0.169,-2.149,-0.695
2155.5,0.203,-2.147,-0.69
2155.23,0.2,-2.148,-0.705
2155.41,0.177,-2.148,-0.684
2155.59,0.205,-2.151,-0.689
2155.78,0.195,-2.153,-0.699
2155.96,0.21,-2.156,-0.677
2156.14,0.195,-2.156,-0.682
2156.32,0.184,-2.157,-0.68
2156.51,0.2,-2.161,-0.679
2156.69,0.168,-2.164,-0.678
2156.87,0.203,-2.164,-0.676
2157.5,0.191,-2.163,-0.68
2157.23,0.179,-2.162,-0.679
2157.42,0.187,-2.163,-0.679
2157.6,0.208,-2.164,-0.691
2159.42,0.208,-2.175,-0.651
2159.6,0.167,-2.176,-0.678
2159.79,0.201,-2.177,-0.685
2159.97,0.193,-2.178,-0.697
2160.15,0.173,-2.179,-0.691
2160.33,0.203,-2.182,-0.69
2160.52,0.183,-2.181,-0.678
2160.7,0.196,-2.185,-0.65
2160.88,0.183,-2.183,-0.664
2161.6,0.199,-2.182,-0.67
2161.24,0.189,-2.183,-0.658
2168.35,0.199,-2.194,-0.709
2168.54,0.191,-2.193,-0.703
2168.72,0.184,-2.195,-0.701
2168.9,0.209,-2.195,-0.705
2169.8,0.179,-2.195,-0.701
2169.26,0.221,-2.195,-0.688
2169.45,0.185,-2.198,-0.697
2169.63,0.205,-2.198,-0.695
2169.81,0.18,-2.199,-0.677
2169.99,0.187,-2.197,-0.687
2170.18,0.196,-2.197,-0.681
2170.36,0.194,-2.198,-0.681
2170.54,0.19,-2.2,-0.693
2170.72,0.191,-2.196,-0.7
2170.91,0.208,-2.198,-0.707
2171.9,0.203,-2.197,-0.695
2171.27,0.207,-2.197,-0.695
2171.45,0.187,-2.197,-0.689
2171.63,0.191,-2.197,-0.713
2171.82,0.198,-2.198,-0.688
2172.0,0.187,-2.197,-0.713
2172.18,0.194,-2.198,-0.706
2172.36,0.181,-2.2,-0.682
2172.55,0.194,-2.202,-0.703
2172.73,0.2,-2.205,-0.686
2174.55,0.196,-2.213,-0.718
2174.73,0.188,-2.214,-0.678
2174.92,0.186,-2.215,-0.657
2175.1,0.2,-2.211,-0.644
2175.28,0.173,-2.21,-0.623
2175.46,0.201,-2.21,-0.614
2175.64,0.195,-2.21,-0.647
2175.83,0.189,-2.211,-0.7
2176.1,0.17,-2.214,-0.703
2176.19,0.196,-2.213,-0.713
2176.37,0.205,-2.218,-0.694
2176.56,0.194,-2.22,-0.684
2176.74,0.193,-2.22,-0.703
2176.92,0.186,-2.222,-0.711
2177.1,0.196,-2.225,-0.703
2177.29,0.189,-2.225,-0.692
2177.47,0.184,-2.223,-0.689
2177.65,0.193,-2.221,-0.695
2177.83,0.191,-2.224,-0.697
2178.1,0.183,-2.225,-0.695
2178.2,0.188,-2.225,-0.698
2178.38,0.196,-2.227,-0.709
2178.56,0.19,-2.229,-0.703
2178.74,0.191,-2.23,-0.704
2178.93,0.185,-2.231,-0.69
2179.11,0.182,-2.229,-0.67
2179.29,0.169,-2.23,-0.683
2179.47,0.197,-2.229,-0.687
2179.65,0.191,-2.231,-0.705
2179.84,0.198,-2.233,-0.697
2180.75,0.201,-2.239,-0.7
2180.93,0.181,-2.238,-0.691
2181.11,0.188,-2.242,-0.716
2181.3,0.181,-2.243,-0.704
2181.48,0.177,-2.245,-0.687
2181.66,0.186,-2.247,-0.694
2181.84,0.186,-2.245,-0.664
2182.2,0.184,-2.246,-0.672
2182.21,0.195,-2.247,-0.684
2182.39,0.176,-2.247,-0.68
2182.57,0.205,-2.25,-0.686
2182.75,0.193,-2.25,-0.681
2182.94,0.191,-2.248,-0.7
2183.12,0.201,-2.249,-0.677
2183.3,0.197,-2.249,-0.691
2183.48,0.183,-2.249,-0.704
2183.67,0.186,-2.25,-0.689
2183.85,0.195,-2.251,-0.692
2184.3,0.172,-2.252,-0.693
2184.21,0.178,-2.255,-0.693
2184.39,0.186,-2.254,-0.676
2184.58,0.203,-2.255,-0.679
2184.76,0.19,-2.253,-0.647
2184.94,0.176,-2.251,-0.652
2185.12,0.173,-2.252,-0.652
2185.31,0.192,-2.254,-0.673
2185.49,0.2,-2.256,-0.683
2185.67,0.18,-2.257,-0.693
2185.85,0.184,-2.257,-0.688
2186.3,0.193,-2.257,-0.687
2186.22,0.17,-2.256,-0.671
2186.4,0.19,-2.258,-0.689
2186.58,0.18,-2.258,-0.681
2186.76,0.187,-2.259,-0.692
2186.95,0.192,-2.258,-0.712
2187.13,0.176,-2.261,-0.683
2187.31,0.192,-2.261,-0.699
2187.49,0.193,-2.264,-0.688
2188.4,0.194,-2.267,-0.702
2188.22,0.219,-2.268,-0.7
2188.4,0.178,-2.266,-0.711
2188.59,0.2,-2.266,-0.696
2188.77,0.179,-2.27,-0.697
2188.95,0.202,-2.271,-0.711
2189.13,0.191,-2.275,-0.73
2189.32,0.197,-2.277,-0.738
2189.5,0.185,-2.28,-0.723
2189.68,0.182,-2.282,-0.712
2189.86,0.194,-2.282,-0.721
2190.4,0.197,-2.282,-0.75
2190.23,0.203,-2.282,-0.725
2190.41,0.2,-2.282,-0.715
2190.59,0.188,-2.283,-0.706
2190.77,0.197,-2.284,-0.714
2190.96,0.208,-2.286,-0.716
2191.14,0.186,-2.291,-0.704
2191.32,0.199,-2.293,-0.711
2191.5,0.196,-2.29,-0.719
2191.69,0.213,-2.291,-0.712
2191.87,0.182,-2.29,-0.702
2192.5,0.213,-2.292,-0.71
2192.23,0.175,-2.294,-0.71
2192.41,0.196,-2.295,-0.695
2192.6,0.207,-2.291,-0.686
2192.78,0.196,-2.294,-0.679
2192.96,0.18,-2.297,-0.688
2193.14,0.21,-2.3,-0.703
2193.33,0.179,-2.303,-0.709
2193.51,0.197,-2.303,-0.697
2193.69,0.18,-2.305,-0.73
2193.87,0.183,-2.306,-0.72
2194.5,0.181,-2.307,-0.711
2194.24,0.193,-2.309,-0.71
2194.42,0.202,-2.313,-0.704
2194.6,0.184,-2.316,-0.709
2194.78,0.189,-2.316,-0.707
2198.79,0.196,-2.348,-0.675
2198.98,0.195,-2.35,-0.691
2199.16,0.187,-2.353,-0.693
2199.34,0.185,-2.355,-0.694
2199.52,0.199,-2.355,-0.697
2199.7,0.194,-2.356,-0.694
2199.89,0.191,-2.358,-0.699
2200.7,0.208,-2.36,-0.707
2200.25,0.171,-2.358,-0.69
2200.43,0.188,-2.357,-0.711
2200.62,0.186,-2.355,-0.725
2200.8,0.212,-2.352,-0.714
2200.98,0.175,-2.353,-0.702
2201.16,0.199,-2.356,-0.7
2201.34,0.206,-2.356,-0.688
2201.53,0.189,-2.358,-0.704
2201.71,0.174,-2.356,-0.697
2201.89,0.218,-2.357,-0.681
2202.7,0.186,-2.36,-0.688
2202.26,0.183,-2.362,-0.66
2202.44,0.192,-2.363,-0.673
2202.62,0.189,-2.366,-0.678
2202.8,0.184,-2.369,-0.672
2202.99,0.181,-2.368,-0.665
2203.17,0.191,-2.37,-0.676
2208.9,0.178,-2.392,-0.688
2208.27,0.202,-2.392,-0.681
2208.45,0.167,-2.393,-0.672
2208.64,0.198,-2.395,-0.684
2208.82,0.191,-2.395,-0.693
2209.0,0.217,-2.398,-0.692
2209.18,0.189,-2.399,-0.714
2209.36,0.198,-2.399,-0.692
2209.55,0.203,-2.396,-0.686
2209.73,0.202,-2.397,-0.683
2209.91,0.173,-2.394,-0.685
2210.9,0.204,-2.394,-0.675
2210.28,0.158,-2.392,-0.667
2210.46,0.211,-2.394,-0.692
2210.64,0.179,-2.395,-0.662
2210.82,0.191,-2.394,-0.648
2211.0,0.182,-2.394,-0.626
2211.19,0.158,-2.394,-0.618
2211.37,0.204,-2.392,-0.629
2211.55,0.176,-2.392,-0.665
2211.73,0.188,-2.391,-0.693
2211.92,0.185,-2.39,-0.71
2212.1,0.184,-2.388,-0.702
2212.28,0.198,-2.389,-0.69
2212.46,0.181,-2.393,-0.699
2212.65,0.185,-2.395,-0.702
2212.83,0.184,-2.395,-0.714
2213.1,0.198,-2.396,-0.7
2213.19,0.185,-2.397,-0.69
2213.37,0.179,-2.397,-0.693
2213.56,0.176,-2.398,-0.692
2213.74,0.189,-2.402,-0.685
2213.92,0.2,-2.402,-0.693
2214.1,0.218,-2.404,-0.695
2214.29,0.182,-2.405,-0.7
2214.47,0.196,-2.405,-0.707
2214.65,0.168,-2.403,-0.684
2214.83,0.203,-2.406,-0.683
2215.1,0.197,-2.407,-0.674
2215.2,0.198,-2.412,-0.688
2215.38,0.191,-2.414,-0.688
2215.56,0.192,-2.417,-0.696
2215.74,0.182,-2.417,-0.69
2215.93,0.188,-2.416,-0.687
2216.11,0.197,-2.417,-0.689
2216.29,0.189,-2.416,-0.684
2216.47,0.192,-2.422,-0.687
2216.66,0.184,-2.421,-0.678
2216.84,0.188,-2.419,-0.704
2217.2,0.194,-2.422,-0.672
2217.2,0.163,-2.424,-0.676
2217.38,0.188,-2.424,-0.684
2217.57,0.207,-2.424,-0.674
2217.75,0.193,-2.425,-0.682
2217.93,0.181,-2.426,-0.691
2218.11,0.202,-2.425,-0.685
2218.3,0.195,-2.428,-0.671
2218.48,0.19,-2.428,-0.68
2218.66,0.201,-2.429,-0.677
2218.84,0.195,-2.431,-0.697
2219.3,0.187,-2.43,-0.693
2219.21,0.204,-2.431,-0.68
2219.39,0.175,-2.432,-0.685
2219.57,0.205,-2.432,-0.69
2219.75,0.181,-2.433,-0.665
2219.94,0.194,-2.436,-0.677
2220.12,0.18,-2.438,-0.693
2220.3,0.207,-2.44,-0.684
2220.48,0.171,-2.437,-0.679
2220.67,0.197,-2.435,-0.674
2220.85,0.188,-2.433,-0.657
2221.3,0.194,-2.434,-0.676
2221.21,0.196,-2.434,-0.673
2221.39,0.198,-2.433,-0.662
2221.58,0.2,-2.429,-0.681
2221.76,0.189,-2.43,-0.662
2221.94,0.18,-2.429,-0.661
2222.12,0.189,-2.431,-0.69
2222.31,0.182,-2.433,-0.683
2222.49,0.188,-2.435,-0.667
2222.67,0.205,-2.437,-0.675
2222.85,0.188,-2.439,-0.679
2223.4,0.198,-2.44,-0.693
2223.22,0.178,-2.442,-0.691
2223.4,0.188,-2.44,-0.699
2223.58,0.217,-2.444,-0.696
2223.76,0.169,-2.446,-0.689
2223.95,0.209,-2.447,-0.699
2224.13,0.203,-2.449,-0.702
2224.31,0.206,-2.451,-0.693
2224.49,0.194,-2.452,-0.684
2224.68,0.188,-2.453,-0.676
2224.86,0.198,-2.453,-0.684
2225.4,0.168,-2.454,-0.683
2225.22,0.221,-2.455,-0.689
2225.4,0.154,-2.455,-0.69
2225.59,0.193,-2.454,-0.694
2225.77,0.168,-2.456,-0.704
2225.95,0.203,-2.457,-0.693
2226.13,0.184,-2.461,-0.718
2226.32,0.184,-2.462,-0.7
2226.5,0.197,-2.461,-0.712
2226.68,0.186,-2.461,-0.725
2231.24,0.2,-2.47,-0.704
2231.42,0.168,-2.471,-0.732
2231.6,0.171,-2.47,-0.729
2231.78,0.204,-2.473,-0.718
2231.97,0.175,-2.476,-0.715
2232.15,0.176,-2.477,-0.713
2232.33,0.206,-2.479,-0.72
2232.51,0.173,-2.479,-0.708
2232.7,0.205,-2.48,-0.712
2232.88,0.17,-2.479,-0.726
2233.6,0.216,-2.482,-0.692
2233.24,0.165,-2.482,-0.693
2233.42,0.178,-2.48,-0.679
2233.61,0.2,-2.483,-0.66
2233.79,0.186,-2.483,-0.66
2233.97,0.191,-2.486,-0.664
2234.15,0.171,-2.487,-0.665
2234.34,0.203,-2.487,-0.659
2234.52,0.187,-2.487,-0.669
2234.7,0.197,-2.487,-0.676
2234.88,0.179,-2.485,-0.682
2235.7,0.22,-2.483,-0.651
2235.25,0.183,-2.484,-0.645
2235.43,0.207,-2.485,-0.654
2235.61,0.184,-2.487,-0.671
2235.79,0.163,-2.489,-0.669
2235.98,0.211,-2.49,-0.651
2236.16,0.179,-2.49,-0.69
2236.34,0.18,-2.491,-0.694
2236.52,0.178,-2.494,-0.677
2236.71,0.181,-2.494,-0.701
2236.89,0.183,-2.496,-0.691
2238.16,0.205,-2.502,-0.701
2238.35,0.183,-2.504,-0.683
2238.53,0.198,-2.508,-0.726
2238.71,0.22,-2.507,-0.708
2238.89,0.215,-2.506,-0.674
2239.7,0.223,-2.507,-0.698
2239.26,0.238,-2.51,-0.682
2239.44,0.169,-2.509,-0.69
2239.62,0.199,-2.513,-0.705
2239.8,0.221,-2.515,-0.691
2239.99,0.164,-2.513,-0.692
2240.17,0.178,-2.513,-0.722
2240.35,0.189,-2.516,-0.705
2240.53,0.162,-2.519,-0.685
2240.72,0.214,-2.519,-0.694
2240.9,0.174,-2.521,-0.666
2241.8,0.171,-2.524,-0.631
2241.26,0.201,-2.527,-0.603
2241.44,0.175,-2.524,-0.581
2241.63,0.194,-2.524,-0.549
2241.81,0.179,-2.525,-0.565
2241.99,0.193,-2.527,-0.567
2242.17,0.172,-2.529,-0.619
2242.36,0.203,-2.528,-0.623
2242.54,0.172,-2.528,-0.659
2242.72,0.206,-2.529,-0.667
2242.9,0.165,-2.53,-0.642
2243.8,0.205,-2.533,-0.644
2243.27,0.193,-2.537,-0.685
2243.45,0.189,-2.536,-0.71
2243.63,0.17,-2.537,-0.715
2243.81,0.212,-2.54,-0.702
2244.0,0.209,-2.542,-0.691
2244.18,0.181,-2.543,-0.683
2244.36,0.238,-2.545,-0.614
2244.54,0.14,-2.546,-0.603
2244.72,0.218,-2.546,-0.623
2244.91,0.176,-2.548,-0.672
2245.9,0.19,-2.548,-0.676
2245.27,0.197,-2.549,-0.683
2245.45,0.194,-2.551,-0.691
2245.64,0.174,-2.55,-0.675
2245.82,0.201,-2.549,-0.67
2246.0,0.18,-2.553,-0.662
2246.18,0.199,-2.553,-0.636
2246.37,0.171,-2.554,-0.617
2246.55,0.205,-2.556,-0.627
2246.73,0.182,-2.559,-0.652
2246.91,0.193,-2.562,-0.661
2247.9,0.185,-2.565,-0.679
2247.28,0.193,-2.567,-0.692
2247.46,0.178,-2.564,-0.708
2247.64,0.191,-2.564,-0.713
2247.82,0.187,-2.565,-0.708
2248.1,0.189,-2.566,-0.695
2248.19,0.187,-2.566,-0.678
2248.37,0.194,-2.564,-0.684
2248.55,0.179,-2.563,-0.695
2248.73,0.189,-2.564,-0.706
2248.92,0.191,-2.566,-0.717
2249.1,0.172,-2.563,-0.689
2249.28,0.221,-2.565,-0.696
2249.46,0.173,-2.564,-0.693
2249.65,0.179,-2.564,-0.699
2249.83,0.193,-2.564,-0.692
2250.1,0.21,-2.567,-0.708
2250.19,0.177,-2.566,-0.709
2250.37,0.194,-2.568,-0.703
2250.56,0.184,-2.567,-0.703
2250.74,0.183,-2.566,-0.694
2250.92,0.198,-2.565,-0.698
2251.1,0.17,-2.566,-0.695
2251.29,0.188,-2.564,-0.686
2251.47,0.154,-2.563,-0.682
2251.65,0.181,-2.561,-0.691
2251.83,0.189,-2.56,-0.69
2252.1,0.169,-2.56,-0.688
2252.2,0.197,-2.559,-0.684
2252.38,0.186,-2.56,-0.68
2252.56,0.192,-2.56,-0.682
2252.74,0.206,-2.561,-0.679
2252.93,0.18,-2.561,-0.681
2253.11,0.194,-2.562,-0.682
2253.29,0.188,-2.566,-0.665
2256.57,0.164,-2.571,-0.697
2256.75,0.165,-2.571,-0.687
2256.94,0.186,-2.573,-0.695
2257.12,0.194,-2.573,-0.687
2257.3,0.175,-2.576,-0.671
2257.48,0.205,-2.577,-0.691
2257.66,0.197,-2.581,-0.69
2257.85,0.194,-2.582,-0.687
2258.3,0.191,-2.581,-0.695
2258.21,0.198,-2.583,-0.68
2263.68,0.187,-2.609,-0.625
2263.86,0.184,-2.611,-0.612
2264.4,0.186,-2.611,-0.627
2264.22,0.175,-2.612,-0.598
2264.41,0.18,-2.612,-0.548
2264.59,0.192,-2.613,-0.538
2264.77,0.2,-2.612,-0.531
2264.95,0.173,-2.611,-0.551
2265.14,0.184,-2.612,-0.591
2270.6,0.206,-2.618,-0.707
2270.24,0.177,-2.618,-0.706
2270.42,0.184,-2.619,-0.703
2270.6,0.183,-2.618,-0.686
2270.79,0.183,-2.618,-0.708
2270.97,0.164,-2.616,-0.699
2271.15,0.194,-2.619,-0.707
2271.33,0.201,-2.618,-0.677
2271.51,0.171,-2.619,-0.697
2271.7,0.199,-2.621,-0.678
2271.88,0.166,-2.616,-0.697
2272.6,0.21,-2.615,-0.698
2272.24,0.186,-2.616,-0.691
2272.43,0.19,-2.617,-0.68
2272.61,0.161,-2.619,-0.688
2272.79,0.186,-2.617,-0.697
2272.97,0.195,-2.616,-0.695
2273.15,0.171,-2.615,-0.686
2273.34,0.195,-2.614,-0.696
2273.52,0.193,-2.615,-0.689
2273.7,0.166,-2.613,-0.696
2273.88,0.194,-2.615,-0.68
2274.7,0.195,-2.617,-0.684
2274.25,0.186,-2.618,-0.676
2274.43,0.209,-2.621,-0.676
2274.61,0.169,-2.62,-0.671
2274.8,0.204,-2.618,-0.657
2274.98,0.191,-2.62,-0.663
2275.16,0.197,-2.619,-0.679
2275.34,0.172,-2.618,-0.669
2275.52,0.05,-0.139,-0.003
2275.71,0.199,-0.119,-0.029
2275.89,0.176,-0.119,-0.025
2276.7,0.202,-0.117,-0.013
2276.25,0.188,-0.118,-0.041
2276.44,0.205,-0.119,-0.028
2276.62,0.19,-0.12,-0.044
2276.8,0.181,-0.12,-0.021
2276.98,0.188,-0.118,-0.045
2277.16,0.19,-0.121,-0.044
2277.35,0.187,-0.121,-0.04
2277.53,0.191,-0.121,-0.046
2277.71,0.182,-0.123,-0.052
2277.89,0.182,-0.128,-0.043
2278.8,0.178,-0.132,-0.058
2278.26,0.198,-0.132,-0.059
2278.44,0.176,-0.132,-0.06
2278.62,0.196,-0.131,-0.063
2278.8,0.164,-0.131,-0.09
2278.99,0.206,-0.133,-0.073
2279.17,0.191,-0.133,-0.083
2279.35,0.174,-0.133,-0.068
2279.53,0.19,-0.136,-0.084
2279.72,0.171,-0.134,-0.074
2279.9,0.188,-0.138,-0.055
2280.8,0.199,-0.138,-0.071
2280.26,0.175,-0.141,-0.064
2280.45,0.181,-0.142,-0.063
2280.63,0.198,-0.144,-0.037
2280.81,0.188,-0.146,-0.04
2280.99,0.197,-0.148,-0.035
2281.17,0.177,-0.15,-0.041
2281.36,0.193,-0.153,-0.026
2281.54,0.173,-0.155,-0.029
2281.72,0.17,-0.155,-0.048
2281.9,0.192,-0.154,-0.046
2282.9,0.202,-0.156,-0.056
2282.27,0.196,-0.155,-0.055
2282.45,0.204,-0.158,-0.043
2283.54,0.194,-0.165,-0.029
2283.73,0.189,-0.165,-0.011
2283.91,0.188,-0.166,0.008
2284.9,0.214,-0.169,-0.005
2284.27,0.159,-0.169,-0.007
2284.45,0.234,-0.169,0.008
2284.64,0.172,-0.168,0.03
2284.82,0.197,-0.169,0.064
2285.0,0.195,-0.169,0.07
2285.18,0.179,-0.166,0.015
2285.37,0.215,-0.167,-0.0
2285.55,0.18,-0.168,-0.015
2285.73,0.186,-0.168,0.015
2285.91,0.176,-0.168,0.002
2286.1,0.183,-0.169,-0.011
2286.28,0.166,-0.171,-0.004
2286.46,0.18,-0.173,-0.008
2286.64,0.176,-0.172,-0.035
2286.82,0.199,-0.174,-0.05
2287.1,0.191,-0.174,-0.012
2287.19,0.198,-0.176,0.031
2287.37,0.17,-0.173,0.037
2287.55,0.19,-0.173,0.04
2287.74,0.188,-0.172,0.028
2287.92,0.171,-0.172,0.014
2288.1,0.183,-0.172,0.032
2288.28,0.18,-0.172,0.057
2288.46,0.171,-0.17,0.064
2288.65,0.172,-0.171,0.026
2288.83,0.192,-0.172,0.037
2289.1,0.206,-0.172,0.025
2289.19,0.182,-0.172,0.016
2289.38,0.19,-0.173,0.011
2289.56,0.191,-0.176,0.01
2289.74,0.185,-0.175,-0.018
2289.92,0.19,-0.176,-0.027
2290.11,0.192,-0.175,-0.021
2290.29,0.198,-0.176,0.022
2290.47,0.172,-0.176,0.008
2290.65,0.195,-0.176,0.026
2291.93,0.195,-0.185,0.05
2292.11,0.188,-0.185,0.077
2292.29,0.2,-0.184,0.037
2292.47,0.164,-0.184,-0.01
2292.66,0.182,-0.185,-0.019
2292.84,0.159,-0.186,-0.019
2293.2,0.178,-0.188,-0.001
2293.2,0.188,-0.19,-0.021
2293.39,0.187,-0.188,0.026
2293.57,0.162,-0.19,-0.009
2293.75,0.195,-0.189,-0.041
2299.77,0.19,-0.199,-0.047
2299.95,0.165,-0.198,-0.053
2300.13,0.193,-0.202,-0.043
2300.31,0.15,-0.204,-0.057
2300.5,0.218,-0.205,-0.036
2300.68,0.173,-0.203,-0.056
2300.86,0.214,-0.204,-0.061
2301.4,0.166,-0.205,-0.051
2301.22,0.193,-0.206,-0.06
2301.41,0.177,-0.207,-0.067
2301.59,0.199,-0.209,-0.054
2307.61,0.187,-0.22,-0.017
2307.79,0.189,-0.221,-0.001
2307.97,0.184,-0.219,0.003
2308.15,0.173,-0.221,0.036
2308.33,0.19,-0.223,0.032
2308.52,0.179,-0.223,0.025
2308.7,0.17,-0.222,-0.002
2308.88,0.195,-0.222,-0.033
2309.6,0.17,-0.224,-0.046
2309.25,0.174,-0.224,-0.055
2309.43,0.193,-0.223,-0.044
2309.61,0.172,-0.226,-0.036
2309.79,0.192,-0.228,-0.038
2309.98,0.177,-0.228,-0.029
2310.16,0.173,-0.228,-0.025
2310.34,0.178,-0.23,-0.044
2310.52,0.182,-0.231,-0.036
2310.7,0.213,-0.232,-0.036
2311.8,0.211,-0.24,-0.067
2311.98,0.174,-0.24,-0.056
2312.16,0.201,-0.241,-0.067
2312.34,0.192,-0.243,-0.053
2312.53,0.179,-0.244,-0.046
2312.71,0.193,-0.245,-0.056
2312.89,0.203,-0.245,-0.042
2313.7,0.164,-0.245,-0.049
2313.26,0.184,-0.245,-0.058
2313.44,0.197,-0.245,-0.05
2319.9,0.185,-0.25,0.021
2319.27,0.198,-0.253,0.049
2319.45,0.158,-0.252,-0.015
2319.64,0.207,-0.255,-0.055
2319.82,0.14,-0.254,-0.051
2320.0,0.202,-0.257,-0.066
2320.18,0.162,-0.26,-0.06
2320.36,0.196,-0.262,-0.067
2320.55,0.189,-0.262,-0.031
2320.73,0.162,-0.265,-0.039
2320.91,0.207,-0.267,-0.047
2326.2,0.187,-0.279,-0.038
2326.2,0.193,-0.283,-0.029
2326.38,0.179,-0.283,-0.044
2326.56,0.165,-0.283,-0.027
2326.74,0.178,-0.284,-0.035
2326.93,0.199,-0.285,-0.037
2327.11,0.183,-0.284,-0.029
2327.29,0.203,-0.285,-0.043
2327.47,0.185,-0.289,-0.05
2327.66,0.199,-0.289,-0.046
2327.84,0.202,-0.288,-0.048
2328.2,0.189,-0.289,-0.044
2328.2,0.182,-0.289,-0.046
2328.38,0.192,-0.291,-0.05
2328.57,0.191,-0.293,-0.053
2328.75,0.182,-0.293,-0.047
2328.93,0.214,-0.296,-0.032
2329.11,0.185,-0.299,-0.042
2329.3,0.2,-0.3,-0.034
2329.48,0.203,-0.301,-0.041
2329.66,0.181,-0.301,-0.03
2329.84,0.18,-0.304,-0.046
2330.3,0.164,-0.304,-0.034
2330.21,0.179,-0.307,-0.052
2330.39,0.177,-0.307,-0.042
2330.57,0.197,-0.308,-0.033
2330.75,0.184,-0.307,-0.05
2330.94,0.188,-0.31,-0.043
2331.12,0.195,-0.311,-0.053
2331.3,0.198,-0.312,-0.063
2331.48,0.187,-0.314,-0.044
2331.67,0.185,-0.316,-0.053
2331.85,0.185,-0.316,-0.056
2332.3,0.19,-0.319,-0.064
2332.21,0.176,-0.321,-0.066
2332.39,0.219,-0.323,-0.045
2332.58,0.173,-0.32,-0.056
2332.76,0.222,-0.32,-0.044
2332.94,0.179,-0.32,-0.04
2333.12,0.198,-0.319,-0.047
2333.31,0.18,-0.32,-0.046
2333.49,0.21,-0.322,-0.048
2333.67,0.185,-0.324,-0.058
2333.85,0.185,-0.327,-0.077
2334.4,0.167,-0.329,-0.062
2334.22,0.2,-0.335,-0.062
2334.4,0.191,-0.337,-0.06
2334.58,0.174,-0.339,-0.042
2334.76,0.195,-0.34,-0.039
2334.95,0.173,-0.343,-0.034
2335.13,0.185,-0.345,-0.045
2336.77,0.184,-0.34,-0.06
2336.95,0.177,-0.34,-0.074
2337.13,0.194,-0.34,-0.075
2337.32,0.192,-0.343,-0.047
2337.5,0.177,-0.344,-0.053
2337.68,0.204,-0.342,-0.046
2337.86,0.177,-0.342,-0.061
2338.5,0.185,-0.341,-0.066
2338.23,0.197,-0.341,-0.06
2338.41,0.192,-0.343,-0.067
2338.59,0.179,-0.344,-0.062
2338.77,0.188,-0.343,-0.055
2338.96,0.193,-0.346,-0.074
2339.14,0.166,-0.345,-0.049
2339.32,0.193,-0.343,-0.069
2339.5,0.205,-0.343,-0.062
2339.69,0.175,-0.344,-0.065
2339.87,0.193,-0.346,-0.061
2340.96,0.204,-0.347,-0.04
2341.14,0.186,-0.347,-0.049
2341.33,0.188,-0.349,-0.019
2341.51,0.194,-0.35,-0.016
2341.69,0.183,-0.352,-0.028
2341.87,0.193,-0.353,-0.01
2342.6,0.187,-0.355,-0.024
2342.24,0.192,-0.354,-0.035
2342.42,0.188,-0.356,-0.047
2348.7,0.177,-0.367,-0.05
2348.25,0.186,-0.365,-0.063
2348.43,0.179,-0.367,-0.045
2348.62,0.172,-0.365,-0.064
2348.8,0.21,-0.365,-0.036
2348.98,0.165,-0.363,-0.053
2349.16,0.177,-0.364,-0.035
2349.35,0.162,-0.362,-0.044
2349.53,0.172,-0.363,-0.026
2349.71,0.208,-0.366,-0.046
2349.89,0.184,-0.368,-0.036
2355.54,0.197,-0.388,-0.042
2355.73,0.18,-0.389,-0.035
2355.91,0.189,-0.389,-0.041
2356.9,0.177,-0.393,-0.033
2356.27,0.191,-0.394,-0.023
2356.45,0.165,-0.395,-0.025
2356.64,0.19,-0.393,-0.026
2356.82,0.174,-0.393,-0.053
2357.0,0.191,-0.395,-0.024
2357.18,0.186,-0.395,-0.037
2357.37,0.194,-0.397,-0.021
2357.55,0.181,-0.4,-0.042
2357.73,0.185,-0.399,-0.031
2357.91,0.181,-0.396,-0.035
2358.9,0.175,-0.397,-0.04
2358.28,0.195,-0.399,-0.027
2358.46,0.171,-0.4,-0.049
2358.64,0.21,-0.398,-0.028
2358.82,0.185,-0.399,-0.045
2359.1,0.192,-0.398,-0.042
2359.19,0.181,-0.397,-0.027
2359.37,0.194,-0.396,-0.038
2359.55,0.205,-0.401,-0.018
2359.73,0.153,-0.4,-0.058
2359.92,0.201,-0.404,-0.024
2360.1,0.141,-0.404,-0.05
2360.28,0.236,-0.409,-0.033
2360.46,0.148,-0.408,-0.047
2360.65,0.199,-0.408,-0.028
2360.83,0.185,-0.407,-0.03
2361.1,0.182,-0.411,-0.047
2361.19,0.184,-0.411,-0.027
2361.37,0.172,-0.409,-0.04
2361.56,0.192,-0.413,-0.044
2361.74,0.187,-0.414,-0.02
2361.92,0.173,-0.413,-0.049
2362.1,0.193,-0.413,-0.02
2362.29,0.159,-0.41,-0.037
2362.47,0.212,-0.416,-0.032
2362.65,0.148,-0.416,-0.029
2362.83,0.196,-0.417,-0.024
2363.1,0.163,-0.418,-0.033
2363.2,0.196,-0.415,-0.029
2363.38,0.167,-0.418,-0.033
2363.56,0.203,-0.417,-0.025
2363.74,0.163,-0.418,-0.029
2363.93,0.201,-0.417,-0.015
2364.11,0.181,-0.417,-0.029
2364.29,0.188,-0.417,-0.019
2364.47,0.176,-0.416,-0.017
2364.66,0.186,-0.416,0.009
2364.84,0.195,-0.418,0.006
2365.2,0.194,-0.417,0.022
2365.2,0.187,-0.415,0.037
2365.38,0.182,-0.419,0.002
2365.57,0.175,-0.42,-0.051
2365.75,0.19,-0.421,-0.052
2365.93,0.196,-0.419,-0.066
2366.11,0.204,-0.422,-0.073
2367.21,0.181,-0.42,-0.051
2367.39,0.174,-0.42,-0.062
2367.57,0.18,-0.419,-0.076
2367.75,0.199,-0.422,-0.067
2367.94,0.185,-0.422,-0.091
2368.12,0.196,-0.423,-0.066
2368.3,0.185,-0.426,-0.084
2368.48,0.178,-0.428,-0.068
2368.66,0.179,-0.432,-0.055
2368.85,0.182,-0.434,-0.044
2369.3,0.197,-0.436,-0.069
2369.21,0.178,-0.437,-0.058
2369.39,0.187,-0.437,-0.048
2369.58,0.176,-0.438,-0.058
2369.76,0.19,-0.438,-0.058
2369.94,0.176,-0.436,-0.062
2370.12,0.203,-0.437,-0.055
2370.31,0.195,-0.437,-0.081
2370.49,0.189,-0.438,-0.052
2370.67,0.204,-0.443,-0.058
2370.85,0.177,-0.442,-0.057
2371.3,0.186,-0.443,-0.066
2371.22,0.187,-0.446,-0.056
2371.4,0.17,-0.446,-0.08
2371.58,0.197,-0.447,-0.08
2371.76,0.169,-0.447,-0.071
2371.95,0.195,-0.448,-0.075
2372.13,0.171,-0.446,-0.068
2372.31,0.206,-0.45,-0.053
2372.49,0.174,-0.45,-0.05
2372.68,0.201,-0.452,-0.055
2372.86,0.18,-0.455,-0.049
2373.4,0.192,-0.455,-0.07
2373.22,0.181,-0.455,-0.065
2374.32,0.193,-0.463,-0.032
2374.5,0.199,-0.464,-0.034
2374.68,0.194,-0.467,-0.025
2374.86,0.191,-0.468,-0.032
2375.5,0.186,-0.468,-0.039
2375.23,0.172,-0.469,-0.024
2375.41,0.186,-0.47,-0.045
2375.59,0.187,-0.472,-0.032
2375.77,0.176,-0.474,-0.05
2375.96,0.183,-0.476,-0.041
2376.14,0.193,-0.475,-0.052
2382.15,0.207,-0.517,-0.039
2382.34,0.184,-0.52,-0.052
2382.52,0.188,-0.523,-0.05
2382.7,0.179,-0.524,-0.064
2382.88,0.199,-0.526,-0.055
2383.6,0.177,-0.529,-0.056
2383.25,0.194,-0.533,-0.038
2383.43,0.187,-0.535,-0.041
2383.61,0.206,-0.539,-0.058
2383.79,0.182,-0.539,-0.036
2390.17,0.189,-0.576,-0.055
2390.36,0.199,-0.578,-0.065
2390.54,0.167,-0.578,-0.048
2390.72,0.182,-0.581,-0.052
2390.9,0.178,-0.583,-0.071
2391.9,0.19,-0.583,-0.057
2391.27,0.169,-0.583,-0.058
2391.45,0.198,-0.584,-0.05
2391.63,0.174,-0.587,-0.062
2391.81,0.166,-0.588,-0.037
2392.0,0.188,-0.591,-0.054
2392.18,0.177,-0.593,-0.033
2392.36,0.198,-0.595,-0.059
2392.54,0.186,-0.596,-0.037
2392.73,0.181,-0.595,-0.048
2392.91,0.178,-0.597,-0.045
2393.9,0.175,-0.6,-0.058
2393.27,0.21,-0.601,-0.038
2393.45,0.204,-0.606,-0.044
2393.64,0.205,-0.608,-0.04
2393.82,0.199,-0.609,-0.06
2394.0,0.204,-0.609,-0.042
2394.18,0.2,-0.61,-0.037
2394.37,0.205,-0.612,-0.044
2394.55,0.192,-0.617,-0.036
2394.73,0.192,-0.618,-0.045
2394.91,0.198,-0.621,-0.042
2395.1,0.166,-0.622,-0.039
2395.28,0.203,-0.622,-0.047
2395.46,0.179,-0.623,-0.044
2395.64,0.188,-0.622,-0.041
2395.82,0.179,-0.623,-0.045
2396.1,0.207,-0.62,-0.036
2396.19,0.171,-0.623,-0.043
2396.37,0.184,-0.621,-0.042
2396.55,0.188,-0.623,-0.039
2397.83,0.175,-0.622,-0.034
2398.1,0.191,-0.623,-0.043
2398.19,0.2,-0.625,-0.048
2398.38,0.156,-0.626,-0.038
2398.56,0.203,-0.626,-0.048
2398.74,0.218,-0.625,-0.033
2398.92,0.171,-0.626,-0.035
2399.11,0.187,-0.626,-0.058
2399.29,0.151,-0.625,-0.037
2399.47,0.204,-0.624,-0.059
2405.85,0.206,-0.661,-0.033
2406.3,0.161,-0.661,-0.034
2406.21,0.22,-0.661,-0.014
2406.4,0.151,-0.662,-0.017
2406.58,0.198,-0.666,-0.01
2406.76,0.191,-0.668,-0.018
2406.94,0.157,-0.666,-0.023
2407.12,0.209,-0.666,-0.034
2407.31,0.214,-0.669,-0.004
2407.49,0.171,-0.667,-0.031
2407.67,0.189,-0.67,-0.016
2407.85,0.176,-0.67,-0.01
2408.4,0.187,-0.67,-0.035
2408.22,0.15,-0.67,-0.026
2408.4,0.185,-0.671,-0.037
2408.58,0.167,-0.672,-0.021
2408.76,0.21,-0.674,-0.018
2408.95,0.167,-0.677,-0.002
2409.13,0.211,-0.672,0.022
2409.31,0.167,-0.672,-0.006
2409.49,0.189,-0.674,0.027
2409.68,0.197,-0.677,0.018
2409.86,0.204,-0.677,-0.001
2410.4,0.19,-0.678,-0.005
2410.22,0.173,-0.68,0.019
2410.41,0.195,-0.682,0.029
2410.59,0.183,-0.681,0.049
2410.77,0.188,-0.685,0.014
2410.95,0.182,-0.681,0.0
2411.13,0.175,-0.683,0.003
2411.32,0.177,-0.681,0.011
2411.5,0.179,-0.685,0.03
2411.68,0.165,-0.684,0.014
2411.86,0.189,-0.684,0.033
2412.5,0.189,-0.683,0.022
2412.23,0.171,-0.684,-0.002
2414.23,0.162,-0.695,-0.039
2414.42,0.2,-0.696,-0.065
2414.6,0.195,-0.693,-0.053
2414.78,0.195,-0.695,-0.057
2414.96,0.197,-0.696,-0.053
2415.14,0.18,-0.694,-0.053
2415.33,0.201,-0.695,-0.059
2415.51,0.164,-0.695,-0.041
2415.69,0.198,-0.697,-0.04
2415.87,0.183,-0.696,-0.036
2422.43,0.174,-0.731,-0.047
2422.62,0.18,-0.731,-0.043
2422.8,0.176,-0.729,-0.053
2422.98,0.183,-0.73,-0.035
2423.16,0.174,-0.73,-0.04
2423.35,0.2,-0.734,-0.052
2423.53,0.163,-0.735,-0.05
2423.71,0.182,-0.734,-0.047
2423.89,0.172,-0.735,-0.055
2429.18,0.182,-0.77,-0.033
2429.36,0.182,-0.771,-0.066
2429.54,0.189,-0.774,-0.05
2429.73,0.167,-0.775,-0.052
2429.91,0.198,-0.78,-0.049
2430.9,0.159,-0.78,-0.038
2430.27,0.206,-0.779,-0.035
2430.45,0.173,-0.777,-0.047
2430.64,0.169,-0.775,-0.038
2430.82,0.18,-0.773,-0.062
2436.1,0.182,-0.791,-0.039
2436.29,0.206,-0.791,-0.042
2436.47,0.197,-0.791,-0.05
2436.65,0.16,-0.787,-0.031
2436.83,0.199,-0.786,-0.049
2437.2,0.187,-0.789,-0.031
2437.2,0.161,-0.788,-0.035
2437.38,0.226,-0.792,-0.029
2437.56,0.127,-0.792,-0.019
2437.74,0.219,-0.791,-0.045
2437.93,0.158,-0.794,-0.047
2438.11,0.196,-0.791,-0.07
2438.29,0.184,-0.792,-0.075
2438.47,0.193,-0.789,-0.084
2438.66,0.167,-0.791,-0.086
2438.84,0.178,-0.794,-0.061
2439.2,0.187,-0.795,-0.045
2439.2,0.155,-0.795,-0.046
2439.39,0.174,-0.795,-0.066
2439.57,0.187,-0.792,-0.074
2439.75,0.157,-0.795,-0.083
2439.93,0.195,-0.796,-0.054
2440.11,0.164,-0.797,-0.063
2440.3,0.198,-0.801,-0.068
2440.48,0.121,-0.8,-0.074
2440.66,0.244,-0.801,-0.061
2440.84,0.154,-0.801,-0.046
2441.3,0.214,-0.8,-0.06
2441.21,0.163,-0.802,-0.055
2441.39,0.185,-0.802,-0.057
2441.57,0.178,-0.802,-0.068
2441.75,0.183,-0.801,-0.083
2441.94,0.164,-0.804,-0.072
2442.12,0.18,-0.806,-0.083
2442.3,0.183,-0.808,-0.073
2442.48,0.194,-0.809,-0.059
2442.67,0.164,-0.812,-0.079
2442.85,0.214,-0.815,-0.06
2443.3,0.169,-0.812,-0.063
2443.21,0.183,-0.819,-0.051
2443.4,0.192,-0.824,-0.055
2443.58,0.153,-0.823,-0.055
2443.76,0.209,-0.823,-0.045
2443.94,0.147,-0.824,-0.049
2444.12,0.212,-0.824,-0.058
2444.31,0.162,-0.826,-0.05
2444.49,0.195,-0.823,-0.046
2444.67,0.188,-0.825,-0.042
2444.85,0.184,-0.826,-0.044
2445.4,0.161,-0.829,-0.043
2445.22,0.177,-0.831,-0.056
2445.4,0.163,-0.833,-0.053
2445.58,0.177,-0.833,-0.06
2445.77,0.188,-0.835,-0.059
2445.95,0.177,-0.836,-0.052
2446.13,0.193,-0.839,-0.053
2446.31,0.192,-0.841,-0.056
2446.49,0.182,-0.84,-0.053
2446.68,0.206,-0.843,-0.071
2446.86,0.161,-0.842,-0.072
2447.4,0.213,-0.848,-0.058
2447.22,0.161,-0.852,-0.053
2447.41,0.191,-0.852,-0.051
2447.59,0.192,-0.852,-0.048
2447.77,0.16,-0.853,-0.066
2447.95,0.196,-0.855,-0.054
2448.13,0.169,-0.856,-0.07
2448.32,0.21,-0.856,-0.08
2448.5,0.183,-0.856,-0.078
2448.68,0.157,-0.858,-0.087
2448.86,0.169,-0.856,-0.071
2449.5,0.184,-0.856,-0.066
2449.23,0.175,-0.855,-0.082
2449.41,0.187,-0.853,-0.077
2449.59,0.179,-0.855,-0.069
2449.78,0.186,-0.854,-0.085
2449.96,0.17,-0.853,-0.066
2450.14,0.178,-0.858,-0.091
2450.32,0.183,-0.863,-0.094
2450.5,0.193,-0.863,-0.078
2450.69,0.201,-0.866,-0.078
2450.87,0.186,-0.868,-0.074
2451.5,0.193,-0.869,-0.071
2451.23,0.178,-0.872,-0.069
2451.42,0.194,-0.877,-0.073
2451.6,0.175,-0.877,-0.08
2451.78,0.205,-0.877,-0.076
2451.96,0.167,-0.881,-0.08
2452.14,0.186,-0.885,-0.071
2452.33,0.183,-0.886,-0.076
2452.51,0.178,-0.885,-0.07
2453.79,0.153,-0.89,-0.061
2453.97,0.18,-0.889,-0.037
2454.15,0.181,-0.89,-0.05
2454.33,0.186,-0.892,-0.026
2454.51,0.183,-0.891,-0.026
2454.7,0.193,-0.89,-0.031
2454.88,0.188,-0.893,-0.038
2455.6,0.202,-0.892,-0.025
2455.24,0.156,-0.892,-0.039
2455.43,0.191,-0.893,-0.019
2455.61,0.204,-0.896,-0.028
2455.79,0.181,-0.895,-0.035
2455.97,0.186,-0.897,-0.025
2456.16,0.201,-0.897,-0.036
2456.34,0.182,-0.896,-0.055
2456.52,0.193,-0.898,-0.039
2456.7,0.168,-0.9,-0.041
2456.88,0.167,-0.899,-0.045
2457.7,0.198,-0.9,-0.023
2457.25,0.172,-0.901,-0.028
2457.43,0.205,-0.9,-0.042
2457.61,0.161,-0.9,-0.041
2457.8,0.202,-0.904,-0.048
2457.98,0.202,-0.904,-0.044
2458.16,0.162,-0.904,-0.032
2458.34,0.185,-0.907,0.009
2458.52,0.179,-0.906,0.013
2458.71,0.202,-0.904,0.003
2458.89,0.202,-0.907,0.049
2459.7,0.154,-0.908,0.025
2459.25,0.225,-0.907,0.031
2459.44,0.17,-0.905,0.011
2459.62,0.216,-0.905,0.006
2459.8,0.157,-0.905,0.008
2459.98,0.198,-0.904,-0.0
2460.17,0.187,-0.905,-0.016
2460.35,0.188,-0.908,-0.025
2460.53,0.178,-0.91,-0.03
2460.71,0.189,-0.912,-0.027
2460.89,0.178,-0.909,-0.02
2461.8,0.211,-0.908,-0.026
2461.26,0.165,-0.904,-0.033
2461.44,0.216,-0.904,-0.026
2461.62,0.177,-0.9,-0.031
2461.81,0.205,-0.901,-0.045
2461.99,0.171,-0.903,-0.035
2462.17,0.177,-0.907,-0.036
2462.35,0.163,-0.904,-0.025
2462.53,0.195,-0.903,-0.034
2462.72,0.161,-0.904,0.012
2462.9,0.188,-0.905,-0.003
2463.8,0.178,-0.906,0.012
2463.26,0.17,-0.905,0.024
2463.45,0.206,-0.909,0.012
2463.63,0.168,-0.908,0.009
2463.81,0.183,-0.908,-0.024
2463.99,0.182,-0.91,-0.009
2464.17,0.179,-0.909,-0.012
2464.36,0.188,-0.913,-0.012
2468.0,0.169,-0.923,-0.032
2468.18,0.194,-0.924,-0.042
2468.37,0.187,-0.924,-0.03
2468.55,0.176,-0.925,-0.033
2468.73,0.192,-0.928,-0.022
2468.91,0.18,-0.927,-0.036
2469.1,0.17,-0.928,-0.035
2469.28,0.174,-0.927,-0.06
2469.46,0.178,-0.93,-0.058
2469.64,0.187,-0.931,-0.063
2469.83,0.175,-0.932,-0.052
2470.1,0.186,-0.931,-0.057
2470.19,0.191,-0.93,-0.068
2470.37,0.176,-0.93,-0.084
2470.55,0.213,-0.932,-0.08
2470.74,0.172,-0.935,-0.072
2470.92,0.191,-0.932,-0.061
2471.1,0.193,-0.937,-0.077
2471.28,0.168,-0.937,-0.061
2471.47,0.169,-0.943,-0.048
2471.65,0.204,-0.945,-0.043
2471.83,0.164,-0.946,-0.047
2472.1,0.2,-0.949,-0.036
2473.29,0.187,-0.963,-0.065
2473.47,0.197,-0.962,-0.063
2473.65,0.174,-0.963,-0.049
2473.84,0.16,-0.963,-0.045
2474.2,0.195,-0.966,-0.036
2474.2,0.186,-0.967,-0.052
2474.38,0.197,-0.969,-0.037
2474.56,0.169,-0.969,-0.02
2474.75,0.189,-0.97,-0.026
2474.93,0.183,-0.971,-0.028
2475.11,0.175,-0.972,-0.03
2475.29,0.171,-0.973,-0.027
2475.48,0.17,-0.976,-0.04
2475.66,0.194,-0.975,-0.033
2475.84,0.171,-0.977,-0.035
2476.2,0.162,-0.977,-0.057
2476.2,0.188,-0.978,-0.045
2476.39,0.129,-0.977,-0.049
2476.57,0.2,-0.982,-0.067
2476.75,0.145,-0.984,-0.053
2476.93,0.204,-0.984,-0.045
2478.21,0.194,-0.993,-0.064
2478.39,0.189,-0.993,-0.052
2478.57,0.163,-0.995,-0.059
2478.76,0.176,-0.995,-0.038
2478.94,0.168,-0.994,-0.056
2479.12,0.193,-0.993,-0.041
2479.3,0.182,-0.993,-0.053
2479.49,0.16,-0.993,-0.036
2479.67,0.165,-0.993,-0.038
2479.85,0.187,-0.993,-0.034
2480.3,0.174,-0.996,-0.034
2480.21,0.184,-0.997,-0.029
2480.4,0.168,-0.997,-0.027
2480.58,0.181,-0.997,-0.037
2480.76,0.186,-0.994,-0.035
2480.94,0.188,-0.993,-0.026
2481.13,0.173,-0.994,-0.026
2481.31,0.186,-0.997,-0.03
2481.49,0.203,-0.997,-0.03
2481.67,0.175,-1.0,-0.052
2481.86,0.189,-0.999,-0.04
2482.4,0.177,-1.003,-0.049
2482.22,0.169,-1.006,-0.041
2482.4,0.181,-1.006,-0.051
2482.58,0.186,-1.011,-0.047
2482.77,0.18,-1.011,-0.04
2482.95,0.184,-1.01,-0.042
2483.13,0.169,-1.011,-0.044
2483.31,0.188,-1.011,-0.06
2483.5,0.168,-1.011,-0.059
2483.68,0.167,-1.01,-0.05
2483.86,0.172,-1.01,-0.046
2484.4,0.196,-1.01,-0.048
2484.22,0.178,-1.008,-0.054
2484.41,0.172,-1.012,-0.05
2484.59,0.176,-1.012,-0.055
2484.77,0.192,-1.012,-0.053
2484.95,0.193,-1.012,-0.048
2485.14,0.168,-1.014,-0.05
2485.32,0.176,-1.016,-0.063
2485.5,0.17,-1.017,-0.032
2485.68,0.181,-1.018,-0.041
2485.86,0.182,-1.021,-0.035
2486.5,0.173,-1.024,-0.004
2486.23,0.194,-1.024,-0.012
2486.41,0.166,-1.026,0.009
2486.59,0.188,-1.03,-0.007
2486.78,0.173,-1.033,-0.011
2486.96,0.186,-1.035,-0.023
2487.14,0.171,-1.039,-0.011
2487.32,0.164,-1.037,-0.025
2487.51,0.195,-1.038,-0.016
2487.69,0.196,-1.039,-0.034
2487.87,0.171,-1.037,-0.039
2488.5,0.184,-1.036,-0.046
2488.23,0.177,-1.037,-0.033
2488.42,0.164,-1.038,-0.035
2488.6,0.167,-1.04,-0.034
2488.78,0.168,-1.038,-0.024
2488.96,0.193,-1.04,-0.024
2489.15,0.167,-1.04,-0.029
2489.33,0.17,-1.041,-0.048
2489.51,0.178,-1.041,-0.033
2489.69,0.183,-1.04,-0.048
2489.87,0.173,-1.043,-0.035
2490.6,0.173,-1.043,-0.083
2490.24,0.189,-1.044,-0.066
2490.42,0.179,-1.046,-0.056
2490.6,0.165,-1.047,-0.063
2490.79,0.156,-1.048,-0.054
2490.97,0.18,-1.048,-0.059
2491.15,0.18,-1.047,-0.044
2491.33,0.198,-1.046,-0.056
2491.51,0.163,-1.047,-0.049
2491.7,0.188,-1.049,-0.044
2491.88,0.172,-1.05,-0.058
2492.6,0.171,-1.051,-0.043
2492.24,0.178,-1.054,-0.06
2496.44,0.186,-1.075,-0.048
2496.62,0.159,-1.075,-0.044
2496.8,0.179,-1.076,-0.05
2496.98,0.173,-1.074,-0.047
2497.17,0.187,-1.076,-0.045
2497.35,0.189,-1.074,-0.056
2497.53,0.172,-1.074,-0.064
2497.71,0.17,-1.076,-0.067
2497.89,0.2,-1.077,-0.071
2498.8,0.167,-1.081,-0.073
2498.26,0.19,-1.082,-0.061
2498.44,0.182,-1.084,-0.056
2498.62,0.16,-1.087,-0.051
2498.81,0.173,-1.087,-0.046
2498.99,0.193,-1.087,-0.066
2499.17,0.177,-1.088,-0.039
2499.35,0.184,-1.089,-0.046
2499.53,0.164,-1.091,-0.057
2499.72,0.162,-1.092,-0.04
2499.9,0.186,-1.091,-0.066
2500.8,0.163,-1.093,-0.047
2500.26,0.191,-1.092,-0.052
2500.45,0.165,-1.094,-0.047
2500.63,0.175,-1.095,-0.043
2500.81,0.177,-1.097,-0.046
2500.99,0.178,-1.101,-0.043
2501.17,0.162,-1.103,-0.035
2501.36,0.205,-1.107,-0.036
2501.54,0.157,-1.109,-0.042
2501.72,0.191,-1.11,-0.063
2501.9,0.171,-1.108,-0.064
2502.9,0.179,-1.11,-0.073
2502.27,0.165,-1.111,-0.08
2502.45,0.147,-1.112,-0.06
2502.63,0.184,-1.112,-0.055
2502.81,0.168,-1.114,-0.06
2503.0,0.186,-1.116,-0.053
2503.18,0.192,-1.116,-0.07
2503.36,0.177,-1.118,-0.072
2503.54,0.184,-1.117,-0.061
2503.73,0.177,-1.115,-0.046
2503.91,0.19,-1.116,-0.04
2504.9,0.187,-1.118,-0.034
2504.27,0.176,-1.118,-0.048
2504.46,0.177,-1.121,-0.055
2504.64,0.172,-1.121,-0.047
2504.82,0.19,-1.122,-0.062
2505.0,0.177,-1.123,-0.064
2505.18,0.153,-1.126,-0.054
2505.37,0.184,-1.126,-0.062
2505.55,0.182,-1.127,-0.046
2505.73,0.174,-1.129,-0.077
2505.91,0.18,-1.13,-0.049
2506.1,0.159,-1.13,-0.059
2506.28,0.17,-1.135,-0.057
2506.46,0.148,-1.136,-0.076
2506.64,0.167,-1.138,-0.033
2511.2,0.188,-1.16,-0.067
2511.2,0.197,-1.161,-0.049
2511.38,0.186,-1.158,-0.061
2511.56,0.199,-1.155,-0.049
2511.75,0.166,-1.156,-0.007
2511.93,0.211,-1.155,-0.052
2512.11,0.164,-1.155,-0.034
2512.29,0.209,-1.154,-0.038
2512.48,0.158,-1.154,-0.056
2512.66,0.191,-1.156,-0.049
2512.84,0.175,-1.156,-0.058
2513.2,0.18,-1.155,-0.038
2513.2,0.189,-1.153,-0.063
2513.39,0.186,-1.155,-0.058
2513.57,0.174,-1.157,-0.05
2514.84,0.169,-1.167,-0.058
2515.3,0.187,-1.168,-0.068
2515.21,0.166,-1.168,-0.055
2515.39,0.18,-1.173,-0.063
2515.57,0.181,-1.173,-0.062
2515.76,0.183,-1.174,-0.081
2515.94,0.155,-1.176,-0.078
2516.12,0.179,-1.177,-0.064
2516.3,0.174,-1.18,-0.087
2516.48,0.185,-1.178,-0.073
2516.67,0.176,-1.182,-0.072
2516.85,0.174,-1.186,-0.075
2517.3,0.165,-1.189,-0.057
2517.21,0.162,-1.191,-0.066
2517.4,0.175,-1.192,-0.065
2517.58,0.165,-1.195,-0.062
2517.76,0.191,-1.194,-0.062
2517.94,0.183,-1.196,-0.068
2518.13,0.19,-1.199,-0.072
2518.31,0.164,-1.198,-0.068
2518.49,0.179,-1.199,-0.062
2518.67,0.193,-1.201,-0.077
2518.85,0.156,-1.203,-0.076
2519.4,0.169,-1.202,-0.069
2519.22,0.154,-1.202,-0.063
2519.4,0.166,-1.201,-0.028
2519.58,0.179,-1.202,-0.026
2519.77,0.16,-1.202,-0.038
2519.95,0.188,-1.204,-0.031
2520.13,0.146,-1.205,-0.038
2520.31,0.188,-1.206,-0.051
2520.49,0.144,-1.204,-0.045
2520.68,0.168,-1.204,-0.045
2520.86,0.194,-1.207,-0.032
2521.4,0.163,-1.209,-0.055
2521.22,0.177,-1.209,-0.053
2521.41,0.168,-1.21,-0.083
2521.59,0.19,-1.212,-0.081
2521.77,0.162,-1.21,-0.084
2521.95,0.187,-1.212,-0.076
2522.13,0.16,-1.212,-0.041
2522.32,0.179,-1.217,-0.064
2522.5,0.163,-1.219,-0.062
2522.68,0.144,-1.221,-0.075
2522.86,0.165,-1.222,-0.06
2523.5,0.182,-1.222,-0.05
2523.23,0.182,-1.22,-0.042
2523.41,0.179,-1.221,-0.048
2523.59,0.189,-1.223,-0.05
2523.77,0.16,-1.221,-0.036
2523.96,0.166,-1.223,-0.031
2524.14,0.181,-1.224,-0.022
2524.32,0.164,-1.225,-0.049
2524.5,0.168,-1.223,-0.048
2524.69,0.18,-1.224,-0.053
2524.87,0.179,-1.225,-0.052
2525.5,0.185,-1.225,-0.066
2525.23,0.168,-1.223,-0.057
2525.42,0.189,-1.228,-0.066
2525.6,0.175,-1.229,-0.066
2525.78,0.17,-1.23,-0.052
2525.96,0.168,-1.232,-0.04
2526.14,0.184,-1.233,-0.046
2526.33,0.179,-1.234,-0.044
2526.51,0.167,-1.235,-0.048
2526.69,0.173,-1.236,-0.061
2526.87,0.183,-1.236,-0.062
2527.6,0.191,-1.239,-0.053
2527.24,0.169,-1.242,-0.054
2527.42,0.169,-1.244,-0.056
2527.6,0.167,-1.245,-0.071
2527.78,0.166,-1.247,-0.085
2527.97,0.164,-1.246,-0.077
2528.15,0.191,-1.247,-0.059
2528.33,0.17,-1.248,-0.067
2528.51,0.194,-1.249,-0.051
2528.7,0.174,-1.248,-0.057
2528.88,0.163,-1.248,-0.052
2529.6,0.163,-1.248,-0.067
2529.24,0.161,-1.248,-0.051
2530.34,0.189,-1.253,-0.035
2530.52,0.183,-1.252,-0.052
2530.7,0.194,-1.255,-0.018
2530.88,0.191,-1.258,-0.059
2531.7,0.161,-1.26,-0.03
2531.25,0.171,-1.262,-0.052
2531.43,0.182,-1.261,-0.057
2531.61,0.176,-1.26,-0.055
2531.79,0.169,-1.26,-0.043
2531.98,0.162,-1.262,-0.058
2532.16,0.178,-1.263,-0.053
2532.34,0.192,-1.261,-0.061
2532.52,0.186,-1.26,-0.078
2532.71,0.178,-1.258,-0.101
2532.89,0.176,-1.257,-0.068
2533.7,0.174,-1.262,-0.073
2533.25,0.177,-1.265,-0.065
2533.43,0.191,-1.267,-0.095
2533.62,0.173,-1.269,-0.076
2533.8,0.186,-1.271,-0.102
2533.98,0.172,-1.275,-0.071
2534.16,0.161,-1.273,-0.083
2534.35,0.193,-1.274,-0.072
2534.53,0.18,-1.279,-0.088
2534.71,0.17,-1.281,-0.082
2534.89,0.141,-1.282,-0.064
2535.7,0.171,-1.285,-0.097
2535.26,0.212,-1.288,-0.076
2535.44,0.163,-1.289,-0.1
2535.62,0.218,-1.293,-0.058
2535.8,0.146,-1.298,-0.075
2535.99,0.196,-1.297,-0.08
2536.17,0.15,-1.297,-0.047
2536.35,0.192,-1.299,-0.07
2536.53,0.179,-1.299,-0.065
2536.72,0.186,-1.298,-0.068
2536.9,0.193,-1.298,-0.066
2537.8,0.181,-1.298,-0.06
2537.26,0.178,-1.298,-0.065
2537.44,0.193,-1.296,-0.064
2537.63,0.173,-1.294,-0.061
2537.81,0.174,-1.297,-0.07
2537.99,0.206,-1.297,-0.081
2538.17,0.18,-1.298,-0.058
2538.36,0.175,-1.301,-0.068
2538.54,0.189,-1.305,-0.065
2538.72,0.177,-1.306,-0.071
2538.9,0.184,-1.304,-0.054
2539.8,0.181,-1.305,-0.067
2539.27,0.201,-1.307,-0.051
2539.45,0.185,-1.309,-0.047
2539.63,0.184,-1.311,-0.065
2539.81,0.192,-1.313,-0.069
2540.0,0.175,-1.316,-0.063
2540.18,0.195,-1.321,-0.046
2540.36,0.173,-1.323,-0.061
2540.54,0.181,-1.324,-0.054
2541.82,0.158,-1.329,-0.046
2542.0,0.185,-1.327,-0.056
2542.18,0.188,-1.329,-0.056
2542.37,0.157,-1.328,-0.033
2542.55,0.201,-1.328,-0.037
2542.73,0.172,-1.327,-0.039
2542.91,0.182,-1.327,-0.029
2543.9,0.164,-1.329,-0.024
2543.28,0.185,-1.331,-0.041
2543.46,0.176,-1.332,-0.052
2543.64,0.182,-1.336,-0.056
2550.2,0.197,-1.36,-0.048
2550.38,0.159,-1.361,-0.056
2550.57,0.197,-1.363,-0.054
2550.75,0.138,-1.363,-0.041
2550.93,0.198,-1.368,-0.046
2551.11,0.169,-1.369,-0.043
2551.3,0.176,-1.37,-0.043
2551.48,0.179,-1.372,-0.065
2551.66,0.17,-1.375,-0.057
2551.84,0.179,-1.38,-0.063
2552.2,0.174,-1.38,-0.052
2552.21,0.19,-1.382,-0.066
2552.39,0.168,-1.384,-0.06
2552.57,0.166,-1.384,-0.052
2552.75,0.172,-1.385,-0.052
2552.94,0.171,-1.387,-0.057
2553.12,0.154,-1.388,-0.065
2553.3,0.203,-1.387,-0.061
2553.48,0.204,-1.384,-0.049
2553.66,0.169,-1.38,-0.054
2553.85,0.189,-1.38,-0.05
2554.3,0.18,-1.378,-0.061
2554.21,0.195,-1.378,-0.037
2554.39,0.188,-1.38,-0.035
2554.58,0.2,-1.38,-0.02
2554.76,0.192,-1.382,-0.033
2554.94,0.184,-1.385,-0.038
2556.22,0.171,-1.391,0.008
2556.4,0.18,-1.393,0.006
2556.58,0.181,-1.395,0.007
2556.76,0.17,-1.394,0.012
2556.94,0.186,-1.394,0.031
2557.13,0.179,-1.393,0.012
2557.31,0.18,-1.395,0.025
2557.49,0.189,-1.397,-0.008
2557.67,0.184,-1.398,-0.008
2557.86,0.197,-1.397,-0.002
2558.4,0.188,-1.397,0.0
2558.22,0.165,-1.397,-0.011
2558.4,0.195,-1.397,-0.019
2558.59,0.175,-1.399,-0.022
2558.77,0.163,-1.399,-0.045
2558.95,0.174,-1.399,-0.029
2559.13,0.156,-1.401,-0.038
2559.31,0.193,-1.404,-0.039
2559.5,0.172,-1.407,-0.045
2559.68,0.185,-1.409,-0.068
2559.86,0.194,-1.409,-0.053
2560.4,0.173,-1.412,-0.062
2560.23,0.171,-1.412,-0.044
2560.41,0.181,-1.413,-0.062
2560.59,0.179,-1.412,-0.026
2560.77,0.185,-1.414,-0.018
2560.95,0.195,-1.416,-0.015
2561.14,0.186,-1.413,-0.033
2561.32,0.172,-1.412,-0.04
2561.5,0.183,-1.413,-0.049
2561.68,0.176,-1.414,-0.043
2561.87,0.198,-1.412,-0.071
2562.5,0.177,-1.416,-0.059
2562.23,0.152,-1.415,-0.055
2562.41,0.183,-1.418,-0.049
2562.59,0.186,-1.417,-0.036
2562.78,0.198,-1.418,-0.039
2562.96,0.164,-1.418,-0.03
2563.14,0.195,-1.421,-0.037
2563.32,0.178,-1.424,-0.035
2563.51,0.172,-1.427,-0.042
2563.69,0.205,-1.431,-0.044
2563.87,0.161,-1.431,-0.042
2564.5,0.194,-1.429,-0.036
2564.24,0.152,-1.431,-0.048
2564.42,0.17,-1.431,-0.057
2564.6,0.195,-1.433,-0.054
2564.78,0.168,-1.436,-0.034
2564.96,0.185,-1.436,-0.055
2565.15,0.195,-1.434,-0.06
2565.33,0.157,-1.434,-0.037
2565.51,0.194,-1.435,-0.028
2565.69,0.19,-1.434,-0.036
2565.88,0.156,-1.436,-0.043
2566.6,0.175,-1.439,-0.031
2566.24,0.21,-1.44,-0.024
2566.42,0.168,-1.441,-0.025
2566.61,0.199,-1.441,-0.046
2566.79,0.161,-1.439,-0.049
2566.97,0.173,-1.439,-0.047
2567.15,0.186,-1.44,-0.059
2567.33,0.185,-1.439,-0.038
2567.52,0.178,-1.44,-0.058
2567.7,0.176,-1.441,-0.052
2567.88,0.188,-1.443,-0.065
2568.6,0.154,-1.441,-0.078
2568.25,0.175,-1.44,-0.042
2568.43,0.175,-1.442,-0.049
2568.61,0.181,-1.442,-0.053
2568.79,0.173,-1.445,-0.063
2568.98,0.179,-1.444,-0.056
2569.16,0.171,-1.445,-0.045
2569.34,0.168,-1.448,-0.04
2569.52,0.167,-1.446,-0.037
2569.7,0.17,-1.448,-0.03
2569.89,0.174,-1.447,-0.016
2570.7,0.171,-1.448,-0.029
2570.25,0.194,-1.451,-0.042
2570.43,0.184,-1.453,-0.026
2570.62,0.19,-1.452,-0.027
2570.8,0.17,-1.453,-0.034
2570.98,0.203,-1.453,-0.011
2571.16,0.187,-1.452,0.005
2571.34,0.204,-1.454,-0.004
2571.53,0.187,-1.457,0.0
2571.71,0.177,-1.457,0.024
2571.89,0.196,-1.458,0.007
2572.7,0.183,-1.46,-0.001
2572.26,0.185,-1.458,-0.018
2572.44,0.182,-1.463,-0.05
2572.62,0.182,-1.464,-0.029
2572.8,0.173,-1.464,-0.032
2572.98,0.188,-1.463,-0.035
2573.17,0.179,-1.462,-0.031
2573.35,0.191,-1.463,-0.065
2573.53,0.19,-1.465,-0.05
2573.71,0.169,-1.467,-0.05
2573.9,0.18,-1.469,-0.052
2574.8,0.186,-1.474,-0.072
2574.26,0.157,-1.475,-0.068
2574.44,0.174,-1.477,-0.078
2574.62,0.193,-1.476,-0.088
2574.81,0.167,-1.477,-0.076
2574.99,0.193,-1.478,-0.077
2575.17,0.177,-1.479,-0.06
2575.35,0.205,-1.484,-0.056
2575.54,0.171,-1.485,-0.044
2575.72,0.213,-1.487,-0.049
2575.9,0.165,-1.486,-0.048
2576.8,0.204,-1.488,-0.054
2576.27,0.171,-1.49,-0.043
2576.45,0.188,-1.491,-0.058
2576.63,0.203,-1.495,-0.037
2576.81,0.171,-1.495,-0.019
2576.99,0.195,-1.495,-0.039
2577.18,0.195,-1.493,-0.034
2577.36,0.172,-1.493,-0.039
2577.54,0.194,-1.493,-0.052
2577.72,0.197,-1.494,-0.037
2577.91,0.193,-1.496,-0.049
2578.9,0.18,-1.499,-0.054
2578.27,0.188,-1.501,-0.033
2578.45,0.195,-1.5,-0.018
2578.63,0.19,-1.502,-0.013
2578.82,0.18,-1.508,-0.017
2579.0,0.198,-1.506,-0.027
2579.18,0.198,-1.509,-0.023
2579.36,0.198,-1.51,-0.025
2579.55,0.174,-1.512,-0.014
2579.73,0.179,-1.511,-0.032
2579.91,0.188,-1.514,-0.033
2580.9,0.179,-1.517,-0.022
2580.27,0.165,-1.517,-0.038
2580.46,0.189,-1.52,-0.037
2580.64,0.179,-1.518,-0.034
2580.82,0.182,-1.52,-0.037
2581.0,0.188,-1.519,-0.046
2581.19,0.15,-1.52,-0.046
2581.37,0.199,-1.52,-0.041
2581.55,0.162,-1.518,-0.043
2581.73,0.189,-1.52,-0.044
2581.92,0.17,-1.522,-0.044
2582.1,0.164,-1.523,-0.059
2582.28,0.173,-1.526,-0.066
2582.46,0.179,-1.527,-0.054
2582.64,0.191,-1.527,-0.063
2582.83,0.191,-1.53,-0.045
2583.1,0.173,-1.527,-0.051
2583.19,0.18,-1.532,-0.068
2583.37,0.169,-1.53,-0.076
2583.56,0.174,-1.529,-0.066
2583.74,0.165,-1.532,-0.07
2583.92,0.17,-1.531,-0.055
2584.1,0.19,-1.533,-0.05
2584.28,0.159,-1.531,-0.037
2584.47,0.201,-1.534,-0.06
2584.65,0.182,-1.536,-0.035
2584.83,0.19,-1.535,-0.054
2585.1,0.183,-1.535,-0.071
2585.2,0.176,-1.537,-0.047
2585.38,0.203,-1.539,-0.023
2585.56,0.162,-1.542,-0.06
2585.74,0.171,-1.545,-0.059
2585.93,0.182,-1.547,-0.046
2586.11,0.187,-1.549,-0.076
2586.29,0.192,-1.55,-0.053
2586.47,0.187,-1.553,-0.033
2586.65,0.161,-1.556,-0.026
2586.84,0.155,-1.559,-0.03
2587.2,0.211,-1.561,-0.062
2587.2,0.17,-1.561,-0.063
2587.38,0.19,-1.562,-0.041
2587.57,0.182,-1.567,-0.061
2587.75,0.144,-1.572,-0.018
2587.93,0.211,-1.572,-0.005
2588.11,0.155,-1.574,-0.036
2588.29,0.181,-1.577,0.008
2588.48,0.188,-1.575,-0.021
2588.66,0.176,-1.578,-0.045
2588.84,0.187,-1.58,-0.002
2589.2,0.209,-1.582,0.013
2589.21,0.203,-1.58,0.031
2589.39,0.163,-1.58,0.017
2589.57,0.199,-1.582,0.018
2589.75,0.163,-1.582,0.017
2589.93,0.19,-1.584,-0.037
2590.12,0.171,-1.585,-0.041
2590.3,0.166,-1.583,-0.033
2590.48,0.167,-1.583,-0.031
2590.66,0.172,-1.585,-0.054
2590.85,0.167,-1.586,-0.044
2591.3,0.152,-1.59,-0.049
2591.21,0.189,-1.594,-0.06
2591.39,0.178,-1.594,-0.032
2591.57,0.165,-1.593,-0.002
2591.76,0.186,-1.591,-0.011
2591.94,0.169,-1.593,0.002
2592.12,0.208,-1.592,0.02
2592.3,0.192,-1.595,-0.006
2593.4,0.156,-1.601,-0.066
2593.58,0.203,-1.601,-0.098
2593.76,0.176,-1.601,-0.052
2593.94,0.213,-1.603,-0.056
2594.13,0.15,-1.605,-0.047
2594.31,0.185,-1.606,-0.017
2594.49,0.185,-1.605,-0.046
2594.67,0.171,-1.607,-0.068
2594.86,0.188,-1.608,-0.045
2595.4,0.178,-1.611,-0.034
2595.22,0.192,-1.608,-0.049
2595.4,0.194,-1.608,-0.023
2595.58,0.187,-1.607,-0.072
2595.77,0.191,-1.606,-0.036
2595.95,0.174,-1.606,-0.054
2596.13,0.173,-1.605,-0.067
2596.31,0.192,-1.606,-0.047
2596.5,0.213,-1.608,-0.08
2596.68,0.171,-1.613,-0.068
2596.86,0.189,-1.616,-0.053
2597.4,0.203,-1.616,-0.07
2597.22,0.187,-1.616,-0.06
2597.41,0.189,-1.615,-0.058
2597.59,0.176,-1.621,-0.073
2597.77,0.152,-1.623,-0.056
2597.95,0.173,-1.625,-0.067
2598.14,0.203,-1.626,-0.068
2598.32,0.157,-1.625,-0.058
2599.5,0.17,-1.626,-0.051
2599.23,0.193,-1.626,-0.037
2599.41,0.196,-1.628,-0.056
2599.59,0.166,-1.631,-0.046
2599.78,0.177,-1.634,-0.044
2599.96,0.184,-1.637,-0.027
2600.14,0.187,-1.639,-0.038
2600.32,0.172,-1.639,-0.033
2600.51,0.193,-1.64,-0.036
2600.69,0.189,-1.639,-0.025
2600.87,0.189,-1.641,-0.02
2601.5,0.177,-1.642,-0.029
2601.23,0.189,-1.643,-0.059
2601.42,0.193,-1.646,-0.034
2601.6,0.187,-1.646,-0.016
2601.78,0.177,-1.647,-0.025
2601.96,0.171,-1.649,-0.035
2602.15,0.204,-1.65,-0.007
2602.33,0.137,-1.648,-0.028
2602.51,0.196,-1.649,-0.024
2602.69,0.179,-1.647,-0.036
2602.87,0.209,-1.648,-0.05
2603.6,0.181,-1.649,-0.062
2603.24,0.196,-1.647,-0.052
2603.42,0.188,-1.645,-0.05
2603.6,0.174,-1.643,-0.038
2603.79,0.194,-1.642,-0.043
2603.97,0.176,-1.644,-0.044
2604.15,0.179,-1.646,-0.047
2604.33,0.2,-1.647,-0.042
2604.51,0.173,-1.648,-0.045
2604.7,0.161,-1.647,-0.056
2604.88,0.192,-1.648,-0.049
2605.6,0.167,-1.648,-0.058
2605.24,0.172,-1.649,-0.063
2605.43,0.186,-1.65,-0.053
2605.61,0.184,-1.654,-0.037
2605.79,0.176,-1.655,-0.036
2605.97,0.187,-1.654,-0.047
2606.16,0.177,-1.656,-0.059
2606.34,0.175,-1.655,-0.057
2606.52,0.18,-1.654,-0.047
2607.8,0.193,-1.662,-0.049
2607.98,0.178,-1.663,-0.058
2608.16,0.213,-1.665,-0.029
2608.34,0.162,-1.664,-0.04
2608.53,0.188,-1.662,-0.027
2608.71,0.181,-1.66,-0.033
2608.89,0.179,-1.661,-0.053
2609.7,0.197,-1.662,-0.026
2609.25,0.19,-1.665,-0.038
2609.44,0.192,-1.667,-0.023
2609.62,0.165,-1.665,-0.029
2609.8,0.2,-1.668,-0.042
2609.98,0.192,-1.669,-0.045
2610.17,0.188,-1.669,-0.047
2610.35,0.178,-1.67,-0.046
2610.53,0.173,-1.672,-0.067
2610.71,0.198,-1.674,-0.05
2610.89,0.182,-1.675,-0.066
2611.8,0.197,-1.677,-0.053
2611.26,0.187,-1.678,-0.067
2611.44,0.188,-1.683,-0.037
2611.62,0.191,-1.683,-0.043
2611.81,0.184,-1.684,-0.027
2611.99,0.188,-1.687,-0.036
2612.17,0.171,-1.688,-0.03
2612.35,0.195,-1.688,-0.042
2612.54,0.196,-1.687,-0.037
2612.72,0.175,-1.689,-0.044
2612.9,0.197,-1.687,-0.027
2613.8,0.189,-1.686,-0.038
2613.26,0.183,-1.687,-0.024
2613.45,0.196,-1.686,-0.014
2613.63,0.2,-1.685,-0.022
2613.81,0.2,-1.686,-0.017
2613.99,0.178,-1.687,-0.025
2614.18,0.207,-1.69,-0.049
2614.36,0.188,-1.688,-0.035
2614.54,0.202,-1.687,-0.04
2614.72,0.172,-1.687,-0.045
2614.9,0.19,-1.685,-0.054
2615.9,0.209,-1.686,-0.056
2615.27,0.184,-1.688,-0.051
2615.45,0.199,-1.689,-0.054
2615.63,0.189,-1.692,-0.058
2615.82,0.182,-1.692,-0.046
2616.0,0.202,-1.695,-0.063
2616.18,0.178,-1.696,-0.083
2616.36,0.173,-1.695,-0.078
2616.54,0.184,-1.694,-0.054
2616.73,0.181,-1.695,-0.071
2616.91,0.171,-1.694,-0.077
2617.9,0.177,-1.696,-0.078
2617.27,0.188,-1.693,-0.074
2617.46,0.19,-1.694,-0.079
2617.64,0.186,-1.697,-0.091
2617.82,0.177,-1.697,-0.069
2618.0,0.185,-1.697,-0.053
2618.19,0.186,-1.698,-0.071
2618.37,0.186,-1.698,-0.06
2618.55,0.2,-1.695,-0.072
2618.73,0.19,-1.695,-0.062
2618.91,0.182,-1.698,-0.059
2619.1,0.202,-1.701,-0.06
2619.28,0.178,-1.704,-0.041
2619.46,0.186,-1.706,-0.05
2619.64,0.194,-1.707,-0.061
2619.83,0.188,-1.71,-0.064
2620.1,0.196,-1.712,-0.049
2620.19,0.199,-1.711,-0.052
2620.37,0.196,-1.714,-0.067
2620.55,0.195,-1.717,-0.047
2620.74,0.179,-1.72,-0.056
2620.92,0.191,-1.723,-0.058
2621.1,0.196,-1.727,-0.06
2621.28,0.185,-1.729,-0.058
2621.47,0.19,-1.729,-0.056
2621.65,0.211,-1.731,-0.047
2621.83,0.164,-1.731,-0.054
2622.1,0.187,-1.732,-0.056
2622.2,0.213,-1.734,-0.057
2622.38,0.172,-1.735,-0.038
2622.56,0.202,-1.736,-0.01
2622.74,0.202,-1.739,-0.014
2622.92,0.172,-1.741,-0.002
2623.11,0.195,-1.743,0.018
2623.29,0.177,-1.745,0.034
2623.84,0.207,-1.75,-0.032
2624.2,0.198,-1.754,-0.06
2624.2,0.196,-1.756,-0.024
2624.38,0.179,-1.758,-0.052
2624.57,0.183,-1.758,-0.078
2624.75,0.197,-1.758,-0.072
2624.93,0.181,-1.761,-0.067
2625.11,0.19,-1.76,-0.071
2625.29,0.187,-1.758,-0.068
2625.48,0.174,-1.759,-0.065
2625.66,0.194,-1.758,-0.061
2625.84,0.183,-1.759,-0.056
2626.2,0.194,-1.764,-0.059
2626.21,0.189,-1.763,-0.074
2626.75,0.19,-1.771,-0.07
2626.94,0.205,-1.773,-0.085
2627.12,0.187,-1.773,-0.07
2627.3,0.192,-1.774,-0.081
2627.48,0.185,-1.772,-0.06
2627.66,0.195,-1.774,-0.085
2627.85,0.19,-1.78,-0.086
2628.3,0.174,-1.778,-0.065
2628.21,0.206,-1.779,-0.063
2628.39,0.173,-1.781,-0.067
2628.58,0.19,-1.782,-0.063
2628.76,0.164,-1.785,-0.069
2628.94,0.2,-1.785,-0.067
2629.12,0.167,-1.783,-0.079
2629.3,0.23,-1.783,-0.064
2629.49,0.131,-1.784,-0.08
2629.67,0.209,-1.787,-0.079
2629.85,0.151,-1.785,-0.067
2630.3,0.204,-1.789,-0.06
2630.22,0.177,-1.791,-0.04
2630.4,0.181,-1.793,-0.04
2630.58,0.176,-1.794,-0.041
2630.76,0.186,-1.798,-0.032
2630.95,0.187,-1.798,-0.049
2631.13,0.183,-1.8,-0.055
2631.31,0.196,-1.798,-0.055
2631.49,0.172,-1.797,-0.041
2631.67,0.167,-1.798,-0.06
2631.86,0.199,-1.797,-0.046
2632.4,0.188,-1.797,-0.052
2632.22,0.181,-1.8,-0.035
2632.4,0.162,-1.802,-0.057
2632.59,0.181,-1.807,-0.056
2632.77,0.206,-1.808,-0.043
2632.95,0.176,-1.807,-0.064
2633.13,0.16,-1.809,-0.062
2633.32,0.202,-1.813,-0.043
2633.5,0.155,-1.815,-0.062
2633.68,0.196,-1.817,-0.056
2633.86,0.199,-1.818,-0.066
2634.4,0.181,-1.821,-0.06
2634.23,0.193,-1.821,-0.074
2634.41,0.187,-1.823,-0.064
2634.59,0.168,-1.822,-0.055
2634.77,0.219,-1.823,-0.049
2634.96,0.14,-1.824,-0.032
2635.14,0.24,-1.825,-0.027
2635.32,0.151,-1.824,-0.048
2635.5,0.226,-1.824,-0.027
2635.69,0.184,-1.822,-0.053
2637.87,0.218,-1.83,-0.048
2638.6,0.144,-1.828,-0.047
2638.24,0.202,-1.83,-0.062
2638.42,0.179,-1.831,-0.034
2638.6,0.183,-1.834,-0.059
2638.78,0.187,-1.834,-0.009
2638.97,0.181,-1.836,-0.041
2639.15,0.18,-1.84,-0.052
2639.33,0.173,-1.841,-0.058
2639.51,0.172,-1.843,-0.036
2639.7,0.192,-1.842,-0.088
2639.88,0.16,-1.842,-0.059
2640.6,0.16,-1.843,-0.073
2640.24,0.206,-1.843,-0.049
2640.43,0.165,-1.847,-0.069
2640.61,0.204,-1.849,-0.082
2640.79,0.177,-1.848,-0.053
2640.97,0.22,-1.849,-0.041
2641.15,0.172,-1.849,-0.087
2641.34,0.222,-1.85,-0.079
2641.52,0.192,-1.849,-0.049
2641.7,0.179,-1.848,-0.076
2641.88,0.187,-1.843,-0.066
2642.7,0.155,-1.844,-0.068
2642.25,0.189,-1.841,-0.075
2642.43,0.175,-1.843,-0.06
2642.61,0.144,-1.84,-0.092
2642.8,0.234,-1.842,-0.085
2642.98,0.112,-1.843,-0.056
2643.16,0.242,-1.846,-0.084
2643.34,0.141,-1.85,-0.081
2643.52,0.193,-1.853,-0.061
2643.71,0.164,-1.851,-0.084
2643.89,0.211,-1.853,-0.051
2644.7,0.208,-1.855,-0.065
2644.25,0.158,-1.856,-0.071
2644.44,0.203,-1.855,-0.044
2644.62,0.205,-1.856,-0.071
2644.8,0.188,-1.854,-0.046
2644.98,0.182,-1.856,-0.034
2645.17,0.151,-1.861,-0.049
2645.35,0.175,-1.861,-0.043
2645.53,0.178,-1.862,-0.045
2645.71,0.214,-1.863,-0.031
2645.89,0.139,-1.863,-0.043
2646.8,0.163,-1.868,-0.013
2646.26,0.217,-1.869,-0.013
2646.44,0.164,-1.869,-0.025
2646.62,0.189,-1.869,-0.032
2646.81,0.189,-1.873,-0.005
2646.99,0.156,-1.872,-0.046
2647.17,0.176,-1.874,-0.064
2647.35,0.182,-1.876,-0.093
2647.54,0.215,-1.875,-0.026
2647.72,0.151,-1.875,-0.054
2647.9,0.189,-1.881,-0.064
2649.72,0.181,-1.885,-0.033
2649.9,0.201,-1.885,0.013
2650.9,0.205,-1.885,-0.018
2650.27,0.203,-1.889,0.003
2650.45,0.164,-1.889,-0.024
2650.63,0.167,-1.892,-0.027
2650.82,0.223,-1.896,-0.016
2651.0,0.15,-1.898,-0.021
2651.18,0.23,-1.895,-0.072
2651.36,0.146,-1.897,-0.041
2651.55,0.202,-1.899,-0.051
2651.73,0.173,-1.901,-0.051
2651.91,0.177,-1.901,-0.071
2652.9,0.203,-1.901,-0.088
2652.27,0.164,-1.9,-0.089
2652.46,0.189,-1.901,-0.073
2652.64,0.199,-1.902,-0.078
2652.82,0.188,-1.903,-0.07
2653.0,0.184,-1.904,-0.073
2653.19,0.18,-1.901,-0.072
2653.37,0.198,-1.903,-0.067
2653.55,0.175,-1.906,-0.071
2653.73,0.196,-1.902,-0.076
2653.92,0.18,-1.901,-0.061
2654.1,0.172,-1.902,-0.068
2654.28,0.19,-1.904,-0.068
2654.46,0.174,-1.904,-0.09
2656.28,0.178,-1.909,-0.04
2656.47,0.201,-1.912,-0.055
2656.65,0.203,-1.915,-0.036
2656.83,0.181,-1.916,-0.046
2657.1,0.188,-1.915,-0.047
2657.2,0.17,-1.916,-0.066
2657.38,0.211,-1.918,-0.021
2657.56,0.18,-1.918,-0.027
2657.74,0.212,-1.92,-0.022
2657.93,0.179,-1.92,-0.036
2658.11,0.201,-1.918,-0.04
2658.29,0.194,-1.922,-0.012
2658.47,0.189,-1.923,-0.029
2658.65,0.208,-1.925,-0.037
2658.84,0.172,-1.926,-0.032
2659.2,0.191,-1.927,-0.022
2659.2,0.186,-1.927,-0.032
2659.38,0.198,-1.928,-0.026
2660.3,0.198,-1.925,-0.036
2660.48,0.178,-1.928,-0.031
2660.66,0.204,-1.933,-0.025
2660.84,0.181,-1.934,-0.032
2661.2,0.208,-1.936,-0.03
2661.21,0.171,-1.935,-0.044
2661.39,0.185,-1.939,-0.045
2661.57,0.166,-1.94,-0.055
2661.75,0.18,-1.942,-0.04
2661.94,0.216,-1.944,-0.041
2662.12,0.172,-1.945,-0.048
2668.13,0.189,-1.953,-0.017
2668.32,0.202,-1.954,-0.02
2668.5,0.191,-1.953,-0.008
2668.68,0.2,-1.952,0.0
2668.86,0.185,-1.954,0.022
2669.5,0.211,-1.957,0.055
2669.23,0.183,-1.958,0.063
2669.41,0.184,-1.954,0.054
2669.59,0.193,-1.954,0.03
2669.78,0.198,-1.956,0.022
2669.96,0.181,-1.959,0.089
2670.14,0.194,-1.96,0.107
2670.32,0.174,-1.958,0.109
2670.5,0.177,-1.958,0.054
2670.69,0.191,-1.957,0.025
2670.87,0.202,-1.959,0.037
2671.5,0.193,-1.961,0.042
2671.23,0.161,-1.966,0.01
2671.42,0.2,-1.968,-0.011
2671.6,0.185,-1.969,-0.009
2671.78,0.195,-1.97,-0.024
2671.96,0.179,-1.973,-0.005
2672.15,0.2,-1.974,0.002
2672.33,0.207,-1.976,0.032
2672.51,0.189,-1.976,0.043
2672.69,0.2,-1.977,0.056
2672.87,0.182,-1.977,0.048
2673.6,0.191,-1.974,0.059
2673.24,0.186,-1.972,0.047
2673.42,0.192,-1.975,0.081
2673.6,0.18,-1.98,0.066
2673.79,0.183,-1.982,0.04
2673.97,0.17,-1.983,0.026
2674.15,0.173,-1.98,0.035
2674.33,0.172,-1.982,0.039
2674.52,0.182,-1.988,0.04
2674.7,0.197,-1.988,0.028
2674.88,0.194,-1.986,0.023
2675.6,0.184,-1.989,-0.012
2675.24,0.181,-1.987,-0.031
2675.43,0.193,-1.988,-0.051
2675.61,0.18,-1.986,-0.061
2675.79,0.186,-1.986,-0.06
2675.97,0.171,-1.99,-0.047
2676.16,0.184,-1.991,-0.022
2676.34,0.168,-1.993,-0.029
2676.52,0.196,-1.994,-0.035
2676.7,0.164,-1.994,-0.052
2676.89,0.186,-1.992,-0.055
2677.7,0.17,-1.995,-0.061
2677.25,0.173,-1.992,-0.065
2677.43,0.198,-1.993,-0.054
2677.61,0.166,-1.991,-0.037
2677.8,0.193,-1.994,-0.049
2677.98,0.174,-1.994,-0.045
2679.7,0.174,-1.999,-0.047
2679.26,0.196,-2.002,-0.045
2679.44,0.175,-2.002,-0.034
2679.62,0.224,-2.002,-0.044
2679.8,0.181,-2.004,-0.047
2679.99,0.237,-2.007,-0.05
2680.17,0.173,-2.008,-0.039
2680.35,0.171,-2.008,-0.041
2680.53,0.206,-2.012,-0.045
2680.71,0.171,-2.011,-0.031
2680.9,0.199,-2.013,-0.036
2681.8,0.197,-2.015,-0.033
2681.26,0.152,-2.014,-0.05
2681.44,0.204,-2.011,-0.046
2681.63,0.154,-2.014,-0.058
2681.81,0.186,-2.013,-0.051
2681.99,0.185,-2.012,-0.04
2682.17,0.166,-2.014,-0.047
2682.36,0.195,-2.015,-0.07
2682.54,0.182,-2.015,-0.068
2682.72,0.188,-2.015,-0.064
2682.9,0.188,-2.016,-0.067
2683.8,0.209,-2.019,-0.032
2683.27,0.18,-2.018,-0.052
2683.45,0.193,-2.019,-0.036
2683.63,0.175,-2.019,-0.051
2683.81,0.203,-2.019,-0.038
2684.0,0.163,-2.018,-0.041
2684.18,0.225,-2.02,-0.017
2684.36,0.138,-2.019,-0.043
2684.54,0.218,-2.023,-0.038
2684.72,0.158,-2.021,-0.05
2684.91,0.23,-2.021,-0.028
2686.18,0.22,-2.024,0.043
2686.37,0.162,-2.025,0.014
2686.55,0.23,-2.025,-0.002
2686.73,0.16,-2.024,-0.009
2686.91,0.2,-2.026,-0.035
2687.9,0.18,-2.027,-0.025
2687.28,0.182,-2.026,-0.01
2687.46,0.216,-2.029,-0.05
2687.64,0.165,-2.028,-0.077
2687.82,0.196,-2.03,-0.056
2693.29,0.135,-2.085,-0.044
2693.47,0.236,-2.091,-0.02
2693.66,0.129,-2.088,-0.043
2693.84,0.284,-2.091,-0.035
2694.2,0.11,-2.088,-0.046
2694.2,0.224,-2.09,-0.034
2694.39,0.126,-2.09,-0.021
2694.57,0.219,-2.09,-0.004
2694.75,0.184,-2.09,-0.028
2694.93,0.16,-2.095,-0.039
2695.12,0.21,-2.096,-0.06
2695.3,0.202,-2.097,-0.043
2695.48,0.166,-2.098,-0.055
2695.66,0.242,-2.103,-0.048
2695.84,0.143,-2.102,-0.034
2696.3,0.222,-2.106,-0.027
2696.21,0.174,-2.105,-0.039
2696.39,0.215,-2.107,-0.046
2696.57,0.193,-2.106,-0.03
2696.76,0.187,-2.107,-0.052
2696.94,0.188,-2.104,-0.05
2697.12,0.206,-2.106,-0.035
2697.3,0.171,-2.104,-0.059
2697.49,0.184,-2.104,-0.063
2697.67,0.173,-2.103,-0.064
2697.85,0.195,-2.103,-0.052
2698.3,0.212,-2.105,-0.057
2698.21,0.137,-2.108,-0.067
2698.4,0.221,-2.11,-0.046
2698.58,0.19,-2.108,-0.029
2698.76,0.194,-2.108,-0.075
2698.94,0.162,-2.106,-0.055
2699.13,0.211,-2.107,-0.043
2699.31,0.162,-2.105,-0.065
2699.49,0.202,-2.108,-0.051
2699.67,0.164,-2.11,-0.064
2699.86,0.205,-2.114,-0.049
2700.4,0.206,-2.115,-0.039
2700.22,0.151,-2.118,-0.044
2700.4,0.216,-2.121,-0.029
2700.58,0.181,-2.119,-0.058
2700.77,0.192,-2.12,-0.037
2700.95,0.195,-2.118,-0.049
2701.13,0.211,-2.118,-0.031
2701.31,0.196,-2.116,-0.029
2701.5,0.195,-2.12,-0.023
2701.68,0.155,-2.122,-0.034
2701.86,0.21,-2.123,-0.016
2702.4,0.195,-2.127,-0.036
2702.23,0.19,-2.131,-0.035
2702.41,0.205,-2.133,-0.025
2703.68,0.206,-2.142,-0.021
2703.87,0.168,-2.141,-0.03
2704.5,0.18,-2.143,-0.029
2704.23,0.2,-2.143,-0.015
2704.41,0.141,-2.145,-0.045
2704.6,0.201,-2.147,-0.027
2704.78,0.169,-2.152,-0.023
2704.96,0.194,-2.155,-0.034
2705.14,0.174,-2.156,-0.017
2705.32,0.202,-2.157,-0.023
2711.71,0.21,-2.203,-0.041
2711.89,0.191,-2.204,-0.058
2712.7,0.204,-2.201,-0.06
2712.25,0.171,-2.201,-0.048
2712.43,0.193,-2.203,-0.047
2712.62,0.162,-2.202,-0.048
2712.8,0.203,-2.199,-0.059
2712.98,0.161,-2.201,-0.061
2713.16,0.213,-2.202,-0.036
2713.35,0.157,-2.206,-0.068
2713.53,0.199,-2.208,-0.048
2713.71,0.182,-2.206,-0.052
2713.89,0.188,-2.205,-0.054
2714.8,0.173,-2.206,-0.053
2714.26,0.196,-2.209,-0.054
2714.44,0.165,-2.212,-0.087
2714.62,0.179,-2.211,-0.08
2714.8,0.198,-2.215,-0.068
2714.99,0.185,-2.218,-0.058
2715.17,0.204,-2.221,-0.036
2715.35,0.166,-2.22,-0.059
2715.53,0.172,-2.222,-0.058
2715.72,0.178,-2.224,-0.016
2715.9,0.195,-2.228,-0.055
2716.8,0.171,-2.229,-0.037
2716.26,0.192,-2.233,-0.034
2716.45,0.212,-2.236,-0.043
2716.63,0.184,-2.237,-0.05
2716.81,0.178,-2.236,-0.052
2716.99,0.194,-2.238,-0.052
2717.17,0.175,-2.239,-0.042
2717.36,0.18,-2.237,-0.041
2717.54,0.179,-2.237,-0.052
2717.72,0.201,-2.238,-0.053
2717.9,0.18,-2.237,-0.052
2718.45,0.19,-2.238,-0.059
2718.63,0.178,-2.237,-0.058
2718.82,0.18,-2.239,-0.055
2719.0,0.179,-2.244,-0.044
2719.18,0.2,-2.246,-0.057
2719.36,0.194,-2.249,-0.062
2719.55,0.186,-2.25,-0.06
2719.73,0.166,-2.254,-0.054
2719.91,0.204,-2.256,-0.074
2720.9,0.183,-2.257,-0.047
2720.27,0.187,-2.259,-0.039
2720.46,0.199,-2.261,-0.052
2720.64,0.18,-2.262,-0.055
2720.82,0.184,-2.261,-0.061
2721.0,0.179,-2.263,-0.06
2721.19,0.212,-2.262,-0.058
2721.37,0.175,-2.268,-0.064
2721.55,0.192,-2.27,-0.057
2721.73,0.17,-2.269,-0.054
2721.91,0.192,-2.271,-0.039
2722.1,0.174,-2.273,-0.047
2722.28,0.205,-2.275,-0.038
2722.46,0.186,-2.275,-0.03
2722.64,0.175,-2.276,-0.043
2722.83,0.17,-2.278,-0.03
2723.1,0.182,-2.281,-0.003
2723.19,0.183,-2.287,0.007
2723.37,0.186,-2.29,-0.008
2723.56,0.176,-2.292,-0.014
2723.74,0.181,-2.293,-0.023
2723.92,0.2,-2.294,-0.051
2724.1,0.175,-2.293,-0.049
2724.28,0.196,-2.294,-0.059
2724.47,0.169,-2.293,-0.065
2724.65,0.186,-2.294,-0.047
2724.83,0.182,-2.291,-0.047
2725.1,0.182,-2.293,-0.052
2725.2,0.158,-2.294,-0.049
2725.38,0.186,-2.294,-0.05
2725.56,0.174,-2.295,-0.051
2725.74,0.185,-2.296,-0.062
2725.92,0.194,-2.299,-0.058
2726.11,0.17,-2.299,-0.09
2726.29,0.182,-2.299,-0.058
2726.47,0.176,-2.298,-0.06
2726.65,0.165,-2.3,-0.063
2726.84,0.175,-2.299,-0.061
2727.2,0.175,-2.302,-0.05
2727.2,0.179,-2.304,-0.071
2727.38,0.212,-2.306,-0.074
2727.57,0.17,-2.306,-0.076
2727.75,0.169,-2.309,-0.09
2727.93,0.196,-2.31,-0.075
2728.11,0.169,-2.31,-0.066
2728.29,0.195,-2.311,-0.069
2728.48,0.173,-2.313,-0.085
2728.66,0.21,-2.312,-0.062
2728.84,0.164,-2.314,-0.062
2729.2,0.226,-2.315,-0.068
2729.21,0.16,-2.318,-0.073
2729.39,0.197,-2.317,-0.084
2729.57,0.215,-2.318,-0.07
2729.75,0.175,-2.325,-0.062
2729.94,0.177,-2.325,-0.059
2730.12,0.186,-2.33,-0.044
2730.3,0.176,-2.328,-0.056
2730.48,0.203,-2.332,-0.042
2730.66,0.167,-2.333,-0.066
2730.85,0.196,-2.336,-0.078
2731.3,0.153,-2.335,-0.085
2731.21,0.221,-2.339,-0.075
2731.39,0.186,-2.34,-0.064
2731.58,0.193,-2.346,-0.079
2731.76,0.17,-2.348,-0.076
2731.94,0.186,-2.348,-0.055
2732.12,0.179,-2.349,-0.049
2732.3,0.191,-2.353,-0.069
2732.49,0.202,-2.357,-0.053
2732.67,0.204,-2.359,-0.052
2732.85,0.197,-2.361,-0.052
2733.3,0.169,-2.363,-0.05
2733.22,0.183,-2.363,-0.036
2733.4,0.191,-2.369,-0.055
2733.58,0.186,-2.372,-0.033
2733.76,0.166,-2.373,-0.045
2733.95,0.172,-2.374,-0.06
2734.13,0.183,-2.376,-0.04
2734.31,0.195,-2.374,-0.043
2734.49,0.201,-2.374,-0.026
2734.67,0.165,-2.378,-0.036
2734.86,0.2,-2.382,-0.047
2735.4,0.166,-2.383,-0.026
2735.22,0.228,-2.379,-0.028
2735.4,0.171,-2.379,-0.045
2735.59,0.201,-2.382,-0.043
2735.77,0.145,-2.38,-0.025
2735.95,0.207,-2.381,-0.035
2736.13,0.154,-2.382,-0.038
2736.31,0.184,-2.382,-0.048
2736.5,0.182,-2.384,-0.015
2736.68,0.169,-2.384,-0.052
2736.86,0.213,-2.387,-0.014
2737.4,0.16,-2.385,-0.041
2737.23,0.21,-2.387,-0.036
2737.41,0.134,-2.387,-0.048
2737.59,0.181,-2.389,-0.055
2737.77,0.19,-2.39,-0.031
2737.96,0.184,-2.391,-0.048
2738.14,0.198,-2.392,-0.03
2738.32,0.152,-2.393,-0.037
2738.5,0.211,-2.393,-0.024
2738.68,0.181,-2.393,-0.012
2738.87,0.216,-2.391,-0.05
2739.5,0.19,-2.392,-0.044
2739.23,0.19,-2.393,-0.053
2739.41,0.194,-2.394,-0.04
2739.6,0.181,-2.392,-0.035
2739.78,0.199,-2.395,-0.021
2739.96,0.174,-2.393,-0.031
2740.14,0.204,-2.394,-0.028
2740.33,0.162,-2.396,-0.017
2740.51,0.206,-2.4,-0.035
2740.69,0.141,-2.4,-0.069
2740.87,0.207,-2.403,-0.041
2741.5,0.201,-2.402,-0.046
2741.24,0.183,-2.406,-0.056
2741.42,0.18,-2.41,-0.058
2741.6,0.167,-2.413,-0.012
2741.78,0.226,-2.413,-0.021
2741.97,0.175,-2.413,-0.042
2742.15,0.202,-2.414,-0.012
2742.33,0.186,-2.414,0.011
2742.51,0.2,-2.413,-0.025
2743.79,0.172,-2.426,0.041
2743.97,0.126,-2.426,-0.0
2744.15,0.223,-2.426,0.007
2744.34,0.15,-2.422,-0.032
2744.52,0.23,-2.42,-0.046
2744.7,0.124,-2.419,-0.021
2744.88,0.208,-2.424,-0.058
2745.6,0.157,-2.422,-0.073
2745.25,0.185,-2.423,-0.08
2745.43,0.213,-2.42,-0.069
2745.61,0.172,-2.42,-0.074
2750.9,0.181,-2.454,-0.017
2751.8,0.182,-2.459,-0.018
2751.26,0.195,-2.462,-0.031
2751.44,0.174,-2.462,-0.03
2751.63,0.171,-2.462,-0.031
2751.81,0.199,-2.463,-0.023
2751.99,0.174,-2.464,-0.032
2752.17,0.189,-2.465,-0.027
2752.36,0.167,-2.469,-0.034
2752.54,0.174,-2.472,-0.034
2752.72,0.197,-2.476,-0.037
2752.9,0.188,-2.479,-0.042
2753.8,0.203,-2.479,-0.039
2753.27,0.201,-2.479,-0.021
2753.45,0.168,-2.478,-0.042
2753.63,0.21,-2.48,-0.038
2753.81,0.154,-2.481,-0.03
2754.0,0.196,-2.481,-0.015
2754.18,0.168,-2.484,-0.036
2754.36,0.159,-2.486,-0.021
2754.72,0.182,-2.481,-0.024
2754.91,0.19,-2.483,-0.017
2755.9,0.161,-2.485,-0.007
2755.27,0.179,-2.488,-0.032
2755.45,0.177,-2.49,-0.033
2755.64,0.199,-2.493,-0.036
2755.82,0.166,-2.496,-0.06
2756.0,0.178,-2.499,-0.067
2756.18,0.169,-2.5,-0.055
2756.37,0.188,-2.498,-0.037
2756.55,0.185,-2.499,-0.062
2762.38,0.186,-2.532,-0.039
2762.56,0.164,-2.533,-0.039
2762.74,0.219,-2.534,-0.053
2762.93,0.172,-2.532,-0.042
2763.11,0.187,-2.538,-0.042
2763.29,0.177,-2.538,-0.041
2763.47,0.185,-2.538,-0.037
2763.66,0.177,-2.541,-0.053
2763.84,0.166,-2.544,-0.054
2764.2,0.197,-2.547,-0.053
2764.2,0.155,-2.547,-0.078
2764.39,0.212,-2.55,-0.057
2764.57,0.159,-2.552,-0.059
2764.75,0.193,-2.55,-0.051
2764.93,0.168,-2.55,-0.068
2765.48,0.168,-2.551,-0.057
2765.66,0.181,-2.551,-0.045
2765.84,0.177,-2.553,-0.053
2766.3,0.179,-2.554,-0.041
2766.21,0.189,-2.553,-0.042
2766.39,0.177,-2.554,-0.045
2766.57,0.201,-2.557,-0.032
2766.75,0.191,-2.561,-0.033
2766.94,0.198,-2.563,-0.039
2767.12,0.162,-2.564,-0.044
2767.3,0.222,-2.568,-0.045
2767.48,0.171,-2.568,-0.065
2767.67,0.191,-2.57,-0.038
2767.85,0.171,-2.572,-0.048
2768.3,0.179,-2.573,-0.048
2768.21,0.163,-2.573,-0.039
2768.39,0.219,-2.576,-0.046
2768.58,0.165,-2.58,-0.054
2768.76,0.193,-2.582,-0.05
2768.94,0.185,-2.581,-0.059
2769.12,0.186,-2.584,-0.04
2769.31,0.174,-2.583,-0.05
2769.49,0.192,-2.586,-0.045
2769.67,0.175,-2.591,-0.049
2769.85,0.199,-2.592,-0.038
2770.4,0.178,-2.594,-0.036
2770.22,0.182,-2.595,-0.048
2770.4,0.186,-2.601,-0.044
2770.58,0.143,-2.604,-0.034
2770.76,0.206,-2.605,-0.045
2770.95,0.181,-2.606,-0.028
2771.13,0.171,-2.605,-0.053
2771.31,0.181,-2.607,-0.038
2771.49,0.206,-2.606,-0.043
2771.68,0.186,-2.606,-0.041
2771.86,0.169,-2.608,-0.041
2772.4,0.197,-2.606,-0.046
2772.22,0.18,-2.608,-0.032
2772.4,0.184,-2.612,-0.019
2772.59,0.179,-2.615,-0.029
2772.77,0.191,-2.615,-0.012
2772.95,0.169,-2.62,0.005
2773.13,0.194,-2.621,-0.006
2773.32,0.176,-2.623,0.024
2773.5,0.185,-2.626,0.066
2773.68,0.194,-2.628,0.075
2773.86,0.186,-2.63,0.104
2774.4,0.174,-2.633,0.085
2774.23,0.181,-2.634,0.038
2774.41,0.198,-2.638,0.003
2774.59,0.184,-2.639,-0.036
2774.77,0.163,-2.638,-0.053
2774.96,0.2,-2.64,-0.045
2775.14,0.168,-2.64,-0.057
2775.32,0.206,-2.642,-0.04
2775.5,0.188,-2.642,-0.054
2775.69,0.189,-2.641,-0.039
2775.87,0.16,-2.641,-0.041
2776.5,0.196,-2.642,-0.046
2776.23,0.19,-2.646,-0.047
2776.41,0.17,-2.646,-0.042
2776.6,0.206,-2.645,-0.068
2776.78,0.186,-2.645,-0.065
2776.96,0.185,-2.643,-0.054
2777.14,0.182,-2.646,-0.059
2777.33,0.174,-2.645,-0.059
2777.51,0.177,-2.647,-0.06
2777.69,0.192,-2.648,-0.051
2777.87,0.187,-2.645,-0.055
2778.5,0.196,-2.645,-0.051
2778.24,0.183,-2.647,-0.057
2778.42,0.179,-2.648,-0.042
2778.6,0.194,-2.648,-0.065
2778.78,0.19,-2.65,-0.064
2778.97,0.194,-2.65,-0.065
2779.15,0.18,-2.653,-0.055
2779.33,0.182,-2.654,-0.056
2779.51,0.171,-2.658,-0.061
2779.7,0.192,-2.66,-0.072
2779.88,0.191,-2.662,-0.036
2780.6,0.164,-2.66,-0.06
2780.24,0.194,-2.663,-0.051
2780.42,0.172,-2.664,-0.06
2780.61,0.192,-2.666,-0.062
2780.79,0.161,-2.667,-0.079
2780.97,0.189,-2.668,-0.06
2781.15,0.173,-2.667,-0.074
2781.34,0.187,-2.67,-0.067
2781.52,0.178,-2.669,-0.065
2781.7,0.183,-2.672,-0.067
2781.88,0.186,-2.674,-0.055
2782.6,0.178,-2.678,-0.057
2782.25,0.193,-2.68,-0.067
2782.43,0.183,-2.68,-0.056
2782.61,0.19,-2.683,-0.067
2784.62,0.174,-2.69,-0.09
2784.8,0.19,-2.69,-0.075
2784.98,0.167,-2.692,-0.074
2785.16,0.17,-2.693,-0.075
2785.34,0.178,-2.694,-0.081
2785.53,0.181,-2.692,-0.072
2785.71,0.179,-2.692,-0.085
2785.89,0.176,-2.696,-0.071
2786.7,0.207,-2.697,-0.087
2786.26,0.185,-2.702,-0.076
2786.44,0.162,-2.706,-0.051
2786.62,0.181,-2.706,-0.062
2786.8,0.176,-2.705,-0.075
2786.99,0.184,-2.707,-0.053
2787.17,0.186,-2.71,-0.052
2787.35,0.187,-2.712,-0.067
2787.53,0.191,-2.712,-0.055
2787.71,0.176,-2.713,-0.05
2787.9,0.184,-2.714,-0.059
2788.8,0.178,-2.714,-0.05
2788.26,0.189,-2.715,-0.061
2788.44,0.197,-2.719,-0.047
2788.63,0.16,-2.721,-0.038
2788.81,0.194,-2.722,-0.067
2788.99,0.167,-2.726,-0.051
2789.17,0.194,-2.728,-0.05
2790.99,0.196,-2.746,-0.059
2791.18,0.18,-2.749,-0.059
2791.36,0.188,-2.753,-0.055
2791.54,0.168,-2.751,-0.083
2791.72,0.207,-2.749,-0.069
2791.91,0.179,-2.749,-0.085
2792.9,0.158,-2.752,-0.063
2792.27,0.162,-2.752,-0.072
2792.45,0.18,-2.757,-0.042
2792.63,0.195,-2.762,-0.02
2792.82,0.152,-2.765,-0.002
2793.0,0.178,-2.765,-0.015
2793.18,0.189,-2.766,0.002
2793.36,0.188,-2.768,0.01
2793.55,0.166,-2.768,-0.018
2793.73,0.191,-2.77,-0.041
2793.91,0.191,-2.773,-0.06
2794.9,0.171,-2.773,-0.064
2794.27,0.193,-2.777,-0.073
2794.46,0.181,-2.778,-0.082
2794.64,0.2,-2.782,-0.069
2794.82,0.17,-2.783,-0.066
2795.0,0.195,-2.785,-0.075
2795.19,0.195,-2.785,-0.058
2795.37,0.173,-2.788,-0.038
2795.55,0.183,-2.789,-0.045
2795.73,0.176,-2.791,-0.042
2795.92,0.191,-2.792,-0.032
2796.1,0.187,-2.794,-0.018
2796.28,0.188,-2.795,-0.017
2796.46,0.15,-2.797,-0.044
2796.64,0.195,-2.801,-0.02
2796.83,0.176,-2.802,-0.021
2797.1,0.189,-2.8,-0.008
2797.19,0.158,-2.801,-0.015
2797.37,0.174,-2.801,-0.035
2797.56,0.181,-2.804,-0.067
2797.74,0.189,-2.806,-0.067
2797.92,0.167,-2.807,-0.053
2798.1,0.186,-2.806,-0.049
2798.28,0.19,-2.806,-0.041
2798.47,0.181,-2.807,-0.041
2798.65,0.187,-2.81,-0.058
2798.83,0.182,-2.811,-0.039
2799.1,0.183,-2.812,-0.051
2799.2,0.186,-2.811,-0.046
2799.38,0.17,-2.811,-0.043
2799.56,0.183,-2.812,-0.059
2799.74,0.186,-2.814,-0.051
2799.92,0.181,-2.815,-0.059
2800.11,0.183,-2.818,-0.056
2800.29,0.175,-2.819,-0.05
2800.47,0.175,-2.821,-0.059
2800.65,0.197,-2.819,-0.044
2800.84,0.18,-2.822,-0.054
2801.2,0.206,-2.825,-0.054
2801.2,0.187,-2.826,-0.051
2801.38,0.216,-2.827,-0.028
2801.57,0.162,-2.828,-0.059
2801.75,0.171,-2.83,-0.055
2801.93,0.195,-2.829,-0.051
2802.11,0.2,-2.833,-0.044
2802.29,0.191,-2.836,-0.045
2802.48,0.192,-2.838,-0.043
2802.66,0.175,-2.839,-0.044
2802.84,0.191,-2.839,-0.034
2803.2,0.179,-2.841,-0.037
2803.21,0.183,-2.841,-0.055
2803.39,0.182,-2.838,-0.053
2803.57,0.174,-2.838,-0.049
2803.75,0.2,-2.84,-0.071
2803.93,0.194,-2.839,-0.051
2804.12,0.187,-2.838,-0.049
2804.3,0.204,-2.834,-0.057
2804.48,0.184,-2.833,-0.057
2804.66,0.187,-2.83,-0.025
2804.85,0.191,-2.831,-0.09
2805.3,0.169,-2.832,-0.028
2805.21,0.2,-2.831,-0.075
2805.39,0.155,-2.835,-0.05
2805.57,0.198,-2.835,-0.059
2805.76,0.171,-2.838,-0.061
2805.94,0.175,-2.84,-0.036
2806.12,0.16,-2.84,-0.055
2806.3,0.192,-2.841,-0.036
2806.49,0.171,-2.839,-0.033
2806.67,0.204,-2.838,-0.047
2806.85,0.184,-2.841,-0.052
2807.3,0.203,-2.841,-0.039
2807.21,0.186,-2.843,-0.051
2807.4,0.183,-2.844,-0.04
2807.58,0.199,-2.846,-0.048
2807.76,0.16,-2.846,-0.03
2807.94,0.188,-2.849,-0.03
2808.13,0.178,-2.85,-0.04
2808.31,0.184,-2.852,-0.041
2808.49,0.186,-2.854,-0.028
2808.67,0.182,-2.856,-0.045
2808.86,0.206,-2.86,-0.041
2809.4,0.176,-2.861,-0.035
2809.22,0.204,-2.863,-0.036
2809.4,0.175,-2.865,-0.033
2809.58,0.164,-2.867,-0.02
2809.77,0.174,-2.867,-0.041
2809.95,0.17,-2.866,-0.032
2810.13,0.2,-2.865,-0.052
2810.31,0.176,-2.865,-0.038
2810.5,0.181,-2.868,-0.04
2810.68,0.182,-2.866,-0.039
2810.86,0.176,-2.87,-0.039
2811.4,0.157,-2.873,-0.043
2811.22,0.196,-2.872,-0.062
2811.41,0.183,-2.871,-0.063
2811.59,0.171,-2.871,-0.057
2811.77,0.193,-2.875,-0.062
2811.95,0.174,-2.876,-0.062
2812.14,0.187,-2.88,-0.065
2812.32,0.159,-2.879,-0.065
2812.5,0.182,-2.878,-0.067
2812.68,0.173,-2.877,-0.053
2812.86,0.194,-2.876,-0.044
2813.96,0.184,-2.884,-0.03
2814.14,0.174,-2.883,-0.036
2814.32,0.187,-2.881,-0.038
2814.5,0.18,-2.88,-0.05
2814.69,0.201,-2.88,-0.059
2814.87,0.186,-2.881,-0.066
2815.5,0.181,-2.881,-0.046
2815.23,0.167,-2.883,-0.074
2815.42,0.18,-2.885,-0.062
2815.6,0.186,-2.888,-0.063
2815.78,0.167,-2.891,-0.078
2821.7,0.185,-2.94,-0.036
2821.25,0.173,-2.942,-0.05
2821.43,0.17,-2.943,-0.049
2821.61,0.189,-2.944,-0.033
2821.79,0.178,-2.946,-0.05
2821.98,0.179,-2.949,-0.057
2822.16,0.192,-2.951,-0.028
2822.34,0.159,-2.953,-0.043
2822.52,0.186,-2.957,-0.038
2822.71,0.205,-2.958,-0.036
2822.89,0.181,-2.962,-0.043
2823.7,0.184,-2.96,-0.047
2823.25,0.169,-2.959,-0.062
2823.44,0.211,-2.963,-0.047
2823.62,0.164,-2.965,-0.045
2823.8,0.198,-2.963,-0.043
2824.89,0.181,-2.969,-0.041
2825.8,0.188,-2.972,-0.039
2825.26,0.168,-2.972,-0.04
2825.44,0.183,-2.971,-0.033
2825.62,0.174,-2.97,-0.057
2825.8,0.17,-2.969,-0.049
2825.99,0.183,-2.968,-0.037
2826.17,0.188,-2.967,-0.051
2826.35,0.181,-2.972,-0.064
2826.53,0.193,-2.976,-0.063
2826.72,0.185,-2.975,-0.054
2826.9,0.195,-2.975,-0.064
2827.8,0.173,-2.974,-0.057
2827.26,0.186,-2.975,-0.069
2827.44,0.203,-2.976,-0.055
2827.63,0.173,-2.978,-0.064
2827.81,0.195,-2.98,-0.059
2827.99,0.162,-2.98,-0.067
2828.17,0.172,-2.982,-0.055
2828.36,0.197,-2.98,-0.065
2828.54,0.173,-2.98,-0.059
2828.72,0.183,-2.979,-0.048
2828.9,0.18,-2.979,-0.06
2829.9,0.179,-2.981,-0.059
2829.27,0.174,-2.981,-0.053
2829.45,0.179,-2.983,-0.058
2829.63,0.177,-2.982,-0.041
2829.81,0.192,-2.986,-0.044
2830.0,0.156,-2.99,-0.058
2830.18,0.202,-2.993,-0.051
2831.82,0.21,-3.005,-0.039
2832.0,0.181,-3.006,-0.033
2832.18,0.186,-3.005,-0.058
2832.37,0.171,-3.005,-0.04
2832.55,0.172,-3.004,-0.046
2832.73,0.179,-3.007,-0.038
2832.91,0.174,-3.011,-0.047
2833.1,0.211,-3.015,-0.037
2833.28,0.162,-3.014,-0.034
2833.46,0.209,-3.013,-0.026
2833.64,0.147,-3.013,-0.051
2833.82,0.194,-3.012,-0.033
2834.1,0.166,-3.011,-0.04
2834.19,0.177,-3.012,-0.034
2834.37,0.201,-3.014,-0.009
2834.55,0.177,-3.012,-0.023
2834.74,0.188,-3.012,-0.02
2834.92,0.199,-3.015,-0.026
2835.1,0.18,-3.017,-0.022
2835.28,0.2,-3.019,-0.046
2835.46,0.174,-3.021,-0.032
2835.65,0.179,-3.022,-0.04
2835.83,0.19,-3.021,-0.04
2836.1,0.174,-3.018,-0.022
2836.19,0.198,-3.021,-0.021
2836.38,0.181,-3.022,-0.04
2836.56,0.183,-3.024,-0.022
2836.74,0.178,-3.026,-0.021
2836.92,0.189,-3.026,-0.032
2837.11,0.189,-3.025,-0.032
2837.29,0.19,-3.025,-0.037
2837.47,0.176,-3.025,-0.034
2837.65,0.157,-3.025,-0.017
2837.83,0.201,-3.026,-0.034
2838.93,0.196,-3.038,-0.02
2839.11,0.165,-3.041,-0.025
2839.29,0.187,-3.04,-0.024
2839.47,0.181,-3.038,-0.023
2839.66,0.189,-3.043,-0.033
2839.84,0.184,-3.044,-0.046
2840.2,0.199,-3.049,-0.038
2840.2,0.192,-3.05,-0.04
2840.39,0.173,-3.05,-0.031
2840.57,0.185,-3.049,-0.05
2840.75,0.18,-3.053,-0.025
2845.67,0.205,-0.127,0.561
2845.85,0.226,-0.126,0.544
2846.4,0.192,-0.126,0.569
2846.22,0.231,-0.127,0.548
2846.4,0.207,-0.127,0.545
2846.58,0.213,-0.128,0.552
2846.76,0.214,-0.129,0.554
2846.95,0.203,-0.132,0.553
2847.13,0.205,-0.131,0.561
2847.31,0.194,-0.135,0.552
2852.42,0.211,-0.18,0.536
2852.6,0.198,-0.18,0.543
2852.78,0.192,-0.181,0.536
2852.96,0.197,-0.184,0.521
2853.14,0.199,-0.186,0.549
2853.33,0.207,-0.185,0.536
2853.51,0.222,-0.189,0.539
2853.69,0.212,-0.192,0.532
2853.87,0.199,-0.191,0.54
2854.6,0.21,-0.191,0.541
2859.89,0.205,-0.207,0.562
2860.7,0.196,-0.208,0.552
2860.25,0.21,-0.212,0.546
2860.44,0.183,-0.212,0.541
2860.62,0.209,-0.213,0.535
2860.8,0.192,-0.214,0.536
2860.98,0.214,-0.218,0.556
2861.16,0.198,-0.219,0.532
2861.35,0.206,-0.219,0.55
2861.53,0.201,-0.22,0.553
2861.71,0.21,-0.222,0.541
2861.89,0.206,-0.225,0.548
2862.8,0.199,-0.226,0.551
2862.26,0.202,-0.228,0.557
2862.44,0.209,-0.229,0.538
2862.62,0.197,-0.231,0.528
2862.81,0.195,-0.234,0.533
2862.99,0.2,-0.234,0.523
2863.17,0.2,-0.239,0.549
2863.35,0.209,-0.24,0.547
2863.53,0.218,-0.243,0.543
2863.72,0.188,-0.244,0.542
2863.9,0.221,-0.246,0.544
2864.8,0.197,-0.247,0.548
2864.26,0.186,-0.247,0.538
2864.45,0.209,-0.247,0.542
2864.63,0.185,-0.249,0.539
2864.81,0.21,-0.255,0.533
2864.99,0.199,-0.257,0.559
2865.17,0.191,-0.259,0.544
2865.36,0.201,-0.262,0.541
2865.54,0.215,-0.263,0.539
2865.72,0.199,-0.263,0.557
2865.9,0.192,-0.263,0.55
2866.9,0.213,-0.261,0.559
2866.27,0.183,-0.258,0.544
2866.45,0.231,-0.259,0.56
2866.63,0.183,-0.258,0.547
2866.82,0.219,-0.257,0.545
2867.0,0.178,-0.258,0.534
2867.18,0.206,-0.261,0.559
2867.36,0.207,-0.266,0.559
2868.46,0.22,-0.271,0.57
2868.64,0.204,-0.273,0.557
2868.82,0.207,-0.273,0.56
2869.0,0.202,-0.276,0.567
2869.18,0.23,-0.275,0.559
2869.37,0.214,-0.274,0.569
2869.55,0.224,-0.272,0.551
2869.73,0.203,-0.273,0.576
2869.91,0.193,-0.27,0.583
2870.1,0.233,-0.273,0.553
2870.28,0.18,-0.274,0.561
2870.46,0.235,-0.275,0.581
2870.64,0.187,-0.275,0.576
2870.83,0.198,-0.277,0.567
2871.1,0.214,-0.278,0.562
2871.19,0.202,-0.28,0.59
2871.37,0.205,-0.281,0.57
2871.55,0.204,-0.284,0.584
2871.74,0.163,-0.284,0.579
2871.92,0.246,-0.289,0.579
2872.1,0.137,-0.289,0.531
2872.28,0.223,-0.293,0.517
2872.47,0.193,-0.297,0.517
2872.65,0.211,-0.292,0.49
2872.83,0.221,-0.292,0.513
2873.1,0.168,-0.294,0.469
2873.19,0.211,-0.296,0.492
2873.38,0.183,-0.294,0.501
2873.56,0.226,-0.297,0.507
2873.74,0.198,-0.3,0.498
2873.92,0.225,-0.301,0.51
2874.11,0.218,-0.303,0.5
2874.29,0.223,-0.304,0.53
2874.47,0.205,-0.305,0.531
2874.65,0.213,-0.305,0.564
2874.84,0.232,-0.307,0.527
2875.2,0.214,-0.307,0.561
2875.2,0.225,-0.306,0.542
2875.38,0.188,-0.309,0.535
2875.56,0.197,-0.309,0.529
2875.75,0.229,-0.312,0.54
2875.93,0.201,-0.31,0.552
2876.11,0.204,-0.314,0.558
2876.29,0.157,-0.314,0.552
2876.48,0.218,-0.316,0.59
2876.66,0.205,-0.311,0.563
2876.84,0.207,-0.315,0.54
2877.2,0.221,-0.317,0.53
2877.2,0.232,-0.319,0.503
2877.39,0.188,-0.319,0.526
2877.57,0.197,-0.319,0.532
2877.75,0.196,-0.319,0.529
2877.93,0.198,-0.321,0.54
2878.12,0.221,-0.324,0.544
2878.3,0.2,-0.326,0.536
2878.48,0.204,-0.325,0.537
2878.66,0.217,-0.325,0.547
2878.84,0.191,-0.329,0.537
2879.3,0.197,-0.332,0.554
2879.21,0.18,-0.335,0.549
2879.39,0.244,-0.339,0.543
2879.57,0.202,-0.34,0.535
2879.76,0.226,-0.339,0.543
2879.94,0.221,-0.339,0.562
2880.12,0.218,-0.341,0.552
2883.4,0.189,-0.363,0.546
2883.58,0.184,-0.366,0.544
2883.77,0.197,-0.367,0.538
2883.95,0.197,-0.364,0.525
2884.13,0.223,-0.365,0.524
2884.31,0.227,-0.368,0.521
2884.5,0.204,-0.368,0.529
2884.68,0.206,-0.37,0.554
2884.86,0.228,-0.372,0.564
2885.4,0.223,-0.374,0.565
2885.22,0.202,-0.375,0.557
2885.41,0.215,-0.375,0.569
2885.59,0.231,-0.375,0.558
2885.77,0.227,-0.376,0.544
2885.95,0.223,-0.38,0.533
2886.14,0.205,-0.385,0.528
2886.32,0.208,-0.387,0.542
2886.5,0.191,-0.39,0.539
2886.68,0.202,-0.39,0.539
2886.86,0.211,-0.392,0.545
2887.5,0.2,-0.396,0.547
2887.23,0.206,-0.401,0.536
2887.41,0.199,-0.405,0.559
2887.59,0.208,-0.407,0.545
2887.78,0.214,-0.404,0.548
2887.96,0.205,-0.402,0.531
2888.14,0.217,-0.404,0.542
2888.32,0.202,-0.406,0.528
2888.5,0.202,-0.41,0.532
2888.69,0.217,-0.411,0.536
2888.87,0.195,-0.411,0.522
2889.5,0.198,-0.41,0.536
2889.23,0.214,-0.412,0.536
2890.87,0.212,-0.429,0.533
2891.6,0.185,-0.427,0.534
2891.24,0.198,-0.429,0.544
2891.42,0.214,-0.43,0.545
2891.6,0.191,-0.43,0.539
2891.79,0.213,-0.431,0.535
2891.97,0.199,-0.433,0.528
2892.15,0.187,-0.437,0.552
2892.33,0.222,-0.435,0.527
2892.51,0.201,-0.434,0.552
2892.7,0.216,-0.437,0.543
2892.88,0.205,-0.437,0.553
2893.6,0.193,-0.437,0.545
2893.24,0.219,-0.435,0.562
2893.43,0.228,-0.435,0.555
2893.61,0.203,-0.436,0.542
2893.79,0.204,-0.437,0.534
2893.97,0.218,-0.441,0.537
2894.15,0.172,-0.442,0.536
2894.34,0.235,-0.44,0.534
2894.52,0.194,-0.44,0.548
2894.7,0.231,-0.44,0.519
2894.88,0.186,-0.442,0.547
2895.7,0.228,-0.444,0.524
2895.25,0.199,-0.445,0.534
2895.43,0.214,-0.448,0.53
2895.61,0.202,-0.451,0.553
2895.79,0.215,-0.45,0.518
2895.98,0.185,-0.452,0.545
2896.16,0.219,-0.45,0.491
2896.34,0.202,-0.45,0.54
2896.52,0.186,-0.448,0.509
2896.71,0.217,-0.449,0.527
2896.89,0.184,-0.451,0.516
2897.7,0.216,-0.451,0.543
2897.25,0.21,-0.453,0.518
2897.43,0.188,-0.457,0.53
2897.62,0.226,-0.461,0.509
2897.8,0.196,-0.459,0.547
2897.98,0.218,-0.46,0.538
2898.16,0.202,-0.46,0.525
2898.35,0.211,-0.46,0.535
2898.53,0.204,-0.46,0.532
2898.71,0.224,-0.46,0.538
2898.89,0.209,-0.46,0.522
2899.8,0.212,-0.462,0.513
2899.26,0.202,-0.46,0.546
2899.44,0.22,-0.461,0.544
2899.62,0.193,-0.463,0.535
2899.8,0.217,-0.465,0.546
2899.99,0.196,-0.467,0.514
2900.17,0.222,-0.469,0.529
2900.35,0.177,-0.468,0.52
2900.53,0.219,-0.47,0.531
2900.72,0.209,-0.47,0.507
2900.9,0.234,-0.471,0.511
2901.8,0.181,-0.47,0.502
2901.26,0.223,-0.471,0.517
2901.44,0.19,-0.473,0.509
2901.63,0.235,-0.474,0.518
2901.81,0.193,-0.477,0.514
2901.99,0.217,-0.478,0.533
2902.17,0.21,-0.48,0.523
2902.36,0.197,-0.482,0.522
2902.54,0.228,-0.484,0.522
2902.72,0.172,-0.483,0.529
2902.9,0.269,-0.485,0.551
2903.8,0.134,-0.485,0.513
2903.27,0.233,-0.486,0.553
2903.45,0.165,-0.486,0.546
2903.63,0.216,-0.488,0.544
2903.81,0.177,-0.489,0.527
2904.0,0.233,-0.488,0.533
2904.18,0.219,-0.492,0.539
2904.36,0.225,-0.489,0.53
2904.54,0.196,-0.49,0.537
2904.72,0.215,-0.491,0.541
2904.91,0.213,-0.491,0.541
2905.9,0.183,-0.491,0.531
2905.27,0.228,-0.494,0.548
2905.45,0.212,-0.495,0.539
2905.64,0.186,-0.495,0.55
2905.82,0.196,-0.497,0.55
2909.28,0.197,-0.508,0.549
2909.46,0.202,-0.512,0.563
2909.65,0.205,-0.513,0.54
2909.83,0.216,-0.516,0.562
2910.1,0.205,-0.518,0.553
2910.19,0.216,-0.517,0.544
2910.38,0.205,-0.517,0.535
2910.56,0.217,-0.521,0.55
2910.74,0.212,-0.522,0.542
2910.92,0.214,-0.526,0.546
2911.1,0.204,-0.525,0.536
2911.29,0.232,-0.527,0.547
2911.47,0.197,-0.529,0.54
2911.65,0.24,-0.528,0.555
2911.83,0.178,-0.526,0.556
2913.11,0.192,-0.524,0.554
2913.29,0.224,-0.526,0.548
2913.47,0.198,-0.523,0.535
2913.66,0.203,-0.527,0.553
2913.84,0.208,-0.528,0.553
2914.2,0.215,-0.53,0.526
2914.2,0.185,-0.53,0.543
2914.39,0.208,-0.531,0.553
2914.57,0.204,-0.533,0.553
2914.75,0.215,-0.534,0.556
2914.93,0.198,-0.532,0.538
2915.11,0.21,-0.535,0.564
2915.3,0.206,-0.537,0.551
2915.48,0.2,-0.538,0.54
2915.66,0.209,-0.536,0.546
2915.84,0.198,-0.538,0.541
2916.3,0.206,-0.535,0.54
2916.21,0.199,-0.536,0.541
2916.39,0.181,-0.537,0.55
2916.57,0.202,-0.537,0.532
2916.75,0.2,-0.539,0.551
2916.94,0.219,-0.537,0.542
2917.12,0.209,-0.539,0.542
2917.3,0.198,-0.538,0.55
2917.48,0.194,-0.538,0.552
2917.67,0.2,-0.538,0.553
2917.85,0.214,-0.54,0.555
2918.3,0.194,-0.538,0.553
2918.21,0.209,-0.54,0.566
2918.39,0.181,-0.541,0.559
2918.58,0.209,-0.54,0.566
2918.76,0.212,-0.544,0.559
2918.94,0.192,-0.544,0.549
2919.12,0.228,-0.545,0.557
2919.31,0.202,-0.548,0.582
2919.49,0.213,-0.55,0.552
2919.67,0.199,-0.55,0.534
2919.85,0.223,-0.554,0.54
2920.4,0.208,-0.554,0.545
2920.22,0.217,-0.555,0.542
2920.4,0.201,-0.559,0.532
2920.58,0.204,-0.556,0.561
2920.76,0.222,-0.559,0.533
2920.95,0.199,-0.561,0.533
2921.13,0.209,-0.561,0.513
2921.31,0.2,-0.563,0.538
2921.49,0.202,-0.564,0.569
2921.68,0.197,-0.566,0.579
2921.86,0.212,-0.566,0.574
2922.4,0.208,-0.565,0.566
2922.22,0.212,-0.564,0.548
2922.4,0.179,-0.564,0.543
2922.59,0.196,-0.561,0.538
2922.77,0.209,-0.561,0.517
2922.95,0.196,-0.562,0.541
2923.13,0.211,-0.562,0.523
2923.32,0.209,-0.562,0.521
2923.5,0.217,-0.563,0.545
2923.68,0.203,-0.568,0.528
2923.86,0.218,-0.568,0.516
2924.5,0.202,-0.571,0.538
2924.23,0.225,-0.572,0.535
2924.41,0.21,-0.576,0.561
2924.59,0.188,-0.579,0.539
2924.77,0.214,-0.583,0.551
2924.96,0.19,-0.585,0.551
2925.14,0.205,-0.586,0.543
2925.32,0.208,-0.586,0.569
2925.5,0.211,-0.586,0.57
2925.69,0.204,-0.589,0.583
2925.87,0.191,-0.589,0.571
2926.5,0.229,-0.589,0.554
2926.23,0.197,-0.592,0.546
2926.42,0.226,-0.596,0.529
2926.6,0.198,-0.598,0.523
2926.78,0.198,-0.6,0.51
2926.96,0.21,-0.603,0.512
2927.14,0.221,-0.606,0.527
2927.33,0.19,-0.606,0.515
2927.51,0.19,-0.61,0.52
2927.69,0.211,-0.61,0.506
2927.87,0.197,-0.609,0.506
2928.6,0.223,-0.613,0.505
2928.24,0.204,-0.613,0.524
2928.42,0.188,-0.616,0.519
2928.6,0.217,-0.62,0.524
2928.78,0.19,-0.618,0.529
2928.97,0.208,-0.617,0.526
2929.15,0.18,-0.617,0.528
2929.33,0.212,-0.619,0.558
2929.51,0.203,-0.616,0.544
2929.7,0.2,-0.615,0.577
2929.88,0.211,-0.615,0.574
2930.6,0.22,-0.618,0.58
2930.24,0.2,-0.62,0.577
2930.43,0.202,-0.623,0.572
2930.61,0.219,-0.626,0.559
2930.79,0.195,-0.627,0.542
2930.97,0.209,-0.631,0.529
2931.15,0.193,-0.636,0.547
2931.34,0.206,-0.641,0.551
2931.52,0.196,-0.645,0.542
2931.7,0.22,-0.648,0.55
2931.88,0.222,-0.65,0.551
2932.7,0.189,-0.649,0.539
2932.25,0.204,-0.651,0.543
2932.43,0.203,-0.654,0.522
2932.61,0.212,-0.654,0.54
2932.79,0.214,-0.655,0.528
2932.98,0.212,-0.656,0.523
2933.16,0.207,-0.655,0.534
2933.34,0.197,-0.654,0.527
2933.52,0.217,-0.655,0.529
2933.71,0.2,-0.654,0.524
2933.89,0.195,-0.652,0.535
2934.7,0.205,-0.654,0.533
2934.25,0.207,-0.651,0.558
2934.44,0.227,-0.649,0.566
2934.62,0.188,-0.651,0.562
2934.8,0.213,-0.653,0.56
2934.98,0.199,-0.655,0.552
2935.16,0.192,-0.658,0.549
2935.35,0.224,-0.662,0.556
2935.53,0.214,-0.663,0.545
2935.71,0.215,-0.667,0.56
2935.89,0.218,-0.667,0.572
2936.8,0.199,-0.67,0.583
2936.26,0.213,-0.672,0.589
2936.44,0.209,-0.674,0.608
2936.62,0.199,-0.676,0.612
2936.8,0.195,-0.68,0.615
2936.99,0.209,-0.684,0.603
2937.17,0.2,-0.687,0.61
2937.35,0.207,-0.687,0.59
2937.53,0.191,-0.688,0.598
2937.72,0.216,-0.685,0.575
2937.9,0.2,-0.686,0.584
2938.8,0.209,-0.69,0.569
2938.26,0.191,-0.689,0.556
2938.45,0.237,-0.692,0.565
2938.63,0.198,-0.689,0.559
2938.81,0.211,-0.691,0.535
2938.99,0.218,-0.692,0.549
2939.17,0.181,-0.694,0.55
2939.36,0.226,-0.697,0.557
2939.54,0.208,-0.698,0.546
2939.72,0.204,-0.696,0.544
2939.9,0.199,-0.695,0.563
2940.9,0.219,-0.693,0.535
2940.27,0.221,-0.694,0.55
2940.45,0.193,-0.694,0.53
2940.63,0.207,-0.694,0.523
2940.81,0.226,-0.696,0.536
2941.0,0.183,-0.698,0.543
2941.18,0.196,-0.702,0.543
2941.36,0.208,-0.703,0.547
2941.54,0.192,-0.701,0.547
2941.73,0.205,-0.702,0.555
2941.91,0.221,-0.703,0.554
2944.28,0.21,-0.722,0.57
2944.46,0.213,-0.723,0.572
2944.64,0.201,-0.726,0.574
2944.82,0.222,-0.729,0.595
2945.1,0.229,-0.731,0.56
2945.19,0.213,-0.731,0.544
2945.37,0.217,-0.734,0.537
2945.55,0.202,-0.737,0.539
2945.74,0.217,-0.74,0.523
2945.92,0.209,-0.741,0.534
2946.1,0.214,-0.742,0.542
2946.28,0.213,-0.742,0.544
2946.47,0.204,-0.742,0.559
2946.65,0.198,-0.744,0.567
2946.83,0.211,-0.743,0.544
2947.1,0.203,-0.746,0.552
2947.19,0.213,-0.749,0.556
2950.11,0.211,-0.769,0.571
2950.29,0.196,-0.768,0.561
2950.48,0.193,-0.769,0.567
2950.66,0.217,-0.773,0.562
2950.84,0.22,-0.773,0.541
2951.2,0.199,-0.773,0.557
2951.2,0.213,-0.776,0.542
2951.39,0.216,-0.78,0.537
2951.57,0.204,-0.781,0.541
2951.75,0.221,-0.782,0.54
2951.93,0.193,-0.786,0.531
2952.12,0.228,-0.789,0.555
2952.3,0.173,-0.79,0.541
2952.48,0.231,-0.794,0.54
2952.66,0.17,-0.797,0.546
2952.85,0.235,-0.799,0.567
2953.3,0.188,-0.801,0.547
2953.21,0.211,-0.802,0.54
2953.39,0.208,-0.803,0.534
2953.57,0.209,-0.805,0.54
2954.49,0.21,-0.812,0.585
2954.67,0.206,-0.814,0.598
2954.85,0.213,-0.818,0.59
2955.3,0.218,-0.82,0.602
2955.22,0.2,-0.819,0.602
2955.4,0.222,-0.817,0.605
2955.58,0.197,-0.816,0.599
2955.76,0.22,-0.815,0.591
2955.94,0.206,-0.814,0.556
2956.13,0.216,-0.814,0.531
2956.31,0.21,-0.813,0.539
2961.6,0.223,-0.847,0.587
2961.78,0.202,-0.845,0.578
2961.96,0.194,-0.844,0.549
2962.14,0.207,-0.846,0.516
2962.32,0.213,-0.845,0.517
2962.51,0.205,-0.843,0.517
2962.69,0.226,-0.842,0.524
2962.87,0.209,-0.842,0.528
2963.5,0.202,-0.841,0.521
2963.24,0.212,-0.844,0.522
2963.42,0.203,-0.845,0.525
2963.6,0.187,-0.846,0.526
2963.78,0.24,-0.85,0.544
2963.97,0.191,-0.854,0.533
2964.15,0.212,-0.854,0.543
2964.33,0.2,-0.856,0.546
2964.51,0.19,-0.854,0.523
2964.69,0.2,-0.852,0.52
2964.88,0.195,-0.854,0.524
2965.6,0.188,-0.854,0.533
2965.24,0.199,-0.858,0.517
2965.42,0.209,-0.86,0.514
2965.61,0.197,-0.863,0.529
2965.79,0.185,-0.865,0.511
2965.97,0.204,-0.863,0.513
2966.15,0.208,-0.868,0.511
2966.34,0.182,-0.868,0.519
2966.52,0.223,-0.87,0.509
2966.7,0.197,-0.87,0.54
2966.88,0.229,-0.872,0.516
2967.6,0.208,-0.876,0.523
2967.25,0.206,-0.876,0.516
2967.43,0.192,-0.877,0.523
2967.61,0.224,-0.882,0.524
2967.79,0.196,-0.881,0.52
2967.98,0.206,-0.88,0.538
2968.16,0.216,-0.882,0.538
2968.89,0.212,-0.888,0.543
2969.7,0.195,-0.891,0.545
2969.25,0.217,-0.891,0.554
2969.43,0.207,-0.893,0.546
2969.62,0.187,-0.894,0.554
2969.8,0.205,-0.894,0.556
2969.98,0.204,-0.89,0.548
2970.16,0.226,-0.891,0.552
2970.35,0.191,-0.892,0.556
2970.53,0.235,-0.892,0.541
2970.71,0.182,-0.893,0.563
2970.89,0.221,-0.896,0.564
2971.8,0.214,-0.897,0.558
2971.26,0.227,-0.897,0.552
2971.44,0.195,-0.895,0.538
2971.62,0.209,-0.895,0.551
2971.8,0.205,-0.897,0.55
2971.99,0.18,-0.898,0.543
2972.17,0.219,-0.899,0.546
2972.35,0.2,-0.9,0.53
2972.53,0.206,-0.901,0.552
2972.72,0.188,-0.901,0.541
2972.9,0.211,-0.902,0.556
2973.8,0.222,-0.902,0.537
2973.26,0.227,-0.903,0.546
2974.36,0.213,-0.906,0.55
2974.54,0.219,-0.906,0.543
2974.72,0.203,-0.909,0.545
2974.9,0.214,-0.911,0.545
2975.9,0.218,-0.913,0.54
2975.27,0.221,-0.912,0.541
2975.45,0.223,-0.913,0.555
2975.63,0.218,-0.915,0.524
2975.82,0.214,-0.919,0.527
2976.0,0.209,-0.92,0.543
2976.18,0.211,-0.922,0.528
2976.36,0.216,-0.922,0.543
2976.54,0.214,-0.925,0.537
2976.73,0.199,-0.926,0.533
2976.91,0.204,-0.928,0.529
2977.9,0.234,-0.932,0.556
2977.27,0.19,-0.932,0.528
2977.46,0.193,-0.934,0.54
2977.64,0.216,-0.934,0.555
2977.82,0.24,-0.935,0.561
2978.0,0.176,-0.934,0.56
2978.19,0.25,-0.93,0.551
2979.46,0.23,-0.94,0.557
2979.64,0.187,-0.941,0.535
2979.83,0.247,-0.941,0.53
2980.1,0.205,-0.94,0.52
2980.19,0.226,-0.94,0.531
2980.37,0.2,-0.943,0.539
2980.56,0.223,-0.947,0.526
2980.74,0.207,-0.948,0.547
2980.92,0.217,-0.95,0.552
2981.1,0.188,-0.951,0.556
2981.28,0.262,-0.957,0.538
2981.47,0.192,-0.959,0.569
2981.65,0.161,-0.959,0.537
2981.83,0.235,-0.961,0.559
2982.1,0.201,-0.965,0.543
2982.2,0.221,-0.966,0.553
2982.38,0.162,-0.966,0.563
2982.56,0.239,-0.966,0.571
2982.74,0.212,-0.968,0.529
2982.93,0.201,-0.967,0.586
2983.11,0.208,-0.965,0.565
2983.29,0.218,-0.965,0.55
2983.47,0.197,-0.966,0.576
2983.65,0.201,-0.968,0.55
2983.84,0.209,-0.97,0.541
2984.2,0.209,-0.971,0.564
2984.2,0.232,-0.974,0.536
2984.38,0.18,-0.974,0.541
2984.57,0.218,-0.977,0.535
2984.75,0.223,-0.982,0.542
2984.93,0.217,-0.983,0.537
2985.11,0.196,-0.983,0.519
2985.3,0.241,-0.988,0.523
2985.48,0.195,-0.988,0.518
2985.66,0.212,-0.995,0.554
2985.84,0.194,-0.996,0.509
2986.2,0.249,-0.998,0.56
2986.21,0.181,-0.995,0.53
2986.39,0.243,-0.995,0.558
2986.57,0.185,-0.992,0.609
2986.75,0.233,-0.991,0.615
2986.94,0.184,-0.991,0.613
2987.12,0.224,-0.995,0.648
2987.3,0.193,-0.995,0.603
2990.76,0.208,-1.021,0.533
2990.95,0.196,-1.021,0.517
2991.13,0.229,-1.024,0.56
2991.31,0.175,-1.025,0.567
2991.49,0.248,-1.027,0.529
2991.68,0.174,-1.029,0.573
2991.86,0.243,-1.035,0.541
2992.4,0.229,-1.038,0.531
2992.22,0.204,-1.038,0.561
2992.41,0.221,-1.042,0.543
2992.59,0.209,-1.043,0.512
2998.6,0.204,-1.075,0.582
2998.24,0.188,-1.075,0.584
2998.42,0.226,-1.076,0.572
2998.6,0.171,-1.077,0.576
2998.78,0.236,-1.081,0.58
2998.97,0.213,-1.082,0.574
2999.15,0.23,-1.082,0.567
2999.33,0.185,-1.084,0.559
2999.51,0.219,-1.088,0.555
2999.7,0.194,-1.091,0.563
2999.88,0.221,-1.091,0.565
3000.6,0.209,-1.091,0.568
3000.24,0.214,-1.092,0.567
3000.42,0.205,-1.092,0.547
3000.61,0.226,-1.09,0.548
3000.79,0.196,-1.092,0.54
3000.97,0.217,-1.091,0.528
3001.15,0.203,-1.092,0.514
3001.34,0.192,-1.094,0.539
3001.52,0.206,-1.096,0.514
3001.7,0.219,-1.098,0.539
3001.88,0.209,-1.098,0.541
3002.7,0.218,-1.099,0.544
3002.25,0.191,-1.1,0.532
3002.43,0.208,-1.097,0.541
3002.61,0.216,-1.098,0.528
3002.79,0.211,-1.099,0.532
3004.7,0.214,-1.101,0.555
3004.25,0.215,-1.101,0.55
3004.43,0.202,-1.103,0.547
3004.62,0.219,-1.103,0.564
3004.8,0.202,-1.105,0.56
3004.98,0.203,-1.105,0.539
3005.16,0.205,-1.107,0.541
3005.35,0.189,-1.107,0.547
3005.53,0.226,-1.105,0.559
3005.71,0.191,-1.105,0.575
3005.89,0.214,-1.107,0.555
3006.7,0.202,-1.109,0.553
3006.26,0.21,-1.111,0.546
3006.44,0.225,-1.115,0.545
3006.62,0.202,-1.116,0.533
3006.8,0.214,-1.12,0.539
3006.99,0.211,-1.121,0.547
3007.17,0.223,-1.121,0.546
3007.35,0.189,-1.121,0.529
3007.53,0.216,-1.123,0.532
3007.72,0.201,-1.126,0.524
3007.9,0.204,-1.127,0.535
3008.8,0.199,-1.129,0.521
3008.26,0.202,-1.133,0.531
3008.44,0.216,-1.136,0.54
3008.63,0.217,-1.136,0.54
3008.81,0.216,-1.14,0.543
3008.99,0.215,-1.144,0.532
3009.17,0.21,-1.145,0.536
3009.36,0.212,-1.143,0.543
3009.54,0.206,-1.142,0.546
3009.72,0.21,-1.146,0.559
3009.9,0.216,-1.146,0.542
3010.8,0.229,-1.145,0.558
3010.27,0.228,-1.144,0.553
3010.45,0.217,-1.146,0.55
3010.63,0.225,-1.147,0.549
3010.81,0.193,-1.149,0.533
3011.0,0.214,-1.153,0.532
3011.18,0.21,-1.152,0.54
3011.36,0.217,-1.153,0.545
3011.54,0.196,-1.156,0.531
3011.73,0.22,-1.153,0.516
3011.91,0.191,-1.152,0.535
3012.9,0.205,-1.157,0.542
3012.27,0.209,-1.155,0.558
3012.45,0.221,-1.153,0.568
3012.64,0.221,-1.153,0.551
3012.82,0.221,-1.152,0.545
3013.0,0.195,-1.156,0.585
3013.18,0.209,-1.152,0.572
3013.37,0.22,-1.153,0.572
3013.55,0.206,-1.155,0.568
3013.73,0.219,-1.155,0.57
3013.91,0.213,-1.155,0.566
3014.9,0.191,-1.154,0.535
3014.28,0.215,-1.152,0.546
3014.46,0.209,-1.154,0.557
3014.64,0.211,-1.157,0.557
3016.65,0.203,-1.169,0.514
3016.83,0.196,-1.169,0.511
3017.1,0.204,-1.172,0.507
3017.19,0.214,-1.172,0.519
3017.38,0.202,-1.174,0.524
3017.56,0.201,-1.177,0.53
3017.74,0.229,-1.178,0.522
3017.92,0.207,-1.178,0.536
3018.1,0.232,-1.176,0.534
3018.29,0.201,-1.177,0.534
3018.47,0.21,-1.177,0.542
3018.65,0.21,-1.177,0.546
3018.83,0.237,-1.176,0.561
3019.2,0.214,-1.18,0.561
3019.2,0.208,-1.182,0.535
3019.38,0.219,-1.185,0.536
3019.56,0.218,-1.184,0.559
3019.74,0.22,-1.182,0.541
3019.93,0.205,-1.184,0.533
3020.11,0.215,-1.186,0.542
3020.29,0.21,-1.19,0.549
3020.47,0.179,-1.191,0.545
3020.66,0.211,-1.188,0.528
3020.84,0.207,-1.187,0.515
3021.2,0.208,-1.191,0.519
3021.2,0.21,-1.192,0.515
3021.39,0.202,-1.19,0.54
3021.57,0.234,-1.191,0.536
3021.75,0.195,-1.194,0.542
3021.93,0.242,-1.194,0.556
3022.11,0.2,-1.195,0.549
3022.3,0.221,-1.198,0.559
3022.48,0.212,-1.199,0.56
3022.66,0.214,-1.196,0.565
3022.84,0.216,-1.197,0.55
3023.3,0.212,-1.195,0.556
3023.21,0.204,-1.194,0.56
3023.39,0.214,-1.193,0.573
3023.57,0.192,-1.193,0.544
3023.75,0.234,-1.196,0.536
3023.94,0.184,-1.195,0.491
3024.12,0.204,-1.2,0.516
3024.3,0.215,-1.199,0.53
3024.48,0.219,-1.2,0.535
3024.67,0.175,-1.197,0.511
3024.85,0.222,-1.199,0.534
3025.3,0.194,-1.201,0.537
3025.21,0.221,-1.202,0.554
3025.39,0.193,-1.204,0.554
3025.58,0.204,-1.205,0.553
3026.85,0.208,-1.212,0.572
3027.4,0.206,-1.211,0.542
3027.22,0.215,-1.213,0.569
3027.4,0.205,-1.213,0.543
3027.58,0.2,-1.213,0.546
3027.76,0.21,-1.213,0.536
3027.95,0.227,-1.213,0.556
3028.13,0.168,-1.215,0.556
3028.31,0.244,-1.215,0.546
3028.49,0.2,-1.214,0.565
3034.32,0.193,-1.242,0.572
3034.51,0.21,-1.242,0.578
3034.69,0.2,-1.244,0.571
3034.87,0.242,-1.245,0.552
3035.5,0.176,-1.242,0.545
3035.24,0.218,-1.242,0.55
3035.42,0.189,-1.244,0.555
3035.6,0.225,-1.245,0.558
3035.78,0.19,-1.245,0.568
3035.96,0.214,-1.247,0.55
3036.15,0.193,-1.246,0.555
3036.33,0.194,-1.244,0.564
3036.51,0.196,-1.244,0.57
3036.69,0.23,-1.244,0.584
3036.88,0.188,-1.246,0.618
3037.6,0.188,-1.246,0.596
3037.24,0.24,-1.248,0.608
3037.42,0.192,-1.245,0.598
3037.6,0.184,-1.249,0.604
3037.79,0.195,-1.248,0.606
3037.97,0.189,-1.252,0.612
3038.15,0.192,-1.254,0.627
3038.33,0.225,-1.254,0.595
3038.51,0.194,-1.257,0.582
3038.7,0.236,-1.259,0.574
3038.88,0.184,-1.258,0.56
3039.6,0.262,-1.265,0.569
3039.24,0.167,-1.266,0.511
3039.43,0.23,-1.269,0.546
3039.61,0.197,-1.267,0.556
3039.79,0.194,-1.271,0.543
3039.97,0.226,-1.267,0.536
3040.15,0.222,-1.267,0.562
3040.34,0.165,-1.27,0.554
3040.52,0.215,-1.273,0.538
3040.7,0.276,-1.274,0.558
3040.88,0.18,-1.272,0.533
3042.71,0.184,-1.285,0.534
3042.89,0.223,-1.289,0.558
3043.7,0.169,-1.292,0.547
3043.25,0.237,-1.293,0.538
3043.44,0.217,-1.29,0.547
3043.62,0.236,-1.293,0.532
3043.8,0.195,-1.295,0.532
3043.98,0.221,-1.293,0.54
3044.16,0.212,-1.295,0.556
3044.35,0.207,-1.295,0.524
3044.53,0.232,-1.295,0.547
3044.71,0.174,-1.297,0.552
3044.89,0.207,-1.3,0.553
3045.8,0.204,-1.3,0.544
3045.26,0.242,-1.3,0.542
3045.44,0.179,-1.3,0.528
3045.62,0.214,-1.299,0.54
3045.8,0.2,-1.3,0.544
3045.99,0.21,-1.299,0.541
3046.17,0.209,-1.302,0.539
3046.35,0.194,-1.301,0.549
3046.53,0.237,-1.297,0.564
3046.72,0.19,-1.296,0.555
3046.9,0.233,-1.297,0.558
3047.8,0.19,-1.298,0.54
3047.26,0.232,-1.298,0.55
3047.44,0.179,-1.301,0.543
3047.63,0.25,-1.303,0.538
3048.72,0.232,-1.309,0.544
3048.9,0.194,-1.305,0.53
3049.8,0.224,-1.306,0.535
3049.27,0.193,-1.308,0.545
3049.45,0.205,-1.31,0.523
3049.63,0.236,-1.31,0.548
3049.81,0.19,-1.309,0.558
3050.0,0.227,-1.313,0.536
3050.18,0.198,-1.312,0.538
3050.36,0.2,-1.309,0.535
3050.54,0.216,-1.31,0.54
3050.73,0.176,-1.307,0.546
3050.91,0.25,-1.308,0.527
3051.9,0.202,-1.308,0.551
3051.27,0.178,-1.307,0.541
3051.45,0.199,-1.31,0.553
3051.64,0.202,-1.312,0.542
3051.82,0.212,-1.311,0.557
3052.0,0.23,-1.316,0.526
3052.18,0.223,-1.318,0.562
3052.37,0.171,-1.317,0.52
3052.55,0.264,-1.318,0.54
3052.73,0.142,-1.316,0.538
3052.91,0.241,-1.315,0.543
3053.9,0.21,-1.316,0.537
3053.28,0.185,-1.316,0.534
3053.46,0.237,-1.319,0.544
3053.64,0.191,-1.321,0.553
3053.82,0.192,-1.323,0.541
3054.1,0.173,-1.325,0.548
3054.19,0.228,-1.325,0.568
3054.37,0.179,-1.326,0.556
3054.55,0.228,-1.328,0.56
3054.73,0.189,-1.327,0.574
3054.92,0.189,-1.328,0.547
3055.1,0.185,-1.332,0.559
3055.28,0.203,-1.333,0.539
3055.46,0.228,-1.332,0.529
3055.65,0.15,-1.332,0.553
3055.83,0.242,-1.332,0.567
3056.1,0.12,-1.331,0.533
3056.19,0.274,-1.334,0.548
3056.37,0.141,-1.337,0.556
3056.56,0.212,-1.338,0.551
3056.74,0.195,-1.343,0.538
3056.92,0.223,-1.346,0.55
3057.1,0.191,-1.347,0.548
3057.29,0.188,-1.346,0.55
3057.47,0.228,-1.347,0.537
3057.65,0.175,-1.346,0.542
3057.83,0.222,-1.345,0.565
3058.2,0.186,-1.348,0.547
3058.2,0.203,-1.351,0.571
3058.38,0.196,-1.348,0.537
3058.56,0.212,-1.35,0.543
3058.74,0.206,-1.349,0.541
3058.93,0.23,-1.348,0.552
3059.11,0.214,-1.345,0.559
3059.29,0.202,-1.346,0.54
3059.47,0.201,-1.346,0.558
3059.66,0.208,-1.35,0.535
3059.84,0.173,-1.348,0.536
3060.2,0.215,-1.348,0.571
3060.2,0.193,-1.346,0.552
3060.38,0.235,-1.349,0.562
3060.57,0.192,-1.347,0.557
3060.75,0.225,-1.347,0.548
3060.93,0.228,-1.345,0.545
3061.11,0.2,-1.345,0.557
3061.3,0.218,-1.346,0.558
3061.48,0.182,-1.348,0.546
3061.66,0.226,-1.35,0.546
3061.84,0.187,-1.351,0.543
3062.2,0.202,-1.349,0.554
3062.21,0.204,-1.346,0.553
3062.39,0.186,-1.346,0.549
3062.57,0.221,-1.349,0.552
3062.75,0.177,-1.35,0.559
3062.94,0.202,-1.353,0.569
3063.12,0.208,-1.354,0.547
3063.3,0.173,-1.355,0.58
3063.48,0.208,-1.353,0.55
3063.66,0.202,-1.352,0.571
3063.85,0.226,-1.349,0.56
3064.3,0.214,-1.353,0.555
3064.21,0.209,-1.353,0.555
3064.39,0.197,-1.352,0.564
3064.58,0.198,-1.355,0.547
3064.76,0.187,-1.356,0.572
3064.94,0.214,-1.356,0.557
3065.12,0.2,-1.355,0.566
3065.31,0.199,-1.354,0.548
3065.49,0.207,-1.353,0.546
3065.67,0.19,-1.353,0.534
3065.85,0.202,-1.357,0.526
3066.3,0.207,-1.356,0.573
3066.22,0.205,-1.354,0.554
3066.4,0.194,-1.354,0.574
3066.58,0.197,-1.353,0.572
3066.76,0.209,-1.355,0.545
3066.95,0.184,-1.354,0.533
3067.13,0.198,-1.353,0.556
3067.31,0.228,-1.355,0.564
3067.49,0.182,-1.353,0.594
3067.67,0.203,-1.354,0.616
3067.86,0.179,-1.356,0.625
3068.4,0.218,-1.356,0.595
3068.22,0.193,-1.356,0.613
3068.4,0.237,-1.358,0.594
3068.59,0.193,-1.359,0.633
3068.77,0.206,-1.357,0.669
3072.6,0.213,-1.37,0.567
3072.78,0.211,-1.371,0.551
3072.96,0.202,-1.371,0.548
3073.14,0.208,-1.373,0.535
3073.33,0.206,-1.375,0.553
3073.51,0.189,-1.378,0.547
3073.69,0.223,-1.381,0.552
3073.87,0.186,-1.381,0.559
3074.5,0.211,-1.384,0.558
3074.24,0.204,-1.385,0.555
3074.42,0.208,-1.389,0.552
3074.6,0.195,-1.389,0.558
3074.78,0.191,-1.387,0.545
3074.97,0.183,-1.386,0.53
3075.15,0.196,-1.387,0.537
3075.33,0.213,-1.387,0.536
3075.51,0.192,-1.386,0.538
3075.69,0.196,-1.389,0.53
3075.88,0.192,-1.39,0.545
3076.6,0.225,-1.393,0.559
3076.24,0.201,-1.396,0.562
3076.42,0.192,-1.396,0.537
3076.61,0.205,-1.394,0.534
3076.79,0.194,-1.393,0.556
3076.97,0.207,-1.392,0.556
3077.15,0.194,-1.389,0.536
3077.34,0.189,-1.39,0.559
3077.52,0.222,-1.385,0.547
3077.7,0.188,-1.386,0.557
3077.88,0.205,-1.388,0.552
3078.6,0.212,-1.389,0.557
3078.25,0.192,-1.389,0.552
3078.43,0.204,-1.39,0.55
3078.61,0.206,-1.39,0.566
3078.79,0.201,-1.39,0.542
3078.98,0.221,-1.39,0.557
3079.16,0.197,-1.389,0.546
3079.34,0.229,-1.391,0.545
3079.52,0.184,-1.393,0.539
3079.71,0.214,-1.393,0.545
3079.89,0.215,-1.394,0.539
3080.7,0.19,-1.398,0.553
3080.25,0.201,-1.401,0.547
3080.43,0.216,-1.403,0.551
3080.62,0.187,-1.403,0.54
3080.8,0.189,-1.402,0.533
3080.98,0.183,-1.403,0.547
3081.16,0.229,-1.404,0.556
3081.35,0.2,-1.405,0.539
3081.53,0.184,-1.406,0.537
3081.71,0.203,-1.406,0.543
3081.89,0.208,-1.408,0.551
3082.7,0.223,-1.409,0.548
3082.26,0.211,-1.413,0.554
3082.44,0.204,-1.414,0.554
3082.62,0.213,-1.413,0.556
3082.8,0.187,-1.412,0.55
3082.99,0.22,-1.415,0.552
3083.17,0.189,-1.414,0.548
3083.35,0.232,-1.415,0.569
3083.53,0.178,-1.415,0.561
3083.72,0.195,-1.415,0.547
3083.9,0.222,-1.415,0.557
3084.8,0.171,-1.418,0.554
3085.36,0.2,-1.429,0.555
3085.54,0.223,-1.429,0.551
3085.72,0.206,-1.43,0.541
3085.9,0.214,-1.431,0.548
3086.8,0.21,-1.431,0.54
3086.27,0.221,-1.43,0.549
3086.45,0.214,-1.433,0.557
3086.63,0.211,-1.435,0.539
3086.81,0.2,-1.436,0.54
3087.0,0.195,-1.437,0.557
3087.18,0.205,-1.438,0.559
3087.36,0.199,-1.437,0.549
3087.54,0.215,-1.437,0.553
3087.72,0.196,-1.438,0.568
3087.91,0.21,-1.438,0.551
3088.9,0.224,-1.439,0.559
3088.27,0.187,-1.44,0.549
3088.45,0.2,-1.443,0.553
3088.64,0.193,-1.444,0.574
3088.82,0.204,-1.443,0.579
3089.0,0.209,-1.446,0.547
3089.18,0.181,-1.448,0.551
3089.36,0.188,-1.451,0.544
3089.55,0.203,-1.453,0.535
3089.73,0.213,-1.453,0.537
3089.91,0.192,-1.454,0.538
3090.9,0.208,-1.457,0.537
3090.28,0.195,-1.46,0.55
3090.46,0.207,-1.461,0.569
3090.64,0.208,-1.46,0.545
3090.82,0.186,-1.462,0.552
3091.0,0.219,-1.461,0.551
3091.19,0.179,-1.46,0.526
3091.37,0.204,-1.464,0.534
3091.55,0.186,-1.464,0.515
3091.73,0.22,-1.468,0.523
3091.92,0.23,-1.471,0.519
3092.1,0.2,-1.473,0.529
3092.28,0.207,-1.474,0.524
3092.46,0.213,-1.476,0.538
3092.65,0.203,-1.479,0.529
3092.83,0.21,-1.477,0.536
3093.1,0.205,-1.48,0.535
3093.19,0.206,-1.483,0.539
3093.37,0.207,-1.485,0.532
3093.56,0.192,-1.485,0.557
3093.74,0.201,-1.485,0.528
3093.92,0.206,-1.485,0.529
3094.1,0.204,-1.483,0.547
3094.29,0.221,-1.487,0.561
3094.47,0.206,-1.489,0.573
3094.65,0.229,-1.492,0.569
3094.83,0.187,-1.491,0.565
3095.1,0.218,-1.493,0.589
3095.2,0.215,-1.493,0.563
3095.38,0.209,-1.496,0.586
3095.56,0.195,-1.499,0.571
3095.74,0.237,-1.501,0.591
3095.93,0.174,-1.499,0.618
3096.11,0.225,-1.497,0.632
3096.29,0.211,-1.497,0.588
3096.47,0.21,-1.499,0.567
3096.65,0.197,-1.501,0.562
3096.84,0.213,-1.5,0.547
3097.2,0.216,-1.5,0.531
3097.2,0.22,-1.499,0.54
3097.38,0.217,-1.502,0.532
3097.57,0.22,-1.498,0.533
3097.75,0.224,-1.498,0.528
3097.93,0.219,-1.5,0.521
3098.11,0.208,-1.5,0.531
3098.29,0.223,-1.503,0.535
3098.48,0.192,-1.505,0.551
3098.66,0.228,-1.51,0.556
3098.84,0.19,-1.51,0.584
3099.2,0.21,-1.512,0.619
3099.21,0.207,-1.513,0.613
3099.39,0.23,-1.513,0.604
3099.57,0.195,-1.514,0.563
3099.75,0.216,-1.515,0.544
3099.93,0.192,-1.517,0.534
3100.12,0.226,-1.52,0.521
3100.3,0.2,-1.523,0.529
3100.48,0.221,-1.525,0.529
3100.66,0.19,-1.526,0.515
3100.85,0.22,-1.528,0.532
3101.3,0.198,-1.529,0.519
3101.21,0.22,-1.531,0.538
3101.39,0.196,-1.531,0.522
3101.57,0.235,-1.53,0.522
3101.76,0.189,-1.533,0.541
3101.94,0.213,-1.533,0.534
3102.12,0.215,-1.537,0.528
3102.3,0.216,-1.535,0.533
3102.49,0.204,-1.532,0.524
3102.67,0.201,-1.532,0.518
3102.85,0.195,-1.533,0.503
3103.3,0.229,-1.533,0.536
3103.21,0.215,-1.534,0.54
3103.4,0.221,-1.537,0.52
3103.58,0.169,-1.536,0.537
3103.76,0.214,-1.538,0.529
3103.94,0.177,-1.539,0.526
3104.13,0.206,-1.542,0.503
3104.31,0.209,-1.541,0.506
3104.49,0.182,-1.543,0.522
3104.67,0.196,-1.541,0.512
3104.86,0.192,-1.539,0.521
3105.4,0.207,-1.54,0.521
3105.22,0.19,-1.541,0.526
3105.4,0.198,-1.539,0.521
3105.58,0.198,-1.538,0.517
3105.77,0.183,-1.539,0.531
3105.95,0.203,-1.54,0.534
3106.13,0.182,-1.541,0.528
3106.31,0.187,-1.542,0.527
3106.5,0.191,-1.545,0.536
3106.68,0.203,-1.547,0.556
3106.86,0.182,-1.549,0.551
3107.4,0.199,-1.55,0.543
3107.22,0.183,-1.548,0.553
3107.41,0.205,-1.55,0.546
3107.59,0.201,-1.551,0.533
3107.77,0.208,-1.554,0.548
3107.95,0.204,-1.555,0.548
3108.14,0.212,-1.555,0.578
3108.32,0.212,-1.552,0.572
3108.5,0.221,-1.554,0.592
3108.68,0.207,-1.553,0.578
3108.87,0.201,-1.555,0.584
3109.5,0.214,-1.558,0.553
3109.23,0.202,-1.559,0.539
3109.41,0.207,-1.559,0.521
3109.59,0.196,-1.561,0.55
3109.78,0.21,-1.564,0.55
3109.96,0.19,-1.568,0.537
3110.14,0.208,-1.571,0.54
3110.32,0.202,-1.575,0.528
3110.51,0.206,-1.576,0.548
3110.69,0.208,-1.578,0.534
3110.87,0.197,-1.58,0.534
3111.5,0.196,-1.581,0.526
3111.23,0.211,-1.579,0.544
3111.42,0.206,-1.581,0.526
3111.6,0.201,-1.58,0.538
3111.78,0.206,-1.578,0.542
3111.96,0.213,-1.58,0.536
3112.15,0.212,-1.579,0.525
3112.33,0.225,-1.579,0.528
3112.51,0.205,-1.581,0.583
3112.69,0.201,-1.582,0.621
3112.88,0.229,-1.582,0.665
3113.6,0.197,-1.583,0.685
3113.24,0.211,-1.584,0.685
3113.42,0.205,-1.584,0.633
3113.6,0.209,-1.588,0.598
3113.79,0.217,-1.591,0.565
3113.97,0.213,-1.594,0.547
3114.15,0.204,-1.593,0.525
3114.33,0.202,-1.591,0.519
3114.52,0.215,-1.595,0.519
3114.7,0.203,-1.595,0.534
3114.88,0.213,-1.598,0.527
3115.79,0.2,-1.607,0.542
3115.97,0.213,-1.607,0.522
3116.16,0.196,-1.609,0.525
3116.34,0.225,-1.612,0.532
3116.52,0.221,-1.613,0.535
3116.7,0.189,-1.615,0.514
3116.89,0.212,-1.617,0.508
3117.7,0.196,-1.618,0.515
3117.25,0.22,-1.618,0.517
3117.43,0.195,-1.619,0.503
3117.61,0.207,-1.619,0.52
3117.8,0.214,-1.62,0.504
3117.98,0.214,-1.621,0.495
3118.16,0.206,-1.622,0.507
3118.34,0.215,-1.626,0.541
3118.53,0.209,-1.632,0.524
3118.71,0.19,-1.635,0.526
3118.89,0.21,-1.637,0.547
3119.7,0.202,-1.638,0.524
3119.25,0.213,-1.638,0.518
3119.44,0.207,-1.641,0.542
3119.62,0.214,-1.643,0.531
3119.8,0.217,-1.643,0.531
3119.98,0.218,-1.641,0.548
3120.17,0.22,-1.64,0.505
3120.35,0.176,-1.642,0.511
3120.53,0.229,-1.645,0.534
3120.71,0.218,-1.642,0.516
3120.89,0.192,-1.641,0.545
3121.8,0.216,-1.642,0.533
3121.26,0.209,-1.644,0.53
3121.44,0.226,-1.644,0.555
3121.62,0.2,-1.644,0.534
3121.81,0.227,-1.647,0.541
3121.99,0.205,-1.649,0.533
3122.17,0.23,-1.651,0.546
3122.35,0.206,-1.652,0.545
3122.54,0.198,-1.652,0.537
3122.72,0.201,-1.655,0.558
3122.9,0.205,-1.655,0.543
3123.8,0.213,-1.656,0.55
3123.26,0.221,-1.656,0.529
3123.45,0.214,-1.657,0.553
3123.63,0.217,-1.66,0.55
3123.81,0.209,-1.662,0.518
3123.99,0.199,-1.665,0.554
3124.18,0.189,-1.666,0.538
3124.36,0.218,-1.665,0.551
3124.54,0.21,-1.665,0.55
3124.72,0.223,-1.667,0.553
3124.91,0.202,-1.666,0.554
3125.9,0.214,-1.668,0.542
3125.27,0.192,-1.668,0.546
3125.45,0.216,-1.67,0.544
3125.63,0.208,-1.672,0.528
3125.82,0.219,-1.675,0.54
3126.0,0.206,-1.673,0.539
3126.18,0.218,-1.678,0.516
3126.36,0.214,-1.682,0.524
3126.55,0.211,-1.684,0.51
3126.73,0.202,-1.684,0.52
3126.91,0.22,-1.684,0.53
3127.9,0.217,-1.684,0.523
3127.27,0.216,-1.681,0.569
3127.46,0.201,-1.682,0.569
3127.64,0.209,-1.682,0.532
3127.82,0.209,-1.684,0.511
3128.0,0.209,-1.686,0.541
3128.19,0.213,-1.685,0.553
3128.37,0.197,-1.688,0.533
3128.55,0.209,-1.692,0.549
3128.73,0.22,-1.694,0.536
3128.91,0.204,-1.696,0.523
3129.1,0.209,-1.695,0.521
3129.28,0.199,-1.695,0.534
3129.46,0.194,-1.695,0.537
3129.64,0.21,-1.695,0.529
3129.83,0.211,-1.697,0.55
3130.1,0.196,-1.696,0.54
3130.19,0.213,-1.695,0.554
3130.37,0.193,-1.697,0.557
3130.55,0.201,-1.697,0.567
3130.74,0.202,-1.699,0.578
3130.92,0.22,-1.699,0.568
3131.1,0.217,-1.701,0.58
3131.28,0.199,-1.701,0.562
3131.47,0.195,-1.704,0.566
3131.65,0.21,-1.706,0.561
3131.83,0.199,-1.708,0.536
3132.1,0.202,-1.71,0.548
3132.2,0.209,-1.712,0.549
3132.38,0.202,-1.717,0.552
3132.56,0.205,-1.717,0.552
3133.65,0.207,-1.721,0.56
3133.84,0.192,-1.721,0.563
3134.2,0.2,-1.722,0.556
3134.2,0.211,-1.727,0.537
3134.38,0.201,-1.727,0.55
3134.56,0.21,-1.728,0.552
3134.75,0.225,-1.728,0.518
3134.93,0.188,-1.727,0.536
3135.11,0.231,-1.725,0.524
3135.29,0.195,-1.725,0.533
3135.48,0.218,-1.723,0.556
3135.66,0.216,-1.724,0.55
3135.84,0.194,-1.722,0.548
3136.2,0.207,-1.724,0.551
3136.21,0.211,-1.725,0.539
3136.39,0.201,-1.724,0.556
3136.57,0.22,-1.728,0.539
3137.66,0.213,-1.732,0.539
3137.85,0.197,-1.73,0.539
3138.3,0.232,-1.731,0.545
3138.21,0.187,-1.728,0.544
3138.39,0.223,-1.726,0.551
3138.57,0.202,-1.729,0.534
3138.76,0.205,-1.73,0.56
3138.94,0.2,-1.728,0.584
3139.12,0.205,-1.731,0.564
3139.3,0.214,-1.73,0.543
3139.49,0.209,-1.731,0.553
3139.67,0.202,-1.731,0.554
3139.85,0.18,-1.733,0.533
3140.3,0.223,-1.735,0.549
3140.21,0.191,-1.735,0.556
3140.4,0.203,-1.739,0.533
3140.58,0.203,-1.741,0.531
3140.76,0.167,-1.74,0.523
3140.94,0.201,-1.741,0.553
3141.13,0.211,-1.741,0.549
3141.31,0.2,-1.744,0.544
3141.49,0.19,-1.741,0.537
3141.67,0.225,-1.739,0.567
3141.86,0.199,-1.738,0.531
3142.4,0.227,-1.741,0.554
3142.22,0.206,-1.742,0.531
3142.4,0.196,-1.742,0.521
3142.58,0.229,-1.744,0.537
3142.77,0.179,-1.743,0.528
3142.95,0.232,-1.741,0.537
3144.4,0.209,-1.753,0.522
3144.22,0.19,-1.753,0.538
3144.41,0.193,-1.75,0.534
3144.59,0.222,-1.751,0.517
3144.77,0.202,-1.751,0.541
3144.95,0.2,-1.751,0.531
3145.14,0.2,-1.752,0.536
3145.32,0.213,-1.753,0.545
3145.5,0.216,-1.752,0.538
3145.68,0.207,-1.751,0.545
3145.87,0.201,-1.75,0.56
3146.5,0.205,-1.748,0.536
3146.23,0.171,-1.747,0.537
3146.41,0.198,-1.745,0.548
3146.59,0.192,-1.746,0.527
3146.78,0.213,-1.745,0.54
3146.96,0.197,-1.745,0.545
3147.14,0.183,-1.745,0.537
3147.32,0.218,-1.744,0.547
3147.51,0.206,-1.743,0.549
3147.69,0.206,-1.742,0.567
3147.87,0.212,-1.743,0.562
3148.5,0.218,-1.746,0.52
3148.23,0.153,-1.746,0.551
3148.42,0.25,-1.747,0.549
3148.6,0.179,-1.746,0.52
3148.78,0.223,-1.748,0.547
3148.96,0.185,-1.75,0.531
3149.15,0.259,-1.751,0.565
3149.33,0.18,-1.751,0.536
3149.51,0.19,-1.748,0.552
3149.69,0.226,-1.751,0.531
3149.88,0.16,-1.747,0.531
3150.6,0.244,-1.748,0.552
3150.24,0.18,-1.749,0.552
3150.42,0.204,-1.748,0.519
3150.6,0.222,-1.751,0.542
3150.79,0.204,-1.748,0.542
3150.97,0.229,-1.743,0.565
3151.15,0.166,-1.741,0.553
3151.33,0.236,-1.743,0.552
3151.52,0.221,-1.746,0.558
3151.7,0.172,-1.741,0.547
3151.88,0.26,-1.741,0.566
3152.6,0.146,-1.739,0.54
3152.24,0.236,-1.74,0.563
3152.43,0.146,-1.738,0.53
3152.61,0.245,-1.741,0.552
3152.79,0.159,-1.739,0.534
3152.97,0.251,-1.74,0.537
3153.16,0.147,-1.74,0.535
3153.34,0.234,-1.743,0.542
3153.52,0.221,-1.742,0.535
3153.7,0.185,-1.744,0.535
3153.89,0.241,-1.747,0.556
3154.7,0.17,-1.749,0.546
3154.25,0.226,-1.748,0.566
3154.43,0.177,-1.746,0.555
3154.61,0.247,-1.746,0.561
3154.8,0.175,-1.749,0.549
3154.98,0.224,-1.751,0.538
3155.16,0.203,-1.754,0.574
3155.34,0.178,-1.754,0.548
3155.53,0.212,-1.754,0.555
3155.71,0.159,-1.752,0.54
3155.89,0.214,-1.753,0.544
3156.7,0.183,-1.753,0.554
3156.25,0.199,-1.749,0.551
3156.44,0.209,-1.749,0.539
3156.62,0.188,-1.751,0.542
3156.8,0.193,-1.755,0.55
3156.98,0.183,-1.753,0.543
3157.17,0.202,-1.752,0.538
3157.35,0.209,-1.753,0.53
3157.53,0.194,-1.753,0.548
3157.71,0.203,-1.755,0.532
3157.9,0.203,-1.755,0.539
3158.8,0.204,-1.755,0.543
3158.26,0.228,-1.757,0.538
3158.44,0.207,-1.755,0.54
3158.62,0.212,-1.756,0.542
3158.81,0.185,-1.757,0.547
3158.99,0.211,-1.756,0.546
3159.17,0.205,-1.756,0.543
3159.35,0.193,-1.756,0.551
3159.54,0.206,-1.755,0.543
3159.72,0.182,-1.755,0.533
3159.9,0.22,-1.759,0.537
3160.8,0.194,-1.76,0.54
3160.26,0.204,-1.759,0.536
3160.45,0.198,-1.759,0.543
3160.63,0.201,-1.761,0.541
3160.81,0.195,-1.761,0.548
3160.99,0.195,-1.765,0.561
3161.18,0.204,-1.765,0.549
3161.36,0.22,-1.767,0.527
3161.54,0.217,-1.768,0.539
3161.72,0.209,-1.77,0.536
3161.9,0.206,-1.769,0.54
3162.9,0.216,-1.766,0.549
3162.27,0.209,-1.766,0.54
3162.45,0.198,-1.766,0.55
3162.63,0.219,-1.766,0.566
3162.82,0.206,-1.771,0.541
3163.0,0.201,-1.771,0.556
3163.18,0.205,-1.774,0.548
3163.36,0.211,-1.777,0.557
3163.55,0.215,-1.778,0.544
3163.73,0.198,-1.782,0.544
3163.91,0.2,-1.782,0.541
3164.9,0.214,-1.782,0.544
3164.27,0.2,-1.783,0.537
3164.46,0.2,-1.782,0.566
3164.64,0.208,-1.782,0.556
3164.82,0.188,-1.784,0.558
3165.0,0.221,-1.785,0.555
3165.19,0.208,-1.789,0.561
3165.37,0.21,-1.79,0.567
3165.55,0.208,-1.792,0.574
3165.73,0.195,-1.792,0.545
3165.91,0.218,-1.791,0.541
3166.1,0.197,-1.79,0.517
3166.28,0.188,-1.788,0.532
3166.46,0.193,-1.787,0.539
3166.64,0.204,-1.79,0.53
3166.83,0.206,-1.789,0.547
3167.1,0.208,-1.789,0.542
3167.19,0.211,-1.791,0.537
3167.37,0.195,-1.792,0.553
3167.55,0.182,-1.793,0.532
3167.74,0.207,-1.795,0.536
3167.92,0.218,-1.791,0.536
3168.1,0.202,-1.789,0.558
3168.28,0.198,-1.79,0.542
3168.47,0.222,-1.793,0.546
3168.65,0.2,-1.793,0.55
3168.83,0.186,-1.793,0.565
3169.1,0.207,-1.794,0.547
3169.2,0.207,-1.795,0.559
3169.38,0.201,-1.796,0.553
3169.56,0.204,-1.798,0.544
3169.74,0.209,-1.8,0.553
3169.92,0.197,-1.801,0.535
3170.11,0.189,-1.799,0.553
3170.29,0.213,-1.796,0.578
3171.93,0.2,-1.796,0.554
3172.11,0.194,-1.799,0.553
3172.29,0.194,-1.799,0.55
3172.48,0.21,-1.8,0.554
3172.66,0.194,-1.8,0.552
3172.84,0.2,-1.801,0.539
3173.2,0.178,-1.799,0.541
3173.21,0.194,-1.797,0.54
3173.39,0.224,-1.797,0.556
3173.57,0.195,-1.796,0.554
3173.75,0.219,-1.799,0.549
3173.93,0.217,-1.8,0.548
3174.12,0.21,-1.798,0.542
3174.3,0.213,-1.798,0.545
3174.48,0.202,-1.799,0.548
3174.66,0.198,-1.801,0.553
3174.85,0.202,-1.804,0.516
3175.3,0.187,-1.806,0.539
3175.21,0.201,-1.809,0.55
3175.39,0.186,-1.807,0.534
3175.57,0.204,-1.81,0.538
3175.76,0.218,-1.811,0.543
3175.94,0.194,-1.816,0.515
3177.3,0.208,-1.811,0.55
3177.22,0.183,-1.811,0.544
3177.4,0.221,-1.814,0.548
3177.58,0.205,-1.817,0.541
3177.76,0.225,-1.819,0.559
3177.94,0.202,-1.816,0.562
3178.13,0.205,-1.817,0.553
3178.31,0.186,-1.82,0.571
3178.49,0.217,-1.817,0.55
3178.67,0.169,-1.818,0.556
3184.87,0.215,-1.837,0.589
3185.5,0.185,-1.836,0.566
3185.23,0.215,-1.837,0.589
3185.42,0.191,-1.838,0.566
3185.6,0.215,-1.842,0.539
3185.78,0.213,-1.844,0.55
3185.96,0.2,-1.844,0.553
3186.15,0.189,-1.846,0.559
3186.33,0.19,-1.846,0.523
3186.51,0.197,-1.849,0.592
3186.69,0.187,-1.856,0.556
3186.87,0.205,-1.86,0.59
3187.6,0.187,-1.861,0.571
3187.24,0.226,-1.861,0.543
3187.42,0.184,-1.863,0.55
3187.6,0.217,-1.863,0.552
3187.79,0.195,-1.863,0.563
3187.97,0.207,-1.863,0.555
3188.15,0.18,-1.867,0.565
3188.33,0.211,-1.868,0.543
3188.52,0.19,-1.867,0.54
3188.7,0.198,-1.866,0.549
3188.88,0.198,-1.866,0.552
3189.6,0.211,-1.869,0.548
3189.24,0.206,-1.872,0.545
3189.43,0.206,-1.871,0.539
3189.61,0.207,-1.874,0.553
3189.79,0.208,-1.875,0.552
3189.97,0.183,-1.877,0.564
3190.16,0.206,-1.878,0.532
3190.34,0.199,-1.879,0.545
3190.52,0.209,-1.879,0.597
3190.7,0.191,-1.878,0.57
3190.88,0.207,-1.879,0.577
3191.7,0.187,-1.881,0.571
3191.25,0.202,-1.878,0.569
3192.89,0.208,-1.881,0.559
3193.7,0.199,-1.881,0.552
3193.25,0.196,-1.88,0.551
3193.44,0.198,-1.878,0.549
3193.62,0.2,-1.878,0.534
3193.8,0.213,-1.882,0.53
3193.98,0.202,-1.885,0.529
3194.17,0.197,-1.886,0.537
3194.35,0.2,-1.886,0.569
3194.53,0.191,-1.885,0.572
3194.71,0.187,-1.885,0.536
3194.89,0.197,-1.887,0.517
3195.8,0.203,-1.887,0.524
3195.26,0.201,-1.886,0.536
3195.44,0.208,-1.889,0.556
3195.62,0.205,-1.892,0.549
3195.81,0.192,-1.89,0.564
3195.99,0.18,-1.893,0.552
3196.17,0.196,-1.891,0.535
3196.35,0.206,-1.892,0.551
3196.53,0.216,-1.893,0.546
3196.72,0.187,-1.895,0.533
3196.9,0.215,-1.895,0.54
3197.8,0.197,-1.898,0.532
3197.26,0.202,-1.9,0.54
3197.45,0.204,-1.902,0.526
3197.63,0.201,-1.905,0.537
3197.81,0.193,-1.908,0.55
3197.99,0.201,-1.908,0.527
3198.18,0.196,-1.906,0.55
3198.36,0.211,-1.906,0.574
3198.54,0.203,-1.908,0.554
3198.72,0.202,-1.908,0.525
3198.9,0.211,-1.908,0.536
3199.9,0.175,-1.91,0.521
3199.27,0.206,-1.911,0.523
3199.45,0.202,-1.908,0.515
3199.63,0.2,-1.905,0.536
3199.82,0.211,-1.905,0.515
3200.0,0.222,-1.906,0.529
3200.18,0.218,-1.905,0.529
3200.36,0.197,-1.907,0.535
3200.54,0.2,-1.911,0.553
3200.73,0.195,-1.909,0.524
3200.91,0.206,-1.911,0.499
3201.9,0.172,-1.91,0.491
3201.27,0.212,-1.912,0.513
3201.46,0.206,-1.912,0.51
3201.64,0.207,-1.91,0.524
3201.82,0.222,-1.914,0.505
3202.0,0.182,-1.913,0.509
3202.18,0.214,-1.913,0.499
3203.46,0.204,-1.914,0.505
3203.64,0.213,-1.918,0.507
3203.82,0.211,-1.918,0.514
3204.1,0.209,-1.918,0.526
3204.19,0.19,-1.92,0.541
3204.37,0.218,-1.922,0.521
3204.55,0.202,-1.923,0.507
3204.74,0.196,-1.924,0.506
3204.92,0.19,-1.925,0.526
3205.1,0.18,-1.925,0.514
3205.28,0.208,-1.927,0.531
3205.46,0.205,-1.929,0.557
3205.65,0.195,-1.93,0.557
3205.83,0.191,-1.93,0.541
3206.1,0.195,-1.93,0.544
3206.19,0.198,-1.93,0.537
3206.38,0.186,-1.929,0.545
3206.56,0.229,-1.93,0.532
3206.74,0.211,-1.927,0.545
3206.92,0.211,-1.928,0.538
3207.1,0.195,-1.933,0.549
3207.29,0.189,-1.933,0.531
3207.47,0.216,-1.936,0.545
3207.65,0.206,-1.936,0.534
3207.83,0.209,-1.939,0.557
3208.2,0.202,-1.94,0.552
3208.2,0.205,-1.937,0.555
3208.38,0.19,-1.939,0.551
3208.56,0.204,-1.941,0.561
3208.74,0.196,-1.941,0.553
3208.93,0.186,-1.94,0.556
3209.11,0.202,-1.94,0.56
3209.29,0.22,-1.942,0.568
3209.47,0.174,-1.942,0.557
3209.66,0.206,-1.946,0.561
3209.84,0.179,-1.947,0.557
3210.2,0.199,-1.949,0.571
3210.2,0.168,-1.95,0.55
3210.38,0.21,-1.951,0.594
3210.57,0.168,-1.949,0.579
3210.75,0.237,-1.955,0.594
3210.93,0.187,-1.955,0.547
3211.11,0.224,-1.956,0.536
3211.3,0.195,-1.959,0.542
3211.48,0.199,-1.96,0.519
3211.66,0.19,-1.96,0.528
3211.84,0.21,-1.962,0.511
3212.2,0.19,-1.964,0.517
3212.21,0.21,-1.967,0.524
3212.39,0.204,-1.968,0.541
3212.57,0.181,-1.967,0.558
3212.75,0.214,-1.964,0.565
3213.85,0.209,-1.969,0.508
3214.3,0.176,-1.967,0.48
3214.21,0.234,-1.971,0.502
3214.39,0.147,-1.971,0.504
3214.58,0.233,-1.976,0.523
3214.76,0.163,-1.975,0.528
3214.94,0.195,-1.976,0.52
3215.12,0.195,-1.978,0.525
3215.31,0.186,-1.98,0.541
3215.49,0.208,-1.984,0.557
3215.67,0.185,-1.983,0.538
3221.87,0.221,-2.006,0.577
3222.5,0.201,-2.007,0.574
3222.23,0.219,-2.012,0.6
3222.41,0.205,-2.015,0.588
3222.6,0.202,-2.015,0.565
3222.78,0.192,-2.016,0.534
3222.96,0.2,-2.016,0.541
3223.14,0.2,-2.017,0.557
3223.32,0.192,-2.018,0.535
3223.51,0.215,-2.018,0.559
3223.69,0.204,-2.02,0.576
3223.87,0.192,-2.023,0.588
3224.5,0.193,-2.026,0.547
3224.24,0.189,-2.024,0.552
3224.42,0.193,-2.025,0.562
3224.6,0.186,-2.026,0.579
3225.33,0.191,-2.031,0.57
3225.51,0.205,-2.032,0.561
3225.69,0.207,-2.03,0.549
3225.88,0.183,-2.032,0.547
3226.6,0.186,-2.032,0.527
3226.24,0.193,-2.03,0.535
3226.42,0.21,-2.031,0.55
3226.61,0.207,-2.032,0.561
3226.79,0.191,-2.034,0.551
3226.97,0.208,-2.035,0.575
3227.15,0.182,-2.037,0.571
3227.33,0.201,-2.039,0.593
3227.52,0.186,-2.038,0.593
3227.7,0.185,-2.035,0.577
3227.88,0.198,-2.034,0.55
3228.6,0.21,-2.034,0.552
3228.25,0.201,-2.038,0.525
3228.43,0.18,-2.038,0.525
3228.61,0.199,-2.038,0.522
3228.79,0.195,-2.038,0.499
3228.97,0.206,-2.041,0.504
3229.16,0.185,-2.04,0.522
3229.34,0.22,-2.044,0.517
3229.52,0.174,-2.045,0.53
3229.7,0.203,-2.045,0.544
3229.89,0.188,-2.045,0.555
3230.7,0.197,-2.048,0.552
3230.25,0.21,-2.053,0.548
3230.43,0.187,-2.054,0.547
3230.62,0.167,-2.053,0.545
3230.8,0.199,-2.052,0.555
3230.98,0.199,-2.054,0.566
3232.8,0.205,-2.062,0.602
3232.98,0.202,-2.063,0.573
3233.17,0.177,-2.065,0.578
3233.35,0.205,-2.066,0.571
3233.53,0.208,-2.066,0.592
3233.71,0.187,-2.066,0.572
3233.9,0.199,-2.065,0.567
3234.8,0.21,-2.065,0.557
3234.26,0.202,-2.067,0.555
3234.44,0.209,-2.068,0.528
3234.62,0.212,-2.064,0.533
3234.81,0.2,-2.065,0.536
3234.99,0.192,-2.067,0.548
3235.17,0.196,-2.07,0.531
3235.35,0.198,-2.07,0.535
3235.9,0.215,-2.077,0.545
3236.8,0.198,-2.078,0.553
3236.27,0.212,-2.078,0.552
3236.45,0.169,-2.079,0.578
3236.63,0.221,-2.081,0.557
3236.81,0.204,-2.084,0.558
3236.99,0.196,-2.086,0.555
3237.18,0.205,-2.086,0.565
3237.36,0.2,-2.088,0.56
3237.54,0.193,-2.091,0.561
3237.72,0.196,-2.094,0.581
3237.91,0.193,-2.096,0.566
3238.9,0.194,-2.099,0.576
3238.27,0.207,-2.101,0.587
3238.45,0.209,-2.103,0.6
3239.73,0.195,-2.113,0.558
3239.91,0.192,-2.113,0.557
3240.9,0.213,-2.115,0.556
3240.28,0.186,-2.118,0.549
3240.46,0.219,-2.117,0.57
3240.64,0.202,-2.117,0.553
3240.82,0.204,-2.117,0.551
3241.0,0.186,-2.12,0.559
3241.19,0.218,-2.121,0.563
3241.37,0.196,-2.123,0.587
3241.55,0.199,-2.123,0.575
3241.73,0.183,-2.124,0.559
3241.92,0.186,-2.124,0.55
3242.1,0.204,-2.127,0.551
3242.28,0.189,-2.127,0.536
3242.46,0.206,-2.126,0.533
3242.64,0.202,-2.127,0.547
3242.83,0.185,-2.133,0.527
3243.1,0.191,-2.134,0.531
3243.19,0.222,-2.131,0.535
3243.37,0.201,-2.13,0.537
3243.56,0.205,-2.134,0.526
3243.74,0.164,-2.138,0.54
3243.92,0.202,-2.14,0.549
3244.1,0.197,-2.141,0.538
3244.29,0.181,-2.141,0.537
3244.47,0.2,-2.14,0.54
3244.65,0.206,-2.14,0.536
3244.83,0.2,-2.14,0.549
3245.1,0.192,-2.142,0.545
3245.2,0.21,-2.144,0.539
3245.38,0.181,-2.147,0.543
3245.56,0.182,-2.148,0.543
3245.74,0.206,-2.149,0.548
3245.93,0.201,-2.149,0.536
3246.11,0.196,-2.151,0.526
3246.29,0.211,-2.15,0.541
3246.47,0.188,-2.151,0.541
3246.65,0.19,-2.152,0.541
3246.84,0.205,-2.153,0.53
3247.2,0.187,-2.155,0.53
3247.93,0.195,-2.156,0.538
3248.11,0.206,-2.153,0.53
3248.3,0.197,-2.15,0.526
3248.48,0.219,-2.153,0.531
3248.66,0.2,-2.156,0.522
3248.84,0.207,-2.155,0.514
3249.2,0.203,-2.156,0.51
3249.21,0.203,-2.157,0.512
3249.39,0.197,-2.157,0.513
3249.57,0.199,-2.157,0.512
3249.75,0.2,-2.16,0.503
3249.94,0.193,-2.16,0.499
3250.12,0.203,-2.163,0.51
3250.3,0.201,-2.164,0.507
3250.48,0.213,-2.166,0.513
3250.66,0.19,-2.164,0.512
3250.85,0.21,-2.166,0.527
3251.3,0.187,-2.165,0.533
3251.21,0.182,-2.165,0.534
3251.39,0.205,-2.168,0.539
3251.58,0.183,-2.17,0.531
3251.76,0.212,-2.171,0.542
3251.94,0.186,-2.171,0.543
3252.12,0.201,-2.173,0.535
3252.31,0.179,-2.17,0.526
3252.49,0.206,-2.17,0.521
3252.67,0.215,-2.173,0.546
3252.85,0.184,-2.176,0.549
3253.3,0.185,-2.176,0.537
3253.22,0.223,-2.178,0.547
3253.4,0.196,-2.177,0.548
3253.58,0.202,-2.178,0.54
3253.76,0.205,-2.179,0.531
3253.95,0.192,-2.177,0.541
3254.13,0.207,-2.179,0.533
3254.31,0.192,-2.179,0.539
3254.49,0.203,-2.176,0.536
3254.67,0.207,-2.176,0.521
3254.86,0.186,-2.176,0.534
3255.4,0.212,-2.175,0.526
3255.22,0.187,-2.179,0.548
3259.6,0.212,-2.192,0.514
3259.78,0.201,-2.193,0.512
3259.96,0.213,-2.196,0.523
3260.14,0.176,-2.195,0.52
3260.32,0.191,-2.195,0.525
3260.51,0.202,-2.195,0.513
3260.69,0.206,-2.193,0.509
3260.87,0.199,-2.195,0.512
3261.5,0.199,-2.195,0.514
3261.24,0.192,-2.195,0.519
3261.42,0.206,-2.196,0.521
3261.6,0.202,-2.197,0.513
3261.78,0.183,-2.197,0.501
3261.96,0.193,-2.197,0.532
3262.15,0.196,-2.195,0.524
3262.33,0.199,-2.195,0.519
3262.51,0.182,-2.194,0.514
3262.69,0.208,-2.196,0.527
3262.88,0.193,-2.196,0.512
3263.6,0.195,-2.198,0.514
3263.24,0.214,-2.198,0.514
3263.42,0.178,-2.196,0.529
3263.61,0.189,-2.194,0.516
3263.79,0.191,-2.192,0.538
3263.97,0.169,-2.194,0.514
3264.15,0.179,-2.193,0.539
3264.33,0.198,-2.194,0.526
3264.52,0.2,-2.196,0.542
3264.7,0.195,-2.196,0.509
3264.88,0.208,-2.198,0.531
3265.6,0.193,-2.198,0.517
3265.25,0.205,-2.199,0.517
3265.43,0.16,-2.198,0.517
3265.61,0.193,-2.196,0.534
3265.79,0.18,-2.197,0.533
3265.98,0.193,-2.197,0.507
3266.16,0.191,-2.197,0.515
3266.34,0.194,-2.198,0.519
3266.52,0.207,-2.199,0.52
3266.7,0.194,-2.199,0.535
3266.89,0.198,-2.199,0.508
3267.7,0.195,-2.199,0.522
3267.25,0.206,-2.199,0.54
3267.43,0.197,-2.2,0.538
3267.62,0.198,-2.202,0.528
3267.8,0.206,-2.206,0.536
3267.98,0.201,-2.203,0.532
3268.16,0.205,-2.205,0.535
3268.34,0.189,-2.206,0.539
3268.53,0.206,-2.209,0.537
3268.71,0.188,-2.209,0.538
3268.89,0.219,-2.211,0.545
3269.7,0.203,-2.211,0.543
3269.26,0.208,-2.212,0.534
3269.44,0.208,-2.214,0.546
3269.62,0.184,-2.218,0.541
3269.8,0.211,-2.217,0.539
3269.98,0.181,-2.219,0.533
3270.17,0.196,-2.217,0.532
3270.35,0.223,-2.217,0.536
3270.53,0.181,-2.219,0.543
3270.71,0.213,-2.218,0.54
3270.9,0.203,-2.217,0.538
3271.8,0.197,-2.217,0.527
3271.26,0.207,-2.22,0.543
3271.44,0.206,-2.22,0.543
3271.63,0.195,-2.223,0.542
3271.81,0.194,-2.227,0.543
3271.99,0.201,-2.233,0.524
3272.17,0.203,-2.236,0.528
3272.35,0.195,-2.238,0.533
3272.54,0.193,-2.239,0.526
3272.72,0.207,-2.242,0.524
3272.9,0.185,-2.243,0.544
3273.8,0.206,-2.246,0.549
3273.27,0.215,-2.25,0.542
3273.45,0.192,-2.249,0.548
3273.63,0.198,-2.248,0.539
3273.81,0.211,-2.247,0.556
3273.99,0.19,-2.25,0.543
3274.18,0.193,-2.255,0.537
3274.36,0.16,-2.253,0.527
3274.54,0.22,-2.254,0.517
3274.72,0.176,-2.253,0.491
3274.91,0.256,-2.253,0.517
3275.9,0.185,-2.25,0.53
3275.27,0.205,-2.253,0.56
3275.45,0.214,-2.256,0.569
3275.63,0.193,-2.255,0.583
3275.82,0.202,-2.257,0.609
3276.0,0.18,-2.262,0.579
3276.18,0.21,-2.267,0.571
3276.36,0.197,-2.267,0.565
3276.55,0.186,-2.267,0.572
3276.73,0.206,-2.268,0.537
3276.91,0.2,-2.27,0.522
3277.9,0.178,-2.27,0.528
3277.27,0.205,-2.273,0.534
3277.46,0.214,-2.272,0.542
3278.37,0.203,-2.282,0.536
3278.55,0.202,-2.28,0.548
3278.73,0.227,-2.281,0.555
3278.91,0.183,-2.282,0.554
3279.1,0.225,-2.284,0.542
3279.28,0.183,-2.288,0.541
3279.46,0.21,-2.289,0.523
3279.64,0.217,-2.292,0.521
3279.83,0.216,-2.296,0.505
3280.1,0.201,-2.3,0.518
3286.2,0.193,-2.353,0.518
3286.39,0.203,-2.352,0.53
3286.57,0.192,-2.348,0.535
3286.75,0.236,-2.351,0.542
3286.93,0.175,-2.349,0.539
3287.12,0.224,-2.348,0.55
3287.3,0.193,-2.347,0.549
3287.48,0.198,-2.347,0.535
3287.66,0.199,-2.347,0.526
3287.85,0.205,-2.347,0.556
3288.3,0.193,-2.344,0.545
3288.21,0.198,-2.347,0.553
3288.39,0.21,-2.345,0.541
3288.57,0.195,-2.343,0.538
3288.76,0.196,-2.34,0.547
3288.94,0.197,-2.341,0.547
3289.12,0.175,-2.339,0.533
3289.3,0.223,-2.339,0.529
3289.49,0.168,-2.339,0.528
3289.67,0.198,-2.339,0.528
3289.85,0.181,-2.342,0.531
3290.3,0.224,-2.347,0.532
3290.21,0.172,-2.344,0.518
3290.4,0.23,-2.345,0.541
3290.58,0.168,-2.346,0.53
3290.76,0.237,-2.345,0.529
3290.94,0.185,-2.348,0.541
3291.13,0.199,-2.346,0.518
3291.31,0.22,-2.35,0.518
3291.49,0.15,-2.353,0.517
3291.67,0.235,-2.351,0.521
3291.86,0.203,-2.351,0.535
3292.4,0.18,-2.35,0.521
3292.22,0.219,-2.349,0.537
3292.4,0.191,-2.346,0.533
3292.58,0.209,-2.348,0.531
3292.77,0.166,-2.346,0.532
3292.95,0.23,-2.349,0.557
3293.13,0.159,-2.347,0.534
3293.31,0.232,-2.348,0.536
3293.5,0.153,-2.348,0.537
3293.68,0.217,-2.346,0.517
3293.86,0.195,-2.348,0.541
3294.4,0.183,-2.347,0.527
3294.22,0.214,-2.349,0.541
3294.41,0.179,-2.348,0.553
3294.59,0.197,-2.351,0.531
3294.77,0.184,-2.352,0.533
3294.95,0.211,-2.354,0.544
3295.14,0.197,-2.355,0.537
3295.32,0.197,-2.358,0.54
3295.5,0.198,-2.359,0.52
3295.68,0.221,-2.36,0.537
3295.87,0.193,-2.36,0.532
3296.5,0.209,-2.363,0.539
3296.23,0.188,-2.364,0.54
3296.41,0.199,-2.366,0.532
3296.59,0.2,-2.367,0.523
3296.78,0.186,-2.366,0.534
3296.96,0.185,-2.37,0.539
3297.14,0.201,-2.371,0.534
3298.23,0.219,-2.377,0.514
3298.42,0.197,-2.374,0.53
3298.6,0.204,-2.376,0.524
3298.78,0.172,-2.379,0.536
3298.96,0.212,-2.38,0.528
3299.15,0.197,-2.382,0.547
3299.33,0.188,-2.381,0.546
3299.51,0.211,-2.383,0.551
3299.69,0.204,-2.383,0.543
3299.87,0.188,-2.384,0.562
3300.6,0.2,-2.385,0.577
3300.24,0.204,-2.388,0.578
3300.42,0.211,-2.388,0.578
3300.6,0.19,-2.389,0.57
3300.79,0.204,-2.39,0.521
3300.97,0.2,-2.394,0.534
3301.15,0.192,-2.394,0.527
3301.33,0.195,-2.391,0.524
3301.52,0.205,-2.392,0.522
3301.7,0.198,-2.396,0.525
3301.88,0.2,-2.397,0.542
3302.6,0.199,-2.399,0.527
3302.24,0.188,-2.4,0.546
3302.43,0.204,-2.403,0.535
3302.61,0.19,-2.405,0.549
3302.79,0.193,-2.404,0.532
3302.97,0.189,-2.404,0.538
3303.16,0.22,-2.403,0.533
3303.34,0.192,-2.401,0.542
3303.52,0.198,-2.4,0.526
3304.25,0.183,-2.398,0.531
3304.43,0.208,-2.4,0.533
3304.61,0.207,-2.402,0.526
3304.8,0.202,-2.405,0.518
3304.98,0.194,-2.405,0.52
3305.16,0.202,-2.406,0.534
3305.34,0.187,-2.404,0.53
3305.53,0.199,-2.403,0.546
3305.71,0.201,-2.404,0.552
3305.89,0.203,-2.405,0.534
3311.36,0.198,-2.443,0.515
3311.54,0.188,-2.442,0.528
3311.72,0.184,-2.442,0.524
3311.9,0.205,-2.441,0.526
3312.9,0.187,-2.443,0.521
3312.27,0.195,-2.442,0.53
3312.45,0.219,-2.443,0.523
3312.63,0.184,-2.442,0.532
3312.82,0.205,-2.442,0.537
3313.0,0.186,-2.442,0.536
3313.18,0.202,-2.441,0.533
3313.36,0.213,-2.441,0.513
3313.54,0.214,-2.441,0.523
3313.73,0.191,-2.441,0.511
3313.91,0.185,-2.443,0.523
3314.9,0.217,-2.443,0.503
3314.27,0.196,-2.445,0.5
3314.46,0.21,-2.446,0.506
3314.64,0.198,-2.444,0.501
3314.82,0.208,-2.445,0.525
3315.0,0.191,-2.443,0.514
3315.18,0.195,-2.441,0.525
3315.37,0.2,-2.442,0.531
3315.55,0.185,-2.443,0.544
3315.73,0.202,-2.443,0.541
3315.91,0.2,-2.442,0.535
3316.1,0.197,-2.441,0.536
3316.28,0.201,-2.444,0.542
3316.46,0.193,-2.446,0.545
3316.64,0.189,-2.446,0.527
3316.83,0.202,-2.446,0.546
3317.1,0.209,-2.447,0.552
3317.19,0.204,-2.445,0.532
3317.37,0.19,-2.443,0.557
3317.55,0.205,-2.439,0.575
3317.74,0.198,-2.436,0.624
3317.92,0.2,-2.437,0.637
3319.19,0.201,-2.439,0.585
3319.38,0.204,-2.439,0.59
3319.56,0.195,-2.438,0.58
3319.74,0.206,-2.44,0.547
3319.92,0.203,-2.441,0.544
3320.11,0.192,-2.44,0.53
3320.29,0.191,-2.438,0.519
3320.47,0.202,-2.436,0.518
3320.65,0.194,-2.437,0.515
3320.83,0.194,-2.434,0.52
3321.2,0.21,-2.436,0.521
3326.49,0.18,-2.468,0.525
3326.67,0.198,-2.469,0.541
3326.85,0.181,-2.467,0.525
3327.3,0.202,-2.471,0.512
3327.21,0.195,-2.472,0.534
3327.4,0.217,-2.471,0.516
3327.58,0.203,-2.472,0.539
3327.76,0.185,-2.474,0.524
3327.94,0.192,-2.474,0.531
3328.13,0.185,-2.473,0.556
3328.31,0.182,-2.476,0.57
3328.49,0.21,-2.477,0.56
3328.67,0.197,-2.479,0.558
3328.85,0.201,-2.48,0.544
3329.4,0.189,-2.482,0.541
3329.22,0.195,-2.481,0.52
3329.4,0.21,-2.48,0.528
3329.58,0.22,-2.481,0.524
3329.77,0.193,-2.483,0.537
3329.95,0.205,-2.481,0.537
3330.13,0.221,-2.482,0.547
3330.31,0.201,-2.479,0.551
3330.49,0.194,-2.479,0.551
3330.68,0.217,-2.481,0.554
3330.86,0.19,-2.483,0.559
3331.4,0.202,-2.485,0.576
3331.22,0.187,-2.485,0.603
3331.41,0.205,-2.487,0.604
3331.59,0.223,-2.488,0.623
3331.77,0.212,-2.488,0.633
3331.95,0.204,-2.486,0.654
3332.13,0.213,-2.489,0.648
3332.32,0.196,-2.49,0.641
3332.5,0.197,-2.489,0.628
3332.68,0.205,-2.492,0.606
3332.86,0.186,-2.491,0.592
3333.5,0.18,-2.49,0.574
3333.23,0.201,-2.491,0.562
3333.41,0.186,-2.491,0.562
3333.59,0.185,-2.492,0.552
3333.77,0.2,-2.493,0.552
3333.96,0.199,-2.494,0.553
3334.14,0.214,-2.498,0.555
3334.32,0.187,-2.496,0.553
3334.5,0.193,-2.496,0.554
3334.69,0.189,-2.497,0.53
3334.87,0.209,-2.501,0.537
3335.5,0.179,-2.503,0.537
3335.23,0.186,-2.502,0.551
3335.42,0.207,-2.504,0.543
3335.6,0.205,-2.505,0.53
3335.78,0.198,-2.506,0.53
3335.96,0.218,-2.505,0.525
3336.14,0.214,-2.504,0.543
3336.33,0.205,-2.505,0.537
3336.51,0.21,-2.509,0.548
3336.69,0.186,-2.508,0.529
3336.87,0.198,-2.504,0.541
3337.6,0.203,-2.503,0.525
3337.24,0.187,-2.503,0.526
3337.42,0.212,-2.504,0.538
3337.6,0.182,-2.506,0.532
3337.78,0.2,-2.507,0.553
3341.79,0.183,-2.522,0.556
3341.98,0.184,-2.525,0.555
3342.16,0.215,-2.528,0.556
3342.34,0.197,-2.531,0.542
3342.52,0.197,-2.531,0.54
3342.71,0.194,-2.532,0.552
3342.89,0.192,-2.534,0.548
3343.7,0.214,-2.535,0.563
3343.25,0.188,-2.538,0.552
3343.43,0.196,-2.54,0.561
3343.62,0.211,-2.542,0.554
3343.8,0.199,-2.541,0.539
3343.98,0.202,-2.541,0.549
3344.16,0.177,-2.542,0.539
3344.35,0.21,-2.541,0.541
3344.53,0.185,-2.546,0.546
3344.71,0.198,-2.545,0.529
3344.89,0.199,-2.549,0.559
3345.7,0.17,-2.549,0.55
3345.26,0.209,-2.553,0.56
3345.44,0.195,-2.554,0.544
3345.99,0.221,-2.564,0.552
3346.17,0.194,-2.564,0.553
3346.35,0.208,-2.561,0.547
3346.53,0.206,-2.561,0.567
3346.72,0.182,-2.562,0.551
3346.9,0.205,-2.564,0.555
3347.8,0.202,-2.565,0.548
3347.26,0.17,-2.567,0.573
3347.44,0.197,-2.57,0.558
3347.63,0.205,-2.57,0.568
3347.81,0.183,-2.57,0.558
3347.99,0.225,-2.572,0.553
3348.17,0.182,-2.574,0.555
3348.36,0.212,-2.574,0.564
3348.54,0.199,-2.574,0.556
3348.72,0.201,-2.575,0.547
3350.18,0.207,-2.58,0.545
3350.36,0.192,-2.58,0.531
3350.54,0.207,-2.581,0.545
3350.72,0.175,-2.58,0.537
3350.91,0.206,-2.58,0.546
3351.9,0.197,-2.579,0.534
3351.27,0.218,-2.579,0.53
3351.45,0.169,-2.582,0.541
3351.64,0.208,-2.583,0.542
3351.82,0.201,-2.586,0.537
3352.0,0.185,-2.587,0.548
3352.18,0.208,-2.59,0.529
3352.37,0.22,-2.591,0.544
3352.55,0.177,-2.588,0.551
3352.73,0.231,-2.587,0.543
3352.91,0.186,-2.587,0.544
3353.9,0.217,-2.589,0.542
3353.28,0.206,-2.592,0.545
3353.46,0.195,-2.593,0.54
3353.64,0.175,-2.594,0.532
3353.82,0.192,-2.597,0.532
3354.1,0.159,-2.601,0.543
3354.19,0.21,-2.604,0.53
3354.37,0.188,-2.605,0.547
3354.55,0.183,-2.607,0.532
3354.73,0.201,-2.61,0.556
3354.92,0.195,-2.609,0.558
3355.1,0.192,-2.612,0.542
3355.28,0.191,-2.614,0.548
3355.46,0.21,-2.614,0.553
3355.65,0.178,-2.614,0.537
3355.83,0.199,-2.617,0.533
3356.1,0.213,-2.618,0.542
3356.19,0.167,-2.621,0.534
3356.37,0.194,-2.623,0.527
3356.56,0.198,-2.625,0.512
3356.74,0.193,-2.628,0.524
3356.92,0.194,-2.629,0.53
3357.1,0.237,-2.631,0.539
3357.29,0.182,-2.631,0.533
3357.47,0.211,-2.633,0.533
3357.65,0.212,-2.636,0.531
3357.83,0.202,-2.636,0.531
3358.2,0.202,-2.637,0.552
3358.2,0.188,-2.639,0.547
3358.38,0.185,-2.643,0.544
3358.56,0.207,-2.645,0.565
3358.74,0.218,-2.646,0.553
3358.93,0.203,-2.647,0.541
3359.11,0.19,-2.644,0.555
3359.29,0.221,-2.646,0.536
3359.47,0.188,-2.645,0.538
3359.66,0.215,-2.646,0.539
3359.84,0.215,-2.646,0.549
3360.2,0.187,-2.648,0.54
3360.2,0.206,-2.648,0.558
3360.38,0.203,-2.647,0.539
3360.57,0.205,-2.647,0.554
3360.75,0.194,-2.648,0.557
3360.93,0.212,-2.649,0.559
3361.11,0.212,-2.649,0.553
3361.3,0.208,-2.65,0.541
3361.48,0.183,-2.649,0.563
3361.66,0.203,-2.646,0.53
3361.84,0.208,-2.648,0.546
3362.2,0.201,-2.65,0.558
3362.21,0.197,-2.651,0.557
3362.39,0.214,-2.651,0.535
3362.57,0.215,-2.654,0.542
3362.75,0.2,-2.653,0.545
3362.94,0.194,-2.652,0.547
3363.12,0.191,-2.655,0.55
3363.3,0.192,-2.655,0.561
3363.48,0.193,-2.655,0.545
3363.67,0.198,-2.658,0.559
3363.85,0.206,-2.659,0.532
3364.3,0.183,-2.663,0.532
3364.21,0.212,-2.667,0.544
3364.39,0.189,-2.667,0.527
3364.58,0.219,-2.666,0.525
3364.76,0.202,-2.666,0.548
3364.94,0.192,-2.668,0.531
3365.12,0.201,-2.669,0.55
3365.31,0.218,-2.668,0.543
3365.49,0.204,-2.673,0.553
3365.67,0.197,-2.676,0.556
3365.85,0.218,-2.676,0.544
3366.4,0.205,-2.674,0.543
3366.22,0.182,-2.676,0.571
3366.4,0.206,-2.677,0.54
3366.58,0.203,-2.678,0.542
3366.76,0.208,-2.676,0.556
3366.95,0.195,-2.68,0.548
3367.13,0.203,-2.681,0.553
3367.31,0.183,-2.679,0.532
3367.49,0.202,-2.679,0.528
3367.68,0.207,-2.678,0.535
3367.86,0.198,-2.68,0.547
3368.4,0.196,-2.681,0.538
3368.22,0.203,-2.683,0.533
3368.4,0.211,-2.685,0.536
3370.77,0.202,-2.697,0.52
3370.96,0.197,-2.696,0.516
3371.14,0.202,-2.696,0.535
3371.32,0.196,-2.696,0.503
3371.5,0.206,-2.701,0.532
3371.69,0.187,-2.7,0.522
3371.87,0.204,-2.698,0.544
3372.5,0.207,-2.699,0.525
3372.23,0.215,-2.702,0.53
3372.41,0.186,-2.701,0.524
3372.6,0.199,-2.702,0.539
3378.61,0.192,-2.736,0.547
3378.79,0.203,-2.736,0.545
3378.98,0.2,-2.738,0.547
3379.16,0.195,-2.739,0.546
3379.34,0.193,-2.737,0.546
3379.52,0.189,-2.734,0.565
3379.71,0.198,-2.736,0.551
3379.89,0.2,-2.734,0.541
3380.7,0.197,-2.733,0.56
3380.25,0.192,-2.734,0.555
3380.43,0.195,-2.736,0.585
3380.62,0.188,-2.734,0.586
3380.8,0.201,-2.732,0.599
3380.98,0.209,-2.731,0.574
3381.16,0.185,-2.733,0.583
3382.44,0.207,-2.741,0.537
3382.62,0.193,-2.739,0.551
3382.8,0.224,-2.74,0.562
3382.99,0.192,-2.736,0.538
3383.17,0.209,-2.737,0.527
3383.35,0.192,-2.737,0.527
3383.53,0.21,-2.737,0.519
3383.72,0.193,-2.741,0.538
3383.9,0.18,-2.739,0.544
3384.8,0.222,-2.741,0.528
3384.26,0.185,-2.744,0.531
3384.45,0.212,-2.748,0.54
3384.63,0.203,-2.749,0.52
3384.81,0.198,-2.748,0.522
3384.99,0.179,-2.748,0.52
3385.17,0.224,-2.75,0.527
3385.36,0.208,-2.752,0.532
3385.54,0.185,-2.751,0.521
3385.72,0.199,-2.753,0.495
3385.9,0.217,-2.754,0.497
3386.9,0.178,-2.756,0.529
3386.27,0.201,-2.759,0.535
3386.45,0.181,-2.761,0.564
3386.63,0.235,-2.764,0.567
3386.82,0.201,-2.766,0.58
3387.0,0.223,-2.768,0.553
3387.18,0.197,-2.768,0.563
3387.36,0.213,-2.766,0.553
3387.54,0.225,-2.766,0.567
3387.73,0.184,-2.766,0.548
3387.91,0.213,-2.767,0.569
3388.9,0.204,-2.765,0.566
3388.27,0.198,-2.768,0.573
3388.46,0.175,-2.768,0.591
3388.64,0.209,-2.77,0.586
3388.82,0.224,-2.768,0.566
3389.0,0.202,-2.767,0.528
3389.18,0.203,-2.765,0.547
3389.37,0.172,-2.762,0.524
3389.55,0.212,-2.764,0.527
3389.73,0.191,-2.767,0.527
3389.91,0.22,-2.764,0.524
3390.1,0.183,-2.764,0.495
3390.28,0.217,-2.764,0.496
3390.46,0.206,-2.763,0.524
3390.64,0.175,-2.759,0.507
3390.83,0.229,-2.763,0.51
3391.1,0.171,-2.762,0.527
3391.19,0.238,-2.764,0.503
3391.37,0.166,-2.767,0.538
3391.55,0.181,-2.769,0.521
3391.74,0.189,-2.77,0.53
3391.92,0.175,-2.767,0.538
3392.1,0.221,-2.768,0.537
3392.28,0.198,-2.772,0.516
3392.47,0.209,-2.774,0.556
3392.65,0.186,-2.773,0.562
3392.83,0.205,-2.776,0.548
3393.1,0.194,-2.775,0.552
3393.2,0.198,-2.776,0.553
3393.38,0.209,-2.773,0.522
3393.56,0.206,-2.775,0.52
3393.74,0.181,-2.777,0.527
3393.92,0.203,-2.781,0.513
3394.11,0.22,-2.782,0.537
3394.29,0.126,-2.78,0.516
3394.47,0.275,-2.784,0.494
3394.65,0.155,-2.784,0.552
3394.84,0.181,-2.778,0.52
3395.2,0.239,-2.781,0.53
3395.2,0.134,-2.779,0.524
3395.38,0.235,-2.781,0.529
3395.57,0.215,-2.785,0.547
3395.75,0.178,-2.785,0.522
3395.93,0.203,-2.788,0.542
3396.11,0.172,-2.788,0.538
3396.29,0.21,-2.792,0.521
3396.48,0.261,-2.792,0.545
3396.66,0.134,-2.791,0.556
3396.84,0.241,-2.794,0.546
3397.2,0.182,-2.792,0.559
3397.21,0.171,-2.793,0.553
3397.39,0.213,-2.792,0.527
3397.57,0.179,-2.791,0.546
3397.75,0.226,-2.792,0.51
3397.93,0.211,-2.793,0.513
3398.12,0.207,-2.792,0.55
3398.3,0.208,-2.791,0.526
3398.48,0.187,-2.794,0.548
3398.66,0.158,-2.791,0.542
3398.85,0.275,-2.794,0.544
3399.3,0.113,-2.793,0.525
3399.21,0.27,-2.794,0.508
3399.39,0.162,-2.796,0.504
3399.57,0.216,-2.797,0.509
3399.76,0.207,-2.795,0.507
3399.94,0.212,-2.795,0.526
3400.12,0.159,-2.799,0.514
3400.3,0.214,-2.802,0.527
3400.49,0.181,-2.798,0.524
3400.67,0.195,-2.8,0.498
3400.85,0.209,-2.801,0.514
3401.3,0.199,-2.804,0.533
3401.21,0.183,-2.805,0.541
3401.4,0.205,-2.808,0.557
3401.58,0.198,-2.805,0.545
3401.76,0.224,-2.808,0.547
3401.94,0.163,-2.811,0.583
3402.13,0.236,-2.813,0.633
3402.31,0.17,-2.81,0.628
3402.49,0.258,-2.812,0.631
3402.67,0.194,-2.81,0.608
3402.86,0.215,-2.813,0.583
3403.4,0.199,-2.814,0.591
3403.22,0.189,-2.815,0.588
3403.4,0.221,-2.815,0.579
3403.58,0.181,-2.813,0.576
3403.77,0.211,-2.816,0.577
3403.95,0.209,-2.816,0.565
3404.13,0.176,-2.815,0.572
3404.31,0.206,-2.818,0.561
3404.5,0.184,-2.819,0.602
3404.68,0.234,-2.821,0.603
3404.86,0.204,-2.824,0.607
3405.4,0.202,-2.825,0.636
3405.22,0.2,-2.823,0.608
3405.41,0.197,-2.825,0.623
3405.59,0.184,-2.824,0.646
3405.77,0.205,-2.824,0.638
3405.95,0.197,-2.824,0.634
3406.14,0.206,-2.825,0.603
3406.32,0.209,-2.827,0.596
3406.5,0.201,-2.83,0.566
3406.68,0.191,-2.831,0.606
3406.87,0.215,-2.835,0.61
3407.5,0.192,-2.838,0.622
3407.23,0.201,-2.841,0.635
3407.41,0.201,-2.845,0.673
3407.59,0.193,-2.847,0.634
3407.78,0.197,-2.846,0.632
3407.96,0.218,-2.846,0.662
3408.14,0.19,-2.847,0.678
3408.32,0.21,-2.846,0.67
3408.51,0.211,-2.848,0.643
3408.69,0.23,-2.849,0.622
3408.87,0.193,-2.848,0.596
3409.5,0.193,-2.848,0.593
3409.23,0.202,-2.849,0.577
3409.42,0.209,-2.852,0.539
3409.6,0.206,-2.855,0.539
3409.78,0.193,-2.856,0.56
3409.96,0.216,-2.854,0.53
3410.15,0.192,-2.853,0.542
3410.33,0.212,-2.855,0.566
3410.51,0.183,-2.855,0.566
3410.69,0.211,-2.854,0.577
3410.88,0.19,-2.855,0.598
3411.6,0.197,-2.855,0.576
3411.24,0.196,-2.857,0.55
3411.42,0.202,-2.855,0.558
3411.6,0.231,-2.856,0.613
3411.79,0.184,-2.856,0.592
3411.97,0.216,-2.856,0.569
3412.15,0.186,-2.854,0.57
3412.33,0.207,-2.856,0.562
3412.52,0.224,-2.857,0.551
3412.7,0.19,-2.857,0.578
3412.88,0.078,-0.135,1.235
3413.6,0.178,-0.118,1.204
3413.24,0.192,-0.117,1.202
3413.43,0.208,-0.12,1.189
3413.61,0.21,-0.123,1.168
3413.79,0.197,-0.125,1.158
3413.97,0.184,-0.127,1.16
3414.16,0.184,-0.127,1.164
3414.34,0.181,-0.127,1.173
3414.52,0.195,-0.128,1.171
3414.7,0.182,-0.128,1.184
3414.89,0.19,-0.13,1.169
3415.7,0.182,-0.131,1.186
3415.25,0.184,-0.132,1.195
3415.43,0.206,-0.132,1.194
3415.61,0.192,-0.137,1.189
3415.8,0.202,-0.138,1.196
3415.98,0.199,-0.143,1.188
3417.26,0.204,-0.147,1.242
3417.44,0.186,-0.151,1.285
3417.62,0.177,-0.152,1.297
3417.8,0.182,-0.156,1.328
3417.98,0.188,-0.154,1.347
3418.17,0.191,-0.154,1.33
3418.35,0.22,-0.153,1.28
3418.53,0.168,-0.154,1.254
3418.71,0.193,-0.153,1.243
3418.9,0.183,-0.153,1.23
3419.8,0.187,-0.152,1.211
3419.26,0.205,-0.154,1.202
3419.44,0.197,-0.156,1.173
3419.62,0.179,-0.157,1.198
3419.81,0.204,-0.156,1.195
3419.99,0.186,-0.156,1.213
3420.17,0.204,-0.159,1.189
3420.35,0.205,-0.157,1.198
3420.54,0.204,-0.158,1.203
3420.72,0.195,-0.158,1.213
3420.9,0.182,-0.158,1.213
3421.8,0.194,-0.159,1.181
3421.27,0.192,-0.157,1.19
3421.45,0.175,-0.157,1.195
3421.63,0.21,-0.161,1.188
3421.81,0.186,-0.162,1.185
3421.99,0.203,-0.164,1.201
3422.18,0.199,-0.165,1.183
3422.36,0.192,-0.166,1.211
3422.54,0.19,-0.164,1.196
3422.72,0.203,-0.169,1.209
3422.91,0.166,-0.168,1.213
3424.18,0.189,-0.167,1.201
3424.36,0.179,-0.168,1.204
3424.55,0.196,-0.167,1.201
3424.73,0.185,-0.169,1.209
3424.91,0.205,-0.169,1.217
3425.9,0.188,-0.17,1.199
3425.28,0.203,-0.173,1.202
3425.46,0.185,-0.174,1.195
3425.64,0.198,-0.179,1.194
3425.82,0.193,-0.179,1.205
3426.0,0.188,-0.176,1.198
3426.19,0.192,-0.178,1.192
3426.37,0.175,-0.18,1.189
3426.55,0.21,-0.18,1.211
3426.73,0.199,-0.179,1.206
3426.92,0.204,-0.179,1.193
3427.1,0.187,-0.179,1.201
3427.28,0.19,-0.178,1.175
3427.46,0.187,-0.177,1.175
3427.64,0.202,-0.179,1.181
3427.83,0.187,-0.181,1.19
3428.1,0.205,-0.179,1.173
3428.19,0.188,-0.18,1.171
3428.37,0.203,-0.182,1.197
3428.56,0.195,-0.183,1.183
3428.74,0.219,-0.186,1.196
3428.92,0.172,-0.188,1.193
3429.1,0.209,-0.191,1.192
3429.28,0.194,-0.193,1.171
3429.47,0.209,-0.192,1.183
3429.65,0.191,-0.195,1.179
3429.83,0.194,-0.196,1.166
3430.1,0.184,-0.199,1.19
3430.2,0.191,-0.199,1.194
3430.38,0.2,-0.198,1.223
3430.56,0.171,-0.199,1.221
3430.74,0.189,-0.199,1.211
3430.93,0.194,-0.2,1.217
3431.11,0.175,-0.201,1.227
3431.29,0.215,-0.199,1.226
3431.47,0.181,-0.198,1.222
3431.65,0.188,-0.195,1.195
3431.84,0.178,-0.197,1.207
3432.2,0.196,-0.195,1.207
3432.2,0.19,-0.196,1.224
3432.38,0.19,-0.197,1.23
3432.57,0.178,-0.2,1.235
3432.75,0.189,-0.201,1.225
3432.93,0.213,-0.204,1.222
3433.11,0.183,-0.204,1.219
3433.29,0.19,-0.208,1.24
3433.48,0.2,-0.209,1.23
3433.66,0.179,-0.214,1.216
3433.84,0.196,-0.214,1.223
3434.2,0.181,-0.216,1.224
3434.21,0.181,-0.216,1.226
3434.39,0.18,-0.22,1.229
3434.57,0.204,-0.221,1.261
3436.39,0.232,-0.232,1.193
3436.58,0.141,-0.229,1.181
3436.76,0.223,-0.231,1.188
3436.94,0.151,-0.227,1.168
3437.12,0.228,-0.23,1.184
3437.3,0.179,-0.231,1.177
3437.49,0.206,-0.231,1.17
3437.67,0.2,-0.237,1.177
3437.85,0.191,-0.237,1.168
3438.3,0.192,-0.238,1.185
3438.22,0.203,-0.238,1.21
3438.4,0.173,-0.238,1.208
3438.58,0.204,-0.238,1.2
3438.76,0.187,-0.24,1.188
3438.94,0.183,-0.238,1.202
3439.13,0.164,-0.237,1.236
3439.31,0.215,-0.241,1.221
3439.49,0.182,-0.244,1.231
3439.67,0.173,-0.246,1.204
3439.86,0.21,-0.245,1.238
3440.4,0.172,-0.245,1.214
3440.22,0.208,-0.246,1.25
3440.4,0.169,-0.248,1.247
3440.58,0.201,-0.25,1.237
3440.77,0.176,-0.249,1.229
3440.95,0.208,-0.248,1.228
3441.13,0.192,-0.248,1.211
3441.31,0.175,-0.249,1.206
3441.5,0.206,-0.249,1.191
3445.51,0.168,-0.261,1.193
3445.69,0.192,-0.263,1.165
3445.87,0.19,-0.265,1.165
3446.5,0.168,-0.265,1.19
3446.24,0.185,-0.266,1.233
3446.42,0.176,-0.265,1.261
3446.6,0.198,-0.271,1.238
3446.78,0.186,-0.269,1.227
3446.96,0.209,-0.269,1.253
3447.15,0.166,-0.268,1.258
3447.33,0.196,-0.271,1.296
3447.51,0.168,-0.269,1.271
3447.69,0.207,-0.269,1.264
3447.88,0.162,-0.27,1.263
3448.6,0.24,-0.271,1.291
3448.24,0.161,-0.271,1.286
3448.42,0.207,-0.271,1.271
3448.6,0.16,-0.271,1.235
3448.79,0.199,-0.272,1.213
3448.97,0.167,-0.27,1.192
3449.15,0.213,-0.269,1.216
3449.33,0.169,-0.268,1.22
3449.52,0.194,-0.27,1.218
3449.7,0.17,-0.271,1.233
3449.88,0.188,-0.271,1.22
3450.6,0.177,-0.273,1.217
3450.24,0.192,-0.275,1.197
3450.43,0.17,-0.272,1.19
3450.61,0.179,-0.27,1.201
3450.79,0.199,-0.273,1.202
3450.97,0.189,-0.275,1.185
3451.16,0.184,-0.277,1.198
3451.34,0.198,-0.282,1.248
3451.52,0.181,-0.285,1.275
3451.7,0.19,-0.288,1.264
3451.89,0.179,-0.289,1.233
3452.7,0.197,-0.293,1.222
3452.25,0.187,-0.296,1.21
3452.43,0.205,-0.297,1.204
3452.61,0.188,-0.303,1.209
3452.8,0.195,-0.307,1.21
3452.98,0.177,-0.309,1.195
3453.16,0.203,-0.313,1.196
3453.34,0.175,-0.309,1.186
3453.53,0.183,-0.311,1.229
3453.71,0.175,-0.313,1.214
3453.89,0.194,-0.316,1.23
3455.17,0.169,-0.327,1.199
3455.35,0.203,-0.326,1.194
3455.53,0.172,-0.329,1.185
3455.71,0.195,-0.329,1.192
3455.9,0.183,-0.33,1.205
3456.8,0.199,-0.331,1.198
3456.26,0.185,-0.329,1.203
3456.44,0.181,-0.33,1.203
3456.62,0.181,-0.331,1.213
3456.81,0.188,-0.337,1.206
3456.99,0.202,-0.342,1.212
3457.17,0.191,-0.341,1.224
3457.35,0.199,-0.34,1.21
3457.54,0.172,-0.339,1.212
3457.72,0.19,-0.343,1.201
3457.9,0.196,-0.344,1.2
3458.8,0.191,-0.344,1.19
3458.26,0.194,-0.345,1.218
3458.45,0.181,-0.347,1.209
3458.63,0.177,-0.348,1.2
3458.81,0.179,-0.345,1.213
3458.99,0.188,-0.347,1.226
3459.18,0.186,-0.35,1.233
3459.36,0.183,-0.351,1.21
3459.54,0.183,-0.353,1.227
3459.72,0.186,-0.354,1.233
3459.9,0.194,-0.355,1.216
3460.9,0.178,-0.354,1.208
3460.27,0.202,-0.356,1.232
3460.45,0.168,-0.356,1.207
3460.63,0.19,-0.357,1.202
3460.82,0.182,-0.358,1.201
3461.0,0.176,-0.357,1.209
3461.18,0.193,-0.358,1.204
3461.36,0.198,-0.356,1.206
3461.55,0.197,-0.356,1.21
3461.73,0.198,-0.356,1.218
3461.91,0.191,-0.357,1.23
3462.9,0.195,-0.358,1.241
3462.27,0.178,-0.356,1.231
3462.46,0.206,-0.357,1.239
3462.64,0.185,-0.357,1.253
3464.1,0.179,-0.369,1.223
3464.28,0.184,-0.372,1.22
3464.46,0.191,-0.373,1.239
3464.64,0.194,-0.376,1.232
3464.83,0.196,-0.38,1.219
3465.1,0.184,-0.384,1.207
3465.19,0.17,-0.386,1.203
3465.37,0.186,-0.387,1.197
3465.55,0.174,-0.388,1.181
3465.74,0.187,-0.388,1.202
3465.92,0.181,-0.389,1.193
3466.1,0.202,-0.39,1.22
3466.28,0.165,-0.389,1.2
3466.47,0.213,-0.392,1.184
3466.65,0.173,-0.394,1.186
3466.83,0.191,-0.392,1.198
3467.1,0.165,-0.391,1.193
3467.2,0.209,-0.39,1.214
3467.38,0.154,-0.39,1.196
3467.56,0.183,-0.389,1.191
3467.74,0.204,-0.39,1.178
3467.92,0.18,-0.388,1.182
3468.11,0.194,-0.388,1.164
3468.29,0.174,-0.388,1.165
3468.47,0.195,-0.389,1.184
3468.65,0.183,-0.39,1.176
3468.84,0.201,-0.388,1.188
3469.2,0.206,-0.385,1.193
3469.2,0.179,-0.384,1.169
3469.38,0.206,-0.382,1.161
3469.56,0.178,-0.383,1.183
3469.75,0.2,-0.385,1.162
3469.93,0.174,-0.385,1.168
3470.11,0.21,-0.387,1.164
3470.29,0.173,-0.387,1.17
3470.48,0.197,-0.388,1.188
3470.66,0.184,-0.387,1.18
3470.84,0.167,-0.388,1.177
3471.2,0.204,-0.391,1.193
3471.2,0.161,-0.388,1.181
3471.39,0.189,-0.385,1.167
3471.57,0.197,-0.383,1.187
3472.12,0.187,-0.389,1.177
3472.3,0.198,-0.389,1.167
3472.48,0.198,-0.391,1.187
3472.66,0.189,-0.392,1.166
3472.85,0.167,-0.393,1.212
3473.3,0.186,-0.395,1.193
3473.21,0.174,-0.398,1.16
3473.39,0.228,-0.402,1.163
3473.57,0.148,-0.401,1.167
3473.76,0.212,-0.398,1.207
3473.94,0.176,-0.401,1.232
3474.12,0.145,-0.401,1.239
3474.3,0.185,-0.403,1.202
3474.49,0.188,-0.404,1.22
3474.67,0.175,-0.407,1.25
3474.85,0.215,-0.406,1.29
3475.3,0.172,-0.406,1.276
3475.21,0.208,-0.408,1.248
3475.4,0.184,-0.408,1.251
3475.58,0.2,-0.408,1.254
3475.76,0.166,-0.411,1.283
3475.94,0.202,-0.411,1.295
3476.13,0.217,-0.414,1.281
3476.31,0.172,-0.416,1.287
3476.49,0.23,-0.419,1.255
3476.67,0.164,-0.42,1.268
3476.85,0.213,-0.422,1.262
3477.4,0.164,-0.422,1.265
3477.22,0.197,-0.42,1.238
3477.4,0.193,-0.421,1.27
3477.58,0.181,-0.426,1.225
3477.77,0.186,-0.429,1.226
3477.95,0.175,-0.43,1.265
3478.13,0.209,-0.433,1.205
3478.31,0.209,-0.437,1.171
3478.5,0.179,-0.435,1.16
3478.68,0.251,-0.435,1.215
3478.86,0.161,-0.432,1.148
3479.4,0.221,-0.435,1.204
3479.22,0.155,-0.433,1.204
3479.41,0.222,-0.435,1.206
3479.59,0.163,-0.436,1.181
3479.77,0.186,-0.435,1.207
3479.95,0.185,-0.434,1.19
3480.14,0.182,-0.435,1.2
3480.32,0.17,-0.442,1.221
3480.5,0.166,-0.443,1.203
3480.68,0.166,-0.446,1.207
3480.86,0.225,-0.446,1.192
3481.5,0.184,-0.45,1.182
3481.23,0.192,-0.454,1.211
3481.41,0.142,-0.457,1.179
3481.59,0.234,-0.454,1.199
3481.78,0.197,-0.452,1.161
3481.96,0.211,-0.449,1.195
3482.14,0.2,-0.453,1.186
3482.32,0.21,-0.456,1.184
3482.5,0.144,-0.459,1.204
3482.69,0.228,-0.459,1.229
3482.87,0.18,-0.464,1.228
3483.5,0.196,-0.467,1.236
3483.23,0.167,-0.469,1.202
3483.42,0.214,-0.468,1.211
3483.6,0.186,-0.469,1.199
3483.78,0.187,-0.473,1.185
3483.96,0.2,-0.475,1.187
3484.14,0.193,-0.474,1.211
3484.33,0.25,-0.475,1.207
3484.51,0.171,-0.478,1.204
3484.69,0.223,-0.481,1.185
3484.87,0.183,-0.482,1.216
3485.6,0.223,-0.481,1.198
3485.24,0.195,-0.48,1.218
3485.42,0.197,-0.484,1.187
3485.6,0.192,-0.487,1.212
3485.78,0.186,-0.485,1.204
3485.97,0.211,-0.483,1.224
3486.15,0.208,-0.484,1.209
3486.33,0.204,-0.486,1.177
3486.51,0.187,-0.487,1.221
3486.7,0.165,-0.485,1.172
3486.88,0.209,-0.487,1.187
3487.6,0.202,-0.485,1.189
3487.24,0.203,-0.485,1.21
3487.43,0.185,-0.483,1.231
3487.61,0.201,-0.483,1.232
3487.79,0.152,-0.484,1.261
3487.97,0.198,-0.483,1.262
3488.15,0.178,-0.48,1.267
3488.34,0.171,-0.478,1.316
3488.52,0.2,-0.482,1.305
3488.7,0.143,-0.485,1.333
3488.88,0.237,-0.486,1.297
3489.7,0.145,-0.483,1.327
3489.25,0.21,-0.481,1.278
3489.43,0.15,-0.48,1.308
3489.61,0.223,-0.481,1.267
3489.79,0.157,-0.483,1.254
3489.98,0.205,-0.479,1.206
3490.16,0.206,-0.479,1.239
3490.34,0.16,-0.476,1.183
3490.52,0.198,-0.478,1.206
3490.71,0.204,-0.481,1.196
3490.89,0.188,-0.482,1.209
3491.7,0.162,-0.48,1.2
3491.25,0.211,-0.48,1.198
3491.43,0.175,-0.483,1.201
3491.62,0.205,-0.484,1.215
3491.8,0.189,-0.485,1.204
3495.63,0.18,-0.485,1.184
3495.81,0.184,-0.486,1.174
3495.99,0.167,-0.486,1.202
3496.17,0.194,-0.487,1.193
3496.36,0.188,-0.49,1.194
3496.54,0.167,-0.491,1.19
3496.72,0.195,-0.492,1.211
3496.9,0.17,-0.495,1.217
3497.8,0.211,-0.496,1.223
3497.27,0.201,-0.498,1.228
3497.45,0.172,-0.496,1.226
3497.63,0.216,-0.495,1.236
3497.81,0.183,-0.497,1.241
3498.0,0.184,-0.496,1.224
3498.18,0.197,-0.498,1.225
3498.36,0.172,-0.499,1.239
3498.54,0.202,-0.496,1.211
3500.91,0.21,-0.494,1.2
3501.9,0.187,-0.493,1.192
3501.28,0.216,-0.495,1.191
3501.46,0.159,-0.493,1.177
3501.64,0.203,-0.496,1.203
3501.82,0.201,-0.498,1.18
3502.0,0.196,-0.497,1.207
3502.19,0.197,-0.494,1.196
3502.37,0.176,-0.493,1.178
3502.55,0.2,-0.491,1.195
3502.73,0.195,-0.492,1.198
3502.92,0.198,-0.495,1.192
3503.1,0.189,-0.498,1.199
3503.28,0.18,-0.5,1.183
3503.46,0.171,-0.502,1.214
3503.65,0.2,-0.5,1.224
3503.83,0.204,-0.5,1.208
3504.1,0.195,-0.503,1.209
3504.19,0.189,-0.504,1.199
3504.37,0.189,-0.508,1.197
3504.56,0.184,-0.511,1.203
3504.74,0.172,-0.514,1.224
3504.92,0.196,-0.514,1.214
3505.1,0.176,-0.514,1.204
3505.29,0.203,-0.517,1.2
3505.47,0.194,-0.518,1.221
3505.65,0.199,-0.52,1.203
3505.83,0.184,-0.52,1.201
3506.1,0.204,-0.52,1.204
3506.2,0.189,-0.522,1.17
3506.38,0.201,-0.523,1.181
3506.56,0.189,-0.525,1.2
3506.74,0.189,-0.528,1.201
3506.93,0.199,-0.529,1.207
3507.11,0.194,-0.526,1.231
3507.29,0.182,-0.526,1.223
3507.47,0.2,-0.528,1.207
3507.65,0.189,-0.529,1.238
3507.84,0.188,-0.532,1.223
3508.2,0.197,-0.533,1.215
3508.2,0.192,-0.532,1.226
3508.38,0.189,-0.532,1.231
3508.57,0.202,-0.533,1.203
3508.75,0.182,-0.533,1.199
3508.93,0.178,-0.532,1.197
3509.11,0.196,-0.536,1.198
3509.29,0.191,-0.538,1.217
3509.48,0.197,-0.537,1.2
3509.66,0.179,-0.537,1.187
3509.84,0.205,-0.536,1.212
3510.2,0.187,-0.536,1.218
3510.21,0.192,-0.538,1.215
3510.39,0.193,-0.539,1.219
3510.57,0.188,-0.539,1.198
3510.75,0.182,-0.539,1.217
3510.94,0.195,-0.541,1.255
3511.12,0.187,-0.541,1.222
3511.3,0.19,-0.541,1.215
3511.48,0.195,-0.544,1.193
3511.85,0.202,-0.546,1.195
3512.3,0.183,-0.546,1.183
3512.21,0.178,-0.55,1.19
3512.39,0.188,-0.549,1.203
3512.58,0.179,-0.551,1.197
3512.76,0.182,-0.553,1.174
3512.94,0.185,-0.554,1.175
3513.12,0.201,-0.553,1.176
3513.3,0.189,-0.553,1.181
3513.49,0.178,-0.553,1.189
3513.67,0.199,-0.556,1.189
3518.95,0.182,-0.559,1.214
3519.14,0.191,-0.557,1.215
3519.32,0.209,-0.56,1.185
3519.5,0.191,-0.563,1.196
3519.68,0.199,-0.567,1.202
3519.87,0.195,-0.567,1.181
3520.5,0.185,-0.565,1.181
3520.23,0.203,-0.569,1.187
3520.41,0.165,-0.571,1.186
3520.6,0.18,-0.573,1.184
3520.78,0.187,-0.572,1.177
3520.96,0.184,-0.573,1.19
3521.14,0.177,-0.576,1.179
3521.32,0.202,-0.577,1.185
3521.51,0.176,-0.573,1.188
3521.69,0.179,-0.574,1.187
3521.87,0.179,-0.575,1.202
3522.5,0.19,-0.582,1.206
3522.24,0.187,-0.584,1.196
3522.42,0.183,-0.588,1.22
3522.6,0.188,-0.589,1.215
3522.78,0.193,-0.591,1.218
3522.96,0.175,-0.589,1.233
3523.15,0.188,-0.588,1.221
3523.33,0.173,-0.591,1.228
3524.42,0.194,-0.597,1.213
3524.61,0.191,-0.599,1.207
3524.79,0.188,-0.601,1.226
3524.97,0.193,-0.599,1.213
3525.15,0.188,-0.601,1.202
3525.33,0.173,-0.604,1.205
3525.52,0.191,-0.602,1.203
3525.7,0.184,-0.604,1.206
3525.88,0.189,-0.609,1.191
3526.6,0.186,-0.61,1.208
3526.25,0.192,-0.615,1.216
3526.43,0.176,-0.619,1.211
3526.61,0.192,-0.62,1.199
3526.79,0.177,-0.621,1.201
3526.97,0.179,-0.624,1.2
3527.16,0.185,-0.622,1.21
3527.34,0.189,-0.624,1.197
3527.52,0.178,-0.626,1.192
3527.7,0.181,-0.628,1.188
3527.89,0.205,-0.63,1.192
3528.7,0.181,-0.634,1.193
3528.25,0.184,-0.633,1.185
3528.43,0.177,-0.633,1.174
3528.62,0.195,-0.635,1.186
3528.8,0.185,-0.634,1.189
3528.98,0.198,-0.633,1.182
3529.16,0.18,-0.633,1.184
3529.34,0.186,-0.632,1.174
3529.53,0.204,-0.632,1.181
3529.71,0.198,-0.63,1.169
3529.89,0.204,-0.627,1.179
3530.7,0.182,-0.629,1.178
3530.26,0.191,-0.631,1.183
3530.44,0.193,-0.629,1.183
3530.62,0.188,-0.629,1.185
3530.8,0.191,-0.629,1.175
3530.98,0.206,-0.625,1.171
3531.17,0.197,-0.624,1.184
3531.35,0.196,-0.627,1.178
3531.53,0.194,-0.625,1.183
3531.71,0.188,-0.625,1.178
3531.9,0.171,-0.625,1.189
3532.8,0.174,-0.625,1.176
3532.26,0.189,-0.622,1.177
3532.44,0.184,-0.622,1.181
3532.63,0.181,-0.623,1.18
3532.81,0.184,-0.625,1.167
3532.99,0.196,-0.625,1.172
3533.17,0.193,-0.624,1.176
3533.35,0.183,-0.626,1.178
3533.54,0.186,-0.625,1.169
3533.72,0.19,-0.626,1.179
3533.9,0.192,-0.628,1.156
3534.8,0.183,-0.629,1.171
3534.27,0.192,-0.628,1.175
3534.45,0.19,-0.627,1.172
3534.63,0.184,-0.629,1.178
3534.81,0.17,-0.63,1.183
3535.0,0.167,-0.634,1.189
3535.18,0.179,-0.637,1.188
3535.36,0.192,-0.639,1.208
3535.54,0.197,-0.639,1.211
3535.72,0.199,-0.642,1.199
3535.91,0.181,-0.642,1.206
3536.9,0.182,-0.64,1.202
3536.27,0.205,-0.639,1.209
3536.45,0.187,-0.638,1.193
3537.55,0.185,-0.645,1.166
3537.73,0.187,-0.645,1.145
3537.91,0.191,-0.648,1.188
3538.9,0.194,-0.649,1.157
3538.28,0.183,-0.653,1.173
3538.46,0.191,-0.656,1.185
3538.64,0.193,-0.655,1.214
3538.82,0.188,-0.656,1.227
3539.1,0.176,-0.655,1.21
3539.19,0.199,-0.649,1.226
3539.37,0.208,-0.649,1.211
3539.55,0.2,-0.648,1.219
3539.73,0.194,-0.65,1.219
3539.92,0.191,-0.65,1.236
3540.1,0.19,-0.649,1.291
3540.28,0.202,-0.649,1.268
3540.46,0.183,-0.651,1.255
3540.65,0.186,-0.656,1.214
3540.83,0.187,-0.659,1.221
3541.1,0.188,-0.661,1.207
3541.19,0.203,-0.661,1.206
3544.66,0.187,-0.662,1.166
3544.84,0.174,-0.662,1.16
3545.2,0.18,-0.664,1.162
3545.2,0.195,-0.666,1.163
3545.38,0.193,-0.667,1.171
3545.57,0.186,-0.668,1.167
3545.75,0.199,-0.671,1.185
3545.93,0.199,-0.669,1.189
3546.11,0.171,-0.669,1.183
3546.3,0.213,-0.668,1.179
3546.48,0.188,-0.667,1.206
3546.66,0.198,-0.665,1.2
3546.84,0.198,-0.664,1.188
3547.3,0.173,-0.664,1.194
3547.21,0.168,-0.666,1.213
3547.39,0.209,-0.666,1.229
3547.57,0.176,-0.664,1.211
3547.75,0.204,-0.664,1.197
3547.94,0.189,-0.664,1.209
3548.12,0.205,-0.665,1.219
3548.3,0.169,-0.666,1.21
3548.48,0.2,-0.667,1.202
3548.67,0.169,-0.669,1.208
3548.85,0.191,-0.67,1.194
3549.3,0.181,-0.67,1.211
3549.21,0.182,-0.671,1.208
3549.4,0.186,-0.67,1.206
3549.58,0.19,-0.673,1.217
3549.76,0.182,-0.674,1.221
3549.94,0.175,-0.672,1.196
3550.12,0.175,-0.674,1.192
3550.31,0.205,-0.675,1.169
3550.49,0.19,-0.677,1.172
3550.67,0.174,-0.68,1.179
3550.85,0.189,-0.681,1.171
3551.4,0.188,-0.681,1.207
3551.22,0.176,-0.681,1.208
3551.4,0.201,-0.676,1.202
3551.58,0.188,-0.676,1.192
3551.76,0.18,-0.677,1.218
3551.95,0.172,-0.678,1.199
3552.13,0.163,-0.676,1.203
3552.31,0.198,-0.678,1.2
3552.49,0.197,-0.68,1.191
3552.68,0.187,-0.679,1.184
3552.86,0.189,-0.683,1.189
3553.4,0.189,-0.684,1.189
3553.22,0.164,-0.683,1.208
3553.41,0.19,-0.68,1.195
3553.59,0.188,-0.681,1.191
3553.77,0.163,-0.683,1.191
3555.41,0.193,-0.691,1.161
3555.59,0.193,-0.694,1.162
3555.77,0.181,-0.694,1.161
3555.96,0.191,-0.694,1.15
3556.14,0.181,-0.694,1.155
3556.32,0.19,-0.694,1.15
3556.5,0.17,-0.694,1.167
3556.69,0.165,-0.695,1.159
3556.87,0.213,-0.696,1.168
3557.5,0.162,-0.692,1.164
3557.23,0.223,-0.693,1.174
3557.42,0.145,-0.693,1.167
3557.6,0.201,-0.693,1.168
3557.78,0.183,-0.696,1.157
3557.96,0.202,-0.698,1.151
3558.14,0.205,-0.703,1.182
3558.33,0.18,-0.705,1.162
3558.51,0.188,-0.709,1.163
3558.69,0.18,-0.711,1.159
3558.87,0.175,-0.711,1.175
3559.42,0.184,-0.715,1.169
3559.6,0.202,-0.717,1.189
3559.78,0.178,-0.72,1.191
3559.97,0.183,-0.723,1.195
3560.15,0.185,-0.725,1.188
3560.33,0.181,-0.727,1.206
3560.51,0.209,-0.727,1.205
3560.7,0.193,-0.73,1.196
3560.88,0.183,-0.729,1.205
3561.6,0.18,-0.725,1.211
3561.24,0.187,-0.728,1.2
3561.43,0.178,-0.73,1.208
3561.61,0.181,-0.735,1.218
3561.79,0.187,-0.734,1.215
3561.97,0.19,-0.734,1.2
3562.15,0.174,-0.735,1.198
3562.34,0.2,-0.736,1.2
3562.52,0.166,-0.734,1.194
3562.7,0.201,-0.736,1.179
3562.88,0.193,-0.736,1.183
3563.7,0.192,-0.735,1.165
3563.25,0.194,-0.738,1.18
3563.43,0.173,-0.741,1.189
3563.61,0.182,-0.743,1.189
3563.79,0.191,-0.742,1.184
3563.98,0.154,-0.74,1.197
3564.16,0.212,-0.74,1.193
3564.34,0.173,-0.74,1.186
3564.52,0.217,-0.741,1.18
3564.71,0.169,-0.743,1.186
3564.89,0.199,-0.746,1.199
3565.7,0.188,-0.749,1.188
3565.25,0.18,-0.746,1.195
3565.44,0.181,-0.745,1.189
3565.62,0.199,-0.745,1.208
3565.8,0.175,-0.747,1.179
3565.98,0.207,-0.753,1.199
3566.16,0.186,-0.757,1.19
3566.35,0.191,-0.762,1.186
3566.53,0.212,-0.764,1.186
3566.71,0.179,-0.764,1.189
3566.89,0.19,-0.763,1.191
3567.8,0.209,-0.765,1.199
3567.26,0.175,-0.768,1.194
3567.44,0.196,-0.769,1.208
3567.62,0.183,-0.768,1.198
3567.8,0.207,-0.768,1.196
3567.99,0.19,-0.768,1.192
3568.17,0.18,-0.767,1.211
3568.35,0.211,-0.766,1.192
3568.53,0.181,-0.768,1.187
3568.72,0.184,-0.77,1.172
3568.9,0.219,-0.774,1.191
3569.8,0.182,-0.779,1.171
3569.26,0.201,-0.783,1.182
3569.45,0.172,-0.787,1.18
3569.63,0.218,-0.787,1.178
3569.81,0.186,-0.787,1.187
3569.99,0.201,-0.787,1.198
3570.17,0.158,-0.789,1.195
3570.36,0.179,-0.791,1.177
3570.54,0.208,-0.792,1.185
3570.72,0.177,-0.79,1.188
3570.9,0.209,-0.794,1.187
3571.9,0.178,-0.796,1.18
3571.27,0.186,-0.794,1.188
3571.45,0.179,-0.794,1.188
3571.63,0.21,-0.792,1.176
3571.81,0.182,-0.796,1.19
3572.0,0.196,-0.798,1.206
3572.18,0.19,-0.799,1.197
3572.36,0.189,-0.799,1.213
3572.54,0.188,-0.8,1.213
3572.73,0.186,-0.803,1.218
3572.91,0.202,-0.804,1.19
3573.9,0.194,-0.805,1.191
3573.27,0.198,-0.806,1.195
3573.46,0.198,-0.81,1.19
3573.64,0.186,-0.81,1.184
3573.82,0.21,-0.812,1.206
3574.0,0.197,-0.815,1.207
3574.18,0.203,-0.815,1.202
3574.37,0.182,-0.817,1.225
3574.55,0.168,-0.82,1.213
3574.73,0.171,-0.823,1.202
3574.91,0.182,-0.826,1.204
3575.1,0.183,-0.827,1.2
3575.28,0.189,-0.828,1.201
3575.46,0.202,-0.828,1.207
3575.64,0.212,-0.828,1.178
3575.82,0.169,-0.83,1.151
3576.1,0.2,-0.833,1.175
3576.19,0.187,-0.832,1.167
3576.37,0.2,-0.832,1.181
3576.55,0.182,-0.83,1.175
3576.74,0.189,-0.83,1.164
3576.92,0.197,-0.827,1.193
3577.1,0.187,-0.83,1.174
3577.28,0.209,-0.827,1.205
3577.46,0.19,-0.828,1.191
3577.65,0.171,-0.828,1.193
3577.83,0.192,-0.827,1.19
3578.1,0.183,-0.828,1.192
3578.19,0.194,-0.83,1.198
3578.38,0.181,-0.834,1.193
3578.56,0.181,-0.836,1.202
3578.74,0.191,-0.836,1.206
3578.92,0.169,-0.838,1.209
3579.11,0.203,-0.841,1.203
3579.29,0.181,-0.84,1.208
3579.47,0.207,-0.841,1.198
3579.65,0.177,-0.843,1.201
3579.83,0.176,-0.846,1.199
3580.93,0.201,-0.842,1.224
3581.11,0.182,-0.842,1.235
3581.29,0.193,-0.845,1.231
3581.47,0.19,-0.845,1.224
3581.66,0.202,-0.846,1.233
3581.84,0.173,-0.845,1.223
3582.2,0.188,-0.845,1.199
3582.2,0.183,-0.843,1.224
3582.39,0.198,-0.846,1.211
3582.57,0.198,-0.85,1.208
3582.75,0.219,-0.85,1.19
3582.93,0.197,-0.853,1.194
3583.11,0.213,-0.854,1.201
3583.3,0.191,-0.856,1.182
3583.48,0.206,-0.859,1.171
3583.66,0.192,-0.858,1.176
3583.84,0.2,-0.86,1.17
3584.3,0.186,-0.861,1.172
3584.21,0.198,-0.86,1.205
3584.39,0.174,-0.862,1.194
3584.57,0.213,-0.866,1.192
3584.76,0.216,-0.867,1.191
3584.94,0.198,-0.87,1.211
3585.12,0.183,-0.871,1.234
3585.3,0.205,-0.87,1.239
3586.21,0.208,-0.876,1.246
3586.4,0.191,-0.876,1.216
3586.58,0.208,-0.879,1.2
3586.76,0.206,-0.881,1.194
3586.94,0.196,-0.881,1.218
3587.12,0.199,-0.883,1.228
3587.31,0.201,-0.884,1.241
3587.49,0.189,-0.888,1.21
3587.67,0.217,-0.891,1.216
3587.85,0.181,-0.893,1.21
3588.4,0.206,-0.893,1.196
3588.22,0.197,-0.893,1.196
3588.4,0.192,-0.894,1.192
3588.58,0.197,-0.894,1.193
3588.77,0.19,-0.894,1.194
3588.95,0.188,-0.895,1.188
3589.13,0.203,-0.897,1.192
3589.31,0.208,-0.9,1.194
3589.49,0.201,-0.899,1.187
3589.68,0.176,-0.897,1.179
3589.86,0.189,-0.895,1.191
3590.4,0.202,-0.898,1.226
3590.22,0.187,-0.894,1.22
3590.41,0.192,-0.896,1.206
3590.59,0.203,-0.897,1.231
3591.5,0.187,-0.897,1.189
3591.68,0.18,-0.898,1.192
3591.86,0.193,-0.896,1.209
3592.5,0.191,-0.897,1.216
3592.23,0.198,-0.895,1.207
3592.41,0.204,-0.894,1.199
3592.59,0.197,-0.893,1.197
3592.78,0.197,-0.89,1.171
3592.96,0.176,-0.892,1.179
3593.14,0.194,-0.894,1.184
3593.32,0.184,-0.897,1.214
3593.5,0.195,-0.898,1.243
3593.69,0.181,-0.9,1.252
3593.87,0.194,-0.9,1.263
3594.5,0.188,-0.898,1.256
3594.23,0.198,-0.901,1.215
3594.42,0.202,-0.902,1.19
3594.6,0.196,-0.902,1.182
3594.78,0.186,-0.905,1.172
3594.96,0.194,-0.904,1.167
3595.14,0.186,-0.908,1.182
3595.33,0.192,-0.911,1.186
3595.51,0.173,-0.91,1.171
3595.69,0.174,-0.908,1.181
3595.87,0.193,-0.909,1.175
3596.6,0.201,-0.907,1.159
3596.24,0.179,-0.91,1.175
3596.42,0.199,-0.913,1.185
3596.6,0.179,-0.912,1.18
3596.79,0.196,-0.909,1.172
3596.97,0.181,-0.914,1.16
3597.15,0.187,-0.914,1.175
3597.33,0.202,-0.917,1.16
3597.51,0.193,-0.916,1.171
3597.7,0.182,-0.917,1.18
3597.88,0.193,-0.918,1.164
3598.6,0.209,-0.916,1.179
3598.24,0.181,-0.915,1.164
3598.43,0.199,-0.916,1.162
3598.61,0.189,-0.918,1.151
3598.79,0.173,-0.92,1.163
3598.97,0.185,-0.922,1.168
3599.16,0.174,-0.923,1.161
3599.34,0.2,-0.923,1.164
3599.52,0.196,-0.925,1.166
3599.7,0.189,-0.925,1.153
3599.88,0.189,-0.926,1.159
3600.7,0.176,-0.926,1.172
3600.25,0.184,-0.926,1.169
3600.43,0.187,-0.926,1.152
3600.61,0.19,-0.927,1.171
3600.8,0.172,-0.929,1.157
3600.98,0.191,-0.933,1.148
3601.16,0.184,-0.936,1.16
3601.34,0.182,-0.936,1.157
3601.53,0.182,-0.938,1.161
3601.71,0.183,-0.938,1.163
3601.89,0.189,-0.939,1.156
3602.7,0.19,-0.94,1.154
3602.25,0.184,-0.942,1.178
3602.44,0.201,-0.947,1.138
3602.62,0.185,-0.95,1.178
3602.8,0.177,-0.953,1.158
3602.98,0.182,-0.952,1.156
3603.17,0.193,-0.955,1.155
3603.35,0.189,-0.957,1.171
3603.53,0.18,-0.958,1.164
3603.71,0.173,-0.957,1.168
3603.9,0.195,-0.957,1.164
3604.8,0.204,-0.96,1.156
3604.26,0.185,-0.964,1.147
3604.44,0.206,-0.967,1.153
3604.62,0.19,-0.97,1.163
3604.81,0.186,-0.973,1.168
3604.99,0.188,-0.976,1.165
3605.17,0.197,-0.974,1.167
3605.35,0.184,-0.974,1.164
3605.54,0.201,-0.974,1.175
3605.72,0.195,-0.975,1.164
3605.9,0.193,-0.977,1.175
3606.8,0.2,-0.976,1.175
3606.26,0.188,-0.976,1.184
3606.45,0.184,-0.977,1.174
3606.63,0.169,-0.975,1.184
3606.81,0.176,-0.977,1.187
3606.99,0.19,-0.98,1.203
3607.18,0.19,-0.98,1.198
3607.36,0.189,-0.979,1.197
3607.54,0.198,-0.977,1.21
3607.72,0.176,-0.976,1.214
3607.91,0.194,-0.976,1.206
3608.9,0.182,-0.978,1.208
3608.27,0.197,-0.981,1.211
3608.45,0.186,-0.983,1.192
3608.63,0.195,-0.983,1.201
3608.82,0.187,-0.985,1.216
3609.0,0.188,-0.986,1.207
3609.18,0.19,-0.984,1.204
3609.36,0.201,-0.982,1.201
3609.55,0.198,-0.981,1.205
3609.73,0.19,-0.982,1.215
3609.91,0.184,-0.98,1.207
3610.9,0.183,-0.982,1.221
3612.28,0.185,-0.98,1.191
3612.46,0.179,-0.979,1.186
3612.65,0.174,-0.979,1.177
3612.83,0.185,-0.983,1.179
3613.1,0.175,-0.983,1.19
3613.19,0.203,-0.983,1.189
3613.37,0.168,-0.983,1.177
3613.56,0.202,-0.985,1.202
3613.74,0.164,-0.988,1.178
3613.92,0.189,-0.991,1.181
3614.1,0.183,-0.995,1.193
3614.29,0.196,-0.993,1.199
3614.47,0.19,-0.992,1.209
3614.65,0.181,-0.992,1.189
3614.83,0.186,-0.988,1.213
3615.2,0.187,-0.988,1.198
3615.2,0.189,-0.988,1.214
3615.38,0.184,-0.988,1.202
3615.56,0.188,-0.988,1.192
3615.75,0.189,-0.995,1.195
3619.76,0.209,-0.997,1.198
3619.94,0.192,-0.998,1.237
3620.12,0.19,-0.999,1.251
3620.3,0.2,-0.999,1.268
3620.49,0.187,-1.0,1.265
3620.67,0.195,-1.002,1.292
3620.85,0.192,-1.001,1.3
3621.3,0.192,-1.002,1.269
3621.21,0.194,-1.006,1.266
3621.4,0.184,-1.007,1.246
3621.58,0.204,-1.011,1.25
3621.76,0.194,-1.012,1.207
3621.94,0.184,-1.012,1.185
3622.13,0.208,-1.011,1.187
3622.31,0.195,-1.012,1.189
3623.58,0.203,-1.022,1.199
3623.77,0.186,-1.023,1.218
3623.95,0.182,-1.027,1.196
3624.13,0.219,-1.029,1.213
3624.31,0.199,-1.03,1.217
3624.5,0.208,-1.031,1.218
3624.68,0.172,-1.034,1.224
3624.86,0.207,-1.033,1.24
3625.4,0.18,-1.03,1.226
3625.22,0.22,-1.034,1.224
3625.41,0.196,-1.035,1.225
3625.59,0.179,-1.034,1.209
3625.77,0.2,-1.033,1.209
3625.95,0.191,-1.031,1.211
3627.23,0.187,-1.038,1.205
3627.41,0.202,-1.041,1.223
3627.59,0.183,-1.041,1.209
3627.78,0.202,-1.044,1.22
3627.96,0.189,-1.047,1.215
3628.14,0.188,-1.049,1.215
3628.32,0.183,-1.051,1.231
3628.51,0.184,-1.054,1.264
3628.69,0.208,-1.058,1.271
3628.87,0.199,-1.06,1.263
3629.5,0.218,-1.061,1.263
3629.23,0.176,-1.062,1.273
3629.42,0.195,-1.066,1.279
3629.6,0.194,-1.066,1.279
3629.78,0.209,-1.066,1.288
3629.96,0.186,-1.064,1.255
3631.6,0.189,-1.072,1.197
3631.24,0.172,-1.073,1.22
3631.42,0.187,-1.077,1.21
3631.6,0.19,-1.081,1.239
3631.79,0.176,-1.082,1.22
3631.97,0.195,-1.081,1.197
3632.15,0.169,-1.081,1.214
3632.33,0.193,-1.085,1.198
3632.52,0.18,-1.087,1.208
3632.7,0.19,-1.084,1.208
3632.88,0.175,-1.082,1.201
3633.6,0.195,-1.081,1.195
3633.25,0.207,-1.079,1.193
3633.43,0.191,-1.081,1.2
3633.61,0.197,-1.081,1.197
3633.79,0.183,-1.083,1.173
3633.97,0.19,-1.085,1.187
3634.16,0.197,-1.087,1.193
3634.34,0.181,-1.09,1.178
3634.52,0.18,-1.093,1.185
3634.7,0.185,-1.096,1.225
3634.89,0.189,-1.096,1.244
3635.7,0.188,-1.094,1.246
3635.25,0.194,-1.095,1.245
3635.43,0.194,-1.095,1.253
3635.61,0.181,-1.094,1.246
3635.8,0.214,-1.093,1.238
3635.98,0.203,-1.092,1.239
3636.16,0.196,-1.092,1.235
3636.34,0.212,-1.094,1.223
3636.53,0.192,-1.098,1.239
3636.71,0.187,-1.1,1.209
3636.89,0.206,-1.103,1.21
3637.7,0.186,-1.104,1.206
3637.26,0.187,-1.107,1.197
3637.44,0.184,-1.109,1.198
3637.62,0.205,-1.108,1.169
3637.8,0.17,-1.107,1.194
3637.98,0.208,-1.11,1.196
3638.17,0.197,-1.111,1.197
3638.35,0.181,-1.11,1.19
3638.53,0.203,-1.108,1.202
3638.71,0.188,-1.11,1.195
3638.9,0.185,-1.111,1.207
3639.8,0.194,-1.111,1.195
3639.26,0.178,-1.115,1.189
3639.44,0.18,-1.112,1.196
3639.63,0.18,-1.114,1.206
3639.81,0.197,-1.114,1.201
3639.99,0.182,-1.115,1.212
3640.17,0.178,-1.115,1.193
3642.18,0.183,-1.12,1.195
3642.36,0.196,-1.121,1.213
3642.54,0.187,-1.119,1.189
3642.72,0.201,-1.118,1.198
3642.91,0.194,-1.118,1.176
3643.9,0.2,-1.119,1.198
3643.27,0.21,-1.12,1.196
3643.45,0.184,-1.121,1.209
3643.63,0.193,-1.124,1.189
3643.82,0.184,-1.125,1.214
3644.0,0.185,-1.125,1.205
3650.2,0.186,-1.146,1.188
3650.38,0.193,-1.144,1.194
3650.56,0.184,-1.147,1.204
3650.74,0.184,-1.148,1.213
3650.93,0.201,-1.147,1.197
3651.11,0.184,-1.147,1.198
3651.29,0.173,-1.148,1.209
3651.47,0.191,-1.15,1.226
3651.65,0.19,-1.152,1.233
3651.84,0.192,-1.156,1.244
3652.2,0.195,-1.157,1.245
3652.2,0.175,-1.158,1.225
3652.38,0.206,-1.157,1.227
3652.57,0.2,-1.16,1.234
3652.75,0.18,-1.157,1.237
3652.93,0.194,-1.157,1.23
3653.11,0.182,-1.161,1.23
3653.29,0.172,-1.162,1.232
3653.48,0.195,-1.162,1.247
3653.66,0.194,-1.158,1.249
3653.84,0.194,-1.157,1.242
3654.2,0.182,-1.157,1.224
3654.21,0.183,-1.155,1.212
3654.39,0.2,-1.155,1.224
3654.57,0.189,-1.155,1.21
3654.75,0.169,-1.155,1.205
3654.94,0.18,-1.151,1.177
3655.12,0.204,-1.152,1.18
3655.3,0.186,-1.153,1.177
3655.48,0.181,-1.155,1.164
3657.3,0.203,-1.169,1.241
3657.49,0.174,-1.17,1.242
3657.67,0.186,-1.174,1.242
3657.85,0.217,-1.176,1.246
3658.3,0.175,-1.176,1.238
3658.22,0.194,-1.181,1.232
3658.4,0.196,-1.185,1.235
3658.58,0.172,-1.186,1.227
3658.76,0.211,-1.19,1.227
3658.95,0.167,-1.19,1.236
3659.13,0.194,-1.19,1.224
3664.78,0.18,-1.223,1.197
3664.96,0.184,-1.227,1.182
3665.14,0.21,-1.229,1.202
3665.32,0.194,-1.227,1.185
3665.51,0.21,-1.228,1.203
3665.69,0.184,-1.225,1.189
3665.87,0.204,-1.225,1.186
3666.5,0.181,-1.228,1.215
3666.24,0.203,-1.227,1.196
3666.42,0.184,-1.23,1.196
3666.6,0.185,-1.23,1.206
3666.78,0.187,-1.234,1.182
3666.97,0.182,-1.235,1.181
3667.15,0.185,-1.237,1.153
3667.33,0.169,-1.234,1.178
3667.51,0.192,-1.238,1.172
3667.69,0.155,-1.239,1.192
3667.88,0.192,-1.236,1.213
3668.6,0.19,-1.237,1.241
3668.24,0.188,-1.235,1.227
3668.42,0.176,-1.235,1.213
3668.61,0.198,-1.235,1.202
3668.79,0.184,-1.234,1.188
3668.97,0.195,-1.235,1.213
3669.15,0.183,-1.238,1.205
3669.34,0.178,-1.238,1.221
3669.52,0.18,-1.24,1.189
3669.7,0.185,-1.242,1.191
3669.88,0.179,-1.242,1.194
3670.6,0.175,-1.244,1.196
3670.25,0.198,-1.247,1.192
3670.43,0.185,-1.247,1.205
3670.61,0.189,-1.247,1.195
3670.79,0.206,-1.25,1.198
3670.98,0.187,-1.252,1.207
3671.16,0.171,-1.252,1.218
3671.34,0.215,-1.252,1.213
3671.52,0.182,-1.255,1.206
3671.71,0.145,-1.256,1.207
3671.89,0.232,-1.258,1.234
3672.7,0.172,-1.256,1.297
3672.25,0.207,-1.257,1.329
3672.43,0.181,-1.258,1.313
3672.62,0.215,-1.26,1.261
3672.8,0.186,-1.26,1.256
3672.98,0.209,-1.257,1.241
3673.16,0.206,-1.255,1.246
3673.35,0.192,-1.255,1.236
3673.53,0.153,-1.257,1.226
3673.71,0.215,-1.258,1.242
3673.89,0.197,-1.258,1.22
3674.7,0.188,-1.258,1.23
3674.26,0.194,-1.26,1.225
3674.44,0.199,-1.265,1.218
3674.62,0.159,-1.266,1.224
3674.8,0.214,-1.268,1.242
3674.99,0.169,-1.269,1.22
3675.17,0.226,-1.272,1.226
3675.35,0.174,-1.272,1.257
3675.53,0.214,-1.272,1.252
3675.71,0.203,-1.271,1.262
3675.9,0.203,-1.271,1.294
3676.8,0.168,-1.271,1.284
3676.26,0.192,-1.272,1.334
3676.44,0.181,-1.274,1.343
3676.63,0.215,-1.277,1.314
3676.81,0.12,-1.278,1.239
3676.99,0.265,-1.282,1.249
3677.17,0.106,-1.28,1.248
3677.36,0.235,-1.278,1.245
3677.54,0.201,-1.284,1.26
3677.72,0.179,-1.28,1.247
3677.9,0.213,-1.279,1.303
3678.8,0.159,-1.28,1.273
3678.27,0.249,-1.284,1.226
3678.45,0.115,-1.283,1.239
3678.63,0.256,-1.288,1.298
3678.81,0.159,-1.287,1.251
3679.0,0.246,-1.29,1.257
3679.18,0.148,-1.289,1.234
3679.36,0.258,-1.292,1.26
3679.54,0.145,-1.291,1.251
3679.73,0.244,-1.292,1.211
3679.91,0.109,-1.294,1.203
3680.9,0.279,-1.293,1.183
3680.27,0.173,-1.295,1.165
3680.45,0.202,-1.295,1.179
3680.64,0.197,-1.295,1.183
3680.82,0.182,-1.292,1.215
3681.0,0.207,-1.293,1.198
3681.18,0.161,-1.29,1.215
3681.37,0.249,-1.293,1.191
3681.55,0.147,-1.294,1.217
3681.73,0.226,-1.292,1.218
3681.91,0.189,-1.294,1.197
3682.9,0.169,-1.294,1.176
3685.74,0.206,-1.3,1.306
3685.92,0.188,-1.298,1.289
3686.1,0.204,-1.296,1.267
3686.29,0.173,-1.295,1.274
3686.47,0.194,-1.291,1.291
3686.65,0.179,-1.289,1.259
3686.83,0.203,-1.287,1.224
3687.1,0.171,-1.286,1.22
3687.2,0.176,-1.287,1.254
3687.38,0.193,-1.286,1.262
3687.56,0.194,-1.288,1.294
3687.74,0.21,-1.289,1.288
3687.93,0.193,-1.287,1.24
3688.11,0.186,-1.287,1.272
3688.29,0.191,-1.287,1.262
3688.47,0.198,-1.286,1.274
3688.65,0.186,-1.285,1.296
3688.84,0.207,-1.284,1.28
3689.2,0.198,-1.287,1.243
3689.2,0.19,-1.287,1.258
3689.38,0.189,-1.29,1.255
3689.57,0.188,-1.291,1.244
3689.75,0.208,-1.292,1.232
3689.93,0.175,-1.291,1.209
3690.11,0.207,-1.293,1.205
3690.29,0.184,-1.291,1.217
3690.48,0.193,-1.29,1.181
3690.66,0.187,-1.291,1.181
3690.84,0.203,-1.293,1.203
3691.2,0.17,-1.295,1.215
3691.21,0.195,-1.298,1.184
3691.39,0.18,-1.298,1.21
3691.57,0.203,-1.3,1.209
3691.75,0.18,-1.304,1.197
3691.94,0.17,-1.306,1.193
3692.12,0.199,-1.31,1.203
3692.3,0.188,-1.312,1.214
3692.48,0.19,-1.313,1.192
3693.76,0.169,-1.318,1.207
3693.94,0.176,-1.319,1.212
3694.12,0.199,-1.321,1.218
3694.3,0.168,-1.322,1.196
3694.49,0.182,-1.323,1.205
3694.67,0.197,-1.322,1.203
3694.85,0.179,-1.321,1.204
3695.3,0.203,-1.324,1.231
3695.22,0.187,-1.325,1.218
3695.4,0.195,-1.327,1.235
3700.87,0.193,-1.347,1.253
3701.5,0.174,-1.347,1.272
3701.23,0.207,-1.345,1.256
3701.41,0.154,-1.346,1.26
3701.6,0.209,-1.346,1.249
3701.78,0.179,-1.348,1.242
3701.96,0.192,-1.349,1.239
3702.14,0.2,-1.349,1.241
3702.32,0.188,-1.35,1.235
3702.51,0.208,-1.356,1.232
3702.69,0.17,-1.355,1.211
3702.87,0.203,-1.354,1.231
3703.5,0.193,-1.356,1.209
3703.24,0.207,-1.358,1.221
3703.42,0.172,-1.362,1.206
3703.6,0.208,-1.362,1.183
3703.78,0.213,-1.365,1.208
3703.97,0.157,-1.366,1.194
3704.15,0.231,-1.366,1.184
3704.33,0.153,-1.366,1.194
3704.51,0.237,-1.368,1.201
3704.69,0.166,-1.37,1.193
3704.88,0.195,-1.37,1.214
3705.6,0.227,-1.372,1.212
3705.24,0.163,-1.375,1.208
3705.42,0.221,-1.381,1.189
3705.61,0.193,-1.38,1.207
3705.79,0.217,-1.382,1.196
3705.97,0.173,-1.382,1.205
3706.15,0.221,-1.385,1.198
3706.34,0.174,-1.381,1.231
3706.52,0.197,-1.384,1.207
3706.7,0.183,-1.384,1.206
3706.88,0.204,-1.382,1.212
3707.6,0.176,-1.382,1.199
3707.25,0.219,-1.384,1.175
3707.43,0.157,-1.382,1.183
3707.61,0.207,-1.383,1.182
3707.79,0.167,-1.386,1.183
3707.98,0.187,-1.386,1.179
3708.16,0.199,-1.386,1.192
3708.34,0.181,-1.387,1.184
3708.52,0.219,-1.391,1.191
3708.7,0.189,-1.395,1.174
3708.89,0.195,-1.396,1.195
3709.7,0.194,-1.395,1.171
3709.25,0.179,-1.394,1.17
3709.43,0.194,-1.395,1.174
3709.62,0.178,-1.396,1.17
3709.8,0.186,-1.395,1.173
3709.98,0.161,-1.394,1.171
3710.16,0.201,-1.396,1.164
3710.35,0.186,-1.397,1.165
3710.53,0.162,-1.394,1.193
3710.71,0.211,-1.395,1.176
3710.89,0.174,-1.397,1.176
3711.7,0.187,-1.396,1.208
3711.26,0.197,-1.397,1.188
3711.44,0.183,-1.396,1.193
3711.62,0.173,-1.397,1.195
3711.8,0.207,-1.397,1.187
3711.99,0.195,-1.402,1.19
3712.17,0.203,-1.401,1.206
3712.35,0.153,-1.399,1.217
3712.53,0.221,-1.401,1.213
3712.71,0.169,-1.401,1.248
3712.9,0.216,-1.403,1.233
3713.8,0.183,-1.401,1.235
3713.26,0.173,-1.4,1.211
3713.44,0.177,-1.4,1.179
3713.63,0.168,-1.402,1.165
3713.81,0.189,-1.404,1.166
3713.99,0.185,-1.405,1.169
3714.17,0.219,-1.409,1.203
3714.35,0.176,-1.41,1.197
3714.54,0.229,-1.409,1.206
3714.72,0.187,-1.409,1.198
3714.9,0.201,-1.41,1.207
3715.8,0.188,-1.414,1.187
3715.27,0.213,-1.412,1.189
3715.45,0.171,-1.411,1.194
3715.63,0.184,-1.409,1.195
3715.81,0.188,-1.411,1.215
3716.0,0.21,-1.409,1.249
3716.18,0.186,-1.41,1.243
3716.36,0.171,-1.414,1.227
3716.54,0.183,-1.415,1.195
3716.72,0.209,-1.417,1.206
3716.91,0.178,-1.417,1.209
3717.9,0.192,-1.422,1.296
3717.27,0.2,-1.418,1.29
3717.45,0.188,-1.42,1.262
3717.64,0.19,-1.422,1.257
3717.82,0.197,-1.425,1.285
3718.0,0.208,-1.428,1.288
3718.18,0.207,-1.43,1.294
3718.36,0.186,-1.43,1.29
3718.55,0.185,-1.43,1.297
3718.73,0.189,-1.432,1.287
3718.91,0.2,-1.434,1.262
3719.9,0.187,-1.436,1.254
3719.64,0.204,-1.44,1.263
3719.82,0.176,-1.44,1.292
3720.1,0.205,-1.444,1.277
3720.19,0.185,-1.445,1.291
3720.37,0.202,-1.444,1.288
3720.55,0.198,-1.444,1.279
3720.73,0.196,-1.444,1.302
3720.92,0.198,-1.444,1.326
3721.1,0.188,-1.445,1.313
3721.28,0.199,-1.446,1.32
3721.46,0.197,-1.448,1.302
3726.75,0.194,-1.479,1.181
3726.93,0.173,-1.481,1.204
3727.11,0.202,-1.486,1.177
3727.3,0.203,-1.488,1.185
3727.48,0.199,-1.489,1.181
3727.66,0.197,-1.488,1.188
3727.84,0.194,-1.485,1.192
3728.3,0.187,-1.487,1.189
3728.21,0.184,-1.488,1.191
3728.39,0.191,-1.491,1.192
3728.57,0.202,-1.493,1.196
3728.75,0.186,-1.495,1.198
3728.94,0.209,-1.497,1.193
3729.12,0.198,-1.495,1.206
3729.3,0.196,-1.495,1.199
3729.48,0.198,-1.496,1.208
3729.67,0.189,-1.496,1.201
3729.85,0.182,-1.496,1.201
3730.3,0.19,-1.497,1.198
3730.21,0.207,-1.499,1.207
3730.4,0.182,-1.5,1.206
3730.58,0.195,-1.499,1.211
3730.76,0.197,-1.5,1.195
3730.94,0.195,-1.501,1.208
3731.12,0.189,-1.5,1.2
3731.31,0.21,-1.501,1.206
3731.49,0.186,-1.502,1.19
3731.67,0.187,-1.502,1.202
3731.85,0.206,-1.503,1.208
3732.4,0.205,-1.502,1.202
3732.22,0.19,-1.502,1.199
3732.4,0.194,-1.501,1.201
3732.58,0.185,-1.503,1.189
3732.77,0.214,-1.504,1.192
3732.95,0.206,-1.502,1.204
3733.13,0.204,-1.502,1.192
3733.31,0.203,-1.5,1.2
3733.49,0.2,-1.501,1.192
3733.68,0.2,-1.502,1.192
3733.86,0.198,-1.502,1.217
3734.4,0.195,-1.503,1.214
3734.22,0.204,-1.504,1.225
3734.41,0.198,-1.506,1.202
3734.59,0.199,-1.506,1.211
3734.77,0.2,-1.506,1.205
3734.95,0.188,-1.507,1.201
3735.14,0.179,-1.508,1.199
3735.32,0.213,-1.51,1.206
3735.5,0.182,-1.51,1.218
3735.68,0.198,-1.511,1.217
3735.86,0.188,-1.513,1.204
3736.5,0.191,-1.512,1.196
3736.23,0.197,-1.514,1.191
3736.41,0.206,-1.514,1.204
3736.59,0.191,-1.514,1.233
3736.78,0.205,-1.516,1.27
3736.96,0.21,-1.516,1.289
3737.14,0.203,-1.516,1.344
3737.32,0.208,-1.519,1.382
3739.69,0.19,-1.527,1.236
3739.87,0.214,-1.528,1.238
3740.6,0.215,-1.528,1.253
3740.24,0.195,-1.528,1.237
3740.42,0.185,-1.529,1.268
3740.6,0.201,-1.533,1.278
3740.79,0.192,-1.536,1.28
3740.97,0.2,-1.535,1.309
3741.15,0.2,-1.536,1.325
3741.33,0.202,-1.54,1.317
3741.51,0.18,-1.543,1.283
3741.7,0.192,-1.543,1.267
3741.88,0.211,-1.543,1.267
3742.6,0.191,-1.545,1.25
3742.24,0.197,-1.545,1.241
3742.43,0.205,-1.545,1.237
3742.61,0.201,-1.542,1.227
3742.79,0.191,-1.539,1.219
3742.97,0.207,-1.537,1.199
3743.15,0.183,-1.538,1.217
3743.34,0.207,-1.54,1.185
3743.52,0.199,-1.543,1.188
3743.7,0.203,-1.544,1.193
3744.8,0.197,-1.545,1.205
3744.98,0.185,-1.545,1.214
3745.16,0.187,-1.547,1.22
3745.34,0.199,-1.548,1.202
3745.52,0.19,-1.546,1.192
3745.71,0.197,-1.547,1.189
3745.89,0.205,-1.548,1.178
3746.7,0.199,-1.55,1.173
3746.25,0.203,-1.552,1.167
3746.44,0.192,-1.55,1.16
3746.62,0.22,-1.551,1.164
3746.8,0.196,-1.552,1.184
3746.98,0.188,-1.552,1.18
3747.17,0.18,-1.552,1.177
3747.35,0.21,-1.553,1.189
3747.53,0.172,-1.554,1.195
3747.71,0.212,-1.555,1.177
3749.53,0.263,-1.57,1.233
3749.72,0.175,-1.572,1.186
3749.9,0.225,-1.573,1.171
3750.8,0.179,-1.573,1.193
3750.26,0.202,-1.571,1.191
3750.45,0.174,-1.57,1.215
3750.63,0.203,-1.573,1.207
3750.81,0.197,-1.575,1.203
3750.99,0.169,-1.575,1.177
3751.17,0.208,-1.578,1.167
3751.36,0.206,-1.58,1.192
3751.54,0.192,-1.578,1.176
3751.72,0.216,-1.581,1.205
3751.9,0.194,-1.584,1.186
3752.9,0.188,-1.586,1.183
3752.27,0.211,-1.587,1.182
3752.45,0.17,-1.585,1.178
3752.63,0.192,-1.584,1.187
3753.91,0.178,-1.593,1.181
3754.9,0.197,-1.595,1.2
3754.27,0.182,-1.598,1.212
3754.46,0.21,-1.598,1.225
3754.64,0.199,-1.6,1.2
3754.82,0.214,-1.603,1.198
3755.0,0.184,-1.605,1.212
3755.18,0.202,-1.602,1.203
3755.37,0.18,-1.604,1.213
3755.55,0.195,-1.607,1.195
3755.73,0.178,-1.607,1.217
3761.2,0.172,-1.637,1.177
3761.38,0.205,-1.636,1.199
3761.56,0.187,-1.638,1.217
3761.75,0.176,-1.639,1.197
3761.93,0.199,-1.642,1.22
3762.11,0.2,-1.645,1.194
3762.29,0.197,-1.648,1.198
3762.48,0.173,-1.649,1.193
3762.66,0.221,-1.648,1.211
3762.84,0.184,-1.649,1.191
3763.2,0.198,-1.65,1.19
3763.2,0.203,-1.649,1.193
3763.39,0.213,-1.65,1.197
3763.57,0.172,-1.649,1.206
3763.75,0.213,-1.651,1.199
3763.93,0.181,-1.649,1.208
3764.12,0.178,-1.652,1.213
3764.3,0.201,-1.652,1.194
3764.48,0.188,-1.653,1.214
3764.66,0.18,-1.652,1.214
3768.31,0.217,-1.67,1.205
3768.49,0.2,-1.672,1.196
3768.67,0.224,-1.672,1.21
3768.86,0.197,-1.672,1.217
3769.4,0.177,-1.672,1.215
3769.22,0.163,-1.673,1.209
3769.4,0.225,-1.676,1.226
3769.58,0.173,-1.673,1.215
3769.77,0.213,-1.676,1.228
3769.95,0.185,-1.673,1.239
3770.13,0.202,-1.674,1.225
3770.31,0.215,-1.674,1.23
3770.5,0.2,-1.677,1.208
3770.68,0.163,-1.68,1.203
3770.86,0.218,-1.684,1.219
3771.4,0.219,-1.686,1.194
3771.23,0.209,-1.688,1.21
3771.41,0.181,-1.688,1.202
3771.59,0.193,-1.687,1.204
3771.77,0.218,-1.687,1.218
3771.95,0.178,-1.687,1.203
3772.14,0.21,-1.687,1.209
3772.32,0.193,-1.686,1.2
3772.5,0.229,-1.689,1.219
3772.68,0.156,-1.688,1.203
3772.87,0.228,-1.692,1.192
3773.5,0.185,-1.693,1.179
3773.23,0.215,-1.694,1.178
3773.41,0.187,-1.695,1.173
3773.59,0.21,-1.693,1.197
3773.78,0.207,-1.692,1.177
3773.96,0.198,-1.693,1.211
3774.14,0.189,-1.696,1.194
3774.32,0.199,-1.699,1.18
3774.51,0.186,-1.703,1.181
3777.79,0.181,-1.731,1.193
3777.97,0.209,-1.732,1.199
3778.15,0.188,-1.731,1.214
3778.33,0.21,-1.729,1.249
3778.52,0.207,-1.729,1.232
3778.7,0.207,-1.728,1.246
3778.88,0.205,-1.727,1.258
3779.6,0.193,-1.726,1.264
3779.25,0.201,-1.726,1.251
3779.43,0.203,-1.728,1.236
3779.61,0.196,-1.728,1.236
3779.79,0.204,-1.73,1.245
3779.97,0.202,-1.732,1.227
3780.16,0.19,-1.735,1.243
3780.34,0.21,-1.741,1.236
3780.52,0.184,-1.742,1.217
3780.7,0.206,-1.743,1.201
3780.89,0.203,-1.746,1.2
3781.7,0.171,-1.748,1.183
3781.25,0.204,-1.749,1.201
3781.43,0.21,-1.754,1.195
3781.62,0.17,-1.755,1.2
3781.8,0.199,-1.759,1.205
3781.98,0.186,-1.761,1.202
3783.26,0.18,-1.779,1.187
3783.44,0.197,-1.78,1.187
3783.62,0.194,-1.783,1.191
3783.8,0.193,-1.782,1.195
3783.99,0.201,-1.786,1.188
3784.17,0.188,-1.786,1.187
3784.35,0.206,-1.791,1.205
3784.53,0.19,-1.793,1.203
3784.71,0.178,-1.795,1.176
3784.9,0.193,-1.794,1.198
3785.8,0.172,-1.794,1.201
3790.91,0.189,-1.803,1.17
3791.9,0.206,-1.806,1.168
3791.28,0.195,-1.806,1.183
3791.46,0.176,-1.807,1.198
3791.64,0.189,-1.805,1.219
3791.82,0.205,-1.805,1.21
3792.1,0.175,-1.805,1.206
3792.19,0.204,-1.805,1.193
3792.37,0.211,-1.803,1.194
3792.55,0.196,-1.804,1.205
3792.73,0.214,-1.804,1.184
3792.92,0.193,-1.804,1.191
3793.1,0.199,-1.804,1.201
3793.28,0.193,-1.806,1.205
3793.46,0.199,-1.806,1.187
3793.65,0.2,-1.809,1.204
3793.83,0.191,-1.809,1.209
3794.56,0.186,-1.809,1.221
3794.74,0.2,-1.81,1.207
3794.92,0.183,-1.81,1.21
3795.1,0.18,-1.813,1.208
3795.29,0.196,-1.813,1.224
3795.47,0.206,-1.814,1.198
3795.65,0.205,-1.818,1.208
3795.83,0.182,-1.816,1.206
3796.2,0.203,-1.816,1.19
3796.2,0.192,-1.815,1.207
3796.38,0.186,-1.813,1.21
3796.56,0.219,-1.814,1.212
3796.74,0.207,-1.819,1.221
3796.93,0.194,-1.817,1.215
3797.11,0.197,-1.818,1.213
3797.29,0.206,-1.818,1.22
3797.47,0.185,-1.819,1.216
3797.66,0.19,-1.818,1.206
3797.84,0.216,-1.818,1.202
3799.11,0.193,-1.825,1.206
3799.3,0.198,-1.827,1.213
3799.48,0.193,-1.828,1.226
3799.66,0.188,-1.827,1.216
3799.84,0.213,-1.827,1.223
3800.2,0.192,-1.827,1.223
3800.21,0.218,-1.827,1.202
3800.39,0.18,-1.828,1.198
3800.57,0.188,-1.831,1.199
3800.75,0.198,-1.832,1.21
3800.94,0.209,-1.834,1.202
3801.12,0.184,-1.833,1.197
3801.3,0.214,-1.834,1.2
3801.48,0.205,-1.834,1.208
3801.67,0.185,-1.837,1.204
3801.85,0.213,-1.838,1.186
3802.3,0.212,-1.839,1.204
3802.21,0.195,-1.84,1.186
3802.39,0.194,-1.843,1.19
3802.58,0.191,-1.843,1.204
3802.76,0.194,-1.842,1.183
3802.94,0.194,-1.842,1.205
3803.12,0.182,-1.843,1.191
3803.31,0.182,-1.842,1.19
3803.49,0.191,-1.843,1.198
3803.67,0.22,-1.845,1.205
3803.85,0.183,-1.846,1.22
3804.3,0.195,-1.847,1.212
3804.22,0.194,-1.846,1.202
3804.4,0.206,-1.848,1.184
3804.58,0.178,-1.847,1.202
3805.86,0.199,-1.856,1.219
3806.4,0.196,-1.858,1.218
3806.22,0.184,-1.86,1.215
3806.4,0.207,-1.861,1.227
3806.59,0.18,-1.862,1.202
3806.77,0.199,-1.861,1.226
3806.95,0.18,-1.861,1.192
3807.13,0.198,-1.863,1.215
3807.31,0.189,-1.865,1.227
3807.5,0.204,-1.861,1.226
3807.68,0.192,-1.862,1.228
3807.86,0.19,-1.863,1.239
3808.4,0.192,-1.865,1.226
3808.23,0.211,-1.867,1.232
3808.41,0.194,-1.872,1.229
3808.59,0.207,-1.875,1.21
3808.77,0.2,-1.873,1.209
3808.96,0.182,-1.872,1.208
3809.14,0.195,-1.874,1.218
3809.32,0.184,-1.873,1.228
3809.5,0.196,-1.873,1.236
3809.68,0.184,-1.876,1.253
3809.87,0.195,-1.879,1.243
3810.5,0.178,-1.88,1.245
3810.23,0.199,-1.882,1.246
3810.41,0.191,-1.883,1.236
3810.6,0.208,-1.885,1.209
3810.78,0.182,-1.887,1.201
3812.78,0.191,-1.897,1.201
3812.96,0.184,-1.9,1.196
3813.15,0.176,-1.902,1.197
3813.33,0.191,-1.903,1.213
3813.51,0.186,-1.904,1.195
3813.69,0.185,-1.907,1.212
3813.88,0.199,-1.91,1.204
3814.6,0.192,-1.911,1.181
3814.24,0.184,-1.913,1.183
3814.42,0.223,-1.914,1.172
3820.7,0.204,-1.941,1.242
3820.25,0.2,-1.941,1.249
3820.44,0.18,-1.94,1.243
3820.62,0.188,-1.94,1.245
3820.8,0.2,-1.941,1.251
3820.98,0.189,-1.941,1.252
3821.17,0.196,-1.941,1.22
3821.35,0.183,-1.943,1.23
3821.53,0.21,-1.947,1.213
3821.71,0.173,-1.949,1.207
3821.89,0.202,-1.952,1.208
3822.8,0.19,-1.952,1.203
3822.26,0.189,-1.951,1.175
3822.44,0.204,-1.951,1.2
3822.62,0.15,-1.951,1.188
3822.81,0.2,-1.955,1.186
3822.99,0.212,-1.954,1.192
3823.17,0.181,-1.954,1.195
3823.35,0.184,-1.952,1.193
3823.53,0.218,-1.957,1.2
3823.72,0.161,-1.954,1.184
3823.9,0.23,-1.955,1.181
3824.8,0.171,-1.956,1.179
3824.26,0.208,-1.957,1.176
3824.45,0.201,-1.959,1.185
3824.63,0.178,-1.961,1.168
3824.81,0.196,-1.961,1.163
3824.99,0.214,-1.961,1.193
3825.18,0.208,-1.963,1.191
3825.36,0.193,-1.965,1.197
3825.54,0.193,-1.963,1.203
3825.72,0.212,-1.961,1.222
3825.9,0.171,-1.962,1.251
3826.9,0.193,-1.962,1.242
3826.27,0.205,-1.964,1.277
3826.45,0.157,-1.962,1.245
3826.63,0.226,-1.962,1.258
3826.82,0.164,-1.961,1.265
3827.0,0.2,-1.961,1.246
3827.18,0.201,-1.961,1.22
3827.36,0.201,-1.962,1.223
3827.54,0.187,-1.962,1.22
3827.73,0.203,-1.963,1.233
3827.91,0.21,-1.964,1.217
3828.9,0.195,-1.966,1.217
3828.27,0.189,-1.967,1.212
3828.46,0.191,-1.969,1.202
3828.64,0.209,-1.971,1.209
3828.82,0.189,-1.969,1.194
3829.0,0.219,-1.972,1.217
3829.19,0.182,-1.968,1.203
3829.37,0.194,-1.967,1.194
3829.55,0.196,-1.967,1.209
3829.73,0.199,-1.97,1.188
3829.91,0.182,-1.97,1.195
3830.1,0.199,-1.97,1.183
3830.28,0.183,-1.973,1.18
3830.46,0.211,-1.97,1.203
3830.64,0.177,-1.969,1.2
3830.83,0.196,-1.97,1.199
3831.1,0.178,-1.971,1.217
3831.19,0.175,-1.97,1.229
3832.47,0.193,-1.973,1.425
3832.65,0.191,-1.972,1.408
3832.83,0.206,-1.973,1.348
3833.1,0.189,-1.972,1.325
3833.19,0.196,-1.971,1.283
3833.38,0.208,-1.97,1.26
3833.56,0.172,-1.971,1.214
3833.74,0.22,-1.975,1.22
3833.92,0.197,-1.977,1.226
3834.11,0.213,-1.978,1.209
3834.29,0.163,-1.979,1.206
3834.47,0.19,-1.979,1.185
3834.65,0.193,-1.979,1.197
3834.84,0.192,-1.98,1.196
3835.2,0.193,-1.978,1.198
3835.2,0.194,-1.98,1.183
3835.38,0.184,-1.982,1.18
3835.56,0.217,-1.978,1.191
3835.75,0.203,-1.978,1.189
3835.93,0.221,-1.978,1.199
3836.11,0.188,-1.98,1.195
3836.29,0.182,-1.982,1.191
3836.48,0.202,-1.985,1.196
3836.66,0.194,-1.987,1.206
3836.84,0.178,-1.988,1.209
3837.2,0.19,-1.993,1.202
3837.21,0.182,-1.996,1.193
3837.39,0.226,-1.996,1.193
3837.57,0.187,-1.993,1.183
3837.75,0.194,-1.994,1.19
3837.93,0.197,-1.994,1.204
3838.12,0.209,-1.995,1.221
3838.3,0.196,-1.996,1.209
3838.48,0.183,-1.996,1.228
3838.66,0.193,-1.998,1.234
3838.85,0.198,-1.999,1.212
3839.3,0.187,-2.001,1.207
3839.21,0.188,-1.999,1.207
3839.39,0.191,-1.998,1.219
3839.57,0.213,-1.996,1.221
3839.76,0.188,-1.997,1.247
3839.94,0.182,-1.997,1.217
3840.12,0.179,-2.002,1.277
3840.3,0.181,-2.002,1.232
3840.49,0.218,-2.004,1.22
3840.67,0.179,-2.004,1.21
3840.85,0.206,-2.004,1.258
3841.3,0.2,-2.005,1.274
3841.21,0.184,-2.006,1.275
3841.4,0.21,-2.01,1.258
3841.58,0.199,-2.012,1.281
3841.76,0.198,-2.013,1.268
3841.94,0.193,-2.012,1.272
3842.13,0.203,-2.013,1.269
3842.31,0.209,-2.01,1.264
3842.49,0.19,-2.008,1.269
3842.67,0.228,-2.005,1.266
3842.86,0.18,-2.007,1.254
3843.4,0.207,-2.007,1.256
3843.22,0.166,-2.007,1.248
3843.4,0.209,-2.006,1.22
3843.58,0.193,-2.008,1.24
3843.77,0.208,-2.009,1.225
3843.95,0.207,-2.009,1.21
3844.13,0.205,-2.01,1.197
3844.31,0.177,-2.013,1.209
3844.5,0.223,-2.014,1.196
3844.68,0.199,-2.015,1.206
3844.86,0.195,-2.014,1.181
3845.4,0.232,-2.013,1.186
3845.22,0.155,-2.012,1.176
3845.41,0.246,-2.015,1.189
3845.59,0.172,-2.014,1.211
3845.77,0.205,-2.018,1.201
3845.95,0.188,-2.018,1.197
3846.14,0.191,-2.016,1.207
3846.32,0.202,-2.015,1.194
3846.5,0.195,-2.017,1.201
3847.59,0.212,-2.024,1.185
3847.78,0.163,-2.023,1.186
3847.96,0.21,-2.023,1.21
3848.14,0.191,-2.022,1.197
3848.32,0.195,-2.02,1.194
3848.51,0.194,-2.02,1.211
3848.69,0.205,-2.023,1.203
3848.87,0.193,-2.024,1.204
3849.5,0.196,-2.026,1.2
3849.23,0.203,-2.026,1.199
3849.42,0.187,-2.028,1.19
3849.6,0.2,-2.031,1.193
3849.78,0.188,-2.03,1.211
3849.96,0.184,-2.031,1.195
3850.15,0.21,-2.034,1.199
3850.33,0.173,-2.034,1.198
3850.51,0.207,-2.032,1.205
3850.69,0.186,-2.032,1.2
3850.87,0.222,-2.032,1.206
3851.6,0.187,-2.031,1.201
3851.24,0.192,-2.034,1.187
3851.42,0.203,-2.034,1.182
3851.6,0.159,-2.035,1.184
3851.79,0.223,-2.039,1.199
3851.97,0.169,-2.039,1.198
3853.6,0.2,-2.04,1.232
3853.24,0.186,-2.039,1.225
3853.43,0.209,-2.038,1.221
3853.61,0.188,-2.039,1.224
3853.79,0.2,-2.041,1.21
3853.97,0.19,-2.038,1.214
3854.16,0.177,-2.04,1.208
3854.34,0.187,-2.04,1.256
3854.52,0.223,-2.041,1.256
3854.7,0.192,-2.041,1.247
3860.9,0.212,-2.073,1.174
3861.8,0.189,-2.071,1.178
3861.26,0.197,-2.071,1.188
3861.45,0.184,-2.069,1.19
3861.63,0.228,-2.073,1.184
3861.81,0.16,-2.072,1.174
3861.99,0.204,-2.072,1.208
3862.17,0.198,-2.072,1.187
3862.36,0.232,-2.076,1.197
3862.54,0.195,-2.075,1.188
3862.72,0.211,-2.075,1.197
3862.9,0.184,-2.077,1.194
3863.9,0.199,-2.076,1.198
3863.27,0.19,-2.077,1.191
3863.45,0.193,-2.076,1.192
3863.63,0.203,-2.075,1.191
3863.81,0.202,-2.079,1.197
3864.0,0.195,-2.079,1.172
3864.18,0.19,-2.081,1.185
3864.36,0.192,-2.082,1.188
3864.54,0.18,-2.086,1.206
3864.73,0.219,-2.09,1.206
3864.91,0.21,-2.089,1.214
3865.9,0.222,-2.09,1.221
3865.27,0.166,-2.091,1.196
3865.46,0.199,-2.091,1.199
3865.64,0.203,-2.09,1.202
3865.82,0.18,-2.091,1.196
3866.0,0.199,-2.092,1.198
3866.18,0.195,-2.092,1.212
3866.37,0.202,-2.097,1.23
3866.55,0.202,-2.098,1.256
3866.73,0.183,-2.098,1.241
3866.91,0.187,-2.098,1.199
3867.1,0.21,-2.102,1.174
3867.28,0.19,-2.101,1.164
3867.46,0.219,-2.1,1.166
3867.64,0.21,-2.102,1.163
3867.82,0.194,-2.104,1.172
3868.1,0.193,-2.104,1.195
3868.19,0.197,-2.105,1.183
3868.37,0.201,-2.104,1.199
3868.55,0.208,-2.106,1.185
3872.38,0.202,-2.122,1.165
3872.56,0.173,-2.121,1.159
3872.75,0.211,-2.121,1.17
3872.93,0.163,-2.123,1.171
3873.11,0.223,-2.122,1.173
3873.29,0.176,-2.121,1.183
3873.47,0.207,-2.122,1.172
3873.66,0.195,-2.122,1.18
3873.84,0.202,-2.125,1.176
3874.2,0.211,-2.126,1.175
3874.2,0.185,-2.129,1.182
3874.39,0.203,-2.131,1.178
3874.57,0.187,-2.133,1.191
3874.75,0.187,-2.13,1.187
3874.93,0.187,-2.13,1.202
3875.11,0.208,-2.126,1.208
3875.3,0.214,-2.128,1.186
3875.48,0.192,-2.129,1.192
3875.66,0.203,-2.127,1.198
3875.84,0.193,-2.127,1.206
3876.3,0.193,-2.127,1.208
3876.21,0.204,-2.128,1.201
3876.39,0.19,-2.13,1.22
3876.57,0.201,-2.127,1.21
3876.76,0.196,-2.127,1.203
3876.94,0.195,-2.127,1.211
3877.12,0.194,-2.128,1.197
3877.3,0.189,-2.128,1.201
3877.48,0.205,-2.129,1.213
3877.67,0.205,-2.131,1.203
3877.85,0.199,-2.13,1.206
3879.12,0.199,-2.126,1.197
3879.31,0.197,-2.128,1.211
3879.49,0.179,-2.132,1.19
3879.67,0.19,-2.132,1.193
3879.85,0.195,-2.135,1.202
3880.4,0.194,-2.136,1.199
3880.22,0.19,-2.134,1.204
3880.4,0.195,-2.136,1.214
3880.58,0.186,-2.136,1.198
3880.77,0.181,-2.135,1.201
3880.95,0.198,-2.138,1.21
3886.41,0.187,-2.17,1.21
3886.6,0.192,-2.173,1.222
3886.78,0.181,-2.177,1.216
3886.96,0.185,-2.178,1.216
3887.14,0.203,-2.18,1.227
3887.33,0.166,-2.181,1.206
3887.51,0.215,-2.184,1.2
3887.69,0.193,-2.187,1.212
3887.87,0.194,-2.187,1.221
3888.5,0.167,-2.189,1.204
3888.24,0.181,-2.192,1.201
3888.42,0.199,-2.192,1.213
3888.6,0.177,-2.193,1.219
3888.78,0.194,-2.192,1.219
3888.97,0.222,-2.192,1.199
3889.15,0.187,-2.192,1.205
3889.33,0.2,-2.193,1.207
3889.51,0.179,-2.196,1.196
3889.7,0.218,-2.202,1.209
3889.88,0.208,-2.202,1.22
3890.6,0.154,-2.202,1.214
3890.24,0.218,-2.203,1.237
3890.42,0.174,-2.203,1.211
3890.61,0.224,-2.205,1.227
3890.79,0.191,-2.208,1.233
3890.97,0.201,-2.21,1.228
3891.15,0.18,-2.212,1.232
3891.34,0.167,-2.213,1.224
3891.52,0.216,-2.215,1.228
3891.7,0.143,-2.212,1.212
3891.88,0.218,-2.213,1.239
3892.6,0.183,-2.213,1.208
3892.25,0.203,-2.214,1.214
3893.52,0.17,-2.22,1.214
3893.7,0.202,-2.224,1.232
3893.89,0.177,-2.223,1.203
3894.7,0.238,-2.223,1.226
3894.25,0.177,-2.222,1.211
3894.43,0.177,-2.226,1.205
3894.62,0.229,-2.227,1.234
3894.8,0.19,-2.23,1.194
3894.98,0.24,-2.234,1.215
3895.16,0.161,-2.233,1.213
3901.54,0.149,-2.266,1.191
3901.72,0.203,-2.265,1.19
3901.91,0.23,-2.269,1.214
3902.9,0.153,-2.268,1.258
3902.27,0.185,-2.272,1.221
3902.45,0.191,-2.275,1.267
3902.64,0.2,-2.277,1.238
3902.82,0.228,-2.278,1.209
3903.0,0.151,-2.277,1.206
3903.18,0.231,-2.28,1.197
3903.36,0.173,-2.282,1.173
3903.55,0.188,-2.285,1.242
3903.73,0.179,-2.29,1.182
3903.91,0.188,-2.29,1.207
3904.9,0.231,-2.288,1.242
3904.28,0.171,-2.288,1.252
3904.46,0.21,-2.292,1.234
3904.64,0.174,-2.291,1.239
3904.82,0.281,-2.293,1.225
3905.0,0.131,-2.292,1.208
3905.19,0.286,-2.294,1.212
3905.37,0.161,-2.294,1.205
3905.55,0.223,-2.299,1.202
3905.73,0.229,-2.3,1.231
3905.92,0.153,-2.299,1.247
3906.1,0.208,-2.303,1.219
3906.28,0.157,-2.305,1.191
3906.46,0.217,-2.308,1.203
3906.64,0.16,-2.309,1.178
3906.83,0.199,-2.312,1.142
3907.1,0.203,-2.316,1.169
3907.19,0.173,-2.316,1.134
3907.37,0.22,-2.317,1.169
3907.56,0.2,-2.319,1.183
3907.74,0.162,-2.319,1.19
3907.92,0.225,-2.317,1.173
3908.1,0.17,-2.32,1.182
3908.28,0.187,-2.323,1.184
3908.47,0.208,-2.324,1.178
3908.65,0.17,-2.324,1.171
3908.83,0.22,-2.325,1.188
3909.1,0.169,-2.321,1.177
3909.2,0.231,-2.322,1.177
3909.38,0.178,-2.322,1.165
3909.56,0.175,-2.322,1.179
3909.74,0.252,-2.327,1.181
3909.93,0.156,-2.327,1.188
3910.11,0.211,-2.331,1.172
3910.29,0.177,-2.332,1.179
3910.47,0.23,-2.329,1.144
3910.65,0.155,-2.331,1.175
3910.84,0.23,-2.334,1.167
3911.2,0.179,-2.337,1.17
3911.2,0.195,-2.338,1.187
3911.38,0.226,-2.341,1.205
3915.3,0.19,-2.363,1.192
3915.21,0.201,-2.364,1.184
3915.39,0.201,-2.364,1.177
3915.58,0.189,-2.364,1.191
3915.76,0.192,-2.363,1.192
3915.94,0.19,-2.363,1.181
3916.12,0.17,-2.364,1.205
3916.3,0.212,-2.366,1.215
3916.49,0.182,-2.366,1.202
3916.67,0.243,-2.369,1.209
3916.85,0.193,-2.367,1.186
3917.3,0.189,-2.369,1.192
3923.5,0.197,-2.405,1.186
3923.23,0.185,-2.41,1.191
3923.41,0.184,-2.41,1.201
3923.59,0.212,-2.412,1.177
3923.78,0.214,-2.412,1.185
3923.96,0.206,-2.418,1.193
3924.14,0.189,-2.419,1.177
3924.32,0.194,-2.422,1.195
3924.51,0.212,-2.421,1.21
3924.69,0.196,-2.424,1.201
3924.87,0.19,-2.425,1.198
3925.5,0.197,-2.426,1.209
3925.23,0.191,-2.426,1.206
3925.42,0.204,-2.429,1.194
3925.6,0.179,-2.429,1.196
3925.78,0.197,-2.428,1.21
3925.96,0.208,-2.428,1.192
3926.15,0.197,-2.428,1.196
3926.33,0.179,-2.428,1.202
3926.51,0.203,-2.428,1.183
3926.69,0.176,-2.429,1.195
3926.88,0.205,-2.431,1.181
3927.6,0.21,-2.434,1.203
3927.24,0.172,-2.436,1.206
3927.42,0.195,-2.435,1.201
3927.6,0.194,-2.437,1.208
3927.79,0.18,-2.44,1.185
3927.97,0.2,-2.442,1.191
3928.15,0.17,-2.445,1.185
3928.33,0.172,-2.449,1.179
3928.52,0.201,-2.45,1.206
3928.7,0.204,-2.449,1.197
3929.79,0.211,-2.458,1.194
3929.97,0.207,-2.457,1.2
3930.16,0.174,-2.46,1.195
3930.34,0.217,-2.462,1.212
3930.52,0.173,-2.462,1.193
3930.7,0.221,-2.465,1.205
3930.88,0.162,-2.468,1.2
3931.7,0.204,-2.47,1.219
3931.25,0.198,-2.469,1.209
3931.43,0.188,-2.47,1.19
3931.61,0.199,-2.472,1.176
3931.8,0.215,-2.475,1.203
3931.98,0.186,-2.474,1.196
3932.16,0.203,-2.475,1.221
3932.34,0.203,-2.476,1.207
3932.53,0.208,-2.478,1.211
3932.71,0.201,-2.477,1.215
3932.89,0.208,-2.479,1.233
3933.7,0.177,-2.481,1.258
3933.25,0.193,-2.484,1.238
3933.44,0.226,-2.484,1.264
3933.62,0.185,-2.487,1.273
3933.8,0.233,-2.491,1.268
3933.98,0.214,-2.493,1.276
3934.17,0.173,-2.492,1.255
3934.35,0.212,-2.489,1.223
3934.53,0.18,-2.486,1.254
3934.71,0.25,-2.488,1.204
3934.89,0.146,-2.489,1.229
3935.8,0.209,-2.49,1.24
3935.26,0.191,-2.495,1.24
3935.44,0.153,-2.495,1.21
3935.62,0.205,-2.496,1.218
3935.81,0.189,-2.497,1.202
3935.99,0.21,-2.497,1.202
3936.17,0.197,-2.497,1.184
3936.35,0.187,-2.497,1.186
3936.54,0.172,-2.497,1.196
3936.72,0.204,-2.499,1.188
3936.9,0.185,-2.5,1.187
3937.8,0.209,-2.502,1.184
3937.26,0.179,-2.501,1.164
3937.45,0.183,-2.501,1.154
3937.63,0.189,-2.506,1.17
3937.81,0.209,-2.509,1.164
3937.99,0.194,-2.512,1.183
3938.18,0.192,-2.516,1.183
3938.36,0.202,-2.517,1.191
3938.54,0.198,-2.518,1.197
3938.72,0.194,-2.521,1.203
3938.9,0.188,-2.524,1.204
3939.9,0.219,-2.525,1.223
3939.27,0.184,-2.526,1.195
3939.45,0.211,-2.53,1.225
3939.63,0.178,-2.531,1.207
3939.82,0.214,-2.537,1.201
3940.0,0.194,-2.534,1.214
3940.18,0.201,-2.536,1.2
3940.36,0.176,-2.535,1.19
3940.54,0.206,-2.535,1.218
3940.73,0.199,-2.534,1.205
3940.91,0.202,-2.534,1.19
3941.9,0.208,-2.534,1.212
3941.27,0.198,-2.532,1.209
3941.46,0.196,-2.535,1.208
3941.64,0.194,-2.539,1.195
3941.82,0.193,-2.54,1.182
3942.0,0.2,-2.541,1.189
3942.18,0.21,-2.545,1.196
3942.37,0.182,-2.546,1.18
3942.55,0.201,-2.55,1.178
3942.73,0.19,-2.553,1.184
3946.56,0.215,-2.577,1.18
3946.74,0.192,-2.576,1.181
3946.92,0.183,-2.579,1.178
3947.1,0.203,-2.583,1.169
3947.29,0.179,-2.586,1.177
3947.47,0.244,-2.587,1.175
3947.65,0.14,-2.584,1.174
3947.83,0.266,-2.582,1.175
3948.2,0.166,-2.582,1.173
3948.2,0.24,-2.582,1.18
3948.38,0.208,-2.58,1.178
3948.56,0.2,-2.58,1.167
3948.75,0.188,-2.579,1.178
3948.93,0.231,-2.578,1.169
3949.11,0.176,-2.58,1.169
3949.29,0.214,-2.582,1.17
3949.47,0.179,-2.584,1.175
3949.66,0.209,-2.585,1.183
3949.84,0.176,-2.586,1.167
3950.2,0.205,-2.586,1.162
3950.2,0.18,-2.584,1.157
3950.39,0.2,-2.585,1.164
3950.57,0.189,-2.586,1.198
3950.75,0.198,-2.587,1.194
3950.93,0.193,-2.588,1.178
3951.11,0.197,-2.588,1.2
3951.3,0.182,-2.59,1.217
3951.48,0.198,-2.593,1.213
3951.66,0.187,-2.594,1.241
3951.84,0.185,-2.596,1.27
3952.3,0.198,-2.597,1.267
3952.21,0.207,-2.6,1.266
3952.39,0.218,-2.601,1.242
3952.57,0.191,-2.599,1.224
3952.75,0.194,-2.602,1.219
3952.94,0.188,-2.601,1.185
3953.12,0.191,-2.603,1.198
3953.3,0.202,-2.605,1.201
3953.48,0.197,-2.603,1.204
3953.67,0.194,-2.606,1.178
3953.85,0.202,-2.608,1.184
3954.3,0.207,-2.608,1.19
3954.21,0.188,-2.608,1.205
3954.39,0.203,-2.608,1.184
3954.58,0.19,-2.608,1.203
3954.76,0.235,-2.608,1.193
3954.94,0.166,-2.609,1.189
3955.12,0.24,-2.61,1.188
3955.31,0.164,-2.613,1.187
3955.49,0.233,-2.61,1.19
3955.67,0.195,-2.609,1.182
3955.85,0.202,-2.614,1.205
3956.3,0.178,-2.617,1.191
3956.22,0.216,-2.62,1.186
3956.4,0.2,-2.619,1.193
3956.58,0.203,-2.623,1.192
3956.76,0.195,-2.622,1.19
3956.95,0.208,-2.623,1.209
3957.13,0.206,-2.626,1.204
3957.31,0.173,-2.628,1.18
3957.49,0.206,-2.628,1.211
3957.67,0.178,-2.63,1.207
3957.86,0.201,-2.628,1.203
3958.4,0.193,-2.626,1.196
3960.4,0.183,-2.642,1.199
3960.23,0.186,-2.641,1.194
3960.41,0.216,-2.641,1.227
3960.59,0.187,-2.64,1.204
3960.77,0.21,-2.642,1.211
3960.96,0.194,-2.643,1.204
3961.14,0.199,-2.645,1.206
3961.32,0.194,-2.647,1.235
3961.5,0.203,-2.648,1.226
3961.68,0.192,-2.651,1.215
3961.87,0.205,-2.652,1.242
3962.5,0.21,-2.656,1.266
3962.23,0.183,-2.659,1.22
3962.41,0.191,-2.659,1.194
3962.78,0.191,-2.661,1.23
3962.96,0.205,-2.661,1.217
3963.14,0.186,-2.665,1.218
3963.32,0.203,-2.665,1.254
3963.51,0.191,-2.665,1.259
3963.69,0.194,-2.664,1.266
3963.87,0.196,-2.664,1.307
3964.5,0.198,-2.663,1.324
3964.24,0.179,-2.66,1.334
3964.42,0.197,-2.662,1.322
3964.6,0.206,-2.661,1.341
3964.78,0.2,-2.661,1.336
3964.97,0.208,-2.661,1.317
3965.15,0.188,-2.66,1.273
3965.33,0.18,-2.661,1.274
3965.51,0.185,-2.662,1.331
3965.69,0.191,-2.661,1.295
3965.88,0.202,-2.663,1.226
3966.6,0.201,-2.666,1.244
3966.24,0.175,-2.669,1.266
3966.42,0.184,-2.671,1.243
3966.61,0.172,-2.672,1.232
3966.79,0.185,-2.673,1.219
3966.97,0.199,-2.672,1.194
3967.15,0.19,-2.673,1.193
3967.33,0.194,-2.675,1.192
3967.52,0.198,-2.677,1.203
3967.7,0.19,-2.677,1.191
3967.88,0.197,-2.679,1.198
3969.16,0.183,-2.695,1.195
3969.34,0.201,-2.7,1.201
3969.52,0.205,-2.702,1.196
3969.7,0.188,-2.704,1.195
3969.89,0.196,-2.703,1.202
3970.7,0.205,-2.703,1.188
3970.25,0.193,-2.702,1.201
3970.43,0.192,-2.7,1.181
3970.62,0.199,-2.701,1.174
3970.8,0.179,-2.703,1.186
3970.98,0.2,-2.705,1.19
3971.16,0.186,-2.704,1.187
3971.34,0.193,-2.707,1.18
3971.53,0.172,-2.706,1.186
3971.71,0.184,-2.709,1.2
3971.89,0.185,-2.71,1.207
3972.7,0.197,-2.71,1.189
3972.26,0.214,-2.709,1.166
3972.44,0.209,-2.712,1.159
3972.62,0.195,-2.714,1.176
3977.18,0.187,-2.738,1.194
3977.36,0.194,-2.739,1.199
3977.54,0.17,-2.738,1.191
3977.72,0.209,-2.739,1.191
3977.91,0.183,-2.744,1.195
3978.9,0.186,-2.743,1.178
3978.27,0.179,-2.745,1.194
3978.45,0.2,-2.747,1.174
3978.64,0.201,-2.748,1.186
3978.82,0.213,-2.749,1.169
3979.0,0.181,-2.752,1.184
3979.18,0.174,-2.755,1.199
3979.36,0.21,-2.757,1.176
3979.55,0.179,-2.759,1.182
3979.73,0.19,-2.764,1.181
3979.91,0.189,-2.765,1.19
3980.9,0.183,-2.766,1.186
3980.28,0.19,-2.767,1.184
3980.46,0.212,-2.771,1.199
3980.64,0.184,-2.77,1.195
3980.82,0.206,-2.77,1.199
3981.0,0.188,-2.772,1.196
3981.19,0.196,-2.77,1.17
3981.37,0.187,-2.771,1.192
3981.55,0.078,-0.137,1.829
3981.73,0.214,-0.12,1.799
3981.92,0.203,-0.12,1.796
3982.1,0.229,-0.123,1.802
3982.28,0.214,-0.124,1.792
3982.46,0.187,-0.127,1.802
3982.65,0.203,-0.13,1.79
3982.83,0.23,-0.132,1.794
3983.1,0.21,-0.132,1.811
3983.19,0.176,-0.131,1.815
3983.37,0.191,-0.134,1.813
3983.56,0.219,-0.136,1.813
3983.74,0.224,-0.142,1.829
3983.92,0.185,-0.141,1.798
3984.1,0.226,-0.141,1.812
3984.29,0.146,-0.139,1.799
3984.47,0.259,-0.141,1.804
3984.65,0.177,-0.14,1.797
3984.83,0.225,-0.141,1.764
3985.2,0.186,-0.144,1.766
3985.2,0.202,-0.145,1.772
3985.38,0.195,-0.144,1.766
3985.56,0.201,-0.146,1.777
3985.74,0.195,-0.147,1.761
3985.93,0.235,-0.149,1.77
3986.11,0.196,-0.15,1.769
3986.29,0.232,-0.152,1.761
3986.47,0.19,-0.154,1.775
3986.66,0.219,-0.155,1.772
3986.84,0.226,-0.156,1.771
3987.2,0.211,-0.158,1.783
3987.2,0.217,-0.158,1.797
3987.38,0.196,-0.16,1.795
3987.57,0.222,-0.164,1.79
3987.75,0.182,-0.162,1.803
3987.93,0.208,-0.162,1.805
3988.11,0.207,-0.163,1.82
3988.3,0.201,-0.166,1.806
3988.48,0.213,-0.168,1.81
3988.66,0.209,-0.168,1.836
3988.84,0.217,-0.168,1.834
3989.3,0.204,-0.168,1.863
3989.21,0.201,-0.167,1.853
3989.39,0.213,-0.166,1.864
3989.57,0.221,-0.167,1.889
3989.75,0.198,-0.165,1.895
3989.94,0.205,-0.163,1.912
3990.12,0.201,-0.163,1.893
3990.3,0.196,-0.163,1.848
3990.48,0.207,-0.166,1.792
3990.67,0.217,-0.168,1.78
3990.85,0.191,-0.174,1.783
3991.3,0.219,-0.178,1.803
3991.21,0.185,-0.18,1.813
3991.4,0.208,-0.185,1.827
3991.58,0.198,-0.187,1.816
3991.76,0.195,-0.193,1.848
3991.94,0.195,-0.193,1.845
3992.12,0.211,-0.195,1.85
3992.31,0.201,-0.195,1.831
3992.49,0.201,-0.196,1.816
3992.67,0.212,-0.195,1.805
3992.85,0.199,-0.195,1.839
3993.4,0.194,-0.197,1.845
3993.22,0.215,-0.198,1.843
3993.4,0.205,-0.201,1.825
3993.58,0.211,-0.203,1.816
3993.77,0.205,-0.202,1.818
3993.95,0.201,-0.2,1.782
3994.13,0.198,-0.199,1.792
3994.31,0.212,-0.199,1.774
3994.49,0.209,-0.202,1.778
3994.68,0.188,-0.199,1.778
3994.86,0.224,-0.199,1.781
3995.4,0.193,-0.2,1.781
3995.22,0.232,-0.2,1.786
3995.41,0.189,-0.199,1.792
3995.59,0.243,-0.199,1.807
3995.77,0.197,-0.201,1.818
3995.95,0.221,-0.199,1.829
3996.14,0.196,-0.201,1.85
3996.32,0.189,-0.203,1.831
3996.5,0.221,-0.201,1.835
3996.68,0.199,-0.199,1.812
3997.96,0.208,-0.201,1.803
3998.14,0.229,-0.201,1.811
3998.32,0.199,-0.202,1.816
3998.51,0.213,-0.201,1.804
3998.69,0.228,-0.201,1.797
3998.87,0.201,-0.203,1.792
3999.5,0.222,-0.202,1.796
3999.23,0.188,-0.202,1.784
3999.42,0.251,-0.203,1.797
3999.6,0.194,-0.203,1.776
4005.25,0.231,-0.237,1.782
4005.43,0.188,-0.237,1.787
4005.61,0.197,-0.239,1.771
4005.8,0.221,-0.238,1.776
4005.98,0.204,-0.236,1.773
4006.16,0.201,-0.238,1.781
4006.34,0.22,-0.239,1.78
4006.53,0.204,-0.242,1.777
4006.71,0.207,-0.241,1.793
4006.89,0.209,-0.242,1.78
4007.7,0.212,-0.244,1.773
4007.26,0.2,-0.244,1.787
4007.44,0.195,-0.249,1.753
4007.62,0.244,-0.254,1.779
4007.8,0.181,-0.253,1.782
4007.98,0.223,-0.251,1.773
4008.17,0.194,-0.252,1.759
4008.35,0.222,-0.255,1.775
4008.53,0.201,-0.259,1.799
4008.71,0.195,-0.259,1.777
4008.9,0.198,-0.261,1.774
4009.8,0.201,-0.263,1.787
4009.26,0.195,-0.264,1.766
4009.44,0.222,-0.265,1.772
4009.62,0.168,-0.266,1.763
4009.81,0.234,-0.266,1.755
4009.99,0.182,-0.268,1.775
4010.17,0.202,-0.27,1.793
4010.35,0.228,-0.27,1.789
4010.54,0.185,-0.271,1.805
4010.72,0.208,-0.272,1.791
4010.9,0.208,-0.277,1.77
4011.8,0.218,-0.278,1.79
4011.27,0.213,-0.279,1.814
4011.45,0.205,-0.279,1.83
4011.63,0.182,-0.28,1.781
4011.81,0.232,-0.282,1.799
4011.99,0.206,-0.283,1.831
4012.18,0.199,-0.287,1.813
4012.36,0.189,-0.288,1.791
4014.18,0.191,-0.294,1.777
4014.36,0.226,-0.294,1.791
4014.55,0.192,-0.297,1.783
4014.73,0.214,-0.298,1.799
4014.91,0.182,-0.298,1.766
4015.9,0.216,-0.3,1.776
4015.28,0.208,-0.299,1.785
4015.46,0.207,-0.301,1.748
4015.64,0.219,-0.302,1.757
4015.82,0.198,-0.302,1.761
4016.0,0.172,-0.304,1.792
4016.19,0.202,-0.304,1.768
4016.37,0.189,-0.305,1.779
4016.55,0.184,-0.306,1.753
4016.73,0.216,-0.306,1.773
4016.92,0.209,-0.306,1.768
4017.1,0.2,-0.307,1.767
4017.28,0.165,-0.31,1.744
4017.46,0.223,-0.311,1.8
4017.64,0.214,-0.312,1.781
4017.83,0.206,-0.315,1.782
4018.1,0.218,-0.317,1.798
4018.19,0.203,-0.318,1.772
4018.37,0.21,-0.319,1.78
4018.56,0.222,-0.32,1.775
4018.74,0.181,-0.323,1.76
4018.92,0.211,-0.322,1.781
4019.1,0.207,-0.326,1.787
4019.29,0.216,-0.328,1.785
4019.47,0.198,-0.329,1.784
4019.65,0.227,-0.332,1.779
4019.83,0.192,-0.335,1.775
4020.1,0.19,-0.333,1.79
4020.2,0.21,-0.333,1.774
4020.38,0.202,-0.333,1.762
4020.56,0.197,-0.333,1.777
4020.74,0.218,-0.335,1.776
4020.93,0.185,-0.337,1.783
4021.11,0.238,-0.339,1.809
4021.29,0.21,-0.338,1.795
4021.47,0.201,-0.34,1.792
4021.65,0.215,-0.342,1.812
4021.84,0.165,-0.343,1.802
4022.2,0.241,-0.344,1.787
4022.2,0.166,-0.346,1.785
4022.38,0.227,-0.347,1.786
4022.57,0.189,-0.349,1.772
4022.75,0.217,-0.351,1.795
4022.93,0.209,-0.354,1.795
4023.11,0.197,-0.357,1.792
4023.3,0.206,-0.361,1.795
4023.48,0.22,-0.365,1.8
4023.66,0.209,-0.363,1.794
4023.84,0.207,-0.365,1.786
4024.2,0.228,-0.366,1.803
4024.21,0.195,-0.366,1.779
4024.39,0.212,-0.366,1.77
4024.57,0.217,-0.369,1.768
4024.75,0.207,-0.37,1.757
4024.94,0.199,-0.372,1.766
4025.12,0.221,-0.375,1.77
4025.3,0.201,-0.376,1.77
4025.48,0.193,-0.379,1.746
4025.67,0.206,-0.378,1.763
4025.85,0.217,-0.379,1.756
4026.3,0.227,-0.375,1.777
4026.21,0.202,-0.378,1.764
4026.39,0.196,-0.379,1.767
4026.58,0.188,-0.381,1.778
4026.76,0.196,-0.382,1.809
4026.94,0.209,-0.384,1.815
4027.12,0.232,-0.385,1.821
4027.31,0.207,-0.387,1.819
4027.49,0.215,-0.388,1.828
4027.67,0.207,-0.388,1.812
4027.85,0.215,-0.385,1.807
4028.3,0.198,-0.388,1.773
4028.22,0.218,-0.391,1.779
4028.4,0.217,-0.391,1.778
4028.58,0.195,-0.392,1.789
4028.76,0.227,-0.391,1.811
4028.95,0.21,-0.392,1.823
4029.13,0.229,-0.393,1.889
4029.31,0.184,-0.394,1.909
4029.49,0.207,-0.397,1.895
4029.68,0.212,-0.4,1.858
4029.86,0.188,-0.402,1.836
4030.4,0.235,-0.405,1.843
4030.22,0.201,-0.407,1.827
4030.4,0.209,-0.41,1.797
4030.59,0.204,-0.413,1.762
4030.77,0.206,-0.415,1.789
4030.95,0.198,-0.415,1.774
4031.13,0.209,-0.414,1.777
4031.32,0.217,-0.416,1.788
4031.5,0.212,-0.416,1.8
4031.68,0.217,-0.418,1.762
4031.86,0.195,-0.42,1.791
4032.4,0.196,-0.419,1.789
4032.23,0.196,-0.423,1.769
4032.41,0.209,-0.424,1.788
4032.59,0.204,-0.424,1.767
4032.77,0.208,-0.426,1.773
4032.96,0.214,-0.426,1.771
4033.14,0.204,-0.428,1.788
4033.32,0.217,-0.427,1.778
4033.5,0.215,-0.428,1.779
4033.68,0.197,-0.427,1.787
4033.87,0.207,-0.426,1.788
4034.5,0.22,-0.424,1.779
4034.23,0.221,-0.423,1.774
4034.41,0.219,-0.422,1.787
4034.6,0.217,-0.422,1.781
4034.78,0.205,-0.423,1.786
4034.96,0.208,-0.424,1.781
4035.14,0.227,-0.425,1.771
4035.33,0.21,-0.424,1.765
4035.51,0.216,-0.423,1.771
4035.69,0.192,-0.424,1.768
4035.87,0.205,-0.426,1.768
4036.5,0.195,-0.427,1.774
4036.24,0.199,-0.431,1.779
4036.42,0.204,-0.434,1.775
4038.42,0.209,-0.447,1.794
4038.61,0.2,-0.447,1.79
4038.79,0.198,-0.445,1.791
4038.97,0.205,-0.446,1.794
4039.15,0.216,-0.446,1.78
4039.33,0.225,-0.446,1.801
4039.52,0.207,-0.446,1.799
4039.7,0.227,-0.448,1.794
4039.88,0.211,-0.446,1.809
4040.6,0.218,-0.444,1.804
4046.8,0.212,-0.487,1.787
4046.26,0.21,-0.488,1.779
4046.44,0.207,-0.49,1.799
4046.63,0.222,-0.491,1.79
4046.81,0.206,-0.49,1.799
4046.99,0.229,-0.492,1.804
4047.17,0.214,-0.49,1.813
4047.35,0.207,-0.489,1.841
4047.54,0.195,-0.489,1.813
4047.72,0.223,-0.488,1.811
4047.9,0.196,-0.49,1.817
4048.8,0.221,-0.491,1.821
4048.27,0.189,-0.493,1.841
4048.45,0.222,-0.495,1.821
4048.63,0.198,-0.499,1.823
4048.81,0.217,-0.5,1.859
4048.99,0.207,-0.499,1.846
4049.18,0.218,-0.499,1.824
4049.36,0.208,-0.499,1.803
4049.54,0.195,-0.502,1.789
4049.72,0.204,-0.503,1.772
4049.91,0.191,-0.503,1.776
4050.9,0.197,-0.508,1.771
4050.27,0.211,-0.51,1.767
4050.45,0.225,-0.513,1.761
4050.63,0.189,-0.512,1.769
4050.82,0.222,-0.515,1.763
4051.0,0.197,-0.515,1.778
4051.18,0.197,-0.519,1.774
4051.36,0.213,-0.517,1.783
4051.55,0.191,-0.517,1.777
4051.73,0.226,-0.521,1.8
4051.91,0.185,-0.525,1.783
4052.9,0.218,-0.526,1.777
4052.28,0.197,-0.527,1.8
4052.46,0.207,-0.53,1.814
4052.64,0.21,-0.53,1.809
4052.82,0.208,-0.53,1.85
4053.0,0.203,-0.531,1.829
4053.19,0.211,-0.531,1.821
4053.37,0.199,-0.532,1.808
4053.55,0.21,-0.532,1.803
4053.73,0.219,-0.533,1.806
4053.92,0.206,-0.534,1.796
4054.1,0.2,-0.535,1.803
4054.28,0.22,-0.535,1.811
4054.46,0.193,-0.539,1.833
4054.64,0.215,-0.538,1.8
4054.83,0.217,-0.539,1.818
4055.1,0.216,-0.539,1.83
4055.19,0.218,-0.542,1.855
4055.37,0.201,-0.542,1.842
4055.56,0.201,-0.544,1.842
4055.74,0.216,-0.548,1.831
4055.92,0.223,-0.552,1.815
4056.1,0.177,-0.554,1.805
4056.29,0.213,-0.557,1.856
4056.47,0.187,-0.554,1.822
4056.65,0.211,-0.555,1.826
4056.83,0.204,-0.558,1.816
4057.1,0.215,-0.56,1.824
4057.2,0.214,-0.562,1.8
4057.38,0.223,-0.562,1.802
4058.65,0.229,-0.572,1.801
4058.84,0.217,-0.574,1.787
4059.2,0.198,-0.573,1.792
4059.2,0.225,-0.576,1.791
4059.38,0.203,-0.577,1.785
4059.57,0.19,-0.58,1.784
4059.75,0.195,-0.581,1.783
4059.93,0.232,-0.582,1.78
4060.11,0.22,-0.589,1.791
4060.29,0.214,-0.591,1.769
4060.48,0.21,-0.592,1.765
4060.66,0.238,-0.595,1.794
4060.84,0.228,-0.597,1.777
4061.2,0.202,-0.597,1.785
4061.21,0.231,-0.598,1.791
4061.39,0.208,-0.599,1.795
4061.57,0.221,-0.6,1.786
4061.75,0.245,-0.604,1.79
4061.94,0.203,-0.605,1.784
4062.12,0.233,-0.603,1.796
4062.3,0.198,-0.605,1.794
4062.48,0.247,-0.608,1.788
4062.66,0.22,-0.611,1.785
4062.85,0.226,-0.61,1.794
4063.3,0.23,-0.613,1.784
4063.21,0.204,-0.614,1.777
4063.39,0.2,-0.613,1.775
4063.58,0.212,-0.615,1.78
4063.76,0.206,-0.618,1.767
4063.94,0.205,-0.62,1.785
4064.12,0.228,-0.622,1.798
4064.3,0.206,-0.623,1.788
4064.49,0.215,-0.622,1.782
4064.67,0.211,-0.621,1.793
4064.85,0.209,-0.622,1.773
4065.3,0.215,-0.623,1.795
4065.22,0.197,-0.622,1.801
4065.4,0.208,-0.626,1.779
4065.58,0.222,-0.629,1.807
4065.76,0.187,-0.634,1.809
4065.95,0.201,-0.638,1.794
4066.13,0.2,-0.638,1.781
4066.31,0.203,-0.638,1.789
4066.49,0.235,-0.635,1.799
4066.67,0.223,-0.636,1.794
4066.86,0.224,-0.637,1.79
4067.4,0.215,-0.638,1.793
4067.22,0.228,-0.637,1.783
4067.4,0.202,-0.64,1.789
4069.4,0.216,-0.654,1.792
4069.23,0.219,-0.657,1.805
4069.41,0.219,-0.662,1.783
4069.59,0.189,-0.664,1.804
4069.77,0.215,-0.666,1.805
4069.95,0.204,-0.666,1.785
4070.14,0.202,-0.668,1.797
4070.32,0.21,-0.669,1.801
4070.5,0.186,-0.67,1.787
4070.68,0.219,-0.67,1.797
4070.87,0.193,-0.672,1.802
4071.5,0.194,-0.675,1.772
4071.23,0.2,-0.674,1.795
4071.41,0.222,-0.676,1.791
4072.69,0.193,-0.68,1.789
4072.87,0.21,-0.68,1.8
4073.5,0.223,-0.683,1.797
4073.24,0.212,-0.682,1.802
4073.42,0.231,-0.683,1.799
4073.6,0.199,-0.686,1.792
4073.78,0.231,-0.686,1.789
4073.96,0.203,-0.688,1.804
4074.15,0.217,-0.688,1.791
4074.33,0.221,-0.69,1.785
4074.51,0.224,-0.693,1.775
4079.8,0.217,-0.711,1.79
4079.98,0.228,-0.711,1.777
4080.16,0.214,-0.711,1.785
4080.34,0.226,-0.711,1.8
4080.53,0.228,-0.712,1.789
4080.71,0.232,-0.711,1.794
4080.89,0.23,-0.711,1.785
4081.7,0.215,-0.714,1.795
4081.26,0.217,-0.715,1.792
4081.44,0.21,-0.718,1.783
4081.62,0.208,-0.717,1.796
4081.8,0.227,-0.718,1.797
4081.98,0.188,-0.72,1.784
4082.17,0.232,-0.721,1.801
4082.35,0.192,-0.723,1.786
4082.53,0.235,-0.725,1.77
4083.62,0.214,-0.737,1.794
4083.81,0.197,-0.738,1.775
4083.99,0.197,-0.738,1.779
4084.17,0.205,-0.737,1.782
4084.35,0.213,-0.742,1.798
4084.54,0.208,-0.742,1.791
4084.72,0.209,-0.744,1.799
4084.9,0.22,-0.743,1.789
4085.8,0.196,-0.744,1.761
4085.27,0.219,-0.746,1.775
4085.45,0.216,-0.747,1.788
4091.28,0.205,-0.781,1.769
4091.46,0.223,-0.778,1.772
4091.64,0.208,-0.777,1.758
4091.83,0.21,-0.776,1.765
4092.1,0.218,-0.775,1.775
4092.19,0.218,-0.775,1.771
4092.37,0.193,-0.777,1.787
4092.56,0.213,-0.778,1.775
4092.74,0.204,-0.783,1.786
4092.92,0.227,-0.782,1.793
4093.1,0.211,-0.783,1.782
4093.29,0.21,-0.785,1.805
4093.47,0.219,-0.788,1.791
4093.65,0.212,-0.792,1.788
4093.83,0.201,-0.796,1.776
4094.1,0.235,-0.797,1.799
4095.11,0.235,-0.801,1.809
4095.29,0.198,-0.802,1.787
4095.47,0.214,-0.803,1.782
4095.66,0.219,-0.805,1.818
4095.84,0.214,-0.806,1.8
4096.2,0.216,-0.807,1.818
4096.2,0.217,-0.811,1.81
4096.38,0.206,-0.809,1.837
4096.57,0.2,-0.811,1.851
4096.75,0.2,-0.812,1.811
4096.93,0.229,-0.813,1.806
4097.11,0.214,-0.816,1.8
4097.3,0.236,-0.817,1.789
4097.48,0.205,-0.817,1.78
4097.66,0.199,-0.819,1.804
4097.84,0.2,-0.821,1.801
4098.2,0.226,-0.824,1.782
4098.21,0.189,-0.828,1.778
4098.39,0.218,-0.829,1.776
4098.57,0.202,-0.831,1.773
4098.75,0.229,-0.835,1.785
4098.94,0.2,-0.838,1.787
4099.12,0.216,-0.839,1.791
4099.3,0.21,-0.839,1.805
4099.48,0.2,-0.838,1.801
4099.67,0.21,-0.839,1.808
4099.85,0.222,-0.838,1.805
4100.3,0.203,-0.835,1.806
4100.21,0.228,-0.837,1.831
4100.39,0.211,-0.836,1.821
4100.58,0.219,-0.837,1.793
4100.76,0.193,-0.838,1.829
4100.94,0.193,-0.838,1.84
4101.12,0.222,-0.842,1.839
4101.31,0.198,-0.845,1.847
4101.49,0.232,-0.847,1.827
4101.67,0.207,-0.846,1.82
4101.85,0.194,-0.843,1.803
4102.3,0.235,-0.84,1.793
4102.22,0.224,-0.84,1.78
4102.4,0.229,-0.843,1.771
4102.58,0.213,-0.843,1.782
4102.76,0.208,-0.843,1.794
4102.95,0.204,-0.842,1.801
4103.13,0.224,-0.843,1.802
4103.31,0.199,-0.844,1.799
4103.49,0.227,-0.843,1.817
4103.68,0.219,-0.843,1.841
4103.86,0.21,-0.843,1.845
4104.4,0.207,-0.839,1.832
4104.22,0.185,-0.841,1.849
4104.4,0.208,-0.84,1.845
4104.59,0.208,-0.841,1.823
4104.77,0.2,-0.841,1.773
4104.95,0.216,-0.843,1.776
4105.13,0.221,-0.841,1.773
4105.32,0.214,-0.841,1.774
4105.5,0.202,-0.841,1.778
4105.68,0.215,-0.842,1.78
4105.86,0.225,-0.843,1.797
4106.4,0.221,-0.847,1.806
4106.23,0.215,-0.848,1.783
4106.41,0.198,-0.851,1.798
4106.59,0.192,-0.853,1.808
4106.77,0.229,-0.856,1.816
4106.96,0.203,-0.857,1.816
4107.14,0.216,-0.859,1.819
4107.32,0.191,-0.859,1.8
4107.5,0.232,-0.86,1.778
4107.69,0.216,-0.862,1.771
4107.87,0.204,-0.865,1.783
4108.5,0.224,-0.866,1.781
4108.23,0.202,-0.865,1.786
4108.41,0.204,-0.864,1.782
4108.6,0.203,-0.866,1.797
4108.78,0.217,-0.866,1.805
4108.96,0.225,-0.866,1.787
4109.14,0.203,-0.866,1.786
4109.33,0.207,-0.868,1.81
4109.51,0.208,-0.868,1.793
4110.78,0.197,-0.87,1.783
4110.97,0.223,-0.871,1.778
4111.15,0.22,-0.869,1.764
4111.33,0.199,-0.869,1.757
4111.51,0.235,-0.869,1.759
4111.7,0.206,-0.87,1.751
4111.88,0.227,-0.872,1.754
4112.6,0.209,-0.871,1.757
4112.24,0.237,-0.869,1.754
4112.43,0.202,-0.872,1.758
4112.61,0.23,-0.875,1.756
4112.79,0.204,-0.875,1.763
4112.97,0.221,-0.874,1.759
4113.15,0.193,-0.878,1.763
4113.34,0.238,-0.878,1.756
4113.52,0.213,-0.88,1.746
4113.7,0.228,-0.883,1.756
4113.88,0.201,-0.884,1.74
4114.7,0.218,-0.882,1.752
4114.25,0.217,-0.883,1.759
4114.43,0.22,-0.884,1.775
4114.61,0.21,-0.884,1.761
4114.8,0.214,-0.885,1.772
4114.98,0.205,-0.888,1.767
4115.16,0.206,-0.888,1.77
4115.34,0.213,-0.888,1.768
4115.52,0.227,-0.887,1.758
4115.71,0.207,-0.891,1.772
4115.89,0.216,-0.89,1.764
4116.7,0.213,-0.893,1.764
4116.25,0.216,-0.896,1.763
4116.44,0.241,-0.898,1.779
4116.62,0.197,-0.898,1.782
4116.8,0.218,-0.902,1.758
4116.98,0.206,-0.904,1.777
4117.16,0.207,-0.906,1.775
4117.35,0.216,-0.91,1.767
4117.53,0.197,-0.908,1.772
4117.71,0.234,-0.909,1.789
4117.89,0.208,-0.91,1.754
4118.8,0.208,-0.908,1.794
4118.26,0.213,-0.91,1.759
4118.44,0.209,-0.914,1.781
4118.62,0.202,-0.919,1.765
4118.81,0.227,-0.921,1.757
4118.99,0.189,-0.924,1.769
4119.17,0.216,-0.928,1.779
4119.35,0.206,-0.931,1.786
4119.53,0.225,-0.929,1.782
4119.72,0.212,-0.931,1.779
4119.9,0.214,-0.934,1.779
4120.8,0.185,-0.934,1.784
4120.26,0.233,-0.937,1.782
4120.45,0.207,-0.939,1.779
4120.63,0.234,-0.94,1.786
4120.81,0.209,-0.941,1.79
4120.99,0.195,-0.94,1.776
4121.18,0.207,-0.938,1.794
4121.36,0.213,-0.942,1.785
4121.54,0.206,-0.942,1.789
4121.72,0.208,-0.942,1.794
4121.9,0.214,-0.943,1.782
4122.9,0.203,-0.945,1.785
4122.27,0.209,-0.945,1.786
4122.45,0.202,-0.946,1.806
4122.63,0.214,-0.95,1.783
4122.82,0.215,-0.95,1.793
4123.0,0.212,-0.951,1.792
4123.18,0.219,-0.949,1.785
4123.36,0.217,-0.95,1.794
4123.54,0.206,-0.954,1.793
4123.73,0.213,-0.952,1.789
4123.91,0.211,-0.951,1.78
4124.9,0.22,-0.953,1.812
4124.27,0.192,-0.957,1.808
4124.46,0.204,-0.96,1.788
4124.64,0.206,-0.961,1.772
4124.82,0.234,-0.962,1.79
4125.0,0.214,-0.963,1.78
4125.19,0.211,-0.959,1.776
4125.37,0.216,-0.96,1.777
4125.55,0.227,-0.963,1.8
4125.73,0.2,-0.963,1.797
4125.91,0.257,-0.965,1.795
4126.1,0.199,-0.966,1.788
4126.28,0.227,-0.968,1.785
4126.46,0.186,-0.965,1.779
4126.64,0.208,-0.967,1.778
4126.83,0.19,-0.967,1.782
4127.1,0.219,-0.969,1.804
4127.19,0.205,-0.969,1.793
4127.37,0.217,-0.973,1.805
4127.56,0.194,-0.975,1.79
4127.74,0.205,-0.974,1.796
4127.92,0.196,-0.972,1.793
4128.1,0.219,-0.974,1.8
4128.28,0.219,-0.976,1.797
4128.47,0.215,-0.976,1.792
4128.65,0.188,-0.98,1.799
4128.83,0.221,-0.981,1.791
4129.1,0.21,-0.981,1.796
4129.2,0.214,-0.98,1.784
4129.38,0.213,-0.98,1.79
4129.56,0.198,-0.981,1.784
4129.74,0.198,-0.983,1.795
4129.93,0.217,-0.986,1.786
4130.11,0.226,-0.988,1.799
4130.29,0.203,-0.987,1.797
4130.47,0.217,-0.986,1.805
4130.65,0.23,-0.988,1.804
4130.84,0.204,-0.991,1.8
4131.2,0.207,-0.995,1.788
4131.2,0.227,-0.998,1.797
4131.38,0.204,-0.999,1.791
4131.57,0.202,-0.998,1.777
4131.75,0.217,-0.992,1.767
4131.93,0.192,-0.993,1.782
4132.11,0.192,-0.992,1.762
4132.3,0.188,-0.997,1.768
4132.48,0.212,-0.996,1.771
4132.66,0.199,-0.995,1.781
4132.84,0.198,-0.996,1.786
4133.2,0.215,-0.999,1.799
4133.21,0.207,-0.999,1.793
4133.39,0.2,-0.997,1.789
4133.57,0.221,-1.001,1.805
4133.75,0.221,-1.007,1.795
4133.94,0.21,-1.008,1.812
4134.12,0.208,-1.012,1.79
4134.3,0.216,-1.012,1.787
4134.48,0.212,-1.013,1.765
4134.67,0.21,-1.012,1.773
4134.85,0.202,-1.015,1.765
4135.3,0.216,-1.015,1.775
4135.21,0.206,-1.016,1.768
4135.39,0.206,-1.016,1.754
4135.58,0.205,-1.018,1.778
4135.76,0.215,-1.016,1.793
4137.76,0.212,-1.02,1.796
4137.95,0.196,-1.022,1.782
4138.13,0.227,-1.024,1.797
4138.31,0.206,-1.026,1.792
4138.49,0.196,-1.029,1.792
4138.68,0.234,-1.032,1.799
4138.86,0.186,-1.032,1.801
4139.4,0.203,-1.033,1.782
4139.22,0.234,-1.035,1.789
4139.41,0.178,-1.035,1.783
4139.59,0.213,-1.037,1.794
4139.77,0.196,-1.038,1.792
4139.95,0.199,-1.04,1.8
4140.13,0.205,-1.04,1.796
4140.32,0.225,-1.043,1.781
4140.5,0.216,-1.044,1.792
4140.68,0.195,-1.042,1.784
4140.86,0.215,-1.045,1.792
4141.5,0.213,-1.048,1.782
4141.23,0.194,-1.049,1.796
4141.41,0.209,-1.053,1.797
4141.59,0.203,-1.059,1.778
4141.77,0.201,-1.06,1.79
4141.96,0.232,-1.061,1.788
4142.14,0.191,-1.058,1.813
4143.42,0.202,-1.064,1.802
4143.6,0.228,-1.065,1.811
4143.78,0.198,-1.066,1.796
4143.96,0.202,-1.069,1.801
4144.14,0.189,-1.071,1.783
4144.33,0.222,-1.074,1.777
4144.51,0.202,-1.074,1.767
4144.69,0.22,-1.073,1.79
4144.87,0.197,-1.077,1.783
4145.6,0.218,-1.075,1.793
4145.24,0.223,-1.076,1.791
4145.42,0.207,-1.078,1.801
4145.6,0.203,-1.082,1.808
4145.79,0.211,-1.086,1.817
4145.97,0.201,-1.088,1.812
4146.15,0.208,-1.091,1.815
4146.33,0.201,-1.093,1.81
4146.51,0.222,-1.096,1.837
4146.7,0.2,-1.098,1.839
4146.88,0.213,-1.098,1.854
4147.6,0.204,-1.097,1.845
4147.24,0.228,-1.101,1.839
4147.43,0.178,-1.103,1.83
4147.61,0.209,-1.104,1.834
4147.79,0.209,-1.107,1.822
4147.97,0.221,-1.106,1.841
4148.16,0.205,-1.108,1.813
4148.34,0.221,-1.109,1.836
4148.52,0.217,-1.11,1.852
4148.7,0.2,-1.112,1.814
4148.88,0.209,-1.11,1.785
4149.7,0.203,-1.112,1.803
4149.25,0.22,-1.113,1.812
4149.43,0.199,-1.114,1.813
4149.61,0.208,-1.116,1.809
4149.8,0.22,-1.12,1.81
4149.98,0.21,-1.12,1.8
4150.16,0.223,-1.122,1.82
4150.34,0.203,-1.123,1.81
4150.53,0.241,-1.126,1.808
4150.71,0.203,-1.129,1.806
4150.89,0.209,-1.131,1.811
4151.7,0.212,-1.135,1.799
4151.25,0.206,-1.134,1.815
4151.44,0.211,-1.134,1.796
4151.62,0.198,-1.135,1.78
4151.8,0.233,-1.137,1.774
4151.98,0.212,-1.136,1.752
4152.17,0.212,-1.137,1.758
4153.26,0.206,-1.136,1.764
4153.44,0.213,-1.137,1.772
4153.62,0.2,-1.135,1.769
4153.81,0.212,-1.134,1.793
4153.99,0.201,-1.134,1.772
4154.17,0.201,-1.135,1.775
4154.35,0.197,-1.132,1.788
4154.54,0.205,-1.134,1.769
4154.72,0.206,-1.134,1.789
4154.9,0.199,-1.135,1.8
4155.8,0.215,-1.137,1.801
4155.27,0.22,-1.139,1.775
4155.45,0.213,-1.139,1.795
4155.63,0.212,-1.141,1.795
4155.81,0.2,-1.138,1.787
4155.99,0.2,-1.141,1.779
4156.18,0.22,-1.141,1.778
4156.36,0.201,-1.14,1.77
4156.54,0.212,-1.14,1.78
4156.72,0.208,-1.142,1.781
4156.91,0.215,-1.143,1.787
4157.9,0.206,-1.143,1.768
4157.27,0.211,-1.144,1.774
4157.45,0.176,-1.147,1.782
4157.64,0.217,-1.146,1.791
4157.82,0.212,-1.147,1.782
4158.0,0.189,-1.15,1.768
4158.18,0.218,-1.151,1.764
4158.36,0.198,-1.15,1.782
4158.55,0.209,-1.151,1.766
4158.73,0.201,-1.153,1.779
4158.91,0.2,-1.155,1.78
4159.9,0.202,-1.154,1.785
4159.28,0.197,-1.153,1.774
4159.46,0.209,-1.156,1.785
4159.64,0.199,-1.157,1.782
4159.82,0.219,-1.156,1.778
4160.1,0.208,-1.158,1.797
4160.19,0.195,-1.16,1.792
4160.37,0.187,-1.161,1.783
4160.55,0.215,-1.163,1.776
4160.73,0.2,-1.166,1.78
4160.92,0.203,-1.17,1.764
4161.1,0.209,-1.171,1.77
4161.28,0.22,-1.174,1.775
4161.46,0.209,-1.174,1.768
4161.65,0.224,-1.174,1.771
4161.83,0.206,-1.175,1.781
4162.1,0.197,-1.176,1.782
4162.19,0.223,-1.178,1.79
4162.38,0.198,-1.177,1.795
4162.56,0.206,-1.179,1.779
4162.74,0.216,-1.181,1.776
4162.92,0.21,-1.186,1.787
4163.1,0.198,-1.189,1.788
4163.29,0.219,-1.189,1.77
4163.47,0.219,-1.191,1.788
4163.65,0.204,-1.19,1.779
4163.83,0.203,-1.191,1.771
4164.2,0.213,-1.194,1.789
4164.2,0.191,-1.197,1.801
4164.38,0.208,-1.199,1.779
4164.56,0.209,-1.197,1.735
4164.75,0.229,-1.199,1.745
4164.93,0.206,-1.2,1.783
4166.2,0.195,-1.204,1.778
4166.2,0.197,-1.206,1.761
4166.39,0.211,-1.207,1.764
4166.57,0.229,-1.209,1.781
4166.75,0.197,-1.207,1.766
4166.93,0.226,-1.21,1.79
4167.12,0.194,-1.21,1.804
4167.3,0.218,-1.211,1.821
4167.48,0.206,-1.21,1.795
4167.66,0.202,-1.212,1.772
4167.84,0.189,-1.209,1.783
4173.68,0.2,-1.238,1.777
4173.86,0.191,-1.237,1.779
4174.4,0.216,-1.238,1.789
4174.23,0.225,-1.239,1.776
4174.41,0.218,-1.236,1.783
4174.59,0.219,-1.235,1.788
4174.77,0.202,-1.236,1.766
4174.96,0.227,-1.238,1.761
4175.14,0.204,-1.238,1.752
4175.32,0.217,-1.24,1.759
4175.5,0.204,-1.238,1.765
4175.68,0.218,-1.236,1.759
4175.87,0.206,-1.235,1.791
4176.5,0.206,-1.235,1.776
4176.23,0.199,-1.236,1.788
4176.41,0.201,-1.234,1.79
4176.6,0.204,-1.233,1.773
4176.78,0.196,-1.233,1.781
4176.96,0.197,-1.235,1.739
4178.5,0.199,-1.242,1.761
4178.24,0.212,-1.243,1.758
4178.42,0.223,-1.245,1.759
4178.6,0.208,-1.247,1.754
4178.78,0.203,-1.245,1.78
4178.97,0.208,-1.243,1.77
4179.15,0.205,-1.242,1.776
4179.33,0.187,-1.242,1.79
4179.51,0.23,-1.244,1.783
4179.7,0.216,-1.242,1.775
4179.88,0.23,-1.244,1.786
4180.6,0.203,-1.243,1.792
4180.24,0.225,-1.244,1.755
4180.42,0.194,-1.243,1.775
4180.61,0.203,-1.243,1.774
4180.79,0.23,-1.245,1.78
4180.97,0.191,-1.244,1.777
4181.15,0.226,-1.246,1.768
4181.34,0.192,-1.247,1.785
4181.52,0.222,-1.247,1.768
4181.7,0.21,-1.247,1.771
4181.88,0.192,-1.25,1.771
4182.7,0.232,-1.248,1.761
4182.25,0.174,-1.246,1.776
4182.43,0.215,-1.245,1.783
4182.61,0.203,-1.248,1.795
4182.79,0.215,-1.253,1.785
4182.98,0.199,-1.253,1.778
4183.16,0.201,-1.252,1.769
4183.34,0.222,-1.255,1.772
4186.44,0.181,-1.268,1.796
4186.62,0.215,-1.27,1.803
4186.8,0.21,-1.27,1.816
4186.99,0.213,-1.267,1.805
4187.17,0.186,-1.267,1.796
4187.35,0.22,-1.269,1.785
4187.53,0.193,-1.268,1.78
4187.72,0.211,-1.269,1.78
4187.9,0.199,-1.271,1.776
4188.8,0.226,-1.273,1.767
4188.26,0.198,-1.274,1.771
4188.45,0.208,-1.276,1.745
4188.63,0.201,-1.278,1.749
4188.81,0.213,-1.281,1.75
4188.99,0.21,-1.283,1.766
4189.17,0.238,-1.285,1.785
4189.36,0.188,-1.286,1.788
4189.54,0.235,-1.29,1.786
4189.72,0.192,-1.291,1.802
4189.9,0.2,-1.289,1.795
4190.9,0.222,-1.291,1.807
4190.27,0.202,-1.289,1.79
4191.36,0.203,-1.298,1.745
4191.54,0.205,-1.3,1.76
4191.73,0.204,-1.301,1.773
4191.91,0.225,-1.301,1.791
4192.9,0.207,-1.3,1.811
4192.27,0.207,-1.297,1.821
4192.46,0.209,-1.297,1.839
4192.64,0.216,-1.302,1.874
4192.82,0.2,-1.302,1.866
4193.0,0.213,-1.304,1.835
4193.18,0.217,-1.304,1.824
4193.37,0.207,-1.307,1.823
4193.55,0.213,-1.306,1.836
4193.73,0.207,-1.305,1.813
4193.91,0.213,-1.307,1.8
4194.1,0.197,-1.31,1.791
4194.28,0.22,-1.311,1.757
4194.46,0.205,-1.311,1.749
4194.64,0.212,-1.311,1.768
4195.74,0.221,-1.315,1.765
4195.92,0.218,-1.315,1.775
4196.1,0.204,-1.316,1.78
4196.28,0.224,-1.314,1.775
4196.47,0.208,-1.314,1.784
4196.65,0.222,-1.316,1.768
4196.83,0.2,-1.318,1.776
4197.1,0.193,-1.323,1.767
4197.19,0.209,-1.324,1.766
4197.38,0.212,-1.325,1.778
4197.56,0.216,-1.326,1.781
4203.76,0.202,-1.353,1.777
4203.94,0.212,-1.352,1.803
4204.12,0.198,-1.352,1.783
4204.3,0.23,-1.354,1.826
4204.49,0.221,-1.354,1.823
4204.67,0.216,-1.353,1.854
4204.85,0.213,-1.355,1.86
4205.3,0.207,-1.355,1.908
4205.21,0.22,-1.357,1.918
4205.4,0.213,-1.357,1.956
4205.58,0.193,-1.357,1.909
4205.76,0.205,-1.361,1.854
4205.94,0.218,-1.361,1.819
4206.13,0.215,-1.362,1.828
4206.31,0.195,-1.361,1.819
4206.49,0.219,-1.366,1.797
4206.67,0.194,-1.366,1.797
4206.85,0.207,-1.368,1.773
4207.4,0.199,-1.369,1.778
4207.22,0.196,-1.369,1.777
4207.4,0.197,-1.372,1.784
4207.58,0.217,-1.373,1.783
4208.68,0.198,-1.379,1.764
4208.86,0.19,-1.381,1.756
4209.4,0.205,-1.384,1.767
4209.22,0.193,-1.387,1.758
4209.41,0.211,-1.387,1.757
4209.59,0.204,-1.389,1.751
4209.77,0.2,-1.391,1.766
4209.95,0.207,-1.392,1.764
4210.14,0.201,-1.395,1.77
4210.32,0.202,-1.395,1.772
4210.5,0.214,-1.395,1.777
4217.25,0.202,-1.435,1.759
4217.43,0.238,-1.436,1.756
4217.61,0.182,-1.436,1.756
4217.79,0.217,-1.439,1.754
4217.97,0.202,-1.441,1.749
4218.16,0.201,-1.443,1.769
4218.34,0.227,-1.441,1.756
4218.52,0.199,-1.444,1.751
4218.7,0.202,-1.448,1.752
4218.89,0.199,-1.447,1.755
4219.7,0.207,-1.447,1.751
4219.25,0.214,-1.464,1.777
4224.72,0.204,-1.463,1.788
4224.9,0.21,-1.465,1.782
4225.8,0.193,-1.467,1.793
4225.27,0.207,-1.47,1.786
4225.45,0.213,-1.473,1.774
4225.63,0.203,-1.478,1.782
4225.81,0.204,-1.48,1.791
4225.99,0.218,-1.48,1.774
4226.18,0.19,-1.48,1.791
4226.36,0.202,-1.483,1.795
4231.83,0.212,-1.525,1.762
4232.1,0.187,-1.525,1.749
4232.19,0.215,-1.524,1.759
4232.37,0.219,-1.524,1.775
4232.56,0.195,-1.523,1.744
4232.74,0.219,-1.524,1.754
4232.92,0.203,-1.524,1.771
4233.1,0.206,-1.524,1.758
4233.29,0.219,-1.527,1.762
4233.47,0.198,-1.528,1.755
4233.65,0.219,-1.53,1.765
4233.83,0.204,-1.529,1.76
4234.1,0.23,-1.527,1.737
4234.2,0.204,-1.53,1.747
4234.38,0.198,-1.532,1.746
4234.56,0.222,-1.532,1.764
4234.74,0.19,-1.531,1.757
4234.93,0.243,-1.532,1.741
4235.11,0.215,-1.531,1.767
4235.29,0.222,-1.533,1.748
4235.47,0.216,-1.533,1.759
4235.66,0.206,-1.534,1.766
4235.84,0.225,-1.539,1.746
4236.2,0.205,-1.539,1.754
4236.2,0.211,-1.541,1.763
4236.38,0.199,-1.544,1.755
4236.57,0.204,-1.545,1.755
4236.75,0.221,-1.547,1.764
4236.93,0.199,-1.549,1.758
4237.11,0.203,-1.551,1.745
4237.3,0.222,-1.552,1.76
4237.48,0.172,-1.552,1.743
4237.66,0.228,-1.553,1.741
4237.84,0.19,-1.554,1.764
4238.3,0.217,-1.554,1.753
4238.21,0.203,-1.558,1.752
4238.39,0.218,-1.56,1.764
4238.57,0.209,-1.559,1.757
4238.75,0.196,-1.558,1.76
4238.94,0.232,-1.557,1.758
4239.12,0.19,-1.559,1.751
4239.3,0.207,-1.556,1.744
4239.48,0.202,-1.557,1.763
4239.67,0.22,-1.556,1.742
4239.85,0.205,-1.555,1.745
4240.3,0.196,-1.554,1.76
4240.21,0.208,-1.555,1.765
4240.4,0.199,-1.554,1.761
4240.58,0.225,-1.557,1.754
4240.76,0.194,-1.56,1.75
4240.94,0.208,-1.561,1.737
4241.12,0.19,-1.563,1.757
4241.31,0.212,-1.56,1.749
4241.49,0.208,-1.56,1.757
4241.67,0.201,-1.561,1.752
4241.85,0.22,-1.561,1.761
4242.4,0.193,-1.558,1.768
4242.22,0.208,-1.558,1.756
4242.4,0.209,-1.559,1.758
4242.58,0.201,-1.564,1.781
4242.77,0.212,-1.566,1.756
4242.95,0.198,-1.569,1.76
4243.13,0.192,-1.571,1.76
4243.31,0.232,-1.572,1.767
4243.49,0.21,-1.572,1.759
4243.68,0.184,-1.57,1.757
4243.86,0.195,-1.569,1.762
4244.4,0.205,-1.569,1.763
4244.22,0.208,-1.571,1.759
4244.41,0.23,-1.57,1.764
4244.59,0.227,-1.57,1.747
4244.77,0.216,-1.57,1.766
4249.15,0.2,-1.584,1.894
4249.33,0.203,-1.587,1.867
4249.51,0.201,-1.588,1.816
4249.69,0.19,-1.588,1.827
4249.87,0.212,-1.59,1.825
4250.6,0.206,-1.591,1.829
4250.24,0.185,-1.593,1.822
4250.42,0.21,-1.597,1.8
4250.6,0.207,-1.597,1.796
4250.79,0.218,-1.598,1.796
4250.97,0.2,-1.598,1.784
4256.8,0.191,-1.637,1.813
4256.98,0.228,-1.637,1.803
4257.16,0.208,-1.636,1.833
4257.35,0.212,-1.637,1.834
4257.53,0.217,-1.638,1.843
4257.71,0.216,-1.638,1.909
4257.89,0.227,-1.64,1.894
4258.8,0.196,-1.641,1.901
4258.26,0.212,-1.641,1.895
4258.44,0.201,-1.64,1.864
4258.62,0.211,-1.641,1.833
4258.81,0.19,-1.644,1.805
4258.99,0.215,-1.645,1.835
4259.17,0.2,-1.646,1.839
4259.35,0.211,-1.648,1.849
4259.53,0.218,-1.647,1.857
4259.72,0.202,-1.648,1.869
4259.9,0.212,-1.65,1.866
4260.8,0.2,-1.653,1.846
4260.26,0.191,-1.654,1.823
4260.45,0.2,-1.655,1.818
4260.63,0.224,-1.653,1.809
4260.81,0.21,-1.655,1.843
4260.99,0.217,-1.658,1.894
4261.18,0.21,-1.66,1.881
4261.36,0.195,-1.661,1.858
4261.54,0.213,-1.664,1.819
4261.72,0.198,-1.666,1.785
4261.9,0.22,-1.671,1.794
4262.9,0.191,-1.673,1.802
4263.36,0.209,-1.683,1.815
4263.55,0.198,-1.684,1.8
4263.73,0.22,-1.685,1.76
4263.91,0.204,-1.686,1.768
4264.9,0.181,-1.684,1.766
4264.27,0.206,-1.681,1.795
4264.46,0.209,-1.683,1.79
4264.64,0.204,-1.684,1.776
4264.82,0.194,-1.682,1.784
4265.0,0.203,-1.681,1.775
4265.19,0.221,-1.68,1.783
4265.37,0.202,-1.681,1.78
4265.55,0.208,-1.684,1.767
4265.73,0.207,-1.682,1.782
4265.91,0.219,-1.683,1.791
4266.1,0.168,-1.685,1.801
4266.28,0.187,-1.688,1.783
4266.46,0.222,-1.692,1.795
4266.64,0.2,-1.692,1.785
4266.83,0.198,-1.692,1.792
4267.1,0.223,-1.694,1.825
4267.19,0.212,-1.693,1.86
4267.37,0.214,-1.695,1.859
4267.56,0.193,-1.695,1.801
4267.74,0.195,-1.694,1.762
4267.92,0.198,-1.695,1.774
4268.1,0.185,-1.697,1.801
4268.28,0.221,-1.7,1.81
4268.47,0.19,-1.701,1.811
4268.65,0.24,-1.704,1.819
4268.83,0.19,-1.709,1.82
4269.1,0.21,-1.709,1.798
4269.2,0.209,-1.708,1.77
4269.38,0.213,-1.709,1.77
4269.56,0.25,-1.71,1.815
4269.74,0.176,-1.709,1.802
4269.93,0.223,-1.712,1.789
4270.11,0.198,-1.71,1.798
4270.29,0.224,-1.708,1.807
4270.47,0.204,-1.709,1.784
4270.65,0.196,-1.707,1.751
4270.84,0.216,-1.707,1.758
4271.2,0.198,-1.707,1.768
4271.2,0.216,-1.71,1.762
4271.38,0.199,-1.71,1.762
4271.57,0.194,-1.712,1.78
4271.75,0.22,-1.714,1.761
4271.93,0.217,-1.715,1.799
4272.11,0.195,-1.718,1.794
4272.29,0.215,-1.721,1.786
4272.48,0.204,-1.722,1.796
4272.66,0.204,-1.727,1.768
4272.84,0.196,-1.728,1.775
4273.2,0.204,-1.729,1.788
4273.21,0.216,-1.732,1.797
4273.39,0.206,-1.734,1.796
4273.57,0.207,-1.735,1.79
4273.75,0.231,-1.735,1.798
4273.94,0.213,-1.734,1.799
4274.12,0.187,-1.735,1.806
4274.3,0.224,-1.737,1.792
4274.48,0.228,-1.738,1.823
4274.66,0.18,-1.742,1.808
4274.85,0.207,-1.745,1.816
4275.3,0.168,-1.742,1.855
4276.12,0.225,-1.75,1.797
4276.31,0.186,-1.751,1.776
4276.49,0.218,-1.75,1.774
4276.67,0.199,-1.752,1.786
4276.85,0.204,-1.749,1.764
4277.3,0.234,-1.752,1.779
4277.22,0.201,-1.754,1.779
4277.4,0.205,-1.755,1.77
4277.58,0.227,-1.754,1.781
4277.76,0.213,-1.755,1.759
4277.95,0.213,-1.757,1.78
4278.13,0.214,-1.758,1.806
4278.31,0.203,-1.755,1.77
4278.49,0.19,-1.757,1.856
4278.68,0.222,-1.758,1.885
4278.86,0.193,-1.759,1.901
4279.4,0.226,-1.755,1.884
4279.22,0.234,-1.757,1.865
4279.4,0.163,-1.758,1.815
4279.59,0.232,-1.76,1.811
4279.77,0.212,-1.759,1.806
4279.95,0.172,-1.76,1.802
4280.13,0.235,-1.76,1.823
4280.32,0.234,-1.759,1.823
4280.5,0.204,-1.758,1.812
4283.42,0.165,-1.775,1.886
4283.6,0.283,-1.776,1.892
4283.78,0.139,-1.776,1.872
4283.96,0.253,-1.777,1.831
4284.14,0.159,-1.777,1.788
4284.33,0.245,-1.778,1.787
4284.51,0.174,-1.775,1.788
4284.69,0.248,-1.774,1.8
4284.87,0.199,-1.778,1.765
4285.6,0.239,-1.781,1.787
4285.24,0.182,-1.78,1.824
4285.42,0.254,-1.784,1.822
4285.6,0.184,-1.786,1.823
4285.79,0.237,-1.788,1.848
4285.97,0.216,-1.788,1.845
4286.15,0.221,-1.787,1.807
4286.33,0.19,-1.79,1.806
4286.52,0.238,-1.792,1.822
4286.7,0.183,-1.793,1.794
4286.88,0.217,-1.795,1.793
4287.6,0.216,-1.794,1.795
4287.24,0.197,-1.796,1.8
4287.43,0.191,-1.797,1.785
4287.61,0.187,-1.795,1.774
4287.79,0.224,-1.792,1.787
4287.97,0.195,-1.793,1.793
4288.16,0.223,-1.795,1.765
4288.34,0.218,-1.798,1.771
4288.52,0.19,-1.797,1.779
4288.7,0.208,-1.802,1.789
4288.89,0.187,-1.805,1.799
4289.7,0.223,-1.807,1.796
4289.25,0.203,-1.81,1.796
4289.43,0.226,-1.805,1.789
4289.62,0.219,-1.806,1.763
4289.8,0.198,-1.807,1.782
4289.98,0.184,-1.808,1.788
4293.63,0.193,-1.84,1.761
4293.81,0.202,-1.835,1.753
4293.99,0.213,-1.833,1.763
4294.17,0.194,-1.836,1.766
4294.36,0.221,-1.84,1.783
4294.54,0.192,-1.843,1.804
4294.72,0.205,-1.844,1.766
4294.9,0.209,-1.846,1.766
4295.8,0.198,-1.847,1.786
4295.27,0.202,-1.848,1.79
4295.45,0.211,-1.848,1.79
4295.63,0.208,-1.848,1.795
4295.81,0.181,-1.846,1.761
4296.0,0.204,-1.844,1.768
4296.18,0.212,-1.849,1.765
4297.27,0.202,-1.856,1.769
4297.45,0.211,-1.857,1.783
4297.64,0.191,-1.854,1.765
4297.82,0.194,-1.853,1.762
4298.0,0.201,-1.854,1.773
4298.18,0.209,-1.854,1.785
4298.37,0.207,-1.854,1.771
4298.55,0.19,-1.855,1.761
4298.73,0.2,-1.856,1.761
4298.91,0.219,-1.856,1.78
4299.1,0.187,-1.858,1.784
4299.28,0.213,-1.857,1.771
4299.46,0.205,-1.857,1.759
4299.64,0.199,-1.857,1.774
4299.83,0.214,-1.858,1.777
4300.1,0.228,-1.859,1.744
4300.19,0.207,-1.858,1.755
4300.37,0.21,-1.854,1.764
4300.55,0.214,-1.856,1.779
4300.74,0.187,-1.859,1.765
4300.92,0.209,-1.861,1.768
4301.1,0.202,-1.858,1.769
4301.28,0.206,-1.861,1.778
4301.47,0.214,-1.861,1.752
4301.65,0.192,-1.86,1.76
4301.83,0.229,-1.863,1.796
4302.1,0.198,-1.864,1.784
4302.2,0.228,-1.867,1.791
4302.38,0.204,-1.87,1.79
4302.56,0.191,-1.871,1.794
4302.74,0.213,-1.872,1.798
4302.92,0.215,-1.874,1.785
4303.11,0.176,-1.875,1.753
4303.29,0.2,-1.877,1.768
4303.47,0.203,-1.878,1.772
4303.65,0.204,-1.876,1.778
4303.84,0.203,-1.877,1.787
4304.2,0.197,-1.881,1.767
4304.2,0.206,-1.882,1.763
4304.38,0.2,-1.88,1.771
4304.57,0.205,-1.879,1.759
4304.75,0.216,-1.879,1.782
4304.93,0.19,-1.878,1.773
4305.11,0.22,-1.881,1.773
4305.29,0.207,-1.878,1.768
4305.48,0.222,-1.878,1.778
4305.66,0.201,-1.879,1.78
4305.84,0.199,-1.883,1.773
4306.2,0.206,-1.882,1.783
4306.21,0.218,-1.88,1.785
4306.39,0.188,-1.879,1.765
4306.57,0.209,-1.882,1.778
4306.75,0.213,-1.883,1.793
4306.94,0.215,-1.885,1.802
4307.12,0.207,-1.884,1.797
4307.3,0.188,-1.886,1.78
4307.48,0.203,-1.887,1.773
4307.67,0.207,-1.886,1.773
4307.85,0.193,-1.886,1.781
4308.3,0.221,-1.889,1.772
4308.21,0.193,-1.891,1.769
4308.39,0.229,-1.892,1.79
4308.58,0.209,-1.888,1.761
4308.76,0.215,-1.891,1.772
4308.94,0.183,-1.894,1.756
4309.12,0.214,-1.894,1.754
4309.31,0.203,-1.894,1.762
4309.49,0.197,-1.893,1.752
4309.67,0.186,-1.894,1.765
4309.85,0.197,-1.893,1.751
4310.4,0.21,-1.892,1.768
4310.22,0.197,-1.892,1.77
4310.4,0.21,-1.891,1.775
4310.58,0.2,-1.892,1.753
4310.76,0.207,-1.893,1.755
4310.95,0.198,-1.89,1.747
4311.13,0.202,-1.891,1.761
4311.31,0.198,-1.892,1.751
4311.49,0.205,-1.891,1.753
4311.68,0.192,-1.893,1.766
4311.86,0.2,-1.895,1.756
4312.4,0.202,-1.894,1.753
4312.22,0.193,-1.897,1.76
4312.41,0.206,-1.901,1.771
4312.59,0.216,-1.901,1.787
4312.77,0.196,-1.903,1.787
4312.95,0.201,-1.901,1.813
4313.13,0.205,-1.902,1.807
4313.32,0.221,-1.901,1.825
4313.5,0.19,-1.903,1.821
4313.68,0.194,-1.903,1.83
4313.86,0.185,-1.903,1.852
4314.5,0.203,-1.905,1.863
4314.23,0.188,-1.906,1.879
4314.41,0.211,-1.906,1.852
4314.59,0.198,-1.905,1.819
4314.78,0.209,-1.906,1.786
4314.96,0.208,-1.906,1.77
4315.14,0.208,-1.905,1.753
4315.32,0.183,-1.91,1.77
4315.5,0.213,-1.913,1.783
4315.69,0.202,-1.914,1.788
4315.87,0.224,-1.912,1.781
4316.5,0.202,-1.913,1.764
4316.23,0.211,-1.913,1.776
4316.42,0.207,-1.916,1.813
4316.6,0.187,-1.917,1.844
4316.78,0.217,-1.917,1.841
4316.96,0.213,-1.92,1.83
4317.15,0.205,-1.921,1.802
4317.33,0.2,-1.923,1.798
4317.51,0.205,-1.921,1.817
4317.69,0.231,-1.92,1.84
4317.88,0.195,-1.92,1.823
4318.6,0.213,-1.925,1.822
4318.24,0.204,-1.924,1.79
4318.42,0.208,-1.923,1.791
4318.6,0.198,-1.923,1.782
4318.79,0.209,-1.926,1.749
4318.97,0.201,-1.928,1.759
4320.6,0.19,-1.93,1.781
4320.24,0.203,-1.93,1.758
4320.43,0.183,-1.929,1.761
4320.61,0.201,-1.929,1.755
4320.79,0.2,-1.931,1.758
4320.97,0.209,-1.932,1.757
4321.16,0.199,-1.932,1.754
4321.34,0.215,-1.93,1.748
4321.52,0.206,-1.929,1.759
4321.7,0.22,-1.929,1.76
4321.89,0.194,-1.93,1.763
4322.7,0.23,-1.931,1.765
4322.25,0.194,-1.932,1.759
4322.43,0.195,-1.933,1.762
4322.61,0.214,-1.934,1.784
4322.8,0.189,-1.931,1.779
4322.98,0.204,-1.934,1.766
4323.16,0.208,-1.935,1.783
4323.34,0.184,-1.933,1.778
4323.53,0.198,-1.935,1.778
4323.71,0.201,-1.936,1.783
4323.89,0.205,-1.936,1.773
4324.7,0.214,-1.937,1.785
4324.26,0.216,-1.938,1.797
4324.44,0.224,-1.939,1.771
4324.62,0.202,-1.942,1.761
4324.8,0.215,-1.944,1.787
4324.98,0.2,-1.945,1.786
4325.17,0.199,-1.945,1.786
4325.35,0.202,-1.945,1.768
4325.53,0.2,-1.947,1.798
4325.71,0.199,-1.946,1.809
4325.9,0.192,-1.945,1.799
4326.8,0.209,-1.945,1.808
4326.26,0.189,-1.945,1.786
4326.44,0.191,-1.946,1.79
4326.63,0.211,-1.943,1.773
4326.81,0.204,-1.945,1.789
4326.99,0.211,-1.944,1.794
4327.17,0.207,-1.944,1.788
4327.35,0.209,-1.945,1.759
4327.54,0.2,-1.948,1.749
4327.72,0.203,-1.946,1.76
4327.9,0.199,-1.951,1.753
4328.8,0.22,-1.952,1.739
4328.27,0.217,-1.954,1.737
4329.91,0.211,-1.957,1.781
4330.9,0.201,-1.959,1.763
4330.27,0.185,-1.963,1.771
4330.45,0.191,-1.965,1.783
4330.64,0.198,-1.965,1.773
4330.82,0.212,-1.966,1.779
4331.0,0.201,-1.966,1.775
4331.18,0.216,-1.967,1.784
4331.36,0.198,-1.967,1.776
4331.55,0.184,-1.964,1.759
4331.73,0.194,-1.965,1.785
4331.91,0.182,-1.968,1.786
4332.9,0.215,-1.97,1.785
4332.28,0.187,-1.967,1.816
4332.46,0.219,-1.969,1.799
4332.64,0.191,-1.968,1.827
4332.82,0.22,-1.966,1.81
4333.0,0.213,-1.97,1.816
4333.19,0.217,-1.966,1.83
4333.37,0.201,-1.967,1.816
4333.55,0.186,-1.968,1.804
4333.73,0.188,-1.966,1.813
4333.92,0.215,-1.967,1.805
4334.1,0.202,-1.969,1.819
4334.28,0.222,-1.971,1.809
4334.46,0.208,-1.974,1.809
4334.65,0.209,-1.974,1.819
4334.83,0.199,-1.974,1.81
4335.1,0.207,-1.975,1.809
4335.19,0.216,-1.974,1.813
4335.37,0.227,-1.976,1.798
4335.56,0.189,-1.978,1.808
4335.74,0.221,-1.974,1.815
4335.92,0.207,-1.976,1.802
4336.1,0.214,-1.977,1.806
4336.29,0.203,-1.979,1.799
4336.47,0.199,-1.982,1.822
4336.65,0.205,-1.983,1.802
4336.83,0.203,-1.985,1.808
4337.1,0.201,-1.985,1.801
4337.2,0.226,-1.989,1.799
4337.38,0.203,-1.989,1.808
4337.56,0.222,-1.987,1.819
4337.74,0.208,-1.986,1.825
4337.93,0.204,-1.989,1.821
4338.11,0.218,-1.991,1.8
4338.29,0.184,-1.99,1.801
4338.47,0.212,-1.991,1.814
4338.66,0.225,-1.993,1.799
4338.84,0.207,-1.993,1.783
4339.2,0.198,-1.994,1.812
4339.2,0.21,-1.996,1.798
4339.38,0.194,-1.997,1.791
4339.57,0.208,-1.999,1.79
4339.75,0.202,-2.003,1.803
4339.93,0.225,-2.005,1.802
4340.11,0.204,-2.006,1.798
4340.3,0.202,-2.006,1.781
4340.48,0.254,-2.008,1.777
4340.66,0.196,-2.007,1.77
4340.84,0.255,-2.013,1.781
4341.3,0.179,-2.014,1.81
4341.21,0.24,-2.014,1.812
4341.39,0.209,-2.017,1.825
4341.57,0.209,-2.015,1.792
4341.75,0.223,-2.018,1.803
4341.94,0.229,-2.022,1.792
4342.12,0.178,-2.023,1.783
4342.3,0.214,-2.025,1.811
4342.48,0.197,-2.028,1.856
4342.67,0.207,-2.029,1.842
4342.85,0.189,-2.03,1.813
4343.3,0.23,-2.031,1.822
4343.21,0.218,-2.032,1.795
4343.39,0.217,-2.034,1.795
4343.58,0.21,-2.037,1.833
4343.76,0.213,-2.034,1.817
4343.94,0.224,-2.036,1.811
4344.12,0.209,-2.039,1.801
4344.31,0.219,-2.042,1.775
4344.49,0.216,-2.04,1.782
4344.67,0.232,-2.039,1.798
4344.85,0.197,-2.038,1.797
4345.3,0.248,-2.04,1.796
4345.22,0.174,-2.041,1.792
4345.4,0.262,-2.043,1.78
4349.96,0.188,-2.072,1.855
4350.14,0.205,-2.074,1.851
4350.32,0.232,-2.076,1.845
4350.5,0.214,-2.08,1.831
4350.68,0.211,-2.079,1.833
4350.87,0.196,-2.076,1.824
4351.5,0.173,-2.081,1.806
4351.23,0.24,-2.082,1.841
4351.41,0.181,-2.082,1.802
4351.6,0.236,-2.084,1.801
4351.78,0.208,-2.085,1.81
4351.96,0.216,-2.084,1.805
4352.14,0.198,-2.089,1.805
4352.33,0.201,-2.09,1.804
4352.51,0.235,-2.09,1.801
4352.69,0.193,-2.089,1.785
4352.87,0.207,-2.088,1.814
4353.5,0.189,-2.089,1.796
4353.24,0.193,-2.091,1.791
4353.42,0.195,-2.091,1.791
4353.6,0.206,-2.095,1.8
4353.78,0.201,-2.094,1.805
4353.97,0.2,-2.095,1.802
4354.15,0.209,-2.095,1.797
4354.33,0.212,-2.099,1.802
4354.51,0.19,-2.1,1.797
4354.7,0.245,-2.103,1.812
4354.88,0.201,-2.103,1.813
4355.6,0.197,-2.104,1.807
4355.24,0.242,-2.103,1.814
4355.42,0.177,-2.102,1.778
4355.61,0.275,-2.101,1.785
4355.79,0.132,-2.103,1.772
4355.97,0.264,-2.103,1.777
4356.15,0.208,-2.103,1.792
4356.34,0.202,-2.105,1.794
4356.52,0.204,-2.105,1.779
4356.7,0.246,-2.107,1.784
4356.88,0.185,-2.108,1.788
4357.6,0.237,-2.107,1.786
4357.25,0.213,-2.109,1.79
4357.43,0.208,-2.107,1.784
4359.25,0.199,-2.117,1.787
4359.43,0.215,-2.113,1.805
4359.62,0.217,-2.114,1.795
4359.8,0.208,-2.115,1.787
4359.98,0.233,-2.119,1.802
4360.16,0.151,-2.123,1.783
4360.35,0.251,-2.128,1.778
4360.53,0.206,-2.127,1.773
4360.71,0.202,-2.13,1.788
4360.89,0.198,-2.131,1.802
4361.8,0.204,-2.133,1.792
4361.26,0.211,-2.131,1.78
4361.44,0.231,-2.135,1.779
4361.62,0.186,-2.134,1.76
4361.8,0.226,-2.134,1.763
4361.99,0.173,-2.135,1.769
4362.17,0.203,-2.137,1.79
4362.35,0.164,-2.137,1.774
4362.53,0.221,-2.135,1.801
4362.72,0.208,-2.136,1.793
4362.9,0.198,-2.138,1.79
4363.8,0.213,-2.14,1.776
4363.26,0.222,-2.14,1.79
4363.44,0.18,-2.138,1.79
4363.63,0.219,-2.14,1.766
4363.81,0.221,-2.147,1.766
4363.99,0.302,-2.149,1.798
4365.9,0.189,-2.152,1.793
4365.27,0.199,-2.152,1.792
4365.45,0.211,-2.151,1.785
4365.63,0.224,-2.157,1.808
4365.81,0.173,-2.154,1.778
4366.0,0.202,-2.159,1.808
4366.18,0.222,-2.157,1.777
4366.36,0.163,-2.159,1.779
4366.54,0.244,-2.163,1.768
4366.73,0.145,-2.162,1.755
4366.91,0.278,-2.163,1.799
4367.9,0.149,-2.163,1.768
4367.27,0.257,-2.166,1.769
4367.45,0.208,-2.167,1.79
4367.64,0.216,-2.165,1.787
4367.82,0.205,-2.165,1.791
4368.0,0.164,-2.167,1.786
4368.18,0.256,-2.168,1.781
4368.37,0.159,-2.168,1.757
4368.55,0.237,-2.174,1.77
4368.73,0.188,-2.175,1.741
4368.91,0.222,-2.177,1.749
4369.1,0.175,-2.181,1.748
4369.28,0.234,-2.185,1.756
4369.46,0.173,-2.186,1.763
4369.64,0.219,-2.188,1.76
4369.82,0.172,-2.188,1.757
4370.1,0.224,-2.187,1.779
4370.19,0.194,-2.187,1.773
4370.37,0.199,-2.186,1.777
4370.55,0.209,-2.19,1.797
4370.74,0.185,-2.191,1.776
4370.92,0.223,-2.19,1.769
4371.1,0.209,-2.192,1.799
4371.28,0.208,-2.191,1.822
4371.47,0.203,-2.193,1.806
4371.65,0.186,-2.19,1.759
4371.83,0.205,-2.19,1.783
4372.1,0.189,-2.188,1.762
4372.19,0.229,-2.188,1.787
4372.38,0.18,-2.187,1.813
4372.56,0.21,-2.189,1.822
4372.74,0.225,-2.19,1.817
4372.92,0.213,-2.194,1.82
4373.11,0.199,-2.195,1.818
4373.29,0.214,-2.198,1.815
4373.47,0.176,-2.198,1.807
4373.65,0.211,-2.2,1.79
4373.84,0.205,-2.198,1.803
4374.2,0.231,-2.2,1.794
4374.2,0.199,-2.201,1.807
4374.38,0.217,-2.203,1.827
4374.56,0.205,-2.205,1.81
4374.75,0.209,-2.209,1.833
4374.93,0.197,-2.208,1.836
4375.11,0.225,-2.21,1.815
4375.29,0.226,-2.21,1.799
4376.39,0.202,-2.215,1.766
4376.57,0.222,-2.215,1.755
4376.75,0.198,-2.214,1.758
4376.93,0.208,-2.213,1.763
4377.12,0.199,-2.213,1.75
4377.3,0.206,-2.215,1.779
4377.48,0.205,-2.217,1.766
4377.66,0.213,-2.219,1.766
4377.85,0.184,-2.22,1.772
4378.3,0.214,-2.22,1.783
4378.21,0.202,-2.221,1.781
4378.39,0.198,-2.223,1.788
4378.58,0.211,-2.223,1.792
4378.76,0.211,-2.224,1.811
4378.94,0.183,-2.226,1.794
4379.12,0.225,-2.226,1.816
4379.3,0.195,-2.225,1.816
4379.49,0.208,-2.227,1.828
4379.67,0.199,-2.226,1.778
4379.85,0.21,-2.224,1.752
4380.3,0.212,-2.222,1.771
4380.22,0.213,-2.222,1.786
4380.4,0.211,-2.222,1.782
4380.58,0.205,-2.225,1.786
4380.76,0.222,-2.227,1.81
4380.94,0.2,-2.226,1.809
4381.13,0.212,-2.23,1.822
4381.31,0.208,-2.232,1.804
4381.49,0.219,-2.234,1.791
4381.67,0.197,-2.237,1.773
4381.86,0.225,-2.238,1.766
4382.4,0.21,-2.241,1.763
4382.22,0.22,-2.241,1.77
4382.4,0.186,-2.242,1.769
4382.59,0.219,-2.243,1.774
4383.86,0.192,-2.245,1.868
4384.4,0.208,-2.246,1.862
4384.23,0.205,-2.25,1.859
4384.41,0.204,-2.252,1.838
4384.59,0.209,-2.254,1.846
4384.77,0.227,-2.253,1.846
4384.96,0.187,-2.253,1.838
4385.14,0.19,-2.255,1.842
4385.32,0.224,-2.256,1.847
4385.5,0.195,-2.256,1.814
4385.68,0.209,-2.257,1.804
4385.87,0.208,-2.261,1.784
4386.5,0.233,-2.263,1.804
4386.23,0.169,-2.262,1.787
4386.41,0.235,-2.263,1.784
4386.6,0.203,-2.262,1.781
4386.78,0.242,-2.265,1.789
4386.96,0.201,-2.263,1.794
4387.14,0.222,-2.263,1.793
4387.33,0.179,-2.263,1.783
4387.51,0.211,-2.266,1.776
4387.69,0.207,-2.268,1.771
4387.87,0.207,-2.27,1.761
4388.5,0.208,-2.271,1.793
4388.24,0.194,-2.273,1.764
4388.42,0.211,-2.272,1.805
4388.6,0.198,-2.273,1.824
4388.78,0.242,-2.278,1.838
4388.97,0.169,-2.278,1.81
4389.15,0.209,-2.277,1.796
4389.33,0.216,-2.279,1.794
4389.51,0.21,-2.279,1.805
4389.7,0.22,-2.282,1.794
4389.88,0.199,-2.285,1.784
4390.6,0.252,-2.286,1.783
4390.24,0.18,-2.284,1.801
4390.42,0.239,-2.286,1.788
4390.61,0.2,-2.288,1.806
4390.79,0.205,-2.286,1.813
4390.97,0.257,-2.287,1.855
4391.15,0.116,-2.283,1.803
4391.34,0.32,-2.286,1.815
4391.52,0.142,-2.284,1.802
4391.7,0.275,-2.283,1.798
4391.88,0.171,-2.286,1.801
4392.7,0.223,-2.289,1.801
4392.25,0.245,-2.292,1.836
4392.43,0.151,-2.29,1.815
4392.61,0.25,-2.292,1.83
4392.79,0.204,-2.291,1.82
4392.98,0.196,-2.293,1.817
4393.16,0.236,-2.295,1.821
4393.34,0.173,-2.298,1.807
4393.52,0.216,-2.297,1.791
4393.71,0.227,-2.297,1.799
4393.89,0.208,-2.296,1.819
4394.7,0.228,-2.301,1.858
4394.25,0.165,-2.3,1.862
4394.43,0.238,-2.301,1.875
4394.62,0.193,-2.302,1.897
4394.8,0.207,-2.306,1.867
4394.98,0.216,-2.309,1.845
4395.16,0.182,-2.308,1.857
4395.35,0.231,-2.309,1.857
4395.53,0.197,-2.311,1.834
4395.71,0.198,-2.312,1.827
4395.89,0.21,-2.317,1.809
4396.8,0.216,-2.32,1.782
4396.26,0.198,-2.322,1.779
4396.44,0.2,-2.323,1.779
4396.62,0.234,-2.324,1.773
4396.8,0.182,-2.326,1.761
4396.99,0.247,-2.326,1.78
4397.17,0.206,-2.327,1.781
4397.35,0.211,-2.327,1.786
4397.53,0.208,-2.328,1.779
4397.72,0.19,-2.329,1.759
4397.9,0.215,-2.33,1.759
4398.8,0.231,-2.33,1.765
4398.26,0.214,-2.331,1.747
4398.45,0.224,-2.33,1.76
4398.63,0.181,-2.331,1.759
4398.81,0.241,-2.334,1.764
4398.99,0.18,-2.335,1.779
4399.17,0.216,-2.338,1.767
4399.36,0.199,-2.339,1.774
4399.54,0.208,-2.34,1.765
4399.72,0.235,-2.343,1.751
4399.9,0.191,-2.341,1.759
4400.9,0.229,-2.341,1.749
4400.27,0.215,-2.343,1.763
4400.45,0.2,-2.344,1.758
4400.63,0.206,-2.343,1.751
4400.81,0.205,-2.346,1.769
4401.0,0.195,-2.347,1.775
4401.18,0.21,-2.345,1.77
4401.36,0.206,-2.344,1.768
4401.54,0.207,-2.34,1.762
4401.73,0.215,-2.337,1.765
4401.91,0.201,-2.337,1.76
4402.9,0.228,-2.339,1.763
4402.27,0.196,-2.339,1.764
4402.46,0.213,-2.338,1.773
4402.64,0.219,-2.341,1.771
4402.82,0.219,-2.343,1.781
4403.0,0.217,-2.343,1.777
4403.18,0.199,-2.343,1.782
4404.28,0.2,-2.349,1.801
4404.46,0.22,-2.351,1.782
4404.64,0.194,-2.355,1.778
4404.83,0.213,-2.356,1.763
4405.1,0.222,-2.356,1.78
4405.19,0.22,-2.354,1.757
4405.37,0.208,-2.353,1.761
4405.55,0.209,-2.353,1.756
4405.74,0.197,-2.353,1.778
4405.92,0.213,-2.354,1.761
4406.1,0.211,-2.357,1.78
4406.28,0.196,-2.357,1.781
4406.47,0.22,-2.358,1.785
4406.65,0.188,-2.357,1.785
4406.83,0.209,-2.357,1.775
4407.1,0.214,-2.358,1.792
4407.2,0.199,-2.359,1.796
4408.29,0.229,-2.366,1.838
4408.47,0.217,-2.365,1.804
4408.65,0.203,-2.365,1.794
4408.84,0.213,-2.365,1.789
4409.2,0.198,-2.363,1.79
4409.2,0.211,-2.365,1.79
4409.38,0.225,-2.364,1.782
4409.57,0.213,-2.363,1.769
4409.75,0.225,-2.363,1.783
4409.93,0.185,-2.365,1.781
4410.11,0.215,-2.362,1.793
4410.29,0.202,-2.363,1.78
4410.48,0.227,-2.362,1.78
4410.66,0.2,-2.362,1.777
4410.84,0.213,-2.362,1.776
4411.2,0.215,-2.365,1.79
4411.21,0.217,-2.363,1.774
4411.39,0.21,-2.362,1.787
4411.57,0.196,-2.361,1.789
4411.75,0.194,-2.361,1.772
4411.94,0.217,-2.362,1.764
4412.12,0.198,-2.365,1.774
4412.3,0.208,-2.365,1.766
4412.48,0.219,-2.369,1.735
4412.66,0.204,-2.372,1.747
4412.85,0.221,-2.375,1.745
4413.3,0.198,-2.377,1.763
4413.21,0.188,-2.379,1.754
4413.39,0.216,-2.38,1.775
4413.58,0.188,-2.379,1.76
4413.76,0.214,-2.38,1.773
4413.94,0.191,-2.379,1.781
4414.12,0.209,-2.382,1.792
4414.3,0.185,-2.381,1.778
4414.49,0.193,-2.381,1.791
4414.67,0.193,-2.383,1.773
4414.85,0.219,-2.386,1.792
4415.3,0.203,-2.385,1.782
4415.22,0.218,-2.388,1.785
4415.4,0.216,-2.391,1.781
4415.58,0.211,-2.392,1.789
4415.76,0.206,-2.393,1.77
4415.95,0.206,-2.394,1.779
4416.13,0.189,-2.398,1.797
4416.31,0.228,-2.4,1.795
4416.49,0.206,-2.399,1.794
4416.67,0.22,-2.399,1.797
4416.86,0.208,-2.399,1.806
4417.4,0.213,-2.398,1.801
4417.22,0.205,-2.401,1.802
4417.4,0.204,-2.401,1.812
4417.59,0.205,-2.402,1.803
4417.77,0.219,-2.403,1.814
4417.95,0.192,-2.402,1.788
4418.13,0.214,-2.402,1.795
4418.32,0.197,-2.402,1.797
4418.5,0.202,-2.398,1.799
4418.68,0.219,-2.398,1.787
4418.86,0.203,-2.396,1.803
4419.4,0.193,-2.398,1.776
4419.23,0.223,-2.402,1.761
4419.41,0.183,-2.402,1.764
4419.59,0.225,-2.402,1.76
4419.77,0.192,-2.401,1.774
4419.96,0.213,-2.402,1.768
4420.14,0.217,-2.407,1.781
4420.32,0.201,-2.408,1.786
4422.14,0.207,-2.428,1.767
4422.33,0.216,-2.429,1.769
4422.51,0.205,-2.431,1.775
4422.69,0.194,-2.434,1.771
4422.87,0.206,-2.433,1.777
4423.5,0.206,-2.435,1.789
4423.24,0.201,-2.439,1.776
4423.42,0.217,-2.441,1.769
4423.6,0.199,-2.443,1.771
4423.78,0.193,-2.445,1.781
4429.7,0.207,-2.465,1.786
4429.25,0.205,-2.466,1.776
4429.44,0.2,-2.468,1.767
4429.62,0.201,-2.47,1.775
4429.8,0.212,-2.47,1.772
4429.98,0.21,-2.47,1.759
4430.16,0.186,-2.472,1.77
4430.35,0.226,-2.471,1.757
4430.53,0.198,-2.472,1.777
4430.71,0.216,-2.471,1.769
4430.89,0.195,-2.471,1.777
4431.8,0.205,-2.473,1.764
4431.26,0.196,-2.47,1.773
4431.44,0.218,-2.473,1.79
4431.62,0.208,-2.473,1.781
4431.81,0.22,-2.475,1.791
4431.99,0.195,-2.48,1.778
4432.17,0.181,-2.484,1.791
4432.35,0.205,-2.484,1.776
4432.53,0.202,-2.485,1.766
4432.72,0.219,-2.484,1.777
4432.9,0.233,-2.49,1.785
4433.8,0.2,-2.49,1.772
4433.26,0.222,-2.492,1.776
4433.45,0.235,-2.493,1.778
4433.63,0.191,-2.494,1.795
4433.81,0.225,-2.494,1.789
4433.99,0.22,-2.492,1.784
4434.17,0.205,-2.492,1.779
4434.36,0.205,-2.491,1.79
4434.54,0.209,-2.49,1.797
4434.72,0.212,-2.493,1.791
4434.9,0.19,-2.495,1.795
4435.9,0.199,-2.499,1.807
4435.27,0.211,-2.5,1.782
4435.45,0.192,-2.499,1.788
4435.63,0.236,-2.504,1.788
4435.82,0.177,-2.501,1.777
4436.0,0.234,-2.504,1.796
4437.9,0.22,-2.503,1.802
4437.27,0.206,-2.503,1.795
4437.46,0.219,-2.508,1.792
4437.64,0.215,-2.506,1.806
4437.82,0.217,-2.507,1.805
4438.0,0.218,-2.507,1.797
4438.19,0.21,-2.507,1.784
4438.37,0.203,-2.512,1.806
4438.55,0.209,-2.513,1.768
4438.73,0.212,-2.513,1.782
4438.91,0.214,-2.511,1.777
4439.1,0.213,-2.51,1.778
4439.28,0.207,-2.512,1.783
4439.46,0.219,-2.513,1.787
4439.64,0.216,-2.512,1.772
4439.83,0.202,-2.511,1.766
4440.1,0.208,-2.515,1.776
4440.19,0.204,-2.517,1.778
4440.37,0.21,-2.518,1.785
4440.55,0.188,-2.521,1.781
4440.74,0.224,-2.523,1.778
4440.92,0.202,-2.525,1.779
4441.1,0.209,-2.525,1.783
4441.28,0.202,-2.526,1.793
4441.47,0.206,-2.525,1.789
4441.65,0.215,-2.527,1.781
4441.83,0.2,-2.53,1.781
4442.1,0.2,-2.53,1.785
4442.2,0.202,-2.531,1.781
4442.38,0.209,-2.53,1.779
4442.56,0.194,-2.532,1.789
4442.74,0.212,-2.534,1.793
4444.2,0.226,-2.545,1.808
4444.2,0.18,-2.546,1.806
4444.38,0.219,-2.55,1.81
4444.56,0.201,-2.553,1.828
4444.75,0.21,-2.555,1.812
4444.93,0.189,-2.558,1.807
4445.11,0.227,-2.559,1.818
4445.29,0.197,-2.559,1.816
4445.48,0.233,-2.557,1.775
4445.66,0.18,-2.558,1.764
4445.84,0.224,-2.559,1.753
4446.2,0.196,-2.56,1.76
4446.21,0.177,-2.56,1.766
4446.39,0.238,-2.562,1.76
4446.57,0.203,-2.563,1.771
4446.75,0.228,-2.568,1.757
4446.93,0.2,-2.569,1.782
4447.12,0.204,-2.567,1.771
4447.3,0.217,-2.569,1.762
4447.48,0.19,-2.571,1.776
4447.66,0.237,-2.578,1.759
4447.85,0.196,-2.583,1.77
4448.3,0.243,-2.584,1.796
4448.21,0.204,-2.585,1.768
4448.39,0.211,-2.587,1.787
4448.58,0.224,-2.587,1.771
4448.76,0.199,-2.584,1.79
4448.94,0.213,-2.585,1.801
4449.12,0.181,-2.581,1.781
4449.3,0.227,-2.584,1.79
4449.49,0.216,-2.586,1.789
4449.67,0.199,-2.586,1.78
4449.85,0.225,-2.59,1.769
4450.3,0.215,-2.592,1.791
4450.22,0.22,-2.593,1.787
4450.4,0.184,-2.597,1.761
4450.58,0.232,-2.6,1.787
4450.76,0.18,-2.6,1.792
4450.95,0.202,-2.597,1.786
4451.13,0.199,-2.598,1.775
4451.31,0.212,-2.598,1.772
4451.49,0.217,-2.598,1.777
4451.67,0.193,-2.597,1.77
4451.86,0.203,-2.6,1.79
4452.4,0.198,-2.599,1.764
4452.22,0.244,-2.603,1.781
4452.4,0.165,-2.603,1.776
4452.59,0.267,-2.606,1.794
4452.77,0.153,-2.603,1.753
4452.95,0.23,-2.605,1.757
4453.13,0.156,-2.6,1.78
4453.32,0.234,-2.601,1.786
4453.5,0.166,-2.603,1.786
4453.68,0.245,-2.606,1.795
4453.86,0.194,-2.609,1.793
4454.4,0.259,-2.611,1.798
4454.23,0.186,-2.611,1.778
4454.41,0.213,-2.612,1.759
4454.59,0.203,-2.611,1.791
4454.77,0.214,-2.61,1.794
4454.96,0.212,-2.609,1.809
4455.14,0.21,-2.612,1.81
4455.32,0.204,-2.613,1.798
4455.5,0.179,-2.616,1.792
4455.69,0.254,-2.619,1.776
4455.87,0.189,-2.621,1.773
4456.5,0.228,-2.622,1.73
4456.23,0.141,-2.622,1.775
4456.41,0.249,-2.622,1.758
4456.6,0.172,-2.623,1.73
4456.78,0.228,-2.623,1.747
4456.96,0.244,-2.624,1.74
4457.14,0.194,-2.623,1.77
4457.33,0.194,-2.624,1.755
4457.51,0.227,-2.625,1.758
4457.69,0.224,-2.623,1.767
4457.87,0.206,-2.625,1.75
4458.6,0.2,-2.624,1.751
4458.24,0.231,-2.627,1.772
4458.42,0.186,-2.627,1.766
4458.6,0.24,-2.628,1.779
4458.78,0.2,-2.628,1.817
4458.97,0.17,-2.628,1.8
4459.15,0.217,-2.628,1.769
4459.33,0.22,-2.629,1.773
4459.51,0.205,-2.629,1.771
4459.7,0.206,-2.628,1.745
4459.88,0.215,-2.627,1.793
4460.6,0.181,-2.625,1.815
4460.24,0.221,-2.623,1.805
4460.43,0.2,-2.624,1.778
4460.61,0.221,-2.628,1.817
4460.79,0.201,-2.628,1.87
4460.97,0.2,-2.629,1.873
4461.15,0.203,-2.63,1.831
4461.34,0.202,-2.631,1.844
4461.52,0.198,-2.633,1.821
4461.7,0.205,-2.632,1.798
4461.88,0.195,-2.631,1.797
4462.7,0.206,-2.632,1.794
4462.25,0.217,-2.632,1.765
4465.89,0.202,-2.668,1.822
4466.8,0.207,-2.67,1.823
4466.26,0.187,-2.671,1.813
4466.44,0.201,-2.674,1.823
4466.62,0.208,-2.677,1.81
4466.81,0.21,-2.673,1.813
4466.99,0.223,-2.673,1.791
4467.17,0.198,-2.676,1.79
4467.35,0.221,-2.679,1.794
4467.54,0.209,-2.677,1.805
4473.0,0.2,-2.708,1.765
4473.19,0.224,-2.712,1.769
4473.37,0.187,-2.712,1.774
4473.55,0.24,-2.715,1.768
4473.73,0.203,-2.716,1.788
4473.92,0.196,-2.718,1.773
4474.1,0.206,-2.719,1.777
4474.28,0.237,-2.72,1.785
4474.46,0.178,-2.721,1.792
4474.64,0.232,-2.726,1.774
4474.83,0.187,-2.725,1.766
4475.1,0.203,-2.727,1.769
4475.19,0.206,-2.724,1.791
4475.37,0.214,-2.723,1.787
4475.56,0.205,-2.724,1.795
4475.74,0.215,-2.724,1.799
4475.92,0.187,-2.723,1.785
4476.1,0.224,-2.728,1.792
4476.29,0.197,-2.734,1.779
4476.47,0.205,-2.737,1.765
4476.65,0.202,-2.737,1.763
4476.83,0.215,-2.738,1.78
4477.1,0.221,-2.741,1.781
4477.2,0.188,-2.744,1.779
4477.38,0.205,-2.746,1.776
4477.56,0.206,-2.743,1.781
4477.74,0.212,-2.745,1.773
4477.93,0.203,-2.744,1.777
4478.11,0.236,-2.744,1.789
4479.2,0.21,-2.749,1.781
4479.38,0.192,-2.75,1.774
4479.57,0.223,-2.752,1.757
4479.75,0.188,-2.751,1.767
4479.93,0.224,-2.75,1.764
4480.11,0.193,-2.752,1.779
4480.3,0.197,-2.755,1.766
4480.48,0.215,-2.757,1.773
4480.66,0.198,-2.754,1.77
4480.84,0.215,-2.755,1.766
4486.31,0.203,-2.781,1.797
4486.49,0.224,-2.781,1.793
4486.67,0.212,-2.781,1.804
4486.86,0.219,-2.784,1.805
4487.4,0.215,-2.785,1.795
4487.22,0.221,-2.787,1.796
4487.4,0.222,-2.787,1.789
4487.59,0.214,-2.79,1.785
4487.77,0.226,-2.792,1.806
4487.95,0.212,-2.794,1.802
4488.13,0.218,-2.793,1.8
4488.31,0.195,-2.793,1.796
4488.5,0.209,-2.796,1.772
4488.68,0.187,-2.798,1.784
4488.86,0.206,-2.8,1.776
4489.4,0.213,-2.801,1.791
4489.23,0.204,-2.803,1.769
4489.41,0.213,-2.801,1.782
4489.59,0.211,-2.803,1.776
4489.77,0.223,-2.802,1.788
4489.95,0.214,-2.801,1.798
4490.14,0.202,-2.8,1.799
4490.32,0.234,-2.803,1.787
4490.5,0.208,-2.806,1.771
4490.68,0.211,-2.806,1.743
4490.87,0.205,-2.807,1.758
4491.5,0.204,-2.807,1.753
4491.23,0.237,-2.808,1.758
4491.41,0.196,-2.809,1.748
4491.6,0.211,-2.813,1.752
4491.78,0.218,-2.815,1.746
4491.96,0.216,-2.813,1.743
4492.14,0.2,-2.817,1.75
4492.32,0.196,-2.818,1.745
4492.51,0.217,-2.82,1.736
4492.69,0.2,-2.821,1.744
4492.87,0.202,-2.82,1.744
4493.5,0.204,-2.821,1.752
4493.24,0.21,-2.822,1.762
4493.42,0.208,-2.823,1.774
4493.6,0.2,-2.826,1.766
4493.78,0.192,-2.827,1.771
4493.96,0.204,-2.828,1.763
4494.15,0.196,-2.829,1.79
4494.33,0.21,-2.831,1.777
4494.51,0.198,-2.832,1.783
4494.69,0.209,-2.834,1.77
4494.88,0.24,-2.835,1.776
4495.6,0.186,-2.833,1.775
4495.24,0.227,-2.836,1.776
4496.33,0.198,-2.843,1.769
4496.52,0.224,-2.847,1.777
4496.7,0.196,-2.847,1.765
4496.88,0.222,-2.845,1.772
4497.6,0.194,-2.842,1.776
4497.25,0.202,-2.843,1.763
4497.43,0.196,-2.843,1.764
4497.61,0.229,-2.848,1.762
4497.79,0.184,-2.845,1.769
4497.97,0.234,-2.845,1.762
4498.16,0.19,-2.844,1.757
4498.34,0.229,-2.845,1.775
4498.52,0.17,-2.848,1.756
4498.7,0.232,-2.849,1.78
4498.89,0.186,-2.85,1.77
4499.7,0.217,-2.851,1.786
4499.25,0.18,-2.853,1.766
4499.43,0.214,-2.852,1.778
4499.61,0.197,-2.855,1.775
4499.8,0.214,-2.855,1.793
4499.98,0.203,-2.855,1.796
4500.16,0.216,-2.853,1.794
4500.34,0.205,-2.853,1.788
4500.53,0.214,-2.854,1.792
4500.71,0.201,-2.857,1.787
4500.89,0.188,-2.858,1.781
4501.7,0.211,-2.856,1.804
4501.25,0.196,-2.858,1.789
4501.44,0.192,-2.862,1.795
4501.62,0.185,-2.864,1.786
4501.8,0.199,-2.866,1.807
4501.98,0.225,-2.866,1.778
4502.17,0.212,-2.865,1.796
4502.35,0.216,-2.865,1.783
4502.53,0.201,-2.864,1.779
4502.71,0.211,-2.865,1.785
4502.9,0.194,-2.864,1.775
4503.8,0.205,-2.862,1.784
4503.26,0.187,-2.862,1.792
4503.44,0.211,-2.862,1.775
4503.62,0.188,-2.859,1.782
4503.81,0.231,-2.861,1.773
4503.99,0.198,-2.86,1.788
4504.17,0.226,-2.86,1.77
4504.35,0.197,-2.863,1.782
4504.54,0.199,-2.864,1.769
4504.72,0.212,-2.869,1.781
4504.9,0.222,-2.87,1.779
4505.8,0.204,-2.871,1.772
4505.26,0.22,-2.872,1.771
4505.45,0.188,-2.872,1.775
4505.63,0.221,-2.872,1.763
4505.81,0.227,-2.873,1.776
4505.99,0.2,-2.87,1.768
4509.82,0.213,-2.894,1.788
4510.0,0.207,-2.898,1.798
4510.18,0.211,-2.899,1.809
4510.37,0.205,-2.9,1.798
4510.55,0.207,-2.901,1.771
4510.73,0.192,-2.901,1.77
4510.91,0.21,-2.901,1.765
4511.1,0.244,-2.901,1.785
4511.28,0.165,-2.9,1.787
4511.46,0.213,-2.905,1.792
4511.64,0.216,-2.907,1.794
4511.83,0.215,-2.907,1.804
4512.1,0.219,-2.907,1.79
4512.19,0.232,-2.907,1.762
4512.37,0.201,-2.908,1.76
4512.55,0.217,-2.909,1.766
4512.74,0.185,-2.91,1.746
4512.92,0.237,-2.913,1.749
4513.1,0.18,-2.916,1.773
4513.28,0.228,-2.916,1.742
4513.47,0.206,-2.918,1.778
4513.65,0.184,-2.916,1.743
4513.83,0.266,-2.919,1.748
4514.1,0.157,-2.92,1.731
4514.19,0.228,-2.92,1.728
4514.38,0.215,-2.92,1.767
4514.56,0.206,-2.922,1.749
4514.74,0.21,-2.923,1.766
4514.92,0.185,-2.925,1.76
4515.11,0.211,-2.926,1.753
4515.29,0.19,-2.929,1.731
4515.47,0.219,-2.928,1.783
4515.65,0.214,-2.928,1.787
4515.83,0.219,-2.926,1.788
4516.2,0.234,-2.923,1.807
4516.2,0.174,-2.923,1.814
4516.38,0.238,-2.928,1.785
4516.56,0.171,-2.929,1.774
4516.75,0.246,-2.929,1.77
4516.93,0.184,-2.93,1.742
4517.11,0.206,-2.934,1.774
4517.29,0.196,-2.936,1.761
4517.47,0.225,-2.941,1.771
4517.66,0.172,-2.945,1.766
4518.75,0.194,-2.947,1.737
4518.93,0.225,-2.95,1.75
4519.11,0.208,-2.952,1.761
4519.3,0.211,-2.952,1.746
4519.48,0.205,-2.953,1.743
4519.66,0.17,-2.953,1.741
4519.84,0.228,-2.957,1.741
4520.3,0.197,-2.959,1.754
4520.21,0.221,-2.959,1.762
4520.39,0.203,-2.96,1.738
4520.57,0.2,-2.96,1.741
4526.95,0.181,-2.996,1.769
4527.13,0.223,-2.992,1.765
4527.32,0.199,-2.997,1.773
4527.5,0.221,-3.001,1.767
4527.68,0.203,-3.001,1.765
4527.86,0.206,-3.002,1.793
4528.5,0.209,-3.004,1.779
4528.23,0.217,-3.007,1.792
4528.41,0.206,-3.007,1.801
4528.59,0.212,-3.008,1.791
4528.77,0.197,-3.009,1.786
4528.96,0.198,-3.01,1.795
4529.14,0.215,-3.012,1.785
4529.32,0.205,-3.011,1.791
4529.5,0.194,-3.005,1.794
4529.69,0.203,-3.003,1.795
4529.87,0.2,-3.002,1.813
4530.5,0.211,-3.001,1.83
4530.23,0.2,-3.001,1.805
4530.41,0.213,-3.003,1.815
4530.6,0.21,-3.006,1.801
4530.78,0.187,-3.003,1.808
4530.96,0.226,-3.005,1.805
4531.14,0.201,-3.005,1.811
4531.33,0.211,-3.004,1.789
4531.51,0.203,-3.005,1.775
4531.69,0.212,-3.005,1.753
4531.87,0.181,-3.005,1.761
4532.5,0.202,-3.007,1.782
4532.24,0.222,-3.008,1.766
4532.42,0.222,-3.007,1.765
4532.6,0.188,-3.005,1.757
4532.78,0.236,-3.006,1.78
4532.97,0.286,-3.01,1.764
4533.15,0.154,-3.012,1.806
4533.33,0.177,-3.009,1.776
4533.51,0.283,-3.013,1.772
4533.69,0.112,-3.009,1.786
4533.88,0.252,-3.012,1.772
4534.6,0.171,-3.011,1.778
4534.24,0.216,-3.016,1.771
4534.42,0.195,-3.018,1.779
4534.61,0.206,-3.018,1.786
4534.79,0.199,-3.021,1.781
4534.97,0.205,-3.023,1.788
4535.15,0.181,-3.023,1.793
4535.34,0.251,-3.025,1.799
4535.52,0.165,-3.025,1.795
4535.7,0.215,-3.029,1.79
4535.88,0.207,-3.029,1.792
4536.6,0.251,-3.028,1.797
4536.25,0.12,-3.027,1.818
4536.43,0.239,-3.025,1.771
4536.61,0.248,-3.029,1.787
4536.79,0.173,-3.025,1.769
4536.98,0.212,-3.027,1.756
4537.16,0.233,-3.028,1.792
4537.34,0.185,-3.027,1.8
4537.52,0.234,-3.03,1.826
4537.7,0.18,-3.032,1.806
4537.89,0.238,-3.033,1.808
4538.7,0.192,-3.034,1.809
4538.25,0.214,-3.036,1.808
4538.43,0.216,-3.039,1.778
4538.62,0.199,-3.038,1.802
4538.8,0.205,-3.04,1.818
4538.98,0.209,-3.041,1.803
4539.16,0.202,-3.042,1.809
4539.34,0.2,-3.044,1.833
4539.53,0.204,-3.043,1.82
4539.71,0.207,-3.043,1.812
4539.89,0.183,-3.047,1.797
4540.7,0.204,-3.05,1.797
4540.26,0.226,-3.053,1.804
4540.44,0.227,-3.056,1.784
4540.62,0.207,-3.057,1.784
4540.8,0.193,-3.058,1.786
4540.98,0.228,-3.061,1.798
4541.17,0.208,-3.062,1.789
4541.35,0.204,-3.061,1.798
4541.53,0.208,-3.064,1.799
4541.71,0.211,-3.068,1.779
4541.9,0.194,-3.071,1.794
4542.8,0.222,-3.072,1.8
4542.26,0.205,-3.074,1.779
4542.44,0.208,-3.078,1.751
4542.62,0.247,-3.078,1.77
4542.81,0.168,-3.078,1.752
4542.99,0.249,-3.081,1.755
4543.17,0.182,-3.076,1.731
4543.35,0.225,-3.076,1.764
4543.54,0.202,-3.077,1.76
4543.72,0.231,-3.078,1.761
4543.9,0.2,-3.079,1.767
4544.8,0.201,-3.081,1.754
4544.27,0.195,-3.082,1.767
4544.45,0.208,-3.086,1.748
4544.63,0.187,-3.083,1.743
4544.81,0.222,-3.083,1.729
4544.99,0.183,-3.084,1.737
4545.18,0.216,-3.085,1.75
4545.36,0.215,-3.086,1.743
4545.54,0.185,-3.086,1.731
4545.72,0.196,-3.087,1.745
4546.9,0.179,-3.089,1.748
4546.27,0.222,-3.087,1.733
4546.45,0.18,-3.086,1.744
4546.63,0.236,-3.087,1.734
4546.82,0.189,-3.089,1.75
4547.0,0.221,-3.088,1.743
4547.18,0.219,-3.092,1.757
4547.36,0.193,-3.094,1.753
4547.55,0.204,-3.095,1.741
4547.73,0.17,-3.096,1.743
4547.91,0.227,-3.098,1.76
4553.56,0.212,-0.124,2.401
4553.74,0.234,-0.123,2.415
4553.92,0.202,-0.123,2.398
4554.11,0.232,-0.127,2.374
4554.29,0.229,-0.129,2.375
4554.47,0.218,-0.127,2.394
4554.65,0.227,-0.131,2.391
4554.84,0.214,-0.132,2.397
4555.2,0.225,-0.135,2.409
4555.2,0.212,-0.137,2.413
4555.38,0.23,-0.145,2.437
4560.85,0.185,-0.147,2.45
4561.3,0.236,-0.148,2.44
4561.22,0.223,-0.147,2.423
4561.4,0.223,-0.15,2.43
4561.58,0.232,-0.151,2.42
4561.76,0.229,-0.151,2.415
4561.94,0.217,-0.151,2.418
4562.13,0.208,-0.153,2.409
4562.31,0.219,-0.156,2.401
4562.49,0.227,-0.157,2.414
4562.67,0.231,-0.155,2.422
4562.86,0.233,-0.152,2.409
4563.4,0.212,-0.152,2.396
4563.22,0.22,-0.152,2.399
4563.4,0.228,-0.151,2.423
4564.5,0.224,-0.154,2.416
4564.68,0.241,-0.155,2.408
4564.86,0.2,-0.158,2.415
4565.4,0.23,-0.159,2.428
4565.22,0.219,-0.161,2.432
4565.41,0.208,-0.162,2.426
4565.59,0.234,-0.165,2.422
4565.77,0.22,-0.168,2.415
4565.95,0.217,-0.171,2.41
4566.14,0.224,-0.171,2.422
4566.32,0.229,-0.174,2.422
4571.79,0.215,-0.194,2.467
4571.97,0.209,-0.194,2.55
4572.15,0.225,-0.196,2.413
4572.33,0.241,-0.194,2.532
4572.52,0.226,-0.199,2.442
4572.7,0.309,-0.217,2.903
4572.88,0.087,-0.194,2.313
4573.6,0.249,-0.213,2.683
4573.24,0.29,-0.202,2.489
4573.43,0.171,-0.206,2.656
4573.61,0.275,-0.207,2.435
4574.16,0.208,-0.212,2.59
4574.34,0.205,-0.216,2.636
4574.52,0.317,-0.215,2.617
4574.7,0.142,-0.216,2.446
4574.88,0.284,-0.219,2.526
4575.7,0.261,-0.222,2.47
4575.25,0.21,-0.219,2.492
4575.43,0.284,-0.219,2.621
4575.61,0.233,-0.22,2.495
4575.8,0.261,-0.224,2.417
4575.98,0.217,-0.225,2.555
4576.16,0.276,-0.23,2.512
4576.34,0.128,-0.23,2.596
4576.52,0.231,-0.234,2.574
4576.71,0.25,-0.233,2.641
4576.89,0.185,-0.241,2.595
4577.7,0.235,-0.237,2.57
4577.25,0.235,-0.237,2.458
4577.44,0.275,-0.236,2.497
4577.62,0.19,-0.237,2.433
4577.8,0.254,-0.237,2.576
4577.98,0.243,-0.241,2.575
4578.16,0.244,-0.243,2.577
4578.35,0.206,-0.245,2.599
4578.53,0.231,-0.246,2.547
4578.71,0.214,-0.25,2.518
4578.89,0.242,-0.247,2.481
4579.8,0.236,-0.246,2.517
4579.26,0.221,-0.247,2.462
4579.44,0.226,-0.25,2.528
4579.62,0.262,-0.254,2.451
4579.81,0.146,-0.258,2.554
4579.99,0.306,-0.255,2.576
4580.17,0.217,-0.255,2.565
4580.35,0.24,-0.257,2.549
4580.53,0.206,-0.261,2.561
4580.72,0.256,-0.263,2.527
4580.9,0.213,-0.265,2.531
4581.8,0.221,-0.264,2.521
4581.26,0.239,-0.268,2.501
4581.45,0.203,-0.27,2.504
4581.63,0.267,-0.269,2.474
4581.81,0.214,-0.271,2.455
4581.99,0.254,-0.273,2.511
4582.17,0.206,-0.276,2.452
4582.36,0.238,-0.276,2.51
4582.54,0.211,-0.274,2.474
4582.72,0.236,-0.276,2.47
4582.9,0.21,-0.275,2.431
4583.9,0.245,-0.276,2.481
4583.27,0.209,-0.278,2.464
4583.45,0.23,-0.279,2.454
4583.63,0.219,-0.278,2.452
4583.82,0.24,-0.279,2.469
4584.0,0.203,-0.279,2.448
4586.37,0.225,-0.286,2.426
4586.55,0.223,-0.292,2.451
4586.73,0.225,-0.291,2.425
4586.91,0.218,-0.293,2.447
4587.1,0.229,-0.293,2.423
4587.28,0.222,-0.292,2.479
4587.46,0.238,-0.292,2.496
4587.64,0.24,-0.295,2.503
4587.82,0.222,-0.295,2.483
4588.1,0.222,-0.296,2.456
4588.19,0.227,-0.3,2.412
4588.37,0.22,-0.3,2.408
4588.55,0.233,-0.302,2.418
4588.74,0.224,-0.303,2.405
4588.92,0.239,-0.307,2.448
4589.1,0.245,-0.309,2.441
4589.28,0.239,-0.312,2.476
4589.47,0.23,-0.313,2.465
4589.65,0.241,-0.312,2.46
4589.83,0.233,-0.314,2.478
4590.1,0.219,-0.314,2.491
4590.19,0.245,-0.312,2.513
4590.38,0.216,-0.316,2.54
4590.56,0.236,-0.318,2.487
4590.74,0.243,-0.32,2.514
4590.92,0.233,-0.319,2.525
4591.11,0.238,-0.322,2.49
4591.29,0.225,-0.323,2.45
4591.47,0.226,-0.325,2.441
4591.65,0.237,-0.33,2.44
4591.83,0.244,-0.33,2.471
4592.2,0.225,-0.331,2.467
4592.2,0.225,-0.332,2.536
4592.38,0.23,-0.333,2.518
4592.56,0.212,-0.333,2.51
4592.75,0.245,-0.334,2.511
4592.93,0.219,-0.337,2.531
4593.11,0.254,-0.34,2.568
4593.29,0.239,-0.341,2.526
4593.47,0.23,-0.34,2.495
4593.66,0.246,-0.343,2.497
4593.84,0.234,-0.344,2.491
4594.2,0.226,-0.346,2.51
4594.2,0.244,-0.349,2.593
4594.39,0.234,-0.352,2.582
4594.57,0.23,-0.354,2.569
4594.75,0.236,-0.355,2.549
4594.93,0.227,-0.355,2.547
4595.12,0.231,-0.356,2.525
4595.3,0.225,-0.355,2.496
4595.48,0.225,-0.355,2.522
4595.66,0.242,-0.357,2.52
4595.84,0.235,-0.358,2.549
4596.3,0.23,-0.359,2.55
4596.21,0.214,-0.357,2.519
4596.39,0.222,-0.358,2.535
4596.57,0.243,-0.358,2.544
4596.76,0.209,-0.359,2.523
4596.94,0.227,-0.359,2.515
4597.12,0.216,-0.359,2.57
4597.3,0.234,-0.36,2.511
4597.48,0.24,-0.365,2.485
4597.67,0.198,-0.366,2.456
4597.85,0.262,-0.365,2.511
4598.3,0.242,-0.365,2.481
4598.21,0.233,-0.365,2.538
4598.4,0.223,-0.365,2.488
4598.58,0.236,-0.368,2.507
4598.76,0.243,-0.368,2.466
4598.94,0.212,-0.37,2.484
4599.12,0.25,-0.373,2.472
4599.31,0.223,-0.373,2.506
4599.49,0.209,-0.369,2.526
4599.67,0.223,-0.369,2.516
4599.85,0.251,-0.369,2.518
4600.4,0.234,-0.369,2.533
4600.22,0.224,-0.371,2.554
4600.4,0.226,-0.368,2.568
4600.58,0.244,-0.369,2.514
4600.76,0.207,-0.366,2.564
4600.95,0.284,-0.367,2.434
4601.13,0.167,-0.367,2.464
4601.31,0.242,-0.365,2.442
4601.49,0.214,-0.365,2.5
4601.68,0.248,-0.366,2.515
4601.86,0.241,-0.368,2.519
4602.4,0.23,-0.368,2.521
4602.22,0.211,-0.367,2.47
4602.4,0.263,-0.368,2.475
4602.59,0.228,-0.369,2.542
4603.32,0.216,-0.375,2.497
4603.5,0.241,-0.374,2.452
4603.68,0.214,-0.372,2.496
4603.86,0.248,-0.371,2.495
4604.5,0.199,-0.371,2.554
4604.23,0.238,-0.37,2.557
4604.41,0.224,-0.369,2.526
4604.59,0.27,-0.371,2.497
4604.77,0.237,-0.369,2.498
4604.96,0.212,-0.37,2.405
4605.14,0.24,-0.371,2.486
4605.69,0.234,-0.377,2.46
4605.87,0.24,-0.378,2.448
4606.5,0.226,-0.381,2.432
4606.23,0.244,-0.382,2.425
4606.42,0.233,-0.381,2.421
4606.6,0.255,-0.382,2.416
4606.78,0.202,-0.383,2.422
4606.96,0.269,-0.382,2.452
4607.14,0.194,-0.383,2.445
4607.33,0.245,-0.384,2.469
4607.51,0.233,-0.386,2.426
4607.69,0.225,-0.388,2.434
4607.87,0.253,-0.393,2.439
4608.6,0.228,-0.394,2.442
4608.24,0.199,-0.393,2.411
4608.42,0.214,-0.396,2.403
4608.6,0.252,-0.396,2.422
4608.78,0.231,-0.395,2.421
4608.97,0.246,-0.397,2.428
4609.15,0.239,-0.398,2.463
4609.33,0.239,-0.402,2.509
4609.51,0.234,-0.403,2.448
4609.7,0.24,-0.403,2.419
4609.88,0.239,-0.406,2.439
4610.6,0.23,-0.407,2.499
4617.9,0.255,-0.435,2.461
4618.8,0.193,-0.439,2.478
4618.26,0.271,-0.44,2.466
4618.44,0.184,-0.442,2.465
4618.63,0.221,-0.444,2.45
4618.81,0.237,-0.443,2.435
4618.99,0.233,-0.444,2.443
4619.17,0.236,-0.447,2.397
4619.36,0.212,-0.451,2.435
4619.54,0.245,-0.45,2.427
4619.72,0.25,-0.448,2.43
4628.65,0.231,-0.483,2.44
4628.84,0.215,-0.485,2.431
4629.2,0.237,-0.484,2.447
4629.2,0.222,-0.486,2.428
4629.38,0.219,-0.486,2.43
4629.56,0.236,-0.489,2.433
4629.75,0.238,-0.488,2.41
4629.93,0.219,-0.488,2.442
4630.11,0.231,-0.488,2.437
4630.29,0.217,-0.489,2.426
4630.48,0.195,-0.485,2.525
4630.66,0.302,-0.487,2.336
4630.84,0.159,-0.487,2.5
4631.2,0.28,-0.487,2.407
4631.21,0.226,-0.486,2.405
4631.39,0.23,-0.486,2.436
4631.57,0.252,-0.487,2.438
4631.75,0.225,-0.489,2.436
4632.48,0.216,-0.493,2.418
4632.66,0.236,-0.492,2.438
4632.85,0.21,-0.496,2.448
4633.3,0.222,-0.498,2.427
4633.21,0.247,-0.5,2.436
4633.39,0.217,-0.502,2.451
4633.58,0.238,-0.502,2.437
4633.76,0.226,-0.503,2.441
4633.94,0.208,-0.505,2.427
4634.12,0.228,-0.504,2.419
4634.3,0.206,-0.505,2.447
4634.49,0.266,-0.502,2.454
4634.67,0.227,-0.507,2.402
4634.85,0.229,-0.506,2.453
4635.3,0.214,-0.508,2.438
4635.22,0.223,-0.508,2.434
4635.4,0.233,-0.509,2.449
4635.58,0.227,-0.511,2.43
4635.76,0.202,-0.513,2.461
4635.95,0.238,-0.513,2.418
4636.13,0.22,-0.517,2.45
4636.31,0.23,-0.518,2.438
4636.49,0.229,-0.524,2.447
4636.67,0.232,-0.523,2.436
4636.86,0.203,-0.524,2.454
4642.33,0.24,-0.546,2.404
4642.51,0.235,-0.548,2.429
4642.69,0.219,-0.549,2.425
4642.87,0.227,-0.551,2.414
4643.5,0.227,-0.555,2.412
4643.24,0.235,-0.556,2.438
4643.42,0.215,-0.557,2.437
4643.6,0.237,-0.557,2.432
4643.78,0.244,-0.559,2.418
4643.97,0.222,-0.562,2.441
4644.15,0.237,-0.563,2.417
4644.33,0.228,-0.565,2.462
4657.9,0.278,-0.628,2.431
4657.27,0.233,-0.627,2.509
4657.45,0.187,-0.631,2.389
4657.64,0.273,-0.629,2.481
4657.82,0.257,-0.632,2.344
4658.0,0.065,-0.629,2.479
4658.18,0.446,-0.633,2.22
4658.37,0.103,-0.635,2.52
4658.55,0.299,-0.629,2.336
4658.73,0.219,-0.634,2.395
4666.2,0.245,-0.668,2.437
4666.39,0.234,-0.673,2.435
4666.57,0.244,-0.671,2.451
4666.75,0.244,-0.673,2.414
4666.93,0.237,-0.675,2.427
4667.11,0.236,-0.675,2.433
4667.3,0.231,-0.676,2.436
4667.48,0.233,-0.676,2.444
4667.66,0.237,-0.674,2.447
4667.84,0.229,-0.678,2.434
4668.3,0.24,-0.679,2.458
4668.21,0.224,-0.676,2.448
4668.39,0.219,-0.679,2.455
4668.57,0.23,-0.682,2.456
4668.75,0.231,-0.688,2.477
4668.94,0.238,-0.693,2.462
4669.12,0.253,-0.695,2.475
4669.3,0.214,-0.694,2.489
4669.48,0.244,-0.696,2.474
4669.67,0.222,-0.695,2.498
4669.85,0.246,-0.698,2.47
4670.3,0.235,-0.703,2.476
4670.21,0.243,-0.705,2.458
4670.4,0.217,-0.704,2.462
4670.58,0.244,-0.704,2.457
4670.76,0.227,-0.707,2.476
4670.94,0.241,-0.706,2.448
4671.12,0.234,-0.707,2.464
4671.31,0.241,-0.709,2.508
4671.49,0.246,-0.714,2.534
4671.67,0.262,-0.715,2.541
4671.85,0.218,-0.719,2.523
4672.4,0.265,-0.717,2.488
4672.22,0.212,-0.721,2.479
4672.4,0.258,-0.722,2.48
4672.58,0.239,-0.723,2.465
4672.76,0.233,-0.723,2.508
4672.95,0.238,-0.726,2.504
4673.13,0.232,-0.73,2.484
4673.31,0.239,-0.729,2.48
4673.49,0.237,-0.731,2.494
4673.68,0.234,-0.73,2.523
4677.69,0.234,-0.744,2.555
4677.87,0.244,-0.745,2.543
4678.5,0.222,-0.747,2.493
4678.23,0.237,-0.747,2.511
4678.42,0.239,-0.746,2.503
4678.6,0.246,-0.747,2.463
4678.78,0.236,-0.747,2.46
4678.96,0.236,-0.749,2.523
4679.15,0.239,-0.751,2.503
4679.33,0.218,-0.753,2.535
4679.51,0.255,-0.754,2.496
4679.69,0.224,-0.755,2.542
4679.87,0.251,-0.758,2.509
4680.6,0.213,-0.761,2.483
4680.24,0.242,-0.757,2.476
4680.42,0.232,-0.758,2.469
4680.6,0.231,-0.76,2.479
4681.33,0.229,-0.759,2.449
4681.52,0.234,-0.757,2.437
4681.7,0.243,-0.754,2.448
4681.88,0.228,-0.756,2.464
4682.6,0.242,-0.761,2.458
4682.24,0.265,-0.762,2.449
4682.43,0.227,-0.763,2.439
4682.61,0.249,-0.76,2.438
4682.79,0.239,-0.761,2.449
4682.97,0.246,-0.76,2.449
4683.52,0.253,-0.76,2.433
4683.7,0.222,-0.763,2.431
4683.88,0.249,-0.764,2.419
4684.7,0.235,-0.767,2.43
4684.25,0.222,-0.771,2.416
4684.43,0.244,-0.772,2.419
4684.61,0.197,-0.773,2.451
4684.8,0.23,-0.774,2.449
4684.98,0.24,-0.774,2.442
4685.16,0.239,-0.772,2.425
4686.25,0.236,-0.781,2.462
4686.44,0.232,-0.782,2.466
4686.62,0.239,-0.782,2.419
4686.8,0.229,-0.782,2.438
4686.98,0.217,-0.783,2.442
4687.17,0.246,-0.785,2.449
4687.35,0.236,-0.788,2.437
4687.53,0.22,-0.785,2.425
4687.71,0.232,-0.785,2.422
4687.9,0.248,-0.784,2.446
4688.8,0.21,-0.784,2.482
4688.26,0.264,-0.785,2.427
4688.44,0.23,-0.786,2.435
4688.62,0.234,-0.788,2.417
4688.81,0.251,-0.785,2.429
4688.99,0.209,-0.787,2.448
4689.35,0.213,-0.785,2.465
4689.54,0.283,-0.782,2.414
4689.72,0.175,-0.782,2.405
4689.9,0.268,-0.782,2.543
4690.8,0.274,-0.784,2.453
4690.26,0.185,-0.786,2.518
4690.45,0.296,-0.784,2.535
4690.63,0.251,-0.784,2.586
4690.81,0.193,-0.783,2.383
4690.99,0.256,-0.786,2.528
4691.18,0.235,-0.789,2.461
4691.36,0.25,-0.789,2.519
4691.54,0.203,-0.792,2.51
4691.72,0.253,-0.791,2.468
4691.91,0.193,-0.794,2.454
4692.9,0.225,-0.796,2.448
4692.27,0.238,-0.799,2.567
4692.45,0.244,-0.8,2.464
4692.63,0.186,-0.805,2.512
4692.82,0.246,-0.807,2.489
4693.0,0.235,-0.809,2.503
4693.18,0.202,-0.81,2.488
4693.36,0.278,-0.814,2.484
4694.82,0.23,-0.814,2.509
4695.0,0.225,-0.813,2.402
4695.19,0.231,-0.812,2.533
4695.37,0.251,-0.814,2.467
4695.55,0.195,-0.815,2.522
4695.73,0.272,-0.811,2.488
4695.92,0.199,-0.81,2.454
4696.1,0.236,-0.809,2.403
4696.28,0.236,-0.811,2.458
4696.46,0.222,-0.812,2.443
4696.64,0.24,-0.811,2.458
4696.83,0.231,-0.813,2.436
4697.1,0.2,-0.815,2.453
4697.19,0.24,-0.817,2.448
4697.37,0.214,-0.819,2.434
4697.56,0.229,-0.822,2.454
4697.74,0.235,-0.822,2.451
4697.92,0.23,-0.82,2.46
4698.1,0.215,-0.819,2.43
4698.29,0.228,-0.818,2.438
4698.47,0.216,-0.817,2.421
4698.65,0.249,-0.818,2.441
4698.83,0.235,-0.816,2.42
4699.1,0.238,-0.816,2.426
4699.2,0.231,-0.817,2.433
4699.38,0.245,-0.818,2.425
4705.94,0.228,-0.865,2.444
4706.13,0.217,-0.865,2.471
4706.31,0.208,-0.867,2.443
4706.49,0.265,-0.87,2.493
4706.67,0.219,-0.869,2.521
4706.86,0.228,-0.872,2.538
4707.4,0.22,-0.872,2.463
4707.22,0.259,-0.874,2.481
4707.4,0.235,-0.875,2.495
4707.58,0.249,-0.877,2.531
4707.77,0.222,-0.877,2.545
4712.51,0.241,-0.886,2.441
4712.69,0.214,-0.889,2.471
4712.87,0.23,-0.891,2.485
4713.6,0.23,-0.894,2.436
4713.24,0.205,-0.891,2.484
4713.42,0.247,-0.893,2.48
4713.6,0.222,-0.894,2.495
4713.78,0.238,-0.896,2.505
4713.97,0.247,-0.897,2.476
4714.15,0.212,-0.897,2.47
4714.33,0.24,-0.899,2.47
4714.51,0.206,-0.9,2.498
4722.17,0.355,-0.944,2.506
4722.35,0.117,-0.95,2.328
4722.54,0.314,-0.955,2.55
4722.72,0.126,-0.954,2.414
4722.9,0.27,-0.954,2.499
4723.8,0.182,-0.956,2.414
4723.26,0.3,-0.959,2.472
4723.45,0.164,-0.962,2.449
4723.63,0.257,-0.963,2.486
4723.81,0.244,-0.962,2.539
4723.99,0.24,-0.963,2.457
4724.18,0.208,-0.967,2.503
4724.36,0.234,-0.967,2.469
4724.54,0.225,-0.966,2.492
4724.72,0.232,-0.965,2.455
4724.91,0.218,-0.965,2.466
4725.9,0.215,-0.968,2.482
4725.27,0.249,-0.966,2.5
4725.45,0.231,-0.966,2.48
4725.64,0.255,-0.967,2.52
4732.2,0.213,-1.0,2.427
4732.2,0.242,-1.003,2.426
4732.38,0.211,-1.003,2.446
4732.56,0.228,-1.008,2.444
4732.74,0.226,-1.009,2.447
4732.93,0.21,-1.012,2.484
4733.11,0.241,-1.011,2.466
4733.29,0.232,-1.013,2.472
4733.47,0.236,-1.013,2.476
4733.66,0.225,-1.014,2.472
4733.84,0.222,-1.017,2.483
4734.2,0.226,-1.016,2.559
4734.93,0.233,-1.017,2.57
4735.11,0.229,-1.016,2.587
4735.3,0.208,-1.017,2.593
4735.48,0.254,-1.017,2.563
4735.66,0.217,-1.018,2.555
4735.84,0.257,-1.019,2.592
4736.3,0.226,-1.018,2.541
4736.21,0.242,-1.019,2.495
4736.39,0.198,-1.022,2.485
4736.57,0.245,-1.023,2.494
4736.76,0.214,-1.022,2.5
4736.94,0.233,-1.027,2.475
4737.12,0.236,-1.026,2.452
4737.3,0.237,-1.028,2.461
4737.48,0.241,-1.03,2.463
4737.67,0.195,-1.033,2.52
4737.85,0.252,-1.037,2.46
4738.3,0.206,-1.037,2.507
4738.21,0.236,-1.038,2.47
4738.4,0.291,-1.037,2.477
4738.58,0.11,-1.042,2.44
4738.76,0.292,-1.041,2.472
4738.94,0.197,-1.043,2.423
4739.13,0.236,-1.042,2.445
4739.31,0.239,-1.045,2.453
4739.49,0.224,-1.045,2.415
4739.67,0.228,-1.041,2.44
4739.85,0.227,-1.042,2.417
4741.13,0.24,-1.045,2.485
4741.31,0.231,-1.045,2.462
4741.5,0.236,-1.044,2.453
4741.68,0.232,-1.043,2.449
4741.86,0.215,-1.042,2.432
4742.4,0.241,-1.044,2.449
4742.23,0.223,-1.043,2.425
4742.41,0.238,-1.045,2.402
4742.59,0.227,-1.047,2.437
4742.77,0.218,-1.046,2.414
4742.95,0.215,-1.047,2.427
4743.14,0.233,-1.047,2.403
4743.32,0.23,-1.048,2.411
4743.5,0.225,-1.048,2.401
4743.68,0.236,-1.049,2.398
4745.51,0.22,-1.053,2.427
4745.69,0.226,-1.051,2.418
4745.87,0.224,-1.05,2.409
4746.5,0.213,-1.051,2.429
4746.24,0.192,-1.052,2.42
4746.42,0.218,-1.053,2.459
4746.6,0.204,-1.055,2.484
4746.78,0.24,-1.058,2.494
4746.97,0.216,-1.057,2.497
4747.15,0.222,-1.058,2.543
4747.33,0.231,-1.059,2.499
4754.62,0.198,-1.081,2.44
4754.8,0.255,-1.083,2.438
4754.99,0.218,-1.084,2.428
4755.17,0.217,-1.089,2.419
4755.35,0.23,-1.09,2.469
4755.53,0.237,-1.088,2.443
4755.72,0.231,-1.09,2.472
4755.9,0.232,-1.093,2.466
4756.8,0.237,-1.096,2.461
4756.26,0.227,-1.098,2.453
4756.45,0.24,-1.101,2.454
4756.63,0.211,-1.101,2.438
4765.74,0.229,-1.132,2.484
4765.93,0.217,-1.133,2.451
4766.11,0.219,-1.133,2.461
4766.29,0.232,-1.13,2.466
4766.47,0.207,-1.133,2.473
4766.66,0.237,-1.135,2.491
4766.84,0.226,-1.139,2.502
4767.2,0.245,-1.14,2.47
4767.2,0.194,-1.137,2.458
4767.39,0.255,-1.137,2.485
4777.78,0.212,-1.175,2.541
4777.96,0.248,-1.172,2.531
4778.14,0.205,-1.174,2.522
4778.32,0.26,-1.174,2.463
4778.51,0.071,-1.171,2.51
4778.69,0.245,-1.172,2.363
4778.87,0.2,-1.172,2.489
4779.5,0.249,-1.174,2.422
4779.24,0.156,-1.177,2.498
4779.42,0.28,-1.183,2.477
4779.6,0.153,-1.183,2.538
4779.78,0.267,-1.185,2.482
4779.97,0.188,-1.187,2.526
4780.15,0.239,-1.185,2.486
4780.33,0.211,-1.186,2.52
4780.51,0.222,-1.187,2.483
4780.69,0.229,-1.188,2.543
4780.88,0.221,-1.188,2.487
4781.6,0.226,-1.185,2.514
4781.24,0.203,-1.185,2.495
4781.42,0.232,-1.184,2.452
4781.61,0.216,-1.185,2.536
4781.79,0.219,-1.183,2.572
4781.97,0.225,-1.184,2.584
4782.15,0.232,-1.18,2.6
4782.34,0.217,-1.179,2.574
4782.52,0.205,-1.183,2.579
4782.7,0.211,-1.184,2.541
4782.88,0.201,-1.181,2.536
4783.6,0.209,-1.184,2.5
4792.18,0.242,-1.23,2.466
4792.36,0.219,-1.229,2.456
4792.54,0.208,-1.227,2.47
4792.73,0.225,-1.226,2.457
4792.91,0.208,-1.23,2.46
4793.9,0.213,-1.229,2.501
4793.27,0.261,-1.232,2.466
4793.46,0.166,-1.233,2.447
4793.64,0.274,-1.234,2.492
4793.82,0.193,-1.236,2.543
4794.0,0.235,-1.235,2.46
4794.18,0.208,-1.232,2.541
4802.75,0.244,-1.278,2.457
4802.93,0.214,-1.28,2.464
4803.12,0.219,-1.28,2.45
4803.3,0.226,-1.281,2.467
4803.48,0.206,-1.282,2.439
4803.66,0.222,-1.281,2.445
4803.85,0.217,-1.282,2.511
4804.3,0.267,-1.281,2.498
4804.21,0.202,-1.285,2.53
4804.39,0.252,-1.288,2.532
4804.58,0.238,-1.29,2.52
4804.76,0.208,-1.29,2.544
4813.14,0.202,-1.294,2.458
4813.33,0.244,-1.297,2.45
4813.51,0.21,-1.297,2.427
4813.69,0.237,-1.296,2.463
4813.87,0.226,-1.298,2.464
4814.5,0.224,-1.3,2.445
4814.24,0.216,-1.3,2.449
4814.42,0.238,-1.298,2.419
4814.6,0.215,-1.299,2.429
4814.78,0.229,-1.302,2.439
4814.97,0.213,-1.305,2.4
4815.15,0.215,-1.306,2.428
4815.33,0.218,-1.304,2.398
4815.51,0.21,-1.303,2.412
4815.7,0.232,-1.301,2.395
4815.88,0.245,-1.301,2.442
4816.6,0.199,-1.303,2.384
4816.24,0.24,-1.305,2.421
4817.15,0.224,-1.303,2.406
4817.34,0.234,-1.302,2.397
4817.52,0.204,-1.3,2.417
4817.7,0.228,-1.301,2.418
4817.88,0.212,-1.305,2.431
4818.7,0.232,-1.306,2.405
4818.25,0.202,-1.31,2.407
4818.43,0.221,-1.31,2.409
4818.61,0.213,-1.309,2.4
4818.79,0.221,-1.312,2.417
4818.98,0.204,-1.315,2.397
4819.16,0.231,-1.32,2.411
4819.34,0.222,-1.32,2.392
4819.52,0.216,-1.322,2.394
4819.71,0.222,-1.325,2.394
4819.89,0.228,-1.325,2.418
4820.7,0.235,-1.325,2.382
4820.25,0.232,-1.325,2.412
4820.43,0.208,-1.328,2.394
4820.62,0.209,-1.326,2.415
4820.8,0.233,-1.327,2.408
4820.98,0.205,-1.33,2.411
4821.16,0.218,-1.33,2.404
4828.9,0.182,-1.367,2.43
4828.27,0.193,-1.366,2.309
4828.46,0.205,-1.368,2.44
4828.64,0.174,-1.364,2.37
4828.82,0.232,-1.367,2.422
4829.0,0.208,-1.369,2.403
4829.19,0.209,-1.369,2.403
4829.37,0.225,-1.373,2.399
4829.55,0.201,-1.375,2.411
4829.73,0.22,-1.375,2.419
4829.91,0.234,-1.376,2.424
4830.1,0.218,-1.375,2.426
4830.28,0.196,-1.377,2.435
4830.46,0.239,-1.38,2.399
4845.96,0.227,-1.44,2.461
4846.14,0.248,-1.437,2.555
4846.32,0.25,-1.436,2.453
4846.5,0.23,-1.435,2.476
4846.68,0.23,-1.438,2.484
4846.87,0.223,-1.437,2.508
4847.5,0.216,-1.437,2.482
4847.23,0.253,-1.439,2.488
4847.41,0.248,-1.436,2.501
4847.6,0.214,-1.441,2.53
4851.24,0.249,-1.454,2.384
4851.42,0.222,-1.454,2.435
4851.61,0.247,-1.455,2.408
4851.79,0.211,-1.455,2.44
4851.97,0.249,-1.456,2.398
4852.15,0.226,-1.454,2.446
4852.34,0.233,-1.452,2.434
4852.52,0.213,-1.452,2.443
4852.7,0.239,-1.453,2.457
4852.88,0.246,-1.453,2.431
4853.7,0.237,-1.453,2.44
4853.25,0.185,-1.453,2.442
4862.55,0.219,-1.5,2.453
4862.73,0.226,-1.501,2.458
4862.91,0.219,-1.5,2.428
4863.9,0.246,-1.499,2.508
4863.27,0.232,-1.498,2.413
4863.46,0.218,-1.499,2.451
4863.64,0.24,-1.497,2.453
4863.82,0.221,-1.494,2.444
4864.0,0.233,-1.494,2.459
4864.19,0.222,-1.494,2.476
4864.37,0.241,-1.495,2.447
4864.55,0.245,-1.496,2.463
4864.73,0.224,-1.496,2.448
4864.92,0.224,-1.497,2.458
4865.1,0.228,-1.495,2.442
4865.28,0.225,-1.499,2.442
4865.46,0.223,-1.5,2.452
4865.64,0.215,-1.501,2.439
4865.83,0.231,-1.496,2.457
4866.1,0.213,-1.496,2.456
4866.19,0.231,-1.498,2.431
4866.37,0.218,-1.497,2.441
4868.1,0.243,-1.497,2.469
4868.2,0.211,-1.5,2.45
4868.38,0.244,-1.497,2.447
4868.56,0.22,-1.498,2.428
4868.74,0.225,-1.499,2.456
4868.93,0.241,-1.5,2.423
4869.11,0.228,-1.501,2.446
4869.29,0.205,-1.501,2.449
4869.47,0.238,-1.501,2.477
4869.65,0.208,-1.503,2.431
4869.84,0.236,-1.503,2.436
4870.2,0.255,-1.506,2.456
4870.2,0.242,-1.508,2.462
4870.38,0.209,-1.511,2.451
4870.57,0.274,-1.512,2.49
4870.75,0.212,-1.512,2.45
4870.93,0.242,-1.514,2.458
4871.11,0.244,-1.516,2.45
4871.3,0.226,-1.518,2.451
4871.48,0.266,-1.519,2.448
4871.66,0.195,-1.519,2.486
4871.84,0.221,-1.52,2.453
4872.2,0.237,-1.519,2.446
4872.21,0.226,-1.517,2.444
4872.39,0.244,-1.518,2.465
4872.57,0.243,-1.519,2.451
4872.75,0.237,-1.521,2.442
4872.94,0.218,-1.523,2.455
4873.12,0.237,-1.525,2.443
4873.3,0.212,-1.526,2.465
4873.48,0.234,-1.527,2.485
4873.67,0.227,-1.53,2.469
4873.85,0.217,-1.528,2.476
4874.3,0.222,-1.527,2.449
4874.21,0.238,-1.527,2.458
4874.39,0.199,-1.529,2.409
4874.58,0.218,-1.532,2.479
4874.76,0.231,-1.536,2.392
4874.94,0.204,-1.537,2.466
4875.12,0.215,-1.539,2.363
4875.31,0.22,-1.541,2.464
4875.49,0.223,-1.539,2.425
4875.67,0.205,-1.544,2.437
4875.85,0.241,-1.541,2.424
4876.3,0.24,-1.542,2.428
4876.22,0.231,-1.543,2.451
4876.4,0.217,-1.543,2.407
4876.58,0.221,-1.542,2.439
4876.76,0.098,-1.543,2.105
4876.95,0.302,-1.549,2.636
4877.13,0.23,-1.543,2.265
4877.31,0.162,-1.549,2.494
4877.49,0.278,-1.549,2.363
4877.68,0.175,-1.552,2.475
4877.86,0.248,-1.554,2.395
4878.4,0.209,-1.555,2.474
4878.22,0.246,-1.555,2.399
4878.4,0.226,-1.553,2.455
4878.59,0.24,-1.555,2.406
4878.77,0.205,-1.559,2.436
4878.95,0.237,-1.561,2.407
4879.13,0.207,-1.563,2.433
4879.32,0.253,-1.565,2.417
4879.5,0.212,-1.567,2.454
4879.68,0.232,-1.565,2.414
4879.86,0.221,-1.566,2.486
4880.4,0.227,-1.566,2.448
4880.23,0.214,-1.568,2.544
4880.41,0.222,-1.568,2.513
4880.59,0.231,-1.566,2.547
4880.77,0.238,-1.568,2.442
4880.96,0.215,-1.567,2.417
4881.14,0.211,-1.568,2.434
4881.32,0.257,-1.567,2.429
4881.5,0.233,-1.567,2.426
4881.69,0.226,-1.569,2.375
4881.87,0.26,-1.572,2.483
4882.5,0.277,-1.574,2.378
4882.23,0.14,-1.573,2.579
4882.41,0.312,-1.576,2.346
4882.6,0.142,-1.577,2.526
4882.78,0.263,-1.578,2.496
4882.96,0.203,-1.579,2.533
4883.14,0.258,-1.579,2.444
4883.33,0.208,-1.58,2.455
4883.51,0.288,-1.58,2.454
4883.69,0.188,-1.581,2.422
4883.87,0.244,-1.58,2.477
4884.6,0.226,-1.584,2.437
4884.24,0.241,-1.585,2.48
4884.42,0.23,-1.587,2.425
4884.6,0.212,-1.589,2.449
4884.78,0.237,-1.585,2.158
4884.97,0.151,-1.595,2.588
4885.15,0.368,-1.589,2.378
4886.24,0.225,-1.606,2.42
4886.42,0.268,-1.607,2.453
4886.61,0.213,-1.61,2.427
4886.79,0.248,-1.609,2.47
4886.97,0.207,-1.609,2.467
4887.15,0.226,-1.609,2.443
4887.34,0.214,-1.608,2.44
4887.52,0.25,-1.609,2.424
4887.7,0.214,-1.613,2.418
4887.88,0.237,-1.612,2.455
4888.7,0.228,-1.613,2.422
4888.25,0.202,-1.618,2.436
4888.43,0.266,-1.618,2.427
4888.61,0.218,-1.622,2.434
4888.79,0.21,-1.623,2.417
4888.98,0.227,-1.625,2.467
4889.16,0.253,-1.621,2.402
4889.34,0.212,-1.624,2.46
4889.52,0.216,-1.626,2.391
4889.71,0.244,-1.627,2.44
4889.89,0.227,-1.629,2.379
4890.7,0.248,-1.63,2.424
4890.25,0.233,-1.632,2.403
4890.44,0.24,-1.633,2.427
4890.62,0.205,-1.635,2.45
4890.8,0.268,-1.637,2.438
4890.98,0.199,-1.639,2.42
4891.16,0.254,-1.641,2.469
4891.35,0.241,-1.641,2.404
4891.53,0.191,-1.644,2.485
4891.71,0.258,-1.645,2.432
4891.89,0.218,-1.644,2.496
4892.8,0.272,-1.644,2.397
4892.26,0.147,-1.649,2.487
4892.44,0.277,-1.646,2.408
4892.62,0.196,-1.647,2.471
4892.81,0.281,-1.648,2.432
4892.99,0.189,-1.651,2.474
4893.17,0.246,-1.652,2.435
4893.35,0.217,-1.655,2.508
4893.53,0.288,-1.654,2.468
4893.72,0.18,-1.656,2.504
4893.9,0.24,-1.657,2.476
4894.8,0.226,-1.657,2.499
4894.26,0.218,-1.656,2.48
4894.45,0.2,-1.657,2.483
4894.63,0.223,-1.658,2.454
4894.81,0.216,-1.66,2.506
4894.99,0.237,-1.663,2.466
4895.17,0.224,-1.664,2.505
4895.36,0.235,-1.665,2.473
4895.54,0.259,-1.663,2.47
4895.72,0.19,-1.666,2.467
4895.9,0.238,-1.667,2.425
4896.9,0.191,-1.668,2.45
4896.27,0.24,-1.67,2.438
4896.45,0.221,-1.672,2.438
4896.63,0.202,-1.67,2.45
4896.82,0.232,-1.668,2.469
4897.0,0.198,-1.672,2.456
4897.18,0.23,-1.671,2.48
4897.36,0.205,-1.672,2.432
4897.54,0.235,-1.669,2.496
4897.73,0.233,-1.668,2.422
4897.91,0.207,-1.67,2.471
4898.9,0.239,-1.666,2.485
4898.27,0.234,-1.669,2.483
4898.46,0.193,-1.672,2.455
4898.64,0.258,-1.672,2.523
4898.82,0.224,-1.672,2.482
4899.0,0.234,-1.669,2.503
4899.18,0.217,-1.671,2.482
4899.37,0.225,-1.674,2.44
4899.55,0.233,-1.677,2.469
4899.73,0.214,-1.68,2.44
4899.91,0.242,-1.679,2.466
4900.1,0.223,-1.679,2.432
4900.28,0.22,-1.678,2.471
4900.46,0.232,-1.68,2.45
4900.64,0.226,-1.68,2.427
4900.83,0.217,-1.682,2.45
4901.1,0.237,-1.683,2.449
4901.19,0.218,-1.683,2.448
4901.37,0.243,-1.682,2.452
4901.55,0.208,-1.684,2.465
4901.74,0.249,-1.686,2.478
4901.92,0.219,-1.69,2.463
4902.1,0.209,-1.693,2.501
4902.28,0.219,-1.695,2.494
4902.47,0.211,-1.697,2.485
4902.65,0.223,-1.701,2.437
4902.83,0.204,-1.699,2.421
4903.1,0.245,-1.697,2.451
4903.19,0.221,-1.697,2.477
4903.38,0.244,-1.698,2.518
4903.56,0.222,-1.698,2.506
4903.74,0.207,-1.701,2.508
4903.92,0.238,-1.703,2.487
4904.11,0.22,-1.702,2.503
4904.29,0.212,-1.704,2.497
4904.47,0.247,-1.702,2.503
4904.65,0.224,-1.702,2.464
4904.83,0.218,-1.704,2.461
4905.2,0.233,-1.706,2.481
4905.2,0.223,-1.708,2.463
4905.38,0.232,-1.707,2.49
4905.56,0.215,-1.707,2.483
4905.75,0.229,-1.709,2.506
4905.93,0.241,-1.708,2.52
4906.11,0.226,-1.708,2.494
4906.29,0.226,-1.711,2.494
4906.48,0.24,-1.712,2.49
4906.66,0.247,-1.715,2.481
4906.84,0.227,-1.715,2.512
4907.2,0.238,-1.717,2.484
4907.2,0.224,-1.718,2.484
4907.39,0.229,-1.717,2.467
4907.57,0.228,-1.714,2.485
4907.75,0.235,-1.718,2.489
4907.93,0.236,-1.718,2.489
4908.12,0.22,-1.72,2.511
4908.3,0.245,-1.721,2.518
4908.48,0.219,-1.72,2.512
4908.66,0.234,-1.719,2.483
4908.85,0.218,-1.721,2.435
4909.3,0.23,-1.721,2.395
4909.21,0.236,-1.72,2.393
4909.39,0.251,-1.72,2.389
4909.57,0.201,-1.721,2.402
4909.76,0.21,-1.723,2.393
4909.94,0.227,-1.726,2.424
4910.12,0.232,-1.726,2.412
4910.3,0.222,-1.726,2.426
4910.49,0.238,-1.728,2.427
4910.67,0.181,-1.727,2.402
4910.85,0.259,-1.728,2.431
4911.3,0.164,-1.733,2.417
4911.21,0.25,-1.731,2.415
4911.4,0.199,-1.732,2.42
4911.58,0.26,-1.733,2.404
4911.76,0.202,-1.737,2.436
4911.94,0.225,-1.74,2.405
4912.13,0.226,-1.741,2.427
4912.31,0.239,-1.741,2.418
4912.49,0.203,-1.746,2.428
4912.67,0.234,-1.746,2.432
4912.85,0.221,-1.748,2.447
4913.4,0.227,-1.749,2.438
4913.22,0.224,-1.752,2.446
4913.4,0.221,-1.756,2.445
4913.58,0.23,-1.759,2.446
4913.77,0.21,-1.76,2.438
4914.13,0.201,-1.765,2.457
4914.31,0.2,-1.765,2.428
4914.5,0.229,-1.765,2.435
4914.68,0.22,-1.764,2.444
4914.86,0.235,-1.762,2.414
4915.4,0.222,-1.763,2.441
4915.22,0.24,-1.763,2.424
4915.41,0.233,-1.765,2.443
4915.59,0.244,-1.768,2.458
4915.77,0.238,-1.768,2.453
4915.95,0.232,-1.769,2.47
4916.14,0.227,-1.77,2.485
4916.32,0.235,-1.767,2.456
4916.5,0.25,-1.769,2.435
4916.68,0.22,-1.775,2.423
4916.86,0.227,-1.774,2.379
4917.5,0.212,-1.775,2.408
4917.23,0.245,-1.775,2.388
4917.41,0.215,-1.776,2.432
4917.59,0.221,-1.777,2.395
4917.78,0.231,-1.778,2.41
4917.96,0.252,-1.775,2.426
4918.14,0.21,-1.778,2.396
4918.32,0.246,-1.779,2.402
4918.51,0.22,-1.78,2.43
4918.69,0.233,-1.779,2.437
4918.87,0.22,-1.783,2.438
4919.5,0.226,-1.78,2.432
4919.23,0.242,-1.778,2.406
4919.42,0.237,-1.78,2.415
4920.51,0.235,-1.784,2.435
4920.69,0.211,-1.783,2.44
4920.87,0.2,-1.784,2.432
4921.6,0.22,-1.787,2.443
4921.24,0.232,-1.79,2.422
4921.42,0.22,-1.792,2.44
4921.6,0.248,-1.793,2.424
4921.79,0.221,-1.794,2.424
4921.97,0.223,-1.797,2.41
4922.15,0.234,-1.798,2.421
4922.33,0.23,-1.803,2.413
4922.52,0.214,-1.805,2.428
4922.7,0.222,-1.806,2.413
4922.88,0.229,-1.806,2.45
4923.6,0.231,-1.805,2.424
4923.24,0.238,-1.808,2.421
4923.43,0.236,-1.809,2.415
4923.61,0.229,-1.807,2.41
4923.79,0.219,-1.808,2.388
4923.97,0.244,-1.811,2.438
4924.16,0.229,-1.809,2.456
4924.34,0.231,-1.809,2.474
4924.52,0.239,-1.813,2.467
4924.7,0.222,-1.812,2.486
4924.88,0.238,-1.815,2.494
4925.7,0.223,-1.816,2.465
4925.25,0.249,-1.819,2.488
4925.43,0.213,-1.821,2.402
4925.61,0.216,-1.823,2.436
4925.8,0.214,-1.822,2.417
4925.98,0.242,-1.823,2.422
4926.16,0.206,-1.825,2.433
4926.34,0.237,-1.824,2.427
4926.53,0.227,-1.827,2.448
4926.71,0.246,-1.826,2.435
4926.89,0.239,-1.826,2.445
4927.7,0.215,-1.83,2.443
4927.25,0.227,-1.829,2.434
4927.44,0.243,-1.831,2.429
4927.62,0.215,-1.833,2.45
4927.8,0.231,-1.833,2.439
4927.98,0.221,-1.833,2.475
4928.17,0.242,-1.831,2.451
4928.35,0.227,-1.831,2.473
4928.53,0.248,-1.832,2.448
4928.71,0.211,-1.833,2.436
4928.89,0.253,-1.835,2.459
4929.8,0.205,-1.836,2.444
4929.26,0.25,-1.836,2.446
4929.44,0.233,-1.837,2.434
4929.62,0.22,-1.839,2.462
4929.81,0.224,-1.842,2.421
4929.99,0.232,-1.843,2.479
4930.17,0.242,-1.847,2.433
4930.35,0.203,-1.849,2.431
4930.53,0.221,-1.849,2.461
4930.72,0.251,-1.849,2.473
4930.9,0.217,-1.85,2.48
4931.8,0.239,-1.851,2.383
4931.26,0.25,-1.853,2.524
4931.45,0.204,-1.858,2.345
4931.63,0.243,-1.859,2.428
4931.81,0.211,-1.862,2.438
4931.99,0.219,-1.862,2.413
4932.17,0.256,-1.862,2.436
4932.36,0.224,-1.861,2.439
4932.54,0.196,-1.861,2.438
4932.72,0.242,-1.861,2.459
4932.9,0.221,-1.864,2.443
4933.9,0.233,-1.863,2.457
4933.27,0.242,-1.864,2.458
4933.45,0.239,-1.866,2.443
4933.63,0.221,-1.867,2.462
4933.82,0.251,-1.867,2.419
4934.0,0.221,-1.865,2.475
4934.18,0.267,-1.866,2.417
4934.36,0.195,-1.869,2.447
4934.54,0.27,-1.869,2.435
4934.73,0.211,-1.871,2.464
4934.91,0.25,-1.876,2.423
4935.9,0.215,-1.88,2.453
4935.27,0.253,-1.878,2.449
4935.46,0.218,-1.879,2.443
4935.64,0.236,-1.88,2.427
4935.82,0.232,-1.88,2.4
4936.0,0.227,-1.878,2.426
4937.1,0.229,-1.886,2.502
4937.28,0.241,-1.888,2.449
4937.46,0.227,-1.888,2.522
4937.64,0.259,-1.887,2.471
4937.83,0.226,-1.885,2.526
4938.1,0.242,-1.888,2.469
4938.19,0.226,-1.893,2.485
4938.37,0.247,-1.894,2.48
4938.55,0.214,-1.896,2.435
4938.74,0.232,-1.896,2.449
4938.92,0.239,-1.897,2.466
4939.1,0.261,-1.9,2.445
4939.28,0.222,-1.902,2.472
4939.47,0.256,-1.906,2.468
4939.65,0.219,-1.91,2.492
4939.83,0.249,-1.91,2.472
4940.1,0.246,-1.911,2.522
4940.2,0.234,-1.911,2.543
4940.38,0.232,-1.912,2.547
4940.56,0.237,-1.912,2.581
4940.74,0.252,-1.917,2.618
4940.92,0.247,-1.919,2.539
4941.11,0.211,-1.924,2.544
4941.29,0.241,-1.922,2.573
4941.47,0.257,-1.921,2.598
4941.65,0.28,-1.917,2.542
4941.84,0.183,-1.92,2.522
4942.2,0.232,-1.92,2.516
4942.2,0.207,-1.922,2.503
4942.38,0.244,-1.922,2.497
4942.57,0.226,-1.922,2.537
4942.75,0.258,-1.922,2.492
4942.93,0.211,-1.922,2.549
4943.11,0.233,-1.921,2.533
4943.29,0.22,-1.923,2.542
4943.48,0.251,-1.923,2.53
4943.66,0.242,-1.925,2.53
4943.84,0.244,-1.925,2.514
4944.2,0.235,-1.927,2.544
4944.21,0.237,-1.929,2.553
4944.39,0.232,-1.934,2.531
4944.57,0.226,-1.937,2.52
4944.75,0.24,-1.937,2.504
4944.93,0.217,-1.937,2.497
4945.12,0.238,-1.94,2.492
4945.3,0.246,-1.941,2.495
4946.39,0.229,-1.948,2.507
4946.58,0.228,-1.949,2.497
4946.76,0.226,-1.946,2.473
4946.94,0.24,-1.947,2.496
4947.12,0.25,-1.946,2.498
4947.3,0.227,-1.945,2.517
4947.49,0.234,-1.947,2.56
4947.67,0.244,-1.952,2.568
4947.85,0.235,-1.953,2.534
4948.3,0.207,-1.952,2.538
4948.22,0.217,-1.954,2.585
4948.4,0.235,-1.957,2.568
4948.58,0.242,-1.959,2.532
4948.76,0.236,-1.957,2.47
4948.94,0.242,-1.96,2.418
4949.13,0.249,-1.962,2.377
4949.31,0.207,-1.964,2.392
4949.49,0.255,-1.966,2.4
4949.67,0.238,-1.965,2.423
4949.86,0.251,-1.965,2.417
4950.4,0.219,-1.968,2.425
4950.22,0.255,-1.97,2.406
4950.4,0.235,-1.968,2.441
4950.59,0.227,-1.968,2.435
4950.77,0.244,-1.969,2.475
4950.95,0.238,-1.971,2.449
4951.13,0.223,-1.973,2.465
4951.31,0.272,-1.974,2.465
4951.5,0.225,-1.98,2.476
4951.68,0.254,-1.983,2.468
4951.86,0.246,-1.988,2.457
4952.4,0.242,-1.989,2.442
4952.23,0.225,-1.991,2.501
4952.41,0.242,-1.99,2.51
4952.59,0.215,-1.989,2.51
4952.77,0.235,-1.991,2.485
4952.95,0.209,-1.995,2.48
4953.14,0.226,-1.996,2.518
4953.32,0.239,-1.995,2.493
4953.5,0.245,-1.993,2.485
4953.68,0.234,-1.992,2.489
4953.87,0.226,-1.992,2.476
4954.5,0.258,-1.994,2.499
4954.23,0.23,-1.994,2.522
4954.41,0.249,-1.995,2.481
4954.6,0.234,-1.997,2.469
4954.78,0.234,-1.998,2.45
4954.96,0.242,-1.998,2.453
4955.14,0.236,-1.996,2.476
4955.32,0.228,-1.998,2.491
4955.51,0.241,-1.998,2.516
4955.69,0.218,-1.999,2.506
4955.87,0.237,-2.0,2.539
4956.5,0.237,-2.002,2.505
4956.24,0.232,-2.003,2.526
4956.42,0.247,-2.003,2.506
4956.6,0.239,-2.005,2.524
4956.78,0.239,-2.008,2.491
4956.97,0.248,-2.012,2.495
4957.15,0.225,-2.012,2.466
4957.33,0.232,-2.013,2.514
4957.51,0.238,-2.013,2.529
4957.69,0.217,-2.016,2.544
4957.88,0.258,-2.013,2.532
4958.6,0.216,-2.016,2.517
4958.24,0.228,-2.016,2.55
4958.42,0.257,-2.017,2.56
4958.61,0.209,-2.017,2.51
4958.79,0.218,-2.021,2.534
4958.97,0.237,-2.021,2.518
4959.15,0.224,-2.021,2.505
4959.33,0.248,-2.019,2.497
4959.52,0.229,-2.021,2.496
4959.7,0.236,-2.023,2.529
4959.88,0.233,-2.02,2.513
4960.6,0.222,-2.02,2.561
4960.25,0.209,-2.02,2.525
4960.43,0.221,-2.022,2.51
4960.61,0.201,-2.024,2.52
4960.79,0.228,-2.027,2.474
4960.98,0.222,-2.028,2.488
4961.16,0.222,-2.027,2.446
4961.34,0.208,-2.027,2.486
4961.52,0.244,-2.028,2.453
4961.7,0.219,-2.03,2.456
4961.89,0.237,-2.03,2.461
4962.7,0.205,-2.032,2.42
4962.25,0.255,-2.036,2.43
4962.43,0.243,-2.037,2.485
4962.62,0.281,-2.039,2.428
4962.8,0.232,-2.044,2.531
4962.98,0.221,-2.043,2.468
4963.16,0.246,-2.047,2.524
4963.34,0.238,-2.047,2.516
4963.53,0.225,-2.047,2.476
4963.71,0.225,-2.05,2.482
4963.89,0.209,-2.05,2.493
4964.7,0.259,-2.049,2.503
4964.26,0.222,-2.047,2.472
4964.44,0.274,-2.048,2.517
4964.62,0.225,-2.052,2.466
4964.8,0.264,-2.053,2.518
4964.99,0.218,-2.054,2.509
4965.17,0.239,-2.057,2.42
4965.35,0.229,-2.058,2.463
4965.53,0.25,-2.055,2.501
4965.71,0.249,-2.055,2.474
4965.9,0.166,-2.061,2.433
4966.8,0.315,-2.058,2.51
4966.63,0.194,-2.058,2.459
4966.81,0.246,-2.059,2.444
4966.99,0.201,-2.057,2.436
4967.17,0.261,-2.059,2.447
4967.36,0.237,-2.06,2.446
4967.54,0.227,-2.058,2.429
4967.72,0.25,-2.06,2.45
4967.9,0.26,-2.062,2.431
4968.8,0.217,-2.061,2.437
4968.27,0.219,-2.063,2.426
4968.45,0.257,-2.063,2.455
4971.0,0.252,-2.07,2.49
4971.18,0.227,-2.07,2.402
4971.37,0.272,-2.071,2.439
4971.55,0.171,-2.07,2.372
4971.73,0.245,-2.069,2.462
4971.91,0.228,-2.07,2.328
4972.9,0.2,-2.075,2.395
4972.28,0.246,-2.072,2.392
4972.46,0.209,-2.072,2.364
4972.64,0.258,-2.073,2.352
4972.82,0.197,-2.074,2.393
4973.1,0.229,-2.074,2.301
4973.19,0.226,-2.075,2.341
4973.37,0.231,-2.076,2.362
4973.55,0.211,-2.078,2.393
4973.73,0.224,-2.078,2.342
4974.65,0.231,-2.084,2.525
4974.83,0.231,-2.085,2.465
4975.1,0.224,-2.087,2.438
4975.19,0.214,-2.087,2.425
4975.38,0.238,-2.087,2.398
4975.56,0.229,-2.09,2.411
4975.74,0.23,-2.091,2.441
4975.92,0.218,-2.095,2.446
4976.1,0.228,-2.094,2.38
4976.29,0.241,-2.096,2.33
4980.11,0.225,-2.116,2.424
4980.3,0.212,-2.116,2.377
4980.48,0.225,-2.117,2.407
4980.66,0.257,-2.117,2.388
4980.84,0.223,-2.117,2.43
4981.3,0.247,-2.116,2.422
4981.21,0.228,-2.119,2.48
4981.39,0.23,-2.118,2.48
4981.57,0.211,-2.12,2.468
4981.75,0.246,-2.119,2.521
4981.94,0.235,-2.117,2.512
4982.12,0.218,-2.119,2.513
4982.3,0.237,-2.123,2.497
4982.48,0.208,-2.123,2.52
4982.67,0.253,-2.126,2.501
4982.85,0.229,-2.126,2.5
4983.3,0.202,-2.13,2.478
4983.21,0.258,-2.134,2.484
4983.4,0.209,-2.134,2.477
4983.58,0.265,-2.136,2.455
4983.76,0.19,-2.139,2.5
4983.94,0.249,-2.138,2.484
4984.12,0.227,-2.137,2.513
4984.31,0.243,-2.135,2.466
4984.49,0.224,-2.139,2.483
4984.67,0.228,-2.139,2.489
4989.5,0.207,-2.15,2.505
4989.23,0.23,-2.15,2.457
4989.41,0.204,-2.153,2.466
4989.59,0.227,-2.151,2.449
4989.77,0.209,-2.148,2.436
4989.96,0.229,-2.149,2.431
4990.14,0.205,-2.148,2.404
4990.32,0.244,-2.149,2.409
4990.5,0.179,-2.148,2.392
4990.69,0.259,-2.147,2.409
4990.87,0.204,-2.148,2.401
4991.5,0.232,-2.146,2.413
4991.23,0.214,-2.147,2.398
4991.41,0.207,-2.147,2.429
4991.6,0.204,-2.149,2.459
4991.78,0.228,-2.153,2.438
4991.96,0.214,-2.157,2.45
4992.14,0.23,-2.158,2.466
4992.33,0.209,-2.159,2.451
4992.51,0.215,-2.161,2.449
4992.69,0.22,-2.161,2.459
4992.87,0.226,-2.16,2.469
4993.6,0.223,-2.164,2.45
4993.24,0.222,-2.165,2.437
4993.42,0.217,-2.166,2.437
4993.6,0.216,-2.165,2.431
4993.78,0.228,-2.164,2.442
4993.97,0.22,-2.163,2.422
4994.15,0.221,-2.165,2.446
4994.33,0.218,-2.165,2.433
4994.51,0.222,-2.167,2.442
4994.7,0.225,-2.169,2.422
4994.88,0.217,-2.17,2.441
4995.6,0.218,-2.173,2.443
4995.24,0.205,-2.173,2.433
4995.42,0.227,-2.172,2.42
4995.61,0.233,-2.172,2.428
4995.79,0.218,-2.174,2.421
4995.97,0.223,-2.176,2.429
4996.15,0.219,-2.174,2.422
4996.34,0.212,-2.177,2.418
4996.52,0.217,-2.177,2.42
4996.7,0.225,-2.18,2.459
4996.88,0.219,-2.183,2.403
4997.7,0.209,-2.187,2.416
4997.25,0.211,-2.189,2.431
4997.43,0.213,-2.192,2.422
4997.61,0.206,-2.193,2.426
4997.79,0.24,-2.195,2.41
4997.98,0.216,-2.197,2.42
4998.16,0.231,-2.195,2.424
4998.34,0.246,-2.197,2.43
4998.52,0.234,-2.197,2.432
4998.71,0.225,-2.195,2.435
4998.89,0.212,-2.194,2.432
4999.7,0.213,-2.196,2.434
4999.25,0.241,-2.197,2.433
4999.43,0.198,-2.194,2.444
4999.62,0.222,-2.197,2.443
4999.8,0.197,-2.198,2.447
4999.98,0.233,-2.2,2.455
5000.16,0.212,-2.2,2.479
5000.35,0.234,-2.204,2.497
5000.53,0.22,-2.205,2.497
5000.71,0.219,-2.209,2.488
5000.89,0.235,-2.211,2.465
5001.8,0.232,-2.212,2.482
5001.26,0.222,-2.211,2.468
5001.44,0.226,-2.211,2.462
5001.62,0.233,-2.216,2.449
5001.8,0.216,-2.213,2.459
5001.99,0.228,-2.213,2.466
5002.17,0.227,-2.213,2.478
5002.35,0.239,-2.213,2.481
5002.53,0.221,-2.214,2.499
5002.72,0.24,-2.217,2.491
5002.9,0.226,-2.219,2.474
5003.8,0.211,-2.223,2.479
5003.26,0.227,-2.223,2.453
5003.44,0.226,-2.223,2.425
5003.63,0.224,-2.223,2.419
5003.81,0.223,-2.22,2.405
5003.99,0.224,-2.218,2.409
5004.17,0.225,-2.221,2.412
5004.36,0.244,-2.221,2.427
5004.54,0.227,-2.22,2.436
5004.72,0.213,-2.219,2.434
5004.9,0.219,-2.218,2.438
5005.9,0.231,-2.218,2.453
5005.27,0.215,-2.22,2.457
5005.45,0.221,-2.224,2.459
5005.63,0.221,-2.224,2.452
5005.81,0.207,-2.22,2.453
5006.0,0.214,-2.224,2.469
5006.18,0.221,-2.229,2.509
5006.36,0.244,-2.231,2.525
5006.54,0.196,-2.233,2.528
5006.73,0.238,-2.234,2.472
5006.91,0.217,-2.238,2.48
5007.9,0.22,-2.237,2.457
5007.27,0.23,-2.237,2.467
5007.46,0.205,-2.237,2.468
5007.64,0.237,-2.239,2.457
5007.82,0.217,-2.24,2.482
5008.0,0.207,-2.243,2.479
5008.18,0.223,-2.241,2.476
5008.37,0.201,-2.24,2.487
5008.55,0.212,-2.24,2.505
5008.73,0.21,-2.24,2.526
5008.91,0.229,-2.241,2.548
5009.1,0.203,-2.244,2.53
5009.28,0.23,-2.245,2.517
5009.46,0.186,-2.245,2.537
5009.64,0.215,-2.245,2.533
5009.82,0.22,-2.242,2.558
5010.1,0.207,-2.244,2.559
5010.19,0.247,-2.247,2.557
5010.37,0.205,-2.247,2.543
5010.55,0.243,-2.246,2.526
5010.74,0.21,-2.244,2.509
5010.92,0.224,-2.246,2.474
5011.1,0.216,-2.248,2.504
5011.28,0.239,-2.25,2.487
5011.47,0.207,-2.249,2.5
5011.65,0.217,-2.251,2.504
5011.83,0.237,-2.252,2.533
5012.1,0.215,-2.249,2.519
5012.19,0.241,-2.249,2.494
5012.38,0.221,-2.249,2.49
5012.56,0.211,-2.247,2.517
5012.74,0.229,-2.246,2.507
5012.92,0.217,-2.246,2.465
5013.11,0.219,-2.245,2.517
5013.29,0.247,-2.244,2.528
5013.47,0.207,-2.245,2.466
5013.65,0.249,-2.247,2.459
5013.84,0.192,-2.247,2.445
5014.2,0.235,-2.246,2.463
5014.2,0.182,-2.249,2.476
5014.38,0.248,-2.251,2.469
5014.56,0.191,-2.253,2.452
5014.75,0.235,-2.253,2.477
5014.93,0.197,-2.256,2.472
5015.11,0.222,-2.254,2.506
5015.29,0.214,-2.255,2.483
5015.48,0.277,-2.255,2.481
5015.66,0.184,-2.253,2.475
5015.84,0.269,-2.253,2.462
5016.2,0.203,-2.252,2.433
5016.2,0.208,-2.255,2.455
5016.39,0.219,-2.252,2.444
5016.57,0.185,-2.255,2.455
5016.75,0.208,-2.258,2.437
5016.93,0.203,-2.257,2.461
5017.12,0.267,-2.258,2.469
5017.3,0.212,-2.26,2.448
5017.48,0.239,-2.262,2.468
5017.66,0.197,-2.261,2.481
5017.85,0.194,-2.262,2.427
5018.3,0.255,-2.263,2.461
5018.21,0.192,-2.261,2.446
5018.39,0.219,-2.264,2.442
5018.57,0.219,-2.263,2.462
5018.76,0.203,-2.259,2.441
5018.94,0.275,-2.26,2.472
5019.12,0.169,-2.257,2.468
5019.3,0.21,-2.257,2.433
5019.49,0.296,-2.255,2.425
5019.67,0.145,-2.254,2.473
5019.85,0.31,-2.254,2.476
5020.3,0.186,-2.254,2.458
5020.22,0.221,-2.255,2.432
5020.4,0.22,-2.254,2.473
5020.58,0.28,-2.256,2.515
5020.76,0.166,-2.255,2.497
5020.94,0.218,-2.254,2.488
5021.13,0.278,-2.251,2.496
5021.31,0.222,-2.248,2.432
5021.49,0.242,-2.25,2.408
5021.67,0.201,-2.247,2.391
5021.86,0.273,-2.248,2.444
5022.4,0.217,-2.251,2.453
5022.22,0.238,-2.256,2.49
5022.4,0.187,-2.255,2.45
5022.59,0.272,-2.26,2.472
5022.77,0.205,-2.258,2.439
5022.95,0.289,-2.262,2.495
5023.13,0.197,-2.259,2.484
5023.31,0.256,-2.263,2.499
5023.5,0.254,-2.266,2.494
5023.68,0.22,-2.267,2.514
5023.86,0.252,-2.267,2.472
5024.4,0.21,-2.265,2.505
5024.23,0.236,-2.267,2.521
5024.41,0.257,-2.27,2.521
5024.59,0.109,-2.27,2.574
5024.77,0.288,-2.271,2.554
5024.95,0.145,-2.268,2.55
5025.14,0.283,-2.269,2.561
5025.32,0.198,-2.27,2.571
5025.5,0.263,-2.27,2.58
5025.68,0.221,-2.27,2.582
5025.87,0.256,-2.274,2.538
5026.5,0.175,-2.275,2.513
5026.23,0.249,-2.278,2.501
5026.41,0.185,-2.28,2.513
5026.6,0.23,-2.285,2.572
5026.78,0.203,-2.286,2.576
5026.96,0.21,-2.289,2.55
5027.14,0.22,-2.288,2.512
5027.32,0.223,-2.292,2.498
5027.51,0.199,-2.296,2.463
5027.69,0.212,-2.297,2.499
5027.87,0.188,-2.297,2.517
5028.5,0.254,-2.298,2.554
5028.24,0.224,-2.298,2.561
5028.42,0.249,-2.299,2.521
5028.6,0.187,-2.297,2.532
5028.78,0.269,-2.301,2.537
5028.97,0.21,-2.296,2.519
5029.15,0.228,-2.298,2.466
5029.33,0.176,-2.298,2.44
5029.51,0.236,-2.3,2.444
5029.69,0.204,-2.302,2.442
5029.88,0.234,-2.302,2.445
5030.6,0.212,-2.301,2.466
5030.24,0.208,-2.303,2.477
5030.42,0.224,-2.304,2.503
5030.61,0.225,-2.304,2.454
5030.79,0.215,-2.304,2.437
5030.97,0.215,-2.304,2.406
5031.15,0.209,-2.304,2.401
5031.34,0.236,-2.304,2.414
5031.52,0.222,-2.305,2.413
5031.7,0.23,-2.305,2.432
5031.88,0.196,-2.305,2.437
5032.6,0.23,-2.306,2.436
5032.25,0.217,-2.305,2.438
5032.43,0.264,-2.305,2.44
5032.61,0.219,-2.31,2.436
5032.79,0.233,-2.309,2.42
5032.98,0.238,-2.311,2.424
5033.16,0.223,-2.312,2.457
5033.34,0.205,-2.314,2.441
5033.52,0.224,-2.316,2.443
5033.71,0.225,-2.317,2.448
5033.89,0.25,-2.315,2.418
5034.7,0.219,-2.315,2.417
5034.25,0.248,-2.315,2.436
5034.43,0.208,-2.316,2.435
5034.62,0.233,-2.319,2.463
5034.8,0.233,-2.319,2.456
5034.98,0.231,-2.321,2.455
5035.16,0.216,-2.319,2.417
5035.35,0.237,-2.321,2.408
5035.53,0.204,-2.32,2.404
5038.44,0.234,-2.317,2.371
5038.63,0.225,-2.316,2.38
5038.81,0.244,-2.318,2.398
5038.99,0.205,-2.32,2.397
5039.17,0.217,-2.323,2.401
5039.36,0.225,-2.321,2.403
5039.54,0.245,-2.323,2.423
5039.72,0.196,-2.325,2.395
5039.9,0.264,-2.324,2.419
5040.8,0.202,-2.326,2.418
5040.27,0.237,-2.33,2.402
5040.63,0.229,-2.328,2.439
5040.81,0.211,-2.327,2.455
5041.0,0.203,-2.33,2.471
5041.18,0.197,-2.329,2.5
5041.36,0.243,-2.33,2.503
5041.54,0.228,-2.329,2.442
5041.73,0.226,-2.331,2.443
5041.91,0.237,-2.332,2.41
5042.9,0.224,-2.332,2.438
5042.27,0.224,-2.33,2.454
5042.45,0.234,-2.333,2.472
5042.64,0.21,-2.334,2.453
5042.82,0.238,-2.335,2.441
5043.0,0.217,-2.337,2.451
5043.18,0.231,-2.34,2.507
5043.37,0.243,-2.344,2.52
5043.55,0.204,-2.345,2.528
5043.73,0.197,-2.346,2.552
5043.91,0.24,-2.346,2.544
5044.1,0.221,-2.346,2.53
5044.28,0.24,-2.348,2.525
5044.46,0.229,-2.349,2.504
5044.64,0.199,-2.348,2.47
5044.82,0.24,-2.351,2.439
5045.1,0.208,-2.354,2.414
5045.19,0.204,-2.356,2.384
5045.37,0.25,-2.355,2.414
5045.55,0.194,-2.352,2.424
5045.74,0.211,-2.354,2.409
5045.92,0.204,-2.355,2.38
5046.1,0.225,-2.354,2.39
5046.28,0.222,-2.356,2.369
5046.47,0.218,-2.357,2.416
5046.65,0.237,-2.358,2.442
5046.83,0.22,-2.358,2.415
5047.1,0.254,-2.359,2.406
5047.19,0.179,-2.356,2.405
5047.38,0.257,-2.358,2.403
5047.56,0.219,-2.359,2.4
5047.74,0.221,-2.36,2.397
5047.92,0.235,-2.363,2.367
5048.11,0.225,-2.365,2.4
5048.29,0.22,-2.365,2.479
5048.47,0.215,-2.365,2.527
5048.65,0.221,-2.368,2.53
5048.84,0.218,-2.371,2.582
5049.2,0.216,-2.373,2.579
5049.2,0.221,-2.371,2.532
5049.38,0.22,-2.373,2.508
5049.56,0.223,-2.375,2.476
5051.93,0.209,-2.4,2.442
5052.12,0.222,-2.399,2.431
5052.3,0.233,-2.4,2.417
5052.48,0.217,-2.398,2.403
5052.66,0.21,-2.4,2.384
5052.85,0.219,-2.4,2.391
5053.3,0.218,-2.401,2.396
5053.21,0.209,-2.403,2.404
5053.39,0.226,-2.405,2.414
5058.68,0.221,-2.444,2.516
5058.86,0.237,-2.447,2.514
5059.4,0.223,-2.449,2.512
5059.22,0.237,-2.451,2.52
5059.41,0.218,-2.456,2.563
5059.59,0.22,-2.456,2.571
5059.77,0.217,-2.457,2.559
5059.95,0.231,-2.459,2.531
5060.14,0.232,-2.459,2.519
5060.32,0.246,-2.458,2.521
5060.5,0.214,-2.462,2.504
5060.68,0.22,-2.46,2.498
5060.87,0.238,-2.459,2.49
5061.5,0.215,-2.46,2.462
5061.23,0.227,-2.461,2.452
5061.41,0.221,-2.459,2.452
5061.59,0.221,-2.455,2.454
5061.78,0.233,-2.452,2.472
5061.96,0.22,-2.449,2.536
5062.14,0.213,-2.452,2.527
5062.32,0.221,-2.453,2.503
5062.51,0.23,-2.454,2.498
5062.69,0.218,-2.455,2.552
5062.87,0.23,-2.457,2.536
5063.5,0.242,-2.454,2.499
5063.24,0.226,-2.454,2.497
5063.42,0.228,-2.455,2.464
5063.6,0.235,-2.456,2.484
5063.78,0.216,-2.456,2.511
5063.96,0.204,-2.459,2.509
5064.15,0.214,-2.459,2.473
5064.33,0.227,-2.46,2.52
5064.51,0.236,-2.463,2.52
5064.69,0.229,-2.462,2.505
5064.88,0.2,-2.463,2.496
5065.6,0.239,-2.465,2.498
5065.24,0.221,-2.469,2.468
5065.42,0.217,-2.47,2.429
5065.61,0.235,-2.469,2.432
5065.79,0.217,-2.471,2.435
5065.97,0.241,-2.474,2.46
5066.15,0.211,-2.478,2.466
5066.33,0.216,-2.479,2.436
5066.52,0.204,-2.479,2.456
5066.7,0.221,-2.48,2.496
5066.88,0.222,-2.48,2.517
5067.6,0.229,-2.48,2.509
5067.25,0.198,-2.481,2.491
5067.43,0.231,-2.482,2.502
5067.61,0.221,-2.481,2.506
5067.79,0.214,-2.482,2.489
5067.98,0.219,-2.481,2.454
5068.16,0.216,-2.484,2.462
5068.34,0.207,-2.484,2.436
5068.52,0.216,-2.483,2.426
5068.7,0.236,-2.483,2.431
5068.89,0.196,-2.482,2.418
5069.7,0.222,-2.482,2.422
5069.25,0.224,-2.482,2.419
5072.17,0.227,-2.478,2.46
5072.35,0.212,-2.478,2.445
5072.53,0.205,-2.477,2.459
5072.71,0.233,-2.479,2.498
5072.9,0.234,-2.481,2.485
5073.8,0.237,-2.482,2.488
5073.26,0.216,-2.479,2.487
5073.44,0.206,-2.478,2.462
5073.63,0.222,-2.476,2.457
5073.81,0.223,-2.476,2.437
5078.73,0.235,-2.485,2.42
5078.91,0.2,-2.484,2.404
5079.9,0.198,-2.483,2.418
5079.28,0.243,-2.484,2.41
5079.46,0.221,-2.484,2.42
5079.64,0.242,-2.486,2.432
5079.82,0.216,-2.485,2.444
5080.1,0.203,-2.485,2.463
5080.19,0.198,-2.487,2.485
5080.37,0.194,-2.486,2.51
5080.55,0.264,-2.486,2.537
5080.74,0.202,-2.485,2.538
5080.92,0.218,-2.488,2.586
5081.1,0.208,-2.49,2.581
5081.28,0.216,-2.491,2.553
5081.46,0.24,-2.491,2.514
5081.65,0.205,-2.489,2.521
5081.83,0.235,-2.488,2.502
5082.1,0.212,-2.487,2.516
5082.19,0.24,-2.489,2.514
5082.38,0.208,-2.492,2.477
5082.56,0.23,-2.491,2.459
5082.74,0.23,-2.494,2.482
5082.92,0.249,-2.494,2.48
5083.1,0.211,-2.494,2.503
5083.29,0.263,-2.492,2.56
5083.47,0.217,-2.492,2.591
5083.65,0.252,-2.491,2.59
5084.56,0.219,-2.5,2.512
5084.75,0.187,-2.5,2.515
5084.93,0.243,-2.505,2.483
5085.11,0.228,-2.506,2.52
5085.29,0.233,-2.51,2.504
5085.47,0.238,-2.513,2.525
5085.66,0.211,-2.517,2.559
5085.84,0.218,-2.515,2.57
5086.2,0.246,-2.514,2.613
5086.2,0.201,-2.514,2.665
5086.39,0.238,-2.517,2.668
5086.57,0.22,-2.52,2.652
5086.75,0.216,-2.522,2.611
5086.93,0.211,-2.521,2.573
5087.11,0.243,-2.52,2.595
5087.3,0.224,-2.519,2.59
5087.48,0.231,-2.519,2.578
5087.66,0.193,-2.518,2.598
5087.84,0.245,-2.518,2.532
5088.3,0.22,-2.52,2.501
5088.21,0.232,-2.524,2.533
5092.4,0.212,-2.545,2.501
5092.58,0.24,-2.544,2.537
5092.77,0.242,-2.546,2.538
5092.95,0.225,-2.545,2.492
5093.13,0.222,-2.545,2.545
5093.31,0.245,-2.548,2.587
5093.49,0.223,-2.549,2.542
5093.68,0.205,-2.548,2.507
5093.86,0.24,-2.546,2.491
5094.4,0.231,-2.546,2.529
5094.22,0.211,-2.548,2.55
5094.41,0.229,-2.551,2.594
5094.59,0.212,-2.55,2.626
5094.77,0.198,-2.55,2.633
5094.95,0.23,-2.55,2.59
5095.13,0.227,-2.55,2.558
5095.32,0.191,-2.55,2.499
5095.5,0.239,-2.548,2.459
5095.68,0.215,-2.547,2.434
5095.86,0.23,-2.547,2.495
5096.5,0.236,-2.548,2.488
5096.23,0.219,-2.548,2.486
5096.41,0.221,-2.552,2.476
5096.59,0.204,-2.552,2.469
5096.78,0.257,-2.554,2.476
5096.96,0.236,-2.557,2.448
5097.14,0.219,-2.558,2.449
5097.32,0.216,-2.557,2.446
5097.5,0.236,-2.555,2.449
5097.69,0.208,-2.556,2.43
5097.87,0.238,-2.558,2.436
5098.5,0.195,-2.559,2.415
5098.23,0.226,-2.559,2.44
5098.42,0.21,-2.559,2.4
5098.6,0.2,-2.559,2.404
5098.78,0.235,-2.563,2.42
5098.96,0.218,-2.56,2.436
5099.14,0.236,-2.562,2.481
5099.33,0.214,-2.561,2.506
5099.51,0.207,-2.562,2.522
5099.69,0.219,-2.565,2.547
5099.87,0.238,-2.563,2.519
5100.6,0.211,-2.561,2.481
5100.24,0.218,-2.562,2.503
5100.42,0.225,-2.558,2.491
5100.6,0.228,-2.556,2.476
5100.79,0.249,-2.553,2.452
5100.97,0.239,-2.555,2.427
5101.15,0.208,-2.554,2.421
5101.33,0.208,-2.552,2.442
5101.51,0.224,-2.554,2.434
5101.7,0.229,-2.556,2.445
5101.88,0.221,-2.555,2.419
5102.6,0.22,-2.553,2.422
5102.24,0.198,-2.554,2.428
5102.43,0.223,-2.554,2.428
5102.61,0.235,-2.554,2.414
5102.79,0.222,-2.556,2.394
5102.97,0.185,-2.556,2.389
5103.15,0.256,-2.556,2.403
5103.34,0.207,-2.557,2.406
5103.52,0.216,-2.558,2.407
5103.7,0.226,-2.558,2.427
5103.88,0.214,-2.56,2.429
5104.7,0.239,-2.561,2.421
5104.25,0.212,-2.563,2.432
5104.43,0.227,-2.563,2.391
5104.61,0.211,-2.563,2.405
5104.8,0.246,-2.56,2.422
5104.98,0.213,-2.562,2.397
5105.16,0.239,-2.563,2.38
5105.34,0.213,-2.562,2.388
5105.52,0.224,-2.562,2.401
5105.71,0.197,-2.563,2.406
5105.89,0.239,-2.565,2.416
5106.7,0.223,-2.567,2.427
5106.25,0.232,-2.566,2.484
5106.44,0.199,-2.567,2.465
5106.62,0.208,-2.567,2.463
5106.8,0.2,-2.564,2.429
5106.98,0.241,-2.567,2.465
5107.16,0.209,-2.569,2.482
5107.35,0.215,-2.569,2.503
5107.53,0.209,-2.569,2.497
5107.71,0.212,-2.572,2.49
5107.89,0.204,-2.572,2.509
5108.8,0.239,-2.573,2.535
5108.26,0.208,-2.575,2.558
5108.44,0.22,-2.577,2.495
5108.62,0.212,-2.576,2.508
5108.81,0.238,-2.577,2.55
5108.99,0.21,-2.575,2.558
5109.17,0.223,-2.579,2.531
5109.35,0.204,-2.58,2.528
5109.53,0.225,-2.58,2.517
5109.72,0.227,-2.581,2.504
5109.9,0.205,-2.585,2.511
5110.8,0.211,-2.587,2.515
5110.26,0.206,-2.585,2.492
5110.45,0.22,-2.588,2.463
5110.63,0.228,-2.589,2.426
5110.81,0.221,-2.585,2.412
5110.99,0.244,-2.588,2.415
5111.18,0.209,-2.59,2.424
5111.36,0.238,-2.591,2.409
5111.54,0.216,-2.59,2.414
5111.72,0.218,-2.591,2.414
5111.9,0.225,-2.59,2.387
5112.9,0.215,-2.588,2.379
5112.27,0.226,-2.591,2.375
5112.45,0.209,-2.594,2.386
5112.63,0.231,-2.598,2.373
5112.82,0.198,-2.599,2.387
5113.0,0.234,-2.6,2.389
5113.18,0.195,-2.6,2.397
5113.36,0.235,-2.598,2.38
5113.54,0.227,-2.598,2.383
5113.73,0.221,-2.597,2.402
5113.91,0.21,-2.597,2.4
5114.9,0.226,-2.598,2.394
5114.27,0.208,-2.599,2.404
5114.46,0.212,-2.6,2.413
5114.64,0.223,-2.6,2.374
5114.82,0.194,-2.602,2.401
5115.0,0.204,-2.603,2.387
5115.19,0.218,-2.601,2.396
5115.37,0.213,-2.602,2.401
5115.55,0.191,-2.604,2.405
5115.73,0.2,-2.604,2.399
5115.91,0.221,-2.604,2.407
5116.1,0.219,-2.607,2.395
5116.28,0.215,-2.606,2.406
5116.46,0.218,-2.607,2.412
5116.64,0.225,-2.61,2.397
5116.83,0.221,-2.61,2.403
5117.1,0.21,-2.61,2.403
5117.19,0.219,-2.612,2.415
5117.37,0.207,-2.612,2.419
5117.55,0.242,-2.614,2.43
5117.74,0.215,-2.617,2.424
5117.92,0.228,-2.618,2.42
5118.1,0.211,-2.621,2.423
5118.28,0.209,-2.621,2.416
5118.47,0.232,-2.622,2.425
5118.65,0.204,-2.623,2.402
5118.83,0.228,-2.626,2.415
5119.1,0.098,-0.121,2.701
5119.2,0.207,-0.106,2.648
5119.38,0.204,-0.109,2.657
5119.56,0.216,-0.113,2.654
5120.65,0.214,-0.112,2.629
5120.84,0.216,-0.113,2.622
5121.2,0.206,-0.119,2.634
5121.2,0.217,-0.119,2.648
5121.38,0.193,-0.121,2.64
5121.56,0.233,-0.122,2.637
5121.75,0.211,-0.122,2.649
5121.93,0.196,-0.125,2.626
5122.11,0.224,-0.127,2.641
5122.29,0.223,-0.129,2.647
5122.48,0.205,-0.131,2.639
5122.66,0.222,-0.133,2.643
5122.84,0.208,-0.129,2.654
5123.2,0.209,-0.134,2.648
5123.2,0.211,-0.135,2.639
5123.39,0.215,-0.132,2.652
5123.57,0.218,-0.13,2.629
5123.75,0.204,-0.132,2.619
5123.93,0.218,-0.131,2.631
5124.12,0.213,-0.133,2.631
5124.3,0.215,-0.133,2.606
5124.48,0.199,-0.132,2.645
5124.66,0.22,-0.133,2.635
5124.85,0.176,-0.136,2.612
5125.3,0.206,-0.133,2.64
5125.21,0.209,-0.136,2.646
5125.39,0.201,-0.136,2.627
5125.57,0.2,-0.132,2.608
5125.76,0.176,-0.133,2.658
5125.94,0.247,-0.129,2.642
5128.13,0.201,-0.129,2.651
5128.31,0.209,-0.129,2.63
5128.49,0.207,-0.132,2.646
5128.67,0.228,-0.135,2.645
5128.86,0.211,-0.141,2.653
5129.4,0.214,-0.144,2.654
5129.22,0.199,-0.144,2.636
5129.4,0.204,-0.143,2.644
5129.58,0.209,-0.144,2.641
5129.77,0.195,-0.143,2.638
5129.95,0.208,-0.143,2.65
5130.13,0.191,-0.144,2.63
5130.31,0.207,-0.142,2.646
5130.5,0.219,-0.143,2.638
5130.68,0.199,-0.142,2.636
5130.86,0.183,-0.142,2.628
5131.4,0.195,-0.142,2.641
5131.23,0.209,-0.142,2.665
5131.41,0.219,-0.14,2.662
5131.59,0.199,-0.141,2.662
5131.77,0.186,-0.142,2.653
5131.95,0.19,-0.144,2.655
5132.14,0.208,-0.147,2.642
5132.32,0.213,-0.148,2.651
5132.5,0.203,-0.148,2.656
5132.68,0.225,-0.15,2.653
5132.87,0.209,-0.149,2.644
5133.5,0.194,-0.152,2.622
5133.23,0.204,-0.151,2.635
5133.41,0.207,-0.15,2.618
5133.59,0.2,-0.152,2.629
5133.78,0.207,-0.152,2.638
5133.96,0.203,-0.153,2.629
5134.14,0.2,-0.151,2.628
5134.32,0.199,-0.148,2.633
5134.51,0.205,-0.148,2.632
5134.69,0.215,-0.148,2.634
5134.87,0.203,-0.144,2.62
5135.5,0.198,-0.144,2.629
5135.78,0.205,-0.141,2.643
5135.96,0.213,-0.14,2.662
5136.15,0.205,-0.141,2.678
5136.33,0.186,-0.142,2.677
5136.51,0.219,-0.143,2.696
5136.69,0.21,-0.144,2.694
5136.88,0.198,-0.146,2.686
5137.6,0.212,-0.149,2.689
5137.24,0.189,-0.152,2.682
5137.42,0.2,-0.151,2.645
5137.6,0.199,-0.155,2.683
5137.79,0.214,-0.155,2.667
5137.97,0.211,-0.156,2.647
5138.15,0.212,-0.157,2.699
5138.33,0.193,-0.16,2.715
5138.52,0.184,-0.16,2.701
5138.7,0.217,-0.16,2.717
5138.88,0.211,-0.16,2.728
5139.6,0.215,-0.16,2.726
5139.25,0.213,-0.164,2.742
5139.43,0.198,-0.163,2.718
5139.61,0.208,-0.163,2.705
5139.79,0.192,-0.164,2.699
5139.97,0.219,-0.164,2.683
5140.16,0.196,-0.165,2.663
5140.34,0.229,-0.166,2.65
5140.52,0.204,-0.163,2.628
5140.7,0.218,-0.164,2.634
5140.89,0.205,-0.166,2.63
5141.7,0.228,-0.168,2.626
5141.25,0.192,-0.169,2.619
5141.43,0.21,-0.169,2.634
5141.62,0.196,-0.166,2.635
5141.8,0.217,-0.169,2.655
5141.98,0.203,-0.169,2.653
5142.16,0.213,-0.168,2.639
5142.34,0.206,-0.168,2.631
5142.53,0.203,-0.169,2.641
5142.71,0.211,-0.17,2.649
5142.89,0.223,-0.172,2.627
5143.7,0.206,-0.17,2.637
5143.26,0.237,-0.172,2.67
5143.44,0.056,-0.17,2.766
5143.62,0.348,-0.171,2.533
5143.8,0.153,-0.175,2.717
5143.98,0.208,-0.168,2.563
5144.17,0.234,-0.174,2.66
5144.35,0.142,-0.174,2.593
5144.53,0.236,-0.173,2.653
5144.71,0.209,-0.174,2.607
5144.9,0.177,-0.175,2.637
5145.8,0.212,-0.171,2.659
5145.26,0.218,-0.172,2.675
5145.44,0.2,-0.174,2.663
5145.63,0.192,-0.171,2.691
5145.81,0.22,-0.173,2.702
5145.99,0.184,-0.174,2.706
5146.17,0.221,-0.174,2.71
5146.35,0.2,-0.176,2.732
5146.54,0.209,-0.178,2.724
5146.72,0.173,-0.175,2.76
5146.9,0.233,-0.173,2.74
5147.8,0.215,-0.175,2.701
5147.27,0.21,-0.176,2.737
5147.45,0.204,-0.179,2.734
5147.63,0.202,-0.182,2.74
5147.81,0.204,-0.179,2.732
5147.99,0.211,-0.179,2.703
5148.18,0.205,-0.181,2.691
5148.36,0.209,-0.182,2.718
5148.54,0.204,-0.183,2.735
5148.72,0.205,-0.184,2.73
5148.91,0.211,-0.187,2.759
5149.9,0.215,-0.191,2.727
5149.27,0.21,-0.192,2.737
5149.45,0.197,-0.191,2.752
5149.64,0.201,-0.19,2.724
5149.82,0.227,-0.194,2.745
5150.0,0.187,-0.198,2.764
5150.55,0.223,-0.205,2.74
5150.73,0.219,-0.204,2.737
5150.91,0.207,-0.202,2.738
5151.9,0.197,-0.202,2.771
5151.28,0.201,-0.203,2.758
5151.46,0.227,-0.204,2.776
5151.64,0.214,-0.209,2.76
5151.82,0.21,-0.211,2.766
5152.0,0.218,-0.212,2.746
5152.19,0.173,-0.211,2.729
5152.37,0.229,-0.21,2.691
5152.55,0.214,-0.209,2.693
5152.73,0.198,-0.209,2.701
5152.92,0.18,-0.211,2.673
5153.1,0.245,-0.215,2.675
5153.28,0.204,-0.214,2.653
5153.46,0.19,-0.214,2.641
5153.64,0.215,-0.213,2.624
5153.83,0.212,-0.212,2.651
5154.1,0.185,-0.213,2.641
5154.19,0.237,-0.216,2.655
5154.37,0.209,-0.216,2.64
5154.56,0.189,-0.215,2.64
5154.74,0.236,-0.216,2.649
5154.92,0.198,-0.215,2.65
5155.1,0.231,-0.215,2.669
5155.29,0.196,-0.215,2.685
5155.47,0.213,-0.212,2.669
5158.38,0.228,-0.235,2.623
5158.57,0.213,-0.233,2.621
5158.75,0.235,-0.231,2.622
5158.93,0.191,-0.231,2.622
5159.11,0.225,-0.233,2.618
5159.3,0.209,-0.231,2.625
5159.48,0.204,-0.233,2.621
5159.66,0.203,-0.237,2.629
5159.84,0.225,-0.236,2.63
5160.2,0.204,-0.238,2.617
5160.21,0.211,-0.238,2.628
5160.39,0.192,-0.237,2.643
5160.57,0.21,-0.237,2.652
5160.75,0.22,-0.235,2.646
5160.94,0.198,-0.238,2.657
5161.12,0.204,-0.239,2.644
5161.3,0.21,-0.24,2.644
5161.48,0.212,-0.241,2.65
5161.67,0.205,-0.242,2.643
5161.85,0.2,-0.242,2.618
5162.3,0.201,-0.242,2.63
5162.21,0.212,-0.241,2.615
5162.39,0.21,-0.244,2.62
5162.58,0.214,-0.245,2.619
5162.76,0.194,-0.244,2.618
5162.94,0.205,-0.246,2.61
5163.12,0.209,-0.249,2.615
5163.31,0.212,-0.248,2.608
5163.49,0.208,-0.247,2.623
5163.67,0.201,-0.25,2.61
5163.85,0.21,-0.252,2.619
5164.3,0.21,-0.251,2.629
5164.22,0.215,-0.252,2.629
5164.4,0.215,-0.251,2.64
5164.58,0.211,-0.253,2.646
5164.76,0.215,-0.256,2.643
5164.95,0.205,-0.257,2.661
5165.13,0.213,-0.256,2.646
5165.31,0.214,-0.258,2.649
5165.49,0.218,-0.26,2.617
5165.68,0.218,-0.264,2.629
5165.86,0.191,-0.265,2.637
5166.4,0.207,-0.264,2.639
5166.22,0.205,-0.266,2.632
5166.4,0.219,-0.265,2.629
5166.59,0.21,-0.263,2.617
5166.77,0.225,-0.263,2.63
5166.95,0.217,-0.265,2.628
5167.13,0.193,-0.266,2.624
5167.32,0.204,-0.266,2.631
5167.5,0.222,-0.268,2.622
5167.68,0.201,-0.268,2.638
5167.86,0.217,-0.268,2.627
5168.5,0.192,-0.27,2.639
5168.23,0.205,-0.272,2.643
5168.41,0.22,-0.275,2.646
5168.59,0.215,-0.277,2.634
5168.77,0.222,-0.281,2.61
5168.96,0.213,-0.284,2.614
5169.14,0.198,-0.285,2.622
5169.32,0.211,-0.285,2.645
5169.5,0.228,-0.285,2.616
5169.69,0.215,-0.285,2.625
5169.87,0.201,-0.284,2.618
5170.5,0.22,-0.285,2.616
5170.23,0.186,-0.287,2.612
5170.42,0.204,-0.288,2.616
5170.6,0.207,-0.29,2.633
5170.78,0.197,-0.29,2.641
5171.33,0.218,-0.29,2.651
5171.51,0.217,-0.293,2.646
5171.69,0.22,-0.295,2.652
5171.87,0.205,-0.296,2.634
5172.6,0.215,-0.296,2.64
5172.24,0.208,-0.298,2.624
5172.42,0.235,-0.303,2.635
5172.6,0.194,-0.304,2.625
5172.79,0.32,-0.304,2.612
5172.97,0.063,-0.303,2.714
5173.15,0.346,-0.304,2.622
5173.33,0.129,-0.309,2.679
5173.51,0.251,-0.306,2.652
5173.7,0.279,-0.313,2.653
5173.88,0.123,-0.316,2.599
5174.6,0.353,-0.312,2.703
5174.24,0.17,-0.315,2.676
5174.43,0.16,-0.314,2.612
5174.61,0.205,-0.314,2.65
5174.79,0.33,-0.318,2.653
5174.97,0.118,-0.316,2.615
5175.15,0.279,-0.32,2.643
5175.34,0.057,-0.313,2.592
5175.52,0.36,-0.318,2.619
5175.7,0.112,-0.313,2.599
5175.88,0.067,-0.315,2.535
5176.7,0.356,-0.316,2.733
5176.25,0.142,-0.312,2.593
5176.43,0.233,-0.318,2.596
5176.61,0.217,-0.316,2.71
5176.8,0.231,-0.316,2.537
5176.98,0.185,-0.318,2.691
5177.16,0.228,-0.319,2.588
5177.34,0.238,-0.316,2.731
5177.52,0.217,-0.317,2.615
5177.71,0.24,-0.313,2.701
5177.89,0.222,-0.31,2.653
5178.7,0.312,-0.312,2.67
5178.25,0.181,-0.311,2.654
5178.44,0.253,-0.311,2.69
5178.62,0.223,-0.315,2.703
5178.8,0.221,-0.315,2.728
5178.98,0.223,-0.316,2.706
5179.53,0.257,-0.32,2.678
5179.71,0.198,-0.32,2.69
5179.89,0.235,-0.318,2.657
5180.8,0.216,-0.322,2.681
5180.26,0.215,-0.327,2.67
5180.44,0.237,-0.33,2.693
5180.62,0.213,-0.332,2.694
5180.81,0.211,-0.335,2.645
5180.99,0.266,-0.333,2.74
5181.17,0.187,-0.338,2.597
5181.35,0.206,-0.341,2.707
5181.53,0.316,-0.342,2.594
5181.72,0.169,-0.342,2.693
5181.9,0.252,-0.342,2.634
5182.8,0.238,-0.347,2.646
5182.26,0.211,-0.345,2.651
5182.45,0.213,-0.346,2.627
5182.63,0.236,-0.346,2.671
5182.81,0.211,-0.347,2.652
5182.99,0.226,-0.348,2.711
5183.17,0.19,-0.349,2.629
5183.36,0.229,-0.348,2.69
5183.54,0.227,-0.345,2.662
5183.72,0.195,-0.346,2.67
5183.9,0.213,-0.345,2.63
5185.36,0.164,-0.407,2.749
5185.54,0.26,-0.406,2.683
5185.73,0.157,-0.405,2.79
5185.91,0.253,-0.409,2.716
5186.9,0.214,-0.407,2.734
5186.27,0.243,-0.405,2.672
5186.46,0.23,-0.405,2.678
5186.64,0.215,-0.406,2.679
5186.82,0.222,-0.406,2.726
5187.0,0.244,-0.402,2.717
5187.19,0.199,-0.405,2.734
5187.37,0.233,-0.403,2.746
5187.55,0.244,-0.407,2.758
5187.73,0.213,-0.407,2.734
5187.91,0.231,-0.406,2.746
5188.1,0.238,-0.407,2.735
5188.28,0.2,-0.407,2.75
5188.46,0.23,-0.408,2.759
5188.64,0.231,-0.41,2.755
5188.83,0.201,-0.415,2.758
5189.1,0.211,-0.417,2.765
5189.19,0.205,-0.418,2.781
5189.37,0.232,-0.421,2.78
5189.55,0.216,-0.423,2.794
5189.74,0.216,-0.422,2.747
5189.92,0.205,-0.423,2.748
5190.1,0.222,-0.425,2.72
5190.28,0.218,-0.425,2.702
5190.47,0.214,-0.423,2.704
5190.65,0.235,-0.426,2.724
5190.83,0.17,-0.428,2.742
5191.1,0.282,-0.429,2.678
5191.2,0.165,-0.431,2.721
5191.38,0.263,-0.434,2.723
5191.56,0.204,-0.434,2.705
5191.74,0.211,-0.433,2.722
5191.92,0.222,-0.433,2.726
5192.11,0.205,-0.431,2.716
5192.29,0.212,-0.432,2.711
5192.47,0.219,-0.436,2.716
5192.65,0.232,-0.437,2.738
5192.84,0.23,-0.436,2.716
5193.2,0.198,-0.437,2.733
5193.2,0.204,-0.436,2.725
5193.38,0.201,-0.435,2.728
5193.56,0.204,-0.437,2.714
5193.75,0.226,-0.437,2.696
5193.93,0.215,-0.437,2.741
5194.11,0.174,-0.439,2.666
5194.29,0.284,-0.444,2.74
5194.48,0.171,-0.446,2.678
5194.66,0.234,-0.446,2.688
5194.84,0.203,-0.445,2.703
5195.2,0.234,-0.444,2.691
5195.21,0.219,-0.447,2.755
5195.39,0.225,-0.444,2.742
5195.57,0.193,-0.447,2.722
5195.75,0.224,-0.45,2.724
5195.93,0.235,-0.451,2.733
5196.12,0.196,-0.454,2.751
5196.3,0.236,-0.457,2.735
5196.48,0.21,-0.462,2.724
5196.66,0.235,-0.461,2.722
5196.85,0.206,-0.462,2.739
5197.3,0.228,-0.459,2.77
5197.21,0.201,-0.46,2.792
5197.39,0.221,-0.464,2.726
5197.57,0.179,-0.465,2.741
5197.76,0.209,-0.467,2.734
5197.94,0.2,-0.47,2.703
5198.12,0.195,-0.471,2.696
5198.3,0.207,-0.471,2.727
5198.49,0.228,-0.471,2.691
5198.67,0.17,-0.476,2.696
5198.85,0.249,-0.472,2.714
5199.3,0.19,-0.474,2.701
5199.22,0.218,-0.478,2.691
5199.4,0.204,-0.479,2.69
5199.58,0.172,-0.482,2.701
5199.76,0.29,-0.485,2.708
5199.94,0.153,-0.488,2.677
5200.13,0.223,-0.485,2.721
5200.31,0.198,-0.486,2.724
5200.49,0.201,-0.488,2.716
5200.67,0.198,-0.488,2.719
5200.86,0.202,-0.486,2.719
5201.4,0.204,-0.483,2.722
5201.22,0.218,-0.484,2.724
5201.4,0.214,-0.485,2.706
5201.58,0.209,-0.488,2.713
5201.77,0.229,-0.489,2.718
5201.95,0.205,-0.489,2.715
5202.13,0.226,-0.488,2.729
5202.31,0.245,-0.491,2.715
5202.5,0.184,-0.494,2.71
5204.14,0.222,-0.501,2.739
5204.32,0.187,-0.504,2.733
5204.5,0.217,-0.508,2.756
5204.68,0.221,-0.512,2.742
5204.87,0.24,-0.511,2.727
5205.5,0.214,-0.514,2.723
5205.23,0.226,-0.512,2.726
5205.41,0.209,-0.513,2.735
5205.59,0.23,-0.511,2.704
5205.78,0.237,-0.511,2.71
5205.96,0.186,-0.514,2.764
5206.14,0.251,-0.513,2.701
5206.32,0.229,-0.513,2.772
5206.51,0.235,-0.515,2.731
5206.69,0.233,-0.515,2.797
5206.87,0.206,-0.516,2.705
5207.5,0.209,-0.52,2.776
5207.24,0.229,-0.521,2.729
5207.42,0.207,-0.524,2.725
5207.6,0.22,-0.524,2.784
5207.78,0.224,-0.522,2.769
5207.96,0.239,-0.523,2.743
5208.15,0.225,-0.525,2.703
5208.33,0.221,-0.527,2.78
5208.51,0.249,-0.526,2.76
5208.69,0.216,-0.524,2.792
5208.88,0.254,-0.525,2.798
5209.6,0.222,-0.526,2.829
5209.24,0.241,-0.523,2.82
5209.42,0.217,-0.524,2.806
5209.6,0.245,-0.523,2.804
5209.79,0.193,-0.525,2.812
5209.97,0.241,-0.523,2.821
5210.15,0.225,-0.526,2.794
5210.33,0.216,-0.527,2.737
5211.25,0.213,-0.532,2.721
5211.43,0.259,-0.533,2.739
5211.61,0.213,-0.537,2.759
5211.79,0.241,-0.539,2.767
5211.97,0.239,-0.542,2.765
5212.16,0.234,-0.545,2.773
5212.34,0.231,-0.546,2.77
5212.52,0.234,-0.547,2.768
5212.7,0.198,-0.549,2.764
5212.89,0.239,-0.552,2.748
5213.7,0.225,-0.557,2.743
5213.25,0.206,-0.557,2.761
5213.43,0.253,-0.558,2.761
5213.61,0.212,-0.561,2.777
5213.8,0.223,-0.562,2.749
5213.98,0.23,-0.565,2.723
5214.16,0.215,-0.565,2.754
5214.34,0.254,-0.567,2.689
5215.44,0.218,-0.579,2.685
5215.62,0.218,-0.576,2.715
5215.8,0.255,-0.576,2.682
5215.98,0.248,-0.574,2.678
5216.17,0.2,-0.579,2.699
5216.35,0.242,-0.583,2.699
5216.53,0.238,-0.582,2.715
5216.71,0.251,-0.58,2.707
5216.89,0.215,-0.584,2.713
5217.8,0.249,-0.583,2.702
5217.26,0.193,-0.585,2.72
5217.44,0.252,-0.585,2.719
5217.62,0.221,-0.584,2.724
5217.81,0.241,-0.586,2.726
5217.99,0.2,-0.585,2.722
5218.17,0.233,-0.585,2.75
5218.35,0.236,-0.584,2.742
5218.54,0.237,-0.585,2.725
5218.72,0.239,-0.588,2.742
5218.9,0.236,-0.59,2.734
5219.8,0.233,-0.59,2.735
5219.26,0.226,-0.591,2.732
5219.45,0.219,-0.591,2.735
5219.63,0.224,-0.591,2.769
5219.81,0.235,-0.593,2.771
5219.99,0.224,-0.595,2.766
5220.18,0.216,-0.596,2.782
5220.36,0.252,-0.598,2.814
5220.54,0.227,-0.601,2.837
5220.72,0.215,-0.605,2.826
5220.9,0.248,-0.608,2.808
5221.9,0.226,-0.609,2.796
5221.27,0.228,-0.607,2.759
5221.45,0.229,-0.608,2.723
5221.63,0.209,-0.608,2.719
5221.82,0.234,-0.606,2.716
5222.0,0.227,-0.607,2.72
5222.18,0.233,-0.608,2.716
5222.36,0.213,-0.607,2.722
5222.55,0.247,-0.607,2.753
5222.73,0.228,-0.606,2.714
5222.91,0.206,-0.607,2.735
5223.9,0.23,-0.607,2.735
5223.27,0.245,-0.604,2.727
5223.46,0.19,-0.604,2.731
5223.64,0.266,-0.604,2.717
5223.82,0.201,-0.605,2.729
5226.74,0.23,-0.621,2.802
5226.92,0.235,-0.623,2.727
5227.1,0.218,-0.624,2.739
5227.28,0.212,-0.624,2.721
5227.47,0.231,-0.624,2.723
5227.65,0.216,-0.623,2.712
5227.83,0.226,-0.623,2.693
5228.1,0.216,-0.624,2.698
5228.2,0.234,-0.624,2.698
5228.38,0.228,-0.626,2.714
5228.56,0.226,-0.629,2.717
5228.74,0.238,-0.63,2.72
5228.92,0.214,-0.634,2.718
5229.11,0.213,-0.633,2.728
5229.29,0.241,-0.632,2.756
5229.47,0.206,-0.63,2.718
5229.84,0.206,-0.634,2.722
5230.2,0.246,-0.631,2.706
5230.2,0.202,-0.63,2.75
5230.38,0.23,-0.63,2.716
5230.57,0.23,-0.63,2.697
5230.75,0.211,-0.629,2.731
5230.93,0.228,-0.629,2.704
5231.11,0.259,-0.628,2.729
5231.29,0.204,-0.628,2.728
5231.48,0.271,-0.628,2.735
5231.66,0.219,-0.63,2.743
5231.84,0.248,-0.629,2.752
5232.2,0.231,-0.632,2.76
5232.21,0.23,-0.633,2.687
5232.39,0.231,-0.638,2.759
5232.57,0.232,-0.639,2.697
5232.75,0.214,-0.643,2.738
5232.94,0.222,-0.639,2.71
5233.12,0.22,-0.64,2.717
5233.3,0.217,-0.642,2.694
5233.48,0.223,-0.645,2.764
5233.66,0.221,-0.642,2.707
5233.85,0.228,-0.644,2.718
5234.3,0.218,-0.641,2.735
5234.21,0.237,-0.64,2.679
5234.39,0.227,-0.641,2.696
5234.58,0.24,-0.642,2.716
5234.76,0.211,-0.645,2.714
5234.94,0.256,-0.646,2.763
5235.12,0.247,-0.647,2.73
5235.31,0.205,-0.649,2.775
5235.49,0.252,-0.654,2.788
5235.67,0.21,-0.656,2.737
5235.85,0.256,-0.658,2.702
5236.4,0.234,-0.662,2.758
5236.58,0.239,-0.664,2.741
5236.76,0.241,-0.668,2.769
5236.95,0.235,-0.67,2.756
5237.13,0.231,-0.673,2.812
5237.31,0.225,-0.672,2.807
5237.49,0.228,-0.669,2.843
5237.68,0.227,-0.668,2.823
5237.86,0.248,-0.672,2.809
5238.4,0.224,-0.671,2.828
5238.22,0.237,-0.672,2.805
5245.33,0.226,-0.712,2.757
5245.51,0.227,-0.712,2.767
5245.7,0.242,-0.713,2.753
5245.88,0.232,-0.716,2.748
5246.6,0.236,-0.72,2.767
5246.24,0.243,-0.719,2.79
5246.43,0.246,-0.721,2.758
5246.61,0.234,-0.723,2.741
5246.79,0.236,-0.726,2.743
5246.97,0.228,-0.73,2.747
5247.16,0.224,-0.733,2.716
5247.34,0.217,-0.734,2.738
5247.52,0.235,-0.735,2.733
5247.7,0.211,-0.736,2.709
5248.43,0.216,-0.741,2.715
5248.61,0.231,-0.744,2.725
5248.8,0.214,-0.75,2.728
5248.98,0.223,-0.75,2.719
5249.16,0.292,-0.753,2.707
5249.34,0.175,-0.755,2.727
5249.52,0.261,-0.757,2.713
5249.71,0.207,-0.76,2.762
5249.89,0.267,-0.759,2.714
5250.7,0.178,-0.762,2.721
5250.25,0.263,-0.761,2.727
5258.9,0.241,-0.813,2.732
5258.27,0.232,-0.813,2.755
5258.46,0.219,-0.818,2.73
5258.64,0.234,-0.818,2.725
5258.82,0.205,-0.819,2.727
5259.0,0.235,-0.82,2.716
5259.19,0.218,-0.823,2.737
5259.37,0.253,-0.825,2.726
5259.55,0.188,-0.826,2.768
5259.73,0.257,-0.825,2.727
5259.92,0.219,-0.828,2.756
5260.1,0.226,-0.828,2.767
5260.28,0.233,-0.826,2.759
5260.46,0.207,-0.829,2.762
5260.64,0.258,-0.831,2.77
5260.83,0.198,-0.837,2.728
5261.1,0.258,-0.837,2.749
5261.19,0.218,-0.839,2.75
5261.37,0.224,-0.838,2.785
5261.56,0.238,-0.838,2.797
5261.74,0.247,-0.834,2.788
5261.92,0.213,-0.836,2.844
5262.1,0.283,-0.837,2.831
5262.29,0.213,-0.837,2.85
5262.47,0.254,-0.84,2.862
5262.65,0.233,-0.844,2.877
5262.83,0.233,-0.845,2.843
5263.1,0.24,-0.847,2.716
5263.2,0.211,-0.849,2.727
5263.38,0.235,-0.848,2.779
5263.56,0.238,-0.85,2.734
5263.74,0.216,-0.849,2.732
5263.93,0.228,-0.849,2.682
5264.11,0.221,-0.85,2.835
5264.29,0.229,-0.851,2.882
5264.47,0.232,-0.853,2.771
5264.66,0.216,-0.854,2.743
5264.84,0.244,-0.854,2.69
5265.75,0.217,-0.867,2.863
5265.93,0.241,-0.869,2.799
5266.11,0.22,-0.873,2.853
5266.3,0.222,-0.874,2.908
5266.48,0.244,-0.874,2.921
5266.66,0.234,-0.875,2.858
5266.84,0.223,-0.88,2.871
5267.2,0.223,-0.884,2.825
5267.21,0.232,-0.883,2.792
5267.39,0.2,-0.887,2.82
5273.59,0.228,-0.931,2.721
5273.77,0.222,-0.932,2.736
5273.95,0.26,-0.931,2.718
5274.13,0.215,-0.934,2.734
5274.32,0.236,-0.935,2.722
5274.5,0.219,-0.935,2.76
5274.68,0.242,-0.936,2.704
5274.86,0.199,-0.937,2.73
5275.5,0.231,-0.937,2.739
5275.23,0.227,-0.939,2.757
5275.41,0.236,-0.942,2.765
5275.59,0.216,-0.946,2.743
5275.77,0.239,-0.949,2.734
5275.96,0.202,-0.955,2.757
5276.14,0.266,-0.953,2.757
5276.32,0.226,-0.954,2.761
5276.5,0.224,-0.957,2.749
5276.69,0.213,-0.959,2.757
5281.79,0.213,-0.988,2.762
5281.97,0.25,-0.991,2.798
5282.16,0.227,-0.994,2.778
5282.34,0.239,-0.996,2.796
5282.52,0.243,-0.997,2.761
5282.7,0.223,-0.997,2.784
5282.88,0.238,-0.998,2.769
5283.7,0.232,-0.999,2.777
5283.25,0.206,-1.0,2.77
5283.43,0.243,-1.005,2.814
5283.61,0.255,-1.005,2.756
5291.82,0.216,-1.049,2.755
5292.0,0.249,-1.049,2.726
5292.18,0.222,-1.049,2.744
5292.36,0.229,-1.05,2.743
5292.55,0.222,-1.053,2.763
5292.73,0.219,-1.054,2.777
5292.91,0.215,-1.054,2.781
5293.9,0.216,-1.057,2.732
5293.28,0.188,-1.059,2.762
5293.46,0.235,-1.06,2.737
5293.64,0.229,-1.061,2.735
5293.82,0.224,-1.066,2.724
5294.0,0.24,-1.064,2.716
5294.19,0.219,-1.066,2.731
5294.37,0.207,-1.063,2.72
5294.55,0.218,-1.06,2.71
5294.73,0.234,-1.06,2.706
5297.83,0.223,-1.077,2.812
5298.2,0.24,-1.077,2.79
5298.2,0.227,-1.077,2.844
5298.38,0.255,-1.081,2.814
5298.56,0.216,-1.082,2.778
5298.74,0.234,-1.081,2.748
5298.93,0.207,-1.083,2.722
5299.11,0.24,-1.082,2.683
5299.29,0.229,-1.082,2.729
5299.47,0.252,-1.083,2.733
5299.66,0.223,-1.082,2.785
5299.84,0.237,-1.082,2.81
5300.2,0.243,-1.082,2.866
5300.2,0.207,-1.082,2.86
5300.39,0.232,-1.084,2.813
5300.57,0.213,-1.085,2.879
5300.75,0.229,-1.084,2.826
5300.93,0.204,-1.089,2.817
5301.11,0.225,-1.092,2.805
5301.3,0.205,-1.088,2.794
5301.48,0.223,-1.087,2.809
5306.4,0.196,-1.127,2.827
5306.22,0.205,-1.132,2.822
5306.4,0.267,-1.13,2.883
5306.58,0.202,-1.129,2.802
5306.77,0.209,-1.132,2.866
5306.95,0.213,-1.136,2.897
5307.13,0.218,-1.137,2.892
5307.31,0.225,-1.14,2.91
5307.49,0.24,-1.144,2.866
5307.68,0.224,-1.146,2.895
5307.86,0.232,-1.148,2.876
5317.16,0.21,-1.206,2.754
5317.34,0.252,-1.205,2.761
5317.52,0.195,-1.205,2.769
5317.7,0.263,-1.205,2.793
5317.89,0.243,-1.208,2.77
5318.7,0.206,-1.211,2.79
5318.25,0.234,-1.211,2.822
5318.43,0.226,-1.211,2.856
5318.62,0.228,-1.211,2.859
5318.8,0.237,-1.212,2.883
5318.98,0.211,-1.21,2.918
5327.37,0.205,-1.264,2.728
5327.55,0.223,-1.267,2.741
5327.73,0.231,-1.268,2.736
5327.91,0.227,-1.269,2.731
5328.1,0.193,-1.27,2.72
5328.28,0.234,-1.27,2.742
5328.46,0.241,-1.273,2.736
5328.64,0.201,-1.275,2.767
5328.83,0.245,-1.277,2.731
5329.1,0.253,-1.277,2.749
5329.19,0.221,-1.275,2.716
5329.37,0.224,-1.276,2.749
5339.4,0.242,-1.31,2.821
5339.22,0.199,-1.312,2.806
5339.4,0.261,-1.313,2.822
5339.58,0.22,-1.32,2.824
5339.76,0.222,-1.326,2.812
5339.95,0.206,-1.328,2.8
5340.13,0.236,-1.326,2.822
5340.31,0.202,-1.329,2.881
5340.49,0.239,-1.332,2.815
5340.68,0.229,-1.335,2.843
5347.42,0.229,-1.363,2.741
5347.6,0.217,-1.362,2.764
5347.79,0.215,-1.362,2.724
5347.97,0.218,-1.362,2.676
5348.15,0.206,-1.362,2.744
5348.33,0.217,-1.363,2.687
5348.52,0.198,-1.367,2.693
5348.7,0.234,-1.369,2.72
5348.88,0.217,-1.369,2.686
5349.6,0.204,-1.373,2.692
5349.24,0.262,-1.374,2.728
5355.99,0.177,-1.401,2.729
5356.17,0.299,-1.395,2.828
5356.35,0.188,-1.398,2.564
5356.54,0.209,-1.396,2.766
5356.72,0.25,-1.392,2.775
5356.9,0.229,-1.392,2.709
5357.8,0.239,-1.391,2.767
5357.27,0.244,-1.392,2.609
5357.45,0.195,-1.393,2.803
5357.63,0.287,-1.392,2.674
5357.81,0.163,-1.396,2.8
5364.92,0.148,-1.412,2.584
5365.1,0.237,-1.416,2.764
5365.29,0.253,-1.409,2.7
5365.47,0.182,-1.417,2.689
5365.65,0.258,-1.416,2.74
5365.83,0.205,-1.418,2.726
5366.2,0.258,-1.417,2.773
5366.2,0.213,-1.419,2.705
5366.38,0.231,-1.421,2.711
5366.56,0.225,-1.423,2.707
5370.21,0.227,-1.44,2.709
5370.39,0.247,-1.444,2.693
5370.57,0.2,-1.447,2.727
5370.76,0.262,-1.446,2.662
5370.94,0.193,-1.449,2.745
5371.12,0.285,-1.449,2.69
5371.3,0.196,-1.454,2.729
5371.49,0.259,-1.455,2.722
5371.67,0.212,-1.456,2.69
5371.85,0.278,-1.455,2.729
5372.3,0.206,-1.456,2.749
5372.21,0.227,-1.456,2.719
5372.4,0.228,-1.458,2.732
5372.58,0.226,-1.461,2.744
5372.76,0.263,-1.46,2.741
5372.94,0.201,-1.463,2.726
5373.13,0.261,-1.466,2.732
5373.31,0.226,-1.464,2.737
5373.49,0.237,-1.462,2.723
5373.67,0.234,-1.462,2.724
5373.86,0.227,-1.462,2.721
5374.4,0.237,-1.461,2.737
5374.22,0.233,-1.46,2.742
5374.4,0.224,-1.472,2.752
5377.5,0.209,-1.475,2.729
5377.68,0.254,-1.475,2.727
5377.87,0.224,-1.477,2.715
5378.5,0.237,-1.474,2.74
5378.23,0.236,-1.475,2.7
5378.41,0.202,-1.473,2.757
5378.6,0.261,-1.473,2.71
5378.78,0.21,-1.478,2.685
5378.96,0.198,-1.48,2.811
5379.14,0.296,-1.477,2.66
5386.25,0.183,-1.505,2.754
5386.43,0.254,-1.502,2.764
