timestamp,pitch,yaw,roll
117.6,-0.084,0.046,0.471
117.78,-0.086,0.048,0.471
117.96,-0.086,0.052,0.475
118.15,-0.087,0.053,0.478
118.33,-0.084,0.052,0.479
118.51,-0.082,0.052,0.478
118.69,-0.084,0.054,0.478
118.88,-0.086,0.055,0.479
119.6,-0.088,0.056,0.485
122.7,-0.077,0.054,0.523
122.88,-0.079,0.053,0.523
123.7,-0.073,0.052,0.524
123.25,-0.077,0.051,0.528
123.43,-0.074,0.052,0.528
123.61,-0.075,0.051,0.532
123.8,-0.076,0.05,0.533
123.98,-0.074,0.049,0.536
124.16,-0.076,0.05,0.536
124.34,-0.073,0.053,0.532
124.53,-0.069,0.051,0.532
124.71,-0.071,0.049,0.535
124.89,-0.073,0.05,0.538
125.7,-0.074,0.048,0.54
125.25,-0.073,0.047,0.546
125.44,-0.075,0.047,0.55
125.62,-0.076,0.045,0.553
125.8,-0.08,0.045,0.554
130.91,-0.091,0.054,0.631
131.9,-0.09,0.053,0.633
131.27,-0.09,0.052,0.636
131.45,-0.091,0.051,0.641
131.63,-0.092,0.052,0.644
131.82,-0.087,0.053,0.649
132.0,-0.087,0.054,0.65
132.18,-0.087,0.057,0.656
132.36,-0.089,0.061,0.657
132.55,-0.09,0.061,0.657
132.73,-0.089,0.064,0.658
132.91,-0.091,0.067,0.661
133.9,-0.095,0.069,0.664
133.27,-0.097,0.068,0.667
133.46,-0.099,0.068,0.671
133.64,-0.099,0.069,0.672
133.82,-0.093,0.069,0.676
134.0,-0.095,0.071,0.681
134.19,-0.096,0.071,0.681
134.37,-0.098,0.069,0.686
134.55,-0.098,0.068,0.69
134.73,-0.1,0.07,0.693
134.92,-0.102,0.073,0.696
135.1,-0.105,0.077,0.696
135.28,-0.107,0.073,0.705
135.46,-0.105,0.076,0.703
135.64,-0.104,0.078,0.71
135.83,-0.104,0.077,0.71
136.1,-0.104,0.08,0.713
136.19,-0.102,0.079,0.712
136.37,-0.102,0.08,0.713
136.56,-0.102,0.081,0.712
136.74,-0.101,0.085,0.716
141.11,-0.114,0.103,0.757
141.3,-0.115,0.106,0.757
141.48,-0.119,0.105,0.764
141.66,-0.12,0.109,0.767
141.84,-0.12,0.109,0.768
142.2,-0.12,0.111,0.768
142.21,-0.117,0.109,0.772
142.39,-0.115,0.108,0.773
142.57,-0.114,0.108,0.776
142.75,-0.114,0.107,0.776
142.94,-0.113,0.107,0.777
143.12,-0.113,0.109,0.779
143.3,-0.113,0.107,0.778
143.48,-0.111,0.106,0.78
143.66,-0.11,0.108,0.783
143.85,-0.11,0.106,0.784
144.3,-0.109,0.104,0.788
144.21,-0.108,0.102,0.79
144.39,-0.109,0.101,0.792
147.49,-0.115,0.099,0.836
147.68,-0.113,0.098,0.841
147.86,-0.115,0.098,0.844
148.4,-0.112,0.102,0.849
148.22,-0.111,0.102,0.852
148.4,-0.107,0.103,0.855
148.59,-0.107,0.104,0.858
148.77,-0.109,0.104,0.86
148.95,-0.11,0.107,0.859
149.13,-0.111,0.107,0.86
149.32,-0.11,0.105,0.862
149.5,-0.108,0.108,0.863
149.68,-0.11,0.11,0.866
149.86,-0.113,0.109,0.866
150.4,-0.111,0.11,0.866
150.23,-0.111,0.111,0.87
150.41,-0.108,0.11,0.876
150.59,-0.107,0.114,0.879
150.77,-0.103,0.114,0.884
150.96,-0.101,0.117,0.885
151.14,-0.101,0.12,0.887
151.32,-0.1,0.121,0.889
151.5,-0.101,0.124,0.895
151.69,-0.099,0.125,0.902
151.87,-0.098,0.126,0.909
152.5,-0.099,0.125,0.908
152.23,-0.099,0.125,0.908
152.41,-0.099,0.129,0.909
152.6,-0.099,0.134,0.909
152.78,-0.099,0.135,0.913
152.96,-0.097,0.137,0.917
153.14,-0.099,0.137,0.92
153.33,-0.099,0.139,0.923
153.51,-0.101,0.139,0.924
153.69,-0.103,0.14,0.928
153.87,-0.105,0.136,0.932
154.6,-0.103,0.136,0.935
154.24,-0.099,0.138,0.937
154.42,-0.099,0.14,0.942
154.6,-0.1,0.139,0.945
154.78,-0.101,0.137,0.951
154.97,-0.101,0.138,0.952
155.15,-0.1,0.142,0.953
155.33,-0.099,0.143,0.957
155.51,-0.099,0.14,0.956
155.7,-0.098,0.139,0.962
155.88,-0.101,0.139,0.971
156.6,-0.102,0.137,0.963
156.24,-0.1,0.143,0.973
156.43,-0.1,0.136,0.971
156.61,-0.102,0.142,0.979
156.79,-0.1,0.14,0.977
156.97,-0.1,0.138,0.98
157.15,-0.1,0.14,0.981
157.34,-0.101,0.138,0.983
157.52,-0.102,0.14,0.987
157.7,-0.101,0.142,0.987
157.88,-0.099,0.141,0.992
158.7,-0.099,0.141,0.994
158.25,-0.101,0.143,0.999
158.43,-0.099,0.141,1.003
158.61,-0.098,0.142,1.005
158.79,-0.095,0.139,1.005
158.98,-0.096,0.139,1.007
159.16,-0.097,0.14,1.008
159.34,-0.097,0.14,1.01
159.52,-0.1,0.138,1.013
166.63,-0.104,0.169,1.125
166.82,-0.104,0.171,1.131
167.0,-0.103,0.17,1.133
167.18,-0.101,0.17,1.136
167.36,-0.099,0.169,1.137
167.54,-0.1,0.17,1.143
167.73,-0.096,0.173,1.144
167.91,-0.097,0.172,1.145
168.9,-0.097,0.171,1.149
168.27,-0.097,0.173,1.149
168.46,-0.099,0.171,1.151
168.64,-0.098,0.172,1.155
168.82,-0.095,0.173,1.159
169.0,-0.095,0.171,1.163
169.19,-0.097,0.171,1.164
169.37,-0.096,0.17,1.167
169.55,-0.094,0.169,1.172
169.73,-0.093,0.168,1.176
169.91,-0.093,0.172,1.181
170.1,-0.094,0.172,1.182
170.28,-0.094,0.17,1.185
170.46,-0.093,0.17,1.187
170.64,-0.092,0.169,1.189
170.83,-0.092,0.169,1.192
171.1,-0.092,0.171,1.194
171.19,-0.091,0.17,1.197
171.37,-0.09,0.169,1.202
171.74,-0.088,0.17,1.206
171.92,-0.09,0.17,1.207
172.1,-0.091,0.172,1.214
172.28,-0.094,0.172,1.211
172.47,-0.095,0.172,1.216
172.65,-0.096,0.172,1.214
172.83,-0.1,0.167,1.216
173.1,-0.096,0.165,1.217
173.2,-0.097,0.165,1.218
173.38,-0.093,0.165,1.219
173.56,-0.094,0.165,1.222
173.74,-0.094,0.165,1.226
173.92,-0.095,0.163,1.227
174.11,-0.095,0.163,1.228
174.29,-0.094,0.165,1.228
174.47,-0.092,0.169,1.232
174.65,-0.092,0.168,1.231
174.84,-0.092,0.17,1.229
175.2,-0.094,0.171,1.23
175.2,-0.097,0.171,1.233
175.38,-0.099,0.173,1.234
175.57,-0.1,0.173,1.236
175.75,-0.102,0.173,1.239
175.93,-0.102,0.173,1.24
176.11,-0.102,0.173,1.24
176.29,-0.103,0.174,1.241
176.48,-0.1,0.177,1.245
176.66,-0.101,0.178,1.243
176.84,-0.1,0.181,1.245
177.2,-0.099,0.181,1.247
177.21,-0.098,0.18,1.249
177.39,-0.096,0.18,1.254
177.57,-0.099,0.185,1.254
177.75,-0.099,0.188,1.258
177.94,-0.098,0.188,1.261
178.12,-0.096,0.187,1.265
178.3,-0.095,0.19,1.268
178.48,-0.095,0.188,1.27
178.66,-0.097,0.188,1.27
178.85,-0.097,0.189,1.274
179.3,-0.099,0.189,1.278
179.21,-0.098,0.189,1.286
179.39,-0.099,0.187,1.289
179.58,-0.098,0.189,1.289
179.76,-0.098,0.186,1.292
179.94,-0.096,0.186,1.298
180.12,-0.097,0.187,1.299
180.31,-0.094,0.187,1.301
180.49,-0.092,0.188,1.304
180.67,-0.096,0.188,1.308
180.85,-0.097,0.188,1.31
181.3,-0.097,0.187,1.312
181.22,-0.097,0.187,1.315
181.4,-0.097,0.19,1.315
181.58,-0.095,0.192,1.314
181.76,-0.097,0.191,1.315
181.95,-0.096,0.193,1.319
182.13,-0.098,0.193,1.321
182.31,-0.1,0.192,1.322
182.49,-0.097,0.194,1.325
182.68,-0.097,0.2,1.326
182.86,-0.094,0.201,1.327
183.4,-0.095,0.204,1.328
183.22,-0.097,0.205,1.332
183.4,-0.098,0.205,1.334
183.59,-0.099,0.208,1.341
183.77,-0.098,0.21,1.343
183.95,-0.095,0.21,1.342
184.13,-0.094,0.211,1.346
184.32,-0.095,0.21,1.347
184.5,-0.094,0.21,1.352
184.68,-0.096,0.212,1.356
184.86,-0.095,0.213,1.361
185.5,-0.094,0.215,1.364
185.23,-0.093,0.215,1.366
185.41,-0.093,0.214,1.367
185.59,-0.095,0.214,1.368
185.77,-0.093,0.217,1.371
185.96,-0.093,0.215,1.374
186.14,-0.094,0.215,1.379
186.32,-0.094,0.213,1.378
186.5,-0.094,0.217,1.383
186.69,-0.095,0.221,1.386
186.87,-0.094,0.221,1.387
187.5,-0.095,0.218,1.39
187.23,-0.094,0.217,1.394
187.42,-0.095,0.218,1.401
187.6,-0.094,0.218,1.405
187.78,-0.095,0.219,1.408
187.96,-0.096,0.22,1.411
188.14,-0.097,0.22,1.411
188.33,-0.095,0.221,1.411
188.51,-0.097,0.223,1.413
188.69,-0.097,0.222,1.416
188.87,-0.097,0.222,1.42
189.6,-0.099,0.221,1.424
189.24,-0.099,0.219,1.426
189.42,-0.096,0.219,1.433
189.6,-0.097,0.22,1.435
189.79,-0.094,0.22,1.437
189.97,-0.09,0.221,1.439
190.15,-0.091,0.222,1.443
190.33,-0.093,0.224,1.445
190.51,-0.094,0.225,1.45
190.7,-0.093,0.226,1.453
190.88,-0.093,0.227,1.457
191.6,-0.092,0.23,1.461
191.24,-0.094,0.228,1.463
191.43,-0.094,0.228,1.466
191.61,-0.095,0.229,1.466
191.79,-0.093,0.228,1.466
191.97,-0.096,0.229,1.471
192.15,-0.095,0.224,1.473
192.34,-0.098,0.224,1.477
192.52,-0.096,0.226,1.482
192.7,-0.097,0.225,1.48
192.88,-0.095,0.228,1.48
193.7,-0.096,0.23,1.48
193.25,-0.097,0.233,1.484
193.43,-0.095,0.232,1.487
193.61,-0.095,0.231,1.49
193.8,-0.095,0.232,1.49
193.98,-0.094,0.231,1.489
194.16,-0.093,0.231,1.49
194.34,-0.09,0.23,1.493
194.52,-0.089,0.23,1.496
194.71,-0.089,0.232,1.499
194.89,-0.089,0.232,1.503
195.7,-0.09,0.23,1.506
195.25,-0.089,0.231,1.508
195.44,-0.088,0.233,1.511
195.62,-0.088,0.233,1.51
195.8,-0.09,0.234,1.514
195.98,-0.095,0.236,1.516
196.17,-0.099,0.24,1.517
196.35,-0.101,0.244,1.518
196.53,-0.102,0.249,1.522
196.71,-0.106,0.249,1.523
196.89,-0.108,0.25,1.527
197.8,-0.111,0.246,1.529
197.26,-0.11,0.252,1.529
197.44,-0.111,0.254,1.532
197.62,-0.108,0.256,1.539
197.81,-0.107,0.253,1.542
197.99,-0.106,0.257,1.544
198.17,-0.104,0.26,1.544
198.35,-0.104,0.261,1.547
198.54,-0.103,0.262,1.547
198.72,-0.1,0.264,1.549
198.9,-0.098,0.266,1.55
199.8,-0.097,0.267,1.556
199.26,-0.097,0.27,1.558
199.45,-0.1,0.272,1.558
199.63,-0.099,0.274,1.561
199.81,-0.099,0.278,1.565
199.99,-0.1,0.28,1.567
200.18,-0.101,0.284,1.568
200.36,-0.106,0.284,1.571
200.54,-0.104,0.285,1.574
203.28,-0.103,0.281,1.609
203.46,-0.102,0.282,1.613
203.64,-0.101,0.284,1.612
203.82,-0.103,0.285,1.614
204.0,-0.102,0.287,1.619
204.19,-0.103,0.287,1.622
204.37,-0.103,0.286,1.622
204.55,-0.099,0.284,1.625
204.73,-0.098,0.286,1.628
204.92,-0.098,0.286,1.627
205.1,-0.097,0.287,1.628
205.28,-0.095,0.291,1.628
205.46,-0.093,0.291,1.628
205.65,-0.094,0.29,1.631
205.83,-0.092,0.292,1.634
206.1,-0.092,0.291,1.637
206.19,-0.091,0.292,1.635
206.37,-0.093,0.29,1.638
206.56,-0.089,0.29,1.64
206.74,-0.088,0.288,1.642
206.92,-0.091,0.284,1.645
207.1,-0.092,0.285,1.649
207.29,-0.09,0.289,1.652
207.47,-0.091,0.29,1.659
207.65,-0.092,0.288,1.66
207.83,-0.092,0.289,1.662
208.1,-0.091,0.288,1.664
208.2,-0.091,0.287,1.669
208.38,-0.09,0.285,1.672
208.56,-0.088,0.284,1.676
208.74,-0.087,0.286,1.676
208.93,-0.086,0.288,1.681
209.11,-0.087,0.288,1.687
209.29,-0.088,0.289,1.689
209.47,-0.091,0.286,1.687
209.66,-0.091,0.283,1.692
209.84,-0.089,0.285,1.695
210.2,-0.088,0.285,1.696
210.2,-0.089,0.283,1.701
210.38,-0.088,0.285,1.702
210.57,-0.086,0.284,1.704
210.75,-0.085,0.282,1.705
210.93,-0.086,0.283,1.71
211.11,-0.084,0.285,1.714
211.3,-0.087,0.288,1.714
211.48,-0.088,0.292,1.719
211.66,-0.09,0.296,1.722
211.84,-0.091,0.3,1.725
212.3,-0.091,0.301,1.727
212.21,-0.092,0.302,1.731
212.39,-0.091,0.302,1.732
212.57,-0.094,0.302,1.737
212.76,-0.098,0.302,1.74
212.94,-0.098,0.305,1.743
213.12,-0.097,0.303,1.749
213.3,-0.095,0.302,1.748
213.48,-0.097,0.304,1.753
213.67,-0.096,0.303,1.76
213.85,-0.097,0.301,1.763
214.3,-0.098,0.301,1.764
214.21,-0.1,0.301,1.769
214.4,-0.103,0.298,1.768
214.58,-0.102,0.303,1.776
214.76,-0.101,0.3,1.778
214.94,-0.104,0.297,1.779
215.13,-0.104,0.3,1.782
215.31,-0.102,0.303,1.784
215.49,-0.101,0.3,1.787
215.67,-0.099,0.302,1.787
215.85,-0.101,0.302,1.788
216.4,-0.102,0.304,1.791
216.22,-0.103,0.304,1.795
216.4,-0.105,0.307,1.797
216.58,-0.105,0.309,1.804
216.77,-0.105,0.31,1.804
216.95,-0.104,0.309,1.807
217.13,-0.101,0.313,1.809
217.31,-0.102,0.314,1.81
217.5,-0.101,0.319,1.814
217.68,-0.105,0.318,1.82
217.86,-0.106,0.316,1.823
218.4,-0.106,0.315,1.826
218.23,-0.103,0.317,1.83
218.41,-0.104,0.315,1.833
218.59,-0.103,0.316,1.834
218.77,-0.105,0.315,1.837
218.95,-0.103,0.315,1.84
219.14,-0.104,0.317,1.84
219.32,-0.102,0.317,1.845
219.5,-0.1,0.315,1.849
219.68,-0.1,0.314,1.855
219.87,-0.101,0.315,1.86
220.5,-0.099,0.314,1.865
220.23,-0.094,0.316,1.869
220.41,-0.094,0.317,1.872
220.6,-0.095,0.318,1.874
220.78,-0.095,0.317,1.877
220.96,-0.096,0.319,1.88
221.14,-0.098,0.316,1.882
221.32,-0.096,0.316,1.883
221.51,-0.097,0.318,1.885
221.69,-0.099,0.318,1.887
221.87,-0.097,0.318,1.889
222.5,-0.095,0.316,1.89
222.24,-0.094,0.316,1.894
222.42,-0.094,0.314,1.896
222.6,-0.093,0.317,1.901
222.78,-0.093,0.317,1.901
222.97,-0.097,0.316,1.907
223.15,-0.095,0.32,1.911
223.33,-0.097,0.319,1.914
223.51,-0.097,0.317,1.918
223.69,-0.096,0.319,1.921
223.88,-0.096,0.322,1.925
224.6,-0.096,0.32,1.923
224.24,-0.09,0.318,1.923
224.42,-0.088,0.319,1.926
224.61,-0.089,0.32,1.928
224.79,-0.09,0.321,1.932
224.97,-0.091,0.323,1.935
225.15,-0.089,0.326,1.936
225.34,-0.091,0.326,1.937
225.52,-0.091,0.327,1.939
225.7,-0.09,0.331,1.941
225.88,-0.092,0.334,1.943
226.7,-0.093,0.335,1.943
226.25,-0.098,0.332,1.947
226.43,-0.101,0.33,1.951
226.61,-0.101,0.328,1.953
226.79,-0.099,0.33,1.956
226.98,-0.098,0.333,1.96
227.16,-0.097,0.332,1.962
227.34,-0.098,0.331,1.964
227.52,-0.098,0.331,1.967
227.71,-0.101,0.33,1.968
227.89,-0.102,0.329,1.97
228.7,-0.102,0.33,1.971
228.25,-0.101,0.329,1.97
228.44,-0.1,0.328,1.971
228.62,-0.1,0.33,1.975
228.8,-0.098,0.334,1.978
228.98,-0.098,0.331,1.98
229.16,-0.095,0.331,1.982
229.35,-0.094,0.332,1.985
229.53,-0.093,0.331,1.988
229.71,-0.092,0.332,1.991
229.89,-0.092,0.333,1.995
230.8,-0.093,0.332,1.996
230.26,-0.091,0.331,2.0
230.44,-0.094,0.334,2.005
230.62,-0.093,0.334,2.01
230.81,-0.089,0.334,2.012
230.99,-0.09,0.334,2.019
231.17,-0.087,0.334,2.023
231.35,-0.087,0.336,2.025
231.53,-0.083,0.338,2.026
231.72,-0.08,0.34,2.029
231.9,-0.08,0.34,2.031
232.8,-0.078,0.338,2.035
232.26,-0.077,0.34,2.04
232.45,-0.077,0.343,2.046
232.63,-0.073,0.345,2.052
232.81,-0.071,0.348,2.055
232.99,-0.068,0.349,2.057
233.18,-0.067,0.351,2.057
233.36,-0.066,0.352,2.061
233.54,-0.069,0.355,2.066
233.72,-0.067,0.35,2.068
233.91,-0.066,0.352,2.071
234.9,-0.063,0.352,2.075
234.27,-0.065,0.352,2.079
234.45,-0.063,0.352,2.085
234.63,-0.062,0.352,2.088
234.82,-0.062,0.354,2.092
235.0,-0.063,0.354,2.095
235.18,-0.059,0.355,2.098
235.36,-0.058,0.354,2.102
235.55,-0.058,0.353,2.107
235.73,-0.058,0.354,2.114
235.91,-0.057,0.354,2.116
236.9,-0.057,0.358,2.12
236.28,-0.058,0.361,2.122
236.46,-0.058,0.362,2.126
236.64,-0.057,0.363,2.13
236.82,-0.056,0.366,2.133
237.0,-0.054,0.366,2.137
237.19,-0.055,0.365,2.142
237.37,-0.053,0.369,2.145
237.55,-0.052,0.369,2.148
237.73,-0.052,0.368,2.153
237.92,-0.053,0.369,2.155
238.1,-0.05,0.369,2.156
238.28,-0.049,0.369,2.156
238.46,-0.05,0.367,2.159
238.64,-0.052,0.366,2.164
238.83,-0.05,0.37,2.169
239.1,-0.051,0.368,2.173
239.19,-0.049,0.369,2.176
239.37,-0.05,0.368,2.181
239.56,-0.049,0.367,2.182
239.74,-0.048,0.369,2.188
239.92,-0.049,0.369,2.191
240.1,-0.05,0.369,2.193
240.29,-0.05,0.374,2.196
240.47,-0.054,0.371,2.2
240.65,-0.052,0.37,2.201
240.83,-0.052,0.367,2.206
241.1,-0.052,0.366,2.21
241.2,-0.053,0.368,2.213
241.38,-0.05,0.366,2.218
241.56,-0.047,0.366,2.222
241.74,-0.046,0.365,2.226
241.93,-0.045,0.366,2.229
242.11,-0.044,0.362,2.232
242.29,-0.041,0.364,2.23
242.47,-0.04,0.365,2.234
242.66,-0.039,0.364,2.24
242.84,-0.04,0.365,2.241
243.2,-0.038,0.366,2.241
243.2,-0.038,0.365,2.242
249.58,-0.024,0.38,2.335
249.77,-0.022,0.38,2.335
249.95,-0.018,0.381,2.339
250.13,-0.018,0.38,2.342
250.31,-0.013,0.378,2.343
250.49,-0.014,0.377,2.344
250.68,-0.013,0.377,2.346
250.86,-0.012,0.377,2.348
251.4,-0.01,0.379,2.347
251.22,-0.008,0.378,2.348
251.41,-0.005,0.379,2.355
251.59,-0.007,0.377,2.359
251.77,-0.005,0.378,2.364
251.95,-0.007,0.378,2.368
252.14,-0.005,0.378,2.372
252.32,-0.005,0.376,2.375
252.5,-0.003,0.375,2.378
252.68,-0.005,0.378,2.38
252.86,-0.006,0.377,2.384
253.5,-0.007,0.376,2.388
253.23,-0.006,0.378,2.388
253.41,-0.005,0.377,2.393
253.59,-0.005,0.372,2.398
253.78,-0.002,0.373,2.399
253.96,-0.004,0.368,2.404
254.14,-0.003,0.368,2.409
254.32,-0.002,0.37,2.415
254.51,-0.002,0.37,2.418
254.69,-0.003,0.367,2.425
254.87,-0.006,0.366,2.422
255.5,-0.006,0.368,2.427
255.23,-0.006,0.369,2.432
255.42,-0.005,0.371,2.431
255.6,-0.006,0.37,2.431
255.78,-0.008,0.369,2.434
255.96,-0.008,0.369,2.44
256.15,-0.005,0.364,2.442
256.33,-0.005,0.364,2.447
256.51,-0.005,0.362,2.448
256.69,-0.006,0.363,2.453
256.87,-0.004,0.362,2.455
257.6,-0.002,0.361,2.459
257.24,-0.004,0.361,2.461
257.42,-0.004,0.361,2.463
257.6,-0.005,0.362,2.466
257.79,-0.007,0.363,2.471
257.97,-0.003,0.364,2.474
258.15,-0.003,0.365,2.475
258.33,-0.001,0.364,2.477
258.52,-0.001,0.366,2.481
258.7,-0.0,0.37,2.487
258.88,0.001,0.37,2.489
259.6,-0.001,0.37,2.494
259.24,-0.0,0.373,2.498
259.43,-0.002,0.376,2.502
259.61,-0.005,0.376,2.508
259.79,-0.006,0.374,2.513
259.97,-0.005,0.373,2.514
260.16,-0.005,0.374,2.518
260.34,-0.004,0.372,2.524
260.52,-0.001,0.37,2.525
260.7,0.0,0.369,2.528
260.89,0.0,0.37,2.531
261.7,0.0,0.37,2.534
261.25,0.001,0.37,2.54
261.43,0.001,0.369,2.545
261.61,0.001,0.367,2.549
261.8,-0.0,0.367,2.554
261.98,0.002,0.368,2.556
262.16,0.003,0.371,2.563
262.34,0.006,0.37,2.564
262.53,0.009,0.368,2.567
262.71,0.009,0.37,2.571
262.89,0.006,0.365,2.579
263.7,0.008,0.364,2.582
263.26,0.012,0.365,2.585
263.44,0.012,0.362,2.591
263.62,0.012,0.364,2.594
263.8,0.015,0.366,2.598
263.98,0.018,0.366,2.603
264.17,0.019,0.363,2.604
264.35,0.019,0.362,2.611
264.53,0.019,0.36,2.614
264.71,0.02,0.363,2.618
264.9,0.022,0.363,2.624
265.8,0.025,0.365,2.628
265.26,0.027,0.367,2.631
265.44,0.022,0.368,2.635
265.62,0.024,0.37,2.639
265.81,0.023,0.373,2.645
265.99,0.023,0.374,2.646
266.17,0.023,0.378,2.649
266.35,0.021,0.377,2.65
266.54,0.023,0.374,2.652
266.72,0.02,0.376,2.652
266.9,0.022,0.377,2.654
267.8,0.021,0.376,2.656
267.27,0.018,0.375,2.659
267.45,0.019,0.375,2.663
267.63,0.02,0.377,2.666
267.81,0.019,0.377,2.671
267.99,0.017,0.38,2.67
268.18,0.015,0.381,2.674
268.36,0.015,0.38,2.675
268.54,0.014,0.38,2.679
268.72,0.014,0.383,2.682
268.91,0.011,0.384,2.688
269.9,0.01,0.383,2.696
269.27,0.007,0.387,2.7
269.45,0.006,0.387,2.698
269.64,0.009,0.384,2.702
269.82,0.01,0.382,2.704
270.0,0.008,0.383,2.711
270.18,0.009,0.383,2.715
270.36,0.008,0.384,2.717
270.55,0.01,0.384,2.72
270.73,0.011,0.386,2.724
270.91,0.014,0.387,2.725
271.9,0.013,0.386,2.725
271.28,0.01,0.386,2.727
271.46,0.008,0.387,2.729
271.64,0.007,0.387,2.729
271.82,0.006,0.386,2.733
272.1,0.008,0.386,2.735
272.19,0.006,0.39,2.741
272.37,0.006,0.393,2.745
272.55,0.005,0.395,2.746
272.73,0.002,0.396,2.752
272.92,0.003,0.397,2.756
273.1,0.003,0.397,2.757
273.28,0.002,0.399,2.76
273.46,0.002,0.398,2.766
273.65,0.004,0.399,2.768
273.83,0.007,0.401,2.772
274.1,0.007,0.403,2.771
274.19,0.009,0.401,2.777
274.38,0.009,0.4,2.778
274.56,0.009,0.4,2.783
274.74,0.008,0.397,2.783
274.92,0.007,0.396,2.785
275.1,0.01,0.396,2.787
275.29,0.011,0.395,2.792
275.47,0.015,0.394,2.798
275.65,0.016,0.395,2.802
275.83,0.014,0.392,2.804
276.2,0.018,0.391,2.809
278.75,0.02,0.404,2.844
278.93,0.019,0.407,2.845
279.12,0.018,0.407,2.847
279.3,0.018,0.414,2.851
279.48,0.019,0.416,2.853
279.66,0.019,0.419,2.855
279.84,0.021,0.42,2.858
280.3,0.022,0.422,2.863
280.21,0.02,0.424,2.864
280.39,0.019,0.424,2.863
280.57,0.021,0.425,2.864
280.76,0.02,0.426,2.87
280.94,0.021,0.429,2.872
281.12,0.02,0.434,2.875
281.3,0.02,0.434,2.881
281.49,0.021,0.435,2.883
281.67,0.02,0.433,2.885
281.85,0.019,0.434,2.887
282.3,0.02,0.435,2.889
282.21,0.021,0.434,2.893
282.4,0.019,0.435,2.896
282.58,0.018,0.436,2.897
282.76,0.018,0.436,2.901
282.94,0.016,0.436,2.903
283.13,0.017,0.437,2.906
283.31,0.016,0.436,2.909
283.49,0.015,0.436,2.908
283.67,0.016,0.436,2.911
283.86,0.016,0.438,2.911
284.4,0.017,0.44,2.914
284.22,0.016,0.441,2.913
284.4,0.016,0.441,2.917
284.58,0.016,0.443,2.922
284.77,0.016,0.446,2.924
284.95,0.018,0.451,2.923
285.13,0.02,0.454,2.928
285.31,0.019,0.455,2.928
285.5,0.02,0.455,2.935
285.68,0.022,0.454,2.934
285.86,0.025,0.453,2.936
286.4,0.028,0.45,2.936
286.23,0.027,0.45,2.938
286.41,0.028,0.45,2.941
293.15,0.023,0.469,3.035
293.34,0.025,0.47,3.036
293.52,0.026,0.469,3.036
293.7,0.027,0.47,3.035
293.88,0.026,0.468,3.035
294.6,0.028,0.469,3.038
294.25,0.029,0.47,3.037
294.43,0.028,0.473,3.04
294.61,0.029,0.472,3.043
294.79,0.028,0.472,3.048
294.98,0.025,0.472,3.05
295.16,0.025,0.472,3.051
295.34,0.026,0.472,3.052
295.52,0.028,0.474,3.057
295.71,0.026,0.476,3.061
295.89,0.026,0.476,3.063
296.7,0.029,0.477,3.069
296.25,0.029,0.477,3.071
296.43,0.031,0.478,3.075
296.62,0.031,0.476,3.078
296.8,0.031,0.475,3.083
296.98,0.028,0.476,3.087
297.16,0.027,0.48,3.087
297.35,0.027,0.478,3.087
297.53,0.027,0.476,3.088
297.71,0.027,0.478,3.089
297.89,0.026,0.478,3.095
298.8,0.025,0.477,3.096
298.99,0.021,0.478,3.108
299.17,0.019,0.478,3.115
299.35,0.019,0.479,3.116
299.53,0.017,0.48,3.12
299.72,0.019,0.481,3.121
299.9,0.018,0.48,3.124
300.8,0.016,0.482,3.128
300.26,0.012,0.481,3.132
300.45,0.013,0.482,3.134
300.63,0.015,0.48,3.14
300.81,0.014,0.482,3.139
300.99,0.012,0.484,3.14
301.18,0.014,0.485,3.146
301.36,0.015,0.488,3.15
301.54,0.014,0.486,3.155
301.72,0.011,0.487,3.157
301.9,0.011,0.488,3.163
302.9,0.014,0.486,3.164
302.27,0.015,0.487,3.17
302.45,0.013,0.488,3.172
302.63,0.011,0.49,3.176
302.82,0.009,0.495,3.179
303.0,0.011,0.494,3.184
303.18,0.009,0.492,3.184
303.36,0.009,0.497,3.188
303.55,0.009,0.496,3.19
303.73,0.009,0.495,3.194
303.91,0.008,0.496,3.201
304.9,0.01,0.496,3.2
304.27,0.008,0.496,3.209
304.46,0.006,0.494,3.208
304.64,0.006,0.495,3.212
304.82,0.005,0.496,3.212
305.0,0.001,0.496,3.213
305.19,0.005,0.496,3.217
305.37,0.004,0.494,3.22
305.55,0.006,0.497,3.221
305.73,0.002,0.495,3.229
305.92,0.002,0.499,3.23
312.66,-0.005,0.528,3.323
312.84,-0.005,0.529,3.326
313.2,-0.007,0.531,3.33
313.21,-0.008,0.529,3.336
313.39,-0.006,0.53,3.338
313.57,-0.007,0.529,3.341
313.75,-0.004,0.528,3.344
313.94,-0.005,0.529,3.345
314.12,-0.006,0.529,3.349
314.3,-0.006,0.528,3.352
314.48,-0.006,0.528,3.36
314.67,-0.003,0.531,3.367
314.85,-0.003,0.534,3.37
315.3,-0.003,0.538,3.369
315.21,0.0,0.54,3.371
315.39,-0.001,0.54,3.375
315.58,-0.001,0.542,3.38
315.76,-0.0,0.541,3.383
315.94,-0.001,0.542,3.388
316.12,0.0,0.544,3.391
316.31,0.003,0.544,3.394
316.49,0.005,0.54,3.394
316.67,0.006,0.542,3.396
316.85,0.003,0.546,3.397
317.4,0.003,0.549,3.401
317.22,0.003,0.553,3.404
317.4,0.002,0.55,3.407
317.58,0.002,0.553,3.41
317.76,-0.0,0.553,3.417
317.95,0.001,0.556,3.422
318.13,0.001,0.553,3.425
318.31,0.0,0.553,3.429
318.49,0.001,0.555,3.431
318.68,0.003,0.555,3.434
318.86,0.002,0.558,3.439
319.4,0.002,0.559,3.44
319.22,0.001,0.56,3.444
319.41,0.001,0.563,3.447
319.59,0.001,0.565,3.451
319.77,0.003,0.567,3.453
319.95,0.005,0.568,3.457
320.13,0.005,0.566,3.459
320.32,0.007,0.565,3.46
320.5,0.006,0.567,3.46
320.68,0.007,0.568,3.461
320.86,0.009,0.569,3.462
321.5,0.008,0.569,3.465
321.23,0.01,0.57,3.467
321.41,0.008,0.569,3.471
321.59,0.011,0.567,3.478
321.78,0.013,0.565,3.481
321.96,0.013,0.567,3.484
322.14,0.011,0.564,3.488
322.32,0.011,0.565,3.489
322.5,0.014,0.568,3.49
322.69,0.015,0.569,3.498
322.87,0.015,0.568,3.499
323.5,0.016,0.569,3.501
323.23,0.017,0.57,3.506
323.42,0.017,0.572,3.511
323.6,0.018,0.574,3.516
323.78,0.019,0.577,3.519
323.96,0.022,0.576,3.518
324.14,0.021,0.578,3.522
324.33,0.021,0.578,3.526
324.51,0.019,0.58,3.53
324.69,0.017,0.58,3.535
324.87,0.02,0.581,3.537
325.6,0.022,0.581,3.539
325.24,0.024,0.58,3.539
325.42,0.026,0.58,3.542
325.6,0.028,0.581,3.546
325.79,0.027,0.583,3.55
325.97,0.026,0.581,3.551
326.15,0.026,0.581,3.554
328.7,0.017,0.59,3.597
328.88,0.017,0.59,3.6
329.7,0.018,0.59,3.602
329.25,0.022,0.59,3.604
329.43,0.019,0.591,3.607
329.61,0.021,0.595,3.609
329.8,0.022,0.598,3.611
329.98,0.022,0.598,3.615
330.16,0.025,0.597,3.617
330.34,0.023,0.596,3.618
330.53,0.02,0.595,3.62
330.71,0.021,0.596,3.622
330.89,0.021,0.596,3.626
331.7,0.02,0.6,3.628
331.25,0.017,0.601,3.632
331.44,0.017,0.6,3.637
331.62,0.016,0.6,3.639
331.8,0.018,0.598,3.646
331.98,0.018,0.598,3.646
332.17,0.019,0.597,3.65
332.35,0.019,0.6,3.654
332.53,0.017,0.602,3.658
332.71,0.015,0.603,3.665
332.9,0.018,0.607,3.667
333.8,0.015,0.609,3.67
334.9,0.009,0.618,3.699
335.8,0.007,0.618,3.704
335.27,0.007,0.623,3.707
335.45,0.007,0.626,3.713
335.63,0.004,0.625,3.711
335.81,0.004,0.628,3.716
335.99,0.004,0.629,3.714
336.18,0.004,0.63,3.716
336.36,0.004,0.632,3.719
336.54,0.004,0.632,3.723
336.72,0.004,0.63,3.729
336.91,0.003,0.633,3.732
337.9,0.008,0.636,3.737
337.27,0.011,0.633,3.74
337.45,0.012,0.633,3.744
337.63,0.009,0.633,3.747
337.82,0.01,0.633,3.749
338.0,0.01,0.633,3.753
338.18,0.011,0.634,3.758
338.36,0.008,0.634,3.763
338.55,0.007,0.634,3.764
338.73,0.007,0.633,3.768
338.91,0.009,0.631,3.773
339.9,0.01,0.629,3.778
339.28,0.011,0.631,3.779
339.46,0.012,0.632,3.783
339.64,0.011,0.634,3.785
339.82,0.01,0.631,3.79
340.0,0.012,0.632,3.795
340.19,0.011,0.635,3.8
340.37,0.011,0.634,3.797
340.55,0.005,0.637,3.8
340.73,0.014,0.639,3.797
340.92,0.011,0.644,3.812
341.1,0.016,0.645,3.804
341.28,0.014,0.647,3.812
341.46,0.016,0.646,3.811
341.65,0.015,0.644,3.823
341.83,0.015,0.644,3.817
342.1,0.007,0.644,3.821
342.19,0.009,0.651,3.816
342.37,0.006,0.65,3.821
342.56,0.01,0.651,3.815
342.74,0.009,0.651,3.822
342.92,0.007,0.65,3.822
343.1,0.005,0.653,3.832
343.29,0.004,0.654,3.834
343.47,0.005,0.653,3.836
343.65,0.007,0.653,3.837
343.83,0.008,0.654,3.839
344.2,0.008,0.653,3.842
344.2,0.008,0.651,3.846
344.38,0.007,0.652,3.85
344.56,0.01,0.654,3.85
344.74,0.01,0.653,3.854
344.93,0.012,0.652,3.858
345.11,0.011,0.654,3.862
345.29,0.011,0.654,3.866
345.47,0.011,0.65,3.868
345.66,0.014,0.653,3.87
345.84,0.013,0.656,3.873
346.2,0.012,0.658,3.876
346.2,0.009,0.658,3.883
346.38,0.008,0.657,3.886
346.57,0.005,0.656,3.887
346.75,0.003,0.653,3.889
346.93,0.002,0.653,3.895
347.11,0.0,0.65,3.903
347.3,0.0,0.649,3.908
347.48,0.003,0.648,3.91
347.66,0.002,0.649,3.917
347.84,0.002,0.65,3.915
348.3,0.002,0.649,3.919
348.21,0.001,0.652,3.924
348.39,0.003,0.652,3.93
348.57,0.001,0.65,3.934
348.75,0.002,0.651,3.937
348.94,0.0,0.651,3.936
349.12,0.0,0.648,3.938
349.3,0.0,0.646,3.94
349.48,0.003,0.648,3.939
349.67,0.006,0.648,3.942
349.85,0.005,0.65,3.942
350.3,0.004,0.653,3.946
350.21,0.001,0.652,3.949
350.4,-0.0,0.656,3.951
350.58,-0.0,0.655,3.952
350.76,0.001,0.653,3.954
350.94,0.004,0.652,3.959
351.12,0.006,0.652,3.961
351.31,0.008,0.655,3.965
351.49,0.007,0.655,3.968
351.67,0.005,0.656,3.97
351.85,0.006,0.657,3.975
352.4,0.008,0.661,3.975
352.22,0.009,0.662,3.977
352.4,0.009,0.662,3.979
352.58,0.006,0.662,3.982
352.76,0.007,0.661,3.986
352.95,0.006,0.662,3.993
353.13,0.006,0.662,3.997
353.31,0.006,0.667,3.999
353.49,0.007,0.67,4.003
353.68,0.007,0.668,4.007
353.86,0.007,0.665,4.009
354.4,0.009,0.665,4.012
354.22,0.013,0.666,4.016
354.41,0.01,0.666,4.02
354.59,0.012,0.665,4.025
354.77,0.01,0.66,4.03
354.95,0.011,0.661,4.034
355.13,0.01,0.661,4.036
355.32,0.012,0.665,4.039
355.5,0.011,0.665,4.044
355.68,0.012,0.667,4.049
355.86,0.012,0.666,4.055
356.5,0.014,0.664,4.061
356.23,0.018,0.66,4.066
356.41,0.017,0.66,4.07
356.59,0.017,0.658,4.071
356.78,0.022,0.657,4.078
356.96,0.023,0.657,4.078
357.14,0.024,0.66,4.083
357.32,0.024,0.661,4.087
357.5,0.026,0.659,4.092
357.69,0.027,0.661,4.098
357.87,0.027,0.659,4.104
358.5,0.026,0.661,4.107
358.23,0.025,0.662,4.108
358.42,0.025,0.662,4.112
358.6,0.026,0.66,4.115
358.78,0.026,0.66,4.116
358.96,0.024,0.662,4.116
359.14,0.024,0.664,4.116
359.33,0.026,0.665,4.118
359.51,0.028,0.669,4.121
359.69,0.03,0.668,4.125
359.87,0.029,0.671,4.128
360.6,0.029,0.672,4.129
360.24,0.025,0.673,4.132
360.42,0.026,0.674,4.135
360.6,0.028,0.672,4.137
360.79,0.029,0.674,4.138
360.97,0.029,0.674,4.143
361.15,0.028,0.671,4.143
361.33,0.028,0.669,4.148
361.51,0.027,0.67,4.154
361.7,0.029,0.669,4.161
361.88,0.029,0.671,4.167
362.6,0.028,0.675,4.172
362.24,0.029,0.675,4.178
362.43,0.033,0.671,4.182
362.61,0.034,0.671,4.189
362.79,0.035,0.672,4.19
362.97,0.037,0.676,4.194
364.79,0.04,0.692,4.232
364.98,0.042,0.691,4.239
365.16,0.042,0.692,4.241
365.34,0.042,0.691,4.245
365.52,0.043,0.689,4.252
365.71,0.043,0.69,4.255
365.89,0.045,0.692,4.255
366.7,0.044,0.692,4.259
366.25,0.043,0.692,4.26
366.44,0.046,0.694,4.263
366.62,0.043,0.695,4.268
366.8,0.041,0.695,4.274
366.98,0.043,0.694,4.277
367.16,0.042,0.695,4.281
367.35,0.043,0.694,4.282
367.53,0.043,0.693,4.285
367.71,0.045,0.695,4.291
367.89,0.044,0.693,4.294
368.8,0.045,0.695,4.301
368.26,0.046,0.699,4.306
368.44,0.049,0.7,4.312
368.62,0.051,0.702,4.317
368.81,0.053,0.7,4.321
368.99,0.056,0.7,4.321
369.17,0.058,0.703,4.322
369.35,0.06,0.705,4.327
369.53,0.061,0.706,4.33
369.72,0.064,0.707,4.334
369.9,0.068,0.705,4.335
370.8,0.069,0.706,4.339
370.26,0.071,0.707,4.345
370.45,0.073,0.704,4.353
370.63,0.077,0.705,4.356
370.81,0.076,0.705,4.366
370.99,0.079,0.706,4.364
371.17,0.078,0.704,4.367
371.36,0.085,0.708,4.368
371.54,0.084,0.709,4.374
371.72,0.086,0.709,4.381
371.9,0.087,0.709,4.39
372.9,0.085,0.713,4.397
372.27,0.095,0.714,4.404
372.45,0.092,0.715,4.408
372.63,0.096,0.713,4.412
372.82,0.095,0.715,4.417
373.0,0.097,0.716,4.419
373.18,0.098,0.717,4.424
373.36,0.098,0.72,4.426
373.54,0.098,0.721,4.431
373.73,0.098,0.723,4.432
373.91,0.1,0.723,4.437
374.9,0.099,0.726,4.44
374.27,0.098,0.725,4.446
374.46,0.099,0.723,4.449
374.64,0.095,0.722,4.456
374.82,0.095,0.725,4.462
375.0,0.095,0.723,4.468
375.19,0.097,0.723,4.471
375.37,0.098,0.724,4.474
375.55,0.1,0.725,4.479
375.73,0.099,0.722,4.489
375.91,0.1,0.721,4.493
376.1,0.097,0.722,4.499
376.28,0.098,0.72,4.504
376.46,0.098,0.724,4.506
376.64,0.099,0.724,4.508
376.83,0.098,0.725,4.51
377.1,0.097,0.725,4.516
377.19,0.101,0.729,4.518
377.37,0.102,0.731,4.523
377.56,0.104,0.731,4.522
377.74,0.103,0.731,4.528
377.92,0.104,0.733,4.53
378.1,0.107,0.733,4.538
378.28,0.105,0.732,4.542
378.47,0.104,0.734,4.543
381.75,0.105,0.739,4.598
381.93,0.104,0.74,4.603
382.11,0.105,0.741,4.606
382.29,0.106,0.741,4.608
382.48,0.107,0.741,4.612
382.66,0.107,0.741,4.616
382.84,0.107,0.743,4.617
383.2,0.105,0.743,4.624
383.21,0.106,0.744,4.628
383.39,0.104,0.743,4.633
383.57,0.104,0.743,4.633
383.75,0.103,0.745,4.634
383.94,0.103,0.745,4.636
384.12,0.101,0.745,4.643
384.3,0.1,0.744,4.646
384.48,0.1,0.743,4.651
384.66,0.098,0.742,4.655
384.85,0.098,0.744,4.661
385.3,0.097,0.744,4.662
385.21,0.096,0.744,4.665
385.39,0.094,0.742,4.668
385.58,0.091,0.741,4.673
385.76,0.092,0.742,4.677
385.94,0.093,0.742,4.679
386.12,0.094,0.741,4.68
386.3,0.093,0.744,4.681
386.49,0.094,0.745,4.686
386.67,0.096,0.747,4.69
386.85,0.094,0.743,4.696
387.3,0.092,0.743,4.698
387.22,0.094,0.745,4.699
387.4,0.094,0.746,4.702
387.58,0.091,0.75,4.705
387.76,0.091,0.752,4.71
387.95,0.096,0.751,4.713
388.13,0.093,0.752,4.715
388.31,0.092,0.753,4.72
388.49,0.091,0.755,4.723
388.67,0.09,0.755,4.726
388.86,0.089,0.759,4.726
389.4,0.086,0.759,4.73
389.22,0.087,0.761,4.734
389.4,0.09,0.757,4.736
389.59,0.091,0.757,4.741
389.77,0.09,0.757,4.746
389.95,0.091,0.761,4.748
390.13,0.088,0.762,4.754
390.32,0.09,0.76,4.757
390.5,0.09,0.761,4.763
390.68,0.089,0.763,4.765
390.86,0.094,0.764,4.767
391.4,0.095,0.767,4.768
391.23,0.097,0.767,4.771
391.41,0.099,0.769,4.774
391.59,0.101,0.77,4.777
391.77,0.102,0.772,4.781
391.96,0.097,0.772,4.786
392.14,0.097,0.77,4.79
392.32,0.098,0.773,4.796
392.5,0.097,0.773,4.798
392.69,0.095,0.772,4.804
392.87,0.094,0.774,4.804
393.5,0.094,0.778,4.807
393.23,0.095,0.781,4.807
393.41,0.097,0.781,4.818
393.6,0.096,0.784,4.817
393.78,0.09,0.787,4.822
393.96,0.091,0.788,4.823
397.97,0.09,0.821,4.89
398.15,0.092,0.823,4.89
398.34,0.085,0.824,4.896
398.52,0.085,0.823,4.898
398.7,0.085,0.823,4.904
398.88,0.087,0.824,4.902
399.7,0.085,0.826,4.907
399.25,0.087,0.828,4.908
399.43,0.087,0.833,4.915
399.61,0.089,0.828,4.92
399.79,0.091,0.828,4.925
399.98,0.091,0.827,4.925
400.16,0.09,0.829,4.932
400.34,0.088,0.83,4.934
400.52,0.089,0.835,4.936
400.71,0.09,0.838,4.94
402.16,0.082,0.838,4.973
402.35,0.08,0.84,4.972
402.53,0.083,0.838,4.974
402.71,0.082,0.84,4.979
402.89,0.083,0.84,4.984
403.8,0.082,0.84,4.987
403.26,0.082,0.844,4.992
403.44,0.082,0.844,4.996
403.62,0.083,0.845,4.999
403.8,0.083,0.843,5.004
403.99,0.08,0.845,5.009
417.84,0.094,0.908,5.286
418.2,0.093,0.911,5.288
418.2,0.095,0.91,5.292
418.39,0.094,0.909,5.3
418.57,0.091,0.909,5.307
418.75,0.086,0.91,5.31
418.93,0.082,0.91,5.313
419.12,0.082,0.913,5.317
419.3,0.083,0.916,5.319
419.48,0.085,0.917,5.322
419.66,0.084,0.92,5.322
419.84,0.082,0.92,5.326
420.3,0.083,0.922,5.326
420.21,0.081,0.925,5.328
420.39,0.084,0.924,5.329
420.57,0.084,0.926,5.332
420.76,0.086,0.925,5.338
420.94,0.086,0.923,5.338
422.94,0.095,0.933,5.381
423.12,0.095,0.934,5.39
423.31,0.092,0.937,5.394
423.49,0.085,0.936,5.398
423.67,0.085,0.935,5.404
423.85,0.086,0.936,5.409
424.4,0.086,0.938,5.416
424.22,0.087,0.941,5.42
424.4,0.089,0.94,5.422
424.58,0.09,0.941,5.426
424.77,0.088,0.942,5.43
424.95,0.084,0.941,5.433
425.13,0.083,0.941,5.432
425.31,0.083,0.945,5.437
425.49,0.082,0.943,5.436
425.68,0.082,0.946,5.442
425.86,0.083,0.948,5.446
426.4,0.084,0.952,5.45
426.22,0.081,0.951,5.455
426.41,0.082,0.946,5.459
426.59,0.083,0.944,5.466
426.77,0.083,0.947,5.47
426.95,0.087,0.945,5.476
427.13,0.091,0.946,5.478
427.32,0.092,0.944,5.482
427.5,0.092,0.941,5.486
427.68,0.093,0.941,5.488
427.86,0.094,0.941,5.494
428.5,0.095,0.942,5.495
428.23,0.096,0.939,5.497
428.41,0.096,0.94,5.499
428.59,0.099,0.94,5.503
428.78,0.096,0.94,5.507
428.96,0.098,0.941,5.513
429.14,0.098,0.941,5.52
429.32,0.096,0.938,5.524
429.5,0.099,0.942,5.523
429.69,0.097,0.944,5.527
429.87,0.1,0.947,5.53
430.5,0.098,0.951,5.532
430.23,0.097,0.949,5.532
430.42,0.095,0.953,5.531
430.6,0.093,0.954,5.535
430.78,0.091,0.952,5.54
430.96,0.089,0.953,5.538
431.14,0.089,0.952,5.54
431.33,0.086,0.952,5.545
431.51,0.095,0.953,5.546
431.69,0.087,0.952,5.548
431.87,0.09,0.951,5.552
432.6,0.085,0.95,5.554
432.24,0.086,0.95,5.556
432.42,0.086,0.949,5.56
432.6,0.085,0.952,5.56
432.78,0.087,0.951,5.567
432.97,0.089,0.954,5.57
433.15,0.09,0.957,5.576
433.33,0.09,0.957,5.575
433.51,0.09,0.963,5.58
433.7,0.092,0.961,5.584
433.88,0.092,0.96,5.591
434.6,0.094,0.96,5.596
434.24,0.093,0.965,5.605
434.43,0.095,0.962,5.609
434.61,0.094,0.968,5.611
434.79,0.093,0.964,5.617
434.97,0.098,0.965,5.623
435.15,0.094,0.964,5.625
435.34,0.097,0.966,5.632
435.52,0.094,0.969,5.638
435.7,0.096,0.967,5.646
435.88,0.097,0.972,5.645
436.7,0.094,0.971,5.653
436.25,0.095,0.971,5.66
436.43,0.095,0.976,5.661
436.61,0.095,0.975,5.663
436.79,0.097,0.974,5.665
436.98,0.097,0.977,5.667
437.16,0.098,0.977,5.67
437.34,0.097,0.977,5.671
437.52,0.097,0.974,5.681
437.71,0.099,0.972,5.684
437.89,0.098,0.976,5.692
438.7,0.099,0.978,5.697
438.25,0.099,0.978,5.702
438.43,0.101,0.978,5.705
438.62,0.099,0.978,5.712
438.8,0.1,0.982,5.713
438.98,0.099,0.982,5.716
439.16,0.098,0.982,5.719
439.35,0.099,0.983,5.725
439.53,0.101,0.98,5.728
439.71,0.097,0.98,5.735
439.89,0.097,0.984,5.737
440.8,0.096,0.987,5.743
440.26,0.094,0.99,5.743
440.44,0.096,0.99,5.746
440.62,0.095,0.993,5.746
440.8,0.094,0.995,5.749
440.99,0.095,0.993,5.749
441.17,0.093,0.994,5.75
442.81,0.103,1.007,5.766
442.99,0.102,1.009,5.767
443.17,0.104,1.006,5.771
443.36,0.104,1.01,5.77
443.54,0.109,1.012,5.776
443.72,0.112,1.013,5.778
443.9,0.112,1.012,5.78
444.9,0.109,1.016,5.781
444.27,0.109,1.014,5.785
444.45,0.106,1.018,5.788
444.63,0.108,1.02,5.791
444.81,0.109,1.023,5.798
445.0,0.109,1.025,5.808
445.18,0.108,1.027,5.809
445.36,0.107,1.029,5.814
445.54,0.109,1.03,5.816
445.73,0.11,1.027,5.82
445.91,0.109,1.027,5.826
446.9,0.108,1.026,5.829
447.73,0.108,1.024,5.866
447.91,0.11,1.024,5.866
448.1,0.109,1.024,5.868
448.28,0.108,1.024,5.871
448.46,0.11,1.024,5.875
448.64,0.109,1.028,5.881
448.83,0.105,1.027,5.886
449.1,0.104,1.027,5.887
449.19,0.101,1.025,5.892
449.37,0.102,1.029,5.895
449.55,0.106,1.036,5.898
449.74,0.107,1.037,5.899
449.92,0.107,1.035,5.904
450.1,0.106,1.033,5.907
450.28,0.107,1.032,5.915
450.47,0.108,1.033,5.915
450.65,0.11,1.033,5.92
450.83,0.113,1.031,5.921
451.1,0.11,1.035,5.924
451.19,0.11,1.034,5.924
451.38,0.11,1.037,5.923
451.56,0.111,1.036,5.925
452.47,0.115,1.04,5.939
452.65,0.118,1.036,5.941
452.83,0.117,1.037,5.945
453.2,0.118,1.034,5.95
453.2,0.118,1.034,5.953
453.38,0.118,1.034,5.958
453.56,0.117,1.029,5.961
453.75,0.116,1.03,5.962
453.93,0.116,1.024,5.967
454.11,0.118,1.025,5.969
454.29,0.118,1.028,5.97
454.48,0.121,1.027,5.973
454.66,0.121,1.029,5.976
454.84,0.121,1.03,5.981
455.2,0.12,1.034,5.985
455.2,0.12,1.036,5.989
455.39,0.122,1.037,5.991
455.57,0.125,1.039,5.993
455.75,0.128,1.04,5.996
455.93,0.126,1.042,5.999
456.12,0.126,1.042,6.004
456.3,0.126,1.044,6.006
456.48,0.125,1.044,6.011
456.66,0.122,1.044,6.011
456.84,0.119,1.046,6.014
457.3,0.121,1.043,6.015
457.21,0.12,1.045,6.02
457.39,0.12,1.045,6.022
457.57,0.121,1.047,6.026
457.76,0.122,1.051,6.028
457.94,0.123,1.051,6.03
458.12,0.124,1.051,6.032
458.3,0.122,1.052,6.04
458.49,0.123,1.056,6.046
458.67,0.124,1.054,6.053
458.85,0.124,1.056,6.057
459.3,0.125,1.056,6.06
459.21,0.125,1.059,6.067
459.4,0.124,1.062,6.068
459.58,0.125,1.059,6.071
459.76,0.123,1.062,6.072
459.94,0.122,1.062,6.072
460.13,0.121,1.063,6.078
460.31,0.12,1.062,6.08
460.49,0.12,1.06,6.084
460.67,0.122,1.06,6.088
460.86,0.12,1.061,6.09
461.4,0.12,1.063,6.096
461.22,0.122,1.065,6.099
461.4,0.123,1.066,6.103
461.58,0.125,1.068,6.106
461.77,0.127,1.068,6.109
461.95,0.124,1.07,6.113
462.13,0.126,1.074,6.117
462.31,0.128,1.076,6.121
462.5,0.128,1.08,6.125
462.68,0.127,1.08,6.127
462.86,0.123,1.08,6.131
463.4,0.123,1.078,6.136
463.22,0.123,1.075,6.137
463.41,0.121,1.078,6.142
463.59,0.119,1.08,6.145
463.77,0.118,1.08,6.148
463.95,0.119,1.082,6.149
465.5,0.116,1.084,6.168
465.23,0.116,1.088,6.173
465.41,0.115,1.087,6.178
465.59,0.116,1.087,6.18
465.78,0.117,1.087,6.186
465.96,0.121,1.087,6.19
466.14,0.119,1.087,6.193
466.32,0.122,1.085,6.195
466.51,0.122,1.088,6.2
466.69,0.12,1.09,6.206
466.87,0.118,1.09,6.212
467.5,0.117,1.09,6.214
467.23,0.116,1.089,6.223
467.42,0.119,1.087,6.223
467.6,0.113,1.088,6.229
467.78,0.115,1.089,6.232
467.96,0.111,1.09,6.244
468.15,0.108,1.094,6.242
468.33,0.109,1.098,6.243
468.51,0.109,1.095,6.246
468.69,0.109,1.098,6.252
468.87,0.108,1.099,6.257
469.6,0.105,1.1,6.257
469.24,0.104,1.101,6.26
469.42,0.105,1.104,6.261
469.6,0.107,1.106,6.267
469.79,0.107,1.107,6.27
469.97,0.107,1.111,6.274
470.15,0.11,1.11,6.276
470.33,0.107,1.114,6.282
470.52,0.106,1.114,6.287
470.7,0.105,1.113,6.292
470.88,0.107,1.111,6.296
471.6,0.107,1.114,6.3
471.24,0.106,1.113,6.305
471.43,0.105,1.113,6.308
471.61,0.104,1.112,6.31
471.79,0.104,1.111,6.316
471.97,0.106,1.112,6.32
472.16,0.105,1.112,6.324
472.34,0.104,1.114,6.329
472.52,0.105,1.114,6.333
472.7,0.105,1.115,6.338
472.88,0.103,1.114,6.344
473.7,0.1,1.115,6.345
473.25,0.1,1.117,6.35
473.43,0.1,1.119,6.356
473.61,0.099,1.12,6.358
473.8,0.1,1.121,6.358
473.98,0.099,1.123,6.361
474.16,0.097,1.126,6.362
474.34,0.1,1.131,6.365
474.53,0.097,1.132,6.371
474.71,0.098,1.131,6.378
474.89,0.099,1.131,6.383
475.7,0.101,1.133,6.385
475.25,0.1,1.136,6.389
475.44,0.099,1.137,6.393
475.62,0.099,1.139,6.396
475.8,0.099,1.139,6.401
475.98,0.1,1.139,6.403
476.17,0.1,1.141,6.407
476.35,0.102,1.141,6.406
476.53,0.1,1.145,6.41
476.71,0.1,1.147,6.415
476.89,0.098,1.145,6.42
477.8,0.099,1.145,6.424
477.26,0.097,1.146,6.424
477.44,0.097,1.148,6.426
483.82,0.132,1.203,6.57
484.0,0.131,1.203,6.575
484.19,0.136,1.2,6.578
484.37,0.138,1.201,6.581
484.55,0.139,1.199,6.582
484.73,0.139,1.2,6.583
484.91,0.14,1.199,6.585
485.1,0.138,1.199,6.588
485.28,0.139,1.199,6.597
485.46,0.139,1.198,6.598
485.64,0.14,1.199,6.606
485.83,0.142,1.201,6.609
486.1,0.141,1.2,6.613
486.19,0.144,1.202,6.614
486.37,0.145,1.203,6.622
486.55,0.146,1.205,6.624
486.74,0.144,1.208,6.632
486.92,0.145,1.206,6.635
487.1,0.144,1.208,6.642
487.28,0.146,1.209,6.647
487.47,0.147,1.21,6.653
487.65,0.146,1.211,6.656
487.83,0.144,1.212,6.659
488.1,0.14,1.211,6.66
488.2,0.143,1.214,6.668
488.38,0.144,1.217,6.671
488.56,0.146,1.223,6.676
488.74,0.146,1.223,6.683
488.92,0.146,1.225,6.688
489.11,0.144,1.226,6.694
489.29,0.147,1.229,6.704
489.47,0.147,1.23,6.706
489.65,0.147,1.231,6.711
489.84,0.15,1.228,6.713
490.2,0.15,1.225,6.717
490.2,0.153,1.226,6.724
490.38,0.155,1.226,6.729
490.56,0.157,1.224,6.732
490.75,0.158,1.224,6.735
490.93,0.157,1.224,6.74
491.11,0.157,1.226,6.742
491.29,0.161,1.226,6.742
491.48,0.164,1.227,6.746
491.66,0.163,1.228,6.752
491.84,0.166,1.225,6.754
492.2,0.166,1.224,6.76
492.2,0.167,1.224,6.764
492.39,0.168,1.225,6.768
492.57,0.169,1.227,6.77
492.75,0.171,1.229,6.776
492.93,0.172,1.23,6.778
493.12,0.171,1.231,6.784
493.3,0.172,1.233,6.784
493.48,0.171,1.233,6.783
493.66,0.169,1.236,6.789
493.85,0.17,1.234,6.794
494.3,0.171,1.238,6.799
494.21,0.176,1.237,6.801
494.39,0.175,1.241,6.803
494.57,0.179,1.24,6.81
494.76,0.179,1.242,6.812
494.94,0.177,1.24,6.812
495.12,0.178,1.242,6.82
495.3,0.178,1.242,6.827
495.49,0.172,1.245,6.835
498.4,0.186,1.242,6.903
498.58,0.188,1.243,6.907
498.77,0.194,1.246,6.912
498.95,0.197,1.25,6.917
499.13,0.198,1.252,6.921
499.31,0.198,1.253,6.923
499.5,0.2,1.255,6.927
499.68,0.196,1.257,6.93
499.86,0.194,1.255,6.936
500.4,0.194,1.258,6.937
500.22,0.196,1.259,6.938
500.41,0.194,1.261,6.941
500.59,0.196,1.262,6.945
500.77,0.199,1.265,6.949
500.95,0.199,1.266,6.952
501.14,0.2,1.266,6.959
501.32,0.199,1.267,6.962
501.5,0.199,1.266,6.969
501.68,0.2,1.269,6.976
501.86,0.2,1.27,6.981
502.5,0.199,1.273,6.988
502.23,0.201,1.272,6.992
502.41,0.2,1.273,7.0
502.59,0.2,1.276,7.005
502.78,0.199,1.274,7.006
502.96,0.202,1.274,7.006
503.14,0.199,1.273,7.009
503.32,0.201,1.275,7.011
503.51,0.203,1.277,7.018
503.69,0.206,1.277,7.019
503.87,0.211,1.28,7.023
504.5,0.211,1.278,7.024
504.23,0.211,1.28,7.025
504.42,0.212,1.282,7.027
504.6,0.213,1.285,7.029
504.78,0.215,1.284,7.032
504.96,0.217,1.283,7.035
505.15,0.217,1.286,7.037
505.33,0.215,1.283,7.04
505.51,0.216,1.286,7.043
505.69,0.219,1.284,7.044
505.87,0.22,1.285,7.047
506.6,0.221,1.286,7.054
506.24,0.22,1.283,7.055
506.42,0.219,1.285,7.06
506.6,0.219,1.287,7.062
506.79,0.219,1.287,7.065
506.97,0.221,1.287,7.067
507.15,0.222,1.288,7.071
507.33,0.223,1.289,7.081
507.51,0.222,1.287,7.085
507.7,0.225,1.288,7.092
507.88,0.223,1.285,7.094
508.6,0.222,1.286,7.095
508.24,0.223,1.287,7.1
508.43,0.224,1.289,7.102
508.61,0.225,1.292,7.105
508.79,0.224,1.294,7.108
508.97,0.225,1.296,7.113
509.15,0.228,1.297,7.117
509.34,0.229,1.295,7.118
509.52,0.232,1.295,7.125
509.7,0.229,1.295,7.13
509.88,0.226,1.294,7.135
510.7,0.227,1.291,7.136
510.25,0.228,1.29,7.137
510.43,0.227,1.292,7.142
510.61,0.227,1.294,7.142
510.8,0.228,1.292,7.144
510.98,0.229,1.293,7.149
511.16,0.23,1.297,7.156
511.34,0.226,1.302,7.159
511.52,0.229,1.304,7.167
511.71,0.23,1.306,7.168
511.89,0.23,1.308,7.171
512.7,0.228,1.308,7.175
512.25,0.227,1.305,7.177
512.44,0.225,1.306,7.184
512.62,0.228,1.31,7.19
512.8,0.227,1.31,7.193
512.98,0.228,1.311,7.195
513.16,0.227,1.31,7.191
513.35,0.227,1.311,7.19
513.53,0.221,1.309,7.188
513.71,0.218,1.311,7.184
513.89,0.214,1.31,7.181
514.8,0.215,1.312,7.185
514.26,0.211,1.313,7.187
514.44,0.21,1.311,7.19
514.62,0.212,1.31,7.19
514.8,0.213,1.312,7.191
514.99,0.213,1.314,7.189
515.17,0.213,1.315,7.192
515.35,0.215,1.316,7.198
515.53,0.218,1.321,7.2
522.1,0.221,1.354,7.31
522.28,0.236,1.36,7.269
522.46,0.22,1.357,7.324
522.64,0.215,1.361,7.325
522.82,0.219,1.359,7.326
523.1,0.254,1.241,7.339
523.19,0.507,0.522,7.343
523.37,0.85,-0.717,7.367
523.55,1.294,-2.288,7.305
523.74,1.826,-4.166,7.28
523.92,2.554,-6.808,7.267
524.1,3.242,-9.285,7.248
524.28,3.733,-11.054,7.22
524.46,4.444,-13.607,7.183
524.65,5.058,-15.812,7.182
524.83,5.44,-17.214,7.234
525.1,5.781,-18.395,7.243
525.19,5.93,-18.894,7.271
525.38,5.818,-18.696,7.307
525.56,5.718,-18.38,7.317
525.74,5.703,-18.284,7.338
525.92,5.729,-18.289,7.297
526.11,5.713,-18.275,7.315
526.29,5.724,-18.278,7.317
526.47,5.72,-18.273,7.319
526.65,5.726,-18.273,7.325
526.83,5.726,-18.268,7.329
527.2,5.727,-18.267,7.328
527.2,5.732,-18.265,7.332
527.38,5.731,-18.263,7.333
527.56,5.734,-18.265,7.341
527.75,5.731,-18.261,7.346
527.93,5.733,-18.262,7.347
528.11,5.734,-18.261,7.347
528.29,5.734,-18.259,7.353
528.47,5.734,-18.255,7.355
528.66,5.735,-18.255,7.36
528.84,5.738,-18.254,7.359
529.2,5.737,-18.251,7.362
529.2,5.738,-18.25,7.37
529.39,5.739,-18.248,7.374
529.57,5.737,-18.246,7.378
529.75,5.736,-18.243,7.378
530.66,5.734,-18.243,7.389
530.84,5.731,-18.24,7.396
531.3,5.731,-18.239,7.401
531.21,5.732,-18.238,7.405
531.39,5.734,-18.239,7.407
531.57,5.735,-18.238,7.409
531.76,5.734,-18.237,7.407
531.94,5.735,-18.237,7.412
532.12,5.736,-18.235,7.415
532.3,5.737,-18.234,7.414
532.49,5.735,-18.232,7.42
532.67,5.736,-18.233,7.422
532.85,5.737,-18.234,7.427
533.3,5.737,-18.234,7.432
533.21,5.738,-18.23,7.435
533.4,5.737,-18.227,7.433
533.58,5.738,-18.224,7.435
533.76,5.738,-18.224,7.441
533.94,5.739,-18.222,7.444
534.13,5.738,-18.222,7.448
534.31,5.738,-18.226,7.456
534.49,5.74,-18.225,7.461
534.67,5.74,-18.225,7.464
534.85,5.743,-18.225,7.465
535.4,5.743,-18.222,7.47
535.22,5.746,-18.219,7.475
535.4,5.747,-18.217,7.474
535.58,5.75,-18.215,7.478
535.77,5.751,-18.215,7.483
535.95,5.751,-18.213,7.49
536.13,5.752,-18.21,7.495
536.31,5.734,-18.259,7.486
536.5,5.752,-18.233,7.519
536.68,5.747,-18.213,7.51
539.23,0.719,-0.413,7.708
539.41,0.726,-0.407,7.696
539.59,0.727,-0.406,7.708
539.78,0.73,-0.407,7.709
539.96,0.727,-0.407,7.712
540.14,0.73,-0.406,7.714
540.32,0.725,-0.405,7.711
540.51,0.731,-0.395,7.717
540.69,0.724,-0.398,7.722
540.87,0.727,-0.391,7.724
541.5,0.725,-0.393,7.735
541.23,0.732,-0.391,7.733
541.42,0.73,-0.393,7.74
541.6,0.734,-0.392,7.749
541.78,0.734,-0.392,7.755
541.96,0.737,-0.393,7.758
542.15,0.736,-0.393,7.759
542.33,0.736,-0.395,7.762
542.51,0.737,-0.393,7.764
542.69,0.737,-0.394,7.771
542.87,0.741,-0.392,7.777
543.6,0.741,-0.39,7.779
543.24,0.741,-0.389,7.781
543.42,0.74,-0.386,7.783
543.6,0.737,-0.385,7.783
543.79,0.736,-0.382,7.786
543.97,0.736,-0.378,7.79
546.52,0.752,-0.358,7.846
546.7,0.75,-0.36,7.848
546.88,0.751,-0.358,7.856
547.7,0.753,-0.36,7.86
547.25,0.753,-0.363,7.866
547.43,0.754,-0.362,7.87
547.61,0.759,-0.362,7.872
547.79,0.756,-0.36,7.877
547.98,0.759,-0.36,7.878
548.16,0.758,-0.359,7.882
548.34,0.759,-0.36,7.885
548.52,0.757,-0.36,7.891
548.71,0.759,-0.361,7.894
548.89,0.758,-0.355,7.898
549.7,0.757,-0.359,7.904
549.25,0.758,-0.354,7.905
549.44,0.76,-0.353,7.909
549.62,0.759,-0.354,7.912
549.8,0.756,-0.348,7.918
549.98,0.757,-0.348,7.919
550.16,0.757,-0.35,7.925
550.35,0.757,-0.348,7.928
550.53,0.757,-0.347,7.934
550.71,0.755,-0.342,7.933
550.89,0.754,-0.34,7.938
551.8,0.755,-0.34,7.946
551.26,0.756,-0.337,7.943
551.44,0.755,-0.337,7.948
551.62,0.756,-0.337,7.948
551.8,0.754,-0.34,7.952
551.99,0.754,-0.339,7.956
552.17,0.755,-0.335,7.961
552.35,0.753,-0.334,7.962
552.53,0.752,-0.331,7.966
552.72,0.751,-0.332,7.966
553.99,0.736,-0.324,7.993
554.17,0.734,-0.324,7.996
554.36,0.731,-0.325,8.003
554.54,0.731,-0.324,8.005
554.72,0.729,-0.32,8.008
554.9,0.728,-0.32,8.013
555.8,0.729,-0.317,8.017
555.27,0.726,-0.317,8.025
555.45,0.726,-0.315,8.028
555.63,0.728,-0.313,8.028
555.81,0.729,-0.315,8.034
556.0,0.732,-0.312,8.037
556.18,0.753,-0.285,8.143
562.38,0.754,-0.283,8.148
562.56,0.755,-0.285,8.15
562.74,0.757,-0.287,8.154
562.92,0.758,-0.287,8.157
563.1,0.757,-0.287,8.162
563.29,0.755,-0.288,8.166
563.47,0.754,-0.287,8.169
563.65,0.756,-0.288,8.174
563.83,0.757,-0.288,8.179
564.2,0.756,-0.289,8.184
564.2,0.756,-0.29,8.188
564.38,0.757,-0.288,8.194
564.56,0.755,-0.287,8.195
564.74,0.751,-0.284,8.199
564.93,0.751,-0.284,8.202
565.11,0.749,-0.285,8.209
565.29,0.748,-0.285,8.213
565.47,0.751,-0.283,8.217
565.66,0.755,-0.279,8.221
565.84,0.752,-0.275,8.223
566.2,0.755,-0.276,8.221
566.2,0.753,-0.274,8.221
566.39,0.751,-0.275,8.224
566.57,0.751,-0.273,8.225
566.75,0.749,-0.271,8.23
566.93,0.749,-0.268,8.236
567.11,0.749,-0.267,8.237
567.3,0.749,-0.268,8.238
567.48,0.753,-0.269,8.242
567.66,0.753,-0.267,8.248
567.84,0.752,-0.265,8.256
568.3,0.752,-0.265,8.265
568.21,0.753,-0.263,8.27
568.39,0.756,-0.261,8.274
568.57,0.756,-0.262,8.281
568.76,0.754,-0.261,8.286
568.94,0.756,-0.259,8.29
569.12,0.756,-0.257,8.29
569.3,0.755,-0.257,8.296
569.48,-0.0,-0.0,0.0
569.67,-0.0,0.0,0.002
569.85,-0.001,0.003,0.008
570.3,-0.001,0.002,0.01
570.21,-0.003,0.001,0.014
570.4,-0.004,0.001,0.018
570.58,-0.002,0.001,0.024
570.76,-0.002,-0.0,0.031
570.94,-0.001,-0.0,0.032
571.12,-0.002,0.001,0.036
571.31,-0.004,0.003,0.04
571.49,-0.006,0.004,0.041
571.67,-0.007,0.005,0.046
571.85,-0.008,0.004,0.049
578.96,0.0,0.013,0.179
579.15,0.001,0.012,0.179
579.33,0.003,0.015,0.186
579.51,0.003,0.014,0.189
579.69,0.004,0.018,0.194
579.88,0.004,0.018,0.199
580.6,0.003,0.022,0.201
580.24,0.002,0.023,0.204
580.42,0.004,0.02,0.206
580.6,0.002,0.018,0.212
580.79,0.0,0.019,0.218
580.97,-0.0,0.02,0.22
581.15,0.0,0.018,0.225
581.33,-0.0,0.018,0.229
581.52,-0.001,0.019,0.228
581.7,-0.001,0.017,0.231
581.88,0.0,0.02,0.237
582.6,0.004,0.023,0.243
582.24,0.004,0.021,0.246
582.43,0.003,0.022,0.248
582.61,0.003,0.023,0.247
582.79,0.005,0.024,0.253
582.97,0.008,0.024,0.258
583.16,0.01,0.024,0.262
583.34,0.008,0.024,0.267
583.52,0.008,0.027,0.271
583.7,0.01,0.027,0.272
583.89,0.014,0.028,0.278
584.7,0.013,0.03,0.285
584.25,0.013,0.033,0.29
584.43,0.013,0.033,0.295
584.61,0.013,0.033,0.296
584.8,0.012,0.035,0.297
584.98,0.01,0.032,0.302
585.16,0.009,0.035,0.306
585.34,0.012,0.035,0.305
585.53,0.013,0.039,0.307
585.71,0.013,0.039,0.31
585.89,0.018,0.042,0.312
586.7,0.017,0.043,0.319
586.26,0.02,0.044,0.32
586.44,0.023,0.046,0.322
586.62,0.025,0.05,0.324
586.8,0.023,0.052,0.328
586.98,0.024,0.051,0.333
587.17,0.026,0.052,0.336
587.35,0.027,0.054,0.338
587.53,0.028,0.052,0.34
587.71,0.03,0.052,0.345
587.9,0.028,0.052,0.348
588.8,0.023,0.056,0.347
588.26,0.024,0.056,0.345
588.44,0.024,0.056,0.351
588.62,0.023,0.059,0.354
588.81,0.024,0.059,0.357
588.99,0.024,0.064,0.358
589.17,0.025,0.065,0.359
589.35,0.026,0.066,0.362
589.54,0.028,0.065,0.366
589.72,0.028,0.065,0.371
597.19,0.023,0.097,0.519
597.37,0.023,0.098,0.524
597.56,0.022,0.098,0.525
597.74,0.025,0.1,0.532
597.92,0.023,0.096,0.538
598.1,0.021,0.097,0.542
598.29,0.022,0.097,0.544
598.47,0.024,0.097,0.55
598.65,0.025,0.1,0.554
598.83,0.025,0.097,0.557
599.1,0.028,0.097,0.564
599.2,0.027,0.095,0.568
599.38,0.026,0.097,0.571
599.56,0.026,0.101,0.576
599.74,0.024,0.104,0.582
599.93,0.025,0.108,0.588
600.11,0.022,0.108,0.591
600.29,0.025,0.112,0.595
600.47,0.025,0.112,0.603
600.66,0.026,0.112,0.605
600.84,0.027,0.114,0.61
601.2,0.027,0.117,0.611
601.2,0.025,0.119,0.613
601.38,0.023,0.117,0.62
601.57,0.022,0.12,0.621
601.75,0.024,0.122,0.629
601.93,0.022,0.122,0.632
602.11,0.026,0.125,0.635
602.3,0.026,0.123,0.636
602.48,0.03,0.128,0.641
602.66,0.028,0.125,0.644
602.84,0.028,0.128,0.645
603.3,0.026,0.128,0.647
603.21,0.026,0.129,0.65
603.39,0.027,0.129,0.653
603.57,0.026,0.132,0.66
603.75,0.026,0.133,0.666
603.94,0.026,0.135,0.669
604.12,0.026,0.138,0.672
604.3,0.029,0.138,0.674
604.48,0.03,0.141,0.673
604.67,0.027,0.143,0.676
604.85,0.029,0.143,0.68
605.3,0.026,0.142,0.68
605.21,0.024,0.141,0.68
605.39,0.023,0.142,0.682
605.58,0.022,0.144,0.684
605.76,0.022,0.144,0.688
605.94,0.019,0.145,0.693
606.12,0.02,0.145,0.698
606.31,0.02,0.147,0.7
606.49,0.021,0.15,0.703
606.67,0.022,0.15,0.705
606.85,0.023,0.153,0.709
607.4,0.023,0.155,0.711
607.22,0.023,0.159,0.714
607.4,0.025,0.161,0.714
607.58,0.027,0.158,0.716
607.76,0.023,0.161,0.717
607.95,0.025,0.162,0.72
608.13,0.022,0.164,0.724
608.31,0.023,0.166,0.727
608.49,0.022,0.166,0.73
608.68,0.023,0.165,0.734
608.86,0.026,0.166,0.736
609.4,0.026,0.167,0.74
609.22,0.027,0.168,0.742
609.41,0.029,0.168,0.748
609.59,0.029,0.169,0.751
609.77,0.027,0.171,0.753
609.95,0.028,0.171,0.758
610.13,0.027,0.169,0.759
610.32,0.028,0.171,0.761
610.5,0.029,0.171,0.764
610.68,0.028,0.173,0.768
610.86,0.028,0.171,0.767
611.5,0.026,0.171,0.77
611.23,0.028,0.175,0.774
611.41,0.029,0.175,0.779
611.59,0.029,0.178,0.786
611.78,0.028,0.178,0.79
611.96,0.03,0.181,0.793
612.14,0.03,0.179,0.798
612.32,0.031,0.181,0.802
612.5,0.033,0.183,0.807
612.69,0.029,0.184,0.809
612.87,0.03,0.186,0.814
613.5,0.03,0.187,0.817
613.23,0.031,0.186,0.821
613.42,0.035,0.184,0.827
613.6,0.037,0.183,0.832
613.78,0.038,0.185,0.834
613.96,0.043,0.188,0.842
614.15,0.042,0.191,0.844
614.33,0.043,0.19,0.848
614.51,0.04,0.19,0.85
614.69,0.037,0.193,0.854
614.87,0.036,0.194,0.857
615.6,0.037,0.193,0.862
615.24,0.037,0.192,0.865
615.42,0.04,0.192,0.869
615.6,0.035,0.187,0.871
615.79,0.037,0.189,0.878
615.97,0.038,0.191,0.883
616.15,0.044,0.19,0.886
616.33,0.047,0.189,0.889
616.52,0.051,0.193,0.892
617.79,0.056,0.201,0.912
617.97,0.057,0.202,0.915
618.16,0.058,0.201,0.918
618.34,0.055,0.202,0.922
618.52,0.055,0.203,0.93
618.7,0.055,0.203,0.936
618.89,0.057,0.207,0.941
619.7,0.056,0.209,0.942
619.25,0.057,0.211,0.947
619.43,0.056,0.211,0.952
619.61,0.052,0.212,0.958
619.8,0.051,0.211,0.961
619.98,0.054,0.213,0.965
620.16,0.053,0.213,0.965
620.34,0.051,0.215,0.968
620.53,0.05,0.217,0.969
620.71,0.047,0.219,0.975
620.89,0.048,0.222,0.977
621.7,0.046,0.227,0.982
621.25,0.045,0.228,0.985
621.44,0.047,0.226,0.988
621.62,0.047,0.225,0.99
621.8,0.049,0.228,0.995
621.98,0.05,0.227,0.997
622.17,0.052,0.226,1.0
622.35,0.051,0.225,1.006
622.53,0.048,0.223,1.012
622.71,0.05,0.224,1.014
622.9,0.052,0.223,1.019
623.8,0.051,0.225,1.019
623.26,0.051,0.226,1.027
623.44,0.05,0.226,1.033
623.63,0.049,0.227,1.036
623.81,0.05,0.229,1.042
623.99,0.048,0.233,1.042
624.17,0.047,0.233,1.046
624.35,0.044,0.232,1.049
624.54,0.041,0.231,1.05
624.72,0.045,0.229,1.051
624.9,0.046,0.229,1.055
625.8,0.045,0.229,1.056
625.27,0.049,0.234,1.063
625.45,0.05,0.232,1.064
625.63,0.052,0.235,1.067
625.81,0.053,0.234,1.072
625.99,0.057,0.234,1.076
626.18,0.058,0.235,1.077
626.36,0.057,0.236,1.079
626.54,0.057,0.236,1.083
626.72,0.056,0.24,1.085
626.91,0.057,0.241,1.086
627.9,0.058,0.243,1.089
627.27,0.058,0.243,1.091
627.45,0.058,0.244,1.096
627.64,0.059,0.242,1.098
627.82,0.059,0.242,1.099
628.0,0.061,0.245,1.102
628.18,0.062,0.247,1.106
628.55,0.065,0.248,1.11
628.73,0.066,0.249,1.111
628.91,0.065,0.247,1.113
629.9,0.063,0.246,1.116
629.28,0.064,0.247,1.117
629.46,0.064,0.246,1.121
629.64,0.065,0.247,1.122
629.82,0.065,0.248,1.127
630.1,0.066,0.248,1.131
630.19,0.066,0.249,1.133
630.37,0.07,0.249,1.137
630.55,0.065,0.248,1.139
630.73,0.065,0.248,1.141
630.92,0.067,0.249,1.145
631.1,0.07,0.25,1.15
631.28,0.071,0.252,1.153
631.46,0.071,0.253,1.157
631.65,0.069,0.253,1.162
631.83,0.074,0.251,1.164
632.1,0.077,0.251,1.173
632.19,0.076,0.249,1.177
632.38,0.075,0.249,1.179
632.56,0.073,0.251,1.185
632.74,0.071,0.25,1.186
632.92,0.072,0.252,1.189
633.1,0.073,0.253,1.192
633.29,0.073,0.253,1.195
633.47,0.078,0.255,1.197
633.65,0.081,0.258,1.2
633.83,0.081,0.257,1.205
634.2,0.084,0.257,1.209
634.2,0.083,0.26,1.215
634.38,0.083,0.261,1.22
634.56,0.081,0.26,1.225
634.75,0.082,0.261,1.23
634.93,0.084,0.262,1.232
635.11,0.085,0.261,1.235
635.29,0.088,0.258,1.243
635.47,0.088,0.257,1.25
635.66,0.088,0.26,1.251
635.84,0.085,0.261,1.255
636.2,0.085,0.265,1.257
636.2,0.087,0.264,1.259
636.39,0.088,0.262,1.266
636.57,0.09,0.263,1.269
636.75,0.088,0.264,1.271
636.93,0.087,0.267,1.277
637.11,0.089,0.268,1.28
637.3,0.088,0.266,1.284
637.48,0.083,0.267,1.287
637.66,0.085,0.269,1.29
637.84,0.086,0.274,1.293
638.3,0.086,0.276,1.296
638.21,0.085,0.275,1.303
638.39,0.086,0.274,1.308
638.57,0.088,0.273,1.311
638.76,0.09,0.272,1.315
638.94,0.09,0.275,1.317
639.12,0.089,0.275,1.32
639.3,0.088,0.275,1.322
639.48,0.086,0.279,1.327
639.67,0.087,0.277,1.329
639.85,0.084,0.277,1.33
640.3,0.085,0.277,1.337
640.21,0.088,0.28,1.341
640.4,0.087,0.281,1.344
640.58,0.088,0.281,1.35
640.76,0.088,0.28,1.353
640.94,0.087,0.281,1.356
641.12,0.088,0.281,1.358
641.31,0.091,0.279,1.359
641.49,0.09,0.28,1.364
641.67,0.088,0.284,1.368
641.85,0.087,0.286,1.367
642.4,0.086,0.288,1.369
642.22,0.085,0.29,1.372
642.4,0.086,0.293,1.374
642.58,0.087,0.293,1.375
642.77,0.085,0.295,1.376
642.95,0.087,0.297,1.378
643.13,0.087,0.298,1.381
643.31,0.089,0.3,1.387
643.49,0.087,0.298,1.393
643.68,0.088,0.3,1.399
643.86,0.09,0.296,1.405
644.4,0.095,0.295,1.411
644.22,0.098,0.294,1.411
644.41,0.097,0.296,1.412
645.68,0.1,0.305,1.432
645.86,0.1,0.308,1.436
646.5,0.101,0.311,1.443
646.23,0.101,0.314,1.447
646.41,0.1,0.313,1.451
646.59,0.101,0.312,1.456
646.78,0.101,0.313,1.458
646.96,0.102,0.313,1.463
647.14,0.101,0.316,1.465
647.32,0.1,0.317,1.468
647.5,0.099,0.316,1.473
647.69,0.099,0.316,1.475
647.87,0.099,0.318,1.478
648.5,0.099,0.319,1.483
648.23,0.099,0.318,1.487
648.42,0.098,0.32,1.49
648.6,0.095,0.325,1.497
648.78,0.096,0.325,1.499
648.96,0.094,0.329,1.499
649.15,0.093,0.329,1.504
649.33,0.094,0.33,1.511
649.51,0.091,0.331,1.516
649.69,0.091,0.333,1.517
649.87,0.091,0.334,1.522
650.6,0.09,0.331,1.525
650.24,0.087,0.329,1.529
650.42,0.084,0.329,1.53
650.6,0.083,0.328,1.534
650.79,0.085,0.326,1.535
650.97,0.085,0.325,1.539
651.33,0.09,0.325,1.544
651.51,0.094,0.327,1.548
651.7,0.092,0.328,1.552
651.88,0.092,0.33,1.558
652.6,0.092,0.33,1.56
652.24,0.094,0.329,1.56
652.43,0.095,0.33,1.562
652.61,0.097,0.332,1.567
652.79,0.098,0.332,1.572
652.97,0.098,0.335,1.575
653.16,0.098,0.337,1.578
653.34,0.099,0.34,1.578
653.52,0.099,0.342,1.581
653.7,0.098,0.344,1.588
653.88,0.097,0.346,1.592
654.7,0.097,0.347,1.594
654.25,0.098,0.347,1.599
654.43,0.099,0.347,1.605
654.61,0.099,0.346,1.609
654.8,0.1,0.351,1.612
654.98,0.098,0.355,1.616
655.16,0.098,0.352,1.62
655.34,0.097,0.356,1.622
655.53,0.098,0.36,1.63
655.71,0.098,0.364,1.631
656.98,0.096,0.372,1.652
657.17,0.096,0.374,1.657
657.35,0.094,0.378,1.66
657.53,0.094,0.38,1.662
657.71,0.094,0.383,1.668
657.9,0.093,0.38,1.669
658.8,0.097,0.382,1.672
658.26,0.098,0.385,1.673
658.44,0.097,0.389,1.675
658.62,0.095,0.389,1.674
658.81,0.097,0.388,1.677
658.99,0.1,0.388,1.68
659.17,0.103,0.389,1.68
659.35,0.105,0.389,1.68
659.54,0.108,0.393,1.682
659.72,0.104,0.392,1.686
659.9,0.101,0.394,1.689
660.8,0.102,0.396,1.691
660.26,0.105,0.396,1.694
660.45,0.106,0.395,1.7
660.63,0.108,0.397,1.705
660.81,0.11,0.4,1.709
660.99,0.112,0.403,1.714
661.18,0.111,0.406,1.716
661.36,0.113,0.407,1.721
661.54,0.114,0.411,1.726
661.72,0.115,0.413,1.731
661.91,0.116,0.414,1.735
662.9,0.118,0.418,1.736
662.27,0.118,0.42,1.739
662.45,0.117,0.421,1.74
662.63,0.118,0.42,1.74
662.82,0.116,0.423,1.741
663.0,0.116,0.422,1.742
663.18,0.115,0.422,1.743
663.36,0.118,0.427,1.746
663.55,0.117,0.428,1.746
663.73,0.115,0.428,1.752
663.91,0.118,0.428,1.756
664.9,0.121,0.428,1.755
664.27,0.119,0.427,1.757
664.46,0.118,0.427,1.76
664.64,0.12,0.43,1.766
664.82,0.12,0.431,1.77
665.0,0.118,0.433,1.774
665.19,0.117,0.435,1.777
665.37,0.117,0.437,1.781
665.55,0.119,0.438,1.785
665.73,0.121,0.436,1.788
665.92,0.124,0.435,1.792
666.1,0.122,0.44,1.795
666.28,0.124,0.442,1.798
666.46,0.126,0.447,1.796
666.64,0.126,0.447,1.798
666.83,0.126,0.448,1.802
667.1,0.125,0.448,1.805
667.19,0.127,0.45,1.814
667.37,0.126,0.452,1.82
667.56,0.126,0.453,1.823
667.74,0.124,0.455,1.827
667.92,0.122,0.454,1.835
668.1,0.12,0.456,1.841
668.29,0.121,0.46,1.845
668.47,0.121,0.457,1.85
668.65,0.121,0.455,1.851
668.83,0.122,0.458,1.848
669.1,0.121,0.461,1.849
669.2,0.122,0.462,1.85
669.38,0.121,0.462,1.853
669.56,0.123,0.462,1.86
669.74,0.124,0.461,1.863
669.93,0.124,0.462,1.865
670.11,0.125,0.463,1.869
670.29,0.125,0.463,1.875
670.47,0.125,0.464,1.874
670.65,0.127,0.464,1.879
670.84,0.127,0.464,1.877
671.2,0.126,0.469,1.883
671.2,0.126,0.466,1.885
671.38,0.124,0.467,1.892
671.57,0.124,0.469,1.891
671.75,0.123,0.468,1.899
671.93,0.124,0.469,1.898
672.11,0.121,0.471,1.903
672.3,0.121,0.471,1.907
672.48,0.124,0.471,1.912
672.66,0.123,0.472,1.916
672.84,0.124,0.473,1.919
673.2,0.123,0.471,1.923
673.21,0.122,0.471,1.93
673.39,0.12,0.471,1.935
673.57,0.121,0.473,1.94
673.75,0.12,0.477,1.947
673.94,0.121,0.477,1.947
674.12,0.124,0.478,1.95
674.3,0.122,0.477,1.952
674.48,0.122,0.48,1.956
674.67,0.122,0.482,1.957
674.85,0.124,0.485,1.96
675.3,0.123,0.486,1.964
675.21,0.123,0.487,1.972
675.39,0.125,0.492,1.976
675.58,0.121,0.493,1.977
675.76,0.122,0.496,1.981
675.94,0.121,0.495,1.984
676.12,0.12,0.495,1.988
676.31,0.123,0.494,1.991
676.49,0.121,0.498,1.997
676.67,0.118,0.496,2.001
676.85,0.12,0.5,2.005
677.4,0.12,0.497,2.009
677.22,0.119,0.498,2.013
677.4,0.123,0.495,2.019
677.58,0.122,0.496,2.022
677.76,0.123,0.494,2.025
677.95,0.122,0.493,2.029
678.13,0.127,0.496,2.031
678.31,0.127,0.5,2.033
678.49,0.127,0.502,2.034
678.68,0.122,0.5,2.034
678.86,0.121,0.501,2.037
679.4,0.117,0.5,2.038
679.22,0.119,0.502,2.044
679.41,0.114,0.504,2.049
679.59,0.116,0.503,2.05
679.77,0.114,0.501,2.054
679.95,0.115,0.504,2.057
680.13,0.116,0.504,2.06
680.32,0.119,0.505,2.058
680.5,0.118,0.507,2.061
680.68,0.12,0.509,2.062
680.86,0.121,0.51,2.067
682.14,0.123,0.512,2.089
682.32,0.125,0.515,2.09
682.5,0.125,0.519,2.093
682.69,0.125,0.517,2.099
682.87,0.126,0.518,2.107
683.5,0.125,0.521,2.109
683.23,0.124,0.521,2.115
683.41,0.125,0.522,2.122
683.6,0.125,0.523,2.126
683.78,0.124,0.526,2.127
683.96,0.123,0.528,2.133
684.14,0.124,0.531,2.135
684.33,0.125,0.534,2.139
684.51,0.123,0.536,2.144
684.69,0.121,0.539,2.151
684.87,0.121,0.541,2.152
686.33,0.123,0.549,2.191
686.51,0.124,0.549,2.193
686.7,0.119,0.548,2.2
686.88,0.121,0.548,2.203
687.6,0.119,0.55,2.204
687.24,0.12,0.553,2.205
687.42,0.117,0.557,2.206
687.61,0.117,0.555,2.212
687.79,0.116,0.556,2.211
687.97,0.112,0.557,2.215
688.15,0.115,0.558,2.221
695.44,0.117,0.589,2.355
695.63,0.121,0.591,2.35
695.81,0.12,0.59,2.357
695.99,0.117,0.588,2.353
696.17,0.116,0.59,2.354
696.36,0.12,0.588,2.364
696.54,0.125,0.592,2.368
696.72,0.124,0.594,2.384
696.9,0.126,0.597,2.382
697.9,0.123,0.599,2.397
697.27,0.124,0.599,2.397
697.45,0.124,0.6,2.4
697.63,0.127,0.598,2.398
697.81,0.123,0.598,2.402
698.0,0.129,0.601,2.413
698.18,0.125,0.599,2.423
698.36,0.115,0.6,2.412
698.54,0.111,0.6,2.415
698.73,0.112,0.597,2.417
698.91,0.112,0.599,2.422
699.9,0.114,0.6,2.425
701.1,0.121,0.603,2.468
701.28,0.113,0.605,2.462
701.46,0.114,0.608,2.457
701.64,0.107,0.604,2.475
701.82,0.118,0.606,2.479
702.1,0.11,0.604,2.48
702.19,0.115,0.605,2.485
702.37,0.111,0.61,2.491
702.55,0.112,0.61,2.495
702.74,0.111,0.608,2.499
702.92,0.11,0.611,2.502
703.1,0.109,0.612,2.505
703.28,0.107,0.613,2.504
703.47,0.107,0.613,2.508
703.65,0.108,0.614,2.507
704.1,0.11,0.615,2.51
704.19,0.111,0.614,2.514
704.38,0.104,0.614,2.507
704.56,0.105,0.613,2.513
704.74,0.112,0.615,2.516
704.92,0.113,0.618,2.528
705.11,0.113,0.612,2.537
705.29,0.113,0.615,2.536
705.47,0.111,0.616,2.545
705.65,0.116,0.617,2.544
705.84,0.117,0.619,2.55
706.2,0.12,0.619,2.555
706.2,0.116,0.622,2.561
706.38,0.119,0.623,2.562
706.56,0.117,0.624,2.565
706.75,0.116,0.621,2.568
706.93,0.113,0.624,2.571
707.11,0.111,0.623,2.573
707.29,0.112,0.62,2.576
707.48,0.111,0.623,2.579
707.66,0.109,0.624,2.576
707.84,0.11,0.626,2.578
708.2,0.111,0.625,2.583
708.21,0.112,0.626,2.588
708.39,0.112,0.629,2.595
708.57,0.114,0.629,2.595
708.75,0.115,0.628,2.602
708.93,0.113,0.629,2.603
709.12,0.11,0.632,2.608
709.3,0.111,0.633,2.611
709.48,0.112,0.631,2.613
709.66,0.112,0.633,2.618
709.85,0.11,0.633,2.617
710.3,0.112,0.633,2.624
710.21,0.113,0.635,2.625
710.39,0.115,0.638,2.628
710.58,0.114,0.639,2.635
710.76,0.116,0.64,2.633
710.94,0.112,0.642,2.639
713.86,0.122,0.651,2.685
714.4,0.119,0.65,2.688
714.22,0.12,0.649,2.692
714.4,0.119,0.652,2.697
714.59,0.118,0.651,2.698
714.77,0.12,0.65,2.702
714.95,0.123,0.651,2.703
715.13,0.122,0.653,2.71
715.31,0.124,0.653,2.712
715.5,0.122,0.658,2.711
715.68,0.125,0.653,2.717
715.86,0.127,0.656,2.72
716.4,0.126,0.657,2.724
716.23,0.125,0.66,2.731
716.41,0.124,0.658,2.735
716.59,0.123,0.659,2.739
716.77,0.126,0.658,2.747
716.95,0.128,0.657,2.75
717.14,0.128,0.656,2.753
717.32,0.129,0.658,2.757
717.5,0.128,0.661,2.762
717.68,0.128,0.66,2.766
717.87,0.128,0.657,2.772
718.5,0.127,0.659,2.773
718.23,0.124,0.662,2.776
718.41,0.126,0.66,2.776
722.42,0.137,0.664,2.851
722.61,0.137,0.667,2.858
722.79,0.136,0.669,2.863
722.97,0.136,0.672,2.864
723.15,0.137,0.672,2.866
723.33,0.14,0.674,2.87
723.52,0.142,0.673,2.875
723.7,0.141,0.675,2.879
723.88,0.139,0.678,2.88
724.6,0.139,0.679,2.886
724.25,0.138,0.679,2.894
724.43,0.138,0.68,2.892
724.61,0.139,0.681,2.897
724.79,0.138,0.683,2.9
724.98,0.133,0.679,2.885
725.16,0.123,0.683,2.887
725.34,0.129,0.677,2.888
725.52,0.127,0.682,2.886
725.7,0.129,0.681,2.893
725.89,0.126,0.682,2.899
726.7,0.129,0.682,2.9
726.25,0.128,0.68,2.912
726.43,0.13,0.68,2.912
726.62,0.128,0.683,2.918
726.8,0.128,0.679,2.915
726.98,0.128,0.679,2.916
727.16,0.125,0.682,2.922
727.34,0.126,0.682,2.923
727.53,0.125,0.682,2.93
727.71,0.126,0.679,2.93
727.89,0.123,0.681,2.936
728.7,0.124,0.68,2.939
728.26,0.124,0.679,2.941
728.44,0.122,0.679,2.946
728.62,0.121,0.678,2.949
728.8,0.122,0.678,2.95
728.98,0.123,0.681,2.952
729.17,0.122,0.684,2.952
729.35,0.121,0.682,2.956
729.53,0.124,0.682,2.959
729.71,0.122,0.681,2.961
729.9,0.122,0.682,2.966
730.8,0.117,0.683,2.972
730.26,0.117,0.684,2.981
730.44,0.117,0.685,2.982
730.63,0.117,0.685,2.984
730.81,0.117,0.686,2.985
730.99,0.121,0.685,2.992
731.17,0.123,0.684,2.995
731.35,0.121,0.686,2.997
731.54,0.119,0.686,2.998
731.72,0.115,0.684,3.004
731.9,0.115,0.687,3.004
732.8,0.114,0.69,3.008
732.27,0.115,0.689,3.012
736.9,0.104,0.706,3.057
736.28,0.101,0.707,3.058
736.46,0.099,0.71,3.06
736.64,0.098,0.71,3.062
736.82,0.097,0.708,3.065
737.0,0.098,0.707,3.068
737.19,0.095,0.706,3.07
737.37,0.094,0.708,3.074
737.55,0.095,0.707,3.079
737.73,0.096,0.707,3.085
737.92,0.1,0.709,3.085
738.1,0.099,0.703,3.097
738.28,0.101,0.706,3.103
738.46,0.098,0.707,3.106
738.65,0.097,0.707,3.105
738.83,0.095,0.708,3.106
739.1,0.093,0.711,3.109
739.19,0.093,0.711,3.109
739.37,0.091,0.713,3.113
739.56,0.09,0.711,3.117
739.74,0.091,0.714,3.117
739.92,0.09,0.717,3.117
740.1,0.085,0.717,3.122
740.29,0.085,0.719,3.126
740.47,0.085,0.722,3.131
740.65,0.087,0.724,3.135
740.83,0.088,0.724,3.14
741.1,0.09,0.723,3.145
741.2,0.093,0.722,3.147
741.38,0.094,0.723,3.15
741.56,0.096,0.723,3.151
741.74,0.097,0.723,3.155
741.93,0.097,0.725,3.16
742.11,0.097,0.725,3.163
742.29,0.096,0.727,3.166
742.47,0.096,0.73,3.169
742.66,0.093,0.727,3.167
742.84,0.091,0.732,3.164
743.2,0.095,0.727,3.175
743.2,0.093,0.732,3.169
743.38,0.098,0.729,3.18
743.57,0.096,0.735,3.178
743.75,0.099,0.735,3.185
743.93,0.101,0.738,3.183
744.11,0.099,0.743,3.189
744.3,0.1,0.744,3.191
744.48,0.101,0.745,3.196
744.66,0.099,0.743,3.198
744.84,0.097,0.745,3.2
745.3,0.099,0.742,3.207
745.21,0.099,0.742,3.211
745.39,0.096,0.744,3.215
745.57,0.096,0.745,3.217
745.75,0.095,0.746,3.221
745.94,0.094,0.747,3.221
746.12,0.095,0.747,3.223
746.3,0.097,0.746,3.224
746.48,0.097,0.746,3.225
746.67,0.097,0.747,3.227
746.85,0.097,0.746,3.229
747.3,0.096,0.75,3.231
747.21,0.095,0.75,3.235
747.4,0.096,0.75,3.237
747.58,0.1,0.749,3.24
747.76,0.1,0.747,3.241
747.94,0.1,0.745,3.245
748.12,0.101,0.748,3.247
748.31,0.1,0.747,3.25
748.49,0.101,0.746,3.25
748.67,0.1,0.746,3.256
748.85,0.101,0.748,3.261
749.4,0.1,0.749,3.268
749.22,0.101,0.751,3.269
749.4,0.099,0.757,3.273
749.58,0.1,0.756,3.273
749.77,0.098,0.755,3.273
749.95,0.097,0.754,3.279
750.13,0.095,0.755,3.281
750.31,0.095,0.756,3.286
750.49,0.096,0.755,3.289
750.68,0.095,0.757,3.292
750.86,0.096,0.757,3.291
751.4,0.094,0.759,3.294
751.22,0.094,0.758,3.297
751.41,0.096,0.76,3.299
751.59,0.096,0.76,3.302
751.77,0.094,0.763,3.306
751.95,0.096,0.763,3.308
752.13,0.095,0.763,3.309
752.32,0.096,0.763,3.311
752.5,0.095,0.76,3.315
752.68,0.096,0.76,3.32
752.86,0.096,0.758,3.321
753.5,0.097,0.76,3.324
753.23,0.095,0.758,3.326
753.41,0.095,0.762,3.33
753.59,0.094,0.762,3.331
753.78,0.096,0.761,3.334
753.96,0.096,0.765,3.336
754.14,0.098,0.769,3.341
754.32,0.098,0.769,3.342
754.5,0.098,0.769,3.343
754.69,0.095,0.77,3.347
754.87,0.092,0.771,3.346
755.5,0.092,0.772,3.35
755.23,0.091,0.77,3.356
755.42,0.094,0.771,3.362
755.6,0.094,0.772,3.366
755.78,0.097,0.772,3.371
755.96,0.095,0.774,3.378
756.15,0.094,0.778,3.379
756.33,0.093,0.783,3.382
756.51,0.091,0.785,3.386
756.69,0.089,0.785,3.388
756.87,0.09,0.788,3.39
757.6,0.091,0.788,3.394
757.24,0.094,0.79,3.396
757.42,0.096,0.791,3.398
757.6,0.095,0.792,3.403
757.79,0.093,0.794,3.406
757.97,0.096,0.797,3.407
758.15,0.099,0.797,3.415
758.33,0.099,0.798,3.419
758.52,0.101,0.796,3.423
758.7,0.104,0.794,3.426
758.88,0.104,0.795,3.427
759.6,0.104,0.798,3.432
759.24,0.103,0.798,3.433
759.43,0.101,0.798,3.435
759.61,0.102,0.801,3.441
759.79,0.101,0.802,3.444
759.97,0.1,0.804,3.442
760.16,0.102,0.804,3.449
760.34,0.105,0.805,3.455
760.52,0.106,0.805,3.458
760.7,0.106,0.808,3.461
760.89,0.103,0.809,3.465
761.7,0.104,0.81,3.466
761.25,0.11,0.812,3.471
761.43,0.109,0.81,3.47
761.61,0.109,0.813,3.475
761.8,0.107,0.811,3.476
761.98,0.107,0.814,3.482
762.16,0.107,0.817,3.485
762.34,0.109,0.821,3.489
762.53,0.109,0.821,3.491
762.71,0.11,0.823,3.496
762.89,0.113,0.822,3.499
763.7,0.114,0.821,3.502
763.25,0.117,0.817,3.506
763.44,0.118,0.816,3.506
763.62,0.121,0.816,3.514
763.8,0.12,0.816,3.517
763.98,0.121,0.82,3.522
764.17,0.117,0.822,3.53
764.35,0.121,0.825,3.533
764.53,0.121,0.825,3.54
764.71,0.121,0.824,3.543
764.9,0.121,0.826,3.547
765.8,0.117,0.825,3.55
765.26,0.121,0.826,3.553
765.44,0.121,0.828,3.558
765.62,0.122,0.828,3.561
765.81,0.12,0.834,3.566
765.99,0.12,0.833,3.57
766.17,0.119,0.836,3.576
766.35,0.12,0.833,3.578
766.54,0.12,0.836,3.58
766.72,0.117,0.837,3.581
766.9,0.115,0.835,3.583
767.8,0.116,0.837,3.586
767.27,0.115,0.838,3.586
767.45,0.114,0.839,3.594
767.63,0.117,0.84,3.598
767.81,0.118,0.846,3.602
767.99,0.119,0.851,3.603
768.18,0.118,0.854,3.604
768.36,0.121,0.852,3.606
768.54,0.119,0.855,3.613
768.72,0.12,0.857,3.618
768.91,0.12,0.859,3.626
769.9,0.118,0.859,3.626
769.27,0.118,0.863,3.627
769.45,0.119,0.862,3.63
769.64,0.118,0.864,3.635
769.82,0.117,0.864,3.638
770.0,0.115,0.865,3.643
770.18,0.116,0.863,3.646
770.36,0.117,0.862,3.649
770.55,0.118,0.861,3.651
770.73,0.116,0.864,3.654
770.91,0.115,0.867,3.656
771.9,0.112,0.867,3.659
771.28,0.109,0.866,3.662
771.46,0.11,0.868,3.66
771.64,0.111,0.871,3.666
771.82,0.112,0.875,3.672
772.1,0.116,0.874,3.676
772.19,0.115,0.876,3.68
772.37,0.115,0.874,3.686
772.55,0.114,0.874,3.684
772.73,0.115,0.875,3.686
772.92,0.115,0.873,3.687
773.1,0.117,0.872,3.691
773.28,0.116,0.875,3.693
773.46,0.121,0.876,3.695
773.65,0.122,0.878,3.7
773.83,0.121,0.877,3.703
774.1,0.12,0.876,3.709
774.19,0.122,0.875,3.716
774.38,0.122,0.878,3.719
774.56,0.123,0.876,3.722
774.74,0.122,0.877,3.725
774.92,0.122,0.881,3.728
775.1,0.123,0.884,3.728
775.29,0.124,0.882,3.73
775.47,0.123,0.884,3.732
775.65,0.122,0.888,3.734
775.83,0.124,0.888,3.737
776.2,0.121,0.888,3.738
776.2,0.121,0.889,3.738
776.38,0.122,0.889,3.739
776.56,0.121,0.889,3.741
776.75,0.121,0.89,3.743
776.93,0.121,0.89,3.748
777.11,0.123,0.891,3.748
777.29,0.124,0.891,3.749
777.47,0.123,0.894,3.751
777.66,0.124,0.894,3.755
777.84,0.121,0.893,3.759
778.2,0.119,0.894,3.762
778.2,0.119,0.892,3.762
778.39,0.12,0.89,3.765
778.57,0.12,0.891,3.769
778.75,0.119,0.894,3.772
778.93,0.115,0.893,3.773
779.12,0.116,0.893,3.779
779.3,0.115,0.896,3.78
779.48,0.119,0.897,3.783
779.66,0.117,0.902,3.788
779.84,0.119,0.904,3.794
780.3,0.119,0.908,3.796
780.21,0.121,0.911,3.8
780.39,0.117,0.911,3.803
780.57,0.114,0.907,3.806
780.76,0.113,0.906,3.809
780.94,0.113,0.908,3.812
781.12,0.111,0.909,3.815
781.3,0.111,0.909,3.82
781.48,0.112,0.909,3.821
781.67,0.11,0.91,3.824
781.85,0.113,0.911,3.824
782.3,0.11,0.912,3.821
782.21,0.112,0.912,3.827
782.4,0.11,0.914,3.829
782.58,0.109,0.917,3.831
782.76,0.106,0.921,3.836
782.94,0.104,0.923,3.836
783.13,0.104,0.925,3.84
783.31,0.105,0.927,3.842
783.49,0.105,0.928,3.844
783.67,0.102,0.928,3.849
783.85,0.099,0.929,3.851
784.4,0.098,0.929,3.853
784.22,0.097,0.928,3.85
784.4,0.098,0.929,3.857
784.58,0.097,0.93,3.86
784.77,0.097,0.929,3.864
784.95,0.097,0.934,3.866
785.13,0.098,0.938,3.869
785.5,0.096,0.935,3.88
785.68,0.097,0.935,3.882
785.86,0.098,0.936,3.884
786.4,0.098,0.936,3.887
786.22,0.098,0.937,3.89
786.41,0.098,0.938,3.895
786.59,0.095,0.937,3.894
786.77,0.095,0.94,3.895
786.95,0.097,0.942,3.895
787.14,0.097,0.947,3.895
787.32,0.095,0.95,3.9
787.5,0.096,0.951,3.903
787.68,0.096,0.951,3.902
787.87,0.096,0.952,3.906
788.5,0.094,0.953,3.909
788.23,0.093,0.954,3.913
788.41,0.094,0.955,3.913
788.59,0.092,0.955,3.919
788.78,0.095,0.957,3.921
788.96,0.093,0.958,3.925
789.14,0.093,0.958,3.926
789.32,0.094,0.962,3.925
789.51,0.096,0.964,3.928
789.69,0.097,0.964,3.93
789.87,0.098,0.964,3.934
790.5,0.098,0.967,3.938
790.24,0.098,0.97,3.942
790.42,0.097,0.971,3.946
790.6,0.097,0.972,3.95
790.78,0.099,0.974,3.952
790.96,0.098,0.972,3.956
791.15,0.1,0.971,3.959
791.33,0.099,0.97,3.962
791.51,0.098,0.97,3.963
791.69,0.099,0.97,3.968
791.88,0.102,0.972,3.966
792.6,0.101,0.977,3.971
792.24,0.106,0.98,3.972
792.42,0.1,0.981,3.981
792.61,0.101,0.982,3.98
792.79,0.099,0.983,3.985
792.97,0.101,0.977,3.986
793.15,0.101,0.981,3.992
793.33,0.101,0.981,3.988
793.52,0.101,0.983,3.992
793.7,0.105,0.985,3.996
793.88,0.1,0.985,4.002
794.6,0.101,0.985,4.003
794.25,0.097,0.987,4.007
794.43,0.101,0.99,4.009
794.61,0.1,0.989,4.012
794.79,0.1,0.992,4.018
794.97,0.1,0.993,4.021
795.16,0.099,0.994,4.026
795.34,0.102,0.999,4.026
795.52,0.1,1.002,4.026
795.7,0.104,1.003,4.029
795.89,0.104,1.006,4.035
796.7,0.105,1.009,4.039
796.25,0.102,1.013,4.043
796.43,0.102,1.014,4.046
796.62,0.102,1.014,4.049
804.45,0.092,1.058,4.193
804.64,0.092,1.057,4.197
804.82,0.091,1.06,4.201
805.0,0.09,1.061,4.207
805.18,0.09,1.062,4.211
805.37,0.088,1.064,4.216
805.55,0.089,1.067,4.221
805.73,0.089,1.071,4.225
805.91,0.093,1.072,4.229
806.9,0.094,1.072,4.231
806.28,0.092,1.072,4.234
806.46,0.09,1.071,4.238
806.64,0.091,1.074,4.243
806.82,0.093,1.075,4.243
807.1,0.093,1.079,4.246
807.19,0.093,1.082,4.251
807.37,0.089,1.083,4.256
807.55,0.088,1.083,4.26
807.73,0.087,1.082,4.261
807.92,0.088,1.082,4.264
808.1,0.089,1.084,4.266
808.28,0.089,1.086,4.269
808.46,0.091,1.086,4.271
808.65,0.093,1.086,4.276
808.83,0.092,1.087,4.278
809.1,0.091,1.085,4.285
809.19,0.089,1.087,4.29
809.38,0.086,1.09,4.293
809.56,0.086,1.09,4.293
809.74,0.087,1.092,4.297
809.92,0.085,1.092,4.306
810.1,0.085,1.095,4.312
810.29,0.084,1.095,4.316
810.47,0.081,1.095,4.32
810.65,0.082,1.097,4.323
810.83,0.078,1.098,4.328
811.2,0.076,1.1,4.333
811.2,0.077,1.103,4.334
811.38,0.079,1.101,4.339
811.56,0.079,1.104,4.342
811.74,0.078,1.109,4.349
811.93,0.076,1.11,4.351
812.11,0.077,1.114,4.354
812.29,0.076,1.114,4.355
812.47,0.076,1.113,4.361
812.66,0.074,1.111,4.364
812.84,0.077,1.111,4.367
813.2,0.076,1.113,4.372
813.2,0.077,1.115,4.375
813.38,0.078,1.119,4.378
813.57,0.08,1.118,4.379
813.75,0.079,1.122,4.383
813.93,0.077,1.124,4.384
814.11,0.079,1.126,4.386
814.3,0.078,1.124,4.387
814.48,0.081,1.126,4.391
814.66,0.08,1.122,4.395
814.84,0.081,1.124,4.398
815.2,0.08,1.125,4.4
815.21,0.082,1.127,4.402
815.39,0.082,1.126,4.407
815.57,0.081,1.129,4.411
815.75,0.082,1.129,4.415
815.94,0.083,1.129,4.418
816.12,0.079,1.133,4.423
816.3,0.08,1.136,4.425
816.48,0.079,1.138,4.429
816.67,0.079,1.138,4.431
816.85,0.077,1.14,4.434
817.3,0.075,1.141,4.435
817.21,0.077,1.141,4.437
817.39,0.074,1.141,4.441
817.58,0.074,1.146,4.444
817.76,0.073,1.148,4.449
817.94,0.074,1.149,4.454
818.12,0.074,1.153,4.454
818.31,0.073,1.153,4.459
818.49,0.071,1.156,4.461
818.67,0.072,1.159,4.465
818.85,0.071,1.162,4.469
819.3,0.071,1.161,4.475
819.22,0.071,1.163,4.478
819.4,0.073,1.166,4.485
819.58,0.071,1.164,4.488
819.95,0.073,1.163,4.494
820.13,0.073,1.166,4.498
820.31,0.073,1.165,4.501
820.49,0.07,1.164,4.501
820.68,0.071,1.164,4.502
820.86,0.074,1.167,4.503
821.4,0.073,1.166,4.504
821.22,0.068,1.164,4.506
821.4,0.071,1.166,4.505
821.59,0.069,1.169,4.512
821.77,0.073,1.169,4.513
821.95,0.071,1.172,4.514
822.13,0.067,1.174,4.519
822.32,0.069,1.173,4.522
822.5,0.072,1.172,4.521
822.68,0.073,1.174,4.523
822.86,0.076,1.178,4.527
823.4,0.074,1.182,4.527
823.23,0.075,1.184,4.532
823.41,0.076,1.184,4.533
823.59,0.076,1.182,4.533
823.77,0.077,1.18,4.535
823.96,0.076,1.181,4.539
824.14,0.077,1.182,4.542
824.32,0.08,1.181,4.547
824.5,0.081,1.181,4.549
824.69,0.079,1.181,4.552
824.87,0.082,1.182,4.552
825.5,0.082,1.186,4.553
825.23,0.081,1.19,4.556
825.41,0.084,1.192,4.559
825.6,0.084,1.19,4.561
825.78,0.087,1.192,4.562
825.96,0.085,1.192,4.567
826.14,0.086,1.194,4.57
826.33,0.086,1.197,4.572
826.51,0.084,1.2,4.58
826.69,0.088,1.202,4.582
826.87,0.09,1.203,4.588
827.5,0.093,1.204,4.591
827.24,0.092,1.205,4.594
827.42,0.09,1.207,4.6
827.6,0.088,1.21,4.602
827.78,0.088,1.211,4.605
827.97,0.088,1.217,4.608
828.15,0.087,1.217,4.612
828.33,0.087,1.219,4.616
828.51,0.087,1.225,4.616
828.7,0.088,1.224,4.619
828.88,0.086,1.225,4.623
829.6,0.087,1.228,4.625
829.24,0.085,1.225,4.628
829.42,0.087,1.228,4.632
829.61,0.088,1.228,4.636
829.79,0.087,1.226,4.642
829.97,0.088,1.224,4.645
830.15,0.087,1.222,4.649
830.34,0.087,1.225,4.652
830.52,0.086,1.228,4.656
830.7,0.087,1.227,4.661
830.88,0.086,1.23,4.664
831.6,0.082,1.232,4.668
831.25,0.083,1.233,4.666
831.43,0.086,1.232,4.671
831.61,0.085,1.234,4.676
831.79,0.085,1.236,4.681
831.98,0.084,1.235,4.685
832.16,0.082,1.233,4.688
832.34,0.079,1.232,4.691
832.52,0.08,1.229,4.695
832.7,0.08,1.228,4.697
832.89,0.079,1.228,4.701
833.7,0.079,1.229,4.704
833.25,0.078,1.232,4.706
833.43,0.078,1.234,4.712
833.62,0.074,1.239,4.716
833.8,0.075,1.241,4.721
833.98,0.074,1.24,4.723
834.16,0.075,1.243,4.726
834.34,0.072,1.246,4.728
834.53,0.07,1.249,4.733
834.71,0.071,1.248,4.737
834.89,0.07,1.247,4.739
835.7,0.072,1.25,4.742
835.26,0.069,1.251,4.744
835.62,0.067,1.257,4.75
835.8,0.067,1.261,4.755
835.99,0.069,1.266,4.756
836.17,0.069,1.266,4.758
836.35,0.072,1.264,4.759
836.53,0.073,1.263,4.764
836.71,0.071,1.265,4.768
836.9,0.07,1.266,4.773
837.8,0.068,1.27,4.776
837.26,0.069,1.272,4.776
837.44,0.071,1.27,4.779
837.63,0.073,1.271,4.782
837.81,0.074,1.27,4.786
837.99,0.075,1.27,4.791
838.17,0.077,1.271,4.795
838.35,0.077,1.273,4.799
838.54,0.075,1.277,4.799
838.72,0.075,1.274,4.797
838.9,0.077,1.274,4.8
839.8,0.077,1.273,4.802
839.27,0.077,1.273,4.806
839.45,0.076,1.273,4.811
839.63,0.074,1.276,4.812
839.81,0.074,1.282,4.812
839.99,0.075,1.281,4.816
840.18,0.076,1.282,4.818
840.36,0.075,1.284,4.822
840.54,0.072,1.286,4.83
840.72,0.071,1.284,4.833
840.91,0.072,1.281,4.836
841.9,0.071,1.281,4.836
841.27,0.072,1.28,4.837
841.45,0.071,1.277,4.841
849.11,0.075,1.318,4.976
849.29,0.075,1.32,4.98
849.47,0.075,1.323,4.983
849.65,0.074,1.326,4.987
849.84,0.077,1.328,4.991
850.2,0.078,1.328,4.994
850.2,0.082,1.329,5.0
850.38,0.086,1.329,5.004
850.57,0.085,1.331,5.005
850.75,0.088,1.333,5.007
850.93,0.089,1.33,5.013
851.11,0.088,1.332,5.018
851.29,0.089,1.332,5.021
851.48,0.086,1.331,5.024
851.66,0.087,1.333,5.025
851.84,0.087,1.334,5.029
852.2,0.084,1.335,5.036
852.21,0.087,1.336,5.042
852.39,0.088,1.337,5.046
852.57,0.089,1.339,5.053
852.75,0.087,1.338,5.058
852.94,0.088,1.34,5.062
853.12,0.087,1.342,5.065
853.3,0.088,1.342,5.066
853.48,0.083,1.342,5.067
853.66,0.084,1.345,5.07
853.85,0.082,1.342,5.072
854.3,0.083,1.344,5.075
854.21,0.084,1.344,5.081
854.39,0.086,1.343,5.089
854.58,0.088,1.341,5.091
854.76,0.087,1.341,5.095
854.94,0.085,1.342,5.096
855.12,0.085,1.342,5.098
855.3,0.082,1.345,5.106
855.49,0.081,1.345,5.106
855.67,0.083,1.348,5.103
855.85,0.086,1.352,5.105
856.3,0.088,1.354,5.107
856.22,0.091,1.354,5.11
856.4,0.089,1.358,5.119
856.58,0.091,1.36,5.125
856.76,0.092,1.359,5.131
856.95,0.092,1.359,5.137
857.13,0.092,1.358,5.138
857.31,0.091,1.358,5.143
857.49,0.091,1.358,5.148
857.67,0.09,1.357,5.151
857.86,0.089,1.361,5.157
858.4,0.089,1.362,5.163
858.22,0.089,1.363,5.164
858.4,0.088,1.365,5.166
858.59,0.087,1.365,5.167
858.77,0.088,1.368,5.174
858.95,0.089,1.368,5.176
859.13,0.089,1.367,5.179
859.31,0.09,1.366,5.182
859.5,0.088,1.367,5.185
859.68,0.085,1.365,5.188
859.86,0.085,1.369,5.189
860.4,0.086,1.368,5.193
860.23,0.089,1.369,5.192
860.41,0.092,1.371,5.198
860.59,0.09,1.37,5.199
860.77,0.09,1.37,5.202
860.96,0.087,1.369,5.203
861.14,0.088,1.373,5.205
861.32,0.093,1.374,5.208
861.5,0.094,1.374,5.209
861.68,0.094,1.376,5.211
861.87,0.093,1.377,5.214
862.5,0.094,1.377,5.22
862.23,0.095,1.375,5.223
862.41,0.094,1.375,5.226
862.6,0.093,1.376,5.229
862.78,0.095,1.379,5.231
862.96,0.093,1.382,5.233
863.14,0.094,1.385,5.237
863.32,0.093,1.384,5.239
863.51,0.091,1.387,5.243
863.69,0.09,1.387,5.25
863.87,0.088,1.39,5.252
864.5,0.089,1.394,5.258
864.24,0.088,1.394,5.261
864.6,0.087,1.396,5.266
864.78,0.082,1.4,5.269
864.96,0.082,1.402,5.273
865.15,0.082,1.405,5.276
865.33,0.084,1.407,5.275
865.51,0.081,1.41,5.278
865.69,0.08,1.415,5.282
865.88,0.081,1.417,5.288
866.6,0.081,1.414,5.29
866.24,0.081,1.414,5.291
866.42,0.083,1.413,5.296
866.61,0.085,1.414,5.298
866.79,0.082,1.418,5.3
866.97,0.082,1.422,5.3
867.15,0.083,1.421,5.306
867.33,0.082,1.422,5.308
867.52,0.08,1.421,5.313
867.7,0.079,1.421,5.315
867.88,0.078,1.42,5.319
868.6,0.079,1.417,5.323
868.25,0.081,1.417,5.325
868.43,0.081,1.419,5.328
868.61,0.081,1.419,5.333
868.79,0.08,1.421,5.338
868.97,0.078,1.422,5.343
869.16,0.077,1.427,5.345
869.34,0.076,1.429,5.347
869.52,0.075,1.429,5.349
869.7,0.074,1.431,5.354
869.89,0.074,1.434,5.359
870.7,0.075,1.435,5.361
870.25,0.077,1.437,5.365
870.43,0.08,1.437,5.369
870.62,0.08,1.436,5.37
870.8,0.081,1.438,5.37
870.98,0.082,1.44,5.369
871.16,0.082,1.44,5.372
871.34,0.081,1.441,5.373
871.53,0.082,1.441,5.376
871.71,0.081,1.442,5.378
871.89,0.081,1.445,5.382
872.7,0.082,1.446,5.383
872.26,0.08,1.446,5.386
872.44,0.08,1.446,5.385
872.62,0.082,1.448,5.387
872.8,0.083,1.45,5.39
872.99,0.083,1.45,5.393
873.17,0.08,1.449,5.397
873.35,0.079,1.45,5.4
873.53,0.078,1.452,5.403
873.71,0.075,1.454,5.406
873.9,0.075,1.452,5.412
874.8,0.077,1.451,5.417
874.26,0.08,1.452,5.42
874.44,0.079,1.453,5.421
874.63,0.08,1.454,5.426
874.81,0.08,1.458,5.427
874.99,0.082,1.457,5.433
875.17,0.085,1.458,5.439
875.35,0.083,1.458,5.44
875.54,0.085,1.46,5.444
875.72,0.082,1.461,5.447
875.9,0.081,1.459,5.451
876.8,0.081,1.457,5.455
876.27,0.082,1.458,5.462
876.45,0.082,1.459,5.464
876.63,0.079,1.463,5.467
876.81,0.08,1.463,5.468
876.99,0.081,1.463,5.471
877.18,0.08,1.466,5.473
877.36,0.078,1.467,5.478
877.54,0.078,1.468,5.483
877.72,0.081,1.468,5.487
877.91,0.084,1.467,5.491
878.9,0.085,1.47,5.492
878.27,0.085,1.472,5.494
878.45,0.084,1.471,5.496
878.63,0.084,1.471,5.497
878.82,0.085,1.472,5.501
879.0,0.085,1.472,5.506
879.18,0.082,1.475,5.513
879.36,0.085,1.477,5.513
879.55,0.088,1.48,5.516
879.73,0.087,1.483,5.519
879.91,0.087,1.486,5.523
880.9,0.088,1.487,5.529
880.28,0.088,1.49,5.533
880.46,0.089,1.49,5.534
880.64,0.087,1.492,5.539
880.82,0.088,1.495,5.542
881.0,0.088,1.495,5.542
881.19,0.088,1.496,5.545
881.37,0.09,1.496,5.549
881.55,0.092,1.493,5.554
881.73,0.091,1.496,5.56
881.92,0.093,1.492,5.563
882.1,0.092,1.491,5.563
882.28,0.097,1.492,5.567
882.46,0.097,1.491,5.574
882.64,0.098,1.49,5.582
882.83,0.098,1.49,5.583
883.1,0.098,1.492,5.584
883.19,0.099,1.494,5.583
883.37,0.102,1.497,5.589
883.56,0.1,1.5,5.594
883.74,0.103,1.504,5.601
883.92,0.099,1.504,5.605
884.1,0.102,1.506,5.606
884.28,0.102,1.505,5.603
884.47,0.102,1.507,5.606
887.93,0.085,1.526,5.656
888.11,0.087,1.524,5.657
888.29,0.086,1.525,5.657
888.48,0.085,1.527,5.657
888.66,0.085,1.528,5.661
888.84,0.085,1.53,5.665
889.2,0.084,1.531,5.669
889.21,0.086,1.534,5.674
889.39,0.083,1.535,5.679
889.57,0.079,1.537,5.682
889.75,0.081,1.539,5.686
889.93,0.081,1.543,5.692
890.12,0.083,1.545,5.696
890.3,0.081,1.55,5.698
890.48,0.08,1.551,5.7
890.66,0.081,1.554,5.702
890.85,0.076,1.555,5.701
891.3,0.075,1.561,5.703
891.21,0.073,1.563,5.705
891.39,0.072,1.565,5.711
891.58,0.067,1.563,5.716
891.76,0.069,1.565,5.72
891.94,0.071,1.566,5.721
892.12,0.069,1.568,5.725
892.3,0.072,1.566,5.727
892.49,0.067,1.569,5.73
892.67,0.064,1.57,5.734
892.85,0.065,1.57,5.741
893.3,0.069,1.571,5.746
893.22,0.069,1.571,5.75
893.4,0.069,1.572,5.755
893.58,0.066,1.575,5.758
893.76,0.066,1.578,5.762
893.94,0.065,1.576,5.763
894.13,0.065,1.579,5.764
894.31,0.064,1.583,5.768
894.49,0.065,1.583,5.767
894.67,0.069,1.585,5.774
894.86,0.07,1.584,5.775
895.4,0.071,1.586,5.78
895.22,0.072,1.592,5.785
895.4,0.072,1.593,5.789
903.6,0.057,1.634,5.926
903.79,0.057,1.637,5.93
903.97,0.056,1.635,5.934
904.15,0.057,1.635,5.937
904.33,0.057,1.634,5.942
904.51,0.061,1.635,5.944
904.7,0.056,1.639,5.95
904.88,0.057,1.639,5.956
905.6,0.056,1.641,5.961
905.24,0.058,1.641,5.963
905.43,0.06,1.642,5.963
905.61,0.062,1.643,5.967
905.79,0.06,1.644,5.972
905.97,0.061,1.649,5.975
906.16,0.062,1.652,5.979
906.34,0.063,1.653,5.984
906.52,0.065,1.654,5.989
906.7,0.065,1.651,5.993
906.88,0.066,1.655,5.997
907.7,0.066,1.654,6.002
907.25,0.068,1.655,6.005
907.43,0.067,1.654,6.006
907.61,0.068,1.654,6.008
907.8,0.068,1.654,6.012
907.98,0.068,1.657,6.014
908.16,0.069,1.659,6.016
908.34,0.069,1.66,6.021
908.52,0.068,1.662,6.025
908.71,0.069,1.665,6.025
908.89,0.068,1.662,6.023
909.7,0.068,1.661,6.028
909.25,0.07,1.664,6.032
909.44,0.066,1.665,6.033
909.62,0.067,1.667,6.034
909.8,0.068,1.67,6.035
909.98,0.066,1.673,6.037
910.16,0.064,1.673,6.041
910.35,0.064,1.673,6.044
910.53,0.067,1.673,6.048
910.71,0.068,1.676,6.051
910.89,0.067,1.677,6.054
911.8,0.067,1.677,6.059
911.26,0.067,1.681,6.061
911.44,0.065,1.681,6.064
911.62,0.066,1.682,6.068
911.81,0.068,1.682,6.071
911.99,0.068,1.682,6.072
912.17,0.067,1.683,6.077
912.35,0.065,1.685,6.079
912.53,0.065,1.685,6.086
912.72,0.066,1.686,6.089
912.9,0.066,1.69,6.09
913.8,0.066,1.69,6.097
913.26,0.066,1.691,6.104
913.45,0.066,1.69,6.106
913.63,0.064,1.688,6.109
913.81,0.064,1.69,6.113
913.99,0.062,1.693,6.112
914.17,0.065,1.694,6.113
914.36,0.062,1.693,6.114
914.54,0.059,1.694,6.118
914.72,0.058,1.697,6.118
914.9,0.056,1.701,6.122
915.9,0.057,1.702,6.125
915.27,0.056,1.704,6.127
915.45,0.056,1.705,6.133
915.63,0.057,1.706,6.139
915.82,0.056,1.708,6.141
916.0,0.056,1.709,6.142
916.18,0.056,1.71,6.147
916.36,0.058,1.71,6.151
916.54,0.059,1.712,6.155
916.73,0.058,1.711,6.16
916.91,0.057,1.713,6.161
917.9,0.056,1.713,6.164
917.27,0.056,1.713,6.167
917.46,0.058,1.711,6.171
917.64,0.059,1.709,6.176
917.82,0.06,1.709,6.179
918.0,0.06,1.705,6.184
918.18,0.061,1.705,6.193
918.37,0.062,1.705,6.197
918.55,0.064,1.707,6.199
918.73,0.063,1.71,6.203
918.91,0.063,1.715,6.209
919.1,0.063,1.717,6.213
919.28,0.064,1.718,6.217
919.46,0.063,1.719,6.223
919.64,0.066,1.722,6.224
919.83,0.064,1.722,6.225
920.1,0.068,1.721,6.227
920.19,0.067,1.723,6.231
920.37,0.064,1.72,6.231
920.55,0.066,1.722,6.233
920.74,0.065,1.723,6.235
920.92,0.065,1.728,6.24
921.1,0.063,1.727,6.246
921.28,0.061,1.728,6.247
921.47,0.06,1.73,6.248
921.65,0.062,1.727,6.25
921.83,0.064,1.728,6.251
922.1,0.065,1.726,6.252
922.19,0.065,1.729,6.259
922.38,0.065,1.729,6.262
922.56,0.062,1.73,6.263
922.74,0.063,1.729,6.269
922.92,0.064,1.73,6.277
923.11,0.06,1.733,6.28
923.29,0.059,1.733,6.281
923.47,0.059,1.735,6.283
923.65,0.059,1.738,6.285
923.83,0.057,1.739,6.287
924.2,0.058,1.742,6.29
924.2,0.058,1.743,6.291
924.38,0.062,1.743,6.292
924.56,0.059,1.742,6.295
931.49,0.064,1.783,6.413
931.67,0.067,1.783,6.416
931.85,0.068,1.782,6.421
932.4,0.068,1.785,6.426
932.22,0.069,1.784,6.427
932.4,0.068,1.786,6.43
932.58,0.067,1.784,6.435
932.77,0.065,1.786,6.437
932.95,0.065,1.79,6.438
933.13,0.066,1.79,6.441
933.31,0.066,1.789,6.447
933.49,0.066,1.789,6.446
933.68,0.067,1.791,6.449
933.86,0.071,1.793,6.45
934.4,0.07,1.791,6.453
934.22,0.07,1.793,6.451
934.41,0.065,1.795,6.451
934.59,0.065,1.794,6.455
934.77,0.067,1.798,6.459
934.95,0.066,1.798,6.462
935.13,0.068,1.797,6.468
935.32,0.068,1.796,6.471
935.5,0.071,1.796,6.473
935.68,0.07,1.799,6.479
935.86,0.069,1.799,6.484
936.5,0.074,1.8,6.482
936.23,0.076,1.801,6.487
936.41,0.076,1.799,6.492
936.59,0.075,1.802,6.496
936.78,0.077,1.803,6.502
936.96,0.08,1.804,6.505
937.14,0.082,1.803,6.51
937.32,0.084,1.809,6.516
937.5,0.08,1.806,6.521
937.69,0.081,1.808,6.526
937.87,0.081,1.809,6.532
938.5,0.079,1.813,6.535
938.23,0.076,1.814,6.543
938.42,0.076,1.815,6.548
938.6,0.078,1.815,6.553
938.78,0.078,1.817,6.56
938.96,0.078,1.819,6.564
939.14,0.077,1.823,6.567
939.33,0.078,1.82,6.569
939.51,0.079,1.822,6.574
939.69,0.078,1.826,6.578
939.87,0.077,1.828,6.578
940.6,0.078,1.832,6.583
940.24,0.077,1.835,6.585
940.42,0.08,1.839,6.59
940.6,0.082,1.838,6.592
940.78,0.084,1.842,6.594
940.97,0.087,1.841,6.597
941.15,0.087,1.841,6.604
941.33,0.088,1.838,6.607
941.51,0.09,1.837,6.609
941.7,0.09,1.838,6.614
941.88,0.094,1.838,6.619
942.6,0.094,1.837,6.62
942.24,0.095,1.836,6.623
942.43,0.096,1.836,6.625
942.61,0.093,1.836,6.633
942.79,0.091,1.837,6.636
942.97,0.09,1.837,6.64
943.15,0.09,1.835,6.645
943.34,0.087,1.836,6.648
943.52,0.09,1.835,6.651
943.7,0.092,1.836,6.655
943.88,0.093,1.838,6.66
944.7,0.091,1.837,6.668
944.25,0.092,1.839,6.672
944.43,0.091,1.84,6.674
944.61,0.09,1.84,6.676
944.79,0.088,1.845,6.678
944.98,0.088,1.845,6.682
945.16,0.09,1.849,6.688
945.34,0.092,1.851,6.693
945.52,0.094,1.852,6.696
945.71,0.092,1.854,6.699
945.89,0.092,1.855,6.701
946.7,0.095,1.857,6.705
946.25,0.095,1.859,6.705
946.44,0.093,1.861,6.705
946.62,0.092,1.86,6.707
946.8,0.09,1.86,6.711
946.98,0.091,1.859,6.716
947.16,0.093,1.861,6.721
947.35,0.095,1.859,6.725
947.53,0.096,1.86,6.731
947.71,0.096,1.861,6.732
947.89,0.098,1.861,6.735
948.8,0.095,1.861,6.741
948.26,0.094,1.862,6.744
948.44,0.094,1.862,6.745
948.62,0.095,1.863,6.746
948.8,0.094,1.863,6.745
948.99,0.095,1.868,6.745
949.17,0.092,1.869,6.75
949.35,0.092,1.869,6.753
949.53,0.092,1.871,6.756
949.72,0.093,1.87,6.757
949.9,0.095,1.868,6.763
950.8,0.094,1.865,6.764
950.26,0.093,1.866,6.768
950.45,0.094,1.866,6.769
950.63,0.098,1.866,6.775
950.81,0.098,1.863,6.778
950.99,0.095,1.862,6.784
951.17,0.095,1.863,6.788
951.36,0.094,1.864,6.794
951.54,0.093,1.865,6.796
951.72,0.093,1.865,6.798
951.9,0.092,1.865,6.8
952.9,0.093,1.864,6.802
952.27,0.093,1.867,6.804
952.45,0.094,1.873,6.843
954.45,0.094,1.876,6.846
954.64,0.094,1.877,6.847
954.82,0.093,1.879,6.846
955.0,0.093,1.881,6.85
955.18,0.095,1.881,6.853
955.37,0.094,1.882,6.85
955.55,0.095,1.884,6.85
955.73,0.094,1.884,6.853
955.91,0.092,1.889,6.854
956.1,0.092,1.89,6.857
956.28,0.093,1.891,6.861
956.46,0.092,1.891,6.867
956.64,0.093,1.89,6.875
956.82,0.092,1.891,6.882
957.1,0.089,1.891,6.887
957.19,0.088,1.889,6.892
957.37,0.087,1.888,6.895
957.55,0.085,1.889,6.899
957.74,0.085,1.891,6.904
957.92,0.089,1.894,6.908
958.1,0.089,1.894,6.912
958.28,0.087,1.894,6.916
958.46,0.086,1.894,6.922
958.65,0.086,1.893,6.925
958.83,0.087,1.892,6.928
959.1,0.088,1.893,6.93
959.19,0.091,1.896,6.937
959.38,0.091,1.896,6.94
959.56,0.091,1.897,6.943
959.74,0.092,1.899,6.948
959.92,0.095,1.899,6.951
960.1,0.095,1.897,6.954
960.29,0.098,1.897,6.957
960.47,0.097,1.898,6.959
960.65,0.096,1.896,6.958
960.83,0.094,1.9,6.96
961.2,0.095,1.903,6.962
961.2,0.095,1.908,6.968
961.38,0.099,1.908,6.972
961.56,0.097,1.908,6.977
961.74,0.1,1.909,6.98
961.93,0.1,1.909,6.985
962.11,0.1,1.909,6.988
962.29,0.102,1.91,6.993
962.47,0.103,1.91,6.998
962.66,0.106,1.912,7.005
962.84,0.104,1.913,7.008
963.2,0.104,1.918,7.016
963.2,0.101,1.922,7.018
963.39,0.101,1.923,7.016
963.75,0.101,1.924,7.02
963.93,0.102,1.926,7.025
964.11,0.102,1.926,7.027
964.3,0.101,1.93,7.028
964.48,0.102,1.933,7.032
964.66,0.101,1.935,7.031
964.84,0.102,1.934,7.033
965.3,0.105,1.936,7.037
965.21,0.104,1.938,7.041
965.39,0.107,1.94,7.045
965.57,0.107,1.943,7.049
965.75,0.108,1.941,7.053
965.94,0.107,1.942,7.056
966.12,0.108,1.946,7.059
966.3,0.106,1.95,7.062
966.48,0.107,1.95,7.07
966.67,0.107,1.953,7.074
966.85,0.11,1.954,7.078
967.3,0.11,1.953,7.082
967.21,0.112,1.951,7.085
967.39,0.112,1.953,7.088
967.58,0.117,1.953,7.094
967.76,0.117,1.955,7.1
967.94,0.116,1.956,7.104
968.12,0.119,1.958,7.109
968.31,0.12,1.963,7.109
968.49,0.12,1.963,7.11
968.67,0.122,1.963,7.112
968.85,0.122,1.964,7.117
969.3,0.123,1.964,7.12
969.22,0.123,1.965,7.124
969.4,0.123,1.962,7.126
969.58,0.121,1.963,7.126
969.76,0.121,1.961,7.128
969.95,0.124,1.964,7.131
970.13,0.124,1.964,7.133
970.31,0.125,1.965,7.136
970.49,0.127,1.964,7.137
970.67,0.127,1.967,7.14
970.86,0.123,1.97,7.144
971.4,0.12,1.969,7.149
971.22,0.121,1.973,7.155
971.4,0.122,1.974,7.159
971.59,0.123,1.976,7.159
971.77,0.124,1.974,7.162
971.95,0.126,1.971,7.163
972.13,0.125,1.971,7.169
972.31,0.126,1.972,7.171
972.5,0.125,1.972,7.173
972.68,0.125,1.971,7.175
972.86,0.129,1.969,7.178
973.4,0.131,1.968,7.182
973.23,0.132,1.969,7.186
973.41,0.133,1.966,7.191
973.59,0.134,1.966,7.196
973.77,0.135,1.964,7.202
973.95,0.132,1.965,7.206
974.14,0.131,1.967,7.212
974.32,0.13,1.969,7.216
974.5,0.129,1.969,7.219
974.68,0.13,1.97,7.224
974.87,0.133,1.97,7.224
975.5,0.136,1.972,7.227
975.23,0.137,1.975,7.229
975.41,0.138,1.974,7.229
975.6,0.14,1.972,7.23
975.78,0.143,1.972,7.233
975.96,0.142,1.97,7.235
976.14,0.143,1.972,7.239
976.32,0.143,1.975,7.244
976.51,0.145,1.975,7.248
976.69,0.145,1.974,7.252
976.87,0.145,1.975,7.253
977.5,0.148,1.976,7.254
977.24,0.149,1.978,7.259
977.42,0.152,1.983,7.26
977.6,0.154,1.986,7.265
977.78,0.153,1.985,7.27
977.96,0.152,1.986,7.271
978.15,0.15,1.989,7.275
978.33,0.148,1.991,7.279
978.51,0.148,1.99,7.282
978.69,0.15,1.99,7.285
978.88,0.152,1.988,7.288
979.6,0.153,1.989,7.29
979.24,0.153,1.99,7.299
979.42,0.151,1.992,7.305
979.6,0.151,1.994,7.31
979.79,0.15,1.994,7.315
979.97,0.148,1.997,7.319
980.15,0.146,2.001,7.325
980.33,0.145,2.0,7.33
980.52,0.148,1.999,7.334
980.7,0.147,2.0,7.338
980.88,0.148,1.999,7.34
981.6,0.147,2.002,7.342
981.24,0.148,2.004,7.343
981.43,0.147,2.006,7.344
981.61,0.149,2.006,7.346
981.79,0.149,2.009,7.347
981.97,0.147,2.01,7.349
982.16,0.15,2.01,7.356
982.34,0.151,2.012,7.361
982.52,0.151,2.014,7.363
982.7,0.149,2.015,7.365
982.88,0.149,2.014,7.372
983.7,0.15,2.012,7.378
983.25,0.15,2.013,7.381
983.43,0.146,2.016,7.385
983.61,0.145,2.018,7.39
983.8,0.144,2.018,7.391
983.98,0.142,2.02,7.395
984.16,0.143,2.023,7.398
984.34,0.143,2.022,7.4
984.52,0.145,2.023,7.405
984.71,0.145,2.024,7.409
984.89,0.145,2.023,7.412
985.7,0.145,2.024,7.415
985.25,0.144,2.023,7.419
985.44,0.145,2.024,7.423
985.62,0.145,2.028,7.425
985.8,0.148,2.028,7.429
985.98,0.148,2.026,7.433
986.17,0.148,2.027,7.438
986.35,0.147,2.027,7.443
986.53,0.149,2.027,7.443
986.71,0.149,2.028,7.447
986.89,0.15,2.025,7.453
987.8,0.149,2.027,7.456
987.26,0.149,2.029,7.46
987.44,0.147,2.032,7.465
987.62,0.145,2.034,7.466
987.81,0.145,2.036,7.47
987.99,0.146,2.036,7.474
988.17,0.147,2.041,7.478
988.35,0.15,2.041,7.481
988.53,0.149,2.042,7.482
988.72,0.149,2.045,7.485
988.9,0.152,2.047,7.487
989.8,0.154,2.048,7.491
989.26,0.154,2.046,7.496
989.45,0.155,2.047,7.501
989.63,0.158,2.047,7.504
989.81,0.158,2.047,7.506
989.99,0.158,2.047,7.507
990.17,0.161,2.051,7.508
990.36,0.159,2.054,7.511
990.54,0.158,2.055,7.512
990.72,0.16,2.055,7.512
990.9,0.161,2.057,7.516
991.9,0.162,2.058,7.52
991.27,0.165,2.057,7.521
991.45,0.167,2.058,7.524
991.63,0.166,2.061,7.529
991.81,0.166,2.061,7.533
992.0,0.168,2.064,7.536
992.18,0.167,2.061,7.539
992.36,0.169,2.059,7.545
992.54,0.169,2.06,7.549
992.73,0.168,2.06,7.552
992.91,0.168,2.059,7.556
993.9,0.171,2.061,7.563
993.27,0.173,2.062,7.566
993.46,0.174,2.062,7.566
993.64,0.171,2.062,7.568
993.82,0.172,2.062,7.573
994.0,0.173,2.06,7.576
994.18,0.173,2.064,7.58
994.37,0.172,2.063,7.583
994.55,0.17,2.065,7.584
994.73,0.17,2.069,7.586
994.91,0.167,2.07,7.59
995.1,0.166,2.073,7.596
995.28,0.166,2.077,7.599
995.46,0.164,2.077,7.606
995.64,0.163,2.079,7.611
995.82,0.163,2.079,7.617
996.1,0.163,2.079,7.62
996.19,0.162,2.082,7.619
996.37,0.16,2.082,7.624
996.55,0.159,2.082,7.625
996.74,0.16,2.082,7.631
996.92,0.158,2.082,7.634
997.1,0.157,2.081,7.639
1004.39,0.172,2.11,7.779
1004.57,0.172,2.108,7.784
1004.76,0.174,2.111,7.787
1004.94,0.17,2.11,7.788
1005.12,0.169,2.11,7.793
1005.3,0.168,2.113,7.797
1005.48,0.171,2.113,7.8
1005.67,0.171,2.114,7.804
1005.85,0.17,2.114,7.807
1006.3,0.169,2.117,7.808
1006.21,0.17,2.114,7.815
1006.4,0.172,2.113,7.819
1006.58,0.175,2.111,7.823
1006.76,0.173,2.116,7.826
1006.94,0.173,2.115,7.828
1007.13,0.176,2.117,7.834
1007.31,0.176,2.119,7.839
1007.49,0.177,2.12,7.843
1007.67,0.179,2.125,7.849
1007.85,0.178,2.128,7.853
1016.6,0.182,2.164,7.991
1016.24,0.181,2.161,7.991
1016.42,0.181,2.163,7.992
1016.6,0.177,2.166,7.997
1016.79,0.176,2.166,7.997
1016.97,0.176,2.166,7.999
1017.15,0.175,2.164,8.002
1017.33,0.177,2.165,8.004
1017.51,0.176,2.167,8.004
1017.7,0.176,2.165,8.006
1017.88,0.178,2.164,8.009
1018.6,0.175,2.165,8.009
1018.24,0.173,2.167,8.014
1018.43,0.173,2.167,8.018
1018.61,0.174,2.168,8.019
1018.79,0.175,2.17,8.023
1018.97,0.174,2.172,8.029
1019.16,0.175,2.176,8.033
1019.34,0.175,2.176,8.037
1019.52,0.177,2.177,8.039
1019.7,0.179,2.182,8.044
1019.88,0.179,2.182,8.05
1020.7,0.179,2.185,8.057
1020.25,0.185,2.186,8.059
1020.43,0.186,2.187,8.063
1020.61,0.188,2.186,8.069
1020.8,0.193,2.184,8.069
1020.98,0.197,2.187,8.072
1021.16,0.201,2.188,8.077
1021.34,0.202,2.189,8.08
1021.53,0.203,2.188,8.085
1021.71,0.203,2.192,8.087
1021.89,0.204,2.193,8.091
1022.7,0.202,2.194,8.093
1022.25,0.201,2.195,8.096
1022.44,0.203,2.196,8.101
1022.62,0.206,2.198,8.104
1027.91,0.19,2.215,8.213
1028.9,0.19,2.219,8.217
1028.27,0.189,2.221,8.218
1028.45,0.191,2.222,8.222
1028.63,0.193,2.222,8.225
1028.82,0.189,2.22,8.231
1029.0,0.191,2.222,8.234
1029.18,0.193,2.225,8.239
1029.36,0.189,2.227,8.245
1029.55,0.189,2.23,8.25
1029.73,0.193,2.228,8.255
1029.91,0.195,2.229,8.26
1030.9,0.192,2.232,8.262
1030.28,0.188,2.234,8.267
1030.46,0.189,2.233,8.27
1030.64,0.19,2.232,8.272
1030.82,0.195,2.236,8.276
1031.0,0.195,2.238,8.277
1031.19,0.194,2.239,8.281
1031.37,0.196,2.239,8.284
1031.55,0.195,2.241,8.286
1031.73,0.196,2.242,8.285
1031.92,0.195,2.241,8.289
1032.1,0.193,2.243,8.293
1032.28,0.194,2.244,8.294
1032.46,0.192,2.247,8.298
1032.64,0.191,2.248,8.299
1032.83,0.192,2.249,8.305
1033.1,0.191,2.252,8.309
1033.19,0.191,2.256,8.312
1033.37,0.19,2.259,8.317
1033.56,0.192,2.258,8.321
1033.74,0.194,2.26,8.324
1033.92,0.193,2.266,8.326
1034.1,0.192,2.267,8.329
1034.29,0.195,2.268,8.334
1034.47,0.194,2.269,8.338
1034.65,0.192,2.269,8.34
1034.83,0.192,2.269,8.339
1035.1,0.192,2.271,8.344
1035.2,0.195,2.273,8.35
1035.38,0.198,2.273,8.352
1035.56,0.197,2.274,8.353
1035.74,0.198,2.273,8.355
1035.93,0.197,2.272,8.359
1036.11,0.198,2.273,8.362
1036.29,0.198,2.275,8.368
1036.47,0.198,2.277,8.373
1036.65,0.195,2.277,8.375
1036.84,0.196,2.276,8.381
1037.2,0.197,2.277,8.383
1037.2,0.196,2.281,8.388
1037.38,0.197,2.284,8.393
1037.57,0.2,2.288,8.399
1037.75,0.2,2.289,8.4
1037.93,0.199,2.289,8.407
1038.11,0.2,2.288,8.413
1038.29,0.199,2.29,8.42
1038.48,0.2,2.29,8.424
1038.66,0.195,2.291,8.424
1039.21,0.189,2.293,8.436
1039.39,0.187,2.289,8.442
1039.57,0.189,2.288,8.443
1039.75,0.189,2.292,8.444
1039.94,0.19,2.294,8.447
1040.12,0.188,2.297,8.453
1040.3,0.191,2.298,8.455
1040.48,0.191,2.301,8.46
1040.66,0.191,2.305,8.467
1040.85,0.191,2.304,8.472
1048.5,0.184,2.322,8.629
1048.68,0.183,2.322,8.632
1048.87,0.182,2.327,8.632
1049.5,0.18,2.332,8.634
1049.23,0.181,2.332,8.638
1049.41,0.182,2.332,8.644
1049.6,0.183,2.331,8.648
1049.78,0.181,2.329,8.648
1049.96,0.183,2.33,8.653
1050.14,0.182,2.331,8.653
1050.32,0.18,2.333,8.656
1050.51,0.177,2.332,8.659
1050.69,0.176,2.334,8.664
1050.87,0.175,2.332,8.671
1051.5,0.176,2.334,8.675
1051.24,0.177,2.333,8.681
1051.42,0.177,2.334,8.678
1051.6,0.178,2.332,8.68
1051.78,0.179,2.334,8.683
1051.97,0.177,2.334,8.687
1052.15,0.177,2.339,8.691
1053.42,0.177,2.343,8.72
1053.61,0.175,2.342,8.725
1053.79,0.175,2.342,8.731
1053.97,0.172,2.341,8.739
1054.15,0.172,2.342,8.742
1054.33,0.175,2.341,8.74
1054.52,0.176,2.341,8.742
1054.7,0.178,2.342,8.748
1054.88,0.178,2.343,8.755
1055.6,0.18,2.346,8.758
1055.25,0.18,2.346,8.757
1055.43,0.181,2.349,8.758
1055.61,0.179,2.35,8.762
1055.79,0.178,2.349,8.765
1055.98,0.177,2.348,8.769
1056.16,0.179,2.349,8.775
1056.34,0.18,2.35,8.776
1056.52,0.179,2.351,8.777
1056.7,0.18,2.351,8.778
1056.89,0.178,2.352,8.783
1057.7,0.176,2.352,8.785
1057.25,0.177,2.352,8.79
1057.43,0.18,2.353,8.792
1057.62,0.18,2.356,8.795
1057.8,0.183,2.357,8.798
1057.98,0.184,2.359,8.802
1058.16,0.186,2.361,8.808
1058.35,0.185,2.361,8.809
1058.53,0.184,2.359,8.812
1058.71,0.185,2.36,8.81
1058.89,0.187,2.363,8.811
1059.7,0.189,2.363,8.816
1059.26,0.191,2.365,8.819
1059.44,0.192,2.365,8.821
1059.62,0.192,2.367,8.825
1059.8,0.192,2.365,8.826
1059.99,0.189,2.365,8.831
1060.17,0.19,2.369,8.835
1060.35,0.192,2.372,8.837
1060.53,0.193,2.374,8.842
1060.71,0.191,2.374,8.847
1060.9,0.19,2.373,8.851
1061.8,0.19,2.372,8.855
1061.26,0.191,2.373,8.859
1061.44,0.189,2.374,8.863
1061.63,0.187,2.376,8.86
1061.81,0.187,2.377,8.865
1061.99,0.19,2.374,8.871
1062.17,0.191,2.372,8.876
1062.36,0.192,2.373,8.881
1062.54,0.195,2.373,8.886
1062.72,0.195,2.371,8.888
1062.9,0.192,2.371,8.891
1063.8,0.19,2.372,8.895
1063.27,0.191,2.372,8.899
1063.45,0.192,2.373,8.902
1063.63,0.192,2.375,8.905
1063.81,0.194,2.375,8.909
1064.0,0.193,2.377,8.912
1064.18,0.192,2.378,8.919
1064.36,0.192,2.38,8.924
1064.54,0.195,2.384,8.926
1064.73,0.193,2.386,8.929
1064.91,0.193,2.387,8.93
1065.9,0.19,2.388,8.931
1065.27,0.195,2.39,8.935
1065.45,0.192,2.39,8.939
1065.64,0.193,2.391,8.944
1065.82,0.193,2.393,8.948
1066.0,0.193,2.395,8.952
1066.18,0.196,2.394,8.956
1066.37,0.194,2.395,8.96
1066.55,0.193,2.396,8.967
1066.73,0.192,2.398,8.971
1066.91,0.193,2.4,8.977
1067.1,0.19,2.401,8.983
1067.28,0.191,2.398,8.984
1067.46,0.19,2.401,8.989
1067.64,0.188,2.399,8.991
1067.82,0.187,2.396,8.991
1068.1,0.188,2.397,8.994
1068.19,0.191,2.398,8.996
1068.37,0.19,2.396,9.002
1068.55,0.192,2.398,9.004
1068.74,0.19,2.403,9.007
1068.92,0.19,2.404,9.007
1069.1,0.188,2.403,9.008
1069.28,0.186,2.402,9.01
1069.46,0.187,2.401,9.012
1069.65,0.188,2.401,9.019
1069.83,0.189,2.399,9.023
1070.1,0.191,2.402,9.026
1070.19,0.192,2.404,9.028
1070.38,0.191,2.408,9.032
1070.56,0.191,2.411,9.036
1070.74,0.191,2.412,9.042
1070.92,0.189,2.415,9.044
1071.11,0.191,2.417,9.05
1071.83,0.191,2.424,9.065
1072.2,0.192,2.428,9.069
1072.2,0.192,2.431,9.076
1072.38,0.191,2.432,9.081
1072.56,0.19,2.437,9.083
1072.75,0.189,2.438,9.088
1072.93,0.19,2.435,9.093
1073.11,0.192,2.435,9.097
1073.29,0.19,2.435,9.101
1073.47,0.187,2.433,9.106
1073.66,0.191,2.435,9.108
1073.84,0.191,2.436,9.113
1074.2,0.19,2.438,9.119
1074.2,0.189,2.439,9.125
1074.39,0.188,2.438,9.13
1074.57,0.188,2.439,9.132
1074.75,0.188,2.442,9.137
1074.93,0.189,2.44,9.141
1075.12,0.189,2.441,9.146
1075.3,0.191,2.442,9.15
1075.48,0.191,2.447,9.154
1075.66,0.194,2.448,9.157
1075.84,0.193,2.451,9.162
1076.3,0.192,2.453,9.165
1076.21,0.192,2.453,9.17
1076.39,0.194,2.452,9.171
1076.57,0.194,2.452,9.176
1076.76,0.193,2.453,9.178
1076.94,0.191,2.455,9.18
1077.12,0.187,2.458,9.182
1077.3,0.187,2.457,9.186
1077.49,0.189,2.459,9.191
1077.67,0.188,2.459,9.193
1077.85,0.193,2.458,9.194
1078.3,0.194,2.461,9.2
1078.21,0.196,2.465,9.204
1078.4,0.194,2.467,9.206
1078.58,0.192,2.468,9.211
1078.76,0.192,2.467,9.215
1078.94,0.192,2.468,9.219
1079.13,0.191,2.471,9.223
1083.5,0.193,2.502,9.322
1083.68,0.193,2.502,9.323
1083.87,0.193,2.503,9.325
1084.5,0.192,2.5,9.327
1084.23,0.192,2.499,9.33
1084.41,0.191,2.499,9.335
1084.59,0.19,2.499,9.336
1084.78,0.191,2.499,9.34
1084.96,0.192,2.499,9.342
1085.14,0.192,2.504,9.345
1085.32,0.192,2.504,9.348
1085.51,0.194,2.508,9.35
1085.69,0.193,2.509,9.353
1085.87,0.19,2.511,9.356
1086.5,0.189,2.514,9.358
1086.23,0.191,2.516,9.362
1086.42,0.193,2.52,9.366
1086.6,0.193,2.521,9.369
1086.78,0.194,2.52,9.372
1086.96,0.193,2.522,9.376
1087.15,0.193,2.525,9.378
1087.33,0.194,2.525,9.384
1087.51,0.196,2.531,9.388
1087.69,0.196,2.534,9.388
1087.88,0.196,2.537,9.392
1088.6,0.197,2.536,9.391
1088.24,0.194,2.534,9.394
1088.42,0.193,2.535,9.397
1088.6,0.193,2.536,9.399
1088.79,0.193,2.536,9.404
1088.97,0.193,2.535,9.406
1089.15,0.191,2.535,9.411
1089.33,0.189,2.539,9.412
1089.52,0.188,2.541,9.419
1089.7,0.187,2.544,9.419
1089.88,0.189,2.545,9.424
1090.6,0.191,2.542,9.43
1090.24,0.189,2.542,9.432
1090.43,0.189,2.54,9.439
1094.98,0.194,2.561,9.534
1095.17,0.195,2.56,9.536
1095.35,0.189,2.562,9.54
1095.53,0.188,2.562,9.544
1095.71,0.188,2.561,9.548
1095.9,0.186,2.561,9.551
1096.8,0.188,2.562,9.555
1096.26,0.19,2.561,9.559
1096.44,0.188,2.563,9.565
1096.62,0.19,2.565,9.569
1096.81,0.191,2.569,9.574
1096.99,0.189,2.57,9.576
1097.17,0.187,2.573,9.58
1097.35,0.187,2.576,9.579
1097.54,0.187,2.577,9.582
1097.72,0.185,2.576,9.584
1097.9,0.184,2.58,9.592
1098.8,0.184,2.579,9.596
1098.27,0.185,2.581,9.597
1100.9,0.185,2.594,9.629
1100.27,0.187,2.592,9.633
1100.45,0.191,2.59,9.634
1100.63,0.191,2.592,9.636
1100.82,0.19,2.591,9.638
1101.0,0.188,2.59,9.64
1101.18,0.19,2.591,9.646
1101.36,0.192,2.592,9.652
1101.55,0.193,2.591,9.652
1101.73,0.194,2.592,9.658
1101.91,0.199,2.591,9.662
1102.9,0.2,2.592,9.665
1102.46,0.2,2.596,9.673
1102.64,0.196,2.594,9.675
1102.82,0.196,2.596,9.675
1103.0,0.194,2.596,9.678
1103.19,0.197,2.597,9.681
1103.37,0.198,2.598,9.689
1103.55,0.2,2.595,9.693
1103.73,0.204,2.598,9.702
1103.92,0.202,2.602,9.705
1104.1,0.205,2.605,9.711
1104.28,0.204,2.605,9.717
1104.46,0.205,2.606,9.72
1104.65,0.206,2.606,9.723
1104.83,0.206,2.604,9.728
1105.1,0.207,2.604,9.734
1105.19,0.206,2.607,9.733
1105.37,0.208,2.609,9.739
1105.56,0.207,2.607,9.74
1105.74,0.208,2.611,9.746
1105.92,0.21,2.613,9.749
1106.1,0.208,2.614,9.752
1106.29,0.21,2.611,9.755
1106.47,0.207,2.611,9.757
1106.65,0.207,2.612,9.759
1106.83,0.203,2.611,9.761
1107.2,0.204,2.615,9.765
1107.2,0.203,2.616,9.768
1107.38,0.203,2.612,9.777
1112.48,0.195,2.637,9.864
1112.67,0.194,2.638,9.864
1112.85,0.196,2.641,9.866
1113.3,0.195,2.641,9.87
1113.21,0.199,2.645,9.87
1113.4,0.198,2.649,9.873
1113.58,0.198,2.648,9.884
1113.76,0.197,2.65,9.888
1113.94,0.197,2.648,9.889
1114.12,0.195,2.651,9.89
1114.31,0.195,2.654,9.892
1114.49,0.199,2.652,9.898
1114.67,0.199,2.654,9.898
1114.85,0.203,2.652,9.899
1115.4,0.201,2.649,9.902
1115.22,0.202,2.653,9.909
1117.22,0.2,2.656,9.936
1117.41,0.2,2.662,9.937
1117.59,0.2,2.664,9.941
1117.77,0.197,2.663,9.943
1117.95,0.194,2.661,9.949
1118.13,0.195,2.659,9.949
1118.32,0.199,2.661,9.951
1118.5,0.196,2.661,9.958
1118.68,0.196,2.659,9.962
1118.86,0.198,2.658,9.965
1119.5,0.199,2.664,9.968
1119.23,0.195,2.665,9.973
1119.41,0.194,2.664,9.977
1119.59,0.194,2.662,9.981
1119.77,0.197,2.665,9.985
1119.96,0.2,2.669,9.986
1120.14,0.199,2.671,9.989
1120.32,0.198,2.673,9.991
1120.5,0.198,2.674,9.994
1120.69,0.199,2.678,10.001
1120.87,0.197,2.678,10.003
1121.5,0.199,2.681,10.008
1121.23,0.197,2.679,10.012
1121.42,0.197,2.684,10.017
1121.6,0.192,2.685,10.017
1121.78,0.19,2.687,10.016
1121.96,0.192,2.691,10.016
1122.14,0.191,2.692,10.021
1122.33,0.193,2.691,10.026
1122.51,0.193,2.691,10.028
1122.69,0.193,2.693,10.03
1122.87,0.192,2.696,10.035
1123.6,0.19,2.695,10.038
1123.24,0.195,2.699,10.041
1123.42,0.193,2.7,10.045
1123.6,0.193,2.701,10.051
1123.78,0.191,2.699,10.057
1123.97,0.192,2.699,10.061
1124.15,0.193,2.703,10.068
1124.33,0.193,2.702,10.071
1124.51,0.192,2.7,10.075
1124.7,0.19,2.699,10.079
1124.88,0.191,2.701,10.08
1125.6,0.191,2.703,10.084
1125.24,0.19,2.703,10.091
1125.42,0.19,2.703,10.094
1125.61,0.191,2.705,10.098
1125.79,0.193,2.705,10.098
1125.97,0.194,2.707,10.099
1126.15,0.196,2.71,10.104
1126.34,0.196,2.708,10.107
1126.52,0.193,2.709,10.108
1126.7,0.194,2.709,10.11
1126.88,0.195,2.709,10.112
1127.7,0.198,2.71,10.116
1127.25,0.196,2.708,10.121
1127.43,0.196,2.711,10.121
1127.61,0.199,2.711,10.121
1127.79,0.198,2.712,10.124
1127.98,0.196,2.713,10.129
1128.16,0.197,2.711,10.133
1128.34,0.194,2.711,10.137
1128.52,0.193,2.709,10.139
1128.71,0.191,2.712,10.142
1128.89,0.195,2.709,10.144
1129.7,0.197,2.708,10.149
1129.25,0.197,2.708,10.15
1129.43,0.196,2.71,10.154
1129.62,0.197,2.713,10.159
1129.8,0.196,2.713,10.16
1129.98,0.196,2.713,10.163
1130.16,0.194,2.713,10.169
1130.35,0.193,2.716,10.17
1130.53,0.196,2.718,10.174
1130.71,0.199,2.718,10.177
1130.89,0.201,2.715,10.179
1131.7,0.204,2.714,10.188
1131.26,0.205,2.713,10.188
1131.44,0.205,2.715,10.19
1131.62,0.204,2.716,10.195
1131.8,0.205,2.717,10.196
1131.99,0.206,2.719,10.201
1132.17,0.205,2.72,10.201
1132.35,0.204,2.718,10.205
1132.53,0.207,2.719,10.21
1132.72,0.208,2.721,10.214
1132.9,0.208,2.723,10.215
1133.8,0.209,2.727,10.215
1133.26,0.21,2.728,10.221
1133.44,0.211,2.728,10.227
1133.63,0.213,2.73,10.23
1133.81,0.214,2.729,10.232
1133.99,0.214,2.728,10.237
1134.17,0.216,2.729,10.242
1134.36,0.216,2.728,10.248
1134.54,0.217,2.73,10.255
1134.72,0.217,2.726,10.258
1134.9,0.214,2.727,10.262
1135.8,0.212,2.728,10.265
1135.27,0.214,2.729,10.267
1135.45,0.219,2.73,10.269
1135.63,0.215,2.728,10.274
1135.81,0.215,2.727,10.276
1136.0,0.215,2.724,10.279
1136.18,0.215,2.723,10.28
1136.36,0.214,2.724,10.287
1136.54,0.215,2.727,10.291
1136.72,0.216,2.729,10.289
1136.91,0.217,2.731,10.292
1137.9,0.22,2.73,10.294
1137.27,0.217,2.734,10.297
1137.45,0.217,2.738,10.302
1137.64,0.216,2.739,10.307
1137.82,0.218,2.736,10.307
1138.0,0.216,2.736,10.313
1138.18,-0.0,-0.0,-0.0
1138.37,0.0,-0.0,0.003
1138.55,0.002,0.0,0.005
1138.73,0.004,0.0,0.005
1138.91,0.006,0.001,0.006
1139.9,0.007,0.003,0.011
1139.28,0.007,0.005,0.012
1139.46,0.009,0.001,0.015
1139.64,0.008,-0.0,0.019
1139.82,0.007,0.0,0.023
1140.1,0.006,0.004,0.024
1140.19,0.006,0.004,0.027
1140.37,0.004,0.002,0.033
1140.55,0.003,0.002,0.036
1140.73,0.002,0.002,0.043
1140.92,0.003,0.005,0.048
1141.1,0.003,0.004,0.045
1141.28,0.002,0.003,0.045
1141.46,0.0,0.005,0.048
1141.65,0.0,0.007,0.05
1141.83,-0.0,0.006,0.051
1142.1,-0.0,0.008,0.053
1142.19,0.0,0.009,0.057
1142.38,0.003,0.014,0.063
1142.56,0.0,0.015,0.067
1142.74,0.0,0.012,0.069
1142.92,0.001,0.013,0.071
1143.1,-0.0,0.009,0.071
1143.29,0.001,0.01,0.076
1143.47,-0.001,0.013,0.079
1143.65,-0.001,0.019,0.083
1143.83,-0.002,0.02,0.087
1144.2,-0.0,0.022,0.093
1144.2,0.001,0.023,0.095
1144.38,0.002,0.026,0.099
1144.56,0.005,0.03,0.104
1144.74,0.003,0.034,0.107
1144.93,0.002,0.032,0.114
1145.11,0.003,0.034,0.119
1145.29,0.003,0.036,0.122
1145.47,0.005,0.036,0.125
1145.66,0.005,0.033,0.125
1145.84,0.008,0.033,0.129
1146.2,0.009,0.031,0.137
1146.2,0.009,0.03,0.141
1146.38,0.009,0.032,0.144
1146.57,0.013,0.037,0.146
1146.75,0.01,0.038,0.15
1146.93,0.008,0.038,0.148
1147.11,0.009,0.039,0.151
1147.3,0.009,0.039,0.153
1147.48,0.012,0.038,0.155
1147.66,0.014,0.04,0.158
1147.84,0.013,0.045,0.162
1148.3,0.012,0.046,0.169
1148.21,0.017,0.049,0.174
1148.39,0.016,0.047,0.176
1148.57,0.014,0.049,0.178
1148.75,0.014,0.049,0.178
1148.94,0.016,0.052,0.181
1149.12,0.013,0.052,0.184
1149.3,0.017,0.053,0.187
1149.48,0.017,0.051,0.188
1149.67,0.018,0.05,0.195
1149.85,0.018,0.051,0.198
1150.3,0.018,0.054,0.201
1150.21,0.018,0.056,0.201
1150.39,0.018,0.057,0.203
1150.58,0.019,0.057,0.206
1152.58,0.015,0.063,0.231
1152.76,0.015,0.059,0.234
1152.95,0.015,0.057,0.24
1153.13,0.019,0.062,0.243
1153.31,0.022,0.066,0.244
1153.49,0.019,0.066,0.244
1153.67,0.018,0.07,0.247
1153.86,0.016,0.066,0.247
1154.4,0.018,0.07,0.254
1154.22,0.013,0.07,0.253
1154.4,0.013,0.07,0.258
1154.59,0.015,0.069,0.258
1154.77,0.012,0.075,0.262
1154.95,0.009,0.076,0.259
1155.13,0.012,0.08,0.264
1155.31,0.008,0.073,0.266
1155.5,0.013,0.081,0.273
1155.68,0.011,0.077,0.274
1155.86,0.012,0.081,0.281
1156.4,0.009,0.079,0.279
1156.23,0.009,0.086,0.286
1156.41,0.01,0.088,0.288
1156.59,0.011,0.092,0.291
1156.77,0.014,0.096,0.296
1156.96,0.009,0.095,0.297
1157.14,0.012,0.098,0.301
1157.32,0.012,0.093,0.305
1157.5,0.017,0.093,0.314
1157.68,0.014,0.089,0.315
1157.87,0.013,0.092,0.321
1158.5,0.014,0.091,0.323
1158.23,0.011,0.089,0.327
1158.41,0.012,0.087,0.328
1158.6,0.012,0.086,0.332
1158.78,0.015,0.087,0.333
1158.96,0.013,0.085,0.333
1159.14,0.015,0.083,0.339
1159.32,0.014,0.082,0.34
1159.51,0.012,0.081,0.342
1159.69,0.009,0.079,0.342
1159.87,0.012,0.081,0.347
1160.5,0.013,0.084,0.347
1160.24,0.009,0.088,0.35
1160.42,0.008,0.089,0.354
1160.6,0.007,0.09,0.361
1160.78,0.008,0.088,0.367
1160.96,0.007,0.087,0.371
1161.15,0.01,0.088,0.373
1161.33,0.007,0.091,0.38
1161.51,0.007,0.097,0.385
1161.69,0.007,0.098,0.389
1161.88,0.008,0.099,0.392
1162.6,0.006,0.099,0.397
1162.24,0.005,0.1,0.404
1162.42,0.004,0.101,0.405
1162.61,0.005,0.104,0.409
1162.79,0.006,0.108,0.412
1162.97,0.007,0.112,0.416
1163.15,0.003,0.112,0.421
1163.33,0.003,0.113,0.429
1163.52,0.004,0.111,0.433
1163.7,0.007,0.117,0.436
1163.88,0.004,0.116,0.441
1164.6,-0.001,0.118,0.447
1164.25,-0.003,0.118,0.447
1164.43,-0.002,0.116,0.451
1164.61,-0.0,0.118,0.455
1164.79,-0.002,0.117,0.461
1164.97,-0.0,0.121,0.465
1165.16,-0.0,0.121,0.468
1165.34,-0.001,0.123,0.475
1165.52,-0.002,0.123,0.482
1165.7,0.001,0.126,0.489
1165.89,0.0,0.127,0.492
1166.7,0.001,0.13,0.497
1166.25,0.001,0.13,0.499
1166.43,0.002,0.13,0.501
1166.61,0.004,0.132,0.501
1166.8,0.005,0.132,0.5
1168.7,0.004,0.129,0.522
1168.26,0.005,0.128,0.526
1168.44,0.01,0.128,0.53
1168.62,0.009,0.128,0.531
1168.8,0.011,0.126,0.532
1168.98,0.009,0.125,0.534
1169.17,0.009,0.128,0.538
1169.35,0.01,0.13,0.542
1169.53,0.01,0.13,0.544
1169.71,0.008,0.129,0.548
1169.9,0.006,0.13,0.552
1170.8,0.006,0.129,0.557
1170.26,0.006,0.13,0.558
1170.44,0.006,0.133,0.565
1170.62,0.005,0.131,0.569
1170.81,0.005,0.132,0.572
1170.99,0.005,0.132,0.573
1171.17,0.003,0.134,0.578
1171.35,0.002,0.136,0.58
1171.54,0.003,0.139,0.585
1171.72,0.005,0.139,0.587
1171.9,0.007,0.14,0.592
1172.8,0.006,0.143,0.597
1172.26,0.007,0.143,0.6
1172.45,0.005,0.143,0.602
1172.63,0.008,0.143,0.602
1172.81,0.008,0.145,0.605
1172.99,0.01,0.148,0.61
1173.18,0.01,0.149,0.613
1173.36,0.011,0.15,0.619
1173.54,0.009,0.15,0.618
1173.72,0.006,0.148,0.62
1173.9,0.005,0.151,0.625
1174.9,0.007,0.151,0.632
1174.27,0.008,0.155,0.633
1174.45,0.006,0.156,0.635
1174.63,0.008,0.158,0.642
1174.82,0.007,0.159,0.646
1175.0,0.006,0.158,0.649
1175.18,0.009,0.162,0.649
1175.36,0.007,0.162,0.654
1175.55,0.01,0.162,0.658
1175.73,0.008,0.159,0.662
1175.91,0.008,0.156,0.667
1176.9,0.01,0.155,0.672
1176.27,0.013,0.155,0.676
1176.46,0.012,0.156,0.68
1176.64,0.014,0.159,0.687
1176.82,0.015,0.162,0.692
1177.0,0.017,0.165,0.698
1177.19,0.017,0.168,0.702
1177.37,0.018,0.168,0.702
1177.55,0.019,0.171,0.708
1177.73,0.021,0.172,0.71
1177.91,0.024,0.172,0.716
1178.1,0.026,0.172,0.719
1178.28,0.027,0.172,0.719
1178.46,0.027,0.174,0.724
1178.64,0.026,0.173,0.727
1178.83,0.027,0.174,0.726
1179.1,0.028,0.174,0.735
1179.19,0.027,0.173,0.738
1179.37,0.026,0.174,0.742
1179.55,0.023,0.176,0.743
1179.74,0.022,0.175,0.748
1179.92,0.026,0.177,0.751
1180.1,0.027,0.178,0.753
1180.28,0.027,0.177,0.759
1180.47,0.029,0.177,0.766
1180.65,0.029,0.18,0.768
1180.83,0.03,0.184,0.769
1181.1,0.03,0.187,0.77
1181.19,0.03,0.188,0.779
1181.38,0.029,0.19,0.784
1181.56,0.032,0.19,0.789
1181.74,0.032,0.19,0.792
1181.92,0.03,0.194,0.795
1182.11,0.031,0.195,0.799
1182.29,0.029,0.195,0.803
1182.47,0.029,0.195,0.807
1182.65,0.029,0.194,0.814
1182.84,0.031,0.198,0.82
1183.2,0.033,0.199,0.826
1183.2,0.035,0.199,0.829
1183.38,0.037,0.199,0.834
1183.56,0.038,0.198,0.837
1183.75,0.037,0.197,0.841
1183.93,0.037,0.201,0.844
1184.11,0.035,0.202,0.843
1184.29,0.036,0.201,0.844
1184.48,0.038,0.199,0.85
1184.66,0.036,0.199,0.853
1184.84,0.034,0.203,0.856
1185.2,0.031,0.206,0.857
1185.2,0.033,0.207,0.862
1185.39,0.033,0.21,0.866
1185.57,0.035,0.212,0.869
1185.75,0.035,0.215,0.873
1185.93,0.036,0.216,0.876
1186.12,0.036,0.216,0.882
1186.3,0.035,0.213,0.884
1186.48,0.035,0.214,0.887
1186.66,0.034,0.214,0.89
1186.84,0.032,0.215,0.892
1187.3,0.032,0.216,0.892
1187.21,0.03,0.218,0.893
1187.39,0.028,0.217,0.895
1187.57,0.027,0.218,0.896
1187.76,0.029,0.22,0.898
1187.94,0.03,0.224,0.9
1188.12,0.034,0.227,0.903
1188.3,0.034,0.225,0.908
1188.49,0.031,0.228,0.909
1188.67,0.028,0.232,0.915
1188.85,0.028,0.233,0.917
1189.3,0.029,0.234,0.921
1189.21,0.032,0.234,0.924
1189.4,0.032,0.234,0.927
1189.58,0.032,0.232,0.93
1189.76,0.033,0.233,0.935
1189.94,0.034,0.234,0.94
1190.13,0.036,0.233,0.943
1190.31,0.037,0.235,0.945
1194.32,0.044,0.241,1.018
1194.5,0.044,0.241,1.023
1194.68,0.042,0.241,1.024
1194.87,0.043,0.245,1.027
1195.5,0.044,0.246,1.031
1195.23,0.043,0.248,1.035
1195.41,0.04,0.248,1.038
1195.59,0.041,0.25,1.046
1195.78,0.045,0.253,1.05
1195.96,0.045,0.254,1.051
1196.14,0.044,0.259,1.057
1196.32,0.044,0.261,1.063
1196.51,0.044,0.26,1.068
1196.69,0.046,0.263,1.07
1196.87,0.048,0.266,1.074
1197.5,0.048,0.267,1.079
1197.24,0.046,0.269,1.079
1197.42,0.043,0.269,1.085
1197.6,0.04,0.268,1.091
1197.78,0.043,0.271,1.095
1197.96,0.042,0.274,1.1
1198.15,0.044,0.274,1.102
1198.33,0.047,0.275,1.108
1198.51,0.047,0.273,1.111
1198.69,0.047,0.275,1.112
1198.88,0.048,0.279,1.114
1199.6,0.047,0.279,1.117
1199.24,0.047,0.279,1.118
1199.42,0.046,0.278,1.121
1199.6,0.047,0.279,1.121
1199.79,0.051,0.282,1.124
1199.97,0.05,0.285,1.127
1200.15,0.054,0.287,1.13
1200.33,0.051,0.289,1.132
1200.52,0.052,0.292,1.138
1200.7,0.051,0.293,1.143
1200.88,0.048,0.296,1.146
1204.34,0.057,0.309,1.205
1204.53,0.058,0.312,1.213
1204.71,0.057,0.312,1.223
1204.89,0.056,0.313,1.227
1205.7,0.058,0.314,1.229
1205.26,0.057,0.316,1.236
1205.44,0.056,0.317,1.24
1205.62,0.056,0.318,1.244
1205.8,0.052,0.321,1.246
1205.98,0.052,0.324,1.251
1206.17,0.052,0.326,1.255
1206.35,0.051,0.327,1.26
1206.53,0.05,0.326,1.262
1206.71,0.048,0.329,1.268
1206.9,0.052,0.332,1.273
1207.8,0.052,0.333,1.274
1207.26,0.053,0.332,1.282
1207.44,0.053,0.332,1.284
1207.63,0.054,0.335,1.288
1207.81,0.053,0.336,1.291
1207.99,0.059,0.338,1.292
1208.17,0.058,0.337,1.293
1208.35,0.058,0.336,1.295
1208.54,0.057,0.338,1.302
1208.72,0.059,0.336,1.304
1208.9,0.059,0.335,1.311
1209.8,0.059,0.337,1.313
1209.27,0.061,0.338,1.317
1209.45,0.06,0.334,1.319
1209.63,0.062,0.336,1.322
1209.81,0.06,0.339,1.323
1209.99,0.062,0.343,1.327
1210.18,0.061,0.347,1.333
1210.36,0.063,0.349,1.336
1210.54,0.061,0.348,1.339
1210.72,0.061,0.349,1.34
1210.91,0.063,0.351,1.344
1211.9,0.062,0.352,1.347
1211.27,0.063,0.353,1.352
1211.45,0.063,0.352,1.354
1211.64,0.061,0.351,1.357
1211.82,0.064,0.351,1.357
1212.0,0.065,0.353,1.358
1212.18,0.063,0.353,1.363
1212.36,0.063,0.354,1.369
1212.55,0.064,0.355,1.372
1212.73,0.064,0.358,1.376
1212.91,0.065,0.361,1.379
1213.9,0.065,0.362,1.382
1213.28,0.065,0.363,1.387
1213.46,0.065,0.364,1.39
1213.64,0.067,0.366,1.391
1213.82,0.069,0.367,1.393
1214.1,0.066,0.37,1.397
1214.19,0.066,0.372,1.402
1214.37,0.067,0.373,1.405
1214.55,0.068,0.372,1.413
1214.73,0.068,0.373,1.414
1218.74,0.079,0.393,1.486
1218.93,0.08,0.392,1.49
1219.11,0.083,0.394,1.493
1219.29,0.083,0.394,1.498
1219.47,0.086,0.394,1.497
1219.66,0.088,0.394,1.499
1219.84,0.088,0.391,1.499
1220.2,0.087,0.388,1.501
1220.2,0.086,0.388,1.502
1220.38,0.089,0.387,1.505
1220.57,0.086,0.385,1.511
1220.75,0.089,0.386,1.515
1220.93,0.088,0.385,1.519
1221.11,0.09,0.384,1.521
1221.3,0.087,0.388,1.524
1221.48,0.085,0.391,1.526
1221.66,0.083,0.393,1.529
1221.84,0.079,0.391,1.531
1222.3,0.082,0.39,1.535
1222.21,0.084,0.392,1.54
1222.39,0.087,0.392,1.542
1222.57,0.089,0.396,1.543
1222.75,0.085,0.395,1.545
1222.94,0.087,0.396,1.547
1223.12,0.089,0.394,1.552
1223.3,0.088,0.396,1.556
1223.48,0.087,0.398,1.56
1223.67,0.088,0.397,1.566
1223.85,0.085,0.398,1.57
1224.3,0.088,0.399,1.577
1224.21,0.093,0.401,1.578
1224.39,0.093,0.4,1.582
1224.58,0.093,0.4,1.585
1224.76,0.091,0.402,1.584
1224.94,0.089,0.403,1.589
1225.12,0.089,0.405,1.591
1225.31,0.088,0.406,1.593
1225.49,0.09,0.409,1.593
1225.67,0.09,0.41,1.595
1225.85,0.091,0.416,1.6
1226.3,0.092,0.417,1.601
1226.22,0.093,0.418,1.605
1226.4,0.092,0.416,1.609
1226.58,0.094,0.417,1.611
1228.4,0.092,0.426,1.641
1228.59,0.09,0.428,1.642
1228.77,0.088,0.428,1.646
1228.95,0.087,0.43,1.645
1229.13,0.086,0.431,1.644
1229.32,0.086,0.432,1.648
1229.5,0.087,0.431,1.651
1229.68,0.089,0.431,1.657
1229.86,0.09,0.432,1.654
1230.4,0.089,0.431,1.656
1230.23,0.088,0.434,1.659
1230.41,0.085,0.436,1.663
1230.59,0.084,0.438,1.668
1230.77,0.086,0.438,1.674
1230.96,0.083,0.435,1.681
1231.14,0.087,0.434,1.687
1231.32,0.084,0.432,1.69
1231.5,0.079,0.433,1.693
1231.68,0.076,0.436,1.695
1231.87,0.077,0.434,1.699
1232.5,0.077,0.435,1.705
1232.23,0.076,0.439,1.708
1232.41,0.078,0.443,1.714
1232.6,0.078,0.446,1.718
1232.78,0.076,0.445,1.725
1232.96,0.075,0.444,1.73
1233.14,0.077,0.441,1.735
1233.33,0.078,0.441,1.738
1233.51,0.078,0.441,1.743
1233.69,0.076,0.44,1.748
1233.87,0.076,0.442,1.751
1234.5,0.076,0.441,1.757
1234.24,0.078,0.44,1.762
1234.42,0.081,0.44,1.765
1234.6,0.082,0.445,1.769
1234.78,0.083,0.447,1.771
1234.97,0.083,0.446,1.774
1235.15,0.083,0.45,1.779
1235.33,0.084,0.45,1.785
1235.51,0.088,0.454,1.789
1235.69,0.088,0.458,1.793
1238.6,0.074,0.468,1.843
1238.25,0.073,0.469,1.846
1238.43,0.073,0.471,1.851
1238.61,0.071,0.472,1.856
1238.79,0.071,0.473,1.86
1238.98,0.071,0.475,1.861
1239.16,0.07,0.472,1.866
1239.34,0.07,0.475,1.871
1239.52,0.071,0.478,1.878
1239.7,0.069,0.479,1.885
1239.89,0.071,0.479,1.892
1240.7,0.069,0.483,1.894
1240.25,0.069,0.483,1.895
1240.43,0.069,0.484,1.898
1240.62,0.067,0.484,1.902
1240.8,0.067,0.485,1.905
1240.98,0.064,0.487,1.91
1241.16,0.063,0.486,1.913
1241.35,0.063,0.484,1.917
1241.53,0.067,0.487,1.923
1241.71,0.068,0.488,1.931
1241.89,0.067,0.49,1.933
1242.7,0.068,0.487,1.936
1242.26,0.07,0.486,1.939
1242.44,0.07,0.485,1.942
1244.26,0.077,0.495,1.98
1244.44,0.076,0.495,1.983
1244.63,0.08,0.492,1.988
1244.81,0.079,0.495,1.991
1244.99,0.076,0.496,1.995
1245.17,0.077,0.499,1.994
1245.36,0.078,0.499,2.001
1245.54,0.079,0.502,2.008
1245.72,0.08,0.501,2.011
1245.9,0.079,0.502,2.014
1246.8,0.078,0.505,2.018
1246.27,0.078,0.509,2.022
1246.45,0.077,0.51,2.026
1246.63,0.076,0.513,2.027
1246.81,0.075,0.514,2.032
1248.9,0.073,0.522,2.048
1248.27,0.073,0.524,2.056
1248.45,0.075,0.525,2.06
1248.64,0.078,0.526,2.06
1248.82,0.077,0.526,2.064
1249.0,0.077,0.529,2.067
1249.18,0.076,0.533,2.073
1249.37,0.076,0.536,2.078
1249.55,0.077,0.54,2.08
1249.73,0.076,0.539,2.084
1249.91,0.078,0.541,2.088
1250.9,0.08,0.542,2.09
1250.28,0.082,0.544,2.091
1250.46,0.078,0.546,2.096
1250.64,0.076,0.55,2.103
1250.82,0.074,0.554,2.103
1251.1,0.074,0.557,2.106
1251.19,0.071,0.56,2.112
1251.37,0.07,0.563,2.117
1251.55,0.067,0.562,2.117
1251.73,0.066,0.563,2.121
1251.92,0.067,0.564,2.126
1252.1,0.068,0.563,2.133
1252.28,0.069,0.563,2.137
1252.46,0.069,0.567,2.141
1252.65,0.069,0.569,2.14
1252.83,0.07,0.57,2.144
1253.1,0.069,0.573,2.147
1253.19,0.068,0.574,2.15
1253.37,0.069,0.572,2.155
1253.56,0.071,0.574,2.158
1253.74,0.071,0.576,2.16
1253.92,0.075,0.579,2.166
1254.1,0.071,0.584,2.171
1254.29,0.073,0.581,2.176
1254.47,0.074,0.58,2.178
1254.65,0.071,0.583,2.182
1254.83,0.071,0.583,2.187
1255.2,0.073,0.585,2.19
1255.2,0.075,0.585,2.192
1255.38,0.072,0.588,2.2
1255.56,0.07,0.584,2.2
1255.74,0.07,0.583,2.2
1255.93,0.071,0.585,2.203
1256.11,0.073,0.588,2.206
1256.29,0.07,0.588,2.209
1256.47,0.07,0.589,2.212
1256.66,0.07,0.588,2.214
1256.84,0.067,0.591,2.218
1257.2,0.065,0.592,2.223
1257.2,0.067,0.593,2.229
1257.38,0.068,0.595,2.235
1257.57,0.069,0.596,2.24
1257.75,0.073,0.595,2.243
1257.93,0.071,0.599,2.249
1258.11,0.071,0.605,2.254
1258.3,0.07,0.608,2.261
1258.48,0.071,0.61,2.266
1258.66,0.07,0.611,2.27
1258.84,0.07,0.616,2.27
1259.3,0.07,0.617,2.27
1259.21,0.07,0.621,2.277
1259.39,0.067,0.622,2.281
1259.57,0.066,0.621,2.284
1259.75,0.065,0.623,2.287
1259.94,0.067,0.622,2.293
1260.12,0.064,0.624,2.295
1260.3,0.063,0.625,2.299
1260.48,0.064,0.627,2.302
1264.49,0.066,0.655,2.389
1264.68,0.071,0.654,2.392
1264.86,0.07,0.656,2.399
1265.4,0.07,0.654,2.402
1265.22,0.069,0.657,2.404
1265.4,0.069,0.658,2.41
1265.59,0.07,0.658,2.413
1265.77,0.069,0.658,2.415
1265.95,0.071,0.659,2.417
1266.13,0.073,0.661,2.422
1266.32,0.078,0.663,2.425
1266.5,0.079,0.666,2.427
1266.68,0.079,0.668,2.434
1266.86,0.078,0.668,2.442
1267.4,0.081,0.669,2.447
1267.23,0.082,0.669,2.451
1267.41,0.08,0.67,2.458
1267.59,0.081,0.671,2.46
1267.77,0.082,0.672,2.46
1267.96,0.083,0.673,2.463
1268.14,0.083,0.674,2.466
1268.32,0.081,0.676,2.47
1268.5,0.079,0.677,2.475
1268.68,0.08,0.677,2.478
1272.69,0.088,0.692,2.575
1272.88,0.089,0.693,2.581
1273.6,0.09,0.694,2.586
1273.24,0.089,0.695,2.587
1273.42,0.09,0.695,2.588
1273.6,0.09,0.696,2.591
1273.79,0.094,0.696,2.593
1273.97,0.093,0.697,2.598
1274.15,0.091,0.7,2.603
1274.33,0.095,0.702,2.606
1274.52,0.095,0.703,2.609
1274.7,0.095,0.706,2.612
1274.88,0.095,0.707,2.616
1275.6,0.097,0.706,2.624
1275.24,0.098,0.705,2.627
1275.43,0.099,0.707,2.629
1275.61,0.101,0.709,2.632
1275.79,0.104,0.708,2.637
1275.97,0.102,0.71,2.64
1276.16,0.105,0.714,2.642
1276.34,0.102,0.713,2.647
1276.52,0.101,0.713,2.648
1276.7,0.102,0.713,2.649
1276.88,0.101,0.716,2.65
1277.7,0.1,0.718,2.654
1277.25,0.099,0.718,2.658
1277.43,0.101,0.718,2.661
1277.61,0.103,0.718,2.668
1277.8,0.1,0.72,2.672
1277.98,0.102,0.718,2.678
1278.16,0.1,0.72,2.684
1278.34,0.101,0.719,2.687
1278.53,0.101,0.722,2.69
1278.71,0.102,0.722,2.69
1278.89,0.101,0.725,2.695
1283.8,0.102,0.737,2.785
1283.26,0.102,0.735,2.786
1283.45,0.103,0.733,2.786
1283.63,0.103,0.731,2.79
1283.81,0.103,0.73,2.791
1283.99,0.102,0.733,2.796
1284.17,0.102,0.736,2.799
1284.36,0.102,0.736,2.801
1284.54,0.1,0.737,2.808
1284.72,0.095,0.737,2.81
1284.9,0.094,0.74,2.812
1285.9,0.095,0.74,2.82
1285.27,0.093,0.744,2.827
1285.45,0.091,0.744,2.829
1285.63,0.088,0.743,2.833
1285.82,0.088,0.745,2.834
1286.0,0.088,0.745,2.837
1286.18,0.086,0.747,2.843
1286.36,0.084,0.746,2.844
1286.54,0.085,0.744,2.847
1286.73,0.083,0.745,2.848
1286.91,0.08,0.744,2.849
1288.73,0.091,0.762,2.884
1288.91,0.09,0.76,2.885
1289.1,0.088,0.76,2.889
1289.28,0.091,0.762,2.89
1289.46,0.092,0.764,2.891
1289.64,0.093,0.766,2.89
1289.83,0.092,0.767,2.891
1290.1,0.092,0.768,2.891
1290.19,0.091,0.768,2.891
1290.37,0.092,0.766,2.894
1290.55,0.094,0.766,2.898
1290.74,0.093,0.766,2.903
1290.92,0.095,0.769,2.904
1291.1,0.095,0.77,2.91
1291.28,0.097,0.771,2.914
1291.47,0.097,0.769,2.919
1291.65,0.098,0.774,2.922
1291.83,0.099,0.778,2.928
1292.1,0.099,0.779,2.931
1292.2,0.1,0.784,2.933
1292.38,0.1,0.788,2.94
1292.56,0.097,0.787,2.944
1292.74,0.097,0.791,2.946
1292.92,0.097,0.79,2.951
1293.11,0.097,0.793,2.959
1293.29,0.097,0.792,2.961
1293.47,0.098,0.794,2.967
1293.65,0.099,0.792,2.971
1293.84,0.1,0.792,2.972
1294.2,0.098,0.794,2.975
1294.2,0.098,0.793,2.977
1294.38,0.098,0.793,2.978
1294.56,0.099,0.796,2.985
1294.75,0.102,0.797,2.989
1294.93,0.102,0.799,2.99
1295.11,0.101,0.801,2.99
1295.29,0.101,0.805,2.992
1295.48,0.099,0.807,2.996
1295.66,0.099,0.81,2.997
1295.84,0.101,0.81,3.001
1296.2,0.102,0.812,3.004
1296.2,0.104,0.814,3.009
1296.39,0.104,0.815,3.017
1296.57,0.105,0.814,3.019
1296.75,0.102,0.816,3.021
1296.93,0.102,0.817,3.023
1297.12,0.102,0.817,3.026
1297.3,0.103,0.817,3.027
1297.48,0.102,0.821,3.032
1297.66,0.102,0.822,3.036
1297.85,0.101,0.82,3.038
1298.3,0.099,0.821,3.039
1298.21,0.097,0.823,3.044
1298.39,0.097,0.822,3.047
1298.57,0.098,0.823,3.05
1298.76,0.101,0.827,3.052
1298.94,0.101,0.828,3.057
1299.12,0.1,0.83,3.057
1299.3,0.099,0.833,3.059
1299.49,0.103,0.833,3.064
1299.67,0.102,0.835,3.067
1299.85,0.102,0.835,3.069
1300.3,0.1,0.836,3.07
1300.21,0.103,0.837,3.072
1300.4,0.099,0.839,3.073
1300.58,0.099,0.842,3.077
1300.76,0.1,0.843,3.08
1300.94,0.101,0.845,3.081
1301.13,0.101,0.845,3.082
1301.31,0.099,0.847,3.086
1301.49,0.101,0.85,3.088
1301.67,0.098,0.852,3.091
1301.86,0.098,0.855,3.098
1302.4,0.099,0.857,3.101
1302.22,0.096,0.86,3.104
1302.4,0.093,0.861,3.109
1302.58,0.095,0.862,3.114
1302.77,0.094,0.866,3.117
1302.95,0.095,0.868,3.115
1303.13,0.091,0.87,3.12
1303.31,0.089,0.873,3.123
1303.5,0.089,0.873,3.125
1303.68,0.088,0.874,3.126
1303.86,0.089,0.874,3.129
1304.4,0.091,0.88,3.136
1304.22,0.094,0.878,3.141
1304.41,0.095,0.879,3.145
1304.59,0.094,0.883,3.149
1304.77,0.096,0.883,3.154
1304.95,0.098,0.885,3.154
1305.14,0.099,0.884,3.158
1305.32,0.099,0.885,3.161
1305.5,0.1,0.884,3.166
1305.68,0.101,0.884,3.173
1305.87,0.098,0.886,3.175
1306.5,0.097,0.887,3.181
1306.23,0.097,0.886,3.187
1306.41,0.096,0.883,3.194
1306.59,0.098,0.883,3.201
1306.78,0.098,0.886,3.201
1306.96,0.097,0.887,3.204
1307.14,0.1,0.886,3.208
1307.32,0.102,0.886,3.213
1307.51,0.103,0.888,3.222
1307.69,0.105,0.887,3.227
1307.87,0.106,0.891,3.228
1308.5,0.107,0.891,3.233
1308.23,0.109,0.893,3.237
1308.42,0.11,0.893,3.239
1308.6,0.113,0.895,3.244
1308.78,0.114,0.897,3.249
1308.96,0.115,0.9,3.251
1309.15,0.115,0.902,3.254
1309.33,0.119,0.901,3.257
1309.51,0.121,0.902,3.26
1309.69,0.118,0.903,3.261
1309.87,0.117,0.905,3.264
1310.6,0.116,0.905,3.273
1310.24,0.116,0.906,3.279
1310.42,0.114,0.908,3.283
1310.6,0.114,0.909,3.287
1310.79,0.112,0.91,3.29
1310.97,0.113,0.911,3.293
1311.15,0.114,0.91,3.299
1311.33,0.118,0.91,3.305
1311.52,0.118,0.909,3.31
1311.7,0.121,0.911,3.317
1311.88,0.124,0.913,3.32
1312.6,0.125,0.915,3.327
1312.24,0.125,0.917,3.33
1312.43,0.125,0.921,3.326
1312.61,0.124,0.922,3.328
1312.79,0.125,0.921,3.332
1312.97,0.125,0.921,3.334
1313.16,0.124,0.923,3.334
1313.34,0.122,0.925,3.338
1313.52,0.121,0.925,3.341
1313.7,0.119,0.928,3.345
1313.88,0.119,0.928,3.349
1314.7,0.118,0.93,3.35
1314.25,0.118,0.931,3.353
1314.43,0.118,0.932,3.356
1314.61,0.12,0.937,3.355
1314.8,0.12,0.938,3.359
1314.98,0.122,0.938,3.363
1315.16,0.12,0.938,3.366
1315.34,0.12,0.936,3.369
1315.52,0.116,0.933,3.373
1315.71,0.117,0.937,3.378
1315.89,0.118,0.94,3.378
1316.7,0.117,0.941,3.381
1316.25,0.114,0.944,3.382
1316.44,0.114,0.944,3.387
1316.62,0.111,0.943,3.392
1316.8,0.11,0.944,3.399
1316.98,0.112,0.948,3.404
1317.16,0.11,0.951,3.406
1317.35,0.112,0.952,3.409
1317.53,0.109,0.948,3.413
1317.71,0.111,0.947,3.416
1317.89,0.113,0.948,3.419
1318.8,0.116,0.948,3.424
1318.26,0.117,0.95,3.433
1318.44,0.117,0.952,3.438
1318.62,0.118,0.956,3.437
1318.81,0.117,0.958,3.442
1318.99,0.117,0.958,3.444
1319.17,0.116,0.961,3.445
1319.35,0.117,0.961,3.446
1319.53,0.118,0.961,3.448
1319.72,0.12,0.964,3.448
1319.9,0.117,0.961,3.452
1320.8,0.12,0.963,3.457
1320.26,0.119,0.963,3.46
1320.45,0.118,0.964,3.461
1320.63,0.115,0.965,3.464
1324.45,0.124,0.997,3.55
1324.64,0.125,0.997,3.554
1324.82,0.126,0.996,3.557
1325.0,0.125,0.998,3.559
1325.18,0.125,0.999,3.567
1325.37,0.129,0.998,3.569
1325.55,0.132,1.002,3.571
1325.73,0.129,1.004,3.576
1325.91,0.131,1.005,3.58
1326.9,0.133,1.006,3.581
1326.28,0.133,1.008,3.586
1326.46,0.133,1.009,3.59
1326.64,0.133,1.01,3.591
1326.82,0.136,1.013,3.593
1327.0,0.138,1.012,3.594
1327.19,0.142,1.014,3.598
1327.37,0.143,1.017,3.601
1327.55,0.142,1.017,3.602
1327.73,0.141,1.017,3.603
1327.92,0.14,1.02,3.608
1328.1,0.141,1.021,3.614
1328.28,0.141,1.026,3.618
1328.46,0.143,1.025,3.622
1328.64,0.144,1.026,3.628
1328.83,0.145,1.024,3.632
1329.1,0.15,1.023,3.634
1329.19,0.151,1.026,3.641
1329.37,0.152,1.029,3.646
1329.56,0.15,1.027,3.65
1329.74,0.152,1.026,3.654
1329.92,0.152,1.024,3.657
1330.1,0.153,1.028,3.659
1330.29,0.155,1.031,3.663
1330.47,0.159,1.033,3.662
1330.65,0.159,1.035,3.66
1330.83,0.159,1.034,3.666
1331.1,0.158,1.033,3.67
1331.2,0.157,1.033,3.674
1331.38,0.157,1.035,3.678
1331.56,0.157,1.033,3.68
1331.74,0.16,1.035,3.684
1331.93,0.161,1.035,3.688
1332.11,0.159,1.035,3.695
1332.29,0.157,1.034,3.695
1332.47,0.157,1.033,3.701
1332.65,0.154,1.034,3.706
1332.84,0.152,1.034,3.712
1333.2,0.151,1.035,3.716
1333.2,0.148,1.033,3.72
1333.38,0.145,1.032,3.727
1333.57,0.145,1.032,3.729
1333.75,0.146,1.032,3.732
1333.93,0.147,1.031,3.739
1334.11,0.148,1.031,3.743
1334.29,0.15,1.031,3.745
1334.48,0.149,1.031,3.75
1334.66,0.148,1.033,3.754
1334.84,0.146,1.033,3.759
1335.2,0.143,1.035,3.762
1335.21,0.141,1.038,3.764
1335.39,0.142,1.039,3.767
1335.57,0.142,1.04,3.774
1335.75,0.145,1.042,3.775
1335.93,0.142,1.044,3.78
1336.12,0.141,1.045,3.783
1336.3,0.142,1.047,3.784
1336.48,0.144,1.046,3.786
1336.66,0.143,1.048,3.792
1336.85,0.143,1.05,3.795
1337.3,0.142,1.051,3.798
1337.21,0.145,1.054,3.804
1337.39,0.143,1.054,3.806
1337.58,0.146,1.055,3.808
1337.76,0.144,1.058,3.809
1340.49,0.139,1.054,3.856
1340.67,0.139,1.054,3.86
1340.86,0.138,1.057,3.86
1341.4,0.139,1.056,3.86
1341.22,0.14,1.06,3.863
1341.4,0.141,1.064,3.865
1341.58,0.142,1.066,3.867
1341.77,0.14,1.066,3.87
1341.95,0.141,1.067,3.871
1342.13,0.142,1.066,3.873
1342.31,0.144,1.068,3.874
1342.5,0.146,1.068,3.878
1342.68,0.147,1.068,3.879
1342.86,0.145,1.07,3.882
1343.4,0.144,1.07,3.879
1343.23,0.142,1.073,3.883
1343.41,0.147,1.076,3.885
1343.59,0.149,1.073,3.887
1343.77,0.149,1.074,3.891
1343.95,0.152,1.076,3.894
1344.14,0.153,1.075,3.902
1344.32,0.154,1.076,3.902
1344.5,0.157,1.077,3.907
1344.68,0.159,1.079,3.913
1344.87,0.161,1.08,3.916
1345.5,0.164,1.079,3.923
1345.23,0.163,1.081,3.929
1345.41,0.165,1.081,3.933
1345.59,0.165,1.081,3.937
1345.78,0.166,1.081,3.94
1345.96,0.164,1.085,3.944
1346.14,0.163,1.086,3.949
1346.32,0.162,1.084,3.954
1346.51,0.163,1.084,3.958
1346.69,0.16,1.083,3.963
1346.87,0.157,1.084,3.967
1347.5,0.153,1.082,3.971
1347.23,0.15,1.081,3.971
1347.42,0.151,1.078,3.977
1347.6,0.15,1.076,3.981
1347.78,0.149,1.075,3.982
1347.96,0.148,1.075,3.988
1348.15,0.148,1.076,3.99
1348.33,0.147,1.076,3.994
1348.51,0.147,1.079,3.997
1348.69,0.148,1.077,4.001
1348.87,0.15,1.078,4.004
1349.6,0.15,1.078,4.006
1349.24,0.148,1.079,4.014
1349.42,0.145,1.076,4.019
1349.6,0.143,1.076,4.021
1349.79,0.139,1.078,4.024
1349.97,0.139,1.081,4.025
1350.15,0.142,1.079,4.027
1350.33,0.145,1.079,4.029
1350.52,0.146,1.08,4.035
1350.7,0.147,1.077,4.039
1350.88,0.146,1.078,4.044
1351.6,0.146,1.078,4.047
1351.24,0.146,1.079,4.052
1351.43,0.147,1.082,4.052
1351.61,0.145,1.083,4.056
1351.79,0.146,1.084,4.058
1351.97,0.145,1.084,4.057
1352.16,0.148,1.081,4.057
1352.34,0.149,1.082,4.057
1352.52,0.147,1.083,4.062
1352.7,0.148,1.086,4.065
1352.88,0.148,1.09,4.071
1353.7,0.149,1.088,4.076
1353.25,0.15,1.089,4.079
1353.43,0.149,1.088,4.081
1353.61,0.151,1.088,4.084
1353.8,0.151,1.09,4.09
1353.98,0.151,1.09,4.093
1354.16,0.152,1.092,4.099
1354.34,0.155,1.091,4.101
1354.52,0.158,1.091,4.108
1354.71,0.159,1.092,4.111
1357.81,0.168,1.117,4.185
1357.99,0.169,1.117,4.191
1358.17,0.172,1.118,4.193
1358.35,0.174,1.116,4.197
1358.53,0.175,1.117,4.201
1358.72,0.176,1.116,4.201
1358.9,0.175,1.117,4.202
1359.8,0.177,1.121,4.204
1359.26,0.176,1.118,4.209
1359.45,0.174,1.121,4.215
1359.63,0.174,1.123,4.217
1359.81,0.176,1.125,4.221
1359.99,0.178,1.126,4.223
1360.18,0.18,1.128,4.226
1360.36,0.179,1.13,4.226
1360.54,0.178,1.13,4.229
1360.72,0.176,1.131,4.231
1360.9,0.178,1.136,4.236
1361.9,0.178,1.135,4.239
1361.27,0.182,1.134,4.244
1361.45,0.184,1.134,4.247
1361.63,0.19,1.137,4.249
1361.82,0.195,1.137,4.251
1362.0,0.194,1.136,4.252
1362.18,0.192,1.135,4.255
1362.36,0.189,1.137,4.257
1362.54,0.191,1.14,4.26
1362.73,0.193,1.142,4.264
1362.91,0.194,1.143,4.265
1363.9,0.192,1.139,4.272
1363.27,0.193,1.139,4.277
1363.46,0.193,1.143,4.28
1363.64,0.192,1.146,4.284
1363.82,0.193,1.143,4.286
1364.0,0.193,1.142,4.288
1364.19,0.195,1.139,4.294
1364.37,0.197,1.14,4.299
1364.55,0.195,1.141,4.302
1364.73,0.196,1.144,4.309
1365.64,0.203,1.144,4.325
1365.83,0.2,1.143,4.328
1366.1,0.201,1.143,4.33
1366.19,0.202,1.143,4.337
1366.37,0.205,1.142,4.339
1366.55,0.207,1.14,4.342
1366.74,0.208,1.141,4.345
1366.92,0.209,1.142,4.346
1367.1,0.21,1.139,4.35
1367.28,0.211,1.142,4.354
1367.47,0.209,1.145,4.36
1367.65,0.207,1.149,4.362
1367.83,0.205,1.151,4.367
1368.1,0.205,1.151,4.371
1368.19,0.205,1.152,4.375
1368.38,0.204,1.15,4.381
1368.56,0.202,1.153,4.387
1368.74,0.2,1.158,4.39
1368.92,0.204,1.157,4.395
1369.11,0.207,1.157,4.394
1369.29,0.207,1.159,4.396
1369.47,0.207,1.159,4.401
1369.65,0.208,1.16,4.407
1369.84,0.204,1.163,4.409
1370.2,0.203,1.163,4.413
1370.2,0.203,1.167,4.422
1370.38,0.202,1.169,4.426
1370.56,0.203,1.17,4.429
1370.93,0.204,1.169,4.441
1371.11,0.204,1.167,4.44
1371.29,0.203,1.171,4.443
1371.48,0.203,1.17,4.445
1371.66,0.2,1.169,4.449
1371.84,0.198,1.17,4.454
1372.2,0.199,1.17,4.453
1372.2,0.199,1.176,4.453
1372.39,0.198,1.176,4.459
1372.57,0.199,1.178,4.464
1372.75,0.198,1.18,4.467
1377.85,0.191,1.198,4.565
1378.4,0.193,1.199,4.566
1378.22,0.193,1.201,4.57
1378.4,0.192,1.201,4.573
1378.58,0.194,1.201,4.577
1378.77,0.196,1.2,4.582
1378.95,0.196,1.2,4.582
1379.13,0.197,1.2,4.585
1379.31,0.198,1.196,4.589
1379.5,0.198,1.195,4.591
1379.68,0.198,1.196,4.593
1379.86,0.197,1.195,4.599
1380.4,0.198,1.198,4.601
1380.22,0.199,1.2,4.602
1380.41,0.201,1.202,4.604
1380.59,0.2,1.202,4.612
1380.77,0.201,1.204,4.618
1380.95,0.2,1.205,4.623
1381.14,0.198,1.207,4.626
1381.32,0.2,1.206,4.628
1381.5,0.2,1.207,4.629
1381.68,0.197,1.203,4.635
1384.78,0.21,1.214,4.695
1384.96,0.213,1.214,4.696
1385.15,0.213,1.216,4.7
1385.33,0.212,1.217,4.703
1385.51,0.211,1.217,4.708
1385.69,0.21,1.218,4.707
1385.88,0.212,1.22,4.714
1386.6,0.215,1.222,4.718
1386.24,0.214,1.225,4.725
1386.42,0.217,1.229,4.727
1386.6,0.218,1.232,4.729
1386.79,0.215,1.234,4.735
1386.97,0.212,1.233,4.738
1387.15,0.212,1.234,4.738
1387.33,0.214,1.234,4.742
1387.52,0.214,1.233,4.743
1387.7,0.216,1.234,4.748
1387.88,0.212,1.232,4.75
1388.6,0.214,1.236,4.754
1388.25,0.216,1.235,4.761
1388.43,0.216,1.239,4.768
1388.61,0.216,1.238,4.773
1388.79,0.215,1.237,4.778
1388.97,0.216,1.239,4.783
1389.16,0.214,1.24,4.784
1389.34,0.214,1.241,4.791
1389.52,0.213,1.241,4.797
1389.7,0.214,1.238,4.797
1389.89,0.212,1.239,4.8
1390.7,0.213,1.241,4.806
1390.25,0.216,1.24,4.806
1390.43,0.217,1.24,4.807
1390.61,0.217,1.238,4.812
1390.8,0.218,1.242,4.817
1390.98,0.219,1.244,4.818
1391.16,0.219,1.243,4.823
1391.34,0.218,1.241,4.829
1391.53,0.219,1.243,4.831
1391.71,0.218,1.244,4.837
1391.89,0.221,1.245,4.84
1392.7,0.223,1.246,4.842
1392.25,0.223,1.246,4.844
1392.44,0.224,1.248,4.851
1392.62,0.225,1.25,4.854
1392.8,0.226,1.251,4.856
1392.98,0.226,1.252,4.86
1393.17,0.227,1.255,4.861
1393.35,0.228,1.257,4.864
1393.53,0.229,1.257,4.87
1393.71,0.231,1.258,4.872
1393.9,0.232,1.261,4.878
1394.8,0.234,1.263,4.883
1394.26,0.234,1.264,4.884
1394.44,0.234,1.264,4.885
1394.62,0.232,1.263,4.889
1394.81,0.231,1.264,4.891
1394.99,0.23,1.264,4.893
1395.17,0.232,1.265,4.896
1395.35,0.235,1.267,4.899
1395.54,0.234,1.269,4.902
1395.72,0.234,1.272,4.906
1395.9,0.23,1.273,4.912
1396.8,0.227,1.276,4.912
1396.26,0.228,1.277,4.915
1396.45,0.226,1.281,4.921
1396.63,0.227,1.285,4.926
1396.81,0.23,1.286,4.929
1396.99,0.23,1.287,4.935
1397.18,0.233,1.29,4.938
1397.36,0.233,1.291,4.939
1397.54,0.233,1.294,4.944
1397.72,0.232,1.299,4.948
1397.9,0.231,1.302,4.95
1398.9,0.233,1.303,4.956
1398.27,0.236,1.305,4.958
1398.45,0.237,1.306,4.959
1398.63,0.237,1.307,4.962
1398.82,0.238,1.305,4.967
1399.0,0.24,1.308,4.966
1399.18,0.239,1.309,4.97
1399.36,0.239,1.311,4.975
1399.55,0.239,1.31,4.978
1399.73,0.239,1.311,4.982
1399.91,0.241,1.315,4.984
1400.9,0.242,1.314,4.987
1400.27,0.243,1.316,4.992
1400.46,0.241,1.316,4.996
1400.64,0.242,1.315,5.0
1400.82,0.24,1.314,5.001
1401.0,0.243,1.316,5.005
1401.19,0.245,1.313,5.008
1401.37,0.246,1.313,5.012
1402.46,0.249,1.323,5.036
1402.64,0.249,1.326,5.039
1402.83,0.251,1.33,5.044
1403.1,0.251,1.33,5.049
1403.19,0.251,1.334,5.054
1403.37,0.249,1.335,5.055
1403.55,0.251,1.337,5.062
1403.74,0.252,1.337,5.069
1403.92,0.25,1.338,5.075
1409.2,0.259,1.364,5.184
1409.2,0.258,1.365,5.191
1409.39,0.259,1.366,5.195
1409.57,0.261,1.367,5.2
1409.75,0.261,1.366,5.205
1409.93,0.261,1.367,5.209
1410.12,0.262,1.365,5.212
1410.3,0.264,1.363,5.215
1410.48,0.264,1.361,5.219
1410.66,0.264,1.364,5.22
1410.85,0.263,1.362,5.224
1411.3,0.262,1.364,5.225
1411.21,0.262,1.365,5.234
1411.39,0.264,1.368,5.238
1411.57,0.264,1.371,5.24
1411.76,0.266,1.369,5.245
1411.94,0.267,1.369,5.251
1412.12,0.265,1.373,5.257
1412.3,0.267,1.374,5.259
1412.49,0.268,1.374,5.264
1412.67,0.268,1.377,5.263
1412.85,0.268,1.379,5.265
1413.3,0.27,1.379,5.271
1413.21,0.273,1.377,5.273
1413.4,0.271,1.377,5.278
1413.58,0.269,1.376,5.283
1413.76,0.272,1.376,5.285
1413.94,0.274,1.379,5.291
1414.13,0.276,1.381,5.292
1414.31,0.274,1.385,5.293
1414.49,0.274,1.385,5.296
1414.67,0.275,1.387,5.301
1414.86,0.277,1.388,5.309
1415.4,0.277,1.39,5.314
1415.22,0.274,1.388,5.323
1415.4,0.276,1.385,5.324
1415.58,0.277,1.384,5.328
1415.77,0.28,1.383,5.333
1415.95,0.283,1.383,5.337
1416.13,0.283,1.387,5.342
1416.31,0.282,1.386,5.346
1416.5,0.281,1.386,5.35
1416.68,0.28,1.387,5.355
1416.86,0.28,1.39,5.36
1417.4,0.28,1.388,5.364
1417.22,0.281,1.39,5.371
1417.41,0.282,1.391,5.375
1417.59,0.281,1.389,5.382
1417.77,0.279,1.389,5.386
1417.95,0.279,1.388,5.391
1418.14,0.279,1.391,5.393
1418.32,0.278,1.392,5.394
1418.5,0.277,1.388,5.4
1418.68,0.278,1.389,5.406
1418.86,0.281,1.391,5.411
1419.5,0.279,1.391,5.414
1419.23,0.28,1.391,5.422
1419.41,0.282,1.393,5.427
1419.59,0.283,1.393,5.433
1419.78,0.282,1.396,5.435
1419.96,0.281,1.399,5.438
1420.14,0.281,1.402,5.441
1420.32,0.282,1.405,5.442
1420.51,0.284,1.407,5.443
1420.69,0.285,1.409,5.443
1420.87,0.285,1.408,5.446
1421.5,0.285,1.407,5.452
1421.23,0.284,1.408,5.453
1421.42,0.281,1.409,5.455
1421.6,0.28,1.414,5.459
1421.78,0.279,1.414,5.463
1421.96,0.279,1.416,5.464
1422.15,0.282,1.412,5.468
1422.33,0.284,1.414,5.469
1422.51,0.284,1.415,5.471
1422.69,0.285,1.415,5.476
1422.88,0.282,1.413,5.479
1423.6,0.281,1.416,5.482
1423.24,0.28,1.416,5.482
1423.42,0.279,1.416,5.486
1423.6,0.28,1.416,5.489
1423.79,0.279,1.416,5.497
1423.97,0.279,1.417,5.499
1424.15,0.281,1.424,5.501
1424.33,0.283,1.426,5.504
1424.52,0.282,1.425,5.507
1424.7,0.285,1.426,5.509
1427.8,0.286,1.442,5.571
1427.98,0.285,1.44,5.576
1428.16,0.286,1.441,5.579
1428.34,0.284,1.441,5.583
1428.53,0.282,1.445,5.588
1428.71,0.282,1.448,5.587
1428.89,0.282,1.449,5.59
1429.7,0.284,1.45,5.592
1429.26,0.286,1.45,5.597
1429.44,0.285,1.45,5.602
1429.62,0.286,1.449,5.606
1429.8,0.287,1.449,5.611
1429.98,0.284,1.447,5.615
1430.17,0.283,1.451,5.615
1430.35,0.285,1.449,5.619
1430.53,0.285,1.447,5.618
1430.71,0.283,1.449,5.619
1430.9,0.28,1.449,5.623
1431.8,0.277,1.449,5.631
1431.26,0.277,1.447,5.64
1431.44,0.276,1.448,5.642
1431.62,0.276,1.446,5.646
1431.81,0.277,1.45,5.648
1431.99,0.276,1.451,5.65
1432.17,0.279,1.455,5.656
1432.35,0.277,1.457,5.661
1432.54,0.275,1.461,5.666
1432.72,0.275,1.464,5.672
1432.9,0.278,1.465,5.673
1433.8,0.274,1.463,5.678
1433.27,0.276,1.464,5.684
1433.45,0.276,1.464,5.688
1433.63,0.278,1.464,5.693
1433.81,0.28,1.464,5.698
1433.99,0.279,1.465,5.7
1434.18,0.281,1.464,5.703
1434.36,0.279,1.467,5.703
1434.54,0.277,1.467,5.705
1434.72,0.277,1.466,5.708
1434.91,0.276,1.469,5.711
1435.9,0.277,1.467,5.714
1435.27,0.276,1.47,5.721
1435.45,0.28,1.472,5.725
1435.64,0.279,1.475,5.73
1435.82,0.278,1.474,5.735
1436.0,0.277,1.476,5.737
1436.18,0.275,1.477,5.739
1436.36,0.275,1.478,5.745
1436.55,0.273,1.479,5.748
1436.73,0.272,1.481,5.75
1436.91,0.271,1.482,5.753
1437.9,0.268,1.482,5.755
1437.28,0.268,1.483,5.76
1437.46,0.265,1.485,5.762
1440.38,0.285,1.495,5.825
1440.56,0.288,1.498,5.83
1440.74,0.286,1.501,5.833
1440.92,0.285,1.502,5.837
1441.1,0.284,1.504,5.841
1441.29,0.284,1.506,5.846
1441.47,0.283,1.505,5.848
1441.65,0.281,1.504,5.853
1441.83,0.282,1.503,5.858
1442.2,0.285,1.506,5.862
1442.2,0.286,1.507,5.863
1442.38,0.284,1.509,5.866
1442.56,0.282,1.508,5.87
1442.74,0.281,1.509,5.873
1442.93,0.283,1.51,5.878
1443.11,0.285,1.508,5.88
1443.29,0.285,1.508,5.884
1443.47,0.282,1.51,5.89
1443.66,0.283,1.513,5.89
1443.84,0.283,1.517,5.888
1444.2,0.288,1.515,5.887
1444.2,0.288,1.515,5.89
1444.39,0.287,1.516,5.893
1444.57,0.289,1.52,5.899
1444.75,0.287,1.522,5.903
1444.93,0.289,1.523,5.907
1445.11,0.29,1.523,5.912
1445.3,0.292,1.522,5.917
1445.48,0.293,1.524,5.919
1445.66,0.292,1.526,5.921
1445.84,0.293,1.526,5.924
1446.3,0.292,1.53,5.927
1446.21,0.293,1.529,5.931
1446.39,0.291,1.529,5.936
1446.57,0.288,1.528,5.937
1446.75,0.287,1.529,5.937
1446.94,0.287,1.53,5.94
1447.12,0.29,1.532,5.941
1447.3,0.289,1.534,5.943
1447.48,0.286,1.538,5.948
1447.67,0.286,1.545,5.954
1447.85,0.286,1.545,5.962
1448.3,0.286,1.548,5.963
1448.21,0.286,1.551,5.968
1448.4,0.286,1.554,5.972
1448.58,0.285,1.555,5.976
1448.76,0.287,1.556,5.979
1448.94,0.285,1.554,5.985
1449.12,0.289,1.553,5.991
1449.31,0.29,1.556,5.993
1449.49,0.29,1.557,5.999
1449.67,0.294,1.559,6.004
1449.85,0.292,1.559,6.011
1450.4,0.293,1.559,6.014
1450.22,0.295,1.561,6.017
1450.4,0.295,1.562,6.019
1450.58,0.297,1.564,6.024
1450.77,0.3,1.563,6.025
1450.95,0.298,1.565,6.027
1451.13,0.299,1.567,6.032
1451.31,0.301,1.567,6.037
1451.49,0.3,1.567,6.04
1451.68,0.301,1.568,6.042
1451.86,0.3,1.569,6.045
1452.4,0.301,1.57,6.049
1452.22,0.3,1.573,6.056
1452.41,0.299,1.573,6.059
1452.59,0.297,1.569,6.061
1452.77,0.295,1.573,6.066
1452.95,0.294,1.572,6.07
1453.14,0.297,1.575,6.072
1453.32,0.298,1.572,6.081
1453.5,0.3,1.573,6.087
1453.68,0.3,1.576,6.088
1453.86,0.303,1.577,6.091
1454.5,0.304,1.578,6.097
1454.23,0.303,1.578,6.102
1454.41,0.308,1.579,6.106
1454.59,0.308,1.581,6.109
1454.78,0.308,1.584,6.112
1454.96,0.31,1.585,6.116
1455.14,0.309,1.586,6.117
1455.32,0.311,1.59,6.12
1455.5,0.313,1.594,6.126
1455.69,0.311,1.596,6.133
1455.87,0.311,1.595,6.136
1456.5,0.311,1.596,6.14
1456.23,0.31,1.595,6.146
1456.42,0.311,1.596,6.147
1456.6,0.313,1.595,6.153
1456.78,0.314,1.593,6.154
1456.96,0.312,1.593,6.158
1457.15,0.314,1.596,6.163
1457.33,0.314,1.599,6.166
1457.51,0.313,1.601,6.172
1457.69,0.313,1.601,6.174
1457.87,0.313,1.601,6.178
1458.6,0.313,1.602,6.18
1458.24,0.315,1.605,6.181
1458.42,0.315,1.606,6.187
1458.6,0.315,1.611,6.19
1458.79,0.314,1.612,6.195
1458.97,0.312,1.614,6.199
1459.15,0.314,1.617,6.2
1459.33,0.317,1.617,6.202
1459.52,0.317,1.618,6.207
1459.7,0.323,1.621,6.212
1459.88,0.322,1.621,6.221
1460.6,0.324,1.624,6.223
1460.24,0.326,1.628,6.229
1460.43,0.328,1.629,6.236
1460.61,0.327,1.629,6.243
1460.79,0.328,1.628,6.248
1460.97,0.329,1.631,6.256
1461.16,0.327,1.633,6.262
1461.34,0.33,1.636,6.264
1461.52,0.331,1.635,6.272
1461.7,0.332,1.637,6.277
1461.89,0.329,1.638,6.283
1462.7,0.327,1.637,6.285
1462.25,0.327,1.641,6.294
1462.43,0.326,1.639,6.296
1462.61,0.327,1.638,6.3
1462.8,0.328,1.635,6.305
1462.98,0.324,1.638,6.311
1463.16,0.328,1.636,6.315
1463.34,0.327,1.635,6.321
1463.53,0.326,1.635,6.326
1463.71,0.327,1.635,6.329
1463.89,0.325,1.636,6.33
1464.7,0.324,1.634,6.336
1464.26,0.323,1.635,6.34
1464.44,0.323,1.635,6.345
1464.62,0.323,1.636,6.351
1464.8,0.327,1.638,6.352
1464.98,0.329,1.637,6.356
1465.17,0.325,1.638,6.357
1465.35,0.321,1.64,6.362
1465.53,0.318,1.64,6.364
1465.71,0.316,1.64,6.364
1465.9,0.314,1.641,6.369
1466.8,0.314,1.643,6.374
1466.26,0.312,1.644,6.377
1466.44,0.312,1.648,6.381
1466.63,0.312,1.649,6.385
1466.81,0.309,1.648,6.391
1466.99,0.312,1.647,6.396
1467.17,0.315,1.645,6.397
1467.35,0.314,1.645,6.401
1467.54,0.314,1.646,6.404
1467.72,0.317,1.648,6.406
1467.9,0.319,1.646,6.41
1468.8,0.322,1.647,6.415
1468.27,0.323,1.648,6.419
1468.45,0.325,1.649,6.425
1468.63,0.325,1.648,6.429
1468.81,0.325,1.647,6.431
1469.0,0.326,1.65,6.431
1469.18,0.326,1.655,6.437
1469.36,0.325,1.656,6.44
1469.54,0.327,1.659,6.447
1472.46,0.339,1.677,6.495
1472.64,0.339,1.678,6.499
1472.82,0.339,1.68,6.501
1473.1,0.338,1.679,6.505
1473.19,0.339,1.68,6.506
1473.37,0.339,1.683,6.509
1473.55,0.338,1.683,6.513
1473.74,0.338,1.687,6.519
1473.92,0.337,1.685,6.521
1474.1,0.337,1.687,6.523
1474.28,0.334,1.689,6.525
1474.46,0.334,1.687,6.527
1474.65,0.334,1.686,6.531
1474.83,0.334,1.687,6.534
1475.1,0.339,1.689,6.538
1475.19,0.337,1.688,6.54
1475.38,0.337,1.69,6.545
1475.56,0.336,1.691,6.547
1475.74,0.334,1.693,6.549
1475.92,0.336,1.696,6.552
1476.1,0.338,1.696,6.554
1476.29,0.337,1.696,6.557
1476.47,0.337,1.698,6.563
1476.65,0.334,1.698,6.567
1476.83,0.333,1.701,6.571
1477.2,0.332,1.7,6.574
1477.2,0.336,1.701,6.577
1477.38,0.338,1.703,6.581
1477.56,0.337,1.703,6.584
1477.75,0.341,1.706,6.588
1477.93,0.34,1.704,6.591
1478.11,0.338,1.707,6.596
1478.29,0.336,1.711,6.602
1481.21,0.344,1.713,6.653
1481.39,0.345,1.714,6.657
1481.57,0.346,1.717,6.661
1481.76,0.345,1.717,6.665
1481.94,0.346,1.718,6.669
1482.12,0.348,1.718,6.674
1482.3,0.347,1.719,6.679
1482.48,0.35,1.722,6.685
1482.67,0.351,1.725,6.688
1482.85,0.35,1.725,6.697
1483.3,0.352,1.725,6.701
1483.21,0.353,1.726,6.706
1483.4,0.355,1.724,6.708
1483.58,0.356,1.725,6.712
1483.76,0.357,1.726,6.714
1483.94,0.36,1.727,6.717
1484.13,0.359,1.728,6.719
1484.31,0.358,1.731,6.725
1484.49,0.358,1.731,6.727
1484.67,0.356,1.733,6.73
1484.85,0.352,1.736,6.73
1485.4,0.349,1.736,6.733
1485.22,0.343,1.738,6.736
1485.4,0.339,1.737,6.739
1485.58,0.342,1.74,6.739
1485.77,0.341,1.743,6.741
1485.95,0.341,1.743,6.744
1486.13,0.342,1.742,6.747
1486.31,0.343,1.744,6.75
1486.49,0.343,1.746,6.751
1486.68,0.343,1.745,6.755
1486.86,0.341,1.743,6.759
1487.4,0.341,1.742,6.764
1487.22,0.339,1.741,6.769
1487.41,0.335,1.742,6.774
1487.59,0.332,1.744,6.78
1487.77,0.331,1.745,6.785
1487.95,0.33,1.746,6.793
1488.14,0.327,1.748,6.8
1488.32,0.328,1.75,6.803
1488.5,0.33,1.75,6.805
1488.68,0.334,1.751,6.804
1488.86,0.334,1.752,6.806
1489.5,0.331,1.752,6.807
1489.23,0.329,1.749,6.81
1489.41,0.33,1.75,6.813
1489.59,0.331,1.752,6.812
1489.78,0.335,1.751,6.816
1489.96,0.334,1.75,6.816
1490.14,0.335,1.753,6.82
1490.32,0.334,1.754,6.823
1490.5,0.335,1.758,6.827
1490.69,0.337,1.76,6.831
1490.87,0.338,1.763,6.833
1491.5,0.339,1.763,6.838
1491.23,0.338,1.762,6.839
1491.42,0.337,1.765,6.845
1491.6,0.337,1.764,6.843
1491.78,0.339,1.764,6.847
1491.96,0.338,1.764,6.851
1492.15,0.336,1.765,6.853
1492.33,0.338,1.765,6.855
1492.51,0.335,1.766,6.861
1492.69,0.335,1.769,6.862
1492.87,0.336,1.768,6.865
1493.6,0.338,1.765,6.867
1493.24,0.336,1.765,6.867
1493.42,0.339,1.765,6.869
1493.6,0.339,1.768,6.869
1493.79,0.34,1.77,6.87
1493.97,0.343,1.773,6.871
1494.15,0.342,1.772,6.874
1494.33,0.341,1.78,6.874
1494.51,0.341,1.781,6.876
1494.7,0.341,1.784,6.882
1494.88,0.342,1.787,6.885
1495.6,0.344,1.785,6.887
1495.24,0.347,1.788,6.89
1495.43,0.348,1.793,6.897
1495.61,0.344,1.794,6.899
1495.79,0.347,1.794,6.906
1495.97,0.347,1.795,6.908
1496.16,0.344,1.798,6.913
1496.34,0.345,1.799,6.913
1496.52,0.347,1.8,6.918
1496.7,0.347,1.8,6.923
1496.88,0.348,1.803,6.928
1497.7,0.347,1.804,6.935
1497.25,0.346,1.804,6.941
1497.43,0.343,1.805,6.944
1497.61,0.341,1.81,6.949
1497.8,0.341,1.812,6.955
1497.98,0.343,1.813,6.955
1498.16,0.344,1.814,6.957
1498.34,0.344,1.814,6.961
1498.53,0.346,1.815,6.967
1498.71,0.344,1.817,6.974
1498.89,0.342,1.814,6.977
1499.7,0.345,1.816,6.98
1499.25,0.347,1.818,6.981
1499.44,0.347,1.82,6.985
1499.62,0.349,1.82,6.987
1499.8,0.351,1.82,6.995
1499.98,0.349,1.824,7.002
1500.17,0.35,1.824,7.004
1500.35,0.351,1.826,7.007
1500.53,0.348,1.826,7.01
1500.71,0.348,1.827,7.012
1500.9,0.351,1.826,7.018
1501.8,0.352,1.825,7.025
1501.26,0.351,1.825,7.031
1501.44,0.351,1.823,7.036
1501.62,0.353,1.825,7.041
1501.81,0.355,1.828,7.048
1501.99,0.352,1.832,7.052
1502.17,0.354,1.834,7.052
1502.35,0.352,1.832,7.059
1502.54,0.353,1.837,7.065
1502.72,0.353,1.838,7.07
1502.9,0.351,1.838,7.074
1503.8,0.35,1.839,7.075
1503.27,0.348,1.841,7.076
1503.45,0.349,1.843,7.078
1503.63,0.349,1.846,7.082
1503.81,0.347,1.845,7.085
1503.99,0.346,1.844,7.086
1504.18,0.349,1.843,7.088
1504.36,0.349,1.842,7.089
1504.54,0.348,1.845,7.092
1504.72,0.347,1.85,7.099
1504.91,0.345,1.853,7.098
1505.9,0.349,1.854,7.102
1505.27,0.348,1.855,7.106
1505.45,0.351,1.858,7.106
1505.64,0.351,1.861,7.109
1505.82,0.349,1.86,7.112
1506.0,0.349,1.862,7.116
1506.18,0.348,1.864,7.121
1506.36,0.345,1.868,7.124
1506.55,0.346,1.868,7.127
1506.73,0.345,1.869,7.131
1508.37,0.359,1.883,7.169
1508.55,0.357,1.884,7.172
1508.73,0.357,1.887,7.178
1508.92,0.356,1.89,7.18
1509.1,0.358,1.892,7.183
1509.28,0.357,1.893,7.186
1509.46,0.356,1.896,7.19
1509.65,0.354,1.897,7.191
1509.83,0.354,1.897,7.193
1510.1,0.355,1.898,7.197
1510.19,0.356,1.899,7.199
1510.37,0.354,1.901,7.204
1510.56,0.351,1.901,7.209
1510.74,0.348,1.903,7.21
1510.92,0.347,1.906,7.212
1511.1,0.347,1.91,7.213
1511.29,0.346,1.913,7.217
1511.47,0.343,1.913,7.223
1511.65,0.343,1.914,7.226
1511.83,0.344,1.912,7.229
1512.2,0.343,1.912,7.234
1512.2,0.344,1.915,7.237
1512.38,0.344,1.913,7.239
1512.56,0.346,1.916,7.244
1512.74,0.348,1.915,7.247
1512.93,0.348,1.915,7.25
1513.11,0.348,1.916,7.251
1513.29,0.345,1.914,7.253
1513.47,0.345,1.916,7.256
1513.66,0.346,1.916,7.26
1513.84,0.346,1.918,7.264
1514.2,0.345,1.919,7.269
1514.2,0.345,1.922,7.272
1514.38,0.343,1.923,7.275
1514.57,0.342,1.925,7.279
1514.75,0.344,1.927,7.283
1514.93,0.345,1.927,7.287
1515.11,0.346,1.926,7.291
1515.3,0.347,1.927,7.301
1515.48,0.346,1.927,7.307
1515.66,0.348,1.929,7.312
1515.84,0.35,1.933,7.315
1516.3,0.351,1.935,7.316
1516.21,0.349,1.935,7.32
1516.39,0.35,1.936,7.323
1516.57,0.35,1.935,7.324
1516.75,0.352,1.94,7.328
1516.94,0.352,1.939,7.335
1517.12,0.355,1.936,7.341
1517.3,0.356,1.935,7.341
1517.48,0.357,1.936,7.345
1517.67,0.359,1.938,7.35
1517.85,0.36,1.936,7.354
1518.3,0.363,1.936,7.352
1518.21,0.36,1.939,7.358
1518.4,0.359,1.941,7.361
1518.58,0.361,1.943,7.364
1518.76,0.363,1.945,7.369
1518.94,0.363,1.947,7.373
1519.12,0.366,1.947,7.373
1519.31,0.367,1.948,7.376
1519.49,0.368,1.948,7.382
1519.67,0.372,1.95,7.386
1519.85,0.372,1.952,7.392
1520.4,0.374,1.952,7.397
1520.22,0.372,1.95,7.4
1520.4,0.369,1.952,7.408
1520.58,0.371,1.955,7.411
1520.76,0.372,1.958,7.414
1520.95,0.375,1.96,7.416
1521.13,0.372,1.964,7.417
1521.31,0.373,1.964,7.418
1521.49,0.373,1.966,7.423
1521.68,0.372,1.968,7.427
1521.86,0.368,1.968,7.431
1522.4,0.371,1.968,7.433
1522.22,0.371,1.967,7.434
1522.41,0.37,1.97,7.439
1522.59,0.373,1.974,7.445
1522.77,0.373,1.978,7.448
1522.95,0.373,1.98,7.45
1523.13,0.374,1.985,7.455
1523.32,0.377,1.986,7.462
1523.5,0.378,1.99,7.468
1523.68,0.38,1.991,7.471
1523.86,0.38,1.991,7.474
1524.5,0.378,1.991,7.474
1524.23,0.375,1.991,7.481
1524.41,0.376,1.996,7.486
1524.59,0.377,2.0,7.49
1527.51,0.391,2.018,7.533
1527.69,0.39,2.017,7.54
1527.87,0.389,2.018,7.541
1528.6,0.388,2.02,7.545
1528.24,0.39,2.016,7.547
1528.42,0.391,2.016,7.552
1528.6,0.389,2.015,7.555
1528.79,0.386,2.018,7.557
1528.97,0.384,2.017,7.562
1529.15,0.382,2.016,7.57
1529.33,0.383,2.015,7.578
1529.51,0.385,2.014,7.587
1529.7,0.385,2.014,7.586
1529.88,0.383,2.014,7.588
1530.6,0.384,2.015,7.589
1530.24,0.383,2.017,7.594
1530.43,0.383,2.016,7.596
1530.61,0.386,2.017,7.599
1530.79,0.387,2.018,7.602
1530.97,0.384,2.021,7.606
1531.16,0.386,2.021,7.61
1531.34,0.385,2.02,7.611
1531.52,0.385,2.017,7.613
1531.7,0.386,2.018,7.618
1531.88,0.387,2.022,7.62
1532.7,0.385,2.024,7.624
1532.25,0.384,2.026,7.628
1532.43,0.384,2.026,7.63
1532.61,0.384,2.026,7.634
1532.8,0.386,2.028,7.638
1532.98,0.385,2.029,7.642
1533.16,0.386,2.032,7.648
1533.34,0.386,2.033,7.651
1533.52,0.386,2.036,7.656
1533.71,0.382,2.036,7.66
1533.89,0.383,2.038,7.666
1534.7,0.384,2.038,7.669
1534.25,0.388,2.039,7.673
1534.44,0.388,2.039,7.678
1534.62,0.388,2.041,7.683
1534.8,0.39,2.042,7.686
1534.98,0.389,2.04,7.689
1535.17,0.387,2.041,7.693
1535.35,0.388,2.043,7.697
1535.53,0.388,2.048,7.703
1535.71,0.39,2.048,7.706
1535.89,0.389,2.046,7.708
1536.8,0.392,2.048,7.712
1536.26,0.391,2.05,7.716
1536.44,0.391,2.05,7.716
1536.62,0.389,2.048,7.717
1536.81,0.392,2.047,7.722
1536.99,0.392,2.047,7.727
1537.17,0.392,2.048,7.732
1537.35,0.39,2.05,7.737
1537.53,0.39,2.054,7.743
1537.72,0.391,2.055,7.744
1537.9,0.394,2.052,7.748
1538.8,0.396,2.054,7.754
1538.26,0.394,2.054,7.761
1538.45,0.393,2.056,7.767
1538.63,0.394,2.059,7.77
1539.54,0.387,2.064,7.779
1539.72,0.389,2.061,7.782
1539.9,0.39,2.063,7.783
1540.9,0.391,2.064,7.784
1540.27,0.392,2.067,7.783
1540.45,0.393,2.068,7.785
1540.63,0.39,2.067,7.788
1540.82,0.389,2.068,7.79
1541.0,0.388,2.07,7.793
1541.18,0.389,2.068,7.797
1541.36,0.387,2.071,7.802
1547.1,0.398,2.096,7.915
1547.2,0.398,2.098,7.918
1547.38,0.4,2.097,7.919
1547.56,0.401,2.097,7.923
1547.74,0.401,2.098,7.928
1547.92,0.404,2.099,7.933
1548.11,0.403,2.1,7.931
1548.29,0.4,2.102,7.936
1548.47,0.399,2.1,7.942
1548.65,0.398,2.105,7.946
1548.84,0.397,2.106,7.947
1549.2,0.397,2.109,7.952
1549.2,0.398,2.109,7.958
1549.38,0.402,2.107,7.962
1549.56,0.403,2.111,7.969
1549.75,0.403,2.11,7.973
1549.93,0.402,2.111,7.977
1550.11,0.4,2.109,7.982
1550.29,0.401,2.111,7.982
1550.48,0.402,2.114,7.988
1550.66,0.399,2.116,7.989
1550.84,0.397,2.117,7.992
1551.2,0.395,2.119,7.997
1551.2,0.396,2.119,8.001
1551.39,0.394,2.119,8.003
1551.57,0.395,2.118,8.002
1551.75,0.394,2.116,8.004
1551.93,0.395,2.115,8.008
1552.12,0.394,2.117,8.007
1552.3,0.393,2.118,8.013
1552.48,0.394,2.12,8.018
1552.66,0.399,2.12,8.019
1552.84,0.4,2.121,8.023
1553.3,0.399,2.12,8.022
1553.21,0.399,2.123,8.025
1553.39,0.399,2.122,8.031
1553.57,0.399,2.122,8.037
1553.76,0.398,2.127,8.037
1553.94,0.398,2.127,8.042
1554.12,0.398,2.128,8.049
1554.3,0.397,2.13,8.05
1554.49,0.397,2.131,8.052
1554.67,0.398,2.13,8.054
1554.85,0.397,2.128,8.057
1555.3,0.396,2.127,8.056
1555.21,0.4,2.131,8.057
1555.4,0.401,2.136,8.059
1555.58,0.4,2.141,8.06
1555.76,0.401,2.143,8.064
1555.94,0.403,2.147,8.07
1556.13,0.404,2.148,8.075
1556.31,0.405,2.15,8.079
1556.49,0.405,2.154,8.083
1556.67,0.405,2.152,8.085
1556.85,0.403,2.154,8.083
1557.4,0.405,2.157,8.088
1557.22,0.405,2.158,8.089
1557.4,0.406,2.158,8.09
1557.58,0.406,2.158,8.092
1557.77,0.405,2.159,8.099
1557.95,0.403,2.158,8.099
1558.13,0.407,2.159,8.102
1558.31,0.405,2.159,8.102
1558.5,0.407,2.159,8.104
1558.68,0.406,2.159,8.107
1558.86,0.408,2.161,8.114
1559.4,0.404,2.16,8.119
1559.22,0.402,2.161,8.123
1559.41,0.403,2.162,8.126
1559.59,0.405,2.162,8.13
1559.77,0.406,2.166,8.135
1559.95,0.409,2.166,8.139
1560.14,0.407,2.164,8.143
1560.32,0.404,2.166,8.145
1560.5,0.405,2.17,8.15
1560.68,0.405,2.173,8.152
1560.86,0.407,2.173,8.155
1561.5,0.404,2.174,8.161
1561.23,0.405,2.175,8.164
1561.41,0.407,2.174,8.168
1561.59,0.41,2.173,8.172
1561.78,0.409,2.173,8.173
1561.96,0.407,2.174,8.176
1562.14,0.406,2.175,8.179
1562.32,0.409,2.174,8.185
1562.51,0.407,2.175,8.186
1562.69,0.403,2.174,8.191
1562.87,0.402,2.178,8.193
1563.5,0.403,2.183,8.202
1563.23,0.403,2.181,8.205
1563.42,0.402,2.184,8.208
1563.6,0.404,2.18,8.214
1563.78,0.408,2.182,8.216
1563.96,0.41,2.184,8.218
1564.15,0.411,2.185,8.219
1564.33,0.413,2.188,8.223
1564.51,0.416,2.187,8.226
1564.69,0.415,2.187,8.226
1564.87,0.417,2.19,8.232
1565.6,0.415,2.186,8.237
1565.24,0.417,2.185,8.242
1565.42,0.414,2.187,8.243
1568.52,0.42,2.212,8.299
1568.7,0.422,2.214,8.302
1568.88,0.416,2.215,8.31
1569.7,0.419,2.219,8.313
1569.25,0.412,2.219,8.317
1569.43,0.411,2.219,8.32
1569.61,0.412,2.222,8.328
1569.8,0.412,2.221,8.329
1569.98,0.415,2.223,8.332
1570.16,0.414,2.224,8.333
1570.34,0.416,2.231,8.34
1570.52,0.417,2.23,8.341
1570.71,0.416,2.227,8.345
1570.89,0.417,2.23,8.349
1571.7,0.418,2.23,8.354
1571.25,0.42,2.233,8.356
1571.44,0.423,2.235,8.357
1571.62,0.423,2.241,8.361
1571.8,0.42,2.239,8.361
1571.98,0.423,2.242,8.365
1572.16,0.424,2.242,8.371
1572.35,0.423,2.244,8.374
1572.53,0.42,2.244,8.376
1572.71,0.421,2.245,8.379
1572.89,0.419,2.241,8.379
1573.8,0.422,2.246,8.388
1573.26,0.416,2.245,8.389
1573.44,0.42,2.247,8.393
1573.62,0.42,2.242,8.392
1573.81,0.421,2.243,8.396
1573.99,0.421,2.244,8.4
1574.17,0.421,2.247,8.403
1574.35,0.417,2.246,8.403
1574.53,0.423,2.252,8.412
1574.72,0.417,2.248,8.416
1574.9,0.419,2.251,8.42
1575.8,0.415,2.254,8.421
1575.26,0.419,2.261,8.426
1575.45,0.415,2.259,8.424
1575.63,0.417,2.264,8.428
1575.81,0.416,2.265,8.431
1575.99,0.418,2.268,8.437
1576.17,0.417,2.271,8.439
1576.36,0.419,2.274,8.448
1576.54,0.418,2.272,8.453
1576.72,0.42,2.274,8.455
1576.9,0.421,2.276,8.457
1577.9,0.423,2.276,8.455
1577.27,0.421,2.277,8.459
1577.45,0.422,2.279,8.465
1577.63,0.421,2.279,8.469
1577.81,0.42,2.286,8.472
1578.0,0.418,2.286,8.475
1578.18,0.421,2.289,8.479
1578.36,0.418,2.289,8.483
1578.54,0.421,2.292,8.486
1578.73,0.422,2.291,8.492
1578.91,0.42,2.291,8.499
1579.9,0.421,2.292,8.503
1579.27,0.422,2.293,8.504
1579.45,0.422,2.291,8.512
1579.64,0.421,2.293,8.518
1579.82,0.422,2.297,8.526
1580.0,0.425,2.301,8.527
1580.18,0.426,2.303,8.533
1580.37,0.425,2.304,8.538
1580.55,0.424,2.303,8.541
1580.73,0.423,2.305,8.546
1581.28,0.425,2.308,8.558
1581.46,0.424,2.31,8.561
1581.64,0.426,2.311,8.564
1581.82,0.424,2.309,8.568
1582.1,0.424,2.308,8.573
1582.19,0.424,2.307,8.579
1582.37,0.425,2.307,8.581
1582.55,0.424,2.306,8.586
1582.74,0.426,2.306,8.592
1582.92,0.426,2.304,8.598
1583.1,0.428,2.305,8.603
1583.28,0.429,2.305,8.608
1583.46,0.43,2.307,8.615
1583.65,0.433,2.309,8.615
1583.83,0.434,2.313,8.62
1584.1,0.438,2.315,8.627
1584.19,0.437,2.316,8.63
1584.38,0.435,2.318,8.631
1584.56,0.436,2.318,8.636
1584.74,0.438,2.317,8.638
1584.92,0.437,2.318,8.642
1585.1,0.439,2.318,8.648
1585.29,0.438,2.323,8.657
1585.47,0.436,2.322,8.662
1585.65,0.437,2.324,8.663
1585.83,0.44,2.323,8.664
1586.2,0.438,2.324,8.667
1586.2,0.439,2.323,8.672
1586.38,0.437,2.321,8.675
1586.56,0.435,2.325,8.679
1586.74,0.431,2.326,8.683
1586.93,0.432,2.329,8.686
1587.11,0.433,2.331,8.689
1587.29,0.435,2.332,8.691
1587.47,0.433,2.333,8.696
1587.66,0.435,2.335,8.701
1587.84,0.435,2.334,8.708
1588.2,0.436,2.335,8.71
1588.2,0.436,2.337,8.713
1588.38,0.438,2.336,8.716
1588.57,0.435,2.337,8.717
1588.75,0.434,2.34,8.721
1588.93,0.437,2.343,8.725
1589.11,0.438,2.344,8.727
1589.3,0.442,2.347,8.726
1589.48,0.442,2.347,8.732
1589.84,0.444,2.349,8.734
1590.2,0.443,2.35,8.735
1590.21,0.444,2.349,8.74
1590.39,0.445,2.354,8.743
1590.57,0.443,2.353,8.747
1590.75,0.445,2.355,8.752
1590.94,0.445,2.356,8.757
1591.12,0.441,2.359,8.759
1591.3,0.441,2.363,8.761
1591.48,0.439,2.365,8.765
1591.66,0.439,2.369,8.772
1591.85,0.439,2.366,8.775
1592.3,0.443,2.367,8.777
1592.21,0.446,2.368,8.782
1592.39,0.446,2.369,8.782
1592.58,0.446,2.372,8.784
1592.76,0.449,2.374,8.793
1592.94,0.45,2.372,8.796
1593.12,0.448,2.374,8.799
1593.31,0.449,2.377,8.801
1593.49,0.45,2.376,8.807
1593.67,0.45,2.377,8.808
1593.85,0.449,2.378,8.811
1594.3,0.449,2.375,8.811
1594.22,0.449,2.375,8.815
1594.4,0.446,2.375,8.821
1594.58,0.446,2.381,8.828
1594.76,0.447,2.383,8.832
1594.95,0.449,2.384,8.838
1595.13,0.45,2.383,8.837
1595.31,0.449,2.382,8.841
1595.49,0.446,2.385,8.844
1597.13,0.456,2.407,8.888
1597.31,0.455,2.409,8.89
1597.5,0.455,2.41,8.891
1597.68,0.457,2.412,8.894
1597.86,0.456,2.413,8.898
1598.4,0.455,2.412,8.901
1598.23,0.456,2.411,8.901
1598.41,0.457,2.411,8.904
1598.59,0.458,2.411,8.908
1598.77,0.46,2.412,8.911
1598.95,0.461,2.412,8.916
1599.14,0.463,2.413,8.92
1599.32,0.464,2.413,8.923
1599.5,0.459,2.413,8.926
1599.68,0.457,2.414,8.931
1599.87,0.457,2.415,8.938
1600.5,0.455,2.416,8.941
1600.23,0.449,2.418,8.943
1600.41,0.449,2.42,8.951
1600.59,0.449,2.421,8.956
1600.78,0.449,2.421,8.961
1600.96,0.448,2.423,8.962
1601.14,0.448,2.424,8.965
1601.32,0.45,2.426,8.968
1601.51,0.452,2.427,8.974
1601.69,0.452,2.429,8.976
1601.87,0.453,2.429,8.979
1602.5,0.45,2.427,8.986
1602.23,0.452,2.429,8.988
1602.42,0.454,2.429,8.988
1602.6,0.453,2.43,8.992
1602.78,0.452,2.432,8.995
1602.96,0.453,2.434,9.0
1603.15,0.455,2.435,9.004
1603.33,0.457,2.436,9.007
1603.51,0.459,2.438,9.011
1603.69,0.46,2.439,9.012
1603.88,0.46,2.439,9.015
1604.6,0.458,2.439,9.018
1604.24,0.458,2.441,9.022
1604.42,0.458,2.444,9.028
1604.6,0.459,2.442,9.033
1604.79,0.456,2.444,9.04
1604.97,0.453,2.447,9.044
1605.15,0.454,2.447,9.052
1605.33,0.455,2.447,9.053
1605.52,0.456,2.448,9.056
1605.7,0.454,2.451,9.058
1605.88,0.454,2.452,9.062
1606.6,0.455,2.455,9.066
1606.24,0.454,2.457,9.07
1606.43,0.454,2.463,9.079
1606.61,0.45,2.464,9.085
1606.79,0.45,2.465,9.092
1606.97,0.454,2.468,9.093
1607.16,0.454,2.468,9.098
1607.34,0.456,2.467,9.101
1607.52,0.456,2.469,9.102
1607.7,0.459,2.467,9.108
1607.88,0.46,2.465,9.113
1608.7,0.462,2.467,9.115
1608.25,0.46,2.471,9.117
1609.71,0.468,2.48,9.149
1609.89,0.47,2.48,9.152
1610.7,0.472,2.482,9.149
1610.25,0.471,2.483,9.15
1610.44,0.47,2.486,9.152
1610.62,0.472,2.488,9.157
1610.8,0.473,2.486,9.159
1610.98,0.478,2.485,9.163
1611.16,0.475,2.486,9.165
1611.35,0.473,2.489,9.164
1611.53,0.476,2.486,9.167
1611.71,0.479,2.489,9.17
1611.89,0.478,2.491,9.173
1612.8,0.477,2.494,9.178
1612.26,0.478,2.497,9.18
1612.44,0.477,2.498,9.185
1612.62,0.478,2.498,9.186
1612.8,0.479,2.502,9.189
1612.99,0.475,2.5,9.19
1613.17,0.477,2.499,9.195
1613.35,0.478,2.499,9.198
1613.53,0.479,2.499,9.198
1613.72,0.48,2.499,9.201
1613.9,0.482,2.503,9.205
1614.8,0.483,2.508,9.208
1614.26,0.483,2.51,9.209
1614.44,0.481,2.508,9.212
1614.63,0.48,2.508,9.217
1614.81,0.478,2.511,9.217
1614.99,0.48,2.511,9.218
1615.17,0.483,2.512,9.22
1615.36,0.484,2.511,9.223
1615.54,0.482,2.51,9.226
1615.72,0.48,2.51,9.228
1615.9,0.48,2.513,9.232
1616.9,0.479,2.516,9.238
1616.27,0.479,2.518,9.241
1616.45,0.477,2.517,9.243
1616.63,0.477,2.52,9.244
1616.81,0.477,2.521,9.246
1617.0,0.478,2.523,9.247
1617.18,0.477,2.523,9.251
1617.36,0.477,2.524,9.257
1617.54,0.477,2.526,9.261
1617.73,0.478,2.528,9.268
1617.91,0.477,2.53,9.272
1618.9,0.474,2.533,9.275
1618.27,0.474,2.532,9.28
1618.45,0.473,2.532,9.284
1618.64,0.472,2.536,9.292
1618.82,0.47,2.538,9.295
1619.0,0.468,2.542,9.296
1619.18,0.469,2.543,9.299
1619.37,0.469,2.545,9.302
1619.55,0.466,2.547,9.307
1619.73,0.467,2.544,9.313
1619.91,0.467,2.546,9.315
1620.9,0.466,2.549,9.318
1620.28,0.462,2.549,9.32
1620.46,0.465,2.554,9.322
1620.64,0.464,2.559,9.327
1620.82,0.464,2.558,9.33
1621.1,0.462,2.559,9.334
1621.19,0.466,2.563,9.341
1621.37,0.466,2.565,9.34
1621.55,0.465,2.566,9.344
1621.73,0.466,2.564,9.348
1621.92,0.468,2.563,9.349
1622.1,0.468,2.56,9.352
1622.28,0.469,2.562,9.356
1622.46,0.473,2.561,9.36
1622.65,0.473,2.562,9.362
1622.83,0.474,2.563,9.366
1623.1,0.473,2.563,9.37
1623.19,0.47,2.565,9.373
1623.37,0.472,2.567,9.376
1623.56,0.47,2.57,9.381
1623.74,0.47,2.574,9.386
1623.92,0.47,2.577,9.39
1624.1,0.471,2.575,9.396
1624.29,0.471,2.575,9.398
1624.47,0.472,2.573,9.403
1624.65,0.474,2.569,9.408
1624.83,0.476,2.566,9.413
1625.1,0.478,2.569,9.417
1625.2,0.478,2.569,9.422
1625.38,0.476,2.57,9.424
1625.56,0.476,2.572,9.424
1625.74,0.478,2.577,9.43
1625.93,0.476,2.576,9.432
1626.11,0.478,2.576,9.434
1626.29,0.478,2.576,9.436
1626.47,0.476,2.578,9.439
1626.65,0.477,2.576,9.442
1626.84,0.479,2.575,9.445
1627.2,0.479,2.577,9.449
1627.2,0.479,2.577,9.453
1627.38,0.478,2.579,9.455
1627.57,0.476,2.58,9.459
1627.75,0.474,2.581,9.466
1627.93,0.476,2.581,9.465
1628.11,0.476,2.58,9.47
1628.3,0.475,2.581,9.476
1628.48,0.476,2.584,9.484
1628.66,0.479,2.587,9.487
1628.84,0.481,2.588,9.491
1629.2,0.479,2.588,9.491
1629.21,0.48,2.588,9.494
1629.39,0.478,2.587,9.499
1629.57,0.48,2.587,9.501
1629.75,0.479,2.591,9.506
1629.94,0.482,2.59,9.507
1630.12,0.483,2.593,9.511
1630.3,0.481,2.595,9.514
1630.48,0.481,2.594,9.516
1630.66,0.48,2.594,9.517
1630.85,0.48,2.593,9.523
1631.3,0.483,2.593,9.528
1631.21,0.485,2.597,9.531
1631.39,0.485,2.594,9.535
1631.58,0.485,2.595,9.535
1631.76,0.485,2.597,9.54
1631.94,0.483,2.599,9.543
1632.12,0.485,2.599,9.545
1632.3,0.487,2.6,9.546
1632.49,0.486,2.602,9.55
1632.67,0.483,2.603,9.551
1632.85,0.482,2.603,9.555
1633.3,0.481,2.604,9.558
1633.22,0.48,2.605,9.563
1633.4,0.479,2.605,9.569
1633.58,0.478,2.602,9.571
1633.76,0.478,2.602,9.575
1633.94,0.479,2.601,9.579
1634.13,0.482,2.606,9.583
1634.31,0.482,2.61,9.589
1634.49,0.483,2.61,9.592
1634.67,0.483,2.614,9.597
1634.86,0.485,2.615,9.602
1635.4,0.483,2.617,9.606
1635.22,0.481,2.619,9.614
1635.4,0.482,2.614,9.617
1635.59,0.482,2.615,9.622
1635.77,0.482,2.615,9.628
1635.95,0.481,2.618,9.63
1636.13,0.485,2.621,9.634
1636.31,0.483,2.621,9.638
1636.5,0.484,2.623,9.643
1636.68,0.484,2.624,9.65
1636.86,0.484,2.624,9.654
1637.4,0.489,2.623,9.655
1637.23,0.49,2.621,9.656
1637.41,0.491,2.623,9.659
1637.59,0.493,2.623,9.665
1637.77,0.493,2.626,9.668
1637.95,0.491,2.625,9.675
1638.14,0.489,2.625,9.678
1638.32,0.49,2.625,9.681
1638.5,0.493,2.623,9.684
1638.68,0.492,2.624,9.688
1638.87,0.492,2.623,9.693
1639.5,0.489,2.625,9.695
1639.23,0.488,2.626,9.698
1639.41,0.491,2.629,9.701
1639.6,0.491,2.634,9.706
1639.78,0.49,2.638,9.715
1639.96,0.487,2.64,9.718
1640.14,0.485,2.64,9.721
1640.32,0.487,2.643,9.726
1640.51,0.491,2.646,9.732
1640.69,0.49,2.649,9.738
1640.87,0.491,2.65,9.742
1641.5,0.491,2.651,9.748
1641.24,0.491,2.652,9.75
1641.42,0.493,2.653,9.751
1641.6,0.494,2.656,9.751
1641.78,0.496,2.657,9.753
1641.96,0.494,2.657,9.755
1642.15,0.496,2.655,9.755
1642.33,0.5,2.656,9.758
1642.51,0.501,2.655,9.759
1642.69,0.503,2.658,9.767
1642.88,0.506,2.661,9.771
1643.6,0.507,2.662,9.774
1643.24,0.504,2.668,9.781
1643.42,0.505,2.669,9.785
1643.6,0.502,2.671,9.787
1643.79,0.504,2.673,9.791
1643.97,0.502,2.674,9.791
1644.15,0.501,2.673,9.796
1644.33,0.501,2.673,9.797
1644.52,0.502,2.673,9.799
1644.7,0.5,2.675,9.798
1644.88,0.496,2.679,9.801
1645.6,0.498,2.676,9.805
1645.25,0.499,2.675,9.809
1645.43,0.498,2.675,9.815
1645.61,0.498,2.677,9.817
1645.79,0.497,2.679,9.82
1645.97,0.496,2.682,9.825
1650.9,0.487,2.706,9.928
1651.8,0.484,2.708,9.928
1651.26,0.484,2.71,9.93
1651.44,0.483,2.71,9.934
1651.62,0.484,2.708,9.933
1651.81,0.485,2.71,9.935
1651.99,0.484,2.71,9.938
1652.17,0.484,2.71,9.941
1652.35,0.489,2.711,9.948
1658.0,0.469,2.737,10.051
1658.19,0.468,2.738,10.056
1658.37,0.467,2.739,10.058
1658.55,0.465,2.74,10.062
1658.73,0.464,2.743,10.064
1658.92,0.464,2.746,10.067
1659.1,0.464,2.747,10.069
1659.28,0.463,2.748,10.074
1659.46,0.463,2.75,10.078
1659.64,0.464,2.751,10.081
1659.83,0.466,2.753,10.086
1660.1,0.468,2.755,10.09
1660.19,0.469,2.755,10.096
1660.74,0.466,2.753,10.11
1660.92,0.466,2.756,10.115
1661.1,0.467,2.758,10.118
1661.28,0.469,2.755,10.12
1661.47,0.47,2.753,10.125
1661.65,0.472,2.757,10.129
1661.83,0.472,2.758,10.13
1662.1,0.468,2.759,10.135
1662.2,0.471,2.757,10.136
1662.38,0.473,2.757,10.14
1662.56,0.473,2.756,10.14
1662.74,0.474,2.758,10.143
1662.93,0.476,2.758,10.147
1663.11,0.477,2.76,10.152
1663.29,0.475,2.761,10.157
1663.47,0.475,2.762,10.161
1663.65,0.474,2.763,10.164
1663.84,0.474,2.763,10.165
1664.2,0.473,2.764,10.171
1664.2,0.477,2.76,10.172
1664.38,0.474,2.761,10.176
1664.57,0.474,2.764,10.178
1664.75,0.474,2.765,10.18
1664.93,0.475,2.763,10.182
1665.66,0.472,2.774,10.194
1665.84,0.471,2.777,10.199
1666.2,0.472,2.778,10.203
1666.21,0.474,2.778,10.208
1666.39,0.475,2.779,10.21
1666.57,0.475,2.777,10.216
1666.75,0.474,2.775,10.218
1666.94,0.476,2.776,10.22
1667.12,0.475,2.778,10.223
1671.86,0.486,2.795,10.327
1672.4,0.488,2.795,10.332
1672.22,0.489,2.799,10.336
1672.4,0.488,2.8,10.343
1672.59,0.487,2.801,10.346
1672.77,0.489,2.802,10.351
1672.95,0.49,2.8,10.352
1673.13,0.49,2.801,10.359
1673.31,0.493,2.8,10.362
1673.5,0.492,2.802,10.367
1673.68,0.492,2.802,10.372
1673.86,0.493,2.805,10.383
1674.4,0.494,2.803,10.385
1674.23,0.495,2.802,10.388
1674.41,0.499,2.805,10.39
1674.59,0.496,2.807,10.394
1674.77,0.498,2.809,10.397
1674.96,0.497,2.809,10.401
1676.23,0.502,2.818,10.436
1676.41,0.502,2.821,10.442
1676.6,0.502,2.823,10.446
1676.78,0.501,2.822,10.449
1676.96,0.502,2.824,10.454
1677.14,0.503,2.825,10.456
1677.32,0.505,2.828,10.461
1677.51,0.506,2.831,10.467
1677.69,0.506,2.83,10.474
1677.87,0.504,2.833,10.481
1678.5,0.506,2.836,10.487
1678.24,0.507,2.838,10.491
1678.42,0.507,2.839,10.497
1678.6,0.508,2.841,10.502
1678.78,0.508,2.841,10.508
1679.88,0.506,2.841,10.528
1680.6,0.506,2.837,10.53
1680.24,0.505,2.836,10.533
1680.42,0.505,2.839,10.536
1680.61,0.506,2.842,10.541
1680.79,0.503,2.845,10.543
1680.97,0.503,2.845,10.546
1681.15,0.506,2.847,10.549
1681.33,0.504,2.846,10.555
1681.52,0.504,2.846,10.557
1681.7,0.501,2.847,10.562
1681.88,0.504,2.849,10.565
1682.6,0.506,2.854,10.568
1682.25,0.506,2.85,10.57
1682.43,0.505,2.852,10.575
1682.61,0.505,2.854,10.581
1682.79,0.506,2.854,10.588
1682.97,0.504,2.852,10.594
1683.16,0.508,2.856,10.599
1683.34,0.508,2.858,10.604
1683.52,0.509,2.862,10.611
1683.7,0.509,2.865,10.619
1683.89,0.509,2.864,10.622
1684.7,0.512,2.867,10.626
1684.25,0.512,2.867,10.63
1684.43,0.513,2.869,10.634
1684.62,0.514,2.868,10.637
1684.8,0.513,2.87,10.642
1684.98,0.512,2.869,10.648
1685.16,0.51,2.87,10.653
1685.34,0.511,2.871,10.659
1685.53,0.513,2.867,10.664
1685.71,0.512,2.866,10.671
1685.89,0.51,2.866,10.678
1686.7,0.51,2.868,10.683
1686.26,0.511,2.869,10.687
1686.44,0.511,2.87,10.693
1686.62,0.511,2.871,10.697
1686.8,0.509,2.872,10.7
1686.98,0.509,2.873,10.704
1687.17,0.51,2.87,10.707
1687.35,0.509,2.872,10.709
1687.53,0.507,2.873,10.716
1687.71,0.508,2.872,10.723
1687.9,0.508,2.874,10.728
1688.8,0.508,2.874,10.734
1688.26,0.509,2.877,10.74
1688.44,0.51,2.879,10.748
1688.62,0.511,2.879,10.749
1688.81,0.511,2.882,10.752
1688.99,0.51,2.882,10.755
1689.17,0.513,2.883,10.757
1689.35,0.512,2.887,10.762
1689.54,0.511,2.888,10.763
1689.72,0.513,2.887,10.762
1689.9,0.512,2.884,10.763
1690.8,0.511,2.886,10.767
1690.27,0.511,2.886,10.771
1690.45,0.511,2.889,10.776
1690.63,0.513,2.891,10.777
1690.81,0.513,2.892,10.779
1690.99,0.513,2.896,10.782
1691.18,0.513,2.901,10.787
1691.36,0.513,2.899,10.79
1691.54,0.517,2.9,10.793
1691.72,0.516,2.902,10.797
1691.91,0.517,2.906,10.803
1692.9,0.515,2.909,10.804
1692.27,0.517,2.91,10.806
1692.45,0.514,2.911,10.81
1692.63,0.518,2.912,10.812
1692.82,0.52,2.916,10.82
1693.0,0.518,2.918,10.827
1693.18,0.516,2.919,10.835
1693.36,0.515,2.921,10.838
1693.55,0.514,2.922,10.842
1693.73,0.516,2.924,10.846
1693.91,0.518,2.928,10.849
1694.9,0.516,2.927,10.855
1694.28,0.517,2.93,10.861
1694.46,0.516,2.932,10.865
1694.64,0.514,2.932,10.869
1694.82,0.516,2.934,10.871
1695.0,0.515,2.934,10.878
1695.19,0.515,2.934,10.885
1695.37,0.514,2.936,10.885
1695.55,0.517,2.939,10.888
1695.73,0.52,2.94,10.892
1695.92,0.52,2.94,10.895
1696.1,0.519,2.941,10.899
1696.28,0.519,2.944,10.901
1696.46,0.519,2.944,10.903
1696.64,0.52,2.946,10.906
1696.83,0.521,2.943,10.908
1697.1,0.523,2.945,10.911
1697.19,0.52,2.943,10.91
1697.37,0.525,2.948,10.915
1697.56,0.52,2.946,10.917
1697.74,0.518,2.949,10.919
1697.92,0.518,2.951,10.923
1698.1,0.52,2.951,10.93
1698.29,0.521,2.952,10.933
1698.47,0.522,2.952,10.938
1698.65,0.522,2.954,10.941
1698.83,0.518,2.954,10.941
1699.1,0.519,2.954,10.944
1699.2,0.52,2.953,10.945
1699.38,0.521,2.955,10.95
1699.56,0.518,2.953,10.953
1699.74,0.519,2.954,10.953
1699.93,0.521,2.956,10.956
1700.11,0.52,2.957,10.959
1700.29,0.52,2.956,10.965
1700.47,0.517,2.954,10.968
1700.65,0.517,2.955,10.971
1700.84,0.517,2.955,10.971
1701.2,0.519,2.955,10.979
1701.2,0.518,2.954,10.982
1701.38,0.517,2.957,10.985
1701.57,0.516,2.961,10.99
1701.75,0.517,2.962,10.993
1701.93,0.519,2.964,10.995
1702.11,0.518,2.963,10.997
1702.3,0.517,2.963,11.0
1702.48,0.52,2.962,11.003
1702.66,0.521,2.962,11.008
1702.84,0.522,2.965,11.012
1703.2,0.524,2.969,11.015
1703.21,0.527,2.971,11.022
1704.3,0.537,2.98,11.048
1704.48,0.539,2.979,11.048
1704.66,0.542,2.977,11.055
1704.85,0.544,2.981,11.06
1705.3,0.544,2.983,11.064
1705.21,0.544,2.982,11.069
1705.39,0.543,2.981,11.074
1705.58,0.544,2.985,11.075
1705.76,0.544,2.988,11.08
1705.94,0.549,2.992,11.084
1706.12,0.549,2.992,11.089
1706.31,0.546,2.994,11.093
1706.49,0.547,2.998,11.095
1706.67,0.55,2.997,11.097
1706.85,0.0,0.0,0.0
1707.3,-0.0,0.003,0.005
1707.22,-0.0,0.0,0.011
1707.4,-0.0,0.0,0.013
1707.58,-0.002,0.001,0.018
1707.76,-0.002,0.001,0.02
1707.95,-0.002,0.004,0.025
1708.13,-0.007,0.001,0.026
1708.31,-0.006,0.0,0.031
1708.49,-0.007,-0.001,0.036
1708.67,-0.004,0.0,0.04
1708.86,-0.005,0.004,0.046
1709.4,-0.003,0.005,0.05
1709.22,-0.006,0.006,0.056
1709.4,-0.004,0.01,0.059
1709.59,-0.005,0.011,0.062
1709.77,-0.003,0.011,0.062
1709.95,-0.005,0.012,0.071
1710.13,-0.005,0.014,0.074
1710.31,-0.006,0.014,0.082
1710.5,-0.001,0.012,0.089
1710.68,-0.001,0.011,0.093
1710.86,-0.001,0.01,0.095
1711.4,-0.001,0.014,0.103
1711.23,-0.003,0.016,0.108
1711.41,-0.002,0.016,0.115
1711.59,-0.0,0.012,0.121
1711.77,-0.0,0.011,0.124
1711.96,-0.0,0.014,0.127
1712.14,-0.002,0.014,0.132
1712.32,-0.002,0.016,0.137
1712.5,-0.001,0.017,0.144
1712.68,0.0,0.017,0.148
1712.87,0.0,0.019,0.154
1713.5,-0.002,0.02,0.156
1713.23,-0.003,0.021,0.164
1713.41,-0.006,0.017,0.166
1713.6,-0.007,0.021,0.175
1713.78,-0.008,0.017,0.174
1713.96,-0.006,0.019,0.184
1714.14,-0.005,0.025,0.188
1714.32,-0.004,0.031,0.193
1714.51,-0.007,0.031,0.196
1715.24,-0.007,0.028,0.208
1715.42,-0.01,0.029,0.21
1715.6,-0.009,0.035,0.217
1715.78,-0.01,0.035,0.222
1715.96,-0.007,0.035,0.229
1716.15,-0.006,0.036,0.234
1716.33,-0.006,0.038,0.238
1716.51,-0.008,0.042,0.241
1716.69,-0.007,0.042,0.248
1716.88,-0.005,0.046,0.249
1717.6,-0.007,0.047,0.252
1717.24,-0.007,0.049,0.255
1717.42,-0.007,0.052,0.258
1717.61,-0.007,0.054,0.264
1717.79,-0.007,0.054,0.27
1717.97,-0.008,0.056,0.274
1718.15,-0.009,0.057,0.279
1718.33,-0.009,0.059,0.28
1718.52,-0.007,0.063,0.283
1718.7,-0.006,0.061,0.287
1718.88,-0.003,0.064,0.292
1719.6,-0.003,0.067,0.296
1719.25,-0.002,0.068,0.304
1719.43,-0.003,0.072,0.308
1719.61,-0.001,0.073,0.314
1719.79,-0.0,0.074,0.316
1719.97,0.0,0.076,0.322
1720.16,0.0,0.074,0.324
1720.34,0.001,0.076,0.331
1720.52,-0.0,0.073,0.336
1720.7,0.001,0.077,0.339
1720.89,-0.0,0.075,0.343
1721.98,-0.004,0.084,0.367
1722.16,-0.002,0.083,0.368
1722.34,-0.005,0.085,0.368
1722.53,-0.005,0.085,0.37
1722.71,-0.006,0.084,0.375
1722.89,-0.007,0.085,0.381
1723.7,-0.006,0.085,0.385
1723.26,-0.009,0.087,0.388
1723.44,-0.009,0.084,0.391
1723.62,-0.009,0.086,0.394
1729.9,-0.007,0.107,0.498
1729.27,-0.007,0.106,0.501
1729.45,-0.007,0.104,0.505
1729.64,-0.006,0.109,0.508
1729.82,-0.005,0.113,0.511
1730.0,-0.003,0.111,0.515
1730.18,-0.001,0.111,0.517
1730.36,-0.001,0.109,0.524
1730.55,0.001,0.11,0.527
1730.73,0.002,0.11,0.529
1730.91,0.003,0.111,0.531
1731.9,0.006,0.114,0.534
1731.28,0.009,0.119,0.538
1731.46,0.008,0.122,0.54
1731.64,0.007,0.121,0.542
1731.82,0.007,0.124,0.546
1732.1,0.007,0.123,0.551
1732.19,0.005,0.121,0.553
1732.37,0.004,0.12,0.557
1732.55,0.003,0.12,0.562
1732.73,0.004,0.121,0.566
1732.92,0.005,0.121,0.569
1733.1,0.006,0.121,0.57
1733.28,0.005,0.119,0.575
1733.46,0.005,0.12,0.577
1733.65,0.005,0.122,0.584
1733.83,0.003,0.121,0.587
1734.1,0.005,0.124,0.592
1734.19,0.003,0.126,0.597
1734.38,0.002,0.129,0.603
1734.56,0.001,0.128,0.606
1734.74,-0.0,0.128,0.611
1734.92,-0.001,0.132,0.613
1735.1,-0.001,0.132,0.615
1735.29,-0.002,0.133,0.622
1735.47,-0.002,0.133,0.627
1735.65,-0.0,0.134,0.63
1735.83,-0.001,0.134,0.632
1736.2,-0.001,0.139,0.632
1736.2,-0.0,0.138,0.64
1736.38,0.001,0.135,0.641
1736.56,0.002,0.134,0.644
1736.74,0.001,0.134,0.646
1736.93,0.0,0.136,0.65
1737.11,0.0,0.137,0.653
1737.29,0.003,0.139,0.657
1737.47,0.007,0.14,0.662
1737.66,0.01,0.138,0.665
1737.84,0.011,0.137,0.668
1738.2,0.01,0.134,0.673
1738.2,0.01,0.135,0.676
1738.39,0.01,0.136,0.678
1738.57,0.01,0.14,0.679
1738.75,0.01,0.141,0.684
1739.84,0.014,0.147,0.714
1740.3,0.012,0.146,0.714
1740.21,0.013,0.142,0.719
1740.39,0.015,0.144,0.724
1740.57,0.016,0.146,0.73
1740.76,0.013,0.149,0.732
1740.94,0.014,0.15,0.735
1741.12,0.016,0.149,0.739
1741.3,0.015,0.15,0.741
1741.48,0.014,0.148,0.746
1741.67,0.014,0.149,0.747
1741.85,0.015,0.148,0.75
1742.3,0.017,0.149,0.752
1742.21,0.015,0.15,0.755
1742.4,0.014,0.148,0.76
1742.58,0.012,0.148,0.766
1742.76,0.013,0.15,0.77
1742.94,0.013,0.149,0.774
1743.13,0.013,0.15,0.775
1743.31,0.016,0.15,0.782
1744.4,0.017,0.155,0.803
1744.58,0.016,0.155,0.807
1744.77,0.018,0.156,0.809
1744.95,0.016,0.156,0.813
1745.13,0.017,0.158,0.814
1745.31,0.018,0.159,0.82
1745.5,0.019,0.159,0.82
1745.68,0.019,0.165,0.827
1745.86,0.018,0.161,0.832
1751.15,0.016,0.189,0.941
1751.33,0.018,0.19,0.947
1751.51,0.017,0.19,0.951
1751.69,0.017,0.192,0.954
1751.87,0.016,0.19,0.959
1752.6,0.014,0.196,0.963
1752.24,0.015,0.196,0.965
1752.42,0.015,0.195,0.971
1752.6,0.016,0.197,0.972
1752.79,0.017,0.2,0.983
1752.97,0.014,0.198,0.98
1753.15,0.018,0.204,0.984
1753.33,0.019,0.198,0.985
1753.52,0.023,0.201,0.988
1753.7,0.023,0.204,0.997
1753.88,0.02,0.201,0.999
1754.6,0.024,0.204,1.007
1754.24,0.017,0.199,1.008
1754.43,0.02,0.201,1.014
1754.61,0.017,0.2,1.014
1754.79,0.019,0.204,1.02
1754.97,0.018,0.205,1.021
1755.16,0.017,0.204,1.029
1755.34,0.018,0.205,1.036
1755.52,0.019,0.207,1.041
1755.7,0.02,0.207,1.042
1755.89,0.016,0.209,1.041
1756.7,0.018,0.21,1.045
1756.25,0.018,0.213,1.048
1756.43,0.02,0.209,1.053
1756.61,0.022,0.211,1.057
1756.8,0.019,0.213,1.06
1756.98,0.02,0.213,1.065
1757.16,0.02,0.211,1.071
1757.34,0.02,0.214,1.073
1757.53,0.021,0.216,1.073
1757.71,0.021,0.219,1.079
1757.89,0.022,0.221,1.084
1758.7,0.026,0.224,1.085
1758.26,0.028,0.224,1.09
1758.44,0.024,0.225,1.096
1758.62,0.024,0.227,1.099
1758.8,0.024,0.226,1.101
1758.98,0.025,0.228,1.104
1759.17,0.025,0.231,1.109
1759.35,0.026,0.233,1.108
1759.53,0.024,0.237,1.113
1759.71,0.02,0.235,1.114
1759.9,0.02,0.238,1.117
1760.8,0.02,0.238,1.12
1760.26,0.025,0.241,1.121
1760.44,0.021,0.239,1.121
1760.62,0.024,0.24,1.126
1760.81,0.022,0.239,1.129
1760.99,0.022,0.243,1.132
1761.17,0.023,0.245,1.133
1761.35,0.023,0.245,1.138
1761.54,0.021,0.244,1.139
1761.72,0.019,0.242,1.139
1761.9,0.022,0.243,1.145
1762.8,0.022,0.239,1.149
1762.27,0.024,0.241,1.155
1762.45,0.025,0.239,1.159
1762.63,0.027,0.245,1.161
1764.27,0.033,0.258,1.204
1764.45,0.032,0.257,1.208
1764.64,0.034,0.258,1.211
1764.82,0.032,0.259,1.217
1765.0,0.032,0.258,1.222
1765.18,0.032,0.258,1.225
1765.36,0.033,0.256,1.229
1765.55,0.03,0.257,1.232
1765.73,0.032,0.262,1.235
1765.91,0.032,0.264,1.237
1766.9,0.033,0.263,1.241
1771.93,0.027,0.312,1.382
1772.11,0.028,0.312,1.387
1772.29,0.029,0.311,1.388
1772.47,0.029,0.313,1.394
1772.66,0.028,0.316,1.399
1772.84,0.03,0.32,1.403
1773.2,0.03,0.318,1.408
1773.2,0.029,0.315,1.413
1773.38,0.032,0.318,1.415
1773.57,0.035,0.318,1.418
1779.58,0.037,0.355,1.54
1779.77,0.038,0.355,1.542
1779.95,0.036,0.353,1.546
1780.13,0.038,0.354,1.55
1780.31,0.039,0.356,1.555
1780.49,0.041,0.358,1.558
1780.68,0.042,0.362,1.557
1780.86,0.039,0.363,1.556
1781.4,0.036,0.363,1.56
1781.22,0.034,0.361,1.566
1786.51,0.036,0.395,1.674
1786.69,0.04,0.405,1.682
1786.87,0.034,0.405,1.685
1787.6,0.038,0.407,1.694
1787.24,0.037,0.407,1.697
1787.42,0.042,0.406,1.701
1787.6,0.043,0.408,1.704
1787.79,0.045,0.41,1.71
1787.97,0.044,0.41,1.713
1788.15,0.046,0.417,1.717
1788.33,0.049,0.422,1.722
1793.44,0.065,0.452,1.811
1793.62,0.063,0.449,1.813
1793.8,0.062,0.451,1.817
1793.98,0.059,0.451,1.82
1794.17,0.058,0.453,1.824
1794.35,0.058,0.454,1.828
1794.53,0.06,0.454,1.833
1794.71,0.06,0.455,1.834
1794.89,0.055,0.457,1.837
1795.8,0.053,0.458,1.844
1795.26,0.055,0.457,1.848
1795.44,0.057,0.457,1.85
1795.62,0.056,0.455,1.854
1795.81,0.054,0.456,1.858
1795.99,0.055,0.454,1.86
1796.17,0.055,0.456,1.86
1796.35,0.056,0.458,1.862
1796.54,0.053,0.462,1.866
1796.72,0.054,0.465,1.868
1796.9,0.055,0.468,1.871
1797.8,0.056,0.47,1.879
1797.26,0.055,0.47,1.883
1797.45,0.058,0.473,1.887
1797.63,0.057,0.474,1.89
1797.81,0.056,0.476,1.892
1797.99,0.055,0.476,1.896
1799.9,0.06,0.474,1.911
1799.27,0.062,0.472,1.914
1799.45,0.062,0.474,1.92
1799.63,0.063,0.476,1.922
1799.82,0.065,0.477,1.926
1800.0,0.065,0.478,1.929
1800.18,0.064,0.479,1.931
1800.36,0.065,0.48,1.935
1800.55,0.066,0.48,1.938
1800.73,0.068,0.48,1.943
1800.91,0.071,0.483,1.946
1801.9,0.073,0.483,1.949
1801.27,0.075,0.482,1.955
1801.46,0.074,0.479,1.96
1801.64,0.074,0.481,1.96
1803.28,0.075,0.487,1.99
1803.46,0.074,0.486,1.994
1803.64,0.073,0.487,2.003
1803.83,0.072,0.486,2.006
1804.1,0.07,0.486,2.012
1804.19,0.07,0.487,2.018
1804.37,0.07,0.485,2.021
1804.56,0.072,0.485,2.024
1804.74,0.073,0.487,2.031
1804.92,0.073,0.492,2.038
1805.1,0.072,0.493,2.041
1805.29,0.073,0.495,2.042
1805.47,0.074,0.493,2.045
1805.65,0.074,0.493,2.05
1805.83,0.077,0.492,2.053
1806.1,0.078,0.493,2.056
1806.2,0.081,0.495,2.06
1806.38,0.081,0.496,2.064
1806.56,0.085,0.5,2.068
1806.74,0.086,0.499,2.072
1806.93,0.086,0.5,2.076
1807.11,0.087,0.501,2.08
1807.29,0.087,0.504,2.083
1807.47,0.088,0.505,2.09
1807.65,0.088,0.506,2.093
1808.93,0.084,0.51,2.131
1809.11,0.083,0.511,2.135
1809.3,0.083,0.507,2.139
1809.48,0.085,0.509,2.142
1809.66,0.085,0.507,2.143
1809.84,0.086,0.509,2.147
1810.2,0.087,0.512,2.148
1810.21,0.086,0.512,2.152
1810.39,0.09,0.512,2.158
1810.57,0.09,0.513,2.163
1810.75,0.088,0.514,2.168
1810.94,0.089,0.516,2.175
1811.12,0.092,0.519,2.179
1811.3,0.092,0.52,2.185
1811.48,0.092,0.522,2.187
1811.67,0.089,0.523,2.191
1811.85,0.091,0.52,2.195
1812.3,0.092,0.519,2.2
1812.21,0.092,0.52,2.208
1812.39,0.093,0.523,2.209
1812.58,0.094,0.526,2.216
1812.76,0.096,0.527,2.223
1812.94,0.095,0.529,2.226
1813.12,0.095,0.53,2.231
1813.31,0.095,0.53,2.236
1813.49,0.091,0.531,2.239
1813.67,0.088,0.534,2.242
1813.85,0.089,0.537,2.248
1814.3,0.09,0.536,2.252
1814.22,0.093,0.537,2.256
1814.4,0.093,0.54,2.26
1814.58,0.089,0.542,2.263
1814.76,0.088,0.543,2.268
1814.95,0.089,0.543,2.274
1815.13,0.094,0.545,2.276
1815.31,0.094,0.546,2.278
1815.49,0.093,0.544,2.282
1815.68,0.094,0.546,2.287
1815.86,0.095,0.548,2.29
1816.4,0.097,0.551,2.296
1816.22,0.096,0.553,2.301
1816.4,0.096,0.555,2.307
1816.59,0.096,0.556,2.313
1816.77,0.098,0.558,2.32
1816.95,0.099,0.556,2.325
1817.13,0.101,0.555,2.33
1817.32,0.099,0.554,2.335
1817.5,0.099,0.557,2.336
1817.68,0.097,0.558,2.34
1817.86,0.096,0.558,2.345
1818.4,0.093,0.56,2.346
1818.23,0.09,0.562,2.35
1819.14,0.095,0.568,2.364
1819.32,0.092,0.569,2.367
1819.5,0.091,0.569,2.369
1819.69,0.09,0.569,2.377
1819.87,0.088,0.568,2.383
1820.5,0.089,0.57,2.387
1820.23,0.089,0.568,2.392
1820.41,0.087,0.568,2.395
1820.6,0.085,0.568,2.4
1820.78,0.088,0.567,2.402
1820.96,0.089,0.57,2.407
1821.14,0.089,0.569,2.406
1821.33,0.09,0.57,2.412
1821.51,0.091,0.568,2.416
1821.69,0.093,0.566,2.422
1821.87,0.091,0.567,2.426
1822.5,0.092,0.568,2.428
1822.24,0.092,0.569,2.431
1822.42,0.092,0.571,2.438
1822.6,0.091,0.573,2.441
1822.78,0.093,0.577,2.445
1822.97,0.093,0.577,2.449
1823.15,0.091,0.578,2.451
1824.97,0.105,0.584,2.489
1825.15,0.107,0.582,2.489
1825.34,0.11,0.585,2.491
1825.52,0.111,0.584,2.499
1825.7,0.113,0.586,2.502
1825.88,0.112,0.586,2.507
1826.6,0.11,0.588,2.514
1826.25,0.111,0.59,2.519
1826.43,0.108,0.593,2.521
1826.61,0.107,0.594,2.529
1826.79,0.108,0.594,2.534
1826.98,0.106,0.599,2.531
1827.16,0.104,0.601,2.539
1827.34,0.106,0.604,2.542
1828.62,0.108,0.609,2.577
1828.8,0.108,0.61,2.586
1828.98,0.108,0.61,2.591
1829.16,0.108,0.611,2.598
1829.35,0.105,0.614,2.606
1829.53,0.105,0.617,2.613
1829.71,0.102,0.615,2.618
1829.89,0.104,0.617,2.619
1830.7,0.104,0.619,2.623
1830.26,0.105,0.621,2.628
1830.44,0.108,0.62,2.636
1830.62,0.109,0.618,2.642
1830.8,0.111,0.618,2.647
1830.99,0.114,0.62,2.653
1831.17,0.116,0.621,2.657
1831.35,0.118,0.621,2.662
1831.53,0.118,0.621,2.666
1831.72,0.119,0.625,2.672
1831.9,0.116,0.625,2.676
1832.8,0.118,0.626,2.68
1832.26,0.118,0.627,2.684
1832.44,0.118,0.63,2.687
1832.63,0.116,0.63,2.693
1832.81,0.117,0.631,2.693
1832.99,0.118,0.631,2.699
1833.17,0.121,0.631,2.703
1833.36,0.122,0.63,2.704
1833.54,0.121,0.63,2.708
1833.72,0.123,0.631,2.711
1833.9,0.123,0.634,2.712
1834.8,0.125,0.636,2.719
1834.27,0.124,0.635,2.722
1834.45,0.125,0.639,2.726
1834.63,0.127,0.642,2.732
1834.81,0.125,0.643,2.732
1835.0,0.122,0.644,2.738
1835.18,0.123,0.647,2.743
1835.36,0.121,0.647,2.745
1835.54,0.121,0.648,2.748
1835.73,0.121,0.647,2.756
1835.91,0.124,0.651,2.756
1836.9,0.129,0.654,2.757
1836.27,0.128,0.655,2.761
1836.45,0.127,0.655,2.767
1836.64,0.125,0.655,2.771
1836.82,0.122,0.658,2.775
1837.0,0.117,0.657,2.776
1837.18,0.115,0.659,2.778
1837.37,0.114,0.658,2.781
1837.55,0.11,0.659,2.785
1837.73,0.109,0.66,2.789
1837.91,0.11,0.663,2.797
1838.9,0.11,0.662,2.798
1838.28,0.108,0.667,2.805
1838.46,0.11,0.669,2.809
1838.64,0.112,0.672,2.812
1838.82,0.113,0.676,2.812
1839.1,0.114,0.677,2.814
1839.19,0.11,0.676,2.815
1839.37,0.115,0.678,2.816
1839.55,0.113,0.679,2.821
1839.73,0.115,0.68,2.822
1839.92,0.115,0.681,2.826
1840.1,0.12,0.68,2.831
1840.28,0.12,0.682,2.834
1840.46,0.121,0.685,2.837
1840.65,0.119,0.687,2.842
1840.83,0.121,0.686,2.846
1841.1,0.122,0.687,2.852
1841.19,0.123,0.69,2.853
1841.38,0.12,0.689,2.853
1841.56,0.12,0.69,2.855
1841.74,0.12,0.693,2.86
1841.92,0.122,0.693,2.864
1842.1,0.122,0.696,2.865
1842.29,0.123,0.697,2.872
1842.47,0.123,0.7,2.874
1842.65,0.125,0.7,2.878
1843.74,0.117,0.701,2.907
1843.93,0.123,0.707,2.908
1844.11,0.12,0.704,2.914
1844.29,0.123,0.71,2.918
1844.47,0.12,0.71,2.92
1844.66,0.121,0.71,2.925
1844.84,0.12,0.711,2.928
1845.2,0.123,0.711,2.932
1845.2,0.127,0.708,2.936
1845.38,0.127,0.71,2.94
1845.57,0.13,0.711,2.944
1845.75,0.129,0.713,2.947
1845.93,0.129,0.714,2.951
1846.11,0.129,0.714,2.954
1846.3,0.129,0.715,2.96
1846.48,0.129,0.717,2.963
1846.66,0.132,0.719,2.965
1846.84,0.131,0.716,2.97
1850.12,0.151,0.74,3.032
1850.31,0.149,0.741,3.037
1850.49,0.147,0.743,3.041
1850.67,0.145,0.74,3.042
1850.85,0.145,0.74,3.041
1851.4,0.146,0.745,3.044
1851.22,0.145,0.746,3.046
1851.4,0.145,0.751,3.048
1851.58,0.144,0.752,3.051
1851.76,0.147,0.753,3.058
1851.95,0.148,0.757,3.059
1852.13,0.151,0.758,3.063
1852.31,0.152,0.759,3.067
1852.49,0.15,0.762,3.07
1852.68,0.151,0.764,3.075
1852.86,0.15,0.759,3.081
1853.4,0.153,0.761,3.086
1853.22,0.156,0.761,3.089
1853.4,0.153,0.763,3.093
1853.59,0.152,0.764,3.097
1853.77,0.151,0.762,3.097
1853.95,0.154,0.764,3.102
1854.13,0.157,0.766,3.105
1854.32,0.159,0.767,3.11
1854.5,0.16,0.765,3.116
1854.68,0.164,0.765,3.117
1854.86,0.162,0.765,3.122
1855.4,0.162,0.763,3.124
1855.23,0.163,0.762,3.13
1855.41,0.164,0.76,3.132
1855.59,0.162,0.758,3.137
1855.77,0.162,0.755,3.141
1855.96,0.166,0.758,3.144
1856.14,0.163,0.755,3.147
1856.32,0.163,0.754,3.15
1856.5,0.162,0.754,3.148
1857.78,0.169,0.761,3.177
1857.96,0.169,0.763,3.179
1858.14,0.169,0.762,3.183
1858.33,0.167,0.761,3.187
1858.51,0.168,0.762,3.189
1858.69,0.165,0.763,3.191
1858.87,0.166,0.767,3.198
1859.5,0.163,0.767,3.201
1859.24,0.162,0.77,3.206
1864.89,0.163,0.805,3.321
1865.7,0.161,0.804,3.322
1865.25,0.164,0.804,3.325
1865.43,0.167,0.803,3.327
1865.62,0.168,0.801,3.329
1865.8,0.168,0.803,3.33
1865.98,0.167,0.802,3.334
1866.16,0.168,0.803,3.336
1866.35,0.169,0.803,3.338
1866.53,0.168,0.805,3.343
1866.71,0.169,0.806,3.347
1866.89,0.17,0.804,3.347
1867.7,0.173,0.805,3.354
1867.26,0.173,0.806,3.357
1867.44,0.171,0.806,3.359
1867.62,0.172,0.805,3.365
1867.8,0.173,0.811,3.369
1868.9,0.168,0.811,3.391
1869.8,0.169,0.806,3.397
1869.26,0.171,0.805,3.401
1869.44,0.17,0.809,3.406
1869.63,0.172,0.81,3.407
1869.81,0.171,0.814,3.41
1869.99,0.169,0.812,3.416
1870.17,0.17,0.812,3.417
1870.35,0.173,0.812,3.424
1870.54,0.171,0.814,3.428
1870.72,0.173,0.817,3.431
1870.9,0.177,0.818,3.432
1871.8,0.178,0.817,3.434
1871.27,0.177,0.816,3.44
1871.45,0.176,0.817,3.442
1871.63,0.178,0.819,3.446
1871.81,0.179,0.822,3.447
1872.0,0.181,0.821,3.45
1872.18,0.179,0.822,3.455
1872.36,0.181,0.823,3.459
1872.54,0.184,0.825,3.468
1872.72,0.187,0.824,3.473
1872.91,0.188,0.821,3.479
1873.9,0.186,0.82,3.482
1873.27,0.186,0.821,3.486
1873.45,0.187,0.82,3.488
1873.64,0.191,0.82,3.493
1873.82,0.195,0.818,3.494
1874.0,0.199,0.819,3.497
1874.18,0.197,0.819,3.5
1874.36,0.195,0.821,3.507
1874.55,0.197,0.828,3.509
1876.19,0.201,0.839,3.542
1876.37,0.202,0.839,3.547
1876.55,0.205,0.837,3.551
1876.73,0.207,0.834,3.559
1876.92,0.206,0.833,3.563
1877.1,0.207,0.831,3.57
1877.28,0.205,0.834,3.574
1877.46,0.207,0.831,3.579
1877.65,0.206,0.83,3.582
1877.83,0.206,0.83,3.586
1878.1,0.209,0.833,3.588
1878.19,0.212,0.833,3.594
1878.38,0.21,0.832,3.598
1878.56,0.21,0.833,3.602
1878.74,0.213,0.837,3.605
1878.92,0.212,0.838,3.61
1879.1,0.214,0.839,3.614
1879.29,0.214,0.839,3.618
1879.47,0.211,0.84,3.621
1879.65,0.213,0.844,3.624
1879.83,0.212,0.845,3.629
1880.2,0.211,0.846,3.635
1880.2,0.208,0.846,3.639
1880.38,0.207,0.848,3.645
1880.56,0.208,0.851,3.648
1880.74,0.208,0.853,3.649
1880.93,0.207,0.854,3.651
1881.11,0.208,0.856,3.657
1881.29,0.21,0.856,3.661
1881.47,0.211,0.857,3.662
1881.66,0.21,0.856,3.664
1881.84,0.212,0.857,3.671
1882.2,0.212,0.859,3.675
1882.2,0.212,0.86,3.675
1882.39,0.212,0.859,3.68
1882.57,0.214,0.861,3.682
1882.75,0.214,0.863,3.689
1882.93,0.215,0.863,3.695
1883.11,0.216,0.866,3.701
1883.3,0.218,0.866,3.708
1883.48,0.218,0.868,3.713
1883.66,0.22,0.87,3.714
1883.84,0.221,0.873,3.716
1884.3,0.223,0.876,3.721
1884.21,0.223,0.876,3.727
1884.39,0.222,0.878,3.73
1884.57,0.223,0.881,3.731
1884.75,0.225,0.882,3.734
1884.94,0.225,0.886,3.742
1885.12,0.228,0.885,3.748
1885.3,0.231,0.886,3.755
1885.48,0.235,0.889,3.758
1885.67,0.238,0.889,3.763
1885.85,0.239,0.887,3.765
1886.3,0.239,0.884,3.769
1886.21,0.24,0.887,3.774
1886.4,0.242,0.888,3.774
1886.58,0.241,0.887,3.78
1886.76,0.242,0.886,3.782
1886.94,0.244,0.885,3.785
1887.12,0.248,0.886,3.787
1887.31,0.247,0.885,3.792
1892.59,0.241,0.904,3.893
1892.77,0.245,0.904,3.898
1892.96,0.244,0.903,3.902
1893.14,0.247,0.905,3.908
1893.32,0.246,0.909,3.913
1893.5,0.243,0.907,3.918
1893.69,0.243,0.907,3.923
1893.87,0.244,0.908,3.925
1894.5,0.244,0.91,3.929
1894.23,0.242,0.912,3.931
1899.7,0.269,0.932,4.066
1899.88,0.27,0.932,4.068
1900.7,0.268,0.931,4.069
1900.25,0.271,0.932,4.072
1900.43,0.27,0.931,4.075
1900.61,0.269,0.932,4.076
1900.79,0.266,0.934,4.077
1900.98,0.268,0.934,4.084
1901.16,0.265,0.936,4.089
1901.34,0.262,0.939,4.094
1901.52,0.26,0.94,4.095
1901.71,0.26,0.941,4.097
1901.89,0.263,0.944,4.098
1902.7,0.264,0.943,4.104
1902.25,0.261,0.941,4.11
1902.44,0.262,0.941,4.111
1902.62,0.262,0.942,4.114
1902.8,0.261,0.943,4.114
1902.98,0.262,0.942,4.119
1903.16,0.261,0.945,4.127
1903.35,0.262,0.946,4.126
1903.53,0.258,0.944,4.128
1903.71,0.255,0.943,4.13
1903.89,0.254,0.942,4.133
1904.8,0.253,0.942,4.134
1904.26,0.252,0.945,4.139
1904.44,0.25,0.944,4.142
1904.62,0.253,0.947,4.145
1904.8,0.254,0.946,4.148
1904.99,0.258,0.947,4.15
1905.17,0.258,0.948,4.155
1905.35,0.258,0.948,4.16
1905.53,0.258,0.946,4.164
1905.72,0.259,0.947,4.166
1905.9,0.26,0.948,4.172
1906.8,0.26,0.95,4.174
1906.26,0.26,0.949,4.178
1906.45,0.26,0.949,4.182
1906.63,0.258,0.948,4.187
1906.81,0.261,0.949,4.191
1906.99,0.261,0.951,4.195
1907.17,0.26,0.949,4.196
1909.0,0.256,0.965,4.222
1909.18,0.258,0.965,4.222
1909.36,0.26,0.966,4.225
1909.54,0.259,0.966,4.228
1909.73,0.26,0.968,4.234
1909.91,0.26,0.968,4.238
1910.9,0.263,0.969,4.243
1910.27,0.262,0.972,4.245
1910.46,0.262,0.972,4.25
1910.64,0.264,0.974,4.25
1910.82,0.264,0.974,4.252
1911.0,0.264,0.975,4.255
1911.18,0.266,0.976,4.254
1911.37,0.264,0.977,4.257
1911.55,0.27,0.978,4.263
1911.73,0.27,0.981,4.265
1911.91,0.268,0.982,4.268
1912.1,0.268,0.983,4.271
1912.28,0.267,0.983,4.272
1912.46,0.267,0.984,4.276
1912.64,0.269,0.983,4.281
1914.28,0.276,0.991,4.309
1914.47,0.275,0.99,4.315
1914.65,0.274,0.993,4.319
1914.83,0.276,0.995,4.326
1915.1,0.276,0.995,4.328
1915.19,0.277,0.995,4.332
1915.38,0.278,0.995,4.333
1915.56,0.28,0.997,4.334
1915.74,0.283,0.997,4.337
1915.92,0.286,0.996,4.339
1916.11,0.286,0.995,4.342
1916.29,0.286,0.997,4.349
1916.47,0.287,0.998,4.352
1916.65,0.287,1.0,4.357
1916.83,0.289,1.0,4.36
1917.2,0.287,1.001,4.365
1917.2,0.287,1.002,4.367
1917.38,0.283,1.007,4.37
1917.56,0.284,1.011,4.376
1917.75,0.283,1.013,4.377
1917.93,0.283,1.011,4.384
1918.11,0.281,1.01,4.393
1918.29,0.283,1.009,4.396
1918.47,0.282,1.01,4.402
1918.66,0.286,1.012,4.405
1923.21,0.286,1.048,4.512
1923.4,0.287,1.051,4.514
1923.58,0.29,1.053,4.521
1923.76,0.294,1.054,4.525
1923.94,0.292,1.054,4.53
1924.12,0.29,1.056,4.532
1924.31,0.291,1.055,4.536
1924.49,0.289,1.055,4.538
1924.67,0.292,1.056,4.542
1924.85,0.293,1.057,4.547
1925.4,0.293,1.058,4.552
1925.22,0.293,1.059,4.558
1925.4,0.297,1.062,4.56
1925.58,0.297,1.063,4.563
1925.77,0.298,1.065,4.565
1925.95,0.299,1.067,4.567
1926.13,0.299,1.071,4.571
1926.31,0.299,1.071,4.574
1926.49,0.299,1.071,4.578
1926.68,0.297,1.072,4.579
1926.86,0.297,1.075,4.584
1927.4,0.298,1.077,4.586
1927.22,0.299,1.077,4.591
1927.41,0.298,1.075,4.597
1927.59,0.3,1.076,4.599
1927.77,0.3,1.076,4.604
1927.95,0.3,1.077,4.609
1928.13,0.298,1.077,4.614
1928.32,0.297,1.08,4.618
1928.5,0.298,1.082,4.62
1928.68,0.296,1.084,4.623
1928.86,0.294,1.082,4.625
1929.5,0.292,1.08,4.627
1929.23,0.294,1.079,4.63
1929.41,0.293,1.081,4.632
1929.59,0.296,1.082,4.636
1929.77,0.295,1.083,4.637
1929.96,0.298,1.086,4.639
1930.14,0.299,1.088,4.644
1930.32,0.299,1.089,4.648
1930.5,0.3,1.091,4.653
1930.69,0.298,1.095,4.656
1930.87,0.3,1.094,4.662
1931.5,0.3,1.095,4.663
1931.23,0.303,1.095,4.669
1931.41,0.304,1.096,4.673
1931.6,0.303,1.095,4.677
1931.78,0.302,1.097,4.682
1931.96,0.3,1.097,4.685
1932.14,0.301,1.099,4.687
1932.33,0.299,1.102,4.689
1932.51,0.297,1.105,4.692
1932.69,0.298,1.102,4.695
1932.87,0.299,1.101,4.699
1933.5,0.296,1.101,4.703
1933.24,0.296,1.099,4.707
1933.42,0.295,1.101,4.712
1933.6,0.296,1.105,4.713
1933.78,0.296,1.109,4.718
1933.97,0.295,1.113,4.721
1934.15,0.294,1.114,4.727
1934.88,0.297,1.119,4.734
1935.6,0.3,1.12,4.735
1935.24,0.302,1.121,4.74
1935.42,0.303,1.12,4.743
1935.61,0.305,1.123,4.749
1935.79,0.305,1.12,4.752
1935.97,0.307,1.119,4.755
1936.15,0.307,1.114,4.76
1936.34,0.31,1.115,4.764
1936.52,0.311,1.114,4.769
1936.7,0.314,1.116,4.773
1936.88,0.313,1.116,4.776
1937.6,0.316,1.119,4.78
1937.25,0.316,1.117,4.779
1937.43,0.314,1.12,4.784
1937.61,0.314,1.117,4.79
1937.79,0.313,1.118,4.792
1937.98,0.312,1.117,4.796
1938.16,0.317,1.117,4.801
1938.34,0.316,1.119,4.804
1938.52,0.311,1.118,4.807
1938.7,0.308,1.121,4.813
1938.89,0.308,1.122,4.817
1939.7,0.305,1.121,4.821
1939.25,0.304,1.123,4.83
1939.43,0.305,1.125,4.836
1939.62,0.305,1.125,4.838
1939.8,0.304,1.123,4.842
1939.98,0.302,1.124,4.846
1940.16,0.303,1.125,4.849
1940.34,0.305,1.124,4.853
1940.53,0.304,1.122,4.858
1940.71,0.305,1.121,4.863
1940.89,0.305,1.124,4.869
1941.7,0.307,1.124,4.873
1941.26,0.304,1.125,4.877
1941.44,0.302,1.127,4.884
1942.53,0.303,1.122,4.905
1942.71,0.306,1.124,4.91
1942.9,0.303,1.123,4.91
1943.8,0.301,1.124,4.915
1943.26,0.298,1.125,4.917
1943.44,0.299,1.127,4.918
1943.63,0.298,1.124,4.923
1943.81,0.298,1.126,4.925
1943.99,0.297,1.124,4.929
1944.17,0.295,1.121,4.931
1944.35,0.296,1.125,4.934
1944.54,0.296,1.125,4.937
1944.72,0.297,1.125,4.942
1944.9,0.293,1.124,4.939
1945.8,0.296,1.127,4.943
1945.27,0.297,1.126,4.944
1945.45,0.3,1.125,4.949
1945.63,0.3,1.127,4.951
1945.81,0.3,1.128,4.96
1945.99,0.298,1.127,4.961
1946.18,0.3,1.133,4.964
1946.36,0.303,1.133,4.965
1946.54,0.301,1.136,4.964
1946.72,0.302,1.135,4.965
1946.91,0.304,1.136,4.967
1947.9,0.305,1.14,4.969
1947.27,0.304,1.142,4.972
1947.45,0.307,1.141,4.976
1949.82,0.298,1.144,5.018
1950.0,0.296,1.146,5.025
1950.19,0.296,1.146,5.029
1950.37,0.298,1.148,5.035
1950.55,0.298,1.149,5.033
1950.73,0.299,1.15,5.036
1950.91,0.3,1.151,5.042
1951.1,0.302,1.15,5.048
1951.28,0.3,1.149,5.052
1951.46,0.3,1.151,5.057
1951.64,0.299,1.153,5.058
1951.83,0.301,1.155,5.061
1952.1,0.297,1.157,5.062
1952.19,0.3,1.158,5.064
1952.37,0.301,1.161,5.069
1952.55,0.304,1.162,5.073
1952.74,0.3,1.161,5.078
1952.92,0.3,1.161,5.081
1953.1,0.298,1.161,5.085
1953.28,0.3,1.162,5.092
1953.47,0.301,1.165,5.094
1953.65,0.3,1.166,5.093
1953.83,0.3,1.165,5.098
1954.1,0.298,1.168,5.103
1954.19,0.297,1.169,5.108
1954.38,0.299,1.168,5.11
1954.56,0.298,1.169,5.116
1954.74,0.299,1.171,5.119
1954.92,0.299,1.168,5.125
1955.11,0.3,1.171,5.129
1955.29,0.3,1.171,5.134
1955.47,0.3,1.172,5.136
1955.65,0.299,1.173,5.14
1955.83,0.299,1.173,5.14
1956.2,0.302,1.174,5.146
1956.2,0.303,1.173,5.151
1956.38,0.303,1.17,5.158
1956.56,0.306,1.171,5.16
1956.75,0.307,1.173,5.161
1956.93,0.306,1.174,5.165
1957.11,0.303,1.174,5.169
1957.29,0.303,1.175,5.177
1957.47,0.302,1.179,5.18
1957.66,0.305,1.178,5.183
1957.84,0.304,1.18,5.186
1958.2,0.303,1.18,5.19
1958.2,0.305,1.179,5.193
1958.39,0.307,1.178,5.193
1958.57,0.307,1.178,5.195
1958.75,0.308,1.176,5.199
1958.93,0.308,1.175,5.199
1959.11,0.31,1.174,5.199
1959.3,0.309,1.175,5.204
1959.48,0.307,1.177,5.209
1959.66,0.305,1.18,5.212
1959.84,0.304,1.182,5.214
1960.3,0.306,1.183,5.215
1960.21,0.305,1.186,5.218
1960.39,0.307,1.188,5.22
1963.67,0.312,1.205,5.283
1963.85,0.314,1.206,5.287
1964.3,0.316,1.207,5.293
1964.22,0.317,1.21,5.297
1964.4,0.317,1.209,5.302
1964.58,0.316,1.21,5.305
1964.76,0.318,1.212,5.307
1964.95,0.318,1.214,5.31
1965.13,0.318,1.213,5.312
1965.31,0.318,1.214,5.316
1970.96,0.332,1.228,5.425
1971.14,0.331,1.229,5.43
1971.32,0.332,1.229,5.435
1971.51,0.335,1.23,5.437
1971.69,0.337,1.23,5.444
1971.87,0.337,1.23,5.446
1972.5,0.339,1.231,5.449
1972.24,0.338,1.23,5.453
1972.42,0.339,1.23,5.454
1972.6,0.342,1.233,5.457
1972.78,0.34,1.23,5.462
1972.97,0.34,1.232,5.464
1973.15,0.337,1.23,5.466
1973.88,0.34,1.234,5.484
1974.6,0.342,1.237,5.489
1974.24,0.34,1.24,5.492
1974.42,0.341,1.246,5.499
1974.61,0.342,1.246,5.499
1974.79,0.347,1.247,5.504
1974.97,0.347,1.249,5.506
1975.15,0.348,1.253,5.509
1975.33,0.35,1.255,5.511
1975.52,0.349,1.253,5.514
1975.7,0.351,1.255,5.516
1981.35,0.333,1.27,5.604
1981.53,0.332,1.273,5.608
1981.71,0.333,1.27,5.614
1981.9,0.335,1.272,5.619
1982.8,0.335,1.273,5.62
1982.26,0.336,1.275,5.626
1982.44,0.334,1.275,5.631
1982.62,0.333,1.277,5.632
1982.81,0.331,1.28,5.637
1988.28,0.347,1.318,5.753
1988.46,0.347,1.316,5.752
1988.64,0.352,1.319,5.753
1988.82,0.35,1.32,5.754
1989.0,0.352,1.322,5.758
1989.19,0.351,1.322,5.762
1989.37,0.354,1.322,5.768
1989.55,0.356,1.325,5.771
1989.73,0.355,1.329,5.774
1989.92,0.352,1.327,5.776
1990.1,0.349,1.33,5.778
1990.28,0.348,1.327,5.779
1990.46,0.349,1.329,5.782
1990.64,0.352,1.329,5.782
1990.83,0.353,1.328,5.784
1991.1,0.354,1.331,5.788
1991.19,0.358,1.334,5.789
1991.37,0.359,1.332,5.793
1991.56,0.358,1.334,5.797
1991.74,0.356,1.337,5.803
1991.92,0.357,1.336,5.806
1992.1,0.356,1.339,5.809
1992.28,0.357,1.337,5.813
1992.47,0.356,1.337,5.815
1992.65,0.355,1.337,5.818
1992.83,0.357,1.335,5.82
1993.1,0.356,1.336,5.823
1993.2,0.354,1.334,5.828
1993.38,0.356,1.334,5.829
1993.56,0.355,1.335,5.831
1993.74,0.359,1.333,5.836
1993.93,0.359,1.334,5.836
1994.11,0.362,1.333,5.837
1994.29,0.363,1.332,5.838
1994.47,0.358,1.328,5.844
1994.65,0.361,1.331,5.847
1994.84,0.36,1.331,5.852
1995.2,0.359,1.332,5.854
1995.2,0.359,1.338,5.86
1995.38,0.359,1.34,5.865
1995.57,0.359,1.338,5.868
1995.75,0.356,1.339,5.869
1995.93,0.358,1.341,5.869
1996.11,0.357,1.34,5.873
1996.29,0.359,1.34,5.877
1996.48,0.359,1.342,5.875
1996.66,0.359,1.345,5.881
1996.84,0.361,1.346,5.885
1997.2,0.361,1.346,5.889
1997.21,0.362,1.345,5.892
1997.39,0.363,1.345,5.896
1997.57,0.363,1.344,5.9
1997.75,0.364,1.346,5.902
1997.94,0.365,1.346,5.908
1998.12,0.366,1.345,5.913
1998.3,0.369,1.344,5.921
1998.48,0.371,1.343,5.924
1998.66,0.368,1.342,5.93
1998.85,0.372,1.347,5.934
1999.3,0.371,1.347,5.939
1999.21,0.372,1.348,5.94
1999.39,0.376,1.351,5.944
1999.58,0.375,1.348,5.947
1999.76,0.375,1.347,5.948
1999.94,0.373,1.347,5.952
2000.12,0.372,1.349,5.956
2000.3,0.371,1.349,5.955
2000.49,0.374,1.351,5.958
2000.67,0.375,1.353,5.962
2000.85,0.374,1.354,5.966
2001.3,0.374,1.354,5.971
2001.22,0.373,1.355,5.975
2001.4,0.373,1.358,5.98
2001.58,0.374,1.359,5.98
2001.76,0.376,1.364,5.982
2001.95,0.374,1.364,5.985
2002.13,0.372,1.366,5.987
2002.31,0.37,1.365,5.993
2002.49,0.371,1.367,5.994
2002.67,0.372,1.367,5.997
2002.86,0.373,1.367,6.001
2003.4,0.375,1.371,6.005
2003.22,0.377,1.371,6.011
2003.4,0.377,1.374,6.013
2003.59,0.378,1.378,6.019
2003.77,0.377,1.38,6.026
2003.95,0.373,1.379,6.031
2004.13,0.371,1.381,6.029
2004.31,0.373,1.382,6.032
2004.5,0.373,1.383,6.035
2004.68,0.37,1.383,6.039
2004.86,0.372,1.386,6.042
2005.4,0.373,1.385,6.046
2005.23,0.375,1.386,6.047
2005.41,0.371,1.389,6.054
2005.59,0.372,1.391,6.06
2005.77,0.374,1.393,6.061
2005.95,0.375,1.392,6.066
2006.14,0.379,1.392,6.07
2006.32,0.382,1.39,6.072
2006.5,0.384,1.39,6.079
2006.68,0.384,1.39,6.085
2006.87,0.38,1.391,6.086
2007.5,0.377,1.394,6.089
2007.23,0.38,1.399,6.092
2007.41,0.383,1.398,6.099
2007.6,0.382,1.401,6.104
2007.78,0.384,1.402,6.108
2007.96,0.383,1.405,6.11
2008.14,0.383,1.405,6.111
2008.32,0.382,1.404,6.115
2008.51,0.382,1.401,6.118
2008.69,0.383,1.401,6.119
2008.87,0.382,1.398,6.123
2009.5,0.382,1.397,6.128
2009.24,0.382,1.398,6.13
2009.42,0.38,1.398,6.134
2009.6,0.381,1.4,6.135
2009.78,0.381,1.401,6.14
2009.96,0.383,1.402,6.145
2010.15,0.385,1.402,6.148
2010.33,0.381,1.408,6.151
2010.51,0.38,1.407,6.154
2010.69,0.383,1.407,6.16
2010.88,0.383,1.413,6.165
2011.6,0.381,1.413,6.168
2011.24,0.377,1.414,6.174
2011.42,0.376,1.413,6.177
2011.6,0.376,1.413,6.179
2011.79,0.379,1.413,6.185
2011.97,0.379,1.41,6.19
2012.15,0.378,1.41,6.196
2012.33,0.377,1.411,6.194
2012.52,0.377,1.413,6.199
2012.7,0.377,1.411,6.205
2012.88,0.378,1.409,6.206
2013.6,0.38,1.407,6.208
2013.24,0.378,1.411,6.213
2013.43,0.38,1.41,6.216
2013.61,0.379,1.41,6.218
2013.79,0.376,1.413,6.22
2013.97,0.373,1.413,6.225
2014.16,0.375,1.414,6.226
2014.34,0.375,1.413,6.227
2014.52,0.375,1.414,6.233
2014.7,0.374,1.415,6.24
2014.88,0.377,1.414,6.247
2015.7,0.376,1.413,6.249
2015.25,0.379,1.414,6.25
2015.43,0.377,1.412,6.253
2015.61,0.377,1.415,6.257
2015.8,0.376,1.412,6.263
2015.98,0.377,1.414,6.266
2016.16,0.378,1.417,6.271
2016.34,0.379,1.418,6.274
2016.52,0.38,1.421,6.276
2016.71,0.378,1.415,6.279
2016.89,0.379,1.415,6.283
2017.7,0.379,1.414,6.286
2017.25,0.378,1.416,6.289
2017.44,0.375,1.413,6.29
2017.62,0.375,1.412,6.294
2017.8,0.375,1.408,6.298
2021.45,0.377,1.421,6.377
2021.63,0.377,1.42,6.384
2021.81,0.382,1.424,6.39
2021.99,0.378,1.422,6.395
2022.17,0.377,1.423,6.401
2022.36,0.374,1.425,6.408
2022.54,0.375,1.425,6.408
2022.72,0.379,1.426,6.414
2022.9,0.378,1.426,6.418
2023.9,0.375,1.428,6.423
2023.27,0.375,1.43,6.427
2029.1,0.378,1.455,6.539
2029.28,0.376,1.457,6.54
2029.46,0.377,1.459,6.546
2029.65,0.378,1.457,6.55
2029.83,0.379,1.459,6.554
2030.1,0.379,1.461,6.558
2030.19,0.378,1.463,6.565
2030.38,0.38,1.463,6.567
2030.56,0.382,1.465,6.575
2030.74,0.379,1.467,6.58
2030.92,0.379,1.466,6.581
2031.1,0.382,1.467,6.582
2031.29,0.382,1.467,6.585
2031.47,0.38,1.468,6.589
2031.65,0.383,1.469,6.59
2031.83,0.383,1.469,6.587
2032.2,0.386,1.47,6.591
2032.2,0.384,1.468,6.593
2032.38,0.382,1.471,6.599
2032.56,0.378,1.473,6.6
2032.74,0.374,1.475,6.602
2032.93,0.377,1.478,6.604
2033.11,0.379,1.476,6.607
2033.29,0.381,1.478,6.611
2033.47,0.38,1.486,6.614
2033.66,0.38,1.489,6.617
2033.84,0.383,1.489,6.623
2034.2,0.381,1.491,6.627
2034.2,0.381,1.493,6.63
2034.39,0.38,1.493,6.634
2034.57,0.382,1.494,6.641
2034.75,0.381,1.496,6.641
2034.93,0.385,1.494,6.648
2035.11,0.386,1.493,6.656
2035.3,0.388,1.496,6.659
2035.48,0.389,1.5,6.663
2035.66,0.391,1.502,6.666
2035.84,0.389,1.502,6.673
2036.3,0.393,1.499,6.675
2036.21,0.392,1.5,6.678
2036.39,0.393,1.503,6.683
2036.57,0.393,1.508,6.685
2036.75,0.394,1.509,6.691
2036.94,0.394,1.508,6.695
2037.12,0.395,1.507,6.696
2037.3,0.397,1.507,6.7
2037.48,0.395,1.511,6.704
2037.67,0.397,1.514,6.712
2037.85,0.394,1.516,6.715
2038.3,0.394,1.52,6.722
2038.21,0.391,1.521,6.726
2038.39,0.394,1.523,6.729
2038.58,0.392,1.523,6.737
2038.76,0.392,1.524,6.74
2038.94,0.393,1.526,6.741
2039.12,0.395,1.53,6.743
2039.31,0.396,1.529,6.749
2039.49,0.395,1.527,6.754
2039.67,0.397,1.527,6.758
2039.85,0.398,1.531,6.762
2040.3,0.398,1.534,6.763
2040.22,0.397,1.535,6.765
2040.4,0.393,1.537,6.767
2040.58,0.393,1.543,6.771
2040.76,0.392,1.543,6.773
2040.95,0.395,1.545,6.775
2041.13,0.396,1.546,6.776
2041.31,0.397,1.546,6.779
2041.49,0.398,1.547,6.785
2041.68,0.398,1.546,6.789
2041.86,0.397,1.547,6.793
2042.4,0.397,1.55,6.796
2042.22,0.399,1.551,6.799
2042.4,0.401,1.551,6.803
2042.59,0.402,1.552,6.805
2042.77,0.404,1.553,6.809
2042.95,0.407,1.555,6.813
2043.13,0.409,1.559,6.817
2043.32,0.411,1.56,6.823
2043.5,0.411,1.561,6.826
2043.68,0.41,1.564,6.83
2043.86,0.412,1.567,6.832
2044.4,0.411,1.57,6.835
2044.23,0.41,1.573,6.837
2044.41,0.412,1.575,6.844
2044.59,0.413,1.578,6.848
2044.77,0.416,1.578,6.855
2044.96,0.418,1.579,6.856
2045.14,0.419,1.581,6.862
2045.32,0.417,1.585,6.867
2045.5,0.417,1.588,6.87
2045.68,0.419,1.588,6.873
2045.87,0.417,1.589,6.875
2046.5,0.418,1.59,6.879
2046.23,0.419,1.589,6.879
2047.51,0.425,1.604,6.91
2047.69,0.425,1.605,6.913
2047.87,0.426,1.607,6.916
2048.5,0.426,1.607,6.919
2048.24,0.425,1.608,6.925
2048.42,0.422,1.606,6.925
2048.6,0.423,1.605,6.931
2048.78,0.423,1.605,6.934
2048.97,0.421,1.605,6.939
2049.15,0.425,1.605,6.937
2049.33,0.424,1.607,6.938
2049.51,0.423,1.61,6.94
2049.69,0.427,1.612,6.946
2049.88,0.428,1.613,6.952
2050.6,0.428,1.613,6.959
2050.24,0.427,1.612,6.962
2050.42,0.428,1.612,6.966
2050.61,0.431,1.615,6.969
2050.79,0.428,1.615,6.968
2050.97,0.429,1.618,6.969
2051.15,0.431,1.619,6.972
2051.33,0.432,1.62,6.978
2051.52,0.43,1.619,6.982
2051.7,0.432,1.621,6.986
2051.88,0.432,1.626,6.988
2052.6,0.432,1.627,6.993
2052.25,0.432,1.628,6.991
2052.43,0.433,1.633,6.994
2052.61,0.435,1.63,6.998
2052.79,0.433,1.635,6.996
2052.97,0.432,1.634,7.0
2053.16,0.434,1.634,7.004
2053.34,0.431,1.637,7.009
2053.52,0.43,1.64,7.012
2053.7,0.43,1.64,7.015
2053.89,0.429,1.638,7.021
2054.7,0.428,1.636,7.022
2054.25,0.43,1.636,7.024
2054.43,0.43,1.638,7.03
2054.61,0.431,1.638,7.031
2054.8,0.43,1.637,7.036
2054.98,0.429,1.638,7.039
2055.16,0.426,1.638,7.045
2055.34,0.427,1.639,7.051
2055.53,0.43,1.642,7.056
2055.71,0.432,1.645,7.061
2055.89,0.432,1.641,7.064
2056.7,0.434,1.639,7.068
2056.26,0.436,1.637,7.075
2056.44,0.436,1.637,7.08
2056.62,0.436,1.639,7.084
2056.8,0.432,1.639,7.087
2056.98,0.434,1.644,7.091
2057.17,0.433,1.648,7.095
2057.35,0.432,1.65,7.096
2057.53,0.432,1.651,7.1
2057.71,0.433,1.649,7.103
2057.9,0.432,1.651,7.109
2058.8,0.433,1.649,7.116
2058.26,0.434,1.651,7.117
2058.44,0.434,1.653,7.12
2058.62,0.438,1.652,7.123
2058.81,0.44,1.655,7.132
2058.99,0.442,1.655,7.139
2059.17,0.442,1.653,7.142
2059.35,0.44,1.656,7.146
2059.54,0.44,1.654,7.151
2059.72,0.443,1.655,7.156
2059.9,0.442,1.653,7.159
2060.8,0.443,1.655,7.164
2060.26,0.445,1.654,7.17
2060.45,0.447,1.654,7.172
2060.63,0.447,1.655,7.175
2060.81,0.448,1.655,7.178
2060.99,0.447,1.655,7.183
2061.18,0.445,1.66,7.186
2061.36,0.448,1.662,7.187
2061.54,0.448,1.662,7.19
2061.72,0.447,1.664,7.194
2061.9,0.447,1.667,7.197
2062.9,0.448,1.668,7.202
2062.27,0.447,1.668,7.206
2062.45,0.446,1.667,7.21
2062.63,0.447,1.668,7.213
2062.82,0.445,1.668,7.214
2063.0,0.446,1.669,7.216
2063.18,0.445,1.671,7.22
2063.36,0.446,1.672,7.222
2063.54,0.445,1.672,7.224
2063.73,0.445,1.67,7.229
2063.91,0.444,1.671,7.235
2064.9,0.447,1.671,7.241
2064.27,0.446,1.672,7.244
2064.46,0.447,1.672,7.247
2064.64,0.446,1.674,7.25
2064.82,0.445,1.674,7.254
2065.0,0.446,1.673,7.257
2065.19,0.443,1.674,7.259
2065.37,0.442,1.674,7.265
2065.55,0.44,1.674,7.271
2065.73,0.44,1.675,7.273
2065.91,0.44,1.675,7.274
2066.1,0.439,1.676,7.276
2066.28,0.442,1.677,7.281
2066.46,0.444,1.677,7.281
2066.64,0.444,1.678,7.287
2066.83,0.444,1.678,7.294
2067.1,0.444,1.678,7.296
2067.19,0.444,1.679,7.299
2067.37,0.449,1.682,7.303
2067.55,0.452,1.686,7.307
2067.74,0.455,1.688,7.312
2067.92,0.455,1.691,7.312
2068.1,0.455,1.692,7.317
2068.28,0.455,1.692,7.318
2068.47,0.454,1.693,7.326
2068.65,0.457,1.696,7.326
2068.83,0.454,1.698,7.326
2069.1,0.452,1.699,7.329
2069.19,0.454,1.697,7.333
2069.38,0.452,1.698,7.338
2069.56,0.451,1.701,7.343
2069.74,0.454,1.699,7.348
2069.92,0.456,1.705,7.354
2070.11,0.454,1.705,7.357
2070.29,0.454,1.709,7.358
2070.47,0.453,1.71,7.36
2070.65,0.456,1.712,7.36
2070.84,0.455,1.709,7.363
2071.2,0.458,1.712,7.366
2071.2,0.459,1.711,7.371
2071.38,0.46,1.714,7.373
2071.56,0.464,1.714,7.377
2071.75,0.468,1.715,7.381
2071.93,0.464,1.715,7.385
2072.11,0.464,1.716,7.389
2072.29,0.464,1.717,7.391
2072.48,0.465,1.722,7.395
2072.66,0.464,1.723,7.398
2072.84,0.463,1.725,7.403
2073.2,0.463,1.726,7.402
2073.2,0.466,1.73,7.404
2073.39,0.464,1.729,7.408
2073.57,0.466,1.73,7.414
2073.75,0.465,1.73,7.42
2073.93,0.467,1.732,7.426
2074.12,0.47,1.735,7.43
2074.3,0.472,1.736,7.435
2074.48,0.476,1.737,7.437
2074.66,0.474,1.739,7.441
2074.84,0.471,1.74,7.447
2075.3,0.471,1.741,7.45
2075.21,0.471,1.741,7.455
2075.39,0.472,1.739,7.458
2075.57,0.473,1.741,7.465
2075.76,0.473,1.742,7.467
2075.94,0.471,1.744,7.467
2076.12,0.473,1.742,7.473
2076.3,0.475,1.744,7.473
2076.49,0.477,1.746,7.478
2076.67,0.479,1.747,7.479
2076.85,0.48,1.748,7.48
2077.3,0.483,1.746,7.488
2077.21,0.484,1.748,7.495
2077.4,0.484,1.746,7.498
2077.58,0.483,1.748,7.502
2077.76,0.49,1.748,7.505
2077.94,0.491,1.75,7.512
2078.13,0.489,1.752,7.518
2078.31,0.489,1.754,7.52
2078.49,0.488,1.756,7.527
2078.67,0.49,1.755,7.532
2078.85,0.489,1.756,7.538
2079.4,0.492,1.759,7.542
2079.22,0.49,1.757,7.547
2079.4,0.49,1.754,7.548
2079.58,0.492,1.755,7.553
2079.77,0.492,1.755,7.558
2079.95,0.493,1.758,7.563
2080.13,0.494,1.76,7.57
2080.31,0.491,1.761,7.569
2080.5,0.491,1.761,7.57
2080.68,0.489,1.764,7.575
2080.86,0.492,1.764,7.579
2081.4,0.49,1.765,7.583
2081.22,0.487,1.765,7.586
2081.41,0.486,1.766,7.588
2081.59,0.485,1.768,7.59
2081.77,0.484,1.772,7.597
2081.95,0.484,1.771,7.605
2082.14,0.485,1.775,7.609
2082.32,0.486,1.774,7.612
2082.5,0.487,1.775,7.614
2082.68,0.486,1.773,7.619
2082.86,0.485,1.774,7.621
2083.5,0.485,1.775,7.625
2083.23,0.485,1.776,7.63
2083.41,0.486,1.777,7.633
2083.59,0.488,1.773,7.636
2083.78,0.49,1.774,7.639
2083.96,0.491,1.776,7.644
2084.14,0.494,1.775,7.652
2084.32,0.493,1.777,7.658
2084.51,0.494,1.776,7.663
2084.69,0.494,1.776,7.667
2084.87,0.494,1.777,7.67
2085.5,0.495,1.777,7.675
2085.23,0.493,1.779,7.68
2085.42,0.496,1.781,7.681
2085.6,0.497,1.781,7.684
2085.78,0.496,1.783,7.684
2085.96,0.496,1.784,7.689
2086.15,0.495,1.783,7.693
2086.33,0.494,1.779,7.697
2086.51,0.494,1.78,7.701
2086.69,0.493,1.78,7.704
2086.87,0.493,1.781,7.712
2088.15,0.494,1.791,7.723
2088.33,0.491,1.789,7.728
2088.51,0.491,1.791,7.731
2088.7,0.493,1.791,7.735
2088.88,0.494,1.79,7.738
2089.6,0.495,1.793,7.743
2089.24,0.495,1.795,7.748
2089.43,0.495,1.794,7.752
2089.61,0.495,1.797,7.755
2089.79,0.498,1.796,7.757
2089.97,0.498,1.796,7.76
2090.16,0.498,1.795,7.76
2090.34,0.497,1.792,7.763
2090.52,0.499,1.795,7.765
2090.7,0.501,1.793,7.768
2090.88,0.502,1.79,7.772
2091.7,0.505,1.788,7.774
2091.25,0.507,1.79,7.774
2091.43,0.51,1.792,7.776
2091.61,0.511,1.789,7.778
2091.8,0.511,1.789,7.78
2091.98,0.51,1.787,7.784
2092.16,0.51,1.785,7.787
2092.34,0.509,1.784,7.793
2092.52,0.509,1.786,7.794
2092.71,0.507,1.787,7.798
2092.89,0.505,1.791,7.8
2093.7,0.504,1.792,7.806
2093.25,0.506,1.792,7.806
2093.44,0.508,1.794,7.81
2093.62,0.507,1.794,7.814
2093.8,0.51,1.794,7.815
2093.98,0.507,1.794,7.817
2097.26,0.508,1.801,7.877
2097.45,0.507,1.802,7.885
2097.63,0.507,1.803,7.885
2097.81,0.508,1.803,7.891
2097.99,0.509,1.805,7.894
2098.18,0.51,1.805,7.898
2098.36,0.512,1.805,7.902
2098.54,0.513,1.804,7.907
2098.72,0.515,1.805,7.911
2098.9,0.514,1.807,7.913
2104.56,0.535,1.832,8.04
2104.74,0.534,1.833,8.044
2104.92,0.536,1.833,8.048
2105.1,0.536,1.835,8.055
2105.29,0.538,1.837,8.059
2105.47,0.539,1.839,8.06
2105.65,0.538,1.839,8.066
2105.83,0.539,1.839,8.072
2106.1,0.539,1.839,8.072
2106.2,0.536,1.836,8.075
2106.38,0.536,1.836,8.075
2106.56,0.534,1.838,8.077
2106.74,0.533,1.84,8.084
2106.93,0.533,1.84,8.09
2107.11,0.535,1.843,8.094
2107.29,0.534,1.842,8.097
2107.47,0.532,1.843,8.1
2107.66,0.531,1.842,8.105
2107.84,0.532,1.844,8.109
2108.2,0.532,1.844,8.112
2108.2,0.532,1.844,8.116
2108.38,0.529,1.845,8.122
2108.57,0.532,1.846,8.125
2108.75,0.533,1.849,8.127
2108.93,0.531,1.847,8.128
2109.11,0.531,1.852,8.129
2109.3,0.533,1.855,8.131
2109.48,0.535,1.857,8.133
2109.66,0.536,1.857,8.134
2109.84,0.534,1.858,8.14
2110.3,0.532,1.858,8.144
2110.21,0.533,1.859,8.146
2110.39,0.53,1.86,8.153
2110.57,0.53,1.862,8.158
2110.75,0.532,1.863,8.161
2110.94,0.533,1.86,8.164
2111.12,0.533,1.861,8.166
2111.3,0.534,1.858,8.17
2111.48,0.536,1.859,8.171
2111.67,0.536,1.86,8.173
2111.85,0.537,1.861,8.174
2112.3,0.539,1.866,8.182
2112.21,0.54,1.868,8.187
2112.4,0.539,1.87,8.19
2112.58,0.534,1.874,8.192
2112.76,0.536,1.876,8.197
2112.94,0.537,1.878,8.2
2113.12,0.537,1.878,8.203
2113.31,0.54,1.881,8.207
2113.49,0.541,1.88,8.211
2113.67,0.543,1.88,8.214
2113.85,0.544,1.884,8.219
2114.4,0.547,1.885,8.222
2114.22,0.547,1.888,8.224
2114.4,0.547,1.888,8.231
2114.58,0.547,1.887,8.234
2114.76,0.545,1.89,8.239
2114.95,0.545,1.893,8.242
2115.13,0.541,1.893,8.245
2115.31,0.54,1.894,8.249
2115.49,0.541,1.894,8.257
2115.68,0.539,1.894,8.259
2115.86,0.535,1.897,8.266
2116.4,0.535,1.895,8.271
2116.22,0.533,1.898,8.272
2116.41,0.53,1.901,8.274
2116.59,0.532,1.902,8.281
2116.77,0.533,1.903,8.284
2116.95,0.531,1.903,8.287
2117.13,0.533,1.902,8.292
2117.32,0.532,1.903,8.298
2117.5,0.529,1.905,8.302
2117.68,0.53,1.907,8.305
2117.86,0.533,1.908,8.308
2118.5,0.533,1.906,8.311
2118.23,0.529,1.907,8.316
2119.5,0.531,1.917,8.33
2119.69,0.534,1.919,8.333
2119.87,0.535,1.92,8.338
2120.5,0.529,1.923,8.34
2120.23,0.528,1.925,8.343
2120.42,0.53,1.923,8.35
2120.6,0.531,1.921,8.353
2120.78,0.53,1.923,8.359
2120.96,0.529,1.924,8.362
2121.14,0.53,1.926,8.366
2126.8,0.551,1.945,8.485
2126.98,0.555,1.948,8.489
2127.16,0.555,1.949,8.494
2127.34,0.552,1.947,8.498
2127.52,0.55,1.948,8.501
2127.71,0.549,1.949,8.507
2127.89,0.548,1.95,8.509
2128.7,0.549,1.947,8.511
2128.25,0.55,1.949,8.517
2128.44,0.551,1.95,8.522
2128.62,0.551,1.954,8.532
2128.8,0.551,1.952,8.539
2128.98,0.55,1.951,8.543
2129.16,0.552,1.951,8.548
2129.35,0.553,1.952,8.548
2129.53,0.551,1.953,8.552
2129.71,0.553,1.957,8.558
2129.89,0.551,1.958,8.558
2130.8,0.551,1.959,8.557
2130.26,0.551,1.957,8.557
2130.44,0.552,1.956,8.561
2130.62,0.554,1.957,8.564
2130.81,0.554,1.954,8.569
2130.99,0.555,1.951,8.575
2131.17,0.557,1.953,8.578
2131.35,0.557,1.954,8.584
2131.53,0.56,1.955,8.587
2131.72,0.562,1.956,8.589
2131.9,0.565,1.956,8.59
2132.8,0.566,1.954,8.589
2132.26,0.564,1.954,8.592
2132.45,0.565,1.956,8.597
2132.63,0.562,1.959,8.603
2132.81,0.562,1.963,8.606
2132.99,0.564,1.964,8.609
2133.17,0.562,1.964,8.611
2133.36,0.562,1.965,8.614
2136.27,0.576,1.98,8.67
2136.46,0.575,1.98,8.672
2136.64,0.575,1.98,8.676
2136.82,0.575,1.98,8.678
2137.0,0.578,1.978,8.679
2137.18,0.579,1.979,8.683
2137.37,0.58,1.979,8.69
2137.55,0.578,1.98,8.697
2137.73,0.582,1.981,8.703
2137.91,0.584,1.98,8.705
2142.83,0.603,1.991,8.799
2143.2,0.6,1.988,8.8
2143.2,0.601,1.989,8.802
2143.38,0.598,1.987,8.805
2143.56,0.596,1.987,8.81
2143.75,0.599,1.991,8.813
2143.93,0.599,1.994,8.818
2144.11,0.6,1.993,8.819
2144.29,0.602,1.994,8.823
2144.48,0.604,1.992,8.828
2144.66,0.603,1.991,8.829
2144.84,0.605,1.99,8.831
2145.2,0.609,1.988,8.83
2145.2,0.609,1.991,8.838
2145.39,0.609,1.993,8.841
2145.57,0.609,1.996,8.845
2145.75,0.608,1.995,8.848
2145.93,0.611,1.998,8.854
2147.21,0.617,2.001,8.881
2147.39,0.619,2.002,8.887
2147.57,0.62,2.002,8.89
2147.76,0.62,2.004,8.897
2147.94,0.622,2.006,8.899
2148.12,0.62,2.007,8.905
2148.3,0.623,2.008,8.906
2148.49,0.626,2.008,8.911
2148.67,0.625,2.009,8.915
2148.85,0.625,2.013,8.913
2149.3,0.625,2.014,8.919
2149.21,0.625,2.014,8.92
2149.4,0.624,2.015,8.921
2149.58,0.625,2.017,8.923
2149.76,0.624,2.015,8.929
2149.94,0.625,2.014,8.933
2150.13,0.623,2.014,8.934
2150.31,0.622,2.013,8.935
2150.49,0.62,2.01,8.935
2150.67,0.619,2.011,8.939
2150.86,0.618,2.013,8.944
2151.4,0.618,2.014,8.947
2151.22,0.619,2.015,8.95
2151.4,0.62,2.016,8.957
2151.58,0.621,2.018,8.961
2151.77,0.621,2.019,8.962
2151.95,0.622,2.02,8.967
2152.13,0.62,2.021,8.965
2152.31,0.619,2.022,8.969
2152.5,0.619,2.023,8.972
2152.68,0.62,2.027,8.975
2152.86,0.624,2.027,8.98
2153.4,0.623,2.025,8.985
2153.22,0.62,2.026,8.989
2153.41,0.619,2.025,8.994
2153.59,0.617,2.022,8.996
2153.77,0.619,2.024,9.0
2153.95,0.618,2.029,9.007
2154.14,0.618,2.029,9.011
2154.32,0.62,2.029,9.015
2154.5,0.623,2.024,9.018
2154.68,0.624,2.025,9.023
2154.87,0.623,2.026,9.022
2155.5,0.623,2.023,9.026
2155.23,0.622,2.025,9.032
2155.41,0.622,2.024,9.035
2155.59,0.623,2.028,9.04
2155.78,0.624,2.029,9.04
2155.96,0.623,2.033,9.042
2156.14,0.625,2.033,9.045
2156.32,0.627,2.034,9.051
2156.51,0.629,2.038,9.054
2156.69,0.63,2.041,9.058
2156.87,0.627,2.041,9.062
2157.5,0.627,2.04,9.066
2157.23,0.626,2.039,9.068
2157.42,0.624,2.04,9.07
2157.6,0.623,2.04,9.074
2159.42,0.629,2.052,9.114
2159.6,0.629,2.052,9.118
2159.79,0.632,2.054,9.123
2159.97,0.629,2.054,9.124
2160.15,0.63,2.056,9.13
2160.33,0.629,2.059,9.136
2160.52,0.632,2.058,9.137
2160.7,0.633,2.062,9.141
2160.88,0.633,2.059,9.146
2161.6,0.636,2.059,9.151
2161.24,0.634,2.06,9.155
2168.35,0.646,2.071,9.293
2168.54,0.646,2.07,9.296
2168.72,0.644,2.071,9.297
2168.9,0.646,2.072,9.3
2169.8,0.644,2.072,9.302
2169.26,0.645,2.072,9.306
2169.45,0.644,2.075,9.31
2169.63,0.645,2.075,9.313
2169.81,0.644,2.076,9.315
2169.99,0.643,2.073,9.32
2170.18,0.641,2.074,9.325
2170.36,0.641,2.075,9.33
2170.54,0.641,2.077,9.334
2170.72,0.644,2.073,9.336
2170.91,0.645,2.075,9.339
2171.9,0.643,2.074,9.34
2171.27,0.644,2.074,9.346
2171.45,0.645,2.073,9.349
2171.63,0.647,2.074,9.355
2171.82,0.647,2.074,9.357
2172.0,0.647,2.073,9.36
2172.18,0.647,2.075,9.366
2172.36,0.646,2.076,9.369
2172.55,0.646,2.079,9.373
2172.73,0.643,2.082,9.378
2174.55,0.646,2.09,9.422
2174.73,0.647,2.091,9.429
2174.92,0.647,2.092,9.431
2175.1,0.648,2.088,9.434
2175.28,0.646,2.087,9.439
2175.46,0.648,2.087,9.443
2175.64,0.648,2.087,9.447
2175.83,0.648,2.088,9.449
2176.1,0.647,2.091,9.452
2176.19,0.647,2.09,9.457
2176.37,0.651,2.095,9.458
2176.56,0.651,2.097,9.463
2176.74,0.654,2.097,9.466
2176.92,0.656,2.099,9.469
2177.1,0.655,2.101,9.472
2177.29,0.653,2.101,9.474
2177.47,0.654,2.099,9.479
2177.65,0.654,2.098,9.481
2177.83,0.653,2.101,9.484
2178.1,0.654,2.101,9.488
2178.2,0.655,2.102,9.493
2178.38,0.656,2.104,9.498
2178.56,0.653,2.106,9.5
2178.74,0.65,2.107,9.502
2178.93,0.653,2.108,9.506
2179.11,0.653,2.106,9.511
2179.29,0.652,2.107,9.516
2179.47,0.652,2.106,9.52
2179.65,0.649,2.108,9.524
2179.84,0.649,2.11,9.53
2180.75,0.652,2.116,9.548
2180.93,0.648,2.115,9.548
2181.11,0.648,2.119,9.553
2181.3,0.648,2.12,9.558
2181.48,0.647,2.122,9.561
2181.66,0.646,2.124,9.564
2181.84,0.649,2.122,9.573
2182.2,0.648,2.122,9.577
2182.21,0.645,2.123,9.581
2182.39,0.644,2.124,9.585
2182.57,0.64,2.127,9.588
2182.75,0.638,2.127,9.591
2182.94,0.639,2.124,9.594
2183.12,0.638,2.126,9.599
2183.3,0.637,2.125,9.604
2183.48,0.639,2.125,9.602
2183.67,0.636,2.127,9.604
2183.85,0.636,2.128,9.607
2184.3,0.635,2.129,9.611
2184.21,0.632,2.132,9.613
2184.39,0.632,2.131,9.619
2184.58,0.632,2.132,9.622
2184.76,0.63,2.13,9.626
2184.94,0.631,2.127,9.63
2185.12,0.632,2.129,9.634
2185.31,0.635,2.131,9.634
2185.49,0.633,2.133,9.639
2185.67,0.634,2.134,9.64
2185.85,0.635,2.134,9.643
2186.3,0.638,2.133,9.65
2186.22,0.638,2.133,9.655
2186.4,0.638,2.135,9.664
2186.58,0.638,2.135,9.669
2186.76,0.639,2.136,9.672
2186.95,0.641,2.135,9.676
2187.13,0.644,2.138,9.68
2187.31,0.645,2.138,9.685
2187.49,0.648,2.141,9.688
2188.4,0.652,2.144,9.702
2188.22,0.655,2.145,9.704
2188.4,0.655,2.142,9.711
2188.59,0.655,2.143,9.717
2188.77,0.656,2.147,9.721
2188.95,0.657,2.148,9.725
2189.13,0.656,2.152,9.728
2189.32,0.655,2.154,9.731
2189.5,0.655,2.156,9.733
2189.68,0.654,2.159,9.739
2189.86,0.655,2.159,9.742
2190.4,0.655,2.159,9.75
2190.23,0.656,2.159,9.751
2190.41,0.659,2.159,9.754
2190.59,0.659,2.16,9.759
2190.77,0.658,2.161,9.767
2190.96,0.662,2.163,9.769
2191.14,0.66,2.168,9.773
2191.32,0.662,2.17,9.774
2191.5,0.661,2.166,9.778
2191.69,0.658,2.167,9.782
2191.87,0.658,2.167,9.785
2192.5,0.659,2.169,9.792
2192.23,0.661,2.17,9.794
2192.41,0.664,2.171,9.798
2192.6,0.665,2.168,9.8
2192.78,0.667,2.17,9.804
2192.96,0.667,2.173,9.808
2193.14,0.668,2.177,9.812
2193.33,0.671,2.179,9.818
2193.51,0.669,2.18,9.82
2193.69,0.667,2.181,9.823
2193.87,0.668,2.182,9.827
2194.5,0.668,2.184,9.833
2194.24,0.671,2.186,9.837
2194.42,0.671,2.19,9.846
2194.6,0.673,2.192,9.848
2194.78,0.67,2.193,9.852
2198.79,0.667,2.225,9.935
2198.98,0.669,2.227,9.94
2199.16,0.668,2.229,9.943
2199.34,0.668,2.232,9.947
2199.52,0.668,2.232,9.952
2199.7,0.667,2.233,9.954
2199.89,0.667,2.235,9.959
2200.7,0.667,2.237,9.963
2200.25,0.668,2.235,9.966
2200.43,0.668,2.233,9.969
2200.62,0.668,2.232,9.974
2200.8,0.668,2.229,9.978
2200.98,0.669,2.23,9.981
2201.16,0.668,2.233,9.986
2201.34,0.669,2.233,9.993
2201.53,0.672,2.235,9.996
2201.71,0.671,2.233,9.999
2201.89,0.672,2.233,10.003
2202.7,0.673,2.237,10.006
2202.26,0.674,2.238,10.008
2202.44,0.672,2.24,10.01
2202.62,0.672,2.243,10.015
2202.8,0.672,2.246,10.019
2202.99,0.674,2.245,10.025
2203.17,0.676,2.247,10.029
2208.9,0.667,2.269,10.119
2208.27,0.667,2.269,10.124
2208.45,0.665,2.27,10.128
2208.64,0.669,2.272,10.131
2208.82,0.67,2.272,10.134
2209.0,0.671,2.275,10.138
2209.18,0.673,2.276,10.139
2209.36,0.676,2.276,10.141
2209.55,0.674,2.273,10.146
2209.73,0.673,2.273,10.151
2209.91,0.673,2.271,10.153
2210.9,0.672,2.271,10.154
2210.28,0.67,2.269,10.161
2210.46,0.67,2.27,10.164
2210.64,0.669,2.272,10.166
2210.82,0.668,2.27,10.165
2211.0,0.667,2.271,10.168
2211.19,0.668,2.271,10.173
2211.37,0.671,2.268,10.174
2211.55,0.673,2.268,10.176
2211.73,0.672,2.268,10.18
2211.92,0.67,2.267,10.182
2212.1,0.672,2.265,10.188
2212.28,0.669,2.266,10.192
2212.46,0.669,2.27,10.199
2212.65,0.671,2.271,10.2
2212.83,0.672,2.272,10.203
2213.1,0.673,2.273,10.204
2213.19,0.671,2.274,10.208
2213.37,0.67,2.274,10.209
2213.56,0.67,2.275,10.214
2213.74,0.672,2.278,10.219
2213.92,0.67,2.279,10.223
2214.1,0.67,2.281,10.227
2214.29,0.669,2.281,10.226
2214.47,0.671,2.281,10.228
2214.65,0.671,2.28,10.229
2214.83,0.672,2.283,10.23
2215.1,0.673,2.284,10.239
2215.2,0.673,2.289,10.242
2215.38,0.672,2.291,10.248
2215.56,0.677,2.294,10.251
2215.74,0.677,2.293,10.253
2215.93,0.679,2.292,10.257
2216.11,0.676,2.294,10.26
2216.29,0.675,2.293,10.263
2216.47,0.674,2.299,10.269
2216.66,0.675,2.298,10.273
2216.84,0.673,2.296,10.274
2217.2,0.673,2.299,10.276
2217.2,0.67,2.301,10.28
2217.38,0.67,2.301,10.283
2217.57,0.668,2.301,10.287
2217.75,0.671,2.302,10.294
2217.93,0.672,2.302,10.295
2218.11,0.671,2.302,10.3
2218.3,0.671,2.305,10.3
2218.48,0.671,2.305,10.303
2218.66,0.673,2.306,10.305
2218.84,0.671,2.308,10.312
2219.3,0.67,2.306,10.316
2219.21,0.67,2.307,10.318
2219.39,0.67,2.309,10.319
2219.57,0.672,2.309,10.323
2219.75,0.671,2.31,10.326
2219.94,0.671,2.313,10.329
2220.12,0.671,2.315,10.332
2220.3,0.672,2.316,10.336
2220.48,0.673,2.313,10.341
2220.67,0.673,2.312,10.344
2220.85,0.674,2.31,10.348
2221.3,0.673,2.311,10.348
2221.21,0.672,2.311,10.349
2221.39,0.672,2.309,10.354
2221.58,0.672,2.306,10.357
2221.76,0.672,2.307,10.361
2221.94,0.671,2.306,10.363
2222.12,0.672,2.308,10.365
2222.31,0.675,2.31,10.367
2222.49,0.677,2.311,10.371
2222.67,0.677,2.314,10.374
2222.85,0.679,2.316,10.38
2223.4,0.68,2.317,10.384
2223.22,0.679,2.319,10.387
2223.4,0.679,2.317,10.395
2223.58,0.679,2.322,10.404
2223.76,0.68,2.323,10.408
2223.95,0.678,2.324,10.414
2224.13,0.682,2.326,10.419
2224.31,0.681,2.327,10.425
2224.49,0.681,2.328,10.432
2224.68,0.677,2.33,10.434
2224.86,0.68,2.33,10.44
2225.4,0.678,2.331,10.443
2225.22,0.678,2.332,10.449
2225.4,0.681,2.332,10.451
2225.59,0.684,2.331,10.454
2225.77,0.683,2.333,10.46
2225.95,0.682,2.334,10.463
2226.13,0.684,2.338,10.468
2226.32,0.684,2.339,10.471
2226.5,0.682,2.338,10.476
2226.68,0.683,2.337,10.477
2231.42,0.698,2.348,10.574
2231.6,0.697,2.347,10.578
2231.78,0.696,2.35,10.578
2231.97,0.699,2.353,10.581
2232.15,0.7,2.354,10.584
2232.33,0.698,2.356,10.588
2232.51,0.699,2.356,10.586
2232.7,0.703,2.357,10.591
2232.88,0.703,2.356,10.595
2233.6,0.704,2.358,10.596
2233.24,0.706,2.359,10.601
2233.42,0.708,2.357,10.603
2233.61,0.708,2.36,10.605
2233.79,0.709,2.36,10.607
2233.97,0.708,2.363,10.612
2234.15,0.708,2.364,10.614
2234.34,0.709,2.364,10.621
2234.52,0.708,2.364,10.627
2234.7,0.709,2.364,10.631
2234.88,0.713,2.361,10.634
2235.7,0.713,2.36,10.636
2235.25,0.716,2.36,10.639
2235.43,0.714,2.362,10.643
2235.61,0.714,2.364,10.648
2235.79,0.715,2.366,10.652
2235.98,0.716,2.367,10.657
2236.16,0.717,2.367,10.66
2236.34,0.718,2.368,10.662
2236.52,0.717,2.371,10.67
2236.71,0.719,2.371,10.674
2236.89,0.718,2.373,10.676
2238.16,0.721,2.379,10.692
2238.35,0.721,2.381,10.699
2238.53,0.723,2.384,10.705
2238.71,0.724,2.384,10.704
2238.89,0.726,2.383,10.71
2239.7,0.727,2.384,10.713
2239.26,0.729,2.387,10.717
2239.44,0.731,2.387,10.723
2239.62,0.73,2.39,10.726
2239.8,0.731,2.392,10.729
2239.99,0.729,2.389,10.73
2240.17,0.73,2.39,10.736
2240.35,0.728,2.393,10.737
2240.53,0.727,2.396,10.742
2240.72,0.728,2.395,10.744
2240.9,0.729,2.398,10.747
2241.8,0.728,2.4,10.748
2241.26,0.729,2.404,10.748
2241.44,0.731,2.401,10.752
2241.63,0.732,2.401,10.755
2241.81,0.733,2.401,10.76
2241.99,0.736,2.403,10.762
2242.17,0.739,2.405,10.764
2242.36,0.741,2.405,10.766
2242.54,0.739,2.404,10.77
2242.72,0.737,2.406,10.772
2242.9,0.737,2.407,10.775
2243.8,0.74,2.41,10.783
2243.27,0.741,2.414,10.786
2243.45,0.74,2.413,10.786
2243.63,0.742,2.414,10.793
2243.81,0.743,2.416,10.795
2244.0,0.748,2.419,10.802
2244.18,0.747,2.42,10.806
2244.36,0.751,2.421,10.813
2244.54,0.751,2.423,10.816
2244.72,0.751,2.422,10.821
2244.91,0.754,2.425,10.822
2245.9,0.754,2.425,10.824
2245.27,0.758,2.426,10.826
2245.45,0.756,2.428,10.831
2245.64,0.756,2.426,10.837
2245.82,0.756,2.426,10.841
2246.0,0.758,2.429,10.845
2246.18,0.763,2.43,10.848
2246.37,0.761,2.43,10.854
2246.55,0.766,2.433,10.855
2246.73,0.767,2.436,10.86
2246.91,0.766,2.439,10.865
2247.9,0.768,2.442,10.87
2247.28,0.765,2.444,10.873
2247.46,0.766,2.441,10.877
2247.64,0.765,2.441,10.883
2247.82,0.764,2.442,10.887
2248.1,0.767,2.443,10.89
2248.19,0.768,2.442,10.895
2248.37,0.771,2.441,10.898
2248.55,0.769,2.44,10.899
2248.73,0.764,2.441,10.903
2248.92,0.765,2.443,10.907
2249.1,0.763,2.44,10.912
2249.28,0.761,2.442,10.916
2249.46,0.76,2.441,10.923
2249.65,0.76,2.441,10.929
2249.83,0.758,2.441,10.934
2250.1,0.758,2.444,10.938
2250.19,0.76,2.443,10.939
2250.37,0.759,2.445,10.943
2250.56,0.76,2.444,10.949
2250.74,0.761,2.443,10.951
2250.92,0.763,2.442,10.954
2251.1,0.765,2.442,10.958
2251.29,0.764,2.441,10.965
2251.47,0.765,2.44,10.969
2251.65,0.765,2.438,10.972
2251.83,0.767,2.436,10.974
2252.1,0.77,2.437,10.98
2252.2,0.774,2.435,10.986
2252.38,0.774,2.437,10.99
2252.56,0.774,2.437,10.994
2252.74,0.772,2.437,10.997
2252.93,0.773,2.438,11.0
2253.11,0.772,2.439,11.006
2253.29,0.772,2.443,11.011
2256.57,0.795,2.448,11.092
2256.75,0.797,2.448,11.097
2256.94,0.8,2.45,11.102
2257.12,0.801,2.45,11.106
2257.3,0.802,2.453,11.11
2257.48,0.802,2.454,11.115
2257.66,0.804,2.458,11.119
2257.85,0.805,2.459,11.124
2258.3,0.806,2.458,11.126
2258.21,0.807,2.46,11.129
2263.68,0.822,2.486,11.263
2263.86,0.826,2.488,11.267
2264.4,0.828,2.487,11.269
2264.22,0.828,2.489,11.275
2264.41,0.831,2.489,11.278
2264.59,0.832,2.489,11.28
2264.77,0.833,2.489,11.283
2264.95,0.833,2.488,11.287
2265.14,0.838,2.489,11.293
2270.6,0.864,2.495,11.419
2270.24,0.867,2.495,11.423
2270.42,0.864,2.495,11.431
2270.6,0.865,2.495,11.438
2270.79,0.866,2.495,11.444
2270.97,0.867,2.493,11.452
2271.15,0.867,2.495,11.45
2271.33,0.87,2.495,11.455
2271.51,0.869,2.496,11.458
2271.7,0.869,2.498,11.465
2271.88,0.868,2.493,11.47
2272.6,0.868,2.492,11.476
2272.24,0.869,2.493,11.482
2272.43,0.869,2.494,11.486
2272.61,0.871,2.496,11.492
2272.79,0.875,2.493,11.499
2272.97,0.877,2.493,11.502
2273.15,0.878,2.491,11.505
2273.34,0.878,2.491,11.508
2273.52,0.877,2.492,11.512
2273.7,0.878,2.49,11.516
2273.88,0.881,2.492,11.518
2274.7,0.883,2.493,11.522
2274.25,0.881,2.495,11.525
2274.43,0.88,2.497,11.53
2274.61,0.882,2.497,11.533
2274.8,0.883,2.495,11.541
2274.98,0.88,2.497,11.547
2275.16,0.881,2.496,11.55
2275.34,0.881,2.495,11.555
2275.52,-0.0,-0.0,0.0
2275.71,0.001,0.0,0.002
2275.89,0.002,0.0,0.005
2276.7,0.002,-0.001,0.01
2276.25,0.002,0.0,0.013
2276.44,0.001,0.001,0.015
2276.62,0.004,0.001,0.021
2276.8,0.004,0.001,0.029
2276.98,0.003,-0.0,0.037
2277.16,0.005,0.002,0.042
2277.35,0.008,0.002,0.048
2277.53,0.006,0.002,0.052
2277.71,0.004,0.004,0.056
2277.89,0.004,0.009,0.06
2278.8,0.006,0.013,0.064
2278.26,0.007,0.013,0.068
2278.44,0.006,0.013,0.072
2278.62,0.008,0.012,0.076
2278.8,0.01,0.012,0.078
2278.99,0.012,0.014,0.081
2279.17,0.015,0.014,0.087
2279.35,0.017,0.014,0.094
2279.53,0.014,0.017,0.104
2279.72,0.015,0.015,0.108
2279.9,0.013,0.019,0.109
2280.8,0.011,0.02,0.112
2280.26,0.011,0.022,0.119
2280.45,0.011,0.023,0.124
2280.63,0.013,0.026,0.126
2280.81,0.015,0.027,0.131
2280.99,0.016,0.029,0.134
2281.17,0.017,0.032,0.14
2281.36,0.016,0.034,0.143
2281.54,0.017,0.037,0.146
2281.72,0.018,0.036,0.149
2281.9,0.018,0.036,0.152
2282.9,0.016,0.037,0.157
2282.27,0.016,0.037,0.163
2282.45,0.016,0.039,0.169
2283.54,0.019,0.047,0.207
2283.73,0.022,0.046,0.212
2283.91,0.021,0.047,0.216
2284.9,0.022,0.05,0.221
2284.27,0.021,0.05,0.224
2284.45,0.025,0.05,0.227
2284.64,0.027,0.049,0.231
2284.82,0.025,0.05,0.237
2285.0,0.023,0.05,0.241
2285.18,0.019,0.047,0.245
2285.37,0.016,0.049,0.253
2285.55,0.017,0.049,0.258
2285.73,0.018,0.049,0.258
2285.91,0.02,0.049,0.261
2286.1,0.023,0.05,0.267
2286.28,0.025,0.053,0.271
2286.46,0.027,0.054,0.275
2286.64,0.027,0.053,0.28
2286.82,0.031,0.056,0.285
2287.1,0.03,0.055,0.288
2287.19,0.032,0.058,0.291
2287.37,0.034,0.054,0.295
2287.55,0.035,0.054,0.302
2287.74,0.034,0.053,0.305
2287.92,0.032,0.053,0.309
2288.1,0.032,0.054,0.309
2288.28,0.034,0.053,0.311
2288.46,0.031,0.052,0.311
2288.65,0.03,0.052,0.314
2288.83,0.03,0.053,0.318
2289.1,0.03,0.053,0.32
2289.19,0.029,0.053,0.323
2289.38,0.028,0.055,0.326
2289.56,0.028,0.058,0.33
2289.74,0.031,0.056,0.334
2289.92,0.035,0.057,0.336
2290.11,0.036,0.056,0.338
2290.29,0.035,0.057,0.343
2290.47,0.034,0.057,0.346
2290.65,0.036,0.057,0.354
2291.93,0.035,0.066,0.38
2292.11,0.037,0.066,0.384
2292.29,0.039,0.065,0.391
2292.47,0.04,0.066,0.397
2292.66,0.04,0.066,0.398
2292.84,0.04,0.068,0.404
2293.2,0.044,0.07,0.41
2293.2,0.043,0.07,0.413
2293.39,0.045,0.07,0.416
2293.57,0.045,0.071,0.42
2293.75,0.047,0.07,0.426
2299.77,0.055,0.08,0.554
2299.95,0.054,0.079,0.557
2300.13,0.053,0.084,0.561
2300.31,0.051,0.085,0.563
2300.5,0.053,0.086,0.564
2300.68,0.054,0.085,0.568
2300.86,0.057,0.084,0.572
2301.4,0.058,0.086,0.58
2301.22,0.06,0.086,0.588
2301.41,0.06,0.089,0.596
2301.59,0.062,0.09,0.599
2307.61,0.071,0.101,0.744
2307.79,0.071,0.102,0.749
2307.97,0.072,0.1,0.749
2308.15,0.074,0.102,0.754
2308.33,0.074,0.104,0.759
2308.52,0.075,0.104,0.763
2308.7,0.075,0.103,0.769
2308.88,0.075,0.103,0.772
2309.6,0.076,0.105,0.776
2309.25,0.076,0.105,0.777
2309.43,0.079,0.105,0.78
2309.61,0.079,0.107,0.784
2309.79,0.077,0.109,0.788
2309.98,0.079,0.109,0.793
2310.16,0.08,0.109,0.796
2310.34,0.08,0.111,0.8
2310.52,0.08,0.113,0.806
2310.7,0.08,0.114,0.811
2311.98,0.077,0.122,0.84
2312.16,0.081,0.122,0.845
2312.34,0.08,0.124,0.848
2312.53,0.083,0.126,0.854
2312.71,0.084,0.126,0.857
2312.89,0.088,0.126,0.86
2313.7,0.088,0.126,0.866
2313.26,0.086,0.126,0.87
2313.44,0.085,0.127,0.875
2319.27,0.104,0.135,1.005
2319.45,0.106,0.133,1.009
2319.64,0.108,0.136,1.012
2319.82,0.11,0.135,1.017
2320.0,0.11,0.138,1.019
2320.18,0.11,0.141,1.024
2320.36,0.111,0.143,1.029
2320.55,0.114,0.144,1.033
2320.73,0.113,0.146,1.034
2320.91,0.113,0.148,1.039
2326.2,0.131,0.161,1.183
2326.2,0.132,0.165,1.187
2326.38,0.131,0.164,1.193
2326.56,0.134,0.165,1.196
2326.74,0.135,0.165,1.199
2326.93,0.135,0.166,1.203
2327.11,0.137,0.165,1.209
2327.29,0.137,0.166,1.216
2327.47,0.134,0.17,1.222
2327.66,0.134,0.17,1.225
2327.84,0.137,0.169,1.232
2328.2,0.135,0.17,1.233
2328.2,0.135,0.17,1.237
2328.38,0.14,0.172,1.244
2328.57,0.143,0.174,1.247
2328.75,0.142,0.175,1.249
2328.93,0.145,0.178,1.253
2329.11,0.148,0.18,1.257
2329.3,0.15,0.181,1.257
2329.48,0.15,0.182,1.262
2329.66,0.152,0.183,1.262
2329.84,0.151,0.185,1.263
2330.3,0.152,0.185,1.271
2330.21,0.154,0.188,1.275
2330.39,0.153,0.188,1.277
2330.57,0.156,0.19,1.28
2330.75,0.154,0.189,1.282
2330.94,0.153,0.192,1.282
2331.12,0.153,0.192,1.284
2331.3,0.155,0.193,1.29
2331.48,0.156,0.195,1.296
2331.67,0.158,0.197,1.304
2331.85,0.158,0.197,1.31
2332.3,0.159,0.201,1.314
2332.21,0.162,0.203,1.321
2332.39,0.162,0.204,1.326
2332.58,0.161,0.201,1.326
2332.76,0.162,0.201,1.329
2332.94,0.162,0.201,1.331
2333.12,0.162,0.2,1.335
2333.31,0.166,0.202,1.34
2333.49,0.167,0.203,1.344
2333.67,0.168,0.205,1.345
2333.85,0.171,0.208,1.35
2334.4,0.175,0.211,1.351
2334.22,0.173,0.216,1.357
2334.4,0.171,0.219,1.363
2334.58,0.166,0.22,1.364
2334.76,0.166,0.222,1.366
2334.95,0.166,0.225,1.37
2335.13,0.165,0.226,1.372
2336.77,0.168,0.221,1.406
2336.95,0.171,0.221,1.409
2337.13,0.174,0.222,1.415
2337.32,0.176,0.225,1.417
2337.5,0.175,0.225,1.42
2337.68,0.179,0.223,1.426
2337.86,0.177,0.223,1.429
2338.5,0.177,0.222,1.432
2338.23,0.178,0.222,1.437
2338.41,0.18,0.224,1.44
2338.59,0.177,0.225,1.447
2338.77,0.176,0.224,1.453
2338.96,0.175,0.227,1.459
2339.14,0.177,0.226,1.466
2339.32,0.18,0.224,1.47
2339.5,0.181,0.225,1.474
2339.69,0.182,0.225,1.481
2339.87,0.182,0.227,1.486
2340.96,0.193,0.229,1.511
2341.14,0.197,0.229,1.518
2341.33,0.199,0.23,1.521
2341.51,0.2,0.231,1.526
2341.69,0.202,0.233,1.533
2341.87,0.205,0.235,1.54
2342.6,0.208,0.236,1.54
2342.24,0.208,0.235,1.544
2342.42,0.208,0.237,1.545
2348.7,0.226,0.248,1.643
2348.25,0.228,0.246,1.65
2348.43,0.23,0.248,1.655
2348.62,0.231,0.246,1.66
2348.8,0.231,0.246,1.666
2348.98,0.232,0.244,1.67
2349.16,0.234,0.245,1.673
2349.35,0.238,0.244,1.68
2349.53,0.239,0.245,1.685
2349.71,0.243,0.247,1.692
2349.89,0.243,0.25,1.695
2355.54,0.26,0.269,1.818
2355.73,0.263,0.27,1.823
2355.91,0.262,0.27,1.829
2356.9,0.263,0.274,1.832
2356.27,0.263,0.276,1.834
2356.45,0.263,0.276,1.837
2356.64,0.264,0.274,1.843
2356.82,0.264,0.275,1.847
2357.0,0.263,0.276,1.852
2357.18,0.264,0.276,1.855
2357.37,0.264,0.279,1.861
2357.55,0.264,0.281,1.864
2357.73,0.267,0.28,1.87
2357.91,0.267,0.277,1.875
2358.9,0.267,0.278,1.876
2358.28,0.266,0.281,1.879
2358.46,0.265,0.281,1.883
2358.64,0.266,0.28,1.884
2358.82,0.268,0.28,1.888
2359.1,0.267,0.279,1.892
2359.19,0.267,0.277,1.894
2359.37,0.267,0.277,1.897
2359.55,0.269,0.282,1.901
2359.73,0.27,0.281,1.903
2359.92,0.271,0.285,1.905
2360.1,0.271,0.286,1.91
2360.28,0.271,0.29,1.911
2360.46,0.27,0.29,1.913
2360.65,0.271,0.289,1.916
2360.83,0.272,0.289,1.919
2361.1,0.273,0.292,1.921
2361.19,0.272,0.292,1.921
2361.37,0.271,0.291,1.927
2361.56,0.271,0.294,1.93
2361.74,0.274,0.295,1.934
2361.92,0.271,0.294,1.935
2362.1,0.275,0.294,1.94
2362.29,0.273,0.291,1.942
2362.47,0.276,0.297,1.949
2362.65,0.275,0.298,1.952
2362.83,0.276,0.298,1.955
2363.1,0.275,0.299,1.96
2363.2,0.277,0.296,1.966
2363.38,0.279,0.299,1.969
2363.56,0.28,0.298,1.968
2363.74,0.282,0.299,1.973
2363.93,0.285,0.298,1.974
2364.11,0.286,0.298,1.976
2364.29,0.288,0.298,1.977
2364.47,0.29,0.297,1.98
2364.66,0.289,0.297,1.985
2364.84,0.289,0.299,1.991
2365.2,0.288,0.298,1.996
2365.2,0.289,0.296,2.001
2365.38,0.289,0.301,2.004
2365.57,0.29,0.301,2.009
2365.75,0.29,0.303,2.011
2365.93,0.291,0.301,2.016
2366.11,0.289,0.303,2.017
2367.21,0.284,0.301,2.042
2367.39,0.284,0.301,2.045
2367.57,0.282,0.301,2.05
2367.75,0.28,0.303,2.052
2367.94,0.278,0.303,2.054
2368.12,0.275,0.304,2.057
2368.3,0.276,0.307,2.061
2368.48,0.274,0.31,2.066
2368.66,0.272,0.314,2.069
2368.85,0.269,0.315,2.072
2369.3,0.27,0.317,2.078
2369.21,0.268,0.318,2.083
2369.39,0.269,0.318,2.087
2369.58,0.267,0.319,2.087
2369.76,0.267,0.319,2.09
2369.94,0.271,0.318,2.093
2370.12,0.269,0.318,2.095
2370.31,0.27,0.319,2.101
2370.49,0.27,0.32,2.1
2370.67,0.271,0.324,2.105
2370.85,0.268,0.324,2.108
2371.3,0.269,0.324,2.114
2371.22,0.271,0.327,2.116
2371.4,0.272,0.328,2.119
2371.58,0.27,0.328,2.125
2371.76,0.267,0.328,2.124
2371.95,0.268,0.329,2.129
2372.13,0.265,0.328,2.132
2372.31,0.266,0.331,2.134
2372.49,0.265,0.332,2.135
2372.68,0.267,0.333,2.135
2372.86,0.267,0.337,2.136
2373.4,0.264,0.336,2.139
2373.22,0.265,0.336,2.143
2374.32,0.263,0.344,2.162
2374.5,0.264,0.345,2.164
2374.68,0.261,0.348,2.168
2374.86,0.263,0.349,2.176
2375.5,0.266,0.35,2.181
2375.23,0.267,0.35,2.186
2375.41,0.266,0.351,2.193
2375.59,0.265,0.353,2.199
2375.77,0.263,0.355,2.201
2375.96,0.266,0.358,2.206
2376.14,0.266,0.356,2.211
2382.15,0.28,0.398,2.343
2382.34,0.281,0.402,2.349
2382.52,0.282,0.404,2.357
2382.7,0.282,0.405,2.363
2382.88,0.285,0.407,2.372
2383.6,0.284,0.411,2.378
2383.25,0.286,0.415,2.381
2383.43,0.286,0.416,2.386
2383.61,0.287,0.42,2.392
2383.79,0.287,0.42,2.393
2390.17,0.296,0.457,2.534
2390.36,0.297,0.46,2.535
2390.54,0.298,0.46,2.537
2390.72,0.302,0.462,2.537
2390.9,0.302,0.464,2.537
2391.9,0.305,0.465,2.542
2391.27,0.304,0.464,2.545
2391.45,0.304,0.465,2.547
2391.63,0.304,0.468,2.552
2391.81,0.302,0.469,2.557
2392.0,0.303,0.472,2.56
2392.18,0.305,0.474,2.564
2392.36,0.302,0.476,2.566
2392.54,0.301,0.477,2.57
2392.73,0.3,0.476,2.574
2392.91,0.298,0.479,2.579
2393.9,0.299,0.481,2.582
2393.27,0.301,0.482,2.583
2393.45,0.302,0.488,2.586
2393.64,0.303,0.49,2.591
2393.82,0.303,0.49,2.595
2394.0,0.304,0.49,2.599
2394.18,0.303,0.491,2.602
2394.37,0.304,0.493,2.607
2394.55,0.304,0.498,2.612
2394.73,0.3,0.499,2.616
2394.91,0.3,0.502,2.623
2395.1,0.298,0.503,2.624
2395.28,0.299,0.503,2.629
2395.46,0.295,0.505,2.633
2395.64,0.294,0.503,2.636
2395.82,0.295,0.504,2.64
2396.1,0.295,0.502,2.643
2396.19,0.295,0.504,2.643
2396.37,0.294,0.502,2.651
2396.55,0.296,0.504,2.657
2397.83,0.301,0.503,2.679
2398.1,0.301,0.504,2.682
2398.19,0.305,0.506,2.684
2398.38,0.306,0.507,2.686
2398.56,0.307,0.507,2.691
2398.74,0.309,0.507,2.697
2398.92,0.308,0.507,2.698
2399.11,0.307,0.507,2.704
2399.29,0.307,0.506,2.709
2399.47,0.31,0.505,2.716
2405.85,0.314,0.543,2.828
2406.3,0.311,0.542,2.83
2406.21,0.313,0.542,2.838
2406.4,0.313,0.544,2.84
2406.58,0.315,0.547,2.842
2406.76,0.318,0.549,2.848
2406.94,0.317,0.547,2.851
2407.12,0.316,0.547,2.857
2407.31,0.317,0.55,2.86
2407.49,0.317,0.549,2.865
2407.67,0.318,0.551,2.867
2407.85,0.315,0.551,2.871
2408.4,0.317,0.552,2.877
2408.22,0.319,0.551,2.879
2408.4,0.319,0.552,2.88
2408.58,0.319,0.553,2.885
2408.76,0.317,0.555,2.888
2408.95,0.316,0.558,2.89
2409.13,0.312,0.553,2.892
2409.31,0.313,0.554,2.898
2409.49,0.31,0.555,2.901
2409.68,0.314,0.559,2.905
2409.86,0.312,0.558,2.911
2410.4,0.312,0.559,2.916
2410.22,0.311,0.561,2.92
2410.41,0.311,0.563,2.925
2410.59,0.31,0.562,2.93
2410.77,0.312,0.566,2.933
2410.95,0.311,0.562,2.937
2411.13,0.314,0.564,2.943
2411.32,0.313,0.562,2.945
2411.5,0.315,0.566,2.949
2411.68,0.316,0.566,2.956
2411.86,0.316,0.565,2.962
2412.5,0.315,0.564,2.966
2412.23,0.316,0.565,2.967
2414.23,0.311,0.577,3.01
2414.42,0.31,0.577,3.015
2414.6,0.315,0.574,3.021
2414.78,0.313,0.577,3.024
2414.96,0.317,0.577,3.027
2415.14,0.316,0.575,3.028
2415.33,0.319,0.576,3.029
2415.51,0.318,0.576,3.033
2415.69,0.318,0.578,3.04
2415.87,0.316,0.577,3.042
2422.43,0.328,0.612,3.175
2422.62,0.327,0.612,3.179
2422.8,0.328,0.61,3.185
2422.98,0.326,0.612,3.191
2423.16,0.327,0.611,3.193
2423.35,0.327,0.615,3.195
2423.53,0.33,0.616,3.197
2423.71,0.332,0.615,3.201
2423.89,0.332,0.617,3.203
2429.18,0.334,0.651,3.309
2429.36,0.333,0.652,3.314
2429.54,0.331,0.656,3.319
2429.73,0.334,0.657,3.322
2429.91,0.337,0.661,3.328
2430.9,0.336,0.661,3.334
2430.27,0.338,0.66,3.338
2430.45,0.337,0.658,3.346
2430.64,0.337,0.656,3.352
2430.82,0.339,0.654,3.356
2436.1,0.345,0.672,3.482
2436.29,0.344,0.672,3.485
2436.47,0.345,0.673,3.491
2436.65,0.345,0.668,3.495
2436.83,0.348,0.666,3.501
2437.2,0.35,0.671,3.505
2437.2,0.347,0.669,3.509
2437.38,0.35,0.673,3.513
2437.56,0.352,0.673,3.522
2437.74,0.352,0.672,3.521
2437.93,0.353,0.676,3.527
2438.11,0.353,0.672,3.53
2438.29,0.356,0.673,3.539
2438.47,0.356,0.67,3.542
2438.66,0.36,0.672,3.547
2438.84,0.358,0.675,3.554
2439.2,0.358,0.676,3.557
2439.2,0.359,0.676,3.559
2439.39,0.358,0.676,3.563
2439.57,0.358,0.674,3.565
2439.75,0.356,0.676,3.566
2439.93,0.356,0.677,3.569
2440.11,0.354,0.679,3.571
2440.3,0.355,0.682,3.576
2440.48,0.355,0.681,3.58
2440.66,0.358,0.682,3.581
2440.84,0.359,0.682,3.588
2441.3,0.358,0.681,3.59
2441.21,0.361,0.684,3.592
2441.39,0.361,0.683,3.593
2441.57,0.362,0.683,3.596
2441.75,0.365,0.682,3.6
2441.94,0.366,0.686,3.605
2442.12,0.366,0.687,3.609
2442.3,0.364,0.69,3.613
2442.48,0.366,0.69,3.618
2442.67,0.365,0.694,3.619
2442.85,0.365,0.696,3.621
2443.3,0.365,0.694,3.623
2443.21,0.364,0.701,3.626
2443.4,0.363,0.705,3.629
2443.58,0.365,0.705,3.633
2443.76,0.366,0.704,3.637
2443.94,0.363,0.705,3.641
2444.12,0.359,0.705,3.645
2444.31,0.361,0.708,3.653
2444.49,0.361,0.704,3.656
2444.67,0.359,0.706,3.66
2444.85,0.36,0.707,3.66
2445.4,0.361,0.71,3.666
2445.22,0.361,0.713,3.668
2445.4,0.361,0.714,3.674
2445.58,0.36,0.713,3.678
2445.77,0.362,0.716,3.684
2445.95,0.36,0.718,3.688
2446.13,0.361,0.72,3.688
2446.31,0.364,0.722,3.687
2446.49,0.364,0.721,3.688
2446.68,0.364,0.725,3.694
2446.86,0.361,0.723,3.698
2447.4,0.359,0.73,3.703
2447.22,0.362,0.733,3.71
2447.41,0.363,0.733,3.713
2447.59,0.366,0.734,3.718
2447.77,0.365,0.734,3.721
2447.95,0.364,0.737,3.724
2448.13,0.364,0.737,3.728
2448.32,0.365,0.738,3.731
2448.5,0.364,0.738,3.737
2448.68,0.365,0.739,3.742
2448.86,0.366,0.737,3.746
2449.5,0.366,0.737,3.749
2449.23,0.368,0.737,3.749
2449.41,0.367,0.734,3.754
2449.59,0.368,0.736,3.757
2449.78,0.371,0.735,3.764
2449.96,0.372,0.735,3.77
2450.14,0.371,0.739,3.776
2450.32,0.371,0.744,3.78
2450.5,0.368,0.744,3.782
2450.69,0.369,0.747,3.786
2450.87,0.366,0.749,3.785
2451.5,0.365,0.75,3.789
2451.23,0.366,0.753,3.788
2451.42,0.37,0.758,3.792
2451.6,0.37,0.758,3.795
2451.78,0.371,0.758,3.798
2451.96,0.372,0.763,3.8
2452.14,0.374,0.766,3.802
2452.33,0.374,0.767,3.808
2452.51,0.372,0.766,3.811
2453.79,0.378,0.771,3.834
2453.97,0.379,0.77,3.838
2454.15,0.378,0.771,3.843
2454.33,0.379,0.774,3.844
2454.51,0.378,0.772,3.846
2454.7,0.377,0.771,3.85
2454.88,0.375,0.774,3.853
2455.6,0.374,0.774,3.857
2455.24,0.373,0.773,3.863
2455.43,0.375,0.774,3.866
2455.61,0.377,0.777,3.871
2455.79,0.379,0.776,3.876
2455.97,0.379,0.778,3.878
2456.16,0.378,0.778,3.886
2456.34,0.377,0.777,3.893
2456.52,0.375,0.779,3.899
2456.7,0.376,0.782,3.904
2456.88,0.375,0.78,3.91
2457.7,0.376,0.781,3.914
2457.25,0.372,0.782,3.919
2457.43,0.372,0.781,3.923
2457.61,0.373,0.781,3.926
2457.8,0.374,0.785,3.928
2457.98,0.373,0.786,3.93
2458.16,0.374,0.785,3.934
2458.34,0.377,0.788,3.937
2458.52,0.374,0.788,3.94
2458.71,0.376,0.785,3.944
2458.89,0.378,0.788,3.949
2459.7,0.376,0.789,3.952
2459.25,0.379,0.788,3.953
2459.44,0.378,0.787,3.956
2459.62,0.377,0.786,3.959
2459.8,0.377,0.786,3.963
2459.98,0.377,0.785,3.966
2460.17,0.376,0.786,3.968
2460.35,0.376,0.789,3.968
2460.53,0.375,0.791,3.971
2460.71,0.375,0.793,3.976
2460.89,0.373,0.79,3.978
2461.8,0.374,0.789,3.982
2461.26,0.372,0.785,3.983
2461.44,0.372,0.785,3.986
2461.62,0.372,0.782,3.989
2461.81,0.37,0.782,3.99
2461.99,0.368,0.785,3.994
2462.17,0.366,0.788,4.001
2462.35,0.367,0.785,4.006
2462.53,0.365,0.784,4.01
2462.72,0.364,0.785,4.015
2462.9,0.364,0.786,4.023
2463.8,0.365,0.787,4.023
2463.26,0.368,0.786,4.025
2463.45,0.369,0.79,4.026
2463.63,0.373,0.789,4.027
2463.81,0.374,0.789,4.029
2463.99,0.376,0.791,4.032
2464.17,0.377,0.79,4.032
2464.36,0.378,0.794,4.035
2468.0,0.381,0.804,4.114
2468.18,0.381,0.805,4.117
2468.37,0.38,0.805,4.12
2468.55,0.378,0.806,4.12
2468.73,0.377,0.809,4.123
2468.91,0.381,0.809,4.125
2469.1,0.381,0.809,4.128
2469.28,0.383,0.809,4.134
2469.46,0.384,0.811,4.137
2469.64,0.384,0.813,4.141
2469.83,0.385,0.813,4.146
2470.1,0.384,0.812,4.148
2470.19,0.384,0.811,4.15
2470.37,0.385,0.811,4.156
2470.55,0.386,0.814,4.164
2470.74,0.385,0.816,4.168
2470.92,0.387,0.813,4.171
2471.1,0.386,0.819,4.173
2471.28,0.385,0.819,4.174
2471.47,0.388,0.824,4.177
2471.65,0.39,0.827,4.183
2471.83,0.39,0.827,4.191
2472.1,0.389,0.83,4.195
2473.29,0.385,0.844,4.213
2473.47,0.388,0.843,4.218
2473.65,0.389,0.844,4.219
2473.84,0.389,0.844,4.222
2474.2,0.389,0.848,4.225
2474.2,0.39,0.848,4.224
2474.38,0.391,0.851,4.232
2474.56,0.39,0.851,4.235
2474.75,0.392,0.852,4.24
2474.93,0.393,0.852,4.24
2475.11,0.394,0.853,4.245
2475.29,0.389,0.854,4.25
2475.48,0.386,0.858,4.256
2475.66,0.384,0.856,4.263
2475.84,0.382,0.858,4.262
2476.2,0.382,0.858,4.269
2476.2,0.387,0.86,4.276
2476.39,0.387,0.858,4.278
2476.57,0.387,0.863,4.285
2476.75,0.386,0.865,4.288
2476.93,0.388,0.865,4.291
2478.21,0.383,0.875,4.307
2478.39,0.381,0.874,4.311
2478.57,0.379,0.876,4.314
2478.76,0.377,0.877,4.322
2478.94,0.376,0.875,4.324
2479.12,0.377,0.874,4.329
2479.3,0.377,0.875,4.335
2479.49,0.378,0.874,4.34
2479.67,0.378,0.874,4.343
2479.85,0.38,0.874,4.342
2480.3,0.382,0.877,4.345
2480.21,0.382,0.878,4.347
2480.4,0.381,0.878,4.355
2480.58,0.381,0.878,4.357
2480.76,0.381,0.875,4.359
2480.94,0.381,0.875,4.363
2481.13,0.381,0.876,4.364
2481.31,0.384,0.878,4.365
2481.49,0.386,0.878,4.369
2481.67,0.387,0.881,4.374
2481.86,0.388,0.88,4.378
2482.4,0.391,0.884,4.379
2482.22,0.394,0.887,4.381
2482.4,0.394,0.888,4.383
2482.58,0.398,0.892,4.388
2482.77,0.397,0.893,4.391
2482.95,0.396,0.891,4.395
2483.13,0.396,0.892,4.397
2483.31,0.399,0.892,4.403
2483.5,0.401,0.892,4.406
2483.68,0.4,0.891,4.406
2483.86,0.398,0.892,4.409
2484.4,0.399,0.891,4.413
2484.22,0.398,0.89,4.415
2484.41,0.397,0.893,4.417
2484.59,0.398,0.893,4.421
2484.77,0.4,0.893,4.427
2484.95,0.403,0.893,4.432
2485.14,0.403,0.896,4.437
2485.32,0.405,0.897,4.439
2485.5,0.405,0.898,4.444
2485.68,0.402,0.899,4.448
2485.86,0.402,0.902,4.45
2486.5,0.4,0.905,4.45
2486.23,0.402,0.905,4.451
2486.41,0.405,0.908,4.458
2486.59,0.403,0.911,4.462
2486.78,0.405,0.914,4.468
2486.96,0.403,0.916,4.471
2487.14,0.406,0.92,4.474
2487.32,0.405,0.918,4.476
2487.51,0.404,0.92,4.48
2487.69,0.405,0.92,4.486
2487.87,0.407,0.918,4.492
2488.5,0.406,0.917,4.494
2488.23,0.407,0.919,4.499
2488.42,0.409,0.919,4.504
2488.6,0.413,0.921,4.506
2488.78,0.414,0.92,4.508
2488.96,0.414,0.921,4.508
2489.15,0.416,0.921,4.51
2489.33,0.416,0.922,4.513
2489.51,0.417,0.922,4.517
2489.69,0.418,0.921,4.523
2489.87,0.419,0.925,4.53
2490.6,0.422,0.924,4.538
2490.24,0.422,0.926,4.541
2490.42,0.423,0.927,4.544
2490.6,0.423,0.928,4.544
2490.79,0.422,0.929,4.545
2490.97,0.418,0.929,4.546
2491.15,0.419,0.928,4.549
2491.33,0.415,0.927,4.551
2491.51,0.416,0.928,4.555
2491.7,0.416,0.93,4.554
2491.88,0.416,0.932,4.558
2492.6,0.415,0.933,4.557
2492.24,0.415,0.935,4.562
2496.62,0.417,0.957,4.655
2496.8,0.418,0.957,4.657
2496.98,0.42,0.955,4.662
2497.17,0.42,0.957,4.665
2497.35,0.421,0.955,4.666
2497.53,0.419,0.955,4.668
2497.71,0.421,0.957,4.671
2497.89,0.424,0.958,4.671
2498.8,0.419,0.962,4.671
2498.26,0.418,0.964,4.675
2498.44,0.422,0.966,4.68
2498.62,0.421,0.968,4.688
2498.81,0.42,0.968,4.692
2498.99,0.422,0.968,4.697
2499.17,0.422,0.969,4.701
2499.35,0.42,0.971,4.708
2499.53,0.42,0.972,4.708
2499.72,0.419,0.973,4.711
2499.9,0.42,0.972,4.717
2500.8,0.416,0.975,4.718
2500.26,0.416,0.973,4.723
2500.45,0.414,0.975,4.724
2500.63,0.415,0.976,4.725
2500.81,0.414,0.978,4.729
2500.99,0.412,0.983,4.731
2501.17,0.409,0.984,4.735
2501.36,0.408,0.988,4.737
2501.54,0.406,0.991,4.74
2501.72,0.406,0.991,4.743
2501.9,0.408,0.989,4.747
2502.9,0.407,0.991,4.753
2502.27,0.408,0.992,4.754
2502.45,0.406,0.993,4.759
2502.63,0.406,0.993,4.758
2502.81,0.407,0.995,4.764
2503.0,0.405,0.997,4.766
2503.18,0.407,0.998,4.771
2503.36,0.41,0.999,4.773
2503.54,0.411,0.998,4.777
2503.73,0.406,0.996,4.783
2503.91,0.406,0.997,4.786
2504.9,0.404,0.999,4.791
2504.27,0.404,0.999,4.796
2504.46,0.407,1.002,4.8
2504.64,0.405,1.002,4.805
2504.82,0.405,1.003,4.807
2505.0,0.404,1.005,4.809
2505.18,0.403,1.007,4.815
2505.37,0.403,1.007,4.815
2505.55,0.404,1.008,4.819
2505.73,0.405,1.011,4.821
2505.91,0.406,1.011,4.823
2506.1,0.406,1.011,4.824
2506.28,0.407,1.016,4.827
2506.46,0.403,1.018,4.831
2506.64,0.401,1.019,4.838
2511.2,0.402,1.042,4.924
2511.2,0.402,1.042,4.924
2511.38,0.402,1.04,4.927
2511.56,0.406,1.036,4.931
2511.75,0.408,1.038,4.937
2511.93,0.41,1.036,4.937
2512.11,0.412,1.036,4.941
2512.29,0.414,1.035,4.945
2512.48,0.412,1.035,4.946
2512.66,0.409,1.037,4.946
2512.84,0.409,1.037,4.952
2513.2,0.409,1.036,4.957
2513.2,0.407,1.034,4.959
2513.39,0.407,1.036,4.962
2513.57,0.41,1.038,4.964
2514.84,0.413,1.048,4.987
2515.3,0.414,1.05,4.99
2515.21,0.413,1.049,4.988
2515.39,0.414,1.054,4.99
2515.57,0.415,1.055,4.995
2515.76,0.417,1.055,4.994
2515.94,0.415,1.057,5.0
2516.12,0.414,1.058,5.003
2516.3,0.416,1.061,5.006
2516.48,0.415,1.06,5.006
2516.67,0.414,1.063,5.007
2516.85,0.415,1.067,5.008
2517.3,0.415,1.07,5.015
2517.21,0.415,1.072,5.018
2517.4,0.417,1.073,5.023
2517.58,0.417,1.077,5.025
2517.76,0.416,1.075,5.032
2517.94,0.416,1.077,5.034
2518.13,0.417,1.08,5.037
2518.31,0.415,1.079,5.041
2518.49,0.416,1.081,5.041
2518.67,0.418,1.082,5.041
2518.85,0.414,1.084,5.045
2519.4,0.416,1.083,5.048
2519.22,0.417,1.083,5.052
2519.4,0.417,1.082,5.054
2519.58,0.417,1.084,5.057
2519.77,0.413,1.084,5.057
2519.95,0.414,1.085,5.063
2520.13,0.415,1.086,5.065
2520.31,0.417,1.088,5.066
2520.49,0.419,1.086,5.069
2520.68,0.42,1.085,5.074
2520.86,0.419,1.088,5.078
2521.4,0.417,1.091,5.083
2521.22,0.42,1.09,5.089
2521.41,0.421,1.092,5.091
2521.59,0.42,1.093,5.091
2521.77,0.424,1.091,5.092
2521.95,0.425,1.093,5.094
2522.13,0.426,1.094,5.097
2522.32,0.428,1.099,5.099
2522.5,0.428,1.101,5.101
2522.68,0.427,1.102,5.103
2522.86,0.426,1.103,5.103
2523.5,0.423,1.104,5.108
2523.23,0.423,1.102,5.111
2523.41,0.422,1.102,5.116
2523.59,0.421,1.104,5.121
2523.77,0.421,1.103,5.128
2523.96,0.418,1.105,5.135
2524.14,0.418,1.105,5.141
2524.32,0.417,1.106,5.147
2524.5,0.421,1.104,5.15
2524.69,0.423,1.105,5.155
2524.87,0.422,1.106,5.158
2525.5,0.423,1.106,5.163
2525.23,0.425,1.104,5.167
2525.42,0.426,1.11,5.174
2525.6,0.427,1.11,5.175
2525.78,0.429,1.111,5.174
2525.96,0.432,1.113,5.175
2526.14,0.43,1.114,5.182
2526.33,0.43,1.116,5.186
2526.51,0.431,1.116,5.189
2526.69,0.432,1.117,5.194
2526.87,0.433,1.117,5.197
2527.6,0.43,1.12,5.202
2527.24,0.43,1.124,5.209
2527.42,0.431,1.125,5.214
2527.6,0.432,1.126,5.216
2527.78,0.433,1.128,5.217
2527.97,0.433,1.128,5.22
2528.15,0.438,1.128,5.226
2528.33,0.436,1.129,5.23
2528.51,0.435,1.13,5.234
2528.7,0.435,1.129,5.24
2528.88,0.435,1.129,5.247
2529.6,0.434,1.13,5.246
2529.24,0.436,1.13,5.249
2530.34,0.437,1.134,5.268
2530.52,0.438,1.134,5.27
2530.7,0.441,1.136,5.27
2530.88,0.44,1.139,5.274
2531.7,0.436,1.142,5.278
2531.25,0.436,1.143,5.283
2531.43,0.436,1.142,5.29
2531.61,0.433,1.141,5.291
2531.79,0.431,1.141,5.295
2531.98,0.429,1.143,5.298
2532.16,0.429,1.144,5.303
2532.34,0.427,1.143,5.305
2532.52,0.425,1.142,5.309
2532.71,0.428,1.139,5.314
2532.89,0.426,1.139,5.323
2533.7,0.426,1.143,5.324
2533.25,0.429,1.147,5.328
2533.43,0.429,1.148,5.332
2533.62,0.43,1.15,5.337
2533.8,0.427,1.153,5.343
2533.98,0.427,1.157,5.346
2534.16,0.427,1.155,5.349
2534.35,0.43,1.156,5.348
2534.53,0.428,1.16,5.355
2534.71,0.43,1.162,5.361
2534.89,0.431,1.163,5.369
2535.7,0.427,1.166,5.371
2535.26,0.426,1.17,5.374
2535.44,0.428,1.171,5.379
2535.62,0.429,1.174,5.379
2535.8,0.427,1.179,5.385
2535.99,0.427,1.177,5.386
2536.17,0.427,1.179,5.394
2536.35,0.426,1.179,5.397
2536.53,0.427,1.181,5.401
2536.72,0.426,1.179,5.401
2536.9,0.426,1.18,5.402
2537.8,0.426,1.18,5.407
2537.26,0.423,1.179,5.41
2537.44,0.423,1.177,5.412
2537.63,0.423,1.175,5.415
2537.81,0.423,1.178,5.418
2537.99,0.424,1.178,5.426
2538.17,0.425,1.18,5.431
2538.36,0.425,1.182,5.435
2538.54,0.425,1.187,5.44
2538.72,0.425,1.187,5.442
2538.9,0.426,1.186,5.448
2539.8,0.426,1.186,5.454
2539.27,0.427,1.189,5.458
2539.45,0.427,1.19,5.46
2539.63,0.427,1.193,5.465
2539.81,0.43,1.195,5.467
2540.0,0.429,1.197,5.472
2540.18,0.43,1.202,5.473
2540.36,0.429,1.205,5.474
2540.54,0.429,1.205,5.481
2541.82,0.429,1.211,5.509
2542.0,0.429,1.208,5.51
2542.18,0.429,1.21,5.513
2542.37,0.427,1.209,5.519
2542.55,0.428,1.209,5.524
2542.73,0.428,1.208,5.529
2542.91,0.428,1.208,5.531
2543.9,0.427,1.211,5.533
2543.28,0.427,1.212,5.536
2543.46,0.424,1.213,5.54
2543.64,0.424,1.217,5.548
2550.2,0.454,1.242,5.69
2550.38,0.452,1.242,5.694
2550.57,0.453,1.244,5.697
2550.75,0.449,1.244,5.701
2550.93,0.451,1.249,5.707
2551.11,0.455,1.251,5.711
2551.3,0.456,1.251,5.715
2551.48,0.454,1.254,5.72
2551.66,0.456,1.257,5.725
2551.84,0.457,1.262,5.732
2552.2,0.455,1.261,5.736
2552.21,0.454,1.263,5.74
2552.39,0.454,1.265,5.741
2552.57,0.453,1.265,5.745
2552.75,0.453,1.266,5.748
2552.94,0.455,1.268,5.751
2553.12,0.457,1.269,5.751
2553.3,0.457,1.268,5.753
2553.48,0.458,1.265,5.757
2553.66,0.459,1.261,5.76
2553.85,0.46,1.261,5.761
2554.3,0.461,1.26,5.765
2554.21,0.459,1.259,5.769
2554.39,0.459,1.262,5.773
2554.58,0.461,1.261,5.779
2554.76,0.461,1.263,5.783
2554.94,0.466,1.266,5.789
2556.22,0.473,1.273,5.826
2556.4,0.474,1.275,5.831
2556.58,0.475,1.276,5.837
2556.76,0.474,1.275,5.84
2556.94,0.476,1.275,5.843
2557.13,0.478,1.275,5.849
2557.31,0.475,1.276,5.851
2557.49,0.477,1.279,5.855
2557.67,0.481,1.28,5.86
2557.86,0.48,1.278,5.863
2558.4,0.478,1.279,5.869
2558.22,0.477,1.278,5.874
2558.4,0.478,1.278,5.879
2558.59,0.477,1.281,5.884
2558.77,0.477,1.28,5.887
2558.95,0.476,1.281,5.893
2559.13,0.475,1.283,5.899
2559.31,0.476,1.285,5.903
2559.5,0.478,1.289,5.904
2559.68,0.478,1.29,5.907
2559.86,0.479,1.29,5.913
2560.4,0.479,1.293,5.917
2560.23,0.483,1.293,5.92
2560.41,0.485,1.295,5.927
2560.59,0.485,1.294,5.932
2560.77,0.488,1.295,5.935
2560.95,0.488,1.297,5.938
2561.14,0.49,1.294,5.94
2561.32,0.49,1.293,5.942
2561.5,0.491,1.294,5.948
2561.68,0.491,1.295,5.953
2561.87,0.491,1.293,5.959
2562.5,0.49,1.297,5.962
2562.23,0.492,1.296,5.968
2562.41,0.493,1.299,5.974
2562.59,0.493,1.298,5.976
2562.78,0.493,1.299,5.984
2562.96,0.492,1.3,5.988
2563.14,0.495,1.302,5.991
2563.32,0.497,1.305,5.994
2563.51,0.5,1.308,5.998
2563.69,0.5,1.312,6.002
2563.87,0.502,1.312,6.009
2564.5,0.502,1.31,6.013
2564.24,0.503,1.312,6.019
2564.42,0.504,1.312,6.022
2564.6,0.505,1.314,6.028
2564.78,0.506,1.318,6.034
2564.96,0.509,1.317,6.038
2565.15,0.511,1.315,6.042
2565.33,0.512,1.316,6.046
2565.51,0.509,1.316,6.05
2565.69,0.511,1.316,6.053
2565.88,0.51,1.317,6.052
2566.6,0.511,1.32,6.058
2566.24,0.514,1.321,6.062
2566.42,0.512,1.322,6.067
2566.61,0.511,1.322,6.073
2566.79,0.512,1.321,6.081
2566.97,0.512,1.32,6.085
2567.15,0.515,1.321,6.09
2567.33,0.516,1.321,6.096
2567.52,0.52,1.322,6.103
2567.7,0.52,1.323,6.111
2567.88,0.521,1.324,6.118
2568.6,0.52,1.323,6.123
2568.25,0.52,1.321,6.125
2568.43,0.52,1.323,6.13
2568.61,0.521,1.324,6.134
2568.79,0.522,1.327,6.14
2568.98,0.523,1.326,6.142
2569.16,0.522,1.326,6.145
2569.34,0.523,1.329,6.148
2569.52,0.524,1.327,6.152
2569.7,0.525,1.329,6.157
2569.89,0.525,1.329,6.161
2570.7,0.527,1.329,6.164
2570.25,0.531,1.332,6.168
2570.43,0.529,1.334,6.171
2570.62,0.527,1.333,6.177
2570.8,0.528,1.334,6.182
2570.98,0.528,1.335,6.19
2571.16,0.528,1.334,6.197
2571.34,0.528,1.336,6.199
2571.53,0.528,1.338,6.205
2571.71,0.53,1.339,6.208
2571.89,0.532,1.339,6.212
2572.7,0.531,1.341,6.214
2572.26,0.533,1.339,6.22
2572.44,0.532,1.344,6.228
2572.62,0.533,1.345,6.232
2572.8,0.53,1.345,6.237
2572.98,0.531,1.344,6.24
2573.17,0.532,1.343,6.246
2573.35,0.532,1.344,6.248
2573.53,0.536,1.346,6.252
2573.71,0.536,1.349,6.255
2573.9,0.535,1.351,6.264
2574.8,0.536,1.355,6.272
2574.26,0.538,1.356,6.279
2574.44,0.537,1.358,6.281
2574.62,0.536,1.357,6.286
2574.81,0.534,1.358,6.289
2574.99,0.536,1.359,6.292
2575.17,0.538,1.36,6.295
2575.35,0.54,1.366,6.297
2575.54,0.543,1.367,6.303
2575.72,0.543,1.369,6.309
2575.9,0.543,1.368,6.311
2576.8,0.544,1.369,6.314
2576.27,0.545,1.371,6.316
2576.45,0.549,1.372,6.319
2576.63,0.551,1.376,6.325
2576.81,0.553,1.376,6.333
2576.99,0.554,1.376,6.335
2577.18,0.556,1.374,6.343
2577.36,0.556,1.374,6.352
2577.54,0.559,1.374,6.357
2577.72,0.56,1.375,6.362
2577.91,0.562,1.377,6.371
2578.9,0.561,1.38,6.377
2578.27,0.562,1.382,6.384
2578.45,0.561,1.381,6.392
2578.63,0.562,1.384,6.401
2578.82,0.562,1.389,6.405
2579.0,0.563,1.387,6.406
2579.18,0.564,1.391,6.41
2579.36,0.565,1.391,6.413
2579.55,0.569,1.393,6.413
2579.73,0.568,1.392,6.416
2579.91,0.566,1.395,6.422
2580.9,0.568,1.399,6.426
2580.27,0.569,1.398,6.426
2580.46,0.573,1.401,6.427
2580.64,0.575,1.4,6.431
2580.82,0.576,1.401,6.432
2581.0,0.575,1.4,6.435
2581.19,0.575,1.401,6.437
2581.37,0.578,1.401,6.44
2581.55,0.58,1.4,6.442
2581.73,0.581,1.401,6.444
2581.92,0.58,1.404,6.448
2582.1,0.577,1.405,6.453
2582.28,0.578,1.407,6.458
2582.46,0.576,1.408,6.464
2582.64,0.574,1.409,6.467
2582.83,0.574,1.411,6.471
2583.1,0.573,1.408,6.474
2583.19,0.575,1.413,6.478
2583.37,0.573,1.412,6.483
2583.56,0.574,1.41,6.487
2583.74,0.574,1.414,6.492
2583.92,0.573,1.412,6.493
2584.1,0.574,1.414,6.5
2584.28,0.571,1.413,6.503
2584.47,0.57,1.415,6.504
2584.65,0.572,1.417,6.51
2584.83,0.572,1.416,6.516
2585.1,0.574,1.416,6.519
2585.2,0.576,1.418,6.521
2585.38,0.575,1.421,6.529
2585.56,0.574,1.423,6.531
2585.74,0.577,1.426,6.534
2585.93,0.58,1.428,6.539
2586.11,0.578,1.43,6.543
2586.29,0.579,1.431,6.545
2586.47,0.577,1.434,6.552
2586.65,0.58,1.438,6.553
2586.84,0.581,1.44,6.558
2587.2,0.583,1.442,6.565
2587.2,0.58,1.443,6.571
2587.38,0.584,1.443,6.576
2587.57,0.588,1.449,6.575
2587.75,0.586,1.453,6.58
2587.93,0.586,1.453,6.584
2588.11,0.587,1.456,6.588
2588.29,0.588,1.458,6.592
2588.48,0.588,1.457,6.598
2588.66,0.589,1.459,6.602
2588.84,0.592,1.461,6.605
2589.2,0.591,1.463,6.611
2589.21,0.594,1.461,6.614
2589.39,0.593,1.461,6.617
2589.57,0.593,1.464,6.62
2589.75,0.592,1.463,6.622
2589.93,0.594,1.465,6.625
2590.12,0.596,1.466,6.629
2590.3,0.594,1.465,6.631
2590.48,0.595,1.465,6.634
2590.66,0.592,1.466,6.634
2590.85,0.593,1.468,6.637
2591.3,0.592,1.471,6.639
2591.21,0.593,1.476,6.644
2591.39,0.593,1.474,6.647
2591.57,0.595,1.475,6.657
2591.76,0.589,1.472,6.66
2591.94,0.589,1.475,6.664
2592.12,0.593,1.473,6.667
2592.3,0.593,1.477,6.672
2593.4,0.596,1.482,6.697
2593.58,0.598,1.482,6.7
2593.76,0.6,1.482,6.704
2593.94,0.602,1.484,6.708
2594.13,0.602,1.487,6.71
2594.31,0.603,1.487,6.716
2594.49,0.603,1.487,6.722
2594.67,0.604,1.488,6.727
2594.86,0.606,1.489,6.732
2595.4,0.606,1.492,6.737
2595.22,0.604,1.489,6.739
2595.4,0.6,1.489,6.745
2595.58,0.597,1.488,6.745
2595.77,0.6,1.487,6.747
2595.95,0.603,1.488,6.748
2596.13,0.602,1.486,6.749
2596.31,0.603,1.488,6.75
2596.5,0.603,1.49,6.753
2596.68,0.605,1.495,6.755
2596.86,0.603,1.497,6.759
2597.4,0.603,1.497,6.759
2597.22,0.603,1.497,6.761
2597.41,0.603,1.496,6.765
2597.59,0.607,1.503,6.766
2597.77,0.605,1.504,6.772
2597.95,0.606,1.506,6.775
2598.14,0.604,1.507,6.779
2598.32,0.6,1.506,6.779
2599.5,0.612,1.507,6.791
2599.23,0.611,1.507,6.793
2599.41,0.616,1.509,6.796
2599.59,0.619,1.512,6.797
2599.78,0.62,1.515,6.801
2599.96,0.621,1.519,6.802
2600.14,0.621,1.52,6.803
2600.32,0.625,1.521,6.807
2600.51,0.628,1.521,6.81
2600.69,0.63,1.52,6.813
2600.87,0.627,1.522,6.815
2601.5,0.625,1.523,6.821
2601.23,0.623,1.524,6.825
2601.42,0.625,1.527,6.829
2601.6,0.626,1.527,6.833
2601.78,0.628,1.528,6.838
2601.96,0.628,1.53,6.841
2602.15,0.632,1.531,6.844
2602.33,0.629,1.529,6.849
2602.51,0.627,1.53,6.856
2602.69,0.629,1.528,6.86
2602.87,0.63,1.529,6.866
2603.6,0.629,1.53,6.869
2603.24,0.631,1.528,6.872
2603.42,0.629,1.527,6.879
2603.6,0.629,1.525,6.882
2603.79,0.63,1.523,6.885
2603.97,0.625,1.525,6.887
2604.15,0.626,1.527,6.889
2604.33,0.627,1.529,6.895
2604.51,0.623,1.529,6.897
2604.7,0.618,1.528,6.901
2604.88,0.62,1.529,6.904
2605.6,0.619,1.53,6.908
2605.24,0.621,1.531,6.911
2605.43,0.623,1.531,6.917
2605.61,0.624,1.536,6.922
2605.79,0.622,1.536,6.928
2605.97,0.623,1.536,6.929
2606.16,0.625,1.537,6.937
2606.34,0.627,1.536,6.942
2606.52,0.631,1.536,6.948
2607.8,0.651,1.544,6.976
2607.98,0.65,1.545,6.979
2608.16,0.651,1.547,6.984
2608.34,0.653,1.545,6.988
2608.53,0.653,1.543,6.991
2608.71,0.653,1.541,6.993
2608.89,0.653,1.542,6.994
2609.7,0.655,1.543,6.997
2609.25,0.657,1.546,7.003
2609.44,0.662,1.548,7.007
2609.62,0.661,1.547,7.016
2609.8,0.66,1.549,7.018
2609.98,0.659,1.55,7.019
2610.17,0.662,1.55,7.026
2610.35,0.667,1.551,7.032
2610.53,0.67,1.553,7.035
2610.71,0.671,1.555,7.038
2610.89,0.673,1.556,7.04
2611.8,0.677,1.558,7.042
2611.26,0.678,1.559,7.048
2611.44,0.68,1.564,7.053
2611.62,0.682,1.564,7.06
2611.81,0.682,1.565,7.064
2611.99,0.68,1.568,7.07
2612.17,0.679,1.569,7.073
2612.35,0.679,1.569,7.076
2612.54,0.678,1.568,7.084
2612.72,0.679,1.57,7.087
2612.9,0.677,1.569,7.087
2613.8,0.676,1.567,7.089
2613.26,0.678,1.568,7.093
2613.45,0.677,1.568,7.095
2613.63,0.676,1.566,7.099
2613.81,0.674,1.567,7.104
2613.99,0.673,1.568,7.107
2614.18,0.675,1.571,7.109
2614.36,0.676,1.569,7.113
2614.54,0.677,1.568,7.116
2614.72,0.677,1.568,7.122
2614.9,0.675,1.567,7.127
2615.9,0.673,1.568,7.133
2615.27,0.674,1.569,7.14
2615.45,0.675,1.571,7.142
2615.63,0.677,1.574,7.143
2615.82,0.675,1.574,7.148
2616.0,0.675,1.576,7.152
2616.18,0.674,1.577,7.152
2616.36,0.675,1.576,7.152
2616.54,0.676,1.575,7.156
2616.73,0.675,1.576,7.161
2616.91,0.675,1.575,7.166
2617.9,0.676,1.577,7.17
2617.27,0.681,1.575,7.175
2617.46,0.68,1.575,7.178
2617.64,0.68,1.579,7.186
2617.82,0.679,1.579,7.189
2618.0,0.682,1.578,7.191
2618.19,0.686,1.579,7.193
2618.37,0.687,1.579,7.198
2618.55,0.687,1.577,7.2
2618.73,0.688,1.576,7.205
2618.91,0.689,1.579,7.207
2619.1,0.687,1.582,7.209
2619.28,0.685,1.585,7.211
2619.46,0.688,1.588,7.215
2619.64,0.688,1.588,7.219
2619.83,0.69,1.591,7.222
2620.1,0.691,1.593,7.228
2620.19,0.689,1.593,7.233
2620.37,0.689,1.595,7.239
2620.55,0.692,1.599,7.243
2620.74,0.692,1.602,7.25
2620.92,0.696,1.604,7.257
2621.1,0.695,1.609,7.261
2621.28,0.694,1.61,7.267
2621.47,0.69,1.611,7.27
2621.65,0.692,1.612,7.278
2621.83,0.693,1.613,7.278
2622.1,0.693,1.613,7.285
2622.2,0.692,1.615,7.286
2622.38,0.69,1.617,7.29
2622.56,0.691,1.617,7.296
2622.74,0.691,1.62,7.297
2622.92,0.691,1.623,7.298
2623.11,0.696,1.624,7.306
2623.29,0.697,1.626,7.311
2623.84,0.702,1.631,7.322
2624.2,0.701,1.635,7.326
2624.2,0.698,1.637,7.326
2624.38,0.695,1.639,7.329
2624.57,0.696,1.639,7.334
2624.75,0.696,1.639,7.339
2624.93,0.696,1.642,7.344
2625.11,0.7,1.641,7.35
2625.29,0.701,1.64,7.355
2625.48,0.704,1.64,7.359
2625.66,0.704,1.639,7.364
2625.84,0.707,1.64,7.367
2626.2,0.705,1.646,7.371
2626.21,0.708,1.644,7.377
2626.75,0.708,1.652,7.39
2626.94,0.709,1.654,7.395
2627.12,0.71,1.654,7.397
2627.3,0.711,1.655,7.402
2627.48,0.711,1.653,7.403
2627.66,0.711,1.655,7.404
2627.85,0.71,1.661,7.406
2628.3,0.708,1.66,7.414
2628.21,0.708,1.66,7.419
2628.39,0.709,1.663,7.424
2628.58,0.71,1.663,7.433
2628.76,0.71,1.666,7.438
2628.94,0.708,1.667,7.442
2629.12,0.706,1.664,7.446
2629.3,0.709,1.664,7.451
2629.49,0.708,1.666,7.457
2629.67,0.71,1.668,7.463
2629.85,0.707,1.666,7.467
2630.3,0.705,1.67,7.467
2630.22,0.706,1.672,7.472
2630.4,0.706,1.675,7.478
2630.58,0.705,1.676,7.483
2630.76,0.703,1.679,7.484
2630.95,0.708,1.679,7.486
2631.13,0.707,1.681,7.493
2631.31,0.709,1.679,7.497
2631.49,0.707,1.679,7.5
2631.67,0.706,1.679,7.504
2631.86,0.706,1.678,7.507
2632.4,0.707,1.678,7.51
2632.22,0.709,1.681,7.517
2632.4,0.71,1.684,7.521
2632.59,0.71,1.689,7.522
2632.77,0.709,1.689,7.526
2632.95,0.711,1.688,7.529
2633.13,0.712,1.69,7.531
2633.32,0.713,1.694,7.534
2633.5,0.711,1.696,7.538
2633.68,0.708,1.698,7.539
2633.86,0.709,1.699,7.54
2634.4,0.709,1.702,7.543
2634.23,0.711,1.702,7.548
2634.41,0.717,1.704,7.553
2634.59,0.72,1.703,7.555
2634.77,0.721,1.704,7.56
2634.96,0.721,1.705,7.565
2635.14,0.722,1.706,7.57
2635.32,0.721,1.705,7.573
2635.5,0.72,1.705,7.576
2635.69,0.719,1.704,7.581
2638.6,0.725,1.709,7.623
2638.24,0.726,1.711,7.623
2638.42,0.73,1.713,7.633
2638.6,0.732,1.715,7.635
2638.78,0.734,1.715,7.639
2638.97,0.734,1.717,7.645
2639.15,0.737,1.721,7.652
2639.33,0.733,1.722,7.65
2639.51,0.734,1.724,7.658
2639.7,0.732,1.723,7.66
2639.88,0.733,1.724,7.665
2640.6,0.734,1.724,7.671
2640.24,0.737,1.724,7.675
2640.43,0.733,1.728,7.679
2640.61,0.732,1.73,7.681
2640.79,0.734,1.73,7.687
2640.97,0.733,1.73,7.688
2641.15,0.734,1.73,7.695
2641.34,0.734,1.731,7.696
2641.52,0.736,1.731,7.702
2641.7,0.735,1.729,7.705
2641.88,0.736,1.725,7.71
2642.7,0.734,1.725,7.714
2642.25,0.734,1.722,7.717
2642.43,0.733,1.724,7.721
2642.61,0.729,1.721,7.724
2642.8,0.734,1.724,7.729
2642.98,0.733,1.724,7.731
2643.16,0.739,1.727,7.735
2643.34,0.742,1.731,7.735
2643.52,0.738,1.734,7.741
2643.71,0.74,1.732,7.74
2643.89,0.743,1.734,7.743
2644.7,0.743,1.737,7.745
2644.25,0.742,1.737,7.748
2644.44,0.746,1.737,7.753
2644.62,0.746,1.737,7.758
2644.8,0.745,1.736,7.765
2644.98,0.742,1.737,7.77
2645.17,0.744,1.743,7.774
2645.35,0.741,1.743,7.775
2645.53,0.74,1.743,7.783
2645.71,0.74,1.743,7.788
2645.89,0.74,1.744,7.792
2646.8,0.741,1.748,7.797
2646.26,0.743,1.75,7.799
2646.44,0.744,1.75,7.801
2646.62,0.745,1.75,7.8
2646.81,0.747,1.754,7.803
2646.99,0.746,1.754,7.81
2647.17,0.747,1.755,7.812
2647.35,0.748,1.758,7.816
2647.54,0.754,1.756,7.822
2647.72,0.755,1.756,7.828
2647.9,0.753,1.762,7.831
2649.72,0.761,1.766,7.881
2649.9,0.764,1.766,7.886
2650.9,0.766,1.767,7.887
2650.27,0.768,1.77,7.892
2650.45,0.767,1.77,7.899
2650.63,0.77,1.774,7.905
2650.82,0.767,1.777,7.905
2651.0,0.767,1.78,7.913
2651.18,0.769,1.775,7.912
2651.36,0.772,1.779,7.918
2651.55,0.772,1.78,7.922
2651.73,0.772,1.782,7.928
2651.91,0.772,1.783,7.931
2652.9,0.774,1.782,7.934
2652.27,0.776,1.781,7.935
2652.46,0.774,1.782,7.937
2652.64,0.771,1.783,7.943
2652.82,0.772,1.784,7.949
2653.0,0.777,1.786,7.956
2653.19,0.778,1.782,7.962
2653.37,0.781,1.784,7.968
2653.55,0.779,1.787,7.971
2653.73,0.781,1.783,7.973
2653.92,0.783,1.782,7.977
2654.1,0.784,1.783,7.982
2654.28,0.783,1.785,7.984
2654.46,0.781,1.785,7.99
2656.28,0.785,1.79,8.027
2656.47,0.789,1.793,8.031
2656.65,0.788,1.797,8.034
2656.83,0.787,1.797,8.036
2657.1,0.786,1.796,8.04
2657.2,0.784,1.798,8.047
2657.38,0.788,1.8,8.052
2657.56,0.788,1.799,8.056
2657.74,0.788,1.801,8.059
2657.93,0.789,1.801,8.064
2658.11,0.789,1.799,8.068
2658.29,0.791,1.803,8.07
2658.47,0.79,1.804,8.077
2658.65,0.79,1.806,8.08
2658.84,0.792,1.808,8.089
2659.2,0.791,1.808,8.094
2659.2,0.793,1.808,8.099
2659.38,0.793,1.809,8.106
2660.3,0.801,1.806,8.125
2660.48,0.801,1.81,8.128
2660.66,0.801,1.814,8.13
2660.84,0.799,1.815,8.131
2661.2,0.801,1.817,8.139
2661.21,0.801,1.817,8.147
2661.39,0.804,1.82,8.152
2661.57,0.804,1.822,8.153
2661.75,0.803,1.823,8.155
2661.94,0.803,1.825,8.158
2662.12,0.801,1.827,8.161
2668.13,0.831,1.835,8.311
2668.32,0.834,1.835,8.314
2668.5,0.834,1.834,8.315
2668.68,0.833,1.833,8.317
2668.86,0.834,1.836,8.321
2669.5,0.832,1.838,8.321
2669.23,0.831,1.839,8.321
2669.41,0.829,1.836,8.319
2669.59,0.828,1.835,8.323
2669.78,0.828,1.837,8.328
2669.96,0.825,1.84,8.331
2670.14,0.825,1.841,8.335
2670.32,0.825,1.839,8.34
2670.5,0.825,1.839,8.344
2670.69,0.827,1.838,8.346
2670.87,0.826,1.841,8.348
2671.5,0.823,1.842,8.351
2671.23,0.826,1.847,8.352
2671.42,0.828,1.849,8.355
2671.6,0.829,1.851,8.359
2671.78,0.828,1.852,8.363
2671.96,0.828,1.854,8.366
2672.15,0.828,1.855,8.368
2672.33,0.83,1.857,8.372
2672.51,0.831,1.857,8.376
2672.69,0.833,1.858,8.376
2672.87,0.836,1.859,8.383
2673.6,0.837,1.855,8.386
2673.24,0.838,1.853,8.392
2673.42,0.84,1.856,8.396
2673.6,0.846,1.861,8.402
2673.79,0.847,1.863,8.407
2673.97,0.848,1.864,8.408
2674.15,0.847,1.861,8.417
2674.33,0.846,1.863,8.422
2674.52,0.845,1.869,8.428
2674.7,0.844,1.869,8.431
2674.88,0.844,1.867,8.435
2675.6,0.847,1.87,8.441
2675.24,0.846,1.868,8.448
2675.43,0.85,1.869,8.452
2675.61,0.85,1.867,8.458
2675.79,0.849,1.868,8.463
2675.97,0.851,1.871,8.468
2676.16,0.853,1.873,8.472
2676.34,0.853,1.875,8.474
2676.52,0.854,1.875,8.477
2676.7,0.855,1.875,8.483
2676.89,0.852,1.873,8.489
2677.7,0.852,1.876,8.495
2677.25,0.852,1.873,8.5
2677.43,0.852,1.874,8.504
2677.61,0.85,1.872,8.507
2677.8,0.848,1.875,8.513
2677.98,0.851,1.875,8.515
2679.7,0.85,1.88,8.529
2679.26,0.848,1.884,8.531
2679.44,0.848,1.883,8.538
2679.62,0.847,1.883,8.541
2679.8,0.846,1.885,8.546
2679.99,0.842,1.888,8.551
2680.17,0.842,1.889,8.557
2680.35,0.838,1.889,8.561
2680.53,0.838,1.893,8.563
2680.71,0.839,1.892,8.565
2680.9,0.841,1.895,8.567
2681.8,0.843,1.896,8.572
2681.26,0.84,1.895,8.573
2681.44,0.843,1.892,8.578
2681.63,0.845,1.895,8.579
2681.81,0.845,1.894,8.582
2681.99,0.845,1.893,8.584
2682.17,0.844,1.895,8.591
2682.36,0.842,1.896,8.595
2682.54,0.844,1.896,8.599
2682.72,0.847,1.896,8.607
2682.9,0.85,1.898,8.609
2683.8,0.848,1.9,8.617
2683.27,0.852,1.9,8.624
2683.45,0.85,1.9,8.632
2683.63,0.855,1.9,8.637
2683.81,0.859,1.9,8.642
2684.0,0.858,1.899,8.645
2684.18,0.859,1.901,8.65
2684.36,0.857,1.9,8.655
2684.54,0.856,1.904,8.658
2684.72,0.854,1.903,8.662
2684.91,0.854,1.902,8.666
2686.18,0.847,1.905,8.69
2686.37,0.846,1.906,8.694
2686.55,0.849,1.906,8.699
2686.73,0.849,1.905,8.703
2686.91,0.851,1.907,8.703
2687.9,0.853,1.909,8.706
2687.28,0.85,1.907,8.709
2687.46,0.849,1.911,8.71
2687.64,0.849,1.91,8.717
2687.82,0.847,1.911,8.719
2693.29,0.853,1.966,8.824
2693.47,0.857,1.973,8.829
2693.66,0.85,1.968,8.83
2693.84,0.855,1.972,8.837
2694.2,0.85,1.969,8.842
2694.2,0.849,1.971,8.849
2694.39,0.846,1.971,8.851
2694.57,0.845,1.971,8.852
2694.75,0.848,1.972,8.853
2694.93,0.848,1.976,8.857
2695.12,0.849,1.977,8.859
2695.3,0.853,1.979,8.866
2695.48,0.847,1.978,8.867
2695.66,0.851,1.985,8.874
2695.84,0.848,1.982,8.878
2696.3,0.851,1.988,8.881
2696.21,0.85,1.986,8.884
2696.39,0.851,1.988,8.891
2696.57,0.849,1.987,8.896
2696.76,0.851,1.988,8.902
2696.94,0.851,1.985,8.902
2697.12,0.851,1.987,8.906
2697.3,0.851,1.985,8.911
2697.49,0.853,1.986,8.915
2697.67,0.854,1.985,8.918
2697.85,0.855,1.984,8.921
2698.3,0.859,1.986,8.924
2698.21,0.858,1.989,8.924
2698.4,0.861,1.991,8.931
2698.58,0.861,1.989,8.931
2698.76,0.862,1.989,8.932
2698.94,0.862,1.988,8.934
2699.13,0.865,1.989,8.938
2699.31,0.867,1.987,8.941
2699.49,0.868,1.989,8.944
2699.67,0.868,1.992,8.947
2699.86,0.869,1.996,8.954
2700.4,0.869,1.997,8.955
2700.22,0.87,1.999,8.959
2700.4,0.874,2.002,8.963
2700.58,0.872,2.0,8.97
2700.77,0.872,2.001,8.975
2700.95,0.87,2.0,8.978
2701.13,0.868,1.999,8.983
2701.31,0.869,1.998,8.99
2701.5,0.866,2.001,8.991
2701.68,0.864,2.004,8.996
2701.86,0.866,2.003,8.997
2702.4,0.868,2.008,9.002
2702.23,0.865,2.012,9.007
2702.41,0.869,2.015,9.01
2703.68,0.873,2.024,9.038
2703.87,0.871,2.023,9.046
2704.5,0.87,2.024,9.048
2704.23,0.872,2.024,9.051
2704.41,0.868,2.026,9.054
2704.6,0.869,2.029,9.06
2704.78,0.868,2.034,9.062
2704.96,0.869,2.036,9.066
2705.14,0.87,2.037,9.071
2705.32,0.868,2.039,9.077
2711.71,0.868,2.084,9.215
2711.89,0.865,2.085,9.219
2712.7,0.864,2.082,9.222
2712.25,0.865,2.083,9.226
2712.43,0.869,2.084,9.229
2712.62,0.869,2.083,9.236
2712.8,0.867,2.08,9.24
2712.98,0.868,2.082,9.246
2713.16,0.871,2.083,9.254
2713.35,0.87,2.087,9.258
2713.53,0.869,2.089,9.265
2713.71,0.868,2.087,9.268
2713.89,0.869,2.086,9.271
2714.8,0.864,2.087,9.269
2714.26,0.863,2.09,9.276
2714.44,0.863,2.093,9.281
2714.62,0.862,2.092,9.286
2714.8,0.861,2.096,9.29
2714.99,0.862,2.099,9.295
2715.17,0.864,2.102,9.299
2715.35,0.866,2.101,9.303
2715.53,0.868,2.103,9.305
2715.72,0.868,2.105,9.309
2715.9,0.864,2.109,9.312
2716.8,0.863,2.111,9.315
2716.26,0.862,2.114,9.319
2716.45,0.863,2.117,9.326
2716.63,0.861,2.118,9.334
2716.81,0.858,2.117,9.337
2716.99,0.86,2.119,9.345
2717.17,0.86,2.12,9.352
2717.36,0.863,2.118,9.358
2717.54,0.861,2.118,9.36
2717.72,0.862,2.119,9.363
2717.9,0.862,2.118,9.367
2718.45,0.862,2.119,9.375
2718.63,0.86,2.118,9.377
2718.82,0.862,2.12,9.382
2719.0,0.865,2.125,9.387
2719.18,0.866,2.127,9.391
2719.36,0.865,2.13,9.395
2719.55,0.862,2.131,9.401
2719.73,0.862,2.136,9.407
2719.91,0.862,2.137,9.412
2720.9,0.863,2.138,9.413
2720.27,0.865,2.14,9.419
2720.46,0.866,2.143,9.424
2720.64,0.867,2.144,9.427
2720.82,0.872,2.143,9.433
2721.0,0.871,2.144,9.435
2721.19,0.873,2.144,9.438
2721.37,0.876,2.149,9.441
2721.55,0.876,2.151,9.446
2721.73,0.873,2.151,9.449
2721.91,0.877,2.152,9.451
2722.1,0.88,2.154,9.454
2722.28,0.879,2.156,9.46
2722.46,0.879,2.157,9.461
2722.64,0.88,2.157,9.466
2722.83,0.882,2.159,9.467
2723.1,0.88,2.163,9.469
2723.19,0.882,2.169,9.475
2723.37,0.881,2.171,9.48
2723.56,0.88,2.174,9.484
2723.74,0.88,2.174,9.485
2723.92,0.88,2.175,9.486
2724.1,0.879,2.174,9.485
2724.28,0.878,2.175,9.488
2724.47,0.878,2.174,9.49
2724.65,0.882,2.175,9.492
2724.83,0.885,2.172,9.494
2725.1,0.886,2.174,9.5
2725.2,0.887,2.175,9.503
2725.38,0.889,2.175,9.507
2725.56,0.889,2.177,9.51
2725.74,0.889,2.177,9.512
2725.92,0.888,2.18,9.516
2726.11,0.888,2.18,9.518
2726.29,0.888,2.18,9.522
2726.47,0.888,2.18,9.529
2726.65,0.888,2.181,9.531
2726.84,0.885,2.18,9.534
2727.2,0.884,2.183,9.537
2727.2,0.886,2.185,9.54
2727.38,0.885,2.187,9.543
2727.57,0.888,2.187,9.545
2727.75,0.887,2.19,9.548
2727.93,0.887,2.191,9.549
2728.11,0.887,2.191,9.551
2728.29,0.887,2.192,9.557
2728.48,0.886,2.194,9.56
2728.66,0.887,2.193,9.565
2728.84,0.887,2.195,9.571
2729.2,0.888,2.196,9.577
2729.21,0.888,2.199,9.578
2729.39,0.889,2.198,9.579
2729.57,0.89,2.199,9.582
2729.75,0.893,2.206,9.587
2729.94,0.894,2.206,9.595
2730.12,0.895,2.211,9.6
2730.3,0.893,2.209,9.605
2730.48,0.893,2.213,9.608
2730.66,0.893,2.214,9.614
2730.85,0.897,2.217,9.616
2731.3,0.895,2.216,9.62
2731.21,0.897,2.22,9.628
2731.39,0.899,2.222,9.631
2731.58,0.901,2.227,9.635
2731.76,0.903,2.229,9.64
2731.94,0.905,2.229,9.643
2732.12,0.906,2.23,9.645
2732.3,0.911,2.235,9.646
2732.49,0.915,2.238,9.648
2732.67,0.909,2.24,9.656
2732.85,0.906,2.242,9.662
2733.3,0.904,2.245,9.667
2733.22,0.904,2.244,9.671
2733.4,0.905,2.25,9.674
2733.58,0.906,2.253,9.675
2733.76,0.905,2.254,9.68
2733.95,0.903,2.256,9.684
2734.13,0.905,2.258,9.692
2734.31,0.902,2.255,9.696
2734.49,0.901,2.255,9.703
2734.67,0.903,2.259,9.707
2734.86,0.905,2.263,9.71
2735.4,0.904,2.264,9.715
2735.22,0.904,2.26,9.724
2735.4,0.901,2.261,9.726
2735.59,0.904,2.263,9.73
2735.77,0.903,2.262,9.735
2735.95,0.903,2.262,9.736
2736.13,0.905,2.264,9.741
2736.31,0.903,2.263,9.741
2736.5,0.903,2.266,9.746
2736.68,0.903,2.266,9.749
2736.86,0.903,2.268,9.753
2737.4,0.903,2.266,9.752
2737.23,0.902,2.268,9.752
2737.41,0.9,2.269,9.755
2737.59,0.903,2.271,9.758
2737.77,0.904,2.272,9.759
2737.96,0.905,2.272,9.762
2738.14,0.906,2.273,9.762
2738.32,0.905,2.274,9.766
2738.5,0.905,2.274,9.769
2738.68,0.901,2.274,9.776
2738.87,0.9,2.272,9.779
2739.5,0.902,2.273,9.783
2739.23,0.903,2.274,9.788
2739.41,0.905,2.274,9.793
2739.6,0.904,2.273,9.798
2739.78,0.906,2.276,9.801
2739.96,0.903,2.275,9.804
2740.14,0.902,2.276,9.806
2740.33,0.901,2.278,9.808
2740.51,0.902,2.281,9.812
2740.69,0.903,2.281,9.817
2740.87,0.907,2.284,9.82
2741.5,0.904,2.283,9.827
2741.24,0.903,2.287,9.828
2741.42,0.905,2.291,9.827
2741.6,0.905,2.294,9.832
2741.78,0.909,2.294,9.837
2741.97,0.912,2.294,9.841
2742.15,0.913,2.295,9.844
2742.33,0.915,2.296,9.852
2742.51,0.914,2.294,9.857
2743.79,0.92,2.307,9.885
2743.97,0.916,2.307,9.887
2744.15,0.917,2.308,9.893
2744.34,0.917,2.303,9.895
2744.52,0.918,2.301,9.898
2744.7,0.917,2.3,9.902
2744.88,0.92,2.305,9.905
2745.6,0.917,2.303,9.906
2745.25,0.917,2.304,9.914
2745.43,0.916,2.301,9.916
2745.61,0.919,2.301,9.92
2750.9,0.91,2.335,10.03
2751.8,0.909,2.34,10.036
2751.26,0.91,2.343,10.04
2751.44,0.91,2.343,10.045
2751.63,0.911,2.343,10.048
2751.81,0.908,2.344,10.054
2751.99,0.909,2.345,10.059
2752.17,0.909,2.346,10.06
2752.36,0.911,2.35,10.064
2752.54,0.909,2.353,10.068
2752.72,0.909,2.357,10.074
2752.9,0.907,2.36,10.072
2753.8,0.907,2.361,10.078
2753.27,0.905,2.36,10.079
2753.45,0.908,2.36,10.081
2753.63,0.909,2.361,10.086
2753.81,0.91,2.363,10.089
2754.0,0.911,2.363,10.095
2754.18,0.911,2.366,10.101
2754.36,0.909,2.367,10.104
2754.72,0.911,2.363,10.108
2754.91,0.911,2.364,10.111
2755.9,0.908,2.367,10.118
2755.27,0.906,2.37,10.124
2755.45,0.906,2.371,10.124
2755.64,0.907,2.375,10.128
2755.82,0.908,2.377,10.131
2756.0,0.909,2.38,10.13
2756.18,0.91,2.381,10.134
2756.37,0.91,2.379,10.137
2756.55,0.914,2.38,10.138
2762.38,0.917,2.413,10.256
2762.56,0.918,2.414,10.261
2762.74,0.919,2.415,10.268
2762.93,0.919,2.414,10.275
2763.11,0.918,2.419,10.277
2763.29,0.918,2.42,10.281
2763.47,0.917,2.419,10.285
2763.66,0.921,2.422,10.288
2763.84,0.921,2.425,10.292
2764.2,0.921,2.428,10.294
2764.2,0.92,2.429,10.297
2764.39,0.923,2.431,10.3
2764.57,0.922,2.433,10.304
2764.75,0.921,2.431,10.308
2764.93,0.922,2.431,10.31
2765.48,0.923,2.432,10.316
2765.66,0.926,2.433,10.318
2765.84,0.929,2.434,10.323
2766.3,0.929,2.435,10.327
2766.21,0.929,2.434,10.33
2766.39,0.927,2.436,10.335
2766.57,0.928,2.438,10.341
2766.75,0.929,2.442,10.346
2766.94,0.929,2.444,10.353
2767.12,0.926,2.445,10.357
2767.3,0.926,2.449,10.361
2767.48,0.928,2.449,10.364
2767.67,0.93,2.452,10.37
2767.85,0.93,2.453,10.374
2768.3,0.932,2.454,10.378
2768.21,0.935,2.454,10.381
2768.39,0.936,2.457,10.385
2768.58,0.937,2.461,10.388
2768.76,0.937,2.463,10.394
2768.94,0.939,2.462,10.401
2769.12,0.939,2.465,10.408
2769.31,0.937,2.464,10.411
2769.49,0.938,2.467,10.41
2769.67,0.939,2.472,10.413
2769.85,0.939,2.473,10.415
2770.4,0.937,2.475,10.421
2770.22,0.932,2.477,10.426
2770.4,0.935,2.482,10.427
2770.58,0.934,2.486,10.433
2770.76,0.934,2.487,10.438
2770.95,0.934,2.487,10.444
2771.13,0.932,2.486,10.449
2771.31,0.93,2.488,10.455
2771.49,0.932,2.487,10.458
2771.68,0.933,2.487,10.461
2771.86,0.934,2.489,10.465
2772.4,0.934,2.487,10.468
2772.22,0.934,2.489,10.471
2772.4,0.936,2.493,10.473
2772.59,0.938,2.496,10.475
2772.77,0.938,2.497,10.48
2772.95,0.936,2.502,10.486
2773.13,0.935,2.502,10.491
2773.32,0.931,2.505,10.493
2773.5,0.928,2.507,10.499
2773.68,0.927,2.509,10.501
2773.86,0.927,2.511,10.502
2774.4,0.927,2.514,10.502
2774.23,0.927,2.515,10.505
2774.41,0.928,2.519,10.507
2774.59,0.928,2.52,10.511
2774.77,0.925,2.519,10.515
2774.96,0.927,2.522,10.517
2775.14,0.929,2.521,10.523
2775.32,0.93,2.524,10.527
2775.5,0.931,2.523,10.531
2775.69,0.932,2.522,10.535
2775.87,0.932,2.522,10.541
2776.5,0.934,2.523,10.547
2776.23,0.934,2.527,10.554
2776.41,0.934,2.527,10.554
2776.6,0.933,2.526,10.558
2776.78,0.932,2.527,10.562
2776.96,0.932,2.524,10.565
2777.14,0.933,2.527,10.569
2777.33,0.935,2.526,10.577
2777.51,0.934,2.528,10.58
2777.69,0.933,2.529,10.586
2777.87,0.933,2.526,10.595
2778.5,0.934,2.526,10.603
2778.24,0.934,2.528,10.604
2778.42,0.934,2.529,10.607
2778.6,0.935,2.53,10.61
2778.78,0.934,2.531,10.611
2778.97,0.935,2.532,10.614
2779.15,0.937,2.534,10.622
2779.33,0.941,2.535,10.624
2779.51,0.944,2.54,10.626
2779.7,0.943,2.541,10.629
2779.88,0.943,2.543,10.629
2780.6,0.943,2.542,10.633
2780.24,0.944,2.544,10.637
2780.42,0.944,2.545,10.644
2780.61,0.945,2.547,10.648
2780.79,0.945,2.549,10.655
2780.97,0.944,2.549,10.656
2781.15,0.943,2.548,10.66
2781.34,0.944,2.551,10.66
2781.52,0.946,2.551,10.663
2781.7,0.948,2.553,10.668
2781.88,0.951,2.556,10.675
2782.6,0.954,2.559,10.679
2782.25,0.954,2.561,10.68
2782.43,0.955,2.561,10.684
2782.61,0.954,2.564,10.691
2784.62,0.952,2.571,10.73
2784.8,0.951,2.572,10.733
2784.98,0.951,2.574,10.738
2785.16,0.953,2.574,10.744
2785.34,0.953,2.575,10.75
2785.53,0.952,2.574,10.755
2785.71,0.956,2.573,10.762
2785.89,0.955,2.577,10.767
2786.7,0.957,2.578,10.773
2786.26,0.959,2.583,10.777
2786.44,0.961,2.587,10.779
2786.62,0.963,2.588,10.784
2786.8,0.965,2.586,10.789
2786.99,0.966,2.589,10.794
2787.17,0.965,2.592,10.798
2787.35,0.967,2.593,10.8
2787.53,0.969,2.593,10.802
2787.71,0.966,2.595,10.806
2787.9,0.967,2.595,10.809
2788.8,0.967,2.596,10.812
2788.26,0.969,2.596,10.817
2788.44,0.97,2.6,10.822
2788.63,0.97,2.602,10.826
2788.81,0.97,2.604,10.829
2788.99,0.968,2.607,10.834
2789.17,0.968,2.609,10.837
2790.99,0.971,2.628,10.896
2791.18,0.97,2.63,10.904
2791.36,0.97,2.635,10.91
2791.54,0.969,2.632,10.917
2791.72,0.969,2.63,10.921
2791.91,0.968,2.63,10.923
2792.9,0.97,2.633,10.929
2792.27,0.971,2.634,10.937
2792.45,0.971,2.638,10.939
2792.63,0.971,2.644,10.944
2792.82,0.969,2.646,10.952
2793.0,0.967,2.646,10.959
2793.18,0.967,2.647,10.961
2793.36,0.969,2.649,10.963
2793.55,0.969,2.65,10.968
2793.73,0.969,2.651,10.971
2793.91,0.97,2.654,10.978
2794.9,0.968,2.654,10.983
2794.27,0.965,2.658,10.986
2794.46,0.964,2.659,10.992
2794.64,0.965,2.663,10.996
2794.82,0.966,2.664,11.0
2795.0,0.965,2.666,11.003
2795.19,0.967,2.666,11.007
2795.37,0.966,2.67,11.011
2795.55,0.969,2.67,11.016
2795.73,0.968,2.672,11.023
2795.92,0.968,2.673,11.029
2796.1,0.97,2.675,11.032
2796.28,0.974,2.677,11.038
2796.46,0.974,2.678,11.042
2796.64,0.979,2.682,11.047
2796.83,0.979,2.683,11.05
2797.1,0.978,2.682,11.053
2797.19,0.982,2.683,11.057
2797.37,0.983,2.682,11.064
2797.56,0.981,2.685,11.069
2797.74,0.982,2.687,11.073
2797.92,0.983,2.688,11.078
2798.1,0.985,2.688,11.079
2798.28,0.985,2.687,11.081
2798.47,0.985,2.688,11.081
2798.65,0.986,2.691,11.085
2798.83,0.984,2.692,11.091
2799.1,0.983,2.693,11.094
2799.2,0.982,2.692,11.1
2799.38,0.981,2.692,11.106
2799.56,0.982,2.694,11.11
2799.74,0.985,2.695,11.114
2799.92,0.987,2.696,11.118
2800.11,0.988,2.699,11.119
2800.29,0.988,2.7,11.119
2800.47,0.987,2.702,11.12
2800.65,0.988,2.701,11.123
2800.84,0.99,2.703,11.124
2801.2,0.992,2.706,11.127
2801.2,0.992,2.707,11.13
2801.38,0.994,2.708,11.131
2801.57,0.995,2.709,11.131
2801.75,0.997,2.711,11.135
2801.93,0.997,2.71,11.139
2802.11,0.999,2.714,11.143
2802.29,1.001,2.717,11.144
2802.48,0.999,2.72,11.148
2802.66,0.997,2.721,11.151
2802.84,0.995,2.721,11.156
2803.2,0.994,2.722,11.161
2803.21,0.994,2.722,11.166
2803.39,0.992,2.719,11.17
2803.57,0.993,2.719,11.177
2803.75,0.996,2.721,11.181
2803.93,0.993,2.72,11.185
2804.12,0.995,2.72,11.191
2804.3,0.996,2.715,11.192
2804.48,0.999,2.714,11.191
2804.66,0.999,2.711,11.197
2804.85,0.997,2.712,11.196
2805.3,0.997,2.713,11.2
2805.21,0.999,2.712,11.204
2805.39,1.0,2.716,11.21
2805.57,0.997,2.716,11.215
2805.76,0.994,2.719,11.222
2805.94,0.997,2.721,11.226
2806.12,1.002,2.722,11.231
2806.3,1.002,2.722,11.234
2806.49,1.0,2.72,11.237
2806.67,0.997,2.72,11.242
2806.85,0.996,2.722,11.244
2807.3,0.994,2.723,11.251
2807.21,0.994,2.725,11.26
2807.4,0.992,2.725,11.264
2807.58,0.993,2.727,11.262
2807.76,0.992,2.728,11.264
2807.94,0.991,2.731,11.266
2808.13,0.99,2.732,11.271
2808.31,0.99,2.734,11.276
2808.49,0.991,2.735,11.281
2808.67,0.991,2.737,11.286
2808.86,0.991,2.742,11.293
2809.4,0.992,2.742,11.293
2809.22,0.994,2.744,11.296
2809.4,0.994,2.746,11.301
2809.58,0.992,2.748,11.307
2809.77,0.988,2.748,11.311
2809.95,0.985,2.747,11.315
2810.13,0.983,2.746,11.319
2810.31,0.984,2.746,11.322
2810.5,0.982,2.749,11.329
2810.68,0.982,2.748,11.334
2810.86,0.984,2.751,11.338
2811.4,0.982,2.754,11.34
2811.22,0.983,2.753,11.342
2811.41,0.984,2.752,11.348
2811.59,0.99,2.752,11.35
2811.77,0.993,2.756,11.353
2811.95,0.995,2.758,11.356
2812.14,0.996,2.761,11.359
2812.32,0.998,2.76,11.362
2812.5,0.998,2.76,11.366
2812.68,0.998,2.758,11.37
2812.86,0.996,2.757,11.373
2813.96,0.992,2.765,11.397
2814.14,0.989,2.764,11.398
2814.32,0.988,2.763,11.401
2814.5,0.99,2.762,11.406
2814.69,0.993,2.762,11.411
2814.87,0.995,2.762,11.417
2815.5,0.997,2.762,11.42
2815.23,0.998,2.764,11.422
2815.42,0.996,2.766,11.427
2815.6,1.0,2.769,11.43
2815.78,1.002,2.772,11.436
2821.25,1.005,2.823,11.556
2821.43,1.006,2.824,11.557
2821.61,1.006,2.825,11.564
2821.79,1.007,2.827,11.566
2821.98,1.007,2.83,11.572
2822.16,1.005,2.832,11.575
2822.34,1.005,2.834,11.577
2822.52,1.004,2.839,11.579
2822.71,1.003,2.84,11.586
2822.89,1.002,2.843,11.589
2823.7,1.001,2.841,11.594
2823.25,1.002,2.84,11.599
2823.44,1.0,2.844,11.605
2823.62,1.0,2.846,11.61
2823.8,1.001,2.844,11.613
2824.89,1.006,2.85,11.629
2825.8,1.008,2.853,11.631
2825.26,1.009,2.853,11.635
2825.44,1.009,2.852,11.637
2825.62,1.008,2.851,11.637
2825.8,1.007,2.851,11.638
2825.99,1.006,2.849,11.639
2826.17,1.006,2.848,11.645
2826.35,1.005,2.853,11.649
2826.53,1.002,2.857,11.656
2826.72,1.0,2.856,11.659
2826.9,1.0,2.856,11.661
2827.8,1.0,2.855,11.662
2827.26,0.999,2.856,11.662
2827.44,0.998,2.858,11.665
2827.63,0.996,2.859,11.67
2827.81,0.995,2.861,11.675
2827.99,0.997,2.861,11.678
2828.17,0.996,2.863,11.681
2828.36,0.999,2.862,11.686
2828.54,0.998,2.861,11.693
2828.72,0.997,2.86,11.698
2828.9,0.999,2.861,11.702
2829.9,0.999,2.862,11.706
2829.27,0.996,2.863,11.709
2829.45,0.996,2.864,11.713
2829.63,0.998,2.864,11.715
2829.81,0.996,2.867,11.718
2830.0,0.997,2.872,11.724
2830.18,0.995,2.874,11.731
2831.82,1.001,2.886,11.781
2832.0,1.001,2.887,11.785
2832.18,1.002,2.886,11.791
2832.37,1.002,2.886,11.794
2832.55,1.006,2.886,11.8
2832.73,1.009,2.888,11.803
2832.91,1.008,2.893,11.802
2833.1,1.01,2.896,11.806
2833.28,1.013,2.895,11.811
2833.46,1.018,2.894,11.814
2833.64,1.02,2.894,11.814
2833.82,1.019,2.893,11.816
2834.1,1.021,2.892,11.821
2834.19,1.021,2.894,11.825
2834.37,1.023,2.896,11.832
2834.55,1.021,2.893,11.836
2834.74,1.021,2.894,11.843
2834.92,1.023,2.897,11.845
2835.1,1.026,2.899,11.848
2835.28,1.027,2.9,11.845
2835.46,1.027,2.902,11.849
2835.65,1.025,2.903,11.853
2835.83,1.027,2.902,11.86
2836.1,1.025,2.899,11.861
2836.19,1.026,2.903,11.867
2836.38,1.027,2.903,11.872
2836.56,1.03,2.906,11.873
2836.74,1.034,2.908,11.878
2836.92,1.035,2.907,11.877
2837.11,1.033,2.906,11.88
2837.29,1.034,2.906,11.885
2837.47,1.035,2.906,11.887
2837.65,1.034,2.906,11.889
2837.83,1.032,2.907,11.894
2838.93,1.021,2.919,11.915
2839.11,1.02,2.922,11.918
2839.29,1.019,2.921,11.92
2839.47,1.02,2.919,11.927
2839.66,1.022,2.924,11.93
2839.84,1.024,2.926,11.933
2840.2,1.03,2.931,11.935
2840.2,1.03,2.932,11.942
2840.39,1.033,2.931,11.945
2840.57,1.033,2.931,11.951
2840.75,1.038,2.934,11.957
2845.67,-0.0,0.006,0.038
2845.85,0.002,0.004,0.04
2846.4,0.004,0.004,0.046
2846.22,0.005,0.005,0.049
2846.4,0.008,0.006,0.052
2846.58,0.009,0.006,0.057
2846.76,0.011,0.008,0.06
2846.95,0.011,0.01,0.062
2847.13,0.008,0.01,0.065
2847.31,0.007,0.014,0.071
2852.42,0.014,0.058,0.174
2852.6,0.014,0.059,0.181
2852.78,0.014,0.059,0.184
2852.96,0.015,0.063,0.188
2853.14,0.016,0.065,0.188
2853.33,0.015,0.064,0.192
2853.51,0.016,0.067,0.196
2853.69,0.017,0.07,0.204
2853.87,0.018,0.07,0.208
2854.6,0.019,0.07,0.211
2859.89,-0.003,0.086,0.305
2860.7,-0.0,0.087,0.306
2860.25,0.001,0.091,0.313
2860.44,0.003,0.091,0.316
2860.62,0.0,0.092,0.32
2860.8,-0.001,0.093,0.326
2860.98,0.0,0.096,0.328
2861.16,0.002,0.097,0.331
2861.35,0.004,0.097,0.332
2861.53,0.005,0.098,0.338
2861.71,0.006,0.101,0.342
2861.89,0.009,0.104,0.344
2862.8,0.008,0.105,0.351
2862.26,0.008,0.107,0.354
2862.44,0.004,0.108,0.354
2862.62,0.003,0.11,0.362
2862.81,0.004,0.113,0.366
2862.99,0.006,0.113,0.368
2863.17,0.007,0.118,0.372
2863.35,0.01,0.119,0.376
2863.53,0.01,0.122,0.378
2863.72,0.011,0.123,0.381
2863.9,0.011,0.125,0.384
2864.8,0.014,0.126,0.385
2864.26,0.01,0.126,0.385
2864.45,0.009,0.126,0.388
2864.63,0.007,0.127,0.392
2864.81,0.008,0.134,0.395
2864.99,0.007,0.136,0.395
2865.17,0.008,0.138,0.398
2865.36,0.01,0.141,0.405
2865.54,0.009,0.141,0.406
2865.72,0.01,0.141,0.413
2865.9,0.01,0.142,0.418
2866.9,0.009,0.14,0.422
2866.27,0.009,0.137,0.427
2866.45,0.011,0.137,0.432
2866.63,0.012,0.136,0.437
2866.82,0.015,0.136,0.44
2867.0,0.012,0.137,0.44
2867.18,0.011,0.14,0.446
2867.36,0.012,0.145,0.447
2868.46,0.009,0.15,0.465
2868.64,0.006,0.151,0.47
2868.82,0.004,0.152,0.47
2869.0,0.006,0.155,0.472
2869.18,0.009,0.153,0.474
2869.37,0.012,0.153,0.479
2869.55,0.01,0.15,0.48
2869.73,0.012,0.152,0.485
2869.91,0.012,0.149,0.487
2870.1,0.014,0.152,0.49
2870.28,0.013,0.153,0.491
2870.46,0.011,0.154,0.493
2870.64,0.009,0.154,0.497
2870.83,0.005,0.155,0.501
2871.1,0.006,0.157,0.506
2871.19,0.006,0.158,0.508
2871.37,0.006,0.159,0.509
2871.55,0.009,0.163,0.514
2871.74,0.007,0.163,0.514
2871.92,0.012,0.167,0.519
2872.1,0.015,0.168,0.522
2872.28,0.015,0.172,0.523
2872.47,0.018,0.176,0.528
2872.65,0.017,0.17,0.528
2872.83,0.017,0.171,0.535
2873.1,0.019,0.173,0.535
2873.19,0.017,0.175,0.541
2873.38,0.018,0.173,0.547
2873.56,0.02,0.175,0.549
2873.74,0.021,0.179,0.553
2873.92,0.02,0.179,0.554
2874.11,0.022,0.181,0.558
2874.29,0.024,0.182,0.562
2874.47,0.024,0.183,0.564
2874.65,0.023,0.184,0.569
2874.84,0.025,0.186,0.569
2875.2,0.026,0.186,0.571
2875.2,0.028,0.185,0.574
2875.38,0.028,0.188,0.579
2875.56,0.03,0.188,0.585
2875.75,0.027,0.191,0.59
2875.93,0.026,0.189,0.593
2876.11,0.023,0.193,0.597
2876.29,0.024,0.192,0.6
2876.48,0.026,0.194,0.602
2876.66,0.027,0.189,0.606
2876.84,0.026,0.194,0.606
2877.2,0.024,0.196,0.608
2877.2,0.025,0.198,0.611
2877.39,0.027,0.198,0.617
2877.57,0.026,0.197,0.618
2877.75,0.027,0.198,0.622
2877.93,0.025,0.2,0.621
2878.12,0.025,0.203,0.622
2878.3,0.024,0.204,0.622
2878.48,0.024,0.204,0.627
2878.66,0.025,0.203,0.631
2878.84,0.024,0.208,0.634
2879.3,0.025,0.211,0.639
2879.21,0.024,0.213,0.643
2879.39,0.025,0.218,0.647
2879.57,0.023,0.218,0.653
2879.76,0.022,0.218,0.657
2879.94,0.022,0.218,0.661
2880.12,0.02,0.22,0.662
2883.4,0.028,0.242,0.713
2883.58,0.029,0.245,0.716
2883.77,0.029,0.246,0.721
2883.95,0.03,0.243,0.726
2884.13,0.034,0.243,0.731
2884.31,0.033,0.247,0.734
2884.5,0.031,0.247,0.739
2884.68,0.033,0.249,0.74
2884.86,0.035,0.25,0.745
2885.4,0.035,0.252,0.749
2885.22,0.03,0.254,0.751
2885.41,0.028,0.253,0.751
2885.59,0.027,0.254,0.758
2885.77,0.028,0.255,0.766
2885.95,0.029,0.259,0.771
2886.14,0.03,0.263,0.778
2886.32,0.03,0.266,0.779
2886.5,0.029,0.269,0.785
2886.68,0.031,0.268,0.787
2886.86,0.034,0.271,0.789
2887.5,0.035,0.275,0.797
2887.23,0.036,0.279,0.803
2887.41,0.037,0.284,0.807
2887.59,0.038,0.285,0.811
2887.78,0.038,0.282,0.813
2887.96,0.036,0.281,0.822
2888.14,0.038,0.283,0.831
2888.32,0.041,0.285,0.837
2888.5,0.045,0.289,0.842
2888.69,0.047,0.29,0.846
2888.87,0.044,0.289,0.851
2889.5,0.043,0.289,0.859
2889.23,0.045,0.291,0.865
2890.87,0.048,0.308,0.891
2891.6,0.047,0.306,0.893
2891.24,0.046,0.307,0.894
2891.42,0.043,0.309,0.895
2891.6,0.043,0.309,0.898
2891.79,0.042,0.31,0.899
2891.97,0.045,0.312,0.901
2892.15,0.044,0.316,0.907
2892.33,0.045,0.314,0.908
2892.51,0.043,0.313,0.909
2892.7,0.044,0.316,0.914
2892.88,0.045,0.316,0.916
2893.6,0.046,0.315,0.919
2893.24,0.049,0.314,0.923
2893.43,0.049,0.314,0.931
2893.61,0.05,0.314,0.938
2893.79,0.049,0.315,0.942
2893.97,0.048,0.319,0.945
2894.15,0.05,0.32,0.951
2894.34,0.053,0.319,0.957
2894.52,0.052,0.318,0.962
2894.7,0.053,0.318,0.963
2894.88,0.05,0.32,0.968
2895.7,0.048,0.323,0.972
2895.25,0.05,0.324,0.976
2895.43,0.05,0.327,0.979
2895.61,0.048,0.329,0.987
2895.79,0.048,0.329,0.99
2895.98,0.044,0.331,0.995
2896.16,0.046,0.328,0.999
2896.34,0.046,0.329,1.002
2896.52,0.045,0.326,1.003
2896.71,0.048,0.328,1.01
2896.89,0.049,0.329,1.013
2897.7,0.052,0.33,1.017
2897.25,0.054,0.332,1.019
2897.43,0.053,0.335,1.023
2897.62,0.055,0.339,1.029
2897.8,0.058,0.337,1.03
2897.98,0.058,0.338,1.034
2898.16,0.059,0.338,1.038
2898.35,0.059,0.339,1.043
2898.53,0.058,0.338,1.045
2898.71,0.058,0.339,1.048
2898.89,0.058,0.339,1.054
2899.8,0.061,0.34,1.054
2899.26,0.06,0.339,1.057
2899.44,0.062,0.339,1.059
2899.62,0.059,0.342,1.058
2899.8,0.059,0.344,1.062
2899.99,0.058,0.345,1.061
2900.17,0.059,0.348,1.068
2900.35,0.058,0.347,1.071
2900.53,0.058,0.349,1.076
2900.72,0.06,0.348,1.076
2900.9,0.059,0.35,1.081
2901.8,0.06,0.349,1.086
2901.26,0.064,0.35,1.09
2901.44,0.063,0.352,1.091
2901.63,0.065,0.352,1.095
2901.81,0.064,0.355,1.097
2901.99,0.062,0.356,1.099
2902.17,0.063,0.359,1.103
2902.36,0.06,0.36,1.104
2902.54,0.058,0.363,1.111
2902.72,0.057,0.362,1.115
2902.9,0.058,0.364,1.122
2903.8,0.058,0.364,1.129
2903.27,0.06,0.364,1.134
2903.45,0.061,0.365,1.139
2903.63,0.06,0.367,1.143
2903.81,0.058,0.368,1.147
2904.0,0.054,0.367,1.151
2904.18,0.056,0.371,1.156
2904.36,0.055,0.367,1.159
2904.54,0.054,0.368,1.162
2904.72,0.055,0.37,1.168
2904.91,0.057,0.37,1.173
2905.9,0.055,0.37,1.176
2905.27,0.055,0.373,1.178
2905.45,0.055,0.374,1.184
2905.64,0.054,0.374,1.186
2905.82,0.054,0.376,1.194
2909.28,0.04,0.386,1.258
2909.46,0.041,0.391,1.263
2909.65,0.042,0.392,1.268
2909.83,0.043,0.394,1.275
2910.1,0.045,0.396,1.278
2910.19,0.048,0.395,1.282
2910.38,0.048,0.396,1.287
2910.56,0.05,0.399,1.291
2910.74,0.048,0.401,1.292
2910.92,0.048,0.405,1.295
2911.1,0.047,0.404,1.298
2911.29,0.046,0.406,1.301
2911.47,0.046,0.408,1.306
2911.65,0.047,0.407,1.306
2911.83,0.046,0.405,1.31
2913.11,0.049,0.403,1.343
2913.29,0.049,0.405,1.345
2913.47,0.047,0.401,1.35
2913.66,0.048,0.406,1.356
2913.84,0.05,0.407,1.359
2914.2,0.049,0.408,1.363
2914.2,0.046,0.408,1.37
2914.39,0.045,0.41,1.374
2914.57,0.041,0.412,1.379
2914.75,0.042,0.412,1.379
2914.93,0.043,0.411,1.384
2915.11,0.042,0.413,1.385
2915.3,0.044,0.415,1.387
2915.48,0.048,0.416,1.392
2915.66,0.047,0.414,1.401
2915.84,0.047,0.416,1.406
2916.3,0.048,0.413,1.412
2916.21,0.048,0.414,1.418
2916.39,0.048,0.416,1.418
2916.57,0.048,0.416,1.422
2916.75,0.051,0.418,1.426
2916.94,0.052,0.416,1.431
2917.12,0.051,0.418,1.434
2917.3,0.048,0.417,1.438
2917.48,0.045,0.417,1.443
2917.67,0.045,0.416,1.448
2917.85,0.046,0.418,1.455
2918.3,0.045,0.416,1.462
2918.21,0.043,0.419,1.464
2918.39,0.045,0.42,1.467
2918.58,0.042,0.419,1.468
2918.76,0.045,0.423,1.472
2918.94,0.045,0.423,1.475
2919.12,0.046,0.424,1.481
2919.31,0.045,0.427,1.485
2919.49,0.045,0.429,1.488
2919.67,0.042,0.429,1.49
2919.85,0.045,0.433,1.492
2920.4,0.043,0.433,1.493
2920.22,0.042,0.434,1.501
2920.4,0.042,0.438,1.506
2920.58,0.042,0.435,1.508
2920.76,0.043,0.438,1.515
2920.95,0.042,0.439,1.522
2921.13,0.04,0.439,1.524
2921.31,0.039,0.441,1.528
2921.49,0.041,0.442,1.529
2921.68,0.043,0.445,1.532
2921.86,0.044,0.445,1.537
2922.4,0.039,0.444,1.543
2922.22,0.039,0.443,1.551
2922.4,0.034,0.442,1.556
2922.59,0.037,0.44,1.562
2922.77,0.037,0.44,1.566
2922.95,0.038,0.441,1.569
2923.13,0.038,0.44,1.573
2923.32,0.038,0.44,1.582
2923.5,0.039,0.442,1.585
2923.68,0.037,0.446,1.588
2923.86,0.036,0.447,1.589
2924.5,0.039,0.45,1.592
2924.23,0.037,0.451,1.595
2924.41,0.039,0.455,1.599
2924.59,0.037,0.457,1.6
2924.77,0.038,0.462,1.603
2924.96,0.037,0.464,1.606
2925.14,0.036,0.464,1.61
2925.32,0.035,0.465,1.614
2925.5,0.034,0.465,1.618
2925.69,0.032,0.468,1.622
2925.87,0.033,0.467,1.625
2926.5,0.036,0.468,1.628
2926.23,0.037,0.471,1.632
2926.42,0.04,0.474,1.631
2926.6,0.041,0.477,1.634
2926.78,0.041,0.479,1.638
2926.96,0.043,0.481,1.643
2927.14,0.044,0.484,1.644
2927.33,0.044,0.485,1.651
2927.51,0.046,0.489,1.655
2927.69,0.049,0.488,1.66
2927.87,0.05,0.488,1.663
2928.6,0.053,0.492,1.667
2928.24,0.057,0.492,1.674
2928.42,0.055,0.494,1.677
2928.6,0.052,0.498,1.681
2928.78,0.05,0.496,1.683
2928.97,0.048,0.495,1.684
2929.15,0.045,0.495,1.691
2929.33,0.048,0.497,1.695
2929.51,0.048,0.495,1.697
2929.7,0.046,0.494,1.701
2929.88,0.049,0.493,1.705
2930.6,0.049,0.496,1.709
2930.24,0.046,0.499,1.712
2930.43,0.046,0.502,1.719
2930.61,0.046,0.504,1.723
2930.79,0.047,0.505,1.727
2930.97,0.047,0.51,1.731
2931.15,0.046,0.514,1.736
2931.34,0.049,0.52,1.74
2931.52,0.049,0.524,1.745
2931.7,0.048,0.527,1.75
2931.88,0.048,0.529,1.761
2932.7,0.048,0.528,1.765
2932.25,0.052,0.529,1.771
2932.43,0.052,0.532,1.775
2932.61,0.052,0.533,1.778
2932.79,0.055,0.533,1.782
2932.98,0.055,0.534,1.786
2933.16,0.053,0.534,1.788
2933.34,0.052,0.533,1.79
2933.52,0.052,0.533,1.795
2933.71,0.055,0.532,1.797
2933.89,0.056,0.531,1.799
2934.7,0.059,0.532,1.8
2934.25,0.057,0.53,1.806
2934.44,0.063,0.528,1.81
2934.62,0.061,0.53,1.813
2934.8,0.057,0.532,1.816
2934.98,0.058,0.533,1.819
2935.16,0.058,0.537,1.821
2935.35,0.057,0.54,1.824
2935.53,0.055,0.542,1.829
2935.71,0.053,0.546,1.831
2935.89,0.053,0.545,1.837
2936.8,0.053,0.548,1.842
2936.26,0.053,0.55,1.842
2936.44,0.053,0.553,1.845
2936.62,0.055,0.555,1.852
2936.8,0.054,0.558,1.855
2936.99,0.053,0.563,1.856
2937.17,0.052,0.566,1.859
2937.35,0.054,0.565,1.866
2937.53,0.056,0.566,1.871
2937.72,0.056,0.564,1.875
2937.9,0.053,0.565,1.877
2938.8,0.052,0.569,1.878
2938.26,0.053,0.568,1.884
2938.45,0.05,0.57,1.886
2938.63,0.05,0.568,1.894
2938.81,0.047,0.569,1.899
2938.99,0.049,0.571,1.905
2939.17,0.052,0.573,1.907
2939.36,0.053,0.575,1.911
2939.54,0.054,0.577,1.914
2939.72,0.055,0.575,1.915
2939.9,0.059,0.573,1.917
2940.9,0.059,0.572,1.922
2940.27,0.06,0.572,1.927
2940.45,0.063,0.572,1.933
2940.63,0.061,0.573,1.937
2940.81,0.064,0.575,1.94
2941.0,0.062,0.577,1.945
2941.18,0.062,0.581,1.948
2941.36,0.059,0.581,1.952
2941.54,0.057,0.58,1.957
2941.73,0.056,0.58,1.963
2941.91,0.053,0.582,1.968
2944.28,0.06,0.601,2.002
2944.46,0.06,0.602,2.004
2944.64,0.062,0.604,2.007
2944.82,0.061,0.608,2.004
2945.1,0.063,0.609,2.006
2945.19,0.063,0.61,2.011
2945.37,0.066,0.613,2.013
2945.55,0.069,0.616,2.019
2945.74,0.069,0.619,2.023
2945.92,0.068,0.619,2.029
2946.1,0.069,0.621,2.032
2946.28,0.071,0.621,2.037
2946.47,0.073,0.621,2.041
2946.65,0.07,0.622,2.044
2946.83,0.069,0.622,2.048
2947.1,0.068,0.625,2.052
2947.19,0.066,0.628,2.059
2950.11,0.078,0.647,2.123
2950.29,0.081,0.647,2.122
2950.48,0.081,0.648,2.125
2950.66,0.079,0.652,2.13
2950.84,0.08,0.652,2.133
2951.2,0.079,0.651,2.136
2951.2,0.078,0.654,2.138
2951.39,0.078,0.659,2.143
2951.57,0.074,0.659,2.145
2951.75,0.076,0.66,2.147
2951.93,0.076,0.664,2.15
2952.12,0.079,0.668,2.155
2952.3,0.077,0.669,2.159
2952.48,0.081,0.673,2.163
2952.66,0.078,0.676,2.169
2952.85,0.075,0.678,2.172
2953.3,0.078,0.68,2.171
2953.21,0.08,0.68,2.171
2953.39,0.082,0.681,2.176
2953.57,0.084,0.684,2.182
2954.49,0.089,0.691,2.196
2954.67,0.089,0.692,2.199
2954.85,0.09,0.696,2.2
2955.3,0.089,0.699,2.202
2955.22,0.089,0.697,2.203
2955.4,0.09,0.695,2.207
2955.58,0.089,0.695,2.208
2955.76,0.086,0.693,2.208
2955.94,0.085,0.692,2.211
2956.13,0.086,0.693,2.214
2956.31,0.086,0.692,2.218
2961.6,0.106,0.726,2.326
2961.78,0.108,0.724,2.33
2961.96,0.108,0.723,2.334
2962.14,0.107,0.724,2.334
2962.32,0.107,0.723,2.338
2962.51,0.107,0.721,2.341
2962.69,0.108,0.72,2.344
2962.87,0.11,0.721,2.347
2963.5,0.111,0.72,2.35
2963.24,0.11,0.723,2.357
2963.42,0.112,0.724,2.361
2963.6,0.112,0.724,2.359
2963.78,0.116,0.729,2.362
2963.97,0.114,0.732,2.365
2964.15,0.113,0.732,2.368
2964.33,0.113,0.734,2.369
2964.51,0.113,0.733,2.372
2964.69,0.114,0.731,2.378
2964.88,0.115,0.732,2.377
2965.6,0.116,0.733,2.38
2965.24,0.118,0.737,2.386
2965.42,0.119,0.738,2.39
2965.61,0.122,0.742,2.394
2965.79,0.123,0.744,2.397
2965.97,0.123,0.742,2.398
2966.15,0.126,0.747,2.404
2966.34,0.127,0.746,2.41
2966.52,0.13,0.749,2.412
2966.7,0.133,0.748,2.414
2966.88,0.134,0.75,2.415
2967.6,0.134,0.754,2.421
2967.25,0.132,0.755,2.425
2967.43,0.131,0.755,2.431
2967.61,0.127,0.76,2.431
2967.79,0.126,0.759,2.432
2967.98,0.124,0.759,2.438
2968.16,0.126,0.76,2.442
2968.89,0.134,0.767,2.461
2969.7,0.135,0.769,2.464
2969.25,0.137,0.77,2.465
2969.43,0.137,0.771,2.463
2969.62,0.138,0.773,2.464
2969.8,0.139,0.773,2.466
2969.98,0.141,0.769,2.472
2970.16,0.142,0.77,2.475
2970.35,0.143,0.77,2.475
2970.53,0.144,0.77,2.481
2970.71,0.143,0.772,2.486
2970.89,0.142,0.774,2.493
2971.8,0.143,0.776,2.498
2971.26,0.14,0.775,2.503
2971.44,0.141,0.774,2.508
2971.62,0.14,0.774,2.509
2971.8,0.141,0.776,2.514
2971.99,0.138,0.777,2.513
2972.17,0.141,0.778,2.519
2972.35,0.139,0.778,2.524
2972.53,0.137,0.779,2.532
2972.72,0.138,0.78,2.535
2972.9,0.136,0.781,2.543
2973.8,0.135,0.78,2.549
2973.26,0.136,0.782,2.553
2974.36,0.141,0.785,2.579
2974.54,0.137,0.785,2.584
2974.72,0.137,0.788,2.589
2974.9,0.137,0.79,2.591
2975.9,0.137,0.792,2.599
2975.27,0.136,0.791,2.601
2975.45,0.138,0.792,2.607
2975.63,0.137,0.793,2.611
2975.82,0.14,0.798,2.617
2976.0,0.142,0.798,2.622
2976.18,0.143,0.801,2.624
2976.36,0.142,0.8,2.629
2976.54,0.142,0.804,2.631
2976.73,0.141,0.804,2.634
2976.91,0.143,0.807,2.639
2977.9,0.145,0.811,2.645
2977.27,0.144,0.81,2.647
2977.46,0.145,0.813,2.652
2977.64,0.146,0.813,2.655
2977.82,0.153,0.814,2.658
2978.0,0.153,0.813,2.66
2978.19,0.151,0.809,2.663
2979.46,0.154,0.819,2.691
2979.64,0.153,0.82,2.69
2979.83,0.156,0.82,2.692
2980.1,0.155,0.819,2.697
2980.19,0.157,0.818,2.698
2980.37,0.157,0.822,2.702
2980.56,0.159,0.826,2.709
2980.74,0.158,0.827,2.716
2980.92,0.16,0.829,2.721
2981.1,0.161,0.829,2.727
2981.28,0.165,0.835,2.729
2981.47,0.167,0.838,2.734
2981.65,0.167,0.838,2.734
2981.83,0.168,0.84,2.735
2982.1,0.17,0.844,2.742
2982.2,0.17,0.845,2.741
2982.38,0.167,0.845,2.743
2982.56,0.169,0.845,2.746
2982.74,0.169,0.847,2.75
2982.93,0.169,0.846,2.754
2983.11,0.167,0.843,2.757
2983.29,0.168,0.844,2.76
2983.47,0.169,0.845,2.767
2983.65,0.17,0.846,2.769
2983.84,0.169,0.849,2.772
2984.2,0.17,0.85,2.778
2984.2,0.175,0.853,2.782
2984.38,0.176,0.852,2.788
2984.57,0.178,0.856,2.795
2984.75,0.178,0.86,2.795
2984.93,0.176,0.862,2.796
2985.11,0.173,0.861,2.798
2985.3,0.176,0.867,2.809
2985.48,0.172,0.866,2.81
2985.66,0.172,0.875,2.818
2985.84,0.17,0.874,2.819
2986.2,0.17,0.877,2.824
2986.21,0.17,0.873,2.83
2986.39,0.171,0.874,2.833
2986.57,0.171,0.87,2.833
2986.75,0.174,0.869,2.84
2986.94,0.17,0.869,2.845
2987.12,0.171,0.873,2.848
2987.3,0.171,0.874,2.851
2990.76,0.188,0.9,2.934
2990.95,0.186,0.899,2.939
2991.13,0.188,0.902,2.945
2991.31,0.186,0.904,2.95
2991.49,0.188,0.905,2.951
2991.68,0.188,0.909,2.954
2991.86,0.187,0.913,2.957
2992.4,0.192,0.917,2.959
2992.22,0.19,0.916,2.964
2992.41,0.193,0.921,2.968
2992.59,0.194,0.921,2.969
2998.6,0.209,0.954,3.092
2998.24,0.21,0.953,3.096
2998.42,0.21,0.955,3.101
2998.6,0.21,0.956,3.1
2998.78,0.212,0.96,3.104
2998.97,0.211,0.961,3.109
2999.15,0.214,0.96,3.115
2999.33,0.215,0.963,3.116
2999.51,0.216,0.967,3.123
2999.7,0.215,0.97,3.127
2999.88,0.215,0.97,3.131
3000.6,0.214,0.969,3.134
3000.24,0.213,0.97,3.137
3000.42,0.214,0.97,3.142
3000.61,0.213,0.969,3.142
3000.79,0.216,0.971,3.146
3000.97,0.217,0.969,3.147
3001.15,0.219,0.97,3.15
3001.34,0.221,0.972,3.155
3001.52,0.22,0.974,3.159
3001.7,0.218,0.977,3.166
3001.88,0.218,0.977,3.171
3002.7,0.217,0.977,3.176
3002.25,0.216,0.979,3.181
3002.43,0.219,0.975,3.186
3002.61,0.221,0.976,3.193
3002.79,0.222,0.978,3.196
3004.7,0.219,0.979,3.22
3004.25,0.221,0.979,3.219
3004.43,0.218,0.982,3.225
3004.62,0.22,0.982,3.23
3004.8,0.221,0.984,3.234
3004.98,0.225,0.984,3.238
3005.16,0.227,0.986,3.245
3005.35,0.227,0.986,3.25
3005.53,0.227,0.983,3.251
3005.71,0.228,0.983,3.257
3005.89,0.226,0.985,3.26
3006.7,0.225,0.988,3.261
3006.26,0.224,0.99,3.265
3006.44,0.228,0.994,3.268
3006.62,0.227,0.995,3.273
3006.8,0.227,0.999,3.279
3006.99,0.227,1.0,3.282
3007.17,0.229,0.999,3.283
3007.35,0.228,1.0,3.287
3007.53,0.227,1.002,3.289
3007.72,0.226,1.005,3.292
3007.9,0.224,1.006,3.295
3008.8,0.223,1.007,3.299
3008.26,0.222,1.012,3.303
3008.44,0.223,1.014,3.305
3008.63,0.222,1.015,3.309
3008.81,0.222,1.019,3.312
3008.99,0.22,1.022,3.314
3009.17,0.223,1.023,3.317
3009.36,0.224,1.021,3.321
3009.54,0.225,1.021,3.324
3009.72,0.224,1.024,3.327
3009.9,0.221,1.025,3.33
3010.8,0.223,1.023,3.331
3010.27,0.221,1.023,3.335
3010.45,0.22,1.025,3.339
3010.63,0.218,1.026,3.346
3010.81,0.217,1.028,3.351
3011.0,0.218,1.031,3.356
3011.18,0.216,1.031,3.362
3011.36,0.215,1.032,3.367
3011.54,0.218,1.035,3.373
3011.73,0.219,1.032,3.38
3011.91,0.221,1.031,3.381
3012.9,0.221,1.035,3.386
3012.27,0.222,1.033,3.389
3012.45,0.221,1.031,3.392
3012.64,0.221,1.032,3.396
3012.82,0.22,1.03,3.401
3013.0,0.22,1.034,3.405
3013.18,0.22,1.031,3.413
3013.37,0.222,1.031,3.414
3013.55,0.221,1.033,3.418
3013.73,0.221,1.033,3.419
3013.91,0.222,1.033,3.423
3014.9,0.224,1.033,3.426
3014.28,0.224,1.031,3.428
3014.46,0.224,1.033,3.43
3014.64,0.224,1.035,3.433
3016.65,0.229,1.048,3.478
3016.83,0.228,1.048,3.481
3017.1,0.228,1.05,3.482
3017.19,0.225,1.051,3.484
3017.38,0.226,1.053,3.488
3017.56,0.223,1.056,3.491
3017.74,0.224,1.056,3.495
3017.92,0.223,1.056,3.499
3018.1,0.223,1.055,3.507
3018.29,0.219,1.055,3.512
3018.47,0.217,1.056,3.518
3018.65,0.215,1.055,3.525
3018.83,0.211,1.055,3.528
3019.2,0.209,1.059,3.533
3019.2,0.209,1.061,3.537
3019.38,0.208,1.063,3.538
3019.56,0.21,1.062,3.545
3019.74,0.211,1.061,3.55
3019.93,0.214,1.063,3.556
3020.11,0.218,1.065,3.561
3020.29,0.219,1.068,3.566
3020.47,0.221,1.069,3.571
3020.66,0.221,1.067,3.578
3020.84,0.221,1.065,3.583
3021.2,0.221,1.069,3.59
3021.2,0.225,1.071,3.595
3021.39,0.225,1.069,3.6
3021.57,0.229,1.07,3.606
3021.75,0.227,1.072,3.606
3021.93,0.228,1.072,3.611
3022.11,0.229,1.074,3.618
3022.3,0.232,1.077,3.624
3022.48,0.231,1.077,3.629
3022.66,0.23,1.074,3.634
3022.84,0.23,1.075,3.639
3023.3,0.229,1.074,3.645
3023.21,0.233,1.072,3.647
3023.39,0.233,1.072,3.652
3023.57,0.232,1.071,3.656
3023.75,0.231,1.075,3.658
3023.94,0.235,1.074,3.659
3024.12,0.233,1.078,3.666
3024.3,0.233,1.078,3.672
3024.48,0.234,1.078,3.677
3024.67,0.234,1.076,3.682
3024.85,0.237,1.077,3.689
3025.3,0.236,1.079,3.692
3025.21,0.233,1.081,3.695
3025.39,0.233,1.083,3.7
3025.58,0.232,1.083,3.701
3026.85,0.23,1.09,3.722
3027.4,0.231,1.09,3.723
3027.22,0.233,1.091,3.727
3027.4,0.232,1.091,3.731
3027.58,0.235,1.092,3.735
3027.76,0.236,1.091,3.736
3027.95,0.237,1.092,3.738
3028.13,0.235,1.093,3.736
3028.31,0.235,1.094,3.737
3028.49,0.236,1.093,3.741
3034.32,0.244,1.121,3.863
3034.51,0.244,1.12,3.866
3034.69,0.244,1.123,3.872
3034.87,0.246,1.123,3.872
3035.5,0.246,1.121,3.878
3035.24,0.245,1.121,3.879
3035.42,0.246,1.122,3.885
3035.6,0.245,1.123,3.886
3035.78,0.243,1.124,3.89
3035.96,0.243,1.126,3.892
3036.15,0.245,1.125,3.896
3036.33,0.247,1.122,3.901
3036.51,0.248,1.122,3.906
3036.69,0.25,1.123,3.913
3036.88,0.251,1.125,3.918
3037.6,0.253,1.124,3.919
3037.24,0.257,1.126,3.924
3037.42,0.257,1.123,3.929
3037.6,0.261,1.128,3.938
3037.79,0.26,1.126,3.942
3037.97,0.261,1.131,3.946
3038.15,0.259,1.133,3.946
3038.33,0.259,1.133,3.946
3038.51,0.262,1.136,3.947
3038.7,0.263,1.138,3.953
3038.88,0.263,1.136,3.955
3039.6,0.265,1.143,3.963
3039.24,0.264,1.144,3.964
3039.43,0.27,1.147,3.968
3039.61,0.268,1.145,3.968
3039.79,0.27,1.15,3.974
3039.97,0.272,1.146,3.975
3040.15,0.271,1.146,3.98
3040.34,0.273,1.149,3.987
3040.52,0.272,1.151,3.986
3040.7,0.275,1.153,3.989
3040.88,0.278,1.151,3.991
3042.71,0.281,1.163,4.023
3042.89,0.282,1.168,4.025
3043.7,0.28,1.171,4.028
3043.25,0.282,1.172,4.034
3043.44,0.285,1.169,4.037
3043.62,0.284,1.172,4.042
3043.8,0.287,1.174,4.044
3043.98,0.284,1.172,4.048
3044.16,0.285,1.174,4.054
3044.35,0.285,1.173,4.055
3044.53,0.285,1.173,4.058
3044.71,0.283,1.176,4.061
3044.89,0.282,1.178,4.067
3045.8,0.282,1.178,4.071
3045.26,0.282,1.179,4.077
3045.44,0.284,1.179,4.084
3045.62,0.282,1.178,4.087
3045.8,0.281,1.178,4.089
3045.99,0.279,1.178,4.094
3046.17,0.279,1.181,4.103
3046.35,0.28,1.179,4.11
3046.53,0.28,1.175,4.115
3046.72,0.281,1.174,4.118
3046.9,0.286,1.176,4.117
3047.8,0.289,1.177,4.122
3047.26,0.287,1.177,4.124
3047.44,0.288,1.18,4.128
3047.63,0.292,1.182,4.129
3048.72,0.29,1.187,4.146
3048.9,0.292,1.184,4.147
3049.8,0.294,1.185,4.152
3049.27,0.294,1.187,4.159
3049.45,0.293,1.189,4.161
3049.63,0.294,1.189,4.162
3049.81,0.293,1.188,4.166
3050.0,0.293,1.191,4.172
3050.18,0.294,1.191,4.175
3050.36,0.294,1.188,4.176
3050.54,0.294,1.188,4.182
3050.73,0.294,1.186,4.183
3050.91,0.295,1.186,4.184
3051.9,0.294,1.187,4.191
3051.27,0.293,1.185,4.193
3051.45,0.293,1.189,4.202
3051.64,0.294,1.19,4.207
3051.82,0.292,1.189,4.214
3052.0,0.293,1.195,4.221
3052.18,0.294,1.197,4.225
3052.37,0.296,1.195,4.229
3052.55,0.299,1.197,4.233
3052.73,0.297,1.195,4.236
3052.91,0.298,1.193,4.239
3053.9,0.3,1.195,4.245
3053.28,0.299,1.195,4.247
3053.46,0.302,1.197,4.254
3053.64,0.301,1.2,4.255
3053.82,0.303,1.202,4.258
3054.1,0.301,1.204,4.259
3054.19,0.303,1.204,4.266
3054.37,0.305,1.205,4.271
3054.55,0.307,1.207,4.273
3054.73,0.308,1.206,4.275
3054.92,0.306,1.207,4.283
3055.1,0.306,1.211,4.285
3055.28,0.307,1.212,4.29
3055.46,0.312,1.211,4.292
3055.65,0.315,1.211,4.299
3055.83,0.318,1.211,4.302
3056.1,0.318,1.211,4.306
3056.19,0.323,1.213,4.307
3056.37,0.325,1.216,4.314
3056.56,0.322,1.216,4.314
3056.74,0.324,1.222,4.322
3056.92,0.324,1.224,4.325
3057.1,0.324,1.226,4.333
3057.29,0.325,1.225,4.339
3057.47,0.326,1.225,4.347
3057.65,0.328,1.224,4.353
3057.83,0.327,1.223,4.357
3058.2,0.323,1.227,4.362
3058.2,0.323,1.23,4.367
3058.38,0.324,1.226,4.371
3058.56,0.323,1.228,4.377
3058.74,0.322,1.227,4.382
3058.93,0.323,1.226,4.387
3059.11,0.324,1.224,4.391
3059.29,0.325,1.224,4.394
3059.47,0.326,1.224,4.397
3059.66,0.326,1.229,4.402
3059.84,0.325,1.226,4.406
3060.2,0.327,1.226,4.409
3060.2,0.326,1.225,4.415
3060.38,0.326,1.227,4.421
3060.57,0.325,1.226,4.426
3060.75,0.326,1.226,4.433
3060.93,0.328,1.224,4.439
3061.11,0.329,1.223,4.441
3061.3,0.33,1.225,4.443
3061.48,0.328,1.227,4.45
3061.66,0.33,1.229,4.457
3061.84,0.332,1.229,4.46
3062.2,0.332,1.227,4.46
3062.21,0.331,1.225,4.464
3062.39,0.331,1.225,4.47
3062.57,0.333,1.228,4.477
3062.75,0.335,1.229,4.481
3062.94,0.335,1.232,4.483
3063.12,0.336,1.233,4.484
3063.3,0.334,1.233,4.49
3063.48,0.339,1.231,4.495
3063.66,0.339,1.23,4.503
3063.85,0.341,1.228,4.509
3064.3,0.342,1.232,4.518
3064.21,0.34,1.232,4.518
3064.39,0.339,1.231,4.523
3064.58,0.341,1.234,4.527
3064.76,0.343,1.235,4.533
3064.94,0.346,1.235,4.538
3065.12,0.35,1.234,4.541
3065.31,0.349,1.232,4.544
3065.49,0.349,1.231,4.549
3065.67,0.349,1.231,4.555
3065.85,0.349,1.235,4.562
3066.3,0.349,1.234,4.571
3066.22,0.349,1.233,4.576
3066.4,0.349,1.232,4.579
3066.58,0.35,1.231,4.586
3066.76,0.351,1.233,4.59
3066.95,0.353,1.232,4.596
3067.13,0.357,1.232,4.602
3067.31,0.358,1.233,4.608
3067.49,0.357,1.232,4.609
3067.67,0.356,1.233,4.617
3067.86,0.356,1.235,4.619
3068.4,0.355,1.234,4.625
3068.22,0.354,1.235,4.633
3068.4,0.354,1.237,4.637
3068.59,0.353,1.237,4.643
3068.77,0.354,1.236,4.647
3072.6,0.361,1.249,4.749
3072.78,0.361,1.25,4.756
3072.96,0.359,1.249,4.757
3073.14,0.359,1.251,4.758
3073.33,0.361,1.254,4.763
3073.51,0.362,1.257,4.769
3073.69,0.36,1.259,4.774
3073.87,0.361,1.259,4.78
3074.5,0.36,1.262,4.785
3074.24,0.359,1.263,4.788
3074.42,0.36,1.267,4.796
3074.6,0.361,1.268,4.803
3074.78,0.362,1.266,4.808
3074.97,0.362,1.265,4.814
3075.15,0.366,1.265,4.817
3075.33,0.369,1.266,4.822
3075.51,0.37,1.264,4.826
3075.69,0.369,1.267,4.833
3075.88,0.368,1.269,4.838
3076.6,0.368,1.272,4.843
3076.24,0.37,1.274,4.847
3076.42,0.375,1.274,4.852
3076.61,0.378,1.272,4.857
3076.79,0.381,1.271,4.86
3076.97,0.382,1.27,4.866
3077.15,0.384,1.268,4.874
3077.34,0.385,1.269,4.879
3077.52,0.387,1.264,4.884
3077.7,0.39,1.264,4.89
3077.88,0.391,1.266,4.896
3078.6,0.394,1.268,4.897
3078.25,0.395,1.267,4.9
3078.43,0.395,1.268,4.901
3078.61,0.392,1.269,4.906
3078.79,0.393,1.268,4.908
3078.98,0.395,1.268,4.91
3079.16,0.394,1.268,4.913
3079.34,0.397,1.27,4.919
3079.52,0.396,1.271,4.924
3079.71,0.396,1.271,4.931
3079.89,0.393,1.273,4.938
3080.7,0.394,1.277,4.945
3080.25,0.394,1.279,4.953
3080.43,0.397,1.282,4.958
3080.62,0.398,1.282,4.961
3080.8,0.401,1.281,4.967
3080.98,0.402,1.282,4.973
3081.16,0.404,1.282,4.978
3081.35,0.407,1.284,4.982
3081.53,0.406,1.285,4.985
3081.71,0.408,1.285,4.993
3081.89,0.408,1.286,4.998
3082.7,0.406,1.288,5.003
3082.26,0.407,1.292,5.007
3082.44,0.408,1.292,5.008
3082.62,0.41,1.291,5.01
3082.8,0.408,1.29,5.015
3082.99,0.413,1.294,5.018
3083.17,0.414,1.293,5.023
3083.35,0.415,1.293,5.026
3083.53,0.413,1.294,5.033
3083.72,0.412,1.294,5.043
3083.9,0.416,1.294,5.046
3084.8,0.416,1.297,5.047
3085.36,0.41,1.308,5.073
3085.54,0.41,1.307,5.079
3085.72,0.407,1.309,5.081
3085.9,0.407,1.31,5.084
3086.8,0.409,1.31,5.088
3086.27,0.41,1.308,5.088
3086.45,0.414,1.312,5.094
3086.63,0.411,1.313,5.095
3086.81,0.411,1.315,5.097
3087.0,0.41,1.316,5.102
3087.18,0.412,1.317,5.102
3087.36,0.41,1.316,5.102
3087.54,0.406,1.316,5.105
3087.72,0.403,1.317,5.108
3087.91,0.399,1.316,5.111
3088.9,0.4,1.318,5.115
3088.27,0.401,1.319,5.121
3088.45,0.403,1.322,5.125
3088.64,0.404,1.322,5.128
3088.82,0.406,1.322,5.132
3089.0,0.406,1.324,5.134
3089.18,0.407,1.327,5.14
3089.36,0.406,1.33,5.143
3089.55,0.405,1.332,5.15
3089.73,0.409,1.331,5.151
3089.91,0.409,1.333,5.154
3090.9,0.41,1.336,5.156
3090.28,0.411,1.339,5.16
3090.46,0.41,1.34,5.167
3090.64,0.411,1.339,5.174
3090.82,0.411,1.341,5.179
3091.0,0.411,1.34,5.181
3091.19,0.415,1.339,5.183
3091.37,0.418,1.342,5.188
3091.55,0.419,1.343,5.194
3091.73,0.418,1.347,5.201
3091.92,0.421,1.35,5.2
3092.1,0.42,1.352,5.204
3092.28,0.419,1.352,5.206
3092.46,0.424,1.355,5.206
3092.65,0.425,1.358,5.208
3092.83,0.427,1.355,5.209
3093.1,0.427,1.358,5.211
3093.19,0.43,1.361,5.215
3093.37,0.429,1.363,5.218
3093.56,0.433,1.363,5.221
3093.74,0.433,1.364,5.224
3093.92,0.433,1.364,5.227
3094.1,0.433,1.362,5.232
3094.29,0.437,1.366,5.236
3094.47,0.44,1.368,5.243
3094.65,0.442,1.371,5.247
3094.83,0.444,1.369,5.248
3095.1,0.444,1.372,5.252
3095.2,0.446,1.371,5.254
3095.38,0.449,1.375,5.255
3095.56,0.448,1.377,5.258
3095.74,0.452,1.38,5.264
3095.93,0.451,1.377,5.266
3096.11,0.453,1.375,5.268
3096.29,0.457,1.376,5.273
3096.47,0.457,1.377,5.274
3096.65,0.456,1.379,5.278
3096.84,0.451,1.379,5.282
3097.2,0.454,1.379,5.288
3097.2,0.45,1.377,5.29
3097.38,0.45,1.381,5.294
3097.57,0.45,1.377,5.294
3097.75,0.449,1.377,5.302
3097.93,0.45,1.378,5.307
3098.11,0.451,1.379,5.312
3098.29,0.452,1.381,5.315
3098.48,0.45,1.384,5.318
3098.66,0.451,1.388,5.323
3098.84,0.449,1.389,5.327
3099.2,0.449,1.39,5.333
3099.21,0.447,1.391,5.34
3099.39,0.449,1.391,5.345
3099.57,0.448,1.392,5.345
3099.75,0.45,1.394,5.347
3099.93,0.454,1.395,5.35
3100.12,0.456,1.398,5.355
3100.3,0.453,1.402,5.359
3100.48,0.453,1.404,5.363
3100.66,0.451,1.404,5.368
3100.85,0.454,1.407,5.368
3101.3,0.457,1.408,5.373
3101.21,0.457,1.409,5.376
3101.39,0.456,1.41,5.38
3101.57,0.459,1.409,5.386
3101.76,0.457,1.412,5.389
3101.94,0.457,1.412,5.394
3102.12,0.458,1.415,5.399
3102.3,0.458,1.414,5.4
3102.49,0.458,1.411,5.405
3102.67,0.456,1.411,5.408
3102.85,0.456,1.411,5.411
3103.3,0.458,1.412,5.415
3103.21,0.456,1.413,5.42
3103.4,0.457,1.415,5.425
3103.58,0.455,1.415,5.427
3103.76,0.455,1.417,5.432
3103.94,0.458,1.417,5.438
3104.13,0.458,1.42,5.44
3104.31,0.457,1.42,5.439
3104.49,0.456,1.422,5.443
3104.67,0.457,1.419,5.446
3104.86,0.457,1.418,5.452
3105.4,0.458,1.419,5.453
3105.22,0.458,1.419,5.457
3105.4,0.457,1.418,5.462
3105.58,0.46,1.416,5.469
3105.77,0.46,1.418,5.473
3105.95,0.46,1.419,5.477
3106.13,0.462,1.419,5.482
3106.31,0.461,1.421,5.485
3106.5,0.462,1.423,5.489
3106.68,0.465,1.426,5.492
3106.86,0.467,1.427,5.497
3107.4,0.465,1.429,5.504
3107.22,0.464,1.427,5.508
3107.41,0.466,1.429,5.51
3107.59,0.469,1.43,5.515
3107.77,0.472,1.433,5.522
3107.95,0.469,1.434,5.525
3108.14,0.469,1.434,5.53
3108.32,0.468,1.431,5.535
3108.5,0.47,1.433,5.538
3108.68,0.471,1.432,5.541
3108.87,0.47,1.434,5.541
3109.5,0.47,1.437,5.541
3109.23,0.469,1.437,5.544
3109.41,0.468,1.437,5.547
3109.59,0.467,1.439,5.551
3109.78,0.468,1.443,5.554
3109.96,0.468,1.446,5.554
3110.14,0.471,1.449,5.556
3110.32,0.471,1.453,5.559
3110.51,0.469,1.454,5.565
3110.69,0.47,1.457,5.572
3110.87,0.472,1.458,5.576
3111.5,0.472,1.459,5.579
3111.23,0.471,1.457,5.583
3111.42,0.47,1.459,5.588
3111.6,0.472,1.459,5.591
3111.78,0.47,1.456,5.596
3111.96,0.472,1.458,5.602
3112.15,0.473,1.457,5.605
3112.33,0.475,1.458,5.608
3112.51,0.477,1.459,5.611
3112.69,0.476,1.461,5.619
3112.88,0.475,1.461,5.624
3113.6,0.476,1.462,5.629
3113.24,0.477,1.462,5.632
3113.42,0.476,1.463,5.633
3113.6,0.477,1.466,5.635
3113.79,0.477,1.47,5.637
3113.97,0.477,1.472,5.641
3114.15,0.478,1.471,5.645
3114.33,0.478,1.47,5.648
3114.52,0.479,1.474,5.654
3114.7,0.48,1.474,5.657
3114.88,0.48,1.476,5.659
3115.79,0.481,1.485,5.683
3115.97,0.48,1.486,5.686
3116.16,0.481,1.488,5.688
3116.34,0.481,1.49,5.69
3116.52,0.48,1.492,5.693
3116.7,0.478,1.494,5.699
3116.89,0.481,1.496,5.705
3117.7,0.483,1.496,5.709
3117.25,0.483,1.497,5.713
3117.43,0.481,1.498,5.717
3117.61,0.483,1.497,5.72
3117.8,0.484,1.498,5.727
3117.98,0.484,1.499,5.732
3118.16,0.482,1.501,5.736
3118.34,0.481,1.505,5.738
3118.53,0.48,1.51,5.741
3118.71,0.48,1.514,5.741
3118.89,0.481,1.516,5.748
3119.7,0.481,1.516,5.753
3119.25,0.484,1.516,5.758
3119.44,0.485,1.52,5.759
3119.62,0.487,1.521,5.763
3119.8,0.488,1.521,5.764
3119.98,0.489,1.519,5.77
3120.17,0.492,1.518,5.775
3120.35,0.492,1.521,5.779
3120.53,0.493,1.523,5.783
3120.71,0.495,1.521,5.788
3120.89,0.494,1.52,5.793
3121.8,0.495,1.521,5.798
3121.26,0.493,1.522,5.8
3121.44,0.493,1.523,5.807
3121.62,0.493,1.522,5.809
3121.81,0.489,1.526,5.816
3121.99,0.491,1.528,5.821
3122.17,0.493,1.53,5.822
3122.35,0.498,1.531,5.827
3122.54,0.5,1.53,5.835
3122.72,0.5,1.534,5.84
3122.9,0.5,1.533,5.842
3123.8,0.499,1.535,5.846
3123.26,0.5,1.535,5.849
3123.45,0.499,1.535,5.856
3123.63,0.502,1.539,5.859
3123.81,0.503,1.54,5.862
3123.99,0.501,1.543,5.867
3124.18,0.499,1.545,5.87
3124.36,0.496,1.544,5.874
3124.54,0.499,1.544,5.878
3124.72,0.497,1.545,5.881
3124.91,0.496,1.545,5.885
3125.9,0.498,1.547,5.889
3125.27,0.496,1.547,5.894
3125.45,0.496,1.548,5.897
3125.63,0.494,1.551,5.9
3125.82,0.493,1.553,5.904
3126.0,0.495,1.552,5.907
3126.18,0.495,1.557,5.905
3126.36,0.492,1.56,5.905
3126.55,0.491,1.562,5.91
3126.73,0.492,1.563,5.918
3126.91,0.493,1.563,5.92
3127.9,0.495,1.562,5.923
3127.27,0.5,1.56,5.925
3127.46,0.498,1.561,5.929
3127.64,0.5,1.561,5.932
3127.82,0.503,1.563,5.932
3128.0,0.505,1.564,5.935
3128.19,0.506,1.564,5.939
3128.37,0.504,1.566,5.942
3128.55,0.505,1.571,5.942
3128.73,0.507,1.573,5.944
3128.91,0.507,1.575,5.947
3129.1,0.51,1.574,5.948
3129.28,0.513,1.573,5.949
3129.46,0.514,1.573,5.953
3129.64,0.513,1.574,5.957
3129.83,0.514,1.575,5.959
3130.1,0.516,1.574,5.962
3130.19,0.516,1.574,5.966
3130.37,0.52,1.576,5.975
3130.55,0.517,1.575,5.977
3130.74,0.518,1.578,5.981
3130.92,0.519,1.577,5.985
3131.1,0.518,1.58,5.989
3131.28,0.522,1.579,5.993
3131.47,0.521,1.583,5.998
3131.65,0.521,1.584,6.001
3131.83,0.521,1.587,6.004
3132.1,0.522,1.588,6.006
3132.2,0.525,1.591,6.011
3132.38,0.526,1.596,6.012
3132.56,0.525,1.596,6.012
3133.65,0.525,1.6,6.033
3133.84,0.527,1.6,6.038
3134.2,0.527,1.601,6.041
3134.2,0.525,1.606,6.046
3134.38,0.525,1.606,6.047
3134.56,0.527,1.607,6.053
3134.75,0.529,1.606,6.06
3134.93,0.529,1.605,6.067
3135.11,0.531,1.604,6.07
3135.29,0.534,1.603,6.072
3135.48,0.535,1.602,6.073
3135.66,0.535,1.602,6.073
3135.84,0.534,1.601,6.077
3136.2,0.537,1.603,6.082
3136.21,0.542,1.604,6.084
3136.39,0.541,1.603,6.089
3136.57,0.542,1.606,6.097
3137.66,0.545,1.61,6.112
3137.85,0.545,1.609,6.114
3138.3,0.546,1.61,6.119
3138.21,0.545,1.606,6.12
3138.39,0.546,1.605,6.122
3138.57,0.544,1.608,6.125
3138.76,0.544,1.608,6.128
3138.94,0.545,1.607,6.133
3139.12,0.543,1.609,6.137
3139.3,0.542,1.609,6.141
3139.49,0.547,1.61,6.145
3139.67,0.547,1.609,6.146
3139.85,0.546,1.611,6.15
3140.3,0.544,1.613,6.152
3140.21,0.545,1.614,6.156
3140.4,0.545,1.617,6.159
3140.58,0.547,1.619,6.161
3140.76,0.543,1.619,6.165
3140.94,0.543,1.619,6.172
3141.13,0.546,1.619,6.174
3141.31,0.543,1.622,6.179
3141.49,0.54,1.619,6.182
3141.67,0.543,1.618,6.185
3141.86,0.54,1.616,6.187
3142.4,0.542,1.619,6.19
3142.22,0.542,1.62,6.19
3142.4,0.543,1.621,6.195
3142.58,0.544,1.622,6.199
3142.77,0.544,1.621,6.201
3142.95,0.544,1.62,6.202
3144.4,0.542,1.632,6.232
3144.22,0.543,1.632,6.237
3144.41,0.543,1.629,6.242
3144.59,0.547,1.63,6.245
3144.77,0.546,1.63,6.248
3144.95,0.548,1.629,6.251
3145.14,0.55,1.63,6.257
3145.32,0.55,1.632,6.263
3145.5,0.546,1.63,6.265
3145.68,0.546,1.63,6.273
3145.87,0.547,1.628,6.274
3146.5,0.549,1.627,6.277
3146.23,0.55,1.625,6.281
3146.41,0.55,1.624,6.286
3146.59,0.548,1.624,6.284
3146.78,0.548,1.623,6.287
3146.96,0.547,1.623,6.291
3147.14,0.545,1.624,6.296
3147.32,0.546,1.623,6.3
3147.51,0.546,1.622,6.304
3147.69,0.547,1.621,6.309
3147.87,0.545,1.622,6.312
3148.5,0.543,1.625,6.312
3148.23,0.543,1.625,6.316
3148.42,0.543,1.625,6.321
3148.6,0.547,1.625,6.326
3148.78,0.547,1.627,6.331
3148.96,0.545,1.628,6.338
3149.15,0.548,1.63,6.341
3149.33,0.549,1.63,6.346
3149.51,0.546,1.626,6.35
3149.69,0.546,1.629,6.352
3149.88,0.545,1.626,6.357
3150.6,0.547,1.627,6.362
3150.24,0.552,1.628,6.368
3150.42,0.55,1.626,6.369
3150.6,0.553,1.63,6.376
3150.79,0.55,1.626,6.38
3150.97,0.555,1.622,6.383
3151.15,0.555,1.62,6.385
3151.33,0.556,1.622,6.389
3151.52,0.558,1.625,6.396
3151.7,0.557,1.62,6.402
3151.88,0.56,1.62,6.407
3152.6,0.56,1.617,6.409
3152.24,0.561,1.619,6.414
3152.43,0.558,1.617,6.416
3152.61,0.561,1.62,6.423
3152.79,0.559,1.618,6.424
3152.97,0.562,1.618,6.434
3153.16,0.561,1.619,6.438
3153.34,0.563,1.621,6.438
3153.52,0.566,1.621,6.441
3153.7,0.566,1.622,6.445
3153.89,0.568,1.625,6.449
3154.7,0.568,1.628,6.454
3154.25,0.57,1.627,6.454
3154.43,0.571,1.625,6.457
3154.61,0.572,1.625,6.462
3154.8,0.576,1.628,6.47
3154.98,0.576,1.629,6.473
3155.16,0.578,1.633,6.479
3155.34,0.573,1.632,6.481
3155.53,0.575,1.632,6.487
3155.71,0.574,1.63,6.487
3155.89,0.574,1.631,6.49
3156.7,0.574,1.633,6.493
3156.25,0.575,1.627,6.494
3156.44,0.576,1.628,6.501
3156.62,0.578,1.63,6.505
3156.8,0.578,1.634,6.508
3156.98,0.578,1.631,6.51
3157.17,0.576,1.631,6.51
3157.35,0.578,1.631,6.515
3157.53,0.577,1.632,6.522
3157.71,0.579,1.633,6.531
3157.9,0.584,1.633,6.536
3158.8,0.583,1.633,6.539
3158.26,0.588,1.635,6.543
3158.44,0.59,1.634,6.55
3158.62,0.59,1.634,6.554
3158.81,0.591,1.635,6.56
3158.99,0.59,1.634,6.566
3159.17,0.59,1.634,6.572
3159.35,0.589,1.635,6.576
3159.54,0.59,1.634,6.583
3159.72,0.588,1.634,6.587
3159.9,0.59,1.638,6.591
3160.8,0.588,1.639,6.594
3160.26,0.588,1.638,6.601
3160.45,0.589,1.637,6.605
3160.63,0.588,1.64,6.609
3160.81,0.588,1.639,6.611
3160.99,0.588,1.643,6.614
3161.18,0.591,1.644,6.618
3161.36,0.588,1.646,6.621
3161.54,0.586,1.647,6.624
3161.72,0.588,1.648,6.63
3161.9,0.585,1.647,6.633
3162.9,0.586,1.644,6.635
3162.27,0.584,1.645,6.639
3162.45,0.584,1.645,6.642
3162.63,0.586,1.645,6.645
3162.82,0.586,1.65,6.651
3163.0,0.588,1.65,6.654
3163.18,0.59,1.653,6.654
3163.36,0.591,1.655,6.662
3163.55,0.592,1.657,6.667
3163.73,0.591,1.66,6.673
3163.91,0.59,1.661,6.676
3164.9,0.59,1.66,6.678
3164.27,0.593,1.662,6.682
3164.46,0.596,1.66,6.689
3164.64,0.6,1.661,6.69
3164.82,0.601,1.662,6.693
3165.0,0.599,1.663,6.698
3165.19,0.6,1.668,6.703
3165.37,0.597,1.668,6.709
3165.55,0.597,1.671,6.712
3165.73,0.595,1.67,6.717
3165.91,0.595,1.669,6.722
3166.1,0.596,1.668,6.726
3166.28,0.597,1.667,6.728
3166.46,0.599,1.666,6.732
3166.64,0.6,1.668,6.735
3166.83,0.598,1.667,6.739
3167.1,0.6,1.667,6.739
3167.19,0.601,1.669,6.741
3167.37,0.602,1.671,6.742
3167.55,0.603,1.671,6.746
3167.74,0.604,1.673,6.748
3167.92,0.606,1.669,6.75
3168.1,0.609,1.667,6.755
3168.28,0.608,1.669,6.759
3168.47,0.611,1.672,6.764
3168.65,0.612,1.672,6.767
3168.83,0.617,1.671,6.771
3169.1,0.619,1.673,6.776
3169.2,0.621,1.674,6.779
3169.38,0.62,1.675,6.783
3169.56,0.622,1.677,6.788
3169.74,0.62,1.679,6.792
3169.92,0.622,1.679,6.796
3170.11,0.623,1.678,6.793
3170.29,0.621,1.675,6.798
3171.93,0.623,1.674,6.82
3172.11,0.624,1.677,6.821
3172.29,0.624,1.677,6.824
3172.48,0.627,1.679,6.829
3172.66,0.627,1.679,6.834
3172.84,0.629,1.68,6.838
3173.2,0.632,1.678,6.843
3173.21,0.632,1.676,6.851
3173.39,0.633,1.676,6.852
3173.57,0.63,1.674,6.855
3173.75,0.632,1.677,6.86
3173.93,0.633,1.679,6.863
3174.12,0.634,1.677,6.867
3174.3,0.638,1.677,6.875
3174.48,0.637,1.677,6.88
3174.66,0.636,1.679,6.882
3174.85,0.636,1.683,6.886
3175.3,0.638,1.685,6.889
3175.21,0.64,1.687,6.889
3175.39,0.639,1.686,6.89
3175.57,0.638,1.689,6.894
3175.76,0.639,1.69,6.901
3175.94,0.638,1.695,6.903
3177.3,0.632,1.689,6.922
3177.22,0.631,1.69,6.928
3177.4,0.631,1.693,6.934
3177.58,0.63,1.695,6.937
3177.76,0.633,1.698,6.945
3177.94,0.634,1.695,6.948
3178.13,0.635,1.696,6.952
3178.31,0.634,1.699,6.96
3178.49,0.635,1.695,6.965
3178.67,0.635,1.697,6.968
3184.87,0.627,1.716,7.091
3185.5,0.627,1.715,7.092
3185.23,0.627,1.716,7.094
3185.42,0.627,1.717,7.099
3185.6,0.625,1.721,7.103
3185.78,0.623,1.722,7.104
3185.96,0.625,1.722,7.107
3186.15,0.625,1.725,7.11
3186.33,0.625,1.724,7.113
3186.51,0.626,1.728,7.113
3186.69,0.623,1.735,7.116
3186.87,0.624,1.738,7.117
3187.6,0.627,1.739,7.121
3187.24,0.63,1.739,7.127
3187.42,0.63,1.741,7.133
3187.6,0.628,1.741,7.135
3187.79,0.629,1.741,7.136
3187.97,0.631,1.742,7.14
3188.15,0.63,1.746,7.145
3188.33,0.63,1.747,7.149
3188.52,0.63,1.746,7.151
3188.7,0.631,1.744,7.158
3188.88,0.631,1.744,7.163
3189.6,0.631,1.747,7.167
3189.24,0.632,1.751,7.172
3189.43,0.632,1.75,7.175
3189.61,0.629,1.753,7.178
3189.79,0.63,1.754,7.18
3189.97,0.632,1.756,7.184
3190.16,0.631,1.757,7.188
3190.34,0.63,1.758,7.193
3190.52,0.631,1.758,7.2
3190.7,0.63,1.756,7.202
3190.88,0.631,1.757,7.208
3191.7,0.635,1.76,7.212
3191.25,0.635,1.757,7.215
3192.89,0.641,1.759,7.248
3193.7,0.637,1.76,7.25
3193.25,0.636,1.758,7.253
3193.44,0.637,1.756,7.254
3193.62,0.636,1.757,7.257
3193.8,0.634,1.761,7.261
3193.98,0.634,1.763,7.262
3194.17,0.633,1.765,7.267
3194.35,0.633,1.765,7.271
3194.53,0.633,1.763,7.277
3194.71,0.634,1.764,7.282
3194.89,0.635,1.766,7.284
3195.8,0.637,1.766,7.289
3195.26,0.635,1.765,7.295
3195.44,0.634,1.768,7.295
3195.62,0.633,1.77,7.298
3195.81,0.633,1.769,7.301
3195.99,0.632,1.771,7.306
3196.17,0.634,1.77,7.309
3196.35,0.632,1.771,7.313
3196.53,0.632,1.771,7.318
3196.72,0.635,1.774,7.325
3196.9,0.634,1.773,7.33
3197.8,0.634,1.777,7.334
3197.26,0.639,1.779,7.336
3197.45,0.64,1.78,7.34
3197.63,0.64,1.784,7.339
3197.81,0.637,1.786,7.339
3197.99,0.637,1.786,7.344
3198.18,0.634,1.784,7.353
3198.36,0.635,1.785,7.357
3198.54,0.637,1.787,7.36
3198.72,0.638,1.786,7.364
3198.9,0.637,1.787,7.367
3199.9,0.638,1.789,7.37
3199.27,0.636,1.789,7.373
3199.45,0.637,1.787,7.376
3199.63,0.637,1.783,7.382
3199.82,0.634,1.783,7.383
3200.0,0.631,1.785,7.386
3200.18,0.629,1.784,7.389
3200.36,0.628,1.785,7.389
3200.54,0.629,1.789,7.391
3200.73,0.629,1.788,7.397
3200.91,0.627,1.789,7.402
3201.9,0.626,1.788,7.406
3201.27,0.628,1.79,7.411
3201.46,0.63,1.79,7.417
3201.64,0.63,1.789,7.418
3201.82,0.631,1.793,7.422
3202.0,0.629,1.791,7.426
3202.18,0.631,1.792,7.431
3203.46,0.638,1.793,7.449
3203.64,0.639,1.796,7.451
3203.82,0.638,1.797,7.454
3204.1,0.638,1.796,7.456
3204.19,0.638,1.799,7.464
3204.37,0.64,1.801,7.465
3204.55,0.637,1.802,7.471
3204.74,0.638,1.802,7.478
3204.92,0.64,1.804,7.484
3205.1,0.64,1.804,7.488
3205.28,0.642,1.806,7.49
3205.46,0.641,1.807,7.496
3205.65,0.642,1.808,7.5
3205.83,0.643,1.808,7.501
3206.1,0.643,1.808,7.504
3206.19,0.644,1.808,7.509
3206.38,0.647,1.807,7.513
3206.56,0.648,1.808,7.514
3206.74,0.652,1.805,7.519
3206.92,0.652,1.807,7.522
3207.1,0.654,1.811,7.525
3207.29,0.656,1.812,7.531
3207.47,0.657,1.815,7.535
3207.65,0.656,1.815,7.541
3207.83,0.659,1.818,7.545
3208.2,0.66,1.819,7.547
3208.2,0.66,1.816,7.551
3208.38,0.664,1.817,7.557
3208.56,0.664,1.82,7.56
3208.74,0.665,1.819,7.561
3208.93,0.666,1.818,7.564
3209.11,0.664,1.819,7.569
3209.29,0.668,1.821,7.576
3209.47,0.668,1.82,7.579
3209.66,0.67,1.824,7.582
3209.84,0.669,1.826,7.584
3210.2,0.671,1.828,7.589
3210.2,0.672,1.829,7.594
3210.38,0.672,1.83,7.599
3210.57,0.669,1.828,7.6
3210.75,0.666,1.834,7.602
3210.93,0.664,1.834,7.603
3211.11,0.668,1.835,7.606
3211.3,0.67,1.837,7.61
3211.48,0.67,1.838,7.613
3211.66,0.673,1.839,7.617
3211.84,0.674,1.84,7.619
3212.2,0.676,1.843,7.624
3212.21,0.674,1.845,7.625
3212.39,0.676,1.846,7.627
3212.57,0.677,1.845,7.633
3212.75,0.679,1.843,7.638
3213.85,0.684,1.848,7.656
3214.3,0.682,1.846,7.66
3214.21,0.685,1.85,7.669
3214.39,0.685,1.85,7.671
3214.58,0.684,1.854,7.674
3214.76,0.682,1.854,7.677
3214.94,0.683,1.854,7.679
3215.12,0.685,1.857,7.685
3215.31,0.684,1.858,7.689
3215.49,0.687,1.863,7.687
3215.67,0.686,1.861,7.688
3221.87,0.695,1.885,7.835
3222.5,0.692,1.886,7.837
3222.23,0.69,1.891,7.842
3222.41,0.689,1.894,7.848
3222.6,0.689,1.894,7.85
3222.78,0.69,1.894,7.857
3222.96,0.692,1.894,7.864
3223.14,0.692,1.895,7.869
3223.32,0.694,1.896,7.875
3223.51,0.696,1.897,7.878
3223.69,0.694,1.898,7.882
3223.87,0.692,1.901,7.881
3224.5,0.693,1.904,7.884
3224.24,0.697,1.902,7.888
3224.42,0.697,1.903,7.886
3224.6,0.696,1.904,7.89
3225.33,0.705,1.909,7.909
3225.51,0.703,1.91,7.912
3225.69,0.702,1.908,7.915
3225.88,0.701,1.911,7.918
3226.6,0.7,1.91,7.92
3226.24,0.698,1.909,7.925
3226.42,0.695,1.909,7.927
3226.61,0.694,1.91,7.932
3226.79,0.694,1.912,7.935
3226.97,0.696,1.914,7.938
3227.15,0.694,1.916,7.944
3227.33,0.692,1.918,7.946
3227.52,0.692,1.917,7.948
3227.7,0.693,1.913,7.951
3227.88,0.693,1.912,7.957
3228.6,0.692,1.913,7.962
3228.25,0.69,1.917,7.96
3228.43,0.69,1.916,7.963
3228.61,0.692,1.917,7.969
3228.79,0.688,1.917,7.975
3228.97,0.692,1.92,7.978
3229.16,0.69,1.919,7.982
3229.34,0.69,1.923,7.987
3229.52,0.69,1.924,7.989
3229.7,0.689,1.923,7.995
3229.89,0.689,1.924,8.001
3230.7,0.69,1.926,8.001
3230.25,0.692,1.932,8.002
3230.43,0.694,1.933,8.007
3230.62,0.693,1.932,8.009
3230.8,0.694,1.93,8.01
3230.98,0.697,1.933,8.014
3232.8,0.701,1.941,8.046
3232.98,0.701,1.942,8.05
3233.17,0.702,1.943,8.053
3233.35,0.702,1.945,8.056
3233.53,0.705,1.945,8.06
3233.71,0.701,1.944,8.067
3233.9,0.702,1.944,8.073
3234.8,0.702,1.944,8.079
3234.26,0.703,1.945,8.084
3234.44,0.707,1.946,8.089
3234.62,0.71,1.942,8.094
3234.81,0.713,1.944,8.099
3234.99,0.712,1.945,8.104
3235.17,0.712,1.948,8.105
3235.35,0.713,1.949,8.11
3235.9,0.71,1.955,8.12
3236.8,0.713,1.957,8.126
3236.27,0.716,1.956,8.128
3236.45,0.717,1.958,8.131
3236.63,0.716,1.96,8.133
3236.81,0.717,1.963,8.134
3236.99,0.72,1.965,8.138
3237.18,0.721,1.965,8.14
3237.36,0.72,1.966,8.144
3237.54,0.722,1.97,8.146
3237.72,0.725,1.973,8.148
3237.91,0.725,1.975,8.154
3238.9,0.726,1.978,8.16
3238.27,0.724,1.98,8.164
3238.45,0.725,1.982,8.169
3239.73,0.724,1.992,8.18
3239.91,0.722,1.992,8.184
3240.9,0.725,1.994,8.187
3240.28,0.727,1.996,8.186
3240.46,0.729,1.996,8.19
3240.64,0.728,1.995,8.192
3240.82,0.729,1.996,8.196
3241.0,0.73,1.999,8.202
3241.19,0.732,1.999,8.203
3241.37,0.732,2.002,8.208
3241.55,0.733,2.001,8.211
3241.73,0.729,2.003,8.214
3241.92,0.728,2.002,8.217
3242.1,0.728,2.005,8.221
3242.28,0.731,2.006,8.224
3242.46,0.735,2.005,8.227
3242.64,0.737,2.006,8.232
3242.83,0.737,2.011,8.238
3243.1,0.736,2.012,8.239
3243.19,0.737,2.01,8.243
3243.37,0.737,2.009,8.246
3243.56,0.734,2.013,8.25
3243.74,0.733,2.016,8.255
3243.92,0.736,2.019,8.258
3244.1,0.735,2.019,8.262
3244.29,0.735,2.019,8.265
3244.47,0.737,2.019,8.269
3244.65,0.738,2.018,8.277
3244.83,0.74,2.019,8.279
3245.1,0.741,2.021,8.285
3245.2,0.74,2.023,8.287
3245.38,0.741,2.026,8.292
3245.56,0.741,2.027,8.297
3245.74,0.739,2.027,8.3
3245.93,0.739,2.028,8.303
3246.11,0.738,2.03,8.304
3246.29,0.738,2.029,8.307
3246.47,0.736,2.03,8.31
3246.65,0.736,2.03,8.313
3246.84,0.738,2.032,8.317
3247.2,0.738,2.034,8.317
3247.93,0.74,2.035,8.333
3248.11,0.742,2.032,8.335
3248.3,0.743,2.029,8.34
3248.48,0.743,2.031,8.346
3248.66,0.743,2.035,8.351
3248.84,0.744,2.034,8.356
3249.2,0.745,2.035,8.361
3249.21,0.745,2.036,8.364
3249.39,0.746,2.035,8.368
3249.57,0.748,2.035,8.371
3249.75,0.749,2.039,8.378
3249.94,0.746,2.039,8.382
3250.12,0.746,2.042,8.386
3250.3,0.747,2.043,8.389
3250.48,0.745,2.044,8.392
3250.66,0.746,2.043,8.396
3250.85,0.747,2.044,8.4
3251.3,0.748,2.044,8.405
3251.21,0.75,2.043,8.408
3251.39,0.755,2.046,8.411
3251.58,0.757,2.048,8.417
3251.76,0.756,2.05,8.421
3251.94,0.755,2.05,8.427
3252.12,0.754,2.051,8.433
3252.31,0.757,2.049,8.437
3252.49,0.758,2.049,8.442
3252.67,0.762,2.052,8.443
3252.85,0.765,2.055,8.449
3253.3,0.767,2.054,8.456
3253.22,0.766,2.056,8.46
3253.4,0.765,2.055,8.461
3253.58,0.765,2.056,8.463
3253.76,0.767,2.057,8.466
3253.95,0.768,2.056,8.472
3254.13,0.766,2.057,8.475
3254.31,0.765,2.057,8.48
3254.49,0.766,2.054,8.485
3254.67,0.765,2.055,8.484
3254.86,0.766,2.055,8.489
3255.4,0.766,2.054,8.495
3255.22,0.766,2.058,8.498
3259.6,0.793,2.071,8.573
3259.78,0.794,2.071,8.574
3259.96,0.796,2.075,8.579
3260.14,0.796,2.074,8.583
3260.32,0.796,2.074,8.589
3260.51,0.794,2.073,8.593
3260.69,0.794,2.071,8.594
3260.87,0.795,2.074,8.6
3261.5,0.795,2.074,8.604
3261.24,0.797,2.074,8.61
3261.42,0.799,2.074,8.615
3261.6,0.799,2.076,8.618
3261.78,0.797,2.076,8.619
3261.96,0.798,2.075,8.622
3262.15,0.799,2.074,8.623
3262.33,0.805,2.074,8.628
3262.51,0.807,2.073,8.632
3262.69,0.809,2.075,8.634
3262.88,0.809,2.075,8.639
3263.6,0.809,2.076,8.644
3263.24,0.81,2.076,8.646
3263.42,0.812,2.075,8.648
3263.61,0.812,2.073,8.65
3263.79,0.812,2.071,8.654
3263.97,0.812,2.073,8.656
3264.15,0.811,2.071,8.656
3264.33,0.81,2.073,8.656
3264.52,0.808,2.075,8.658
3264.7,0.806,2.075,8.661
3264.88,0.805,2.076,8.666
3265.6,0.805,2.077,8.671
3265.25,0.808,2.078,8.681
3265.43,0.809,2.076,8.685
3265.61,0.808,2.074,8.69
3265.79,0.808,2.075,8.697
3265.98,0.808,2.076,8.701
3266.16,0.811,2.076,8.704
3266.34,0.812,2.076,8.709
3266.52,0.812,2.077,8.71
3266.7,0.81,2.078,8.709
3266.89,0.809,2.078,8.711
3267.7,0.811,2.078,8.714
3267.25,0.813,2.077,8.718
3267.43,0.814,2.079,8.722
3267.62,0.812,2.081,8.725
3267.8,0.814,2.084,8.731
3267.98,0.812,2.082,8.732
3268.16,0.815,2.083,8.735
3268.34,0.814,2.085,8.739
3268.53,0.817,2.087,8.741
3268.71,0.815,2.087,8.747
3268.89,0.816,2.089,8.75
3269.7,0.816,2.09,8.754
3269.26,0.819,2.091,8.76
3269.44,0.821,2.093,8.766
3269.62,0.822,2.096,8.767
3269.8,0.821,2.095,8.77
3269.98,0.823,2.098,8.776
3270.17,0.819,2.095,8.781
3270.35,0.82,2.096,8.783
3270.53,0.82,2.098,8.787
3270.71,0.821,2.097,8.792
3270.9,0.823,2.096,8.797
3271.8,0.824,2.096,8.801
3271.26,0.823,2.098,8.803
3271.44,0.822,2.098,8.807
3271.63,0.821,2.102,8.809
3271.81,0.818,2.106,8.81
3271.99,0.816,2.112,8.814
3272.17,0.815,2.115,8.813
3272.35,0.814,2.117,8.814
3272.54,0.814,2.118,8.812
3272.72,0.814,2.12,8.814
3272.9,0.814,2.122,8.821
3273.8,0.813,2.125,8.825
3273.27,0.814,2.128,8.829
3273.45,0.814,2.128,8.835
3273.63,0.812,2.126,8.84
3273.81,0.812,2.126,8.847
3273.99,0.812,2.129,8.847
3274.18,0.814,2.133,8.847
3274.36,0.812,2.132,8.847
3274.54,0.812,2.132,8.848
3274.72,0.81,2.132,8.851
3274.91,0.809,2.131,8.852
3275.9,0.809,2.129,8.855
3275.27,0.807,2.132,8.859
3275.45,0.808,2.134,8.857
3275.63,0.808,2.134,8.86
3275.82,0.808,2.136,8.865
3276.0,0.808,2.141,8.869
3276.18,0.807,2.145,8.872
3276.36,0.806,2.146,8.874
3276.55,0.807,2.146,8.876
3276.73,0.81,2.146,8.879
3276.91,0.807,2.149,8.885
3277.9,0.807,2.149,8.89
3277.27,0.806,2.151,8.892
3277.46,0.808,2.151,8.895
3278.37,0.806,2.16,8.911
3278.55,0.808,2.159,8.909
3278.73,0.809,2.16,8.912
3278.91,0.81,2.161,8.916
3279.1,0.812,2.163,8.917
3279.28,0.809,2.167,8.92
3279.46,0.811,2.167,8.92
3279.64,0.814,2.171,8.926
3279.83,0.814,2.175,8.931
3280.1,0.814,2.179,8.935
3286.2,0.796,2.232,9.091
3286.39,0.793,2.231,9.097
3286.57,0.792,2.226,9.098
3286.75,0.792,2.229,9.1
3286.93,0.79,2.227,9.104
3287.12,0.791,2.227,9.107
3287.3,0.792,2.225,9.114
3287.48,0.792,2.226,9.116
3287.66,0.792,2.226,9.117
3287.85,0.793,2.226,9.12
3288.3,0.79,2.222,9.126
3288.21,0.791,2.226,9.135
3288.39,0.791,2.223,9.132
3288.57,0.792,2.222,9.134
3288.76,0.795,2.219,9.135
3288.94,0.794,2.22,9.138
3289.12,0.796,2.217,9.138
3289.3,0.799,2.218,9.139
3289.49,0.797,2.217,9.14
3289.67,0.798,2.218,9.144
3289.85,0.798,2.22,9.147
3290.3,0.803,2.225,9.149
3290.21,0.802,2.222,9.145
3290.4,0.806,2.223,9.149
3290.58,0.806,2.224,9.154
3290.76,0.806,2.223,9.153
3290.94,0.809,2.227,9.155
3291.13,0.808,2.224,9.156
3291.31,0.812,2.229,9.162
3291.49,0.811,2.232,9.164
3291.67,0.809,2.229,9.168
3291.86,0.811,2.23,9.172
3292.4,0.807,2.228,9.178
3292.22,0.808,2.228,9.184
3292.4,0.806,2.224,9.183
3292.58,0.808,2.227,9.19
3292.77,0.806,2.224,9.193
3292.95,0.806,2.227,9.196
3293.13,0.803,2.226,9.2
3293.31,0.803,2.226,9.204
3293.5,0.806,2.227,9.211
3293.68,0.804,2.224,9.213
3293.86,0.805,2.227,9.217
3294.4,0.804,2.225,9.218
3294.22,0.807,2.227,9.223
3294.41,0.807,2.226,9.226
3294.59,0.805,2.23,9.23
3294.77,0.804,2.23,9.233
3294.95,0.807,2.233,9.238
3295.14,0.811,2.234,9.244
3295.32,0.81,2.237,9.25
3295.5,0.807,2.237,9.25
3295.68,0.807,2.238,9.252
3295.87,0.806,2.239,9.256
3296.5,0.807,2.241,9.261
3296.23,0.81,2.242,9.266
3296.41,0.81,2.245,9.27
3296.59,0.813,2.246,9.274
3296.78,0.814,2.244,9.276
3296.96,0.816,2.248,9.283
3297.14,0.817,2.25,9.285
3298.23,0.82,2.256,9.305
3298.42,0.822,2.253,9.307
3298.6,0.821,2.255,9.31
3298.78,0.822,2.257,9.316
3298.96,0.823,2.258,9.319
3299.15,0.826,2.261,9.323
3299.33,0.826,2.259,9.329
3299.51,0.825,2.261,9.332
3299.69,0.826,2.261,9.336
3299.87,0.826,2.263,9.34
3300.6,0.826,2.264,9.341
3300.24,0.826,2.266,9.343
3300.42,0.826,2.266,9.35
3300.6,0.825,2.268,9.354
3300.79,0.825,2.268,9.356
3300.97,0.823,2.272,9.36
3301.15,0.823,2.273,9.361
3301.33,0.825,2.27,9.364
3301.52,0.825,2.271,9.365
3301.7,0.826,2.275,9.369
3301.88,0.827,2.276,9.371
3302.6,0.828,2.277,9.377
3302.24,0.829,2.279,9.381
3302.43,0.826,2.282,9.383
3302.61,0.826,2.283,9.387
3302.79,0.828,2.283,9.391
3302.97,0.829,2.282,9.393
3303.16,0.829,2.282,9.397
3303.34,0.834,2.279,9.4
3303.52,0.834,2.279,9.402
3304.25,0.835,2.276,9.416
3304.43,0.836,2.279,9.419
3304.61,0.839,2.281,9.425
3304.8,0.842,2.283,9.428
3304.98,0.842,2.284,9.43
3305.16,0.844,2.284,9.435
3305.34,0.843,2.282,9.44
3305.53,0.845,2.281,9.447
3305.71,0.849,2.283,9.454
3305.89,0.849,2.284,9.458
3311.36,0.868,2.322,9.56
3311.54,0.867,2.321,9.565
3311.72,0.867,2.321,9.57
3311.9,0.867,2.32,9.572
3312.9,0.867,2.322,9.577
3312.27,0.865,2.321,9.581
3312.45,0.863,2.321,9.586
3312.63,0.863,2.32,9.588
3312.82,0.865,2.32,9.597
3313.0,0.867,2.32,9.6
3313.18,0.87,2.32,9.603
3313.36,0.871,2.32,9.608
3313.54,0.872,2.319,9.612
3313.73,0.873,2.319,9.615
3313.91,0.874,2.322,9.618
3314.9,0.874,2.321,9.624
3314.27,0.876,2.324,9.63
3314.46,0.877,2.324,9.633
3314.64,0.878,2.323,9.637
3314.82,0.876,2.323,9.642
3315.0,0.875,2.321,9.646
3315.18,0.877,2.32,9.652
3315.37,0.878,2.32,9.653
3315.55,0.88,2.322,9.653
3315.73,0.882,2.321,9.657
3315.91,0.881,2.32,9.659
3316.1,0.881,2.32,9.664
3316.28,0.884,2.323,9.668
3316.46,0.882,2.325,9.672
3316.64,0.884,2.324,9.675
3316.83,0.885,2.325,9.679
3317.1,0.884,2.325,9.684
3317.19,0.884,2.324,9.688
3317.37,0.881,2.321,9.688
3317.55,0.88,2.317,9.695
3317.74,0.881,2.315,9.703
3317.92,0.883,2.316,9.707
3319.19,0.885,2.318,9.738
3319.38,0.886,2.318,9.746
3319.56,0.885,2.317,9.751
3319.74,0.886,2.318,9.753
3319.92,0.887,2.32,9.757
3320.11,0.888,2.319,9.76
3320.29,0.886,2.317,9.765
3320.47,0.887,2.315,9.772
3320.65,0.887,2.315,9.775
3320.83,0.888,2.313,9.778
3321.2,0.888,2.315,9.784
3326.49,0.883,2.346,9.906
3326.67,0.884,2.348,9.911
3326.85,0.885,2.345,9.915
3327.3,0.888,2.349,9.917
3327.21,0.886,2.35,9.923
3327.4,0.886,2.35,9.926
3327.58,0.886,2.351,9.93
3327.76,0.888,2.352,9.933
3327.94,0.887,2.352,9.937
3328.13,0.885,2.352,9.939
3328.31,0.888,2.355,9.943
3328.49,0.889,2.356,9.946
3328.67,0.889,2.358,9.952
3328.85,0.89,2.358,9.956
3329.4,0.892,2.36,9.958
3329.22,0.892,2.36,9.964
3329.4,0.895,2.359,9.968
3329.58,0.895,2.36,9.97
3329.77,0.896,2.361,9.974
3329.95,0.897,2.359,9.979
3330.13,0.898,2.36,9.984
3330.31,0.899,2.358,9.988
3330.49,0.897,2.358,9.992
3330.68,0.9,2.359,9.998
3330.86,0.901,2.362,9.997
3331.4,0.899,2.363,10.002
3331.22,0.903,2.364,10.005
3331.41,0.9,2.366,10.009
3331.59,0.896,2.366,10.014
3331.77,0.897,2.367,10.018
3331.95,0.895,2.364,10.023
3332.13,0.897,2.368,10.028
3332.32,0.899,2.368,10.027
3332.5,0.901,2.367,10.032
3332.68,0.905,2.37,10.035
3332.86,0.904,2.37,10.039
3333.5,0.901,2.368,10.045
3333.23,0.902,2.37,10.053
3333.41,0.903,2.37,10.053
3333.59,0.904,2.37,10.054
3333.77,0.908,2.371,10.058
3333.96,0.908,2.373,10.059
3334.14,0.909,2.376,10.062
3334.32,0.909,2.374,10.065
3334.5,0.909,2.374,10.067
3334.69,0.91,2.375,10.067
3334.87,0.911,2.38,10.07
3335.5,0.911,2.382,10.071
3335.23,0.913,2.38,10.075
3335.42,0.911,2.383,10.079
3335.6,0.913,2.384,10.084
3335.78,0.914,2.384,10.09
3335.96,0.916,2.383,10.095
3336.14,0.918,2.382,10.101
3336.33,0.918,2.384,10.107
3336.51,0.918,2.387,10.105
3336.69,0.916,2.387,10.108
3336.87,0.918,2.383,10.113
3337.6,0.918,2.382,10.115
3337.24,0.92,2.382,10.116
3337.42,0.918,2.382,10.125
3337.6,0.915,2.384,10.131
3337.78,0.913,2.386,10.133
3341.79,0.903,2.401,10.205
3341.98,0.902,2.404,10.21
3342.16,0.902,2.407,10.213
3342.34,0.901,2.41,10.213
3342.52,0.898,2.41,10.217
3342.71,0.896,2.411,10.222
3342.89,0.896,2.413,10.228
3343.7,0.895,2.413,10.236
3343.25,0.895,2.417,10.239
3343.43,0.896,2.419,10.244
3343.62,0.899,2.42,10.248
3343.8,0.901,2.419,10.254
3343.98,0.902,2.419,10.257
3344.16,0.902,2.42,10.261
3344.35,0.902,2.42,10.262
3344.53,0.903,2.425,10.266
3344.71,0.905,2.424,10.271
3344.89,0.905,2.428,10.277
3345.7,0.906,2.428,10.28
3345.26,0.908,2.432,10.284
3345.44,0.909,2.432,10.289
3345.99,0.909,2.443,10.303
3346.17,0.909,2.443,10.309
3346.35,0.905,2.44,10.315
3346.53,0.904,2.44,10.318
3346.72,0.904,2.441,10.32
3346.9,0.902,2.442,10.325
3347.8,0.902,2.444,10.328
3347.26,0.901,2.446,10.329
3347.44,0.899,2.448,10.332
3347.63,0.898,2.449,10.333
3347.81,0.898,2.449,10.34
3347.99,0.896,2.451,10.343
3348.17,0.895,2.453,10.346
3348.36,0.897,2.452,10.351
3348.54,0.896,2.453,10.353
3348.72,0.896,2.454,10.358
3350.18,0.909,2.459,10.39
3350.36,0.912,2.459,10.393
3350.54,0.908,2.46,10.4
3350.72,0.908,2.459,10.407
3350.91,0.909,2.458,10.412
3351.9,0.909,2.457,10.417
3351.27,0.909,2.457,10.416
3351.45,0.906,2.46,10.42
3351.64,0.905,2.461,10.421
3351.82,0.911,2.465,10.425
3352.0,0.913,2.465,10.43
3352.18,0.913,2.468,10.431
3352.37,0.916,2.469,10.433
3352.55,0.916,2.467,10.434
3352.73,0.915,2.466,10.44
3352.91,0.914,2.465,10.442
3353.9,0.917,2.468,10.449
3353.28,0.917,2.471,10.451
3353.46,0.919,2.472,10.45
3353.64,0.919,2.473,10.455
3353.82,0.919,2.476,10.458
3354.1,0.918,2.479,10.46
3354.19,0.921,2.483,10.462
3354.37,0.92,2.484,10.462
3354.55,0.919,2.485,10.462
3354.73,0.918,2.489,10.46
3354.92,0.919,2.488,10.459
3355.1,0.918,2.491,10.462
3355.28,0.914,2.493,10.465
3355.46,0.914,2.493,10.47
3355.65,0.915,2.493,10.472
3355.83,0.914,2.495,10.476
3356.1,0.914,2.497,10.478
3356.19,0.913,2.5,10.481
3356.37,0.913,2.502,10.486
3356.56,0.913,2.504,10.49
3356.74,0.915,2.506,10.491
3356.92,0.912,2.507,10.494
3357.1,0.914,2.51,10.502
3357.29,0.913,2.51,10.508
3357.47,0.916,2.512,10.515
3357.65,0.915,2.514,10.519
3357.83,0.916,2.515,10.521
3358.2,0.919,2.515,10.522
3358.2,0.918,2.518,10.526
3358.38,0.919,2.521,10.532
3358.56,0.921,2.524,10.533
3358.74,0.924,2.525,10.534
3358.93,0.923,2.525,10.536
3359.11,0.923,2.523,10.539
3359.29,0.927,2.524,10.542
3359.47,0.925,2.523,10.544
3359.66,0.927,2.524,10.551
3359.84,0.929,2.525,10.557
3360.2,0.928,2.526,10.561
3360.2,0.93,2.527,10.564
3360.38,0.929,2.525,10.57
3360.57,0.931,2.526,10.572
3360.75,0.931,2.527,10.57
3360.93,0.93,2.528,10.573
3361.11,0.933,2.527,10.581
3361.3,0.931,2.528,10.584
3361.48,0.93,2.527,10.59
3361.66,0.932,2.525,10.593
3361.84,0.932,2.527,10.595
3362.2,0.932,2.529,10.597
3362.21,0.931,2.53,10.601
3362.39,0.928,2.53,10.604
3362.57,0.928,2.532,10.607
3362.75,0.929,2.531,10.61
3362.94,0.928,2.531,10.615
3363.12,0.929,2.533,10.615
3363.3,0.93,2.534,10.618
3363.48,0.93,2.533,10.623
3363.67,0.928,2.537,10.628
3363.85,0.927,2.538,10.63
3364.3,0.925,2.542,10.635
3364.21,0.926,2.545,10.64
3364.39,0.925,2.545,10.644
3364.58,0.926,2.545,10.648
3364.76,0.925,2.545,10.651
3364.94,0.926,2.546,10.652
3365.12,0.927,2.548,10.654
3365.31,0.927,2.547,10.656
3365.49,0.925,2.551,10.661
3365.67,0.927,2.554,10.664
3365.85,0.926,2.554,10.664
3366.4,0.925,2.553,10.668
3366.22,0.925,2.554,10.672
3366.4,0.925,2.555,10.678
3366.58,0.928,2.557,10.681
3366.76,0.933,2.555,10.689
3366.95,0.934,2.558,10.698
3367.13,0.934,2.56,10.7
3367.31,0.933,2.557,10.707
3367.49,0.932,2.558,10.711
3367.68,0.933,2.557,10.717
3367.86,0.936,2.558,10.721
3368.4,0.935,2.559,10.723
3368.22,0.934,2.561,10.727
3368.4,0.936,2.564,10.729
3370.77,0.944,2.576,10.781
3370.96,0.945,2.574,10.784
3371.14,0.947,2.574,10.789
3371.32,0.946,2.575,10.791
3371.5,0.948,2.58,10.793
3371.69,0.948,2.579,10.799
3371.87,0.952,2.577,10.8
3372.5,0.953,2.578,10.804
3372.23,0.954,2.581,10.807
3372.41,0.955,2.58,10.807
3372.6,0.954,2.581,10.808
3378.61,0.997,2.615,10.937
3378.79,1.003,2.615,10.941
3378.98,1.005,2.617,10.944
3379.16,1.006,2.618,10.943
3379.34,1.008,2.616,10.946
3379.52,1.012,2.612,10.949
3379.71,1.014,2.614,10.953
3379.89,1.016,2.612,10.957
3380.7,1.014,2.611,10.959
3380.25,1.016,2.613,10.965
3380.43,1.015,2.615,10.97
3380.62,1.016,2.612,10.973
3380.8,1.016,2.61,10.975
3380.98,1.018,2.609,10.976
3381.16,1.019,2.612,10.976
3382.44,1.029,2.62,11.007
3382.62,1.028,2.618,11.008
3382.8,1.029,2.618,11.011
3382.99,1.029,2.615,11.015
3383.17,1.03,2.616,11.017
3383.35,1.032,2.615,11.024
3383.53,1.03,2.616,11.026
3383.72,1.031,2.62,11.03
3383.9,1.03,2.618,11.035
3384.8,1.032,2.62,11.036
3384.26,1.033,2.623,11.037
3384.45,1.032,2.626,11.041
3384.63,1.029,2.628,11.045
3384.81,1.03,2.627,11.049
3384.99,1.033,2.627,11.051
3385.17,1.031,2.629,11.056
3385.36,1.029,2.631,11.056
3385.54,1.029,2.63,11.059
3385.72,1.03,2.632,11.062
3385.9,1.033,2.633,11.063
3386.9,1.033,2.635,11.066
3386.27,1.034,2.637,11.072
3386.45,1.036,2.639,11.075
3386.63,1.034,2.643,11.079
3386.82,1.034,2.645,11.084
3387.0,1.037,2.647,11.087
3387.18,1.038,2.647,11.087
3387.36,1.038,2.644,11.093
3387.54,1.037,2.645,11.098
3387.73,1.038,2.645,11.104
3387.91,1.033,2.645,11.106
3388.9,1.031,2.643,11.111
3388.27,1.028,2.646,11.115
3388.46,1.029,2.647,11.116
3388.64,1.031,2.649,11.116
3388.82,1.034,2.646,11.119
3389.0,1.031,2.646,11.124
3389.18,1.033,2.644,11.127
3389.37,1.036,2.641,11.132
3389.55,1.036,2.643,11.137
3389.73,1.039,2.646,11.14
3389.91,1.04,2.642,11.143
3390.1,1.041,2.643,11.148
3390.28,1.041,2.642,11.153
3390.46,1.043,2.642,11.16
3390.64,1.043,2.637,11.163
3390.83,1.044,2.642,11.171
3391.1,1.04,2.641,11.174
3391.19,1.041,2.643,11.179
3391.37,1.042,2.646,11.18
3391.55,1.043,2.647,11.182
3391.74,1.044,2.648,11.182
3391.92,1.04,2.646,11.183
3392.1,1.041,2.646,11.185
3392.28,1.039,2.651,11.186
3392.47,1.04,2.652,11.193
3392.65,1.04,2.652,11.194
3392.83,1.041,2.654,11.197
3393.1,1.041,2.653,11.197
3393.2,1.042,2.655,11.201
3393.38,1.044,2.651,11.2
3393.56,1.046,2.654,11.203
3393.74,1.046,2.656,11.202
3393.92,1.048,2.659,11.21
3394.11,1.048,2.661,11.213
3394.29,1.044,2.659,11.217
3394.47,1.045,2.662,11.22
3394.65,1.045,2.663,11.228
3394.84,1.044,2.656,11.229
3395.2,1.048,2.66,11.234
3395.2,1.048,2.658,11.236
3395.38,1.049,2.659,11.24
3395.57,1.049,2.664,11.245
3395.75,1.048,2.663,11.249
3395.93,1.051,2.667,11.256
3396.11,1.051,2.666,11.259
3396.29,1.055,2.67,11.266
3396.48,1.057,2.67,11.271
3396.66,1.057,2.67,11.275
3396.84,1.057,2.672,11.281
3397.2,1.057,2.67,11.281
3397.21,1.056,2.672,11.284
3397.39,1.057,2.671,11.287
3397.57,1.059,2.67,11.289
3397.75,1.062,2.671,11.293
3397.93,1.063,2.672,11.297
3398.12,1.065,2.671,11.303
3398.3,1.067,2.669,11.308
3398.48,1.071,2.673,11.313
3398.66,1.069,2.669,11.314
3398.85,1.077,2.674,11.319
3399.3,1.069,2.672,11.318
3399.21,1.069,2.673,11.323
3399.39,1.064,2.675,11.328
3399.57,1.067,2.676,11.33
3399.76,1.069,2.673,11.332
3399.94,1.076,2.674,11.336
3400.12,1.071,2.677,11.339
3400.3,1.072,2.681,11.349
3400.49,1.072,2.676,11.351
3400.67,1.073,2.678,11.351
3400.85,1.075,2.679,11.352
3401.3,1.074,2.682,11.355
3401.21,1.077,2.683,11.357
3401.4,1.077,2.687,11.362
3401.58,1.077,2.684,11.367
3401.76,1.079,2.687,11.37
3401.94,1.084,2.689,11.378
3402.13,1.082,2.692,11.381
3402.31,1.082,2.689,11.385
3402.49,1.088,2.691,11.39
3402.67,1.087,2.689,11.394
3402.86,1.085,2.691,11.399
3403.4,1.084,2.692,11.401
3403.22,1.081,2.693,11.405
3403.4,1.081,2.694,11.406
3403.58,1.082,2.692,11.407
3403.77,1.078,2.695,11.409
3403.95,1.078,2.694,11.409
3404.13,1.078,2.694,11.413
3404.31,1.08,2.697,11.419
3404.5,1.084,2.698,11.422
3404.68,1.083,2.699,11.426
3404.86,1.085,2.702,11.432
3405.4,1.084,2.703,11.434
3405.22,1.085,2.702,11.438
3405.41,1.085,2.704,11.44
3405.59,1.084,2.703,11.443
3405.77,1.085,2.702,11.447
3405.95,1.088,2.702,11.452
3406.14,1.09,2.704,11.455
3406.32,1.093,2.705,11.457
3406.5,1.096,2.709,11.459
3406.68,1.099,2.71,11.465
3406.87,1.098,2.714,11.467
3407.5,1.097,2.717,11.471
3407.23,1.098,2.719,11.471
3407.41,1.095,2.724,11.474
3407.59,1.097,2.726,11.479
3407.78,1.099,2.725,11.483
3407.96,1.1,2.725,11.487
3408.14,1.098,2.726,11.489
3408.32,1.096,2.725,11.494
3408.51,1.096,2.726,11.5
3408.69,1.097,2.728,11.503
3408.87,1.097,2.727,11.509
3409.5,1.095,2.727,11.511
3409.23,1.096,2.727,11.516
3409.42,1.095,2.73,11.521
3409.6,1.096,2.733,11.527
3409.78,1.096,2.734,11.532
3409.96,1.094,2.733,11.537
3410.15,1.096,2.731,11.542
3410.33,1.096,2.733,11.546
3410.51,1.095,2.734,11.552
3410.69,1.099,2.732,11.556
3410.88,1.098,2.733,11.564
3411.6,1.1,2.734,11.567
3411.24,1.103,2.736,11.569
3411.42,1.101,2.734,11.567
3411.6,1.103,2.735,11.571
3411.79,1.103,2.735,11.574
3411.97,1.106,2.735,11.58
3412.15,1.105,2.733,11.58
3412.33,1.103,2.735,11.584
3412.52,1.102,2.736,11.59
3412.7,1.101,2.736,11.592
3412.88,-0.0,-0.0,-0.0
3413.6,0.001,0.002,0.0
3413.24,-0.0,0.001,0.0
3413.43,-0.001,0.005,0.0
3413.61,0.001,0.007,0.002
3413.79,0.0,0.009,0.005
3413.97,0.002,0.011,0.009
3414.16,0.001,0.011,0.016
3414.34,-0.0,0.011,0.02
3414.52,-0.001,0.012,0.023
3414.7,-0.004,0.012,0.031
3414.89,-0.006,0.014,0.034
3415.7,-0.004,0.014,0.038
3415.25,-0.007,0.016,0.043
3415.43,-0.011,0.016,0.046
3415.61,-0.01,0.021,0.055
3415.8,-0.011,0.022,0.06
3415.98,-0.007,0.027,0.066
3417.26,-0.003,0.031,0.097
3417.44,-0.007,0.035,0.098
3417.62,-0.006,0.036,0.101
3417.8,-0.007,0.04,0.103
3417.98,-0.009,0.038,0.106
3418.17,-0.008,0.038,0.111
3418.35,-0.007,0.037,0.114
3418.53,-0.008,0.038,0.115
3418.71,-0.009,0.037,0.117
3418.9,-0.004,0.037,0.122
3419.8,-0.004,0.037,0.121
3419.26,-0.003,0.038,0.125
3419.44,-0.001,0.04,0.128
3419.62,0.001,0.042,0.132
3419.81,0.001,0.04,0.136
3419.99,0.0,0.041,0.14
3420.17,0.0,0.043,0.141
3420.35,0.002,0.041,0.145
3420.54,0.001,0.042,0.149
3420.72,0.003,0.043,0.15
3420.9,0.002,0.042,0.152
3421.8,0.001,0.043,0.155
3421.27,-0.0,0.041,0.16
3421.45,-0.0,0.042,0.165
3421.63,-0.001,0.045,0.168
3421.81,-0.001,0.046,0.172
3421.99,0.002,0.048,0.177
3422.18,0.005,0.05,0.176
3422.36,0.004,0.05,0.179
3422.54,0.004,0.049,0.18
3422.72,0.003,0.054,0.185
3422.91,0.006,0.052,0.186
3424.18,0.003,0.051,0.211
3424.36,0.002,0.052,0.215
3424.55,0.005,0.051,0.221
3424.73,0.002,0.053,0.228
3424.91,0.005,0.053,0.234
3425.9,0.005,0.054,0.239
3425.28,0.007,0.057,0.242
3425.46,0.008,0.058,0.244
3425.64,0.009,0.063,0.25
3425.82,0.009,0.063,0.256
3426.0,0.01,0.06,0.261
3426.19,0.012,0.062,0.267
3426.37,0.008,0.064,0.273
3426.55,0.007,0.064,0.279
3426.73,0.006,0.063,0.284
3426.92,0.006,0.063,0.286
3427.1,0.007,0.063,0.292
3427.28,0.009,0.062,0.296
3427.46,0.011,0.062,0.301
3427.64,0.009,0.063,0.306
3427.83,0.008,0.065,0.304
3428.1,0.01,0.063,0.304
3428.19,0.012,0.064,0.309
3428.37,0.014,0.066,0.312
3428.56,0.014,0.067,0.317
3428.74,0.015,0.07,0.324
3428.92,0.014,0.073,0.332
3429.1,0.012,0.075,0.336
3429.28,0.015,0.078,0.339
3429.47,0.016,0.076,0.339
3429.65,0.017,0.079,0.345
3429.83,0.018,0.08,0.35
3430.1,0.019,0.083,0.353
3430.2,0.019,0.083,0.357
3430.38,0.02,0.081,0.36
3430.56,0.018,0.083,0.362
3430.74,0.016,0.083,0.365
3430.93,0.016,0.084,0.372
3431.11,0.014,0.085,0.378
3431.29,0.016,0.084,0.382
3431.47,0.019,0.082,0.381
3431.65,0.021,0.079,0.382
3431.84,0.021,0.081,0.384
3432.2,0.022,0.079,0.391
3432.2,0.022,0.08,0.394
3432.38,0.022,0.081,0.394
3432.57,0.019,0.084,0.397
3432.75,0.02,0.085,0.4
3432.93,0.02,0.088,0.402
3433.11,0.021,0.088,0.404
3433.29,0.022,0.092,0.407
3433.48,0.022,0.093,0.411
3433.66,0.023,0.098,0.414
3433.84,0.026,0.098,0.415
3434.2,0.024,0.1,0.421
3434.21,0.022,0.1,0.425
3434.39,0.021,0.104,0.428
3434.57,0.022,0.105,0.433
3436.39,0.024,0.116,0.479
3436.58,0.023,0.113,0.482
3436.76,0.027,0.114,0.489
3436.94,0.026,0.111,0.488
3437.12,0.025,0.114,0.49
3437.3,0.025,0.115,0.492
3437.49,0.026,0.115,0.495
3437.67,0.026,0.121,0.501
3437.85,0.026,0.121,0.504
3438.3,0.026,0.122,0.509
3438.22,0.027,0.122,0.511
3438.4,0.027,0.122,0.514
3438.58,0.027,0.122,0.517
3438.76,0.028,0.124,0.52
3438.94,0.026,0.122,0.527
3439.13,0.026,0.122,0.53
3439.31,0.027,0.125,0.533
3439.49,0.027,0.128,0.539
3439.67,0.027,0.13,0.538
3439.86,0.026,0.129,0.546
3440.4,0.028,0.129,0.546
3440.22,0.027,0.131,0.548
3440.4,0.027,0.132,0.55
3440.58,0.026,0.134,0.553
3440.77,0.025,0.133,0.556
3440.95,0.025,0.131,0.557
3441.13,0.026,0.133,0.564
3441.31,0.025,0.132,0.569
3441.5,0.026,0.133,0.574
3445.51,0.032,0.145,0.66
3445.69,0.034,0.147,0.666
3445.87,0.033,0.149,0.672
3446.5,0.031,0.149,0.677
3446.24,0.031,0.15,0.683
3446.42,0.029,0.149,0.687
3446.6,0.03,0.155,0.692
3446.78,0.027,0.153,0.695
3446.96,0.029,0.154,0.701
3447.15,0.029,0.152,0.705
3447.33,0.03,0.155,0.706
3447.51,0.034,0.153,0.713
3447.69,0.036,0.153,0.719
3447.88,0.036,0.154,0.726
3448.6,0.037,0.155,0.73
3448.24,0.039,0.155,0.734
3448.42,0.041,0.155,0.739
3448.6,0.04,0.155,0.743
3448.79,0.041,0.156,0.747
3448.97,0.041,0.154,0.75
3449.15,0.041,0.153,0.752
3449.33,0.04,0.152,0.755
3449.52,0.041,0.154,0.757
3449.7,0.041,0.155,0.76
3449.88,0.042,0.155,0.764
3450.6,0.045,0.157,0.769
3450.24,0.043,0.159,0.776
3450.43,0.043,0.156,0.784
3450.61,0.045,0.154,0.787
3450.79,0.047,0.157,0.791
3450.97,0.046,0.159,0.796
3451.16,0.044,0.161,0.799
3451.34,0.045,0.167,0.804
3451.52,0.041,0.169,0.809
3451.7,0.042,0.172,0.812
3451.89,0.043,0.173,0.819
3452.7,0.045,0.177,0.825
3452.25,0.046,0.18,0.83
3452.43,0.049,0.181,0.834
3452.61,0.051,0.187,0.84
3452.8,0.051,0.191,0.847
3452.98,0.051,0.193,0.851
3453.16,0.048,0.197,0.853
3453.34,0.046,0.192,0.856
3453.53,0.048,0.195,0.858
3453.71,0.051,0.197,0.862
3453.89,0.047,0.201,0.864
3455.17,0.051,0.211,0.887
3455.35,0.052,0.211,0.891
3455.53,0.052,0.213,0.895
3455.71,0.052,0.212,0.899
3455.9,0.056,0.214,0.903
3456.8,0.06,0.215,0.907
3456.26,0.059,0.213,0.914
3456.44,0.063,0.214,0.916
3456.62,0.063,0.216,0.918
3456.81,0.064,0.221,0.922
3456.99,0.066,0.226,0.922
3457.17,0.067,0.225,0.924
3457.35,0.065,0.224,0.928
3457.54,0.065,0.223,0.934
3457.72,0.065,0.227,0.939
3457.9,0.066,0.228,0.942
3458.8,0.067,0.228,0.946
3458.26,0.063,0.229,0.952
3458.45,0.064,0.231,0.957
3458.63,0.064,0.232,0.96
3458.81,0.063,0.229,0.965
3458.99,0.064,0.231,0.971
3459.18,0.065,0.234,0.974
3459.36,0.063,0.235,0.975
3459.54,0.065,0.237,0.978
3459.72,0.07,0.238,0.98
3459.9,0.069,0.239,0.984
3460.9,0.069,0.238,0.989
3460.27,0.069,0.24,0.994
3460.45,0.071,0.24,0.998
3460.63,0.073,0.241,0.999
3460.82,0.073,0.242,1.0
3461.0,0.074,0.241,1.006
3461.18,0.074,0.242,1.008
3461.36,0.072,0.24,1.012
3461.55,0.074,0.24,1.016
3461.73,0.076,0.24,1.021
3461.91,0.077,0.241,1.026
3462.9,0.076,0.242,1.031
3462.27,0.077,0.24,1.035
3462.46,0.078,0.241,1.043
3462.64,0.076,0.241,1.046
3464.1,0.079,0.253,1.079
3464.28,0.077,0.257,1.088
3464.46,0.077,0.257,1.091
3464.64,0.078,0.26,1.094
3464.83,0.078,0.264,1.099
3465.1,0.078,0.268,1.105
3465.19,0.078,0.27,1.105
3465.37,0.078,0.271,1.109
3465.55,0.075,0.272,1.112
3465.74,0.07,0.272,1.117
3465.92,0.069,0.273,1.118
3466.1,0.067,0.274,1.12
3466.28,0.068,0.273,1.123
3466.47,0.07,0.276,1.128
3466.65,0.068,0.278,1.131
3466.83,0.068,0.276,1.136
3467.1,0.062,0.275,1.137
3467.2,0.062,0.274,1.141
3467.38,0.06,0.274,1.143
3467.56,0.063,0.273,1.147
3467.74,0.064,0.274,1.15
3467.92,0.063,0.272,1.156
3468.11,0.064,0.272,1.161
3468.29,0.062,0.272,1.165
3468.47,0.061,0.273,1.167
3468.65,0.06,0.274,1.168
3468.84,0.06,0.272,1.171
3469.2,0.06,0.27,1.174
3469.2,0.059,0.268,1.175
3469.38,0.06,0.266,1.176
3469.56,0.06,0.267,1.178
3469.75,0.061,0.269,1.179
3469.93,0.061,0.269,1.184
3470.11,0.062,0.271,1.188
3470.29,0.061,0.271,1.19
3470.48,0.06,0.272,1.195
3470.66,0.063,0.272,1.201
3470.84,0.062,0.272,1.202
3471.2,0.064,0.275,1.205
3471.2,0.065,0.272,1.208
3471.39,0.069,0.269,1.214
3471.57,0.07,0.268,1.219
3472.12,0.071,0.273,1.229
3472.3,0.072,0.273,1.231
3472.48,0.07,0.276,1.236
3472.66,0.071,0.276,1.24
3472.85,0.072,0.277,1.243
3473.3,0.071,0.279,1.246
3473.21,0.072,0.282,1.249
3473.39,0.071,0.286,1.253
3473.57,0.068,0.286,1.257
3473.76,0.071,0.282,1.261
3473.94,0.07,0.285,1.269
3474.12,0.065,0.285,1.271
3474.3,0.066,0.287,1.275
3474.49,0.068,0.289,1.279
3474.67,0.068,0.291,1.281
3474.85,0.069,0.29,1.281
3475.3,0.068,0.291,1.286
3475.21,0.069,0.292,1.288
3475.4,0.07,0.292,1.297
3475.58,0.069,0.292,1.303
3475.76,0.069,0.295,1.307
3475.94,0.069,0.295,1.307
3476.13,0.072,0.299,1.31
3476.31,0.069,0.3,1.314
3476.49,0.071,0.303,1.32
3476.67,0.07,0.304,1.327
3476.85,0.072,0.306,1.33
3477.4,0.07,0.306,1.332
3477.22,0.072,0.304,1.332
3477.4,0.075,0.306,1.337
3477.58,0.072,0.31,1.343
3477.77,0.071,0.314,1.347
3477.95,0.069,0.314,1.352
3478.13,0.07,0.317,1.358
3478.31,0.069,0.321,1.358
3478.5,0.069,0.319,1.36
3478.68,0.072,0.319,1.369
3478.86,0.069,0.316,1.37
3479.4,0.071,0.319,1.374
3479.22,0.07,0.317,1.377
3479.41,0.073,0.319,1.387
3479.59,0.072,0.321,1.391
3479.77,0.071,0.319,1.395
3479.95,0.071,0.318,1.4
3480.14,0.07,0.319,1.403
3480.32,0.07,0.326,1.409
3480.5,0.073,0.328,1.411
3480.68,0.076,0.33,1.412
3480.86,0.076,0.331,1.414
3481.5,0.079,0.334,1.419
3481.23,0.079,0.338,1.426
3481.41,0.077,0.341,1.43
3481.59,0.079,0.338,1.437
3481.78,0.078,0.336,1.439
3481.96,0.08,0.333,1.445
3482.14,0.077,0.337,1.452
3482.32,0.079,0.34,1.456
3482.5,0.079,0.343,1.46
3482.69,0.079,0.343,1.464
3482.87,0.08,0.348,1.472
3483.5,0.079,0.351,1.476
3483.23,0.082,0.354,1.48
3483.42,0.081,0.352,1.484
3483.6,0.082,0.353,1.486
3483.78,0.079,0.356,1.489
3483.96,0.079,0.36,1.495
3484.14,0.076,0.358,1.501
3484.33,0.078,0.36,1.504
3484.51,0.078,0.362,1.507
3484.69,0.081,0.365,1.509
3484.87,0.083,0.367,1.511
3485.6,0.085,0.366,1.519
3485.24,0.084,0.364,1.524
3485.42,0.084,0.368,1.523
3485.6,0.084,0.371,1.528
3485.78,0.084,0.369,1.536
3485.97,0.084,0.367,1.538
3486.15,0.082,0.369,1.545
3486.33,0.084,0.37,1.551
3486.51,0.086,0.371,1.56
3486.7,0.083,0.369,1.561
3486.88,0.082,0.371,1.562
3487.6,0.082,0.369,1.566
3487.24,0.083,0.369,1.568
3487.43,0.083,0.367,1.571
3487.61,0.084,0.368,1.573
3487.79,0.082,0.368,1.572
3487.97,0.081,0.367,1.577
3488.15,0.082,0.364,1.579
3488.34,0.082,0.362,1.583
3488.52,0.083,0.366,1.588
3488.7,0.083,0.369,1.592
3488.88,0.088,0.369,1.591
3489.7,0.087,0.368,1.6
3489.25,0.087,0.364,1.602
3489.43,0.087,0.364,1.608
3489.61,0.087,0.365,1.608
3489.79,0.087,0.367,1.614
3489.98,0.086,0.363,1.613
3490.16,0.087,0.364,1.617
3490.34,0.087,0.36,1.62
3490.52,0.087,0.362,1.625
3490.71,0.085,0.365,1.629
3490.89,0.084,0.366,1.631
3491.7,0.084,0.364,1.634
3491.25,0.086,0.364,1.638
3491.43,0.085,0.367,1.642
3491.62,0.088,0.368,1.649
3491.8,0.088,0.369,1.656
3495.63,0.083,0.369,1.721
3495.81,0.088,0.37,1.721
3495.99,0.089,0.37,1.724
3496.17,0.089,0.371,1.728
3496.36,0.09,0.374,1.731
3496.54,0.09,0.375,1.733
3496.72,0.092,0.376,1.736
3496.9,0.093,0.379,1.737
3497.8,0.091,0.38,1.739
3497.27,0.09,0.382,1.746
3497.45,0.086,0.38,1.751
3497.63,0.088,0.378,1.754
3497.81,0.089,0.381,1.759
3498.0,0.088,0.38,1.762
3498.18,0.089,0.383,1.767
3498.36,0.088,0.383,1.77
3498.54,0.089,0.38,1.776
3500.91,0.092,0.378,1.815
3501.9,0.092,0.377,1.817
3501.28,0.092,0.379,1.819
3501.46,0.091,0.377,1.822
3501.64,0.092,0.381,1.828
3501.82,0.091,0.382,1.832
3502.0,0.088,0.381,1.837
3502.19,0.088,0.378,1.842
3502.37,0.09,0.377,1.846
3502.55,0.088,0.375,1.849
3502.73,0.087,0.376,1.857
3502.92,0.085,0.379,1.86
3503.1,0.084,0.382,1.868
3503.28,0.085,0.384,1.871
3503.46,0.085,0.386,1.875
3503.65,0.086,0.384,1.878
3503.83,0.088,0.385,1.88
3504.1,0.086,0.387,1.883
3504.19,0.088,0.388,1.885
3504.37,0.089,0.392,1.888
3504.56,0.091,0.395,1.892
3504.74,0.093,0.398,1.895
3504.92,0.094,0.398,1.901
3505.1,0.094,0.399,1.903
3505.29,0.094,0.401,1.906
3505.47,0.097,0.403,1.909
3505.65,0.098,0.404,1.914
3505.83,0.097,0.404,1.919
3506.1,0.099,0.404,1.922
3506.2,0.097,0.406,1.924
3506.38,0.1,0.407,1.926
3506.56,0.099,0.409,1.932
3506.74,0.1,0.412,1.934
3506.93,0.101,0.413,1.937
3507.11,0.102,0.411,1.938
3507.29,0.102,0.41,1.94
3507.47,0.104,0.412,1.944
3507.65,0.102,0.413,1.948
3507.84,0.101,0.416,1.952
3508.2,0.098,0.418,1.953
3508.2,0.1,0.416,1.958
3508.38,0.102,0.416,1.962
3508.57,0.105,0.417,1.967
3508.75,0.101,0.418,1.971
3508.93,0.099,0.416,1.972
3509.11,0.099,0.42,1.977
3509.29,0.096,0.422,1.979
3509.48,0.097,0.421,1.982
3509.66,0.094,0.421,1.983
3509.84,0.095,0.42,1.989
3510.2,0.096,0.421,1.991
3510.21,0.095,0.422,1.997
3510.39,0.097,0.423,1.999
3510.57,0.095,0.423,2.003
3510.75,0.091,0.423,2.01
3510.94,0.091,0.425,2.014
3511.12,0.089,0.425,2.019
3511.3,0.091,0.425,2.021
3511.48,0.093,0.428,2.023
3512.3,0.092,0.431,2.034
3512.21,0.089,0.434,2.036
3512.39,0.09,0.433,2.041
3512.58,0.092,0.435,2.046
3512.76,0.096,0.437,2.05
3512.94,0.098,0.438,2.054
3513.12,0.098,0.437,2.059
3513.3,0.099,0.437,2.064
3513.49,0.101,0.437,2.067
3513.67,0.104,0.44,2.071
3518.95,0.108,0.443,2.173
3519.14,0.109,0.441,2.175
3519.32,0.111,0.444,2.176
3519.5,0.11,0.447,2.178
3519.68,0.114,0.451,2.182
3519.87,0.117,0.451,2.186
3520.5,0.117,0.449,2.188
3520.23,0.121,0.453,2.194
3520.41,0.121,0.455,2.202
3520.6,0.12,0.457,2.205
3520.78,0.119,0.456,2.209
3520.96,0.118,0.458,2.216
3521.14,0.116,0.46,2.222
3521.32,0.116,0.461,2.231
3521.51,0.117,0.457,2.233
3521.69,0.119,0.458,2.236
3521.87,0.119,0.459,2.241
3522.5,0.12,0.466,2.242
3522.24,0.119,0.469,2.245
3522.42,0.121,0.472,2.251
3522.6,0.121,0.473,2.252
3522.78,0.122,0.475,2.252
3522.96,0.121,0.473,2.253
3523.15,0.124,0.472,2.256
3523.33,0.125,0.476,2.262
3524.42,0.133,0.481,2.288
3524.61,0.132,0.483,2.291
3524.79,0.134,0.485,2.296
3524.97,0.136,0.483,2.301
3525.15,0.136,0.485,2.305
3525.33,0.137,0.488,2.307
3525.52,0.136,0.486,2.311
3525.7,0.135,0.488,2.316
3525.88,0.136,0.493,2.32
3526.6,0.135,0.494,2.327
3526.25,0.134,0.499,2.331
3526.43,0.135,0.503,2.336
3526.61,0.137,0.504,2.34
3526.79,0.139,0.505,2.343
3526.97,0.138,0.508,2.344
3527.16,0.14,0.506,2.349
3527.34,0.139,0.508,2.356
3527.52,0.138,0.511,2.362
3527.7,0.14,0.513,2.369
3527.89,0.145,0.514,2.374
3528.7,0.144,0.518,2.38
3528.25,0.143,0.517,2.382
3528.43,0.14,0.517,2.388
3528.62,0.142,0.519,2.391
3528.8,0.142,0.518,2.395
3528.98,0.145,0.517,2.397
3529.16,0.143,0.518,2.405
3529.34,0.143,0.516,2.411
3529.53,0.141,0.516,2.415
3529.71,0.141,0.514,2.422
3529.89,0.138,0.511,2.425
3530.7,0.138,0.513,2.431
3530.26,0.139,0.515,2.434
3530.44,0.14,0.513,2.442
3530.62,0.139,0.513,2.446
3530.8,0.139,0.513,2.451
3530.98,0.139,0.509,2.455
3531.17,0.138,0.508,2.459
3531.35,0.14,0.511,2.464
3531.53,0.143,0.509,2.472
3531.71,0.143,0.509,2.477
3531.9,0.144,0.509,2.478
3532.8,0.144,0.509,2.483
3532.26,0.147,0.506,2.485
3532.44,0.146,0.507,2.49
3532.63,0.146,0.507,2.496
3532.81,0.147,0.509,2.497
3532.99,0.148,0.509,2.499
3533.17,0.15,0.508,2.504
3533.35,0.152,0.51,2.511
3533.54,0.153,0.509,2.514
3533.72,0.152,0.51,2.517
3533.9,0.153,0.512,2.521
3534.8,0.154,0.513,2.519
3534.27,0.152,0.512,2.522
3534.45,0.153,0.511,2.523
3534.63,0.155,0.513,2.524
3534.81,0.157,0.515,2.532
3535.0,0.16,0.518,2.537
3535.18,0.161,0.521,2.542
3535.36,0.161,0.523,2.547
3535.54,0.161,0.523,2.55
3535.72,0.16,0.526,2.554
3535.91,0.163,0.526,2.56
3536.9,0.163,0.524,2.563
3536.27,0.162,0.523,2.57
3536.45,0.161,0.522,2.573
3537.55,0.161,0.53,2.598
3537.73,0.163,0.529,2.604
3537.91,0.162,0.532,2.604
3538.9,0.165,0.533,2.61
3538.28,0.166,0.537,2.614
3538.46,0.165,0.54,2.616
3538.64,0.166,0.539,2.62
3538.82,0.167,0.54,2.623
3539.1,0.168,0.539,2.626
3539.19,0.17,0.533,2.627
3539.37,0.172,0.533,2.633
3539.55,0.173,0.532,2.636
3539.73,0.174,0.534,2.641
3539.92,0.177,0.534,2.645
3540.1,0.177,0.533,2.649
3540.28,0.176,0.533,2.653
3540.46,0.176,0.535,2.66
3540.65,0.178,0.541,2.666
3540.83,0.18,0.543,2.672
3541.1,0.178,0.545,2.677
3541.19,0.179,0.545,2.681
3544.66,0.183,0.546,2.76
3544.84,0.183,0.547,2.765
3545.2,0.181,0.549,2.771
3545.2,0.182,0.55,2.776
3545.38,0.181,0.551,2.78
3545.57,0.185,0.552,2.785
3545.75,0.187,0.555,2.788
3545.93,0.186,0.553,2.792
3546.11,0.185,0.553,2.799
3546.3,0.187,0.552,2.805
3546.48,0.187,0.551,2.809
3546.66,0.188,0.549,2.816
3546.84,0.19,0.548,2.821
3547.3,0.193,0.548,2.827
3547.21,0.192,0.551,2.831
3547.39,0.192,0.55,2.835
3547.57,0.188,0.549,2.836
3547.75,0.188,0.548,2.843
3547.94,0.189,0.548,2.848
3548.12,0.192,0.549,2.855
3548.3,0.193,0.551,2.86
3548.48,0.192,0.551,2.863
3548.67,0.193,0.553,2.868
3548.85,0.19,0.554,2.869
3549.3,0.191,0.554,2.872
3549.21,0.189,0.555,2.878
3549.4,0.194,0.555,2.881
3549.58,0.193,0.557,2.879
3549.76,0.195,0.558,2.885
3549.94,0.196,0.556,2.89
3550.12,0.197,0.558,2.894
3550.31,0.196,0.559,2.899
3550.49,0.196,0.561,2.903
3550.67,0.199,0.564,2.907
3550.85,0.199,0.565,2.909
3551.4,0.198,0.566,2.913
3551.22,0.197,0.565,2.916
3551.4,0.199,0.56,2.916
3551.58,0.2,0.56,2.921
3551.76,0.201,0.561,2.926
3551.95,0.201,0.562,2.934
3552.13,0.202,0.56,2.938
3552.31,0.205,0.562,2.942
3552.49,0.206,0.564,2.948
3552.68,0.205,0.563,2.951
3552.86,0.206,0.567,2.955
3553.4,0.206,0.568,2.957
3553.22,0.21,0.567,2.963
3553.41,0.21,0.564,2.967
3553.59,0.213,0.565,2.971
3553.77,0.214,0.567,2.976
3555.41,0.214,0.575,2.998
3555.59,0.213,0.578,3.003
3555.77,0.215,0.578,3.008
3555.96,0.214,0.578,3.007
3556.14,0.216,0.578,3.008
3556.32,0.216,0.578,3.011
3556.5,0.216,0.578,3.009
3556.69,0.215,0.579,3.01
3556.87,0.216,0.58,3.01
3557.5,0.217,0.576,3.012
3557.23,0.22,0.577,3.015
3557.42,0.221,0.577,3.019
3557.6,0.223,0.577,3.019
3557.78,0.223,0.58,3.024
3557.96,0.219,0.582,3.026
3558.14,0.221,0.587,3.031
3558.33,0.223,0.589,3.032
3558.51,0.225,0.594,3.04
3558.69,0.225,0.595,3.043
3558.87,0.225,0.595,3.043
3559.42,0.22,0.599,3.053
3559.6,0.221,0.601,3.056
3559.78,0.222,0.604,3.061
3559.97,0.226,0.607,3.064
3560.15,0.223,0.609,3.067
3560.33,0.225,0.611,3.07
3560.51,0.224,0.611,3.076
3560.7,0.228,0.614,3.078
3560.88,0.23,0.613,3.084
3561.6,0.231,0.609,3.088
3561.24,0.234,0.612,3.092
3561.43,0.235,0.614,3.093
3561.61,0.237,0.619,3.096
3561.79,0.234,0.618,3.098
3561.97,0.235,0.618,3.102
3562.15,0.234,0.619,3.106
3562.34,0.238,0.62,3.112
3562.52,0.24,0.618,3.118
3562.7,0.238,0.62,3.122
3562.88,0.241,0.62,3.126
3563.7,0.243,0.619,3.132
3563.25,0.24,0.622,3.134
3563.43,0.238,0.625,3.14
3563.61,0.239,0.627,3.143
3563.79,0.242,0.627,3.15
3563.98,0.239,0.624,3.153
3564.16,0.239,0.624,3.157
3564.34,0.24,0.624,3.161
3564.52,0.243,0.625,3.164
3564.71,0.241,0.627,3.17
3564.89,0.243,0.631,3.173
3565.7,0.243,0.633,3.175
3565.25,0.242,0.631,3.179
3565.44,0.245,0.629,3.184
3565.62,0.246,0.629,3.188
3565.8,0.247,0.632,3.195
3565.98,0.246,0.637,3.2
3566.16,0.246,0.641,3.205
3566.35,0.245,0.647,3.211
3566.53,0.245,0.648,3.21
3566.71,0.247,0.649,3.215
3566.89,0.248,0.646,3.215
3567.8,0.249,0.649,3.219
3567.26,0.249,0.652,3.225
3567.44,0.249,0.653,3.229
3567.62,0.248,0.652,3.233
3567.8,0.248,0.652,3.237
3567.99,0.248,0.652,3.242
3568.17,0.245,0.651,3.244
3568.35,0.246,0.65,3.25
3568.53,0.245,0.653,3.251
3568.72,0.248,0.655,3.25
3568.9,0.252,0.659,3.255
3569.8,0.25,0.664,3.257
3569.26,0.251,0.667,3.259
3569.45,0.254,0.671,3.263
3569.63,0.257,0.671,3.265
3569.81,0.259,0.671,3.271
3569.99,0.26,0.671,3.276
3570.17,0.26,0.673,3.281
3570.36,0.258,0.674,3.283
3570.54,0.26,0.676,3.291
3570.72,0.26,0.674,3.296
3570.9,0.263,0.678,3.301
3571.9,0.263,0.68,3.303
3571.27,0.263,0.678,3.307
3571.45,0.263,0.678,3.309
3571.63,0.265,0.676,3.31
3571.81,0.264,0.68,3.316
3572.0,0.267,0.682,3.318
3572.18,0.264,0.683,3.32
3572.36,0.261,0.683,3.324
3572.54,0.262,0.684,3.328
3572.73,0.262,0.687,3.331
3572.91,0.261,0.688,3.335
3573.9,0.26,0.689,3.335
3573.27,0.258,0.69,3.336
3573.46,0.26,0.694,3.341
3573.64,0.261,0.693,3.344
3573.82,0.261,0.697,3.346
3574.0,0.259,0.699,3.352
3574.18,0.26,0.699,3.353
3574.37,0.262,0.701,3.352
3574.55,0.261,0.704,3.353
3574.73,0.259,0.707,3.355
3574.91,0.261,0.71,3.358
3575.1,0.26,0.711,3.361
3575.28,0.258,0.712,3.366
3575.46,0.258,0.712,3.37
3575.64,0.259,0.712,3.374
3575.82,0.259,0.714,3.375
3576.1,0.258,0.717,3.379
3576.19,0.259,0.716,3.381
3576.37,0.261,0.716,3.384
3576.55,0.264,0.714,3.386
3576.74,0.266,0.714,3.389
3576.92,0.267,0.711,3.388
3577.1,0.265,0.714,3.392
3577.28,0.263,0.711,3.395
3577.46,0.265,0.712,3.401
3577.65,0.263,0.712,3.404
3577.83,0.264,0.711,3.409
3578.1,0.266,0.712,3.413
3578.19,0.268,0.715,3.419
3578.38,0.267,0.718,3.42
3578.56,0.267,0.72,3.424
3578.74,0.268,0.721,3.43
3578.92,0.27,0.723,3.436
3579.11,0.269,0.726,3.442
3579.29,0.269,0.724,3.447
3579.47,0.27,0.725,3.45
3579.65,0.268,0.727,3.455
3579.83,0.269,0.73,3.458
3580.93,0.267,0.726,3.484
3581.11,0.267,0.726,3.487
3581.29,0.271,0.729,3.488
3581.47,0.272,0.729,3.492
3581.66,0.274,0.73,3.496
3581.84,0.274,0.729,3.496
3582.2,0.271,0.729,3.503
3582.2,0.27,0.727,3.505
3582.39,0.269,0.73,3.505
3582.57,0.269,0.735,3.51
3582.75,0.269,0.734,3.51
3582.93,0.27,0.737,3.514
3583.11,0.269,0.738,3.519
3583.3,0.268,0.74,3.523
3583.48,0.268,0.743,3.527
3583.66,0.269,0.743,3.533
3583.84,0.271,0.745,3.535
3584.3,0.272,0.745,3.538
3584.21,0.274,0.744,3.541
3584.39,0.272,0.746,3.542
3584.57,0.272,0.75,3.544
3584.76,0.27,0.752,3.548
3584.94,0.271,0.754,3.552
3585.12,0.267,0.755,3.556
3585.3,0.267,0.754,3.56
3586.21,0.262,0.76,3.573
3586.4,0.262,0.76,3.576
3586.58,0.263,0.763,3.577
3586.76,0.264,0.765,3.578
3586.94,0.264,0.765,3.588
3587.12,0.261,0.767,3.591
3587.31,0.26,0.768,3.598
3587.49,0.262,0.772,3.601
3587.67,0.26,0.775,3.606
3587.85,0.26,0.777,3.609
3588.4,0.259,0.777,3.614
3588.22,0.261,0.777,3.616
3588.4,0.262,0.778,3.62
3588.58,0.262,0.778,3.628
3588.77,0.263,0.778,3.632
3588.95,0.263,0.78,3.641
3589.13,0.266,0.782,3.646
3589.31,0.268,0.784,3.649
3589.49,0.267,0.783,3.651
3589.68,0.269,0.781,3.654
3589.86,0.272,0.779,3.658
3590.4,0.273,0.782,3.662
3590.22,0.274,0.778,3.67
3590.41,0.271,0.78,3.674
3590.59,0.272,0.781,3.675
3591.5,0.269,0.781,3.695
3591.68,0.269,0.783,3.698
3591.86,0.27,0.78,3.702
3592.5,0.271,0.782,3.708
3592.23,0.269,0.779,3.714
3592.41,0.271,0.778,3.719
3592.59,0.271,0.777,3.724
3592.78,0.27,0.774,3.73
3592.96,0.272,0.776,3.734
3593.14,0.273,0.779,3.738
3593.32,0.276,0.781,3.743
3593.5,0.275,0.783,3.743
3593.69,0.273,0.784,3.75
3593.87,0.275,0.784,3.755
3594.5,0.277,0.782,3.759
3594.23,0.279,0.785,3.764
3594.42,0.28,0.786,3.767
3594.6,0.279,0.786,3.767
3594.78,0.279,0.789,3.77
3594.96,0.28,0.788,3.771
3595.14,0.282,0.793,3.773
3595.33,0.282,0.795,3.776
3595.51,0.282,0.794,3.777
3595.69,0.28,0.793,3.779
3595.87,0.282,0.793,3.781
3596.6,0.283,0.791,3.784
3596.24,0.282,0.794,3.786
3596.42,0.281,0.797,3.787
3596.6,0.283,0.796,3.789
3596.79,0.285,0.793,3.792
3596.97,0.288,0.798,3.796
3597.15,0.289,0.798,3.802
3597.33,0.288,0.801,3.809
3597.51,0.286,0.8,3.813
3597.7,0.287,0.802,3.815
3597.88,0.288,0.803,3.818
3598.6,0.287,0.8,3.819
3598.24,0.286,0.799,3.823
3598.43,0.285,0.8,3.825
3598.61,0.282,0.802,3.827
3598.79,0.279,0.804,3.83
3598.97,0.279,0.806,3.835
3599.16,0.281,0.807,3.836
3599.34,0.28,0.807,3.839
3599.52,0.278,0.809,3.844
3599.7,0.277,0.809,3.848
3599.88,0.277,0.81,3.852
3600.7,0.276,0.81,3.854
3600.25,0.273,0.81,3.855
3600.43,0.273,0.81,3.856
3600.61,0.272,0.811,3.859
3600.8,0.273,0.813,3.865
3600.98,0.272,0.817,3.866
3601.16,0.275,0.82,3.873
3601.34,0.275,0.82,3.88
3601.53,0.277,0.822,3.884
3601.71,0.281,0.822,3.886
3601.89,0.281,0.823,3.889
3602.7,0.28,0.824,3.895
3602.25,0.283,0.826,3.897
3602.44,0.282,0.831,3.901
3602.62,0.283,0.835,3.903
3602.8,0.28,0.837,3.906
3602.98,0.283,0.837,3.905
3603.17,0.285,0.839,3.91
3603.35,0.284,0.841,3.917
3603.53,0.285,0.842,3.921
3603.71,0.285,0.841,3.928
3603.9,0.285,0.841,3.933
3604.8,0.286,0.844,3.937
3604.26,0.286,0.848,3.94
3604.44,0.285,0.851,3.946
3604.62,0.285,0.855,3.949
3604.81,0.287,0.857,3.951
3604.99,0.287,0.86,3.955
3605.17,0.285,0.858,3.961
3605.35,0.287,0.858,3.967
3605.54,0.287,0.858,3.968
3605.72,0.287,0.86,3.974
3605.9,0.288,0.861,3.978
3606.8,0.289,0.86,3.985
3606.26,0.29,0.86,3.988
3606.45,0.292,0.861,3.994
3606.63,0.292,0.859,4.001
3606.81,0.292,0.861,4.007
3606.99,0.291,0.864,4.008
3607.18,0.291,0.864,4.01
3607.36,0.293,0.863,4.013
3607.54,0.296,0.862,4.018
3607.72,0.296,0.861,4.021
3607.91,0.299,0.86,4.023
3608.9,0.3,0.863,4.028
3608.27,0.302,0.866,4.03
3608.45,0.304,0.867,4.033
3608.63,0.304,0.867,4.036
3608.82,0.305,0.87,4.038
3609.0,0.304,0.871,4.041
3609.18,0.303,0.868,4.046
3609.36,0.302,0.866,4.052
3609.55,0.302,0.865,4.057
3609.73,0.302,0.866,4.061
3609.91,0.305,0.864,4.065
3610.9,0.308,0.866,4.068
3612.28,0.32,0.864,4.113
3612.46,0.322,0.863,4.118
3612.65,0.322,0.863,4.122
3612.83,0.324,0.867,4.127
3613.1,0.325,0.867,4.132
3613.19,0.329,0.867,4.141
3613.37,0.331,0.867,4.143
3613.56,0.335,0.869,4.146
3613.74,0.334,0.873,4.156
3613.92,0.335,0.875,4.16
3614.1,0.335,0.879,4.166
3614.29,0.336,0.877,4.168
3614.47,0.341,0.876,4.176
3614.65,0.339,0.876,4.178
3614.83,0.341,0.872,4.181
3615.2,0.339,0.872,4.185
3615.2,0.339,0.872,4.191
3615.38,0.338,0.872,4.193
3615.56,0.339,0.872,4.193
3619.76,0.333,0.88,4.293
3619.94,0.331,0.882,4.298
3620.12,0.33,0.883,4.301
3620.3,0.333,0.883,4.306
3620.49,0.331,0.884,4.311
3620.67,0.333,0.887,4.315
3620.85,0.335,0.885,4.32
3621.3,0.335,0.886,4.323
3621.21,0.337,0.89,4.329
3621.4,0.341,0.891,4.331
3621.58,0.342,0.896,4.332
3621.76,0.345,0.896,4.337
3621.94,0.345,0.897,4.34
3622.13,0.346,0.895,4.343
3622.31,0.347,0.897,4.346
3623.58,0.348,0.906,4.362
3623.77,0.348,0.907,4.362
3623.95,0.346,0.911,4.366
3624.13,0.35,0.913,4.37
3624.31,0.351,0.914,4.377
3624.5,0.353,0.915,4.38
3624.68,0.351,0.918,4.386
3624.86,0.351,0.917,4.391
3625.4,0.351,0.914,4.398
3625.22,0.351,0.919,4.401
3625.41,0.35,0.919,4.405
3625.59,0.352,0.918,4.412
3625.77,0.353,0.917,4.417
3625.95,0.354,0.915,4.424
3627.23,0.354,0.923,4.438
3627.41,0.353,0.925,4.442
3627.59,0.35,0.925,4.448
3627.78,0.35,0.928,4.456
3627.96,0.348,0.931,4.458
3628.14,0.345,0.933,4.458
3628.32,0.345,0.935,4.459
3628.51,0.344,0.938,4.462
3628.69,0.341,0.942,4.466
3628.87,0.343,0.944,4.47
3629.5,0.343,0.946,4.473
3629.23,0.344,0.947,4.479
3629.42,0.342,0.95,4.482
3629.6,0.341,0.95,4.49
3629.78,0.341,0.95,4.495
3629.96,0.342,0.948,4.499
3631.6,0.351,0.956,4.523
3631.24,0.352,0.957,4.526
3631.42,0.349,0.961,4.531
3631.6,0.348,0.966,4.534
3631.79,0.347,0.966,4.541
3631.97,0.346,0.965,4.544
3632.15,0.35,0.965,4.549
3632.33,0.351,0.969,4.55
3632.52,0.349,0.971,4.554
3632.7,0.349,0.968,4.56
3632.88,0.347,0.966,4.564
3633.6,0.348,0.965,4.567
3633.25,0.351,0.963,4.569
3633.43,0.351,0.965,4.574
3633.61,0.351,0.965,4.58
3633.79,0.353,0.967,4.581
3633.97,0.356,0.969,4.586
3634.16,0.356,0.971,4.589
3634.34,0.357,0.974,4.594
3634.52,0.357,0.977,4.596
3634.7,0.359,0.98,4.602
3634.89,0.359,0.98,4.605
3635.7,0.359,0.979,4.609
3635.25,0.361,0.979,4.613
3635.43,0.361,0.979,4.614
3635.61,0.36,0.978,4.617
3635.8,0.357,0.977,4.62
3635.98,0.359,0.976,4.62
3636.16,0.362,0.976,4.624
3636.34,0.364,0.978,4.628
3636.53,0.365,0.983,4.632
3636.71,0.363,0.984,4.637
3636.89,0.365,0.987,4.639
3637.7,0.367,0.989,4.64
3637.26,0.368,0.991,4.646
3637.44,0.368,0.993,4.652
3637.62,0.368,0.992,4.656
3637.8,0.368,0.992,4.654
3637.98,0.367,0.994,4.655
3638.17,0.366,0.995,4.656
3638.35,0.368,0.994,4.656
3638.53,0.372,0.992,4.66
3638.71,0.373,0.995,4.662
3638.9,0.373,0.995,4.665
3639.8,0.374,0.996,4.674
3639.26,0.373,0.999,4.68
3639.44,0.377,0.996,4.686
3639.63,0.375,0.999,4.69
3639.81,0.374,0.998,4.692
3639.99,0.377,0.999,4.695
3640.17,0.38,0.999,4.697
3642.18,0.378,1.004,4.75
3642.36,0.378,1.005,4.752
3642.54,0.379,1.003,4.755
3642.72,0.383,1.002,4.76
3642.91,0.385,1.002,4.764
3643.9,0.386,1.003,4.768
3643.27,0.388,1.004,4.775
3643.45,0.387,1.005,4.778
3643.63,0.387,1.008,4.781
3643.82,0.388,1.009,4.782
3644.0,0.389,1.009,4.786
3650.2,0.393,1.03,4.903
3650.38,0.393,1.028,4.907
3650.56,0.394,1.031,4.912
3650.74,0.394,1.032,4.919
3650.93,0.392,1.031,4.923
3651.11,0.394,1.031,4.925
3651.29,0.396,1.032,4.93
3651.47,0.399,1.034,4.933
3651.65,0.401,1.036,4.937
3651.84,0.402,1.04,4.938
3652.2,0.402,1.041,4.942
3652.2,0.405,1.042,4.946
3652.38,0.406,1.041,4.95
3652.57,0.408,1.044,4.949
3652.75,0.405,1.041,4.949
3652.93,0.403,1.041,4.953
3653.11,0.404,1.045,4.957
3653.29,0.408,1.046,4.96
3653.48,0.41,1.046,4.965
3653.66,0.409,1.042,4.97
3653.84,0.409,1.041,4.972
3654.2,0.408,1.042,4.977
3654.21,0.405,1.039,4.981
3654.39,0.407,1.039,4.984
3654.57,0.405,1.039,4.987
3654.75,0.405,1.039,4.993
3654.94,0.403,1.035,4.995
3655.12,0.405,1.036,5.0
3655.3,0.403,1.037,5.008
3655.48,0.403,1.039,5.013
3657.3,0.411,1.053,5.048
3657.49,0.414,1.054,5.052
3657.67,0.414,1.058,5.058
3657.85,0.414,1.06,5.062
3658.3,0.415,1.06,5.068
3658.22,0.413,1.065,5.072
3658.4,0.413,1.07,5.08
3658.58,0.413,1.07,5.085
3658.76,0.416,1.074,5.089
3658.95,0.417,1.075,5.091
3659.13,0.416,1.074,5.095
3664.78,0.402,1.108,5.22
3664.96,0.402,1.111,5.226
3665.14,0.404,1.113,5.23
3665.32,0.401,1.111,5.234
3665.51,0.399,1.112,5.24
3665.69,0.394,1.109,5.246
3665.87,0.393,1.109,5.251
3666.5,0.391,1.112,5.258
3666.24,0.388,1.111,5.263
3666.42,0.389,1.114,5.266
3666.6,0.39,1.114,5.271
3666.78,0.389,1.118,5.273
3666.97,0.387,1.119,5.28
3667.15,0.388,1.121,5.285
3667.33,0.388,1.118,5.286
3667.51,0.391,1.122,5.289
3667.69,0.394,1.123,5.294
3667.88,0.397,1.121,5.298
3668.6,0.398,1.121,5.305
3668.24,0.399,1.119,5.308
3668.42,0.4,1.119,5.31
3668.61,0.399,1.119,5.314
3668.79,0.4,1.118,5.321
3668.97,0.402,1.119,5.323
3669.15,0.402,1.122,5.329
3669.34,0.406,1.122,5.334
3669.52,0.407,1.124,5.335
3669.7,0.406,1.126,5.336
3669.88,0.404,1.126,5.336
3670.6,0.404,1.128,5.341
3670.25,0.405,1.131,5.343
3670.43,0.407,1.131,5.345
3670.61,0.409,1.13,5.346
3670.79,0.412,1.134,5.349
3670.98,0.412,1.136,5.352
3671.16,0.413,1.136,5.353
3671.34,0.414,1.136,5.361
3671.52,0.413,1.14,5.367
3671.71,0.409,1.14,5.368
3671.89,0.412,1.142,5.375
3672.7,0.409,1.141,5.377
3672.25,0.408,1.141,5.378
3672.43,0.406,1.142,5.381
3672.62,0.409,1.144,5.383
3672.8,0.408,1.144,5.387
3672.98,0.408,1.141,5.387
3673.16,0.408,1.139,5.386
3673.35,0.407,1.139,5.394
3673.53,0.404,1.141,5.397
3673.71,0.406,1.142,5.402
3673.89,0.409,1.142,5.404
3674.7,0.41,1.142,5.408
3674.26,0.409,1.144,5.41
3674.44,0.407,1.149,5.415
3674.62,0.409,1.15,5.416
3674.8,0.41,1.152,5.421
3674.99,0.41,1.153,5.421
3675.17,0.414,1.156,5.428
3675.35,0.416,1.157,5.432
3675.53,0.414,1.156,5.439
3675.71,0.416,1.155,5.438
3675.9,0.417,1.155,5.441
3676.8,0.415,1.155,5.444
3676.26,0.416,1.157,5.445
3676.44,0.414,1.158,5.45
3676.63,0.415,1.161,5.451
3676.81,0.415,1.162,5.454
3676.99,0.418,1.166,5.459
3677.17,0.416,1.165,5.465
3677.36,0.415,1.161,5.466
3677.54,0.416,1.168,5.47
3677.72,0.412,1.163,5.473
3677.9,0.419,1.163,5.483
3678.8,0.417,1.164,5.487
3678.27,0.42,1.168,5.492
3678.45,0.419,1.168,5.491
3678.63,0.421,1.171,5.499
3678.81,0.418,1.17,5.503
3679.0,0.419,1.175,5.511
3679.18,0.415,1.173,5.515
3679.36,0.417,1.176,5.517
3679.54,0.416,1.174,5.524
3679.73,0.422,1.177,5.523
3679.91,0.42,1.178,5.527
3680.9,0.418,1.177,5.53
3680.27,0.418,1.18,5.532
3680.45,0.417,1.179,5.537
3680.64,0.42,1.179,5.547
3680.82,0.419,1.176,5.55
3681.0,0.42,1.177,5.555
3681.18,0.418,1.174,5.56
3681.37,0.417,1.178,5.564
3681.55,0.412,1.178,5.564
3681.73,0.41,1.176,5.569
3681.91,0.411,1.179,5.571
3682.9,0.405,1.177,5.573
3685.74,0.401,1.183,5.643
3685.92,0.401,1.182,5.648
3686.1,0.404,1.18,5.652
3686.29,0.404,1.179,5.654
3686.47,0.403,1.175,5.658
3686.65,0.403,1.172,5.663
3686.83,0.406,1.171,5.666
3687.1,0.407,1.17,5.667
3687.2,0.406,1.171,5.669
3687.38,0.405,1.17,5.669
3687.56,0.406,1.172,5.673
3687.74,0.407,1.173,5.678
3687.93,0.404,1.171,5.681
3688.11,0.404,1.171,5.687
3688.29,0.403,1.171,5.688
3688.47,0.403,1.17,5.691
3688.65,0.406,1.169,5.694
3688.84,0.408,1.168,5.697
3689.2,0.407,1.171,5.702
3689.2,0.406,1.172,5.708
3689.38,0.405,1.174,5.713
3689.57,0.403,1.175,5.72
3689.75,0.402,1.176,5.725
3689.93,0.403,1.175,5.728
3690.11,0.404,1.177,5.731
3690.29,0.404,1.175,5.733
3690.48,0.403,1.174,5.737
3690.66,0.404,1.175,5.743
3690.84,0.407,1.177,5.747
3691.2,0.407,1.179,5.748
3691.21,0.409,1.182,5.749
3691.39,0.413,1.183,5.752
3691.57,0.413,1.185,5.753
3691.75,0.414,1.188,5.755
3691.94,0.411,1.19,5.761
3692.12,0.409,1.194,5.767
3692.3,0.408,1.196,5.769
3692.48,0.411,1.197,5.769
3693.76,0.415,1.202,5.792
3693.94,0.419,1.202,5.795
3694.12,0.416,1.206,5.799
3694.3,0.417,1.206,5.805
3694.49,0.418,1.207,5.81
3694.67,0.415,1.206,5.813
3694.85,0.415,1.205,5.817
3695.3,0.415,1.208,5.819
3695.22,0.416,1.209,5.819
3695.4,0.419,1.211,5.827
3700.87,0.432,1.231,5.939
3701.5,0.432,1.232,5.942
3701.23,0.432,1.229,5.944
3701.41,0.432,1.23,5.948
3701.6,0.434,1.23,5.951
3701.78,0.434,1.232,5.954
3701.96,0.436,1.233,5.962
3702.14,0.438,1.233,5.966
3702.32,0.436,1.234,5.968
3702.51,0.435,1.24,5.973
3702.69,0.435,1.239,5.98
3702.87,0.435,1.237,5.983
3703.5,0.435,1.241,5.99
3703.24,0.432,1.242,5.99
3703.42,0.435,1.246,5.997
3703.6,0.431,1.245,6.002
3703.78,0.435,1.25,6.012
3703.97,0.435,1.25,6.018
3704.15,0.437,1.25,6.023
3704.33,0.435,1.25,6.029
3704.51,0.431,1.252,6.032
3704.69,0.433,1.254,6.036
3704.88,0.432,1.254,6.036
3705.6,0.433,1.256,6.042
3705.24,0.431,1.26,6.047
3705.42,0.434,1.265,6.049
3705.61,0.434,1.264,6.052
3705.79,0.434,1.266,6.053
3705.97,0.433,1.267,6.057
3706.15,0.43,1.269,6.064
3706.34,0.427,1.265,6.068
3706.52,0.424,1.268,6.072
3706.7,0.421,1.268,6.075
3706.88,0.423,1.266,6.082
3707.6,0.422,1.266,6.085
3707.25,0.422,1.268,6.089
3707.43,0.422,1.267,6.095
3707.61,0.421,1.266,6.096
3707.79,0.423,1.27,6.099
3707.98,0.423,1.27,6.104
3708.16,0.423,1.27,6.11
3708.34,0.425,1.272,6.118
3708.52,0.425,1.275,6.121
3708.7,0.425,1.279,6.129
3708.89,0.428,1.28,6.132
3709.7,0.43,1.279,6.137
3709.25,0.43,1.279,6.141
3709.43,0.427,1.279,6.142
3709.62,0.43,1.28,6.146
3709.8,0.429,1.279,6.151
3709.98,0.429,1.278,6.155
3710.16,0.427,1.28,6.157
3710.35,0.426,1.281,6.162
3710.53,0.425,1.278,6.168
3710.71,0.426,1.279,6.171
3710.89,0.426,1.282,6.177
3711.7,0.425,1.28,6.178
3711.26,0.427,1.281,6.18
3711.44,0.427,1.28,6.183
3711.62,0.426,1.281,6.189
3711.8,0.426,1.281,6.193
3711.99,0.426,1.286,6.199
3712.17,0.424,1.285,6.204
3712.35,0.422,1.283,6.205
3712.53,0.424,1.285,6.208
3712.71,0.425,1.286,6.212
3712.9,0.425,1.286,6.214
3713.8,0.426,1.286,6.215
3713.26,0.422,1.284,6.219
3713.44,0.424,1.284,6.224
3713.63,0.425,1.286,6.228
3713.81,0.426,1.288,6.229
3713.99,0.427,1.289,6.233
3714.17,0.427,1.294,6.231
3714.35,0.425,1.295,6.234
3714.54,0.426,1.293,6.235
3714.72,0.426,1.293,6.238
3714.9,0.427,1.295,6.241
3715.8,0.427,1.298,6.247
3715.27,0.424,1.296,6.25
3715.45,0.425,1.295,6.254
3715.63,0.427,1.293,6.258
3715.81,0.426,1.295,6.262
3716.0,0.426,1.293,6.265
3716.18,0.427,1.294,6.271
3716.36,0.425,1.298,6.273
3716.54,0.426,1.299,6.273
3716.72,0.426,1.301,6.273
3716.91,0.427,1.301,6.275
3717.9,0.422,1.306,6.275
3717.27,0.424,1.302,6.282
3717.45,0.427,1.304,6.286
3717.64,0.428,1.306,6.291
3717.82,0.429,1.309,6.297
3718.0,0.432,1.312,6.302
3718.18,0.433,1.314,6.306
3718.36,0.432,1.314,6.313
3718.55,0.434,1.314,6.32
3718.73,0.434,1.317,6.321
3718.91,0.432,1.318,6.324
3719.9,0.429,1.32,6.328
3719.64,0.431,1.324,6.333
3719.82,0.43,1.324,6.339
3720.1,0.431,1.328,6.345
3720.19,0.431,1.329,6.35
3720.37,0.428,1.329,6.352
3720.55,0.429,1.328,6.357
3720.73,0.432,1.328,6.357
3720.92,0.433,1.328,6.36
3721.1,0.435,1.329,6.364
3721.28,0.436,1.33,6.367
3721.46,0.436,1.332,6.372
3726.75,0.458,1.363,6.488
3726.93,0.458,1.365,6.494
3727.11,0.46,1.37,6.499
3727.3,0.458,1.372,6.504
3727.48,0.458,1.373,6.508
3727.66,0.458,1.372,6.511
3727.84,0.457,1.369,6.516
3728.3,0.456,1.371,6.518
3728.21,0.455,1.372,6.521
3728.39,0.453,1.375,6.523
3728.57,0.455,1.377,6.526
3728.75,0.452,1.379,6.528
3728.94,0.451,1.381,6.529
3729.12,0.451,1.379,6.533
3729.3,0.453,1.379,6.538
3729.48,0.453,1.38,6.543
3729.67,0.455,1.38,6.55
3729.85,0.456,1.38,6.553
3730.3,0.459,1.381,6.557
3730.21,0.46,1.383,6.562
3730.4,0.463,1.384,6.566
3730.58,0.464,1.383,6.569
3730.76,0.464,1.385,6.572
3730.94,0.466,1.385,6.576
3731.12,0.466,1.384,6.584
3731.31,0.467,1.385,6.59
3731.49,0.468,1.386,6.595
3731.67,0.468,1.386,6.598
3731.85,0.466,1.387,6.597
3732.4,0.465,1.386,6.602
3732.22,0.467,1.386,6.607
3732.4,0.467,1.386,6.611
3732.58,0.465,1.387,6.616
3732.77,0.464,1.388,6.619
3732.95,0.464,1.386,6.623
3733.13,0.466,1.386,6.628
3733.31,0.466,1.384,6.631
3733.49,0.466,1.385,6.632
3733.68,0.466,1.386,6.633
3733.86,0.465,1.386,6.635
3734.4,0.464,1.387,6.637
3734.22,0.463,1.388,6.639
3734.41,0.463,1.39,6.643
3734.59,0.464,1.39,6.645
3734.77,0.464,1.39,6.646
3734.95,0.463,1.392,6.647
3735.14,0.464,1.392,6.651
3735.32,0.464,1.394,6.655
3735.5,0.462,1.394,6.656
3735.68,0.464,1.395,6.655
3735.86,0.465,1.397,6.659
3736.5,0.464,1.396,6.665
3736.23,0.467,1.398,6.669
3736.41,0.468,1.398,6.673
3736.59,0.468,1.398,6.675
3736.78,0.468,1.4,6.677
3736.96,0.466,1.4,6.682
3737.14,0.467,1.4,6.685
3737.32,0.469,1.404,6.688
3739.87,0.464,1.412,6.742
3740.6,0.464,1.412,6.748
3740.24,0.463,1.412,6.751
3740.42,0.462,1.413,6.754
3740.6,0.459,1.417,6.754
3740.79,0.456,1.42,6.756
3740.97,0.453,1.42,6.762
3741.15,0.454,1.42,6.761
3741.33,0.453,1.425,6.762
3741.51,0.451,1.427,6.763
3741.7,0.449,1.427,6.765
3741.88,0.445,1.427,6.767
3742.6,0.444,1.429,6.769
3742.24,0.444,1.429,6.777
3742.43,0.444,1.429,6.784
3742.61,0.444,1.426,6.789
3742.79,0.445,1.423,6.796
3742.97,0.445,1.421,6.8
3743.15,0.444,1.422,6.802
3743.34,0.443,1.424,6.805
3743.52,0.441,1.427,6.808
3743.7,0.441,1.428,6.813
3744.8,0.445,1.429,6.843
3744.98,0.443,1.429,6.849
3745.16,0.442,1.431,6.853
3745.34,0.443,1.432,6.858
3745.52,0.443,1.43,6.864
3745.71,0.445,1.431,6.869
3745.89,0.445,1.432,6.873
3746.7,0.444,1.434,6.874
3746.25,0.445,1.436,6.879
3746.44,0.447,1.434,6.885
3746.62,0.448,1.435,6.89
3746.8,0.448,1.436,6.897
3746.98,0.448,1.436,6.9
3747.17,0.45,1.436,6.904
3747.35,0.453,1.438,6.905
3747.53,0.453,1.438,6.911
3747.71,0.452,1.438,6.915
3749.53,0.443,1.454,6.94
3749.72,0.444,1.457,6.941
3749.9,0.444,1.457,6.944
3750.8,0.448,1.457,6.947
3750.26,0.448,1.455,6.951
3750.45,0.447,1.454,6.956
3750.63,0.446,1.457,6.959
3750.81,0.447,1.459,6.96
3750.99,0.446,1.459,6.962
3751.17,0.445,1.462,6.965
3751.36,0.446,1.464,6.97
3751.54,0.448,1.462,6.973
3751.72,0.447,1.465,6.977
3751.9,0.448,1.469,6.983
3752.9,0.45,1.47,6.988
3752.27,0.452,1.471,6.993
3752.45,0.449,1.469,6.998
3752.63,0.447,1.468,7.004
3753.91,0.449,1.477,7.03
3754.9,0.449,1.479,7.03
3754.27,0.449,1.482,7.032
3754.46,0.452,1.482,7.034
3754.64,0.453,1.485,7.037
3754.82,0.452,1.487,7.039
3755.0,0.451,1.489,7.046
3755.18,0.452,1.486,7.045
3755.37,0.453,1.489,7.048
3755.55,0.454,1.491,7.049
3755.73,0.453,1.491,7.052
3761.2,0.456,1.521,7.179
3761.38,0.454,1.521,7.18
3761.56,0.457,1.523,7.183
3761.75,0.456,1.523,7.19
3761.93,0.454,1.526,7.194
3762.11,0.456,1.529,7.2
3762.29,0.458,1.533,7.202
3762.48,0.457,1.533,7.208
3762.66,0.458,1.533,7.216
3762.84,0.458,1.534,7.221
3763.2,0.458,1.534,7.221
3763.2,0.459,1.533,7.223
3763.39,0.461,1.534,7.227
3763.57,0.46,1.534,7.23
3763.75,0.462,1.535,7.233
3763.93,0.462,1.534,7.237
3764.12,0.462,1.536,7.24
3764.3,0.46,1.536,7.245
3764.48,0.465,1.537,7.244
3764.66,0.465,1.536,7.245
3768.31,0.458,1.554,7.311
3768.49,0.459,1.556,7.316
3768.67,0.46,1.555,7.32
3768.86,0.46,1.556,7.323
3769.4,0.46,1.556,7.327
3769.22,0.459,1.557,7.331
3769.4,0.458,1.56,7.336
3769.58,0.455,1.557,7.338
3769.77,0.456,1.56,7.341
3769.95,0.456,1.557,7.343
3770.13,0.458,1.558,7.35
3770.31,0.455,1.558,7.351
3770.5,0.454,1.561,7.355
3770.68,0.452,1.564,7.354
3770.86,0.45,1.568,7.359
3771.4,0.45,1.569,7.361
3771.23,0.451,1.572,7.364
3771.41,0.45,1.572,7.369
3771.59,0.451,1.571,7.371
3771.77,0.451,1.571,7.373
3771.95,0.452,1.572,7.377
3772.14,0.454,1.571,7.374
3772.32,0.459,1.57,7.377
3772.5,0.46,1.573,7.379
3772.68,0.459,1.572,7.381
3772.87,0.46,1.576,7.387
3773.5,0.458,1.577,7.392
3773.23,0.458,1.578,7.4
3773.41,0.455,1.58,7.405
3773.59,0.458,1.577,7.408
3773.78,0.46,1.576,7.41
3773.96,0.462,1.577,7.421
3774.14,0.462,1.58,7.426
3774.32,0.46,1.584,7.429
3774.51,0.459,1.587,7.43
3777.79,0.463,1.616,7.503
3777.97,0.463,1.616,7.507
3778.15,0.464,1.615,7.51
3778.33,0.465,1.613,7.516
3778.52,0.467,1.613,7.521
3778.7,0.467,1.612,7.522
3778.88,0.467,1.611,7.525
3779.6,0.466,1.61,7.53
3779.25,0.468,1.61,7.533
3779.43,0.468,1.612,7.535
3779.61,0.465,1.612,7.538
3779.79,0.468,1.615,7.54
3779.97,0.47,1.616,7.545
3780.16,0.473,1.619,7.548
3780.34,0.472,1.625,7.553
3780.52,0.473,1.626,7.557
3780.7,0.471,1.627,7.565
3780.89,0.474,1.63,7.57
3781.7,0.473,1.632,7.572
3781.25,0.471,1.633,7.573
3781.43,0.469,1.638,7.582
3781.62,0.467,1.639,7.586
3781.8,0.469,1.643,7.59
3781.98,0.472,1.646,7.591
3783.26,0.459,1.664,7.621
3783.44,0.459,1.664,7.626
3783.62,0.462,1.668,7.635
3783.8,0.464,1.666,7.638
3783.99,0.466,1.67,7.641
3784.17,0.466,1.67,7.648
3784.35,0.466,1.675,7.653
3784.53,0.468,1.678,7.657
3784.71,0.47,1.679,7.661
3784.9,0.472,1.678,7.664
3785.8,0.472,1.678,7.671
3790.91,0.471,1.688,7.768
3791.9,0.472,1.69,7.771
3791.28,0.475,1.69,7.773
3791.46,0.479,1.691,7.776
3791.64,0.479,1.689,7.777
3791.82,0.478,1.689,7.78
3792.1,0.48,1.69,7.786
3792.19,0.478,1.689,7.791
3792.37,0.48,1.687,7.796
3792.55,0.479,1.688,7.798
3792.73,0.481,1.688,7.8
3792.92,0.481,1.688,7.806
3793.1,0.481,1.688,7.811
3793.28,0.481,1.691,7.815
3793.46,0.479,1.691,7.82
3793.65,0.478,1.693,7.823
3793.83,0.477,1.693,7.827
3794.56,0.478,1.693,7.848
3794.74,0.48,1.694,7.851
3794.92,0.481,1.694,7.856
3795.1,0.485,1.697,7.86
3795.29,0.487,1.697,7.866
3795.47,0.487,1.698,7.873
3795.65,0.485,1.703,7.877
3795.83,0.484,1.7,7.882
3796.2,0.485,1.7,7.887
3796.2,0.486,1.7,7.89
3796.38,0.486,1.697,7.891
3796.56,0.486,1.699,7.893
3796.74,0.486,1.703,7.896
3796.93,0.486,1.701,7.899
3797.11,0.489,1.702,7.907
3797.29,0.49,1.702,7.909
3797.47,0.493,1.703,7.912
3797.66,0.495,1.702,7.916
3797.84,0.495,1.702,7.918
3799.11,0.5,1.71,7.935
3799.3,0.502,1.711,7.939
3799.48,0.504,1.713,7.946
3799.66,0.504,1.711,7.949
3799.84,0.504,1.711,7.952
3800.2,0.507,1.711,7.959
3800.21,0.508,1.711,7.963
3800.39,0.507,1.712,7.966
3800.57,0.503,1.715,7.97
3800.75,0.501,1.717,7.973
3800.94,0.501,1.718,7.977
3801.12,0.503,1.717,7.982
3801.3,0.499,1.718,7.988
3801.48,0.501,1.719,7.995
3801.67,0.5,1.721,8.0
3801.85,0.502,1.722,8.005
3802.3,0.503,1.723,8.009
3802.21,0.502,1.724,8.014
3802.39,0.505,1.727,8.018
3802.58,0.506,1.727,8.018
3802.76,0.505,1.726,8.02
3802.94,0.506,1.726,8.026
3803.12,0.505,1.727,8.033
3803.31,0.506,1.726,8.042
3803.49,0.507,1.727,8.046
3803.67,0.509,1.73,8.049
3803.85,0.513,1.73,8.052
3804.3,0.512,1.732,8.055
3804.22,0.514,1.73,8.059
3804.4,0.514,1.732,8.062
3804.58,0.515,1.731,8.066
3805.86,0.51,1.74,8.091
3806.4,0.513,1.742,8.096
3806.22,0.513,1.744,8.1
3806.4,0.513,1.746,8.103
3806.59,0.51,1.746,8.108
3806.77,0.509,1.745,8.113
3806.95,0.507,1.745,8.119
3807.13,0.506,1.747,8.125
3807.31,0.509,1.749,8.131
3807.5,0.51,1.745,8.138
3807.68,0.514,1.746,8.144
3807.86,0.516,1.748,8.145
3808.4,0.513,1.749,8.147
3808.23,0.513,1.751,8.152
3808.41,0.513,1.756,8.155
3808.59,0.516,1.759,8.159
3808.77,0.515,1.757,8.166
3808.96,0.518,1.756,8.168
3809.14,0.518,1.758,8.172
3809.32,0.517,1.758,8.173
3809.5,0.519,1.757,8.177
3809.68,0.521,1.76,8.179
3809.87,0.52,1.763,8.186
3810.5,0.519,1.764,8.19
3810.23,0.521,1.766,8.195
3810.41,0.521,1.767,8.198
3810.6,0.521,1.769,8.205
3810.78,0.526,1.771,8.208
3812.78,0.538,1.781,8.253
3812.96,0.541,1.785,8.259
3813.15,0.538,1.786,8.264
3813.33,0.537,1.787,8.269
3813.51,0.535,1.789,8.27
3813.69,0.539,1.791,8.275
3813.88,0.541,1.795,8.281
3814.6,0.539,1.796,8.287
3814.24,0.533,1.797,8.289
3814.42,0.532,1.798,8.296
3814.6,0.532,1.798,8.299
3820.7,0.541,1.825,8.422
3820.25,0.543,1.824,8.426
3820.44,0.546,1.824,8.431
3820.62,0.547,1.824,8.433
3820.8,0.552,1.825,8.438
3820.98,0.553,1.825,8.441
3821.17,0.552,1.825,8.443
3821.35,0.552,1.827,8.451
3821.53,0.554,1.832,8.455
3821.71,0.554,1.833,8.459
3821.89,0.55,1.836,8.462
3822.8,0.55,1.836,8.463
3822.26,0.551,1.835,8.465
3822.44,0.552,1.835,8.47
3822.62,0.55,1.835,8.47
3822.81,0.549,1.839,8.474
3822.99,0.548,1.839,8.481
3823.17,0.549,1.838,8.486
3823.35,0.547,1.836,8.486
3823.53,0.55,1.841,8.49
3823.72,0.546,1.838,8.494
3823.9,0.546,1.84,8.493
3824.8,0.548,1.841,8.496
3824.26,0.547,1.841,8.498
3824.45,0.545,1.843,8.499
3824.63,0.544,1.845,8.501
3824.81,0.546,1.845,8.503
3824.99,0.546,1.846,8.508
3825.18,0.546,1.847,8.511
3825.36,0.55,1.849,8.516
3825.54,0.547,1.847,8.521
3825.72,0.542,1.845,8.526
3825.9,0.541,1.847,8.529
3826.9,0.541,1.845,8.535
3826.27,0.542,1.848,8.538
3826.45,0.544,1.846,8.54
3826.63,0.541,1.845,8.541
3826.82,0.539,1.845,8.544
3827.0,0.539,1.845,8.548
3827.18,0.537,1.845,8.552
3827.36,0.535,1.846,8.554
3827.54,0.534,1.846,8.556
3827.73,0.533,1.847,8.561
3827.91,0.533,1.848,8.562
3828.9,0.533,1.85,8.563
3828.27,0.536,1.851,8.561
3828.46,0.54,1.853,8.562
3828.64,0.542,1.855,8.565
3828.82,0.544,1.853,8.568
3829.0,0.546,1.856,8.573
3829.19,0.546,1.852,8.576
3829.37,0.545,1.851,8.581
3829.55,0.543,1.851,8.583
3829.73,0.543,1.854,8.586
3829.91,0.545,1.854,8.591
3830.1,0.543,1.854,8.594
3830.28,0.541,1.857,8.595
3830.46,0.542,1.854,8.599
3830.64,0.543,1.854,8.607
3830.83,0.544,1.854,8.613
3831.1,0.545,1.855,8.614
3831.19,0.543,1.854,8.619
3832.47,0.546,1.858,8.644
3832.65,0.547,1.856,8.646
3832.83,0.547,1.857,8.648
3833.1,0.549,1.857,8.654
3833.19,0.547,1.855,8.657
3833.38,0.549,1.854,8.661
3833.56,0.548,1.856,8.667
3833.74,0.545,1.859,8.67
3833.92,0.544,1.861,8.672
3834.11,0.546,1.862,8.676
3834.29,0.544,1.864,8.678
3834.47,0.544,1.863,8.682
3834.65,0.545,1.863,8.686
3834.84,0.546,1.864,8.69
3835.2,0.546,1.862,8.692
3835.2,0.545,1.864,8.696
3835.38,0.545,1.866,8.701
3835.56,0.547,1.862,8.701
3835.75,0.546,1.862,8.703
3835.93,0.545,1.862,8.705
3836.11,0.544,1.864,8.707
3836.29,0.545,1.866,8.71
3836.48,0.544,1.869,8.712
3836.66,0.547,1.871,8.717
3836.84,0.548,1.872,8.723
3837.2,0.55,1.877,8.727
3837.21,0.549,1.88,8.73
3837.39,0.549,1.88,8.735
3837.57,0.55,1.877,8.737
3837.75,0.547,1.877,8.74
3837.93,0.549,1.878,8.743
3838.12,0.55,1.879,8.746
3838.3,0.552,1.88,8.751
3838.48,0.556,1.88,8.756
3838.66,0.555,1.882,8.761
3838.85,0.553,1.883,8.766
3839.3,0.552,1.885,8.769
3839.21,0.554,1.883,8.776
3839.39,0.554,1.882,8.782
3839.57,0.55,1.88,8.787
3839.76,0.548,1.881,8.791
3839.94,0.547,1.881,8.796
3840.12,0.547,1.886,8.804
3840.3,0.55,1.886,8.806
3840.49,0.55,1.888,8.811
3840.67,0.552,1.888,8.814
3840.85,0.553,1.888,8.819
3841.3,0.554,1.889,8.824
3841.21,0.553,1.89,8.831
3841.4,0.553,1.894,8.834
3841.58,0.551,1.896,8.837
3841.76,0.551,1.897,8.841
3841.94,0.552,1.896,8.848
3842.13,0.553,1.897,8.853
3842.31,0.554,1.894,8.861
3842.49,0.555,1.892,8.867
3842.67,0.556,1.889,8.872
3842.86,0.553,1.891,8.877
3843.4,0.555,1.891,8.879
3843.22,0.554,1.891,8.884
3843.4,0.555,1.89,8.887
3843.58,0.557,1.892,8.889
3843.77,0.558,1.893,8.89
3843.95,0.558,1.893,8.893
3844.13,0.554,1.894,8.897
3844.31,0.555,1.898,8.901
3844.5,0.555,1.898,8.908
3844.68,0.556,1.9,8.912
3844.86,0.557,1.898,8.914
3845.4,0.558,1.897,8.92
3845.22,0.554,1.896,8.923
3845.41,0.556,1.899,8.925
3845.59,0.556,1.898,8.926
3845.77,0.556,1.902,8.932
3845.95,0.556,1.902,8.937
3846.14,0.556,1.9,8.942
3846.32,0.555,1.899,8.941
3846.5,0.557,1.901,8.948
3847.59,0.557,1.908,8.969
3847.78,0.556,1.907,8.973
3847.96,0.558,1.907,8.979
3848.14,0.558,1.906,8.987
3848.32,0.561,1.904,8.991
3848.51,0.563,1.904,8.997
3848.69,0.566,1.908,9.005
3848.87,0.568,1.908,9.007
3849.5,0.57,1.91,9.012
3849.23,0.571,1.91,9.018
3849.42,0.571,1.912,9.02
3849.6,0.575,1.915,9.022
3849.78,0.574,1.915,9.03
3849.96,0.573,1.915,9.031
3850.15,0.574,1.918,9.036
3850.33,0.574,1.918,9.034
3850.51,0.576,1.916,9.037
3850.69,0.574,1.917,9.039
3850.87,0.575,1.916,9.043
3851.6,0.577,1.915,9.046
3851.24,0.576,1.918,9.047
3851.42,0.577,1.919,9.05
3851.6,0.577,1.919,9.051
3851.79,0.579,1.924,9.059
3851.97,0.579,1.923,9.061
3853.6,0.582,1.924,9.079
3853.24,0.58,1.923,9.083
3853.43,0.582,1.922,9.087
3853.61,0.582,1.923,9.092
3853.79,0.586,1.925,9.095
3853.97,0.584,1.922,9.095
3854.16,0.586,1.924,9.098
3854.34,0.584,1.924,9.1
3854.52,0.583,1.926,9.104
3854.7,0.581,1.925,9.106
3860.9,0.577,1.957,9.221
3861.8,0.575,1.956,9.226
3861.26,0.576,1.956,9.233
3861.45,0.58,1.953,9.239
3861.63,0.58,1.957,9.244
3861.81,0.579,1.956,9.249
3861.99,0.58,1.956,9.256
3862.17,0.584,1.957,9.259
3862.36,0.582,1.96,9.262
3862.54,0.58,1.959,9.268
3862.72,0.579,1.96,9.274
3862.9,0.577,1.961,9.28
3863.9,0.576,1.96,9.286
3863.27,0.577,1.961,9.286
3863.45,0.576,1.96,9.29
3863.63,0.576,1.959,9.292
3863.81,0.575,1.963,9.294
3864.0,0.575,1.963,9.297
3864.18,0.575,1.965,9.301
3864.36,0.576,1.966,9.307
3864.54,0.575,1.97,9.31
3864.73,0.573,1.974,9.312
3864.91,0.572,1.973,9.317
3865.9,0.571,1.974,9.319
3865.27,0.571,1.975,9.32
3865.46,0.573,1.975,9.324
3865.64,0.574,1.974,9.327
3865.82,0.578,1.976,9.331
3866.0,0.581,1.976,9.333
3866.18,0.586,1.976,9.337
3866.37,0.586,1.982,9.338
3866.55,0.587,1.982,9.341
3866.73,0.586,1.982,9.346
3866.91,0.587,1.982,9.352
3867.1,0.589,1.986,9.357
3867.28,0.587,1.985,9.362
3867.46,0.586,1.984,9.369
3867.64,0.586,1.986,9.375
3867.82,0.586,1.988,9.381
3868.1,0.586,1.988,9.384
3868.19,0.588,1.989,9.387
3868.37,0.587,1.988,9.394
3868.55,0.593,1.99,9.397
3872.38,0.605,2.006,9.48
3872.56,0.605,2.005,9.484
3872.75,0.607,2.005,9.486
3872.93,0.609,2.007,9.493
3873.11,0.609,2.006,9.496
3873.29,0.604,2.005,9.5
3873.47,0.606,2.006,9.503
3873.66,0.607,2.007,9.505
3873.84,0.604,2.009,9.508
3874.2,0.605,2.01,9.514
3874.2,0.605,2.013,9.519
3874.39,0.607,2.015,9.523
3874.57,0.607,2.017,9.529
3874.75,0.61,2.015,9.531
3874.93,0.615,2.014,9.532
3875.11,0.615,2.01,9.535
3875.3,0.613,2.012,9.538
3875.48,0.616,2.013,9.541
3875.66,0.619,2.011,9.541
3875.84,0.619,2.011,9.542
3876.3,0.618,2.011,9.544
3876.21,0.617,2.012,9.55
3876.39,0.616,2.014,9.553
3876.57,0.617,2.011,9.555
3876.76,0.617,2.011,9.557
3876.94,0.616,2.011,9.563
3877.12,0.616,2.012,9.565
3877.3,0.618,2.012,9.571
3877.48,0.619,2.013,9.581
3877.67,0.618,2.015,9.588
3877.85,0.618,2.014,9.591
3879.12,0.617,2.01,9.62
3879.31,0.616,2.012,9.624
3879.49,0.618,2.016,9.627
3879.67,0.616,2.017,9.631
3879.85,0.616,2.019,9.636
3880.4,0.617,2.02,9.639
3880.22,0.615,2.019,9.643
3880.4,0.616,2.02,9.648
3880.58,0.615,2.02,9.65
3880.77,0.616,2.019,9.653
3880.95,0.618,2.023,9.658
3886.41,0.636,2.055,9.77
3886.6,0.638,2.057,9.772
3886.78,0.64,2.061,9.778
3886.96,0.638,2.062,9.783
3887.14,0.638,2.065,9.782
3887.33,0.637,2.065,9.789
3887.51,0.64,2.068,9.79
3887.69,0.64,2.072,9.792
3887.87,0.641,2.071,9.795
3888.5,0.642,2.073,9.801
3888.24,0.643,2.076,9.8
3888.42,0.644,2.076,9.805
3888.6,0.644,2.077,9.806
3888.78,0.642,2.076,9.808
3888.97,0.642,2.076,9.81
3889.15,0.644,2.076,9.817
3889.33,0.647,2.077,9.821
3889.51,0.651,2.08,9.824
3889.7,0.65,2.086,9.827
3889.88,0.649,2.086,9.831
3890.6,0.652,2.086,9.838
3890.24,0.653,2.087,9.837
3890.42,0.655,2.088,9.836
3890.61,0.654,2.089,9.838
3890.79,0.653,2.093,9.84
3890.97,0.653,2.094,9.844
3891.15,0.653,2.097,9.85
3891.34,0.65,2.097,9.853
3891.52,0.647,2.099,9.857
3891.7,0.645,2.097,9.861
3891.88,0.646,2.097,9.863
3892.6,0.646,2.097,9.869
3892.25,0.649,2.098,9.874
3893.52,0.647,2.104,9.888
3893.7,0.647,2.108,9.893
3893.89,0.647,2.107,9.898
3894.7,0.648,2.107,9.903
3894.25,0.651,2.107,9.908
3894.43,0.652,2.11,9.913
3894.62,0.653,2.111,9.915
3894.8,0.65,2.114,9.922
3894.98,0.653,2.118,9.924
3895.16,0.652,2.118,9.928
3901.54,0.668,2.151,10.063
3901.72,0.663,2.149,10.063
3901.91,0.666,2.153,10.068
3902.9,0.663,2.152,10.076
3902.27,0.664,2.157,10.081
3902.45,0.664,2.159,10.08
3902.64,0.664,2.162,10.085
3902.82,0.663,2.162,10.085
3903.0,0.664,2.161,10.09
3903.18,0.664,2.164,10.095
3903.36,0.665,2.167,10.098
3903.55,0.667,2.169,10.103
3903.73,0.669,2.174,10.109
3903.91,0.667,2.174,10.11
3904.9,0.667,2.172,10.117
3904.28,0.665,2.173,10.12
3904.46,0.664,2.176,10.125
3904.64,0.664,2.175,10.13
3904.82,0.665,2.176,10.13
3905.0,0.664,2.177,10.137
3905.19,0.666,2.177,10.138
3905.37,0.666,2.178,10.144
3905.55,0.667,2.182,10.151
3905.73,0.669,2.184,10.152
3905.92,0.67,2.184,10.159
3906.1,0.671,2.187,10.163
3906.28,0.669,2.189,10.171
3906.46,0.669,2.192,10.17
3906.64,0.67,2.193,10.177
3906.83,0.672,2.196,10.177
3907.1,0.669,2.199,10.184
3907.19,0.669,2.201,10.193
3907.37,0.667,2.201,10.197
3907.56,0.67,2.204,10.2
3907.74,0.669,2.203,10.204
3907.92,0.673,2.202,10.209
3908.1,0.675,2.205,10.216
3908.28,0.677,2.207,10.221
3908.47,0.679,2.208,10.227
3908.65,0.678,2.208,10.233
3908.83,0.68,2.209,10.239
3909.1,0.68,2.205,10.244
3909.2,0.68,2.206,10.25
3909.38,0.68,2.207,10.251
3909.56,0.677,2.206,10.251
3909.74,0.678,2.211,10.256
3909.93,0.674,2.211,10.258
3910.11,0.676,2.215,10.264
3910.29,0.677,2.217,10.267
3910.47,0.676,2.213,10.273
3910.65,0.675,2.215,10.28
3910.84,0.678,2.218,10.282
3911.2,0.679,2.222,10.287
3911.2,0.673,2.222,10.289
3911.38,0.674,2.225,10.294
3915.3,0.659,2.247,10.352
3915.21,0.659,2.248,10.356
3915.39,0.66,2.248,10.358
3915.58,0.658,2.248,10.364
3915.76,0.657,2.247,10.366
3915.94,0.655,2.247,10.374
3916.12,0.656,2.248,10.376
3916.3,0.658,2.25,10.38
3916.49,0.657,2.25,10.381
3916.67,0.661,2.253,10.385
3916.85,0.664,2.252,10.386
3917.3,0.668,2.253,10.388
3923.5,0.688,2.289,10.515
3923.23,0.689,2.294,10.521
3923.41,0.69,2.294,10.524
3923.59,0.691,2.296,10.533
3923.78,0.692,2.296,10.536
3923.96,0.689,2.302,10.538
3924.14,0.692,2.303,10.543
3924.32,0.693,2.307,10.545
3924.51,0.694,2.306,10.552
3924.69,0.695,2.308,10.554
3924.87,0.696,2.309,10.559
3925.5,0.695,2.31,10.565
3925.23,0.695,2.31,10.572
3925.42,0.695,2.313,10.576
3925.6,0.696,2.313,10.58
3925.78,0.696,2.312,10.583
3925.96,0.696,2.312,10.583
3926.15,0.699,2.312,10.587
3926.33,0.699,2.312,10.59
3926.51,0.698,2.313,10.597
3926.69,0.698,2.313,10.606
3926.88,0.699,2.315,10.612
3927.6,0.698,2.318,10.618
3927.24,0.697,2.32,10.624
3927.42,0.7,2.319,10.626
3927.6,0.701,2.321,10.63
3927.79,0.701,2.324,10.636
3927.97,0.701,2.326,10.641
3928.15,0.7,2.33,10.644
3928.33,0.698,2.333,10.649
3928.52,0.7,2.334,10.651
3928.7,0.704,2.333,10.653
3929.79,0.694,2.342,10.687
3929.97,0.694,2.341,10.692
3930.16,0.696,2.344,10.696
3930.34,0.699,2.346,10.698
3930.52,0.701,2.347,10.703
3930.7,0.701,2.349,10.705
3930.88,0.699,2.352,10.711
3931.7,0.698,2.354,10.715
3931.25,0.697,2.353,10.716
3931.43,0.695,2.354,10.72
3931.61,0.697,2.356,10.721
3931.8,0.697,2.359,10.726
3931.98,0.697,2.358,10.73
3932.16,0.697,2.359,10.737
3932.34,0.699,2.36,10.74
3932.53,0.698,2.362,10.743
3932.71,0.699,2.361,10.749
3932.89,0.7,2.363,10.752
3933.7,0.701,2.366,10.755
3933.25,0.703,2.368,10.759
3933.44,0.705,2.368,10.762
3933.62,0.704,2.372,10.763
3933.8,0.705,2.375,10.766
3933.98,0.707,2.378,10.768
3934.17,0.706,2.376,10.769
3934.35,0.705,2.373,10.774
3934.53,0.706,2.371,10.776
3934.71,0.702,2.372,10.78
3934.89,0.701,2.374,10.785
3935.8,0.699,2.374,10.789
3935.26,0.705,2.38,10.793
3935.44,0.702,2.379,10.793
3935.62,0.703,2.38,10.8
3935.81,0.7,2.381,10.804
3935.99,0.7,2.381,10.809
3936.17,0.7,2.381,10.816
3936.35,0.7,2.381,10.818
3936.54,0.695,2.381,10.821
3936.72,0.695,2.383,10.826
3936.9,0.695,2.384,10.831
3937.8,0.696,2.386,10.835
3937.26,0.696,2.386,10.837
3937.45,0.698,2.386,10.843
3937.63,0.701,2.39,10.848
3937.81,0.699,2.394,10.853
3937.99,0.696,2.396,10.857
3938.18,0.695,2.4,10.858
3938.36,0.695,2.401,10.86
3938.54,0.694,2.402,10.862
3938.72,0.693,2.405,10.868
3938.9,0.691,2.408,10.874
3939.9,0.688,2.409,10.879
3939.27,0.688,2.41,10.882
3939.45,0.69,2.414,10.889
3939.63,0.69,2.415,10.892
3939.82,0.69,2.421,10.892
3940.0,0.689,2.418,10.896
3940.18,0.692,2.42,10.9
3940.36,0.691,2.419,10.903
3940.54,0.692,2.419,10.909
3940.73,0.69,2.417,10.91
3940.91,0.69,2.418,10.914
3941.9,0.688,2.418,10.916
3941.27,0.687,2.416,10.921
3941.46,0.687,2.419,10.924
3941.64,0.689,2.424,10.927
3941.82,0.689,2.424,10.93
3942.0,0.691,2.425,10.933
3942.18,0.693,2.43,10.939
3942.37,0.69,2.431,10.944
3942.55,0.689,2.435,10.949
3942.73,0.689,2.437,10.951
3946.56,0.689,2.462,11.014
3946.74,0.688,2.46,11.021
3946.92,0.688,2.463,11.024
3947.1,0.686,2.468,11.024
3947.29,0.684,2.469,11.032
3947.47,0.683,2.471,11.039
3947.65,0.677,2.468,11.041
3947.83,0.681,2.466,11.045
3948.2,0.684,2.466,11.049
3948.2,0.685,2.466,11.051
3948.38,0.688,2.464,11.058
3948.56,0.686,2.464,11.062
3948.75,0.686,2.463,11.068
3948.93,0.686,2.462,11.071
3949.11,0.685,2.464,11.078
3949.29,0.687,2.466,11.082
3949.47,0.688,2.468,11.085
3949.66,0.691,2.469,11.091
3949.84,0.691,2.47,11.096
3950.2,0.689,2.47,11.098
3950.2,0.688,2.468,11.101
3950.39,0.688,2.469,11.105
3950.57,0.69,2.47,11.11
3950.75,0.69,2.471,11.112
3950.93,0.69,2.472,11.118
3951.11,0.686,2.472,11.119
3951.3,0.69,2.475,11.12
3951.48,0.692,2.477,11.122
3951.66,0.693,2.478,11.126
3951.84,0.691,2.48,11.132
3952.3,0.691,2.481,11.137
3952.21,0.692,2.484,11.14
3952.39,0.695,2.485,11.144
3952.57,0.697,2.484,11.149
3952.75,0.698,2.486,11.151
3952.94,0.696,2.485,11.156
3953.12,0.698,2.488,11.158
3953.3,0.699,2.489,11.164
3953.48,0.701,2.487,11.169
3953.67,0.702,2.49,11.175
3953.85,0.701,2.492,11.179
3954.3,0.699,2.493,11.183
3954.21,0.699,2.492,11.183
3954.39,0.697,2.492,11.187
3954.58,0.699,2.492,11.193
3954.76,0.696,2.492,11.195
3954.94,0.699,2.494,11.201
3955.12,0.701,2.494,11.206
3955.31,0.699,2.497,11.212
3955.49,0.697,2.494,11.215
3955.67,0.7,2.493,11.22
3955.85,0.701,2.499,11.224
3956.3,0.702,2.501,11.229
3956.22,0.7,2.504,11.233
3956.4,0.7,2.503,11.236
3956.58,0.7,2.507,11.239
3956.76,0.699,2.506,11.239
3956.95,0.7,2.508,11.244
3957.13,0.701,2.51,11.248
3957.31,0.701,2.512,11.253
3957.49,0.701,2.513,11.255
3957.67,0.701,2.515,11.26
3957.86,0.699,2.513,11.264
3958.4,0.7,2.51,11.269
3960.4,0.702,2.526,11.311
3960.23,0.7,2.525,11.315
3960.41,0.698,2.525,11.323
3960.59,0.695,2.524,11.328
3960.77,0.697,2.526,11.331
3960.96,0.695,2.528,11.335
3961.14,0.693,2.529,11.339
3961.32,0.691,2.531,11.345
3961.5,0.691,2.532,11.351
3961.68,0.691,2.535,11.355
3961.87,0.694,2.536,11.359
3962.5,0.695,2.54,11.364
3962.23,0.694,2.543,11.366
3962.41,0.694,2.543,11.368
3962.78,0.695,2.545,11.373
3962.96,0.697,2.545,11.378
3963.14,0.697,2.549,11.381
3963.32,0.7,2.55,11.385
3963.51,0.701,2.549,11.389
3963.69,0.701,2.548,11.389
3963.87,0.7,2.548,11.392
3964.5,0.696,2.547,11.397
3964.24,0.696,2.544,11.403
3964.42,0.696,2.546,11.409
3964.6,0.695,2.545,11.41
3964.78,0.697,2.545,11.413
3964.97,0.699,2.545,11.415
3965.15,0.702,2.544,11.418
3965.33,0.702,2.545,11.421
3965.51,0.702,2.546,11.424
3965.69,0.701,2.546,11.426
3965.88,0.701,2.547,11.431
3966.6,0.698,2.55,11.434
3966.24,0.699,2.553,11.439
3966.42,0.695,2.555,11.443
3966.61,0.694,2.556,11.445
3966.79,0.694,2.557,11.448
3966.97,0.691,2.556,11.452
3967.15,0.691,2.558,11.458
3967.33,0.69,2.559,11.46
3967.52,0.692,2.561,11.464
3967.7,0.694,2.561,11.467
3967.88,0.697,2.563,11.468
3969.16,0.686,2.58,11.496
3969.34,0.684,2.584,11.501
3969.52,0.684,2.586,11.503
3969.7,0.684,2.589,11.506
3969.89,0.684,2.587,11.508
3970.7,0.685,2.588,11.514
3970.25,0.686,2.586,11.517
3970.43,0.684,2.584,11.521
3970.62,0.685,2.585,11.525
3970.8,0.684,2.587,11.527
3970.98,0.684,2.589,11.535
3971.16,0.684,2.588,11.538
3971.34,0.686,2.591,11.542
3971.53,0.682,2.59,11.543
3971.71,0.682,2.593,11.543
3971.89,0.684,2.594,11.547
3972.7,0.686,2.594,11.552
3972.26,0.689,2.593,11.555
3972.44,0.69,2.597,11.562
3972.62,0.691,2.598,11.566
3977.18,0.685,2.622,11.659
3977.36,0.686,2.624,11.662
3977.54,0.686,2.622,11.663
3977.72,0.687,2.623,11.669
3977.91,0.688,2.629,11.675
3978.9,0.691,2.627,11.676
3978.27,0.689,2.629,11.678
3978.45,0.69,2.631,11.68
3978.64,0.689,2.632,11.684
3978.82,0.69,2.633,11.688
3979.0,0.69,2.636,11.689
3979.18,0.689,2.639,11.693
3979.36,0.688,2.641,11.701
3979.55,0.69,2.643,11.706
3979.73,0.688,2.649,11.714
3979.91,0.688,2.649,11.719
3980.9,0.689,2.651,11.721
3980.28,0.689,2.651,11.726
3980.46,0.689,2.655,11.731
3980.64,0.688,2.654,11.735
3980.82,0.686,2.655,11.743
3981.0,0.686,2.656,11.746
3981.19,0.685,2.654,11.75
3981.37,0.685,2.655,11.757
3981.55,-0.0,-0.0,0.0
3981.73,-0.001,0.003,0.002
3981.92,-0.0,0.003,0.008
3982.1,-0.0,0.006,0.014
3982.28,-0.0,0.007,0.018
3982.46,-0.001,0.01,0.026
3982.65,-0.002,0.013,0.031
3982.83,-0.004,0.015,0.039
3983.1,-0.003,0.015,0.045
3983.19,-0.006,0.014,0.051
3983.37,-0.004,0.017,0.058
3983.56,-0.005,0.019,0.062
3983.74,-0.007,0.025,0.07
3983.92,-0.012,0.023,0.073
3984.1,-0.009,0.024,0.078
3984.29,-0.01,0.022,0.08
3984.47,-0.008,0.024,0.083
3984.65,-0.009,0.023,0.087
3984.83,-0.009,0.023,0.09
3985.2,-0.011,0.027,0.097
3985.2,-0.012,0.028,0.102
3985.38,-0.008,0.027,0.107
3985.56,-0.01,0.028,0.108
3985.74,-0.012,0.03,0.113
3985.93,-0.012,0.032,0.118
3986.11,-0.014,0.033,0.12
3986.29,-0.015,0.035,0.123
3986.47,-0.011,0.037,0.13
3986.66,-0.01,0.038,0.136
3986.84,-0.012,0.039,0.143
3987.2,-0.014,0.041,0.146
3987.2,-0.011,0.041,0.151
3987.38,-0.012,0.043,0.154
3987.57,-0.011,0.047,0.155
3987.75,-0.014,0.045,0.161
3987.93,-0.013,0.045,0.16
3988.11,-0.012,0.046,0.164
3988.3,-0.015,0.049,0.17
3988.48,-0.014,0.05,0.176
3988.66,-0.016,0.051,0.178
3988.84,-0.017,0.051,0.188
3989.3,-0.017,0.051,0.192
3989.21,-0.022,0.05,0.195
3989.39,-0.023,0.049,0.2
3989.57,-0.022,0.05,0.204
3989.75,-0.022,0.047,0.205
3989.94,-0.024,0.046,0.211
3990.12,-0.022,0.045,0.217
3990.3,-0.027,0.046,0.225
3990.48,-0.028,0.049,0.228
3990.67,-0.031,0.051,0.238
3990.85,-0.031,0.057,0.247
3991.3,-0.035,0.06,0.251
3991.21,-0.036,0.063,0.256
3991.4,-0.037,0.068,0.261
3991.58,-0.039,0.07,0.263
3991.76,-0.039,0.076,0.264
3991.94,-0.038,0.076,0.265
3992.12,-0.035,0.078,0.267
3992.31,-0.036,0.078,0.267
3992.49,-0.034,0.079,0.271
3992.67,-0.033,0.077,0.275
3992.85,-0.033,0.078,0.282
3993.4,-0.032,0.08,0.287
3993.22,-0.031,0.081,0.286
3993.4,-0.03,0.084,0.289
3993.58,-0.029,0.085,0.293
3993.77,-0.031,0.085,0.296
3993.95,-0.028,0.083,0.302
3994.13,-0.028,0.082,0.305
3994.31,-0.029,0.082,0.306
3994.49,-0.027,0.085,0.309
3994.68,-0.028,0.082,0.312
3994.86,-0.028,0.082,0.316
3995.4,-0.029,0.083,0.321
3995.22,-0.027,0.083,0.322
3995.41,-0.027,0.082,0.327
3995.59,-0.03,0.082,0.33
3995.77,-0.034,0.084,0.336
3995.95,-0.038,0.082,0.341
3996.14,-0.038,0.084,0.343
3996.32,-0.035,0.086,0.345
3996.5,-0.033,0.084,0.351
3996.68,-0.036,0.082,0.358
3997.96,-0.036,0.084,0.385
3998.14,-0.035,0.084,0.392
3998.32,-0.039,0.085,0.396
3998.51,-0.039,0.083,0.398
3998.69,-0.035,0.084,0.402
3998.87,-0.033,0.085,0.405
3999.5,-0.032,0.085,0.407
3999.23,-0.033,0.085,0.409
3999.42,-0.035,0.085,0.414
3999.6,-0.036,0.086,0.419
4005.25,-0.028,0.12,0.534
4005.43,-0.03,0.12,0.537
4005.61,-0.031,0.122,0.542
4005.8,-0.029,0.121,0.544
4005.98,-0.029,0.119,0.548
4006.16,-0.029,0.121,0.551
4006.34,-0.027,0.122,0.553
4006.53,-0.029,0.125,0.56
4006.71,-0.031,0.124,0.565
4006.89,-0.032,0.125,0.57
4007.7,-0.033,0.127,0.576
4007.26,-0.032,0.127,0.58
4007.44,-0.035,0.132,0.581
4007.62,-0.032,0.137,0.583
4007.8,-0.035,0.136,0.587
4007.98,-0.035,0.134,0.589
4008.17,-0.037,0.135,0.592
4008.35,-0.034,0.138,0.597
4008.53,-0.035,0.142,0.597
4008.71,-0.034,0.142,0.596
4008.9,-0.034,0.144,0.599
4009.8,-0.034,0.146,0.603
4009.26,-0.031,0.147,0.605
4009.44,-0.032,0.149,0.608
4009.62,-0.034,0.149,0.612
4009.81,-0.031,0.148,0.617
4009.99,-0.029,0.151,0.624
4010.17,-0.031,0.153,0.627
4010.35,-0.031,0.153,0.633
4010.54,-0.034,0.154,0.637
4010.72,-0.028,0.155,0.642
4010.9,-0.027,0.16,0.646
4011.8,-0.026,0.161,0.652
4011.27,-0.026,0.162,0.658
4011.45,-0.023,0.162,0.663
4011.63,-0.024,0.162,0.664
4011.81,-0.023,0.165,0.669
4011.99,-0.023,0.166,0.676
4012.18,-0.022,0.17,0.682
4012.36,-0.02,0.171,0.688
4014.18,-0.026,0.177,0.738
4014.36,-0.024,0.177,0.745
4014.55,-0.026,0.18,0.747
4014.73,-0.027,0.181,0.75
4014.91,-0.027,0.182,0.753
4015.9,-0.027,0.182,0.756
4015.28,-0.026,0.182,0.759
4015.46,-0.024,0.183,0.759
4015.64,-0.021,0.185,0.767
4015.82,-0.022,0.185,0.766
4016.0,-0.021,0.187,0.768
4016.19,-0.021,0.187,0.769
4016.37,-0.019,0.188,0.774
4016.55,-0.02,0.189,0.778
4016.73,-0.019,0.189,0.784
4016.92,-0.02,0.189,0.789
4017.1,-0.018,0.19,0.793
4017.28,-0.018,0.193,0.797
4017.46,-0.018,0.194,0.805
4017.64,-0.016,0.196,0.814
4017.83,-0.015,0.198,0.816
4018.1,-0.015,0.2,0.823
4018.19,-0.015,0.201,0.827
4018.37,-0.015,0.202,0.828
4018.56,-0.015,0.203,0.83
4018.74,-0.013,0.205,0.833
4018.92,-0.014,0.204,0.841
4019.1,-0.016,0.209,0.848
4019.29,-0.016,0.211,0.848
4019.47,-0.015,0.211,0.853
4019.65,-0.013,0.215,0.854
4019.83,-0.011,0.218,0.861
4020.1,-0.012,0.216,0.869
4020.2,-0.012,0.216,0.872
4020.38,-0.011,0.216,0.877
4020.56,-0.013,0.216,0.883
4020.74,-0.013,0.217,0.888
4020.93,-0.011,0.22,0.892
4021.11,-0.011,0.222,0.893
4021.29,-0.011,0.221,0.9
4021.47,-0.01,0.223,0.902
4021.65,-0.007,0.225,0.905
4021.84,-0.008,0.226,0.906
4022.2,-0.008,0.227,0.911
4022.2,-0.007,0.229,0.913
4022.38,-0.004,0.23,0.917
4022.57,-0.005,0.232,0.923
4022.75,-0.005,0.234,0.927
4022.93,-0.004,0.237,0.929
4023.11,-0.006,0.24,0.932
4023.3,-0.004,0.245,0.936
4023.48,-0.005,0.248,0.938
4023.66,-0.009,0.246,0.946
4023.84,-0.013,0.248,0.948
4024.2,-0.012,0.249,0.951
4024.21,-0.009,0.249,0.957
4024.39,-0.007,0.249,0.959
4024.57,-0.007,0.252,0.963
4024.75,-0.006,0.253,0.967
4024.94,-0.009,0.256,0.972
4025.12,-0.01,0.257,0.979
4025.3,-0.01,0.259,0.986
4025.48,-0.013,0.262,0.988
4025.67,-0.014,0.261,0.991
4025.85,-0.013,0.261,0.992
4026.3,-0.012,0.258,0.995
4026.21,-0.012,0.261,1.0
4026.39,-0.01,0.262,1.005
4026.58,-0.008,0.263,1.009
4026.76,-0.01,0.265,1.011
4026.94,-0.007,0.267,1.011
4027.12,-0.006,0.268,1.014
4027.31,-0.006,0.27,1.017
4027.49,-0.006,0.271,1.02
4027.67,-0.007,0.271,1.027
4027.85,-0.005,0.268,1.034
4028.3,-0.008,0.271,1.034
4028.22,-0.005,0.274,1.039
4028.4,-0.007,0.274,1.043
4028.58,-0.008,0.275,1.044
4028.76,-0.009,0.274,1.05
4028.95,-0.012,0.275,1.054
4029.13,-0.012,0.275,1.056
4029.31,-0.013,0.277,1.061
4029.49,-0.014,0.28,1.063
4029.68,-0.011,0.283,1.067
4029.86,-0.009,0.285,1.068
4030.4,-0.01,0.288,1.068
4030.22,-0.01,0.29,1.068
4030.4,-0.013,0.293,1.071
4030.59,-0.01,0.296,1.072
4030.77,-0.013,0.298,1.076
4030.95,-0.014,0.298,1.076
4031.13,-0.013,0.297,1.077
4031.32,-0.012,0.299,1.084
4031.5,-0.009,0.299,1.089
4031.68,-0.008,0.301,1.093
4031.86,-0.008,0.303,1.096
4032.4,-0.005,0.302,1.101
4032.23,-0.005,0.306,1.104
4032.41,-0.006,0.306,1.109
4032.59,-0.003,0.308,1.116
4032.77,-0.004,0.309,1.12
4032.96,-0.007,0.309,1.122
4033.14,-0.011,0.311,1.125
4033.32,-0.01,0.31,1.128
4033.5,-0.01,0.311,1.132
4033.68,-0.009,0.31,1.136
4033.87,-0.011,0.308,1.144
4034.5,-0.012,0.307,1.148
4034.23,-0.012,0.306,1.153
4034.41,-0.008,0.305,1.155
4034.6,-0.006,0.305,1.157
4034.78,-0.007,0.305,1.161
4034.96,-0.008,0.307,1.167
4035.14,-0.006,0.308,1.173
4035.33,-0.004,0.307,1.176
4035.51,-0.002,0.306,1.18
4035.69,-0.001,0.307,1.185
4035.87,-0.004,0.309,1.191
4036.5,-0.005,0.31,1.195
4036.24,-0.003,0.314,1.201
4036.42,-0.003,0.316,1.205
4038.42,-0.008,0.33,1.248
4038.61,-0.008,0.329,1.255
4038.79,-0.009,0.328,1.257
4038.97,-0.008,0.329,1.261
4039.15,-0.006,0.329,1.264
4039.33,-0.005,0.329,1.269
4039.52,-0.005,0.329,1.273
4039.7,-0.004,0.331,1.273
4039.88,-0.005,0.329,1.277
4040.6,-0.005,0.327,1.276
4046.8,0.009,0.37,1.402
4046.26,0.011,0.371,1.412
4046.44,0.008,0.373,1.419
4046.63,0.005,0.374,1.423
4046.81,0.007,0.373,1.425
4046.99,0.005,0.375,1.429
4047.17,0.005,0.373,1.433
4047.35,0.005,0.372,1.433
4047.54,0.004,0.372,1.439
4047.72,0.002,0.371,1.443
4047.9,0.001,0.373,1.45
4048.8,-0.0,0.374,1.457
4048.27,0.0,0.376,1.46
4048.45,-0.002,0.378,1.464
4048.63,-0.004,0.382,1.469
4048.81,-0.002,0.383,1.472
4048.99,-0.004,0.382,1.468
4049.18,-0.004,0.382,1.47
4049.36,-0.005,0.382,1.476
4049.54,-0.005,0.385,1.481
4049.72,-0.005,0.386,1.484
4049.91,-0.007,0.386,1.488
4050.9,-0.008,0.391,1.49
4050.27,-0.007,0.393,1.492
4050.45,-0.004,0.396,1.494
4050.63,-0.007,0.395,1.5
4050.82,-0.006,0.398,1.504
4051.0,-0.006,0.398,1.507
4051.18,-0.005,0.402,1.511
4051.36,-0.005,0.4,1.516
4051.55,-0.006,0.4,1.516
4051.73,-0.004,0.404,1.52
4051.91,-0.003,0.408,1.523
4052.9,-0.002,0.409,1.524
4052.28,-0.002,0.41,1.528
4052.46,-0.0,0.413,1.534
4052.64,0.001,0.413,1.534
4052.82,0.002,0.413,1.538
4053.0,0.003,0.414,1.544
4053.19,0.002,0.414,1.55
4053.37,0.0,0.415,1.55
4053.55,0.003,0.414,1.556
4053.73,0.003,0.416,1.561
4053.92,0.004,0.417,1.564
4054.1,0.004,0.418,1.565
4054.28,0.006,0.418,1.57
4054.46,0.007,0.422,1.577
4054.64,0.007,0.421,1.579
4054.83,0.01,0.422,1.583
4055.1,0.01,0.422,1.584
4055.19,0.012,0.425,1.588
4055.37,0.013,0.425,1.589
4055.56,0.015,0.428,1.593
4055.74,0.014,0.431,1.596
4055.92,0.016,0.435,1.604
4056.1,0.015,0.437,1.606
4056.29,0.015,0.44,1.608
4056.47,0.013,0.436,1.612
4056.65,0.012,0.438,1.614
4056.83,0.012,0.441,1.617
4057.1,0.012,0.443,1.617
4057.2,0.011,0.445,1.62
4057.38,0.01,0.445,1.62
4058.84,0.012,0.457,1.647
4059.2,0.01,0.456,1.651
4059.2,0.012,0.459,1.655
4059.38,0.015,0.46,1.66
4059.57,0.019,0.463,1.662
4059.75,0.017,0.464,1.668
4059.93,0.018,0.465,1.672
4060.11,0.018,0.472,1.68
4060.29,0.019,0.474,1.687
4060.48,0.021,0.475,1.691
4060.66,0.02,0.478,1.695
4060.84,0.02,0.48,1.702
4061.2,0.017,0.48,1.708
4061.21,0.019,0.481,1.713
4061.39,0.018,0.482,1.714
4061.57,0.017,0.483,1.715
4061.75,0.017,0.487,1.721
4061.94,0.015,0.488,1.725
4062.12,0.014,0.486,1.728
4062.3,0.012,0.488,1.732
4062.48,0.009,0.491,1.736
4062.66,0.007,0.494,1.742
4062.85,0.006,0.493,1.747
4063.3,0.012,0.496,1.753
4063.21,0.011,0.497,1.756
4063.39,0.01,0.496,1.758
4063.58,0.012,0.498,1.765
4063.76,0.013,0.501,1.77
4063.94,0.015,0.503,1.773
4064.12,0.013,0.505,1.777
4064.3,0.012,0.506,1.779
4064.49,0.012,0.505,1.779
4064.67,0.013,0.504,1.785
4064.85,0.014,0.505,1.79
4065.3,0.015,0.506,1.797
4065.22,0.018,0.504,1.8
4065.4,0.018,0.509,1.803
4065.58,0.018,0.513,1.805
4065.76,0.016,0.517,1.809
4065.95,0.015,0.521,1.813
4066.13,0.016,0.521,1.816
4066.31,0.018,0.521,1.818
4066.49,0.017,0.518,1.824
4066.67,0.014,0.519,1.828
4066.86,0.013,0.52,1.83
4067.4,0.01,0.521,1.836
4067.22,0.011,0.519,1.841
4067.4,0.012,0.523,1.849
4069.4,0.028,0.537,1.882
4069.23,0.027,0.54,1.885
4069.41,0.026,0.545,1.888
4069.59,0.027,0.546,1.892
4069.77,0.026,0.549,1.891
4069.95,0.026,0.549,1.894
4070.14,0.024,0.55,1.897
4070.32,0.026,0.552,1.9
4070.5,0.025,0.553,1.905
4070.68,0.025,0.552,1.907
4070.87,0.026,0.555,1.908
4071.5,0.026,0.558,1.912
4071.23,0.025,0.557,1.916
4071.41,0.022,0.559,1.919
4072.69,0.013,0.563,1.946
4072.87,0.01,0.563,1.946
4073.5,0.01,0.565,1.947
4073.24,0.009,0.565,1.95
4073.42,0.011,0.566,1.954
4073.6,0.01,0.569,1.959
4073.78,0.012,0.569,1.965
4073.96,0.012,0.57,1.972
4074.15,0.009,0.571,1.978
4074.33,0.01,0.573,1.981
4074.51,0.011,0.576,1.985
4079.8,0.016,0.593,2.081
4079.98,0.02,0.593,2.088
4080.16,0.018,0.594,2.091
4080.34,0.019,0.593,2.1
4080.53,0.019,0.594,2.106
4080.71,0.023,0.594,2.11
4080.89,0.022,0.594,2.115
4081.7,0.024,0.598,2.123
4081.26,0.025,0.598,2.125
4081.44,0.026,0.601,2.13
4081.62,0.024,0.599,2.137
4081.8,0.025,0.601,2.141
4081.98,0.027,0.603,2.146
4082.17,0.03,0.604,2.149
4082.35,0.03,0.606,2.154
4082.53,0.029,0.608,2.157
4083.62,0.026,0.62,2.182
4083.81,0.026,0.621,2.186
4083.99,0.026,0.621,2.192
4084.17,0.028,0.62,2.196
4084.35,0.027,0.625,2.197
4084.54,0.028,0.625,2.201
4084.72,0.029,0.627,2.205
4084.9,0.028,0.626,2.208
4085.8,0.028,0.627,2.211
4085.27,0.024,0.629,2.213
4085.45,0.021,0.63,2.218
4091.28,0.015,0.664,2.326
4091.46,0.016,0.661,2.332
4091.64,0.016,0.659,2.335
4091.83,0.016,0.659,2.34
4092.1,0.018,0.658,2.345
4092.19,0.017,0.658,2.347
4092.37,0.016,0.66,2.349
4092.56,0.016,0.661,2.354
4092.74,0.016,0.666,2.358
4092.92,0.015,0.665,2.359
4093.1,0.013,0.666,2.364
4093.29,0.015,0.668,2.369
4093.47,0.016,0.671,2.377
4093.65,0.015,0.675,2.382
4093.83,0.017,0.679,2.388
4094.1,0.017,0.68,2.395
4095.11,0.013,0.684,2.421
4095.29,0.014,0.685,2.424
4095.47,0.01,0.685,2.424
4095.66,0.012,0.689,2.427
4095.84,0.011,0.689,2.43
4096.2,0.013,0.69,2.436
4096.2,0.013,0.694,2.442
4096.38,0.011,0.692,2.448
4096.57,0.012,0.694,2.45
4096.75,0.011,0.695,2.453
4096.93,0.01,0.696,2.453
4097.11,0.009,0.699,2.458
4097.3,0.012,0.7,2.464
4097.48,0.011,0.7,2.465
4097.66,0.008,0.702,2.469
4097.84,0.008,0.704,2.469
4098.2,0.006,0.707,2.473
4098.21,0.006,0.711,2.474
4098.39,0.004,0.712,2.477
4098.57,0.007,0.714,2.48
4098.75,0.005,0.718,2.484
4098.94,0.007,0.721,2.489
4099.12,0.008,0.722,2.494
4099.3,0.009,0.722,2.497
4099.48,0.009,0.721,2.503
4099.67,0.01,0.722,2.508
4099.85,0.01,0.721,2.514
4100.3,0.01,0.718,2.516
4100.21,0.01,0.72,2.52
4100.39,0.008,0.719,2.521
4100.58,0.006,0.72,2.523
4100.76,0.005,0.721,2.525
4100.94,0.007,0.721,2.526
4101.12,0.009,0.725,2.53
4101.31,0.009,0.728,2.532
4101.49,0.012,0.73,2.533
4101.67,0.014,0.729,2.536
4101.85,0.012,0.726,2.541
4102.3,0.011,0.723,2.545
4102.22,0.009,0.722,2.548
4102.4,0.007,0.726,2.552
4102.58,0.005,0.726,2.555
4102.76,0.008,0.726,2.555
4102.95,0.011,0.725,2.56
4103.13,0.01,0.725,2.564
4103.31,0.011,0.727,2.565
4103.49,0.009,0.725,2.57
4103.68,0.008,0.726,2.576
4103.86,0.008,0.726,2.581
4104.4,0.005,0.722,2.586
4104.22,0.006,0.724,2.589
4104.4,0.007,0.723,2.595
4104.59,0.003,0.724,2.603
4104.77,0.001,0.724,2.609
4104.95,-0.0,0.726,2.616
4105.13,0.002,0.724,2.626
4105.32,0.0,0.724,2.63
4105.5,0.003,0.724,2.637
4105.68,0.003,0.725,2.642
4105.86,0.003,0.726,2.645
4106.4,0.004,0.73,2.648
4106.23,0.003,0.73,2.654
4106.41,0.004,0.735,2.657
4106.59,0.005,0.736,2.659
4106.77,0.005,0.739,2.659
4106.96,0.006,0.74,2.661
4107.14,0.007,0.742,2.663
4107.32,0.005,0.742,2.668
4107.5,0.004,0.743,2.669
4107.69,0.009,0.745,2.675
4107.87,0.007,0.748,2.681
4108.5,0.01,0.749,2.684
4108.23,0.013,0.748,2.686
4108.41,0.015,0.747,2.688
4108.6,0.016,0.749,2.69
4108.78,0.015,0.749,2.693
4108.96,0.015,0.749,2.697
4109.14,0.016,0.75,2.703
4109.33,0.017,0.751,2.709
4109.51,0.016,0.751,2.713
4110.78,0.017,0.753,2.735
4110.97,0.017,0.753,2.738
4111.15,0.017,0.752,2.742
4111.33,0.017,0.752,2.746
4111.51,0.02,0.752,2.752
4111.7,0.018,0.753,2.756
4111.88,0.02,0.755,2.762
4112.6,0.021,0.754,2.764
4112.24,0.021,0.752,2.768
4112.43,0.023,0.755,2.772
4112.61,0.023,0.757,2.775
4112.79,0.021,0.758,2.777
4112.97,0.02,0.757,2.778
4113.15,0.023,0.761,2.78
4113.34,0.024,0.761,2.783
4113.52,0.023,0.763,2.788
4113.7,0.026,0.766,2.796
4113.88,0.023,0.766,2.8
4114.7,0.026,0.765,2.801
4114.25,0.029,0.766,2.804
4114.43,0.03,0.767,2.805
4114.61,0.031,0.767,2.81
4114.8,0.033,0.767,2.816
4114.98,0.029,0.772,2.82
4115.16,0.027,0.771,2.825
4115.34,0.028,0.771,2.828
4115.52,0.028,0.77,2.833
4115.71,0.028,0.774,2.838
4115.89,0.03,0.773,2.839
4116.7,0.032,0.776,2.842
4116.25,0.035,0.778,2.845
4116.44,0.034,0.781,2.846
4116.62,0.03,0.781,2.852
4116.8,0.029,0.785,2.857
4116.98,0.028,0.787,2.863
4117.16,0.027,0.789,2.862
4117.35,0.032,0.793,2.864
4117.53,0.033,0.791,2.865
4117.71,0.035,0.792,2.869
4117.89,0.034,0.793,2.872
4118.8,0.035,0.791,2.875
4118.26,0.035,0.793,2.878
4118.44,0.036,0.797,2.881
4118.62,0.037,0.802,2.884
4118.81,0.041,0.804,2.886
4118.99,0.044,0.807,2.889
4119.17,0.042,0.811,2.891
4119.35,0.042,0.813,2.891
4119.53,0.039,0.812,2.893
4119.72,0.037,0.814,2.897
4119.9,0.04,0.817,2.902
4120.8,0.039,0.817,2.901
4120.26,0.037,0.82,2.904
4120.45,0.039,0.822,2.91
4120.63,0.036,0.822,2.908
4120.81,0.034,0.824,2.912
4120.99,0.031,0.823,2.916
4121.18,0.03,0.821,2.92
4121.36,0.03,0.825,2.925
4121.54,0.029,0.825,2.93
4121.72,0.029,0.824,2.934
4121.9,0.028,0.826,2.94
4122.9,0.026,0.827,2.942
4122.27,0.025,0.829,2.949
4122.45,0.025,0.829,2.957
4122.63,0.026,0.833,2.964
4122.82,0.027,0.833,2.967
4123.0,0.028,0.833,2.973
4123.18,0.028,0.832,2.977
4123.36,0.032,0.833,2.982
4123.54,0.031,0.836,2.984
4123.73,0.032,0.835,2.987
4123.91,0.033,0.834,2.992
4124.9,0.035,0.836,2.995
4124.27,0.034,0.84,2.999
4124.46,0.034,0.843,3.002
4124.64,0.033,0.844,3.006
4124.82,0.032,0.845,3.011
4125.0,0.032,0.845,3.017
4125.19,0.033,0.842,3.022
4125.37,0.032,0.843,3.025
4125.55,0.032,0.845,3.028
4125.73,0.033,0.846,3.03
4125.91,0.032,0.848,3.031
4126.1,0.032,0.849,3.032
4126.28,0.033,0.851,3.036
4126.46,0.035,0.848,3.034
4126.64,0.034,0.85,3.037
4126.83,0.034,0.849,3.041
4127.1,0.034,0.852,3.042
4127.19,0.032,0.853,3.043
4127.37,0.033,0.856,3.047
4127.56,0.034,0.857,3.052
4127.74,0.032,0.856,3.055
4127.92,0.033,0.855,3.057
4128.1,0.032,0.857,3.06
4128.28,0.033,0.859,3.061
4128.47,0.037,0.859,3.062
4128.65,0.04,0.863,3.065
4128.83,0.041,0.864,3.067
4129.1,0.042,0.864,3.074
4129.2,0.043,0.862,3.078
4129.38,0.042,0.863,3.083
4129.56,0.043,0.864,3.086
4129.74,0.043,0.866,3.088
4129.93,0.042,0.869,3.088
4130.11,0.04,0.87,3.093
4130.29,0.041,0.87,3.098
4130.47,0.041,0.869,3.102
4130.65,0.041,0.871,3.107
4130.84,0.041,0.874,3.11
4131.2,0.041,0.878,3.113
4131.2,0.041,0.881,3.117
4131.38,0.043,0.882,3.12
4131.57,0.047,0.881,3.123
4131.75,0.047,0.875,3.128
4131.93,0.049,0.876,3.133
4132.11,0.051,0.875,3.138
4132.3,0.054,0.88,3.141
4132.48,0.056,0.879,3.145
4132.66,0.058,0.878,3.148
4132.84,0.061,0.879,3.153
4133.2,0.064,0.882,3.16
4133.21,0.065,0.881,3.167
4133.39,0.064,0.88,3.169
4133.57,0.065,0.884,3.17
4133.75,0.069,0.89,3.173
4133.94,0.072,0.891,3.178
4134.12,0.073,0.895,3.182
4134.3,0.072,0.895,3.186
4134.48,0.072,0.896,3.187
4134.67,0.072,0.895,3.19
4134.85,0.073,0.898,3.191
4135.3,0.075,0.898,3.194
4135.21,0.078,0.899,3.198
4135.39,0.076,0.899,3.2
4135.58,0.075,0.9,3.204
4135.76,0.077,0.899,3.209
4137.76,0.087,0.902,3.242
4137.95,0.089,0.905,3.246
4138.13,0.089,0.907,3.25
4138.31,0.089,0.909,3.255
4138.49,0.087,0.912,3.261
4138.68,0.085,0.915,3.265
4138.86,0.086,0.915,3.27
4139.4,0.085,0.916,3.272
4139.22,0.088,0.918,3.278
4139.41,0.089,0.918,3.283
4139.59,0.094,0.92,3.288
4139.77,0.097,0.921,3.292
4139.95,0.096,0.922,3.293
4140.13,0.095,0.923,3.299
4140.32,0.094,0.926,3.303
4140.5,0.093,0.927,3.307
4140.68,0.091,0.925,3.311
4140.86,0.092,0.928,3.313
4141.5,0.093,0.931,3.316
4141.23,0.089,0.932,3.32
4141.41,0.09,0.936,3.32
4141.59,0.09,0.942,3.321
4141.77,0.086,0.942,3.325
4141.96,0.086,0.944,3.327
4142.14,0.082,0.941,3.327
4143.42,0.08,0.947,3.35
4143.6,0.082,0.948,3.353
4143.78,0.08,0.949,3.36
4143.96,0.082,0.953,3.362
4144.14,0.078,0.954,3.365
4144.33,0.076,0.957,3.369
4144.51,0.077,0.956,3.372
4144.69,0.077,0.956,3.376
4144.87,0.078,0.96,3.38
4145.6,0.079,0.957,3.386
4145.24,0.081,0.959,3.397
4145.42,0.082,0.961,3.402
4145.6,0.082,0.965,3.407
4145.79,0.082,0.968,3.409
4145.97,0.083,0.971,3.413
4146.15,0.083,0.974,3.42
4146.33,0.083,0.976,3.424
4146.51,0.084,0.979,3.426
4146.7,0.087,0.981,3.428
4146.88,0.085,0.981,3.432
4147.6,0.086,0.98,3.437
4147.24,0.085,0.984,3.441
4147.43,0.082,0.986,3.445
4147.61,0.08,0.987,3.449
4147.79,0.081,0.99,3.455
4147.97,0.08,0.989,3.462
4148.16,0.078,0.991,3.468
4148.34,0.077,0.991,3.474
4148.52,0.078,0.993,3.481
4148.7,0.077,0.994,3.488
4148.88,0.077,0.993,3.49
4149.7,0.078,0.995,3.496
4149.25,0.077,0.996,3.502
4149.43,0.077,0.997,3.51
4149.61,0.076,0.999,3.511
4149.8,0.077,1.003,3.513
4149.98,0.076,1.003,3.515
4150.16,0.073,1.005,3.519
4150.34,0.073,1.006,3.525
4150.53,0.074,1.009,3.53
4150.71,0.075,1.012,3.539
4150.89,0.071,1.014,3.545
4151.7,0.069,1.018,3.55
4151.25,0.071,1.017,3.555
4151.44,0.073,1.017,3.557
4151.62,0.072,1.018,3.558
4151.8,0.072,1.02,3.562
4151.98,0.07,1.019,3.566
4152.17,0.069,1.02,3.568
4153.26,0.069,1.019,3.594
4153.44,0.066,1.02,3.598
4153.62,0.068,1.017,3.602
4153.81,0.068,1.017,3.604
4153.99,0.068,1.017,3.606
4154.17,0.068,1.017,3.608
4154.35,0.069,1.015,3.614
4154.54,0.068,1.017,3.619
4154.72,0.068,1.017,3.625
4154.9,0.071,1.018,3.632
4155.8,0.074,1.02,3.636
4155.27,0.073,1.022,3.639
4155.45,0.078,1.022,3.642
4155.63,0.076,1.024,3.643
4155.81,0.077,1.021,3.648
4155.99,0.078,1.024,3.65
4156.18,0.08,1.024,3.654
4156.36,0.081,1.023,3.657
4156.54,0.079,1.023,3.661
4156.72,0.079,1.025,3.665
4156.91,0.081,1.026,3.672
4157.9,0.083,1.026,3.672
4157.27,0.085,1.027,3.675
4157.45,0.084,1.03,3.683
4157.64,0.085,1.029,3.685
4157.82,0.085,1.03,3.687
4158.0,0.085,1.033,3.69
4158.18,0.085,1.034,3.694
4158.36,0.086,1.033,3.698
4158.55,0.087,1.033,3.702
4158.73,0.086,1.036,3.707
4158.91,0.085,1.038,3.71
4159.9,0.085,1.037,3.712
4159.28,0.08,1.036,3.718
4159.46,0.082,1.039,3.722
4159.64,0.082,1.04,3.721
4159.82,0.081,1.039,3.726
4160.1,0.082,1.041,3.732
4160.19,0.084,1.043,3.736
4160.37,0.085,1.044,3.74
4160.55,0.084,1.046,3.742
4160.73,0.083,1.049,3.746
4160.92,0.084,1.053,3.748
4161.1,0.085,1.054,3.753
4161.28,0.083,1.057,3.758
4161.46,0.081,1.057,3.765
4161.65,0.081,1.057,3.77
4161.83,0.083,1.058,3.773
4162.1,0.082,1.059,3.774
4162.19,0.083,1.061,3.781
4162.38,0.085,1.06,3.787
4162.56,0.083,1.061,3.793
4162.74,0.083,1.064,3.8
4162.92,0.086,1.068,3.804
4163.1,0.085,1.072,3.808
4163.29,0.086,1.072,3.81
4163.47,0.086,1.074,3.814
4163.65,0.085,1.073,3.818
4163.83,0.083,1.075,3.824
4164.2,0.086,1.077,3.83
4164.2,0.087,1.08,3.834
4164.38,0.085,1.081,3.837
4164.56,0.084,1.08,3.838
4164.75,0.082,1.081,3.845
4164.93,0.082,1.083,3.849
4166.2,0.086,1.087,3.861
4166.2,0.086,1.089,3.868
4166.39,0.089,1.09,3.869
4166.57,0.091,1.092,3.879
4166.75,0.092,1.089,3.881
4166.93,0.092,1.093,3.888
4167.12,0.091,1.093,3.892
4167.3,0.091,1.093,3.895
4167.48,0.091,1.093,3.9
4167.66,0.094,1.095,3.904
4167.84,0.094,1.091,3.906
4173.68,0.102,1.121,4.035
4173.86,0.105,1.12,4.036
4174.4,0.107,1.121,4.041
4174.23,0.108,1.121,4.043
4174.41,0.108,1.119,4.048
4174.59,0.107,1.118,4.053
4174.77,0.106,1.119,4.058
4174.96,0.107,1.121,4.061
4175.14,0.106,1.121,4.067
4175.32,0.105,1.123,4.073
4175.5,0.102,1.121,4.077
4175.68,0.099,1.119,4.08
4175.87,0.1,1.118,4.085
4176.5,0.099,1.118,4.09
4176.23,0.1,1.119,4.097
4176.41,0.101,1.117,4.103
4176.6,0.101,1.116,4.109
4176.78,0.102,1.116,4.112
4176.96,0.104,1.118,4.117
4178.24,0.106,1.126,4.147
4178.42,0.105,1.127,4.152
4178.6,0.105,1.13,4.155
4178.78,0.109,1.128,4.162
4178.97,0.108,1.126,4.167
4179.15,0.105,1.125,4.169
4179.33,0.103,1.125,4.171
4179.51,0.106,1.126,4.175
4179.7,0.106,1.125,4.179
4179.88,0.11,1.127,4.181
4180.6,0.112,1.126,4.183
4180.24,0.112,1.126,4.183
4180.42,0.109,1.126,4.187
4180.61,0.108,1.126,4.186
4180.79,0.108,1.128,4.191
4180.97,0.109,1.126,4.196
4181.15,0.113,1.129,4.203
4181.34,0.118,1.13,4.21
4181.52,0.116,1.13,4.215
4181.7,0.117,1.13,4.219
4181.88,0.119,1.133,4.221
4182.7,0.122,1.131,4.224
4182.25,0.121,1.129,4.224
4182.43,0.123,1.128,4.225
4182.61,0.122,1.132,4.23
4182.79,0.122,1.136,4.235
4182.98,0.123,1.136,4.238
4183.16,0.123,1.135,4.239
4183.34,0.122,1.138,4.242
4186.44,0.129,1.151,4.315
4186.62,0.132,1.153,4.32
4186.8,0.132,1.152,4.322
4186.99,0.133,1.15,4.327
4187.17,0.133,1.149,4.33
4187.35,0.135,1.152,4.331
4187.53,0.134,1.151,4.333
4187.72,0.134,1.152,4.34
4187.9,0.134,1.154,4.343
4188.8,0.139,1.156,4.348
4188.26,0.138,1.157,4.351
4188.45,0.14,1.159,4.353
4188.63,0.14,1.161,4.356
4188.81,0.14,1.164,4.361
4188.99,0.143,1.166,4.362
4189.17,0.143,1.168,4.365
4189.36,0.141,1.169,4.367
4189.54,0.143,1.173,4.373
4189.72,0.141,1.174,4.379
4189.9,0.144,1.172,4.38
4190.9,0.144,1.174,4.381
4190.27,0.142,1.172,4.384
4191.36,0.138,1.181,4.405
4191.54,0.138,1.183,4.407
4191.73,0.134,1.184,4.41
4191.91,0.133,1.184,4.417
4192.9,0.13,1.183,4.421
4192.27,0.131,1.18,4.425
4192.46,0.128,1.18,4.427
4192.64,0.131,1.185,4.434
4192.82,0.13,1.185,4.438
4193.0,0.13,1.187,4.443
4193.18,0.134,1.187,4.449
4193.37,0.136,1.19,4.454
4193.55,0.139,1.189,4.457
4193.73,0.136,1.188,4.459
4193.91,0.137,1.19,4.459
4194.1,0.135,1.193,4.465
4194.28,0.136,1.194,4.468
4194.46,0.136,1.194,4.474
4194.64,0.137,1.194,4.478
4195.74,0.139,1.198,4.503
4195.92,0.138,1.198,4.507
4196.1,0.139,1.199,4.506
4196.28,0.142,1.196,4.509
4196.47,0.142,1.197,4.512
4196.65,0.145,1.199,4.514
4196.83,0.144,1.201,4.519
4197.1,0.145,1.206,4.524
4197.19,0.145,1.207,4.53
4197.38,0.146,1.208,4.533
4197.56,0.146,1.209,4.537
4203.76,0.152,1.236,4.659
4203.94,0.152,1.235,4.661
4204.12,0.151,1.235,4.664
4204.3,0.151,1.236,4.668
4204.49,0.15,1.237,4.669
4204.67,0.15,1.236,4.672
4204.85,0.149,1.238,4.675
4205.3,0.149,1.238,4.676
4205.21,0.151,1.24,4.682
4205.4,0.153,1.24,4.686
4205.58,0.153,1.24,4.691
4205.76,0.151,1.244,4.693
4205.94,0.15,1.244,4.699
4206.13,0.148,1.245,4.704
4206.31,0.151,1.244,4.709
4206.49,0.151,1.249,4.716
4206.67,0.152,1.249,4.72
4206.85,0.15,1.251,4.724
4207.4,0.147,1.251,4.73
4207.22,0.149,1.252,4.735
4207.4,0.149,1.255,4.742
4207.58,0.15,1.256,4.744
4208.68,0.151,1.262,4.758
4208.86,0.152,1.264,4.763
4209.4,0.149,1.267,4.769
4209.22,0.148,1.27,4.775
4209.41,0.147,1.27,4.782
4209.59,0.149,1.272,4.789
4209.77,0.148,1.274,4.794
4209.95,0.147,1.275,4.798
4210.14,0.152,1.277,4.804
4210.32,0.154,1.278,4.806
4210.5,0.155,1.278,4.811
4210.68,0.153,1.317,4.958
4217.43,0.154,1.319,4.963
4217.61,0.157,1.319,4.962
4217.79,0.156,1.321,4.967
4217.97,0.154,1.324,4.973
4218.16,0.155,1.326,4.977
4218.34,0.15,1.324,4.978
4218.52,0.153,1.327,4.982
4218.7,0.153,1.331,4.985
4218.89,0.154,1.33,4.99
4219.7,0.153,1.33,4.991
4224.72,0.163,1.346,5.114
4224.9,0.164,1.348,5.116
4225.8,0.165,1.35,5.118
4225.27,0.165,1.353,5.121
4225.45,0.165,1.356,5.125
4225.63,0.165,1.361,5.127
4225.81,0.164,1.362,5.13
4225.99,0.165,1.363,5.134
4226.18,0.166,1.363,5.138
4226.36,0.168,1.366,5.145
4232.1,0.165,1.408,5.26
4232.19,0.162,1.407,5.262
4232.37,0.164,1.407,5.266
4232.56,0.164,1.406,5.268
4232.74,0.164,1.407,5.271
4232.92,0.164,1.407,5.275
4233.1,0.162,1.407,5.278
4233.29,0.161,1.41,5.285
4233.47,0.159,1.411,5.286
4233.65,0.16,1.412,5.292
4233.83,0.158,1.412,5.297
4234.1,0.16,1.41,5.303
4234.2,0.159,1.413,5.305
4234.38,0.16,1.414,5.306
4234.56,0.161,1.415,5.31
4234.74,0.159,1.414,5.315
4234.93,0.155,1.414,5.318
4235.11,0.155,1.415,5.321
4235.29,0.153,1.416,5.324
4235.47,0.154,1.416,5.327
4235.66,0.152,1.417,5.331
4235.84,0.153,1.422,5.334
4236.2,0.151,1.422,5.337
4236.2,0.154,1.424,5.339
4236.38,0.155,1.427,5.343
4236.57,0.155,1.428,5.351
4236.75,0.155,1.43,5.353
4236.93,0.16,1.432,5.356
4237.11,0.158,1.434,5.359
4237.3,0.162,1.435,5.366
4237.48,0.161,1.435,5.372
4237.66,0.165,1.436,5.376
4237.84,0.163,1.438,5.38
4238.3,0.162,1.437,5.386
4238.21,0.165,1.441,5.391
4238.39,0.166,1.443,5.395
4238.57,0.164,1.442,5.399
4238.75,0.163,1.441,5.406
4238.94,0.164,1.44,5.415
4239.12,0.165,1.442,5.417
4239.3,0.165,1.439,5.425
4239.48,0.165,1.44,5.43
4239.67,0.162,1.438,5.433
4239.85,0.162,1.438,5.436
4240.3,0.162,1.437,5.439
4240.21,0.162,1.438,5.446
4240.4,0.165,1.437,5.45
4240.58,0.166,1.44,5.457
4240.76,0.168,1.443,5.46
4240.94,0.169,1.443,5.467
4241.12,0.168,1.446,5.472
4241.31,0.171,1.443,5.473
4241.49,0.17,1.443,5.476
4241.67,0.167,1.443,5.481
4241.85,0.167,1.444,5.485
4242.4,0.169,1.441,5.492
4242.22,0.171,1.44,5.497
4242.4,0.171,1.442,5.502
4242.58,0.174,1.447,5.51
4242.77,0.174,1.449,5.514
4242.95,0.175,1.452,5.52
4243.13,0.174,1.454,5.524
4243.31,0.176,1.455,5.532
4243.49,0.174,1.455,5.539
4243.68,0.174,1.453,5.542
4243.86,0.174,1.452,5.549
4244.4,0.172,1.452,5.553
4244.22,0.173,1.454,5.557
4244.41,0.173,1.453,5.562
4244.59,0.172,1.453,5.568
4244.77,0.173,1.453,5.573
4249.15,0.174,1.467,5.66
4249.33,0.174,1.47,5.659
4249.51,0.171,1.47,5.663
4249.69,0.172,1.47,5.666
4249.87,0.167,1.473,5.665
4250.6,0.171,1.473,5.668
4250.24,0.169,1.475,5.671
4250.42,0.171,1.479,5.673
4250.6,0.172,1.48,5.681
4250.79,0.172,1.481,5.686
4250.97,0.168,1.481,5.69
4256.8,0.169,1.52,5.801
4256.98,0.167,1.52,5.805
4257.16,0.167,1.519,5.805
4257.35,0.165,1.52,5.808
4257.53,0.166,1.521,5.816
4257.71,0.165,1.521,5.82
4257.89,0.165,1.523,5.826
4258.8,0.165,1.524,5.83
4258.26,0.167,1.524,5.835
4258.44,0.167,1.523,5.836
4258.62,0.166,1.524,5.841
4258.81,0.167,1.526,5.844
4258.99,0.165,1.528,5.848
4259.17,0.163,1.529,5.849
4259.35,0.164,1.531,5.849
4259.53,0.163,1.53,5.848
4259.72,0.163,1.531,5.85
4259.9,0.161,1.533,5.852
4260.8,0.16,1.536,5.856
4260.26,0.161,1.536,5.862
4260.45,0.162,1.537,5.864
4260.63,0.163,1.535,5.868
4260.81,0.165,1.538,5.872
4260.99,0.163,1.541,5.871
4261.18,0.166,1.543,5.876
4261.36,0.167,1.544,5.881
4261.54,0.169,1.547,5.883
4261.72,0.166,1.549,5.883
4261.9,0.165,1.554,5.884
4262.9,0.167,1.556,5.887
4263.36,0.164,1.565,5.912
4263.55,0.164,1.567,5.918
4263.73,0.166,1.567,5.92
4263.91,0.169,1.569,5.924
4264.9,0.171,1.567,5.927
4264.27,0.169,1.564,5.93
4264.46,0.172,1.566,5.936
4264.64,0.173,1.567,5.942
4264.82,0.173,1.564,5.946
4265.0,0.173,1.563,5.946
4265.19,0.172,1.563,5.954
4265.37,0.171,1.564,5.961
4265.55,0.169,1.566,5.963
4265.73,0.166,1.565,5.965
4265.91,0.169,1.566,5.973
4266.1,0.168,1.568,5.976
4266.28,0.164,1.571,5.978
4266.46,0.165,1.575,5.981
4266.64,0.166,1.574,5.985
4266.83,0.169,1.575,5.988
4267.1,0.169,1.577,5.991
4267.19,0.169,1.576,5.997
4267.37,0.167,1.578,6.0
4267.56,0.17,1.578,6.003
4267.74,0.168,1.577,6.008
4267.92,0.172,1.579,6.011
4268.1,0.171,1.58,6.017
4268.28,0.17,1.583,6.021
4268.47,0.169,1.584,6.025
4268.65,0.169,1.587,6.029
4268.83,0.167,1.592,6.032
4269.1,0.165,1.592,6.034
4269.2,0.164,1.591,6.039
4269.38,0.162,1.592,6.044
4269.56,0.163,1.592,6.053
4269.74,0.162,1.592,6.056
4269.93,0.162,1.595,6.06
4270.11,0.161,1.593,6.064
4270.29,0.159,1.591,6.066
4270.47,0.163,1.592,6.067
4270.65,0.164,1.59,6.072
4270.84,0.166,1.59,6.078
4271.2,0.163,1.59,6.084
4271.2,0.163,1.593,6.089
4271.38,0.161,1.593,6.094
4271.57,0.161,1.595,6.098
4271.75,0.161,1.596,6.099
4271.93,0.16,1.598,6.102
4272.11,0.16,1.601,6.105
4272.29,0.159,1.604,6.109
4272.48,0.161,1.605,6.112
4272.66,0.162,1.61,6.116
4272.84,0.161,1.611,6.117
4273.2,0.16,1.612,6.122
4273.21,0.16,1.615,6.126
4273.39,0.159,1.617,6.13
4273.57,0.157,1.618,6.133
4273.75,0.152,1.617,6.136
4273.94,0.15,1.617,6.139
4274.12,0.147,1.618,6.145
4274.3,0.147,1.62,6.147
4274.48,0.147,1.621,6.15
4274.66,0.144,1.625,6.156
4274.85,0.146,1.628,6.162
4275.3,0.143,1.625,6.167
4276.12,0.144,1.632,6.193
4276.31,0.141,1.634,6.193
4276.49,0.141,1.633,6.197
4276.67,0.142,1.635,6.203
4276.85,0.14,1.632,6.205
4277.3,0.142,1.635,6.21
4277.22,0.141,1.637,6.212
4277.4,0.141,1.638,6.216
4277.58,0.14,1.637,6.22
4277.76,0.138,1.638,6.223
4277.95,0.14,1.64,6.228
4278.13,0.14,1.641,6.232
4278.31,0.141,1.638,6.236
4278.49,0.142,1.64,6.24
4278.68,0.142,1.64,6.244
4278.86,0.146,1.642,6.248
4279.4,0.145,1.637,6.249
4279.22,0.145,1.64,6.256
4279.4,0.142,1.641,6.258
4279.59,0.142,1.643,6.265
4279.77,0.145,1.642,6.268
4279.95,0.149,1.643,6.277
4280.13,0.151,1.643,6.283
4280.32,0.151,1.642,6.288
4280.5,0.15,1.641,6.294
4283.42,0.149,1.658,6.34
4283.6,0.149,1.658,6.342
4283.78,0.148,1.66,6.346
4283.96,0.153,1.66,6.346
4284.14,0.155,1.66,6.349
4284.33,0.154,1.661,6.353
4284.51,0.155,1.658,6.358
4284.69,0.155,1.657,6.364
4284.87,0.153,1.661,6.369
4285.6,0.155,1.663,6.372
4285.24,0.161,1.663,6.373
4285.42,0.162,1.667,6.376
4285.6,0.162,1.669,6.379
4285.79,0.162,1.67,6.384
4285.97,0.161,1.671,6.39
4286.15,0.162,1.67,6.393
4286.33,0.159,1.674,6.395
4286.52,0.161,1.674,6.396
4286.7,0.16,1.676,6.404
4286.88,0.157,1.677,6.405
4287.6,0.157,1.677,6.41
4287.24,0.154,1.679,6.413
4287.43,0.154,1.68,6.419
4287.61,0.153,1.678,6.424
4287.79,0.157,1.675,6.426
4287.97,0.161,1.676,6.431
4288.16,0.164,1.677,6.432
4288.34,0.166,1.681,6.435
4288.52,0.167,1.68,6.435
4288.7,0.167,1.685,6.44
4288.89,0.167,1.688,6.445
4289.7,0.167,1.69,6.448
4289.25,0.168,1.693,6.45
4289.43,0.167,1.688,6.454
4289.62,0.167,1.689,6.455
4289.8,0.165,1.69,6.459
4289.98,0.165,1.691,6.465
4293.63,0.169,1.723,6.544
4293.81,0.168,1.718,6.548
4293.99,0.171,1.716,6.556
4294.17,0.167,1.719,6.558
4294.36,0.165,1.723,6.561
4294.54,0.166,1.726,6.561
4294.72,0.166,1.727,6.563
4294.9,0.169,1.729,6.567
4295.8,0.17,1.73,6.576
4295.27,0.169,1.731,6.581
4295.45,0.166,1.731,6.586
4295.63,0.165,1.73,6.586
4295.81,0.165,1.729,6.589
4296.0,0.164,1.727,6.591
4296.18,0.166,1.733,6.595
4296.36,0.168,1.739,6.622
4297.45,0.169,1.74,6.626
4297.64,0.169,1.737,6.629
4297.82,0.17,1.736,6.639
4298.0,0.172,1.737,6.641
4298.18,0.176,1.737,6.644
4298.37,0.176,1.736,6.649
4298.55,0.179,1.739,6.652
4298.73,0.178,1.739,6.655
4298.91,0.18,1.739,6.661
4299.1,0.181,1.741,6.663
4299.28,0.179,1.74,6.67
4299.46,0.177,1.74,6.673
4299.64,0.176,1.74,6.677
4299.83,0.178,1.741,6.681
4300.1,0.176,1.742,6.685
4300.19,0.178,1.741,6.69
4300.37,0.181,1.737,6.694
4300.55,0.181,1.739,6.7
4300.74,0.18,1.742,6.706
4300.92,0.176,1.744,6.71
4301.1,0.179,1.741,6.719
4301.28,0.181,1.744,6.722
4301.47,0.181,1.744,6.725
4301.65,0.181,1.743,6.728
4301.83,0.183,1.746,6.73
4302.1,0.181,1.747,6.732
4302.2,0.184,1.75,6.735
4302.38,0.185,1.754,6.739
4302.56,0.185,1.754,6.745
4302.74,0.187,1.754,6.751
4302.92,0.188,1.757,6.758
4303.11,0.189,1.758,6.762
4303.29,0.189,1.76,6.765
4303.47,0.19,1.761,6.771
4303.65,0.191,1.759,6.775
4303.84,0.192,1.76,6.775
4304.2,0.193,1.764,6.78
4304.2,0.193,1.764,6.784
4304.38,0.196,1.763,6.788
4304.57,0.197,1.762,6.788
4304.75,0.201,1.762,6.793
4304.93,0.203,1.761,6.799
4305.11,0.204,1.764,6.806
4305.29,0.208,1.761,6.81
4305.48,0.21,1.761,6.815
4305.66,0.211,1.761,6.818
4305.84,0.211,1.766,6.823
4306.2,0.209,1.765,6.829
4306.21,0.211,1.763,6.831
4306.39,0.207,1.762,6.834
4306.57,0.206,1.765,6.839
4306.75,0.206,1.766,6.842
4306.94,0.209,1.768,6.843
4307.12,0.211,1.767,6.849
4307.3,0.212,1.769,6.853
4307.48,0.214,1.769,6.859
4307.67,0.215,1.769,6.864
4307.85,0.214,1.769,6.867
4308.3,0.217,1.772,6.873
4308.21,0.217,1.774,6.879
4308.39,0.219,1.774,6.882
4308.58,0.215,1.771,6.886
4308.76,0.213,1.774,6.889
4308.94,0.215,1.777,6.896
4309.12,0.216,1.777,6.9
4309.31,0.218,1.777,6.908
4309.49,0.219,1.776,6.915
4309.67,0.221,1.776,6.917
4309.85,0.223,1.776,6.919
4310.4,0.224,1.775,6.926
4310.22,0.227,1.775,6.932
4310.4,0.229,1.774,6.937
4310.58,0.227,1.775,6.94
4310.76,0.225,1.775,6.944
4310.95,0.229,1.773,6.952
4311.13,0.23,1.774,6.957
4311.31,0.228,1.775,6.96
4311.49,0.229,1.774,6.967
4311.68,0.231,1.776,6.975
4311.86,0.232,1.778,6.979
4312.4,0.228,1.777,6.982
4312.22,0.228,1.78,6.987
4312.41,0.229,1.784,6.991
4312.59,0.229,1.784,6.997
4312.77,0.231,1.786,7.005
4312.95,0.234,1.784,7.013
4313.13,0.232,1.785,7.016
4313.32,0.233,1.784,7.021
4313.5,0.236,1.786,7.021
4313.68,0.235,1.786,7.026
4313.86,0.239,1.786,7.031
4314.5,0.241,1.788,7.038
4314.23,0.236,1.789,7.041
4314.41,0.236,1.788,7.047
4314.59,0.236,1.788,7.052
4314.78,0.237,1.788,7.057
4314.96,0.238,1.788,7.063
4315.14,0.241,1.788,7.071
4315.32,0.243,1.794,7.075
4315.5,0.246,1.796,7.078
4315.69,0.247,1.797,7.084
4315.87,0.249,1.795,7.09
4316.5,0.251,1.796,7.097
4316.23,0.248,1.796,7.104
4316.42,0.252,1.799,7.106
4316.6,0.253,1.8,7.111
4316.78,0.252,1.8,7.114
4316.96,0.255,1.804,7.118
4317.15,0.256,1.804,7.122
4317.33,0.257,1.806,7.124
4317.51,0.261,1.804,7.133
4317.69,0.261,1.803,7.139
4317.88,0.261,1.803,7.146
4318.6,0.263,1.808,7.148
4318.24,0.261,1.807,7.152
4318.42,0.261,1.805,7.157
4318.6,0.258,1.806,7.16
4318.79,0.258,1.809,7.166
4318.97,0.257,1.811,7.169
4320.24,0.269,1.812,7.203
4320.43,0.268,1.812,7.209
4320.61,0.27,1.812,7.213
4320.79,0.272,1.814,7.22
4320.97,0.273,1.815,7.224
4321.16,0.273,1.814,7.228
4321.34,0.272,1.813,7.229
4321.52,0.277,1.812,7.233
4321.7,0.28,1.812,7.235
4321.89,0.282,1.813,7.239
4322.7,0.281,1.814,7.242
4322.25,0.285,1.815,7.251
4322.43,0.282,1.815,7.257
4322.61,0.284,1.816,7.263
4322.8,0.286,1.814,7.269
4322.98,0.288,1.817,7.273
4323.16,0.291,1.817,7.276
4323.34,0.29,1.816,7.28
4323.53,0.292,1.818,7.286
4323.71,0.295,1.818,7.293
4323.89,0.292,1.819,7.3
4324.7,0.292,1.82,7.302
4324.26,0.292,1.82,7.302
4324.44,0.292,1.822,7.305
4324.62,0.294,1.825,7.31
4324.8,0.292,1.827,7.316
4324.98,0.294,1.828,7.324
4325.17,0.296,1.827,7.33
4325.35,0.301,1.828,7.334
4325.53,0.303,1.83,7.337
4325.71,0.302,1.829,7.34
4325.9,0.301,1.828,7.341
4326.8,0.3,1.827,7.352
4326.26,0.3,1.828,7.357
4326.44,0.302,1.829,7.36
4326.63,0.302,1.826,7.365
4326.81,0.305,1.828,7.37
4326.99,0.303,1.827,7.375
4327.17,0.306,1.827,7.38
4327.35,0.305,1.828,7.381
4327.54,0.308,1.83,7.385
4327.72,0.31,1.829,7.391
4327.9,0.312,1.834,7.393
4328.8,0.314,1.834,7.393
4328.27,0.313,1.837,7.398
4329.91,0.324,1.84,7.444
4330.9,0.324,1.842,7.45
4330.27,0.323,1.846,7.458
4330.45,0.326,1.848,7.462
4330.64,0.324,1.848,7.465
4330.82,0.324,1.849,7.471
4331.0,0.324,1.849,7.476
4331.18,0.326,1.849,7.482
4331.36,0.325,1.85,7.488
4331.55,0.327,1.847,7.491
4331.73,0.329,1.848,7.494
4331.91,0.327,1.851,7.5
4332.9,0.328,1.853,7.507
4332.28,0.328,1.85,7.513
4332.46,0.329,1.852,7.517
4332.64,0.329,1.851,7.522
4332.82,0.329,1.849,7.526
4333.0,0.326,1.853,7.531
4333.19,0.326,1.849,7.533
4333.37,0.326,1.85,7.539
4333.55,0.327,1.851,7.544
4333.73,0.325,1.849,7.545
4333.92,0.325,1.85,7.553
4334.1,0.328,1.852,7.56
4334.28,0.331,1.854,7.565
4334.46,0.332,1.857,7.569
4334.65,0.336,1.856,7.573
4334.83,0.337,1.857,7.579
4335.1,0.338,1.858,7.582
4335.19,0.337,1.857,7.588
4335.37,0.338,1.859,7.594
4335.56,0.34,1.86,7.596
4335.74,0.341,1.857,7.597
4335.92,0.343,1.859,7.599
4336.1,0.345,1.86,7.602
4336.29,0.345,1.862,7.61
4336.47,0.345,1.865,7.615
4336.65,0.345,1.865,7.621
4336.83,0.347,1.868,7.628
4337.1,0.347,1.868,7.633
4337.2,0.344,1.872,7.636
4337.38,0.343,1.871,7.638
4337.56,0.341,1.869,7.642
4337.74,0.34,1.869,7.645
4337.93,0.339,1.872,7.652
4338.11,0.341,1.875,7.654
4338.29,0.34,1.873,7.655
4338.47,0.341,1.874,7.658
4338.66,0.343,1.876,7.662
4338.84,0.344,1.876,7.666
4339.2,0.345,1.877,7.669
4339.2,0.35,1.878,7.67
4339.38,0.35,1.88,7.674
4339.57,0.352,1.882,7.673
4339.75,0.351,1.886,7.675
4339.93,0.353,1.888,7.678
4340.11,0.353,1.889,7.68
4340.3,0.352,1.889,7.689
4340.48,0.356,1.891,7.696
4340.66,0.355,1.89,7.698
4340.84,0.359,1.896,7.704
4341.3,0.358,1.897,7.706
4341.21,0.357,1.897,7.709
4341.39,0.359,1.9,7.711
4341.57,0.358,1.898,7.714
4341.75,0.36,1.901,7.721
4341.94,0.363,1.905,7.727
4342.12,0.364,1.906,7.733
4342.3,0.367,1.908,7.736
4342.48,0.369,1.911,7.745
4342.67,0.368,1.912,7.748
4342.85,0.369,1.913,7.752
4343.3,0.37,1.914,7.76
4343.21,0.372,1.916,7.766
4343.39,0.372,1.917,7.768
4343.58,0.373,1.92,7.772
4343.76,0.374,1.918,7.779
4343.94,0.377,1.919,7.785
4344.12,0.373,1.922,7.786
4344.31,0.374,1.924,7.79
4344.49,0.376,1.923,7.796
4344.67,0.375,1.922,7.802
4344.85,0.376,1.921,7.808
4345.3,0.377,1.923,7.814
4345.22,0.374,1.924,7.818
4345.4,0.374,1.925,7.823
4349.96,0.396,1.955,7.932
4350.14,0.395,1.957,7.937
4350.32,0.398,1.959,7.941
4350.5,0.398,1.963,7.948
4350.68,0.399,1.961,7.951
4350.87,0.399,1.959,7.956
4351.5,0.398,1.964,7.961
4351.23,0.401,1.965,7.964
4351.41,0.4,1.965,7.97
4351.6,0.401,1.967,7.973
4351.78,0.402,1.968,7.978
4351.96,0.399,1.967,7.982
4352.14,0.402,1.972,7.988
4352.33,0.404,1.972,7.991
4352.51,0.407,1.972,8.001
4352.69,0.407,1.971,8.006
4352.87,0.407,1.971,8.009
4353.5,0.407,1.972,8.015
4353.24,0.408,1.973,8.019
4353.42,0.41,1.974,8.022
4353.6,0.412,1.978,8.024
4353.78,0.412,1.977,8.026
4353.97,0.414,1.978,8.031
4354.15,0.415,1.978,8.033
4354.33,0.418,1.982,8.039
4354.51,0.418,1.983,8.042
4354.7,0.42,1.987,8.045
4354.88,0.421,1.986,8.047
4355.6,0.42,1.987,8.051
4355.24,0.422,1.986,8.052
4355.42,0.419,1.985,8.058
4355.61,0.423,1.984,8.065
4355.79,0.421,1.986,8.069
4355.97,0.423,1.985,8.073
4356.15,0.425,1.986,8.076
4356.34,0.425,1.988,8.08
4356.52,0.425,1.988,8.082
4356.7,0.428,1.99,8.086
4356.88,0.43,1.991,8.092
4357.6,0.431,1.99,8.095
4357.25,0.432,1.992,8.1
4357.43,0.43,1.99,8.105
4359.25,0.442,2.0,8.144
4359.43,0.442,1.996,8.152
4359.62,0.441,1.997,8.158
4359.8,0.445,1.998,8.162
4359.98,0.45,2.001,8.166
4360.16,0.454,2.007,8.171
4360.35,0.457,2.011,8.178
4360.53,0.46,2.01,8.179
4360.71,0.464,2.014,8.182
4360.89,0.464,2.014,8.185
4361.8,0.466,2.017,8.19
4361.26,0.463,2.013,8.195
4361.44,0.465,2.018,8.2
4361.62,0.463,2.016,8.2
4361.8,0.468,2.018,8.206
4361.99,0.467,2.018,8.212
4362.17,0.468,2.02,8.216
4362.35,0.466,2.02,8.222
4362.53,0.466,2.018,8.227
4362.72,0.466,2.019,8.23
4362.9,0.469,2.021,8.23
4363.8,0.472,2.023,8.234
4363.26,0.47,2.022,8.238
4363.44,0.471,2.021,8.245
4363.63,0.473,2.023,8.244
4363.81,0.477,2.03,8.251
4363.99,0.481,2.032,8.251
4364.17,0.476,2.034,8.278
4365.27,0.476,2.035,8.282
4365.45,0.476,2.034,8.285
4365.63,0.482,2.04,8.294
4365.81,0.48,2.037,8.293
4366.0,0.483,2.042,8.297
4366.18,0.483,2.04,8.298
4366.36,0.484,2.043,8.303
4366.54,0.481,2.045,8.3
4366.73,0.481,2.045,8.307
4366.91,0.482,2.046,8.307
4367.9,0.481,2.047,8.314
4367.27,0.482,2.049,8.315
4367.45,0.484,2.05,8.322
4367.64,0.483,2.048,8.321
4367.82,0.486,2.048,8.328
4368.0,0.484,2.05,8.336
4368.18,0.488,2.05,8.336
4368.37,0.485,2.051,8.343
4368.55,0.487,2.057,8.35
4368.73,0.488,2.057,8.353
4368.91,0.491,2.06,8.36
4369.1,0.487,2.064,8.362
4369.28,0.487,2.068,8.37
4369.46,0.485,2.069,8.375
4369.64,0.485,2.071,8.38
4369.82,0.49,2.071,8.384
4370.1,0.493,2.069,8.39
4370.19,0.493,2.07,8.392
4370.37,0.493,2.069,8.395
4370.55,0.495,2.073,8.403
4370.74,0.494,2.074,8.407
4370.92,0.496,2.073,8.411
4371.1,0.496,2.075,8.414
4371.28,0.497,2.074,8.421
4371.47,0.499,2.076,8.423
4371.65,0.499,2.073,8.429
4371.83,0.503,2.073,8.435
4372.1,0.504,2.071,8.443
4372.19,0.507,2.071,8.447
4372.38,0.506,2.07,8.45
4372.56,0.505,2.071,8.451
4372.74,0.508,2.073,8.455
4372.92,0.51,2.077,8.459
4373.11,0.511,2.078,8.463
4373.29,0.511,2.081,8.47
4373.47,0.512,2.081,8.472
4373.65,0.511,2.083,8.476
4373.84,0.508,2.081,8.479
4374.2,0.511,2.083,8.483
4374.2,0.511,2.083,8.486
4374.38,0.513,2.087,8.491
4374.56,0.511,2.088,8.494
4374.75,0.513,2.092,8.497
4374.93,0.513,2.091,8.5
4375.11,0.513,2.093,8.504
4375.29,0.513,2.093,8.507
4376.39,0.516,2.098,8.541
4376.57,0.517,2.098,8.546
4376.75,0.516,2.096,8.552
4376.93,0.516,2.096,8.558
4377.12,0.518,2.095,8.563
4377.3,0.519,2.098,8.566
4377.48,0.519,2.099,8.571
4377.66,0.522,2.102,8.576
4377.85,0.525,2.103,8.579
4378.3,0.526,2.103,8.583
4378.21,0.529,2.104,8.59
4378.39,0.529,2.106,8.592
4378.58,0.528,2.106,8.596
4378.76,0.528,2.107,8.602
4378.94,0.528,2.109,8.608
4379.12,0.529,2.109,8.609
4379.3,0.53,2.108,8.614
4379.49,0.531,2.11,8.618
4379.67,0.531,2.109,8.621
4379.85,0.534,2.106,8.625
4380.3,0.535,2.105,8.628
4380.22,0.539,2.105,8.632
4380.4,0.541,2.104,8.635
4380.58,0.54,2.108,8.64
4380.76,0.537,2.11,8.646
4380.94,0.538,2.108,8.651
4381.13,0.538,2.113,8.656
4381.31,0.538,2.114,8.656
4381.49,0.542,2.117,8.66
4381.67,0.542,2.12,8.663
4381.86,0.542,2.121,8.666
4382.4,0.543,2.124,8.67
4382.22,0.548,2.124,8.675
4382.4,0.552,2.125,8.678
4382.59,0.555,2.126,8.685
4383.86,0.558,2.129,8.714
4384.4,0.559,2.129,8.718
4384.23,0.561,2.133,8.724
4384.41,0.559,2.135,8.73
4384.59,0.56,2.137,8.733
4384.77,0.562,2.135,8.74
4384.96,0.564,2.136,8.745
4385.14,0.563,2.138,8.754
4385.32,0.56,2.139,8.757
4385.5,0.563,2.139,8.764
4385.68,0.565,2.141,8.769
4385.87,0.564,2.143,8.775
4386.5,0.566,2.146,8.779
4386.23,0.565,2.145,8.782
4386.41,0.565,2.146,8.787
4386.6,0.566,2.145,8.79
4386.78,0.568,2.148,8.796
4386.96,0.567,2.146,8.799
4387.14,0.568,2.145,8.803
4387.33,0.568,2.146,8.806
4387.51,0.569,2.148,8.806
4387.69,0.568,2.151,8.81
4387.87,0.569,2.153,8.814
4388.5,0.573,2.153,8.82
4388.24,0.573,2.155,8.824
4388.42,0.577,2.155,8.827
4388.6,0.575,2.156,8.833
4388.78,0.577,2.161,8.837
4388.97,0.576,2.161,8.844
4389.15,0.576,2.16,8.848
4389.33,0.576,2.162,8.856
4389.51,0.572,2.161,8.857
4389.7,0.573,2.165,8.86
4389.88,0.573,2.168,8.865
4390.6,0.573,2.169,8.865
4390.24,0.573,2.167,8.872
4390.42,0.571,2.168,8.877
4390.61,0.57,2.171,8.884
4390.79,0.566,2.168,8.889
4390.97,0.572,2.17,8.896
4391.15,0.564,2.166,8.899
4391.34,0.573,2.169,8.903
4391.52,0.57,2.167,8.903
4391.7,0.573,2.166,8.907
4391.88,0.573,2.169,8.914
4392.7,0.573,2.171,8.922
4392.25,0.573,2.175,8.928
4392.43,0.571,2.173,8.928
4392.61,0.572,2.175,8.932
4392.79,0.574,2.174,8.933
4392.98,0.575,2.176,8.937
4393.16,0.574,2.178,8.945
4393.34,0.576,2.181,8.95
4393.52,0.572,2.179,8.951
4393.71,0.573,2.18,8.958
4393.89,0.576,2.179,8.965
4394.7,0.574,2.184,8.971
4394.25,0.572,2.184,8.974
4394.43,0.573,2.184,8.976
4394.62,0.572,2.185,8.979
4394.8,0.572,2.189,8.984
4394.98,0.575,2.192,8.99
4395.16,0.574,2.19,8.99
4395.35,0.574,2.192,8.997
4395.53,0.573,2.194,9.004
4395.71,0.576,2.195,9.01
4395.89,0.577,2.2,9.011
4396.8,0.579,2.203,9.016
4396.26,0.579,2.205,9.022
4396.44,0.58,2.205,9.03
4396.62,0.581,2.207,9.036
4396.8,0.58,2.209,9.04
4396.99,0.583,2.209,9.044
4397.17,0.582,2.21,9.048
4397.35,0.58,2.21,9.053
4397.53,0.581,2.211,9.059
4397.72,0.584,2.212,9.064
4397.9,0.585,2.213,9.066
4398.8,0.586,2.213,9.071
4398.26,0.586,2.214,9.076
4398.45,0.587,2.213,9.082
4398.63,0.59,2.214,9.084
4398.81,0.589,2.216,9.088
4398.99,0.587,2.219,9.094
4399.17,0.591,2.221,9.101
4399.36,0.592,2.222,9.106
4399.54,0.592,2.222,9.108
4399.72,0.595,2.226,9.112
4399.9,0.594,2.224,9.116
4400.9,0.596,2.224,9.123
4400.27,0.599,2.226,9.132
4400.45,0.599,2.227,9.134
4400.63,0.6,2.226,9.136
4400.81,0.601,2.229,9.141
4401.0,0.601,2.23,9.147
4401.18,0.601,2.227,9.153
4401.36,0.604,2.227,9.159
4401.54,0.603,2.223,9.163
4401.73,0.608,2.22,9.165
4401.91,0.608,2.22,9.172
4402.9,0.611,2.221,9.175
4402.27,0.614,2.222,9.178
4402.46,0.615,2.221,9.182
4402.64,0.616,2.224,9.188
4402.82,0.617,2.226,9.193
4403.0,0.618,2.226,9.196
4403.18,0.616,2.226,9.203
4404.28,0.618,2.232,9.225
4404.46,0.616,2.234,9.226
4404.64,0.615,2.238,9.232
4404.83,0.615,2.239,9.235
4405.1,0.614,2.239,9.238
4405.19,0.614,2.237,9.24
4405.37,0.613,2.236,9.246
4405.55,0.614,2.236,9.249
4405.74,0.616,2.236,9.253
4405.92,0.616,2.237,9.257
4406.1,0.616,2.24,9.263
4406.28,0.614,2.24,9.27
4406.47,0.611,2.241,9.275
4406.65,0.612,2.24,9.281
4406.83,0.611,2.239,9.285
4407.1,0.611,2.241,9.289
4407.2,0.611,2.242,9.289
4408.29,0.607,2.249,9.309
4408.47,0.609,2.248,9.314
4408.65,0.613,2.247,9.317
4408.84,0.61,2.248,9.321
4409.2,0.608,2.246,9.322
4409.2,0.607,2.248,9.326
4409.38,0.611,2.247,9.33
4409.57,0.611,2.246,9.333
4409.75,0.611,2.246,9.336
4409.93,0.61,2.247,9.338
4410.11,0.612,2.245,9.343
4410.29,0.612,2.246,9.344
4410.48,0.613,2.245,9.346
4410.66,0.612,2.245,9.351
4410.84,0.612,2.245,9.357
4411.2,0.611,2.248,9.363
4411.21,0.611,2.246,9.366
4411.39,0.613,2.245,9.369
4411.57,0.613,2.244,9.374
4411.75,0.614,2.244,9.376
4411.94,0.613,2.245,9.381
4412.12,0.611,2.248,9.385
4412.3,0.609,2.248,9.394
4412.48,0.611,2.253,9.399
4412.66,0.61,2.255,9.405
4412.85,0.615,2.258,9.412
4413.3,0.616,2.26,9.417
4413.21,0.618,2.262,9.425
4413.39,0.618,2.263,9.429
4413.58,0.618,2.262,9.433
4413.76,0.621,2.263,9.436
4413.94,0.619,2.261,9.44
4414.12,0.62,2.265,9.442
4414.3,0.621,2.264,9.447
4414.49,0.621,2.264,9.45
4414.67,0.622,2.266,9.454
4414.85,0.624,2.269,9.456
4415.3,0.628,2.268,9.461
4415.22,0.628,2.271,9.467
4415.4,0.63,2.274,9.47
4415.58,0.632,2.275,9.477
4415.76,0.633,2.276,9.482
4415.95,0.636,2.277,9.486
4416.13,0.634,2.281,9.49
4416.31,0.636,2.283,9.494
4416.49,0.635,2.282,9.497
4416.67,0.637,2.282,9.503
4416.86,0.637,2.282,9.504
4417.4,0.636,2.281,9.504
4417.22,0.637,2.284,9.509
4417.4,0.638,2.284,9.512
4417.59,0.638,2.284,9.514
4417.77,0.638,2.286,9.518
4417.95,0.636,2.285,9.522
4418.13,0.637,2.285,9.524
4418.32,0.636,2.285,9.53
4418.5,0.636,2.281,9.538
4418.68,0.638,2.281,9.545
4418.86,0.639,2.279,9.546
4419.4,0.641,2.281,9.55
4419.23,0.644,2.285,9.552
4419.41,0.643,2.284,9.553
4419.59,0.643,2.284,9.554
4419.77,0.641,2.284,9.557
4419.96,0.643,2.285,9.559
4420.14,0.644,2.29,9.566
4420.32,0.645,2.29,9.572
4422.14,0.65,2.311,9.612
4422.33,0.651,2.312,9.619
4422.51,0.653,2.314,9.624
4422.69,0.653,2.317,9.629
4422.87,0.653,2.315,9.632
4423.5,0.654,2.319,9.635
4423.24,0.654,2.321,9.637
4423.42,0.656,2.323,9.64
4423.6,0.656,2.326,9.643
4423.78,0.657,2.328,9.644
4429.7,0.676,2.348,9.784
4429.25,0.675,2.349,9.789
4429.44,0.677,2.351,9.793
4429.62,0.677,2.353,9.795
4429.8,0.677,2.352,9.798
4429.98,0.676,2.353,9.802
4430.16,0.675,2.355,9.808
4430.35,0.678,2.354,9.811
4430.53,0.676,2.355,9.814
4430.71,0.674,2.354,9.821
4430.89,0.675,2.354,9.827
4431.8,0.677,2.356,9.827
4431.26,0.676,2.353,9.83
4431.44,0.676,2.355,9.833
4431.62,0.677,2.355,9.837
4431.81,0.679,2.358,9.842
4431.99,0.682,2.363,9.846
4432.17,0.684,2.367,9.854
4432.35,0.688,2.367,9.858
4432.53,0.688,2.368,9.861
4432.72,0.69,2.367,9.861
4432.9,0.691,2.372,9.863
4433.8,0.693,2.372,9.868
4433.26,0.694,2.375,9.874
4433.45,0.693,2.376,9.874
4433.63,0.695,2.378,9.877
4433.81,0.696,2.377,9.883
4433.99,0.698,2.375,9.889
4434.17,0.696,2.375,9.894
4434.36,0.696,2.374,9.901
4434.54,0.692,2.373,9.908
4434.72,0.692,2.376,9.917
4434.9,0.692,2.378,9.92
4435.9,0.692,2.381,9.923
4435.27,0.692,2.383,9.924
4435.45,0.69,2.382,9.929
4435.63,0.689,2.387,9.934
4435.82,0.691,2.384,9.94
4436.0,0.693,2.386,9.943
4437.9,0.706,2.386,9.972
4437.27,0.707,2.386,9.976
4437.46,0.705,2.391,9.979
4437.64,0.706,2.389,9.983
4437.82,0.705,2.39,9.987
4438.0,0.705,2.389,9.995
4438.19,0.707,2.39,9.999
4438.37,0.707,2.395,10.004
4438.55,0.705,2.396,10.01
4438.73,0.702,2.396,10.016
4438.91,0.703,2.394,10.019
4439.1,0.705,2.393,10.023
4439.28,0.709,2.395,10.029
4439.46,0.711,2.396,10.034
4439.64,0.712,2.395,10.035
4439.83,0.711,2.394,10.039
4440.1,0.71,2.398,10.043
4440.19,0.711,2.4,10.049
4440.37,0.711,2.401,10.052
4440.55,0.71,2.404,10.055
4440.74,0.713,2.406,10.058
4440.92,0.712,2.408,10.062
4441.1,0.711,2.408,10.072
4441.28,0.713,2.409,10.075
4441.47,0.713,2.408,10.079
4441.65,0.716,2.41,10.083
4441.83,0.717,2.413,10.085
4442.1,0.721,2.414,10.091
4442.2,0.722,2.414,10.096
4442.38,0.722,2.413,10.099
4442.56,0.724,2.414,10.104
4442.74,0.725,2.417,10.107
4444.2,0.736,2.427,10.131
4444.2,0.736,2.429,10.132
4444.38,0.736,2.433,10.136
4444.56,0.739,2.436,10.141
4444.75,0.74,2.438,10.147
4444.93,0.742,2.441,10.152
4445.11,0.743,2.442,10.153
4445.29,0.74,2.442,10.161
4445.48,0.741,2.44,10.164
4445.66,0.74,2.441,10.168
4445.84,0.741,2.442,10.174
4446.2,0.744,2.443,10.18
4446.21,0.743,2.442,10.186
4446.39,0.745,2.445,10.191
4446.57,0.746,2.446,10.198
4446.75,0.747,2.45,10.202
4446.93,0.748,2.451,10.203
4447.12,0.747,2.45,10.212
4447.3,0.748,2.452,10.212
4447.48,0.749,2.454,10.218
4447.66,0.753,2.461,10.218
4447.85,0.752,2.466,10.224
4448.3,0.754,2.466,10.225
4448.21,0.757,2.468,10.231
4448.39,0.757,2.469,10.234
4448.58,0.76,2.47,10.241
4448.76,0.761,2.467,10.244
4448.94,0.76,2.468,10.251
4449.12,0.761,2.464,10.257
4449.3,0.762,2.467,10.259
4449.49,0.763,2.47,10.264
4449.67,0.764,2.468,10.27
4449.85,0.767,2.473,10.271
4450.3,0.77,2.475,10.274
4450.22,0.771,2.476,10.278
4450.4,0.77,2.48,10.281
4450.58,0.772,2.482,10.283
4450.76,0.776,2.483,10.288
4450.95,0.778,2.48,10.29
4451.13,0.781,2.481,10.295
4451.31,0.777,2.48,10.298
4451.49,0.779,2.481,10.305
4451.67,0.781,2.48,10.309
4451.86,0.783,2.483,10.313
4452.4,0.782,2.481,10.317
4452.22,0.783,2.486,10.324
4452.4,0.777,2.486,10.321
4452.59,0.777,2.489,10.325
4452.77,0.771,2.486,10.327
4452.95,0.774,2.488,10.331
4453.13,0.77,2.483,10.337
4453.32,0.773,2.484,10.342
4453.5,0.773,2.487,10.347
4453.68,0.776,2.489,10.35
4453.86,0.777,2.493,10.355
4454.4,0.78,2.494,10.357
4454.23,0.78,2.493,10.364
4454.41,0.782,2.494,10.37
4454.59,0.783,2.494,10.375
4454.77,0.783,2.493,10.38
4454.96,0.782,2.492,10.382
4455.14,0.781,2.494,10.387
4455.32,0.783,2.496,10.394
4455.5,0.779,2.499,10.396
4455.69,0.78,2.502,10.405
4455.87,0.781,2.504,10.412
4456.5,0.783,2.505,10.412
4456.23,0.784,2.506,10.414
4456.41,0.781,2.505,10.416
4456.6,0.782,2.507,10.422
4456.78,0.781,2.506,10.423
4456.96,0.782,2.507,10.427
4457.14,0.781,2.506,10.434
4457.33,0.781,2.507,10.439
4457.51,0.781,2.508,10.449
4457.69,0.781,2.506,10.452
4457.87,0.78,2.508,10.459
4458.6,0.782,2.507,10.462
4458.24,0.785,2.51,10.466
4458.42,0.784,2.51,10.47
4458.6,0.786,2.511,10.472
4458.78,0.787,2.511,10.476
4458.97,0.786,2.511,10.48
4459.15,0.789,2.511,10.483
4459.33,0.79,2.512,10.488
4459.51,0.787,2.512,10.493
4459.7,0.786,2.51,10.497
4459.88,0.786,2.51,10.5
4460.6,0.786,2.507,10.508
4460.24,0.787,2.506,10.512
4460.43,0.789,2.507,10.515
4460.61,0.789,2.511,10.52
4460.79,0.791,2.511,10.527
4460.97,0.793,2.512,10.535
4461.15,0.794,2.513,10.543
4461.34,0.793,2.514,10.551
4461.52,0.795,2.516,10.556
4461.7,0.796,2.515,10.561
4461.88,0.796,2.514,10.567
4462.7,0.796,2.515,10.575
4462.25,0.803,2.515,10.579
4465.89,0.817,2.551,10.676
4466.8,0.818,2.553,10.68
4466.26,0.818,2.554,10.686
4466.44,0.822,2.557,10.691
4466.62,0.823,2.56,10.696
4466.81,0.825,2.556,10.701
4466.99,0.828,2.556,10.705
4467.17,0.828,2.559,10.713
4467.35,0.828,2.561,10.717
4467.54,0.831,2.56,10.724
4473.0,0.826,2.591,10.833
4473.19,0.829,2.595,10.834
4473.37,0.827,2.595,10.838
4473.55,0.826,2.598,10.842
4473.73,0.827,2.599,10.845
4473.92,0.828,2.601,10.849
4474.1,0.829,2.602,10.853
4474.28,0.831,2.604,10.859
4474.46,0.833,2.604,10.864
4474.64,0.833,2.608,10.866
4474.83,0.833,2.607,10.868
4475.1,0.833,2.61,10.874
4475.19,0.828,2.607,10.878
4475.37,0.827,2.606,10.883
4475.56,0.824,2.607,10.883
4475.74,0.826,2.607,10.888
4475.92,0.827,2.606,10.893
4476.1,0.828,2.611,10.9
4476.29,0.827,2.617,10.905
4476.47,0.829,2.62,10.906
4476.65,0.829,2.62,10.911
4476.83,0.831,2.621,10.916
4477.1,0.833,2.624,10.923
4477.2,0.834,2.627,10.927
4477.38,0.836,2.629,10.93
4477.56,0.836,2.626,10.935
4477.74,0.838,2.628,10.937
4477.93,0.84,2.626,10.943
4478.11,0.844,2.627,10.949
4479.2,0.842,2.632,10.974
4479.38,0.843,2.633,10.982
4479.57,0.846,2.635,10.985
4479.75,0.848,2.634,10.992
4479.93,0.85,2.633,10.998
4480.11,0.85,2.635,11.003
4480.3,0.853,2.638,11.007
4480.48,0.855,2.64,11.011
4480.66,0.855,2.637,11.014
4480.84,0.856,2.638,11.018
4486.31,0.878,2.664,11.152
4486.49,0.874,2.664,11.153
4486.67,0.878,2.664,11.157
4486.86,0.879,2.667,11.161
4487.4,0.879,2.668,11.165
4487.22,0.881,2.669,11.172
4487.4,0.879,2.67,11.177
4487.59,0.88,2.673,11.181
4487.77,0.883,2.675,11.185
4487.95,0.886,2.677,11.188
4488.13,0.888,2.675,11.192
4488.31,0.887,2.676,11.196
4488.5,0.886,2.679,11.197
4488.68,0.887,2.681,11.2
4488.86,0.891,2.682,11.203
4489.4,0.889,2.684,11.205
4489.23,0.889,2.686,11.209
4489.41,0.891,2.684,11.213
4489.59,0.89,2.686,11.215
4489.77,0.891,2.685,11.214
4489.95,0.89,2.684,11.217
4490.14,0.89,2.682,11.219
4490.32,0.892,2.686,11.224
4490.5,0.894,2.689,11.227
4490.68,0.897,2.689,11.23
4490.87,0.899,2.69,11.24
4491.5,0.899,2.69,11.246
4491.23,0.897,2.691,11.249
4491.41,0.898,2.693,11.253
4491.6,0.899,2.696,11.257
4491.78,0.899,2.697,11.264
4491.96,0.897,2.696,11.268
4492.14,0.895,2.7,11.275
4492.32,0.895,2.701,11.279
4492.51,0.893,2.702,11.286
4492.69,0.89,2.704,11.292
4492.87,0.891,2.703,11.299
4493.5,0.891,2.704,11.3
4493.24,0.89,2.705,11.308
4493.42,0.89,2.706,11.314
4493.6,0.89,2.709,11.319
4493.78,0.89,2.71,11.325
4493.96,0.891,2.711,11.33
4494.15,0.892,2.711,11.337
4494.33,0.894,2.714,11.341
4494.51,0.895,2.715,11.344
4494.69,0.896,2.717,11.347
4494.88,0.902,2.718,11.351
4495.6,0.901,2.715,11.354
4495.24,0.901,2.719,11.359
4496.33,0.906,2.726,11.383
4496.52,0.909,2.73,11.387
4496.7,0.91,2.73,11.392
4496.88,0.91,2.727,11.397
4497.6,0.91,2.725,11.404
4497.25,0.912,2.726,11.408
4497.43,0.909,2.726,11.411
4497.61,0.913,2.731,11.415
4497.79,0.911,2.728,11.42
4497.97,0.91,2.728,11.425
4498.16,0.912,2.726,11.428
4498.34,0.913,2.728,11.433
4498.52,0.908,2.731,11.435
4498.7,0.909,2.732,11.442
4498.89,0.911,2.733,11.446
4499.7,0.911,2.734,11.452
4499.25,0.915,2.736,11.454
4499.43,0.916,2.735,11.456
4499.61,0.919,2.738,11.46
4499.8,0.919,2.738,11.461
4499.98,0.921,2.738,11.462
4500.16,0.922,2.736,11.466
4500.34,0.922,2.736,11.472
4500.53,0.923,2.737,11.477
4500.71,0.922,2.74,11.483
4500.89,0.92,2.741,11.488
4501.7,0.92,2.739,11.489
4501.25,0.921,2.741,11.492
4501.44,0.92,2.745,11.496
4501.62,0.922,2.747,11.5
4501.8,0.924,2.749,11.504
4501.98,0.925,2.749,11.509
4502.17,0.926,2.748,11.515
4502.35,0.926,2.748,11.517
4502.53,0.922,2.747,11.522
4502.71,0.922,2.748,11.526
4502.9,0.922,2.747,11.528
4503.8,0.922,2.745,11.529
4503.26,0.924,2.745,11.528
4503.44,0.925,2.745,11.53
4503.62,0.925,2.742,11.539
4503.81,0.926,2.744,11.547
4503.99,0.928,2.743,11.554
4504.17,0.929,2.743,11.558
4504.35,0.928,2.746,11.562
4504.54,0.927,2.747,11.566
4504.72,0.933,2.752,11.566
4504.9,0.932,2.752,11.571
4505.8,0.93,2.754,11.571
4505.26,0.93,2.755,11.573
4505.45,0.931,2.755,11.579
4505.63,0.934,2.755,11.586
4505.81,0.936,2.756,11.588
4505.99,0.938,2.753,11.593
4509.82,0.931,2.777,11.677
4510.0,0.932,2.781,11.682
4510.18,0.932,2.782,11.687
4510.37,0.932,2.783,11.691
4510.55,0.936,2.784,11.693
4510.73,0.933,2.783,11.699
4510.91,0.933,2.783,11.7
4511.1,0.935,2.784,11.701
4511.28,0.934,2.783,11.704
4511.46,0.935,2.788,11.706
4511.64,0.933,2.79,11.709
4511.83,0.935,2.79,11.713
4512.1,0.934,2.79,11.719
4512.19,0.935,2.79,11.724
4512.37,0.933,2.79,11.728
4512.55,0.931,2.792,11.731
4512.74,0.928,2.793,11.737
4512.92,0.929,2.796,11.741
4513.1,0.928,2.8,11.747
4513.28,0.928,2.798,11.749
4513.47,0.931,2.802,11.754
4513.65,0.929,2.798,11.751
4513.83,0.934,2.802,11.756
4514.1,0.934,2.803,11.762
4514.19,0.933,2.803,11.765
4514.38,0.933,2.803,11.77
4514.56,0.93,2.805,11.768
4514.74,0.933,2.806,11.769
4514.92,0.93,2.808,11.772
4515.11,0.932,2.809,11.777
4515.29,0.926,2.811,11.777
4515.47,0.926,2.811,11.782
4515.65,0.925,2.811,11.787
4515.83,0.925,2.808,11.794
4516.2,0.926,2.806,11.796
4516.2,0.924,2.806,11.802
4516.38,0.925,2.811,11.806
4516.56,0.925,2.812,11.807
4516.75,0.924,2.812,11.809
4516.93,0.925,2.813,11.812
4517.11,0.923,2.817,11.82
4517.29,0.92,2.819,11.823
4517.47,0.921,2.824,11.825
4517.66,0.918,2.828,11.828
4518.75,0.918,2.829,11.853
4518.93,0.92,2.833,11.861
4519.11,0.923,2.835,11.864
4519.3,0.926,2.835,11.869
4519.48,0.926,2.835,11.873
4519.66,0.926,2.836,11.874
4519.84,0.927,2.84,11.879
4520.3,0.928,2.842,11.882
4520.21,0.926,2.842,11.885
4520.39,0.925,2.843,11.893
4520.57,0.925,2.843,11.894
4526.95,0.924,2.879,12.023
4527.13,0.924,2.875,12.027
4527.32,0.925,2.88,12.033
4527.5,0.924,2.884,12.039
4527.68,0.924,2.884,12.039
4527.86,0.925,2.885,12.041
4528.5,0.925,2.886,12.043
4528.23,0.926,2.89,12.049
4528.41,0.926,2.89,12.054
4528.59,0.927,2.891,12.057
4528.77,0.926,2.892,12.06
4528.96,0.93,2.893,12.062
4529.14,0.933,2.894,12.065
4529.32,0.934,2.894,12.069
4529.5,0.931,2.888,12.074
4529.69,0.93,2.886,12.078
4529.87,0.931,2.885,12.084
4530.5,0.93,2.884,12.087
4530.23,0.932,2.884,12.087
4530.41,0.931,2.886,12.092
4530.6,0.933,2.888,12.097
4530.78,0.934,2.886,12.1
4530.96,0.935,2.887,12.102
4531.14,0.934,2.888,12.107
4531.33,0.932,2.887,12.108
4531.51,0.932,2.888,12.11
4531.69,0.931,2.888,12.113
4531.87,0.93,2.888,12.117
4532.5,0.928,2.89,12.121
4532.24,0.931,2.891,12.127
4532.42,0.932,2.89,12.13
4532.6,0.93,2.888,12.137
4532.78,0.929,2.889,12.143
4532.97,0.929,2.893,12.15
4533.15,0.931,2.896,12.152
4533.33,0.927,2.89,12.159
4533.51,0.935,2.896,12.161
4533.69,0.929,2.892,12.166
4533.88,0.931,2.895,12.167
4534.6,0.932,2.894,12.17
4534.24,0.932,2.899,12.173
4534.42,0.932,2.901,12.179
4534.61,0.935,2.901,12.18
4534.79,0.935,2.904,12.184
4534.97,0.935,2.906,12.188
4535.15,0.935,2.905,12.191
4535.34,0.936,2.907,12.193
4535.52,0.936,2.909,12.197
4535.7,0.936,2.911,12.196
4535.88,0.937,2.912,12.202
4536.6,0.935,2.911,12.203
4536.25,0.932,2.91,12.209
4536.43,0.931,2.906,12.208
4536.61,0.934,2.913,12.214
4536.79,0.929,2.908,12.215
4536.98,0.931,2.91,12.224
4537.16,0.931,2.91,12.226
4537.34,0.93,2.911,12.233
4537.52,0.931,2.912,12.234
4537.7,0.931,2.915,12.237
4537.89,0.93,2.916,12.24
4538.7,0.932,2.918,12.244
4538.25,0.933,2.918,12.246
4538.43,0.934,2.922,12.249
4538.62,0.934,2.921,12.254
4538.8,0.937,2.923,12.259
4538.98,0.938,2.924,12.266
4539.16,0.938,2.925,12.27
4539.34,0.941,2.927,12.274
4539.53,0.938,2.926,12.278
4539.71,0.937,2.926,12.283
4539.89,0.936,2.93,12.288
4540.7,0.935,2.933,12.293
4540.26,0.934,2.936,12.297
4540.44,0.936,2.939,12.302
4540.62,0.934,2.939,12.306
4540.8,0.935,2.941,12.308
4540.98,0.933,2.944,12.309
4541.17,0.935,2.945,12.311
4541.35,0.937,2.944,12.315
4541.53,0.939,2.947,12.323
4541.71,0.938,2.952,12.324
4541.9,0.935,2.953,12.325
4542.8,0.934,2.955,12.33
4542.26,0.932,2.956,12.335
4542.44,0.931,2.961,12.341
4542.62,0.931,2.961,12.343
4542.81,0.931,2.961,12.343
4542.99,0.933,2.964,12.352
4543.17,0.931,2.959,12.357
4543.35,0.933,2.959,12.362
4543.54,0.933,2.96,12.368
4543.72,0.933,2.961,12.374
4543.9,0.934,2.962,12.375
4544.8,0.937,2.964,12.381
4544.27,0.939,2.965,12.382
4544.45,0.94,2.969,12.387
4544.63,0.94,2.966,12.391
4544.81,0.943,2.966,12.396
4544.99,0.943,2.967,12.397
4545.18,0.943,2.968,12.398
4545.36,0.941,2.969,12.403
4545.54,0.943,2.968,12.411
4545.72,0.942,2.97,12.415
4546.27,0.942,2.969,12.421
4546.45,0.942,2.969,12.429
4546.63,0.943,2.969,12.433
4546.82,0.944,2.972,12.44
4547.0,0.942,2.971,12.444
4547.18,0.942,2.975,12.449
4547.36,0.938,2.977,12.452
4547.55,0.94,2.978,12.459
4547.73,0.94,2.979,12.463
4547.91,0.94,2.981,12.465
4553.56,0.006,0.016,0.08
4553.74,0.004,0.015,0.085
4553.92,0.006,0.015,0.091
4554.11,0.007,0.019,0.095
4554.29,0.007,0.021,0.098
4554.47,0.009,0.018,0.102
4554.65,0.009,0.023,0.107
4554.84,0.01,0.024,0.11
4555.2,0.01,0.026,0.113
4555.2,0.007,0.029,0.115
4560.85,0.014,0.038,0.227
4561.3,0.013,0.039,0.231
4561.22,0.014,0.038,0.235
4561.4,0.016,0.041,0.242
4561.58,0.017,0.043,0.25
4561.76,0.018,0.042,0.256
4561.94,0.02,0.043,0.261
4562.13,0.021,0.045,0.265
4562.31,0.024,0.048,0.269
4562.49,0.025,0.049,0.272
4562.67,0.026,0.046,0.276
4562.86,0.029,0.044,0.28
4563.4,0.029,0.043,0.285
4563.22,0.028,0.044,0.288
4563.4,0.028,0.043,0.292
4563.58,0.028,0.045,0.317
4564.68,0.024,0.047,0.32
4564.86,0.021,0.05,0.322
4565.4,0.019,0.05,0.327
4565.22,0.018,0.053,0.33
4565.41,0.019,0.054,0.331
4565.59,0.021,0.057,0.335
4565.77,0.021,0.06,0.337
4565.95,0.024,0.062,0.339
4566.14,0.026,0.063,0.343
4566.32,0.028,0.066,0.347
4571.79,0.027,0.085,0.478
4571.97,0.02,0.087,0.478
4572.15,0.018,0.088,0.475
4572.33,0.02,0.085,0.476
4572.52,0.019,0.09,0.481
4572.7,0.036,0.113,0.487
4572.88,0.018,0.084,0.508
4573.6,0.03,0.106,0.508
4573.24,0.029,0.094,0.504
4573.43,0.031,0.097,0.513
4573.61,0.03,0.1,0.511
4574.16,0.03,0.104,0.526
4574.34,0.028,0.107,0.53
4574.52,0.034,0.107,0.535
4574.7,0.028,0.107,0.536
4574.88,0.033,0.111,0.542
4575.7,0.032,0.113,0.548
4575.25,0.027,0.11,0.545
4575.43,0.027,0.111,0.558
4575.61,0.025,0.112,0.558
4575.8,0.026,0.116,0.561
4575.98,0.027,0.117,0.573
4576.16,0.028,0.122,0.569
4576.34,0.023,0.121,0.575
4576.52,0.022,0.126,0.58
4576.71,0.022,0.125,0.586
4576.89,0.024,0.133,0.581
4577.7,0.024,0.129,0.593
4577.25,0.026,0.128,0.59
4577.44,0.029,0.128,0.596
4577.62,0.026,0.129,0.598
4577.8,0.029,0.129,0.605
4577.98,0.028,0.133,0.608
4578.16,0.027,0.134,0.611
4578.35,0.025,0.137,0.614
4578.53,0.022,0.138,0.619
4578.71,0.022,0.142,0.62
4578.89,0.02,0.138,0.626
4579.8,0.02,0.137,0.632
4579.26,0.022,0.138,0.636
4579.44,0.021,0.141,0.641
4579.62,0.026,0.145,0.646
4579.81,0.022,0.151,0.646
4579.99,0.025,0.147,0.654
4580.17,0.027,0.146,0.66
4580.35,0.032,0.148,0.664
4580.53,0.032,0.153,0.67
4580.72,0.034,0.154,0.673
4580.9,0.036,0.157,0.672
4581.8,0.035,0.156,0.676
4581.26,0.035,0.159,0.677
4581.45,0.031,0.162,0.682
4581.63,0.031,0.161,0.687
4581.81,0.029,0.162,0.692
4581.99,0.027,0.164,0.694
4582.17,0.027,0.167,0.699
4582.36,0.026,0.168,0.699
4582.54,0.03,0.166,0.705
4582.72,0.03,0.168,0.711
4582.9,0.028,0.166,0.713
4583.9,0.029,0.168,0.712
4583.27,0.031,0.169,0.714
4583.45,0.03,0.171,0.719
4583.63,0.031,0.17,0.722
4583.82,0.032,0.17,0.729
4584.0,0.032,0.171,0.73
4586.37,0.036,0.177,0.788
4586.55,0.033,0.183,0.792
4586.73,0.036,0.182,0.796
4586.91,0.038,0.185,0.799
4587.1,0.04,0.184,0.803
4587.28,0.041,0.184,0.806
4587.46,0.045,0.183,0.81
4587.64,0.045,0.187,0.816
4587.82,0.045,0.186,0.822
4588.1,0.048,0.188,0.826
4588.19,0.046,0.191,0.832
4588.37,0.051,0.192,0.836
4588.55,0.051,0.194,0.84
4588.74,0.047,0.195,0.844
4588.92,0.045,0.199,0.849
4589.1,0.046,0.201,0.851
4589.28,0.047,0.204,0.854
4589.47,0.049,0.205,0.858
4589.65,0.048,0.204,0.862
4589.83,0.048,0.206,0.865
4590.1,0.049,0.206,0.869
4590.19,0.047,0.204,0.872
4590.38,0.048,0.208,0.874
4590.56,0.046,0.21,0.879
4590.74,0.049,0.211,0.879
4590.92,0.046,0.21,0.883
4591.11,0.045,0.213,0.887
4591.29,0.043,0.214,0.89
4591.47,0.042,0.217,0.891
4591.65,0.041,0.221,0.895
4591.83,0.041,0.222,0.897
4592.2,0.04,0.223,0.897
4592.2,0.039,0.224,0.904
4592.38,0.037,0.225,0.908
4592.56,0.035,0.225,0.911
4592.75,0.037,0.226,0.915
4592.93,0.039,0.229,0.92
4593.11,0.038,0.232,0.926
4593.29,0.037,0.233,0.931
4593.47,0.037,0.232,0.933
4593.66,0.038,0.235,0.937
4593.84,0.035,0.236,0.94
4594.2,0.034,0.238,0.943
4594.2,0.033,0.24,0.947
4594.39,0.037,0.244,0.945
4594.57,0.034,0.246,0.95
4594.75,0.035,0.246,0.954
4594.93,0.035,0.247,0.961
4595.12,0.036,0.247,0.966
4595.3,0.035,0.246,0.967
4595.48,0.032,0.247,0.968
4595.66,0.032,0.249,0.97
4595.84,0.032,0.249,0.975
4596.3,0.034,0.25,0.981
4596.21,0.033,0.249,0.984
4596.39,0.033,0.25,0.986
4596.57,0.032,0.25,0.993
4596.76,0.031,0.25,0.993
4596.94,0.029,0.251,0.995
4597.12,0.031,0.25,0.999
4597.3,0.03,0.252,1.001
4597.48,0.029,0.256,1.006
4597.67,0.027,0.257,1.006
4597.85,0.027,0.257,1.009
4598.3,0.029,0.256,1.009
4598.21,0.024,0.256,1.013
4598.4,0.025,0.257,1.015
4598.58,0.023,0.26,1.017
4598.76,0.026,0.26,1.019
4598.94,0.031,0.262,1.022
4599.12,0.035,0.265,1.024
4599.31,0.036,0.264,1.031
4599.49,0.036,0.26,1.032
4599.67,0.036,0.261,1.036
4599.85,0.038,0.26,1.043
4600.4,0.039,0.261,1.046
4600.22,0.043,0.263,1.046
4600.4,0.043,0.259,1.052
4600.58,0.042,0.261,1.052
4600.76,0.041,0.258,1.058
4600.95,0.042,0.258,1.057
4601.13,0.037,0.259,1.061
4601.31,0.04,0.257,1.066
4601.49,0.038,0.257,1.069
4601.68,0.037,0.258,1.075
4601.86,0.037,0.259,1.078
4602.4,0.036,0.259,1.079
4602.22,0.035,0.259,1.082
4602.4,0.037,0.26,1.08
4602.59,0.034,0.261,1.083
4603.32,0.032,0.267,1.097
4603.5,0.033,0.266,1.098
4603.68,0.035,0.263,1.104
4603.86,0.036,0.262,1.107
4604.5,0.037,0.263,1.111
4604.23,0.038,0.261,1.113
4604.41,0.036,0.261,1.114
4604.59,0.034,0.262,1.119
4604.77,0.032,0.261,1.125
4604.96,0.033,0.261,1.128
4605.14,0.033,0.262,1.128
4605.69,0.033,0.269,1.139
4605.87,0.035,0.27,1.141
4606.5,0.034,0.273,1.143
4606.23,0.034,0.274,1.145
4606.42,0.031,0.272,1.145
4606.6,0.032,0.273,1.144
4606.78,0.032,0.275,1.145
4606.96,0.028,0.274,1.151
4607.14,0.029,0.274,1.155
4607.33,0.027,0.276,1.16
4607.51,0.03,0.277,1.166
4607.69,0.03,0.279,1.168
4607.87,0.032,0.285,1.175
4608.6,0.031,0.285,1.176
4608.24,0.03,0.284,1.18
4608.42,0.033,0.287,1.182
4608.6,0.029,0.288,1.185
4608.78,0.026,0.287,1.187
4608.97,0.025,0.289,1.19
4609.15,0.023,0.29,1.194
4609.33,0.023,0.294,1.201
4609.51,0.021,0.294,1.203
4609.7,0.02,0.294,1.204
4609.88,0.021,0.298,1.204
4610.6,0.023,0.299,1.21
4617.9,0.024,0.327,1.333
4618.8,0.021,0.33,1.334
4618.26,0.023,0.332,1.341
4618.44,0.023,0.333,1.344
4618.63,0.021,0.336,1.356
4618.81,0.025,0.334,1.36
4618.99,0.021,0.336,1.365
4619.17,0.021,0.339,1.368
4619.36,0.018,0.343,1.374
4619.54,0.018,0.342,1.376
4619.72,0.018,0.339,1.381
4628.65,-0.002,0.375,1.56
4628.84,-0.002,0.377,1.56
4629.2,-0.0,0.375,1.568
4629.2,0.002,0.377,1.57
4629.38,0.004,0.377,1.574
4629.56,0.004,0.38,1.579
4629.75,0.003,0.38,1.584
4629.93,0.004,0.38,1.588
4630.11,0.003,0.379,1.593
4630.29,0.002,0.381,1.591
4630.48,0.001,0.377,1.603
4630.66,0.003,0.379,1.602
4630.84,-0.001,0.379,1.61
4631.2,-0.001,0.378,1.615
4631.21,0.001,0.378,1.621
4631.39,0.001,0.378,1.626
4631.57,0.002,0.378,1.629
4631.75,0.0,0.381,1.635
4632.48,-0.001,0.384,1.651
4632.66,0.0,0.384,1.659
4632.85,0.0,0.387,1.662
4633.3,0.0,0.39,1.666
4633.21,0.002,0.391,1.667
4633.39,-0.002,0.394,1.671
4633.58,0.0,0.394,1.675
4633.76,0.0,0.394,1.676
4633.94,-0.0,0.397,1.676
4634.12,-0.0,0.396,1.677
4634.3,-0.004,0.397,1.684
4634.49,-0.003,0.394,1.69
4634.67,-0.003,0.399,1.689
4634.85,-0.005,0.398,1.693
4635.3,-0.004,0.399,1.698
4635.22,-0.004,0.4,1.702
4635.4,-0.001,0.401,1.706
4635.58,-0.001,0.403,1.707
4635.76,-0.001,0.405,1.712
4635.95,0.004,0.405,1.718
4636.13,0.003,0.409,1.723
4636.31,0.004,0.41,1.728
4636.49,0.004,0.415,1.734
4636.67,0.003,0.415,1.735
4636.86,0.001,0.415,1.737
4642.33,0.001,0.437,1.849
4642.51,0.0,0.44,1.851
4642.69,0.002,0.44,1.856
4642.87,0.002,0.443,1.862
4643.5,0.003,0.447,1.868
4643.24,0.002,0.448,1.872
4643.42,0.005,0.449,1.874
4643.6,0.002,0.449,1.879
4643.78,0.002,0.45,1.883
4643.97,0.0,0.454,1.887
4644.15,0.001,0.455,1.886
4644.33,0.002,0.456,1.892
4657.9,0.02,0.521,2.136
4657.27,0.022,0.519,2.145
4657.45,0.021,0.523,2.148
4657.64,0.024,0.521,2.154
4657.82,0.024,0.523,2.149
4658.0,0.013,0.521,2.149
4658.18,0.026,0.523,2.15
4658.37,0.019,0.528,2.177
4658.55,0.028,0.52,2.168
4658.73,0.025,0.526,2.179
4666.2,0.047,0.56,2.368
4666.39,0.048,0.565,2.374
4666.57,0.049,0.563,2.377
4666.75,0.047,0.564,2.381
4666.93,0.049,0.567,2.383
4667.11,0.048,0.566,2.388
4667.3,0.048,0.567,2.39
4667.48,0.046,0.567,2.394
4667.66,0.045,0.566,2.397
4667.84,0.046,0.57,2.401
4668.3,0.046,0.571,2.405
4668.21,0.046,0.568,2.408
4668.39,0.044,0.57,2.415
4668.57,0.046,0.574,2.414
4668.75,0.047,0.58,2.42
4668.94,0.046,0.584,2.424
4669.12,0.045,0.586,2.427
4669.3,0.046,0.586,2.432
4669.48,0.047,0.588,2.434
4669.67,0.044,0.586,2.436
4669.85,0.043,0.59,2.439
4670.3,0.045,0.595,2.446
4670.21,0.046,0.596,2.446
4670.4,0.046,0.595,2.453
4670.58,0.048,0.595,2.452
4670.76,0.043,0.599,2.455
4670.94,0.046,0.597,2.46
4671.12,0.046,0.598,2.465
4671.31,0.046,0.601,2.468
4671.49,0.044,0.606,2.469
4671.67,0.044,0.607,2.472
4671.85,0.042,0.61,2.479
4672.4,0.04,0.609,2.479
4672.22,0.037,0.612,2.482
4672.4,0.04,0.613,2.487
4672.58,0.04,0.614,2.49
4672.76,0.036,0.615,2.496
4672.95,0.036,0.618,2.498
4673.13,0.034,0.621,2.499
4673.31,0.036,0.62,2.503
4673.49,0.035,0.623,2.507
4673.68,0.032,0.622,2.508
4677.69,0.054,0.636,2.597
4677.87,0.051,0.637,2.602
4678.5,0.051,0.638,2.605
4678.23,0.051,0.639,2.607
4678.42,0.054,0.638,2.606
4678.6,0.055,0.639,2.609
4678.78,0.058,0.639,2.609
4678.96,0.056,0.641,2.616
4679.15,0.057,0.642,2.618
4679.33,0.056,0.645,2.624
4679.51,0.056,0.645,2.623
4679.69,0.057,0.647,2.625
4679.87,0.061,0.649,2.629
4680.6,0.061,0.653,2.63
4680.24,0.061,0.649,2.629
4680.42,0.061,0.649,2.632
4680.6,0.059,0.651,2.634
4681.33,0.054,0.65,2.644
4681.52,0.055,0.648,2.646
4681.7,0.053,0.646,2.653
4681.88,0.05,0.648,2.654
4682.6,0.048,0.652,2.657
4682.24,0.046,0.653,2.66
4682.43,0.045,0.654,2.665
4682.61,0.047,0.651,2.667
4682.79,0.046,0.653,2.673
4682.97,0.045,0.652,2.677
4683.52,0.053,0.652,2.686
4683.7,0.053,0.655,2.689
4683.88,0.054,0.655,2.694
4684.7,0.054,0.659,2.697
4684.25,0.054,0.662,2.702
4684.43,0.054,0.664,2.708
4684.61,0.055,0.665,2.711
4684.8,0.06,0.666,2.713
4684.98,0.062,0.665,2.716
4685.16,0.061,0.664,2.719
4686.25,0.057,0.672,2.744
4686.44,0.058,0.674,2.749
4686.62,0.057,0.673,2.752
4686.8,0.058,0.673,2.756
4686.98,0.056,0.675,2.757
4687.17,0.055,0.677,2.76
4687.35,0.056,0.679,2.763
4687.53,0.055,0.676,2.769
4687.71,0.055,0.677,2.778
4687.9,0.055,0.675,2.784
4688.8,0.051,0.675,2.788
4688.26,0.053,0.676,2.794
4688.44,0.054,0.678,2.798
4688.62,0.054,0.679,2.804
4688.81,0.059,0.676,2.807
4688.99,0.059,0.678,2.808
4689.35,0.055,0.677,2.811
4689.54,0.058,0.673,2.822
4689.72,0.06,0.673,2.819
4689.9,0.06,0.674,2.831
4690.8,0.061,0.675,2.822
4690.26,0.059,0.677,2.827
4690.45,0.058,0.676,2.823
4690.63,0.053,0.676,2.83
4690.81,0.057,0.675,2.821
4690.99,0.058,0.677,2.83
4691.18,0.058,0.681,2.828
4691.36,0.057,0.681,2.837
4691.54,0.054,0.684,2.837
4691.72,0.056,0.683,2.84
4691.91,0.053,0.686,2.843
4692.9,0.053,0.687,2.848
4692.27,0.049,0.691,2.857
4692.45,0.053,0.691,2.859
4692.63,0.051,0.697,2.863
4692.82,0.054,0.699,2.865
4693.0,0.051,0.7,2.873
4693.18,0.051,0.702,2.875
4693.36,0.048,0.706,2.881
4695.0,0.051,0.704,2.909
4695.19,0.05,0.704,2.921
4695.37,0.054,0.706,2.92
4695.55,0.051,0.706,2.923
4695.73,0.054,0.703,2.928
4695.92,0.051,0.701,2.93
4696.1,0.055,0.701,2.932
4696.28,0.055,0.702,2.941
4696.46,0.056,0.704,2.942
4696.64,0.057,0.702,2.944
4696.83,0.058,0.705,2.945
4697.1,0.059,0.706,2.948
4697.19,0.06,0.709,2.953
4697.37,0.06,0.71,2.958
4697.56,0.055,0.713,2.962
4697.74,0.058,0.713,2.968
4697.92,0.06,0.712,2.973
4698.1,0.062,0.71,2.976
4698.29,0.062,0.71,2.979
4698.47,0.063,0.709,2.983
4698.65,0.064,0.709,2.989
4698.83,0.062,0.708,2.991
4699.1,0.061,0.708,2.995
4699.2,0.062,0.709,2.996
4699.38,0.063,0.709,2.999
4705.94,0.078,0.757,3.13
4706.13,0.081,0.757,3.13
4706.31,0.076,0.759,3.134
4706.49,0.074,0.762,3.141
4706.67,0.073,0.76,3.146
4706.86,0.078,0.764,3.152
4707.4,0.079,0.764,3.154
4707.22,0.077,0.766,3.157
4707.4,0.076,0.767,3.158
4707.58,0.077,0.768,3.158
4707.77,0.074,0.768,3.162
4712.51,0.064,0.777,3.26
4712.69,0.061,0.781,3.265
4712.87,0.062,0.782,3.267
4713.6,0.061,0.786,3.271
4713.24,0.06,0.783,3.272
4713.42,0.063,0.784,3.273
4713.6,0.064,0.785,3.28
4713.78,0.065,0.788,3.283
4713.97,0.064,0.789,3.289
4714.15,0.063,0.788,3.293
4714.33,0.065,0.79,3.297
4714.51,0.066,0.791,3.293
4722.35,0.048,0.84,3.433
4722.54,0.048,0.847,3.447
4722.72,0.049,0.846,3.446
4722.9,0.045,0.846,3.458
4723.8,0.047,0.849,3.457
4723.26,0.047,0.85,3.47
4723.45,0.048,0.854,3.467
4723.63,0.046,0.855,3.477
4723.81,0.046,0.853,3.478
4723.99,0.045,0.855,3.483
4724.18,0.044,0.858,3.483
4724.36,0.046,0.859,3.487
4724.54,0.047,0.857,3.489
4724.72,0.048,0.857,3.49
4724.91,0.046,0.857,3.498
4725.9,0.047,0.86,3.498
4725.27,0.046,0.858,3.506
4725.45,0.048,0.858,3.509
4725.64,0.047,0.858,3.517
4732.2,0.034,0.892,3.652
4732.2,0.035,0.895,3.653
4732.38,0.037,0.894,3.654
4732.56,0.037,0.9,3.658
4732.74,0.037,0.901,3.664
4732.93,0.035,0.904,3.665
4733.11,0.035,0.903,3.668
4733.29,0.037,0.905,3.67
4733.47,0.041,0.905,3.673
4733.66,0.041,0.906,3.675
4733.84,0.041,0.908,3.68
4734.2,0.04,0.908,3.686
4734.93,0.061,0.909,3.706
4735.11,0.063,0.908,3.71
4735.3,0.062,0.908,3.714
4735.48,0.062,0.909,3.716
4735.66,0.061,0.909,3.723
4735.84,0.062,0.91,3.726
4736.3,0.057,0.91,3.733
4736.21,0.058,0.911,3.732
4736.39,0.055,0.913,3.737
4736.57,0.057,0.914,3.741
4736.76,0.056,0.914,3.746
4736.94,0.056,0.919,3.751
4737.12,0.059,0.918,3.751
4737.3,0.061,0.92,3.749
4737.48,0.065,0.921,3.752
4737.67,0.065,0.925,3.76
4737.85,0.067,0.928,3.761
4738.3,0.067,0.929,3.771
4738.21,0.067,0.929,3.778
4738.4,0.068,0.928,3.788
4738.58,0.069,0.935,3.792
4738.76,0.069,0.932,3.801
4738.94,0.071,0.934,3.801
4739.13,0.07,0.934,3.806
4739.31,0.072,0.937,3.811
4739.49,0.071,0.936,3.818
4739.67,0.073,0.932,3.821
4739.85,0.073,0.934,3.828
4741.13,0.084,0.936,3.862
4741.31,0.085,0.937,3.865
4741.5,0.086,0.935,3.869
4741.68,0.086,0.935,3.872
4741.86,0.085,0.933,3.876
4742.4,0.086,0.936,3.883
4742.23,0.088,0.935,3.888
4742.41,0.089,0.937,3.891
4742.59,0.089,0.939,3.897
4742.77,0.091,0.938,3.898
4742.95,0.089,0.939,3.902
4743.14,0.088,0.938,3.906
4743.32,0.091,0.94,3.912
4743.5,0.09,0.939,3.919
4743.68,0.091,0.941,3.924
4745.51,0.105,0.945,3.94
4745.69,0.103,0.942,3.944
4745.87,0.104,0.942,3.951
4746.5,0.107,0.943,3.954
4746.24,0.11,0.944,3.957
4746.42,0.11,0.944,3.959
4746.6,0.109,0.946,3.962
4746.78,0.108,0.95,3.97
4746.97,0.107,0.949,3.975
4747.15,0.105,0.95,3.979
4747.33,0.108,0.951,3.982
4754.62,0.121,0.973,4.114
4754.8,0.126,0.975,4.112
4754.99,0.128,0.975,4.116
4755.17,0.129,0.981,4.119
4755.35,0.129,0.982,4.126
4755.53,0.128,0.98,4.13
4755.72,0.127,0.982,4.137
4755.9,0.127,0.984,4.138
4756.8,0.127,0.987,4.137
4756.26,0.124,0.989,4.138
4756.45,0.124,0.993,4.141
4756.63,0.125,0.992,4.142
4765.74,0.139,1.023,4.329
4765.93,0.139,1.025,4.33
4766.11,0.138,1.025,4.336
4766.29,0.138,1.022,4.343
4766.47,0.138,1.025,4.348
4766.66,0.137,1.027,4.351
4766.84,0.137,1.03,4.356
4767.2,0.137,1.032,4.36
4767.2,0.139,1.029,4.363
4767.39,0.142,1.028,4.367
4777.78,0.159,1.067,4.563
4777.96,0.159,1.064,4.567
4778.14,0.157,1.065,4.568
4778.32,0.163,1.065,4.569
4778.51,0.153,1.063,4.577
4778.69,0.159,1.062,4.571
4778.87,0.156,1.065,4.58
4779.5,0.159,1.066,4.58
4779.24,0.153,1.069,4.587
4779.42,0.158,1.074,4.587
4779.6,0.154,1.075,4.59
4779.78,0.155,1.076,4.592
4779.97,0.152,1.079,4.595
4780.15,0.156,1.077,4.596
4780.33,0.156,1.078,4.6
4780.51,0.157,1.079,4.598
4780.69,0.155,1.08,4.602
4780.88,0.155,1.079,4.602
4781.6,0.154,1.077,4.608
4781.24,0.157,1.076,4.613
4781.42,0.159,1.075,4.614
4781.61,0.161,1.076,4.616
4781.79,0.162,1.075,4.616
4781.97,0.163,1.075,4.618
4782.15,0.166,1.072,4.621
4782.34,0.165,1.071,4.624
4782.52,0.169,1.074,4.624
4782.7,0.169,1.075,4.627
4782.88,0.168,1.073,4.627
4783.6,0.167,1.076,4.626
4792.18,0.159,1.122,4.794
4792.36,0.161,1.121,4.799
4792.54,0.16,1.118,4.802
4792.73,0.16,1.118,4.806
4792.91,0.162,1.122,4.811
4793.9,0.161,1.121,4.815
4793.27,0.162,1.124,4.82
4793.46,0.162,1.125,4.819
4793.64,0.159,1.125,4.826
4793.82,0.155,1.127,4.827
4794.0,0.155,1.126,4.828
4794.18,0.152,1.123,4.83
4802.75,0.165,1.17,4.968
4802.93,0.165,1.172,4.972
4803.12,0.162,1.172,4.979
4803.3,0.164,1.173,4.984
4803.48,0.165,1.174,4.984
4803.66,0.163,1.173,4.987
4803.85,0.164,1.174,4.993
4804.3,0.163,1.173,4.994
4804.21,0.163,1.177,4.998
4804.39,0.162,1.179,5.004
4804.58,0.165,1.182,5.005
4804.76,0.165,1.182,5.009
4813.14,0.148,1.186,5.133
4813.33,0.147,1.188,5.134
4813.51,0.145,1.188,5.136
4813.69,0.148,1.188,5.141
4813.87,0.152,1.189,5.144
4814.5,0.15,1.192,5.149
4814.24,0.147,1.192,5.15
4814.42,0.146,1.19,5.156
4814.6,0.147,1.191,5.162
4814.78,0.144,1.194,5.162
4814.97,0.143,1.197,5.163
4815.15,0.144,1.197,5.17
4815.33,0.147,1.195,5.175
4815.51,0.147,1.195,5.174
4815.7,0.149,1.193,5.178
4815.88,0.144,1.192,5.184
4816.6,0.143,1.195,5.184
4816.24,0.143,1.197,5.19
4817.15,0.138,1.195,5.208
4817.34,0.139,1.193,5.214
4817.52,0.136,1.191,5.217
4817.7,0.134,1.193,5.219
4817.88,0.135,1.197,5.223
4818.7,0.137,1.198,5.225
4818.25,0.135,1.202,5.226
4818.43,0.134,1.202,5.228
4818.61,0.134,1.201,5.229
4818.79,0.135,1.204,5.229
4818.98,0.136,1.207,5.232
4819.16,0.139,1.212,5.235
4819.34,0.139,1.212,5.237
4819.52,0.139,1.214,5.24
4819.71,0.139,1.217,5.242
4819.89,0.139,1.217,5.247
4820.7,0.138,1.216,5.251
4820.25,0.14,1.217,5.254
4820.43,0.141,1.219,5.262
4820.62,0.142,1.218,5.267
4820.8,0.141,1.219,5.268
4820.98,0.139,1.221,5.272
4821.16,0.141,1.222,5.276
4828.9,0.139,1.259,5.412
4828.27,0.139,1.258,5.409
4828.46,0.138,1.26,5.42
4828.64,0.139,1.255,5.42
4828.82,0.136,1.259,5.424
4829.0,0.14,1.26,5.428
4829.19,0.139,1.261,5.435
4829.37,0.142,1.265,5.442
4829.55,0.143,1.267,5.443
4829.73,0.144,1.267,5.446
4829.91,0.142,1.268,5.448
4830.1,0.14,1.267,5.449
4830.28,0.138,1.269,5.455
4830.46,0.139,1.271,5.456
4845.96,0.128,1.331,5.777
4846.14,0.125,1.329,5.781
4846.32,0.123,1.327,5.781
4846.5,0.126,1.327,5.781
4846.68,0.128,1.329,5.781
4846.87,0.129,1.328,5.787
4847.5,0.128,1.328,5.788
4847.23,0.128,1.33,5.793
4847.41,0.13,1.327,5.794
4847.6,0.128,1.333,5.799
4851.24,0.125,1.346,5.858
4851.42,0.129,1.346,5.861
4851.61,0.128,1.347,5.868
4851.79,0.133,1.346,5.877
4851.97,0.138,1.347,5.878
4852.15,0.14,1.345,5.882
4852.34,0.141,1.344,5.881
4852.52,0.141,1.344,5.888
4852.7,0.141,1.344,5.896
4852.88,0.142,1.344,5.898
4853.7,0.141,1.345,5.904
4853.25,0.14,1.345,5.905
4862.55,0.167,1.391,6.067
4862.73,0.168,1.392,6.07
4862.91,0.164,1.392,6.073
4863.9,0.163,1.39,6.08
4863.27,0.162,1.389,6.084
4863.46,0.163,1.39,6.089
4863.64,0.166,1.389,6.09
4863.82,0.165,1.385,6.098
4864.0,0.169,1.385,6.098
4864.19,0.166,1.385,6.101
4864.37,0.168,1.386,6.106
4864.55,0.165,1.388,6.109
4864.73,0.167,1.388,6.109
4864.92,0.168,1.388,6.115
4865.1,0.167,1.387,6.118
4865.28,0.168,1.391,6.123
4865.46,0.172,1.391,6.125
4865.64,0.173,1.392,6.128
4865.83,0.174,1.388,6.132
4866.1,0.173,1.388,6.139
4866.19,0.177,1.39,6.145
4866.37,0.176,1.389,6.15
4868.1,0.179,1.389,6.183
4868.2,0.18,1.391,6.181
4868.38,0.182,1.388,6.187
4868.56,0.181,1.39,6.189
4868.74,0.178,1.391,6.191
4868.93,0.178,1.392,6.194
4869.11,0.18,1.393,6.199
4869.29,0.178,1.393,6.201
4869.47,0.178,1.393,6.209
4869.65,0.179,1.394,6.208
4869.84,0.177,1.395,6.212
4870.2,0.178,1.398,6.214
4870.2,0.177,1.399,6.218
4870.38,0.177,1.403,6.215
4870.57,0.178,1.404,6.224
4870.75,0.175,1.404,6.227
4870.93,0.173,1.406,6.228
4871.11,0.175,1.408,6.229
4871.3,0.173,1.41,6.232
4871.48,0.174,1.411,6.232
4871.66,0.175,1.411,6.238
4871.84,0.181,1.412,6.243
4872.2,0.181,1.41,6.244
4872.21,0.184,1.409,6.251
4872.39,0.183,1.41,6.256
4872.57,0.182,1.411,6.261
4872.75,0.183,1.413,6.268
4872.94,0.183,1.414,6.273
4873.12,0.185,1.417,6.275
4873.3,0.187,1.417,6.277
4873.48,0.187,1.419,6.285
4873.67,0.187,1.422,6.285
4873.85,0.186,1.419,6.286
4874.3,0.182,1.419,6.287
4874.21,0.18,1.419,6.294
4874.39,0.18,1.42,6.294
4874.58,0.18,1.424,6.301
4874.76,0.178,1.428,6.301
4874.94,0.176,1.429,6.307
4875.12,0.178,1.43,6.307
4875.31,0.174,1.433,6.313
4875.49,0.175,1.431,6.315
4875.67,0.172,1.435,6.324
4875.85,0.177,1.433,6.321
4876.3,0.175,1.434,6.323
4876.22,0.174,1.435,6.325
4876.4,0.172,1.435,6.325
4876.58,0.172,1.434,6.33
4876.76,0.176,1.433,6.328
4876.95,0.171,1.442,6.352
4877.13,0.181,1.434,6.347
4877.31,0.173,1.441,6.362
4877.49,0.179,1.441,6.359
4877.68,0.172,1.443,6.37
4877.86,0.175,1.446,6.367
4878.4,0.173,1.447,6.377
4878.22,0.177,1.447,6.374
4878.4,0.175,1.445,6.379
4878.59,0.173,1.447,6.378
4878.77,0.171,1.45,6.388
4878.95,0.17,1.453,6.39
4879.13,0.17,1.455,6.395
4879.32,0.171,1.456,6.398
4879.5,0.173,1.458,6.406
4879.68,0.174,1.457,6.408
4879.86,0.174,1.458,6.412
4880.4,0.172,1.458,6.412
4880.23,0.174,1.459,6.417
4880.41,0.175,1.46,6.413
4880.59,0.172,1.458,6.419
4880.77,0.171,1.46,6.417
4880.96,0.168,1.458,6.421
4881.14,0.168,1.459,6.424
4881.32,0.165,1.459,6.427
4881.5,0.163,1.458,6.43
4881.69,0.161,1.46,6.429
4881.87,0.164,1.464,6.437
4882.5,0.166,1.465,6.442
4882.23,0.162,1.465,6.453
4882.41,0.168,1.467,6.451
4882.6,0.163,1.469,6.455
4882.78,0.165,1.469,6.449
4882.96,0.164,1.47,6.452
4883.14,0.165,1.471,6.448
4883.33,0.162,1.471,6.456
4883.51,0.166,1.472,6.458
4883.69,0.163,1.473,6.457
4883.87,0.162,1.472,6.467
4884.6,0.165,1.475,6.469
4884.24,0.165,1.477,6.478
4884.42,0.167,1.478,6.48
4884.6,0.165,1.481,6.483
4884.78,0.173,1.477,6.5
4884.97,0.167,1.484,6.494
4885.15,0.173,1.482,6.509
4886.24,0.173,1.498,6.523
4886.42,0.173,1.498,6.526
4886.61,0.175,1.501,6.528
4886.79,0.172,1.501,6.537
4886.97,0.174,1.5,6.538
4887.15,0.174,1.501,6.541
4887.34,0.174,1.5,6.542
4887.52,0.176,1.5,6.548
4887.7,0.18,1.505,6.549
4887.88,0.178,1.504,6.554
4888.7,0.178,1.504,6.559
4888.25,0.175,1.51,6.564
4888.43,0.175,1.51,6.567
4888.61,0.172,1.514,6.57
4888.79,0.171,1.514,6.574
4888.98,0.17,1.517,6.58
4889.16,0.169,1.513,6.582
4889.34,0.164,1.516,6.589
4889.52,0.163,1.518,6.589
4889.71,0.164,1.519,6.598
4889.89,0.168,1.521,6.6
4890.7,0.169,1.522,6.607
4890.25,0.17,1.524,6.61
4890.44,0.172,1.525,6.617
4890.62,0.171,1.527,6.623
4890.8,0.172,1.529,6.626
4890.98,0.172,1.53,6.627
4891.16,0.174,1.533,6.635
4891.35,0.175,1.532,6.635
4891.53,0.173,1.536,6.639
4891.71,0.175,1.537,6.644
4891.89,0.175,1.536,6.649
4892.8,0.174,1.536,6.653
4892.26,0.17,1.541,6.661
4892.44,0.173,1.538,6.662
4892.62,0.172,1.539,6.666
4892.81,0.176,1.54,6.671
4892.99,0.175,1.542,6.678
4893.17,0.176,1.543,6.686
4893.35,0.176,1.547,6.693
4893.53,0.178,1.545,6.699
4893.72,0.172,1.548,6.703
4893.9,0.173,1.549,6.709
4894.8,0.174,1.549,6.711
4894.26,0.17,1.548,6.714
4894.45,0.173,1.548,6.719
4894.63,0.172,1.55,6.719
4894.81,0.17,1.552,6.723
4894.99,0.17,1.554,6.728
4895.17,0.17,1.556,6.731
4895.36,0.172,1.557,6.732
4895.54,0.174,1.554,6.737
4895.72,0.171,1.557,6.742
4895.9,0.169,1.559,6.749
4896.9,0.167,1.56,6.753
4896.27,0.167,1.562,6.757
4896.45,0.166,1.563,6.763
4896.63,0.163,1.561,6.767
4896.82,0.166,1.56,6.769
4897.0,0.165,1.563,6.774
4897.18,0.166,1.563,6.781
4897.36,0.167,1.563,6.783
4897.54,0.169,1.561,6.789
4897.73,0.169,1.56,6.79
4897.91,0.168,1.562,6.792
4898.9,0.17,1.558,6.794
4898.27,0.174,1.56,6.798
4898.46,0.174,1.563,6.798
4898.64,0.173,1.564,6.806
4898.82,0.171,1.563,6.808
4899.0,0.174,1.56,6.812
4899.18,0.175,1.563,6.817
4899.37,0.175,1.566,6.825
4899.55,0.176,1.569,6.828
4899.73,0.181,1.571,6.832
4899.91,0.185,1.571,6.84
4900.1,0.186,1.571,6.847
4900.28,0.184,1.57,6.85
4900.46,0.188,1.571,6.857
4900.64,0.186,1.571,6.862
4900.83,0.188,1.574,6.866
4901.1,0.19,1.574,6.87
4901.19,0.191,1.575,6.875
4901.37,0.191,1.574,6.879
4901.55,0.192,1.576,6.884
4901.74,0.192,1.577,6.887
4901.92,0.191,1.582,6.891
4902.1,0.19,1.585,6.894
4902.28,0.192,1.586,6.894
4902.47,0.191,1.589,6.895
4902.65,0.193,1.593,6.896
4902.83,0.193,1.59,6.899
4903.1,0.194,1.589,6.904
4903.19,0.197,1.589,6.909
4903.38,0.197,1.59,6.909
4903.56,0.196,1.59,6.912
4903.74,0.196,1.592,6.913
4903.92,0.196,1.595,6.917
4904.11,0.193,1.594,6.923
4904.29,0.194,1.596,6.929
4904.47,0.194,1.594,6.933
4904.65,0.198,1.594,6.934
4904.83,0.199,1.595,6.939
4905.2,0.196,1.598,6.942
4905.2,0.194,1.6,6.945
4905.38,0.192,1.598,6.949
4905.56,0.192,1.599,6.951
4905.75,0.193,1.601,6.952
4905.93,0.192,1.599,6.962
4906.11,0.191,1.6,6.966
4906.29,0.189,1.602,6.969
4906.48,0.19,1.604,6.972
4906.66,0.191,1.607,6.976
4906.84,0.191,1.606,6.984
4907.2,0.19,1.608,6.987
4907.2,0.191,1.609,6.991
4907.39,0.19,1.608,6.993
4907.57,0.189,1.605,6.996
4907.75,0.188,1.609,6.997
4907.93,0.187,1.61,7.003
4908.12,0.186,1.611,7.009
4908.3,0.187,1.612,7.014
4908.48,0.188,1.612,7.02
4908.66,0.187,1.611,7.02
4908.85,0.188,1.613,7.025
4909.3,0.189,1.612,7.027
4909.21,0.188,1.611,7.034
4909.39,0.189,1.611,7.037
4909.57,0.188,1.613,7.044
4909.76,0.188,1.615,7.047
4909.94,0.191,1.617,7.051
4910.12,0.19,1.617,7.057
4910.3,0.191,1.618,7.065
4910.49,0.194,1.619,7.068
4910.67,0.193,1.619,7.069
4910.85,0.194,1.62,7.077
4911.3,0.194,1.625,7.075
4911.21,0.194,1.623,7.082
4911.4,0.192,1.623,7.084
4911.58,0.193,1.625,7.089
4911.76,0.191,1.629,7.094
4911.94,0.19,1.631,7.1
4912.13,0.188,1.632,7.105
4912.31,0.191,1.633,7.108
4912.49,0.191,1.638,7.112
4912.67,0.19,1.638,7.116
4912.85,0.188,1.639,7.118
4913.4,0.187,1.641,7.122
4913.22,0.184,1.644,7.12
4913.4,0.184,1.648,7.125
4913.58,0.186,1.65,7.129
4913.77,0.183,1.652,7.133
4914.13,0.181,1.656,7.139
4914.31,0.181,1.656,7.14
4914.5,0.181,1.657,7.144
4914.68,0.18,1.656,7.151
4914.86,0.183,1.654,7.153
4915.4,0.181,1.654,7.158
4915.22,0.182,1.655,7.155
4915.41,0.183,1.657,7.158
4915.59,0.182,1.659,7.161
4915.77,0.184,1.66,7.164
4915.95,0.182,1.661,7.165
4916.14,0.182,1.662,7.175
4916.32,0.184,1.659,7.177
4916.5,0.185,1.66,7.18
4916.68,0.185,1.666,7.185
4916.86,0.183,1.666,7.189
4917.5,0.183,1.666,7.193
4917.23,0.185,1.667,7.196
4917.41,0.184,1.668,7.201
4917.59,0.183,1.669,7.203
4917.78,0.179,1.67,7.207
4917.96,0.18,1.667,7.214
4918.14,0.186,1.669,7.215
4918.32,0.186,1.671,7.219
4918.51,0.185,1.672,7.225
4918.69,0.185,1.671,7.23
4918.87,0.182,1.675,7.236
4919.5,0.18,1.672,7.235
4919.23,0.183,1.67,7.238
4919.42,0.186,1.672,7.24
4920.51,0.179,1.675,7.268
4920.69,0.18,1.675,7.27
4920.87,0.182,1.675,7.273
4921.6,0.182,1.679,7.275
4921.24,0.181,1.682,7.278
4921.42,0.18,1.684,7.285
4921.6,0.18,1.684,7.292
4921.79,0.183,1.686,7.294
4921.97,0.179,1.689,7.299
4922.15,0.179,1.69,7.306
4922.33,0.179,1.695,7.311
4922.52,0.182,1.697,7.316
4922.7,0.181,1.698,7.322
4922.88,0.18,1.698,7.326
4923.6,0.18,1.696,7.329
4923.24,0.179,1.699,7.331
4923.43,0.181,1.7,7.336
4923.61,0.181,1.699,7.34
4923.79,0.183,1.7,7.342
4923.97,0.182,1.703,7.346
4924.16,0.184,1.701,7.35
4924.34,0.183,1.701,7.351
4924.52,0.184,1.704,7.352
4924.7,0.183,1.704,7.354
4924.88,0.183,1.706,7.358
4925.7,0.182,1.708,7.357
4925.25,0.185,1.711,7.363
4925.43,0.186,1.712,7.362
4925.61,0.183,1.715,7.369
4925.8,0.186,1.713,7.37
4925.98,0.184,1.714,7.374
4926.16,0.183,1.716,7.375
4926.34,0.183,1.715,7.383
4926.53,0.184,1.719,7.387
4926.71,0.183,1.718,7.394
4926.89,0.186,1.718,7.397
4927.7,0.186,1.721,7.407
4927.25,0.187,1.721,7.409
4927.44,0.189,1.723,7.414
4927.62,0.187,1.725,7.417
4927.8,0.187,1.725,7.422
4927.98,0.186,1.725,7.427
4928.17,0.187,1.723,7.428
4928.35,0.188,1.723,7.434
4928.53,0.19,1.723,7.439
4928.71,0.188,1.724,7.443
4928.89,0.187,1.727,7.449
4929.8,0.185,1.728,7.451
4929.26,0.185,1.727,7.452
4929.44,0.182,1.729,7.451
4929.62,0.184,1.731,7.455
4929.81,0.184,1.733,7.457
4929.99,0.184,1.735,7.464
4930.17,0.188,1.738,7.466
4930.35,0.187,1.741,7.469
4930.53,0.19,1.741,7.472
4930.72,0.192,1.74,7.476
4930.9,0.193,1.741,7.476
4931.8,0.192,1.743,7.479
4931.26,0.189,1.745,7.486
4931.45,0.189,1.749,7.481
4931.63,0.188,1.751,7.493
4931.81,0.189,1.753,7.499
4931.99,0.185,1.754,7.501
4932.17,0.185,1.753,7.504
4932.36,0.183,1.753,7.51
4932.54,0.183,1.753,7.513
4932.72,0.185,1.753,7.52
4932.9,0.185,1.755,7.525
4933.9,0.189,1.755,7.53
4933.27,0.19,1.755,7.531
4933.45,0.191,1.758,7.538
4933.63,0.191,1.759,7.543
4933.82,0.189,1.759,7.55
4934.0,0.187,1.757,7.553
4934.18,0.19,1.757,7.564
4934.36,0.187,1.76,7.573
4934.54,0.19,1.76,7.576
4934.73,0.192,1.763,7.58
4934.91,0.194,1.768,7.584
4935.9,0.195,1.771,7.589
4935.27,0.195,1.77,7.594
4935.46,0.194,1.77,7.595
4935.64,0.191,1.772,7.6
4935.82,0.193,1.771,7.601
4936.0,0.194,1.77,7.605
4937.1,0.199,1.778,7.623
4937.28,0.203,1.78,7.624
4937.46,0.202,1.78,7.63
4937.64,0.204,1.778,7.636
4937.83,0.201,1.777,7.644
4938.1,0.202,1.78,7.647
4938.19,0.2,1.785,7.653
4938.37,0.204,1.786,7.652
4938.55,0.203,1.787,7.659
4938.74,0.204,1.787,7.664
4938.92,0.205,1.789,7.667
4939.1,0.207,1.792,7.669
4939.28,0.207,1.794,7.674
4939.47,0.205,1.798,7.675
4939.65,0.204,1.801,7.674
4939.83,0.203,1.802,7.676
4940.1,0.201,1.802,7.681
4940.2,0.2,1.802,7.686
4940.38,0.199,1.803,7.691
4940.56,0.2,1.804,7.696
4940.74,0.2,1.809,7.7
4940.92,0.202,1.81,7.702
4941.11,0.203,1.815,7.707
4941.29,0.202,1.814,7.709
4941.47,0.204,1.813,7.716
4941.65,0.207,1.808,7.717
4941.84,0.203,1.811,7.723
4942.2,0.204,1.812,7.726
4942.2,0.203,1.814,7.728
4942.38,0.202,1.814,7.731
4942.57,0.202,1.813,7.732
4942.75,0.202,1.813,7.73
4942.93,0.201,1.813,7.735
4943.11,0.203,1.813,7.74
4943.29,0.2,1.815,7.745
4943.48,0.203,1.814,7.747
4943.66,0.203,1.817,7.754
4943.84,0.202,1.817,7.758
4944.2,0.203,1.818,7.76
4944.21,0.204,1.821,7.763
4944.39,0.208,1.825,7.767
4944.57,0.207,1.829,7.77
4944.75,0.207,1.829,7.774
4944.93,0.207,1.828,7.778
4945.12,0.209,1.832,7.78
4945.3,0.208,1.832,7.779
4946.39,0.208,1.839,7.796
4946.58,0.206,1.841,7.799
4946.76,0.205,1.838,7.803
4946.94,0.206,1.838,7.806
4947.12,0.206,1.837,7.809
4947.3,0.204,1.837,7.811
4947.49,0.201,1.839,7.815
4947.67,0.198,1.844,7.819
4947.85,0.2,1.844,7.822
4948.3,0.201,1.844,7.824
4948.22,0.2,1.846,7.825
4948.4,0.2,1.848,7.826
4948.58,0.201,1.851,7.827
4948.76,0.199,1.849,7.83
4948.94,0.198,1.851,7.833
4949.13,0.2,1.854,7.835
4949.31,0.198,1.856,7.839
4949.49,0.201,1.857,7.842
4949.67,0.2,1.857,7.845
4949.86,0.199,1.857,7.85
4950.4,0.197,1.86,7.855
4950.22,0.192,1.862,7.857
4950.4,0.195,1.86,7.861
4950.59,0.194,1.86,7.863
4950.77,0.194,1.861,7.866
4950.95,0.194,1.862,7.866
4951.13,0.192,1.865,7.866
4951.31,0.191,1.866,7.87
4951.5,0.192,1.872,7.874
4951.68,0.192,1.874,7.876
4951.86,0.192,1.879,7.877
4952.4,0.192,1.881,7.883
4952.23,0.191,1.883,7.887
4952.41,0.191,1.881,7.89
4952.59,0.192,1.88,7.896
4952.77,0.193,1.882,7.899
4952.95,0.19,1.887,7.902
4953.14,0.189,1.887,7.906
4953.32,0.191,1.887,7.91
4953.5,0.193,1.885,7.913
4953.68,0.191,1.884,7.919
4953.87,0.191,1.884,7.921
4954.5,0.193,1.886,7.925
4954.23,0.192,1.886,7.928
4954.41,0.194,1.886,7.929
4954.6,0.191,1.889,7.931
4954.78,0.191,1.889,7.933
4954.96,0.19,1.89,7.937
4955.14,0.192,1.888,7.943
4955.32,0.193,1.889,7.947
4955.51,0.193,1.89,7.948
4955.69,0.192,1.891,7.948
4955.87,0.19,1.891,7.951
4956.5,0.188,1.894,7.952
4956.24,0.19,1.895,7.954
4956.42,0.189,1.895,7.956
4956.6,0.187,1.896,7.958
4956.78,0.185,1.899,7.959
4956.97,0.187,1.903,7.965
4957.15,0.188,1.904,7.969
4957.33,0.188,1.905,7.977
4957.51,0.191,1.905,7.977
4957.69,0.191,1.908,7.985
4957.88,0.19,1.905,7.994
4958.6,0.19,1.908,8.0
4958.24,0.188,1.907,8.005
4958.42,0.188,1.908,8.009
4958.61,0.186,1.909,8.011
4958.79,0.186,1.913,8.015
4958.97,0.187,1.913,8.021
4959.15,0.186,1.913,8.02
4959.33,0.186,1.911,8.024
4959.52,0.185,1.912,8.027
4959.7,0.185,1.915,8.03
4959.88,0.184,1.912,8.035
4960.6,0.181,1.912,8.038
4960.25,0.181,1.912,8.038
4960.43,0.177,1.913,8.042
4960.61,0.18,1.916,8.044
4960.79,0.178,1.919,8.048
4960.98,0.178,1.92,8.051
4961.16,0.179,1.918,8.052
4961.34,0.179,1.918,8.057
4961.52,0.182,1.919,8.061
4961.7,0.178,1.921,8.065
4961.89,0.181,1.922,8.068
4962.7,0.179,1.923,8.074
4962.25,0.181,1.928,8.071
4962.43,0.181,1.929,8.082
4962.62,0.183,1.931,8.081
4962.8,0.183,1.936,8.088
4962.98,0.181,1.934,8.087
4963.16,0.182,1.938,8.092
4963.34,0.18,1.938,8.097
4963.53,0.18,1.939,8.099
4963.71,0.173,1.942,8.103
4963.89,0.175,1.941,8.104
4964.7,0.174,1.941,8.11
4964.26,0.171,1.938,8.108
4964.44,0.165,1.94,8.115
4964.62,0.165,1.944,8.115
4964.8,0.164,1.945,8.122
4964.99,0.162,1.946,8.127
4965.17,0.162,1.948,8.128
4965.35,0.161,1.95,8.132
4965.53,0.162,1.947,8.138
4965.71,0.163,1.947,8.144
4965.9,0.162,1.953,8.142
4966.8,0.163,1.95,8.154
4966.63,0.163,1.949,8.162
4966.81,0.162,1.951,8.17
4966.99,0.164,1.948,8.169
4967.17,0.161,1.951,8.171
4967.36,0.163,1.951,8.173
4967.54,0.162,1.95,8.18
4967.72,0.163,1.951,8.185
4967.9,0.167,1.953,8.191
4968.8,0.165,1.953,8.195
4968.27,0.165,1.954,8.197
4968.45,0.168,1.955,8.198
4971.0,0.153,1.962,8.246
4971.18,0.154,1.962,8.249
4971.37,0.156,1.962,8.256
4971.55,0.155,1.962,8.259
4971.73,0.155,1.961,8.269
4971.91,0.155,1.962,8.269
4972.9,0.149,1.966,8.272
4972.28,0.153,1.964,8.277
4972.46,0.155,1.963,8.279
4972.64,0.156,1.965,8.285
4972.82,0.156,1.966,8.292
4973.1,0.157,1.965,8.296
4973.19,0.157,1.967,8.301
4973.37,0.155,1.968,8.308
4973.55,0.158,1.969,8.308
4973.73,0.159,1.969,8.311
4974.65,0.169,1.976,8.319
4974.83,0.17,1.977,8.323
4975.1,0.168,1.978,8.326
4975.19,0.165,1.978,8.327
4975.38,0.164,1.979,8.33
4975.56,0.163,1.982,8.337
4975.74,0.159,1.983,8.341
4975.92,0.16,1.987,8.347
4976.1,0.161,1.986,8.351
4976.29,0.162,1.987,8.352
4980.11,0.157,2.008,8.42
4980.3,0.157,2.008,8.422
4980.48,0.153,2.008,8.428
4980.66,0.155,2.009,8.427
4980.84,0.151,2.009,8.432
4981.3,0.151,2.008,8.434
4981.21,0.148,2.011,8.438
4981.39,0.147,2.009,8.441
4981.57,0.149,2.011,8.445
4981.75,0.146,2.01,8.449
4981.94,0.145,2.009,8.454
4982.12,0.146,2.011,8.454
4982.3,0.149,2.015,8.459
4982.48,0.148,2.015,8.462
4982.67,0.15,2.017,8.463
4982.85,0.153,2.018,8.467
4983.3,0.151,2.021,8.468
4983.21,0.151,2.025,8.474
4983.4,0.148,2.025,8.472
4983.58,0.15,2.027,8.476
4983.76,0.152,2.03,8.478
4983.94,0.151,2.03,8.481
4984.12,0.148,2.028,8.485
4984.31,0.147,2.027,8.488
4984.49,0.147,2.031,8.489
4984.67,0.148,2.03,8.49
4989.5,0.136,2.041,8.548
4989.23,0.138,2.042,8.548
4989.41,0.139,2.045,8.547
4989.59,0.142,2.043,8.55
4989.77,0.143,2.04,8.556
4989.96,0.143,2.041,8.561
4990.14,0.143,2.04,8.563
4990.32,0.141,2.041,8.568
4990.5,0.141,2.039,8.573
4990.69,0.142,2.039,8.578
4990.87,0.143,2.039,8.578
4991.5,0.139,2.038,8.583
4991.23,0.14,2.039,8.584
4991.41,0.139,2.038,8.584
4991.6,0.14,2.04,8.586
4991.78,0.139,2.045,8.589
4991.96,0.14,2.049,8.595
4992.14,0.14,2.05,8.601
4992.33,0.139,2.051,8.607
4992.51,0.138,2.052,8.608
4992.69,0.137,2.052,8.613
4992.87,0.135,2.052,8.618
4993.6,0.137,2.056,8.621
4993.24,0.14,2.056,8.624
4993.42,0.141,2.058,8.627
4993.6,0.141,2.056,8.631
4993.78,0.143,2.055,8.631
4993.97,0.14,2.055,8.63
4994.15,0.141,2.056,8.634
4994.33,0.14,2.057,8.635
4994.51,0.142,2.059,8.638
4994.7,0.143,2.061,8.64
4994.88,0.143,2.062,8.645
4995.6,0.143,2.064,8.645
4995.24,0.143,2.065,8.648
4995.42,0.145,2.063,8.652
4995.61,0.145,2.064,8.656
4995.79,0.146,2.065,8.657
4995.97,0.147,2.068,8.663
4996.15,0.148,2.066,8.667
4996.34,0.148,2.069,8.671
4996.52,0.148,2.068,8.673
4996.7,0.149,2.072,8.677
4996.88,0.147,2.075,8.681
4997.7,0.149,2.078,8.686
4997.25,0.149,2.081,8.684
4997.43,0.151,2.084,8.685
4997.61,0.15,2.085,8.688
4997.79,0.147,2.087,8.689
4997.98,0.147,2.089,8.69
4998.16,0.145,2.087,8.694
4998.34,0.146,2.088,8.7
4998.52,0.147,2.089,8.703
4998.71,0.147,2.087,8.706
4998.89,0.148,2.085,8.71
4999.7,0.148,2.087,8.715
4999.25,0.149,2.088,8.72
4999.43,0.146,2.086,8.726
4999.62,0.148,2.088,8.728
4999.8,0.147,2.09,8.73
4999.98,0.151,2.091,8.732
5000.16,0.153,2.092,8.738
5000.35,0.153,2.096,8.74
5000.53,0.154,2.096,8.743
5000.71,0.153,2.1,8.746
5000.89,0.154,2.103,8.749
5001.8,0.154,2.103,8.751
5001.26,0.151,2.103,8.756
5001.44,0.149,2.102,8.763
5001.62,0.148,2.108,8.768
5001.8,0.149,2.105,8.772
5001.99,0.153,2.105,8.777
5002.17,0.152,2.104,8.78
5002.35,0.153,2.105,8.783
5002.53,0.152,2.106,8.784
5002.72,0.152,2.108,8.786
5002.9,0.152,2.111,8.788
5003.8,0.15,2.115,8.789
5003.26,0.151,2.115,8.79
5003.44,0.151,2.115,8.794
5003.63,0.154,2.114,8.801
5003.81,0.155,2.111,8.803
5003.99,0.155,2.109,8.807
5004.17,0.155,2.113,8.81
5004.36,0.155,2.112,8.817
5004.54,0.154,2.112,8.822
5004.72,0.155,2.11,8.824
5004.9,0.152,2.11,8.827
5005.9,0.15,2.109,8.832
5005.27,0.151,2.111,8.838
5005.45,0.15,2.116,8.837
5005.63,0.15,2.116,8.84
5005.81,0.15,2.111,8.847
5006.0,0.15,2.116,8.849
5006.18,0.149,2.12,8.852
5006.36,0.15,2.123,8.857
5006.54,0.15,2.125,8.86
5006.73,0.151,2.126,8.864
5006.91,0.151,2.13,8.864
5007.9,0.151,2.129,8.865
5007.27,0.149,2.129,8.867
5007.46,0.15,2.129,8.869
5007.64,0.148,2.13,8.873
5007.82,0.151,2.131,8.878
5008.0,0.151,2.134,8.88
5008.18,0.157,2.133,8.883
5008.37,0.16,2.132,8.885
5008.55,0.16,2.132,8.886
5008.73,0.157,2.132,8.892
5008.91,0.158,2.132,8.898
5009.1,0.16,2.135,8.899
5009.28,0.161,2.137,8.902
5009.46,0.159,2.136,8.904
5009.64,0.157,2.137,8.911
5009.82,0.156,2.134,8.917
5010.1,0.153,2.135,8.918
5010.19,0.154,2.138,8.922
5010.37,0.154,2.139,8.925
5010.55,0.155,2.137,8.928
5010.74,0.156,2.136,8.935
5010.92,0.155,2.138,8.936
5011.1,0.153,2.139,8.937
5011.28,0.156,2.141,8.94
5011.47,0.158,2.141,8.946
5011.65,0.158,2.143,8.95
5011.83,0.156,2.144,8.953
5012.1,0.159,2.14,8.955
5012.19,0.162,2.14,8.96
5012.38,0.161,2.141,8.964
5012.56,0.161,2.138,8.964
5012.74,0.164,2.137,8.969
5012.92,0.165,2.137,8.97
5013.11,0.162,2.137,8.972
5013.29,0.16,2.136,8.972
5013.47,0.159,2.137,8.971
5013.65,0.161,2.139,8.973
5013.84,0.161,2.139,8.975
5014.2,0.163,2.137,8.976
5014.2,0.163,2.141,8.983
5014.38,0.165,2.142,8.984
5014.56,0.166,2.145,8.99
5014.75,0.167,2.144,8.994
5014.93,0.167,2.148,8.998
5015.11,0.167,2.145,8.999
5015.29,0.166,2.147,9.003
5015.48,0.165,2.147,9.006
5015.66,0.163,2.144,9.009
5015.84,0.166,2.144,9.013
5016.2,0.164,2.144,9.012
5016.2,0.162,2.146,9.017
5016.39,0.162,2.144,9.025
5016.57,0.162,2.147,9.029
5016.75,0.163,2.15,9.032
5016.93,0.165,2.149,9.035
5017.12,0.164,2.149,9.038
5017.3,0.164,2.151,9.043
5017.48,0.163,2.154,9.049
5017.66,0.163,2.152,9.054
5017.85,0.161,2.153,9.057
5018.3,0.166,2.155,9.056
5018.21,0.167,2.153,9.062
5018.39,0.166,2.155,9.064
5018.57,0.165,2.155,9.066
5018.76,0.165,2.15,9.065
5018.94,0.164,2.152,9.073
5019.12,0.162,2.148,9.075
5019.3,0.16,2.148,9.081
5019.49,0.161,2.147,9.085
5019.67,0.159,2.147,9.086
5019.85,0.157,2.145,9.089
5020.3,0.157,2.147,9.096
5020.22,0.156,2.147,9.098
5020.4,0.155,2.145,9.098
5020.58,0.156,2.148,9.102
5020.76,0.151,2.147,9.105
5020.94,0.149,2.146,9.108
5021.13,0.153,2.143,9.108
5021.31,0.152,2.14,9.112
5021.49,0.152,2.142,9.115
5021.67,0.15,2.138,9.116
5021.86,0.154,2.14,9.126
5022.4,0.151,2.142,9.133
5022.22,0.152,2.149,9.137
5022.4,0.144,2.146,9.138
5022.59,0.154,2.152,9.143
5022.77,0.15,2.149,9.142
5022.95,0.155,2.154,9.146
5023.13,0.152,2.151,9.147
5023.31,0.154,2.155,9.149
5023.5,0.151,2.157,9.155
5023.68,0.151,2.158,9.157
5023.86,0.149,2.157,9.159
5024.4,0.151,2.156,9.161
5024.23,0.152,2.158,9.166
5024.41,0.154,2.162,9.169
5024.59,0.152,2.162,9.175
5024.77,0.155,2.163,9.179
5024.95,0.156,2.161,9.183
5025.14,0.159,2.161,9.185
5025.32,0.154,2.162,9.185
5025.5,0.158,2.162,9.189
5025.68,0.155,2.162,9.195
5025.87,0.156,2.166,9.199
5026.5,0.153,2.166,9.2
5026.23,0.154,2.17,9.203
5026.41,0.153,2.171,9.207
5026.6,0.154,2.176,9.212
5026.78,0.154,2.178,9.216
5026.96,0.155,2.181,9.218
5027.14,0.156,2.18,9.217
5027.32,0.159,2.183,9.225
5027.51,0.158,2.187,9.229
5027.69,0.158,2.188,9.231
5027.87,0.155,2.189,9.235
5028.5,0.155,2.189,9.237
5028.24,0.156,2.189,9.238
5028.42,0.157,2.19,9.241
5028.6,0.153,2.189,9.243
5028.78,0.154,2.193,9.25
5028.97,0.153,2.188,9.247
5029.15,0.155,2.189,9.248
5029.33,0.154,2.189,9.252
5029.51,0.154,2.192,9.257
5029.69,0.155,2.193,9.262
5029.88,0.156,2.194,9.266
5030.6,0.159,2.192,9.269
5030.24,0.157,2.195,9.27
5030.42,0.156,2.196,9.271
5030.61,0.159,2.196,9.272
5030.79,0.163,2.195,9.272
5030.97,0.164,2.196,9.272
5031.15,0.165,2.196,9.275
5031.34,0.164,2.196,9.28
5031.52,0.165,2.196,9.282
5031.7,0.164,2.196,9.284
5031.88,0.163,2.197,9.287
5032.6,0.159,2.197,9.288
5032.25,0.158,2.197,9.295
5032.43,0.158,2.197,9.298
5032.61,0.157,2.201,9.299
5032.79,0.156,2.2,9.299
5032.98,0.155,2.203,9.305
5033.16,0.157,2.204,9.309
5033.34,0.157,2.205,9.316
5033.52,0.157,2.208,9.319
5033.71,0.158,2.208,9.323
5033.89,0.156,2.207,9.328
5034.7,0.155,2.206,9.331
5034.25,0.154,2.207,9.336
5034.43,0.152,2.208,9.339
5034.62,0.155,2.211,9.342
5034.8,0.158,2.211,9.344
5034.98,0.159,2.213,9.345
5035.16,0.159,2.211,9.346
5035.35,0.16,2.212,9.348
5035.53,0.161,2.212,9.35
5038.44,0.157,2.208,9.378
5038.63,0.156,2.208,9.381
5038.81,0.155,2.209,9.384
5038.99,0.153,2.212,9.387
5039.17,0.15,2.215,9.39
5039.36,0.15,2.213,9.393
5039.54,0.151,2.215,9.396
5039.72,0.151,2.216,9.399
5039.9,0.15,2.216,9.403
5040.8,0.15,2.218,9.404
5040.27,0.15,2.221,9.404
5040.63,0.153,2.219,9.412
5040.81,0.154,2.219,9.414
5041.0,0.153,2.222,9.417
5041.18,0.154,2.221,9.422
5041.36,0.155,2.221,9.424
5041.54,0.156,2.22,9.428
5041.73,0.156,2.223,9.428
5041.91,0.154,2.223,9.432
5042.9,0.153,2.224,9.434
5042.27,0.152,2.222,9.437
5042.45,0.154,2.225,9.439
5042.64,0.155,2.226,9.44
5042.82,0.155,2.227,9.446
5043.0,0.153,2.229,9.449
5043.18,0.154,2.231,9.45
5043.37,0.153,2.235,9.453
5043.55,0.153,2.237,9.455
5043.73,0.152,2.238,9.46
5043.91,0.153,2.237,9.463
5044.1,0.152,2.238,9.467
5044.28,0.15,2.239,9.47
5044.46,0.15,2.24,9.477
5044.64,0.152,2.24,9.482
5044.82,0.155,2.243,9.483
5045.1,0.157,2.246,9.486
5045.19,0.155,2.247,9.489
5045.37,0.16,2.246,9.493
5045.55,0.162,2.244,9.5
5045.74,0.16,2.245,9.504
5045.92,0.16,2.247,9.51
5046.1,0.16,2.246,9.516
5046.28,0.159,2.248,9.526
5046.47,0.157,2.248,9.525
5046.65,0.155,2.25,9.526
5046.83,0.154,2.25,9.529
5047.1,0.157,2.251,9.533
5047.19,0.154,2.248,9.539
5047.38,0.157,2.249,9.545
5047.56,0.158,2.251,9.547
5047.74,0.155,2.251,9.546
5047.92,0.154,2.255,9.55
5048.11,0.156,2.256,9.548
5048.29,0.158,2.257,9.549
5048.47,0.159,2.256,9.552
5048.65,0.158,2.26,9.553
5048.84,0.158,2.263,9.558
5049.2,0.156,2.265,9.56
5049.2,0.149,2.263,9.559
5049.38,0.148,2.265,9.559
5049.56,0.148,2.266,9.564
5051.93,0.145,2.292,9.606
5052.12,0.145,2.291,9.609
5052.3,0.145,2.292,9.612
5052.48,0.146,2.289,9.618
5052.66,0.146,2.291,9.621
5052.85,0.147,2.292,9.627
5053.3,0.148,2.293,9.632
5053.21,0.146,2.295,9.636
5053.39,0.146,2.297,9.639
5058.68,0.146,2.336,9.738
5058.86,0.144,2.339,9.742
5059.4,0.142,2.34,9.746
5059.22,0.143,2.343,9.753
5059.41,0.145,2.347,9.758
5059.59,0.148,2.347,9.764
5059.77,0.151,2.348,9.766
5059.95,0.15,2.35,9.772
5060.14,0.151,2.351,9.774
5060.32,0.151,2.35,9.775
5060.5,0.153,2.353,9.776
5060.68,0.155,2.351,9.778
5060.87,0.156,2.351,9.779
5061.5,0.153,2.352,9.782
5061.23,0.15,2.352,9.783
5061.41,0.149,2.351,9.785
5061.59,0.15,2.347,9.786
5061.78,0.148,2.343,9.79
5061.96,0.15,2.34,9.793
5062.14,0.152,2.343,9.795
5062.32,0.155,2.345,9.798
5062.51,0.157,2.346,9.799
5062.69,0.154,2.346,9.803
5062.87,0.154,2.348,9.804
5063.5,0.154,2.345,9.807
5063.24,0.152,2.346,9.808
5063.42,0.152,2.346,9.812
5063.6,0.15,2.348,9.815
5063.78,0.149,2.348,9.819
5063.96,0.145,2.351,9.822
5064.15,0.144,2.351,9.822
5064.33,0.145,2.351,9.824
5064.51,0.147,2.354,9.826
5064.69,0.146,2.354,9.83
5064.88,0.146,2.355,9.833
5065.6,0.146,2.357,9.835
5065.24,0.149,2.36,9.84
5065.42,0.149,2.361,9.841
5065.61,0.147,2.361,9.84
5065.79,0.148,2.362,9.843
5065.97,0.147,2.366,9.847
5066.15,0.149,2.37,9.85
5066.33,0.15,2.371,9.854
5066.52,0.151,2.371,9.855
5066.7,0.153,2.372,9.861
5066.88,0.154,2.371,9.863
5067.6,0.154,2.372,9.868
5067.25,0.153,2.373,9.871
5067.43,0.15,2.374,9.875
5067.61,0.151,2.373,9.877
5067.79,0.149,2.374,9.88
5067.98,0.149,2.373,9.885
5068.16,0.151,2.375,9.884
5068.34,0.152,2.376,9.89
5068.52,0.15,2.374,9.893
5068.7,0.151,2.374,9.894
5068.89,0.15,2.373,9.898
5069.7,0.151,2.373,9.901
5069.25,0.149,2.373,9.903
5072.17,0.137,2.369,9.961
5072.35,0.135,2.37,9.965
5072.53,0.135,2.369,9.967
5072.71,0.134,2.371,9.966
5072.9,0.137,2.373,9.968
5073.8,0.134,2.374,9.966
5073.26,0.135,2.371,9.97
5073.44,0.135,2.369,9.973
5073.63,0.132,2.368,9.97
5073.81,0.129,2.368,9.972
5078.73,0.108,2.376,10.039
5078.91,0.108,2.376,10.045
5079.9,0.106,2.374,10.048
5079.28,0.107,2.376,10.049
5079.46,0.107,2.376,10.053
5079.64,0.107,2.377,10.057
5079.82,0.107,2.377,10.059
5080.1,0.107,2.377,10.062
5080.19,0.107,2.379,10.065
5080.37,0.107,2.378,10.071
5080.55,0.109,2.377,10.074
5080.74,0.111,2.377,10.076
5080.92,0.111,2.379,10.079
5081.1,0.112,2.381,10.084
5081.28,0.111,2.382,10.085
5081.46,0.111,2.382,10.086
5081.65,0.111,2.38,10.089
5081.83,0.109,2.379,10.093
5082.1,0.108,2.379,10.096
5082.19,0.106,2.38,10.101
5082.38,0.106,2.383,10.104
5082.56,0.103,2.383,10.107
5082.74,0.103,2.385,10.11
5082.92,0.104,2.386,10.112
5083.1,0.102,2.385,10.118
5083.29,0.104,2.384,10.122
5083.47,0.104,2.384,10.125
5083.65,0.104,2.382,10.125
5084.56,0.108,2.392,10.147
5084.75,0.107,2.392,10.151
5084.93,0.108,2.397,10.153
5085.11,0.108,2.398,10.158
5085.29,0.108,2.402,10.16
5085.47,0.107,2.405,10.163
5085.66,0.107,2.408,10.17
5085.84,0.106,2.406,10.173
5086.2,0.106,2.406,10.175
5086.2,0.106,2.405,10.18
5086.39,0.107,2.409,10.182
5086.57,0.107,2.412,10.187
5086.75,0.112,2.414,10.191
5086.93,0.113,2.413,10.193
5087.11,0.114,2.412,10.198
5087.3,0.114,2.411,10.197
5087.48,0.115,2.41,10.197
5087.66,0.116,2.41,10.198
5087.84,0.116,2.41,10.204
5088.3,0.116,2.412,10.209
5088.21,0.115,2.416,10.211
5092.4,0.106,2.436,10.296
5092.58,0.105,2.435,10.298
5092.77,0.105,2.437,10.303
5092.95,0.102,2.436,10.304
5093.13,0.102,2.437,10.306
5093.31,0.103,2.44,10.311
5093.49,0.101,2.44,10.314
5093.68,0.099,2.44,10.313
5093.86,0.103,2.438,10.312
5094.4,0.105,2.438,10.314
5094.22,0.104,2.439,10.316
5094.41,0.104,2.442,10.316
5094.59,0.106,2.442,10.318
5094.77,0.107,2.441,10.321
5094.95,0.106,2.441,10.324
5095.13,0.106,2.442,10.325
5095.32,0.106,2.441,10.325
5095.5,0.106,2.44,10.33
5095.68,0.105,2.439,10.333
5095.86,0.105,2.439,10.339
5096.5,0.105,2.439,10.341
5096.23,0.103,2.44,10.345
5096.41,0.101,2.444,10.347
5096.59,0.099,2.444,10.349
5096.78,0.1,2.445,10.352
5096.96,0.099,2.449,10.356
5097.14,0.101,2.45,10.357
5097.32,0.101,2.449,10.358
5097.5,0.1,2.447,10.363
5097.69,0.1,2.448,10.369
5097.87,0.1,2.45,10.371
5098.5,0.1,2.45,10.372
5098.23,0.098,2.45,10.376
5098.42,0.1,2.45,10.377
5098.6,0.097,2.45,10.378
5098.78,0.098,2.455,10.38
5098.96,0.099,2.452,10.382
5099.14,0.101,2.453,10.383
5099.33,0.1,2.452,10.389
5099.51,0.1,2.454,10.39
5099.69,0.098,2.457,10.393
5099.87,0.1,2.454,10.395
5100.6,0.1,2.452,10.396
5100.24,0.097,2.454,10.401
5100.42,0.097,2.449,10.404
5100.6,0.098,2.448,10.406
5100.79,0.1,2.445,10.411
5100.97,0.099,2.446,10.411
5101.15,0.097,2.445,10.411
5101.33,0.095,2.444,10.413
5101.51,0.096,2.446,10.421
5101.7,0.096,2.448,10.42
5101.88,0.098,2.447,10.422
5102.6,0.098,2.444,10.425
5102.24,0.097,2.446,10.427
5102.43,0.095,2.445,10.429
5102.61,0.095,2.446,10.437
5102.79,0.096,2.447,10.442
5102.97,0.093,2.448,10.448
5103.15,0.096,2.448,10.451
5103.34,0.093,2.449,10.451
5103.52,0.093,2.449,10.453
5103.7,0.093,2.45,10.457
5103.88,0.091,2.452,10.462
5104.7,0.09,2.453,10.467
5104.25,0.088,2.454,10.471
5104.43,0.09,2.454,10.473
5104.61,0.087,2.454,10.477
5104.8,0.087,2.452,10.481
5104.98,0.085,2.454,10.482
5105.16,0.087,2.455,10.482
5105.34,0.085,2.454,10.486
5105.52,0.083,2.454,10.489
5105.71,0.08,2.455,10.492
5105.89,0.08,2.456,10.493
5106.7,0.078,2.459,10.498
5106.25,0.075,2.457,10.5
5106.44,0.074,2.459,10.504
5106.62,0.073,2.458,10.508
5106.8,0.074,2.456,10.511
5106.98,0.072,2.459,10.516
5107.16,0.073,2.461,10.516
5107.35,0.07,2.461,10.518
5107.53,0.067,2.461,10.522
5107.71,0.071,2.464,10.526
5107.89,0.067,2.463,10.529
5108.8,0.07,2.465,10.532
5108.26,0.071,2.467,10.532
5108.44,0.071,2.468,10.533
5108.62,0.071,2.468,10.534
5108.81,0.071,2.468,10.536
5108.99,0.074,2.467,10.54
5109.17,0.075,2.47,10.543
5109.35,0.075,2.471,10.547
5109.53,0.074,2.472,10.55
5109.72,0.073,2.473,10.553
5109.9,0.075,2.477,10.554
5110.8,0.075,2.478,10.556
5110.26,0.076,2.477,10.558
5110.45,0.077,2.479,10.561
5110.63,0.079,2.481,10.563
5110.81,0.079,2.477,10.566
5110.99,0.08,2.48,10.569
5111.18,0.08,2.482,10.57
5111.36,0.082,2.482,10.573
5111.54,0.081,2.482,10.581
5111.72,0.081,2.482,10.583
5111.9,0.084,2.482,10.587
5112.9,0.085,2.479,10.591
5112.27,0.085,2.482,10.593
5112.45,0.084,2.485,10.594
5112.63,0.083,2.489,10.6
5112.82,0.083,2.491,10.603
5113.0,0.083,2.492,10.605
5113.18,0.082,2.492,10.608
5113.36,0.083,2.49,10.611
5113.54,0.085,2.49,10.611
5113.73,0.088,2.489,10.615
5113.91,0.09,2.489,10.618
5114.9,0.093,2.49,10.619
5114.27,0.095,2.491,10.62
5114.46,0.097,2.491,10.621
5114.64,0.096,2.492,10.622
5114.82,0.092,2.494,10.626
5115.0,0.089,2.494,10.628
5115.19,0.086,2.493,10.631
5115.37,0.085,2.493,10.634
5115.55,0.086,2.495,10.637
5115.73,0.087,2.495,10.64
5115.91,0.085,2.496,10.643
5116.1,0.085,2.499,10.647
5116.28,0.084,2.498,10.645
5116.46,0.083,2.499,10.649
5116.64,0.082,2.502,10.652
5116.83,0.08,2.501,10.654
5117.1,0.075,2.502,10.655
5117.19,0.075,2.504,10.656
5117.37,0.077,2.504,10.657
5117.55,0.077,2.505,10.659
5117.74,0.077,2.509,10.663
5117.92,0.077,2.51,10.664
5118.1,0.078,2.513,10.668
5118.28,0.078,2.512,10.67
5118.47,0.079,2.514,10.671
5118.65,0.08,2.514,10.672
5118.83,0.08,2.518,10.681
5119.1,0.0,-0.0,0.0
5119.2,0.002,0.002,0.006
5119.38,0.002,0.005,0.006
5119.56,0.003,0.009,0.007
5120.65,-0.006,0.008,0.022
5120.84,-0.006,0.01,0.026
5121.2,-0.003,0.015,0.028
5121.2,-0.004,0.016,0.033
5121.38,-0.005,0.017,0.035
5121.56,-0.006,0.018,0.04
5121.75,-0.008,0.018,0.043
5121.93,-0.008,0.021,0.048
5122.11,-0.006,0.023,0.052
5122.29,-0.004,0.025,0.052
5122.48,-0.004,0.027,0.058
5122.66,-0.003,0.029,0.06
5122.84,-0.001,0.025,0.062
5123.2,-0.001,0.03,0.064
5123.2,-0.002,0.031,0.066
5123.39,-0.0,0.028,0.069
5123.57,-0.002,0.026,0.071
5123.75,-0.003,0.028,0.073
5123.93,-0.004,0.027,0.075
5124.12,-0.006,0.029,0.079
5124.3,-0.004,0.03,0.078
5124.48,-0.002,0.028,0.083
5124.66,-0.002,0.029,0.087
5124.85,-0.004,0.032,0.092
5125.3,-0.004,0.029,0.096
5125.21,-0.003,0.032,0.1
5125.39,-0.006,0.032,0.098
5125.57,-0.008,0.028,0.1
5125.76,-0.011,0.029,0.101
5125.94,-0.007,0.025,0.108
5128.13,-0.01,0.025,0.144
5128.31,-0.012,0.025,0.147
5128.49,-0.012,0.029,0.153
5128.67,-0.011,0.031,0.157
5128.86,-0.011,0.038,0.163
5129.4,-0.014,0.04,0.167
5129.22,-0.017,0.041,0.17
5129.4,-0.018,0.04,0.171
5129.58,-0.018,0.04,0.175
5129.77,-0.015,0.039,0.175
5129.95,-0.013,0.039,0.177
5130.13,-0.012,0.04,0.183
5130.31,-0.014,0.038,0.189
5130.5,-0.013,0.039,0.19
5130.68,-0.011,0.038,0.192
5130.86,-0.01,0.038,0.196
5131.4,-0.009,0.038,0.199
5131.23,-0.009,0.038,0.201
5131.41,-0.012,0.036,0.203
5131.59,-0.011,0.036,0.204
5131.77,-0.012,0.038,0.207
5131.95,-0.012,0.04,0.21
5132.14,-0.012,0.043,0.211
5132.32,-0.013,0.045,0.215
5132.5,-0.012,0.044,0.219
5132.68,-0.011,0.046,0.221
5132.87,-0.011,0.045,0.225
5133.5,-0.011,0.048,0.227
5133.23,-0.01,0.047,0.232
5133.41,-0.012,0.046,0.235
5133.59,-0.013,0.048,0.24
5133.78,-0.017,0.048,0.245
5133.96,-0.018,0.049,0.249
5134.14,-0.017,0.047,0.251
5134.32,-0.014,0.044,0.255
5134.51,-0.014,0.044,0.257
5134.69,-0.014,0.043,0.262
5134.87,-0.013,0.04,0.268
5135.5,-0.012,0.04,0.273
5135.78,-0.013,0.037,0.291
5135.96,-0.01,0.036,0.294
5136.15,-0.01,0.037,0.3
5136.33,-0.01,0.038,0.303
5136.51,-0.012,0.04,0.304
5136.69,-0.014,0.04,0.309
5136.88,-0.013,0.042,0.311
5137.6,-0.014,0.045,0.313
5137.24,-0.013,0.048,0.315
5137.42,-0.012,0.046,0.316
5137.6,-0.012,0.051,0.318
5137.79,-0.013,0.051,0.32
5137.97,-0.012,0.052,0.326
5138.15,-0.01,0.053,0.331
5138.33,-0.009,0.056,0.334
5138.52,-0.009,0.056,0.335
5138.7,-0.008,0.056,0.339
5138.88,-0.008,0.056,0.339
5139.6,-0.006,0.056,0.343
5139.25,-0.005,0.06,0.345
5139.43,-0.004,0.059,0.348
5139.61,-0.005,0.059,0.349
5139.79,-0.003,0.06,0.357
5139.97,-0.004,0.06,0.362
5140.16,-0.004,0.061,0.368
5140.34,-0.002,0.062,0.373
5140.52,-0.003,0.059,0.378
5140.7,-0.005,0.06,0.381
5140.89,-0.006,0.062,0.386
5141.7,-0.005,0.064,0.387
5141.25,-0.004,0.065,0.387
5141.43,-0.001,0.065,0.391
5141.62,-0.005,0.062,0.397
5141.8,-0.004,0.065,0.395
5141.98,-0.005,0.065,0.395
5142.16,-0.006,0.064,0.397
5142.34,-0.004,0.064,0.403
5142.53,-0.004,0.065,0.405
5142.71,-0.005,0.066,0.406
5142.89,-0.0,0.068,0.407
5143.7,-0.001,0.067,0.41
5143.26,0.0,0.068,0.413
5143.44,-0.0,0.067,0.417
5143.62,0.003,0.065,0.419
5143.8,0.008,0.073,0.429
5143.98,0.003,0.063,0.428
5144.17,0.008,0.07,0.435
5144.35,0.004,0.07,0.434
5144.53,0.004,0.069,0.44
5144.71,0.004,0.07,0.445
5144.9,0.005,0.071,0.446
5145.8,0.007,0.067,0.446
5145.26,0.009,0.068,0.448
5145.44,0.009,0.07,0.451
5145.63,0.009,0.067,0.454
5145.81,0.011,0.069,0.456
5145.99,0.012,0.07,0.459
5146.17,0.014,0.07,0.463
5146.35,0.016,0.072,0.466
5146.54,0.017,0.074,0.469
5146.72,0.021,0.071,0.474
5146.9,0.019,0.069,0.478
5147.8,0.017,0.072,0.483
5147.27,0.018,0.073,0.486
5147.45,0.019,0.075,0.488
5147.63,0.019,0.078,0.49
5147.81,0.02,0.075,0.496
5147.99,0.02,0.075,0.497
5148.18,0.02,0.077,0.5
5148.36,0.018,0.078,0.501
5148.54,0.016,0.079,0.502
5148.72,0.018,0.081,0.505
5148.91,0.019,0.084,0.509
5149.9,0.019,0.087,0.514
5149.27,0.02,0.088,0.514
5149.45,0.019,0.087,0.517
5149.64,0.019,0.086,0.522
5149.82,0.018,0.09,0.525
5150.0,0.018,0.095,0.529
5150.55,0.017,0.101,0.544
5150.73,0.016,0.1,0.548
5150.91,0.017,0.097,0.549
5151.9,0.018,0.098,0.551
5151.28,0.017,0.099,0.556
5151.46,0.018,0.1,0.56
5151.64,0.019,0.105,0.565
5151.82,0.017,0.107,0.568
5152.0,0.019,0.108,0.569
5152.19,0.017,0.107,0.575
5152.37,0.022,0.106,0.579
5152.55,0.023,0.105,0.581
5152.73,0.023,0.105,0.582
5152.92,0.02,0.107,0.584
5153.1,0.021,0.111,0.59
5153.28,0.021,0.11,0.593
5153.46,0.023,0.111,0.592
5153.64,0.022,0.108,0.591
5153.83,0.023,0.108,0.594
5154.1,0.019,0.109,0.596
5154.19,0.019,0.112,0.6
5154.37,0.016,0.112,0.602
5154.56,0.014,0.111,0.605
5154.74,0.014,0.112,0.608
5154.92,0.016,0.111,0.607
5155.1,0.017,0.111,0.61
5155.29,0.018,0.111,0.613
5155.47,0.019,0.108,0.617
5158.38,0.021,0.131,0.673
5158.57,0.02,0.129,0.676
5158.75,0.022,0.127,0.681
5158.93,0.022,0.127,0.684
5159.11,0.024,0.129,0.687
5159.3,0.023,0.127,0.693
5159.48,0.022,0.129,0.697
5159.66,0.023,0.133,0.702
5159.84,0.021,0.132,0.702
5160.2,0.023,0.134,0.706
5160.21,0.024,0.134,0.71
5160.39,0.024,0.133,0.714
5160.57,0.023,0.133,0.716
5160.75,0.023,0.131,0.724
5160.94,0.026,0.134,0.729
5161.12,0.026,0.135,0.73
5161.3,0.024,0.136,0.736
5161.48,0.025,0.137,0.74
5161.67,0.027,0.138,0.746
5161.85,0.031,0.138,0.75
5162.3,0.032,0.138,0.757
5162.21,0.028,0.137,0.76
5162.39,0.027,0.14,0.766
5162.58,0.027,0.141,0.771
5162.76,0.026,0.14,0.775
5162.94,0.026,0.143,0.778
5163.12,0.027,0.145,0.782
5163.31,0.028,0.144,0.789
5163.49,0.028,0.143,0.795
5163.67,0.029,0.146,0.8
5163.85,0.028,0.148,0.805
5164.3,0.029,0.147,0.81
5164.22,0.026,0.148,0.814
5164.4,0.026,0.147,0.817
5164.58,0.026,0.149,0.823
5164.76,0.028,0.152,0.829
5164.95,0.026,0.153,0.834
5165.13,0.027,0.152,0.836
5165.31,0.029,0.154,0.84
5165.49,0.029,0.156,0.84
5165.68,0.03,0.16,0.843
5165.86,0.031,0.161,0.847
5166.4,0.032,0.16,0.855
5166.22,0.029,0.162,0.858
5166.4,0.029,0.161,0.862
5166.59,0.029,0.159,0.867
5166.77,0.03,0.159,0.869
5166.95,0.03,0.161,0.871
5167.13,0.031,0.163,0.873
5167.32,0.032,0.162,0.875
5167.5,0.03,0.164,0.878
5167.68,0.028,0.164,0.886
5167.86,0.026,0.164,0.892
5168.5,0.025,0.166,0.895
5168.23,0.021,0.168,0.899
5168.41,0.019,0.171,0.902
5168.59,0.018,0.173,0.908
5168.77,0.017,0.178,0.915
5168.96,0.018,0.18,0.917
5169.14,0.016,0.181,0.921
5169.32,0.016,0.181,0.92
5169.5,0.018,0.181,0.922
5169.69,0.018,0.181,0.924
5169.87,0.018,0.18,0.925
5170.5,0.018,0.181,0.93
5170.23,0.018,0.183,0.931
5170.42,0.019,0.184,0.934
5170.6,0.019,0.186,0.939
5170.78,0.017,0.186,0.944
5171.33,0.02,0.186,0.96
5171.51,0.022,0.189,0.963
5171.69,0.023,0.191,0.966
5171.87,0.023,0.192,0.969
5172.6,0.021,0.193,0.972
5172.24,0.02,0.194,0.976
5172.42,0.02,0.199,0.98
5172.6,0.015,0.2,0.982
5172.79,0.017,0.2,0.981
5172.97,0.015,0.199,0.983
5173.15,0.014,0.199,0.987
5173.33,0.015,0.205,0.993
5173.51,0.011,0.201,0.997
5173.7,0.018,0.208,1.004
5173.88,0.006,0.214,1.002
5174.6,0.014,0.207,1.006
5174.24,0.011,0.211,1.01
5174.43,0.007,0.21,1.01
5174.61,0.003,0.211,1.01
5174.79,0.01,0.214,1.02
5174.97,0.003,0.212,1.022
5175.15,0.008,0.216,1.022
5175.34,0.002,0.21,1.023
5175.52,0.009,0.214,1.026
5175.7,0.01,0.21,1.036
5175.88,0.013,0.21,1.04
5176.7,0.018,0.212,1.063
5176.25,0.018,0.207,1.06
5176.43,0.019,0.214,1.065
5176.61,0.024,0.212,1.067
5176.8,0.025,0.211,1.071
5176.98,0.022,0.215,1.082
5177.16,0.026,0.215,1.081
5177.34,0.025,0.212,1.085
5177.52,0.025,0.212,1.08
5177.71,0.022,0.209,1.087
5177.89,0.023,0.206,1.089
5178.7,0.024,0.208,1.095
5178.25,0.024,0.207,1.099
5178.44,0.021,0.207,1.1
5178.62,0.022,0.211,1.1
5178.8,0.022,0.211,1.105
5178.98,0.022,0.212,1.107
5179.53,0.022,0.216,1.121
5179.71,0.02,0.216,1.127
5179.89,0.022,0.214,1.129
5180.8,0.022,0.218,1.134
5180.26,0.02,0.223,1.139
5180.44,0.023,0.226,1.144
5180.62,0.021,0.228,1.148
5180.81,0.021,0.23,1.149
5180.99,0.018,0.23,1.151
5181.17,0.018,0.233,1.146
5181.35,0.016,0.237,1.152
5181.53,0.022,0.237,1.147
5181.72,0.019,0.239,1.166
5181.9,0.021,0.237,1.161
5182.8,0.023,0.243,1.169
5182.26,0.027,0.241,1.17
5182.45,0.021,0.241,1.177
5182.63,0.022,0.242,1.178
5182.81,0.022,0.243,1.181
5182.99,0.021,0.244,1.179
5183.17,0.021,0.245,1.181
5183.36,0.025,0.244,1.188
5183.54,0.022,0.241,1.188
5183.72,0.018,0.242,1.191
5183.9,0.017,0.241,1.192
5185.36,0.017,0.303,1.265
5185.54,0.015,0.303,1.272
5185.73,0.014,0.301,1.274
5185.91,0.013,0.305,1.278
5186.9,0.012,0.303,1.282
5186.27,0.009,0.3,1.285
5186.46,0.012,0.301,1.29
5186.64,0.016,0.302,1.293
5186.82,0.019,0.302,1.297
5187.0,0.018,0.298,1.302
5187.19,0.017,0.302,1.306
5187.37,0.016,0.299,1.309
5187.55,0.015,0.303,1.311
5187.73,0.012,0.303,1.312
5187.91,0.01,0.302,1.316
5188.1,0.009,0.303,1.318
5188.28,0.012,0.303,1.321
5188.46,0.012,0.304,1.322
5188.64,0.011,0.306,1.322
5188.83,0.011,0.311,1.325
5189.1,0.013,0.313,1.325
5189.19,0.013,0.314,1.329
5189.37,0.013,0.317,1.332
5189.55,0.013,0.319,1.332
5189.74,0.008,0.318,1.334
5189.92,0.007,0.32,1.338
5190.1,0.009,0.321,1.344
5190.28,0.011,0.32,1.344
5190.47,0.011,0.319,1.344
5190.65,0.011,0.322,1.35
5190.83,0.01,0.324,1.356
5191.1,0.014,0.325,1.357
5191.2,0.014,0.327,1.363
5191.38,0.013,0.33,1.362
5191.56,0.013,0.33,1.368
5191.74,0.012,0.329,1.373
5191.92,0.012,0.329,1.377
5192.11,0.007,0.327,1.38
5192.29,0.008,0.328,1.382
5192.47,0.008,0.332,1.384
5192.65,0.009,0.332,1.387
5192.84,0.01,0.332,1.389
5193.2,0.009,0.333,1.393
5193.2,0.005,0.332,1.393
5193.38,0.005,0.33,1.394
5193.56,0.007,0.333,1.393
5193.75,0.006,0.333,1.393
5193.93,0.004,0.333,1.4
5194.11,0.001,0.335,1.403
5194.29,0.0,0.34,1.41
5194.48,-0.003,0.341,1.415
5194.66,-0.002,0.342,1.415
5194.84,-0.003,0.341,1.425
5195.2,-0.002,0.34,1.429
5195.21,-0.003,0.342,1.429
5195.39,-0.002,0.34,1.432
5195.57,-0.0,0.343,1.437
5195.75,-0.0,0.346,1.439
5195.93,0.003,0.347,1.44
5196.12,0.002,0.35,1.444
5196.3,0.003,0.353,1.445
5196.48,0.001,0.358,1.449
5196.66,0.002,0.357,1.45
5196.85,0.0,0.358,1.451
5197.3,0.0,0.356,1.456
5197.21,-0.002,0.357,1.462
5197.39,-0.001,0.36,1.463
5197.57,-0.002,0.361,1.468
5197.76,0.001,0.363,1.47
5197.94,0.002,0.366,1.472
5198.12,-0.001,0.367,1.472
5198.3,-0.002,0.368,1.476
5198.49,-0.002,0.367,1.477
5198.67,-0.005,0.372,1.478
5198.85,-0.005,0.368,1.481
5199.3,-0.005,0.37,1.483
5199.22,-0.003,0.374,1.485
5199.4,-0.005,0.375,1.489
5199.58,-0.004,0.378,1.493
5199.76,-0.002,0.382,1.499
5199.94,-0.004,0.384,1.5
5200.13,-0.006,0.381,1.501
5200.31,-0.006,0.382,1.506
5200.49,-0.005,0.384,1.506
5200.67,-0.005,0.384,1.508
5200.86,-0.004,0.382,1.511
5201.4,-0.003,0.379,1.513
5201.22,-0.0,0.38,1.512
5201.4,0.003,0.381,1.517
5201.58,0.002,0.384,1.522
5201.77,0.0,0.385,1.528
5201.95,0.001,0.385,1.53
5202.13,0.001,0.384,1.534
5202.31,0.001,0.387,1.538
5202.5,0.003,0.39,1.541
5204.14,0.011,0.397,1.568
5204.32,0.012,0.4,1.57
5204.5,0.011,0.404,1.576
5204.68,0.011,0.408,1.578
5204.87,0.012,0.407,1.584
5205.5,0.013,0.41,1.586
5205.23,0.014,0.408,1.592
5205.41,0.015,0.409,1.595
5205.59,0.012,0.407,1.601
5205.78,0.011,0.407,1.609
5205.96,0.011,0.41,1.608
5206.14,0.013,0.409,1.61
5206.32,0.01,0.409,1.621
5206.51,0.01,0.411,1.625
5206.69,0.01,0.411,1.631
5206.87,0.014,0.412,1.631
5207.5,0.011,0.417,1.639
5207.24,0.012,0.417,1.638
5207.42,0.011,0.419,1.638
5207.6,0.01,0.42,1.644
5207.78,0.012,0.418,1.65
5207.96,0.011,0.42,1.652
5208.15,0.011,0.421,1.653
5208.33,0.01,0.423,1.658
5208.51,0.008,0.422,1.66
5208.69,0.008,0.42,1.665
5208.88,0.009,0.421,1.669
5209.6,0.006,0.422,1.674
5209.24,0.009,0.419,1.679
5209.42,0.006,0.42,1.68
5209.6,0.006,0.419,1.683
5209.79,0.01,0.421,1.684
5209.97,0.01,0.419,1.689
5210.15,0.01,0.422,1.693
5210.33,0.009,0.423,1.698
5211.25,0.005,0.428,1.719
5211.43,0.006,0.429,1.724
5211.61,0.004,0.433,1.725
5211.79,0.002,0.435,1.726
5211.97,0.0,0.439,1.728
5212.16,0.0,0.441,1.731
5212.34,0.0,0.442,1.736
5212.52,0.0,0.443,1.741
5212.7,0.0,0.445,1.743
5212.89,-0.002,0.449,1.749
5213.7,-0.005,0.453,1.751
5213.25,-0.005,0.453,1.754
5213.43,-0.004,0.454,1.756
5213.61,-0.007,0.457,1.762
5213.8,-0.008,0.458,1.765
5213.98,-0.006,0.461,1.768
5214.16,-0.002,0.461,1.773
5214.34,0.0,0.463,1.777
5215.44,0.006,0.475,1.799
5215.62,0.007,0.473,1.8
5215.8,0.008,0.471,1.802
5215.98,0.006,0.47,1.802
5216.17,0.004,0.475,1.803
5216.35,0.001,0.48,1.805
5216.53,0.001,0.478,1.806
5216.71,0.0,0.476,1.811
5216.89,-0.0,0.48,1.812
5217.8,-0.001,0.479,1.816
5217.26,-0.002,0.482,1.819
5217.44,-0.001,0.481,1.823
5217.62,-0.003,0.479,1.821
5217.81,-0.006,0.482,1.824
5217.99,-0.006,0.481,1.829
5218.17,-0.004,0.481,1.832
5218.35,-0.003,0.48,1.836
5218.54,-0.004,0.48,1.841
5218.72,-0.006,0.484,1.845
5218.9,-0.009,0.485,1.848
5219.8,-0.012,0.486,1.857
5219.26,-0.012,0.487,1.858
5219.45,-0.013,0.487,1.863
5219.63,-0.011,0.487,1.867
5219.81,-0.011,0.489,1.869
5219.99,-0.013,0.491,1.874
5220.18,-0.015,0.492,1.873
5220.36,-0.016,0.494,1.878
5220.54,-0.016,0.497,1.881
5220.72,-0.018,0.501,1.885
5220.9,-0.018,0.503,1.883
5221.9,-0.017,0.505,1.888
5221.27,-0.017,0.503,1.889
5221.45,-0.02,0.504,1.894
5221.63,-0.022,0.504,1.896
5221.82,-0.024,0.502,1.901
5222.0,-0.024,0.503,1.905
5222.18,-0.024,0.504,1.911
5222.36,-0.025,0.503,1.911
5222.55,-0.027,0.503,1.915
5222.73,-0.026,0.502,1.919
5222.91,-0.026,0.503,1.922
5223.9,-0.027,0.503,1.925
5223.27,-0.027,0.5,1.93
5223.46,-0.027,0.5,1.934
5223.64,-0.023,0.5,1.936
5223.82,-0.026,0.501,1.939
5226.74,-0.04,0.518,2.012
5226.92,-0.04,0.519,2.017
5227.1,-0.041,0.52,2.019
5227.28,-0.043,0.521,2.019
5227.47,-0.039,0.52,2.026
5227.65,-0.041,0.519,2.03
5227.83,-0.047,0.519,2.036
5228.1,-0.048,0.52,2.037
5228.2,-0.048,0.52,2.04
5228.38,-0.048,0.522,2.039
5228.56,-0.048,0.525,2.044
5228.74,-0.048,0.526,2.047
5228.92,-0.047,0.53,2.05
5229.11,-0.046,0.529,2.053
5229.29,-0.046,0.528,2.059
5229.47,-0.044,0.526,2.062
5229.84,-0.047,0.53,2.071
5230.2,-0.047,0.527,2.079
5230.2,-0.048,0.526,2.081
5230.38,-0.052,0.526,2.086
5230.57,-0.053,0.526,2.085
5230.75,-0.057,0.525,2.09
5230.93,-0.058,0.525,2.093
5231.11,-0.058,0.524,2.097
5231.29,-0.06,0.524,2.102
5231.48,-0.061,0.524,2.109
5231.66,-0.06,0.526,2.111
5231.84,-0.061,0.525,2.113
5232.2,-0.059,0.528,2.116
5232.21,-0.059,0.529,2.121
5232.39,-0.058,0.534,2.124
5232.57,-0.057,0.535,2.13
5232.75,-0.06,0.539,2.132
5232.94,-0.058,0.535,2.136
5233.12,-0.058,0.536,2.14
5233.3,-0.058,0.538,2.14
5233.48,-0.059,0.541,2.147
5233.66,-0.059,0.538,2.149
5233.85,-0.061,0.54,2.15
5234.3,-0.062,0.537,2.153
5234.21,-0.062,0.536,2.157
5234.39,-0.063,0.537,2.162
5234.58,-0.062,0.538,2.172
5234.76,-0.063,0.541,2.179
5234.94,-0.064,0.542,2.187
5235.12,-0.062,0.543,2.186
5235.31,-0.063,0.546,2.186
5235.49,-0.061,0.55,2.188
5235.67,-0.063,0.553,2.187
5235.85,-0.064,0.554,2.19
5236.4,-0.062,0.558,2.204
5236.58,-0.06,0.56,2.206
5236.76,-0.061,0.564,2.212
5236.95,-0.061,0.566,2.207
5237.13,-0.058,0.569,2.211
5237.31,-0.058,0.567,2.211
5237.49,-0.054,0.565,2.214
5237.68,-0.054,0.564,2.217
5237.86,-0.051,0.567,2.22
5238.4,-0.052,0.567,2.224
5238.22,-0.052,0.568,2.223
5245.33,-0.061,0.607,2.366
5245.51,-0.062,0.608,2.37
5245.7,-0.062,0.609,2.376
5245.88,-0.062,0.612,2.378
5246.6,-0.065,0.616,2.384
5246.24,-0.065,0.615,2.391
5246.43,-0.064,0.617,2.393
5246.61,-0.063,0.619,2.395
5246.79,-0.063,0.622,2.404
5246.97,-0.063,0.626,2.405
5247.16,-0.065,0.629,2.412
5247.34,-0.064,0.63,2.42
5247.52,-0.064,0.632,2.424
5247.7,-0.066,0.632,2.429
5248.43,-0.067,0.637,2.443
5248.61,-0.065,0.64,2.447
5248.8,-0.067,0.646,2.452
5248.98,-0.067,0.646,2.453
5249.16,-0.066,0.649,2.461
5249.34,-0.065,0.651,2.46
5249.52,-0.063,0.653,2.467
5249.71,-0.065,0.656,2.472
5249.89,-0.065,0.655,2.476
5250.7,-0.067,0.658,2.48
5250.25,-0.064,0.657,2.486
5258.9,-0.08,0.71,2.665
5258.27,-0.08,0.709,2.669
5258.46,-0.079,0.714,2.676
5258.64,-0.077,0.714,2.68
5258.82,-0.076,0.715,2.685
5259.0,-0.075,0.716,2.69
5259.19,-0.075,0.719,2.693
5259.37,-0.075,0.721,2.696
5259.55,-0.079,0.722,2.704
5259.73,-0.077,0.721,2.705
5259.92,-0.083,0.725,2.713
5260.1,-0.08,0.724,2.717
5260.28,-0.08,0.723,2.725
5260.46,-0.076,0.725,2.727
5260.64,-0.075,0.727,2.736
5260.83,-0.072,0.733,2.734
5261.1,-0.075,0.733,2.742
5261.19,-0.076,0.734,2.74
5261.37,-0.076,0.734,2.746
5261.56,-0.073,0.734,2.749
5261.74,-0.075,0.73,2.754
5261.92,-0.075,0.733,2.756
5262.1,-0.075,0.733,2.76
5262.29,-0.076,0.734,2.764
5262.47,-0.076,0.736,2.767
5262.65,-0.08,0.74,2.771
5262.83,-0.082,0.742,2.773
5263.1,-0.082,0.743,2.774
5263.2,-0.084,0.745,2.781
5263.38,-0.082,0.744,2.783
5263.56,-0.082,0.746,2.787
5263.74,-0.082,0.745,2.788
5263.93,-0.08,0.745,2.791
5264.11,-0.081,0.746,2.792
5264.29,-0.083,0.747,2.797
5264.47,-0.081,0.749,2.801
5264.66,-0.086,0.751,2.806
5264.84,-0.088,0.75,2.812
5265.75,-0.092,0.763,2.825
5265.93,-0.093,0.766,2.827
5266.11,-0.093,0.768,2.833
5266.3,-0.092,0.77,2.834
5266.48,-0.091,0.77,2.838
5266.66,-0.09,0.771,2.84
5266.84,-0.09,0.776,2.844
5267.2,-0.092,0.78,2.847
5267.21,-0.093,0.779,2.849
5267.39,-0.093,0.784,2.855
5273.59,-0.085,0.827,2.964
5273.77,-0.087,0.828,2.967
5273.95,-0.088,0.827,2.973
5274.13,-0.088,0.83,2.977
5274.32,-0.09,0.831,2.984
5274.5,-0.094,0.831,2.984
5274.68,-0.094,0.832,2.989
5274.86,-0.095,0.833,2.997
5275.5,-0.093,0.833,3.001
5275.23,-0.094,0.835,3.003
5275.41,-0.094,0.838,3.004
5275.59,-0.094,0.842,3.008
5275.77,-0.096,0.845,3.011
5275.96,-0.098,0.851,3.014
5276.14,-0.096,0.849,3.018
5276.32,-0.095,0.85,3.018
5276.5,-0.095,0.853,3.022
5276.69,-0.097,0.855,3.026
5281.79,-0.072,0.884,3.125
5281.97,-0.072,0.887,3.13
5282.16,-0.074,0.891,3.128
5282.34,-0.076,0.892,3.132
5282.52,-0.077,0.893,3.136
5282.7,-0.078,0.893,3.144
5282.88,-0.075,0.894,3.147
5283.7,-0.076,0.895,3.152
5283.25,-0.073,0.896,3.155
5283.43,-0.074,0.901,3.16
5283.61,-0.071,0.901,3.163
5291.82,-0.082,0.945,3.327
5292.0,-0.081,0.945,3.329
5292.18,-0.083,0.945,3.332
5292.36,-0.084,0.946,3.332
5292.55,-0.086,0.95,3.336
5292.73,-0.085,0.951,3.336
5292.91,-0.084,0.95,3.339
5293.9,-0.083,0.953,3.343
5293.28,-0.085,0.955,3.348
5293.46,-0.086,0.956,3.349
5293.64,-0.09,0.957,3.353
5293.82,-0.089,0.962,3.357
5294.0,-0.088,0.96,3.364
5294.19,-0.085,0.962,3.366
5294.37,-0.084,0.959,3.371
5294.55,-0.083,0.956,3.376
5294.73,-0.085,0.956,3.379
5297.83,-0.069,0.973,3.441
5298.2,-0.069,0.972,3.442
5298.2,-0.072,0.973,3.45
5298.38,-0.074,0.977,3.452
5298.56,-0.077,0.978,3.453
5298.74,-0.079,0.977,3.456
5298.93,-0.08,0.978,3.46
5299.11,-0.08,0.978,3.462
5299.29,-0.083,0.978,3.466
5299.47,-0.085,0.979,3.471
5299.66,-0.087,0.978,3.475
5300.2,-0.086,0.978,3.468
5300.2,-0.086,0.978,3.469
5300.39,-0.087,0.98,3.471
5300.57,-0.088,0.981,3.478
5300.75,-0.087,0.981,3.476
5300.93,-0.085,0.985,3.48
5301.11,-0.083,0.988,3.489
5301.3,-0.082,0.984,3.494
5301.48,-0.082,0.983,3.503
5306.4,-0.065,1.023,3.6
5306.22,-0.073,1.029,3.607
5306.4,-0.07,1.026,3.609
5306.58,-0.073,1.025,3.613
5306.77,-0.072,1.028,3.616
5306.95,-0.073,1.032,3.623
5307.13,-0.074,1.034,3.625
5307.31,-0.074,1.036,3.627
5307.49,-0.072,1.04,3.629
5307.68,-0.073,1.041,3.629
5307.86,-0.074,1.044,3.63
5317.16,-0.097,1.102,3.814
5317.34,-0.095,1.101,3.818
5317.52,-0.091,1.101,3.82
5317.7,-0.088,1.101,3.821
5317.89,-0.087,1.104,3.828
5318.7,-0.089,1.107,3.837
5318.25,-0.088,1.106,3.839
5318.43,-0.088,1.107,3.847
5318.62,-0.087,1.107,3.847
5318.8,-0.084,1.107,3.85
5318.98,-0.081,1.106,3.854
5327.55,-0.085,1.163,3.987
5327.73,-0.087,1.164,3.991
5327.91,-0.086,1.165,3.995
5328.1,-0.084,1.166,3.995
5328.28,-0.087,1.166,4.002
5328.46,-0.085,1.169,4.003
5328.64,-0.086,1.171,4.006
5328.83,-0.082,1.173,4.009
5329.1,-0.082,1.173,4.014
5329.19,-0.081,1.171,4.017
5329.37,-0.08,1.172,4.019
5339.4,-0.081,1.205,4.209
5339.22,-0.084,1.208,4.213
5339.4,-0.082,1.209,4.218
5339.58,-0.081,1.216,4.218
5339.76,-0.082,1.222,4.22
5339.95,-0.082,1.224,4.221
5340.13,-0.082,1.223,4.226
5340.31,-0.084,1.226,4.226
5340.49,-0.084,1.228,4.229
5340.68,-0.083,1.231,4.232
5347.42,-0.08,1.259,4.372
5347.6,-0.078,1.258,4.374
5347.79,-0.079,1.258,4.374
5347.97,-0.084,1.258,4.372
5348.15,-0.084,1.258,4.376
5348.33,-0.087,1.258,4.38
5348.52,-0.085,1.263,4.38
5348.7,-0.084,1.265,4.392
5348.88,-0.082,1.265,4.393
5349.6,-0.082,1.269,4.401
5349.24,-0.077,1.27,4.407
5355.99,-0.045,1.298,4.587
5356.17,-0.046,1.291,4.596
5356.35,-0.046,1.293,4.579
5356.54,-0.046,1.293,4.593
5356.72,-0.041,1.288,4.601
5356.9,-0.043,1.288,4.603
5357.8,-0.044,1.287,4.607
5357.27,-0.047,1.288,4.606
5357.45,-0.046,1.289,4.617
5357.63,-0.041,1.288,4.618
5357.81,-0.045,1.292,4.625
5364.92,-0.02,1.306,4.759
5365.1,-0.026,1.313,4.778
5365.29,-0.018,1.304,4.775
5365.47,-0.023,1.313,4.783
5365.65,-0.02,1.312,4.789
5365.83,-0.018,1.315,4.79
5366.2,-0.017,1.314,4.795
5366.2,-0.018,1.315,4.794
5366.38,-0.021,1.318,4.803
5366.56,-0.019,1.319,4.804
5370.21,-0.028,1.336,4.87
5370.39,-0.028,1.34,4.876
5370.57,-0.026,1.343,4.877
5370.76,-0.023,1.342,4.883
5370.94,-0.023,1.344,4.889
5371.12,-0.021,1.344,4.895
5371.3,-0.023,1.35,4.902
5371.49,-0.02,1.351,4.904
5371.67,-0.021,1.352,4.91
5371.85,-0.018,1.351,4.912
5372.3,-0.017,1.352,4.918
5372.21,-0.016,1.352,4.923
5372.4,-0.016,1.354,4.927
5372.58,-0.017,1.357,4.932
5372.76,-0.014,1.356,4.941
5372.94,-0.016,1.359,4.943
5373.13,-0.016,1.363,4.945
5373.31,-0.016,1.36,4.952
5373.49,-0.013,1.358,4.96
5373.67,-0.012,1.357,4.966
5373.86,-0.015,1.359,4.975
5374.4,-0.014,1.357,4.979
5374.22,-0.014,1.356,4.987
5377.5,-0.001,1.371,5.046
5377.68,-0.002,1.371,5.048
5377.87,-0.0,1.373,5.051
5378.5,-0.0,1.37,5.052
5378.23,-0.001,1.371,5.053
5378.41,0.0,1.369,5.056
5378.6,0.001,1.368,5.057
5378.78,0.004,1.374,5.069
5378.96,0.004,1.377,5.072
5379.14,0.004,1.373,5.072
5386.25,0.029,1.401,5.237
5386.43,0.03,1.398,5.242
