timestamp,pitch,yaw,roll
117.6,-0.009,0.046,0.002
117.78,0.016,0.048,0.007
117.96,-0.037,0.052,-0.022
118.15,0.011,0.053,-0.021
118.33,-0.018,0.052,-0.013
118.51,0.038,0.052,-0.01
118.69,-0.028,0.054,-0.027
118.88,0.011,0.055,-0.022
119.6,0.003,0.056,-0.025
122.7,0.003,0.054,0.005
122.88,-0.001,0.053,-0.022
123.7,-0.009,0.052,-0.02
123.25,0.015,0.051,-0.027
123.43,-0.021,0.052,-0.029
123.61,0.003,0.051,-0.038
123.8,-0.012,0.05,-0.016
123.98,0.019,0.049,-0.042
124.16,-0.011,0.05,-0.011
124.34,-0.015,0.053,-0.028
124.53,-0.011,0.051,-0.016
124.71,-0.007,0.049,-0.02
124.89,-0.005,0.05,-0.018
125.7,-0.006,0.048,-0.034
125.25,-0.012,0.047,-0.032
125.44,-0.008,0.047,-0.022
125.62,0.001,0.045,-0.015
125.8,0.004,0.045,-0.008
130.91,0.045,0.054,-0.012
131.9,-0.005,0.053,-0.025
131.27,0.003,0.052,-0.03
131.45,-0.01,0.051,-0.025
131.63,0.047,0.052,-0.022
131.82,-0.038,0.053,-0.037
132.0,0.018,0.054,-0.027
132.18,-0.015,0.057,-0.038
132.36,-0.0,0.061,-0.024
132.55,0.014,0.061,-0.046
132.73,0.01,0.064,-0.027
132.91,-0.02,0.067,-0.034
133.9,0.027,0.069,-0.028
133.27,0.008,0.068,-0.024
133.46,-0.021,0.068,-0.048
133.64,0.011,0.069,-0.051
133.82,0.0,0.069,-0.034
134.0,0.002,0.071,0.001
134.19,-0.006,0.071,-0.013
134.37,0.001,0.069,0.003
134.55,-0.002,0.068,-0.005
134.73,-0.01,0.07,-0.008
134.92,0.002,0.073,0.016
135.1,-0.035,0.077,-0.035
135.28,0.017,0.073,-0.02
135.46,-0.005,0.076,0.02
135.64,-0.031,0.078,-0.036
135.83,0.003,0.077,0.008
136.1,-0.022,0.08,-0.009
136.19,0.004,0.079,0.008
136.37,-0.007,0.08,-0.016
136.56,-0.005,0.081,-0.028
136.74,0.008,0.085,-0.024
141.11,-0.02,0.103,-0.001
141.3,0.046,0.106,0.043
141.48,-0.008,0.105,0.001
141.66,0.003,0.109,0.017
141.84,0.026,0.109,0.02
142.2,-0.009,0.111,0.011
142.21,0.013,0.109,0.01
142.39,0.006,0.108,-0.009
142.57,-0.0,0.108,0.006
142.75,0.001,0.107,-0.0
142.94,0.01,0.107,0.02
143.12,0.02,0.109,-0.018
143.3,0.008,0.107,-0.005
143.48,0.021,0.106,-0.017
143.66,-0.006,0.108,0.013
143.85,0.007,0.106,0.012
144.3,0.007,0.104,0.02
144.21,0.02,0.102,0.012
144.39,0.011,0.101,0.001
147.49,-0.007,0.099,-0.005
147.68,0.02,0.098,-0.004
147.86,-0.008,0.098,0.002
148.4,0.03,0.102,0.0
148.22,0.013,0.102,-0.015
148.4,0.006,0.103,-0.014
148.59,-0.003,0.104,0.0
148.77,0.004,0.104,-0.028
148.95,-0.0,0.107,-0.009
149.13,-0.0,0.107,-0.01
149.32,0.022,0.105,-0.018
149.5,0.006,0.108,-0.013
149.68,0.009,0.11,-0.014
149.86,0.017,0.109,-0.019
150.4,0.015,0.11,0.002
150.23,0.03,0.111,-0.009
150.41,0.012,0.11,-0.01
150.59,0.006,0.114,-0.012
150.77,0.006,0.114,-0.022
150.96,0.007,0.117,-0.017
151.14,0.007,0.12,-0.014
151.32,0.018,0.121,-0.012
151.5,-0.014,0.124,-0.007
151.69,0.015,0.125,-0.014
151.87,0.015,0.126,-0.03
152.5,0.022,0.125,-0.073
152.23,0.0,0.125,-0.086
152.41,0.01,0.129,-0.069
152.6,-0.006,0.134,-0.061
152.78,0.001,0.135,-0.077
152.96,0.005,0.137,-0.096
153.14,-0.002,0.137,-0.103
153.33,0.003,0.139,-0.091
153.51,0.01,0.139,-0.075
153.69,-0.003,0.14,-0.061
153.87,0.018,0.136,-0.044
154.6,-0.012,0.136,-0.043
154.24,-0.003,0.138,-0.03
154.42,-0.003,0.14,-0.016
154.6,-0.012,0.139,-0.022
154.78,-0.007,0.137,-0.03
154.97,-0.001,0.138,-0.042
155.15,0.01,0.142,-0.024
155.33,-0.02,0.143,-0.056
155.51,0.036,0.14,-0.038
155.7,-0.038,0.139,-0.066
155.88,0.122,0.139,-0.12
156.6,-0.013,0.137,0.041
156.24,-0.026,0.143,-0.089
156.43,0.06,0.136,0.0
156.61,-0.007,0.142,-0.005
156.79,0.02,0.14,0.004
156.97,-0.029,0.138,-0.016
157.15,0.017,0.14,-0.009
157.34,-0.004,0.138,-0.031
157.52,-0.004,0.14,-0.045
157.7,-0.017,0.142,-0.062
157.88,0.014,0.141,-0.054
158.7,0.005,0.141,-0.051
158.25,0.003,0.143,-0.101
158.43,-0.007,0.141,-0.121
158.61,0.004,0.142,-0.116
158.79,-0.004,0.139,-0.097
158.98,0.016,0.139,-0.061
159.16,0.008,0.14,-0.058
159.34,0.022,0.14,-0.038
159.52,0.005,0.138,-0.042
166.63,0.024,0.169,-0.056
166.82,-0.008,0.171,-0.099
167.0,0.009,0.17,-0.089
167.18,0.017,0.17,-0.04
167.36,0.013,0.169,-0.102
167.54,0.01,0.17,-0.109
167.73,0.004,0.173,-0.123
167.91,0.02,0.172,-0.091
168.9,0.009,0.171,-0.077
168.27,0.008,0.173,-0.074
168.46,0.005,0.171,-0.039
168.64,0.021,0.172,-0.057
168.82,0.01,0.173,-0.052
169.0,0.023,0.171,-0.066
169.19,0.004,0.171,-0.068
169.37,0.007,0.17,-0.043
169.55,0.015,0.169,-0.042
169.73,0.026,0.168,-0.04
169.91,0.026,0.172,-0.042
170.1,0.01,0.172,-0.081
170.28,0.001,0.17,-0.067
170.46,0.02,0.17,-0.064
170.64,0.007,0.169,-0.051
170.83,0.018,0.169,-0.047
171.1,0.009,0.171,-0.05
171.19,0.001,0.17,-0.051
171.37,-0.008,0.169,-0.097
171.74,-0.026,0.17,-0.071
171.92,0.032,0.17,-0.032
172.1,-0.045,0.172,-0.094
172.28,0.069,0.172,-0.02
172.47,-0.051,0.172,-0.087
172.65,0.027,0.172,-0.069
172.83,0.004,0.167,-0.096
173.1,-0.004,0.165,-0.084
173.2,0.006,0.165,-0.064
173.38,0.015,0.165,-0.048
173.56,0.006,0.165,-0.045
173.74,0.023,0.165,-0.076
173.92,-0.001,0.163,-0.057
174.11,-0.005,0.163,-0.078
174.29,0.01,0.165,-0.062
174.47,0.004,0.169,-0.064
174.65,-0.001,0.168,-0.067
174.84,-0.001,0.17,-0.043
175.2,0.004,0.171,-0.02
175.2,0.021,0.171,0.016
175.38,0.008,0.173,0.041
175.57,-0.009,0.173,-0.047
175.75,0.02,0.173,-0.004
175.93,-0.008,0.173,0.032
176.11,0.013,0.173,0.071
176.29,0.005,0.174,0.098
176.48,0.005,0.177,0.063
176.66,0.03,0.178,0.059
176.84,0.014,0.181,0.064
177.2,0.007,0.181,0.048
177.21,0.003,0.18,0.037
177.39,-0.005,0.18,0.014
177.57,0.01,0.185,0.033
177.75,0.016,0.188,0.049
177.94,-0.005,0.188,0.006
178.12,0.006,0.187,-0.007
178.3,0.002,0.19,-0.065
178.48,-0.005,0.188,-0.064
178.66,-0.001,0.188,-0.057
178.85,0.006,0.189,-0.064
179.3,0.01,0.189,-0.047
179.21,0.0,0.189,-0.004
179.39,-0.003,0.187,-0.006
179.58,0.01,0.189,-0.031
179.76,0.008,0.186,0.002
179.94,-0.012,0.186,0.053
180.12,-0.002,0.187,0.03
180.31,-0.001,0.187,0.045
180.49,0.004,0.188,0.059
180.67,0.001,0.188,0.039
180.85,0.012,0.188,0.013
181.3,0.004,0.187,-0.075
181.22,0.017,0.187,-0.099
181.4,0.009,0.19,-0.108
181.58,0.004,0.192,-0.108
181.76,0.005,0.191,-0.108
181.95,-0.022,0.193,-0.112
182.13,0.01,0.193,-0.091
182.31,-0.016,0.192,-0.097
182.49,0.008,0.194,-0.087
182.68,-0.0,0.2,-0.11
182.86,0.013,0.201,-0.083
183.4,0.016,0.204,-0.082
183.22,0.033,0.205,-0.087
183.4,0.002,0.205,-0.085
183.59,0.011,0.208,-0.053
183.77,0.01,0.21,-0.051
183.95,-0.014,0.21,-0.083
184.13,0.015,0.211,-0.079
184.32,-0.008,0.21,-0.084
184.5,0.048,0.21,-0.08
184.68,0.0,0.212,-0.062
184.86,0.001,0.213,-0.025
185.5,0.008,0.215,-0.005
185.23,0.011,0.215,-0.007
185.41,0.001,0.214,0.014
185.59,0.001,0.214,0.02
185.77,0.012,0.217,0.005
185.96,0.031,0.215,0.008
186.14,-0.006,0.215,0.014
186.32,0.019,0.213,0.031
186.5,0.002,0.217,0.027
186.69,0.013,0.221,0.046
186.87,0.001,0.221,0.032
187.5,0.013,0.218,0.038
187.23,0.009,0.217,0.037
187.42,0.024,0.218,0.032
187.6,0.004,0.218,0.029
187.78,0.018,0.219,0.036
187.96,0.02,0.22,0.058
188.14,0.018,0.22,0.048
188.33,0.003,0.221,0.041
188.51,0.013,0.223,0.056
188.69,-0.003,0.222,0.046
188.87,0.019,0.222,0.027
189.6,0.014,0.221,0.019
189.24,0.005,0.219,0.014
189.42,0.029,0.219,0.004
189.6,-0.015,0.22,-0.023
189.79,0.01,0.22,-0.015
189.97,0.01,0.221,-0.021
190.15,0.01,0.222,0.0
190.33,0.012,0.224,0.001
190.51,0.001,0.225,0.007
190.7,0.036,0.226,0.022
190.88,0.012,0.227,0.026
191.6,0.019,0.23,0.034
191.24,0.025,0.228,0.04
191.43,0.014,0.228,0.048
191.61,0.01,0.229,0.041
191.79,0.016,0.228,0.035
191.97,0.004,0.229,0.023
192.15,-0.006,0.224,0.02
192.34,0.025,0.224,0.017
192.52,0.029,0.226,0.001
192.7,0.03,0.225,0.006
192.88,0.0,0.228,-0.012
193.7,0.005,0.23,-0.019
193.25,0.013,0.233,-0.009
193.43,0.015,0.232,-0.005
193.61,0.015,0.231,-0.013
193.8,0.016,0.232,-0.025
193.98,0.007,0.231,-0.019
194.16,0.038,0.231,-0.016
194.34,0.01,0.23,-0.013
194.52,-0.0,0.23,-0.049
194.71,-0.0,0.232,-0.026
194.89,-0.008,0.232,-0.045
195.7,0.003,0.23,-0.053
195.25,0.007,0.231,-0.046
195.44,0.007,0.233,-0.045
195.62,0.002,0.233,-0.093
195.8,-0.001,0.234,-0.095
195.98,0.022,0.236,-0.104
196.17,0.003,0.24,-0.087
196.35,0.004,0.244,-0.073
196.53,0.0,0.249,-0.062
196.71,0.022,0.249,-0.066
196.89,0.008,0.25,-0.079
197.8,0.024,0.246,-0.077
197.26,0.012,0.252,-0.066
197.44,0.039,0.254,-0.041
197.62,-0.008,0.256,-0.031
197.81,0.028,0.253,-0.008
197.99,0.004,0.257,-0.024
198.17,0.009,0.26,-0.021
198.35,0.018,0.261,-0.003
198.54,0.005,0.262,-0.008
198.72,-0.0,0.264,0.014
198.9,0.008,0.266,0.03
199.8,0.015,0.267,0.019
199.26,-0.003,0.27,0.043
199.45,0.006,0.272,0.048
199.63,0.017,0.274,0.009
199.81,0.01,0.278,-0.016
199.99,0.016,0.28,-0.042
200.18,0.003,0.284,-0.056
200.36,0.012,0.284,-0.068
200.54,0.004,0.285,-0.073
203.28,0.0,0.281,-0.071
203.46,0.005,0.282,-0.066
203.64,0.008,0.284,-0.066
203.82,0.012,0.285,-0.071
204.0,0.012,0.287,-0.051
204.19,0.01,0.287,-0.058
204.37,-0.005,0.286,-0.04
204.55,0.002,0.284,-0.039
204.73,0.013,0.286,-0.035
204.92,0.0,0.286,-0.044
205.1,0.008,0.287,-0.039
205.28,0.029,0.291,-0.039
205.46,0.012,0.291,-0.03
205.65,-0.002,0.29,-0.031
205.83,0.015,0.292,-0.012
206.1,-0.005,0.291,-0.015
206.19,0.012,0.292,0.015
206.37,0.003,0.29,-0.006
206.56,0.016,0.29,0.004
206.74,-0.0,0.288,0.0
206.92,0.013,0.284,-0.007
207.1,0.012,0.285,-0.026
207.29,0.002,0.289,-0.036
207.47,0.006,0.29,-0.024
207.65,0.006,0.288,-0.048
207.83,0.021,0.289,-0.046
208.1,-0.009,0.288,-0.037
208.2,-0.005,0.287,-0.031
208.38,0.002,0.285,-0.039
208.56,0.003,0.284,-0.055
208.74,0.016,0.286,-0.016
208.93,0.02,0.288,-0.034
209.11,0.012,0.288,-0.034
209.29,0.006,0.289,-0.034
209.47,0.007,0.286,-0.052
209.66,-0.011,0.283,-0.022
209.84,0.027,0.285,-0.005
210.2,-0.025,0.285,0.003
210.2,0.014,0.283,0.005
210.38,-0.012,0.285,0.005
210.57,0.018,0.284,0.001
210.75,0.023,0.282,-0.004
210.93,0.01,0.283,-0.013
211.11,-0.003,0.285,-0.036
211.3,-0.007,0.288,-0.039
211.48,0.006,0.292,-0.044
211.66,0.007,0.296,-0.017
211.84,0.024,0.3,-0.035
212.3,0.019,0.301,-0.026
212.21,0.014,0.302,-0.044
212.39,-0.001,0.302,-0.051
212.57,0.013,0.302,-0.049
212.76,0.004,0.302,-0.06
212.94,-0.012,0.305,-0.011
213.12,0.011,0.303,-0.052
213.3,0.028,0.302,-0.011
213.48,-0.036,0.304,-0.013
213.67,0.035,0.303,-0.006
213.85,0.003,0.301,0.012
214.3,0.002,0.301,-0.019
214.21,0.001,0.301,-0.023
214.4,0.024,0.298,-0.017
214.58,-0.006,0.303,-0.034
214.76,-0.001,0.3,-0.062
214.94,0.005,0.297,-0.049
215.13,0.022,0.3,-0.026
215.31,-0.009,0.303,-0.047
215.49,0.007,0.3,-0.05
215.67,0.004,0.302,-0.038
215.85,0.024,0.302,-0.028
216.4,0.046,0.304,-0.037
216.22,-0.037,0.304,-0.067
216.4,0.036,0.307,-0.064
216.58,0.014,0.309,-0.053
216.77,0.035,0.31,-0.043
216.95,0.001,0.309,-0.058
217.13,0.0,0.313,-0.04
217.31,0.007,0.314,-0.011
217.5,0.003,0.319,-0.011
217.68,0.014,0.318,-0.004
217.86,0.0,0.316,-0.017
218.4,0.006,0.315,-0.015
218.23,0.03,0.317,-0.028
218.41,0.002,0.315,-0.043
218.59,0.007,0.316,-0.037
218.77,-0.0,0.315,-0.044
218.95,0.01,0.315,-0.066
219.14,0.025,0.317,-0.068
219.32,0.024,0.317,-0.066
219.5,0.009,0.315,-0.057
219.68,0.008,0.314,-0.058
219.87,-0.012,0.315,-0.061
220.5,0.013,0.314,-0.064
220.23,0.007,0.316,-0.068
220.41,0.003,0.317,-0.044
220.6,0.004,0.318,-0.044
220.78,0.01,0.317,-0.021
220.96,0.005,0.319,-0.023
221.14,0.034,0.316,-0.019
221.32,-0.014,0.316,-0.031
221.51,0.028,0.318,-0.023
221.69,0.004,0.318,-0.019
221.87,0.004,0.318,-0.03
222.5,0.008,0.316,-0.021
222.24,-0.01,0.316,-0.025
222.42,0.049,0.314,-0.018
222.6,-0.026,0.317,-0.05
222.78,0.014,0.317,-0.059
222.97,0.029,0.316,-0.041
223.15,-0.032,0.32,-0.036
223.33,0.011,0.319,-0.05
223.51,-0.011,0.317,-0.078
223.69,0.016,0.319,-0.097
223.88,0.003,0.322,-0.102
224.6,0.032,0.32,-0.108
224.24,0.011,0.318,-0.116
224.42,-0.003,0.319,-0.097
224.61,0.001,0.32,-0.1
224.79,-0.0,0.321,-0.099
224.97,0.014,0.323,-0.103
225.15,-0.009,0.326,-0.102
225.34,0.011,0.326,-0.068
225.52,-0.003,0.327,-0.072
225.7,0.006,0.331,-0.065
225.88,-0.003,0.334,-0.037
226.7,0.007,0.335,-0.026
226.25,0.016,0.332,-0.024
226.43,0.014,0.33,-0.019
226.61,0.011,0.328,-0.051
226.79,0.009,0.33,-0.044
226.98,0.013,0.333,-0.045
227.16,-0.002,0.332,-0.031
227.34,0.014,0.331,-0.033
227.52,-0.004,0.331,-0.037
227.71,0.011,0.33,-0.042
227.89,0.016,0.329,-0.041
228.7,-0.0,0.33,-0.063
228.25,0.002,0.329,-0.049
228.44,0.014,0.328,-0.031
228.62,0.017,0.33,-0.009
228.8,0.011,0.334,-0.004
228.98,-0.003,0.331,-0.023
229.16,0.001,0.331,-0.033
229.35,0.002,0.332,-0.072
229.53,0.018,0.331,-0.104
229.71,0.006,0.332,-0.087
229.89,0.012,0.333,-0.083
230.8,0.033,0.332,-0.058
230.26,0.006,0.331,-0.062
230.44,0.013,0.334,-0.119
230.62,-0.003,0.334,-0.1
230.81,0.012,0.334,-0.104
230.99,0.013,0.334,-0.082
231.17,0.007,0.334,-0.104
231.35,0.016,0.336,-0.089
231.53,-0.021,0.338,-0.108
231.72,0.021,0.34,-0.114
231.9,-0.006,0.34,-0.077
232.8,0.024,0.338,-0.065
232.26,0.002,0.34,-0.033
232.45,0.016,0.343,-0.054
232.63,0.017,0.345,-0.054
232.81,0.017,0.348,-0.037
232.99,0.012,0.349,-0.046
233.18,0.025,0.351,-0.049
233.36,-0.019,0.352,-0.074
233.54,0.02,0.355,-0.093
233.72,-0.005,0.35,-0.093
233.91,0.02,0.352,-0.082
234.9,0.019,0.352,-0.073
234.27,0.022,0.352,-0.054
234.45,0.005,0.352,-0.034
234.63,0.021,0.352,-0.033
234.82,0.003,0.354,-0.008
235.0,0.016,0.354,-0.028
235.18,-0.007,0.355,-0.029
235.36,0.019,0.354,-0.049
235.55,-0.008,0.353,-0.039
235.73,0.003,0.354,-0.054
235.91,0.004,0.354,-0.056
236.9,0.006,0.358,-0.064
236.28,-0.0,0.361,-0.067
236.46,0.001,0.362,-0.07
236.64,0.006,0.363,-0.048
236.82,0.021,0.366,-0.019
237.0,0.016,0.366,-0.02
237.19,0.028,0.365,-0.055
237.37,-0.003,0.369,-0.076
237.55,0.008,0.369,-0.072
237.73,-0.006,0.368,-0.053
237.92,0.01,0.369,-0.044
238.1,0.011,0.369,-0.039
238.28,0.018,0.369,-0.037
238.46,-0.01,0.367,-0.072
238.64,0.025,0.366,-0.103
238.83,0.006,0.37,-0.102
239.1,0.001,0.368,-0.106
239.19,0.013,0.369,-0.132
239.37,-0.005,0.368,-0.097
239.56,0.023,0.367,-0.081
239.74,0.0,0.369,-0.07
239.92,0.006,0.369,-0.067
240.1,0.009,0.369,-0.057
240.29,0.009,0.374,-0.079
240.47,0.008,0.371,-0.073
240.65,0.006,0.37,-0.043
240.83,0.001,0.367,-0.04
241.1,0.023,0.366,-0.045
241.2,-0.004,0.368,-0.058
241.38,0.029,0.366,-0.05
241.56,0.016,0.366,-0.045
241.74,0.003,0.365,-0.034
241.93,0.001,0.366,-0.051
242.11,0.026,0.362,-0.027
242.29,0.004,0.364,-0.018
242.47,0.017,0.365,-0.0
242.66,-0.01,0.364,-0.011
242.84,0.035,0.365,-0.01
243.2,0.007,0.366,-0.029
243.2,0.01,0.365,-0.026
249.58,0.007,0.38,-0.03
249.77,0.004,0.38,-0.031
249.95,0.008,0.381,-0.008
250.13,0.025,0.38,0.01
250.31,-0.002,0.378,0.001
250.49,0.022,0.377,0.012
250.68,-0.001,0.377,0.003
250.86,0.018,0.377,0.008
251.4,0.022,0.379,0.01
251.22,0.028,0.378,-0.012
251.41,0.004,0.379,-0.003
251.59,0.009,0.377,-0.003
251.77,-0.004,0.378,-0.018
251.95,0.018,0.378,-0.019
252.14,-0.001,0.378,0.0
252.32,0.021,0.376,-0.009
252.5,0.006,0.375,-0.002
252.68,0.015,0.378,-0.023
252.86,-0.006,0.377,-0.033
253.5,0.032,0.376,-0.048
253.23,0.004,0.378,-0.023
253.41,0.006,0.377,0.0
253.59,0.022,0.372,-0.068
253.78,-0.028,0.373,-0.042
253.96,0.024,0.368,-0.013
254.14,0.008,0.368,-0.032
254.32,0.024,0.37,0.005
254.51,-0.005,0.37,-0.019
254.69,0.011,0.367,-0.029
254.87,0.022,0.366,0.017
255.5,0.006,0.368,-0.03
255.23,0.026,0.369,-0.092
255.42,0.004,0.371,-0.037
255.6,0.015,0.37,-0.115
255.78,-0.001,0.369,-0.055
255.96,0.013,0.369,-0.102
256.15,-0.006,0.364,-0.075
256.33,0.012,0.364,-0.071
256.51,0.016,0.362,-0.039
256.69,-0.01,0.363,-0.066
256.87,0.011,0.362,-0.022
257.6,0.017,0.361,-0.026
257.24,0.033,0.361,-0.039
257.42,0.004,0.361,-0.026
257.6,0.029,0.362,-0.019
257.79,0.003,0.363,-0.006
257.97,0.016,0.364,-0.012
258.15,0.025,0.365,-0.018
258.33,0.002,0.364,-0.023
258.52,0.003,0.366,-0.011
258.7,0.034,0.37,-0.029
258.88,-0.002,0.37,-0.004
259.6,0.006,0.37,-0.017
259.24,0.021,0.373,0.018
259.43,0.004,0.376,0.007
259.61,0.007,0.376,0.015
259.79,0.013,0.374,-0.007
259.97,-0.006,0.373,-0.013
260.16,0.001,0.374,0.011
260.34,0.001,0.372,-0.0
260.52,-0.01,0.37,-0.002
260.7,0.007,0.369,-0.012
260.89,-0.01,0.37,0.001
261.7,0.008,0.37,-0.009
261.25,-0.013,0.37,-0.006
261.43,0.011,0.369,-0.024
261.61,0.009,0.367,0.001
261.8,-0.004,0.367,-0.019
261.98,-0.006,0.368,-0.012
262.16,0.02,0.371,-0.019
262.34,0.014,0.37,-0.002
262.53,-0.003,0.368,-0.016
262.71,0.005,0.37,-0.014
262.89,0.027,0.365,-0.013
263.7,0.012,0.364,0.001
263.26,0.0,0.365,-0.012
263.44,0.013,0.362,-0.023
263.62,0.014,0.364,-0.058
263.8,0.001,0.366,-0.071
263.98,-0.008,0.366,-0.057
264.17,-0.008,0.363,-0.055
264.35,0.007,0.362,-0.076
264.53,0.008,0.36,-0.074
264.71,0.005,0.363,-0.094
264.9,-0.001,0.363,-0.091
265.8,0.026,0.365,-0.073
265.26,-0.007,0.367,-0.059
265.44,-0.004,0.368,-0.04
265.62,-0.002,0.37,-0.008
265.81,0.011,0.373,-0.019
265.99,0.007,0.374,-0.011
266.17,0.008,0.378,0.003
266.35,-0.0,0.377,0.008
266.54,0.007,0.374,0.006
266.72,-0.0,0.376,0.017
266.9,0.011,0.377,0.003
267.8,-0.008,0.376,0.004
267.27,0.031,0.375,-0.004
267.45,-0.002,0.375,0.004
267.63,-0.002,0.377,0.005
267.81,0.01,0.377,-0.014
267.99,0.02,0.38,-0.003
268.18,-0.0,0.381,-0.024
268.36,-0.006,0.38,-0.006
268.54,-0.002,0.38,-0.011
268.72,0.009,0.383,-0.017
268.91,0.004,0.384,0.013
269.9,0.007,0.383,0.01
269.27,0.01,0.387,0.025
269.45,0.007,0.387,0.013
269.64,-0.002,0.384,0.004
269.82,0.009,0.382,0.017
270.0,-0.007,0.383,0.017
270.18,0.006,0.383,0.005
270.36,-0.0,0.384,0.003
270.55,0.003,0.384,0.014
270.73,0.025,0.386,0.003
270.91,-0.012,0.387,-0.003
271.9,-0.018,0.386,-0.018
271.28,0.002,0.386,-0.019
271.46,-0.0,0.387,0.003
271.64,0.009,0.387,-0.014
271.82,0.015,0.386,0.014
272.1,-0.026,0.386,-0.003
272.19,0.018,0.39,-0.001
272.37,0.003,0.393,-0.021
272.55,0.01,0.395,-0.012
272.73,0.004,0.396,-0.025
272.92,0.013,0.397,-0.021
273.1,-0.017,0.397,-0.031
273.28,0.025,0.399,-0.042
273.46,0.013,0.398,-0.039
273.65,-0.01,0.399,-0.074
273.83,0.004,0.401,-0.08
274.1,0.02,0.403,-0.082
274.19,-0.01,0.401,-0.074
274.38,0.004,0.4,-0.059
274.56,-0.003,0.4,-0.068
274.74,-0.011,0.397,-0.08
274.92,-0.012,0.396,-0.092
275.1,0.008,0.396,-0.071
275.29,-0.001,0.395,-0.081
275.47,-0.0,0.394,-0.088
275.65,0.001,0.395,-0.1
275.83,0.013,0.392,-0.113
276.2,-0.008,0.391,-0.093
278.75,0.002,0.404,-0.037
278.93,0.004,0.407,-0.033
279.12,0.008,0.407,-0.023
279.3,-0.009,0.414,-0.024
279.48,-0.003,0.416,-0.032
279.66,-0.004,0.419,-0.016
279.84,0.01,0.42,-0.018
280.3,0.003,0.422,-0.024
280.21,0.0,0.424,-0.064
280.39,-0.014,0.424,-0.086
280.57,0.008,0.425,-0.08
280.76,0.028,0.426,-0.08
280.94,0.009,0.429,-0.069
281.12,0.021,0.434,-0.04
281.3,-0.011,0.434,-0.061
281.49,0.007,0.435,-0.049
281.67,-0.009,0.433,-0.075
281.85,-0.0,0.434,-0.054
282.3,0.004,0.435,-0.042
282.21,-0.009,0.434,-0.021
282.4,0.01,0.435,-0.033
282.58,0.005,0.436,-0.021
282.76,-0.005,0.436,-0.016
282.94,0.01,0.436,-0.032
283.13,-0.003,0.437,-0.05
283.31,0.023,0.436,-0.075
283.49,0.007,0.436,-0.064
283.67,-0.006,0.436,-0.026
283.86,0.003,0.438,-0.006
284.4,-0.013,0.44,-0.032
284.22,0.002,0.441,-0.044
284.4,-0.014,0.441,-0.052
284.58,0.013,0.443,-0.06
284.77,-0.008,0.446,-0.068
284.95,0.002,0.451,-0.057
285.13,-0.001,0.454,-0.016
285.31,0.008,0.455,-0.018
285.5,0.0,0.455,-0.029
285.68,0.005,0.454,-0.004
285.86,-0.004,0.453,-0.026
286.4,0.023,0.45,-0.044
286.23,-0.002,0.45,-0.088
286.41,-0.008,0.45,-0.066
293.15,0.003,0.469,0.006
293.34,0.012,0.47,0.002
293.52,-0.001,0.469,0.001
293.7,0.017,0.47,-0.011
293.88,0.001,0.468,-0.022
294.6,-0.0,0.469,-0.01
294.25,-0.001,0.47,-0.012
294.43,0.018,0.473,-0.014
294.61,-0.008,0.472,-0.013
294.79,0.002,0.472,-0.008
294.98,0.003,0.472,-0.017
295.16,-0.005,0.472,-0.001
295.34,0.012,0.472,-0.011
295.52,0.0,0.474,0.001
295.71,0.002,0.476,0.012
295.89,0.015,0.476,0.011
296.7,-0.003,0.477,-0.006
296.25,0.015,0.477,-0.019
296.43,-0.013,0.478,-0.013
296.62,-0.001,0.476,-0.013
296.8,0.008,0.475,0.002
296.98,0.0,0.476,-0.015
297.16,-0.015,0.48,0.002
297.35,0.004,0.478,-0.011
297.53,-0.012,0.476,-0.029
297.71,0.02,0.478,0.001
297.89,-0.0,0.478,-0.011
298.8,-0.006,0.477,0.009
298.99,0.006,0.478,0.01
299.17,0.013,0.478,0.002
299.35,-0.0,0.479,0.001
299.53,0.003,0.48,0.009
299.72,-0.028,0.481,-0.003
299.9,0.042,0.48,-0.009
300.8,-0.003,0.482,0.002
300.26,0.005,0.481,-0.001
300.45,0.014,0.482,-0.003
300.63,0.013,0.48,-0.024
300.81,0.001,0.482,-0.023
300.99,0.005,0.484,-0.041
301.18,-0.0,0.485,-0.061
301.36,-0.0,0.488,-0.053
301.54,0.0,0.486,-0.057
301.72,-0.001,0.487,-0.05
301.9,0.024,0.488,-0.078
302.9,-0.015,0.486,-0.062
302.27,-0.012,0.487,-0.042
302.45,0.012,0.488,-0.042
302.63,-0.022,0.49,-0.057
302.82,0.019,0.495,-0.021
303.0,-0.022,0.494,-0.031
303.18,0.031,0.492,-0.018
303.36,-0.044,0.497,-0.014
303.55,0.036,0.496,-0.022
303.73,-0.031,0.495,0.01
303.91,0.036,0.496,-0.033
304.9,0.013,0.496,0.015
304.27,0.003,0.496,-0.019
304.46,0.009,0.494,0.006
304.64,-0.03,0.495,-0.005
304.82,0.004,0.496,-0.017
305.0,-0.016,0.496,-0.019
305.19,-0.006,0.496,-0.01
305.37,0.003,0.494,-0.003
305.55,0.014,0.497,0.011
305.73,0.01,0.495,-0.004
305.92,-0.025,0.499,-0.03
312.66,-0.022,0.528,-0.009
312.84,-0.014,0.529,0.051
313.2,0.011,0.531,0.013
313.21,0.032,0.529,0.032
313.39,-0.016,0.53,0.023
313.57,0.003,0.529,0.029
313.75,-0.011,0.528,0.03
313.94,0.022,0.529,0.017
314.12,-0.01,0.529,0.015
314.3,-0.015,0.528,0.008
314.48,0.009,0.528,0.006
314.67,-0.007,0.531,0.025
314.85,0.007,0.534,0.03
315.3,-0.004,0.538,0.031
315.21,-0.024,0.54,0.035
315.39,0.029,0.54,0.03
315.58,0.001,0.542,0.008
315.76,-0.003,0.541,0.019
315.94,0.002,0.542,0.011
316.12,0.023,0.544,0.025
316.31,-0.0,0.544,0.011
316.49,-0.006,0.54,0.012
316.67,0.003,0.542,0.011
316.85,-0.012,0.546,0.004
317.4,0.002,0.549,0.01
317.22,0.007,0.553,-0.002
317.4,-0.002,0.55,-0.003
317.58,0.0,0.553,0.001
317.76,0.033,0.553,0.019
317.95,-0.021,0.556,0.015
318.13,0.024,0.553,0.024
318.31,0.011,0.553,0.021
318.49,-0.011,0.555,-0.002
318.68,0.001,0.555,-0.033
318.86,0.013,0.558,-0.051
319.4,-0.025,0.559,-0.037
319.22,0.016,0.56,-0.045
319.41,0.0,0.563,-0.027
319.59,-0.028,0.565,-0.051
319.77,0.005,0.567,-0.031
319.95,-0.008,0.568,-0.043
320.13,-0.015,0.566,-0.035
320.32,-0.0,0.565,-0.026
320.5,-0.04,0.567,-0.017
320.68,0.006,0.568,-0.028
320.86,0.02,0.569,-0.017
321.5,-0.011,0.569,-0.02
321.23,-0.011,0.57,-0.018
321.41,-0.01,0.569,-0.012
321.59,-0.0,0.567,-0.019
321.78,-0.005,0.565,0.014
321.96,0.025,0.567,0.01
322.14,-0.007,0.564,0.023
322.32,0.002,0.565,0.005
322.5,-0.003,0.568,0.018
322.69,0.007,0.569,0.0
322.87,-0.002,0.568,-0.026
323.5,-0.002,0.569,-0.043
323.23,0.012,0.57,-0.049
323.42,-0.003,0.572,-0.047
323.6,-0.02,0.574,-0.042
323.78,-0.014,0.577,-0.041
323.96,-0.016,0.576,-0.03
324.14,-0.021,0.578,-0.025
324.33,-0.001,0.578,-0.018
324.51,0.012,0.58,-0.0
324.69,0.008,0.58,-0.006
324.87,0.015,0.581,0.009
325.6,-0.006,0.581,-0.019
325.24,0.007,0.58,-0.043
325.42,-0.005,0.58,-0.052
325.6,0.001,0.581,-0.078
325.79,-0.005,0.583,-0.055
325.97,0.008,0.581,-0.046
326.15,-0.02,0.581,-0.023
328.7,0.007,0.59,-0.031
328.88,-0.012,0.59,-0.03
329.7,0.008,0.59,-0.049
329.25,-0.009,0.59,-0.019
329.43,0.013,0.591,-0.031
329.61,0.015,0.595,-0.028
329.8,0.001,0.598,-0.018
329.98,0.003,0.598,-0.018
330.16,-0.008,0.597,-0.022
330.34,0.002,0.596,-0.019
330.53,0.006,0.595,-0.038
330.71,-0.013,0.596,-0.039
330.89,0.013,0.596,-0.02
331.7,-0.024,0.6,-0.037
331.25,0.0,0.601,-0.039
331.44,-0.013,0.6,-0.04
331.62,0.012,0.6,-0.033
331.8,0.011,0.598,-0.014
331.98,-0.004,0.598,-0.012
332.17,0.002,0.597,-0.028
332.35,0.003,0.6,-0.047
332.53,0.005,0.602,-0.054
332.71,0.0,0.603,-0.039
332.9,-0.013,0.607,-0.076
333.8,0.003,0.609,-0.047
334.9,-0.009,0.618,-0.059
335.8,-0.004,0.618,-0.051
335.27,-0.002,0.623,-0.068
335.45,-0.018,0.626,-0.077
335.63,-0.014,0.625,-0.06
335.81,-0.003,0.628,-0.07
335.99,0.023,0.629,-0.073
336.18,-0.009,0.63,-0.049
336.36,-0.002,0.632,-0.035
336.54,0.007,0.632,-0.037
336.72,-0.019,0.63,-0.023
336.91,0.002,0.633,-0.037
337.9,-0.004,0.636,-0.006
337.27,0.003,0.633,0.007
337.45,-0.008,0.633,0.0
337.63,0.009,0.633,-0.001
337.82,0.009,0.633,-0.008
338.0,0.001,0.633,-0.014
338.18,0.016,0.634,-0.005
338.36,0.008,0.634,-0.025
338.55,-0.01,0.634,-0.01
338.73,-0.001,0.633,-0.012
338.91,0.005,0.631,0.002
339.9,0.008,0.629,-0.019
339.28,0.01,0.631,-0.01
339.46,0.011,0.632,-0.016
339.64,0.001,0.634,-0.009
339.82,0.002,0.631,0.0
340.0,-0.029,0.632,0.011
340.19,0.042,0.635,-0.083
340.37,-0.142,0.634,-0.04
340.55,0.135,0.637,-0.031
340.73,-0.091,0.639,0.074
340.92,0.041,0.644,-0.04
341.1,-0.021,0.645,0.043
341.28,0.025,0.647,0.005
341.46,0.002,0.646,-0.043
341.65,0.0,0.644,0.012
341.83,0.014,0.644,0.002
342.1,-0.012,0.644,-0.007
342.19,-0.013,0.651,0.002
342.37,0.032,0.65,-0.033
342.56,-0.003,0.651,0.008
342.74,-0.023,0.651,-0.021
342.92,0.016,0.65,-0.005
343.1,-0.017,0.653,-0.005
343.29,0.027,0.654,-0.022
343.47,-0.014,0.653,-0.018
343.65,0.032,0.653,-0.026
343.83,-0.002,0.654,-0.022
344.2,0.015,0.653,-0.03
344.2,0.012,0.651,-0.042
344.38,0.009,0.652,-0.035
344.56,0.006,0.654,-0.038
344.74,-0.006,0.653,-0.04
344.93,0.02,0.652,-0.012
345.11,0.002,0.654,-0.027
345.29,0.021,0.654,-0.02
345.47,0.005,0.65,-0.011
345.66,-0.002,0.653,-0.017
345.84,0.023,0.656,-0.0
346.2,-0.008,0.658,-0.011
346.2,0.014,0.658,0.011
346.38,-0.019,0.657,-0.023
346.57,0.022,0.656,-0.015
346.75,-0.002,0.653,-0.012
346.93,-0.012,0.653,-0.024
347.11,0.024,0.65,-0.01
347.3,-0.005,0.649,-0.008
347.48,-0.003,0.648,-0.012
347.66,0.019,0.649,-0.015
347.84,-0.0,0.65,-0.024
348.3,0.009,0.649,-0.034
348.21,-0.024,0.652,-0.043
348.39,-0.002,0.652,-0.04
348.57,0.006,0.65,-0.046
348.75,0.003,0.651,-0.057
348.94,0.005,0.651,-0.051
349.12,-0.007,0.648,-0.031
349.3,-0.0,0.646,-0.016
349.48,0.001,0.648,-0.029
349.67,-0.001,0.648,-0.014
349.85,-0.0,0.65,-0.017
350.3,0.01,0.653,-0.015
350.21,-0.001,0.652,-0.028
350.4,0.002,0.656,-0.014
350.58,0.009,0.655,-0.015
350.76,0.003,0.653,-0.016
350.94,0.005,0.652,-0.007
351.12,0.002,0.652,-0.001
351.31,-0.008,0.655,0.009
351.49,0.012,0.655,-0.014
351.67,-0.02,0.656,-0.019
351.85,-0.002,0.657,-0.007
352.4,-0.002,0.661,-0.02
352.22,-0.01,0.662,0.003
352.4,-0.003,0.662,0.005
352.58,0.008,0.662,0.009
352.76,-0.024,0.661,0.03
352.95,0.001,0.662,0.008
353.13,-0.003,0.662,0.012
353.31,-0.004,0.667,0.018
353.49,0.012,0.67,0.0
353.68,-0.019,0.668,0.002
353.86,-0.002,0.665,0.021
354.4,-0.011,0.665,0.025
354.22,0.005,0.666,0.038
354.41,-0.011,0.666,0.028
354.59,0.015,0.665,0.011
354.77,0.016,0.66,0.027
354.95,-0.013,0.661,0.041
355.13,0.018,0.661,0.042
355.32,-0.017,0.665,0.034
355.5,0.027,0.665,0.049
355.68,-0.021,0.667,0.027
355.86,0.021,0.666,0.042
356.5,-0.013,0.664,0.031
356.23,0.004,0.66,0.046
356.41,-0.001,0.66,0.03
356.59,-0.002,0.658,0.031
356.78,0.0,0.657,0.02
356.96,0.021,0.657,0.051
357.14,-0.004,0.66,0.033
357.32,0.024,0.661,0.013
357.5,-0.014,0.659,0.024
357.69,0.014,0.661,0.026
357.87,0.014,0.659,0.046
358.5,-0.015,0.661,0.04
358.23,0.021,0.662,0.045
358.42,-0.01,0.662,0.045
358.6,-0.005,0.66,0.071
358.78,0.003,0.66,0.059
358.96,-0.0,0.662,0.067
359.14,0.014,0.664,0.068
359.33,0.004,0.665,0.08
359.51,0.01,0.669,0.084
359.69,-0.002,0.668,0.075
359.87,0.023,0.671,0.054
360.6,-0.014,0.672,0.06
360.24,-0.008,0.673,0.032
360.42,-0.009,0.674,0.033
360.6,0.032,0.672,0.017
360.79,-0.003,0.674,0.024
360.97,0.012,0.674,0.014
361.15,0.017,0.671,-0.008
361.33,-0.01,0.669,0.004
361.51,0.006,0.67,0.007
361.7,0.022,0.669,0.023
361.88,0.008,0.671,0.015
362.6,0.008,0.675,0.021
362.24,0.016,0.675,0.0
362.43,0.012,0.671,0.011
362.61,0.002,0.671,0.024
362.79,0.024,0.672,0.025
362.97,0.007,0.676,0.029
364.79,0.009,0.692,-0.019
364.98,-0.01,0.691,-0.01
365.16,0.018,0.692,-0.009
365.34,0.011,0.691,0.001
365.52,0.005,0.689,-0.003
365.71,-0.003,0.69,-0.012
365.89,0.002,0.692,-0.011
366.7,0.011,0.692,-0.005
366.25,-0.001,0.692,0.016
366.44,-0.009,0.694,-0.007
366.62,0.018,0.695,-0.01
366.8,0.001,0.695,-0.021
366.98,0.009,0.694,0.005
367.16,0.0,0.695,-0.002
367.35,-0.004,0.694,0.006
367.53,0.01,0.693,0.008
367.71,-0.004,0.695,-0.005
367.89,0.011,0.693,-0.009
368.8,0.007,0.695,-0.042
368.26,-0.006,0.699,-0.072
368.44,-0.003,0.7,-0.073
368.62,0.002,0.702,-0.031
368.81,0.011,0.7,-0.01
368.99,-0.002,0.7,-0.031
369.17,-0.002,0.703,-0.046
369.35,0.007,0.705,-0.024
369.53,0.001,0.706,-0.044
369.72,-0.009,0.707,-0.061
369.9,-0.005,0.705,-0.109
370.8,0.006,0.706,-0.106
370.26,-0.022,0.707,-0.106
370.45,0.024,0.704,-0.065
370.63,0.038,0.705,-0.038
370.81,-0.037,0.705,-0.098
370.99,0.055,0.706,-0.066
371.17,-0.026,0.704,-0.079
371.36,-0.021,0.708,-0.077
371.54,0.022,0.709,-0.043
371.72,-0.021,0.709,-0.076
371.9,0.099,0.709,0.048
372.9,-0.014,0.713,-0.096
372.27,-0.067,0.714,-0.003
372.45,0.07,0.715,-0.099
372.63,-0.059,0.713,-0.057
372.82,0.023,0.715,-0.09
373.0,-0.005,0.716,-0.018
373.18,-0.0,0.717,-0.108
373.36,-0.003,0.72,-0.044
373.54,-0.04,0.721,-0.06
373.73,-0.003,0.723,-0.067
373.91,-0.023,0.723,-0.066
374.9,-0.0,0.726,-0.043
374.27,-0.005,0.725,-0.076
374.46,-0.004,0.723,-0.084
374.64,-0.023,0.722,-0.082
374.82,-0.017,0.725,-0.077
375.0,0.003,0.723,-0.043
375.19,-0.015,0.723,-0.024
375.37,-0.01,0.724,-0.0
375.55,0.0,0.725,-0.021
375.73,-0.044,0.722,-0.032
375.91,0.002,0.721,-0.041
376.1,0.001,0.722,-0.042
376.28,-0.004,0.72,-0.051
376.46,-0.019,0.724,-0.056
376.64,0.004,0.724,-0.052
376.83,-0.021,0.725,-0.009
377.1,-0.001,0.725,-0.014
377.19,-0.014,0.729,0.023
377.37,-0.013,0.731,-0.013
377.56,-0.008,0.731,-0.015
377.74,-0.019,0.731,-0.013
377.92,0.009,0.733,-0.025
378.1,-0.017,0.733,-0.029
378.28,0.015,0.732,-0.03
378.47,0.012,0.734,-0.031
381.75,-0.007,0.739,-0.02
381.93,0.007,0.74,-0.037
382.11,-0.017,0.741,0.001
382.29,0.002,0.741,-0.017
382.48,-0.006,0.741,-0.006
382.66,-0.002,0.741,0.004
382.84,-0.014,0.743,-0.029
383.2,-0.012,0.743,-0.04
383.21,-0.018,0.744,-0.047
383.39,0.002,0.743,-0.023
383.57,-0.03,0.743,-0.013
383.75,0.005,0.745,-0.016
383.94,-0.014,0.745,-0.019
384.12,0.005,0.745,-0.035
384.3,-0.001,0.744,-0.032
384.48,0.008,0.743,-0.064
384.66,-0.019,0.742,-0.057
384.85,0.02,0.744,-0.075
385.3,-0.021,0.744,-0.061
385.21,-0.008,0.744,-0.049
385.39,-0.009,0.742,-0.047
385.58,-0.006,0.741,-0.049
385.76,-0.002,0.742,-0.054
385.94,0.007,0.742,-0.052
386.12,-0.004,0.741,-0.063
386.3,0.0,0.744,-0.067
386.49,-0.005,0.745,-0.071
386.67,-0.007,0.747,-0.057
386.85,0.004,0.743,-0.048
387.3,-0.009,0.743,-0.027
387.22,0.0,0.745,-0.027
387.4,-0.003,0.746,-0.02
387.58,0.001,0.75,-0.027
387.76,0.011,0.752,-0.018
387.95,0.006,0.751,-0.013
388.13,-0.012,0.752,-0.008
388.31,-0.012,0.753,-0.019
388.49,0.006,0.755,-0.006
388.67,-0.003,0.755,-0.024
388.86,-0.021,0.759,-0.024
389.4,-0.004,0.759,-0.031
389.22,0.005,0.761,-0.04
389.4,0.013,0.757,-0.024
389.59,-0.008,0.757,-0.025
389.77,-0.011,0.757,-0.018
389.95,0.009,0.761,-0.02
390.13,-0.0,0.762,-0.039
390.32,0.001,0.76,-0.02
390.5,0.002,0.761,-0.025
390.68,-0.01,0.763,-0.019
390.86,-0.006,0.764,-0.007
391.4,0.005,0.767,-0.024
391.23,-0.001,0.767,-0.014
391.41,0.004,0.769,-0.04
391.59,0.01,0.77,-0.01
391.77,0.002,0.772,-0.022
391.96,-0.004,0.772,-0.011
392.14,-0.006,0.77,-0.029
392.32,-0.014,0.773,-0.03
392.5,-0.006,0.773,-0.033
392.69,-0.002,0.772,-0.036
392.87,-0.015,0.774,-0.016
393.5,-0.028,0.778,-0.006
393.23,0.024,0.781,-0.02
393.41,-0.028,0.781,-0.054
393.6,0.008,0.784,-0.011
393.78,0.004,0.787,-0.022
393.96,-0.015,0.788,-0.052
397.97,-0.017,0.821,-0.069
398.15,-0.024,0.823,0.016
398.34,0.021,0.824,-0.019
398.52,-0.035,0.823,0.016
398.7,0.0,0.823,-0.047
398.88,-0.022,0.824,-0.021
399.7,-0.038,0.826,-0.006
399.25,0.034,0.828,0.028
399.43,-0.006,0.833,-0.009
399.61,-0.015,0.828,-0.016
399.79,-0.008,0.828,-0.009
399.98,0.005,0.827,-0.011
400.16,-0.01,0.829,-0.022
400.34,0.017,0.83,-0.017
400.52,-0.013,0.835,-0.033
400.71,-0.017,0.838,-0.008
402.16,-0.04,0.838,-0.009
402.35,0.02,0.84,-0.033
402.53,-0.017,0.838,0.007
402.71,0.027,0.84,-0.029
402.89,-0.036,0.84,-0.01
403.8,0.011,0.84,-0.041
403.26,-0.002,0.844,-0.013
403.44,-0.002,0.844,-0.035
403.62,-0.007,0.845,-0.016
403.8,-0.008,0.843,-0.048
403.99,0.0,0.845,-0.029
417.84,-0.024,0.908,-0.044
418.2,-0.0,0.911,-0.081
418.2,-0.016,0.91,-0.068
418.39,-0.005,0.909,-0.113
418.57,-0.007,0.909,-0.118
418.75,-0.013,0.91,-0.148
418.93,-0.01,0.91,-0.132
419.12,0.003,0.913,-0.154
419.3,-0.022,0.916,-0.136
419.48,-0.015,0.917,-0.157
419.66,-0.005,0.92,-0.133
419.84,0.001,0.92,-0.127
420.3,-0.004,0.922,-0.097
420.21,-0.014,0.925,-0.121
420.39,-0.006,0.924,-0.104
420.57,0.006,0.926,-0.111
420.76,0.013,0.925,-0.098
420.94,-0.018,0.923,-0.11
422.94,-0.007,0.933,0.012
423.12,-0.004,0.934,0.002
423.31,0.009,0.937,-0.013
423.49,-0.001,0.936,0.006
423.67,-0.0,0.935,-0.028
423.85,-0.01,0.936,-0.014
424.4,-0.004,0.938,-0.031
424.22,-0.029,0.941,-0.026
424.4,0.01,0.94,-0.019
424.58,-0.013,0.941,-0.017
424.77,0.009,0.942,-0.031
424.95,-0.018,0.941,-0.011
425.13,-0.002,0.941,-0.029
425.31,-0.016,0.945,-0.018
425.49,-0.011,0.943,-0.025
425.68,-0.023,0.946,-0.027
425.86,-0.019,0.948,-0.031
426.4,-0.008,0.952,-0.039
426.22,-0.012,0.951,-0.017
426.41,-0.018,0.946,-0.033
426.59,0.0,0.944,-0.014
426.77,-0.006,0.947,-0.03
426.95,-0.016,0.945,-0.032
427.13,0.02,0.946,-0.045
427.32,-0.013,0.944,-0.038
427.5,-0.005,0.941,-0.039
427.68,-0.001,0.941,-0.019
427.86,-0.001,0.941,-0.036
428.5,-0.033,0.942,-0.047
428.23,0.004,0.939,-0.039
428.41,-0.013,0.94,-0.032
428.59,-0.003,0.94,-0.021
428.78,-0.009,0.94,-0.018
428.96,-0.02,0.941,-0.031
429.14,0.004,0.941,-0.024
429.32,0.007,0.938,-0.043
429.5,-0.008,0.942,-0.029
429.69,-0.013,0.944,-0.082
429.87,-0.015,0.947,-0.022
430.5,0.015,0.951,-0.039
430.23,-0.024,0.949,-0.029
430.42,0.011,0.953,-0.047
430.6,-0.002,0.954,-0.036
430.78,-0.029,0.952,-0.095
430.96,0.018,0.953,-0.023
431.14,0.037,0.952,-0.002
431.33,0.004,0.952,-0.09
431.51,-0.066,0.953,0.007
431.69,0.101,0.952,-0.05
431.87,-0.076,0.951,-0.04
432.6,0.012,0.95,-0.018
432.24,0.018,0.95,-0.0
432.42,-0.0,0.949,-0.031
432.6,0.013,0.952,-0.017
432.78,0.0,0.951,-0.031
432.97,0.026,0.954,-0.04
433.15,-0.018,0.957,-0.061
433.33,0.011,0.957,-0.03
433.51,-0.015,0.963,-0.026
433.7,0.008,0.961,-0.011
433.88,-0.011,0.96,-0.045
434.6,0.002,0.96,-0.017
434.24,0.02,0.965,-0.064
434.43,-0.128,0.962,0.021
434.61,0.052,0.968,-0.023
434.79,-0.018,0.964,-0.028
434.97,-0.032,0.965,-0.042
435.15,0.001,0.964,-0.05
435.34,-0.026,0.966,-0.065
435.52,-0.004,0.969,-0.122
435.7,-0.027,0.967,-0.1
435.88,-0.0,0.972,-0.071
436.7,-0.0,0.971,-0.064
436.25,-0.03,0.971,-0.094
436.43,-0.001,0.976,-0.058
436.61,-0.007,0.975,-0.113
436.79,-0.016,0.974,-0.101
436.98,-0.028,0.977,-0.109
437.16,-0.036,0.977,-0.113
437.34,0.01,0.977,-0.061
437.52,-0.03,0.974,-0.075
437.71,-0.016,0.972,-0.061
437.89,-0.012,0.976,-0.052
438.7,0.005,0.978,-0.039
438.25,-0.019,0.978,-0.092
438.43,-0.004,0.978,-0.052
438.62,-0.022,0.978,-0.06
438.8,0.0,0.982,-0.039
438.98,-0.028,0.982,-0.067
439.16,-0.004,0.982,-0.066
439.35,-0.047,0.983,-0.084
439.53,-0.005,0.98,-0.064
439.71,-0.034,0.98,-0.083
439.89,-0.001,0.984,-0.071
440.8,-0.019,0.987,-0.073
440.26,0.008,0.99,-0.055
440.44,-0.019,0.99,-0.059
440.62,-0.008,0.993,-0.056
440.8,-0.005,0.995,-0.049
440.99,-0.014,0.993,-0.05
441.17,-0.016,0.994,-0.063
442.81,0.011,1.007,-0.028
442.99,0.0,1.009,-0.038
443.17,-0.025,1.006,-0.054
443.36,0.043,1.01,-0.02
443.54,-0.049,1.012,-0.034
443.72,-0.007,1.013,-0.02
443.9,0.01,1.012,-0.002
444.9,0.026,1.016,0.019
444.27,-0.048,1.014,-0.04
444.45,-0.002,1.018,0.008
444.63,0.001,1.02,-0.004
444.81,-0.012,1.023,-0.0
445.0,0.008,1.025,-0.026
445.18,-0.028,1.027,0.0
445.36,-0.013,1.029,-0.044
445.54,0.0,1.03,0.019
445.73,0.004,1.027,-0.027
445.91,-0.014,1.027,-0.017
446.9,-0.014,1.026,-0.022
447.73,-0.001,1.024,-0.015
447.91,-0.0,1.024,-0.019
448.1,-0.014,1.024,0.015
448.28,0.025,1.024,0.01
448.46,-0.007,1.024,0.022
448.64,-0.006,1.028,-0.023
448.83,0.004,1.027,-0.003
449.1,0.005,1.027,-0.017
449.19,0.012,1.025,-0.054
449.37,-0.006,1.029,-0.061
449.55,-0.017,1.036,-0.067
449.74,0.014,1.037,-0.041
449.92,-0.023,1.035,-0.042
450.1,-0.02,1.033,-0.022
450.28,-0.015,1.032,-0.076
450.47,0.004,1.033,-0.029
450.65,-0.005,1.033,-0.067
450.83,-0.005,1.031,-0.045
451.1,0.005,1.035,-0.097
451.19,0.013,1.034,-0.107
451.38,-0.026,1.037,-0.098
451.56,0.002,1.036,-0.112
452.47,-0.0,1.04,-0.082
452.65,0.013,1.036,-0.054
452.83,0.007,1.037,-0.067
453.2,0.002,1.034,-0.035
453.2,-0.02,1.034,-0.043
453.38,0.02,1.034,-0.048
453.56,-0.033,1.029,-0.023
453.75,0.012,1.03,-0.026
453.93,-0.021,1.024,-0.057
454.11,-0.016,1.025,-0.033
454.29,-0.012,1.028,-0.017
454.48,0.014,1.027,-0.004
454.66,-0.008,1.029,-0.046
454.84,-0.012,1.03,-0.05
455.2,-0.03,1.034,-0.037
455.2,-0.021,1.036,-0.053
455.39,0.008,1.037,-0.063
455.57,0.006,1.039,-0.06
455.75,-0.004,1.04,-0.048
455.93,0.009,1.042,-0.05
456.12,0.008,1.042,-0.054
456.3,-0.007,1.044,-0.026
456.48,-0.015,1.044,-0.052
456.66,0.015,1.044,-0.011
456.84,-0.021,1.046,-0.057
457.3,-0.006,1.043,-0.019
457.21,0.018,1.045,-0.021
457.39,-0.005,1.045,-0.025
457.57,-0.01,1.047,-0.023
457.76,-0.005,1.051,-0.013
457.94,-0.0,1.051,-0.036
458.12,-0.025,1.051,-0.018
458.3,0.024,1.052,-0.021
458.49,0.002,1.056,-0.016
458.67,-0.011,1.054,-0.031
458.85,0.007,1.056,-0.017
459.3,-0.006,1.056,-0.023
459.21,0.008,1.059,-0.013
459.4,-0.002,1.062,-0.019
459.58,-0.012,1.059,-0.021
459.76,0.004,1.062,-0.043
459.94,0.005,1.062,-0.021
460.13,0.0,1.063,-0.038
460.31,-0.03,1.062,-0.043
460.49,-0.0,1.06,-0.044
460.67,-0.015,1.06,-0.077
460.86,-0.007,1.061,-0.069
461.4,-0.028,1.063,-0.088
461.22,-0.017,1.065,-0.041
461.4,0.008,1.066,-0.028
461.58,0.008,1.068,-0.032
461.77,-0.004,1.068,-0.047
461.95,0.0,1.07,-0.047
462.13,0.004,1.074,-0.056
462.31,-0.005,1.076,-0.042
462.5,-0.008,1.08,-0.038
462.68,-0.006,1.08,-0.039
462.86,0.0,1.08,-0.042
463.4,-0.017,1.078,-0.043
463.22,0.025,1.075,-0.063
463.41,-0.038,1.078,-0.03
463.59,0.008,1.08,-0.042
463.77,-0.008,1.08,-0.025
463.95,-0.007,1.082,-0.021
465.5,0.008,1.084,-0.002
465.23,0.01,1.088,-0.002
465.41,-0.008,1.087,-0.049
465.59,-0.026,1.087,-0.002
465.78,0.027,1.087,-0.031
465.96,-0.022,1.087,-0.005
466.14,-0.02,1.087,-0.045
466.32,0.015,1.085,-0.001
466.51,0.006,1.088,-0.019
466.69,-0.012,1.09,-0.022
466.87,0.026,1.09,-0.031
467.5,-0.04,1.09,-0.005
467.23,0.039,1.089,-0.092
467.42,-0.089,1.087,0.029
467.6,0.123,1.088,-0.073
467.78,-0.081,1.089,0.006
467.96,0.029,1.09,-0.088
468.15,-0.009,1.094,-0.037
468.33,-0.017,1.098,-0.042
468.51,0.043,1.095,-0.052
468.69,-0.053,1.098,-0.057
468.87,0.01,1.099,-0.061
469.6,-0.005,1.1,-0.06
469.24,-0.043,1.101,-0.045
469.42,0.002,1.104,-0.027
469.6,-0.041,1.106,-0.063
469.79,0.006,1.107,-0.029
469.97,-0.016,1.111,-0.064
470.15,-0.009,1.11,-0.027
470.33,0.003,1.114,-0.047
470.52,-0.0,1.114,-0.011
470.7,0.006,1.113,-0.037
470.88,-0.034,1.111,-0.019
471.6,0.017,1.114,-0.001
471.24,-0.003,1.113,-0.004
471.43,-0.015,1.113,-0.025
471.61,0.001,1.112,-0.016
471.79,0.019,1.111,-0.01
471.97,-0.015,1.112,-0.03
472.16,0.006,1.112,-0.02
472.34,0.004,1.114,-0.002
472.52,-0.028,1.114,0.002
472.7,0.004,1.115,0.016
472.88,-0.013,1.114,0.004
473.7,-0.006,1.115,-0.002
473.25,-0.0,1.117,0.009
473.43,0.005,1.119,0.004
473.61,-0.015,1.12,0.015
473.8,0.006,1.121,0.002
473.98,-0.004,1.123,-0.006
474.16,-0.004,1.126,0.008
474.34,-0.006,1.131,0.005
474.53,0.007,1.132,0.014
474.71,-0.008,1.131,0.004
474.89,-0.019,1.131,-0.001
475.7,-0.013,1.133,-0.006
475.25,-0.003,1.136,-0.007
475.44,0.003,1.137,-0.015
475.62,-0.017,1.139,-0.028
475.8,-0.004,1.139,-0.014
475.98,-0.029,1.139,-0.01
476.17,0.0,1.141,-0.019
476.35,-0.017,1.141,-0.015
476.53,0.005,1.145,-0.019
476.71,-0.018,1.147,-0.041
476.89,-0.026,1.145,-0.051
477.8,0.013,1.145,-0.049
477.26,-0.021,1.146,-0.021
477.44,-0.006,1.148,-0.016
483.82,-0.003,1.203,-0.038
484.0,-0.001,1.203,-0.053
484.19,-0.028,1.2,-0.033
484.37,0.014,1.201,-0.042
484.55,-0.005,1.199,-0.033
484.73,0.0,1.2,-0.041
484.91,-0.038,1.199,-0.041
485.1,-0.012,1.199,-0.007
485.28,-0.035,1.199,-0.074
485.46,0.045,1.198,-0.021
485.64,-0.033,1.199,-0.06
485.83,0.016,1.201,-0.038
486.1,-0.008,1.2,-0.039
486.19,-0.014,1.202,-0.036
486.37,-0.002,1.203,-0.055
486.55,-0.012,1.205,-0.023
486.74,-0.003,1.208,-0.055
486.92,-0.008,1.206,-0.037
487.1,-0.009,1.208,-0.052
487.28,-0.016,1.209,-0.021
487.47,-0.0,1.21,-0.046
487.65,-0.038,1.211,-0.03
487.83,0.006,1.212,-0.013
488.1,0.0,1.211,-0.074
488.2,-0.056,1.214,-0.043
488.38,0.017,1.217,-0.005
488.56,-0.018,1.223,-0.049
488.74,-0.017,1.223,-0.043
488.92,-0.01,1.225,-0.042
489.11,-0.002,1.226,-0.039
489.29,0.006,1.229,-0.075
489.47,0.004,1.23,-0.059
489.65,-0.007,1.231,-0.054
489.84,-0.02,1.228,-0.064
490.2,-0.0,1.225,-0.057
490.2,-0.013,1.226,-0.051
490.38,-0.018,1.226,-0.051
490.56,0.017,1.224,-0.027
490.75,-0.007,1.224,-0.026
490.93,-0.006,1.224,-0.04
491.11,-0.006,1.226,-0.047
491.29,-0.017,1.226,-0.036
491.48,0.0,1.227,-0.013
491.66,0.007,1.228,-0.059
491.84,-0.008,1.225,-0.037
492.2,0.017,1.224,-0.014
492.2,-0.016,1.224,-0.032
492.39,-0.01,1.225,-0.006
492.57,-0.001,1.227,-0.032
492.75,-0.051,1.229,-0.031
492.93,0.004,1.23,-0.032
493.12,-0.023,1.231,-0.036
493.3,-0.008,1.233,-0.027
493.48,0.031,1.233,-0.018
493.66,0.009,1.236,-0.08
493.85,-0.025,1.234,-0.054
494.3,0.016,1.238,-0.044
494.21,-0.04,1.237,-0.028
494.39,0.043,1.241,-0.076
494.57,-0.063,1.24,-0.051
494.76,0.02,1.242,-0.044
494.94,0.004,1.24,-0.03
495.12,-0.015,1.242,-0.037
495.3,-0.01,1.242,-0.031
495.49,0.168,1.245,-0.078
498.4,-0.001,1.242,0.006
498.58,-0.014,1.243,-0.018
498.77,0.006,1.246,-0.017
498.95,-0.04,1.25,-0.005
499.13,0.024,1.252,-0.026
499.31,-0.032,1.253,-0.043
499.5,-0.016,1.255,-0.007
499.68,0.023,1.257,-0.012
499.86,-0.039,1.255,-0.032
500.4,0.002,1.258,-0.022
500.22,-0.004,1.259,-0.011
500.41,-0.002,1.261,-0.012
500.59,-0.02,1.262,-0.043
500.77,-0.007,1.265,-0.071
500.95,-0.008,1.266,-0.062
501.14,-0.013,1.266,-0.053
501.32,0.015,1.267,-0.068
501.5,-0.027,1.266,-0.064
501.68,0.015,1.269,-0.07
501.86,-0.018,1.27,-0.067
502.5,0.0,1.273,-0.057
502.23,-0.007,1.272,-0.08
502.41,0.001,1.273,-0.102
502.59,-0.007,1.276,-0.101
502.78,-0.009,1.274,-0.128
502.96,-0.012,1.274,-0.107
503.14,0.023,1.273,-0.123
503.32,-0.044,1.275,-0.132
503.51,0.017,1.277,-0.089
503.69,-0.004,1.277,-0.079
503.87,-0.005,1.28,-0.068
504.5,0.001,1.278,-0.051
504.23,-0.002,1.28,-0.065
504.42,-0.024,1.282,-0.073
504.6,0.007,1.285,-0.073
504.78,-0.021,1.284,-0.036
504.96,-0.011,1.283,-0.055
505.15,-0.004,1.286,-0.033
505.33,-0.016,1.283,-0.058
505.51,-0.016,1.286,-0.034
505.69,0.013,1.284,-0.067
505.87,-0.012,1.285,-0.057
506.6,-0.022,1.286,-0.102
506.24,0.016,1.283,-0.092
506.42,-0.037,1.285,-0.087
506.6,-0.019,1.287,-0.071
506.79,-0.0,1.287,-0.092
506.97,-0.016,1.287,-0.09
507.15,-0.002,1.288,-0.086
507.33,0.019,1.289,-0.053
507.51,0.0,1.287,-0.05
507.7,-0.031,1.288,-0.037
507.88,0.027,1.285,-0.061
508.6,-0.013,1.286,-0.037
508.24,0.0,1.287,-0.05
508.43,0.025,1.289,-0.049
508.61,-0.003,1.292,-0.038
508.79,0.003,1.294,-0.042
508.97,-0.007,1.296,-0.07
509.15,0.004,1.297,-0.054
509.34,-0.017,1.295,-0.047
509.52,-0.03,1.295,-0.05
509.7,-0.002,1.295,-0.058
509.88,-0.019,1.294,-0.051
510.7,0.0,1.291,-0.069
510.25,-0.01,1.29,-0.067
510.43,0.012,1.292,-0.086
510.61,-0.016,1.294,-0.023
510.8,-0.004,1.292,-0.032
510.98,-0.021,1.293,-0.011
511.16,0.012,1.297,-0.021
511.34,-0.015,1.302,0.024
511.52,-0.012,1.304,0.008
511.71,-0.009,1.306,0.011
511.89,-0.028,1.308,-0.011
512.7,-0.019,1.308,0.029
512.25,0.017,1.305,0.012
512.44,-0.013,1.306,-0.005
512.62,0.02,1.31,0.002
512.8,-0.007,1.31,-0.011
512.98,-0.012,1.311,-0.023
513.16,0.004,1.31,0.019
513.35,-0.007,1.311,-0.017
513.53,-0.019,1.309,0.05
513.71,0.006,1.311,-0.009
513.89,-0.003,1.31,0.031
514.8,-0.001,1.312,0.007
514.26,0.013,1.313,0.03
514.44,-0.006,1.311,0.019
514.62,-0.011,1.31,0.014
514.8,0.003,1.312,0.015
514.99,0.019,1.314,0.023
515.17,-0.003,1.315,0.011
515.35,0.025,1.316,0.01
515.53,-0.015,1.321,0.0
522.1,0.022,1.354,-0.008
522.28,0.036,1.36,-0.006
522.46,-0.198,1.357,0.22
522.64,0.214,1.361,-0.292
522.82,-0.153,1.359,-0.024
523.1,0.323,1.241,-0.251
523.19,0.146,0.522,-0.013
523.37,0.449,-0.717,0.088
523.55,0.18,-2.288,0.312
523.74,-0.02,-4.166,0.417
523.92,-0.789,-6.808,0.588
524.1,-1.242,-9.285,0.823
524.28,-0.958,-11.054,0.943
524.46,-1.378,-13.607,1.197
524.65,-1.969,-15.812,1.303
524.83,-1.852,-17.214,1.323
525.1,-2.264,-18.395,1.491
525.19,-2.169,-18.894,1.496
525.38,-2.134,-18.696,1.523
525.56,-2.13,-18.38,1.589
525.74,-2.009,-18.284,1.33
525.92,-2.024,-18.289,1.56
526.11,-1.966,-18.275,1.33
526.29,-2.062,-18.278,1.433
526.47,-1.962,-18.273,1.525
526.65,-2.061,-18.273,1.48
526.83,-1.975,-18.268,1.537
527.2,-2.031,-18.267,1.521
527.2,-2.015,-18.265,1.501
527.38,-1.985,-18.263,1.527
527.56,-2.05,-18.265,1.482
527.75,-1.997,-18.261,1.493
527.93,-2.017,-18.262,1.479
528.11,-2.018,-18.261,1.471
528.29,-2.021,-18.259,1.474
528.47,-2.01,-18.255,1.508
528.66,-2.019,-18.255,1.488
528.84,-2.007,-18.254,1.434
529.2,-2.022,-18.251,1.433
529.2,-2.002,-18.25,1.445
529.39,-2.049,-18.248,1.47
529.57,-2.012,-18.246,1.467
529.75,-2.012,-18.243,1.476
530.66,-2.046,-18.243,1.506
530.84,-2.036,-18.24,1.508
531.3,-2.006,-18.239,1.452
531.21,-2.037,-18.238,1.48
531.39,-2.019,-18.239,1.496
531.57,-2.027,-18.238,1.511
531.76,-2.012,-18.237,1.493
531.94,-2.023,-18.237,1.49
532.12,-2.043,-18.235,1.503
532.3,-2.028,-18.234,1.485
532.49,-2.031,-18.232,1.503
532.67,-1.997,-18.233,1.491
532.85,-2.031,-18.234,1.519
533.3,-2.032,-18.234,1.494
533.21,-2.032,-18.23,1.485
533.4,-2.06,-18.227,1.514
533.58,-2.001,-18.224,1.46
533.76,-2.059,-18.224,1.487
533.94,-2.003,-18.222,1.516
534.13,-2.035,-18.222,1.498
534.31,-2.047,-18.226,1.471
534.49,-2.026,-18.225,1.49
534.67,-2.058,-18.225,1.444
534.85,-2.013,-18.225,1.44
535.4,-2.005,-18.222,1.424
535.22,-2.036,-18.219,1.479
535.4,-2.01,-18.217,1.555
535.58,-2.069,-18.215,1.521
535.77,-1.997,-18.215,1.471
535.95,-2.017,-18.213,1.424
536.13,-2.049,-18.21,1.405
536.31,-1.629,-18.259,1.457
536.5,-2.048,-18.233,1.198
536.68,-1.931,-18.213,1.609
539.23,-0.257,-0.413,0.081
539.41,-0.13,-0.407,0.056
539.59,-0.217,-0.406,0.03
539.78,-0.157,-0.407,-0.001
539.96,-0.174,-0.407,0.027
540.14,-0.173,-0.406,0.049
540.32,-0.121,-0.405,0.175
540.51,-0.264,-0.395,-0.001
540.69,-0.078,-0.398,0.137
540.87,-0.219,-0.391,0.061
541.5,-0.091,-0.393,0.039
541.23,-0.251,-0.391,-0.02
541.42,-0.093,-0.393,0.016
541.6,-0.194,-0.392,0.065
541.78,-0.146,-0.392,0.078
541.96,-0.191,-0.393,0.071
542.15,-0.14,-0.393,0.056
542.33,-0.216,-0.395,0.073
542.51,-0.148,-0.393,0.062
542.69,-0.171,-0.394,0.028
542.87,-0.173,-0.392,0.023
543.6,-0.179,-0.39,0.034
543.24,-0.168,-0.389,0.025
543.42,-0.179,-0.386,0.047
543.6,-0.184,-0.385,0.019
543.79,-0.15,-0.382,0.134
543.97,-0.204,-0.378,0.03
546.52,-0.194,-0.358,0.015
546.7,-0.166,-0.36,0.072
546.88,-0.133,-0.358,0.008
547.7,-0.209,-0.36,0.112
547.25,-0.158,-0.363,0.066
547.43,-0.161,-0.362,0.072
547.61,-0.186,-0.362,0.036
547.79,-0.157,-0.36,0.003
547.98,-0.187,-0.36,-0.013
548.16,-0.159,-0.359,-0.011
548.34,-0.181,-0.36,-0.005
548.52,-0.175,-0.36,-0.023
548.71,-0.233,-0.361,-0.021
548.89,-0.102,-0.355,0.017
549.7,-0.204,-0.359,-0.003
549.25,-0.156,-0.354,0.044
549.44,-0.173,-0.353,-0.019
549.62,-0.16,-0.354,0.062
549.8,-0.166,-0.348,-0.01
549.98,-0.156,-0.348,0.022
550.16,-0.183,-0.35,-0.014
550.35,-0.16,-0.348,-0.039
550.53,-0.191,-0.347,-0.042
550.71,-0.15,-0.342,-0.047
550.89,-0.177,-0.34,-0.023
551.8,-0.199,-0.34,-0.041
551.26,-0.133,-0.337,0.012
551.44,-0.179,-0.337,-0.031
551.62,-0.175,-0.337,-0.001
551.8,-0.162,-0.34,-0.012
551.99,-0.161,-0.339,0.0
552.17,-0.178,-0.335,0.003
552.35,-0.151,-0.334,-0.0
552.53,-0.182,-0.331,0.013
552.72,-0.133,-0.332,0.041
553.99,-0.169,-0.324,0.061
554.17,-0.172,-0.324,0.091
554.36,-0.162,-0.325,0.072
554.54,-0.187,-0.324,0.064
554.72,-0.141,-0.32,0.069
554.9,-0.199,-0.32,0.064
555.8,-0.169,-0.317,0.096
555.27,-0.161,-0.317,0.082
555.45,-0.188,-0.315,0.049
555.63,-0.158,-0.313,0.081
555.81,-0.181,-0.315,0.078
556.0,-0.176,-0.312,0.093
562.19,-0.178,-0.285,0.102
562.38,-0.157,-0.283,0.093
562.56,-0.158,-0.285,0.094
562.74,-0.16,-0.287,0.091
562.92,-0.172,-0.287,0.095
563.1,-0.155,-0.287,0.093
563.29,-0.172,-0.288,0.1
563.47,-0.16,-0.287,0.092
563.65,-0.177,-0.288,0.073
563.83,-0.182,-0.288,0.068
564.2,-0.16,-0.289,0.056
564.2,-0.161,-0.29,0.029
564.38,-0.144,-0.288,0.027
564.56,-0.17,-0.287,0.056
564.74,-0.151,-0.284,0.077
564.93,-0.176,-0.284,0.041
565.11,-0.16,-0.285,0.089
565.29,-0.185,-0.285,0.075
565.47,-0.152,-0.283,0.084
565.66,-0.164,-0.279,0.08
565.84,-0.153,-0.275,0.091
566.2,-0.166,-0.276,0.077
566.2,-0.165,-0.274,0.072
566.39,-0.151,-0.275,0.069
566.57,-0.159,-0.273,0.057
566.75,-0.149,-0.271,0.069
566.93,-0.165,-0.268,0.065
567.11,-0.138,-0.267,0.084
567.3,-0.181,-0.268,0.079
567.48,-0.159,-0.269,0.073
567.66,-0.169,-0.267,0.083
567.84,-0.184,-0.265,0.074
568.3,-0.154,-0.265,0.086
568.21,-0.148,-0.263,0.073
568.39,-0.19,-0.261,0.079
568.57,-0.182,-0.262,0.058
568.76,-0.179,-0.261,0.076
568.94,-0.15,-0.259,0.07
569.12,-0.165,-0.257,0.061
569.3,-0.154,-0.257,0.045
569.48,-0.042,-0.0,0.006
569.67,-0.164,0.0,0.034
569.85,-0.156,0.003,0.046
570.3,-0.163,0.002,0.064
570.21,-0.157,0.001,0.059
570.4,-0.156,0.001,0.033
570.58,-0.151,0.001,0.004
570.76,-0.161,-0.0,-0.007
570.94,-0.16,-0.0,0.015
571.12,-0.169,0.001,0.002
571.31,-0.178,0.003,0.032
571.49,-0.177,0.004,0.055
571.67,-0.172,0.005,0.081
571.85,-0.181,0.004,0.073
578.96,-0.17,0.013,0.012
579.15,-0.174,0.012,0.025
579.33,-0.186,0.015,0.05
579.51,-0.157,0.014,0.052
579.69,-0.172,0.018,0.044
579.88,-0.144,0.018,0.052
580.6,-0.183,0.022,0.051
580.24,-0.143,0.023,0.054
580.42,-0.165,0.02,0.046
580.6,-0.155,0.018,0.03
580.79,-0.182,0.019,0.027
580.97,-0.164,0.02,0.011
581.15,-0.169,0.018,0.046
581.33,-0.175,0.018,0.056
581.52,-0.153,0.019,0.028
581.7,-0.17,0.017,0.057
581.88,-0.182,0.02,0.049
582.6,-0.17,0.023,0.057
582.24,-0.148,0.021,0.032
582.43,-0.189,0.022,0.001
582.61,-0.153,0.023,0.022
582.79,-0.174,0.024,0.018
582.97,-0.149,0.024,0.033
583.16,-0.154,0.024,0.038
583.34,-0.159,0.024,0.032
583.52,-0.177,0.027,0.023
583.7,-0.166,0.027,0.026
583.89,-0.17,0.028,0.024
584.7,-0.174,0.03,0.039
584.25,-0.165,0.033,0.024
584.43,-0.163,0.033,0.007
584.61,-0.152,0.033,0.031
584.8,-0.156,0.035,0.016
584.98,-0.153,0.032,0.031
585.16,-0.144,0.035,0.02
585.34,-0.146,0.035,0.032
585.53,-0.166,0.039,0.041
585.71,-0.163,0.039,0.033
585.89,-0.163,0.042,0.039
586.7,-0.146,0.043,0.039
586.26,-0.175,0.044,0.05
586.44,-0.133,0.046,0.042
586.62,-0.169,0.05,0.049
586.8,-0.151,0.052,0.05
586.98,-0.185,0.051,0.062
587.17,-0.152,0.052,0.083
587.35,-0.16,0.054,0.066
587.53,-0.186,0.052,0.041
587.71,-0.164,0.052,0.035
587.9,-0.163,0.052,0.033
588.8,-0.146,0.056,0.048
588.26,-0.162,0.056,0.035
588.44,-0.17,0.056,0.028
588.62,-0.147,0.059,0.032
588.81,-0.169,0.059,0.029
588.99,-0.151,0.064,0.05
589.17,-0.17,0.065,0.037
589.35,-0.159,0.066,0.03
589.54,-0.166,0.065,0.024
589.72,-0.158,0.065,0.043
597.19,-0.17,0.097,0.033
597.37,-0.165,0.098,0.03
597.56,-0.152,0.098,0.027
597.74,-0.165,0.1,0.019
597.92,-0.158,0.096,-0.006
598.1,-0.185,0.097,-0.017
598.29,-0.146,0.097,-0.005
598.47,-0.162,0.097,0.002
598.65,-0.182,0.1,-0.027
598.83,-0.155,0.097,-0.033
599.1,-0.181,0.097,-0.006
599.2,-0.165,0.095,0.007
599.38,-0.151,0.097,0.046
599.56,-0.18,0.101,0.036
599.74,-0.179,0.104,0.061
599.93,-0.155,0.108,0.059
600.11,-0.16,0.108,0.037
600.29,-0.169,0.112,0.026
600.47,-0.144,0.112,0.023
600.66,-0.15,0.112,0.022
600.84,-0.169,0.114,0.001
601.2,-0.14,0.117,-0.008
601.2,-0.149,0.119,-0.007
601.38,-0.165,0.117,-0.006
601.57,-0.16,0.12,-0.007
601.75,-0.191,0.122,-0.045
601.93,-0.165,0.122,-0.055
602.11,-0.164,0.125,-0.045
602.3,-0.169,0.123,-0.034
602.48,-0.187,0.128,-0.016
602.66,-0.15,0.125,0.018
602.84,-0.169,0.128,0.019
603.3,-0.152,0.128,0.032
603.21,-0.175,0.129,0.04
603.39,-0.153,0.129,0.041
603.57,-0.162,0.132,0.027
603.75,-0.175,0.133,0.025
603.94,-0.154,0.135,0.047
604.12,-0.161,0.138,0.022
604.3,-0.156,0.138,0.034
604.48,-0.172,0.141,0.039
604.67,-0.142,0.143,0.043
604.85,-0.172,0.143,0.058
605.3,-0.164,0.142,0.031
605.21,-0.176,0.141,0.064
605.39,-0.153,0.142,0.046
605.58,-0.179,0.144,0.054
605.76,-0.167,0.144,0.035
605.94,-0.157,0.145,0.029
606.12,-0.165,0.145,0.013
606.31,-0.142,0.147,0.018
606.49,-0.158,0.15,0.009
606.67,-0.167,0.15,0.029
606.85,-0.162,0.153,0.024
607.4,-0.163,0.155,0.021
607.22,-0.163,0.159,0.042
607.4,-0.14,0.161,0.035
607.58,-0.182,0.158,0.056
607.76,-0.166,0.161,0.053
607.95,-0.175,0.162,0.049
608.13,-0.168,0.164,0.045
608.31,-0.157,0.166,0.048
608.49,-0.163,0.166,0.038
608.68,-0.144,0.165,0.044
608.86,-0.169,0.166,0.056
609.4,-0.138,0.167,0.044
609.22,-0.18,0.168,0.056
609.41,-0.139,0.168,0.08
609.59,-0.171,0.169,0.072
609.77,-0.165,0.171,0.083
609.95,-0.159,0.171,0.066
610.13,-0.132,0.169,0.073
610.32,-0.162,0.171,0.069
610.5,-0.148,0.171,0.079
610.68,-0.168,0.173,0.095
610.86,-0.137,0.171,0.081
611.5,-0.187,0.171,0.081
611.23,-0.154,0.175,0.089
611.41,-0.168,0.175,0.083
611.59,-0.18,0.178,0.083
611.78,-0.135,0.178,0.091
611.96,-0.151,0.181,0.072
612.14,-0.16,0.179,0.075
612.32,-0.16,0.181,0.082
612.5,-0.149,0.183,0.066
612.69,-0.168,0.184,0.056
612.87,-0.18,0.186,0.05
613.5,-0.144,0.187,0.05
613.23,-0.181,0.186,0.044
613.42,-0.159,0.184,0.035
613.6,-0.162,0.183,0.059
613.78,-0.157,0.185,0.06
613.96,-0.165,0.188,0.07
614.15,-0.145,0.191,0.075
614.33,-0.159,0.19,0.045
614.51,-0.154,0.19,0.065
614.69,-0.184,0.193,0.056
614.87,-0.161,0.194,0.076
615.6,-0.154,0.193,0.044
615.24,-0.17,0.192,0.065
615.42,-0.189,0.192,0.033
615.6,-0.148,0.187,0.033
615.79,-0.186,0.189,0.0
615.97,-0.142,0.191,0.005
616.15,-0.182,0.19,0.014
616.33,-0.164,0.189,0.029
616.52,-0.154,0.193,0.043
617.79,-0.168,0.201,0.05
617.97,-0.152,0.202,0.059
618.16,-0.148,0.201,0.062
618.34,-0.162,0.202,0.075
618.52,-0.146,0.203,0.069
618.7,-0.174,0.203,0.065
618.89,-0.144,0.207,0.071
619.7,-0.166,0.209,0.06
619.25,-0.152,0.211,0.061
619.43,-0.167,0.211,0.064
619.61,-0.156,0.212,0.068
619.8,-0.157,0.211,0.08
619.98,-0.172,0.213,0.059
620.16,-0.145,0.213,0.068
620.34,-0.166,0.215,0.072
620.53,-0.15,0.217,0.061
620.71,-0.17,0.219,0.062
620.89,-0.153,0.222,0.051
621.7,-0.162,0.227,0.044
621.25,-0.149,0.228,0.069
621.44,-0.153,0.226,0.048
621.62,-0.159,0.225,0.077
621.8,-0.162,0.228,0.058
621.98,-0.155,0.227,0.076
622.17,-0.163,0.226,0.066
622.35,-0.159,0.225,0.074
622.53,-0.16,0.223,0.07
622.71,-0.149,0.224,0.08
622.9,-0.156,0.223,0.069
623.8,-0.138,0.225,0.068
623.26,-0.164,0.226,0.071
623.44,-0.149,0.226,0.077
623.63,-0.156,0.227,0.064
623.81,-0.164,0.229,0.07
623.99,-0.151,0.233,0.071
624.17,-0.146,0.233,0.062
624.35,-0.162,0.232,0.07
624.54,-0.131,0.231,0.072
624.72,-0.192,0.229,0.085
624.9,-0.142,0.229,0.075
625.8,-0.136,0.229,0.072
625.27,-0.19,0.234,0.07
625.45,-0.136,0.232,0.054
625.63,-0.175,0.235,0.05
625.81,-0.139,0.234,0.061
625.99,-0.178,0.234,0.055
626.18,-0.129,0.235,0.059
626.36,-0.166,0.236,0.068
626.54,-0.163,0.236,0.075
626.72,-0.152,0.24,0.073
626.91,-0.175,0.241,0.066
627.9,-0.141,0.243,0.064
627.27,-0.156,0.243,0.053
627.45,-0.153,0.244,0.057
627.64,-0.156,0.242,0.052
627.82,-0.16,0.242,0.067
628.0,-0.164,0.245,0.068
628.18,-0.148,0.247,0.066
628.55,-0.143,0.248,0.053
628.73,-0.163,0.249,0.05
628.91,-0.146,0.247,0.07
629.9,-0.168,0.246,0.049
629.28,-0.156,0.247,0.064
629.46,-0.144,0.246,0.069
629.64,-0.14,0.247,0.067
629.82,-0.145,0.248,0.076
630.1,-0.149,0.248,0.081
630.19,-0.144,0.249,0.072
630.37,-0.139,0.249,0.067
630.55,-0.139,0.248,0.074
630.73,-0.158,0.248,0.073
630.92,-0.161,0.249,0.07
631.1,-0.174,0.25,0.073
631.28,-0.158,0.252,0.056
631.46,-0.152,0.253,0.052
631.65,-0.16,0.253,0.069
631.83,-0.157,0.251,0.058
632.1,-0.152,0.251,0.064
632.19,-0.164,0.249,0.05
632.38,-0.158,0.249,0.066
632.56,-0.159,0.251,0.073
632.74,-0.141,0.25,0.073
632.92,-0.165,0.252,0.052
633.1,-0.161,0.253,0.08
633.29,-0.165,0.253,0.072
633.47,-0.151,0.255,0.062
633.65,-0.16,0.258,0.061
633.83,-0.154,0.257,0.053
634.2,-0.163,0.257,0.064
634.2,-0.142,0.26,0.077
634.38,-0.144,0.261,0.085
634.56,-0.148,0.26,0.055
634.75,-0.17,0.261,0.034
634.93,-0.155,0.262,0.05
635.11,-0.152,0.261,0.06
635.29,-0.157,0.258,0.064
635.47,-0.164,0.257,0.066
635.66,-0.143,0.26,0.094
635.84,-0.169,0.261,0.111
636.2,-0.161,0.265,0.103
636.2,-0.168,0.264,0.11
636.39,-0.15,0.262,0.098
636.57,-0.167,0.263,0.094
636.75,-0.171,0.264,0.087
636.93,-0.163,0.267,0.083
637.11,-0.16,0.268,0.087
637.3,-0.146,0.266,0.081
637.48,-0.161,0.267,0.082
637.66,-0.17,0.269,0.073
637.84,-0.156,0.274,0.061
638.3,-0.143,0.276,0.066
638.21,-0.16,0.275,0.079
638.39,-0.148,0.274,0.072
638.57,-0.159,0.273,0.062
638.76,-0.157,0.272,0.072
638.94,-0.154,0.275,0.072
639.12,-0.148,0.275,0.073
639.3,-0.163,0.275,0.07
639.48,-0.149,0.279,0.053
639.67,-0.159,0.277,0.054
639.85,-0.17,0.277,0.058
640.3,-0.157,0.277,0.067
640.21,-0.177,0.28,0.061
640.4,-0.137,0.281,0.054
640.58,-0.165,0.281,0.059
640.76,-0.152,0.28,0.048
640.94,-0.151,0.281,0.062
641.12,-0.15,0.281,0.054
641.31,-0.155,0.279,0.054
641.49,-0.163,0.28,0.057
641.67,-0.144,0.284,0.047
641.85,-0.15,0.286,0.051
642.4,-0.178,0.288,0.052
642.22,-0.143,0.29,0.066
642.4,-0.179,0.293,0.06
642.58,-0.155,0.293,0.067
642.77,-0.164,0.295,0.072
642.95,-0.146,0.297,0.073
643.13,-0.171,0.298,0.077
643.31,-0.157,0.3,0.072
643.49,-0.136,0.298,0.083
643.68,-0.153,0.3,0.081
643.86,-0.151,0.296,0.076
644.4,-0.17,0.295,0.079
644.22,-0.143,0.294,0.071
644.41,-0.178,0.296,0.074
645.68,-0.161,0.305,0.077
645.86,-0.161,0.308,0.077
646.5,-0.149,0.311,0.059
646.23,-0.176,0.314,0.068
646.41,-0.169,0.313,0.065
646.59,-0.15,0.312,0.078
646.78,-0.162,0.313,0.078
646.96,-0.158,0.313,0.078
647.14,-0.163,0.316,0.075
647.32,-0.164,0.317,0.073
647.5,-0.149,0.316,0.082
647.69,-0.159,0.316,0.072
647.87,-0.163,0.318,0.068
648.5,-0.159,0.319,0.079
648.23,-0.154,0.318,0.055
648.42,-0.17,0.32,0.056
648.6,-0.174,0.325,0.046
648.78,-0.183,0.325,0.061
648.96,-0.167,0.329,0.038
649.15,-0.169,0.329,0.042
649.33,-0.173,0.33,0.036
649.51,-0.188,0.331,0.026
649.69,-0.159,0.333,0.037
649.87,-0.165,0.334,0.036
650.6,-0.153,0.331,0.044
650.24,-0.164,0.329,0.059
650.42,-0.156,0.329,0.035
650.6,-0.164,0.328,0.039
650.79,-0.164,0.326,0.044
650.97,-0.161,0.325,0.05
651.33,-0.155,0.325,0.045
651.51,-0.156,0.327,0.04
651.7,-0.153,0.328,0.042
651.88,-0.166,0.33,0.06
652.6,-0.147,0.33,0.046
652.24,-0.166,0.329,0.041
652.43,-0.175,0.33,0.063
652.61,-0.164,0.332,0.051
652.79,-0.152,0.332,0.048
652.97,-0.172,0.335,0.037
653.16,-0.163,0.337,0.049
653.34,-0.17,0.34,0.042
653.52,-0.148,0.342,0.055
653.7,-0.161,0.344,0.051
653.88,-0.149,0.346,0.041
654.7,-0.159,0.347,0.049
654.25,-0.147,0.347,0.061
654.43,-0.175,0.347,0.046
654.61,-0.137,0.346,0.05
654.8,-0.171,0.351,0.053
654.98,-0.158,0.355,0.053
655.16,-0.16,0.352,0.057
655.34,-0.169,0.356,0.048
655.53,-0.158,0.36,0.041
655.71,-0.171,0.364,0.043
656.98,-0.144,0.372,0.038
657.17,-0.177,0.374,0.054
657.35,-0.161,0.378,0.034
657.53,-0.171,0.38,0.058
657.71,-0.163,0.383,0.052
657.9,-0.154,0.38,0.063
658.8,-0.159,0.382,0.073
658.26,-0.156,0.385,0.071
658.44,-0.165,0.389,0.066
658.62,-0.124,0.389,0.065
658.81,-0.188,0.388,0.066
658.99,-0.15,0.388,0.073
659.17,-0.166,0.389,0.065
659.35,-0.163,0.389,0.058
659.54,-0.155,0.393,0.044
659.72,-0.161,0.392,0.016
659.9,-0.159,0.394,-0.006
660.8,-0.155,0.396,0.02
660.26,-0.165,0.396,0.058
660.45,-0.172,0.395,0.046
660.63,-0.16,0.397,0.04
660.81,-0.173,0.4,0.029
660.99,-0.165,0.403,0.0
661.18,-0.171,0.406,0.002
661.36,-0.157,0.407,-0.006
661.54,-0.175,0.411,-0.031
661.72,-0.18,0.413,-0.046
661.91,-0.168,0.414,-0.015
662.9,-0.187,0.418,-0.013
662.27,-0.158,0.42,-0.024
662.45,-0.153,0.421,0.018
662.63,-0.143,0.42,0.064
662.82,-0.15,0.423,0.068
663.0,-0.171,0.422,0.047
663.18,-0.142,0.422,0.058
663.36,-0.159,0.427,0.065
663.55,-0.149,0.428,0.059
663.73,-0.154,0.428,0.058
663.91,-0.142,0.428,0.047
664.9,-0.161,0.428,0.07
664.27,-0.16,0.427,0.057
664.46,-0.165,0.427,0.063
664.64,-0.162,0.43,0.068
664.82,-0.179,0.431,0.064
665.0,-0.155,0.433,0.068
665.19,-0.169,0.435,0.058
665.37,-0.167,0.437,0.037
665.55,-0.162,0.438,0.057
665.73,-0.141,0.436,0.036
665.92,-0.166,0.435,0.037
666.1,-0.145,0.44,0.049
666.28,-0.158,0.442,0.054
666.46,-0.153,0.447,0.044
666.64,-0.177,0.447,0.038
666.83,-0.175,0.448,0.03
667.1,-0.162,0.448,0.026
667.19,-0.175,0.45,0.024
667.37,-0.139,0.452,0.01
667.56,-0.165,0.453,0.024
667.74,-0.177,0.455,0.033
667.92,-0.164,0.454,0.015
668.1,-0.178,0.456,0.014
668.29,-0.175,0.46,0.007
668.47,-0.158,0.457,0.014
668.65,-0.176,0.455,0.018
668.83,-0.164,0.458,0.009
669.1,-0.167,0.461,0.021
669.2,-0.163,0.462,0.02
669.38,-0.165,0.462,0.013
669.56,-0.166,0.462,-0.003
669.74,-0.149,0.461,0.017
669.93,-0.14,0.462,0.021
670.11,-0.191,0.463,0.037
670.29,-0.149,0.463,0.051
670.47,-0.212,0.464,0.06
670.65,-0.128,0.464,-0.04
670.84,-0.126,0.464,0.164
671.2,-0.189,0.469,-0.008
671.2,-0.132,0.466,0.113
671.38,-0.178,0.467,0.077
671.57,-0.158,0.469,0.117
671.75,-0.168,0.468,0.046
671.93,-0.164,0.469,0.092
672.11,-0.156,0.471,0.063
672.3,-0.165,0.471,0.088
672.48,-0.176,0.471,0.059
672.66,-0.174,0.472,0.074
672.84,-0.146,0.473,0.048
673.2,-0.121,0.471,0.081
673.21,-0.179,0.471,0.07
673.39,-0.156,0.471,0.083
673.57,-0.148,0.473,0.087
673.75,-0.172,0.477,0.071
673.94,-0.139,0.477,0.062
674.12,-0.178,0.478,0.074
674.3,-0.145,0.477,0.085
674.48,-0.14,0.48,0.091
674.67,-0.159,0.482,0.129
674.85,-0.15,0.485,0.111
675.3,-0.147,0.486,0.087
675.21,-0.149,0.487,0.076
675.39,-0.184,0.492,0.068
675.58,-0.122,0.493,0.132
675.76,-0.16,0.496,0.094
675.94,-0.157,0.495,-0.072
676.12,-0.15,0.495,-0.042
676.31,-0.143,0.494,0.05
676.49,-0.157,0.498,0.055
676.67,-0.16,0.496,0.033
676.85,-0.171,0.5,0.059
677.4,-0.155,0.497,0.107
677.22,-0.165,0.498,0.028
677.4,-0.127,0.495,0.03
677.58,-0.191,0.496,0.095
677.76,-0.154,0.494,0.101
677.95,-0.151,0.493,0.095
678.13,-0.188,0.496,0.09
678.31,-0.153,0.5,0.09
678.49,-0.211,0.502,0.091
678.68,-0.125,0.5,0.178
678.86,-0.17,0.501,0.199
679.4,-0.139,0.5,0.181
679.22,-0.197,0.502,0.154
679.41,-0.123,0.504,0.173
679.59,-0.195,0.503,0.159
679.77,-0.093,0.501,0.156
679.95,-0.223,0.504,0.144
680.13,-0.11,0.504,0.198
680.32,-0.185,0.505,0.192
680.5,-0.13,0.507,0.184
680.68,-0.203,0.509,0.171
680.86,-0.135,0.51,0.157
682.14,-0.181,0.512,0.046
682.32,-0.177,0.515,0.029
682.5,-0.18,0.519,0.012
682.69,-0.168,0.517,-0.021
682.87,-0.156,0.518,0.003
683.5,-0.15,0.521,0.054
683.23,-0.187,0.521,0.041
683.41,-0.16,0.522,0.064
683.6,-0.151,0.523,0.105
683.78,-0.183,0.526,0.11
683.96,-0.161,0.528,0.053
684.14,-0.166,0.531,0.085
684.33,-0.183,0.534,0.048
684.51,-0.142,0.536,0.071
684.69,-0.168,0.539,0.046
684.87,-0.15,0.541,0.066
686.33,-0.165,0.549,-0.047
686.51,-0.222,0.549,0.074
686.7,-0.095,0.548,0.012
686.88,-0.233,0.548,0.04
687.6,-0.118,0.55,0.035
687.24,-0.191,0.553,0.08
687.42,-0.126,0.557,0.104
687.61,-0.191,0.555,0.082
687.79,-0.168,0.556,0.132
687.97,-0.147,0.557,0.068
688.15,-0.186,0.558,0.146
695.44,-0.156,0.589,-0.036
695.63,-0.198,0.591,-0.02
695.81,-0.166,0.59,-0.043
695.99,-0.164,0.588,0.044
696.17,-0.127,0.59,0.058
696.36,-0.199,0.588,-0.061
696.54,-0.126,0.592,0.051
696.72,-0.185,0.594,-0.053
696.9,-0.187,0.597,0.009
697.9,-0.084,0.599,0.011
697.27,-0.22,0.599,-0.021
697.45,-0.154,0.6,-0.027
697.63,-0.155,0.598,0.094
697.81,-0.15,0.598,0.081
698.0,-0.184,0.601,0.02
698.18,-0.221,0.599,-0.014
698.36,-0.096,0.6,0.045
698.54,-0.225,0.6,0.079
698.73,-0.15,0.597,0.043
698.91,-0.161,0.599,0.069
699.9,-0.136,0.6,0.035
701.1,-0.19,0.603,0.063
701.28,-0.138,0.605,0.053
701.46,-0.119,0.608,0.219
701.64,-0.065,0.604,-0.086
701.82,-0.312,0.606,0.135
702.1,-0.051,0.604,0.015
702.19,-0.27,0.605,0.075
702.37,-0.108,0.61,0.061
702.55,-0.2,0.61,0.046
702.74,-0.19,0.608,0.071
702.92,-0.166,0.611,0.059
703.1,-0.204,0.612,0.051
703.28,-0.139,0.613,0.049
703.47,-0.198,0.613,0.033
703.65,-0.16,0.614,0.06
704.1,-0.164,0.615,0.062
704.19,-0.164,0.614,0.008
704.38,-0.185,0.614,0.062
704.56,-0.132,0.613,0.061
704.74,-0.176,0.615,0.205
704.92,-0.087,0.618,-0.066
705.11,-0.233,0.612,0.091
705.29,-0.146,0.615,0.031
705.47,-0.198,0.616,0.034
705.65,-0.141,0.617,0.059
705.84,-0.184,0.619,0.012
706.2,-0.167,0.619,0.007
706.2,-0.18,0.622,0.005
706.38,-0.187,0.623,0.034
706.56,-0.171,0.624,0.016
706.75,-0.182,0.621,0.002
706.93,-0.159,0.624,-0.007
707.11,-0.179,0.623,-0.037
707.29,-0.178,0.62,-0.015
707.48,-0.172,0.623,-0.036
707.66,-0.165,0.624,-0.021
707.84,-0.174,0.626,-0.008
708.2,-0.168,0.625,0.005
708.21,-0.183,0.626,0.025
708.39,-0.173,0.629,0.028
708.57,-0.189,0.629,0.066
708.75,-0.179,0.628,0.036
708.93,-0.171,0.629,0.051
709.12,-0.187,0.632,0.03
709.3,-0.177,0.633,0.053
709.48,-0.165,0.631,0.064
709.66,-0.165,0.633,0.038
709.85,-0.187,0.633,0.061
710.3,-0.178,0.633,0.047
710.21,-0.165,0.635,0.049
710.39,-0.154,0.638,0.061
710.58,-0.185,0.639,0.056
710.76,-0.177,0.64,0.099
710.94,-0.17,0.642,-0.063
713.86,-0.159,0.651,0.067
714.4,-0.188,0.65,0.031
714.22,-0.19,0.649,0.061
714.4,-0.15,0.652,0.017
714.59,-0.175,0.651,0.086
714.77,-0.161,0.65,0.038
714.95,-0.188,0.651,0.078
715.13,-0.157,0.653,0.029
715.31,-0.22,0.653,0.079
715.5,-0.161,0.658,0.099
715.68,-0.191,0.653,0.053
715.86,-0.175,0.656,0.078
716.4,-0.166,0.657,0.065
716.23,-0.191,0.66,0.039
716.41,-0.191,0.658,0.062
716.59,-0.142,0.659,0.071
716.77,-0.201,0.658,-0.004
716.95,-0.155,0.657,0.051
717.14,-0.183,0.656,0.032
717.32,-0.142,0.658,-0.012
717.5,-0.232,0.661,0.008
717.68,-0.129,0.66,-0.014
717.87,-0.203,0.657,-0.01
718.5,-0.16,0.659,-0.022
718.23,-0.182,0.662,-0.038
718.41,-0.181,0.66,-0.049
722.42,-0.193,0.664,-0.064
722.61,-0.173,0.667,-0.032
722.79,-0.183,0.669,-0.032
722.97,-0.177,0.672,-0.027
723.15,-0.183,0.672,-0.063
723.33,-0.191,0.674,-0.016
723.52,-0.169,0.673,-0.052
723.7,-0.199,0.675,-0.002
723.88,-0.185,0.678,0.006
724.6,-0.187,0.679,-0.029
724.25,-0.193,0.679,-0.055
724.43,-0.16,0.68,-0.068
724.61,-0.191,0.681,-0.039
724.79,-0.187,0.683,-0.03
724.98,-0.221,0.679,0.161
725.16,-0.077,0.683,0.007
725.34,-0.289,0.677,0.043
725.52,-0.091,0.682,0.094
725.7,-0.235,0.681,0.057
725.89,-0.133,0.682,0.003
726.7,-0.17,0.682,0.082
726.25,-0.171,0.68,0.028
726.43,-0.157,0.68,0.062
726.62,-0.174,0.683,0.069
726.8,-0.167,0.679,0.074
726.98,-0.186,0.679,0.064
727.16,-0.231,0.682,0.041
727.34,-0.126,0.682,0.06
727.53,-0.201,0.682,0.035
727.71,-0.164,0.679,0.061
727.89,-0.177,0.681,0.022
728.7,-0.18,0.68,0.046
728.26,-0.181,0.679,0.036
728.44,-0.157,0.679,0.047
728.62,-0.155,0.678,0.071
728.8,-0.172,0.678,0.071
728.98,-0.159,0.681,0.046
729.17,-0.167,0.684,0.062
729.35,-0.156,0.682,0.007
729.53,-0.196,0.682,0.001
729.71,-0.161,0.681,-0.043
729.9,-0.2,0.682,-0.017
730.8,-0.143,0.683,0.024
730.26,-0.173,0.684,0.049
730.44,-0.179,0.685,0.089
730.63,-0.183,0.685,0.076
730.81,-0.176,0.686,0.077
730.99,-0.166,0.685,0.028
731.17,-0.181,0.684,0.091
731.35,-0.155,0.686,0.057
731.54,-0.193,0.686,0.059
731.72,-0.125,0.684,0.072
731.9,-0.2,0.687,0.061
732.8,-0.129,0.69,0.06
732.27,-0.196,0.689,0.076
736.9,-0.201,0.706,0.019
736.28,-0.148,0.707,0.056
736.46,-0.162,0.71,0.04
736.64,-0.152,0.71,0.054
736.82,-0.187,0.708,0.049
737.0,-0.166,0.707,0.059
737.19,-0.141,0.706,0.057
737.37,-0.189,0.708,0.056
737.55,-0.167,0.707,0.065
737.73,-0.161,0.707,0.08
737.92,-0.174,0.709,0.063
738.1,-0.119,0.703,0.022
738.28,-0.211,0.706,0.04
738.46,-0.117,0.707,0.043
738.65,-0.169,0.707,0.045
738.83,-0.167,0.708,0.051
739.1,-0.151,0.711,0.053
739.19,-0.167,0.711,0.081
739.37,-0.162,0.713,0.07
739.56,-0.166,0.711,0.076
739.74,-0.19,0.714,0.07
739.92,-0.152,0.717,0.055
740.1,-0.155,0.717,0.058
740.29,-0.196,0.719,0.052
740.47,-0.133,0.722,0.06
740.65,-0.177,0.724,0.045
740.83,-0.167,0.724,0.085
741.1,-0.169,0.723,0.062
741.2,-0.149,0.722,0.077
741.38,-0.153,0.723,0.07
741.56,-0.146,0.723,0.091
741.74,-0.169,0.723,0.062
741.93,-0.148,0.725,0.075
742.11,-0.167,0.725,0.066
742.29,-0.154,0.727,0.088
742.47,-0.165,0.73,0.071
742.66,-0.219,0.727,-0.032
742.84,-0.103,0.732,0.058
743.2,-0.281,0.727,0.008
743.2,0.003,0.732,0.162
743.38,-0.26,0.729,0.028
743.57,-0.089,0.735,0.12
743.75,-0.203,0.735,0.071
743.93,-0.139,0.738,0.096
744.11,-0.133,0.743,0.076
744.3,-0.152,0.744,0.06
744.48,-0.158,0.745,0.066
744.66,-0.154,0.743,0.086
744.84,-0.159,0.745,0.102
745.3,-0.146,0.742,0.096
745.21,-0.178,0.742,0.069
745.39,-0.132,0.744,0.101
745.57,-0.166,0.745,0.089
745.75,-0.154,0.746,0.073
745.94,-0.151,0.747,0.079
746.12,-0.179,0.747,0.069
746.3,-0.156,0.746,0.077
746.48,-0.138,0.746,0.07
746.67,-0.134,0.747,0.066
746.85,-0.158,0.746,0.047
747.3,-0.171,0.75,0.034
747.21,-0.122,0.75,0.045
747.4,-0.171,0.75,0.034
747.58,-0.142,0.749,-0.005
747.76,-0.162,0.747,-0.013
747.94,-0.149,0.745,0.001
748.12,-0.188,0.748,0.006
748.31,-0.121,0.747,-0.005
748.49,-0.196,0.746,0.013
748.67,-0.142,0.746,0.017
748.85,-0.188,0.748,0.018
749.4,-0.13,0.749,0.022
749.22,-0.182,0.751,0.024
749.4,-0.131,0.757,0.023
749.58,-0.195,0.756,0.044
749.77,-0.163,0.755,0.04
749.95,-0.196,0.754,0.053
750.13,-0.123,0.755,0.094
750.31,-0.184,0.756,0.046
750.49,-0.132,0.755,0.033
750.68,-0.194,0.757,0.019
750.86,-0.159,0.757,0.018
751.4,-0.164,0.759,-0.014
751.22,-0.164,0.758,0.009
751.41,-0.168,0.76,0.011
751.59,-0.173,0.76,0.025
751.77,-0.166,0.763,0.029
751.95,-0.148,0.763,0.054
752.13,-0.155,0.763,0.06
752.32,-0.16,0.763,0.049
752.5,-0.154,0.76,0.079
752.68,-0.174,0.76,0.067
752.86,-0.135,0.758,0.095
753.5,-0.187,0.76,0.067
753.23,-0.143,0.758,0.069
753.41,-0.203,0.762,0.079
753.59,-0.135,0.762,0.083
753.78,-0.177,0.761,0.058
753.96,-0.153,0.765,0.068
754.14,-0.17,0.769,0.079
754.32,-0.145,0.769,0.088
754.5,-0.179,0.769,0.086
754.69,-0.15,0.77,0.097
754.87,-0.163,0.771,0.083
755.5,-0.16,0.772,0.081
755.23,-0.157,0.77,0.071
755.42,-0.169,0.771,0.08
755.6,-0.154,0.772,0.075
755.78,-0.178,0.772,0.076
755.96,-0.15,0.774,0.054
756.15,-0.159,0.778,0.065
756.33,-0.183,0.783,0.08
756.51,-0.15,0.785,0.104
756.69,-0.184,0.785,0.085
756.87,-0.174,0.788,0.08
757.6,-0.172,0.788,0.086
757.24,-0.159,0.79,0.072
757.42,-0.174,0.791,0.086
757.6,-0.153,0.792,0.088
757.79,-0.173,0.794,0.074
757.97,-0.143,0.797,0.097
758.15,-0.167,0.797,0.086
758.33,-0.163,0.798,0.074
758.52,-0.144,0.796,0.087
758.7,-0.182,0.794,0.082
758.88,-0.137,0.795,0.082
759.6,-0.179,0.798,0.078
759.24,-0.146,0.798,0.069
759.43,-0.164,0.798,0.049
759.61,-0.14,0.801,0.057
759.79,-0.165,0.802,0.049
759.97,-0.156,0.804,0.05
760.16,-0.166,0.804,0.055
760.34,-0.15,0.805,0.061
760.52,-0.155,0.805,0.062
760.7,-0.161,0.808,0.071
760.89,-0.167,0.809,0.075
761.7,-0.152,0.81,0.053
761.25,-0.146,0.812,0.079
761.43,-0.143,0.81,0.1
761.61,-0.165,0.813,0.082
761.8,-0.161,0.811,0.103
761.98,-0.171,0.814,0.094
762.16,-0.168,0.817,0.091
762.34,-0.174,0.821,0.09
762.53,-0.133,0.821,0.092
762.71,-0.16,0.823,0.073
762.89,-0.164,0.822,0.114
763.7,-0.156,0.821,0.066
763.25,-0.179,0.817,0.123
763.44,-0.138,0.816,0.118
763.62,-0.167,0.816,0.107
763.8,-0.154,0.816,0.085
763.98,-0.19,0.82,0.088
764.17,-0.125,0.822,0.091
764.35,-0.212,0.825,0.112
764.53,-0.138,0.825,0.111
764.71,-0.204,0.824,0.129
764.9,-0.124,0.826,0.101
765.8,-0.182,0.825,0.131
765.26,-0.166,0.826,0.09
765.44,-0.147,0.828,0.066
765.62,-0.184,0.828,0.039
765.81,-0.142,0.834,0.032
765.99,-0.166,0.833,0.031
766.17,-0.144,0.836,0.02
766.35,-0.17,0.833,0.027
766.54,-0.171,0.836,0.039
766.72,-0.148,0.837,0.05
766.9,-0.149,0.835,0.045
767.8,-0.152,0.837,0.049
767.27,-0.147,0.838,0.015
767.45,-0.172,0.839,0.039
767.63,-0.15,0.84,-0.016
767.81,-0.161,0.846,0.016
767.99,-0.137,0.851,0.076
768.18,-0.157,0.854,0.112
768.36,-0.163,0.852,0.126
768.54,-0.156,0.855,0.121
768.72,-0.168,0.857,0.136
768.91,-0.2,0.859,0.111
769.9,-0.071,0.859,0.105
769.27,-0.23,0.863,0.083
769.45,-0.126,0.862,0.099
769.64,-0.18,0.864,0.059
769.82,-0.166,0.864,0.082
770.0,-0.161,0.865,0.058
770.18,-0.158,0.863,0.077
770.36,-0.152,0.862,0.082
770.55,-0.17,0.861,0.095
770.73,-0.153,0.864,0.083
770.91,-0.162,0.867,0.12
771.9,-0.139,0.867,0.091
771.28,-0.169,0.866,0.113
771.46,-0.172,0.868,0.103
771.64,-0.148,0.871,0.079
771.82,-0.171,0.875,0.068
772.1,-0.163,0.874,0.086
772.19,-0.156,0.876,0.065
772.37,-0.153,0.874,0.077
772.55,-0.161,0.874,0.122
772.73,-0.185,0.875,0.094
772.92,-0.148,0.873,0.1
773.1,-0.181,0.872,0.089
773.28,-0.156,0.875,0.077
773.46,-0.174,0.876,0.08
773.65,-0.169,0.878,0.065
773.83,-0.16,0.877,0.072
774.1,-0.145,0.876,0.084
774.19,-0.138,0.875,0.059
774.38,-0.153,0.878,0.049
774.56,-0.155,0.876,0.031
774.74,-0.166,0.877,0.032
774.92,-0.142,0.881,0.066
775.1,-0.163,0.884,0.047
775.29,-0.166,0.882,0.06
775.47,-0.155,0.884,0.056
775.65,-0.16,0.888,0.064
775.83,-0.167,0.888,0.069
776.2,-0.152,0.888,0.074
776.2,-0.178,0.889,0.066
776.38,-0.174,0.889,0.085
776.56,-0.153,0.889,0.084
776.75,-0.153,0.89,0.076
776.93,-0.156,0.89,0.09
777.11,-0.143,0.891,0.078
777.29,-0.146,0.891,0.072
777.47,-0.179,0.894,0.071
777.66,-0.162,0.894,0.072
777.84,-0.163,0.893,0.094
778.2,-0.147,0.894,0.068
778.2,-0.164,0.892,0.071
778.39,-0.167,0.89,0.067
778.57,-0.149,0.891,0.074
778.75,-0.169,0.894,0.063
778.93,-0.149,0.893,0.088
779.12,-0.167,0.893,0.065
779.3,-0.169,0.896,0.074
779.48,-0.167,0.897,0.079
779.66,-0.138,0.902,0.084
779.84,-0.151,0.904,0.081
780.3,-0.131,0.908,0.067
780.21,-0.185,0.911,0.075
780.39,-0.168,0.911,0.036
780.57,-0.147,0.907,0.048
780.76,-0.191,0.906,0.091
780.94,-0.155,0.908,0.076
781.12,-0.156,0.909,0.072
781.3,-0.162,0.909,0.063
781.48,-0.156,0.909,0.054
781.67,-0.153,0.91,0.042
781.85,-0.159,0.911,0.042
782.3,-0.161,0.912,0.056
782.21,-0.159,0.912,0.086
782.4,-0.166,0.914,0.072
782.58,-0.163,0.917,0.087
782.76,-0.155,0.921,0.079
782.94,-0.166,0.923,0.078
783.13,-0.157,0.925,0.074
783.31,-0.161,0.927,0.086
783.49,-0.159,0.928,0.069
783.67,-0.154,0.928,0.095
783.85,-0.168,0.929,0.084
784.4,-0.186,0.929,0.061
784.22,-0.171,0.928,0.053
784.4,-0.177,0.929,0.048
784.58,-0.16,0.93,0.052
784.77,-0.172,0.929,0.024
784.95,-0.163,0.934,0.021
785.13,-0.148,0.938,0.028
785.5,-0.165,0.935,0.023
785.68,-0.145,0.935,0.024
785.86,-0.141,0.936,0.025
786.4,-0.156,0.936,0.031
786.22,-0.158,0.937,0.042
786.41,-0.15,0.938,0.059
786.59,-0.163,0.937,0.028
786.77,-0.163,0.94,0.024
786.95,-0.157,0.942,0.045
787.14,-0.147,0.947,0.042
787.32,-0.155,0.95,0.052
787.5,-0.164,0.951,0.039
787.68,-0.14,0.951,0.045
787.87,-0.158,0.952,0.064
788.5,-0.137,0.953,0.07
788.23,-0.166,0.954,0.061
788.41,-0.161,0.955,0.043
788.59,-0.187,0.955,0.015
788.78,-0.157,0.957,-0.002
788.96,-0.132,0.958,-0.03
789.14,-0.163,0.958,0.008
789.32,-0.149,0.962,-0.003
789.51,-0.158,0.964,0.012
789.69,-0.125,0.964,0.052
789.87,-0.169,0.964,0.055
790.5,-0.156,0.967,0.026
790.24,-0.158,0.97,0.012
790.42,-0.154,0.971,0.027
790.6,-0.147,0.972,0.037
790.78,-0.159,0.974,0.062
790.96,-0.16,0.972,0.062
791.15,-0.142,0.971,0.043
791.33,-0.159,0.97,0.023
791.51,-0.14,0.97,0.067
791.69,-0.168,0.97,0.019
791.88,-0.174,0.972,0.016
792.6,-0.133,0.977,-0.005
792.24,-0.223,0.98,0.009
792.42,-0.098,0.981,0.003
792.61,-0.183,0.982,0.001
792.79,-0.127,0.983,0.026
792.97,-0.156,0.977,0.038
793.15,-0.155,0.981,0.037
793.33,-0.134,0.981,0.065
793.52,-0.164,0.983,0.028
793.7,-0.136,0.985,0.059
793.88,-0.13,0.985,0.038
794.6,-0.198,0.985,0.065
794.25,-0.119,0.987,0.023
794.43,-0.192,0.99,0.068
794.61,-0.125,0.989,0.019
794.79,-0.195,0.992,0.068
794.97,-0.14,0.993,0.072
795.16,-0.169,0.994,0.095
795.34,-0.139,0.999,0.086
795.52,-0.171,1.002,0.098
795.7,-0.144,1.003,0.075
795.89,-0.154,1.006,0.091
796.7,-0.178,1.009,0.091
796.25,-0.145,1.013,0.065
796.43,-0.168,1.014,0.082
796.62,-0.164,1.014,0.089
804.45,-0.153,1.058,-0.016
804.64,-0.134,1.057,0.0
804.82,-0.167,1.06,-0.009
805.0,-0.139,1.061,-0.004
805.18,-0.164,1.062,0.023
805.37,-0.144,1.064,0.023
805.55,-0.159,1.067,0.035
805.73,-0.151,1.071,0.041
805.91,-0.167,1.072,0.061
806.9,-0.157,1.072,0.049
806.28,-0.151,1.072,0.038
806.46,-0.137,1.071,0.029
806.64,-0.156,1.074,-0.004
806.82,-0.159,1.075,0.013
807.1,-0.142,1.079,0.069
807.19,-0.152,1.082,0.061
807.37,-0.174,1.083,0.05
807.55,-0.162,1.083,0.075
807.73,-0.172,1.082,0.077
807.92,-0.166,1.082,0.072
808.1,-0.143,1.084,0.058
808.28,-0.146,1.086,0.051
808.46,-0.156,1.086,0.045
808.65,-0.152,1.086,0.049
808.83,-0.159,1.087,0.064
809.1,-0.173,1.085,0.044
809.19,-0.146,1.087,0.04
809.38,-0.161,1.09,0.057
809.56,-0.153,1.09,0.053
809.74,-0.168,1.092,0.024
809.92,-0.163,1.092,0.049
810.1,-0.166,1.095,0.025
810.29,-0.151,1.095,0.046
810.47,-0.189,1.095,0.039
810.65,-0.148,1.097,0.049
810.83,-0.15,1.098,0.048
811.2,-0.175,1.1,0.057
811.2,-0.152,1.103,0.061
811.38,-0.165,1.101,0.053
811.56,-0.165,1.104,0.056
811.74,-0.159,1.109,0.075
811.93,-0.157,1.11,0.048
812.11,-0.153,1.114,0.041
812.29,-0.163,1.114,0.026
812.47,-0.171,1.113,0.041
812.66,-0.148,1.111,0.037
812.84,-0.173,1.111,0.045
813.2,-0.146,1.113,0.041
813.2,-0.145,1.115,0.046
813.38,-0.161,1.119,0.028
813.57,-0.145,1.118,0.052
813.75,-0.165,1.122,0.036
813.93,-0.147,1.124,0.074
814.11,-0.196,1.126,0.062
814.3,-0.148,1.124,0.084
814.48,-0.204,1.126,0.07
814.66,-0.117,1.122,0.077
814.84,-0.165,1.124,0.096
815.2,-0.143,1.125,0.098
815.21,-0.178,1.127,0.064
815.39,-0.173,1.126,0.075
815.57,-0.155,1.129,0.08
815.75,-0.158,1.129,0.076
815.94,-0.146,1.129,0.087
816.12,-0.185,1.133,0.089
816.3,-0.158,1.136,0.073
816.48,-0.159,1.138,0.075
816.67,-0.164,1.138,0.068
816.85,-0.154,1.14,0.073
817.3,-0.171,1.141,0.076
817.21,-0.172,1.141,0.076
817.39,-0.158,1.141,0.079
817.58,-0.15,1.146,0.073
817.76,-0.16,1.148,0.081
817.94,-0.183,1.149,0.095
818.12,-0.146,1.153,0.079
818.31,-0.164,1.153,0.064
818.49,-0.175,1.156,0.066
818.67,-0.136,1.159,0.07
818.85,-0.173,1.162,0.081
819.3,-0.143,1.161,0.074
819.22,-0.153,1.163,0.073
819.4,-0.166,1.166,0.06
819.58,-0.156,1.164,0.081
819.95,-0.164,1.163,0.081
820.13,-0.166,1.166,0.071
820.31,-0.168,1.165,0.054
820.49,-0.146,1.164,0.072
820.68,-0.169,1.164,0.068
820.86,-0.164,1.167,0.067
821.4,-0.133,1.166,0.039
821.22,-0.141,1.164,0.077
821.4,-0.199,1.166,0.094
821.59,-0.143,1.169,0.023
821.77,-0.196,1.169,0.111
821.95,-0.118,1.172,0.097
822.13,-0.164,1.174,0.068
822.32,-0.154,1.173,0.094
822.5,-0.186,1.172,0.124
822.68,-0.124,1.174,0.071
822.86,-0.19,1.178,0.082
823.4,-0.128,1.182,0.089
823.23,-0.164,1.184,0.06
823.41,-0.139,1.184,0.069
823.59,-0.167,1.182,0.089
823.77,-0.151,1.18,0.074
823.96,-0.153,1.181,0.095
824.14,-0.149,1.182,0.064
824.32,-0.172,1.181,0.073
824.5,-0.156,1.181,0.065
824.69,-0.154,1.181,0.078
824.87,-0.177,1.182,0.082
825.5,-0.142,1.186,0.079
825.23,-0.173,1.19,0.096
825.41,-0.152,1.192,0.071
825.6,-0.157,1.19,0.082
825.78,-0.158,1.192,0.047
825.96,-0.159,1.192,0.064
826.14,-0.167,1.194,0.017
826.33,-0.15,1.197,0.041
826.51,-0.15,1.2,0.049
826.69,-0.157,1.202,0.063
826.87,-0.133,1.203,0.1
827.5,-0.166,1.204,0.14
827.24,-0.135,1.205,0.128
827.42,-0.177,1.207,0.1
827.6,-0.174,1.21,0.098
827.78,-0.15,1.211,0.101
827.97,-0.189,1.217,0.094
828.15,-0.164,1.217,0.104
828.33,-0.173,1.219,0.091
828.51,-0.16,1.225,0.089
828.7,-0.149,1.224,0.085
828.88,-0.174,1.225,0.077
829.6,-0.137,1.228,0.075
829.24,-0.146,1.225,0.069
829.42,-0.161,1.228,0.076
829.61,-0.153,1.228,0.074
829.79,-0.169,1.226,0.083
829.97,-0.168,1.224,0.067
830.15,-0.149,1.222,0.088
830.34,-0.165,1.225,0.095
830.52,-0.154,1.228,0.087
830.7,-0.164,1.227,0.08
830.88,-0.139,1.23,0.104
831.6,-0.166,1.232,0.09
831.25,-0.15,1.233,0.097
831.43,-0.161,1.232,0.101
831.61,-0.142,1.234,0.1
831.79,-0.149,1.236,0.087
831.98,-0.161,1.235,0.089
832.16,-0.161,1.233,0.08
832.34,-0.161,1.232,0.063
832.52,-0.161,1.229,0.08
832.7,-0.172,1.228,0.087
832.89,-0.159,1.228,0.064
833.7,-0.176,1.229,0.082
833.25,-0.166,1.232,0.08
833.43,-0.17,1.234,0.094
833.62,-0.165,1.239,0.09
833.8,-0.167,1.241,0.086
833.98,-0.151,1.24,0.094
834.16,-0.181,1.243,0.088
834.34,-0.162,1.246,0.074
834.53,-0.166,1.249,0.087
834.71,-0.158,1.248,0.071
834.89,-0.164,1.247,0.071
835.7,-0.15,1.25,0.064
835.26,-0.18,1.251,0.078
835.62,-0.173,1.257,0.078
835.8,-0.152,1.261,0.068
835.99,-0.176,1.266,0.076
836.17,-0.177,1.266,0.051
836.35,-0.165,1.264,0.075
836.53,-0.186,1.263,0.053
836.71,-0.16,1.265,0.059
836.9,-0.182,1.266,0.058
837.8,-0.164,1.27,0.062
837.26,-0.168,1.272,0.06
837.44,-0.147,1.27,0.057
837.63,-0.2,1.271,0.063
837.81,-0.146,1.27,0.065
837.99,-0.166,1.27,0.068
838.17,-0.177,1.271,0.068
838.35,-0.158,1.273,0.071
838.54,-0.162,1.277,0.069
838.72,-0.163,1.274,0.056
838.9,-0.165,1.274,0.061
839.8,-0.167,1.273,0.058
839.27,-0.175,1.273,0.057
839.45,-0.201,1.273,0.056
839.63,-0.132,1.276,0.077
839.81,-0.199,1.282,0.066
839.99,-0.165,1.281,0.071
840.18,-0.167,1.282,0.078
840.36,-0.133,1.284,0.08
840.54,-0.167,1.286,0.073
840.72,-0.155,1.284,0.093
840.91,-0.185,1.281,0.081
841.9,-0.171,1.281,0.08
841.27,-0.18,1.28,0.091
841.45,-0.171,1.277,0.088
841.63,-0.149,1.318,0.081
849.11,-0.161,1.318,0.088
849.29,-0.159,1.32,0.072
849.47,-0.172,1.323,0.088
849.65,-0.174,1.326,0.093
849.84,-0.17,1.328,0.07
850.2,-0.145,1.328,0.077
850.2,-0.178,1.329,0.054
850.38,-0.162,1.329,0.04
850.57,-0.178,1.331,0.058
850.75,-0.15,1.333,0.044
850.93,-0.141,1.33,0.034
851.11,-0.179,1.332,0.039
851.29,-0.139,1.332,0.028
851.48,-0.157,1.331,0.045
851.66,-0.163,1.333,0.053
851.84,-0.175,1.334,0.059
852.2,-0.153,1.335,0.059
852.21,-0.172,1.336,0.067
852.39,-0.145,1.337,0.061
852.57,-0.179,1.339,0.067
852.75,-0.147,1.338,0.069
852.94,-0.165,1.34,0.066
853.12,-0.177,1.342,0.074
853.3,-0.151,1.342,0.077
853.48,-0.165,1.342,0.087
853.66,-0.167,1.345,0.069
853.85,-0.146,1.342,0.09
854.3,-0.184,1.344,0.068
854.21,-0.152,1.344,0.087
854.39,-0.176,1.343,0.069
854.58,-0.167,1.341,0.077
854.76,-0.169,1.341,0.066
854.94,-0.157,1.342,0.088
855.12,-0.181,1.342,0.053
855.3,-0.172,1.345,0.062
855.49,-0.176,1.345,0.067
855.67,-0.162,1.348,0.073
855.85,-0.171,1.352,0.059
856.3,-0.167,1.354,0.088
856.22,-0.164,1.354,0.071
856.4,-0.18,1.358,0.081
856.58,-0.157,1.36,0.075
856.76,-0.157,1.359,0.073
856.95,-0.19,1.359,0.064
857.13,-0.156,1.358,0.084
857.31,-0.167,1.358,0.064
857.49,-0.167,1.358,0.067
857.67,-0.177,1.357,0.055
857.86,-0.175,1.361,0.073
858.4,-0.156,1.362,0.08
858.22,-0.148,1.363,0.073
858.4,-0.168,1.365,0.059
858.59,-0.172,1.365,0.088
858.77,-0.174,1.368,0.107
858.95,-0.157,1.368,0.098
859.13,-0.154,1.367,0.094
859.31,-0.171,1.366,0.085
859.5,-0.182,1.367,0.081
859.68,-0.164,1.365,0.099
859.86,-0.176,1.369,0.086
860.4,-0.164,1.368,0.086
860.23,-0.172,1.369,0.063
860.41,-0.15,1.371,0.079
860.59,-0.174,1.37,0.061
860.77,-0.176,1.37,0.071
860.96,-0.167,1.369,0.06
861.14,-0.174,1.373,0.094
861.32,-0.161,1.374,0.095
861.5,-0.16,1.374,0.104
861.68,-0.173,1.376,0.088
861.87,-0.153,1.377,0.078
862.5,-0.159,1.377,0.061
862.23,-0.159,1.375,0.051
862.41,-0.142,1.375,0.061
862.6,-0.163,1.376,0.055
862.78,-0.17,1.379,0.064
862.96,-0.16,1.382,0.074
863.14,-0.16,1.385,0.07
863.32,-0.154,1.384,0.06
863.51,-0.176,1.387,0.044
863.69,-0.164,1.387,0.029
863.87,-0.173,1.39,0.037
864.5,-0.167,1.394,0.054
864.24,-0.182,1.394,-0.065
864.6,-0.173,1.396,-0.039
864.78,-0.156,1.4,0.011
864.96,-0.172,1.402,0.032
865.15,-0.163,1.405,-0.058
865.33,-0.161,1.407,-0.054
865.51,-0.167,1.41,-0.131
865.69,-0.174,1.415,-0.151
865.88,-0.161,1.417,-0.121
866.6,-0.167,1.414,-0.135
866.24,-0.171,1.414,-0.131
866.42,-0.163,1.413,-0.127
866.61,-0.175,1.414,-0.119
866.79,-0.17,1.418,-0.153
866.97,-0.16,1.422,-0.183
867.15,-0.175,1.421,-0.233
867.33,-0.172,1.422,-0.206
867.52,-0.163,1.421,-0.241
867.7,-0.18,1.421,-0.219
867.88,-0.16,1.42,-0.138
868.6,-0.165,1.417,-0.083
868.25,-0.172,1.417,-0.055
868.43,-0.173,1.419,-0.067
868.61,-0.162,1.419,-0.053
868.79,-0.151,1.421,0.044
868.97,-0.173,1.422,0.09
869.16,-0.157,1.427,0.063
869.34,-0.18,1.429,0.014
869.52,-0.173,1.429,0.028
869.7,-0.163,1.431,0.004
869.89,-0.17,1.434,0.02
870.7,-0.164,1.435,0.039
870.25,-0.159,1.437,0.04
870.43,-0.153,1.437,0.01
870.62,-0.167,1.436,0.053
870.8,-0.16,1.438,0.079
870.98,-0.145,1.44,0.059
871.16,-0.173,1.44,0.082
871.34,-0.151,1.441,0.097
871.53,-0.163,1.441,0.089
871.71,-0.167,1.442,0.083
871.89,-0.171,1.445,0.067
872.7,-0.165,1.446,0.037
872.26,-0.166,1.446,0.065
872.44,-0.172,1.446,0.105
872.62,-0.148,1.448,0.096
872.8,-0.154,1.45,0.091
872.99,-0.159,1.45,0.091
873.17,-0.138,1.449,0.091
873.35,-0.149,1.45,0.087
873.53,-0.176,1.452,0.091
873.71,-0.168,1.454,0.091
873.9,-0.179,1.452,0.084
874.8,-0.159,1.451,0.093
874.26,-0.171,1.452,0.08
874.44,-0.179,1.453,0.089
874.63,-0.17,1.454,0.091
874.81,-0.166,1.458,0.075
874.99,-0.166,1.457,0.077
875.17,-0.163,1.458,0.08
875.35,-0.148,1.458,0.09
875.54,-0.165,1.46,0.077
875.72,-0.161,1.461,0.08
875.9,-0.183,1.459,0.079
876.8,-0.143,1.457,0.061
876.27,-0.182,1.458,0.078
876.45,-0.167,1.459,0.065
876.63,-0.155,1.463,0.074
876.81,-0.176,1.463,0.079
876.99,-0.162,1.463,0.096
877.18,-0.157,1.466,0.09
877.36,-0.173,1.467,0.092
877.54,-0.158,1.468,0.082
877.72,-0.168,1.468,0.103
877.91,-0.177,1.467,0.08
878.9,-0.163,1.47,0.087
878.27,-0.154,1.472,0.082
878.45,-0.17,1.471,0.035
878.63,-0.178,1.471,-0.022
878.82,-0.151,1.472,-0.08
879.0,-0.188,1.472,-0.077
879.18,-0.158,1.475,-0.044
879.36,-0.169,1.477,0.041
879.55,-0.142,1.48,0.055
879.73,-0.141,1.483,0.054
879.91,-0.185,1.486,0.063
880.9,-0.158,1.487,0.072
880.28,-0.17,1.49,0.073
880.46,-0.147,1.49,0.08
880.64,-0.171,1.492,0.089
880.82,-0.147,1.495,0.091
881.0,-0.172,1.495,0.088
881.19,-0.155,1.496,0.068
881.37,-0.162,1.496,0.015
881.55,-0.16,1.493,-0.09
881.73,-0.195,1.496,-0.03
881.92,-0.163,1.492,-0.052
882.1,-0.159,1.491,-0.162
882.28,-0.153,1.492,-0.135
882.46,-0.169,1.491,-0.04
882.64,-0.156,1.49,-0.042
882.83,-0.176,1.49,-0.058
883.1,-0.156,1.492,-0.069
883.19,-0.174,1.494,-0.033
883.37,-0.168,1.497,-0.043
883.56,-0.166,1.5,-0.058
883.74,-0.182,1.504,-0.04
883.92,-0.174,1.504,0.008
884.1,-0.19,1.506,0.019
884.28,-0.141,1.505,0.016
884.47,-0.19,1.507,0.038
887.93,-0.206,1.526,0.061
888.11,-0.13,1.524,0.067
888.29,-0.179,1.525,0.063
888.48,-0.133,1.527,0.076
888.66,-0.172,1.528,0.072
888.84,-0.163,1.53,0.054
889.2,-0.168,1.531,0.059
889.21,-0.174,1.534,0.074
889.39,-0.162,1.535,0.105
889.57,-0.188,1.537,0.089
889.75,-0.173,1.539,0.088
889.93,-0.163,1.543,0.105
890.12,-0.197,1.545,0.077
890.3,-0.169,1.55,0.034
890.48,-0.175,1.551,0.06
890.66,-0.189,1.554,0.064
890.85,-0.17,1.555,0.042
891.3,-0.195,1.561,0.031
891.21,-0.161,1.563,0.034
891.39,-0.166,1.565,-0.01
891.58,-0.16,1.563,-0.014
891.76,-0.188,1.565,-0.049
891.94,-0.182,1.566,-0.03
892.12,-0.177,1.568,-0.019
892.3,-0.181,1.566,-0.018
892.49,-0.18,1.569,0.03
892.67,-0.174,1.57,0.065
892.85,-0.186,1.57,0.095
893.3,-0.156,1.571,0.088
893.22,-0.165,1.571,0.079
893.4,-0.177,1.572,0.059
893.58,-0.184,1.575,0.04
893.76,-0.18,1.578,0.018
893.94,-0.146,1.576,0.005
894.13,-0.167,1.579,-0.002
894.31,-0.17,1.583,0.018
894.49,-0.167,1.583,0.016
894.67,-0.165,1.585,0.008
894.86,-0.171,1.584,-0.047
895.4,-0.172,1.586,-0.088
895.22,-0.173,1.592,-0.086
895.4,-0.178,1.593,-0.079
903.6,-0.162,1.634,-0.086
903.79,-0.154,1.637,-0.024
903.97,-0.143,1.635,0.009
904.15,-0.151,1.635,0.03
904.33,-0.171,1.634,0.032
904.51,-0.174,1.635,0.015
904.7,-0.163,1.639,-0.002
904.88,-0.162,1.639,0.019
905.6,-0.181,1.641,0.047
905.24,-0.173,1.641,0.058
905.43,-0.159,1.642,0.057
905.61,-0.163,1.643,0.086
905.79,-0.163,1.644,0.064
905.97,-0.172,1.649,0.064
906.16,-0.152,1.652,0.048
906.34,-0.166,1.653,0.069
906.52,-0.174,1.654,0.089
906.7,-0.163,1.651,0.081
906.88,-0.159,1.655,0.073
907.7,-0.165,1.654,0.092
907.25,-0.165,1.655,0.063
907.43,-0.159,1.654,0.053
907.61,-0.171,1.654,0.049
907.8,-0.16,1.654,0.067
907.98,-0.171,1.657,0.069
908.16,-0.162,1.659,0.068
908.34,-0.167,1.66,0.065
908.52,-0.16,1.662,0.084
908.71,-0.16,1.665,0.074
908.89,-0.159,1.662,0.08
909.7,-0.17,1.661,0.08
909.25,-0.153,1.664,0.088
909.44,-0.157,1.665,0.082
909.62,-0.188,1.667,0.094
909.8,-0.149,1.67,0.094
909.98,-0.176,1.673,0.085
910.16,-0.144,1.673,0.076
910.35,-0.141,1.673,0.083
910.53,-0.154,1.673,0.076
910.71,-0.139,1.676,0.076
910.89,-0.146,1.677,0.074
911.8,-0.19,1.677,0.074
911.26,-0.162,1.681,0.067
911.44,-0.156,1.681,0.082
911.62,-0.153,1.682,0.073
911.81,-0.146,1.682,0.083
911.99,-0.159,1.682,0.083
912.17,-0.149,1.683,0.074
912.35,-0.168,1.685,0.079
912.53,-0.147,1.685,0.066
912.72,-0.171,1.686,0.074
912.9,-0.15,1.69,0.082
913.8,-0.169,1.69,0.108
913.26,-0.154,1.691,0.094
913.45,-0.175,1.69,0.086
913.63,-0.165,1.688,0.099
913.81,-0.172,1.69,0.084
913.99,-0.155,1.693,0.082
914.17,-0.157,1.694,0.097
914.36,-0.161,1.693,0.087
914.54,-0.169,1.694,0.099
914.72,-0.137,1.697,0.092
914.9,-0.147,1.701,0.089
915.9,-0.157,1.702,0.074
915.27,-0.155,1.704,0.076
915.45,-0.158,1.705,0.055
915.63,-0.176,1.706,0.089
915.82,-0.158,1.708,0.053
916.0,-0.17,1.709,0.064
916.18,-0.158,1.71,0.068
916.36,-0.169,1.71,0.078
916.54,-0.153,1.712,0.078
916.73,-0.176,1.711,0.092
916.91,-0.151,1.713,0.098
917.9,-0.147,1.713,0.085
917.27,-0.162,1.713,0.107
917.46,-0.141,1.711,0.087
917.64,-0.153,1.709,0.1
917.82,-0.155,1.709,0.085
918.0,-0.159,1.705,0.107
918.18,-0.143,1.705,0.089
918.37,-0.165,1.705,0.091
918.55,-0.158,1.707,0.08
918.73,-0.157,1.71,0.086
918.91,-0.161,1.715,0.085
919.1,-0.161,1.717,0.088
919.28,-0.181,1.718,0.1
919.46,-0.14,1.719,0.105
919.64,-0.172,1.722,0.094
919.83,-0.153,1.722,0.091
920.1,-0.171,1.721,0.093
920.19,-0.15,1.723,0.098
920.37,-0.162,1.72,0.075
920.55,-0.176,1.722,0.087
920.74,-0.145,1.723,0.093
920.92,-0.161,1.728,0.083
921.1,-0.157,1.727,0.086
921.28,-0.158,1.728,0.096
921.47,-0.168,1.73,0.096
921.65,-0.159,1.727,0.094
921.83,-0.168,1.728,0.078
922.1,-0.144,1.726,0.098
922.19,-0.174,1.729,0.08
922.38,-0.172,1.729,0.084
922.56,-0.148,1.73,0.076
922.74,-0.171,1.729,0.071
922.92,-0.169,1.73,0.083
923.11,-0.169,1.733,0.077
923.29,-0.175,1.733,0.074
923.47,-0.173,1.735,0.075
923.65,-0.18,1.738,0.074
923.83,-0.167,1.739,0.076
924.2,-0.148,1.742,0.078
924.2,-0.154,1.743,0.081
924.38,-0.162,1.743,0.074
924.56,-0.143,1.742,0.063
931.49,-0.167,1.783,0.078
931.67,-0.141,1.783,0.066
931.85,-0.167,1.782,0.086
932.4,-0.164,1.785,0.078
932.22,-0.173,1.784,0.075
932.4,-0.156,1.786,0.071
932.58,-0.162,1.784,0.064
932.77,-0.167,1.786,0.074
932.95,-0.163,1.79,0.082
933.13,-0.153,1.79,0.094
933.31,-0.154,1.789,0.096
933.49,-0.144,1.789,0.088
933.68,-0.169,1.791,0.088
933.86,-0.162,1.793,0.089
934.4,-0.158,1.791,0.087
934.22,-0.166,1.793,0.074
934.41,-0.164,1.795,0.062
934.59,-0.156,1.794,0.07
934.77,-0.176,1.798,0.068
934.95,-0.147,1.798,0.054
935.13,-0.149,1.797,0.04
935.32,-0.162,1.796,0.026
935.5,-0.194,1.796,0.027
935.68,-0.147,1.799,0.002
935.86,-0.136,1.799,0.006
936.5,-0.17,1.8,-0.001
936.23,-0.175,1.801,-0.021
936.41,-0.173,1.799,-0.0
936.59,-0.158,1.802,0.042
936.78,-0.19,1.803,0.055
936.96,-0.152,1.804,0.036
937.14,-0.176,1.803,0.063
937.32,-0.174,1.809,0.058
937.5,-0.152,1.806,0.052
937.69,-0.18,1.808,0.054
937.87,-0.162,1.809,0.076
938.5,-0.17,1.813,0.091
938.23,-0.172,1.814,0.096
938.42,-0.172,1.815,0.082
938.6,-0.199,1.815,0.07
938.78,-0.162,1.817,0.083
938.96,-0.155,1.819,0.067
939.14,-0.18,1.823,0.058
939.33,-0.151,1.82,0.039
939.51,-0.215,1.822,0.028
939.69,-0.144,1.826,0.025
939.87,-0.189,1.828,0.016
940.6,-0.169,1.832,0.021
940.24,-0.178,1.835,-0.022
940.42,-0.133,1.839,-0.023
940.6,-0.188,1.838,-0.026
940.78,-0.169,1.842,-0.04
940.97,-0.17,1.841,-0.013
941.15,-0.14,1.841,0.041
941.33,-0.162,1.838,0.041
941.51,-0.166,1.837,0.068
941.7,-0.163,1.838,0.061
941.88,-0.148,1.838,0.071
942.6,-0.158,1.837,0.072
942.24,-0.172,1.836,0.071
942.43,-0.146,1.836,0.07
942.61,-0.144,1.836,0.091
942.79,-0.152,1.837,0.083
942.97,-0.148,1.837,0.075
943.15,-0.159,1.835,0.062
943.34,-0.154,1.836,0.074
943.52,-0.141,1.835,0.067
943.7,-0.167,1.836,0.078
943.88,-0.171,1.838,0.066
944.7,-0.15,1.837,0.074
944.25,-0.167,1.839,0.084
944.43,-0.145,1.84,0.067
944.61,-0.149,1.84,0.066
944.79,-0.174,1.845,0.067
944.98,-0.142,1.845,0.07
945.16,-0.153,1.849,0.064
945.34,-0.14,1.851,0.081
945.52,-0.163,1.852,0.056
945.71,-0.149,1.854,0.061
945.89,-0.169,1.855,0.069
946.7,-0.161,1.857,0.065
946.25,-0.174,1.859,0.082
946.44,-0.157,1.861,0.089
946.62,-0.182,1.86,0.08
946.8,-0.147,1.86,0.08
946.98,-0.175,1.859,0.061
947.16,-0.18,1.861,0.059
947.35,-0.166,1.859,0.067
947.53,-0.155,1.86,0.064
947.71,-0.183,1.861,0.077
947.89,-0.166,1.861,0.048
948.8,-0.18,1.861,0.077
948.26,-0.163,1.862,0.058
948.44,-0.153,1.862,0.062
948.62,-0.168,1.863,0.065
948.8,-0.173,1.863,0.076
948.99,-0.165,1.868,0.066
949.17,-0.155,1.869,0.084
949.35,-0.159,1.869,0.077
949.53,-0.148,1.871,0.091
949.72,-0.176,1.87,0.058
949.9,-0.16,1.868,0.083
950.8,-0.155,1.865,0.074
950.26,-0.156,1.866,0.106
950.45,-0.161,1.866,0.079
950.63,-0.178,1.866,0.049
950.81,-0.164,1.863,0.023
950.99,-0.173,1.862,0.055
951.17,-0.167,1.863,0.071
951.36,-0.185,1.864,0.087
951.54,-0.17,1.865,0.089
951.72,-0.166,1.865,0.052
951.9,-0.156,1.865,0.043
952.9,-0.177,1.864,0.08
952.27,-0.169,1.867,0.083
954.27,-0.175,1.873,0.084
954.45,-0.158,1.876,0.074
954.64,-0.166,1.877,0.072
954.82,-0.163,1.879,0.074
955.0,-0.16,1.881,0.062
955.18,-0.176,1.881,0.07
955.37,-0.173,1.882,0.077
955.55,-0.162,1.884,0.09
955.73,-0.179,1.884,0.079
955.91,-0.165,1.889,0.082
956.1,-0.175,1.89,0.077
956.28,-0.162,1.891,0.075
956.46,-0.16,1.891,0.083
956.64,-0.169,1.89,0.077
956.82,-0.15,1.891,0.093
957.1,-0.165,1.891,0.08
957.19,-0.165,1.889,0.094
957.37,-0.172,1.888,0.092
957.55,-0.161,1.889,0.084
957.74,-0.154,1.891,0.075
957.92,-0.17,1.894,0.076
958.1,-0.163,1.894,0.055
958.28,-0.176,1.894,0.034
958.46,-0.174,1.894,0.0
958.65,-0.184,1.893,0.009
958.83,-0.188,1.892,-0.065
959.1,-0.169,1.893,-0.075
959.19,-0.173,1.896,-0.026
959.38,-0.176,1.896,0.022
959.56,-0.153,1.897,0.09
959.74,-0.164,1.899,0.078
959.92,-0.164,1.899,0.077
960.1,-0.165,1.897,0.085
960.29,-0.172,1.897,0.062
960.47,-0.162,1.898,0.033
960.65,-0.177,1.896,0.037
960.83,-0.159,1.9,0.049
961.2,-0.148,1.903,0.075
961.2,-0.174,1.908,0.082
961.38,-0.174,1.908,0.083
961.56,-0.165,1.908,0.064
961.74,-0.175,1.909,0.061
961.93,-0.173,1.909,0.06
962.11,-0.163,1.909,0.059
962.29,-0.167,1.91,0.068
962.47,-0.15,1.91,0.055
962.66,-0.154,1.912,0.067
962.84,-0.153,1.913,0.059
963.2,-0.156,1.918,0.046
963.2,-0.16,1.922,0.049
963.39,-0.171,1.923,0.058
963.75,-0.169,1.924,0.057
963.93,-0.176,1.926,0.059
964.11,-0.18,1.926,0.042
964.3,-0.161,1.93,0.056
964.48,-0.178,1.933,0.052
964.66,-0.18,1.935,0.024
964.84,-0.163,1.934,0.008
965.3,-0.165,1.936,-0.022
965.21,-0.168,1.938,-0.035
965.39,-0.16,1.94,-0.023
965.57,-0.168,1.943,0.057
965.75,-0.178,1.941,0.067
965.94,-0.155,1.942,0.072
966.12,-0.165,1.946,0.067
966.3,-0.172,1.95,0.062
966.48,-0.173,1.95,0.051
966.67,-0.179,1.953,-0.006
966.85,-0.175,1.954,-0.117
967.3,-0.173,1.953,-0.07
967.21,-0.162,1.951,-0.019
967.39,-0.174,1.953,-0.045
967.58,-0.169,1.953,-0.075
967.76,-0.166,1.955,-0.079
967.94,-0.176,1.956,-0.08
968.12,-0.184,1.958,-0.132
968.31,-0.174,1.963,-0.083
968.49,-0.162,1.963,0.007
968.67,-0.174,1.963,0.021
968.85,-0.171,1.964,0.025
969.3,-0.169,1.964,0.037
969.22,-0.164,1.965,0.046
969.4,-0.165,1.962,0.068
969.58,-0.177,1.963,0.082
969.76,-0.168,1.961,0.062
969.95,-0.182,1.964,0.047
970.13,-0.155,1.964,0.045
970.31,-0.158,1.965,0.05
970.49,-0.183,1.964,0.057
970.67,-0.181,1.967,0.041
970.86,-0.163,1.97,-0.035
971.4,-0.169,1.969,-0.017
971.22,-0.18,1.973,0.002
971.4,-0.178,1.974,0.033
971.59,-0.17,1.976,0.009
971.77,-0.161,1.974,-0.004
971.95,-0.177,1.971,-0.013
972.13,-0.163,1.971,-0.037
972.31,-0.161,1.972,-0.032
972.5,-0.175,1.972,-0.043
972.68,-0.159,1.971,-0.034
972.86,-0.173,1.969,-0.059
973.4,-0.179,1.968,-0.061
973.23,-0.171,1.969,-0.043
973.41,-0.171,1.966,-0.008
973.59,-0.157,1.966,0.006
973.77,-0.163,1.964,0.012
973.95,-0.164,1.965,0.038
974.14,-0.176,1.967,0.051
974.32,-0.184,1.969,0.064
974.5,-0.164,1.969,0.056
974.68,-0.162,1.97,0.073
974.87,-0.165,1.97,0.072
975.5,-0.159,1.972,0.077
975.23,-0.162,1.975,0.087
975.41,-0.163,1.974,0.054
975.6,-0.174,1.972,0.063
975.78,-0.176,1.972,0.067
975.96,-0.153,1.97,0.084
976.14,-0.148,1.972,0.079
976.32,-0.17,1.975,0.088
976.51,-0.173,1.975,0.071
976.69,-0.17,1.974,0.055
976.87,-0.178,1.975,0.071
977.5,-0.161,1.976,0.081
977.24,-0.164,1.978,0.067
977.42,-0.168,1.983,0.07
977.6,-0.164,1.986,0.08
977.78,-0.188,1.985,0.071
977.96,-0.169,1.986,0.094
978.15,-0.156,1.989,0.079
978.33,-0.168,1.991,0.081
978.51,-0.176,1.99,0.079
978.69,-0.166,1.99,0.079
978.88,-0.178,1.988,0.074
979.6,-0.169,1.989,0.061
979.24,-0.158,1.99,0.071
979.42,-0.171,1.992,0.057
979.6,-0.168,1.994,0.088
979.79,-0.168,1.994,0.077
979.97,-0.153,1.997,0.081
980.15,-0.151,2.001,0.069
980.33,-0.16,2.0,0.078
980.52,-0.162,1.999,0.078
980.7,-0.159,2.0,0.073
980.88,-0.17,1.999,0.079
981.6,-0.156,2.002,0.075
981.24,-0.161,2.004,0.062
981.43,-0.175,2.006,0.064
981.61,-0.176,2.006,0.051
981.79,-0.156,2.009,0.057
981.97,-0.175,2.01,0.053
982.16,-0.163,2.01,0.069
982.34,-0.167,2.012,0.069
982.52,-0.172,2.014,0.067
982.7,-0.155,2.015,0.067
982.88,-0.168,2.014,0.088
983.7,-0.157,2.012,0.079
983.25,-0.16,2.013,0.088
983.43,-0.163,2.016,0.086
983.61,-0.171,2.018,0.083
983.8,-0.165,2.018,0.073
983.98,-0.186,2.02,0.076
984.16,-0.182,2.023,0.093
984.34,-0.172,2.022,0.056
984.52,-0.171,2.023,0.083
984.71,-0.177,2.024,0.077
984.89,-0.17,2.023,0.077
985.7,-0.18,2.024,0.07
985.25,-0.163,2.023,0.063
985.44,-0.199,2.024,0.061
985.62,-0.153,2.028,0.056
985.8,-0.174,2.028,0.069
985.98,-0.163,2.026,0.059
986.17,-0.173,2.027,0.085
986.35,-0.174,2.027,0.079
986.53,-0.169,2.027,0.088
986.71,-0.169,2.028,0.07
986.89,-0.174,2.025,0.068
987.8,-0.164,2.027,0.072
987.26,-0.167,2.029,0.065
987.44,-0.18,2.032,0.067
987.62,-0.166,2.034,0.083
987.81,-0.171,2.036,0.087
987.99,-0.168,2.036,0.076
988.17,-0.188,2.041,0.074
988.35,-0.172,2.041,0.073
988.53,-0.204,2.042,0.062
988.72,-0.159,2.045,0.063
988.9,-0.163,2.047,0.079
989.8,-0.185,2.048,0.076
989.26,-0.153,2.046,0.063
989.45,-0.175,2.047,0.082
989.63,-0.166,2.047,0.083
989.81,-0.165,2.047,0.077
989.99,-0.176,2.047,0.077
990.17,-0.159,2.051,0.084
990.36,-0.164,2.054,0.082
990.54,-0.169,2.055,0.087
990.72,-0.157,2.055,0.085
990.9,-0.162,2.057,0.076
991.9,-0.181,2.058,0.069
991.27,-0.157,2.057,0.059
991.45,-0.189,2.058,0.074
991.63,-0.164,2.061,0.059
991.81,-0.179,2.061,0.053
992.0,-0.171,2.064,0.086
992.18,-0.157,2.061,0.057
992.36,-0.192,2.059,0.069
992.54,-0.155,2.06,0.071
992.73,-0.172,2.06,0.049
992.91,-0.136,2.059,0.052
993.9,-0.191,2.061,0.04
993.27,-0.142,2.062,0.067
993.46,-0.174,2.062,0.043
993.64,-0.177,2.062,0.049
993.82,-0.173,2.062,0.033
994.0,-0.146,2.06,0.046
994.18,-0.185,2.064,0.042
994.37,-0.169,2.063,0.038
994.55,-0.17,2.065,0.05
994.73,-0.167,2.069,0.052
994.91,-0.147,2.07,0.045
995.1,-0.162,2.073,0.05
995.28,-0.157,2.077,0.067
995.46,-0.18,2.077,0.054
995.64,-0.153,2.079,0.055
995.82,-0.156,2.079,0.042
996.1,-0.149,2.079,0.052
996.19,-0.16,2.082,0.037
996.37,-0.187,2.082,0.038
996.55,-0.163,2.082,0.055
996.74,-0.153,2.082,0.031
996.92,-0.178,2.082,0.053
997.1,-0.151,2.081,0.03
1004.39,-0.16,2.11,0.036
1004.57,-0.165,2.108,0.042
1004.76,-0.16,2.111,0.044
1004.94,-0.158,2.11,0.038
1005.12,-0.15,2.11,0.039
1005.3,-0.168,2.113,0.049
1005.48,-0.169,2.113,0.043
1005.67,-0.158,2.114,0.042
1005.85,-0.174,2.114,0.049
1006.3,-0.195,2.117,0.042
1006.21,-0.162,2.114,0.043
1006.4,-0.176,2.113,0.057
1006.58,-0.172,2.111,0.055
1006.76,-0.181,2.116,0.031
1006.94,-0.17,2.115,0.042
1007.13,-0.165,2.117,0.019
1007.31,-0.167,2.119,0.006
1007.49,-0.169,2.12,0.008
1007.67,-0.164,2.125,0.011
1007.85,-0.192,2.128,0.03
1016.6,-0.158,2.164,0.065
1016.24,-0.142,2.161,0.05
1016.42,-0.173,2.163,0.037
1016.6,-0.142,2.166,0.035
1016.79,-0.175,2.166,0.014
1016.97,-0.143,2.166,0.032
1017.15,-0.185,2.164,0.022
1017.33,-0.153,2.165,0.039
1017.51,-0.179,2.167,0.042
1017.7,-0.158,2.165,0.057
1017.88,-0.16,2.164,0.05
1018.6,-0.167,2.165,0.056
1018.24,-0.175,2.167,0.066
1018.43,-0.172,2.167,0.083
1018.61,-0.177,2.168,0.06
1018.79,-0.175,2.17,0.066
1018.97,-0.159,2.172,0.076
1019.16,-0.174,2.176,0.086
1019.34,-0.155,2.176,0.084
1019.52,-0.184,2.177,0.08
1019.7,-0.16,2.182,0.081
1019.88,-0.158,2.182,0.089
1020.7,-0.153,2.185,0.082
1020.25,-0.166,2.186,0.076
1020.43,-0.17,2.187,0.058
1020.61,-0.165,2.186,0.068
1020.8,-0.185,2.184,0.062
1020.98,-0.168,2.187,0.073
1021.16,-0.176,2.188,0.057
1021.34,-0.175,2.189,0.063
1021.53,-0.149,2.188,0.076
1021.71,-0.178,2.192,0.076
1021.89,-0.156,2.193,0.034
1022.7,-0.168,2.194,0.041
1022.25,-0.176,2.195,0.032
1022.44,-0.16,2.196,0.037
1022.62,-0.165,2.198,0.034
1027.91,-0.157,2.215,0.059
1028.9,-0.156,2.219,0.06
1028.27,-0.157,2.221,0.051
1028.45,-0.147,2.222,0.048
1028.63,-0.175,2.222,0.077
1028.82,-0.168,2.22,0.067
1029.0,-0.168,2.222,0.061
1029.18,-0.164,2.225,0.058
1029.36,-0.157,2.227,0.055
1029.55,-0.17,2.23,0.055
1029.73,-0.156,2.228,0.065
1029.91,-0.172,2.229,0.05
1030.9,-0.135,2.232,0.04
1030.28,-0.147,2.234,0.043
1030.46,-0.177,2.233,0.056
1030.64,-0.122,2.232,0.061
1030.82,-0.2,2.236,0.059
1031.0,-0.154,2.238,0.074
1031.19,-0.162,2.239,0.052
1031.37,-0.163,2.239,0.073
1031.55,-0.188,2.241,0.066
1031.73,-0.183,2.242,0.078
1031.92,-0.167,2.241,0.076
1032.1,-0.192,2.243,0.081
1032.28,-0.138,2.244,0.072
1032.46,-0.173,2.247,0.069
1032.64,-0.168,2.248,0.076
1032.83,-0.188,2.249,0.054
1033.1,-0.166,2.252,0.064
1033.19,-0.169,2.256,0.064
1033.37,-0.153,2.259,0.063
1033.56,-0.175,2.258,0.069
1033.74,-0.141,2.26,0.07
1033.92,-0.188,2.266,0.051
1034.1,-0.164,2.267,0.059
1034.29,-0.169,2.268,0.061
1034.47,-0.161,2.269,0.069
1034.65,-0.164,2.269,0.065
1034.83,-0.179,2.269,0.053
1035.1,-0.141,2.271,0.076
1035.2,-0.164,2.273,0.063
1035.38,-0.165,2.273,0.057
1035.56,-0.137,2.274,0.072
1035.74,-0.18,2.273,0.053
1035.93,-0.149,2.272,0.072
1036.11,-0.167,2.273,0.076
1036.29,-0.159,2.275,0.069
1036.47,-0.192,2.277,0.07
1036.65,-0.163,2.277,0.072
1036.84,-0.165,2.276,0.08
1037.2,-0.167,2.277,0.072
1037.2,-0.167,2.281,0.064
1037.38,-0.157,2.284,0.075
1037.57,-0.168,2.288,0.083
1037.75,-0.173,2.289,0.067
1037.93,-0.176,2.289,0.082
1038.11,-0.179,2.288,0.078
1038.29,-0.14,2.29,0.07
1038.48,-0.164,2.29,0.065
1038.66,-0.159,2.291,0.075
1039.21,-0.192,2.293,0.072
1039.39,-0.145,2.289,0.068
1039.57,-0.191,2.288,0.074
1039.75,-0.156,2.292,0.064
1039.94,-0.174,2.294,0.054
1040.12,-0.148,2.297,0.064
1040.3,-0.194,2.298,0.067
1040.48,-0.162,2.301,0.071
1040.66,-0.173,2.305,0.062
1040.85,-0.147,2.304,0.076
1048.5,-0.129,2.322,0.028
1048.68,-0.173,2.322,-0.005
1048.87,-0.152,2.327,0.048
1049.5,-0.17,2.332,0.048
1049.23,-0.179,2.332,0.056
1049.41,-0.162,2.332,0.063
1049.6,-0.166,2.331,0.076
1049.78,-0.136,2.329,0.057
1049.96,-0.202,2.33,0.042
1050.14,-0.137,2.331,0.078
1050.32,-0.189,2.333,0.064
1050.51,-0.145,2.332,0.078
1050.69,-0.195,2.334,0.062
1050.87,-0.171,2.332,0.064
1051.5,-0.165,2.334,0.056
1051.24,-0.162,2.333,0.043
1051.42,-0.163,2.334,0.023
1051.6,-0.179,2.332,0.024
1051.78,-0.174,2.334,0.061
1051.97,-0.161,2.334,0.068
1052.15,-0.166,2.339,0.053
1053.42,-0.161,2.343,0.075
1053.61,-0.155,2.342,0.076
1053.79,-0.17,2.342,0.073
1053.97,-0.157,2.341,0.061
1054.15,-0.175,2.342,0.071
1054.33,-0.158,2.341,0.077
1054.52,-0.174,2.341,0.079
1054.7,-0.168,2.342,0.073
1054.88,-0.163,2.343,0.088
1055.6,-0.173,2.346,0.064
1055.25,-0.156,2.346,0.091
1055.43,-0.183,2.349,0.06
1055.61,-0.16,2.35,0.084
1055.79,-0.179,2.349,0.078
1055.98,-0.19,2.348,0.083
1056.16,-0.178,2.349,0.084
1056.34,-0.176,2.35,0.064
1056.52,-0.185,2.351,0.07
1056.7,-0.184,2.351,0.067
1056.89,-0.174,2.352,0.07
1057.7,-0.199,2.352,0.068
1057.25,-0.19,2.352,0.065
1057.43,-0.184,2.353,0.073
1057.62,-0.164,2.356,0.062
1057.8,-0.175,2.357,0.065
1057.98,-0.169,2.359,0.071
1058.16,-0.18,2.361,0.081
1058.35,-0.183,2.361,0.071
1058.53,-0.158,2.359,0.084
1058.71,-0.164,2.36,0.068
1058.89,-0.147,2.363,0.062
1059.7,-0.165,2.363,0.086
1059.26,-0.172,2.365,0.077
1059.44,-0.168,2.365,0.081
1059.62,-0.16,2.367,0.077
1059.8,-0.174,2.365,0.076
1059.99,-0.157,2.365,0.067
1060.17,-0.164,2.369,0.072
1060.35,-0.165,2.372,0.079
1060.53,-0.157,2.374,0.08
1060.71,-0.153,2.374,0.078
1060.9,-0.189,2.373,0.069
1061.8,-0.177,2.372,0.087
1061.26,-0.162,2.373,0.082
1061.44,-0.163,2.374,0.074
1061.63,-0.171,2.376,0.085
1061.81,-0.168,2.377,0.075
1061.99,-0.17,2.374,0.076
1062.17,-0.145,2.372,0.081
1062.36,-0.171,2.373,0.089
1062.54,-0.161,2.373,0.079
1062.72,-0.154,2.371,0.077
1062.9,-0.169,2.371,0.076
1063.8,-0.16,2.372,0.071
1063.27,-0.172,2.372,0.054
1063.45,-0.158,2.373,0.05
1063.63,-0.162,2.375,0.069
1063.81,-0.161,2.375,0.056
1064.0,-0.169,2.377,0.066
1064.18,-0.182,2.378,0.065
1064.36,-0.167,2.38,0.075
1064.54,-0.161,2.384,0.067
1064.73,-0.161,2.386,0.059
1064.91,-0.161,2.387,0.065
1065.9,-0.152,2.388,0.061
1065.27,-0.2,2.39,0.059
1065.45,-0.153,2.39,0.082
1065.64,-0.18,2.391,0.059
1065.82,-0.168,2.393,0.071
1066.0,-0.168,2.395,0.089
1066.18,-0.172,2.394,0.08
1066.37,-0.174,2.395,0.071
1066.55,-0.162,2.396,0.067
1066.73,-0.152,2.398,0.064
1066.91,-0.171,2.4,0.067
1067.1,-0.172,2.401,0.075
1067.28,-0.173,2.398,0.083
1067.46,-0.179,2.401,0.08
1067.64,-0.16,2.399,0.069
1067.82,-0.183,2.396,0.064
1068.1,-0.164,2.397,0.069
1068.19,-0.17,2.398,0.06
1068.37,-0.171,2.396,0.069
1068.55,-0.151,2.398,0.071
1068.74,-0.169,2.403,0.08
1068.92,-0.175,2.404,0.073
1069.1,-0.176,2.403,0.073
1069.28,-0.171,2.402,0.051
1069.46,-0.175,2.401,0.05
1069.65,-0.167,2.401,0.041
1069.83,-0.147,2.399,0.042
1070.1,-0.175,2.402,0.042
1070.19,-0.153,2.404,0.046
1070.38,-0.161,2.408,0.044
1070.56,-0.171,2.411,0.023
1070.74,-0.145,2.412,0.053
1070.92,-0.196,2.415,0.025
1071.11,-0.152,2.417,0.04
1071.83,-0.179,2.424,0.042
1072.2,-0.168,2.428,0.05
1072.2,-0.165,2.431,0.045
1072.38,-0.176,2.432,0.047
1072.56,-0.158,2.437,0.052
1072.75,-0.183,2.438,0.049
1072.93,-0.173,2.435,0.037
1073.11,-0.166,2.435,0.045
1073.29,-0.182,2.435,0.041
1073.47,-0.154,2.433,0.04
1073.66,-0.161,2.435,0.037
1073.84,-0.175,2.436,0.024
1074.2,-0.162,2.438,0.055
1074.2,-0.174,2.439,0.026
1074.39,-0.173,2.438,0.026
1074.57,-0.144,2.439,0.038
1074.75,-0.152,2.442,0.03
1074.93,-0.176,2.44,0.012
1075.12,-0.161,2.441,0.046
1075.3,-0.148,2.442,0.023
1075.48,-0.15,2.447,0.03
1075.66,-0.173,2.448,0.044
1075.84,-0.161,2.451,0.017
1076.3,-0.199,2.453,0.036
1076.21,-0.147,2.453,0.044
1076.39,-0.187,2.452,0.034
1076.57,-0.163,2.452,0.022
1076.76,-0.161,2.453,0.033
1076.94,-0.151,2.455,0.03
1077.12,-0.161,2.458,0.039
1077.3,-0.177,2.457,0.035
1077.49,-0.169,2.459,0.03
1077.67,-0.171,2.459,0.035
1077.85,-0.157,2.458,0.061
1078.3,-0.159,2.461,0.046
1078.21,-0.174,2.465,0.053
1078.4,-0.183,2.467,0.06
1078.58,-0.161,2.468,0.058
1078.76,-0.172,2.467,0.068
1078.94,-0.16,2.468,0.076
1079.13,-0.172,2.471,0.072
1083.5,-0.156,2.502,0.061
1083.68,-0.169,2.502,0.066
1083.87,-0.146,2.503,0.075
1084.5,-0.185,2.5,0.065
1084.23,-0.187,2.499,0.067
1084.41,-0.166,2.499,0.06
1084.59,-0.162,2.499,0.085
1084.78,-0.178,2.499,0.05
1084.96,-0.156,2.499,0.068
1085.14,-0.169,2.504,0.066
1085.32,-0.151,2.504,0.068
1085.51,-0.197,2.508,0.063
1085.69,-0.152,2.509,0.07
1085.87,-0.18,2.511,0.061
1086.5,-0.146,2.514,0.067
1086.23,-0.161,2.516,0.054
1086.42,-0.179,2.52,0.055
1086.6,-0.156,2.521,0.053
1086.78,-0.15,2.52,0.059
1086.96,-0.182,2.522,0.056
1087.15,-0.162,2.525,0.054
1087.33,-0.182,2.525,0.044
1087.51,-0.172,2.531,0.037
1087.69,-0.176,2.534,0.035
1087.88,-0.16,2.537,0.045
1088.6,-0.179,2.536,0.024
1088.24,-0.14,2.534,0.021
1088.42,-0.181,2.535,0.051
1088.6,-0.162,2.536,0.003
1088.79,-0.193,2.536,0.018
1088.97,-0.134,2.535,0.023
1089.15,-0.165,2.535,0.054
1089.33,-0.152,2.539,0.031
1089.52,-0.191,2.541,0.053
1089.7,-0.141,2.544,0.061
1089.88,-0.178,2.545,0.038
1090.6,-0.154,2.542,0.039
1090.24,-0.176,2.542,0.043
1090.43,-0.185,2.54,0.039
1094.98,-0.177,2.561,0.027
1095.17,-0.161,2.56,0.044
1095.35,-0.154,2.562,0.025
1095.53,-0.144,2.562,0.032
1095.71,-0.169,2.561,0.034
1095.9,-0.161,2.561,-0.007
1096.8,-0.178,2.562,0.009
1096.26,-0.146,2.561,0.024
1096.44,-0.184,2.563,0.01
1096.62,-0.187,2.565,-0.037
1096.81,-0.177,2.569,-0.047
1096.99,-0.167,2.57,-0.04
1097.17,-0.196,2.573,0.008
1097.35,-0.152,2.576,0.035
1097.54,-0.206,2.577,0.014
1097.72,-0.162,2.576,0.045
1097.9,-0.181,2.58,0.038
1098.8,-0.154,2.579,0.03
1098.27,-0.175,2.581,0.007
1100.9,-0.172,2.594,0.046
1100.27,-0.17,2.592,0.018
1100.45,-0.164,2.59,0.044
1100.63,-0.15,2.592,0.038
1100.82,-0.2,2.591,0.037
1101.0,-0.146,2.59,0.047
1101.18,-0.191,2.591,0.061
1101.36,-0.133,2.592,0.051
1101.55,-0.195,2.591,0.072
1101.73,-0.134,2.592,0.047
1101.91,-0.19,2.591,0.037
1102.9,-0.133,2.592,0.022
1102.46,-0.177,2.596,-0.011
1102.64,-0.166,2.594,0.033
1102.82,-0.179,2.596,0.043
1103.0,-0.185,2.596,0.08
1103.19,-0.17,2.597,0.068
1103.37,-0.174,2.598,0.066
1103.55,-0.148,2.595,0.045
1103.73,-0.154,2.598,0.04
1103.92,-0.139,2.602,0.072
1104.1,-0.184,2.605,0.08
1104.28,-0.11,2.605,0.066
1104.46,-0.198,2.606,0.088
1104.65,-0.16,2.606,0.109
1104.83,-0.154,2.604,0.043
1105.1,-0.159,2.604,0.098
1105.19,-0.169,2.607,0.094
1105.37,-0.183,2.609,0.042
1105.56,-0.14,2.607,0.065
1105.74,-0.189,2.611,0.045
1105.92,-0.145,2.613,0.041
1106.1,-0.177,2.614,0.024
1106.29,-0.155,2.611,0.021
1106.47,-0.152,2.611,0.05
1106.65,-0.202,2.612,0.024
1106.83,-0.118,2.611,0.038
1107.2,-0.23,2.615,0.03
1107.2,-0.129,2.616,0.051
1107.38,-0.173,2.612,0.038
1112.48,-0.13,2.637,0.033
1112.67,-0.15,2.638,0.075
1112.85,-0.169,2.641,0.077
1113.3,-0.164,2.641,0.067
1113.21,-0.184,2.645,0.086
1113.4,-0.148,2.649,0.088
1113.58,-0.167,2.648,0.072
1113.76,-0.144,2.65,0.077
1113.94,-0.134,2.648,0.081
1114.12,-0.172,2.651,0.077
1114.31,-0.144,2.654,0.07
1114.49,-0.19,2.652,0.049
1114.67,-0.134,2.654,0.073
1114.85,-0.187,2.652,0.044
1115.4,-0.166,2.649,0.064
1115.22,-0.175,2.653,0.018
1117.22,-0.172,2.656,0.046
1117.41,-0.184,2.662,0.049
1117.59,-0.172,2.664,0.039
1117.77,-0.191,2.663,0.062
1117.95,-0.169,2.661,0.041
1118.13,-0.16,2.659,0.056
1118.32,-0.187,2.661,0.063
1118.5,-0.16,2.661,0.042
1118.68,-0.185,2.659,0.042
1118.86,-0.163,2.658,0.024
1119.5,-0.17,2.664,0.051
1119.23,-0.141,2.665,0.044
1119.41,-0.165,2.664,0.031
1119.59,-0.163,2.662,0.064
1119.77,-0.133,2.665,0.054
1119.96,-0.192,2.669,0.038
1120.14,-0.136,2.671,0.053
1120.32,-0.194,2.673,0.033
1120.5,-0.135,2.674,0.053
1120.69,-0.16,2.678,0.056
1120.87,-0.171,2.678,0.053
1121.5,-0.163,2.681,0.042
1121.23,-0.154,2.679,0.038
1121.42,-0.17,2.684,0.027
1121.6,-0.121,2.685,0.032
1121.78,-0.195,2.687,0.037
1121.96,-0.153,2.691,0.057
1122.14,-0.185,2.692,0.081
1122.33,-0.153,2.691,0.049
1122.51,-0.16,2.691,0.045
1122.69,-0.182,2.693,0.023
1122.87,-0.159,2.696,0.011
1123.6,-0.152,2.695,0.041
1123.24,-0.196,2.699,0.01
1123.42,-0.119,2.7,-0.005
1123.6,-0.194,2.701,-0.035
1123.78,-0.147,2.699,-0.016
1123.97,-0.206,2.699,-0.019
1124.15,-0.137,2.703,0.027
1124.33,-0.168,2.702,0.059
1124.51,-0.163,2.7,0.089
1124.7,-0.157,2.699,0.103
1124.88,-0.183,2.701,0.097
1125.6,-0.161,2.703,0.085
1125.24,-0.151,2.703,0.088
1125.42,-0.164,2.703,0.06
1125.61,-0.185,2.705,0.07
1125.79,-0.148,2.705,0.072
1125.97,-0.17,2.707,0.037
1126.15,-0.163,2.71,0.026
1126.34,-0.169,2.708,0.037
1126.52,-0.161,2.709,0.043
1126.7,-0.174,2.709,0.01
1126.88,-0.167,2.709,-0.011
1127.7,-0.173,2.71,-0.031
1127.25,-0.164,2.708,0.012
1127.43,-0.177,2.711,0.03
1127.61,-0.154,2.711,0.019
1127.79,-0.153,2.712,0.037
1127.98,-0.16,2.713,0.023
1128.16,-0.162,2.711,0.026
1128.34,-0.169,2.711,0.051
1128.52,-0.169,2.709,0.043
1128.71,-0.162,2.712,0.027
1128.89,-0.169,2.709,0.023
1129.7,-0.169,2.708,0.016
1129.25,-0.163,2.708,-0.0
1129.43,-0.163,2.71,-0.006
1129.62,-0.18,2.713,0.004
1129.8,-0.162,2.713,0.021
1129.98,-0.176,2.713,0.044
1130.16,-0.151,2.713,0.049
1130.35,-0.172,2.716,0.065
1130.53,-0.16,2.718,0.061
1130.71,-0.157,2.718,0.051
1130.89,-0.184,2.715,0.052
1131.7,-0.148,2.714,0.052
1131.26,-0.159,2.713,0.032
1131.44,-0.181,2.715,0.03
1131.62,-0.149,2.716,0.006
1131.8,-0.179,2.717,0.032
1131.99,-0.159,2.719,0.023
1132.17,-0.161,2.72,0.023
1132.35,-0.166,2.718,0.012
1132.53,-0.178,2.719,0.027
1132.72,-0.143,2.721,0.017
1132.9,-0.192,2.723,0.019
1133.8,-0.147,2.727,0.008
1133.26,-0.171,2.728,0.048
1133.44,-0.172,2.728,0.05
1133.63,-0.18,2.73,0.061
1133.81,-0.179,2.729,0.051
1133.99,-0.154,2.728,0.073
1134.17,-0.185,2.729,0.063
1134.36,-0.154,2.728,0.053
1134.54,-0.17,2.73,0.046
1134.72,-0.151,2.726,0.043
1134.9,-0.192,2.727,0.043
1135.8,-0.159,2.728,0.048
1135.27,-0.17,2.729,0.066
1135.45,-0.17,2.73,0.065
1135.63,-0.169,2.728,0.042
1135.81,-0.179,2.727,0.06
1136.0,-0.16,2.724,0.049
1136.18,-0.18,2.723,0.045
1136.36,-0.174,2.724,0.051
1136.54,-0.176,2.727,0.036
1136.72,-0.141,2.729,0.036
1136.91,-0.173,2.731,0.026
1137.9,-0.168,2.73,0.036
1137.27,-0.153,2.734,0.044
1137.45,-0.156,2.738,0.044
1137.64,-0.163,2.739,0.038
1137.82,-0.171,2.736,0.038
1138.0,-0.157,2.736,0.044
1138.18,-0.072,-0.0,0.028
1138.37,-0.146,-0.0,0.048
1138.55,-0.199,0.0,0.056
1138.73,-0.155,0.0,0.056
1138.91,-0.188,0.001,0.052
1139.9,-0.146,0.003,0.059
1139.28,-0.192,0.005,0.061
1139.46,-0.149,0.001,0.051
1139.64,-0.186,-0.0,0.077
1139.82,-0.14,0.0,0.064
1140.1,-0.183,0.004,0.077
1140.19,-0.169,0.004,0.076
1140.37,-0.167,0.002,0.063
1140.55,-0.189,0.002,0.062
1140.73,-0.148,0.002,0.058
1140.92,-0.141,0.005,0.059
1141.1,-0.187,0.004,0.038
1141.28,-0.148,0.003,0.049
1141.46,-0.208,0.005,0.072
1141.65,-0.185,0.007,0.079
1141.83,-0.16,0.006,0.063
1142.1,-0.193,0.008,0.062
1142.19,-0.138,0.009,0.062
1142.38,-0.209,0.014,0.04
1142.56,-0.148,0.015,0.039
1142.74,-0.196,0.012,0.043
1142.92,-0.138,0.013,0.046
1143.1,-0.166,0.009,0.067
1143.29,-0.173,0.01,0.026
1143.47,-0.136,0.013,0.064
1143.65,-0.157,0.019,0.029
1143.83,-0.148,0.02,0.052
1144.2,-0.208,0.022,0.036
1144.2,-0.124,0.023,0.033
1144.38,-0.182,0.026,0.028
1144.56,-0.16,0.03,0.038
1144.74,-0.164,0.034,0.022
1144.93,-0.181,0.032,0.017
1145.11,-0.179,0.034,0.018
1145.29,-0.174,0.036,0.026
1145.47,-0.167,0.036,0.044
1145.66,-0.165,0.033,0.05
1145.84,-0.138,0.033,0.061
1146.2,-0.171,0.031,0.057
1146.2,-0.157,0.03,0.044
1146.38,-0.128,0.032,0.056
1146.57,-0.216,0.037,0.06
1146.75,-0.149,0.038,0.05
1146.93,-0.198,0.038,0.059
1147.11,-0.186,0.039,0.052
1147.3,-0.158,0.039,0.055
1147.48,-0.151,0.038,0.044
1147.66,-0.176,0.04,0.04
1147.84,-0.142,0.045,0.022
1148.3,-0.168,0.046,0.001
1148.21,-0.163,0.049,0.01
1148.39,-0.157,0.047,0.005
1148.57,-0.165,0.049,-0.003
1148.75,-0.174,0.049,0.002
1148.94,-0.182,0.052,-0.001
1149.12,-0.155,0.052,0.019
1149.3,-0.208,0.053,0.005
1149.48,-0.161,0.051,0.005
1149.67,-0.19,0.05,0.008
1149.85,-0.142,0.051,0.009
1150.3,-0.17,0.054,0.015
1150.21,-0.161,0.056,0.025
1150.39,-0.16,0.057,0.006
1150.58,-0.161,0.057,0.028
1152.58,-0.181,0.063,0.029
1152.76,-0.171,0.059,-0.003
1152.95,-0.15,0.057,0.009
1153.13,-0.209,0.062,0.013
1153.31,-0.135,0.066,0.049
1153.49,-0.189,0.066,0.069
1153.67,-0.164,0.07,0.057
1153.86,-0.194,0.066,0.075
1154.4,-0.139,0.07,0.076
1154.22,-0.212,0.07,0.052
1154.4,-0.091,0.07,0.037
1154.59,-0.233,0.069,0.022
1154.77,-0.091,0.075,0.012
1154.95,-0.217,0.076,0.03
1155.13,-0.134,0.08,0.03
1155.31,-0.15,0.073,0.067
1155.5,-0.173,0.081,0.059
1155.68,-0.162,0.077,0.062
1155.86,-0.172,0.081,0.089
1156.4,-0.147,0.079,0.057
1156.23,-0.146,0.086,0.074
1156.41,-0.215,0.088,0.045
1156.59,-0.07,0.092,0.068
1156.77,-0.238,0.096,0.034
1156.96,-0.098,0.095,0.076
1157.14,-0.195,0.098,0.082
1157.32,-0.14,0.093,0.084
1157.5,-0.21,0.093,0.057
1157.68,-0.138,0.089,0.075
1157.87,-0.215,0.092,0.064
1158.5,-0.17,0.091,0.051
1158.23,-0.164,0.089,0.056
1158.41,-0.188,0.087,0.041
1158.6,-0.143,0.086,0.048
1158.78,-0.181,0.087,0.058
1158.96,-0.162,0.085,0.061
1159.14,-0.172,0.083,0.06
1159.32,-0.171,0.082,0.076
1159.51,-0.205,0.081,0.086
1159.69,-0.165,0.079,0.076
1159.87,-0.181,0.081,0.055
1160.5,-0.131,0.084,0.046
1160.24,-0.211,0.088,0.053
1160.42,-0.118,0.089,0.06
1160.6,-0.192,0.09,0.039
1160.78,-0.146,0.088,0.065
1160.96,-0.179,0.087,0.051
1161.15,-0.148,0.088,0.066
1161.33,-0.184,0.091,0.074
1161.51,-0.164,0.097,0.053
1161.69,-0.16,0.098,0.05
1161.88,-0.177,0.099,0.058
1162.6,-0.131,0.099,0.063
1162.24,-0.165,0.1,0.064
1162.42,-0.159,0.101,0.058
1162.61,-0.179,0.104,0.065
1162.79,-0.165,0.108,0.063
1162.97,-0.158,0.112,0.046
1163.15,-0.167,0.112,0.081
1163.33,-0.146,0.113,0.073
1163.52,-0.146,0.111,0.076
1163.7,-0.177,0.117,0.059
1163.88,-0.162,0.116,0.056
1164.6,-0.168,0.118,0.043
1164.25,-0.151,0.118,0.052
1164.43,-0.176,0.116,0.048
1164.61,-0.152,0.118,0.046
1164.79,-0.166,0.117,0.046
1164.97,-0.191,0.121,0.042
1165.16,-0.13,0.121,0.026
1165.34,-0.142,0.123,0.048
1165.52,-0.165,0.123,0.042
1165.7,-0.189,0.126,0.032
1165.89,-0.139,0.127,0.044
1166.7,-0.196,0.13,0.033
1166.25,-0.154,0.13,0.033
1166.43,-0.159,0.13,0.035
1166.61,-0.173,0.132,0.037
1166.8,-0.165,0.132,0.046
1168.7,-0.166,0.129,0.053
1168.26,-0.181,0.128,0.043
1168.44,-0.169,0.128,0.062
1168.62,-0.171,0.128,0.054
1168.8,-0.169,0.126,0.057
1168.98,-0.162,0.125,0.063
1169.17,-0.183,0.128,0.04
1169.35,-0.17,0.13,0.058
1169.53,-0.163,0.13,0.046
1169.71,-0.183,0.129,0.047
1169.9,-0.157,0.13,0.047
1170.8,-0.171,0.129,0.046
1170.26,-0.16,0.13,0.041
1170.44,-0.183,0.133,0.043
1170.62,-0.18,0.131,0.046
1170.81,-0.176,0.132,0.051
1170.99,-0.154,0.132,0.024
1171.17,-0.186,0.134,0.031
1171.35,-0.172,0.136,0.044
1171.54,-0.164,0.139,0.046
1171.72,-0.209,0.139,0.043
1171.9,-0.157,0.14,0.04
1172.8,-0.186,0.143,0.045
1172.26,-0.186,0.143,0.026
1172.45,-0.162,0.143,0.016
1172.63,-0.174,0.143,0.045
1172.81,-0.168,0.145,0.044
1172.99,-0.177,0.148,0.028
1173.18,-0.16,0.149,0.038
1173.36,-0.18,0.15,0.024
1173.54,-0.191,0.15,0.044
1173.72,-0.18,0.148,0.04
1173.9,-0.171,0.151,0.03
1174.9,-0.181,0.151,0.031
1174.27,-0.171,0.155,0.047
1174.45,-0.169,0.156,0.041
1174.63,-0.174,0.158,0.04
1174.82,-0.141,0.159,0.035
1175.0,-0.159,0.158,0.028
1175.18,-0.19,0.162,0.018
1175.36,-0.174,0.162,0.038
1175.55,-0.164,0.162,0.028
1175.73,-0.176,0.159,0.044
1175.91,-0.175,0.156,0.022
1176.9,-0.172,0.155,0.042
1176.27,-0.171,0.155,0.03
1176.46,-0.179,0.156,0.037
1176.64,-0.174,0.159,0.04
1176.82,-0.165,0.162,0.033
1177.0,-0.178,0.165,0.036
1177.19,-0.162,0.168,0.047
1177.37,-0.152,0.168,0.039
1177.55,-0.169,0.171,0.05
1177.73,-0.158,0.172,0.041
1177.91,-0.175,0.172,0.043
1178.1,-0.154,0.172,0.044
1178.28,-0.162,0.172,0.048
1178.46,-0.158,0.174,0.037
1178.64,-0.154,0.173,0.045
1178.83,-0.175,0.174,0.047
1179.1,-0.161,0.174,0.048
1179.19,-0.146,0.173,0.056
1179.37,-0.17,0.174,0.064
1179.55,-0.158,0.176,0.057
1179.74,-0.176,0.175,0.061
1179.92,-0.169,0.177,0.049
1180.1,-0.152,0.178,0.057
1180.28,-0.165,0.177,0.075
1180.47,-0.202,0.177,0.074
1180.65,-0.151,0.18,0.07
1180.83,-0.176,0.184,0.059
1181.1,-0.163,0.187,0.064
1181.19,-0.17,0.188,0.066
1181.38,-0.141,0.19,0.071
1181.56,-0.175,0.19,0.062
1181.74,-0.178,0.19,0.064
1181.92,-0.15,0.194,0.063
1182.11,-0.177,0.195,0.077
1182.29,-0.141,0.195,0.089
1182.47,-0.182,0.195,0.085
1182.65,-0.16,0.194,0.081
1182.84,-0.156,0.198,0.063
1183.2,-0.159,0.199,0.056
1183.2,-0.179,0.199,0.075
1183.38,-0.158,0.199,0.068
1183.56,-0.176,0.198,0.054
1183.75,-0.163,0.197,0.052
1183.93,-0.156,0.201,0.047
1184.11,-0.154,0.202,0.038
1184.29,-0.171,0.201,0.036
1184.48,-0.165,0.199,0.042
1184.66,-0.166,0.199,0.037
1184.84,-0.185,0.203,0.033
1185.2,-0.164,0.206,0.035
1185.2,-0.158,0.207,0.011
1185.39,-0.171,0.21,0.03
1185.57,-0.182,0.212,0.036
1185.75,-0.169,0.215,0.01
1185.93,-0.159,0.216,0.031
1186.12,-0.153,0.216,0.03
1186.3,-0.159,0.213,0.056
1186.48,-0.164,0.214,0.033
1186.66,-0.182,0.214,0.065
1186.84,-0.181,0.215,0.057
1187.3,-0.17,0.216,0.04
1187.21,-0.166,0.218,0.055
1187.39,-0.151,0.217,0.054
1187.57,-0.159,0.218,0.049
1187.76,-0.167,0.22,0.048
1187.94,-0.184,0.224,0.052
1188.12,-0.151,0.227,0.052
1188.3,-0.184,0.225,0.037
1188.49,-0.159,0.228,0.049
1188.67,-0.159,0.232,0.049
1188.85,-0.142,0.233,0.046
1189.3,-0.15,0.234,0.049
1189.21,-0.165,0.234,0.059
1189.4,-0.159,0.234,0.053
1189.58,-0.174,0.232,0.053
1189.76,-0.165,0.233,0.055
1189.94,-0.168,0.234,0.051
1190.13,-0.163,0.233,0.048
1190.31,-0.159,0.235,0.057
1194.32,-0.171,0.241,0.053
1194.5,-0.162,0.241,0.053
1194.68,-0.171,0.241,0.063
1194.87,-0.185,0.245,0.052
1195.5,-0.165,0.246,0.053
1195.23,-0.185,0.248,0.048
1195.41,-0.17,0.248,0.055
1195.59,-0.178,0.25,0.045
1195.78,-0.172,0.253,0.057
1195.96,-0.169,0.254,0.045
1196.14,-0.178,0.259,0.041
1196.32,-0.172,0.261,0.035
1196.51,-0.161,0.26,0.036
1196.69,-0.155,0.263,0.019
1196.87,-0.167,0.266,0.034
1197.5,-0.157,0.267,0.04
1197.24,-0.194,0.269,0.043
1197.42,-0.156,0.269,0.042
1197.6,-0.188,0.268,0.04
1197.78,-0.175,0.271,0.023
1197.96,-0.177,0.274,0.021
1198.15,-0.181,0.274,0.024
1198.33,-0.186,0.275,0.032
1198.51,-0.168,0.273,0.049
1198.69,-0.185,0.275,0.035
1198.88,-0.154,0.279,0.048
1199.6,-0.192,0.279,0.037
1199.24,-0.175,0.279,0.04
1199.42,-0.172,0.278,0.029
1199.6,-0.157,0.279,0.037
1199.79,-0.172,0.282,0.017
1199.97,-0.156,0.285,0.025
1200.15,-0.164,0.287,0.012
1200.33,-0.166,0.289,0.013
1200.52,-0.171,0.292,0.002
1200.7,-0.169,0.293,0.022
1200.88,-0.19,0.296,0.005
1204.34,-0.192,0.309,0.063
1204.53,-0.176,0.312,0.051
1204.71,-0.192,0.312,0.044
1204.89,-0.16,0.313,0.045
1205.7,-0.191,0.314,0.022
1205.26,-0.164,0.316,0.015
1205.44,-0.167,0.317,0.01
1205.62,-0.19,0.318,0.008
1205.8,-0.156,0.321,0.026
1205.98,-0.186,0.324,0.036
1206.17,-0.156,0.326,0.035
1206.35,-0.196,0.327,0.04
1206.53,-0.144,0.326,0.027
1206.71,-0.185,0.329,0.019
1206.9,-0.184,0.332,0.016
1207.8,-0.169,0.333,0.002
1207.26,-0.172,0.332,-0.01
1207.44,-0.164,0.332,0.0
1207.63,-0.177,0.335,0.004
1207.81,-0.156,0.336,0.019
1207.99,-0.193,0.338,0.004
1208.17,-0.141,0.337,0.017
1208.35,-0.18,0.336,-0.004
1208.54,-0.156,0.338,0.014
1208.72,-0.176,0.336,0.017
1208.9,-0.171,0.335,0.028
1209.8,-0.194,0.337,0.037
1209.27,-0.167,0.338,0.031
1209.45,-0.157,0.334,0.037
1209.63,-0.176,0.336,0.039
1209.81,-0.161,0.339,0.023
1209.99,-0.2,0.343,0.029
1210.18,-0.17,0.347,0.03
1210.36,-0.181,0.349,0.036
1210.54,-0.151,0.348,0.039
1210.72,-0.179,0.349,0.026
1210.91,-0.152,0.351,0.031
1211.9,-0.186,0.352,0.04
1211.27,-0.151,0.353,0.039
1211.45,-0.162,0.352,0.036
1211.64,-0.149,0.351,0.024
1211.82,-0.183,0.351,0.04
1212.0,-0.159,0.353,0.037
1212.18,-0.186,0.353,0.046
1212.36,-0.163,0.354,0.029
1212.55,-0.159,0.355,0.041
1212.73,-0.178,0.358,0.053
1212.91,-0.188,0.361,0.037
1213.9,-0.167,0.362,0.031
1213.28,-0.152,0.363,0.044
1213.46,-0.187,0.364,0.039
1213.64,-0.166,0.366,0.043
1213.82,-0.176,0.367,0.041
1214.1,-0.175,0.37,0.017
1214.19,-0.149,0.372,0.008
1214.37,-0.182,0.373,0.021
1214.55,-0.171,0.372,0.034
1214.73,-0.158,0.373,0.067
1218.74,-0.181,0.393,0.039
1218.93,-0.147,0.392,0.041
1219.11,-0.198,0.394,0.031
1219.29,-0.137,0.394,0.033
1219.47,-0.174,0.394,0.036
1219.66,-0.145,0.394,0.038
1219.84,-0.194,0.391,0.045
1220.2,-0.147,0.388,0.04
1220.2,-0.152,0.388,0.032
1220.38,-0.193,0.387,0.025
1220.57,-0.156,0.385,0.047
1220.75,-0.182,0.386,0.045
1220.93,-0.167,0.385,0.049
1221.11,-0.176,0.384,0.057
1221.3,-0.167,0.388,0.068
1221.48,-0.163,0.391,0.081
1221.66,-0.168,0.393,0.061
1221.84,-0.138,0.391,0.074
1222.3,-0.176,0.39,0.055
1222.21,-0.16,0.392,0.074
1222.39,-0.165,0.392,0.062
1222.57,-0.163,0.396,0.052
1222.75,-0.166,0.395,0.046
1222.94,-0.181,0.396,0.06
1223.12,-0.158,0.394,0.064
1223.3,-0.181,0.396,0.055
1223.48,-0.179,0.398,0.058
1223.67,-0.185,0.397,0.068
1223.85,-0.161,0.398,0.06
1224.3,-0.171,0.399,0.071
1224.21,-0.158,0.401,0.049
1224.39,-0.161,0.4,0.069
1224.58,-0.161,0.4,0.067
1224.76,-0.161,0.402,0.068
1224.94,-0.187,0.403,0.03
1225.12,-0.165,0.405,0.041
1225.31,-0.148,0.406,0.055
1225.49,-0.181,0.409,0.045
1225.67,-0.165,0.41,0.043
1225.85,-0.177,0.416,0.048
1226.3,-0.161,0.417,0.027
1226.22,-0.184,0.418,0.035
1226.4,-0.124,0.416,0.037
1226.58,-0.189,0.417,0.04
1228.4,-0.172,0.426,0.054
1228.59,-0.165,0.428,0.069
1228.77,-0.169,0.428,0.058
1228.95,-0.161,0.43,0.063
1229.13,-0.173,0.431,0.058
1229.32,-0.178,0.432,0.044
1229.5,-0.137,0.431,0.056
1229.68,-0.176,0.431,0.051
1229.86,-0.177,0.432,0.062
1230.4,-0.166,0.431,0.059
1230.23,-0.161,0.434,0.061
1230.41,-0.173,0.436,0.056
1230.59,-0.164,0.438,0.056
1230.77,-0.158,0.438,0.056
1230.96,-0.164,0.435,0.055
1231.14,-0.182,0.434,0.061
1231.32,-0.16,0.432,0.051
1231.5,-0.171,0.433,0.06
1231.68,-0.156,0.436,0.045
1231.87,-0.169,0.434,0.053
1232.5,-0.172,0.435,0.04
1232.23,-0.17,0.439,0.053
1232.41,-0.184,0.443,0.069
1232.6,-0.16,0.446,0.059
1232.78,-0.15,0.445,0.079
1232.96,-0.198,0.444,0.057
1233.14,-0.15,0.441,0.074
1233.33,-0.181,0.441,0.069
1233.51,-0.161,0.441,0.057
1233.69,-0.16,0.44,0.056
1233.87,-0.182,0.442,0.071
1234.5,-0.15,0.441,0.067
1234.24,-0.164,0.44,0.062
1234.42,-0.167,0.44,0.05
1234.6,-0.154,0.445,0.057
1234.78,-0.167,0.447,0.047
1234.97,-0.155,0.446,0.057
1235.15,-0.178,0.45,0.032
1235.33,-0.158,0.45,0.045
1235.51,-0.175,0.454,0.036
1235.69,-0.192,0.458,0.017
1238.6,-0.169,0.468,-0.0
1238.25,-0.173,0.469,-0.003
1238.43,-0.173,0.471,0.023
1238.61,-0.178,0.472,0.029
1238.79,-0.166,0.473,0.002
1238.98,-0.171,0.475,0.037
1239.16,-0.159,0.472,0.03
1239.34,-0.172,0.475,0.059
1239.52,-0.177,0.478,0.068
1239.7,-0.139,0.479,0.065
1239.89,-0.163,0.479,0.046
1240.7,-0.148,0.483,0.05
1240.25,-0.16,0.483,0.066
1240.43,-0.169,0.484,0.051
1240.62,-0.153,0.484,0.05
1240.8,-0.161,0.485,0.06
1240.98,-0.161,0.487,0.05
1241.16,-0.181,0.486,0.034
1241.35,-0.173,0.484,0.021
1241.53,-0.184,0.487,0.036
1241.71,-0.157,0.488,0.035
1241.89,-0.162,0.49,0.043
1242.7,-0.158,0.487,0.07
1242.26,-0.159,0.486,0.054
1242.44,-0.174,0.485,0.074
1244.26,-0.178,0.495,0.034
1244.44,-0.175,0.495,0.038
1244.63,-0.158,0.492,0.052
1244.81,-0.164,0.495,0.039
1244.99,-0.181,0.496,0.049
1245.17,-0.171,0.499,0.053
1245.36,-0.154,0.499,0.045
1245.54,-0.15,0.502,0.051
1245.72,-0.165,0.501,0.03
1245.9,-0.184,0.502,0.03
1246.8,-0.17,0.505,0.028
1246.27,-0.176,0.509,0.038
1246.45,-0.165,0.51,0.031
1246.63,-0.183,0.513,0.039
1246.81,-0.161,0.514,0.036
1248.9,-0.165,0.522,0.036
1248.27,-0.181,0.524,0.022
1248.45,-0.182,0.525,0.037
1248.64,-0.18,0.526,0.023
1248.82,-0.173,0.526,0.03
1249.0,-0.162,0.529,0.024
1249.18,-0.172,0.533,0.03
1249.37,-0.167,0.536,0.028
1249.55,-0.166,0.54,0.043
1249.73,-0.169,0.539,0.043
1249.91,-0.17,0.541,0.046
1250.9,-0.154,0.542,0.046
1250.28,-0.161,0.544,0.043
1250.46,-0.163,0.546,0.033
1250.64,-0.174,0.55,0.014
1250.82,-0.168,0.554,0.027
1251.1,-0.174,0.557,0.015
1251.19,-0.167,0.56,0.032
1251.37,-0.184,0.563,0.029
1251.55,-0.172,0.562,0.023
1251.73,-0.172,0.563,0.018
1251.92,-0.179,0.564,0.036
1252.1,-0.167,0.563,0.036
1252.28,-0.171,0.563,0.046
1252.46,-0.158,0.567,0.036
1252.65,-0.164,0.569,0.052
1252.83,-0.181,0.57,0.054
1253.1,-0.149,0.573,0.052
1253.19,-0.17,0.574,0.039
1253.37,-0.152,0.572,0.05
1253.56,-0.167,0.574,0.046
1253.74,-0.164,0.576,0.044
1253.92,-0.158,0.579,0.047
1254.1,-0.172,0.584,0.037
1254.29,-0.163,0.581,0.047
1254.47,-0.158,0.58,0.04
1254.65,-0.184,0.583,0.059
1254.83,-0.157,0.583,0.06
1255.2,-0.165,0.585,0.052
1255.2,-0.182,0.585,0.066
1255.38,-0.148,0.588,0.07
1255.56,-0.156,0.584,0.067
1255.74,-0.175,0.583,0.061
1255.93,-0.171,0.585,0.043
1256.11,-0.187,0.588,0.029
1256.29,-0.161,0.588,0.036
1256.47,-0.187,0.589,0.025
1256.66,-0.19,0.588,0.032
1256.84,-0.163,0.591,0.036
1257.2,-0.179,0.592,0.026
1257.2,-0.162,0.593,0.054
1257.38,-0.181,0.595,0.045
1257.57,-0.175,0.596,0.052
1257.75,-0.17,0.595,0.047
1257.93,-0.153,0.599,0.052
1258.11,-0.19,0.605,0.054
1258.3,-0.159,0.608,0.028
1258.48,-0.168,0.61,0.046
1258.66,-0.176,0.611,0.041
1258.84,-0.172,0.616,0.036
1259.3,-0.161,0.617,0.054
1259.21,-0.187,0.621,0.028
1259.39,-0.163,0.622,0.032
1259.57,-0.185,0.621,0.048
1259.75,-0.167,0.623,0.035
1259.94,-0.165,0.622,0.035
1260.12,-0.172,0.624,0.037
1260.3,-0.143,0.625,0.033
1260.48,-0.174,0.627,0.038
1264.49,-0.147,0.655,0.037
1264.68,-0.186,0.654,0.039
1264.86,-0.156,0.656,0.028
1265.4,-0.18,0.654,0.03
1265.22,-0.149,0.657,0.033
1265.4,-0.174,0.658,0.045
1265.59,-0.159,0.658,0.042
1265.77,-0.178,0.658,0.059
1265.95,-0.177,0.659,0.047
1266.13,-0.16,0.661,0.059
1266.32,-0.151,0.663,0.068
1266.5,-0.145,0.666,0.078
1266.68,-0.183,0.668,0.071
1266.86,-0.139,0.668,0.069
1267.4,-0.159,0.669,0.072
1267.23,-0.167,0.669,0.07
1267.41,-0.163,0.67,0.069
1267.59,-0.16,0.671,0.059
1267.77,-0.165,0.672,0.06
1267.96,-0.172,0.673,0.056
1268.14,-0.157,0.674,0.056
1268.32,-0.15,0.676,0.07
1268.5,-0.159,0.677,0.071
1268.68,-0.166,0.677,0.079
1272.69,-0.176,0.692,0.059
1272.88,-0.149,0.693,0.057
1273.6,-0.168,0.694,0.061
1273.24,-0.17,0.695,0.052
1273.42,-0.163,0.695,0.066
1273.6,-0.175,0.696,0.064
1273.79,-0.165,0.696,0.062
1273.97,-0.172,0.697,0.05
1274.15,-0.139,0.7,0.047
1274.33,-0.16,0.702,0.047
1274.52,-0.152,0.703,0.043
1274.7,-0.163,0.706,0.047
1274.88,-0.151,0.707,0.039
1275.6,-0.159,0.706,0.05
1275.24,-0.169,0.705,0.045
1275.43,-0.156,0.707,0.032
1275.61,-0.166,0.709,0.043
1275.79,-0.151,0.708,0.04
1275.97,-0.168,0.71,0.026
1276.16,-0.189,0.714,0.025
1276.34,-0.147,0.713,0.029
1276.52,-0.161,0.713,0.035
1276.7,-0.183,0.713,0.034
1276.88,-0.17,0.716,0.019
1277.7,-0.166,0.718,0.021
1277.25,-0.169,0.718,0.016
1277.43,-0.158,0.718,0.044
1277.61,-0.177,0.718,0.038
1277.8,-0.149,0.72,0.008
1277.98,-0.19,0.718,0.002
1278.16,-0.149,0.72,0.024
1278.34,-0.178,0.719,0.018
1278.53,-0.164,0.722,0.042
1278.71,-0.166,0.722,0.034
1278.89,-0.178,0.725,0.029
1283.8,-0.171,0.737,0.046
1283.26,-0.163,0.735,0.041
1283.45,-0.159,0.733,0.055
1283.63,-0.147,0.731,0.05
1283.81,-0.168,0.73,0.079
1283.99,-0.158,0.733,0.077
1284.17,-0.152,0.736,0.071
1284.36,-0.176,0.736,0.057
1284.54,-0.167,0.737,0.079
1284.72,-0.151,0.737,0.069
1284.9,-0.154,0.74,0.087
1285.9,-0.172,0.74,0.083
1285.27,-0.164,0.744,0.066
1285.45,-0.162,0.744,0.038
1285.63,-0.178,0.743,0.021
1285.82,-0.169,0.745,0.013
1286.0,-0.148,0.745,0.022
1286.18,-0.166,0.747,0.043
1286.36,-0.155,0.746,0.042
1286.54,-0.151,0.744,0.044
1286.73,-0.168,0.745,0.043
1286.91,-0.174,0.744,0.045
1288.73,-0.152,0.762,0.066
1288.91,-0.152,0.76,0.063
1289.1,-0.174,0.76,0.068
1289.28,-0.163,0.762,0.056
1289.46,-0.173,0.764,0.069
1289.64,-0.139,0.766,0.052
1289.83,-0.155,0.767,0.064
1290.1,-0.167,0.768,0.072
1290.19,-0.171,0.768,0.07
1290.37,-0.142,0.766,0.049
1290.55,-0.177,0.766,0.06
1290.74,-0.144,0.766,0.06
1290.92,-0.202,0.769,0.047
1291.1,-0.155,0.77,0.031
1291.28,-0.198,0.771,0.036
1291.47,-0.128,0.769,0.014
1291.65,-0.172,0.774,0.028
1291.83,-0.154,0.778,0.013
1292.1,-0.174,0.779,0.01
1292.2,-0.164,0.784,0.017
1292.38,-0.144,0.788,0.006
1292.56,-0.151,0.787,0.015
1292.74,-0.149,0.791,0.023
1292.92,-0.153,0.79,0.035
1293.11,-0.179,0.793,0.045
1293.29,-0.147,0.792,0.068
1293.47,-0.176,0.794,0.046
1293.65,-0.16,0.792,0.061
1293.84,-0.155,0.792,0.055
1294.2,-0.142,0.794,0.057
1294.2,-0.162,0.793,0.058
1294.38,-0.171,0.793,0.057
1294.56,-0.164,0.796,0.057
1294.75,-0.166,0.797,0.048
1294.93,-0.166,0.799,0.063
1295.11,-0.139,0.801,0.053
1295.29,-0.17,0.805,0.065
1295.48,-0.171,0.807,0.068
1295.66,-0.171,0.81,0.054
1295.84,-0.165,0.81,0.064
1296.2,-0.158,0.812,0.067
1296.2,-0.159,0.814,0.06
1296.39,-0.168,0.815,0.047
1296.57,-0.162,0.814,0.055
1296.75,-0.16,0.816,0.054
1296.93,-0.161,0.817,0.058
1297.12,-0.17,0.817,0.049
1297.3,-0.175,0.817,0.046
1297.48,-0.17,0.821,0.048
1297.66,-0.153,0.822,0.048
1297.85,-0.167,0.82,0.039
1298.3,-0.148,0.821,0.056
1298.21,-0.162,0.823,0.057
1298.39,-0.182,0.822,0.064
1298.57,-0.17,0.823,0.059
1298.76,-0.147,0.827,0.047
1298.94,-0.163,0.828,0.051
1299.12,-0.175,0.83,0.059
1299.3,-0.155,0.833,0.068
1299.49,-0.161,0.833,0.051
1299.67,-0.151,0.835,0.057
1299.85,-0.169,0.835,0.052
1300.3,-0.15,0.836,0.06
1300.21,-0.186,0.837,0.038
1300.4,-0.158,0.839,0.051
1300.58,-0.175,0.842,0.025
1300.76,-0.176,0.843,0.005
1300.94,-0.162,0.845,0.023
1301.13,-0.159,0.845,0.021
1301.31,-0.157,0.847,0.017
1301.49,-0.18,0.85,0.03
1301.67,-0.163,0.852,0.04
1301.86,-0.15,0.855,0.005
1302.4,-0.182,0.857,0.003
1302.22,-0.173,0.86,0.007
1302.4,-0.166,0.861,0.012
1302.58,-0.166,0.862,-0.012
1302.77,-0.178,0.866,-0.023
1302.95,-0.179,0.868,-0.026
1303.13,-0.189,0.87,0.0
1303.31,-0.161,0.873,0.022
1303.5,-0.182,0.873,0.032
1303.68,-0.158,0.874,0.031
1303.86,-0.167,0.874,0.033
1304.4,-0.178,0.88,0.036
1304.22,-0.165,0.878,0.036
1304.41,-0.17,0.879,0.023
1304.59,-0.158,0.883,0.028
1304.77,-0.179,0.883,0.016
1304.95,-0.179,0.885,0.003
1305.14,-0.158,0.884,0.025
1305.32,-0.177,0.885,0.009
1305.5,-0.174,0.884,-0.017
1305.68,-0.167,0.884,-0.014
1305.87,-0.16,0.886,-0.006
1306.5,-0.148,0.887,0.017
1306.23,-0.16,0.886,0.009
1306.41,-0.174,0.883,0.004
1306.59,-0.163,0.883,0.023
1306.78,-0.165,0.886,0.035
1306.96,-0.153,0.887,0.032
1307.14,-0.167,0.886,0.056
1307.32,-0.192,0.886,0.05
1307.51,-0.164,0.888,0.035
1307.69,-0.179,0.887,0.03
1307.87,-0.168,0.891,0.023
1308.5,-0.172,0.891,0.0
1308.23,-0.154,0.893,-0.024
1308.42,-0.191,0.893,-0.029
1308.6,-0.16,0.895,-0.027
1308.78,-0.173,0.897,0.005
1308.96,-0.18,0.9,0.046
1309.15,-0.165,0.902,0.044
1309.33,-0.168,0.901,0.057
1309.51,-0.166,0.902,0.041
1309.69,-0.152,0.903,0.047
1309.87,-0.175,0.905,0.055
1310.6,-0.169,0.905,0.054
1310.24,-0.187,0.906,0.035
1310.42,-0.153,0.908,0.047
1310.6,-0.175,0.909,0.037
1310.79,-0.169,0.91,0.056
1310.97,-0.163,0.911,0.046
1311.15,-0.164,0.91,0.043
1311.33,-0.17,0.91,0.039
1311.52,-0.163,0.909,0.063
1311.7,-0.18,0.911,0.054
1311.88,-0.175,0.913,0.058
1312.6,-0.159,0.915,0.062
1312.24,-0.165,0.917,0.062
1312.43,-0.163,0.921,0.052
1312.61,-0.177,0.922,0.053
1312.79,-0.17,0.921,0.057
1312.97,-0.158,0.921,0.062
1313.16,-0.171,0.923,0.071
1313.34,-0.165,0.925,0.054
1313.52,-0.168,0.925,0.063
1313.7,-0.171,0.928,0.06
1313.88,-0.17,0.928,0.04
1314.7,-0.186,0.93,0.058
1314.25,-0.173,0.931,0.058
1314.43,-0.161,0.932,0.045
1314.61,-0.18,0.937,0.048
1314.8,-0.183,0.938,0.05
1314.98,-0.173,0.938,0.05
1315.16,-0.172,0.938,0.037
1315.34,-0.175,0.936,0.045
1315.52,-0.19,0.933,0.039
1315.71,-0.189,0.937,0.048
1315.89,-0.178,0.94,0.049
1316.7,-0.154,0.941,0.04
1316.25,-0.17,0.944,0.056
1316.44,-0.168,0.944,0.038
1316.62,-0.171,0.943,0.042
1316.8,-0.189,0.944,0.043
1316.98,-0.156,0.948,0.053
1317.16,-0.182,0.951,0.047
1317.35,-0.158,0.952,0.045
1317.53,-0.18,0.948,0.027
1317.71,-0.156,0.947,0.056
1317.89,-0.194,0.948,0.039
1318.8,-0.147,0.948,0.042
1318.26,-0.173,0.95,0.041
1318.44,-0.157,0.952,0.054
1318.62,-0.188,0.956,0.043
1318.81,-0.157,0.958,0.043
1318.99,-0.179,0.958,0.043
1319.17,-0.174,0.961,0.061
1319.35,-0.169,0.961,0.024
1319.53,-0.157,0.961,0.063
1319.72,-0.183,0.964,0.07
1319.9,-0.174,0.961,0.051
1320.8,-0.186,0.963,0.046
1320.26,-0.145,0.963,0.033
1320.45,-0.164,0.964,0.032
1320.63,-0.183,0.965,0.039
1324.45,-0.165,0.997,0.032
1324.64,-0.168,0.997,0.043
1324.82,-0.154,0.996,0.04
1325.0,-0.174,0.998,0.038
1325.18,-0.158,0.999,0.002
1325.37,-0.182,0.998,0.017
1325.55,-0.153,1.002,0.059
1325.73,-0.141,1.004,0.05
1325.91,-0.18,1.005,0.02
1326.9,-0.154,1.006,0.05
1326.28,-0.145,1.008,0.038
1326.46,-0.161,1.009,0.039
1326.64,-0.164,1.01,0.04
1326.82,-0.157,1.013,0.032
1327.0,-0.168,1.012,0.026
1327.19,-0.166,1.014,0.021
1327.37,-0.156,1.017,0.024
1327.55,-0.175,1.017,0.017
1327.73,-0.165,1.017,-0.014
1327.92,-0.172,1.02,-0.008
1328.1,-0.159,1.021,-0.003
1328.28,-0.179,1.026,-0.001
1328.46,-0.181,1.025,-0.009
1328.64,-0.173,1.026,-0.006
1328.83,-0.183,1.024,-0.002
1329.1,-0.176,1.023,0.006
1329.19,-0.183,1.026,0.019
1329.37,-0.182,1.029,0.02
1329.56,-0.168,1.027,0.04
1329.74,-0.162,1.026,0.031
1329.92,-0.167,1.024,0.01
1330.1,-0.185,1.028,-0.033
1330.29,-0.17,1.031,-0.042
1330.47,-0.163,1.033,-0.041
1330.65,-0.162,1.035,-0.034
1330.83,-0.18,1.034,-0.008
1331.1,-0.175,1.033,-0.016
1331.2,-0.158,1.033,-0.019
1331.38,-0.177,1.035,-0.007
1331.56,-0.155,1.033,0.02
1331.74,-0.17,1.035,0.027
1331.93,-0.152,1.035,0.006
1332.11,-0.173,1.035,0.013
1332.29,-0.191,1.034,0.003
1332.47,-0.187,1.033,0.0
1332.65,-0.149,1.034,0.007
1332.84,-0.157,1.034,0.006
1333.2,-0.188,1.035,0.029
1333.2,-0.162,1.033,0.026
1333.38,-0.184,1.032,0.025
1333.57,-0.166,1.032,0.033
1333.75,-0.181,1.032,0.05
1333.93,-0.179,1.031,0.031
1334.11,-0.179,1.031,0.049
1334.29,-0.179,1.031,0.049
1334.48,-0.192,1.031,0.029
1334.66,-0.179,1.033,0.034
1334.84,-0.174,1.033,0.038
1335.2,-0.161,1.035,0.06
1335.21,-0.173,1.038,0.058
1335.39,-0.181,1.039,0.067
1335.57,-0.164,1.04,0.082
1335.75,-0.179,1.042,0.064
1335.93,-0.166,1.044,0.066
1336.12,-0.176,1.045,0.054
1336.3,-0.166,1.047,0.062
1336.48,-0.173,1.046,0.058
1336.66,-0.174,1.048,0.069
1336.85,-0.169,1.05,0.057
1337.3,-0.159,1.051,0.045
1337.21,-0.168,1.054,0.067
1337.39,-0.154,1.054,0.06
1337.58,-0.17,1.055,0.054
1337.76,-0.159,1.058,0.046
1340.49,-0.166,1.054,0.006
1340.67,-0.2,1.054,0.02
1340.86,-0.166,1.057,0.034
1341.4,-0.188,1.056,0.041
1341.22,-0.172,1.06,0.052
1341.4,-0.169,1.064,0.04
1341.58,-0.161,1.066,0.047
1341.77,-0.164,1.066,0.038
1341.95,-0.185,1.067,0.039
1342.13,-0.168,1.066,0.032
1342.31,-0.17,1.068,0.048
1342.5,-0.166,1.068,0.047
1342.68,-0.164,1.068,0.048
1342.86,-0.162,1.07,0.042
1343.4,-0.173,1.07,0.038
1343.23,-0.152,1.073,0.045
1343.41,-0.164,1.076,0.051
1343.59,-0.15,1.073,0.049
1343.77,-0.151,1.074,0.058
1343.95,-0.156,1.076,0.053
1344.14,-0.157,1.075,0.057
1344.32,-0.162,1.076,0.063
1344.5,-0.161,1.077,0.029
1344.68,-0.162,1.079,-0.009
1344.87,-0.167,1.08,-0.006
1345.5,-0.153,1.079,-0.007
1345.23,-0.181,1.081,0.006
1345.41,-0.148,1.081,0.038
1345.59,-0.166,1.081,0.039
1345.78,-0.156,1.081,0.04
1345.96,-0.17,1.085,0.043
1346.14,-0.179,1.086,0.046
1346.32,-0.184,1.084,0.039
1346.51,-0.172,1.084,0.052
1346.69,-0.192,1.083,0.034
1346.87,-0.17,1.084,0.052
1347.5,-0.156,1.082,0.048
1347.23,-0.159,1.081,0.055
1347.42,-0.166,1.078,0.046
1347.6,-0.161,1.076,0.047
1347.78,-0.168,1.075,0.039
1347.96,-0.162,1.075,0.049
1348.15,-0.188,1.076,0.051
1348.33,-0.186,1.076,0.044
1348.51,-0.159,1.079,0.057
1348.69,-0.161,1.077,0.061
1348.87,-0.171,1.078,0.057
1349.6,-0.172,1.078,0.067
1349.24,-0.162,1.079,0.066
1349.42,-0.157,1.076,0.048
1349.6,-0.167,1.076,0.067
1349.79,-0.17,1.078,0.062
1349.97,-0.162,1.081,0.058
1350.15,-0.164,1.079,0.055
1350.33,-0.156,1.079,0.042
1350.52,-0.184,1.08,0.052
1350.7,-0.173,1.077,0.063
1350.88,-0.172,1.078,0.053
1351.6,-0.168,1.078,0.038
1351.24,-0.154,1.079,0.049
1351.43,-0.163,1.082,0.045
1351.61,-0.178,1.083,0.032
1351.79,-0.186,1.084,0.033
1351.97,-0.16,1.084,0.024
1352.16,-0.179,1.081,0.024
1352.34,-0.188,1.082,0.025
1352.52,-0.157,1.083,0.03
1352.7,-0.17,1.086,0.044
1352.88,-0.171,1.09,0.054
1353.7,-0.165,1.088,0.046
1353.25,-0.176,1.089,0.07
1353.43,-0.142,1.088,0.074
1353.61,-0.19,1.088,0.056
1353.8,-0.15,1.09,0.051
1353.98,-0.216,1.09,0.063
1354.16,-0.16,1.092,0.069
1354.34,-0.198,1.091,0.063
1354.52,-0.156,1.091,0.041
1354.71,-0.201,1.092,0.077
1357.81,-0.18,1.117,0.039
1357.99,-0.162,1.117,0.046
1358.17,-0.169,1.118,0.053
1358.35,-0.143,1.116,0.02
1358.53,-0.164,1.117,0.041
1358.72,-0.164,1.116,0.041
1358.9,-0.155,1.117,0.056
1359.8,-0.185,1.121,0.056
1359.26,-0.172,1.118,0.053
1359.45,-0.159,1.121,0.056
1359.63,-0.163,1.123,0.048
1359.81,-0.16,1.125,0.047
1359.99,-0.158,1.126,0.052
1360.18,-0.159,1.128,0.058
1360.36,-0.199,1.13,0.059
1360.54,-0.163,1.13,0.039
1360.72,-0.16,1.131,0.056
1360.9,-0.177,1.136,0.065
1361.9,-0.14,1.135,0.049
1361.27,-0.192,1.134,0.034
1361.45,-0.183,1.134,0.034
1361.63,-0.184,1.137,0.046
1361.82,-0.171,1.137,0.045
1362.0,-0.179,1.136,0.049
1362.18,-0.16,1.135,0.027
1362.36,-0.158,1.137,0.044
1362.54,-0.169,1.14,0.035
1362.73,-0.173,1.142,0.019
1362.91,-0.167,1.143,0.023
1363.9,-0.165,1.139,0.026
1363.27,-0.141,1.139,0.03
1363.46,-0.166,1.143,0.041
1363.64,-0.152,1.146,0.052
1363.82,-0.166,1.143,0.052
1364.0,-0.168,1.142,0.052
1364.19,-0.156,1.139,0.035
1364.37,-0.161,1.14,0.045
1364.55,-0.154,1.141,0.064
1364.73,-0.174,1.144,0.036
1365.64,-0.164,1.144,0.079
1365.83,-0.167,1.143,0.07
1366.1,-0.17,1.143,0.072
1366.19,-0.17,1.143,0.072
1366.37,-0.166,1.142,0.074
1366.55,-0.157,1.14,0.073
1366.74,-0.191,1.141,0.09
1366.92,-0.165,1.142,0.076
1367.1,-0.161,1.139,0.076
1367.28,-0.17,1.142,0.089
1367.47,-0.156,1.145,0.09
1367.65,-0.195,1.149,0.066
1367.83,-0.169,1.151,0.075
1368.1,-0.16,1.151,0.07
1368.19,-0.169,1.152,0.066
1368.38,-0.172,1.15,0.052
1368.56,-0.175,1.153,0.045
1368.74,-0.151,1.158,0.076
1368.92,-0.172,1.157,0.073
1369.11,-0.189,1.157,0.071
1369.29,-0.16,1.159,0.072
1369.47,-0.17,1.159,0.062
1369.65,-0.204,1.16,0.072
1369.84,-0.161,1.163,0.036
1370.2,-0.171,1.163,0.028
1370.2,-0.168,1.167,0.007
1370.38,-0.163,1.169,-0.017
1370.56,-0.186,1.17,-0.003
1370.93,-0.16,1.169,-0.003
1371.11,-0.165,1.167,0.016
1371.29,-0.182,1.171,0.014
1371.48,-0.192,1.17,0.01
1371.66,-0.168,1.169,0.003
1371.84,-0.172,1.17,0.021
1372.2,-0.151,1.17,0.052
1372.2,-0.193,1.176,0.059
1372.39,-0.162,1.176,0.05
1372.57,-0.161,1.178,0.011
1372.75,-0.168,1.18,-0.0
1377.85,-0.174,1.198,0.044
1378.4,-0.158,1.199,0.039
1378.22,-0.172,1.201,0.034
1378.4,-0.171,1.201,0.032
1378.58,-0.178,1.201,0.029
1378.77,-0.172,1.2,0.032
1378.95,-0.184,1.2,0.022
1379.13,-0.171,1.2,0.012
1379.31,-0.179,1.196,0.033
1379.5,-0.194,1.195,0.046
1379.68,-0.176,1.196,0.028
1379.86,-0.156,1.195,0.024
1380.4,-0.176,1.198,0.036
1380.22,-0.174,1.2,0.024
1380.41,-0.178,1.202,0.036
1380.59,-0.151,1.202,0.021
1380.77,-0.162,1.204,0.044
1380.95,-0.144,1.205,0.052
1381.14,-0.162,1.207,0.043
1381.32,-0.171,1.206,0.034
1381.5,-0.177,1.207,0.041
1381.68,-0.173,1.203,0.041
1384.78,-0.172,1.214,0.065
1384.96,-0.163,1.214,0.069
1385.15,-0.157,1.216,0.059
1385.33,-0.161,1.217,0.056
1385.51,-0.165,1.217,0.061
1385.69,-0.17,1.218,0.054
1385.88,-0.169,1.22,0.051
1386.6,-0.189,1.222,0.074
1386.24,-0.164,1.225,0.059
1386.42,-0.169,1.229,0.063
1386.6,-0.15,1.232,0.047
1386.79,-0.172,1.234,0.071
1386.97,-0.134,1.233,0.068
1387.15,-0.176,1.234,0.064
1387.33,-0.153,1.234,0.051
1387.52,-0.17,1.233,0.054
1387.7,-0.169,1.234,0.044
1387.88,-0.15,1.232,0.066
1388.6,-0.179,1.236,0.063
1388.25,-0.157,1.235,0.064
1388.43,-0.186,1.239,0.035
1388.61,-0.185,1.238,0.069
1388.79,-0.165,1.237,0.054
1388.97,-0.148,1.239,0.058
1389.16,-0.182,1.24,0.055
1389.34,-0.172,1.241,0.071
1389.52,-0.166,1.241,0.069
1389.7,-0.167,1.238,0.069
1389.89,-0.165,1.239,0.057
1390.7,-0.17,1.241,0.064
1390.25,-0.173,1.24,0.051
1390.43,-0.162,1.24,0.049
1390.61,-0.171,1.238,0.042
1390.8,-0.167,1.242,0.043
1390.98,-0.166,1.244,0.039
1391.16,-0.168,1.243,0.049
1391.34,-0.16,1.241,0.062
1391.53,-0.166,1.243,0.041
1391.71,-0.167,1.244,0.032
1391.89,-0.179,1.245,0.038
1392.7,-0.168,1.246,0.042
1392.25,-0.17,1.246,0.052
1392.44,-0.177,1.248,0.067
1392.62,-0.151,1.25,0.075
1392.8,-0.186,1.251,0.074
1392.98,-0.162,1.252,0.049
1393.17,-0.159,1.255,0.068
1393.35,-0.161,1.257,0.076
1393.53,-0.147,1.257,0.065
1393.71,-0.168,1.258,0.06
1393.9,-0.154,1.261,0.058
1394.8,-0.161,1.263,0.045
1394.26,-0.176,1.264,0.065
1394.44,-0.153,1.264,0.047
1394.62,-0.158,1.263,0.032
1394.81,-0.159,1.264,0.034
1394.99,-0.153,1.264,0.039
1395.17,-0.175,1.265,0.037
1395.35,-0.13,1.267,0.062
1395.54,-0.167,1.269,0.058
1395.72,-0.16,1.272,0.055
1395.9,-0.167,1.273,0.061
1396.8,-0.159,1.276,0.048
1396.26,-0.204,1.277,0.039
1396.45,-0.17,1.281,0.056
1396.63,-0.162,1.285,0.054
1396.81,-0.169,1.286,0.061
1396.99,-0.167,1.287,0.045
1397.18,-0.178,1.29,0.028
1397.36,-0.182,1.291,0.038
1397.54,-0.16,1.294,0.054
1397.72,-0.158,1.299,0.041
1397.9,-0.178,1.302,0.052
1398.9,-0.162,1.303,0.055
1398.27,-0.151,1.305,0.042
1398.45,-0.187,1.306,0.06
1398.63,-0.161,1.307,0.065
1398.82,-0.156,1.305,0.046
1399.0,-0.188,1.308,0.027
1399.18,-0.142,1.309,0.018
1399.36,-0.182,1.311,0.041
1399.55,-0.141,1.31,0.028
1399.73,-0.187,1.311,0.016
1399.91,-0.135,1.315,0.042
1400.9,-0.169,1.314,0.025
1400.27,-0.153,1.316,0.021
1400.46,-0.151,1.316,0.033
1400.64,-0.187,1.315,0.051
1400.82,-0.143,1.314,0.064
1401.0,-0.151,1.316,0.06
1401.19,-0.152,1.313,0.065
1401.37,-0.166,1.313,0.083
1402.46,-0.169,1.323,0.067
1402.64,-0.152,1.326,0.058
1402.83,-0.18,1.33,0.055
1403.1,-0.155,1.33,0.055
1403.19,-0.176,1.334,0.044
1403.37,-0.151,1.335,0.034
1403.55,-0.161,1.337,0.04
1403.74,-0.15,1.337,0.041
1403.92,-0.182,1.338,0.044
1409.2,-0.173,1.364,0.071
1409.2,-0.162,1.365,0.041
1409.39,-0.157,1.366,0.056
1409.57,-0.161,1.367,0.055
1409.75,-0.171,1.366,0.064
1409.93,-0.155,1.367,0.069
1410.12,-0.155,1.365,0.065
1410.3,-0.16,1.363,0.065
1410.48,-0.182,1.361,0.063
1410.66,-0.16,1.364,0.054
1410.85,-0.171,1.362,0.054
1411.3,-0.179,1.364,0.041
1411.21,-0.163,1.365,0.048
1411.39,-0.141,1.368,0.042
1411.57,-0.186,1.371,0.056
1411.76,-0.149,1.369,0.039
1411.94,-0.163,1.369,0.054
1412.12,-0.182,1.373,0.032
1412.3,-0.16,1.374,0.05
1412.49,-0.176,1.374,0.058
1412.67,-0.161,1.377,0.059
1412.85,-0.175,1.379,0.02
1413.3,-0.167,1.379,0.031
1413.21,-0.154,1.377,0.034
1413.4,-0.171,1.377,0.029
1413.58,-0.178,1.376,0.007
1413.76,-0.171,1.376,0.021
1413.94,-0.145,1.379,0.01
1414.13,-0.174,1.381,-0.017
1414.31,-0.177,1.385,0.01
1414.49,-0.16,1.385,0.04
1414.67,-0.185,1.387,0.011
1414.86,-0.153,1.388,0.042
1415.4,-0.17,1.39,0.024
1415.22,-0.157,1.388,0.027
1415.4,-0.166,1.385,-0.011
1415.58,-0.161,1.384,-0.023
1415.77,-0.173,1.383,-0.017
1415.95,-0.173,1.383,-0.022
1416.13,-0.151,1.387,-0.019
1416.31,-0.164,1.386,-0.003
1416.5,-0.172,1.386,-0.01
1416.68,-0.159,1.387,-0.011
1416.86,-0.18,1.39,-0.02
1417.4,-0.179,1.388,-0.05
1417.22,-0.159,1.39,-0.024
1417.41,-0.195,1.391,-0.029
1417.59,-0.159,1.389,0.009
1417.77,-0.176,1.389,0.022
1417.95,-0.155,1.388,0.029
1418.14,-0.169,1.391,0.023
1418.32,-0.187,1.392,0.037
1418.5,-0.164,1.388,0.04
1418.68,-0.169,1.389,0.048
1418.86,-0.177,1.391,0.059
1419.5,-0.15,1.391,0.042
1419.23,-0.196,1.391,0.038
1419.41,-0.162,1.393,0.02
1419.59,-0.17,1.393,0.02
1419.78,-0.173,1.396,0.026
1419.96,-0.176,1.399,0.02
1420.14,-0.179,1.402,0.021
1420.32,-0.174,1.405,0.016
1420.51,-0.163,1.407,0.028
1420.69,-0.166,1.409,0.019
1420.87,-0.162,1.408,0.03
1421.5,-0.169,1.407,0.031
1421.23,-0.176,1.408,0.044
1421.42,-0.159,1.409,0.029
1421.6,-0.17,1.414,0.052
1421.78,-0.159,1.414,0.039
1421.96,-0.177,1.416,0.047
1422.15,-0.176,1.412,0.034
1422.33,-0.172,1.414,0.041
1422.51,-0.155,1.415,0.049
1422.69,-0.175,1.415,0.06
1422.88,-0.173,1.413,0.04
1423.6,-0.175,1.416,0.071
1423.24,-0.162,1.416,0.05
1423.42,-0.167,1.416,0.061
1423.6,-0.158,1.416,0.063
1423.79,-0.161,1.416,0.047
1423.97,-0.174,1.417,0.047
1424.15,-0.17,1.424,0.052
1424.33,-0.182,1.426,0.044
1424.52,-0.159,1.425,0.051
1424.7,-0.163,1.426,0.043
1427.8,-0.166,1.442,0.054
1427.98,-0.162,1.44,0.053
1428.16,-0.187,1.441,0.025
1428.34,-0.141,1.441,0.038
1428.53,-0.183,1.445,0.016
1428.71,-0.169,1.448,0.008
1428.89,-0.162,1.449,0.008
1429.7,-0.187,1.45,0.03
1429.26,-0.149,1.45,0.039
1429.44,-0.18,1.45,0.036
1429.62,-0.159,1.449,0.04
1429.8,-0.174,1.449,0.062
1429.98,-0.184,1.447,0.049
1430.17,-0.147,1.451,0.063
1430.35,-0.177,1.449,0.062
1430.53,-0.15,1.447,0.059
1430.71,-0.166,1.449,0.054
1430.9,-0.179,1.449,0.05
1431.8,-0.167,1.449,0.061
1431.26,-0.183,1.447,0.047
1431.44,-0.153,1.448,0.05
1431.62,-0.166,1.446,0.052
1431.81,-0.171,1.45,0.048
1431.99,-0.163,1.451,0.043
1432.17,-0.178,1.455,0.054
1432.35,-0.167,1.457,0.054
1432.54,-0.184,1.461,0.056
1432.72,-0.165,1.464,0.065
1432.9,-0.176,1.465,0.055
1433.8,-0.153,1.463,0.072
1433.27,-0.184,1.464,0.067
1433.45,-0.165,1.464,0.079
1433.63,-0.186,1.464,0.06
1433.81,-0.157,1.464,0.082
1433.99,-0.18,1.465,0.063
1434.18,-0.167,1.464,0.064
1434.36,-0.151,1.467,0.052
1434.54,-0.201,1.467,0.038
1434.72,-0.157,1.466,0.043
1434.91,-0.176,1.469,0.065
1435.9,-0.171,1.467,0.035
1435.27,-0.135,1.47,0.053
1435.45,-0.192,1.472,0.034
1435.64,-0.159,1.475,0.031
1435.82,-0.187,1.474,0.028
1436.0,-0.172,1.476,0.042
1436.18,-0.165,1.477,0.037
1436.36,-0.191,1.478,0.04
1436.55,-0.177,1.479,0.045
1436.73,-0.209,1.481,0.046
1436.91,-0.15,1.482,0.052
1437.9,-0.174,1.482,0.041
1437.28,-0.166,1.483,0.039
1437.46,-0.178,1.485,0.04
1440.38,-0.159,1.495,0.037
1440.56,-0.192,1.498,0.043
1440.74,-0.179,1.501,0.04
1440.92,-0.179,1.502,0.043
1441.1,-0.172,1.504,0.034
1441.29,-0.166,1.506,0.048
1441.47,-0.181,1.505,0.046
1441.65,-0.156,1.504,0.019
1441.83,-0.171,1.503,0.027
1442.2,-0.172,1.506,0.034
1442.2,-0.152,1.507,0.045
1442.38,-0.186,1.509,0.031
1442.56,-0.16,1.508,0.055
1442.74,-0.166,1.509,0.056
1442.93,-0.161,1.51,0.053
1443.11,-0.162,1.508,0.046
1443.29,-0.16,1.508,0.06
1443.47,-0.174,1.51,0.048
1443.66,-0.158,1.513,0.038
1443.84,-0.162,1.517,0.045
1444.2,-0.194,1.515,0.037
1444.2,-0.138,1.515,0.026
1444.39,-0.18,1.516,0.013
1444.57,-0.153,1.52,0.021
1444.75,-0.159,1.522,0.043
1444.93,-0.177,1.523,0.045
1445.11,-0.155,1.523,0.031
1445.3,-0.162,1.522,0.001
1445.48,-0.158,1.524,0.004
1445.66,-0.17,1.526,0.006
1445.84,-0.172,1.526,0.024
1446.3,-0.167,1.53,0.03
1446.21,-0.179,1.529,0.053
1446.39,-0.17,1.529,0.051
1446.57,-0.167,1.528,0.059
1446.75,-0.156,1.529,0.049
1446.94,-0.174,1.53,0.044
1447.12,-0.183,1.532,0.012
1447.3,-0.162,1.534,0.022
1447.48,-0.182,1.538,0.033
1447.67,-0.184,1.545,0.025
1447.85,-0.165,1.545,0.053
1448.3,-0.195,1.548,0.043
1448.21,-0.159,1.551,0.045
1448.4,-0.183,1.554,0.036
1448.58,-0.177,1.555,0.035
1448.76,-0.181,1.556,0.027
1448.94,-0.156,1.554,0.021
1449.12,-0.187,1.553,0.028
1449.31,-0.148,1.556,0.024
1449.49,-0.178,1.557,0.013
1449.67,-0.177,1.559,0.035
1449.85,-0.148,1.559,0.076
1450.4,-0.171,1.559,0.037
1450.22,-0.172,1.561,0.012
1450.4,-0.168,1.562,0.006
1450.58,-0.155,1.564,-0.002
1450.77,-0.181,1.563,0.006
1450.95,-0.171,1.565,0.054
1451.13,-0.162,1.567,0.041
1451.31,-0.185,1.567,0.049
1451.49,-0.177,1.567,0.06
1451.68,-0.181,1.568,0.065
1451.86,-0.177,1.569,0.06
1452.4,-0.157,1.57,0.049
1452.22,-0.161,1.573,0.031
1452.41,-0.153,1.573,0.061
1452.59,-0.178,1.569,0.076
1452.77,-0.165,1.573,0.074
1452.95,-0.16,1.572,0.061
1453.14,-0.154,1.575,0.047
1453.32,-0.178,1.572,0.05
1453.5,-0.158,1.573,0.041
1453.68,-0.173,1.576,0.048
1453.86,-0.164,1.577,0.049
1454.5,-0.163,1.578,0.032
1454.23,-0.174,1.578,0.036
1454.41,-0.154,1.579,0.024
1454.59,-0.175,1.581,0.015
1454.78,-0.152,1.584,0.011
1454.96,-0.164,1.585,0.028
1455.14,-0.182,1.586,0.029
1455.32,-0.188,1.59,0.012
1455.5,-0.189,1.594,-0.026
1455.69,-0.163,1.596,-0.017
1455.87,-0.195,1.595,-0.044
1456.5,-0.153,1.596,-0.046
1456.23,-0.178,1.595,-0.057
1456.42,-0.155,1.596,-0.054
1456.6,-0.168,1.595,-0.023
1456.78,-0.145,1.593,0.011
1456.96,-0.188,1.593,0.025
1457.15,-0.18,1.596,0.015
1457.33,-0.183,1.599,0.019
1457.51,-0.172,1.601,0.023
1457.69,-0.173,1.601,0.022
1457.87,-0.18,1.601,0.009
1458.6,-0.159,1.602,0.011
1458.24,-0.176,1.605,0.018
1458.42,-0.16,1.606,0.033
1458.6,-0.188,1.611,0.025
1458.79,-0.168,1.612,0.031
1458.97,-0.182,1.614,0.021
1459.15,-0.148,1.617,0.012
1459.33,-0.154,1.617,0.033
1459.52,-0.155,1.618,0.025
1459.7,-0.158,1.621,0.03
1459.88,-0.144,1.621,0.02
1460.6,-0.17,1.624,0.04
1460.24,-0.18,1.628,0.03
1460.43,-0.17,1.629,0.037
1460.61,-0.187,1.629,0.053
1460.79,-0.161,1.628,0.03
1460.97,-0.172,1.631,0.028
1461.16,-0.168,1.633,-0.0
1461.34,-0.184,1.636,-0.024
1461.52,-0.173,1.635,-0.072
1461.7,-0.18,1.637,-0.088
1461.89,-0.142,1.638,-0.102
1462.7,-0.178,1.637,-0.057
1462.25,-0.141,1.641,-0.02
1462.43,-0.177,1.639,0.025
1462.61,-0.155,1.638,0.036
1462.8,-0.16,1.635,0.042
1462.98,-0.195,1.638,0.01
1463.16,-0.171,1.636,0.004
1463.34,-0.175,1.635,-0.036
1463.53,-0.163,1.635,-0.072
1463.71,-0.164,1.635,-0.082
1463.89,-0.161,1.636,-0.073
1464.7,-0.175,1.634,-0.014
1464.26,-0.166,1.635,-0.007
1464.44,-0.182,1.635,0.021
1464.62,-0.162,1.636,0.001
1464.8,-0.186,1.638,-0.01
1464.98,-0.166,1.637,0.02
1465.17,-0.164,1.638,0.046
1465.35,-0.19,1.64,0.077
1465.53,-0.164,1.64,0.068
1465.71,-0.173,1.64,0.064
1465.9,-0.162,1.641,0.071
1466.8,-0.163,1.643,0.06
1466.26,-0.179,1.644,0.08
1466.44,-0.161,1.648,0.075
1466.63,-0.182,1.649,0.071
1466.81,-0.152,1.648,0.088
1466.99,-0.17,1.647,0.085
1467.17,-0.168,1.645,0.092
1467.35,-0.14,1.645,0.079
1467.54,-0.171,1.646,0.065
1467.72,-0.184,1.648,0.058
1467.9,-0.148,1.646,0.067
1468.8,-0.18,1.647,0.062
1468.27,-0.164,1.648,0.076
1468.45,-0.144,1.649,0.069
1468.63,-0.159,1.648,0.07
1468.81,-0.138,1.647,0.072
1469.0,-0.171,1.65,0.063
1469.18,-0.145,1.655,0.045
1469.36,-0.164,1.656,0.068
1469.54,-0.164,1.659,0.047
1472.46,-0.179,1.677,0.04
1472.64,-0.147,1.678,0.058
1472.82,-0.161,1.68,0.036
1473.1,-0.156,1.679,0.053
1473.19,-0.169,1.68,0.062
1473.37,-0.129,1.683,0.052
1473.55,-0.205,1.683,0.061
1473.74,-0.163,1.687,0.075
1473.92,-0.17,1.685,0.065
1474.1,-0.178,1.687,0.062
1474.28,-0.151,1.689,0.052
1474.46,-0.192,1.687,0.051
1474.65,-0.134,1.686,0.055
1474.83,-0.203,1.687,0.054
1475.1,-0.149,1.689,0.062
1475.19,-0.182,1.688,0.057
1475.38,-0.159,1.69,0.055
1475.56,-0.157,1.691,0.049
1475.74,-0.181,1.693,0.051
1475.92,-0.146,1.696,0.045
1476.1,-0.178,1.696,0.05
1476.29,-0.175,1.696,0.047
1476.47,-0.166,1.698,0.044
1476.65,-0.167,1.698,0.052
1476.83,-0.148,1.701,0.067
1477.2,-0.157,1.7,0.06
1477.2,-0.19,1.701,0.063
1477.38,-0.163,1.703,0.063
1477.56,-0.135,1.703,0.057
1477.75,-0.167,1.706,0.034
1477.93,-0.149,1.704,0.051
1478.11,-0.17,1.707,0.037
1478.29,-0.154,1.711,0.041
1481.21,-0.143,1.713,0.046
1481.39,-0.192,1.714,0.04
1481.57,-0.173,1.717,0.035
1481.76,-0.126,1.717,0.047
1481.94,-0.211,1.718,0.041
1482.12,-0.153,1.718,0.054
1482.3,-0.161,1.719,0.043
1482.48,-0.183,1.722,0.057
1482.67,-0.168,1.725,0.064
1482.85,-0.164,1.725,0.059
1483.3,-0.171,1.725,0.037
1483.21,-0.164,1.726,0.049
1483.4,-0.168,1.724,0.053
1483.58,-0.169,1.725,0.046
1483.76,-0.164,1.726,0.058
1483.94,-0.199,1.727,0.06
1484.13,-0.149,1.728,0.065
1484.31,-0.187,1.731,0.042
1484.49,-0.145,1.731,0.055
1484.67,-0.176,1.733,0.057
1484.85,-0.14,1.736,0.044
1485.4,-0.178,1.736,0.047
1485.22,-0.169,1.738,0.038
1485.4,-0.147,1.737,0.054
1485.58,-0.179,1.74,0.053
1485.77,-0.166,1.743,0.04
1485.95,-0.161,1.743,0.043
1486.13,-0.174,1.742,0.043
1486.31,-0.147,1.744,0.046
1486.49,-0.166,1.746,0.05
1486.68,-0.161,1.745,0.051
1486.86,-0.155,1.743,0.059
1487.4,-0.177,1.742,0.033
1487.22,-0.138,1.741,0.049
1487.41,-0.182,1.742,0.062
1487.59,-0.157,1.744,0.064
1487.77,-0.17,1.745,0.055
1487.95,-0.184,1.746,0.058
1488.14,-0.141,1.748,0.054
1488.32,-0.18,1.75,0.044
1488.5,-0.173,1.75,0.036
1488.68,-0.147,1.751,0.034
1488.86,-0.178,1.752,0.029
1489.5,-0.155,1.752,0.034
1489.23,-0.187,1.749,0.044
1489.41,-0.139,1.75,0.055
1489.59,-0.151,1.752,0.083
1489.78,-0.191,1.751,0.062
1489.96,-0.146,1.75,0.082
1490.14,-0.193,1.753,0.071
1490.32,-0.144,1.754,0.078
1490.5,-0.168,1.758,0.077
1490.69,-0.159,1.76,0.066
1490.87,-0.169,1.763,0.05
1491.5,-0.175,1.763,0.056
1491.23,-0.152,1.762,0.061
1491.42,-0.165,1.765,0.064
1491.6,-0.153,1.764,0.064
1491.78,-0.174,1.764,0.068
1491.96,-0.162,1.764,0.017
1492.15,-0.176,1.765,-0.013
1492.33,-0.151,1.765,-0.031
1492.51,-0.169,1.766,0.019
1492.69,-0.169,1.769,0.041
1492.87,-0.172,1.768,0.062
1493.6,-0.18,1.765,0.063
1493.24,-0.151,1.765,0.069
1493.42,-0.177,1.765,0.048
1493.6,-0.172,1.768,0.052
1493.79,-0.163,1.77,0.065
1493.97,-0.169,1.773,0.065
1494.15,-0.15,1.772,0.08
1494.33,-0.169,1.78,0.074
1494.51,-0.157,1.781,0.077
1494.7,-0.177,1.784,0.076
1494.88,-0.18,1.787,0.071
1495.6,-0.162,1.785,0.074
1495.24,-0.188,1.788,0.034
1495.43,-0.16,1.793,0.056
1495.61,-0.154,1.794,0.053
1495.79,-0.181,1.794,0.051
1495.97,-0.165,1.795,0.044
1496.16,-0.157,1.798,0.057
1496.34,-0.179,1.799,0.071
1496.52,-0.167,1.8,0.049
1496.7,-0.17,1.8,0.055
1496.88,-0.192,1.803,0.042
1497.7,-0.173,1.804,0.045
1497.25,-0.169,1.804,0.038
1497.43,-0.17,1.805,0.034
1497.61,-0.166,1.81,0.035
1497.8,-0.168,1.812,0.028
1497.98,-0.16,1.813,0.028
1498.16,-0.187,1.814,0.021
1498.34,-0.153,1.814,0.026
1498.53,-0.166,1.815,0.035
1498.71,-0.172,1.817,0.017
1498.89,-0.17,1.814,0.03
1499.7,-0.172,1.816,0.014
1499.25,-0.163,1.818,0.007
1499.44,-0.174,1.82,0.021
1499.62,-0.19,1.82,0.016
1499.8,-0.173,1.82,0.033
1499.98,-0.169,1.824,0.042
1500.17,-0.163,1.824,0.048
1500.35,-0.178,1.826,0.029
1500.53,-0.148,1.826,0.042
1500.71,-0.182,1.827,0.059
1500.9,-0.184,1.826,0.07
1501.8,-0.169,1.825,0.1
1501.26,-0.171,1.825,0.088
1501.44,-0.17,1.823,0.059
1501.62,-0.177,1.825,0.05
1501.81,-0.176,1.828,0.052
1501.99,-0.173,1.832,0.079
1502.17,-0.182,1.834,0.051
1502.35,-0.163,1.832,0.057
1502.54,-0.172,1.837,0.058
1502.72,-0.16,1.838,0.06
1502.9,-0.166,1.838,0.077
1503.8,-0.17,1.839,0.074
1503.27,-0.168,1.841,0.047
1503.45,-0.182,1.843,0.045
1503.63,-0.144,1.846,0.044
1503.81,-0.164,1.845,0.052
1503.99,-0.169,1.844,0.014
1504.18,-0.156,1.843,0.046
1504.36,-0.152,1.842,0.04
1504.54,-0.173,1.845,0.041
1504.72,-0.17,1.85,0.039
1504.91,-0.16,1.853,0.041
1505.9,-0.186,1.854,0.029
1505.27,-0.146,1.855,0.044
1505.45,-0.19,1.858,0.037
1505.64,-0.156,1.861,0.028
1505.82,-0.187,1.86,0.03
1506.0,-0.17,1.862,0.039
1506.18,-0.157,1.864,0.026
1506.36,-0.185,1.868,0.031
1506.55,-0.157,1.868,0.052
1506.73,-0.175,1.869,0.052
1508.37,-0.153,1.883,0.036
1508.55,-0.164,1.884,0.053
1508.73,-0.154,1.887,0.027
1508.92,-0.171,1.89,0.058
1509.1,-0.177,1.892,0.041
1509.28,-0.161,1.893,0.044
1509.46,-0.18,1.896,0.019
1509.65,-0.167,1.897,0.026
1509.83,-0.171,1.897,0.041
1510.1,-0.141,1.898,0.054
1510.19,-0.157,1.899,0.053
1510.37,-0.15,1.901,0.026
1510.56,-0.162,1.901,0.048
1510.74,-0.17,1.903,0.039
1510.92,-0.184,1.906,0.041
1511.1,-0.176,1.91,0.034
1511.29,-0.185,1.913,0.038
1511.47,-0.154,1.913,0.043
1511.65,-0.163,1.914,0.03
1511.83,-0.162,1.912,0.043
1512.2,-0.139,1.912,0.049
1512.2,-0.164,1.915,0.05
1512.38,-0.155,1.913,0.05
1512.56,-0.174,1.916,0.057
1512.74,-0.159,1.915,0.056
1512.93,-0.16,1.915,0.037
1513.11,-0.18,1.916,0.043
1513.29,-0.166,1.914,0.041
1513.47,-0.185,1.916,0.005
1513.66,-0.173,1.916,-0.02
1513.84,-0.162,1.918,-0.016
1514.2,-0.164,1.919,-0.011
1514.2,-0.163,1.922,-0.027
1514.38,-0.157,1.923,-0.026
1514.57,-0.156,1.925,-0.047
1514.75,-0.163,1.927,-0.042
1514.93,-0.187,1.927,-0.047
1515.11,-0.168,1.926,-0.026
1515.3,-0.154,1.927,-0.02
1515.48,-0.164,1.927,-0.005
1515.66,-0.164,1.929,0.008
1515.84,-0.153,1.933,0.027
1516.3,-0.189,1.935,0.028
1516.21,-0.155,1.935,0.036
1516.39,-0.175,1.936,0.041
1516.57,-0.172,1.935,0.05
1516.75,-0.174,1.94,0.049
1516.94,-0.167,1.939,0.047
1517.12,-0.178,1.936,0.047
1517.3,-0.157,1.935,0.072
1517.48,-0.165,1.936,0.06
1517.67,-0.182,1.938,0.058
1517.85,-0.169,1.936,0.047
1518.3,-0.183,1.936,0.03
1518.21,-0.152,1.939,0.036
1518.4,-0.162,1.941,0.035
1518.58,-0.163,1.943,0.022
1518.76,-0.162,1.945,0.035
1518.94,-0.17,1.947,0.038
1519.12,-0.16,1.947,0.037
1519.31,-0.168,1.948,0.031
1519.49,-0.157,1.948,0.041
1519.67,-0.161,1.95,0.021
1519.85,-0.173,1.952,0.029
1520.4,-0.17,1.952,0.037
1520.22,-0.178,1.95,0.039
1520.4,-0.186,1.952,0.035
1520.58,-0.18,1.955,0.046
1520.76,-0.171,1.958,0.021
1520.95,-0.158,1.96,0.035
1521.13,-0.163,1.964,0.025
1521.31,-0.169,1.964,0.04
1521.49,-0.175,1.966,0.033
1521.68,-0.174,1.968,0.035
1521.86,-0.163,1.968,0.05
1522.4,-0.177,1.968,0.056
1522.22,-0.142,1.967,0.057
1522.41,-0.184,1.97,0.057
1522.59,-0.175,1.974,0.052
1522.77,-0.155,1.978,0.045
1522.95,-0.18,1.98,0.06
1523.13,-0.161,1.985,0.061
1523.32,-0.178,1.986,0.057
1523.5,-0.162,1.99,0.051
1523.68,-0.157,1.991,0.065
1523.86,-0.162,1.991,0.061
1524.5,-0.158,1.991,0.063
1524.23,-0.148,1.991,0.063
1524.41,-0.168,1.996,0.048
1524.59,-0.169,2.0,0.036
1527.51,-0.165,2.018,0.044
1527.69,-0.169,2.017,0.031
1527.87,-0.165,2.018,0.06
1528.6,-0.176,2.02,0.056
1528.24,-0.184,2.016,0.06
1528.42,-0.156,2.016,0.049
1528.6,-0.183,2.015,0.066
1528.79,-0.154,2.018,0.049
1528.97,-0.158,2.017,0.06
1529.15,-0.18,2.016,0.077
1529.33,-0.168,2.015,0.037
1529.51,-0.161,2.014,0.041
1529.7,-0.173,2.014,0.046
1529.88,-0.161,2.014,0.041
1530.6,-0.18,2.015,0.031
1530.24,-0.169,2.017,0.039
1530.43,-0.171,2.016,0.071
1530.61,-0.174,2.017,0.078
1530.79,-0.182,2.018,0.066
1530.97,-0.188,2.021,0.066
1531.16,-0.152,2.021,0.058
1531.34,-0.147,2.02,0.057
1531.52,-0.148,2.017,0.071
1531.7,-0.163,2.018,0.063
1531.88,-0.139,2.022,0.072
1532.7,-0.162,2.024,0.064
1532.25,-0.161,2.026,0.05
1532.43,-0.166,2.026,0.06
1532.61,-0.164,2.026,0.064
1532.8,-0.151,2.028,0.054
1532.98,-0.169,2.029,0.058
1533.16,-0.149,2.032,0.073
1533.34,-0.176,2.033,0.042
1533.52,-0.149,2.036,0.065
1533.71,-0.169,2.036,0.071
1533.89,-0.167,2.038,0.072
1534.7,-0.151,2.038,0.072
1534.25,-0.163,2.039,0.064
1534.44,-0.158,2.039,0.071
1534.62,-0.176,2.041,0.044
1534.8,-0.169,2.042,0.046
1534.98,-0.17,2.04,0.046
1535.17,-0.16,2.041,0.042
1535.35,-0.17,2.043,0.022
1535.53,-0.179,2.048,0.024
1535.71,-0.157,2.048,0.027
1535.89,-0.177,2.046,0.033
1536.8,-0.169,2.048,0.036
1536.26,-0.17,2.05,0.025
1536.44,-0.167,2.05,0.047
1536.62,-0.158,2.048,0.041
1536.81,-0.177,2.047,0.026
1536.99,-0.16,2.047,0.052
1537.17,-0.184,2.048,0.077
1537.35,-0.144,2.05,0.074
1537.53,-0.166,2.054,0.077
1537.72,-0.163,2.055,0.073
1537.9,-0.174,2.052,0.063
1538.8,-0.167,2.054,0.062
1538.26,-0.174,2.054,0.048
1538.45,-0.146,2.056,0.053
1538.63,-0.171,2.059,0.045
1539.54,-0.152,2.064,0.026
1539.72,-0.165,2.061,0.04
1539.9,-0.151,2.063,0.037
1540.9,-0.152,2.064,0.015
1540.27,-0.172,2.067,0.036
1540.45,-0.127,2.068,0.047
1540.63,-0.144,2.067,0.029
1540.82,-0.151,2.068,0.02
1541.0,-0.155,2.07,0.026
1541.18,-0.152,2.068,0.039
1541.36,-0.18,2.071,0.022
1547.1,-0.155,2.096,0.02
1547.2,-0.154,2.098,0.025
1547.38,-0.139,2.097,0.042
1547.56,-0.169,2.097,0.049
1547.74,-0.155,2.098,0.07
1547.92,-0.175,2.099,0.07
1548.11,-0.16,2.1,0.043
1548.29,-0.153,2.102,0.043
1548.47,-0.161,2.1,0.029
1548.65,-0.173,2.105,0.034
1548.84,-0.169,2.106,0.019
1549.2,-0.166,2.109,0.055
1549.2,-0.18,2.109,0.043
1549.38,-0.137,2.107,0.061
1549.56,-0.193,2.111,0.057
1549.75,-0.124,2.11,0.064
1549.93,-0.174,2.111,0.061
1550.11,-0.16,2.109,0.062
1550.29,-0.167,2.111,0.045
1550.48,-0.17,2.114,0.059
1550.66,-0.178,2.116,0.043
1550.84,-0.164,2.117,0.054
1551.2,-0.184,2.119,0.053
1551.2,-0.173,2.119,0.046
1551.39,-0.158,2.119,0.051
1551.57,-0.154,2.118,0.05
1551.75,-0.166,2.116,0.057
1551.93,-0.162,2.115,0.056
1552.12,-0.173,2.117,0.028
1552.3,-0.16,2.118,0.0
1552.48,-0.154,2.12,0.003
1552.66,-0.17,2.12,0.011
1552.84,-0.154,2.121,0.023
1553.3,-0.185,2.12,0.039
1553.21,-0.158,2.123,0.052
1553.39,-0.157,2.122,0.059
1553.57,-0.181,2.122,0.044
1553.76,-0.166,2.127,0.04
1553.94,-0.171,2.127,0.051
1554.12,-0.174,2.128,0.043
1554.3,-0.168,2.13,0.054
1554.49,-0.15,2.131,0.056
1554.67,-0.167,2.13,0.062
1554.85,-0.168,2.128,0.043
1555.3,-0.183,2.127,0.061
1555.21,-0.214,2.131,0.039
1555.4,-0.15,2.136,0.042
1555.58,-0.17,2.141,0.037
1555.76,-0.151,2.143,0.059
1555.94,-0.198,2.147,0.042
1556.13,-0.175,2.148,0.058
1556.31,-0.178,2.15,0.033
1556.49,-0.176,2.154,0.025
1556.67,-0.181,2.152,0.036
1556.85,-0.167,2.154,0.043
1557.4,-0.204,2.157,0.035
1557.22,-0.144,2.158,0.028
1557.4,-0.179,2.158,0.037
1557.58,-0.148,2.158,0.032
1557.77,-0.186,2.159,0.025
1557.95,-0.124,2.158,0.031
1558.13,-0.199,2.159,0.023
1558.31,-0.141,2.159,0.032
1558.5,-0.204,2.159,0.024
1558.68,-0.179,2.159,0.038
1558.86,-0.167,2.161,0.043
1559.4,-0.168,2.16,0.033
1559.22,-0.173,2.161,0.012
1559.41,-0.17,2.162,0.017
1559.59,-0.17,2.162,0.034
1559.77,-0.188,2.166,0.027
1559.95,-0.184,2.166,0.019
1560.14,-0.171,2.164,0.024
1560.32,-0.192,2.166,0.013
1560.5,-0.158,2.17,0.029
1560.68,-0.219,2.173,-0.013
1560.86,-0.137,2.173,0.009
1561.5,-0.185,2.174,0.007
1561.23,-0.17,2.175,0.017
1561.41,-0.201,2.174,0.002
1561.59,-0.163,2.173,0.021
1561.78,-0.187,2.173,0.015
1561.96,-0.142,2.174,-0.0
1562.14,-0.178,2.175,-0.002
1562.32,-0.151,2.174,-0.004
1562.51,-0.193,2.175,0.018
1562.69,-0.147,2.174,0.03
1562.87,-0.199,2.178,0.042
1563.5,-0.149,2.183,0.05
1563.23,-0.204,2.181,0.065
1563.42,-0.18,2.184,0.06
1563.6,-0.162,2.18,0.062
1563.78,-0.18,2.182,0.036
1563.96,-0.153,2.184,0.05
1564.15,-0.144,2.185,0.054
1564.33,-0.202,2.188,0.067
1564.51,-0.163,2.187,0.045
1564.69,-0.143,2.187,0.086
1564.87,-0.172,2.19,0.047
1565.6,-0.157,2.186,0.037
1565.24,-0.189,2.185,0.044
1565.42,-0.144,2.187,0.06
1568.52,-0.202,2.212,0.054
1568.7,-0.192,2.214,0.029
1568.88,-0.084,2.215,0.043
1569.7,-0.291,2.219,0.062
1569.25,-0.117,2.219,0.079
1569.43,-0.235,2.219,0.037
1569.61,-0.156,2.222,0.056
1569.8,-0.184,2.221,0.05
1569.98,-0.172,2.223,0.008
1570.16,-0.18,2.224,0.052
1570.34,-0.213,2.231,0.062
1570.52,-0.149,2.23,0.039
1570.71,-0.16,2.227,0.052
1570.89,-0.154,2.23,0.048
1571.7,-0.155,2.23,0.032
1571.25,-0.159,2.233,0.015
1571.44,-0.191,2.235,0.041
1571.62,-0.137,2.241,-0.003
1571.8,-0.162,2.239,0.05
1571.98,-0.148,2.242,0.061
1572.16,-0.22,2.242,0.044
1572.35,-0.107,2.244,0.059
1572.53,-0.167,2.244,0.059
1572.71,-0.186,2.245,0.051
1572.89,-0.11,2.241,0.065
1573.8,-0.206,2.246,0.057
1573.26,-0.093,2.245,0.083
1573.44,-0.215,2.247,0.07
1573.62,-0.162,2.242,0.041
1573.81,-0.164,2.243,0.032
1573.99,-0.189,2.244,0.019
1574.17,-0.161,2.247,0.018
1574.35,-0.143,2.246,0.055
1574.53,-0.248,2.252,0.007
1574.72,-0.105,2.248,0.047
1574.9,-0.184,2.251,0.065
1575.8,-0.164,2.254,0.051
1575.26,-0.175,2.261,0.036
1575.45,-0.155,2.259,0.083
1575.63,-0.149,2.264,0.065
1575.81,-0.157,2.265,0.054
1575.99,-0.167,2.268,0.055
1576.17,-0.168,2.271,0.077
1576.36,-0.173,2.274,0.055
1576.54,-0.152,2.272,0.084
1576.72,-0.208,2.274,0.044
1576.9,-0.14,2.276,0.045
1577.9,-0.15,2.276,0.072
1577.27,-0.159,2.277,0.077
1577.45,-0.207,2.279,0.058
1577.63,-0.155,2.279,0.083
1577.81,-0.167,2.286,0.064
1578.0,-0.158,2.286,0.054
1578.18,-0.176,2.289,0.038
1578.36,-0.155,2.289,0.051
1578.54,-0.155,2.292,0.048
1578.73,-0.131,2.291,0.054
1578.91,-0.159,2.291,0.032
1579.9,-0.16,2.292,0.041
1579.27,-0.145,2.293,0.031
1579.45,-0.168,2.291,0.059
1579.64,-0.133,2.293,0.024
1579.82,-0.172,2.297,0.051
1580.0,-0.164,2.301,0.058
1580.18,-0.16,2.303,0.046
1580.37,-0.159,2.304,0.04
1580.55,-0.131,2.303,0.027
1580.73,-0.165,2.305,0.043
1581.28,-0.136,2.308,0.062
1581.46,-0.157,2.31,0.062
1581.64,-0.156,2.311,0.054
1581.82,-0.166,2.309,0.056
1582.1,-0.157,2.308,0.084
1582.19,-0.167,2.307,0.064
1582.37,-0.167,2.307,0.06
1582.55,-0.17,2.306,0.051
1582.74,-0.165,2.306,0.029
1582.92,-0.151,2.304,0.049
1583.1,-0.157,2.305,0.049
1583.28,-0.171,2.305,0.03
1583.46,-0.169,2.307,0.056
1583.65,-0.185,2.309,0.039
1583.83,-0.166,2.313,0.031
1584.1,-0.184,2.315,0.029
1584.19,-0.164,2.316,0.048
1584.38,-0.2,2.318,0.033
1584.56,-0.152,2.318,0.051
1584.74,-0.176,2.317,0.034
1584.92,-0.153,2.318,0.047
1585.1,-0.149,2.318,0.055
1585.29,-0.16,2.323,0.04
1585.47,-0.165,2.322,0.056
1585.65,-0.174,2.324,0.046
1585.83,-0.174,2.323,0.052
1586.2,-0.152,2.324,0.044
1586.2,-0.158,2.323,0.056
1586.38,-0.164,2.321,0.047
1586.56,-0.157,2.325,0.058
1586.74,-0.161,2.326,0.062
1586.93,-0.158,2.329,0.059
1587.11,-0.173,2.331,0.059
1587.29,-0.174,2.332,0.052
1587.47,-0.156,2.333,0.037
1587.66,-0.155,2.335,0.021
1587.84,-0.156,2.334,0.014
1588.2,-0.171,2.335,0.018
1588.2,-0.16,2.337,0.031
1588.38,-0.17,2.336,0.04
1588.57,-0.175,2.337,0.044
1588.75,-0.161,2.34,0.044
1588.93,-0.154,2.343,0.028
1589.11,-0.157,2.344,0.045
1589.3,-0.174,2.347,0.055
1589.48,-0.158,2.347,0.063
1589.84,-0.134,2.349,0.076
1590.2,-0.181,2.35,0.066
1590.21,-0.168,2.349,0.048
1590.39,-0.163,2.354,0.047
1590.57,-0.159,2.353,0.046
1590.75,-0.183,2.355,0.031
1590.94,-0.175,2.356,0.056
1591.12,-0.196,2.359,0.085
1591.3,-0.159,2.363,0.054
1591.48,-0.19,2.365,0.027
1591.66,-0.148,2.369,0.059
1591.85,-0.16,2.366,0.062
1592.3,-0.168,2.367,0.083
1592.21,-0.175,2.368,0.064
1592.39,-0.162,2.369,0.068
1592.58,-0.188,2.372,0.068
1592.76,-0.155,2.374,0.041
1592.94,-0.175,2.372,0.044
1593.12,-0.147,2.374,0.044
1593.31,-0.18,2.377,0.031
1593.49,-0.152,2.376,0.051
1593.67,-0.183,2.377,0.048
1593.85,-0.155,2.378,0.048
1594.3,-0.159,2.375,0.069
1594.22,-0.165,2.375,0.047
1594.4,-0.149,2.375,0.043
1594.58,-0.165,2.381,0.027
1594.76,-0.163,2.383,0.032
1594.95,-0.173,2.384,0.038
1595.13,-0.173,2.383,0.035
1595.31,-0.162,2.382,0.036
1595.49,-0.159,2.385,0.042
1597.13,-0.158,2.407,0.081
1597.31,-0.166,2.409,0.063
1597.5,-0.146,2.41,0.053
1597.68,-0.159,2.412,0.031
1597.86,-0.164,2.413,0.035
1598.4,-0.17,2.412,0.039
1598.23,-0.146,2.411,0.049
1598.41,-0.163,2.411,0.033
1598.59,-0.17,2.411,0.049
1598.77,-0.207,2.412,0.049
1598.95,-0.138,2.412,0.046
1599.14,-0.195,2.413,0.035
1599.32,-0.15,2.413,0.031
1599.5,-0.167,2.413,0.033
1599.68,-0.178,2.414,0.05
1599.87,-0.162,2.415,0.043
1600.5,-0.172,2.416,0.036
1600.23,-0.162,2.418,0.043
1600.41,-0.152,2.42,0.047
1600.59,-0.147,2.421,0.042
1600.78,-0.163,2.421,0.044
1600.96,-0.162,2.423,0.036
1601.14,-0.155,2.424,0.042
1601.32,-0.168,2.426,0.061
1601.51,-0.146,2.427,0.065
1601.69,-0.159,2.429,0.07
1601.87,-0.145,2.429,0.071
1602.5,-0.173,2.427,0.071
1602.23,-0.153,2.429,0.071
1602.42,-0.162,2.429,0.072
1602.6,-0.154,2.43,0.068
1602.78,-0.172,2.432,0.072
1602.96,-0.149,2.434,0.077
1603.15,-0.174,2.435,0.073
1603.33,-0.142,2.436,0.081
1603.51,-0.176,2.438,0.068
1603.69,-0.164,2.439,0.065
1603.88,-0.169,2.439,0.048
1604.6,-0.162,2.439,0.039
1604.24,-0.165,2.441,0.034
1604.42,-0.175,2.444,0.054
1604.6,-0.163,2.442,0.076
1604.79,-0.162,2.444,0.075
1604.97,-0.175,2.447,0.073
1605.15,-0.159,2.447,0.077
1605.33,-0.157,2.447,0.077
1605.52,-0.175,2.448,0.082
1605.7,-0.155,2.451,0.089
1605.88,-0.163,2.452,0.074
1606.6,-0.159,2.455,0.081
1606.24,-0.159,2.457,0.09
1606.43,-0.166,2.463,0.071
1606.61,-0.147,2.464,0.07
1606.79,-0.163,2.465,0.081
1606.97,-0.169,2.468,0.069
1607.16,-0.138,2.468,0.089
1607.34,-0.155,2.467,0.089
1607.52,-0.152,2.469,0.084
1607.7,-0.167,2.467,0.053
1607.88,-0.18,2.465,0.07
1608.7,-0.167,2.467,0.073
1608.25,-0.162,2.471,0.066
1609.71,-0.188,2.48,0.051
1609.89,-0.15,2.48,0.047
1610.7,-0.162,2.482,0.029
1610.25,-0.156,2.483,0.037
1610.44,-0.155,2.486,0.055
1610.62,-0.147,2.488,0.032
1610.8,-0.168,2.486,0.043
1610.98,-0.18,2.485,0.036
1611.16,-0.161,2.486,0.043
1611.35,-0.161,2.489,0.045
1611.53,-0.143,2.486,0.035
1611.71,-0.175,2.489,0.025
1611.89,-0.144,2.491,0.013
1612.8,-0.152,2.494,0.039
1612.26,-0.177,2.497,0.026
1612.44,-0.149,2.498,0.024
1612.62,-0.181,2.498,0.026
1612.8,-0.176,2.502,0.028
1612.99,-0.151,2.5,0.047
1613.17,-0.18,2.499,0.059
1613.35,-0.139,2.499,0.058
1613.53,-0.174,2.499,0.034
1613.72,-0.151,2.499,0.02
1613.9,-0.152,2.503,0.014
1614.8,-0.171,2.508,0.027
1614.26,-0.159,2.51,0.006
1614.44,-0.171,2.508,0.008
1614.63,-0.157,2.508,0.02
1614.81,-0.179,2.511,0.011
1614.99,-0.162,2.511,0.022
1615.17,-0.165,2.512,0.019
1615.36,-0.178,2.511,0.026
1615.54,-0.159,2.51,0.049
1615.72,-0.193,2.51,0.044
1615.9,-0.132,2.513,0.06
1616.9,-0.175,2.516,0.057
1616.27,-0.149,2.518,0.065
1616.45,-0.168,2.517,0.064
1616.63,-0.147,2.52,0.064
1616.81,-0.166,2.521,0.064
1617.0,-0.163,2.523,0.069
1617.18,-0.162,2.523,0.059
1617.36,-0.192,2.524,0.051
1617.54,-0.17,2.526,0.062
1617.73,-0.162,2.528,0.047
1617.91,-0.163,2.53,0.039
1618.9,-0.169,2.533,0.046
1618.27,-0.158,2.532,0.031
1618.45,-0.15,2.532,0.023
1618.64,-0.159,2.536,0.031
1618.82,-0.164,2.538,0.031
1619.0,-0.175,2.542,0.024
1619.18,-0.136,2.543,0.044
1619.37,-0.2,2.545,0.042
1619.55,-0.162,2.547,0.044
1619.73,-0.181,2.544,0.048
1619.91,-0.192,2.546,0.057
1620.9,-0.174,2.549,0.052
1620.28,-0.167,2.549,0.051
1620.46,-0.17,2.554,0.059
1620.64,-0.152,2.559,0.043
1620.82,-0.183,2.558,0.039
1621.1,-0.164,2.559,0.062
1621.19,-0.193,2.563,0.048
1621.37,-0.159,2.565,0.046
1621.55,-0.179,2.566,0.048
1621.73,-0.151,2.564,0.065
1621.92,-0.181,2.563,0.041
1622.1,-0.14,2.56,0.06
1622.28,-0.192,2.562,0.058
1622.46,-0.153,2.561,0.062
1622.65,-0.167,2.562,0.058
1622.83,-0.154,2.563,0.07
1623.1,-0.167,2.563,0.069
1623.19,-0.162,2.565,0.078
1623.37,-0.19,2.567,0.05
1623.56,-0.171,2.57,0.013
1623.74,-0.171,2.574,0.022
1623.92,-0.149,2.577,0.013
1624.1,-0.171,2.575,0.008
1624.29,-0.149,2.575,0.001
1624.47,-0.168,2.573,0.011
1624.65,-0.182,2.569,0.011
1624.83,-0.141,2.566,0.025
1625.1,-0.16,2.569,0.014
1625.2,-0.161,2.569,0.016
1625.38,-0.183,2.57,0.035
1625.56,-0.146,2.572,0.052
1625.74,-0.174,2.577,0.048
1625.93,-0.14,2.576,0.052
1626.11,-0.164,2.576,0.049
1626.29,-0.149,2.576,0.071
1626.47,-0.152,2.578,0.052
1626.65,-0.181,2.576,0.065
1626.84,-0.163,2.575,0.044
1627.2,-0.176,2.577,0.043
1627.2,-0.16,2.577,0.026
1627.38,-0.164,2.579,0.025
1627.57,-0.167,2.58,0.025
1627.75,-0.18,2.581,0.047
1627.93,-0.173,2.581,0.046
1628.11,-0.181,2.58,0.069
1628.3,-0.185,2.581,0.056
1628.48,-0.172,2.584,0.008
1628.66,-0.149,2.587,0.008
1628.84,-0.171,2.588,-0.027
1629.2,-0.164,2.588,-0.004
1629.21,-0.165,2.588,-0.023
1629.39,-0.145,2.587,-0.02
1629.57,-0.197,2.587,-0.016
1629.75,-0.148,2.591,-0.005
1629.94,-0.182,2.59,0.018
1630.12,-0.174,2.593,0.018
1630.3,-0.174,2.595,0.019
1630.48,-0.181,2.594,0.02
1630.66,-0.168,2.594,0.028
1630.85,-0.176,2.593,0.029
1631.3,-0.15,2.593,0.049
1631.21,-0.161,2.597,0.048
1631.39,-0.166,2.594,0.041
1631.58,-0.187,2.595,0.039
1631.76,-0.128,2.597,0.036
1631.94,-0.185,2.599,0.028
1632.12,-0.145,2.599,0.038
1632.3,-0.184,2.6,0.032
1632.49,-0.155,2.602,0.052
1632.67,-0.183,2.603,0.029
1632.85,-0.153,2.603,0.058
1633.3,-0.181,2.604,0.046
1633.22,-0.145,2.605,0.047
1633.4,-0.173,2.605,0.057
1633.58,-0.167,2.602,0.044
1633.76,-0.146,2.602,0.045
1633.94,-0.187,2.601,0.059
1634.13,-0.149,2.606,0.07
1634.31,-0.175,2.61,0.041
1634.49,-0.148,2.61,0.052
1634.67,-0.18,2.614,0.054
1634.86,-0.17,2.615,0.039
1635.4,-0.188,2.617,0.038
1635.22,-0.173,2.619,0.028
1635.4,-0.14,2.614,0.018
1635.59,-0.207,2.615,0.039
1635.77,-0.142,2.615,0.027
1635.95,-0.185,2.618,0.039
1636.13,-0.161,2.621,0.035
1636.31,-0.152,2.621,0.047
1636.5,-0.172,2.623,0.032
1636.68,-0.154,2.624,0.037
1636.86,-0.185,2.624,0.016
1637.4,-0.173,2.623,0.033
1637.23,-0.18,2.621,0.018
1637.41,-0.176,2.623,0.039
1637.59,-0.17,2.623,0.047
1637.77,-0.163,2.626,0.045
1637.95,-0.175,2.625,0.033
1638.14,-0.171,2.625,0.049
1638.32,-0.18,2.625,0.079
1638.5,-0.177,2.623,0.075
1638.68,-0.174,2.624,0.076
1638.87,-0.176,2.623,0.079
1639.5,-0.155,2.625,0.074
1639.23,-0.187,2.626,0.083
1639.41,-0.173,2.629,0.075
1639.6,-0.182,2.634,0.076
1639.78,-0.154,2.638,0.082
1639.96,-0.178,2.64,0.067
1640.14,-0.165,2.64,0.087
1640.32,-0.162,2.643,0.064
1640.51,-0.173,2.646,0.078
1640.69,-0.175,2.649,0.093
1640.87,-0.188,2.65,0.069
1641.5,-0.155,2.651,0.073
1641.24,-0.166,2.652,0.066
1641.42,-0.175,2.653,0.07
1641.6,-0.181,2.656,0.06
1641.78,-0.156,2.657,0.08
1641.96,-0.184,2.657,0.075
1642.15,-0.161,2.655,0.054
1642.33,-0.179,2.656,0.068
1642.51,-0.175,2.655,0.025
1642.69,-0.176,2.658,0.045
1642.88,-0.192,2.661,0.015
1643.6,-0.162,2.662,0.011
1643.24,-0.181,2.668,0.023
1643.42,-0.16,2.669,0.027
1643.6,-0.177,2.671,0.019
1643.79,-0.148,2.673,0.025
1643.97,-0.179,2.674,0.029
1644.15,-0.163,2.673,0.028
1644.33,-0.186,2.673,0.031
1644.52,-0.156,2.673,0.017
1644.7,-0.172,2.675,0.037
1644.88,-0.163,2.679,0.058
1645.6,-0.16,2.676,0.051
1645.25,-0.176,2.675,0.062
1645.43,-0.15,2.675,0.073
1645.61,-0.179,2.677,0.072
1645.79,-0.17,2.679,0.064
1645.97,-0.165,2.682,0.059
1650.9,-0.173,2.706,0.043
1651.8,-0.176,2.708,0.07
1651.26,-0.166,2.71,0.08
1651.44,-0.163,2.71,0.053
1651.62,-0.154,2.708,0.045
1651.81,-0.175,2.71,0.05
1651.99,-0.168,2.71,0.042
1652.17,-0.159,2.71,0.059
1652.35,-0.168,2.711,0.061
1658.0,-0.166,2.737,-0.019
1658.19,-0.165,2.738,-0.023
1658.37,-0.159,2.739,-0.004
1658.55,-0.172,2.74,0.024
1658.73,-0.164,2.743,0.02
1658.92,-0.174,2.746,-0.016
1659.1,-0.161,2.747,-0.031
1659.28,-0.167,2.748,-0.044
1659.46,-0.177,2.75,-0.014
1659.64,-0.153,2.751,-0.013
1659.83,-0.168,2.753,-0.008
1660.1,-0.176,2.755,-0.01
1660.19,-0.17,2.755,0.016
1660.74,-0.157,2.753,0.033
1660.92,-0.18,2.756,0.039
1661.1,-0.156,2.758,0.033
1661.28,-0.164,2.755,0.05
1661.47,-0.163,2.753,0.071
1661.65,-0.167,2.757,0.087
1661.83,-0.179,2.758,0.078
1662.1,-0.154,2.759,0.07
1662.2,-0.175,2.757,0.087
1662.38,-0.164,2.757,0.072
1662.56,-0.186,2.756,0.061
1662.74,-0.16,2.758,0.073
1662.93,-0.19,2.758,0.069
1663.11,-0.173,2.76,0.077
1663.29,-0.189,2.761,0.062
1663.47,-0.168,2.762,0.08
1663.65,-0.169,2.763,0.074
1663.84,-0.163,2.763,0.06
1664.2,-0.163,2.764,0.041
1664.2,-0.176,2.76,0.036
1664.38,-0.165,2.761,0.033
1664.57,-0.178,2.764,0.03
1664.75,-0.179,2.765,0.025
1664.93,-0.16,2.763,0.038
1665.66,-0.161,2.774,0.042
1665.84,-0.17,2.777,0.048
1666.2,-0.15,2.778,0.036
1666.21,-0.171,2.778,0.046
1666.39,-0.174,2.779,0.035
1666.57,-0.153,2.777,0.045
1666.75,-0.173,2.775,0.037
1666.94,-0.175,2.776,0.052
1667.12,-0.144,2.778,0.042
1671.86,-0.187,2.795,0.029
1672.4,-0.167,2.795,0.037
1672.22,-0.157,2.799,0.048
1672.4,-0.18,2.8,0.045
1672.59,-0.168,2.801,0.034
1672.77,-0.175,2.802,0.038
1672.95,-0.166,2.8,0.059
1673.13,-0.174,2.801,0.033
1673.31,-0.151,2.8,0.054
1673.5,-0.165,2.802,0.023
1673.68,-0.132,2.802,0.055
1673.86,-0.189,2.805,0.034
1674.4,-0.152,2.803,0.051
1674.23,-0.182,2.802,0.043
1674.41,-0.162,2.805,0.052
1674.59,-0.131,2.807,0.055
1674.77,-0.193,2.809,0.052
1674.96,-0.131,2.809,0.041
1676.23,-0.136,2.818,0.063
1676.41,-0.171,2.821,0.057
1676.6,-0.139,2.823,0.045
1676.78,-0.186,2.822,0.051
1676.96,-0.169,2.824,0.036
1677.14,-0.162,2.825,0.034
1677.32,-0.186,2.828,0.049
1677.51,-0.161,2.831,0.035
1677.69,-0.162,2.83,0.035
1677.87,-0.163,2.833,0.03
1678.5,-0.174,2.836,0.027
1678.24,-0.135,2.838,0.038
1678.42,-0.185,2.839,0.018
1678.6,-0.161,2.841,0.042
1678.78,-0.139,2.841,0.054
1679.88,-0.163,2.841,0.014
1680.6,-0.151,2.837,0.003
1680.24,-0.156,2.836,0.026
1680.42,-0.176,2.839,0.016
1680.61,-0.174,2.842,0.025
1680.79,-0.149,2.845,0.039
1680.97,-0.166,2.845,0.047
1681.15,-0.155,2.847,0.035
1681.33,-0.159,2.846,0.025
1681.52,-0.185,2.846,0.038
1681.7,-0.136,2.847,0.01
1681.88,-0.203,2.849,0.004
1682.6,-0.184,2.854,-0.001
1682.25,-0.141,2.85,0.008
1682.43,-0.188,2.852,0.01
1682.61,-0.135,2.854,0.015
1682.79,-0.168,2.854,0.028
1682.97,-0.155,2.852,0.023
1683.16,-0.203,2.856,0.038
1683.34,-0.136,2.858,0.028
1683.52,-0.205,2.862,0.042
1683.7,-0.118,2.865,0.048
1683.89,-0.177,2.864,0.031
1684.7,-0.153,2.867,0.033
1684.25,-0.171,2.867,0.054
1684.43,-0.169,2.869,0.031
1684.62,-0.158,2.868,0.026
1684.8,-0.172,2.87,0.012
1684.98,-0.15,2.869,0.027
1685.16,-0.156,2.87,0.016
1685.34,-0.157,2.871,0.04
1685.53,-0.17,2.867,0.064
1685.71,-0.165,2.866,0.067
1685.89,-0.164,2.866,0.074
1686.7,-0.153,2.868,0.063
1686.26,-0.144,2.869,0.064
1686.44,-0.164,2.87,0.054
1686.62,-0.165,2.871,0.07
1686.8,-0.169,2.872,0.092
1686.98,-0.172,2.873,0.069
1687.17,-0.164,2.87,0.076
1687.35,-0.161,2.872,0.096
1687.53,-0.164,2.873,0.077
1687.71,-0.155,2.872,0.073
1687.9,-0.171,2.874,0.073
1688.8,-0.165,2.874,0.076
1688.26,-0.168,2.877,0.047
1688.44,-0.159,2.879,0.06
1688.62,-0.18,2.879,0.06
1688.81,-0.169,2.882,0.06
1688.99,-0.145,2.882,0.043
1689.17,-0.168,2.883,0.069
1689.35,-0.162,2.887,0.066
1689.54,-0.149,2.888,0.075
1689.72,-0.173,2.887,0.065
1689.9,-0.17,2.884,0.068
1690.8,-0.192,2.886,0.08
1690.27,-0.157,2.886,0.07
1690.45,-0.184,2.889,0.083
1690.63,-0.194,2.891,0.085
1690.81,-0.12,2.892,0.055
1690.99,-0.197,2.896,0.068
1691.18,-0.138,2.901,0.068
1691.36,-0.163,2.899,0.055
1691.54,-0.158,2.9,0.041
1691.72,-0.167,2.902,0.043
1691.91,-0.159,2.906,0.042
1692.9,-0.162,2.909,0.042
1692.27,-0.151,2.91,0.057
1692.45,-0.191,2.911,0.047
1692.63,-0.151,2.912,0.052
1692.82,-0.148,2.916,0.049
1693.0,-0.153,2.918,0.041
1693.18,-0.196,2.919,0.058
1693.36,-0.188,2.921,0.044
1693.55,-0.13,2.922,0.044
1693.73,-0.209,2.924,0.057
1693.91,-0.184,2.928,0.067
1694.9,-0.13,2.927,0.051
1694.28,-0.22,2.93,0.058
1694.46,-0.133,2.932,0.057
1694.64,-0.183,2.932,0.045
1694.82,-0.194,2.934,0.084
1695.0,-0.138,2.934,0.089
1695.19,-0.198,2.934,0.078
1695.37,-0.148,2.936,0.077
1695.55,-0.175,2.939,0.061
1695.73,-0.154,2.94,0.076
1695.92,-0.189,2.94,0.073
1696.1,-0.136,2.941,0.074
1696.28,-0.173,2.944,0.065
1696.46,-0.16,2.944,0.052
1696.64,-0.152,2.946,0.044
1696.83,-0.185,2.943,0.057
1697.1,-0.15,2.945,0.049
1697.19,-0.155,2.943,0.044
1697.37,-0.205,2.948,0.047
1697.56,-0.109,2.946,0.056
1697.74,-0.246,2.949,0.048
1697.92,-0.089,2.951,0.065
1698.1,-0.214,2.951,0.03
1698.29,-0.14,2.952,0.038
1698.47,-0.166,2.952,0.031
1698.65,-0.165,2.954,0.018
1698.83,-0.192,2.954,0.028
1699.1,-0.152,2.954,0.035
1699.2,-0.176,2.953,0.051
1699.38,-0.158,2.955,0.07
1699.56,-0.17,2.953,0.039
1699.74,-0.189,2.954,0.05
1699.93,-0.17,2.956,0.06
1700.11,-0.156,2.957,0.056
1700.29,-0.189,2.956,0.052
1700.47,-0.147,2.954,0.04
1700.65,-0.151,2.955,0.037
1700.84,-0.173,2.955,0.047
1701.2,-0.17,2.955,0.049
1701.2,-0.154,2.954,0.058
1701.38,-0.159,2.957,0.061
1701.57,-0.157,2.961,0.043
1701.75,-0.135,2.962,0.057
1701.93,-0.179,2.964,0.068
1702.11,-0.124,2.963,0.073
1702.3,-0.162,2.963,0.063
1702.48,-0.169,2.962,0.071
1702.66,-0.168,2.962,0.053
1702.84,-0.166,2.965,0.048
1703.2,-0.203,2.969,0.073
1703.21,-0.171,2.971,0.04
1704.3,-0.15,2.98,0.07
1704.48,-0.187,2.979,0.082
1704.66,-0.152,2.977,0.035
1704.85,-0.165,2.981,0.049
1705.3,-0.185,2.983,0.058
1705.21,-0.16,2.982,0.052
1705.39,-0.157,2.981,0.045
1705.58,-0.171,2.985,0.046
1705.76,-0.174,2.988,0.028
1705.94,-0.157,2.992,0.039
1706.12,-0.184,2.992,0.028
1706.31,-0.159,2.994,0.029
1706.49,-0.194,2.998,0.006
1706.67,-0.172,2.997,0.022
1706.85,-0.042,0.0,0.006
1707.3,-0.16,0.003,0.035
1707.22,-0.145,0.0,0.037
1707.4,-0.197,0.0,0.035
1707.58,-0.132,0.001,0.018
1707.76,-0.17,0.001,0.045
1707.95,-0.175,0.004,0.024
1708.13,-0.138,0.001,0.037
1708.31,-0.223,0.0,0.042
1708.49,-0.119,-0.001,0.066
1708.67,-0.208,0.0,0.055
1708.86,-0.15,0.004,0.07
1709.4,-0.197,0.005,0.08
1709.22,-0.146,0.006,0.05
1709.4,-0.207,0.01,0.054
1709.59,-0.132,0.011,0.077
1709.77,-0.191,0.011,0.06
1709.95,-0.151,0.012,0.056
1710.13,-0.169,0.014,0.083
1710.31,-0.153,0.014,0.044
1710.5,-0.195,0.012,0.069
1710.68,-0.15,0.011,0.066
1710.86,-0.185,0.01,0.048
1711.4,-0.155,0.014,0.048
1711.23,-0.152,0.016,0.04
1711.41,-0.151,0.016,0.021
1711.59,-0.175,0.012,0.021
1711.77,-0.175,0.011,0.044
1711.96,-0.142,0.014,0.03
1712.14,-0.154,0.014,0.024
1712.32,-0.185,0.016,0.042
1712.5,-0.134,0.017,0.028
1712.68,-0.213,0.017,0.035
1712.87,-0.141,0.019,0.012
1713.5,-0.17,0.02,0.036
1713.23,-0.163,0.021,0.034
1713.41,-0.164,0.017,0.042
1713.6,-0.165,0.021,0.038
1713.78,-0.199,0.017,0.055
1713.96,-0.133,0.019,0.044
1714.14,-0.193,0.025,0.045
1714.32,-0.144,0.031,0.038
1714.51,-0.182,0.031,0.041
1715.24,-0.194,0.028,0.052
1715.42,-0.141,0.029,0.04
1715.6,-0.208,0.035,0.034
1715.78,-0.142,0.035,0.046
1715.96,-0.19,0.035,0.034
1716.15,-0.161,0.036,0.029
1716.33,-0.172,0.038,0.039
1716.51,-0.174,0.042,0.021
1716.69,-0.173,0.042,0.042
1716.88,-0.172,0.046,0.023
1717.6,-0.146,0.047,0.011
1717.24,-0.176,0.049,0.009
1717.42,-0.171,0.052,-0.005
1717.61,-0.186,0.054,0.011
1717.79,-0.156,0.054,0.035
1717.97,-0.176,0.056,0.049
1718.15,-0.136,0.057,-0.0
1718.33,-0.18,0.059,-0.003
1718.52,-0.141,0.063,0.014
1718.7,-0.195,0.061,0.021
1718.88,-0.138,0.064,0.023
1719.6,-0.18,0.067,0.033
1719.25,-0.153,0.068,0.013
1719.43,-0.193,0.072,-0.019
1719.61,-0.153,0.073,0.001
1719.79,-0.178,0.074,-0.006
1719.97,-0.164,0.076,0.001
1720.16,-0.172,0.074,0.008
1720.34,-0.158,0.076,-0.002
1720.52,-0.137,0.073,0.018
1720.7,-0.192,0.077,-0.012
1720.89,-0.135,0.075,0.015
1721.98,-0.169,0.084,0.037
1722.16,-0.161,0.083,0.038
1722.34,-0.176,0.085,0.039
1722.53,-0.163,0.085,0.055
1722.71,-0.175,0.084,0.03
1722.89,-0.176,0.085,0.036
1723.7,-0.137,0.085,0.049
1723.26,-0.2,0.087,0.023
1723.44,-0.164,0.084,0.047
1723.62,-0.182,0.086,0.029
1729.9,-0.199,0.107,-0.008
1729.27,-0.155,0.106,-0.006
1729.45,-0.184,0.104,-0.007
1729.64,-0.168,0.109,0.003
1729.82,-0.16,0.113,-0.0
1730.0,-0.179,0.111,0.009
1730.18,-0.171,0.111,-0.024
1730.36,-0.156,0.109,-0.025
1730.55,-0.18,0.11,0.003
1730.73,-0.169,0.11,-0.012
1730.91,-0.159,0.111,-0.027
1731.9,-0.159,0.114,-0.041
1731.28,-0.154,0.119,-0.029
1731.46,-0.173,0.122,-0.033
1731.64,-0.149,0.121,-0.03
1731.82,-0.161,0.124,-0.032
1732.1,-0.156,0.123,-0.047
1732.19,-0.165,0.121,-0.045
1732.37,-0.168,0.12,-0.046
1732.55,-0.147,0.12,-0.056
1732.73,-0.179,0.121,-0.041
1732.92,-0.17,0.121,-0.028
1733.1,-0.171,0.121,-0.02
1733.28,-0.17,0.119,-0.018
1733.46,-0.159,0.12,-0.016
1733.65,-0.154,0.122,-0.003
1733.83,-0.157,0.121,-0.032
1734.1,-0.151,0.124,-0.031
1734.19,-0.167,0.126,-0.036
1734.38,-0.163,0.129,-0.041
1734.56,-0.154,0.128,-0.027
1734.74,-0.181,0.128,-0.016
1734.92,-0.141,0.132,0.014
1735.1,-0.17,0.132,0.015
1735.29,-0.174,0.133,0.011
1735.47,-0.147,0.133,-0.016
1735.65,-0.179,0.134,-0.042
1735.83,-0.17,0.134,-0.031
1736.2,-0.185,0.139,-0.008
1736.2,-0.16,0.138,0.006
1736.38,-0.154,0.135,0.025
1736.56,-0.149,0.134,0.041
1736.74,-0.169,0.134,0.004
1736.93,-0.204,0.136,0.007
1737.11,-0.127,0.137,0.012
1737.29,-0.176,0.139,0.03
1737.47,-0.176,0.14,0.028
1737.66,-0.152,0.138,0.022
1737.84,-0.163,0.137,0.028
1738.2,-0.172,0.134,0.015
1738.2,-0.171,0.135,-0.008
1738.39,-0.162,0.136,0.003
1738.57,-0.152,0.14,0.006
1738.75,-0.163,0.141,0.005
1739.84,-0.161,0.147,0.078
1740.3,-0.19,0.146,0.048
1740.21,-0.151,0.142,0.056
1740.39,-0.178,0.144,0.064
1740.57,-0.163,0.146,0.054
1740.76,-0.158,0.149,0.059
1740.94,-0.144,0.15,0.068
1741.12,-0.179,0.149,0.057
1741.3,-0.159,0.15,0.066
1741.48,-0.156,0.148,0.036
1741.67,-0.203,0.149,0.035
1741.85,-0.14,0.148,0.03
1742.3,-0.188,0.149,0.041
1742.21,-0.144,0.15,0.049
1742.4,-0.199,0.148,0.038
1742.58,-0.151,0.148,0.061
1742.76,-0.194,0.15,0.054
1742.94,-0.154,0.149,0.049
1743.13,-0.192,0.15,0.064
1743.31,-0.153,0.15,0.049
1744.4,-0.158,0.155,0.034
1744.58,-0.144,0.155,0.037
1744.77,-0.196,0.156,0.039
1744.95,-0.128,0.156,0.029
1745.13,-0.196,0.158,0.041
1745.31,-0.161,0.159,0.043
1745.5,-0.175,0.159,0.04
1745.68,-0.161,0.165,0.035
1745.86,-0.178,0.161,0.038
1751.15,-0.129,0.189,0.041
1751.33,-0.176,0.19,0.03
1751.51,-0.145,0.19,0.024
1751.69,-0.186,0.192,0.055
1751.87,-0.189,0.19,0.056
1752.6,-0.181,0.196,0.05
1752.24,-0.182,0.196,0.036
1752.42,-0.152,0.195,0.018
1752.6,-0.193,0.197,0.054
1752.79,-0.14,0.2,0.046
1752.97,-0.175,0.198,0.065
1753.15,-0.192,0.204,0.054
1753.33,-0.088,0.198,0.048
1753.52,-0.199,0.201,0.035
1753.7,-0.146,0.204,-0.006
1753.88,-0.182,0.201,0.043
1754.6,-0.188,0.204,0.041
1754.24,-0.131,0.199,0.057
1754.43,-0.205,0.201,0.047
1754.61,-0.122,0.2,0.076
1754.79,-0.203,0.204,0.068
1754.97,-0.181,0.205,0.072
1755.16,-0.153,0.204,0.048
1755.34,-0.224,0.205,0.017
1755.52,-0.147,0.207,0.056
1755.7,-0.206,0.207,0.043
1755.89,-0.155,0.209,0.022
1756.7,-0.177,0.21,0.053
1756.25,-0.163,0.213,0.085
1756.43,-0.18,0.209,0.041
1756.61,-0.157,0.211,0.061
1756.8,-0.154,0.213,0.033
1756.98,-0.159,0.213,0.046
1757.16,-0.182,0.211,0.011
1757.34,-0.17,0.214,0.071
1757.53,-0.159,0.216,0.011
1757.71,-0.176,0.219,0.071
1757.89,-0.148,0.221,0.027
1758.7,-0.207,0.224,0.06
1758.26,-0.172,0.224,0.037
1758.44,-0.2,0.225,0.055
1758.62,-0.164,0.227,0.052
1758.8,-0.152,0.226,0.049
1758.98,-0.161,0.228,0.053
1759.17,-0.167,0.231,0.046
1759.35,-0.173,0.233,0.057
1759.53,-0.158,0.237,0.043
1759.71,-0.185,0.235,0.037
1759.9,-0.194,0.238,0.055
1760.8,-0.141,0.238,0.035
1760.26,-0.227,0.241,0.028
1760.44,-0.099,0.239,0.046
1760.62,-0.233,0.24,0.029
1760.81,-0.163,0.239,0.038
1760.99,-0.17,0.243,0.042
1761.17,-0.161,0.245,0.059
1761.35,-0.189,0.245,0.034
1761.54,-0.177,0.244,0.04
1761.72,-0.176,0.242,0.048
1761.9,-0.198,0.243,0.016
1762.8,-0.129,0.239,0.014
1762.27,-0.203,0.241,-0.001
1762.45,-0.148,0.239,0.031
1762.63,-0.186,0.245,0.006
1764.27,-0.141,0.258,-0.006
1764.45,-0.202,0.257,0.01
1764.64,-0.159,0.258,0.02
1764.82,-0.161,0.259,0.022
1765.0,-0.17,0.258,0.022
1765.18,-0.167,0.258,0.032
1765.36,-0.168,0.256,0.043
1765.55,-0.172,0.257,0.037
1765.73,-0.169,0.262,0.044
1765.91,-0.175,0.264,0.065
1766.9,-0.178,0.263,0.052
1771.93,-0.168,0.312,0.048
1772.11,-0.167,0.312,0.045
1772.29,-0.16,0.311,0.032
1772.47,-0.177,0.313,0.032
1772.66,-0.139,0.316,0.018
1772.84,-0.163,0.32,0.021
1773.2,-0.154,0.318,0.024
1773.2,-0.161,0.315,0.023
1773.38,-0.163,0.318,0.019
1773.57,-0.164,0.318,0.032
1779.58,-0.181,0.355,0.06
1779.77,-0.196,0.355,0.051
1779.95,-0.158,0.353,0.025
1780.13,-0.176,0.354,0.034
1780.31,-0.156,0.356,0.036
1780.49,-0.15,0.358,0.042
1780.68,-0.171,0.362,0.033
1780.86,-0.152,0.363,0.06
1781.4,-0.185,0.363,0.044
1781.22,-0.149,0.361,0.049
1786.51,-0.033,0.395,0.056
1786.69,-0.258,0.405,0.052
1786.87,-0.104,0.405,0.065
1787.6,-0.18,0.407,0.055
1787.24,-0.145,0.407,0.048
1787.42,-0.171,0.406,0.055
1787.6,-0.158,0.408,0.083
1787.79,-0.177,0.41,0.049
1787.97,-0.133,0.41,0.055
1788.15,-0.176,0.417,0.058
1788.33,-0.16,0.422,0.057
1793.44,-0.186,0.452,0.004
1793.62,-0.146,0.449,0.001
1793.8,-0.166,0.451,0.023
1793.98,-0.166,0.451,0.024
1794.17,-0.175,0.453,0.035
1794.35,-0.177,0.454,0.026
1794.53,-0.158,0.454,0.011
1794.71,-0.177,0.455,0.023
1794.89,-0.162,0.457,0.033
1795.8,-0.185,0.458,0.035
1795.26,-0.17,0.457,0.04
1795.44,-0.138,0.457,0.051
1795.62,-0.163,0.455,0.041
1795.81,-0.162,0.456,0.049
1795.99,-0.176,0.454,0.046
1796.17,-0.175,0.456,0.063
1796.35,-0.153,0.458,0.073
1796.54,-0.168,0.462,0.049
1796.72,-0.169,0.465,0.043
1796.9,-0.16,0.468,0.051
1797.8,-0.202,0.47,0.048
1797.26,-0.149,0.47,0.06
1797.45,-0.181,0.473,0.079
1797.63,-0.154,0.474,0.056
1797.81,-0.171,0.476,0.047
1797.99,-0.16,0.476,0.027
1799.9,-0.167,0.474,0.039
1799.27,-0.158,0.472,0.047
1799.45,-0.146,0.474,0.044
1799.63,-0.155,0.476,0.019
1799.82,-0.16,0.477,0.014
1800.0,-0.165,0.478,0.037
1800.18,-0.139,0.479,0.041
1800.36,-0.175,0.48,0.05
1800.55,-0.147,0.48,0.05
1800.73,-0.153,0.48,0.067
1800.91,-0.156,0.483,0.076
1801.9,-0.131,0.483,0.063
1801.27,-0.199,0.482,0.052
1801.46,-0.157,0.479,0.043
1801.64,-0.171,0.481,0.045
1803.28,-0.171,0.487,0.05
1803.46,-0.191,0.486,0.044
1803.64,-0.16,0.487,0.035
1803.83,-0.194,0.486,0.039
1804.1,-0.164,0.486,0.053
1804.19,-0.165,0.487,0.065
1804.37,-0.169,0.485,0.051
1804.56,-0.162,0.485,0.051
1804.74,-0.177,0.487,0.038
1804.92,-0.172,0.492,0.036
1805.1,-0.167,0.493,0.05
1805.29,-0.159,0.495,0.044
1805.47,-0.172,0.493,0.039
1805.65,-0.15,0.493,0.051
1805.83,-0.177,0.492,0.071
1806.1,-0.173,0.493,0.045
1806.2,-0.18,0.495,-0.001
1806.38,-0.149,0.496,0.002
1806.56,-0.161,0.5,0.023
1806.74,-0.156,0.499,0.051
1806.93,-0.182,0.5,0.031
1807.11,-0.139,0.501,0.045
1807.29,-0.171,0.504,0.035
1807.47,-0.15,0.505,0.045
1807.65,-0.147,0.506,0.059
1808.93,-0.165,0.51,0.029
1809.11,-0.173,0.511,0.021
1809.3,-0.166,0.507,0.025
1809.48,-0.179,0.509,0.024
1809.66,-0.174,0.507,0.04
1809.84,-0.156,0.509,0.026
1810.2,-0.186,0.512,0.038
1810.21,-0.17,0.512,0.038
1810.39,-0.156,0.512,0.037
1810.57,-0.16,0.513,0.049
1810.75,-0.165,0.514,0.06
1810.94,-0.179,0.516,0.046
1811.12,-0.149,0.519,0.048
1811.3,-0.177,0.52,0.046
1811.48,-0.185,0.522,0.045
1811.67,-0.166,0.523,0.048
1811.85,-0.172,0.52,0.048
1812.3,-0.169,0.519,0.036
1812.21,-0.17,0.52,0.048
1812.39,-0.163,0.523,0.062
1812.58,-0.175,0.526,0.046
1812.76,-0.143,0.527,0.056
1812.94,-0.167,0.529,0.046
1813.12,-0.153,0.53,0.051
1813.31,-0.18,0.53,0.058
1813.49,-0.187,0.531,0.035
1813.67,-0.167,0.534,0.065
1813.85,-0.175,0.537,0.065
1814.3,-0.162,0.536,0.045
1814.22,-0.182,0.537,0.029
1814.4,-0.151,0.54,0.048
1814.58,-0.187,0.542,0.059
1814.76,-0.172,0.543,0.051
1814.95,-0.161,0.543,0.066
1815.13,-0.178,0.545,0.039
1815.31,-0.146,0.546,0.06
1815.49,-0.168,0.544,0.038
1815.68,-0.157,0.546,0.055
1815.86,-0.167,0.548,0.041
1816.4,-0.153,0.551,0.041
1816.22,-0.171,0.553,0.054
1816.4,-0.171,0.555,0.035
1816.59,-0.161,0.556,0.047
1816.77,-0.18,0.558,0.052
1816.95,-0.133,0.556,0.04
1817.13,-0.168,0.555,0.048
1817.32,-0.165,0.554,0.054
1817.5,-0.18,0.557,0.056
1817.68,-0.15,0.558,0.052
1817.86,-0.179,0.558,0.044
1818.4,-0.172,0.56,0.044
1818.23,-0.159,0.562,0.044
1819.14,-0.164,0.568,0.057
1819.32,-0.155,0.569,0.038
1819.5,-0.164,0.569,0.051
1819.69,-0.165,0.569,0.039
1819.87,-0.155,0.568,0.03
1820.5,-0.165,0.57,0.039
1820.23,-0.145,0.568,0.037
1820.41,-0.171,0.568,0.042
1820.6,-0.188,0.568,0.036
1820.78,-0.158,0.567,0.049
1820.96,-0.165,0.57,0.052
1821.14,-0.163,0.569,0.038
1821.33,-0.164,0.57,0.047
1821.51,-0.142,0.568,0.04
1821.69,-0.174,0.566,0.026
1821.87,-0.165,0.567,0.042
1822.5,-0.157,0.568,0.027
1822.24,-0.148,0.569,0.041
1822.42,-0.17,0.571,0.05
1822.6,-0.139,0.573,0.049
1822.78,-0.184,0.577,0.032
1822.97,-0.127,0.577,0.049
1823.15,-0.167,0.578,0.043
1824.97,-0.159,0.584,0.033
1825.15,-0.173,0.582,0.039
1825.34,-0.177,0.585,0.032
1825.52,-0.153,0.584,0.025
1825.7,-0.164,0.586,-0.005
1825.88,-0.171,0.586,-0.043
1826.6,-0.156,0.588,-0.061
1826.25,-0.175,0.59,-0.044
1826.43,-0.157,0.593,-0.05
1826.61,-0.16,0.594,-0.025
1826.79,-0.168,0.594,-0.014
1826.98,-0.159,0.599,0.017
1827.16,-0.175,0.601,0.017
1827.34,-0.161,0.604,0.017
1828.62,-0.163,0.609,0.056
1828.8,-0.168,0.61,0.046
1828.98,-0.181,0.61,0.049
1829.16,-0.168,0.611,0.05
1829.35,-0.182,0.614,0.072
1829.53,-0.159,0.617,0.076
1829.71,-0.16,0.615,0.078
1829.89,-0.165,0.617,0.072
1830.7,-0.156,0.619,0.063
1830.26,-0.171,0.621,0.069
1830.44,-0.163,0.62,0.051
1830.62,-0.164,0.618,0.043
1830.8,-0.158,0.618,0.03
1830.99,-0.148,0.62,0.052
1831.17,-0.197,0.621,0.043
1831.35,-0.15,0.621,0.044
1831.53,-0.16,0.621,0.035
1831.72,-0.175,0.625,0.035
1831.9,-0.147,0.625,0.059
1832.8,-0.177,0.626,0.065
1832.26,-0.134,0.627,0.057
1832.44,-0.177,0.63,0.057
1832.63,-0.154,0.63,0.066
1832.81,-0.161,0.631,0.053
1832.99,-0.145,0.631,0.058
1833.17,-0.174,0.631,0.045
1833.36,-0.145,0.63,0.064
1833.54,-0.178,0.63,0.064
1833.72,-0.152,0.631,0.069
1833.9,-0.15,0.634,0.058
1834.8,-0.166,0.636,0.075
1834.27,-0.183,0.635,0.086
1834.45,-0.155,0.639,0.083
1834.63,-0.173,0.642,0.045
1834.81,-0.141,0.643,0.062
1835.0,-0.153,0.644,0.05
1835.18,-0.19,0.647,0.04
1835.36,-0.138,0.647,0.045
1835.54,-0.165,0.648,0.04
1835.73,-0.156,0.647,0.042
1835.91,-0.177,0.651,0.035
1836.9,-0.195,0.654,0.04
1836.27,-0.144,0.655,0.059
1836.45,-0.186,0.655,0.052
1836.64,-0.171,0.655,0.032
1836.82,-0.14,0.658,0.048
1837.0,-0.185,0.657,0.067
1837.18,-0.158,0.659,0.046
1837.37,-0.183,0.658,0.051
1837.55,-0.146,0.659,0.055
1837.73,-0.163,0.66,0.083
1837.91,-0.157,0.663,0.056
1838.9,-0.176,0.662,0.072
1838.28,-0.167,0.667,0.077
1838.46,-0.167,0.669,0.072
1838.64,-0.164,0.672,0.068
1838.82,-0.164,0.676,0.076
1839.1,-0.157,0.677,0.047
1839.19,-0.196,0.676,0.06
1839.37,-0.153,0.678,0.045
1839.55,-0.155,0.679,0.038
1839.73,-0.15,0.68,0.048
1839.92,-0.157,0.681,0.049
1840.1,-0.191,0.68,0.052
1840.28,-0.13,0.682,0.029
1840.46,-0.192,0.685,0.019
1840.65,-0.138,0.687,0.035
1840.83,-0.193,0.686,0.026
1841.1,-0.135,0.687,0.051
1841.19,-0.193,0.69,0.034
1841.38,-0.144,0.689,0.038
1841.56,-0.157,0.69,-0.008
1841.74,-0.165,0.693,0.035
1841.92,-0.176,0.693,0.005
1842.1,-0.175,0.696,-0.025
1842.29,-0.17,0.697,-0.022
1842.47,-0.151,0.7,-0.011
1842.65,-0.188,0.7,-0.011
1843.74,-0.118,0.701,0.013
1843.93,-0.261,0.707,-0.01
1844.11,-0.037,0.704,-0.008
1844.29,-0.265,0.71,0.021
1844.47,-0.042,0.71,0.02
1844.66,-0.264,0.71,0.019
1844.84,-0.074,0.711,0.084
1845.2,-0.199,0.711,0.049
1845.2,-0.16,0.708,0.085
1845.38,-0.151,0.71,0.076
1845.57,-0.203,0.711,0.057
1845.75,-0.112,0.713,0.068
1845.93,-0.189,0.714,0.047
1846.11,-0.16,0.714,0.054
1846.3,-0.184,0.715,0.048
1846.48,-0.13,0.717,0.053
1846.66,-0.188,0.719,0.028
1846.84,-0.141,0.716,0.021
1850.12,-0.178,0.74,-0.007
1850.31,-0.144,0.741,-0.011
1850.49,-0.172,0.743,-0.014
1850.67,-0.151,0.74,0.017
1850.85,-0.147,0.74,0.015
1851.4,-0.185,0.745,0.004
1851.22,-0.164,0.746,0.015
1851.4,-0.172,0.751,0.028
1851.58,-0.149,0.752,0.048
1851.76,-0.173,0.753,0.04
1851.95,-0.158,0.757,0.034
1852.13,-0.163,0.758,0.0
1852.31,-0.168,0.759,0.019
1852.49,-0.178,0.762,0.01
1852.68,-0.179,0.764,-0.011
1852.86,-0.139,0.759,-0.001
1853.4,-0.19,0.761,-0.009
1853.22,-0.16,0.761,-0.063
1853.4,-0.152,0.763,-0.053
1853.59,-0.173,0.764,-0.059
1853.77,-0.163,0.762,-0.052
1853.95,-0.167,0.764,-0.059
1854.13,-0.171,0.766,-0.044
1854.32,-0.172,0.767,-0.015
1854.5,-0.172,0.765,0.011
1854.68,-0.166,0.765,0.022
1854.86,-0.169,0.765,0.028
1855.4,-0.162,0.763,0.022
1855.23,-0.175,0.762,0.048
1855.41,-0.192,0.76,0.038
1855.59,-0.158,0.758,0.057
1855.77,-0.175,0.755,0.038
1855.96,-0.15,0.758,0.044
1856.14,-0.153,0.755,0.057
1856.32,-0.173,0.754,0.052
1856.5,-0.185,0.754,0.048
1857.78,-0.162,0.761,0.003
1857.96,-0.161,0.763,0.001
1858.14,-0.19,0.762,-0.019
1858.33,-0.137,0.761,0.019
1858.51,-0.169,0.762,0.003
1858.69,-0.146,0.763,-0.004
1858.87,-0.187,0.767,-0.015
1859.5,-0.126,0.767,-0.002
1859.24,-0.202,0.77,0.003
1864.7,-0.183,0.804,-0.005
1864.89,-0.162,0.805,-0.005
1865.7,-0.165,0.804,0.01
1865.25,-0.179,0.804,0.012
1865.43,-0.173,0.803,0.011
1865.62,-0.181,0.801,0.009
1865.8,-0.173,0.803,0.021
1865.98,-0.154,0.802,0.03
1866.16,-0.165,0.803,0.023
1866.35,-0.162,0.803,0.007
1866.53,-0.173,0.805,0.025
1866.71,-0.183,0.806,0.018
1866.89,-0.175,0.804,0.028
1867.7,-0.177,0.805,0.025
1867.26,-0.152,0.806,0.03
1867.44,-0.173,0.806,0.035
1867.62,-0.151,0.805,0.043
1867.8,-0.178,0.811,0.063
1868.9,-0.148,0.811,0.062
1869.8,-0.163,0.806,0.066
1869.26,-0.172,0.805,0.067
1869.44,-0.154,0.809,0.064
1869.63,-0.167,0.81,0.055
1869.81,-0.146,0.814,0.056
1869.99,-0.182,0.812,0.046
1870.17,-0.148,0.812,0.062
1870.35,-0.177,0.812,0.047
1870.54,-0.149,0.814,0.06
1870.72,-0.154,0.817,0.052
1870.9,-0.163,0.818,0.067
1871.8,-0.184,0.817,0.052
1871.27,-0.147,0.816,0.062
1871.45,-0.161,0.817,0.046
1871.63,-0.154,0.819,0.044
1871.81,-0.166,0.822,0.045
1872.0,-0.175,0.821,0.036
1872.18,-0.161,0.822,0.039
1872.36,-0.171,0.823,0.054
1872.54,-0.164,0.825,0.033
1872.72,-0.182,0.824,0.032
1872.91,-0.156,0.821,0.032
1873.9,-0.174,0.82,0.038
1873.27,-0.15,0.821,0.031
1873.45,-0.15,0.82,0.035
1873.64,-0.182,0.82,0.03
1873.82,-0.155,0.818,0.035
1874.0,-0.163,0.819,0.048
1874.18,-0.164,0.819,0.037
1874.36,-0.163,0.821,0.039
1874.55,-0.166,0.828,0.043
1876.19,-0.165,0.839,0.055
1876.37,-0.164,0.839,0.044
1876.55,-0.148,0.837,0.048
1876.73,-0.162,0.834,0.054
1876.92,-0.161,0.833,0.054
1877.1,-0.182,0.831,0.049
1877.28,-0.166,0.834,0.045
1877.46,-0.169,0.831,0.037
1877.65,-0.165,0.83,0.039
1877.83,-0.152,0.83,0.055
1878.1,-0.16,0.833,0.053
1878.19,-0.19,0.833,0.046
1878.38,-0.168,0.832,0.042
1878.56,-0.167,0.833,0.053
1878.74,-0.147,0.837,0.057
1878.92,-0.169,0.838,0.043
1879.1,-0.16,0.839,0.049
1879.29,-0.173,0.839,0.041
1879.47,-0.164,0.84,0.047
1879.65,-0.175,0.844,0.054
1879.83,-0.168,0.845,0.054
1880.2,-0.178,0.846,0.022
1880.2,-0.163,0.846,0.027
1880.38,-0.17,0.848,0.032
1880.56,-0.168,0.851,0.015
1880.74,-0.168,0.853,0.018
1880.93,-0.153,0.854,0.029
1881.11,-0.166,0.856,0.016
1881.29,-0.173,0.856,0.031
1881.47,-0.163,0.857,0.03
1881.66,-0.172,0.856,0.036
1881.84,-0.159,0.857,0.056
1882.2,-0.17,0.859,0.063
1882.2,-0.179,0.86,0.048
1882.39,-0.17,0.859,0.067
1882.57,-0.178,0.861,0.04
1882.75,-0.157,0.863,0.062
1882.93,-0.177,0.863,0.059
1883.11,-0.173,0.866,0.052
1883.3,-0.172,0.866,0.047
1883.48,-0.162,0.868,0.052
1883.66,-0.173,0.87,0.047
1883.84,-0.164,0.873,0.052
1884.3,-0.174,0.876,0.046
1884.21,-0.169,0.876,0.044
1884.39,-0.16,0.878,0.044
1884.57,-0.163,0.881,0.049
1884.75,-0.188,0.882,0.037
1884.94,-0.153,0.886,0.037
1885.12,-0.154,0.885,0.047
1885.3,-0.149,0.886,0.037
1885.48,-0.149,0.889,0.029
1885.67,-0.187,0.889,-0.0
1885.85,-0.147,0.887,0.019
1886.3,-0.177,0.884,-0.02
1886.21,-0.172,0.887,-0.013
1886.4,-0.181,0.888,0.003
1886.58,-0.173,0.887,-0.014
1886.76,-0.176,0.886,-0.023
1886.94,-0.157,0.885,-0.009
1887.12,-0.162,0.886,0.006
1887.31,-0.162,0.885,0.029
1892.59,-0.155,0.904,0.028
1892.77,-0.133,0.904,0.044
1892.96,-0.19,0.903,0.029
1893.14,-0.164,0.905,0.014
1893.32,-0.175,0.909,-0.002
1893.5,-0.142,0.907,-0.02
1893.69,-0.183,0.907,-0.016
1893.87,-0.135,0.908,-0.013
1894.5,-0.159,0.91,-0.034
1894.23,-0.177,0.912,-0.059
1899.7,-0.151,0.932,-0.003
1899.88,-0.157,0.932,0.032
1900.7,-0.147,0.931,0.032
1900.25,-0.154,0.932,0.03
1900.43,-0.15,0.931,0.028
1900.61,-0.167,0.932,0.045
1900.79,-0.161,0.934,0.054
1900.98,-0.176,0.934,0.058
1901.16,-0.151,0.936,0.058
1901.34,-0.215,0.939,0.067
1901.52,-0.11,0.94,0.047
1901.71,-0.188,0.941,0.056
1901.89,-0.153,0.944,0.066
1902.7,-0.202,0.943,0.059
1902.25,-0.132,0.941,0.056
1902.44,-0.158,0.941,0.049
1902.62,-0.168,0.942,0.064
1902.8,-0.175,0.943,0.052
1902.98,-0.153,0.942,0.044
1903.16,-0.163,0.945,0.043
1903.35,-0.163,0.946,0.055
1903.53,-0.155,0.944,0.041
1903.71,-0.171,0.943,0.05
1903.89,-0.137,0.942,0.053
1904.8,-0.191,0.942,0.031
1904.26,-0.146,0.945,0.032
1904.44,-0.154,0.944,0.053
1904.62,-0.19,0.947,0.044
1904.8,-0.167,0.946,0.059
1904.99,-0.172,0.947,0.05
1905.17,-0.156,0.948,0.075
1905.35,-0.176,0.948,0.069
1905.53,-0.166,0.946,0.054
1905.72,-0.159,0.947,0.048
1905.9,-0.151,0.948,0.023
1906.8,-0.139,0.95,0.042
1906.26,-0.15,0.949,0.02
1906.45,-0.168,0.949,0.043
1906.63,-0.165,0.948,0.039
1906.81,-0.158,0.949,0.046
1906.99,-0.166,0.951,0.038
1907.17,-0.143,0.949,0.039
1909.0,-0.163,0.965,0.048
1909.18,-0.162,0.965,0.054
1909.36,-0.161,0.966,0.078
1909.54,-0.154,0.966,0.048
1909.73,-0.166,0.968,0.052
1909.91,-0.167,0.968,0.061
1910.9,-0.161,0.969,0.057
1910.27,-0.17,0.972,0.041
1910.46,-0.148,0.972,0.047
1910.64,-0.162,0.974,0.048
1910.82,-0.149,0.974,0.049
1911.0,-0.174,0.975,0.044
1911.18,-0.162,0.976,0.047
1911.37,-0.166,0.977,0.074
1911.55,-0.142,0.978,0.059
1911.73,-0.167,0.981,0.057
1911.91,-0.141,0.982,0.064
1912.1,-0.172,0.983,0.046
1912.28,-0.17,0.983,0.041
1912.46,-0.127,0.984,0.05
1912.64,-0.157,0.983,0.025
1914.28,-0.207,0.991,0.04
1914.47,-0.127,0.99,0.066
1914.65,-0.204,0.993,0.057
1914.83,-0.136,0.995,0.068
1915.1,-0.179,0.995,0.044
1915.19,-0.152,0.995,0.066
1915.38,-0.173,0.995,0.059
1915.56,-0.159,0.997,0.04
1915.74,-0.167,0.997,0.04
1915.92,-0.182,0.996,0.055
1916.11,-0.167,0.995,0.069
1916.29,-0.17,0.997,0.055
1916.47,-0.151,0.998,0.048
1916.65,-0.174,1.0,0.054
1916.83,-0.166,1.0,0.052
1917.2,-0.18,1.001,0.057
1917.2,-0.171,1.002,0.046
1917.38,-0.181,1.007,0.044
1917.56,-0.153,1.011,0.054
1917.75,-0.168,1.013,0.051
1917.93,-0.184,1.011,0.053
1918.11,-0.167,1.01,0.056
1918.29,-0.179,1.009,0.051
1918.47,-0.151,1.01,0.049
1918.66,-0.172,1.012,0.04
1923.21,-0.162,1.048,0.02
1923.4,-0.172,1.051,0.05
1923.58,-0.178,1.053,0.054
1923.76,-0.16,1.054,0.074
1923.94,-0.17,1.054,0.055
1924.12,-0.159,1.056,0.051
1924.31,-0.17,1.055,0.041
1924.49,-0.161,1.055,0.06
1924.67,-0.197,1.056,0.064
1924.85,-0.151,1.057,0.05
1925.4,-0.187,1.058,0.048
1925.22,-0.151,1.059,0.045
1925.4,-0.179,1.062,0.039
1925.58,-0.126,1.063,0.039
1925.77,-0.187,1.065,0.02
1925.95,-0.16,1.067,0.039
1926.13,-0.172,1.071,0.035
1926.31,-0.156,1.071,0.012
1926.49,-0.188,1.071,0.032
1926.68,-0.151,1.072,0.041
1926.86,-0.186,1.075,0.046
1927.4,-0.155,1.077,0.04
1927.22,-0.181,1.077,0.051
1927.41,-0.157,1.075,0.037
1927.59,-0.172,1.076,0.041
1927.77,-0.153,1.076,0.051
1927.95,-0.17,1.077,0.059
1928.13,-0.176,1.077,0.047
1928.32,-0.174,1.08,0.037
1928.5,-0.166,1.082,0.026
1928.68,-0.159,1.084,0.033
1928.86,-0.161,1.082,0.04
1929.5,-0.162,1.08,0.056
1929.23,-0.166,1.079,0.066
1929.41,-0.153,1.081,0.057
1929.59,-0.177,1.082,0.058
1929.77,-0.158,1.083,0.067
1929.96,-0.17,1.086,0.052
1930.14,-0.167,1.088,0.074
1930.32,-0.191,1.089,0.048
1930.5,-0.165,1.091,0.062
1930.69,-0.169,1.095,0.059
1930.87,-0.153,1.094,0.055
1931.5,-0.157,1.095,0.029
1931.23,-0.183,1.095,0.049
1931.41,-0.17,1.096,0.048
1931.6,-0.156,1.095,0.067
1931.78,-0.185,1.097,0.039
1931.96,-0.178,1.097,0.044
1932.14,-0.169,1.099,0.058
1932.33,-0.16,1.102,0.047
1932.51,-0.183,1.105,0.048
1932.69,-0.178,1.102,0.043
1932.87,-0.168,1.101,0.014
1933.5,-0.168,1.101,0.046
1933.24,-0.161,1.099,0.057
1933.42,-0.18,1.101,0.038
1933.6,-0.177,1.105,0.046
1933.78,-0.167,1.109,0.039
1933.97,-0.158,1.113,0.039
1934.15,-0.185,1.114,0.055
1934.88,-0.177,1.119,0.049
1935.6,-0.176,1.12,0.076
1935.24,-0.183,1.121,0.075
1935.42,-0.147,1.12,0.065
1935.61,-0.19,1.123,0.061
1935.79,-0.166,1.12,0.049
1935.97,-0.156,1.119,0.049
1936.15,-0.182,1.114,0.063
1936.34,-0.182,1.115,0.055
1936.52,-0.175,1.114,0.055
1936.7,-0.174,1.116,0.033
1936.88,-0.175,1.116,0.035
1937.6,-0.198,1.119,0.011
1937.25,-0.143,1.117,0.032
1937.43,-0.173,1.12,0.009
1937.61,-0.157,1.117,0.035
1937.79,-0.187,1.118,0.013
1937.98,-0.161,1.117,0.023
1938.16,-0.17,1.117,0.008
1938.34,-0.194,1.119,0.023
1938.52,-0.185,1.118,0.03
1938.7,-0.17,1.121,0.042
1938.89,-0.172,1.122,0.036
1939.7,-0.173,1.121,0.048
1939.25,-0.155,1.123,0.055
1939.43,-0.174,1.125,0.066
1939.62,-0.162,1.125,0.042
1939.8,-0.166,1.123,0.06
1939.98,-0.179,1.124,0.071
1940.16,-0.164,1.125,0.079
1940.34,-0.174,1.124,0.064
1940.53,-0.178,1.122,0.063
1940.71,-0.186,1.121,0.06
1940.89,-0.158,1.124,0.051
1941.7,-0.193,1.124,0.043
1941.26,-0.171,1.125,0.063
1941.44,-0.179,1.127,0.044
1942.53,-0.148,1.122,0.028
1942.71,-0.201,1.124,0.027
1942.9,-0.139,1.123,0.035
1943.8,-0.215,1.124,0.038
1943.26,-0.122,1.125,0.037
1943.44,-0.199,1.127,0.045
1943.63,-0.133,1.124,0.069
1943.81,-0.204,1.126,0.051
1943.99,-0.171,1.124,0.048
1944.17,-0.17,1.121,0.034
1944.35,-0.195,1.125,0.02
1944.54,-0.162,1.125,0.029
1944.72,-0.184,1.125,0.015
1944.9,-0.184,1.124,0.02
1945.8,-0.208,1.127,0.033
1945.27,-0.19,1.126,0.05
1945.45,-0.188,1.125,0.047
1945.63,-0.171,1.127,0.065
1945.81,-0.189,1.128,0.071
1945.99,-0.155,1.127,0.061
1946.18,-0.171,1.133,0.038
1946.36,-0.183,1.133,0.062
1946.54,-0.184,1.136,0.05
1946.72,-0.151,1.135,0.033
1946.91,-0.189,1.136,0.059
1947.9,-0.179,1.14,0.081
1947.27,-0.157,1.142,0.055
1947.45,-0.178,1.141,0.071
1949.82,-0.159,1.144,0.013
1950.0,-0.138,1.146,0.008
1950.19,-0.149,1.146,0.002
1950.37,-0.149,1.148,0.007
1950.55,-0.161,1.149,0.036
1950.73,-0.184,1.15,0.013
1950.91,-0.171,1.151,-0.011
1951.1,-0.17,1.15,-0.021
1951.28,-0.179,1.149,-0.029
1951.46,-0.164,1.151,-0.016
1951.64,-0.16,1.153,0.044
1951.83,-0.164,1.155,0.023
1952.1,-0.151,1.157,0.03
1952.19,-0.181,1.158,-0.0
1952.37,-0.162,1.161,0.004
1952.55,-0.184,1.162,-0.003
1952.74,-0.175,1.161,0.011
1952.92,-0.194,1.161,0.028
1953.1,-0.173,1.161,0.016
1953.28,-0.176,1.162,0.01
1953.47,-0.162,1.165,0.011
1953.65,-0.165,1.166,0.012
1953.83,-0.172,1.165,0.028
1954.1,-0.152,1.168,0.017
1954.19,-0.168,1.169,0.019
1954.38,-0.165,1.168,0.017
1954.56,-0.173,1.169,0.014
1954.74,-0.178,1.171,-0.006
1954.92,-0.154,1.168,0.002
1955.11,-0.159,1.171,0.015
1955.29,-0.169,1.171,0.03
1955.47,-0.162,1.172,0.029
1955.65,-0.186,1.173,0.045
1955.83,-0.158,1.173,0.061
1956.2,-0.188,1.174,0.061
1956.2,-0.191,1.173,0.068
1956.38,-0.144,1.17,0.071
1956.56,-0.18,1.171,0.058
1956.75,-0.175,1.173,0.042
1956.93,-0.173,1.174,0.053
1957.11,-0.17,1.174,0.058
1957.29,-0.172,1.175,0.051
1957.47,-0.155,1.179,0.045
1957.66,-0.18,1.178,0.059
1957.84,-0.157,1.18,0.045
1958.2,-0.18,1.18,0.052
1958.2,-0.133,1.179,0.053
1958.39,-0.164,1.178,0.029
1958.57,-0.157,1.178,0.025
1958.75,-0.171,1.176,0.023
1958.93,-0.147,1.175,0.043
1959.11,-0.174,1.174,0.057
1959.3,-0.152,1.175,0.039
1959.48,-0.164,1.177,0.032
1959.66,-0.168,1.18,0.043
1959.84,-0.137,1.182,0.046
1960.3,-0.184,1.183,0.05
1960.21,-0.147,1.186,0.039
1960.39,-0.174,1.188,0.057
1963.67,-0.159,1.205,0.042
1963.85,-0.188,1.206,0.038
1964.3,-0.173,1.207,0.034
1964.22,-0.178,1.21,0.038
1964.4,-0.167,1.209,0.049
1964.58,-0.166,1.21,0.047
1964.76,-0.181,1.212,0.05
1964.95,-0.168,1.214,0.044
1965.13,-0.172,1.213,0.055
1965.31,-0.188,1.214,0.038
1970.96,-0.149,1.228,0.037
1971.14,-0.169,1.229,0.044
1971.32,-0.146,1.229,0.042
1971.51,-0.167,1.23,0.041
1971.69,-0.186,1.23,0.02
1971.87,-0.146,1.23,0.051
1972.5,-0.164,1.231,0.036
1972.24,-0.15,1.23,0.018
1972.42,-0.199,1.23,0.037
1972.6,-0.182,1.233,0.038
1972.78,-0.118,1.23,0.039
1972.97,-0.198,1.232,0.042
1973.15,-0.132,1.23,0.032
1973.88,-0.186,1.234,0.045
1974.6,-0.167,1.237,0.05
1974.24,-0.153,1.24,0.037
1974.42,-0.173,1.246,0.034
1974.61,-0.168,1.246,0.04
1974.79,-0.189,1.247,0.026
1974.97,-0.143,1.249,0.047
1975.15,-0.179,1.253,0.048
1975.33,-0.133,1.255,0.036
1975.52,-0.187,1.253,0.033
1975.7,-0.162,1.255,0.04
1981.35,-0.16,1.27,0.026
1981.53,-0.181,1.273,0.023
1981.71,-0.161,1.27,0.036
1981.9,-0.188,1.272,0.028
1982.8,-0.148,1.273,0.03
1982.26,-0.172,1.275,0.007
1982.44,-0.158,1.275,0.021
1982.62,-0.197,1.277,0.023
1982.81,-0.153,1.28,0.015
1988.28,-0.129,1.318,0.054
1988.46,-0.195,1.316,0.041
1988.64,-0.181,1.319,0.027
1988.82,-0.147,1.32,0.05
1989.0,-0.181,1.322,0.02
1989.19,-0.152,1.322,0.011
1989.37,-0.208,1.322,-0.0
1989.55,-0.129,1.325,-0.024
1989.73,-0.187,1.329,-0.075
1989.92,-0.137,1.327,-0.085
1990.1,-0.17,1.33,-0.029
1990.28,-0.162,1.327,0.029
1990.46,-0.166,1.329,0.056
1990.64,-0.15,1.329,0.071
1990.83,-0.16,1.328,0.033
1991.1,-0.178,1.331,0.023
1991.19,-0.159,1.334,-0.008
1991.37,-0.174,1.332,-0.002
1991.56,-0.159,1.334,-0.018
1991.74,-0.168,1.337,-0.006
1991.92,-0.162,1.336,-0.007
1992.1,-0.168,1.339,-0.001
1992.28,-0.157,1.337,0.012
1992.47,-0.18,1.337,0.02
1992.65,-0.152,1.337,0.018
1992.83,-0.174,1.335,0.031
1993.1,-0.165,1.336,0.035
1993.2,-0.168,1.334,0.028
1993.38,-0.158,1.334,0.04
1993.56,-0.179,1.335,0.036
1993.74,-0.16,1.333,0.042
1993.93,-0.154,1.334,0.072
1994.11,-0.178,1.333,0.071
1994.29,-0.181,1.332,0.068
1994.47,-0.105,1.328,0.089
1994.65,-0.223,1.331,0.081
1994.84,-0.138,1.331,0.084
1995.2,-0.154,1.332,0.072
1995.2,-0.187,1.338,0.064
1995.38,-0.143,1.34,0.056
1995.57,-0.166,1.338,0.043
1995.75,-0.148,1.339,0.05
1995.93,-0.179,1.341,0.035
1996.11,-0.166,1.34,0.034
1996.29,-0.144,1.34,0.027
1996.48,-0.158,1.342,0.038
1996.66,-0.172,1.345,0.05
1996.84,-0.162,1.346,0.061
1997.2,-0.168,1.346,0.083
1997.21,-0.179,1.345,0.067
1997.39,-0.156,1.345,0.056
1997.57,-0.165,1.344,0.073
1997.75,-0.17,1.346,0.058
1997.94,-0.164,1.346,0.077
1998.12,-0.167,1.345,0.072
1998.3,-0.139,1.344,0.077
1998.48,-0.143,1.343,0.068
1998.66,-0.162,1.342,0.062
1998.85,-0.151,1.347,0.079
1999.3,-0.147,1.347,0.067
1999.21,-0.161,1.348,0.07
1999.39,-0.157,1.351,0.061
1999.58,-0.152,1.348,0.07
1999.76,-0.161,1.347,0.057
1999.94,-0.158,1.347,0.048
2000.12,-0.167,1.349,0.039
2000.3,-0.13,1.349,0.053
2000.49,-0.159,1.351,0.036
2000.67,-0.155,1.353,0.057
2000.85,-0.174,1.354,0.048
2001.3,-0.173,1.354,0.034
2001.22,-0.168,1.355,0.049
2001.4,-0.152,1.358,0.037
2001.58,-0.167,1.359,0.039
2001.76,-0.169,1.364,0.052
2001.95,-0.155,1.364,0.056
2002.13,-0.166,1.366,0.043
2002.31,-0.158,1.365,0.058
2002.49,-0.136,1.367,0.042
2002.67,-0.197,1.367,0.042
2002.86,-0.163,1.367,0.041
2003.4,-0.162,1.371,0.036
2003.22,-0.169,1.371,0.036
2003.4,-0.173,1.374,0.061
2003.59,-0.158,1.378,0.05
2003.77,-0.17,1.38,0.035
2003.95,-0.154,1.379,0.054
2004.13,-0.162,1.381,0.051
2004.31,-0.184,1.382,0.053
2004.5,-0.163,1.383,0.036
2004.68,-0.164,1.383,0.039
2004.86,-0.15,1.386,0.046
2005.4,-0.145,1.385,0.051
2005.23,-0.169,1.386,0.049
2005.41,-0.168,1.389,0.052
2005.59,-0.157,1.391,0.049
2005.77,-0.165,1.393,0.044
2005.95,-0.153,1.392,0.044
2006.14,-0.17,1.392,0.062
2006.32,-0.152,1.39,0.043
2006.5,-0.154,1.39,0.067
2006.68,-0.177,1.39,0.054
2006.87,-0.152,1.391,0.047
2007.5,-0.155,1.394,0.061
2007.23,-0.167,1.399,0.05
2007.41,-0.148,1.398,0.031
2007.6,-0.155,1.401,0.046
2007.78,-0.172,1.402,0.034
2007.96,-0.144,1.405,0.056
2008.14,-0.148,1.405,0.053
2008.32,-0.163,1.404,0.077
2008.51,-0.158,1.401,0.067
2008.69,-0.174,1.401,0.051
2008.87,-0.156,1.398,0.056
2009.5,-0.154,1.397,0.04
2009.24,-0.167,1.398,0.048
2009.42,-0.162,1.398,0.069
2009.6,-0.161,1.4,0.054
2009.78,-0.158,1.401,0.051
2009.96,-0.164,1.402,0.046
2010.15,-0.167,1.402,0.058
2010.33,-0.177,1.408,0.047
2010.51,-0.161,1.407,0.057
2010.69,-0.16,1.407,0.051
2010.88,-0.152,1.413,0.047
2011.6,-0.161,1.413,0.032
2011.24,-0.173,1.414,0.038
2011.42,-0.166,1.413,0.045
2011.6,-0.141,1.413,0.042
2011.79,-0.193,1.413,0.034
2011.97,-0.154,1.41,0.049
2012.15,-0.173,1.41,0.064
2012.33,-0.148,1.411,0.053
2012.52,-0.186,1.413,0.048
2012.7,-0.173,1.411,0.079
2012.88,-0.182,1.409,0.074
2013.6,-0.177,1.407,0.063
2013.24,-0.157,1.411,0.058
2013.43,-0.16,1.41,0.038
2013.61,-0.164,1.41,0.038
2013.79,-0.165,1.413,0.033
2013.97,-0.172,1.413,0.014
2014.16,-0.17,1.414,0.033
2014.34,-0.158,1.413,0.033
2014.52,-0.183,1.414,0.039
2014.7,-0.168,1.415,0.043
2014.88,-0.153,1.414,0.034
2015.7,-0.147,1.413,0.047
2015.25,-0.162,1.414,0.035
2015.43,-0.139,1.412,0.044
2015.61,-0.211,1.415,0.026
2015.8,-0.119,1.412,0.045
2015.98,-0.192,1.414,0.06
2016.16,-0.127,1.417,0.06
2016.34,-0.198,1.418,0.056
2016.52,-0.133,1.421,0.054
2016.71,-0.184,1.415,0.058
2016.89,-0.18,1.415,0.054
2017.7,-0.208,1.414,0.024
2017.25,-0.134,1.416,0.062
2017.44,-0.175,1.413,0.042
2017.62,-0.161,1.412,0.034
2017.8,-0.181,1.408,0.052
2021.45,-0.15,1.421,0.036
2021.63,-0.142,1.42,0.046
2021.81,-0.193,1.424,0.039
2021.99,-0.117,1.422,0.023
2022.17,-0.202,1.423,0.032
2022.36,-0.142,1.425,0.052
2022.54,-0.167,1.425,0.036
2022.72,-0.155,1.426,0.05
2022.9,-0.186,1.426,0.06
2023.9,-0.144,1.428,0.061
2023.27,-0.165,1.43,0.045
2029.1,-0.141,1.455,0.047
2029.28,-0.183,1.457,0.057
2029.46,-0.165,1.459,0.076
2029.65,-0.145,1.457,0.066
2029.83,-0.183,1.459,0.03
2030.1,-0.166,1.461,0.021
2030.19,-0.172,1.463,0.029
2030.38,-0.158,1.463,0.026
2030.56,-0.176,1.465,0.016
2030.74,-0.139,1.467,0.013
2030.92,-0.163,1.466,0.03
2031.1,-0.16,1.467,0.036
2031.29,-0.153,1.467,0.027
2031.47,-0.16,1.468,0.041
2031.65,-0.157,1.469,0.04
2031.83,-0.178,1.469,0.034
2032.2,-0.166,1.47,0.058
2032.2,-0.149,1.468,0.068
2032.38,-0.192,1.471,0.043
2032.56,-0.151,1.473,0.059
2032.74,-0.157,1.475,0.041
2032.93,-0.189,1.478,0.045
2033.11,-0.142,1.476,0.015
2033.29,-0.206,1.478,0.053
2033.47,-0.116,1.486,0.033
2033.66,-0.169,1.489,-0.015
2033.84,-0.165,1.489,0.041
2034.2,-0.163,1.491,0.057
2034.2,-0.156,1.493,0.074
2034.39,-0.17,1.493,0.034
2034.57,-0.177,1.494,0.047
2034.75,-0.11,1.496,0.04
2034.93,-0.185,1.494,0.037
2035.11,-0.136,1.493,0.055
2035.3,-0.177,1.496,0.058
2035.48,-0.134,1.5,0.062
2035.66,-0.167,1.502,0.048
2035.84,-0.138,1.502,0.054
2036.3,-0.183,1.499,0.065
2036.21,-0.139,1.5,0.051
2036.39,-0.162,1.503,0.049
2036.57,-0.158,1.508,0.051
2036.75,-0.157,1.509,0.028
2036.94,-0.158,1.508,0.042
2037.12,-0.196,1.507,0.043
2037.3,-0.129,1.507,0.068
2037.48,-0.185,1.511,0.07
2037.67,-0.149,1.514,0.061
2037.85,-0.183,1.516,0.064
2038.3,-0.149,1.52,0.064
2038.21,-0.149,1.521,0.042
2038.39,-0.169,1.523,0.067
2038.58,-0.165,1.523,0.071
2038.76,-0.167,1.524,0.044
2038.94,-0.151,1.526,0.067
2039.12,-0.161,1.53,0.064
2039.31,-0.163,1.529,0.061
2039.49,-0.131,1.527,0.07
2039.67,-0.153,1.527,0.057
2039.85,-0.165,1.531,0.049
2040.3,-0.152,1.534,0.053
2040.22,-0.148,1.535,0.054
2040.4,-0.151,1.537,0.073
2040.58,-0.161,1.543,0.057
2040.76,-0.098,1.543,0.058
2040.95,-0.186,1.545,0.056
2041.13,-0.157,1.546,0.058
2041.31,-0.151,1.546,0.068
2041.49,-0.159,1.547,0.067
2041.68,-0.167,1.546,0.064
2041.86,-0.16,1.547,0.047
2042.4,-0.167,1.55,0.08
2042.22,-0.184,1.551,0.088
2042.4,-0.148,1.551,0.081
2042.59,-0.168,1.552,0.086
2042.77,-0.17,1.553,0.072
2042.95,-0.147,1.555,0.083
2043.13,-0.163,1.559,0.071
2043.32,-0.158,1.56,0.072
2043.5,-0.161,1.561,0.069
2043.68,-0.159,1.564,0.064
2043.86,-0.174,1.567,0.074
2044.4,-0.158,1.57,0.058
2044.23,-0.153,1.573,0.072
2044.41,-0.178,1.575,0.062
2044.59,-0.161,1.578,0.05
2044.77,-0.168,1.578,0.054
2044.96,-0.152,1.579,0.052
2045.14,-0.156,1.581,0.063
2045.32,-0.152,1.585,0.059
2045.5,-0.165,1.588,0.043
2045.68,-0.178,1.588,0.061
2045.87,-0.185,1.589,0.061
2046.5,-0.155,1.59,0.043
2046.23,-0.153,1.589,0.061
2047.51,-0.134,1.604,0.057
2047.69,-0.154,1.605,0.061
2047.87,-0.158,1.607,0.055
2048.5,-0.148,1.607,0.067
2048.24,-0.159,1.608,0.045
2048.42,-0.154,1.606,0.052
2048.6,-0.16,1.605,0.059
2048.78,-0.148,1.605,0.062
2048.97,-0.18,1.605,0.056
2049.15,-0.152,1.605,0.059
2049.33,-0.166,1.607,0.045
2049.51,-0.163,1.61,0.057
2049.69,-0.174,1.612,0.058
2049.88,-0.158,1.613,0.06
2050.6,-0.163,1.613,0.076
2050.24,-0.166,1.612,0.047
2050.42,-0.151,1.612,0.043
2050.61,-0.144,1.615,0.064
2050.79,-0.143,1.615,0.056
2050.97,-0.147,1.618,0.049
2051.15,-0.168,1.619,0.046
2051.33,-0.148,1.62,0.051
2051.52,-0.17,1.619,0.044
2051.7,-0.15,1.621,0.05
2051.88,-0.143,1.626,0.056
2052.6,-0.166,1.627,0.028
2052.25,-0.143,1.628,0.084
2052.43,-0.167,1.633,0.021
2052.61,-0.185,1.63,0.078
2052.79,-0.144,1.635,0.09
2052.97,-0.205,1.634,0.039
2053.16,-0.179,1.634,0.061
2053.34,-0.151,1.637,0.039
2053.52,-0.173,1.64,0.067
2053.7,-0.152,1.64,0.037
2053.89,-0.177,1.638,0.041
2054.7,-0.146,1.636,0.045
2054.25,-0.176,1.636,0.036
2054.43,-0.147,1.638,0.053
2054.61,-0.173,1.638,0.051
2054.8,-0.161,1.637,0.043
2054.98,-0.162,1.638,0.058
2055.16,-0.164,1.638,0.064
2055.34,-0.149,1.639,0.068
2055.53,-0.143,1.642,0.047
2055.71,-0.157,1.645,0.043
2055.89,-0.162,1.641,0.03
2056.7,-0.146,1.639,0.04
2056.26,-0.176,1.637,0.052
2056.44,-0.131,1.637,0.048
2056.62,-0.182,1.639,0.029
2056.8,-0.15,1.639,0.039
2056.98,-0.155,1.644,0.049
2057.17,-0.142,1.648,0.037
2057.35,-0.172,1.65,0.041
2057.53,-0.139,1.651,0.026
2057.71,-0.177,1.649,0.051
2057.9,-0.161,1.651,0.047
2058.8,-0.15,1.649,0.052
2058.26,-0.154,1.651,0.061
2058.44,-0.177,1.653,0.051
2058.62,-0.162,1.652,0.057
2058.81,-0.153,1.655,0.058
2058.99,-0.158,1.655,0.055
2059.17,-0.165,1.653,0.059
2059.35,-0.186,1.656,0.062
2059.54,-0.153,1.654,0.05
2059.72,-0.157,1.655,0.057
2059.9,-0.167,1.653,0.076
2060.8,-0.168,1.655,0.058
2060.26,-0.159,1.654,0.052
2060.45,-0.17,1.654,0.054
2060.63,-0.151,1.655,0.056
2060.81,-0.177,1.655,0.039
2060.99,-0.171,1.655,0.064
2061.18,-0.152,1.66,0.049
2061.36,-0.174,1.662,0.055
2061.54,-0.166,1.662,0.043
2061.72,-0.17,1.664,0.066
2061.9,-0.144,1.667,0.04
2062.9,-0.163,1.668,0.047
2062.27,-0.162,1.668,0.041
2062.45,-0.166,1.667,0.037
2062.63,-0.173,1.668,0.047
2062.82,-0.155,1.668,0.041
2063.0,-0.158,1.669,0.029
2063.18,-0.157,1.671,0.042
2063.36,-0.169,1.672,0.05
2063.54,-0.177,1.672,0.03
2063.73,-0.165,1.67,0.057
2063.91,-0.148,1.671,0.045
2064.9,-0.17,1.671,0.043
2064.27,-0.159,1.672,0.042
2064.46,-0.152,1.672,0.052
2064.64,-0.161,1.674,0.048
2064.82,-0.131,1.674,0.051
2065.0,-0.167,1.673,0.034
2065.19,-0.173,1.674,0.057
2065.37,-0.147,1.674,0.05
2065.55,-0.169,1.674,0.043
2065.73,-0.158,1.675,0.052
2065.91,-0.162,1.675,0.03
2066.1,-0.151,1.676,0.052
2066.28,-0.151,1.677,0.028
2066.46,-0.161,1.677,0.044
2066.64,-0.159,1.678,0.054
2066.83,-0.146,1.678,0.037
2067.1,-0.158,1.678,0.058
2067.19,-0.16,1.679,0.035
2067.37,-0.173,1.682,0.046
2067.55,-0.147,1.686,0.033
2067.74,-0.168,1.688,0.048
2067.92,-0.176,1.691,0.045
2068.1,-0.184,1.692,0.026
2068.28,-0.162,1.692,0.039
2068.47,-0.177,1.693,0.031
2068.65,-0.156,1.696,0.016
2068.83,-0.155,1.698,0.03
2069.1,-0.168,1.699,0.039
2069.19,-0.161,1.697,0.027
2069.38,-0.186,1.698,0.048
2069.56,-0.146,1.701,0.026
2069.74,-0.197,1.699,0.059
2069.92,-0.141,1.705,0.042
2070.11,-0.159,1.705,0.06
2070.29,-0.166,1.709,0.045
2070.47,-0.166,1.71,0.052
2070.65,-0.169,1.712,0.037
2070.84,-0.176,1.709,0.037
2071.2,-0.165,1.712,0.023
2071.2,-0.154,1.711,0.031
2071.38,-0.169,1.714,0.024
2071.56,-0.187,1.714,0.006
2071.75,-0.154,1.715,0.02
2071.93,-0.187,1.715,0.012
2072.11,-0.175,1.716,0.009
2072.29,-0.166,1.717,-0.002
2072.48,-0.168,1.722,0.005
2072.66,-0.177,1.723,0.005
2072.84,-0.184,1.725,0.002
2073.2,-0.153,1.726,0.018
2073.2,-0.17,1.73,0.017
2073.39,-0.143,1.729,0.031
2073.57,-0.167,1.73,0.01
2073.75,-0.183,1.73,0.027
2073.93,-0.17,1.732,0.01
2074.12,-0.165,1.735,0.019
2074.3,-0.156,1.736,0.006
2074.48,-0.164,1.737,0.014
2074.66,-0.143,1.739,0.007
2074.84,-0.17,1.74,0.018
2075.3,-0.167,1.741,0.045
2075.21,-0.163,1.741,0.041
2075.39,-0.145,1.739,0.028
2075.57,-0.171,1.741,0.023
2075.76,-0.164,1.742,0.027
2075.94,-0.175,1.744,0.029
2076.12,-0.17,1.742,0.035
2076.3,-0.176,1.744,0.033
2076.49,-0.142,1.746,0.031
2076.67,-0.168,1.747,0.037
2076.85,-0.156,1.748,0.04
2077.3,-0.167,1.746,0.03
2077.21,-0.176,1.748,0.031
2077.4,-0.151,1.746,0.043
2077.58,-0.151,1.748,0.03
2077.76,-0.174,1.748,0.048
2077.94,-0.175,1.75,0.024
2078.13,-0.152,1.752,0.025
2078.31,-0.17,1.754,0.014
2078.49,-0.172,1.756,0.03
2078.67,-0.161,1.755,0.032
2078.85,-0.172,1.756,0.007
2079.4,-0.167,1.759,0.028
2079.22,-0.175,1.757,0.018
2079.4,-0.159,1.754,0.027
2079.58,-0.163,1.755,0.038
2079.77,-0.174,1.755,0.035
2079.95,-0.146,1.758,0.037
2080.13,-0.139,1.76,0.045
2080.31,-0.177,1.761,0.026
2080.5,-0.172,1.761,0.044
2080.68,-0.154,1.764,0.045
2080.86,-0.182,1.764,0.046
2081.4,-0.157,1.765,0.047
2081.22,-0.165,1.765,0.04
2081.41,-0.148,1.766,0.058
2081.59,-0.194,1.768,0.047
2081.77,-0.156,1.772,0.054
2081.95,-0.168,1.771,0.055
2082.14,-0.152,1.775,0.059
2082.32,-0.157,1.774,0.054
2082.5,-0.145,1.775,0.051
2082.68,-0.166,1.773,0.048
2082.86,-0.172,1.774,0.066
2083.5,-0.127,1.775,0.045
2083.23,-0.178,1.776,0.049
2083.41,-0.165,1.777,0.054
2083.59,-0.185,1.773,0.036
2083.78,-0.181,1.774,0.056
2083.96,-0.183,1.776,0.045
2084.14,-0.167,1.775,0.053
2084.32,-0.171,1.777,0.035
2084.51,-0.171,1.776,0.043
2084.69,-0.175,1.776,0.034
2084.87,-0.163,1.777,0.032
2085.5,-0.186,1.777,0.03
2085.23,-0.152,1.779,0.03
2085.42,-0.169,1.781,0.031
2085.6,-0.172,1.781,0.04
2085.78,-0.173,1.783,0.02
2085.96,-0.144,1.784,0.018
2086.15,-0.166,1.783,0.013
2086.33,-0.163,1.779,0.02
2086.51,-0.176,1.78,0.01
2086.69,-0.18,1.78,0.02
2086.87,-0.161,1.781,0.023
2088.15,-0.163,1.791,0.037
2088.33,-0.174,1.789,0.031
2088.51,-0.164,1.791,0.046
2088.7,-0.165,1.791,0.045
2088.88,-0.162,1.79,0.061
2089.6,-0.175,1.793,0.066
2089.24,-0.164,1.795,0.04
2089.43,-0.184,1.794,0.052
2089.61,-0.153,1.797,0.046
2089.79,-0.177,1.796,0.035
2089.97,-0.146,1.796,0.028
2090.16,-0.167,1.795,0.053
2090.34,-0.179,1.792,0.044
2090.52,-0.176,1.795,0.038
2090.7,-0.167,1.793,0.041
2090.88,-0.171,1.79,0.051
2091.7,-0.168,1.788,0.041
2091.25,-0.153,1.79,0.043
2091.43,-0.146,1.792,0.035
2091.61,-0.16,1.789,0.049
2091.8,-0.161,1.789,0.042
2091.98,-0.166,1.787,0.047
2092.16,-0.152,1.785,0.06
2092.34,-0.177,1.784,0.056
2092.52,-0.154,1.786,0.041
2092.71,-0.15,1.787,0.058
2092.89,-0.161,1.791,0.052
2093.7,-0.159,1.792,0.051
2093.25,-0.156,1.792,0.044
2093.44,-0.15,1.794,0.038
2093.62,-0.173,1.794,0.04
2093.8,-0.162,1.794,0.046
2093.98,-0.154,1.794,0.055
2097.26,-0.167,1.801,0.049
2097.45,-0.158,1.802,0.043
2097.63,-0.193,1.803,0.043
2097.81,-0.175,1.803,0.031
2097.99,-0.151,1.805,0.028
2098.18,-0.15,1.805,0.066
2098.36,-0.174,1.805,0.053
2098.54,-0.161,1.804,0.042
2098.72,-0.179,1.805,0.039
2098.9,-0.158,1.807,0.039
2104.56,-0.165,1.832,0.04
2104.74,-0.157,1.833,0.025
2104.92,-0.153,1.833,0.042
2105.1,-0.155,1.835,0.044
2105.29,-0.158,1.837,0.042
2105.47,-0.147,1.839,0.041
2105.65,-0.17,1.839,0.041
2105.83,-0.162,1.839,0.038
2106.1,-0.163,1.839,0.038
2106.2,-0.163,1.836,0.047
2106.38,-0.15,1.836,0.051
2106.56,-0.162,1.838,0.058
2106.74,-0.18,1.84,0.046
2106.93,-0.159,1.84,0.053
2107.11,-0.16,1.843,0.05
2107.29,-0.169,1.842,0.048
2107.47,-0.152,1.843,0.076
2107.66,-0.167,1.842,0.049
2107.84,-0.149,1.844,0.046
2108.2,-0.173,1.844,0.053
2108.2,-0.167,1.844,0.047
2108.38,-0.173,1.845,0.044
2108.57,-0.17,1.846,0.063
2108.75,-0.186,1.849,0.054
2108.93,-0.152,1.847,0.05
2109.11,-0.152,1.852,0.05
2109.3,-0.154,1.855,0.053
2109.48,-0.169,1.857,0.054
2109.66,-0.163,1.857,0.054
2109.84,-0.165,1.858,0.063
2110.3,-0.166,1.858,0.059
2110.21,-0.178,1.859,0.039
2110.39,-0.167,1.86,0.024
2110.57,-0.154,1.862,0.032
2110.75,-0.176,1.863,0.029
2110.94,-0.154,1.86,0.013
2111.12,-0.174,1.861,0.005
2111.3,-0.158,1.858,0.016
2111.48,-0.168,1.859,0.013
2111.67,-0.154,1.86,0.02
2111.85,-0.155,1.861,-0.002
2112.3,-0.163,1.866,0.005
2112.21,-0.16,1.868,0.012
2112.4,-0.159,1.87,0.015
2112.58,-0.156,1.874,0.012
2112.76,-0.155,1.876,-0.002
2112.94,-0.153,1.878,-0.008
2113.12,-0.167,1.878,-0.003
2113.31,-0.162,1.881,-0.001
2113.49,-0.161,1.88,0.002
2113.67,-0.179,1.88,-0.006
2113.85,-0.173,1.884,0.008
2114.4,-0.173,1.885,0.03
2114.22,-0.167,1.888,0.05
2114.4,-0.191,1.888,0.042
2114.58,-0.164,1.887,0.055
2114.76,-0.162,1.89,0.04
2114.95,-0.157,1.893,0.061
2115.13,-0.169,1.893,0.053
2115.31,-0.156,1.894,0.071
2115.49,-0.16,1.894,0.076
2115.68,-0.176,1.894,0.059
2115.86,-0.153,1.897,0.054
2116.4,-0.178,1.895,0.073
2116.22,-0.166,1.898,0.09
2116.41,-0.149,1.901,0.081
2116.59,-0.207,1.902,0.038
2116.77,-0.172,1.903,0.067
2116.95,-0.137,1.903,0.041
2117.13,-0.206,1.902,0.036
2117.32,-0.157,1.903,0.06
2117.5,-0.157,1.905,0.042
2117.68,-0.179,1.907,0.071
2117.86,-0.182,1.908,0.031
2118.5,-0.184,1.906,0.072
2118.23,-0.156,1.907,0.081
2119.5,-0.181,1.917,0.058
2119.69,-0.161,1.919,0.057
2119.87,-0.162,1.92,0.043
2120.5,-0.16,1.923,0.035
2120.23,-0.157,1.925,0.03
2120.42,-0.154,1.923,0.011
2120.6,-0.161,1.921,0.013
2120.78,-0.178,1.923,0.017
2120.96,-0.159,1.924,0.011
2121.14,-0.175,1.926,0.006
2126.8,-0.166,1.945,0.035
2126.98,-0.165,1.948,0.014
2127.16,-0.158,1.949,0.023
2127.34,-0.169,1.947,0.02
2127.52,-0.168,1.948,0.043
2127.71,-0.158,1.949,0.037
2127.89,-0.16,1.95,0.049
2128.7,-0.147,1.947,0.042
2128.25,-0.145,1.949,0.049
2128.44,-0.153,1.95,0.049
2128.62,-0.142,1.954,0.047
2128.8,-0.18,1.952,0.029
2128.98,-0.15,1.951,0.047
2129.16,-0.173,1.951,0.042
2129.35,-0.161,1.952,0.053
2129.53,-0.169,1.953,0.038
2129.71,-0.172,1.957,0.047
2129.89,-0.172,1.958,0.044
2130.8,-0.158,1.959,0.046
2130.26,-0.16,1.957,0.039
2130.44,-0.165,1.956,0.046
2130.62,-0.152,1.957,0.054
2130.81,-0.161,1.954,0.043
2130.99,-0.18,1.951,0.045
2131.17,-0.15,1.953,0.046
2131.35,-0.15,1.954,0.053
2131.53,-0.157,1.955,0.035
2131.72,-0.16,1.956,0.05
2131.9,-0.156,1.956,0.052
2132.8,-0.18,1.954,0.042
2132.26,-0.178,1.954,0.048
2132.45,-0.164,1.956,0.054
2132.63,-0.166,1.959,0.04
2132.81,-0.184,1.963,0.038
2132.99,-0.182,1.964,0.061
2133.17,-0.162,1.964,0.059
2133.36,-0.153,1.965,0.048
2136.27,-0.156,1.98,0.047
2136.46,-0.157,1.98,0.042
2136.64,-0.173,1.98,0.038
2136.82,-0.16,1.98,0.036
2137.0,-0.172,1.978,0.039
2137.18,-0.174,1.979,0.057
2137.37,-0.157,1.979,0.049
2137.55,-0.161,1.98,0.042
2137.73,-0.159,1.981,0.042
2137.91,-0.165,1.98,0.04
2142.83,-0.165,1.991,0.044
2143.2,-0.153,1.988,0.05
2143.2,-0.182,1.989,0.041
2143.38,-0.149,1.987,0.038
2143.56,-0.169,1.987,0.051
2143.75,-0.181,1.991,0.042
2143.93,-0.149,1.994,0.033
2144.11,-0.175,1.993,0.045
2144.29,-0.158,1.994,0.042
2144.48,-0.162,1.992,0.046
2144.66,-0.152,1.991,0.051
2144.84,-0.154,1.99,0.045
2145.2,-0.177,1.988,0.049
2145.2,-0.141,1.991,0.046
2145.39,-0.181,1.993,0.042
2145.57,-0.151,1.996,0.051
2145.75,-0.17,1.995,0.05
2145.93,-0.164,1.998,0.032
2147.21,-0.164,2.001,0.029
2147.39,-0.146,2.002,0.04
2147.57,-0.169,2.002,0.036
2147.76,-0.152,2.004,0.065
2147.94,-0.166,2.006,0.062
2148.12,-0.131,2.007,0.055
2148.3,-0.171,2.008,0.066
2148.49,-0.156,2.008,0.078
2148.67,-0.17,2.009,0.073
2148.85,-0.165,2.013,0.077
2149.3,-0.159,2.014,0.058
2149.21,-0.18,2.014,0.066
2149.4,-0.174,2.015,0.048
2149.58,-0.16,2.017,0.027
2149.76,-0.161,2.015,0.038
2149.94,-0.166,2.014,0.052
2150.13,-0.155,2.014,0.035
2150.31,-0.16,2.013,0.039
2150.49,-0.146,2.01,0.049
2150.67,-0.168,2.011,0.039
2150.86,-0.152,2.013,0.045
2151.4,-0.171,2.014,0.035
2151.22,-0.13,2.015,0.052
2151.4,-0.19,2.016,0.058
2151.58,-0.148,2.018,0.042
2151.77,-0.176,2.019,0.054
2151.95,-0.16,2.02,0.058
2152.13,-0.163,2.021,0.057
2152.31,-0.142,2.022,0.052
2152.5,-0.158,2.023,0.036
2152.68,-0.16,2.027,0.062
2152.86,-0.174,2.027,0.038
2153.4,-0.141,2.025,0.027
2153.22,-0.161,2.026,0.053
2153.41,-0.164,2.025,0.04
2153.59,-0.169,2.022,0.039
2153.77,-0.163,2.024,0.052
2153.95,-0.165,2.029,0.042
2154.14,-0.171,2.029,0.047
2154.32,-0.156,2.029,0.045
2154.5,-0.159,2.024,0.036
2154.68,-0.194,2.025,0.045
2154.87,-0.142,2.026,0.051
2155.5,-0.176,2.023,0.047
2155.23,-0.173,2.025,0.062
2155.41,-0.15,2.024,0.041
2155.59,-0.178,2.028,0.046
2155.78,-0.168,2.029,0.056
2155.96,-0.183,2.033,0.033
2156.14,-0.167,2.033,0.039
2156.32,-0.157,2.034,0.037
2156.51,-0.173,2.038,0.036
2156.69,-0.141,2.041,0.035
2156.87,-0.175,2.041,0.033
2157.5,-0.164,2.04,0.037
2157.23,-0.152,2.039,0.036
2157.42,-0.16,2.04,0.036
2157.6,-0.181,2.04,0.048
2159.42,-0.181,2.052,0.007
2159.6,-0.14,2.052,0.035
2159.79,-0.174,2.054,0.042
2159.97,-0.165,2.054,0.054
2160.15,-0.146,2.056,0.048
2160.33,-0.176,2.059,0.046
2160.52,-0.156,2.058,0.035
2160.7,-0.169,2.062,0.006
2160.88,-0.156,2.059,0.021
2161.6,-0.172,2.059,0.027
2161.24,-0.162,2.06,0.015
2168.35,-0.172,2.071,0.065
2168.54,-0.163,2.07,0.06
2168.72,-0.157,2.071,0.058
2168.9,-0.182,2.072,0.062
2169.8,-0.151,2.072,0.058
2169.26,-0.194,2.072,0.045
2169.45,-0.158,2.075,0.054
2169.63,-0.178,2.075,0.052
2169.81,-0.153,2.076,0.034
2169.99,-0.159,2.073,0.044
2170.18,-0.168,2.074,0.038
2170.36,-0.167,2.075,0.038
2170.54,-0.163,2.077,0.049
2170.72,-0.164,2.073,0.057
2170.91,-0.181,2.075,0.063
2171.9,-0.176,2.074,0.052
2171.27,-0.18,2.074,0.052
2171.45,-0.16,2.073,0.046
2171.63,-0.163,2.074,0.07
2171.82,-0.171,2.074,0.045
2172.0,-0.16,2.073,0.07
2172.18,-0.167,2.075,0.063
2172.36,-0.154,2.076,0.039
2172.55,-0.167,2.079,0.06
2172.73,-0.172,2.082,0.042
2174.55,-0.169,2.09,0.075
2174.73,-0.161,2.091,0.035
2174.92,-0.159,2.092,0.014
2175.1,-0.173,2.088,0.001
2175.28,-0.146,2.087,-0.02
2175.46,-0.174,2.087,-0.029
2175.64,-0.168,2.087,0.004
2175.83,-0.162,2.088,0.056
2176.1,-0.143,2.091,0.059
2176.19,-0.169,2.09,0.07
2176.37,-0.178,2.095,0.051
2176.56,-0.166,2.097,0.041
2176.74,-0.166,2.097,0.06
2176.92,-0.159,2.099,0.068
2177.1,-0.169,2.101,0.06
2177.29,-0.161,2.101,0.048
2177.47,-0.157,2.099,0.046
2177.65,-0.166,2.098,0.052
2177.83,-0.164,2.101,0.053
2178.1,-0.156,2.101,0.052
2178.2,-0.161,2.102,0.054
2178.38,-0.169,2.104,0.065
2178.56,-0.162,2.106,0.06
2178.74,-0.164,2.107,0.061
2178.93,-0.158,2.108,0.046
2179.11,-0.154,2.106,0.027
2179.29,-0.142,2.107,0.04
2179.47,-0.17,2.106,0.043
2179.65,-0.164,2.108,0.062
2179.84,-0.171,2.11,0.054
2180.75,-0.173,2.116,0.057
2180.93,-0.154,2.115,0.048
2181.11,-0.16,2.119,0.073
2181.3,-0.154,2.12,0.06
2181.48,-0.15,2.122,0.043
2181.66,-0.159,2.124,0.051
2181.84,-0.159,2.122,0.021
2182.2,-0.157,2.122,0.029
2182.21,-0.167,2.123,0.041
2182.39,-0.149,2.124,0.036
2182.57,-0.177,2.127,0.043
2182.75,-0.166,2.127,0.038
2182.94,-0.164,2.124,0.056
2183.12,-0.173,2.126,0.034
2183.3,-0.17,2.125,0.048
2183.48,-0.156,2.125,0.06
2183.67,-0.159,2.127,0.045
2183.85,-0.168,2.128,0.049
2184.3,-0.145,2.129,0.05
2184.21,-0.151,2.132,0.05
2184.39,-0.158,2.131,0.033
2184.58,-0.176,2.132,0.036
2184.76,-0.163,2.13,0.004
2184.94,-0.149,2.127,0.008
2185.12,-0.146,2.129,0.009
2185.31,-0.165,2.131,0.03
2185.49,-0.173,2.133,0.04
2185.67,-0.153,2.134,0.05
2185.85,-0.157,2.134,0.045
2186.3,-0.166,2.133,0.043
2186.22,-0.142,2.133,0.028
2186.4,-0.163,2.135,0.046
2186.58,-0.153,2.135,0.038
2186.76,-0.16,2.136,0.048
2186.95,-0.165,2.135,0.069
2187.13,-0.148,2.138,0.04
2187.31,-0.165,2.138,0.056
2187.49,-0.166,2.141,0.044
2188.4,-0.167,2.144,0.059
2188.22,-0.192,2.145,0.057
2188.4,-0.15,2.142,0.068
2188.59,-0.172,2.143,0.053
2188.77,-0.152,2.147,0.054
2188.95,-0.174,2.148,0.068
2189.13,-0.163,2.152,0.087
2189.32,-0.17,2.154,0.095
2189.5,-0.158,2.156,0.08
2189.68,-0.154,2.159,0.069
2189.86,-0.167,2.159,0.078
2190.4,-0.169,2.159,0.106
2190.23,-0.176,2.159,0.082
2190.41,-0.172,2.159,0.072
2190.59,-0.16,2.16,0.063
2190.77,-0.17,2.161,0.071
2190.96,-0.18,2.163,0.073
2191.14,-0.158,2.168,0.061
2191.32,-0.172,2.17,0.067
2191.5,-0.169,2.166,0.076
2191.69,-0.186,2.167,0.069
2191.87,-0.155,2.167,0.059
2192.5,-0.186,2.169,0.067
2192.23,-0.148,2.17,0.067
2192.41,-0.169,2.171,0.052
2192.6,-0.179,2.168,0.043
2192.78,-0.169,2.17,0.036
2192.96,-0.153,2.173,0.045
2193.14,-0.182,2.177,0.06
2193.33,-0.152,2.179,0.065
2193.51,-0.17,2.18,0.054
2193.69,-0.153,2.181,0.087
2193.87,-0.156,2.182,0.077
2194.5,-0.153,2.184,0.068
2194.24,-0.166,2.186,0.067
2194.42,-0.174,2.19,0.061
2194.6,-0.157,2.192,0.066
2194.78,-0.162,2.193,0.064
2198.79,-0.169,2.225,0.032
2198.98,-0.168,2.227,0.048
2199.16,-0.16,2.229,0.05
2199.34,-0.157,2.232,0.051
2199.52,-0.172,2.232,0.053
2199.7,-0.167,2.233,0.051
2199.89,-0.164,2.235,0.056
2200.7,-0.181,2.237,0.064
2200.25,-0.144,2.235,0.047
2200.43,-0.16,2.233,0.068
2200.62,-0.159,2.232,0.082
2200.8,-0.184,2.229,0.07
2200.98,-0.147,2.23,0.059
2201.16,-0.171,2.233,0.057
2201.34,-0.178,2.233,0.044
2201.53,-0.162,2.235,0.06
2201.71,-0.146,2.233,0.054
2201.89,-0.191,2.233,0.038
2202.7,-0.159,2.237,0.045
2202.26,-0.155,2.238,0.017
2202.44,-0.165,2.24,0.03
2202.62,-0.162,2.243,0.034
2202.8,-0.157,2.246,0.029
2202.99,-0.153,2.245,0.021
2203.17,-0.163,2.247,0.033
2208.9,-0.151,2.269,0.044
2208.27,-0.175,2.269,0.038
2208.45,-0.14,2.27,0.029
2208.64,-0.171,2.272,0.04
2208.82,-0.164,2.272,0.05
2209.0,-0.189,2.275,0.049
2209.18,-0.162,2.276,0.071
2209.36,-0.17,2.276,0.049
2209.55,-0.175,2.273,0.043
2209.73,-0.175,2.273,0.04
2209.91,-0.146,2.271,0.042
2210.9,-0.177,2.271,0.032
2210.28,-0.131,2.269,0.024
2210.46,-0.184,2.27,0.049
2210.64,-0.152,2.272,0.019
2210.82,-0.164,2.27,0.005
2211.0,-0.155,2.271,-0.016
2211.19,-0.131,2.271,-0.024
2211.37,-0.177,2.268,-0.013
2211.55,-0.149,2.268,0.021
2211.73,-0.16,2.268,0.05
2211.92,-0.158,2.267,0.067
2212.1,-0.156,2.265,0.059
2212.28,-0.17,2.266,0.047
2212.46,-0.154,2.27,0.056
2212.65,-0.158,2.271,0.059
2212.83,-0.157,2.272,0.071
2213.1,-0.171,2.273,0.057
2213.19,-0.157,2.274,0.047
2213.37,-0.152,2.274,0.049
2213.56,-0.149,2.275,0.049
2213.74,-0.162,2.278,0.042
2213.92,-0.173,2.279,0.05
2214.1,-0.19,2.281,0.052
2214.29,-0.154,2.281,0.057
2214.47,-0.168,2.281,0.064
2214.65,-0.141,2.28,0.04
2214.83,-0.176,2.283,0.04
2215.1,-0.17,2.284,0.031
2215.2,-0.171,2.289,0.044
2215.38,-0.163,2.291,0.045
2215.56,-0.165,2.294,0.053
2215.74,-0.155,2.293,0.047
2215.93,-0.161,2.292,0.044
2216.11,-0.17,2.294,0.046
2216.29,-0.161,2.293,0.041
2216.47,-0.165,2.299,0.044
2216.66,-0.157,2.298,0.035
2216.84,-0.161,2.296,0.06
2217.2,-0.167,2.299,0.029
2217.2,-0.136,2.301,0.033
2217.38,-0.161,2.301,0.041
2217.57,-0.18,2.301,0.031
2217.75,-0.166,2.302,0.039
2217.93,-0.154,2.302,0.047
2218.11,-0.175,2.302,0.041
2218.3,-0.168,2.305,0.028
2218.48,-0.163,2.305,0.037
2218.66,-0.174,2.306,0.034
2218.84,-0.168,2.308,0.054
2219.3,-0.16,2.306,0.049
2219.21,-0.177,2.307,0.037
2219.39,-0.148,2.309,0.041
2219.57,-0.178,2.309,0.047
2219.75,-0.153,2.31,0.022
2219.94,-0.167,2.313,0.034
2220.12,-0.153,2.315,0.05
2220.3,-0.18,2.316,0.041
2220.48,-0.144,2.313,0.036
2220.67,-0.17,2.312,0.031
2220.85,-0.161,2.31,0.014
2221.3,-0.167,2.311,0.033
2221.21,-0.169,2.311,0.03
2221.39,-0.17,2.309,0.018
2221.58,-0.173,2.306,0.038
2221.76,-0.162,2.307,0.019
2221.94,-0.153,2.306,0.018
2222.12,-0.162,2.308,0.047
2222.31,-0.155,2.31,0.04
2222.49,-0.161,2.311,0.024
2222.67,-0.178,2.314,0.032
2222.85,-0.161,2.316,0.036
2223.4,-0.171,2.317,0.05
2223.22,-0.151,2.319,0.048
2223.4,-0.161,2.317,0.056
2223.58,-0.19,2.322,0.052
2223.76,-0.141,2.323,0.046
2223.95,-0.182,2.324,0.056
2224.13,-0.176,2.326,0.058
2224.31,-0.179,2.327,0.05
2224.49,-0.167,2.328,0.041
2224.68,-0.161,2.33,0.032
2224.86,-0.171,2.33,0.04
2225.4,-0.141,2.331,0.04
2225.22,-0.194,2.332,0.046
2225.4,-0.127,2.332,0.046
2225.59,-0.166,2.331,0.051
2225.77,-0.141,2.333,0.061
2225.95,-0.176,2.334,0.049
2226.13,-0.157,2.338,0.075
2226.32,-0.157,2.339,0.057
2226.5,-0.17,2.338,0.069
2226.68,-0.159,2.337,0.082
2231.24,-0.173,2.347,0.061
2231.42,-0.141,2.348,0.089
2231.6,-0.144,2.347,0.086
2231.78,-0.177,2.35,0.074
2231.97,-0.148,2.353,0.072
2232.15,-0.149,2.354,0.07
2232.33,-0.179,2.356,0.077
2232.51,-0.146,2.356,0.065
2232.7,-0.178,2.357,0.069
2232.88,-0.143,2.356,0.083
2233.6,-0.189,2.358,0.049
2233.24,-0.137,2.359,0.05
2233.42,-0.151,2.357,0.036
2233.61,-0.173,2.36,0.017
2233.79,-0.159,2.36,0.017
2233.97,-0.164,2.363,0.021
2234.15,-0.144,2.364,0.022
2234.34,-0.176,2.364,0.016
2234.52,-0.16,2.364,0.026
2234.7,-0.17,2.364,0.033
2234.88,-0.152,2.361,0.038
2235.7,-0.193,2.36,0.008
2235.25,-0.156,2.36,0.002
2235.43,-0.18,2.362,0.011
2235.61,-0.156,2.364,0.028
2235.79,-0.136,2.366,0.025
2235.98,-0.184,2.367,0.008
2236.16,-0.152,2.367,0.047
2236.34,-0.153,2.368,0.05
2236.52,-0.151,2.371,0.034
2236.71,-0.154,2.371,0.058
2236.89,-0.155,2.373,0.048
2238.16,-0.178,2.379,0.057
2238.35,-0.155,2.381,0.04
2238.53,-0.171,2.384,0.083
2238.71,-0.193,2.384,0.064
2238.89,-0.188,2.383,0.03
2239.7,-0.195,2.384,0.055
2239.26,-0.21,2.387,0.039
2239.44,-0.142,2.387,0.046
2239.62,-0.172,2.39,0.062
2239.8,-0.194,2.392,0.048
2239.99,-0.137,2.389,0.049
2240.17,-0.151,2.39,0.079
2240.35,-0.162,2.393,0.062
2240.53,-0.134,2.396,0.042
2240.72,-0.187,2.395,0.051
2240.9,-0.147,2.398,0.023
2241.8,-0.144,2.4,-0.012
2241.26,-0.174,2.404,-0.039
2241.44,-0.148,2.401,-0.061
2241.63,-0.167,2.401,-0.093
2241.81,-0.152,2.401,-0.077
2241.99,-0.166,2.403,-0.076
2242.17,-0.145,2.405,-0.023
2242.36,-0.175,2.405,-0.019
2242.54,-0.144,2.404,0.015
2242.72,-0.179,2.406,0.023
2242.9,-0.137,2.407,-0.0
2243.8,-0.178,2.41,0.001
2243.27,-0.166,2.414,0.042
2243.45,-0.161,2.413,0.067
2243.63,-0.143,2.414,0.072
2243.81,-0.185,2.416,0.059
2244.0,-0.182,2.419,0.047
2244.18,-0.154,2.42,0.04
2244.36,-0.211,2.421,-0.028
2244.54,-0.113,2.423,-0.039
2244.72,-0.191,2.422,-0.019
2244.91,-0.148,2.425,0.029
2245.9,-0.163,2.425,0.033
2245.27,-0.169,2.426,0.039
2245.45,-0.167,2.428,0.048
2245.64,-0.147,2.426,0.031
2245.82,-0.174,2.426,0.027
2246.0,-0.153,2.429,0.019
2246.18,-0.172,2.43,-0.006
2246.37,-0.144,2.43,-0.025
2246.55,-0.178,2.433,-0.015
2246.73,-0.155,2.436,0.009
2246.91,-0.166,2.439,0.018
2247.9,-0.158,2.442,0.035
2247.28,-0.166,2.444,0.049
2247.46,-0.15,2.441,0.064
2247.64,-0.164,2.441,0.07
2247.82,-0.16,2.442,0.065
2248.1,-0.161,2.443,0.052
2248.19,-0.16,2.442,0.034
2248.37,-0.167,2.441,0.04
2248.55,-0.152,2.44,0.052
2248.73,-0.161,2.441,0.063
2248.92,-0.163,2.443,0.074
2249.1,-0.145,2.44,0.045
2249.28,-0.194,2.442,0.052
2249.46,-0.146,2.441,0.05
2249.65,-0.152,2.441,0.056
2249.83,-0.166,2.441,0.049
2250.1,-0.183,2.444,0.065
2250.19,-0.15,2.443,0.066
2250.37,-0.166,2.445,0.06
2250.56,-0.157,2.444,0.06
2250.74,-0.156,2.443,0.051
2250.92,-0.17,2.442,0.055
2251.1,-0.143,2.442,0.052
2251.29,-0.161,2.441,0.043
2251.47,-0.127,2.44,0.038
2251.65,-0.154,2.438,0.047
2251.83,-0.161,2.436,0.046
2252.1,-0.142,2.437,0.045
2252.2,-0.17,2.435,0.041
2252.38,-0.159,2.437,0.037
2252.56,-0.165,2.437,0.039
2252.74,-0.179,2.437,0.036
2252.93,-0.153,2.438,0.038
2253.11,-0.167,2.439,0.039
2253.29,-0.161,2.443,0.022
2256.57,-0.137,2.448,0.054
2256.75,-0.138,2.448,0.044
2256.94,-0.159,2.45,0.052
2257.12,-0.167,2.45,0.044
2257.3,-0.148,2.453,0.028
2257.48,-0.178,2.454,0.048
2257.66,-0.17,2.458,0.047
2257.85,-0.167,2.459,0.044
2258.3,-0.164,2.458,0.052
2258.21,-0.171,2.46,0.037
2263.68,-0.16,2.486,-0.017
2263.86,-0.157,2.488,-0.03
2264.4,-0.159,2.487,-0.015
2264.22,-0.148,2.489,-0.044
2264.41,-0.152,2.489,-0.095
2264.59,-0.165,2.489,-0.104
2264.77,-0.173,2.489,-0.111
2264.95,-0.146,2.488,-0.091
2265.14,-0.157,2.489,-0.051
2270.6,-0.179,2.495,0.064
2270.24,-0.15,2.495,0.063
2270.42,-0.157,2.495,0.06
2270.6,-0.156,2.495,0.042
2270.79,-0.156,2.495,0.065
2270.97,-0.137,2.493,0.056
2271.15,-0.167,2.495,0.064
2271.33,-0.174,2.495,0.034
2271.51,-0.144,2.496,0.054
2271.7,-0.172,2.498,0.035
2271.88,-0.139,2.493,0.054
2272.6,-0.183,2.492,0.055
2272.24,-0.159,2.493,0.047
2272.43,-0.163,2.494,0.037
2272.61,-0.134,2.496,0.045
2272.79,-0.159,2.493,0.054
2272.97,-0.168,2.493,0.052
2273.15,-0.144,2.491,0.043
2273.34,-0.168,2.491,0.053
2273.52,-0.166,2.492,0.046
2273.7,-0.138,2.49,0.053
2273.88,-0.167,2.492,0.037
2274.7,-0.168,2.493,0.041
2274.25,-0.158,2.495,0.033
2274.43,-0.182,2.497,0.033
2274.61,-0.142,2.497,0.028
2274.8,-0.177,2.495,0.014
2274.98,-0.163,2.497,0.02
2275.16,-0.169,2.496,0.036
2275.34,-0.145,2.495,0.026
2275.52,-0.027,-0.0,0.006
2275.71,-0.176,0.0,0.032
2275.89,-0.153,0.0,0.029
2276.7,-0.178,-0.001,0.016
2276.25,-0.164,0.0,0.044
2276.44,-0.181,0.001,0.031
2276.62,-0.167,0.001,0.047
2276.8,-0.158,0.001,0.024
2276.98,-0.164,-0.0,0.049
2277.16,-0.166,0.002,0.047
2277.35,-0.163,0.002,0.043
2277.53,-0.168,0.002,0.05
2277.71,-0.158,0.004,0.056
2277.89,-0.159,0.009,0.046
2278.8,-0.154,0.013,0.062
2278.26,-0.174,0.013,0.062
2278.44,-0.153,0.013,0.063
2278.62,-0.173,0.012,0.066
2278.8,-0.141,0.012,0.094
2278.99,-0.183,0.014,0.076
2279.17,-0.167,0.014,0.086
2279.35,-0.15,0.014,0.072
2279.53,-0.167,0.017,0.088
2279.72,-0.147,0.015,0.077
2279.9,-0.165,0.019,0.059
2280.8,-0.176,0.02,0.074
2280.26,-0.152,0.022,0.067
2280.45,-0.158,0.023,0.066
2280.63,-0.175,0.026,0.041
2280.81,-0.165,0.027,0.043
2280.99,-0.174,0.029,0.038
2281.17,-0.154,0.032,0.044
2281.36,-0.17,0.034,0.029
2281.54,-0.15,0.037,0.033
2281.72,-0.147,0.036,0.051
2281.9,-0.169,0.036,0.049
2282.9,-0.179,0.037,0.06
2282.27,-0.173,0.037,0.058
2282.45,-0.181,0.039,0.046
2283.54,-0.17,0.047,0.032
2283.73,-0.166,0.046,0.014
2283.91,-0.164,0.047,-0.005
2284.9,-0.191,0.05,0.008
2284.27,-0.136,0.05,0.011
2284.45,-0.211,0.05,-0.005
2284.64,-0.149,0.049,-0.027
2284.82,-0.174,0.05,-0.061
2285.0,-0.172,0.05,-0.067
2285.18,-0.156,0.047,-0.011
2285.37,-0.192,0.049,0.003
2285.55,-0.157,0.049,0.018
2285.73,-0.162,0.049,-0.012
2285.91,-0.152,0.049,0.0
2286.1,-0.159,0.05,0.014
2286.28,-0.142,0.053,0.007
2286.46,-0.157,0.054,0.012
2286.64,-0.153,0.053,0.038
2286.82,-0.176,0.056,0.053
2287.1,-0.168,0.055,0.015
2287.19,-0.174,0.058,-0.027
2287.37,-0.147,0.054,-0.034
2287.55,-0.167,0.054,-0.037
2287.74,-0.164,0.053,-0.025
2287.92,-0.148,0.053,-0.01
2288.1,-0.16,0.054,-0.029
2288.28,-0.157,0.053,-0.053
2288.46,-0.147,0.052,-0.06
2288.65,-0.148,0.052,-0.023
2288.83,-0.168,0.053,-0.034
2289.1,-0.182,0.053,-0.022
2289.19,-0.159,0.053,-0.012
2289.38,-0.167,0.055,-0.007
2289.56,-0.168,0.058,-0.006
2289.74,-0.162,0.056,0.022
2289.92,-0.166,0.057,0.03
2290.11,-0.169,0.056,0.024
2290.29,-0.175,0.057,-0.019
2290.47,-0.149,0.057,-0.004
2290.65,-0.172,0.057,-0.022
2291.93,-0.172,0.066,-0.047
2292.11,-0.165,0.066,-0.073
2292.29,-0.177,0.065,-0.034
2292.47,-0.14,0.066,0.013
2292.66,-0.159,0.066,0.022
2292.84,-0.136,0.068,0.022
2293.2,-0.155,0.07,0.005
2293.2,-0.165,0.07,0.024
2293.39,-0.164,0.07,-0.023
2293.57,-0.138,0.071,0.012
2293.75,-0.172,0.07,0.045
2299.77,-0.167,0.08,0.051
2299.95,-0.142,0.079,0.057
2300.13,-0.17,0.084,0.046
2300.31,-0.127,0.085,0.061
2300.5,-0.194,0.086,0.039
2300.68,-0.15,0.085,0.06
2300.86,-0.191,0.084,0.064
2301.4,-0.143,0.086,0.054
2301.22,-0.169,0.086,0.063
2301.41,-0.154,0.089,0.07
2301.59,-0.176,0.09,0.057
2307.61,-0.164,0.101,0.02
2307.79,-0.166,0.102,0.004
2307.97,-0.161,0.1,0.0
2308.15,-0.15,0.102,-0.033
2308.33,-0.167,0.104,-0.029
2308.52,-0.156,0.104,-0.022
2308.7,-0.147,0.103,0.005
2308.88,-0.172,0.103,0.036
2309.6,-0.147,0.105,0.049
2309.25,-0.15,0.105,0.058
2309.43,-0.17,0.105,0.047
2309.61,-0.149,0.107,0.039
2309.79,-0.169,0.109,0.042
2309.98,-0.153,0.109,0.032
2310.16,-0.15,0.109,0.028
2310.34,-0.154,0.111,0.048
2310.52,-0.159,0.113,0.039
2310.7,-0.19,0.114,0.039
2311.8,-0.188,0.121,0.07
2311.98,-0.151,0.122,0.059
2312.16,-0.178,0.122,0.071
2312.34,-0.169,0.124,0.057
2312.53,-0.156,0.126,0.049
2312.71,-0.17,0.126,0.06
2312.89,-0.18,0.126,0.046
2313.7,-0.141,0.126,0.053
2313.26,-0.161,0.126,0.061
2313.44,-0.174,0.127,0.054
2319.27,-0.174,0.135,-0.046
2319.45,-0.135,0.133,0.019
2319.64,-0.183,0.136,0.058
2319.82,-0.117,0.135,0.054
2320.0,-0.179,0.138,0.069
2320.18,-0.139,0.141,0.064
2320.36,-0.173,0.143,0.07
2320.55,-0.166,0.144,0.034
2320.73,-0.139,0.146,0.043
2320.91,-0.184,0.148,0.05
2326.2,-0.164,0.161,0.041
2326.2,-0.169,0.165,0.032
2326.38,-0.156,0.164,0.048
2326.56,-0.142,0.165,0.03
2326.74,-0.155,0.165,0.038
2326.93,-0.176,0.166,0.04
2327.11,-0.16,0.165,0.032
2327.29,-0.18,0.166,0.046
2327.47,-0.161,0.17,0.054
2327.66,-0.176,0.17,0.049
2327.84,-0.178,0.169,0.051
2328.2,-0.166,0.17,0.048
2328.2,-0.159,0.17,0.049
2328.38,-0.169,0.172,0.054
2328.57,-0.168,0.174,0.056
2328.75,-0.159,0.175,0.05
2328.93,-0.19,0.178,0.035
2329.11,-0.162,0.18,0.045
2329.3,-0.176,0.181,0.038
2329.48,-0.18,0.182,0.045
2329.66,-0.158,0.183,0.033
2329.84,-0.156,0.185,0.049
2330.3,-0.14,0.185,0.038
2330.21,-0.156,0.188,0.055
2330.39,-0.154,0.188,0.046
2330.57,-0.174,0.19,0.036
2330.75,-0.161,0.189,0.054
2330.94,-0.165,0.192,0.047
2331.12,-0.172,0.192,0.056
2331.3,-0.174,0.193,0.066
2331.48,-0.164,0.195,0.048
2331.67,-0.162,0.197,0.057
2331.85,-0.162,0.197,0.059
2332.3,-0.166,0.201,0.067
2332.21,-0.153,0.203,0.069
2332.39,-0.195,0.204,0.048
2332.58,-0.15,0.201,0.059
2332.76,-0.198,0.201,0.047
2332.94,-0.156,0.201,0.043
2333.12,-0.175,0.2,0.051
2333.31,-0.157,0.202,0.05
2333.49,-0.187,0.203,0.051
2333.67,-0.162,0.205,0.061
2333.85,-0.162,0.208,0.08
2334.4,-0.144,0.211,0.065
2334.22,-0.177,0.216,0.065
2334.4,-0.168,0.219,0.063
2334.58,-0.151,0.22,0.045
2334.76,-0.171,0.222,0.042
2334.95,-0.15,0.225,0.038
2335.13,-0.162,0.226,0.048
2336.77,-0.161,0.221,0.064
2336.95,-0.154,0.221,0.077
2337.13,-0.171,0.222,0.078
2337.32,-0.169,0.225,0.05
2337.5,-0.153,0.225,0.057
2337.68,-0.181,0.223,0.049
2337.86,-0.154,0.223,0.064
2338.5,-0.161,0.222,0.069
2338.23,-0.174,0.222,0.064
2338.41,-0.169,0.224,0.071
2338.59,-0.156,0.225,0.065
2338.77,-0.165,0.224,0.058
2338.96,-0.17,0.227,0.077
2339.14,-0.142,0.226,0.052
2339.32,-0.17,0.224,0.073
2339.5,-0.182,0.225,0.065
2339.69,-0.152,0.225,0.068
2339.87,-0.169,0.227,0.065
2340.96,-0.181,0.229,0.043
2341.14,-0.163,0.229,0.052
2341.33,-0.164,0.23,0.022
2341.51,-0.171,0.231,0.019
2341.69,-0.16,0.233,0.031
2341.87,-0.17,0.235,0.013
2342.6,-0.164,0.236,0.028
2342.24,-0.169,0.235,0.038
2342.42,-0.165,0.237,0.051
2348.7,-0.153,0.248,0.054
2348.25,-0.162,0.246,0.066
2348.43,-0.156,0.248,0.048
2348.62,-0.149,0.246,0.067
2348.8,-0.186,0.246,0.039
2348.98,-0.142,0.244,0.056
2349.16,-0.154,0.245,0.038
2349.35,-0.138,0.244,0.047
2349.53,-0.148,0.245,0.03
2349.71,-0.185,0.247,0.05
2349.89,-0.161,0.25,0.039
2355.54,-0.174,0.269,0.046
2355.73,-0.156,0.27,0.038
2355.91,-0.165,0.27,0.045
2356.9,-0.154,0.274,0.036
2356.27,-0.168,0.276,0.026
2356.45,-0.142,0.276,0.028
2356.64,-0.167,0.274,0.029
2356.82,-0.151,0.275,0.057
2357.0,-0.168,0.276,0.027
2357.18,-0.163,0.276,0.04
2357.37,-0.171,0.279,0.024
2357.55,-0.158,0.281,0.046
2357.73,-0.162,0.28,0.034
2357.91,-0.158,0.277,0.038
2358.9,-0.151,0.278,0.043
2358.28,-0.172,0.281,0.03
2358.46,-0.148,0.281,0.052
2358.64,-0.187,0.28,0.031
2358.82,-0.162,0.28,0.048
2359.1,-0.168,0.279,0.046
2359.19,-0.158,0.277,0.03
2359.37,-0.171,0.277,0.041
2359.55,-0.182,0.282,0.022
2359.73,-0.129,0.281,0.062
2359.92,-0.178,0.285,0.027
2360.1,-0.118,0.286,0.053
2360.28,-0.213,0.29,0.036
2360.46,-0.124,0.29,0.05
2360.65,-0.176,0.289,0.031
2360.83,-0.162,0.289,0.033
2361.1,-0.159,0.292,0.05
2361.19,-0.161,0.292,0.031
2361.37,-0.149,0.291,0.044
2361.56,-0.169,0.294,0.047
2361.74,-0.164,0.295,0.023
2361.92,-0.15,0.294,0.052
2362.1,-0.17,0.294,0.023
2362.29,-0.135,0.291,0.04
2362.47,-0.189,0.297,0.035
2362.65,-0.125,0.298,0.032
2362.83,-0.173,0.298,0.028
2363.1,-0.14,0.299,0.036
2363.2,-0.173,0.296,0.033
2363.38,-0.144,0.299,0.037
2363.56,-0.18,0.298,0.028
2363.74,-0.14,0.299,0.033
2363.93,-0.178,0.298,0.018
2364.11,-0.158,0.298,0.032
2364.29,-0.165,0.298,0.023
2364.47,-0.153,0.297,0.02
2364.66,-0.163,0.297,-0.006
2364.84,-0.171,0.299,-0.003
2365.2,-0.171,0.298,-0.019
2365.2,-0.163,0.296,-0.034
2365.38,-0.159,0.301,0.0
2365.57,-0.152,0.301,0.054
2365.75,-0.166,0.303,0.055
2365.93,-0.173,0.301,0.069
2366.11,-0.181,0.303,0.077
2367.21,-0.158,0.301,0.054
2367.39,-0.15,0.301,0.066
2367.57,-0.156,0.301,0.08
2367.75,-0.175,0.303,0.071
2367.94,-0.161,0.303,0.094
2368.12,-0.173,0.304,0.07
2368.3,-0.161,0.307,0.087
2368.48,-0.154,0.31,0.072
2368.66,-0.155,0.314,0.059
2368.85,-0.159,0.315,0.047
2369.3,-0.174,0.317,0.072
2369.21,-0.155,0.318,0.061
2369.39,-0.164,0.318,0.052
2369.58,-0.153,0.319,0.061
2369.76,-0.167,0.319,0.061
2369.94,-0.153,0.318,0.066
2370.12,-0.18,0.318,0.058
2370.31,-0.171,0.319,0.084
2370.49,-0.166,0.32,0.056
2370.67,-0.181,0.324,0.061
2370.85,-0.154,0.324,0.06
2371.3,-0.163,0.324,0.069
2371.22,-0.163,0.327,0.059
2371.4,-0.146,0.328,0.084
2371.58,-0.174,0.328,0.083
2371.76,-0.145,0.328,0.075
2371.95,-0.172,0.329,0.078
2372.13,-0.148,0.328,0.071
2372.31,-0.183,0.331,0.056
2372.49,-0.15,0.332,0.053
2372.68,-0.178,0.333,0.058
2372.86,-0.157,0.337,0.052
2373.4,-0.169,0.336,0.073
2373.22,-0.157,0.336,0.069
2374.32,-0.17,0.344,0.035
2374.5,-0.176,0.345,0.037
2374.68,-0.171,0.348,0.029
2374.86,-0.167,0.349,0.036
2375.5,-0.162,0.35,0.042
2375.23,-0.149,0.35,0.027
2375.41,-0.163,0.351,0.049
2375.59,-0.164,0.353,0.035
2375.77,-0.153,0.355,0.053
2375.96,-0.16,0.358,0.045
2376.14,-0.169,0.356,0.056
2382.15,-0.183,0.398,0.042
2382.34,-0.161,0.402,0.055
2382.52,-0.165,0.404,0.054
2382.7,-0.156,0.405,0.068
2382.88,-0.176,0.407,0.059
2383.6,-0.154,0.411,0.06
2383.25,-0.171,0.415,0.041
2383.43,-0.164,0.416,0.045
2383.61,-0.183,0.42,0.062
2383.79,-0.159,0.42,0.04
2390.17,-0.166,0.457,0.059
2390.36,-0.175,0.46,0.068
2390.54,-0.144,0.46,0.052
2390.72,-0.159,0.462,0.055
2390.9,-0.154,0.464,0.074
2391.9,-0.166,0.465,0.06
2391.27,-0.146,0.464,0.062
2391.45,-0.174,0.465,0.053
2391.63,-0.15,0.468,0.065
2391.81,-0.143,0.469,0.04
2392.0,-0.165,0.472,0.057
2392.18,-0.154,0.474,0.036
2392.36,-0.175,0.476,0.062
2392.54,-0.163,0.477,0.04
2392.73,-0.158,0.476,0.051
2392.91,-0.155,0.479,0.049
2393.9,-0.152,0.481,0.061
2393.27,-0.187,0.482,0.041
2393.45,-0.181,0.488,0.047
2393.64,-0.182,0.49,0.044
2393.82,-0.176,0.49,0.063
2394.0,-0.181,0.49,0.046
2394.18,-0.177,0.491,0.041
2394.37,-0.181,0.493,0.047
2394.55,-0.169,0.498,0.039
2394.73,-0.169,0.499,0.048
2394.91,-0.175,0.502,0.045
2395.1,-0.142,0.503,0.042
2395.28,-0.179,0.503,0.05
2395.46,-0.156,0.505,0.047
2395.64,-0.165,0.503,0.044
2395.82,-0.156,0.504,0.048
2396.1,-0.184,0.502,0.039
2396.19,-0.148,0.504,0.046
2396.37,-0.161,0.502,0.045
2396.55,-0.165,0.504,0.042
2397.83,-0.151,0.503,0.037
2398.1,-0.168,0.504,0.046
2398.19,-0.176,0.506,0.051
2398.38,-0.133,0.507,0.041
2398.56,-0.18,0.507,0.051
2398.74,-0.195,0.507,0.036
2398.92,-0.148,0.507,0.039
2399.11,-0.163,0.507,0.061
2399.29,-0.128,0.506,0.041
2399.47,-0.181,0.505,0.062
2405.85,-0.182,0.543,0.036
2406.3,-0.137,0.542,0.037
2406.21,-0.197,0.542,0.017
2406.4,-0.128,0.544,0.02
2406.58,-0.175,0.547,0.013
2406.76,-0.167,0.549,0.021
2406.94,-0.134,0.547,0.027
2407.12,-0.185,0.547,0.037
2407.31,-0.191,0.55,0.007
2407.49,-0.148,0.549,0.034
2407.67,-0.166,0.551,0.019
2407.85,-0.153,0.551,0.014
2408.4,-0.164,0.552,0.039
2408.22,-0.127,0.551,0.029
2408.4,-0.162,0.552,0.041
2408.58,-0.144,0.553,0.024
2408.76,-0.187,0.555,0.021
2408.95,-0.144,0.558,0.005
2409.13,-0.187,0.553,-0.019
2409.31,-0.144,0.554,0.009
2409.49,-0.166,0.555,-0.024
2409.68,-0.174,0.559,-0.015
2409.86,-0.181,0.558,0.004
2410.4,-0.166,0.559,0.008
2410.22,-0.15,0.561,-0.015
2410.41,-0.172,0.563,-0.025
2410.59,-0.16,0.562,-0.046
2410.77,-0.165,0.566,-0.011
2410.95,-0.159,0.562,0.002
2411.13,-0.151,0.564,-0.0
2411.32,-0.154,0.562,-0.008
2411.5,-0.156,0.566,-0.027
2411.68,-0.142,0.566,-0.01
2411.86,-0.166,0.565,-0.03
2412.5,-0.166,0.564,-0.019
2412.23,-0.148,0.565,0.005
2414.23,-0.139,0.577,0.043
2414.42,-0.177,0.577,0.068
2414.6,-0.172,0.574,0.057
2414.78,-0.172,0.577,0.061
2414.96,-0.174,0.577,0.056
2415.14,-0.157,0.575,0.057
2415.33,-0.177,0.576,0.063
2415.51,-0.141,0.576,0.044
2415.69,-0.175,0.578,0.044
2415.87,-0.16,0.577,0.039
2422.43,-0.151,0.612,0.05
2422.62,-0.157,0.612,0.046
2422.8,-0.153,0.61,0.056
2422.98,-0.16,0.612,0.039
2423.16,-0.151,0.611,0.043
2423.35,-0.177,0.615,0.055
2423.53,-0.14,0.616,0.053
2423.71,-0.158,0.615,0.05
2423.89,-0.149,0.617,0.059
2429.18,-0.159,0.651,0.036
2429.36,-0.159,0.652,0.069
2429.54,-0.166,0.656,0.053
2429.73,-0.144,0.657,0.055
2429.91,-0.174,0.661,0.052
2430.9,-0.136,0.661,0.041
2430.27,-0.183,0.66,0.039
2430.45,-0.15,0.658,0.051
2430.64,-0.146,0.656,0.041
2430.82,-0.157,0.654,0.065
2436.1,-0.158,0.672,0.042
2436.29,-0.183,0.672,0.045
2436.47,-0.174,0.673,0.053
2436.65,-0.136,0.668,0.034
2436.83,-0.175,0.666,0.052
2437.2,-0.164,0.671,0.034
2437.2,-0.138,0.669,0.039
2437.38,-0.203,0.673,0.032
2437.56,-0.104,0.673,0.022
2437.74,-0.196,0.672,0.049
2437.93,-0.134,0.676,0.05
2438.11,-0.173,0.672,0.074
2438.29,-0.161,0.673,0.078
2438.47,-0.17,0.67,0.087
2438.66,-0.144,0.672,0.089
2438.84,-0.154,0.675,0.064
2439.2,-0.164,0.676,0.049
2439.2,-0.132,0.676,0.05
2439.39,-0.151,0.676,0.069
2439.57,-0.164,0.674,0.077
2439.75,-0.134,0.676,0.086
2439.93,-0.172,0.677,0.058
2440.11,-0.141,0.679,0.066
2440.3,-0.175,0.682,0.072
2440.48,-0.098,0.681,0.077
2440.66,-0.221,0.682,0.064
2440.84,-0.131,0.682,0.049
2441.3,-0.191,0.681,0.063
2441.21,-0.14,0.684,0.058
2441.39,-0.162,0.683,0.061
2441.57,-0.155,0.683,0.072
2441.75,-0.16,0.682,0.086
2441.94,-0.14,0.686,0.075
2442.12,-0.157,0.687,0.087
2442.3,-0.16,0.69,0.077
2442.48,-0.171,0.69,0.062
2442.67,-0.141,0.694,0.082
2442.85,-0.191,0.696,0.063
2443.3,-0.146,0.694,0.067
2443.21,-0.16,0.701,0.054
2443.4,-0.168,0.705,0.058
2443.58,-0.13,0.705,0.058
2443.76,-0.186,0.704,0.048
2443.94,-0.123,0.705,0.052
2444.12,-0.189,0.705,0.062
2444.31,-0.138,0.708,0.054
2444.49,-0.172,0.704,0.049
2444.67,-0.165,0.706,0.045
2444.85,-0.16,0.707,0.047
2445.4,-0.138,0.71,0.046
2445.22,-0.154,0.713,0.059
2445.4,-0.14,0.714,0.057
2445.58,-0.154,0.713,0.063
2445.77,-0.164,0.716,0.062
2445.95,-0.154,0.718,0.055
2446.13,-0.17,0.72,0.057
2446.31,-0.169,0.722,0.059
2446.49,-0.158,0.721,0.056
2446.68,-0.183,0.725,0.074
2446.86,-0.138,0.723,0.075
2447.4,-0.19,0.73,0.062
2447.22,-0.137,0.733,0.057
2447.41,-0.168,0.733,0.055
2447.59,-0.169,0.734,0.051
2447.77,-0.136,0.734,0.069
2447.95,-0.172,0.737,0.057
2448.13,-0.146,0.737,0.073
2448.32,-0.187,0.738,0.083
2448.5,-0.16,0.738,0.081
2448.68,-0.134,0.739,0.091
2448.86,-0.146,0.737,0.074
2449.5,-0.161,0.737,0.069
2449.23,-0.152,0.737,0.085
2449.41,-0.163,0.734,0.08
2449.59,-0.156,0.736,0.072
2449.78,-0.163,0.735,0.088
2449.96,-0.147,0.735,0.07
2450.14,-0.155,0.739,0.094
2450.32,-0.16,0.744,0.097
2450.5,-0.17,0.744,0.081
2450.69,-0.178,0.747,0.081
2450.87,-0.163,0.749,0.078
2451.5,-0.169,0.75,0.074
2451.23,-0.154,0.753,0.072
2451.42,-0.171,0.758,0.076
2451.6,-0.152,0.758,0.083
2451.78,-0.182,0.758,0.079
2451.96,-0.144,0.763,0.083
2452.14,-0.162,0.766,0.075
2452.33,-0.16,0.767,0.079
2452.51,-0.155,0.766,0.074
2453.79,-0.13,0.771,0.064
2453.97,-0.157,0.77,0.04
2454.15,-0.158,0.771,0.053
2454.33,-0.163,0.774,0.029
2454.51,-0.16,0.772,0.03
2454.7,-0.169,0.771,0.035
2454.88,-0.165,0.774,0.041
2455.6,-0.179,0.774,0.028
2455.24,-0.133,0.773,0.043
2455.43,-0.168,0.774,0.022
2455.61,-0.181,0.777,0.031
2455.79,-0.158,0.776,0.039
2455.97,-0.162,0.778,0.028
2456.16,-0.178,0.778,0.04
2456.34,-0.159,0.777,0.058
2456.52,-0.17,0.779,0.042
2456.7,-0.145,0.782,0.044
2456.88,-0.144,0.78,0.048
2457.7,-0.174,0.781,0.026
2457.25,-0.149,0.782,0.032
2457.43,-0.182,0.781,0.045
2457.61,-0.138,0.781,0.044
2457.8,-0.179,0.785,0.051
2457.98,-0.178,0.786,0.047
2458.16,-0.139,0.785,0.035
2458.34,-0.162,0.788,-0.006
2458.52,-0.156,0.788,-0.01
2458.71,-0.179,0.785,-0.0
2458.89,-0.179,0.788,-0.046
2459.7,-0.131,0.789,-0.021
2459.25,-0.202,0.788,-0.027
2459.44,-0.147,0.787,-0.008
2459.62,-0.193,0.786,-0.002
2459.8,-0.134,0.786,-0.005
2459.98,-0.175,0.785,0.004
2460.17,-0.164,0.786,0.019
2460.35,-0.165,0.789,0.028
2460.53,-0.155,0.791,0.033
2460.71,-0.166,0.793,0.031
2460.89,-0.154,0.79,0.024
2461.8,-0.188,0.789,0.03
2461.26,-0.142,0.785,0.036
2461.44,-0.193,0.785,0.029
2461.62,-0.154,0.782,0.035
2461.81,-0.182,0.782,0.049
2461.99,-0.147,0.785,0.039
2462.17,-0.154,0.788,0.04
2462.35,-0.139,0.785,0.028
2462.53,-0.172,0.784,0.038
2462.72,-0.138,0.785,-0.009
2462.9,-0.165,0.786,0.006
2463.8,-0.155,0.787,-0.009
2463.26,-0.147,0.786,-0.021
2463.45,-0.183,0.79,-0.009
2463.63,-0.145,0.789,-0.006
2463.81,-0.159,0.789,0.028
2463.99,-0.159,0.791,0.013
2464.17,-0.155,0.79,0.015
2464.36,-0.165,0.794,0.015
2468.0,-0.145,0.804,0.036
2468.18,-0.171,0.805,0.046
2468.37,-0.163,0.805,0.033
2468.55,-0.152,0.806,0.037
2468.73,-0.169,0.809,0.026
2468.91,-0.156,0.809,0.039
2469.1,-0.147,0.809,0.038
2469.28,-0.15,0.809,0.063
2469.46,-0.155,0.811,0.061
2469.64,-0.164,0.813,0.066
2469.83,-0.152,0.813,0.055
2470.1,-0.163,0.812,0.06
2470.19,-0.168,0.811,0.071
2470.37,-0.153,0.811,0.087
2470.55,-0.19,0.814,0.083
2470.74,-0.149,0.816,0.076
2470.92,-0.167,0.813,0.064
2471.1,-0.17,0.819,0.08
2471.28,-0.144,0.819,0.065
2471.47,-0.146,0.824,0.051
2471.65,-0.181,0.827,0.046
2471.83,-0.141,0.827,0.05
2472.1,-0.177,0.83,0.04
2473.29,-0.163,0.844,0.068
2473.47,-0.174,0.843,0.066
2473.65,-0.151,0.844,0.053
2473.84,-0.137,0.844,0.049
2474.2,-0.172,0.848,0.039
2474.2,-0.163,0.848,0.055
2474.38,-0.174,0.851,0.041
2474.56,-0.146,0.851,0.023
2474.75,-0.166,0.852,0.029
2474.93,-0.16,0.852,0.032
2475.11,-0.152,0.853,0.033
2475.29,-0.148,0.854,0.031
2475.48,-0.147,0.858,0.043
2475.66,-0.171,0.856,0.036
2475.84,-0.148,0.858,0.038
2476.2,-0.139,0.858,0.061
2476.2,-0.165,0.86,0.048
2476.39,-0.105,0.858,0.052
2476.57,-0.177,0.863,0.071
2476.75,-0.122,0.865,0.057
2476.93,-0.18,0.865,0.048
2478.21,-0.171,0.875,0.068
2478.39,-0.166,0.874,0.056
2478.57,-0.14,0.876,0.062
2478.76,-0.153,0.877,0.041
2478.94,-0.145,0.875,0.06
2479.12,-0.17,0.874,0.044
2479.3,-0.159,0.875,0.057
2479.49,-0.137,0.874,0.039
2479.67,-0.142,0.874,0.041
2479.85,-0.164,0.874,0.038
2480.3,-0.15,0.877,0.038
2480.21,-0.161,0.878,0.033
2480.4,-0.144,0.878,0.03
2480.58,-0.158,0.878,0.041
2480.76,-0.163,0.875,0.039
2480.94,-0.165,0.875,0.029
2481.13,-0.15,0.876,0.03
2481.31,-0.162,0.878,0.033
2481.49,-0.179,0.878,0.033
2481.67,-0.152,0.881,0.056
2481.86,-0.166,0.88,0.044
2482.4,-0.153,0.884,0.052
2482.22,-0.146,0.887,0.044
2482.4,-0.158,0.888,0.054
2482.58,-0.163,0.892,0.05
2482.77,-0.156,0.893,0.043
2482.95,-0.16,0.891,0.045
2483.13,-0.146,0.892,0.047
2483.31,-0.165,0.892,0.063
2483.5,-0.144,0.892,0.062
2483.68,-0.144,0.891,0.053
2483.86,-0.148,0.892,0.049
2484.4,-0.172,0.891,0.052
2484.22,-0.155,0.89,0.057
2484.41,-0.149,0.893,0.053
2484.59,-0.152,0.893,0.058
2484.77,-0.168,0.893,0.056
2484.95,-0.169,0.893,0.052
2485.14,-0.145,0.896,0.053
2485.32,-0.153,0.897,0.066
2485.5,-0.146,0.898,0.035
2485.68,-0.158,0.899,0.044
2485.86,-0.159,0.902,0.038
2486.5,-0.15,0.905,0.007
2486.23,-0.171,0.905,0.015
2486.41,-0.143,0.908,-0.005
2486.59,-0.164,0.911,0.01
2486.78,-0.15,0.914,0.014
2486.96,-0.163,0.916,0.026
2487.14,-0.148,0.92,0.014
2487.32,-0.141,0.918,0.028
2487.51,-0.172,0.92,0.02
2487.69,-0.173,0.92,0.037
2487.87,-0.148,0.918,0.042
2488.5,-0.161,0.917,0.049
2488.23,-0.154,0.919,0.036
2488.42,-0.141,0.919,0.039
2488.6,-0.143,0.921,0.037
2488.78,-0.145,0.92,0.027
2488.96,-0.17,0.921,0.027
2489.15,-0.144,0.921,0.032
2489.33,-0.147,0.922,0.052
2489.51,-0.155,0.922,0.036
2489.69,-0.16,0.921,0.051
2489.87,-0.15,0.925,0.038
2490.6,-0.15,0.924,0.087
2490.24,-0.165,0.926,0.069
2490.42,-0.156,0.927,0.059
2490.6,-0.142,0.928,0.066
2490.79,-0.132,0.929,0.058
2490.97,-0.157,0.929,0.063
2491.15,-0.157,0.928,0.047
2491.33,-0.174,0.927,0.059
2491.51,-0.14,0.928,0.052
2491.7,-0.165,0.93,0.048
2491.88,-0.148,0.932,0.062
2492.6,-0.148,0.933,0.046
2492.24,-0.155,0.935,0.063
2496.44,-0.163,0.956,0.051
2496.62,-0.136,0.957,0.047
2496.8,-0.156,0.957,0.054
2496.98,-0.15,0.955,0.051
2497.17,-0.164,0.957,0.049
2497.35,-0.166,0.955,0.059
2497.53,-0.149,0.955,0.067
2497.71,-0.147,0.957,0.071
2497.89,-0.177,0.958,0.074
2498.8,-0.144,0.962,0.077
2498.26,-0.167,0.964,0.064
2498.44,-0.159,0.966,0.059
2498.62,-0.137,0.968,0.054
2498.81,-0.15,0.968,0.049
2498.99,-0.17,0.968,0.069
2499.17,-0.154,0.969,0.042
2499.35,-0.161,0.971,0.049
2499.53,-0.141,0.972,0.06
2499.72,-0.139,0.973,0.044
2499.9,-0.163,0.972,0.07
2500.8,-0.14,0.975,0.05
2500.26,-0.168,0.973,0.055
2500.45,-0.142,0.975,0.05
2500.63,-0.152,0.976,0.046
2500.81,-0.154,0.978,0.049
2500.99,-0.155,0.983,0.047
2501.17,-0.139,0.984,0.038
2501.36,-0.182,0.988,0.039
2501.54,-0.134,0.991,0.046
2501.72,-0.167,0.991,0.067
2501.9,-0.148,0.989,0.067
2502.9,-0.156,0.991,0.076
2502.27,-0.142,0.992,0.083
2502.45,-0.123,0.993,0.063
2502.63,-0.161,0.993,0.059
2502.81,-0.144,0.995,0.063
2503.0,-0.163,0.997,0.056
2503.18,-0.168,0.998,0.074
2503.36,-0.153,0.999,0.075
2503.54,-0.16,0.998,0.064
2503.73,-0.154,0.996,0.05
2503.91,-0.167,0.997,0.044
2504.9,-0.164,0.999,0.038
2504.27,-0.153,0.999,0.051
2504.46,-0.153,1.002,0.058
2504.64,-0.149,1.002,0.05
2504.82,-0.167,1.003,0.065
2505.0,-0.154,1.005,0.067
2505.18,-0.13,1.007,0.058
2505.37,-0.161,1.007,0.065
2505.55,-0.159,1.008,0.05
2505.73,-0.151,1.011,0.081
2505.91,-0.157,1.011,0.052
2506.1,-0.135,1.011,0.063
2506.28,-0.147,1.016,0.061
2506.46,-0.125,1.018,0.08
2506.64,-0.144,1.019,0.036
2511.2,-0.165,1.042,0.07
2511.2,-0.174,1.042,0.053
2511.38,-0.163,1.04,0.064
2511.56,-0.176,1.036,0.053
2511.75,-0.143,1.038,0.01
2511.93,-0.188,1.036,0.056
2512.11,-0.141,1.036,0.037
2512.29,-0.186,1.035,0.042
2512.48,-0.135,1.035,0.059
2512.66,-0.167,1.037,0.052
2512.84,-0.152,1.037,0.062
2513.2,-0.157,1.036,0.042
2513.2,-0.166,1.034,0.066
2513.39,-0.163,1.036,0.061
2513.57,-0.151,1.038,0.053
2514.84,-0.146,1.048,0.061
2515.3,-0.164,1.05,0.071
2515.21,-0.143,1.049,0.059
2515.39,-0.157,1.054,0.066
2515.57,-0.158,1.055,0.066
2515.76,-0.16,1.055,0.084
2515.94,-0.131,1.057,0.081
2516.12,-0.156,1.058,0.067
2516.3,-0.151,1.061,0.09
2516.48,-0.161,1.06,0.076
2516.67,-0.153,1.063,0.075
2516.85,-0.151,1.067,0.078
2517.3,-0.142,1.07,0.06
2517.21,-0.139,1.072,0.07
2517.4,-0.152,1.073,0.068
2517.58,-0.141,1.077,0.066
2517.76,-0.167,1.075,0.065
2517.94,-0.16,1.077,0.071
2518.13,-0.167,1.08,0.075
2518.31,-0.141,1.079,0.071
2518.49,-0.156,1.081,0.065
2518.67,-0.17,1.082,0.081
2518.85,-0.133,1.084,0.079
2519.4,-0.146,1.083,0.073
2519.22,-0.131,1.083,0.067
2519.4,-0.143,1.082,0.032
2519.58,-0.156,1.084,0.03
2519.77,-0.136,1.084,0.041
2519.95,-0.165,1.085,0.034
2520.13,-0.123,1.086,0.041
2520.31,-0.164,1.088,0.055
2520.49,-0.121,1.086,0.048
2520.68,-0.145,1.085,0.049
2520.86,-0.171,1.088,0.035
2521.4,-0.14,1.091,0.058
2521.22,-0.154,1.09,0.056
2521.41,-0.145,1.092,0.087
2521.59,-0.167,1.093,0.084
2521.77,-0.139,1.091,0.088
2521.95,-0.164,1.093,0.079
2522.13,-0.137,1.094,0.044
2522.32,-0.155,1.099,0.068
2522.5,-0.14,1.101,0.065
2522.68,-0.121,1.102,0.078
2522.86,-0.142,1.103,0.063
2523.5,-0.159,1.104,0.053
2523.23,-0.159,1.102,0.045
2523.41,-0.156,1.102,0.051
2523.59,-0.166,1.104,0.053
2523.77,-0.137,1.103,0.039
2523.96,-0.142,1.105,0.035
2524.14,-0.158,1.105,0.026
2524.32,-0.141,1.106,0.052
2524.5,-0.144,1.104,0.051
2524.69,-0.157,1.105,0.057
2524.87,-0.156,1.106,0.055
2525.5,-0.162,1.106,0.07
2525.23,-0.145,1.104,0.06
2525.42,-0.166,1.11,0.07
2525.6,-0.152,1.11,0.069
2525.78,-0.147,1.111,0.056
2525.96,-0.145,1.113,0.043
2526.14,-0.161,1.114,0.049
2526.33,-0.156,1.116,0.047
2526.51,-0.144,1.116,0.051
2526.69,-0.15,1.117,0.064
2526.87,-0.16,1.117,0.065
2527.6,-0.168,1.12,0.057
2527.24,-0.146,1.124,0.057
2527.42,-0.145,1.125,0.059
2527.6,-0.143,1.126,0.074
2527.78,-0.143,1.128,0.088
2527.97,-0.141,1.128,0.081
2528.15,-0.168,1.128,0.063
2528.33,-0.146,1.129,0.071
2528.51,-0.171,1.13,0.055
2528.7,-0.151,1.129,0.06
2528.88,-0.14,1.129,0.055
2529.6,-0.14,1.13,0.071
2529.24,-0.138,1.13,0.054
2530.34,-0.166,1.134,0.038
2530.52,-0.16,1.134,0.056
2530.7,-0.17,1.136,0.021
2530.88,-0.168,1.139,0.062
2531.7,-0.138,1.142,0.033
2531.25,-0.148,1.143,0.055
2531.43,-0.159,1.142,0.06
2531.61,-0.152,1.141,0.058
2531.79,-0.145,1.141,0.046
2531.98,-0.139,1.143,0.062
2532.16,-0.155,1.144,0.057
2532.34,-0.169,1.143,0.065
2532.52,-0.163,1.142,0.081
2532.71,-0.155,1.139,0.104
2532.89,-0.153,1.139,0.071
2533.7,-0.151,1.143,0.077
2533.25,-0.154,1.147,0.068
2533.43,-0.168,1.148,0.099
2533.62,-0.15,1.15,0.08
2533.8,-0.163,1.153,0.106
2533.98,-0.149,1.157,0.074
2534.16,-0.138,1.155,0.086
2534.35,-0.17,1.156,0.075
2534.53,-0.157,1.16,0.091
2534.71,-0.147,1.162,0.085
2534.89,-0.118,1.163,0.067
2535.7,-0.147,1.166,0.101
2535.26,-0.189,1.17,0.079
2535.44,-0.14,1.171,0.103
2535.62,-0.195,1.174,0.061
2535.8,-0.122,1.179,0.078
2535.99,-0.173,1.177,0.083
2536.17,-0.127,1.179,0.05
2536.35,-0.169,1.179,0.074
2536.53,-0.155,1.181,0.068
2536.72,-0.163,1.179,0.071
2536.9,-0.17,1.18,0.07
2537.8,-0.157,1.18,0.063
2537.26,-0.155,1.179,0.068
2537.44,-0.169,1.177,0.067
2537.63,-0.15,1.175,0.064
2537.81,-0.151,1.178,0.073
2537.99,-0.183,1.178,0.085
2538.17,-0.157,1.18,0.062
2538.36,-0.151,1.182,0.071
2538.54,-0.166,1.187,0.068
2538.72,-0.154,1.187,0.074
2538.9,-0.161,1.186,0.057
2539.8,-0.157,1.186,0.07
2539.27,-0.178,1.189,0.055
2539.45,-0.162,1.19,0.051
2539.63,-0.161,1.193,0.068
2539.81,-0.168,1.195,0.073
2540.0,-0.152,1.197,0.066
2540.18,-0.172,1.202,0.05
2540.36,-0.149,1.205,0.064
2540.54,-0.158,1.205,0.058
2541.82,-0.135,1.211,0.05
2542.0,-0.162,1.208,0.059
2542.18,-0.164,1.21,0.059
2542.37,-0.134,1.209,0.036
2542.55,-0.177,1.209,0.041
2542.73,-0.149,1.208,0.042
2542.91,-0.159,1.208,0.032
2543.9,-0.141,1.211,0.027
2543.28,-0.162,1.212,0.044
2543.46,-0.153,1.213,0.055
2543.64,-0.159,1.217,0.059
2550.2,-0.174,1.242,0.052
2550.38,-0.136,1.242,0.06
2550.57,-0.174,1.244,0.057
2550.75,-0.115,1.244,0.044
2550.93,-0.174,1.249,0.049
2551.11,-0.146,1.251,0.046
2551.3,-0.153,1.251,0.047
2551.48,-0.155,1.254,0.068
2551.66,-0.147,1.257,0.06
2551.84,-0.156,1.262,0.067
2552.2,-0.151,1.261,0.056
2552.21,-0.167,1.263,0.07
2552.39,-0.145,1.265,0.063
2552.57,-0.143,1.265,0.055
2552.75,-0.149,1.266,0.055
2552.94,-0.148,1.268,0.06
2553.12,-0.131,1.269,0.068
2553.3,-0.18,1.268,0.064
2553.48,-0.181,1.265,0.052
2553.66,-0.146,1.261,0.057
2553.85,-0.166,1.261,0.054
2554.3,-0.157,1.26,0.064
2554.21,-0.172,1.259,0.04
2554.39,-0.165,1.262,0.038
2554.58,-0.176,1.261,0.023
2554.76,-0.168,1.263,0.037
2554.94,-0.161,1.266,0.041
2556.22,-0.147,1.273,-0.005
2556.4,-0.156,1.275,-0.003
2556.58,-0.157,1.276,-0.004
2556.76,-0.147,1.275,-0.009
2556.94,-0.163,1.275,-0.027
2557.13,-0.156,1.275,-0.009
2557.31,-0.156,1.276,-0.022
2557.49,-0.166,1.279,0.011
2557.67,-0.161,1.28,0.012
2557.86,-0.174,1.278,0.005
2558.4,-0.164,1.279,0.003
2558.22,-0.141,1.278,0.014
2558.4,-0.171,1.278,0.022
2558.59,-0.152,1.281,0.026
2558.77,-0.14,1.28,0.048
2558.95,-0.15,1.281,0.032
2559.13,-0.133,1.283,0.041
2559.31,-0.17,1.285,0.042
2559.5,-0.148,1.289,0.049
2559.68,-0.162,1.29,0.072
2559.86,-0.171,1.29,0.056
2560.4,-0.15,1.293,0.066
2560.23,-0.148,1.293,0.047
2560.41,-0.158,1.295,0.065
2560.59,-0.155,1.294,0.029
2560.77,-0.162,1.295,0.021
2560.95,-0.172,1.297,0.018
2561.14,-0.163,1.294,0.037
2561.32,-0.148,1.293,0.043
2561.5,-0.16,1.294,0.052
2561.68,-0.153,1.295,0.046
2561.87,-0.175,1.293,0.075
2562.5,-0.154,1.297,0.062
2562.23,-0.129,1.296,0.059
2562.41,-0.16,1.299,0.052
2562.59,-0.163,1.298,0.039
2562.78,-0.175,1.299,0.042
2562.96,-0.14,1.3,0.034
2563.14,-0.172,1.302,0.041
2563.32,-0.155,1.305,0.039
2563.51,-0.149,1.308,0.046
2563.69,-0.182,1.312,0.047
2563.87,-0.138,1.312,0.046
2564.5,-0.171,1.31,0.04
2564.24,-0.128,1.312,0.051
2564.42,-0.146,1.312,0.06
2564.6,-0.171,1.314,0.057
2564.78,-0.144,1.318,0.037
2564.96,-0.161,1.317,0.058
2565.15,-0.172,1.315,0.063
2565.33,-0.134,1.316,0.04
2565.51,-0.171,1.316,0.031
2565.69,-0.167,1.316,0.04
2565.88,-0.133,1.317,0.047
2566.6,-0.152,1.32,0.035
2566.24,-0.187,1.321,0.027
2566.42,-0.144,1.322,0.028
2566.61,-0.176,1.322,0.049
2566.79,-0.137,1.321,0.052
2566.97,-0.15,1.32,0.05
2567.15,-0.162,1.321,0.062
2567.33,-0.161,1.321,0.041
2567.52,-0.155,1.322,0.061
2567.7,-0.153,1.323,0.055
2567.88,-0.165,1.324,0.069
2568.6,-0.131,1.323,0.081
2568.25,-0.152,1.321,0.045
2568.43,-0.151,1.323,0.052
2568.61,-0.158,1.324,0.056
2568.79,-0.15,1.327,0.066
2568.98,-0.156,1.326,0.06
2569.16,-0.148,1.326,0.048
2569.34,-0.145,1.329,0.044
2569.52,-0.144,1.327,0.041
2569.7,-0.147,1.329,0.033
2569.89,-0.151,1.329,0.02
2570.7,-0.147,1.329,0.032
2570.25,-0.171,1.332,0.046
2570.43,-0.161,1.334,0.029
2570.62,-0.166,1.333,0.031
2570.8,-0.147,1.334,0.038
2570.98,-0.18,1.335,0.015
2571.16,-0.164,1.334,-0.002
2571.34,-0.18,1.336,0.007
2571.53,-0.164,1.338,0.003
2571.71,-0.154,1.339,-0.02
2571.89,-0.173,1.339,-0.004
2572.7,-0.159,1.341,0.005
2572.26,-0.162,1.339,0.021
2572.44,-0.159,1.344,0.053
2572.62,-0.159,1.345,0.032
2572.8,-0.15,1.345,0.035
2572.98,-0.165,1.344,0.038
2573.17,-0.156,1.343,0.035
2573.35,-0.168,1.344,0.068
2573.53,-0.167,1.346,0.053
2573.71,-0.145,1.349,0.053
2573.9,-0.157,1.351,0.056
2574.8,-0.162,1.355,0.076
2574.26,-0.134,1.356,0.071
2574.44,-0.151,1.358,0.082
2574.62,-0.17,1.357,0.091
2574.81,-0.144,1.358,0.079
2574.99,-0.169,1.359,0.08
2575.17,-0.154,1.36,0.063
2575.35,-0.181,1.366,0.059
2575.54,-0.147,1.367,0.047
2575.72,-0.189,1.369,0.053
2575.9,-0.142,1.368,0.051
2576.8,-0.181,1.369,0.057
2576.27,-0.147,1.371,0.046
2576.45,-0.165,1.372,0.061
2576.63,-0.18,1.376,0.041
2576.81,-0.148,1.376,0.022
2576.99,-0.171,1.376,0.043
2577.18,-0.172,1.374,0.037
2577.36,-0.149,1.374,0.042
2577.54,-0.17,1.374,0.055
2577.72,-0.174,1.375,0.04
2577.91,-0.17,1.377,0.052
2578.9,-0.157,1.38,0.057
2578.27,-0.165,1.382,0.037
2578.45,-0.172,1.381,0.021
2578.63,-0.167,1.384,0.017
2578.82,-0.156,1.389,0.021
2579.0,-0.175,1.387,0.031
2579.18,-0.174,1.391,0.026
2579.36,-0.175,1.391,0.029
2579.55,-0.151,1.393,0.017
2579.73,-0.156,1.392,0.035
2579.91,-0.165,1.395,0.036
2580.9,-0.156,1.399,0.025
2580.27,-0.142,1.398,0.041
2580.46,-0.165,1.401,0.041
2580.64,-0.156,1.4,0.037
2580.82,-0.159,1.401,0.04
2581.0,-0.165,1.4,0.049
2581.19,-0.127,1.401,0.049
2581.37,-0.176,1.401,0.044
2581.55,-0.138,1.4,0.047
2581.73,-0.166,1.401,0.047
2581.92,-0.147,1.404,0.048
2582.1,-0.14,1.405,0.062
2582.28,-0.15,1.407,0.069
2582.46,-0.156,1.408,0.058
2582.64,-0.167,1.409,0.066
2582.83,-0.168,1.411,0.048
2583.1,-0.15,1.408,0.054
2583.19,-0.157,1.413,0.071
2583.37,-0.146,1.412,0.079
2583.56,-0.151,1.41,0.069
2583.74,-0.142,1.414,0.073
2583.92,-0.147,1.412,0.058
2584.1,-0.167,1.414,0.054
2584.28,-0.136,1.413,0.041
2584.47,-0.178,1.415,0.064
2584.65,-0.159,1.417,0.038
2584.83,-0.167,1.416,0.058
2585.1,-0.16,1.416,0.074
2585.2,-0.153,1.418,0.05
2585.38,-0.18,1.421,0.026
2585.56,-0.139,1.423,0.063
2585.74,-0.148,1.426,0.062
2585.93,-0.159,1.428,0.049
2586.11,-0.164,1.43,0.079
2586.29,-0.169,1.431,0.056
2586.47,-0.164,1.434,0.036
2586.65,-0.138,1.438,0.029
2586.84,-0.132,1.44,0.033
2587.2,-0.188,1.442,0.065
2587.2,-0.147,1.443,0.066
2587.38,-0.166,1.443,0.044
2587.57,-0.159,1.449,0.064
2587.75,-0.121,1.453,0.021
2587.93,-0.187,1.453,0.008
2588.11,-0.132,1.456,0.04
2588.29,-0.158,1.458,-0.004
2588.48,-0.164,1.457,0.024
2588.66,-0.153,1.459,0.048
2588.84,-0.164,1.461,0.006
2589.2,-0.186,1.463,-0.009
2589.21,-0.18,1.461,-0.028
2589.39,-0.14,1.461,-0.014
2589.57,-0.176,1.464,-0.015
2589.75,-0.14,1.463,-0.014
2589.93,-0.166,1.465,0.041
2590.12,-0.148,1.466,0.044
2590.3,-0.143,1.465,0.036
2590.48,-0.144,1.465,0.035
2590.66,-0.149,1.466,0.057
2590.85,-0.143,1.468,0.048
2591.3,-0.129,1.471,0.052
2591.21,-0.166,1.476,0.063
2591.39,-0.155,1.474,0.035
2591.57,-0.142,1.475,0.005
2591.76,-0.163,1.472,0.015
2591.94,-0.146,1.475,0.001
2592.12,-0.185,1.473,-0.016
2592.3,-0.169,1.477,0.01
2593.4,-0.132,1.482,0.07
2593.58,-0.18,1.482,0.102
2593.76,-0.153,1.482,0.056
2593.94,-0.19,1.484,0.06
2594.13,-0.127,1.487,0.051
2594.31,-0.161,1.487,0.02
2594.49,-0.162,1.487,0.049
2594.67,-0.148,1.488,0.072
2594.86,-0.165,1.489,0.049
2595.4,-0.154,1.492,0.037
2595.22,-0.168,1.489,0.052
2595.4,-0.171,1.489,0.026
2595.58,-0.164,1.488,0.075
2595.77,-0.168,1.487,0.039
2595.95,-0.151,1.488,0.057
2596.13,-0.15,1.486,0.07
2596.31,-0.169,1.488,0.05
2596.5,-0.19,1.49,0.083
2596.68,-0.148,1.495,0.071
2596.86,-0.166,1.497,0.057
2597.4,-0.179,1.497,0.074
2597.22,-0.164,1.497,0.063
2597.41,-0.165,1.496,0.061
2597.59,-0.153,1.503,0.077
2597.77,-0.129,1.504,0.059
2597.95,-0.149,1.506,0.071
2598.14,-0.18,1.507,0.072
2598.32,-0.133,1.506,0.062
2599.5,-0.147,1.507,0.054
2599.23,-0.17,1.507,0.041
2599.41,-0.173,1.509,0.059
2599.59,-0.143,1.512,0.049
2599.78,-0.154,1.515,0.047
2599.96,-0.161,1.519,0.03
2600.14,-0.164,1.52,0.041
2600.32,-0.149,1.521,0.036
2600.51,-0.17,1.521,0.039
2600.69,-0.166,1.52,0.029
2600.87,-0.166,1.522,0.023
2601.5,-0.154,1.523,0.033
2601.23,-0.165,1.524,0.062
2601.42,-0.17,1.527,0.037
2601.6,-0.163,1.527,0.019
2601.78,-0.154,1.528,0.028
2601.96,-0.148,1.53,0.038
2602.15,-0.181,1.531,0.01
2602.33,-0.114,1.529,0.032
2602.51,-0.173,1.53,0.028
2602.69,-0.156,1.528,0.039
2602.87,-0.186,1.529,0.054
2603.6,-0.158,1.53,0.065
2603.24,-0.173,1.528,0.055
2603.42,-0.164,1.527,0.054
2603.6,-0.151,1.525,0.042
2603.79,-0.171,1.523,0.046
2603.97,-0.153,1.525,0.047
2604.15,-0.156,1.527,0.05
2604.33,-0.176,1.529,0.045
2604.51,-0.149,1.529,0.048
2604.7,-0.138,1.528,0.059
2604.88,-0.169,1.529,0.052
2605.6,-0.143,1.53,0.061
2605.24,-0.149,1.531,0.066
2605.43,-0.163,1.531,0.056
2605.61,-0.161,1.536,0.04
2605.79,-0.152,1.536,0.039
2605.97,-0.163,1.536,0.051
2606.16,-0.154,1.537,0.062
2606.34,-0.152,1.536,0.061
2606.52,-0.157,1.536,0.051
2607.8,-0.17,1.544,0.052
2607.98,-0.155,1.545,0.062
2608.16,-0.19,1.547,0.032
2608.34,-0.139,1.545,0.043
2608.53,-0.165,1.543,0.031
2608.71,-0.158,1.541,0.037
2608.89,-0.156,1.542,0.056
2609.7,-0.174,1.543,0.029
2609.25,-0.166,1.546,0.041
2609.44,-0.169,1.548,0.027
2609.62,-0.142,1.547,0.032
2609.8,-0.177,1.549,0.045
2609.98,-0.168,1.55,0.048
2610.17,-0.165,1.55,0.05
2610.35,-0.155,1.551,0.05
2610.53,-0.15,1.553,0.07
2610.71,-0.174,1.555,0.053
2610.89,-0.158,1.556,0.07
2611.8,-0.174,1.558,0.057
2611.26,-0.164,1.559,0.071
2611.44,-0.165,1.564,0.04
2611.62,-0.168,1.564,0.046
2611.81,-0.161,1.565,0.03
2611.99,-0.165,1.568,0.039
2612.17,-0.148,1.569,0.034
2612.35,-0.172,1.569,0.045
2612.54,-0.172,1.568,0.04
2612.72,-0.152,1.57,0.047
2612.9,-0.173,1.569,0.031
2613.8,-0.165,1.567,0.041
2613.26,-0.159,1.568,0.027
2613.45,-0.173,1.568,0.018
2613.63,-0.177,1.566,0.025
2613.81,-0.177,1.567,0.02
2613.99,-0.155,1.568,0.028
2614.18,-0.184,1.571,0.052
2614.36,-0.164,1.569,0.038
2614.54,-0.178,1.568,0.043
2614.72,-0.148,1.568,0.048
2614.9,-0.167,1.567,0.058
2615.9,-0.186,1.568,0.06
2615.27,-0.161,1.569,0.054
2615.45,-0.176,1.571,0.057
2615.63,-0.166,1.574,0.062
2615.82,-0.159,1.574,0.049
2616.0,-0.179,1.576,0.066
2616.18,-0.155,1.577,0.086
2616.36,-0.149,1.576,0.081
2616.54,-0.161,1.575,0.058
2616.73,-0.158,1.576,0.075
2616.91,-0.148,1.575,0.08
2617.9,-0.154,1.577,0.082
2617.27,-0.165,1.575,0.078
2617.46,-0.167,1.575,0.083
2617.64,-0.163,1.579,0.094
2617.82,-0.153,1.579,0.072
2618.0,-0.162,1.578,0.056
2618.19,-0.163,1.579,0.074
2618.37,-0.163,1.579,0.064
2618.55,-0.177,1.577,0.075
2618.73,-0.167,1.576,0.066
2618.91,-0.159,1.579,0.063
2619.1,-0.179,1.582,0.063
2619.28,-0.155,1.585,0.044
2619.46,-0.163,1.588,0.054
2619.64,-0.171,1.588,0.065
2619.83,-0.165,1.591,0.068
2620.1,-0.173,1.593,0.053
2620.19,-0.176,1.593,0.055
2620.37,-0.173,1.595,0.071
2620.55,-0.172,1.599,0.05
2620.74,-0.156,1.602,0.06
2620.92,-0.168,1.604,0.061
2621.1,-0.173,1.609,0.064
2621.28,-0.162,1.61,0.061
2621.47,-0.167,1.611,0.06
2621.65,-0.188,1.612,0.051
2621.83,-0.141,1.613,0.057
2622.1,-0.164,1.613,0.06
2622.2,-0.19,1.615,0.06
2622.38,-0.149,1.617,0.041
2622.56,-0.179,1.617,0.013
2622.74,-0.179,1.62,0.017
2622.92,-0.149,1.623,0.006
2623.11,-0.172,1.624,-0.015
2623.29,-0.154,1.626,-0.031
2623.84,-0.183,1.631,0.036
2624.2,-0.174,1.635,0.063
2624.2,-0.173,1.637,0.028
2624.38,-0.156,1.639,0.055
2624.57,-0.159,1.639,0.081
2624.75,-0.174,1.639,0.075
2624.93,-0.158,1.642,0.07
2625.11,-0.167,1.641,0.074
2625.29,-0.163,1.64,0.071
2625.48,-0.151,1.64,0.069
2625.66,-0.17,1.639,0.064
2625.84,-0.159,1.64,0.059
2626.2,-0.171,1.646,0.063
2626.21,-0.166,1.644,0.078
2626.75,-0.167,1.652,0.074
2626.94,-0.182,1.654,0.088
2627.12,-0.164,1.654,0.074
2627.3,-0.169,1.655,0.084
2627.48,-0.161,1.653,0.063
2627.66,-0.172,1.655,0.089
2627.85,-0.167,1.661,0.089
2628.3,-0.151,1.66,0.068
2628.21,-0.183,1.66,0.067
2628.39,-0.149,1.663,0.071
2628.58,-0.167,1.663,0.066
2628.76,-0.141,1.666,0.072
2628.94,-0.177,1.667,0.07
2629.12,-0.144,1.664,0.082
2629.3,-0.207,1.664,0.067
2629.49,-0.108,1.666,0.083
2629.67,-0.186,1.668,0.082
2629.85,-0.128,1.666,0.07
2630.3,-0.181,1.67,0.063
2630.22,-0.154,1.672,0.043
2630.4,-0.158,1.675,0.044
2630.58,-0.152,1.676,0.044
2630.76,-0.163,1.679,0.035
2630.95,-0.164,1.679,0.052
2631.13,-0.16,1.681,0.058
2631.31,-0.173,1.679,0.058
2631.49,-0.149,1.679,0.044
2631.67,-0.144,1.679,0.063
2631.86,-0.176,1.678,0.049
2632.4,-0.165,1.678,0.055
2632.22,-0.158,1.681,0.039
2632.4,-0.138,1.684,0.06
2632.59,-0.158,1.689,0.059
2632.77,-0.183,1.689,0.046
2632.95,-0.153,1.688,0.067
2633.13,-0.137,1.69,0.066
2633.32,-0.179,1.694,0.047
2633.5,-0.132,1.696,0.066
2633.68,-0.173,1.698,0.059
2633.86,-0.175,1.699,0.069
2634.4,-0.157,1.702,0.063
2634.23,-0.17,1.702,0.078
2634.41,-0.164,1.704,0.067
2634.59,-0.144,1.703,0.058
2634.77,-0.195,1.704,0.053
2634.96,-0.117,1.705,0.035
2635.14,-0.217,1.706,0.03
2635.32,-0.128,1.705,0.052
2635.5,-0.203,1.705,0.031
2635.69,-0.16,1.704,0.056
2638.6,-0.121,1.709,0.05
2638.24,-0.179,1.711,0.066
2638.42,-0.156,1.713,0.037
2638.6,-0.16,1.715,0.062
2638.78,-0.164,1.715,0.013
2638.97,-0.158,1.717,0.044
2639.15,-0.157,1.721,0.055
2639.33,-0.149,1.722,0.062
2639.51,-0.149,1.724,0.04
2639.7,-0.169,1.723,0.091
2639.88,-0.137,1.724,0.062
2640.6,-0.137,1.724,0.076
2640.24,-0.182,1.724,0.052
2640.43,-0.141,1.728,0.073
2640.61,-0.181,1.73,0.085
2640.79,-0.154,1.73,0.056
2640.97,-0.197,1.73,0.045
2641.15,-0.149,1.73,0.091
2641.34,-0.199,1.731,0.082
2641.52,-0.168,1.731,0.052
2641.7,-0.156,1.729,0.079
2641.88,-0.164,1.725,0.069
2642.7,-0.132,1.725,0.071
2642.25,-0.166,1.722,0.078
2642.43,-0.152,1.724,0.064
2642.61,-0.121,1.721,0.095
2642.8,-0.21,1.724,0.088
2642.98,-0.089,1.724,0.06
2643.16,-0.219,1.727,0.087
2643.34,-0.118,1.731,0.084
2643.52,-0.17,1.734,0.064
2643.71,-0.141,1.732,0.087
2643.89,-0.188,1.734,0.054
2644.7,-0.184,1.737,0.068
2644.25,-0.135,1.737,0.074
2644.44,-0.18,1.737,0.047
2644.62,-0.181,1.737,0.075
2644.8,-0.165,1.736,0.049
2644.98,-0.159,1.737,0.038
2645.17,-0.128,1.743,0.053
2645.35,-0.152,1.743,0.046
2645.53,-0.155,1.743,0.048
2645.71,-0.191,1.743,0.034
2645.89,-0.116,1.744,0.046
2646.8,-0.14,1.748,0.016
2646.26,-0.194,1.75,0.017
2646.44,-0.14,1.75,0.028
2646.62,-0.166,1.75,0.035
2646.81,-0.166,1.754,0.008
2646.99,-0.132,1.754,0.049
2647.17,-0.153,1.755,0.067
2647.35,-0.159,1.758,0.096
2647.54,-0.192,1.756,0.03
2647.72,-0.128,1.756,0.057
2647.9,-0.165,1.762,0.067
2649.72,-0.158,1.766,0.037
2649.9,-0.178,1.766,-0.009
2650.9,-0.181,1.767,0.021
2650.27,-0.179,1.77,-0.0
2650.45,-0.14,1.77,0.027
2650.63,-0.144,1.774,0.03
2650.82,-0.2,1.777,0.02
2651.0,-0.127,1.78,0.025
2651.18,-0.207,1.775,0.076
2651.36,-0.123,1.779,0.044
2651.55,-0.179,1.78,0.054
2651.73,-0.15,1.782,0.054
2651.91,-0.154,1.783,0.074
2652.9,-0.18,1.782,0.092
2652.27,-0.141,1.781,0.093
2652.46,-0.166,1.782,0.076
2652.64,-0.176,1.783,0.082
2652.82,-0.165,1.784,0.074
2653.0,-0.161,1.786,0.076
2653.19,-0.157,1.782,0.075
2653.37,-0.175,1.784,0.07
2653.55,-0.152,1.787,0.074
2653.73,-0.173,1.783,0.079
2653.92,-0.157,1.782,0.064
2654.1,-0.149,1.783,0.072
2654.28,-0.166,1.785,0.072
2654.46,-0.151,1.785,0.094
2656.28,-0.155,1.79,0.044
2656.47,-0.178,1.793,0.058
2656.65,-0.179,1.797,0.039
2656.83,-0.158,1.797,0.049
2657.1,-0.165,1.796,0.05
2657.2,-0.147,1.798,0.069
2657.38,-0.187,1.8,0.024
2657.56,-0.157,1.799,0.031
2657.74,-0.189,1.801,0.025
2657.93,-0.155,1.801,0.039
2658.11,-0.178,1.799,0.043
2658.29,-0.171,1.803,0.016
2658.47,-0.166,1.804,0.032
2658.65,-0.184,1.806,0.04
2658.84,-0.149,1.808,0.035
2659.2,-0.168,1.808,0.025
2659.2,-0.163,1.808,0.035
2659.38,-0.175,1.809,0.029
2660.3,-0.175,1.806,0.039
2660.48,-0.155,1.81,0.035
2660.66,-0.181,1.814,0.029
2660.84,-0.157,1.815,0.035
2661.2,-0.185,1.817,0.033
2661.21,-0.148,1.817,0.048
2661.39,-0.162,1.82,0.048
2661.57,-0.143,1.822,0.058
2661.75,-0.157,1.823,0.043
2661.94,-0.193,1.825,0.044
2662.12,-0.149,1.827,0.051
2668.13,-0.166,1.835,0.02
2668.32,-0.179,1.835,0.023
2668.5,-0.168,1.834,0.011
2668.68,-0.177,1.833,0.002
2668.86,-0.162,1.836,-0.019
2669.5,-0.188,1.838,-0.052
2669.23,-0.16,1.839,-0.059
2669.41,-0.16,1.836,-0.051
2669.59,-0.169,1.835,-0.026
2669.78,-0.175,1.837,-0.019
2669.96,-0.158,1.84,-0.086
2670.14,-0.17,1.841,-0.104
2670.32,-0.151,1.839,-0.106
2670.5,-0.154,1.839,-0.051
2670.69,-0.168,1.838,-0.022
2670.87,-0.179,1.841,-0.034
2671.5,-0.169,1.842,-0.039
2671.23,-0.138,1.847,-0.007
2671.42,-0.176,1.849,0.014
2671.6,-0.162,1.851,0.012
2671.78,-0.172,1.852,0.027
2671.96,-0.155,1.854,0.008
2672.15,-0.177,1.855,0.0
2672.33,-0.184,1.857,-0.029
2672.51,-0.166,1.857,-0.039
2672.69,-0.177,1.858,-0.053
2672.87,-0.159,1.859,-0.045
2673.6,-0.168,1.855,-0.056
2673.24,-0.163,1.853,-0.043
2673.42,-0.169,1.856,-0.078
2673.6,-0.156,1.861,-0.063
2673.79,-0.16,1.863,-0.037
2673.97,-0.147,1.864,-0.023
2674.15,-0.15,1.861,-0.032
2674.33,-0.149,1.863,-0.035
2674.52,-0.159,1.869,-0.037
2674.7,-0.174,1.869,-0.024
2674.88,-0.171,1.867,-0.019
2675.6,-0.161,1.87,0.016
2675.24,-0.158,1.868,0.035
2675.43,-0.17,1.869,0.055
2675.61,-0.157,1.867,0.065
2675.79,-0.163,1.868,0.064
2675.97,-0.148,1.871,0.05
2676.16,-0.161,1.873,0.025
2676.34,-0.145,1.875,0.032
2676.52,-0.173,1.875,0.038
2676.7,-0.14,1.875,0.055
2676.89,-0.163,1.873,0.059
2677.7,-0.146,1.876,0.064
2677.25,-0.15,1.873,0.068
2677.43,-0.174,1.874,0.057
2677.61,-0.143,1.872,0.04
2677.8,-0.169,1.875,0.052
2677.98,-0.151,1.875,0.048
2679.7,-0.151,1.88,0.05
2679.26,-0.173,1.884,0.048
2679.44,-0.152,1.883,0.037
2679.62,-0.201,1.883,0.047
2679.8,-0.158,1.885,0.05
2679.99,-0.214,1.888,0.053
2680.17,-0.15,1.889,0.042
2680.35,-0.148,1.889,0.044
2680.53,-0.183,1.893,0.049
2680.71,-0.147,1.892,0.035
2680.9,-0.176,1.895,0.039
2681.8,-0.174,1.896,0.036
2681.26,-0.129,1.895,0.053
2681.44,-0.18,1.892,0.05
2681.63,-0.131,1.895,0.062
2681.81,-0.163,1.894,0.055
2681.99,-0.162,1.893,0.043
2682.17,-0.143,1.895,0.051
2682.36,-0.172,1.896,0.073
2682.54,-0.159,1.896,0.072
2682.72,-0.165,1.896,0.067
2682.9,-0.165,1.898,0.071
2683.8,-0.186,1.9,0.035
2683.27,-0.157,1.9,0.056
2683.45,-0.17,1.9,0.039
2683.63,-0.152,1.9,0.054
2683.81,-0.18,1.9,0.041
2684.0,-0.14,1.899,0.044
2684.18,-0.202,1.901,0.02
2684.36,-0.114,1.9,0.046
2684.54,-0.194,1.904,0.041
2684.72,-0.135,1.903,0.053
2684.91,-0.207,1.902,0.032
2686.18,-0.197,1.905,-0.04
2686.37,-0.139,1.906,-0.011
2686.55,-0.207,1.906,0.005
2686.73,-0.137,1.905,0.012
2686.91,-0.176,1.907,0.038
2687.9,-0.157,1.909,0.028
2687.28,-0.158,1.907,0.014
2687.46,-0.193,1.911,0.053
2687.64,-0.142,1.91,0.081
2687.82,-0.173,1.911,0.059
2693.29,-0.112,1.966,0.047
2693.47,-0.213,1.973,0.023
2693.66,-0.105,1.968,0.047
2693.84,-0.261,1.972,0.038
2694.2,-0.086,1.969,0.049
2694.2,-0.201,1.971,0.037
2694.39,-0.103,1.971,0.024
2694.57,-0.196,1.971,0.007
2694.75,-0.16,1.972,0.032
2694.93,-0.137,1.976,0.042
2695.12,-0.186,1.977,0.064
2695.3,-0.178,1.979,0.046
2695.48,-0.142,1.978,0.058
2695.66,-0.219,1.985,0.051
2695.84,-0.12,1.982,0.037
2696.3,-0.199,1.988,0.03
2696.21,-0.151,1.986,0.043
2696.39,-0.191,1.988,0.049
2696.57,-0.17,1.987,0.033
2696.76,-0.164,1.988,0.055
2696.94,-0.165,1.985,0.053
2697.12,-0.182,1.987,0.039
2697.3,-0.148,1.985,0.063
2697.49,-0.161,1.986,0.067
2697.67,-0.15,1.985,0.067
2697.85,-0.172,1.984,0.056
2698.3,-0.189,1.986,0.06
2698.21,-0.114,1.989,0.071
2698.4,-0.198,1.991,0.049
2698.58,-0.166,1.989,0.033
2698.76,-0.17,1.989,0.079
2698.94,-0.139,1.988,0.058
2699.13,-0.188,1.989,0.047
2699.31,-0.139,1.987,0.069
2699.49,-0.179,1.989,0.054
2699.67,-0.141,1.992,0.067
2699.86,-0.182,1.996,0.052
2700.4,-0.183,1.997,0.042
2700.22,-0.128,1.999,0.047
2700.4,-0.193,2.002,0.032
2700.58,-0.158,2.0,0.062
2700.77,-0.169,2.001,0.04
2700.95,-0.171,2.0,0.052
2701.13,-0.188,1.999,0.034
2701.31,-0.173,1.998,0.032
2701.5,-0.171,2.001,0.026
2701.68,-0.132,2.004,0.038
2701.86,-0.187,2.003,0.02
2702.4,-0.171,2.008,0.039
2702.23,-0.167,2.012,0.039
2702.41,-0.182,2.015,0.028
2703.68,-0.182,2.024,0.024
2703.87,-0.145,2.023,0.034
2704.5,-0.157,2.024,0.032
2704.23,-0.177,2.024,0.018
2704.41,-0.118,2.026,0.048
2704.6,-0.178,2.029,0.031
2704.78,-0.146,2.034,0.026
2704.96,-0.171,2.036,0.038
2705.14,-0.151,2.037,0.02
2705.32,-0.179,2.039,0.026
2711.71,-0.187,2.084,0.045
2711.89,-0.168,2.085,0.062
2712.7,-0.181,2.082,0.063
2712.25,-0.148,2.083,0.052
2712.43,-0.17,2.084,0.05
2712.62,-0.139,2.083,0.051
2712.8,-0.18,2.08,0.062
2712.98,-0.138,2.082,0.064
2713.16,-0.19,2.083,0.04
2713.35,-0.133,2.087,0.072
2713.53,-0.176,2.089,0.052
2713.71,-0.159,2.087,0.055
2713.89,-0.165,2.086,0.057
2714.8,-0.15,2.087,0.056
2714.26,-0.173,2.09,0.058
2714.44,-0.142,2.093,0.09
2714.62,-0.156,2.092,0.083
2714.8,-0.175,2.096,0.072
2714.99,-0.161,2.099,0.061
2715.17,-0.181,2.102,0.04
2715.35,-0.143,2.101,0.062
2715.53,-0.149,2.103,0.062
2715.72,-0.155,2.105,0.019
2715.9,-0.172,2.109,0.058
2716.8,-0.147,2.111,0.04
2716.26,-0.169,2.114,0.037
2716.45,-0.189,2.117,0.046
2716.63,-0.161,2.118,0.054
2716.81,-0.155,2.117,0.055
2716.99,-0.171,2.119,0.056
2717.17,-0.152,2.12,0.045
2717.36,-0.157,2.118,0.044
2717.54,-0.155,2.118,0.055
2717.72,-0.178,2.119,0.056
2717.9,-0.157,2.118,0.055
2718.45,-0.167,2.119,0.063
2718.63,-0.155,2.118,0.061
2718.82,-0.157,2.12,0.058
2719.0,-0.156,2.125,0.047
2719.18,-0.176,2.127,0.061
2719.36,-0.17,2.13,0.065
2719.55,-0.163,2.131,0.063
2719.73,-0.143,2.136,0.058
2719.91,-0.18,2.137,0.077
2720.9,-0.16,2.138,0.05
2720.27,-0.164,2.14,0.042
2720.46,-0.175,2.143,0.056
2720.64,-0.157,2.144,0.058
2720.82,-0.161,2.143,0.064
2721.0,-0.156,2.144,0.064
2721.19,-0.189,2.144,0.062
2721.37,-0.152,2.149,0.067
2721.55,-0.169,2.151,0.06
2721.73,-0.147,2.151,0.057
2721.91,-0.169,2.152,0.042
2722.1,-0.151,2.154,0.051
2722.28,-0.182,2.156,0.042
2722.46,-0.163,2.157,0.033
2722.64,-0.152,2.157,0.046
2722.83,-0.147,2.159,0.033
2723.1,-0.159,2.163,0.006
2723.19,-0.16,2.169,-0.004
2723.37,-0.163,2.171,0.012
2723.56,-0.153,2.174,0.017
2723.74,-0.158,2.174,0.027
2723.92,-0.177,2.175,0.054
2724.1,-0.152,2.174,0.052
2724.28,-0.173,2.175,0.063
2724.47,-0.145,2.174,0.068
2724.65,-0.163,2.175,0.05
2724.83,-0.159,2.172,0.05
2725.1,-0.159,2.174,0.056
2725.2,-0.135,2.175,0.052
2725.38,-0.163,2.175,0.053
2725.56,-0.151,2.177,0.054
2725.74,-0.162,2.177,0.066
2725.92,-0.171,2.18,0.061
2726.11,-0.147,2.18,0.094
2726.29,-0.159,2.18,0.061
2726.47,-0.153,2.18,0.063
2726.65,-0.142,2.181,0.067
2726.84,-0.151,2.18,0.064
2727.2,-0.151,2.183,0.053
2727.2,-0.155,2.185,0.075
2727.38,-0.188,2.187,0.077
2727.57,-0.147,2.187,0.079
2727.75,-0.146,2.19,0.093
2727.93,-0.173,2.191,0.079
2728.11,-0.146,2.191,0.069
2728.29,-0.171,2.192,0.072
2728.48,-0.15,2.194,0.089
2728.66,-0.187,2.193,0.065
2728.84,-0.141,2.195,0.065
2729.2,-0.202,2.196,0.071
2729.21,-0.136,2.199,0.076
2729.39,-0.174,2.198,0.088
2729.57,-0.192,2.199,0.073
2729.75,-0.152,2.206,0.065
2729.94,-0.154,2.206,0.062
2730.12,-0.163,2.211,0.047
2730.3,-0.153,2.209,0.059
2730.48,-0.18,2.213,0.045
2730.66,-0.143,2.214,0.069
2730.85,-0.173,2.217,0.081
2731.3,-0.13,2.216,0.088
2731.21,-0.198,2.22,0.079
2731.39,-0.163,2.222,0.067
2731.58,-0.169,2.227,0.082
2731.76,-0.146,2.229,0.079
2731.94,-0.162,2.229,0.058
2732.12,-0.156,2.23,0.052
2732.3,-0.168,2.235,0.072
2732.49,-0.178,2.238,0.056
2732.67,-0.181,2.24,0.055
2732.85,-0.174,2.242,0.055
2733.3,-0.146,2.245,0.053
2733.22,-0.16,2.244,0.04
2733.4,-0.168,2.25,0.059
2733.58,-0.162,2.253,0.036
2733.76,-0.142,2.254,0.049
2733.95,-0.149,2.256,0.063
2734.13,-0.16,2.258,0.043
2734.31,-0.172,2.255,0.046
2734.49,-0.177,2.255,0.029
2734.67,-0.142,2.259,0.039
2734.86,-0.177,2.263,0.05
2735.4,-0.143,2.264,0.03
2735.22,-0.205,2.26,0.032
2735.4,-0.148,2.261,0.048
2735.59,-0.178,2.263,0.046
2735.77,-0.122,2.262,0.028
2735.95,-0.184,2.262,0.039
2736.13,-0.13,2.264,0.041
2736.31,-0.161,2.263,0.052
2736.5,-0.158,2.266,0.019
2736.68,-0.146,2.266,0.056
2736.86,-0.19,2.268,0.017
2737.4,-0.136,2.266,0.044
2737.23,-0.187,2.268,0.039
2737.41,-0.111,2.269,0.051
2737.59,-0.158,2.271,0.059
2737.77,-0.166,2.272,0.034
2737.96,-0.161,2.272,0.051
2738.14,-0.175,2.273,0.033
2738.32,-0.129,2.274,0.04
2738.5,-0.188,2.274,0.027
2738.68,-0.158,2.274,0.015
2738.87,-0.193,2.272,0.054
2739.5,-0.167,2.273,0.047
2739.23,-0.166,2.274,0.057
2739.41,-0.17,2.274,0.043
2739.6,-0.158,2.273,0.038
2739.78,-0.176,2.276,0.025
2739.96,-0.151,2.275,0.034
2740.14,-0.181,2.276,0.032
2740.33,-0.139,2.278,0.021
2740.51,-0.183,2.281,0.038
2740.69,-0.118,2.281,0.072
2740.87,-0.184,2.284,0.044
2741.5,-0.178,2.283,0.049
2741.24,-0.16,2.287,0.059
2741.42,-0.157,2.291,0.062
2741.6,-0.144,2.294,0.015
2741.78,-0.203,2.294,0.024
2741.97,-0.152,2.294,0.045
2742.15,-0.179,2.295,0.016
2742.33,-0.162,2.296,-0.008
2742.51,-0.177,2.294,0.028
2743.79,-0.149,2.307,-0.038
2743.97,-0.103,2.307,0.003
2744.15,-0.2,2.308,-0.003
2744.34,-0.127,2.303,0.035
2744.52,-0.207,2.301,0.049
2744.7,-0.101,2.3,0.025
2744.88,-0.185,2.305,0.062
2745.6,-0.134,2.303,0.076
2745.25,-0.162,2.304,0.083
2745.43,-0.19,2.301,0.072
2745.61,-0.149,2.301,0.077
2750.9,-0.157,2.335,0.02
2751.8,-0.159,2.34,0.022
2751.26,-0.172,2.343,0.034
2751.44,-0.151,2.343,0.033
2751.63,-0.148,2.343,0.035
2751.81,-0.176,2.344,0.026
2751.99,-0.151,2.345,0.035
2752.17,-0.166,2.346,0.03
2752.36,-0.144,2.35,0.037
2752.54,-0.151,2.353,0.038
2752.72,-0.174,2.357,0.04
2752.9,-0.164,2.36,0.045
2753.8,-0.179,2.361,0.043
2753.27,-0.178,2.36,0.025
2753.45,-0.144,2.36,0.045
2753.63,-0.187,2.361,0.041
2753.81,-0.131,2.363,0.034
2754.0,-0.173,2.363,0.018
2754.18,-0.145,2.366,0.039
2754.36,-0.135,2.367,0.025
2754.72,-0.158,2.363,0.027
2754.91,-0.167,2.364,0.02
2755.9,-0.138,2.367,0.01
2755.27,-0.155,2.37,0.036
2755.45,-0.154,2.371,0.037
2755.64,-0.176,2.375,0.039
2755.82,-0.143,2.377,0.064
2756.0,-0.155,2.38,0.071
2756.18,-0.145,2.381,0.058
2756.37,-0.165,2.379,0.04
2756.55,-0.162,2.38,0.066
2762.38,-0.163,2.413,0.042
2762.56,-0.141,2.414,0.042
2762.74,-0.196,2.415,0.056
2762.93,-0.149,2.414,0.046
2763.11,-0.164,2.419,0.045
2763.29,-0.154,2.42,0.044
2763.47,-0.162,2.419,0.041
2763.66,-0.154,2.422,0.056
2763.84,-0.142,2.425,0.057
2764.2,-0.174,2.428,0.056
2764.2,-0.132,2.429,0.081
2764.39,-0.189,2.431,0.061
2764.57,-0.135,2.433,0.063
2764.75,-0.17,2.431,0.054
2764.93,-0.145,2.431,0.071
2765.48,-0.145,2.432,0.06
2765.66,-0.158,2.433,0.048
2765.84,-0.154,2.434,0.056
2766.3,-0.156,2.435,0.044
2766.21,-0.166,2.434,0.045
2766.39,-0.153,2.436,0.048
2766.57,-0.178,2.438,0.036
2766.75,-0.168,2.442,0.037
2766.94,-0.175,2.444,0.042
2767.12,-0.139,2.445,0.047
2767.3,-0.199,2.449,0.048
2767.48,-0.148,2.449,0.069
2767.67,-0.168,2.452,0.042
2767.85,-0.148,2.453,0.052
2768.3,-0.156,2.454,0.051
2768.21,-0.14,2.454,0.042
2768.39,-0.196,2.457,0.049
2768.58,-0.142,2.461,0.057
2768.76,-0.17,2.463,0.053
2768.94,-0.162,2.462,0.063
2769.12,-0.163,2.465,0.043
2769.31,-0.151,2.464,0.054
2769.49,-0.169,2.467,0.048
2769.67,-0.151,2.472,0.052
2769.85,-0.176,2.473,0.041
2770.4,-0.155,2.475,0.04
2770.22,-0.158,2.477,0.051
2770.4,-0.162,2.482,0.047
2770.58,-0.12,2.486,0.037
2770.76,-0.183,2.487,0.048
2770.95,-0.158,2.487,0.031
2771.13,-0.148,2.486,0.056
2771.31,-0.158,2.488,0.041
2771.49,-0.183,2.487,0.046
2771.68,-0.163,2.487,0.044
2771.86,-0.146,2.489,0.044
2772.4,-0.174,2.487,0.049
2772.22,-0.157,2.489,0.035
2772.4,-0.161,2.493,0.023
2772.59,-0.155,2.496,0.032
2772.77,-0.168,2.497,0.015
2772.95,-0.145,2.502,-0.002
2773.13,-0.171,2.502,0.009
2773.32,-0.153,2.505,-0.02
2773.5,-0.162,2.507,-0.063
2773.68,-0.171,2.509,-0.072
2773.86,-0.162,2.511,-0.101
2774.4,-0.151,2.514,-0.082
2774.23,-0.157,2.515,-0.035
2774.41,-0.175,2.519,-0.0
2774.59,-0.161,2.52,0.039
2774.77,-0.14,2.519,0.057
2774.96,-0.177,2.522,0.048
2775.14,-0.145,2.521,0.06
2775.32,-0.182,2.524,0.044
2775.5,-0.165,2.523,0.057
2775.69,-0.166,2.522,0.042
2775.87,-0.137,2.522,0.044
2776.5,-0.173,2.523,0.049
2776.23,-0.166,2.527,0.05
2776.41,-0.146,2.527,0.046
2776.6,-0.182,2.526,0.071
2776.78,-0.163,2.527,0.069
2776.96,-0.162,2.524,0.057
2777.14,-0.159,2.527,0.062
2777.33,-0.151,2.526,0.062
2777.51,-0.154,2.528,0.063
2777.69,-0.169,2.529,0.054
2777.87,-0.164,2.526,0.059
2778.5,-0.173,2.526,0.054
2778.24,-0.16,2.528,0.061
2778.42,-0.155,2.529,0.045
2778.6,-0.171,2.53,0.069
2778.78,-0.166,2.531,0.067
2778.97,-0.171,2.532,0.068
2779.15,-0.157,2.534,0.059
2779.33,-0.159,2.535,0.06
2779.51,-0.148,2.54,0.064
2779.7,-0.169,2.541,0.076
2779.88,-0.168,2.543,0.04
2780.6,-0.141,2.542,0.064
2780.24,-0.171,2.544,0.055
2780.42,-0.149,2.545,0.063
2780.61,-0.169,2.547,0.065
2780.79,-0.138,2.549,0.082
2780.97,-0.166,2.549,0.063
2781.15,-0.15,2.548,0.077
2781.34,-0.163,2.551,0.071
2781.52,-0.155,2.551,0.068
2781.7,-0.16,2.553,0.07
2781.88,-0.163,2.556,0.059
2782.6,-0.155,2.559,0.061
2782.25,-0.169,2.561,0.07
2782.43,-0.159,2.561,0.059
2782.61,-0.166,2.564,0.07
2784.62,-0.15,2.571,0.093
2784.8,-0.167,2.572,0.079
2784.98,-0.144,2.574,0.077
2785.16,-0.147,2.574,0.079
2785.34,-0.154,2.575,0.084
2785.53,-0.157,2.574,0.075
2785.71,-0.155,2.573,0.088
2785.89,-0.152,2.577,0.075
2786.7,-0.183,2.578,0.09
2786.26,-0.162,2.583,0.079
2786.44,-0.139,2.587,0.054
2786.62,-0.158,2.588,0.065
2786.8,-0.152,2.586,0.079
2786.99,-0.161,2.589,0.057
2787.17,-0.163,2.592,0.056
2787.35,-0.164,2.593,0.071
2787.53,-0.168,2.593,0.059
2787.71,-0.153,2.595,0.053
2787.9,-0.161,2.595,0.062
2788.8,-0.155,2.596,0.053
2788.26,-0.166,2.596,0.064
2788.44,-0.174,2.6,0.05
2788.63,-0.137,2.602,0.041
2788.81,-0.171,2.604,0.07
2788.99,-0.144,2.607,0.054
2789.17,-0.171,2.609,0.053
2790.99,-0.173,2.628,0.062
2791.18,-0.157,2.63,0.062
2791.36,-0.165,2.635,0.058
2791.54,-0.144,2.632,0.086
2791.72,-0.184,2.63,0.072
2791.91,-0.156,2.63,0.088
2792.9,-0.134,2.633,0.066
2792.27,-0.138,2.634,0.075
2792.45,-0.157,2.638,0.046
2792.63,-0.171,2.644,0.023
2792.82,-0.129,2.646,0.005
2793.0,-0.155,2.646,0.019
2793.18,-0.165,2.647,0.0
2793.36,-0.165,2.649,-0.006
2793.55,-0.143,2.65,0.021
2793.73,-0.168,2.651,0.044
2793.91,-0.168,2.654,0.063
2794.9,-0.147,2.654,0.067
2794.27,-0.169,2.658,0.076
2794.46,-0.158,2.659,0.085
2794.64,-0.177,2.663,0.073
2794.82,-0.147,2.664,0.07
2795.0,-0.172,2.666,0.079
2795.19,-0.171,2.666,0.061
2795.37,-0.15,2.67,0.041
2795.55,-0.159,2.67,0.049
2795.73,-0.153,2.672,0.045
2795.92,-0.167,2.673,0.036
2796.1,-0.164,2.675,0.021
2796.28,-0.165,2.677,0.02
2796.46,-0.127,2.678,0.047
2796.64,-0.171,2.682,0.023
2796.83,-0.152,2.683,0.024
2797.1,-0.166,2.682,0.011
2797.19,-0.134,2.683,0.019
2797.37,-0.151,2.682,0.039
2797.56,-0.158,2.685,0.07
2797.74,-0.166,2.687,0.071
2797.92,-0.144,2.688,0.056
2798.1,-0.163,2.688,0.052
2798.28,-0.166,2.687,0.044
2798.47,-0.158,2.688,0.044
2798.65,-0.163,2.691,0.061
2798.83,-0.158,2.692,0.043
2799.1,-0.159,2.693,0.054
2799.2,-0.163,2.692,0.049
2799.38,-0.146,2.692,0.047
2799.56,-0.16,2.694,0.063
2799.74,-0.163,2.695,0.054
2799.92,-0.158,2.696,0.063
2800.11,-0.16,2.699,0.06
2800.29,-0.152,2.7,0.053
2800.47,-0.151,2.702,0.063
2800.65,-0.173,2.701,0.047
2800.84,-0.157,2.703,0.057
2801.2,-0.183,2.706,0.057
2801.2,-0.164,2.707,0.055
2801.38,-0.192,2.708,0.031
2801.57,-0.139,2.709,0.063
2801.75,-0.148,2.711,0.058
2801.93,-0.172,2.71,0.054
2802.11,-0.177,2.714,0.047
2802.29,-0.167,2.717,0.048
2802.48,-0.169,2.72,0.047
2802.66,-0.152,2.721,0.047
2802.84,-0.168,2.721,0.037
2803.2,-0.156,2.722,0.04
2803.21,-0.16,2.722,0.059
2803.39,-0.158,2.719,0.056
2803.57,-0.151,2.719,0.053
2803.75,-0.177,2.721,0.074
2803.93,-0.17,2.72,0.055
2804.12,-0.164,2.72,0.053
2804.3,-0.181,2.715,0.06
2804.48,-0.161,2.714,0.06
2804.66,-0.164,2.711,0.029
2804.85,-0.167,2.712,0.093
2805.3,-0.145,2.713,0.031
2805.21,-0.177,2.712,0.078
2805.39,-0.132,2.716,0.053
2805.57,-0.175,2.716,0.062
2805.76,-0.148,2.719,0.064
2805.94,-0.152,2.721,0.039
2806.12,-0.137,2.722,0.058
2806.3,-0.169,2.722,0.04
2806.49,-0.147,2.72,0.036
2806.67,-0.18,2.72,0.051
2806.85,-0.161,2.722,0.055
2807.3,-0.179,2.723,0.042
2807.21,-0.163,2.725,0.055
2807.4,-0.159,2.725,0.043
2807.58,-0.176,2.727,0.051
2807.76,-0.137,2.728,0.033
2807.94,-0.165,2.731,0.033
2808.13,-0.154,2.732,0.044
2808.31,-0.16,2.734,0.044
2808.49,-0.163,2.735,0.032
2808.67,-0.159,2.737,0.048
2808.86,-0.183,2.742,0.045
2809.4,-0.153,2.742,0.038
2809.22,-0.18,2.744,0.039
2809.4,-0.152,2.746,0.037
2809.58,-0.141,2.748,0.023
2809.77,-0.151,2.748,0.044
2809.95,-0.147,2.747,0.035
2810.13,-0.177,2.746,0.056
2810.31,-0.153,2.746,0.041
2810.5,-0.158,2.749,0.043
2810.68,-0.159,2.748,0.042
2810.86,-0.153,2.751,0.042
2811.4,-0.134,2.754,0.046
2811.22,-0.172,2.753,0.065
2811.41,-0.16,2.752,0.067
2811.59,-0.148,2.752,0.06
2811.77,-0.169,2.756,0.065
2811.95,-0.151,2.758,0.065
2812.14,-0.164,2.761,0.068
2812.32,-0.136,2.76,0.068
2812.5,-0.159,2.76,0.071
2812.68,-0.15,2.758,0.056
2812.86,-0.17,2.757,0.047
2813.96,-0.161,2.765,0.034
2814.14,-0.151,2.764,0.04
2814.32,-0.164,2.763,0.042
2814.5,-0.156,2.762,0.053
2814.69,-0.178,2.762,0.062
2814.87,-0.163,2.762,0.069
2815.5,-0.157,2.762,0.049
2815.23,-0.144,2.764,0.078
2815.42,-0.156,2.766,0.065
2815.6,-0.163,2.769,0.067
2815.78,-0.144,2.772,0.082
2821.25,-0.149,2.823,0.054
2821.43,-0.147,2.824,0.052
2821.61,-0.166,2.825,0.036
2821.79,-0.155,2.827,0.053
2821.98,-0.156,2.83,0.06
2822.16,-0.169,2.832,0.031
2822.34,-0.136,2.834,0.046
2822.52,-0.163,2.839,0.041
2822.71,-0.182,2.84,0.04
2822.89,-0.158,2.843,0.046
2823.7,-0.16,2.841,0.051
2823.25,-0.146,2.84,0.065
2823.44,-0.188,2.844,0.051
2823.62,-0.141,2.846,0.049
2823.8,-0.175,2.844,0.047
2824.89,-0.158,2.85,0.045
2825.8,-0.164,2.853,0.042
2825.26,-0.145,2.853,0.044
2825.44,-0.159,2.852,0.037
2825.62,-0.151,2.851,0.06
2825.8,-0.146,2.851,0.053
2825.99,-0.16,2.849,0.04
2826.17,-0.165,2.848,0.055
2826.35,-0.158,2.853,0.067
2826.53,-0.169,2.857,0.067
2826.72,-0.162,2.856,0.057
2826.9,-0.172,2.856,0.068
2827.8,-0.15,2.855,0.061
2827.26,-0.163,2.856,0.072
2827.44,-0.18,2.858,0.058
2827.63,-0.15,2.859,0.067
2827.81,-0.171,2.861,0.062
2827.99,-0.139,2.861,0.071
2828.17,-0.149,2.863,0.058
2828.36,-0.174,2.862,0.068
2828.54,-0.15,2.861,0.063
2828.72,-0.159,2.86,0.052
2828.9,-0.156,2.861,0.064
2829.9,-0.156,2.862,0.062
2829.27,-0.151,2.863,0.056
2829.45,-0.156,2.864,0.062
2829.63,-0.154,2.864,0.044
2829.81,-0.169,2.867,0.047
2830.0,-0.133,2.872,0.062
2830.18,-0.179,2.874,0.054
2831.82,-0.187,2.886,0.042
2832.0,-0.158,2.887,0.036
2832.18,-0.163,2.886,0.061
2832.37,-0.148,2.886,0.043
2832.55,-0.149,2.886,0.049
2832.73,-0.156,2.888,0.041
2832.91,-0.151,2.893,0.05
2833.1,-0.188,2.896,0.041
2833.28,-0.139,2.895,0.038
2833.46,-0.186,2.894,0.03
2833.64,-0.124,2.894,0.054
2833.82,-0.171,2.893,0.036
2834.1,-0.143,2.892,0.044
2834.19,-0.154,2.894,0.037
2834.37,-0.178,2.896,0.012
2834.55,-0.153,2.893,0.026
2834.74,-0.165,2.894,0.024
2834.92,-0.176,2.897,0.029
2835.1,-0.156,2.899,0.026
2835.28,-0.176,2.9,0.049
2835.46,-0.151,2.902,0.036
2835.65,-0.156,2.903,0.043
2835.83,-0.167,2.902,0.043
2836.1,-0.151,2.899,0.026
2836.19,-0.174,2.903,0.024
2836.38,-0.158,2.903,0.043
2836.56,-0.16,2.906,0.025
2836.74,-0.155,2.908,0.025
2836.92,-0.166,2.907,0.035
2837.11,-0.166,2.906,0.035
2837.29,-0.166,2.906,0.04
2837.47,-0.153,2.906,0.037
2837.65,-0.134,2.906,0.021
2837.83,-0.178,2.907,0.037
2838.93,-0.173,2.919,0.024
2839.11,-0.142,2.922,0.028
2839.29,-0.164,2.921,0.027
2839.47,-0.158,2.919,0.026
2839.66,-0.166,2.924,0.036
2839.84,-0.161,2.926,0.05
2840.2,-0.176,2.931,0.042
2840.2,-0.169,2.932,0.043
2840.39,-0.15,2.931,0.034
2840.57,-0.162,2.931,0.053
2840.75,-0.156,2.934,0.028
2845.67,-0.161,0.006,0.034
2845.85,-0.182,0.004,0.051
2846.4,-0.148,0.004,0.026
2846.22,-0.186,0.005,0.047
2846.4,-0.162,0.006,0.05
2846.58,-0.169,0.006,0.042
2846.76,-0.169,0.008,0.04
2846.95,-0.159,0.01,0.041
2847.13,-0.161,0.01,0.034
2847.31,-0.149,0.014,0.043
2852.42,-0.166,0.058,0.059
2852.6,-0.153,0.059,0.052
2852.78,-0.147,0.059,0.058
2852.96,-0.152,0.063,0.073
2853.14,-0.154,0.065,0.045
2853.33,-0.162,0.064,0.059
2853.51,-0.177,0.067,0.055
2853.69,-0.167,0.07,0.062
2853.87,-0.155,0.07,0.054
2854.6,-0.165,0.07,0.054
2859.89,-0.16,0.086,0.033
2860.7,-0.152,0.087,0.043
2860.25,-0.165,0.091,0.048
2860.44,-0.138,0.091,0.054
2860.62,-0.164,0.092,0.059
2860.8,-0.148,0.093,0.059
2860.98,-0.169,0.096,0.038
2861.16,-0.154,0.097,0.062
2861.35,-0.161,0.097,0.045
2861.53,-0.157,0.098,0.042
2861.71,-0.165,0.101,0.054
2861.89,-0.161,0.104,0.047
2862.8,-0.154,0.105,0.043
2862.26,-0.157,0.107,0.037
2862.44,-0.165,0.108,0.056
2862.62,-0.153,0.11,0.066
2862.81,-0.151,0.113,0.062
2862.99,-0.155,0.113,0.071
2863.17,-0.155,0.118,0.046
2863.35,-0.164,0.119,0.048
2863.53,-0.173,0.122,0.051
2863.72,-0.144,0.123,0.052
2863.9,-0.176,0.125,0.05
2864.8,-0.152,0.126,0.047
2864.26,-0.141,0.126,0.056
2864.45,-0.164,0.126,0.053
2864.63,-0.141,0.127,0.056
2864.81,-0.165,0.134,0.062
2864.99,-0.154,0.136,0.036
2865.17,-0.146,0.138,0.05
2865.36,-0.157,0.141,0.053
2865.54,-0.17,0.141,0.055
2865.72,-0.155,0.141,0.037
2865.9,-0.147,0.142,0.044
2866.9,-0.168,0.14,0.035
2866.27,-0.138,0.137,0.051
2866.45,-0.187,0.137,0.035
2866.63,-0.138,0.136,0.047
2866.82,-0.174,0.136,0.049
2867.0,-0.134,0.137,0.06
2867.18,-0.162,0.14,0.035
2867.36,-0.162,0.145,0.036
2868.46,-0.176,0.15,0.025
2868.64,-0.16,0.151,0.037
2868.82,-0.163,0.152,0.035
2869.0,-0.158,0.155,0.027
2869.18,-0.185,0.153,0.035
2869.37,-0.17,0.153,0.025
2869.55,-0.179,0.15,0.044
2869.73,-0.158,0.152,0.018
2869.91,-0.148,0.149,0.012
2870.1,-0.188,0.152,0.041
2870.28,-0.136,0.153,0.033
2870.46,-0.19,0.154,0.013
2870.64,-0.142,0.154,0.018
2870.83,-0.153,0.155,0.028
2871.1,-0.17,0.157,0.032
2871.19,-0.158,0.158,0.004
2871.37,-0.16,0.159,0.024
2871.55,-0.159,0.163,0.011
2871.74,-0.119,0.163,0.015
2871.92,-0.201,0.167,0.016
2872.1,-0.092,0.168,0.063
2872.28,-0.178,0.172,0.077
2872.47,-0.148,0.176,0.077
2872.65,-0.166,0.17,0.105
2872.83,-0.176,0.171,0.082
2873.1,-0.124,0.173,0.126
2873.19,-0.166,0.175,0.103
2873.38,-0.139,0.173,0.093
2873.56,-0.182,0.175,0.088
2873.74,-0.153,0.179,0.096
2873.92,-0.18,0.179,0.084
2874.11,-0.173,0.181,0.094
2874.29,-0.179,0.182,0.064
2874.47,-0.161,0.183,0.063
2874.65,-0.169,0.184,0.03
2874.84,-0.187,0.186,0.068
2875.2,-0.169,0.186,0.033
2875.2,-0.18,0.185,0.052
2875.38,-0.143,0.188,0.059
2875.56,-0.153,0.188,0.066
2875.75,-0.185,0.191,0.055
2875.93,-0.157,0.189,0.043
2876.11,-0.159,0.193,0.037
2876.29,-0.113,0.192,0.042
2876.48,-0.173,0.194,0.004
2876.66,-0.161,0.189,0.031
2876.84,-0.163,0.194,0.055
2877.2,-0.176,0.196,0.064
2877.2,-0.188,0.198,0.091
2877.39,-0.144,0.198,0.068
2877.57,-0.153,0.197,0.062
2877.75,-0.151,0.198,0.065
2877.93,-0.153,0.2,0.054
2878.12,-0.176,0.203,0.05
2878.3,-0.156,0.204,0.058
2878.48,-0.16,0.204,0.057
2878.66,-0.172,0.203,0.047
2878.84,-0.147,0.208,0.057
2879.3,-0.153,0.211,0.04
2879.21,-0.135,0.213,0.046
2879.39,-0.199,0.218,0.051
2879.57,-0.157,0.218,0.06
2879.76,-0.181,0.218,0.052
2879.94,-0.177,0.218,0.032
2880.12,-0.174,0.22,0.042
2883.4,-0.144,0.242,0.048
2883.58,-0.14,0.245,0.05
2883.77,-0.153,0.246,0.056
2883.95,-0.152,0.243,0.069
2884.13,-0.179,0.243,0.071
2884.31,-0.182,0.247,0.074
2884.5,-0.16,0.247,0.065
2884.68,-0.162,0.249,0.041
2884.86,-0.183,0.25,0.03
2885.4,-0.178,0.252,0.03
2885.22,-0.157,0.254,0.038
2885.41,-0.17,0.253,0.026
2885.59,-0.187,0.254,0.037
2885.77,-0.182,0.255,0.051
2885.95,-0.178,0.259,0.062
2886.14,-0.161,0.263,0.067
2886.32,-0.163,0.266,0.053
2886.5,-0.146,0.269,0.055
2886.68,-0.157,0.268,0.056
2886.86,-0.166,0.271,0.049
2887.5,-0.156,0.275,0.048
2887.23,-0.161,0.279,0.059
2887.41,-0.154,0.284,0.036
2887.59,-0.163,0.285,0.05
2887.78,-0.169,0.282,0.047
2887.96,-0.161,0.281,0.063
2888.14,-0.173,0.283,0.053
2888.32,-0.157,0.285,0.067
2888.5,-0.157,0.289,0.063
2888.69,-0.172,0.29,0.058
2888.87,-0.151,0.289,0.072
2889.5,-0.153,0.289,0.059
2889.23,-0.169,0.291,0.059
2890.87,-0.168,0.308,0.062
2891.6,-0.14,0.306,0.06
2891.24,-0.153,0.307,0.05
2891.42,-0.17,0.309,0.049
2891.6,-0.147,0.309,0.056
2891.79,-0.168,0.31,0.059
2891.97,-0.154,0.312,0.066
2892.15,-0.143,0.316,0.042
2892.33,-0.177,0.314,0.067
2892.51,-0.156,0.313,0.043
2892.7,-0.171,0.316,0.051
2892.88,-0.16,0.316,0.042
2893.6,-0.148,0.315,0.05
2893.24,-0.174,0.314,0.033
2893.43,-0.184,0.314,0.04
2893.61,-0.158,0.314,0.053
2893.79,-0.159,0.315,0.06
2893.97,-0.173,0.319,0.058
2894.15,-0.128,0.32,0.058
2894.34,-0.19,0.319,0.06
2894.52,-0.15,0.318,0.047
2894.7,-0.186,0.318,0.075
2894.88,-0.141,0.32,0.048
2895.7,-0.184,0.323,0.071
2895.25,-0.155,0.324,0.061
2895.43,-0.169,0.327,0.064
2895.61,-0.157,0.329,0.041
2895.79,-0.17,0.329,0.077
2895.98,-0.141,0.331,0.049
2896.16,-0.175,0.328,0.104
2896.34,-0.157,0.329,0.055
2896.52,-0.141,0.326,0.085
2896.71,-0.173,0.328,0.068
2896.89,-0.14,0.329,0.079
2897.7,-0.172,0.33,0.052
2897.25,-0.165,0.332,0.076
2897.43,-0.143,0.335,0.065
2897.62,-0.181,0.339,0.085
2897.8,-0.152,0.337,0.047
2897.98,-0.173,0.338,0.056
2898.16,-0.157,0.338,0.069
2898.35,-0.166,0.339,0.059
2898.53,-0.159,0.338,0.062
2898.71,-0.18,0.339,0.056
2898.89,-0.165,0.339,0.072
2899.8,-0.168,0.34,0.081
2899.26,-0.157,0.339,0.049
2899.44,-0.176,0.339,0.051
2899.62,-0.148,0.342,0.06
2899.8,-0.172,0.344,0.049
2899.99,-0.151,0.345,0.08
2900.17,-0.178,0.348,0.066
2900.35,-0.132,0.347,0.074
2900.53,-0.175,0.349,0.064
2900.72,-0.165,0.348,0.088
2900.9,-0.19,0.35,0.084
2901.8,-0.137,0.349,0.092
2901.26,-0.178,0.35,0.078
2901.44,-0.145,0.352,0.085
2901.63,-0.191,0.352,0.076
2901.81,-0.148,0.355,0.08
2901.99,-0.173,0.356,0.061
2902.17,-0.166,0.359,0.072
2902.36,-0.152,0.36,0.073
2902.54,-0.184,0.363,0.072
2902.72,-0.127,0.362,0.065
2902.9,-0.224,0.364,0.044
2903.8,-0.089,0.364,0.082
2903.27,-0.189,0.364,0.042
2903.45,-0.121,0.365,0.049
2903.63,-0.171,0.367,0.051
2903.81,-0.132,0.368,0.067
2904.0,-0.188,0.367,0.061
2904.18,-0.174,0.371,0.055
2904.36,-0.18,0.367,0.065
2904.54,-0.151,0.368,0.057
2904.72,-0.17,0.37,0.053
2904.91,-0.169,0.37,0.053
2905.9,-0.138,0.37,0.064
2905.27,-0.183,0.373,0.047
2905.45,-0.167,0.374,0.055
2905.64,-0.141,0.374,0.045
2905.82,-0.151,0.376,0.045
2909.28,-0.153,0.386,0.045
2909.46,-0.157,0.391,0.031
2909.65,-0.161,0.392,0.055
2909.83,-0.172,0.394,0.033
2910.1,-0.161,0.396,0.042
2910.19,-0.172,0.395,0.05
2910.38,-0.161,0.396,0.06
2910.56,-0.173,0.399,0.044
2910.74,-0.167,0.401,0.052
2910.92,-0.169,0.405,0.048
2911.1,-0.16,0.404,0.058
2911.29,-0.188,0.406,0.047
2911.47,-0.153,0.408,0.054
2911.65,-0.196,0.407,0.04
2911.83,-0.133,0.405,0.038
2913.11,-0.147,0.403,0.04
2913.29,-0.179,0.405,0.046
2913.47,-0.154,0.401,0.059
2913.66,-0.158,0.406,0.041
2913.84,-0.163,0.407,0.042
2914.2,-0.17,0.408,0.069
2914.2,-0.14,0.408,0.052
2914.39,-0.164,0.41,0.041
2914.57,-0.16,0.412,0.042
2914.75,-0.17,0.412,0.038
2914.93,-0.154,0.411,0.057
2915.11,-0.166,0.413,0.031
2915.3,-0.162,0.415,0.043
2915.48,-0.155,0.416,0.055
2915.66,-0.165,0.414,0.049
2915.84,-0.154,0.416,0.053
2916.3,-0.162,0.413,0.054
2916.21,-0.155,0.414,0.053
2916.39,-0.136,0.416,0.045
2916.57,-0.158,0.416,0.062
2916.75,-0.155,0.418,0.043
2916.94,-0.175,0.416,0.052
2917.12,-0.164,0.418,0.053
2917.3,-0.153,0.417,0.044
2917.48,-0.15,0.417,0.042
2917.67,-0.155,0.416,0.042
2917.85,-0.17,0.418,0.039
2918.3,-0.15,0.416,0.042
2918.21,-0.164,0.419,0.029
2918.39,-0.137,0.42,0.036
2918.58,-0.165,0.419,0.028
2918.76,-0.168,0.423,0.036
2918.94,-0.147,0.423,0.045
2919.12,-0.183,0.424,0.037
2919.31,-0.157,0.427,0.013
2919.49,-0.168,0.429,0.042
2919.67,-0.154,0.429,0.06
2919.85,-0.179,0.433,0.054
2920.4,-0.163,0.433,0.05
2920.22,-0.172,0.434,0.053
2920.4,-0.157,0.438,0.062
2920.58,-0.159,0.435,0.034
2920.76,-0.177,0.438,0.061
2920.95,-0.155,0.439,0.062
2921.13,-0.165,0.439,0.081
2921.31,-0.155,0.441,0.056
2921.49,-0.158,0.442,0.026
2921.68,-0.153,0.445,0.016
2921.86,-0.168,0.445,0.021
2922.4,-0.163,0.444,0.029
2922.22,-0.167,0.443,0.047
2922.4,-0.134,0.442,0.051
2922.59,-0.152,0.44,0.056
2922.77,-0.165,0.44,0.077
2922.95,-0.151,0.441,0.053
2923.13,-0.166,0.44,0.071
2923.32,-0.164,0.44,0.073
2923.5,-0.173,0.442,0.05
2923.68,-0.158,0.446,0.066
2923.86,-0.173,0.447,0.079
2924.5,-0.157,0.45,0.056
2924.23,-0.18,0.451,0.059
2924.41,-0.165,0.455,0.034
2924.59,-0.144,0.457,0.055
2924.77,-0.169,0.462,0.043
2924.96,-0.145,0.464,0.044
2925.14,-0.161,0.464,0.052
2925.32,-0.163,0.465,0.025
2925.5,-0.166,0.465,0.024
2925.69,-0.16,0.468,0.012
2925.87,-0.146,0.467,0.024
2926.5,-0.184,0.468,0.04
2926.23,-0.153,0.471,0.048
2926.42,-0.181,0.474,0.065
2926.6,-0.154,0.477,0.072
2926.78,-0.154,0.479,0.084
2926.96,-0.166,0.481,0.082
2927.14,-0.176,0.484,0.068
2927.33,-0.146,0.485,0.079
2927.51,-0.145,0.489,0.074
2927.69,-0.167,0.488,0.089
2927.87,-0.152,0.488,0.088
2928.6,-0.179,0.492,0.09
2928.24,-0.159,0.492,0.071
2928.42,-0.143,0.494,0.075
2928.6,-0.173,0.498,0.07
2928.78,-0.146,0.496,0.065
2928.97,-0.163,0.495,0.068
2929.15,-0.135,0.495,0.066
2929.33,-0.168,0.497,0.037
2929.51,-0.159,0.495,0.05
2929.7,-0.155,0.494,0.017
2929.88,-0.166,0.493,0.021
2930.6,-0.175,0.496,0.014
2930.24,-0.155,0.499,0.018
2930.43,-0.157,0.502,0.022
2930.61,-0.175,0.504,0.035
2930.79,-0.15,0.505,0.053
2930.97,-0.164,0.51,0.066
2931.15,-0.149,0.514,0.047
2931.34,-0.161,0.52,0.043
2931.52,-0.151,0.524,0.053
2931.7,-0.176,0.527,0.045
2931.88,-0.177,0.529,0.044
2932.7,-0.145,0.528,0.056
2932.25,-0.16,0.529,0.052
2932.43,-0.158,0.532,0.072
2932.61,-0.167,0.533,0.055
2932.79,-0.17,0.533,0.066
2932.98,-0.167,0.534,0.072
2933.16,-0.163,0.534,0.06
2933.34,-0.152,0.533,0.068
2933.52,-0.173,0.533,0.065
2933.71,-0.156,0.532,0.071
2933.89,-0.15,0.531,0.059
2934.7,-0.16,0.532,0.061
2934.25,-0.162,0.53,0.036
2934.44,-0.182,0.528,0.029
2934.62,-0.143,0.53,0.033
2934.8,-0.168,0.532,0.034
2934.98,-0.155,0.533,0.043
2935.16,-0.148,0.537,0.046
2935.35,-0.179,0.54,0.039
2935.53,-0.169,0.542,0.049
2935.71,-0.17,0.546,0.034
2935.89,-0.174,0.545,0.022
2936.8,-0.155,0.548,0.012
2936.26,-0.169,0.55,0.005
2936.44,-0.165,0.553,-0.013
2936.62,-0.155,0.555,-0.016
2936.8,-0.15,0.558,-0.019
2936.99,-0.164,0.563,-0.008
2937.17,-0.156,0.566,-0.014
2937.35,-0.163,0.565,0.005
2937.53,-0.146,0.566,-0.003
2937.72,-0.172,0.564,0.02
2937.9,-0.156,0.565,0.01
2938.8,-0.164,0.569,0.025
2938.26,-0.146,0.568,0.039
2938.45,-0.193,0.57,0.03
2938.63,-0.153,0.568,0.035
2938.81,-0.166,0.569,0.06
2938.99,-0.173,0.571,0.046
2939.17,-0.136,0.573,0.045
2939.36,-0.182,0.575,0.037
2939.54,-0.163,0.577,0.048
2939.72,-0.16,0.575,0.05
2939.9,-0.154,0.573,0.032
2940.9,-0.175,0.572,0.06
2940.27,-0.177,0.572,0.044
2940.45,-0.148,0.572,0.065
2940.63,-0.162,0.573,0.072
2940.81,-0.181,0.575,0.059
2941.0,-0.139,0.577,0.051
2941.18,-0.151,0.581,0.051
2941.36,-0.163,0.581,0.048
2941.54,-0.148,0.58,0.047
2941.73,-0.161,0.58,0.04
2941.91,-0.176,0.582,0.04
2944.28,-0.166,0.601,0.025
2944.46,-0.168,0.602,0.023
2944.64,-0.157,0.604,0.02
2944.82,-0.177,0.608,-0.0
2945.1,-0.185,0.609,0.035
2945.19,-0.168,0.61,0.051
2945.37,-0.173,0.613,0.058
2945.55,-0.158,0.616,0.055
2945.74,-0.173,0.619,0.072
2945.92,-0.165,0.619,0.06
2946.1,-0.17,0.621,0.053
2946.28,-0.168,0.621,0.051
2946.47,-0.159,0.621,0.036
2946.65,-0.154,0.622,0.027
2946.83,-0.167,0.622,0.05
2947.1,-0.158,0.625,0.043
2947.19,-0.169,0.628,0.038
2950.11,-0.166,0.647,0.024
2950.29,-0.152,0.647,0.033
2950.48,-0.148,0.648,0.028
2950.66,-0.173,0.652,0.033
2950.84,-0.175,0.652,0.054
2951.2,-0.154,0.651,0.037
2951.2,-0.168,0.654,0.053
2951.39,-0.172,0.659,0.057
2951.57,-0.16,0.659,0.054
2951.75,-0.176,0.66,0.055
2951.93,-0.149,0.664,0.064
2952.12,-0.183,0.668,0.04
2952.3,-0.129,0.669,0.053
2952.48,-0.186,0.673,0.055
2952.66,-0.126,0.676,0.048
2952.85,-0.19,0.678,0.028
2953.3,-0.144,0.68,0.047
2953.21,-0.166,0.68,0.054
2953.39,-0.163,0.681,0.06
2953.57,-0.164,0.684,0.054
2954.49,-0.165,0.691,0.009
2954.67,-0.162,0.692,-0.003
2954.85,-0.169,0.696,0.004
2955.3,-0.174,0.699,-0.007
2955.22,-0.156,0.697,-0.006
2955.4,-0.177,0.695,-0.01
2955.58,-0.152,0.695,-0.003
2955.76,-0.175,0.693,0.003
2955.94,-0.161,0.692,0.038
2956.13,-0.171,0.693,0.064
2956.31,-0.165,0.692,0.055
2961.6,-0.178,0.726,0.008
2961.78,-0.158,0.724,0.016
2961.96,-0.15,0.723,0.046
2962.14,-0.162,0.724,0.078
2962.32,-0.169,0.723,0.077
2962.51,-0.16,0.721,0.077
2962.69,-0.181,0.72,0.07
2962.87,-0.164,0.721,0.067
2963.5,-0.158,0.72,0.074
2963.24,-0.168,0.723,0.072
2963.42,-0.159,0.724,0.07
2963.6,-0.142,0.724,0.068
2963.78,-0.195,0.729,0.051
2963.97,-0.146,0.732,0.061
2964.15,-0.168,0.732,0.052
2964.33,-0.156,0.734,0.049
2964.51,-0.146,0.733,0.071
2964.69,-0.156,0.731,0.074
2964.88,-0.15,0.732,0.071
2965.6,-0.143,0.733,0.061
2965.24,-0.154,0.737,0.077
2965.42,-0.164,0.738,0.081
2965.61,-0.153,0.742,0.065
2965.79,-0.141,0.744,0.083
2965.97,-0.159,0.742,0.081
2966.15,-0.163,0.747,0.084
2966.34,-0.137,0.746,0.075
2966.52,-0.179,0.749,0.086
2966.7,-0.152,0.748,0.055
2966.88,-0.184,0.75,0.078
2967.6,-0.163,0.754,0.071
2967.25,-0.162,0.755,0.079
2967.43,-0.147,0.755,0.071
2967.61,-0.179,0.76,0.071
2967.79,-0.152,0.759,0.075
2967.98,-0.161,0.759,0.056
2968.16,-0.172,0.76,0.056
2968.89,-0.168,0.767,0.052
2969.7,-0.15,0.769,0.049
2969.25,-0.172,0.77,0.041
2969.43,-0.162,0.771,0.048
2969.62,-0.142,0.773,0.04
2969.8,-0.161,0.773,0.038
2969.98,-0.159,0.769,0.046
2970.16,-0.181,0.77,0.043
2970.35,-0.147,0.77,0.038
2970.53,-0.19,0.77,0.053
2970.71,-0.137,0.772,0.032
2970.89,-0.177,0.774,0.03
2971.8,-0.169,0.776,0.036
2971.26,-0.183,0.775,0.043
2971.44,-0.151,0.774,0.057
2971.62,-0.164,0.774,0.044
2971.8,-0.16,0.776,0.044
2971.99,-0.135,0.777,0.051
2972.17,-0.174,0.778,0.049
2972.35,-0.155,0.778,0.065
2972.53,-0.161,0.779,0.043
2972.72,-0.143,0.78,0.054
2972.9,-0.166,0.781,0.038
2973.8,-0.177,0.78,0.057
2973.26,-0.182,0.782,0.048
2974.36,-0.168,0.785,0.044
2974.54,-0.175,0.785,0.052
2974.72,-0.158,0.788,0.049
2974.9,-0.17,0.79,0.049
2975.9,-0.173,0.792,0.054
2975.27,-0.176,0.791,0.054
2975.45,-0.178,0.792,0.04
2975.63,-0.174,0.793,0.071
2975.82,-0.169,0.798,0.067
2976.0,-0.164,0.798,0.051
2976.18,-0.166,0.801,0.066
2976.36,-0.171,0.8,0.051
2976.54,-0.169,0.804,0.057
2976.73,-0.154,0.804,0.061
2976.91,-0.16,0.807,0.065
2977.9,-0.189,0.811,0.038
2977.27,-0.146,0.81,0.066
2977.46,-0.149,0.813,0.055
2977.64,-0.172,0.813,0.04
2977.82,-0.196,0.814,0.034
2978.0,-0.132,0.813,0.034
2978.19,-0.205,0.809,0.043
2979.46,-0.186,0.819,0.038
2979.64,-0.143,0.82,0.06
2979.83,-0.202,0.82,0.064
2980.1,-0.16,0.819,0.075
2980.19,-0.181,0.818,0.064
2980.37,-0.155,0.822,0.055
2980.56,-0.178,0.826,0.068
2980.74,-0.163,0.827,0.047
2980.92,-0.172,0.829,0.042
2981.1,-0.143,0.829,0.038
2981.28,-0.218,0.835,0.057
2981.47,-0.147,0.838,0.026
2981.65,-0.117,0.838,0.058
2981.83,-0.191,0.84,0.036
2982.1,-0.157,0.844,0.051
2982.2,-0.177,0.845,0.042
2982.38,-0.117,0.845,0.032
2982.56,-0.195,0.845,0.024
2982.74,-0.167,0.847,0.065
2982.93,-0.156,0.846,0.008
2983.11,-0.163,0.843,0.03
2983.29,-0.173,0.844,0.044
2983.47,-0.152,0.845,0.018
2983.65,-0.156,0.846,0.045
2983.84,-0.164,0.849,0.054
2984.2,-0.165,0.85,0.03
2984.2,-0.188,0.853,0.059
2984.38,-0.135,0.852,0.054
2984.57,-0.174,0.856,0.059
2984.75,-0.179,0.86,0.052
2984.93,-0.173,0.862,0.057
2985.11,-0.152,0.861,0.075
2985.3,-0.197,0.867,0.071
2985.48,-0.15,0.866,0.077
2985.66,-0.168,0.875,0.04
2985.84,-0.149,0.874,0.086
2986.2,-0.204,0.877,0.034
2986.21,-0.137,0.873,0.065
2986.39,-0.199,0.874,0.036
2986.57,-0.14,0.87,-0.014
2986.75,-0.189,0.869,-0.02
2986.94,-0.139,0.869,-0.018
2987.12,-0.179,0.873,-0.053
2987.3,-0.149,0.874,-0.007
2990.76,-0.164,0.9,0.061
2990.95,-0.151,0.899,0.077
2991.13,-0.184,0.902,0.035
2991.31,-0.13,0.904,0.028
2991.49,-0.203,0.905,0.066
2991.68,-0.13,0.909,0.022
2991.86,-0.198,0.913,0.054
2992.4,-0.184,0.917,0.063
2992.22,-0.159,0.916,0.033
2992.41,-0.177,0.921,0.052
2992.59,-0.165,0.921,0.083
2998.6,-0.16,0.954,0.012
2998.24,-0.143,0.953,0.01
2998.42,-0.182,0.955,0.023
2998.6,-0.126,0.956,0.019
2998.78,-0.192,0.96,0.015
2998.97,-0.169,0.961,0.021
2999.15,-0.185,0.96,0.027
2999.33,-0.141,0.963,0.035
2999.51,-0.174,0.967,0.04
2999.7,-0.149,0.97,0.031
2999.88,-0.177,0.97,0.03
3000.6,-0.164,0.969,0.026
3000.24,-0.169,0.97,0.027
3000.42,-0.16,0.97,0.048
3000.61,-0.181,0.969,0.047
3000.79,-0.151,0.971,0.055
3000.97,-0.172,0.969,0.067
3001.15,-0.158,0.97,0.081
3001.34,-0.147,0.972,0.055
3001.52,-0.162,0.974,0.081
3001.7,-0.175,0.977,0.056
3001.88,-0.165,0.977,0.054
3002.7,-0.174,0.977,0.051
3002.25,-0.146,0.979,0.062
3002.43,-0.164,0.975,0.054
3002.61,-0.172,0.976,0.067
3002.79,-0.166,0.978,0.062
3004.7,-0.169,0.979,0.04
3004.25,-0.17,0.979,0.044
3004.43,-0.157,0.982,0.048
3004.62,-0.174,0.982,0.031
3004.8,-0.158,0.984,0.035
3004.98,-0.158,0.984,0.056
3005.16,-0.16,0.986,0.054
3005.35,-0.144,0.986,0.047
3005.53,-0.182,0.983,0.036
3005.71,-0.146,0.983,0.019
3005.89,-0.17,0.985,0.04
3006.7,-0.158,0.988,0.041
3006.26,-0.165,0.99,0.049
3006.44,-0.18,0.994,0.05
3006.62,-0.158,0.995,0.061
3006.8,-0.169,0.999,0.055
3006.99,-0.167,1.0,0.048
3007.17,-0.178,0.999,0.049
3007.35,-0.144,1.0,0.065
3007.53,-0.171,1.002,0.062
3007.72,-0.157,1.005,0.07
3007.9,-0.16,1.006,0.059
3008.8,-0.154,1.007,0.073
3008.26,-0.158,1.012,0.063
3008.44,-0.171,1.014,0.055
3008.63,-0.173,1.015,0.054
3008.81,-0.171,1.019,0.052
3008.99,-0.171,1.022,0.063
3009.17,-0.165,1.023,0.058
3009.36,-0.167,1.021,0.052
3009.54,-0.162,1.021,0.048
3009.72,-0.165,1.024,0.036
3009.9,-0.171,1.025,0.053
3010.8,-0.184,1.023,0.036
3010.27,-0.183,1.023,0.041
3010.45,-0.172,1.025,0.045
3010.63,-0.181,1.026,0.046
3010.81,-0.148,1.028,0.061
3011.0,-0.17,1.031,0.063
3011.18,-0.165,1.031,0.054
3011.36,-0.173,1.032,0.049
3011.54,-0.152,1.035,0.064
3011.73,-0.175,1.032,0.078
3011.91,-0.147,1.031,0.06
3012.9,-0.16,1.035,0.052
3012.27,-0.165,1.033,0.036
3012.45,-0.176,1.031,0.026
3012.64,-0.176,1.032,0.043
3012.82,-0.177,1.03,0.05
3013.0,-0.15,1.034,0.01
3013.18,-0.165,1.031,0.023
3013.37,-0.175,1.031,0.022
3013.55,-0.161,1.033,0.027
3013.73,-0.174,1.033,0.024
3013.91,-0.168,1.033,0.029
3014.9,-0.147,1.033,0.06
3014.28,-0.17,1.031,0.048
3014.46,-0.164,1.033,0.037
3014.64,-0.167,1.035,0.038
3016.65,-0.158,1.048,0.08
3016.83,-0.151,1.048,0.083
3017.1,-0.159,1.05,0.087
3017.19,-0.169,1.051,0.075
3017.38,-0.158,1.053,0.071
3017.56,-0.156,1.056,0.065
3017.74,-0.185,1.056,0.072
3017.92,-0.163,1.056,0.059
3018.1,-0.187,1.055,0.061
3018.29,-0.156,1.055,0.061
3018.47,-0.165,1.056,0.053
3018.65,-0.166,1.055,0.049
3018.83,-0.192,1.055,0.033
3019.2,-0.17,1.059,0.034
3019.2,-0.164,1.061,0.059
3019.38,-0.175,1.063,0.058
3019.56,-0.173,1.062,0.036
3019.74,-0.176,1.061,0.053
3019.93,-0.161,1.063,0.061
3020.11,-0.17,1.065,0.053
3020.29,-0.165,1.068,0.045
3020.47,-0.134,1.069,0.05
3020.66,-0.167,1.067,0.067
3020.84,-0.163,1.065,0.08
3021.2,-0.163,1.069,0.075
3021.2,-0.166,1.071,0.08
3021.39,-0.157,1.069,0.055
3021.57,-0.189,1.07,0.058
3021.75,-0.15,1.072,0.053
3021.93,-0.197,1.072,0.038
3022.11,-0.156,1.074,0.046
3022.3,-0.177,1.077,0.035
3022.48,-0.168,1.077,0.035
3022.66,-0.17,1.074,0.03
3022.84,-0.171,1.075,0.044
3023.3,-0.168,1.074,0.039
3023.21,-0.16,1.072,0.035
3023.39,-0.169,1.072,0.021
3023.57,-0.147,1.071,0.05
3023.75,-0.19,1.075,0.058
3023.94,-0.139,1.074,0.103
3024.12,-0.159,1.078,0.079
3024.3,-0.17,1.078,0.064
3024.48,-0.174,1.078,0.059
3024.67,-0.13,1.076,0.083
3024.85,-0.177,1.077,0.06
3025.3,-0.149,1.079,0.058
3025.21,-0.176,1.081,0.04
3025.39,-0.148,1.083,0.041
3025.58,-0.16,1.083,0.042
3026.85,-0.163,1.09,0.022
3027.4,-0.161,1.09,0.052
3027.22,-0.17,1.091,0.025
3027.4,-0.16,1.091,0.052
3027.58,-0.156,1.092,0.049
3027.76,-0.166,1.091,0.058
3027.95,-0.183,1.092,0.038
3028.13,-0.123,1.093,0.038
3028.31,-0.199,1.094,0.049
3028.49,-0.155,1.093,0.03
3034.32,-0.148,1.121,0.022
3034.51,-0.166,1.12,0.017
3034.69,-0.155,1.123,0.023
3034.87,-0.197,1.123,0.043
3035.5,-0.131,1.121,0.049
3035.24,-0.173,1.121,0.045
3035.42,-0.144,1.122,0.039
3035.6,-0.18,1.123,0.037
3035.78,-0.145,1.124,0.027
3035.96,-0.17,1.126,0.045
3036.15,-0.149,1.125,0.04
3036.33,-0.15,1.122,0.03
3036.51,-0.151,1.122,0.025
3036.69,-0.186,1.123,0.01
3036.88,-0.143,1.125,-0.023
3037.6,-0.143,1.124,-0.001
3037.24,-0.195,1.126,-0.013
3037.42,-0.147,1.123,-0.003
3037.6,-0.14,1.128,-0.008
3037.79,-0.15,1.126,-0.011
3037.97,-0.144,1.131,-0.016
3038.15,-0.148,1.133,-0.031
3038.33,-0.181,1.133,0.0
3038.51,-0.15,1.136,0.013
3038.7,-0.191,1.138,0.02
3038.88,-0.139,1.136,0.034
3039.6,-0.217,1.143,0.026
3039.24,-0.123,1.144,0.083
3039.43,-0.185,1.147,0.049
3039.61,-0.152,1.145,0.039
3039.79,-0.15,1.15,0.051
3039.97,-0.181,1.146,0.058
3040.15,-0.177,1.146,0.033
3040.34,-0.12,1.149,0.041
3040.52,-0.17,1.151,0.057
3040.7,-0.231,1.153,0.036
3040.88,-0.135,1.151,0.061
3042.71,-0.139,1.163,0.061
3042.89,-0.179,1.168,0.037
3043.7,-0.125,1.171,0.048
3043.25,-0.193,1.172,0.056
3043.44,-0.173,1.169,0.048
3043.62,-0.191,1.172,0.063
3043.8,-0.15,1.174,0.063
3043.98,-0.177,1.172,0.054
3044.16,-0.168,1.174,0.039
3044.35,-0.163,1.173,0.07
3044.53,-0.188,1.173,0.047
3044.71,-0.129,1.176,0.042
3044.89,-0.162,1.178,0.042
3045.8,-0.16,1.178,0.05
3045.26,-0.198,1.179,0.053
3045.44,-0.135,1.179,0.066
3045.62,-0.169,1.178,0.055
3045.8,-0.156,1.178,0.05
3045.99,-0.166,1.178,0.054
3046.17,-0.164,1.181,0.055
3046.35,-0.15,1.179,0.046
3046.53,-0.192,1.175,0.03
3046.72,-0.145,1.174,0.04
3046.9,-0.188,1.176,0.037
3047.8,-0.146,1.177,0.054
3047.26,-0.188,1.177,0.044
3047.44,-0.135,1.18,0.052
3047.63,-0.205,1.182,0.057
3048.72,-0.188,1.187,0.051
3048.9,-0.149,1.184,0.064
3049.8,-0.179,1.185,0.059
3049.27,-0.149,1.187,0.049
3049.45,-0.16,1.189,0.072
3049.63,-0.192,1.189,0.046
3049.81,-0.145,1.188,0.036
3050.0,-0.182,1.191,0.058
3050.18,-0.153,1.191,0.056
3050.36,-0.156,1.188,0.06
3050.54,-0.172,1.188,0.055
3050.73,-0.131,1.186,0.048
3050.91,-0.205,1.186,0.067
3051.9,-0.158,1.187,0.044
3051.27,-0.134,1.185,0.053
3051.45,-0.155,1.189,0.042
3051.64,-0.158,1.19,0.053
3051.82,-0.168,1.189,0.038
3052.0,-0.186,1.195,0.069
3052.18,-0.178,1.197,0.033
3052.37,-0.127,1.195,0.074
3052.55,-0.219,1.197,0.055
3052.73,-0.097,1.195,0.057
3052.91,-0.197,1.193,0.052
3053.9,-0.165,1.195,0.057
3053.28,-0.14,1.195,0.061
3053.46,-0.192,1.197,0.051
3053.64,-0.146,1.2,0.041
3053.82,-0.148,1.202,0.054
3054.1,-0.129,1.204,0.046
3054.19,-0.184,1.204,0.027
3054.37,-0.134,1.205,0.039
3054.55,-0.183,1.207,0.035
3054.73,-0.144,1.206,0.021
3054.92,-0.144,1.207,0.047
3055.1,-0.14,1.211,0.036
3055.28,-0.159,1.212,0.056
3055.46,-0.184,1.211,0.066
3055.65,-0.106,1.211,0.041
3055.83,-0.197,1.211,0.027
3056.1,-0.075,1.211,0.061
3056.19,-0.229,1.213,0.046
3056.37,-0.097,1.216,0.039
3056.56,-0.168,1.216,0.044
3056.74,-0.15,1.222,0.057
3056.92,-0.178,1.224,0.045
3057.1,-0.147,1.226,0.046
3057.29,-0.143,1.225,0.045
3057.47,-0.183,1.225,0.058
3057.65,-0.131,1.224,0.052
3057.83,-0.178,1.223,0.029
3058.2,-0.142,1.227,0.048
3058.2,-0.158,1.23,0.023
3058.38,-0.151,1.226,0.057
3058.56,-0.167,1.228,0.052
3058.74,-0.161,1.227,0.053
3058.93,-0.185,1.226,0.042
3059.11,-0.169,1.224,0.035
3059.29,-0.157,1.224,0.055
3059.47,-0.156,1.224,0.037
3059.66,-0.164,1.229,0.059
3059.84,-0.128,1.226,0.058
3060.2,-0.171,1.226,0.023
3060.2,-0.148,1.225,0.043
3060.38,-0.19,1.227,0.033
3060.57,-0.147,1.226,0.038
3060.75,-0.18,1.226,0.046
3060.93,-0.184,1.224,0.05
3061.11,-0.155,1.223,0.038
3061.3,-0.173,1.225,0.037
3061.48,-0.137,1.227,0.049
3061.66,-0.182,1.229,0.048
3061.84,-0.143,1.229,0.052
3062.2,-0.157,1.227,0.041
3062.21,-0.16,1.225,0.042
3062.39,-0.142,1.225,0.045
3062.57,-0.177,1.228,0.043
3062.75,-0.133,1.229,0.035
3062.94,-0.158,1.232,0.025
3063.12,-0.163,1.233,0.047
3063.3,-0.129,1.233,0.014
3063.48,-0.164,1.231,0.045
3063.66,-0.157,1.23,0.023
3063.85,-0.181,1.228,0.034
3064.3,-0.169,1.232,0.039
3064.21,-0.164,1.232,0.04
3064.39,-0.153,1.231,0.031
3064.58,-0.153,1.234,0.048
3064.76,-0.142,1.235,0.023
3064.94,-0.17,1.235,0.038
3065.12,-0.156,1.234,0.028
3065.31,-0.155,1.232,0.046
3065.49,-0.162,1.231,0.048
3065.67,-0.146,1.231,0.061
3065.85,-0.158,1.235,0.068
3066.3,-0.162,1.234,0.021
3066.22,-0.161,1.233,0.041
3066.4,-0.149,1.232,0.02
3066.58,-0.152,1.231,0.023
3066.76,-0.164,1.233,0.05
3066.95,-0.139,1.232,0.062
3067.13,-0.154,1.232,0.039
3067.31,-0.184,1.233,0.03
3067.49,-0.137,1.232,0.001
3067.67,-0.158,1.233,-0.02
3067.86,-0.134,1.235,-0.029
3068.4,-0.173,1.234,-0.0
3068.22,-0.148,1.235,-0.018
3068.4,-0.192,1.237,0.0
3068.59,-0.148,1.237,-0.038
3068.77,-0.162,1.236,-0.073
3072.6,-0.168,1.249,0.028
3072.78,-0.167,1.25,0.043
3072.96,-0.157,1.249,0.046
3073.14,-0.164,1.251,0.059
3073.33,-0.162,1.254,0.042
3073.51,-0.145,1.257,0.048
3073.69,-0.178,1.259,0.042
3073.87,-0.142,1.259,0.035
3074.5,-0.167,1.262,0.037
3074.24,-0.159,1.263,0.039
3074.42,-0.163,1.267,0.043
3074.6,-0.151,1.268,0.037
3074.78,-0.147,1.266,0.049
3074.97,-0.139,1.265,0.065
3075.15,-0.151,1.265,0.058
3075.33,-0.168,1.266,0.058
3075.51,-0.148,1.264,0.056
3075.69,-0.152,1.267,0.064
3075.88,-0.147,1.269,0.049
3076.6,-0.18,1.272,0.036
3076.24,-0.156,1.274,0.032
3076.42,-0.147,1.274,0.058
3076.61,-0.16,1.272,0.061
3076.79,-0.149,1.271,0.038
3076.97,-0.163,1.27,0.039
3077.15,-0.149,1.268,0.058
3077.34,-0.144,1.269,0.035
3077.52,-0.177,1.264,0.047
3077.7,-0.143,1.264,0.037
3077.88,-0.16,1.266,0.042
3078.6,-0.167,1.268,0.038
3078.25,-0.147,1.267,0.043
3078.43,-0.159,1.268,0.045
3078.61,-0.162,1.269,0.029
3078.79,-0.157,1.268,0.053
3078.98,-0.176,1.268,0.038
3079.16,-0.152,1.268,0.048
3079.34,-0.185,1.27,0.049
3079.52,-0.14,1.271,0.055
3079.71,-0.17,1.271,0.05
3079.89,-0.17,1.273,0.055
3080.7,-0.146,1.277,0.041
3080.25,-0.157,1.279,0.048
3080.43,-0.171,1.282,0.043
3080.62,-0.142,1.282,0.054
3080.8,-0.145,1.281,0.061
3080.98,-0.138,1.282,0.047
3081.16,-0.184,1.282,0.039
3081.35,-0.156,1.284,0.056
3081.53,-0.139,1.285,0.057
3081.71,-0.159,1.285,0.051
3081.89,-0.164,1.286,0.044
3082.7,-0.178,1.288,0.047
3082.26,-0.166,1.292,0.04
3082.44,-0.16,1.292,0.041
3082.62,-0.168,1.291,0.038
3082.8,-0.142,1.29,0.044
3082.99,-0.175,1.294,0.042
3083.17,-0.144,1.293,0.046
3083.35,-0.187,1.293,0.025
3083.53,-0.133,1.294,0.034
3083.72,-0.15,1.294,0.047
3083.9,-0.178,1.294,0.038
3084.8,-0.126,1.297,0.04
3085.36,-0.155,1.308,0.04
3085.54,-0.179,1.307,0.043
3085.72,-0.162,1.309,0.053
3085.9,-0.17,1.31,0.046
3086.8,-0.166,1.31,0.055
3086.27,-0.176,1.308,0.045
3086.45,-0.17,1.312,0.037
3086.63,-0.166,1.313,0.056
3086.81,-0.155,1.315,0.055
3087.0,-0.15,1.316,0.037
3087.18,-0.16,1.317,0.036
3087.36,-0.155,1.316,0.046
3087.54,-0.17,1.316,0.042
3087.72,-0.151,1.317,0.027
3087.91,-0.165,1.316,0.043
3088.9,-0.179,1.318,0.036
3088.27,-0.142,1.319,0.046
3088.45,-0.155,1.322,0.041
3088.64,-0.149,1.322,0.02
3088.82,-0.159,1.322,0.015
3089.0,-0.165,1.324,0.047
3089.18,-0.136,1.327,0.044
3089.36,-0.144,1.33,0.05
3089.55,-0.159,1.332,0.06
3089.73,-0.168,1.331,0.058
3089.91,-0.148,1.333,0.057
3090.9,-0.164,1.336,0.058
3090.28,-0.151,1.339,0.044
3090.46,-0.162,1.34,0.026
3090.64,-0.163,1.339,0.05
3090.82,-0.141,1.341,0.043
3091.0,-0.175,1.34,0.044
3091.19,-0.134,1.339,0.068
3091.37,-0.16,1.342,0.061
3091.55,-0.142,1.343,0.079
3091.73,-0.175,1.347,0.072
3091.92,-0.185,1.35,0.075
3092.1,-0.155,1.352,0.066
3092.28,-0.162,1.352,0.071
3092.46,-0.168,1.355,0.056
3092.65,-0.158,1.358,0.066
3092.83,-0.165,1.355,0.058
3093.1,-0.161,1.358,0.059
3093.19,-0.161,1.361,0.055
3093.37,-0.162,1.363,0.062
3093.56,-0.147,1.363,0.038
3093.74,-0.156,1.364,0.066
3093.92,-0.162,1.364,0.065
3094.1,-0.159,1.362,0.047
3094.29,-0.176,1.366,0.034
3094.47,-0.162,1.368,0.021
3094.65,-0.185,1.371,0.025
3094.83,-0.142,1.369,0.029
3095.1,-0.173,1.372,0.005
3095.2,-0.171,1.371,0.031
3095.38,-0.165,1.375,0.009
3095.56,-0.15,1.377,0.023
3095.74,-0.193,1.38,0.004
3095.93,-0.129,1.377,-0.023
3096.11,-0.181,1.375,-0.036
3096.29,-0.166,1.376,0.007
3096.47,-0.165,1.377,0.027
3096.65,-0.153,1.379,0.032
3096.84,-0.168,1.379,0.047
3097.2,-0.171,1.379,0.063
3097.2,-0.175,1.377,0.055
3097.38,-0.173,1.381,0.063
3097.57,-0.175,1.377,0.062
3097.75,-0.179,1.377,0.067
3097.93,-0.174,1.378,0.074
3098.11,-0.164,1.379,0.064
3098.29,-0.178,1.381,0.06
3098.48,-0.147,1.384,0.043
3098.66,-0.183,1.388,0.038
3098.84,-0.145,1.389,0.01
3099.2,-0.166,1.39,-0.024
3099.21,-0.162,1.391,-0.017
3099.39,-0.185,1.391,-0.009
3099.57,-0.15,1.392,0.031
3099.75,-0.171,1.394,0.051
3099.93,-0.147,1.395,0.061
3100.12,-0.181,1.398,0.074
3100.3,-0.155,1.402,0.066
3100.48,-0.176,1.404,0.065
3100.66,-0.146,1.404,0.079
3100.85,-0.175,1.407,0.063
3101.3,-0.154,1.408,0.076
3101.21,-0.175,1.409,0.057
3101.39,-0.152,1.41,0.072
3101.57,-0.19,1.409,0.072
3101.76,-0.144,1.412,0.053
3101.94,-0.168,1.412,0.06
3102.12,-0.17,1.415,0.067
3102.3,-0.172,1.414,0.061
3102.49,-0.159,1.411,0.07
3102.67,-0.156,1.411,0.076
3102.85,-0.15,1.411,0.092
3103.3,-0.184,1.412,0.058
3103.21,-0.17,1.413,0.055
3103.4,-0.176,1.415,0.074
3103.58,-0.124,1.415,0.058
3103.76,-0.169,1.417,0.066
3103.94,-0.132,1.417,0.068
3104.13,-0.162,1.42,0.091
3104.31,-0.164,1.42,0.088
3104.49,-0.137,1.422,0.072
3104.67,-0.151,1.419,0.082
3104.86,-0.147,1.418,0.073
3105.4,-0.162,1.419,0.074
3105.22,-0.146,1.419,0.068
3105.4,-0.153,1.418,0.073
3105.58,-0.154,1.416,0.078
3105.77,-0.138,1.418,0.063
3105.95,-0.158,1.419,0.061
3106.13,-0.138,1.419,0.066
3106.31,-0.142,1.421,0.068
3106.5,-0.146,1.423,0.059
3106.68,-0.158,1.426,0.038
3106.86,-0.138,1.427,0.044
3107.4,-0.155,1.429,0.051
3107.22,-0.139,1.427,0.041
3107.41,-0.161,1.429,0.049
3107.59,-0.157,1.43,0.062
3107.77,-0.164,1.433,0.047
3107.95,-0.159,1.434,0.046
3108.14,-0.168,1.434,0.017
3108.32,-0.167,1.431,0.022
3108.5,-0.176,1.433,0.003
3108.68,-0.163,1.432,0.016
3108.87,-0.157,1.434,0.011
3109.5,-0.17,1.437,0.041
3109.23,-0.157,1.437,0.055
3109.41,-0.162,1.437,0.073
3109.59,-0.151,1.439,0.045
3109.78,-0.166,1.443,0.044
3109.96,-0.145,1.446,0.057
3110.14,-0.163,1.449,0.054
3110.32,-0.157,1.453,0.067
3110.51,-0.161,1.454,0.047
3110.69,-0.164,1.457,0.061
3110.87,-0.153,1.458,0.06
3111.5,-0.152,1.459,0.069
3111.23,-0.166,1.457,0.05
3111.42,-0.162,1.459,0.069
3111.6,-0.157,1.459,0.056
3111.78,-0.161,1.456,0.053
3111.96,-0.168,1.458,0.059
3112.15,-0.167,1.457,0.07
3112.33,-0.181,1.458,0.067
3112.51,-0.16,1.459,0.011
3112.69,-0.156,1.461,-0.025
3112.88,-0.185,1.461,-0.069
3113.6,-0.153,1.462,-0.09
3113.24,-0.166,1.462,-0.089
3113.42,-0.161,1.463,-0.037
3113.6,-0.165,1.466,-0.002
3113.79,-0.173,1.47,0.029
3113.97,-0.168,1.472,0.047
3114.15,-0.159,1.471,0.069
3114.33,-0.157,1.47,0.075
3114.52,-0.171,1.474,0.076
3114.7,-0.158,1.474,0.061
3114.88,-0.168,1.476,0.067
3115.79,-0.155,1.485,0.052
3115.97,-0.168,1.486,0.072
3116.16,-0.152,1.488,0.069
3116.34,-0.18,1.49,0.062
3116.52,-0.176,1.492,0.059
3116.7,-0.144,1.494,0.08
3116.89,-0.167,1.496,0.087
3117.7,-0.151,1.496,0.079
3117.25,-0.176,1.497,0.078
3117.43,-0.15,1.498,0.092
3117.61,-0.162,1.497,0.074
3117.8,-0.169,1.498,0.09
3117.98,-0.17,1.499,0.1
3118.16,-0.161,1.501,0.087
3118.34,-0.17,1.505,0.054
3118.53,-0.164,1.51,0.071
3118.71,-0.145,1.514,0.069
3118.89,-0.166,1.516,0.048
3119.7,-0.158,1.516,0.071
3119.25,-0.168,1.516,0.076
3119.44,-0.162,1.52,0.052
3119.62,-0.169,1.521,0.064
3119.8,-0.173,1.521,0.063
3119.98,-0.173,1.519,0.047
3120.17,-0.175,1.518,0.09
3120.35,-0.132,1.521,0.083
3120.53,-0.184,1.523,0.06
3120.71,-0.174,1.521,0.079
3120.89,-0.148,1.52,0.049
3121.8,-0.171,1.521,0.062
3121.26,-0.164,1.522,0.065
3121.44,-0.182,1.523,0.039
3121.62,-0.155,1.522,0.06
3121.81,-0.182,1.526,0.054
3121.99,-0.16,1.528,0.061
3122.17,-0.185,1.53,0.049
3122.35,-0.162,1.531,0.05
3122.54,-0.153,1.53,0.058
3122.72,-0.157,1.534,0.037
3122.9,-0.161,1.533,0.052
3123.8,-0.169,1.535,0.044
3123.26,-0.176,1.535,0.065
3123.45,-0.17,1.535,0.041
3123.63,-0.172,1.539,0.045
3123.81,-0.164,1.54,0.076
3123.99,-0.154,1.543,0.041
3124.18,-0.144,1.545,0.057
3124.36,-0.173,1.544,0.043
3124.54,-0.165,1.544,0.045
3124.72,-0.178,1.545,0.042
3124.91,-0.158,1.545,0.04
3125.9,-0.17,1.547,0.052
3125.27,-0.147,1.547,0.049
3125.45,-0.171,1.548,0.051
3125.63,-0.163,1.551,0.066
3125.82,-0.175,1.553,0.054
3126.0,-0.161,1.552,0.056
3126.18,-0.173,1.557,0.078
3126.36,-0.169,1.56,0.07
3126.55,-0.166,1.562,0.084
3126.73,-0.157,1.563,0.075
3126.91,-0.176,1.563,0.065
3127.9,-0.172,1.562,0.071
3127.27,-0.171,1.56,0.026
3127.46,-0.156,1.561,0.026
3127.64,-0.164,1.561,0.063
3127.82,-0.165,1.563,0.083
3128.0,-0.164,1.564,0.054
3128.19,-0.169,1.564,0.041
3128.37,-0.153,1.566,0.061
3128.55,-0.164,1.571,0.045
3128.73,-0.175,1.573,0.058
3128.91,-0.16,1.575,0.071
3129.1,-0.165,1.574,0.074
3129.28,-0.155,1.573,0.06
3129.46,-0.149,1.573,0.058
3129.64,-0.165,1.574,0.066
3129.83,-0.166,1.575,0.045
3130.1,-0.151,1.574,0.055
3130.19,-0.169,1.574,0.04
3130.37,-0.149,1.576,0.037
3130.55,-0.156,1.575,0.028
3130.74,-0.158,1.578,0.017
3130.92,-0.175,1.577,0.026
3131.1,-0.173,1.58,0.014
3131.28,-0.154,1.579,0.033
3131.47,-0.15,1.583,0.028
3131.65,-0.165,1.584,0.034
3131.83,-0.154,1.587,0.059
3132.1,-0.157,1.588,0.046
3132.2,-0.165,1.591,0.045
3132.38,-0.157,1.596,0.042
3132.56,-0.16,1.596,0.042
3133.65,-0.162,1.6,0.034
3133.84,-0.148,1.6,0.031
3134.2,-0.155,1.601,0.038
3134.2,-0.166,1.606,0.057
3134.38,-0.156,1.606,0.044
3134.56,-0.165,1.607,0.043
3134.75,-0.18,1.606,0.077
3134.93,-0.143,1.605,0.058
3135.11,-0.186,1.604,0.071
3135.29,-0.15,1.603,0.061
3135.48,-0.173,1.602,0.039
3135.66,-0.172,1.602,0.045
3135.84,-0.15,1.601,0.046
3136.2,-0.163,1.603,0.043
3136.21,-0.167,1.604,0.055
3136.39,-0.156,1.603,0.039
3136.57,-0.175,1.606,0.055
3137.66,-0.169,1.61,0.056
3137.85,-0.153,1.609,0.055
3138.3,-0.187,1.61,0.05
3138.21,-0.142,1.606,0.05
3138.39,-0.178,1.605,0.044
3138.57,-0.157,1.608,0.06
3138.76,-0.16,1.608,0.034
3138.94,-0.155,1.607,0.011
3139.12,-0.16,1.609,0.031
3139.3,-0.17,1.609,0.052
3139.49,-0.164,1.61,0.042
3139.67,-0.157,1.609,0.04
3139.85,-0.136,1.611,0.062
3140.3,-0.178,1.613,0.045
3140.21,-0.147,1.614,0.039
3140.4,-0.159,1.617,0.062
3140.58,-0.159,1.619,0.063
3140.76,-0.122,1.619,0.071
3140.94,-0.156,1.619,0.042
3141.13,-0.166,1.619,0.045
3141.31,-0.155,1.622,0.051
3141.49,-0.145,1.619,0.058
3141.67,-0.18,1.618,0.027
3141.86,-0.154,1.616,0.063
3142.4,-0.183,1.619,0.041
3142.22,-0.161,1.62,0.063
3142.4,-0.151,1.621,0.074
3142.58,-0.184,1.622,0.057
3142.77,-0.134,1.621,0.067
3142.95,-0.188,1.62,0.058
3144.4,-0.165,1.632,0.072
3144.22,-0.146,1.632,0.057
3144.41,-0.148,1.629,0.06
3144.59,-0.177,1.63,0.078
3144.77,-0.158,1.63,0.053
3144.95,-0.156,1.629,0.064
3145.14,-0.155,1.63,0.058
3145.32,-0.169,1.632,0.049
3145.5,-0.172,1.63,0.057
3145.68,-0.163,1.63,0.05
3145.87,-0.157,1.628,0.035
3146.5,-0.161,1.627,0.059
3146.23,-0.127,1.625,0.058
3146.41,-0.153,1.624,0.046
3146.59,-0.147,1.624,0.068
3146.78,-0.168,1.623,0.054
3146.96,-0.152,1.623,0.05
3147.14,-0.138,1.624,0.057
3147.32,-0.174,1.623,0.047
3147.51,-0.162,1.622,0.045
3147.69,-0.161,1.621,0.027
3147.87,-0.168,1.622,0.032
3148.5,-0.174,1.625,0.075
3148.23,-0.109,1.625,0.043
3148.42,-0.205,1.625,0.046
3148.6,-0.134,1.625,0.074
3148.78,-0.178,1.627,0.048
3148.96,-0.141,1.628,0.064
3149.15,-0.214,1.63,0.03
3149.33,-0.136,1.63,0.059
3149.51,-0.146,1.626,0.043
3149.69,-0.181,1.629,0.064
3149.88,-0.115,1.626,0.063
3150.6,-0.199,1.627,0.042
3150.24,-0.135,1.628,0.043
3150.42,-0.16,1.626,0.075
3150.6,-0.178,1.63,0.052
3150.79,-0.16,1.626,0.053
3150.97,-0.185,1.622,0.029
3151.15,-0.122,1.62,0.041
3151.33,-0.192,1.622,0.043
3151.52,-0.176,1.625,0.037
3151.7,-0.128,1.62,0.048
3151.88,-0.216,1.62,0.028
3152.6,-0.101,1.617,0.054
3152.24,-0.192,1.619,0.031
3152.43,-0.101,1.617,0.064
3152.61,-0.2,1.62,0.043
3152.79,-0.114,1.618,0.06
3152.97,-0.206,1.618,0.058
3153.16,-0.102,1.619,0.06
3153.34,-0.189,1.621,0.053
3153.52,-0.176,1.621,0.059
3153.7,-0.141,1.622,0.059
3153.89,-0.196,1.625,0.038
3154.7,-0.125,1.628,0.049
3154.25,-0.181,1.627,0.028
3154.43,-0.132,1.625,0.04
3154.61,-0.202,1.625,0.033
3154.8,-0.13,1.628,0.046
3154.98,-0.179,1.629,0.056
3155.16,-0.159,1.633,0.021
3155.34,-0.133,1.632,0.047
3155.53,-0.168,1.632,0.039
3155.71,-0.114,1.63,0.055
3155.89,-0.17,1.631,0.05
3156.7,-0.138,1.633,0.041
3156.25,-0.154,1.627,0.043
3156.44,-0.165,1.628,0.055
3156.62,-0.143,1.63,0.052
3156.8,-0.148,1.634,0.045
3156.98,-0.139,1.631,0.052
3157.17,-0.157,1.631,0.057
3157.35,-0.164,1.631,0.065
3157.53,-0.149,1.632,0.046
3157.71,-0.159,1.633,0.062
3157.9,-0.158,1.633,0.056
3158.8,-0.16,1.633,0.051
3158.26,-0.183,1.635,0.057
3158.44,-0.162,1.634,0.055
3158.62,-0.168,1.634,0.053
3158.81,-0.14,1.635,0.048
3158.99,-0.167,1.634,0.049
3159.17,-0.16,1.634,0.051
3159.35,-0.149,1.635,0.044
3159.54,-0.161,1.634,0.052
3159.72,-0.138,1.634,0.061
3159.9,-0.176,1.638,0.058
3160.8,-0.149,1.639,0.055
3160.26,-0.16,1.638,0.059
3160.45,-0.153,1.637,0.051
3160.63,-0.156,1.64,0.054
3160.81,-0.151,1.639,0.046
3160.99,-0.15,1.643,0.033
3161.18,-0.159,1.644,0.045
3161.36,-0.176,1.646,0.068
3161.54,-0.173,1.647,0.056
3161.72,-0.164,1.648,0.058
3161.9,-0.161,1.647,0.054
3162.9,-0.171,1.644,0.045
3162.27,-0.165,1.645,0.054
3162.45,-0.153,1.645,0.044
3162.63,-0.174,1.645,0.029
3162.82,-0.161,1.65,0.054
3163.0,-0.157,1.65,0.039
3163.18,-0.161,1.653,0.046
3163.36,-0.167,1.655,0.038
3163.55,-0.171,1.657,0.05
3163.73,-0.153,1.66,0.05
3163.91,-0.155,1.661,0.053
3164.9,-0.169,1.66,0.05
3164.27,-0.156,1.662,0.057
3164.46,-0.155,1.66,0.028
3164.64,-0.164,1.661,0.038
3164.82,-0.143,1.662,0.036
3165.0,-0.176,1.663,0.039
3165.19,-0.163,1.668,0.034
3165.37,-0.165,1.668,0.027
3165.55,-0.164,1.671,0.021
3165.73,-0.15,1.67,0.049
3165.91,-0.173,1.669,0.054
3166.1,-0.152,1.668,0.077
3166.28,-0.144,1.667,0.063
3166.46,-0.149,1.666,0.056
3166.64,-0.16,1.668,0.064
3166.83,-0.162,1.667,0.048
3167.1,-0.163,1.667,0.052
3167.19,-0.166,1.669,0.057
3167.37,-0.151,1.671,0.041
3167.55,-0.137,1.671,0.063
3167.74,-0.163,1.673,0.058
3167.92,-0.174,1.669,0.059
3168.1,-0.158,1.667,0.036
3168.28,-0.154,1.669,0.052
3168.47,-0.178,1.672,0.048
3168.65,-0.156,1.672,0.045
3168.83,-0.141,1.671,0.03
3169.1,-0.163,1.673,0.048
3169.2,-0.163,1.674,0.035
3169.38,-0.156,1.675,0.041
3169.56,-0.16,1.677,0.05
3169.74,-0.165,1.679,0.042
3169.92,-0.152,1.679,0.059
3170.11,-0.144,1.678,0.042
3170.29,-0.168,1.675,0.017
3171.93,-0.156,1.674,0.04
3172.11,-0.149,1.677,0.041
3172.29,-0.149,1.677,0.044
3172.48,-0.165,1.679,0.041
3172.66,-0.149,1.679,0.042
3172.84,-0.155,1.68,0.056
3173.2,-0.133,1.678,0.054
3173.21,-0.149,1.676,0.054
3173.39,-0.179,1.676,0.038
3173.57,-0.15,1.674,0.041
3173.75,-0.175,1.677,0.046
3173.93,-0.172,1.679,0.046
3174.12,-0.166,1.677,0.053
3174.3,-0.168,1.677,0.049
3174.48,-0.157,1.677,0.047
3174.66,-0.153,1.679,0.042
3174.85,-0.157,1.683,0.078
3175.3,-0.142,1.685,0.055
3175.21,-0.156,1.687,0.045
3175.39,-0.141,1.686,0.06
3175.57,-0.16,1.689,0.056
3175.76,-0.174,1.69,0.051
3175.94,-0.15,1.695,0.079
3177.3,-0.164,1.689,0.045
3177.22,-0.139,1.69,0.05
3177.4,-0.176,1.693,0.046
3177.58,-0.16,1.695,0.054
3177.76,-0.181,1.698,0.035
3177.94,-0.157,1.695,0.032
3178.13,-0.16,1.696,0.041
3178.31,-0.141,1.699,0.023
3178.49,-0.172,1.695,0.044
3178.67,-0.125,1.697,0.039
3184.87,-0.17,1.716,0.005
3185.5,-0.141,1.715,0.028
3185.23,-0.171,1.716,0.006
3185.42,-0.147,1.717,0.028
3185.6,-0.17,1.721,0.055
3185.78,-0.169,1.722,0.045
3185.96,-0.155,1.722,0.041
3186.15,-0.144,1.725,0.036
3186.33,-0.146,1.724,0.072
3186.51,-0.152,1.728,0.003
3186.69,-0.142,1.735,0.038
3186.87,-0.161,1.738,0.005
3187.6,-0.142,1.739,0.023
3187.24,-0.181,1.739,0.051
3187.42,-0.14,1.741,0.044
3187.6,-0.173,1.741,0.042
3187.79,-0.151,1.741,0.031
3187.97,-0.162,1.742,0.04
3188.15,-0.136,1.746,0.03
3188.33,-0.166,1.747,0.051
3188.52,-0.145,1.746,0.055
3188.7,-0.154,1.744,0.045
3188.88,-0.153,1.744,0.042
3189.6,-0.166,1.747,0.046
3189.24,-0.161,1.751,0.049
3189.43,-0.161,1.75,0.056
3189.61,-0.162,1.753,0.041
3189.79,-0.163,1.754,0.042
3189.97,-0.138,1.756,0.031
3190.16,-0.161,1.757,0.063
3190.34,-0.154,1.758,0.049
3190.52,-0.165,1.758,-0.001
3190.7,-0.147,1.756,0.024
3190.88,-0.163,1.757,0.018
3191.7,-0.142,1.76,0.024
3191.25,-0.157,1.757,0.025
3192.89,-0.164,1.759,0.036
3193.7,-0.154,1.76,0.042
3193.25,-0.151,1.758,0.043
3193.44,-0.154,1.756,0.046
3193.62,-0.156,1.757,0.06
3193.8,-0.168,1.761,0.064
3193.98,-0.157,1.763,0.066
3194.17,-0.153,1.765,0.057
3194.35,-0.155,1.765,0.026
3194.53,-0.146,1.763,0.023
3194.71,-0.142,1.764,0.058
3194.89,-0.153,1.766,0.077
3195.8,-0.159,1.766,0.07
3195.26,-0.156,1.765,0.058
3195.44,-0.163,1.768,0.038
3195.62,-0.161,1.77,0.046
3195.81,-0.147,1.769,0.031
3195.99,-0.136,1.771,0.043
3196.17,-0.152,1.77,0.059
3196.35,-0.162,1.771,0.044
3196.53,-0.172,1.771,0.049
3196.72,-0.142,1.774,0.061
3196.9,-0.171,1.773,0.054
3197.8,-0.153,1.777,0.062
3197.26,-0.158,1.779,0.055
3197.45,-0.16,1.78,0.068
3197.63,-0.157,1.784,0.058
3197.81,-0.148,1.786,0.045
3197.99,-0.156,1.786,0.068
3198.18,-0.151,1.784,0.045
3198.36,-0.167,1.785,0.02
3198.54,-0.159,1.787,0.04
3198.72,-0.158,1.786,0.069
3198.9,-0.166,1.787,0.058
3199.9,-0.13,1.789,0.074
3199.27,-0.161,1.789,0.071
3199.45,-0.158,1.787,0.08
3199.63,-0.155,1.783,0.058
3199.82,-0.167,1.783,0.08
3200.0,-0.177,1.785,0.066
3200.18,-0.174,1.784,0.066
3200.36,-0.152,1.785,0.059
3200.54,-0.155,1.789,0.042
3200.73,-0.15,1.788,0.071
3200.91,-0.161,1.789,0.096
3201.9,-0.128,1.788,0.104
3201.27,-0.167,1.79,0.081
3201.46,-0.161,1.79,0.084
3201.64,-0.162,1.789,0.07
3201.82,-0.178,1.793,0.089
3202.0,-0.138,1.791,0.086
3202.18,-0.169,1.792,0.095
3203.46,-0.16,1.793,0.09
3203.64,-0.168,1.796,0.087
3203.82,-0.166,1.797,0.08
3204.1,-0.164,1.796,0.069
3204.19,-0.145,1.799,0.053
3204.37,-0.173,1.801,0.073
3204.55,-0.157,1.802,0.087
3204.74,-0.152,1.802,0.089
3204.92,-0.145,1.804,0.069
3205.1,-0.135,1.804,0.081
3205.28,-0.163,1.806,0.064
3205.46,-0.16,1.807,0.038
3205.65,-0.15,1.808,0.038
3205.83,-0.147,1.808,0.053
3206.1,-0.15,1.808,0.05
3206.19,-0.154,1.808,0.058
3206.38,-0.142,1.807,0.05
3206.56,-0.184,1.808,0.063
3206.74,-0.166,1.805,0.049
3206.92,-0.166,1.807,0.056
3207.1,-0.15,1.811,0.046
3207.29,-0.144,1.812,0.064
3207.47,-0.172,1.815,0.05
3207.65,-0.162,1.815,0.061
3207.83,-0.164,1.818,0.037
3208.2,-0.157,1.819,0.042
3208.2,-0.16,1.816,0.039
3208.38,-0.146,1.817,0.043
3208.56,-0.159,1.82,0.034
3208.74,-0.152,1.819,0.042
3208.93,-0.142,1.818,0.039
3209.11,-0.158,1.819,0.034
3209.29,-0.175,1.821,0.026
3209.47,-0.13,1.82,0.038
3209.66,-0.162,1.824,0.034
3209.84,-0.134,1.826,0.037
3210.2,-0.154,1.828,0.024
3210.2,-0.124,1.829,0.044
3210.38,-0.166,1.83,0.001
3210.57,-0.123,1.828,0.015
3210.75,-0.192,1.834,0.0
3210.93,-0.143,1.834,0.047
3211.11,-0.179,1.835,0.059
3211.3,-0.15,1.837,0.052
3211.48,-0.154,1.838,0.075
3211.66,-0.146,1.839,0.067
3211.84,-0.165,1.84,0.083
3212.2,-0.146,1.843,0.078
3212.21,-0.165,1.845,0.07
3212.39,-0.159,1.846,0.053
3212.57,-0.136,1.845,0.037
3212.75,-0.169,1.843,0.03
3213.85,-0.164,1.848,0.086
3214.3,-0.132,1.846,0.115
3214.21,-0.19,1.85,0.093
3214.39,-0.102,1.85,0.09
3214.58,-0.189,1.854,0.071
3214.76,-0.119,1.854,0.067
3214.94,-0.15,1.854,0.074
3215.12,-0.15,1.857,0.069
3215.31,-0.142,1.858,0.054
3215.49,-0.164,1.863,0.038
3215.67,-0.14,1.861,0.057
3221.87,-0.176,1.885,0.018
3222.5,-0.157,1.886,0.021
3222.23,-0.175,1.891,-0.005
3222.41,-0.16,1.894,0.006
3222.6,-0.158,1.894,0.03
3222.78,-0.147,1.894,0.06
3222.96,-0.155,1.894,0.054
3223.14,-0.156,1.895,0.038
3223.32,-0.148,1.896,0.059
3223.51,-0.171,1.897,0.035
3223.69,-0.159,1.898,0.019
3223.87,-0.148,1.901,0.007
3224.5,-0.148,1.904,0.048
3224.24,-0.144,1.902,0.043
3224.42,-0.148,1.903,0.033
3224.6,-0.141,1.904,0.015
3225.33,-0.146,1.909,0.025
3225.51,-0.161,1.91,0.034
3225.69,-0.162,1.908,0.045
3225.88,-0.138,1.911,0.048
3226.6,-0.141,1.91,0.067
3226.24,-0.148,1.909,0.06
3226.42,-0.165,1.909,0.045
3226.61,-0.163,1.91,0.034
3226.79,-0.147,1.912,0.043
3226.97,-0.163,1.914,0.019
3227.15,-0.137,1.916,0.024
3227.33,-0.157,1.918,0.002
3227.52,-0.142,1.917,0.001
3227.7,-0.141,1.913,0.018
3227.88,-0.153,1.912,0.044
3228.6,-0.165,1.913,0.042
3228.25,-0.157,1.917,0.07
3228.43,-0.135,1.916,0.069
3228.61,-0.154,1.917,0.072
3228.79,-0.15,1.917,0.096
3228.97,-0.161,1.92,0.09
3229.16,-0.141,1.919,0.073
3229.34,-0.175,1.923,0.078
3229.52,-0.13,1.924,0.065
3229.7,-0.159,1.923,0.05
3229.89,-0.144,1.924,0.039
3230.7,-0.152,1.926,0.043
3230.25,-0.165,1.932,0.046
3230.43,-0.143,1.933,0.048
3230.62,-0.123,1.932,0.05
3230.8,-0.155,1.93,0.04
3230.98,-0.154,1.933,0.028
3232.8,-0.161,1.941,-0.006
3232.98,-0.157,1.942,0.021
3233.17,-0.132,1.943,0.016
3233.35,-0.16,1.945,0.024
3233.53,-0.163,1.945,0.002
3233.71,-0.142,1.944,0.023
3233.9,-0.154,1.944,0.027
3234.8,-0.165,1.944,0.038
3234.26,-0.158,1.945,0.039
3234.44,-0.164,1.946,0.067
3234.62,-0.168,1.942,0.062
3234.81,-0.155,1.944,0.059
3234.99,-0.147,1.945,0.046
3235.17,-0.151,1.948,0.063
3235.35,-0.153,1.949,0.06
3235.9,-0.17,1.955,0.049
3236.8,-0.153,1.957,0.041
3236.27,-0.167,1.956,0.043
3236.45,-0.124,1.958,0.016
3236.63,-0.176,1.96,0.038
3236.81,-0.16,1.963,0.036
3236.99,-0.152,1.965,0.039
3237.18,-0.16,1.965,0.029
3237.36,-0.156,1.966,0.034
3237.54,-0.149,1.97,0.033
3237.72,-0.151,1.973,0.013
3237.91,-0.149,1.975,0.029
3238.9,-0.149,1.978,0.019
3238.27,-0.162,1.98,0.008
3238.45,-0.165,1.982,-0.004
3239.73,-0.151,1.992,0.036
3239.91,-0.148,1.992,0.037
3240.9,-0.168,1.994,0.038
3240.28,-0.141,1.996,0.045
3240.46,-0.175,1.996,0.024
3240.64,-0.158,1.995,0.041
3240.82,-0.16,1.996,0.044
3241.0,-0.142,1.999,0.035
3241.19,-0.173,1.999,0.032
3241.37,-0.151,2.002,0.007
3241.55,-0.155,2.001,0.019
3241.73,-0.138,2.003,0.036
3241.92,-0.142,2.002,0.044
3242.1,-0.16,2.005,0.043
3242.28,-0.145,2.006,0.058
3242.46,-0.161,2.005,0.062
3242.64,-0.157,2.006,0.047
3242.83,-0.14,2.011,0.067
3243.1,-0.146,2.012,0.064
3243.19,-0.178,2.01,0.059
3243.37,-0.157,2.009,0.057
3243.56,-0.161,2.013,0.068
3243.74,-0.119,2.016,0.054
3243.92,-0.158,2.019,0.046
3244.1,-0.152,2.019,0.056
3244.29,-0.136,2.019,0.058
3244.47,-0.155,2.019,0.054
3244.65,-0.162,2.018,0.058
3244.83,-0.155,2.019,0.045
3245.1,-0.147,2.021,0.05
3245.2,-0.165,2.023,0.056
3245.38,-0.136,2.026,0.051
3245.56,-0.138,2.027,0.052
3245.74,-0.161,2.027,0.047
3245.93,-0.156,2.028,0.058
3246.11,-0.151,2.03,0.068
3246.29,-0.167,2.029,0.053
3246.47,-0.144,2.03,0.053
3246.65,-0.145,2.03,0.053
3246.84,-0.161,2.032,0.064
3247.2,-0.143,2.034,0.065
3247.93,-0.15,2.035,0.056
3248.11,-0.161,2.032,0.064
3248.3,-0.152,2.029,0.069
3248.48,-0.174,2.031,0.064
3248.66,-0.155,2.035,0.073
3248.84,-0.162,2.034,0.08
3249.2,-0.158,2.035,0.085
3249.21,-0.159,2.036,0.083
3249.39,-0.153,2.035,0.081
3249.57,-0.155,2.035,0.083
3249.75,-0.156,2.039,0.092
3249.94,-0.148,2.039,0.096
3250.12,-0.158,2.042,0.085
3250.3,-0.156,2.043,0.087
3250.48,-0.168,2.044,0.082
3250.66,-0.146,2.043,0.083
3250.85,-0.166,2.044,0.067
3251.3,-0.143,2.044,0.062
3251.21,-0.138,2.043,0.06
3251.39,-0.16,2.046,0.056
3251.58,-0.138,2.048,0.064
3251.76,-0.168,2.05,0.053
3251.94,-0.142,2.05,0.051
3252.12,-0.156,2.051,0.06
3252.31,-0.135,2.049,0.068
3252.49,-0.162,2.049,0.073
3252.67,-0.17,2.052,0.048
3252.85,-0.14,2.055,0.045
3253.3,-0.14,2.054,0.057
3253.22,-0.178,2.056,0.048
3253.4,-0.151,2.055,0.046
3253.58,-0.157,2.056,0.055
3253.76,-0.161,2.057,0.063
3253.95,-0.148,2.056,0.053
3254.13,-0.163,2.057,0.062
3254.31,-0.148,2.057,0.055
3254.49,-0.158,2.054,0.059
3254.67,-0.162,2.055,0.073
3254.86,-0.141,2.055,0.06
3255.4,-0.168,2.054,0.068
3255.22,-0.142,2.058,0.047
3259.6,-0.168,2.071,0.081
3259.78,-0.156,2.071,0.083
3259.96,-0.168,2.075,0.071
3260.14,-0.131,2.074,0.074
3260.32,-0.146,2.074,0.069
3260.51,-0.157,2.073,0.082
3260.69,-0.162,2.071,0.086
3260.87,-0.155,2.074,0.082
3261.5,-0.155,2.074,0.08
3261.24,-0.148,2.074,0.075
3261.42,-0.162,2.074,0.073
3261.6,-0.158,2.076,0.081
3261.78,-0.138,2.076,0.094
3261.96,-0.148,2.075,0.062
3262.15,-0.152,2.074,0.071
3262.33,-0.154,2.074,0.075
3262.51,-0.138,2.073,0.08
3262.69,-0.163,2.075,0.068
3262.88,-0.148,2.075,0.083
3263.6,-0.15,2.076,0.081
3263.24,-0.17,2.076,0.081
3263.42,-0.134,2.075,0.066
3263.61,-0.145,2.073,0.078
3263.79,-0.146,2.071,0.057
3263.97,-0.124,2.073,0.081
3264.15,-0.134,2.071,0.056
3264.33,-0.153,2.073,0.069
3264.52,-0.155,2.075,0.052
3264.7,-0.15,2.075,0.086
3264.88,-0.163,2.076,0.064
3265.6,-0.148,2.077,0.077
3265.25,-0.161,2.078,0.077
3265.43,-0.116,2.076,0.077
3265.61,-0.148,2.074,0.06
3265.79,-0.136,2.075,0.062
3265.98,-0.148,2.076,0.088
3266.16,-0.146,2.076,0.079
3266.34,-0.15,2.076,0.076
3266.52,-0.162,2.077,0.075
3266.7,-0.15,2.078,0.06
3266.89,-0.154,2.078,0.087
3267.7,-0.15,2.078,0.072
3267.25,-0.162,2.077,0.055
3267.43,-0.152,2.079,0.057
3267.62,-0.153,2.081,0.066
3267.8,-0.162,2.084,0.058
3267.98,-0.157,2.082,0.063
3268.16,-0.16,2.083,0.059
3268.34,-0.145,2.085,0.056
3268.53,-0.162,2.087,0.058
3268.71,-0.144,2.087,0.057
3268.89,-0.174,2.089,0.049
3269.7,-0.159,2.09,0.052
3269.26,-0.163,2.091,0.06
3269.44,-0.163,2.093,0.049
3269.62,-0.14,2.096,0.053
3269.8,-0.166,2.095,0.056
3269.98,-0.137,2.098,0.062
3270.17,-0.152,2.095,0.063
3270.35,-0.179,2.096,0.058
3270.53,-0.137,2.098,0.051
3270.71,-0.168,2.097,0.055
3270.9,-0.158,2.096,0.056
3271.8,-0.152,2.096,0.067
3271.26,-0.163,2.098,0.051
3271.44,-0.162,2.098,0.051
3271.63,-0.151,2.102,0.052
3271.81,-0.15,2.106,0.051
3271.99,-0.157,2.112,0.071
3272.17,-0.158,2.115,0.067
3272.35,-0.151,2.117,0.062
3272.54,-0.148,2.118,0.069
3272.72,-0.163,2.12,0.07
3272.9,-0.141,2.122,0.051
3273.8,-0.162,2.125,0.045
3273.27,-0.17,2.128,0.052
3273.45,-0.148,2.128,0.047
3273.63,-0.154,2.126,0.055
3273.81,-0.167,2.126,0.039
3273.99,-0.146,2.129,0.051
3274.18,-0.149,2.133,0.058
3274.36,-0.116,2.132,0.067
3274.54,-0.175,2.132,0.077
3274.72,-0.132,2.132,0.103
3274.91,-0.211,2.131,0.078
3275.9,-0.14,2.129,0.065
3275.27,-0.16,2.132,0.035
3275.45,-0.17,2.134,0.025
3275.63,-0.149,2.134,0.011
3275.82,-0.157,2.136,-0.014
3276.0,-0.135,2.141,0.015
3276.18,-0.166,2.145,0.024
3276.36,-0.152,2.146,0.03
3276.55,-0.141,2.146,0.022
3276.73,-0.161,2.146,0.057
3276.91,-0.156,2.149,0.072
3277.9,-0.133,2.149,0.066
3277.27,-0.16,2.151,0.061
3277.46,-0.17,2.151,0.053
3278.37,-0.158,2.16,0.058
3278.55,-0.158,2.159,0.047
3278.73,-0.182,2.16,0.04
3278.91,-0.138,2.161,0.041
3279.1,-0.18,2.163,0.053
3279.28,-0.139,2.167,0.053
3279.46,-0.165,2.167,0.071
3279.64,-0.172,2.171,0.073
3279.83,-0.171,2.175,0.089
3280.1,-0.156,2.179,0.077
3286.2,-0.149,2.232,0.076
3286.39,-0.159,2.231,0.065
3286.57,-0.148,2.226,0.06
3286.75,-0.192,2.229,0.052
3286.93,-0.131,2.227,0.056
3287.12,-0.18,2.227,0.045
3287.3,-0.148,2.225,0.045
3287.48,-0.154,2.226,0.06
3287.66,-0.154,2.226,0.069
3287.85,-0.16,2.226,0.039
3288.3,-0.148,2.222,0.049
3288.21,-0.154,2.226,0.042
3288.39,-0.165,2.223,0.053
3288.57,-0.15,2.222,0.057
3288.76,-0.152,2.219,0.047
3288.94,-0.153,2.22,0.048
3289.12,-0.13,2.217,0.062
3289.3,-0.178,2.218,0.066
3289.49,-0.123,2.217,0.066
3289.67,-0.154,2.218,0.067
3289.85,-0.136,2.22,0.063
3290.3,-0.179,2.225,0.063
3290.21,-0.127,2.222,0.077
3290.4,-0.185,2.223,0.053
3290.58,-0.123,2.224,0.064
3290.76,-0.192,2.223,0.065
3290.94,-0.14,2.227,0.053
3291.13,-0.154,2.224,0.077
3291.31,-0.176,2.229,0.076
3291.49,-0.105,2.232,0.077
3291.67,-0.191,2.229,0.074
3291.86,-0.158,2.23,0.06
3292.4,-0.135,2.228,0.074
3292.22,-0.175,2.228,0.058
3292.4,-0.146,2.224,0.062
3292.58,-0.164,2.227,0.064
3292.77,-0.121,2.224,0.063
3292.95,-0.185,2.227,0.037
3293.13,-0.115,2.226,0.061
3293.31,-0.187,2.226,0.059
3293.5,-0.108,2.227,0.058
3293.68,-0.172,2.224,0.077
3293.86,-0.15,2.227,0.054
3294.4,-0.138,2.225,0.067
3294.22,-0.169,2.227,0.054
3294.41,-0.135,2.226,0.042
3294.59,-0.153,2.23,0.063
3294.77,-0.14,2.23,0.062
3294.95,-0.167,2.233,0.05
3295.14,-0.152,2.234,0.057
3295.32,-0.153,2.237,0.055
3295.5,-0.153,2.237,0.074
3295.68,-0.176,2.238,0.058
3295.87,-0.148,2.239,0.063
3296.5,-0.164,2.241,0.056
3296.23,-0.144,2.242,0.054
3296.41,-0.154,2.245,0.063
3296.59,-0.155,2.246,0.072
3296.78,-0.142,2.244,0.06
3296.96,-0.141,2.248,0.056
3297.14,-0.156,2.25,0.061
3298.23,-0.174,2.256,0.081
3298.42,-0.153,2.253,0.065
3298.6,-0.159,2.255,0.07
3298.78,-0.127,2.257,0.058
3298.96,-0.168,2.258,0.066
3299.15,-0.152,2.261,0.047
3299.33,-0.144,2.259,0.049
3299.51,-0.166,2.261,0.043
3299.69,-0.16,2.261,0.051
3299.87,-0.144,2.263,0.033
3300.6,-0.155,2.264,0.017
3300.24,-0.16,2.266,0.017
3300.42,-0.167,2.266,0.016
3300.6,-0.146,2.268,0.024
3300.79,-0.159,2.268,0.073
3300.97,-0.155,2.272,0.06
3301.15,-0.148,2.273,0.068
3301.33,-0.15,2.27,0.07
3301.52,-0.161,2.271,0.073
3301.7,-0.153,2.275,0.07
3301.88,-0.156,2.276,0.053
3302.6,-0.154,2.277,0.067
3302.24,-0.144,2.279,0.048
3302.43,-0.16,2.282,0.059
3302.61,-0.146,2.283,0.045
3302.79,-0.149,2.283,0.062
3302.97,-0.144,2.282,0.057
3303.16,-0.176,2.282,0.061
3303.34,-0.148,2.279,0.052
3303.52,-0.153,2.279,0.069
3304.25,-0.138,2.276,0.063
3304.43,-0.163,2.279,0.061
3304.61,-0.163,2.281,0.069
3304.8,-0.158,2.283,0.077
3304.98,-0.149,2.284,0.075
3305.16,-0.157,2.284,0.06
3305.34,-0.142,2.282,0.065
3305.53,-0.154,2.281,0.048
3305.71,-0.156,2.283,0.043
3305.89,-0.158,2.284,0.061
3311.36,-0.153,2.322,0.079
3311.54,-0.144,2.321,0.066
3311.72,-0.14,2.321,0.071
3311.9,-0.16,2.32,0.068
3312.9,-0.142,2.322,0.073
3312.27,-0.15,2.321,0.065
3312.45,-0.175,2.321,0.072
3312.63,-0.14,2.32,0.062
3312.82,-0.16,2.32,0.057
3313.0,-0.142,2.32,0.058
3313.18,-0.158,2.32,0.061
3313.36,-0.168,2.32,0.082
3313.54,-0.169,2.319,0.072
3313.73,-0.147,2.319,0.084
3313.91,-0.141,2.322,0.072
3314.9,-0.172,2.321,0.091
3314.27,-0.151,2.324,0.094
3314.46,-0.165,2.324,0.089
3314.64,-0.153,2.323,0.094
3314.82,-0.163,2.323,0.07
3315.0,-0.146,2.321,0.08
3315.18,-0.15,2.32,0.069
3315.37,-0.156,2.32,0.064
3315.55,-0.14,2.322,0.051
3315.73,-0.158,2.321,0.054
3315.91,-0.155,2.32,0.059
3316.1,-0.153,2.32,0.058
3316.28,-0.157,2.323,0.052
3316.46,-0.148,2.325,0.05
3316.64,-0.144,2.324,0.068
3316.83,-0.158,2.325,0.048
3317.1,-0.164,2.325,0.042
3317.19,-0.159,2.324,0.063
3317.37,-0.145,2.321,0.038
3317.55,-0.16,2.317,0.019
3317.74,-0.153,2.315,-0.029
3317.92,-0.155,2.316,-0.042
3319.19,-0.157,2.318,0.01
3319.38,-0.16,2.318,0.005
3319.56,-0.151,2.317,0.014
3319.74,-0.161,2.318,0.048
3319.92,-0.159,2.32,0.051
3320.11,-0.148,2.319,0.065
3320.29,-0.146,2.317,0.075
3320.47,-0.158,2.315,0.076
3320.65,-0.15,2.315,0.08
3320.83,-0.15,2.313,0.075
3321.2,-0.165,2.315,0.074
3326.49,-0.136,2.346,0.07
3326.67,-0.153,2.348,0.053
3326.85,-0.136,2.345,0.07
3327.3,-0.158,2.349,0.082
3327.21,-0.15,2.35,0.06
3327.4,-0.172,2.35,0.079
3327.58,-0.158,2.351,0.056
3327.76,-0.14,2.352,0.07
3327.94,-0.148,2.352,0.063
3328.13,-0.14,2.352,0.038
3328.31,-0.138,2.355,0.024
3328.49,-0.165,2.356,0.035
3328.67,-0.152,2.358,0.037
3328.85,-0.156,2.358,0.051
3329.4,-0.145,2.36,0.053
3329.22,-0.151,2.36,0.075
3329.4,-0.166,2.359,0.066
3329.58,-0.176,2.36,0.07
3329.77,-0.149,2.361,0.057
3329.95,-0.16,2.359,0.058
3330.13,-0.176,2.36,0.048
3330.31,-0.156,2.358,0.044
3330.49,-0.15,2.358,0.043
3330.68,-0.173,2.359,0.04
3330.86,-0.145,2.362,0.036
3331.4,-0.158,2.363,0.018
3331.22,-0.143,2.364,-0.008
3331.41,-0.16,2.366,-0.009
3331.59,-0.179,2.366,-0.028
3331.77,-0.167,2.367,-0.038
3331.95,-0.159,2.364,-0.059
3332.13,-0.168,2.368,-0.052
3332.32,-0.152,2.368,-0.045
3332.5,-0.152,2.367,-0.032
3332.68,-0.161,2.37,-0.011
3332.86,-0.142,2.37,0.002
3333.5,-0.135,2.368,0.02
3333.23,-0.157,2.37,0.032
3333.41,-0.141,2.37,0.032
3333.59,-0.14,2.37,0.043
3333.77,-0.156,2.371,0.042
3333.96,-0.154,2.373,0.042
3334.14,-0.169,2.376,0.04
3334.32,-0.143,2.374,0.041
3334.5,-0.149,2.374,0.041
3334.69,-0.144,2.375,0.064
3334.87,-0.164,2.38,0.058
3335.5,-0.135,2.382,0.057
3335.23,-0.141,2.38,0.043
3335.42,-0.162,2.383,0.052
3335.6,-0.16,2.384,0.064
3335.78,-0.153,2.384,0.064
3335.96,-0.174,2.383,0.07
3336.14,-0.17,2.382,0.051
3336.33,-0.16,2.384,0.057
3336.51,-0.165,2.387,0.047
3336.69,-0.141,2.387,0.065
3336.87,-0.153,2.383,0.054
3337.6,-0.158,2.382,0.07
3337.24,-0.143,2.382,0.069
3337.42,-0.167,2.382,0.056
3337.6,-0.137,2.384,0.063
3337.78,-0.156,2.386,0.042
3341.79,-0.138,2.401,0.039
3341.98,-0.14,2.404,0.039
3342.16,-0.171,2.407,0.039
3342.34,-0.152,2.41,0.053
3342.52,-0.153,2.41,0.055
3342.71,-0.149,2.411,0.043
3342.89,-0.147,2.413,0.047
3343.7,-0.169,2.413,0.031
3343.25,-0.143,2.417,0.043
3343.43,-0.152,2.419,0.033
3343.62,-0.166,2.42,0.04
3343.8,-0.154,2.419,0.056
3343.98,-0.157,2.419,0.046
3344.16,-0.133,2.42,0.055
3344.35,-0.166,2.42,0.054
3344.53,-0.141,2.425,0.049
3344.71,-0.154,2.424,0.066
3344.89,-0.155,2.428,0.036
3345.7,-0.125,2.428,0.045
3345.26,-0.164,2.432,0.035
3345.44,-0.15,2.432,0.051
3345.99,-0.176,2.443,0.042
3346.17,-0.15,2.443,0.041
3346.35,-0.163,2.44,0.048
3346.53,-0.162,2.44,0.028
3346.72,-0.137,2.441,0.044
3346.9,-0.16,2.442,0.039
3347.8,-0.158,2.444,0.046
3347.26,-0.126,2.446,0.021
3347.44,-0.152,2.448,0.036
3347.63,-0.161,2.449,0.027
3347.81,-0.138,2.449,0.036
3347.99,-0.181,2.451,0.042
3348.17,-0.137,2.453,0.04
3348.36,-0.168,2.452,0.03
3348.54,-0.154,2.453,0.038
3348.72,-0.156,2.454,0.047
3350.18,-0.163,2.459,0.05
3350.36,-0.147,2.459,0.063
3350.54,-0.162,2.46,0.049
3350.72,-0.131,2.459,0.058
3350.91,-0.162,2.458,0.048
3351.9,-0.153,2.457,0.061
3351.27,-0.173,2.457,0.064
3351.45,-0.124,2.46,0.054
3351.64,-0.164,2.461,0.052
3351.82,-0.156,2.465,0.057
3352.0,-0.14,2.465,0.047
3352.18,-0.163,2.468,0.065
3352.37,-0.175,2.469,0.05
3352.55,-0.133,2.467,0.043
3352.73,-0.187,2.466,0.051
3352.91,-0.141,2.465,0.05
3353.9,-0.172,2.468,0.052
3353.28,-0.161,2.471,0.05
3353.46,-0.15,2.472,0.054
3353.64,-0.13,2.473,0.063
3353.82,-0.147,2.476,0.063
3354.1,-0.115,2.479,0.051
3354.19,-0.166,2.483,0.064
3354.37,-0.143,2.484,0.048
3354.55,-0.138,2.485,0.063
3354.73,-0.156,2.489,0.038
3354.92,-0.151,2.488,0.036
3355.1,-0.147,2.491,0.053
3355.28,-0.146,2.493,0.047
3355.46,-0.166,2.493,0.042
3355.65,-0.133,2.493,0.058
3355.83,-0.155,2.495,0.061
3356.1,-0.168,2.497,0.053
3356.19,-0.123,2.5,0.06
3356.37,-0.149,2.502,0.068
3356.56,-0.154,2.504,0.082
3356.74,-0.149,2.506,0.071
3356.92,-0.149,2.507,0.064
3357.1,-0.193,2.51,0.056
3357.29,-0.138,2.51,0.062
3357.47,-0.167,2.512,0.061
3357.65,-0.167,2.514,0.064
3357.83,-0.157,2.515,0.063
3358.2,-0.157,2.515,0.043
3358.2,-0.144,2.518,0.047
3358.38,-0.141,2.521,0.05
3358.56,-0.162,2.524,0.03
3358.74,-0.174,2.525,0.041
3358.93,-0.158,2.525,0.054
3359.11,-0.146,2.523,0.04
3359.29,-0.176,2.524,0.059
3359.47,-0.143,2.523,0.057
3359.66,-0.17,2.524,0.055
3359.84,-0.171,2.525,0.045
3360.2,-0.142,2.526,0.054
3360.2,-0.161,2.527,0.036
3360.38,-0.158,2.525,0.056
3360.57,-0.16,2.526,0.04
3360.75,-0.15,2.527,0.037
3360.93,-0.167,2.528,0.036
3361.11,-0.167,2.527,0.041
3361.3,-0.163,2.528,0.053
3361.48,-0.139,2.527,0.032
3361.66,-0.158,2.525,0.065
3361.84,-0.164,2.527,0.049
3362.2,-0.156,2.529,0.037
3362.21,-0.152,2.53,0.038
3362.39,-0.169,2.53,0.06
3362.57,-0.17,2.532,0.053
3362.75,-0.155,2.531,0.049
3362.94,-0.149,2.531,0.048
3363.12,-0.146,2.533,0.044
3363.3,-0.148,2.534,0.033
3363.48,-0.148,2.533,0.05
3363.67,-0.154,2.537,0.035
3363.85,-0.162,2.538,0.063
3364.3,-0.138,2.542,0.062
3364.21,-0.168,2.545,0.05
3364.39,-0.145,2.545,0.067
3364.58,-0.174,2.545,0.069
3364.76,-0.157,2.545,0.047
3364.94,-0.147,2.546,0.064
3365.12,-0.156,2.548,0.044
3365.31,-0.173,2.547,0.052
3365.49,-0.159,2.551,0.041
3365.67,-0.153,2.554,0.039
3365.85,-0.173,2.554,0.05
3366.4,-0.16,2.553,0.052
3366.22,-0.138,2.554,0.023
3366.4,-0.161,2.555,0.054
3366.58,-0.159,2.557,0.053
3366.76,-0.164,2.555,0.039
3366.95,-0.15,2.558,0.047
3367.13,-0.159,2.56,0.041
3367.31,-0.138,2.557,0.062
3367.49,-0.157,2.558,0.066
3367.68,-0.162,2.557,0.059
3367.86,-0.153,2.558,0.048
3368.4,-0.152,2.559,0.057
3368.22,-0.159,2.561,0.062
3368.4,-0.166,2.564,0.058
3370.77,-0.157,2.576,0.075
3370.96,-0.152,2.574,0.079
3371.14,-0.158,2.574,0.06
3371.32,-0.151,2.575,0.091
3371.5,-0.162,2.58,0.063
3371.69,-0.143,2.579,0.073
3371.87,-0.16,2.577,0.05
3372.5,-0.163,2.578,0.069
3372.23,-0.171,2.581,0.065
3372.41,-0.141,2.58,0.07
3372.6,-0.155,2.581,0.055
3378.61,-0.147,2.615,0.048
3378.79,-0.158,2.615,0.049
3378.98,-0.156,2.617,0.047
3379.16,-0.15,2.618,0.048
3379.34,-0.149,2.616,0.048
3379.52,-0.144,2.612,0.029
3379.71,-0.153,2.614,0.043
3379.89,-0.155,2.612,0.054
3380.7,-0.152,2.611,0.035
3380.25,-0.147,2.613,0.04
3380.43,-0.151,2.615,0.009
3380.62,-0.143,2.612,0.008
3380.8,-0.156,2.61,-0.004
3380.98,-0.165,2.609,0.021
3381.16,-0.141,2.612,0.012
3382.44,-0.162,2.62,0.057
3382.62,-0.148,2.618,0.043
3382.8,-0.179,2.618,0.032
3382.99,-0.147,2.615,0.057
3383.17,-0.164,2.616,0.067
3383.35,-0.147,2.615,0.067
3383.53,-0.166,2.616,0.075
3383.72,-0.148,2.62,0.056
3383.9,-0.136,2.618,0.051
3384.8,-0.177,2.62,0.066
3384.26,-0.14,2.623,0.063
3384.45,-0.167,2.626,0.055
3384.63,-0.159,2.628,0.075
3384.81,-0.153,2.627,0.073
3384.99,-0.134,2.627,0.075
3385.17,-0.18,2.629,0.067
3385.36,-0.163,2.631,0.062
3385.54,-0.141,2.63,0.073
3385.72,-0.154,2.632,0.1
3385.9,-0.172,2.633,0.097
3386.9,-0.133,2.635,0.065
3386.27,-0.156,2.637,0.06
3386.45,-0.137,2.639,0.031
3386.63,-0.19,2.643,0.028
3386.82,-0.157,2.645,0.015
3387.0,-0.179,2.647,0.042
3387.18,-0.152,2.647,0.032
3387.36,-0.168,2.644,0.042
3387.54,-0.18,2.645,0.028
3387.73,-0.139,2.645,0.047
3387.91,-0.168,2.645,0.026
3388.9,-0.159,2.643,0.028
3388.27,-0.153,2.646,0.021
3388.46,-0.13,2.647,0.003
3388.64,-0.164,2.649,0.008
3388.82,-0.18,2.646,0.028
3389.0,-0.157,2.646,0.066
3389.18,-0.158,2.644,0.047
3389.37,-0.128,2.641,0.071
3389.55,-0.167,2.643,0.067
3389.73,-0.147,2.646,0.068
3389.91,-0.175,2.642,0.071
3390.1,-0.138,2.643,0.1
3390.28,-0.173,2.642,0.098
3390.46,-0.162,2.642,0.071
3390.64,-0.13,2.637,0.088
3390.83,-0.184,2.642,0.085
3391.1,-0.127,2.641,0.067
3391.19,-0.193,2.643,0.091
3391.37,-0.122,2.646,0.056
3391.55,-0.137,2.647,0.074
3391.74,-0.144,2.648,0.065
3391.92,-0.131,2.646,0.056
3392.1,-0.177,2.646,0.058
3392.28,-0.154,2.651,0.079
3392.47,-0.164,2.652,0.038
3392.65,-0.141,2.652,0.032
3392.83,-0.16,2.654,0.046
3393.1,-0.149,2.653,0.042
3393.2,-0.154,2.655,0.041
3393.38,-0.165,2.651,0.072
3393.56,-0.162,2.654,0.074
3393.74,-0.136,2.656,0.068
3393.92,-0.158,2.659,0.081
3394.11,-0.176,2.661,0.057
3394.29,-0.081,2.659,0.078
3394.47,-0.231,2.662,0.1
3394.65,-0.111,2.663,0.043
3394.84,-0.137,2.656,0.075
3395.2,-0.194,2.66,0.065
3395.2,-0.089,2.658,0.071
3395.38,-0.19,2.659,0.065
3395.57,-0.17,2.664,0.048
3395.75,-0.134,2.663,0.073
3395.93,-0.159,2.667,0.053
3396.11,-0.127,2.666,0.056
3396.29,-0.165,2.67,0.073
3396.48,-0.216,2.67,0.05
3396.66,-0.089,2.67,0.039
3396.84,-0.196,2.672,0.048
3397.2,-0.138,2.67,0.036
3397.21,-0.127,2.672,0.041
3397.39,-0.169,2.671,0.068
3397.57,-0.134,2.67,0.049
3397.75,-0.181,2.671,0.085
3397.93,-0.167,2.672,0.081
3398.12,-0.162,2.671,0.045
3398.3,-0.164,2.669,0.068
3398.48,-0.143,2.673,0.046
3398.66,-0.113,2.669,0.053
3398.85,-0.23,2.674,0.05
3399.3,-0.068,2.672,0.069
3399.21,-0.225,2.673,0.086
3399.39,-0.117,2.675,0.091
3399.57,-0.172,2.676,0.085
3399.76,-0.162,2.673,0.088
3399.94,-0.168,2.674,0.069
3400.12,-0.114,2.677,0.08
3400.3,-0.169,2.681,0.067
3400.49,-0.136,2.676,0.071
3400.67,-0.15,2.678,0.096
3400.85,-0.164,2.679,0.081
3401.3,-0.154,2.682,0.061
3401.21,-0.139,2.683,0.053
3401.4,-0.161,2.687,0.038
3401.58,-0.153,2.684,0.049
3401.76,-0.179,2.687,0.047
3401.94,-0.118,2.689,0.012
3402.13,-0.191,2.692,-0.038
3402.31,-0.125,2.689,-0.033
3402.49,-0.213,2.691,-0.036
3402.67,-0.149,2.689,-0.013
3402.86,-0.171,2.691,0.011
3403.4,-0.154,2.692,0.004
3403.22,-0.144,2.693,0.006
3403.4,-0.177,2.694,0.015
3403.58,-0.137,2.692,0.018
3403.77,-0.166,2.695,0.017
3403.95,-0.164,2.694,0.03
3404.13,-0.132,2.694,0.022
3404.31,-0.161,2.697,0.033
3404.5,-0.14,2.698,-0.006
3404.68,-0.189,2.699,-0.007
3404.86,-0.159,2.702,-0.012
3405.4,-0.157,2.703,-0.041
3405.22,-0.155,2.702,-0.013
3405.41,-0.152,2.704,-0.028
3405.59,-0.139,2.703,-0.051
3405.77,-0.16,2.702,-0.042
3405.95,-0.152,2.702,-0.038
3406.14,-0.161,2.704,-0.007
3406.32,-0.164,2.705,-0.0
3406.5,-0.156,2.709,0.028
3406.68,-0.146,2.71,-0.01
3406.87,-0.171,2.714,-0.015
3407.5,-0.148,2.717,-0.027
3407.23,-0.156,2.719,-0.04
3407.41,-0.156,2.724,-0.077
3407.59,-0.149,2.726,-0.039
3407.78,-0.152,2.725,-0.037
3407.96,-0.174,2.725,-0.067
3408.14,-0.146,2.726,-0.082
3408.32,-0.165,2.725,-0.075
3408.51,-0.166,2.726,-0.048
3408.69,-0.185,2.728,-0.027
3408.87,-0.148,2.727,-0.001
3409.5,-0.148,2.727,0.002
3409.23,-0.157,2.727,0.017
3409.42,-0.165,2.73,0.056
3409.6,-0.161,2.733,0.056
3409.78,-0.148,2.734,0.035
3409.96,-0.172,2.733,0.065
3410.15,-0.148,2.731,0.053
3410.33,-0.167,2.733,0.028
3410.51,-0.138,2.734,0.029
3410.69,-0.166,2.732,0.017
3410.88,-0.145,2.733,-0.002
3411.6,-0.152,2.734,0.019
3411.24,-0.151,2.736,0.044
3411.42,-0.158,2.734,0.036
3411.6,-0.187,2.735,-0.017
3411.79,-0.14,2.735,0.002
3411.97,-0.171,2.735,0.026
3412.15,-0.142,2.733,0.024
3412.33,-0.163,2.735,0.033
3412.52,-0.179,2.736,0.044
3412.7,-0.146,2.736,0.016
3412.88,-0.042,-0.0,0.017
3413.6,-0.142,0.002,0.048
3413.24,-0.156,0.001,0.05
3413.43,-0.172,0.005,0.063
3413.61,-0.174,0.007,0.084
3413.79,-0.161,0.009,0.094
3413.97,-0.148,0.011,0.092
3414.16,-0.148,0.011,0.088
3414.34,-0.145,0.011,0.078
3414.52,-0.159,0.012,0.081
3414.7,-0.146,0.012,0.068
3414.89,-0.154,0.014,0.082
3415.7,-0.146,0.014,0.066
3415.25,-0.148,0.016,0.057
3415.43,-0.17,0.016,0.058
3415.61,-0.156,0.021,0.063
3415.8,-0.166,0.022,0.055
3415.98,-0.163,0.027,0.064
3417.26,-0.168,0.031,0.01
3417.44,-0.15,0.035,-0.032
3417.62,-0.141,0.036,-0.044
3417.8,-0.146,0.04,-0.075
3417.98,-0.152,0.038,-0.094
3418.17,-0.155,0.038,-0.077
3418.35,-0.184,0.037,-0.027
3418.53,-0.132,0.038,-0.002
3418.71,-0.157,0.037,0.009
3418.9,-0.147,0.037,0.022
3419.8,-0.151,0.037,0.041
3419.26,-0.169,0.038,0.05
3419.44,-0.161,0.04,0.079
3419.62,-0.143,0.042,0.054
3419.81,-0.168,0.04,0.057
3419.99,-0.15,0.041,0.039
3420.17,-0.168,0.043,0.063
3420.35,-0.169,0.041,0.053
3420.54,-0.168,0.042,0.048
3420.72,-0.159,0.043,0.039
3420.9,-0.146,0.042,0.039
3421.8,-0.158,0.043,0.071
3421.27,-0.156,0.041,0.061
3421.45,-0.139,0.042,0.056
3421.63,-0.174,0.045,0.064
3421.81,-0.15,0.046,0.067
3421.99,-0.167,0.048,0.051
3422.18,-0.163,0.05,0.069
3422.36,-0.156,0.05,0.041
3422.54,-0.154,0.049,0.055
3422.72,-0.167,0.054,0.042
3422.91,-0.13,0.052,0.039
3424.18,-0.153,0.051,0.051
3424.36,-0.143,0.052,0.048
3424.55,-0.16,0.051,0.051
3424.73,-0.149,0.053,0.043
3424.91,-0.169,0.053,0.035
3425.9,-0.152,0.054,0.053
3425.28,-0.167,0.057,0.05
3425.46,-0.149,0.058,0.056
3425.64,-0.162,0.063,0.058
3425.82,-0.157,0.063,0.047
3426.0,-0.152,0.06,0.053
3426.19,-0.156,0.062,0.059
3426.37,-0.139,0.064,0.063
3426.55,-0.174,0.064,0.041
3426.73,-0.163,0.063,0.046
3426.92,-0.168,0.063,0.059
3427.1,-0.151,0.063,0.051
3427.28,-0.154,0.062,0.077
3427.46,-0.151,0.062,0.077
3427.64,-0.166,0.063,0.071
3427.83,-0.151,0.065,0.062
3428.1,-0.169,0.063,0.079
3428.19,-0.152,0.064,0.081
3428.37,-0.167,0.066,0.055
3428.56,-0.159,0.067,0.069
3428.74,-0.183,0.07,0.056
3428.92,-0.136,0.073,0.058
3429.1,-0.173,0.075,0.059
3429.28,-0.158,0.078,0.081
3429.47,-0.173,0.076,0.068
3429.65,-0.155,0.079,0.073
3429.83,-0.158,0.08,0.086
3430.1,-0.149,0.083,0.061
3430.2,-0.155,0.083,0.058
3430.38,-0.164,0.081,0.028
3430.56,-0.135,0.083,0.031
3430.74,-0.153,0.083,0.04
3430.93,-0.158,0.084,0.035
3431.11,-0.139,0.085,0.025
3431.29,-0.179,0.084,0.026
3431.47,-0.145,0.082,0.029
3431.65,-0.152,0.079,0.057
3431.84,-0.142,0.081,0.045
3432.2,-0.16,0.079,0.044
3432.2,-0.155,0.08,0.028
3432.38,-0.154,0.081,0.022
3432.57,-0.142,0.084,0.017
3432.75,-0.153,0.085,0.027
3432.93,-0.177,0.088,0.03
3433.11,-0.147,0.088,0.033
3433.29,-0.154,0.092,0.012
3433.48,-0.164,0.093,0.022
3433.66,-0.143,0.098,0.036
3433.84,-0.16,0.098,0.029
3434.2,-0.145,0.1,0.028
3434.21,-0.145,0.1,0.026
3434.39,-0.144,0.104,0.023
3434.57,-0.168,0.105,-0.008
3436.39,-0.196,0.116,0.059
3436.58,-0.105,0.113,0.07
3436.76,-0.187,0.114,0.064
3436.94,-0.115,0.111,0.084
3437.12,-0.192,0.114,0.068
3437.3,-0.143,0.115,0.075
3437.49,-0.17,0.115,0.082
3437.67,-0.164,0.121,0.075
3437.85,-0.155,0.121,0.084
3438.3,-0.156,0.122,0.066
3438.22,-0.167,0.122,0.042
3438.4,-0.137,0.122,0.044
3438.58,-0.168,0.122,0.052
3438.76,-0.151,0.124,0.064
3438.94,-0.147,0.122,0.05
3439.13,-0.128,0.122,0.016
3439.31,-0.179,0.125,0.031
3439.49,-0.146,0.128,0.021
3439.67,-0.137,0.13,0.048
3439.86,-0.174,0.129,0.014
3440.4,-0.136,0.129,0.038
3440.22,-0.172,0.131,0.002
3440.4,-0.133,0.132,0.005
3440.58,-0.165,0.134,0.015
3440.77,-0.14,0.133,0.023
3440.95,-0.172,0.131,0.024
3441.13,-0.156,0.133,0.041
3441.31,-0.139,0.132,0.046
3441.5,-0.171,0.133,0.061
3445.51,-0.132,0.145,0.059
3445.69,-0.156,0.147,0.087
3445.87,-0.154,0.149,0.087
3446.5,-0.132,0.149,0.062
3446.24,-0.149,0.15,0.018
3446.42,-0.14,0.149,-0.008
3446.6,-0.162,0.155,0.013
3446.78,-0.15,0.153,0.025
3446.96,-0.173,0.154,-0.0
3447.15,-0.13,0.152,-0.005
3447.33,-0.16,0.155,-0.043
3447.51,-0.132,0.153,-0.018
3447.69,-0.171,0.153,-0.011
3447.88,-0.126,0.154,-0.01
3448.6,-0.204,0.155,-0.038
3448.24,-0.125,0.155,-0.033
3448.42,-0.171,0.155,-0.018
3448.6,-0.125,0.155,0.017
3448.79,-0.163,0.156,0.039
3448.97,-0.131,0.154,0.06
3449.15,-0.177,0.153,0.035
3449.33,-0.133,0.152,0.031
3449.52,-0.158,0.154,0.034
3449.7,-0.134,0.155,0.018
3449.88,-0.152,0.155,0.032
3450.6,-0.141,0.157,0.035
3450.24,-0.156,0.159,0.055
3450.43,-0.134,0.156,0.062
3450.61,-0.143,0.154,0.051
3450.79,-0.163,0.157,0.049
3450.97,-0.153,0.159,0.067
3451.16,-0.148,0.161,0.054
3451.34,-0.162,0.167,0.004
3451.52,-0.145,0.169,-0.022
3451.7,-0.154,0.172,-0.011
3451.89,-0.143,0.173,0.019
3452.7,-0.161,0.177,0.029
3452.25,-0.151,0.18,0.042
3452.43,-0.169,0.181,0.048
3452.61,-0.152,0.187,0.043
3452.8,-0.159,0.191,0.041
3452.98,-0.141,0.193,0.057
3453.16,-0.167,0.197,0.056
3453.34,-0.139,0.192,0.066
3453.53,-0.147,0.195,0.022
3453.71,-0.139,0.197,0.038
3453.89,-0.158,0.201,0.022
3455.17,-0.133,0.211,0.053
3455.35,-0.167,0.211,0.057
3455.53,-0.136,0.213,0.067
3455.71,-0.159,0.212,0.059
3455.9,-0.147,0.214,0.046
3456.8,-0.163,0.215,0.054
3456.26,-0.149,0.213,0.049
3456.44,-0.145,0.214,0.049
3456.62,-0.145,0.216,0.039
3456.81,-0.152,0.221,0.046
3456.99,-0.166,0.226,0.04
3457.17,-0.155,0.225,0.028
3457.35,-0.163,0.224,0.041
3457.54,-0.136,0.223,0.04
3457.72,-0.154,0.227,0.051
3457.9,-0.16,0.228,0.052
3458.8,-0.155,0.228,0.062
3458.26,-0.158,0.229,0.033
3458.45,-0.145,0.231,0.043
3458.63,-0.141,0.232,0.052
3458.81,-0.143,0.229,0.039
3458.99,-0.152,0.231,0.025
3459.18,-0.15,0.234,0.019
3459.36,-0.147,0.235,0.042
3459.54,-0.147,0.237,0.025
3459.72,-0.151,0.238,0.019
3459.9,-0.158,0.239,0.035
3460.9,-0.142,0.238,0.044
3460.27,-0.166,0.24,0.02
3460.45,-0.132,0.24,0.045
3460.63,-0.154,0.241,0.05
3460.82,-0.146,0.242,0.051
3461.0,-0.14,0.241,0.043
3461.18,-0.157,0.242,0.048
3461.36,-0.162,0.24,0.046
3461.55,-0.161,0.24,0.042
3461.73,-0.162,0.24,0.033
3461.91,-0.155,0.241,0.022
3462.9,-0.159,0.242,0.011
3462.27,-0.142,0.24,0.021
3462.46,-0.17,0.241,0.013
3462.64,-0.149,0.241,-0.0
3464.1,-0.143,0.253,0.029
3464.28,-0.148,0.257,0.032
3464.46,-0.155,0.257,0.012
3464.64,-0.158,0.26,0.02
3464.83,-0.16,0.264,0.033
3465.1,-0.149,0.268,0.045
3465.19,-0.134,0.27,0.048
3465.37,-0.15,0.271,0.055
3465.55,-0.138,0.272,0.071
3465.74,-0.151,0.272,0.05
3465.92,-0.145,0.273,0.059
3466.1,-0.166,0.274,0.032
3466.28,-0.129,0.273,0.052
3466.47,-0.177,0.276,0.068
3466.65,-0.137,0.278,0.066
3466.83,-0.155,0.276,0.054
3467.1,-0.129,0.275,0.058
3467.2,-0.173,0.274,0.037
3467.38,-0.118,0.274,0.056
3467.56,-0.147,0.273,0.061
3467.74,-0.168,0.274,0.074
3467.92,-0.144,0.272,0.069
3468.11,-0.158,0.272,0.088
3468.29,-0.138,0.272,0.086
3468.47,-0.159,0.273,0.067
3468.65,-0.147,0.274,0.076
3468.84,-0.165,0.272,0.064
3469.2,-0.17,0.27,0.059
3469.2,-0.143,0.268,0.083
3469.38,-0.17,0.266,0.091
3469.56,-0.142,0.267,0.069
3469.75,-0.164,0.269,0.09
3469.93,-0.138,0.269,0.083
3470.11,-0.174,0.271,0.088
3470.29,-0.137,0.271,0.082
3470.48,-0.161,0.272,0.064
3470.66,-0.148,0.272,0.072
3470.84,-0.131,0.272,0.075
3471.2,-0.168,0.275,0.059
3471.2,-0.125,0.272,0.07
3471.39,-0.153,0.269,0.085
3471.57,-0.161,0.268,0.065
3472.12,-0.151,0.273,0.075
3472.3,-0.162,0.273,0.085
3472.48,-0.162,0.276,0.065
3472.66,-0.153,0.276,0.086
3472.85,-0.131,0.277,0.04
3473.3,-0.15,0.279,0.058
3473.21,-0.138,0.282,0.092
3473.39,-0.192,0.286,0.089
3473.57,-0.112,0.286,0.085
3473.76,-0.176,0.282,0.044
3473.94,-0.14,0.285,0.02
3474.12,-0.109,0.285,0.013
3474.3,-0.149,0.287,0.05
3474.49,-0.152,0.289,0.032
3474.67,-0.139,0.291,0.002
3474.85,-0.179,0.29,-0.037
3475.3,-0.136,0.291,-0.023
3475.21,-0.172,0.292,0.004
3475.4,-0.148,0.292,0.001
3475.58,-0.164,0.292,-0.001
3475.76,-0.13,0.295,-0.03
3475.94,-0.166,0.295,-0.043
3476.13,-0.181,0.299,-0.028
3476.31,-0.136,0.3,-0.035
3476.49,-0.194,0.303,-0.002
3476.67,-0.128,0.304,-0.016
3476.85,-0.177,0.306,-0.01
3477.4,-0.128,0.306,-0.012
3477.22,-0.161,0.304,0.013
3477.4,-0.157,0.306,-0.017
3477.58,-0.145,0.31,0.027
3477.77,-0.15,0.314,0.026
3477.95,-0.139,0.314,-0.013
3478.13,-0.173,0.317,0.047
3478.31,-0.173,0.321,0.081
3478.5,-0.143,0.319,0.091
3478.68,-0.215,0.319,0.037
3478.86,-0.125,0.316,0.104
3479.4,-0.185,0.319,0.048
3479.22,-0.119,0.317,0.048
3479.41,-0.186,0.319,0.046
3479.59,-0.127,0.321,0.071
3479.77,-0.15,0.319,0.045
3479.95,-0.149,0.318,0.062
3480.14,-0.146,0.319,0.051
3480.32,-0.134,0.326,0.031
3480.5,-0.13,0.328,0.049
3480.68,-0.13,0.33,0.045
3480.86,-0.189,0.331,0.06
3481.5,-0.148,0.334,0.07
3481.23,-0.156,0.338,0.041
3481.41,-0.106,0.341,0.073
3481.59,-0.198,0.338,0.053
3481.78,-0.161,0.336,0.09
3481.96,-0.175,0.333,0.057
3482.14,-0.164,0.337,0.066
3482.32,-0.174,0.34,0.068
3482.5,-0.108,0.343,0.047
3482.69,-0.192,0.343,0.023
3482.87,-0.144,0.348,0.024
3483.5,-0.16,0.351,0.016
3483.23,-0.131,0.354,0.05
3483.42,-0.178,0.352,0.041
3483.6,-0.15,0.353,0.052
3483.78,-0.151,0.356,0.067
3483.96,-0.164,0.36,0.065
3484.14,-0.157,0.358,0.041
3484.33,-0.214,0.36,0.044
3484.51,-0.135,0.362,0.048
3484.69,-0.187,0.365,0.067
3484.87,-0.147,0.367,0.036
3485.6,-0.187,0.366,0.054
3485.24,-0.159,0.364,0.034
3485.42,-0.161,0.368,0.065
3485.6,-0.156,0.371,0.04
3485.78,-0.15,0.369,0.048
3485.97,-0.175,0.367,0.028
3486.15,-0.172,0.369,0.043
3486.33,-0.169,0.37,0.075
3486.51,-0.151,0.371,0.031
3486.7,-0.129,0.369,0.079
3486.88,-0.173,0.371,0.065
3487.6,-0.166,0.369,0.062
3487.24,-0.167,0.369,0.042
3487.43,-0.149,0.367,0.02
3487.61,-0.165,0.368,0.019
3487.79,-0.116,0.368,-0.008
3487.97,-0.162,0.367,-0.009
3488.15,-0.142,0.364,-0.015
3488.34,-0.135,0.362,-0.063
3488.52,-0.164,0.366,-0.052
3488.7,-0.107,0.369,-0.08
3488.88,-0.201,0.369,-0.044
3489.7,-0.109,0.368,-0.074
3489.25,-0.174,0.364,-0.025
3489.43,-0.114,0.364,-0.055
3489.61,-0.187,0.365,-0.014
3489.79,-0.121,0.367,-0.001
3489.98,-0.169,0.363,0.046
3490.16,-0.17,0.364,0.013
3490.34,-0.124,0.36,0.069
3490.52,-0.162,0.362,0.046
3490.71,-0.168,0.365,0.056
3490.89,-0.152,0.366,0.043
3491.7,-0.126,0.364,0.052
3491.25,-0.175,0.364,0.054
3491.43,-0.139,0.367,0.051
3491.62,-0.169,0.368,0.036
3491.8,-0.153,0.369,0.047
3495.63,-0.144,0.369,0.068
3495.81,-0.148,0.37,0.078
3495.99,-0.131,0.37,0.05
3496.17,-0.158,0.371,0.058
3496.36,-0.152,0.374,0.057
3496.54,-0.131,0.375,0.062
3496.72,-0.159,0.376,0.041
3496.9,-0.134,0.379,0.035
3497.8,-0.175,0.38,0.029
3497.27,-0.165,0.382,0.024
3497.45,-0.136,0.38,0.026
3497.63,-0.18,0.378,0.015
3497.81,-0.147,0.381,0.011
3498.0,-0.148,0.38,0.028
3498.18,-0.161,0.383,0.027
3498.36,-0.136,0.383,0.012
3498.54,-0.166,0.38,0.041
3500.91,-0.174,0.378,0.051
3501.9,-0.151,0.377,0.059
3501.28,-0.18,0.379,0.061
3501.46,-0.123,0.377,0.075
3501.64,-0.167,0.381,0.049
3501.82,-0.165,0.382,0.072
3502.0,-0.16,0.381,0.045
3502.19,-0.161,0.378,0.055
3502.37,-0.14,0.377,0.074
3502.55,-0.164,0.375,0.057
3502.73,-0.159,0.376,0.054
3502.92,-0.162,0.379,0.059
3503.1,-0.153,0.382,0.052
3503.28,-0.145,0.384,0.069
3503.46,-0.135,0.386,0.038
3503.65,-0.164,0.384,0.027
3503.83,-0.168,0.385,0.044
3504.1,-0.159,0.387,0.043
3504.19,-0.153,0.388,0.053
3504.37,-0.153,0.392,0.055
3504.56,-0.148,0.395,0.049
3504.74,-0.136,0.398,0.028
3504.92,-0.16,0.398,0.038
3505.1,-0.14,0.399,0.048
3505.29,-0.167,0.401,0.052
3505.47,-0.158,0.403,0.031
3505.65,-0.163,0.404,0.049
3505.83,-0.148,0.404,0.051
3506.1,-0.168,0.404,0.048
3506.2,-0.153,0.406,0.081
3506.38,-0.165,0.407,0.071
3506.56,-0.153,0.409,0.052
3506.74,-0.153,0.412,0.05
3506.93,-0.163,0.413,0.045
3507.11,-0.158,0.411,0.021
3507.29,-0.146,0.41,0.029
3507.47,-0.164,0.412,0.045
3507.65,-0.153,0.413,0.013
3507.84,-0.152,0.416,0.029
3508.2,-0.161,0.418,0.037
3508.2,-0.156,0.416,0.026
3508.38,-0.153,0.416,0.021
3508.57,-0.166,0.417,0.049
3508.75,-0.146,0.418,0.053
3508.93,-0.143,0.416,0.055
3509.11,-0.16,0.42,0.054
3509.29,-0.155,0.422,0.035
3509.48,-0.161,0.421,0.052
3509.66,-0.143,0.421,0.064
3509.84,-0.169,0.42,0.04
3510.2,-0.151,0.421,0.034
3510.21,-0.156,0.422,0.037
3510.39,-0.157,0.423,0.032
3510.57,-0.152,0.423,0.054
3510.75,-0.146,0.423,0.035
3510.94,-0.159,0.425,-0.002
3511.12,-0.151,0.425,0.03
3511.3,-0.154,0.425,0.036
3511.48,-0.159,0.428,0.059
3512.3,-0.147,0.431,0.069
3512.21,-0.142,0.434,0.062
3512.39,-0.152,0.433,0.049
3512.58,-0.143,0.435,0.055
3512.76,-0.146,0.437,0.078
3512.94,-0.149,0.438,0.077
3513.12,-0.165,0.437,0.076
3513.3,-0.153,0.437,0.071
3513.49,-0.142,0.437,0.062
3513.67,-0.163,0.44,0.063
3518.95,-0.146,0.443,0.038
3519.14,-0.155,0.441,0.036
3519.32,-0.173,0.444,0.067
3519.5,-0.155,0.447,0.056
3519.68,-0.163,0.451,0.05
3519.87,-0.159,0.451,0.071
3520.5,-0.149,0.449,0.071
3520.23,-0.167,0.453,0.065
3520.41,-0.129,0.455,0.066
3520.6,-0.144,0.457,0.068
3520.78,-0.151,0.456,0.075
3520.96,-0.148,0.458,0.062
3521.14,-0.141,0.46,0.073
3521.32,-0.166,0.461,0.067
3521.51,-0.14,0.457,0.064
3521.69,-0.143,0.458,0.065
3521.87,-0.143,0.459,0.05
3522.5,-0.154,0.466,0.046
3522.24,-0.151,0.469,0.056
3522.42,-0.147,0.472,0.032
3522.6,-0.152,0.473,0.037
3522.78,-0.157,0.475,0.034
3522.96,-0.139,0.473,0.019
3523.15,-0.152,0.472,0.03
3523.33,-0.137,0.476,0.024
3524.42,-0.158,0.481,0.039
3524.61,-0.155,0.483,0.044
3524.79,-0.152,0.485,0.026
3524.97,-0.157,0.483,0.039
3525.15,-0.152,0.485,0.05
3525.33,-0.137,0.488,0.047
3525.52,-0.155,0.486,0.049
3525.7,-0.148,0.488,0.045
3525.88,-0.153,0.493,0.06
3526.6,-0.15,0.494,0.044
3526.25,-0.156,0.499,0.036
3526.43,-0.14,0.503,0.041
3526.61,-0.156,0.504,0.053
3526.79,-0.141,0.505,0.051
3526.97,-0.143,0.508,0.051
3527.16,-0.149,0.506,0.042
3527.34,-0.153,0.508,0.055
3527.52,-0.142,0.511,0.06
3527.7,-0.145,0.513,0.064
3527.89,-0.169,0.514,0.06
3528.7,-0.145,0.518,0.058
3528.25,-0.148,0.517,0.067
3528.43,-0.141,0.517,0.078
3528.62,-0.16,0.519,0.066
3528.8,-0.149,0.518,0.063
3528.98,-0.162,0.517,0.07
3529.16,-0.144,0.518,0.068
3529.34,-0.15,0.516,0.077
3529.53,-0.168,0.516,0.071
3529.71,-0.162,0.514,0.083
3529.89,-0.168,0.511,0.073
3530.7,-0.146,0.513,0.074
3530.26,-0.155,0.515,0.069
3530.44,-0.157,0.513,0.069
3530.62,-0.152,0.513,0.067
3530.8,-0.155,0.513,0.077
3530.98,-0.17,0.509,0.081
3531.17,-0.161,0.508,0.068
3531.35,-0.16,0.511,0.074
3531.53,-0.158,0.509,0.069
3531.71,-0.152,0.509,0.074
3531.9,-0.135,0.509,0.063
3532.8,-0.138,0.509,0.076
3532.26,-0.153,0.506,0.075
3532.44,-0.148,0.507,0.071
3532.63,-0.145,0.507,0.072
3532.81,-0.148,0.509,0.085
3532.99,-0.16,0.509,0.079
3533.17,-0.157,0.508,0.076
3533.35,-0.147,0.51,0.074
3533.54,-0.151,0.509,0.083
3533.72,-0.154,0.51,0.073
3533.9,-0.156,0.512,0.096
3534.8,-0.147,0.513,0.081
3534.27,-0.156,0.512,0.076
3534.45,-0.154,0.511,0.08
3534.63,-0.148,0.513,0.074
3534.81,-0.134,0.515,0.069
3535.0,-0.131,0.518,0.063
3535.18,-0.143,0.521,0.063
3535.36,-0.156,0.523,0.044
3535.54,-0.161,0.523,0.041
3535.72,-0.163,0.526,0.053
3535.91,-0.145,0.526,0.045
3536.9,-0.146,0.524,0.05
3536.27,-0.169,0.523,0.043
3536.45,-0.151,0.522,0.059
3537.55,-0.149,0.53,0.085
3537.73,-0.151,0.529,0.107
3537.91,-0.155,0.532,0.064
3538.9,-0.158,0.533,0.095
3538.28,-0.147,0.537,0.078
3538.46,-0.155,0.54,0.067
3538.64,-0.157,0.539,0.038
3538.82,-0.152,0.54,0.024
3539.1,-0.14,0.539,0.042
3539.19,-0.163,0.533,0.026
3539.37,-0.172,0.533,0.041
3539.55,-0.164,0.532,0.033
3539.73,-0.158,0.534,0.033
3539.92,-0.155,0.534,0.016
3540.1,-0.154,0.533,-0.038
3540.28,-0.166,0.533,-0.015
3540.46,-0.147,0.535,-0.002
3540.65,-0.15,0.541,0.038
3540.83,-0.151,0.543,0.031
3541.1,-0.152,0.545,0.045
3541.19,-0.167,0.545,0.046
3544.66,-0.151,0.546,0.085
3544.84,-0.138,0.547,0.092
3545.2,-0.144,0.549,0.089
3545.2,-0.159,0.55,0.089
3545.38,-0.157,0.551,0.081
3545.57,-0.15,0.552,0.085
3545.75,-0.163,0.555,0.066
3545.93,-0.163,0.553,0.063
3546.11,-0.135,0.553,0.069
3546.3,-0.177,0.552,0.073
3546.48,-0.152,0.551,0.046
3546.66,-0.162,0.549,0.052
3546.84,-0.162,0.548,0.063
3547.3,-0.137,0.548,0.058
3547.21,-0.132,0.551,0.039
3547.39,-0.173,0.55,0.023
3547.57,-0.14,0.549,0.041
3547.75,-0.168,0.548,0.055
3547.94,-0.153,0.548,0.043
3548.12,-0.169,0.549,0.033
3548.3,-0.133,0.551,0.042
3548.48,-0.164,0.551,0.05
3548.67,-0.133,0.553,0.044
3548.85,-0.155,0.554,0.058
3549.3,-0.145,0.554,0.041
3549.21,-0.146,0.555,0.044
3549.4,-0.15,0.555,0.046
3549.58,-0.154,0.557,0.035
3549.76,-0.146,0.558,0.031
3549.94,-0.139,0.556,0.056
3550.12,-0.139,0.558,0.06
3550.31,-0.169,0.559,0.083
3550.49,-0.154,0.561,0.08
3550.67,-0.138,0.564,0.073
3550.85,-0.153,0.565,0.08
3551.4,-0.152,0.566,0.045
3551.22,-0.14,0.565,0.044
3551.4,-0.165,0.56,0.049
3551.58,-0.152,0.56,0.06
3551.76,-0.144,0.561,0.034
3551.95,-0.136,0.562,0.053
3552.13,-0.127,0.56,0.049
3552.31,-0.162,0.562,0.052
3552.49,-0.161,0.564,0.06
3552.68,-0.151,0.563,0.068
3552.86,-0.153,0.567,0.063
3553.4,-0.153,0.568,0.063
3553.22,-0.128,0.567,0.044
3553.41,-0.154,0.564,0.056
3553.59,-0.152,0.565,0.06
3553.77,-0.127,0.567,0.061
3555.41,-0.157,0.575,0.091
3555.59,-0.157,0.578,0.09
3555.77,-0.145,0.578,0.091
3555.96,-0.155,0.578,0.102
3556.14,-0.145,0.578,0.097
3556.32,-0.154,0.578,0.101
3556.5,-0.134,0.578,0.084
3556.69,-0.129,0.579,0.092
3556.87,-0.177,0.58,0.084
3557.5,-0.126,0.576,0.088
3557.23,-0.187,0.577,0.078
3557.42,-0.109,0.577,0.085
3557.6,-0.165,0.577,0.084
3557.78,-0.147,0.58,0.095
3557.96,-0.166,0.582,0.101
3558.14,-0.169,0.587,0.07
3558.33,-0.144,0.589,0.09
3558.51,-0.152,0.594,0.089
3558.69,-0.144,0.595,0.092
3558.87,-0.139,0.595,0.077
3559.42,-0.148,0.599,0.083
3559.6,-0.166,0.601,0.063
3559.78,-0.142,0.604,0.061
3559.97,-0.147,0.607,0.056
3560.15,-0.149,0.609,0.063
3560.33,-0.145,0.611,0.046
3560.51,-0.173,0.611,0.047
3560.7,-0.157,0.614,0.056
3560.88,-0.147,0.613,0.047
3561.6,-0.144,0.609,0.041
3561.24,-0.151,0.612,0.052
3561.43,-0.142,0.614,0.044
3561.61,-0.145,0.619,0.033
3561.79,-0.151,0.618,0.037
3561.97,-0.154,0.618,0.052
3562.15,-0.138,0.619,0.054
3562.34,-0.164,0.62,0.052
3562.52,-0.13,0.618,0.058
3562.7,-0.165,0.62,0.073
3562.88,-0.157,0.62,0.068
3563.7,-0.156,0.619,0.087
3563.25,-0.158,0.622,0.071
3563.43,-0.137,0.625,0.063
3563.61,-0.146,0.627,0.063
3563.79,-0.155,0.627,0.067
3563.98,-0.118,0.624,0.055
3564.16,-0.176,0.624,0.059
3564.34,-0.137,0.624,0.066
3564.52,-0.181,0.625,0.072
3564.71,-0.133,0.627,0.066
3564.89,-0.163,0.631,0.053
3565.7,-0.152,0.633,0.064
3565.25,-0.144,0.631,0.057
3565.44,-0.146,0.629,0.063
3565.62,-0.163,0.629,0.044
3565.8,-0.139,0.632,0.073
3565.98,-0.171,0.637,0.053
3566.16,-0.15,0.641,0.062
3566.35,-0.155,0.647,0.066
3566.53,-0.176,0.648,0.066
3566.71,-0.143,0.649,0.063
3566.89,-0.154,0.646,0.06
3567.8,-0.173,0.649,0.053
3567.26,-0.139,0.652,0.058
3567.44,-0.16,0.653,0.044
3567.62,-0.147,0.652,0.053
3567.8,-0.171,0.652,0.056
3567.99,-0.154,0.652,0.06
3568.17,-0.144,0.651,0.041
3568.35,-0.175,0.65,0.06
3568.53,-0.146,0.653,0.065
3568.72,-0.148,0.655,0.079
3568.9,-0.183,0.659,0.061
3569.8,-0.146,0.664,0.081
3569.26,-0.165,0.667,0.07
3569.45,-0.136,0.671,0.072
3569.63,-0.182,0.671,0.074
3569.81,-0.15,0.671,0.064
3569.99,-0.165,0.671,0.054
3570.17,-0.122,0.673,0.057
3570.36,-0.143,0.674,0.075
3570.54,-0.172,0.676,0.067
3570.72,-0.141,0.674,0.064
3570.9,-0.173,0.678,0.064
3571.9,-0.142,0.68,0.072
3571.27,-0.15,0.678,0.064
3571.45,-0.143,0.678,0.064
3571.63,-0.174,0.676,0.075
3571.81,-0.146,0.68,0.062
3572.0,-0.16,0.682,0.046
3572.18,-0.154,0.683,0.055
3572.36,-0.153,0.683,0.039
3572.54,-0.152,0.684,0.038
3572.73,-0.15,0.687,0.033
3572.91,-0.166,0.688,0.061
3573.9,-0.158,0.689,0.06
3573.27,-0.162,0.69,0.057
3573.46,-0.162,0.694,0.062
3573.64,-0.15,0.693,0.068
3573.82,-0.174,0.697,0.046
3574.0,-0.161,0.699,0.045
3574.18,-0.167,0.699,0.05
3574.37,-0.146,0.701,0.026
3574.55,-0.132,0.704,0.039
3574.73,-0.135,0.707,0.05
3574.91,-0.146,0.71,0.048
3575.1,-0.147,0.711,0.052
3575.28,-0.153,0.712,0.051
3575.46,-0.166,0.712,0.045
3575.64,-0.176,0.712,0.074
3575.82,-0.133,0.714,0.101
3576.1,-0.164,0.717,0.076
3576.19,-0.151,0.716,0.085
3576.37,-0.164,0.716,0.071
3576.55,-0.146,0.714,0.077
3576.74,-0.153,0.714,0.088
3576.92,-0.161,0.711,0.059
3577.1,-0.151,0.714,0.078
3577.28,-0.173,0.711,0.047
3577.46,-0.154,0.712,0.06
3577.65,-0.135,0.712,0.058
3577.83,-0.156,0.711,0.062
3578.1,-0.147,0.712,0.06
3578.19,-0.158,0.715,0.054
3578.38,-0.145,0.718,0.058
3578.56,-0.145,0.72,0.05
3578.74,-0.155,0.721,0.046
3578.92,-0.133,0.723,0.043
3579.11,-0.167,0.726,0.048
3579.29,-0.145,0.724,0.044
3579.47,-0.171,0.725,0.054
3579.65,-0.141,0.727,0.051
3579.83,-0.14,0.73,0.053
3580.93,-0.165,0.726,0.028
3581.11,-0.146,0.726,0.017
3581.29,-0.157,0.729,0.021
3581.47,-0.154,0.729,0.028
3581.66,-0.166,0.73,0.019
3581.84,-0.137,0.729,0.029
3582.2,-0.152,0.729,0.053
3582.2,-0.147,0.727,0.028
3582.39,-0.162,0.73,0.041
3582.57,-0.162,0.735,0.043
3582.75,-0.183,0.734,0.061
3582.93,-0.161,0.737,0.057
3583.11,-0.177,0.738,0.051
3583.3,-0.155,0.74,0.07
3583.48,-0.17,0.743,0.081
3583.66,-0.156,0.743,0.076
3583.84,-0.164,0.745,0.081
3584.3,-0.15,0.745,0.079
3584.21,-0.162,0.744,0.047
3584.39,-0.138,0.746,0.057
3584.57,-0.177,0.75,0.06
3584.76,-0.18,0.752,0.061
3584.94,-0.162,0.754,0.041
3585.12,-0.147,0.755,0.018
3585.3,-0.169,0.754,0.013
3586.21,-0.172,0.76,0.006
3586.4,-0.155,0.76,0.035
3586.58,-0.172,0.763,0.051
3586.76,-0.17,0.765,0.057
3586.94,-0.16,0.765,0.034
3587.12,-0.163,0.767,0.024
3587.31,-0.165,0.768,0.011
3587.49,-0.153,0.772,0.041
3587.67,-0.181,0.775,0.036
3587.85,-0.145,0.777,0.042
3588.4,-0.17,0.777,0.056
3588.22,-0.161,0.777,0.056
3588.4,-0.156,0.778,0.06
3588.58,-0.161,0.778,0.059
3588.77,-0.154,0.778,0.058
3588.95,-0.152,0.78,0.064
3589.13,-0.167,0.782,0.06
3589.31,-0.172,0.784,0.058
3589.49,-0.165,0.783,0.065
3589.68,-0.14,0.781,0.073
3589.86,-0.153,0.779,0.061
3590.4,-0.166,0.782,0.025
3590.22,-0.151,0.778,0.032
3590.41,-0.156,0.78,0.046
3590.59,-0.167,0.781,0.021
3591.5,-0.151,0.781,0.062
3591.68,-0.144,0.783,0.059
3591.86,-0.157,0.78,0.043
3592.5,-0.155,0.782,0.036
3592.23,-0.162,0.779,0.045
3592.41,-0.168,0.778,0.053
3592.59,-0.161,0.777,0.055
3592.78,-0.161,0.774,0.081
3592.96,-0.14,0.776,0.073
3593.14,-0.158,0.779,0.068
3593.32,-0.148,0.781,0.038
3593.5,-0.159,0.783,0.008
3593.69,-0.145,0.784,0.0
3593.87,-0.158,0.784,-0.011
3594.5,-0.152,0.782,-0.003
3594.23,-0.162,0.785,0.037
3594.42,-0.166,0.786,0.062
3594.6,-0.16,0.786,0.07
3594.78,-0.15,0.789,0.08
3594.96,-0.158,0.788,0.084
3595.14,-0.15,0.793,0.07
3595.33,-0.156,0.795,0.066
3595.51,-0.137,0.794,0.08
3595.69,-0.138,0.793,0.071
3595.87,-0.157,0.793,0.077
3596.6,-0.165,0.791,0.093
3596.24,-0.143,0.794,0.077
3596.42,-0.163,0.797,0.066
3596.6,-0.143,0.796,0.072
3596.79,-0.16,0.793,0.079
3596.97,-0.145,0.798,0.091
3597.15,-0.151,0.798,0.077
3597.33,-0.166,0.801,0.092
3597.51,-0.157,0.8,0.081
3597.7,-0.146,0.802,0.072
3597.88,-0.157,0.803,0.088
3598.6,-0.173,0.8,0.073
3598.24,-0.145,0.799,0.087
3598.43,-0.163,0.8,0.09
3598.61,-0.153,0.802,0.101
3598.79,-0.137,0.804,0.089
3598.97,-0.149,0.806,0.084
3599.16,-0.138,0.807,0.09
3599.34,-0.164,0.807,0.088
3599.52,-0.16,0.809,0.086
3599.7,-0.153,0.809,0.099
3599.88,-0.153,0.81,0.092
3600.7,-0.14,0.81,0.079
3600.25,-0.148,0.81,0.082
3600.43,-0.151,0.81,0.1
3600.61,-0.154,0.811,0.081
3600.8,-0.136,0.813,0.094
3600.98,-0.155,0.817,0.104
3601.16,-0.148,0.82,0.092
3601.34,-0.146,0.82,0.095
3601.53,-0.146,0.822,0.09
3601.71,-0.147,0.822,0.088
3601.89,-0.153,0.823,0.096
3602.7,-0.154,0.824,0.097
3602.25,-0.148,0.826,0.074
3602.44,-0.165,0.831,0.114
3602.62,-0.149,0.835,0.074
3602.8,-0.141,0.837,0.094
3602.98,-0.146,0.837,0.095
3603.17,-0.157,0.839,0.097
3603.35,-0.153,0.841,0.081
3603.53,-0.144,0.842,0.088
3603.71,-0.137,0.841,0.084
3603.9,-0.159,0.841,0.088
3604.8,-0.168,0.844,0.096
3604.26,-0.149,0.848,0.105
3604.44,-0.17,0.851,0.099
3604.62,-0.154,0.855,0.089
3604.81,-0.15,0.857,0.084
3604.99,-0.152,0.86,0.087
3605.17,-0.161,0.858,0.085
3605.35,-0.148,0.858,0.087
3605.54,-0.165,0.858,0.076
3605.72,-0.159,0.86,0.088
3605.9,-0.157,0.861,0.077
3606.8,-0.164,0.86,0.077
3606.26,-0.152,0.86,0.068
3606.45,-0.148,0.861,0.077
3606.63,-0.133,0.859,0.068
3606.81,-0.14,0.861,0.065
3606.99,-0.154,0.864,0.049
3607.18,-0.154,0.864,0.054
3607.36,-0.153,0.863,0.055
3607.54,-0.162,0.862,0.042
3607.72,-0.14,0.861,0.038
3607.91,-0.158,0.86,0.046
3608.9,-0.146,0.863,0.044
3608.27,-0.161,0.866,0.041
3608.45,-0.15,0.867,0.06
3608.63,-0.159,0.867,0.051
3608.82,-0.151,0.87,0.035
3609.0,-0.152,0.871,0.045
3609.18,-0.154,0.868,0.048
3609.36,-0.165,0.866,0.051
3609.55,-0.162,0.865,0.047
3609.73,-0.154,0.866,0.037
3609.91,-0.148,0.864,0.045
3610.9,-0.147,0.866,0.031
3612.28,-0.149,0.864,0.061
3612.46,-0.143,0.863,0.066
3612.65,-0.138,0.863,0.075
3612.83,-0.149,0.867,0.072
3613.1,-0.139,0.867,0.062
3613.19,-0.167,0.867,0.062
3613.37,-0.132,0.867,0.075
3613.56,-0.167,0.869,0.05
3613.74,-0.128,0.873,0.074
3613.92,-0.153,0.875,0.071
3614.1,-0.147,0.879,0.059
3614.29,-0.16,0.877,0.053
3614.47,-0.154,0.876,0.042
3614.65,-0.145,0.876,0.063
3614.83,-0.15,0.872,0.038
3615.2,-0.151,0.872,0.054
3615.2,-0.153,0.872,0.038
3615.38,-0.148,0.872,0.05
3615.56,-0.152,0.872,0.06
3619.76,-0.173,0.88,0.054
3619.94,-0.156,0.882,0.015
3620.12,-0.154,0.883,0.001
3620.3,-0.164,0.883,-0.015
3620.49,-0.151,0.884,-0.012
3620.67,-0.159,0.887,-0.039
3620.85,-0.156,0.885,-0.048
3621.3,-0.156,0.886,-0.016
3621.21,-0.158,0.89,-0.014
3621.4,-0.148,0.891,0.005
3621.58,-0.168,0.896,0.002
3621.76,-0.158,0.896,0.045
3621.94,-0.148,0.897,0.066
3622.13,-0.172,0.895,0.065
3622.31,-0.159,0.897,0.063
3623.58,-0.167,0.906,0.053
3623.77,-0.15,0.907,0.034
3623.95,-0.146,0.911,0.056
3624.13,-0.183,0.913,0.039
3624.31,-0.163,0.914,0.035
3624.5,-0.172,0.915,0.034
3624.68,-0.136,0.918,0.027
3624.86,-0.171,0.917,0.012
3625.4,-0.144,0.914,0.026
3625.22,-0.184,0.919,0.027
3625.41,-0.16,0.919,0.027
3625.59,-0.143,0.918,0.043
3625.77,-0.164,0.917,0.043
3625.95,-0.155,0.915,0.041
3627.23,-0.151,0.923,0.046
3627.41,-0.166,0.925,0.029
3627.59,-0.147,0.925,0.043
3627.78,-0.166,0.928,0.032
3627.96,-0.153,0.931,0.037
3628.14,-0.152,0.933,0.037
3628.32,-0.147,0.935,0.021
3628.51,-0.148,0.938,-0.012
3628.69,-0.172,0.942,-0.018
3628.87,-0.163,0.944,-0.01
3629.5,-0.182,0.946,-0.01
3629.23,-0.14,0.947,-0.02
3629.42,-0.159,0.95,-0.026
3629.6,-0.158,0.95,-0.026
3629.78,-0.173,0.95,-0.035
3629.96,-0.15,0.948,-0.002
3631.6,-0.153,0.956,0.055
3631.24,-0.136,0.957,0.032
3631.42,-0.151,0.961,0.042
3631.6,-0.154,0.966,0.013
3631.79,-0.14,0.966,0.032
3631.97,-0.159,0.965,0.055
3632.15,-0.133,0.965,0.038
3632.33,-0.157,0.969,0.053
3632.52,-0.144,0.971,0.044
3632.7,-0.154,0.968,0.044
3632.88,-0.139,0.966,0.051
3633.6,-0.159,0.965,0.057
3633.25,-0.171,0.963,0.059
3633.43,-0.155,0.965,0.052
3633.61,-0.161,0.965,0.055
3633.79,-0.147,0.967,0.079
3633.97,-0.154,0.969,0.065
3634.16,-0.161,0.971,0.059
3634.34,-0.145,0.974,0.074
3634.52,-0.144,0.977,0.067
3634.7,-0.149,0.98,0.027
3634.89,-0.153,0.98,0.008
3635.7,-0.152,0.979,0.006
3635.25,-0.158,0.979,0.007
3635.43,-0.158,0.979,-0.001
3635.61,-0.145,0.978,0.006
3635.8,-0.178,0.977,0.014
3635.98,-0.167,0.976,0.013
3636.16,-0.16,0.976,0.016
3636.34,-0.176,0.978,0.028
3636.53,-0.156,0.983,0.013
3636.71,-0.151,0.984,0.042
3636.89,-0.17,0.987,0.041
3637.7,-0.15,0.989,0.046
3637.26,-0.151,0.991,0.054
3637.44,-0.148,0.993,0.054
3637.62,-0.169,0.992,0.083
3637.8,-0.134,0.992,0.058
3637.98,-0.172,0.994,0.056
3638.17,-0.162,0.995,0.055
3638.35,-0.145,0.994,0.062
3638.53,-0.167,0.992,0.05
3638.71,-0.152,0.995,0.057
3638.9,-0.149,0.995,0.045
3639.8,-0.158,0.996,0.057
3639.26,-0.142,0.999,0.063
3639.44,-0.144,0.996,0.056
3639.63,-0.144,0.999,0.045
3639.81,-0.161,0.998,0.051
3639.99,-0.146,0.999,0.04
3640.17,-0.142,0.999,0.059
3642.18,-0.147,1.004,0.057
3642.36,-0.16,1.005,0.039
3642.54,-0.151,1.003,0.063
3642.72,-0.165,1.002,0.054
3642.91,-0.158,1.002,0.075
3643.9,-0.164,1.003,0.054
3643.27,-0.174,1.004,0.056
3643.45,-0.148,1.005,0.043
3643.63,-0.157,1.008,0.063
3643.82,-0.148,1.009,0.038
3644.0,-0.149,1.009,0.047
3650.2,-0.15,1.03,0.064
3650.38,-0.157,1.028,0.058
3650.56,-0.148,1.031,0.048
3650.74,-0.148,1.032,0.038
3650.93,-0.165,1.031,0.055
3651.11,-0.148,1.031,0.054
3651.29,-0.137,1.032,0.042
3651.47,-0.155,1.034,0.026
3651.65,-0.154,1.036,0.018
3651.84,-0.156,1.04,0.008
3652.2,-0.159,1.041,0.007
3652.2,-0.139,1.042,0.026
3652.38,-0.17,1.041,0.025
3652.57,-0.164,1.044,0.018
3652.75,-0.144,1.041,0.015
3652.93,-0.158,1.041,0.021
3653.11,-0.146,1.045,0.021
3653.29,-0.136,1.046,0.02
3653.48,-0.159,1.046,0.004
3653.66,-0.158,1.042,0.002
3653.84,-0.158,1.041,0.01
3654.2,-0.146,1.042,0.028
3654.21,-0.147,1.039,0.04
3654.39,-0.164,1.039,0.028
3654.57,-0.153,1.039,0.042
3654.75,-0.133,1.039,0.046
3654.94,-0.144,1.035,0.075
3655.12,-0.168,1.036,0.072
3655.3,-0.15,1.037,0.074
3655.48,-0.145,1.039,0.088
3657.3,-0.167,1.053,0.011
3657.49,-0.138,1.054,0.009
3657.67,-0.15,1.058,0.01
3657.85,-0.181,1.06,0.005
3658.3,-0.139,1.06,0.014
3658.22,-0.158,1.065,0.02
3658.4,-0.16,1.07,0.016
3658.58,-0.136,1.07,0.024
3658.76,-0.175,1.074,0.025
3658.95,-0.131,1.075,0.016
3659.13,-0.158,1.074,0.028
3664.78,-0.144,1.108,0.055
3664.96,-0.148,1.111,0.07
3665.14,-0.174,1.113,0.05
3665.32,-0.158,1.111,0.067
3665.51,-0.174,1.112,0.049
3665.69,-0.148,1.109,0.063
3665.87,-0.168,1.109,0.066
3666.5,-0.145,1.112,0.037
3666.24,-0.167,1.111,0.056
3666.42,-0.149,1.114,0.056
3666.6,-0.149,1.114,0.046
3666.78,-0.151,1.118,0.069
3666.97,-0.146,1.119,0.071
3667.15,-0.149,1.121,0.098
3667.33,-0.134,1.118,0.074
3667.51,-0.156,1.122,0.08
3667.69,-0.119,1.123,0.059
3667.88,-0.156,1.121,0.039
3668.6,-0.154,1.121,0.011
3668.24,-0.152,1.119,0.024
3668.42,-0.14,1.119,0.039
3668.61,-0.162,1.119,0.05
3668.79,-0.148,1.118,0.064
3668.97,-0.159,1.119,0.039
3669.15,-0.147,1.122,0.047
3669.34,-0.142,1.122,0.031
3669.52,-0.144,1.124,0.063
3669.7,-0.15,1.126,0.06
3669.88,-0.143,1.126,0.058
3670.6,-0.139,1.128,0.056
3670.25,-0.162,1.131,0.059
3670.43,-0.149,1.131,0.047
3670.61,-0.153,1.13,0.057
3670.79,-0.17,1.134,0.054
3670.98,-0.151,1.136,0.045
3671.16,-0.135,1.136,0.033
3671.34,-0.179,1.136,0.039
3671.52,-0.146,1.14,0.046
3671.71,-0.109,1.14,0.045
3671.89,-0.196,1.142,0.018
3672.7,-0.136,1.141,-0.044
3672.25,-0.171,1.141,-0.076
3672.43,-0.145,1.142,-0.06
3672.62,-0.179,1.144,-0.009
3672.8,-0.15,1.144,-0.004
3672.98,-0.173,1.141,0.011
3673.16,-0.17,1.139,0.006
3673.35,-0.156,1.139,0.016
3673.53,-0.117,1.141,0.026
3673.71,-0.179,1.142,0.01
3673.89,-0.161,1.142,0.032
3674.7,-0.152,1.142,0.022
3674.26,-0.158,1.144,0.027
3674.44,-0.163,1.149,0.034
3674.62,-0.123,1.15,0.028
3674.8,-0.178,1.152,0.01
3674.99,-0.133,1.153,0.032
3675.17,-0.19,1.156,0.026
3675.35,-0.138,1.157,-0.005
3675.53,-0.178,1.156,0.0
3675.71,-0.168,1.155,-0.009
3675.9,-0.167,1.155,-0.041
3676.8,-0.132,1.155,-0.031
3676.26,-0.156,1.157,-0.081
3676.44,-0.145,1.158,-0.09
3676.63,-0.179,1.161,-0.061
3676.81,-0.084,1.162,0.012
3676.99,-0.229,1.166,0.003
3677.17,-0.07,1.165,0.004
3677.36,-0.199,1.161,0.007
3677.54,-0.165,1.168,-0.007
3677.72,-0.143,1.163,0.005
3677.9,-0.177,1.163,-0.05
3678.8,-0.123,1.164,-0.02
3678.27,-0.213,1.168,0.026
3678.45,-0.079,1.168,0.012
3678.63,-0.22,1.171,-0.045
3678.81,-0.123,1.17,0.0
3679.0,-0.21,1.175,-0.005
3679.18,-0.112,1.173,0.018
3679.36,-0.222,1.176,-0.007
3679.54,-0.109,1.174,0.001
3679.73,-0.208,1.177,0.04
3679.91,-0.073,1.178,0.048
3680.9,-0.243,1.177,0.069
3680.27,-0.137,1.18,0.086
3680.45,-0.166,1.179,0.073
3680.64,-0.161,1.179,0.069
3680.82,-0.146,1.176,0.037
3681.0,-0.171,1.177,0.054
3681.18,-0.125,1.174,0.037
3681.37,-0.213,1.178,0.06
3681.55,-0.111,1.178,0.035
3681.73,-0.19,1.176,0.034
3681.91,-0.153,1.179,0.055
3682.9,-0.133,1.177,0.075
3685.74,-0.17,1.183,-0.053
3685.92,-0.152,1.182,-0.037
3686.1,-0.168,1.18,-0.014
3686.29,-0.137,1.179,-0.021
3686.47,-0.158,1.175,-0.038
3686.65,-0.143,1.172,-0.006
3686.83,-0.167,1.171,0.028
3687.1,-0.135,1.17,0.032
3687.2,-0.14,1.171,-0.001
3687.38,-0.157,1.17,-0.01
3687.56,-0.158,1.172,-0.041
3687.74,-0.174,1.173,-0.035
3687.93,-0.157,1.171,0.012
3688.11,-0.15,1.171,-0.019
3688.29,-0.155,1.171,-0.009
3688.47,-0.162,1.17,-0.021
3688.65,-0.15,1.169,-0.043
3688.84,-0.171,1.168,-0.028
3689.2,-0.162,1.171,0.008
3689.2,-0.154,1.172,-0.006
3689.38,-0.153,1.174,-0.002
3689.57,-0.152,1.175,0.008
3689.75,-0.172,1.176,0.02
3689.93,-0.139,1.175,0.043
3690.11,-0.171,1.177,0.047
3690.29,-0.148,1.175,0.035
3690.48,-0.157,1.174,0.071
3690.66,-0.151,1.175,0.071
3690.84,-0.167,1.177,0.048
3691.2,-0.134,1.179,0.037
3691.21,-0.159,1.182,0.067
3691.39,-0.144,1.183,0.042
3691.57,-0.167,1.185,0.043
3691.75,-0.144,1.188,0.055
3691.94,-0.134,1.19,0.058
3692.12,-0.163,1.194,0.049
3692.3,-0.152,1.196,0.038
3692.48,-0.154,1.197,0.06
3693.76,-0.133,1.202,0.045
3693.94,-0.14,1.202,0.04
3694.12,-0.163,1.206,0.034
3694.3,-0.132,1.206,0.056
3694.49,-0.146,1.207,0.047
3694.67,-0.161,1.206,0.049
3694.85,-0.143,1.205,0.048
3695.3,-0.167,1.208,0.021
3695.22,-0.151,1.209,0.033
3695.4,-0.159,1.211,0.017
3700.87,-0.157,1.231,-0.0
3701.5,-0.138,1.232,-0.019
3701.23,-0.171,1.229,-0.004
3701.41,-0.118,1.23,-0.007
3701.6,-0.173,1.23,0.003
3701.78,-0.143,1.232,0.01
3701.96,-0.156,1.233,0.013
3702.14,-0.164,1.233,0.011
3702.32,-0.152,1.234,0.017
3702.51,-0.172,1.24,0.02
3702.69,-0.134,1.239,0.04
3702.87,-0.167,1.237,0.02
3703.5,-0.157,1.241,0.042
3703.24,-0.171,1.242,0.031
3703.42,-0.136,1.246,0.046
3703.6,-0.172,1.245,0.069
3703.78,-0.177,1.25,0.043
3703.97,-0.121,1.25,0.058
3704.15,-0.195,1.25,0.068
3704.33,-0.117,1.25,0.058
3704.51,-0.201,1.252,0.051
3704.69,-0.13,1.254,0.059
3704.88,-0.159,1.254,0.038
3705.6,-0.191,1.256,0.04
3705.24,-0.127,1.26,0.044
3705.42,-0.185,1.265,0.063
3705.61,-0.157,1.264,0.045
3705.79,-0.181,1.266,0.056
3705.97,-0.137,1.267,0.046
3706.15,-0.185,1.269,0.054
3706.34,-0.138,1.265,0.021
3706.52,-0.161,1.268,0.045
3706.7,-0.147,1.268,0.046
3706.88,-0.168,1.266,0.039
3707.6,-0.14,1.266,0.053
3707.25,-0.183,1.268,0.077
3707.43,-0.121,1.267,0.069
3707.61,-0.171,1.266,0.069
3707.79,-0.131,1.27,0.069
3707.98,-0.151,1.27,0.073
3708.16,-0.163,1.27,0.06
3708.34,-0.145,1.272,0.068
3708.52,-0.183,1.275,0.061
3708.7,-0.153,1.279,0.078
3708.89,-0.159,1.28,0.057
3709.7,-0.158,1.279,0.08
3709.25,-0.143,1.279,0.082
3709.43,-0.158,1.279,0.078
3709.62,-0.142,1.28,0.082
3709.8,-0.15,1.279,0.079
3709.98,-0.125,1.278,0.08
3710.16,-0.165,1.28,0.088
3710.35,-0.15,1.281,0.087
3710.53,-0.126,1.278,0.059
3710.71,-0.175,1.279,0.076
3710.89,-0.138,1.282,0.075
3711.7,-0.152,1.28,0.044
3711.26,-0.161,1.281,0.063
3711.44,-0.147,1.28,0.059
3711.62,-0.137,1.281,0.057
3711.8,-0.171,1.281,0.065
3711.99,-0.159,1.286,0.061
3712.17,-0.167,1.285,0.046
3712.35,-0.117,1.283,0.035
3712.53,-0.185,1.285,0.039
3712.71,-0.133,1.286,0.004
3712.9,-0.18,1.286,0.019
3713.8,-0.147,1.286,0.017
3713.26,-0.137,1.284,0.04
3713.44,-0.141,1.284,0.073
3713.63,-0.132,1.286,0.086
3713.81,-0.153,1.288,0.086
3713.99,-0.149,1.289,0.083
3714.17,-0.183,1.294,0.049
3714.35,-0.14,1.295,0.054
3714.54,-0.193,1.293,0.046
3714.72,-0.151,1.293,0.053
3714.9,-0.165,1.295,0.045
3715.8,-0.152,1.298,0.065
3715.27,-0.177,1.296,0.063
3715.45,-0.135,1.295,0.057
3715.63,-0.148,1.293,0.057
3715.81,-0.152,1.295,0.036
3716.0,-0.174,1.293,0.003
3716.18,-0.15,1.294,0.009
3716.36,-0.135,1.298,0.025
3716.54,-0.147,1.299,0.057
3716.72,-0.173,1.301,0.046
3716.91,-0.142,1.301,0.042
3717.9,-0.156,1.306,-0.043
3717.27,-0.164,1.302,-0.038
3717.45,-0.152,1.304,-0.009
3717.64,-0.154,1.306,-0.005
3717.82,-0.161,1.309,-0.032
3718.0,-0.172,1.312,-0.036
3718.18,-0.171,1.314,-0.041
3718.36,-0.15,1.314,-0.038
3718.55,-0.149,1.314,-0.044
3718.73,-0.153,1.317,-0.034
3718.91,-0.164,1.318,-0.01
3719.9,-0.151,1.32,-0.001
3719.64,-0.168,1.324,-0.01
3719.82,-0.14,1.324,-0.04
3720.1,-0.169,1.328,-0.024
3720.19,-0.149,1.329,-0.038
3720.37,-0.166,1.329,-0.035
3720.55,-0.162,1.328,-0.026
3720.73,-0.16,1.328,-0.049
3720.92,-0.162,1.328,-0.074
3721.1,-0.152,1.329,-0.06
3721.28,-0.163,1.33,-0.067
3721.46,-0.161,1.332,-0.049
3726.75,-0.158,1.363,0.071
3726.93,-0.137,1.365,0.047
3727.11,-0.166,1.37,0.075
3727.3,-0.167,1.372,0.066
3727.48,-0.163,1.373,0.07
3727.66,-0.161,1.372,0.064
3727.84,-0.159,1.369,0.06
3728.3,-0.151,1.371,0.063
3728.21,-0.148,1.372,0.061
3728.39,-0.155,1.375,0.06
3728.57,-0.166,1.377,0.056
3728.75,-0.15,1.379,0.054
3728.94,-0.173,1.381,0.059
3729.12,-0.162,1.379,0.046
3729.3,-0.16,1.379,0.053
3729.48,-0.162,1.38,0.044
3729.67,-0.153,1.38,0.051
3729.85,-0.146,1.38,0.051
3730.3,-0.154,1.381,0.054
3730.21,-0.171,1.383,0.045
3730.4,-0.146,1.384,0.046
3730.58,-0.159,1.383,0.041
3730.76,-0.161,1.385,0.056
3730.94,-0.159,1.385,0.044
3731.12,-0.153,1.384,0.052
3731.31,-0.174,1.385,0.046
3731.49,-0.15,1.386,0.061
3731.67,-0.151,1.386,0.049
3731.85,-0.17,1.387,0.044
3732.4,-0.169,1.386,0.05
3732.22,-0.154,1.386,0.052
3732.4,-0.158,1.386,0.051
3732.58,-0.149,1.387,0.062
3732.77,-0.178,1.388,0.06
3732.95,-0.17,1.386,0.048
3733.13,-0.168,1.386,0.059
3733.31,-0.167,1.384,0.051
3733.49,-0.164,1.385,0.06
3733.68,-0.164,1.386,0.059
3733.86,-0.162,1.386,0.035
3734.4,-0.159,1.387,0.038
3734.22,-0.168,1.388,0.027
3734.41,-0.162,1.39,0.05
3734.59,-0.163,1.39,0.041
3734.77,-0.164,1.39,0.047
3734.95,-0.152,1.392,0.05
3735.14,-0.143,1.392,0.053
3735.32,-0.177,1.394,0.046
3735.5,-0.146,1.394,0.034
3735.68,-0.162,1.395,0.035
3735.86,-0.152,1.397,0.048
3736.5,-0.155,1.396,0.056
3736.23,-0.161,1.398,0.061
3736.41,-0.17,1.398,0.048
3736.59,-0.155,1.398,0.019
3736.78,-0.169,1.4,-0.017
3736.96,-0.174,1.4,-0.036
3737.14,-0.167,1.4,-0.092
3737.32,-0.172,1.404,-0.129
3739.69,-0.154,1.411,0.016
3739.87,-0.178,1.412,0.014
3740.6,-0.179,1.412,-0.0
3740.24,-0.159,1.412,0.014
3740.42,-0.149,1.413,-0.015
3740.6,-0.165,1.417,-0.025
3740.79,-0.156,1.42,-0.028
3740.97,-0.164,1.42,-0.056
3741.15,-0.164,1.42,-0.073
3741.33,-0.166,1.425,-0.065
3741.51,-0.144,1.427,-0.03
3741.7,-0.156,1.427,-0.014
3741.88,-0.175,1.427,-0.015
3742.6,-0.155,1.429,0.002
3742.24,-0.161,1.429,0.011
3742.43,-0.169,1.429,0.015
3742.61,-0.165,1.426,0.025
3742.79,-0.155,1.423,0.033
3742.97,-0.171,1.421,0.052
3743.15,-0.147,1.422,0.035
3743.34,-0.171,1.424,0.067
3743.52,-0.163,1.427,0.064
3743.7,-0.167,1.428,0.059
3744.8,-0.161,1.429,0.047
3744.98,-0.149,1.429,0.038
3745.16,-0.151,1.431,0.032
3745.34,-0.163,1.432,0.05
3745.52,-0.154,1.43,0.06
3745.71,-0.161,1.431,0.063
3745.89,-0.169,1.432,0.074
3746.7,-0.163,1.434,0.079
3746.25,-0.167,1.436,0.085
3746.44,-0.156,1.434,0.092
3746.62,-0.184,1.435,0.088
3746.8,-0.16,1.436,0.067
3746.98,-0.152,1.436,0.072
3747.17,-0.144,1.436,0.075
3747.35,-0.174,1.438,0.063
3747.53,-0.136,1.438,0.057
3747.71,-0.176,1.438,0.075
3749.53,-0.227,1.454,0.018
3749.72,-0.139,1.457,0.066
3749.9,-0.189,1.457,0.081
3750.8,-0.143,1.457,0.058
3750.26,-0.166,1.455,0.061
3750.45,-0.138,1.454,0.037
3750.63,-0.167,1.457,0.045
3750.81,-0.161,1.459,0.049
3750.99,-0.133,1.459,0.074
3751.17,-0.172,1.462,0.085
3751.36,-0.17,1.464,0.06
3751.54,-0.156,1.462,0.076
3751.72,-0.18,1.465,0.047
3751.9,-0.158,1.469,0.065
3752.9,-0.152,1.47,0.069
3752.27,-0.175,1.471,0.07
3752.45,-0.134,1.469,0.073
3752.63,-0.156,1.468,0.065
3753.91,-0.142,1.477,0.071
3754.9,-0.161,1.479,0.051
3754.27,-0.146,1.482,0.04
3754.46,-0.174,1.482,0.027
3754.64,-0.163,1.485,0.052
3754.82,-0.178,1.487,0.054
3755.0,-0.148,1.489,0.039
3755.18,-0.166,1.486,0.049
3755.37,-0.144,1.489,0.039
3755.55,-0.159,1.491,0.057
3755.73,-0.142,1.491,0.035
3761.2,-0.136,1.521,0.075
3761.38,-0.169,1.521,0.053
3761.56,-0.151,1.523,0.035
3761.75,-0.14,1.523,0.055
3761.93,-0.163,1.526,0.032
3762.11,-0.164,1.529,0.058
3762.29,-0.161,1.533,0.054
3762.48,-0.137,1.533,0.059
3762.66,-0.185,1.533,0.041
3762.84,-0.148,1.534,0.061
3763.2,-0.162,1.534,0.061
3763.2,-0.167,1.533,0.059
3763.39,-0.177,1.534,0.055
3763.57,-0.136,1.534,0.046
3763.75,-0.177,1.535,0.053
3763.93,-0.145,1.534,0.044
3764.12,-0.142,1.536,0.039
3764.3,-0.165,1.536,0.058
3764.48,-0.152,1.537,0.038
3764.66,-0.144,1.536,0.038
3768.31,-0.181,1.554,0.047
3768.49,-0.164,1.556,0.056
3768.67,-0.188,1.555,0.042
3768.86,-0.161,1.556,0.034
3769.4,-0.141,1.556,0.037
3769.22,-0.127,1.557,0.043
3769.4,-0.189,1.56,0.026
3769.58,-0.137,1.557,0.037
3769.77,-0.177,1.56,0.023
3769.95,-0.149,1.557,0.013
3770.13,-0.166,1.558,0.027
3770.31,-0.179,1.558,0.022
3770.5,-0.164,1.561,0.044
3770.68,-0.127,1.564,0.048
3770.86,-0.182,1.568,0.033
3771.4,-0.183,1.569,0.058
3771.23,-0.173,1.572,0.042
3771.41,-0.145,1.572,0.05
3771.59,-0.157,1.571,0.048
3771.77,-0.182,1.571,0.034
3771.95,-0.142,1.572,0.049
3772.14,-0.174,1.571,0.043
3772.32,-0.157,1.57,0.052
3772.5,-0.193,1.573,0.033
3772.68,-0.12,1.572,0.049
3772.87,-0.192,1.576,0.06
3773.5,-0.149,1.577,0.073
3773.23,-0.179,1.578,0.074
3773.41,-0.151,1.58,0.079
3773.59,-0.174,1.577,0.055
3773.78,-0.171,1.576,0.075
3773.96,-0.162,1.577,0.041
3774.14,-0.153,1.58,0.058
3774.32,-0.163,1.584,0.071
3774.51,-0.15,1.587,0.071
3777.79,-0.145,1.616,0.059
3777.97,-0.173,1.616,0.053
3778.15,-0.152,1.615,0.038
3778.33,-0.174,1.613,0.003
3778.52,-0.171,1.613,0.02
3778.7,-0.171,1.612,0.006
3778.88,-0.169,1.611,-0.005
3779.6,-0.157,1.61,-0.011
3779.25,-0.165,1.61,0.001
3779.43,-0.167,1.612,0.016
3779.61,-0.16,1.612,0.015
3779.79,-0.168,1.615,0.006
3779.97,-0.166,1.616,0.024
3780.16,-0.154,1.619,0.009
3780.34,-0.174,1.625,0.016
3780.52,-0.148,1.626,0.034
3780.7,-0.17,1.627,0.051
3780.89,-0.167,1.63,0.052
3781.7,-0.135,1.632,0.069
3781.25,-0.168,1.633,0.051
3781.43,-0.174,1.638,0.056
3781.62,-0.134,1.639,0.052
3781.8,-0.163,1.643,0.046
3781.98,-0.15,1.646,0.05
3783.26,-0.144,1.664,0.065
3783.44,-0.161,1.664,0.065
3783.62,-0.158,1.668,0.061
3783.8,-0.157,1.666,0.057
3783.99,-0.165,1.67,0.064
3784.17,-0.152,1.67,0.065
3784.35,-0.17,1.675,0.047
3784.53,-0.154,1.678,0.049
3784.71,-0.142,1.679,0.076
3784.9,-0.157,1.678,0.054
3785.8,-0.136,1.678,0.051
3790.91,-0.153,1.688,0.082
3791.9,-0.17,1.69,0.084
3791.28,-0.159,1.69,0.069
3791.46,-0.14,1.691,0.053
3791.64,-0.153,1.689,0.033
3791.82,-0.169,1.689,0.041
3792.1,-0.139,1.69,0.046
3792.19,-0.168,1.689,0.059
3792.37,-0.175,1.687,0.058
3792.55,-0.16,1.688,0.047
3792.73,-0.178,1.688,0.068
3792.92,-0.157,1.688,0.06
3793.1,-0.163,1.688,0.051
3793.28,-0.157,1.691,0.047
3793.46,-0.163,1.691,0.065
3793.65,-0.164,1.693,0.047
3793.83,-0.155,1.693,0.043
3794.56,-0.15,1.693,0.031
3794.74,-0.164,1.694,0.045
3794.92,-0.147,1.694,0.041
3795.1,-0.144,1.697,0.044
3795.29,-0.16,1.697,0.028
3795.47,-0.17,1.698,0.054
3795.65,-0.169,1.703,0.044
3795.83,-0.146,1.7,0.046
3796.2,-0.167,1.7,0.062
3796.2,-0.156,1.7,0.045
3796.38,-0.15,1.697,0.042
3796.56,-0.183,1.699,0.04
3796.74,-0.171,1.703,0.031
3796.93,-0.158,1.701,0.037
3797.11,-0.161,1.702,0.039
3797.29,-0.17,1.702,0.032
3797.47,-0.149,1.703,0.035
3797.66,-0.154,1.702,0.046
3797.84,-0.18,1.702,0.05
3799.11,-0.157,1.71,0.045
3799.3,-0.162,1.711,0.038
3799.48,-0.157,1.713,0.026
3799.66,-0.152,1.711,0.035
3799.84,-0.177,1.711,0.028
3800.2,-0.156,1.711,0.029
3800.21,-0.182,1.711,0.05
3800.39,-0.144,1.712,0.054
3800.57,-0.152,1.715,0.053
3800.75,-0.162,1.717,0.042
3800.94,-0.173,1.718,0.05
3801.12,-0.148,1.717,0.055
3801.3,-0.178,1.718,0.052
3801.48,-0.169,1.719,0.044
3801.67,-0.149,1.721,0.047
3801.85,-0.177,1.722,0.066
3802.3,-0.176,1.723,0.048
3802.21,-0.159,1.724,0.066
3802.39,-0.158,1.727,0.062
3802.58,-0.155,1.727,0.048
3802.76,-0.158,1.726,0.069
3802.94,-0.158,1.726,0.047
3803.12,-0.146,1.727,0.06
3803.31,-0.146,1.726,0.062
3803.49,-0.155,1.727,0.054
3803.67,-0.184,1.73,0.047
3803.85,-0.147,1.73,0.032
3804.3,-0.159,1.732,0.039
3804.22,-0.158,1.73,0.05
3804.4,-0.17,1.732,0.068
3804.58,-0.142,1.731,0.05
3805.86,-0.163,1.74,0.033
3806.4,-0.16,1.742,0.034
3806.22,-0.148,1.744,0.037
3806.4,-0.171,1.746,0.025
3806.59,-0.144,1.746,0.049
3806.77,-0.163,1.745,0.026
3806.95,-0.144,1.745,0.06
3807.13,-0.163,1.747,0.037
3807.31,-0.153,1.749,0.025
3807.5,-0.168,1.745,0.026
3807.68,-0.156,1.746,0.024
3807.86,-0.154,1.748,0.013
3808.4,-0.156,1.749,0.026
3808.23,-0.175,1.751,0.02
3808.41,-0.158,1.756,0.023
3808.59,-0.171,1.759,0.042
3808.77,-0.164,1.757,0.042
3808.96,-0.146,1.756,0.044
3809.14,-0.159,1.758,0.033
3809.32,-0.148,1.758,0.024
3809.5,-0.16,1.757,0.016
3809.68,-0.148,1.76,-0.0
3809.87,-0.159,1.763,0.009
3810.5,-0.142,1.764,0.007
3810.23,-0.163,1.766,0.006
3810.41,-0.155,1.767,0.016
3810.6,-0.172,1.769,0.043
3810.78,-0.146,1.771,0.051
3812.78,-0.155,1.781,0.051
3812.96,-0.148,1.785,0.056
3813.15,-0.14,1.786,0.055
3813.33,-0.155,1.787,0.039
3813.51,-0.15,1.789,0.057
3813.69,-0.149,1.791,0.04
3813.88,-0.163,1.795,0.047
3814.6,-0.156,1.796,0.071
3814.24,-0.148,1.797,0.069
3814.42,-0.187,1.798,0.08
3820.7,-0.168,1.825,0.01
3820.25,-0.164,1.824,0.003
3820.44,-0.144,1.824,0.008
3820.62,-0.152,1.824,0.007
3820.8,-0.164,1.825,0.001
3820.98,-0.153,1.825,0.0
3821.17,-0.16,1.825,0.032
3821.35,-0.147,1.827,0.022
3821.53,-0.174,1.832,0.038
3821.71,-0.137,1.833,0.045
3821.89,-0.166,1.836,0.044
3822.8,-0.154,1.836,0.049
3822.26,-0.153,1.835,0.077
3822.44,-0.168,1.835,0.052
3822.62,-0.114,1.835,0.063
3822.81,-0.164,1.839,0.065
3822.99,-0.176,1.839,0.06
3823.17,-0.145,1.838,0.057
3823.35,-0.148,1.836,0.059
3823.53,-0.183,1.841,0.052
3823.72,-0.125,1.838,0.068
3823.9,-0.194,1.84,0.071
3824.8,-0.135,1.841,0.073
3824.26,-0.172,1.841,0.076
3824.45,-0.165,1.843,0.067
3824.63,-0.142,1.845,0.084
3824.81,-0.16,1.845,0.088
3824.99,-0.178,1.846,0.058
3825.18,-0.172,1.847,0.061
3825.36,-0.157,1.849,0.055
3825.54,-0.157,1.847,0.049
3825.72,-0.176,1.845,0.03
3825.9,-0.135,1.847,0.0
3826.9,-0.157,1.845,0.01
3826.27,-0.169,1.848,-0.024
3826.45,-0.121,1.846,0.006
3826.63,-0.19,1.845,-0.005
3826.82,-0.128,1.845,-0.012
3827.0,-0.164,1.845,0.006
3827.18,-0.165,1.845,0.032
3827.36,-0.165,1.846,0.029
3827.54,-0.151,1.846,0.032
3827.73,-0.167,1.847,0.019
3827.91,-0.174,1.848,0.034
3828.9,-0.159,1.85,0.035
3828.27,-0.153,1.851,0.04
3828.46,-0.155,1.853,0.05
3828.64,-0.173,1.855,0.043
3828.82,-0.153,1.853,0.058
3829.0,-0.183,1.856,0.035
3829.19,-0.146,1.852,0.049
3829.37,-0.158,1.851,0.058
3829.55,-0.16,1.851,0.043
3829.73,-0.163,1.854,0.064
3829.91,-0.146,1.854,0.057
3830.1,-0.163,1.854,0.069
3830.28,-0.147,1.857,0.072
3830.46,-0.175,1.854,0.049
3830.64,-0.141,1.854,0.052
3830.83,-0.16,1.854,0.053
3831.1,-0.142,1.855,0.035
3831.19,-0.139,1.854,0.023
3832.47,-0.157,1.858,-0.172
3832.65,-0.155,1.856,-0.155
3832.83,-0.17,1.857,-0.095
3833.1,-0.153,1.857,-0.072
3833.19,-0.16,1.855,-0.03
3833.38,-0.172,1.854,-0.007
3833.56,-0.136,1.856,0.038
3833.74,-0.184,1.859,0.032
3833.92,-0.161,1.861,0.026
3834.11,-0.177,1.862,0.043
3834.29,-0.127,1.864,0.046
3834.47,-0.154,1.863,0.066
3834.65,-0.157,1.863,0.054
3834.84,-0.156,1.864,0.056
3835.2,-0.157,1.862,0.053
3835.2,-0.158,1.864,0.069
3835.38,-0.148,1.866,0.072
3835.56,-0.181,1.862,0.061
3835.75,-0.167,1.862,0.062
3835.93,-0.185,1.862,0.053
3836.11,-0.152,1.864,0.057
3836.29,-0.146,1.866,0.061
3836.48,-0.166,1.869,0.056
3836.66,-0.158,1.871,0.045
3836.84,-0.142,1.872,0.043
3837.2,-0.154,1.877,0.05
3837.21,-0.146,1.88,0.059
3837.39,-0.19,1.88,0.059
3837.57,-0.151,1.877,0.069
3837.75,-0.158,1.877,0.062
3837.93,-0.161,1.878,0.048
3838.12,-0.173,1.879,0.03
3838.3,-0.16,1.88,0.043
3838.48,-0.147,1.88,0.024
3838.66,-0.157,1.882,0.017
3838.85,-0.162,1.883,0.04
3839.3,-0.151,1.885,0.044
3839.21,-0.152,1.883,0.045
3839.39,-0.155,1.882,0.033
3839.57,-0.177,1.88,0.031
3839.76,-0.152,1.881,0.005
3839.94,-0.146,1.881,0.035
3840.12,-0.143,1.886,-0.024
3840.3,-0.145,1.886,0.02
3840.49,-0.182,1.888,0.032
3840.67,-0.143,1.888,0.042
3840.85,-0.17,1.888,-0.005
3841.3,-0.164,1.889,-0.021
3841.21,-0.148,1.89,-0.022
3841.4,-0.174,1.894,-0.006
3841.58,-0.163,1.896,-0.028
3841.76,-0.162,1.897,-0.015
3841.94,-0.157,1.896,-0.02
3842.13,-0.167,1.897,-0.016
3842.31,-0.173,1.894,-0.011
3842.49,-0.154,1.892,-0.016
3842.67,-0.192,1.889,-0.013
3842.86,-0.144,1.891,-0.001
3843.4,-0.171,1.891,-0.003
3843.22,-0.13,1.891,0.004
3843.4,-0.173,1.89,0.031
3843.58,-0.157,1.892,0.012
3843.77,-0.172,1.893,0.027
3843.95,-0.171,1.893,0.042
3844.13,-0.169,1.894,0.055
3844.31,-0.141,1.898,0.043
3844.5,-0.187,1.898,0.056
3844.68,-0.163,1.9,0.046
3844.86,-0.159,1.898,0.071
3845.4,-0.196,1.897,0.065
3845.22,-0.119,1.896,0.076
3845.41,-0.21,1.899,0.063
3845.59,-0.136,1.898,0.041
3845.77,-0.169,1.902,0.051
3845.95,-0.152,1.902,0.055
3846.14,-0.155,1.9,0.045
3846.32,-0.166,1.899,0.058
3846.5,-0.159,1.901,0.051
3847.59,-0.176,1.908,0.067
3847.78,-0.127,1.907,0.066
3847.96,-0.174,1.907,0.041
3848.14,-0.155,1.906,0.055
3848.32,-0.159,1.904,0.058
3848.51,-0.158,1.904,0.041
3848.69,-0.169,1.908,0.049
3848.87,-0.157,1.908,0.048
3849.5,-0.16,1.91,0.052
3849.23,-0.167,1.91,0.053
3849.42,-0.151,1.912,0.062
3849.6,-0.164,1.915,0.058
3849.78,-0.152,1.915,0.041
3849.96,-0.148,1.915,0.057
3850.15,-0.174,1.918,0.053
3850.33,-0.137,1.918,0.054
3850.51,-0.171,1.916,0.047
3850.69,-0.15,1.917,0.051
3850.87,-0.186,1.916,0.046
3851.6,-0.151,1.915,0.051
3851.24,-0.156,1.918,0.064
3851.42,-0.167,1.919,0.07
3851.6,-0.123,1.919,0.068
3851.79,-0.187,1.924,0.053
3851.97,-0.133,1.923,0.054
3853.6,-0.164,1.924,0.019
3853.24,-0.15,1.923,0.027
3853.43,-0.173,1.922,0.031
3853.61,-0.152,1.923,0.027
3853.79,-0.164,1.925,0.041
3853.97,-0.154,1.922,0.038
3854.16,-0.141,1.924,0.044
3854.34,-0.151,1.924,-0.003
3854.52,-0.187,1.926,-0.003
3854.7,-0.156,1.925,0.005
3860.9,-0.176,1.957,0.078
3861.8,-0.153,1.956,0.074
3861.26,-0.161,1.956,0.064
3861.45,-0.148,1.953,0.062
3861.63,-0.192,1.957,0.068
3861.81,-0.124,1.956,0.077
3861.99,-0.168,1.956,0.044
3862.17,-0.162,1.957,0.065
3862.36,-0.196,1.96,0.055
3862.54,-0.159,1.959,0.064
3862.72,-0.175,1.96,0.055
3862.9,-0.148,1.961,0.057
3863.9,-0.163,1.96,0.054
3863.27,-0.154,1.961,0.061
3863.45,-0.157,1.96,0.06
3863.63,-0.167,1.959,0.061
3863.81,-0.166,1.963,0.055
3864.0,-0.159,1.963,0.08
3864.18,-0.154,1.965,0.067
3864.36,-0.156,1.966,0.063
3864.54,-0.144,1.97,0.046
3864.73,-0.183,1.974,0.046
3864.91,-0.174,1.973,0.038
3865.9,-0.186,1.974,0.031
3865.27,-0.13,1.975,0.056
3865.46,-0.163,1.975,0.052
3865.64,-0.167,1.974,0.049
3865.82,-0.144,1.976,0.056
3866.0,-0.163,1.976,0.054
3866.18,-0.159,1.976,0.04
3866.37,-0.166,1.982,0.022
3866.55,-0.166,1.982,-0.003
3866.73,-0.147,1.982,0.011
3866.91,-0.151,1.982,0.053
3867.1,-0.174,1.986,0.077
3867.28,-0.154,1.985,0.087
3867.46,-0.183,1.984,0.086
3867.64,-0.174,1.986,0.089
3867.82,-0.158,1.988,0.079
3868.1,-0.157,1.988,0.057
3868.19,-0.161,1.989,0.069
3868.37,-0.165,1.988,0.053
3868.55,-0.172,1.99,0.067
3872.38,-0.166,2.006,0.086
3872.56,-0.137,2.005,0.092
3872.75,-0.175,2.005,0.082
3872.93,-0.127,2.007,0.081
3873.11,-0.187,2.006,0.079
3873.29,-0.14,2.005,0.068
3873.47,-0.171,2.006,0.08
3873.66,-0.159,2.007,0.072
3873.84,-0.166,2.009,0.076
3874.2,-0.175,2.01,0.077
3874.2,-0.149,2.013,0.07
3874.39,-0.167,2.015,0.074
3874.57,-0.151,2.017,0.061
3874.75,-0.151,2.015,0.064
3874.93,-0.151,2.014,0.05
3875.11,-0.172,2.01,0.044
3875.3,-0.178,2.012,0.066
3875.48,-0.156,2.013,0.059
3875.66,-0.167,2.011,0.054
3875.84,-0.157,2.011,0.046
3876.3,-0.157,2.011,0.043
3876.21,-0.168,2.012,0.051
3876.39,-0.154,2.014,0.031
3876.57,-0.165,2.011,0.042
3876.76,-0.16,2.011,0.049
3876.94,-0.159,2.011,0.041
3877.12,-0.158,2.012,0.054
3877.3,-0.153,2.012,0.051
3877.48,-0.169,2.013,0.039
3877.67,-0.169,2.015,0.049
3877.85,-0.163,2.014,0.045
3879.12,-0.163,2.01,0.055
3879.31,-0.161,2.012,0.041
3879.49,-0.143,2.016,0.061
3879.67,-0.154,2.017,0.059
3879.85,-0.159,2.019,0.05
3880.4,-0.158,2.02,0.053
3880.22,-0.154,2.019,0.048
3880.4,-0.159,2.02,0.038
3880.58,-0.15,2.02,0.054
3880.77,-0.145,2.019,0.051
3880.95,-0.162,2.023,0.042
3886.41,-0.151,2.055,0.041
3886.6,-0.156,2.057,0.03
3886.78,-0.145,2.061,0.036
3886.96,-0.149,2.062,0.036
3887.14,-0.167,2.065,0.025
3887.33,-0.13,2.065,0.045
3887.51,-0.179,2.068,0.051
3887.69,-0.157,2.072,0.04
3887.87,-0.158,2.071,0.031
3888.5,-0.131,2.073,0.048
3888.24,-0.145,2.076,0.05
3888.42,-0.163,2.076,0.039
3888.6,-0.141,2.077,0.033
3888.78,-0.158,2.076,0.032
3888.97,-0.186,2.076,0.053
3889.15,-0.151,2.076,0.047
3889.33,-0.164,2.077,0.044
3889.51,-0.143,2.08,0.056
3889.7,-0.182,2.086,0.043
3889.88,-0.173,2.086,0.032
3890.6,-0.118,2.086,0.038
3890.24,-0.182,2.087,0.015
3890.42,-0.138,2.088,0.041
3890.61,-0.188,2.089,0.025
3890.79,-0.155,2.093,0.018
3890.97,-0.165,2.094,0.024
3891.15,-0.144,2.097,0.02
3891.34,-0.131,2.097,0.028
3891.52,-0.18,2.099,0.023
3891.7,-0.107,2.097,0.04
3891.88,-0.182,2.097,0.013
3892.6,-0.147,2.097,0.043
3892.25,-0.167,2.098,0.038
3893.52,-0.134,2.104,0.038
3893.7,-0.166,2.108,0.02
3893.89,-0.141,2.107,0.049
3894.7,-0.202,2.107,0.026
3894.25,-0.141,2.107,0.041
3894.43,-0.141,2.11,0.047
3894.62,-0.193,2.111,0.017
3894.8,-0.154,2.114,0.058
3894.98,-0.204,2.118,0.037
3895.16,-0.125,2.118,0.039
3901.54,-0.113,2.151,0.061
3901.72,-0.167,2.149,0.062
3901.91,-0.194,2.153,0.037
3902.9,-0.117,2.152,-0.005
3902.27,-0.149,2.157,0.031
3902.45,-0.155,2.159,-0.015
3902.64,-0.164,2.162,0.014
3902.82,-0.192,2.162,0.043
3903.0,-0.115,2.161,0.046
3903.18,-0.195,2.164,0.055
3903.36,-0.137,2.167,0.079
3903.55,-0.152,2.169,0.01
3903.73,-0.143,2.174,0.07
3903.91,-0.152,2.174,0.044
3904.9,-0.195,2.172,0.01
3904.28,-0.135,2.173,-0.0
3904.46,-0.174,2.176,0.018
3904.64,-0.138,2.175,0.013
3904.82,-0.245,2.176,0.027
3905.0,-0.095,2.177,0.044
3905.19,-0.25,2.177,0.04
3905.37,-0.125,2.178,0.047
3905.55,-0.187,2.182,0.049
3905.73,-0.193,2.184,0.021
3905.92,-0.117,2.184,0.005
3906.1,-0.173,2.187,0.033
3906.28,-0.121,2.189,0.061
3906.46,-0.181,2.192,0.049
3906.64,-0.124,2.193,0.074
3906.83,-0.163,2.196,0.11
3907.1,-0.167,2.199,0.083
3907.19,-0.137,2.201,0.117
3907.37,-0.184,2.201,0.083
3907.56,-0.164,2.204,0.069
3907.74,-0.126,2.203,0.062
3907.92,-0.19,2.202,0.079
3908.1,-0.134,2.205,0.07
3908.28,-0.151,2.207,0.068
3908.47,-0.172,2.208,0.073
3908.65,-0.134,2.208,0.081
3908.83,-0.184,2.209,0.064
3909.1,-0.133,2.205,0.075
3909.2,-0.195,2.206,0.075
3909.38,-0.142,2.207,0.086
3909.56,-0.139,2.206,0.073
3909.74,-0.216,2.211,0.071
3909.93,-0.12,2.211,0.064
3910.11,-0.175,2.215,0.08
3910.29,-0.141,2.217,0.073
3910.47,-0.194,2.213,0.108
3910.65,-0.119,2.215,0.077
3910.84,-0.194,2.218,0.085
3911.2,-0.143,2.222,0.082
3911.2,-0.159,2.222,0.065
3911.38,-0.19,2.225,0.047
3915.3,-0.154,2.247,0.06
3915.21,-0.165,2.248,0.068
3915.39,-0.165,2.248,0.075
3915.58,-0.153,2.248,0.06
3915.76,-0.156,2.247,0.06
3915.94,-0.154,2.247,0.071
3916.12,-0.134,2.248,0.047
3916.3,-0.176,2.25,0.037
3916.49,-0.146,2.25,0.05
3916.67,-0.207,2.253,0.043
3916.85,-0.157,2.252,0.066
3917.3,-0.153,2.253,0.06
3923.5,-0.161,2.289,0.066
3923.23,-0.149,2.294,0.061
3923.41,-0.148,2.294,0.051
3923.59,-0.176,2.296,0.075
3923.78,-0.178,2.296,0.067
3923.96,-0.17,2.302,0.058
3924.14,-0.153,2.303,0.075
3924.32,-0.158,2.307,0.057
3924.51,-0.176,2.306,0.042
3924.69,-0.161,2.308,0.05
3924.87,-0.154,2.309,0.053
3925.5,-0.161,2.31,0.043
3925.23,-0.155,2.31,0.045
3925.42,-0.168,2.313,0.058
3925.6,-0.143,2.313,0.056
3925.78,-0.161,2.312,0.042
3925.96,-0.172,2.312,0.059
3926.15,-0.161,2.312,0.056
3926.33,-0.143,2.312,0.05
3926.51,-0.167,2.313,0.068
3926.69,-0.14,2.313,0.057
3926.88,-0.169,2.315,0.071
3927.6,-0.174,2.318,0.049
3927.24,-0.136,2.32,0.046
3927.42,-0.159,2.319,0.051
3927.6,-0.158,2.321,0.044
3927.79,-0.144,2.324,0.067
3927.97,-0.164,2.326,0.061
3928.15,-0.134,2.33,0.067
3928.33,-0.136,2.333,0.072
3928.52,-0.165,2.334,0.046
3928.7,-0.168,2.333,0.054
3929.79,-0.175,2.342,0.058
3929.97,-0.171,2.341,0.052
3930.16,-0.138,2.344,0.056
3930.34,-0.181,2.346,0.04
3930.52,-0.137,2.347,0.059
3930.7,-0.185,2.349,0.047
3930.88,-0.126,2.352,0.052
3931.7,-0.168,2.354,0.033
3931.25,-0.162,2.353,0.043
3931.43,-0.152,2.354,0.062
3931.61,-0.163,2.356,0.075
3931.8,-0.179,2.359,0.049
3931.98,-0.15,2.358,0.056
3932.16,-0.167,2.359,0.031
3932.34,-0.167,2.36,0.045
3932.53,-0.172,2.362,0.041
3932.71,-0.165,2.361,0.036
3932.89,-0.172,2.363,0.019
3933.7,-0.141,2.366,-0.005
3933.25,-0.157,2.368,0.013
3933.44,-0.19,2.368,-0.011
3933.62,-0.149,2.372,-0.02
3933.8,-0.197,2.375,-0.015
3933.98,-0.178,2.378,-0.023
3934.17,-0.137,2.376,-0.002
3934.35,-0.176,2.373,0.029
3934.53,-0.144,2.371,-0.001
3934.71,-0.214,2.372,0.047
3934.89,-0.11,2.374,0.023
3935.8,-0.173,2.374,0.011
3935.26,-0.155,2.38,0.012
3935.44,-0.117,2.379,0.041
3935.62,-0.169,2.38,0.034
3935.81,-0.153,2.381,0.05
3935.99,-0.174,2.381,0.05
3936.17,-0.161,2.381,0.068
3936.35,-0.151,2.381,0.066
3936.54,-0.136,2.381,0.055
3936.72,-0.168,2.383,0.064
3936.9,-0.149,2.384,0.065
3937.8,-0.173,2.386,0.068
3937.26,-0.143,2.386,0.088
3937.45,-0.147,2.386,0.098
3937.63,-0.153,2.39,0.081
3937.81,-0.173,2.394,0.088
3937.99,-0.158,2.396,0.069
3938.18,-0.156,2.4,0.069
3938.36,-0.166,2.401,0.06
3938.54,-0.162,2.402,0.055
3938.72,-0.158,2.405,0.049
3938.9,-0.152,2.408,0.048
3939.9,-0.183,2.409,0.029
3939.27,-0.148,2.41,0.057
3939.45,-0.175,2.414,0.027
3939.63,-0.142,2.415,0.045
3939.82,-0.178,2.421,0.051
3940.0,-0.158,2.418,0.038
3940.18,-0.165,2.42,0.052
3940.36,-0.14,2.419,0.062
3940.54,-0.17,2.419,0.034
3940.73,-0.163,2.417,0.047
3940.91,-0.166,2.418,0.061
3941.9,-0.172,2.418,0.04
3941.27,-0.162,2.416,0.043
3941.46,-0.16,2.419,0.044
3941.64,-0.158,2.424,0.057
3941.82,-0.157,2.424,0.07
3942.0,-0.164,2.425,0.063
3942.18,-0.174,2.43,0.056
3942.37,-0.146,2.431,0.072
3942.55,-0.165,2.435,0.074
3942.73,-0.154,2.437,0.068
3946.56,-0.179,2.462,0.072
3946.74,-0.156,2.46,0.071
3946.92,-0.147,2.463,0.074
3947.1,-0.167,2.468,0.083
3947.29,-0.143,2.469,0.075
3947.47,-0.208,2.471,0.077
3947.65,-0.104,2.468,0.078
3947.83,-0.23,2.466,0.077
3948.2,-0.13,2.466,0.079
3948.2,-0.204,2.466,0.072
3948.38,-0.172,2.464,0.074
3948.56,-0.164,2.464,0.085
3948.75,-0.152,2.463,0.073
3948.93,-0.195,2.462,0.082
3949.11,-0.14,2.464,0.082
3949.29,-0.178,2.466,0.081
3949.47,-0.143,2.468,0.077
3949.66,-0.173,2.469,0.069
3949.84,-0.14,2.47,0.085
3950.2,-0.169,2.47,0.09
3950.2,-0.144,2.468,0.095
3950.39,-0.164,2.469,0.088
3950.57,-0.153,2.47,0.054
3950.75,-0.162,2.471,0.058
3950.93,-0.157,2.472,0.074
3951.11,-0.161,2.472,0.051
3951.3,-0.146,2.475,0.035
3951.48,-0.162,2.477,0.039
3951.66,-0.151,2.478,0.01
3951.84,-0.149,2.48,-0.017
3952.3,-0.162,2.481,-0.014
3952.21,-0.171,2.484,-0.013
3952.39,-0.182,2.485,0.01
3952.57,-0.155,2.484,0.028
3952.75,-0.158,2.486,0.033
3952.94,-0.152,2.485,0.067
3953.12,-0.155,2.488,0.054
3953.3,-0.166,2.489,0.051
3953.48,-0.161,2.487,0.047
3953.67,-0.158,2.49,0.074
3953.85,-0.166,2.492,0.067
3954.3,-0.171,2.493,0.062
3954.21,-0.152,2.492,0.047
3954.39,-0.167,2.492,0.068
3954.58,-0.154,2.492,0.049
3954.76,-0.199,2.492,0.059
3954.94,-0.13,2.494,0.063
3955.12,-0.204,2.494,0.064
3955.31,-0.128,2.497,0.065
3955.49,-0.197,2.494,0.062
3955.67,-0.159,2.493,0.07
3955.85,-0.166,2.499,0.047
3956.3,-0.142,2.501,0.061
3956.22,-0.18,2.504,0.066
3956.4,-0.164,2.503,0.059
3956.58,-0.167,2.507,0.06
3956.76,-0.159,2.506,0.062
3956.95,-0.172,2.508,0.043
3957.13,-0.17,2.51,0.048
3957.31,-0.137,2.512,0.072
3957.49,-0.17,2.513,0.041
3957.67,-0.142,2.515,0.045
3957.86,-0.165,2.513,0.049
3958.4,-0.157,2.51,0.056
3960.4,-0.147,2.526,0.052
3960.23,-0.15,2.525,0.058
3960.41,-0.18,2.525,0.025
3960.59,-0.151,2.524,0.048
3960.77,-0.174,2.526,0.041
3960.96,-0.158,2.528,0.048
3961.14,-0.163,2.529,0.046
3961.32,-0.158,2.531,0.016
3961.5,-0.167,2.532,0.026
3961.68,-0.156,2.535,0.036
3961.87,-0.169,2.536,0.01
3962.5,-0.174,2.54,-0.013
3962.23,-0.147,2.543,0.032
3962.41,-0.155,2.543,0.057
3962.78,-0.155,2.545,0.022
3962.96,-0.169,2.545,0.034
3963.14,-0.15,2.549,0.034
3963.32,-0.167,2.55,-0.001
3963.51,-0.155,2.549,-0.006
3963.69,-0.158,2.548,-0.013
3963.87,-0.16,2.548,-0.054
3964.5,-0.162,2.547,-0.071
3964.24,-0.143,2.544,-0.081
3964.42,-0.161,2.546,-0.069
3964.6,-0.17,2.545,-0.088
3964.78,-0.164,2.545,-0.083
3964.97,-0.172,2.545,-0.064
3965.15,-0.152,2.544,-0.02
3965.33,-0.144,2.545,-0.021
3965.51,-0.149,2.546,-0.079
3965.69,-0.155,2.546,-0.042
3965.88,-0.166,2.547,0.026
3966.6,-0.165,2.55,0.008
3966.24,-0.139,2.553,-0.013
3966.42,-0.148,2.555,0.008
3966.61,-0.136,2.556,0.02
3966.79,-0.149,2.557,0.033
3966.97,-0.163,2.556,0.058
3967.15,-0.154,2.558,0.059
3967.33,-0.158,2.559,0.059
3967.52,-0.162,2.561,0.049
3967.7,-0.154,2.561,0.061
3967.88,-0.161,2.563,0.054
3969.16,-0.147,2.58,0.057
3969.34,-0.165,2.584,0.051
3969.52,-0.169,2.586,0.056
3969.7,-0.152,2.589,0.057
3969.89,-0.16,2.587,0.05
3970.7,-0.169,2.588,0.064
3970.25,-0.157,2.586,0.05
3970.43,-0.156,2.584,0.071
3970.62,-0.163,2.585,0.078
3970.8,-0.143,2.587,0.065
3970.98,-0.164,2.589,0.062
3971.16,-0.15,2.588,0.065
3971.34,-0.157,2.591,0.072
3971.53,-0.136,2.59,0.065
3971.71,-0.148,2.593,0.052
3971.89,-0.149,2.594,0.044
3972.7,-0.161,2.594,0.062
3972.26,-0.178,2.593,0.086
3972.44,-0.173,2.597,0.093
3972.62,-0.159,2.598,0.076
3977.18,-0.151,2.622,0.058
3977.36,-0.158,2.624,0.053
3977.54,-0.134,2.622,0.061
3977.72,-0.173,2.623,0.061
3977.91,-0.147,2.629,0.057
3978.9,-0.15,2.627,0.074
3978.27,-0.143,2.629,0.058
3978.45,-0.164,2.631,0.078
3978.64,-0.165,2.632,0.066
3978.82,-0.177,2.633,0.083
3979.0,-0.145,2.636,0.068
3979.18,-0.138,2.639,0.053
3979.36,-0.174,2.641,0.076
3979.55,-0.143,2.643,0.07
3979.73,-0.154,2.649,0.071
3979.91,-0.153,2.649,0.062
3980.9,-0.147,2.651,0.066
3980.28,-0.154,2.651,0.068
3980.46,-0.176,2.655,0.053
3980.64,-0.148,2.654,0.057
3980.82,-0.17,2.655,0.052
3981.0,-0.152,2.656,0.055
3981.19,-0.16,2.654,0.082
3981.37,-0.151,2.655,0.06
3981.55,-0.027,-0.0,0.006
3981.73,-0.163,0.003,0.036
3981.92,-0.152,0.003,0.039
3982.1,-0.178,0.006,0.033
3982.28,-0.163,0.007,0.043
3982.46,-0.136,0.01,0.033
3982.65,-0.152,0.013,0.045
3982.83,-0.179,0.015,0.041
3983.1,-0.159,0.015,0.024
3983.19,-0.125,0.014,0.02
3983.37,-0.14,0.017,0.023
3983.56,-0.168,0.019,0.022
3983.74,-0.173,0.025,0.006
3983.92,-0.134,0.023,0.037
3984.1,-0.175,0.024,0.023
3984.29,-0.095,0.022,0.036
3984.47,-0.208,0.024,0.031
3984.65,-0.126,0.023,0.038
3984.83,-0.174,0.023,0.071
3985.2,-0.135,0.027,0.069
3985.2,-0.151,0.028,0.063
3985.38,-0.144,0.027,0.069
3985.56,-0.15,0.028,0.058
3985.74,-0.144,0.03,0.074
3985.93,-0.184,0.032,0.065
3986.11,-0.145,0.033,0.066
3986.29,-0.181,0.035,0.074
3986.47,-0.139,0.037,0.06
3986.66,-0.168,0.038,0.063
3986.84,-0.175,0.039,0.064
3987.2,-0.16,0.041,0.052
3987.2,-0.166,0.041,0.038
3987.38,-0.145,0.043,0.04
3987.57,-0.171,0.047,0.045
3987.75,-0.131,0.045,0.032
3987.93,-0.157,0.045,0.03
3988.11,-0.156,0.046,0.015
3988.3,-0.15,0.049,0.029
3988.48,-0.162,0.05,0.025
3988.66,-0.158,0.051,-0.0
3988.84,-0.166,0.051,0.001
3989.3,-0.153,0.051,-0.027
3989.21,-0.15,0.05,-0.017
3989.39,-0.162,0.049,-0.028
3989.57,-0.17,0.05,-0.053
3989.75,-0.147,0.047,-0.059
3989.94,-0.153,0.046,-0.076
3990.12,-0.15,0.045,-0.057
3990.3,-0.145,0.046,-0.012
3990.48,-0.156,0.049,0.043
3990.67,-0.166,0.051,0.055
3990.85,-0.14,0.057,0.052
3991.3,-0.168,0.06,0.032
3991.21,-0.134,0.063,0.022
3991.4,-0.157,0.068,0.008
3991.58,-0.147,0.07,0.019
3991.76,-0.144,0.076,-0.012
3991.94,-0.144,0.076,-0.009
3992.12,-0.16,0.078,-0.014
3992.31,-0.15,0.078,0.004
3992.49,-0.15,0.079,0.019
3992.67,-0.161,0.077,0.03
3992.85,-0.148,0.078,-0.003
3993.4,-0.143,0.08,-0.009
3993.22,-0.164,0.081,-0.007
3993.4,-0.154,0.084,0.01
3993.58,-0.16,0.085,0.019
3993.77,-0.154,0.085,0.017
3993.95,-0.15,0.083,0.053
3994.13,-0.147,0.082,0.043
3994.31,-0.161,0.082,0.061
3994.49,-0.158,0.085,0.057
3994.68,-0.137,0.082,0.057
3994.86,-0.173,0.082,0.054
3995.4,-0.142,0.083,0.054
3995.22,-0.181,0.083,0.049
3995.41,-0.138,0.082,0.043
3995.59,-0.192,0.082,0.028
3995.77,-0.146,0.084,0.017
3995.95,-0.17,0.082,0.006
3996.14,-0.144,0.084,-0.014
3996.32,-0.138,0.086,0.004
3996.5,-0.17,0.084,0.0
3996.68,-0.148,0.082,0.023
3997.96,-0.157,0.084,0.032
3998.14,-0.178,0.084,0.024
3998.32,-0.148,0.085,0.019
3998.51,-0.162,0.083,0.031
3998.69,-0.177,0.084,0.038
3998.87,-0.15,0.085,0.043
3999.5,-0.171,0.085,0.039
3999.23,-0.137,0.085,0.051
3999.42,-0.2,0.085,0.038
3999.6,-0.143,0.086,0.059
4005.25,-0.18,0.12,0.053
4005.43,-0.137,0.12,0.048
4005.61,-0.146,0.122,0.064
4005.8,-0.17,0.121,0.059
4005.98,-0.153,0.119,0.062
4006.16,-0.149,0.121,0.054
4006.34,-0.169,0.122,0.055
4006.53,-0.153,0.125,0.059
4006.71,-0.156,0.124,0.042
4006.89,-0.158,0.125,0.055
4007.7,-0.161,0.127,0.062
4007.26,-0.149,0.127,0.048
4007.44,-0.144,0.132,0.082
4007.62,-0.193,0.137,0.056
4007.8,-0.13,0.136,0.053
4007.98,-0.172,0.134,0.062
4008.17,-0.143,0.135,0.076
4008.35,-0.171,0.138,0.06
4008.53,-0.15,0.142,0.036
4008.71,-0.144,0.142,0.058
4008.9,-0.147,0.144,0.061
4009.8,-0.15,0.146,0.049
4009.26,-0.144,0.147,0.069
4009.44,-0.171,0.149,0.063
4009.62,-0.117,0.149,0.072
4009.81,-0.183,0.148,0.08
4009.99,-0.131,0.151,0.06
4010.17,-0.151,0.153,0.043
4010.35,-0.177,0.153,0.046
4010.54,-0.134,0.154,0.03
4010.72,-0.157,0.155,0.044
4010.9,-0.157,0.16,0.065
4011.8,-0.167,0.161,0.045
4011.27,-0.162,0.162,0.021
4011.45,-0.154,0.162,0.006
4011.63,-0.131,0.162,0.054
4011.81,-0.181,0.165,0.036
4011.99,-0.155,0.166,0.004
4012.18,-0.148,0.17,0.022
4012.36,-0.138,0.171,0.044
4014.18,-0.14,0.177,0.058
4014.36,-0.175,0.177,0.044
4014.55,-0.141,0.18,0.052
4014.73,-0.163,0.181,0.036
4014.91,-0.131,0.182,0.069
4015.9,-0.165,0.182,0.059
4015.28,-0.157,0.182,0.05
4015.46,-0.156,0.183,0.087
4015.64,-0.168,0.185,0.078
4015.82,-0.147,0.185,0.074
4016.0,-0.121,0.187,0.043
4016.19,-0.151,0.187,0.067
4016.37,-0.138,0.188,0.056
4016.55,-0.133,0.189,0.082
4016.73,-0.165,0.189,0.062
4016.92,-0.158,0.189,0.067
4017.1,-0.149,0.19,0.068
4017.28,-0.114,0.193,0.091
4017.46,-0.172,0.194,0.035
4017.64,-0.163,0.196,0.054
4017.83,-0.155,0.198,0.053
4018.1,-0.167,0.2,0.037
4018.19,-0.152,0.201,0.063
4018.37,-0.159,0.202,0.055
4018.56,-0.171,0.203,0.06
4018.74,-0.13,0.205,0.075
4018.92,-0.16,0.204,0.054
4019.1,-0.156,0.209,0.048
4019.29,-0.165,0.211,0.05
4019.47,-0.147,0.211,0.051
4019.65,-0.176,0.215,0.056
4019.83,-0.141,0.218,0.06
4020.1,-0.139,0.216,0.045
4020.2,-0.159,0.216,0.061
4020.38,-0.151,0.216,0.073
4020.56,-0.146,0.216,0.058
4020.74,-0.167,0.217,0.059
4020.93,-0.134,0.22,0.052
4021.11,-0.187,0.222,0.026
4021.29,-0.159,0.221,0.04
4021.47,-0.15,0.223,0.043
4021.65,-0.164,0.225,0.023
4021.84,-0.114,0.226,0.033
4022.2,-0.19,0.227,0.048
4022.2,-0.115,0.229,0.05
4022.38,-0.176,0.23,0.049
4022.57,-0.138,0.232,0.063
4022.75,-0.166,0.234,0.04
4022.93,-0.158,0.237,0.04
4023.11,-0.146,0.24,0.043
4023.3,-0.155,0.245,0.04
4023.48,-0.169,0.248,0.035
4023.66,-0.158,0.246,0.041
4023.84,-0.156,0.248,0.049
4024.2,-0.177,0.249,0.032
4024.21,-0.144,0.249,0.056
4024.39,-0.161,0.249,0.065
4024.57,-0.166,0.252,0.067
4024.75,-0.156,0.253,0.078
4024.94,-0.148,0.256,0.069
4025.12,-0.17,0.257,0.065
4025.3,-0.15,0.259,0.065
4025.48,-0.142,0.262,0.089
4025.67,-0.155,0.261,0.072
4025.85,-0.166,0.261,0.079
4026.3,-0.176,0.258,0.058
4026.21,-0.151,0.261,0.071
4026.39,-0.145,0.262,0.068
4026.58,-0.137,0.263,0.057
4026.76,-0.145,0.265,0.026
4026.94,-0.158,0.267,0.02
4027.12,-0.181,0.268,0.014
4027.31,-0.156,0.27,0.016
4027.49,-0.164,0.271,0.007
4027.67,-0.156,0.271,0.023
4027.85,-0.164,0.268,0.028
4028.3,-0.147,0.271,0.062
4028.22,-0.167,0.274,0.056
4028.4,-0.166,0.274,0.057
4028.58,-0.144,0.275,0.046
4028.76,-0.176,0.274,0.024
4028.95,-0.159,0.275,0.012
4029.13,-0.178,0.275,-0.053
4029.31,-0.133,0.277,-0.073
4029.49,-0.156,0.28,-0.059
4029.68,-0.161,0.283,-0.022
4029.86,-0.137,0.285,-0.0
4030.4,-0.184,0.288,-0.007
4030.22,-0.15,0.29,0.008
4030.4,-0.158,0.293,0.038
4030.59,-0.153,0.296,0.073
4030.77,-0.154,0.298,0.046
4030.95,-0.147,0.298,0.061
4031.13,-0.158,0.297,0.058
4031.32,-0.166,0.299,0.047
4031.5,-0.161,0.299,0.035
4031.68,-0.166,0.301,0.073
4031.86,-0.144,0.303,0.044
4032.4,-0.145,0.302,0.046
4032.23,-0.145,0.306,0.066
4032.41,-0.158,0.306,0.047
4032.59,-0.153,0.308,0.068
4032.77,-0.157,0.309,0.062
4032.96,-0.163,0.309,0.064
4033.14,-0.153,0.311,0.047
4033.32,-0.166,0.31,0.057
4033.5,-0.164,0.311,0.056
4033.68,-0.146,0.31,0.048
4033.87,-0.156,0.308,0.047
4034.5,-0.169,0.307,0.056
4034.23,-0.17,0.306,0.061
4034.41,-0.168,0.305,0.048
4034.6,-0.166,0.305,0.054
4034.78,-0.154,0.305,0.049
4034.96,-0.157,0.307,0.054
4035.14,-0.176,0.308,0.064
4035.33,-0.159,0.307,0.07
4035.51,-0.165,0.306,0.064
4035.69,-0.141,0.307,0.067
4035.87,-0.154,0.309,0.067
4036.5,-0.144,0.31,0.061
4036.24,-0.148,0.314,0.056
4036.42,-0.153,0.316,0.06
4038.42,-0.158,0.33,0.041
4038.61,-0.149,0.329,0.045
4038.79,-0.147,0.328,0.044
4038.97,-0.154,0.329,0.041
4039.15,-0.165,0.329,0.055
4039.33,-0.174,0.329,0.034
4039.52,-0.156,0.329,0.036
4039.7,-0.176,0.331,0.041
4039.88,-0.16,0.329,0.026
4040.6,-0.167,0.327,0.031
4046.8,-0.161,0.37,0.048
4046.26,-0.159,0.371,0.056
4046.44,-0.156,0.373,0.036
4046.63,-0.171,0.374,0.045
4046.81,-0.154,0.373,0.036
4046.99,-0.178,0.375,0.031
4047.17,-0.163,0.373,0.022
4047.35,-0.156,0.372,-0.005
4047.54,-0.144,0.372,0.022
4047.72,-0.172,0.371,0.024
4047.9,-0.145,0.373,0.018
4048.8,-0.17,0.374,0.014
4048.27,-0.138,0.376,-0.005
4048.45,-0.171,0.378,0.014
4048.63,-0.147,0.382,0.012
4048.81,-0.166,0.383,-0.023
4048.99,-0.156,0.382,-0.01
4049.18,-0.167,0.382,0.011
4049.36,-0.157,0.382,0.032
4049.54,-0.144,0.385,0.046
4049.72,-0.153,0.386,0.063
4049.91,-0.14,0.386,0.059
4050.9,-0.146,0.391,0.064
4050.27,-0.16,0.393,0.068
4050.45,-0.174,0.396,0.074
4050.63,-0.138,0.395,0.066
4050.82,-0.171,0.398,0.072
4051.0,-0.146,0.398,0.057
4051.18,-0.146,0.402,0.061
4051.36,-0.162,0.4,0.052
4051.55,-0.14,0.4,0.058
4051.73,-0.175,0.404,0.035
4051.91,-0.134,0.408,0.052
4052.9,-0.167,0.409,0.058
4052.28,-0.146,0.41,0.035
4052.46,-0.156,0.413,0.021
4052.64,-0.159,0.413,0.026
4052.82,-0.157,0.413,-0.014
4053.0,-0.152,0.414,0.006
4053.19,-0.16,0.414,0.014
4053.37,-0.148,0.415,0.027
4053.55,-0.159,0.414,0.032
4053.73,-0.168,0.416,0.029
4053.92,-0.155,0.417,0.039
4054.1,-0.149,0.418,0.032
4054.28,-0.169,0.418,0.024
4054.46,-0.142,0.422,0.002
4054.64,-0.164,0.421,0.035
4054.83,-0.166,0.422,0.017
4055.1,-0.165,0.422,0.005
4055.19,-0.167,0.425,-0.019
4055.37,-0.15,0.425,-0.006
4055.56,-0.15,0.428,-0.006
4055.74,-0.165,0.431,0.004
4055.92,-0.172,0.435,0.02
4056.1,-0.126,0.437,0.03
4056.29,-0.162,0.44,-0.02
4056.47,-0.136,0.436,0.013
4056.65,-0.16,0.438,0.009
4056.83,-0.153,0.441,0.019
4057.1,-0.164,0.443,0.011
4057.2,-0.163,0.445,0.035
4057.38,-0.172,0.445,0.033
4058.65,-0.178,0.455,0.034
4058.84,-0.166,0.457,0.048
4059.2,-0.147,0.456,0.043
4059.2,-0.174,0.459,0.045
4059.38,-0.152,0.46,0.05
4059.57,-0.139,0.463,0.051
4059.75,-0.144,0.464,0.052
4059.93,-0.181,0.465,0.055
4060.11,-0.169,0.472,0.044
4060.29,-0.163,0.474,0.066
4060.48,-0.159,0.475,0.07
4060.66,-0.187,0.478,0.041
4060.84,-0.177,0.48,0.058
4061.2,-0.151,0.48,0.05
4061.21,-0.18,0.481,0.044
4061.39,-0.157,0.482,0.04
4061.57,-0.17,0.483,0.049
4061.75,-0.194,0.487,0.045
4061.94,-0.152,0.488,0.051
4062.12,-0.182,0.486,0.039
4062.3,-0.147,0.488,0.041
4062.48,-0.196,0.491,0.047
4062.66,-0.169,0.494,0.05
4062.85,-0.175,0.493,0.041
4063.3,-0.179,0.496,0.051
4063.21,-0.153,0.497,0.058
4063.39,-0.149,0.496,0.06
4063.58,-0.16,0.498,0.055
4063.76,-0.155,0.501,0.068
4063.94,-0.154,0.503,0.05
4064.12,-0.177,0.505,0.037
4064.3,-0.155,0.506,0.047
4064.49,-0.164,0.505,0.053
4064.67,-0.16,0.504,0.042
4064.85,-0.158,0.505,0.062
4065.3,-0.164,0.506,0.04
4065.22,-0.146,0.504,0.034
4065.4,-0.157,0.509,0.056
4065.58,-0.171,0.513,0.028
4065.76,-0.136,0.517,0.026
4065.95,-0.15,0.521,0.041
4066.13,-0.149,0.521,0.054
4066.31,-0.152,0.521,0.046
4066.49,-0.184,0.518,0.036
4066.67,-0.172,0.519,0.041
4066.86,-0.173,0.52,0.045
4067.4,-0.164,0.521,0.042
4067.22,-0.177,0.519,0.052
4067.4,-0.151,0.523,0.046
4069.4,-0.165,0.537,0.043
4069.23,-0.168,0.54,0.03
4069.41,-0.168,0.545,0.052
4069.59,-0.138,0.546,0.031
4069.77,-0.164,0.549,0.03
4069.95,-0.153,0.549,0.05
4070.14,-0.151,0.55,0.038
4070.32,-0.159,0.552,0.034
4070.5,-0.135,0.553,0.048
4070.68,-0.168,0.552,0.038
4070.87,-0.142,0.555,0.033
4071.5,-0.143,0.558,0.063
4071.23,-0.149,0.557,0.04
4071.41,-0.171,0.559,0.044
4072.69,-0.142,0.563,0.046
4072.87,-0.159,0.563,0.035
4073.5,-0.172,0.565,0.038
4073.24,-0.161,0.565,0.033
4073.42,-0.18,0.566,0.036
4073.6,-0.148,0.569,0.043
4073.78,-0.18,0.569,0.046
4073.96,-0.152,0.57,0.031
4074.15,-0.166,0.571,0.044
4074.33,-0.17,0.573,0.05
4074.51,-0.173,0.576,0.06
4079.8,-0.166,0.593,0.045
4079.98,-0.177,0.593,0.058
4080.16,-0.163,0.594,0.05
4080.34,-0.175,0.593,0.035
4080.53,-0.177,0.594,0.046
4080.71,-0.181,0.594,0.041
4080.89,-0.179,0.594,0.05
4081.7,-0.164,0.598,0.04
4081.26,-0.166,0.598,0.043
4081.44,-0.159,0.601,0.052
4081.62,-0.157,0.599,0.039
4081.8,-0.176,0.601,0.038
4081.98,-0.137,0.603,0.051
4082.17,-0.181,0.604,0.034
4082.35,-0.141,0.606,0.049
4082.53,-0.184,0.608,0.065
4083.62,-0.163,0.62,0.041
4083.81,-0.146,0.621,0.06
4083.99,-0.146,0.621,0.056
4084.17,-0.154,0.62,0.053
4084.35,-0.162,0.625,0.037
4084.54,-0.157,0.625,0.044
4084.72,-0.158,0.627,0.036
4084.9,-0.169,0.626,0.046
4085.8,-0.145,0.627,0.074
4085.27,-0.168,0.629,0.06
4085.45,-0.165,0.63,0.047
4091.28,-0.154,0.664,0.066
4091.46,-0.172,0.661,0.063
4091.64,-0.157,0.659,0.077
4091.83,-0.159,0.659,0.07
4092.1,-0.167,0.658,0.061
4092.19,-0.167,0.658,0.064
4092.37,-0.142,0.66,0.048
4092.56,-0.162,0.661,0.06
4092.74,-0.153,0.666,0.049
4092.92,-0.176,0.665,0.042
4093.1,-0.16,0.666,0.053
4093.29,-0.159,0.668,0.03
4093.47,-0.168,0.671,0.044
4093.65,-0.161,0.675,0.047
4093.83,-0.15,0.679,0.059
4094.1,-0.184,0.68,0.036
4095.11,-0.184,0.684,0.026
4095.29,-0.147,0.685,0.048
4095.47,-0.163,0.685,0.053
4095.66,-0.168,0.689,0.017
4095.84,-0.163,0.689,0.035
4096.2,-0.165,0.69,0.017
4096.2,-0.166,0.694,0.025
4096.38,-0.155,0.692,-0.001
4096.57,-0.149,0.694,-0.015
4096.75,-0.149,0.695,0.024
4096.93,-0.178,0.696,0.029
4097.11,-0.163,0.699,0.035
4097.3,-0.185,0.7,0.046
4097.48,-0.154,0.7,0.055
4097.66,-0.148,0.702,0.031
4097.84,-0.149,0.704,0.035
4098.2,-0.175,0.707,0.053
4098.21,-0.138,0.711,0.057
4098.39,-0.167,0.712,0.059
4098.57,-0.151,0.714,0.062
4098.75,-0.178,0.718,0.05
4098.94,-0.149,0.721,0.048
4099.12,-0.165,0.722,0.044
4099.3,-0.159,0.722,0.031
4099.48,-0.149,0.721,0.034
4099.67,-0.159,0.722,0.027
4099.85,-0.171,0.721,0.03
4100.3,-0.152,0.718,0.029
4100.21,-0.177,0.72,0.004
4100.39,-0.16,0.719,0.014
4100.58,-0.168,0.72,0.042
4100.76,-0.142,0.721,0.007
4100.94,-0.142,0.721,-0.004
4101.12,-0.171,0.725,-0.003
4101.31,-0.147,0.728,-0.011
4101.49,-0.181,0.73,0.008
4101.67,-0.156,0.729,0.015
4101.85,-0.143,0.726,0.032
4102.3,-0.184,0.723,0.042
4102.22,-0.173,0.722,0.055
4102.4,-0.178,0.726,0.064
4102.58,-0.162,0.726,0.053
4102.76,-0.157,0.726,0.041
4102.95,-0.153,0.725,0.034
4103.13,-0.173,0.725,0.033
4103.31,-0.148,0.727,0.036
4103.49,-0.176,0.725,0.018
4103.68,-0.168,0.726,-0.005
4103.86,-0.159,0.726,-0.009
4104.4,-0.156,0.722,0.003
4104.22,-0.134,0.724,-0.013
4104.4,-0.157,0.723,-0.009
4104.59,-0.157,0.724,0.012
4104.77,-0.149,0.724,0.062
4104.95,-0.165,0.726,0.059
4105.13,-0.17,0.724,0.062
4105.32,-0.163,0.724,0.061
4105.5,-0.151,0.724,0.057
4105.68,-0.164,0.725,0.055
4105.86,-0.174,0.726,0.038
4106.4,-0.17,0.73,0.029
4106.23,-0.164,0.73,0.052
4106.41,-0.147,0.735,0.037
4106.59,-0.141,0.736,0.027
4106.77,-0.178,0.739,0.019
4106.96,-0.152,0.74,0.019
4107.14,-0.165,0.742,0.016
4107.32,-0.14,0.742,0.035
4107.5,-0.181,0.743,0.057
4107.69,-0.165,0.745,0.064
4107.87,-0.153,0.748,0.052
4108.5,-0.173,0.749,0.054
4108.23,-0.151,0.748,0.049
4108.41,-0.153,0.747,0.054
4108.6,-0.152,0.749,0.038
4108.78,-0.166,0.749,0.03
4108.96,-0.174,0.749,0.048
4109.14,-0.152,0.75,0.049
4109.33,-0.156,0.751,0.025
4109.51,-0.157,0.751,0.042
4110.78,-0.146,0.753,0.052
4110.97,-0.172,0.753,0.057
4111.15,-0.169,0.752,0.071
4111.33,-0.148,0.752,0.078
4111.51,-0.184,0.752,0.076
4111.7,-0.155,0.753,0.084
4111.88,-0.176,0.755,0.081
4112.6,-0.158,0.754,0.078
4112.24,-0.186,0.752,0.081
4112.43,-0.151,0.755,0.077
4112.61,-0.179,0.757,0.079
4112.79,-0.153,0.758,0.072
4112.97,-0.17,0.757,0.076
4113.15,-0.142,0.761,0.072
4113.34,-0.187,0.761,0.079
4113.52,-0.162,0.763,0.089
4113.7,-0.177,0.766,0.079
4113.88,-0.15,0.766,0.095
4114.7,-0.167,0.765,0.083
4114.25,-0.166,0.766,0.076
4114.43,-0.169,0.767,0.06
4114.61,-0.159,0.767,0.074
4114.8,-0.163,0.767,0.063
4114.98,-0.154,0.772,0.068
4115.16,-0.155,0.771,0.065
4115.34,-0.162,0.771,0.067
4115.52,-0.176,0.77,0.077
4115.71,-0.156,0.774,0.063
4115.89,-0.165,0.773,0.071
4116.7,-0.162,0.776,0.071
4116.25,-0.165,0.778,0.072
4116.44,-0.19,0.781,0.056
4116.62,-0.146,0.781,0.053
4116.8,-0.167,0.785,0.077
4116.98,-0.155,0.787,0.058
4117.16,-0.156,0.789,0.06
4117.35,-0.165,0.793,0.068
4117.53,-0.146,0.791,0.063
4117.71,-0.183,0.792,0.046
4117.89,-0.157,0.793,0.081
4118.8,-0.157,0.791,0.041
4118.26,-0.161,0.793,0.076
4118.44,-0.158,0.797,0.055
4118.62,-0.151,0.802,0.07
4118.81,-0.176,0.804,0.078
4118.99,-0.138,0.807,0.066
4119.17,-0.165,0.811,0.056
4119.35,-0.155,0.813,0.049
4119.53,-0.174,0.812,0.053
4119.72,-0.161,0.814,0.056
4119.9,-0.163,0.817,0.056
4120.8,-0.134,0.817,0.051
4120.26,-0.182,0.82,0.053
4120.45,-0.156,0.822,0.056
4120.63,-0.183,0.822,0.049
4120.81,-0.158,0.824,0.045
4120.99,-0.144,0.823,0.059
4121.18,-0.155,0.821,0.041
4121.36,-0.162,0.825,0.05
4121.54,-0.155,0.825,0.046
4121.72,-0.157,0.824,0.041
4121.9,-0.163,0.826,0.053
4122.9,-0.152,0.827,0.05
4122.27,-0.158,0.829,0.049
4122.45,-0.151,0.829,0.029
4122.63,-0.163,0.833,0.052
4122.82,-0.164,0.833,0.042
4123.0,-0.161,0.833,0.043
4123.18,-0.168,0.832,0.051
4123.36,-0.166,0.833,0.041
4123.54,-0.155,0.836,0.042
4123.73,-0.162,0.835,0.046
4123.91,-0.16,0.834,0.055
4124.9,-0.169,0.836,0.023
4124.27,-0.141,0.84,0.027
4124.46,-0.153,0.843,0.047
4124.64,-0.155,0.844,0.063
4124.82,-0.183,0.845,0.045
4125.0,-0.163,0.845,0.055
4125.19,-0.16,0.842,0.059
4125.37,-0.165,0.843,0.058
4125.55,-0.176,0.845,0.035
4125.73,-0.149,0.846,0.038
4125.91,-0.206,0.848,0.04
4126.1,-0.148,0.849,0.047
4126.28,-0.176,0.851,0.05
4126.46,-0.135,0.848,0.056
4126.64,-0.157,0.85,0.057
4126.83,-0.139,0.849,0.053
4127.1,-0.168,0.852,0.031
4127.19,-0.154,0.853,0.042
4127.37,-0.166,0.856,0.03
4127.56,-0.143,0.857,0.045
4127.74,-0.154,0.856,0.039
4127.92,-0.145,0.855,0.042
4128.1,-0.168,0.857,0.035
4128.28,-0.168,0.859,0.038
4128.47,-0.164,0.859,0.043
4128.65,-0.137,0.863,0.036
4128.83,-0.17,0.864,0.044
4129.1,-0.159,0.864,0.039
4129.2,-0.163,0.862,0.051
4129.38,-0.162,0.863,0.045
4129.56,-0.147,0.864,0.051
4129.74,-0.147,0.866,0.04
4129.93,-0.166,0.869,0.049
4130.11,-0.175,0.87,0.036
4130.29,-0.152,0.87,0.039
4130.47,-0.166,0.869,0.03
4130.65,-0.179,0.871,0.031
4130.84,-0.153,0.874,0.035
4131.2,-0.156,0.878,0.047
4131.2,-0.176,0.881,0.038
4131.38,-0.153,0.882,0.044
4131.57,-0.151,0.881,0.058
4131.75,-0.166,0.875,0.068
4131.93,-0.141,0.876,0.053
4132.11,-0.141,0.875,0.073
4132.3,-0.137,0.88,0.067
4132.48,-0.161,0.879,0.064
4132.66,-0.148,0.878,0.054
4132.84,-0.147,0.879,0.049
4133.2,-0.164,0.882,0.036
4133.21,-0.156,0.881,0.042
4133.39,-0.149,0.88,0.046
4133.57,-0.17,0.884,0.03
4133.75,-0.17,0.89,0.04
4133.94,-0.159,0.891,0.023
4134.12,-0.157,0.895,0.045
4134.3,-0.165,0.895,0.048
4134.48,-0.161,0.896,0.07
4134.67,-0.159,0.895,0.062
4134.85,-0.151,0.898,0.07
4135.3,-0.165,0.898,0.06
4135.21,-0.155,0.899,0.067
4135.39,-0.155,0.899,0.081
4135.58,-0.154,0.9,0.057
4135.76,-0.164,0.899,0.042
4137.76,-0.161,0.902,0.039
4137.95,-0.145,0.905,0.053
4138.13,-0.176,0.907,0.038
4138.31,-0.155,0.909,0.043
4138.49,-0.145,0.912,0.043
4138.68,-0.183,0.915,0.036
4138.86,-0.135,0.915,0.034
4139.4,-0.152,0.916,0.053
4139.22,-0.183,0.918,0.046
4139.41,-0.127,0.918,0.053
4139.59,-0.162,0.92,0.041
4139.77,-0.145,0.921,0.043
4139.95,-0.148,0.922,0.035
4140.13,-0.154,0.923,0.039
4140.32,-0.174,0.926,0.054
4140.5,-0.165,0.927,0.043
4140.68,-0.144,0.925,0.051
4140.86,-0.164,0.928,0.043
4141.5,-0.162,0.931,0.053
4141.23,-0.143,0.932,0.039
4141.41,-0.158,0.936,0.038
4141.59,-0.152,0.942,0.057
4141.77,-0.15,0.942,0.046
4141.96,-0.181,0.944,0.047
4142.14,-0.14,0.941,0.022
4143.42,-0.151,0.947,0.033
4143.6,-0.177,0.948,0.024
4143.78,-0.147,0.949,0.039
4143.96,-0.151,0.953,0.035
4144.14,-0.138,0.954,0.052
4144.33,-0.171,0.957,0.058
4144.51,-0.151,0.956,0.068
4144.69,-0.169,0.956,0.046
4144.87,-0.146,0.96,0.052
4145.6,-0.167,0.957,0.042
4145.24,-0.172,0.959,0.044
4145.42,-0.156,0.961,0.034
4145.6,-0.152,0.965,0.027
4145.79,-0.16,0.968,0.018
4145.97,-0.15,0.971,0.023
4146.15,-0.157,0.974,0.02
4146.33,-0.15,0.976,0.025
4146.51,-0.171,0.979,-0.0
4146.7,-0.149,0.981,-0.003
4146.88,-0.162,0.981,-0.018
4147.6,-0.153,0.98,-0.009
4147.24,-0.177,0.984,-0.003
4147.43,-0.127,0.986,0.006
4147.61,-0.158,0.987,0.001
4147.79,-0.158,0.99,0.013
4147.97,-0.17,0.989,-0.005
4148.16,-0.154,0.991,0.022
4148.34,-0.17,0.991,-0.0
4148.52,-0.166,0.993,-0.016
4148.7,-0.149,0.994,0.021
4148.88,-0.158,0.993,0.05
4149.7,-0.152,0.995,0.032
4149.25,-0.169,0.996,0.023
4149.43,-0.148,0.997,0.022
4149.61,-0.157,0.999,0.026
4149.8,-0.169,1.003,0.025
4149.98,-0.159,1.003,0.035
4150.16,-0.172,1.005,0.015
4150.34,-0.152,1.006,0.025
4150.53,-0.19,1.009,0.027
4150.71,-0.152,1.012,0.029
4150.89,-0.158,1.014,0.024
4151.7,-0.161,1.018,0.036
4151.25,-0.155,1.017,0.02
4151.44,-0.16,1.017,0.039
4151.62,-0.147,1.018,0.055
4151.8,-0.182,1.02,0.061
4151.98,-0.161,1.019,0.083
4152.17,-0.161,1.02,0.077
4153.26,-0.155,1.019,0.071
4153.44,-0.162,1.02,0.063
4153.62,-0.149,1.017,0.066
4153.81,-0.161,1.017,0.042
4153.99,-0.15,1.017,0.063
4154.17,-0.15,1.017,0.06
4154.35,-0.146,1.015,0.047
4154.54,-0.154,1.017,0.066
4154.72,-0.155,1.017,0.046
4154.9,-0.148,1.018,0.035
4155.8,-0.164,1.02,0.034
4155.27,-0.169,1.022,0.06
4155.45,-0.162,1.022,0.04
4155.63,-0.161,1.024,0.04
4155.81,-0.149,1.021,0.048
4155.99,-0.149,1.024,0.056
4156.18,-0.169,1.024,0.057
4156.36,-0.15,1.023,0.065
4156.54,-0.161,1.023,0.055
4156.72,-0.157,1.025,0.054
4156.91,-0.164,1.026,0.048
4157.9,-0.155,1.026,0.067
4157.27,-0.16,1.027,0.061
4157.45,-0.125,1.03,0.053
4157.64,-0.166,1.029,0.044
4157.82,-0.16,1.03,0.053
4158.0,-0.138,1.033,0.067
4158.18,-0.167,1.034,0.071
4158.36,-0.147,1.033,0.053
4158.55,-0.158,1.033,0.069
4158.73,-0.15,1.036,0.056
4158.91,-0.149,1.038,0.055
4159.9,-0.151,1.037,0.05
4159.28,-0.146,1.036,0.061
4159.46,-0.158,1.039,0.05
4159.64,-0.148,1.04,0.053
4159.82,-0.168,1.039,0.057
4160.1,-0.157,1.041,0.038
4160.19,-0.144,1.043,0.043
4160.37,-0.136,1.044,0.052
4160.55,-0.164,1.046,0.059
4160.73,-0.149,1.049,0.055
4160.92,-0.152,1.053,0.071
4161.1,-0.158,1.054,0.065
4161.28,-0.169,1.057,0.06
4161.46,-0.158,1.057,0.067
4161.65,-0.173,1.057,0.064
4161.83,-0.155,1.058,0.055
4162.1,-0.146,1.059,0.053
4162.19,-0.172,1.061,0.045
4162.38,-0.147,1.06,0.04
4162.56,-0.155,1.061,0.056
4162.74,-0.165,1.064,0.059
4162.92,-0.159,1.068,0.048
4163.1,-0.147,1.072,0.047
4163.29,-0.168,1.072,0.065
4163.47,-0.168,1.074,0.047
4163.65,-0.153,1.073,0.056
4163.83,-0.152,1.075,0.064
4164.2,-0.162,1.077,0.046
4164.2,-0.14,1.08,0.034
4164.38,-0.157,1.081,0.056
4164.56,-0.158,1.08,0.1
4164.75,-0.178,1.081,0.09
4164.93,-0.155,1.083,0.052
4166.2,-0.144,1.087,0.057
4166.2,-0.146,1.089,0.074
4166.39,-0.16,1.09,0.071
4166.57,-0.178,1.092,0.054
4166.75,-0.146,1.089,0.069
4166.93,-0.175,1.093,0.045
4167.12,-0.143,1.093,0.031
4167.3,-0.167,1.093,0.014
4167.48,-0.155,1.093,0.04
4167.66,-0.151,1.095,0.063
4167.84,-0.138,1.091,0.052
4173.68,-0.149,1.121,0.058
4173.86,-0.14,1.12,0.056
4174.4,-0.165,1.121,0.046
4174.23,-0.174,1.121,0.059
4174.41,-0.167,1.119,0.052
4174.59,-0.168,1.118,0.047
4174.77,-0.151,1.119,0.069
4174.96,-0.176,1.121,0.074
4175.14,-0.153,1.121,0.083
4175.32,-0.166,1.123,0.076
4175.5,-0.153,1.121,0.07
4175.68,-0.167,1.119,0.076
4175.87,-0.155,1.118,0.044
4176.5,-0.155,1.118,0.059
4176.23,-0.148,1.119,0.047
4176.41,-0.15,1.117,0.045
4176.6,-0.153,1.116,0.062
4176.78,-0.145,1.116,0.054
4176.96,-0.146,1.118,0.096
4178.24,-0.161,1.126,0.077
4178.42,-0.172,1.127,0.077
4178.6,-0.157,1.13,0.081
4178.78,-0.152,1.128,0.055
4178.97,-0.157,1.126,0.065
4179.15,-0.154,1.125,0.059
4179.33,-0.136,1.125,0.045
4179.51,-0.179,1.126,0.052
4179.7,-0.165,1.125,0.06
4179.88,-0.179,1.127,0.049
4180.6,-0.152,1.126,0.043
4180.24,-0.174,1.126,0.08
4180.42,-0.143,1.126,0.06
4180.61,-0.152,1.126,0.061
4180.79,-0.179,1.128,0.055
4180.97,-0.14,1.126,0.058
4181.15,-0.175,1.129,0.067
4181.34,-0.141,1.13,0.05
4181.52,-0.171,1.13,0.067
4181.7,-0.159,1.13,0.064
4181.88,-0.141,1.133,0.064
4182.7,-0.181,1.131,0.074
4182.25,-0.123,1.129,0.059
4182.43,-0.164,1.128,0.052
4182.61,-0.152,1.132,0.04
4182.79,-0.164,1.136,0.05
4182.98,-0.148,1.136,0.057
4183.16,-0.15,1.135,0.066
4183.34,-0.171,1.138,0.063
4186.44,-0.13,1.151,0.039
4186.62,-0.164,1.153,0.032
4186.8,-0.159,1.152,0.019
4186.99,-0.162,1.15,0.03
4187.17,-0.135,1.149,0.039
4187.35,-0.169,1.152,0.05
4187.53,-0.142,1.151,0.055
4187.72,-0.16,1.152,0.055
4187.9,-0.148,1.154,0.059
4188.8,-0.175,1.156,0.068
4188.26,-0.147,1.157,0.064
4188.45,-0.157,1.159,0.09
4188.63,-0.15,1.161,0.087
4188.81,-0.162,1.164,0.085
4188.99,-0.159,1.166,0.069
4189.17,-0.187,1.168,0.05
4189.36,-0.137,1.169,0.047
4189.54,-0.184,1.173,0.049
4189.72,-0.141,1.174,0.033
4189.9,-0.149,1.172,0.04
4190.9,-0.171,1.174,0.028
4190.27,-0.151,1.172,0.045
4191.36,-0.152,1.181,0.09
4191.54,-0.154,1.183,0.075
4191.73,-0.153,1.184,0.062
4191.91,-0.174,1.184,0.044
4192.9,-0.156,1.183,0.024
4192.27,-0.156,1.18,0.014
4192.46,-0.158,1.18,-0.003
4192.64,-0.165,1.185,-0.038
4192.82,-0.149,1.185,-0.03
4193.0,-0.162,1.187,0.0
4193.18,-0.166,1.187,0.011
4193.37,-0.156,1.19,0.012
4193.55,-0.162,1.189,-0.0
4193.73,-0.156,1.188,0.022
4193.91,-0.162,1.19,0.035
4194.1,-0.146,1.193,0.044
4194.28,-0.169,1.194,0.078
4194.46,-0.154,1.194,0.086
4194.64,-0.161,1.194,0.067
4195.74,-0.17,1.198,0.07
4195.92,-0.167,1.198,0.061
4196.1,-0.153,1.199,0.055
4196.28,-0.173,1.196,0.06
4196.47,-0.157,1.197,0.051
4196.65,-0.171,1.199,0.067
4196.83,-0.149,1.201,0.059
4197.1,-0.142,1.206,0.068
4197.19,-0.158,1.207,0.07
4197.38,-0.161,1.208,0.057
4197.56,-0.165,1.209,0.054
4203.76,-0.151,1.236,0.058
4203.94,-0.161,1.235,0.032
4204.12,-0.147,1.235,0.052
4204.3,-0.179,1.236,0.009
4204.49,-0.17,1.237,0.012
4204.67,-0.165,1.236,-0.018
4204.85,-0.162,1.238,-0.024
4205.3,-0.156,1.238,-0.072
4205.21,-0.169,1.24,-0.082
4205.4,-0.162,1.24,-0.12
4205.58,-0.142,1.24,-0.073
4205.76,-0.154,1.244,-0.017
4205.94,-0.167,1.244,0.016
4206.13,-0.164,1.245,0.007
4206.31,-0.144,1.244,0.016
4206.49,-0.168,1.249,0.038
4206.67,-0.143,1.249,0.038
4206.85,-0.156,1.251,0.062
4207.4,-0.148,1.251,0.057
4207.22,-0.145,1.252,0.058
4207.4,-0.146,1.255,0.051
4207.58,-0.166,1.256,0.052
4208.68,-0.147,1.262,0.071
4208.86,-0.139,1.264,0.079
4209.4,-0.154,1.267,0.068
4209.22,-0.142,1.27,0.077
4209.41,-0.16,1.27,0.078
4209.59,-0.153,1.272,0.084
4209.77,-0.149,1.274,0.069
4209.95,-0.156,1.275,0.071
4210.14,-0.15,1.277,0.065
4210.32,-0.151,1.278,0.063
4210.5,-0.163,1.278,0.058
4217.25,-0.151,1.317,0.076
4217.43,-0.187,1.319,0.079
4217.61,-0.131,1.319,0.079
4217.79,-0.166,1.321,0.081
4217.97,-0.151,1.324,0.086
4218.16,-0.15,1.326,0.066
4218.34,-0.176,1.324,0.079
4218.52,-0.148,1.327,0.084
4218.7,-0.151,1.331,0.083
4218.89,-0.148,1.33,0.08
4219.7,-0.156,1.33,0.084
4224.72,-0.153,1.346,0.047
4224.9,-0.159,1.348,0.053
4225.8,-0.142,1.35,0.042
4225.27,-0.156,1.353,0.049
4225.45,-0.162,1.356,0.061
4225.63,-0.152,1.361,0.053
4225.81,-0.153,1.362,0.044
4225.99,-0.167,1.363,0.061
4226.18,-0.139,1.363,0.044
4226.36,-0.151,1.366,0.04
4231.83,-0.161,1.408,0.073
4232.1,-0.136,1.408,0.086
4232.19,-0.164,1.407,0.076
4232.37,-0.168,1.407,0.06
4232.56,-0.144,1.406,0.091
4232.74,-0.168,1.407,0.081
4232.92,-0.152,1.407,0.064
4233.1,-0.155,1.407,0.077
4233.29,-0.168,1.41,0.073
4233.47,-0.147,1.411,0.08
4233.65,-0.168,1.412,0.07
4233.83,-0.153,1.412,0.075
4234.1,-0.179,1.41,0.098
4234.2,-0.153,1.413,0.088
4234.38,-0.147,1.414,0.089
4234.56,-0.171,1.415,0.071
4234.74,-0.139,1.414,0.078
4234.93,-0.192,1.414,0.094
4235.11,-0.164,1.415,0.068
4235.29,-0.171,1.416,0.087
4235.47,-0.165,1.416,0.076
4235.66,-0.155,1.417,0.069
4235.84,-0.174,1.422,0.089
4236.2,-0.154,1.422,0.081
4236.2,-0.16,1.424,0.072
4236.38,-0.148,1.427,0.08
4236.57,-0.153,1.428,0.08
4236.75,-0.17,1.43,0.071
4236.93,-0.148,1.432,0.077
4237.11,-0.152,1.434,0.09
4237.3,-0.171,1.435,0.075
4237.48,-0.121,1.435,0.092
4237.66,-0.177,1.436,0.094
4237.84,-0.139,1.438,0.071
4238.3,-0.166,1.437,0.082
4238.21,-0.152,1.441,0.083
4238.39,-0.167,1.443,0.071
4238.57,-0.158,1.442,0.078
4238.75,-0.145,1.441,0.075
4238.94,-0.181,1.44,0.077
4239.12,-0.139,1.442,0.084
4239.3,-0.156,1.439,0.091
4239.48,-0.151,1.44,0.072
4239.67,-0.169,1.438,0.093
4239.85,-0.154,1.438,0.09
4240.3,-0.145,1.437,0.075
4240.21,-0.157,1.438,0.07
4240.4,-0.148,1.437,0.075
4240.58,-0.174,1.44,0.081
4240.76,-0.143,1.443,0.085
4240.94,-0.157,1.443,0.098
4241.12,-0.139,1.446,0.078
4241.31,-0.161,1.443,0.086
4241.49,-0.157,1.443,0.078
4241.67,-0.15,1.443,0.083
4241.85,-0.169,1.444,0.074
4242.4,-0.142,1.441,0.067
4242.22,-0.157,1.44,0.079
4242.4,-0.158,1.442,0.077
4242.58,-0.149,1.447,0.054
4242.77,-0.16,1.449,0.079
4242.95,-0.147,1.452,0.075
4243.13,-0.141,1.454,0.075
4243.31,-0.181,1.455,0.068
4243.49,-0.159,1.455,0.076
4243.68,-0.133,1.453,0.078
4243.86,-0.144,1.452,0.073
4244.4,-0.154,1.452,0.072
4244.22,-0.157,1.454,0.076
4244.41,-0.179,1.453,0.071
4244.59,-0.176,1.453,0.088
4244.77,-0.165,1.453,0.069
4249.15,-0.149,1.467,-0.058
4249.33,-0.152,1.47,-0.031
4249.51,-0.15,1.47,0.019
4249.69,-0.139,1.47,0.008
4249.87,-0.161,1.473,0.01
4250.6,-0.155,1.473,0.006
4250.24,-0.134,1.475,0.013
4250.42,-0.159,1.479,0.036
4250.6,-0.156,1.48,0.039
4250.79,-0.167,1.481,0.039
4250.97,-0.149,1.481,0.051
4256.8,-0.14,1.52,0.022
4256.98,-0.177,1.52,0.032
4257.16,-0.157,1.519,0.002
4257.35,-0.161,1.52,0.001
4257.53,-0.166,1.521,-0.007
4257.71,-0.165,1.521,-0.073
4257.89,-0.176,1.523,-0.058
4258.8,-0.145,1.524,-0.065
4258.26,-0.161,1.524,-0.059
4258.44,-0.15,1.523,-0.028
4258.62,-0.16,1.524,0.002
4258.81,-0.139,1.526,0.03
4258.99,-0.164,1.528,0.0
4259.17,-0.149,1.529,-0.003
4259.35,-0.16,1.531,-0.013
4259.53,-0.167,1.53,-0.021
4259.72,-0.151,1.531,-0.033
4259.9,-0.16,1.533,-0.03
4260.8,-0.149,1.536,-0.01
4260.26,-0.14,1.536,0.012
4260.45,-0.149,1.537,0.017
4260.63,-0.173,1.535,0.026
4260.81,-0.159,1.538,-0.007
4260.99,-0.166,1.541,-0.058
4261.18,-0.159,1.543,-0.045
4261.36,-0.144,1.544,-0.021
4261.54,-0.162,1.547,0.016
4261.72,-0.147,1.549,0.05
4261.9,-0.169,1.554,0.041
4262.9,-0.14,1.556,0.033
4263.36,-0.158,1.565,0.02
4263.55,-0.147,1.567,0.035
4263.73,-0.169,1.567,0.075
4263.91,-0.153,1.569,0.067
4264.9,-0.13,1.567,0.069
4264.27,-0.155,1.564,0.04
4264.46,-0.158,1.566,0.045
4264.64,-0.153,1.567,0.059
4264.82,-0.143,1.564,0.051
4265.0,-0.152,1.563,0.06
4265.19,-0.17,1.563,0.052
4265.37,-0.151,1.564,0.055
4265.55,-0.157,1.566,0.068
4265.73,-0.156,1.565,0.053
4265.91,-0.168,1.566,0.044
4266.1,-0.117,1.568,0.034
4266.28,-0.136,1.571,0.052
4266.46,-0.171,1.575,0.04
4266.64,-0.149,1.574,0.05
4266.83,-0.147,1.575,0.043
4267.1,-0.172,1.577,0.01
4267.19,-0.161,1.576,-0.024
4267.37,-0.163,1.578,-0.023
4267.56,-0.142,1.578,0.034
4267.74,-0.144,1.577,0.073
4267.92,-0.147,1.579,0.061
4268.1,-0.134,1.58,0.035
4268.28,-0.17,1.583,0.025
4268.47,-0.139,1.584,0.024
4268.65,-0.189,1.587,0.016
4268.83,-0.139,1.592,0.015
4269.1,-0.159,1.592,0.037
4269.2,-0.158,1.591,0.065
4269.38,-0.162,1.592,0.065
4269.56,-0.199,1.592,0.02
4269.74,-0.125,1.592,0.033
4269.93,-0.172,1.595,0.046
4270.11,-0.147,1.593,0.037
4270.29,-0.173,1.591,0.028
4270.47,-0.153,1.592,0.051
4270.65,-0.145,1.59,0.084
4270.84,-0.165,1.59,0.077
4271.2,-0.147,1.59,0.067
4271.2,-0.165,1.593,0.073
4271.38,-0.148,1.593,0.073
4271.57,-0.143,1.595,0.055
4271.75,-0.169,1.596,0.074
4271.93,-0.166,1.598,0.036
4272.11,-0.144,1.601,0.041
4272.29,-0.164,1.604,0.049
4272.48,-0.153,1.605,0.039
4272.66,-0.153,1.61,0.067
4272.84,-0.145,1.611,0.06
4273.2,-0.153,1.612,0.047
4273.21,-0.165,1.615,0.038
4273.39,-0.155,1.617,0.039
4273.57,-0.156,1.618,0.045
4273.75,-0.18,1.617,0.037
4273.94,-0.162,1.617,0.036
4274.12,-0.136,1.618,0.029
4274.3,-0.173,1.62,0.043
4274.48,-0.177,1.621,0.012
4274.66,-0.129,1.625,0.027
4274.85,-0.156,1.628,0.019
4275.3,-0.117,1.625,-0.019
4276.12,-0.174,1.632,0.038
4276.31,-0.135,1.634,0.059
4276.49,-0.167,1.633,0.061
4276.67,-0.148,1.635,0.049
4276.85,-0.153,1.632,0.071
4277.3,-0.183,1.635,0.057
4277.22,-0.15,1.637,0.056
4277.4,-0.154,1.638,0.065
4277.58,-0.176,1.637,0.054
4277.76,-0.162,1.638,0.076
4277.95,-0.162,1.64,0.055
4278.13,-0.163,1.641,0.029
4278.31,-0.152,1.638,0.065
4278.49,-0.139,1.64,-0.02
4278.68,-0.171,1.64,-0.049
4278.86,-0.142,1.642,-0.065
4279.4,-0.175,1.637,-0.048
4279.22,-0.183,1.64,-0.029
4279.4,-0.112,1.641,0.02
4279.59,-0.181,1.643,0.024
4279.77,-0.161,1.642,0.029
4279.95,-0.121,1.643,0.033
4280.13,-0.184,1.643,0.012
4280.32,-0.183,1.642,0.012
4280.5,-0.153,1.641,0.023
4283.42,-0.114,1.658,-0.05
4283.6,-0.231,1.658,-0.056
4283.78,-0.088,1.66,-0.036
4283.96,-0.202,1.66,0.004
4284.14,-0.108,1.66,0.047
4284.33,-0.194,1.661,0.048
4284.51,-0.123,1.658,0.047
4284.69,-0.197,1.657,0.035
4284.87,-0.148,1.661,0.071
4285.6,-0.188,1.663,0.048
4285.24,-0.131,1.663,0.011
4285.42,-0.203,1.667,0.013
4285.6,-0.133,1.669,0.012
4285.79,-0.186,1.67,-0.012
4285.97,-0.165,1.671,-0.009
4286.15,-0.17,1.67,0.028
4286.33,-0.139,1.674,0.029
4286.52,-0.187,1.674,0.013
4286.7,-0.132,1.676,0.041
4286.88,-0.166,1.677,0.042
4287.6,-0.165,1.677,0.04
4287.24,-0.146,1.679,0.035
4287.43,-0.14,1.68,0.05
4287.61,-0.136,1.678,0.061
4287.79,-0.173,1.675,0.048
4287.97,-0.144,1.676,0.042
4288.16,-0.172,1.677,0.07
4288.34,-0.167,1.681,0.064
4288.52,-0.139,1.68,0.056
4288.7,-0.157,1.685,0.046
4288.89,-0.136,1.688,0.037
4289.7,-0.172,1.69,0.039
4289.25,-0.152,1.693,0.039
4289.43,-0.175,1.688,0.046
4289.62,-0.168,1.689,0.072
4289.8,-0.147,1.69,0.053
4289.98,-0.133,1.691,0.047
4293.63,-0.142,1.723,0.074
4293.81,-0.151,1.718,0.082
4293.99,-0.162,1.716,0.072
4294.17,-0.143,1.719,0.069
4294.36,-0.17,1.723,0.052
4294.54,-0.141,1.726,0.031
4294.72,-0.154,1.727,0.069
4294.9,-0.158,1.729,0.069
4295.8,-0.147,1.73,0.049
4295.27,-0.151,1.731,0.045
4295.45,-0.16,1.731,0.045
4295.63,-0.157,1.73,0.04
4295.81,-0.13,1.729,0.074
4296.0,-0.153,1.727,0.067
4296.18,-0.161,1.733,0.07
4297.27,-0.151,1.739,0.066
4297.45,-0.16,1.74,0.052
4297.64,-0.14,1.737,0.07
4297.82,-0.143,1.736,0.073
4298.0,-0.15,1.737,0.062
4298.18,-0.158,1.737,0.05
4298.37,-0.156,1.736,0.065
4298.55,-0.139,1.739,0.074
4298.73,-0.149,1.739,0.074
4298.91,-0.168,1.739,0.055
4299.1,-0.136,1.741,0.051
4299.28,-0.162,1.74,0.064
4299.46,-0.154,1.74,0.076
4299.64,-0.148,1.74,0.061
4299.83,-0.163,1.741,0.058
4300.1,-0.177,1.742,0.091
4300.19,-0.156,1.741,0.08
4300.37,-0.159,1.737,0.071
4300.55,-0.163,1.739,0.056
4300.74,-0.136,1.742,0.07
4300.92,-0.158,1.744,0.067
4301.1,-0.151,1.741,0.066
4301.28,-0.155,1.744,0.057
4301.47,-0.163,1.744,0.083
4301.65,-0.141,1.743,0.075
4301.83,-0.178,1.746,0.039
4302.1,-0.147,1.747,0.051
4302.2,-0.177,1.75,0.044
4302.38,-0.153,1.754,0.045
4302.56,-0.14,1.754,0.041
4302.74,-0.162,1.754,0.037
4302.92,-0.164,1.757,0.051
4303.11,-0.125,1.758,0.082
4303.29,-0.149,1.76,0.067
4303.47,-0.152,1.761,0.063
4303.65,-0.153,1.759,0.057
4303.84,-0.152,1.76,0.048
4304.2,-0.146,1.764,0.068
4304.2,-0.155,1.764,0.072
4304.38,-0.148,1.763,0.064
4304.57,-0.154,1.762,0.076
4304.75,-0.165,1.762,0.053
4304.93,-0.139,1.761,0.062
4305.11,-0.169,1.764,0.062
4305.29,-0.156,1.761,0.067
4305.48,-0.171,1.761,0.057
4305.66,-0.15,1.761,0.055
4305.84,-0.148,1.766,0.062
4306.2,-0.155,1.765,0.052
4306.21,-0.167,1.763,0.05
4306.39,-0.137,1.762,0.07
4306.57,-0.157,1.765,0.057
4306.75,-0.162,1.766,0.042
4306.94,-0.164,1.768,0.033
4307.12,-0.156,1.767,0.038
4307.3,-0.137,1.769,0.055
4307.48,-0.152,1.769,0.062
4307.67,-0.156,1.769,0.062
4307.85,-0.142,1.769,0.054
4308.3,-0.17,1.772,0.063
4308.21,-0.142,1.774,0.066
4308.39,-0.178,1.774,0.045
4308.58,-0.158,1.771,0.074
4308.76,-0.164,1.774,0.063
4308.94,-0.132,1.777,0.079
4309.12,-0.163,1.777,0.081
4309.31,-0.152,1.777,0.073
4309.49,-0.146,1.776,0.083
4309.67,-0.135,1.776,0.07
4309.85,-0.146,1.776,0.084
4310.4,-0.159,1.775,0.067
4310.22,-0.146,1.775,0.065
4310.4,-0.159,1.774,0.06
4310.58,-0.149,1.775,0.082
4310.76,-0.156,1.775,0.08
4310.95,-0.147,1.773,0.088
4311.13,-0.151,1.774,0.074
4311.31,-0.147,1.775,0.084
4311.49,-0.154,1.774,0.082
4311.68,-0.141,1.776,0.069
4311.86,-0.149,1.778,0.079
4312.4,-0.151,1.777,0.082
4312.22,-0.142,1.78,0.075
4312.41,-0.155,1.784,0.064
4312.59,-0.165,1.784,0.048
4312.77,-0.145,1.786,0.048
4312.95,-0.15,1.784,0.022
4313.13,-0.154,1.785,0.028
4313.32,-0.17,1.784,0.01
4313.5,-0.139,1.786,0.015
4313.68,-0.143,1.786,0.005
4313.86,-0.134,1.786,-0.016
4314.5,-0.152,1.788,-0.027
4314.23,-0.137,1.789,-0.042
4314.41,-0.16,1.788,-0.016
4314.59,-0.147,1.788,0.016
4314.78,-0.158,1.788,0.049
4314.96,-0.157,1.788,0.065
4315.14,-0.157,1.788,0.082
4315.32,-0.132,1.794,0.065
4315.5,-0.162,1.796,0.052
4315.69,-0.151,1.797,0.047
4315.87,-0.173,1.795,0.054
4316.5,-0.151,1.796,0.071
4316.23,-0.16,1.796,0.059
4316.42,-0.156,1.799,0.023
4316.6,-0.136,1.8,-0.008
4316.78,-0.166,1.8,-0.005
4316.96,-0.162,1.804,0.005
4317.15,-0.154,1.804,0.033
4317.33,-0.149,1.806,0.037
4317.51,-0.154,1.804,0.018
4317.69,-0.18,1.803,-0.004
4317.88,-0.144,1.803,0.012
4318.6,-0.162,1.808,0.013
4318.24,-0.153,1.807,0.045
4318.42,-0.156,1.805,0.044
4318.6,-0.146,1.806,0.053
4318.79,-0.158,1.809,0.086
4318.97,-0.15,1.811,0.076
4320.6,-0.139,1.813,0.054
4320.24,-0.152,1.812,0.077
4320.43,-0.132,1.812,0.074
4320.61,-0.15,1.812,0.08
4320.79,-0.149,1.814,0.077
4320.97,-0.158,1.815,0.078
4321.16,-0.147,1.814,0.081
4321.34,-0.164,1.813,0.087
4321.52,-0.155,1.812,0.076
4321.7,-0.169,1.812,0.075
4321.89,-0.143,1.813,0.072
4322.7,-0.179,1.814,0.07
4322.25,-0.143,1.815,0.076
4322.43,-0.144,1.815,0.073
4322.61,-0.163,1.816,0.051
4322.8,-0.138,1.814,0.056
4322.98,-0.153,1.817,0.069
4323.16,-0.157,1.817,0.052
4323.34,-0.133,1.816,0.057
4323.53,-0.147,1.818,0.057
4323.71,-0.15,1.818,0.052
4323.89,-0.154,1.819,0.062
4324.7,-0.163,1.82,0.05
4324.26,-0.165,1.82,0.038
4324.44,-0.173,1.822,0.064
4324.62,-0.151,1.825,0.074
4324.8,-0.164,1.827,0.048
4324.98,-0.149,1.828,0.049
4325.17,-0.148,1.827,0.049
4325.35,-0.151,1.828,0.067
4325.53,-0.149,1.83,0.037
4325.71,-0.148,1.829,0.026
4325.9,-0.141,1.828,0.036
4326.8,-0.158,1.827,0.027
4326.26,-0.138,1.828,0.049
4326.44,-0.14,1.829,0.045
4326.63,-0.16,1.826,0.062
4326.81,-0.153,1.828,0.046
4326.99,-0.16,1.827,0.041
4327.17,-0.156,1.827,0.047
4327.35,-0.158,1.828,0.076
4327.54,-0.149,1.83,0.086
4327.72,-0.152,1.829,0.075
4327.9,-0.148,1.834,0.082
4328.8,-0.169,1.834,0.096
4328.27,-0.166,1.837,0.098
4329.91,-0.16,1.84,0.054
4330.9,-0.15,1.842,0.072
4330.27,-0.134,1.846,0.064
4330.45,-0.14,1.848,0.052
4330.64,-0.147,1.848,0.062
4330.82,-0.161,1.849,0.056
4331.0,-0.15,1.849,0.06
4331.18,-0.165,1.849,0.051
4331.36,-0.147,1.85,0.059
4331.55,-0.133,1.847,0.076
4331.73,-0.143,1.848,0.05
4331.91,-0.131,1.851,0.049
4332.9,-0.164,1.853,0.05
4332.28,-0.136,1.85,0.019
4332.46,-0.168,1.852,0.036
4332.64,-0.14,1.851,0.008
4332.82,-0.169,1.849,0.025
4333.0,-0.162,1.853,0.019
4333.19,-0.166,1.849,0.005
4333.37,-0.15,1.85,0.019
4333.55,-0.135,1.851,0.031
4333.73,-0.137,1.849,0.022
4333.92,-0.164,1.85,0.03
4334.1,-0.151,1.852,0.016
4334.28,-0.171,1.854,0.026
4334.46,-0.157,1.857,0.026
4334.65,-0.157,1.856,0.016
4334.83,-0.148,1.857,0.025
4335.1,-0.156,1.858,0.026
4335.19,-0.165,1.857,0.022
4335.37,-0.176,1.859,0.037
4335.56,-0.138,1.86,0.027
4335.74,-0.17,1.857,0.02
4335.92,-0.156,1.859,0.033
4336.1,-0.163,1.86,0.029
4336.29,-0.152,1.862,0.036
4336.47,-0.148,1.865,0.013
4336.65,-0.154,1.865,0.033
4336.83,-0.152,1.868,0.027
4337.1,-0.15,1.868,0.034
4337.2,-0.175,1.872,0.036
4337.38,-0.152,1.871,0.027
4337.56,-0.171,1.869,0.016
4337.74,-0.157,1.869,0.01
4337.93,-0.153,1.872,0.014
4338.11,-0.167,1.875,0.035
4338.29,-0.133,1.873,0.034
4338.47,-0.161,1.874,0.021
4338.66,-0.174,1.876,0.036
4338.84,-0.156,1.876,0.052
4339.2,-0.147,1.877,0.023
4339.2,-0.159,1.878,0.037
4339.38,-0.143,1.88,0.044
4339.57,-0.157,1.882,0.045
4339.75,-0.151,1.886,0.032
4339.93,-0.174,1.888,0.033
4340.11,-0.153,1.889,0.037
4340.3,-0.151,1.889,0.054
4340.48,-0.203,1.891,0.058
4340.66,-0.145,1.89,0.065
4340.84,-0.204,1.896,0.054
4341.3,-0.128,1.897,0.025
4341.21,-0.189,1.897,0.023
4341.39,-0.158,1.9,0.01
4341.57,-0.158,1.898,0.043
4341.75,-0.172,1.901,0.032
4341.94,-0.178,1.905,0.043
4342.12,-0.127,1.906,0.052
4342.3,-0.162,1.908,0.024
4342.48,-0.146,1.911,-0.02
4342.67,-0.156,1.912,-0.006
4342.85,-0.138,1.913,0.022
4343.3,-0.179,1.914,0.013
4343.21,-0.166,1.916,0.04
4343.39,-0.166,1.917,0.04
4343.58,-0.159,1.92,0.002
4343.76,-0.162,1.918,0.018
4343.94,-0.173,1.919,0.024
4344.12,-0.158,1.922,0.034
4344.31,-0.168,1.924,0.06
4344.49,-0.165,1.923,0.053
4344.67,-0.181,1.922,0.037
4344.85,-0.146,1.921,0.038
4345.3,-0.197,1.923,0.039
4345.22,-0.123,1.924,0.043
4345.4,-0.211,1.925,0.055
4349.96,-0.137,1.955,-0.019
4350.14,-0.154,1.957,-0.015
4350.32,-0.18,1.959,-0.009
4350.5,-0.163,1.963,0.004
4350.68,-0.16,1.961,0.002
4350.87,-0.145,1.959,0.011
4351.5,-0.122,1.964,0.029
4351.23,-0.189,1.965,-0.005
4351.41,-0.13,1.965,0.033
4351.6,-0.185,1.967,0.034
4351.78,-0.157,1.968,0.025
4351.96,-0.165,1.967,0.03
4352.14,-0.147,1.972,0.03
4352.33,-0.15,1.972,0.031
4352.51,-0.184,1.972,0.034
4352.69,-0.142,1.971,0.05
4352.87,-0.156,1.971,0.021
4353.5,-0.138,1.972,0.039
4353.24,-0.142,1.973,0.044
4353.42,-0.144,1.974,0.044
4353.6,-0.155,1.978,0.035
4353.78,-0.15,1.977,0.03
4353.97,-0.149,1.978,0.033
4354.15,-0.158,1.978,0.038
4354.33,-0.161,1.982,0.033
4354.51,-0.139,1.983,0.038
4354.7,-0.194,1.987,0.023
4354.88,-0.15,1.986,0.022
4355.6,-0.146,1.987,0.028
4355.24,-0.191,1.986,0.021
4355.42,-0.126,1.985,0.057
4355.61,-0.224,1.984,0.05
4355.79,-0.081,1.986,0.063
4355.97,-0.213,1.985,0.058
4356.15,-0.156,1.986,0.043
4356.34,-0.151,1.988,0.041
4356.52,-0.153,1.988,0.056
4356.7,-0.195,1.99,0.051
4356.88,-0.134,1.991,0.047
4357.6,-0.186,1.99,0.049
4357.25,-0.162,1.992,0.045
4357.43,-0.157,1.99,0.051
4359.25,-0.148,2.0,0.048
4359.43,-0.164,1.996,0.03
4359.62,-0.166,1.997,0.04
4359.8,-0.157,1.998,0.048
4359.98,-0.182,2.001,0.033
4360.16,-0.1,2.007,0.052
4360.35,-0.2,2.011,0.057
4360.53,-0.155,2.01,0.062
4360.71,-0.151,2.014,0.047
4360.89,-0.147,2.014,0.033
4361.8,-0.152,2.017,0.043
4361.26,-0.16,2.013,0.055
4361.44,-0.18,2.018,0.056
4361.62,-0.135,2.016,0.076
4361.8,-0.175,2.018,0.072
4361.99,-0.122,2.018,0.066
4362.17,-0.152,2.02,0.045
4362.35,-0.113,2.02,0.061
4362.53,-0.17,2.018,0.034
4362.72,-0.157,2.019,0.042
4362.9,-0.147,2.021,0.045
4363.8,-0.162,2.023,0.059
4363.26,-0.171,2.022,0.045
4363.44,-0.129,2.021,0.045
4363.63,-0.168,2.023,0.069
4363.81,-0.17,2.03,0.069
4363.99,-0.251,2.032,0.037
4365.9,-0.138,2.034,0.042
4365.27,-0.148,2.035,0.043
4365.45,-0.16,2.034,0.05
4365.63,-0.173,2.04,0.027
4365.81,-0.122,2.037,0.057
4366.0,-0.151,2.042,0.027
4366.18,-0.171,2.04,0.058
4366.36,-0.112,2.043,0.056
4366.54,-0.193,2.045,0.067
4366.73,-0.094,2.045,0.08
4366.91,-0.227,2.046,0.036
4367.9,-0.098,2.047,0.067
4367.27,-0.206,2.049,0.066
4367.45,-0.157,2.05,0.045
4367.64,-0.165,2.048,0.048
4367.82,-0.154,2.048,0.044
4368.0,-0.113,2.05,0.049
4368.18,-0.205,2.05,0.054
4368.37,-0.108,2.051,0.078
4368.55,-0.186,2.057,0.066
4368.73,-0.137,2.057,0.094
4368.91,-0.171,2.06,0.086
4369.1,-0.124,2.064,0.087
4369.28,-0.183,2.068,0.079
4369.46,-0.122,2.069,0.072
4369.64,-0.168,2.071,0.075
4369.82,-0.121,2.071,0.078
4370.1,-0.173,2.069,0.056
4370.19,-0.143,2.07,0.062
4370.37,-0.148,2.069,0.058
4370.55,-0.158,2.073,0.038
4370.74,-0.134,2.074,0.059
4370.92,-0.172,2.073,0.066
4371.1,-0.158,2.075,0.036
4371.28,-0.157,2.074,0.013
4371.47,-0.152,2.076,0.029
4371.65,-0.135,2.073,0.076
4371.83,-0.154,2.073,0.052
4372.1,-0.138,2.071,0.073
4372.19,-0.178,2.071,0.048
4372.38,-0.129,2.07,0.022
4372.56,-0.159,2.071,0.013
4372.74,-0.174,2.073,0.018
4372.92,-0.161,2.077,0.015
4373.11,-0.148,2.078,0.017
4373.29,-0.163,2.081,0.02
4373.47,-0.125,2.081,0.028
4373.65,-0.16,2.083,0.045
4373.84,-0.154,2.081,0.032
4374.2,-0.18,2.083,0.041
4374.2,-0.147,2.083,0.028
4374.38,-0.166,2.087,0.008
4374.56,-0.154,2.088,0.025
4374.75,-0.158,2.092,0.002
4374.93,-0.146,2.091,-0.0
4375.11,-0.174,2.093,0.02
4375.29,-0.175,2.093,0.036
4376.39,-0.151,2.098,0.069
4376.57,-0.171,2.098,0.08
4376.75,-0.147,2.096,0.077
4376.93,-0.157,2.096,0.072
4377.12,-0.148,2.095,0.085
4377.3,-0.155,2.098,0.056
4377.48,-0.154,2.099,0.069
4377.66,-0.162,2.102,0.069
4377.85,-0.133,2.103,0.063
4378.3,-0.163,2.103,0.052
4378.21,-0.151,2.104,0.054
4378.39,-0.147,2.106,0.047
4378.58,-0.16,2.106,0.043
4378.76,-0.16,2.107,0.024
4378.94,-0.132,2.109,0.041
4379.12,-0.174,2.109,0.019
4379.3,-0.144,2.108,0.019
4379.49,-0.157,2.11,0.007
4379.67,-0.148,2.109,0.057
4379.85,-0.159,2.106,0.084
4380.3,-0.161,2.105,0.064
4380.22,-0.162,2.105,0.049
4380.4,-0.16,2.104,0.053
4380.58,-0.154,2.108,0.049
4380.76,-0.171,2.11,0.025
4380.94,-0.149,2.108,0.026
4381.13,-0.161,2.113,0.013
4381.31,-0.157,2.114,0.031
4381.49,-0.168,2.117,0.044
4381.67,-0.146,2.12,0.062
4381.86,-0.174,2.121,0.069
4382.4,-0.159,2.124,0.072
4382.22,-0.169,2.124,0.065
4382.4,-0.135,2.125,0.066
4382.59,-0.168,2.126,0.061
4383.86,-0.141,2.129,-0.032
4384.4,-0.157,2.129,-0.026
4384.23,-0.154,2.133,-0.023
4384.41,-0.153,2.135,-0.002
4384.59,-0.158,2.137,-0.01
4384.77,-0.176,2.135,-0.01
4384.96,-0.136,2.136,-0.002
4385.14,-0.139,2.138,-0.006
4385.32,-0.173,2.139,-0.011
4385.5,-0.144,2.139,0.021
4385.68,-0.158,2.141,0.031
4385.87,-0.157,2.143,0.051
4386.5,-0.182,2.146,0.031
4386.23,-0.118,2.145,0.048
4386.41,-0.184,2.146,0.051
4386.6,-0.152,2.145,0.054
4386.78,-0.191,2.148,0.046
4386.96,-0.15,2.146,0.041
4387.14,-0.171,2.145,0.042
4387.33,-0.128,2.146,0.052
4387.51,-0.16,2.148,0.059
4387.69,-0.156,2.151,0.064
4387.87,-0.156,2.153,0.074
4388.5,-0.157,2.153,0.042
4388.24,-0.143,2.155,0.071
4388.42,-0.16,2.155,0.03
4388.6,-0.147,2.156,0.011
4388.78,-0.191,2.161,-0.002
4388.97,-0.118,2.161,0.025
4389.15,-0.158,2.16,0.039
4389.33,-0.165,2.162,0.041
4389.51,-0.159,2.161,0.03
4389.7,-0.169,2.165,0.041
4389.88,-0.148,2.168,0.051
4390.6,-0.201,2.169,0.052
4390.24,-0.129,2.167,0.034
4390.42,-0.188,2.168,0.047
4390.61,-0.149,2.171,0.029
4390.79,-0.154,2.168,0.022
4390.97,-0.206,2.17,-0.019
4391.15,-0.065,2.166,0.032
4391.34,-0.269,2.169,0.02
4391.52,-0.091,2.167,0.033
4391.7,-0.224,2.166,0.037
4391.88,-0.12,2.169,0.034
4392.7,-0.172,2.171,0.034
4392.25,-0.194,2.175,0.0
4392.43,-0.1,2.173,0.02
4392.61,-0.199,2.175,0.005
4392.79,-0.153,2.174,0.015
4392.98,-0.145,2.176,0.018
4393.16,-0.185,2.178,0.014
4393.34,-0.122,2.181,0.028
4393.52,-0.165,2.179,0.044
4393.71,-0.176,2.18,0.036
4393.89,-0.157,2.179,0.016
4394.7,-0.177,2.184,-0.022
4394.25,-0.114,2.184,-0.026
4394.43,-0.187,2.184,-0.039
4394.62,-0.142,2.185,-0.061
4394.8,-0.156,2.189,-0.031
4394.98,-0.165,2.192,-0.009
4395.16,-0.131,2.19,-0.021
4395.35,-0.18,2.192,-0.021
4395.53,-0.146,2.194,0.001
4395.71,-0.147,2.195,0.008
4395.89,-0.159,2.2,0.026
4396.8,-0.165,2.203,0.053
4396.26,-0.147,2.205,0.056
4396.44,-0.149,2.205,0.056
4396.62,-0.183,2.207,0.062
4396.8,-0.131,2.209,0.074
4396.99,-0.196,2.209,0.055
4397.17,-0.155,2.21,0.055
4397.35,-0.16,2.21,0.049
4397.53,-0.157,2.211,0.056
4397.72,-0.139,2.212,0.076
4397.9,-0.164,2.213,0.076
4398.8,-0.18,2.213,0.07
4398.26,-0.163,2.214,0.088
4398.45,-0.173,2.213,0.075
4398.63,-0.13,2.214,0.076
4398.81,-0.19,2.216,0.072
4398.99,-0.129,2.219,0.056
4399.17,-0.165,2.221,0.068
4399.36,-0.148,2.222,0.061
4399.54,-0.157,2.222,0.07
4399.72,-0.184,2.226,0.084
4399.9,-0.14,2.224,0.076
4400.9,-0.178,2.224,0.086
4400.27,-0.164,2.226,0.072
4400.45,-0.149,2.227,0.077
4400.63,-0.155,2.226,0.084
4400.81,-0.154,2.229,0.066
4401.0,-0.144,2.23,0.06
4401.18,-0.159,2.227,0.065
4401.36,-0.155,2.227,0.067
4401.54,-0.156,2.223,0.073
4401.73,-0.164,2.22,0.07
4401.91,-0.15,2.22,0.075
4402.9,-0.177,2.221,0.072
4402.27,-0.145,2.222,0.071
4402.46,-0.162,2.221,0.062
4402.64,-0.168,2.224,0.064
4402.82,-0.168,2.226,0.054
4403.0,-0.166,2.226,0.058
4403.18,-0.148,2.226,0.053
4404.28,-0.149,2.232,0.034
4404.46,-0.169,2.234,0.053
4404.64,-0.143,2.238,0.057
4404.83,-0.162,2.239,0.072
4405.1,-0.171,2.239,0.055
4405.19,-0.169,2.237,0.078
4405.37,-0.157,2.236,0.074
4405.55,-0.158,2.236,0.079
4405.74,-0.146,2.236,0.057
4405.92,-0.162,2.237,0.074
4406.1,-0.16,2.24,0.055
4406.28,-0.145,2.24,0.054
4406.47,-0.169,2.241,0.05
4406.65,-0.137,2.24,0.05
4406.83,-0.158,2.239,0.06
4407.1,-0.163,2.241,0.043
4407.2,-0.148,2.242,0.039
4408.29,-0.178,2.249,-0.002
4408.47,-0.166,2.248,0.031
4408.65,-0.152,2.247,0.041
4408.84,-0.162,2.248,0.046
4409.2,-0.147,2.246,0.045
4409.2,-0.16,2.248,0.045
4409.38,-0.174,2.247,0.054
4409.57,-0.162,2.246,0.066
4409.75,-0.174,2.246,0.052
4409.93,-0.134,2.247,0.054
4410.11,-0.164,2.245,0.042
4410.29,-0.151,2.246,0.056
4410.48,-0.176,2.245,0.055
4410.66,-0.149,2.245,0.058
4410.84,-0.162,2.245,0.059
4411.2,-0.164,2.248,0.045
4411.21,-0.166,2.246,0.061
4411.39,-0.159,2.245,0.048
4411.57,-0.145,2.244,0.046
4411.75,-0.143,2.244,0.063
4411.94,-0.166,2.245,0.071
4412.12,-0.147,2.248,0.061
4412.3,-0.157,2.248,0.069
4412.48,-0.168,2.253,0.1
4412.66,-0.153,2.255,0.088
4412.85,-0.17,2.258,0.09
4413.3,-0.147,2.26,0.072
4413.21,-0.137,2.262,0.081
4413.39,-0.165,2.263,0.06
4413.58,-0.137,2.262,0.075
4413.76,-0.163,2.263,0.062
4413.94,-0.14,2.261,0.054
4414.12,-0.158,2.265,0.043
4414.3,-0.134,2.264,0.057
4414.49,-0.142,2.264,0.044
4414.67,-0.142,2.266,0.062
4414.85,-0.168,2.269,0.043
4415.3,-0.152,2.268,0.053
4415.22,-0.167,2.271,0.05
4415.4,-0.165,2.274,0.054
4415.58,-0.16,2.275,0.046
4415.76,-0.155,2.276,0.065
4415.95,-0.155,2.277,0.056
4416.13,-0.138,2.281,0.038
4416.31,-0.177,2.283,0.04
4416.49,-0.155,2.282,0.041
4416.67,-0.169,2.282,0.038
4416.86,-0.157,2.282,0.029
4417.4,-0.162,2.281,0.034
4417.22,-0.154,2.284,0.033
4417.4,-0.153,2.284,0.023
4417.59,-0.154,2.284,0.032
4417.77,-0.168,2.286,0.021
4417.95,-0.141,2.285,0.047
4418.13,-0.163,2.285,0.04
4418.32,-0.146,2.285,0.038
4418.5,-0.151,2.281,0.036
4418.68,-0.168,2.281,0.048
4418.86,-0.152,2.279,0.032
4419.4,-0.142,2.281,0.059
4419.23,-0.172,2.285,0.074
4419.41,-0.132,2.284,0.071
4419.59,-0.174,2.284,0.075
4419.77,-0.141,2.284,0.061
4419.96,-0.162,2.285,0.067
4420.14,-0.166,2.29,0.054
4420.32,-0.15,2.29,0.049
4422.14,-0.156,2.311,0.068
4422.33,-0.165,2.312,0.066
4422.51,-0.154,2.314,0.06
4422.69,-0.143,2.317,0.064
4422.87,-0.155,2.315,0.058
4423.5,-0.155,2.319,0.046
4423.24,-0.15,2.321,0.059
4423.42,-0.166,2.323,0.066
4423.6,-0.148,2.326,0.064
4423.78,-0.142,2.328,0.054
4429.7,-0.156,2.348,0.049
4429.25,-0.154,2.349,0.059
4429.44,-0.149,2.351,0.068
4429.62,-0.15,2.353,0.06
4429.8,-0.161,2.352,0.063
4429.98,-0.159,2.353,0.076
4430.16,-0.135,2.355,0.065
4430.35,-0.175,2.354,0.078
4430.53,-0.147,2.355,0.058
4430.71,-0.165,2.354,0.066
4430.89,-0.144,2.354,0.058
4431.8,-0.154,2.356,0.071
4431.26,-0.145,2.353,0.062
4431.44,-0.167,2.355,0.045
4431.62,-0.157,2.355,0.054
4431.81,-0.169,2.358,0.044
4431.99,-0.144,2.363,0.057
4432.17,-0.13,2.367,0.044
4432.35,-0.154,2.367,0.059
4432.53,-0.151,2.368,0.069
4432.72,-0.168,2.367,0.058
4432.9,-0.182,2.372,0.05
4433.8,-0.149,2.372,0.063
4433.26,-0.171,2.375,0.059
4433.45,-0.184,2.376,0.057
4433.63,-0.14,2.378,0.04
4433.81,-0.174,2.377,0.046
4433.99,-0.169,2.375,0.051
4434.17,-0.154,2.375,0.056
4434.36,-0.154,2.374,0.045
4434.54,-0.158,2.373,0.038
4434.72,-0.161,2.376,0.044
4434.9,-0.139,2.378,0.04
4435.9,-0.148,2.381,0.028
4435.27,-0.16,2.383,0.053
4435.45,-0.141,2.382,0.047
4435.63,-0.185,2.387,0.047
4435.82,-0.126,2.384,0.058
4436.0,-0.183,2.386,0.039
4437.9,-0.169,2.386,0.033
4437.27,-0.155,2.386,0.04
4437.46,-0.168,2.391,0.043
4437.64,-0.164,2.389,0.029
4437.82,-0.166,2.39,0.03
4438.0,-0.167,2.389,0.038
4438.19,-0.159,2.39,0.051
4438.37,-0.152,2.395,0.029
4438.55,-0.158,2.396,0.067
4438.73,-0.161,2.396,0.053
4438.91,-0.163,2.394,0.058
4439.1,-0.162,2.393,0.057
4439.28,-0.156,2.395,0.052
4439.46,-0.168,2.396,0.048
4439.64,-0.165,2.395,0.063
4439.83,-0.151,2.394,0.069
4440.1,-0.157,2.398,0.059
4440.19,-0.153,2.4,0.057
4440.37,-0.159,2.401,0.05
4440.55,-0.137,2.404,0.054
4440.74,-0.173,2.406,0.057
4440.92,-0.151,2.408,0.056
4441.1,-0.158,2.408,0.052
4441.28,-0.151,2.409,0.042
4441.47,-0.155,2.408,0.046
4441.65,-0.164,2.41,0.054
4441.83,-0.149,2.413,0.054
4442.1,-0.149,2.414,0.05
4442.2,-0.151,2.414,0.054
4442.38,-0.158,2.413,0.056
4442.56,-0.143,2.414,0.046
4442.74,-0.161,2.417,0.042
4444.2,-0.175,2.427,0.027
4444.2,-0.129,2.429,0.029
4444.38,-0.168,2.433,0.025
4444.56,-0.15,2.436,0.007
4444.75,-0.159,2.438,0.023
4444.93,-0.138,2.441,0.028
4445.11,-0.176,2.442,0.017
4445.29,-0.146,2.442,0.019
4445.48,-0.182,2.44,0.06
4445.66,-0.129,2.441,0.071
4445.84,-0.173,2.442,0.082
4446.2,-0.145,2.443,0.075
4446.21,-0.126,2.442,0.069
4446.39,-0.187,2.445,0.075
4446.57,-0.152,2.446,0.064
4446.75,-0.177,2.45,0.078
4446.93,-0.149,2.451,0.053
4447.12,-0.153,2.45,0.064
4447.3,-0.166,2.452,0.073
4447.48,-0.139,2.454,0.059
4447.66,-0.186,2.461,0.076
4447.85,-0.145,2.466,0.065
4448.3,-0.192,2.466,0.039
4448.21,-0.153,2.468,0.067
4448.39,-0.16,2.469,0.048
4448.58,-0.173,2.47,0.064
4448.76,-0.148,2.467,0.045
4448.94,-0.162,2.468,0.034
4449.12,-0.13,2.464,0.054
4449.3,-0.176,2.467,0.046
4449.49,-0.165,2.47,0.046
4449.67,-0.148,2.468,0.055
4449.85,-0.174,2.473,0.066
4450.3,-0.164,2.475,0.044
4450.22,-0.169,2.476,0.048
4450.4,-0.133,2.48,0.074
4450.58,-0.181,2.482,0.048
4450.76,-0.129,2.483,0.043
4450.95,-0.151,2.48,0.049
4451.13,-0.148,2.481,0.06
4451.31,-0.161,2.48,0.063
4451.49,-0.166,2.481,0.058
4451.67,-0.142,2.48,0.065
4451.86,-0.152,2.483,0.045
4452.4,-0.147,2.481,0.071
4452.22,-0.193,2.486,0.054
4452.4,-0.114,2.486,0.059
4452.59,-0.216,2.489,0.041
4452.77,-0.102,2.486,0.082
4452.95,-0.179,2.488,0.078
4453.13,-0.105,2.483,0.055
4453.32,-0.183,2.484,0.049
4453.5,-0.115,2.487,0.049
4453.68,-0.194,2.489,0.04
4453.86,-0.143,2.493,0.043
4454.4,-0.208,2.494,0.037
4454.23,-0.135,2.493,0.057
4454.41,-0.162,2.494,0.076
4454.59,-0.152,2.494,0.044
4454.77,-0.163,2.493,0.041
4454.96,-0.161,2.492,0.027
4455.14,-0.159,2.494,0.026
4455.32,-0.153,2.496,0.037
4455.5,-0.128,2.499,0.043
4455.69,-0.203,2.502,0.059
4455.87,-0.138,2.504,0.062
4456.5,-0.177,2.505,0.105
4456.23,-0.09,2.506,0.06
4456.41,-0.198,2.505,0.077
4456.6,-0.121,2.507,0.105
4456.78,-0.177,2.506,0.088
4456.96,-0.193,2.507,0.095
4457.14,-0.143,2.506,0.065
4457.33,-0.143,2.507,0.08
4457.51,-0.176,2.508,0.077
4457.69,-0.173,2.506,0.068
4457.87,-0.155,2.508,0.085
4458.6,-0.149,2.507,0.084
4458.24,-0.18,2.51,0.063
4458.42,-0.135,2.51,0.069
4458.6,-0.189,2.511,0.056
4458.78,-0.149,2.511,0.018
4458.97,-0.119,2.511,0.035
4459.15,-0.166,2.511,0.066
4459.33,-0.169,2.512,0.062
4459.51,-0.154,2.512,0.064
4459.7,-0.155,2.51,0.09
4459.88,-0.164,2.51,0.042
4460.6,-0.129,2.507,0.02
4460.24,-0.17,2.506,0.03
4460.43,-0.149,2.507,0.057
4460.61,-0.17,2.511,0.018
4460.79,-0.15,2.511,-0.034
4460.97,-0.149,2.512,-0.037
4461.15,-0.152,2.513,0.004
4461.34,-0.151,2.514,-0.008
4461.52,-0.147,2.516,0.014
4461.7,-0.154,2.515,0.037
4461.88,-0.144,2.514,0.038
4462.7,-0.155,2.515,0.041
4462.25,-0.166,2.515,0.07
4465.89,-0.151,2.551,0.013
4466.8,-0.156,2.553,0.012
4466.26,-0.136,2.554,0.022
4466.44,-0.15,2.557,0.012
4466.62,-0.157,2.56,0.025
4466.81,-0.159,2.556,0.022
4466.99,-0.172,2.556,0.044
4467.17,-0.147,2.559,0.045
4467.35,-0.17,2.561,0.041
4467.54,-0.158,2.56,0.03
4473.0,-0.149,2.591,0.07
4473.19,-0.173,2.595,0.066
4473.37,-0.136,2.595,0.061
4473.55,-0.189,2.598,0.067
4473.73,-0.152,2.599,0.047
4473.92,-0.145,2.601,0.062
4474.1,-0.155,2.602,0.058
4474.28,-0.186,2.604,0.05
4474.46,-0.127,2.604,0.043
4474.64,-0.181,2.608,0.061
4474.83,-0.136,2.607,0.069
4475.1,-0.152,2.61,0.066
4475.19,-0.155,2.607,0.044
4475.37,-0.163,2.606,0.048
4475.56,-0.154,2.607,0.04
4475.74,-0.164,2.607,0.036
4475.92,-0.136,2.606,0.05
4476.1,-0.173,2.611,0.043
4476.29,-0.146,2.617,0.056
4476.47,-0.154,2.62,0.07
4476.65,-0.151,2.62,0.072
4476.83,-0.164,2.621,0.055
4477.1,-0.17,2.624,0.054
4477.2,-0.137,2.627,0.056
4477.38,-0.154,2.629,0.059
4477.56,-0.155,2.626,0.054
4477.74,-0.161,2.628,0.062
4477.93,-0.152,2.626,0.058
4478.11,-0.185,2.627,0.046
4479.2,-0.159,2.632,0.054
4479.38,-0.141,2.633,0.061
4479.57,-0.172,2.635,0.078
4479.75,-0.137,2.634,0.068
4479.93,-0.173,2.633,0.071
4480.11,-0.142,2.635,0.056
4480.3,-0.146,2.638,0.069
4480.48,-0.164,2.64,0.062
4480.66,-0.147,2.637,0.065
4480.84,-0.164,2.638,0.069
4486.31,-0.152,2.664,0.038
4486.49,-0.173,2.664,0.042
4486.67,-0.161,2.664,0.031
4486.86,-0.168,2.667,0.03
4487.4,-0.164,2.668,0.04
4487.22,-0.17,2.669,0.039
4487.4,-0.171,2.67,0.046
4487.59,-0.163,2.673,0.05
4487.77,-0.175,2.675,0.029
4487.95,-0.161,2.677,0.033
4488.13,-0.167,2.675,0.035
4488.31,-0.144,2.676,0.039
4488.5,-0.158,2.679,0.063
4488.68,-0.136,2.681,0.051
4488.86,-0.155,2.682,0.059
4489.4,-0.162,2.684,0.044
4489.23,-0.153,2.686,0.066
4489.41,-0.162,2.684,0.053
4489.59,-0.16,2.686,0.059
4489.77,-0.172,2.685,0.047
4489.95,-0.163,2.684,0.037
4490.14,-0.151,2.682,0.036
4490.32,-0.183,2.686,0.048
4490.5,-0.157,2.689,0.064
4490.68,-0.16,2.689,0.092
4490.87,-0.154,2.69,0.077
4491.5,-0.153,2.69,0.082
4491.23,-0.186,2.691,0.077
4491.41,-0.145,2.693,0.087
4491.6,-0.16,2.696,0.083
4491.78,-0.167,2.697,0.089
4491.96,-0.165,2.696,0.092
4492.14,-0.149,2.7,0.085
4492.32,-0.145,2.701,0.09
4492.51,-0.166,2.702,0.099
4492.69,-0.149,2.704,0.091
4492.87,-0.151,2.703,0.091
4493.5,-0.153,2.704,0.083
4493.24,-0.159,2.705,0.073
4493.42,-0.157,2.706,0.061
4493.6,-0.149,2.709,0.069
4493.78,-0.141,2.71,0.064
4493.96,-0.153,2.711,0.072
4494.15,-0.145,2.711,0.045
4494.33,-0.159,2.714,0.058
4494.51,-0.147,2.715,0.053
4494.69,-0.158,2.717,0.065
4494.88,-0.189,2.718,0.059
4495.6,-0.135,2.715,0.06
4495.24,-0.176,2.719,0.059
4496.33,-0.147,2.726,0.066
4496.52,-0.173,2.73,0.058
4496.7,-0.145,2.73,0.07
4496.88,-0.171,2.727,0.063
4497.6,-0.143,2.725,0.059
4497.25,-0.151,2.726,0.072
4497.43,-0.145,2.726,0.071
4497.61,-0.177,2.731,0.073
4497.79,-0.133,2.728,0.066
4497.97,-0.183,2.728,0.074
4498.16,-0.139,2.726,0.078
4498.34,-0.178,2.728,0.06
4498.52,-0.119,2.731,0.079
4498.7,-0.181,2.732,0.055
4498.89,-0.135,2.733,0.065
4499.7,-0.166,2.734,0.049
4499.25,-0.129,2.736,0.069
4499.43,-0.163,2.735,0.057
4499.61,-0.146,2.738,0.06
4499.8,-0.163,2.738,0.042
4499.98,-0.152,2.738,0.039
4500.16,-0.165,2.736,0.041
4500.34,-0.154,2.736,0.047
4500.53,-0.163,2.737,0.043
4500.71,-0.15,2.74,0.048
4500.89,-0.137,2.741,0.055
4501.7,-0.16,2.739,0.031
4501.25,-0.145,2.741,0.047
4501.44,-0.141,2.745,0.04
4501.62,-0.134,2.747,0.049
4501.8,-0.148,2.749,0.028
4501.98,-0.174,2.749,0.057
4502.17,-0.161,2.748,0.039
4502.35,-0.165,2.748,0.052
4502.53,-0.15,2.747,0.056
4502.71,-0.159,2.748,0.05
4502.9,-0.143,2.747,0.06
4503.8,-0.154,2.745,0.051
4503.26,-0.136,2.745,0.043
4503.44,-0.16,2.745,0.06
4503.62,-0.137,2.742,0.053
4503.81,-0.18,2.744,0.062
4503.99,-0.147,2.743,0.047
4504.17,-0.175,2.743,0.065
4504.35,-0.146,2.746,0.053
4504.54,-0.148,2.747,0.066
4504.72,-0.161,2.752,0.054
4504.9,-0.171,2.752,0.056
4505.8,-0.153,2.754,0.063
4505.26,-0.169,2.755,0.064
4505.45,-0.137,2.755,0.06
4505.63,-0.17,2.755,0.072
4505.81,-0.176,2.756,0.059
4505.99,-0.149,2.753,0.067
4509.82,-0.162,2.777,0.047
4510.0,-0.156,2.781,0.037
4510.18,-0.16,2.782,0.026
4510.37,-0.154,2.783,0.037
4510.55,-0.156,2.784,0.064
4510.73,-0.141,2.783,0.065
4510.91,-0.159,2.783,0.07
4511.1,-0.193,2.784,0.05
4511.28,-0.114,2.783,0.048
4511.46,-0.162,2.788,0.043
4511.64,-0.165,2.79,0.041
4511.83,-0.164,2.79,0.032
4512.1,-0.168,2.79,0.045
4512.19,-0.181,2.79,0.073
4512.37,-0.15,2.79,0.075
4512.55,-0.166,2.792,0.069
4512.74,-0.134,2.793,0.089
4512.92,-0.186,2.796,0.086
4513.1,-0.129,2.8,0.062
4513.28,-0.177,2.798,0.093
4513.47,-0.155,2.802,0.057
4513.65,-0.133,2.798,0.092
4513.83,-0.215,2.802,0.087
4514.1,-0.106,2.803,0.104
4514.19,-0.177,2.803,0.107
4514.38,-0.164,2.803,0.068
4514.56,-0.155,2.805,0.086
4514.74,-0.159,2.806,0.069
4514.92,-0.134,2.808,0.075
4515.11,-0.16,2.809,0.082
4515.29,-0.139,2.811,0.104
4515.47,-0.168,2.811,0.052
4515.65,-0.163,2.811,0.048
4515.83,-0.168,2.808,0.047
4516.2,-0.183,2.806,0.028
4516.2,-0.123,2.806,0.021
4516.38,-0.187,2.811,0.05
4516.56,-0.12,2.812,0.061
4516.75,-0.195,2.812,0.066
4516.93,-0.133,2.813,0.093
4517.11,-0.155,2.817,0.061
4517.29,-0.145,2.819,0.074
4517.47,-0.174,2.824,0.064
4517.66,-0.121,2.828,0.069
4518.75,-0.143,2.829,0.098
4518.93,-0.174,2.833,0.085
4519.11,-0.157,2.835,0.074
4519.3,-0.16,2.835,0.089
4519.48,-0.154,2.835,0.092
4519.66,-0.119,2.836,0.094
4519.84,-0.177,2.84,0.094
4520.3,-0.146,2.842,0.081
4520.21,-0.17,2.842,0.073
4520.39,-0.152,2.843,0.097
4520.57,-0.149,2.843,0.094
4526.95,-0.13,2.879,0.066
4527.13,-0.172,2.875,0.07
4527.32,-0.148,2.88,0.062
4527.5,-0.17,2.884,0.068
4527.68,-0.152,2.884,0.07
4527.86,-0.155,2.885,0.042
4528.5,-0.158,2.886,0.056
4528.23,-0.166,2.89,0.043
4528.41,-0.155,2.89,0.034
4528.59,-0.161,2.891,0.044
4528.77,-0.146,2.892,0.049
4528.96,-0.147,2.893,0.04
4529.14,-0.164,2.894,0.05
4529.32,-0.154,2.894,0.044
4529.5,-0.143,2.888,0.041
4529.69,-0.152,2.886,0.04
4529.87,-0.149,2.885,0.022
4530.5,-0.16,2.884,0.005
4530.23,-0.149,2.884,0.03
4530.41,-0.162,2.886,0.02
4530.6,-0.159,2.888,0.034
4530.78,-0.136,2.886,0.027
4530.96,-0.175,2.887,0.03
4531.14,-0.15,2.888,0.024
4531.33,-0.16,2.887,0.046
4531.51,-0.152,2.888,0.06
4531.69,-0.161,2.888,0.082
4531.87,-0.13,2.888,0.074
4532.5,-0.151,2.89,0.053
4532.24,-0.171,2.891,0.069
4532.42,-0.171,2.89,0.07
4532.6,-0.137,2.888,0.078
4532.78,-0.185,2.889,0.055
4532.97,-0.235,2.893,0.071
4533.15,-0.103,2.896,0.029
4533.33,-0.126,2.89,0.059
4533.51,-0.232,2.896,0.063
4533.69,-0.061,2.892,0.049
4533.88,-0.201,2.895,0.063
4534.6,-0.12,2.894,0.057
4534.24,-0.165,2.899,0.064
4534.42,-0.144,2.901,0.056
4534.61,-0.155,2.901,0.049
4534.79,-0.148,2.904,0.054
4534.97,-0.154,2.906,0.047
4535.15,-0.13,2.905,0.042
4535.34,-0.2,2.907,0.036
4535.52,-0.114,2.909,0.04
4535.7,-0.164,2.911,0.045
4535.88,-0.156,2.912,0.043
4536.6,-0.2,2.911,0.038
4536.25,-0.069,2.91,0.017
4536.43,-0.188,2.906,0.064
4536.61,-0.197,2.913,0.048
4536.79,-0.122,2.908,0.066
4536.98,-0.161,2.91,0.079
4537.16,-0.182,2.91,0.043
4537.34,-0.134,2.911,0.035
4537.52,-0.183,2.912,0.009
4537.7,-0.129,2.915,0.029
4537.89,-0.187,2.916,0.027
4538.7,-0.141,2.918,0.026
4538.25,-0.163,2.918,0.027
4538.43,-0.165,2.922,0.057
4538.62,-0.148,2.921,0.033
4538.8,-0.154,2.923,0.017
4538.98,-0.158,2.924,0.032
4539.16,-0.151,2.925,0.026
4539.34,-0.149,2.927,0.002
4539.53,-0.153,2.926,0.015
4539.71,-0.156,2.926,0.024
4539.89,-0.132,2.93,0.038
4540.7,-0.153,2.933,0.038
4540.26,-0.175,2.936,0.031
4540.44,-0.176,2.939,0.051
4540.62,-0.156,2.939,0.051
4540.8,-0.142,2.941,0.049
4540.98,-0.177,2.944,0.037
4541.17,-0.157,2.945,0.046
4541.35,-0.153,2.944,0.037
4541.53,-0.157,2.947,0.036
4541.71,-0.16,2.952,0.056
4541.9,-0.143,2.953,0.041
4542.8,-0.171,2.955,0.035
4542.26,-0.154,2.956,0.056
4542.44,-0.157,2.961,0.084
4542.62,-0.196,2.961,0.065
4542.81,-0.117,2.961,0.083
4542.99,-0.198,2.964,0.08
4543.17,-0.131,2.959,0.104
4543.35,-0.174,2.959,0.071
4543.54,-0.15,2.96,0.075
4543.72,-0.18,2.961,0.074
4543.9,-0.149,2.962,0.068
4544.8,-0.15,2.964,0.081
4544.27,-0.143,2.965,0.068
4544.45,-0.157,2.969,0.087
4544.63,-0.136,2.966,0.092
4544.81,-0.171,2.966,0.106
4544.99,-0.132,2.967,0.098
4545.18,-0.165,2.968,0.085
4545.36,-0.164,2.969,0.092
4545.54,-0.134,2.968,0.104
4545.72,-0.145,2.97,0.09
4546.9,-0.128,2.972,0.087
4546.27,-0.171,2.969,0.102
4546.45,-0.129,2.969,0.091
4546.63,-0.185,2.969,0.101
4546.82,-0.138,2.972,0.085
4547.0,-0.17,2.971,0.092
4547.18,-0.168,2.975,0.078
4547.36,-0.142,2.977,0.082
4547.55,-0.153,2.978,0.094
4547.73,-0.119,2.979,0.092
4547.91,-0.176,2.981,0.076
4553.56,-0.144,0.016,0.079
4553.74,-0.166,0.015,0.065
4553.92,-0.134,0.015,0.083
4554.11,-0.164,0.019,0.106
4554.29,-0.161,0.021,0.105
4554.47,-0.15,0.018,0.086
4554.65,-0.159,0.023,0.089
4554.84,-0.146,0.024,0.083
4555.2,-0.157,0.026,0.071
4555.2,-0.144,0.029,0.068
4560.85,-0.117,0.038,0.03
4561.3,-0.168,0.039,0.04
4561.22,-0.156,0.038,0.057
4561.4,-0.156,0.041,0.05
4561.58,-0.165,0.043,0.06
4561.76,-0.162,0.042,0.065
4561.94,-0.149,0.043,0.062
4562.13,-0.14,0.045,0.071
4562.31,-0.151,0.048,0.079
4562.49,-0.159,0.049,0.066
4562.67,-0.163,0.046,0.058
4562.86,-0.165,0.044,0.071
4563.4,-0.144,0.043,0.084
4563.22,-0.152,0.044,0.081
4563.4,-0.16,0.043,0.057
4564.5,-0.157,0.045,0.064
4564.68,-0.173,0.047,0.073
4564.86,-0.132,0.05,0.065
4565.4,-0.162,0.05,0.052
4565.22,-0.152,0.053,0.048
4565.41,-0.141,0.054,0.054
4565.59,-0.166,0.057,0.058
4565.77,-0.152,0.06,0.066
4565.95,-0.149,0.062,0.07
4566.14,-0.157,0.063,0.059
4566.32,-0.162,0.066,0.058
4571.79,-0.147,0.085,0.013
4571.97,-0.141,0.087,-0.068
4572.15,-0.158,0.088,0.067
4572.33,-0.173,0.085,-0.051
4572.52,-0.158,0.09,0.038
4572.7,-0.241,0.113,-0.422
4572.88,-0.019,0.084,0.167
4573.6,-0.181,0.106,-0.202
4573.24,-0.222,0.094,-0.008
4573.43,-0.103,0.097,-0.175
4573.61,-0.207,0.1,0.046
4574.16,-0.141,0.104,-0.109
4574.34,-0.137,0.107,-0.155
4574.52,-0.249,0.107,-0.135
4574.7,-0.075,0.107,0.034
4574.88,-0.216,0.111,-0.044
4575.7,-0.194,0.113,0.01
4575.25,-0.142,0.11,-0.011
4575.43,-0.217,0.111,-0.14
4575.61,-0.166,0.112,-0.013
4575.8,-0.194,0.116,0.063
4575.98,-0.15,0.117,-0.074
4576.16,-0.208,0.122,-0.031
4576.34,-0.061,0.121,-0.115
4576.52,-0.163,0.126,-0.093
4576.71,-0.182,0.125,-0.159
4576.89,-0.117,0.133,-0.113
4577.7,-0.167,0.129,-0.089
4577.25,-0.168,0.128,0.022
4577.44,-0.207,0.128,-0.016
4577.62,-0.122,0.129,0.048
4577.8,-0.186,0.129,-0.095
4577.98,-0.176,0.133,-0.094
4578.16,-0.176,0.134,-0.096
4578.35,-0.138,0.137,-0.118
4578.53,-0.164,0.138,-0.065
4578.71,-0.146,0.142,-0.037
4578.89,-0.174,0.138,-0.0
4579.8,-0.168,0.137,-0.036
4579.26,-0.153,0.138,0.018
4579.44,-0.159,0.141,-0.047
4579.62,-0.194,0.145,0.029
4579.81,-0.078,0.151,-0.073
4579.99,-0.239,0.147,-0.095
4580.17,-0.149,0.146,-0.084
4580.35,-0.173,0.148,-0.068
4580.53,-0.139,0.153,-0.079
4580.72,-0.189,0.154,-0.045
4580.9,-0.146,0.157,-0.05
4581.8,-0.154,0.156,-0.04
4581.26,-0.171,0.159,-0.02
4581.45,-0.136,0.162,-0.023
4581.63,-0.199,0.161,0.007
4581.81,-0.146,0.162,0.025
4581.99,-0.186,0.164,-0.03
4582.17,-0.138,0.167,0.028
4582.36,-0.17,0.168,-0.029
4582.54,-0.143,0.166,0.006
4582.72,-0.169,0.168,0.01
4582.9,-0.142,0.166,0.05
4583.9,-0.178,0.168,-0.0
4583.27,-0.141,0.169,0.017
4583.45,-0.163,0.171,0.026
4583.63,-0.151,0.17,0.029
4583.82,-0.173,0.17,0.011
4584.0,-0.135,0.171,0.033
4586.37,-0.157,0.177,0.054
4586.55,-0.155,0.183,0.029
4586.73,-0.157,0.182,0.055
4586.91,-0.15,0.185,0.033
4587.1,-0.162,0.184,0.057
4587.28,-0.155,0.184,0.001
4587.46,-0.17,0.183,-0.014
4587.64,-0.172,0.187,-0.022
4587.82,-0.154,0.186,-0.002
4588.1,-0.155,0.188,0.024
4588.19,-0.16,0.191,0.068
4588.37,-0.152,0.192,0.072
4588.55,-0.165,0.194,0.062
4588.74,-0.156,0.195,0.075
4588.92,-0.172,0.199,0.033
4589.1,-0.177,0.201,0.039
4589.28,-0.171,0.204,0.004
4589.47,-0.162,0.205,0.016
4589.65,-0.173,0.204,0.02
4589.83,-0.166,0.206,0.002
4590.1,-0.151,0.206,-0.01
4590.19,-0.178,0.204,-0.032
4590.38,-0.148,0.208,-0.059
4590.56,-0.168,0.21,-0.005
4590.74,-0.175,0.211,-0.033
4590.92,-0.165,0.21,-0.044
4591.11,-0.171,0.213,-0.009
4591.29,-0.157,0.214,0.03
4591.47,-0.159,0.217,0.039
4591.65,-0.17,0.221,0.04
4591.83,-0.176,0.222,0.01
4592.2,-0.157,0.223,0.013
4592.2,-0.157,0.224,-0.055
4592.38,-0.162,0.225,-0.037
4592.56,-0.145,0.225,-0.029
4592.75,-0.177,0.226,-0.03
4592.93,-0.152,0.229,-0.05
4593.11,-0.186,0.232,-0.087
4593.29,-0.171,0.233,-0.045
4593.47,-0.162,0.232,-0.013
4593.66,-0.178,0.235,-0.016
4593.84,-0.166,0.236,-0.009
4594.2,-0.158,0.238,-0.029
4594.2,-0.176,0.24,-0.112
4594.39,-0.166,0.244,-0.101
4594.57,-0.162,0.246,-0.088
4594.75,-0.169,0.246,-0.068
4594.93,-0.159,0.247,-0.066
4595.12,-0.163,0.247,-0.044
4595.3,-0.158,0.246,-0.015
4595.48,-0.157,0.247,-0.041
4595.66,-0.175,0.249,-0.039
4595.84,-0.168,0.249,-0.068
4596.3,-0.163,0.25,-0.069
4596.21,-0.146,0.249,-0.037
4596.39,-0.155,0.25,-0.054
4596.57,-0.175,0.25,-0.063
4596.76,-0.141,0.25,-0.042
4596.94,-0.159,0.251,-0.034
4597.12,-0.149,0.25,-0.089
4597.3,-0.166,0.252,-0.029
4597.48,-0.172,0.256,-0.003
4597.67,-0.13,0.257,0.024
4597.85,-0.195,0.257,-0.03
4598.3,-0.174,0.256,-0.0
4598.21,-0.165,0.256,-0.057
4598.4,-0.156,0.257,-0.006
4598.58,-0.168,0.26,-0.026
4598.76,-0.175,0.26,0.014
4598.94,-0.144,0.262,-0.003
4599.12,-0.182,0.265,0.008
4599.31,-0.156,0.264,-0.025
4599.49,-0.141,0.26,-0.045
4599.67,-0.155,0.261,-0.034
4599.85,-0.183,0.26,-0.037
4600.4,-0.166,0.261,-0.051
4600.22,-0.156,0.263,-0.073
4600.4,-0.158,0.259,-0.087
4600.58,-0.176,0.261,-0.033
4600.76,-0.139,0.258,-0.083
4600.95,-0.217,0.258,0.046
4601.13,-0.099,0.259,0.016
4601.31,-0.174,0.257,0.038
4601.49,-0.146,0.257,-0.019
4601.68,-0.18,0.258,-0.034
4601.86,-0.174,0.259,-0.037
4602.4,-0.162,0.259,-0.04
4602.22,-0.143,0.259,0.01
4602.4,-0.195,0.26,0.005
4602.59,-0.161,0.261,-0.06
4603.32,-0.148,0.267,-0.016
4603.5,-0.173,0.266,0.028
4603.68,-0.146,0.263,-0.014
4603.86,-0.18,0.262,-0.014
4604.5,-0.131,0.263,-0.073
4604.23,-0.171,0.261,-0.076
4604.41,-0.156,0.261,-0.045
4604.59,-0.202,0.262,-0.016
4604.77,-0.17,0.261,-0.017
4604.96,-0.144,0.261,0.075
4605.14,-0.172,0.262,-0.005
4605.69,-0.166,0.269,0.02
4605.87,-0.172,0.27,0.033
4606.5,-0.159,0.273,0.048
4606.23,-0.177,0.274,0.055
4606.42,-0.165,0.272,0.059
4606.6,-0.188,0.273,0.064
4606.78,-0.135,0.275,0.059
4606.96,-0.201,0.274,0.028
4607.14,-0.127,0.274,0.035
4607.33,-0.177,0.276,0.011
4607.51,-0.165,0.277,0.054
4607.69,-0.157,0.279,0.046
4607.87,-0.186,0.285,0.041
4608.6,-0.16,0.285,0.038
4608.24,-0.132,0.284,0.069
4608.42,-0.147,0.287,0.077
4608.6,-0.184,0.288,0.058
4608.78,-0.164,0.287,0.059
4608.97,-0.179,0.289,0.052
4609.15,-0.171,0.29,0.018
4609.33,-0.171,0.294,-0.028
4609.51,-0.166,0.294,0.032
4609.7,-0.172,0.294,0.061
4609.88,-0.171,0.298,0.041
4610.6,-0.163,0.299,-0.018
4617.9,-0.187,0.327,0.02
4618.8,-0.125,0.33,0.002
4618.26,-0.203,0.332,0.014
4618.44,-0.116,0.333,0.015
4618.63,-0.153,0.336,0.03
4618.81,-0.169,0.334,0.046
4618.99,-0.165,0.336,0.038
4619.17,-0.169,0.339,0.083
4619.36,-0.145,0.343,0.045
4619.54,-0.177,0.342,0.053
4619.72,-0.183,0.339,0.05
4628.65,-0.163,0.375,0.04
4628.84,-0.147,0.377,0.049
4629.2,-0.169,0.375,0.033
4629.2,-0.155,0.377,0.052
4629.38,-0.152,0.377,0.05
4629.56,-0.168,0.38,0.048
4629.75,-0.17,0.38,0.07
4629.93,-0.152,0.38,0.039
4630.11,-0.163,0.379,0.043
4630.29,-0.149,0.381,0.054
4630.48,-0.127,0.377,-0.044
4630.66,-0.234,0.379,0.144
4630.84,-0.091,0.379,-0.019
4631.2,-0.213,0.378,0.073
4631.21,-0.158,0.378,0.075
4631.39,-0.163,0.378,0.044
4631.57,-0.184,0.378,0.043
4631.75,-0.157,0.381,0.044
4632.48,-0.148,0.384,0.062
4632.66,-0.168,0.384,0.042
4632.85,-0.143,0.387,0.033
4633.3,-0.154,0.39,0.053
4633.21,-0.179,0.391,0.044
4633.39,-0.15,0.394,0.029
4633.58,-0.171,0.394,0.043
4633.76,-0.159,0.394,0.04
4633.94,-0.14,0.397,0.053
4634.12,-0.161,0.396,0.061
4634.3,-0.138,0.397,0.033
4634.49,-0.198,0.394,0.026
4634.67,-0.159,0.399,0.078
4634.85,-0.161,0.398,0.027
4635.3,-0.147,0.399,0.042
4635.22,-0.156,0.4,0.046
4635.4,-0.166,0.401,0.031
4635.58,-0.159,0.403,0.05
4635.76,-0.134,0.405,0.02
4635.95,-0.171,0.405,0.062
4636.13,-0.152,0.409,0.03
4636.31,-0.162,0.41,0.042
4636.49,-0.161,0.415,0.033
4636.67,-0.164,0.415,0.045
4636.86,-0.135,0.415,0.026
4642.33,-0.173,0.437,0.076
4642.51,-0.167,0.44,0.051
4642.69,-0.152,0.44,0.056
4642.87,-0.159,0.443,0.067
4643.5,-0.159,0.447,0.068
4643.24,-0.167,0.448,0.042
4643.42,-0.147,0.449,0.043
4643.6,-0.169,0.449,0.048
4643.78,-0.176,0.45,0.063
4643.97,-0.154,0.454,0.04
4644.15,-0.169,0.455,0.063
4644.33,-0.16,0.456,0.019
4657.9,-0.21,0.521,0.049
4657.27,-0.165,0.519,-0.028
4657.45,-0.119,0.523,0.091
4657.64,-0.205,0.521,-0.0
4657.82,-0.189,0.523,0.136
4658.0,0.002,0.521,0.001
4658.18,-0.378,0.523,0.261
4658.37,-0.035,0.528,-0.039
4658.55,-0.232,0.52,0.144
4658.73,-0.152,0.526,0.085
4666.2,-0.178,0.56,0.043
4666.39,-0.167,0.565,0.045
4666.57,-0.176,0.563,0.029
4666.75,-0.176,0.564,0.066
4666.93,-0.17,0.567,0.053
4667.11,-0.169,0.566,0.047
4667.3,-0.163,0.567,0.044
4667.48,-0.166,0.567,0.036
4667.66,-0.169,0.566,0.033
4667.84,-0.161,0.57,0.046
4668.3,-0.173,0.571,0.022
4668.21,-0.156,0.568,0.032
4668.39,-0.151,0.57,0.025
4668.57,-0.162,0.574,0.025
4668.75,-0.164,0.58,0.003
4668.94,-0.171,0.584,0.018
4669.12,-0.185,0.586,0.006
4669.3,-0.147,0.586,-0.008
4669.48,-0.176,0.588,0.007
4669.67,-0.154,0.586,-0.017
4669.85,-0.179,0.59,0.01
4670.3,-0.167,0.595,0.004
4670.21,-0.176,0.596,0.022
4670.4,-0.149,0.595,0.018
4670.58,-0.176,0.595,0.023
4670.76,-0.16,0.599,0.004
4670.94,-0.173,0.597,0.032
4671.12,-0.167,0.598,0.016
4671.31,-0.173,0.601,-0.027
4671.49,-0.179,0.606,-0.053
4671.67,-0.194,0.607,-0.06
4671.85,-0.15,0.61,-0.041
4672.4,-0.198,0.609,-0.007
4672.22,-0.144,0.612,0.001
4672.4,-0.19,0.613,0.0
4672.58,-0.171,0.614,0.016
4672.76,-0.165,0.615,-0.027
4672.95,-0.17,0.618,-0.023
4673.13,-0.165,0.621,-0.003
4673.31,-0.171,0.62,0.0
4673.49,-0.169,0.623,-0.013
4673.68,-0.166,0.622,-0.042
4677.69,-0.167,0.636,-0.073
4677.87,-0.176,0.637,-0.061
4678.5,-0.154,0.638,-0.012
4678.23,-0.169,0.639,-0.03
4678.42,-0.171,0.638,-0.021
4678.6,-0.179,0.639,0.017
4678.78,-0.168,0.639,0.02
4678.96,-0.168,0.641,-0.042
4679.15,-0.172,0.642,-0.021
4679.33,-0.151,0.645,-0.054
4679.51,-0.187,0.645,-0.015
4679.69,-0.156,0.647,-0.061
4679.87,-0.183,0.649,-0.028
4680.6,-0.145,0.653,-0.002
4680.24,-0.175,0.649,0.004
4680.42,-0.164,0.649,0.011
4680.6,-0.163,0.651,0.001
4681.33,-0.161,0.65,0.031
4681.52,-0.166,0.648,0.043
4681.7,-0.176,0.646,0.032
4681.88,-0.161,0.648,0.016
4682.6,-0.174,0.652,0.022
4682.24,-0.197,0.653,0.031
4682.43,-0.159,0.654,0.041
4682.61,-0.182,0.651,0.042
4682.79,-0.171,0.653,0.031
4682.97,-0.178,0.652,0.031
4683.52,-0.185,0.652,0.047
4683.7,-0.154,0.655,0.049
4683.88,-0.181,0.655,0.061
4684.7,-0.167,0.659,0.05
4684.25,-0.154,0.662,0.064
4684.43,-0.177,0.664,0.061
4684.61,-0.13,0.665,0.029
4684.8,-0.162,0.666,0.031
4684.98,-0.172,0.665,0.038
4685.16,-0.171,0.664,0.055
4686.25,-0.168,0.672,0.018
4686.44,-0.164,0.674,0.014
4686.62,-0.171,0.673,0.062
4686.8,-0.162,0.673,0.042
4686.98,-0.15,0.675,0.039
4687.17,-0.178,0.677,0.031
4687.35,-0.168,0.679,0.043
4687.53,-0.152,0.676,0.055
4687.71,-0.165,0.677,0.058
4687.9,-0.18,0.675,0.034
4688.8,-0.142,0.675,-0.0
4688.26,-0.196,0.676,0.053
4688.44,-0.162,0.678,0.045
4688.62,-0.166,0.679,0.064
4688.81,-0.183,0.676,0.051
4688.99,-0.141,0.678,0.032
4689.35,-0.145,0.677,0.015
4689.54,-0.215,0.673,0.067
4689.72,-0.107,0.673,0.076
4689.9,-0.2,0.674,-0.061
4690.8,-0.206,0.675,0.027
4690.26,-0.117,0.677,-0.037
4690.45,-0.228,0.676,-0.054
4690.63,-0.183,0.676,-0.105
4690.81,-0.125,0.675,0.097
4690.99,-0.188,0.677,-0.047
4691.18,-0.168,0.681,0.019
4691.36,-0.182,0.681,-0.038
4691.54,-0.135,0.684,-0.029
4691.72,-0.185,0.683,0.012
4691.91,-0.125,0.686,0.026
4692.9,-0.157,0.687,0.033
4692.27,-0.17,0.691,-0.086
4692.45,-0.176,0.691,0.017
4692.63,-0.118,0.697,-0.031
4692.82,-0.178,0.699,-0.008
4693.0,-0.167,0.7,-0.022
4693.18,-0.134,0.702,-0.007
4693.36,-0.21,0.706,-0.003
4695.0,-0.157,0.704,0.079
4695.19,-0.163,0.704,-0.052
4695.37,-0.183,0.706,0.013
4695.55,-0.127,0.706,-0.04
4695.73,-0.204,0.703,-0.007
4695.92,-0.131,0.701,0.026
4696.1,-0.169,0.701,0.078
4696.28,-0.169,0.702,0.022
4696.46,-0.154,0.704,0.038
4696.64,-0.172,0.702,0.022
4696.83,-0.163,0.705,0.045
4697.1,-0.132,0.706,0.027
4697.19,-0.173,0.709,0.032
4697.37,-0.147,0.71,0.046
4697.56,-0.161,0.713,0.026
4697.74,-0.167,0.713,0.029
4697.92,-0.162,0.712,0.021
4698.1,-0.148,0.71,0.051
4698.29,-0.16,0.71,0.042
4698.47,-0.148,0.709,0.059
4698.65,-0.182,0.709,0.039
4698.83,-0.168,0.708,0.061
4699.1,-0.17,0.708,0.054
4699.2,-0.163,0.709,0.047
4699.38,-0.177,0.709,0.056
4705.94,-0.16,0.757,0.036
4706.13,-0.149,0.757,0.009
4706.31,-0.141,0.759,0.038
4706.49,-0.197,0.762,-0.012
4706.67,-0.151,0.76,-0.039
4706.86,-0.16,0.764,-0.057
4707.4,-0.153,0.764,0.017
4707.22,-0.192,0.766,-0.0
4707.4,-0.168,0.767,-0.013
4707.58,-0.181,0.768,-0.05
4707.77,-0.154,0.768,-0.064
4712.51,-0.174,0.777,0.04
4712.69,-0.147,0.781,0.009
4712.87,-0.162,0.782,-0.004
4713.6,-0.163,0.786,0.044
4713.24,-0.137,0.783,-0.003
4713.42,-0.18,0.784,0.0
4713.6,-0.154,0.785,-0.014
4713.78,-0.17,0.788,-0.024
4713.97,-0.179,0.789,0.004
4714.15,-0.144,0.788,0.01
4714.33,-0.173,0.79,0.01
4714.51,-0.138,0.791,-0.017
4714.7,-0.287,0.837,-0.025
4722.35,-0.049,0.84,0.152
4722.54,-0.246,0.847,-0.069
4722.72,-0.058,0.846,0.066
4722.9,-0.203,0.846,-0.018
4723.8,-0.114,0.849,0.066
4723.26,-0.232,0.85,0.008
4723.45,-0.096,0.854,0.031
4723.63,-0.189,0.855,-0.005
4723.81,-0.176,0.853,-0.058
4723.99,-0.172,0.855,0.023
4724.18,-0.14,0.858,-0.022
4724.36,-0.166,0.859,0.011
4724.54,-0.158,0.857,-0.011
4724.72,-0.165,0.857,0.025
4724.91,-0.151,0.857,0.015
4725.9,-0.148,0.86,-0.001
4725.27,-0.182,0.858,-0.019
4725.45,-0.163,0.858,0.0
4725.64,-0.187,0.858,-0.039
4732.2,-0.145,0.892,0.054
4732.2,-0.174,0.895,0.054
4732.38,-0.143,0.894,0.034
4732.56,-0.16,0.9,0.036
4732.74,-0.159,0.901,0.033
4732.93,-0.142,0.904,-0.003
4733.11,-0.173,0.903,0.014
4733.29,-0.164,0.905,0.009
4733.47,-0.168,0.905,0.004
4733.66,-0.157,0.906,0.008
4733.84,-0.154,0.908,-0.001
4734.2,-0.158,0.908,-0.078
4734.93,-0.165,0.909,-0.089
4735.11,-0.162,0.908,-0.105
4735.3,-0.14,0.908,-0.112
4735.48,-0.186,0.909,-0.082
4735.66,-0.15,0.909,-0.074
4735.84,-0.189,0.91,-0.111
4736.3,-0.158,0.91,-0.06
4736.21,-0.174,0.911,-0.013
4736.39,-0.13,0.913,-0.003
4736.57,-0.177,0.914,-0.013
4736.76,-0.147,0.914,-0.019
4736.94,-0.165,0.919,0.005
4737.12,-0.168,0.918,0.028
4737.3,-0.169,0.92,0.019
4737.48,-0.174,0.921,0.018
4737.67,-0.127,0.925,-0.039
4737.85,-0.185,0.928,0.021
4738.3,-0.138,0.929,-0.026
4738.21,-0.169,0.929,0.01
4738.4,-0.223,0.928,0.003
4738.58,-0.042,0.935,0.04
4738.76,-0.225,0.932,0.008
4738.94,-0.129,0.934,0.057
4739.13,-0.168,0.934,0.035
4739.31,-0.171,0.937,0.027
4739.49,-0.156,0.936,0.065
4739.67,-0.161,0.932,0.04
4739.85,-0.159,0.934,0.064
4741.13,-0.172,0.936,-0.004
4741.31,-0.164,0.937,0.018
4741.5,-0.168,0.935,0.027
4741.68,-0.164,0.935,0.031
4741.86,-0.147,0.933,0.048
4742.4,-0.173,0.936,0.031
4742.23,-0.155,0.935,0.056
4742.41,-0.17,0.937,0.078
4742.59,-0.159,0.939,0.044
4742.77,-0.151,0.938,0.066
4742.95,-0.147,0.939,0.053
4743.14,-0.165,0.938,0.077
4743.32,-0.162,0.94,0.069
4743.5,-0.157,0.939,0.079
4743.68,-0.168,0.941,0.082
4745.51,-0.152,0.945,0.053
4745.69,-0.158,0.942,0.062
4745.87,-0.156,0.942,0.071
4746.5,-0.146,0.943,0.051
4746.24,-0.124,0.944,0.06
4746.42,-0.15,0.944,0.021
4746.6,-0.136,0.946,-0.003
4746.78,-0.172,0.95,-0.013
4746.97,-0.148,0.949,-0.016
4747.15,-0.154,0.95,-0.061
4747.33,-0.163,0.951,-0.018
4754.62,-0.131,0.973,0.041
4754.8,-0.188,0.975,0.043
4754.99,-0.15,0.975,0.052
4755.17,-0.149,0.981,0.061
4755.35,-0.162,0.982,0.011
4755.53,-0.169,0.98,0.038
4755.72,-0.163,0.982,0.009
4755.9,-0.164,0.984,0.014
4756.8,-0.169,0.987,0.019
4756.26,-0.159,0.989,0.027
4756.45,-0.172,0.993,0.026
4756.63,-0.143,0.992,0.042
4765.74,-0.162,1.023,-0.003
4765.93,-0.15,1.025,0.029
4766.11,-0.151,1.025,0.02
4766.29,-0.164,1.022,0.014
4766.47,-0.139,1.025,0.007
4766.66,-0.169,1.027,-0.01
4766.84,-0.158,1.03,-0.021
4767.2,-0.177,1.032,0.01
4767.2,-0.126,1.029,0.022
4767.39,-0.187,1.028,-0.004
4777.78,-0.144,1.067,-0.06
4777.96,-0.18,1.064,-0.05
4778.14,-0.138,1.065,-0.041
4778.32,-0.192,1.065,0.017
4778.51,-0.003,1.063,-0.029
4778.69,-0.177,1.062,0.117
4778.87,-0.132,1.065,-0.008
4779.5,-0.182,1.066,0.058
4779.24,-0.088,1.069,-0.017
4779.42,-0.212,1.074,0.003
4779.6,-0.085,1.075,-0.057
4779.78,-0.2,1.076,-0.0
4779.97,-0.12,1.079,-0.045
4780.15,-0.171,1.077,-0.004
4780.33,-0.143,1.078,-0.039
4780.51,-0.154,1.079,-0.002
4780.69,-0.161,1.08,-0.062
4780.88,-0.153,1.079,-0.006
4781.6,-0.159,1.077,-0.033
4781.24,-0.135,1.076,-0.014
4781.42,-0.165,1.075,0.028
4781.61,-0.148,1.076,-0.055
4781.79,-0.151,1.075,-0.09
4781.97,-0.157,1.075,-0.103
4782.15,-0.164,1.072,-0.118
4782.34,-0.149,1.071,-0.093
4782.52,-0.137,1.074,-0.098
4782.7,-0.143,1.075,-0.06
4782.88,-0.133,1.073,-0.055
4783.6,-0.141,1.076,-0.019
4792.18,-0.174,1.122,0.014
4792.36,-0.152,1.121,0.024
4792.54,-0.14,1.118,0.01
4792.73,-0.157,1.118,0.023
4792.91,-0.141,1.122,0.02
4793.9,-0.146,1.121,-0.019
4793.27,-0.193,1.124,0.014
4793.46,-0.098,1.125,0.033
4793.64,-0.207,1.125,-0.011
4793.82,-0.126,1.127,-0.062
4794.0,-0.167,1.126,0.02
4794.18,-0.14,1.123,-0.06
4802.75,-0.177,1.17,0.024
4802.93,-0.146,1.172,0.016
4803.12,-0.151,1.172,0.03
4803.3,-0.158,1.173,0.014
4803.48,-0.139,1.174,0.041
4803.66,-0.154,1.173,0.035
4803.85,-0.149,1.174,-0.03
4804.3,-0.199,1.173,-0.016
4804.21,-0.134,1.177,-0.049
4804.39,-0.184,1.179,-0.051
4804.58,-0.171,1.182,-0.039
4804.76,-0.14,1.182,-0.063
4813.14,-0.135,1.186,0.022
4813.33,-0.176,1.188,0.03
4813.51,-0.142,1.188,0.054
4813.69,-0.169,1.188,0.017
4813.87,-0.158,1.189,0.017
4814.5,-0.156,1.192,0.035
4814.24,-0.148,1.192,0.031
4814.42,-0.17,1.19,0.062
4814.6,-0.147,1.191,0.051
4814.78,-0.161,1.194,0.041
4814.97,-0.146,1.197,0.08
4815.15,-0.148,1.197,0.052
4815.33,-0.15,1.195,0.082
4815.51,-0.142,1.195,0.069
4815.7,-0.164,1.193,0.085
4815.88,-0.178,1.192,0.038
4816.6,-0.131,1.195,0.097
4816.24,-0.172,1.197,0.059
4817.15,-0.156,1.195,0.074
4817.34,-0.166,1.193,0.083
4817.52,-0.137,1.191,0.063
4817.7,-0.16,1.193,0.062
4817.88,-0.144,1.197,0.049
4818.7,-0.164,1.198,0.075
4818.25,-0.134,1.202,0.073
4818.43,-0.153,1.202,0.071
4818.61,-0.146,1.201,0.08
4818.79,-0.153,1.204,0.063
4818.98,-0.137,1.207,0.084
4819.16,-0.163,1.212,0.07
4819.34,-0.155,1.212,0.088
4819.52,-0.148,1.214,0.086
4819.71,-0.154,1.217,0.086
4819.89,-0.161,1.217,0.062
4820.7,-0.167,1.216,0.099
4820.25,-0.164,1.217,0.069
4820.43,-0.14,1.219,0.086
4820.62,-0.142,1.218,0.065
4820.8,-0.165,1.219,0.072
4820.98,-0.137,1.221,0.069
4821.16,-0.151,1.222,0.076
4828.9,-0.115,1.259,0.05
4828.27,-0.125,1.258,0.171
4828.46,-0.137,1.26,0.041
4828.64,-0.106,1.255,0.11
4828.82,-0.164,1.259,0.058
4829.0,-0.14,1.26,0.077
4829.19,-0.141,1.261,0.077
4829.37,-0.157,1.265,0.081
4829.55,-0.133,1.267,0.069
4829.73,-0.152,1.267,0.061
4829.91,-0.166,1.268,0.056
4830.1,-0.151,1.267,0.055
4830.28,-0.128,1.269,0.045
4830.46,-0.171,1.271,0.081
4845.96,-0.159,1.331,0.019
4846.14,-0.18,1.329,-0.073
4846.32,-0.182,1.327,0.028
4846.5,-0.162,1.327,0.004
4846.68,-0.162,1.329,-0.003
4846.87,-0.155,1.328,-0.027
4847.5,-0.148,1.328,-0.001
4847.23,-0.185,1.33,-0.007
4847.41,-0.18,1.327,-0.02
4847.6,-0.146,1.333,-0.049
4851.24,-0.181,1.346,0.097
4851.42,-0.155,1.346,0.045
4851.61,-0.179,1.347,0.072
4851.79,-0.144,1.346,0.041
4851.97,-0.181,1.347,0.082
4852.15,-0.158,1.345,0.034
4852.34,-0.166,1.344,0.046
4852.52,-0.145,1.344,0.037
4852.7,-0.171,1.344,0.023
4852.88,-0.178,1.344,0.049
4853.7,-0.17,1.345,0.04
4853.25,-0.118,1.345,0.038
4862.55,-0.152,1.391,0.027
4862.73,-0.158,1.392,0.022
4862.91,-0.152,1.392,0.052
4863.9,-0.178,1.39,-0.027
4863.27,-0.165,1.389,0.067
4863.46,-0.15,1.39,0.029
4863.64,-0.172,1.389,0.027
4863.82,-0.153,1.385,0.037
4864.0,-0.165,1.385,0.021
4864.19,-0.154,1.385,0.004
4864.37,-0.173,1.386,0.033
4864.55,-0.178,1.388,0.018
4864.73,-0.156,1.388,0.033
4864.92,-0.157,1.388,0.022
4865.1,-0.16,1.387,0.038
4865.28,-0.158,1.391,0.038
4865.46,-0.155,1.391,0.028
4865.64,-0.147,1.392,0.041
4865.83,-0.164,1.388,0.024
4866.1,-0.146,1.388,0.024
4866.19,-0.163,1.39,0.049
4866.37,-0.151,1.389,0.039
4868.1,-0.175,1.389,0.012
4868.2,-0.143,1.391,0.03
4868.38,-0.176,1.388,0.033
4868.56,-0.152,1.39,0.052
4868.74,-0.157,1.391,0.024
4868.93,-0.173,1.392,0.057
4869.11,-0.16,1.393,0.034
4869.29,-0.138,1.393,0.031
4869.47,-0.17,1.393,0.003
4869.65,-0.14,1.394,0.049
4869.84,-0.168,1.395,0.044
4870.2,-0.187,1.398,0.024
4870.2,-0.174,1.399,0.019
4870.38,-0.142,1.403,0.029
4870.57,-0.206,1.404,-0.009
4870.75,-0.144,1.404,0.03
4870.93,-0.174,1.406,0.022
4871.11,-0.176,1.408,0.03
4871.3,-0.158,1.41,0.029
4871.48,-0.199,1.411,0.033
4871.66,-0.127,1.411,-0.005
4871.84,-0.154,1.412,0.027
4872.2,-0.17,1.41,0.034
4872.21,-0.159,1.409,0.036
4872.39,-0.176,1.41,0.015
4872.57,-0.175,1.411,0.029
4872.75,-0.17,1.413,0.038
4872.94,-0.151,1.414,0.025
4873.12,-0.17,1.417,0.037
4873.3,-0.145,1.417,0.015
4873.48,-0.166,1.419,-0.003
4873.67,-0.159,1.422,0.011
4873.85,-0.15,1.419,0.004
4874.3,-0.155,1.419,0.031
4874.21,-0.17,1.419,0.022
4874.39,-0.131,1.42,0.072
4874.58,-0.15,1.424,0.002
4874.76,-0.163,1.428,0.088
4874.94,-0.137,1.429,0.014
4875.12,-0.147,1.43,0.117
4875.31,-0.152,1.433,0.016
4875.49,-0.156,1.431,0.055
4875.67,-0.137,1.435,0.043
4875.85,-0.173,1.433,0.056
4876.3,-0.173,1.434,0.052
4876.22,-0.163,1.435,0.029
4876.4,-0.15,1.435,0.073
4876.58,-0.153,1.434,0.041
4876.76,-0.031,1.433,0.376
4876.95,-0.234,1.442,-0.155
4877.13,-0.163,1.434,0.215
4877.31,-0.094,1.441,-0.013
4877.49,-0.21,1.441,0.117
4877.68,-0.107,1.443,0.005
4877.86,-0.18,1.446,0.085
4878.4,-0.141,1.447,0.007
4878.22,-0.179,1.447,0.081
4878.4,-0.158,1.445,0.025
4878.59,-0.172,1.447,0.074
4878.77,-0.138,1.45,0.045
4878.95,-0.169,1.453,0.073
4879.13,-0.139,1.455,0.048
4879.32,-0.185,1.456,0.063
4879.5,-0.144,1.458,0.026
4879.68,-0.164,1.457,0.066
4879.86,-0.153,1.458,-0.005
4880.4,-0.159,1.458,0.032
4880.23,-0.146,1.459,-0.063
4880.41,-0.154,1.46,-0.032
4880.59,-0.163,1.458,-0.066
4880.77,-0.17,1.46,0.039
4880.96,-0.148,1.458,0.063
4881.14,-0.144,1.459,0.046
4881.32,-0.189,1.459,0.051
4881.5,-0.165,1.458,0.054
4881.69,-0.158,1.46,0.105
4881.87,-0.192,1.464,-0.002
4882.5,-0.209,1.465,0.102
4882.23,-0.072,1.465,-0.098
4882.41,-0.244,1.467,0.134
4882.6,-0.074,1.469,-0.045
4882.78,-0.195,1.469,-0.015
4882.96,-0.136,1.47,-0.052
4883.14,-0.19,1.471,0.036
4883.33,-0.141,1.471,0.025
4883.51,-0.22,1.472,0.026
4883.69,-0.121,1.473,0.058
4883.87,-0.176,1.472,0.003
4884.6,-0.158,1.475,0.043
4884.24,-0.173,1.477,0.0
4884.42,-0.163,1.478,0.055
4884.6,-0.145,1.481,0.031
4884.78,-0.169,1.477,0.322
4884.97,-0.083,1.484,-0.107
4885.15,-0.301,1.482,0.102
4886.24,-0.158,1.498,0.06
4886.42,-0.2,1.498,0.027
4886.61,-0.146,1.501,0.053
4886.79,-0.181,1.501,0.01
4886.97,-0.139,1.5,0.013
4887.15,-0.158,1.501,0.037
4887.34,-0.146,1.5,0.04
4887.52,-0.182,1.5,0.056
4887.7,-0.146,1.505,0.062
4887.88,-0.169,1.504,0.025
4888.7,-0.16,1.504,0.058
4888.25,-0.134,1.51,0.044
4888.43,-0.198,1.51,0.053
4888.61,-0.15,1.514,0.046
4888.79,-0.142,1.514,0.063
4888.98,-0.16,1.517,0.013
4889.16,-0.186,1.513,0.079
4889.34,-0.145,1.516,0.02
4889.52,-0.149,1.518,0.09
4889.71,-0.177,1.519,0.04
4889.89,-0.159,1.521,0.101
4890.7,-0.18,1.522,0.056
4890.25,-0.166,1.524,0.077
4890.44,-0.172,1.525,0.053
4890.62,-0.137,1.527,0.03
4890.8,-0.2,1.529,0.043
4890.98,-0.132,1.53,0.06
4891.16,-0.186,1.533,0.011
4891.35,-0.173,1.532,0.076
4891.53,-0.124,1.536,-0.004
4891.71,-0.19,1.537,0.048
4891.89,-0.15,1.536,-0.014
4892.8,-0.204,1.536,0.083
4892.26,-0.079,1.541,-0.006
4892.44,-0.209,1.538,0.072
4892.62,-0.128,1.539,0.009
4892.81,-0.213,1.54,0.048
4892.99,-0.121,1.542,0.006
4893.17,-0.178,1.543,0.046
4893.35,-0.15,1.547,-0.027
4893.53,-0.22,1.545,0.013
4893.72,-0.112,1.548,-0.023
4893.9,-0.172,1.549,0.004
4894.8,-0.158,1.549,-0.017
4894.26,-0.15,1.548,0.001
4894.45,-0.132,1.548,-0.001
4894.63,-0.155,1.55,0.026
4894.81,-0.148,1.552,-0.024
4894.99,-0.169,1.554,0.015
4895.17,-0.157,1.556,-0.023
4895.36,-0.168,1.557,0.007
4895.54,-0.191,1.554,0.01
4895.72,-0.122,1.557,0.013
4895.9,-0.171,1.559,0.056
4896.9,-0.123,1.56,0.03
4896.27,-0.173,1.562,0.042
4896.45,-0.153,1.563,0.042
4896.63,-0.134,1.561,0.03
4896.82,-0.165,1.56,0.011
4897.0,-0.13,1.563,0.024
4897.18,-0.163,1.563,0.0
4897.36,-0.137,1.563,0.048
4897.54,-0.167,1.561,-0.015
4897.73,-0.165,1.56,0.058
4897.91,-0.139,1.562,0.009
4898.9,-0.171,1.558,-0.004
4898.27,-0.167,1.56,-0.002
4898.46,-0.126,1.563,0.025
4898.64,-0.19,1.564,-0.042
4898.82,-0.156,1.563,-0.001
4899.0,-0.166,1.56,-0.021
4899.18,-0.15,1.563,-0.001
4899.37,-0.158,1.566,0.04
4899.55,-0.166,1.569,0.011
4899.73,-0.146,1.571,0.04
4899.91,-0.174,1.571,0.014
4900.1,-0.155,1.571,0.048
4900.28,-0.153,1.57,0.009
4900.46,-0.165,1.571,0.03
4900.64,-0.158,1.571,0.053
4900.83,-0.149,1.574,0.03
4901.1,-0.169,1.574,0.031
4901.19,-0.15,1.575,0.032
4901.37,-0.175,1.574,0.029
4901.55,-0.141,1.576,0.015
4901.74,-0.181,1.577,0.002
4901.92,-0.151,1.582,0.017
4902.1,-0.141,1.585,-0.02
4902.28,-0.151,1.586,-0.013
4902.47,-0.144,1.589,-0.003
4902.65,-0.155,1.593,0.043
4902.83,-0.137,1.59,0.059
4903.1,-0.178,1.589,0.03
4903.19,-0.153,1.589,0.003
4903.38,-0.176,1.59,-0.037
4903.56,-0.155,1.59,-0.025
4903.74,-0.139,1.592,-0.027
4903.92,-0.17,1.595,-0.006
4904.11,-0.152,1.594,-0.022
4904.29,-0.144,1.596,-0.016
4904.47,-0.179,1.594,-0.021
4904.65,-0.156,1.594,0.016
4904.83,-0.15,1.595,0.019
4905.2,-0.166,1.598,-0.0
4905.2,-0.155,1.6,0.017
4905.38,-0.165,1.598,-0.008
4905.56,-0.147,1.599,-0.002
4905.75,-0.162,1.601,-0.025
4905.93,-0.173,1.599,-0.039
4906.11,-0.158,1.6,-0.013
4906.29,-0.158,1.602,-0.013
4906.48,-0.173,1.604,-0.008
4906.66,-0.179,1.607,0.0
4906.84,-0.159,1.606,-0.031
4907.2,-0.17,1.608,-0.003
4907.2,-0.157,1.609,-0.002
4907.39,-0.161,1.608,0.013
4907.57,-0.16,1.605,-0.004
4907.75,-0.167,1.609,-0.007
4907.93,-0.168,1.61,-0.008
4908.12,-0.153,1.611,-0.029
4908.3,-0.177,1.612,-0.037
4908.48,-0.151,1.612,-0.031
4908.66,-0.166,1.611,-0.002
4908.85,-0.15,1.613,0.045
4909.3,-0.162,1.612,0.085
4909.21,-0.168,1.611,0.088
4909.39,-0.184,1.611,0.091
4909.57,-0.133,1.613,0.078
4909.76,-0.142,1.615,0.088
4909.94,-0.159,1.617,0.056
4910.12,-0.164,1.617,0.068
4910.3,-0.154,1.618,0.054
4910.49,-0.171,1.619,0.053
4910.67,-0.113,1.619,0.078
4910.85,-0.191,1.62,0.049
4911.3,-0.097,1.625,0.063
4911.21,-0.182,1.623,0.065
4911.4,-0.132,1.623,0.06
4911.58,-0.193,1.625,0.077
4911.76,-0.134,1.629,0.045
4911.94,-0.157,1.631,0.075
4912.13,-0.158,1.632,0.053
4912.31,-0.171,1.633,0.062
4912.49,-0.135,1.638,0.052
4912.67,-0.166,1.638,0.048
4912.85,-0.153,1.639,0.033
4913.4,-0.16,1.641,0.042
4913.22,-0.156,1.644,0.034
4913.4,-0.153,1.648,0.035
4913.58,-0.162,1.65,0.034
4913.77,-0.143,1.652,0.042
4914.13,-0.134,1.656,0.023
4914.31,-0.132,1.656,0.052
4914.5,-0.162,1.657,0.045
4914.68,-0.152,1.656,0.036
4914.86,-0.167,1.654,0.066
4915.4,-0.154,1.654,0.039
4915.22,-0.172,1.655,0.056
4915.41,-0.165,1.657,0.037
4915.59,-0.176,1.659,0.022
4915.77,-0.171,1.66,0.027
4915.95,-0.164,1.661,0.01
4916.14,-0.16,1.662,-0.004
4916.32,-0.167,1.659,0.024
4916.5,-0.182,1.66,0.045
4916.68,-0.153,1.666,0.057
4916.86,-0.159,1.666,0.101
4917.5,-0.144,1.666,0.072
4917.23,-0.178,1.667,0.092
4917.41,-0.147,1.668,0.048
4917.59,-0.154,1.669,0.085
4917.78,-0.163,1.67,0.07
4917.96,-0.184,1.667,0.054
4918.14,-0.143,1.669,0.084
4918.32,-0.178,1.671,0.078
4918.51,-0.152,1.672,0.05
4918.69,-0.165,1.671,0.043
4918.87,-0.152,1.675,0.042
4919.5,-0.159,1.672,0.048
4919.23,-0.175,1.67,0.074
4919.42,-0.17,1.672,0.065
4920.51,-0.167,1.675,0.045
4920.69,-0.143,1.675,0.041
4920.87,-0.133,1.675,0.048
4921.6,-0.152,1.679,0.037
4921.24,-0.164,1.682,0.059
4921.42,-0.152,1.684,0.04
4921.6,-0.18,1.684,0.056
4921.79,-0.153,1.686,0.056
4921.97,-0.156,1.689,0.07
4922.15,-0.166,1.69,0.059
4922.33,-0.162,1.695,0.067
4922.52,-0.147,1.697,0.052
4922.7,-0.154,1.698,0.067
4922.88,-0.162,1.698,0.03
4923.6,-0.163,1.696,0.057
4923.24,-0.17,1.699,0.059
4923.43,-0.168,1.7,0.066
4923.61,-0.161,1.699,0.07
4923.79,-0.151,1.7,0.092
4923.97,-0.177,1.703,0.042
4924.16,-0.162,1.701,0.024
4924.34,-0.163,1.701,0.007
4924.52,-0.172,1.704,0.013
4924.7,-0.154,1.704,-0.004
4924.88,-0.17,1.706,-0.013
4925.7,-0.156,1.708,0.015
4925.25,-0.182,1.711,-0.007
4925.43,-0.146,1.712,0.078
4925.61,-0.149,1.715,0.044
4925.8,-0.146,1.713,0.064
4925.98,-0.175,1.714,0.058
4926.16,-0.139,1.716,0.047
4926.34,-0.169,1.715,0.053
4926.53,-0.159,1.719,0.033
4926.71,-0.178,1.718,0.045
4926.89,-0.171,1.718,0.035
4927.7,-0.147,1.721,0.038
4927.25,-0.16,1.721,0.046
4927.44,-0.175,1.723,0.051
4927.62,-0.148,1.725,0.03
4927.8,-0.163,1.725,0.041
4927.98,-0.153,1.725,0.005
4928.17,-0.174,1.723,0.029
4928.35,-0.16,1.723,0.007
4928.53,-0.18,1.723,0.032
4928.71,-0.143,1.724,0.044
4928.89,-0.185,1.727,0.021
4929.8,-0.138,1.728,0.036
4929.26,-0.182,1.727,0.035
4929.44,-0.165,1.729,0.047
4929.62,-0.152,1.731,0.018
4929.81,-0.157,1.733,0.059
4929.99,-0.164,1.735,0.001
4930.17,-0.175,1.738,0.047
4930.35,-0.136,1.741,0.049
4930.53,-0.153,1.741,0.019
4930.72,-0.183,1.74,0.007
4930.9,-0.149,1.741,0.001
4931.8,-0.172,1.743,0.097
4931.26,-0.182,1.745,-0.042
4931.45,-0.137,1.749,0.135
4931.63,-0.176,1.751,0.052
4931.81,-0.143,1.753,0.043
4931.99,-0.151,1.754,0.067
4932.17,-0.189,1.753,0.044
4932.36,-0.157,1.753,0.041
4932.54,-0.128,1.753,0.042
4932.72,-0.175,1.753,0.021
4932.9,-0.153,1.755,0.037
4933.9,-0.166,1.755,0.023
4933.27,-0.174,1.755,0.023
4933.45,-0.171,1.758,0.038
4933.63,-0.154,1.759,0.019
4933.82,-0.184,1.759,0.061
4934.0,-0.153,1.757,0.005
4934.18,-0.199,1.757,0.063
4934.36,-0.128,1.76,0.033
4934.54,-0.203,1.76,0.046
4934.73,-0.143,1.763,0.017
4934.91,-0.182,1.768,0.057
4935.9,-0.147,1.771,0.027
4935.27,-0.185,1.77,0.032
4935.46,-0.15,1.77,0.037
4935.64,-0.168,1.772,0.053
4935.82,-0.165,1.771,0.08
4936.0,-0.16,1.77,0.054
4937.1,-0.161,1.778,-0.021
4937.28,-0.174,1.78,0.032
4937.46,-0.16,1.78,-0.041
4937.64,-0.192,1.778,0.009
4937.83,-0.159,1.777,-0.045
4938.1,-0.175,1.78,0.011
4938.19,-0.158,1.785,-0.003
4938.37,-0.18,1.786,0.0
4938.55,-0.146,1.787,0.045
4938.74,-0.164,1.787,0.032
4938.92,-0.171,1.789,0.014
4939.1,-0.193,1.792,0.035
4939.28,-0.154,1.794,0.008
4939.47,-0.188,1.798,0.012
4939.65,-0.151,1.801,-0.011
4939.83,-0.181,1.802,0.008
4940.1,-0.178,1.802,-0.041
4940.2,-0.167,1.802,-0.061
4940.38,-0.164,1.803,-0.066
4940.56,-0.169,1.804,-0.1
4940.74,-0.185,1.809,-0.137
4940.92,-0.18,1.81,-0.058
4941.11,-0.144,1.815,-0.063
4941.29,-0.173,1.814,-0.091
4941.47,-0.19,1.813,-0.116
4941.65,-0.212,1.808,-0.061
4941.84,-0.115,1.811,-0.041
4942.2,-0.164,1.812,-0.035
4942.2,-0.139,1.814,-0.022
4942.38,-0.177,1.814,-0.016
4942.57,-0.158,1.813,-0.056
4942.75,-0.19,1.813,-0.011
4942.93,-0.143,1.813,-0.068
4943.11,-0.165,1.813,-0.052
4943.29,-0.152,1.815,-0.061
4943.48,-0.183,1.814,-0.049
4943.66,-0.174,1.817,-0.049
4943.84,-0.176,1.817,-0.033
4944.2,-0.167,1.818,-0.063
4944.21,-0.169,1.821,-0.072
4944.39,-0.165,1.825,-0.05
4944.57,-0.159,1.829,-0.039
4944.75,-0.172,1.829,-0.023
4944.93,-0.15,1.828,-0.015
4945.12,-0.17,1.832,-0.011
4945.3,-0.178,1.832,-0.014
4946.39,-0.161,1.839,-0.026
4946.58,-0.16,1.841,-0.016
4946.76,-0.158,1.838,0.008
4946.94,-0.173,1.838,-0.014
4947.12,-0.182,1.837,-0.017
4947.3,-0.159,1.837,-0.036
4947.49,-0.166,1.839,-0.079
4947.67,-0.176,1.844,-0.087
4947.85,-0.167,1.844,-0.053
4948.3,-0.139,1.844,-0.056
4948.22,-0.149,1.846,-0.103
4948.4,-0.168,1.848,-0.086
4948.58,-0.175,1.851,-0.051
4948.76,-0.168,1.849,0.01
4948.94,-0.174,1.851,0.062
4949.13,-0.181,1.854,0.103
4949.31,-0.139,1.856,0.088
4949.49,-0.188,1.857,0.08
4949.67,-0.17,1.857,0.057
4949.86,-0.183,1.857,0.063
4950.4,-0.151,1.86,0.055
4950.22,-0.187,1.862,0.074
4950.4,-0.168,1.86,0.039
4950.59,-0.16,1.86,0.045
4950.77,-0.177,1.861,0.005
4950.95,-0.17,1.862,0.031
4951.13,-0.156,1.865,0.015
4951.31,-0.204,1.866,0.015
4951.5,-0.157,1.872,0.004
4951.68,-0.187,1.874,0.012
4951.86,-0.178,1.879,0.024
4952.4,-0.175,1.881,0.038
4952.23,-0.158,1.883,-0.02
4952.41,-0.175,1.881,-0.028
4952.59,-0.148,1.88,-0.029
4952.77,-0.167,1.882,-0.004
4952.95,-0.141,1.887,0.0
4953.14,-0.159,1.887,-0.036
4953.32,-0.171,1.887,-0.012
4953.5,-0.177,1.885,-0.003
4953.68,-0.166,1.884,-0.008
4953.87,-0.159,1.884,0.004
4954.5,-0.19,1.886,-0.017
4954.23,-0.162,1.886,-0.04
4954.41,-0.182,1.886,-0.0
4954.6,-0.167,1.889,0.011
4954.78,-0.166,1.889,0.03
4954.96,-0.175,1.89,0.027
4955.14,-0.168,1.888,0.004
4955.32,-0.161,1.889,-0.01
4955.51,-0.173,1.89,-0.034
4955.69,-0.151,1.891,-0.025
4955.87,-0.169,1.891,-0.058
4956.5,-0.169,1.894,-0.024
4956.24,-0.164,1.895,-0.045
4956.42,-0.179,1.895,-0.025
4956.6,-0.171,1.896,-0.043
4956.78,-0.172,1.899,-0.009
4956.97,-0.18,1.903,-0.014
4957.15,-0.158,1.904,0.014
4957.33,-0.165,1.905,-0.033
4957.51,-0.17,1.905,-0.048
4957.69,-0.15,1.908,-0.063
4957.88,-0.19,1.905,-0.051
4958.6,-0.149,1.908,-0.036
4958.24,-0.161,1.907,-0.069
4958.42,-0.189,1.908,-0.079
4958.61,-0.142,1.909,-0.029
4958.79,-0.15,1.913,-0.053
4958.97,-0.169,1.913,-0.037
4959.15,-0.157,1.913,-0.024
4959.33,-0.18,1.911,-0.016
4959.52,-0.161,1.912,-0.015
4959.7,-0.168,1.915,-0.048
4959.88,-0.166,1.912,-0.032
4960.6,-0.154,1.912,-0.08
4960.25,-0.141,1.912,-0.044
4960.43,-0.154,1.913,-0.028
4960.61,-0.133,1.916,-0.039
4960.79,-0.16,1.919,0.006
4960.98,-0.154,1.92,-0.007
4961.16,-0.154,1.918,0.034
4961.34,-0.14,1.918,-0.005
4961.52,-0.176,1.919,0.027
4961.7,-0.151,1.921,0.024
4961.89,-0.17,1.922,0.019
4962.7,-0.138,1.923,0.06
4962.25,-0.187,1.928,0.05
4962.43,-0.175,1.929,-0.004
4962.62,-0.213,1.931,0.052
4962.8,-0.165,1.936,-0.049
4962.98,-0.154,1.934,0.012
4963.16,-0.178,1.938,-0.043
4963.34,-0.171,1.938,-0.035
4963.53,-0.157,1.939,0.005
4963.71,-0.157,1.942,-0.001
4963.89,-0.141,1.941,-0.012
4964.7,-0.191,1.941,-0.022
4964.26,-0.154,1.938,0.008
4964.44,-0.206,1.94,-0.036
4964.62,-0.157,1.944,0.014
4964.8,-0.196,1.945,-0.037
4964.99,-0.15,1.946,-0.028
4965.17,-0.171,1.948,0.06
4965.35,-0.161,1.95,0.017
4965.53,-0.182,1.947,-0.02
4965.71,-0.181,1.947,0.006
4965.9,-0.099,1.953,0.048
4966.8,-0.247,1.95,-0.029
4966.63,-0.126,1.949,0.022
4966.81,-0.178,1.951,0.037
4966.99,-0.133,1.948,0.044
4967.17,-0.194,1.951,0.033
4967.36,-0.17,1.951,0.034
4967.54,-0.159,1.95,0.051
4967.72,-0.183,1.951,0.03
4967.9,-0.192,1.953,0.05
4968.8,-0.15,1.953,0.043
4968.27,-0.151,1.954,0.054
4968.45,-0.19,1.955,0.026
4971.0,-0.185,1.962,-0.009
4971.18,-0.159,1.962,0.078
4971.37,-0.204,1.962,0.041
4971.55,-0.104,1.962,0.108
4971.73,-0.178,1.961,0.018
4971.91,-0.16,1.962,0.153
4972.9,-0.133,1.966,0.085
4972.28,-0.179,1.964,0.088
4972.46,-0.141,1.963,0.116
4972.64,-0.19,1.965,0.128
4972.82,-0.13,1.966,0.087
4973.1,-0.162,1.965,0.18
4973.19,-0.159,1.967,0.139
4973.37,-0.163,1.968,0.118
4973.55,-0.143,1.969,0.088
4973.73,-0.156,1.969,0.138
4974.65,-0.163,1.976,-0.044
4974.83,-0.164,1.977,0.015
4975.1,-0.156,1.978,0.042
4975.19,-0.146,1.978,0.055
4975.38,-0.17,1.979,0.082
4975.56,-0.161,1.982,0.069
4975.74,-0.163,1.983,0.04
4975.92,-0.151,1.987,0.034
4976.1,-0.16,1.986,0.1
4976.29,-0.174,1.987,0.15
4980.11,-0.158,2.008,0.057
4980.3,-0.144,2.008,0.103
4980.48,-0.157,2.008,0.073
4980.66,-0.189,2.009,0.092
4980.84,-0.155,2.009,0.05
4981.3,-0.179,2.008,0.058
4981.21,-0.161,2.011,0.001
4981.39,-0.162,2.009,0.0
4981.57,-0.143,2.011,0.012
4981.75,-0.178,2.01,-0.04
4981.94,-0.168,2.009,-0.031
4982.12,-0.151,2.011,-0.032
4982.3,-0.169,2.015,-0.016
4982.48,-0.14,2.015,-0.039
4982.67,-0.185,2.017,-0.02
4982.85,-0.161,2.018,-0.019
4983.3,-0.135,2.021,0.002
4983.21,-0.19,2.025,-0.003
4983.4,-0.142,2.025,0.003
4983.58,-0.198,2.027,0.025
4983.76,-0.122,2.03,-0.019
4983.94,-0.181,2.03,-0.002
4984.12,-0.16,2.028,-0.032
4984.31,-0.176,2.027,0.014
4984.49,-0.156,2.031,-0.002
4984.67,-0.161,2.03,-0.008
4989.5,-0.139,2.041,-0.024
4989.23,-0.163,2.042,0.023
4989.41,-0.137,2.045,0.015
4989.59,-0.16,2.043,0.031
4989.77,-0.141,2.04,0.044
4989.96,-0.162,2.041,0.049
4990.14,-0.138,2.04,0.077
4990.32,-0.176,2.041,0.071
4990.5,-0.111,2.039,0.088
4990.69,-0.191,2.039,0.071
4990.87,-0.136,2.039,0.079
4991.5,-0.164,2.038,0.067
4991.23,-0.146,2.039,0.082
4991.41,-0.14,2.038,0.051
4991.6,-0.136,2.04,0.021
4991.78,-0.161,2.045,0.042
4991.96,-0.146,2.049,0.03
4992.14,-0.163,2.05,0.014
4992.33,-0.141,2.051,0.029
4992.51,-0.147,2.052,0.031
4992.69,-0.152,2.052,0.022
4992.87,-0.158,2.052,0.011
4993.6,-0.155,2.056,0.03
4993.24,-0.154,2.056,0.043
4993.42,-0.149,2.058,0.044
4993.6,-0.149,2.056,0.05
4993.78,-0.16,2.055,0.039
4993.97,-0.152,2.055,0.058
4994.15,-0.153,2.056,0.034
4994.33,-0.151,2.057,0.047
4994.51,-0.155,2.059,0.038
4994.7,-0.157,2.061,0.058
4994.88,-0.15,2.062,0.04
4995.6,-0.15,2.064,0.037
4995.24,-0.138,2.065,0.047
4995.42,-0.16,2.063,0.06
4995.61,-0.165,2.064,0.053
4995.79,-0.151,2.065,0.059
4995.97,-0.155,2.068,0.052
4996.15,-0.151,2.066,0.058
4996.34,-0.145,2.069,0.062
4996.52,-0.149,2.068,0.06
4996.7,-0.157,2.072,0.021
4996.88,-0.152,2.075,0.077
4997.7,-0.141,2.078,0.065
4997.25,-0.143,2.081,0.049
4997.43,-0.145,2.084,0.058
4997.61,-0.138,2.085,0.054
4997.79,-0.172,2.087,0.07
4997.98,-0.148,2.089,0.06
4998.16,-0.163,2.087,0.056
4998.34,-0.178,2.088,0.05
4998.52,-0.166,2.089,0.048
4998.71,-0.158,2.087,0.046
4998.89,-0.145,2.085,0.048
4999.7,-0.145,2.087,0.046
4999.25,-0.174,2.088,0.047
4999.43,-0.13,2.086,0.037
4999.62,-0.154,2.088,0.037
4999.8,-0.13,2.09,0.033
4999.98,-0.165,2.091,0.026
5000.16,-0.144,2.092,0.001
5000.35,-0.166,2.096,-0.016
5000.53,-0.152,2.096,-0.016
5000.71,-0.151,2.1,-0.007
5000.89,-0.167,2.103,0.015
5001.8,-0.164,2.103,-0.001
5001.26,-0.154,2.103,0.012
5001.44,-0.159,2.102,0.018
5001.62,-0.165,2.108,0.031
5001.8,-0.149,2.105,0.021
5001.99,-0.16,2.105,0.014
5002.17,-0.159,2.104,0.002
5002.35,-0.171,2.105,0.0
5002.53,-0.154,2.106,-0.018
5002.72,-0.172,2.108,-0.01
5002.9,-0.159,2.111,0.006
5003.8,-0.144,2.115,0.002
5003.26,-0.159,2.115,0.027
5003.44,-0.158,2.115,0.055
5003.63,-0.156,2.114,0.062
5003.81,-0.156,2.111,0.075
5003.99,-0.156,2.109,0.072
5004.17,-0.157,2.113,0.068
5004.36,-0.176,2.112,0.053
5004.54,-0.159,2.112,0.044
5004.72,-0.146,2.11,0.047
5004.9,-0.151,2.11,0.043
5005.9,-0.163,2.109,0.027
5005.27,-0.147,2.111,0.023
5005.45,-0.154,2.116,0.021
5005.63,-0.153,2.116,0.028
5005.81,-0.139,2.111,0.027
5006.0,-0.146,2.116,0.011
5006.18,-0.153,2.12,-0.027
5006.36,-0.176,2.123,-0.044
5006.54,-0.128,2.125,-0.047
5006.73,-0.17,2.126,0.008
5006.91,-0.149,2.13,0.001
5007.9,-0.152,2.129,0.023
5007.27,-0.162,2.129,0.013
5007.46,-0.137,2.129,0.013
5007.64,-0.169,2.13,0.023
5007.82,-0.149,2.131,-0.001
5008.0,-0.139,2.134,0.001
5008.18,-0.155,2.133,0.004
5008.37,-0.133,2.132,-0.006
5008.55,-0.144,2.132,-0.024
5008.73,-0.142,2.132,-0.045
5008.91,-0.162,2.132,-0.066
5009.1,-0.136,2.135,-0.049
5009.28,-0.163,2.137,-0.036
5009.46,-0.118,2.136,-0.056
5009.64,-0.147,2.137,-0.052
5009.82,-0.152,2.134,-0.077
5010.1,-0.14,2.135,-0.078
5010.19,-0.179,2.138,-0.076
5010.37,-0.137,2.139,-0.062
5010.55,-0.175,2.137,-0.044
5010.74,-0.142,2.136,-0.028
5010.92,-0.157,2.138,0.006
5011.1,-0.148,2.139,-0.023
5011.28,-0.172,2.141,-0.005
5011.47,-0.14,2.141,-0.019
5011.65,-0.149,2.143,-0.023
5011.83,-0.169,2.144,-0.052
5012.1,-0.147,2.14,-0.038
5012.19,-0.174,2.14,-0.013
5012.38,-0.153,2.141,-0.009
5012.56,-0.144,2.138,-0.036
5012.74,-0.162,2.137,-0.026
5012.92,-0.149,2.137,0.015
5013.11,-0.151,2.137,-0.036
5013.29,-0.179,2.136,-0.047
5013.47,-0.139,2.137,0.014
5013.65,-0.181,2.139,0.022
5013.84,-0.125,2.139,0.035
5014.2,-0.167,2.137,0.017
5014.2,-0.114,2.141,0.004
5014.38,-0.18,2.142,0.012
5014.56,-0.123,2.145,0.028
5014.75,-0.167,2.144,0.003
5014.93,-0.129,2.148,0.009
5015.11,-0.154,2.145,-0.025
5015.29,-0.147,2.147,-0.002
5015.48,-0.21,2.147,-0.0
5015.66,-0.117,2.144,0.005
5015.84,-0.202,2.144,0.018
5016.2,-0.135,2.144,0.047
5016.2,-0.141,2.146,0.025
5016.39,-0.152,2.144,0.037
5016.57,-0.117,2.147,0.025
5016.75,-0.14,2.15,0.043
5016.93,-0.136,2.149,0.02
5017.12,-0.199,2.149,0.012
5017.3,-0.144,2.151,0.033
5017.48,-0.171,2.154,0.012
5017.66,-0.129,2.152,-0.0
5017.85,-0.126,2.153,0.053
5018.3,-0.187,2.155,0.019
5018.21,-0.125,2.153,0.034
5018.39,-0.151,2.155,0.038
5018.57,-0.152,2.155,0.018
5018.76,-0.136,2.15,0.039
5018.94,-0.208,2.152,0.009
5019.12,-0.101,2.148,0.012
5019.3,-0.143,2.148,0.047
5019.49,-0.229,2.147,0.055
5019.67,-0.077,2.147,0.007
5019.85,-0.242,2.145,0.004
5020.3,-0.118,2.147,0.022
5020.22,-0.154,2.147,0.048
5020.4,-0.152,2.145,0.008
5020.58,-0.212,2.148,-0.034
5020.76,-0.098,2.147,-0.016
5020.94,-0.15,2.146,-0.007
5021.13,-0.21,2.143,-0.015
5021.31,-0.154,2.14,0.048
5021.49,-0.175,2.142,0.072
5021.67,-0.133,2.138,0.089
5021.86,-0.205,2.14,0.036
5022.4,-0.15,2.142,0.027
5022.22,-0.17,2.149,-0.008
5022.4,-0.119,2.146,0.03
5022.59,-0.204,2.152,0.008
5022.77,-0.137,2.149,0.041
5022.95,-0.221,2.154,-0.014
5023.13,-0.129,2.151,-0.003
5023.31,-0.188,2.155,-0.018
5023.5,-0.187,2.157,-0.013
5023.68,-0.153,2.158,-0.033
5023.86,-0.184,2.157,0.008
5024.4,-0.142,2.156,-0.024
5024.23,-0.168,2.158,-0.04
5024.41,-0.189,2.162,-0.04
5024.59,-0.042,2.162,-0.093
5024.77,-0.22,2.163,-0.072
5024.95,-0.077,2.161,-0.069
5025.14,-0.215,2.161,-0.08
5025.32,-0.13,2.162,-0.09
5025.5,-0.195,2.162,-0.099
5025.68,-0.154,2.162,-0.101
5025.87,-0.188,2.166,-0.056
5026.5,-0.107,2.166,-0.032
5026.23,-0.181,2.17,-0.02
5026.41,-0.118,2.171,-0.032
5026.6,-0.162,2.176,-0.091
5026.78,-0.136,2.178,-0.095
5026.96,-0.143,2.181,-0.069
5027.14,-0.153,2.18,-0.031
5027.32,-0.155,2.183,-0.017
5027.51,-0.131,2.187,0.017
5027.69,-0.144,2.188,-0.018
5027.87,-0.121,2.189,-0.036
5028.5,-0.186,2.189,-0.073
5028.24,-0.156,2.189,-0.079
5028.42,-0.181,2.19,-0.04
5028.6,-0.119,2.189,-0.051
5028.78,-0.201,2.193,-0.056
5028.97,-0.142,2.188,-0.038
5029.15,-0.161,2.189,0.014
5029.33,-0.108,2.189,0.04
5029.51,-0.168,2.192,0.036
5029.69,-0.136,2.193,0.039
5029.88,-0.166,2.194,0.035
5030.6,-0.144,2.192,0.014
5030.24,-0.14,2.195,0.003
5030.42,-0.156,2.196,-0.022
5030.61,-0.157,2.196,0.027
5030.79,-0.147,2.195,0.043
5030.97,-0.148,2.196,0.074
5031.15,-0.141,2.196,0.079
5031.34,-0.169,2.196,0.066
5031.52,-0.154,2.196,0.067
5031.7,-0.163,2.196,0.048
5031.88,-0.128,2.197,0.044
5032.6,-0.162,2.197,0.044
5032.25,-0.149,2.197,0.042
5032.43,-0.196,2.197,0.04
5032.61,-0.151,2.201,0.044
5032.79,-0.165,2.2,0.06
5032.98,-0.17,2.203,0.056
5033.16,-0.155,2.204,0.024
5033.34,-0.137,2.205,0.039
5033.52,-0.156,2.208,0.037
5033.71,-0.158,2.208,0.032
5033.89,-0.182,2.207,0.063
5034.7,-0.152,2.206,0.064
5034.25,-0.18,2.207,0.044
5034.43,-0.14,2.208,0.045
5034.62,-0.165,2.211,0.017
5034.8,-0.165,2.211,0.024
5034.98,-0.163,2.213,0.025
5035.16,-0.148,2.211,0.063
5035.35,-0.169,2.212,0.072
5035.53,-0.136,2.212,0.076
5038.44,-0.167,2.208,0.109
5038.63,-0.157,2.208,0.1
5038.81,-0.176,2.209,0.083
5038.99,-0.137,2.212,0.083
5039.17,-0.149,2.215,0.079
5039.36,-0.157,2.213,0.077
5039.54,-0.178,2.215,0.057
5039.72,-0.129,2.216,0.085
5039.9,-0.196,2.216,0.062
5040.8,-0.135,2.218,0.062
5040.27,-0.169,2.221,0.078
5040.63,-0.161,2.219,0.042
5040.81,-0.143,2.219,0.026
5041.0,-0.136,2.222,0.009
5041.18,-0.13,2.221,-0.019
5041.36,-0.176,2.221,-0.022
5041.54,-0.16,2.22,0.038
5041.73,-0.158,2.223,0.038
5041.91,-0.169,2.223,0.07
5042.9,-0.156,2.224,0.042
5042.27,-0.156,2.222,0.026
5042.45,-0.166,2.225,0.008
5042.64,-0.143,2.226,0.027
5042.82,-0.17,2.227,0.039
5043.0,-0.15,2.229,0.029
5043.18,-0.164,2.231,-0.026
5043.37,-0.176,2.235,-0.039
5043.55,-0.137,2.237,-0.047
5043.73,-0.129,2.238,-0.071
5043.91,-0.173,2.237,-0.063
5044.1,-0.153,2.238,-0.049
5044.28,-0.173,2.239,-0.044
5044.46,-0.161,2.24,-0.022
5044.64,-0.132,2.24,0.01
5044.82,-0.172,2.243,0.041
5045.1,-0.14,2.246,0.066
5045.19,-0.136,2.247,0.097
5045.37,-0.182,2.246,0.066
5045.55,-0.126,2.244,0.056
5045.74,-0.144,2.245,0.071
5045.92,-0.137,2.247,0.1
5046.1,-0.157,2.246,0.09
5046.28,-0.154,2.248,0.111
5046.47,-0.15,2.248,0.064
5046.65,-0.169,2.25,0.038
5046.83,-0.152,2.25,0.065
5047.1,-0.187,2.251,0.074
5047.19,-0.112,2.248,0.075
5047.38,-0.189,2.249,0.077
5047.56,-0.151,2.251,0.08
5047.74,-0.153,2.251,0.083
5047.92,-0.167,2.255,0.114
5048.11,-0.157,2.256,0.08
5048.29,-0.152,2.257,0.001
5048.47,-0.147,2.256,-0.046
5048.65,-0.154,2.26,-0.049
5048.84,-0.15,2.263,-0.101
5049.2,-0.149,2.265,-0.097
5049.2,-0.153,2.263,-0.051
5049.38,-0.152,2.265,-0.027
5049.56,-0.155,2.266,0.004
5051.93,-0.142,2.292,0.038
5052.12,-0.154,2.291,0.049
5052.3,-0.166,2.292,0.064
5052.48,-0.15,2.289,0.077
5052.66,-0.142,2.291,0.096
5052.85,-0.151,2.292,0.089
5053.3,-0.15,2.293,0.084
5053.21,-0.141,2.295,0.077
5053.39,-0.158,2.297,0.066
5058.68,-0.153,2.336,-0.035
5058.86,-0.169,2.339,-0.033
5059.4,-0.156,2.34,-0.031
5059.22,-0.169,2.343,-0.039
5059.41,-0.15,2.347,-0.082
5059.59,-0.152,2.347,-0.09
5059.77,-0.149,2.348,-0.078
5059.95,-0.163,2.35,-0.05
5060.14,-0.165,2.351,-0.038
5060.32,-0.178,2.35,-0.04
5060.5,-0.146,2.353,-0.023
5060.68,-0.152,2.351,-0.016
5060.87,-0.17,2.351,-0.009
5061.5,-0.148,2.352,0.018
5061.23,-0.159,2.352,0.028
5061.41,-0.153,2.351,0.029
5061.59,-0.153,2.347,0.026
5061.78,-0.166,2.343,0.008
5061.96,-0.152,2.34,-0.054
5062.14,-0.145,2.343,-0.046
5062.32,-0.153,2.345,-0.022
5062.51,-0.162,2.346,-0.017
5062.69,-0.151,2.346,-0.07
5062.87,-0.162,2.348,-0.055
5063.5,-0.174,2.345,-0.018
5063.24,-0.159,2.346,-0.016
5063.42,-0.16,2.346,0.016
5063.6,-0.167,2.348,-0.003
5063.78,-0.148,2.348,-0.03
5063.96,-0.137,2.351,-0.028
5064.15,-0.146,2.351,0.007
5064.33,-0.16,2.351,-0.039
5064.51,-0.168,2.354,-0.038
5064.69,-0.162,2.354,-0.024
5064.88,-0.132,2.355,-0.015
5065.6,-0.171,2.357,-0.016
5065.24,-0.154,2.36,0.012
5065.42,-0.149,2.361,0.051
5065.61,-0.167,2.361,0.048
5065.79,-0.149,2.362,0.046
5065.97,-0.173,2.366,0.02
5066.15,-0.143,2.37,0.014
5066.33,-0.149,2.371,0.045
5066.52,-0.136,2.371,0.024
5066.7,-0.153,2.372,-0.015
5066.88,-0.154,2.371,-0.036
5067.6,-0.162,2.372,-0.027
5067.25,-0.13,2.373,-0.01
5067.43,-0.164,2.374,-0.021
5067.61,-0.153,2.373,-0.025
5067.79,-0.146,2.374,-0.007
5067.98,-0.151,2.373,0.026
5068.16,-0.148,2.375,0.018
5068.34,-0.139,2.376,0.044
5068.52,-0.149,2.374,0.054
5068.7,-0.168,2.374,0.049
5068.89,-0.128,2.373,0.062
5069.7,-0.155,2.373,0.058
5069.25,-0.156,2.373,0.061
5072.17,-0.16,2.369,0.021
5072.35,-0.144,2.37,0.035
5072.53,-0.137,2.369,0.022
5072.71,-0.165,2.371,-0.017
5072.9,-0.166,2.373,-0.004
5073.8,-0.17,2.374,-0.007
5073.26,-0.149,2.371,-0.006
5073.44,-0.138,2.369,0.019
5073.63,-0.154,2.368,0.023
5073.81,-0.155,2.368,0.043
5078.73,-0.168,2.376,0.061
5078.91,-0.132,2.376,0.076
5079.9,-0.131,2.374,0.062
5079.28,-0.176,2.376,0.07
5079.46,-0.153,2.376,0.06
5079.64,-0.174,2.377,0.048
5079.82,-0.148,2.377,0.036
5080.1,-0.135,2.377,0.017
5080.19,-0.13,2.379,-0.004
5080.37,-0.126,2.378,-0.029
5080.55,-0.196,2.377,-0.056
5080.74,-0.134,2.377,-0.057
5080.92,-0.15,2.379,-0.105
5081.1,-0.141,2.381,-0.1
5081.28,-0.148,2.382,-0.072
5081.46,-0.172,2.382,-0.033
5081.65,-0.137,2.38,-0.039
5081.83,-0.167,2.379,-0.021
5082.1,-0.145,2.379,-0.035
5082.19,-0.172,2.38,-0.033
5082.38,-0.141,2.383,0.003
5082.56,-0.162,2.383,0.021
5082.74,-0.162,2.385,-0.001
5082.92,-0.182,2.386,0.0
5083.1,-0.144,2.385,-0.022
5083.29,-0.195,2.384,-0.079
5083.47,-0.149,2.384,-0.11
5083.65,-0.184,2.382,-0.109
5084.56,-0.151,2.392,-0.031
5084.75,-0.119,2.392,-0.034
5084.93,-0.175,2.397,-0.002
5085.11,-0.161,2.398,-0.038
5085.29,-0.165,2.402,-0.022
5085.47,-0.171,2.405,-0.044
5085.66,-0.143,2.408,-0.078
5085.84,-0.15,2.406,-0.089
5086.2,-0.178,2.406,-0.132
5086.2,-0.134,2.405,-0.184
5086.39,-0.17,2.409,-0.187
5086.57,-0.152,2.412,-0.171
5086.75,-0.149,2.414,-0.13
5086.93,-0.144,2.413,-0.092
5087.11,-0.176,2.412,-0.114
5087.3,-0.156,2.411,-0.109
5087.48,-0.163,2.41,-0.097
5087.66,-0.125,2.41,-0.117
5087.84,-0.177,2.41,-0.05
5088.3,-0.152,2.412,-0.02
5088.21,-0.164,2.416,-0.052
5092.4,-0.144,2.436,-0.02
5092.58,-0.172,2.435,-0.056
5092.77,-0.174,2.437,-0.057
5092.95,-0.157,2.436,-0.01
5093.13,-0.154,2.437,-0.064
5093.31,-0.177,2.44,-0.106
5093.49,-0.155,2.44,-0.061
5093.68,-0.137,2.44,-0.026
5093.86,-0.172,2.438,-0.01
5094.4,-0.163,2.438,-0.047
5094.22,-0.143,2.439,-0.068
5094.41,-0.162,2.442,-0.113
5094.59,-0.144,2.442,-0.145
5094.77,-0.131,2.441,-0.151
5094.95,-0.162,2.441,-0.108
5095.13,-0.159,2.442,-0.077
5095.32,-0.123,2.441,-0.018
5095.5,-0.171,2.44,0.021
5095.68,-0.147,2.439,0.046
5095.86,-0.163,2.439,-0.014
5096.5,-0.169,2.439,-0.007
5096.23,-0.151,2.44,-0.005
5096.41,-0.153,2.444,0.004
5096.59,-0.136,2.444,0.011
5096.78,-0.189,2.445,0.004
5096.96,-0.168,2.449,0.032
5097.14,-0.151,2.45,0.031
5097.32,-0.148,2.449,0.034
5097.5,-0.168,2.447,0.031
5097.69,-0.14,2.448,0.05
5097.87,-0.17,2.45,0.045
5098.5,-0.128,2.45,0.065
5098.23,-0.159,2.45,0.04
5098.42,-0.142,2.45,0.08
5098.6,-0.132,2.45,0.077
5098.78,-0.167,2.455,0.06
5098.96,-0.15,2.452,0.044
5099.14,-0.168,2.453,-0.0
5099.33,-0.146,2.452,-0.024
5099.51,-0.139,2.454,-0.041
5099.69,-0.151,2.457,-0.066
5099.87,-0.171,2.454,-0.038
5100.6,-0.143,2.452,-0.0
5100.24,-0.151,2.454,-0.021
5100.42,-0.158,2.449,-0.01
5100.6,-0.16,2.448,0.005
5100.79,-0.181,2.445,0.029
5100.97,-0.171,2.446,0.053
5101.15,-0.14,2.445,0.059
5101.33,-0.14,2.444,0.038
5101.51,-0.157,2.446,0.047
5101.7,-0.161,2.448,0.035
5101.88,-0.153,2.447,0.061
5102.6,-0.152,2.444,0.058
5102.24,-0.131,2.446,0.052
5102.43,-0.156,2.445,0.052
5102.61,-0.167,2.446,0.067
5102.79,-0.155,2.447,0.086
5102.97,-0.118,2.448,0.092
5103.15,-0.189,2.448,0.078
5103.34,-0.139,2.449,0.074
5103.52,-0.149,2.449,0.073
5103.7,-0.159,2.45,0.053
5103.88,-0.147,2.452,0.051
5104.7,-0.172,2.453,0.059
5104.25,-0.144,2.454,0.048
5104.43,-0.159,2.454,0.089
5104.61,-0.143,2.454,0.075
5104.8,-0.178,2.452,0.058
5104.98,-0.145,2.454,0.083
5105.16,-0.171,2.455,0.1
5105.34,-0.145,2.454,0.092
5105.52,-0.156,2.454,0.079
5105.71,-0.13,2.455,0.074
5105.89,-0.172,2.456,0.064
5106.7,-0.156,2.459,0.053
5106.25,-0.164,2.457,-0.003
5106.44,-0.131,2.459,0.015
5106.62,-0.14,2.458,0.018
5106.8,-0.132,2.456,0.051
5106.98,-0.173,2.459,0.015
5107.16,-0.141,2.461,-0.0
5107.35,-0.147,2.461,-0.022
5107.53,-0.141,2.461,-0.016
5107.71,-0.144,2.464,-0.009
5107.89,-0.137,2.463,-0.028
5108.8,-0.171,2.465,-0.054
5108.26,-0.14,2.467,-0.077
5108.44,-0.152,2.468,-0.014
5108.62,-0.144,2.468,-0.027
5108.81,-0.171,2.468,-0.069
5108.99,-0.142,2.467,-0.077
5109.17,-0.156,2.47,-0.05
5109.35,-0.136,2.471,-0.047
5109.53,-0.157,2.472,-0.036
5109.72,-0.16,2.473,-0.023
5109.9,-0.137,2.477,-0.03
5110.8,-0.143,2.478,-0.034
5110.26,-0.139,2.477,-0.011
5110.45,-0.153,2.479,0.017
5110.63,-0.161,2.481,0.054
5110.81,-0.153,2.477,0.068
5110.99,-0.176,2.48,0.065
5111.18,-0.142,2.482,0.056
5111.36,-0.17,2.482,0.071
5111.54,-0.148,2.482,0.066
5111.72,-0.15,2.482,0.067
5111.9,-0.157,2.482,0.093
5112.9,-0.147,2.479,0.102
5112.27,-0.158,2.482,0.105
5112.45,-0.142,2.485,0.094
5112.63,-0.163,2.489,0.107
5112.82,-0.131,2.491,0.093
5113.0,-0.166,2.492,0.091
5113.18,-0.127,2.492,0.084
5113.36,-0.167,2.49,0.101
5113.54,-0.159,2.49,0.098
5113.73,-0.153,2.489,0.078
5113.91,-0.143,2.489,0.08
5114.9,-0.159,2.49,0.086
5114.27,-0.141,2.491,0.076
5114.46,-0.144,2.491,0.067
5114.64,-0.155,2.492,0.106
5114.82,-0.126,2.494,0.079
5115.0,-0.136,2.494,0.093
5115.19,-0.151,2.493,0.084
5115.37,-0.145,2.493,0.079
5115.55,-0.123,2.495,0.075
5115.73,-0.132,2.495,0.081
5115.91,-0.153,2.496,0.073
5116.1,-0.152,2.499,0.086
5116.28,-0.147,2.498,0.074
5116.46,-0.15,2.499,0.068
5116.64,-0.157,2.502,0.083
5116.83,-0.154,2.501,0.077
5117.1,-0.142,2.502,0.077
5117.19,-0.151,2.504,0.065
5117.37,-0.139,2.504,0.061
5117.55,-0.175,2.505,0.05
5117.74,-0.148,2.509,0.056
5117.92,-0.16,2.51,0.06
5118.1,-0.143,2.513,0.057
5118.28,-0.141,2.512,0.064
5118.47,-0.164,2.514,0.055
5118.65,-0.136,2.514,0.078
5118.83,-0.16,2.518,0.065
5119.1,-0.042,-0.0,0.017
5119.2,-0.15,0.002,0.07
5119.38,-0.147,0.005,0.061
5119.56,-0.16,0.009,0.064
5120.65,-0.157,0.008,0.089
5120.84,-0.159,0.01,0.096
5121.2,-0.149,0.015,0.084
5121.2,-0.16,0.016,0.071
5121.38,-0.136,0.017,0.078
5121.56,-0.176,0.018,0.081
5121.75,-0.154,0.018,0.069
5121.93,-0.139,0.021,0.092
5122.11,-0.167,0.023,0.077
5122.29,-0.166,0.025,0.071
5122.48,-0.149,0.027,0.079
5122.66,-0.165,0.029,0.075
5122.84,-0.151,0.025,0.064
5123.2,-0.152,0.03,0.07
5123.2,-0.154,0.031,0.079
5123.39,-0.158,0.028,0.066
5123.57,-0.161,0.026,0.089
5123.75,-0.147,0.028,0.1
5123.93,-0.161,0.027,0.087
5124.12,-0.156,0.029,0.087
5124.3,-0.158,0.03,0.113
5124.48,-0.142,0.028,0.073
5124.66,-0.163,0.029,0.083
5124.85,-0.119,0.032,0.107
5125.3,-0.149,0.029,0.078
5125.21,-0.152,0.032,0.073
5125.39,-0.144,0.032,0.091
5125.57,-0.143,0.028,0.111
5125.76,-0.119,0.029,0.06
5125.94,-0.19,0.025,0.077
5128.13,-0.144,0.025,0.067
5128.31,-0.152,0.025,0.088
5128.49,-0.15,0.029,0.072
5128.67,-0.171,0.031,0.073
5128.86,-0.154,0.038,0.065
5129.4,-0.157,0.04,0.064
5129.22,-0.142,0.041,0.082
5129.4,-0.147,0.04,0.074
5129.58,-0.152,0.04,0.077
5129.77,-0.138,0.039,0.08
5129.95,-0.151,0.039,0.068
5130.13,-0.134,0.04,0.088
5130.31,-0.15,0.038,0.072
5130.5,-0.162,0.039,0.08
5130.68,-0.142,0.038,0.082
5130.86,-0.127,0.038,0.09
5131.4,-0.138,0.038,0.077
5131.23,-0.152,0.038,0.053
5131.41,-0.162,0.036,0.056
5131.59,-0.142,0.036,0.056
5131.77,-0.129,0.038,0.065
5131.95,-0.133,0.04,0.063
5132.14,-0.151,0.043,0.076
5132.32,-0.156,0.045,0.068
5132.5,-0.146,0.044,0.062
5132.68,-0.168,0.046,0.065
5132.87,-0.152,0.045,0.074
5133.5,-0.138,0.048,0.096
5133.23,-0.147,0.047,0.083
5133.41,-0.15,0.046,0.1
5133.59,-0.144,0.048,0.089
5133.78,-0.15,0.048,0.08
5133.96,-0.147,0.049,0.089
5134.14,-0.143,0.047,0.09
5134.32,-0.142,0.044,0.085
5134.51,-0.148,0.044,0.086
5134.69,-0.158,0.043,0.084
5134.87,-0.147,0.04,0.098
5135.5,-0.142,0.04,0.089
5135.78,-0.148,0.037,0.075
5135.96,-0.156,0.036,0.056
5136.15,-0.148,0.037,0.04
5136.33,-0.129,0.038,0.041
5136.51,-0.162,0.04,0.022
5136.69,-0.153,0.04,0.024
5136.88,-0.141,0.042,0.032
5137.6,-0.155,0.045,0.029
5137.24,-0.132,0.048,0.036
5137.42,-0.143,0.046,0.073
5137.6,-0.142,0.051,0.035
5137.79,-0.157,0.051,0.051
5137.97,-0.154,0.052,0.071
5138.15,-0.155,0.053,0.019
5138.33,-0.136,0.056,0.003
5138.52,-0.127,0.056,0.017
5138.7,-0.16,0.056,0.001
5138.88,-0.154,0.056,-0.009
5139.6,-0.159,0.056,-0.007
5139.25,-0.156,0.06,-0.023
5139.43,-0.141,0.059,0.0
5139.61,-0.151,0.059,0.013
5139.79,-0.135,0.06,0.019
5139.97,-0.162,0.06,0.035
5140.16,-0.139,0.061,0.055
5140.34,-0.172,0.062,0.068
5140.52,-0.148,0.059,0.09
5140.7,-0.161,0.06,0.084
5140.89,-0.148,0.062,0.088
5141.7,-0.171,0.064,0.092
5141.25,-0.135,0.065,0.099
5141.43,-0.153,0.065,0.084
5141.62,-0.139,0.062,0.083
5141.8,-0.16,0.065,0.064
5141.98,-0.146,0.065,0.065
5142.16,-0.156,0.064,0.079
5142.34,-0.149,0.064,0.087
5142.53,-0.146,0.065,0.077
5142.71,-0.154,0.066,0.069
5142.89,-0.166,0.068,0.091
5143.7,-0.149,0.067,0.081
5143.26,-0.18,0.068,0.048
5143.44,0.0,0.067,-0.047
5143.62,-0.291,0.065,0.185
5143.8,-0.096,0.073,0.001
5143.98,-0.151,0.063,0.155
5144.17,-0.177,0.07,0.058
5144.35,-0.085,0.07,0.125
5144.53,-0.179,0.069,0.065
5144.71,-0.152,0.07,0.111
5144.9,-0.12,0.071,0.081
5145.8,-0.155,0.067,0.059
5145.26,-0.161,0.068,0.043
5145.44,-0.143,0.07,0.055
5145.63,-0.135,0.067,0.028
5145.81,-0.163,0.069,0.016
5145.99,-0.128,0.07,0.012
5146.17,-0.164,0.07,0.008
5146.35,-0.143,0.072,-0.013
5146.54,-0.152,0.074,-0.004
5146.72,-0.116,0.071,-0.041
5146.9,-0.176,0.069,-0.021
5147.8,-0.158,0.072,0.017
5147.27,-0.153,0.073,-0.018
5147.45,-0.147,0.075,-0.015
5147.63,-0.145,0.078,-0.021
5147.81,-0.147,0.075,-0.013
5147.99,-0.154,0.075,0.015
5148.18,-0.148,0.077,0.027
5148.36,-0.152,0.078,0.0
5148.54,-0.147,0.079,-0.016
5148.72,-0.148,0.081,-0.011
5148.91,-0.154,0.084,-0.04
5149.9,-0.158,0.087,-0.008
5149.27,-0.153,0.088,-0.018
5149.45,-0.14,0.087,-0.033
5149.64,-0.144,0.086,-0.005
5149.82,-0.17,0.09,-0.026
5150.0,-0.13,0.095,-0.045
5150.55,-0.166,0.101,-0.021
5150.73,-0.162,0.1,-0.018
5150.91,-0.15,0.097,-0.019
5151.9,-0.141,0.098,-0.052
5151.28,-0.144,0.099,-0.039
5151.46,-0.17,0.1,-0.057
5151.64,-0.157,0.105,-0.041
5151.82,-0.153,0.107,-0.047
5152.0,-0.161,0.108,-0.027
5152.19,-0.116,0.107,-0.01
5152.37,-0.172,0.106,0.027
5152.55,-0.157,0.105,0.025
5152.73,-0.141,0.105,0.017
5152.92,-0.123,0.107,0.045
5153.1,-0.188,0.111,0.043
5153.28,-0.147,0.11,0.065
5153.46,-0.133,0.111,0.077
5153.64,-0.159,0.108,0.094
5153.83,-0.155,0.108,0.067
5154.1,-0.128,0.109,0.077
5154.19,-0.181,0.112,0.063
5154.37,-0.152,0.112,0.078
5154.56,-0.133,0.111,0.078
5154.74,-0.179,0.112,0.069
5154.92,-0.141,0.111,0.068
5155.1,-0.174,0.111,0.049
5155.29,-0.139,0.111,0.033
5155.47,-0.156,0.108,0.049
5158.38,-0.172,0.131,0.095
5158.57,-0.156,0.129,0.097
5158.75,-0.178,0.127,0.097
5158.93,-0.134,0.127,0.096
5159.11,-0.168,0.129,0.1
5159.3,-0.152,0.127,0.093
5159.48,-0.147,0.129,0.097
5159.66,-0.146,0.133,0.089
5159.84,-0.168,0.132,0.088
5160.2,-0.147,0.134,0.101
5160.21,-0.154,0.134,0.09
5160.39,-0.136,0.133,0.075
5160.57,-0.153,0.133,0.066
5160.75,-0.163,0.131,0.072
5160.94,-0.141,0.134,0.061
5161.12,-0.147,0.135,0.074
5161.3,-0.153,0.136,0.074
5161.48,-0.155,0.137,0.068
5161.67,-0.148,0.138,0.075
5161.85,-0.143,0.138,0.1
5162.3,-0.144,0.138,0.088
5162.21,-0.155,0.137,0.103
5162.39,-0.153,0.14,0.098
5162.58,-0.158,0.141,0.099
5162.76,-0.137,0.14,0.1
5162.94,-0.148,0.143,0.108
5163.12,-0.152,0.145,0.103
5163.31,-0.155,0.144,0.11
5163.49,-0.151,0.143,0.095
5163.67,-0.144,0.146,0.108
5163.85,-0.153,0.148,0.099
5164.3,-0.153,0.147,0.089
5164.22,-0.159,0.148,0.089
5164.4,-0.158,0.147,0.078
5164.58,-0.154,0.149,0.072
5164.76,-0.158,0.152,0.075
5164.95,-0.148,0.153,0.057
5165.13,-0.156,0.152,0.072
5165.31,-0.157,0.154,0.069
5165.49,-0.161,0.156,0.101
5165.68,-0.161,0.16,0.089
5165.86,-0.135,0.161,0.081
5166.4,-0.15,0.16,0.079
5166.22,-0.148,0.162,0.086
5166.4,-0.163,0.161,0.089
5166.59,-0.153,0.159,0.102
5166.77,-0.168,0.159,0.088
5166.95,-0.161,0.161,0.09
5167.13,-0.136,0.163,0.094
5167.32,-0.147,0.162,0.087
5167.5,-0.165,0.164,0.096
5167.68,-0.144,0.164,0.08
5167.86,-0.16,0.164,0.091
5168.5,-0.135,0.166,0.079
5168.23,-0.148,0.168,0.075
5168.41,-0.163,0.171,0.072
5168.59,-0.158,0.173,0.084
5168.77,-0.165,0.178,0.108
5168.96,-0.156,0.18,0.104
5169.14,-0.141,0.181,0.096
5169.32,-0.155,0.181,0.073
5169.5,-0.172,0.181,0.102
5169.69,-0.158,0.181,0.093
5169.87,-0.144,0.18,0.1
5170.5,-0.164,0.181,0.102
5170.23,-0.129,0.183,0.106
5170.42,-0.147,0.184,0.102
5170.6,-0.151,0.186,0.085
5170.78,-0.14,0.186,0.077
5171.33,-0.162,0.186,0.067
5171.51,-0.16,0.189,0.072
5171.69,-0.163,0.191,0.066
5171.87,-0.149,0.192,0.084
5172.6,-0.158,0.193,0.078
5172.24,-0.151,0.194,0.094
5172.42,-0.179,0.199,0.083
5172.6,-0.137,0.2,0.093
5172.79,-0.264,0.2,0.106
5172.97,-0.006,0.199,0.004
5173.15,-0.289,0.199,0.096
5173.33,-0.072,0.205,0.039
5173.51,-0.194,0.201,0.066
5173.7,-0.222,0.208,0.065
5173.88,-0.066,0.214,0.119
5174.6,-0.297,0.207,0.015
5174.24,-0.114,0.211,0.042
5174.43,-0.103,0.21,0.106
5174.61,-0.148,0.211,0.068
5174.79,-0.273,0.214,0.065
5174.97,-0.061,0.212,0.103
5175.15,-0.222,0.216,0.075
5175.34,-0.0,0.21,0.126
5175.52,-0.303,0.214,0.099
5175.7,-0.055,0.21,0.119
5175.88,-0.01,0.21,0.183
5176.7,-0.299,0.212,-0.014
5176.25,-0.085,0.207,0.125
5176.43,-0.176,0.214,0.122
5176.61,-0.16,0.212,0.008
5176.8,-0.174,0.211,0.181
5176.98,-0.128,0.215,0.027
5177.16,-0.171,0.215,0.13
5177.34,-0.181,0.212,-0.012
5177.52,-0.16,0.212,0.103
5177.71,-0.183,0.209,0.017
5177.89,-0.165,0.206,0.065
5178.7,-0.255,0.208,0.048
5178.25,-0.124,0.207,0.064
5178.44,-0.196,0.207,0.028
5178.62,-0.166,0.211,0.015
5178.8,-0.164,0.211,-0.009
5178.98,-0.167,0.212,0.012
5179.53,-0.2,0.216,0.04
5179.71,-0.142,0.216,0.028
5179.89,-0.178,0.214,0.061
5180.8,-0.159,0.218,0.037
5180.26,-0.158,0.223,0.048
5180.44,-0.18,0.226,0.025
5180.62,-0.156,0.228,0.024
5180.81,-0.155,0.23,0.073
5180.99,-0.209,0.23,-0.021
5181.17,-0.13,0.233,0.121
5181.35,-0.149,0.237,0.012
5181.53,-0.259,0.237,0.124
5181.72,-0.112,0.239,0.025
5181.9,-0.195,0.237,0.084
5182.8,-0.181,0.243,0.072
5182.26,-0.154,0.241,0.067
5182.45,-0.157,0.241,0.091
5182.63,-0.179,0.242,0.047
5182.81,-0.154,0.243,0.066
5182.99,-0.169,0.244,0.007
5183.17,-0.133,0.245,0.089
5183.36,-0.172,0.244,0.028
5183.54,-0.17,0.241,0.056
5183.72,-0.139,0.242,0.048
5183.9,-0.156,0.241,0.088
5185.36,-0.107,0.303,-0.03
5185.54,-0.203,0.303,0.035
5185.73,-0.101,0.301,-0.071
5185.91,-0.196,0.305,0.002
5186.9,-0.158,0.303,-0.015
5186.27,-0.186,0.3,0.046
5186.46,-0.173,0.301,0.04
5186.64,-0.158,0.302,0.039
5186.82,-0.166,0.302,-0.007
5187.0,-0.187,0.298,0.001
5187.19,-0.142,0.302,-0.015
5187.37,-0.176,0.299,-0.027
5187.55,-0.187,0.303,-0.039
5187.73,-0.157,0.303,-0.015
5187.91,-0.174,0.302,-0.027
5188.1,-0.181,0.303,-0.016
5188.28,-0.143,0.303,-0.031
5188.46,-0.173,0.304,-0.04
5188.64,-0.174,0.306,-0.036
5188.83,-0.145,0.311,-0.039
5189.1,-0.154,0.313,-0.046
5189.19,-0.148,0.314,-0.062
5189.37,-0.175,0.317,-0.061
5189.55,-0.159,0.319,-0.075
5189.74,-0.159,0.318,-0.028
5189.92,-0.148,0.32,-0.029
5190.1,-0.165,0.321,-0.001
5190.28,-0.161,0.32,0.016
5190.47,-0.157,0.319,0.014
5190.65,-0.178,0.322,-0.005
5190.83,-0.113,0.324,-0.023
5191.1,-0.225,0.325,0.04
5191.2,-0.108,0.327,-0.002
5191.38,-0.206,0.33,-0.004
5191.56,-0.148,0.33,0.013
5191.74,-0.154,0.329,-0.003
5191.92,-0.165,0.329,-0.007
5192.11,-0.148,0.327,0.002
5192.29,-0.155,0.328,0.007
5192.47,-0.162,0.332,0.002
5192.65,-0.175,0.332,-0.019
5192.84,-0.173,0.332,0.002
5193.2,-0.141,0.333,-0.014
5193.2,-0.147,0.332,-0.006
5193.38,-0.144,0.33,-0.009
5193.56,-0.148,0.333,0.004
5193.75,-0.169,0.333,0.022
5193.93,-0.158,0.333,-0.022
5194.11,-0.117,0.335,0.052
5194.29,-0.227,0.34,-0.021
5194.48,-0.114,0.341,0.04
5194.66,-0.177,0.342,0.03
5194.84,-0.146,0.341,0.015
5195.2,-0.177,0.34,0.027
5195.21,-0.162,0.342,-0.036
5195.39,-0.169,0.34,-0.023
5195.57,-0.136,0.343,-0.003
5195.75,-0.167,0.346,-0.005
5195.93,-0.178,0.347,-0.014
5196.12,-0.139,0.35,-0.032
5196.3,-0.179,0.353,-0.016
5196.48,-0.154,0.358,-0.005
5196.66,-0.178,0.357,-0.003
5196.85,-0.149,0.358,-0.02
5197.3,-0.171,0.356,-0.051
5197.21,-0.144,0.357,-0.073
5197.39,-0.165,0.36,-0.007
5197.57,-0.122,0.361,-0.022
5197.76,-0.152,0.363,-0.015
5197.94,-0.144,0.366,0.015
5198.12,-0.138,0.367,0.022
5198.3,-0.15,0.368,-0.008
5198.49,-0.171,0.367,0.027
5198.67,-0.114,0.372,0.022
5198.85,-0.192,0.368,0.004
5199.3,-0.134,0.37,0.018
5199.22,-0.161,0.374,0.027
5199.4,-0.147,0.375,0.028
5199.58,-0.115,0.378,0.018
5199.76,-0.233,0.382,0.01
5199.94,-0.096,0.384,0.041
5200.13,-0.166,0.381,-0.002
5200.31,-0.141,0.382,-0.005
5200.49,-0.144,0.384,0.002
5200.67,-0.141,0.384,-0.0
5200.86,-0.145,0.382,-0.0
5201.4,-0.147,0.379,-0.003
5201.22,-0.161,0.38,-0.004
5201.4,-0.157,0.381,0.012
5201.58,-0.152,0.384,0.005
5201.77,-0.172,0.385,0.0
5201.95,-0.148,0.385,0.003
5202.13,-0.17,0.384,-0.01
5202.31,-0.188,0.387,0.003
5202.5,-0.128,0.39,0.008
5204.14,-0.165,0.397,-0.02
5204.32,-0.13,0.4,-0.014
5204.5,-0.16,0.404,-0.037
5204.68,-0.164,0.408,-0.023
5204.87,-0.183,0.407,-0.008
5205.5,-0.157,0.41,-0.004
5205.23,-0.17,0.408,-0.007
5205.41,-0.152,0.409,-0.016
5205.59,-0.173,0.407,0.014
5205.78,-0.18,0.407,0.008
5205.96,-0.129,0.41,-0.045
5206.14,-0.194,0.409,0.017
5206.32,-0.172,0.409,-0.053
5206.51,-0.178,0.411,-0.012
5206.69,-0.176,0.411,-0.078
5206.87,-0.149,0.412,0.013
5207.5,-0.152,0.417,-0.057
5207.24,-0.172,0.417,-0.01
5207.42,-0.15,0.419,-0.006
5207.6,-0.163,0.42,-0.065
5207.78,-0.167,0.418,-0.05
5207.96,-0.182,0.42,-0.024
5208.15,-0.169,0.421,0.015
5208.33,-0.165,0.423,-0.061
5208.51,-0.192,0.422,-0.041
5208.69,-0.159,0.42,-0.073
5208.88,-0.197,0.421,-0.079
5209.6,-0.165,0.422,-0.109
5209.24,-0.184,0.419,-0.101
5209.42,-0.16,0.42,-0.087
5209.6,-0.188,0.419,-0.085
5209.79,-0.136,0.421,-0.093
5209.97,-0.184,0.419,-0.102
5210.15,-0.168,0.422,-0.075
5210.33,-0.159,0.423,-0.018
5211.25,-0.156,0.428,-0.002
5211.43,-0.202,0.429,-0.02
5211.61,-0.156,0.433,-0.04
5211.79,-0.184,0.435,-0.048
5211.97,-0.182,0.439,-0.046
5212.16,-0.177,0.441,-0.054
5212.34,-0.174,0.442,-0.051
5212.52,-0.177,0.443,-0.049
5212.7,-0.141,0.445,-0.045
5212.89,-0.183,0.449,-0.029
5213.7,-0.168,0.453,-0.024
5213.25,-0.15,0.453,-0.042
5213.43,-0.196,0.454,-0.042
5213.61,-0.155,0.457,-0.058
5213.8,-0.166,0.458,-0.03
5213.98,-0.173,0.461,-0.004
5214.16,-0.158,0.461,-0.035
5214.34,-0.198,0.463,0.029
5215.44,-0.162,0.475,0.033
5215.62,-0.161,0.473,0.003
5215.8,-0.198,0.471,0.036
5215.98,-0.191,0.47,0.04
5216.17,-0.143,0.475,0.019
5216.35,-0.185,0.48,0.019
5216.53,-0.181,0.478,0.003
5216.71,-0.194,0.476,0.011
5216.89,-0.159,0.48,0.005
5217.8,-0.192,0.479,0.016
5217.26,-0.137,0.482,-0.001
5217.44,-0.195,0.481,-0.0
5217.62,-0.164,0.479,-0.005
5217.81,-0.184,0.482,-0.007
5217.99,-0.143,0.481,-0.003
5218.17,-0.176,0.481,-0.031
5218.35,-0.18,0.48,-0.023
5218.54,-0.18,0.48,-0.006
5218.72,-0.182,0.484,-0.023
5218.9,-0.179,0.485,-0.015
5219.8,-0.177,0.486,-0.016
5219.26,-0.169,0.487,-0.013
5219.45,-0.162,0.487,-0.016
5219.63,-0.167,0.487,-0.05
5219.81,-0.178,0.489,-0.052
5219.99,-0.168,0.491,-0.047
5220.18,-0.159,0.492,-0.062
5220.36,-0.195,0.494,-0.095
5220.54,-0.17,0.497,-0.118
5220.72,-0.158,0.501,-0.107
5220.9,-0.191,0.503,-0.089
5221.9,-0.17,0.505,-0.077
5221.27,-0.171,0.503,-0.04
5221.45,-0.172,0.504,-0.004
5221.63,-0.152,0.504,-0.0
5221.82,-0.177,0.502,0.002
5222.0,-0.17,0.503,-0.001
5222.18,-0.176,0.504,0.002
5222.36,-0.156,0.503,-0.003
5222.55,-0.19,0.503,-0.034
5222.73,-0.172,0.502,0.004
5222.91,-0.149,0.503,-0.016
5223.9,-0.173,0.503,-0.016
5223.27,-0.188,0.5,-0.008
5223.46,-0.133,0.5,-0.012
5223.64,-0.209,0.5,0.001
5223.82,-0.144,0.501,-0.01
5226.74,-0.173,0.518,-0.083
5226.92,-0.179,0.519,-0.007
5227.1,-0.161,0.52,-0.02
5227.28,-0.155,0.521,-0.002
5227.47,-0.174,0.52,-0.004
5227.65,-0.159,0.519,0.006
5227.83,-0.169,0.519,0.025
5228.1,-0.159,0.52,0.02
5228.2,-0.177,0.52,0.02
5228.38,-0.171,0.522,0.004
5228.56,-0.169,0.525,0.001
5228.74,-0.181,0.526,-0.001
5228.92,-0.157,0.53,0.0
5229.11,-0.156,0.529,-0.009
5229.29,-0.184,0.528,-0.037
5229.47,-0.149,0.526,0.0
5229.84,-0.15,0.53,-0.003
5230.2,-0.189,0.527,0.012
5230.2,-0.145,0.526,-0.031
5230.38,-0.174,0.526,0.003
5230.57,-0.173,0.526,0.021
5230.75,-0.154,0.525,-0.012
5230.93,-0.171,0.525,0.014
5231.11,-0.202,0.524,-0.01
5231.29,-0.147,0.524,-0.009
5231.48,-0.215,0.524,-0.016
5231.66,-0.162,0.526,-0.024
5231.84,-0.191,0.525,-0.033
5232.2,-0.174,0.528,-0.041
5232.21,-0.173,0.529,0.031
5232.39,-0.174,0.534,-0.04
5232.57,-0.175,0.535,0.021
5232.75,-0.158,0.539,-0.019
5232.94,-0.165,0.535,0.008
5233.12,-0.163,0.536,0.001
5233.3,-0.16,0.538,0.024
5233.48,-0.166,0.541,-0.045
5233.66,-0.165,0.538,0.011
5233.85,-0.171,0.54,0.0
5234.3,-0.161,0.537,-0.016
5234.21,-0.18,0.536,0.039
5234.39,-0.17,0.537,0.022
5234.58,-0.183,0.538,0.003
5234.76,-0.154,0.541,0.004
5234.94,-0.199,0.542,-0.044
5235.12,-0.19,0.543,-0.011
5235.31,-0.148,0.546,-0.056
5235.49,-0.195,0.55,-0.069
5235.67,-0.154,0.553,-0.018
5235.85,-0.199,0.554,0.016
5236.4,-0.177,0.558,-0.039
5236.58,-0.182,0.56,-0.022
5236.76,-0.184,0.564,-0.05
5236.95,-0.178,0.566,-0.037
5237.13,-0.175,0.569,-0.093
5237.31,-0.168,0.567,-0.088
5237.49,-0.171,0.565,-0.124
5237.68,-0.17,0.564,-0.104
5237.86,-0.191,0.567,-0.09
5238.4,-0.167,0.567,-0.109
5238.22,-0.18,0.568,-0.086
5245.33,-0.169,0.607,-0.038
5245.51,-0.17,0.608,-0.048
5245.7,-0.185,0.609,-0.034
5245.88,-0.175,0.612,-0.029
5246.6,-0.18,0.616,-0.048
5246.24,-0.186,0.615,-0.071
5246.43,-0.189,0.617,-0.039
5246.61,-0.177,0.619,-0.022
5246.79,-0.179,0.622,-0.024
5246.97,-0.171,0.626,-0.028
5247.16,-0.167,0.629,0.002
5247.34,-0.16,0.63,-0.019
5247.52,-0.178,0.632,-0.014
5247.7,-0.154,0.632,0.009
5248.43,-0.159,0.637,0.003
5248.61,-0.174,0.64,-0.006
5248.8,-0.157,0.646,-0.009
5248.98,-0.167,0.646,-0.0
5249.16,-0.236,0.649,0.011
5249.34,-0.118,0.651,-0.008
5249.52,-0.204,0.653,0.005
5249.71,-0.15,0.656,-0.043
5249.89,-0.21,0.655,0.004
5250.7,-0.121,0.658,-0.002
5250.25,-0.206,0.657,-0.008
5258.9,-0.184,0.71,-0.013
5258.27,-0.175,0.709,-0.036
5258.46,-0.163,0.714,-0.011
5258.64,-0.177,0.714,-0.006
5258.82,-0.148,0.715,-0.007
5259.0,-0.178,0.716,0.002
5259.19,-0.162,0.719,-0.018
5259.37,-0.196,0.721,-0.007
5259.55,-0.131,0.722,-0.048
5259.73,-0.2,0.721,-0.007
5259.92,-0.162,0.725,-0.037
5260.1,-0.169,0.724,-0.048
5260.28,-0.176,0.723,-0.04
5260.46,-0.15,0.725,-0.043
5260.64,-0.201,0.727,-0.051
5260.83,-0.141,0.733,-0.008
5261.1,-0.201,0.733,-0.03
5261.19,-0.161,0.734,-0.03
5261.37,-0.167,0.734,-0.066
5261.56,-0.181,0.734,-0.078
5261.74,-0.19,0.73,-0.069
5261.92,-0.156,0.733,-0.125
5262.1,-0.226,0.733,-0.112
5262.29,-0.156,0.734,-0.13
5262.47,-0.197,0.736,-0.143
5262.65,-0.176,0.74,-0.158
5262.83,-0.177,0.742,-0.124
5263.1,-0.183,0.743,0.002
5263.2,-0.155,0.745,-0.008
5263.38,-0.178,0.744,-0.06
5263.56,-0.181,0.746,-0.015
5263.74,-0.159,0.745,-0.013
5263.93,-0.171,0.745,0.036
5264.11,-0.165,0.746,-0.116
5264.29,-0.172,0.747,-0.163
5264.47,-0.176,0.749,-0.052
5264.66,-0.159,0.751,-0.024
5264.84,-0.187,0.75,0.028
5265.75,-0.16,0.763,-0.144
5265.93,-0.184,0.766,-0.08
5266.11,-0.163,0.768,-0.134
5266.3,-0.165,0.77,-0.189
5266.48,-0.187,0.77,-0.202
5266.66,-0.178,0.771,-0.139
5266.84,-0.166,0.776,-0.152
5267.2,-0.166,0.78,-0.106
5267.21,-0.175,0.779,-0.073
5267.39,-0.143,0.784,-0.101
5273.59,-0.171,0.827,-0.002
5273.77,-0.165,0.828,-0.017
5273.95,-0.203,0.827,0.001
5274.13,-0.158,0.83,-0.015
5274.32,-0.179,0.831,-0.003
5274.5,-0.162,0.831,-0.041
5274.68,-0.186,0.832,0.014
5274.86,-0.143,0.833,-0.01
5275.5,-0.174,0.833,-0.02
5275.23,-0.17,0.835,-0.038
5275.41,-0.179,0.838,-0.046
5275.59,-0.159,0.842,-0.024
5275.77,-0.182,0.845,-0.014
5275.96,-0.145,0.851,-0.038
5276.14,-0.209,0.849,-0.038
5276.32,-0.169,0.85,-0.042
5276.5,-0.167,0.853,-0.03
5276.69,-0.156,0.855,-0.038
5281.79,-0.156,0.884,-0.043
5281.97,-0.193,0.887,-0.079
5282.16,-0.17,0.891,-0.059
5282.34,-0.182,0.892,-0.077
5282.52,-0.186,0.893,-0.042
5282.7,-0.166,0.893,-0.065
5282.88,-0.181,0.894,-0.05
5283.7,-0.175,0.895,-0.057
5283.25,-0.15,0.896,-0.051
5283.43,-0.186,0.901,-0.095
5283.61,-0.198,0.901,-0.037
5291.82,-0.16,0.945,-0.036
5292.0,-0.192,0.945,-0.007
5292.18,-0.165,0.945,-0.025
5292.36,-0.172,0.946,-0.024
5292.55,-0.165,0.95,-0.044
5292.73,-0.162,0.951,-0.058
5292.91,-0.158,0.95,-0.062
5293.9,-0.159,0.953,-0.013
5293.28,-0.131,0.955,-0.043
5293.46,-0.178,0.956,-0.018
5293.64,-0.172,0.957,-0.016
5293.82,-0.168,0.962,-0.005
5294.0,-0.183,0.96,0.002
5294.19,-0.163,0.962,-0.011
5294.37,-0.15,0.959,-0.001
5294.55,-0.161,0.956,0.008
5294.73,-0.177,0.956,0.012
5297.83,-0.166,0.973,-0.093
5298.2,-0.184,0.972,-0.071
5298.2,-0.17,0.973,-0.125
5298.38,-0.198,0.977,-0.095
5298.56,-0.159,0.978,-0.059
5298.74,-0.177,0.977,-0.029
5298.93,-0.15,0.978,-0.003
5299.11,-0.183,0.978,0.035
5299.29,-0.172,0.978,-0.01
5299.47,-0.195,0.979,-0.014
5299.66,-0.166,0.978,-0.066
5299.84,-0.18,0.978,-0.091
5300.2,-0.186,0.978,-0.147
5300.2,-0.15,0.978,-0.141
5300.39,-0.175,0.98,-0.094
5300.57,-0.156,0.981,-0.16
5300.75,-0.173,0.981,-0.107
5300.93,-0.148,0.985,-0.098
5301.11,-0.169,0.988,-0.086
5301.3,-0.148,0.984,-0.075
5301.48,-0.166,0.983,-0.09
5306.4,-0.139,1.023,-0.108
5306.22,-0.148,1.029,-0.103
5306.4,-0.211,1.026,-0.164
5306.58,-0.145,1.025,-0.083
5306.77,-0.152,1.028,-0.147
5306.95,-0.156,1.032,-0.178
5307.13,-0.162,1.034,-0.173
5307.31,-0.168,1.036,-0.191
5307.49,-0.183,1.04,-0.147
5307.68,-0.168,1.041,-0.176
5307.86,-0.175,1.044,-0.157
5317.16,-0.153,1.102,-0.035
5317.34,-0.195,1.101,-0.042
5317.52,-0.138,1.101,-0.05
5317.7,-0.206,1.101,-0.074
5317.89,-0.186,1.104,-0.051
5318.7,-0.149,1.107,-0.071
5318.25,-0.177,1.106,-0.103
5318.43,-0.169,1.107,-0.137
5318.62,-0.171,1.107,-0.14
5318.8,-0.181,1.107,-0.164
5318.98,-0.154,1.106,-0.199
5327.55,-0.166,1.163,-0.022
5327.73,-0.174,1.164,-0.017
5327.91,-0.17,1.165,-0.012
5328.1,-0.136,1.166,-0.001
5328.28,-0.177,1.166,-0.023
5328.46,-0.184,1.169,-0.017
5328.64,-0.144,1.171,-0.048
5328.83,-0.188,1.173,-0.012
5329.1,-0.196,1.173,-0.03
5329.19,-0.165,1.171,0.003
5329.37,-0.167,1.172,-0.03
5339.4,-0.185,1.205,-0.102
5339.22,-0.142,1.208,-0.087
5339.4,-0.204,1.209,-0.103
5339.58,-0.163,1.216,-0.105
5339.76,-0.165,1.222,-0.093
5339.95,-0.149,1.224,-0.081
5340.13,-0.179,1.223,-0.103
5340.31,-0.145,1.226,-0.162
5340.49,-0.182,1.228,-0.096
5340.68,-0.172,1.231,-0.124
5347.42,-0.172,1.259,-0.022
5347.6,-0.16,1.258,-0.045
5347.79,-0.158,1.258,-0.005
5347.97,-0.161,1.258,0.042
5348.15,-0.15,1.258,-0.025
5348.33,-0.16,1.258,0.031
5348.52,-0.141,1.263,0.026
5348.7,-0.177,1.265,-0.001
5348.88,-0.16,1.265,0.032
5349.6,-0.147,1.269,0.026
5349.24,-0.205,1.27,-0.009
5355.99,-0.12,1.298,-0.01
5356.17,-0.242,1.291,-0.109
5356.35,-0.131,1.293,0.154
5356.54,-0.152,1.293,-0.047
5356.72,-0.193,1.288,-0.056
5356.9,-0.172,1.288,0.009
5357.8,-0.182,1.287,-0.048
5357.27,-0.187,1.288,0.109
5357.45,-0.138,1.289,-0.084
5357.63,-0.23,1.288,0.044
5357.81,-0.106,1.292,-0.081
5364.92,-0.091,1.306,0.134
5365.1,-0.18,1.313,-0.045
5365.29,-0.196,1.304,0.018
5365.47,-0.125,1.313,0.029
5365.65,-0.201,1.312,-0.021
5365.83,-0.148,1.315,-0.007
5366.2,-0.201,1.314,-0.054
5366.2,-0.156,1.315,0.013
5366.38,-0.174,1.318,0.007
5366.56,-0.168,1.319,0.011
5370.21,-0.17,1.336,0.009
5370.39,-0.19,1.34,0.025
5370.57,-0.144,1.343,-0.008
5370.76,-0.205,1.342,0.056
5370.94,-0.136,1.344,-0.026
5371.12,-0.228,1.344,0.029
5371.3,-0.139,1.35,-0.01
5371.49,-0.202,1.351,-0.003
5371.67,-0.155,1.352,0.028
5371.85,-0.221,1.351,-0.01
5372.3,-0.15,1.352,-0.03
5372.21,-0.17,1.352,-0.0
5372.4,-0.171,1.354,-0.013
5372.58,-0.169,1.357,-0.025
5372.76,-0.206,1.356,-0.022
5372.94,-0.144,1.359,-0.007
5373.13,-0.205,1.363,-0.013
5373.31,-0.169,1.36,-0.018
5373.49,-0.18,1.358,-0.004
5373.67,-0.177,1.357,-0.005
5373.86,-0.17,1.359,-0.002
5374.4,-0.18,1.357,-0.018
5374.22,-0.176,1.356,-0.023
5377.5,-0.152,1.371,-0.01
5377.68,-0.197,1.371,-0.007
5377.87,-0.168,1.373,0.003
5378.5,-0.181,1.37,-0.021
5378.23,-0.179,1.371,0.018
5378.41,-0.145,1.369,-0.038
5378.6,-0.204,1.368,0.008
5378.78,-0.154,1.374,0.033
5378.96,-0.141,1.377,-0.092
5379.14,-0.239,1.373,0.058
5386.25,-0.126,1.401,-0.035
5386.43,-0.197,1.398,-0.045
