timestamp,qx,qy,qz,qw
117.6,-0.091,0.041,0.015,0.994
117.78,-0.091,0.041,0.015,0.994
117.96,-0.091,0.041,0.015,0.994
118.15,-0.091,0.041,0.015,0.994
118.33,-0.091,0.041,0.015,0.994
118.51,-0.091,0.041,0.015,0.994
118.69,-0.091,0.041,0.015,0.994
118.88,-0.091,0.041,0.015,0.994
119.6,-0.091,0.041,0.015,0.994
119.24,-0.091,0.041,0.015,0.994
122.7,-0.091,0.041,0.015,0.994
122.88,-0.091,0.041,0.015,0.994
123.7,-0.091,0.041,0.015,0.994
123.25,-0.091,0.041,0.015,0.994
123.43,-0.091,0.041,0.015,0.994
123.61,-0.091,0.041,0.015,0.994
123.8,-0.091,0.041,0.015,0.994
123.98,-0.091,0.041,0.015,0.994
124.16,-0.091,0.041,0.015,0.994
124.34,-0.091,0.041,0.015,0.994
124.53,-0.091,0.041,0.015,0.994
124.71,-0.091,0.041,0.015,0.994
124.89,-0.091,0.041,0.015,0.994
125.7,-0.091,0.041,0.015,0.994
125.25,-0.091,0.041,0.015,0.994
125.44,-0.091,0.041,0.015,0.994
125.62,-0.091,0.041,0.015,0.994
125.8,-0.091,0.041,0.015,0.994
125.98,-0.091,0.041,0.015,0.994
130.91,-0.091,0.041,0.015,0.994
131.9,-0.091,0.041,0.015,0.994
131.27,-0.091,0.041,0.015,0.994
131.45,-0.091,0.041,0.015,0.994
131.63,-0.091,0.041,0.015,0.994
131.82,-0.091,0.041,0.015,0.994
132.0,-0.091,0.041,0.015,0.994
132.18,-0.091,0.041,0.015,0.994
132.36,-0.091,0.041,0.015,0.994
132.55,-0.091,0.041,0.015,0.994
132.73,-0.091,0.041,0.015,0.994
132.91,-0.091,0.041,0.015,0.994
133.9,-0.091,0.041,0.015,0.994
133.27,-0.091,0.041,0.015,0.994
133.46,-0.091,0.041,0.015,0.994
133.64,-0.091,0.041,0.015,0.994
133.82,-0.091,0.041,0.015,0.994
134.0,-0.091,0.041,0.015,0.994
134.19,-0.091,0.041,0.015,0.994
134.37,-0.091,0.041,0.015,0.994
134.55,-0.091,0.041,0.015,0.994
134.73,-0.091,0.041,0.015,0.994
134.92,-0.091,0.041,0.015,0.994
135.1,-0.091,0.041,0.015,0.994
135.28,-0.091,0.041,0.015,0.994
135.46,-0.091,0.041,0.015,0.994
135.64,-0.091,0.041,0.015,0.994
135.83,-0.091,0.041,0.015,0.994
136.1,-0.091,0.041,0.015,0.994
136.19,-0.091,0.041,0.015,0.994
136.37,-0.091,0.041,0.015,0.994
136.56,-0.091,0.041,0.015,0.994
136.74,-0.091,0.041,0.015,0.994
136.92,-0.091,0.041,0.015,0.994
141.11,-0.091,0.041,0.015,0.994
141.3,-0.091,0.041,0.015,0.994
141.48,-0.091,0.041,0.015,0.994
141.66,-0.091,0.041,0.015,0.994
141.84,-0.091,0.041,0.015,0.994
142.2,-0.091,0.041,0.015,0.994
142.21,-0.091,0.041,0.015,0.994
142.39,-0.091,0.041,0.015,0.994
142.57,-0.091,0.041,0.015,0.994
142.75,-0.091,0.041,0.015,0.994
142.94,-0.091,0.041,0.015,0.994
143.12,-0.091,0.041,0.015,0.994
143.3,-0.091,0.041,0.015,0.994
143.48,-0.091,0.041,0.015,0.994
143.66,-0.091,0.041,0.015,0.994
143.85,-0.091,0.041,0.015,0.994
144.3,-0.091,0.041,0.015,0.994
144.21,-0.091,0.041,0.015,0.994
144.39,-0.091,0.041,0.015,0.994
144.58,-0.091,0.041,0.015,0.994
147.49,-0.091,0.041,0.015,0.994
147.68,-0.091,0.041,0.015,0.994
147.86,-0.091,0.041,0.015,0.994
148.4,-0.091,0.041,0.015,0.994
148.22,-0.091,0.041,0.015,0.994
148.4,-0.091,0.041,0.015,0.994
148.59,-0.091,0.041,0.015,0.994
148.77,-0.091,0.041,0.015,0.994
148.95,-0.091,0.041,0.015,0.994
149.13,-0.091,0.041,0.015,0.994
149.32,-0.091,0.041,0.015,0.994
149.5,-0.091,0.041,0.015,0.994
149.68,-0.091,0.041,0.015,0.994
149.86,-0.091,0.041,0.015,0.994
150.4,-0.091,0.041,0.015,0.994
150.23,-0.091,0.041,0.015,0.994
150.41,-0.091,0.041,0.015,0.994
150.59,-0.091,0.041,0.015,0.994
150.77,-0.091,0.041,0.015,0.994
150.96,-0.091,0.041,0.015,0.994
151.14,-0.091,0.041,0.015,0.994
151.32,-0.091,0.041,0.015,0.994
151.5,-0.091,0.041,0.015,0.994
151.69,-0.091,0.041,0.015,0.994
151.87,-0.091,0.041,0.015,0.994
152.5,-0.091,0.041,0.015,0.994
152.23,-0.092,0.041,0.015,0.994
152.41,-0.092,0.041,0.015,0.994
152.6,-0.092,0.041,0.015,0.994
152.78,-0.092,0.041,0.015,0.994
152.96,-0.092,0.041,0.015,0.994
153.14,-0.092,0.041,0.015,0.994
153.33,-0.092,0.041,0.015,0.994
153.51,-0.092,0.041,0.015,0.994
153.69,-0.092,0.041,0.015,0.994
153.87,-0.092,0.041,0.015,0.994
154.6,-0.091,0.041,0.015,0.994
154.24,-0.091,0.041,0.015,0.994
154.42,-0.091,0.041,0.015,0.994
154.6,-0.091,0.041,0.015,0.994
154.78,-0.091,0.041,0.015,0.994
154.97,-0.091,0.041,0.015,0.994
155.15,-0.091,0.041,0.015,0.994
155.33,-0.091,0.041,0.015,0.994
155.51,-0.091,0.041,0.015,0.994
155.7,-0.092,0.041,0.015,0.994
155.88,-0.092,0.041,0.015,0.994
156.6,-0.091,0.041,0.015,0.994
156.24,-0.092,0.041,0.015,0.994
156.43,-0.091,0.041,0.015,0.994
156.61,-0.091,0.041,0.015,0.994
156.79,-0.091,0.041,0.015,0.994
156.97,-0.091,0.041,0.015,0.994
157.15,-0.091,0.041,0.015,0.994
157.34,-0.091,0.041,0.015,0.994
157.52,-0.091,0.041,0.015,0.994
157.7,-0.091,0.041,0.015,0.994
157.88,-0.092,0.041,0.015,0.994
158.7,-0.092,0.041,0.015,0.994
158.25,-0.092,0.041,0.015,0.994
158.43,-0.092,0.041,0.015,0.994
158.61,-0.092,0.041,0.015,0.994
158.79,-0.092,0.041,0.015,0.994
158.98,-0.092,0.041,0.015,0.994
159.16,-0.092,0.041,0.015,0.994
159.34,-0.092,0.041,0.015,0.994
159.52,-0.092,0.041,0.015,0.994
159.71,-0.091,0.041,0.015,0.994
166.63,-0.092,0.041,0.015,0.994
166.82,-0.092,0.041,0.015,0.994
167.0,-0.092,0.041,0.015,0.994
167.18,-0.092,0.041,0.015,0.994
167.36,-0.092,0.041,0.015,0.994
167.54,-0.092,0.041,0.015,0.994
167.73,-0.092,0.041,0.015,0.994
167.91,-0.092,0.041,0.015,0.994
168.9,-0.092,0.041,0.015,0.994
168.27,-0.092,0.041,0.015,0.994
168.46,-0.092,0.041,0.015,0.994
168.64,-0.092,0.041,0.015,0.994
168.82,-0.092,0.041,0.015,0.994
169.0,-0.092,0.041,0.015,0.994
169.19,-0.092,0.041,0.015,0.994
169.37,-0.092,0.041,0.015,0.994
169.55,-0.092,0.041,0.015,0.994
169.73,-0.091,0.041,0.015,0.994
169.91,-0.091,0.041,0.015,0.994
170.1,-0.092,0.041,0.015,0.994
170.28,-0.092,0.041,0.015,0.994
170.46,-0.092,0.041,0.015,0.994
170.64,-0.092,0.041,0.015,0.994
170.83,-0.092,0.041,0.015,0.994
171.1,-0.092,0.041,0.015,0.994
171.19,-0.092,0.041,0.015,0.994
171.37,-0.092,0.041,0.015,0.994
171.56,-0.092,0.041,0.015,0.994
171.74,-0.092,0.041,0.015,0.994
171.92,-0.092,0.041,0.015,0.994
172.1,-0.092,0.041,0.015,0.994
172.28,-0.091,0.041,0.015,0.994
172.47,-0.092,0.04,0.015,0.994
172.65,-0.092,0.041,0.015,0.994
172.83,-0.092,0.041,0.015,0.994
173.1,-0.092,0.041,0.015,0.994
173.2,-0.092,0.041,0.015,0.994
173.38,-0.092,0.041,0.015,0.994
173.56,-0.092,0.041,0.015,0.994
173.74,-0.092,0.041,0.015,0.994
173.92,-0.092,0.041,0.015,0.994
174.11,-0.092,0.041,0.015,0.994
174.29,-0.092,0.041,0.015,0.994
174.47,-0.092,0.041,0.015,0.994
174.65,-0.092,0.041,0.015,0.994
174.84,-0.092,0.041,0.015,0.994
175.2,-0.091,0.041,0.015,0.994
175.2,-0.091,0.041,0.015,0.994
175.38,-0.091,0.041,0.015,0.994
175.57,-0.091,0.041,0.015,0.994
175.75,-0.091,0.041,0.015,0.994
175.93,-0.091,0.041,0.015,0.994
176.11,-0.091,0.041,0.015,0.994
176.29,-0.09,0.041,0.015,0.994
176.48,-0.09,0.041,0.015,0.994
176.66,-0.091,0.041,0.015,0.994
176.84,-0.091,0.041,0.015,0.994
177.2,-0.091,0.041,0.015,0.994
177.21,-0.091,0.041,0.015,0.994
177.39,-0.091,0.041,0.015,0.994
177.57,-0.091,0.041,0.015,0.994
177.75,-0.091,0.041,0.015,0.994
177.94,-0.091,0.041,0.015,0.994
178.12,-0.091,0.041,0.015,0.994
178.3,-0.091,0.041,0.015,0.994
178.48,-0.091,0.041,0.015,0.994
178.66,-0.091,0.041,0.015,0.994
178.85,-0.092,0.041,0.015,0.994
179.3,-0.092,0.041,0.015,0.994
179.21,-0.091,0.041,0.015,0.994
179.39,-0.091,0.041,0.015,0.994
179.58,-0.091,0.041,0.015,0.994
179.76,-0.091,0.041,0.015,0.994
179.94,-0.091,0.041,0.015,0.994
180.12,-0.091,0.041,0.015,0.994
180.31,-0.091,0.041,0.015,0.994
180.49,-0.091,0.041,0.015,0.994
180.67,-0.091,0.041,0.015,0.994
180.85,-0.091,0.041,0.015,0.994
181.3,-0.091,0.041,0.015,0.994
181.22,-0.092,0.041,0.015,0.994
181.4,-0.092,0.041,0.015,0.994
181.58,-0.092,0.041,0.015,0.994
181.76,-0.092,0.041,0.015,0.994
181.95,-0.092,0.041,0.015,0.994
182.13,-0.092,0.041,0.015,0.994
182.31,-0.092,0.041,0.015,0.994
182.49,-0.092,0.041,0.015,0.994
182.68,-0.092,0.041,0.015,0.994
182.86,-0.092,0.041,0.015,0.994
183.4,-0.092,0.041,0.015,0.994
183.22,-0.092,0.041,0.015,0.994
183.4,-0.092,0.041,0.015,0.994
183.59,-0.092,0.041,0.015,0.994
183.77,-0.092,0.041,0.015,0.994
183.95,-0.092,0.041,0.015,0.994
184.13,-0.092,0.041,0.015,0.994
184.32,-0.092,0.041,0.015,0.994
184.5,-0.092,0.041,0.015,0.994
184.68,-0.092,0.041,0.015,0.994
184.86,-0.092,0.041,0.015,0.994
185.5,-0.091,0.041,0.015,0.994
185.23,-0.091,0.041,0.015,0.994
185.41,-0.091,0.041,0.015,0.994
185.59,-0.091,0.041,0.015,0.994
185.77,-0.091,0.041,0.015,0.994
185.96,-0.091,0.041,0.015,0.994
186.14,-0.091,0.041,0.015,0.994
186.32,-0.091,0.041,0.015,0.994
186.5,-0.091,0.041,0.015,0.994
186.69,-0.091,0.041,0.015,0.994
186.87,-0.091,0.041,0.015,0.994
187.5,-0.091,0.041,0.015,0.994
187.23,-0.091,0.041,0.015,0.994
187.42,-0.091,0.041,0.015,0.994
187.6,-0.091,0.041,0.015,0.994
187.78,-0.091,0.041,0.015,0.994
187.96,-0.091,0.041,0.015,0.994
188.14,-0.091,0.041,0.015,0.994
188.33,-0.091,0.041,0.015,0.994
188.51,-0.091,0.041,0.015,0.994
188.69,-0.091,0.041,0.015,0.994
188.87,-0.091,0.041,0.015,0.994
189.6,-0.091,0.041,0.015,0.994
189.24,-0.091,0.041,0.015,0.994
189.42,-0.091,0.041,0.015,0.994
189.6,-0.091,0.041,0.015,0.994
189.79,-0.091,0.041,0.015,0.994
189.97,-0.091,0.041,0.015,0.994
190.15,-0.091,0.041,0.015,0.994
190.33,-0.091,0.041,0.015,0.994
190.51,-0.091,0.041,0.015,0.994
190.7,-0.091,0.041,0.015,0.994
190.88,-0.091,0.041,0.015,0.994
191.6,-0.091,0.041,0.015,0.994
191.24,-0.091,0.041,0.015,0.994
191.43,-0.091,0.041,0.015,0.994
191.61,-0.091,0.041,0.015,0.994
191.79,-0.091,0.041,0.015,0.994
191.97,-0.091,0.041,0.015,0.994
192.15,-0.091,0.041,0.015,0.994
192.34,-0.091,0.041,0.015,0.994
192.52,-0.091,0.041,0.015,0.994
192.7,-0.091,0.041,0.015,0.994
192.88,-0.091,0.041,0.015,0.994
193.7,-0.091,0.041,0.015,0.994
193.25,-0.091,0.041,0.015,0.994
193.43,-0.091,0.041,0.015,0.994
193.61,-0.091,0.041,0.015,0.994
193.8,-0.091,0.041,0.015,0.994
193.98,-0.091,0.041,0.015,0.994
194.16,-0.091,0.041,0.015,0.994
194.34,-0.091,0.041,0.015,0.994
194.52,-0.091,0.041,0.015,0.994
194.71,-0.091,0.041,0.015,0.994
194.89,-0.091,0.041,0.015,0.994
195.7,-0.091,0.041,0.015,0.994
195.25,-0.091,0.041,0.015,0.994
195.44,-0.091,0.041,0.015,0.994
195.62,-0.092,0.041,0.015,0.994
195.8,-0.092,0.041,0.015,0.994
195.98,-0.092,0.041,0.015,0.994
196.17,-0.092,0.041,0.015,0.994
196.35,-0.092,0.041,0.015,0.994
196.53,-0.092,0.041,0.016,0.994
196.71,-0.092,0.041,0.016,0.994
196.89,-0.092,0.041,0.016,0.994
197.8,-0.092,0.041,0.015,0.994
197.26,-0.092,0.041,0.016,0.994
197.44,-0.092,0.041,0.016,0.994
197.62,-0.091,0.041,0.016,0.994
197.81,-0.091,0.041,0.016,0.994
197.99,-0.091,0.041,0.016,0.994
198.17,-0.091,0.041,0.016,0.994
198.35,-0.091,0.041,0.016,0.994
198.54,-0.091,0.041,0.016,0.994
198.72,-0.091,0.041,0.016,0.994
198.9,-0.091,0.041,0.016,0.994
199.8,-0.091,0.041,0.016,0.994
199.26,-0.091,0.041,0.016,0.994
199.45,-0.091,0.041,0.016,0.994
199.63,-0.091,0.041,0.016,0.994
199.81,-0.091,0.041,0.016,0.994
199.99,-0.091,0.041,0.016,0.994
200.18,-0.091,0.041,0.016,0.994
200.36,-0.092,0.041,0.016,0.994
200.54,-0.092,0.041,0.016,0.994
200.72,-0.092,0.041,0.016,0.994
203.28,-0.092,0.041,0.015,0.994
203.46,-0.092,0.041,0.015,0.994
203.64,-0.092,0.041,0.015,0.994
203.82,-0.092,0.041,0.015,0.994
204.0,-0.092,0.041,0.015,0.994
204.19,-0.092,0.041,0.015,0.994
204.37,-0.092,0.041,0.015,0.994
204.55,-0.091,0.041,0.015,0.994
204.73,-0.091,0.041,0.015,0.994
204.92,-0.091,0.041,0.015,0.994
205.1,-0.091,0.041,0.015,0.994
205.28,-0.091,0.041,0.015,0.994
205.46,-0.091,0.041,0.015,0.994
205.65,-0.091,0.041,0.015,0.994
205.83,-0.091,0.041,0.015,0.994
206.1,-0.091,0.041,0.015,0.994
206.19,-0.091,0.041,0.015,0.994
206.37,-0.091,0.041,0.015,0.994
206.56,-0.091,0.041,0.015,0.994
206.74,-0.091,0.041,0.015,0.994
206.92,-0.091,0.041,0.015,0.994
207.1,-0.091,0.041,0.015,0.994
207.29,-0.091,0.041,0.015,0.994
207.47,-0.091,0.041,0.015,0.994
207.65,-0.091,0.041,0.015,0.994
207.83,-0.091,0.041,0.015,0.994
208.1,-0.091,0.041,0.015,0.994
208.2,-0.091,0.041,0.015,0.994
208.38,-0.091,0.041,0.015,0.994
208.56,-0.091,0.041,0.015,0.994
208.74,-0.091,0.041,0.015,0.994
208.93,-0.091,0.041,0.015,0.994
209.11,-0.091,0.041,0.015,0.994
209.29,-0.091,0.041,0.015,0.994
209.47,-0.091,0.041,0.015,0.994
209.66,-0.091,0.041,0.015,0.994
209.84,-0.091,0.041,0.015,0.994
210.2,-0.091,0.041,0.015,0.994
210.2,-0.091,0.041,0.015,0.994
210.38,-0.091,0.041,0.015,0.994
210.57,-0.091,0.041,0.015,0.994
210.75,-0.091,0.041,0.015,0.994
210.93,-0.091,0.041,0.015,0.994
211.11,-0.091,0.041,0.015,0.994
211.3,-0.091,0.041,0.015,0.994
211.48,-0.091,0.041,0.016,0.994
211.66,-0.091,0.041,0.016,0.994
211.84,-0.091,0.041,0.016,0.994
212.3,-0.091,0.041,0.016,0.994
212.21,-0.091,0.041,0.016,0.994
212.39,-0.091,0.041,0.016,0.994
212.57,-0.091,0.041,0.016,0.994
212.76,-0.092,0.041,0.016,0.994
212.94,-0.091,0.041,0.016,0.994
213.12,-0.091,0.041,0.016,0.994
213.3,-0.091,0.041,0.016,0.994
213.48,-0.091,0.041,0.016,0.994
213.67,-0.091,0.041,0.016,0.994
213.85,-0.091,0.041,0.016,0.994
214.3,-0.091,0.041,0.016,0.994
214.21,-0.091,0.041,0.016,0.994
214.4,-0.091,0.041,0.016,0.994
214.58,-0.091,0.041,0.016,0.994
214.76,-0.091,0.041,0.016,0.994
214.94,-0.091,0.041,0.016,0.994
215.13,-0.091,0.041,0.016,0.994
215.31,-0.091,0.041,0.016,0.994
215.49,-0.092,0.041,0.016,0.994
215.67,-0.091,0.041,0.016,0.994
215.85,-0.091,0.041,0.016,0.994
216.4,-0.091,0.041,0.016,0.994
216.22,-0.092,0.041,0.016,0.994
216.4,-0.092,0.041,0.016,0.994
216.58,-0.092,0.041,0.016,0.994
216.77,-0.092,0.041,0.016,0.994
216.95,-0.092,0.041,0.016,0.994
217.13,-0.092,0.041,0.016,0.994
217.31,-0.091,0.041,0.016,0.994
217.5,-0.091,0.041,0.016,0.994
217.68,-0.091,0.041,0.016,0.994
217.86,-0.091,0.041,0.016,0.994
218.4,-0.091,0.041,0.016,0.994
218.23,-0.091,0.041,0.016,0.994
218.41,-0.091,0.041,0.016,0.994
218.59,-0.091,0.041,0.016,0.994
218.77,-0.091,0.041,0.016,0.994
218.95,-0.092,0.041,0.016,0.994
219.14,-0.092,0.041,0.016,0.994
219.32,-0.092,0.041,0.016,0.994
219.5,-0.092,0.041,0.016,0.994
219.68,-0.092,0.041,0.016,0.994
219.87,-0.092,0.041,0.016,0.994
220.5,-0.092,0.041,0.016,0.994
220.23,-0.092,0.041,0.016,0.994
220.41,-0.092,0.041,0.016,0.994
220.6,-0.092,0.041,0.016,0.994
220.78,-0.091,0.041,0.016,0.994
220.96,-0.091,0.041,0.016,0.994
221.14,-0.091,0.041,0.016,0.994
221.32,-0.091,0.041,0.016,0.994
221.51,-0.091,0.041,0.016,0.994
221.69,-0.091,0.041,0.016,0.994
221.87,-0.091,0.041,0.016,0.994
222.5,-0.091,0.041,0.016,0.994
222.24,-0.091,0.041,0.016,0.994
222.42,-0.091,0.041,0.016,0.994
222.6,-0.091,0.041,0.016,0.994
222.78,-0.092,0.041,0.016,0.994
222.97,-0.091,0.041,0.016,0.994
223.15,-0.091,0.041,0.016,0.994
223.33,-0.091,0.041,0.016,0.994
223.51,-0.092,0.041,0.016,0.994
223.69,-0.092,0.041,0.016,0.994
223.88,-0.092,0.041,0.016,0.994
224.6,-0.092,0.041,0.016,0.994
224.24,-0.092,0.041,0.016,0.994
224.42,-0.092,0.041,0.016,0.994
224.61,-0.092,0.041,0.016,0.994
224.79,-0.092,0.041,0.016,0.994
224.97,-0.092,0.041,0.016,0.994
225.15,-0.092,0.041,0.016,0.994
225.34,-0.092,0.041,0.016,0.994
225.52,-0.092,0.041,0.016,0.994
225.7,-0.092,0.041,0.016,0.994
225.88,-0.092,0.041,0.016,0.994
226.7,-0.091,0.041,0.016,0.994
226.25,-0.091,0.041,0.016,0.994
226.43,-0.091,0.041,0.016,0.994
226.61,-0.091,0.041,0.016,0.994
226.79,-0.091,0.041,0.016,0.994
226.98,-0.091,0.041,0.016,0.994
227.16,-0.091,0.041,0.016,0.994
227.34,-0.091,0.041,0.016,0.994
227.52,-0.091,0.041,0.016,0.994
227.71,-0.091,0.041,0.016,0.994
227.89,-0.091,0.041,0.016,0.994
228.7,-0.092,0.041,0.016,0.994
228.25,-0.092,0.041,0.016,0.994
228.44,-0.091,0.041,0.016,0.994
228.62,-0.091,0.041,0.016,0.994
228.8,-0.091,0.041,0.016,0.994
228.98,-0.091,0.041,0.016,0.994
229.16,-0.091,0.041,0.016,0.994
229.35,-0.092,0.041,0.016,0.994
229.53,-0.092,0.041,0.016,0.994
229.71,-0.092,0.041,0.016,0.994
229.89,-0.092,0.041,0.016,0.994
230.8,-0.092,0.041,0.016,0.994
230.26,-0.092,0.041,0.016,0.994
230.44,-0.092,0.041,0.016,0.994
230.62,-0.092,0.041,0.016,0.994
230.81,-0.092,0.041,0.016,0.994
230.99,-0.092,0.041,0.016,0.994
231.17,-0.092,0.041,0.016,0.994
231.35,-0.092,0.041,0.016,0.994
231.53,-0.092,0.041,0.016,0.994
231.72,-0.092,0.041,0.016,0.994
231.9,-0.092,0.041,0.016,0.994
232.8,-0.092,0.041,0.016,0.994
232.26,-0.092,0.041,0.016,0.994
232.45,-0.092,0.041,0.016,0.994
232.63,-0.092,0.041,0.016,0.994
232.81,-0.091,0.041,0.016,0.994
232.99,-0.092,0.041,0.016,0.994
233.18,-0.092,0.041,0.016,0.994
233.36,-0.092,0.041,0.016,0.994
233.54,-0.092,0.041,0.016,0.994
233.72,-0.092,0.041,0.016,0.994
233.91,-0.092,0.041,0.016,0.994
234.9,-0.092,0.041,0.016,0.994
234.27,-0.092,0.041,0.016,0.994
234.45,-0.092,0.041,0.016,0.994
234.63,-0.091,0.041,0.016,0.994
234.82,-0.091,0.041,0.016,0.994
235.0,-0.091,0.041,0.016,0.994
235.18,-0.091,0.041,0.016,0.994
235.36,-0.091,0.041,0.016,0.994
235.55,-0.091,0.041,0.016,0.994
235.73,-0.091,0.041,0.016,0.994
235.91,-0.092,0.041,0.016,0.994
236.9,-0.092,0.041,0.016,0.994
236.28,-0.092,0.041,0.016,0.994
236.46,-0.092,0.041,0.016,0.994
236.64,-0.092,0.041,0.016,0.994
236.82,-0.091,0.041,0.016,0.994
237.0,-0.091,0.041,0.016,0.994
237.19,-0.091,0.041,0.016,0.994
237.37,-0.092,0.041,0.016,0.994
237.55,-0.092,0.041,0.016,0.994
237.73,-0.092,0.041,0.016,0.994
237.92,-0.092,0.041,0.016,0.994
238.1,-0.092,0.041,0.016,0.994
238.28,-0.091,0.041,0.016,0.994
238.46,-0.092,0.041,0.016,0.994
238.64,-0.092,0.041,0.016,0.994
238.83,-0.092,0.041,0.016,0.994
239.1,-0.092,0.041,0.016,0.994
239.19,-0.092,0.041,0.016,0.994
239.37,-0.092,0.041,0.016,0.994
239.56,-0.092,0.041,0.016,0.994
239.74,-0.092,0.041,0.016,0.994
239.92,-0.092,0.041,0.016,0.994
240.1,-0.092,0.041,0.016,0.994
240.29,-0.092,0.041,0.016,0.994
240.47,-0.092,0.041,0.016,0.994
240.65,-0.092,0.041,0.016,0.994
240.83,-0.092,0.041,0.016,0.994
241.1,-0.091,0.041,0.016,0.994
241.2,-0.092,0.041,0.016,0.994
241.38,-0.092,0.041,0.016,0.994
241.56,-0.092,0.041,0.016,0.994
241.74,-0.091,0.041,0.016,0.994
241.93,-0.091,0.041,0.016,0.994
242.11,-0.091,0.041,0.016,0.994
242.29,-0.091,0.041,0.016,0.994
242.47,-0.091,0.041,0.016,0.994
242.66,-0.091,0.041,0.016,0.994
242.84,-0.091,0.041,0.016,0.994
243.2,-0.091,0.041,0.016,0.994
243.2,-0.091,0.041,0.016,0.994
243.38,-0.091,0.041,0.016,0.994
249.58,-0.091,0.041,0.016,0.994
249.77,-0.091,0.041,0.016,0.994
249.95,-0.091,0.041,0.016,0.994
250.13,-0.091,0.041,0.016,0.994
250.31,-0.091,0.041,0.016,0.994
250.49,-0.091,0.041,0.016,0.994
250.68,-0.091,0.041,0.016,0.994
250.86,-0.091,0.041,0.016,0.994
251.4,-0.091,0.041,0.016,0.994
251.22,-0.091,0.041,0.016,0.994
251.41,-0.091,0.041,0.016,0.994
251.59,-0.091,0.041,0.016,0.994
251.77,-0.091,0.041,0.016,0.994
251.95,-0.091,0.041,0.016,0.994
252.14,-0.091,0.041,0.016,0.994
252.32,-0.091,0.041,0.016,0.994
252.5,-0.091,0.041,0.016,0.994
252.68,-0.091,0.041,0.016,0.994
252.86,-0.091,0.041,0.016,0.994
253.5,-0.091,0.041,0.016,0.994
253.23,-0.091,0.041,0.016,0.994
253.41,-0.091,0.041,0.016,0.994
253.59,-0.091,0.041,0.016,0.994
253.78,-0.091,0.041,0.016,0.994
253.96,-0.091,0.041,0.016,0.994
254.14,-0.091,0.041,0.016,0.994
254.32,-0.091,0.041,0.016,0.994
254.51,-0.091,0.041,0.016,0.994
254.69,-0.091,0.041,0.016,0.994
254.87,-0.091,0.041,0.016,0.994
255.5,-0.091,0.041,0.016,0.994
255.23,-0.092,0.041,0.016,0.994
255.42,-0.091,0.041,0.016,0.994
255.6,-0.092,0.041,0.016,0.994
255.78,-0.092,0.041,0.016,0.994
255.96,-0.092,0.041,0.016,0.994
256.15,-0.092,0.041,0.016,0.994
256.33,-0.092,0.041,0.016,0.994
256.51,-0.092,0.041,0.016,0.994
256.69,-0.092,0.041,0.016,0.994
256.87,-0.092,0.041,0.016,0.994
257.6,-0.091,0.041,0.016,0.994
257.24,-0.091,0.041,0.016,0.994
257.42,-0.091,0.041,0.016,0.994
257.6,-0.091,0.041,0.016,0.994
257.79,-0.091,0.041,0.016,0.994
257.97,-0.091,0.041,0.016,0.994
258.15,-0.091,0.041,0.016,0.994
258.33,-0.091,0.041,0.016,0.994
258.52,-0.091,0.041,0.016,0.994
258.7,-0.091,0.041,0.016,0.994
258.88,-0.091,0.041,0.016,0.994
259.6,-0.091,0.041,0.016,0.994
259.24,-0.091,0.041,0.016,0.994
259.43,-0.091,0.041,0.016,0.994
259.61,-0.091,0.041,0.016,0.994
259.79,-0.091,0.041,0.016,0.994
259.97,-0.091,0.041,0.016,0.994
260.16,-0.091,0.041,0.016,0.994
260.34,-0.091,0.041,0.016,0.994
260.52,-0.091,0.041,0.016,0.994
260.7,-0.091,0.041,0.016,0.994
260.89,-0.091,0.041,0.016,0.994
261.7,-0.091,0.041,0.016,0.994
261.25,-0.091,0.041,0.016,0.994
261.43,-0.091,0.041,0.016,0.994
261.61,-0.091,0.041,0.016,0.994
261.8,-0.091,0.041,0.016,0.994
261.98,-0.091,0.041,0.016,0.994
262.16,-0.091,0.041,0.016,0.994
262.34,-0.091,0.041,0.016,0.994
262.53,-0.091,0.041,0.016,0.994
262.71,-0.091,0.041,0.016,0.994
262.89,-0.091,0.041,0.016,0.994
263.7,-0.091,0.041,0.016,0.994
263.26,-0.091,0.041,0.016,0.994
263.44,-0.091,0.041,0.016,0.994
263.62,-0.091,0.041,0.016,0.994
263.8,-0.092,0.041,0.016,0.994
263.98,-0.092,0.041,0.016,0.994
264.17,-0.092,0.041,0.016,0.994
264.35,-0.092,0.041,0.016,0.994
264.53,-0.092,0.041,0.016,0.994
264.71,-0.092,0.041,0.016,0.994
264.9,-0.092,0.041,0.016,0.994
265.8,-0.092,0.041,0.016,0.994
265.26,-0.092,0.041,0.016,0.994
265.44,-0.092,0.041,0.016,0.994
265.62,-0.091,0.041,0.016,0.994
265.81,-0.091,0.041,0.016,0.994
265.99,-0.091,0.041,0.016,0.994
266.17,-0.091,0.041,0.016,0.994
266.35,-0.091,0.041,0.016,0.994
266.54,-0.091,0.041,0.016,0.994
266.72,-0.091,0.041,0.016,0.994
266.9,-0.091,0.041,0.016,0.994
267.8,-0.091,0.041,0.016,0.994
267.27,-0.091,0.041,0.016,0.994
267.45,-0.091,0.041,0.016,0.994
267.63,-0.091,0.041,0.016,0.994
267.81,-0.091,0.041,0.016,0.994
267.99,-0.091,0.041,0.016,0.994
268.18,-0.091,0.041,0.016,0.994
268.36,-0.091,0.041,0.016,0.994
268.54,-0.091,0.041,0.016,0.994
268.72,-0.091,0.041,0.016,0.994
268.91,-0.091,0.041,0.016,0.994
269.9,-0.091,0.041,0.016,0.994
269.27,-0.091,0.041,0.016,0.994
269.45,-0.091,0.041,0.016,0.994
269.64,-0.091,0.041,0.016,0.994
269.82,-0.091,0.041,0.016,0.994
270.0,-0.091,0.041,0.016,0.994
270.18,-0.091,0.041,0.016,0.994
270.36,-0.091,0.041,0.016,0.994
270.55,-0.091,0.041,0.016,0.994
270.73,-0.091,0.041,0.016,0.994
270.91,-0.091,0.041,0.016,0.994
271.9,-0.091,0.041,0.016,0.994
271.28,-0.091,0.041,0.016,0.994
271.46,-0.091,0.041,0.016,0.994
271.64,-0.091,0.041,0.016,0.994
271.82,-0.091,0.041,0.016,0.994
272.1,-0.091,0.041,0.016,0.994
272.19,-0.091,0.041,0.016,0.994
272.37,-0.091,0.041,0.016,0.994
272.55,-0.091,0.041,0.016,0.994
272.73,-0.091,0.041,0.016,0.994
272.92,-0.091,0.041,0.016,0.994
273.1,-0.091,0.041,0.016,0.994
273.28,-0.091,0.041,0.016,0.994
273.46,-0.091,0.041,0.016,0.994
273.65,-0.092,0.041,0.016,0.994
273.83,-0.092,0.041,0.016,0.994
274.1,-0.092,0.041,0.016,0.994
274.19,-0.092,0.041,0.016,0.994
274.38,-0.092,0.041,0.016,0.994
274.56,-0.092,0.041,0.016,0.994
274.74,-0.092,0.041,0.016,0.994
274.92,-0.092,0.041,0.016,0.994
275.1,-0.092,0.041,0.016,0.994
275.29,-0.092,0.041,0.016,0.994
275.47,-0.092,0.041,0.016,0.994
275.65,-0.092,0.041,0.016,0.994
275.83,-0.092,0.041,0.016,0.994
276.2,-0.092,0.041,0.016,0.994
276.2,-0.092,0.041,0.016,0.994
278.75,-0.092,0.041,0.016,0.994
278.93,-0.091,0.041,0.016,0.994
279.12,-0.091,0.041,0.016,0.994
279.3,-0.091,0.041,0.016,0.994
279.48,-0.091,0.041,0.016,0.994
279.66,-0.091,0.041,0.016,0.994
279.84,-0.091,0.041,0.016,0.994
280.3,-0.091,0.041,0.016,0.994
280.21,-0.091,0.041,0.016,0.994
280.39,-0.092,0.041,0.016,0.994
280.57,-0.092,0.041,0.016,0.994
280.76,-0.092,0.041,0.016,0.994
280.94,-0.092,0.041,0.016,0.994
281.12,-0.092,0.041,0.016,0.994
281.3,-0.092,0.041,0.016,0.994
281.49,-0.092,0.041,0.016,0.994
281.67,-0.092,0.041,0.016,0.994
281.85,-0.092,0.041,0.016,0.994
282.3,-0.092,0.041,0.016,0.994
282.21,-0.091,0.041,0.016,0.994
282.4,-0.091,0.041,0.016,0.994
282.58,-0.091,0.041,0.016,0.994
282.76,-0.091,0.041,0.016,0.994
282.94,-0.091,0.041,0.016,0.994
283.13,-0.091,0.041,0.016,0.994
283.31,-0.092,0.041,0.016,0.994
283.49,-0.092,0.041,0.016,0.994
283.67,-0.092,0.041,0.016,0.994
283.86,-0.091,0.041,0.016,0.994
284.4,-0.091,0.041,0.016,0.994
284.22,-0.091,0.041,0.016,0.994
284.4,-0.091,0.041,0.016,0.994
284.58,-0.092,0.041,0.016,0.994
284.77,-0.092,0.041,0.016,0.994
284.95,-0.092,0.041,0.016,0.994
285.13,-0.091,0.041,0.016,0.994
285.31,-0.091,0.041,0.016,0.994
285.5,-0.091,0.041,0.016,0.994
285.68,-0.091,0.041,0.016,0.994
285.86,-0.091,0.041,0.016,0.994
286.4,-0.091,0.041,0.016,0.994
286.23,-0.092,0.041,0.016,0.994
286.41,-0.092,0.041,0.016,0.994
286.59,-0.092,0.041,0.016,0.994
293.15,-0.091,0.041,0.016,0.994
293.34,-0.091,0.041,0.016,0.994
293.52,-0.091,0.041,0.016,0.994
293.7,-0.091,0.041,0.016,0.994
293.88,-0.091,0.041,0.016,0.994
294.6,-0.091,0.041,0.016,0.994
294.25,-0.091,0.041,0.016,0.994
294.43,-0.091,0.041,0.016,0.994
294.61,-0.091,0.041,0.016,0.994
294.79,-0.091,0.041,0.016,0.994
294.98,-0.091,0.041,0.016,0.994
295.16,-0.091,0.041,0.016,0.994
295.34,-0.091,0.041,0.016,0.994
295.52,-0.091,0.041,0.016,0.994
295.71,-0.091,0.041,0.016,0.994
295.89,-0.091,0.041,0.016,0.994
296.7,-0.091,0.041,0.016,0.994
296.25,-0.091,0.041,0.016,0.994
296.43,-0.091,0.041,0.016,0.994
296.62,-0.091,0.041,0.016,0.994
296.8,-0.091,0.041,0.016,0.994
296.98,-0.091,0.041,0.016,0.994
297.16,-0.091,0.041,0.016,0.994
297.35,-0.091,0.041,0.016,0.994
297.53,-0.091,0.041,0.016,0.994
297.71,-0.091,0.041,0.016,0.994
297.89,-0.091,0.041,0.016,0.994
298.8,-0.091,0.041,0.016,0.994
298.26,-0.091,0.041,0.016,0.994
298.99,-0.091,0.041,0.016,0.994
299.17,-0.091,0.041,0.016,0.994
299.35,-0.091,0.041,0.016,0.994
299.53,-0.091,0.041,0.016,0.994
299.72,-0.091,0.041,0.016,0.994
299.9,-0.091,0.041,0.016,0.994
300.8,-0.091,0.041,0.016,0.994
300.26,-0.091,0.041,0.016,0.994
300.45,-0.091,0.041,0.016,0.994
300.63,-0.091,0.041,0.016,0.994
300.81,-0.091,0.041,0.016,0.994
300.99,-0.091,0.041,0.016,0.994
301.18,-0.091,0.041,0.016,0.994
301.36,-0.091,0.041,0.016,0.994
301.54,-0.092,0.041,0.016,0.994
301.72,-0.092,0.041,0.016,0.994
301.9,-0.092,0.041,0.016,0.994
302.9,-0.092,0.041,0.016,0.994
302.27,-0.092,0.041,0.016,0.994
302.45,-0.092,0.041,0.016,0.994
302.63,-0.092,0.041,0.016,0.994
302.82,-0.091,0.041,0.016,0.994
303.0,-0.091,0.041,0.016,0.994
303.18,-0.091,0.041,0.016,0.994
303.36,-0.091,0.041,0.016,0.994
303.55,-0.091,0.041,0.016,0.994
303.73,-0.091,0.041,0.016,0.994
303.91,-0.091,0.041,0.016,0.994
304.9,-0.091,0.041,0.016,0.994
304.27,-0.091,0.041,0.016,0.994
304.46,-0.091,0.041,0.016,0.994
304.64,-0.091,0.041,0.016,0.994
304.82,-0.091,0.041,0.016,0.994
305.0,-0.091,0.041,0.016,0.994
305.19,-0.091,0.041,0.016,0.994
305.37,-0.091,0.041,0.016,0.994
305.55,-0.091,0.041,0.016,0.994
305.73,-0.091,0.041,0.016,0.994
305.92,-0.091,0.041,0.016,0.994
306.1,-0.091,0.041,0.016,0.994
312.66,-0.091,0.04,0.016,0.994
312.84,-0.091,0.041,0.016,0.994
313.2,-0.091,0.041,0.016,0.994
313.21,-0.091,0.041,0.016,0.994
313.39,-0.091,0.041,0.016,0.994
313.57,-0.091,0.041,0.016,0.994
313.75,-0.091,0.041,0.016,0.994
313.94,-0.091,0.041,0.016,0.994
314.12,-0.091,0.041,0.016,0.994
314.3,-0.091,0.041,0.016,0.994
314.48,-0.091,0.041,0.016,0.994
314.67,-0.091,0.041,0.016,0.994
314.85,-0.091,0.041,0.016,0.994
315.3,-0.091,0.041,0.016,0.994
315.21,-0.091,0.041,0.016,0.994
315.39,-0.091,0.041,0.016,0.994
315.58,-0.091,0.041,0.016,0.994
315.76,-0.091,0.041,0.016,0.994
315.94,-0.091,0.041,0.016,0.994
316.12,-0.091,0.041,0.016,0.994
316.31,-0.091,0.041,0.016,0.994
316.49,-0.091,0.041,0.016,0.994
316.67,-0.091,0.041,0.016,0.994
316.85,-0.091,0.041,0.016,0.994
317.4,-0.091,0.041,0.016,0.994
317.22,-0.091,0.041,0.016,0.994
317.4,-0.091,0.041,0.016,0.994
317.58,-0.091,0.041,0.016,0.994
317.76,-0.091,0.041,0.016,0.994
317.95,-0.091,0.041,0.016,0.994
318.13,-0.091,0.041,0.016,0.994
318.31,-0.091,0.041,0.016,0.994
318.49,-0.091,0.041,0.016,0.994
318.68,-0.091,0.041,0.016,0.994
318.86,-0.091,0.041,0.016,0.994
319.4,-0.091,0.04,0.016,0.994
319.22,-0.091,0.041,0.016,0.994
319.41,-0.091,0.041,0.016,0.994
319.59,-0.091,0.04,0.016,0.994
319.77,-0.091,0.041,0.016,0.994
319.95,-0.091,0.041,0.016,0.994
320.13,-0.091,0.041,0.016,0.994
320.32,-0.091,0.041,0.016,0.994
320.5,-0.091,0.04,0.016,0.994
320.68,-0.091,0.041,0.016,0.994
320.86,-0.091,0.041,0.016,0.994
321.5,-0.091,0.041,0.016,0.994
321.23,-0.091,0.041,0.016,0.994
321.41,-0.091,0.04,0.016,0.994
321.59,-0.091,0.041,0.016,0.994
321.78,-0.091,0.041,0.016,0.994
321.96,-0.091,0.041,0.016,0.994
322.14,-0.091,0.041,0.016,0.994
322.32,-0.091,0.041,0.016,0.994
322.5,-0.091,0.041,0.016,0.994
322.69,-0.091,0.041,0.016,0.994
322.87,-0.091,0.041,0.016,0.994
323.5,-0.091,0.041,0.016,0.994
323.23,-0.091,0.041,0.016,0.994
323.42,-0.091,0.041,0.016,0.994
323.6,-0.091,0.041,0.016,0.994
323.78,-0.091,0.04,0.016,0.994
323.96,-0.091,0.04,0.016,0.994
324.14,-0.091,0.04,0.016,0.994
324.33,-0.091,0.041,0.016,0.994
324.51,-0.091,0.041,0.016,0.994
324.69,-0.091,0.041,0.016,0.994
324.87,-0.091,0.041,0.016,0.994
325.6,-0.091,0.041,0.016,0.994
325.24,-0.091,0.041,0.016,0.994
325.42,-0.091,0.041,0.016,0.994
325.6,-0.092,0.041,0.016,0.994
325.79,-0.092,0.041,0.016,0.994
325.97,-0.092,0.041,0.016,0.994
326.15,-0.091,0.041,0.016,0.994
326.33,-0.091,0.041,0.016,0.994
328.7,-0.091,0.041,0.016,0.994
328.88,-0.091,0.041,0.016,0.994
329.7,-0.091,0.041,0.016,0.994
329.25,-0.091,0.041,0.016,0.994
329.43,-0.091,0.041,0.016,0.994
329.61,-0.091,0.041,0.016,0.994
329.8,-0.091,0.041,0.016,0.994
329.98,-0.091,0.041,0.016,0.994
330.16,-0.091,0.041,0.016,0.994
330.34,-0.091,0.041,0.016,0.994
330.53,-0.091,0.041,0.016,0.994
330.71,-0.091,0.041,0.016,0.994
330.89,-0.091,0.041,0.016,0.994
331.7,-0.091,0.041,0.016,0.994
331.25,-0.091,0.041,0.016,0.994
331.44,-0.091,0.041,0.016,0.994
331.62,-0.091,0.041,0.016,0.994
331.8,-0.091,0.041,0.016,0.994
331.98,-0.091,0.041,0.016,0.994
332.17,-0.091,0.041,0.016,0.994
332.35,-0.091,0.041,0.016,0.994
332.53,-0.091,0.041,0.016,0.994
332.71,-0.091,0.041,0.016,0.994
332.9,-0.092,0.041,0.016,0.994
333.8,-0.092,0.041,0.016,0.994
333.26,-0.092,0.041,0.016,0.994
334.9,-0.092,0.041,0.016,0.994
335.8,-0.092,0.04,0.016,0.994
335.27,-0.092,0.041,0.016,0.994
335.45,-0.092,0.04,0.016,0.994
335.63,-0.092,0.04,0.016,0.994
335.81,-0.092,0.04,0.016,0.994
335.99,-0.092,0.041,0.016,0.994
336.18,-0.092,0.041,0.016,0.994
336.36,-0.092,0.041,0.016,0.994
336.54,-0.091,0.041,0.016,0.994
336.72,-0.091,0.041,0.016,0.994
336.91,-0.091,0.041,0.016,0.994
337.9,-0.091,0.041,0.016,0.994
337.27,-0.091,0.041,0.016,0.994
337.45,-0.091,0.041,0.016,0.994
337.63,-0.091,0.041,0.016,0.994
337.82,-0.091,0.041,0.016,0.994
338.0,-0.091,0.041,0.016,0.994
338.18,-0.091,0.041,0.016,0.994
338.36,-0.091,0.041,0.016,0.994
338.55,-0.091,0.041,0.016,0.994
338.73,-0.091,0.041,0.016,0.994
338.91,-0.091,0.041,0.016,0.994
339.9,-0.091,0.041,0.016,0.994
339.28,-0.091,0.041,0.016,0.994
339.46,-0.091,0.041,0.016,0.994
339.64,-0.091,0.041,0.016,0.994
339.82,-0.091,0.041,0.016,0.994
340.0,-0.091,0.041,0.016,0.994
340.19,-0.091,0.041,0.016,0.994
340.37,-0.091,0.04,0.016,0.994
340.55,-0.091,0.041,0.017,0.994
340.73,-0.091,0.04,0.017,0.994
340.92,-0.091,0.041,0.017,0.994
341.1,-0.091,0.04,0.017,0.994
341.28,-0.091,0.041,0.017,0.994
341.46,-0.091,0.041,0.017,0.994
341.65,-0.091,0.041,0.017,0.994
341.83,-0.091,0.041,0.017,0.994
342.1,-0.091,0.04,0.017,0.994
342.19,-0.091,0.041,0.017,0.994
342.37,-0.091,0.041,0.017,0.994
342.56,-0.091,0.041,0.017,0.994
342.74,-0.091,0.041,0.017,0.994
342.92,-0.091,0.041,0.017,0.994
343.1,-0.091,0.04,0.017,0.994
343.29,-0.091,0.041,0.017,0.994
343.47,-0.091,0.041,0.017,0.994
343.65,-0.091,0.041,0.017,0.994
343.83,-0.091,0.041,0.017,0.994
344.2,-0.091,0.041,0.017,0.994
344.2,-0.091,0.041,0.017,0.994
344.38,-0.091,0.041,0.017,0.994
344.56,-0.091,0.041,0.017,0.994
344.74,-0.091,0.041,0.017,0.994
344.93,-0.091,0.041,0.017,0.994
345.11,-0.091,0.041,0.017,0.994
345.29,-0.091,0.041,0.017,0.994
345.47,-0.091,0.041,0.017,0.994
345.66,-0.091,0.041,0.017,0.994
345.84,-0.091,0.041,0.017,0.994
346.2,-0.091,0.041,0.017,0.994
346.2,-0.091,0.041,0.017,0.994
346.38,-0.091,0.04,0.017,0.994
346.57,-0.091,0.041,0.017,0.994
346.75,-0.091,0.04,0.017,0.994
346.93,-0.091,0.041,0.017,0.994
347.11,-0.091,0.041,0.017,0.994
347.3,-0.091,0.041,0.016,0.994
347.48,-0.091,0.041,0.016,0.994
347.66,-0.091,0.041,0.017,0.994
347.84,-0.091,0.041,0.017,0.994
348.3,-0.091,0.041,0.016,0.994
348.21,-0.091,0.04,0.017,0.994
348.39,-0.091,0.041,0.017,0.994
348.57,-0.091,0.041,0.017,0.994
348.75,-0.092,0.041,0.017,0.994
348.94,-0.092,0.041,0.017,0.994
349.12,-0.091,0.041,0.016,0.994
349.3,-0.091,0.041,0.016,0.994
349.48,-0.091,0.041,0.017,0.994
349.67,-0.091,0.041,0.016,0.994
349.85,-0.091,0.041,0.017,0.994
350.3,-0.091,0.041,0.017,0.994
350.21,-0.091,0.041,0.017,0.994
350.4,-0.091,0.041,0.017,0.994
350.58,-0.091,0.041,0.017,0.994
350.76,-0.091,0.041,0.017,0.994
350.94,-0.091,0.041,0.017,0.994
351.12,-0.091,0.041,0.017,0.994
351.31,-0.091,0.041,0.017,0.994
351.49,-0.091,0.041,0.017,0.994
351.67,-0.091,0.041,0.017,0.994
351.85,-0.091,0.041,0.017,0.994
352.4,-0.091,0.041,0.017,0.994
352.22,-0.091,0.041,0.017,0.994
352.4,-0.091,0.041,0.017,0.994
352.58,-0.091,0.041,0.017,0.994
352.76,-0.091,0.04,0.017,0.994
352.95,-0.091,0.041,0.017,0.994
353.13,-0.091,0.041,0.017,0.994
353.31,-0.091,0.041,0.017,0.994
353.49,-0.091,0.041,0.017,0.994
353.68,-0.091,0.041,0.017,0.994
353.86,-0.091,0.041,0.017,0.994
354.4,-0.091,0.041,0.017,0.994
354.22,-0.091,0.041,0.017,0.994
354.41,-0.091,0.041,0.017,0.994
354.59,-0.091,0.041,0.017,0.994
354.77,-0.091,0.041,0.017,0.994
354.95,-0.091,0.041,0.017,0.994
355.13,-0.091,0.041,0.017,0.994
355.32,-0.091,0.041,0.017,0.994
355.5,-0.091,0.041,0.017,0.994
355.68,-0.091,0.041,0.017,0.994
355.86,-0.091,0.041,0.017,0.994
356.5,-0.091,0.041,0.017,0.994
356.23,-0.091,0.041,0.017,0.994
356.41,-0.091,0.041,0.017,0.994
356.59,-0.091,0.041,0.017,0.994
356.78,-0.091,0.041,0.017,0.994
356.96,-0.091,0.041,0.017,0.994
357.14,-0.091,0.041,0.017,0.994
357.32,-0.091,0.041,0.017,0.994
357.5,-0.091,0.041,0.017,0.994
357.69,-0.091,0.041,0.017,0.994
357.87,-0.091,0.041,0.017,0.994
358.5,-0.091,0.041,0.017,0.994
358.23,-0.091,0.041,0.017,0.994
358.42,-0.091,0.041,0.017,0.994
358.6,-0.091,0.041,0.017,0.994
358.78,-0.091,0.041,0.017,0.994
358.96,-0.091,0.041,0.017,0.994
359.14,-0.091,0.041,0.017,0.994
359.33,-0.091,0.041,0.017,0.994
359.51,-0.09,0.041,0.017,0.994
359.69,-0.09,0.041,0.017,0.994
359.87,-0.091,0.041,0.017,0.994
360.6,-0.091,0.041,0.017,0.994
360.24,-0.091,0.041,0.017,0.994
360.42,-0.091,0.041,0.017,0.994
360.6,-0.091,0.041,0.017,0.994
360.79,-0.091,0.041,0.017,0.994
360.97,-0.091,0.041,0.017,0.994
361.15,-0.091,0.041,0.017,0.994
361.33,-0.091,0.041,0.017,0.994
361.51,-0.091,0.041,0.017,0.994
361.7,-0.091,0.041,0.017,0.994
361.88,-0.091,0.041,0.017,0.994
362.6,-0.091,0.041,0.017,0.994
362.24,-0.091,0.041,0.017,0.994
362.43,-0.091,0.041,0.017,0.994
362.61,-0.091,0.041,0.017,0.994
362.79,-0.091,0.041,0.017,0.994
362.97,-0.091,0.041,0.017,0.994
363.15,-0.091,0.041,0.017,0.994
364.79,-0.091,0.041,0.017,0.994
364.98,-0.091,0.041,0.017,0.994
365.16,-0.091,0.041,0.017,0.994
365.34,-0.091,0.041,0.017,0.994
365.52,-0.091,0.041,0.017,0.994
365.71,-0.091,0.041,0.017,0.994
365.89,-0.091,0.041,0.017,0.994
366.7,-0.091,0.041,0.017,0.994
366.25,-0.091,0.041,0.017,0.994
366.44,-0.091,0.041,0.017,0.994
366.62,-0.091,0.041,0.017,0.994
366.8,-0.091,0.041,0.017,0.994
366.98,-0.091,0.041,0.017,0.994
367.16,-0.091,0.041,0.017,0.994
367.35,-0.091,0.041,0.017,0.994
367.53,-0.091,0.041,0.017,0.994
367.71,-0.091,0.041,0.017,0.994
367.89,-0.091,0.041,0.017,0.994
368.8,-0.091,0.041,0.017,0.994
368.26,-0.092,0.041,0.017,0.994
368.44,-0.092,0.041,0.017,0.994
368.62,-0.092,0.041,0.017,0.994
368.81,-0.091,0.041,0.017,0.994
368.99,-0.091,0.041,0.017,0.994
369.17,-0.091,0.041,0.017,0.994
369.35,-0.091,0.041,0.017,0.994
369.53,-0.091,0.041,0.017,0.994
369.72,-0.092,0.041,0.017,0.994
369.9,-0.092,0.041,0.017,0.994
370.8,-0.092,0.041,0.017,0.994
370.26,-0.092,0.04,0.017,0.994
370.45,-0.092,0.041,0.017,0.994
370.63,-0.092,0.041,0.017,0.994
370.81,-0.092,0.04,0.017,0.994
370.99,-0.092,0.041,0.017,0.994
371.17,-0.092,0.04,0.017,0.994
371.36,-0.092,0.041,0.017,0.994
371.54,-0.092,0.041,0.017,0.994
371.72,-0.092,0.04,0.017,0.994
371.9,-0.091,0.041,0.017,0.994
372.9,-0.092,0.04,0.017,0.994
372.27,-0.091,0.04,0.017,0.994
372.45,-0.092,0.041,0.017,0.994
372.63,-0.092,0.04,0.017,0.994
372.82,-0.092,0.041,0.017,0.994
373.0,-0.092,0.04,0.017,0.994
373.18,-0.092,0.04,0.017,0.994
373.36,-0.092,0.04,0.017,0.994
373.54,-0.092,0.04,0.017,0.994
373.73,-0.092,0.04,0.017,0.994
373.91,-0.092,0.04,0.017,0.994
374.9,-0.092,0.04,0.017,0.994
374.27,-0.092,0.04,0.017,0.994
374.46,-0.092,0.04,0.017,0.994
374.64,-0.092,0.04,0.017,0.994
374.82,-0.092,0.04,0.017,0.994
375.0,-0.092,0.04,0.017,0.994
375.19,-0.092,0.04,0.017,0.994
375.37,-0.091,0.04,0.017,0.994
375.55,-0.091,0.041,0.017,0.994
375.73,-0.091,0.04,0.017,0.994
375.91,-0.091,0.04,0.017,0.994
376.1,-0.091,0.04,0.017,0.994
376.28,-0.092,0.041,0.017,0.994
376.46,-0.092,0.04,0.017,0.994
376.64,-0.092,0.041,0.017,0.994
376.83,-0.091,0.04,0.017,0.994
377.1,-0.091,0.04,0.017,0.994
377.19,-0.091,0.041,0.017,0.994
377.37,-0.091,0.04,0.017,0.994
377.56,-0.091,0.04,0.017,0.994
377.74,-0.091,0.04,0.017,0.994
377.92,-0.091,0.041,0.017,0.994
378.1,-0.091,0.04,0.017,0.994
378.28,-0.091,0.041,0.017,0.994
378.47,-0.091,0.041,0.017,0.994
378.65,-0.091,0.041,0.017,0.994
381.75,-0.091,0.041,0.017,0.994
381.93,-0.091,0.041,0.017,0.994
382.11,-0.091,0.04,0.017,0.994
382.29,-0.091,0.041,0.017,0.994
382.48,-0.091,0.041,0.017,0.994
382.66,-0.091,0.041,0.017,0.994
382.84,-0.091,0.04,0.017,0.994
383.2,-0.091,0.04,0.017,0.994
383.21,-0.091,0.04,0.017,0.994
383.39,-0.091,0.04,0.017,0.994
383.57,-0.091,0.04,0.017,0.994
383.75,-0.091,0.04,0.017,0.994
383.94,-0.091,0.04,0.017,0.994
384.12,-0.091,0.04,0.017,0.994
384.3,-0.091,0.041,0.017,0.994
384.48,-0.092,0.041,0.017,0.994
384.66,-0.092,0.04,0.017,0.994
384.85,-0.092,0.041,0.017,0.994
385.3,-0.092,0.04,0.017,0.994
385.21,-0.092,0.04,0.017,0.994
385.39,-0.092,0.04,0.017,0.994
385.58,-0.092,0.04,0.017,0.994
385.76,-0.092,0.04,0.017,0.994
385.94,-0.092,0.041,0.017,0.994
386.12,-0.092,0.041,0.017,0.994
386.3,-0.092,0.041,0.017,0.994
386.49,-0.092,0.041,0.017,0.994
386.67,-0.092,0.041,0.017,0.994
386.85,-0.092,0.04,0.017,0.994
387.3,-0.092,0.04,0.017,0.994
387.22,-0.091,0.041,0.017,0.994
387.4,-0.091,0.04,0.017,0.994
387.58,-0.091,0.041,0.017,0.994
387.76,-0.091,0.041,0.017,0.994
387.95,-0.091,0.041,0.017,0.994
388.13,-0.091,0.041,0.017,0.994
388.31,-0.091,0.04,0.017,0.994
388.49,-0.091,0.041,0.017,0.994
388.67,-0.091,0.041,0.017,0.994
388.86,-0.091,0.04,0.017,0.994
389.4,-0.091,0.04,0.017,0.994
389.22,-0.091,0.041,0.017,0.994
389.4,-0.091,0.041,0.017,0.994
389.59,-0.091,0.041,0.017,0.994
389.77,-0.091,0.041,0.017,0.994
389.95,-0.091,0.041,0.017,0.994
390.13,-0.091,0.041,0.017,0.994
390.32,-0.091,0.041,0.017,0.994
390.5,-0.091,0.041,0.017,0.994
390.68,-0.091,0.04,0.017,0.994
390.86,-0.091,0.041,0.017,0.994
391.4,-0.091,0.041,0.017,0.994
391.23,-0.091,0.041,0.017,0.994
391.41,-0.091,0.041,0.017,0.994
391.59,-0.091,0.041,0.017,0.994
391.77,-0.091,0.041,0.017,0.994
391.96,-0.091,0.04,0.017,0.994
392.14,-0.091,0.04,0.017,0.994
392.32,-0.091,0.04,0.017,0.994
392.5,-0.091,0.04,0.017,0.994
392.69,-0.091,0.04,0.017,0.994
392.87,-0.091,0.04,0.017,0.994
393.5,-0.091,0.04,0.017,0.994
393.23,-0.091,0.041,0.017,0.994
393.41,-0.091,0.04,0.017,0.994
393.6,-0.091,0.041,0.017,0.994
393.78,-0.091,0.041,0.017,0.994
393.96,-0.091,0.041,0.017,0.994
394.14,-0.091,0.04,0.017,0.994
398.15,-0.091,0.041,0.017,0.994
398.34,-0.091,0.04,0.017,0.994
398.52,-0.091,0.04,0.017,0.994
398.7,-0.091,0.04,0.017,0.994
398.88,-0.091,0.04,0.017,0.994
399.7,-0.091,0.04,0.017,0.994
399.25,-0.091,0.041,0.017,0.994
399.43,-0.091,0.04,0.017,0.994
399.61,-0.091,0.041,0.017,0.994
399.79,-0.091,0.04,0.017,0.994
399.98,-0.091,0.041,0.017,0.994
400.16,-0.091,0.04,0.017,0.994
400.34,-0.091,0.041,0.017,0.994
400.52,-0.091,0.04,0.017,0.994
400.71,-0.091,0.04,0.017,0.994
400.89,-0.091,0.041,0.017,0.994
402.16,-0.091,0.04,0.017,0.994
402.35,-0.091,0.041,0.017,0.994
402.53,-0.091,0.04,0.017,0.994
402.71,-0.091,0.041,0.017,0.994
402.89,-0.091,0.04,0.017,0.994
403.8,-0.091,0.041,0.017,0.994
403.26,-0.091,0.041,0.017,0.994
403.44,-0.091,0.041,0.017,0.994
403.62,-0.091,0.04,0.017,0.994
403.8,-0.091,0.04,0.017,0.994
403.99,-0.091,0.041,0.017,0.994
404.17,-0.091,0.041,0.017,0.994
417.84,-0.092,0.04,0.017,0.994
418.2,-0.092,0.04,0.017,0.994
418.2,-0.092,0.04,0.017,0.994
418.39,-0.092,0.04,0.017,0.994
418.57,-0.092,0.04,0.017,0.994
418.75,-0.092,0.04,0.017,0.994
418.93,-0.092,0.04,0.017,0.994
419.12,-0.092,0.04,0.017,0.994
419.3,-0.092,0.04,0.017,0.994
419.48,-0.092,0.04,0.017,0.994
419.66,-0.092,0.04,0.017,0.994
419.84,-0.092,0.04,0.017,0.994
420.3,-0.092,0.041,0.017,0.994
420.21,-0.092,0.04,0.017,0.994
420.39,-0.092,0.04,0.017,0.994
420.57,-0.092,0.041,0.017,0.994
420.76,-0.092,0.041,0.017,0.994
420.94,-0.092,0.04,0.017,0.994
421.12,-0.092,0.041,0.017,0.994
422.94,-0.091,0.041,0.017,0.994
423.12,-0.091,0.04,0.017,0.994
423.31,-0.091,0.041,0.017,0.994
423.49,-0.091,0.04,0.017,0.994
423.67,-0.091,0.041,0.017,0.994
423.85,-0.091,0.04,0.017,0.994
424.4,-0.091,0.04,0.017,0.994
424.22,-0.091,0.04,0.017,0.994
424.4,-0.091,0.041,0.017,0.994
424.58,-0.091,0.04,0.017,0.994
424.77,-0.091,0.041,0.017,0.994
424.95,-0.091,0.04,0.017,0.994
425.13,-0.091,0.04,0.017,0.994
425.31,-0.091,0.04,0.017,0.994
425.49,-0.091,0.04,0.017,0.994
425.68,-0.091,0.04,0.017,0.994
425.86,-0.091,0.04,0.017,0.994
426.4,-0.091,0.04,0.017,0.994
426.22,-0.091,0.04,0.017,0.994
426.41,-0.091,0.04,0.017,0.994
426.59,-0.091,0.04,0.017,0.994
426.77,-0.091,0.04,0.017,0.994
426.95,-0.091,0.04,0.017,0.994
427.13,-0.091,0.041,0.017,0.994
427.32,-0.091,0.041,0.017,0.994
427.5,-0.092,0.04,0.017,0.994
427.68,-0.091,0.041,0.017,0.994
427.86,-0.091,0.041,0.017,0.994
428.5,-0.091,0.04,0.017,0.994
428.23,-0.091,0.04,0.017,0.994
428.41,-0.091,0.04,0.017,0.994
428.59,-0.091,0.041,0.017,0.994
428.78,-0.091,0.04,0.017,0.994
428.96,-0.091,0.04,0.017,0.994
429.14,-0.091,0.04,0.017,0.994
429.32,-0.091,0.041,0.017,0.994
429.5,-0.091,0.04,0.017,0.994
429.69,-0.092,0.04,0.017,0.994
429.87,-0.091,0.04,0.017,0.994
430.5,-0.091,0.041,0.017,0.994
430.23,-0.091,0.04,0.017,0.994
430.42,-0.092,0.04,0.017,0.994
430.6,-0.092,0.04,0.017,0.994
430.78,-0.092,0.04,0.017,0.994
430.96,-0.091,0.041,0.017,0.994
431.14,-0.091,0.04,0.017,0.994
431.33,-0.092,0.04,0.017,0.994
431.51,-0.091,0.04,0.017,0.994
431.69,-0.091,0.041,0.017,0.994
431.87,-0.091,0.04,0.017,0.994
432.6,-0.091,0.041,0.017,0.994
432.24,-0.091,0.041,0.017,0.994
432.42,-0.091,0.041,0.017,0.994
432.6,-0.091,0.041,0.017,0.994
432.78,-0.091,0.041,0.017,0.994
432.97,-0.091,0.041,0.017,0.994
433.15,-0.091,0.041,0.017,0.994
433.33,-0.091,0.041,0.017,0.994
433.51,-0.091,0.041,0.017,0.994
433.7,-0.091,0.041,0.017,0.994
433.88,-0.091,0.04,0.017,0.994
434.6,-0.091,0.041,0.017,0.994
434.24,-0.092,0.041,0.017,0.994
434.43,-0.091,0.04,0.017,0.994
434.61,-0.091,0.041,0.017,0.994
434.79,-0.091,0.04,0.017,0.994
434.97,-0.091,0.04,0.017,0.994
435.15,-0.092,0.04,0.017,0.994
435.34,-0.092,0.04,0.017,0.994
435.52,-0.092,0.04,0.017,0.994
435.7,-0.092,0.04,0.017,0.994
435.88,-0.092,0.04,0.017,0.994
436.7,-0.092,0.04,0.017,0.994
436.25,-0.092,0.04,0.017,0.994
436.43,-0.092,0.041,0.017,0.994
436.61,-0.092,0.04,0.017,0.994
436.79,-0.092,0.04,0.017,0.994
436.98,-0.092,0.04,0.017,0.994
437.16,-0.092,0.04,0.017,0.994
437.34,-0.092,0.04,0.017,0.994
437.52,-0.092,0.04,0.017,0.994
437.71,-0.092,0.04,0.017,0.994
437.89,-0.092,0.04,0.017,0.994
438.7,-0.092,0.04,0.017,0.994
438.25,-0.092,0.04,0.017,0.994
438.43,-0.092,0.04,0.017,0.994
438.62,-0.092,0.04,0.017,0.994
438.8,-0.092,0.04,0.017,0.994
438.98,-0.092,0.04,0.017,0.994
439.16,-0.092,0.04,0.017,0.994
439.35,-0.092,0.04,0.017,0.994
439.53,-0.092,0.04,0.017,0.994
439.71,-0.092,0.04,0.017,0.994
439.89,-0.092,0.04,0.017,0.994
440.8,-0.092,0.04,0.017,0.994
440.26,-0.092,0.04,0.017,0.994
440.44,-0.092,0.04,0.017,0.994
440.62,-0.092,0.04,0.017,0.994
440.8,-0.092,0.04,0.017,0.994
440.99,-0.092,0.04,0.017,0.994
441.17,-0.092,0.04,0.017,0.994
441.35,-0.092,0.04,0.017,0.994
442.81,-0.091,0.041,0.017,0.994
442.99,-0.092,0.041,0.017,0.994
443.17,-0.092,0.04,0.017,0.994
443.36,-0.091,0.041,0.017,0.994
443.54,-0.091,0.04,0.017,0.994
443.72,-0.091,0.04,0.017,0.994
443.9,-0.091,0.041,0.017,0.994
444.9,-0.091,0.041,0.017,0.994
444.27,-0.091,0.04,0.017,0.994
444.45,-0.091,0.04,0.017,0.994
444.63,-0.091,0.04,0.017,0.994
444.81,-0.091,0.04,0.017,0.994
445.0,-0.091,0.04,0.017,0.994
445.18,-0.091,0.04,0.017,0.994
445.36,-0.091,0.04,0.017,0.994
445.54,-0.091,0.041,0.017,0.994
445.73,-0.091,0.04,0.017,0.994
445.91,-0.091,0.04,0.017,0.994
446.9,-0.091,0.04,0.017,0.994
446.27,-0.091,0.04,0.017,0.994
447.73,-0.091,0.041,0.017,0.994
447.91,-0.091,0.041,0.017,0.994
448.1,-0.091,0.04,0.017,0.994
448.28,-0.091,0.041,0.017,0.994
448.46,-0.091,0.04,0.017,0.994
448.64,-0.091,0.04,0.017,0.994
448.83,-0.091,0.04,0.017,0.994
449.1,-0.091,0.041,0.017,0.994
449.19,-0.091,0.041,0.017,0.994
449.37,-0.092,0.04,0.017,0.994
449.55,-0.092,0.04,0.017,0.994
449.74,-0.092,0.041,0.017,0.994
449.92,-0.092,0.04,0.017,0.994
450.1,-0.091,0.04,0.017,0.994
450.28,-0.092,0.04,0.017,0.994
450.47,-0.092,0.04,0.017,0.994
450.65,-0.092,0.04,0.017,0.994
450.83,-0.092,0.041,0.017,0.994
451.1,-0.092,0.041,0.017,0.994
451.19,-0.092,0.041,0.017,0.994
451.38,-0.092,0.04,0.017,0.994
451.56,-0.092,0.041,0.017,0.994
451.74,-0.092,0.04,0.017,0.994
452.47,-0.092,0.04,0.017,0.994
452.65,-0.092,0.041,0.017,0.994
452.83,-0.092,0.041,0.017,0.994
453.2,-0.092,0.041,0.017,0.994
453.2,-0.092,0.04,0.017,0.994
453.38,-0.092,0.041,0.017,0.994
453.56,-0.091,0.04,0.017,0.994
453.75,-0.091,0.041,0.017,0.994
453.93,-0.091,0.04,0.017,0.994
454.11,-0.091,0.04,0.017,0.994
454.29,-0.091,0.04,0.017,0.994
454.48,-0.091,0.041,0.017,0.994
454.66,-0.091,0.041,0.017,0.994
454.84,-0.091,0.04,0.017,0.994
455.2,-0.091,0.04,0.017,0.994
455.2,-0.092,0.04,0.017,0.994
455.39,-0.092,0.04,0.017,0.994
455.57,-0.092,0.041,0.017,0.994
455.75,-0.092,0.041,0.017,0.994
455.93,-0.092,0.041,0.017,0.994
456.12,-0.092,0.041,0.017,0.994
456.3,-0.091,0.04,0.017,0.994
456.48,-0.092,0.04,0.017,0.994
456.66,-0.091,0.04,0.017,0.994
456.84,-0.092,0.04,0.017,0.994
457.3,-0.091,0.04,0.017,0.994
457.21,-0.091,0.041,0.017,0.994
457.39,-0.091,0.041,0.017,0.994
457.57,-0.091,0.04,0.017,0.994
457.76,-0.091,0.04,0.017,0.994
457.94,-0.091,0.041,0.017,0.994
458.12,-0.091,0.04,0.017,0.994
458.3,-0.091,0.041,0.017,0.994
458.49,-0.091,0.041,0.017,0.994
458.67,-0.091,0.041,0.017,0.994
458.85,-0.091,0.041,0.017,0.994
459.3,-0.091,0.041,0.017,0.994
459.21,-0.091,0.041,0.017,0.994
459.4,-0.091,0.041,0.017,0.994
459.58,-0.091,0.04,0.017,0.994
459.76,-0.091,0.04,0.017,0.994
459.94,-0.091,0.041,0.017,0.994
460.13,-0.091,0.041,0.017,0.994
460.31,-0.091,0.04,0.017,0.994
460.49,-0.091,0.04,0.017,0.994
460.67,-0.092,0.04,0.017,0.994
460.86,-0.092,0.04,0.017,0.994
461.4,-0.092,0.04,0.017,0.994
461.22,-0.092,0.04,0.017,0.994
461.4,-0.092,0.04,0.017,0.994
461.58,-0.091,0.041,0.017,0.994
461.77,-0.091,0.041,0.017,0.994
461.95,-0.092,0.041,0.017,0.994
462.13,-0.092,0.041,0.017,0.994
462.31,-0.092,0.041,0.017,0.994
462.5,-0.092,0.04,0.017,0.994
462.68,-0.092,0.04,0.017,0.994
462.86,-0.092,0.04,0.017,0.994
463.4,-0.092,0.04,0.017,0.994
463.22,-0.092,0.041,0.017,0.994
463.41,-0.092,0.04,0.017,0.994
463.59,-0.092,0.04,0.017,0.994
463.77,-0.091,0.04,0.017,0.994
463.95,-0.091,0.04,0.017,0.994
464.14,-0.091,0.041,0.017,0.994
465.5,-0.091,0.041,0.017,0.994
465.23,-0.091,0.041,0.017,0.994
465.41,-0.091,0.04,0.017,0.994
465.59,-0.091,0.04,0.017,0.994
465.78,-0.091,0.041,0.017,0.994
465.96,-0.091,0.04,0.017,0.994
466.14,-0.091,0.04,0.017,0.994
466.32,-0.091,0.041,0.017,0.994
466.51,-0.091,0.041,0.017,0.994
466.69,-0.091,0.04,0.017,0.994
466.87,-0.091,0.041,0.017,0.994
467.5,-0.091,0.04,0.017,0.994
467.23,-0.092,0.041,0.017,0.994
467.42,-0.091,0.04,0.017,0.994
467.6,-0.092,0.041,0.017,0.994
467.78,-0.091,0.04,0.017,0.994
467.96,-0.092,0.041,0.017,0.994
468.15,-0.092,0.04,0.017,0.994
468.33,-0.092,0.04,0.017,0.994
468.51,-0.092,0.041,0.017,0.994
468.69,-0.092,0.04,0.017,0.994
468.87,-0.092,0.041,0.017,0.994
469.6,-0.092,0.04,0.017,0.994
469.24,-0.092,0.04,0.017,0.994
469.42,-0.092,0.04,0.017,0.994
469.6,-0.092,0.04,0.017,0.994
469.79,-0.091,0.04,0.017,0.994
469.97,-0.092,0.04,0.017,0.994
470.15,-0.091,0.04,0.017,0.994
470.33,-0.092,0.04,0.017,0.994
470.52,-0.091,0.04,0.017,0.994
470.7,-0.091,0.04,0.017,0.994
470.88,-0.091,0.04,0.017,0.994
471.6,-0.091,0.041,0.017,0.994
471.24,-0.091,0.041,0.017,0.994
471.43,-0.091,0.04,0.017,0.994
471.61,-0.091,0.04,0.017,0.994
471.79,-0.091,0.041,0.017,0.994
471.97,-0.091,0.04,0.017,0.994
472.16,-0.091,0.041,0.017,0.994
472.34,-0.091,0.041,0.017,0.994
472.52,-0.091,0.04,0.017,0.994
472.7,-0.091,0.04,0.017,0.994
472.88,-0.091,0.04,0.017,0.994
473.7,-0.091,0.04,0.017,0.994
473.25,-0.091,0.04,0.017,0.994
473.43,-0.091,0.041,0.017,0.994
473.61,-0.091,0.04,0.017,0.994
473.8,-0.091,0.041,0.017,0.994
473.98,-0.091,0.04,0.017,0.994
474.16,-0.091,0.04,0.017,0.994
474.34,-0.091,0.041,0.017,0.994
474.53,-0.091,0.041,0.017,0.994
474.71,-0.091,0.04,0.017,0.994
474.89,-0.091,0.04,0.017,0.994
475.7,-0.091,0.04,0.017,0.994
475.25,-0.091,0.04,0.017,0.994
475.44,-0.091,0.04,0.017,0.994
475.62,-0.091,0.04,0.017,0.994
475.8,-0.091,0.04,0.017,0.994
475.98,-0.091,0.04,0.017,0.994
476.17,-0.091,0.04,0.017,0.994
476.35,-0.091,0.04,0.017,0.994
476.53,-0.091,0.04,0.017,0.994
476.71,-0.091,0.04,0.017,0.994
476.89,-0.092,0.04,0.017,0.994
477.8,-0.092,0.04,0.017,0.994
477.26,-0.091,0.04,0.017,0.994
477.44,-0.091,0.04,0.017,0.994
477.62,-0.091,0.04,0.017,0.994
483.82,-0.091,0.04,0.017,0.994
484.0,-0.092,0.04,0.017,0.994
484.19,-0.092,0.04,0.017,0.994
484.37,-0.092,0.04,0.017,0.994
484.55,-0.092,0.04,0.017,0.994
484.73,-0.092,0.04,0.017,0.994
484.91,-0.092,0.04,0.017,0.994
485.1,-0.091,0.04,0.017,0.994
485.28,-0.092,0.04,0.017,0.994
485.46,-0.091,0.041,0.017,0.994
485.64,-0.092,0.04,0.017,0.994
485.83,-0.092,0.041,0.017,0.994
486.1,-0.091,0.04,0.017,0.994
486.19,-0.092,0.04,0.017,0.994
486.37,-0.092,0.04,0.017,0.994
486.55,-0.091,0.04,0.017,0.994
486.74,-0.092,0.04,0.017,0.994
486.92,-0.092,0.04,0.017,0.994
487.1,-0.092,0.04,0.017,0.994
487.28,-0.091,0.04,0.017,0.994
487.47,-0.092,0.04,0.017,0.994
487.65,-0.091,0.04,0.017,0.994
487.83,-0.091,0.04,0.017,0.994
488.1,-0.092,0.04,0.017,0.994
488.2,-0.092,0.04,0.017,0.994
488.38,-0.091,0.04,0.017,0.994
488.56,-0.091,0.04,0.017,0.994
488.74,-0.091,0.04,0.017,0.994
488.92,-0.091,0.04,0.017,0.994
489.11,-0.091,0.04,0.017,0.994
489.29,-0.092,0.041,0.017,0.994
489.47,-0.092,0.041,0.017,0.994
489.65,-0.092,0.04,0.017,0.994
489.84,-0.092,0.04,0.017,0.994
490.2,-0.092,0.041,0.017,0.994
490.2,-0.092,0.04,0.017,0.994
490.38,-0.092,0.04,0.017,0.994
490.56,-0.092,0.041,0.017,0.994
490.75,-0.091,0.04,0.017,0.994
490.93,-0.091,0.041,0.017,0.994
491.11,-0.092,0.04,0.017,0.994
491.29,-0.092,0.04,0.017,0.994
491.48,-0.091,0.04,0.017,0.994
491.66,-0.092,0.04,0.017,0.994
491.84,-0.091,0.04,0.017,0.994
492.2,-0.091,0.041,0.017,0.994
492.2,-0.091,0.04,0.017,0.994
492.39,-0.091,0.04,0.017,0.994
492.57,-0.091,0.04,0.017,0.994
492.75,-0.091,0.04,0.017,0.994
492.93,-0.091,0.04,0.017,0.994
493.12,-0.091,0.04,0.017,0.994
493.3,-0.091,0.04,0.017,0.994
493.48,-0.091,0.041,0.017,0.994
493.66,-0.092,0.041,0.017,0.994
493.85,-0.092,0.04,0.017,0.994
494.3,-0.092,0.041,0.017,0.994
494.21,-0.092,0.04,0.017,0.994
494.39,-0.092,0.041,0.017,0.994
494.57,-0.092,0.04,0.017,0.994
494.76,-0.092,0.04,0.017,0.994
494.94,-0.092,0.04,0.017,0.994
495.12,-0.091,0.04,0.017,0.994
495.3,-0.091,0.04,0.017,0.994
495.49,-0.092,0.041,0.017,0.994
495.67,-0.092,0.04,0.017,0.994
498.4,-0.091,0.041,0.017,0.994
498.58,-0.091,0.041,0.017,0.994
498.77,-0.091,0.041,0.017,0.994
498.95,-0.091,0.04,0.017,0.994
499.13,-0.091,0.041,0.017,0.994
499.31,-0.091,0.04,0.017,0.994
499.5,-0.091,0.04,0.017,0.994
499.68,-0.091,0.04,0.017,0.994
499.86,-0.091,0.04,0.017,0.994
500.4,-0.091,0.04,0.017,0.994
500.22,-0.091,0.04,0.017,0.994
500.41,-0.091,0.04,0.017,0.994
500.59,-0.091,0.04,0.017,0.994
500.77,-0.092,0.04,0.017,0.994
500.95,-0.092,0.04,0.017,0.994
501.14,-0.092,0.04,0.017,0.994
501.32,-0.092,0.04,0.017,0.994
501.5,-0.092,0.04,0.017,0.994
501.68,-0.092,0.04,0.017,0.994
501.86,-0.092,0.04,0.017,0.994
502.5,-0.092,0.04,0.017,0.994
502.23,-0.092,0.04,0.017,0.994
502.41,-0.092,0.04,0.017,0.994
502.59,-0.092,0.04,0.017,0.994
502.78,-0.092,0.04,0.017,0.994
502.96,-0.092,0.04,0.017,0.994
503.14,-0.092,0.04,0.017,0.994
503.32,-0.092,0.04,0.017,0.994
503.51,-0.092,0.041,0.017,0.994
503.69,-0.092,0.04,0.017,0.994
503.87,-0.092,0.04,0.017,0.994
504.5,-0.092,0.04,0.017,0.994
504.23,-0.092,0.04,0.017,0.994
504.42,-0.092,0.04,0.017,0.994
504.6,-0.092,0.04,0.017,0.994
504.78,-0.092,0.04,0.017,0.994
504.96,-0.092,0.04,0.017,0.994
505.15,-0.092,0.04,0.017,0.994
505.33,-0.092,0.04,0.017,0.994
505.51,-0.092,0.04,0.017,0.994
505.69,-0.092,0.041,0.017,0.994
505.87,-0.092,0.04,0.017,0.994
506.6,-0.092,0.04,0.017,0.994
506.24,-0.092,0.04,0.017,0.994
506.42,-0.092,0.04,0.017,0.994
506.6,-0.092,0.04,0.017,0.994
506.79,-0.092,0.04,0.017,0.994
506.97,-0.092,0.04,0.017,0.994
507.15,-0.092,0.041,0.017,0.994
507.33,-0.092,0.041,0.017,0.994
507.51,-0.092,0.04,0.017,0.994
507.7,-0.092,0.04,0.017,0.994
507.88,-0.092,0.041,0.017,0.994
508.6,-0.092,0.04,0.017,0.994
508.24,-0.092,0.041,0.017,0.994
508.43,-0.092,0.041,0.017,0.994
508.61,-0.092,0.041,0.017,0.994
508.79,-0.092,0.041,0.017,0.994
508.97,-0.092,0.04,0.017,0.994
509.15,-0.092,0.041,0.017,0.994
509.34,-0.092,0.04,0.017,0.994
509.52,-0.092,0.04,0.017,0.994
509.7,-0.092,0.04,0.017,0.994
509.88,-0.092,0.04,0.017,0.994
510.7,-0.092,0.04,0.017,0.994
510.25,-0.092,0.04,0.017,0.994
510.43,-0.092,0.04,0.017,0.994
510.61,-0.092,0.04,0.017,0.994
510.8,-0.092,0.04,0.017,0.994
510.98,-0.091,0.04,0.017,0.994
511.16,-0.091,0.041,0.017,0.994
511.34,-0.091,0.04,0.017,0.994
511.52,-0.091,0.04,0.017,0.994
511.71,-0.091,0.04,0.017,0.994
511.89,-0.091,0.04,0.017,0.994
512.7,-0.091,0.04,0.017,0.994
512.25,-0.091,0.04,0.017,0.994
512.44,-0.091,0.04,0.017,0.994
512.62,-0.091,0.041,0.017,0.994
512.8,-0.091,0.04,0.017,0.994
512.98,-0.091,0.04,0.017,0.994
513.16,-0.091,0.04,0.017,0.994
513.35,-0.091,0.041,0.017,0.994
513.53,-0.091,0.04,0.017,0.994
513.71,-0.091,0.041,0.017,0.994
513.89,-0.091,0.04,0.017,0.994
514.8,-0.091,0.041,0.017,0.994
514.26,-0.091,0.041,0.017,0.994
514.44,-0.091,0.041,0.017,0.994
514.62,-0.091,0.04,0.017,0.994
514.8,-0.091,0.041,0.017,0.994
514.99,-0.091,0.041,0.017,0.994
515.17,-0.091,0.041,0.017,0.994
515.35,-0.091,0.041,0.017,0.994
515.53,-0.091,0.041,0.017,0.994
515.72,-0.091,0.041,0.017,0.994
522.1,-0.091,0.041,0.017,0.994
522.28,-0.092,0.041,0.017,0.994
522.46,-0.09,0.04,0.016,0.994
522.64,-0.092,0.041,0.016,0.994
522.82,-0.092,0.04,0.016,0.994
523.1,-0.092,0.042,0.015,0.994
523.19,-0.092,0.043,0.008,0.994
523.37,-0.09,0.044,-0.003,0.994
523.55,-0.09,0.044,-0.017,0.994
523.74,-0.089,0.046,-0.036,0.994
523.92,-0.087,0.045,-0.061,0.993
524.1,-0.084,0.045,-0.084,0.991
524.28,-0.082,0.044,-0.099,0.99
524.46,-0.079,0.045,-0.123,0.988
524.65,-0.077,0.042,-0.143,0.985
524.83,-0.075,0.041,-0.155,0.984
525.1,-0.073,0.039,-0.165,0.982
525.19,-0.072,0.038,-0.169,0.982
525.38,-0.072,0.035,-0.167,0.982
525.56,-0.072,0.036,-0.164,0.982
525.74,-0.073,0.036,-0.164,0.982
525.92,-0.072,0.037,-0.165,0.982
526.11,-0.073,0.036,-0.165,0.982
526.29,-0.072,0.036,-0.165,0.982
526.47,-0.072,0.037,-0.165,0.982
526.65,-0.072,0.036,-0.165,0.982
526.83,-0.071,0.036,-0.165,0.982
527.2,-0.071,0.036,-0.165,0.982
527.2,-0.071,0.036,-0.165,0.982
527.38,-0.071,0.036,-0.165,0.982
527.56,-0.072,0.036,-0.165,0.982
527.75,-0.072,0.036,-0.165,0.982
527.93,-0.072,0.036,-0.165,0.982
528.11,-0.072,0.036,-0.165,0.982
528.29,-0.072,0.036,-0.165,0.982
528.47,-0.072,0.036,-0.165,0.982
528.66,-0.072,0.036,-0.165,0.982
528.84,-0.072,0.036,-0.165,0.982
529.2,-0.072,0.036,-0.165,0.982
529.2,-0.072,0.036,-0.165,0.982
529.39,-0.072,0.036,-0.165,0.982
529.57,-0.072,0.036,-0.165,0.982
529.75,-0.072,0.036,-0.165,0.982
529.93,-0.072,0.036,-0.165,0.982
530.66,-0.072,0.036,-0.165,0.982
530.84,-0.072,0.036,-0.165,0.982
531.3,-0.072,0.036,-0.165,0.982
531.21,-0.072,0.036,-0.165,0.982
531.39,-0.072,0.036,-0.165,0.982
531.57,-0.072,0.036,-0.165,0.982
531.76,-0.072,0.036,-0.165,0.982
531.94,-0.072,0.036,-0.165,0.982
532.12,-0.072,0.036,-0.165,0.982
532.3,-0.072,0.036,-0.165,0.982
532.49,-0.072,0.036,-0.165,0.982
532.67,-0.072,0.036,-0.165,0.982
532.85,-0.071,0.036,-0.165,0.982
533.3,-0.072,0.036,-0.165,0.982
533.21,-0.072,0.036,-0.165,0.982
533.4,-0.072,0.036,-0.165,0.982
533.58,-0.072,0.036,-0.165,0.982
533.76,-0.072,0.036,-0.165,0.982
533.94,-0.072,0.036,-0.165,0.982
534.13,-0.072,0.036,-0.165,0.982
534.31,-0.072,0.036,-0.165,0.982
534.49,-0.072,0.036,-0.165,0.982
534.67,-0.072,0.036,-0.165,0.982
534.85,-0.072,0.036,-0.165,0.982
535.4,-0.072,0.036,-0.165,0.982
535.22,-0.072,0.036,-0.165,0.982
535.4,-0.072,0.036,-0.165,0.982
535.58,-0.072,0.036,-0.165,0.982
535.77,-0.072,0.036,-0.165,0.982
535.95,-0.072,0.036,-0.165,0.982
536.13,-0.072,0.036,-0.165,0.982
536.31,-0.072,0.037,-0.164,0.982
536.5,-0.073,0.037,-0.165,0.982
536.68,-0.072,0.037,-0.164,0.982
536.86,-0.074,0.035,-0.164,0.982
539.23,-0.089,0.042,-0.004,0.995
539.41,-0.089,0.042,-0.004,0.995
539.59,-0.09,0.041,-0.004,0.995
539.78,-0.09,0.041,-0.004,0.995
539.96,-0.09,0.041,-0.004,0.995
540.14,-0.09,0.041,-0.005,0.995
540.32,-0.089,0.041,-0.004,0.995
540.51,-0.09,0.041,-0.004,0.995
540.69,-0.089,0.041,-0.004,0.995
540.87,-0.09,0.041,-0.004,0.995
541.5,-0.09,0.041,-0.004,0.995
541.23,-0.09,0.041,-0.004,0.995
541.42,-0.09,0.041,-0.004,0.995
541.6,-0.09,0.041,-0.004,0.995
541.78,-0.09,0.041,-0.004,0.995
541.96,-0.09,0.041,-0.004,0.995
542.15,-0.09,0.041,-0.004,0.995
542.33,-0.09,0.041,-0.004,0.995
542.51,-0.09,0.041,-0.004,0.995
542.69,-0.09,0.041,-0.004,0.995
542.87,-0.09,0.041,-0.004,0.995
543.6,-0.09,0.041,-0.004,0.995
543.24,-0.09,0.041,-0.004,0.995
543.42,-0.09,0.041,-0.004,0.995
543.6,-0.09,0.041,-0.004,0.995
543.79,-0.09,0.041,-0.004,0.995
543.97,-0.09,0.041,-0.004,0.995
544.15,-0.09,0.041,-0.004,0.995
546.52,-0.09,0.041,-0.004,0.995
546.7,-0.09,0.041,-0.004,0.995
546.88,-0.09,0.041,-0.004,0.995
547.7,-0.09,0.041,-0.004,0.995
547.25,-0.09,0.041,-0.004,0.995
547.43,-0.09,0.041,-0.004,0.995
547.61,-0.09,0.041,-0.004,0.995
547.79,-0.09,0.041,-0.004,0.995
547.98,-0.09,0.041,-0.004,0.995
548.16,-0.09,0.041,-0.004,0.995
548.34,-0.09,0.041,-0.004,0.995
548.52,-0.09,0.041,-0.004,0.994
548.71,-0.09,0.041,-0.004,0.995
548.89,-0.09,0.041,-0.004,0.994
549.7,-0.09,0.041,-0.004,0.995
549.25,-0.09,0.041,-0.004,0.995
549.44,-0.09,0.041,-0.004,0.994
549.62,-0.09,0.041,-0.004,0.995
549.8,-0.09,0.041,-0.004,0.995
549.98,-0.09,0.041,-0.004,0.995
550.16,-0.09,0.041,-0.004,0.995
550.35,-0.09,0.041,-0.004,0.994
550.53,-0.09,0.041,-0.004,0.994
550.71,-0.091,0.041,-0.004,0.994
550.89,-0.09,0.041,-0.004,0.994
551.8,-0.09,0.041,-0.004,0.994
551.26,-0.09,0.041,-0.004,0.994
551.44,-0.09,0.041,-0.004,0.994
551.62,-0.09,0.041,-0.004,0.994
551.8,-0.09,0.041,-0.004,0.994
551.99,-0.09,0.041,-0.004,0.994
552.17,-0.09,0.041,-0.004,0.994
552.35,-0.09,0.041,-0.004,0.994
552.53,-0.09,0.041,-0.004,0.995
552.72,-0.09,0.041,-0.004,0.995
552.9,-0.09,0.041,-0.004,0.995
553.99,-0.09,0.041,-0.004,0.995
554.17,-0.09,0.041,-0.004,0.995
554.36,-0.09,0.041,-0.004,0.995
554.54,-0.09,0.041,-0.004,0.995
554.72,-0.09,0.041,-0.004,0.995
554.9,-0.09,0.041,-0.004,0.995
555.8,-0.089,0.041,-0.004,0.995
555.27,-0.089,0.041,-0.004,0.995
555.45,-0.09,0.041,-0.004,0.995
555.63,-0.089,0.041,-0.004,0.995
555.81,-0.089,0.041,-0.004,0.995
556.0,-0.089,0.041,-0.004,0.995
556.18,-0.089,0.041,-0.004,0.995
562.38,-0.089,0.041,-0.004,0.995
562.56,-0.089,0.041,-0.004,0.995
562.74,-0.089,0.041,-0.004,0.995
562.92,-0.089,0.041,-0.004,0.995
563.1,-0.089,0.041,-0.004,0.995
563.29,-0.089,0.041,-0.004,0.995
563.47,-0.089,0.041,-0.004,0.995
563.65,-0.089,0.041,-0.004,0.995
563.83,-0.089,0.041,-0.004,0.995
564.2,-0.09,0.041,-0.004,0.995
564.2,-0.09,0.041,-0.004,0.995
564.38,-0.09,0.041,-0.004,0.995
564.56,-0.09,0.041,-0.004,0.995
564.74,-0.09,0.041,-0.004,0.995
564.93,-0.09,0.041,-0.004,0.995
565.11,-0.09,0.041,-0.004,0.995
565.29,-0.09,0.041,-0.004,0.995
565.47,-0.089,0.041,-0.004,0.995
565.66,-0.089,0.041,-0.004,0.995
565.84,-0.089,0.041,-0.004,0.995
566.2,-0.09,0.041,-0.004,0.995
566.2,-0.09,0.041,-0.004,0.995
566.39,-0.09,0.041,-0.004,0.995
566.57,-0.09,0.041,-0.004,0.995
566.75,-0.09,0.041,-0.004,0.995
566.93,-0.09,0.041,-0.004,0.995
567.11,-0.089,0.041,-0.004,0.995
567.3,-0.09,0.041,-0.004,0.995
567.48,-0.09,0.041,-0.004,0.995
567.66,-0.089,0.041,-0.004,0.995
567.84,-0.089,0.041,-0.004,0.995
568.3,-0.089,0.041,-0.004,0.995
568.21,-0.089,0.041,-0.004,0.995
568.39,-0.089,0.041,-0.004,0.995
568.57,-0.09,0.041,-0.004,0.995
568.76,-0.09,0.041,-0.004,0.995
568.94,-0.09,0.041,-0.004,0.995
569.12,-0.09,0.041,-0.004,0.995
569.3,-0.09,0.041,-0.004,0.995
569.48,-0.09,0.041,-0.004,0.995
569.67,-0.09,0.041,-0.004,0.995
569.85,-0.09,0.041,-0.004,0.995
570.3,-0.09,0.041,-0.004,0.995
570.21,-0.09,0.041,-0.004,0.995
570.4,-0.09,0.041,-0.004,0.995
570.58,-0.09,0.041,-0.004,0.995
570.76,-0.09,0.041,-0.004,0.995
570.94,-0.09,0.041,-0.004,0.995
571.12,-0.09,0.041,-0.004,0.995
571.31,-0.09,0.041,-0.004,0.995
571.49,-0.09,0.041,-0.004,0.995
571.67,-0.09,0.041,-0.004,0.995
571.85,-0.09,0.041,-0.004,0.995
572.4,-0.09,0.041,-0.004,0.995
578.96,-0.09,0.041,-0.004,0.994
579.15,-0.09,0.041,-0.004,0.995
579.33,-0.09,0.041,-0.004,0.995
579.51,-0.09,0.041,-0.004,0.995
579.69,-0.09,0.041,-0.004,0.995
579.88,-0.09,0.041,-0.004,0.995
580.6,-0.09,0.041,-0.004,0.995
580.24,-0.09,0.041,-0.004,0.995
580.42,-0.09,0.041,-0.004,0.995
580.6,-0.09,0.041,-0.004,0.995
580.79,-0.09,0.041,-0.004,0.995
580.97,-0.09,0.041,-0.004,0.995
581.15,-0.09,0.041,-0.004,0.995
581.33,-0.09,0.041,-0.004,0.995
581.52,-0.09,0.041,-0.004,0.995
581.7,-0.09,0.041,-0.004,0.995
581.88,-0.09,0.041,-0.004,0.995
582.6,-0.09,0.041,-0.004,0.995
582.24,-0.09,0.041,-0.004,0.995
582.43,-0.09,0.041,-0.004,0.995
582.61,-0.09,0.041,-0.004,0.995
582.79,-0.09,0.041,-0.004,0.995
582.97,-0.09,0.041,-0.004,0.995
583.16,-0.09,0.041,-0.004,0.995
583.34,-0.09,0.041,-0.004,0.995
583.52,-0.09,0.041,-0.004,0.995
583.7,-0.09,0.041,-0.004,0.995
583.89,-0.09,0.041,-0.004,0.995
584.7,-0.09,0.041,-0.004,0.995
584.25,-0.09,0.041,-0.004,0.995
584.43,-0.09,0.041,-0.004,0.995
584.61,-0.09,0.041,-0.004,0.995
584.8,-0.09,0.041,-0.004,0.995
584.98,-0.09,0.041,-0.004,0.995
585.16,-0.09,0.041,-0.004,0.995
585.34,-0.09,0.041,-0.004,0.995
585.53,-0.09,0.041,-0.004,0.995
585.71,-0.09,0.041,-0.004,0.995
585.89,-0.09,0.041,-0.004,0.995
586.7,-0.09,0.041,-0.004,0.995
586.26,-0.09,0.041,-0.004,0.995
586.44,-0.09,0.041,-0.004,0.995
586.62,-0.09,0.041,-0.004,0.995
586.8,-0.09,0.041,-0.004,0.995
586.98,-0.09,0.041,-0.004,0.995
587.17,-0.09,0.041,-0.004,0.995
587.35,-0.09,0.041,-0.004,0.995
587.53,-0.09,0.041,-0.004,0.995
587.71,-0.09,0.041,-0.004,0.995
587.9,-0.09,0.041,-0.004,0.995
588.8,-0.09,0.041,-0.004,0.995
588.26,-0.09,0.041,-0.004,0.995
588.44,-0.09,0.041,-0.004,0.995
588.62,-0.09,0.041,-0.004,0.995
588.81,-0.09,0.041,-0.004,0.995
588.99,-0.09,0.041,-0.004,0.995
589.17,-0.09,0.041,-0.004,0.995
589.35,-0.09,0.041,-0.004,0.995
589.54,-0.09,0.041,-0.004,0.995
589.72,-0.09,0.041,-0.004,0.995
589.9,-0.09,0.041,-0.004,0.995
597.19,-0.09,0.041,-0.004,0.995
597.37,-0.09,0.041,-0.004,0.995
597.56,-0.09,0.041,-0.004,0.995
597.74,-0.09,0.041,-0.004,0.995
597.92,-0.09,0.041,-0.004,0.995
598.1,-0.09,0.041,-0.004,0.995
598.29,-0.09,0.041,-0.004,0.994
598.47,-0.09,0.041,-0.004,0.994
598.65,-0.09,0.041,-0.004,0.994
598.83,-0.09,0.041,-0.004,0.994
599.1,-0.09,0.041,-0.004,0.994
599.2,-0.09,0.041,-0.004,0.994
599.38,-0.09,0.041,-0.004,0.995
599.56,-0.09,0.041,-0.004,0.995
599.74,-0.09,0.041,-0.004,0.995
599.93,-0.09,0.041,-0.004,0.995
600.11,-0.09,0.041,-0.004,0.995
600.29,-0.09,0.041,-0.004,0.995
600.47,-0.09,0.041,-0.004,0.995
600.66,-0.09,0.041,-0.004,0.995
600.84,-0.09,0.041,-0.004,0.995
601.2,-0.09,0.041,-0.004,0.994
601.2,-0.09,0.041,-0.004,0.994
601.38,-0.09,0.041,-0.004,0.994
601.57,-0.09,0.041,-0.004,0.994
601.75,-0.09,0.041,-0.004,0.994
601.93,-0.091,0.041,-0.004,0.994
602.11,-0.091,0.041,-0.004,0.994
602.3,-0.091,0.041,-0.004,0.994
602.48,-0.09,0.041,-0.004,0.994
602.66,-0.09,0.041,-0.004,0.994
602.84,-0.09,0.041,-0.004,0.995
603.3,-0.09,0.041,-0.004,0.995
603.21,-0.09,0.041,-0.004,0.995
603.39,-0.09,0.041,-0.004,0.995
603.57,-0.09,0.041,-0.004,0.995
603.75,-0.09,0.041,-0.004,0.995
603.94,-0.09,0.041,-0.004,0.995
604.12,-0.09,0.041,-0.004,0.995
604.3,-0.09,0.041,-0.004,0.995
604.48,-0.09,0.041,-0.004,0.995
604.67,-0.09,0.041,-0.004,0.995
604.85,-0.09,0.041,-0.004,0.995
605.3,-0.09,0.041,-0.004,0.995
605.21,-0.09,0.041,-0.004,0.995
605.39,-0.09,0.041,-0.004,0.995
605.58,-0.09,0.041,-0.004,0.995
605.76,-0.09,0.041,-0.004,0.995
605.94,-0.09,0.041,-0.004,0.995
606.12,-0.09,0.041,-0.004,0.995
606.31,-0.09,0.041,-0.004,0.995
606.49,-0.09,0.041,-0.004,0.995
606.67,-0.09,0.041,-0.004,0.995
606.85,-0.09,0.041,-0.004,0.995
607.4,-0.09,0.041,-0.004,0.995
607.22,-0.09,0.041,-0.004,0.995
607.4,-0.09,0.041,-0.004,0.995
607.58,-0.09,0.041,-0.004,0.995
607.76,-0.09,0.041,-0.004,0.995
607.95,-0.09,0.041,-0.004,0.995
608.13,-0.09,0.041,-0.004,0.995
608.31,-0.09,0.041,-0.004,0.995
608.49,-0.09,0.041,-0.004,0.995
608.68,-0.09,0.041,-0.004,0.995
608.86,-0.09,0.041,-0.004,0.995
609.4,-0.09,0.041,-0.004,0.995
609.22,-0.09,0.041,-0.004,0.995
609.41,-0.09,0.041,-0.004,0.995
609.59,-0.09,0.041,-0.004,0.995
609.77,-0.09,0.041,-0.004,0.995
609.95,-0.09,0.041,-0.004,0.995
610.13,-0.09,0.041,-0.004,0.995
610.32,-0.09,0.041,-0.004,0.995
610.5,-0.09,0.041,-0.004,0.995
610.68,-0.089,0.041,-0.004,0.995
610.86,-0.09,0.041,-0.004,0.995
611.5,-0.09,0.041,-0.004,0.995
611.23,-0.089,0.041,-0.004,0.995
611.41,-0.089,0.041,-0.004,0.995
611.59,-0.089,0.041,-0.004,0.995
611.78,-0.089,0.041,-0.004,0.995
611.96,-0.089,0.041,-0.004,0.995
612.14,-0.09,0.041,-0.004,0.995
612.32,-0.089,0.041,-0.004,0.995
612.5,-0.09,0.041,-0.004,0.995
612.69,-0.09,0.041,-0.004,0.995
612.87,-0.09,0.041,-0.004,0.995
613.5,-0.09,0.041,-0.004,0.995
613.23,-0.09,0.041,-0.004,0.995
613.42,-0.09,0.041,-0.004,0.995
613.6,-0.09,0.041,-0.004,0.995
613.78,-0.09,0.041,-0.004,0.995
613.96,-0.09,0.041,-0.004,0.995
614.15,-0.09,0.041,-0.004,0.995
614.33,-0.09,0.041,-0.004,0.995
614.51,-0.09,0.041,-0.004,0.995
614.69,-0.09,0.041,-0.004,0.995
614.87,-0.09,0.041,-0.004,0.995
615.6,-0.09,0.041,-0.004,0.995
615.24,-0.09,0.041,-0.004,0.995
615.42,-0.09,0.041,-0.004,0.995
615.6,-0.09,0.041,-0.004,0.995
615.79,-0.09,0.041,-0.004,0.995
615.97,-0.09,0.041,-0.004,0.995
616.15,-0.09,0.041,-0.004,0.995
616.33,-0.09,0.041,-0.004,0.995
616.52,-0.09,0.041,-0.004,0.995
616.7,-0.09,0.041,-0.004,0.995
617.79,-0.09,0.041,-0.004,0.995
617.97,-0.09,0.041,-0.004,0.995
618.16,-0.09,0.041,-0.004,0.995
618.34,-0.09,0.041,-0.004,0.995
618.52,-0.09,0.041,-0.004,0.995
618.7,-0.09,0.041,-0.004,0.995
618.89,-0.09,0.041,-0.004,0.995
619.7,-0.09,0.041,-0.004,0.995
619.25,-0.09,0.041,-0.004,0.995
619.43,-0.09,0.041,-0.004,0.995
619.61,-0.09,0.041,-0.004,0.995
619.8,-0.09,0.041,-0.004,0.995
619.98,-0.09,0.041,-0.004,0.995
620.16,-0.09,0.041,-0.004,0.995
620.34,-0.09,0.041,-0.004,0.995
620.53,-0.09,0.041,-0.004,0.995
620.71,-0.09,0.041,-0.004,0.995
620.89,-0.09,0.041,-0.004,0.995
621.7,-0.09,0.041,-0.004,0.995
621.25,-0.09,0.041,-0.004,0.995
621.44,-0.09,0.041,-0.004,0.995
621.62,-0.09,0.041,-0.004,0.995
621.8,-0.09,0.041,-0.004,0.995
621.98,-0.09,0.041,-0.004,0.995
622.17,-0.09,0.041,-0.004,0.995
622.35,-0.09,0.041,-0.004,0.995
622.53,-0.09,0.041,-0.004,0.995
622.71,-0.09,0.041,-0.004,0.995
622.9,-0.09,0.041,-0.004,0.995
623.8,-0.09,0.041,-0.004,0.995
623.26,-0.09,0.041,-0.004,0.995
623.44,-0.09,0.041,-0.004,0.995
623.63,-0.09,0.041,-0.004,0.995
623.81,-0.09,0.041,-0.004,0.995
623.99,-0.09,0.041,-0.004,0.995
624.17,-0.09,0.041,-0.004,0.995
624.35,-0.09,0.041,-0.004,0.995
624.54,-0.09,0.041,-0.004,0.995
624.72,-0.09,0.041,-0.004,0.995
624.9,-0.09,0.041,-0.004,0.995
625.8,-0.09,0.041,-0.004,0.995
625.27,-0.09,0.041,-0.004,0.995
625.45,-0.09,0.041,-0.004,0.995
625.63,-0.09,0.041,-0.004,0.995
625.81,-0.09,0.041,-0.004,0.995
625.99,-0.09,0.041,-0.004,0.995
626.18,-0.09,0.041,-0.004,0.995
626.36,-0.09,0.041,-0.004,0.995
626.54,-0.09,0.041,-0.004,0.995
626.72,-0.09,0.041,-0.004,0.995
626.91,-0.09,0.041,-0.004,0.995
627.9,-0.09,0.041,-0.004,0.995
627.27,-0.09,0.041,-0.004,0.995
627.45,-0.09,0.041,-0.004,0.995
627.64,-0.09,0.041,-0.004,0.995
627.82,-0.09,0.041,-0.004,0.995
628.0,-0.09,0.041,-0.004,0.995
628.18,-0.09,0.041,-0.004,0.995
628.36,-0.09,0.041,-0.004,0.995
628.55,-0.09,0.041,-0.004,0.995
628.73,-0.09,0.041,-0.004,0.995
628.91,-0.09,0.041,-0.004,0.995
629.9,-0.09,0.041,-0.004,0.995
629.28,-0.09,0.041,-0.004,0.995
629.46,-0.09,0.041,-0.004,0.995
629.64,-0.09,0.041,-0.004,0.995
629.82,-0.09,0.041,-0.004,0.995
630.1,-0.09,0.041,-0.004,0.995
630.19,-0.09,0.041,-0.004,0.995
630.37,-0.09,0.041,-0.004,0.995
630.55,-0.09,0.041,-0.004,0.995
630.73,-0.09,0.041,-0.004,0.995
630.92,-0.09,0.041,-0.004,0.995
631.1,-0.09,0.041,-0.004,0.995
631.28,-0.09,0.041,-0.004,0.995
631.46,-0.09,0.041,-0.004,0.995
631.65,-0.09,0.041,-0.004,0.995
631.83,-0.09,0.041,-0.004,0.995
632.1,-0.09,0.041,-0.004,0.995
632.19,-0.09,0.041,-0.004,0.995
632.38,-0.09,0.041,-0.004,0.995
632.56,-0.09,0.041,-0.004,0.995
632.74,-0.09,0.041,-0.004,0.995
632.92,-0.09,0.041,-0.004,0.995
633.1,-0.09,0.041,-0.004,0.995
633.29,-0.09,0.041,-0.004,0.995
633.47,-0.09,0.041,-0.004,0.995
633.65,-0.09,0.041,-0.004,0.995
633.83,-0.09,0.041,-0.004,0.995
634.2,-0.09,0.041,-0.004,0.995
634.2,-0.09,0.041,-0.004,0.995
634.38,-0.089,0.041,-0.004,0.995
634.56,-0.09,0.041,-0.004,0.995
634.75,-0.09,0.041,-0.004,0.995
634.93,-0.09,0.041,-0.004,0.995
635.11,-0.09,0.041,-0.004,0.995
635.29,-0.09,0.041,-0.004,0.995
635.47,-0.09,0.041,-0.004,0.995
635.66,-0.089,0.041,-0.004,0.995
635.84,-0.089,0.041,-0.004,0.995
636.2,-0.089,0.041,-0.004,0.995
636.2,-0.089,0.041,-0.004,0.995
636.39,-0.089,0.041,-0.004,0.995
636.57,-0.089,0.041,-0.004,0.995
636.75,-0.089,0.041,-0.004,0.995
636.93,-0.089,0.041,-0.004,0.995
637.11,-0.089,0.041,-0.004,0.995
637.3,-0.089,0.041,-0.004,0.995
637.48,-0.089,0.041,-0.004,0.995
637.66,-0.09,0.041,-0.004,0.995
637.84,-0.09,0.041,-0.004,0.995
638.3,-0.09,0.041,-0.004,0.995
638.21,-0.09,0.041,-0.004,0.995
638.39,-0.09,0.041,-0.004,0.995
638.57,-0.09,0.041,-0.004,0.995
638.76,-0.09,0.041,-0.004,0.995
638.94,-0.09,0.041,-0.004,0.995
639.12,-0.09,0.041,-0.004,0.995
639.3,-0.09,0.041,-0.004,0.995
639.48,-0.09,0.041,-0.004,0.995
639.67,-0.09,0.041,-0.004,0.995
639.85,-0.09,0.041,-0.004,0.995
640.3,-0.09,0.041,-0.004,0.995
640.21,-0.09,0.041,-0.004,0.995
640.4,-0.09,0.041,-0.004,0.995
640.58,-0.09,0.041,-0.004,0.995
640.76,-0.09,0.041,-0.004,0.995
640.94,-0.09,0.041,-0.004,0.995
641.12,-0.09,0.041,-0.004,0.995
641.31,-0.09,0.041,-0.004,0.995
641.49,-0.09,0.041,-0.004,0.995
641.67,-0.09,0.041,-0.004,0.995
641.85,-0.09,0.041,-0.004,0.995
642.4,-0.09,0.041,-0.004,0.995
642.22,-0.09,0.041,-0.004,0.995
642.4,-0.09,0.041,-0.004,0.995
642.58,-0.09,0.041,-0.004,0.995
642.77,-0.09,0.041,-0.004,0.995
642.95,-0.09,0.041,-0.004,0.995
643.13,-0.09,0.041,-0.004,0.995
643.31,-0.09,0.041,-0.004,0.995
643.49,-0.089,0.041,-0.004,0.995
643.68,-0.089,0.041,-0.004,0.995
643.86,-0.089,0.041,-0.004,0.995
644.4,-0.089,0.041,-0.004,0.995
644.22,-0.09,0.041,-0.004,0.995
644.41,-0.09,0.041,-0.004,0.995
644.59,-0.09,0.041,-0.004,0.995
645.68,-0.09,0.041,-0.004,0.995
645.86,-0.09,0.041,-0.004,0.995
646.5,-0.09,0.041,-0.004,0.995
646.23,-0.09,0.041,-0.004,0.995
646.41,-0.09,0.041,-0.004,0.995
646.59,-0.09,0.041,-0.004,0.995
646.78,-0.09,0.041,-0.004,0.995
646.96,-0.09,0.041,-0.004,0.995
647.14,-0.09,0.041,-0.004,0.995
647.32,-0.09,0.041,-0.004,0.995
647.5,-0.09,0.041,-0.004,0.995
647.69,-0.09,0.041,-0.004,0.995
647.87,-0.09,0.041,-0.004,0.995
648.5,-0.09,0.041,-0.004,0.995
648.23,-0.09,0.041,-0.004,0.995
648.42,-0.09,0.041,-0.004,0.995
648.6,-0.09,0.041,-0.004,0.995
648.78,-0.09,0.041,-0.004,0.995
648.96,-0.09,0.041,-0.004,0.995
649.15,-0.09,0.041,-0.004,0.995
649.33,-0.09,0.041,-0.004,0.995
649.51,-0.09,0.041,-0.004,0.995
649.69,-0.09,0.041,-0.004,0.995
649.87,-0.09,0.041,-0.004,0.995
650.6,-0.09,0.041,-0.004,0.995
650.24,-0.09,0.041,-0.004,0.995
650.42,-0.09,0.041,-0.004,0.995
650.6,-0.09,0.041,-0.004,0.995
650.79,-0.09,0.041,-0.004,0.995
650.97,-0.09,0.041,-0.004,0.995
651.15,-0.09,0.041,-0.004,0.995
651.33,-0.09,0.041,-0.004,0.995
651.51,-0.09,0.041,-0.004,0.995
651.7,-0.09,0.041,-0.004,0.995
651.88,-0.09,0.041,-0.004,0.995
652.6,-0.09,0.041,-0.004,0.995
652.24,-0.09,0.041,-0.004,0.995
652.43,-0.09,0.041,-0.004,0.995
652.61,-0.09,0.041,-0.004,0.995
652.79,-0.09,0.041,-0.004,0.995
652.97,-0.09,0.041,-0.004,0.995
653.16,-0.09,0.041,-0.004,0.995
653.34,-0.09,0.041,-0.004,0.995
653.52,-0.09,0.041,-0.004,0.995
653.7,-0.09,0.041,-0.004,0.995
653.88,-0.09,0.041,-0.004,0.995
654.7,-0.09,0.041,-0.004,0.995
654.25,-0.09,0.041,-0.004,0.995
654.43,-0.09,0.041,-0.004,0.995
654.61,-0.09,0.041,-0.004,0.995
654.8,-0.09,0.041,-0.004,0.995
654.98,-0.09,0.041,-0.004,0.995
655.16,-0.09,0.041,-0.004,0.995
655.34,-0.09,0.041,-0.004,0.995
655.53,-0.09,0.041,-0.004,0.995
655.71,-0.09,0.041,-0.004,0.995
655.89,-0.09,0.041,-0.004,0.995
656.98,-0.09,0.041,-0.004,0.995
657.17,-0.09,0.041,-0.004,0.995
657.35,-0.09,0.041,-0.004,0.995
657.53,-0.09,0.041,-0.004,0.995
657.71,-0.09,0.041,-0.004,0.995
657.9,-0.09,0.041,-0.004,0.995
658.8,-0.09,0.041,-0.004,0.995
658.26,-0.09,0.041,-0.004,0.995
658.44,-0.09,0.041,-0.004,0.995
658.62,-0.09,0.041,-0.004,0.995
658.81,-0.09,0.041,-0.004,0.995
658.99,-0.09,0.041,-0.004,0.995
659.17,-0.09,0.041,-0.004,0.995
659.35,-0.09,0.041,-0.004,0.995
659.54,-0.09,0.041,-0.004,0.995
659.72,-0.09,0.041,-0.004,0.995
659.9,-0.09,0.041,-0.004,0.995
660.8,-0.09,0.041,-0.004,0.995
660.26,-0.09,0.041,-0.004,0.995
660.45,-0.09,0.041,-0.004,0.995
660.63,-0.09,0.041,-0.004,0.995
660.81,-0.09,0.041,-0.004,0.995
660.99,-0.09,0.041,-0.004,0.995
661.18,-0.09,0.041,-0.004,0.995
661.36,-0.09,0.041,-0.004,0.995
661.54,-0.09,0.041,-0.004,0.994
661.72,-0.09,0.041,-0.004,0.994
661.91,-0.09,0.041,-0.004,0.994
662.9,-0.09,0.041,-0.004,0.994
662.27,-0.09,0.041,-0.004,0.994
662.45,-0.09,0.041,-0.004,0.994
662.63,-0.09,0.041,-0.004,0.995
662.82,-0.09,0.041,-0.004,0.995
663.0,-0.09,0.041,-0.004,0.995
663.18,-0.09,0.041,-0.004,0.995
663.36,-0.09,0.041,-0.004,0.995
663.55,-0.09,0.041,-0.004,0.995
663.73,-0.09,0.041,-0.004,0.995
663.91,-0.09,0.041,-0.004,0.995
664.9,-0.09,0.041,-0.004,0.995
664.27,-0.09,0.041,-0.004,0.995
664.46,-0.09,0.041,-0.004,0.995
664.64,-0.09,0.041,-0.004,0.995
664.82,-0.09,0.041,-0.004,0.995
665.0,-0.09,0.041,-0.004,0.995
665.19,-0.09,0.041,-0.004,0.995
665.37,-0.09,0.041,-0.004,0.995
665.55,-0.09,0.041,-0.004,0.995
665.73,-0.09,0.041,-0.004,0.995
665.92,-0.09,0.041,-0.004,0.995
666.1,-0.09,0.041,-0.004,0.995
666.28,-0.09,0.041,-0.004,0.995
666.46,-0.09,0.041,-0.004,0.995
666.64,-0.09,0.041,-0.004,0.995
666.83,-0.09,0.041,-0.004,0.995
667.1,-0.09,0.041,-0.004,0.995
667.19,-0.09,0.041,-0.004,0.995
667.37,-0.09,0.041,-0.004,0.995
667.56,-0.09,0.041,-0.004,0.995
667.74,-0.09,0.041,-0.004,0.995
667.92,-0.09,0.041,-0.004,0.995
668.1,-0.09,0.041,-0.004,0.995
668.29,-0.09,0.041,-0.004,0.995
668.47,-0.09,0.041,-0.004,0.995
668.65,-0.09,0.041,-0.004,0.995
668.83,-0.09,0.041,-0.004,0.995
669.1,-0.09,0.041,-0.004,0.995
669.2,-0.09,0.041,-0.004,0.995
669.38,-0.09,0.041,-0.004,0.995
669.56,-0.09,0.041,-0.004,0.995
669.74,-0.09,0.041,-0.004,0.995
669.93,-0.09,0.041,-0.004,0.995
670.11,-0.09,0.041,-0.004,0.995
670.29,-0.09,0.041,-0.004,0.995
670.47,-0.09,0.041,-0.004,0.995
670.65,-0.09,0.041,-0.004,0.995
670.84,-0.089,0.041,-0.004,0.995
671.2,-0.09,0.041,-0.004,0.995
671.2,-0.089,0.041,-0.004,0.995
671.38,-0.09,0.041,-0.004,0.995
671.57,-0.089,0.041,-0.004,0.995
671.75,-0.09,0.041,-0.004,0.995
671.93,-0.089,0.041,-0.004,0.995
672.11,-0.09,0.041,-0.004,0.995
672.3,-0.089,0.041,-0.004,0.995
672.48,-0.09,0.041,-0.004,0.995
672.66,-0.09,0.041,-0.004,0.995
672.84,-0.09,0.041,-0.004,0.995
673.2,-0.09,0.041,-0.004,0.995
673.21,-0.09,0.041,-0.004,0.995
673.39,-0.09,0.041,-0.004,0.995
673.57,-0.089,0.041,-0.004,0.995
673.75,-0.09,0.041,-0.004,0.995
673.94,-0.09,0.041,-0.004,0.995
674.12,-0.09,0.041,-0.004,0.995
674.3,-0.09,0.041,-0.004,0.995
674.48,-0.089,0.041,-0.004,0.995
674.67,-0.089,0.041,-0.004,0.995
674.85,-0.089,0.041,-0.004,0.995
675.3,-0.089,0.041,-0.004,0.995
675.21,-0.089,0.041,-0.004,0.995
675.39,-0.09,0.041,-0.004,0.995
675.58,-0.089,0.041,-0.004,0.995
675.76,-0.089,0.041,-0.004,0.995
675.94,-0.09,0.041,-0.004,0.995
676.12,-0.09,0.041,-0.004,0.994
676.31,-0.09,0.041,-0.004,0.995
676.49,-0.09,0.041,-0.004,0.995
676.67,-0.09,0.041,-0.004,0.995
676.85,-0.09,0.041,-0.004,0.995
677.4,-0.089,0.041,-0.004,0.995
677.22,-0.09,0.041,-0.004,0.995
677.4,-0.09,0.041,-0.004,0.995
677.58,-0.09,0.041,-0.004,0.995
677.76,-0.09,0.041,-0.004,0.995
677.95,-0.089,0.041,-0.004,0.995
678.13,-0.089,0.041,-0.004,0.995
678.31,-0.089,0.041,-0.004,0.995
678.49,-0.09,0.041,-0.004,0.995
678.68,-0.089,0.041,-0.004,0.995
678.86,-0.089,0.041,-0.004,0.995
679.4,-0.089,0.041,-0.004,0.995
679.22,-0.089,0.041,-0.004,0.995
679.41,-0.089,0.041,-0.004,0.995
679.59,-0.089,0.041,-0.004,0.995
679.77,-0.089,0.041,-0.004,0.995
679.95,-0.089,0.041,-0.003,0.995
680.13,-0.089,0.041,-0.003,0.995
680.32,-0.089,0.041,-0.003,0.995
680.5,-0.089,0.041,-0.003,0.995
680.68,-0.089,0.041,-0.003,0.995
680.86,-0.089,0.041,-0.003,0.995
681.5,-0.089,0.041,-0.003,0.995
682.14,-0.09,0.041,-0.003,0.995
682.32,-0.09,0.041,-0.003,0.995
682.5,-0.09,0.041,-0.003,0.995
682.69,-0.09,0.041,-0.003,0.995
682.87,-0.09,0.041,-0.003,0.995
683.5,-0.09,0.041,-0.003,0.995
683.23,-0.09,0.041,-0.003,0.995
683.41,-0.09,0.041,-0.003,0.995
683.6,-0.09,0.041,-0.003,0.995
683.78,-0.089,0.041,-0.003,0.995
683.96,-0.09,0.041,-0.003,0.995
684.14,-0.089,0.041,-0.003,0.995
684.33,-0.09,0.041,-0.003,0.995
684.51,-0.09,0.041,-0.003,0.995
684.69,-0.09,0.041,-0.003,0.995
684.87,-0.09,0.041,-0.003,0.995
685.6,-0.09,0.041,-0.003,0.995
686.33,-0.09,0.041,-0.003,0.995
686.51,-0.09,0.041,-0.003,0.995
686.7,-0.09,0.041,-0.003,0.995
686.88,-0.09,0.041,-0.003,0.995
687.6,-0.09,0.041,-0.003,0.995
687.24,-0.09,0.041,-0.003,0.995
687.42,-0.09,0.041,-0.003,0.995
687.61,-0.09,0.041,-0.003,0.995
687.79,-0.089,0.041,-0.003,0.995
687.97,-0.089,0.041,-0.003,0.995
688.15,-0.089,0.041,-0.003,0.995
688.34,-0.089,0.041,-0.003,0.995
695.44,-0.09,0.041,-0.003,0.995
695.63,-0.09,0.041,-0.003,0.994
695.81,-0.091,0.041,-0.003,0.994
695.99,-0.09,0.041,-0.003,0.995
696.17,-0.09,0.041,-0.003,0.995
696.36,-0.09,0.041,-0.003,0.994
696.54,-0.09,0.041,-0.003,0.995
696.72,-0.09,0.041,-0.003,0.994
696.9,-0.09,0.041,-0.003,0.994
697.9,-0.09,0.041,-0.003,0.995
697.27,-0.09,0.041,-0.003,0.995
697.45,-0.09,0.041,-0.003,0.994
697.63,-0.09,0.041,-0.003,0.995
697.81,-0.09,0.041,-0.003,0.995
698.0,-0.09,0.041,-0.003,0.995
698.18,-0.09,0.041,-0.003,0.995
698.36,-0.09,0.041,-0.003,0.995
698.54,-0.09,0.041,-0.003,0.995
698.73,-0.09,0.041,-0.003,0.995
698.91,-0.09,0.041,-0.003,0.995
699.9,-0.09,0.041,-0.003,0.995
699.27,-0.089,0.041,-0.003,0.995
701.1,-0.09,0.041,-0.003,0.995
701.28,-0.09,0.041,-0.003,0.995
701.46,-0.089,0.041,-0.003,0.995
701.64,-0.09,0.041,-0.003,0.995
701.82,-0.089,0.041,-0.003,0.995
702.1,-0.09,0.041,-0.003,0.995
702.19,-0.09,0.041,-0.003,0.995
702.37,-0.09,0.041,-0.003,0.995
702.55,-0.09,0.041,-0.003,0.995
702.74,-0.09,0.041,-0.003,0.995
702.92,-0.09,0.041,-0.003,0.995
703.1,-0.09,0.041,-0.003,0.995
703.28,-0.09,0.041,-0.003,0.995
703.47,-0.09,0.041,-0.003,0.995
703.65,-0.09,0.041,-0.003,0.995
703.83,-0.09,0.041,-0.003,0.995
704.1,-0.09,0.041,-0.003,0.995
704.19,-0.09,0.041,-0.003,0.995
704.38,-0.09,0.041,-0.003,0.995
704.56,-0.09,0.041,-0.003,0.995
704.74,-0.089,0.041,-0.003,0.995
704.92,-0.09,0.041,-0.003,0.994
705.11,-0.09,0.041,-0.003,0.995
705.29,-0.09,0.041,-0.003,0.995
705.47,-0.09,0.041,-0.003,0.995
705.65,-0.09,0.041,-0.003,0.995
705.84,-0.09,0.041,-0.003,0.995
706.2,-0.09,0.041,-0.003,0.995
706.2,-0.09,0.041,-0.003,0.995
706.38,-0.09,0.041,-0.003,0.995
706.56,-0.09,0.041,-0.003,0.995
706.75,-0.09,0.041,-0.003,0.995
706.93,-0.09,0.041,-0.003,0.995
707.11,-0.09,0.041,-0.003,0.994
707.29,-0.09,0.041,-0.003,0.994
707.48,-0.09,0.041,-0.003,0.994
707.66,-0.09,0.041,-0.003,0.994
707.84,-0.09,0.041,-0.003,0.994
708.2,-0.09,0.041,-0.003,0.994
708.21,-0.09,0.041,-0.003,0.995
708.39,-0.09,0.041,-0.003,0.995
708.57,-0.09,0.041,-0.003,0.995
708.75,-0.09,0.041,-0.003,0.995
708.93,-0.09,0.041,-0.003,0.995
709.12,-0.09,0.041,-0.003,0.995
709.3,-0.09,0.041,-0.003,0.995
709.48,-0.09,0.041,-0.003,0.995
709.66,-0.09,0.041,-0.003,0.995
709.85,-0.09,0.041,-0.003,0.995
710.3,-0.09,0.041,-0.003,0.995
710.21,-0.09,0.041,-0.003,0.995
710.39,-0.09,0.041,-0.003,0.995
710.58,-0.09,0.041,-0.003,0.995
710.76,-0.09,0.041,-0.003,0.995
710.94,-0.09,0.041,-0.003,0.995
711.12,-0.09,0.041,-0.003,0.995
713.86,-0.09,0.041,-0.003,0.995
714.4,-0.09,0.041,-0.003,0.995
714.22,-0.09,0.041,-0.003,0.995
714.4,-0.09,0.041,-0.003,0.995
714.59,-0.09,0.041,-0.003,0.995
714.77,-0.09,0.041,-0.003,0.995
714.95,-0.09,0.041,-0.003,0.995
715.13,-0.09,0.041,-0.003,0.995
715.31,-0.09,0.041,-0.003,0.995
715.5,-0.09,0.041,-0.003,0.995
715.68,-0.09,0.041,-0.003,0.995
715.86,-0.09,0.041,-0.003,0.995
716.4,-0.09,0.041,-0.003,0.995
716.23,-0.09,0.041,-0.003,0.995
716.41,-0.09,0.041,-0.003,0.995
716.59,-0.09,0.041,-0.003,0.995
716.77,-0.09,0.041,-0.003,0.995
716.95,-0.09,0.041,-0.003,0.995
717.14,-0.09,0.041,-0.003,0.995
717.32,-0.09,0.041,-0.003,0.995
717.5,-0.09,0.041,-0.003,0.995
717.68,-0.09,0.041,-0.003,0.995
717.87,-0.09,0.041,-0.003,0.995
718.5,-0.09,0.041,-0.003,0.994
718.23,-0.09,0.041,-0.003,0.994
718.41,-0.091,0.041,-0.003,0.994
718.6,-0.091,0.041,-0.003,0.994
722.42,-0.091,0.041,-0.003,0.994
722.61,-0.091,0.041,-0.003,0.994
722.79,-0.091,0.041,-0.003,0.994
722.97,-0.091,0.041,-0.003,0.994
723.15,-0.091,0.041,-0.003,0.994
723.33,-0.091,0.041,-0.003,0.994
723.52,-0.091,0.041,-0.003,0.994
723.7,-0.09,0.041,-0.003,0.994
723.88,-0.09,0.041,-0.003,0.995
724.6,-0.09,0.041,-0.003,0.994
724.25,-0.091,0.041,-0.003,0.994
724.43,-0.091,0.041,-0.003,0.994
724.61,-0.091,0.041,-0.003,0.994
724.79,-0.09,0.041,-0.003,0.994
724.98,-0.09,0.041,-0.003,0.995
725.16,-0.09,0.041,-0.003,0.995
725.34,-0.09,0.041,-0.003,0.995
725.52,-0.09,0.041,-0.003,0.995
725.7,-0.09,0.041,-0.003,0.995
725.89,-0.09,0.041,-0.003,0.995
726.7,-0.09,0.041,-0.003,0.995
726.25,-0.09,0.041,-0.003,0.995
726.43,-0.09,0.041,-0.003,0.995
726.62,-0.09,0.041,-0.003,0.995
726.8,-0.09,0.041,-0.003,0.995
726.98,-0.09,0.041,-0.003,0.995
727.16,-0.09,0.041,-0.003,0.995
727.34,-0.09,0.041,-0.003,0.995
727.53,-0.09,0.041,-0.003,0.995
727.71,-0.09,0.041,-0.003,0.995
727.89,-0.09,0.041,-0.003,0.995
728.7,-0.09,0.041,-0.003,0.995
728.26,-0.09,0.041,-0.003,0.995
728.44,-0.09,0.041,-0.003,0.995
728.62,-0.09,0.041,-0.003,0.995
728.8,-0.09,0.041,-0.003,0.995
728.98,-0.09,0.041,-0.003,0.995
729.17,-0.09,0.041,-0.003,0.995
729.35,-0.09,0.041,-0.003,0.995
729.53,-0.09,0.041,-0.003,0.995
729.71,-0.09,0.041,-0.003,0.994
729.9,-0.09,0.041,-0.003,0.994
730.8,-0.09,0.041,-0.003,0.995
730.26,-0.09,0.041,-0.003,0.995
730.44,-0.09,0.041,-0.003,0.995
730.63,-0.09,0.041,-0.003,0.995
730.81,-0.09,0.041,-0.003,0.995
730.99,-0.09,0.041,-0.003,0.995
731.17,-0.09,0.041,-0.003,0.995
731.35,-0.09,0.041,-0.003,0.995
731.54,-0.09,0.041,-0.003,0.995
731.72,-0.09,0.041,-0.003,0.995
731.9,-0.09,0.041,-0.003,0.995
732.8,-0.09,0.041,-0.003,0.995
732.27,-0.09,0.041,-0.003,0.995
732.45,-0.09,0.041,-0.003,0.995
736.9,-0.09,0.041,-0.003,0.995
736.28,-0.09,0.041,-0.003,0.995
736.46,-0.09,0.041,-0.003,0.995
736.64,-0.09,0.041,-0.003,0.995
736.82,-0.09,0.041,-0.003,0.995
737.0,-0.09,0.041,-0.003,0.995
737.19,-0.09,0.041,-0.003,0.995
737.37,-0.09,0.041,-0.003,0.995
737.55,-0.09,0.041,-0.003,0.995
737.73,-0.09,0.041,-0.003,0.995
737.92,-0.09,0.041,-0.003,0.995
738.1,-0.09,0.041,-0.003,0.995
738.28,-0.09,0.041,-0.003,0.995
738.46,-0.09,0.041,-0.003,0.995
738.65,-0.09,0.041,-0.003,0.995
738.83,-0.09,0.041,-0.003,0.995
739.1,-0.09,0.041,-0.003,0.995
739.19,-0.09,0.041,-0.003,0.995
739.37,-0.09,0.041,-0.003,0.995
739.56,-0.09,0.041,-0.003,0.995
739.74,-0.09,0.041,-0.003,0.995
739.92,-0.09,0.041,-0.003,0.995
740.1,-0.09,0.041,-0.003,0.995
740.29,-0.09,0.041,-0.003,0.995
740.47,-0.09,0.041,-0.003,0.995
740.65,-0.09,0.041,-0.003,0.995
740.83,-0.09,0.041,-0.003,0.995
741.1,-0.09,0.041,-0.003,0.995
741.2,-0.09,0.041,-0.003,0.995
741.38,-0.09,0.041,-0.003,0.995
741.56,-0.09,0.041,-0.003,0.995
741.74,-0.09,0.041,-0.003,0.995
741.93,-0.09,0.041,-0.003,0.995
742.11,-0.09,0.041,-0.003,0.995
742.29,-0.09,0.041,-0.003,0.995
742.47,-0.09,0.041,-0.003,0.995
742.66,-0.09,0.041,-0.003,0.995
742.84,-0.09,0.041,-0.003,0.995
743.2,-0.09,0.041,-0.003,0.995
743.2,-0.089,0.042,-0.003,0.995
743.38,-0.09,0.041,-0.003,0.995
743.57,-0.089,0.041,-0.003,0.995
743.75,-0.09,0.041,-0.003,0.995
743.93,-0.089,0.041,-0.003,0.995
744.11,-0.09,0.041,-0.003,0.995
744.3,-0.09,0.041,-0.003,0.995
744.48,-0.09,0.041,-0.003,0.995
744.66,-0.09,0.041,-0.003,0.995
744.84,-0.089,0.041,-0.003,0.995
745.3,-0.089,0.041,-0.003,0.995
745.21,-0.09,0.041,-0.003,0.995
745.39,-0.089,0.041,-0.003,0.995
745.57,-0.089,0.041,-0.003,0.995
745.75,-0.09,0.041,-0.003,0.995
745.94,-0.09,0.041,-0.003,0.995
746.12,-0.09,0.041,-0.003,0.995
746.3,-0.09,0.041,-0.003,0.995
746.48,-0.09,0.041,-0.003,0.995
746.67,-0.09,0.041,-0.003,0.995
746.85,-0.09,0.041,-0.003,0.995
747.3,-0.09,0.041,-0.003,0.995
747.21,-0.09,0.041,-0.003,0.995
747.4,-0.09,0.041,-0.003,0.995
747.58,-0.09,0.041,-0.003,0.995
747.76,-0.09,0.041,-0.003,0.995
747.94,-0.09,0.041,-0.003,0.995
748.12,-0.09,0.041,-0.003,0.995
748.31,-0.09,0.041,-0.003,0.995
748.49,-0.09,0.041,-0.003,0.995
748.67,-0.09,0.041,-0.003,0.995
748.85,-0.09,0.041,-0.003,0.995
749.4,-0.09,0.041,-0.003,0.995
749.22,-0.09,0.041,-0.003,0.995
749.4,-0.09,0.041,-0.003,0.995
749.58,-0.09,0.041,-0.003,0.995
749.77,-0.09,0.041,-0.003,0.995
749.95,-0.09,0.041,-0.003,0.995
750.13,-0.09,0.041,-0.003,0.995
750.31,-0.09,0.041,-0.003,0.995
750.49,-0.09,0.041,-0.003,0.995
750.68,-0.09,0.041,-0.003,0.995
750.86,-0.09,0.041,-0.003,0.995
751.4,-0.09,0.041,-0.003,0.995
751.22,-0.09,0.041,-0.003,0.995
751.41,-0.09,0.041,-0.003,0.995
751.59,-0.09,0.041,-0.003,0.995
751.77,-0.09,0.041,-0.003,0.995
751.95,-0.09,0.041,-0.003,0.995
752.13,-0.09,0.041,-0.003,0.995
752.32,-0.09,0.041,-0.003,0.995
752.5,-0.09,0.041,-0.003,0.995
752.68,-0.09,0.041,-0.003,0.995
752.86,-0.09,0.041,-0.003,0.995
753.5,-0.09,0.041,-0.003,0.995
753.23,-0.09,0.041,-0.003,0.995
753.41,-0.09,0.041,-0.003,0.995
753.59,-0.09,0.041,-0.003,0.995
753.78,-0.09,0.041,-0.003,0.995
753.96,-0.09,0.041,-0.003,0.995
754.14,-0.09,0.041,-0.003,0.995
754.32,-0.09,0.041,-0.003,0.995
754.5,-0.09,0.041,-0.003,0.995
754.69,-0.089,0.041,-0.003,0.995
754.87,-0.089,0.041,-0.003,0.995
755.5,-0.09,0.041,-0.003,0.995
755.23,-0.09,0.041,-0.003,0.995
755.42,-0.09,0.041,-0.003,0.995
755.6,-0.09,0.041,-0.003,0.995
755.78,-0.09,0.041,-0.003,0.995
755.96,-0.09,0.041,-0.003,0.995
756.15,-0.09,0.041,-0.003,0.995
756.33,-0.09,0.041,-0.003,0.995
756.51,-0.089,0.041,-0.003,0.995
756.69,-0.089,0.041,-0.003,0.995
756.87,-0.09,0.041,-0.003,0.995
757.6,-0.09,0.041,-0.003,0.995
757.24,-0.09,0.041,-0.003,0.995
757.42,-0.09,0.041,-0.003,0.995
757.6,-0.089,0.041,-0.003,0.995
757.79,-0.09,0.041,-0.003,0.995
757.97,-0.089,0.041,-0.003,0.995
758.15,-0.089,0.041,-0.003,0.995
758.33,-0.089,0.041,-0.003,0.995
758.52,-0.089,0.041,-0.003,0.995
758.7,-0.09,0.041,-0.003,0.995
758.88,-0.09,0.041,-0.003,0.995
759.6,-0.09,0.041,-0.003,0.995
759.24,-0.09,0.041,-0.003,0.995
759.43,-0.09,0.041,-0.003,0.995
759.61,-0.09,0.041,-0.003,0.995
759.79,-0.09,0.041,-0.003,0.995
759.97,-0.09,0.041,-0.003,0.995
760.16,-0.09,0.041,-0.003,0.995
760.34,-0.09,0.041,-0.003,0.995
760.52,-0.09,0.041,-0.003,0.995
760.7,-0.09,0.041,-0.003,0.995
760.89,-0.09,0.041,-0.003,0.995
761.7,-0.09,0.041,-0.003,0.995
761.25,-0.09,0.041,-0.003,0.995
761.43,-0.09,0.041,-0.003,0.995
761.61,-0.09,0.041,-0.003,0.995
761.8,-0.089,0.041,-0.003,0.995
761.98,-0.089,0.041,-0.003,0.995
762.16,-0.089,0.041,-0.003,0.995
762.34,-0.089,0.041,-0.003,0.995
762.53,-0.089,0.041,-0.003,0.995
762.71,-0.09,0.041,-0.003,0.995
762.89,-0.089,0.041,-0.003,0.995
763.7,-0.09,0.041,-0.003,0.995
763.25,-0.089,0.041,-0.003,0.995
763.44,-0.089,0.041,-0.003,0.995
763.62,-0.089,0.041,-0.003,0.995
763.8,-0.089,0.041,-0.003,0.995
763.98,-0.089,0.041,-0.003,0.995
764.17,-0.089,0.041,-0.003,0.995
764.35,-0.089,0.041,-0.003,0.995
764.53,-0.089,0.041,-0.003,0.995
764.71,-0.089,0.041,-0.003,0.995
764.9,-0.089,0.041,-0.003,0.995
765.8,-0.089,0.041,-0.003,0.995
765.26,-0.089,0.041,-0.003,0.995
765.44,-0.089,0.041,-0.003,0.995
765.62,-0.09,0.041,-0.003,0.995
765.81,-0.09,0.041,-0.003,0.995
765.99,-0.09,0.041,-0.003,0.995
766.17,-0.09,0.041,-0.003,0.995
766.35,-0.09,0.041,-0.003,0.995
766.54,-0.09,0.041,-0.003,0.995
766.72,-0.09,0.041,-0.003,0.995
766.9,-0.09,0.041,-0.003,0.995
767.8,-0.09,0.041,-0.003,0.995
767.27,-0.09,0.041,-0.003,0.995
767.45,-0.09,0.041,-0.003,0.995
767.63,-0.09,0.041,-0.003,0.995
767.81,-0.09,0.041,-0.003,0.995
767.99,-0.09,0.041,-0.003,0.995
768.18,-0.09,0.041,-0.003,0.995
768.36,-0.089,0.041,-0.003,0.995
768.54,-0.089,0.041,-0.003,0.995
768.72,-0.089,0.041,-0.003,0.995
768.91,-0.089,0.041,-0.003,0.995
769.9,-0.089,0.041,-0.003,0.995
769.27,-0.089,0.041,-0.003,0.995
769.45,-0.089,0.041,-0.003,0.995
769.64,-0.09,0.041,-0.003,0.995
769.82,-0.09,0.041,-0.003,0.995
770.0,-0.09,0.041,-0.003,0.995
770.18,-0.09,0.041,-0.003,0.995
770.36,-0.09,0.041,-0.003,0.995
770.55,-0.09,0.041,-0.003,0.995
770.73,-0.09,0.041,-0.003,0.995
770.91,-0.089,0.041,-0.003,0.995
771.9,-0.089,0.041,-0.003,0.995
771.28,-0.089,0.041,-0.003,0.995
771.46,-0.089,0.041,-0.003,0.995
771.64,-0.089,0.041,-0.003,0.995
771.82,-0.09,0.041,-0.003,0.995
772.1,-0.09,0.041,-0.003,0.995
772.19,-0.09,0.041,-0.003,0.995
772.37,-0.09,0.041,-0.003,0.995
772.55,-0.089,0.041,-0.003,0.995
772.73,-0.089,0.041,-0.003,0.995
772.92,-0.089,0.041,-0.003,0.995
773.1,-0.089,0.041,-0.003,0.995
773.28,-0.09,0.041,-0.003,0.995
773.46,-0.09,0.041,-0.003,0.995
773.65,-0.09,0.041,-0.003,0.995
773.83,-0.09,0.041,-0.003,0.995
774.1,-0.09,0.041,-0.003,0.995
774.19,-0.09,0.041,-0.003,0.995
774.38,-0.09,0.041,-0.003,0.995
774.56,-0.09,0.041,-0.003,0.995
774.74,-0.09,0.041,-0.003,0.995
774.92,-0.09,0.041,-0.003,0.995
775.1,-0.09,0.041,-0.003,0.995
775.29,-0.09,0.041,-0.003,0.995
775.47,-0.09,0.041,-0.003,0.995
775.65,-0.09,0.041,-0.003,0.995
775.83,-0.09,0.041,-0.003,0.995
776.2,-0.09,0.041,-0.003,0.995
776.2,-0.09,0.041,-0.003,0.995
776.38,-0.09,0.041,-0.003,0.995
776.56,-0.09,0.041,-0.003,0.995
776.75,-0.09,0.041,-0.003,0.995
776.93,-0.09,0.041,-0.003,0.995
777.11,-0.09,0.041,-0.003,0.995
777.29,-0.09,0.041,-0.003,0.995
777.47,-0.09,0.041,-0.003,0.995
777.66,-0.09,0.041,-0.003,0.995
777.84,-0.09,0.041,-0.003,0.995
778.2,-0.09,0.041,-0.003,0.995
778.2,-0.09,0.041,-0.003,0.995
778.39,-0.09,0.041,-0.003,0.995
778.57,-0.09,0.041,-0.003,0.995
778.75,-0.09,0.041,-0.003,0.995
778.93,-0.09,0.041,-0.003,0.995
779.12,-0.09,0.041,-0.003,0.995
779.3,-0.09,0.041,-0.003,0.995
779.48,-0.09,0.041,-0.003,0.995
779.66,-0.09,0.041,-0.003,0.995
779.84,-0.09,0.041,-0.003,0.995
780.3,-0.09,0.041,-0.003,0.995
780.21,-0.09,0.041,-0.003,0.995
780.39,-0.09,0.041,-0.003,0.995
780.57,-0.09,0.041,-0.003,0.995
780.76,-0.09,0.041,-0.003,0.995
780.94,-0.09,0.041,-0.003,0.995
781.12,-0.09,0.041,-0.003,0.995
781.3,-0.09,0.041,-0.003,0.995
781.48,-0.09,0.041,-0.003,0.995
781.67,-0.09,0.041,-0.003,0.995
781.85,-0.09,0.041,-0.003,0.995
782.3,-0.09,0.041,-0.003,0.995
782.21,-0.09,0.041,-0.003,0.995
782.4,-0.09,0.041,-0.003,0.995
782.58,-0.09,0.041,-0.003,0.995
782.76,-0.09,0.041,-0.003,0.995
782.94,-0.09,0.041,-0.003,0.995
783.13,-0.09,0.041,-0.003,0.995
783.31,-0.09,0.041,-0.003,0.995
783.49,-0.09,0.041,-0.003,0.995
783.67,-0.089,0.041,-0.003,0.995
783.85,-0.09,0.041,-0.003,0.995
784.4,-0.09,0.041,-0.003,0.995
784.22,-0.09,0.041,-0.003,0.995
784.4,-0.09,0.041,-0.003,0.995
784.58,-0.09,0.041,-0.003,0.995
784.77,-0.09,0.041,-0.003,0.995
784.95,-0.09,0.041,-0.003,0.995
785.13,-0.09,0.041,-0.003,0.995
785.31,-0.09,0.041,-0.003,0.995
785.5,-0.09,0.041,-0.003,0.995
785.68,-0.09,0.041,-0.003,0.995
785.86,-0.09,0.041,-0.003,0.995
786.4,-0.09,0.041,-0.003,0.995
786.22,-0.09,0.041,-0.003,0.995
786.41,-0.09,0.041,-0.003,0.995
786.59,-0.09,0.041,-0.003,0.995
786.77,-0.09,0.041,-0.003,0.995
786.95,-0.09,0.041,-0.003,0.995
787.14,-0.09,0.041,-0.003,0.995
787.32,-0.09,0.041,-0.003,0.995
787.5,-0.09,0.041,-0.003,0.995
787.68,-0.09,0.041,-0.003,0.995
787.87,-0.09,0.041,-0.003,0.995
788.5,-0.09,0.041,-0.003,0.995
788.23,-0.09,0.041,-0.003,0.995
788.41,-0.09,0.041,-0.003,0.995
788.59,-0.09,0.041,-0.003,0.995
788.78,-0.09,0.041,-0.003,0.995
788.96,-0.09,0.041,-0.003,0.995
789.14,-0.09,0.041,-0.003,0.995
789.32,-0.09,0.041,-0.003,0.995
789.51,-0.09,0.041,-0.003,0.995
789.69,-0.09,0.041,-0.003,0.995
789.87,-0.09,0.041,-0.003,0.995
790.5,-0.09,0.041,-0.003,0.995
790.24,-0.09,0.041,-0.003,0.995
790.42,-0.09,0.041,-0.003,0.995
790.6,-0.09,0.041,-0.003,0.995
790.78,-0.09,0.041,-0.003,0.995
790.96,-0.09,0.041,-0.003,0.995
791.15,-0.09,0.041,-0.003,0.995
791.33,-0.09,0.041,-0.003,0.995
791.51,-0.09,0.041,-0.003,0.995
791.69,-0.09,0.041,-0.003,0.995
791.88,-0.09,0.041,-0.003,0.995
792.6,-0.09,0.041,-0.003,0.995
792.24,-0.09,0.041,-0.003,0.995
792.42,-0.09,0.041,-0.003,0.995
792.61,-0.09,0.041,-0.003,0.995
792.79,-0.09,0.041,-0.003,0.995
792.97,-0.09,0.041,-0.003,0.995
793.15,-0.09,0.041,-0.003,0.995
793.33,-0.09,0.041,-0.003,0.995
793.52,-0.09,0.041,-0.003,0.995
793.7,-0.09,0.041,-0.003,0.995
793.88,-0.09,0.041,-0.003,0.995
794.6,-0.09,0.041,-0.003,0.995
794.25,-0.09,0.041,-0.003,0.995
794.43,-0.09,0.041,-0.003,0.995
794.61,-0.09,0.041,-0.003,0.995
794.79,-0.09,0.041,-0.003,0.995
794.97,-0.09,0.041,-0.003,0.995
795.16,-0.09,0.041,-0.003,0.995
795.34,-0.09,0.041,-0.002,0.995
795.52,-0.089,0.041,-0.002,0.995
795.7,-0.09,0.041,-0.002,0.995
795.89,-0.089,0.041,-0.002,0.995
796.7,-0.089,0.041,-0.002,0.995
796.25,-0.09,0.041,-0.002,0.995
796.43,-0.09,0.041,-0.002,0.995
796.62,-0.089,0.041,-0.002,0.995
796.8,-0.09,0.041,-0.002,0.995
804.45,-0.09,0.041,-0.003,0.994
804.64,-0.09,0.041,-0.003,0.994
804.82,-0.09,0.041,-0.002,0.994
805.0,-0.09,0.041,-0.002,0.994
805.18,-0.09,0.041,-0.002,0.995
805.37,-0.09,0.041,-0.002,0.995
805.55,-0.09,0.041,-0.002,0.995
805.73,-0.09,0.041,-0.002,0.995
805.91,-0.09,0.041,-0.002,0.995
806.9,-0.09,0.041,-0.002,0.995
806.28,-0.09,0.041,-0.002,0.995
806.46,-0.09,0.041,-0.002,0.995
806.64,-0.09,0.041,-0.003,0.995
806.82,-0.09,0.041,-0.003,0.995
807.1,-0.09,0.041,-0.002,0.995
807.19,-0.09,0.041,-0.002,0.995
807.37,-0.09,0.041,-0.002,0.995
807.55,-0.09,0.041,-0.002,0.995
807.73,-0.09,0.041,-0.002,0.995
807.92,-0.09,0.041,-0.002,0.995
808.1,-0.09,0.041,-0.002,0.995
808.28,-0.09,0.041,-0.002,0.995
808.46,-0.09,0.041,-0.002,0.995
808.65,-0.09,0.041,-0.003,0.995
808.83,-0.09,0.041,-0.003,0.995
809.1,-0.09,0.041,-0.003,0.995
809.19,-0.09,0.041,-0.003,0.995
809.38,-0.09,0.041,-0.003,0.995
809.56,-0.09,0.041,-0.003,0.995
809.74,-0.09,0.041,-0.003,0.995
809.92,-0.09,0.041,-0.003,0.995
810.1,-0.09,0.041,-0.003,0.995
810.29,-0.09,0.041,-0.003,0.995
810.47,-0.09,0.041,-0.003,0.995
810.65,-0.09,0.041,-0.003,0.995
810.83,-0.09,0.041,-0.002,0.995
811.2,-0.09,0.041,-0.002,0.995
811.2,-0.09,0.041,-0.002,0.995
811.38,-0.09,0.041,-0.002,0.995
811.56,-0.09,0.041,-0.002,0.995
811.74,-0.09,0.041,-0.002,0.995
811.93,-0.09,0.041,-0.002,0.995
812.11,-0.09,0.041,-0.002,0.995
812.29,-0.09,0.041,-0.002,0.995
812.47,-0.09,0.041,-0.002,0.995
812.66,-0.09,0.041,-0.002,0.995
812.84,-0.09,0.041,-0.002,0.995
813.2,-0.09,0.041,-0.002,0.995
813.2,-0.09,0.041,-0.002,0.995
813.38,-0.09,0.041,-0.002,0.995
813.57,-0.09,0.041,-0.002,0.995
813.75,-0.09,0.041,-0.002,0.995
813.93,-0.09,0.041,-0.002,0.995
814.11,-0.09,0.041,-0.002,0.995
814.3,-0.09,0.041,-0.002,0.995
814.48,-0.09,0.041,-0.002,0.995
814.66,-0.09,0.041,-0.002,0.995
814.84,-0.09,0.041,-0.002,0.995
815.2,-0.089,0.041,-0.002,0.995
815.21,-0.09,0.041,-0.002,0.995
815.39,-0.09,0.041,-0.002,0.995
815.57,-0.09,0.041,-0.002,0.995
815.75,-0.09,0.041,-0.002,0.995
815.94,-0.09,0.041,-0.002,0.995
816.12,-0.09,0.041,-0.002,0.995
816.3,-0.09,0.041,-0.002,0.995
816.48,-0.09,0.041,-0.002,0.995
816.67,-0.09,0.041,-0.002,0.995
816.85,-0.09,0.041,-0.002,0.995
817.3,-0.09,0.041,-0.002,0.995
817.21,-0.09,0.041,-0.002,0.995
817.39,-0.09,0.041,-0.002,0.995
817.58,-0.09,0.041,-0.002,0.995
817.76,-0.09,0.041,-0.002,0.995
817.94,-0.089,0.041,-0.002,0.995
818.12,-0.09,0.041,-0.002,0.995
818.31,-0.09,0.041,-0.002,0.995
818.49,-0.09,0.041,-0.002,0.995
818.67,-0.09,0.041,-0.002,0.995
818.85,-0.09,0.041,-0.002,0.995
819.3,-0.09,0.041,-0.002,0.995
819.22,-0.09,0.041,-0.002,0.995
819.4,-0.09,0.041,-0.002,0.995
819.58,-0.09,0.041,-0.002,0.995
819.76,-0.09,0.041,-0.002,0.995
819.95,-0.09,0.041,-0.002,0.995
820.13,-0.09,0.041,-0.002,0.995
820.31,-0.09,0.041,-0.002,0.995
820.49,-0.09,0.041,-0.002,0.995
820.68,-0.09,0.041,-0.002,0.995
820.86,-0.09,0.041,-0.002,0.995
821.4,-0.09,0.041,-0.002,0.995
821.22,-0.09,0.041,-0.002,0.995
821.4,-0.09,0.041,-0.002,0.995
821.59,-0.09,0.041,-0.002,0.995
821.77,-0.09,0.041,-0.002,0.995
821.95,-0.09,0.041,-0.002,0.995
822.13,-0.09,0.041,-0.002,0.995
822.32,-0.089,0.041,-0.002,0.995
822.5,-0.089,0.041,-0.002,0.995
822.68,-0.09,0.041,-0.002,0.995
822.86,-0.089,0.041,-0.002,0.995
823.4,-0.089,0.041,-0.002,0.995
823.23,-0.09,0.041,-0.002,0.995
823.41,-0.09,0.041,-0.002,0.995
823.59,-0.09,0.041,-0.002,0.995
823.77,-0.09,0.041,-0.002,0.995
823.96,-0.09,0.041,-0.002,0.995
824.14,-0.09,0.041,-0.002,0.995
824.32,-0.09,0.041,-0.002,0.995
824.5,-0.09,0.041,-0.002,0.995
824.69,-0.09,0.041,-0.002,0.995
824.87,-0.09,0.041,-0.002,0.995
825.5,-0.09,0.041,-0.002,0.995
825.23,-0.09,0.041,-0.002,0.995
825.41,-0.09,0.041,-0.002,0.995
825.6,-0.09,0.041,-0.002,0.995
825.78,-0.09,0.041,-0.002,0.995
825.96,-0.09,0.041,-0.002,0.995
826.14,-0.09,0.041,-0.002,0.995
826.33,-0.09,0.041,-0.002,0.995
826.51,-0.09,0.041,-0.002,0.995
826.69,-0.09,0.041,-0.002,0.995
826.87,-0.09,0.041,-0.002,0.995
827.5,-0.089,0.041,-0.002,0.995
827.24,-0.089,0.041,-0.002,0.995
827.42,-0.089,0.041,-0.002,0.995
827.6,-0.089,0.041,-0.002,0.995
827.78,-0.089,0.041,-0.002,0.995
827.97,-0.089,0.041,-0.002,0.995
828.15,-0.089,0.041,-0.002,0.995
828.33,-0.089,0.041,-0.002,0.995
828.51,-0.089,0.041,-0.002,0.995
828.7,-0.089,0.041,-0.002,0.995
828.88,-0.09,0.041,-0.002,0.995
829.6,-0.09,0.041,-0.002,0.995
829.24,-0.09,0.041,-0.002,0.995
829.42,-0.09,0.041,-0.002,0.995
829.61,-0.09,0.041,-0.002,0.995
829.79,-0.09,0.041,-0.002,0.995
829.97,-0.09,0.041,-0.002,0.995
830.15,-0.09,0.041,-0.002,0.995
830.34,-0.089,0.041,-0.002,0.995
830.52,-0.09,0.041,-0.002,0.995
830.7,-0.089,0.041,-0.002,0.995
830.88,-0.089,0.041,-0.002,0.995
831.6,-0.089,0.041,-0.002,0.995
831.25,-0.089,0.041,-0.002,0.995
831.43,-0.089,0.041,-0.002,0.995
831.61,-0.089,0.041,-0.002,0.995
831.79,-0.089,0.041,-0.002,0.995
831.98,-0.089,0.041,-0.002,0.995
832.16,-0.089,0.041,-0.002,0.995
832.34,-0.09,0.041,-0.002,0.995
832.52,-0.09,0.041,-0.002,0.995
832.7,-0.09,0.041,-0.002,0.995
832.89,-0.09,0.041,-0.002,0.995
833.7,-0.09,0.041,-0.002,0.995
833.25,-0.09,0.041,-0.002,0.995
833.43,-0.09,0.041,-0.002,0.995
833.62,-0.089,0.041,-0.002,0.995
833.8,-0.089,0.041,-0.002,0.995
833.98,-0.089,0.041,-0.002,0.995
834.16,-0.089,0.041,-0.002,0.995
834.34,-0.09,0.041,-0.002,0.995
834.53,-0.09,0.041,-0.002,0.995
834.71,-0.09,0.041,-0.002,0.995
834.89,-0.09,0.041,-0.002,0.995
835.7,-0.09,0.041,-0.002,0.995
835.26,-0.09,0.041,-0.002,0.995
835.44,-0.09,0.041,-0.002,0.995
835.62,-0.09,0.041,-0.002,0.995
835.8,-0.09,0.041,-0.002,0.995
835.99,-0.09,0.041,-0.002,0.995
836.17,-0.09,0.041,-0.002,0.995
836.35,-0.09,0.041,-0.002,0.995
836.53,-0.09,0.041,-0.002,0.995
836.71,-0.09,0.041,-0.002,0.995
836.9,-0.09,0.041,-0.002,0.995
837.8,-0.09,0.041,-0.002,0.995
837.26,-0.09,0.041,-0.002,0.995
837.44,-0.09,0.041,-0.002,0.995
837.63,-0.09,0.041,-0.002,0.995
837.81,-0.09,0.041,-0.002,0.995
837.99,-0.09,0.041,-0.002,0.995
838.17,-0.09,0.041,-0.002,0.995
838.35,-0.09,0.041,-0.002,0.995
838.54,-0.09,0.041,-0.002,0.995
838.72,-0.09,0.041,-0.002,0.995
838.9,-0.09,0.041,-0.002,0.995
839.8,-0.09,0.041,-0.002,0.995
839.27,-0.09,0.041,-0.002,0.995
839.45,-0.09,0.041,-0.002,0.995
839.63,-0.09,0.041,-0.002,0.995
839.81,-0.09,0.041,-0.002,0.995
839.99,-0.09,0.041,-0.002,0.995
840.18,-0.09,0.041,-0.002,0.995
840.36,-0.09,0.041,-0.002,0.995
840.54,-0.09,0.041,-0.002,0.995
840.72,-0.089,0.041,-0.002,0.995
840.91,-0.09,0.041,-0.002,0.995
841.9,-0.09,0.041,-0.002,0.995
841.27,-0.09,0.041,-0.002,0.995
841.45,-0.09,0.041,-0.002,0.995
841.63,-0.09,0.041,-0.002,0.995
849.11,-0.09,0.041,-0.002,0.995
849.29,-0.09,0.041,-0.002,0.995
849.47,-0.09,0.041,-0.002,0.995
849.65,-0.089,0.041,-0.002,0.995
849.84,-0.09,0.041,-0.002,0.995
850.2,-0.09,0.041,-0.002,0.995
850.2,-0.09,0.041,-0.002,0.995
850.38,-0.09,0.041,-0.002,0.995
850.57,-0.09,0.041,-0.002,0.995
850.75,-0.09,0.041,-0.002,0.995
850.93,-0.09,0.041,-0.002,0.995
851.11,-0.09,0.041,-0.002,0.995
851.29,-0.09,0.041,-0.002,0.995
851.48,-0.09,0.041,-0.002,0.995
851.66,-0.09,0.041,-0.002,0.995
851.84,-0.09,0.041,-0.002,0.995
852.2,-0.09,0.041,-0.002,0.995
852.21,-0.09,0.041,-0.002,0.995
852.39,-0.09,0.041,-0.002,0.995
852.57,-0.09,0.041,-0.002,0.995
852.75,-0.09,0.041,-0.002,0.995
852.94,-0.09,0.041,-0.002,0.995
853.12,-0.09,0.041,-0.002,0.995
853.3,-0.09,0.041,-0.002,0.995
853.48,-0.09,0.041,-0.002,0.995
853.66,-0.09,0.041,-0.002,0.995
853.85,-0.09,0.041,-0.002,0.995
854.3,-0.09,0.041,-0.002,0.995
854.21,-0.09,0.041,-0.002,0.995
854.39,-0.09,0.041,-0.002,0.995
854.58,-0.09,0.041,-0.002,0.995
854.76,-0.09,0.041,-0.002,0.995
854.94,-0.09,0.041,-0.002,0.995
855.12,-0.09,0.041,-0.002,0.995
855.3,-0.09,0.041,-0.002,0.995
855.49,-0.09,0.041,-0.002,0.995
855.67,-0.09,0.041,-0.002,0.995
855.85,-0.09,0.041,-0.002,0.995
856.3,-0.09,0.041,-0.002,0.995
856.22,-0.09,0.041,-0.002,0.995
856.4,-0.09,0.041,-0.002,0.995
856.58,-0.09,0.041,-0.002,0.995
856.76,-0.09,0.041,-0.002,0.995
856.95,-0.09,0.041,-0.002,0.995
857.13,-0.09,0.041,-0.002,0.995
857.31,-0.09,0.041,-0.002,0.995
857.49,-0.09,0.041,-0.002,0.995
857.67,-0.09,0.041,-0.002,0.995
857.86,-0.09,0.041,-0.002,0.995
858.4,-0.09,0.041,-0.002,0.995
858.22,-0.09,0.041,-0.002,0.995
858.4,-0.09,0.041,-0.002,0.995
858.59,-0.09,0.041,-0.002,0.995
858.77,-0.089,0.041,-0.002,0.995
858.95,-0.089,0.041,-0.002,0.995
859.13,-0.089,0.041,-0.002,0.995
859.31,-0.089,0.041,-0.002,0.995
859.5,-0.09,0.041,-0.002,0.995
859.68,-0.089,0.041,-0.002,0.995
859.86,-0.089,0.041,-0.002,0.995
860.4,-0.09,0.041,-0.002,0.995
860.23,-0.09,0.041,-0.002,0.995
860.41,-0.09,0.041,-0.002,0.995
860.59,-0.09,0.041,-0.002,0.995
860.77,-0.09,0.041,-0.002,0.995
860.96,-0.09,0.041,-0.002,0.995
861.14,-0.09,0.041,-0.002,0.995
861.32,-0.09,0.041,-0.002,0.995
861.5,-0.089,0.041,-0.002,0.995
861.68,-0.089,0.041,-0.002,0.995
861.87,-0.089,0.041,-0.002,0.995
862.5,-0.09,0.041,-0.002,0.995
862.23,-0.09,0.041,-0.002,0.995
862.41,-0.09,0.041,-0.002,0.995
862.6,-0.09,0.041,-0.002,0.995
862.78,-0.09,0.041,-0.002,0.995
862.96,-0.09,0.041,-0.002,0.995
863.14,-0.09,0.041,-0.002,0.995
863.32,-0.09,0.041,-0.002,0.995
863.51,-0.09,0.041,-0.002,0.995
863.69,-0.09,0.041,-0.002,0.995
863.87,-0.09,0.041,-0.002,0.995
864.5,-0.09,0.041,-0.002,0.995
864.24,-0.09,0.041,-0.002,0.995
864.42,-0.091,0.041,-0.002,0.994
864.6,-0.091,0.041,-0.002,0.994
864.78,-0.09,0.041,-0.002,0.994
864.96,-0.09,0.041,-0.002,0.995
865.15,-0.09,0.041,-0.002,0.994
865.33,-0.091,0.041,-0.002,0.994
865.51,-0.091,0.041,-0.002,0.994
865.69,-0.091,0.041,-0.002,0.994
865.88,-0.091,0.041,-0.002,0.994
866.6,-0.091,0.041,-0.002,0.994
866.24,-0.091,0.041,-0.002,0.994
866.42,-0.091,0.041,-0.002,0.994
866.61,-0.091,0.041,-0.002,0.994
866.79,-0.092,0.041,-0.002,0.994
866.97,-0.092,0.041,-0.002,0.994
867.15,-0.092,0.041,-0.002,0.994
867.33,-0.092,0.041,-0.002,0.994
867.52,-0.092,0.041,-0.002,0.994
867.7,-0.092,0.041,-0.002,0.994
867.88,-0.092,0.041,-0.002,0.994
868.6,-0.091,0.041,-0.002,0.994
868.25,-0.091,0.041,-0.002,0.994
868.43,-0.091,0.041,-0.002,0.994
868.61,-0.091,0.041,-0.002,0.994
868.79,-0.09,0.041,-0.002,0.994
868.97,-0.09,0.041,-0.002,0.995
869.16,-0.09,0.041,-0.002,0.995
869.34,-0.09,0.041,-0.002,0.995
869.52,-0.09,0.041,-0.002,0.995
869.7,-0.09,0.041,-0.002,0.995
869.89,-0.09,0.041,-0.002,0.995
870.7,-0.09,0.041,-0.002,0.995
870.25,-0.09,0.041,-0.002,0.995
870.43,-0.09,0.041,-0.002,0.995
870.62,-0.09,0.041,-0.002,0.995
870.8,-0.09,0.041,-0.002,0.995
870.98,-0.09,0.041,-0.002,0.995
871.16,-0.09,0.041,-0.002,0.995
871.34,-0.09,0.041,-0.002,0.995
871.53,-0.09,0.041,-0.002,0.995
871.71,-0.09,0.041,-0.002,0.995
871.89,-0.09,0.041,-0.002,0.995
872.7,-0.09,0.041,-0.002,0.995
872.26,-0.09,0.041,-0.002,0.995
872.44,-0.09,0.041,-0.002,0.995
872.62,-0.089,0.041,-0.002,0.995
872.8,-0.089,0.041,-0.002,0.995
872.99,-0.089,0.041,-0.002,0.995
873.17,-0.089,0.041,-0.002,0.995
873.35,-0.089,0.041,-0.002,0.995
873.53,-0.089,0.041,-0.002,0.995
873.71,-0.089,0.041,-0.002,0.995
873.9,-0.089,0.041,-0.002,0.995
874.8,-0.089,0.041,-0.002,0.995
874.26,-0.09,0.041,-0.002,0.995
874.44,-0.09,0.041,-0.002,0.995
874.63,-0.089,0.041,-0.002,0.995
874.81,-0.09,0.041,-0.002,0.995
874.99,-0.09,0.041,-0.002,0.995
875.17,-0.09,0.041,-0.002,0.995
875.35,-0.09,0.041,-0.002,0.995
875.54,-0.09,0.041,-0.002,0.995
875.72,-0.09,0.041,-0.002,0.995
875.9,-0.09,0.041,-0.002,0.995
876.8,-0.09,0.041,-0.002,0.995
876.27,-0.09,0.041,-0.002,0.995
876.45,-0.09,0.041,-0.002,0.995
876.63,-0.09,0.041,-0.002,0.995
876.81,-0.09,0.041,-0.002,0.995
876.99,-0.09,0.041,-0.002,0.995
877.18,-0.09,0.041,-0.002,0.995
877.36,-0.089,0.041,-0.002,0.995
877.54,-0.089,0.041,-0.002,0.995
877.72,-0.089,0.041,-0.002,0.995
877.91,-0.089,0.041,-0.002,0.995
878.9,-0.09,0.041,-0.002,0.995
878.27,-0.09,0.041,-0.002,0.995
878.45,-0.09,0.041,-0.002,0.995
878.63,-0.09,0.041,-0.002,0.995
878.82,-0.09,0.041,-0.002,0.994
879.0,-0.091,0.041,-0.002,0.994
879.18,-0.091,0.041,-0.002,0.994
879.36,-0.09,0.041,-0.002,0.995
879.55,-0.09,0.041,-0.002,0.995
879.73,-0.09,0.041,-0.002,0.995
879.91,-0.09,0.041,-0.002,0.995
880.9,-0.09,0.041,-0.002,0.995
880.28,-0.09,0.041,-0.002,0.995
880.46,-0.09,0.041,-0.002,0.995
880.64,-0.09,0.041,-0.002,0.995
880.82,-0.09,0.041,-0.002,0.995
881.0,-0.09,0.041,-0.002,0.995
881.19,-0.09,0.041,-0.002,0.995
881.37,-0.09,0.041,-0.002,0.995
881.55,-0.09,0.041,-0.002,0.994
881.73,-0.091,0.041,-0.002,0.994
881.92,-0.091,0.041,-0.002,0.994
882.1,-0.091,0.041,-0.002,0.994
882.28,-0.091,0.041,-0.002,0.994
882.46,-0.091,0.041,-0.002,0.994
882.64,-0.091,0.041,-0.002,0.994
882.83,-0.091,0.041,-0.002,0.994
883.1,-0.091,0.041,-0.002,0.994
883.19,-0.091,0.041,-0.002,0.994
883.37,-0.091,0.041,-0.002,0.994
883.56,-0.091,0.041,-0.002,0.994
883.74,-0.091,0.041,-0.002,0.994
883.92,-0.09,0.041,-0.002,0.994
884.1,-0.09,0.041,-0.002,0.995
884.28,-0.09,0.041,-0.002,0.995
884.47,-0.09,0.041,-0.002,0.995
884.65,-0.09,0.041,-0.002,0.995
887.93,-0.09,0.041,-0.002,0.995
888.11,-0.09,0.041,-0.002,0.995
888.29,-0.09,0.041,-0.002,0.995
888.48,-0.09,0.041,-0.002,0.995
888.66,-0.09,0.041,-0.002,0.995
888.84,-0.09,0.041,-0.002,0.995
889.2,-0.09,0.041,-0.002,0.995
889.21,-0.09,0.041,-0.002,0.995
889.39,-0.089,0.041,-0.002,0.995
889.57,-0.089,0.041,-0.002,0.995
889.75,-0.089,0.041,-0.002,0.995
889.93,-0.089,0.041,-0.002,0.995
890.12,-0.089,0.041,-0.002,0.995
890.3,-0.09,0.041,-0.002,0.995
890.48,-0.09,0.041,-0.002,0.995
890.66,-0.09,0.041,-0.002,0.995
890.85,-0.09,0.041,-0.002,0.995
891.3,-0.09,0.041,-0.002,0.995
891.21,-0.09,0.041,-0.002,0.995
891.39,-0.09,0.041,-0.002,0.995
891.58,-0.09,0.041,-0.002,0.995
891.76,-0.09,0.041,-0.002,0.994
891.94,-0.091,0.041,-0.002,0.994
892.12,-0.09,0.041,-0.002,0.994
892.3,-0.09,0.041,-0.002,0.994
892.49,-0.09,0.041,-0.002,0.995
892.67,-0.09,0.041,-0.002,0.995
892.85,-0.09,0.041,-0.002,0.995
893.3,-0.09,0.041,-0.002,0.995
893.22,-0.09,0.041,-0.002,0.995
893.4,-0.09,0.041,-0.002,0.995
893.58,-0.09,0.041,-0.002,0.995
893.76,-0.09,0.041,-0.002,0.995
893.94,-0.09,0.041,-0.002,0.995
894.13,-0.09,0.041,-0.002,0.995
894.31,-0.09,0.041,-0.002,0.995
894.49,-0.09,0.041,-0.002,0.995
894.67,-0.09,0.041,-0.002,0.995
894.86,-0.09,0.041,-0.002,0.994
895.4,-0.091,0.041,-0.002,0.994
895.22,-0.091,0.041,-0.002,0.994
895.4,-0.091,0.041,-0.002,0.994
895.58,-0.091,0.041,-0.002,0.994
903.79,-0.091,0.041,-0.002,0.994
903.97,-0.091,0.041,-0.002,0.994
904.15,-0.09,0.041,-0.002,0.995
904.33,-0.09,0.041,-0.002,0.995
904.51,-0.09,0.041,-0.002,0.995
904.7,-0.09,0.041,-0.002,0.995
904.88,-0.09,0.041,-0.002,0.995
905.6,-0.09,0.041,-0.002,0.995
905.24,-0.09,0.041,-0.002,0.995
905.43,-0.09,0.041,-0.002,0.995
905.61,-0.09,0.041,-0.002,0.995
905.79,-0.09,0.041,-0.002,0.995
905.97,-0.09,0.041,-0.002,0.995
906.16,-0.09,0.041,-0.002,0.995
906.34,-0.09,0.041,-0.002,0.995
906.52,-0.09,0.041,-0.002,0.995
906.7,-0.09,0.041,-0.002,0.995
906.88,-0.09,0.041,-0.002,0.995
907.7,-0.09,0.041,-0.002,0.995
907.25,-0.09,0.041,-0.002,0.995
907.43,-0.09,0.041,-0.002,0.995
907.61,-0.09,0.041,-0.002,0.995
907.8,-0.09,0.041,-0.002,0.995
907.98,-0.09,0.041,-0.002,0.995
908.16,-0.09,0.041,-0.002,0.995
908.34,-0.09,0.041,-0.002,0.995
908.52,-0.09,0.041,-0.002,0.995
908.71,-0.09,0.041,-0.002,0.995
908.89,-0.09,0.041,-0.002,0.995
909.7,-0.09,0.041,-0.002,0.995
909.25,-0.09,0.041,-0.002,0.995
909.44,-0.09,0.041,-0.002,0.995
909.62,-0.09,0.041,-0.002,0.995
909.8,-0.089,0.041,-0.002,0.995
909.98,-0.09,0.041,-0.002,0.995
910.16,-0.09,0.041,-0.002,0.995
910.35,-0.09,0.041,-0.002,0.995
910.53,-0.09,0.041,-0.002,0.995
910.71,-0.09,0.041,-0.002,0.995
910.89,-0.09,0.041,-0.002,0.995
911.8,-0.09,0.041,-0.002,0.995
911.26,-0.09,0.041,-0.002,0.995
911.44,-0.09,0.041,-0.002,0.995
911.62,-0.09,0.041,-0.002,0.995
911.81,-0.09,0.041,-0.002,0.995
911.99,-0.09,0.041,-0.002,0.995
912.17,-0.09,0.041,-0.002,0.995
912.35,-0.09,0.041,-0.002,0.995
912.53,-0.09,0.041,-0.002,0.995
912.72,-0.09,0.041,-0.002,0.995
912.9,-0.09,0.041,-0.002,0.995
913.8,-0.089,0.041,-0.002,0.995
913.26,-0.089,0.041,-0.002,0.995
913.45,-0.089,0.041,-0.002,0.995
913.63,-0.089,0.041,-0.002,0.995
913.81,-0.09,0.041,-0.002,0.995
913.99,-0.09,0.041,-0.002,0.995
914.17,-0.09,0.041,-0.002,0.995
914.36,-0.09,0.041,-0.002,0.995
914.54,-0.09,0.041,-0.002,0.995
914.72,-0.09,0.041,-0.002,0.995
914.9,-0.09,0.041,-0.002,0.995
915.9,-0.09,0.041,-0.002,0.995
915.27,-0.09,0.041,-0.002,0.995
915.45,-0.09,0.041,-0.002,0.995
915.63,-0.09,0.041,-0.002,0.995
915.82,-0.09,0.041,-0.002,0.995
916.0,-0.09,0.041,-0.002,0.995
916.18,-0.09,0.041,-0.002,0.995
916.36,-0.09,0.041,-0.002,0.995
916.54,-0.09,0.041,-0.002,0.995
916.73,-0.09,0.041,-0.002,0.995
916.91,-0.089,0.041,-0.002,0.995
917.9,-0.089,0.041,-0.002,0.995
917.27,-0.089,0.041,-0.002,0.995
917.46,-0.089,0.041,-0.002,0.995
917.64,-0.089,0.041,-0.002,0.995
917.82,-0.089,0.041,-0.002,0.995
918.0,-0.089,0.041,-0.002,0.995
918.18,-0.089,0.041,-0.002,0.995
918.37,-0.089,0.041,-0.002,0.995
918.55,-0.09,0.041,-0.002,0.995
918.73,-0.089,0.041,-0.002,0.995
918.91,-0.09,0.041,-0.002,0.995
919.1,-0.089,0.041,-0.002,0.995
919.28,-0.089,0.041,-0.002,0.995
919.46,-0.089,0.041,-0.002,0.995
919.64,-0.089,0.041,-0.002,0.995
919.83,-0.089,0.041,-0.002,0.995
920.1,-0.089,0.041,-0.002,0.995
920.19,-0.089,0.041,-0.002,0.995
920.37,-0.09,0.041,-0.002,0.995
920.55,-0.09,0.041,-0.002,0.995
920.74,-0.089,0.041,-0.002,0.995
920.92,-0.089,0.041,-0.002,0.995
921.1,-0.089,0.041,-0.002,0.995
921.28,-0.089,0.041,-0.002,0.995
921.47,-0.089,0.041,-0.002,0.995
921.65,-0.089,0.041,-0.002,0.995
921.83,-0.09,0.041,-0.002,0.995
922.1,-0.089,0.041,-0.002,0.995
922.19,-0.089,0.041,-0.002,0.995
922.38,-0.09,0.041,-0.002,0.995
922.56,-0.09,0.041,-0.002,0.995
922.74,-0.09,0.041,-0.002,0.995
922.92,-0.09,0.041,-0.002,0.995
923.11,-0.09,0.041,-0.002,0.995
923.29,-0.09,0.041,-0.002,0.995
923.47,-0.09,0.041,-0.002,0.995
923.65,-0.09,0.041,-0.002,0.995
923.83,-0.09,0.041,-0.002,0.995
924.2,-0.09,0.041,-0.002,0.995
924.2,-0.09,0.041,-0.002,0.995
924.38,-0.09,0.041,-0.002,0.995
924.56,-0.09,0.041,-0.002,0.995
924.75,-0.09,0.041,-0.002,0.995
931.49,-0.09,0.041,-0.002,0.995
931.67,-0.09,0.041,-0.002,0.995
931.85,-0.09,0.041,-0.002,0.995
932.4,-0.09,0.041,-0.002,0.995
932.22,-0.09,0.041,-0.002,0.995
932.4,-0.09,0.041,-0.002,0.995
932.58,-0.09,0.041,-0.002,0.995
932.77,-0.09,0.041,-0.002,0.995
932.95,-0.09,0.041,-0.002,0.995
933.13,-0.09,0.041,-0.002,0.995
933.31,-0.089,0.041,-0.002,0.995
933.49,-0.09,0.041,-0.002,0.995
933.68,-0.09,0.041,-0.002,0.995
933.86,-0.09,0.041,-0.002,0.995
934.4,-0.089,0.041,-0.002,0.995
934.22,-0.09,0.041,-0.002,0.995
934.41,-0.09,0.041,-0.002,0.995
934.59,-0.09,0.041,-0.002,0.995
934.77,-0.09,0.041,-0.002,0.995
934.95,-0.09,0.041,-0.002,0.995
935.13,-0.09,0.041,-0.002,0.995
935.32,-0.09,0.041,-0.002,0.995
935.5,-0.09,0.041,-0.002,0.995
935.68,-0.09,0.041,-0.002,0.995
935.86,-0.09,0.041,-0.002,0.995
936.5,-0.09,0.041,-0.002,0.995
936.23,-0.09,0.041,-0.002,0.995
936.41,-0.09,0.041,-0.002,0.995
936.59,-0.09,0.041,-0.002,0.995
936.78,-0.09,0.041,-0.002,0.995
936.96,-0.09,0.041,-0.002,0.995
937.14,-0.09,0.041,-0.002,0.995
937.32,-0.09,0.041,-0.002,0.995
937.5,-0.09,0.041,-0.002,0.995
937.69,-0.09,0.041,-0.002,0.995
937.87,-0.09,0.041,-0.002,0.995
938.5,-0.09,0.041,-0.002,0.995
938.23,-0.09,0.041,-0.002,0.995
938.42,-0.09,0.041,-0.002,0.995
938.6,-0.09,0.041,-0.002,0.995
938.78,-0.09,0.041,-0.002,0.995
938.96,-0.09,0.041,-0.002,0.995
939.14,-0.09,0.041,-0.002,0.995
939.33,-0.09,0.041,-0.002,0.995
939.51,-0.09,0.041,-0.002,0.995
939.69,-0.09,0.041,-0.002,0.995
939.87,-0.09,0.041,-0.002,0.995
940.6,-0.09,0.041,-0.002,0.995
940.24,-0.09,0.041,-0.002,0.995
940.42,-0.09,0.041,-0.002,0.994
940.6,-0.09,0.041,-0.002,0.994
940.78,-0.091,0.041,-0.002,0.994
940.97,-0.091,0.041,-0.002,0.994
941.15,-0.09,0.041,-0.002,0.995
941.33,-0.09,0.041,-0.002,0.995
941.51,-0.09,0.041,-0.002,0.995
941.7,-0.09,0.041,-0.002,0.995
941.88,-0.09,0.041,-0.002,0.995
942.6,-0.09,0.041,-0.002,0.995
942.24,-0.09,0.041,-0.002,0.995
942.43,-0.09,0.041,-0.002,0.995
942.61,-0.09,0.041,-0.002,0.995
942.79,-0.09,0.041,-0.002,0.995
942.97,-0.09,0.041,-0.002,0.995
943.15,-0.09,0.041,-0.002,0.995
943.34,-0.09,0.041,-0.002,0.995
943.52,-0.09,0.041,-0.002,0.995
943.7,-0.09,0.041,-0.002,0.995
943.88,-0.09,0.041,-0.002,0.995
944.7,-0.09,0.041,-0.002,0.995
944.25,-0.09,0.041,-0.002,0.995
944.43,-0.09,0.041,-0.002,0.995
944.61,-0.09,0.041,-0.002,0.995
944.79,-0.09,0.041,-0.002,0.995
944.98,-0.09,0.041,-0.002,0.995
945.16,-0.09,0.041,-0.002,0.995
945.34,-0.09,0.041,-0.001,0.995
945.52,-0.09,0.041,-0.001,0.995
945.71,-0.09,0.041,-0.001,0.995
945.89,-0.09,0.041,-0.001,0.995
946.7,-0.09,0.041,-0.001,0.995
946.25,-0.09,0.041,-0.001,0.995
946.44,-0.09,0.041,-0.001,0.995
946.62,-0.09,0.041,-0.001,0.995
946.8,-0.09,0.041,-0.001,0.995
946.98,-0.09,0.041,-0.002,0.995
947.16,-0.09,0.041,-0.002,0.995
947.35,-0.09,0.041,-0.002,0.995
947.53,-0.09,0.041,-0.002,0.995
947.71,-0.09,0.041,-0.002,0.995
947.89,-0.09,0.041,-0.002,0.995
948.8,-0.09,0.041,-0.002,0.995
948.26,-0.09,0.041,-0.002,0.995
948.44,-0.09,0.041,-0.002,0.995
948.62,-0.09,0.041,-0.002,0.995
948.8,-0.09,0.041,-0.002,0.995
948.99,-0.09,0.041,-0.002,0.995
949.17,-0.09,0.041,-0.002,0.995
949.35,-0.09,0.041,-0.002,0.995
949.53,-0.09,0.041,-0.001,0.995
949.72,-0.09,0.041,-0.002,0.995
949.9,-0.09,0.041,-0.002,0.995
950.8,-0.09,0.041,-0.002,0.995
950.26,-0.089,0.041,-0.002,0.995
950.45,-0.09,0.041,-0.002,0.995
950.63,-0.09,0.041,-0.002,0.995
950.81,-0.09,0.041,-0.002,0.995
950.99,-0.09,0.041,-0.002,0.995
951.17,-0.09,0.041,-0.002,0.995
951.36,-0.09,0.041,-0.002,0.995
951.54,-0.09,0.041,-0.002,0.995
951.72,-0.09,0.041,-0.002,0.995
951.9,-0.09,0.041,-0.002,0.995
952.9,-0.09,0.041,-0.002,0.995
952.27,-0.09,0.041,-0.002,0.995
952.45,-0.09,0.041,-0.002,0.995
954.45,-0.09,0.041,-0.002,0.995
954.64,-0.09,0.041,-0.002,0.995
954.82,-0.09,0.041,-0.002,0.995
955.0,-0.09,0.041,-0.002,0.995
955.18,-0.09,0.041,-0.002,0.995
955.37,-0.09,0.041,-0.002,0.995
955.55,-0.09,0.041,-0.001,0.995
955.73,-0.09,0.041,-0.001,0.995
955.91,-0.09,0.041,-0.001,0.995
956.1,-0.09,0.041,-0.001,0.995
956.28,-0.09,0.041,-0.001,0.995
956.46,-0.09,0.041,-0.001,0.995
956.64,-0.09,0.041,-0.002,0.995
956.82,-0.089,0.041,-0.001,0.995
957.1,-0.09,0.041,-0.002,0.995
957.19,-0.089,0.041,-0.002,0.995
957.37,-0.09,0.041,-0.002,0.995
957.55,-0.09,0.041,-0.002,0.995
957.74,-0.09,0.041,-0.002,0.995
957.92,-0.09,0.041,-0.002,0.995
958.1,-0.09,0.041,-0.002,0.995
958.28,-0.09,0.041,-0.002,0.995
958.46,-0.09,0.041,-0.002,0.995
958.65,-0.09,0.041,-0.002,0.995
958.83,-0.09,0.041,-0.002,0.995
959.1,-0.091,0.041,-0.002,0.994
959.19,-0.091,0.041,-0.002,0.994
959.38,-0.09,0.041,-0.002,0.995
959.56,-0.09,0.041,-0.002,0.995
959.74,-0.09,0.041,-0.002,0.995
959.92,-0.09,0.041,-0.002,0.995
960.1,-0.09,0.041,-0.002,0.995
960.29,-0.09,0.041,-0.002,0.995
960.47,-0.09,0.041,-0.002,0.995
960.65,-0.09,0.041,-0.002,0.995
960.83,-0.09,0.041,-0.002,0.995
961.2,-0.09,0.041,-0.002,0.995
961.2,-0.09,0.041,-0.001,0.995
961.38,-0.09,0.041,-0.001,0.995
961.56,-0.09,0.041,-0.001,0.995
961.74,-0.09,0.041,-0.001,0.995
961.93,-0.09,0.041,-0.001,0.995
962.11,-0.09,0.041,-0.002,0.995
962.29,-0.09,0.041,-0.002,0.995
962.47,-0.09,0.041,-0.002,0.995
962.66,-0.09,0.041,-0.002,0.995
962.84,-0.09,0.041,-0.002,0.995
963.2,-0.09,0.041,-0.001,0.995
963.2,-0.09,0.041,-0.001,0.995
963.39,-0.09,0.041,-0.001,0.995
963.57,-0.09,0.041,-0.001,0.995
963.75,-0.09,0.041,-0.001,0.995
963.93,-0.09,0.041,-0.001,0.995
964.11,-0.09,0.041,-0.001,0.995
964.3,-0.09,0.041,-0.001,0.995
964.48,-0.09,0.041,-0.001,0.995
964.66,-0.09,0.041,-0.001,0.995
964.84,-0.09,0.041,-0.001,0.995
965.3,-0.09,0.041,-0.001,0.995
965.21,-0.09,0.041,-0.001,0.995
965.39,-0.09,0.041,-0.001,0.994
965.57,-0.09,0.041,-0.001,0.995
965.75,-0.09,0.041,-0.001,0.995
965.94,-0.09,0.041,-0.001,0.995
966.12,-0.09,0.041,-0.001,0.995
966.3,-0.09,0.041,-0.001,0.995
966.48,-0.09,0.041,-0.001,0.995
966.67,-0.09,0.041,-0.001,0.995
966.85,-0.091,0.041,-0.001,0.994
967.3,-0.091,0.041,-0.002,0.994
967.21,-0.091,0.041,-0.002,0.994
967.39,-0.091,0.041,-0.002,0.994
967.58,-0.091,0.041,-0.002,0.994
967.76,-0.091,0.041,-0.002,0.994
967.94,-0.091,0.041,-0.002,0.994
968.12,-0.091,0.041,-0.002,0.994
968.31,-0.091,0.041,-0.002,0.994
968.49,-0.091,0.041,-0.002,0.994
968.67,-0.09,0.041,-0.002,0.995
968.85,-0.09,0.041,-0.002,0.995
969.3,-0.09,0.041,-0.002,0.995
969.22,-0.09,0.041,-0.002,0.995
969.4,-0.09,0.041,-0.002,0.995
969.58,-0.09,0.041,-0.002,0.995
969.76,-0.09,0.041,-0.002,0.995
969.95,-0.09,0.041,-0.002,0.995
970.13,-0.09,0.041,-0.002,0.995
970.31,-0.09,0.041,-0.002,0.995
970.49,-0.09,0.041,-0.002,0.995
970.67,-0.09,0.041,-0.002,0.995
970.86,-0.09,0.041,-0.002,0.995
971.4,-0.09,0.041,-0.002,0.995
971.22,-0.09,0.041,-0.002,0.995
971.4,-0.09,0.041,-0.002,0.995
971.59,-0.09,0.041,-0.002,0.995
971.77,-0.09,0.041,-0.002,0.995
971.95,-0.09,0.041,-0.002,0.995
972.13,-0.09,0.041,-0.002,0.994
972.31,-0.09,0.041,-0.002,0.994
972.5,-0.091,0.041,-0.002,0.994
972.68,-0.091,0.041,-0.002,0.994
972.86,-0.091,0.041,-0.002,0.994
973.4,-0.091,0.041,-0.002,0.994
973.23,-0.091,0.041,-0.002,0.994
973.41,-0.091,0.041,-0.002,0.994
973.59,-0.09,0.041,-0.002,0.995
973.77,-0.09,0.041,-0.002,0.995
973.95,-0.09,0.041,-0.002,0.995
974.14,-0.09,0.041,-0.002,0.995
974.32,-0.09,0.041,-0.002,0.995
974.5,-0.09,0.041,-0.002,0.995
974.68,-0.09,0.041,-0.002,0.995
974.87,-0.09,0.041,-0.002,0.995
975.5,-0.09,0.041,-0.002,0.995
975.23,-0.09,0.041,-0.002,0.995
975.41,-0.09,0.041,-0.002,0.995
975.6,-0.09,0.041,-0.002,0.995
975.78,-0.09,0.041,-0.002,0.995
975.96,-0.09,0.041,-0.002,0.995
976.14,-0.09,0.041,-0.002,0.995
976.32,-0.09,0.041,-0.002,0.995
976.51,-0.09,0.041,-0.002,0.995
976.69,-0.09,0.041,-0.002,0.995
976.87,-0.09,0.041,-0.002,0.995
977.5,-0.09,0.041,-0.002,0.995
977.24,-0.09,0.041,-0.002,0.995
977.42,-0.09,0.041,-0.002,0.995
977.6,-0.09,0.041,-0.001,0.995
977.78,-0.09,0.041,-0.002,0.995
977.96,-0.09,0.041,-0.001,0.995
978.15,-0.09,0.041,-0.001,0.995
978.33,-0.09,0.041,-0.001,0.995
978.51,-0.09,0.041,-0.001,0.995
978.69,-0.09,0.041,-0.001,0.995
978.88,-0.09,0.041,-0.002,0.995
979.6,-0.09,0.041,-0.002,0.995
979.24,-0.09,0.041,-0.002,0.995
979.42,-0.09,0.041,-0.002,0.995
979.6,-0.09,0.041,-0.002,0.995
979.79,-0.09,0.041,-0.002,0.995
979.97,-0.09,0.041,-0.001,0.995
980.15,-0.09,0.041,-0.001,0.995
980.33,-0.09,0.041,-0.001,0.995
980.52,-0.09,0.041,-0.001,0.995
980.7,-0.09,0.041,-0.001,0.995
980.88,-0.09,0.041,-0.002,0.995
981.6,-0.09,0.041,-0.001,0.995
981.24,-0.09,0.041,-0.001,0.995
981.43,-0.09,0.041,-0.001,0.995
981.61,-0.09,0.041,-0.001,0.995
981.79,-0.09,0.041,-0.001,0.995
981.97,-0.09,0.041,-0.001,0.995
982.16,-0.09,0.041,-0.001,0.995
982.34,-0.09,0.041,-0.001,0.995
982.52,-0.09,0.041,-0.001,0.995
982.7,-0.09,0.041,-0.001,0.995
982.88,-0.09,0.041,-0.001,0.995
983.7,-0.09,0.041,-0.002,0.995
983.25,-0.09,0.041,-0.002,0.995
983.43,-0.09,0.041,-0.002,0.995
983.61,-0.09,0.041,-0.001,0.995
983.8,-0.09,0.041,-0.002,0.995
983.98,-0.09,0.041,-0.001,0.995
984.16,-0.09,0.041,-0.001,0.995
984.34,-0.09,0.041,-0.001,0.995
984.52,-0.09,0.041,-0.001,0.995
984.71,-0.09,0.041,-0.002,0.995
984.89,-0.09,0.041,-0.002,0.995
985.7,-0.09,0.041,-0.002,0.995
985.25,-0.09,0.041,-0.002,0.995
985.44,-0.09,0.041,-0.002,0.995
985.62,-0.09,0.041,-0.002,0.995
985.8,-0.09,0.041,-0.002,0.995
985.98,-0.09,0.041,-0.002,0.995
986.17,-0.09,0.041,-0.002,0.995
986.35,-0.09,0.041,-0.002,0.995
986.53,-0.09,0.041,-0.002,0.995
986.71,-0.09,0.041,-0.002,0.995
986.89,-0.09,0.041,-0.002,0.995
987.8,-0.09,0.041,-0.002,0.995
987.26,-0.09,0.041,-0.002,0.995
987.44,-0.09,0.041,-0.002,0.995
987.62,-0.09,0.041,-0.001,0.995
987.81,-0.09,0.041,-0.001,0.995
987.99,-0.09,0.041,-0.001,0.995
988.17,-0.09,0.041,-0.001,0.995
988.35,-0.09,0.041,-0.001,0.995
988.53,-0.09,0.041,-0.001,0.995
988.72,-0.09,0.041,-0.001,0.995
988.9,-0.09,0.041,-0.001,0.995
989.8,-0.09,0.041,-0.001,0.995
989.26,-0.09,0.041,-0.001,0.995
989.45,-0.09,0.041,-0.001,0.995
989.63,-0.09,0.041,-0.001,0.995
989.81,-0.09,0.041,-0.001,0.995
989.99,-0.09,0.041,-0.001,0.995
990.17,-0.09,0.041,-0.001,0.995
990.36,-0.09,0.041,-0.001,0.995
990.54,-0.09,0.041,-0.001,0.995
990.72,-0.09,0.041,-0.001,0.995
990.9,-0.09,0.041,-0.001,0.995
991.9,-0.09,0.041,-0.001,0.995
991.27,-0.09,0.041,-0.001,0.995
991.45,-0.09,0.041,-0.001,0.995
991.63,-0.09,0.041,-0.001,0.995
991.81,-0.09,0.041,-0.001,0.995
992.0,-0.09,0.041,-0.001,0.995
992.18,-0.09,0.041,-0.001,0.995
992.36,-0.09,0.041,-0.002,0.995
992.54,-0.09,0.041,-0.002,0.995
992.73,-0.09,0.041,-0.002,0.995
992.91,-0.09,0.041,-0.002,0.995
993.9,-0.09,0.041,-0.002,0.995
993.27,-0.09,0.041,-0.002,0.995
993.46,-0.09,0.041,-0.002,0.995
993.64,-0.09,0.041,-0.002,0.995
993.82,-0.09,0.041,-0.002,0.995
994.0,-0.09,0.041,-0.002,0.995
994.18,-0.09,0.041,-0.001,0.995
994.37,-0.09,0.041,-0.001,0.995
994.55,-0.09,0.041,-0.001,0.995
994.73,-0.09,0.041,-0.001,0.995
994.91,-0.09,0.041,-0.001,0.995
995.1,-0.09,0.041,-0.001,0.995
995.28,-0.09,0.041,-0.001,0.995
995.46,-0.09,0.041,-0.001,0.995
995.64,-0.09,0.041,-0.001,0.995
995.82,-0.09,0.041,-0.001,0.995
996.1,-0.09,0.041,-0.001,0.995
996.19,-0.09,0.041,-0.001,0.995
996.37,-0.09,0.041,-0.001,0.995
996.55,-0.09,0.041,-0.001,0.995
996.74,-0.09,0.041,-0.001,0.995
996.92,-0.09,0.041,-0.001,0.995
997.1,-0.09,0.041,-0.001,0.995
997.28,-0.09,0.041,-0.001,0.995
1004.39,-0.09,0.041,-0.001,0.995
1004.57,-0.09,0.041,-0.001,0.995
1004.76,-0.09,0.041,-0.001,0.995
1004.94,-0.09,0.041,-0.001,0.995
1005.12,-0.09,0.041,-0.001,0.995
1005.3,-0.09,0.041,-0.001,0.995
1005.48,-0.09,0.041,-0.001,0.995
1005.67,-0.09,0.041,-0.001,0.995
1005.85,-0.09,0.041,-0.001,0.995
1006.3,-0.09,0.041,-0.001,0.995
1006.21,-0.09,0.041,-0.001,0.995
1006.4,-0.09,0.041,-0.001,0.995
1006.58,-0.09,0.041,-0.001,0.995
1006.76,-0.09,0.041,-0.001,0.995
1006.94,-0.09,0.041,-0.001,0.995
1007.13,-0.09,0.041,-0.001,0.995
1007.31,-0.09,0.041,-0.001,0.995
1007.49,-0.09,0.041,-0.001,0.995
1007.67,-0.09,0.041,-0.001,0.995
1007.85,-0.09,0.041,-0.001,0.995
1008.4,-0.09,0.041,-0.001,0.995
1016.6,-0.09,0.041,-0.001,0.995
1016.24,-0.09,0.041,-0.001,0.995
1016.42,-0.09,0.041,-0.001,0.995
1016.6,-0.09,0.041,-0.001,0.995
1016.79,-0.09,0.041,-0.001,0.995
1016.97,-0.09,0.041,-0.001,0.995
1017.15,-0.09,0.041,-0.001,0.995
1017.33,-0.09,0.041,-0.001,0.995
1017.51,-0.09,0.041,-0.001,0.995
1017.7,-0.09,0.041,-0.001,0.995
1017.88,-0.09,0.041,-0.001,0.995
1018.6,-0.09,0.041,-0.001,0.995
1018.24,-0.09,0.041,-0.001,0.995
1018.43,-0.09,0.041,-0.001,0.995
1018.61,-0.09,0.041,-0.001,0.995
1018.79,-0.09,0.041,-0.001,0.995
1018.97,-0.09,0.041,-0.001,0.995
1019.16,-0.09,0.041,-0.001,0.995
1019.34,-0.09,0.041,-0.001,0.995
1019.52,-0.09,0.041,-0.001,0.995
1019.7,-0.09,0.041,-0.001,0.995
1019.88,-0.09,0.041,-0.001,0.995
1020.7,-0.09,0.041,-0.001,0.995
1020.25,-0.09,0.041,-0.001,0.995
1020.43,-0.09,0.041,-0.001,0.995
1020.61,-0.09,0.041,-0.001,0.995
1020.8,-0.09,0.041,-0.001,0.995
1020.98,-0.09,0.041,-0.001,0.995
1021.16,-0.09,0.041,-0.001,0.995
1021.34,-0.09,0.041,-0.001,0.995
1021.53,-0.09,0.041,-0.001,0.995
1021.71,-0.09,0.041,-0.001,0.995
1021.89,-0.09,0.041,-0.001,0.995
1022.7,-0.09,0.041,-0.001,0.995
1022.25,-0.09,0.041,-0.001,0.995
1022.44,-0.09,0.041,-0.001,0.995
1022.62,-0.09,0.041,-0.001,0.995
1022.8,-0.09,0.041,-0.001,0.995
1027.91,-0.09,0.041,-0.001,0.995
1028.9,-0.09,0.041,-0.001,0.995
1028.27,-0.09,0.041,-0.001,0.995
1028.45,-0.09,0.041,-0.001,0.995
1028.63,-0.09,0.041,-0.001,0.995
1028.82,-0.09,0.041,-0.001,0.995
1029.0,-0.09,0.041,-0.001,0.995
1029.18,-0.09,0.041,-0.001,0.995
1029.36,-0.09,0.041,-0.001,0.995
1029.55,-0.09,0.041,-0.001,0.995
1029.73,-0.09,0.041,-0.001,0.995
1029.91,-0.09,0.041,-0.001,0.995
1030.9,-0.09,0.041,-0.001,0.995
1030.28,-0.09,0.041,-0.001,0.995
1030.46,-0.09,0.041,-0.001,0.995
1030.64,-0.09,0.041,-0.001,0.995
1030.82,-0.09,0.041,-0.001,0.995
1031.0,-0.09,0.041,-0.001,0.995
1031.19,-0.09,0.041,-0.001,0.995
1031.37,-0.09,0.041,-0.001,0.995
1031.55,-0.09,0.041,-0.001,0.995
1031.73,-0.09,0.041,-0.001,0.995
1031.92,-0.09,0.041,-0.001,0.995
1032.1,-0.09,0.041,-0.001,0.995
1032.28,-0.09,0.041,-0.001,0.995
1032.46,-0.09,0.041,-0.001,0.995
1032.64,-0.09,0.041,-0.001,0.995
1032.83,-0.09,0.041,-0.001,0.995
1033.1,-0.09,0.041,-0.001,0.995
1033.19,-0.09,0.041,-0.001,0.995
1033.37,-0.09,0.041,-0.001,0.995
1033.56,-0.09,0.041,-0.001,0.995
1033.74,-0.09,0.041,-0.001,0.995
1033.92,-0.09,0.041,-0.001,0.995
1034.1,-0.09,0.041,-0.001,0.995
1034.29,-0.09,0.041,-0.001,0.995
1034.47,-0.09,0.041,-0.001,0.995
1034.65,-0.09,0.041,-0.001,0.995
1034.83,-0.09,0.041,-0.001,0.995
1035.1,-0.09,0.041,-0.001,0.995
1035.2,-0.09,0.041,-0.001,0.995
1035.38,-0.09,0.041,-0.001,0.995
1035.56,-0.09,0.041,-0.001,0.995
1035.74,-0.09,0.041,-0.001,0.995
1035.93,-0.09,0.041,-0.001,0.995
1036.11,-0.09,0.041,-0.001,0.995
1036.29,-0.09,0.041,-0.001,0.995
1036.47,-0.09,0.041,-0.001,0.995
1036.65,-0.09,0.041,-0.001,0.995
1036.84,-0.09,0.041,-0.001,0.995
1037.2,-0.09,0.041,-0.001,0.995
1037.2,-0.09,0.041,-0.001,0.995
1037.38,-0.09,0.041,-0.001,0.995
1037.57,-0.09,0.041,-0.001,0.995
1037.75,-0.09,0.041,-0.001,0.995
1037.93,-0.09,0.041,-0.001,0.995
1038.11,-0.09,0.041,-0.001,0.995
1038.29,-0.09,0.041,-0.001,0.995
1038.48,-0.09,0.041,-0.001,0.995
1038.66,-0.09,0.041,-0.001,0.995
1038.84,-0.09,0.041,-0.001,0.995
1039.21,-0.09,0.041,-0.001,0.995
1039.39,-0.09,0.041,-0.001,0.995
1039.57,-0.09,0.041,-0.001,0.995
1039.75,-0.09,0.041,-0.001,0.995
1039.94,-0.09,0.041,-0.001,0.995
1040.12,-0.09,0.041,-0.001,0.995
1040.3,-0.09,0.041,-0.001,0.995
1040.48,-0.09,0.041,-0.001,0.995
1040.66,-0.09,0.041,-0.001,0.995
1040.85,-0.09,0.041,-0.001,0.995
1041.3,-0.09,0.041,-0.001,0.995
1048.5,-0.09,0.041,-0.001,0.995
1048.68,-0.09,0.041,-0.001,0.995
1048.87,-0.09,0.041,-0.001,0.995
1049.5,-0.09,0.041,-0.001,0.995
1049.23,-0.09,0.041,-0.001,0.995
1049.41,-0.09,0.041,-0.001,0.995
1049.6,-0.09,0.041,-0.001,0.995
1049.78,-0.09,0.041,-0.001,0.995
1049.96,-0.09,0.041,-0.001,0.995
1050.14,-0.09,0.041,-0.001,0.995
1050.32,-0.09,0.041,-0.001,0.995
1050.51,-0.09,0.041,-0.001,0.995
1050.69,-0.09,0.041,-0.001,0.995
1050.87,-0.09,0.041,-0.001,0.995
1051.5,-0.09,0.041,-0.001,0.995
1051.24,-0.09,0.041,-0.001,0.995
1051.42,-0.09,0.041,-0.001,0.995
1051.6,-0.09,0.041,-0.001,0.995
1051.78,-0.09,0.041,-0.001,0.995
1051.97,-0.09,0.041,-0.001,0.995
1052.15,-0.09,0.041,-0.001,0.995
1052.33,-0.09,0.041,-0.001,0.995
1053.42,-0.09,0.041,-0.001,0.995
1053.61,-0.09,0.041,-0.001,0.995
1053.79,-0.09,0.041,-0.001,0.995
1053.97,-0.09,0.041,-0.001,0.995
1054.15,-0.09,0.041,-0.001,0.995
1054.33,-0.09,0.041,-0.001,0.995
1054.52,-0.09,0.041,-0.001,0.995
1054.7,-0.09,0.041,-0.001,0.995
1054.88,-0.09,0.041,-0.001,0.995
1055.6,-0.09,0.041,-0.001,0.995
1055.25,-0.09,0.041,-0.001,0.995
1055.43,-0.09,0.041,-0.001,0.995
1055.61,-0.09,0.041,-0.001,0.995
1055.79,-0.09,0.041,-0.001,0.995
1055.98,-0.09,0.041,-0.001,0.995
1056.16,-0.09,0.041,-0.001,0.995
1056.34,-0.09,0.041,-0.001,0.995
1056.52,-0.09,0.041,-0.001,0.995
1056.7,-0.09,0.041,-0.001,0.995
1056.89,-0.09,0.041,-0.001,0.995
1057.7,-0.09,0.041,-0.001,0.995
1057.25,-0.09,0.041,-0.001,0.995
1057.43,-0.09,0.041,-0.001,0.995
1057.62,-0.09,0.041,-0.001,0.995
1057.8,-0.09,0.041,-0.001,0.995
1057.98,-0.09,0.041,-0.001,0.995
1058.16,-0.09,0.041,-0.001,0.995
1058.35,-0.09,0.041,-0.001,0.995
1058.53,-0.09,0.041,-0.001,0.995
1058.71,-0.09,0.041,-0.001,0.995
1058.89,-0.09,0.041,-0.001,0.995
1059.7,-0.09,0.041,-0.001,0.995
1059.26,-0.09,0.041,-0.001,0.995
1059.44,-0.09,0.041,-0.001,0.995
1059.62,-0.09,0.041,-0.001,0.995
1059.8,-0.09,0.041,-0.001,0.995
1059.99,-0.09,0.041,-0.001,0.995
1060.17,-0.09,0.041,-0.001,0.995
1060.35,-0.09,0.041,-0.001,0.995
1060.53,-0.09,0.041,-0.001,0.995
1060.71,-0.09,0.041,-0.001,0.995
1060.9,-0.09,0.041,-0.001,0.995
1061.8,-0.09,0.041,-0.001,0.995
1061.26,-0.09,0.041,-0.001,0.995
1061.44,-0.09,0.041,-0.001,0.995
1061.63,-0.09,0.041,-0.001,0.995
1061.81,-0.09,0.041,-0.001,0.995
1061.99,-0.09,0.041,-0.001,0.995
1062.17,-0.09,0.041,-0.001,0.995
1062.36,-0.09,0.041,-0.001,0.995
1062.54,-0.09,0.041,-0.001,0.995
1062.72,-0.09,0.041,-0.001,0.995
1062.9,-0.09,0.041,-0.001,0.995
1063.8,-0.09,0.041,-0.001,0.995
1063.27,-0.09,0.041,-0.001,0.995
1063.45,-0.09,0.041,-0.001,0.995
1063.63,-0.09,0.041,-0.001,0.995
1063.81,-0.09,0.041,-0.001,0.995
1064.0,-0.09,0.041,-0.001,0.995
1064.18,-0.09,0.041,-0.001,0.995
1064.36,-0.09,0.041,-0.001,0.995
1064.54,-0.09,0.041,-0.001,0.995
1064.73,-0.09,0.041,-0.001,0.995
1064.91,-0.09,0.041,-0.001,0.995
1065.9,-0.09,0.041,-0.001,0.995
1065.27,-0.09,0.041,-0.001,0.995
1065.45,-0.09,0.041,-0.001,0.995
1065.64,-0.09,0.041,-0.001,0.995
1065.82,-0.09,0.041,-0.001,0.995
1066.0,-0.09,0.041,-0.001,0.995
1066.18,-0.09,0.041,-0.001,0.995
1066.37,-0.09,0.041,-0.001,0.995
1066.55,-0.09,0.041,-0.001,0.995
1066.73,-0.09,0.041,-0.001,0.995
1066.91,-0.09,0.041,-0.001,0.995
1067.1,-0.09,0.041,-0.001,0.995
1067.28,-0.09,0.041,-0.001,0.995
1067.46,-0.09,0.041,-0.001,0.995
1067.64,-0.09,0.041,-0.001,0.995
1067.82,-0.09,0.041,-0.001,0.995
1068.1,-0.09,0.041,-0.001,0.995
1068.19,-0.09,0.041,-0.001,0.995
1068.37,-0.09,0.041,-0.001,0.995
1068.55,-0.09,0.041,-0.001,0.995
1068.74,-0.09,0.041,-0.001,0.995
1068.92,-0.09,0.041,-0.001,0.995
1069.1,-0.09,0.041,-0.001,0.995
1069.28,-0.09,0.041,-0.001,0.995
1069.46,-0.09,0.041,-0.001,0.995
1069.65,-0.09,0.041,-0.001,0.995
1069.83,-0.09,0.041,-0.001,0.995
1070.1,-0.09,0.041,-0.001,0.995
1070.19,-0.09,0.041,-0.001,0.995
1070.38,-0.09,0.041,-0.001,0.995
1070.56,-0.09,0.041,-0.001,0.995
1070.74,-0.09,0.041,-0.001,0.995
1070.92,-0.09,0.041,-0.001,0.995
1071.11,-0.09,0.041,-0.001,0.995
1071.29,-0.09,0.041,-0.001,0.995
1072.2,-0.09,0.041,-0.001,0.995
1072.2,-0.09,0.041,-0.001,0.995
1072.38,-0.09,0.041,-0.001,0.995
1072.56,-0.09,0.041,-0.001,0.995
1072.75,-0.09,0.041,-0.001,0.995
1072.93,-0.09,0.041,-0.001,0.995
1073.11,-0.09,0.041,-0.001,0.995
1073.29,-0.09,0.041,-0.001,0.995
1073.47,-0.09,0.041,-0.001,0.995
1073.66,-0.09,0.041,-0.001,0.995
1073.84,-0.09,0.041,-0.001,0.995
1074.2,-0.09,0.041,-0.001,0.995
1074.2,-0.09,0.041,-0.001,0.995
1074.39,-0.09,0.041,-0.001,0.995
1074.57,-0.09,0.041,-0.001,0.995
1074.75,-0.09,0.041,-0.001,0.995
1074.93,-0.09,0.041,-0.001,0.995
1075.12,-0.09,0.041,-0.001,0.995
1075.3,-0.09,0.041,-0.001,0.995
1075.48,-0.09,0.041,-0.001,0.995
1075.66,-0.09,0.041,-0.001,0.995
1075.84,-0.09,0.041,-0.001,0.995
1076.3,-0.09,0.041,-0.001,0.995
1076.21,-0.09,0.041,-0.001,0.995
1076.39,-0.09,0.041,-0.001,0.995
1076.57,-0.09,0.041,-0.001,0.995
1076.76,-0.09,0.041,-0.001,0.995
1076.94,-0.09,0.041,-0.001,0.995
1077.12,-0.09,0.041,-0.001,0.995
1077.3,-0.09,0.041,-0.001,0.995
1077.49,-0.09,0.041,-0.001,0.995
1077.67,-0.09,0.041,-0.001,0.995
1077.85,-0.09,0.041,-0.001,0.995
1078.3,-0.09,0.041,-0.001,0.995
1078.21,-0.09,0.041,-0.001,0.995
1078.4,-0.09,0.041,-0.001,0.995
1078.58,-0.09,0.041,-0.001,0.995
1078.76,-0.09,0.041,-0.001,0.995
1078.94,-0.09,0.041,-0.001,0.995
1079.13,-0.09,0.041,-0.001,0.995
1079.31,-0.09,0.041,-0.001,0.995
1083.5,-0.09,0.041,-0.001,0.995
1083.68,-0.09,0.041,-0.001,0.995
1083.87,-0.09,0.041,-0.001,0.995
1084.5,-0.09,0.041,-0.001,0.995
1084.23,-0.09,0.041,-0.001,0.995
1084.41,-0.09,0.041,-0.001,0.995
1084.59,-0.09,0.041,-0.001,0.995
1084.78,-0.09,0.041,-0.001,0.995
1084.96,-0.09,0.041,-0.001,0.995
1085.14,-0.09,0.041,-0.001,0.995
1085.32,-0.09,0.041,-0.001,0.995
1085.51,-0.09,0.041,-0.001,0.995
1085.69,-0.09,0.041,-0.001,0.995
1085.87,-0.09,0.041,-0.001,0.995
1086.5,-0.09,0.041,-0.001,0.995
1086.23,-0.09,0.041,-0.001,0.995
1086.42,-0.09,0.041,-0.001,0.995
1086.6,-0.09,0.041,-0.001,0.995
1086.78,-0.09,0.041,-0.001,0.995
1086.96,-0.09,0.041,-0.001,0.995
1087.15,-0.09,0.041,-0.001,0.995
1087.33,-0.09,0.041,-0.001,0.995
1087.51,-0.09,0.041,-0.001,0.995
1087.69,-0.09,0.041,-0.001,0.995
1087.88,-0.09,0.041,-0.001,0.995
1088.6,-0.09,0.041,-0.001,0.995
1088.24,-0.09,0.041,-0.001,0.995
1088.42,-0.09,0.041,-0.001,0.995
1088.6,-0.09,0.041,-0.001,0.995
1088.79,-0.09,0.041,-0.001,0.995
1088.97,-0.09,0.041,-0.001,0.995
1089.15,-0.09,0.041,-0.001,0.995
1089.33,-0.09,0.041,-0.001,0.995
1089.52,-0.09,0.041,-0.001,0.995
1089.7,-0.09,0.041,-0.001,0.995
1089.88,-0.09,0.041,-0.001,0.995
1090.6,-0.09,0.041,-0.001,0.995
1090.24,-0.09,0.041,-0.001,0.995
1090.43,-0.09,0.041,-0.001,0.995
1090.61,-0.09,0.041,-0.001,0.995
1094.98,-0.09,0.041,-0.001,0.995
1095.17,-0.09,0.041,-0.001,0.995
1095.35,-0.09,0.041,-0.001,0.995
1095.53,-0.09,0.041,-0.001,0.995
1095.71,-0.09,0.041,-0.001,0.995
1095.9,-0.09,0.041,-0.001,0.995
1096.8,-0.09,0.041,-0.001,0.995
1096.26,-0.09,0.041,-0.001,0.995
1096.44,-0.09,0.041,-0.001,0.995
1096.62,-0.09,0.041,-0.001,0.995
1096.81,-0.091,0.041,-0.001,0.994
1096.99,-0.091,0.041,-0.001,0.994
1097.17,-0.09,0.041,-0.001,0.995
1097.35,-0.09,0.041,-0.001,0.995
1097.54,-0.09,0.041,-0.001,0.995
1097.72,-0.09,0.041,-0.001,0.995
1097.9,-0.09,0.041,-0.001,0.995
1098.8,-0.09,0.041,-0.001,0.995
1098.27,-0.09,0.041,-0.001,0.995
1098.45,-0.09,0.041,-0.001,0.995
1100.9,-0.09,0.041,-0.001,0.995
1100.27,-0.09,0.041,-0.001,0.995
1100.45,-0.09,0.041,-0.001,0.995
1100.63,-0.09,0.041,-0.001,0.995
1100.82,-0.09,0.041,-0.001,0.995
1101.0,-0.09,0.041,-0.001,0.995
1101.18,-0.09,0.041,-0.001,0.995
1101.36,-0.09,0.041,-0.001,0.995
1101.55,-0.09,0.041,-0.001,0.995
1101.73,-0.09,0.041,-0.001,0.995
1101.91,-0.09,0.041,-0.001,0.995
1102.9,-0.09,0.041,-0.001,0.995
1102.28,-0.09,0.041,-0.001,0.995
1102.46,-0.09,0.041,-0.001,0.995
1102.64,-0.09,0.041,-0.001,0.995
1102.82,-0.09,0.041,-0.001,0.995
1103.0,-0.09,0.041,-0.001,0.995
1103.19,-0.09,0.041,-0.001,0.995
1103.37,-0.09,0.041,-0.001,0.995
1103.55,-0.09,0.041,-0.001,0.995
1103.73,-0.09,0.041,-0.001,0.995
1103.92,-0.09,0.041,-0.001,0.995
1104.1,-0.09,0.041,-0.001,0.995
1104.28,-0.09,0.041,-0.001,0.995
1104.46,-0.09,0.041,-0.001,0.995
1104.65,-0.09,0.041,-0.001,0.995
1104.83,-0.09,0.041,-0.001,0.995
1105.1,-0.09,0.041,-0.001,0.995
1105.19,-0.09,0.041,-0.001,0.995
1105.37,-0.09,0.041,-0.001,0.995
1105.56,-0.09,0.041,-0.001,0.995
1105.74,-0.09,0.041,-0.0,0.995
1105.92,-0.09,0.041,-0.0,0.995
1106.1,-0.09,0.041,-0.0,0.995
1106.29,-0.09,0.041,-0.0,0.995
1106.47,-0.09,0.041,-0.0,0.995
1106.65,-0.09,0.041,-0.0,0.995
1106.83,-0.09,0.041,-0.0,0.995
1107.2,-0.09,0.041,-0.0,0.995
1107.2,-0.09,0.041,-0.0,0.995
1107.38,-0.09,0.041,-0.0,0.995
1107.56,-0.09,0.041,-0.0,0.995
1112.48,-0.09,0.041,-0.0,0.995
1112.67,-0.09,0.041,-0.0,0.995
1112.85,-0.09,0.041,-0.0,0.995
1113.3,-0.09,0.041,-0.0,0.995
1113.21,-0.09,0.041,-0.0,0.995
1113.4,-0.09,0.041,-0.0,0.995
1113.58,-0.09,0.041,-0.0,0.995
1113.76,-0.09,0.041,-0.0,0.995
1113.94,-0.09,0.041,-0.0,0.995
1114.12,-0.09,0.041,-0.0,0.995
1114.31,-0.09,0.041,-0.0,0.995
1114.49,-0.09,0.041,-0.0,0.995
1114.67,-0.09,0.041,-0.0,0.995
1114.85,-0.09,0.041,-0.0,0.995
1115.4,-0.09,0.041,-0.0,0.995
1115.22,-0.09,0.041,-0.0,0.995
1115.4,-0.09,0.041,-0.0,0.995
1117.22,-0.09,0.041,-0.0,0.995
1117.41,-0.09,0.041,-0.0,0.995
1117.59,-0.09,0.041,-0.0,0.995
1117.77,-0.09,0.041,-0.0,0.995
1117.95,-0.09,0.041,-0.0,0.995
1118.13,-0.09,0.041,-0.0,0.995
1118.32,-0.09,0.041,-0.0,0.995
1118.5,-0.09,0.041,-0.0,0.995
1118.68,-0.09,0.041,-0.0,0.995
1118.86,-0.09,0.041,-0.0,0.995
1119.5,-0.09,0.041,-0.0,0.995
1119.23,-0.09,0.041,-0.0,0.995
1119.41,-0.09,0.041,-0.0,0.995
1119.59,-0.09,0.041,-0.0,0.995
1119.77,-0.09,0.041,-0.0,0.995
1119.96,-0.09,0.041,-0.0,0.995
1120.14,-0.09,0.041,-0.0,0.995
1120.32,-0.09,0.041,-0.0,0.995
1120.5,-0.09,0.041,-0.0,0.995
1120.69,-0.09,0.041,-0.0,0.995
1120.87,-0.09,0.041,-0.0,0.995
1121.5,-0.09,0.041,-0.0,0.995
1121.23,-0.09,0.041,-0.0,0.995
1121.42,-0.09,0.041,-0.0,0.995
1121.6,-0.09,0.041,-0.0,0.995
1121.78,-0.09,0.041,-0.0,0.995
1121.96,-0.09,0.041,-0.0,0.995
1122.14,-0.09,0.041,-0.0,0.995
1122.33,-0.09,0.041,-0.0,0.995
1122.51,-0.09,0.041,-0.0,0.995
1122.69,-0.09,0.041,-0.0,0.995
1122.87,-0.09,0.041,-0.0,0.995
1123.6,-0.09,0.041,-0.0,0.995
1123.24,-0.09,0.041,-0.0,0.995
1123.42,-0.09,0.041,-0.0,0.995
1123.6,-0.09,0.041,-0.0,0.995
1123.78,-0.09,0.041,-0.0,0.994
1123.97,-0.091,0.041,-0.0,0.995
1124.15,-0.09,0.041,-0.0,0.995
1124.33,-0.09,0.041,-0.0,0.995
1124.51,-0.09,0.041,-0.0,0.995
1124.7,-0.09,0.041,-0.0,0.995
1124.88,-0.09,0.041,-0.0,0.995
1125.6,-0.09,0.041,-0.0,0.995
1125.24,-0.09,0.041,-0.0,0.995
1125.42,-0.09,0.041,-0.0,0.995
1125.61,-0.09,0.041,-0.0,0.995
1125.79,-0.09,0.041,-0.0,0.995
1125.97,-0.09,0.041,-0.0,0.995
1126.15,-0.09,0.041,-0.0,0.995
1126.34,-0.09,0.041,-0.0,0.995
1126.52,-0.09,0.041,-0.0,0.995
1126.7,-0.09,0.041,-0.0,0.995
1126.88,-0.09,0.041,-0.0,0.995
1127.7,-0.09,0.041,-0.0,0.995
1127.25,-0.09,0.041,-0.0,0.995
1127.43,-0.09,0.041,-0.0,0.995
1127.61,-0.09,0.041,-0.0,0.995
1127.79,-0.09,0.041,-0.0,0.995
1127.98,-0.09,0.041,-0.0,0.995
1128.16,-0.09,0.041,-0.0,0.995
1128.34,-0.09,0.041,-0.0,0.995
1128.52,-0.09,0.041,-0.0,0.995
1128.71,-0.09,0.041,-0.0,0.995
1128.89,-0.09,0.041,-0.0,0.995
1129.7,-0.09,0.041,-0.0,0.995
1129.25,-0.09,0.041,-0.0,0.995
1129.43,-0.09,0.041,-0.0,0.995
1129.62,-0.09,0.041,-0.0,0.995
1129.8,-0.09,0.041,-0.0,0.995
1129.98,-0.09,0.041,-0.0,0.995
1130.16,-0.09,0.041,-0.0,0.995
1130.35,-0.09,0.041,-0.0,0.995
1130.53,-0.09,0.041,-0.0,0.995
1130.71,-0.09,0.041,-0.0,0.995
1130.89,-0.09,0.041,-0.0,0.995
1131.7,-0.09,0.041,-0.0,0.995
1131.26,-0.09,0.041,-0.0,0.995
1131.44,-0.09,0.041,-0.0,0.995
1131.62,-0.09,0.041,-0.0,0.995
1131.8,-0.09,0.041,-0.0,0.995
1131.99,-0.09,0.041,-0.0,0.995
1132.17,-0.09,0.041,-0.0,0.995
1132.35,-0.09,0.041,-0.0,0.995
1132.53,-0.09,0.041,-0.0,0.995
1132.72,-0.09,0.041,-0.0,0.995
1132.9,-0.09,0.041,-0.0,0.995
1133.8,-0.09,0.041,-0.0,0.995
1133.26,-0.09,0.041,-0.0,0.995
1133.44,-0.09,0.041,-0.0,0.995
1133.63,-0.09,0.041,-0.0,0.995
1133.81,-0.09,0.041,-0.0,0.995
1133.99,-0.09,0.041,-0.0,0.995
1134.17,-0.09,0.041,-0.0,0.995
1134.36,-0.09,0.041,-0.0,0.995
1134.54,-0.09,0.041,-0.0,0.995
1134.72,-0.09,0.041,-0.0,0.995
1134.9,-0.09,0.041,-0.0,0.995
1135.8,-0.09,0.041,-0.0,0.995
1135.27,-0.09,0.041,-0.0,0.995
1135.45,-0.09,0.041,-0.0,0.995
1135.63,-0.09,0.041,-0.0,0.995
1135.81,-0.09,0.041,-0.0,0.995
1136.0,-0.09,0.041,-0.0,0.995
1136.18,-0.09,0.041,-0.0,0.995
1136.36,-0.09,0.041,-0.0,0.995
1136.54,-0.09,0.041,-0.0,0.995
1136.72,-0.09,0.041,-0.0,0.995
1136.91,-0.09,0.041,-0.0,0.995
1137.9,-0.09,0.041,-0.0,0.995
1137.27,-0.09,0.041,-0.0,0.995
1137.45,-0.09,0.041,-0.0,0.995
1137.64,-0.09,0.041,-0.0,0.995
1137.82,-0.09,0.041,-0.0,0.995
1138.0,-0.09,0.041,-0.0,0.995
1138.18,-0.09,0.041,-0.0,0.995
1138.37,-0.09,0.041,-0.0,0.995
1138.55,-0.09,0.041,-0.0,0.995
1138.73,-0.09,0.041,-0.0,0.995
1138.91,-0.09,0.041,-0.0,0.995
1139.9,-0.09,0.041,-0.0,0.995
1139.28,-0.09,0.041,-0.0,0.995
1139.46,-0.09,0.041,-0.0,0.995
1139.64,-0.09,0.041,-0.0,0.995
1139.82,-0.09,0.041,-0.0,0.995
1140.1,-0.09,0.041,-0.0,0.995
1140.19,-0.09,0.041,-0.0,0.995
1140.37,-0.09,0.041,-0.0,0.995
1140.55,-0.09,0.041,-0.0,0.995
1140.73,-0.09,0.041,-0.0,0.995
1140.92,-0.09,0.041,-0.0,0.995
1141.1,-0.09,0.041,-0.0,0.995
1141.28,-0.09,0.041,-0.0,0.995
1141.46,-0.09,0.041,-0.0,0.995
1141.65,-0.09,0.041,-0.0,0.995
1141.83,-0.09,0.041,-0.0,0.995
1142.1,-0.09,0.041,-0.0,0.995
1142.19,-0.09,0.041,-0.0,0.995
1142.38,-0.09,0.04,-0.0,0.995
1142.56,-0.09,0.041,-0.0,0.995
1142.74,-0.09,0.041,-0.0,0.995
1142.92,-0.09,0.041,-0.0,0.995
1143.1,-0.09,0.041,-0.0,0.995
1143.29,-0.09,0.041,-0.0,0.995
1143.47,-0.09,0.041,-0.0,0.995
1143.65,-0.09,0.041,-0.0,0.995
1143.83,-0.09,0.041,-0.0,0.995
1144.2,-0.09,0.041,-0.0,0.995
1144.2,-0.09,0.041,-0.0,0.995
1144.38,-0.09,0.041,-0.0,0.995
1144.56,-0.09,0.041,-0.0,0.995
1144.74,-0.09,0.041,-0.0,0.995
1144.93,-0.09,0.041,-0.0,0.995
1145.11,-0.09,0.041,-0.0,0.995
1145.29,-0.09,0.041,-0.0,0.995
1145.47,-0.09,0.041,-0.0,0.995
1145.66,-0.09,0.041,-0.0,0.995
1145.84,-0.09,0.041,-0.0,0.995
1146.2,-0.09,0.041,-0.0,0.995
1146.2,-0.09,0.041,-0.0,0.995
1146.38,-0.09,0.041,-0.0,0.995
1146.57,-0.09,0.041,-0.0,0.995
1146.75,-0.09,0.041,-0.0,0.995
1146.93,-0.09,0.04,-0.0,0.995
1147.11,-0.09,0.041,-0.0,0.995
1147.3,-0.09,0.041,-0.0,0.995
1147.48,-0.09,0.041,-0.0,0.995
1147.66,-0.09,0.041,-0.0,0.995
1147.84,-0.09,0.041,-0.0,0.995
1148.3,-0.09,0.041,-0.0,0.995
1148.21,-0.09,0.041,-0.0,0.995
1148.39,-0.09,0.041,-0.0,0.995
1148.57,-0.09,0.041,-0.0,0.995
1148.75,-0.09,0.041,-0.0,0.995
1148.94,-0.09,0.041,-0.0,0.995
1149.12,-0.09,0.041,-0.0,0.995
1149.3,-0.09,0.041,-0.0,0.995
1149.48,-0.09,0.041,-0.0,0.995
1149.67,-0.09,0.041,-0.0,0.995
1149.85,-0.09,0.041,-0.0,0.995
1150.3,-0.09,0.041,-0.0,0.995
1150.21,-0.09,0.041,-0.0,0.995
1150.39,-0.09,0.041,-0.0,0.995
1150.58,-0.09,0.041,-0.0,0.995
1150.76,-0.09,0.041,-0.0,0.995
1152.58,-0.09,0.041,-0.0,0.995
1152.76,-0.09,0.041,-0.0,0.995
1152.95,-0.09,0.041,-0.0,0.995
1153.13,-0.09,0.04,-0.0,0.995
1153.31,-0.09,0.041,0.0,0.995
1153.49,-0.09,0.041,-0.0,0.995
1153.67,-0.09,0.041,0.0,0.995
1153.86,-0.09,0.04,0.0,0.995
1154.4,-0.09,0.041,0.0,0.995
1154.22,-0.09,0.04,0.0,0.995
1154.4,-0.09,0.041,0.0,0.995
1154.59,-0.09,0.04,0.0,0.995
1154.77,-0.09,0.041,0.0,0.995
1154.95,-0.09,0.04,0.0,0.995
1155.13,-0.09,0.041,0.0,0.995
1155.31,-0.09,0.041,0.0,0.995
1155.5,-0.09,0.041,0.0,0.995
1155.68,-0.09,0.041,0.0,0.995
1155.86,-0.09,0.041,0.0,0.995
1156.4,-0.09,0.041,0.0,0.995
1156.23,-0.09,0.041,0.0,0.995
1156.41,-0.09,0.04,0.0,0.995
1156.59,-0.09,0.041,0.0,0.995
1156.77,-0.09,0.04,0.0,0.995
1156.96,-0.09,0.041,0.0,0.995
1157.14,-0.09,0.04,0.0,0.995
1157.32,-0.09,0.041,0.0,0.995
1157.5,-0.09,0.04,0.0,0.995
1157.68,-0.09,0.041,0.0,0.995
1157.87,-0.09,0.04,0.0,0.995
1158.5,-0.09,0.041,0.0,0.995
1158.23,-0.09,0.04,0.0,0.995
1158.41,-0.09,0.041,0.0,0.995
1158.6,-0.09,0.041,0.0,0.995
1158.78,-0.09,0.041,0.0,0.995
1158.96,-0.09,0.041,0.0,0.995
1159.14,-0.09,0.041,0.0,0.995
1159.32,-0.09,0.041,0.0,0.995
1159.51,-0.09,0.04,0.0,0.995
1159.69,-0.09,0.041,0.0,0.995
1159.87,-0.09,0.041,0.0,0.995
1160.5,-0.09,0.041,0.0,0.995
1160.24,-0.09,0.04,0.0,0.995
1160.42,-0.09,0.041,0.001,0.995
1160.6,-0.09,0.04,0.001,0.995
1160.78,-0.09,0.041,0.001,0.995
1160.96,-0.09,0.041,0.0,0.995
1161.15,-0.09,0.041,0.001,0.995
1161.33,-0.09,0.041,0.001,0.995
1161.51,-0.09,0.041,0.001,0.995
1161.69,-0.09,0.041,0.001,0.995
1161.88,-0.09,0.041,0.001,0.995
1162.6,-0.09,0.041,0.001,0.995
1162.24,-0.09,0.041,0.001,0.995
1162.42,-0.09,0.041,0.001,0.995
1162.61,-0.09,0.041,0.001,0.995
1162.79,-0.09,0.041,0.001,0.995
1162.97,-0.09,0.041,0.001,0.995
1163.15,-0.09,0.041,0.001,0.995
1163.33,-0.09,0.041,0.001,0.995
1163.52,-0.09,0.041,0.001,0.995
1163.7,-0.09,0.041,0.001,0.995
1163.88,-0.09,0.041,0.001,0.995
1164.6,-0.09,0.041,0.001,0.995
1164.25,-0.09,0.041,0.001,0.995
1164.43,-0.09,0.041,0.001,0.995
1164.61,-0.09,0.041,0.001,0.995
1164.79,-0.09,0.041,0.001,0.995
1164.97,-0.09,0.04,0.001,0.995
1165.16,-0.09,0.041,0.001,0.995
1165.34,-0.09,0.041,0.001,0.995
1165.52,-0.09,0.041,0.001,0.995
1165.7,-0.09,0.041,0.001,0.995
1165.89,-0.09,0.041,0.001,0.995
1166.7,-0.09,0.04,0.001,0.995
1166.25,-0.09,0.041,0.001,0.995
1166.43,-0.09,0.041,0.001,0.995
1166.61,-0.09,0.041,0.001,0.995
1166.8,-0.09,0.041,0.001,0.995
1166.98,-0.09,0.041,0.001,0.995
1168.7,-0.09,0.041,0.001,0.995
1168.26,-0.09,0.04,0.001,0.995
1168.44,-0.09,0.041,0.001,0.995
1168.62,-0.09,0.04,0.001,0.995
1168.8,-0.09,0.041,0.001,0.995
1168.98,-0.09,0.041,0.001,0.995
1169.17,-0.09,0.04,0.001,0.995
1169.35,-0.09,0.04,0.001,0.995
1169.53,-0.09,0.041,0.001,0.995
1169.71,-0.09,0.04,0.001,0.995
1169.9,-0.09,0.041,0.001,0.995
1170.8,-0.09,0.04,0.001,0.995
1170.26,-0.09,0.04,0.001,0.995
1170.44,-0.09,0.04,0.001,0.995
1170.62,-0.09,0.04,0.001,0.995
1170.81,-0.09,0.04,0.001,0.995
1170.99,-0.09,0.041,0.001,0.995
1171.17,-0.09,0.04,0.001,0.995
1171.35,-0.09,0.04,0.001,0.995
1171.54,-0.09,0.04,0.001,0.995
1171.72,-0.09,0.04,0.001,0.995
1171.9,-0.09,0.041,0.001,0.995
1172.8,-0.09,0.04,0.001,0.995
1172.26,-0.09,0.04,0.001,0.995
1172.45,-0.09,0.04,0.001,0.995
1172.63,-0.09,0.04,0.001,0.995
1172.81,-0.09,0.04,0.001,0.995
1172.99,-0.09,0.04,0.001,0.995
1173.18,-0.09,0.041,0.001,0.995
1173.36,-0.09,0.04,0.001,0.995
1173.54,-0.09,0.04,0.001,0.995
1173.72,-0.09,0.04,0.001,0.995
1173.9,-0.09,0.04,0.001,0.995
1174.9,-0.09,0.04,0.001,0.995
1174.27,-0.09,0.04,0.001,0.995
1174.45,-0.09,0.04,0.001,0.995
1174.63,-0.09,0.04,0.001,0.995
1174.82,-0.09,0.041,0.001,0.995
1175.0,-0.09,0.041,0.001,0.995
1175.18,-0.09,0.04,0.001,0.995
1175.36,-0.09,0.04,0.001,0.995
1175.55,-0.09,0.04,0.001,0.995
1175.73,-0.09,0.04,0.001,0.995
1175.91,-0.09,0.04,0.001,0.995
1176.9,-0.09,0.04,0.001,0.995
1176.27,-0.09,0.04,0.001,0.995
1176.46,-0.09,0.04,0.001,0.995
1176.64,-0.09,0.04,0.001,0.995
1176.82,-0.09,0.041,0.001,0.995
1177.0,-0.09,0.04,0.001,0.995
1177.19,-0.09,0.041,0.001,0.995
1177.37,-0.09,0.041,0.001,0.995
1177.55,-0.09,0.041,0.001,0.995
1177.73,-0.09,0.041,0.001,0.995
1177.91,-0.09,0.041,0.001,0.995
1178.1,-0.09,0.041,0.001,0.995
1178.28,-0.09,0.041,0.001,0.995
1178.46,-0.09,0.041,0.001,0.995
1178.64,-0.09,0.041,0.001,0.995
1178.83,-0.09,0.041,0.001,0.995
1179.1,-0.09,0.041,0.001,0.995
1179.19,-0.09,0.041,0.001,0.995
1179.37,-0.09,0.041,0.001,0.995
1179.55,-0.09,0.041,0.001,0.995
1179.74,-0.09,0.04,0.001,0.995
1179.92,-0.09,0.041,0.001,0.995
1180.1,-0.09,0.041,0.001,0.995
1180.28,-0.09,0.041,0.001,0.995
1180.47,-0.09,0.04,0.001,0.995
1180.65,-0.09,0.041,0.001,0.995
1180.83,-0.09,0.04,0.001,0.995
1181.1,-0.09,0.041,0.001,0.995
1181.19,-0.09,0.04,0.001,0.995
1181.38,-0.09,0.041,0.001,0.995
1181.56,-0.09,0.041,0.001,0.995
1181.74,-0.09,0.041,0.001,0.995
1181.92,-0.09,0.041,0.001,0.995
1182.11,-0.09,0.041,0.001,0.995
1182.29,-0.09,0.041,0.001,0.995
1182.47,-0.09,0.04,0.001,0.995
1182.65,-0.09,0.041,0.001,0.995
1182.84,-0.09,0.041,0.001,0.995
1183.2,-0.09,0.041,0.001,0.995
1183.2,-0.09,0.041,0.001,0.995
1183.38,-0.09,0.041,0.001,0.995
1183.56,-0.09,0.041,0.001,0.995
1183.75,-0.09,0.041,0.001,0.995
1183.93,-0.09,0.041,0.001,0.995
1184.11,-0.09,0.041,0.001,0.995
1184.29,-0.09,0.041,0.001,0.995
1184.48,-0.09,0.041,0.001,0.995
1184.66,-0.09,0.04,0.001,0.995
1184.84,-0.09,0.04,0.001,0.995
1185.2,-0.09,0.04,0.001,0.995
1185.2,-0.09,0.041,0.001,0.995
1185.39,-0.09,0.041,0.001,0.995
1185.57,-0.09,0.04,0.001,0.995
1185.75,-0.09,0.04,0.001,0.995
1185.93,-0.09,0.041,0.001,0.995
1186.12,-0.09,0.041,0.001,0.995
1186.3,-0.09,0.041,0.001,0.995
1186.48,-0.09,0.041,0.001,0.995
1186.66,-0.09,0.04,0.001,0.995
1186.84,-0.09,0.04,0.001,0.995
1187.3,-0.09,0.04,0.001,0.995
1187.21,-0.09,0.04,0.001,0.995
1187.39,-0.09,0.041,0.001,0.995
1187.57,-0.09,0.041,0.001,0.995
1187.76,-0.09,0.041,0.001,0.995
1187.94,-0.09,0.04,0.001,0.995
1188.12,-0.09,0.041,0.001,0.995
1188.3,-0.09,0.04,0.001,0.995
1188.49,-0.09,0.04,0.001,0.995
1188.67,-0.09,0.04,0.001,0.995
1188.85,-0.09,0.041,0.001,0.995
1189.3,-0.09,0.041,0.001,0.995
1189.21,-0.09,0.041,0.001,0.995
1189.4,-0.09,0.041,0.001,0.995
1189.58,-0.09,0.041,0.001,0.995
1189.76,-0.09,0.041,0.001,0.995
1189.94,-0.09,0.041,0.001,0.995
1190.13,-0.09,0.041,0.001,0.995
1190.31,-0.09,0.041,0.001,0.995
1190.49,-0.09,0.041,0.001,0.995
1194.32,-0.09,0.04,0.001,0.995
1194.5,-0.09,0.041,0.001,0.995
1194.68,-0.09,0.04,0.001,0.995
1194.87,-0.09,0.04,0.001,0.995
1195.5,-0.09,0.04,0.001,0.995
1195.23,-0.09,0.04,0.001,0.995
1195.41,-0.09,0.04,0.001,0.995
1195.59,-0.09,0.04,0.001,0.995
1195.78,-0.09,0.04,0.001,0.995
1195.96,-0.09,0.04,0.001,0.995
1196.14,-0.09,0.04,0.001,0.995
1196.32,-0.09,0.04,0.001,0.995
1196.51,-0.09,0.041,0.001,0.995
1196.69,-0.09,0.041,0.001,0.995
1196.87,-0.09,0.041,0.001,0.995
1197.5,-0.09,0.041,0.001,0.995
1197.24,-0.09,0.04,0.001,0.995
1197.42,-0.09,0.041,0.001,0.995
1197.6,-0.09,0.04,0.001,0.995
1197.78,-0.09,0.04,0.001,0.995
1197.96,-0.09,0.04,0.001,0.995
1198.15,-0.09,0.04,0.001,0.995
1198.33,-0.09,0.04,0.001,0.995
1198.51,-0.09,0.04,0.001,0.995
1198.69,-0.09,0.04,0.001,0.995
1198.88,-0.09,0.041,0.001,0.995
1199.6,-0.09,0.04,0.001,0.995
1199.24,-0.09,0.04,0.001,0.995
1199.42,-0.09,0.04,0.001,0.995
1199.6,-0.09,0.041,0.001,0.995
1199.79,-0.09,0.041,0.001,0.995
1199.97,-0.09,0.041,0.001,0.995
1200.15,-0.09,0.041,0.001,0.995
1200.33,-0.09,0.041,0.001,0.995
1200.52,-0.09,0.041,0.001,0.995
1200.7,-0.09,0.041,0.001,0.995
1200.88,-0.09,0.04,0.001,0.995
1201.6,-0.09,0.041,0.001,0.995
1204.34,-0.09,0.04,0.001,0.995
1204.53,-0.09,0.04,0.001,0.995
1204.71,-0.09,0.04,0.001,0.995
1204.89,-0.09,0.04,0.001,0.995
1205.7,-0.09,0.04,0.001,0.995
1205.26,-0.09,0.04,0.001,0.995
1205.44,-0.09,0.04,0.001,0.995
1205.62,-0.09,0.04,0.001,0.995
1205.8,-0.09,0.04,0.001,0.995
1205.98,-0.09,0.04,0.001,0.995
1206.17,-0.09,0.04,0.001,0.995
1206.35,-0.09,0.04,0.001,0.995
1206.53,-0.09,0.041,0.001,0.995
1206.71,-0.09,0.04,0.001,0.995
1206.9,-0.09,0.04,0.001,0.995
1207.8,-0.09,0.04,0.001,0.995
1207.26,-0.09,0.041,0.001,0.995
1207.44,-0.09,0.04,0.001,0.995
1207.63,-0.09,0.04,0.001,0.995
1207.81,-0.09,0.04,0.001,0.995
1207.99,-0.09,0.04,0.001,0.995
1208.17,-0.09,0.041,0.001,0.995
1208.35,-0.09,0.04,0.001,0.995
1208.54,-0.09,0.041,0.001,0.995
1208.72,-0.09,0.04,0.001,0.995
1208.9,-0.09,0.04,0.001,0.995
1209.8,-0.09,0.04,0.001,0.995
1209.27,-0.09,0.041,0.001,0.995
1209.45,-0.09,0.04,0.001,0.995
1209.63,-0.09,0.04,0.001,0.995
1209.81,-0.09,0.04,0.001,0.995
1209.99,-0.09,0.04,0.001,0.995
1210.18,-0.09,0.04,0.001,0.995
1210.36,-0.09,0.04,0.001,0.995
1210.54,-0.09,0.041,0.001,0.995
1210.72,-0.09,0.04,0.001,0.995
1210.91,-0.09,0.041,0.001,0.995
1211.9,-0.09,0.04,0.001,0.995
1211.27,-0.09,0.041,0.001,0.995
1211.45,-0.09,0.041,0.001,0.995
1211.64,-0.09,0.041,0.001,0.995
1211.82,-0.09,0.04,0.001,0.995
1212.0,-0.09,0.041,0.001,0.995
1212.18,-0.09,0.04,0.001,0.995
1212.36,-0.09,0.04,0.001,0.995
1212.55,-0.09,0.04,0.001,0.995
1212.73,-0.09,0.04,0.001,0.995
1212.91,-0.09,0.04,0.001,0.995
1213.9,-0.09,0.04,0.001,0.995
1213.28,-0.09,0.04,0.001,0.995
1213.46,-0.09,0.04,0.001,0.995
1213.64,-0.09,0.04,0.001,0.995
1213.82,-0.09,0.04,0.001,0.995
1214.1,-0.09,0.04,0.001,0.995
1214.19,-0.09,0.041,0.001,0.995
1214.37,-0.09,0.04,0.001,0.995
1214.55,-0.09,0.04,0.001,0.995
1214.73,-0.09,0.04,0.001,0.995
1214.92,-0.09,0.04,0.001,0.995
1218.74,-0.09,0.04,0.001,0.995
1218.93,-0.09,0.04,0.001,0.995
1219.11,-0.09,0.04,0.001,0.995
1219.29,-0.09,0.041,0.001,0.995
1219.47,-0.09,0.04,0.001,0.995
1219.66,-0.09,0.041,0.001,0.995
1219.84,-0.09,0.04,0.001,0.995
1220.2,-0.09,0.041,0.001,0.995
1220.2,-0.09,0.04,0.001,0.995
1220.38,-0.09,0.04,0.001,0.995
1220.57,-0.09,0.04,0.001,0.995
1220.75,-0.09,0.04,0.001,0.995
1220.93,-0.09,0.04,0.001,0.995
1221.11,-0.09,0.04,0.001,0.995
1221.3,-0.09,0.04,0.001,0.995
1221.48,-0.09,0.04,0.001,0.995
1221.66,-0.09,0.04,0.001,0.995
1221.84,-0.09,0.041,0.001,0.995
1222.3,-0.09,0.04,0.001,0.995
1222.21,-0.09,0.041,0.001,0.995
1222.39,-0.09,0.041,0.001,0.995
1222.57,-0.09,0.041,0.001,0.995
1222.75,-0.09,0.04,0.001,0.995
1222.94,-0.09,0.04,0.001,0.995
1223.12,-0.09,0.041,0.001,0.995
1223.3,-0.09,0.04,0.001,0.995
1223.48,-0.09,0.04,0.001,0.995
1223.67,-0.09,0.04,0.001,0.995
1223.85,-0.09,0.04,0.001,0.995
1224.3,-0.09,0.04,0.001,0.995
1224.21,-0.09,0.041,0.001,0.995
1224.39,-0.09,0.041,0.001,0.995
1224.58,-0.09,0.041,0.001,0.995
1224.76,-0.09,0.041,0.001,0.995
1224.94,-0.09,0.04,0.001,0.995
1225.12,-0.09,0.04,0.001,0.995
1225.31,-0.09,0.04,0.001,0.995
1225.49,-0.09,0.04,0.001,0.995
1225.67,-0.09,0.041,0.001,0.995
1225.85,-0.09,0.04,0.001,0.995
1226.3,-0.09,0.04,0.001,0.995
1226.22,-0.09,0.04,0.001,0.995
1226.4,-0.09,0.041,0.001,0.995
1226.58,-0.09,0.04,0.001,0.995
1226.76,-0.09,0.041,0.001,0.995
1228.4,-0.09,0.04,0.001,0.995
1228.59,-0.09,0.04,0.001,0.995
1228.77,-0.09,0.04,0.001,0.995
1228.95,-0.09,0.04,0.001,0.995
1229.13,-0.09,0.04,0.001,0.995
1229.32,-0.09,0.04,0.001,0.995
1229.5,-0.09,0.041,0.001,0.995
1229.68,-0.09,0.04,0.001,0.995
1229.86,-0.09,0.04,0.001,0.995
1230.4,-0.09,0.04,0.001,0.995
1230.23,-0.09,0.041,0.001,0.995
1230.41,-0.09,0.04,0.001,0.995
1230.59,-0.09,0.04,0.001,0.995
1230.77,-0.09,0.04,0.001,0.995
1230.96,-0.09,0.04,0.001,0.995
1231.14,-0.09,0.04,0.001,0.995
1231.32,-0.09,0.041,0.001,0.995
1231.5,-0.09,0.04,0.001,0.995
1231.68,-0.09,0.041,0.001,0.995
1231.87,-0.09,0.04,0.001,0.995
1232.5,-0.09,0.041,0.001,0.995
1232.23,-0.09,0.04,0.001,0.995
1232.41,-0.09,0.04,0.001,0.995
1232.6,-0.09,0.041,0.001,0.995
1232.78,-0.09,0.041,0.001,0.995
1232.96,-0.09,0.04,0.001,0.995
1233.14,-0.09,0.041,0.001,0.995
1233.33,-0.09,0.04,0.001,0.995
1233.51,-0.09,0.04,0.001,0.995
1233.69,-0.09,0.04,0.001,0.995
1233.87,-0.09,0.04,0.001,0.995
1234.5,-0.09,0.041,0.001,0.995
1234.24,-0.09,0.041,0.001,0.995
1234.42,-0.09,0.041,0.001,0.995
1234.6,-0.09,0.041,0.001,0.995
1234.78,-0.09,0.04,0.001,0.995
1234.97,-0.09,0.041,0.001,0.995
1235.15,-0.09,0.04,0.001,0.995
1235.33,-0.09,0.041,0.001,0.995
1235.51,-0.09,0.04,0.001,0.995
1235.69,-0.09,0.04,0.001,0.995
1235.88,-0.09,0.04,0.001,0.995
1238.6,-0.09,0.04,0.001,0.995
1238.25,-0.09,0.04,0.001,0.995
1238.43,-0.09,0.04,0.001,0.995
1238.61,-0.09,0.04,0.001,0.995
1238.79,-0.09,0.04,0.001,0.995
1238.98,-0.09,0.04,0.001,0.995
1239.16,-0.09,0.04,0.001,0.995
1239.34,-0.09,0.04,0.001,0.995
1239.52,-0.09,0.04,0.001,0.995
1239.7,-0.09,0.041,0.001,0.995
1239.89,-0.09,0.041,0.001,0.995
1240.7,-0.09,0.041,0.001,0.995
1240.25,-0.09,0.041,0.001,0.995
1240.43,-0.09,0.04,0.001,0.995
1240.62,-0.09,0.04,0.001,0.995
1240.8,-0.09,0.04,0.001,0.995
1240.98,-0.09,0.04,0.001,0.995
1241.16,-0.09,0.04,0.001,0.995
1241.35,-0.09,0.04,0.001,0.995
1241.53,-0.09,0.04,0.001,0.995
1241.71,-0.09,0.041,0.001,0.995
1241.89,-0.09,0.041,0.001,0.995
1242.7,-0.09,0.041,0.001,0.995
1242.26,-0.09,0.041,0.001,0.995
1242.44,-0.09,0.04,0.001,0.995
1242.62,-0.09,0.04,0.001,0.995
1244.26,-0.09,0.04,0.001,0.995
1244.44,-0.09,0.04,0.001,0.995
1244.63,-0.09,0.04,0.001,0.995
1244.81,-0.09,0.04,0.001,0.995
1244.99,-0.09,0.04,0.001,0.995
1245.17,-0.09,0.04,0.001,0.995
1245.36,-0.09,0.041,0.001,0.995
1245.54,-0.09,0.041,0.001,0.995
1245.72,-0.09,0.041,0.001,0.995
1245.9,-0.09,0.04,0.001,0.995
1246.8,-0.09,0.04,0.001,0.995
1246.27,-0.09,0.04,0.001,0.995
1246.45,-0.09,0.04,0.001,0.995
1246.63,-0.09,0.04,0.001,0.995
1246.81,-0.09,0.04,0.001,0.995
1247.0,-0.09,0.04,0.001,0.995
1248.9,-0.09,0.04,0.001,0.995
1248.27,-0.09,0.04,0.001,0.995
1248.45,-0.09,0.04,0.001,0.995
1248.64,-0.09,0.04,0.001,0.995
1248.82,-0.09,0.04,0.001,0.995
1249.0,-0.09,0.04,0.001,0.995
1249.18,-0.09,0.04,0.001,0.995
1249.37,-0.09,0.04,0.001,0.995
1249.55,-0.09,0.04,0.001,0.995
1249.73,-0.09,0.04,0.001,0.995
1249.91,-0.09,0.04,0.001,0.995
1250.9,-0.09,0.04,0.001,0.995
1250.28,-0.09,0.041,0.001,0.995
1250.46,-0.09,0.04,0.001,0.995
1250.64,-0.09,0.04,0.001,0.995
1250.82,-0.09,0.04,0.001,0.995
1251.1,-0.09,0.04,0.001,0.995
1251.19,-0.09,0.04,0.001,0.995
1251.37,-0.09,0.04,0.001,0.995
1251.55,-0.09,0.04,0.001,0.995
1251.73,-0.09,0.04,0.001,0.995
1251.92,-0.09,0.04,0.001,0.995
1252.1,-0.09,0.04,0.001,0.995
1252.28,-0.09,0.04,0.001,0.995
1252.46,-0.09,0.041,0.001,0.995
1252.65,-0.09,0.041,0.001,0.995
1252.83,-0.09,0.04,0.001,0.995
1253.1,-0.09,0.04,0.001,0.995
1253.19,-0.09,0.04,0.001,0.995
1253.37,-0.09,0.041,0.001,0.995
1253.56,-0.09,0.04,0.001,0.995
1253.74,-0.09,0.04,0.001,0.995
1253.92,-0.09,0.04,0.001,0.995
1254.1,-0.09,0.04,0.001,0.995
1254.29,-0.09,0.04,0.001,0.995
1254.47,-0.09,0.04,0.001,0.995
1254.65,-0.09,0.04,0.001,0.995
1254.83,-0.09,0.04,0.001,0.995
1255.2,-0.09,0.04,0.001,0.995
1255.2,-0.09,0.04,0.001,0.995
1255.38,-0.09,0.04,0.001,0.995
1255.56,-0.09,0.04,0.001,0.995
1255.74,-0.09,0.04,0.001,0.995
1255.93,-0.09,0.04,0.001,0.995
1256.11,-0.09,0.04,0.001,0.995
1256.29,-0.09,0.04,0.001,0.995
1256.47,-0.09,0.04,0.001,0.995
1256.66,-0.09,0.04,0.001,0.995
1256.84,-0.09,0.04,0.001,0.995
1257.2,-0.09,0.04,0.001,0.995
1257.2,-0.09,0.04,0.001,0.995
1257.38,-0.09,0.04,0.001,0.995
1257.57,-0.09,0.04,0.001,0.995
1257.75,-0.09,0.04,0.001,0.995
1257.93,-0.09,0.04,0.001,0.995
1258.11,-0.09,0.04,0.001,0.995
1258.3,-0.09,0.04,0.001,0.995
1258.48,-0.09,0.04,0.001,0.995
1258.66,-0.09,0.04,0.001,0.995
1258.84,-0.09,0.04,0.001,0.995
1259.3,-0.09,0.04,0.001,0.995
1259.21,-0.09,0.04,0.001,0.995
1259.39,-0.09,0.04,0.001,0.995
1259.57,-0.09,0.04,0.001,0.995
1259.75,-0.09,0.04,0.001,0.995
1259.94,-0.09,0.04,0.001,0.995
1260.12,-0.09,0.04,0.001,0.995
1260.3,-0.09,0.041,0.001,0.995
1260.48,-0.09,0.04,0.001,0.995
1260.67,-0.09,0.041,0.001,0.995
1264.68,-0.09,0.04,0.001,0.995
1264.86,-0.09,0.041,0.001,0.995
1265.4,-0.09,0.04,0.001,0.995
1265.22,-0.09,0.04,0.001,0.995
1265.4,-0.09,0.04,0.001,0.995
1265.59,-0.09,0.04,0.001,0.995
1265.77,-0.09,0.04,0.001,0.995
1265.95,-0.09,0.04,0.001,0.995
1266.13,-0.09,0.04,0.001,0.995
1266.32,-0.09,0.041,0.001,0.995
1266.5,-0.09,0.041,0.001,0.995
1266.68,-0.09,0.04,0.001,0.995
1266.86,-0.09,0.04,0.001,0.995
1267.4,-0.09,0.041,0.001,0.995
1267.23,-0.09,0.041,0.001,0.995
1267.41,-0.09,0.04,0.001,0.995
1267.59,-0.09,0.04,0.001,0.995
1267.77,-0.09,0.041,0.001,0.995
1267.96,-0.09,0.04,0.001,0.995
1268.14,-0.09,0.04,0.001,0.995
1268.32,-0.09,0.04,0.001,0.995
1268.5,-0.09,0.04,0.001,0.995
1268.68,-0.09,0.04,0.001,0.995
1268.87,-0.09,0.04,0.001,0.995
1272.69,-0.09,0.04,0.001,0.995
1272.88,-0.09,0.041,0.001,0.995
1273.6,-0.09,0.04,0.001,0.995
1273.24,-0.09,0.04,0.001,0.995
1273.42,-0.09,0.041,0.001,0.995
1273.6,-0.09,0.04,0.001,0.995
1273.79,-0.09,0.04,0.001,0.995
1273.97,-0.09,0.04,0.001,0.995
1274.15,-0.09,0.041,0.001,0.995
1274.33,-0.09,0.041,0.001,0.995
1274.52,-0.09,0.041,0.001,0.995
1274.7,-0.09,0.041,0.001,0.995
1274.88,-0.09,0.041,0.001,0.995
1275.6,-0.09,0.041,0.001,0.995
1275.24,-0.09,0.04,0.001,0.995
1275.43,-0.09,0.041,0.001,0.995
1275.61,-0.09,0.04,0.001,0.995
1275.79,-0.09,0.041,0.001,0.995
1275.97,-0.09,0.04,0.001,0.995
1276.16,-0.09,0.04,0.001,0.995
1276.34,-0.09,0.04,0.001,0.995
1276.52,-0.09,0.04,0.001,0.995
1276.7,-0.09,0.04,0.001,0.995
1276.88,-0.09,0.04,0.001,0.995
1277.7,-0.09,0.04,0.001,0.995
1277.25,-0.09,0.04,0.001,0.995
1277.43,-0.09,0.04,0.001,0.995
1277.61,-0.09,0.04,0.001,0.995
1277.8,-0.09,0.04,0.001,0.995
1277.98,-0.09,0.04,0.001,0.995
1278.16,-0.09,0.04,0.001,0.995
1278.34,-0.09,0.04,0.001,0.995
1278.53,-0.09,0.04,0.001,0.995
1278.71,-0.09,0.04,0.001,0.995
1278.89,-0.09,0.04,0.001,0.995
1279.7,-0.09,0.04,0.001,0.995
1283.8,-0.09,0.04,0.001,0.995
1283.26,-0.09,0.04,0.001,0.995
1283.45,-0.09,0.04,0.001,0.995
1283.63,-0.09,0.041,0.001,0.995
1283.81,-0.09,0.041,0.001,0.995
1283.99,-0.09,0.04,0.001,0.995
1284.17,-0.09,0.041,0.001,0.995
1284.36,-0.09,0.04,0.001,0.995
1284.54,-0.09,0.04,0.001,0.995
1284.72,-0.09,0.04,0.001,0.995
1284.9,-0.09,0.041,0.001,0.995
1285.9,-0.09,0.04,0.001,0.995
1285.27,-0.09,0.04,0.001,0.995
1285.45,-0.09,0.04,0.001,0.995
1285.63,-0.09,0.04,0.001,0.995
1285.82,-0.09,0.04,0.001,0.995
1286.0,-0.09,0.041,0.001,0.995
1286.18,-0.09,0.04,0.001,0.995
1286.36,-0.09,0.04,0.001,0.995
1286.54,-0.09,0.041,0.001,0.995
1286.73,-0.09,0.04,0.001,0.995
1286.91,-0.09,0.04,0.001,0.995
1287.9,-0.09,0.04,0.001,0.995
1288.73,-0.09,0.041,0.002,0.995
1288.91,-0.09,0.041,0.001,0.995
1289.1,-0.09,0.04,0.001,0.995
1289.28,-0.09,0.041,0.001,0.995
1289.46,-0.09,0.04,0.001,0.995
1289.64,-0.09,0.041,0.002,0.995
1289.83,-0.09,0.041,0.002,0.995
1290.1,-0.09,0.04,0.002,0.995
1290.19,-0.09,0.04,0.001,0.995
1290.37,-0.09,0.041,0.001,0.995
1290.55,-0.09,0.04,0.001,0.995
1290.74,-0.09,0.041,0.001,0.995
1290.92,-0.09,0.04,0.001,0.995
1291.1,-0.09,0.04,0.001,0.995
1291.28,-0.09,0.04,0.001,0.995
1291.47,-0.09,0.041,0.001,0.995
1291.65,-0.09,0.04,0.001,0.995
1291.83,-0.09,0.04,0.002,0.995
1292.1,-0.09,0.04,0.002,0.995
1292.2,-0.09,0.04,0.002,0.995
1292.38,-0.09,0.041,0.002,0.995
1292.56,-0.09,0.04,0.002,0.995
1292.74,-0.09,0.041,0.002,0.995
1292.92,-0.09,0.041,0.002,0.995
1293.11,-0.09,0.04,0.002,0.995
1293.29,-0.09,0.041,0.002,0.995
1293.47,-0.09,0.04,0.002,0.995
1293.65,-0.09,0.04,0.002,0.995
1293.84,-0.09,0.04,0.001,0.995
1294.2,-0.09,0.041,0.002,0.995
1294.2,-0.09,0.04,0.001,0.995
1294.38,-0.09,0.04,0.001,0.995
1294.56,-0.09,0.04,0.001,0.995
1294.75,-0.09,0.04,0.001,0.995
1294.93,-0.09,0.04,0.002,0.995
1295.11,-0.09,0.041,0.002,0.995
1295.29,-0.09,0.04,0.002,0.995
1295.48,-0.09,0.04,0.002,0.995
1295.66,-0.09,0.04,0.002,0.995
1295.84,-0.09,0.04,0.002,0.995
1296.2,-0.09,0.04,0.002,0.995
1296.2,-0.09,0.04,0.002,0.995
1296.39,-0.09,0.04,0.002,0.995
1296.57,-0.09,0.04,0.002,0.995
1296.75,-0.09,0.04,0.002,0.995
1296.93,-0.09,0.04,0.002,0.995
1297.12,-0.09,0.04,0.002,0.995
1297.3,-0.09,0.04,0.002,0.995
1297.48,-0.09,0.04,0.002,0.995
1297.66,-0.09,0.04,0.002,0.995
1297.85,-0.09,0.04,0.002,0.995
1298.3,-0.09,0.04,0.002,0.995
1298.21,-0.09,0.04,0.002,0.995
1298.39,-0.09,0.04,0.001,0.995
1298.57,-0.09,0.04,0.001,0.995
1298.76,-0.09,0.041,0.002,0.995
1298.94,-0.09,0.04,0.002,0.995
1299.12,-0.09,0.04,0.002,0.995
1299.3,-0.09,0.04,0.002,0.995
1299.49,-0.09,0.04,0.002,0.995
1299.67,-0.09,0.04,0.002,0.995
1299.85,-0.09,0.04,0.002,0.995
1300.3,-0.09,0.04,0.002,0.995
1300.21,-0.09,0.04,0.002,0.995
1300.4,-0.09,0.04,0.002,0.995
1300.58,-0.09,0.04,0.002,0.995
1300.76,-0.09,0.04,0.002,0.995
1300.94,-0.09,0.04,0.002,0.995
1301.13,-0.09,0.04,0.002,0.995
1301.31,-0.09,0.04,0.002,0.995
1301.49,-0.09,0.04,0.002,0.995
1301.67,-0.09,0.04,0.002,0.995
1301.86,-0.09,0.041,0.002,0.995
1302.4,-0.09,0.04,0.002,0.995
1302.22,-0.09,0.04,0.002,0.995
1302.4,-0.09,0.04,0.002,0.995
1302.58,-0.09,0.04,0.002,0.995
1302.77,-0.091,0.04,0.002,0.995
1302.95,-0.091,0.04,0.002,0.994
1303.13,-0.091,0.04,0.002,0.995
1303.31,-0.09,0.04,0.002,0.995
1303.5,-0.09,0.04,0.002,0.995
1303.68,-0.09,0.04,0.002,0.995
1303.86,-0.09,0.04,0.002,0.995
1304.4,-0.09,0.04,0.002,0.995
1304.22,-0.09,0.04,0.002,0.995
1304.41,-0.09,0.04,0.002,0.995
1304.59,-0.09,0.041,0.002,0.995
1304.77,-0.09,0.04,0.002,0.995
1304.95,-0.09,0.04,0.002,0.995
1305.14,-0.09,0.04,0.002,0.995
1305.32,-0.09,0.04,0.002,0.995
1305.5,-0.09,0.04,0.002,0.995
1305.68,-0.09,0.04,0.002,0.995
1305.87,-0.091,0.04,0.002,0.995
1306.5,-0.09,0.041,0.002,0.995
1306.23,-0.09,0.04,0.001,0.995
1306.41,-0.09,0.04,0.001,0.995
1306.59,-0.09,0.04,0.001,0.995
1306.78,-0.09,0.04,0.001,0.995
1306.96,-0.09,0.041,0.002,0.995
1307.14,-0.09,0.04,0.001,0.995
1307.32,-0.09,0.04,0.001,0.995
1307.51,-0.09,0.04,0.001,0.995
1307.69,-0.09,0.04,0.001,0.995
1307.87,-0.09,0.04,0.002,0.995
1308.5,-0.09,0.04,0.001,0.995
1308.23,-0.09,0.04,0.001,0.995
1308.42,-0.091,0.04,0.001,0.994
1308.6,-0.091,0.04,0.001,0.994
1308.78,-0.091,0.04,0.001,0.995
1308.96,-0.09,0.04,0.002,0.995
1309.15,-0.09,0.04,0.002,0.995
1309.33,-0.09,0.04,0.002,0.995
1309.51,-0.09,0.04,0.002,0.995
1309.69,-0.09,0.04,0.002,0.995
1309.87,-0.09,0.04,0.002,0.995
1310.6,-0.09,0.04,0.002,0.995
1310.24,-0.09,0.04,0.002,0.995
1310.42,-0.09,0.04,0.002,0.995
1310.6,-0.09,0.04,0.002,0.995
1310.79,-0.09,0.04,0.002,0.995
1310.97,-0.09,0.04,0.002,0.995
1311.15,-0.09,0.04,0.002,0.995
1311.33,-0.09,0.04,0.002,0.995
1311.52,-0.09,0.04,0.002,0.995
1311.7,-0.09,0.04,0.002,0.995
1311.88,-0.09,0.04,0.002,0.995
1312.6,-0.09,0.04,0.002,0.995
1312.24,-0.09,0.04,0.002,0.995
1312.43,-0.09,0.04,0.002,0.995
1312.61,-0.09,0.04,0.002,0.995
1312.79,-0.09,0.04,0.002,0.995
1312.97,-0.09,0.04,0.002,0.995
1313.16,-0.09,0.04,0.002,0.995
1313.34,-0.09,0.04,0.002,0.995
1313.52,-0.09,0.04,0.002,0.995
1313.7,-0.09,0.04,0.002,0.995
1313.88,-0.09,0.04,0.002,0.995
1314.7,-0.09,0.04,0.002,0.995
1314.25,-0.09,0.04,0.002,0.995
1314.43,-0.09,0.04,0.002,0.995
1314.61,-0.09,0.04,0.002,0.995
1314.8,-0.09,0.04,0.002,0.995
1314.98,-0.09,0.04,0.002,0.995
1315.16,-0.09,0.04,0.002,0.995
1315.34,-0.09,0.04,0.002,0.995
1315.52,-0.09,0.04,0.002,0.995
1315.71,-0.09,0.04,0.002,0.995
1315.89,-0.09,0.04,0.002,0.995
1316.7,-0.09,0.04,0.002,0.995
1316.25,-0.09,0.04,0.002,0.995
1316.44,-0.09,0.04,0.002,0.995
1316.62,-0.09,0.04,0.002,0.995
1316.8,-0.09,0.04,0.002,0.995
1316.98,-0.09,0.04,0.002,0.995
1317.16,-0.09,0.04,0.002,0.995
1317.35,-0.09,0.04,0.002,0.995
1317.53,-0.09,0.04,0.002,0.995
1317.71,-0.09,0.04,0.002,0.995
1317.89,-0.09,0.04,0.002,0.995
1318.8,-0.09,0.04,0.002,0.995
1318.26,-0.09,0.04,0.002,0.995
1318.44,-0.09,0.04,0.002,0.995
1318.62,-0.09,0.04,0.002,0.995
1318.81,-0.09,0.04,0.002,0.995
1318.99,-0.09,0.04,0.002,0.995
1319.17,-0.09,0.04,0.002,0.995
1319.35,-0.09,0.04,0.002,0.995
1319.53,-0.09,0.04,0.002,0.995
1319.72,-0.09,0.04,0.002,0.995
1319.9,-0.09,0.04,0.002,0.995
1320.8,-0.09,0.04,0.002,0.995
1320.26,-0.09,0.04,0.002,0.995
1320.45,-0.09,0.04,0.002,0.995
1320.63,-0.09,0.04,0.002,0.995
1320.81,-0.09,0.04,0.002,0.995
1324.45,-0.09,0.04,0.002,0.995
1324.64,-0.09,0.04,0.002,0.995
1324.82,-0.09,0.04,0.002,0.995
1325.0,-0.09,0.04,0.002,0.995
1325.18,-0.09,0.04,0.002,0.995
1325.37,-0.09,0.04,0.002,0.995
1325.55,-0.09,0.04,0.002,0.995
1325.73,-0.09,0.04,0.002,0.995
1325.91,-0.09,0.04,0.002,0.995
1326.9,-0.09,0.04,0.002,0.995
1326.28,-0.09,0.041,0.002,0.995
1326.46,-0.09,0.04,0.002,0.995
1326.64,-0.09,0.04,0.002,0.995
1326.82,-0.09,0.04,0.002,0.995
1327.0,-0.09,0.04,0.002,0.995
1327.19,-0.09,0.04,0.002,0.995
1327.37,-0.09,0.04,0.002,0.995
1327.55,-0.09,0.04,0.002,0.995
1327.73,-0.09,0.04,0.002,0.995
1327.92,-0.09,0.04,0.002,0.995
1328.1,-0.09,0.04,0.002,0.995
1328.28,-0.09,0.04,0.002,0.995
1328.46,-0.091,0.04,0.002,0.995
1328.64,-0.09,0.04,0.002,0.995
1328.83,-0.09,0.04,0.002,0.995
1329.1,-0.09,0.04,0.002,0.995
1329.19,-0.09,0.04,0.002,0.995
1329.37,-0.09,0.04,0.002,0.995
1329.56,-0.09,0.04,0.002,0.995
1329.74,-0.09,0.04,0.002,0.995
1329.92,-0.09,0.04,0.002,0.995
1330.1,-0.091,0.04,0.002,0.995
1330.29,-0.091,0.04,0.002,0.994
1330.47,-0.091,0.04,0.002,0.994
1330.65,-0.091,0.04,0.002,0.994
1330.83,-0.091,0.04,0.002,0.994
1331.1,-0.091,0.04,0.002,0.994
1331.2,-0.091,0.04,0.002,0.994
1331.38,-0.091,0.04,0.002,0.995
1331.56,-0.09,0.04,0.002,0.995
1331.74,-0.09,0.04,0.002,0.995
1331.93,-0.09,0.04,0.002,0.995
1332.11,-0.09,0.04,0.002,0.995
1332.29,-0.09,0.04,0.002,0.995
1332.47,-0.09,0.04,0.002,0.995
1332.65,-0.09,0.04,0.002,0.995
1332.84,-0.09,0.04,0.002,0.995
1333.2,-0.09,0.04,0.002,0.995
1333.2,-0.09,0.04,0.002,0.995
1333.38,-0.09,0.04,0.002,0.995
1333.57,-0.09,0.04,0.002,0.995
1333.75,-0.09,0.04,0.002,0.995
1333.93,-0.09,0.04,0.002,0.995
1334.11,-0.09,0.04,0.002,0.995
1334.29,-0.09,0.04,0.002,0.995
1334.48,-0.09,0.04,0.002,0.995
1334.66,-0.09,0.04,0.002,0.995
1334.84,-0.09,0.04,0.002,0.995
1335.2,-0.09,0.04,0.002,0.995
1335.21,-0.09,0.04,0.002,0.995
1335.39,-0.09,0.04,0.002,0.995
1335.57,-0.09,0.04,0.002,0.995
1335.75,-0.09,0.04,0.002,0.995
1335.93,-0.09,0.04,0.002,0.995
1336.12,-0.09,0.04,0.002,0.995
1336.3,-0.09,0.04,0.002,0.995
1336.48,-0.09,0.04,0.002,0.995
1336.66,-0.09,0.04,0.002,0.995
1336.85,-0.09,0.04,0.002,0.995
1337.3,-0.09,0.04,0.002,0.995
1337.21,-0.09,0.04,0.002,0.995
1337.39,-0.09,0.04,0.002,0.995
1337.58,-0.09,0.04,0.002,0.995
1337.76,-0.09,0.04,0.002,0.995
1337.94,-0.09,0.04,0.002,0.995
1340.49,-0.09,0.04,0.002,0.995
1340.67,-0.09,0.04,0.002,0.995
1340.86,-0.09,0.04,0.002,0.995
1341.4,-0.09,0.04,0.002,0.995
1341.22,-0.09,0.04,0.002,0.995
1341.4,-0.09,0.04,0.002,0.995
1341.58,-0.09,0.04,0.002,0.995
1341.77,-0.09,0.04,0.002,0.995
1341.95,-0.09,0.04,0.002,0.995
1342.13,-0.09,0.04,0.002,0.995
1342.31,-0.09,0.04,0.002,0.995
1342.5,-0.09,0.04,0.002,0.995
1342.68,-0.09,0.04,0.002,0.995
1342.86,-0.09,0.04,0.002,0.995
1343.4,-0.09,0.04,0.002,0.995
1343.23,-0.09,0.04,0.002,0.995
1343.41,-0.09,0.04,0.002,0.995
1343.59,-0.09,0.041,0.002,0.995
1343.77,-0.09,0.041,0.002,0.995
1343.95,-0.09,0.041,0.002,0.995
1344.14,-0.09,0.041,0.002,0.995
1344.32,-0.09,0.04,0.002,0.995
1344.5,-0.09,0.04,0.002,0.995
1344.68,-0.09,0.04,0.002,0.995
1344.87,-0.09,0.04,0.002,0.995
1345.5,-0.09,0.04,0.002,0.995
1345.23,-0.09,0.04,0.002,0.995
1345.41,-0.09,0.04,0.002,0.995
1345.59,-0.09,0.04,0.002,0.995
1345.78,-0.09,0.04,0.002,0.995
1345.96,-0.09,0.04,0.002,0.995
1346.14,-0.09,0.04,0.002,0.995
1346.32,-0.09,0.04,0.002,0.995
1346.51,-0.09,0.04,0.002,0.995
1346.69,-0.09,0.04,0.002,0.995
1346.87,-0.09,0.04,0.002,0.995
1347.5,-0.09,0.04,0.002,0.995
1347.23,-0.09,0.04,0.002,0.995
1347.42,-0.09,0.04,0.002,0.995
1347.6,-0.09,0.04,0.002,0.995
1347.78,-0.09,0.04,0.002,0.995
1347.96,-0.09,0.04,0.002,0.995
1348.15,-0.09,0.04,0.002,0.995
1348.33,-0.09,0.04,0.002,0.995
1348.51,-0.09,0.04,0.002,0.995
1348.69,-0.09,0.04,0.002,0.995
1348.87,-0.09,0.04,0.002,0.995
1349.6,-0.09,0.04,0.002,0.995
1349.24,-0.09,0.04,0.002,0.995
1349.42,-0.09,0.04,0.002,0.995
1349.6,-0.09,0.04,0.002,0.995
1349.79,-0.09,0.04,0.002,0.995
1349.97,-0.09,0.04,0.002,0.995
1350.15,-0.09,0.04,0.002,0.995
1350.33,-0.09,0.04,0.002,0.995
1350.52,-0.09,0.04,0.002,0.995
1350.7,-0.09,0.04,0.002,0.995
1350.88,-0.09,0.04,0.002,0.995
1351.6,-0.09,0.04,0.002,0.995
1351.24,-0.09,0.04,0.002,0.995
1351.43,-0.09,0.04,0.002,0.995
1351.61,-0.09,0.04,0.002,0.995
1351.79,-0.09,0.04,0.002,0.995
1351.97,-0.09,0.04,0.002,0.995
1352.16,-0.09,0.04,0.002,0.995
1352.34,-0.09,0.04,0.002,0.995
1352.52,-0.09,0.04,0.002,0.995
1352.7,-0.09,0.04,0.002,0.995
1352.88,-0.09,0.04,0.002,0.995
1353.7,-0.09,0.04,0.002,0.995
1353.25,-0.09,0.04,0.002,0.995
1353.43,-0.09,0.04,0.002,0.995
1353.61,-0.09,0.04,0.002,0.995
1353.8,-0.09,0.04,0.002,0.995
1353.98,-0.09,0.04,0.002,0.995
1354.16,-0.09,0.04,0.002,0.995
1354.34,-0.09,0.04,0.002,0.995
1354.52,-0.09,0.04,0.002,0.995
1354.71,-0.09,0.04,0.002,0.995
1354.89,-0.09,0.04,0.002,0.995
1357.81,-0.09,0.04,0.002,0.995
1357.99,-0.09,0.04,0.002,0.995
1358.17,-0.09,0.04,0.002,0.995
1358.35,-0.09,0.04,0.002,0.995
1358.53,-0.09,0.04,0.002,0.995
1358.72,-0.09,0.04,0.002,0.995
1358.9,-0.09,0.04,0.002,0.995
1359.8,-0.09,0.04,0.002,0.995
1359.26,-0.09,0.04,0.002,0.995
1359.45,-0.09,0.04,0.002,0.995
1359.63,-0.09,0.04,0.002,0.995
1359.81,-0.09,0.04,0.002,0.995
1359.99,-0.09,0.04,0.002,0.995
1360.18,-0.09,0.04,0.002,0.995
1360.36,-0.09,0.04,0.002,0.995
1360.54,-0.09,0.04,0.002,0.995
1360.72,-0.09,0.04,0.002,0.995
1360.9,-0.09,0.04,0.002,0.995
1361.9,-0.09,0.04,0.002,0.995
1361.27,-0.09,0.04,0.002,0.995
1361.45,-0.09,0.04,0.002,0.995
1361.63,-0.09,0.04,0.002,0.995
1361.82,-0.09,0.04,0.002,0.995
1362.0,-0.09,0.04,0.002,0.995
1362.18,-0.09,0.04,0.002,0.995
1362.36,-0.09,0.04,0.002,0.995
1362.54,-0.09,0.04,0.002,0.995
1362.73,-0.09,0.04,0.002,0.995
1362.91,-0.09,0.04,0.002,0.995
1363.9,-0.09,0.04,0.002,0.995
1363.27,-0.09,0.04,0.002,0.995
1363.46,-0.09,0.04,0.002,0.995
1363.64,-0.09,0.04,0.002,0.995
1363.82,-0.09,0.04,0.002,0.995
1364.0,-0.09,0.04,0.002,0.995
1364.19,-0.09,0.04,0.002,0.995
1364.37,-0.09,0.04,0.002,0.995
1364.55,-0.09,0.04,0.002,0.995
1364.73,-0.09,0.04,0.002,0.995
1364.91,-0.09,0.04,0.002,0.995
1365.83,-0.09,0.04,0.002,0.995
1366.1,-0.09,0.04,0.002,0.995
1366.19,-0.09,0.04,0.002,0.995
1366.37,-0.09,0.04,0.002,0.995
1366.55,-0.09,0.04,0.002,0.995
1366.74,-0.09,0.04,0.002,0.995
1366.92,-0.09,0.04,0.002,0.995
1367.1,-0.09,0.04,0.002,0.995
1367.28,-0.09,0.04,0.002,0.995
1367.47,-0.09,0.04,0.002,0.995
1367.65,-0.09,0.04,0.002,0.995
1367.83,-0.09,0.04,0.002,0.995
1368.1,-0.09,0.04,0.002,0.995
1368.19,-0.09,0.04,0.002,0.995
1368.38,-0.09,0.04,0.002,0.995
1368.56,-0.09,0.04,0.002,0.995
1368.74,-0.09,0.04,0.002,0.995
1368.92,-0.09,0.04,0.002,0.995
1369.11,-0.09,0.04,0.002,0.995
1369.29,-0.09,0.04,0.002,0.995
1369.47,-0.09,0.04,0.002,0.995
1369.65,-0.09,0.04,0.002,0.995
1369.84,-0.09,0.04,0.002,0.995
1370.2,-0.09,0.04,0.002,0.995
1370.2,-0.09,0.04,0.002,0.995
1370.38,-0.09,0.04,0.002,0.995
1370.56,-0.09,0.04,0.002,0.995
1370.75,-0.09,0.04,0.002,0.995
1371.11,-0.09,0.04,0.002,0.995
1371.29,-0.09,0.04,0.002,0.995
1371.48,-0.09,0.04,0.002,0.995
1371.66,-0.09,0.04,0.002,0.995
1371.84,-0.09,0.04,0.002,0.995
1372.2,-0.09,0.04,0.002,0.995
1372.2,-0.09,0.04,0.002,0.995
1372.39,-0.09,0.04,0.002,0.995
1372.57,-0.09,0.04,0.002,0.995
1372.75,-0.09,0.04,0.002,0.995
1372.93,-0.09,0.04,0.002,0.995
1377.85,-0.09,0.04,0.002,0.995
1378.4,-0.09,0.04,0.002,0.995
1378.22,-0.09,0.04,0.002,0.995
1378.4,-0.09,0.04,0.002,0.995
1378.58,-0.09,0.04,0.002,0.995
1378.77,-0.09,0.04,0.002,0.995
1378.95,-0.09,0.04,0.002,0.995
1379.13,-0.09,0.04,0.002,0.995
1379.31,-0.09,0.04,0.002,0.995
1379.5,-0.09,0.04,0.002,0.995
1379.68,-0.09,0.04,0.002,0.995
1379.86,-0.09,0.04,0.002,0.995
1380.4,-0.09,0.04,0.002,0.995
1380.22,-0.09,0.04,0.002,0.995
1380.41,-0.09,0.04,0.002,0.995
1380.59,-0.09,0.04,0.002,0.995
1380.77,-0.09,0.04,0.002,0.995
1380.95,-0.09,0.041,0.002,0.995
1381.14,-0.09,0.04,0.002,0.995
1381.32,-0.09,0.04,0.002,0.995
1381.5,-0.09,0.04,0.002,0.995
1381.68,-0.09,0.04,0.002,0.995
1381.87,-0.09,0.04,0.002,0.995
1384.78,-0.09,0.04,0.002,0.995
1384.96,-0.09,0.04,0.002,0.995
1385.15,-0.09,0.04,0.002,0.995
1385.33,-0.09,0.04,0.002,0.995
1385.51,-0.09,0.04,0.002,0.995
1385.69,-0.09,0.04,0.002,0.995
1385.88,-0.09,0.04,0.002,0.995
1386.6,-0.09,0.04,0.002,0.995
1386.24,-0.09,0.04,0.002,0.995
1386.42,-0.09,0.04,0.002,0.995
1386.6,-0.09,0.04,0.002,0.995
1386.79,-0.09,0.04,0.002,0.995
1386.97,-0.09,0.041,0.002,0.995
1387.15,-0.09,0.04,0.002,0.995
1387.33,-0.09,0.04,0.002,0.995
1387.52,-0.09,0.04,0.002,0.995
1387.7,-0.09,0.04,0.002,0.995
1387.88,-0.09,0.04,0.002,0.995
1388.6,-0.09,0.04,0.002,0.995
1388.25,-0.09,0.04,0.002,0.995
1388.43,-0.09,0.04,0.002,0.995
1388.61,-0.09,0.04,0.002,0.995
1388.79,-0.09,0.04,0.002,0.995
1388.97,-0.09,0.04,0.002,0.995
1389.16,-0.09,0.04,0.002,0.995
1389.34,-0.09,0.04,0.002,0.995
1389.52,-0.09,0.04,0.002,0.995
1389.7,-0.09,0.04,0.002,0.995
1389.89,-0.09,0.04,0.002,0.995
1390.7,-0.09,0.04,0.002,0.995
1390.25,-0.09,0.04,0.002,0.995
1390.43,-0.09,0.04,0.002,0.995
1390.61,-0.09,0.04,0.002,0.995
1390.8,-0.09,0.04,0.002,0.995
1390.98,-0.09,0.04,0.002,0.995
1391.16,-0.09,0.04,0.002,0.995
1391.34,-0.09,0.04,0.002,0.995
1391.53,-0.09,0.04,0.002,0.995
1391.71,-0.09,0.04,0.002,0.995
1391.89,-0.09,0.04,0.002,0.995
1392.7,-0.09,0.04,0.002,0.995
1392.25,-0.09,0.04,0.002,0.995
1392.44,-0.09,0.04,0.002,0.995
1392.62,-0.09,0.04,0.002,0.995
1392.8,-0.09,0.04,0.002,0.995
1392.98,-0.09,0.04,0.002,0.995
1393.17,-0.09,0.04,0.002,0.995
1393.35,-0.09,0.04,0.002,0.995
1393.53,-0.09,0.04,0.002,0.995
1393.71,-0.09,0.04,0.002,0.995
1393.9,-0.09,0.04,0.002,0.995
1394.8,-0.09,0.04,0.002,0.995
1394.26,-0.09,0.04,0.002,0.995
1394.44,-0.09,0.04,0.002,0.995
1394.62,-0.09,0.04,0.002,0.995
1394.81,-0.09,0.04,0.002,0.995
1394.99,-0.09,0.04,0.002,0.995
1395.17,-0.09,0.04,0.002,0.995
1395.35,-0.09,0.041,0.002,0.995
1395.54,-0.09,0.04,0.002,0.995
1395.72,-0.09,0.04,0.002,0.995
1395.9,-0.09,0.04,0.002,0.995
1396.8,-0.09,0.04,0.002,0.995
1396.26,-0.09,0.04,0.002,0.995
1396.45,-0.09,0.04,0.002,0.995
1396.63,-0.09,0.04,0.002,0.995
1396.81,-0.09,0.04,0.002,0.995
1396.99,-0.09,0.04,0.002,0.995
1397.18,-0.09,0.04,0.002,0.995
1397.36,-0.09,0.04,0.002,0.995
1397.54,-0.09,0.04,0.002,0.995
1397.72,-0.09,0.04,0.002,0.995
1397.9,-0.09,0.04,0.002,0.995
1398.9,-0.09,0.04,0.002,0.995
1398.27,-0.09,0.04,0.002,0.995
1398.45,-0.09,0.04,0.002,0.995
1398.63,-0.09,0.04,0.002,0.995
1398.82,-0.09,0.04,0.002,0.995
1399.0,-0.09,0.04,0.002,0.995
1399.18,-0.09,0.04,0.002,0.995
1399.36,-0.09,0.04,0.002,0.995
1399.55,-0.09,0.04,0.002,0.995
1399.73,-0.09,0.04,0.002,0.995
1399.91,-0.09,0.041,0.002,0.995
1400.9,-0.09,0.04,0.002,0.995
1400.27,-0.09,0.04,0.002,0.995
1400.46,-0.09,0.04,0.002,0.995
1400.64,-0.09,0.04,0.002,0.995
1400.82,-0.09,0.04,0.002,0.995
1401.0,-0.09,0.04,0.002,0.995
1401.19,-0.09,0.04,0.002,0.995
1401.37,-0.09,0.04,0.002,0.995
1401.55,-0.09,0.04,0.002,0.995
1402.46,-0.09,0.04,0.002,0.995
1402.64,-0.09,0.04,0.002,0.995
1402.83,-0.09,0.04,0.002,0.995
1403.1,-0.09,0.04,0.002,0.995
1403.19,-0.09,0.04,0.002,0.995
1403.37,-0.09,0.04,0.002,0.995
1403.55,-0.09,0.04,0.002,0.995
1403.74,-0.09,0.04,0.002,0.995
1403.92,-0.09,0.04,0.002,0.995
1404.1,-0.09,0.04,0.002,0.995
1409.2,-0.09,0.04,0.002,0.995
1409.2,-0.09,0.04,0.002,0.995
1409.39,-0.09,0.04,0.002,0.995
1409.57,-0.09,0.04,0.002,0.995
1409.75,-0.09,0.04,0.002,0.995
1409.93,-0.09,0.04,0.002,0.995
1410.12,-0.09,0.04,0.002,0.995
1410.3,-0.09,0.04,0.002,0.995
1410.48,-0.09,0.04,0.002,0.995
1410.66,-0.09,0.04,0.002,0.995
1410.85,-0.09,0.04,0.002,0.995
1411.3,-0.09,0.04,0.002,0.995
1411.21,-0.09,0.04,0.002,0.995
1411.39,-0.09,0.04,0.002,0.995
1411.57,-0.09,0.04,0.002,0.995
1411.76,-0.09,0.04,0.002,0.995
1411.94,-0.09,0.04,0.002,0.995
1412.12,-0.09,0.04,0.002,0.995
1412.3,-0.09,0.04,0.002,0.995
1412.49,-0.09,0.04,0.002,0.995
1412.67,-0.09,0.04,0.002,0.995
1412.85,-0.09,0.04,0.002,0.995
1413.3,-0.09,0.04,0.002,0.995
1413.21,-0.09,0.04,0.002,0.995
1413.4,-0.09,0.04,0.002,0.995
1413.58,-0.09,0.04,0.002,0.995
1413.76,-0.09,0.04,0.002,0.995
1413.94,-0.09,0.04,0.002,0.995
1414.13,-0.091,0.04,0.002,0.995
1414.31,-0.09,0.04,0.002,0.995
1414.49,-0.09,0.04,0.002,0.995
1414.67,-0.09,0.04,0.002,0.995
1414.86,-0.09,0.04,0.002,0.995
1415.4,-0.09,0.04,0.002,0.995
1415.22,-0.09,0.04,0.002,0.995
1415.4,-0.09,0.04,0.002,0.995
1415.58,-0.091,0.04,0.002,0.995
1415.77,-0.091,0.04,0.002,0.994
1415.95,-0.091,0.04,0.002,0.994
1416.13,-0.091,0.04,0.002,0.994
1416.31,-0.091,0.04,0.002,0.994
1416.5,-0.091,0.04,0.002,0.994
1416.68,-0.091,0.04,0.002,0.995
1416.86,-0.091,0.04,0.002,0.995
1417.4,-0.091,0.04,0.002,0.994
1417.22,-0.091,0.04,0.002,0.994
1417.41,-0.091,0.04,0.002,0.994
1417.59,-0.091,0.04,0.002,0.995
1417.77,-0.09,0.04,0.002,0.995
1417.95,-0.09,0.04,0.002,0.995
1418.14,-0.09,0.04,0.002,0.995
1418.32,-0.09,0.04,0.002,0.995
1418.5,-0.09,0.04,0.002,0.995
1418.68,-0.09,0.04,0.002,0.995
1418.86,-0.09,0.04,0.002,0.995
1419.5,-0.09,0.04,0.002,0.995
1419.23,-0.09,0.04,0.002,0.995
1419.41,-0.09,0.04,0.002,0.995
1419.59,-0.09,0.04,0.002,0.995
1419.78,-0.09,0.04,0.002,0.995
1419.96,-0.09,0.04,0.002,0.995
1420.14,-0.09,0.04,0.002,0.995
1420.32,-0.09,0.04,0.002,0.995
1420.51,-0.09,0.04,0.002,0.995
1420.69,-0.09,0.04,0.002,0.995
1420.87,-0.09,0.04,0.002,0.995
1421.5,-0.09,0.04,0.002,0.995
1421.23,-0.09,0.04,0.002,0.995
1421.42,-0.09,0.04,0.002,0.995
1421.6,-0.09,0.04,0.002,0.995
1421.78,-0.09,0.04,0.002,0.995
1421.96,-0.09,0.04,0.002,0.995
1422.15,-0.09,0.04,0.002,0.995
1422.33,-0.09,0.04,0.002,0.995
1422.51,-0.09,0.04,0.002,0.995
1422.69,-0.09,0.04,0.002,0.995
1422.88,-0.09,0.04,0.002,0.995
1423.6,-0.09,0.04,0.002,0.995
1423.24,-0.09,0.04,0.002,0.995
1423.42,-0.09,0.04,0.002,0.995
1423.6,-0.09,0.04,0.002,0.995
1423.79,-0.09,0.04,0.002,0.995
1423.97,-0.09,0.04,0.002,0.995
1424.15,-0.09,0.04,0.002,0.995
1424.33,-0.09,0.04,0.002,0.995
1424.52,-0.09,0.04,0.002,0.995
1424.7,-0.09,0.04,0.002,0.995
1424.88,-0.09,0.04,0.002,0.995
1427.8,-0.09,0.04,0.002,0.995
1427.98,-0.09,0.04,0.002,0.995
1428.16,-0.09,0.04,0.002,0.995
1428.34,-0.09,0.04,0.002,0.995
1428.53,-0.09,0.04,0.002,0.995
1428.71,-0.09,0.04,0.002,0.995
1428.89,-0.09,0.04,0.002,0.995
1429.7,-0.09,0.04,0.002,0.995
1429.26,-0.09,0.04,0.002,0.995
1429.44,-0.09,0.04,0.002,0.995
1429.62,-0.09,0.04,0.002,0.995
1429.8,-0.09,0.04,0.002,0.995
1429.98,-0.09,0.04,0.002,0.995
1430.17,-0.09,0.04,0.002,0.995
1430.35,-0.09,0.04,0.002,0.995
1430.53,-0.09,0.04,0.002,0.995
1430.71,-0.09,0.04,0.002,0.995
1430.9,-0.09,0.04,0.002,0.995
1431.8,-0.09,0.04,0.002,0.995
1431.26,-0.09,0.04,0.002,0.995
1431.44,-0.09,0.04,0.002,0.995
1431.62,-0.09,0.04,0.002,0.995
1431.81,-0.09,0.04,0.002,0.995
1431.99,-0.09,0.04,0.002,0.995
1432.17,-0.09,0.04,0.002,0.995
1432.35,-0.09,0.04,0.002,0.995
1432.54,-0.09,0.04,0.002,0.995
1432.72,-0.09,0.04,0.002,0.995
1432.9,-0.09,0.04,0.002,0.995
1433.8,-0.09,0.04,0.002,0.995
1433.27,-0.09,0.04,0.002,0.995
1433.45,-0.09,0.04,0.002,0.995
1433.63,-0.09,0.04,0.002,0.995
1433.81,-0.09,0.04,0.002,0.995
1433.99,-0.09,0.04,0.002,0.995
1434.18,-0.09,0.04,0.002,0.995
1434.36,-0.09,0.04,0.002,0.995
1434.54,-0.09,0.04,0.002,0.995
1434.72,-0.09,0.04,0.002,0.995
1434.91,-0.09,0.04,0.002,0.995
1435.9,-0.09,0.04,0.002,0.995
1435.27,-0.09,0.04,0.002,0.995
1435.45,-0.09,0.04,0.002,0.995
1435.64,-0.09,0.04,0.002,0.995
1435.82,-0.09,0.04,0.002,0.995
1436.0,-0.09,0.04,0.002,0.995
1436.18,-0.09,0.04,0.002,0.995
1436.36,-0.09,0.04,0.002,0.995
1436.55,-0.09,0.04,0.002,0.995
1436.73,-0.09,0.04,0.002,0.995
1436.91,-0.09,0.04,0.002,0.995
1437.9,-0.09,0.04,0.002,0.995
1437.28,-0.09,0.04,0.003,0.995
1437.46,-0.09,0.04,0.003,0.995
1437.64,-0.09,0.04,0.003,0.995
1440.38,-0.09,0.04,0.002,0.995
1440.56,-0.09,0.04,0.002,0.995
1440.74,-0.09,0.04,0.003,0.995
1440.92,-0.09,0.04,0.003,0.995
1441.1,-0.09,0.04,0.003,0.995
1441.29,-0.09,0.04,0.003,0.995
1441.47,-0.09,0.04,0.003,0.995
1441.65,-0.09,0.04,0.003,0.995
1441.83,-0.09,0.04,0.002,0.995
1442.2,-0.09,0.04,0.003,0.995
1442.2,-0.09,0.04,0.003,0.995
1442.38,-0.09,0.04,0.003,0.995
1442.56,-0.09,0.04,0.003,0.995
1442.74,-0.09,0.04,0.003,0.995
1442.93,-0.09,0.04,0.003,0.995
1443.11,-0.09,0.04,0.003,0.995
1443.29,-0.09,0.04,0.002,0.995
1443.47,-0.09,0.04,0.003,0.995
1443.66,-0.09,0.04,0.003,0.995
1443.84,-0.09,0.04,0.003,0.995
1444.2,-0.09,0.04,0.003,0.995
1444.2,-0.09,0.04,0.003,0.995
1444.39,-0.09,0.04,0.003,0.995
1444.57,-0.09,0.04,0.003,0.995
1444.75,-0.09,0.04,0.003,0.995
1444.93,-0.09,0.04,0.003,0.995
1445.11,-0.09,0.04,0.003,0.995
1445.3,-0.09,0.04,0.003,0.995
1445.48,-0.09,0.04,0.003,0.995
1445.66,-0.09,0.04,0.003,0.995
1445.84,-0.09,0.04,0.003,0.995
1446.3,-0.09,0.04,0.003,0.995
1446.21,-0.09,0.04,0.003,0.995
1446.39,-0.09,0.04,0.003,0.995
1446.57,-0.09,0.04,0.003,0.995
1446.75,-0.09,0.04,0.003,0.995
1446.94,-0.09,0.04,0.003,0.995
1447.12,-0.09,0.04,0.003,0.995
1447.3,-0.09,0.04,0.003,0.995
1447.48,-0.09,0.04,0.003,0.995
1447.67,-0.09,0.04,0.003,0.995
1447.85,-0.09,0.04,0.003,0.995
1448.3,-0.09,0.04,0.003,0.995
1448.21,-0.09,0.04,0.003,0.995
1448.4,-0.09,0.04,0.003,0.995
1448.58,-0.09,0.04,0.003,0.995
1448.76,-0.09,0.04,0.003,0.995
1448.94,-0.09,0.04,0.003,0.995
1449.12,-0.09,0.04,0.003,0.995
1449.31,-0.09,0.04,0.003,0.995
1449.49,-0.09,0.04,0.003,0.995
1449.67,-0.09,0.04,0.003,0.995
1449.85,-0.09,0.04,0.003,0.995
1450.4,-0.09,0.04,0.003,0.995
1450.22,-0.09,0.04,0.003,0.995
1450.4,-0.09,0.04,0.003,0.995
1450.58,-0.09,0.04,0.003,0.995
1450.77,-0.09,0.04,0.003,0.995
1450.95,-0.09,0.04,0.003,0.995
1451.13,-0.09,0.04,0.003,0.995
1451.31,-0.09,0.04,0.003,0.995
1451.49,-0.09,0.04,0.003,0.995
1451.68,-0.09,0.04,0.003,0.995
1451.86,-0.09,0.04,0.003,0.995
1452.4,-0.09,0.04,0.003,0.995
1452.22,-0.09,0.04,0.003,0.995
1452.41,-0.09,0.04,0.003,0.995
1452.59,-0.09,0.04,0.003,0.995
1452.77,-0.09,0.04,0.003,0.995
1452.95,-0.09,0.04,0.003,0.995
1453.14,-0.09,0.04,0.003,0.995
1453.32,-0.09,0.04,0.003,0.995
1453.5,-0.09,0.04,0.003,0.995
1453.68,-0.09,0.04,0.003,0.995
1453.86,-0.09,0.04,0.003,0.995
1454.5,-0.09,0.04,0.003,0.995
1454.23,-0.09,0.04,0.003,0.995
1454.41,-0.09,0.04,0.003,0.995
1454.59,-0.09,0.04,0.003,0.995
1454.78,-0.09,0.04,0.003,0.995
1454.96,-0.09,0.04,0.003,0.995
1455.14,-0.09,0.04,0.003,0.995
1455.32,-0.09,0.04,0.003,0.995
1455.5,-0.091,0.04,0.003,0.995
1455.69,-0.091,0.04,0.003,0.995
1455.87,-0.091,0.04,0.003,0.994
1456.5,-0.091,0.04,0.003,0.994
1456.23,-0.091,0.04,0.003,0.994
1456.42,-0.091,0.04,0.003,0.994
1456.6,-0.091,0.04,0.003,0.994
1456.78,-0.091,0.04,0.003,0.994
1456.96,-0.09,0.04,0.003,0.995
1457.15,-0.09,0.04,0.003,0.995
1457.33,-0.09,0.04,0.003,0.995
1457.51,-0.09,0.04,0.003,0.995
1457.69,-0.09,0.04,0.003,0.995
1457.87,-0.09,0.04,0.003,0.995
1458.6,-0.09,0.04,0.003,0.995
1458.24,-0.09,0.04,0.003,0.995
1458.42,-0.09,0.04,0.003,0.995
1458.6,-0.09,0.04,0.003,0.995
1458.79,-0.09,0.04,0.003,0.995
1458.97,-0.09,0.04,0.003,0.995
1459.15,-0.09,0.04,0.003,0.995
1459.33,-0.09,0.04,0.003,0.995
1459.52,-0.09,0.04,0.003,0.995
1459.7,-0.09,0.04,0.003,0.995
1459.88,-0.09,0.04,0.003,0.995
1460.6,-0.09,0.04,0.003,0.995
1460.24,-0.09,0.04,0.003,0.995
1460.43,-0.09,0.04,0.003,0.995
1460.61,-0.09,0.04,0.003,0.995
1460.79,-0.09,0.04,0.003,0.995
1460.97,-0.09,0.04,0.003,0.995
1461.16,-0.09,0.04,0.003,0.995
1461.34,-0.091,0.04,0.003,0.995
1461.52,-0.091,0.04,0.003,0.994
1461.7,-0.091,0.04,0.003,0.994
1461.89,-0.091,0.04,0.003,0.994
1462.7,-0.091,0.04,0.003,0.994
1462.25,-0.091,0.04,0.003,0.994
1462.43,-0.091,0.04,0.003,0.994
1462.61,-0.09,0.04,0.003,0.995
1462.8,-0.09,0.04,0.003,0.995
1462.98,-0.09,0.04,0.003,0.995
1463.16,-0.09,0.04,0.003,0.995
1463.34,-0.091,0.04,0.003,0.995
1463.53,-0.091,0.04,0.003,0.994
1463.71,-0.091,0.04,0.003,0.994
1463.89,-0.091,0.04,0.003,0.994
1464.7,-0.091,0.04,0.003,0.994
1464.26,-0.091,0.04,0.003,0.994
1464.44,-0.091,0.04,0.003,0.995
1464.62,-0.091,0.04,0.003,0.995
1464.8,-0.091,0.04,0.003,0.995
1464.98,-0.09,0.04,0.003,0.995
1465.17,-0.09,0.04,0.003,0.995
1465.35,-0.09,0.04,0.003,0.995
1465.53,-0.09,0.04,0.003,0.995
1465.71,-0.09,0.04,0.003,0.995
1465.9,-0.09,0.04,0.003,0.995
1466.8,-0.09,0.04,0.003,0.995
1466.26,-0.09,0.04,0.003,0.995
1466.44,-0.09,0.04,0.003,0.995
1466.63,-0.09,0.04,0.003,0.995
1466.81,-0.09,0.04,0.003,0.995
1466.99,-0.09,0.04,0.003,0.995
1467.17,-0.09,0.04,0.003,0.995
1467.35,-0.09,0.041,0.003,0.995
1467.54,-0.09,0.04,0.003,0.995
1467.72,-0.09,0.04,0.003,0.995
1467.9,-0.09,0.04,0.003,0.995
1468.8,-0.09,0.04,0.003,0.995
1468.27,-0.09,0.04,0.003,0.995
1468.45,-0.09,0.04,0.003,0.995
1468.63,-0.09,0.04,0.003,0.995
1468.81,-0.09,0.04,0.003,0.995
1469.0,-0.09,0.04,0.003,0.995
1469.18,-0.09,0.04,0.003,0.995
1469.36,-0.09,0.04,0.003,0.995
1469.54,-0.09,0.04,0.003,0.995
1469.72,-0.09,0.04,0.003,0.995
1472.46,-0.09,0.04,0.003,0.995
1472.64,-0.09,0.04,0.003,0.995
1472.82,-0.09,0.04,0.003,0.995
1473.1,-0.09,0.04,0.003,0.995
1473.19,-0.09,0.04,0.003,0.995
1473.37,-0.09,0.04,0.003,0.995
1473.55,-0.09,0.04,0.003,0.995
1473.74,-0.09,0.04,0.003,0.995
1473.92,-0.09,0.04,0.003,0.995
1474.1,-0.09,0.04,0.003,0.995
1474.28,-0.09,0.04,0.003,0.995
1474.46,-0.09,0.04,0.003,0.995
1474.65,-0.09,0.04,0.003,0.995
1474.83,-0.09,0.04,0.003,0.995
1475.1,-0.09,0.04,0.003,0.995
1475.19,-0.09,0.04,0.003,0.995
1475.38,-0.09,0.04,0.003,0.995
1475.56,-0.09,0.04,0.003,0.995
1475.74,-0.09,0.04,0.003,0.995
1475.92,-0.09,0.04,0.003,0.995
1476.1,-0.09,0.04,0.003,0.995
1476.29,-0.09,0.04,0.003,0.995
1476.47,-0.09,0.04,0.003,0.995
1476.65,-0.09,0.04,0.003,0.995
1476.83,-0.09,0.04,0.003,0.995
1477.2,-0.09,0.04,0.003,0.995
1477.2,-0.09,0.04,0.003,0.995
1477.38,-0.09,0.04,0.003,0.995
1477.56,-0.09,0.04,0.003,0.995
1477.75,-0.09,0.04,0.003,0.995
1477.93,-0.09,0.04,0.003,0.995
1478.11,-0.09,0.04,0.003,0.995
1478.29,-0.09,0.04,0.003,0.995
1478.47,-0.09,0.04,0.003,0.995
1481.21,-0.09,0.04,0.003,0.995
1481.39,-0.09,0.04,0.003,0.995
1481.57,-0.09,0.04,0.003,0.995
1481.76,-0.09,0.04,0.003,0.995
1481.94,-0.09,0.04,0.003,0.995
1482.12,-0.09,0.04,0.003,0.995
1482.3,-0.09,0.04,0.003,0.995
1482.48,-0.09,0.04,0.003,0.995
1482.67,-0.09,0.04,0.003,0.995
1482.85,-0.09,0.04,0.003,0.995
1483.3,-0.09,0.04,0.003,0.995
1483.21,-0.09,0.04,0.003,0.995
1483.4,-0.09,0.04,0.003,0.995
1483.58,-0.09,0.04,0.003,0.995
1483.76,-0.09,0.04,0.003,0.995
1483.94,-0.09,0.04,0.003,0.995
1484.13,-0.09,0.04,0.003,0.995
1484.31,-0.09,0.04,0.003,0.995
1484.49,-0.09,0.04,0.003,0.995
1484.67,-0.09,0.04,0.003,0.995
1484.85,-0.09,0.04,0.003,0.995
1485.4,-0.09,0.04,0.003,0.995
1485.22,-0.09,0.04,0.003,0.995
1485.4,-0.09,0.04,0.003,0.995
1485.58,-0.09,0.04,0.003,0.995
1485.77,-0.09,0.04,0.003,0.995
1485.95,-0.09,0.04,0.003,0.995
1486.13,-0.09,0.04,0.003,0.995
1486.31,-0.09,0.04,0.003,0.995
1486.49,-0.09,0.04,0.003,0.995
1486.68,-0.09,0.04,0.003,0.995
1486.86,-0.09,0.04,0.003,0.995
1487.4,-0.09,0.04,0.003,0.995
1487.22,-0.09,0.04,0.003,0.995
1487.41,-0.09,0.04,0.003,0.995
1487.59,-0.09,0.04,0.003,0.995
1487.77,-0.09,0.04,0.003,0.995
1487.95,-0.09,0.04,0.003,0.995
1488.14,-0.09,0.04,0.003,0.995
1488.32,-0.09,0.04,0.003,0.995
1488.5,-0.09,0.04,0.003,0.995
1488.68,-0.09,0.04,0.003,0.995
1488.86,-0.09,0.04,0.003,0.995
1489.5,-0.09,0.04,0.003,0.995
1489.23,-0.09,0.04,0.003,0.995
1489.41,-0.09,0.04,0.003,0.995
1489.59,-0.09,0.04,0.003,0.995
1489.78,-0.09,0.04,0.003,0.995
1489.96,-0.09,0.04,0.003,0.995
1490.14,-0.09,0.04,0.003,0.995
1490.32,-0.09,0.04,0.003,0.995
1490.5,-0.09,0.04,0.003,0.995
1490.69,-0.09,0.04,0.003,0.995
1490.87,-0.09,0.04,0.003,0.995
1491.5,-0.09,0.04,0.003,0.995
1491.23,-0.09,0.04,0.003,0.995
1491.42,-0.09,0.04,0.003,0.995
1491.6,-0.09,0.04,0.003,0.995
1491.78,-0.09,0.04,0.003,0.995
1491.96,-0.09,0.04,0.003,0.995
1492.15,-0.09,0.04,0.003,0.995
1492.33,-0.091,0.04,0.003,0.994
1492.51,-0.09,0.04,0.003,0.995
1492.69,-0.09,0.04,0.003,0.995
1492.87,-0.09,0.04,0.003,0.995
1493.6,-0.09,0.04,0.003,0.995
1493.24,-0.09,0.04,0.003,0.995
1493.42,-0.09,0.04,0.003,0.995
1493.6,-0.09,0.04,0.003,0.995
1493.79,-0.09,0.04,0.003,0.995
1493.97,-0.09,0.04,0.003,0.995
1494.15,-0.09,0.04,0.003,0.995
1494.33,-0.09,0.04,0.003,0.995
1494.51,-0.09,0.04,0.003,0.995
1494.7,-0.09,0.04,0.003,0.995
1494.88,-0.09,0.04,0.003,0.995
1495.6,-0.09,0.04,0.003,0.995
1495.24,-0.09,0.04,0.003,0.995
1495.43,-0.09,0.04,0.003,0.995
1495.61,-0.09,0.04,0.003,0.995
1495.79,-0.09,0.04,0.003,0.995
1495.97,-0.09,0.04,0.003,0.995
1496.16,-0.09,0.04,0.003,0.995
1496.34,-0.09,0.04,0.003,0.995
1496.52,-0.09,0.04,0.003,0.995
1496.7,-0.09,0.04,0.003,0.995
1496.88,-0.09,0.04,0.003,0.995
1497.7,-0.09,0.04,0.003,0.995
1497.25,-0.09,0.04,0.003,0.995
1497.43,-0.09,0.04,0.003,0.995
1497.61,-0.09,0.04,0.003,0.995
1497.8,-0.09,0.04,0.003,0.995
1497.98,-0.09,0.04,0.003,0.995
1498.16,-0.09,0.04,0.003,0.995
1498.34,-0.09,0.04,0.003,0.995
1498.53,-0.09,0.04,0.003,0.995
1498.71,-0.09,0.04,0.003,0.995
1498.89,-0.09,0.04,0.003,0.995
1499.7,-0.09,0.04,0.003,0.995
1499.25,-0.09,0.04,0.003,0.995
1499.44,-0.09,0.04,0.003,0.995
1499.62,-0.09,0.04,0.003,0.995
1499.8,-0.09,0.04,0.003,0.995
1499.98,-0.09,0.04,0.003,0.995
1500.17,-0.09,0.04,0.003,0.995
1500.35,-0.09,0.04,0.003,0.995
1500.53,-0.09,0.04,0.003,0.995
1500.71,-0.09,0.04,0.003,0.995
1500.9,-0.09,0.04,0.003,0.995
1501.8,-0.09,0.04,0.003,0.995
1501.26,-0.09,0.04,0.003,0.995
1501.44,-0.09,0.04,0.003,0.995
1501.62,-0.09,0.04,0.003,0.995
1501.81,-0.09,0.04,0.003,0.995
1501.99,-0.09,0.04,0.003,0.995
1502.17,-0.09,0.04,0.003,0.995
1502.35,-0.09,0.04,0.003,0.995
1502.54,-0.09,0.04,0.003,0.995
1502.72,-0.09,0.04,0.003,0.995
1502.9,-0.09,0.04,0.003,0.995
1503.8,-0.09,0.04,0.003,0.995
1503.27,-0.09,0.04,0.003,0.995
1503.45,-0.09,0.04,0.003,0.995
1503.63,-0.09,0.04,0.003,0.995
1503.81,-0.09,0.04,0.003,0.995
1503.99,-0.09,0.04,0.003,0.995
1504.18,-0.09,0.04,0.003,0.995
1504.36,-0.09,0.04,0.003,0.995
1504.54,-0.09,0.04,0.003,0.995
1504.72,-0.09,0.04,0.003,0.995
1504.91,-0.09,0.04,0.003,0.995
1505.9,-0.09,0.04,0.003,0.995
1505.27,-0.09,0.04,0.003,0.995
1505.45,-0.09,0.04,0.003,0.995
1505.64,-0.09,0.04,0.003,0.995
1505.82,-0.09,0.04,0.003,0.995
1506.0,-0.09,0.04,0.003,0.995
1506.18,-0.09,0.04,0.003,0.995
1506.36,-0.09,0.04,0.003,0.995
1506.55,-0.09,0.04,0.003,0.995
1506.73,-0.09,0.04,0.003,0.995
1506.91,-0.09,0.04,0.003,0.995
1508.37,-0.09,0.04,0.003,0.995
1508.55,-0.09,0.04,0.003,0.995
1508.73,-0.09,0.04,0.003,0.995
1508.92,-0.09,0.04,0.003,0.995
1509.1,-0.09,0.04,0.003,0.995
1509.28,-0.09,0.04,0.003,0.995
1509.46,-0.09,0.04,0.003,0.995
1509.65,-0.09,0.04,0.003,0.995
1509.83,-0.09,0.04,0.003,0.995
1510.1,-0.09,0.04,0.003,0.995
1510.19,-0.09,0.04,0.003,0.995
1510.37,-0.09,0.04,0.003,0.995
1510.56,-0.09,0.04,0.003,0.995
1510.74,-0.09,0.04,0.003,0.995
1510.92,-0.09,0.04,0.003,0.995
1511.1,-0.09,0.04,0.003,0.995
1511.29,-0.09,0.04,0.003,0.995
1511.47,-0.09,0.04,0.003,0.995
1511.65,-0.09,0.04,0.003,0.995
1511.83,-0.09,0.04,0.003,0.995
1512.2,-0.09,0.04,0.003,0.995
1512.2,-0.09,0.04,0.003,0.995
1512.38,-0.09,0.04,0.003,0.995
1512.56,-0.09,0.04,0.003,0.995
1512.74,-0.09,0.04,0.003,0.995
1512.93,-0.09,0.04,0.003,0.995
1513.11,-0.09,0.04,0.003,0.995
1513.29,-0.09,0.04,0.003,0.995
1513.47,-0.09,0.04,0.003,0.995
1513.66,-0.09,0.04,0.003,0.995
1513.84,-0.091,0.04,0.003,0.995
1514.2,-0.091,0.04,0.003,0.994
1514.2,-0.091,0.04,0.003,0.994
1514.38,-0.091,0.04,0.003,0.994
1514.57,-0.091,0.04,0.003,0.994
1514.75,-0.091,0.04,0.003,0.994
1514.93,-0.091,0.04,0.003,0.994
1515.11,-0.091,0.04,0.003,0.994
1515.3,-0.091,0.04,0.003,0.994
1515.48,-0.091,0.04,0.003,0.994
1515.66,-0.091,0.04,0.003,0.995
1515.84,-0.09,0.04,0.003,0.995
1516.3,-0.09,0.04,0.003,0.995
1516.21,-0.09,0.04,0.003,0.995
1516.39,-0.09,0.04,0.003,0.995
1516.57,-0.09,0.04,0.003,0.995
1516.75,-0.09,0.04,0.003,0.995
1516.94,-0.09,0.04,0.003,0.995
1517.12,-0.09,0.04,0.003,0.995
1517.3,-0.09,0.04,0.003,0.995
1517.48,-0.09,0.04,0.003,0.995
1517.67,-0.09,0.04,0.003,0.995
1517.85,-0.09,0.04,0.003,0.995
1518.3,-0.09,0.04,0.003,0.995
1518.21,-0.09,0.04,0.003,0.995
1518.4,-0.09,0.04,0.003,0.995
1518.58,-0.09,0.04,0.003,0.995
1518.76,-0.09,0.04,0.003,0.995
1518.94,-0.09,0.04,0.003,0.995
1519.12,-0.09,0.04,0.003,0.995
1519.31,-0.09,0.04,0.003,0.995
1519.49,-0.09,0.04,0.003,0.995
1519.67,-0.09,0.04,0.003,0.995
1519.85,-0.09,0.04,0.003,0.995
1520.4,-0.09,0.04,0.003,0.995
1520.22,-0.09,0.04,0.003,0.995
1520.4,-0.09,0.04,0.003,0.995
1520.58,-0.09,0.04,0.003,0.995
1520.76,-0.09,0.04,0.003,0.995
1520.95,-0.09,0.04,0.003,0.995
1521.13,-0.09,0.04,0.003,0.995
1521.31,-0.09,0.04,0.003,0.995
1521.49,-0.09,0.04,0.003,0.995
1521.68,-0.09,0.04,0.003,0.995
1521.86,-0.09,0.04,0.003,0.995
1522.4,-0.09,0.04,0.003,0.995
1522.22,-0.09,0.04,0.003,0.995
1522.41,-0.09,0.04,0.003,0.995
1522.59,-0.09,0.04,0.003,0.995
1522.77,-0.09,0.04,0.003,0.995
1522.95,-0.09,0.04,0.003,0.995
1523.13,-0.09,0.04,0.003,0.995
1523.32,-0.09,0.04,0.003,0.995
1523.5,-0.09,0.04,0.003,0.995
1523.68,-0.09,0.04,0.003,0.995
1523.86,-0.09,0.04,0.003,0.995
1524.5,-0.09,0.04,0.003,0.995
1524.23,-0.09,0.04,0.003,0.995
1524.41,-0.09,0.04,0.003,0.995
1524.59,-0.09,0.04,0.003,0.995
1524.78,-0.09,0.04,0.003,0.995
1527.51,-0.09,0.04,0.003,0.995
1527.69,-0.09,0.04,0.003,0.995
1527.87,-0.09,0.04,0.003,0.995
1528.6,-0.09,0.04,0.003,0.995
1528.24,-0.09,0.04,0.003,0.995
1528.42,-0.09,0.04,0.003,0.995
1528.6,-0.09,0.04,0.003,0.995
1528.79,-0.09,0.04,0.003,0.995
1528.97,-0.09,0.04,0.003,0.995
1529.15,-0.09,0.04,0.003,0.995
1529.33,-0.09,0.04,0.003,0.995
1529.51,-0.09,0.04,0.003,0.995
1529.7,-0.09,0.04,0.003,0.995
1529.88,-0.09,0.04,0.003,0.995
1530.6,-0.09,0.04,0.003,0.995
1530.24,-0.09,0.04,0.003,0.995
1530.43,-0.09,0.04,0.003,0.995
1530.61,-0.09,0.04,0.003,0.995
1530.79,-0.09,0.04,0.003,0.995
1530.97,-0.09,0.04,0.003,0.995
1531.16,-0.09,0.04,0.003,0.995
1531.34,-0.09,0.04,0.003,0.995
1531.52,-0.09,0.04,0.003,0.995
1531.7,-0.09,0.04,0.003,0.995
1531.88,-0.09,0.04,0.003,0.995
1532.7,-0.09,0.04,0.003,0.995
1532.25,-0.09,0.04,0.003,0.995
1532.43,-0.09,0.04,0.003,0.995
1532.61,-0.09,0.04,0.003,0.995
1532.8,-0.09,0.04,0.003,0.995
1532.98,-0.09,0.04,0.003,0.995
1533.16,-0.09,0.04,0.003,0.995
1533.34,-0.09,0.04,0.003,0.995
1533.52,-0.09,0.04,0.003,0.995
1533.71,-0.09,0.04,0.003,0.995
1533.89,-0.09,0.04,0.003,0.995
1534.7,-0.09,0.04,0.003,0.995
1534.25,-0.09,0.04,0.003,0.995
1534.44,-0.09,0.04,0.003,0.995
1534.62,-0.09,0.04,0.003,0.995
1534.8,-0.09,0.04,0.003,0.995
1534.98,-0.09,0.04,0.003,0.995
1535.17,-0.09,0.04,0.003,0.995
1535.35,-0.09,0.04,0.003,0.995
1535.53,-0.09,0.04,0.003,0.995
1535.71,-0.09,0.04,0.003,0.995
1535.89,-0.09,0.04,0.003,0.995
1536.8,-0.09,0.04,0.003,0.995
1536.26,-0.09,0.04,0.003,0.995
1536.44,-0.09,0.04,0.003,0.995
1536.62,-0.09,0.04,0.003,0.995
1536.81,-0.09,0.04,0.003,0.995
1536.99,-0.09,0.04,0.003,0.995
1537.17,-0.09,0.04,0.003,0.995
1537.35,-0.09,0.04,0.003,0.995
1537.53,-0.09,0.04,0.003,0.995
1537.72,-0.09,0.04,0.003,0.995
1537.9,-0.09,0.04,0.003,0.995
1538.8,-0.09,0.04,0.003,0.995
1538.26,-0.09,0.04,0.003,0.995
1538.45,-0.09,0.04,0.003,0.995
1538.63,-0.09,0.04,0.003,0.995
1538.81,-0.09,0.04,0.003,0.995
1539.54,-0.09,0.04,0.003,0.995
1539.72,-0.09,0.04,0.003,0.995
1539.9,-0.09,0.04,0.003,0.995
1540.9,-0.09,0.04,0.003,0.995
1540.27,-0.09,0.04,0.003,0.995
1540.45,-0.09,0.04,0.003,0.995
1540.63,-0.09,0.04,0.003,0.995
1540.82,-0.09,0.04,0.003,0.995
1541.0,-0.09,0.04,0.003,0.995
1541.18,-0.09,0.04,0.003,0.995
1541.36,-0.09,0.04,0.003,0.995
1541.54,-0.09,0.04,0.003,0.995
1547.1,-0.09,0.04,0.003,0.995
1547.2,-0.09,0.04,0.003,0.995
1547.38,-0.09,0.04,0.003,0.995
1547.56,-0.09,0.04,0.003,0.995
1547.74,-0.09,0.04,0.003,0.995
1547.92,-0.09,0.04,0.003,0.995
1548.11,-0.09,0.04,0.003,0.995
1548.29,-0.09,0.04,0.003,0.995
1548.47,-0.09,0.04,0.003,0.995
1548.65,-0.09,0.04,0.003,0.995
1548.84,-0.09,0.04,0.003,0.995
1549.2,-0.09,0.04,0.003,0.995
1549.2,-0.09,0.04,0.003,0.995
1549.38,-0.09,0.04,0.003,0.995
1549.56,-0.09,0.04,0.003,0.995
1549.75,-0.09,0.04,0.003,0.995
1549.93,-0.09,0.04,0.003,0.995
1550.11,-0.09,0.04,0.003,0.995
1550.29,-0.09,0.04,0.003,0.995
1550.48,-0.09,0.04,0.003,0.995
1550.66,-0.09,0.04,0.003,0.995
1550.84,-0.09,0.04,0.003,0.995
1551.2,-0.09,0.04,0.003,0.995
1551.2,-0.09,0.04,0.003,0.995
1551.39,-0.09,0.04,0.003,0.995
1551.57,-0.09,0.04,0.003,0.995
1551.75,-0.09,0.04,0.003,0.995
1551.93,-0.09,0.04,0.003,0.995
1552.12,-0.09,0.04,0.003,0.995
1552.3,-0.09,0.04,0.003,0.995
1552.48,-0.09,0.04,0.003,0.995
1552.66,-0.09,0.04,0.003,0.995
1552.84,-0.09,0.04,0.003,0.995
1553.3,-0.09,0.04,0.003,0.995
1553.21,-0.09,0.04,0.003,0.995
1553.39,-0.09,0.04,0.003,0.995
1553.57,-0.09,0.04,0.003,0.995
1553.76,-0.09,0.04,0.003,0.995
1553.94,-0.09,0.04,0.003,0.995
1554.12,-0.09,0.04,0.003,0.995
1554.3,-0.09,0.04,0.003,0.995
1554.49,-0.09,0.04,0.004,0.995
1554.67,-0.09,0.04,0.003,0.995
1554.85,-0.09,0.04,0.003,0.995
1555.3,-0.09,0.04,0.003,0.995
1555.21,-0.09,0.04,0.003,0.995
1555.4,-0.09,0.04,0.004,0.995
1555.58,-0.09,0.04,0.004,0.995
1555.76,-0.09,0.04,0.004,0.995
1555.94,-0.09,0.04,0.004,0.995
1556.13,-0.09,0.04,0.004,0.995
1556.31,-0.09,0.04,0.004,0.995
1556.49,-0.09,0.04,0.004,0.995
1556.67,-0.09,0.04,0.004,0.995
1556.85,-0.09,0.04,0.004,0.995
1557.4,-0.09,0.04,0.004,0.995
1557.22,-0.09,0.04,0.004,0.995
1557.4,-0.09,0.04,0.004,0.995
1557.58,-0.09,0.04,0.004,0.995
1557.77,-0.09,0.04,0.004,0.995
1557.95,-0.09,0.04,0.004,0.995
1558.13,-0.09,0.04,0.004,0.995
1558.31,-0.09,0.04,0.004,0.995
1558.5,-0.09,0.04,0.004,0.995
1558.68,-0.09,0.04,0.004,0.995
1558.86,-0.09,0.04,0.004,0.995
1559.4,-0.09,0.04,0.004,0.995
1559.22,-0.09,0.04,0.004,0.995
1559.41,-0.09,0.04,0.004,0.995
1559.59,-0.09,0.04,0.004,0.995
1559.77,-0.09,0.04,0.004,0.995
1559.95,-0.09,0.04,0.004,0.995
1560.14,-0.09,0.04,0.004,0.995
1560.32,-0.09,0.04,0.004,0.995
1560.5,-0.09,0.04,0.004,0.995
1560.68,-0.091,0.04,0.004,0.995
1560.86,-0.09,0.04,0.004,0.995
1561.5,-0.09,0.04,0.004,0.995
1561.23,-0.09,0.04,0.004,0.995
1561.41,-0.09,0.04,0.004,0.995
1561.59,-0.09,0.04,0.004,0.995
1561.78,-0.09,0.04,0.004,0.995
1561.96,-0.09,0.04,0.004,0.995
1562.14,-0.09,0.04,0.004,0.995
1562.32,-0.09,0.04,0.004,0.995
1562.51,-0.09,0.04,0.004,0.995
1562.69,-0.09,0.04,0.004,0.995
1562.87,-0.09,0.04,0.004,0.995
1563.5,-0.09,0.04,0.004,0.995
1563.23,-0.09,0.04,0.004,0.995
1563.42,-0.09,0.04,0.004,0.995
1563.6,-0.09,0.04,0.004,0.995
1563.78,-0.09,0.04,0.004,0.995
1563.96,-0.09,0.04,0.004,0.995
1564.15,-0.09,0.04,0.004,0.995
1564.33,-0.09,0.04,0.004,0.995
1564.51,-0.09,0.04,0.004,0.995
1564.69,-0.09,0.04,0.004,0.995
1564.87,-0.09,0.04,0.004,0.995
1565.6,-0.09,0.04,0.004,0.995
1565.24,-0.09,0.04,0.004,0.995
1565.42,-0.09,0.04,0.004,0.995
1565.6,-0.09,0.04,0.004,0.995
1568.7,-0.09,0.04,0.004,0.995
1568.88,-0.09,0.04,0.004,0.995
1569.7,-0.09,0.04,0.004,0.995
1569.25,-0.09,0.04,0.004,0.995
1569.43,-0.09,0.04,0.004,0.995
1569.61,-0.09,0.04,0.004,0.995
1569.8,-0.09,0.04,0.004,0.995
1569.98,-0.09,0.04,0.004,0.995
1570.16,-0.09,0.04,0.004,0.995
1570.34,-0.09,0.04,0.004,0.995
1570.52,-0.09,0.04,0.004,0.995
1570.71,-0.09,0.04,0.004,0.995
1570.89,-0.09,0.04,0.004,0.995
1571.7,-0.09,0.04,0.004,0.995
1571.25,-0.09,0.04,0.004,0.995
1571.44,-0.09,0.04,0.004,0.995
1571.62,-0.09,0.04,0.004,0.995
1571.8,-0.09,0.04,0.004,0.995
1571.98,-0.09,0.04,0.004,0.995
1572.16,-0.09,0.04,0.004,0.995
1572.35,-0.09,0.04,0.004,0.995
1572.53,-0.09,0.04,0.004,0.995
1572.71,-0.09,0.04,0.004,0.995
1572.89,-0.09,0.04,0.004,0.995
1573.8,-0.09,0.04,0.004,0.995
1573.26,-0.09,0.04,0.004,0.995
1573.44,-0.09,0.04,0.004,0.995
1573.62,-0.09,0.04,0.004,0.995
1573.81,-0.09,0.04,0.004,0.995
1573.99,-0.09,0.04,0.004,0.995
1574.17,-0.09,0.04,0.004,0.995
1574.35,-0.09,0.04,0.004,0.995
1574.53,-0.09,0.04,0.005,0.995
1574.72,-0.09,0.04,0.005,0.995
1574.9,-0.09,0.04,0.005,0.995
1575.8,-0.09,0.04,0.005,0.995
1575.26,-0.09,0.04,0.005,0.995
1575.45,-0.09,0.04,0.005,0.995
1575.63,-0.09,0.04,0.005,0.995
1575.81,-0.09,0.04,0.005,0.995
1575.99,-0.09,0.04,0.005,0.995
1576.17,-0.09,0.04,0.005,0.995
1576.36,-0.09,0.04,0.005,0.995
1576.54,-0.09,0.04,0.005,0.995
1576.72,-0.09,0.04,0.005,0.995
1576.9,-0.09,0.04,0.005,0.995
1577.9,-0.09,0.04,0.005,0.995
1577.27,-0.09,0.04,0.005,0.995
1577.45,-0.09,0.04,0.005,0.995
1577.63,-0.09,0.04,0.005,0.995
1577.81,-0.09,0.04,0.005,0.995
1578.0,-0.09,0.04,0.005,0.995
1578.18,-0.09,0.04,0.005,0.995
1578.36,-0.09,0.04,0.005,0.995
1578.54,-0.09,0.04,0.005,0.995
1578.73,-0.09,0.04,0.005,0.995
1578.91,-0.09,0.04,0.005,0.995
1579.9,-0.09,0.04,0.005,0.995
1579.27,-0.09,0.04,0.005,0.995
1579.45,-0.09,0.04,0.005,0.995
1579.64,-0.09,0.04,0.005,0.995
1579.82,-0.09,0.04,0.005,0.995
1580.0,-0.09,0.04,0.005,0.995
1580.18,-0.09,0.04,0.005,0.995
1580.37,-0.09,0.04,0.005,0.995
1580.55,-0.09,0.04,0.005,0.995
1580.73,-0.09,0.04,0.005,0.995
1580.91,-0.09,0.04,0.005,0.995
1581.28,-0.09,0.04,0.005,0.995
1581.46,-0.09,0.04,0.005,0.995
1581.64,-0.09,0.04,0.005,0.995
1581.82,-0.09,0.04,0.005,0.995
1582.1,-0.09,0.04,0.005,0.995
1582.19,-0.09,0.04,0.005,0.995
1582.37,-0.09,0.04,0.005,0.995
1582.55,-0.09,0.04,0.005,0.995
1582.74,-0.09,0.04,0.005,0.995
1582.92,-0.09,0.04,0.005,0.995
1583.1,-0.09,0.04,0.005,0.995
1583.28,-0.09,0.04,0.005,0.995
1583.46,-0.09,0.04,0.005,0.995
1583.65,-0.09,0.04,0.005,0.995
1583.83,-0.09,0.04,0.005,0.995
1584.1,-0.09,0.04,0.005,0.995
1584.19,-0.09,0.04,0.005,0.995
1584.38,-0.09,0.04,0.005,0.995
1584.56,-0.09,0.04,0.005,0.995
1584.74,-0.09,0.04,0.005,0.995
1584.92,-0.09,0.04,0.005,0.995
1585.1,-0.09,0.04,0.005,0.995
1585.29,-0.09,0.04,0.005,0.995
1585.47,-0.09,0.04,0.005,0.995
1585.65,-0.09,0.04,0.005,0.995
1585.83,-0.09,0.04,0.005,0.995
1586.2,-0.09,0.04,0.005,0.995
1586.2,-0.09,0.04,0.005,0.995
1586.38,-0.09,0.04,0.005,0.995
1586.56,-0.09,0.04,0.005,0.995
1586.74,-0.09,0.04,0.005,0.995
1586.93,-0.09,0.04,0.005,0.995
1587.11,-0.09,0.04,0.005,0.995
1587.29,-0.09,0.04,0.005,0.995
1587.47,-0.09,0.04,0.005,0.995
1587.66,-0.09,0.04,0.005,0.995
1587.84,-0.09,0.04,0.005,0.995
1588.2,-0.09,0.04,0.005,0.995
1588.2,-0.09,0.04,0.005,0.995
1588.38,-0.09,0.04,0.005,0.995
1588.57,-0.09,0.04,0.005,0.995
1588.75,-0.09,0.04,0.005,0.995
1588.93,-0.09,0.04,0.005,0.995
1589.11,-0.09,0.04,0.005,0.995
1589.3,-0.09,0.04,0.005,0.995
1589.48,-0.09,0.04,0.005,0.995
1589.66,-0.09,0.04,0.005,0.995
1589.84,-0.09,0.04,0.005,0.995
1590.2,-0.09,0.04,0.005,0.995
1590.21,-0.09,0.04,0.005,0.995
1590.39,-0.09,0.04,0.005,0.995
1590.57,-0.09,0.04,0.005,0.995
1590.75,-0.09,0.04,0.005,0.995
1590.94,-0.09,0.04,0.005,0.995
1591.12,-0.09,0.04,0.005,0.995
1591.3,-0.09,0.04,0.005,0.995
1591.48,-0.09,0.04,0.005,0.995
1591.66,-0.09,0.04,0.005,0.995
1591.85,-0.09,0.04,0.005,0.995
1592.3,-0.09,0.04,0.005,0.995
1592.21,-0.09,0.04,0.005,0.995
1592.39,-0.09,0.04,0.005,0.995
1592.58,-0.09,0.04,0.005,0.995
1592.76,-0.09,0.04,0.005,0.995
1592.94,-0.09,0.04,0.005,0.995
1593.12,-0.09,0.04,0.005,0.995
1593.31,-0.09,0.04,0.005,0.995
1593.49,-0.09,0.04,0.005,0.995
1593.67,-0.09,0.04,0.005,0.995
1593.85,-0.09,0.04,0.005,0.995
1594.3,-0.09,0.04,0.005,0.995
1594.22,-0.09,0.04,0.005,0.995
1594.4,-0.09,0.04,0.005,0.995
1594.58,-0.09,0.04,0.005,0.995
1594.76,-0.09,0.04,0.005,0.995
1594.95,-0.09,0.04,0.005,0.995
1595.13,-0.09,0.04,0.005,0.995
1595.31,-0.09,0.04,0.005,0.995
1595.49,-0.09,0.04,0.005,0.995
1595.67,-0.09,0.04,0.005,0.995
1597.13,-0.09,0.04,0.005,0.995
1597.31,-0.09,0.04,0.005,0.995
1597.5,-0.09,0.04,0.005,0.995
1597.68,-0.09,0.04,0.005,0.995
1597.86,-0.09,0.04,0.005,0.995
1598.4,-0.09,0.04,0.005,0.995
1598.23,-0.09,0.04,0.005,0.995
1598.41,-0.09,0.04,0.005,0.995
1598.59,-0.09,0.04,0.005,0.995
1598.77,-0.09,0.04,0.005,0.995
1598.95,-0.09,0.04,0.005,0.995
1599.14,-0.09,0.04,0.005,0.995
1599.32,-0.09,0.04,0.005,0.995
1599.5,-0.09,0.04,0.005,0.995
1599.68,-0.09,0.04,0.005,0.995
1599.87,-0.09,0.04,0.005,0.995
1600.5,-0.09,0.04,0.005,0.995
1600.23,-0.09,0.04,0.005,0.995
1600.41,-0.09,0.04,0.005,0.995
1600.59,-0.09,0.04,0.005,0.995
1600.78,-0.09,0.04,0.005,0.995
1600.96,-0.09,0.04,0.005,0.995
1601.14,-0.09,0.04,0.005,0.995
1601.32,-0.09,0.04,0.005,0.995
1601.51,-0.09,0.04,0.005,0.995
1601.69,-0.09,0.04,0.005,0.995
1601.87,-0.09,0.04,0.005,0.995
1602.5,-0.09,0.04,0.005,0.995
1602.23,-0.09,0.04,0.005,0.995
1602.42,-0.09,0.04,0.005,0.995
1602.6,-0.09,0.04,0.005,0.995
1602.78,-0.09,0.04,0.005,0.995
1602.96,-0.09,0.04,0.005,0.995
1603.15,-0.09,0.04,0.005,0.995
1603.33,-0.09,0.04,0.005,0.995
1603.51,-0.09,0.04,0.005,0.995
1603.69,-0.09,0.04,0.005,0.995
1603.88,-0.09,0.04,0.005,0.995
1604.6,-0.09,0.04,0.005,0.995
1604.24,-0.09,0.04,0.005,0.995
1604.42,-0.09,0.04,0.005,0.995
1604.6,-0.09,0.04,0.005,0.995
1604.79,-0.09,0.04,0.005,0.995
1604.97,-0.09,0.04,0.005,0.995
1605.15,-0.09,0.04,0.005,0.995
1605.33,-0.09,0.04,0.005,0.995
1605.52,-0.09,0.04,0.005,0.995
1605.7,-0.09,0.04,0.005,0.995
1605.88,-0.09,0.04,0.005,0.995
1606.6,-0.09,0.04,0.005,0.995
1606.24,-0.09,0.04,0.005,0.995
1606.43,-0.09,0.04,0.005,0.995
1606.61,-0.09,0.04,0.005,0.995
1606.79,-0.09,0.04,0.005,0.995
1606.97,-0.09,0.04,0.005,0.995
1607.16,-0.09,0.04,0.005,0.995
1607.34,-0.09,0.04,0.005,0.995
1607.52,-0.09,0.04,0.005,0.995
1607.7,-0.09,0.04,0.005,0.995
1607.88,-0.09,0.04,0.005,0.995
1608.7,-0.09,0.04,0.005,0.995
1608.25,-0.09,0.04,0.005,0.995
1608.43,-0.09,0.04,0.005,0.995
1609.71,-0.09,0.04,0.005,0.995
1609.89,-0.09,0.04,0.005,0.995
1610.7,-0.09,0.04,0.005,0.995
1610.25,-0.09,0.04,0.005,0.995
1610.44,-0.09,0.04,0.005,0.995
1610.62,-0.09,0.04,0.005,0.995
1610.8,-0.09,0.04,0.005,0.995
1610.98,-0.09,0.04,0.005,0.995
1611.16,-0.09,0.04,0.005,0.995
1611.35,-0.09,0.04,0.005,0.995
1611.53,-0.09,0.04,0.005,0.995
1611.71,-0.09,0.04,0.005,0.995
1611.89,-0.09,0.04,0.005,0.995
1612.8,-0.09,0.04,0.005,0.995
1612.26,-0.09,0.04,0.005,0.995
1612.44,-0.09,0.04,0.005,0.995
1612.62,-0.09,0.04,0.005,0.995
1612.8,-0.09,0.04,0.005,0.995
1612.99,-0.09,0.04,0.005,0.995
1613.17,-0.09,0.04,0.005,0.995
1613.35,-0.09,0.04,0.005,0.995
1613.53,-0.09,0.04,0.005,0.995
1613.72,-0.09,0.04,0.005,0.995
1613.9,-0.09,0.04,0.005,0.995
1614.8,-0.09,0.04,0.005,0.995
1614.26,-0.09,0.04,0.005,0.995
1614.44,-0.09,0.04,0.005,0.995
1614.63,-0.09,0.04,0.005,0.995
1614.81,-0.09,0.04,0.005,0.995
1614.99,-0.09,0.04,0.005,0.995
1615.17,-0.09,0.04,0.005,0.995
1615.36,-0.09,0.04,0.005,0.995
1615.54,-0.09,0.04,0.005,0.995
1615.72,-0.09,0.04,0.005,0.995
1615.9,-0.09,0.04,0.005,0.995
1616.9,-0.09,0.04,0.005,0.995
1616.27,-0.09,0.04,0.005,0.995
1616.45,-0.09,0.04,0.005,0.995
1616.63,-0.09,0.04,0.005,0.995
1616.81,-0.09,0.04,0.005,0.995
1617.0,-0.09,0.04,0.005,0.995
1617.18,-0.09,0.04,0.005,0.995
1617.36,-0.09,0.04,0.005,0.995
1617.54,-0.09,0.04,0.005,0.995
1617.73,-0.09,0.04,0.005,0.995
1617.91,-0.09,0.04,0.005,0.995
1618.9,-0.09,0.04,0.005,0.995
1618.27,-0.09,0.04,0.005,0.995
1618.45,-0.09,0.04,0.005,0.995
1618.64,-0.09,0.04,0.005,0.995
1618.82,-0.09,0.04,0.005,0.995
1619.0,-0.09,0.04,0.005,0.995
1619.18,-0.09,0.04,0.005,0.995
1619.37,-0.09,0.04,0.005,0.995
1619.55,-0.09,0.04,0.005,0.995
1619.73,-0.09,0.04,0.005,0.995
1619.91,-0.09,0.04,0.005,0.995
1620.9,-0.09,0.04,0.005,0.995
1620.28,-0.09,0.04,0.005,0.995
1620.46,-0.09,0.04,0.005,0.995
1620.64,-0.09,0.04,0.005,0.995
1620.82,-0.09,0.04,0.005,0.995
1621.1,-0.09,0.04,0.005,0.995
1621.19,-0.09,0.04,0.005,0.995
1621.37,-0.09,0.04,0.005,0.995
1621.55,-0.09,0.04,0.005,0.995
1621.73,-0.09,0.04,0.005,0.995
1621.92,-0.09,0.04,0.005,0.995
1622.1,-0.09,0.04,0.005,0.995
1622.28,-0.09,0.04,0.005,0.995
1622.46,-0.09,0.04,0.005,0.995
1622.65,-0.09,0.04,0.005,0.995
1622.83,-0.09,0.04,0.005,0.995
1623.1,-0.09,0.04,0.005,0.995
1623.19,-0.09,0.04,0.005,0.995
1623.37,-0.09,0.04,0.005,0.995
1623.56,-0.09,0.04,0.005,0.995
1623.74,-0.09,0.04,0.005,0.995
1623.92,-0.09,0.04,0.005,0.995
1624.1,-0.09,0.04,0.005,0.995
1624.29,-0.091,0.04,0.005,0.995
1624.47,-0.09,0.04,0.005,0.995
1624.65,-0.091,0.04,0.005,0.995
1624.83,-0.09,0.04,0.005,0.995
1625.1,-0.09,0.04,0.005,0.995
1625.2,-0.09,0.04,0.005,0.995
1625.38,-0.09,0.04,0.005,0.995
1625.56,-0.09,0.04,0.005,0.995
1625.74,-0.09,0.04,0.005,0.995
1625.93,-0.09,0.04,0.005,0.995
1626.11,-0.09,0.04,0.005,0.995
1626.29,-0.09,0.04,0.005,0.995
1626.47,-0.09,0.04,0.005,0.995
1626.65,-0.09,0.04,0.005,0.995
1626.84,-0.09,0.04,0.005,0.995
1627.2,-0.09,0.04,0.005,0.995
1627.2,-0.09,0.04,0.005,0.995
1627.38,-0.09,0.04,0.005,0.995
1627.57,-0.09,0.04,0.005,0.995
1627.75,-0.09,0.04,0.005,0.995
1627.93,-0.09,0.04,0.005,0.995
1628.11,-0.09,0.04,0.005,0.995
1628.3,-0.09,0.04,0.005,0.995
1628.48,-0.09,0.04,0.005,0.995
1628.66,-0.09,0.04,0.005,0.995
1628.84,-0.091,0.04,0.005,0.994
1629.2,-0.091,0.04,0.005,0.994
1629.21,-0.091,0.04,0.005,0.994
1629.39,-0.091,0.04,0.005,0.994
1629.57,-0.091,0.04,0.005,0.994
1629.75,-0.091,0.04,0.005,0.994
1629.94,-0.091,0.04,0.005,0.995
1630.12,-0.091,0.04,0.005,0.995
1630.3,-0.09,0.04,0.005,0.995
1630.48,-0.09,0.04,0.005,0.995
1630.66,-0.09,0.04,0.005,0.995
1630.85,-0.09,0.04,0.005,0.995
1631.3,-0.09,0.04,0.005,0.995
1631.21,-0.09,0.04,0.005,0.995
1631.39,-0.09,0.04,0.005,0.995
1631.58,-0.09,0.04,0.005,0.995
1631.76,-0.09,0.04,0.005,0.995
1631.94,-0.09,0.04,0.005,0.995
1632.12,-0.09,0.04,0.005,0.995
1632.3,-0.09,0.04,0.005,0.995
1632.49,-0.09,0.04,0.005,0.995
1632.67,-0.09,0.04,0.005,0.995
1632.85,-0.09,0.04,0.005,0.995
1633.3,-0.09,0.04,0.005,0.995
1633.22,-0.09,0.04,0.005,0.995
1633.4,-0.09,0.04,0.005,0.995
1633.58,-0.09,0.04,0.005,0.995
1633.76,-0.09,0.04,0.005,0.995
1633.94,-0.09,0.04,0.005,0.995
1634.13,-0.09,0.04,0.005,0.995
1634.31,-0.09,0.04,0.005,0.995
1634.49,-0.09,0.04,0.005,0.995
1634.67,-0.09,0.04,0.005,0.995
1634.86,-0.09,0.04,0.005,0.995
1635.4,-0.09,0.04,0.005,0.995
1635.22,-0.09,0.04,0.005,0.995
1635.4,-0.09,0.04,0.005,0.995
1635.59,-0.09,0.04,0.005,0.995
1635.77,-0.09,0.04,0.005,0.995
1635.95,-0.09,0.04,0.005,0.995
1636.13,-0.09,0.04,0.005,0.995
1636.31,-0.09,0.04,0.005,0.995
1636.5,-0.09,0.04,0.005,0.995
1636.68,-0.09,0.04,0.005,0.995
1636.86,-0.09,0.04,0.005,0.995
1637.4,-0.09,0.04,0.005,0.995
1637.23,-0.09,0.04,0.005,0.995
1637.41,-0.09,0.04,0.005,0.995
1637.59,-0.09,0.04,0.005,0.995
1637.77,-0.09,0.04,0.005,0.995
1637.95,-0.09,0.04,0.005,0.995
1638.14,-0.09,0.04,0.005,0.995
1638.32,-0.09,0.04,0.005,0.995
1638.5,-0.09,0.04,0.005,0.995
1638.68,-0.09,0.04,0.005,0.995
1638.87,-0.09,0.04,0.005,0.995
1639.5,-0.09,0.04,0.005,0.995
1639.23,-0.09,0.04,0.005,0.995
1639.41,-0.09,0.04,0.005,0.995
1639.6,-0.09,0.04,0.005,0.995
1639.78,-0.09,0.04,0.005,0.995
1639.96,-0.09,0.04,0.005,0.995
1640.14,-0.09,0.04,0.005,0.995
1640.32,-0.09,0.04,0.005,0.995
1640.51,-0.09,0.04,0.005,0.995
1640.69,-0.09,0.04,0.005,0.995
1640.87,-0.09,0.04,0.005,0.995
1641.5,-0.09,0.04,0.005,0.995
1641.24,-0.09,0.04,0.005,0.995
1641.42,-0.09,0.04,0.005,0.995
1641.6,-0.09,0.04,0.005,0.995
1641.78,-0.09,0.04,0.005,0.995
1641.96,-0.09,0.04,0.005,0.995
1642.15,-0.09,0.04,0.005,0.995
1642.33,-0.09,0.04,0.005,0.995
1642.51,-0.09,0.04,0.005,0.995
1642.69,-0.09,0.04,0.005,0.995
1642.88,-0.09,0.04,0.005,0.995
1643.6,-0.09,0.04,0.005,0.995
1643.24,-0.09,0.04,0.005,0.995
1643.42,-0.09,0.04,0.005,0.995
1643.6,-0.09,0.04,0.005,0.995
1643.79,-0.09,0.04,0.005,0.995
1643.97,-0.09,0.04,0.005,0.995
1644.15,-0.09,0.04,0.005,0.995
1644.33,-0.09,0.04,0.005,0.995
1644.52,-0.09,0.04,0.005,0.995
1644.7,-0.09,0.04,0.005,0.995
1644.88,-0.09,0.04,0.005,0.995
1645.6,-0.09,0.04,0.005,0.995
1645.25,-0.09,0.04,0.005,0.995
1645.43,-0.09,0.04,0.005,0.995
1645.61,-0.09,0.04,0.005,0.995
1645.79,-0.09,0.04,0.005,0.995
1645.97,-0.09,0.04,0.005,0.995
1646.16,-0.09,0.04,0.005,0.995
1650.9,-0.09,0.04,0.005,0.995
1651.8,-0.09,0.04,0.005,0.995
1651.26,-0.09,0.04,0.005,0.995
1651.44,-0.09,0.04,0.005,0.995
1651.62,-0.09,0.04,0.005,0.995
1651.81,-0.09,0.04,0.005,0.995
1651.99,-0.09,0.04,0.005,0.995
1652.17,-0.09,0.04,0.005,0.995
1652.35,-0.09,0.04,0.005,0.995
1652.54,-0.09,0.04,0.005,0.995
1658.0,-0.091,0.04,0.005,0.994
1658.19,-0.091,0.04,0.005,0.994
1658.37,-0.091,0.04,0.005,0.994
1658.55,-0.091,0.04,0.005,0.994
1658.73,-0.09,0.04,0.005,0.995
1658.92,-0.091,0.04,0.005,0.994
1659.1,-0.091,0.04,0.005,0.994
1659.28,-0.091,0.04,0.005,0.994
1659.46,-0.091,0.04,0.005,0.994
1659.64,-0.091,0.04,0.005,0.994
1659.83,-0.091,0.04,0.005,0.994
1660.1,-0.091,0.04,0.005,0.994
1660.19,-0.091,0.04,0.005,0.994
1660.37,-0.09,0.04,0.005,0.995
1660.92,-0.09,0.04,0.005,0.995
1661.1,-0.09,0.04,0.005,0.995
1661.28,-0.09,0.04,0.005,0.995
1661.47,-0.09,0.04,0.005,0.995
1661.65,-0.09,0.04,0.005,0.995
1661.83,-0.09,0.04,0.005,0.995
1662.1,-0.09,0.04,0.005,0.995
1662.2,-0.09,0.04,0.005,0.995
1662.38,-0.09,0.04,0.005,0.995
1662.56,-0.09,0.04,0.005,0.995
1662.74,-0.09,0.04,0.005,0.995
1662.93,-0.09,0.04,0.005,0.995
1663.11,-0.09,0.04,0.005,0.995
1663.29,-0.09,0.04,0.005,0.995
1663.47,-0.09,0.04,0.005,0.995
1663.65,-0.09,0.04,0.005,0.995
1663.84,-0.09,0.04,0.005,0.995
1664.2,-0.09,0.04,0.005,0.995
1664.2,-0.09,0.04,0.005,0.995
1664.38,-0.09,0.04,0.005,0.995
1664.57,-0.09,0.04,0.005,0.995
1664.75,-0.09,0.04,0.005,0.995
1664.93,-0.09,0.04,0.005,0.995
1665.11,-0.09,0.04,0.005,0.995
1665.66,-0.09,0.04,0.005,0.995
1665.84,-0.09,0.04,0.005,0.995
1666.2,-0.09,0.04,0.005,0.995
1666.21,-0.09,0.04,0.005,0.995
1666.39,-0.09,0.04,0.005,0.995
1666.57,-0.09,0.04,0.005,0.995
1666.75,-0.09,0.04,0.005,0.995
1666.94,-0.09,0.04,0.005,0.995
1667.12,-0.09,0.04,0.005,0.995
1667.3,-0.09,0.04,0.005,0.995
1671.86,-0.09,0.04,0.005,0.995
1672.4,-0.09,0.04,0.005,0.995
1672.22,-0.09,0.04,0.005,0.995
1672.4,-0.09,0.04,0.005,0.995
1672.59,-0.09,0.04,0.005,0.995
1672.77,-0.09,0.04,0.005,0.995
1672.95,-0.09,0.04,0.005,0.995
1673.13,-0.09,0.04,0.005,0.995
1673.31,-0.09,0.04,0.005,0.995
1673.5,-0.09,0.04,0.005,0.995
1673.68,-0.09,0.04,0.005,0.995
1673.86,-0.09,0.04,0.005,0.995
1674.4,-0.09,0.04,0.005,0.995
1674.23,-0.09,0.04,0.005,0.995
1674.41,-0.09,0.04,0.005,0.995
1674.59,-0.09,0.04,0.005,0.995
1674.77,-0.09,0.04,0.005,0.995
1674.96,-0.09,0.04,0.005,0.995
1675.14,-0.09,0.04,0.005,0.995
1676.41,-0.09,0.04,0.005,0.995
1676.6,-0.09,0.04,0.005,0.995
1676.78,-0.09,0.04,0.005,0.995
1676.96,-0.09,0.04,0.005,0.995
1677.14,-0.09,0.04,0.005,0.995
1677.32,-0.09,0.04,0.005,0.995
1677.51,-0.09,0.04,0.005,0.995
1677.69,-0.09,0.04,0.005,0.995
1677.87,-0.09,0.04,0.005,0.995
1678.5,-0.09,0.04,0.005,0.995
1678.24,-0.09,0.04,0.006,0.995
1678.42,-0.09,0.04,0.005,0.995
1678.6,-0.09,0.04,0.005,0.995
1678.78,-0.09,0.04,0.006,0.995
1678.96,-0.09,0.04,0.006,0.995
1679.88,-0.09,0.04,0.005,0.995
1680.6,-0.091,0.04,0.005,0.995
1680.24,-0.09,0.04,0.005,0.995
1680.42,-0.09,0.04,0.005,0.995
1680.61,-0.09,0.04,0.005,0.995
1680.79,-0.09,0.04,0.005,0.995
1680.97,-0.09,0.04,0.005,0.995
1681.15,-0.09,0.04,0.005,0.995
1681.33,-0.09,0.04,0.005,0.995
1681.52,-0.09,0.04,0.005,0.995
1681.7,-0.09,0.04,0.005,0.995
1681.88,-0.09,0.04,0.005,0.995
1682.6,-0.091,0.04,0.005,0.994
1682.25,-0.091,0.04,0.005,0.994
1682.43,-0.091,0.04,0.005,0.995
1682.61,-0.09,0.04,0.005,0.995
1682.79,-0.09,0.04,0.005,0.995
1682.97,-0.09,0.04,0.005,0.995
1683.16,-0.09,0.04,0.005,0.995
1683.34,-0.09,0.04,0.006,0.995
1683.52,-0.09,0.04,0.006,0.995
1683.7,-0.09,0.04,0.006,0.995
1683.89,-0.09,0.04,0.006,0.995
1684.7,-0.09,0.04,0.006,0.995
1684.25,-0.09,0.04,0.006,0.995
1684.43,-0.09,0.04,0.006,0.995
1684.62,-0.09,0.04,0.006,0.995
1684.8,-0.09,0.04,0.006,0.995
1684.98,-0.09,0.04,0.006,0.995
1685.16,-0.09,0.04,0.006,0.995
1685.34,-0.09,0.04,0.006,0.995
1685.53,-0.09,0.04,0.006,0.995
1685.71,-0.09,0.04,0.006,0.995
1685.89,-0.09,0.04,0.006,0.995
1686.7,-0.09,0.04,0.006,0.995
1686.26,-0.09,0.04,0.006,0.995
1686.44,-0.09,0.04,0.006,0.995
1686.62,-0.09,0.04,0.006,0.995
1686.8,-0.09,0.04,0.006,0.995
1686.98,-0.09,0.04,0.006,0.995
1687.17,-0.09,0.04,0.006,0.995
1687.35,-0.09,0.04,0.006,0.995
1687.53,-0.09,0.04,0.006,0.995
1687.71,-0.09,0.04,0.006,0.995
1687.9,-0.09,0.04,0.006,0.995
1688.8,-0.09,0.04,0.006,0.995
1688.26,-0.09,0.04,0.006,0.995
1688.44,-0.09,0.04,0.006,0.995
1688.62,-0.09,0.04,0.006,0.995
1688.81,-0.09,0.04,0.006,0.995
1688.99,-0.09,0.04,0.006,0.995
1689.17,-0.09,0.04,0.006,0.995
1689.35,-0.09,0.04,0.006,0.995
1689.54,-0.09,0.04,0.006,0.995
1689.72,-0.09,0.04,0.006,0.995
1689.9,-0.09,0.04,0.006,0.995
1690.8,-0.09,0.04,0.006,0.995
1690.27,-0.09,0.04,0.006,0.995
1690.45,-0.09,0.04,0.006,0.995
1690.63,-0.09,0.04,0.006,0.995
1690.81,-0.09,0.04,0.006,0.995
1690.99,-0.09,0.04,0.006,0.995
1691.18,-0.09,0.04,0.006,0.995
1691.36,-0.09,0.04,0.006,0.995
1691.54,-0.09,0.04,0.006,0.995
1691.72,-0.09,0.04,0.006,0.995
1691.91,-0.09,0.04,0.006,0.995
1692.9,-0.09,0.04,0.006,0.995
1692.27,-0.09,0.04,0.006,0.995
1692.45,-0.09,0.04,0.006,0.995
1692.63,-0.09,0.04,0.006,0.995
1692.82,-0.09,0.04,0.006,0.995
1693.0,-0.09,0.04,0.006,0.995
1693.18,-0.09,0.04,0.006,0.995
1693.36,-0.09,0.04,0.006,0.995
1693.55,-0.09,0.04,0.006,0.995
1693.73,-0.09,0.04,0.006,0.995
1693.91,-0.09,0.04,0.006,0.995
1694.9,-0.09,0.04,0.006,0.995
1694.28,-0.09,0.04,0.006,0.995
1694.46,-0.09,0.04,0.006,0.995
1694.64,-0.09,0.04,0.006,0.995
1694.82,-0.09,0.04,0.006,0.995
1695.0,-0.09,0.04,0.006,0.995
1695.19,-0.09,0.04,0.006,0.995
1695.37,-0.09,0.04,0.006,0.995
1695.55,-0.09,0.04,0.006,0.995
1695.73,-0.09,0.04,0.006,0.995
1695.92,-0.09,0.04,0.006,0.995
1696.1,-0.09,0.04,0.006,0.995
1696.28,-0.09,0.04,0.006,0.995
1696.46,-0.09,0.04,0.006,0.995
1696.64,-0.09,0.04,0.006,0.995
1696.83,-0.09,0.04,0.006,0.995
1697.1,-0.09,0.04,0.006,0.995
1697.19,-0.09,0.04,0.006,0.995
1697.37,-0.09,0.04,0.006,0.995
1697.56,-0.09,0.04,0.006,0.995
1697.74,-0.09,0.04,0.006,0.995
1697.92,-0.09,0.04,0.006,0.995
1698.1,-0.09,0.04,0.006,0.995
1698.29,-0.09,0.04,0.006,0.995
1698.47,-0.09,0.04,0.006,0.995
1698.65,-0.09,0.04,0.006,0.995
1698.83,-0.09,0.04,0.006,0.995
1699.1,-0.09,0.04,0.006,0.995
1699.2,-0.09,0.04,0.006,0.995
1699.38,-0.09,0.04,0.006,0.995
1699.56,-0.09,0.04,0.006,0.995
1699.74,-0.09,0.04,0.006,0.995
1699.93,-0.09,0.04,0.006,0.995
1700.11,-0.09,0.04,0.006,0.995
1700.29,-0.09,0.04,0.006,0.995
1700.47,-0.09,0.04,0.006,0.995
1700.65,-0.09,0.04,0.006,0.995
1700.84,-0.09,0.04,0.006,0.995
1701.2,-0.09,0.04,0.006,0.995
1701.2,-0.09,0.04,0.006,0.995
1701.38,-0.09,0.04,0.006,0.995
1701.57,-0.09,0.04,0.006,0.995
1701.75,-0.09,0.04,0.006,0.995
1701.93,-0.09,0.04,0.006,0.995
1702.11,-0.09,0.04,0.006,0.995
1702.3,-0.09,0.04,0.006,0.995
1702.48,-0.09,0.04,0.006,0.995
1702.66,-0.09,0.04,0.006,0.995
1702.84,-0.09,0.04,0.006,0.995
1703.2,-0.09,0.04,0.006,0.995
1703.21,-0.09,0.04,0.006,0.995
1703.39,-0.09,0.04,0.006,0.995
1704.48,-0.09,0.04,0.006,0.995
1704.66,-0.09,0.04,0.006,0.995
1704.85,-0.09,0.04,0.006,0.995
1705.3,-0.09,0.04,0.006,0.995
1705.21,-0.09,0.04,0.006,0.995
1705.39,-0.09,0.04,0.006,0.995
1705.58,-0.09,0.04,0.006,0.995
1705.76,-0.09,0.04,0.006,0.995
1705.94,-0.09,0.04,0.006,0.995
1706.12,-0.09,0.04,0.006,0.995
1706.31,-0.09,0.04,0.006,0.995
1706.49,-0.09,0.04,0.006,0.995
1706.67,-0.09,0.04,0.006,0.995
1706.85,-0.09,0.04,0.006,0.995
1707.3,-0.09,0.04,0.006,0.995
1707.22,-0.09,0.04,0.006,0.995
1707.4,-0.09,0.04,0.006,0.995
1707.58,-0.09,0.04,0.006,0.995
1707.76,-0.09,0.04,0.006,0.995
1707.95,-0.09,0.04,0.006,0.995
1708.13,-0.09,0.04,0.006,0.995
1708.31,-0.09,0.04,0.006,0.995
1708.49,-0.09,0.04,0.006,0.995
1708.67,-0.09,0.04,0.006,0.995
1708.86,-0.09,0.04,0.006,0.995
1709.4,-0.09,0.04,0.006,0.995
1709.22,-0.09,0.04,0.006,0.995
1709.4,-0.09,0.04,0.006,0.995
1709.59,-0.09,0.04,0.006,0.995
1709.77,-0.09,0.04,0.006,0.995
1709.95,-0.09,0.04,0.006,0.995
1710.13,-0.09,0.04,0.006,0.995
1710.31,-0.09,0.04,0.006,0.995
1710.5,-0.09,0.04,0.006,0.995
1710.68,-0.09,0.04,0.006,0.995
1710.86,-0.09,0.04,0.006,0.995
1711.4,-0.09,0.04,0.006,0.995
1711.23,-0.09,0.04,0.006,0.995
1711.41,-0.09,0.04,0.006,0.995
1711.59,-0.09,0.04,0.006,0.995
1711.77,-0.09,0.04,0.006,0.995
1711.96,-0.09,0.04,0.006,0.995
1712.14,-0.09,0.04,0.006,0.995
1712.32,-0.09,0.04,0.006,0.995
1712.5,-0.09,0.04,0.006,0.995
1712.68,-0.09,0.04,0.006,0.995
1712.87,-0.09,0.04,0.006,0.995
1713.5,-0.09,0.04,0.006,0.995
1713.23,-0.09,0.04,0.006,0.995
1713.41,-0.09,0.04,0.006,0.995
1713.6,-0.09,0.04,0.006,0.995
1713.78,-0.09,0.04,0.006,0.995
1713.96,-0.09,0.04,0.006,0.995
1714.14,-0.09,0.04,0.006,0.995
1714.32,-0.09,0.04,0.006,0.995
1714.51,-0.09,0.04,0.006,0.995
1714.69,-0.09,0.04,0.007,0.995
1715.24,-0.09,0.04,0.006,0.995
1715.42,-0.09,0.04,0.006,0.995
1715.6,-0.09,0.04,0.007,0.995
1715.78,-0.09,0.04,0.007,0.995
1715.96,-0.09,0.04,0.006,0.995
1716.15,-0.09,0.04,0.007,0.995
1716.33,-0.09,0.04,0.007,0.995
1716.51,-0.09,0.04,0.007,0.995
1716.69,-0.09,0.04,0.007,0.995
1716.88,-0.09,0.04,0.007,0.995
1717.6,-0.091,0.04,0.007,0.994
1717.24,-0.091,0.04,0.007,0.995
1717.42,-0.091,0.04,0.007,0.994
1717.61,-0.091,0.04,0.007,0.994
1717.79,-0.09,0.04,0.007,0.995
1717.97,-0.09,0.04,0.007,0.995
1718.15,-0.09,0.04,0.007,0.994
1718.33,-0.091,0.04,0.007,0.994
1718.52,-0.091,0.04,0.007,0.994
1718.7,-0.091,0.04,0.007,0.994
1718.88,-0.091,0.04,0.007,0.994
1719.6,-0.09,0.04,0.007,0.995
1719.25,-0.09,0.04,0.007,0.995
1719.43,-0.091,0.04,0.007,0.994
1719.61,-0.091,0.04,0.007,0.994
1719.79,-0.091,0.04,0.007,0.994
1719.97,-0.091,0.04,0.007,0.994
1720.16,-0.091,0.04,0.007,0.994
1720.34,-0.091,0.04,0.007,0.994
1720.52,-0.091,0.04,0.007,0.994
1720.7,-0.091,0.04,0.007,0.994
1720.89,-0.091,0.04,0.007,0.994
1721.7,-0.091,0.04,0.007,0.994
1721.98,-0.09,0.04,0.007,0.995
1722.16,-0.09,0.04,0.007,0.995
1722.34,-0.09,0.04,0.007,0.995
1722.53,-0.09,0.04,0.007,0.995
1722.71,-0.09,0.04,0.007,0.995
1722.89,-0.09,0.04,0.007,0.995
1723.7,-0.09,0.04,0.007,0.995
1723.26,-0.09,0.04,0.007,0.995
1723.44,-0.09,0.04,0.007,0.995
1723.62,-0.09,0.04,0.007,0.995
1723.8,-0.09,0.04,0.007,0.995
1729.9,-0.091,0.04,0.007,0.994
1729.27,-0.091,0.04,0.007,0.994
1729.45,-0.091,0.04,0.007,0.994
1729.64,-0.091,0.04,0.007,0.994
1729.82,-0.091,0.04,0.007,0.994
1730.0,-0.091,0.04,0.007,0.994
1730.18,-0.091,0.04,0.007,0.994
1730.36,-0.091,0.04,0.007,0.994
1730.55,-0.091,0.04,0.007,0.994
1730.73,-0.091,0.04,0.007,0.994
1730.91,-0.091,0.04,0.007,0.994
1731.9,-0.091,0.04,0.007,0.994
1731.28,-0.091,0.04,0.007,0.994
1731.46,-0.091,0.04,0.007,0.994
1731.64,-0.091,0.04,0.007,0.994
1731.82,-0.091,0.04,0.007,0.994
1732.1,-0.091,0.04,0.007,0.994
1732.19,-0.091,0.04,0.007,0.994
1732.37,-0.091,0.04,0.007,0.994
1732.55,-0.091,0.04,0.007,0.994
1732.73,-0.091,0.04,0.007,0.994
1732.92,-0.091,0.04,0.007,0.994
1733.1,-0.091,0.04,0.007,0.994
1733.28,-0.091,0.04,0.007,0.994
1733.46,-0.091,0.04,0.007,0.994
1733.65,-0.091,0.04,0.007,0.994
1733.83,-0.091,0.04,0.007,0.994
1734.1,-0.091,0.04,0.007,0.994
1734.19,-0.091,0.04,0.007,0.994
1734.38,-0.091,0.04,0.007,0.994
1734.56,-0.091,0.04,0.007,0.994
1734.74,-0.091,0.04,0.007,0.994
1734.92,-0.091,0.04,0.007,0.994
1735.1,-0.091,0.04,0.007,0.994
1735.29,-0.091,0.04,0.007,0.994
1735.47,-0.091,0.04,0.007,0.994
1735.65,-0.091,0.04,0.007,0.994
1735.83,-0.091,0.04,0.007,0.994
1736.2,-0.091,0.04,0.007,0.994
1736.2,-0.091,0.04,0.007,0.994
1736.38,-0.091,0.04,0.007,0.994
1736.56,-0.091,0.04,0.007,0.994
1736.74,-0.091,0.04,0.007,0.994
1736.93,-0.091,0.04,0.007,0.994
1737.11,-0.091,0.04,0.007,0.994
1737.29,-0.091,0.04,0.007,0.995
1737.47,-0.09,0.04,0.007,0.995
1737.66,-0.09,0.04,0.007,0.995
1737.84,-0.09,0.04,0.007,0.995
1738.2,-0.091,0.04,0.007,0.995
1738.2,-0.091,0.04,0.007,0.994
1738.39,-0.091,0.04,0.007,0.994
1738.57,-0.091,0.04,0.007,0.994
1738.75,-0.091,0.04,0.007,0.994
1738.93,-0.091,0.04,0.007,0.994
1739.84,-0.09,0.04,0.007,0.995
1740.3,-0.09,0.04,0.007,0.995
1740.21,-0.09,0.04,0.007,0.995
1740.39,-0.09,0.04,0.007,0.995
1740.57,-0.09,0.04,0.007,0.995
1740.76,-0.09,0.04,0.007,0.995
1740.94,-0.09,0.04,0.007,0.995
1741.12,-0.09,0.04,0.007,0.995
1741.3,-0.09,0.04,0.007,0.995
1741.48,-0.09,0.04,0.007,0.995
1741.67,-0.09,0.04,0.007,0.995
1741.85,-0.09,0.04,0.007,0.995
1742.3,-0.09,0.04,0.007,0.995
1742.21,-0.09,0.04,0.007,0.995
1742.4,-0.09,0.04,0.007,0.995
1742.58,-0.09,0.04,0.007,0.995
1742.76,-0.09,0.04,0.007,0.995
1742.94,-0.09,0.04,0.007,0.995
1743.13,-0.09,0.04,0.007,0.995
1743.31,-0.09,0.04,0.007,0.995
1743.49,-0.09,0.04,0.007,0.995
1744.4,-0.09,0.04,0.007,0.995
1744.58,-0.09,0.04,0.007,0.995
1744.77,-0.09,0.04,0.007,0.995
1744.95,-0.09,0.04,0.007,0.995
1745.13,-0.09,0.04,0.007,0.995
1745.31,-0.09,0.04,0.007,0.995
1745.5,-0.09,0.04,0.007,0.995
1745.68,-0.09,0.04,0.007,0.995
1745.86,-0.09,0.04,0.007,0.995
1746.4,-0.09,0.04,0.007,0.995
1751.15,-0.09,0.04,0.007,0.995
1751.33,-0.09,0.04,0.007,0.995
1751.51,-0.09,0.04,0.007,0.995
1751.69,-0.09,0.04,0.007,0.995
1751.87,-0.09,0.04,0.007,0.995
1752.6,-0.09,0.04,0.007,0.995
1752.24,-0.09,0.04,0.007,0.995
1752.42,-0.09,0.04,0.007,0.995
1752.6,-0.09,0.04,0.007,0.995
1752.79,-0.09,0.04,0.007,0.995
1752.97,-0.09,0.04,0.007,0.995
1753.15,-0.09,0.04,0.007,0.995
1753.33,-0.09,0.04,0.007,0.995
1753.52,-0.09,0.04,0.007,0.995
1753.7,-0.091,0.04,0.007,0.994
1753.88,-0.09,0.04,0.007,0.995
1754.6,-0.09,0.04,0.007,0.995
1754.24,-0.09,0.04,0.007,0.995
1754.43,-0.09,0.04,0.007,0.995
1754.61,-0.09,0.04,0.007,0.995
1754.79,-0.09,0.04,0.007,0.995
1754.97,-0.09,0.04,0.007,0.995
1755.16,-0.09,0.04,0.007,0.995
1755.34,-0.09,0.04,0.007,0.995
1755.52,-0.09,0.04,0.007,0.995
1755.7,-0.09,0.04,0.007,0.995
1755.89,-0.09,0.04,0.008,0.995
1756.7,-0.09,0.04,0.008,0.995
1756.25,-0.09,0.04,0.008,0.995
1756.43,-0.09,0.04,0.007,0.995
1756.61,-0.09,0.04,0.008,0.995
1756.8,-0.09,0.04,0.008,0.995
1756.98,-0.09,0.04,0.008,0.995
1757.16,-0.09,0.04,0.007,0.995
1757.34,-0.09,0.04,0.008,0.995
1757.53,-0.09,0.04,0.008,0.995
1757.71,-0.09,0.04,0.008,0.995
1757.89,-0.09,0.04,0.008,0.995
1758.7,-0.09,0.04,0.008,0.995
1758.26,-0.09,0.04,0.008,0.995
1758.44,-0.09,0.04,0.008,0.995
1758.62,-0.09,0.04,0.008,0.995
1758.8,-0.09,0.04,0.008,0.995
1758.98,-0.09,0.04,0.008,0.995
1759.17,-0.09,0.04,0.008,0.995
1759.35,-0.09,0.04,0.008,0.995
1759.53,-0.09,0.04,0.008,0.995
1759.71,-0.09,0.04,0.008,0.995
1759.9,-0.09,0.04,0.008,0.995
1760.8,-0.09,0.04,0.008,0.995
1760.26,-0.09,0.04,0.008,0.995
1760.44,-0.09,0.04,0.008,0.995
1760.62,-0.09,0.04,0.008,0.995
1760.81,-0.09,0.04,0.008,0.995
1760.99,-0.09,0.04,0.008,0.995
1761.17,-0.09,0.04,0.008,0.995
1761.35,-0.09,0.04,0.008,0.995
1761.54,-0.09,0.04,0.008,0.995
1761.72,-0.09,0.04,0.008,0.995
1761.9,-0.09,0.04,0.008,0.995
1762.8,-0.09,0.04,0.008,0.995
1762.27,-0.091,0.04,0.008,0.994
1762.45,-0.09,0.04,0.008,0.995
1762.63,-0.091,0.04,0.008,0.994
1762.81,-0.091,0.04,0.008,0.994
1764.27,-0.091,0.04,0.008,0.994
1764.45,-0.091,0.04,0.008,0.994
1764.64,-0.091,0.04,0.008,0.994
1764.82,-0.091,0.04,0.008,0.994
1765.0,-0.091,0.04,0.008,0.994
1765.18,-0.091,0.04,0.008,0.995
1765.36,-0.09,0.04,0.008,0.995
1765.55,-0.09,0.04,0.008,0.995
1765.73,-0.09,0.04,0.008,0.995
1765.91,-0.09,0.04,0.008,0.995
1766.9,-0.09,0.04,0.008,0.995
1766.28,-0.09,0.04,0.008,0.995
1771.93,-0.09,0.04,0.008,0.995
1772.11,-0.09,0.04,0.008,0.995
1772.29,-0.09,0.04,0.008,0.995
1772.47,-0.09,0.04,0.008,0.995
1772.66,-0.09,0.04,0.008,0.994
1772.84,-0.09,0.04,0.008,0.994
1773.2,-0.09,0.04,0.008,0.994
1773.2,-0.09,0.04,0.008,0.994
1773.38,-0.091,0.04,0.008,0.994
1773.57,-0.091,0.04,0.008,0.994
1773.75,-0.09,0.04,0.008,0.994
1779.58,-0.09,0.04,0.008,0.995
1779.77,-0.09,0.04,0.008,0.995
1779.95,-0.09,0.04,0.008,0.995
1780.13,-0.09,0.04,0.008,0.995
1780.31,-0.09,0.04,0.008,0.995
1780.49,-0.09,0.04,0.008,0.995
1780.68,-0.09,0.04,0.008,0.995
1780.86,-0.09,0.04,0.008,0.995
1781.4,-0.09,0.04,0.008,0.995
1781.22,-0.09,0.04,0.008,0.995
1781.41,-0.09,0.04,0.008,0.995
1786.69,-0.09,0.04,0.009,0.995
1786.87,-0.09,0.04,0.01,0.995
1787.6,-0.09,0.04,0.01,0.995
1787.24,-0.09,0.04,0.01,0.995
1787.42,-0.09,0.04,0.009,0.995
1787.6,-0.09,0.04,0.01,0.995
1787.79,-0.09,0.04,0.01,0.995
1787.97,-0.09,0.04,0.01,0.995
1788.15,-0.09,0.04,0.01,0.995
1788.33,-0.09,0.04,0.01,0.995
1788.51,-0.09,0.04,0.01,0.994
1793.62,-0.091,0.04,0.01,0.994
1793.8,-0.091,0.04,0.01,0.994
1793.98,-0.091,0.04,0.01,0.994
1794.17,-0.091,0.04,0.01,0.994
1794.35,-0.091,0.04,0.01,0.994
1794.53,-0.091,0.04,0.01,0.994
1794.71,-0.091,0.04,0.01,0.994
1794.89,-0.091,0.04,0.01,0.994
1795.8,-0.09,0.04,0.01,0.994
1795.26,-0.09,0.04,0.01,0.994
1795.44,-0.09,0.04,0.01,0.994
1795.62,-0.09,0.04,0.01,0.994
1795.81,-0.09,0.04,0.01,0.994
1795.99,-0.09,0.04,0.01,0.994
1796.17,-0.09,0.04,0.01,0.995
1796.35,-0.09,0.04,0.01,0.995
1796.54,-0.09,0.04,0.01,0.995
1796.72,-0.09,0.04,0.01,0.995
1796.9,-0.09,0.04,0.01,0.995
1797.8,-0.09,0.04,0.01,0.995
1797.26,-0.09,0.04,0.01,0.995
1797.45,-0.09,0.04,0.01,0.995
1797.63,-0.09,0.04,0.01,0.995
1797.81,-0.09,0.04,0.01,0.995
1797.99,-0.09,0.04,0.01,0.994
1798.18,-0.091,0.04,0.01,0.994
1799.9,-0.09,0.04,0.01,0.994
1799.27,-0.09,0.04,0.01,0.994
1799.45,-0.09,0.04,0.01,0.994
1799.63,-0.091,0.04,0.01,0.994
1799.82,-0.091,0.04,0.01,0.994
1800.0,-0.091,0.04,0.01,0.994
1800.18,-0.09,0.04,0.01,0.994
1800.36,-0.09,0.04,0.01,0.994
1800.55,-0.09,0.04,0.01,0.994
1800.73,-0.09,0.04,0.01,0.995
1800.91,-0.09,0.04,0.01,0.995
1801.9,-0.09,0.04,0.01,0.995
1801.27,-0.09,0.04,0.01,0.995
1801.46,-0.09,0.04,0.01,0.995
1801.64,-0.09,0.04,0.01,0.994
1801.82,-0.09,0.04,0.01,0.995
1803.28,-0.09,0.04,0.01,0.995
1803.46,-0.09,0.04,0.01,0.995
1803.64,-0.09,0.04,0.01,0.994
1803.83,-0.09,0.04,0.01,0.994
1804.1,-0.09,0.04,0.01,0.995
1804.19,-0.09,0.04,0.01,0.995
1804.37,-0.09,0.04,0.01,0.995
1804.56,-0.09,0.04,0.01,0.995
1804.74,-0.09,0.04,0.01,0.995
1804.92,-0.09,0.04,0.01,0.994
1805.1,-0.09,0.04,0.01,0.995
1805.29,-0.09,0.04,0.01,0.994
1805.47,-0.09,0.04,0.01,0.994
1805.65,-0.09,0.04,0.01,0.994
1805.83,-0.09,0.04,0.01,0.995
1806.1,-0.09,0.04,0.01,0.995
1806.2,-0.091,0.04,0.01,0.994
1806.38,-0.091,0.04,0.01,0.994
1806.56,-0.091,0.04,0.01,0.994
1806.74,-0.091,0.04,0.01,0.994
1806.93,-0.091,0.04,0.01,0.994
1807.11,-0.09,0.04,0.01,0.994
1807.29,-0.09,0.04,0.01,0.994
1807.47,-0.09,0.04,0.01,0.994
1807.65,-0.09,0.04,0.01,0.994
1807.84,-0.09,0.04,0.01,0.995
1808.93,-0.09,0.04,0.01,0.994
1809.11,-0.091,0.04,0.01,0.994
1809.3,-0.091,0.04,0.01,0.994
1809.48,-0.091,0.04,0.01,0.994
1809.66,-0.091,0.04,0.01,0.994
1809.84,-0.091,0.04,0.01,0.994
1810.2,-0.091,0.04,0.01,0.994
1810.21,-0.091,0.04,0.01,0.994
1810.39,-0.09,0.04,0.01,0.994
1810.57,-0.09,0.04,0.01,0.994
1810.75,-0.09,0.04,0.01,0.995
1810.94,-0.09,0.04,0.01,0.995
1811.12,-0.09,0.04,0.01,0.994
1811.3,-0.09,0.04,0.01,0.995
1811.48,-0.09,0.04,0.01,0.994
1811.67,-0.09,0.04,0.01,0.995
1811.85,-0.09,0.04,0.01,0.994
1812.3,-0.09,0.04,0.01,0.994
1812.21,-0.09,0.04,0.01,0.995
1812.39,-0.09,0.04,0.01,0.995
1812.58,-0.09,0.04,0.01,0.995
1812.76,-0.09,0.04,0.01,0.995
1812.94,-0.09,0.04,0.01,0.994
1813.12,-0.09,0.04,0.01,0.994
1813.31,-0.09,0.04,0.01,0.995
1813.49,-0.09,0.04,0.01,0.995
1813.67,-0.09,0.04,0.01,0.995
1813.85,-0.09,0.04,0.01,0.995
1814.3,-0.09,0.04,0.01,0.995
1814.22,-0.09,0.04,0.01,0.994
1814.4,-0.09,0.04,0.01,0.994
1814.58,-0.09,0.04,0.01,0.995
1814.76,-0.09,0.04,0.01,0.995
1814.95,-0.09,0.04,0.01,0.995
1815.13,-0.09,0.04,0.01,0.995
1815.31,-0.09,0.04,0.01,0.994
1815.49,-0.09,0.04,0.01,0.994
1815.68,-0.09,0.04,0.01,0.995
1815.86,-0.09,0.04,0.01,0.994
1816.4,-0.09,0.04,0.01,0.994
1816.22,-0.09,0.04,0.01,0.994
1816.4,-0.09,0.04,0.01,0.994
1816.59,-0.09,0.04,0.01,0.994
1816.77,-0.09,0.04,0.01,0.995
1816.95,-0.09,0.04,0.01,0.994
1817.13,-0.09,0.04,0.01,0.994
1817.32,-0.09,0.04,0.01,0.995
1817.5,-0.09,0.04,0.01,0.995
1817.68,-0.09,0.04,0.01,0.995
1817.86,-0.09,0.04,0.01,0.995
1818.4,-0.09,0.04,0.01,0.994
1818.23,-0.09,0.04,0.01,0.994
1818.41,-0.09,0.04,0.01,0.994
1819.32,-0.09,0.04,0.01,0.994
1819.5,-0.09,0.04,0.01,0.994
1819.69,-0.09,0.04,0.01,0.994
1819.87,-0.09,0.04,0.01,0.994
1820.5,-0.09,0.04,0.01,0.994
1820.23,-0.09,0.04,0.01,0.994
1820.41,-0.09,0.04,0.01,0.994
1820.6,-0.09,0.04,0.01,0.994
1820.78,-0.09,0.04,0.01,0.994
1820.96,-0.09,0.04,0.01,0.994
1821.14,-0.09,0.04,0.01,0.994
1821.33,-0.09,0.04,0.01,0.994
1821.51,-0.09,0.04,0.01,0.994
1821.69,-0.09,0.04,0.01,0.994
1821.87,-0.09,0.04,0.01,0.994
1822.5,-0.091,0.04,0.01,0.994
1822.24,-0.09,0.04,0.01,0.994
1822.42,-0.09,0.04,0.01,0.994
1822.6,-0.09,0.04,0.01,0.994
1822.78,-0.09,0.04,0.01,0.994
1822.97,-0.09,0.04,0.01,0.994
1823.15,-0.09,0.04,0.01,0.994
1823.33,-0.09,0.04,0.01,0.994
1824.97,-0.09,0.04,0.01,0.994
1825.15,-0.09,0.04,0.01,0.994
1825.34,-0.091,0.04,0.01,0.994
1825.52,-0.09,0.04,0.01,0.994
1825.7,-0.091,0.04,0.01,0.994
1825.88,-0.091,0.04,0.01,0.994
1826.6,-0.091,0.04,0.01,0.994
1826.25,-0.091,0.04,0.01,0.994
1826.43,-0.091,0.04,0.01,0.994
1826.61,-0.091,0.04,0.01,0.994
1826.79,-0.091,0.04,0.01,0.994
1826.98,-0.091,0.04,0.01,0.994
1827.16,-0.091,0.04,0.01,0.994
1827.34,-0.091,0.04,0.01,0.994
1827.52,-0.091,0.04,0.01,0.994
1828.62,-0.09,0.04,0.01,0.995
1828.8,-0.09,0.04,0.01,0.995
1828.98,-0.09,0.04,0.01,0.995
1829.16,-0.09,0.04,0.01,0.994
1829.35,-0.09,0.04,0.01,0.995
1829.53,-0.09,0.04,0.01,0.995
1829.71,-0.09,0.04,0.01,0.995
1829.89,-0.09,0.04,0.01,0.995
1830.7,-0.09,0.04,0.01,0.995
1830.26,-0.09,0.04,0.01,0.995
1830.44,-0.09,0.04,0.01,0.995
1830.62,-0.09,0.04,0.01,0.995
1830.8,-0.09,0.04,0.01,0.994
1830.99,-0.09,0.04,0.01,0.994
1831.17,-0.09,0.04,0.01,0.994
1831.35,-0.09,0.04,0.01,0.994
1831.53,-0.09,0.04,0.01,0.994
1831.72,-0.09,0.04,0.01,0.994
1831.9,-0.09,0.04,0.01,0.994
1832.8,-0.09,0.04,0.01,0.995
1832.26,-0.09,0.04,0.01,0.994
1832.44,-0.09,0.04,0.01,0.995
1832.63,-0.09,0.04,0.01,0.995
1832.81,-0.09,0.04,0.01,0.994
1832.99,-0.09,0.04,0.01,0.995
1833.17,-0.09,0.04,0.01,0.994
1833.36,-0.09,0.04,0.01,0.995
1833.54,-0.09,0.04,0.01,0.995
1833.72,-0.09,0.04,0.01,0.995
1833.9,-0.09,0.04,0.01,0.995
1834.8,-0.09,0.04,0.01,0.995
1834.27,-0.09,0.04,0.01,0.995
1834.45,-0.09,0.04,0.01,0.995
1834.63,-0.09,0.04,0.01,0.995
1834.81,-0.09,0.04,0.01,0.995
1835.0,-0.09,0.04,0.01,0.995
1835.18,-0.09,0.04,0.01,0.995
1835.36,-0.09,0.04,0.01,0.994
1835.54,-0.09,0.04,0.01,0.994
1835.73,-0.09,0.04,0.01,0.994
1835.91,-0.09,0.04,0.01,0.994
1836.9,-0.09,0.04,0.01,0.994
1836.27,-0.09,0.04,0.01,0.994
1836.45,-0.09,0.04,0.01,0.995
1836.64,-0.09,0.04,0.01,0.994
1836.82,-0.09,0.04,0.01,0.994
1837.0,-0.09,0.04,0.01,0.995
1837.18,-0.09,0.04,0.01,0.994
1837.37,-0.09,0.04,0.01,0.995
1837.55,-0.09,0.04,0.01,0.994
1837.73,-0.09,0.04,0.01,0.995
1837.91,-0.09,0.04,0.01,0.995
1838.9,-0.09,0.04,0.01,0.995
1838.28,-0.09,0.04,0.01,0.995
1838.46,-0.09,0.04,0.01,0.995
1838.64,-0.09,0.04,0.01,0.995
1838.82,-0.09,0.04,0.01,0.995
1839.1,-0.09,0.04,0.01,0.995
1839.19,-0.09,0.04,0.01,0.995
1839.37,-0.09,0.04,0.01,0.994
1839.55,-0.09,0.04,0.01,0.994
1839.73,-0.09,0.04,0.01,0.994
1839.92,-0.09,0.04,0.01,0.994
1840.1,-0.09,0.04,0.01,0.995
1840.28,-0.09,0.04,0.01,0.994
1840.46,-0.091,0.04,0.01,0.994
1840.65,-0.09,0.04,0.01,0.994
1840.83,-0.091,0.04,0.01,0.994
1841.1,-0.09,0.04,0.01,0.994
1841.19,-0.091,0.04,0.01,0.994
1841.38,-0.09,0.04,0.01,0.994
1841.56,-0.091,0.04,0.01,0.994
1841.74,-0.091,0.04,0.01,0.994
1841.92,-0.091,0.04,0.01,0.994
1842.1,-0.091,0.04,0.01,0.994
1842.29,-0.091,0.04,0.01,0.994
1842.47,-0.091,0.04,0.01,0.994
1842.65,-0.091,0.04,0.01,0.994
1842.83,-0.091,0.04,0.01,0.994
1843.74,-0.091,0.04,0.01,0.994
1843.93,-0.091,0.039,0.01,0.994
1844.11,-0.091,0.04,0.01,0.994
1844.29,-0.091,0.039,0.01,0.994
1844.47,-0.091,0.04,0.01,0.994
1844.66,-0.091,0.039,0.01,0.994
1844.84,-0.09,0.04,0.01,0.994
1845.2,-0.09,0.04,0.01,0.994
1845.2,-0.09,0.04,0.01,0.995
1845.38,-0.09,0.04,0.01,0.995
1845.57,-0.09,0.04,0.01,0.995
1845.75,-0.09,0.04,0.01,0.994
1845.93,-0.09,0.04,0.01,0.995
1846.11,-0.09,0.04,0.01,0.994
1846.3,-0.09,0.04,0.01,0.995
1846.48,-0.09,0.04,0.01,0.994
1846.66,-0.09,0.04,0.01,0.994
1846.84,-0.09,0.04,0.01,0.994
1847.3,-0.091,0.04,0.01,0.994
1850.12,-0.091,0.04,0.01,0.994
1850.31,-0.091,0.04,0.01,0.994
1850.49,-0.091,0.04,0.01,0.994
1850.67,-0.091,0.04,0.01,0.994
1850.85,-0.091,0.04,0.01,0.994
1851.4,-0.091,0.04,0.01,0.994
1851.22,-0.091,0.04,0.01,0.994
1851.4,-0.091,0.04,0.01,0.994
1851.58,-0.091,0.04,0.01,0.994
1851.76,-0.091,0.04,0.01,0.994
1851.95,-0.091,0.04,0.01,0.994
1852.13,-0.091,0.04,0.01,0.994
1852.31,-0.091,0.04,0.01,0.994
1852.49,-0.091,0.04,0.01,0.994
1852.68,-0.091,0.04,0.01,0.994
1852.86,-0.091,0.04,0.01,0.994
1853.4,-0.091,0.04,0.01,0.994
1853.22,-0.091,0.04,0.01,0.994
1853.4,-0.091,0.04,0.01,0.994
1853.59,-0.091,0.04,0.01,0.994
1853.77,-0.091,0.04,0.01,0.994
1853.95,-0.091,0.04,0.01,0.994
1854.13,-0.091,0.04,0.01,0.994
1854.32,-0.091,0.04,0.01,0.994
1854.5,-0.091,0.04,0.01,0.994
1854.68,-0.091,0.04,0.01,0.994
1854.86,-0.091,0.04,0.01,0.994
1855.4,-0.091,0.04,0.01,0.994
1855.23,-0.091,0.04,0.01,0.994
1855.41,-0.09,0.039,0.01,0.994
1855.59,-0.09,0.04,0.01,0.994
1855.77,-0.09,0.04,0.01,0.994
1855.96,-0.09,0.04,0.01,0.994
1856.14,-0.09,0.04,0.01,0.994
1856.32,-0.09,0.04,0.01,0.994
1856.5,-0.09,0.04,0.01,0.994
1856.68,-0.091,0.04,0.01,0.994
1857.78,-0.091,0.04,0.01,0.994
1857.96,-0.091,0.04,0.01,0.994
1858.14,-0.091,0.04,0.01,0.994
1858.33,-0.091,0.04,0.01,0.994
1858.51,-0.091,0.04,0.01,0.994
1858.69,-0.091,0.04,0.01,0.994
1858.87,-0.091,0.04,0.01,0.994
1859.5,-0.091,0.04,0.01,0.994
1859.24,-0.091,0.039,0.01,0.994
1859.42,-0.091,0.04,0.01,0.994
1864.89,-0.091,0.04,0.01,0.994
1865.7,-0.091,0.04,0.01,0.994
1865.25,-0.091,0.04,0.01,0.994
1865.43,-0.091,0.04,0.01,0.994
1865.62,-0.091,0.04,0.01,0.994
1865.8,-0.091,0.04,0.01,0.994
1865.98,-0.091,0.04,0.01,0.994
1866.16,-0.091,0.04,0.01,0.994
1866.35,-0.091,0.04,0.01,0.994
1866.53,-0.091,0.04,0.01,0.994
1866.71,-0.091,0.04,0.01,0.994
1866.89,-0.091,0.04,0.01,0.994
1867.7,-0.091,0.04,0.01,0.994
1867.26,-0.091,0.04,0.01,0.994
1867.44,-0.091,0.04,0.01,0.994
1867.62,-0.09,0.04,0.01,0.994
1867.8,-0.09,0.04,0.01,0.994
1867.99,-0.09,0.04,0.011,0.994
1868.9,-0.09,0.04,0.01,0.995
1869.8,-0.09,0.04,0.01,0.995
1869.26,-0.09,0.04,0.01,0.995
1869.44,-0.09,0.04,0.01,0.995
1869.63,-0.09,0.04,0.01,0.994
1869.81,-0.09,0.04,0.011,0.994
1869.99,-0.09,0.04,0.01,0.994
1870.17,-0.09,0.04,0.011,0.994
1870.35,-0.09,0.04,0.01,0.994
1870.54,-0.09,0.04,0.011,0.994
1870.72,-0.09,0.04,0.011,0.994
1870.9,-0.09,0.04,0.011,0.994
1871.8,-0.09,0.04,0.011,0.994
1871.27,-0.09,0.04,0.011,0.994
1871.45,-0.09,0.04,0.01,0.994
1871.63,-0.09,0.04,0.011,0.994
1871.81,-0.09,0.04,0.011,0.994
1872.0,-0.09,0.04,0.011,0.994
1872.18,-0.09,0.04,0.011,0.994
1872.36,-0.09,0.04,0.011,0.994
1872.54,-0.09,0.04,0.011,0.994
1872.72,-0.09,0.04,0.01,0.994
1872.91,-0.091,0.04,0.01,0.994
1873.9,-0.091,0.04,0.01,0.994
1873.27,-0.091,0.04,0.01,0.994
1873.45,-0.091,0.04,0.01,0.994
1873.64,-0.091,0.04,0.01,0.994
1873.82,-0.091,0.04,0.01,0.994
1874.0,-0.091,0.04,0.01,0.994
1874.18,-0.091,0.04,0.01,0.994
1874.36,-0.09,0.04,0.01,0.994
1874.55,-0.09,0.04,0.011,0.994
1874.73,-0.09,0.04,0.011,0.994
1876.19,-0.09,0.04,0.011,0.994
1876.37,-0.09,0.04,0.011,0.994
1876.55,-0.09,0.04,0.01,0.994
1876.73,-0.09,0.04,0.01,0.994
1876.92,-0.09,0.04,0.01,0.994
1877.1,-0.09,0.04,0.01,0.994
1877.28,-0.09,0.04,0.01,0.994
1877.46,-0.09,0.04,0.01,0.994
1877.65,-0.09,0.04,0.01,0.994
1877.83,-0.09,0.04,0.01,0.994
1878.1,-0.09,0.04,0.01,0.994
1878.19,-0.09,0.04,0.01,0.994
1878.38,-0.09,0.04,0.01,0.994
1878.56,-0.09,0.04,0.01,0.994
1878.74,-0.09,0.04,0.01,0.994
1878.92,-0.09,0.04,0.011,0.994
1879.1,-0.09,0.04,0.011,0.994
1879.29,-0.09,0.04,0.01,0.994
1879.47,-0.09,0.04,0.011,0.994
1879.65,-0.09,0.04,0.011,0.994
1879.83,-0.09,0.04,0.011,0.994
1880.2,-0.091,0.04,0.011,0.994
1880.2,-0.091,0.04,0.011,0.994
1880.38,-0.09,0.04,0.011,0.994
1880.56,-0.091,0.04,0.011,0.994
1880.74,-0.091,0.04,0.011,0.994
1880.93,-0.091,0.04,0.011,0.994
1881.11,-0.091,0.04,0.011,0.994
1881.29,-0.091,0.04,0.011,0.994
1881.47,-0.091,0.04,0.011,0.994
1881.66,-0.091,0.04,0.011,0.994
1881.84,-0.09,0.04,0.011,0.994
1882.2,-0.09,0.04,0.011,0.994
1882.2,-0.09,0.04,0.011,0.994
1882.39,-0.09,0.04,0.011,0.994
1882.57,-0.09,0.04,0.011,0.994
1882.75,-0.09,0.04,0.011,0.994
1882.93,-0.09,0.04,0.011,0.994
1883.11,-0.09,0.04,0.011,0.994
1883.3,-0.09,0.04,0.011,0.994
1883.48,-0.09,0.04,0.011,0.994
1883.66,-0.09,0.04,0.011,0.994
1883.84,-0.09,0.04,0.011,0.994
1884.3,-0.09,0.04,0.011,0.994
1884.21,-0.09,0.04,0.011,0.994
1884.39,-0.09,0.04,0.011,0.994
1884.57,-0.09,0.04,0.011,0.994
1884.75,-0.09,0.04,0.011,0.994
1884.94,-0.09,0.04,0.011,0.994
1885.12,-0.09,0.04,0.011,0.994
1885.3,-0.09,0.04,0.011,0.994
1885.48,-0.091,0.04,0.011,0.994
1885.67,-0.091,0.04,0.011,0.994
1885.85,-0.091,0.04,0.011,0.994
1886.3,-0.091,0.04,0.01,0.994
1886.21,-0.091,0.04,0.01,0.994
1886.4,-0.091,0.04,0.01,0.994
1886.58,-0.091,0.04,0.01,0.994
1886.76,-0.091,0.04,0.01,0.994
1886.94,-0.091,0.04,0.01,0.994
1887.12,-0.091,0.04,0.01,0.994
1887.31,-0.091,0.04,0.01,0.994
1887.49,-0.091,0.04,0.01,0.994
1892.59,-0.091,0.04,0.011,0.994
1892.77,-0.09,0.04,0.011,0.994
1892.96,-0.091,0.04,0.01,0.994
1893.14,-0.091,0.04,0.011,0.994
1893.32,-0.091,0.04,0.011,0.994
1893.5,-0.091,0.04,0.011,0.994
1893.69,-0.091,0.04,0.01,0.994
1893.87,-0.091,0.04,0.011,0.994
1894.5,-0.091,0.04,0.011,0.994
1894.23,-0.091,0.04,0.011,0.994
1894.41,-0.091,0.04,0.011,0.994
1899.7,-0.091,0.04,0.011,0.994
1899.88,-0.091,0.04,0.011,0.994
1900.7,-0.091,0.04,0.011,0.994
1900.25,-0.091,0.04,0.011,0.994
1900.43,-0.091,0.04,0.011,0.994
1900.61,-0.091,0.04,0.011,0.994
1900.79,-0.09,0.04,0.011,0.994
1900.98,-0.09,0.04,0.011,0.994
1901.16,-0.09,0.04,0.011,0.994
1901.34,-0.09,0.039,0.011,0.995
1901.52,-0.09,0.04,0.011,0.994
1901.71,-0.09,0.04,0.011,0.994
1901.89,-0.09,0.04,0.011,0.994
1902.7,-0.09,0.04,0.011,0.995
1902.25,-0.09,0.04,0.011,0.994
1902.44,-0.09,0.04,0.011,0.994
1902.62,-0.09,0.04,0.011,0.994
1902.8,-0.09,0.04,0.011,0.994
1902.98,-0.09,0.04,0.011,0.994
1903.16,-0.09,0.04,0.011,0.994
1903.35,-0.09,0.04,0.011,0.994
1903.53,-0.09,0.04,0.011,0.994
1903.71,-0.09,0.04,0.011,0.994
1903.89,-0.09,0.04,0.011,0.994
1904.8,-0.091,0.04,0.011,0.994
1904.26,-0.09,0.04,0.011,0.994
1904.44,-0.09,0.04,0.011,0.994
1904.62,-0.09,0.04,0.011,0.994
1904.8,-0.09,0.04,0.011,0.994
1904.99,-0.09,0.04,0.011,0.994
1905.17,-0.09,0.04,0.011,0.994
1905.35,-0.09,0.04,0.011,0.994
1905.53,-0.09,0.04,0.011,0.994
1905.72,-0.09,0.04,0.011,0.994
1905.9,-0.09,0.04,0.011,0.994
1906.8,-0.09,0.04,0.011,0.994
1906.26,-0.091,0.04,0.011,0.994
1906.45,-0.09,0.04,0.011,0.994
1906.63,-0.091,0.04,0.011,0.994
1906.81,-0.09,0.04,0.011,0.994
1906.99,-0.09,0.04,0.011,0.994
1907.17,-0.09,0.04,0.011,0.994
1907.36,-0.091,0.04,0.011,0.994
1909.0,-0.09,0.04,0.011,0.994
1909.18,-0.09,0.04,0.011,0.994
1909.36,-0.09,0.04,0.011,0.994
1909.54,-0.09,0.04,0.011,0.994
1909.73,-0.09,0.04,0.011,0.994
1909.91,-0.09,0.04,0.011,0.994
1910.9,-0.09,0.04,0.011,0.994
1910.27,-0.09,0.04,0.011,0.994
1910.46,-0.09,0.04,0.011,0.994
1910.64,-0.09,0.04,0.011,0.994
1910.82,-0.09,0.04,0.011,0.994
1911.0,-0.09,0.04,0.011,0.994
1911.18,-0.09,0.04,0.011,0.994
1911.37,-0.09,0.04,0.011,0.994
1911.55,-0.09,0.04,0.011,0.994
1911.73,-0.09,0.04,0.011,0.994
1911.91,-0.09,0.04,0.011,0.994
1912.1,-0.09,0.04,0.011,0.994
1912.28,-0.09,0.04,0.011,0.994
1912.46,-0.09,0.04,0.011,0.994
1912.64,-0.09,0.04,0.011,0.994
1912.82,-0.09,0.04,0.011,0.994
1914.28,-0.09,0.039,0.011,0.994
1914.47,-0.09,0.04,0.011,0.994
1914.65,-0.09,0.039,0.011,0.994
1914.83,-0.09,0.04,0.011,0.994
1915.1,-0.09,0.04,0.011,0.994
1915.19,-0.09,0.04,0.011,0.994
1915.38,-0.09,0.04,0.011,0.994
1915.56,-0.09,0.04,0.011,0.994
1915.74,-0.09,0.04,0.011,0.994
1915.92,-0.09,0.04,0.011,0.994
1916.11,-0.09,0.04,0.011,0.994
1916.29,-0.09,0.04,0.011,0.994
1916.47,-0.09,0.04,0.011,0.994
1916.65,-0.09,0.04,0.011,0.994
1916.83,-0.09,0.04,0.011,0.994
1917.2,-0.09,0.039,0.011,0.994
1917.2,-0.09,0.04,0.011,0.994
1917.38,-0.09,0.039,0.011,0.994
1917.56,-0.09,0.04,0.011,0.994
1917.75,-0.09,0.04,0.011,0.994
1917.93,-0.09,0.04,0.011,0.994
1918.11,-0.09,0.04,0.011,0.994
1918.29,-0.09,0.04,0.011,0.994
1918.47,-0.09,0.04,0.011,0.994
1918.66,-0.09,0.04,0.011,0.994
1918.84,-0.09,0.04,0.011,0.994
1923.21,-0.091,0.04,0.011,0.994
1923.4,-0.09,0.04,0.011,0.994
1923.58,-0.09,0.04,0.011,0.994
1923.76,-0.09,0.04,0.011,0.994
1923.94,-0.09,0.04,0.011,0.994
1924.12,-0.09,0.04,0.011,0.994
1924.31,-0.09,0.04,0.011,0.994
1924.49,-0.09,0.04,0.011,0.994
1924.67,-0.09,0.039,0.011,0.994
1924.85,-0.09,0.04,0.011,0.994
1925.4,-0.09,0.04,0.011,0.994
1925.22,-0.09,0.04,0.011,0.994
1925.4,-0.09,0.04,0.011,0.994
1925.58,-0.09,0.04,0.011,0.994
1925.77,-0.091,0.04,0.011,0.994
1925.95,-0.091,0.04,0.011,0.994
1926.13,-0.091,0.04,0.011,0.994
1926.31,-0.091,0.04,0.011,0.994
1926.49,-0.091,0.04,0.011,0.994
1926.68,-0.091,0.04,0.011,0.994
1926.86,-0.09,0.039,0.011,0.994
1927.4,-0.091,0.04,0.011,0.994
1927.22,-0.09,0.04,0.011,0.994
1927.41,-0.09,0.04,0.011,0.994
1927.59,-0.09,0.04,0.011,0.994
1927.77,-0.09,0.04,0.011,0.994
1927.95,-0.09,0.04,0.011,0.994
1928.13,-0.09,0.04,0.011,0.994
1928.32,-0.09,0.04,0.011,0.994
1928.5,-0.091,0.04,0.011,0.994
1928.68,-0.091,0.04,0.011,0.994
1928.86,-0.091,0.04,0.011,0.994
1929.5,-0.09,0.04,0.011,0.994
1929.23,-0.09,0.04,0.011,0.994
1929.41,-0.09,0.04,0.011,0.994
1929.59,-0.09,0.04,0.011,0.994
1929.77,-0.09,0.04,0.011,0.994
1929.96,-0.09,0.04,0.011,0.994
1930.14,-0.09,0.04,0.011,0.994
1930.32,-0.09,0.04,0.011,0.994
1930.5,-0.09,0.04,0.011,0.994
1930.69,-0.09,0.04,0.011,0.994
1930.87,-0.09,0.04,0.011,0.994
1931.5,-0.09,0.04,0.011,0.994
1931.23,-0.09,0.04,0.011,0.994
1931.41,-0.09,0.04,0.011,0.994
1931.6,-0.09,0.04,0.011,0.994
1931.78,-0.09,0.04,0.011,0.994
1931.96,-0.09,0.039,0.011,0.994
1932.14,-0.09,0.04,0.011,0.994
1932.33,-0.09,0.04,0.011,0.994
1932.51,-0.09,0.039,0.011,0.994
1932.69,-0.09,0.04,0.011,0.994
1932.87,-0.091,0.04,0.011,0.994
1933.5,-0.091,0.04,0.011,0.994
1933.24,-0.09,0.04,0.011,0.994
1933.42,-0.09,0.04,0.011,0.994
1933.6,-0.09,0.04,0.011,0.994
1933.78,-0.091,0.04,0.011,0.994
1933.97,-0.09,0.04,0.011,0.994
1934.15,-0.09,0.04,0.011,0.994
1934.33,-0.09,0.04,0.011,0.994
1934.88,-0.09,0.04,0.011,0.994
1935.6,-0.09,0.04,0.011,0.994
1935.24,-0.09,0.04,0.011,0.995
1935.42,-0.09,0.04,0.011,0.994
1935.61,-0.09,0.04,0.011,0.995
1935.79,-0.09,0.04,0.011,0.994
1935.97,-0.09,0.04,0.011,0.994
1936.15,-0.09,0.04,0.011,0.994
1936.34,-0.09,0.04,0.011,0.994
1936.52,-0.09,0.04,0.011,0.994
1936.7,-0.09,0.04,0.011,0.994
1936.88,-0.09,0.04,0.011,0.994
1937.6,-0.091,0.039,0.011,0.994
1937.25,-0.091,0.04,0.011,0.994
1937.43,-0.091,0.04,0.011,0.994
1937.61,-0.091,0.04,0.011,0.994
1937.79,-0.091,0.039,0.011,0.994
1937.98,-0.091,0.04,0.011,0.994
1938.16,-0.091,0.04,0.011,0.994
1938.34,-0.091,0.039,0.011,0.994
1938.52,-0.091,0.039,0.011,0.994
1938.7,-0.091,0.039,0.011,0.994
1938.89,-0.09,0.039,0.011,0.994
1939.7,-0.09,0.039,0.011,0.994
1939.25,-0.09,0.04,0.011,0.994
1939.43,-0.09,0.04,0.011,0.994
1939.62,-0.09,0.04,0.011,0.994
1939.8,-0.09,0.04,0.011,0.994
1939.98,-0.09,0.039,0.011,0.994
1940.16,-0.09,0.04,0.011,0.995
1940.34,-0.09,0.04,0.011,0.995
1940.53,-0.09,0.039,0.011,0.995
1940.71,-0.09,0.039,0.011,0.995
1940.89,-0.09,0.04,0.011,0.994
1941.7,-0.09,0.039,0.011,0.994
1941.26,-0.09,0.04,0.011,0.994
1941.44,-0.09,0.039,0.011,0.994
1941.62,-0.09,0.039,0.011,0.994
1942.71,-0.091,0.039,0.011,0.994
1942.9,-0.091,0.04,0.011,0.994
1943.8,-0.091,0.039,0.011,0.994
1943.26,-0.09,0.04,0.011,0.994
1943.44,-0.091,0.039,0.011,0.994
1943.63,-0.09,0.04,0.011,0.994
1943.81,-0.09,0.039,0.011,0.994
1943.99,-0.09,0.04,0.011,0.994
1944.17,-0.091,0.039,0.011,0.994
1944.35,-0.091,0.039,0.011,0.994
1944.54,-0.091,0.04,0.011,0.994
1944.72,-0.091,0.039,0.011,0.994
1944.9,-0.091,0.039,0.011,0.994
1945.8,-0.091,0.039,0.011,0.994
1945.27,-0.09,0.039,0.011,0.994
1945.45,-0.09,0.039,0.011,0.994
1945.63,-0.09,0.039,0.011,0.994
1945.81,-0.09,0.039,0.011,0.994
1945.99,-0.09,0.04,0.011,0.994
1946.18,-0.09,0.04,0.011,0.994
1946.36,-0.09,0.039,0.011,0.994
1946.54,-0.09,0.039,0.011,0.994
1946.72,-0.09,0.04,0.011,0.994
1946.91,-0.09,0.039,0.011,0.994
1947.9,-0.09,0.039,0.011,0.994
1947.27,-0.09,0.04,0.011,0.994
1947.45,-0.09,0.039,0.011,0.994
1947.63,-0.09,0.04,0.011,0.994
1949.82,-0.091,0.04,0.011,0.994
1950.0,-0.091,0.04,0.011,0.994
1950.19,-0.091,0.04,0.011,0.994
1950.37,-0.091,0.04,0.011,0.994
1950.55,-0.091,0.04,0.011,0.994
1950.73,-0.091,0.04,0.011,0.994
1950.91,-0.091,0.04,0.011,0.994
1951.1,-0.091,0.04,0.011,0.994
1951.28,-0.091,0.039,0.011,0.994
1951.46,-0.091,0.04,0.011,0.994
1951.64,-0.091,0.039,0.011,0.994
1951.83,-0.091,0.04,0.011,0.994
1952.1,-0.091,0.04,0.011,0.994
1952.19,-0.091,0.039,0.011,0.994
1952.37,-0.091,0.04,0.011,0.994
1952.55,-0.091,0.039,0.011,0.994
1952.74,-0.091,0.039,0.011,0.994
1952.92,-0.091,0.039,0.011,0.994
1953.1,-0.091,0.039,0.011,0.994
1953.28,-0.091,0.039,0.011,0.994
1953.47,-0.091,0.04,0.011,0.994
1953.65,-0.091,0.04,0.011,0.994
1953.83,-0.091,0.039,0.011,0.994
1954.1,-0.091,0.04,0.011,0.994
1954.19,-0.091,0.04,0.011,0.994
1954.38,-0.091,0.04,0.011,0.994
1954.56,-0.091,0.039,0.011,0.994
1954.74,-0.091,0.039,0.011,0.994
1954.92,-0.091,0.04,0.011,0.994
1955.11,-0.091,0.04,0.011,0.994
1955.29,-0.091,0.04,0.011,0.994
1955.47,-0.091,0.04,0.011,0.994
1955.65,-0.091,0.039,0.011,0.994
1955.83,-0.09,0.04,0.011,0.994
1956.2,-0.09,0.039,0.011,0.994
1956.2,-0.09,0.04,0.011,0.994
1956.38,-0.09,0.04,0.011,0.994
1956.56,-0.09,0.04,0.011,0.994
1956.75,-0.09,0.04,0.011,0.994
1956.93,-0.09,0.04,0.011,0.994
1957.11,-0.09,0.039,0.011,0.994
1957.29,-0.09,0.04,0.011,0.994
1957.47,-0.09,0.04,0.011,0.994
1957.66,-0.09,0.04,0.011,0.994
1957.84,-0.09,0.04,0.011,0.994
1958.2,-0.09,0.04,0.011,0.994
1958.2,-0.09,0.04,0.011,0.994
1958.39,-0.091,0.04,0.011,0.994
1958.57,-0.091,0.04,0.011,0.994
1958.75,-0.091,0.04,0.011,0.994
1958.93,-0.091,0.04,0.011,0.994
1959.11,-0.09,0.04,0.011,0.994
1959.3,-0.091,0.04,0.011,0.994
1959.48,-0.09,0.04,0.011,0.994
1959.66,-0.09,0.039,0.011,0.994
1959.84,-0.09,0.04,0.011,0.994
1960.3,-0.09,0.039,0.011,0.994
1960.21,-0.09,0.04,0.011,0.994
1960.39,-0.09,0.04,0.011,0.994
1960.57,-0.09,0.04,0.011,0.994
1963.67,-0.09,0.039,0.011,0.994
1963.85,-0.09,0.039,0.011,0.994
1964.3,-0.091,0.039,0.011,0.994
1964.22,-0.091,0.039,0.011,0.994
1964.4,-0.09,0.039,0.011,0.994
1964.58,-0.09,0.039,0.011,0.994
1964.76,-0.09,0.039,0.011,0.994
1964.95,-0.09,0.04,0.011,0.994
1965.13,-0.09,0.039,0.011,0.994
1965.31,-0.09,0.039,0.011,0.994
1965.49,-0.09,0.039,0.011,0.994
1970.96,-0.09,0.04,0.011,0.994
1971.14,-0.09,0.04,0.011,0.994
1971.32,-0.09,0.04,0.011,0.994
1971.51,-0.09,0.04,0.011,0.994
1971.69,-0.091,0.04,0.011,0.994
1971.87,-0.09,0.04,0.011,0.994
1972.5,-0.091,0.04,0.011,0.994
1972.24,-0.091,0.04,0.011,0.994
1972.42,-0.091,0.039,0.011,0.994
1972.6,-0.091,0.039,0.011,0.994
1972.78,-0.09,0.04,0.011,0.994
1972.97,-0.091,0.039,0.011,0.994
1973.15,-0.091,0.04,0.011,0.994
1973.33,-0.091,0.04,0.011,0.994
1973.88,-0.091,0.039,0.011,0.994
1974.6,-0.09,0.04,0.012,0.994
1974.24,-0.091,0.04,0.012,0.994
1974.42,-0.091,0.04,0.012,0.994
1974.61,-0.091,0.039,0.012,0.994
1974.79,-0.091,0.039,0.012,0.994
1974.97,-0.09,0.04,0.012,0.994
1975.15,-0.09,0.039,0.012,0.994
1975.33,-0.091,0.04,0.012,0.994
1975.52,-0.091,0.039,0.012,0.994
1975.7,-0.091,0.04,0.012,0.994
1975.88,-0.091,0.04,0.012,0.994
1981.35,-0.091,0.04,0.012,0.994
1981.53,-0.091,0.039,0.012,0.994
1981.71,-0.091,0.04,0.012,0.994
1981.9,-0.091,0.039,0.012,0.994
1982.8,-0.091,0.04,0.012,0.994
1982.26,-0.091,0.04,0.012,0.994
1982.44,-0.091,0.04,0.012,0.994
1982.62,-0.091,0.039,0.012,0.994
1982.81,-0.091,0.04,0.012,0.994
1982.99,-0.091,0.04,0.012,0.994
1988.28,-0.09,0.04,0.012,0.994
1988.46,-0.09,0.039,0.012,0.994
1988.64,-0.091,0.04,0.012,0.994
1988.82,-0.09,0.039,0.012,0.994
1989.0,-0.091,0.039,0.012,0.994
1989.19,-0.091,0.039,0.012,0.994
1989.37,-0.091,0.039,0.012,0.994
1989.55,-0.091,0.04,0.012,0.994
1989.73,-0.091,0.039,0.012,0.994
1989.92,-0.091,0.04,0.012,0.994
1990.1,-0.091,0.039,0.012,0.994
1990.28,-0.091,0.04,0.012,0.994
1990.46,-0.091,0.04,0.012,0.994
1990.64,-0.09,0.04,0.012,0.994
1990.83,-0.091,0.04,0.012,0.994
1991.1,-0.091,0.039,0.012,0.994
1991.19,-0.091,0.04,0.012,0.994
1991.37,-0.091,0.04,0.012,0.994
1991.56,-0.091,0.039,0.012,0.994
1991.74,-0.091,0.039,0.012,0.994
1991.92,-0.091,0.039,0.012,0.994
1992.1,-0.091,0.039,0.012,0.994
1992.28,-0.091,0.04,0.012,0.994
1992.47,-0.091,0.039,0.012,0.994
1992.65,-0.091,0.04,0.012,0.994
1992.83,-0.091,0.04,0.012,0.994
1993.1,-0.091,0.04,0.012,0.994
1993.2,-0.091,0.039,0.012,0.994
1993.38,-0.091,0.04,0.012,0.994
1993.56,-0.091,0.039,0.012,0.994
1993.74,-0.091,0.04,0.012,0.994
1993.93,-0.09,0.04,0.012,0.994
1994.11,-0.09,0.039,0.012,0.994
1994.29,-0.09,0.039,0.012,0.994
1994.47,-0.09,0.04,0.012,0.994
1994.65,-0.09,0.039,0.012,0.995
1994.84,-0.09,0.04,0.012,0.994
1995.2,-0.09,0.04,0.012,0.994
1995.2,-0.09,0.039,0.012,0.994
1995.38,-0.09,0.04,0.012,0.994
1995.57,-0.09,0.039,0.012,0.994
1995.75,-0.09,0.04,0.012,0.994
1995.93,-0.091,0.039,0.012,0.994
1996.11,-0.091,0.039,0.012,0.994
1996.29,-0.091,0.04,0.012,0.994
1996.48,-0.091,0.04,0.012,0.994
1996.66,-0.091,0.039,0.012,0.994
1996.84,-0.09,0.039,0.012,0.994
1997.2,-0.09,0.039,0.012,0.994
1997.21,-0.09,0.039,0.012,0.994
1997.39,-0.09,0.04,0.012,0.994
1997.57,-0.09,0.04,0.012,0.994
1997.75,-0.09,0.04,0.012,0.994
1997.94,-0.09,0.04,0.012,0.994
1998.12,-0.09,0.04,0.012,0.994
1998.3,-0.09,0.04,0.012,0.994
1998.48,-0.09,0.04,0.012,0.994
1998.66,-0.09,0.04,0.012,0.994
1998.85,-0.09,0.04,0.012,0.994
1999.3,-0.09,0.04,0.012,0.994
1999.21,-0.09,0.04,0.012,0.994
1999.39,-0.09,0.04,0.012,0.994
1999.58,-0.09,0.04,0.012,0.994
1999.76,-0.09,0.04,0.012,0.994
1999.94,-0.09,0.04,0.012,0.994
2000.12,-0.09,0.04,0.012,0.994
2000.3,-0.09,0.04,0.012,0.994
2000.49,-0.091,0.04,0.012,0.994
2000.67,-0.09,0.04,0.012,0.994
2000.85,-0.09,0.039,0.012,0.994
2001.3,-0.091,0.039,0.012,0.994
2001.22,-0.09,0.039,0.012,0.994
2001.4,-0.091,0.04,0.012,0.994
2001.58,-0.091,0.039,0.012,0.994
2001.76,-0.09,0.04,0.012,0.994
2001.95,-0.09,0.04,0.012,0.994
2002.13,-0.09,0.039,0.012,0.994
2002.31,-0.09,0.04,0.012,0.994
2002.49,-0.09,0.04,0.012,0.994
2002.67,-0.091,0.039,0.012,0.994
2002.86,-0.091,0.04,0.012,0.994
2003.4,-0.091,0.04,0.012,0.994
2003.22,-0.091,0.04,0.012,0.994
2003.4,-0.09,0.039,0.012,0.994
2003.59,-0.09,0.04,0.012,0.994
2003.77,-0.09,0.039,0.012,0.994
2003.95,-0.09,0.039,0.012,0.994
2004.13,-0.09,0.039,0.012,0.994
2004.31,-0.09,0.039,0.012,0.994
2004.5,-0.091,0.04,0.012,0.994
2004.68,-0.091,0.039,0.012,0.994
2004.86,-0.091,0.04,0.012,0.994
2005.4,-0.09,0.04,0.012,0.994
2005.23,-0.09,0.04,0.012,0.994
2005.41,-0.09,0.039,0.012,0.994
2005.59,-0.09,0.04,0.012,0.994
2005.77,-0.09,0.04,0.012,0.994
2005.95,-0.091,0.04,0.012,0.994
2006.14,-0.09,0.04,0.012,0.994
2006.32,-0.09,0.04,0.012,0.994
2006.5,-0.09,0.04,0.012,0.994
2006.68,-0.09,0.04,0.012,0.994
2006.87,-0.09,0.04,0.012,0.994
2007.5,-0.09,0.04,0.012,0.994
2007.23,-0.09,0.04,0.012,0.994
2007.41,-0.09,0.04,0.012,0.994
2007.6,-0.09,0.04,0.012,0.994
2007.78,-0.091,0.04,0.012,0.994
2007.96,-0.091,0.04,0.012,0.994
2008.14,-0.091,0.04,0.012,0.994
2008.32,-0.09,0.04,0.012,0.994
2008.51,-0.09,0.04,0.012,0.994
2008.69,-0.09,0.039,0.012,0.994
2008.87,-0.09,0.04,0.012,0.994
2009.5,-0.09,0.04,0.012,0.994
2009.24,-0.09,0.04,0.012,0.994
2009.42,-0.09,0.039,0.012,0.994
2009.6,-0.09,0.039,0.012,0.994
2009.78,-0.09,0.04,0.012,0.994
2009.96,-0.09,0.039,0.012,0.994
2010.15,-0.09,0.039,0.012,0.994
2010.33,-0.09,0.039,0.012,0.994
2010.51,-0.09,0.039,0.012,0.994
2010.69,-0.09,0.04,0.012,0.994
2010.88,-0.09,0.04,0.012,0.994
2011.6,-0.091,0.04,0.012,0.994
2011.24,-0.091,0.039,0.012,0.994
2011.42,-0.09,0.04,0.012,0.994
2011.6,-0.09,0.04,0.012,0.994
2011.79,-0.091,0.039,0.012,0.994
2011.97,-0.09,0.04,0.012,0.994
2012.15,-0.09,0.04,0.012,0.994
2012.33,-0.09,0.04,0.012,0.994
2012.52,-0.09,0.039,0.012,0.994
2012.7,-0.09,0.039,0.012,0.994
2012.88,-0.09,0.039,0.012,0.994
2013.6,-0.09,0.039,0.012,0.994
2013.24,-0.09,0.04,0.012,0.994
2013.43,-0.09,0.04,0.012,0.994
2013.61,-0.091,0.04,0.012,0.994
2013.79,-0.091,0.04,0.012,0.994
2013.97,-0.091,0.039,0.012,0.994
2014.16,-0.091,0.039,0.012,0.994
2014.34,-0.091,0.039,0.012,0.994
2014.52,-0.091,0.039,0.012,0.994
2014.7,-0.091,0.039,0.012,0.994
2014.88,-0.091,0.04,0.012,0.994
2015.7,-0.091,0.04,0.012,0.994
2015.25,-0.091,0.04,0.012,0.994
2015.43,-0.091,0.04,0.012,0.994
2015.61,-0.091,0.039,0.012,0.994
2015.8,-0.091,0.04,0.012,0.994
2015.98,-0.09,0.039,0.012,0.994
2016.16,-0.09,0.04,0.012,0.994
2016.34,-0.09,0.039,0.012,0.994
2016.52,-0.09,0.04,0.012,0.994
2016.71,-0.09,0.039,0.012,0.994
2016.89,-0.09,0.039,0.012,0.994
2017.7,-0.091,0.039,0.012,0.994
2017.25,-0.09,0.04,0.012,0.994
2017.44,-0.091,0.039,0.012,0.994
2017.62,-0.091,0.04,0.012,0.994
2017.8,-0.09,0.039,0.012,0.994
2017.98,-0.09,0.04,0.012,0.994
2021.45,-0.09,0.04,0.013,0.994
2021.63,-0.09,0.04,0.013,0.994
2021.81,-0.091,0.039,0.013,0.994
2021.99,-0.091,0.04,0.013,0.994
2022.17,-0.091,0.039,0.013,0.994
2022.36,-0.09,0.04,0.013,0.994
2022.54,-0.091,0.039,0.013,0.994
2022.72,-0.09,0.04,0.013,0.994
2022.9,-0.09,0.039,0.013,0.994
2023.9,-0.09,0.04,0.013,0.994
2023.27,-0.09,0.039,0.013,0.994
2023.45,-0.09,0.04,0.013,0.994
2029.28,-0.09,0.039,0.013,0.994
2029.46,-0.09,0.039,0.013,0.994
2029.65,-0.09,0.039,0.013,0.994
2029.83,-0.091,0.039,0.013,0.994
2030.1,-0.091,0.039,0.013,0.994
2030.19,-0.091,0.039,0.013,0.994
2030.38,-0.091,0.039,0.013,0.994
2030.56,-0.091,0.039,0.013,0.994
2030.74,-0.091,0.04,0.013,0.994
2030.92,-0.091,0.039,0.013,0.994
2031.1,-0.091,0.039,0.013,0.994
2031.29,-0.091,0.039,0.013,0.994
2031.47,-0.091,0.039,0.013,0.994
2031.65,-0.091,0.04,0.013,0.994
2031.83,-0.091,0.039,0.013,0.994
2032.2,-0.091,0.039,0.013,0.994
2032.2,-0.09,0.039,0.013,0.994
2032.38,-0.09,0.039,0.013,0.994
2032.56,-0.09,0.039,0.013,0.994
2032.74,-0.09,0.039,0.013,0.994
2032.93,-0.091,0.039,0.013,0.994
2033.11,-0.091,0.04,0.013,0.994
2033.29,-0.091,0.039,0.013,0.994
2033.47,-0.091,0.04,0.013,0.994
2033.66,-0.091,0.039,0.013,0.994
2033.84,-0.091,0.039,0.013,0.994
2034.2,-0.091,0.039,0.013,0.994
2034.2,-0.09,0.039,0.013,0.994
2034.39,-0.091,0.039,0.013,0.994
2034.57,-0.09,0.039,0.013,0.994
2034.75,-0.091,0.04,0.013,0.994
2034.93,-0.091,0.039,0.013,0.994
2035.11,-0.09,0.04,0.013,0.994
2035.3,-0.09,0.039,0.013,0.994
2035.48,-0.09,0.04,0.013,0.994
2035.66,-0.09,0.039,0.013,0.994
2035.84,-0.09,0.04,0.013,0.994
2036.3,-0.09,0.039,0.013,0.994
2036.21,-0.09,0.04,0.013,0.994
2036.39,-0.09,0.039,0.013,0.994
2036.57,-0.09,0.04,0.013,0.994
2036.75,-0.091,0.04,0.013,0.994
2036.94,-0.091,0.039,0.013,0.994
2037.12,-0.091,0.039,0.013,0.994
2037.3,-0.09,0.04,0.013,0.994
2037.48,-0.09,0.039,0.013,0.994
2037.67,-0.09,0.04,0.013,0.994
2037.85,-0.09,0.039,0.013,0.994
2038.3,-0.09,0.039,0.013,0.994
2038.21,-0.09,0.039,0.013,0.994
2038.39,-0.09,0.039,0.013,0.994
2038.58,-0.09,0.039,0.013,0.994
2038.76,-0.09,0.039,0.013,0.994
2038.94,-0.09,0.04,0.013,0.994
2039.12,-0.09,0.039,0.013,0.994
2039.31,-0.09,0.039,0.013,0.994
2039.49,-0.09,0.04,0.013,0.994
2039.67,-0.09,0.04,0.013,0.994
2039.85,-0.09,0.04,0.013,0.994
2040.3,-0.09,0.04,0.013,0.994
2040.22,-0.09,0.04,0.013,0.994
2040.4,-0.09,0.039,0.013,0.994
2040.58,-0.09,0.039,0.013,0.994
2040.76,-0.09,0.04,0.013,0.994
2040.95,-0.09,0.039,0.013,0.994
2041.13,-0.09,0.04,0.013,0.994
2041.31,-0.09,0.04,0.013,0.994
2041.49,-0.09,0.039,0.013,0.994
2041.68,-0.09,0.039,0.013,0.994
2041.86,-0.09,0.039,0.013,0.994
2042.4,-0.09,0.039,0.013,0.994
2042.22,-0.09,0.039,0.013,0.994
2042.4,-0.09,0.04,0.013,0.994
2042.59,-0.09,0.039,0.013,0.994
2042.77,-0.09,0.039,0.013,0.994
2042.95,-0.09,0.04,0.013,0.994
2043.13,-0.09,0.039,0.013,0.994
2043.32,-0.09,0.04,0.013,0.994
2043.5,-0.09,0.039,0.013,0.994
2043.68,-0.09,0.039,0.013,0.994
2043.86,-0.09,0.039,0.013,0.994
2044.4,-0.09,0.039,0.013,0.994
2044.23,-0.09,0.039,0.013,0.994
2044.41,-0.09,0.039,0.013,0.994
2044.59,-0.09,0.039,0.013,0.994
2044.77,-0.09,0.039,0.013,0.994
2044.96,-0.09,0.039,0.013,0.994
2045.14,-0.09,0.039,0.013,0.994
2045.32,-0.09,0.039,0.013,0.994
2045.5,-0.09,0.039,0.013,0.994
2045.68,-0.09,0.039,0.013,0.994
2045.87,-0.09,0.039,0.013,0.994
2046.5,-0.09,0.039,0.013,0.994
2046.23,-0.09,0.039,0.013,0.994
2046.41,-0.09,0.039,0.013,0.994
2047.51,-0.09,0.04,0.013,0.994
2047.69,-0.09,0.04,0.013,0.994
2047.87,-0.09,0.04,0.013,0.994
2048.5,-0.09,0.039,0.013,0.994
2048.24,-0.09,0.04,0.013,0.994
2048.42,-0.09,0.039,0.013,0.994
2048.6,-0.09,0.039,0.013,0.994
2048.78,-0.09,0.04,0.013,0.994
2048.97,-0.09,0.039,0.013,0.994
2049.15,-0.09,0.039,0.013,0.994
2049.33,-0.091,0.039,0.013,0.994
2049.51,-0.09,0.039,0.013,0.994
2049.69,-0.09,0.039,0.013,0.994
2049.88,-0.09,0.039,0.013,0.994
2050.6,-0.09,0.039,0.013,0.994
2050.24,-0.09,0.039,0.013,0.994
2050.42,-0.09,0.039,0.013,0.994
2050.61,-0.09,0.04,0.013,0.994
2050.79,-0.09,0.04,0.013,0.994
2050.97,-0.09,0.04,0.013,0.994
2051.15,-0.09,0.039,0.013,0.994
2051.33,-0.09,0.04,0.013,0.994
2051.52,-0.091,0.039,0.013,0.994
2051.7,-0.09,0.039,0.013,0.994
2051.88,-0.09,0.039,0.013,0.994
2052.6,-0.091,0.039,0.013,0.994
2052.25,-0.09,0.039,0.013,0.994
2052.43,-0.091,0.039,0.013,0.994
2052.61,-0.09,0.039,0.013,0.994
2052.79,-0.09,0.039,0.013,0.994
2052.97,-0.09,0.039,0.013,0.994
2053.16,-0.09,0.039,0.013,0.994
2053.34,-0.09,0.039,0.013,0.994
2053.52,-0.09,0.039,0.013,0.994
2053.7,-0.09,0.039,0.013,0.994
2053.89,-0.09,0.039,0.013,0.994
2054.7,-0.091,0.039,0.013,0.994
2054.25,-0.091,0.039,0.013,0.994
2054.43,-0.091,0.04,0.013,0.994
2054.61,-0.091,0.039,0.013,0.994
2054.8,-0.091,0.04,0.013,0.994
2054.98,-0.09,0.039,0.013,0.994
2055.16,-0.09,0.039,0.013,0.994
2055.34,-0.09,0.039,0.013,0.994
2055.53,-0.09,0.04,0.013,0.994
2055.71,-0.09,0.039,0.013,0.994
2055.89,-0.091,0.039,0.013,0.994
2056.7,-0.091,0.04,0.013,0.994
2056.26,-0.09,0.039,0.013,0.994
2056.44,-0.09,0.04,0.013,0.994
2056.62,-0.091,0.039,0.013,0.994
2056.8,-0.091,0.04,0.013,0.994
2056.98,-0.091,0.04,0.013,0.994
2057.17,-0.091,0.04,0.013,0.994
2057.35,-0.091,0.039,0.013,0.994
2057.53,-0.091,0.04,0.013,0.994
2057.71,-0.091,0.039,0.013,0.994
2057.9,-0.091,0.039,0.013,0.994
2058.8,-0.09,0.04,0.013,0.994
2058.26,-0.09,0.04,0.013,0.994
2058.44,-0.09,0.039,0.013,0.994
2058.62,-0.09,0.039,0.013,0.994
2058.81,-0.09,0.039,0.013,0.994
2058.99,-0.09,0.04,0.013,0.994
2059.17,-0.09,0.039,0.013,0.994
2059.35,-0.09,0.039,0.013,0.994
2059.54,-0.09,0.039,0.013,0.994
2059.72,-0.09,0.039,0.013,0.994
2059.9,-0.09,0.039,0.013,0.994
2060.8,-0.09,0.039,0.013,0.994
2060.26,-0.09,0.039,0.013,0.994
2060.45,-0.09,0.039,0.013,0.994
2060.63,-0.09,0.04,0.013,0.994
2060.81,-0.091,0.039,0.013,0.994
2060.99,-0.09,0.039,0.013,0.994
2061.18,-0.09,0.039,0.013,0.994
2061.36,-0.09,0.039,0.013,0.994
2061.54,-0.09,0.039,0.013,0.994
2061.72,-0.09,0.039,0.013,0.994
2061.9,-0.091,0.039,0.013,0.994
2062.9,-0.091,0.039,0.013,0.994
2062.27,-0.091,0.039,0.013,0.994
2062.45,-0.091,0.039,0.013,0.994
2062.63,-0.091,0.039,0.013,0.994
2062.82,-0.091,0.039,0.013,0.994
2063.0,-0.091,0.039,0.013,0.994
2063.18,-0.091,0.039,0.013,0.994
2063.36,-0.091,0.039,0.013,0.994
2063.54,-0.091,0.039,0.013,0.994
2063.73,-0.091,0.039,0.013,0.994
2063.91,-0.091,0.04,0.013,0.994
2064.9,-0.091,0.039,0.013,0.994
2064.27,-0.091,0.039,0.013,0.994
2064.46,-0.09,0.039,0.013,0.994
2064.64,-0.091,0.039,0.013,0.994
2064.82,-0.09,0.04,0.013,0.994
2065.0,-0.091,0.039,0.013,0.994
2065.19,-0.09,0.039,0.013,0.994
2065.37,-0.09,0.039,0.013,0.994
2065.55,-0.09,0.039,0.013,0.994
2065.73,-0.09,0.039,0.013,0.994
2065.91,-0.091,0.039,0.013,0.994
2066.1,-0.091,0.039,0.013,0.994
2066.28,-0.091,0.04,0.013,0.994
2066.46,-0.091,0.039,0.013,0.994
2066.64,-0.091,0.039,0.013,0.994
2066.83,-0.091,0.04,0.013,0.994
2067.1,-0.09,0.039,0.013,0.994
2067.19,-0.091,0.039,0.013,0.994
2067.37,-0.091,0.039,0.013,0.994
2067.55,-0.091,0.04,0.013,0.994
2067.74,-0.091,0.039,0.013,0.994
2067.92,-0.091,0.039,0.013,0.994
2068.1,-0.091,0.039,0.013,0.994
2068.28,-0.091,0.039,0.013,0.994
2068.47,-0.091,0.039,0.013,0.994
2068.65,-0.091,0.039,0.013,0.994
2068.83,-0.091,0.039,0.013,0.994
2069.1,-0.091,0.039,0.013,0.994
2069.19,-0.091,0.039,0.013,0.994
2069.38,-0.091,0.039,0.013,0.994
2069.56,-0.091,0.039,0.013,0.994
2069.74,-0.091,0.039,0.013,0.994
2069.92,-0.091,0.039,0.013,0.994
2070.11,-0.09,0.039,0.013,0.994
2070.29,-0.09,0.039,0.013,0.994
2070.47,-0.09,0.039,0.013,0.994
2070.65,-0.091,0.039,0.013,0.994
2070.84,-0.091,0.039,0.013,0.994
2071.2,-0.091,0.039,0.013,0.994
2071.2,-0.091,0.039,0.013,0.994
2071.38,-0.091,0.039,0.013,0.994
2071.56,-0.091,0.039,0.013,0.994
2071.75,-0.091,0.039,0.013,0.994
2071.93,-0.091,0.039,0.013,0.994
2072.11,-0.091,0.039,0.013,0.994
2072.29,-0.091,0.039,0.013,0.994
2072.48,-0.091,0.039,0.013,0.994
2072.66,-0.091,0.039,0.013,0.994
2072.84,-0.091,0.039,0.013,0.994
2073.2,-0.091,0.039,0.013,0.994
2073.2,-0.091,0.039,0.013,0.994
2073.39,-0.091,0.039,0.013,0.994
2073.57,-0.091,0.039,0.013,0.994
2073.75,-0.091,0.039,0.013,0.994
2073.93,-0.091,0.039,0.013,0.994
2074.12,-0.091,0.039,0.013,0.994
2074.3,-0.091,0.039,0.013,0.994
2074.48,-0.091,0.039,0.013,0.994
2074.66,-0.091,0.039,0.013,0.994
2074.84,-0.091,0.039,0.013,0.994
2075.3,-0.091,0.039,0.013,0.994
2075.21,-0.091,0.039,0.013,0.994
2075.39,-0.091,0.039,0.013,0.994
2075.57,-0.091,0.039,0.013,0.994
2075.76,-0.091,0.039,0.013,0.994
2075.94,-0.091,0.039,0.013,0.994
2076.12,-0.091,0.039,0.013,0.994
2076.3,-0.091,0.039,0.013,0.994
2076.49,-0.091,0.039,0.013,0.994
2076.67,-0.091,0.039,0.013,0.994
2076.85,-0.091,0.039,0.013,0.994
2077.3,-0.091,0.039,0.013,0.994
2077.21,-0.091,0.039,0.013,0.994
2077.4,-0.091,0.039,0.013,0.994
2077.58,-0.091,0.039,0.013,0.994
2077.76,-0.091,0.039,0.013,0.994
2077.94,-0.091,0.039,0.013,0.994
2078.13,-0.091,0.039,0.013,0.994
2078.31,-0.091,0.039,0.013,0.994
2078.49,-0.091,0.039,0.013,0.994
2078.67,-0.091,0.039,0.013,0.994
2078.85,-0.091,0.039,0.013,0.994
2079.4,-0.091,0.039,0.013,0.994
2079.22,-0.091,0.039,0.013,0.994
2079.4,-0.091,0.039,0.013,0.994
2079.58,-0.091,0.039,0.013,0.994
2079.77,-0.091,0.039,0.013,0.994
2079.95,-0.091,0.039,0.013,0.994
2080.13,-0.091,0.04,0.013,0.994
2080.31,-0.091,0.039,0.013,0.994
2080.5,-0.091,0.039,0.013,0.994
2080.68,-0.091,0.039,0.013,0.994
2080.86,-0.091,0.039,0.013,0.994
2081.4,-0.091,0.039,0.013,0.994
2081.22,-0.091,0.039,0.013,0.994
2081.41,-0.091,0.039,0.013,0.994
2081.59,-0.091,0.039,0.013,0.994
2081.77,-0.09,0.039,0.013,0.994
2081.95,-0.09,0.039,0.013,0.994
2082.14,-0.09,0.039,0.013,0.994
2082.32,-0.09,0.04,0.013,0.994
2082.5,-0.09,0.04,0.013,0.994
2082.68,-0.091,0.039,0.013,0.994
2082.86,-0.091,0.039,0.013,0.994
2083.5,-0.091,0.04,0.013,0.994
2083.23,-0.091,0.039,0.013,0.994
2083.41,-0.09,0.039,0.013,0.994
2083.59,-0.091,0.039,0.013,0.994
2083.78,-0.09,0.039,0.013,0.994
2083.96,-0.091,0.039,0.013,0.994
2084.14,-0.09,0.039,0.013,0.994
2084.32,-0.091,0.039,0.013,0.994
2084.51,-0.091,0.039,0.013,0.994
2084.69,-0.091,0.039,0.013,0.994
2084.87,-0.091,0.039,0.013,0.994
2085.5,-0.091,0.039,0.013,0.994
2085.23,-0.091,0.039,0.013,0.994
2085.42,-0.091,0.039,0.013,0.994
2085.6,-0.091,0.039,0.013,0.994
2085.78,-0.091,0.039,0.013,0.994
2085.96,-0.091,0.039,0.013,0.994
2086.15,-0.091,0.039,0.013,0.994
2086.33,-0.091,0.039,0.013,0.994
2086.51,-0.091,0.039,0.013,0.994
2086.69,-0.091,0.039,0.013,0.994
2086.87,-0.091,0.039,0.013,0.994
2087.6,-0.091,0.039,0.013,0.994
2088.15,-0.091,0.039,0.013,0.994
2088.33,-0.091,0.039,0.013,0.994
2088.51,-0.091,0.039,0.013,0.994
2088.7,-0.091,0.039,0.013,0.994
2088.88,-0.09,0.039,0.013,0.994
2089.6,-0.09,0.039,0.013,0.994
2089.24,-0.09,0.039,0.013,0.994
2089.43,-0.09,0.039,0.013,0.994
2089.61,-0.091,0.039,0.013,0.994
2089.79,-0.091,0.039,0.013,0.994
2089.97,-0.091,0.039,0.013,0.994
2090.16,-0.091,0.039,0.013,0.994
2090.34,-0.091,0.039,0.013,0.994
2090.52,-0.091,0.039,0.013,0.994
2090.7,-0.091,0.039,0.013,0.994
2090.88,-0.091,0.039,0.013,0.994
2091.7,-0.091,0.039,0.013,0.994
2091.25,-0.091,0.039,0.013,0.994
2091.43,-0.091,0.039,0.013,0.994
2091.61,-0.091,0.039,0.013,0.994
2091.8,-0.091,0.039,0.013,0.994
2091.98,-0.091,0.039,0.013,0.994
2092.16,-0.09,0.039,0.013,0.994
2092.34,-0.09,0.039,0.013,0.994
2092.52,-0.091,0.04,0.013,0.994
2092.71,-0.09,0.039,0.013,0.994
2092.89,-0.09,0.039,0.013,0.994
2093.7,-0.09,0.039,0.013,0.994
2093.25,-0.091,0.039,0.013,0.994
2093.44,-0.091,0.04,0.013,0.994
2093.62,-0.091,0.039,0.013,0.994
2093.8,-0.091,0.039,0.013,0.994
2093.98,-0.09,0.039,0.013,0.994
2094.17,-0.091,0.039,0.013,0.994
2097.26,-0.091,0.039,0.013,0.994
2097.45,-0.091,0.039,0.013,0.994
2097.63,-0.091,0.039,0.013,0.994
2097.81,-0.091,0.039,0.013,0.994
2097.99,-0.091,0.039,0.013,0.994
2098.18,-0.09,0.039,0.013,0.994
2098.36,-0.09,0.039,0.013,0.994
2098.54,-0.09,0.039,0.013,0.994
2098.72,-0.09,0.039,0.013,0.994
2098.9,-0.091,0.039,0.013,0.994
2099.9,-0.091,0.039,0.013,0.994
2104.56,-0.091,0.039,0.013,0.994
2104.74,-0.091,0.039,0.013,0.994
2104.92,-0.091,0.039,0.013,0.994
2105.1,-0.091,0.039,0.013,0.994
2105.29,-0.091,0.039,0.013,0.994
2105.47,-0.091,0.039,0.013,0.994
2105.65,-0.091,0.039,0.013,0.994
2105.83,-0.091,0.039,0.013,0.994
2106.1,-0.091,0.039,0.013,0.994
2106.2,-0.091,0.039,0.013,0.994
2106.38,-0.091,0.039,0.013,0.994
2106.56,-0.09,0.039,0.013,0.994
2106.74,-0.09,0.039,0.013,0.994
2106.93,-0.09,0.039,0.013,0.994
2107.11,-0.09,0.039,0.013,0.994
2107.29,-0.09,0.039,0.013,0.994
2107.47,-0.09,0.039,0.013,0.994
2107.66,-0.09,0.039,0.013,0.994
2107.84,-0.09,0.039,0.013,0.994
2108.2,-0.09,0.039,0.013,0.994
2108.2,-0.09,0.039,0.013,0.994
2108.38,-0.091,0.039,0.013,0.994
2108.57,-0.09,0.039,0.013,0.994
2108.75,-0.09,0.039,0.013,0.994
2108.93,-0.091,0.039,0.013,0.994
2109.11,-0.091,0.039,0.013,0.994
2109.3,-0.091,0.039,0.013,0.994
2109.48,-0.09,0.039,0.013,0.994
2109.66,-0.09,0.039,0.013,0.994
2109.84,-0.09,0.039,0.013,0.994
2110.3,-0.09,0.039,0.013,0.994
2110.21,-0.091,0.039,0.013,0.994
2110.39,-0.091,0.039,0.013,0.994
2110.57,-0.091,0.039,0.013,0.994
2110.75,-0.091,0.039,0.013,0.994
2110.94,-0.091,0.039,0.013,0.994
2111.12,-0.091,0.039,0.013,0.994
2111.3,-0.091,0.039,0.013,0.994
2111.48,-0.091,0.039,0.013,0.994
2111.67,-0.091,0.039,0.013,0.994
2111.85,-0.091,0.039,0.013,0.994
2112.3,-0.091,0.039,0.013,0.994
2112.21,-0.091,0.039,0.013,0.994
2112.4,-0.091,0.039,0.013,0.994
2112.58,-0.091,0.039,0.013,0.994
2112.76,-0.091,0.039,0.013,0.994
2112.94,-0.091,0.039,0.013,0.994
2113.12,-0.091,0.039,0.013,0.994
2113.31,-0.091,0.039,0.013,0.994
2113.49,-0.091,0.039,0.013,0.994
2113.67,-0.091,0.039,0.013,0.994
2113.85,-0.091,0.039,0.013,0.994
2114.4,-0.091,0.039,0.013,0.994
2114.22,-0.091,0.039,0.013,0.994
2114.4,-0.091,0.039,0.013,0.994
2114.58,-0.091,0.039,0.013,0.994
2114.76,-0.091,0.039,0.013,0.994
2114.95,-0.09,0.039,0.013,0.994
2115.13,-0.09,0.039,0.013,0.994
2115.31,-0.09,0.039,0.013,0.994
2115.49,-0.09,0.039,0.013,0.994
2115.68,-0.09,0.039,0.013,0.994
2115.86,-0.09,0.039,0.013,0.994
2116.4,-0.09,0.039,0.013,0.994
2116.22,-0.09,0.039,0.013,0.994
2116.41,-0.09,0.039,0.013,0.994
2116.59,-0.09,0.039,0.013,0.994
2116.77,-0.09,0.039,0.013,0.994
2116.95,-0.09,0.039,0.013,0.994
2117.13,-0.091,0.039,0.013,0.994
2117.32,-0.09,0.039,0.013,0.994
2117.5,-0.09,0.039,0.013,0.994
2117.68,-0.09,0.039,0.013,0.994
2117.86,-0.091,0.039,0.013,0.994
2118.5,-0.09,0.039,0.013,0.994
2118.23,-0.09,0.039,0.013,0.994
2118.41,-0.09,0.039,0.013,0.994
2119.5,-0.09,0.039,0.013,0.994
2119.69,-0.09,0.039,0.013,0.994
2119.87,-0.09,0.039,0.013,0.994
2120.5,-0.091,0.039,0.013,0.994
2120.23,-0.091,0.039,0.013,0.994
2120.42,-0.091,0.039,0.013,0.994
2120.6,-0.091,0.039,0.013,0.994
2120.78,-0.091,0.039,0.013,0.994
2120.96,-0.091,0.039,0.013,0.994
2121.14,-0.091,0.039,0.013,0.994
2121.33,-0.091,0.039,0.013,0.994
2126.8,-0.091,0.039,0.013,0.994
2126.98,-0.091,0.039,0.013,0.994
2127.16,-0.091,0.039,0.013,0.994
2127.34,-0.091,0.039,0.013,0.994
2127.52,-0.091,0.039,0.013,0.994
2127.71,-0.091,0.039,0.013,0.994
2127.89,-0.091,0.039,0.013,0.994
2128.7,-0.091,0.039,0.013,0.994
2128.25,-0.091,0.04,0.013,0.994
2128.44,-0.09,0.04,0.013,0.994
2128.62,-0.09,0.04,0.013,0.994
2128.8,-0.091,0.039,0.013,0.994
2128.98,-0.091,0.039,0.013,0.994
2129.16,-0.091,0.039,0.013,0.994
2129.35,-0.091,0.039,0.013,0.994
2129.53,-0.091,0.039,0.013,0.994
2129.71,-0.091,0.039,0.013,0.994
2129.89,-0.091,0.039,0.013,0.994
2130.8,-0.091,0.039,0.013,0.994
2130.26,-0.091,0.039,0.013,0.994
2130.44,-0.091,0.039,0.013,0.994
2130.62,-0.09,0.039,0.013,0.994
2130.81,-0.09,0.039,0.013,0.994
2130.99,-0.09,0.039,0.013,0.994
2131.17,-0.09,0.039,0.013,0.994
2131.35,-0.09,0.039,0.013,0.994
2131.53,-0.091,0.04,0.013,0.994
2131.72,-0.091,0.039,0.013,0.994
2131.9,-0.091,0.04,0.013,0.994
2132.8,-0.091,0.039,0.013,0.994
2132.26,-0.091,0.039,0.013,0.994
2132.45,-0.09,0.039,0.013,0.994
2132.63,-0.091,0.039,0.013,0.994
2132.81,-0.091,0.039,0.013,0.994
2132.99,-0.09,0.039,0.013,0.994
2133.17,-0.09,0.039,0.013,0.994
2133.36,-0.09,0.039,0.013,0.994
2133.54,-0.091,0.039,0.013,0.994
2136.27,-0.091,0.039,0.013,0.994
2136.46,-0.091,0.039,0.013,0.994
2136.64,-0.091,0.039,0.013,0.994
2136.82,-0.091,0.039,0.013,0.994
2137.0,-0.091,0.039,0.013,0.994
2137.18,-0.091,0.039,0.013,0.994
2137.37,-0.09,0.039,0.013,0.994
2137.55,-0.091,0.039,0.013,0.994
2137.73,-0.091,0.039,0.013,0.994
2137.91,-0.091,0.039,0.013,0.994
2138.1,-0.091,0.039,0.013,0.994
2142.83,-0.091,0.039,0.013,0.994
2143.2,-0.091,0.039,0.013,0.994
2143.2,-0.091,0.039,0.013,0.994
2143.38,-0.091,0.039,0.013,0.994
2143.56,-0.091,0.039,0.013,0.994
2143.75,-0.091,0.039,0.013,0.994
2143.93,-0.091,0.04,0.013,0.994
2144.11,-0.091,0.039,0.013,0.994
2144.29,-0.091,0.039,0.013,0.994
2144.48,-0.091,0.039,0.013,0.994
2144.66,-0.091,0.039,0.013,0.994
2144.84,-0.091,0.039,0.013,0.994
2145.2,-0.091,0.039,0.013,0.994
2145.2,-0.091,0.04,0.013,0.994
2145.39,-0.091,0.039,0.013,0.994
2145.57,-0.091,0.039,0.013,0.994
2145.75,-0.091,0.039,0.013,0.994
2145.93,-0.091,0.039,0.013,0.994
2146.12,-0.091,0.039,0.013,0.994
2147.21,-0.091,0.039,0.013,0.994
2147.39,-0.091,0.039,0.013,0.994
2147.57,-0.091,0.039,0.013,0.994
2147.76,-0.09,0.039,0.013,0.994
2147.94,-0.09,0.039,0.013,0.994
2148.12,-0.09,0.04,0.013,0.994
2148.3,-0.09,0.039,0.013,0.994
2148.49,-0.09,0.039,0.013,0.994
2148.67,-0.09,0.039,0.013,0.994
2148.85,-0.09,0.039,0.013,0.994
2149.3,-0.09,0.039,0.013,0.994
2149.21,-0.09,0.039,0.013,0.994
2149.4,-0.09,0.039,0.013,0.994
2149.58,-0.091,0.039,0.013,0.994
2149.76,-0.091,0.039,0.013,0.994
2149.94,-0.091,0.039,0.013,0.994
2150.13,-0.091,0.039,0.013,0.994
2150.31,-0.091,0.039,0.013,0.994
2150.49,-0.091,0.039,0.013,0.994
2150.67,-0.091,0.039,0.013,0.994
2150.86,-0.091,0.039,0.013,0.994
2151.4,-0.091,0.039,0.013,0.994
2151.22,-0.09,0.04,0.013,0.994
2151.4,-0.09,0.039,0.013,0.994
2151.58,-0.091,0.039,0.013,0.994
2151.77,-0.09,0.039,0.013,0.994
2151.95,-0.09,0.039,0.013,0.994
2152.13,-0.09,0.039,0.013,0.994
2152.31,-0.09,0.039,0.013,0.994
2152.5,-0.091,0.039,0.013,0.994
2152.68,-0.09,0.039,0.013,0.994
2152.86,-0.091,0.039,0.013,0.994
2153.4,-0.091,0.04,0.013,0.994
2153.22,-0.091,0.039,0.013,0.994
2153.41,-0.091,0.039,0.013,0.994
2153.59,-0.091,0.039,0.013,0.994
2153.77,-0.091,0.039,0.013,0.994
2153.95,-0.091,0.039,0.013,0.994
2154.14,-0.091,0.039,0.013,0.994
2154.32,-0.091,0.039,0.013,0.994
2154.5,-0.091,0.039,0.013,0.994
2154.68,-0.091,0.039,0.013,0.994
2154.87,-0.091,0.039,0.013,0.994
2155.5,-0.091,0.039,0.013,0.994
2155.23,-0.091,0.039,0.013,0.994
2155.41,-0.091,0.039,0.013,0.994
2155.59,-0.091,0.039,0.013,0.994
2155.78,-0.091,0.039,0.013,0.994
2155.96,-0.091,0.039,0.013,0.994
2156.14,-0.091,0.039,0.013,0.994
2156.32,-0.091,0.039,0.013,0.994
2156.51,-0.091,0.039,0.013,0.994
2156.69,-0.091,0.039,0.013,0.994
2156.87,-0.091,0.039,0.013,0.994
2157.5,-0.091,0.039,0.013,0.994
2157.23,-0.091,0.039,0.013,0.994
2157.42,-0.091,0.039,0.013,0.994
2157.6,-0.091,0.039,0.013,0.994
2157.78,-0.09,0.039,0.013,0.994
2159.42,-0.091,0.039,0.013,0.994
2159.6,-0.091,0.039,0.013,0.994
2159.79,-0.091,0.039,0.013,0.994
2159.97,-0.091,0.039,0.013,0.994
2160.15,-0.091,0.039,0.013,0.994
2160.33,-0.091,0.039,0.013,0.994
2160.52,-0.091,0.039,0.013,0.994
2160.7,-0.091,0.039,0.013,0.994
2160.88,-0.091,0.039,0.013,0.994
2161.6,-0.091,0.039,0.013,0.994
2161.24,-0.091,0.039,0.013,0.994
2161.43,-0.091,0.039,0.013,0.994
2168.54,-0.09,0.039,0.013,0.994
2168.72,-0.09,0.039,0.013,0.994
2168.9,-0.09,0.039,0.013,0.994
2169.8,-0.09,0.039,0.013,0.994
2169.26,-0.09,0.039,0.013,0.994
2169.45,-0.09,0.039,0.013,0.994
2169.63,-0.09,0.039,0.013,0.994
2169.81,-0.091,0.039,0.013,0.994
2169.99,-0.091,0.039,0.013,0.994
2170.18,-0.091,0.039,0.013,0.994
2170.36,-0.091,0.039,0.013,0.994
2170.54,-0.091,0.039,0.013,0.994
2170.72,-0.09,0.039,0.013,0.994
2170.91,-0.09,0.039,0.013,0.994
2171.9,-0.09,0.039,0.013,0.994
2171.27,-0.09,0.039,0.013,0.994
2171.45,-0.09,0.039,0.013,0.994
2171.63,-0.09,0.039,0.013,0.994
2171.82,-0.09,0.039,0.013,0.994
2172.0,-0.09,0.039,0.013,0.994
2172.18,-0.09,0.039,0.013,0.994
2172.36,-0.09,0.039,0.013,0.994
2172.55,-0.09,0.039,0.013,0.994
2172.73,-0.09,0.039,0.013,0.994
2172.91,-0.09,0.039,0.013,0.994
2174.55,-0.09,0.039,0.013,0.994
2174.73,-0.09,0.039,0.013,0.994
2174.92,-0.091,0.039,0.013,0.994
2175.1,-0.091,0.039,0.013,0.994
2175.28,-0.091,0.039,0.013,0.994
2175.46,-0.091,0.039,0.013,0.994
2175.64,-0.091,0.039,0.013,0.994
2175.83,-0.091,0.039,0.013,0.994
2176.1,-0.091,0.039,0.013,0.994
2176.19,-0.09,0.039,0.013,0.994
2176.37,-0.09,0.039,0.013,0.994
2176.56,-0.091,0.039,0.013,0.994
2176.74,-0.09,0.039,0.013,0.994
2176.92,-0.09,0.039,0.013,0.994
2177.1,-0.09,0.039,0.013,0.994
2177.29,-0.09,0.039,0.013,0.994
2177.47,-0.091,0.039,0.013,0.994
2177.65,-0.091,0.039,0.013,0.994
2177.83,-0.09,0.039,0.013,0.994
2178.1,-0.09,0.039,0.013,0.994
2178.2,-0.09,0.039,0.013,0.994
2178.38,-0.09,0.039,0.013,0.994
2178.56,-0.09,0.039,0.013,0.994
2178.74,-0.09,0.039,0.013,0.994
2178.93,-0.09,0.039,0.013,0.994
2179.11,-0.091,0.039,0.013,0.994
2179.29,-0.091,0.039,0.013,0.994
2179.47,-0.091,0.039,0.013,0.994
2179.65,-0.09,0.039,0.013,0.994
2179.84,-0.09,0.039,0.013,0.994
2180.2,-0.09,0.039,0.013,0.994
2180.75,-0.09,0.039,0.013,0.994
2180.93,-0.091,0.039,0.013,0.994
2181.11,-0.09,0.039,0.013,0.994
2181.3,-0.09,0.039,0.013,0.994
2181.48,-0.09,0.039,0.013,0.994
2181.66,-0.09,0.039,0.013,0.994
2181.84,-0.091,0.039,0.013,0.994
2182.2,-0.091,0.039,0.013,0.994
2182.21,-0.091,0.039,0.013,0.994
2182.39,-0.091,0.039,0.013,0.994
2182.57,-0.091,0.039,0.013,0.994
2182.75,-0.091,0.039,0.013,0.994
2182.94,-0.091,0.039,0.013,0.994
2183.12,-0.091,0.039,0.013,0.994
2183.3,-0.091,0.039,0.013,0.994
2183.48,-0.091,0.039,0.013,0.994
2183.67,-0.091,0.039,0.013,0.994
2183.85,-0.091,0.039,0.013,0.994
2184.3,-0.091,0.039,0.013,0.994
2184.21,-0.091,0.039,0.013,0.994
2184.39,-0.091,0.039,0.013,0.994
2184.58,-0.091,0.039,0.013,0.994
2184.76,-0.091,0.039,0.013,0.994
2184.94,-0.091,0.039,0.013,0.994
2185.12,-0.091,0.039,0.013,0.994
2185.31,-0.091,0.039,0.013,0.994
2185.49,-0.091,0.039,0.013,0.994
2185.67,-0.091,0.039,0.013,0.994
2185.85,-0.091,0.039,0.013,0.994
2186.3,-0.091,0.039,0.013,0.994
2186.22,-0.091,0.039,0.013,0.994
2186.4,-0.091,0.039,0.013,0.994
2186.58,-0.091,0.039,0.013,0.994
2186.76,-0.091,0.039,0.013,0.994
2186.95,-0.09,0.039,0.013,0.994
2187.13,-0.09,0.039,0.013,0.994
2187.31,-0.09,0.039,0.013,0.994
2187.49,-0.091,0.039,0.013,0.994
2187.68,-0.09,0.039,0.013,0.994
2188.22,-0.09,0.039,0.013,0.994
2188.4,-0.09,0.039,0.013,0.994
2188.59,-0.09,0.039,0.013,0.994
2188.77,-0.09,0.039,0.013,0.994
2188.95,-0.09,0.039,0.013,0.994
2189.13,-0.09,0.039,0.013,0.994
2189.32,-0.09,0.039,0.013,0.994
2189.5,-0.09,0.039,0.013,0.994
2189.68,-0.09,0.039,0.013,0.994
2189.86,-0.09,0.039,0.013,0.994
2190.4,-0.09,0.039,0.013,0.994
2190.23,-0.09,0.039,0.013,0.994
2190.41,-0.09,0.039,0.013,0.994
2190.59,-0.09,0.039,0.013,0.994
2190.77,-0.09,0.039,0.013,0.994
2190.96,-0.09,0.039,0.013,0.994
2191.14,-0.09,0.039,0.013,0.994
2191.32,-0.09,0.039,0.013,0.994
2191.5,-0.09,0.039,0.013,0.994
2191.69,-0.09,0.039,0.013,0.994
2191.87,-0.09,0.039,0.013,0.994
2192.5,-0.09,0.039,0.013,0.994
2192.23,-0.09,0.039,0.013,0.994
2192.41,-0.09,0.039,0.013,0.994
2192.6,-0.091,0.039,0.013,0.994
2192.78,-0.091,0.039,0.013,0.994
2192.96,-0.091,0.039,0.013,0.994
2193.14,-0.091,0.039,0.013,0.994
2193.33,-0.09,0.039,0.013,0.994
2193.51,-0.09,0.039,0.013,0.994
2193.69,-0.09,0.039,0.013,0.994
2193.87,-0.09,0.039,0.013,0.994
2194.5,-0.09,0.039,0.013,0.994
2194.24,-0.09,0.039,0.013,0.994
2194.42,-0.09,0.039,0.013,0.994
2194.6,-0.09,0.039,0.013,0.994
2194.78,-0.09,0.039,0.013,0.994
2194.97,-0.09,0.039,0.013,0.994
2198.79,-0.091,0.039,0.013,0.994
2198.98,-0.091,0.039,0.013,0.994
2199.16,-0.091,0.039,0.014,0.994
2199.34,-0.091,0.039,0.014,0.994
2199.52,-0.091,0.039,0.014,0.994
2199.7,-0.09,0.039,0.013,0.994
2199.89,-0.09,0.039,0.014,0.994
2200.7,-0.09,0.039,0.013,0.994
2200.25,-0.09,0.039,0.013,0.994
2200.43,-0.09,0.039,0.013,0.994
2200.62,-0.09,0.039,0.013,0.994
2200.8,-0.09,0.039,0.013,0.994
2200.98,-0.09,0.039,0.013,0.994
2201.16,-0.09,0.039,0.013,0.994
2201.34,-0.09,0.039,0.013,0.994
2201.53,-0.09,0.039,0.013,0.994
2201.71,-0.09,0.039,0.013,0.994
2201.89,-0.091,0.039,0.013,0.994
2202.7,-0.091,0.039,0.013,0.994
2202.26,-0.091,0.039,0.013,0.994
2202.44,-0.091,0.039,0.013,0.994
2202.62,-0.091,0.039,0.013,0.994
2202.8,-0.091,0.039,0.013,0.994
2202.99,-0.091,0.039,0.013,0.994
2203.17,-0.091,0.039,0.013,0.994
2203.35,-0.091,0.039,0.013,0.994
2208.9,-0.091,0.039,0.014,0.994
2208.27,-0.091,0.039,0.014,0.994
2208.45,-0.091,0.039,0.014,0.994
2208.64,-0.091,0.039,0.014,0.994
2208.82,-0.091,0.039,0.014,0.994
2209.0,-0.091,0.039,0.014,0.994
2209.18,-0.09,0.039,0.014,0.994
2209.36,-0.09,0.039,0.014,0.994
2209.55,-0.091,0.039,0.014,0.994
2209.73,-0.091,0.039,0.014,0.994
2209.91,-0.091,0.039,0.014,0.994
2210.9,-0.091,0.039,0.014,0.994
2210.28,-0.091,0.04,0.014,0.994
2210.46,-0.091,0.039,0.014,0.994
2210.64,-0.091,0.039,0.014,0.994
2210.82,-0.091,0.039,0.014,0.994
2211.0,-0.091,0.039,0.014,0.994
2211.19,-0.091,0.039,0.014,0.994
2211.37,-0.091,0.039,0.014,0.994
2211.55,-0.091,0.039,0.014,0.994
2211.73,-0.091,0.039,0.014,0.994
2211.92,-0.091,0.039,0.014,0.994
2212.1,-0.09,0.039,0.014,0.994
2212.28,-0.09,0.039,0.014,0.994
2212.46,-0.09,0.039,0.014,0.994
2212.65,-0.09,0.039,0.014,0.994
2212.83,-0.09,0.039,0.014,0.994
2213.1,-0.09,0.039,0.014,0.994
2213.19,-0.09,0.039,0.014,0.994
2213.37,-0.091,0.039,0.014,0.994
2213.56,-0.09,0.039,0.014,0.994
2213.74,-0.091,0.039,0.014,0.994
2213.92,-0.091,0.039,0.014,0.994
2214.1,-0.091,0.039,0.014,0.994
2214.29,-0.091,0.039,0.014,0.994
2214.47,-0.09,0.039,0.014,0.994
2214.65,-0.091,0.039,0.014,0.994
2214.83,-0.091,0.039,0.014,0.994
2215.1,-0.091,0.039,0.014,0.994
2215.2,-0.091,0.039,0.014,0.994
2215.38,-0.091,0.039,0.014,0.994
2215.56,-0.091,0.039,0.014,0.994
2215.74,-0.091,0.039,0.014,0.994
2215.93,-0.091,0.039,0.014,0.994
2216.11,-0.091,0.039,0.014,0.994
2216.29,-0.091,0.039,0.014,0.994
2216.47,-0.091,0.039,0.014,0.994
2216.66,-0.091,0.039,0.014,0.994
2216.84,-0.091,0.039,0.014,0.994
2217.2,-0.091,0.039,0.014,0.994
2217.2,-0.091,0.039,0.014,0.994
2217.38,-0.091,0.039,0.014,0.994
2217.57,-0.091,0.039,0.014,0.994
2217.75,-0.091,0.039,0.014,0.994
2217.93,-0.091,0.039,0.014,0.994
2218.11,-0.091,0.039,0.014,0.994
2218.3,-0.091,0.039,0.014,0.994
2218.48,-0.091,0.039,0.014,0.994
2218.66,-0.091,0.039,0.014,0.994
2218.84,-0.091,0.039,0.014,0.994
2219.3,-0.091,0.039,0.014,0.994
2219.21,-0.091,0.039,0.014,0.994
2219.39,-0.091,0.039,0.014,0.994
2219.57,-0.091,0.039,0.014,0.994
2219.75,-0.091,0.039,0.014,0.994
2219.94,-0.091,0.039,0.014,0.994
2220.12,-0.091,0.039,0.014,0.994
2220.3,-0.091,0.039,0.014,0.994
2220.48,-0.091,0.039,0.014,0.994
2220.67,-0.091,0.039,0.014,0.994
2220.85,-0.091,0.039,0.014,0.994
2221.3,-0.091,0.039,0.014,0.994
2221.21,-0.091,0.039,0.014,0.994
2221.39,-0.091,0.039,0.014,0.994
2221.58,-0.091,0.039,0.014,0.994
2221.76,-0.091,0.039,0.014,0.994
2221.94,-0.091,0.039,0.014,0.994
2222.12,-0.091,0.039,0.014,0.994
2222.31,-0.091,0.039,0.014,0.994
2222.49,-0.091,0.039,0.014,0.994
2222.67,-0.091,0.039,0.014,0.994
2222.85,-0.091,0.039,0.014,0.994
2223.4,-0.091,0.039,0.014,0.994
2223.22,-0.091,0.039,0.014,0.994
2223.4,-0.09,0.039,0.014,0.994
2223.58,-0.09,0.039,0.014,0.994
2223.76,-0.09,0.039,0.014,0.994
2223.95,-0.09,0.039,0.014,0.994
2224.13,-0.09,0.039,0.014,0.994
2224.31,-0.09,0.039,0.014,0.994
2224.49,-0.091,0.039,0.014,0.994
2224.68,-0.091,0.039,0.014,0.994
2224.86,-0.091,0.039,0.014,0.994
2225.4,-0.091,0.039,0.014,0.994
2225.22,-0.091,0.039,0.014,0.994
2225.4,-0.091,0.039,0.014,0.994
2225.59,-0.091,0.039,0.014,0.994
2225.77,-0.09,0.039,0.014,0.994
2225.95,-0.091,0.039,0.014,0.994
2226.13,-0.09,0.039,0.014,0.994
2226.32,-0.09,0.039,0.014,0.994
2226.5,-0.09,0.039,0.014,0.994
2226.68,-0.09,0.039,0.014,0.994
2226.86,-0.091,0.039,0.014,0.994
2231.42,-0.09,0.039,0.014,0.994
2231.6,-0.09,0.039,0.014,0.994
2231.78,-0.09,0.039,0.014,0.994
2231.97,-0.09,0.039,0.014,0.994
2232.15,-0.09,0.039,0.014,0.994
2232.33,-0.09,0.039,0.014,0.994
2232.51,-0.09,0.039,0.014,0.994
2232.7,-0.09,0.039,0.014,0.994
2232.88,-0.09,0.039,0.014,0.994
2233.6,-0.09,0.039,0.014,0.994
2233.24,-0.09,0.039,0.014,0.994
2233.42,-0.091,0.039,0.014,0.994
2233.61,-0.091,0.039,0.014,0.994
2233.79,-0.091,0.039,0.014,0.994
2233.97,-0.091,0.039,0.014,0.994
2234.15,-0.091,0.039,0.014,0.994
2234.34,-0.091,0.039,0.014,0.994
2234.52,-0.091,0.039,0.014,0.994
2234.7,-0.091,0.039,0.014,0.994
2234.88,-0.091,0.039,0.014,0.994
2235.7,-0.091,0.039,0.014,0.994
2235.25,-0.091,0.039,0.014,0.994
2235.43,-0.091,0.039,0.014,0.994
2235.61,-0.091,0.039,0.014,0.994
2235.79,-0.091,0.039,0.014,0.994
2235.98,-0.091,0.039,0.014,0.994
2236.16,-0.091,0.039,0.014,0.994
2236.34,-0.091,0.039,0.014,0.994
2236.52,-0.091,0.039,0.014,0.994
2236.71,-0.091,0.039,0.014,0.994
2236.89,-0.091,0.039,0.014,0.994
2237.7,-0.091,0.039,0.014,0.994
2238.16,-0.09,0.039,0.014,0.994
2238.35,-0.09,0.039,0.014,0.994
2238.53,-0.09,0.039,0.014,0.994
2238.71,-0.09,0.039,0.014,0.994
2238.89,-0.091,0.039,0.014,0.994
2239.7,-0.091,0.039,0.014,0.994
2239.26,-0.091,0.039,0.014,0.994
2239.44,-0.091,0.039,0.014,0.994
2239.62,-0.09,0.039,0.014,0.994
2239.8,-0.091,0.039,0.014,0.994
2239.99,-0.091,0.039,0.014,0.994
2240.17,-0.09,0.039,0.014,0.994
2240.35,-0.09,0.039,0.014,0.994
2240.53,-0.091,0.039,0.014,0.994
2240.72,-0.091,0.039,0.014,0.994
2240.9,-0.091,0.039,0.014,0.994
2241.8,-0.091,0.039,0.014,0.994
2241.26,-0.091,0.039,0.014,0.994
2241.44,-0.091,0.039,0.014,0.994
2241.63,-0.092,0.039,0.014,0.994
2241.81,-0.092,0.039,0.014,0.994
2241.99,-0.092,0.039,0.014,0.994
2242.17,-0.091,0.039,0.014,0.994
2242.36,-0.091,0.039,0.014,0.994
2242.54,-0.091,0.039,0.014,0.994
2242.72,-0.091,0.039,0.014,0.994
2242.9,-0.091,0.039,0.014,0.994
2243.8,-0.091,0.039,0.014,0.994
2243.27,-0.091,0.039,0.014,0.994
2243.45,-0.091,0.039,0.014,0.994
2243.63,-0.09,0.039,0.014,0.994
2243.81,-0.09,0.039,0.014,0.994
2244.0,-0.091,0.039,0.014,0.994
2244.18,-0.091,0.039,0.014,0.994
2244.36,-0.091,0.039,0.014,0.994
2244.54,-0.091,0.039,0.014,0.994
2244.72,-0.091,0.039,0.014,0.994
2244.91,-0.091,0.039,0.014,0.994
2245.9,-0.091,0.039,0.014,0.994
2245.27,-0.091,0.039,0.014,0.994
2245.45,-0.091,0.039,0.014,0.994
2245.64,-0.091,0.039,0.014,0.994
2245.82,-0.091,0.039,0.014,0.994
2246.0,-0.091,0.039,0.014,0.994
2246.18,-0.091,0.039,0.014,0.994
2246.37,-0.091,0.039,0.014,0.994
2246.55,-0.091,0.039,0.014,0.994
2246.73,-0.091,0.039,0.014,0.994
2246.91,-0.091,0.039,0.014,0.994
2247.9,-0.091,0.039,0.014,0.994
2247.28,-0.091,0.039,0.014,0.994
2247.46,-0.091,0.039,0.014,0.994
2247.64,-0.09,0.039,0.014,0.994
2247.82,-0.09,0.039,0.014,0.994
2248.1,-0.091,0.039,0.014,0.994
2248.19,-0.091,0.039,0.014,0.994
2248.37,-0.091,0.039,0.014,0.994
2248.55,-0.091,0.039,0.014,0.994
2248.73,-0.091,0.039,0.014,0.994
2248.92,-0.09,0.039,0.014,0.994
2249.1,-0.09,0.039,0.014,0.994
2249.28,-0.09,0.039,0.014,0.994
2249.46,-0.09,0.039,0.014,0.994
2249.65,-0.09,0.039,0.014,0.994
2249.83,-0.091,0.039,0.014,0.994
2250.1,-0.09,0.039,0.014,0.994
2250.19,-0.09,0.039,0.014,0.994
2250.37,-0.09,0.039,0.014,0.994
2250.56,-0.09,0.039,0.014,0.994
2250.74,-0.091,0.039,0.014,0.994
2250.92,-0.091,0.039,0.014,0.994
2251.1,-0.091,0.039,0.014,0.994
2251.29,-0.091,0.039,0.014,0.994
2251.47,-0.091,0.04,0.014,0.994
2251.65,-0.091,0.039,0.014,0.994
2251.83,-0.091,0.039,0.014,0.994
2252.1,-0.091,0.04,0.014,0.994
2252.2,-0.091,0.039,0.014,0.994
2252.38,-0.091,0.039,0.014,0.994
2252.56,-0.091,0.039,0.014,0.994
2252.74,-0.091,0.039,0.014,0.994
2252.93,-0.091,0.039,0.014,0.994
2253.11,-0.091,0.039,0.014,0.994
2253.29,-0.091,0.039,0.014,0.994
2253.47,-0.091,0.039,0.014,0.994
2256.57,-0.09,0.039,0.014,0.994
2256.75,-0.091,0.039,0.014,0.994
2256.94,-0.091,0.039,0.014,0.994
2257.12,-0.091,0.039,0.014,0.994
2257.3,-0.091,0.039,0.014,0.994
2257.48,-0.091,0.039,0.014,0.994
2257.66,-0.091,0.039,0.014,0.994
2257.85,-0.091,0.039,0.014,0.994
2258.3,-0.091,0.039,0.014,0.994
2258.21,-0.091,0.039,0.014,0.994
2258.39,-0.091,0.039,0.014,0.994
2263.68,-0.091,0.039,0.014,0.994
2263.86,-0.091,0.039,0.014,0.994
2264.4,-0.091,0.039,0.014,0.994
2264.22,-0.091,0.039,0.014,0.994
2264.41,-0.092,0.039,0.014,0.994
2264.59,-0.092,0.039,0.014,0.994
2264.77,-0.092,0.039,0.014,0.994
2264.95,-0.092,0.039,0.014,0.994
2265.14,-0.092,0.039,0.014,0.994
2265.32,-0.091,0.039,0.014,0.994
2270.6,-0.09,0.039,0.014,0.994
2270.24,-0.09,0.039,0.014,0.994
2270.42,-0.09,0.039,0.014,0.994
2270.6,-0.091,0.039,0.014,0.994
2270.79,-0.09,0.039,0.014,0.994
2270.97,-0.09,0.039,0.014,0.994
2271.15,-0.09,0.039,0.014,0.994
2271.33,-0.091,0.039,0.014,0.994
2271.51,-0.091,0.039,0.014,0.994
2271.7,-0.091,0.039,0.014,0.994
2271.88,-0.091,0.039,0.014,0.994
2272.6,-0.091,0.039,0.014,0.994
2272.24,-0.091,0.039,0.014,0.994
2272.43,-0.091,0.039,0.014,0.994
2272.61,-0.091,0.039,0.014,0.994
2272.79,-0.091,0.039,0.014,0.994
2272.97,-0.091,0.039,0.014,0.994
2273.15,-0.091,0.039,0.014,0.994
2273.34,-0.091,0.039,0.014,0.994
2273.52,-0.091,0.039,0.014,0.994
2273.7,-0.091,0.039,0.014,0.994
2273.88,-0.091,0.039,0.014,0.994
2274.7,-0.091,0.039,0.014,0.994
2274.25,-0.091,0.039,0.014,0.994
2274.43,-0.091,0.039,0.014,0.994
2274.61,-0.091,0.039,0.014,0.994
2274.8,-0.091,0.039,0.014,0.994
2274.98,-0.091,0.039,0.014,0.994
2275.16,-0.091,0.039,0.014,0.994
2275.34,-0.091,0.039,0.014,0.994
2275.52,-0.091,0.039,0.014,0.994
2275.71,-0.091,0.039,0.014,0.994
2275.89,-0.091,0.039,0.014,0.994
2276.7,-0.091,0.039,0.014,0.994
2276.25,-0.091,0.039,0.014,0.994
2276.44,-0.091,0.039,0.014,0.994
2276.62,-0.091,0.039,0.014,0.994
2276.8,-0.091,0.039,0.014,0.994
2276.98,-0.091,0.039,0.014,0.994
2277.16,-0.091,0.039,0.014,0.994
2277.35,-0.091,0.039,0.014,0.994
2277.53,-0.091,0.039,0.014,0.994
2277.71,-0.091,0.039,0.014,0.994
2277.89,-0.091,0.039,0.014,0.994
2278.8,-0.09,0.039,0.014,0.994
2278.26,-0.09,0.039,0.014,0.994
2278.44,-0.09,0.039,0.014,0.994
2278.62,-0.09,0.039,0.014,0.994
2278.8,-0.09,0.039,0.014,0.994
2278.99,-0.09,0.039,0.014,0.994
2279.17,-0.09,0.039,0.014,0.994
2279.35,-0.09,0.039,0.014,0.994
2279.53,-0.09,0.039,0.014,0.994
2279.72,-0.09,0.039,0.014,0.994
2279.9,-0.09,0.039,0.014,0.994
2280.8,-0.09,0.039,0.014,0.994
2280.26,-0.09,0.039,0.014,0.994
2280.45,-0.09,0.039,0.014,0.994
2280.63,-0.091,0.039,0.014,0.994
2280.81,-0.091,0.039,0.014,0.994
2280.99,-0.091,0.039,0.014,0.994
2281.17,-0.091,0.039,0.014,0.994
2281.36,-0.091,0.039,0.014,0.994
2281.54,-0.091,0.039,0.014,0.994
2281.72,-0.091,0.039,0.014,0.994
2281.9,-0.091,0.039,0.014,0.994
2282.9,-0.091,0.039,0.014,0.994
2282.27,-0.09,0.039,0.014,0.994
2282.45,-0.091,0.039,0.014,0.994
2282.63,-0.091,0.039,0.014,0.994
2283.54,-0.091,0.039,0.014,0.994
2283.73,-0.091,0.039,0.014,0.994
2283.91,-0.091,0.039,0.014,0.994
2284.9,-0.091,0.039,0.014,0.994
2284.27,-0.091,0.039,0.014,0.994
2284.45,-0.091,0.039,0.014,0.994
2284.64,-0.091,0.039,0.014,0.994
2284.82,-0.091,0.039,0.014,0.994
2285.0,-0.091,0.039,0.014,0.994
2285.18,-0.091,0.039,0.014,0.994
2285.37,-0.091,0.039,0.014,0.994
2285.55,-0.091,0.039,0.014,0.994
2285.73,-0.091,0.039,0.014,0.994
2285.91,-0.091,0.039,0.014,0.994
2286.1,-0.091,0.039,0.014,0.994
2286.28,-0.091,0.039,0.014,0.994
2286.46,-0.091,0.039,0.014,0.994
2286.64,-0.091,0.039,0.014,0.994
2286.82,-0.091,0.039,0.014,0.994
2287.1,-0.091,0.039,0.014,0.994
2287.19,-0.091,0.039,0.014,0.994
2287.37,-0.091,0.039,0.014,0.994
2287.55,-0.091,0.039,0.014,0.994
2287.74,-0.091,0.039,0.014,0.994
2287.92,-0.091,0.039,0.014,0.994
2288.1,-0.091,0.039,0.014,0.994
2288.28,-0.091,0.039,0.014,0.994
2288.46,-0.091,0.039,0.014,0.994
2288.65,-0.091,0.039,0.014,0.994
2288.83,-0.091,0.039,0.014,0.994
2289.1,-0.091,0.039,0.014,0.994
2289.19,-0.091,0.039,0.014,0.994
2289.38,-0.091,0.039,0.014,0.994
2289.56,-0.091,0.039,0.014,0.994
2289.74,-0.091,0.039,0.014,0.994
2289.92,-0.091,0.039,0.014,0.994
2290.11,-0.091,0.039,0.014,0.994
2290.29,-0.091,0.039,0.014,0.994
2290.47,-0.091,0.039,0.014,0.994
2290.65,-0.091,0.039,0.014,0.994
2290.83,-0.091,0.039,0.014,0.994
2291.93,-0.091,0.039,0.014,0.994
2292.11,-0.091,0.039,0.014,0.994
2292.29,-0.091,0.039,0.014,0.994
2292.47,-0.091,0.039,0.014,0.994
2292.66,-0.091,0.039,0.014,0.994
2292.84,-0.091,0.039,0.014,0.994
2293.2,-0.091,0.039,0.014,0.994
2293.2,-0.091,0.039,0.014,0.994
2293.39,-0.091,0.039,0.014,0.994
2293.57,-0.091,0.039,0.014,0.994
2293.75,-0.091,0.039,0.014,0.994
2293.93,-0.091,0.039,0.014,0.994
2299.77,-0.091,0.039,0.014,0.994
2299.95,-0.091,0.039,0.014,0.994
2300.13,-0.091,0.039,0.014,0.994
2300.31,-0.091,0.039,0.014,0.994
2300.5,-0.091,0.039,0.014,0.994
2300.68,-0.091,0.039,0.014,0.994
2300.86,-0.09,0.039,0.014,0.994
2301.4,-0.09,0.039,0.014,0.994
2301.22,-0.09,0.039,0.014,0.994
2301.41,-0.09,0.039,0.015,0.994
2301.59,-0.09,0.039,0.015,0.994
2301.77,-0.09,0.039,0.015,0.994
2307.61,-0.091,0.039,0.015,0.994
2307.79,-0.091,0.039,0.015,0.994
2307.97,-0.091,0.039,0.015,0.994
2308.15,-0.091,0.039,0.015,0.994
2308.33,-0.091,0.039,0.015,0.994
2308.52,-0.091,0.039,0.015,0.994
2308.7,-0.091,0.039,0.015,0.994
2308.88,-0.091,0.039,0.015,0.994
2309.6,-0.091,0.039,0.015,0.994
2309.25,-0.091,0.039,0.015,0.994
2309.43,-0.091,0.039,0.015,0.994
2309.61,-0.091,0.039,0.015,0.994
2309.79,-0.091,0.039,0.015,0.994
2309.98,-0.091,0.039,0.015,0.994
2310.16,-0.091,0.039,0.015,0.994
2310.34,-0.091,0.039,0.015,0.994
2310.52,-0.091,0.039,0.015,0.994
2310.7,-0.091,0.039,0.015,0.994
2310.89,-0.091,0.039,0.015,0.994
2311.98,-0.09,0.039,0.015,0.994
2312.16,-0.09,0.039,0.015,0.994
2312.34,-0.09,0.039,0.015,0.994
2312.53,-0.09,0.039,0.015,0.994
2312.71,-0.091,0.039,0.015,0.994
2312.89,-0.091,0.039,0.015,0.994
2313.7,-0.091,0.039,0.015,0.994
2313.26,-0.09,0.039,0.015,0.994
2313.44,-0.091,0.039,0.015,0.994
2313.62,-0.091,0.039,0.015,0.994
2319.27,-0.091,0.039,0.015,0.994
2319.45,-0.091,0.039,0.015,0.994
2319.64,-0.091,0.039,0.015,0.994
2319.82,-0.091,0.039,0.015,0.994
2320.0,-0.091,0.039,0.015,0.994
2320.18,-0.09,0.039,0.015,0.994
2320.36,-0.09,0.039,0.015,0.994
2320.55,-0.091,0.039,0.015,0.994
2320.73,-0.091,0.039,0.015,0.994
2320.91,-0.091,0.039,0.015,0.994
2321.9,-0.09,0.039,0.015,0.994
2326.2,-0.091,0.039,0.015,0.994
2326.2,-0.091,0.039,0.015,0.994
2326.38,-0.091,0.039,0.015,0.994
2326.56,-0.091,0.039,0.015,0.994
2326.74,-0.091,0.039,0.015,0.994
2326.93,-0.091,0.039,0.015,0.994
2327.11,-0.091,0.039,0.015,0.994
2327.29,-0.091,0.039,0.015,0.994
2327.47,-0.091,0.039,0.015,0.994
2327.66,-0.091,0.039,0.015,0.994
2327.84,-0.091,0.039,0.015,0.994
2328.2,-0.091,0.039,0.015,0.994
2328.2,-0.091,0.039,0.015,0.994
2328.38,-0.091,0.039,0.015,0.994
2328.57,-0.091,0.039,0.015,0.994
2328.75,-0.091,0.039,0.015,0.994
2328.93,-0.091,0.039,0.015,0.994
2329.11,-0.091,0.039,0.015,0.994
2329.3,-0.091,0.039,0.015,0.994
2329.48,-0.091,0.039,0.015,0.994
2329.66,-0.091,0.039,0.015,0.994
2329.84,-0.091,0.039,0.015,0.994
2330.3,-0.091,0.039,0.015,0.994
2330.21,-0.091,0.039,0.015,0.994
2330.39,-0.091,0.039,0.015,0.994
2330.57,-0.091,0.039,0.015,0.994
2330.75,-0.091,0.039,0.015,0.994
2330.94,-0.091,0.039,0.015,0.994
2331.12,-0.091,0.039,0.015,0.994
2331.3,-0.09,0.039,0.015,0.994
2331.48,-0.09,0.039,0.015,0.994
2331.67,-0.09,0.039,0.015,0.994
2331.85,-0.09,0.039,0.015,0.994
2332.3,-0.09,0.039,0.015,0.994
2332.21,-0.09,0.039,0.015,0.994
2332.39,-0.09,0.039,0.015,0.994
2332.58,-0.091,0.039,0.015,0.994
2332.76,-0.091,0.039,0.015,0.994
2332.94,-0.091,0.039,0.015,0.994
2333.12,-0.091,0.039,0.015,0.994
2333.31,-0.091,0.039,0.015,0.994
2333.49,-0.091,0.039,0.015,0.994
2333.67,-0.091,0.039,0.015,0.994
2333.85,-0.09,0.039,0.015,0.994
2334.4,-0.09,0.039,0.015,0.994
2334.22,-0.09,0.039,0.015,0.994
2334.4,-0.09,0.039,0.015,0.994
2334.58,-0.091,0.039,0.015,0.994
2334.76,-0.091,0.039,0.015,0.994
2334.95,-0.091,0.039,0.015,0.994
2335.13,-0.091,0.039,0.015,0.994
2335.31,-0.091,0.039,0.015,0.994
2336.77,-0.09,0.039,0.015,0.994
2336.95,-0.09,0.039,0.015,0.994
2337.13,-0.09,0.039,0.015,0.994
2337.32,-0.09,0.039,0.015,0.994
2337.5,-0.09,0.039,0.015,0.994
2337.68,-0.09,0.039,0.015,0.994
2337.86,-0.09,0.039,0.015,0.994
2338.5,-0.09,0.039,0.015,0.994
2338.23,-0.09,0.039,0.015,0.994
2338.41,-0.09,0.039,0.015,0.994
2338.59,-0.09,0.039,0.015,0.994
2338.77,-0.09,0.039,0.015,0.994
2338.96,-0.09,0.039,0.015,0.994
2339.14,-0.09,0.039,0.015,0.994
2339.32,-0.09,0.039,0.015,0.994
2339.5,-0.09,0.039,0.015,0.994
2339.69,-0.09,0.039,0.015,0.994
2339.87,-0.09,0.039,0.015,0.994
2340.5,-0.09,0.039,0.015,0.994
2340.96,-0.091,0.039,0.015,0.994
2341.14,-0.091,0.039,0.015,0.994
2341.33,-0.091,0.039,0.015,0.994
2341.51,-0.091,0.039,0.015,0.994
2341.69,-0.091,0.039,0.015,0.994
2341.87,-0.091,0.039,0.015,0.994
2342.6,-0.091,0.039,0.015,0.994
2342.24,-0.091,0.039,0.015,0.994
2342.42,-0.091,0.039,0.015,0.994
2342.6,-0.091,0.039,0.015,0.994
2348.7,-0.09,0.039,0.015,0.994
2348.25,-0.09,0.039,0.015,0.994
2348.43,-0.09,0.039,0.015,0.994
2348.62,-0.09,0.039,0.015,0.994
2348.8,-0.091,0.039,0.015,0.994
2348.98,-0.091,0.039,0.015,0.994
2349.16,-0.091,0.039,0.015,0.994
2349.35,-0.091,0.039,0.015,0.994
2349.53,-0.091,0.039,0.015,0.994
2349.71,-0.091,0.039,0.015,0.994
2349.89,-0.091,0.039,0.015,0.994
2350.8,-0.091,0.039,0.015,0.994
2355.54,-0.091,0.039,0.015,0.994
2355.73,-0.091,0.039,0.015,0.994
2355.91,-0.091,0.039,0.015,0.994
2356.9,-0.091,0.039,0.015,0.994
2356.27,-0.091,0.039,0.015,0.994
2356.45,-0.091,0.039,0.015,0.994
2356.64,-0.091,0.039,0.015,0.994
2356.82,-0.091,0.039,0.015,0.994
2357.0,-0.091,0.039,0.015,0.994
2357.18,-0.091,0.039,0.015,0.994
2357.37,-0.091,0.039,0.015,0.994
2357.55,-0.091,0.039,0.015,0.994
2357.73,-0.091,0.039,0.015,0.994
2357.91,-0.091,0.039,0.015,0.994
2358.9,-0.091,0.039,0.015,0.994
2358.28,-0.091,0.039,0.015,0.994
2358.46,-0.091,0.039,0.015,0.994
2358.64,-0.091,0.039,0.015,0.994
2358.82,-0.091,0.039,0.015,0.994
2359.1,-0.091,0.039,0.015,0.994
2359.19,-0.091,0.039,0.015,0.994
2359.37,-0.091,0.039,0.015,0.994
2359.55,-0.091,0.039,0.015,0.994
2359.73,-0.091,0.039,0.015,0.994
2359.92,-0.091,0.039,0.015,0.994
2360.1,-0.091,0.039,0.015,0.994
2360.28,-0.091,0.039,0.015,0.994
2360.46,-0.091,0.039,0.015,0.994
2360.65,-0.091,0.039,0.015,0.994
2360.83,-0.091,0.039,0.015,0.994
2361.1,-0.091,0.039,0.015,0.994
2361.19,-0.091,0.039,0.015,0.994
2361.37,-0.091,0.039,0.015,0.994
2361.56,-0.091,0.039,0.015,0.994
2361.74,-0.091,0.039,0.015,0.994
2361.92,-0.091,0.039,0.015,0.994
2362.1,-0.091,0.039,0.015,0.994
2362.29,-0.091,0.039,0.015,0.994
2362.47,-0.091,0.039,0.015,0.994
2362.65,-0.091,0.039,0.015,0.994
2362.83,-0.091,0.039,0.015,0.994
2363.1,-0.091,0.039,0.015,0.994
2363.2,-0.091,0.039,0.015,0.994
2363.38,-0.091,0.039,0.015,0.994
2363.56,-0.091,0.039,0.015,0.994
2363.74,-0.091,0.039,0.015,0.994
2363.93,-0.091,0.039,0.015,0.994
2364.11,-0.091,0.039,0.015,0.994
2364.29,-0.091,0.039,0.015,0.994
2364.47,-0.091,0.039,0.015,0.994
2364.66,-0.091,0.039,0.015,0.994
2364.84,-0.091,0.039,0.015,0.994
2365.2,-0.091,0.039,0.015,0.994
2365.2,-0.091,0.039,0.015,0.994
2365.38,-0.091,0.039,0.015,0.994
2365.57,-0.091,0.039,0.015,0.994
2365.75,-0.091,0.039,0.015,0.994
2365.93,-0.09,0.039,0.015,0.994
2366.11,-0.09,0.039,0.015,0.994
2366.3,-0.09,0.039,0.015,0.994
2367.21,-0.091,0.039,0.015,0.994
2367.39,-0.09,0.039,0.015,0.994
2367.57,-0.09,0.039,0.015,0.994
2367.75,-0.09,0.039,0.015,0.994
2367.94,-0.09,0.039,0.015,0.994
2368.12,-0.09,0.039,0.015,0.994
2368.3,-0.09,0.039,0.015,0.994
2368.48,-0.09,0.039,0.015,0.994
2368.66,-0.09,0.039,0.015,0.994
2368.85,-0.09,0.039,0.015,0.994
2369.3,-0.09,0.039,0.015,0.994
2369.21,-0.09,0.039,0.015,0.994
2369.39,-0.091,0.039,0.015,0.994
2369.58,-0.091,0.039,0.015,0.994
2369.76,-0.091,0.039,0.015,0.994
2369.94,-0.091,0.039,0.015,0.994
2370.12,-0.091,0.039,0.015,0.994
2370.31,-0.09,0.039,0.015,0.994
2370.49,-0.09,0.039,0.015,0.994
2370.67,-0.09,0.039,0.015,0.994
2370.85,-0.09,0.039,0.015,0.994
2371.3,-0.09,0.039,0.015,0.994
2371.22,-0.09,0.039,0.015,0.994
2371.4,-0.09,0.039,0.015,0.994
2371.58,-0.09,0.039,0.015,0.994
2371.76,-0.09,0.039,0.015,0.994
2371.95,-0.09,0.039,0.015,0.994
2372.13,-0.09,0.039,0.015,0.994
2372.31,-0.09,0.039,0.015,0.994
2372.49,-0.09,0.039,0.015,0.994
2372.68,-0.09,0.039,0.015,0.994
2372.86,-0.09,0.039,0.015,0.994
2373.4,-0.09,0.039,0.015,0.994
2373.22,-0.09,0.039,0.015,0.994
2373.4,-0.09,0.039,0.015,0.994
2374.32,-0.091,0.039,0.015,0.994
2374.5,-0.091,0.039,0.015,0.994
2374.68,-0.091,0.039,0.015,0.994
2374.86,-0.091,0.039,0.015,0.994
2375.5,-0.091,0.039,0.015,0.994
2375.23,-0.091,0.039,0.015,0.994
2375.41,-0.091,0.039,0.015,0.994
2375.59,-0.091,0.039,0.015,0.994
2375.77,-0.091,0.039,0.015,0.994
2375.96,-0.091,0.039,0.015,0.994
2376.14,-0.091,0.039,0.015,0.994
2376.32,-0.091,0.039,0.015,0.994
2382.15,-0.091,0.039,0.015,0.994
2382.34,-0.091,0.039,0.015,0.994
2382.52,-0.091,0.039,0.015,0.994
2382.7,-0.09,0.039,0.015,0.994
2382.88,-0.09,0.039,0.015,0.994
2383.6,-0.09,0.039,0.015,0.994
2383.25,-0.091,0.039,0.015,0.994
2383.43,-0.091,0.039,0.015,0.994
2383.61,-0.091,0.039,0.015,0.994
2383.79,-0.091,0.039,0.015,0.994
2383.98,-0.091,0.039,0.015,0.994
2390.17,-0.09,0.039,0.016,0.994
2390.36,-0.09,0.039,0.016,0.994
2390.54,-0.091,0.039,0.016,0.994
2390.72,-0.091,0.039,0.016,0.994
2390.9,-0.091,0.039,0.016,0.994
2391.9,-0.091,0.039,0.016,0.994
2391.27,-0.09,0.039,0.016,0.994
2391.45,-0.091,0.039,0.016,0.994
2391.63,-0.09,0.039,0.016,0.994
2391.81,-0.091,0.039,0.016,0.994
2392.0,-0.091,0.039,0.016,0.994
2392.18,-0.091,0.039,0.016,0.994
2392.36,-0.091,0.039,0.016,0.994
2392.54,-0.091,0.039,0.016,0.994
2392.73,-0.091,0.039,0.016,0.994
2392.91,-0.091,0.039,0.016,0.994
2393.9,-0.091,0.039,0.016,0.994
2393.27,-0.091,0.039,0.016,0.994
2393.45,-0.091,0.039,0.016,0.994
2393.64,-0.091,0.039,0.016,0.994
2393.82,-0.091,0.039,0.016,0.994
2394.0,-0.091,0.039,0.016,0.994
2394.18,-0.091,0.039,0.016,0.994
2394.37,-0.091,0.039,0.016,0.994
2394.55,-0.091,0.039,0.016,0.994
2394.73,-0.091,0.039,0.016,0.994
2394.91,-0.091,0.039,0.016,0.994
2395.1,-0.091,0.039,0.016,0.994
2395.28,-0.091,0.039,0.016,0.994
2395.46,-0.091,0.039,0.016,0.994
2395.64,-0.091,0.039,0.016,0.994
2395.82,-0.091,0.039,0.016,0.994
2396.1,-0.091,0.039,0.016,0.994
2396.19,-0.091,0.039,0.016,0.994
2396.37,-0.091,0.039,0.016,0.994
2396.55,-0.091,0.039,0.016,0.994
2396.74,-0.091,0.039,0.016,0.994
2398.1,-0.091,0.039,0.015,0.994
2398.19,-0.091,0.039,0.016,0.994
2398.38,-0.091,0.039,0.016,0.994
2398.56,-0.091,0.039,0.016,0.994
2398.74,-0.091,0.039,0.016,0.994
2398.92,-0.091,0.039,0.016,0.994
2399.11,-0.091,0.039,0.016,0.994
2399.29,-0.091,0.039,0.016,0.994
2399.47,-0.091,0.039,0.016,0.994
2399.65,-0.091,0.039,0.016,0.994
2405.85,-0.091,0.039,0.016,0.994
2406.3,-0.091,0.039,0.016,0.994
2406.21,-0.091,0.039,0.016,0.994
2406.4,-0.091,0.039,0.016,0.994
2406.58,-0.091,0.039,0.016,0.994
2406.76,-0.091,0.039,0.016,0.994
2406.94,-0.091,0.039,0.016,0.994
2407.12,-0.091,0.039,0.016,0.994
2407.31,-0.091,0.039,0.016,0.994
2407.49,-0.091,0.039,0.016,0.994
2407.67,-0.091,0.039,0.016,0.994
2407.85,-0.091,0.039,0.016,0.994
2408.4,-0.091,0.039,0.016,0.994
2408.22,-0.091,0.039,0.016,0.994
2408.4,-0.091,0.039,0.016,0.994
2408.58,-0.091,0.039,0.016,0.994
2408.76,-0.091,0.039,0.016,0.994
2408.95,-0.091,0.039,0.016,0.994
2409.13,-0.091,0.039,0.016,0.994
2409.31,-0.091,0.039,0.016,0.994
2409.49,-0.091,0.039,0.016,0.994
2409.68,-0.091,0.039,0.016,0.994
2409.86,-0.091,0.039,0.016,0.994
2410.4,-0.091,0.039,0.016,0.994
2410.22,-0.091,0.039,0.016,0.994
2410.41,-0.091,0.039,0.016,0.994
2410.59,-0.091,0.039,0.016,0.994
2410.77,-0.091,0.039,0.016,0.994
2410.95,-0.091,0.039,0.016,0.994
2411.13,-0.091,0.039,0.016,0.994
2411.32,-0.091,0.039,0.016,0.994
2411.5,-0.091,0.039,0.016,0.994
2411.68,-0.091,0.039,0.016,0.994
2411.86,-0.091,0.039,0.016,0.994
2412.5,-0.091,0.039,0.016,0.994
2412.23,-0.091,0.039,0.016,0.994
2412.41,-0.091,0.039,0.016,0.994
2414.23,-0.091,0.039,0.016,0.994
2414.42,-0.091,0.039,0.016,0.994
2414.6,-0.091,0.039,0.016,0.994
2414.78,-0.091,0.039,0.016,0.994
2414.96,-0.091,0.039,0.016,0.994
2415.14,-0.091,0.039,0.016,0.994
2415.33,-0.091,0.039,0.016,0.994
2415.51,-0.091,0.039,0.016,0.994
2415.69,-0.091,0.039,0.016,0.994
2415.87,-0.091,0.039,0.016,0.994
2416.6,-0.091,0.039,0.016,0.994
2422.43,-0.091,0.039,0.016,0.994
2422.62,-0.091,0.039,0.016,0.994
2422.8,-0.091,0.039,0.016,0.994
2422.98,-0.091,0.039,0.016,0.994
2423.16,-0.091,0.039,0.016,0.994
2423.35,-0.091,0.039,0.016,0.994
2423.53,-0.091,0.039,0.016,0.994
2423.71,-0.091,0.039,0.016,0.994
2423.89,-0.091,0.039,0.016,0.994
2424.8,-0.091,0.039,0.016,0.994
2429.18,-0.091,0.039,0.016,0.994
2429.36,-0.091,0.039,0.016,0.994
2429.54,-0.091,0.039,0.016,0.994
2429.73,-0.091,0.039,0.016,0.994
2429.91,-0.091,0.039,0.016,0.994
2430.9,-0.091,0.039,0.016,0.994
2430.27,-0.091,0.039,0.016,0.994
2430.45,-0.091,0.039,0.016,0.994
2430.64,-0.091,0.039,0.016,0.994
2430.82,-0.091,0.039,0.016,0.994
2431.0,-0.091,0.039,0.016,0.994
2436.1,-0.091,0.039,0.016,0.994
2436.29,-0.091,0.039,0.016,0.994
2436.47,-0.091,0.039,0.016,0.994
2436.65,-0.091,0.039,0.016,0.994
2436.83,-0.091,0.039,0.016,0.994
2437.2,-0.091,0.039,0.016,0.994
2437.2,-0.091,0.039,0.016,0.994
2437.38,-0.091,0.039,0.016,0.994
2437.56,-0.091,0.039,0.016,0.994
2437.74,-0.091,0.039,0.016,0.994
2437.93,-0.091,0.039,0.016,0.994
2438.11,-0.09,0.039,0.016,0.994
2438.29,-0.09,0.039,0.016,0.994
2438.47,-0.09,0.039,0.016,0.994
2438.66,-0.09,0.039,0.016,0.994
2438.84,-0.09,0.039,0.016,0.994
2439.2,-0.091,0.039,0.016,0.994
2439.2,-0.091,0.039,0.016,0.994
2439.39,-0.091,0.039,0.016,0.994
2439.57,-0.09,0.039,0.016,0.994
2439.75,-0.09,0.039,0.016,0.994
2439.93,-0.09,0.039,0.016,0.994
2440.11,-0.09,0.039,0.016,0.994
2440.3,-0.09,0.039,0.016,0.994
2440.48,-0.09,0.039,0.016,0.994
2440.66,-0.091,0.039,0.016,0.994
2440.84,-0.09,0.039,0.016,0.994
2441.3,-0.091,0.039,0.016,0.994
2441.21,-0.091,0.039,0.016,0.994
2441.39,-0.091,0.039,0.016,0.994
2441.57,-0.09,0.039,0.016,0.994
2441.75,-0.09,0.039,0.016,0.994
2441.94,-0.09,0.039,0.016,0.994
2442.12,-0.09,0.039,0.016,0.994
2442.3,-0.09,0.039,0.016,0.994
2442.48,-0.09,0.039,0.016,0.994
2442.67,-0.09,0.039,0.016,0.994
2442.85,-0.091,0.039,0.016,0.994
2443.3,-0.091,0.039,0.016,0.994
2443.21,-0.091,0.039,0.017,0.994
2443.4,-0.091,0.039,0.017,0.994
2443.58,-0.091,0.039,0.017,0.994
2443.76,-0.091,0.039,0.016,0.994
2443.94,-0.091,0.039,0.017,0.994
2444.12,-0.091,0.039,0.016,0.994
2444.31,-0.091,0.039,0.017,0.994
2444.49,-0.091,0.039,0.016,0.994
2444.67,-0.091,0.039,0.016,0.994
2444.85,-0.091,0.039,0.016,0.994
2445.4,-0.091,0.039,0.017,0.994
2445.22,-0.091,0.039,0.017,0.994
2445.4,-0.091,0.039,0.017,0.994
2445.58,-0.091,0.039,0.017,0.994
2445.77,-0.091,0.039,0.017,0.994
2445.95,-0.091,0.039,0.017,0.994
2446.13,-0.091,0.039,0.017,0.994
2446.31,-0.091,0.039,0.017,0.994
2446.49,-0.091,0.039,0.017,0.994
2446.68,-0.09,0.039,0.017,0.994
2446.86,-0.09,0.039,0.017,0.994
2447.4,-0.09,0.039,0.017,0.994
2447.22,-0.091,0.039,0.017,0.994
2447.41,-0.091,0.039,0.017,0.994
2447.59,-0.091,0.039,0.017,0.994
2447.77,-0.091,0.039,0.017,0.994
2447.95,-0.091,0.039,0.017,0.994
2448.13,-0.091,0.039,0.017,0.994
2448.32,-0.09,0.039,0.017,0.994
2448.5,-0.09,0.039,0.017,0.994
2448.68,-0.09,0.039,0.017,0.994
2448.86,-0.09,0.039,0.017,0.994
2449.5,-0.09,0.039,0.017,0.994
2449.23,-0.09,0.039,0.017,0.994
2449.41,-0.09,0.039,0.016,0.994
2449.59,-0.09,0.039,0.016,0.994
2449.78,-0.09,0.039,0.016,0.994
2449.96,-0.09,0.039,0.016,0.994
2450.14,-0.09,0.039,0.017,0.994
2450.32,-0.09,0.039,0.017,0.994
2450.5,-0.09,0.039,0.017,0.994
2450.69,-0.09,0.039,0.017,0.994
2450.87,-0.09,0.039,0.017,0.994
2451.5,-0.09,0.039,0.017,0.994
2451.23,-0.09,0.039,0.017,0.994
2451.42,-0.09,0.039,0.017,0.994
2451.6,-0.09,0.039,0.017,0.994
2451.78,-0.09,0.039,0.017,0.994
2451.96,-0.09,0.039,0.017,0.994
2452.14,-0.09,0.039,0.017,0.994
2452.33,-0.09,0.039,0.017,0.994
2452.51,-0.09,0.039,0.017,0.994
2452.69,-0.09,0.039,0.017,0.994
2453.79,-0.09,0.039,0.017,0.994
2453.97,-0.091,0.039,0.017,0.994
2454.15,-0.091,0.039,0.017,0.994
2454.33,-0.091,0.039,0.017,0.994
2454.51,-0.091,0.039,0.017,0.994
2454.7,-0.091,0.039,0.017,0.994
2454.88,-0.091,0.039,0.017,0.994
2455.6,-0.091,0.039,0.017,0.994
2455.24,-0.091,0.039,0.017,0.994
2455.43,-0.091,0.039,0.017,0.994
2455.61,-0.091,0.039,0.017,0.994
2455.79,-0.091,0.039,0.017,0.994
2455.97,-0.091,0.039,0.017,0.994
2456.16,-0.091,0.039,0.017,0.994
2456.34,-0.091,0.039,0.017,0.994
2456.52,-0.091,0.039,0.017,0.994
2456.7,-0.091,0.039,0.017,0.994
2456.88,-0.091,0.039,0.017,0.994
2457.7,-0.091,0.039,0.017,0.994
2457.25,-0.091,0.039,0.017,0.994
2457.43,-0.091,0.039,0.017,0.994
2457.61,-0.091,0.039,0.017,0.994
2457.8,-0.091,0.039,0.017,0.994
2457.98,-0.091,0.039,0.017,0.994
2458.16,-0.091,0.039,0.017,0.994
2458.34,-0.091,0.039,0.017,0.994
2458.52,-0.091,0.039,0.017,0.994
2458.71,-0.091,0.039,0.017,0.994
2458.89,-0.091,0.039,0.017,0.994
2459.7,-0.091,0.039,0.017,0.994
2459.25,-0.091,0.039,0.017,0.994
2459.44,-0.091,0.039,0.017,0.994
2459.62,-0.091,0.039,0.017,0.994
2459.8,-0.091,0.039,0.017,0.994
2459.98,-0.091,0.039,0.017,0.994
2460.17,-0.091,0.039,0.017,0.994
2460.35,-0.091,0.039,0.017,0.994
2460.53,-0.091,0.039,0.017,0.994
2460.71,-0.091,0.039,0.017,0.994
2460.89,-0.091,0.039,0.017,0.994
2461.8,-0.091,0.039,0.017,0.994
2461.26,-0.091,0.039,0.017,0.994
2461.44,-0.091,0.039,0.017,0.994
2461.62,-0.091,0.039,0.017,0.994
2461.81,-0.091,0.039,0.017,0.994
2461.99,-0.091,0.039,0.017,0.994
2462.17,-0.091,0.039,0.017,0.994
2462.35,-0.091,0.039,0.017,0.994
2462.53,-0.091,0.039,0.017,0.994
2462.72,-0.091,0.039,0.017,0.994
2462.9,-0.091,0.039,0.017,0.994
2463.8,-0.091,0.039,0.017,0.994
2463.26,-0.091,0.039,0.017,0.994
2463.45,-0.091,0.039,0.017,0.994
2463.63,-0.091,0.039,0.017,0.994
2463.81,-0.091,0.039,0.017,0.994
2463.99,-0.091,0.039,0.017,0.994
2464.17,-0.091,0.039,0.017,0.994
2464.36,-0.091,0.039,0.017,0.994
2464.54,-0.091,0.039,0.017,0.994
2468.0,-0.091,0.039,0.017,0.994
2468.18,-0.091,0.039,0.017,0.994
2468.37,-0.091,0.039,0.017,0.994
2468.55,-0.091,0.039,0.017,0.994
2468.73,-0.091,0.039,0.017,0.994
2468.91,-0.091,0.039,0.017,0.994
2469.1,-0.091,0.039,0.017,0.994
2469.28,-0.091,0.039,0.017,0.994
2469.46,-0.091,0.039,0.017,0.994
2469.64,-0.091,0.039,0.017,0.994
2469.83,-0.091,0.039,0.017,0.994
2470.1,-0.091,0.039,0.017,0.994
2470.19,-0.091,0.039,0.017,0.994
2470.37,-0.09,0.039,0.017,0.994
2470.55,-0.09,0.039,0.017,0.994
2470.74,-0.09,0.039,0.017,0.994
2470.92,-0.09,0.039,0.017,0.994
2471.1,-0.09,0.039,0.017,0.994
2471.28,-0.09,0.039,0.017,0.994
2471.47,-0.091,0.039,0.017,0.994
2471.65,-0.091,0.039,0.017,0.994
2471.83,-0.091,0.039,0.017,0.994
2472.1,-0.091,0.039,0.017,0.994
2472.19,-0.091,0.039,0.017,0.994
2473.29,-0.09,0.039,0.017,0.994
2473.47,-0.091,0.039,0.017,0.994
2473.65,-0.091,0.039,0.017,0.994
2473.84,-0.091,0.039,0.017,0.994
2474.2,-0.091,0.039,0.017,0.994
2474.2,-0.091,0.039,0.017,0.994
2474.38,-0.091,0.039,0.017,0.994
2474.56,-0.091,0.039,0.017,0.994
2474.75,-0.091,0.039,0.017,0.994
2474.93,-0.091,0.039,0.017,0.994
2475.11,-0.091,0.039,0.017,0.994
2475.29,-0.091,0.039,0.017,0.994
2475.48,-0.091,0.039,0.017,0.994
2475.66,-0.091,0.039,0.017,0.994
2475.84,-0.091,0.039,0.017,0.994
2476.2,-0.091,0.039,0.017,0.994
2476.2,-0.091,0.039,0.017,0.994
2476.39,-0.091,0.039,0.017,0.994
2476.57,-0.091,0.039,0.017,0.994
2476.75,-0.091,0.039,0.017,0.994
2476.93,-0.091,0.039,0.017,0.994
2477.12,-0.091,0.039,0.017,0.994
2478.21,-0.091,0.039,0.017,0.994
2478.39,-0.091,0.039,0.017,0.994
2478.57,-0.091,0.039,0.017,0.994
2478.76,-0.091,0.039,0.017,0.994
2478.94,-0.091,0.039,0.017,0.994
2479.12,-0.091,0.039,0.017,0.994
2479.3,-0.091,0.039,0.017,0.994
2479.49,-0.091,0.039,0.017,0.994
2479.67,-0.091,0.039,0.017,0.994
2479.85,-0.091,0.039,0.017,0.994
2480.3,-0.091,0.039,0.017,0.994
2480.21,-0.091,0.039,0.017,0.994
2480.4,-0.091,0.039,0.017,0.994
2480.58,-0.091,0.039,0.017,0.994
2480.76,-0.091,0.039,0.017,0.994
2480.94,-0.091,0.039,0.017,0.994
2481.13,-0.091,0.039,0.017,0.994
2481.31,-0.091,0.039,0.017,0.994
2481.49,-0.091,0.039,0.017,0.994
2481.67,-0.091,0.039,0.017,0.994
2481.86,-0.091,0.039,0.017,0.994
2482.4,-0.091,0.039,0.017,0.994
2482.22,-0.091,0.039,0.017,0.994
2482.4,-0.091,0.039,0.017,0.994
2482.58,-0.091,0.039,0.017,0.994
2482.77,-0.091,0.039,0.017,0.994
2482.95,-0.091,0.039,0.017,0.994
2483.13,-0.091,0.039,0.017,0.994
2483.31,-0.091,0.039,0.017,0.994
2483.5,-0.091,0.039,0.017,0.994
2483.68,-0.091,0.039,0.017,0.994
2483.86,-0.091,0.039,0.017,0.994
2484.4,-0.091,0.039,0.017,0.994
2484.22,-0.091,0.039,0.017,0.994
2484.41,-0.091,0.039,0.017,0.994
2484.59,-0.091,0.039,0.017,0.994
2484.77,-0.091,0.039,0.017,0.994
2484.95,-0.091,0.039,0.017,0.994
2485.14,-0.091,0.039,0.017,0.994
2485.32,-0.091,0.039,0.017,0.994
2485.5,-0.091,0.039,0.017,0.994
2485.68,-0.091,0.039,0.017,0.994
2485.86,-0.091,0.039,0.017,0.994
2486.5,-0.091,0.039,0.017,0.994
2486.23,-0.091,0.039,0.017,0.994
2486.41,-0.091,0.039,0.017,0.994
2486.59,-0.091,0.039,0.017,0.994
2486.78,-0.091,0.039,0.017,0.994
2486.96,-0.091,0.039,0.017,0.994
2487.14,-0.091,0.039,0.017,0.994
2487.32,-0.091,0.039,0.017,0.994
2487.51,-0.091,0.039,0.017,0.994
2487.69,-0.091,0.039,0.017,0.994
2487.87,-0.091,0.039,0.017,0.994
2488.5,-0.091,0.039,0.017,0.994
2488.23,-0.091,0.039,0.017,0.994
2488.42,-0.091,0.039,0.017,0.994
2488.6,-0.091,0.039,0.017,0.994
2488.78,-0.091,0.039,0.017,0.994
2488.96,-0.091,0.039,0.017,0.994
2489.15,-0.091,0.039,0.017,0.994
2489.33,-0.091,0.039,0.017,0.994
2489.51,-0.091,0.039,0.017,0.994
2489.69,-0.091,0.039,0.017,0.994
2489.87,-0.091,0.039,0.017,0.994
2490.6,-0.09,0.039,0.017,0.994
2490.24,-0.09,0.039,0.017,0.994
2490.42,-0.091,0.039,0.017,0.994
2490.6,-0.091,0.039,0.017,0.994
2490.79,-0.091,0.039,0.017,0.994
2490.97,-0.091,0.039,0.017,0.994
2491.15,-0.091,0.039,0.017,0.994
2491.33,-0.091,0.039,0.017,0.994
2491.51,-0.091,0.039,0.017,0.994
2491.7,-0.091,0.039,0.017,0.994
2491.88,-0.091,0.039,0.017,0.994
2492.6,-0.091,0.039,0.017,0.994
2492.24,-0.091,0.039,0.017,0.994
2492.43,-0.091,0.039,0.017,0.994
2496.62,-0.091,0.039,0.017,0.994
2496.8,-0.091,0.039,0.017,0.994
2496.98,-0.091,0.039,0.017,0.994
2497.17,-0.091,0.039,0.017,0.994
2497.35,-0.091,0.039,0.017,0.994
2497.53,-0.091,0.039,0.017,0.994
2497.71,-0.091,0.039,0.017,0.994
2497.89,-0.091,0.039,0.017,0.994
2498.8,-0.09,0.039,0.017,0.994
2498.26,-0.091,0.039,0.017,0.994
2498.44,-0.091,0.039,0.017,0.994
2498.62,-0.091,0.039,0.017,0.994
2498.81,-0.091,0.039,0.017,0.994
2498.99,-0.091,0.039,0.017,0.994
2499.17,-0.091,0.039,0.017,0.994
2499.35,-0.091,0.039,0.017,0.994
2499.53,-0.091,0.039,0.017,0.994
2499.72,-0.091,0.039,0.017,0.994
2499.9,-0.091,0.039,0.017,0.994
2500.8,-0.091,0.039,0.017,0.994
2500.26,-0.091,0.039,0.017,0.994
2500.45,-0.091,0.039,0.017,0.994
2500.63,-0.091,0.039,0.017,0.994
2500.81,-0.091,0.039,0.017,0.994
2500.99,-0.091,0.039,0.017,0.994
2501.17,-0.091,0.039,0.017,0.994
2501.36,-0.091,0.039,0.017,0.994
2501.54,-0.091,0.039,0.017,0.994
2501.72,-0.091,0.039,0.017,0.994
2501.9,-0.091,0.039,0.017,0.994
2502.9,-0.091,0.039,0.017,0.994
2502.27,-0.09,0.039,0.017,0.994
2502.45,-0.091,0.039,0.017,0.994
2502.63,-0.091,0.039,0.017,0.994
2502.81,-0.091,0.039,0.017,0.994
2503.0,-0.091,0.039,0.017,0.994
2503.18,-0.09,0.039,0.017,0.994
2503.36,-0.09,0.039,0.017,0.994
2503.54,-0.091,0.039,0.017,0.994
2503.73,-0.091,0.039,0.017,0.994
2503.91,-0.091,0.039,0.017,0.994
2504.9,-0.091,0.039,0.017,0.994
2504.27,-0.091,0.039,0.017,0.994
2504.46,-0.091,0.039,0.017,0.994
2504.64,-0.091,0.039,0.017,0.994
2504.82,-0.091,0.039,0.017,0.994
2505.0,-0.091,0.039,0.017,0.994
2505.18,-0.091,0.039,0.017,0.994
2505.37,-0.091,0.039,0.017,0.994
2505.55,-0.091,0.039,0.017,0.994
2505.73,-0.09,0.039,0.017,0.994
2505.91,-0.091,0.039,0.017,0.994
2506.1,-0.091,0.039,0.017,0.994
2506.28,-0.091,0.039,0.017,0.994
2506.46,-0.091,0.039,0.017,0.994
2506.64,-0.091,0.039,0.017,0.994
2506.82,-0.091,0.039,0.017,0.994
2511.2,-0.09,0.039,0.017,0.994
2511.2,-0.091,0.039,0.017,0.994
2511.38,-0.09,0.039,0.017,0.994
2511.56,-0.091,0.039,0.017,0.994
2511.75,-0.091,0.039,0.017,0.994
2511.93,-0.091,0.039,0.017,0.994
2512.11,-0.091,0.039,0.017,0.994
2512.29,-0.091,0.039,0.017,0.994
2512.48,-0.091,0.039,0.017,0.994
2512.66,-0.091,0.039,0.017,0.994
2512.84,-0.091,0.039,0.017,0.994
2513.2,-0.091,0.039,0.017,0.994
2513.2,-0.091,0.039,0.017,0.994
2513.39,-0.091,0.039,0.017,0.994
2513.57,-0.091,0.039,0.017,0.994
2513.75,-0.091,0.039,0.017,0.994
2514.84,-0.091,0.039,0.017,0.994
2515.3,-0.091,0.039,0.017,0.994
2515.21,-0.091,0.039,0.017,0.994
2515.39,-0.091,0.039,0.017,0.994
2515.57,-0.091,0.039,0.017,0.994
2515.76,-0.09,0.039,0.017,0.994
2515.94,-0.09,0.039,0.017,0.994
2516.12,-0.09,0.039,0.017,0.994
2516.3,-0.09,0.039,0.017,0.994
2516.48,-0.09,0.039,0.017,0.994
2516.67,-0.09,0.039,0.017,0.994
2516.85,-0.09,0.039,0.017,0.994
2517.3,-0.09,0.039,0.017,0.994
2517.21,-0.09,0.039,0.017,0.994
2517.4,-0.09,0.039,0.017,0.994
2517.58,-0.091,0.039,0.017,0.994
2517.76,-0.091,0.039,0.017,0.994
2517.94,-0.091,0.039,0.017,0.994
2518.13,-0.09,0.039,0.017,0.994
2518.31,-0.09,0.039,0.017,0.994
2518.49,-0.091,0.039,0.017,0.994
2518.67,-0.09,0.039,0.017,0.994
2518.85,-0.09,0.039,0.017,0.994
2519.4,-0.09,0.039,0.017,0.994
2519.22,-0.09,0.039,0.017,0.994
2519.4,-0.091,0.039,0.017,0.994
2519.58,-0.091,0.039,0.017,0.994
2519.77,-0.091,0.039,0.017,0.994
2519.95,-0.091,0.039,0.017,0.994
2520.13,-0.091,0.039,0.017,0.994
2520.31,-0.091,0.039,0.017,0.994
2520.49,-0.091,0.039,0.017,0.994
2520.68,-0.091,0.039,0.017,0.994
2520.86,-0.091,0.039,0.017,0.994
2521.4,-0.091,0.039,0.017,0.994
2521.22,-0.091,0.039,0.017,0.994
2521.41,-0.09,0.039,0.017,0.994
2521.59,-0.09,0.039,0.017,0.994
2521.77,-0.09,0.039,0.017,0.994
2521.95,-0.09,0.039,0.017,0.994
2522.13,-0.091,0.039,0.017,0.994
2522.32,-0.091,0.039,0.017,0.994
2522.5,-0.091,0.039,0.017,0.994
2522.68,-0.09,0.039,0.017,0.994
2522.86,-0.091,0.039,0.017,0.994
2523.5,-0.091,0.039,0.017,0.994
2523.23,-0.091,0.039,0.017,0.994
2523.41,-0.091,0.039,0.017,0.994
2523.59,-0.091,0.039,0.017,0.994
2523.77,-0.091,0.039,0.017,0.994
2523.96,-0.091,0.039,0.017,0.994
2524.14,-0.091,0.039,0.017,0.994
2524.32,-0.091,0.039,0.017,0.994
2524.5,-0.091,0.039,0.017,0.994
2524.69,-0.091,0.039,0.017,0.994
2524.87,-0.091,0.039,0.017,0.994
2525.5,-0.091,0.039,0.017,0.994
2525.23,-0.091,0.039,0.017,0.994
2525.42,-0.091,0.039,0.017,0.994
2525.6,-0.091,0.039,0.017,0.994
2525.78,-0.091,0.039,0.017,0.994
2525.96,-0.091,0.039,0.017,0.994
2526.14,-0.091,0.039,0.017,0.994
2526.33,-0.091,0.039,0.017,0.994
2526.51,-0.091,0.039,0.017,0.994
2526.69,-0.091,0.039,0.017,0.994
2526.87,-0.091,0.039,0.017,0.994
2527.6,-0.091,0.039,0.017,0.994
2527.24,-0.091,0.039,0.017,0.994
2527.42,-0.091,0.039,0.017,0.994
2527.6,-0.091,0.039,0.017,0.994
2527.78,-0.09,0.039,0.017,0.994
2527.97,-0.09,0.039,0.017,0.994
2528.15,-0.09,0.039,0.017,0.994
2528.33,-0.09,0.039,0.017,0.994
2528.51,-0.091,0.039,0.017,0.994
2528.7,-0.091,0.039,0.017,0.994
2528.88,-0.091,0.039,0.017,0.994
2529.6,-0.091,0.039,0.017,0.994
2529.24,-0.091,0.039,0.017,0.994
2529.42,-0.091,0.039,0.017,0.994
2530.52,-0.091,0.039,0.017,0.994
2530.7,-0.091,0.039,0.017,0.994
2530.88,-0.091,0.039,0.017,0.994
2531.7,-0.091,0.039,0.017,0.994
2531.25,-0.091,0.039,0.017,0.994
2531.43,-0.091,0.039,0.017,0.994
2531.61,-0.091,0.039,0.017,0.994
2531.79,-0.091,0.039,0.017,0.994
2531.98,-0.091,0.039,0.017,0.994
2532.16,-0.091,0.039,0.017,0.994
2532.34,-0.091,0.039,0.017,0.994
2532.52,-0.091,0.039,0.017,0.994
2532.71,-0.09,0.039,0.017,0.994
2532.89,-0.09,0.039,0.017,0.994
2533.7,-0.09,0.039,0.017,0.994
2533.25,-0.09,0.039,0.017,0.994
2533.43,-0.09,0.039,0.017,0.994
2533.62,-0.09,0.039,0.017,0.994
2533.8,-0.09,0.039,0.017,0.994
2533.98,-0.09,0.039,0.017,0.994
2534.16,-0.09,0.039,0.017,0.994
2534.35,-0.09,0.039,0.017,0.994
2534.53,-0.09,0.039,0.017,0.994
2534.71,-0.09,0.039,0.017,0.994
2534.89,-0.09,0.039,0.017,0.994
2535.7,-0.09,0.039,0.017,0.994
2535.26,-0.09,0.039,0.017,0.994
2535.44,-0.09,0.039,0.017,0.994
2535.62,-0.09,0.039,0.017,0.994
2535.8,-0.09,0.039,0.017,0.994
2535.99,-0.09,0.039,0.017,0.994
2536.17,-0.091,0.039,0.017,0.994
2536.35,-0.09,0.039,0.017,0.994
2536.53,-0.091,0.039,0.017,0.994
2536.72,-0.091,0.039,0.017,0.994
2536.9,-0.091,0.039,0.017,0.994
2537.8,-0.091,0.039,0.017,0.994
2537.26,-0.091,0.039,0.017,0.994
2537.44,-0.091,0.039,0.017,0.994
2537.63,-0.091,0.039,0.017,0.994
2537.81,-0.091,0.039,0.017,0.994
2537.99,-0.09,0.039,0.017,0.994
2538.17,-0.09,0.039,0.017,0.994
2538.36,-0.09,0.039,0.017,0.994
2538.54,-0.091,0.039,0.017,0.994
2538.72,-0.091,0.039,0.017,0.994
2538.9,-0.091,0.039,0.017,0.994
2539.8,-0.09,0.039,0.017,0.994
2539.27,-0.091,0.039,0.017,0.994
2539.45,-0.091,0.039,0.017,0.994
2539.63,-0.091,0.039,0.017,0.994
2539.81,-0.091,0.039,0.017,0.994
2540.0,-0.091,0.039,0.017,0.994
2540.18,-0.091,0.039,0.017,0.994
2540.36,-0.091,0.039,0.017,0.994
2540.54,-0.091,0.039,0.017,0.994
2540.72,-0.091,0.039,0.017,0.994
2541.82,-0.091,0.039,0.017,0.994
2542.0,-0.091,0.039,0.017,0.994
2542.18,-0.091,0.039,0.017,0.994
2542.37,-0.091,0.039,0.017,0.994
2542.55,-0.091,0.039,0.017,0.994
2542.73,-0.091,0.039,0.017,0.994
2542.91,-0.091,0.039,0.017,0.994
2543.9,-0.091,0.039,0.017,0.994
2543.28,-0.091,0.039,0.017,0.994
2543.46,-0.091,0.039,0.017,0.994
2543.64,-0.091,0.039,0.017,0.994
2543.82,-0.091,0.039,0.017,0.994
2550.2,-0.091,0.039,0.017,0.994
2550.38,-0.091,0.039,0.017,0.994
2550.57,-0.091,0.039,0.017,0.994
2550.75,-0.091,0.039,0.018,0.994
2550.93,-0.091,0.039,0.018,0.994
2551.11,-0.091,0.039,0.018,0.994
2551.3,-0.091,0.039,0.018,0.994
2551.48,-0.091,0.039,0.018,0.994
2551.66,-0.091,0.039,0.018,0.994
2551.84,-0.091,0.039,0.018,0.994
2552.2,-0.091,0.039,0.018,0.994
2552.21,-0.091,0.039,0.018,0.994
2552.39,-0.091,0.039,0.018,0.994
2552.57,-0.091,0.039,0.018,0.994
2552.75,-0.091,0.039,0.018,0.994
2552.94,-0.091,0.039,0.018,0.994
2553.12,-0.091,0.039,0.018,0.994
2553.3,-0.091,0.039,0.018,0.994
2553.48,-0.091,0.039,0.018,0.994
2553.66,-0.091,0.039,0.017,0.994
2553.85,-0.091,0.039,0.017,0.994
2554.3,-0.091,0.039,0.017,0.994
2554.21,-0.091,0.039,0.017,0.994
2554.39,-0.091,0.039,0.017,0.994
2554.58,-0.091,0.039,0.017,0.994
2554.76,-0.091,0.039,0.017,0.994
2554.94,-0.091,0.039,0.017,0.994
2555.12,-0.091,0.039,0.017,0.994
2556.22,-0.091,0.039,0.018,0.994
2556.4,-0.091,0.039,0.018,0.994
2556.58,-0.091,0.039,0.018,0.994
2556.76,-0.091,0.039,0.018,0.994
2556.94,-0.091,0.039,0.017,0.994
2557.13,-0.091,0.039,0.017,0.994
2557.31,-0.091,0.039,0.017,0.994
2557.49,-0.091,0.039,0.018,0.994
2557.67,-0.091,0.039,0.018,0.994
2557.86,-0.091,0.039,0.017,0.994
2558.4,-0.091,0.039,0.017,0.994
2558.22,-0.091,0.039,0.017,0.994
2558.4,-0.091,0.039,0.017,0.994
2558.59,-0.091,0.039,0.018,0.994
2558.77,-0.091,0.039,0.018,0.994
2558.95,-0.091,0.039,0.018,0.994
2559.13,-0.091,0.039,0.018,0.994
2559.31,-0.091,0.039,0.018,0.994
2559.5,-0.091,0.039,0.018,0.994
2559.68,-0.091,0.039,0.018,0.994
2559.86,-0.091,0.039,0.018,0.994
2560.4,-0.091,0.039,0.018,0.994
2560.23,-0.091,0.039,0.018,0.994
2560.41,-0.091,0.039,0.018,0.994
2560.59,-0.091,0.039,0.018,0.994
2560.77,-0.091,0.039,0.018,0.994
2560.95,-0.091,0.039,0.018,0.994
2561.14,-0.091,0.039,0.018,0.994
2561.32,-0.091,0.039,0.018,0.994
2561.5,-0.091,0.039,0.018,0.994
2561.68,-0.091,0.039,0.018,0.994
2561.87,-0.091,0.039,0.018,0.994
2562.5,-0.091,0.039,0.018,0.994
2562.23,-0.091,0.039,0.018,0.994
2562.41,-0.091,0.039,0.018,0.994
2562.59,-0.091,0.039,0.018,0.994
2562.78,-0.091,0.039,0.018,0.994
2562.96,-0.091,0.039,0.018,0.994
2563.14,-0.091,0.039,0.018,0.994
2563.32,-0.091,0.039,0.018,0.994
2563.51,-0.091,0.039,0.018,0.994
2563.69,-0.091,0.039,0.018,0.994
2563.87,-0.091,0.039,0.018,0.994
2564.5,-0.091,0.039,0.018,0.994
2564.24,-0.091,0.039,0.018,0.994
2564.42,-0.091,0.039,0.018,0.994
2564.6,-0.091,0.039,0.018,0.994
2564.78,-0.091,0.039,0.018,0.994
2564.96,-0.091,0.039,0.018,0.994
2565.15,-0.091,0.039,0.018,0.994
2565.33,-0.091,0.039,0.018,0.994
2565.51,-0.091,0.039,0.018,0.994
2565.69,-0.091,0.039,0.018,0.994
2565.88,-0.091,0.039,0.018,0.994
2566.6,-0.091,0.039,0.018,0.994
2566.24,-0.091,0.039,0.018,0.994
2566.42,-0.091,0.039,0.018,0.994
2566.61,-0.091,0.039,0.018,0.994
2566.79,-0.091,0.039,0.018,0.994
2566.97,-0.091,0.039,0.018,0.994
2567.15,-0.091,0.039,0.018,0.994
2567.33,-0.091,0.039,0.018,0.994
2567.52,-0.091,0.039,0.018,0.994
2567.7,-0.091,0.039,0.018,0.994
2567.88,-0.091,0.039,0.018,0.994
2568.6,-0.091,0.039,0.018,0.994
2568.25,-0.091,0.039,0.018,0.994
2568.43,-0.091,0.039,0.018,0.994
2568.61,-0.091,0.039,0.018,0.994
2568.79,-0.091,0.039,0.018,0.994
2568.98,-0.091,0.039,0.018,0.994
2569.16,-0.091,0.039,0.018,0.994
2569.34,-0.091,0.039,0.018,0.994
2569.52,-0.091,0.039,0.018,0.994
2569.7,-0.091,0.039,0.018,0.994
2569.89,-0.091,0.039,0.018,0.994
2570.7,-0.091,0.039,0.018,0.994
2570.25,-0.091,0.039,0.018,0.994
2570.43,-0.091,0.039,0.018,0.994
2570.62,-0.091,0.039,0.018,0.994
2570.8,-0.091,0.039,0.018,0.994
2570.98,-0.091,0.039,0.018,0.994
2571.16,-0.091,0.039,0.018,0.994
2571.34,-0.091,0.039,0.018,0.994
2571.53,-0.091,0.039,0.018,0.994
2571.71,-0.091,0.039,0.018,0.994
2571.89,-0.091,0.039,0.018,0.994
2572.7,-0.091,0.039,0.018,0.994
2572.26,-0.091,0.039,0.018,0.994
2572.44,-0.091,0.039,0.018,0.994
2572.62,-0.091,0.039,0.018,0.994
2572.8,-0.091,0.039,0.018,0.994
2572.98,-0.091,0.039,0.018,0.994
2573.17,-0.091,0.039,0.018,0.994
2573.35,-0.091,0.039,0.018,0.994
2573.53,-0.091,0.039,0.018,0.994
2573.71,-0.091,0.039,0.018,0.994
2573.9,-0.091,0.039,0.018,0.994
2574.8,-0.091,0.039,0.018,0.994
2574.26,-0.09,0.039,0.018,0.994
2574.44,-0.09,0.039,0.018,0.994
2574.62,-0.09,0.039,0.018,0.994
2574.81,-0.09,0.039,0.018,0.994
2574.99,-0.09,0.039,0.018,0.994
2575.17,-0.091,0.039,0.018,0.994
2575.35,-0.091,0.039,0.018,0.994
2575.54,-0.091,0.039,0.018,0.994
2575.72,-0.091,0.039,0.018,0.994
2575.9,-0.091,0.039,0.018,0.994
2576.8,-0.091,0.039,0.018,0.994
2576.27,-0.091,0.039,0.018,0.994
2576.45,-0.091,0.039,0.018,0.994
2576.63,-0.091,0.039,0.018,0.994
2576.81,-0.091,0.039,0.018,0.994
2576.99,-0.091,0.039,0.018,0.994
2577.18,-0.091,0.039,0.018,0.994
2577.36,-0.091,0.039,0.018,0.994
2577.54,-0.091,0.039,0.018,0.994
2577.72,-0.091,0.039,0.018,0.994
2577.91,-0.091,0.039,0.018,0.994
2578.9,-0.091,0.039,0.018,0.994
2578.27,-0.091,0.039,0.018,0.994
2578.45,-0.091,0.039,0.018,0.994
2578.63,-0.091,0.039,0.018,0.994
2578.82,-0.091,0.039,0.018,0.994
2579.0,-0.091,0.039,0.018,0.994
2579.18,-0.091,0.039,0.018,0.994
2579.36,-0.091,0.039,0.018,0.994
2579.55,-0.091,0.039,0.018,0.994
2579.73,-0.091,0.039,0.018,0.994
2579.91,-0.091,0.039,0.018,0.994
2580.9,-0.091,0.039,0.018,0.994
2580.27,-0.091,0.039,0.018,0.994
2580.46,-0.091,0.039,0.018,0.994
2580.64,-0.091,0.039,0.018,0.994
2580.82,-0.091,0.039,0.018,0.994
2581.0,-0.091,0.039,0.018,0.994
2581.19,-0.091,0.039,0.018,0.994
2581.37,-0.091,0.039,0.018,0.994
2581.55,-0.091,0.039,0.018,0.994
2581.73,-0.091,0.039,0.018,0.994
2581.92,-0.091,0.039,0.018,0.994
2582.1,-0.091,0.039,0.018,0.994
2582.28,-0.091,0.039,0.018,0.994
2582.46,-0.091,0.039,0.018,0.994
2582.64,-0.091,0.039,0.018,0.994
2582.83,-0.091,0.039,0.018,0.994
2583.1,-0.091,0.039,0.018,0.994
2583.19,-0.091,0.039,0.018,0.994
2583.37,-0.091,0.039,0.018,0.994
2583.56,-0.091,0.039,0.018,0.994
2583.74,-0.091,0.039,0.018,0.994
2583.92,-0.091,0.039,0.018,0.994
2584.1,-0.091,0.039,0.018,0.994
2584.28,-0.091,0.039,0.018,0.994
2584.47,-0.091,0.039,0.018,0.994
2584.65,-0.091,0.039,0.018,0.994
2584.83,-0.091,0.039,0.018,0.994
2585.1,-0.091,0.039,0.018,0.994
2585.2,-0.091,0.039,0.018,0.994
2585.38,-0.091,0.039,0.018,0.994
2585.56,-0.091,0.039,0.018,0.994
2585.74,-0.091,0.039,0.018,0.994
2585.93,-0.091,0.039,0.018,0.994
2586.11,-0.091,0.039,0.018,0.994
2586.29,-0.091,0.039,0.018,0.994
2586.47,-0.091,0.039,0.018,0.994
2586.65,-0.091,0.039,0.018,0.994
2586.84,-0.091,0.039,0.018,0.994
2587.2,-0.091,0.039,0.018,0.994
2587.2,-0.091,0.039,0.018,0.994
2587.38,-0.091,0.039,0.018,0.994
2587.57,-0.091,0.039,0.018,0.994
2587.75,-0.091,0.039,0.018,0.994
2587.93,-0.091,0.039,0.018,0.994
2588.11,-0.091,0.039,0.018,0.994
2588.29,-0.091,0.039,0.018,0.994
2588.48,-0.091,0.039,0.018,0.994
2588.66,-0.091,0.039,0.018,0.994
2588.84,-0.091,0.039,0.018,0.994
2589.2,-0.091,0.039,0.018,0.994
2589.21,-0.091,0.039,0.018,0.994
2589.39,-0.091,0.039,0.018,0.994
2589.57,-0.091,0.039,0.018,0.994
2589.75,-0.091,0.039,0.018,0.994
2589.93,-0.091,0.039,0.018,0.994
2590.12,-0.091,0.039,0.018,0.994
2590.3,-0.091,0.039,0.018,0.994
2590.48,-0.091,0.039,0.018,0.994
2590.66,-0.091,0.039,0.018,0.994
2590.85,-0.091,0.039,0.018,0.994
2591.3,-0.091,0.039,0.018,0.994
2591.21,-0.091,0.039,0.018,0.994
2591.39,-0.091,0.039,0.018,0.994
2591.57,-0.091,0.039,0.018,0.994
2591.76,-0.091,0.039,0.018,0.994
2591.94,-0.091,0.039,0.018,0.994
2592.12,-0.091,0.039,0.018,0.994
2592.3,-0.091,0.039,0.018,0.994
2592.49,-0.091,0.039,0.018,0.994
2593.4,-0.091,0.039,0.018,0.994
2593.58,-0.09,0.039,0.018,0.994
2593.76,-0.091,0.039,0.018,0.994
2593.94,-0.091,0.039,0.018,0.994
2594.13,-0.091,0.039,0.018,0.994
2594.31,-0.091,0.039,0.018,0.994
2594.49,-0.091,0.039,0.018,0.994
2594.67,-0.091,0.039,0.018,0.994
2594.86,-0.091,0.039,0.018,0.994
2595.4,-0.091,0.039,0.018,0.994
2595.22,-0.091,0.039,0.018,0.994
2595.4,-0.091,0.039,0.018,0.994
2595.58,-0.091,0.039,0.018,0.994
2595.77,-0.091,0.039,0.018,0.994
2595.95,-0.091,0.039,0.018,0.994
2596.13,-0.091,0.039,0.018,0.994
2596.31,-0.091,0.039,0.018,0.994
2596.5,-0.091,0.039,0.018,0.994
2596.68,-0.091,0.039,0.018,0.994
2596.86,-0.091,0.039,0.018,0.994
2597.4,-0.091,0.039,0.018,0.994
2597.22,-0.091,0.039,0.018,0.994
2597.41,-0.091,0.039,0.018,0.994
2597.59,-0.091,0.039,0.018,0.994
2597.77,-0.091,0.039,0.018,0.994
2597.95,-0.091,0.039,0.018,0.994
2598.14,-0.091,0.039,0.018,0.994
2598.32,-0.091,0.039,0.018,0.994
2598.5,-0.091,0.039,0.018,0.994
2599.5,-0.091,0.039,0.018,0.994
2599.23,-0.091,0.039,0.018,0.994
2599.41,-0.091,0.039,0.018,0.994
2599.59,-0.091,0.039,0.018,0.994
2599.78,-0.091,0.039,0.018,0.994
2599.96,-0.091,0.039,0.018,0.994
2600.14,-0.091,0.039,0.018,0.994
2600.32,-0.091,0.039,0.018,0.994
2600.51,-0.091,0.039,0.018,0.994
2600.69,-0.091,0.039,0.018,0.994
2600.87,-0.091,0.039,0.018,0.994
2601.5,-0.091,0.039,0.018,0.994
2601.23,-0.091,0.039,0.018,0.994
2601.42,-0.091,0.039,0.018,0.994
2601.6,-0.091,0.039,0.018,0.994
2601.78,-0.091,0.039,0.018,0.994
2601.96,-0.091,0.039,0.018,0.994
2602.15,-0.091,0.039,0.018,0.994
2602.33,-0.091,0.039,0.018,0.994
2602.51,-0.091,0.039,0.018,0.994
2602.69,-0.091,0.039,0.018,0.994
2602.87,-0.091,0.039,0.018,0.994
2603.6,-0.091,0.039,0.018,0.994
2603.24,-0.091,0.039,0.018,0.994
2603.42,-0.091,0.039,0.018,0.994
2603.6,-0.091,0.039,0.018,0.994
2603.79,-0.091,0.039,0.018,0.994
2603.97,-0.091,0.039,0.018,0.994
2604.15,-0.091,0.039,0.018,0.994
2604.33,-0.091,0.039,0.018,0.994
2604.51,-0.091,0.039,0.018,0.994
2604.7,-0.091,0.039,0.018,0.994
2604.88,-0.091,0.039,0.018,0.994
2605.6,-0.091,0.039,0.018,0.994
2605.24,-0.091,0.039,0.018,0.994
2605.43,-0.091,0.039,0.018,0.994
2605.61,-0.091,0.039,0.018,0.994
2605.79,-0.091,0.039,0.018,0.994
2605.97,-0.091,0.039,0.018,0.994
2606.16,-0.091,0.039,0.018,0.994
2606.34,-0.091,0.039,0.018,0.994
2606.52,-0.091,0.039,0.018,0.994
2606.7,-0.091,0.039,0.018,0.994
2607.8,-0.091,0.039,0.018,0.994
2607.98,-0.091,0.039,0.018,0.994
2608.16,-0.091,0.039,0.018,0.994
2608.34,-0.091,0.039,0.018,0.994
2608.53,-0.091,0.039,0.018,0.994
2608.71,-0.091,0.039,0.018,0.994
2608.89,-0.091,0.039,0.018,0.994
2609.7,-0.091,0.039,0.018,0.994
2609.25,-0.091,0.039,0.018,0.994
2609.44,-0.091,0.039,0.018,0.994
2609.62,-0.091,0.039,0.018,0.994
2609.8,-0.091,0.039,0.018,0.994
2609.98,-0.091,0.039,0.018,0.994
2610.17,-0.091,0.039,0.018,0.994
2610.35,-0.091,0.039,0.018,0.994
2610.53,-0.091,0.039,0.018,0.994
2610.71,-0.091,0.039,0.018,0.994
2610.89,-0.091,0.039,0.018,0.994
2611.8,-0.091,0.039,0.018,0.994
2611.26,-0.091,0.039,0.018,0.994
2611.44,-0.091,0.039,0.018,0.994
2611.62,-0.091,0.039,0.018,0.994
2611.81,-0.091,0.039,0.018,0.994
2611.99,-0.091,0.039,0.018,0.994
2612.17,-0.091,0.039,0.018,0.994
2612.35,-0.091,0.039,0.018,0.994
2612.54,-0.091,0.039,0.018,0.994
2612.72,-0.091,0.039,0.018,0.994
2612.9,-0.091,0.039,0.018,0.994
2613.8,-0.091,0.039,0.018,0.994
2613.26,-0.091,0.039,0.018,0.994
2613.45,-0.091,0.039,0.018,0.994
2613.63,-0.091,0.039,0.018,0.994
2613.81,-0.091,0.039,0.018,0.994
2613.99,-0.091,0.039,0.018,0.994
2614.18,-0.091,0.039,0.018,0.994
2614.36,-0.091,0.039,0.018,0.994
2614.54,-0.091,0.039,0.018,0.994
2614.72,-0.091,0.039,0.018,0.994
2614.9,-0.091,0.039,0.018,0.994
2615.9,-0.091,0.039,0.018,0.994
2615.27,-0.091,0.039,0.018,0.994
2615.45,-0.091,0.039,0.018,0.994
2615.63,-0.091,0.039,0.018,0.994
2615.82,-0.091,0.039,0.018,0.994
2616.0,-0.091,0.039,0.018,0.994
2616.18,-0.091,0.039,0.018,0.994
2616.36,-0.09,0.039,0.018,0.994
2616.54,-0.091,0.039,0.018,0.994
2616.73,-0.091,0.039,0.018,0.994
2616.91,-0.09,0.039,0.018,0.994
2617.9,-0.09,0.039,0.018,0.994
2617.27,-0.09,0.039,0.018,0.994
2617.46,-0.09,0.039,0.018,0.994
2617.64,-0.09,0.039,0.018,0.994
2617.82,-0.09,0.039,0.018,0.994
2618.0,-0.091,0.039,0.018,0.994
2618.19,-0.09,0.039,0.018,0.994
2618.37,-0.091,0.039,0.018,0.994
2618.55,-0.091,0.039,0.018,0.994
2618.73,-0.091,0.039,0.018,0.994
2618.91,-0.091,0.039,0.018,0.994
2619.1,-0.091,0.039,0.018,0.994
2619.28,-0.091,0.039,0.018,0.994
2619.46,-0.091,0.039,0.018,0.994
2619.64,-0.091,0.039,0.018,0.994
2619.83,-0.091,0.039,0.018,0.994
2620.1,-0.091,0.039,0.018,0.994
2620.19,-0.091,0.039,0.018,0.994
2620.37,-0.091,0.039,0.018,0.994
2620.55,-0.091,0.039,0.018,0.994
2620.74,-0.091,0.039,0.018,0.994
2620.92,-0.091,0.039,0.018,0.994
2621.1,-0.091,0.039,0.018,0.994
2621.28,-0.091,0.039,0.018,0.994
2621.47,-0.091,0.039,0.018,0.994
2621.65,-0.091,0.039,0.018,0.994
2621.83,-0.091,0.039,0.018,0.994
2622.1,-0.091,0.039,0.018,0.994
2622.2,-0.091,0.039,0.018,0.994
2622.38,-0.091,0.039,0.018,0.994
2622.56,-0.091,0.039,0.018,0.994
2622.74,-0.091,0.039,0.018,0.994
2622.92,-0.091,0.039,0.018,0.994
2623.11,-0.091,0.039,0.018,0.994
2623.29,-0.091,0.039,0.018,0.994
2623.47,-0.091,0.039,0.018,0.994
2624.2,-0.091,0.039,0.018,0.994
2624.2,-0.091,0.039,0.018,0.994
2624.38,-0.091,0.039,0.018,0.994
2624.57,-0.091,0.039,0.018,0.994
2624.75,-0.09,0.039,0.018,0.994
2624.93,-0.09,0.039,0.018,0.994
2625.11,-0.091,0.039,0.018,0.994
2625.29,-0.091,0.039,0.018,0.994
2625.48,-0.091,0.039,0.018,0.994
2625.66,-0.091,0.039,0.018,0.994
2625.84,-0.091,0.039,0.018,0.994
2626.2,-0.091,0.039,0.018,0.994
2626.21,-0.09,0.039,0.018,0.994
2626.39,-0.09,0.039,0.018,0.994
2626.75,-0.09,0.039,0.018,0.994
2626.94,-0.09,0.039,0.018,0.994
2627.12,-0.091,0.039,0.018,0.994
2627.3,-0.09,0.039,0.018,0.994
2627.48,-0.091,0.039,0.018,0.994
2627.66,-0.09,0.039,0.018,0.994
2627.85,-0.09,0.039,0.018,0.994
2628.3,-0.09,0.039,0.018,0.994
2628.21,-0.09,0.039,0.018,0.994
2628.39,-0.09,0.039,0.018,0.994
2628.58,-0.091,0.039,0.018,0.994
2628.76,-0.09,0.039,0.018,0.994
2628.94,-0.091,0.039,0.018,0.994
2629.12,-0.09,0.039,0.018,0.994
2629.3,-0.091,0.039,0.018,0.994
2629.49,-0.09,0.039,0.018,0.994
2629.67,-0.09,0.039,0.018,0.994
2629.85,-0.09,0.039,0.018,0.994
2630.3,-0.091,0.039,0.018,0.994
2630.22,-0.091,0.039,0.018,0.994
2630.4,-0.091,0.039,0.018,0.994
2630.58,-0.091,0.039,0.018,0.994
2630.76,-0.091,0.039,0.018,0.994
2630.95,-0.091,0.039,0.018,0.994
2631.13,-0.091,0.039,0.018,0.994
2631.31,-0.091,0.039,0.018,0.994
2631.49,-0.091,0.039,0.018,0.994
2631.67,-0.091,0.039,0.018,0.994
2631.86,-0.091,0.039,0.018,0.994
2632.4,-0.091,0.039,0.018,0.994
2632.22,-0.091,0.039,0.018,0.994
2632.4,-0.091,0.039,0.018,0.994
2632.59,-0.091,0.039,0.018,0.994
2632.77,-0.091,0.039,0.018,0.994
2632.95,-0.091,0.039,0.018,0.994
2633.13,-0.091,0.039,0.018,0.994
2633.32,-0.091,0.039,0.018,0.994
2633.5,-0.091,0.039,0.018,0.994
2633.68,-0.091,0.039,0.018,0.994
2633.86,-0.091,0.039,0.018,0.994
2634.4,-0.091,0.039,0.018,0.994
2634.23,-0.091,0.039,0.018,0.994
2634.41,-0.091,0.039,0.018,0.994
2634.59,-0.091,0.039,0.018,0.994
2634.77,-0.091,0.039,0.018,0.994
2634.96,-0.091,0.039,0.018,0.994
2635.14,-0.091,0.039,0.018,0.994
2635.32,-0.091,0.039,0.018,0.994
2635.5,-0.091,0.039,0.018,0.994
2635.69,-0.091,0.039,0.018,0.994
2635.87,-0.091,0.039,0.018,0.994
2638.6,-0.091,0.039,0.018,0.994
2638.24,-0.091,0.039,0.018,0.994
2638.42,-0.091,0.039,0.018,0.994
2638.6,-0.091,0.039,0.018,0.994
2638.78,-0.091,0.039,0.018,0.994
2638.97,-0.091,0.039,0.018,0.994
2639.15,-0.091,0.039,0.019,0.994
2639.33,-0.091,0.039,0.019,0.994
2639.51,-0.091,0.039,0.019,0.994
2639.7,-0.091,0.039,0.019,0.994
2639.88,-0.091,0.039,0.019,0.994
2640.6,-0.091,0.039,0.019,0.994
2640.24,-0.091,0.039,0.019,0.994
2640.43,-0.091,0.039,0.019,0.994
2640.61,-0.09,0.039,0.019,0.994
2640.79,-0.091,0.039,0.019,0.994
2640.97,-0.091,0.039,0.019,0.994
2641.15,-0.09,0.039,0.019,0.994
2641.34,-0.091,0.039,0.019,0.994
2641.52,-0.091,0.039,0.019,0.994
2641.7,-0.09,0.039,0.019,0.994
2641.88,-0.091,0.039,0.019,0.994
2642.7,-0.091,0.039,0.019,0.994
2642.25,-0.091,0.039,0.019,0.994
2642.43,-0.091,0.039,0.019,0.994
2642.61,-0.09,0.039,0.019,0.994
2642.8,-0.09,0.039,0.019,0.994
2642.98,-0.09,0.039,0.019,0.994
2643.16,-0.09,0.039,0.019,0.994
2643.34,-0.09,0.039,0.019,0.994
2643.52,-0.091,0.039,0.019,0.994
2643.71,-0.091,0.039,0.019,0.994
2643.89,-0.091,0.039,0.019,0.994
2644.7,-0.091,0.039,0.019,0.994
2644.25,-0.091,0.039,0.019,0.994
2644.44,-0.091,0.039,0.019,0.994
2644.62,-0.091,0.039,0.019,0.994
2644.8,-0.091,0.039,0.019,0.994
2644.98,-0.091,0.039,0.019,0.994
2645.17,-0.091,0.039,0.019,0.994
2645.35,-0.091,0.039,0.019,0.994
2645.53,-0.091,0.039,0.019,0.994
2645.71,-0.091,0.039,0.019,0.994
2645.89,-0.091,0.039,0.019,0.994
2646.8,-0.091,0.039,0.019,0.994
2646.26,-0.091,0.039,0.019,0.994
2646.44,-0.091,0.039,0.019,0.994
2646.62,-0.091,0.039,0.019,0.994
2646.81,-0.091,0.039,0.019,0.994
2646.99,-0.091,0.039,0.019,0.994
2647.17,-0.091,0.039,0.019,0.994
2647.35,-0.091,0.039,0.019,0.994
2647.54,-0.091,0.039,0.019,0.994
2647.72,-0.091,0.039,0.019,0.994
2647.9,-0.091,0.039,0.019,0.994
2648.8,-0.091,0.039,0.019,0.994
2649.72,-0.091,0.039,0.019,0.994
2649.9,-0.091,0.039,0.019,0.994
2650.9,-0.091,0.039,0.019,0.994
2650.27,-0.091,0.039,0.019,0.994
2650.45,-0.091,0.039,0.019,0.994
2650.63,-0.091,0.039,0.019,0.994
2650.82,-0.091,0.039,0.019,0.994
2651.0,-0.091,0.039,0.019,0.994
2651.18,-0.091,0.039,0.019,0.994
2651.36,-0.091,0.039,0.019,0.994
2651.55,-0.091,0.039,0.019,0.994
2651.73,-0.091,0.039,0.019,0.994
2651.91,-0.091,0.039,0.019,0.994
2652.9,-0.09,0.039,0.019,0.994
2652.27,-0.09,0.039,0.019,0.994
2652.46,-0.091,0.039,0.019,0.994
2652.64,-0.09,0.039,0.019,0.994
2652.82,-0.091,0.039,0.019,0.994
2653.0,-0.091,0.039,0.019,0.994
2653.19,-0.09,0.039,0.019,0.994
2653.37,-0.091,0.039,0.019,0.994
2653.55,-0.09,0.039,0.019,0.994
2653.73,-0.09,0.039,0.019,0.994
2653.92,-0.091,0.039,0.019,0.994
2654.1,-0.091,0.039,0.019,0.994
2654.28,-0.091,0.039,0.019,0.994
2654.46,-0.09,0.039,0.019,0.994
2654.64,-0.09,0.039,0.019,0.994
2656.28,-0.091,0.039,0.019,0.994
2656.47,-0.091,0.039,0.019,0.994
2656.65,-0.091,0.039,0.019,0.994
2656.83,-0.091,0.039,0.019,0.994
2657.1,-0.091,0.039,0.019,0.994
2657.2,-0.091,0.039,0.019,0.994
2657.38,-0.091,0.039,0.019,0.994
2657.56,-0.091,0.039,0.019,0.994
2657.74,-0.091,0.039,0.019,0.994
2657.93,-0.091,0.039,0.019,0.994
2658.11,-0.091,0.039,0.019,0.994
2658.29,-0.091,0.039,0.019,0.994
2658.47,-0.091,0.039,0.019,0.994
2658.65,-0.091,0.039,0.019,0.994
2658.84,-0.091,0.039,0.019,0.994
2659.2,-0.091,0.039,0.019,0.994
2659.2,-0.091,0.039,0.019,0.994
2659.38,-0.091,0.039,0.019,0.994
2659.57,-0.091,0.039,0.019,0.994
2660.3,-0.091,0.039,0.019,0.994
2660.48,-0.091,0.039,0.019,0.994
2660.66,-0.091,0.039,0.019,0.994
2660.84,-0.091,0.039,0.019,0.994
2661.2,-0.091,0.039,0.019,0.994
2661.21,-0.091,0.039,0.019,0.994
2661.39,-0.091,0.039,0.019,0.994
2661.57,-0.091,0.039,0.019,0.994
2661.75,-0.091,0.039,0.019,0.994
2661.94,-0.091,0.039,0.019,0.994
2662.12,-0.091,0.039,0.019,0.994
2662.3,-0.091,0.039,0.019,0.994
2668.13,-0.091,0.039,0.019,0.994
2668.32,-0.091,0.039,0.019,0.994
2668.5,-0.091,0.039,0.019,0.994
2668.68,-0.091,0.039,0.019,0.994
2668.86,-0.091,0.039,0.019,0.994
2669.5,-0.091,0.039,0.019,0.994
2669.23,-0.092,0.039,0.019,0.994
2669.41,-0.092,0.039,0.019,0.994
2669.59,-0.092,0.039,0.019,0.994
2669.78,-0.091,0.039,0.019,0.994
2669.96,-0.092,0.039,0.019,0.994
2670.14,-0.092,0.039,0.019,0.994
2670.32,-0.092,0.039,0.019,0.994
2670.5,-0.092,0.039,0.019,0.994
2670.69,-0.092,0.039,0.019,0.994
2670.87,-0.092,0.039,0.019,0.994
2671.5,-0.092,0.039,0.019,0.994
2671.23,-0.091,0.039,0.019,0.994
2671.42,-0.091,0.039,0.019,0.994
2671.6,-0.091,0.039,0.019,0.994
2671.78,-0.091,0.039,0.019,0.994
2671.96,-0.091,0.039,0.019,0.994
2672.15,-0.091,0.039,0.019,0.994
2672.33,-0.091,0.039,0.019,0.994
2672.51,-0.091,0.039,0.019,0.994
2672.69,-0.092,0.039,0.019,0.994
2672.87,-0.092,0.039,0.019,0.994
2673.6,-0.092,0.039,0.019,0.994
2673.24,-0.092,0.039,0.019,0.994
2673.42,-0.092,0.039,0.019,0.994
2673.6,-0.092,0.039,0.019,0.994
2673.79,-0.092,0.039,0.019,0.994
2673.97,-0.092,0.039,0.019,0.994
2674.15,-0.091,0.039,0.019,0.994
2674.33,-0.091,0.039,0.019,0.994
2674.52,-0.091,0.039,0.019,0.994
2674.7,-0.091,0.039,0.019,0.994
2674.88,-0.091,0.039,0.019,0.994
2675.6,-0.091,0.039,0.019,0.994
2675.24,-0.091,0.039,0.019,0.994
2675.43,-0.091,0.039,0.019,0.994
2675.61,-0.091,0.039,0.019,0.994
2675.79,-0.091,0.039,0.019,0.994
2675.97,-0.091,0.039,0.019,0.994
2676.16,-0.091,0.039,0.019,0.994
2676.34,-0.091,0.039,0.019,0.994
2676.52,-0.091,0.039,0.019,0.994
2676.7,-0.091,0.039,0.019,0.994
2676.89,-0.091,0.039,0.019,0.994
2677.7,-0.091,0.039,0.019,0.994
2677.25,-0.091,0.039,0.019,0.994
2677.43,-0.091,0.039,0.019,0.994
2677.61,-0.091,0.039,0.019,0.994
2677.8,-0.091,0.039,0.019,0.994
2677.98,-0.091,0.039,0.019,0.994
2678.16,-0.091,0.039,0.019,0.994
2679.26,-0.091,0.039,0.019,0.994
2679.44,-0.091,0.039,0.019,0.994
2679.62,-0.091,0.039,0.019,0.994
2679.8,-0.091,0.039,0.019,0.994
2679.99,-0.091,0.039,0.019,0.994
2680.17,-0.091,0.039,0.019,0.994
2680.35,-0.091,0.039,0.019,0.994
2680.53,-0.091,0.039,0.019,0.994
2680.71,-0.091,0.039,0.019,0.994
2680.9,-0.091,0.039,0.019,0.994
2681.8,-0.091,0.039,0.019,0.994
2681.26,-0.091,0.039,0.019,0.994
2681.44,-0.091,0.039,0.019,0.994
2681.63,-0.091,0.039,0.019,0.994
2681.81,-0.091,0.039,0.019,0.994
2681.99,-0.091,0.039,0.019,0.994
2682.17,-0.091,0.039,0.019,0.994
2682.36,-0.091,0.039,0.019,0.994
2682.54,-0.091,0.039,0.019,0.994
2682.72,-0.091,0.039,0.019,0.994
2682.9,-0.091,0.039,0.019,0.994
2683.8,-0.091,0.039,0.019,0.994
2683.27,-0.091,0.039,0.019,0.994
2683.45,-0.091,0.039,0.019,0.994
2683.63,-0.091,0.039,0.019,0.994
2683.81,-0.091,0.039,0.019,0.994
2684.0,-0.091,0.039,0.019,0.994
2684.18,-0.091,0.039,0.019,0.994
2684.36,-0.091,0.039,0.019,0.994
2684.54,-0.091,0.039,0.019,0.994
2684.72,-0.091,0.039,0.019,0.994
2684.91,-0.091,0.039,0.019,0.994
2685.9,-0.091,0.039,0.019,0.994
2686.18,-0.092,0.039,0.02,0.994
2686.37,-0.091,0.039,0.02,0.994
2686.55,-0.091,0.039,0.02,0.994
2686.73,-0.091,0.039,0.02,0.994
2686.91,-0.091,0.039,0.02,0.994
2687.9,-0.091,0.039,0.02,0.994
2687.28,-0.091,0.039,0.02,0.994
2687.46,-0.091,0.039,0.02,0.994
2687.64,-0.091,0.039,0.02,0.994
2687.82,-0.091,0.039,0.02,0.994
2688.1,-0.091,0.039,0.02,0.994
2693.29,-0.091,0.039,0.02,0.994
2693.47,-0.091,0.039,0.02,0.994
2693.66,-0.091,0.039,0.02,0.994
2693.84,-0.091,0.038,0.02,0.994
2694.2,-0.091,0.039,0.02,0.994
2694.2,-0.091,0.039,0.02,0.994
2694.39,-0.091,0.039,0.02,0.994
2694.57,-0.091,0.039,0.02,0.994
2694.75,-0.091,0.039,0.02,0.994
2694.93,-0.091,0.039,0.02,0.994
2695.12,-0.091,0.039,0.02,0.994
2695.3,-0.091,0.039,0.02,0.994
2695.48,-0.091,0.039,0.02,0.994
2695.66,-0.091,0.039,0.02,0.994
2695.84,-0.091,0.039,0.02,0.994
2696.3,-0.091,0.039,0.02,0.994
2696.21,-0.091,0.039,0.02,0.994
2696.39,-0.091,0.039,0.02,0.994
2696.57,-0.091,0.039,0.02,0.994
2696.76,-0.091,0.039,0.02,0.994
2696.94,-0.091,0.039,0.02,0.994
2697.12,-0.091,0.039,0.02,0.994
2697.3,-0.091,0.039,0.02,0.994
2697.49,-0.091,0.039,0.02,0.994
2697.67,-0.091,0.039,0.02,0.994
2697.85,-0.091,0.039,0.02,0.994
2698.3,-0.091,0.039,0.02,0.994
2698.21,-0.091,0.039,0.02,0.994
2698.4,-0.091,0.039,0.02,0.994
2698.58,-0.091,0.039,0.02,0.994
2698.76,-0.091,0.039,0.02,0.994
2698.94,-0.091,0.039,0.02,0.994
2699.13,-0.091,0.039,0.02,0.994
2699.31,-0.091,0.039,0.02,0.994
2699.49,-0.091,0.039,0.02,0.994
2699.67,-0.091,0.039,0.02,0.994
2699.86,-0.091,0.039,0.02,0.994
2700.4,-0.091,0.039,0.02,0.994
2700.22,-0.091,0.039,0.02,0.994
2700.4,-0.091,0.039,0.02,0.994
2700.58,-0.091,0.039,0.02,0.994
2700.77,-0.091,0.039,0.02,0.994
2700.95,-0.091,0.039,0.02,0.994
2701.13,-0.091,0.039,0.02,0.994
2701.31,-0.091,0.039,0.02,0.994
2701.5,-0.091,0.039,0.02,0.994
2701.68,-0.091,0.039,0.02,0.994
2701.86,-0.091,0.039,0.02,0.994
2702.4,-0.091,0.039,0.02,0.994
2702.23,-0.091,0.039,0.02,0.994
2702.41,-0.091,0.039,0.02,0.994
2702.59,-0.091,0.039,0.021,0.994
2703.68,-0.091,0.039,0.02,0.994
2703.87,-0.091,0.039,0.02,0.994
2704.5,-0.091,0.039,0.02,0.994
2704.23,-0.091,0.039,0.02,0.994
2704.41,-0.091,0.039,0.021,0.994
2704.6,-0.091,0.039,0.021,0.994
2704.78,-0.091,0.039,0.021,0.994
2704.96,-0.091,0.039,0.021,0.994
2705.14,-0.091,0.039,0.021,0.994
2705.32,-0.091,0.039,0.021,0.994
2705.51,-0.091,0.039,0.021,0.994
2711.71,-0.091,0.039,0.021,0.994
2711.89,-0.091,0.039,0.021,0.994
2712.7,-0.091,0.039,0.02,0.994
2712.25,-0.091,0.039,0.02,0.994
2712.43,-0.091,0.039,0.02,0.994
2712.62,-0.091,0.039,0.02,0.994
2712.8,-0.091,0.039,0.02,0.994
2712.98,-0.091,0.039,0.02,0.994
2713.16,-0.091,0.039,0.02,0.994
2713.35,-0.091,0.039,0.02,0.994
2713.53,-0.091,0.039,0.021,0.994
2713.71,-0.091,0.039,0.02,0.994
2713.89,-0.091,0.039,0.02,0.994
2714.8,-0.091,0.039,0.02,0.994
2714.26,-0.091,0.039,0.021,0.994
2714.44,-0.091,0.039,0.021,0.994
2714.62,-0.091,0.039,0.021,0.994
2714.8,-0.091,0.039,0.021,0.994
2714.99,-0.091,0.039,0.021,0.994
2715.17,-0.091,0.039,0.021,0.994
2715.35,-0.091,0.039,0.021,0.994
2715.53,-0.091,0.039,0.021,0.994
2715.72,-0.091,0.039,0.021,0.994
2715.9,-0.091,0.039,0.021,0.994
2716.8,-0.091,0.039,0.021,0.994
2716.26,-0.091,0.039,0.021,0.994
2716.45,-0.091,0.039,0.021,0.994
2716.63,-0.091,0.039,0.021,0.994
2716.81,-0.091,0.039,0.021,0.994
2716.99,-0.091,0.039,0.021,0.994
2717.17,-0.091,0.039,0.021,0.994
2717.36,-0.091,0.039,0.021,0.994
2717.54,-0.091,0.039,0.021,0.994
2717.72,-0.091,0.039,0.021,0.994
2717.9,-0.091,0.039,0.021,0.994
2718.9,-0.091,0.039,0.021,0.994
2718.45,-0.091,0.039,0.021,0.994
2718.63,-0.091,0.039,0.02,0.994
2718.82,-0.091,0.039,0.021,0.994
2719.0,-0.091,0.039,0.021,0.994
2719.18,-0.091,0.039,0.021,0.994
2719.36,-0.091,0.039,0.021,0.994
2719.55,-0.091,0.039,0.021,0.994
2719.73,-0.091,0.039,0.021,0.994
2719.91,-0.091,0.039,0.021,0.994
2720.9,-0.091,0.039,0.021,0.994
2720.27,-0.091,0.039,0.021,0.994
2720.46,-0.091,0.039,0.021,0.994
2720.64,-0.091,0.039,0.021,0.994
2720.82,-0.091,0.039,0.021,0.994
2721.0,-0.091,0.039,0.021,0.994
2721.19,-0.091,0.039,0.021,0.994
2721.37,-0.091,0.039,0.021,0.994
2721.55,-0.091,0.039,0.021,0.994
2721.73,-0.091,0.039,0.021,0.994
2721.91,-0.091,0.039,0.021,0.994
2722.1,-0.091,0.039,0.021,0.994
2722.28,-0.091,0.039,0.021,0.994
2722.46,-0.091,0.039,0.021,0.994
2722.64,-0.091,0.039,0.021,0.994
2722.83,-0.091,0.039,0.021,0.994
2723.1,-0.091,0.039,0.021,0.994
2723.19,-0.091,0.039,0.021,0.994
2723.37,-0.091,0.039,0.021,0.994
2723.56,-0.091,0.039,0.021,0.994
2723.74,-0.091,0.039,0.021,0.994
2723.92,-0.091,0.039,0.021,0.994
2724.1,-0.091,0.039,0.021,0.994
2724.28,-0.091,0.039,0.021,0.994
2724.47,-0.091,0.039,0.021,0.994
2724.65,-0.091,0.039,0.021,0.994
2724.83,-0.091,0.039,0.021,0.994
2725.1,-0.091,0.039,0.021,0.994
2725.2,-0.091,0.039,0.021,0.994
2725.38,-0.091,0.039,0.021,0.994
2725.56,-0.091,0.039,0.021,0.994
2725.74,-0.091,0.039,0.021,0.994
2725.92,-0.091,0.039,0.021,0.994
2726.11,-0.091,0.039,0.021,0.994
2726.29,-0.091,0.039,0.021,0.994
2726.47,-0.091,0.039,0.021,0.994
2726.65,-0.091,0.039,0.021,0.994
2726.84,-0.091,0.039,0.021,0.994
2727.2,-0.091,0.039,0.021,0.994
2727.2,-0.091,0.039,0.021,0.994
2727.38,-0.091,0.039,0.021,0.994
2727.57,-0.091,0.039,0.021,0.994
2727.75,-0.091,0.039,0.021,0.994
2727.93,-0.091,0.039,0.021,0.994
2728.11,-0.091,0.039,0.021,0.994
2728.29,-0.091,0.039,0.021,0.994
2728.48,-0.091,0.039,0.021,0.994
2728.66,-0.091,0.039,0.021,0.994
2728.84,-0.091,0.039,0.021,0.994
2729.2,-0.091,0.039,0.021,0.994
2729.21,-0.091,0.039,0.021,0.994
2729.39,-0.091,0.039,0.021,0.994
2729.57,-0.091,0.039,0.021,0.994
2729.75,-0.091,0.039,0.021,0.994
2729.94,-0.091,0.039,0.021,0.994
2730.12,-0.091,0.039,0.021,0.994
2730.3,-0.091,0.039,0.021,0.994
2730.48,-0.091,0.039,0.021,0.994
2730.66,-0.091,0.039,0.021,0.994
2730.85,-0.091,0.039,0.021,0.994
2731.3,-0.091,0.039,0.021,0.994
2731.21,-0.091,0.039,0.021,0.994
2731.39,-0.091,0.039,0.021,0.994
2731.58,-0.091,0.039,0.021,0.994
2731.76,-0.091,0.039,0.021,0.994
2731.94,-0.091,0.039,0.021,0.994
2732.12,-0.091,0.039,0.021,0.994
2732.3,-0.091,0.039,0.021,0.994
2732.49,-0.091,0.039,0.021,0.994
2732.67,-0.091,0.039,0.021,0.994
2732.85,-0.091,0.039,0.021,0.994
2733.3,-0.091,0.039,0.021,0.994
2733.22,-0.091,0.039,0.021,0.994
2733.4,-0.091,0.039,0.021,0.994
2733.58,-0.091,0.039,0.021,0.994
2733.76,-0.091,0.039,0.021,0.994
2733.95,-0.091,0.039,0.021,0.994
2734.13,-0.091,0.039,0.021,0.994
2734.31,-0.091,0.039,0.021,0.994
2734.49,-0.091,0.039,0.021,0.994
2734.67,-0.091,0.039,0.021,0.994
2734.86,-0.091,0.039,0.021,0.994
2735.4,-0.091,0.039,0.021,0.994
2735.22,-0.091,0.039,0.021,0.994
2735.4,-0.091,0.039,0.021,0.994
2735.59,-0.091,0.039,0.021,0.994
2735.77,-0.091,0.039,0.021,0.994
2735.95,-0.091,0.039,0.021,0.994
2736.13,-0.091,0.039,0.021,0.994
2736.31,-0.091,0.039,0.021,0.994
2736.5,-0.091,0.039,0.021,0.994
2736.68,-0.091,0.039,0.021,0.994
2736.86,-0.091,0.039,0.021,0.994
2737.4,-0.091,0.039,0.021,0.994
2737.23,-0.091,0.039,0.021,0.994
2737.41,-0.091,0.039,0.021,0.994
2737.59,-0.091,0.039,0.021,0.994
2737.77,-0.091,0.039,0.021,0.994
2737.96,-0.091,0.039,0.021,0.994
2738.14,-0.091,0.039,0.021,0.994
2738.32,-0.091,0.039,0.021,0.994
2738.5,-0.091,0.039,0.021,0.994
2738.68,-0.091,0.039,0.021,0.994
2738.87,-0.091,0.039,0.021,0.994
2739.5,-0.091,0.039,0.021,0.994
2739.23,-0.091,0.039,0.021,0.994
2739.41,-0.091,0.039,0.021,0.994
2739.6,-0.091,0.039,0.021,0.994
2739.78,-0.091,0.039,0.021,0.994
2739.96,-0.091,0.039,0.021,0.994
2740.14,-0.091,0.039,0.021,0.994
2740.33,-0.091,0.039,0.021,0.994
2740.51,-0.091,0.039,0.021,0.994
2740.69,-0.091,0.039,0.021,0.994
2740.87,-0.091,0.039,0.021,0.994
2741.5,-0.091,0.039,0.021,0.994
2741.24,-0.091,0.039,0.021,0.994
2741.42,-0.091,0.039,0.021,0.994
2741.6,-0.091,0.039,0.021,0.994
2741.78,-0.091,0.039,0.021,0.994
2741.97,-0.091,0.039,0.021,0.994
2742.15,-0.091,0.039,0.021,0.994
2742.33,-0.091,0.039,0.021,0.994
2742.51,-0.091,0.039,0.021,0.994
2742.69,-0.091,0.039,0.021,0.994
2743.79,-0.091,0.039,0.021,0.994
2743.97,-0.091,0.039,0.021,0.994
2744.15,-0.091,0.039,0.021,0.994
2744.34,-0.091,0.039,0.021,0.994
2744.52,-0.091,0.039,0.021,0.994
2744.7,-0.091,0.039,0.021,0.994
2744.88,-0.091,0.039,0.021,0.994
2745.6,-0.091,0.039,0.021,0.994
2745.25,-0.091,0.039,0.021,0.994
2745.43,-0.091,0.039,0.021,0.994
2745.61,-0.091,0.039,0.021,0.994
2745.79,-0.091,0.039,0.021,0.994
2751.8,-0.091,0.039,0.021,0.994
2751.26,-0.091,0.039,0.021,0.994
2751.44,-0.091,0.039,0.021,0.994
2751.63,-0.091,0.039,0.021,0.994
2751.81,-0.091,0.039,0.021,0.994
2751.99,-0.091,0.039,0.021,0.994
2752.17,-0.091,0.039,0.021,0.994
2752.36,-0.091,0.039,0.021,0.994
2752.54,-0.091,0.039,0.021,0.994
2752.72,-0.091,0.039,0.021,0.994
2752.9,-0.091,0.039,0.021,0.994
2753.8,-0.091,0.039,0.021,0.994
2753.27,-0.091,0.039,0.021,0.994
2753.45,-0.091,0.039,0.021,0.994
2753.63,-0.091,0.039,0.021,0.994
2753.81,-0.091,0.039,0.021,0.994
2754.0,-0.091,0.039,0.021,0.994
2754.18,-0.091,0.039,0.021,0.994
2754.36,-0.091,0.039,0.021,0.994
2754.54,-0.091,0.039,0.021,0.994
2754.72,-0.091,0.039,0.021,0.994
2754.91,-0.091,0.039,0.021,0.994
2755.9,-0.091,0.039,0.021,0.994
2755.27,-0.091,0.039,0.021,0.994
2755.45,-0.091,0.039,0.021,0.994
2755.64,-0.091,0.039,0.021,0.994
2755.82,-0.091,0.039,0.021,0.994
2756.0,-0.091,0.039,0.021,0.994
2756.18,-0.091,0.039,0.021,0.994
2756.37,-0.091,0.039,0.021,0.994
2756.55,-0.091,0.039,0.021,0.994
2756.73,-0.091,0.039,0.021,0.994
2762.38,-0.091,0.039,0.021,0.994
2762.56,-0.091,0.039,0.021,0.994
2762.74,-0.091,0.039,0.021,0.994
2762.93,-0.091,0.039,0.021,0.994
2763.11,-0.091,0.039,0.021,0.994
2763.29,-0.091,0.039,0.021,0.994
2763.47,-0.091,0.039,0.021,0.994
2763.66,-0.091,0.039,0.021,0.994
2763.84,-0.091,0.039,0.021,0.994
2764.2,-0.091,0.039,0.021,0.994
2764.2,-0.091,0.039,0.021,0.994
2764.39,-0.091,0.039,0.021,0.994
2764.57,-0.091,0.039,0.021,0.994
2764.75,-0.091,0.039,0.021,0.994
2764.93,-0.091,0.039,0.021,0.994
2765.11,-0.091,0.039,0.021,0.994
2765.48,-0.091,0.039,0.021,0.994
2765.66,-0.091,0.039,0.021,0.994
2765.84,-0.091,0.039,0.021,0.994
2766.3,-0.091,0.039,0.021,0.994
2766.21,-0.091,0.039,0.021,0.994
2766.39,-0.091,0.039,0.021,0.994
2766.57,-0.091,0.039,0.021,0.994
2766.75,-0.091,0.039,0.021,0.994
2766.94,-0.091,0.039,0.021,0.994
2767.12,-0.091,0.039,0.021,0.994
2767.3,-0.091,0.038,0.021,0.994
2767.48,-0.091,0.039,0.021,0.994
2767.67,-0.091,0.039,0.021,0.994
2767.85,-0.091,0.039,0.021,0.994
2768.3,-0.091,0.039,0.021,0.994
2768.21,-0.091,0.039,0.021,0.994
2768.39,-0.091,0.039,0.021,0.994
2768.58,-0.091,0.039,0.021,0.994
2768.76,-0.091,0.039,0.021,0.994
2768.94,-0.091,0.039,0.021,0.994
2769.12,-0.091,0.039,0.021,0.994
2769.31,-0.091,0.039,0.021,0.994
2769.49,-0.091,0.039,0.021,0.994
2769.67,-0.091,0.039,0.021,0.994
2769.85,-0.091,0.039,0.021,0.994
2770.4,-0.091,0.039,0.021,0.994
2770.22,-0.091,0.039,0.021,0.994
2770.4,-0.091,0.039,0.022,0.994
2770.58,-0.091,0.039,0.022,0.994
2770.76,-0.091,0.039,0.022,0.994
2770.95,-0.091,0.039,0.022,0.994
2771.13,-0.091,0.039,0.021,0.994
2771.31,-0.091,0.039,0.021,0.994
2771.49,-0.091,0.039,0.021,0.994
2771.68,-0.091,0.039,0.021,0.994
2771.86,-0.091,0.039,0.021,0.994
2772.4,-0.091,0.039,0.021,0.994
2772.22,-0.091,0.039,0.021,0.994
2772.4,-0.091,0.039,0.021,0.994
2772.59,-0.091,0.039,0.021,0.994
2772.77,-0.091,0.039,0.021,0.994
2772.95,-0.091,0.039,0.021,0.994
2773.13,-0.091,0.039,0.021,0.994
2773.32,-0.091,0.039,0.021,0.994
2773.5,-0.092,0.039,0.021,0.994
2773.68,-0.092,0.039,0.021,0.994
2773.86,-0.092,0.039,0.021,0.994
2774.4,-0.092,0.039,0.021,0.994
2774.23,-0.092,0.039,0.021,0.994
2774.41,-0.092,0.039,0.022,0.994
2774.59,-0.091,0.039,0.022,0.994
2774.77,-0.091,0.039,0.022,0.994
2774.96,-0.091,0.039,0.022,0.994
2775.14,-0.091,0.039,0.022,0.994
2775.32,-0.091,0.039,0.022,0.994
2775.5,-0.091,0.039,0.021,0.994
2775.69,-0.091,0.039,0.021,0.994
2775.87,-0.091,0.039,0.021,0.994
2776.5,-0.091,0.039,0.021,0.994
2776.23,-0.091,0.039,0.021,0.994
2776.41,-0.091,0.039,0.021,0.994
2776.6,-0.091,0.039,0.021,0.994
2776.78,-0.091,0.039,0.021,0.994
2776.96,-0.091,0.039,0.021,0.994
2777.14,-0.091,0.039,0.021,0.994
2777.33,-0.091,0.039,0.021,0.994
2777.51,-0.091,0.039,0.021,0.994
2777.69,-0.091,0.039,0.021,0.994
2777.87,-0.091,0.039,0.021,0.994
2778.5,-0.091,0.039,0.021,0.994
2778.24,-0.091,0.039,0.021,0.994
2778.42,-0.091,0.039,0.021,0.994
2778.6,-0.091,0.039,0.021,0.994
2778.78,-0.091,0.039,0.021,0.994
2778.97,-0.091,0.039,0.021,0.994
2779.15,-0.091,0.039,0.021,0.994
2779.33,-0.091,0.039,0.021,0.994
2779.51,-0.091,0.039,0.021,0.994
2779.7,-0.091,0.039,0.021,0.994
2779.88,-0.091,0.039,0.021,0.994
2780.6,-0.091,0.039,0.021,0.994
2780.24,-0.091,0.039,0.021,0.994
2780.42,-0.091,0.039,0.021,0.994
2780.61,-0.091,0.039,0.021,0.994
2780.79,-0.091,0.039,0.022,0.994
2780.97,-0.091,0.039,0.021,0.994
2781.15,-0.091,0.039,0.021,0.994
2781.34,-0.091,0.039,0.022,0.994
2781.52,-0.091,0.039,0.021,0.994
2781.7,-0.091,0.039,0.021,0.994
2781.88,-0.091,0.039,0.021,0.994
2782.6,-0.091,0.039,0.022,0.994
2782.25,-0.091,0.039,0.022,0.994
2782.43,-0.091,0.039,0.022,0.994
2782.61,-0.091,0.039,0.022,0.994
2782.79,-0.091,0.039,0.022,0.994
2784.62,-0.09,0.039,0.021,0.994
2784.8,-0.091,0.039,0.021,0.994
2784.98,-0.091,0.039,0.021,0.994
2785.16,-0.091,0.039,0.021,0.994
2785.34,-0.091,0.039,0.021,0.994
2785.53,-0.091,0.039,0.021,0.994
2785.71,-0.091,0.039,0.021,0.994
2785.89,-0.091,0.039,0.021,0.994
2786.7,-0.09,0.039,0.021,0.994
2786.26,-0.091,0.039,0.022,0.994
2786.44,-0.091,0.039,0.022,0.994
2786.62,-0.091,0.039,0.022,0.994
2786.8,-0.091,0.039,0.022,0.994
2786.99,-0.091,0.039,0.022,0.994
2787.17,-0.091,0.039,0.022,0.994
2787.35,-0.091,0.039,0.022,0.994
2787.53,-0.091,0.039,0.022,0.994
2787.71,-0.091,0.039,0.022,0.994
2787.9,-0.091,0.039,0.021,0.994
2788.8,-0.091,0.039,0.022,0.994
2788.26,-0.091,0.039,0.022,0.994
2788.44,-0.091,0.039,0.022,0.994
2788.63,-0.091,0.039,0.022,0.994
2788.81,-0.091,0.039,0.022,0.994
2788.99,-0.091,0.039,0.022,0.994
2789.17,-0.091,0.039,0.022,0.994
2789.35,-0.091,0.039,0.022,0.994
2790.99,-0.091,0.039,0.022,0.994
2791.18,-0.091,0.039,0.022,0.994
2791.36,-0.091,0.039,0.022,0.994
2791.54,-0.091,0.039,0.022,0.994
2791.72,-0.091,0.039,0.022,0.994
2791.91,-0.091,0.039,0.022,0.994
2792.9,-0.091,0.039,0.022,0.994
2792.27,-0.091,0.039,0.022,0.994
2792.45,-0.091,0.039,0.022,0.994
2792.63,-0.091,0.039,0.022,0.994
2792.82,-0.091,0.039,0.022,0.994
2793.0,-0.091,0.039,0.022,0.994
2793.18,-0.091,0.039,0.022,0.994
2793.36,-0.091,0.039,0.022,0.994
2793.55,-0.091,0.039,0.022,0.994
2793.73,-0.091,0.039,0.022,0.994
2793.91,-0.091,0.039,0.022,0.994
2794.9,-0.091,0.039,0.022,0.994
2794.27,-0.091,0.039,0.022,0.994
2794.46,-0.091,0.039,0.022,0.994
2794.64,-0.091,0.039,0.022,0.994
2794.82,-0.091,0.039,0.022,0.994
2795.0,-0.091,0.039,0.022,0.994
2795.19,-0.091,0.039,0.022,0.994
2795.37,-0.091,0.039,0.022,0.994
2795.55,-0.091,0.039,0.022,0.994
2795.73,-0.091,0.039,0.022,0.994
2795.92,-0.091,0.039,0.022,0.994
2796.1,-0.091,0.039,0.022,0.994
2796.28,-0.091,0.039,0.022,0.994
2796.46,-0.091,0.039,0.022,0.994
2796.64,-0.091,0.039,0.022,0.994
2796.83,-0.091,0.039,0.022,0.994
2797.1,-0.091,0.039,0.022,0.994
2797.19,-0.091,0.039,0.022,0.994
2797.37,-0.091,0.039,0.022,0.994
2797.56,-0.091,0.039,0.022,0.994
2797.74,-0.091,0.039,0.022,0.994
2797.92,-0.091,0.039,0.022,0.994
2798.1,-0.091,0.039,0.022,0.994
2798.28,-0.091,0.039,0.022,0.994
2798.47,-0.091,0.039,0.022,0.994
2798.65,-0.091,0.039,0.022,0.994
2798.83,-0.091,0.039,0.022,0.994
2799.1,-0.091,0.039,0.022,0.994
2799.2,-0.091,0.039,0.022,0.994
2799.38,-0.091,0.039,0.022,0.994
2799.56,-0.091,0.039,0.022,0.994
2799.74,-0.091,0.039,0.022,0.994
2799.92,-0.091,0.039,0.022,0.994
2800.11,-0.091,0.039,0.022,0.994
2800.29,-0.091,0.039,0.022,0.994
2800.47,-0.091,0.039,0.022,0.994
2800.65,-0.091,0.039,0.022,0.994
2800.84,-0.091,0.039,0.022,0.994
2801.2,-0.091,0.039,0.022,0.994
2801.2,-0.091,0.039,0.022,0.994
2801.38,-0.091,0.039,0.022,0.994
2801.57,-0.091,0.039,0.022,0.994
2801.75,-0.091,0.039,0.022,0.994
2801.93,-0.091,0.039,0.022,0.994
2802.11,-0.091,0.039,0.022,0.994
2802.29,-0.091,0.039,0.022,0.994
2802.48,-0.091,0.039,0.022,0.994
2802.66,-0.091,0.039,0.022,0.994
2802.84,-0.091,0.039,0.022,0.994
2803.2,-0.091,0.039,0.022,0.994
2803.21,-0.091,0.039,0.022,0.994
2803.39,-0.091,0.039,0.022,0.994
2803.57,-0.091,0.039,0.022,0.994
2803.75,-0.091,0.039,0.022,0.994
2803.93,-0.091,0.039,0.022,0.994
2804.12,-0.091,0.039,0.022,0.994
2804.3,-0.091,0.039,0.021,0.994
2804.48,-0.091,0.039,0.021,0.994
2804.66,-0.091,0.039,0.021,0.994
2804.85,-0.091,0.039,0.021,0.994
2805.3,-0.091,0.039,0.021,0.994
2805.21,-0.091,0.039,0.021,0.994
2805.39,-0.091,0.039,0.021,0.994
2805.57,-0.091,0.039,0.021,0.994
2805.76,-0.091,0.039,0.022,0.994
2805.94,-0.091,0.039,0.022,0.994
2806.12,-0.091,0.039,0.022,0.994
2806.3,-0.091,0.039,0.021,0.994
2806.49,-0.091,0.039,0.021,0.994
2806.67,-0.091,0.039,0.021,0.994
2806.85,-0.091,0.039,0.022,0.994
2807.3,-0.091,0.039,0.021,0.994
2807.21,-0.091,0.039,0.022,0.994
2807.4,-0.091,0.039,0.022,0.994
2807.58,-0.091,0.039,0.022,0.994
2807.76,-0.091,0.039,0.022,0.994
2807.94,-0.091,0.039,0.022,0.994
2808.13,-0.091,0.039,0.022,0.994
2808.31,-0.091,0.039,0.022,0.994
2808.49,-0.091,0.039,0.022,0.994
2808.67,-0.091,0.039,0.022,0.994
2808.86,-0.091,0.039,0.022,0.994
2809.4,-0.091,0.039,0.022,0.994
2809.22,-0.091,0.039,0.022,0.994
2809.4,-0.091,0.039,0.022,0.994
2809.58,-0.091,0.039,0.022,0.994
2809.77,-0.091,0.039,0.022,0.994
2809.95,-0.091,0.039,0.022,0.994
2810.13,-0.091,0.039,0.022,0.994
2810.31,-0.091,0.039,0.022,0.994
2810.5,-0.091,0.039,0.022,0.994
2810.68,-0.091,0.039,0.022,0.994
2810.86,-0.091,0.039,0.022,0.994
2811.4,-0.091,0.039,0.022,0.994
2811.22,-0.091,0.039,0.022,0.994
2811.41,-0.091,0.039,0.022,0.994
2811.59,-0.091,0.039,0.022,0.994
2811.77,-0.091,0.039,0.022,0.994
2811.95,-0.091,0.039,0.022,0.994
2812.14,-0.091,0.039,0.022,0.994
2812.32,-0.091,0.039,0.022,0.994
2812.5,-0.091,0.039,0.022,0.994
2812.68,-0.091,0.039,0.022,0.994
2812.86,-0.091,0.039,0.022,0.994
2813.5,-0.091,0.039,0.022,0.994
2813.96,-0.091,0.039,0.022,0.994
2814.14,-0.091,0.039,0.022,0.994
2814.32,-0.091,0.039,0.022,0.994
2814.5,-0.091,0.039,0.022,0.994
2814.69,-0.091,0.039,0.022,0.994
2814.87,-0.091,0.039,0.022,0.994
2815.5,-0.091,0.039,0.022,0.994
2815.23,-0.091,0.039,0.022,0.994
2815.42,-0.091,0.039,0.022,0.994
2815.6,-0.091,0.039,0.022,0.994
2815.78,-0.091,0.039,0.022,0.994
2815.96,-0.091,0.039,0.022,0.994
2821.25,-0.091,0.039,0.022,0.994
2821.43,-0.091,0.039,0.022,0.994
2821.61,-0.091,0.039,0.022,0.994
2821.79,-0.091,0.039,0.022,0.994
2821.98,-0.091,0.039,0.022,0.994
2822.16,-0.091,0.039,0.022,0.994
2822.34,-0.091,0.039,0.022,0.994
2822.52,-0.091,0.039,0.022,0.994
2822.71,-0.091,0.039,0.022,0.994
2822.89,-0.091,0.039,0.022,0.994
2823.7,-0.091,0.039,0.022,0.994
2823.25,-0.091,0.039,0.022,0.994
2823.44,-0.091,0.039,0.022,0.994
2823.62,-0.091,0.039,0.022,0.994
2823.8,-0.091,0.039,0.022,0.994
2823.98,-0.091,0.039,0.022,0.994
2824.89,-0.091,0.039,0.022,0.994
2825.8,-0.091,0.039,0.022,0.994
2825.26,-0.091,0.039,0.022,0.994
2825.44,-0.091,0.039,0.022,0.994
2825.62,-0.091,0.039,0.022,0.994
2825.8,-0.091,0.039,0.022,0.994
2825.99,-0.091,0.039,0.022,0.994
2826.17,-0.091,0.039,0.022,0.994
2826.35,-0.091,0.039,0.022,0.994
2826.53,-0.091,0.039,0.022,0.994
2826.72,-0.091,0.039,0.022,0.994
2826.9,-0.091,0.039,0.022,0.994
2827.8,-0.091,0.039,0.022,0.994
2827.26,-0.091,0.039,0.022,0.994
2827.44,-0.091,0.039,0.022,0.994
2827.63,-0.091,0.039,0.022,0.994
2827.81,-0.091,0.039,0.022,0.994
2827.99,-0.091,0.039,0.022,0.994
2828.17,-0.091,0.039,0.022,0.994
2828.36,-0.091,0.039,0.022,0.994
2828.54,-0.091,0.039,0.022,0.994
2828.72,-0.091,0.039,0.022,0.994
2828.9,-0.091,0.039,0.022,0.994
2829.9,-0.091,0.039,0.022,0.994
2829.27,-0.091,0.039,0.022,0.994
2829.45,-0.091,0.039,0.022,0.994
2829.63,-0.091,0.039,0.022,0.994
2829.81,-0.091,0.039,0.022,0.994
2830.0,-0.091,0.039,0.022,0.994
2830.18,-0.091,0.039,0.022,0.994
2830.36,-0.091,0.039,0.022,0.994
2831.82,-0.091,0.039,0.022,0.994
2832.0,-0.091,0.039,0.022,0.994
2832.18,-0.091,0.039,0.022,0.994
2832.37,-0.091,0.039,0.022,0.994
2832.55,-0.091,0.039,0.022,0.994
2832.73,-0.091,0.039,0.022,0.994
2832.91,-0.091,0.039,0.022,0.994
2833.1,-0.091,0.039,0.022,0.994
2833.28,-0.091,0.039,0.022,0.994
2833.46,-0.091,0.039,0.022,0.994
2833.64,-0.091,0.039,0.022,0.994
2833.82,-0.091,0.039,0.022,0.994
2834.1,-0.091,0.039,0.022,0.994
2834.19,-0.091,0.039,0.022,0.994
2834.37,-0.091,0.039,0.022,0.994
2834.55,-0.091,0.039,0.022,0.994
2834.74,-0.091,0.039,0.022,0.994
2834.92,-0.091,0.039,0.022,0.994
2835.1,-0.091,0.039,0.022,0.994
2835.28,-0.091,0.039,0.022,0.994
2835.46,-0.091,0.039,0.022,0.994
2835.65,-0.091,0.039,0.022,0.994
2835.83,-0.091,0.039,0.022,0.994
2836.1,-0.091,0.039,0.022,0.994
2836.19,-0.091,0.039,0.022,0.994
2836.38,-0.091,0.039,0.022,0.994
2836.56,-0.091,0.039,0.022,0.994
2836.74,-0.091,0.039,0.022,0.994
2836.92,-0.091,0.039,0.022,0.994
2837.11,-0.091,0.039,0.022,0.994
2837.29,-0.091,0.039,0.022,0.994
2837.47,-0.091,0.039,0.022,0.994
2837.65,-0.091,0.039,0.022,0.994
2837.83,-0.091,0.039,0.022,0.994
2838.2,-0.091,0.039,0.022,0.994
2839.11,-0.091,0.039,0.022,0.994
2839.29,-0.091,0.039,0.022,0.994
2839.47,-0.091,0.039,0.022,0.994
2839.66,-0.091,0.039,0.022,0.994
2839.84,-0.091,0.039,0.022,0.994
2840.2,-0.091,0.039,0.022,0.994
2840.2,-0.091,0.039,0.022,0.994
2840.39,-0.091,0.039,0.022,0.994
2840.57,-0.091,0.039,0.022,0.994
2840.75,-0.091,0.039,0.022,0.994
2840.93,-0.091,0.039,0.022,0.994
2845.67,-0.091,0.039,0.022,0.994
2845.85,-0.091,0.039,0.022,0.994
2846.4,-0.091,0.039,0.022,0.994
2846.22,-0.091,0.039,0.022,0.994
2846.4,-0.091,0.039,0.022,0.994
2846.58,-0.091,0.039,0.022,0.994
2846.76,-0.091,0.039,0.022,0.994
2846.95,-0.091,0.039,0.022,0.994
2847.13,-0.091,0.039,0.022,0.994
2847.31,-0.091,0.039,0.022,0.994
2847.49,-0.091,0.039,0.022,0.994
2852.6,-0.091,0.039,0.022,0.994
2852.78,-0.091,0.039,0.022,0.994
2852.96,-0.091,0.039,0.022,0.994
2853.14,-0.091,0.039,0.022,0.994
2853.33,-0.091,0.039,0.022,0.994
2853.51,-0.091,0.039,0.022,0.994
2853.69,-0.091,0.039,0.022,0.994
2853.87,-0.091,0.039,0.022,0.994
2854.6,-0.091,0.039,0.022,0.994
2854.24,-0.091,0.039,0.022,0.994
2859.89,-0.091,0.039,0.022,0.994
2860.7,-0.091,0.039,0.022,0.994
2860.25,-0.091,0.039,0.022,0.994
2860.44,-0.091,0.039,0.022,0.994
2860.62,-0.091,0.039,0.022,0.994
2860.8,-0.091,0.039,0.022,0.994
2860.98,-0.091,0.039,0.022,0.994
2861.16,-0.091,0.039,0.022,0.994
2861.35,-0.091,0.039,0.022,0.994
2861.53,-0.091,0.039,0.022,0.994
2861.71,-0.091,0.039,0.022,0.994
2861.89,-0.091,0.039,0.022,0.994
2862.8,-0.091,0.039,0.022,0.994
2862.26,-0.091,0.039,0.022,0.994
2862.44,-0.091,0.039,0.022,0.994
2862.62,-0.091,0.039,0.022,0.994
2862.81,-0.091,0.039,0.022,0.994
2862.99,-0.091,0.039,0.022,0.994
2863.17,-0.091,0.039,0.022,0.994
2863.35,-0.091,0.039,0.022,0.994
2863.53,-0.091,0.039,0.022,0.994
2863.72,-0.091,0.039,0.022,0.994
2863.9,-0.091,0.039,0.022,0.994
2864.8,-0.091,0.039,0.022,0.994
2864.26,-0.091,0.039,0.022,0.994
2864.45,-0.091,0.039,0.022,0.994
2864.63,-0.091,0.039,0.022,0.994
2864.81,-0.091,0.039,0.022,0.994
2864.99,-0.091,0.039,0.022,0.994
2865.17,-0.091,0.039,0.022,0.994
2865.36,-0.091,0.039,0.022,0.994
2865.54,-0.091,0.039,0.022,0.994
2865.72,-0.091,0.039,0.022,0.994
2865.9,-0.091,0.039,0.022,0.994
2866.9,-0.091,0.039,0.022,0.994
2866.27,-0.091,0.039,0.022,0.994
2866.45,-0.091,0.039,0.022,0.994
2866.63,-0.091,0.039,0.022,0.994
2866.82,-0.091,0.039,0.022,0.994
2867.0,-0.091,0.039,0.022,0.994
2867.18,-0.091,0.039,0.022,0.994
2867.36,-0.091,0.039,0.022,0.994
2867.54,-0.091,0.039,0.022,0.994
2868.46,-0.091,0.039,0.022,0.994
2868.64,-0.091,0.039,0.022,0.994
2868.82,-0.091,0.039,0.022,0.994
2869.0,-0.091,0.039,0.022,0.994
2869.18,-0.091,0.039,0.022,0.994
2869.37,-0.091,0.039,0.022,0.994
2869.55,-0.091,0.039,0.022,0.994
2869.73,-0.091,0.039,0.022,0.994
2869.91,-0.091,0.039,0.022,0.994
2870.1,-0.091,0.039,0.022,0.994
2870.28,-0.091,0.039,0.022,0.994
2870.46,-0.091,0.039,0.022,0.994
2870.64,-0.091,0.039,0.022,0.994
2870.83,-0.091,0.039,0.022,0.994
2871.1,-0.091,0.039,0.022,0.994
2871.19,-0.091,0.039,0.022,0.994
2871.37,-0.091,0.039,0.022,0.994
2871.55,-0.091,0.039,0.022,0.994
2871.74,-0.091,0.039,0.022,0.994
2871.92,-0.091,0.039,0.022,0.994
2872.1,-0.091,0.039,0.022,0.994
2872.28,-0.091,0.039,0.022,0.994
2872.47,-0.091,0.039,0.022,0.994
2872.65,-0.091,0.039,0.022,0.994
2872.83,-0.091,0.039,0.022,0.994
2873.1,-0.09,0.039,0.022,0.994
2873.19,-0.09,0.039,0.022,0.994
2873.38,-0.09,0.039,0.022,0.994
2873.56,-0.09,0.039,0.022,0.994
2873.74,-0.09,0.039,0.022,0.994
2873.92,-0.091,0.039,0.022,0.994
2874.11,-0.09,0.039,0.022,0.994
2874.29,-0.091,0.038,0.022,0.994
2874.47,-0.091,0.039,0.022,0.994
2874.65,-0.091,0.039,0.022,0.994
2874.84,-0.091,0.039,0.022,0.994
2875.2,-0.091,0.039,0.022,0.994
2875.2,-0.091,0.039,0.022,0.994
2875.38,-0.091,0.039,0.022,0.994
2875.56,-0.091,0.039,0.022,0.994
2875.75,-0.091,0.039,0.022,0.994
2875.93,-0.091,0.039,0.022,0.994
2876.11,-0.091,0.039,0.022,0.994
2876.29,-0.091,0.039,0.022,0.994
2876.48,-0.091,0.039,0.022,0.994
2876.66,-0.091,0.039,0.022,0.994
2876.84,-0.091,0.039,0.022,0.994
2877.2,-0.091,0.039,0.022,0.994
2877.2,-0.091,0.039,0.022,0.994
2877.39,-0.091,0.039,0.022,0.994
2877.57,-0.091,0.039,0.022,0.994
2877.75,-0.091,0.039,0.022,0.994
2877.93,-0.091,0.039,0.022,0.994
2878.12,-0.091,0.039,0.022,0.994
2878.3,-0.091,0.039,0.022,0.994
2878.48,-0.091,0.039,0.022,0.994
2878.66,-0.091,0.039,0.022,0.994
2878.84,-0.091,0.039,0.022,0.994
2879.3,-0.091,0.039,0.022,0.994
2879.21,-0.091,0.039,0.022,0.994
2879.39,-0.091,0.038,0.022,0.994
2879.57,-0.091,0.039,0.022,0.994
2879.76,-0.091,0.038,0.022,0.994
2879.94,-0.091,0.038,0.022,0.994
2880.12,-0.091,0.039,0.022,0.994
2880.3,-0.091,0.039,0.022,0.994
2883.4,-0.091,0.039,0.022,0.994
2883.58,-0.091,0.039,0.022,0.994
2883.77,-0.091,0.039,0.022,0.994
2883.95,-0.091,0.039,0.022,0.994
2884.13,-0.091,0.039,0.022,0.994
2884.31,-0.091,0.039,0.022,0.994
2884.5,-0.091,0.039,0.022,0.994
2884.68,-0.091,0.039,0.022,0.994
2884.86,-0.091,0.038,0.022,0.994
2885.4,-0.091,0.038,0.022,0.994
2885.22,-0.091,0.039,0.022,0.994
2885.41,-0.091,0.038,0.022,0.994
2885.59,-0.091,0.038,0.022,0.994
2885.77,-0.091,0.038,0.022,0.994
2885.95,-0.091,0.038,0.022,0.994
2886.14,-0.091,0.039,0.022,0.994
2886.32,-0.091,0.039,0.022,0.994
2886.5,-0.091,0.039,0.022,0.994
2886.68,-0.091,0.039,0.022,0.994
2886.86,-0.091,0.039,0.022,0.994
2887.5,-0.091,0.039,0.022,0.994
2887.23,-0.091,0.039,0.022,0.994
2887.41,-0.091,0.039,0.022,0.994
2887.59,-0.091,0.039,0.022,0.994
2887.78,-0.091,0.039,0.022,0.994
2887.96,-0.091,0.039,0.022,0.994
2888.14,-0.091,0.039,0.022,0.994
2888.32,-0.091,0.039,0.022,0.994
2888.5,-0.091,0.039,0.022,0.994
2888.69,-0.091,0.039,0.022,0.994
2888.87,-0.091,0.039,0.022,0.994
2889.5,-0.091,0.039,0.022,0.994
2889.23,-0.091,0.039,0.022,0.994
2889.42,-0.091,0.039,0.022,0.994
2890.87,-0.091,0.039,0.022,0.994
2891.6,-0.091,0.039,0.022,0.994
2891.24,-0.091,0.039,0.022,0.994
2891.42,-0.091,0.039,0.022,0.994
2891.6,-0.091,0.039,0.022,0.994
2891.79,-0.091,0.039,0.022,0.994
2891.97,-0.091,0.039,0.022,0.994
2892.15,-0.091,0.039,0.022,0.994
2892.33,-0.091,0.039,0.022,0.994
2892.51,-0.091,0.039,0.022,0.994
2892.7,-0.091,0.039,0.022,0.994
2892.88,-0.091,0.039,0.022,0.994
2893.6,-0.091,0.039,0.022,0.994
2893.24,-0.091,0.039,0.022,0.994
2893.43,-0.091,0.039,0.022,0.994
2893.61,-0.091,0.039,0.022,0.994
2893.79,-0.091,0.039,0.022,0.994
2893.97,-0.091,0.039,0.022,0.994
2894.15,-0.091,0.039,0.022,0.994
2894.34,-0.091,0.039,0.022,0.994
2894.52,-0.091,0.039,0.022,0.994
2894.7,-0.091,0.039,0.022,0.994
2894.88,-0.091,0.039,0.022,0.994
2895.7,-0.091,0.039,0.022,0.994
2895.25,-0.091,0.039,0.022,0.994
2895.43,-0.091,0.039,0.022,0.994
2895.61,-0.091,0.039,0.022,0.994
2895.79,-0.091,0.039,0.022,0.994
2895.98,-0.091,0.039,0.022,0.994
2896.16,-0.091,0.039,0.022,0.994
2896.34,-0.091,0.039,0.022,0.994
2896.52,-0.091,0.039,0.022,0.994
2896.71,-0.091,0.039,0.022,0.994
2896.89,-0.091,0.039,0.022,0.994
2897.7,-0.091,0.039,0.022,0.994
2897.25,-0.091,0.039,0.022,0.994
2897.43,-0.091,0.039,0.022,0.994
2897.62,-0.091,0.039,0.022,0.994
2897.8,-0.091,0.039,0.022,0.994
2897.98,-0.091,0.039,0.022,0.994
2898.16,-0.091,0.039,0.022,0.994
2898.35,-0.091,0.039,0.022,0.994
2898.53,-0.091,0.039,0.022,0.994
2898.71,-0.091,0.039,0.022,0.994
2898.89,-0.091,0.039,0.022,0.994
2899.8,-0.091,0.039,0.022,0.994
2899.26,-0.091,0.039,0.022,0.994
2899.44,-0.091,0.039,0.022,0.994
2899.62,-0.091,0.039,0.022,0.994
2899.8,-0.091,0.039,0.022,0.994
2899.99,-0.091,0.039,0.022,0.994
2900.17,-0.091,0.039,0.022,0.994
2900.35,-0.091,0.039,0.022,0.994
2900.53,-0.091,0.039,0.022,0.994
2900.72,-0.091,0.039,0.022,0.994
2900.9,-0.091,0.039,0.022,0.994
2901.8,-0.091,0.039,0.022,0.994
2901.26,-0.091,0.039,0.022,0.994
2901.44,-0.091,0.039,0.022,0.994
2901.63,-0.091,0.039,0.022,0.994
2901.81,-0.091,0.039,0.022,0.994
2901.99,-0.091,0.039,0.022,0.994
2902.17,-0.091,0.039,0.022,0.994
2902.36,-0.091,0.039,0.022,0.994
2902.54,-0.091,0.038,0.022,0.994
2902.72,-0.091,0.039,0.022,0.994
2902.9,-0.091,0.038,0.022,0.994
2903.8,-0.091,0.039,0.022,0.994
2903.27,-0.091,0.038,0.022,0.994
2903.45,-0.091,0.039,0.022,0.994
2903.63,-0.091,0.039,0.022,0.994
2903.81,-0.091,0.039,0.022,0.994
2904.0,-0.091,0.038,0.022,0.994
2904.18,-0.091,0.039,0.023,0.994
2904.36,-0.091,0.038,0.022,0.994
2904.54,-0.091,0.039,0.022,0.994
2904.72,-0.091,0.039,0.022,0.994
2904.91,-0.091,0.039,0.022,0.994
2905.9,-0.091,0.039,0.022,0.994
2905.27,-0.091,0.039,0.022,0.994
2905.45,-0.091,0.039,0.023,0.994
2905.64,-0.091,0.039,0.023,0.994
2905.82,-0.091,0.039,0.023,0.994
2906.0,-0.091,0.039,0.023,0.994
2909.28,-0.091,0.039,0.022,0.994
2909.46,-0.091,0.039,0.023,0.994
2909.65,-0.091,0.039,0.023,0.994
2909.83,-0.091,0.039,0.023,0.994
2910.1,-0.091,0.039,0.023,0.994
2910.19,-0.091,0.039,0.023,0.994
2910.38,-0.091,0.039,0.023,0.994
2910.56,-0.091,0.039,0.023,0.994
2910.74,-0.091,0.039,0.023,0.994
2910.92,-0.091,0.038,0.023,0.994
2911.1,-0.091,0.039,0.023,0.994
2911.29,-0.091,0.038,0.023,0.994
2911.47,-0.091,0.039,0.023,0.994
2911.65,-0.091,0.038,0.023,0.994
2911.83,-0.091,0.039,0.023,0.994
2912.2,-0.091,0.039,0.023,0.994
2913.29,-0.091,0.038,0.023,0.994
2913.47,-0.091,0.039,0.022,0.994
2913.66,-0.091,0.039,0.023,0.994
2913.84,-0.091,0.039,0.023,0.994
2914.2,-0.091,0.038,0.023,0.994
2914.2,-0.091,0.039,0.023,0.994
2914.39,-0.091,0.039,0.023,0.994
2914.57,-0.091,0.039,0.023,0.994
2914.75,-0.091,0.039,0.023,0.994
2914.93,-0.091,0.039,0.023,0.994
2915.11,-0.091,0.039,0.023,0.994
2915.3,-0.091,0.039,0.023,0.994
2915.48,-0.091,0.039,0.023,0.994
2915.66,-0.091,0.039,0.023,0.994
2915.84,-0.091,0.039,0.023,0.994
2916.3,-0.091,0.039,0.023,0.994
2916.21,-0.091,0.039,0.023,0.994
2916.39,-0.091,0.039,0.023,0.994
2916.57,-0.091,0.039,0.023,0.994
2916.75,-0.091,0.039,0.023,0.994
2916.94,-0.091,0.039,0.023,0.994
2917.12,-0.091,0.039,0.023,0.994
2917.3,-0.091,0.039,0.023,0.994
2917.48,-0.091,0.039,0.023,0.994
2917.67,-0.091,0.039,0.023,0.994
2917.85,-0.091,0.039,0.023,0.994
2918.3,-0.091,0.039,0.023,0.994
2918.21,-0.091,0.039,0.023,0.994
2918.39,-0.091,0.039,0.023,0.994
2918.58,-0.091,0.039,0.023,0.994
2918.76,-0.091,0.039,0.023,0.994
2918.94,-0.091,0.039,0.023,0.994
2919.12,-0.091,0.039,0.023,0.994
2919.31,-0.091,0.039,0.023,0.994
2919.49,-0.091,0.039,0.023,0.994
2919.67,-0.091,0.039,0.023,0.994
2919.85,-0.091,0.038,0.023,0.994
2920.4,-0.091,0.039,0.023,0.994
2920.22,-0.091,0.039,0.023,0.994
2920.4,-0.091,0.039,0.023,0.994
2920.58,-0.091,0.039,0.023,0.994
2920.76,-0.091,0.039,0.023,0.994
2920.95,-0.091,0.039,0.023,0.994
2921.13,-0.091,0.039,0.023,0.994
2921.31,-0.091,0.039,0.023,0.994
2921.49,-0.091,0.039,0.023,0.994
2921.68,-0.091,0.039,0.023,0.994
2921.86,-0.091,0.039,0.023,0.994
2922.4,-0.091,0.039,0.023,0.994
2922.22,-0.091,0.038,0.023,0.994
2922.4,-0.091,0.039,0.023,0.994
2922.59,-0.091,0.039,0.023,0.994
2922.77,-0.091,0.039,0.023,0.994
2922.95,-0.091,0.039,0.023,0.994
2923.13,-0.091,0.039,0.023,0.994
2923.32,-0.091,0.039,0.023,0.994
2923.5,-0.091,0.039,0.023,0.994
2923.68,-0.091,0.039,0.023,0.994
2923.86,-0.091,0.038,0.023,0.994
2924.5,-0.091,0.039,0.023,0.994
2924.23,-0.091,0.038,0.023,0.994
2924.41,-0.091,0.039,0.023,0.994
2924.59,-0.091,0.039,0.023,0.994
2924.77,-0.091,0.039,0.023,0.994
2924.96,-0.091,0.039,0.023,0.994
2925.14,-0.091,0.039,0.023,0.994
2925.32,-0.091,0.039,0.023,0.994
2925.5,-0.091,0.039,0.023,0.994
2925.69,-0.091,0.039,0.023,0.994
2925.87,-0.091,0.039,0.023,0.994
2926.5,-0.091,0.039,0.023,0.994
2926.23,-0.091,0.039,0.023,0.994
2926.42,-0.091,0.038,0.023,0.994
2926.6,-0.091,0.039,0.023,0.994
2926.78,-0.091,0.039,0.023,0.994
2926.96,-0.091,0.039,0.023,0.994
2927.14,-0.091,0.039,0.023,0.994
2927.33,-0.091,0.039,0.023,0.994
2927.51,-0.091,0.039,0.023,0.994
2927.69,-0.091,0.039,0.023,0.994
2927.87,-0.091,0.039,0.023,0.994
2928.6,-0.091,0.039,0.023,0.994
2928.24,-0.091,0.039,0.023,0.994
2928.42,-0.091,0.039,0.023,0.994
2928.6,-0.091,0.039,0.023,0.994
2928.78,-0.091,0.039,0.023,0.994
2928.97,-0.091,0.039,0.023,0.994
2929.15,-0.091,0.039,0.023,0.994
2929.33,-0.091,0.039,0.023,0.994
2929.51,-0.091,0.039,0.023,0.994
2929.7,-0.091,0.039,0.023,0.994
2929.88,-0.091,0.039,0.023,0.994
2930.6,-0.091,0.039,0.023,0.994
2930.24,-0.091,0.039,0.023,0.994
2930.43,-0.091,0.039,0.023,0.994
2930.61,-0.091,0.038,0.023,0.994
2930.79,-0.091,0.039,0.023,0.994
2930.97,-0.091,0.039,0.023,0.994
2931.15,-0.091,0.039,0.023,0.994
2931.34,-0.091,0.039,0.023,0.994
2931.52,-0.091,0.039,0.023,0.994
2931.7,-0.091,0.038,0.023,0.994
2931.88,-0.091,0.038,0.023,0.994
2932.7,-0.091,0.039,0.023,0.994
2932.25,-0.091,0.039,0.023,0.994
2932.43,-0.091,0.039,0.023,0.994
2932.61,-0.091,0.039,0.023,0.994
2932.79,-0.091,0.039,0.023,0.994
2932.98,-0.091,0.038,0.023,0.994
2933.16,-0.091,0.038,0.023,0.994
2933.34,-0.091,0.039,0.023,0.994
2933.52,-0.091,0.038,0.023,0.994
2933.71,-0.091,0.039,0.023,0.994
2933.89,-0.091,0.039,0.023,0.994
2934.7,-0.091,0.039,0.023,0.994
2934.25,-0.091,0.039,0.023,0.994
2934.44,-0.091,0.039,0.023,0.994
2934.62,-0.091,0.039,0.023,0.994
2934.8,-0.091,0.038,0.023,0.994
2934.98,-0.091,0.039,0.023,0.994
2935.16,-0.091,0.039,0.023,0.994
2935.35,-0.091,0.039,0.023,0.994
2935.53,-0.091,0.038,0.023,0.994
2935.71,-0.091,0.038,0.023,0.994
2935.89,-0.091,0.038,0.023,0.994
2936.8,-0.091,0.039,0.023,0.994
2936.26,-0.091,0.039,0.023,0.994
2936.44,-0.091,0.039,0.023,0.994
2936.62,-0.091,0.039,0.023,0.994
2936.8,-0.091,0.039,0.023,0.994
2936.99,-0.091,0.039,0.023,0.994
2937.17,-0.091,0.039,0.023,0.994
2937.35,-0.091,0.039,0.023,0.994
2937.53,-0.091,0.039,0.023,0.994
2937.72,-0.091,0.038,0.023,0.994
2937.9,-0.091,0.039,0.023,0.994
2938.8,-0.091,0.038,0.023,0.994
2938.26,-0.091,0.039,0.023,0.994
2938.45,-0.091,0.038,0.023,0.994
2938.63,-0.091,0.039,0.023,0.994
2938.81,-0.091,0.038,0.023,0.994
2938.99,-0.091,0.038,0.023,0.994
2939.17,-0.091,0.039,0.023,0.994
2939.36,-0.091,0.038,0.023,0.994
2939.54,-0.091,0.038,0.023,0.994
2939.72,-0.091,0.039,0.023,0.994
2939.9,-0.091,0.039,0.023,0.994
2940.9,-0.091,0.039,0.023,0.994
2940.27,-0.091,0.038,0.023,0.994
2940.45,-0.091,0.039,0.023,0.994
2940.63,-0.091,0.039,0.023,0.994
2940.81,-0.091,0.039,0.023,0.994
2941.0,-0.091,0.039,0.023,0.994
2941.18,-0.091,0.039,0.023,0.994
2941.36,-0.091,0.039,0.023,0.994
2941.54,-0.091,0.039,0.023,0.994
2941.73,-0.091,0.038,0.023,0.994
2941.91,-0.091,0.038,0.023,0.994
2942.9,-0.091,0.039,0.023,0.994
2944.28,-0.091,0.038,0.023,0.994
2944.46,-0.091,0.038,0.023,0.994
2944.64,-0.091,0.039,0.023,0.994
2944.82,-0.091,0.038,0.023,0.994
2945.1,-0.091,0.038,0.023,0.994
2945.19,-0.091,0.038,0.023,0.994
2945.37,-0.091,0.038,0.023,0.994
2945.55,-0.091,0.039,0.023,0.994
2945.74,-0.091,0.039,0.023,0.994
2945.92,-0.091,0.038,0.023,0.994
2946.1,-0.091,0.039,0.023,0.994
2946.28,-0.091,0.039,0.023,0.994
2946.47,-0.091,0.039,0.023,0.994
2946.65,-0.091,0.039,0.023,0.994
2946.83,-0.091,0.039,0.023,0.994
2947.1,-0.091,0.039,0.023,0.994
2947.19,-0.091,0.038,0.023,0.994
2947.38,-0.091,0.039,0.023,0.994
2950.11,-0.091,0.038,0.023,0.994
2950.29,-0.091,0.039,0.023,0.994
2950.48,-0.091,0.039,0.023,0.994
2950.66,-0.091,0.039,0.023,0.994
2950.84,-0.091,0.038,0.023,0.994
2951.2,-0.091,0.039,0.023,0.994
2951.2,-0.091,0.038,0.023,0.994
2951.39,-0.091,0.038,0.023,0.994
2951.57,-0.091,0.038,0.023,0.994
2951.75,-0.091,0.038,0.023,0.994
2951.93,-0.091,0.039,0.023,0.994
2952.12,-0.091,0.039,0.023,0.994
2952.3,-0.091,0.039,0.023,0.994
2952.48,-0.091,0.038,0.023,0.994
2952.66,-0.091,0.039,0.023,0.994
2952.85,-0.091,0.038,0.023,0.994
2953.3,-0.091,0.039,0.023,0.994
2953.21,-0.091,0.039,0.023,0.994
2953.39,-0.091,0.039,0.023,0.994
2953.57,-0.091,0.038,0.023,0.994
2953.76,-0.091,0.039,0.023,0.994
2954.67,-0.091,0.039,0.023,0.994
2954.85,-0.091,0.038,0.023,0.994
2955.3,-0.091,0.038,0.023,0.994
2955.22,-0.091,0.038,0.023,0.994
2955.4,-0.091,0.038,0.023,0.994
2955.58,-0.091,0.038,0.023,0.994
2955.76,-0.091,0.038,0.023,0.994
2955.94,-0.091,0.038,0.023,0.994
2956.13,-0.091,0.038,0.023,0.994
2956.31,-0.091,0.039,0.023,0.994
2956.49,-0.091,0.038,0.023,0.994
2961.78,-0.091,0.039,0.023,0.994
2961.96,-0.091,0.039,0.023,0.994
2962.14,-0.091,0.039,0.023,0.994
2962.32,-0.091,0.038,0.023,0.994
2962.51,-0.091,0.039,0.023,0.994
2962.69,-0.091,0.038,0.023,0.994
2962.87,-0.091,0.038,0.023,0.994
2963.5,-0.091,0.038,0.023,0.994
2963.24,-0.091,0.039,0.023,0.994
2963.42,-0.091,0.039,0.023,0.994
2963.6,-0.091,0.039,0.023,0.994
2963.78,-0.091,0.038,0.023,0.994
2963.97,-0.091,0.039,0.023,0.994
2964.15,-0.091,0.038,0.023,0.994
2964.33,-0.091,0.039,0.023,0.994
2964.51,-0.091,0.039,0.023,0.994
2964.69,-0.091,0.039,0.023,0.994
2964.88,-0.091,0.039,0.023,0.994
2965.6,-0.091,0.039,0.023,0.994
2965.24,-0.091,0.039,0.023,0.994
2965.42,-0.091,0.039,0.023,0.994
2965.61,-0.091,0.039,0.023,0.994
2965.79,-0.091,0.039,0.023,0.994
2965.97,-0.091,0.039,0.023,0.994
2966.15,-0.091,0.039,0.023,0.994
2966.34,-0.091,0.039,0.023,0.994
2966.52,-0.091,0.038,0.023,0.994
2966.7,-0.091,0.039,0.023,0.994
2966.88,-0.091,0.038,0.023,0.994
2967.6,-0.091,0.038,0.023,0.994
2967.25,-0.091,0.038,0.023,0.994
2967.43,-0.091,0.039,0.023,0.994
2967.61,-0.091,0.038,0.023,0.994
2967.79,-0.091,0.039,0.023,0.994
2967.98,-0.091,0.038,0.023,0.994
2968.16,-0.091,0.038,0.023,0.994
2968.34,-0.091,0.039,0.023,0.994
2968.89,-0.091,0.039,0.023,0.994
2969.7,-0.091,0.039,0.023,0.994
2969.25,-0.091,0.038,0.023,0.994
2969.43,-0.091,0.039,0.023,0.994
2969.62,-0.091,0.039,0.023,0.994
2969.8,-0.091,0.039,0.023,0.994
2969.98,-0.091,0.039,0.023,0.994
2970.16,-0.091,0.038,0.023,0.994
2970.35,-0.091,0.039,0.023,0.994
2970.53,-0.091,0.038,0.023,0.994
2970.71,-0.091,0.039,0.023,0.994
2970.89,-0.091,0.038,0.023,0.994
2971.8,-0.091,0.038,0.023,0.994
2971.26,-0.091,0.038,0.023,0.994
2971.44,-0.091,0.038,0.023,0.994
2971.62,-0.091,0.038,0.023,0.994
2971.8,-0.091,0.038,0.023,0.994
2971.99,-0.091,0.039,0.023,0.994
2972.17,-0.091,0.039,0.023,0.994
2972.35,-0.091,0.039,0.023,0.994
2972.53,-0.091,0.038,0.023,0.994
2972.72,-0.091,0.039,0.023,0.994
2972.9,-0.091,0.038,0.023,0.994
2973.8,-0.091,0.038,0.023,0.994
2973.26,-0.091,0.038,0.023,0.994
2973.45,-0.091,0.038,0.023,0.994
2974.36,-0.091,0.038,0.023,0.994
2974.54,-0.091,0.038,0.023,0.994
2974.72,-0.091,0.038,0.023,0.994
2974.9,-0.091,0.039,0.023,0.994
2975.9,-0.091,0.038,0.023,0.994
2975.27,-0.091,0.038,0.023,0.994
2975.45,-0.091,0.038,0.023,0.994
2975.63,-0.091,0.038,0.023,0.994
2975.82,-0.091,0.038,0.023,0.994
2976.0,-0.091,0.038,0.023,0.994
2976.18,-0.091,0.038,0.023,0.994
2976.36,-0.091,0.038,0.023,0.994
2976.54,-0.091,0.038,0.023,0.994
2976.73,-0.091,0.039,0.023,0.994
2976.91,-0.091,0.038,0.023,0.994
2977.9,-0.091,0.038,0.023,0.994
2977.27,-0.091,0.039,0.023,0.994
2977.46,-0.091,0.039,0.023,0.994
2977.64,-0.091,0.038,0.023,0.994
2977.82,-0.091,0.038,0.023,0.994
2978.0,-0.091,0.039,0.023,0.994
2978.19,-0.091,0.038,0.023,0.994
2978.37,-0.091,0.038,0.023,0.994
2979.46,-0.091,0.038,0.023,0.994
2979.64,-0.091,0.039,0.023,0.994
2979.83,-0.091,0.038,0.023,0.994
2980.1,-0.091,0.038,0.023,0.994
2980.19,-0.091,0.038,0.023,0.994
2980.37,-0.091,0.038,0.023,0.994
2980.56,-0.091,0.038,0.023,0.994
2980.74,-0.091,0.038,0.023,0.994
2980.92,-0.091,0.038,0.023,0.994
2981.1,-0.091,0.039,0.023,0.994
2981.28,-0.091,0.038,0.023,0.994
2981.47,-0.091,0.039,0.023,0.994
2981.65,-0.091,0.039,0.023,0.994
2981.83,-0.091,0.038,0.023,0.994
2982.1,-0.091,0.038,0.023,0.994
2982.2,-0.091,0.038,0.023,0.994
2982.38,-0.091,0.039,0.023,0.994
2982.56,-0.091,0.038,0.023,0.994
2982.74,-0.091,0.039,0.023,0.994
2982.93,-0.091,0.038,0.023,0.994
2983.11,-0.091,0.038,0.023,0.994
2983.29,-0.091,0.038,0.023,0.994
2983.47,-0.091,0.039,0.023,0.994
2983.65,-0.091,0.038,0.023,0.994
2983.84,-0.091,0.038,0.023,0.994
2984.2,-0.091,0.038,0.023,0.994
2984.2,-0.091,0.038,0.023,0.994
2984.38,-0.091,0.039,0.023,0.994
2984.57,-0.091,0.039,0.023,0.994
2984.75,-0.091,0.038,0.023,0.994
2984.93,-0.091,0.038,0.023,0.994
2985.11,-0.091,0.038,0.023,0.994
2985.3,-0.091,0.038,0.024,0.994
2985.48,-0.091,0.038,0.024,0.994
2985.66,-0.091,0.038,0.024,0.994
2985.84,-0.091,0.038,0.024,0.994
2986.2,-0.091,0.038,0.024,0.994
2986.21,-0.091,0.038,0.024,0.994
2986.39,-0.091,0.038,0.024,0.994
2986.57,-0.091,0.038,0.024,0.994
2986.75,-0.091,0.038,0.024,0.994
2986.94,-0.091,0.038,0.024,0.994
2987.12,-0.092,0.038,0.024,0.994
2987.3,-0.092,0.039,0.024,0.994
2987.48,-0.091,0.038,0.024,0.994
2990.76,-0.091,0.038,0.024,0.994
2990.95,-0.091,0.038,0.024,0.994
2991.13,-0.091,0.038,0.024,0.994
2991.31,-0.091,0.038,0.024,0.994
2991.49,-0.091,0.038,0.024,0.994
2991.68,-0.091,0.039,0.024,0.994
2991.86,-0.091,0.038,0.024,0.994
2992.4,-0.091,0.038,0.024,0.994
2992.22,-0.091,0.038,0.024,0.994
2992.41,-0.091,0.038,0.024,0.994
2992.59,-0.091,0.038,0.024,0.994
2992.77,-0.091,0.039,0.024,0.994
2998.6,-0.091,0.038,0.024,0.994
2998.24,-0.091,0.038,0.024,0.994
2998.42,-0.091,0.038,0.024,0.994
2998.6,-0.091,0.039,0.024,0.994
2998.78,-0.091,0.038,0.024,0.994
2998.97,-0.091,0.038,0.024,0.994
2999.15,-0.091,0.038,0.024,0.994
2999.33,-0.091,0.038,0.024,0.994
2999.51,-0.091,0.038,0.024,0.994
2999.7,-0.091,0.038,0.024,0.994
2999.88,-0.091,0.038,0.024,0.994
3000.6,-0.091,0.038,0.024,0.994
3000.24,-0.091,0.038,0.024,0.994
3000.42,-0.091,0.038,0.024,0.994
3000.61,-0.091,0.038,0.024,0.994
3000.79,-0.091,0.038,0.024,0.994
3000.97,-0.091,0.038,0.024,0.994
3001.15,-0.091,0.038,0.024,0.994
3001.34,-0.091,0.038,0.024,0.994
3001.52,-0.091,0.038,0.024,0.994
3001.7,-0.091,0.038,0.024,0.994
3001.88,-0.091,0.038,0.024,0.994
3002.7,-0.091,0.038,0.024,0.994
3002.25,-0.091,0.038,0.024,0.994
3002.43,-0.091,0.038,0.024,0.994
3002.61,-0.091,0.038,0.024,0.994
3002.79,-0.091,0.038,0.024,0.994
3002.98,-0.091,0.038,0.024,0.994
3004.7,-0.091,0.038,0.024,0.994
3004.25,-0.091,0.038,0.024,0.994
3004.43,-0.091,0.038,0.024,0.994
3004.62,-0.091,0.038,0.024,0.994
3004.8,-0.091,0.038,0.024,0.994
3004.98,-0.091,0.038,0.024,0.994
3005.16,-0.091,0.038,0.024,0.994
3005.35,-0.091,0.039,0.024,0.994
3005.53,-0.091,0.038,0.024,0.994
3005.71,-0.091,0.038,0.024,0.994
3005.89,-0.091,0.038,0.024,0.994
3006.7,-0.091,0.038,0.024,0.994
3006.26,-0.091,0.038,0.024,0.994
3006.44,-0.091,0.038,0.024,0.994
3006.62,-0.091,0.038,0.024,0.994
3006.8,-0.091,0.038,0.024,0.994
3006.99,-0.091,0.038,0.024,0.994
3007.17,-0.091,0.038,0.024,0.994
3007.35,-0.091,0.038,0.024,0.994
3007.53,-0.091,0.038,0.024,0.994
3007.72,-0.091,0.038,0.024,0.994
3007.9,-0.091,0.038,0.024,0.994
3008.8,-0.091,0.038,0.024,0.994
3008.26,-0.091,0.038,0.024,0.994
3008.44,-0.091,0.038,0.024,0.994
3008.63,-0.091,0.038,0.024,0.994
3008.81,-0.091,0.038,0.024,0.994
3008.99,-0.091,0.038,0.024,0.994
3009.17,-0.091,0.038,0.024,0.994
3009.36,-0.091,0.038,0.024,0.994
3009.54,-0.091,0.038,0.024,0.994
3009.72,-0.091,0.038,0.024,0.994
3009.9,-0.091,0.038,0.024,0.994
3010.8,-0.091,0.038,0.024,0.994
3010.27,-0.091,0.038,0.024,0.994
3010.45,-0.091,0.038,0.024,0.994
3010.63,-0.091,0.038,0.024,0.994
3010.81,-0.091,0.038,0.024,0.994
3011.0,-0.091,0.038,0.024,0.994
3011.18,-0.091,0.038,0.024,0.994
3011.36,-0.091,0.038,0.024,0.994
3011.54,-0.091,0.038,0.024,0.994
3011.73,-0.091,0.038,0.024,0.994
3011.91,-0.091,0.039,0.024,0.994
3012.9,-0.091,0.038,0.024,0.994
3012.27,-0.091,0.038,0.024,0.994
3012.45,-0.091,0.038,0.024,0.994
3012.64,-0.091,0.038,0.024,0.994
3012.82,-0.091,0.038,0.024,0.994
3013.0,-0.091,0.038,0.024,0.994
3013.18,-0.091,0.038,0.024,0.994
3013.37,-0.091,0.038,0.024,0.994
3013.55,-0.091,0.038,0.024,0.994
3013.73,-0.091,0.038,0.024,0.994
3013.91,-0.091,0.038,0.024,0.994
3014.9,-0.091,0.038,0.024,0.994
3014.28,-0.091,0.038,0.024,0.994
3014.46,-0.091,0.038,0.024,0.994
3014.64,-0.091,0.038,0.024,0.994
3014.82,-0.091,0.038,0.024,0.994
3016.65,-0.091,0.038,0.024,0.994
3016.83,-0.091,0.038,0.024,0.994
3017.1,-0.091,0.038,0.024,0.994
3017.19,-0.091,0.038,0.024,0.994
3017.38,-0.091,0.038,0.024,0.994
3017.56,-0.091,0.038,0.024,0.994
3017.74,-0.091,0.038,0.024,0.994
3017.92,-0.091,0.038,0.024,0.994
3018.1,-0.091,0.038,0.024,0.994
3018.29,-0.091,0.038,0.024,0.994
3018.47,-0.091,0.038,0.024,0.994
3018.65,-0.091,0.038,0.024,0.994
3018.83,-0.091,0.038,0.024,0.994
3019.2,-0.091,0.038,0.024,0.994
3019.2,-0.091,0.038,0.024,0.994
3019.38,-0.091,0.038,0.024,0.994
3019.56,-0.091,0.038,0.024,0.994
3019.74,-0.091,0.038,0.024,0.994
3019.93,-0.091,0.038,0.024,0.994
3020.11,-0.091,0.038,0.024,0.994
3020.29,-0.091,0.038,0.024,0.994
3020.47,-0.091,0.039,0.024,0.994
3020.66,-0.091,0.038,0.024,0.994
3020.84,-0.091,0.038,0.024,0.994
3021.2,-0.091,0.038,0.024,0.994
3021.2,-0.091,0.038,0.024,0.994
3021.39,-0.091,0.038,0.024,0.994
3021.57,-0.091,0.038,0.024,0.994
3021.75,-0.091,0.038,0.024,0.994
3021.93,-0.091,0.038,0.024,0.994
3022.11,-0.091,0.038,0.024,0.994
3022.3,-0.091,0.038,0.024,0.994
3022.48,-0.091,0.038,0.024,0.994
3022.66,-0.091,0.038,0.024,0.994
3022.84,-0.091,0.038,0.024,0.994
3023.3,-0.091,0.038,0.024,0.994
3023.21,-0.091,0.038,0.024,0.994
3023.39,-0.091,0.038,0.024,0.994
3023.57,-0.091,0.038,0.024,0.994
3023.75,-0.091,0.038,0.024,0.994
3023.94,-0.091,0.039,0.024,0.994
3024.12,-0.091,0.038,0.024,0.994
3024.3,-0.091,0.038,0.024,0.994
3024.48,-0.091,0.038,0.024,0.994
3024.67,-0.091,0.039,0.024,0.994
3024.85,-0.091,0.038,0.024,0.994
3025.3,-0.091,0.039,0.024,0.994
3025.21,-0.091,0.038,0.024,0.994
3025.39,-0.091,0.038,0.024,0.994
3025.58,-0.091,0.038,0.024,0.994
3025.76,-0.091,0.038,0.024,0.994
3026.85,-0.091,0.038,0.024,0.994
3027.4,-0.091,0.038,0.024,0.994
3027.22,-0.091,0.038,0.024,0.994
3027.4,-0.091,0.038,0.024,0.994
3027.58,-0.091,0.038,0.024,0.994
3027.76,-0.091,0.038,0.024,0.994
3027.95,-0.091,0.038,0.024,0.994
3028.13,-0.091,0.039,0.024,0.994
3028.31,-0.091,0.038,0.024,0.994
3028.49,-0.091,0.038,0.024,0.994
3028.68,-0.091,0.038,0.024,0.994
3034.32,-0.091,0.039,0.024,0.994
3034.51,-0.091,0.038,0.024,0.994
3034.69,-0.091,0.038,0.024,0.994
3034.87,-0.091,0.038,0.024,0.994
3035.5,-0.091,0.039,0.024,0.994
3035.24,-0.091,0.038,0.024,0.994
3035.42,-0.091,0.038,0.024,0.994
3035.6,-0.091,0.038,0.024,0.994
3035.78,-0.091,0.038,0.024,0.994
3035.96,-0.091,0.038,0.024,0.994
3036.15,-0.091,0.038,0.024,0.994
3036.33,-0.091,0.039,0.024,0.994
3036.51,-0.091,0.038,0.024,0.994
3036.69,-0.091,0.038,0.024,0.994
3036.88,-0.091,0.038,0.024,0.994
3037.6,-0.091,0.038,0.024,0.994
3037.24,-0.091,0.038,0.024,0.994
3037.42,-0.091,0.038,0.024,0.994
3037.6,-0.091,0.038,0.024,0.994
3037.79,-0.092,0.038,0.024,0.994
3037.97,-0.092,0.038,0.024,0.994
3038.15,-0.092,0.038,0.024,0.994
3038.33,-0.092,0.038,0.024,0.994
3038.51,-0.091,0.038,0.024,0.994
3038.7,-0.091,0.038,0.024,0.994
3038.88,-0.091,0.038,0.024,0.994
3039.6,-0.091,0.038,0.024,0.994
3039.24,-0.091,0.038,0.025,0.994
3039.43,-0.091,0.038,0.025,0.994
3039.61,-0.091,0.038,0.025,0.994
3039.79,-0.091,0.038,0.025,0.994
3039.97,-0.091,0.038,0.025,0.994
3040.15,-0.091,0.038,0.025,0.994
3040.34,-0.091,0.039,0.025,0.994
3040.52,-0.091,0.038,0.025,0.994
3040.7,-0.091,0.038,0.025,0.994
3040.88,-0.091,0.038,0.025,0.994
3041.7,-0.091,0.038,0.025,0.994
3042.71,-0.091,0.038,0.025,0.994
3042.89,-0.091,0.038,0.025,0.994
3043.7,-0.091,0.038,0.025,0.994
3043.25,-0.091,0.038,0.025,0.994
3043.44,-0.091,0.038,0.025,0.994
3043.62,-0.091,0.038,0.025,0.994
3043.8,-0.091,0.038,0.025,0.994
3043.98,-0.091,0.038,0.025,0.994
3044.16,-0.091,0.038,0.025,0.994
3044.35,-0.091,0.038,0.025,0.994
3044.53,-0.091,0.038,0.025,0.994
3044.71,-0.091,0.038,0.025,0.994
3044.89,-0.091,0.038,0.025,0.994
3045.8,-0.091,0.038,0.025,0.994
3045.26,-0.091,0.038,0.025,0.994
3045.44,-0.091,0.039,0.025,0.994
3045.62,-0.091,0.038,0.025,0.994
3045.8,-0.091,0.038,0.025,0.994
3045.99,-0.091,0.038,0.025,0.994
3046.17,-0.091,0.038,0.025,0.994
3046.35,-0.091,0.038,0.025,0.994
3046.53,-0.091,0.038,0.025,0.994
3046.72,-0.091,0.038,0.025,0.994
3046.9,-0.091,0.038,0.025,0.994
3047.8,-0.091,0.038,0.025,0.994
3047.26,-0.091,0.038,0.025,0.994
3047.44,-0.091,0.038,0.025,0.994
3047.63,-0.091,0.038,0.025,0.994
3047.81,-0.091,0.038,0.025,0.994
3048.72,-0.091,0.038,0.025,0.994
3048.9,-0.091,0.038,0.025,0.994
3049.8,-0.091,0.038,0.025,0.994
3049.27,-0.091,0.038,0.025,0.994
3049.45,-0.091,0.038,0.025,0.994
3049.63,-0.091,0.038,0.025,0.994
3049.81,-0.091,0.038,0.025,0.994
3050.0,-0.091,0.038,0.025,0.994
3050.18,-0.091,0.038,0.025,0.994
3050.36,-0.091,0.038,0.025,0.994
3050.54,-0.091,0.038,0.025,0.994
3050.73,-0.091,0.038,0.025,0.994
3050.91,-0.091,0.038,0.025,0.994
3051.9,-0.091,0.038,0.025,0.994
3051.27,-0.091,0.038,0.025,0.994
3051.45,-0.091,0.038,0.025,0.994
3051.64,-0.091,0.038,0.025,0.994
3051.82,-0.091,0.038,0.025,0.994
3052.0,-0.091,0.038,0.025,0.994
3052.18,-0.091,0.038,0.025,0.994
3052.37,-0.091,0.038,0.025,0.994
3052.55,-0.091,0.038,0.025,0.994
3052.73,-0.091,0.039,0.025,0.994
3052.91,-0.091,0.038,0.025,0.994
3053.9,-0.091,0.038,0.025,0.994
3053.28,-0.091,0.038,0.025,0.994
3053.46,-0.091,0.038,0.025,0.994
3053.64,-0.091,0.038,0.025,0.994
3053.82,-0.091,0.038,0.025,0.994
3054.1,-0.091,0.038,0.025,0.994
3054.19,-0.091,0.038,0.025,0.994
3054.37,-0.091,0.038,0.025,0.994
3054.55,-0.091,0.038,0.025,0.994
3054.73,-0.091,0.038,0.025,0.994
3054.92,-0.091,0.038,0.025,0.994
3055.1,-0.091,0.038,0.025,0.994
3055.28,-0.091,0.038,0.025,0.994
3055.46,-0.091,0.038,0.025,0.994
3055.65,-0.091,0.039,0.025,0.994
3055.83,-0.091,0.038,0.025,0.994
3056.1,-0.091,0.039,0.025,0.994
3056.19,-0.091,0.038,0.025,0.994
3056.37,-0.091,0.039,0.025,0.994
3056.56,-0.091,0.038,0.025,0.994
3056.74,-0.091,0.038,0.025,0.994
3056.92,-0.091,0.038,0.025,0.994
3057.1,-0.091,0.038,0.025,0.994
3057.29,-0.091,0.038,0.025,0.994
3057.47,-0.091,0.038,0.025,0.994
3057.65,-0.091,0.038,0.025,0.994
3057.83,-0.091,0.038,0.025,0.994
3058.2,-0.091,0.038,0.025,0.994
3058.2,-0.091,0.038,0.025,0.994
3058.38,-0.091,0.038,0.025,0.994
3058.56,-0.091,0.038,0.025,0.994
3058.74,-0.091,0.038,0.025,0.994
3058.93,-0.091,0.038,0.025,0.994
3059.11,-0.091,0.038,0.025,0.994
3059.29,-0.091,0.038,0.025,0.994
3059.47,-0.091,0.038,0.025,0.994
3059.66,-0.091,0.038,0.025,0.994
3059.84,-0.091,0.038,0.025,0.994
3060.2,-0.091,0.038,0.025,0.994
3060.2,-0.091,0.038,0.025,0.994
3060.38,-0.091,0.038,0.025,0.994
3060.57,-0.091,0.038,0.025,0.994
3060.75,-0.091,0.038,0.025,0.994
3060.93,-0.091,0.038,0.025,0.994
3061.11,-0.091,0.038,0.025,0.994
3061.3,-0.091,0.038,0.025,0.994
3061.48,-0.091,0.038,0.025,0.994
3061.66,-0.091,0.038,0.025,0.994
3061.84,-0.091,0.038,0.025,0.994
3062.2,-0.091,0.038,0.025,0.994
3062.21,-0.091,0.038,0.025,0.994
3062.39,-0.091,0.038,0.025,0.994
3062.57,-0.091,0.038,0.025,0.994
3062.75,-0.091,0.038,0.025,0.994
3062.94,-0.091,0.038,0.025,0.994
3063.12,-0.091,0.038,0.025,0.994
3063.3,-0.091,0.038,0.025,0.994
3063.48,-0.091,0.038,0.025,0.994
3063.66,-0.091,0.038,0.025,0.994
3063.85,-0.091,0.038,0.025,0.994
3064.3,-0.091,0.038,0.025,0.994
3064.21,-0.091,0.038,0.025,0.994
3064.39,-0.091,0.038,0.025,0.994
3064.58,-0.091,0.038,0.025,0.994
3064.76,-0.091,0.038,0.025,0.994
3064.94,-0.091,0.038,0.025,0.994
3065.12,-0.091,0.038,0.025,0.994
3065.31,-0.091,0.038,0.025,0.994
3065.49,-0.091,0.038,0.025,0.994
3065.67,-0.091,0.038,0.025,0.994
3065.85,-0.091,0.038,0.025,0.994
3066.3,-0.091,0.038,0.025,0.994
3066.22,-0.091,0.038,0.025,0.994
3066.4,-0.091,0.038,0.025,0.994
3066.58,-0.091,0.038,0.025,0.994
3066.76,-0.091,0.038,0.025,0.994
3066.95,-0.091,0.038,0.025,0.994
3067.13,-0.091,0.038,0.025,0.994
3067.31,-0.091,0.038,0.025,0.994
3067.49,-0.091,0.038,0.025,0.994
3067.67,-0.091,0.038,0.025,0.994
3067.86,-0.092,0.038,0.025,0.994
3068.4,-0.091,0.038,0.025,0.994
3068.22,-0.092,0.038,0.025,0.994
3068.4,-0.091,0.038,0.025,0.994
3068.59,-0.092,0.038,0.025,0.994
3068.77,-0.092,0.038,0.025,0.994
3068.95,-0.092,0.038,0.025,0.994
3072.78,-0.091,0.038,0.025,0.994
3072.96,-0.091,0.038,0.025,0.994
3073.14,-0.091,0.038,0.025,0.994
3073.33,-0.091,0.038,0.025,0.994
3073.51,-0.091,0.038,0.025,0.994
3073.69,-0.091,0.038,0.025,0.994
3073.87,-0.091,0.038,0.025,0.994
3074.5,-0.091,0.038,0.025,0.994
3074.24,-0.091,0.038,0.025,0.994
3074.42,-0.091,0.038,0.026,0.994
3074.6,-0.091,0.038,0.025,0.994
3074.78,-0.091,0.038,0.025,0.994
3074.97,-0.091,0.038,0.025,0.994
3075.15,-0.091,0.038,0.025,0.994
3075.33,-0.091,0.038,0.025,0.994
3075.51,-0.091,0.038,0.025,0.994
3075.69,-0.091,0.038,0.025,0.994
3075.88,-0.091,0.038,0.025,0.994
3076.6,-0.091,0.038,0.025,0.994
3076.24,-0.091,0.038,0.025,0.994
3076.42,-0.091,0.038,0.025,0.994
3076.61,-0.091,0.038,0.025,0.994
3076.79,-0.091,0.038,0.025,0.994
3076.97,-0.091,0.038,0.025,0.994
3077.15,-0.091,0.038,0.025,0.994
3077.34,-0.091,0.038,0.025,0.994
3077.52,-0.091,0.038,0.025,0.994
3077.7,-0.091,0.038,0.025,0.994
3077.88,-0.091,0.038,0.025,0.994
3078.6,-0.091,0.038,0.025,0.994
3078.25,-0.091,0.038,0.025,0.994
3078.43,-0.091,0.038,0.025,0.994
3078.61,-0.091,0.038,0.025,0.994
3078.79,-0.091,0.038,0.025,0.994
3078.98,-0.091,0.038,0.025,0.994
3079.16,-0.091,0.038,0.025,0.994
3079.34,-0.091,0.038,0.025,0.994
3079.52,-0.091,0.038,0.025,0.994
3079.71,-0.091,0.038,0.025,0.994
3079.89,-0.091,0.038,0.025,0.994
3080.7,-0.091,0.038,0.025,0.994
3080.25,-0.091,0.038,0.025,0.994
3080.43,-0.091,0.038,0.025,0.994
3080.62,-0.091,0.038,0.025,0.994
3080.8,-0.091,0.038,0.025,0.994
3080.98,-0.091,0.038,0.025,0.994
3081.16,-0.091,0.038,0.025,0.994
3081.35,-0.091,0.038,0.025,0.994
3081.53,-0.091,0.038,0.025,0.994
3081.71,-0.091,0.038,0.025,0.994
3081.89,-0.091,0.038,0.025,0.994
3082.7,-0.091,0.038,0.025,0.994
3082.26,-0.091,0.038,0.025,0.994
3082.44,-0.091,0.038,0.025,0.994
3082.62,-0.091,0.038,0.025,0.994
3082.8,-0.091,0.038,0.025,0.994
3082.99,-0.091,0.038,0.025,0.994
3083.17,-0.091,0.038,0.025,0.994
3083.35,-0.091,0.038,0.025,0.994
3083.53,-0.091,0.038,0.025,0.994
3083.72,-0.091,0.038,0.025,0.994
3083.9,-0.091,0.038,0.025,0.994
3084.8,-0.091,0.038,0.025,0.994
3084.26,-0.091,0.038,0.025,0.994
3085.36,-0.091,0.038,0.026,0.994
3085.54,-0.091,0.038,0.026,0.994
3085.72,-0.091,0.038,0.026,0.994
3085.9,-0.091,0.038,0.026,0.994
3086.8,-0.091,0.038,0.026,0.994
3086.27,-0.091,0.038,0.026,0.994
3086.45,-0.091,0.038,0.026,0.994
3086.63,-0.091,0.038,0.026,0.994
3086.81,-0.091,0.038,0.026,0.994
3087.0,-0.091,0.038,0.026,0.994
3087.18,-0.091,0.038,0.026,0.994
3087.36,-0.091,0.038,0.026,0.994
3087.54,-0.091,0.038,0.026,0.994
3087.72,-0.091,0.038,0.026,0.994
3087.91,-0.091,0.038,0.026,0.994
3088.9,-0.091,0.038,0.026,0.994
3088.27,-0.091,0.038,0.026,0.994
3088.45,-0.091,0.038,0.026,0.994
3088.64,-0.091,0.038,0.026,0.994
3088.82,-0.091,0.038,0.026,0.994
3089.0,-0.091,0.038,0.026,0.994
3089.18,-0.091,0.038,0.026,0.994
3089.36,-0.091,0.038,0.026,0.994
3089.55,-0.091,0.038,0.026,0.994
3089.73,-0.091,0.038,0.026,0.994
3089.91,-0.091,0.038,0.026,0.994
3090.9,-0.091,0.038,0.026,0.994
3090.28,-0.091,0.038,0.026,0.994
3090.46,-0.091,0.038,0.026,0.994
3090.64,-0.091,0.038,0.026,0.994
3090.82,-0.091,0.038,0.026,0.994
3091.0,-0.091,0.038,0.026,0.994
3091.19,-0.091,0.038,0.026,0.994
3091.37,-0.091,0.038,0.026,0.994
3091.55,-0.091,0.038,0.026,0.994
3091.73,-0.091,0.038,0.026,0.994
3091.92,-0.091,0.038,0.026,0.994
3092.1,-0.091,0.038,0.026,0.994
3092.28,-0.091,0.038,0.026,0.994
3092.46,-0.091,0.038,0.026,0.994
3092.65,-0.091,0.038,0.026,0.994
3092.83,-0.091,0.038,0.026,0.994
3093.1,-0.091,0.038,0.026,0.994
3093.19,-0.091,0.038,0.026,0.994
3093.37,-0.091,0.038,0.026,0.994
3093.56,-0.091,0.038,0.026,0.994
3093.74,-0.091,0.038,0.026,0.994
3093.92,-0.091,0.038,0.026,0.994
3094.1,-0.091,0.038,0.026,0.994
3094.29,-0.091,0.038,0.026,0.994
3094.47,-0.091,0.038,0.026,0.994
3094.65,-0.091,0.038,0.026,0.994
3094.83,-0.091,0.038,0.026,0.994
3095.1,-0.091,0.038,0.026,0.994
3095.2,-0.091,0.038,0.026,0.994
3095.38,-0.091,0.038,0.026,0.994
3095.56,-0.091,0.038,0.026,0.994
3095.74,-0.091,0.038,0.026,0.994
3095.93,-0.091,0.038,0.026,0.994
3096.11,-0.092,0.038,0.026,0.994
3096.29,-0.091,0.038,0.026,0.994
3096.47,-0.091,0.038,0.026,0.994
3096.65,-0.091,0.038,0.026,0.994
3096.84,-0.091,0.038,0.026,0.994
3097.2,-0.091,0.038,0.026,0.994
3097.2,-0.091,0.038,0.026,0.994
3097.38,-0.091,0.038,0.026,0.994
3097.57,-0.091,0.038,0.026,0.994
3097.75,-0.091,0.038,0.026,0.994
3097.93,-0.091,0.038,0.026,0.994
3098.11,-0.091,0.038,0.026,0.994
3098.29,-0.091,0.038,0.026,0.994
3098.48,-0.091,0.038,0.026,0.994
3098.66,-0.091,0.038,0.026,0.994
3098.84,-0.091,0.038,0.026,0.994
3099.2,-0.091,0.038,0.026,0.994
3099.21,-0.091,0.038,0.026,0.994
3099.39,-0.092,0.038,0.026,0.994
3099.57,-0.091,0.038,0.026,0.994
3099.75,-0.091,0.038,0.026,0.994
3099.93,-0.091,0.038,0.026,0.994
3100.12,-0.091,0.038,0.026,0.994
3100.3,-0.091,0.038,0.026,0.994
3100.48,-0.091,0.038,0.026,0.994
3100.66,-0.091,0.038,0.026,0.994
3100.85,-0.091,0.038,0.026,0.994
3101.3,-0.091,0.038,0.026,0.994
3101.21,-0.091,0.038,0.026,0.994
3101.39,-0.091,0.038,0.026,0.994
3101.57,-0.091,0.038,0.026,0.994
3101.76,-0.091,0.038,0.026,0.994
3101.94,-0.091,0.038,0.026,0.994
3102.12,-0.091,0.038,0.026,0.994
3102.3,-0.091,0.038,0.026,0.994
3102.49,-0.091,0.038,0.026,0.994
3102.67,-0.091,0.038,0.026,0.994
3102.85,-0.091,0.038,0.026,0.994
3103.3,-0.091,0.038,0.026,0.994
3103.21,-0.091,0.038,0.026,0.994
3103.4,-0.091,0.038,0.026,0.994
3103.58,-0.091,0.038,0.026,0.994
3103.76,-0.091,0.038,0.026,0.994
3103.94,-0.091,0.038,0.026,0.994
3104.13,-0.091,0.038,0.026,0.994
3104.31,-0.091,0.038,0.026,0.994
3104.49,-0.091,0.038,0.026,0.994
3104.67,-0.091,0.038,0.026,0.994
3104.86,-0.091,0.038,0.026,0.994
3105.4,-0.091,0.038,0.026,0.994
3105.22,-0.091,0.038,0.026,0.994
3105.4,-0.091,0.038,0.026,0.994
3105.58,-0.091,0.038,0.026,0.994
3105.77,-0.091,0.038,0.026,0.994
3105.95,-0.091,0.038,0.026,0.994
3106.13,-0.091,0.038,0.026,0.994
3106.31,-0.091,0.038,0.026,0.994
3106.5,-0.091,0.038,0.026,0.994
3106.68,-0.091,0.038,0.026,0.994
3106.86,-0.091,0.038,0.026,0.994
3107.4,-0.091,0.038,0.026,0.994
3107.22,-0.091,0.038,0.026,0.994
3107.41,-0.091,0.038,0.026,0.994
3107.59,-0.091,0.038,0.026,0.994
3107.77,-0.091,0.038,0.026,0.994
3107.95,-0.091,0.038,0.026,0.994
3108.14,-0.091,0.038,0.026,0.994
3108.32,-0.091,0.038,0.026,0.994
3108.5,-0.091,0.038,0.026,0.994
3108.68,-0.091,0.038,0.026,0.994
3108.87,-0.091,0.038,0.026,0.994
3109.5,-0.091,0.038,0.026,0.994
3109.23,-0.091,0.038,0.026,0.994
3109.41,-0.091,0.038,0.026,0.994
3109.59,-0.091,0.038,0.026,0.994
3109.78,-0.091,0.038,0.026,0.994
3109.96,-0.091,0.038,0.026,0.994
3110.14,-0.091,0.038,0.026,0.994
3110.32,-0.091,0.038,0.026,0.994
3110.51,-0.091,0.038,0.026,0.994
3110.69,-0.091,0.038,0.026,0.994
3110.87,-0.091,0.038,0.026,0.994
3111.5,-0.091,0.038,0.026,0.994
3111.23,-0.091,0.038,0.026,0.994
3111.42,-0.091,0.038,0.026,0.994
3111.6,-0.091,0.038,0.026,0.994
3111.78,-0.091,0.038,0.026,0.994
3111.96,-0.091,0.038,0.026,0.994
3112.15,-0.091,0.038,0.026,0.994
3112.33,-0.091,0.038,0.026,0.994
3112.51,-0.091,0.038,0.026,0.994
3112.69,-0.091,0.038,0.026,0.994
3112.88,-0.092,0.038,0.026,0.994
3113.6,-0.092,0.038,0.026,0.994
3113.24,-0.092,0.038,0.026,0.994
3113.42,-0.092,0.038,0.026,0.994
3113.6,-0.092,0.038,0.026,0.994
3113.79,-0.091,0.038,0.026,0.994
3113.97,-0.091,0.038,0.026,0.994
3114.15,-0.091,0.038,0.026,0.994
3114.33,-0.091,0.038,0.026,0.994
3114.52,-0.091,0.038,0.026,0.994
3114.7,-0.091,0.038,0.026,0.994
3114.88,-0.091,0.038,0.026,0.994
3115.6,-0.091,0.038,0.026,0.994
3115.79,-0.091,0.038,0.026,0.994
3115.97,-0.091,0.038,0.026,0.994
3116.16,-0.091,0.038,0.026,0.994
3116.34,-0.091,0.038,0.026,0.994
3116.52,-0.091,0.038,0.026,0.994
3116.7,-0.091,0.038,0.026,0.994
3116.89,-0.091,0.038,0.026,0.994
3117.7,-0.091,0.038,0.026,0.994
3117.25,-0.091,0.038,0.026,0.994
3117.43,-0.091,0.038,0.026,0.994
3117.61,-0.091,0.038,0.026,0.994
3117.8,-0.091,0.038,0.026,0.994
3117.98,-0.091,0.038,0.026,0.994
3118.16,-0.091,0.038,0.026,0.994
3118.34,-0.091,0.038,0.026,0.994
3118.53,-0.091,0.038,0.026,0.994
3118.71,-0.091,0.038,0.026,0.994
3118.89,-0.091,0.038,0.026,0.994
3119.7,-0.091,0.038,0.026,0.994
3119.25,-0.091,0.038,0.026,0.994
3119.44,-0.091,0.038,0.026,0.994
3119.62,-0.091,0.038,0.026,0.994
3119.8,-0.091,0.038,0.026,0.994
3119.98,-0.091,0.038,0.026,0.994
3120.17,-0.091,0.038,0.026,0.994
3120.35,-0.091,0.038,0.026,0.994
3120.53,-0.091,0.038,0.026,0.994
3120.71,-0.091,0.038,0.026,0.994
3120.89,-0.091,0.038,0.026,0.994
3121.8,-0.091,0.038,0.026,0.994
3121.26,-0.091,0.038,0.026,0.994
3121.44,-0.091,0.038,0.026,0.994
3121.62,-0.091,0.038,0.026,0.994
3121.81,-0.091,0.038,0.026,0.994
3121.99,-0.091,0.038,0.026,0.994
3122.17,-0.091,0.038,0.026,0.994
3122.35,-0.091,0.038,0.026,0.994
3122.54,-0.091,0.038,0.026,0.994
3122.72,-0.091,0.038,0.026,0.994
3122.9,-0.091,0.038,0.026,0.994
3123.8,-0.091,0.038,0.026,0.994
3123.26,-0.091,0.038,0.026,0.994
3123.45,-0.091,0.038,0.026,0.994
3123.63,-0.091,0.038,0.026,0.994
3123.81,-0.091,0.038,0.026,0.994
3123.99,-0.091,0.038,0.026,0.994
3124.18,-0.091,0.038,0.026,0.994
3124.36,-0.091,0.038,0.026,0.994
3124.54,-0.091,0.038,0.026,0.994
3124.72,-0.091,0.038,0.026,0.994
3124.91,-0.091,0.038,0.026,0.994
3125.9,-0.091,0.038,0.026,0.994
3125.27,-0.091,0.038,0.026,0.994
3125.45,-0.091,0.038,0.026,0.994
3125.63,-0.091,0.038,0.026,0.994
3125.82,-0.091,0.038,0.026,0.994
3126.0,-0.091,0.038,0.026,0.994
3126.18,-0.091,0.038,0.026,0.994
3126.36,-0.091,0.038,0.026,0.994
3126.55,-0.091,0.038,0.026,0.994
3126.73,-0.091,0.038,0.026,0.994
3126.91,-0.091,0.038,0.026,0.994
3127.9,-0.091,0.038,0.026,0.994
3127.27,-0.091,0.038,0.026,0.994
3127.46,-0.091,0.038,0.026,0.994
3127.64,-0.091,0.038,0.026,0.994
3127.82,-0.091,0.038,0.026,0.994
3128.0,-0.091,0.038,0.026,0.994
3128.19,-0.091,0.038,0.026,0.994
3128.37,-0.091,0.038,0.026,0.994
3128.55,-0.091,0.038,0.026,0.994
3128.73,-0.091,0.038,0.026,0.994
3128.91,-0.091,0.038,0.026,0.994
3129.1,-0.091,0.038,0.026,0.994
3129.28,-0.091,0.038,0.026,0.994
3129.46,-0.091,0.038,0.026,0.994
3129.64,-0.091,0.038,0.026,0.994
3129.83,-0.091,0.038,0.026,0.994
3130.1,-0.091,0.038,0.026,0.994
3130.19,-0.091,0.038,0.026,0.994
3130.37,-0.091,0.038,0.026,0.994
3130.55,-0.091,0.038,0.026,0.994
3130.74,-0.091,0.038,0.026,0.994
3130.92,-0.091,0.038,0.026,0.994
3131.1,-0.091,0.038,0.026,0.994
3131.28,-0.091,0.038,0.026,0.994
3131.47,-0.091,0.038,0.026,0.994
3131.65,-0.091,0.038,0.026,0.994
3131.83,-0.091,0.038,0.026,0.994
3132.1,-0.091,0.038,0.026,0.994
3132.2,-0.091,0.038,0.026,0.994
3132.38,-0.091,0.038,0.026,0.994
3132.56,-0.091,0.038,0.026,0.994
3132.74,-0.091,0.038,0.026,0.994
3133.65,-0.091,0.038,0.026,0.994
3133.84,-0.091,0.038,0.026,0.994
3134.2,-0.091,0.038,0.026,0.994
3134.2,-0.091,0.038,0.026,0.994
3134.38,-0.091,0.038,0.026,0.994
3134.56,-0.091,0.038,0.026,0.994
3134.75,-0.091,0.038,0.026,0.994
3134.93,-0.091,0.038,0.026,0.994
3135.11,-0.091,0.038,0.026,0.994
3135.29,-0.091,0.038,0.026,0.994
3135.48,-0.091,0.038,0.026,0.994
3135.66,-0.091,0.038,0.026,0.994
3135.84,-0.091,0.038,0.026,0.994
3136.2,-0.091,0.038,0.026,0.994
3136.21,-0.091,0.038,0.026,0.994
3136.39,-0.091,0.038,0.026,0.994
3136.57,-0.091,0.038,0.026,0.994
3136.75,-0.091,0.038,0.026,0.994
3137.66,-0.091,0.038,0.026,0.994
3137.85,-0.091,0.038,0.026,0.994
3138.3,-0.091,0.038,0.026,0.994
3138.21,-0.091,0.038,0.026,0.994
3138.39,-0.091,0.038,0.026,0.994
3138.57,-0.091,0.038,0.026,0.994
3138.76,-0.091,0.038,0.026,0.994
3138.94,-0.091,0.038,0.026,0.994
3139.12,-0.091,0.038,0.026,0.994
3139.3,-0.091,0.038,0.026,0.994
3139.49,-0.091,0.038,0.026,0.994
3139.67,-0.091,0.038,0.026,0.994
3139.85,-0.091,0.038,0.026,0.994
3140.3,-0.091,0.038,0.026,0.994
3140.21,-0.091,0.038,0.026,0.994
3140.4,-0.091,0.038,0.026,0.994
3140.58,-0.091,0.038,0.026,0.994
3140.76,-0.091,0.038,0.026,0.994
3140.94,-0.091,0.038,0.026,0.994
3141.13,-0.091,0.038,0.026,0.994
3141.31,-0.091,0.038,0.026,0.994
3141.49,-0.091,0.038,0.026,0.994
3141.67,-0.091,0.038,0.026,0.994
3141.86,-0.091,0.038,0.026,0.994
3142.4,-0.091,0.038,0.026,0.994
3142.22,-0.091,0.038,0.026,0.994
3142.4,-0.091,0.038,0.026,0.994
3142.58,-0.091,0.038,0.026,0.994
3142.77,-0.091,0.038,0.026,0.994
3142.95,-0.091,0.038,0.026,0.994
3143.13,-0.091,0.038,0.026,0.994
3144.4,-0.091,0.038,0.026,0.994
3144.22,-0.091,0.038,0.026,0.994
3144.41,-0.091,0.038,0.026,0.994
3144.59,-0.091,0.038,0.026,0.994
3144.77,-0.091,0.038,0.026,0.994
3144.95,-0.091,0.038,0.026,0.994
3145.14,-0.091,0.038,0.026,0.994
3145.32,-0.091,0.038,0.026,0.994
3145.5,-0.091,0.038,0.026,0.994
3145.68,-0.091,0.038,0.026,0.994
3145.87,-0.091,0.038,0.026,0.994
3146.5,-0.091,0.038,0.026,0.994
3146.23,-0.091,0.038,0.026,0.994
3146.41,-0.091,0.038,0.026,0.994
3146.59,-0.091,0.038,0.026,0.994
3146.78,-0.091,0.038,0.026,0.994
3146.96,-0.091,0.038,0.026,0.994
3147.14,-0.091,0.038,0.026,0.994
3147.32,-0.091,0.038,0.026,0.994
3147.51,-0.091,0.038,0.026,0.994
3147.69,-0.091,0.038,0.026,0.994
3147.87,-0.091,0.038,0.026,0.994
3148.5,-0.091,0.038,0.026,0.994
3148.23,-0.091,0.038,0.026,0.994
3148.42,-0.091,0.038,0.026,0.994
3148.6,-0.091,0.038,0.026,0.994
3148.78,-0.091,0.038,0.026,0.994
3148.96,-0.091,0.038,0.026,0.994
3149.15,-0.091,0.038,0.026,0.994
3149.33,-0.091,0.038,0.026,0.994
3149.51,-0.091,0.038,0.026,0.994
3149.69,-0.091,0.038,0.026,0.994
3149.88,-0.091,0.038,0.026,0.994
3150.6,-0.091,0.038,0.026,0.994
3150.24,-0.091,0.038,0.026,0.994
3150.42,-0.091,0.038,0.026,0.994
3150.6,-0.091,0.038,0.026,0.994
3150.79,-0.091,0.038,0.026,0.994
3150.97,-0.091,0.038,0.026,0.994
3151.15,-0.091,0.038,0.026,0.994
3151.33,-0.091,0.038,0.026,0.994
3151.52,-0.091,0.038,0.026,0.994
3151.7,-0.091,0.038,0.026,0.994
3151.88,-0.091,0.038,0.026,0.994
3152.6,-0.091,0.038,0.026,0.994
3152.24,-0.091,0.038,0.026,0.994
3152.43,-0.091,0.038,0.026,0.994
3152.61,-0.091,0.038,0.026,0.994
3152.79,-0.091,0.038,0.026,0.994
3152.97,-0.091,0.038,0.026,0.994
3153.16,-0.091,0.038,0.026,0.994
3153.34,-0.091,0.038,0.026,0.994
3153.52,-0.091,0.038,0.026,0.994
3153.7,-0.091,0.038,0.026,0.994
3153.89,-0.091,0.038,0.026,0.994
3154.7,-0.091,0.038,0.026,0.994
3154.25,-0.091,0.038,0.026,0.994
3154.43,-0.091,0.038,0.026,0.994
3154.61,-0.091,0.038,0.026,0.994
3154.8,-0.091,0.038,0.026,0.994
3154.98,-0.091,0.038,0.026,0.994
3155.16,-0.091,0.038,0.027,0.994
3155.34,-0.091,0.038,0.027,0.994
3155.53,-0.091,0.038,0.027,0.994
3155.71,-0.091,0.038,0.027,0.994
3155.89,-0.091,0.038,0.027,0.994
3156.7,-0.091,0.038,0.027,0.994
3156.25,-0.091,0.038,0.026,0.994
3156.44,-0.091,0.038,0.026,0.994
3156.62,-0.091,0.038,0.027,0.994
3156.8,-0.091,0.038,0.027,0.994
3156.98,-0.091,0.038,0.027,0.994
3157.17,-0.091,0.038,0.027,0.994
3157.35,-0.091,0.038,0.027,0.994
3157.53,-0.091,0.038,0.027,0.994
3157.71,-0.091,0.038,0.027,0.994
3157.9,-0.091,0.038,0.027,0.994
3158.8,-0.091,0.038,0.027,0.994
3158.26,-0.091,0.038,0.027,0.994
3158.44,-0.091,0.038,0.027,0.994
3158.62,-0.091,0.038,0.027,0.994
3158.81,-0.091,0.038,0.027,0.994
3158.99,-0.091,0.038,0.026,0.994
3159.17,-0.091,0.038,0.027,0.994
3159.35,-0.091,0.038,0.027,0.994
3159.54,-0.091,0.038,0.027,0.994
3159.72,-0.091,0.038,0.027,0.994
3159.9,-0.091,0.038,0.027,0.994
3160.8,-0.091,0.038,0.027,0.994
3160.26,-0.091,0.038,0.027,0.994
3160.45,-0.091,0.038,0.027,0.994
3160.63,-0.091,0.038,0.027,0.994
3160.81,-0.091,0.038,0.027,0.994
3160.99,-0.091,0.038,0.027,0.994
3161.18,-0.091,0.038,0.027,0.994
3161.36,-0.091,0.038,0.027,0.994
3161.54,-0.091,0.038,0.027,0.994
3161.72,-0.091,0.038,0.027,0.994
3161.9,-0.091,0.038,0.027,0.994
3162.9,-0.091,0.038,0.027,0.994
3162.27,-0.091,0.038,0.027,0.994
3162.45,-0.091,0.038,0.027,0.994
3162.63,-0.091,0.038,0.027,0.994
3162.82,-0.091,0.038,0.027,0.994
3163.0,-0.091,0.038,0.027,0.994
3163.18,-0.091,0.038,0.027,0.994
3163.36,-0.091,0.038,0.027,0.994
3163.55,-0.091,0.038,0.027,0.994
3163.73,-0.091,0.038,0.027,0.994
3163.91,-0.091,0.038,0.027,0.994
3164.9,-0.091,0.038,0.027,0.994
3164.27,-0.091,0.038,0.027,0.994
3164.46,-0.091,0.038,0.027,0.994
3164.64,-0.091,0.038,0.027,0.994
3164.82,-0.091,0.038,0.027,0.994
3165.0,-0.091,0.038,0.027,0.994
3165.19,-0.091,0.038,0.027,0.994
3165.37,-0.091,0.038,0.027,0.994
3165.55,-0.091,0.038,0.027,0.994
3165.73,-0.091,0.038,0.027,0.994
3165.91,-0.091,0.038,0.027,0.994
3166.1,-0.091,0.038,0.027,0.994
3166.28,-0.091,0.038,0.027,0.994
3166.46,-0.091,0.038,0.027,0.994
3166.64,-0.091,0.038,0.027,0.994
3166.83,-0.091,0.038,0.027,0.994
3167.1,-0.091,0.038,0.027,0.994
3167.19,-0.091,0.038,0.027,0.994
3167.37,-0.091,0.038,0.027,0.994
3167.55,-0.091,0.038,0.027,0.994
3167.74,-0.091,0.038,0.027,0.994
3167.92,-0.091,0.038,0.027,0.994
3168.1,-0.091,0.038,0.027,0.994
3168.28,-0.091,0.038,0.027,0.994
3168.47,-0.091,0.038,0.027,0.994
3168.65,-0.091,0.038,0.027,0.994
3168.83,-0.091,0.038,0.027,0.994
3169.1,-0.091,0.038,0.027,0.994
3169.2,-0.091,0.038,0.027,0.994
3169.38,-0.091,0.038,0.027,0.994
3169.56,-0.091,0.038,0.027,0.994
3169.74,-0.091,0.038,0.027,0.994
3169.92,-0.091,0.038,0.027,0.994
3170.11,-0.091,0.038,0.027,0.994
3170.29,-0.091,0.038,0.027,0.994
3170.47,-0.091,0.038,0.027,0.994
3171.93,-0.091,0.038,0.027,0.994
3172.11,-0.091,0.038,0.027,0.994
3172.29,-0.091,0.038,0.027,0.994
3172.48,-0.091,0.038,0.027,0.994
3172.66,-0.091,0.038,0.027,0.994
3172.84,-0.091,0.038,0.027,0.994
3173.2,-0.091,0.038,0.027,0.994
3173.21,-0.091,0.038,0.027,0.994
3173.39,-0.091,0.038,0.027,0.994
3173.57,-0.091,0.038,0.027,0.994
3173.75,-0.091,0.038,0.027,0.994
3173.93,-0.091,0.038,0.027,0.994
3174.12,-0.091,0.038,0.027,0.994
3174.3,-0.091,0.038,0.027,0.994
3174.48,-0.091,0.038,0.027,0.994
3174.66,-0.091,0.038,0.027,0.994
3174.85,-0.091,0.038,0.027,0.994
3175.3,-0.091,0.038,0.027,0.994
3175.21,-0.091,0.038,0.027,0.994
3175.39,-0.091,0.038,0.027,0.994
3175.57,-0.091,0.038,0.027,0.994
3175.76,-0.091,0.038,0.027,0.994
3175.94,-0.091,0.038,0.027,0.994
3176.12,-0.091,0.038,0.027,0.994
3177.3,-0.091,0.038,0.027,0.994
3177.22,-0.091,0.038,0.027,0.994
3177.4,-0.091,0.038,0.027,0.994
3177.58,-0.091,0.038,0.027,0.994
3177.76,-0.091,0.038,0.027,0.994
3177.94,-0.091,0.038,0.027,0.994
3178.13,-0.091,0.038,0.027,0.994
3178.31,-0.091,0.038,0.027,0.994
3178.49,-0.091,0.038,0.027,0.994
3178.67,-0.091,0.038,0.027,0.994
3178.86,-0.091,0.038,0.027,0.994
3184.87,-0.091,0.038,0.027,0.994
3185.5,-0.091,0.038,0.027,0.994
3185.23,-0.091,0.038,0.027,0.994
3185.42,-0.091,0.038,0.027,0.994
3185.6,-0.091,0.038,0.027,0.994
3185.78,-0.091,0.038,0.027,0.994
3185.96,-0.091,0.038,0.027,0.994
3186.15,-0.091,0.038,0.027,0.994
3186.33,-0.091,0.038,0.027,0.994
3186.51,-0.091,0.038,0.027,0.994
3186.69,-0.091,0.038,0.027,0.994
3186.87,-0.091,0.038,0.027,0.994
3187.6,-0.091,0.038,0.027,0.994
3187.24,-0.091,0.038,0.027,0.994
3187.42,-0.091,0.038,0.027,0.994
3187.6,-0.091,0.038,0.027,0.994
3187.79,-0.091,0.038,0.027,0.994
3187.97,-0.091,0.038,0.027,0.994
3188.15,-0.091,0.038,0.027,0.994
3188.33,-0.091,0.038,0.027,0.994
3188.52,-0.091,0.038,0.027,0.994
3188.7,-0.091,0.038,0.027,0.994
3188.88,-0.091,0.038,0.027,0.994
3189.6,-0.091,0.038,0.027,0.994
3189.24,-0.091,0.038,0.027,0.994
3189.43,-0.091,0.038,0.027,0.994
3189.61,-0.091,0.038,0.027,0.994
3189.79,-0.091,0.038,0.027,0.994
3189.97,-0.091,0.038,0.027,0.994
3190.16,-0.091,0.038,0.027,0.994
3190.34,-0.091,0.038,0.027,0.994
3190.52,-0.091,0.038,0.027,0.994
3190.7,-0.091,0.038,0.027,0.994
3190.88,-0.091,0.038,0.027,0.994
3191.7,-0.091,0.038,0.027,0.994
3191.25,-0.091,0.038,0.027,0.994
3191.43,-0.091,0.038,0.027,0.994
3193.7,-0.091,0.038,0.027,0.994
3193.25,-0.091,0.038,0.027,0.994
3193.44,-0.091,0.038,0.027,0.994
3193.62,-0.091,0.038,0.027,0.994
3193.8,-0.091,0.038,0.027,0.994
3193.98,-0.091,0.038,0.027,0.994
3194.17,-0.091,0.038,0.027,0.994
3194.35,-0.091,0.038,0.027,0.994
3194.53,-0.091,0.038,0.027,0.994
3194.71,-0.091,0.038,0.027,0.994
3194.89,-0.091,0.038,0.027,0.994
3195.8,-0.091,0.038,0.027,0.994
3195.26,-0.091,0.038,0.027,0.994
3195.44,-0.091,0.038,0.027,0.994
3195.62,-0.091,0.038,0.027,0.994
3195.81,-0.091,0.038,0.027,0.994
3195.99,-0.091,0.038,0.027,0.994
3196.17,-0.091,0.038,0.027,0.994
3196.35,-0.091,0.038,0.027,0.994
3196.53,-0.091,0.038,0.027,0.994
3196.72,-0.091,0.038,0.027,0.994
3196.9,-0.091,0.038,0.027,0.994
3197.8,-0.091,0.038,0.027,0.994
3197.26,-0.091,0.038,0.027,0.994
3197.45,-0.091,0.038,0.027,0.994
3197.63,-0.091,0.038,0.027,0.994
3197.81,-0.091,0.038,0.027,0.994
3197.99,-0.091,0.038,0.027,0.994
3198.18,-0.091,0.038,0.027,0.994
3198.36,-0.091,0.038,0.027,0.994
3198.54,-0.091,0.038,0.027,0.994
3198.72,-0.091,0.038,0.027,0.994
3198.9,-0.091,0.038,0.027,0.994
3199.9,-0.091,0.038,0.027,0.994
3199.27,-0.091,0.038,0.027,0.994
3199.45,-0.091,0.038,0.027,0.994
3199.63,-0.091,0.038,0.027,0.994
3199.82,-0.091,0.038,0.027,0.994
3200.0,-0.091,0.038,0.027,0.994
3200.18,-0.091,0.038,0.027,0.994
3200.36,-0.091,0.038,0.027,0.994
3200.54,-0.091,0.038,0.027,0.994
3200.73,-0.091,0.038,0.027,0.994
3200.91,-0.091,0.038,0.027,0.994
3201.9,-0.091,0.038,0.027,0.994
3201.27,-0.091,0.038,0.027,0.994
3201.46,-0.091,0.038,0.027,0.994
3201.64,-0.091,0.038,0.027,0.994
3201.82,-0.091,0.038,0.027,0.994
3202.0,-0.091,0.038,0.027,0.994
3202.18,-0.091,0.038,0.027,0.994
3202.37,-0.091,0.038,0.027,0.994
3203.64,-0.091,0.038,0.027,0.994
3203.82,-0.091,0.038,0.027,0.994
3204.1,-0.091,0.038,0.027,0.994
3204.19,-0.091,0.038,0.027,0.994
3204.37,-0.091,0.038,0.027,0.994
3204.55,-0.091,0.038,0.027,0.994
3204.74,-0.091,0.038,0.027,0.994
3204.92,-0.091,0.038,0.027,0.994
3205.1,-0.091,0.038,0.027,0.994
3205.28,-0.091,0.038,0.027,0.994
3205.46,-0.091,0.038,0.027,0.994
3205.65,-0.091,0.038,0.027,0.994
3205.83,-0.091,0.038,0.027,0.994
3206.1,-0.091,0.038,0.027,0.994
3206.19,-0.091,0.038,0.027,0.994
3206.38,-0.091,0.038,0.027,0.994
3206.56,-0.091,0.038,0.027,0.994
3206.74,-0.091,0.038,0.027,0.994
3206.92,-0.091,0.038,0.027,0.994
3207.1,-0.091,0.038,0.027,0.994
3207.29,-0.091,0.038,0.027,0.994
3207.47,-0.091,0.038,0.027,0.994
3207.65,-0.091,0.038,0.027,0.994
3207.83,-0.091,0.038,0.027,0.994
3208.2,-0.091,0.038,0.027,0.994
3208.2,-0.091,0.038,0.027,0.994
3208.38,-0.091,0.038,0.027,0.994
3208.56,-0.091,0.038,0.027,0.994
3208.74,-0.091,0.038,0.027,0.994
3208.93,-0.091,0.038,0.027,0.994
3209.11,-0.091,0.038,0.027,0.994
3209.29,-0.091,0.038,0.027,0.994
3209.47,-0.091,0.038,0.027,0.994
3209.66,-0.091,0.038,0.027,0.994
3209.84,-0.091,0.038,0.027,0.994
3210.2,-0.091,0.038,0.027,0.994
3210.2,-0.091,0.038,0.027,0.994
3210.38,-0.091,0.038,0.027,0.994
3210.57,-0.091,0.038,0.027,0.994
3210.75,-0.091,0.038,0.027,0.994
3210.93,-0.091,0.038,0.027,0.994
3211.11,-0.091,0.038,0.027,0.994
3211.3,-0.091,0.038,0.027,0.994
3211.48,-0.091,0.038,0.027,0.994
3211.66,-0.091,0.038,0.027,0.994
3211.84,-0.091,0.038,0.027,0.994
3212.2,-0.091,0.038,0.027,0.994
3212.21,-0.091,0.038,0.027,0.994
3212.39,-0.091,0.038,0.027,0.994
3212.57,-0.091,0.038,0.027,0.994
3212.75,-0.091,0.038,0.027,0.994
3212.94,-0.091,0.038,0.027,0.994
3213.85,-0.091,0.038,0.027,0.994
3214.3,-0.091,0.038,0.027,0.994
3214.21,-0.091,0.038,0.027,0.994
3214.39,-0.091,0.038,0.027,0.994
3214.58,-0.091,0.038,0.027,0.994
3214.76,-0.091,0.038,0.027,0.994
3214.94,-0.091,0.038,0.027,0.994
3215.12,-0.091,0.038,0.027,0.994
3215.31,-0.091,0.038,0.027,0.994
3215.49,-0.091,0.038,0.027,0.994
3215.67,-0.091,0.038,0.027,0.994
3215.85,-0.091,0.038,0.027,0.994
3221.87,-0.091,0.038,0.027,0.994
3222.5,-0.091,0.038,0.027,0.994
3222.23,-0.091,0.038,0.027,0.994
3222.41,-0.091,0.038,0.027,0.994
3222.6,-0.091,0.038,0.027,0.994
3222.78,-0.091,0.038,0.027,0.994
3222.96,-0.091,0.038,0.027,0.994
3223.14,-0.091,0.038,0.027,0.994
3223.32,-0.091,0.038,0.027,0.994
3223.51,-0.091,0.038,0.027,0.994
3223.69,-0.091,0.038,0.027,0.994
3223.87,-0.091,0.038,0.027,0.994
3224.5,-0.091,0.038,0.027,0.994
3224.24,-0.091,0.038,0.027,0.994
3224.42,-0.091,0.038,0.027,0.994
3224.6,-0.091,0.038,0.027,0.994
3224.78,-0.091,0.038,0.027,0.994
3225.33,-0.091,0.038,0.027,0.994
3225.51,-0.091,0.038,0.027,0.994
3225.69,-0.091,0.038,0.027,0.994
3225.88,-0.091,0.038,0.027,0.994
3226.6,-0.091,0.038,0.027,0.994
3226.24,-0.091,0.038,0.027,0.994
3226.42,-0.091,0.038,0.027,0.994
3226.61,-0.091,0.038,0.027,0.994
3226.79,-0.091,0.038,0.027,0.994
3226.97,-0.091,0.038,0.027,0.994
3227.15,-0.091,0.038,0.027,0.994
3227.33,-0.091,0.038,0.027,0.994
3227.52,-0.091,0.038,0.027,0.994
3227.7,-0.091,0.038,0.027,0.994
3227.88,-0.091,0.038,0.027,0.994
3228.6,-0.091,0.038,0.027,0.994
3228.25,-0.091,0.038,0.027,0.994
3228.43,-0.091,0.038,0.027,0.994
3228.61,-0.091,0.038,0.027,0.994
3228.79,-0.091,0.038,0.027,0.994
3228.97,-0.091,0.038,0.027,0.994
3229.16,-0.091,0.038,0.027,0.994
3229.34,-0.091,0.038,0.027,0.994
3229.52,-0.091,0.038,0.027,0.994
3229.7,-0.091,0.038,0.027,0.994
3229.89,-0.091,0.038,0.027,0.994
3230.7,-0.091,0.038,0.027,0.994
3230.25,-0.091,0.038,0.027,0.994
3230.43,-0.091,0.038,0.027,0.994
3230.62,-0.091,0.038,0.027,0.994
3230.8,-0.091,0.038,0.027,0.994
3230.98,-0.091,0.038,0.027,0.994
3231.16,-0.091,0.038,0.027,0.994
3232.8,-0.092,0.038,0.027,0.994
3232.98,-0.091,0.038,0.027,0.994
3233.17,-0.091,0.038,0.027,0.994
3233.35,-0.091,0.038,0.027,0.994
3233.53,-0.091,0.038,0.027,0.994
3233.71,-0.091,0.038,0.027,0.994
3233.9,-0.091,0.038,0.027,0.994
3234.8,-0.091,0.038,0.027,0.994
3234.26,-0.091,0.038,0.027,0.994
3234.44,-0.091,0.038,0.027,0.994
3234.62,-0.091,0.038,0.027,0.994
3234.81,-0.091,0.038,0.027,0.994
3234.99,-0.091,0.038,0.027,0.994
3235.17,-0.091,0.038,0.027,0.994
3235.35,-0.091,0.038,0.027,0.994
3235.54,-0.091,0.038,0.027,0.994
3235.9,-0.091,0.038,0.027,0.994
3236.8,-0.091,0.038,0.027,0.994
3236.27,-0.091,0.038,0.027,0.994
3236.45,-0.091,0.038,0.027,0.994
3236.63,-0.091,0.038,0.027,0.994
3236.81,-0.091,0.038,0.027,0.994
3236.99,-0.091,0.038,0.027,0.994
3237.18,-0.091,0.038,0.027,0.994
3237.36,-0.091,0.038,0.027,0.994
3237.54,-0.091,0.038,0.027,0.994
3237.72,-0.091,0.038,0.027,0.994
3237.91,-0.091,0.038,0.027,0.994
3238.9,-0.091,0.038,0.027,0.994
3238.27,-0.091,0.038,0.027,0.994
3238.45,-0.091,0.038,0.027,0.994
3238.63,-0.091,0.038,0.027,0.994
3239.73,-0.091,0.038,0.027,0.994
3239.91,-0.091,0.038,0.027,0.994
3240.9,-0.091,0.038,0.027,0.994
3240.28,-0.091,0.038,0.027,0.994
3240.46,-0.091,0.038,0.027,0.994
3240.64,-0.091,0.038,0.027,0.994
3240.82,-0.091,0.038,0.027,0.994
3241.0,-0.091,0.038,0.027,0.994
3241.19,-0.091,0.038,0.027,0.994
3241.37,-0.091,0.038,0.027,0.994
3241.55,-0.091,0.038,0.027,0.994
3241.73,-0.091,0.038,0.027,0.994
3241.92,-0.091,0.038,0.027,0.994
3242.1,-0.091,0.038,0.027,0.994
3242.28,-0.091,0.038,0.027,0.994
3242.46,-0.091,0.038,0.027,0.994
3242.64,-0.091,0.038,0.027,0.994
3242.83,-0.091,0.038,0.027,0.994
3243.1,-0.091,0.038,0.027,0.994
3243.19,-0.091,0.038,0.027,0.994
3243.37,-0.091,0.038,0.027,0.994
3243.56,-0.091,0.038,0.027,0.994
3243.74,-0.091,0.038,0.027,0.994
3243.92,-0.091,0.038,0.027,0.994
3244.1,-0.091,0.038,0.027,0.994
3244.29,-0.091,0.038,0.027,0.994
3244.47,-0.091,0.038,0.027,0.994
3244.65,-0.091,0.038,0.027,0.994
3244.83,-0.091,0.038,0.027,0.994
3245.1,-0.091,0.038,0.027,0.994
3245.2,-0.091,0.038,0.027,0.994
3245.38,-0.091,0.038,0.027,0.994
3245.56,-0.091,0.038,0.027,0.994
3245.74,-0.091,0.038,0.027,0.994
3245.93,-0.091,0.038,0.027,0.994
3246.11,-0.091,0.038,0.027,0.994
3246.29,-0.091,0.038,0.027,0.994
3246.47,-0.091,0.038,0.027,0.994
3246.65,-0.091,0.038,0.027,0.994
3246.84,-0.091,0.038,0.027,0.994
3247.2,-0.091,0.038,0.027,0.994
3247.2,-0.091,0.038,0.027,0.994
3247.93,-0.091,0.038,0.027,0.994
3248.11,-0.091,0.038,0.027,0.994
3248.3,-0.091,0.038,0.027,0.994
3248.48,-0.091,0.038,0.027,0.994
3248.66,-0.091,0.038,0.027,0.994
3248.84,-0.091,0.038,0.027,0.994
3249.2,-0.091,0.038,0.027,0.994
3249.21,-0.091,0.038,0.027,0.994
3249.39,-0.091,0.038,0.027,0.994
3249.57,-0.091,0.038,0.027,0.994
3249.75,-0.091,0.038,0.027,0.994
3249.94,-0.091,0.038,0.027,0.994
3250.12,-0.091,0.038,0.027,0.994
3250.3,-0.091,0.038,0.027,0.994
3250.48,-0.091,0.038,0.027,0.994
3250.66,-0.091,0.038,0.027,0.994
3250.85,-0.091,0.038,0.027,0.994
3251.3,-0.091,0.038,0.027,0.994
3251.21,-0.091,0.038,0.027,0.994
3251.39,-0.091,0.038,0.027,0.994
3251.58,-0.091,0.038,0.027,0.994
3251.76,-0.091,0.038,0.027,0.994
3251.94,-0.091,0.038,0.027,0.994
3252.12,-0.091,0.038,0.027,0.994
3252.31,-0.091,0.038,0.027,0.994
3252.49,-0.091,0.038,0.027,0.994
3252.67,-0.091,0.038,0.027,0.994
3252.85,-0.091,0.038,0.027,0.994
3253.3,-0.091,0.038,0.027,0.994
3253.22,-0.091,0.038,0.027,0.994
3253.4,-0.091,0.038,0.027,0.994
3253.58,-0.091,0.038,0.027,0.994
3253.76,-0.091,0.038,0.027,0.994
3253.95,-0.091,0.038,0.027,0.994
3254.13,-0.091,0.038,0.027,0.994
3254.31,-0.091,0.038,0.027,0.994
3254.49,-0.091,0.038,0.027,0.994
3254.67,-0.091,0.038,0.027,0.994
3254.86,-0.091,0.038,0.027,0.994
3255.4,-0.091,0.038,0.027,0.994
3255.22,-0.091,0.038,0.027,0.994
3255.4,-0.091,0.038,0.027,0.994
3259.6,-0.091,0.038,0.027,0.994
3259.78,-0.091,0.038,0.027,0.994
3259.96,-0.091,0.038,0.027,0.994
3260.14,-0.091,0.038,0.027,0.994
3260.32,-0.091,0.038,0.027,0.994
3260.51,-0.091,0.038,0.027,0.994
3260.69,-0.091,0.038,0.027,0.994
3260.87,-0.091,0.038,0.027,0.994
3261.5,-0.091,0.038,0.027,0.994
3261.24,-0.091,0.038,0.027,0.994
3261.42,-0.091,0.038,0.027,0.994
3261.6,-0.091,0.038,0.027,0.994
3261.78,-0.091,0.038,0.027,0.994
3261.96,-0.091,0.038,0.027,0.994
3262.15,-0.091,0.038,0.027,0.994
3262.33,-0.091,0.038,0.027,0.994
3262.51,-0.091,0.038,0.027,0.994
3262.69,-0.091,0.038,0.027,0.994
3262.88,-0.091,0.038,0.027,0.994
3263.6,-0.091,0.038,0.027,0.994
3263.24,-0.091,0.038,0.027,0.994
3263.42,-0.091,0.038,0.027,0.994
3263.61,-0.091,0.038,0.027,0.994
3263.79,-0.091,0.038,0.027,0.994
3263.97,-0.091,0.038,0.027,0.994
3264.15,-0.091,0.038,0.027,0.994
3264.33,-0.091,0.038,0.027,0.994
3264.52,-0.091,0.038,0.027,0.994
3264.7,-0.091,0.038,0.027,0.994
3264.88,-0.091,0.038,0.027,0.994
3265.6,-0.091,0.038,0.027,0.994
3265.25,-0.091,0.038,0.027,0.994
3265.43,-0.091,0.038,0.027,0.994
3265.61,-0.091,0.038,0.027,0.994
3265.79,-0.091,0.038,0.027,0.994
3265.98,-0.091,0.038,0.027,0.994
3266.16,-0.091,0.038,0.027,0.994
3266.34,-0.091,0.038,0.027,0.994
3266.52,-0.091,0.038,0.027,0.994
3266.7,-0.091,0.038,0.027,0.994
3266.89,-0.091,0.038,0.027,0.994
3267.7,-0.091,0.038,0.027,0.994
3267.25,-0.091,0.038,0.027,0.994
3267.43,-0.091,0.038,0.027,0.994
3267.62,-0.091,0.038,0.027,0.994
3267.8,-0.091,0.038,0.027,0.994
3267.98,-0.091,0.038,0.027,0.994
3268.16,-0.091,0.038,0.027,0.994
3268.34,-0.091,0.038,0.027,0.994
3268.53,-0.091,0.038,0.027,0.994
3268.71,-0.091,0.038,0.027,0.994
3268.89,-0.091,0.038,0.027,0.994
3269.7,-0.091,0.038,0.027,0.994
3269.26,-0.091,0.038,0.027,0.994
3269.44,-0.091,0.038,0.027,0.994
3269.62,-0.091,0.038,0.027,0.994
3269.8,-0.091,0.038,0.027,0.994
3269.98,-0.091,0.038,0.027,0.994
3270.17,-0.091,0.038,0.027,0.994
3270.35,-0.091,0.038,0.027,0.994
3270.53,-0.091,0.038,0.027,0.994
3270.71,-0.091,0.038,0.027,0.994
3270.9,-0.091,0.038,0.027,0.994
3271.8,-0.091,0.038,0.027,0.994
3271.26,-0.091,0.038,0.027,0.994
3271.44,-0.091,0.038,0.027,0.994
3271.63,-0.091,0.038,0.027,0.994
3271.81,-0.091,0.038,0.027,0.994
3271.99,-0.091,0.038,0.027,0.994
3272.17,-0.091,0.038,0.027,0.994
3272.35,-0.091,0.038,0.027,0.994
3272.54,-0.091,0.038,0.027,0.994
3272.72,-0.091,0.038,0.027,0.994
3272.9,-0.091,0.038,0.027,0.994
3273.8,-0.091,0.038,0.027,0.994
3273.27,-0.091,0.038,0.028,0.994
3273.45,-0.091,0.038,0.027,0.994
3273.63,-0.091,0.038,0.027,0.994
3273.81,-0.091,0.038,0.027,0.994
3273.99,-0.091,0.038,0.027,0.994
3274.18,-0.091,0.038,0.027,0.994
3274.36,-0.091,0.038,0.027,0.994
3274.54,-0.091,0.038,0.027,0.994
3274.72,-0.091,0.038,0.027,0.994
3274.91,-0.091,0.038,0.027,0.994
3275.9,-0.091,0.038,0.027,0.994
3275.27,-0.091,0.038,0.027,0.994
3275.45,-0.091,0.038,0.027,0.994
3275.63,-0.091,0.038,0.027,0.994
3275.82,-0.091,0.038,0.027,0.994
3276.0,-0.091,0.038,0.028,0.994
3276.18,-0.091,0.038,0.028,0.994
3276.36,-0.091,0.038,0.028,0.994
3276.55,-0.091,0.038,0.028,0.994
3276.73,-0.091,0.038,0.028,0.994
3276.91,-0.091,0.038,0.028,0.994
3277.9,-0.091,0.038,0.028,0.994
3277.27,-0.091,0.038,0.028,0.994
3277.46,-0.091,0.038,0.027,0.994
3277.64,-0.091,0.038,0.028,0.994
3278.37,-0.091,0.038,0.028,0.994
3278.55,-0.091,0.038,0.028,0.994
3278.73,-0.091,0.038,0.027,0.994
3278.91,-0.091,0.038,0.027,0.994
3279.1,-0.091,0.038,0.027,0.994
3279.28,-0.091,0.038,0.028,0.994
3279.46,-0.091,0.038,0.028,0.994
3279.64,-0.091,0.038,0.028,0.994
3279.83,-0.091,0.038,0.028,0.994
3280.1,-0.091,0.038,0.028,0.994
3280.19,-0.091,0.038,0.028,0.994
3286.2,-0.091,0.038,0.028,0.994
3286.39,-0.091,0.038,0.028,0.994
3286.57,-0.091,0.038,0.028,0.994
3286.75,-0.091,0.038,0.028,0.994
3286.93,-0.091,0.038,0.028,0.994
3287.12,-0.091,0.038,0.028,0.994
3287.3,-0.091,0.038,0.028,0.994
3287.48,-0.091,0.038,0.028,0.994
3287.66,-0.091,0.038,0.028,0.994
3287.85,-0.091,0.038,0.028,0.994
3288.3,-0.091,0.038,0.028,0.994
3288.21,-0.091,0.038,0.028,0.994
3288.39,-0.091,0.038,0.028,0.994
3288.57,-0.091,0.038,0.028,0.994
3288.76,-0.091,0.038,0.028,0.994
3288.94,-0.091,0.038,0.028,0.994
3289.12,-0.091,0.038,0.028,0.994
3289.3,-0.091,0.038,0.028,0.994
3289.49,-0.091,0.038,0.028,0.994
3289.67,-0.091,0.038,0.028,0.994
3289.85,-0.091,0.038,0.028,0.994
3290.3,-0.091,0.038,0.028,0.994
3290.21,-0.091,0.038,0.028,0.994
3290.4,-0.091,0.038,0.028,0.994
3290.58,-0.091,0.038,0.028,0.994
3290.76,-0.091,0.038,0.028,0.994
3290.94,-0.091,0.038,0.028,0.994
3291.13,-0.091,0.038,0.028,0.994
3291.31,-0.091,0.038,0.028,0.994
3291.49,-0.091,0.038,0.028,0.994
3291.67,-0.091,0.038,0.028,0.994
3291.86,-0.091,0.038,0.028,0.994
3292.4,-0.091,0.038,0.028,0.994
3292.22,-0.091,0.038,0.028,0.994
3292.4,-0.091,0.038,0.028,0.994
3292.58,-0.091,0.038,0.028,0.994
3292.77,-0.091,0.038,0.028,0.994
3292.95,-0.091,0.038,0.028,0.994
3293.13,-0.091,0.038,0.028,0.994
3293.31,-0.091,0.038,0.028,0.994
3293.5,-0.091,0.038,0.028,0.994
3293.68,-0.091,0.038,0.028,0.994
3293.86,-0.091,0.038,0.028,0.994
3294.4,-0.091,0.038,0.028,0.994
3294.22,-0.091,0.038,0.028,0.994
3294.41,-0.091,0.038,0.028,0.994
3294.59,-0.091,0.038,0.028,0.994
3294.77,-0.091,0.038,0.028,0.994
3294.95,-0.091,0.038,0.028,0.994
3295.14,-0.091,0.038,0.028,0.994
3295.32,-0.091,0.038,0.028,0.994
3295.5,-0.091,0.038,0.028,0.994
3295.68,-0.091,0.038,0.028,0.994
3295.87,-0.091,0.038,0.028,0.994
3296.5,-0.091,0.038,0.028,0.994
3296.23,-0.091,0.038,0.028,0.994
3296.41,-0.091,0.038,0.028,0.994
3296.59,-0.091,0.038,0.028,0.994
3296.78,-0.091,0.038,0.028,0.994
3296.96,-0.091,0.038,0.028,0.994
3297.14,-0.091,0.038,0.028,0.994
3297.32,-0.091,0.038,0.028,0.994
3298.23,-0.091,0.038,0.028,0.994
3298.42,-0.091,0.038,0.028,0.994
3298.6,-0.091,0.038,0.028,0.994
3298.78,-0.091,0.038,0.028,0.994
3298.96,-0.091,0.038,0.028,0.994
3299.15,-0.091,0.038,0.028,0.994
3299.33,-0.091,0.038,0.028,0.994
3299.51,-0.091,0.038,0.028,0.994
3299.69,-0.091,0.038,0.028,0.994
3299.87,-0.091,0.038,0.028,0.994
3300.6,-0.091,0.038,0.028,0.994
3300.24,-0.091,0.038,0.028,0.994
3300.42,-0.091,0.038,0.028,0.994
3300.6,-0.091,0.038,0.028,0.994
3300.79,-0.091,0.038,0.028,0.994
3300.97,-0.091,0.038,0.028,0.994
3301.15,-0.091,0.038,0.028,0.994
3301.33,-0.091,0.038,0.028,0.994
3301.52,-0.091,0.038,0.028,0.994
3301.7,-0.091,0.038,0.028,0.994
3301.88,-0.091,0.038,0.028,0.994
3302.6,-0.091,0.038,0.028,0.994
3302.24,-0.091,0.038,0.028,0.994
3302.43,-0.091,0.038,0.028,0.994
3302.61,-0.091,0.038,0.028,0.994
3302.79,-0.091,0.038,0.028,0.994
3302.97,-0.091,0.038,0.028,0.994
3303.16,-0.091,0.038,0.028,0.994
3303.34,-0.091,0.038,0.028,0.994
3303.52,-0.091,0.038,0.028,0.994
3303.7,-0.091,0.038,0.028,0.994
3304.25,-0.091,0.038,0.028,0.994
3304.43,-0.091,0.038,0.028,0.994
3304.61,-0.091,0.038,0.028,0.994
3304.8,-0.091,0.038,0.028,0.994
3304.98,-0.091,0.038,0.028,0.994
3305.16,-0.091,0.038,0.028,0.994
3305.34,-0.091,0.038,0.028,0.994
3305.53,-0.091,0.038,0.028,0.994
3305.71,-0.091,0.038,0.028,0.994
3305.89,-0.091,0.038,0.028,0.994
3306.7,-0.091,0.038,0.028,0.994
3311.36,-0.091,0.038,0.028,0.994
3311.54,-0.091,0.038,0.028,0.994
3311.72,-0.091,0.038,0.028,0.994
3311.9,-0.091,0.038,0.028,0.994
3312.9,-0.091,0.038,0.028,0.994
3312.27,-0.091,0.038,0.028,0.994
3312.45,-0.091,0.038,0.028,0.994
3312.63,-0.091,0.038,0.028,0.994
3312.82,-0.091,0.038,0.028,0.994
3313.0,-0.091,0.038,0.028,0.994
3313.18,-0.091,0.038,0.028,0.994
3313.36,-0.091,0.038,0.028,0.994
3313.54,-0.091,0.038,0.028,0.994
3313.73,-0.091,0.038,0.028,0.994
3313.91,-0.091,0.038,0.028,0.994
3314.9,-0.091,0.038,0.028,0.994
3314.27,-0.091,0.038,0.028,0.994
3314.46,-0.091,0.038,0.028,0.994
3314.64,-0.091,0.038,0.028,0.994
3314.82,-0.091,0.038,0.028,0.994
3315.0,-0.091,0.038,0.028,0.994
3315.18,-0.091,0.038,0.028,0.994
3315.37,-0.091,0.038,0.028,0.994
3315.55,-0.091,0.038,0.028,0.994
3315.73,-0.091,0.038,0.028,0.994
3315.91,-0.091,0.038,0.028,0.994
3316.1,-0.091,0.038,0.028,0.994
3316.28,-0.091,0.038,0.028,0.994
3316.46,-0.091,0.038,0.028,0.994
3316.64,-0.091,0.038,0.028,0.994
3316.83,-0.091,0.038,0.028,0.994
3317.1,-0.091,0.038,0.028,0.994
3317.19,-0.091,0.038,0.028,0.994
3317.37,-0.091,0.038,0.028,0.994
3317.55,-0.091,0.038,0.028,0.994
3317.74,-0.092,0.038,0.028,0.994
3317.92,-0.092,0.038,0.028,0.994
3318.1,-0.092,0.038,0.028,0.994
3319.19,-0.092,0.038,0.028,0.994
3319.38,-0.092,0.038,0.028,0.994
3319.56,-0.091,0.038,0.028,0.994
3319.74,-0.091,0.038,0.028,0.994
3319.92,-0.091,0.038,0.028,0.994
3320.11,-0.091,0.038,0.028,0.994
3320.29,-0.091,0.038,0.028,0.994
3320.47,-0.091,0.038,0.028,0.994
3320.65,-0.091,0.038,0.028,0.994
3320.83,-0.091,0.038,0.028,0.994
3321.2,-0.091,0.038,0.028,0.994
3321.2,-0.091,0.038,0.028,0.994
3326.49,-0.091,0.038,0.028,0.994
3326.67,-0.091,0.038,0.028,0.994
3326.85,-0.091,0.038,0.028,0.994
3327.3,-0.091,0.038,0.028,0.994
3327.21,-0.091,0.038,0.028,0.994
3327.4,-0.091,0.038,0.028,0.994
3327.58,-0.091,0.038,0.028,0.994
3327.76,-0.091,0.038,0.028,0.994
3327.94,-0.091,0.038,0.028,0.994
3328.13,-0.091,0.038,0.028,0.994
3328.31,-0.091,0.038,0.028,0.994
3328.49,-0.091,0.038,0.028,0.994
3328.67,-0.091,0.038,0.028,0.994
3328.85,-0.091,0.038,0.028,0.994
3329.4,-0.091,0.038,0.028,0.994
3329.22,-0.091,0.038,0.028,0.994
3329.4,-0.091,0.038,0.028,0.994
3329.58,-0.091,0.038,0.028,0.994
3329.77,-0.091,0.038,0.028,0.994
3329.95,-0.091,0.038,0.028,0.994
3330.13,-0.091,0.038,0.028,0.994
3330.31,-0.091,0.038,0.028,0.994
3330.49,-0.091,0.038,0.028,0.994
3330.68,-0.091,0.038,0.028,0.994
3330.86,-0.091,0.038,0.028,0.994
3331.4,-0.091,0.038,0.028,0.994
3331.22,-0.091,0.038,0.028,0.994
3331.41,-0.092,0.038,0.028,0.994
3331.59,-0.092,0.038,0.028,0.994
3331.77,-0.092,0.038,0.028,0.994
3331.95,-0.092,0.038,0.028,0.994
3332.13,-0.092,0.038,0.028,0.994
3332.32,-0.092,0.038,0.028,0.994
3332.5,-0.092,0.038,0.028,0.994
3332.68,-0.092,0.038,0.028,0.994
3332.86,-0.092,0.038,0.028,0.994
3333.5,-0.092,0.038,0.028,0.994
3333.23,-0.091,0.038,0.028,0.994
3333.41,-0.091,0.038,0.028,0.994
3333.59,-0.091,0.038,0.028,0.994
3333.77,-0.091,0.038,0.028,0.994
3333.96,-0.091,0.038,0.028,0.994
3334.14,-0.091,0.038,0.028,0.994
3334.32,-0.091,0.038,0.028,0.994
3334.5,-0.091,0.038,0.028,0.994
3334.69,-0.091,0.038,0.028,0.994
3334.87,-0.091,0.038,0.028,0.994
3335.5,-0.091,0.038,0.028,0.994
3335.23,-0.091,0.038,0.028,0.994
3335.42,-0.091,0.038,0.028,0.994
3335.6,-0.091,0.038,0.028,0.994
3335.78,-0.091,0.038,0.028,0.994
3335.96,-0.091,0.038,0.028,0.994
3336.14,-0.091,0.038,0.028,0.994
3336.33,-0.091,0.038,0.028,0.994
3336.51,-0.091,0.038,0.028,0.994
3336.69,-0.091,0.038,0.028,0.994
3336.87,-0.091,0.038,0.028,0.994
3337.6,-0.091,0.038,0.028,0.994
3337.24,-0.091,0.038,0.028,0.994
3337.42,-0.091,0.038,0.028,0.994
3337.6,-0.091,0.038,0.028,0.994
3337.78,-0.091,0.038,0.028,0.994
3337.97,-0.091,0.038,0.028,0.994
3341.79,-0.091,0.038,0.028,0.994
3341.98,-0.091,0.038,0.028,0.994
3342.16,-0.091,0.038,0.028,0.994
3342.34,-0.091,0.038,0.028,0.994
3342.52,-0.091,0.038,0.028,0.994
3342.71,-0.091,0.038,0.028,0.994
3342.89,-0.091,0.038,0.028,0.994
3343.7,-0.091,0.038,0.028,0.994
3343.25,-0.091,0.038,0.028,0.994
3343.43,-0.091,0.038,0.028,0.994
3343.62,-0.091,0.038,0.028,0.994
3343.8,-0.091,0.038,0.028,0.994
3343.98,-0.091,0.038,0.028,0.994
3344.16,-0.091,0.038,0.028,0.994
3344.35,-0.091,0.038,0.028,0.994
3344.53,-0.091,0.038,0.028,0.994
3344.71,-0.091,0.038,0.028,0.994
3344.89,-0.091,0.038,0.028,0.994
3345.7,-0.091,0.038,0.028,0.994
3345.26,-0.091,0.038,0.028,0.994
3345.44,-0.091,0.038,0.028,0.994
3345.62,-0.091,0.038,0.028,0.994
3345.99,-0.091,0.038,0.028,0.994
3346.17,-0.091,0.038,0.028,0.994
3346.35,-0.091,0.038,0.028,0.994
3346.53,-0.091,0.038,0.028,0.994
3346.72,-0.091,0.038,0.028,0.994
3346.9,-0.091,0.038,0.028,0.994
3347.8,-0.091,0.038,0.028,0.994
3347.26,-0.091,0.038,0.028,0.994
3347.44,-0.091,0.038,0.028,0.994
3347.63,-0.091,0.038,0.028,0.994
3347.81,-0.091,0.038,0.028,0.994
3347.99,-0.091,0.038,0.028,0.994
3348.17,-0.091,0.038,0.028,0.994
3348.36,-0.091,0.038,0.028,0.994
3348.54,-0.091,0.038,0.028,0.994
3348.72,-0.091,0.038,0.028,0.994
3348.9,-0.091,0.038,0.028,0.994
3350.18,-0.091,0.038,0.028,0.994
3350.36,-0.091,0.038,0.028,0.994
3350.54,-0.091,0.038,0.028,0.994
3350.72,-0.091,0.038,0.028,0.994
3350.91,-0.091,0.038,0.028,0.994
3351.9,-0.091,0.038,0.028,0.994
3351.27,-0.091,0.038,0.028,0.994
3351.45,-0.091,0.038,0.028,0.994
3351.64,-0.091,0.038,0.028,0.994
3351.82,-0.091,0.038,0.028,0.994
3352.0,-0.091,0.038,0.028,0.994
3352.18,-0.091,0.038,0.028,0.994
3352.37,-0.091,0.038,0.028,0.994
3352.55,-0.091,0.038,0.028,0.994
3352.73,-0.091,0.038,0.028,0.994
3352.91,-0.091,0.038,0.028,0.994
3353.9,-0.091,0.038,0.028,0.994
3353.28,-0.091,0.038,0.028,0.994
3353.46,-0.091,0.038,0.028,0.994
3353.64,-0.091,0.038,0.028,0.994
3353.82,-0.091,0.038,0.028,0.994
3354.1,-0.091,0.038,0.028,0.994
3354.19,-0.091,0.038,0.029,0.994
3354.37,-0.091,0.038,0.029,0.994
3354.55,-0.091,0.038,0.029,0.994
3354.73,-0.091,0.038,0.029,0.994
3354.92,-0.091,0.038,0.029,0.994
3355.1,-0.091,0.038,0.029,0.994
3355.28,-0.091,0.038,0.029,0.994
3355.46,-0.091,0.038,0.029,0.994
3355.65,-0.091,0.038,0.029,0.994
3355.83,-0.091,0.038,0.029,0.994
3356.1,-0.091,0.038,0.029,0.994
3356.19,-0.091,0.038,0.029,0.994
3356.37,-0.091,0.038,0.029,0.994
3356.56,-0.091,0.038,0.029,0.994
3356.74,-0.091,0.038,0.029,0.994
3356.92,-0.091,0.038,0.029,0.994
3357.1,-0.091,0.038,0.029,0.994
3357.29,-0.091,0.038,0.029,0.994
3357.47,-0.091,0.038,0.029,0.994
3357.65,-0.091,0.038,0.029,0.994
3357.83,-0.091,0.038,0.029,0.994
3358.2,-0.091,0.038,0.029,0.994
3358.2,-0.091,0.038,0.029,0.994
3358.38,-0.091,0.038,0.029,0.994
3358.56,-0.091,0.038,0.029,0.994
3358.74,-0.091,0.038,0.029,0.994
3358.93,-0.091,0.038,0.028,0.994
3359.11,-0.091,0.038,0.028,0.994
3359.29,-0.091,0.038,0.028,0.994
3359.47,-0.091,0.038,0.028,0.994
3359.66,-0.091,0.038,0.028,0.994
3359.84,-0.091,0.038,0.028,0.994
3360.2,-0.091,0.038,0.028,0.994
3360.2,-0.091,0.038,0.028,0.994
3360.38,-0.091,0.038,0.028,0.994
3360.57,-0.091,0.038,0.028,0.994
3360.75,-0.091,0.038,0.028,0.994
3360.93,-0.091,0.038,0.028,0.994
3361.11,-0.091,0.038,0.028,0.994
3361.3,-0.091,0.038,0.028,0.994
3361.48,-0.091,0.038,0.028,0.994
3361.66,-0.091,0.038,0.028,0.994
3361.84,-0.091,0.038,0.028,0.994
3362.2,-0.091,0.038,0.028,0.994
3362.21,-0.091,0.038,0.028,0.994
3362.39,-0.091,0.038,0.028,0.994
3362.57,-0.091,0.038,0.028,0.994
3362.75,-0.091,0.038,0.028,0.994
3362.94,-0.091,0.038,0.028,0.994
3363.12,-0.091,0.038,0.028,0.994
3363.3,-0.091,0.038,0.028,0.994
3363.48,-0.091,0.038,0.028,0.994
3363.67,-0.091,0.038,0.029,0.994
3363.85,-0.091,0.038,0.029,0.994
3364.3,-0.091,0.038,0.029,0.994
3364.21,-0.091,0.038,0.029,0.994
3364.39,-0.091,0.038,0.029,0.994
3364.58,-0.091,0.038,0.029,0.994
3364.76,-0.091,0.038,0.029,0.994
3364.94,-0.091,0.038,0.029,0.994
3365.12,-0.091,0.038,0.029,0.994
3365.31,-0.091,0.038,0.028,0.994
3365.49,-0.091,0.038,0.029,0.994
3365.67,-0.091,0.038,0.029,0.994
3365.85,-0.091,0.038,0.029,0.994
3366.4,-0.091,0.038,0.029,0.994
3366.22,-0.091,0.038,0.029,0.994
3366.4,-0.091,0.038,0.029,0.994
3366.58,-0.091,0.038,0.029,0.994
3366.76,-0.091,0.038,0.029,0.994
3366.95,-0.091,0.038,0.029,0.994
3367.13,-0.091,0.038,0.029,0.994
3367.31,-0.091,0.038,0.028,0.994
3367.49,-0.091,0.038,0.028,0.994
3367.68,-0.091,0.038,0.028,0.994
3367.86,-0.091,0.038,0.028,0.994
3368.4,-0.091,0.038,0.028,0.994
3368.22,-0.091,0.038,0.028,0.994
3368.4,-0.091,0.038,0.028,0.994
3368.59,-0.091,0.038,0.029,0.994
3370.77,-0.091,0.038,0.029,0.994
3370.96,-0.091,0.038,0.029,0.994
3371.14,-0.091,0.038,0.028,0.994
3371.32,-0.091,0.038,0.029,0.994
3371.5,-0.091,0.038,0.029,0.994
3371.69,-0.091,0.038,0.029,0.994
3371.87,-0.091,0.038,0.028,0.994
3372.5,-0.091,0.038,0.028,0.994
3372.23,-0.091,0.038,0.029,0.994
3372.41,-0.091,0.038,0.029,0.994
3372.6,-0.091,0.038,0.029,0.994
3372.78,-0.091,0.038,0.029,0.994
3378.61,-0.091,0.038,0.029,0.994
3378.79,-0.091,0.038,0.029,0.994
3378.98,-0.091,0.038,0.029,0.994
3379.16,-0.091,0.038,0.029,0.994
3379.34,-0.091,0.038,0.029,0.994
3379.52,-0.091,0.038,0.028,0.994
3379.71,-0.091,0.038,0.028,0.994
3379.89,-0.091,0.038,0.028,0.994
3380.7,-0.091,0.038,0.028,0.994
3380.25,-0.091,0.038,0.028,0.994
3380.43,-0.091,0.038,0.028,0.994
3380.62,-0.091,0.038,0.028,0.994
3380.8,-0.092,0.038,0.028,0.994
3380.98,-0.091,0.038,0.028,0.994
3381.16,-0.091,0.038,0.028,0.994
3381.35,-0.091,0.038,0.028,0.994
3382.44,-0.091,0.038,0.029,0.994
3382.62,-0.091,0.038,0.028,0.994
3382.8,-0.091,0.038,0.028,0.994
3382.99,-0.091,0.038,0.028,0.994
3383.17,-0.091,0.038,0.028,0.994
3383.35,-0.091,0.038,0.028,0.994
3383.53,-0.091,0.038,0.028,0.994
3383.72,-0.091,0.038,0.029,0.994
3383.9,-0.091,0.038,0.029,0.994
3384.8,-0.091,0.038,0.029,0.994
3384.26,-0.091,0.038,0.029,0.994
3384.45,-0.091,0.038,0.029,0.994
3384.63,-0.091,0.038,0.029,0.994
3384.81,-0.091,0.038,0.029,0.994
3384.99,-0.091,0.038,0.029,0.994
3385.17,-0.091,0.038,0.029,0.994
3385.36,-0.091,0.038,0.029,0.994
3385.54,-0.091,0.038,0.029,0.994
3385.72,-0.091,0.038,0.029,0.994
3385.9,-0.091,0.038,0.029,0.994
3386.9,-0.091,0.038,0.029,0.994
3386.27,-0.091,0.038,0.029,0.994
3386.45,-0.091,0.038,0.029,0.994
3386.63,-0.091,0.038,0.029,0.994
3386.82,-0.091,0.038,0.029,0.994
3387.0,-0.091,0.038,0.029,0.994
3387.18,-0.091,0.038,0.029,0.994
3387.36,-0.091,0.038,0.029,0.994
3387.54,-0.091,0.038,0.029,0.994
3387.73,-0.091,0.038,0.029,0.994
3387.91,-0.091,0.038,0.029,0.994
3388.9,-0.091,0.038,0.029,0.994
3388.27,-0.091,0.038,0.029,0.994
3388.46,-0.091,0.038,0.029,0.994
3388.64,-0.091,0.038,0.029,0.994
3388.82,-0.091,0.038,0.029,0.994
3389.0,-0.091,0.038,0.029,0.994
3389.18,-0.091,0.038,0.029,0.994
3389.37,-0.091,0.038,0.029,0.994
3389.55,-0.091,0.038,0.029,0.994
3389.73,-0.091,0.038,0.029,0.994
3389.91,-0.091,0.038,0.029,0.994
3390.1,-0.091,0.038,0.029,0.994
3390.28,-0.091,0.038,0.029,0.994
3390.46,-0.091,0.038,0.029,0.994
3390.64,-0.091,0.038,0.029,0.994
3390.83,-0.091,0.038,0.029,0.994
3391.1,-0.091,0.038,0.029,0.994
3391.19,-0.091,0.038,0.029,0.994
3391.37,-0.091,0.038,0.029,0.994
3391.55,-0.091,0.038,0.029,0.994
3391.74,-0.091,0.038,0.029,0.994
3391.92,-0.091,0.038,0.029,0.994
3392.1,-0.091,0.038,0.029,0.994
3392.28,-0.091,0.038,0.029,0.994
3392.47,-0.091,0.038,0.029,0.994
3392.65,-0.091,0.038,0.029,0.994
3392.83,-0.091,0.038,0.029,0.994
3393.1,-0.091,0.038,0.029,0.994
3393.2,-0.091,0.038,0.029,0.994
3393.38,-0.091,0.038,0.029,0.994
3393.56,-0.091,0.038,0.029,0.994
3393.74,-0.091,0.038,0.029,0.994
3393.92,-0.091,0.038,0.029,0.994
3394.11,-0.091,0.038,0.029,0.994
3394.29,-0.091,0.038,0.029,0.994
3394.47,-0.091,0.038,0.029,0.994
3394.65,-0.091,0.038,0.029,0.994
3394.84,-0.091,0.038,0.029,0.994
3395.2,-0.091,0.038,0.029,0.994
3395.2,-0.091,0.038,0.029,0.994
3395.38,-0.091,0.038,0.029,0.994
3395.57,-0.091,0.038,0.029,0.994
3395.75,-0.091,0.038,0.029,0.994
3395.93,-0.091,0.038,0.029,0.994
3396.11,-0.091,0.038,0.029,0.994
3396.29,-0.091,0.038,0.029,0.994
3396.48,-0.091,0.038,0.029,0.994
3396.66,-0.091,0.038,0.029,0.994
3396.84,-0.091,0.038,0.029,0.994
3397.2,-0.091,0.038,0.029,0.994
3397.21,-0.091,0.038,0.029,0.994
3397.39,-0.091,0.038,0.029,0.994
3397.57,-0.091,0.038,0.029,0.994
3397.75,-0.091,0.038,0.029,0.994
3397.93,-0.091,0.038,0.029,0.994
3398.12,-0.091,0.038,0.029,0.994
3398.3,-0.091,0.038,0.029,0.994
3398.48,-0.091,0.038,0.029,0.994
3398.66,-0.091,0.038,0.029,0.994
3398.85,-0.091,0.038,0.029,0.994
3399.3,-0.091,0.038,0.03,0.994
3399.21,-0.091,0.038,0.03,0.994
3399.39,-0.091,0.038,0.03,0.994
3399.57,-0.091,0.038,0.03,0.994
3399.76,-0.091,0.038,0.03,0.994
3399.94,-0.091,0.038,0.03,0.994
3400.12,-0.091,0.038,0.03,0.994
3400.3,-0.091,0.038,0.03,0.994
3400.49,-0.091,0.038,0.03,0.994
3400.67,-0.091,0.038,0.03,0.994
3400.85,-0.091,0.038,0.03,0.994
3401.3,-0.091,0.038,0.03,0.994
3401.21,-0.091,0.038,0.03,0.994
3401.4,-0.091,0.038,0.03,0.994
3401.58,-0.091,0.038,0.03,0.994
3401.76,-0.091,0.038,0.03,0.994
3401.94,-0.091,0.038,0.03,0.994
3402.13,-0.092,0.038,0.03,0.994
3402.31,-0.092,0.038,0.03,0.994
3402.49,-0.092,0.038,0.03,0.994
3402.67,-0.092,0.038,0.03,0.994
3402.86,-0.092,0.038,0.03,0.994
3403.4,-0.092,0.038,0.03,0.994
3403.22,-0.092,0.038,0.03,0.994
3403.4,-0.092,0.038,0.03,0.994
3403.58,-0.091,0.038,0.03,0.994
3403.77,-0.091,0.038,0.03,0.994
3403.95,-0.091,0.038,0.03,0.994
3404.13,-0.091,0.038,0.03,0.994
3404.31,-0.091,0.038,0.03,0.994
3404.5,-0.091,0.038,0.03,0.994
3404.68,-0.092,0.038,0.03,0.994
3404.86,-0.092,0.038,0.03,0.994
3405.4,-0.092,0.038,0.03,0.994
3405.22,-0.092,0.038,0.03,0.994
3405.41,-0.092,0.038,0.03,0.994
3405.59,-0.092,0.038,0.03,0.994
3405.77,-0.092,0.038,0.03,0.994
3405.95,-0.092,0.038,0.03,0.994
3406.14,-0.092,0.038,0.03,0.994
3406.32,-0.092,0.038,0.03,0.994
3406.5,-0.092,0.038,0.03,0.994
3406.68,-0.092,0.038,0.03,0.994
3406.87,-0.092,0.038,0.03,0.994
3407.5,-0.092,0.038,0.03,0.994
3407.23,-0.092,0.038,0.03,0.994
3407.41,-0.092,0.038,0.03,0.994
3407.59,-0.092,0.038,0.03,0.994
3407.78,-0.092,0.038,0.03,0.994
3407.96,-0.092,0.038,0.03,0.994
3408.14,-0.092,0.038,0.03,0.994
3408.32,-0.092,0.038,0.03,0.994
3408.51,-0.092,0.038,0.03,0.994
3408.69,-0.092,0.038,0.03,0.994
3408.87,-0.092,0.038,0.03,0.994
3409.5,-0.092,0.038,0.03,0.994
3409.23,-0.092,0.038,0.03,0.994
3409.42,-0.091,0.038,0.03,0.994
3409.6,-0.091,0.038,0.03,0.994
3409.78,-0.091,0.038,0.03,0.994
3409.96,-0.091,0.038,0.03,0.994
3410.15,-0.091,0.038,0.03,0.994
3410.33,-0.091,0.038,0.03,0.994
3410.51,-0.091,0.038,0.03,0.994
3410.69,-0.091,0.038,0.03,0.994
3410.88,-0.091,0.038,0.03,0.994
3411.6,-0.091,0.038,0.03,0.994
3411.24,-0.091,0.038,0.03,0.994
3411.42,-0.091,0.038,0.03,0.994
3411.6,-0.092,0.038,0.03,0.994
3411.79,-0.092,0.038,0.03,0.994
3411.97,-0.091,0.038,0.03,0.994
3412.15,-0.091,0.038,0.03,0.994
3412.33,-0.091,0.038,0.03,0.994
3412.52,-0.091,0.038,0.03,0.994
3412.7,-0.091,0.038,0.03,0.994
3412.88,-0.091,0.038,0.03,0.994
3413.6,-0.091,0.038,0.03,0.994
3413.24,-0.091,0.038,0.03,0.994
3413.43,-0.091,0.038,0.03,0.994
3413.61,-0.091,0.038,0.03,0.994
3413.79,-0.091,0.038,0.03,0.994
3413.97,-0.091,0.038,0.03,0.994
3414.16,-0.091,0.038,0.03,0.994
3414.34,-0.091,0.038,0.03,0.994
3414.52,-0.091,0.038,0.03,0.994
3414.7,-0.091,0.038,0.03,0.994
3414.89,-0.091,0.038,0.03,0.994
3415.7,-0.091,0.038,0.03,0.994
3415.25,-0.091,0.038,0.03,0.994
3415.43,-0.091,0.038,0.03,0.994
3415.61,-0.091,0.038,0.03,0.994
3415.8,-0.091,0.038,0.03,0.994
3415.98,-0.091,0.038,0.03,0.994
3416.16,-0.091,0.038,0.03,0.994
3417.26,-0.091,0.038,0.03,0.994
3417.44,-0.092,0.038,0.03,0.994
3417.62,-0.092,0.038,0.03,0.994
3417.8,-0.092,0.038,0.03,0.994
3417.98,-0.092,0.038,0.03,0.994
3418.17,-0.092,0.038,0.03,0.994
3418.35,-0.092,0.038,0.03,0.994
3418.53,-0.092,0.038,0.03,0.994
3418.71,-0.092,0.038,0.03,0.994
3418.9,-0.092,0.038,0.03,0.994
3419.8,-0.091,0.038,0.03,0.994
3419.26,-0.091,0.038,0.03,0.994
3419.44,-0.091,0.038,0.03,0.994
3419.62,-0.091,0.038,0.03,0.994
3419.81,-0.091,0.038,0.03,0.994
3419.99,-0.091,0.038,0.03,0.994
3420.17,-0.091,0.038,0.03,0.994
3420.35,-0.091,0.038,0.03,0.994
3420.54,-0.091,0.038,0.03,0.994
3420.72,-0.091,0.038,0.03,0.994
3420.9,-0.091,0.038,0.03,0.994
3421.8,-0.091,0.038,0.03,0.994
3421.27,-0.091,0.038,0.03,0.994
3421.45,-0.091,0.038,0.03,0.994
3421.63,-0.091,0.038,0.03,0.994
3421.81,-0.091,0.038,0.03,0.994
3421.99,-0.091,0.038,0.03,0.994
3422.18,-0.091,0.038,0.03,0.994
3422.36,-0.091,0.038,0.03,0.994
3422.54,-0.091,0.038,0.03,0.994
3422.72,-0.091,0.038,0.03,0.994
3422.91,-0.091,0.038,0.03,0.994
3423.9,-0.091,0.038,0.03,0.994
3424.18,-0.091,0.038,0.03,0.994
3424.36,-0.091,0.038,0.03,0.994
3424.55,-0.091,0.038,0.03,0.994
3424.73,-0.091,0.038,0.03,0.994
3424.91,-0.091,0.038,0.03,0.994
3425.9,-0.091,0.038,0.03,0.994
3425.28,-0.091,0.038,0.03,0.994
3425.46,-0.091,0.038,0.03,0.994
3425.64,-0.091,0.038,0.03,0.994
3425.82,-0.091,0.038,0.03,0.994
3426.0,-0.091,0.038,0.03,0.994
3426.19,-0.091,0.038,0.03,0.994
3426.37,-0.091,0.038,0.03,0.994
3426.55,-0.091,0.038,0.03,0.994
3426.73,-0.091,0.038,0.03,0.994
3426.92,-0.091,0.038,0.03,0.994
3427.1,-0.091,0.038,0.03,0.994
3427.28,-0.091,0.038,0.03,0.994
3427.46,-0.091,0.038,0.03,0.994
3427.64,-0.091,0.038,0.03,0.994
3427.83,-0.091,0.038,0.03,0.994
3428.1,-0.091,0.038,0.03,0.994
3428.19,-0.091,0.038,0.03,0.994
3428.37,-0.091,0.038,0.03,0.994
3428.56,-0.091,0.038,0.03,0.994
3428.74,-0.091,0.038,0.03,0.994
3428.92,-0.091,0.038,0.03,0.994
3429.1,-0.091,0.038,0.03,0.994
3429.28,-0.091,0.038,0.03,0.994
3429.47,-0.091,0.038,0.03,0.994
3429.65,-0.091,0.038,0.03,0.994
3429.83,-0.091,0.038,0.03,0.994
3430.1,-0.091,0.038,0.03,0.994
3430.2,-0.091,0.038,0.03,0.994
3430.38,-0.091,0.038,0.03,0.994
3430.56,-0.091,0.038,0.03,0.994
3430.74,-0.091,0.038,0.03,0.994
3430.93,-0.091,0.038,0.03,0.994
3431.11,-0.091,0.038,0.03,0.994
3431.29,-0.091,0.038,0.03,0.994
3431.47,-0.091,0.038,0.03,0.994
3431.65,-0.091,0.038,0.03,0.994
3431.84,-0.091,0.038,0.03,0.994
3432.2,-0.091,0.038,0.03,0.994
3432.2,-0.091,0.038,0.03,0.994
3432.38,-0.091,0.038,0.03,0.994
3432.57,-0.091,0.038,0.03,0.994
3432.75,-0.091,0.038,0.03,0.994
3432.93,-0.091,0.038,0.03,0.994
3433.11,-0.091,0.038,0.03,0.994
3433.29,-0.091,0.038,0.03,0.994
3433.48,-0.091,0.038,0.03,0.994
3433.66,-0.091,0.038,0.03,0.994
3433.84,-0.091,0.038,0.03,0.994
3434.2,-0.091,0.038,0.03,0.994
3434.21,-0.091,0.038,0.03,0.994
3434.39,-0.091,0.038,0.03,0.994
3434.57,-0.092,0.038,0.03,0.994
3434.75,-0.092,0.038,0.03,0.994
3436.39,-0.091,0.038,0.03,0.994
3436.58,-0.091,0.038,0.03,0.994
3436.76,-0.091,0.038,0.03,0.994
3436.94,-0.091,0.038,0.03,0.994
3437.12,-0.091,0.038,0.03,0.994
3437.3,-0.091,0.038,0.03,0.994
3437.49,-0.091,0.038,0.03,0.994
3437.67,-0.091,0.038,0.03,0.994
3437.85,-0.091,0.038,0.03,0.994
3438.3,-0.091,0.038,0.03,0.994
3438.22,-0.091,0.038,0.03,0.994
3438.4,-0.091,0.038,0.03,0.994
3438.58,-0.091,0.038,0.03,0.994
3438.76,-0.091,0.038,0.03,0.994
3438.94,-0.091,0.038,0.03,0.994
3439.13,-0.091,0.038,0.03,0.994
3439.31,-0.091,0.038,0.03,0.994
3439.49,-0.091,0.038,0.03,0.994
3439.67,-0.091,0.038,0.03,0.994
3439.86,-0.091,0.038,0.03,0.994
3440.4,-0.091,0.038,0.03,0.994
3440.22,-0.091,0.038,0.03,0.994
3440.4,-0.092,0.038,0.03,0.994
3440.58,-0.092,0.038,0.03,0.994
3440.77,-0.091,0.038,0.03,0.994
3440.95,-0.091,0.038,0.03,0.994
3441.13,-0.091,0.038,0.03,0.994
3441.31,-0.091,0.038,0.03,0.994
3441.5,-0.091,0.038,0.03,0.994
3441.68,-0.091,0.038,0.03,0.994
3445.51,-0.091,0.038,0.03,0.994
3445.69,-0.091,0.038,0.03,0.994
3445.87,-0.091,0.038,0.03,0.994
3446.5,-0.091,0.038,0.03,0.994
3446.24,-0.091,0.038,0.03,0.994
3446.42,-0.091,0.038,0.03,0.994
3446.6,-0.091,0.038,0.03,0.994
3446.78,-0.091,0.038,0.03,0.994
3446.96,-0.092,0.038,0.03,0.994
3447.15,-0.092,0.038,0.03,0.994
3447.33,-0.092,0.038,0.03,0.994
3447.51,-0.092,0.038,0.03,0.994
3447.69,-0.092,0.038,0.03,0.994
3447.88,-0.092,0.038,0.03,0.994
3448.6,-0.092,0.038,0.03,0.994
3448.24,-0.092,0.038,0.03,0.994
3448.42,-0.092,0.038,0.03,0.994
3448.6,-0.092,0.038,0.03,0.994
3448.79,-0.091,0.038,0.03,0.994
3448.97,-0.091,0.038,0.03,0.994
3449.15,-0.091,0.038,0.03,0.994
3449.33,-0.091,0.038,0.03,0.994
3449.52,-0.091,0.038,0.03,0.994
3449.7,-0.091,0.038,0.03,0.994
3449.88,-0.091,0.038,0.03,0.994
3450.6,-0.091,0.038,0.03,0.994
3450.24,-0.091,0.038,0.03,0.994
3450.43,-0.091,0.038,0.03,0.994
3450.61,-0.091,0.038,0.03,0.994
3450.79,-0.091,0.038,0.03,0.994
3450.97,-0.091,0.038,0.03,0.994
3451.16,-0.091,0.038,0.03,0.994
3451.34,-0.091,0.038,0.03,0.994
3451.52,-0.092,0.038,0.03,0.994
3451.7,-0.092,0.038,0.03,0.994
3451.89,-0.092,0.038,0.03,0.994
3452.7,-0.091,0.038,0.03,0.994
3452.25,-0.091,0.038,0.03,0.994
3452.43,-0.091,0.038,0.03,0.994
3452.61,-0.091,0.038,0.03,0.994
3452.8,-0.091,0.038,0.03,0.994
3452.98,-0.091,0.038,0.03,0.994
3453.16,-0.091,0.038,0.03,0.994
3453.34,-0.091,0.038,0.03,0.994
3453.53,-0.091,0.038,0.03,0.994
3453.71,-0.091,0.038,0.03,0.994
3453.89,-0.091,0.038,0.03,0.994
3454.7,-0.091,0.038,0.03,0.994
3455.17,-0.091,0.038,0.03,0.994
3455.35,-0.091,0.038,0.03,0.994
3455.53,-0.091,0.038,0.03,0.994
3455.71,-0.091,0.038,0.03,0.994
3455.9,-0.091,0.038,0.03,0.994
3456.8,-0.091,0.038,0.03,0.994
3456.26,-0.091,0.038,0.03,0.994
3456.44,-0.091,0.038,0.03,0.994
3456.62,-0.091,0.038,0.03,0.994
3456.81,-0.091,0.038,0.03,0.994
3456.99,-0.091,0.038,0.03,0.994
3457.17,-0.091,0.038,0.03,0.994
3457.35,-0.091,0.038,0.03,0.994
3457.54,-0.091,0.038,0.03,0.994
3457.72,-0.091,0.038,0.03,0.994
3457.9,-0.091,0.038,0.03,0.994
3458.8,-0.091,0.038,0.03,0.994
3458.26,-0.091,0.038,0.03,0.994
3458.45,-0.091,0.038,0.03,0.994
3458.63,-0.091,0.038,0.03,0.994
3458.81,-0.091,0.038,0.03,0.994
3458.99,-0.091,0.038,0.03,0.994
3459.18,-0.091,0.038,0.03,0.994
3459.36,-0.091,0.038,0.03,0.994
3459.54,-0.091,0.038,0.03,0.994
3459.72,-0.091,0.038,0.03,0.994
3459.9,-0.091,0.038,0.03,0.994
3460.9,-0.091,0.038,0.03,0.994
3460.27,-0.091,0.038,0.03,0.994
3460.45,-0.091,0.038,0.03,0.994
3460.63,-0.091,0.038,0.03,0.994
3460.82,-0.091,0.038,0.03,0.994
3461.0,-0.091,0.038,0.03,0.994
3461.18,-0.091,0.038,0.03,0.994
3461.36,-0.091,0.038,0.03,0.994
3461.55,-0.091,0.038,0.03,0.994
3461.73,-0.091,0.038,0.03,0.994
3461.91,-0.091,0.038,0.03,0.994
3462.9,-0.091,0.038,0.03,0.994
3462.27,-0.091,0.038,0.03,0.994
3462.46,-0.091,0.038,0.03,0.994
3462.64,-0.092,0.038,0.03,0.994
3462.82,-0.091,0.038,0.03,0.994
3464.1,-0.091,0.038,0.03,0.994
3464.28,-0.091,0.038,0.03,0.994
3464.46,-0.091,0.038,0.03,0.994
3464.64,-0.091,0.038,0.03,0.994
3464.83,-0.091,0.038,0.03,0.994
3465.1,-0.091,0.038,0.03,0.994
3465.19,-0.091,0.038,0.03,0.994
3465.37,-0.091,0.038,0.03,0.994
3465.55,-0.091,0.038,0.03,0.994
3465.74,-0.091,0.038,0.03,0.994
3465.92,-0.091,0.038,0.03,0.994
3466.1,-0.091,0.038,0.03,0.994
3466.28,-0.091,0.038,0.03,0.994
3466.47,-0.091,0.038,0.03,0.994
3466.65,-0.091,0.038,0.03,0.994
3466.83,-0.091,0.038,0.03,0.994
3467.1,-0.091,0.038,0.03,0.994
3467.2,-0.091,0.038,0.03,0.994
3467.38,-0.091,0.038,0.03,0.994
3467.56,-0.091,0.038,0.03,0.994
3467.74,-0.091,0.038,0.03,0.994
3467.92,-0.091,0.038,0.03,0.994
3468.11,-0.091,0.038,0.03,0.994
3468.29,-0.091,0.038,0.03,0.994
3468.47,-0.091,0.038,0.03,0.994
3468.65,-0.091,0.038,0.03,0.994
3468.84,-0.091,0.038,0.03,0.994
3469.2,-0.091,0.038,0.03,0.994
3469.2,-0.091,0.038,0.03,0.994
3469.38,-0.091,0.038,0.03,0.994
3469.56,-0.091,0.038,0.03,0.994
3469.75,-0.091,0.038,0.03,0.994
3469.93,-0.091,0.038,0.03,0.994
3470.11,-0.091,0.038,0.03,0.994
3470.29,-0.091,0.038,0.03,0.994
3470.48,-0.091,0.038,0.03,0.994
3470.66,-0.091,0.038,0.03,0.994
3470.84,-0.091,0.038,0.03,0.994
3471.2,-0.091,0.038,0.03,0.994
3471.2,-0.091,0.038,0.03,0.994
3471.39,-0.091,0.038,0.03,0.994
3471.57,-0.091,0.038,0.03,0.994
3471.75,-0.091,0.038,0.03,0.994
3472.3,-0.091,0.038,0.03,0.994
3472.48,-0.091,0.038,0.03,0.994
3472.66,-0.091,0.038,0.03,0.994
3472.85,-0.091,0.038,0.03,0.994
3473.3,-0.091,0.038,0.03,0.994
3473.21,-0.091,0.038,0.03,0.994
3473.39,-0.091,0.038,0.03,0.994
3473.57,-0.091,0.038,0.03,0.994
3473.76,-0.091,0.038,0.03,0.994
3473.94,-0.091,0.038,0.03,0.994
3474.12,-0.091,0.038,0.03,0.994
3474.3,-0.091,0.038,0.03,0.994
3474.49,-0.091,0.038,0.03,0.994
3474.67,-0.091,0.038,0.03,0.994
3474.85,-0.092,0.038,0.03,0.994
3475.3,-0.092,0.038,0.03,0.994
3475.21,-0.092,0.038,0.03,0.994
3475.4,-0.092,0.038,0.03,0.994
3475.58,-0.092,0.038,0.03,0.994
3475.76,-0.092,0.038,0.03,0.994
3475.94,-0.092,0.038,0.03,0.994
3476.13,-0.092,0.038,0.03,0.994
3476.31,-0.092,0.038,0.03,0.994
3476.49,-0.092,0.038,0.03,0.994
3476.67,-0.092,0.038,0.031,0.994
3476.85,-0.092,0.038,0.03,0.994
3477.4,-0.092,0.038,0.031,0.994
3477.22,-0.092,0.038,0.03,0.994
3477.4,-0.092,0.038,0.03,0.994
3477.58,-0.092,0.038,0.031,0.994
3477.77,-0.091,0.038,0.031,0.994
3477.95,-0.092,0.038,0.031,0.994
3478.13,-0.091,0.038,0.031,0.994
3478.31,-0.091,0.038,0.031,0.994
3478.5,-0.091,0.038,0.031,0.994
3478.68,-0.091,0.038,0.031,0.994
3478.86,-0.091,0.038,0.031,0.994
3479.4,-0.091,0.038,0.031,0.994
3479.22,-0.091,0.038,0.031,0.994
3479.41,-0.091,0.038,0.031,0.994
3479.59,-0.091,0.038,0.031,0.994
3479.77,-0.091,0.038,0.031,0.994
3479.95,-0.091,0.038,0.031,0.994
3480.14,-0.091,0.038,0.031,0.994
3480.32,-0.091,0.038,0.031,0.994
3480.5,-0.091,0.038,0.031,0.994
3480.68,-0.091,0.038,0.031,0.994
3480.86,-0.091,0.038,0.031,0.994
3481.5,-0.091,0.038,0.031,0.994
3481.23,-0.091,0.038,0.031,0.994
3481.41,-0.091,0.038,0.031,0.994
3481.59,-0.091,0.038,0.031,0.994
3481.78,-0.091,0.038,0.031,0.994
3481.96,-0.091,0.038,0.031,0.994
3482.14,-0.091,0.038,0.031,0.994
3482.32,-0.091,0.038,0.031,0.994
3482.5,-0.091,0.038,0.031,0.994
3482.69,-0.091,0.038,0.031,0.994
3482.87,-0.091,0.038,0.031,0.994
3483.5,-0.091,0.038,0.031,0.994
3483.23,-0.091,0.038,0.031,0.994
3483.42,-0.091,0.038,0.031,0.994
3483.6,-0.091,0.038,0.031,0.994
3483.78,-0.091,0.038,0.031,0.994
3483.96,-0.091,0.038,0.031,0.994
3484.14,-0.091,0.038,0.031,0.994
3484.33,-0.091,0.038,0.031,0.994
3484.51,-0.091,0.038,0.031,0.994
3484.69,-0.091,0.038,0.031,0.994
3484.87,-0.091,0.038,0.031,0.994
3485.6,-0.091,0.038,0.031,0.994
3485.24,-0.091,0.038,0.031,0.994
3485.42,-0.091,0.038,0.031,0.994
3485.6,-0.091,0.038,0.031,0.994
3485.78,-0.091,0.038,0.031,0.994
3485.97,-0.091,0.038,0.031,0.994
3486.15,-0.091,0.038,0.031,0.994
3486.33,-0.091,0.038,0.031,0.994
3486.51,-0.091,0.038,0.031,0.994
3486.7,-0.091,0.038,0.031,0.994
3486.88,-0.091,0.038,0.031,0.994
3487.6,-0.091,0.038,0.031,0.994
3487.24,-0.091,0.038,0.031,0.994
3487.43,-0.091,0.038,0.031,0.994
3487.61,-0.091,0.038,0.031,0.994
3487.79,-0.092,0.038,0.031,0.994
3487.97,-0.092,0.038,0.031,0.994
3488.15,-0.092,0.038,0.031,0.994
3488.34,-0.092,0.038,0.031,0.994
3488.52,-0.092,0.038,0.031,0.994
3488.7,-0.092,0.038,0.031,0.994
3488.88,-0.092,0.038,0.031,0.994
3489.7,-0.092,0.038,0.031,0.994
3489.25,-0.092,0.038,0.031,0.994
3489.43,-0.092,0.038,0.031,0.994
3489.61,-0.092,0.038,0.031,0.994
3489.79,-0.092,0.038,0.031,0.994
3489.98,-0.092,0.038,0.031,0.994
3490.16,-0.092,0.038,0.031,0.994
3490.34,-0.091,0.038,0.031,0.994
3490.52,-0.091,0.038,0.031,0.994
3490.71,-0.091,0.038,0.031,0.994
3490.89,-0.091,0.038,0.031,0.994
3491.7,-0.091,0.038,0.031,0.994
3491.25,-0.091,0.038,0.031,0.994
3491.43,-0.091,0.038,0.031,0.994
3491.62,-0.091,0.038,0.031,0.994
3491.8,-0.091,0.038,0.031,0.994
3491.98,-0.091,0.038,0.031,0.994
3495.63,-0.091,0.038,0.031,0.994
3495.81,-0.091,0.038,0.031,0.994
3495.99,-0.091,0.038,0.031,0.994
3496.17,-0.091,0.038,0.031,0.994
3496.36,-0.091,0.038,0.031,0.994
3496.54,-0.091,0.038,0.031,0.994
3496.72,-0.091,0.038,0.031,0.994
3496.9,-0.091,0.038,0.031,0.994
3497.8,-0.091,0.038,0.031,0.994
3497.27,-0.091,0.038,0.031,0.994
3497.45,-0.091,0.038,0.031,0.994
3497.63,-0.091,0.038,0.031,0.994
3497.81,-0.091,0.038,0.031,0.994
3498.0,-0.091,0.038,0.031,0.994
3498.18,-0.091,0.038,0.031,0.994
3498.36,-0.091,0.038,0.031,0.994
3498.54,-0.091,0.038,0.031,0.994
3498.72,-0.091,0.038,0.031,0.994
3501.9,-0.091,0.038,0.031,0.994
3501.28,-0.091,0.038,0.031,0.994
3501.46,-0.091,0.038,0.031,0.994
3501.64,-0.091,0.038,0.031,0.994
3501.82,-0.091,0.038,0.031,0.994
3502.0,-0.091,0.038,0.031,0.994
3502.19,-0.091,0.038,0.031,0.994
3502.37,-0.091,0.038,0.031,0.994
3502.55,-0.091,0.038,0.031,0.994
3502.73,-0.091,0.038,0.031,0.994
3502.92,-0.091,0.038,0.031,0.994
3503.1,-0.091,0.038,0.031,0.994
3503.28,-0.091,0.038,0.031,0.994
3503.46,-0.091,0.038,0.031,0.994
3503.65,-0.091,0.038,0.031,0.994
3503.83,-0.091,0.038,0.031,0.994
3504.1,-0.091,0.038,0.031,0.994
3504.19,-0.091,0.038,0.031,0.994
3504.37,-0.091,0.038,0.031,0.994
3504.56,-0.091,0.038,0.031,0.994
3504.74,-0.091,0.038,0.031,0.994
3504.92,-0.091,0.038,0.031,0.994
3505.1,-0.091,0.038,0.031,0.994
3505.29,-0.091,0.038,0.031,0.994
3505.47,-0.091,0.038,0.031,0.994
3505.65,-0.091,0.038,0.031,0.994
3505.83,-0.091,0.038,0.031,0.994
3506.1,-0.091,0.038,0.031,0.994
3506.2,-0.091,0.038,0.031,0.994
3506.38,-0.091,0.038,0.031,0.994
3506.56,-0.091,0.038,0.031,0.994
3506.74,-0.091,0.038,0.031,0.994
3506.93,-0.091,0.038,0.031,0.994
3507.11,-0.091,0.038,0.031,0.994
3507.29,-0.091,0.038,0.031,0.994
3507.47,-0.091,0.038,0.031,0.994
3507.65,-0.091,0.038,0.031,0.994
3507.84,-0.091,0.038,0.031,0.994
3508.2,-0.091,0.038,0.031,0.994
3508.2,-0.091,0.038,0.031,0.994
3508.38,-0.091,0.038,0.031,0.994
3508.57,-0.091,0.038,0.031,0.994
3508.75,-0.091,0.038,0.031,0.994
3508.93,-0.091,0.038,0.031,0.994
3509.11,-0.091,0.038,0.031,0.994
3509.29,-0.091,0.038,0.031,0.994
3509.48,-0.091,0.038,0.031,0.994
3509.66,-0.091,0.038,0.031,0.994
3509.84,-0.091,0.038,0.031,0.994
3510.2,-0.091,0.038,0.031,0.994
3510.21,-0.091,0.038,0.031,0.994
3510.39,-0.091,0.038,0.031,0.994
3510.57,-0.091,0.038,0.031,0.994
3510.75,-0.091,0.038,0.031,0.994
3510.94,-0.091,0.038,0.031,0.994
3511.12,-0.091,0.038,0.031,0.994
3511.3,-0.091,0.038,0.031,0.994
3511.48,-0.091,0.038,0.031,0.994
3511.66,-0.091,0.038,0.031,0.994
3512.3,-0.091,0.038,0.031,0.994
3512.21,-0.091,0.038,0.031,0.994
3512.39,-0.091,0.038,0.031,0.994
3512.58,-0.091,0.038,0.031,0.994
3512.76,-0.091,0.038,0.031,0.994
3512.94,-0.091,0.038,0.031,0.994
3513.12,-0.091,0.038,0.031,0.994
3513.3,-0.091,0.038,0.031,0.994
3513.49,-0.091,0.038,0.031,0.994
3513.67,-0.091,0.038,0.031,0.994
3513.85,-0.091,0.038,0.031,0.994
3519.14,-0.091,0.038,0.031,0.994
3519.32,-0.091,0.038,0.031,0.994
3519.5,-0.091,0.038,0.031,0.994
3519.68,-0.091,0.038,0.031,0.994
3519.87,-0.091,0.038,0.031,0.994
3520.5,-0.091,0.038,0.031,0.994
3520.23,-0.091,0.038,0.031,0.994
3520.41,-0.091,0.038,0.031,0.994
3520.6,-0.091,0.038,0.031,0.994
3520.78,-0.091,0.038,0.031,0.994
3520.96,-0.091,0.038,0.031,0.994
3521.14,-0.091,0.038,0.031,0.994
3521.32,-0.091,0.038,0.031,0.994
3521.51,-0.091,0.038,0.031,0.994
3521.69,-0.091,0.038,0.031,0.994
3521.87,-0.091,0.038,0.031,0.994
3522.5,-0.091,0.038,0.031,0.994
3522.24,-0.091,0.038,0.031,0.994
3522.42,-0.091,0.038,0.031,0.994
3522.6,-0.091,0.038,0.031,0.994
3522.78,-0.091,0.038,0.031,0.994
3522.96,-0.091,0.038,0.031,0.994
3523.15,-0.091,0.038,0.031,0.994
3523.33,-0.091,0.038,0.031,0.994
3523.51,-0.091,0.038,0.031,0.994
3524.42,-0.091,0.038,0.031,0.994
3524.61,-0.091,0.038,0.031,0.994
3524.79,-0.091,0.038,0.031,0.994
3524.97,-0.091,0.038,0.031,0.994
3525.15,-0.091,0.038,0.031,0.994
3525.33,-0.091,0.038,0.031,0.994
3525.52,-0.091,0.038,0.031,0.994
3525.7,-0.091,0.038,0.031,0.994
3525.88,-0.091,0.038,0.031,0.994
3526.6,-0.091,0.038,0.031,0.994
3526.25,-0.091,0.038,0.031,0.994
3526.43,-0.091,0.038,0.031,0.994
3526.61,-0.091,0.038,0.031,0.994
3526.79,-0.091,0.038,0.031,0.994
3526.97,-0.091,0.038,0.031,0.994
3527.16,-0.091,0.038,0.031,0.994
3527.34,-0.091,0.038,0.031,0.994
3527.52,-0.091,0.038,0.031,0.994
3527.7,-0.091,0.038,0.031,0.994
3527.89,-0.091,0.038,0.031,0.994
3528.7,-0.091,0.038,0.031,0.994
3528.25,-0.091,0.038,0.031,0.994
3528.43,-0.091,0.038,0.031,0.994
3528.62,-0.091,0.038,0.031,0.994
3528.8,-0.091,0.038,0.031,0.994
3528.98,-0.091,0.038,0.031,0.994
3529.16,-0.091,0.038,0.031,0.994
3529.34,-0.091,0.038,0.031,0.994
3529.53,-0.091,0.038,0.031,0.994
3529.71,-0.091,0.038,0.031,0.994
3529.89,-0.091,0.038,0.031,0.994
3530.7,-0.091,0.038,0.031,0.994
3530.26,-0.091,0.038,0.031,0.994
3530.44,-0.091,0.038,0.031,0.994
3530.62,-0.091,0.038,0.031,0.994
3530.8,-0.091,0.038,0.031,0.994
3530.98,-0.091,0.038,0.031,0.994
3531.17,-0.091,0.038,0.031,0.994
3531.35,-0.091,0.038,0.031,0.994
3531.53,-0.091,0.038,0.031,0.994
3531.71,-0.091,0.038,0.031,0.994
3531.9,-0.091,0.038,0.031,0.994
3532.8,-0.091,0.038,0.031,0.994
3532.26,-0.091,0.038,0.031,0.994
3532.44,-0.091,0.038,0.031,0.994
3532.63,-0.091,0.038,0.031,0.994
3532.81,-0.091,0.038,0.031,0.994
3532.99,-0.091,0.038,0.031,0.994
3533.17,-0.091,0.038,0.031,0.994
3533.35,-0.091,0.038,0.031,0.994
3533.54,-0.091,0.038,0.031,0.994
3533.72,-0.091,0.038,0.031,0.994
3533.9,-0.091,0.038,0.031,0.994
3534.8,-0.091,0.038,0.031,0.994
3534.27,-0.091,0.038,0.031,0.994
3534.45,-0.091,0.038,0.031,0.994
3534.63,-0.091,0.038,0.031,0.994
3534.81,-0.091,0.038,0.031,0.994
3535.0,-0.091,0.038,0.031,0.994
3535.18,-0.091,0.038,0.031,0.994
3535.36,-0.091,0.038,0.031,0.994
3535.54,-0.091,0.038,0.031,0.994
3535.72,-0.091,0.038,0.031,0.994
3535.91,-0.091,0.038,0.031,0.994
3536.9,-0.091,0.038,0.031,0.994
3536.27,-0.091,0.038,0.031,0.994
3536.45,-0.091,0.038,0.031,0.994
3536.64,-0.091,0.038,0.031,0.994
3537.55,-0.091,0.038,0.031,0.994
3537.73,-0.091,0.038,0.031,0.994
3537.91,-0.091,0.038,0.031,0.994
3538.9,-0.091,0.038,0.031,0.994
3538.28,-0.091,0.038,0.031,0.994
3538.46,-0.091,0.038,0.031,0.994
3538.64,-0.091,0.038,0.031,0.994
3538.82,-0.091,0.038,0.031,0.994
3539.1,-0.091,0.038,0.031,0.994
3539.19,-0.091,0.038,0.031,0.994
3539.37,-0.091,0.038,0.031,0.994
3539.55,-0.091,0.038,0.031,0.994
3539.73,-0.091,0.038,0.031,0.994
3539.92,-0.091,0.038,0.031,0.994
3540.1,-0.092,0.038,0.031,0.994
3540.28,-0.092,0.038,0.031,0.994
3540.46,-0.092,0.038,0.031,0.994
3540.65,-0.091,0.038,0.031,0.994
3540.83,-0.091,0.038,0.031,0.994
3541.1,-0.091,0.038,0.031,0.994
3541.19,-0.091,0.038,0.031,0.994
3541.37,-0.091,0.038,0.031,0.994
3544.84,-0.091,0.038,0.031,0.994
3545.2,-0.091,0.038,0.031,0.994
3545.2,-0.091,0.038,0.031,0.994
3545.38,-0.091,0.038,0.031,0.994
3545.57,-0.091,0.038,0.031,0.994
3545.75,-0.091,0.038,0.031,0.994
3545.93,-0.091,0.038,0.031,0.994
3546.11,-0.091,0.038,0.031,0.994
3546.3,-0.091,0.038,0.031,0.994
3546.48,-0.091,0.038,0.031,0.994
3546.66,-0.091,0.038,0.031,0.994
3546.84,-0.091,0.038,0.031,0.994
3547.3,-0.091,0.038,0.031,0.994
3547.21,-0.091,0.038,0.031,0.994
3547.39,-0.091,0.038,0.031,0.994
3547.57,-0.091,0.038,0.031,0.994
3547.75,-0.091,0.038,0.031,0.994
3547.94,-0.091,0.038,0.031,0.994
3548.12,-0.091,0.038,0.031,0.994
3548.3,-0.091,0.038,0.031,0.994
3548.48,-0.091,0.038,0.031,0.994
3548.67,-0.091,0.038,0.031,0.994
3548.85,-0.091,0.038,0.031,0.994
3549.3,-0.091,0.038,0.031,0.994
3549.21,-0.091,0.038,0.031,0.994
3549.4,-0.091,0.038,0.031,0.994
3549.58,-0.091,0.038,0.031,0.994
3549.76,-0.091,0.038,0.031,0.994
3549.94,-0.091,0.038,0.031,0.994
3550.12,-0.091,0.038,0.031,0.994
3550.31,-0.091,0.038,0.031,0.994
3550.49,-0.091,0.038,0.031,0.994
3550.67,-0.091,0.038,0.031,0.994
3550.85,-0.091,0.038,0.031,0.994
3551.4,-0.091,0.038,0.031,0.994
3551.22,-0.091,0.038,0.031,0.994
3551.4,-0.091,0.038,0.031,0.994
3551.58,-0.091,0.038,0.031,0.994
3551.76,-0.091,0.038,0.031,0.994
3551.95,-0.091,0.038,0.031,0.994
3552.13,-0.091,0.038,0.031,0.994
3552.31,-0.091,0.038,0.031,0.994
3552.49,-0.091,0.038,0.031,0.994
3552.68,-0.091,0.038,0.031,0.994
3552.86,-0.091,0.038,0.031,0.994
3553.4,-0.091,0.038,0.031,0.994
3553.22,-0.091,0.038,0.031,0.994
3553.41,-0.091,0.038,0.031,0.994
3553.59,-0.091,0.038,0.031,0.994
3553.77,-0.091,0.038,0.031,0.994
3553.95,-0.091,0.038,0.031,0.994
3555.59,-0.091,0.038,0.031,0.994
3555.77,-0.091,0.038,0.031,0.994
3555.96,-0.091,0.038,0.031,0.994
3556.14,-0.091,0.038,0.031,0.994
3556.32,-0.091,0.038,0.031,0.994
3556.5,-0.091,0.038,0.031,0.994
3556.69,-0.091,0.038,0.031,0.994
3556.87,-0.091,0.038,0.031,0.994
3557.5,-0.091,0.038,0.031,0.994
3557.23,-0.091,0.038,0.031,0.994
3557.42,-0.091,0.038,0.031,0.994
3557.6,-0.091,0.038,0.031,0.994
3557.78,-0.091,0.038,0.031,0.994
3557.96,-0.091,0.038,0.031,0.994
3558.14,-0.091,0.038,0.031,0.994
3558.33,-0.091,0.038,0.031,0.994
3558.51,-0.091,0.038,0.031,0.994
3558.69,-0.091,0.038,0.031,0.994
3558.87,-0.091,0.038,0.031,0.994
3559.6,-0.091,0.038,0.031,0.994
3559.42,-0.091,0.038,0.031,0.994
3559.6,-0.091,0.038,0.031,0.994
3559.78,-0.091,0.038,0.031,0.994
3559.97,-0.091,0.038,0.031,0.994
3560.15,-0.091,0.038,0.031,0.994
3560.33,-0.091,0.038,0.031,0.994
3560.51,-0.091,0.038,0.031,0.994
3560.7,-0.091,0.038,0.031,0.994
3560.88,-0.091,0.038,0.031,0.994
3561.6,-0.091,0.038,0.031,0.994
3561.24,-0.091,0.038,0.031,0.994
3561.43,-0.091,0.038,0.031,0.994
3561.61,-0.091,0.038,0.031,0.994
3561.79,-0.091,0.038,0.031,0.994
3561.97,-0.091,0.038,0.031,0.994
3562.15,-0.091,0.038,0.031,0.994
3562.34,-0.091,0.038,0.031,0.994
3562.52,-0.091,0.038,0.031,0.994
3562.7,-0.091,0.038,0.031,0.994
3562.88,-0.091,0.038,0.031,0.994
3563.7,-0.091,0.038,0.031,0.994
3563.25,-0.091,0.038,0.031,0.994
3563.43,-0.091,0.038,0.031,0.994
3563.61,-0.091,0.038,0.031,0.994
3563.79,-0.091,0.038,0.031,0.994
3563.98,-0.091,0.038,0.031,0.994
3564.16,-0.091,0.038,0.031,0.994
3564.34,-0.091,0.038,0.031,0.994
3564.52,-0.091,0.038,0.031,0.994
3564.71,-0.091,0.038,0.031,0.994
3564.89,-0.091,0.038,0.031,0.994
3565.7,-0.091,0.038,0.031,0.994
3565.25,-0.091,0.038,0.031,0.994
3565.44,-0.091,0.038,0.031,0.994
3565.62,-0.091,0.038,0.031,0.994
3565.8,-0.091,0.038,0.031,0.994
3565.98,-0.091,0.038,0.031,0.994
3566.16,-0.091,0.038,0.031,0.994
3566.35,-0.091,0.038,0.031,0.994
3566.53,-0.091,0.038,0.031,0.994
3566.71,-0.091,0.038,0.031,0.994
3566.89,-0.091,0.038,0.031,0.994
3567.8,-0.091,0.038,0.031,0.994
3567.26,-0.091,0.038,0.031,0.994
3567.44,-0.091,0.038,0.031,0.994
3567.62,-0.091,0.038,0.031,0.994
3567.8,-0.091,0.038,0.031,0.994
3567.99,-0.091,0.038,0.031,0.994
3568.17,-0.091,0.038,0.031,0.994
3568.35,-0.091,0.038,0.031,0.994
3568.53,-0.091,0.038,0.031,0.994
3568.72,-0.091,0.038,0.031,0.994
3568.9,-0.091,0.038,0.031,0.994
3569.8,-0.091,0.038,0.031,0.994
3569.26,-0.091,0.038,0.031,0.994
3569.45,-0.091,0.038,0.031,0.994
3569.63,-0.091,0.038,0.031,0.994
3569.81,-0.091,0.038,0.031,0.994
3569.99,-0.091,0.038,0.031,0.994
3570.17,-0.091,0.038,0.031,0.994
3570.36,-0.091,0.038,0.031,0.994
3570.54,-0.091,0.038,0.031,0.994
3570.72,-0.091,0.038,0.031,0.994
3570.9,-0.091,0.038,0.031,0.994
3571.9,-0.091,0.038,0.031,0.994
3571.27,-0.091,0.038,0.031,0.994
3571.45,-0.091,0.038,0.031,0.994
3571.63,-0.091,0.038,0.031,0.994
3571.81,-0.091,0.038,0.031,0.994
3572.0,-0.091,0.038,0.031,0.994
3572.18,-0.091,0.038,0.031,0.994
3572.36,-0.091,0.038,0.031,0.994
3572.54,-0.091,0.038,0.031,0.994
3572.73,-0.091,0.038,0.031,0.994
3572.91,-0.091,0.038,0.031,0.994
3573.9,-0.091,0.038,0.031,0.994
3573.27,-0.091,0.038,0.031,0.994
3573.46,-0.091,0.038,0.031,0.994
3573.64,-0.091,0.038,0.031,0.994
3573.82,-0.091,0.038,0.031,0.994
3574.0,-0.091,0.038,0.031,0.994
3574.18,-0.091,0.038,0.031,0.994
3574.37,-0.091,0.038,0.031,0.994
3574.55,-0.091,0.038,0.031,0.994
3574.73,-0.091,0.038,0.031,0.994
3574.91,-0.091,0.038,0.031,0.994
3575.1,-0.091,0.038,0.031,0.994
3575.28,-0.091,0.038,0.031,0.994
3575.46,-0.091,0.038,0.031,0.994
3575.64,-0.091,0.038,0.031,0.994
3575.82,-0.091,0.038,0.031,0.994
3576.1,-0.091,0.038,0.031,0.994
3576.19,-0.091,0.038,0.031,0.994
3576.37,-0.091,0.038,0.031,0.994
3576.55,-0.091,0.038,0.031,0.994
3576.74,-0.091,0.038,0.031,0.994
3576.92,-0.091,0.038,0.031,0.994
3577.1,-0.091,0.038,0.031,0.994
3577.28,-0.091,0.038,0.031,0.994
3577.46,-0.091,0.038,0.031,0.994
3577.65,-0.091,0.038,0.031,0.994
3577.83,-0.091,0.038,0.031,0.994
3578.1,-0.091,0.038,0.031,0.994
3578.19,-0.091,0.038,0.031,0.994
3578.38,-0.091,0.038,0.031,0.994
3578.56,-0.091,0.038,0.031,0.994
3578.74,-0.091,0.038,0.031,0.994
3578.92,-0.091,0.038,0.031,0.994
3579.11,-0.091,0.038,0.031,0.994
3579.29,-0.091,0.038,0.031,0.994
3579.47,-0.091,0.038,0.031,0.994
3579.65,-0.091,0.038,0.031,0.994
3579.83,-0.091,0.038,0.031,0.994
3580.2,-0.091,0.038,0.031,0.994
3581.11,-0.091,0.038,0.031,0.994
3581.29,-0.091,0.038,0.031,0.994
3581.47,-0.091,0.038,0.031,0.994
3581.66,-0.091,0.038,0.031,0.994
3581.84,-0.091,0.038,0.031,0.994
3582.2,-0.091,0.038,0.031,0.994
3582.2,-0.091,0.038,0.031,0.994
3582.39,-0.091,0.038,0.031,0.994
3582.57,-0.091,0.038,0.031,0.994
3582.75,-0.091,0.038,0.031,0.994
3582.93,-0.091,0.038,0.031,0.994
3583.11,-0.091,0.038,0.031,0.994
3583.3,-0.091,0.038,0.031,0.994
3583.48,-0.091,0.038,0.031,0.994
3583.66,-0.091,0.038,0.031,0.994
3583.84,-0.091,0.038,0.031,0.994
3584.3,-0.091,0.038,0.031,0.994
3584.21,-0.091,0.038,0.031,0.994
3584.39,-0.091,0.038,0.031,0.994
3584.57,-0.091,0.038,0.031,0.994
3584.76,-0.091,0.038,0.031,0.994
3584.94,-0.091,0.038,0.031,0.994
3585.12,-0.091,0.038,0.031,0.994
3585.3,-0.091,0.038,0.031,0.994
3585.48,-0.091,0.038,0.031,0.994
3586.21,-0.092,0.038,0.031,0.994
3586.4,-0.091,0.038,0.031,0.994
3586.58,-0.091,0.038,0.031,0.994
3586.76,-0.091,0.038,0.031,0.994
3586.94,-0.091,0.038,0.031,0.994
3587.12,-0.091,0.038,0.031,0.994
3587.31,-0.091,0.038,0.031,0.994
3587.49,-0.091,0.038,0.031,0.994
3587.67,-0.091,0.038,0.032,0.994
3587.85,-0.091,0.038,0.032,0.994
3588.4,-0.091,0.038,0.032,0.994
3588.22,-0.091,0.038,0.031,0.994
3588.4,-0.091,0.038,0.031,0.994
3588.58,-0.091,0.038,0.031,0.994
3588.77,-0.091,0.038,0.031,0.994
3588.95,-0.091,0.038,0.031,0.994
3589.13,-0.091,0.038,0.031,0.994
3589.31,-0.091,0.038,0.031,0.994
3589.49,-0.091,0.038,0.031,0.994
3589.68,-0.091,0.038,0.031,0.994
3589.86,-0.091,0.038,0.031,0.994
3590.4,-0.091,0.038,0.031,0.994
3590.22,-0.091,0.038,0.031,0.994
3590.41,-0.091,0.038,0.031,0.994
3590.59,-0.091,0.038,0.031,0.994
3590.77,-0.091,0.038,0.031,0.994
3591.5,-0.091,0.038,0.031,0.994
3591.68,-0.091,0.038,0.031,0.994
3591.86,-0.091,0.038,0.031,0.994
3592.5,-0.091,0.038,0.031,0.994
3592.23,-0.091,0.038,0.031,0.994
3592.41,-0.091,0.038,0.031,0.994
3592.59,-0.091,0.038,0.031,0.994
3592.78,-0.091,0.038,0.031,0.994
3592.96,-0.091,0.038,0.031,0.994
3593.14,-0.091,0.038,0.031,0.994
3593.32,-0.091,0.038,0.031,0.994
3593.5,-0.091,0.038,0.031,0.994
3593.69,-0.092,0.038,0.031,0.994
3593.87,-0.092,0.038,0.031,0.994
3594.5,-0.092,0.038,0.031,0.994
3594.23,-0.092,0.038,0.031,0.994
3594.42,-0.091,0.038,0.031,0.994
3594.6,-0.091,0.038,0.031,0.994
3594.78,-0.091,0.038,0.031,0.994
3594.96,-0.091,0.038,0.031,0.994
3595.14,-0.091,0.038,0.031,0.994
3595.33,-0.091,0.038,0.031,0.994
3595.51,-0.091,0.038,0.031,0.994
3595.69,-0.091,0.038,0.031,0.994
3595.87,-0.091,0.038,0.031,0.994
3596.6,-0.091,0.038,0.031,0.994
3596.24,-0.091,0.038,0.031,0.994
3596.42,-0.091,0.038,0.031,0.994
3596.6,-0.091,0.038,0.031,0.994
3596.79,-0.091,0.038,0.031,0.994
3596.97,-0.091,0.038,0.031,0.994
3597.15,-0.091,0.038,0.031,0.994
3597.33,-0.091,0.038,0.031,0.994
3597.51,-0.091,0.038,0.031,0.994
3597.7,-0.091,0.038,0.031,0.994
3597.88,-0.091,0.038,0.031,0.994
3598.6,-0.091,0.038,0.031,0.994
3598.24,-0.091,0.038,0.031,0.994
3598.43,-0.091,0.038,0.031,0.994
3598.61,-0.091,0.038,0.031,0.994
3598.79,-0.091,0.038,0.031,0.994
3598.97,-0.091,0.038,0.031,0.994
3599.16,-0.091,0.038,0.031,0.994
3599.34,-0.091,0.038,0.031,0.994
3599.52,-0.091,0.038,0.031,0.994
3599.7,-0.091,0.038,0.031,0.994
3599.88,-0.091,0.038,0.031,0.994
3600.7,-0.091,0.038,0.031,0.994
3600.25,-0.091,0.038,0.031,0.994
3600.43,-0.091,0.038,0.031,0.994
3600.61,-0.091,0.038,0.031,0.994
3600.8,-0.091,0.038,0.031,0.994
3600.98,-0.091,0.038,0.031,0.994
3601.16,-0.091,0.038,0.031,0.994
3601.34,-0.091,0.038,0.031,0.994
3601.53,-0.091,0.038,0.031,0.994
3601.71,-0.091,0.038,0.031,0.994
3601.89,-0.091,0.038,0.031,0.994
3602.7,-0.091,0.038,0.031,0.994
3602.25,-0.091,0.038,0.031,0.994
3602.44,-0.091,0.038,0.032,0.994
3602.62,-0.091,0.038,0.032,0.994
3602.8,-0.091,0.038,0.032,0.994
3602.98,-0.091,0.038,0.032,0.994
3603.17,-0.091,0.038,0.032,0.994
3603.35,-0.091,0.038,0.032,0.994
3603.53,-0.091,0.038,0.032,0.994
3603.71,-0.091,0.038,0.031,0.994
3603.9,-0.091,0.038,0.031,0.994
3604.8,-0.091,0.038,0.031,0.994
3604.26,-0.091,0.038,0.032,0.994
3604.44,-0.091,0.038,0.032,0.994
3604.62,-0.091,0.038,0.032,0.994
3604.81,-0.091,0.038,0.032,0.994
3604.99,-0.091,0.038,0.032,0.994
3605.17,-0.091,0.038,0.032,0.994
3605.35,-0.091,0.038,0.031,0.994
3605.54,-0.091,0.038,0.031,0.994
3605.72,-0.091,0.038,0.031,0.994
3605.9,-0.091,0.038,0.031,0.994
3606.8,-0.091,0.038,0.031,0.994
3606.26,-0.091,0.038,0.031,0.994
3606.45,-0.091,0.038,0.031,0.994
3606.63,-0.091,0.038,0.031,0.994
3606.81,-0.091,0.038,0.031,0.994
3606.99,-0.091,0.038,0.031,0.994
3607.18,-0.091,0.038,0.031,0.994
3607.36,-0.091,0.038,0.031,0.994
3607.54,-0.091,0.038,0.031,0.994
3607.72,-0.091,0.038,0.031,0.994
3607.91,-0.091,0.038,0.031,0.994
3608.9,-0.091,0.038,0.031,0.994
3608.27,-0.091,0.038,0.031,0.994
3608.45,-0.091,0.038,0.031,0.994
3608.63,-0.091,0.038,0.031,0.994
3608.82,-0.091,0.038,0.031,0.994
3609.0,-0.091,0.038,0.031,0.994
3609.18,-0.091,0.038,0.031,0.994
3609.36,-0.091,0.038,0.031,0.994
3609.55,-0.091,0.038,0.031,0.994
3609.73,-0.091,0.038,0.031,0.994
3609.91,-0.091,0.038,0.031,0.994
3610.9,-0.091,0.038,0.031,0.994
3610.28,-0.091,0.038,0.031,0.994
3612.28,-0.091,0.038,0.031,0.994
3612.46,-0.091,0.038,0.031,0.994
3612.65,-0.091,0.038,0.031,0.994
3612.83,-0.091,0.038,0.031,0.994
3613.1,-0.091,0.038,0.031,0.994
3613.19,-0.091,0.038,0.031,0.994
3613.37,-0.091,0.038,0.031,0.994
3613.56,-0.091,0.038,0.031,0.994
3613.74,-0.091,0.038,0.031,0.994
3613.92,-0.091,0.038,0.031,0.994
3614.1,-0.091,0.038,0.032,0.994
3614.29,-0.091,0.038,0.031,0.994
3614.47,-0.091,0.038,0.031,0.994
3614.65,-0.091,0.038,0.031,0.994
3614.83,-0.091,0.038,0.031,0.994
3615.2,-0.091,0.038,0.031,0.994
3615.2,-0.091,0.038,0.031,0.994
3615.38,-0.091,0.038,0.031,0.994
3615.56,-0.091,0.038,0.031,0.994
3615.75,-0.091,0.038,0.031,0.994
3619.76,-0.091,0.038,0.031,0.994
3619.94,-0.091,0.038,0.031,0.994
3620.12,-0.091,0.038,0.031,0.994
3620.3,-0.092,0.038,0.031,0.994
3620.49,-0.092,0.038,0.031,0.994
3620.67,-0.092,0.038,0.031,0.994
3620.85,-0.092,0.038,0.031,0.994
3621.3,-0.092,0.038,0.031,0.994
3621.21,-0.092,0.038,0.031,0.994
3621.4,-0.092,0.038,0.031,0.994
3621.58,-0.092,0.038,0.032,0.994
3621.76,-0.091,0.038,0.032,0.994
3621.94,-0.091,0.038,0.032,0.994
3622.13,-0.091,0.038,0.032,0.994
3622.31,-0.091,0.038,0.032,0.994
3622.49,-0.091,0.038,0.032,0.994
3623.58,-0.091,0.038,0.032,0.994
3623.77,-0.091,0.038,0.032,0.994
3623.95,-0.091,0.038,0.032,0.994
3624.13,-0.091,0.038,0.032,0.994
3624.31,-0.091,0.038,0.032,0.994
3624.5,-0.091,0.038,0.032,0.994
3624.68,-0.091,0.038,0.032,0.994
3624.86,-0.091,0.038,0.032,0.994
3625.4,-0.091,0.038,0.032,0.994
3625.22,-0.091,0.038,0.032,0.994
3625.41,-0.091,0.038,0.032,0.994
3625.59,-0.091,0.038,0.032,0.994
3625.77,-0.091,0.038,0.031,0.994
3625.95,-0.091,0.038,0.031,0.994
3626.14,-0.091,0.038,0.031,0.994
3627.23,-0.091,0.038,0.032,0.994
3627.41,-0.091,0.038,0.032,0.994
3627.59,-0.091,0.038,0.032,0.994
3627.78,-0.091,0.038,0.032,0.994
3627.96,-0.091,0.038,0.032,0.994
3628.14,-0.091,0.038,0.032,0.994
3628.32,-0.091,0.038,0.032,0.994
3628.51,-0.092,0.038,0.032,0.994
3628.69,-0.092,0.038,0.032,0.994
3628.87,-0.092,0.038,0.032,0.994
3629.5,-0.092,0.038,0.032,0.994
3629.23,-0.092,0.038,0.032,0.994
3629.42,-0.092,0.038,0.032,0.994
3629.6,-0.092,0.038,0.032,0.994
3629.78,-0.092,0.038,0.032,0.994
3629.96,-0.092,0.038,0.032,0.994
3630.15,-0.092,0.038,0.032,0.994
3631.6,-0.091,0.038,0.032,0.994
3631.24,-0.091,0.038,0.032,0.994
3631.42,-0.091,0.038,0.032,0.994
3631.6,-0.091,0.038,0.032,0.994
3631.79,-0.091,0.038,0.032,0.994
3631.97,-0.091,0.038,0.032,0.994
3632.15,-0.091,0.038,0.032,0.994
3632.33,-0.091,0.038,0.032,0.994
3632.52,-0.091,0.038,0.032,0.994
3632.7,-0.091,0.038,0.032,0.994
3632.88,-0.091,0.038,0.032,0.994
3633.6,-0.091,0.038,0.032,0.994
3633.25,-0.091,0.038,0.031,0.994
3633.43,-0.091,0.038,0.032,0.994
3633.61,-0.091,0.038,0.032,0.994
3633.79,-0.091,0.038,0.032,0.994
3633.97,-0.091,0.038,0.032,0.994
3634.16,-0.091,0.038,0.032,0.994
3634.34,-0.091,0.038,0.032,0.994
3634.52,-0.091,0.038,0.032,0.994
3634.7,-0.091,0.038,0.032,0.994
3634.89,-0.091,0.038,0.032,0.994
3635.7,-0.092,0.038,0.032,0.994
3635.25,-0.092,0.038,0.032,0.994
3635.43,-0.092,0.038,0.032,0.994
3635.61,-0.092,0.038,0.032,0.994
3635.8,-0.092,0.038,0.032,0.994
3635.98,-0.092,0.038,0.031,0.994
3636.16,-0.092,0.038,0.031,0.994
3636.34,-0.092,0.038,0.031,0.994
3636.53,-0.092,0.038,0.032,0.994
3636.71,-0.091,0.038,0.032,0.994
3636.89,-0.091,0.038,0.032,0.994
3637.7,-0.091,0.038,0.032,0.994
3637.26,-0.091,0.038,0.032,0.994
3637.44,-0.091,0.038,0.032,0.994
3637.62,-0.091,0.038,0.032,0.994
3637.8,-0.091,0.038,0.032,0.994
3637.98,-0.091,0.038,0.032,0.994
3638.17,-0.091,0.038,0.032,0.994
3638.35,-0.091,0.038,0.032,0.994
3638.53,-0.091,0.038,0.032,0.994
3638.71,-0.091,0.038,0.032,0.994
3638.9,-0.091,0.038,0.032,0.994
3639.8,-0.091,0.038,0.032,0.994
3639.26,-0.091,0.038,0.032,0.994
3639.44,-0.091,0.038,0.032,0.994
3639.63,-0.091,0.038,0.032,0.994
3639.81,-0.091,0.038,0.032,0.994
3639.99,-0.091,0.038,0.032,0.994
3640.17,-0.091,0.038,0.032,0.994
3640.35,-0.091,0.038,0.032,0.994
3642.18,-0.091,0.038,0.032,0.994
3642.36,-0.091,0.038,0.032,0.994
3642.54,-0.091,0.038,0.032,0.994
3642.72,-0.091,0.038,0.032,0.994
3642.91,-0.091,0.038,0.032,0.994
3643.9,-0.091,0.038,0.032,0.994
3643.27,-0.091,0.038,0.032,0.994
3643.45,-0.091,0.038,0.032,0.994
3643.63,-0.091,0.038,0.032,0.994
3643.82,-0.091,0.038,0.032,0.994
3644.0,-0.091,0.038,0.032,0.994
3644.18,-0.091,0.038,0.032,0.994
3650.2,-0.091,0.038,0.032,0.994
3650.38,-0.091,0.038,0.032,0.994
3650.56,-0.091,0.038,0.032,0.994
3650.74,-0.091,0.038,0.032,0.994
3650.93,-0.091,0.038,0.032,0.994
3651.11,-0.091,0.038,0.032,0.994
3651.29,-0.091,0.038,0.032,0.994
3651.47,-0.091,0.038,0.032,0.994
3651.65,-0.091,0.038,0.032,0.994
3651.84,-0.092,0.038,0.032,0.994
3652.2,-0.092,0.038,0.032,0.994
3652.2,-0.092,0.038,0.032,0.994
3652.38,-0.091,0.038,0.032,0.994
3652.57,-0.092,0.038,0.032,0.994
3652.75,-0.092,0.038,0.032,0.994
3652.93,-0.092,0.038,0.032,0.994
3653.11,-0.091,0.038,0.032,0.994
3653.29,-0.092,0.038,0.032,0.994
3653.48,-0.092,0.038,0.032,0.994
3653.66,-0.092,0.038,0.032,0.994
3653.84,-0.092,0.038,0.032,0.994
3654.2,-0.091,0.038,0.032,0.994
3654.21,-0.091,0.038,0.032,0.994
3654.39,-0.091,0.038,0.032,0.994
3654.57,-0.091,0.038,0.032,0.994
3654.75,-0.091,0.038,0.032,0.994
3654.94,-0.091,0.038,0.032,0.994
3655.12,-0.091,0.038,0.032,0.994
3655.3,-0.091,0.038,0.032,0.994
3655.48,-0.091,0.038,0.032,0.994
3655.66,-0.091,0.038,0.032,0.994
3657.3,-0.092,0.038,0.032,0.994
3657.49,-0.092,0.038,0.032,0.994
3657.67,-0.092,0.038,0.032,0.994
3657.85,-0.092,0.038,0.032,0.994
3658.3,-0.092,0.038,0.032,0.994
3658.22,-0.092,0.038,0.032,0.994
3658.4,-0.092,0.038,0.032,0.994
3658.58,-0.092,0.038,0.032,0.994
3658.76,-0.091,0.038,0.032,0.994
3658.95,-0.092,0.038,0.032,0.994
3659.13,-0.091,0.038,0.032,0.994
3659.31,-0.091,0.038,0.032,0.994
3664.78,-0.091,0.038,0.032,0.994
3664.96,-0.091,0.038,0.032,0.994
3665.14,-0.091,0.038,0.032,0.994
3665.32,-0.091,0.038,0.032,0.994
3665.51,-0.091,0.038,0.032,0.994
3665.69,-0.091,0.038,0.032,0.994
3665.87,-0.091,0.038,0.032,0.994
3666.5,-0.091,0.038,0.032,0.994
3666.24,-0.091,0.038,0.032,0.994
3666.42,-0.091,0.038,0.032,0.994
3666.6,-0.091,0.038,0.032,0.994
3666.78,-0.091,0.038,0.032,0.994
3666.97,-0.091,0.038,0.032,0.994
3667.15,-0.091,0.038,0.032,0.994
3667.33,-0.091,0.038,0.032,0.994
3667.51,-0.091,0.038,0.032,0.994
3667.69,-0.091,0.038,0.032,0.994
3667.88,-0.091,0.038,0.032,0.994
3668.6,-0.091,0.038,0.032,0.994
3668.24,-0.091,0.038,0.032,0.994
3668.42,-0.091,0.038,0.032,0.994
3668.61,-0.091,0.038,0.032,0.994
3668.79,-0.091,0.038,0.032,0.994
3668.97,-0.091,0.038,0.032,0.994
3669.15,-0.091,0.038,0.032,0.994
3669.34,-0.091,0.038,0.032,0.994
3669.52,-0.091,0.038,0.032,0.994
3669.7,-0.091,0.038,0.032,0.994
3669.88,-0.091,0.038,0.032,0.994
3670.6,-0.091,0.038,0.032,0.994
3670.25,-0.091,0.038,0.032,0.994
3670.43,-0.091,0.038,0.032,0.994
3670.61,-0.091,0.038,0.032,0.994
3670.79,-0.091,0.038,0.032,0.994
3670.98,-0.091,0.038,0.032,0.994
3671.16,-0.091,0.038,0.032,0.994
3671.34,-0.091,0.038,0.032,0.994
3671.52,-0.091,0.038,0.032,0.994
3671.71,-0.091,0.038,0.032,0.994
3671.89,-0.091,0.038,0.032,0.994
3672.7,-0.092,0.038,0.032,0.994
3672.25,-0.092,0.038,0.032,0.994
3672.43,-0.092,0.038,0.032,0.994
3672.62,-0.092,0.038,0.032,0.994
3672.8,-0.092,0.038,0.032,0.994
3672.98,-0.092,0.038,0.032,0.994
3673.16,-0.092,0.038,0.032,0.994
3673.35,-0.092,0.038,0.032,0.994
3673.53,-0.092,0.038,0.032,0.994
3673.71,-0.092,0.038,0.032,0.994
3673.89,-0.092,0.038,0.032,0.994
3674.7,-0.091,0.038,0.032,0.994
3674.26,-0.091,0.038,0.032,0.994
3674.44,-0.091,0.038,0.032,0.994
3674.62,-0.091,0.038,0.032,0.994
3674.8,-0.091,0.038,0.032,0.994
3674.99,-0.091,0.038,0.032,0.994
3675.17,-0.091,0.038,0.032,0.994
3675.35,-0.092,0.038,0.032,0.994
3675.53,-0.092,0.038,0.032,0.994
3675.71,-0.092,0.038,0.032,0.994
3675.9,-0.092,0.038,0.032,0.994
3676.8,-0.092,0.038,0.032,0.994
3676.26,-0.092,0.038,0.032,0.994
3676.44,-0.092,0.038,0.032,0.994
3676.63,-0.092,0.038,0.032,0.994
3676.81,-0.092,0.038,0.032,0.994
3676.99,-0.092,0.038,0.032,0.994
3677.17,-0.092,0.038,0.032,0.994
3677.36,-0.092,0.038,0.032,0.994
3677.54,-0.092,0.038,0.032,0.994
3677.72,-0.092,0.038,0.032,0.994
3677.9,-0.092,0.038,0.032,0.994
3678.8,-0.092,0.038,0.032,0.994
3678.27,-0.092,0.038,0.032,0.994
3678.45,-0.092,0.038,0.032,0.994
3678.63,-0.092,0.038,0.032,0.994
3678.81,-0.092,0.038,0.032,0.994
3679.0,-0.092,0.038,0.032,0.994
3679.18,-0.092,0.038,0.033,0.994
3679.36,-0.092,0.038,0.033,0.994
3679.54,-0.092,0.038,0.033,0.994
3679.73,-0.092,0.038,0.033,0.994
3679.91,-0.091,0.038,0.033,0.994
3680.9,-0.091,0.037,0.033,0.994
3680.27,-0.091,0.038,0.033,0.994
3680.45,-0.091,0.038,0.033,0.994
3680.64,-0.091,0.038,0.033,0.994
3680.82,-0.091,0.038,0.033,0.994
3681.0,-0.091,0.038,0.033,0.994
3681.18,-0.091,0.038,0.033,0.994
3681.37,-0.091,0.038,0.033,0.994
3681.55,-0.091,0.038,0.033,0.994
3681.73,-0.091,0.037,0.033,0.994
3681.91,-0.091,0.038,0.033,0.994
3682.9,-0.091,0.038,0.033,0.994
3682.28,-0.091,0.038,0.033,0.994
3685.92,-0.092,0.038,0.033,0.994
3686.1,-0.092,0.038,0.033,0.994
3686.29,-0.092,0.038,0.033,0.994
3686.47,-0.092,0.038,0.033,0.994
3686.65,-0.092,0.038,0.033,0.994
3686.83,-0.092,0.038,0.033,0.994
3687.1,-0.092,0.038,0.033,0.994
3687.2,-0.092,0.038,0.033,0.994
3687.38,-0.092,0.038,0.033,0.994
3687.56,-0.092,0.038,0.033,0.994
3687.74,-0.092,0.038,0.033,0.994
3687.93,-0.092,0.038,0.033,0.994
3688.11,-0.092,0.038,0.033,0.994
3688.29,-0.092,0.038,0.033,0.994
3688.47,-0.092,0.038,0.033,0.994
3688.65,-0.092,0.038,0.033,0.994
3688.84,-0.092,0.038,0.033,0.994
3689.2,-0.092,0.038,0.033,0.994
3689.2,-0.092,0.038,0.033,0.994
3689.38,-0.092,0.038,0.033,0.994
3689.57,-0.092,0.038,0.033,0.994
3689.75,-0.092,0.038,0.033,0.994
3689.93,-0.091,0.038,0.033,0.994
3690.11,-0.091,0.038,0.033,0.994
3690.29,-0.091,0.038,0.033,0.994
3690.48,-0.091,0.038,0.033,0.994
3690.66,-0.091,0.038,0.033,0.994
3690.84,-0.091,0.038,0.033,0.994
3691.2,-0.091,0.038,0.033,0.994
3691.21,-0.091,0.038,0.033,0.994
3691.39,-0.091,0.038,0.033,0.994
3691.57,-0.091,0.038,0.033,0.994
3691.75,-0.091,0.038,0.033,0.994
3691.94,-0.091,0.038,0.033,0.994
3692.12,-0.091,0.038,0.033,0.994
3692.3,-0.091,0.038,0.033,0.994
3692.48,-0.091,0.038,0.033,0.994
3692.66,-0.091,0.038,0.033,0.994
3693.76,-0.091,0.038,0.033,0.994
3693.94,-0.091,0.038,0.033,0.994
3694.12,-0.091,0.038,0.033,0.994
3694.3,-0.091,0.038,0.033,0.994
3694.49,-0.091,0.038,0.033,0.994
3694.67,-0.091,0.038,0.033,0.994
3694.85,-0.091,0.038,0.033,0.994
3695.3,-0.091,0.038,0.033,0.994
3695.22,-0.091,0.038,0.033,0.994
3695.4,-0.091,0.038,0.033,0.994
3695.58,-0.091,0.038,0.033,0.994
3700.87,-0.092,0.038,0.033,0.994
3701.5,-0.092,0.038,0.033,0.994
3701.23,-0.092,0.038,0.033,0.994
3701.41,-0.092,0.038,0.033,0.994
3701.6,-0.092,0.038,0.033,0.994
3701.78,-0.092,0.038,0.033,0.994
3701.96,-0.092,0.038,0.033,0.994
3702.14,-0.092,0.038,0.033,0.994
3702.32,-0.092,0.038,0.033,0.994
3702.51,-0.092,0.038,0.033,0.994
3702.69,-0.091,0.038,0.033,0.994
3702.87,-0.091,0.038,0.033,0.994
3703.5,-0.091,0.038,0.033,0.994
3703.24,-0.091,0.038,0.033,0.994
3703.42,-0.091,0.038,0.033,0.994
3703.6,-0.091,0.038,0.033,0.994
3703.78,-0.091,0.038,0.033,0.994
3703.97,-0.091,0.038,0.033,0.994
3704.15,-0.091,0.038,0.033,0.994
3704.33,-0.091,0.038,0.033,0.994
3704.51,-0.091,0.037,0.033,0.994
3704.69,-0.091,0.038,0.033,0.994
3704.88,-0.091,0.038,0.033,0.994
3705.6,-0.091,0.038,0.033,0.994
3705.24,-0.091,0.038,0.033,0.994
3705.42,-0.091,0.038,0.033,0.994
3705.61,-0.091,0.038,0.033,0.994
3705.79,-0.091,0.038,0.033,0.994
3705.97,-0.091,0.038,0.033,0.994
3706.15,-0.091,0.038,0.033,0.994
3706.34,-0.091,0.038,0.033,0.994
3706.52,-0.091,0.038,0.033,0.994
3706.7,-0.091,0.038,0.033,0.994
3706.88,-0.091,0.038,0.033,0.994
3707.6,-0.091,0.038,0.033,0.994
3707.25,-0.091,0.038,0.033,0.994
3707.43,-0.091,0.038,0.033,0.994
3707.61,-0.091,0.038,0.033,0.994
3707.79,-0.091,0.038,0.033,0.994
3707.98,-0.091,0.038,0.033,0.994
3708.16,-0.091,0.038,0.033,0.994
3708.34,-0.091,0.038,0.033,0.994
3708.52,-0.091,0.038,0.033,0.994
3708.7,-0.091,0.038,0.033,0.994
3708.89,-0.091,0.038,0.033,0.994
3709.7,-0.091,0.038,0.033,0.994
3709.25,-0.091,0.038,0.033,0.994
3709.43,-0.091,0.038,0.033,0.994
3709.62,-0.091,0.038,0.033,0.994
3709.8,-0.091,0.038,0.033,0.994
3709.98,-0.091,0.038,0.033,0.994
3710.16,-0.091,0.038,0.033,0.994
3710.35,-0.091,0.038,0.033,0.994
3710.53,-0.091,0.038,0.033,0.994
3710.71,-0.091,0.038,0.033,0.994
3710.89,-0.091,0.038,0.033,0.994
3711.7,-0.091,0.038,0.033,0.994
3711.26,-0.091,0.038,0.033,0.994
3711.44,-0.091,0.038,0.033,0.994
3711.62,-0.091,0.038,0.033,0.994
3711.8,-0.091,0.038,0.033,0.994
3711.99,-0.091,0.038,0.033,0.994
3712.17,-0.091,0.038,0.033,0.994
3712.35,-0.091,0.038,0.033,0.994
3712.53,-0.091,0.038,0.033,0.994
3712.71,-0.091,0.038,0.033,0.994
3712.9,-0.092,0.038,0.033,0.994
3713.8,-0.092,0.038,0.033,0.994
3713.26,-0.091,0.038,0.033,0.994
3713.44,-0.091,0.038,0.033,0.994
3713.63,-0.091,0.038,0.033,0.994
3713.81,-0.091,0.038,0.033,0.994
3713.99,-0.091,0.038,0.033,0.994
3714.17,-0.091,0.038,0.033,0.994
3714.35,-0.091,0.038,0.033,0.994
3714.54,-0.091,0.037,0.033,0.994
3714.72,-0.091,0.038,0.033,0.994
3714.9,-0.091,0.038,0.033,0.994
3715.8,-0.091,0.038,0.033,0.994
3715.27,-0.091,0.038,0.033,0.994
3715.45,-0.091,0.038,0.033,0.994
3715.63,-0.091,0.038,0.033,0.994
3715.81,-0.091,0.038,0.033,0.994
3716.0,-0.091,0.038,0.033,0.994
3716.18,-0.092,0.038,0.033,0.994
3716.36,-0.092,0.038,0.033,0.994
3716.54,-0.091,0.038,0.033,0.994
3716.72,-0.091,0.038,0.033,0.994
3716.91,-0.091,0.038,0.033,0.994
3717.9,-0.092,0.038,0.033,0.994
3717.27,-0.092,0.038,0.033,0.994
3717.45,-0.092,0.038,0.033,0.994
3717.64,-0.092,0.038,0.033,0.994
3717.82,-0.092,0.038,0.033,0.994
3718.0,-0.092,0.038,0.033,0.994
3718.18,-0.092,0.038,0.033,0.994
3718.36,-0.092,0.038,0.033,0.994
3718.55,-0.092,0.038,0.033,0.994
3718.73,-0.092,0.038,0.033,0.994
3718.91,-0.092,0.038,0.033,0.994
3719.9,-0.092,0.038,0.033,0.994
3719.28,-0.092,0.038,0.033,0.994
3719.64,-0.092,0.038,0.033,0.994
3719.82,-0.092,0.038,0.033,0.994
3720.1,-0.092,0.038,0.033,0.994
3720.19,-0.092,0.038,0.033,0.994
3720.37,-0.092,0.038,0.033,0.994
3720.55,-0.092,0.038,0.033,0.994
3720.73,-0.092,0.038,0.033,0.994
3720.92,-0.092,0.038,0.033,0.994
3721.1,-0.092,0.038,0.033,0.994
3721.28,-0.092,0.038,0.033,0.994
3721.46,-0.092,0.038,0.033,0.994
3721.65,-0.092,0.038,0.033,0.994
3726.75,-0.091,0.038,0.033,0.994
3726.93,-0.091,0.038,0.033,0.994
3727.11,-0.091,0.038,0.033,0.994
3727.3,-0.091,0.038,0.033,0.994
3727.48,-0.091,0.038,0.033,0.994
3727.66,-0.091,0.038,0.033,0.994
3727.84,-0.091,0.038,0.033,0.994
3728.3,-0.091,0.038,0.033,0.994
3728.21,-0.091,0.038,0.033,0.994
3728.39,-0.091,0.038,0.033,0.994
3728.57,-0.091,0.038,0.033,0.994
3728.75,-0.091,0.038,0.033,0.994
3728.94,-0.091,0.038,0.033,0.994
3729.12,-0.091,0.038,0.033,0.994
3729.3,-0.091,0.038,0.033,0.994
3729.48,-0.091,0.038,0.033,0.994
3729.67,-0.091,0.038,0.033,0.994
3729.85,-0.091,0.038,0.033,0.994
3730.3,-0.091,0.038,0.033,0.994
3730.21,-0.091,0.038,0.033,0.994
3730.4,-0.091,0.038,0.033,0.994
3730.58,-0.091,0.038,0.033,0.994
3730.76,-0.091,0.038,0.033,0.994
3730.94,-0.091,0.038,0.033,0.994
3731.12,-0.091,0.038,0.033,0.994
3731.31,-0.091,0.038,0.033,0.994
3731.49,-0.091,0.038,0.033,0.994
3731.67,-0.091,0.038,0.033,0.994
3731.85,-0.091,0.038,0.033,0.994
3732.4,-0.091,0.038,0.033,0.994
3732.22,-0.091,0.038,0.033,0.994
3732.4,-0.091,0.038,0.033,0.994
3732.58,-0.091,0.038,0.033,0.994
3732.77,-0.091,0.038,0.033,0.994
3732.95,-0.091,0.038,0.033,0.994
3733.13,-0.091,0.038,0.033,0.994
3733.31,-0.091,0.038,0.033,0.994
3733.49,-0.091,0.038,0.033,0.994
3733.68,-0.091,0.038,0.033,0.994
3733.86,-0.091,0.038,0.033,0.994
3734.4,-0.091,0.038,0.033,0.994
3734.22,-0.091,0.038,0.033,0.994
3734.41,-0.091,0.038,0.033,0.994
3734.59,-0.091,0.038,0.033,0.994
3734.77,-0.091,0.038,0.033,0.994
3734.95,-0.091,0.038,0.033,0.994
3735.14,-0.091,0.038,0.033,0.994
3735.32,-0.091,0.038,0.033,0.994
3735.5,-0.091,0.038,0.033,0.994
3735.68,-0.091,0.038,0.033,0.994
3735.86,-0.091,0.038,0.033,0.994
3736.5,-0.091,0.038,0.033,0.994
3736.23,-0.091,0.038,0.033,0.994
3736.41,-0.091,0.038,0.033,0.994
3736.59,-0.091,0.038,0.033,0.994
3736.78,-0.092,0.038,0.033,0.994
3736.96,-0.092,0.038,0.033,0.994
3737.14,-0.092,0.038,0.033,0.994
3737.32,-0.093,0.037,0.033,0.994
3737.5,-0.093,0.038,0.033,0.994
3739.87,-0.092,0.038,0.033,0.994
3740.6,-0.092,0.037,0.033,0.994
3740.24,-0.092,0.038,0.033,0.994
3740.42,-0.092,0.038,0.033,0.994
3740.6,-0.092,0.038,0.033,0.994
3740.79,-0.092,0.038,0.033,0.994
3740.97,-0.092,0.038,0.033,0.994
3741.15,-0.092,0.038,0.033,0.994
3741.33,-0.092,0.038,0.033,0.994
3741.51,-0.092,0.038,0.033,0.994
3741.7,-0.092,0.038,0.033,0.994
3741.88,-0.092,0.038,0.033,0.994
3742.6,-0.092,0.038,0.033,0.994
3742.24,-0.092,0.038,0.033,0.994
3742.43,-0.092,0.038,0.033,0.994
3742.61,-0.092,0.038,0.033,0.994
3742.79,-0.091,0.038,0.033,0.994
3742.97,-0.091,0.038,0.033,0.994
3743.15,-0.091,0.038,0.033,0.994
3743.34,-0.091,0.038,0.033,0.994
3743.52,-0.091,0.038,0.033,0.994
3743.7,-0.091,0.038,0.033,0.994
3743.88,-0.091,0.038,0.033,0.994
3744.8,-0.091,0.038,0.033,0.994
3744.98,-0.091,0.038,0.033,0.994
3745.16,-0.091,0.038,0.033,0.994
3745.34,-0.091,0.038,0.033,0.994
3745.52,-0.091,0.038,0.033,0.994
3745.71,-0.091,0.038,0.033,0.994
3745.89,-0.091,0.038,0.033,0.994
3746.7,-0.091,0.038,0.033,0.994
3746.25,-0.091,0.038,0.033,0.994
3746.44,-0.091,0.038,0.033,0.994
3746.62,-0.091,0.038,0.033,0.994
3746.8,-0.091,0.038,0.033,0.994
3746.98,-0.091,0.038,0.033,0.994
3747.17,-0.091,0.038,0.033,0.994
3747.35,-0.091,0.038,0.033,0.994
3747.53,-0.091,0.038,0.033,0.994
3747.71,-0.091,0.038,0.033,0.994
3747.89,-0.091,0.038,0.033,0.994
3749.53,-0.092,0.037,0.033,0.994
3749.72,-0.091,0.038,0.033,0.994
3749.9,-0.091,0.037,0.033,0.994
3750.8,-0.091,0.038,0.033,0.994
3750.26,-0.091,0.038,0.033,0.994
3750.45,-0.091,0.038,0.033,0.994
3750.63,-0.091,0.038,0.033,0.994
3750.81,-0.091,0.038,0.033,0.994
3750.99,-0.091,0.038,0.033,0.994
3751.17,-0.091,0.038,0.033,0.994
3751.36,-0.091,0.038,0.033,0.994
3751.54,-0.091,0.038,0.033,0.994
3751.72,-0.091,0.038,0.033,0.994
3751.9,-0.091,0.038,0.033,0.994
3752.9,-0.091,0.038,0.033,0.994
3752.27,-0.091,0.038,0.033,0.994
3752.45,-0.091,0.038,0.033,0.994
3752.63,-0.091,0.038,0.033,0.994
3752.82,-0.091,0.038,0.033,0.994
3753.91,-0.091,0.038,0.033,0.994
3754.9,-0.091,0.038,0.033,0.994
3754.27,-0.091,0.038,0.033,0.994
3754.46,-0.091,0.038,0.033,0.994
3754.64,-0.091,0.038,0.033,0.994
3754.82,-0.091,0.038,0.033,0.994
3755.0,-0.091,0.038,0.033,0.994
3755.18,-0.091,0.038,0.033,0.994
3755.37,-0.091,0.038,0.033,0.994
3755.55,-0.091,0.038,0.033,0.994
3755.73,-0.091,0.038,0.033,0.994
3755.91,-0.091,0.038,0.033,0.994
3761.2,-0.091,0.038,0.033,0.994
3761.38,-0.091,0.038,0.033,0.994
3761.56,-0.091,0.038,0.033,0.994
3761.75,-0.091,0.038,0.033,0.994
3761.93,-0.091,0.038,0.033,0.994
3762.11,-0.091,0.038,0.033,0.994
3762.29,-0.091,0.038,0.033,0.994
3762.48,-0.091,0.038,0.033,0.994
3762.66,-0.091,0.038,0.033,0.994
3762.84,-0.091,0.038,0.033,0.994
3763.2,-0.091,0.038,0.033,0.994
3763.2,-0.091,0.038,0.033,0.994
3763.39,-0.091,0.038,0.033,0.994
3763.57,-0.091,0.038,0.033,0.994
3763.75,-0.091,0.038,0.033,0.994
3763.93,-0.091,0.038,0.033,0.994
3764.12,-0.091,0.038,0.033,0.994
3764.3,-0.091,0.038,0.033,0.994
3764.48,-0.091,0.038,0.033,0.994
3764.66,-0.091,0.038,0.033,0.994
3764.84,-0.091,0.038,0.033,0.994
3768.31,-0.091,0.038,0.034,0.994
3768.49,-0.091,0.038,0.034,0.994
3768.67,-0.091,0.037,0.033,0.994
3768.86,-0.091,0.038,0.033,0.994
3769.4,-0.091,0.038,0.033,0.994
3769.22,-0.091,0.038,0.033,0.994
3769.4,-0.091,0.038,0.034,0.994
3769.58,-0.091,0.038,0.034,0.994
3769.77,-0.091,0.038,0.034,0.994
3769.95,-0.092,0.038,0.034,0.994
3770.13,-0.091,0.038,0.033,0.994
3770.31,-0.091,0.037,0.033,0.994
3770.5,-0.091,0.038,0.034,0.994
3770.68,-0.091,0.038,0.034,0.994
3770.86,-0.091,0.038,0.034,0.994
3771.4,-0.091,0.037,0.034,0.994
3771.23,-0.091,0.038,0.034,0.994
3771.41,-0.091,0.038,0.034,0.994
3771.59,-0.091,0.038,0.034,0.994
3771.77,-0.091,0.038,0.034,0.994
3771.95,-0.091,0.038,0.034,0.994
3772.14,-0.091,0.038,0.034,0.994
3772.32,-0.091,0.038,0.034,0.994
3772.5,-0.091,0.037,0.034,0.994
3772.68,-0.091,0.038,0.034,0.994
3772.87,-0.091,0.037,0.034,0.994
3773.5,-0.091,0.038,0.034,0.994
3773.23,-0.091,0.037,0.034,0.994
3773.41,-0.091,0.038,0.034,0.994
3773.59,-0.091,0.038,0.034,0.994
3773.78,-0.091,0.038,0.034,0.994
3773.96,-0.091,0.038,0.034,0.994
3774.14,-0.091,0.038,0.034,0.994
3774.32,-0.091,0.038,0.034,0.994
3774.51,-0.091,0.038,0.034,0.994
3774.69,-0.091,0.038,0.034,0.994
3777.97,-0.091,0.038,0.034,0.994
3778.15,-0.091,0.038,0.034,0.994
3778.33,-0.092,0.038,0.034,0.994
3778.52,-0.092,0.038,0.034,0.994
3778.7,-0.092,0.037,0.034,0.994
3778.88,-0.092,0.037,0.034,0.994
3779.6,-0.092,0.038,0.034,0.994
3779.25,-0.092,0.038,0.034,0.994
3779.43,-0.092,0.038,0.034,0.994
3779.61,-0.092,0.038,0.034,0.994
3779.79,-0.092,0.038,0.034,0.994
3779.97,-0.092,0.038,0.034,0.994
3780.16,-0.092,0.038,0.034,0.994
3780.34,-0.092,0.037,0.034,0.994
3780.52,-0.092,0.038,0.034,0.994
3780.7,-0.091,0.038,0.034,0.994
3780.89,-0.091,0.038,0.034,0.994
3781.7,-0.091,0.038,0.034,0.994
3781.25,-0.091,0.038,0.034,0.994
3781.43,-0.091,0.038,0.034,0.994
3781.62,-0.091,0.038,0.034,0.994
3781.8,-0.091,0.038,0.034,0.994
3781.98,-0.091,0.038,0.034,0.994
3782.16,-0.091,0.038,0.034,0.994
3783.26,-0.091,0.038,0.034,0.994
3783.44,-0.091,0.038,0.034,0.994
3783.62,-0.091,0.038,0.034,0.994
3783.8,-0.091,0.038,0.034,0.994
3783.99,-0.091,0.038,0.034,0.994
3784.17,-0.091,0.038,0.034,0.994
3784.35,-0.091,0.038,0.034,0.994
3784.53,-0.091,0.038,0.034,0.994
3784.71,-0.091,0.038,0.034,0.994
3784.9,-0.091,0.038,0.034,0.994
3785.8,-0.091,0.038,0.034,0.994
3785.26,-0.091,0.038,0.034,0.994
3790.91,-0.091,0.038,0.034,0.994
3791.9,-0.091,0.038,0.034,0.994
3791.28,-0.091,0.038,0.034,0.994
3791.46,-0.091,0.038,0.034,0.994
3791.64,-0.091,0.038,0.034,0.994
3791.82,-0.091,0.038,0.034,0.994
3792.1,-0.091,0.038,0.034,0.994
3792.19,-0.091,0.038,0.034,0.994
3792.37,-0.091,0.038,0.034,0.994
3792.55,-0.091,0.038,0.034,0.994
3792.73,-0.091,0.037,0.034,0.994
3792.92,-0.091,0.038,0.034,0.994
3793.1,-0.091,0.038,0.034,0.994
3793.28,-0.091,0.038,0.034,0.994
3793.46,-0.091,0.038,0.034,0.994
3793.65,-0.091,0.037,0.034,0.994
3793.83,-0.091,0.038,0.034,0.994
3794.1,-0.091,0.038,0.034,0.994
3794.56,-0.091,0.038,0.034,0.994
3794.74,-0.091,0.038,0.034,0.994
3794.92,-0.091,0.038,0.034,0.994
3795.1,-0.091,0.038,0.034,0.994
3795.29,-0.091,0.038,0.034,0.994
3795.47,-0.091,0.038,0.034,0.994
3795.65,-0.091,0.038,0.034,0.994
3795.83,-0.091,0.038,0.034,0.994
3796.2,-0.091,0.038,0.034,0.994
3796.2,-0.091,0.038,0.034,0.994
3796.38,-0.091,0.038,0.034,0.994
3796.56,-0.091,0.037,0.034,0.994
3796.74,-0.091,0.038,0.034,0.994
3796.93,-0.091,0.038,0.034,0.994
3797.11,-0.091,0.038,0.034,0.994
3797.29,-0.091,0.038,0.034,0.994
3797.47,-0.091,0.038,0.034,0.994
3797.66,-0.091,0.038,0.034,0.994
3797.84,-0.091,0.038,0.034,0.994
3798.2,-0.091,0.038,0.034,0.994
3799.11,-0.091,0.038,0.034,0.994
3799.3,-0.091,0.038,0.034,0.994
3799.48,-0.091,0.038,0.034,0.994
3799.66,-0.091,0.038,0.034,0.994
3799.84,-0.091,0.038,0.034,0.994
3800.2,-0.091,0.038,0.034,0.994
3800.21,-0.091,0.037,0.034,0.994
3800.39,-0.091,0.038,0.034,0.994
3800.57,-0.091,0.038,0.034,0.994
3800.75,-0.091,0.038,0.034,0.994
3800.94,-0.091,0.038,0.034,0.994
3801.12,-0.091,0.038,0.034,0.994
3801.3,-0.091,0.037,0.034,0.994
3801.48,-0.091,0.038,0.034,0.994
3801.67,-0.091,0.038,0.034,0.994
3801.85,-0.091,0.037,0.034,0.994
3802.3,-0.091,0.038,0.034,0.994
3802.21,-0.091,0.038,0.034,0.994
3802.39,-0.091,0.038,0.034,0.994
3802.58,-0.091,0.038,0.034,0.994
3802.76,-0.091,0.038,0.034,0.994
3802.94,-0.091,0.038,0.034,0.994
3803.12,-0.091,0.038,0.034,0.994
3803.31,-0.091,0.038,0.034,0.994
3803.49,-0.091,0.038,0.034,0.994
3803.67,-0.091,0.038,0.034,0.994
3803.85,-0.091,0.038,0.034,0.994
3804.3,-0.091,0.038,0.034,0.994
3804.22,-0.091,0.038,0.034,0.994
3804.4,-0.091,0.038,0.034,0.994
3804.58,-0.091,0.038,0.034,0.994
3804.76,-0.091,0.038,0.034,0.994
3805.86,-0.091,0.037,0.034,0.994
3806.4,-0.091,0.038,0.034,0.994
3806.22,-0.091,0.038,0.034,0.994
3806.4,-0.091,0.038,0.034,0.994
3806.59,-0.091,0.038,0.034,0.994
3806.77,-0.091,0.037,0.034,0.994
3806.95,-0.091,0.038,0.034,0.994
3807.13,-0.091,0.038,0.034,0.994
3807.31,-0.091,0.038,0.034,0.994
3807.5,-0.091,0.038,0.034,0.994
3807.68,-0.091,0.038,0.034,0.994
3807.86,-0.092,0.038,0.034,0.994
3808.4,-0.092,0.038,0.034,0.994
3808.23,-0.092,0.037,0.034,0.994
3808.41,-0.092,0.038,0.034,0.994
3808.59,-0.091,0.037,0.034,0.994
3808.77,-0.091,0.038,0.034,0.994
3808.96,-0.091,0.038,0.034,0.994
3809.14,-0.091,0.038,0.034,0.994
3809.32,-0.091,0.038,0.034,0.994
3809.5,-0.092,0.038,0.034,0.994
3809.68,-0.092,0.038,0.034,0.994
3809.87,-0.092,0.038,0.034,0.994
3810.5,-0.092,0.038,0.034,0.994
3810.23,-0.092,0.038,0.034,0.994
3810.41,-0.092,0.038,0.034,0.994
3810.6,-0.092,0.037,0.034,0.994
3810.78,-0.091,0.038,0.034,0.994
3810.96,-0.091,0.038,0.034,0.994
3812.78,-0.091,0.038,0.034,0.994
3812.96,-0.091,0.038,0.034,0.994
3813.15,-0.091,0.038,0.034,0.994
3813.33,-0.091,0.038,0.034,0.994
3813.51,-0.091,0.038,0.034,0.994
3813.69,-0.091,0.038,0.034,0.994
3813.88,-0.091,0.038,0.034,0.994
3814.6,-0.091,0.038,0.034,0.994
3814.24,-0.091,0.038,0.034,0.994
3814.42,-0.091,0.037,0.034,0.994
3814.6,-0.091,0.038,0.034,0.994
3820.7,-0.092,0.037,0.034,0.994
3820.25,-0.092,0.037,0.034,0.994
3820.44,-0.092,0.038,0.034,0.994
3820.62,-0.092,0.038,0.034,0.994
3820.8,-0.092,0.038,0.034,0.994
3820.98,-0.092,0.038,0.034,0.994
3821.17,-0.092,0.038,0.034,0.994
3821.35,-0.092,0.038,0.034,0.994
3821.53,-0.091,0.038,0.034,0.994
3821.71,-0.091,0.038,0.034,0.994
3821.89,-0.091,0.038,0.034,0.994
3822.8,-0.091,0.038,0.034,0.994
3822.26,-0.091,0.038,0.034,0.994
3822.44,-0.091,0.038,0.034,0.994
3822.62,-0.091,0.038,0.034,0.994
3822.81,-0.091,0.038,0.034,0.994
3822.99,-0.091,0.038,0.034,0.994
3823.17,-0.091,0.038,0.034,0.994
3823.35,-0.091,0.038,0.034,0.994
3823.53,-0.091,0.038,0.034,0.994
3823.72,-0.091,0.038,0.034,0.994
3823.9,-0.091,0.037,0.034,0.994
3824.8,-0.091,0.038,0.034,0.994
3824.26,-0.091,0.038,0.034,0.994
3824.45,-0.091,0.038,0.034,0.994
3824.63,-0.091,0.038,0.034,0.994
3824.81,-0.091,0.038,0.034,0.994
3824.99,-0.091,0.038,0.034,0.994
3825.18,-0.091,0.037,0.034,0.994
3825.36,-0.091,0.038,0.034,0.994
3825.54,-0.091,0.037,0.034,0.994
3825.72,-0.091,0.037,0.034,0.994
3825.9,-0.092,0.038,0.034,0.994
3826.9,-0.092,0.038,0.034,0.994
3826.27,-0.092,0.038,0.034,0.994
3826.45,-0.092,0.038,0.034,0.994
3826.63,-0.092,0.037,0.034,0.994
3826.82,-0.092,0.038,0.034,0.994
3827.0,-0.092,0.038,0.034,0.994
3827.18,-0.092,0.038,0.034,0.994
3827.36,-0.092,0.037,0.034,0.994
3827.54,-0.092,0.038,0.034,0.994
3827.73,-0.092,0.038,0.034,0.994
3827.91,-0.091,0.037,0.034,0.994
3828.9,-0.092,0.037,0.034,0.994
3828.27,-0.091,0.038,0.034,0.994
3828.46,-0.091,0.038,0.034,0.994
3828.64,-0.091,0.038,0.034,0.994
3828.82,-0.091,0.038,0.034,0.994
3829.0,-0.091,0.037,0.034,0.994
3829.19,-0.091,0.038,0.034,0.994
3829.37,-0.091,0.038,0.034,0.994
3829.55,-0.091,0.038,0.034,0.994
3829.73,-0.091,0.038,0.034,0.994
3829.91,-0.091,0.038,0.034,0.994
3830.1,-0.091,0.037,0.034,0.994
3830.28,-0.091,0.038,0.034,0.994
3830.46,-0.091,0.037,0.034,0.994
3830.64,-0.091,0.038,0.034,0.994
3830.83,-0.091,0.038,0.034,0.994
3831.1,-0.091,0.038,0.034,0.994
3831.19,-0.091,0.038,0.034,0.994
3831.37,-0.092,0.038,0.034,0.994
3832.47,-0.093,0.037,0.034,0.994
3832.65,-0.093,0.037,0.034,0.994
3832.83,-0.093,0.037,0.034,0.994
3833.1,-0.093,0.038,0.034,0.994
3833.19,-0.092,0.037,0.034,0.994
3833.38,-0.092,0.037,0.034,0.994
3833.56,-0.092,0.038,0.034,0.994
3833.74,-0.092,0.037,0.034,0.994
3833.92,-0.092,0.037,0.034,0.994
3834.11,-0.091,0.037,0.034,0.994
3834.29,-0.091,0.038,0.034,0.994
3834.47,-0.091,0.038,0.034,0.994
3834.65,-0.091,0.038,0.034,0.994
3834.84,-0.091,0.038,0.034,0.994
3835.2,-0.091,0.038,0.034,0.994
3835.2,-0.091,0.038,0.034,0.994
3835.38,-0.091,0.038,0.034,0.994
3835.56,-0.091,0.037,0.034,0.994
3835.75,-0.091,0.038,0.034,0.994
3835.93,-0.091,0.037,0.034,0.994
3836.11,-0.091,0.038,0.034,0.994
3836.29,-0.091,0.038,0.034,0.994
3836.48,-0.091,0.037,0.034,0.994
3836.66,-0.091,0.037,0.034,0.994
3836.84,-0.091,0.038,0.034,0.994
3837.2,-0.091,0.038,0.034,0.994
3837.21,-0.091,0.038,0.034,0.994
3837.39,-0.091,0.037,0.034,0.994
3837.57,-0.091,0.038,0.034,0.994
3837.75,-0.091,0.037,0.034,0.994
3837.93,-0.091,0.037,0.034,0.994
3838.12,-0.091,0.037,0.034,0.994
3838.3,-0.091,0.038,0.034,0.994
3838.48,-0.091,0.038,0.034,0.994
3838.66,-0.092,0.038,0.034,0.994
3838.85,-0.091,0.038,0.034,0.994
3839.3,-0.091,0.038,0.034,0.994
3839.21,-0.091,0.038,0.034,0.994
3839.39,-0.091,0.038,0.034,0.994
3839.57,-0.091,0.037,0.034,0.994
3839.76,-0.092,0.038,0.034,0.994
3839.94,-0.092,0.038,0.034,0.994
3840.12,-0.092,0.038,0.034,0.994
3840.3,-0.092,0.038,0.034,0.994
3840.49,-0.092,0.037,0.034,0.994
3840.67,-0.092,0.038,0.034,0.994
3840.85,-0.092,0.037,0.034,0.994
3841.3,-0.092,0.037,0.034,0.994
3841.21,-0.092,0.038,0.034,0.994
3841.4,-0.092,0.037,0.034,0.994
3841.58,-0.092,0.037,0.034,0.994
3841.76,-0.092,0.037,0.034,0.994
3841.94,-0.092,0.037,0.034,0.994
3842.13,-0.092,0.037,0.034,0.994
3842.31,-0.092,0.037,0.034,0.994
3842.49,-0.092,0.037,0.034,0.994
3842.67,-0.092,0.037,0.034,0.994
3842.86,-0.092,0.038,0.034,0.994
3843.4,-0.092,0.037,0.034,0.994
3843.22,-0.092,0.038,0.034,0.994
3843.4,-0.092,0.038,0.034,0.994
3843.58,-0.092,0.038,0.034,0.994
3843.77,-0.092,0.037,0.034,0.994
3843.95,-0.091,0.037,0.034,0.994
3844.13,-0.091,0.037,0.034,0.994
3844.31,-0.091,0.038,0.034,0.994
3844.5,-0.091,0.037,0.034,0.994
3844.68,-0.091,0.038,0.034,0.994
3844.86,-0.091,0.037,0.034,0.994
3845.4,-0.091,0.037,0.034,0.994
3845.22,-0.091,0.038,0.034,0.994
3845.41,-0.091,0.037,0.034,0.994
3845.59,-0.091,0.038,0.034,0.994
3845.77,-0.091,0.038,0.034,0.994
3845.95,-0.091,0.038,0.034,0.994
3846.14,-0.091,0.038,0.034,0.994
3846.32,-0.091,0.038,0.034,0.994
3846.5,-0.091,0.038,0.034,0.994
3846.68,-0.091,0.038,0.034,0.994
3847.78,-0.091,0.038,0.034,0.994
3847.96,-0.091,0.037,0.034,0.994
3848.14,-0.091,0.038,0.034,0.994
3848.32,-0.091,0.038,0.034,0.994
3848.51,-0.091,0.038,0.034,0.994
3848.69,-0.091,0.037,0.034,0.994
3848.87,-0.091,0.038,0.034,0.994
3849.5,-0.091,0.038,0.034,0.994
3849.23,-0.091,0.037,0.034,0.994
3849.42,-0.091,0.038,0.034,0.994
3849.6,-0.091,0.037,0.034,0.994
3849.78,-0.091,0.038,0.034,0.994
3849.96,-0.091,0.038,0.034,0.994
3850.15,-0.091,0.037,0.034,0.994
3850.33,-0.091,0.038,0.034,0.994
3850.51,-0.091,0.037,0.034,0.994
3850.69,-0.091,0.038,0.034,0.994
3850.87,-0.091,0.037,0.034,0.994
3851.6,-0.091,0.037,0.034,0.994
3851.24,-0.091,0.037,0.034,0.994
3851.42,-0.091,0.037,0.034,0.994
3851.6,-0.091,0.038,0.034,0.994
3851.79,-0.091,0.037,0.034,0.994
3851.97,-0.091,0.038,0.034,0.994
3852.15,-0.091,0.038,0.034,0.994
3853.6,-0.091,0.038,0.034,0.994
3853.24,-0.091,0.038,0.034,0.994
3853.43,-0.091,0.037,0.034,0.994
3853.61,-0.091,0.038,0.034,0.994
3853.79,-0.091,0.038,0.034,0.994
3853.97,-0.091,0.037,0.034,0.994
3854.16,-0.091,0.038,0.034,0.994
3854.34,-0.092,0.038,0.034,0.994
3854.52,-0.092,0.037,0.034,0.994
3854.7,-0.092,0.037,0.034,0.994
3854.88,-0.092,0.037,0.034,0.994
3860.9,-0.091,0.037,0.034,0.994
3861.8,-0.091,0.037,0.034,0.994
3861.26,-0.091,0.037,0.034,0.994
3861.45,-0.091,0.038,0.034,0.994
3861.63,-0.091,0.037,0.034,0.994
3861.81,-0.091,0.038,0.034,0.994
3861.99,-0.091,0.037,0.034,0.994
3862.17,-0.091,0.038,0.034,0.994
3862.36,-0.091,0.037,0.034,0.994
3862.54,-0.091,0.037,0.034,0.994
3862.72,-0.091,0.037,0.034,0.994
3862.9,-0.091,0.037,0.034,0.994
3863.9,-0.091,0.037,0.034,0.994
3863.27,-0.091,0.037,0.034,0.994
3863.45,-0.091,0.037,0.034,0.994
3863.63,-0.091,0.037,0.034,0.994
3863.81,-0.091,0.037,0.034,0.994
3864.0,-0.091,0.037,0.034,0.994
3864.18,-0.091,0.038,0.034,0.994
3864.36,-0.091,0.038,0.034,0.994
3864.54,-0.091,0.038,0.034,0.994
3864.73,-0.091,0.037,0.035,0.994
3864.91,-0.091,0.037,0.034,0.994
3865.9,-0.091,0.037,0.034,0.994
3865.27,-0.091,0.038,0.035,0.994
3865.46,-0.091,0.038,0.034,0.994
3865.64,-0.091,0.037,0.034,0.994
3865.82,-0.091,0.038,0.034,0.994
3866.0,-0.091,0.038,0.034,0.994
3866.18,-0.091,0.038,0.034,0.994
3866.37,-0.091,0.038,0.034,0.994
3866.55,-0.092,0.037,0.034,0.994
3866.73,-0.092,0.038,0.034,0.994
3866.91,-0.091,0.038,0.034,0.994
3867.1,-0.091,0.037,0.035,0.994
3867.28,-0.091,0.038,0.034,0.994
3867.46,-0.091,0.037,0.034,0.994
3867.64,-0.091,0.037,0.034,0.994
3867.82,-0.091,0.037,0.034,0.994
3868.1,-0.091,0.037,0.034,0.994
3868.19,-0.091,0.037,0.034,0.994
3868.37,-0.091,0.037,0.034,0.994
3868.55,-0.091,0.037,0.034,0.994
3868.74,-0.091,0.037,0.034,0.994
3872.38,-0.091,0.037,0.035,0.994
3872.56,-0.091,0.038,0.035,0.994
3872.75,-0.091,0.038,0.034,0.994
3872.93,-0.091,0.038,0.035,0.994
3873.11,-0.091,0.037,0.034,0.994
3873.29,-0.091,0.037,0.034,0.994
3873.47,-0.091,0.037,0.034,0.994
3873.66,-0.091,0.038,0.035,0.994
3873.84,-0.091,0.037,0.035,0.994
3874.2,-0.091,0.037,0.035,0.994
3874.2,-0.091,0.037,0.035,0.994
3874.39,-0.091,0.037,0.035,0.994
3874.57,-0.091,0.037,0.035,0.994
3874.75,-0.091,0.038,0.035,0.994
3874.93,-0.091,0.038,0.035,0.994
3875.11,-0.091,0.037,0.034,0.994
3875.3,-0.091,0.037,0.034,0.994
3875.48,-0.091,0.038,0.034,0.994
3875.66,-0.091,0.037,0.034,0.994
3875.84,-0.091,0.037,0.034,0.994
3876.3,-0.091,0.037,0.034,0.994
3876.21,-0.091,0.037,0.034,0.994
3876.39,-0.091,0.037,0.034,0.994
3876.57,-0.091,0.037,0.034,0.994
3876.76,-0.091,0.037,0.034,0.994
3876.94,-0.091,0.037,0.034,0.994
3877.12,-0.091,0.037,0.034,0.994
3877.3,-0.091,0.037,0.034,0.994
3877.48,-0.091,0.037,0.034,0.994
3877.67,-0.091,0.037,0.034,0.994
3877.85,-0.091,0.037,0.034,0.994
3878.3,-0.091,0.038,0.034,0.994
3879.12,-0.091,0.038,0.034,0.994
3879.31,-0.091,0.037,0.034,0.994
3879.49,-0.091,0.038,0.035,0.994
3879.67,-0.091,0.038,0.035,0.994
3879.85,-0.091,0.038,0.035,0.994
3880.4,-0.091,0.037,0.035,0.994
3880.22,-0.091,0.037,0.035,0.994
3880.4,-0.091,0.037,0.035,0.994
3880.58,-0.091,0.038,0.035,0.994
3880.77,-0.091,0.038,0.035,0.994
3880.95,-0.091,0.038,0.035,0.994
3881.13,-0.091,0.038,0.035,0.994
3886.6,-0.092,0.038,0.035,0.994
3886.78,-0.091,0.038,0.035,0.994
3886.96,-0.091,0.038,0.035,0.994
3887.14,-0.092,0.037,0.035,0.994
3887.33,-0.091,0.038,0.035,0.994
3887.51,-0.091,0.037,0.035,0.994
3887.69,-0.091,0.038,0.035,0.994
3887.87,-0.091,0.037,0.035,0.994
3888.5,-0.091,0.038,0.035,0.994
3888.24,-0.091,0.038,0.035,0.994
3888.42,-0.091,0.038,0.035,0.994
3888.6,-0.091,0.038,0.035,0.994
3888.78,-0.091,0.037,0.035,0.994
3888.97,-0.091,0.037,0.035,0.994
3889.15,-0.091,0.038,0.035,0.994
3889.33,-0.091,0.037,0.035,0.994
3889.51,-0.091,0.038,0.035,0.994
3889.7,-0.091,0.037,0.035,0.994
3889.88,-0.091,0.037,0.035,0.994
3890.6,-0.091,0.038,0.035,0.994
3890.24,-0.092,0.037,0.035,0.994
3890.42,-0.092,0.038,0.035,0.994
3890.61,-0.092,0.037,0.035,0.994
3890.79,-0.092,0.037,0.035,0.994
3890.97,-0.092,0.037,0.035,0.994
3891.15,-0.092,0.038,0.035,0.994
3891.34,-0.092,0.038,0.035,0.994
3891.52,-0.092,0.037,0.035,0.994
3891.7,-0.092,0.038,0.035,0.994
3891.88,-0.092,0.037,0.035,0.994
3892.6,-0.092,0.038,0.035,0.994
3892.25,-0.091,0.037,0.035,0.994
3892.43,-0.092,0.037,0.035,0.994
3893.52,-0.092,0.038,0.035,0.994
3893.7,-0.092,0.037,0.035,0.994
3893.89,-0.091,0.037,0.035,0.994
3894.7,-0.092,0.037,0.035,0.994
3894.25,-0.091,0.038,0.035,0.994
3894.43,-0.091,0.038,0.035,0.994
3894.62,-0.092,0.037,0.035,0.994
3894.8,-0.091,0.037,0.035,0.994
3894.98,-0.091,0.037,0.035,0.994
3895.16,-0.091,0.038,0.035,0.994
3895.35,-0.091,0.037,0.035,0.994
3901.54,-0.091,0.038,0.036,0.994
3901.72,-0.091,0.037,0.036,0.994
3901.91,-0.092,0.037,0.036,0.994
3902.9,-0.092,0.037,0.036,0.994
3902.27,-0.092,0.037,0.036,0.994
3902.45,-0.092,0.037,0.036,0.994
3902.64,-0.092,0.037,0.036,0.994
3902.82,-0.091,0.037,0.036,0.994
3903.0,-0.091,0.037,0.036,0.994
3903.18,-0.091,0.037,0.036,0.994
3903.36,-0.091,0.037,0.036,0.994
3903.55,-0.092,0.037,0.036,0.994
3903.73,-0.091,0.037,0.036,0.994
3903.91,-0.091,0.037,0.036,0.994
3904.9,-0.092,0.037,0.036,0.994
3904.28,-0.092,0.037,0.036,0.994
3904.46,-0.092,0.037,0.036,0.994
3904.64,-0.092,0.037,0.036,0.994
3904.82,-0.092,0.037,0.036,0.994
3905.0,-0.091,0.038,0.036,0.994
3905.19,-0.092,0.037,0.036,0.994
3905.37,-0.091,0.037,0.036,0.994
3905.55,-0.091,0.037,0.036,0.994
3905.73,-0.092,0.037,0.036,0.994
3905.92,-0.092,0.037,0.036,0.994
3906.1,-0.092,0.037,0.036,0.994
3906.28,-0.091,0.037,0.036,0.994
3906.46,-0.091,0.037,0.036,0.994
3906.64,-0.091,0.037,0.036,0.994
3906.83,-0.091,0.037,0.036,0.994
3907.1,-0.091,0.037,0.036,0.994
3907.19,-0.091,0.037,0.037,0.994
3907.37,-0.091,0.037,0.036,0.994
3907.56,-0.091,0.037,0.036,0.994
3907.74,-0.091,0.037,0.036,0.994
3907.92,-0.091,0.037,0.036,0.994
3908.1,-0.091,0.037,0.036,0.994
3908.28,-0.091,0.037,0.036,0.994
3908.47,-0.091,0.037,0.036,0.994
3908.65,-0.091,0.037,0.036,0.994
3908.83,-0.091,0.037,0.036,0.994
3909.1,-0.091,0.037,0.036,0.994
3909.2,-0.091,0.037,0.036,0.994
3909.38,-0.091,0.037,0.036,0.994
3909.56,-0.091,0.037,0.036,0.994
3909.74,-0.091,0.037,0.036,0.994
3909.93,-0.091,0.037,0.036,0.994
3910.11,-0.091,0.037,0.036,0.994
3910.29,-0.091,0.037,0.037,0.994
3910.47,-0.091,0.037,0.036,0.994
3910.65,-0.091,0.038,0.036,0.994
3910.84,-0.091,0.037,0.036,0.994
3911.2,-0.091,0.037,0.037,0.994
3911.2,-0.091,0.037,0.037,0.994
3911.38,-0.091,0.037,0.037,0.994
3911.57,-0.091,0.037,0.037,0.994
3915.21,-0.091,0.037,0.037,0.994
3915.39,-0.091,0.037,0.037,0.994
3915.58,-0.091,0.037,0.037,0.994
3915.76,-0.091,0.037,0.037,0.994
3915.94,-0.091,0.037,0.037,0.994
3916.12,-0.091,0.037,0.037,0.994
3916.3,-0.091,0.037,0.037,0.994
3916.49,-0.091,0.037,0.037,0.994
3916.67,-0.091,0.037,0.037,0.994
3916.85,-0.091,0.037,0.037,0.994
3917.3,-0.091,0.037,0.037,0.994
3917.22,-0.091,0.037,0.037,0.994
3923.5,-0.091,0.037,0.037,0.994
3923.23,-0.091,0.037,0.037,0.994
3923.41,-0.091,0.037,0.037,0.994
3923.59,-0.091,0.037,0.037,0.994
3923.78,-0.091,0.037,0.037,0.994
3923.96,-0.091,0.037,0.037,0.994
3924.14,-0.091,0.037,0.037,0.994
3924.32,-0.091,0.037,0.037,0.994
3924.51,-0.091,0.037,0.037,0.994
3924.69,-0.091,0.037,0.037,0.994
3924.87,-0.091,0.037,0.037,0.994
3925.5,-0.091,0.037,0.037,0.994
3925.23,-0.091,0.037,0.037,0.994
3925.42,-0.091,0.037,0.037,0.994
3925.6,-0.091,0.037,0.037,0.994
3925.78,-0.091,0.037,0.037,0.994
3925.96,-0.091,0.037,0.037,0.994
3926.15,-0.091,0.037,0.037,0.994
3926.33,-0.091,0.037,0.037,0.994
3926.51,-0.091,0.037,0.037,0.994
3926.69,-0.091,0.037,0.037,0.994
3926.88,-0.091,0.037,0.037,0.994
3927.6,-0.091,0.037,0.037,0.994
3927.24,-0.091,0.037,0.037,0.994
3927.42,-0.091,0.037,0.037,0.994
3927.6,-0.091,0.037,0.037,0.994
3927.79,-0.091,0.037,0.037,0.994
3927.97,-0.091,0.037,0.037,0.994
3928.15,-0.091,0.037,0.037,0.994
3928.33,-0.091,0.037,0.037,0.994
3928.52,-0.091,0.037,0.037,0.994
3928.7,-0.091,0.037,0.037,0.994
3928.88,-0.091,0.037,0.037,0.994
3929.79,-0.091,0.037,0.037,0.994
3929.97,-0.091,0.037,0.037,0.994
3930.16,-0.091,0.037,0.037,0.994
3930.34,-0.091,0.037,0.037,0.994
3930.52,-0.091,0.037,0.037,0.994
3930.7,-0.091,0.037,0.037,0.994
3930.88,-0.091,0.037,0.037,0.994
3931.7,-0.091,0.037,0.037,0.994
3931.25,-0.092,0.037,0.037,0.994
3931.43,-0.091,0.037,0.037,0.994
3931.61,-0.091,0.037,0.037,0.994
3931.8,-0.091,0.037,0.037,0.994
3931.98,-0.091,0.037,0.037,0.994
3932.16,-0.091,0.037,0.037,0.994
3932.34,-0.091,0.037,0.037,0.994
3932.53,-0.092,0.037,0.037,0.994
3932.71,-0.091,0.037,0.037,0.994
3932.89,-0.092,0.037,0.037,0.994
3933.7,-0.092,0.037,0.037,0.994
3933.25,-0.092,0.037,0.037,0.994
3933.44,-0.092,0.037,0.037,0.994
3933.62,-0.092,0.037,0.037,0.994
3933.8,-0.092,0.037,0.037,0.994
3933.98,-0.092,0.037,0.037,0.994
3934.17,-0.092,0.037,0.037,0.994
3934.35,-0.092,0.037,0.037,0.994
3934.53,-0.092,0.037,0.037,0.994
3934.71,-0.092,0.037,0.037,0.994
3934.89,-0.092,0.037,0.037,0.994
3935.8,-0.092,0.037,0.037,0.994
3935.26,-0.092,0.037,0.037,0.994
3935.44,-0.092,0.037,0.037,0.994
3935.62,-0.092,0.037,0.037,0.994
3935.81,-0.092,0.037,0.037,0.994
3935.99,-0.091,0.037,0.037,0.994
3936.17,-0.091,0.037,0.037,0.994
3936.35,-0.091,0.037,0.037,0.994
3936.54,-0.091,0.037,0.037,0.994
3936.72,-0.091,0.037,0.037,0.994
3936.9,-0.091,0.037,0.037,0.994
3937.8,-0.091,0.037,0.037,0.994
3937.26,-0.091,0.037,0.037,0.994
3937.45,-0.091,0.037,0.037,0.994
3937.63,-0.091,0.037,0.037,0.994
3937.81,-0.091,0.037,0.037,0.994
3937.99,-0.091,0.037,0.037,0.994
3938.18,-0.091,0.037,0.037,0.994
3938.36,-0.091,0.037,0.037,0.994
3938.54,-0.091,0.037,0.037,0.994
3938.72,-0.091,0.037,0.037,0.994
3938.9,-0.091,0.037,0.037,0.994
3939.9,-0.091,0.037,0.037,0.994
3939.27,-0.091,0.037,0.037,0.994
3939.45,-0.091,0.037,0.037,0.994
3939.63,-0.091,0.037,0.037,0.994
3939.82,-0.091,0.037,0.037,0.994
3940.0,-0.091,0.037,0.037,0.994
3940.18,-0.091,0.037,0.037,0.994
3940.36,-0.091,0.037,0.037,0.994
3940.54,-0.091,0.037,0.037,0.994
3940.73,-0.091,0.037,0.037,0.994
3940.91,-0.091,0.037,0.037,0.994
3941.9,-0.091,0.037,0.037,0.994
3941.27,-0.091,0.037,0.037,0.994
3941.46,-0.091,0.037,0.037,0.994
3941.64,-0.091,0.037,0.037,0.994
3941.82,-0.091,0.037,0.037,0.994
3942.0,-0.091,0.037,0.037,0.994
3942.18,-0.091,0.037,0.037,0.994
3942.37,-0.091,0.037,0.037,0.994
3942.55,-0.091,0.037,0.037,0.994
3942.73,-0.091,0.037,0.037,0.994
3942.91,-0.091,0.037,0.037,0.994
3946.56,-0.091,0.037,0.037,0.994
3946.74,-0.091,0.037,0.037,0.994
3946.92,-0.091,0.037,0.037,0.994
3947.1,-0.091,0.037,0.037,0.994
3947.29,-0.091,0.037,0.037,0.994
3947.47,-0.091,0.037,0.037,0.994
3947.65,-0.091,0.037,0.037,0.994
3947.83,-0.091,0.037,0.037,0.994
3948.2,-0.091,0.037,0.037,0.994
3948.2,-0.091,0.037,0.037,0.994
3948.38,-0.091,0.037,0.037,0.994
3948.56,-0.091,0.037,0.037,0.994
3948.75,-0.091,0.037,0.037,0.994
3948.93,-0.091,0.037,0.037,0.994
3949.11,-0.091,0.037,0.037,0.994
3949.29,-0.091,0.037,0.037,0.994
3949.47,-0.091,0.037,0.037,0.994
3949.66,-0.091,0.037,0.037,0.994
3949.84,-0.091,0.037,0.037,0.994
3950.2,-0.091,0.037,0.037,0.994
3950.2,-0.091,0.037,0.037,0.994
3950.39,-0.091,0.037,0.037,0.994
3950.57,-0.091,0.037,0.037,0.994
3950.75,-0.091,0.037,0.037,0.994
3950.93,-0.091,0.037,0.037,0.994
3951.11,-0.091,0.037,0.037,0.994
3951.3,-0.091,0.037,0.037,0.994
3951.48,-0.091,0.037,0.037,0.994
3951.66,-0.092,0.037,0.037,0.994
3951.84,-0.092,0.037,0.037,0.994
3952.3,-0.092,0.037,0.037,0.994
3952.21,-0.092,0.037,0.037,0.994
3952.39,-0.092,0.037,0.037,0.994
3952.57,-0.092,0.037,0.037,0.994
3952.75,-0.092,0.037,0.037,0.994
3952.94,-0.091,0.037,0.037,0.994
3953.12,-0.091,0.037,0.037,0.994
3953.3,-0.091,0.037,0.037,0.994
3953.48,-0.091,0.037,0.037,0.994
3953.67,-0.091,0.037,0.037,0.994
3953.85,-0.091,0.037,0.037,0.994
3954.3,-0.091,0.037,0.037,0.994
3954.21,-0.091,0.037,0.037,0.994
3954.39,-0.091,0.037,0.037,0.994
3954.58,-0.091,0.037,0.037,0.994
3954.76,-0.091,0.037,0.037,0.994
3954.94,-0.091,0.037,0.037,0.994
3955.12,-0.091,0.037,0.037,0.994
3955.31,-0.091,0.037,0.037,0.994
3955.49,-0.091,0.037,0.037,0.994
3955.67,-0.091,0.037,0.037,0.994
3955.85,-0.091,0.037,0.037,0.994
3956.3,-0.091,0.037,0.037,0.994
3956.22,-0.091,0.037,0.037,0.994
3956.4,-0.091,0.037,0.037,0.994
3956.58,-0.091,0.037,0.037,0.994
3956.76,-0.091,0.037,0.037,0.994
3956.95,-0.091,0.037,0.037,0.994
3957.13,-0.091,0.037,0.037,0.994
3957.31,-0.091,0.037,0.037,0.994
3957.49,-0.091,0.037,0.037,0.994
3957.67,-0.091,0.037,0.037,0.994
3957.86,-0.091,0.037,0.037,0.994
3958.4,-0.091,0.037,0.037,0.994
3958.22,-0.091,0.037,0.037,0.994
3960.23,-0.091,0.037,0.037,0.994
3960.41,-0.092,0.037,0.037,0.994
3960.59,-0.091,0.037,0.037,0.994
3960.77,-0.091,0.037,0.037,0.994
3960.96,-0.091,0.037,0.037,0.994
3961.14,-0.091,0.037,0.037,0.994
3961.32,-0.092,0.037,0.037,0.994
3961.5,-0.092,0.037,0.037,0.994
3961.68,-0.092,0.037,0.037,0.994
3961.87,-0.092,0.037,0.037,0.994
3962.5,-0.092,0.037,0.037,0.994
3962.23,-0.092,0.037,0.037,0.994
3962.41,-0.092,0.037,0.037,0.994
3962.6,-0.092,0.037,0.037,0.994
3962.78,-0.092,0.037,0.037,0.994
3962.96,-0.092,0.037,0.037,0.994
3963.14,-0.092,0.037,0.037,0.994
3963.32,-0.092,0.037,0.037,0.994
3963.51,-0.092,0.037,0.037,0.994
3963.69,-0.092,0.037,0.037,0.994
3963.87,-0.092,0.037,0.037,0.994
3964.5,-0.092,0.037,0.037,0.994
3964.24,-0.092,0.037,0.037,0.994
3964.42,-0.092,0.037,0.037,0.994
3964.6,-0.093,0.037,0.037,0.994
3964.78,-0.093,0.037,0.037,0.994
3964.97,-0.093,0.037,0.037,0.994
3965.15,-0.092,0.037,0.037,0.994
3965.33,-0.092,0.037,0.037,0.994
3965.51,-0.092,0.037,0.037,0.994
3965.69,-0.092,0.037,0.037,0.994
3965.88,-0.092,0.037,0.037,0.994
3966.6,-0.092,0.037,0.037,0.994
3966.24,-0.092,0.037,0.037,0.994
3966.42,-0.092,0.037,0.037,0.994
3966.61,-0.092,0.037,0.037,0.994
3966.79,-0.092,0.037,0.037,0.994
3966.97,-0.092,0.037,0.037,0.994
3967.15,-0.091,0.037,0.037,0.994
3967.33,-0.091,0.037,0.037,0.994
3967.52,-0.091,0.037,0.037,0.994
3967.7,-0.091,0.037,0.037,0.994
3967.88,-0.091,0.037,0.037,0.994
3968.6,-0.091,0.037,0.037,0.994
3969.16,-0.091,0.037,0.037,0.994
3969.34,-0.091,0.037,0.037,0.994
3969.52,-0.091,0.037,0.037,0.994
3969.7,-0.091,0.037,0.037,0.994
3969.89,-0.091,0.037,0.037,0.994
3970.7,-0.091,0.037,0.037,0.994
3970.25,-0.091,0.037,0.037,0.994
3970.43,-0.091,0.037,0.037,0.994
3970.62,-0.091,0.037,0.037,0.994
3970.8,-0.091,0.037,0.037,0.994
3970.98,-0.091,0.037,0.037,0.994
3971.16,-0.091,0.037,0.037,0.994
3971.34,-0.091,0.037,0.037,0.994
3971.53,-0.091,0.037,0.037,0.994
3971.71,-0.091,0.037,0.037,0.994
3971.89,-0.091,0.037,0.037,0.994
3972.7,-0.091,0.037,0.037,0.994
3972.26,-0.091,0.037,0.037,0.994
3972.44,-0.091,0.037,0.037,0.994
3972.62,-0.091,0.037,0.037,0.994
3972.8,-0.091,0.037,0.037,0.994
3977.18,-0.091,0.037,0.037,0.994
3977.36,-0.091,0.037,0.037,0.994
3977.54,-0.091,0.037,0.037,0.994
3977.72,-0.091,0.037,0.037,0.994
3977.91,-0.091,0.037,0.037,0.994
3978.9,-0.091,0.037,0.037,0.994
3978.27,-0.091,0.037,0.037,0.994
3978.45,-0.091,0.037,0.037,0.994
3978.64,-0.091,0.037,0.037,0.994
3978.82,-0.091,0.037,0.037,0.994
3979.0,-0.091,0.037,0.037,0.994
3979.18,-0.091,0.037,0.037,0.994
3979.36,-0.091,0.037,0.037,0.994
3979.55,-0.091,0.037,0.037,0.994
3979.73,-0.091,0.037,0.037,0.994
3979.91,-0.091,0.037,0.037,0.994
3980.9,-0.091,0.037,0.037,0.994
3980.28,-0.091,0.037,0.037,0.994
3980.46,-0.091,0.037,0.037,0.994
3980.64,-0.091,0.037,0.037,0.994
3980.82,-0.091,0.037,0.037,0.994
3981.0,-0.091,0.037,0.037,0.994
3981.19,-0.091,0.037,0.037,0.994
3981.37,-0.091,0.037,0.037,0.994
3981.55,-0.091,0.037,0.037,0.994
3981.73,-0.091,0.037,0.037,0.994
3981.92,-0.091,0.037,0.037,0.994
3982.1,-0.092,0.037,0.037,0.994
3982.28,-0.092,0.037,0.037,0.994
3982.46,-0.092,0.037,0.037,0.994
3982.65,-0.091,0.037,0.037,0.994
3982.83,-0.091,0.037,0.037,0.994
3983.1,-0.092,0.037,0.037,0.994
3983.19,-0.092,0.037,0.037,0.994
3983.37,-0.092,0.037,0.037,0.994
3983.56,-0.092,0.037,0.037,0.994
3983.74,-0.092,0.037,0.037,0.994
3983.92,-0.092,0.037,0.037,0.994
3984.1,-0.092,0.037,0.037,0.994
3984.29,-0.092,0.037,0.037,0.994
3984.47,-0.092,0.037,0.037,0.994
3984.65,-0.092,0.037,0.037,0.994
3984.83,-0.091,0.037,0.037,0.994
3985.2,-0.091,0.037,0.037,0.994
3985.2,-0.091,0.037,0.037,0.994
3985.38,-0.091,0.037,0.037,0.994
3985.56,-0.091,0.037,0.037,0.994
3985.74,-0.091,0.037,0.037,0.994
3985.93,-0.091,0.037,0.037,0.994
3986.11,-0.091,0.037,0.037,0.994
3986.29,-0.091,0.037,0.037,0.994
3986.47,-0.091,0.037,0.037,0.994
3986.66,-0.091,0.037,0.037,0.994
3986.84,-0.091,0.037,0.037,0.994
3987.2,-0.091,0.037,0.037,0.994
3987.2,-0.091,0.037,0.037,0.994
3987.38,-0.091,0.037,0.037,0.994
3987.57,-0.092,0.037,0.037,0.994
3987.75,-0.092,0.037,0.037,0.994
3987.93,-0.092,0.037,0.037,0.994
3988.11,-0.092,0.037,0.037,0.994
3988.3,-0.092,0.037,0.037,0.994
3988.48,-0.092,0.037,0.037,0.994
3988.66,-0.092,0.037,0.037,0.994
3988.84,-0.092,0.037,0.037,0.994
3989.3,-0.092,0.037,0.037,0.994
3989.21,-0.092,0.037,0.037,0.994
3989.39,-0.092,0.037,0.037,0.994
3989.57,-0.092,0.037,0.037,0.994
3989.75,-0.092,0.037,0.037,0.994
3989.94,-0.092,0.037,0.037,0.994
3990.12,-0.092,0.037,0.037,0.994
3990.3,-0.092,0.037,0.037,0.994
3990.48,-0.092,0.037,0.037,0.994
3990.67,-0.092,0.037,0.037,0.994
3990.85,-0.091,0.037,0.037,0.994
3991.3,-0.092,0.037,0.037,0.994
3991.21,-0.092,0.037,0.037,0.994
3991.4,-0.092,0.037,0.037,0.994
3991.58,-0.092,0.037,0.037,0.994
3991.76,-0.092,0.037,0.037,0.994
3991.94,-0.092,0.037,0.037,0.994
3992.12,-0.092,0.037,0.037,0.994
3992.31,-0.092,0.037,0.037,0.994
3992.49,-0.092,0.037,0.037,0.994
3992.67,-0.092,0.037,0.037,0.994
3992.85,-0.092,0.037,0.037,0.994
3993.4,-0.092,0.037,0.037,0.994
3993.22,-0.092,0.037,0.037,0.994
3993.4,-0.092,0.037,0.037,0.994
3993.58,-0.092,0.037,0.037,0.994
3993.77,-0.092,0.037,0.037,0.994
3993.95,-0.092,0.037,0.037,0.994
3994.13,-0.092,0.037,0.037,0.994
3994.31,-0.091,0.037,0.037,0.994
3994.49,-0.091,0.037,0.037,0.994
3994.68,-0.091,0.037,0.037,0.994
3994.86,-0.091,0.037,0.037,0.994
3995.4,-0.091,0.037,0.037,0.994
3995.22,-0.091,0.037,0.037,0.994
3995.41,-0.091,0.037,0.037,0.994
3995.59,-0.092,0.037,0.037,0.994
3995.77,-0.092,0.037,0.037,0.994
3995.95,-0.092,0.037,0.037,0.994
3996.14,-0.092,0.037,0.037,0.994
3996.32,-0.092,0.037,0.037,0.994
3996.5,-0.092,0.037,0.037,0.994
3996.68,-0.092,0.037,0.037,0.994
3996.86,-0.092,0.037,0.037,0.994
3997.96,-0.092,0.037,0.037,0.994
3998.14,-0.092,0.037,0.037,0.994
3998.32,-0.092,0.037,0.037,0.994
3998.51,-0.092,0.037,0.037,0.994
3998.69,-0.092,0.037,0.037,0.994
3998.87,-0.092,0.037,0.037,0.994
3999.5,-0.092,0.037,0.037,0.994
3999.23,-0.091,0.037,0.037,0.994
3999.42,-0.092,0.037,0.037,0.994
3999.6,-0.091,0.037,0.037,0.994
3999.78,-0.091,0.037,0.037,0.994
4005.25,-0.091,0.037,0.037,0.994
4005.43,-0.091,0.037,0.037,0.994
4005.61,-0.091,0.037,0.037,0.994
4005.8,-0.091,0.037,0.037,0.994
4005.98,-0.091,0.037,0.037,0.994
4006.16,-0.091,0.037,0.037,0.994
4006.34,-0.091,0.037,0.037,0.994
4006.53,-0.091,0.037,0.037,0.994
4006.71,-0.091,0.037,0.037,0.994
4006.89,-0.091,0.037,0.037,0.994
4007.7,-0.091,0.037,0.037,0.994
4007.26,-0.091,0.037,0.037,0.994
4007.44,-0.091,0.037,0.037,0.994
4007.62,-0.091,0.037,0.037,0.994
4007.8,-0.091,0.037,0.037,0.994
4007.98,-0.091,0.037,0.037,0.994
4008.17,-0.091,0.037,0.037,0.994
4008.35,-0.091,0.037,0.037,0.994
4008.53,-0.091,0.037,0.037,0.994
4008.71,-0.091,0.037,0.037,0.994
4008.9,-0.091,0.037,0.037,0.994
4009.8,-0.091,0.037,0.037,0.994
4009.26,-0.091,0.037,0.037,0.994
4009.44,-0.091,0.037,0.037,0.994
4009.62,-0.091,0.037,0.037,0.994
4009.81,-0.091,0.037,0.037,0.994
4009.99,-0.091,0.037,0.037,0.994
4010.17,-0.091,0.037,0.037,0.994
4010.35,-0.091,0.037,0.037,0.994
4010.54,-0.091,0.037,0.037,0.994
4010.72,-0.091,0.037,0.037,0.994
4010.9,-0.091,0.037,0.037,0.994
4011.8,-0.091,0.037,0.037,0.994
4011.27,-0.092,0.037,0.037,0.994
4011.45,-0.092,0.037,0.037,0.994
4011.63,-0.092,0.037,0.037,0.994
4011.81,-0.092,0.037,0.037,0.994
4011.99,-0.092,0.037,0.037,0.994
4012.18,-0.092,0.037,0.037,0.994
4012.36,-0.092,0.037,0.037,0.994
4012.54,-0.092,0.037,0.037,0.994
4014.18,-0.091,0.037,0.037,0.994
4014.36,-0.091,0.037,0.037,0.994
4014.55,-0.091,0.037,0.037,0.994
4014.73,-0.092,0.037,0.037,0.994
4014.91,-0.091,0.037,0.037,0.994
4015.9,-0.091,0.037,0.037,0.994
4015.28,-0.091,0.037,0.037,0.994
4015.46,-0.091,0.037,0.037,0.994
4015.64,-0.091,0.037,0.037,0.994
4015.82,-0.091,0.037,0.037,0.994
4016.0,-0.091,0.037,0.038,0.994
4016.19,-0.091,0.037,0.038,0.994
4016.37,-0.091,0.037,0.038,0.994
4016.55,-0.091,0.037,0.038,0.994
4016.73,-0.091,0.037,0.037,0.994
4016.92,-0.091,0.037,0.037,0.994
4017.1,-0.091,0.037,0.037,0.994
4017.28,-0.091,0.037,0.038,0.994
4017.46,-0.091,0.037,0.038,0.994
4017.64,-0.091,0.037,0.038,0.994
4017.83,-0.091,0.037,0.038,0.994
4018.1,-0.091,0.037,0.038,0.994
4018.19,-0.091,0.037,0.038,0.994
4018.37,-0.091,0.037,0.038,0.994
4018.56,-0.091,0.037,0.038,0.994
4018.74,-0.091,0.037,0.038,0.994
4018.92,-0.091,0.037,0.038,0.994
4019.1,-0.091,0.037,0.038,0.994
4019.29,-0.091,0.037,0.038,0.994
4019.47,-0.091,0.037,0.038,0.994
4019.65,-0.091,0.037,0.038,0.994
4019.83,-0.091,0.037,0.038,0.994
4020.1,-0.091,0.037,0.038,0.994
4020.2,-0.091,0.037,0.038,0.994
4020.38,-0.091,0.037,0.038,0.994
4020.56,-0.091,0.037,0.038,0.994
4020.74,-0.091,0.037,0.038,0.994
4020.93,-0.091,0.037,0.038,0.994
4021.11,-0.092,0.037,0.038,0.994
4021.29,-0.092,0.037,0.038,0.994
4021.47,-0.092,0.037,0.038,0.994
4021.65,-0.092,0.037,0.038,0.994
4021.84,-0.092,0.037,0.038,0.994
4022.2,-0.092,0.037,0.038,0.994
4022.2,-0.092,0.037,0.038,0.994
4022.38,-0.091,0.037,0.038,0.994
4022.57,-0.091,0.037,0.038,0.994
4022.75,-0.092,0.037,0.038,0.994
4022.93,-0.091,0.037,0.038,0.994
4023.11,-0.091,0.037,0.038,0.994
4023.3,-0.092,0.037,0.038,0.994
4023.48,-0.092,0.037,0.038,0.994
4023.66,-0.092,0.037,0.038,0.994
4023.84,-0.092,0.037,0.038,0.994
4024.2,-0.092,0.037,0.038,0.994
4024.21,-0.091,0.037,0.038,0.994
4024.39,-0.091,0.037,0.038,0.994
4024.57,-0.091,0.037,0.038,0.994
4024.75,-0.091,0.037,0.038,0.994
4024.94,-0.091,0.037,0.038,0.994
4025.12,-0.091,0.037,0.038,0.994
4025.3,-0.091,0.037,0.038,0.994
4025.48,-0.091,0.037,0.038,0.994
4025.67,-0.091,0.037,0.038,0.994
4025.85,-0.091,0.037,0.038,0.994
4026.3,-0.091,0.037,0.038,0.994
4026.21,-0.091,0.037,0.038,0.994
4026.39,-0.091,0.037,0.038,0.994
4026.58,-0.091,0.037,0.038,0.994
4026.76,-0.091,0.037,0.038,0.994
4026.94,-0.092,0.037,0.038,0.994
4027.12,-0.092,0.037,0.038,0.994
4027.31,-0.092,0.037,0.038,0.994
4027.49,-0.092,0.037,0.038,0.994
4027.67,-0.092,0.037,0.038,0.994
4027.85,-0.092,0.037,0.038,0.994
4028.3,-0.092,0.037,0.038,0.994
4028.22,-0.091,0.037,0.038,0.994
4028.4,-0.091,0.037,0.038,0.994
4028.58,-0.091,0.037,0.038,0.994
4028.76,-0.092,0.037,0.038,0.994
4028.95,-0.092,0.037,0.038,0.994
4029.13,-0.092,0.037,0.038,0.994
4029.31,-0.092,0.037,0.038,0.994
4029.49,-0.092,0.037,0.038,0.994
4029.68,-0.092,0.037,0.038,0.994
4029.86,-0.092,0.037,0.038,0.994
4030.4,-0.092,0.037,0.038,0.994
4030.22,-0.092,0.037,0.038,0.994
4030.4,-0.092,0.037,0.038,0.994
4030.59,-0.092,0.037,0.038,0.994
4030.77,-0.091,0.037,0.038,0.994
4030.95,-0.091,0.037,0.038,0.994
4031.13,-0.091,0.037,0.038,0.994
4031.32,-0.091,0.037,0.038,0.994
4031.5,-0.091,0.037,0.038,0.994
4031.68,-0.091,0.037,0.038,0.994
4031.86,-0.091,0.037,0.038,0.994
4032.4,-0.091,0.037,0.038,0.994
4032.23,-0.091,0.037,0.038,0.994
4032.41,-0.091,0.037,0.038,0.994
4032.59,-0.091,0.037,0.038,0.994
4032.77,-0.091,0.037,0.038,0.994
4032.96,-0.091,0.037,0.038,0.994
4033.14,-0.091,0.037,0.038,0.994
4033.32,-0.091,0.037,0.038,0.994
4033.5,-0.091,0.037,0.038,0.994
4033.68,-0.091,0.037,0.038,0.994
4033.87,-0.091,0.037,0.038,0.994
4034.5,-0.091,0.037,0.038,0.994
4034.23,-0.091,0.037,0.038,0.994
4034.41,-0.091,0.037,0.038,0.994
4034.6,-0.091,0.037,0.038,0.994
4034.78,-0.091,0.037,0.038,0.994
4034.96,-0.091,0.037,0.038,0.994
4035.14,-0.091,0.037,0.038,0.994
4035.33,-0.091,0.037,0.038,0.994
4035.51,-0.091,0.037,0.038,0.994
4035.69,-0.091,0.037,0.038,0.994
4035.87,-0.091,0.037,0.038,0.994
4036.5,-0.091,0.037,0.038,0.994
4036.24,-0.091,0.037,0.038,0.994
4036.42,-0.091,0.037,0.038,0.994
4036.6,-0.091,0.037,0.038,0.994
4038.42,-0.092,0.037,0.038,0.994
4038.61,-0.091,0.037,0.038,0.994
4038.79,-0.091,0.037,0.038,0.994
4038.97,-0.092,0.037,0.038,0.994
4039.15,-0.091,0.037,0.038,0.994
4039.33,-0.092,0.037,0.038,0.994
4039.52,-0.092,0.037,0.038,0.994
4039.7,-0.092,0.037,0.038,0.994
4039.88,-0.092,0.037,0.038,0.994
4040.6,-0.092,0.037,0.038,0.994
4040.25,-0.092,0.037,0.038,0.994
4046.8,-0.092,0.037,0.038,0.994
4046.26,-0.091,0.037,0.038,0.994
4046.44,-0.092,0.037,0.038,0.994
4046.63,-0.092,0.037,0.038,0.994
4046.81,-0.092,0.037,0.038,0.994
4046.99,-0.092,0.037,0.038,0.994
4047.17,-0.092,0.037,0.038,0.994
4047.35,-0.092,0.037,0.038,0.994
4047.54,-0.092,0.037,0.038,0.994
4047.72,-0.092,0.037,0.038,0.994
4047.9,-0.092,0.037,0.038,0.994
4048.8,-0.092,0.037,0.038,0.994
4048.27,-0.092,0.037,0.038,0.994
4048.45,-0.092,0.037,0.038,0.994
4048.63,-0.092,0.037,0.038,0.994
4048.81,-0.092,0.037,0.038,0.994
4048.99,-0.092,0.037,0.038,0.994
4049.18,-0.092,0.037,0.038,0.994
4049.36,-0.092,0.037,0.038,0.994
4049.54,-0.092,0.037,0.038,0.994
4049.72,-0.092,0.037,0.038,0.994
4049.91,-0.091,0.037,0.038,0.994
4050.9,-0.091,0.037,0.038,0.994
4050.27,-0.091,0.037,0.038,0.994
4050.45,-0.091,0.037,0.038,0.994
4050.63,-0.091,0.037,0.038,0.994
4050.82,-0.091,0.037,0.038,0.994
4051.0,-0.091,0.037,0.038,0.994
4051.18,-0.091,0.037,0.038,0.994
4051.36,-0.091,0.037,0.038,0.994
4051.55,-0.091,0.037,0.038,0.994
4051.73,-0.092,0.037,0.038,0.994
4051.91,-0.091,0.037,0.038,0.994
4052.9,-0.091,0.037,0.038,0.994
4052.28,-0.092,0.037,0.038,0.994
4052.46,-0.092,0.037,0.038,0.994
4052.64,-0.092,0.037,0.038,0.994
4052.82,-0.092,0.037,0.038,0.994
4053.0,-0.092,0.037,0.038,0.994
4053.19,-0.092,0.037,0.038,0.994
4053.37,-0.092,0.037,0.038,0.994
4053.55,-0.092,0.037,0.038,0.994
4053.73,-0.092,0.037,0.038,0.994
4053.92,-0.092,0.037,0.038,0.994
4054.1,-0.092,0.037,0.038,0.994
4054.28,-0.092,0.037,0.038,0.994
4054.46,-0.092,0.037,0.038,0.994
4054.64,-0.092,0.037,0.038,0.994
4054.83,-0.092,0.037,0.038,0.994
4055.1,-0.092,0.037,0.038,0.994
4055.19,-0.092,0.037,0.038,0.994
4055.37,-0.092,0.037,0.038,0.994
4055.56,-0.092,0.037,0.038,0.994
4055.74,-0.092,0.037,0.038,0.994
4055.92,-0.092,0.037,0.038,0.994
4056.1,-0.092,0.037,0.038,0.994
4056.29,-0.092,0.037,0.038,0.994
4056.47,-0.092,0.037,0.038,0.994
4056.65,-0.092,0.037,0.038,0.994
4056.83,-0.092,0.037,0.038,0.994
4057.1,-0.092,0.037,0.038,0.994
4057.2,-0.092,0.037,0.038,0.994
4057.38,-0.092,0.037,0.038,0.994
4057.56,-0.092,0.037,0.038,0.994
4058.84,-0.092,0.037,0.038,0.994
4059.2,-0.092,0.037,0.038,0.994
4059.2,-0.092,0.037,0.038,0.994
4059.38,-0.092,0.037,0.038,0.994
4059.57,-0.092,0.037,0.038,0.994
4059.75,-0.091,0.037,0.038,0.994
4059.93,-0.091,0.037,0.038,0.994
4060.11,-0.091,0.037,0.038,0.994
4060.29,-0.091,0.037,0.038,0.994
4060.48,-0.091,0.037,0.038,0.994
4060.66,-0.091,0.037,0.038,0.994
4060.84,-0.091,0.037,0.038,0.994
4061.2,-0.091,0.037,0.038,0.994
4061.21,-0.091,0.037,0.038,0.994
4061.39,-0.092,0.037,0.038,0.994
4061.57,-0.091,0.037,0.038,0.994
4061.75,-0.091,0.037,0.038,0.994
4061.94,-0.091,0.037,0.038,0.994
4062.12,-0.092,0.037,0.038,0.994
4062.3,-0.092,0.037,0.038,0.994
4062.48,-0.091,0.037,0.038,0.994
4062.66,-0.091,0.037,0.038,0.994
4062.85,-0.092,0.037,0.038,0.994
4063.3,-0.091,0.037,0.038,0.994
4063.21,-0.091,0.037,0.038,0.994
4063.39,-0.091,0.037,0.038,0.994
4063.58,-0.091,0.037,0.038,0.994
4063.76,-0.091,0.037,0.038,0.994
4063.94,-0.091,0.037,0.038,0.994
4064.12,-0.092,0.037,0.038,0.994
4064.3,-0.091,0.037,0.038,0.994
4064.49,-0.091,0.037,0.038,0.994
4064.67,-0.091,0.037,0.038,0.994
4064.85,-0.091,0.037,0.038,0.994
4065.3,-0.091,0.037,0.038,0.994
4065.22,-0.092,0.037,0.038,0.994
4065.4,-0.091,0.037,0.038,0.994
4065.58,-0.092,0.037,0.038,0.994
4065.76,-0.092,0.037,0.038,0.994
4065.95,-0.092,0.037,0.038,0.994
4066.13,-0.092,0.037,0.038,0.994
4066.31,-0.092,0.037,0.038,0.994
4066.49,-0.092,0.037,0.038,0.994
4066.67,-0.092,0.037,0.038,0.994
4066.86,-0.092,0.037,0.038,0.994
4067.4,-0.092,0.037,0.038,0.994
4067.22,-0.091,0.037,0.038,0.994
4067.4,-0.091,0.037,0.038,0.994
4067.59,-0.091,0.037,0.038,0.994
4069.4,-0.091,0.037,0.038,0.994
4069.23,-0.092,0.037,0.038,0.994
4069.41,-0.091,0.037,0.038,0.994
4069.59,-0.092,0.037,0.038,0.994
4069.77,-0.092,0.037,0.038,0.994
4069.95,-0.092,0.037,0.038,0.994
4070.14,-0.092,0.037,0.038,0.994
4070.32,-0.092,0.037,0.038,0.994
4070.5,-0.092,0.037,0.038,0.994
4070.68,-0.092,0.037,0.038,0.994
4070.87,-0.092,0.037,0.038,0.994
4071.5,-0.091,0.037,0.038,0.994
4071.23,-0.092,0.037,0.038,0.994
4071.41,-0.092,0.037,0.038,0.994
4071.6,-0.091,0.037,0.038,0.994
4072.69,-0.091,0.037,0.038,0.994
4072.87,-0.092,0.037,0.038,0.994
4073.5,-0.092,0.037,0.038,0.994
4073.24,-0.092,0.037,0.038,0.994
4073.42,-0.092,0.037,0.038,0.994
4073.6,-0.092,0.037,0.038,0.994
4073.78,-0.091,0.037,0.038,0.994
4073.96,-0.092,0.037,0.038,0.994
4074.15,-0.091,0.037,0.038,0.994
4074.33,-0.091,0.037,0.038,0.994
4074.51,-0.091,0.037,0.038,0.994
4074.69,-0.091,0.037,0.038,0.994
4079.8,-0.091,0.037,0.038,0.994
4079.98,-0.091,0.037,0.038,0.994
4080.16,-0.091,0.037,0.038,0.994
4080.34,-0.091,0.037,0.038,0.994
4080.53,-0.092,0.037,0.038,0.994
4080.71,-0.091,0.037,0.038,0.994
4080.89,-0.092,0.037,0.038,0.994
4081.7,-0.091,0.037,0.038,0.994
4081.26,-0.092,0.037,0.038,0.994
4081.44,-0.091,0.037,0.038,0.994
4081.62,-0.091,0.037,0.038,0.994
4081.8,-0.092,0.037,0.038,0.994
4081.98,-0.092,0.037,0.038,0.994
4082.17,-0.092,0.037,0.038,0.994
4082.35,-0.092,0.037,0.038,0.994
4082.53,-0.091,0.037,0.038,0.994
4082.71,-0.091,0.037,0.038,0.994
4083.62,-0.091,0.037,0.038,0.994
4083.81,-0.091,0.037,0.038,0.994
4083.99,-0.091,0.037,0.038,0.994
4084.17,-0.091,0.037,0.038,0.994
4084.35,-0.092,0.037,0.038,0.994
4084.54,-0.092,0.037,0.038,0.994
4084.72,-0.092,0.037,0.038,0.994
4084.9,-0.092,0.037,0.038,0.994
4085.8,-0.091,0.037,0.038,0.994
4085.27,-0.091,0.037,0.038,0.994
4085.45,-0.091,0.037,0.038,0.994
4085.63,-0.091,0.037,0.038,0.994
4091.28,-0.091,0.037,0.038,0.994
4091.46,-0.091,0.037,0.038,0.994
4091.64,-0.091,0.037,0.038,0.994
4091.83,-0.091,0.037,0.038,0.994
4092.1,-0.091,0.037,0.038,0.994
4092.19,-0.091,0.037,0.038,0.994
4092.37,-0.091,0.037,0.038,0.994
4092.56,-0.091,0.037,0.038,0.994
4092.74,-0.091,0.037,0.038,0.994
4092.92,-0.091,0.037,0.038,0.994
4093.1,-0.091,0.037,0.038,0.994
4093.29,-0.092,0.037,0.038,0.994
4093.47,-0.092,0.037,0.038,0.994
4093.65,-0.091,0.037,0.038,0.994
4093.83,-0.091,0.037,0.038,0.994
4094.1,-0.091,0.037,0.038,0.994
4094.2,-0.092,0.037,0.038,0.994
4095.11,-0.092,0.037,0.038,0.994
4095.29,-0.092,0.037,0.038,0.994
4095.47,-0.092,0.037,0.038,0.994
4095.66,-0.092,0.037,0.038,0.994
4095.84,-0.092,0.037,0.038,0.994
4096.2,-0.092,0.037,0.038,0.994
4096.2,-0.092,0.037,0.038,0.994
4096.38,-0.092,0.037,0.038,0.994
4096.57,-0.092,0.037,0.038,0.994
4096.75,-0.092,0.037,0.038,0.994
4096.93,-0.092,0.037,0.038,0.994
4097.11,-0.092,0.037,0.038,0.994
4097.3,-0.092,0.037,0.038,0.994
4097.48,-0.092,0.037,0.038,0.994
4097.66,-0.092,0.037,0.038,0.994
4097.84,-0.092,0.037,0.038,0.994
4098.2,-0.092,0.037,0.038,0.994
4098.21,-0.091,0.037,0.038,0.994
4098.39,-0.091,0.037,0.038,0.994
4098.57,-0.091,0.037,0.038,0.994
4098.75,-0.091,0.037,0.038,0.994
4098.94,-0.091,0.037,0.038,0.994
4099.12,-0.091,0.037,0.038,0.994
4099.3,-0.092,0.037,0.038,0.994
4099.48,-0.092,0.037,0.038,0.994
4099.67,-0.092,0.037,0.038,0.994
4099.85,-0.092,0.037,0.038,0.994
4100.3,-0.092,0.037,0.038,0.994
4100.21,-0.092,0.037,0.038,0.994
4100.39,-0.092,0.037,0.038,0.994
4100.58,-0.092,0.037,0.038,0.994
4100.76,-0.092,0.037,0.038,0.994
4100.94,-0.092,0.037,0.038,0.994
4101.12,-0.092,0.037,0.038,0.994
4101.31,-0.092,0.037,0.038,0.994
4101.49,-0.092,0.037,0.038,0.994
4101.67,-0.092,0.037,0.038,0.994
4101.85,-0.092,0.037,0.038,0.994
4102.3,-0.092,0.037,0.038,0.994
4102.22,-0.092,0.037,0.038,0.994
4102.4,-0.091,0.037,0.038,0.994
4102.58,-0.091,0.037,0.038,0.994
4102.76,-0.091,0.037,0.038,0.994
4102.95,-0.092,0.037,0.038,0.994
4103.13,-0.092,0.037,0.038,0.994
4103.31,-0.092,0.037,0.038,0.994
4103.49,-0.092,0.037,0.038,0.994
4103.68,-0.092,0.037,0.038,0.994
4103.86,-0.092,0.037,0.038,0.994
4104.4,-0.092,0.037,0.038,0.994
4104.22,-0.092,0.037,0.038,0.994
4104.4,-0.092,0.037,0.038,0.994
4104.59,-0.092,0.037,0.038,0.994
4104.77,-0.092,0.037,0.038,0.994
4104.95,-0.091,0.037,0.038,0.994
4105.13,-0.091,0.037,0.038,0.994
4105.32,-0.091,0.037,0.038,0.994
4105.5,-0.091,0.037,0.038,0.994
4105.68,-0.091,0.037,0.038,0.994
4105.86,-0.091,0.037,0.038,0.994
4106.4,-0.092,0.037,0.038,0.994
4106.23,-0.091,0.037,0.038,0.994
4106.41,-0.092,0.037,0.038,0.994
4106.59,-0.092,0.037,0.038,0.994
4106.77,-0.092,0.037,0.038,0.994
4106.96,-0.092,0.037,0.038,0.994
4107.14,-0.092,0.037,0.038,0.994
4107.32,-0.092,0.037,0.038,0.994
4107.5,-0.092,0.037,0.038,0.994
4107.69,-0.091,0.037,0.038,0.994
4107.87,-0.091,0.037,0.038,0.994
4108.5,-0.091,0.037,0.038,0.994
4108.23,-0.091,0.037,0.038,0.994
4108.41,-0.091,0.037,0.038,0.994
4108.6,-0.092,0.037,0.038,0.994
4108.78,-0.092,0.037,0.038,0.994
4108.96,-0.092,0.037,0.038,0.994
4109.14,-0.091,0.037,0.038,0.994
4109.33,-0.092,0.037,0.038,0.994
4109.51,-0.092,0.037,0.038,0.994
4109.69,-0.092,0.037,0.038,0.994
4110.78,-0.091,0.037,0.038,0.994
4110.97,-0.091,0.037,0.038,0.994
4111.15,-0.091,0.037,0.038,0.994
4111.33,-0.091,0.037,0.038,0.994
4111.51,-0.091,0.037,0.038,0.994
4111.7,-0.091,0.037,0.038,0.994
4111.88,-0.091,0.037,0.038,0.994
4112.6,-0.091,0.037,0.038,0.994
4112.24,-0.091,0.037,0.038,0.994
4112.43,-0.091,0.037,0.038,0.994
4112.61,-0.091,0.037,0.038,0.994
4112.79,-0.091,0.037,0.038,0.994
4112.97,-0.091,0.037,0.038,0.994
4113.15,-0.091,0.037,0.038,0.994
4113.34,-0.091,0.037,0.038,0.994
4113.52,-0.091,0.037,0.038,0.994
4113.7,-0.091,0.037,0.038,0.994
4113.88,-0.091,0.037,0.038,0.994
4114.7,-0.091,0.037,0.038,0.994
4114.25,-0.091,0.037,0.038,0.994
4114.43,-0.091,0.037,0.038,0.994
4114.61,-0.091,0.037,0.038,0.994
4114.8,-0.091,0.037,0.038,0.994
4114.98,-0.091,0.037,0.038,0.994
4115.16,-0.091,0.037,0.038,0.994
4115.34,-0.091,0.037,0.038,0.994
4115.52,-0.091,0.037,0.038,0.994
4115.71,-0.091,0.037,0.038,0.994
4115.89,-0.091,0.037,0.038,0.994
4116.7,-0.091,0.037,0.038,0.994
4116.25,-0.091,0.037,0.038,0.994
4116.44,-0.091,0.037,0.038,0.994
4116.62,-0.091,0.037,0.038,0.994
4116.8,-0.091,0.037,0.038,0.994
4116.98,-0.091,0.037,0.038,0.994
4117.16,-0.091,0.037,0.038,0.994
4117.35,-0.091,0.037,0.038,0.994
4117.53,-0.091,0.037,0.038,0.994
4117.71,-0.091,0.037,0.038,0.994
4117.89,-0.091,0.037,0.038,0.994
4118.8,-0.091,0.037,0.038,0.994
4118.26,-0.091,0.037,0.038,0.994
4118.44,-0.091,0.037,0.038,0.994
4118.62,-0.091,0.037,0.038,0.994
4118.81,-0.091,0.037,0.038,0.994
4118.99,-0.091,0.037,0.038,0.994
4119.17,-0.091,0.037,0.038,0.994
4119.35,-0.091,0.037,0.038,0.994
4119.53,-0.091,0.037,0.038,0.994
4119.72,-0.091,0.037,0.038,0.994
4119.9,-0.091,0.037,0.038,0.994
4120.8,-0.091,0.037,0.038,0.994
4120.26,-0.091,0.037,0.038,0.994
4120.45,-0.091,0.037,0.038,0.994
4120.63,-0.091,0.037,0.038,0.994
4120.81,-0.091,0.037,0.038,0.994
4120.99,-0.091,0.037,0.038,0.994
4121.18,-0.091,0.037,0.038,0.994
4121.36,-0.091,0.037,0.038,0.994
4121.54,-0.091,0.037,0.038,0.994
4121.72,-0.092,0.037,0.038,0.994
4121.9,-0.091,0.037,0.038,0.994
4122.9,-0.091,0.037,0.038,0.994
4122.27,-0.091,0.037,0.038,0.994
4122.45,-0.092,0.037,0.038,0.994
4122.63,-0.091,0.037,0.038,0.994
4122.82,-0.091,0.037,0.038,0.994
4123.0,-0.092,0.037,0.038,0.994
4123.18,-0.092,0.037,0.038,0.994
4123.36,-0.092,0.037,0.038,0.994
4123.54,-0.092,0.037,0.038,0.994
4123.73,-0.092,0.037,0.038,0.994
4123.91,-0.091,0.037,0.038,0.994
4124.9,-0.092,0.037,0.038,0.994
4124.27,-0.092,0.037,0.038,0.994
4124.46,-0.092,0.037,0.038,0.994
4124.64,-0.091,0.037,0.038,0.994
4124.82,-0.091,0.037,0.038,0.994
4125.0,-0.091,0.037,0.038,0.994
4125.19,-0.091,0.037,0.038,0.994
4125.37,-0.091,0.037,0.038,0.994
4125.55,-0.092,0.037,0.038,0.994
4125.73,-0.092,0.037,0.038,0.994
4125.91,-0.092,0.037,0.038,0.994
4126.1,-0.092,0.037,0.038,0.994
4126.28,-0.092,0.037,0.038,0.994
4126.46,-0.092,0.037,0.038,0.994
4126.64,-0.091,0.037,0.038,0.994
4126.83,-0.091,0.037,0.038,0.994
4127.1,-0.092,0.037,0.038,0.994
4127.19,-0.092,0.037,0.038,0.994
4127.37,-0.092,0.037,0.038,0.994
4127.56,-0.092,0.037,0.038,0.994
4127.74,-0.092,0.037,0.038,0.994
4127.92,-0.092,0.037,0.038,0.994
4128.1,-0.092,0.037,0.038,0.994
4128.28,-0.092,0.037,0.038,0.994
4128.47,-0.092,0.037,0.038,0.994
4128.65,-0.092,0.037,0.038,0.994
4128.83,-0.092,0.037,0.038,0.994
4129.1,-0.092,0.037,0.038,0.994
4129.2,-0.091,0.037,0.038,0.994
4129.38,-0.091,0.037,0.038,0.994
4129.56,-0.091,0.037,0.038,0.994
4129.74,-0.091,0.037,0.038,0.994
4129.93,-0.091,0.037,0.038,0.994
4130.11,-0.092,0.037,0.038,0.994
4130.29,-0.092,0.037,0.038,0.994
4130.47,-0.092,0.037,0.038,0.994
4130.65,-0.092,0.037,0.038,0.994
4130.84,-0.092,0.037,0.038,0.994
4131.2,-0.092,0.037,0.038,0.994
4131.2,-0.092,0.037,0.038,0.994
4131.38,-0.092,0.037,0.038,0.994
4131.57,-0.091,0.037,0.038,0.994
4131.75,-0.091,0.037,0.038,0.994
4131.93,-0.091,0.037,0.038,0.994
4132.11,-0.091,0.037,0.038,0.994
4132.3,-0.091,0.037,0.038,0.994
4132.48,-0.091,0.037,0.038,0.994
4132.66,-0.091,0.037,0.038,0.994
4132.84,-0.091,0.037,0.038,0.994
4133.2,-0.092,0.037,0.038,0.994
4133.21,-0.092,0.037,0.038,0.994
4133.39,-0.091,0.037,0.038,0.994
4133.57,-0.092,0.037,0.038,0.994
4133.75,-0.092,0.037,0.038,0.994
4133.94,-0.092,0.037,0.038,0.994
4134.12,-0.092,0.037,0.038,0.994
4134.3,-0.092,0.037,0.038,0.994
4134.48,-0.091,0.037,0.038,0.994
4134.67,-0.091,0.037,0.038,0.994
4134.85,-0.091,0.037,0.038,0.994
4135.3,-0.091,0.037,0.038,0.994
4135.21,-0.091,0.037,0.038,0.994
4135.39,-0.091,0.037,0.038,0.994
4135.58,-0.091,0.037,0.038,0.994
4135.76,-0.091,0.037,0.038,0.994
4135.94,-0.091,0.037,0.038,0.994
4137.76,-0.092,0.037,0.038,0.994
4137.95,-0.091,0.037,0.038,0.994
4138.13,-0.092,0.037,0.038,0.994
4138.31,-0.092,0.037,0.038,0.994
4138.49,-0.092,0.037,0.038,0.994
4138.68,-0.092,0.037,0.038,0.994
4138.86,-0.092,0.037,0.038,0.994
4139.4,-0.092,0.037,0.038,0.994
4139.22,-0.092,0.037,0.038,0.994
4139.41,-0.091,0.037,0.038,0.994
4139.59,-0.092,0.037,0.038,0.994
4139.77,-0.092,0.037,0.038,0.994
4139.95,-0.092,0.037,0.038,0.994
4140.13,-0.092,0.037,0.038,0.994
4140.32,-0.091,0.037,0.038,0.994
4140.5,-0.092,0.037,0.038,0.994
4140.68,-0.092,0.037,0.038,0.994
4140.86,-0.092,0.037,0.038,0.994
4141.5,-0.091,0.037,0.038,0.994
4141.23,-0.092,0.037,0.038,0.994
4141.41,-0.092,0.037,0.038,0.994
4141.59,-0.091,0.037,0.038,0.994
4141.77,-0.092,0.037,0.038,0.994
4141.96,-0.092,0.037,0.038,0.994
4142.14,-0.092,0.037,0.038,0.994
4142.32,-0.092,0.037,0.038,0.994
4143.42,-0.092,0.037,0.038,0.994
4143.6,-0.092,0.037,0.038,0.994
4143.78,-0.092,0.037,0.038,0.994
4143.96,-0.092,0.037,0.038,0.994
4144.14,-0.092,0.037,0.038,0.994
4144.33,-0.092,0.037,0.038,0.994
4144.51,-0.091,0.037,0.038,0.994
4144.69,-0.091,0.037,0.038,0.994
4144.87,-0.091,0.037,0.038,0.994
4145.6,-0.091,0.037,0.038,0.994
4145.24,-0.091,0.037,0.038,0.994
4145.42,-0.092,0.037,0.038,0.994
4145.6,-0.092,0.037,0.038,0.994
4145.79,-0.092,0.037,0.038,0.994
4145.97,-0.092,0.037,0.038,0.994
4146.15,-0.092,0.037,0.038,0.994
4146.33,-0.092,0.037,0.038,0.994
4146.51,-0.092,0.037,0.038,0.994
4146.7,-0.092,0.037,0.038,0.994
4146.88,-0.092,0.037,0.038,0.994
4147.6,-0.092,0.037,0.038,0.994
4147.24,-0.092,0.037,0.038,0.994
4147.43,-0.092,0.037,0.038,0.994
4147.61,-0.092,0.037,0.038,0.994
4147.79,-0.092,0.037,0.038,0.994
4147.97,-0.092,0.037,0.038,0.994
4148.16,-0.092,0.037,0.038,0.994
4148.34,-0.092,0.037,0.038,0.994
4148.52,-0.092,0.037,0.038,0.994
4148.7,-0.092,0.037,0.038,0.994
4148.88,-0.092,0.037,0.038,0.994
4149.7,-0.092,0.037,0.038,0.994
4149.25,-0.092,0.037,0.038,0.994
4149.43,-0.092,0.037,0.038,0.994
4149.61,-0.092,0.037,0.038,0.994
4149.8,-0.092,0.037,0.038,0.994
4149.98,-0.092,0.037,0.038,0.994
4150.16,-0.092,0.037,0.038,0.994
4150.34,-0.092,0.037,0.038,0.994
4150.53,-0.092,0.037,0.038,0.994
4150.71,-0.092,0.037,0.038,0.994
4150.89,-0.092,0.037,0.038,0.994
4151.7,-0.092,0.037,0.038,0.994
4151.25,-0.092,0.037,0.038,0.994
4151.44,-0.092,0.037,0.038,0.994
4151.62,-0.092,0.037,0.038,0.994
4151.8,-0.091,0.037,0.038,0.994
4151.98,-0.091,0.037,0.038,0.994
4152.17,-0.091,0.037,0.038,0.994
4152.35,-0.091,0.037,0.038,0.994
4153.44,-0.091,0.037,0.038,0.994
4153.62,-0.091,0.037,0.038,0.994
4153.81,-0.091,0.037,0.038,0.994
4153.99,-0.091,0.037,0.038,0.994
4154.17,-0.091,0.037,0.038,0.994
4154.35,-0.091,0.037,0.038,0.994
4154.54,-0.091,0.037,0.038,0.994
4154.72,-0.091,0.037,0.038,0.994
4154.9,-0.091,0.037,0.038,0.994
4155.8,-0.092,0.037,0.038,0.994
4155.27,-0.092,0.037,0.038,0.994
4155.45,-0.092,0.037,0.038,0.994
4155.63,-0.092,0.037,0.038,0.994
4155.81,-0.092,0.037,0.038,0.994
4155.99,-0.092,0.037,0.038,0.994
4156.18,-0.091,0.037,0.038,0.994
4156.36,-0.091,0.037,0.038,0.994
4156.54,-0.091,0.037,0.038,0.994
4156.72,-0.091,0.037,0.038,0.994
4156.91,-0.091,0.037,0.038,0.994
4157.9,-0.091,0.037,0.038,0.994
4157.27,-0.091,0.037,0.038,0.994
4157.45,-0.091,0.037,0.038,0.994
4157.64,-0.091,0.037,0.038,0.994
4157.82,-0.091,0.037,0.038,0.994
4158.0,-0.091,0.037,0.038,0.994
4158.18,-0.091,0.037,0.038,0.994
4158.36,-0.091,0.037,0.038,0.994
4158.55,-0.091,0.037,0.038,0.994
4158.73,-0.091,0.037,0.038,0.994
4158.91,-0.091,0.037,0.038,0.994
4159.9,-0.091,0.037,0.038,0.994
4159.28,-0.091,0.037,0.038,0.994
4159.46,-0.091,0.037,0.038,0.994
4159.64,-0.091,0.037,0.038,0.994
4159.82,-0.091,0.037,0.038,0.994
4160.1,-0.091,0.037,0.038,0.994
4160.19,-0.092,0.037,0.038,0.994
4160.37,-0.092,0.037,0.038,0.994
4160.55,-0.091,0.037,0.038,0.994
4160.73,-0.091,0.037,0.038,0.994
4160.92,-0.091,0.037,0.038,0.994
4161.1,-0.091,0.037,0.038,0.994
4161.28,-0.091,0.037,0.038,0.994
4161.46,-0.091,0.037,0.038,0.994
4161.65,-0.091,0.037,0.038,0.994
4161.83,-0.091,0.037,0.038,0.994
4162.1,-0.091,0.037,0.038,0.994
4162.19,-0.091,0.037,0.038,0.994
4162.38,-0.091,0.037,0.038,0.994
4162.56,-0.091,0.037,0.038,0.994
4162.74,-0.091,0.037,0.038,0.994
4162.92,-0.091,0.037,0.038,0.994
4163.1,-0.092,0.037,0.038,0.994
4163.29,-0.091,0.037,0.038,0.994
4163.47,-0.091,0.037,0.038,0.994
4163.65,-0.091,0.037,0.038,0.994
4163.83,-0.091,0.037,0.038,0.994
4164.2,-0.091,0.037,0.038,0.994
4164.2,-0.091,0.037,0.038,0.994
4164.38,-0.091,0.037,0.038,0.994
4164.56,-0.091,0.037,0.038,0.994
4164.75,-0.091,0.037,0.038,0.994
4164.93,-0.091,0.037,0.038,0.994
4165.11,-0.091,0.037,0.038,0.994
4166.2,-0.091,0.037,0.038,0.994
4166.2,-0.091,0.037,0.038,0.994
4166.39,-0.091,0.037,0.038,0.994
4166.57,-0.091,0.037,0.038,0.994
4166.75,-0.091,0.037,0.038,0.994
4166.93,-0.091,0.037,0.038,0.994
4167.12,-0.092,0.037,0.038,0.994
4167.3,-0.092,0.037,0.038,0.994
4167.48,-0.092,0.037,0.038,0.994
4167.66,-0.092,0.037,0.038,0.994
4167.84,-0.092,0.037,0.038,0.994
4168.3,-0.091,0.037,0.038,0.994
4173.68,-0.091,0.037,0.038,0.994
4173.86,-0.091,0.037,0.038,0.994
4174.4,-0.091,0.037,0.038,0.994
4174.23,-0.091,0.037,0.038,0.994
4174.41,-0.091,0.037,0.038,0.994
4174.59,-0.091,0.037,0.038,0.994
4174.77,-0.091,0.037,0.038,0.994
4174.96,-0.091,0.037,0.038,0.994
4175.14,-0.091,0.037,0.038,0.994
4175.32,-0.091,0.037,0.038,0.994
4175.5,-0.091,0.037,0.038,0.994
4175.68,-0.091,0.037,0.038,0.994
4175.87,-0.091,0.037,0.038,0.994
4176.5,-0.091,0.037,0.038,0.994
4176.23,-0.091,0.037,0.038,0.994
4176.41,-0.091,0.037,0.038,0.994
4176.6,-0.091,0.037,0.038,0.994
4176.78,-0.091,0.037,0.038,0.994
4176.96,-0.091,0.037,0.038,0.994
4177.14,-0.091,0.037,0.038,0.994
4178.24,-0.091,0.037,0.038,0.994
4178.42,-0.091,0.037,0.038,0.994
4178.6,-0.091,0.037,0.038,0.994
4178.78,-0.091,0.037,0.038,0.994
4178.97,-0.091,0.037,0.038,0.994
4179.15,-0.091,0.037,0.038,0.994
4179.33,-0.091,0.037,0.038,0.994
4179.51,-0.091,0.037,0.038,0.994
4179.7,-0.091,0.037,0.038,0.994
4179.88,-0.091,0.037,0.038,0.994
4180.6,-0.091,0.037,0.038,0.994
4180.24,-0.091,0.037,0.038,0.994
4180.42,-0.091,0.037,0.038,0.994
4180.61,-0.091,0.037,0.038,0.994
4180.79,-0.091,0.037,0.038,0.994
4180.97,-0.091,0.037,0.038,0.994
4181.15,-0.091,0.037,0.038,0.994
4181.34,-0.091,0.037,0.038,0.994
4181.52,-0.091,0.037,0.038,0.994
4181.7,-0.091,0.037,0.038,0.994
4181.88,-0.091,0.037,0.038,0.994
4182.7,-0.091,0.037,0.038,0.994
4182.25,-0.091,0.037,0.038,0.994
4182.43,-0.091,0.037,0.038,0.994
4182.61,-0.092,0.037,0.038,0.994
4182.79,-0.091,0.037,0.038,0.994
4182.98,-0.091,0.037,0.038,0.994
4183.16,-0.091,0.037,0.038,0.994
4183.34,-0.091,0.037,0.038,0.994
4183.52,-0.092,0.037,0.038,0.994
4186.44,-0.092,0.037,0.038,0.994
4186.62,-0.092,0.037,0.038,0.994
4186.8,-0.092,0.037,0.038,0.994
4186.99,-0.092,0.037,0.038,0.994
4187.17,-0.092,0.037,0.038,0.994
4187.35,-0.092,0.037,0.038,0.994
4187.53,-0.092,0.037,0.038,0.994
4187.72,-0.091,0.037,0.038,0.994
4187.9,-0.091,0.037,0.038,0.994
4188.8,-0.091,0.037,0.038,0.994
4188.26,-0.091,0.037,0.038,0.994
4188.45,-0.091,0.037,0.039,0.994
4188.63,-0.091,0.037,0.039,0.994
4188.81,-0.091,0.037,0.039,0.994
4188.99,-0.091,0.037,0.039,0.994
4189.17,-0.091,0.037,0.039,0.994
4189.36,-0.091,0.037,0.039,0.994
4189.54,-0.091,0.037,0.039,0.994
4189.72,-0.092,0.037,0.039,0.994
4189.9,-0.092,0.037,0.039,0.994
4190.9,-0.092,0.037,0.039,0.994
4190.27,-0.092,0.037,0.039,0.994
4190.45,-0.092,0.037,0.039,0.994
4191.36,-0.091,0.037,0.039,0.994
4191.54,-0.091,0.037,0.039,0.994
4191.73,-0.091,0.037,0.039,0.994
4191.91,-0.091,0.037,0.039,0.994
4192.9,-0.092,0.037,0.039,0.994
4192.27,-0.092,0.037,0.039,0.994
4192.46,-0.092,0.037,0.039,0.994
4192.64,-0.092,0.037,0.039,0.994
4192.82,-0.092,0.037,0.039,0.994
4193.0,-0.092,0.037,0.039,0.994
4193.18,-0.092,0.037,0.039,0.994
4193.37,-0.092,0.037,0.039,0.994
4193.55,-0.092,0.037,0.039,0.994
4193.73,-0.092,0.037,0.039,0.994
4193.91,-0.092,0.037,0.039,0.994
4194.1,-0.092,0.037,0.039,0.994
4194.28,-0.091,0.037,0.039,0.994
4194.46,-0.091,0.037,0.039,0.994
4194.64,-0.091,0.037,0.039,0.994
4194.83,-0.091,0.037,0.039,0.994
4195.74,-0.091,0.037,0.039,0.994
4195.92,-0.091,0.037,0.039,0.994
4196.1,-0.091,0.037,0.039,0.994
4196.28,-0.091,0.037,0.039,0.994
4196.47,-0.091,0.037,0.039,0.994
4196.65,-0.091,0.037,0.039,0.994
4196.83,-0.091,0.037,0.039,0.994
4197.1,-0.091,0.037,0.039,0.994
4197.19,-0.091,0.037,0.039,0.994
4197.38,-0.091,0.037,0.039,0.994
4197.56,-0.091,0.037,0.039,0.994
4197.74,-0.091,0.037,0.039,0.994
4203.76,-0.091,0.037,0.039,0.994
4203.94,-0.092,0.037,0.039,0.994
4204.12,-0.092,0.037,0.039,0.994
4204.3,-0.092,0.037,0.039,0.994
4204.49,-0.092,0.037,0.039,0.994
4204.67,-0.092,0.037,0.039,0.994
4204.85,-0.092,0.037,0.039,0.994
4205.3,-0.092,0.037,0.039,0.994
4205.21,-0.092,0.037,0.039,0.994
4205.4,-0.093,0.037,0.039,0.994
4205.58,-0.093,0.037,0.039,0.994
4205.76,-0.092,0.037,0.039,0.994
4205.94,-0.092,0.037,0.039,0.994
4206.13,-0.092,0.037,0.039,0.994
4206.31,-0.092,0.037,0.039,0.994
4206.49,-0.092,0.037,0.039,0.994
4206.67,-0.092,0.037,0.039,0.994
4206.85,-0.092,0.037,0.039,0.994
4207.4,-0.091,0.037,0.039,0.994
4207.22,-0.091,0.037,0.039,0.994
4207.4,-0.091,0.037,0.039,0.994
4207.58,-0.091,0.037,0.039,0.994
4207.77,-0.091,0.037,0.039,0.994
4208.68,-0.091,0.037,0.039,0.994
4208.86,-0.091,0.037,0.039,0.994
4209.4,-0.091,0.037,0.039,0.994
4209.22,-0.091,0.037,0.039,0.994
4209.41,-0.091,0.037,0.039,0.994
4209.59,-0.091,0.037,0.039,0.994
4209.77,-0.091,0.037,0.039,0.994
4209.95,-0.091,0.037,0.039,0.994
4210.14,-0.091,0.037,0.039,0.994
4210.32,-0.091,0.037,0.039,0.994
4210.5,-0.091,0.037,0.039,0.994
4210.68,-0.091,0.037,0.039,0.994
4217.43,-0.091,0.037,0.039,0.994
4217.61,-0.091,0.037,0.039,0.994
4217.79,-0.091,0.037,0.039,0.994
4217.97,-0.091,0.037,0.039,0.994
4218.16,-0.091,0.037,0.039,0.994
4218.34,-0.091,0.037,0.039,0.994
4218.52,-0.091,0.037,0.039,0.994
4218.7,-0.091,0.037,0.039,0.994
4218.89,-0.091,0.037,0.039,0.994
4219.7,-0.091,0.037,0.039,0.994
4219.25,-0.091,0.037,0.039,0.994
4224.72,-0.092,0.037,0.039,0.994
4224.9,-0.092,0.037,0.039,0.994
4225.8,-0.092,0.037,0.039,0.994
4225.27,-0.092,0.037,0.039,0.994
4225.45,-0.091,0.037,0.039,0.994
4225.63,-0.092,0.037,0.039,0.994
4225.81,-0.092,0.037,0.039,0.994
4225.99,-0.091,0.037,0.039,0.994
4226.18,-0.092,0.037,0.039,0.994
4226.36,-0.092,0.037,0.039,0.994
4226.54,-0.092,0.037,0.039,0.994
4232.1,-0.091,0.037,0.039,0.994
4232.19,-0.091,0.037,0.039,0.994
4232.37,-0.091,0.037,0.039,0.994
4232.56,-0.091,0.037,0.039,0.994
4232.74,-0.091,0.037,0.039,0.994
4232.92,-0.091,0.037,0.039,0.994
4233.1,-0.091,0.037,0.039,0.994
4233.29,-0.091,0.037,0.039,0.994
4233.47,-0.091,0.037,0.039,0.994
4233.65,-0.091,0.037,0.039,0.994
4233.83,-0.091,0.037,0.039,0.994
4234.1,-0.091,0.037,0.039,0.994
4234.2,-0.091,0.037,0.039,0.994
4234.38,-0.091,0.037,0.039,0.994
4234.56,-0.091,0.037,0.039,0.994
4234.74,-0.091,0.037,0.039,0.994
4234.93,-0.091,0.037,0.039,0.994
4235.11,-0.091,0.037,0.039,0.994
4235.29,-0.091,0.037,0.039,0.994
4235.47,-0.091,0.037,0.039,0.994
4235.66,-0.091,0.037,0.039,0.994
4235.84,-0.091,0.037,0.039,0.994
4236.2,-0.091,0.037,0.039,0.994
4236.2,-0.091,0.037,0.039,0.994
4236.38,-0.091,0.037,0.039,0.994
4236.57,-0.091,0.037,0.039,0.994
4236.75,-0.091,0.037,0.039,0.994
4236.93,-0.091,0.037,0.039,0.994
4237.11,-0.091,0.037,0.039,0.994
4237.3,-0.091,0.037,0.039,0.994
4237.48,-0.091,0.037,0.039,0.994
4237.66,-0.091,0.037,0.039,0.994
4237.84,-0.091,0.037,0.039,0.994
4238.3,-0.091,0.037,0.039,0.994
4238.21,-0.091,0.037,0.039,0.994
4238.39,-0.091,0.037,0.039,0.994
4238.57,-0.091,0.037,0.039,0.994
4238.75,-0.091,0.037,0.039,0.994
4238.94,-0.091,0.037,0.039,0.994
4239.12,-0.091,0.037,0.039,0.994
4239.3,-0.091,0.037,0.039,0.994
4239.48,-0.091,0.037,0.039,0.994
4239.67,-0.091,0.037,0.039,0.994
4239.85,-0.091,0.037,0.039,0.994
4240.3,-0.091,0.037,0.039,0.994
4240.21,-0.091,0.037,0.039,0.994
4240.4,-0.091,0.037,0.039,0.994
4240.58,-0.091,0.037,0.039,0.994
4240.76,-0.091,0.037,0.039,0.994
4240.94,-0.091,0.037,0.039,0.994
4241.12,-0.091,0.037,0.039,0.994
4241.31,-0.091,0.037,0.039,0.994
4241.49,-0.091,0.037,0.039,0.994
4241.67,-0.091,0.037,0.039,0.994
4241.85,-0.091,0.037,0.039,0.994
4242.4,-0.091,0.037,0.039,0.994
4242.22,-0.091,0.037,0.039,0.994
4242.4,-0.091,0.037,0.039,0.994
4242.58,-0.091,0.037,0.039,0.994
4242.77,-0.091,0.037,0.039,0.994
4242.95,-0.091,0.037,0.039,0.994
4243.13,-0.091,0.037,0.039,0.994
4243.31,-0.091,0.037,0.039,0.994
4243.49,-0.091,0.037,0.039,0.994
4243.68,-0.091,0.037,0.039,0.994
4243.86,-0.091,0.037,0.039,0.994
4244.4,-0.091,0.037,0.039,0.994
4244.22,-0.091,0.037,0.039,0.994
4244.41,-0.091,0.037,0.039,0.994
4244.59,-0.091,0.037,0.039,0.994
4244.77,-0.091,0.037,0.039,0.994
4244.95,-0.091,0.037,0.039,0.994
4244.95,-0.092,0.037,0.039,0.994
4249.33,-0.092,0.037,0.039,0.994
4249.51,-0.092,0.037,0.039,0.994
4249.69,-0.092,0.037,0.039,0.994
4249.87,-0.092,0.037,0.039,0.994
4250.6,-0.092,0.037,0.039,0.994
4250.24,-0.092,0.037,0.039,0.994
4250.42,-0.092,0.037,0.039,0.994
4250.6,-0.092,0.037,0.039,0.994
4250.79,-0.092,0.037,0.039,0.994
4250.97,-0.092,0.037,0.039,0.994
4251.15,-0.092,0.037,0.039,0.994
4256.98,-0.092,0.037,0.039,0.994
4257.16,-0.092,0.037,0.039,0.994
4257.35,-0.092,0.037,0.039,0.994
4257.53,-0.092,0.037,0.039,0.994
4257.71,-0.092,0.037,0.039,0.994
4257.89,-0.092,0.037,0.039,0.994
4258.8,-0.092,0.037,0.039,0.994
4258.26,-0.092,0.037,0.039,0.994
4258.44,-0.092,0.037,0.039,0.994
4258.62,-0.092,0.037,0.039,0.994
4258.81,-0.092,0.037,0.039,0.994
4258.99,-0.092,0.037,0.039,0.994
4259.17,-0.092,0.037,0.039,0.994
4259.35,-0.092,0.037,0.039,0.994
4259.53,-0.092,0.037,0.039,0.994
4259.72,-0.092,0.037,0.039,0.994
4259.9,-0.092,0.037,0.039,0.994
4260.8,-0.092,0.037,0.039,0.994
4260.26,-0.092,0.037,0.039,0.994
4260.45,-0.092,0.037,0.039,0.994
4260.63,-0.092,0.037,0.039,0.994
4260.81,-0.092,0.037,0.039,0.994
4260.99,-0.092,0.037,0.039,0.994
4261.18,-0.092,0.037,0.039,0.994
4261.36,-0.092,0.037,0.039,0.994
4261.54,-0.092,0.037,0.039,0.994
4261.72,-0.092,0.037,0.039,0.994
4261.9,-0.092,0.037,0.039,0.994
4262.9,-0.092,0.037,0.039,0.994
4262.27,-0.092,0.037,0.039,0.994
4263.36,-0.092,0.037,0.039,0.994
4263.55,-0.092,0.037,0.039,0.994
4263.73,-0.092,0.037,0.039,0.994
4263.91,-0.091,0.037,0.039,0.994
4264.9,-0.091,0.037,0.039,0.994
4264.27,-0.091,0.037,0.039,0.994
4264.46,-0.092,0.037,0.039,0.994
4264.64,-0.091,0.037,0.039,0.994
4264.82,-0.092,0.037,0.039,0.994
4265.0,-0.091,0.037,0.039,0.994
4265.19,-0.091,0.037,0.039,0.994
4265.37,-0.091,0.037,0.039,0.994
4265.55,-0.091,0.037,0.039,0.994
4265.73,-0.091,0.037,0.039,0.994
4265.91,-0.091,0.037,0.039,0.994
4266.1,-0.092,0.037,0.039,0.994
4266.28,-0.092,0.037,0.039,0.994
4266.46,-0.092,0.037,0.039,0.994
4266.64,-0.092,0.037,0.039,0.994
4266.83,-0.092,0.037,0.039,0.994
4267.1,-0.092,0.037,0.039,0.994
4267.19,-0.092,0.037,0.039,0.994
4267.37,-0.092,0.037,0.039,0.994
4267.56,-0.092,0.037,0.039,0.994
4267.74,-0.092,0.037,0.039,0.994
4267.92,-0.092,0.037,0.039,0.994
4268.1,-0.092,0.037,0.039,0.994
4268.28,-0.092,0.037,0.039,0.994
4268.47,-0.092,0.037,0.039,0.994
4268.65,-0.092,0.037,0.039,0.994
4268.83,-0.092,0.037,0.039,0.994
4269.1,-0.092,0.037,0.039,0.994
4269.2,-0.092,0.037,0.039,0.994
4269.38,-0.091,0.037,0.039,0.994
4269.56,-0.092,0.037,0.039,0.994
4269.74,-0.092,0.037,0.039,0.994
4269.93,-0.092,0.037,0.039,0.994
4270.11,-0.092,0.037,0.039,0.994
4270.29,-0.092,0.037,0.039,0.994
4270.47,-0.092,0.037,0.039,0.994
4270.65,-0.091,0.037,0.039,0.994
4270.84,-0.091,0.037,0.039,0.994
4271.2,-0.091,0.037,0.039,0.994
4271.2,-0.091,0.037,0.039,0.994
4271.38,-0.091,0.037,0.039,0.994
4271.57,-0.091,0.037,0.039,0.994
4271.75,-0.091,0.037,0.039,0.994
4271.93,-0.092,0.037,0.039,0.994
4272.11,-0.092,0.037,0.039,0.994
4272.29,-0.092,0.037,0.039,0.994
4272.48,-0.092,0.037,0.039,0.994
4272.66,-0.092,0.037,0.039,0.994
4272.84,-0.092,0.037,0.039,0.994
4273.2,-0.092,0.037,0.039,0.994
4273.21,-0.092,0.037,0.039,0.994
4273.39,-0.092,0.037,0.039,0.994
4273.57,-0.092,0.037,0.039,0.994
4273.75,-0.092,0.037,0.039,0.994
4273.94,-0.092,0.037,0.039,0.994
4274.12,-0.092,0.037,0.039,0.994
4274.3,-0.092,0.037,0.039,0.994
4274.48,-0.092,0.037,0.039,0.994
4274.66,-0.092,0.037,0.039,0.994
4274.85,-0.092,0.037,0.039,0.994
4275.3,-0.092,0.037,0.039,0.994
4275.21,-0.092,0.037,0.039,0.994
4276.31,-0.092,0.037,0.039,0.994
4276.49,-0.092,0.037,0.039,0.994
4276.67,-0.092,0.037,0.039,0.994
4276.85,-0.091,0.037,0.039,0.994
4277.3,-0.091,0.037,0.039,0.994
4277.22,-0.091,0.037,0.039,0.994
4277.4,-0.091,0.037,0.039,0.994
4277.58,-0.091,0.037,0.039,0.994
4277.76,-0.091,0.037,0.039,0.994
4277.95,-0.091,0.037,0.039,0.994
4278.13,-0.092,0.037,0.039,0.994
4278.31,-0.091,0.037,0.039,0.994
4278.49,-0.092,0.037,0.039,0.994
4278.68,-0.092,0.037,0.039,0.994
4278.86,-0.092,0.037,0.039,0.994
4279.4,-0.092,0.037,0.039,0.994
4279.22,-0.092,0.037,0.039,0.994
4279.4,-0.092,0.037,0.04,0.994
4279.59,-0.092,0.037,0.04,0.994
4279.77,-0.092,0.037,0.04,0.994
4279.95,-0.092,0.037,0.04,0.994
4280.13,-0.092,0.037,0.04,0.994
4280.32,-0.092,0.037,0.04,0.994
4280.5,-0.092,0.037,0.04,0.994
4280.68,-0.092,0.037,0.04,0.994
4283.42,-0.092,0.037,0.04,0.994
4283.6,-0.092,0.037,0.04,0.994
4283.78,-0.092,0.037,0.04,0.994
4283.96,-0.092,0.037,0.04,0.994
4284.14,-0.092,0.037,0.04,0.994
4284.33,-0.092,0.037,0.04,0.994
4284.51,-0.092,0.037,0.04,0.994
4284.69,-0.092,0.037,0.04,0.994
4284.87,-0.092,0.037,0.04,0.994
4285.6,-0.092,0.037,0.04,0.994
4285.24,-0.092,0.037,0.04,0.994
4285.42,-0.092,0.037,0.04,0.994
4285.6,-0.092,0.037,0.04,0.994
4285.79,-0.092,0.037,0.04,0.994
4285.97,-0.092,0.037,0.04,0.994
4286.15,-0.092,0.037,0.04,0.994
4286.33,-0.092,0.037,0.04,0.994
4286.52,-0.092,0.037,0.04,0.994
4286.7,-0.092,0.037,0.04,0.994
4286.88,-0.092,0.037,0.04,0.994
4287.6,-0.092,0.037,0.04,0.994
4287.24,-0.092,0.037,0.04,0.994
4287.43,-0.092,0.037,0.04,0.994
4287.61,-0.092,0.037,0.04,0.994
4287.79,-0.092,0.037,0.04,0.994
4287.97,-0.092,0.037,0.04,0.994
4288.16,-0.091,0.037,0.04,0.994
4288.34,-0.092,0.037,0.04,0.994
4288.52,-0.092,0.037,0.04,0.994
4288.7,-0.092,0.037,0.04,0.994
4288.89,-0.092,0.037,0.04,0.994
4289.7,-0.092,0.037,0.04,0.994
4289.25,-0.092,0.037,0.04,0.994
4289.43,-0.092,0.037,0.04,0.994
4289.62,-0.092,0.037,0.04,0.994
4289.8,-0.092,0.037,0.04,0.994
4289.98,-0.092,0.037,0.04,0.994
4290.16,-0.092,0.037,0.04,0.994
4293.63,-0.091,0.037,0.04,0.994
4293.81,-0.091,0.037,0.04,0.994
4293.99,-0.091,0.037,0.04,0.994
4294.17,-0.091,0.037,0.04,0.994
4294.36,-0.091,0.037,0.04,0.994
4294.54,-0.092,0.037,0.04,0.994
4294.72,-0.092,0.037,0.04,0.994
4294.9,-0.091,0.037,0.04,0.994
4295.8,-0.092,0.037,0.04,0.994
4295.27,-0.092,0.037,0.04,0.994
4295.45,-0.092,0.037,0.04,0.994
4295.63,-0.092,0.037,0.04,0.994
4295.81,-0.092,0.037,0.04,0.994
4296.0,-0.092,0.037,0.04,0.994
4296.18,-0.091,0.037,0.04,0.994
4296.36,-0.091,0.037,0.04,0.994
4297.45,-0.091,0.037,0.04,0.994
4297.64,-0.091,0.037,0.04,0.994
4297.82,-0.091,0.037,0.04,0.994
4298.0,-0.091,0.037,0.04,0.994
4298.18,-0.091,0.037,0.04,0.994
4298.37,-0.091,0.037,0.04,0.994
4298.55,-0.091,0.037,0.04,0.994
4298.73,-0.091,0.037,0.04,0.994
4298.91,-0.091,0.037,0.04,0.994
4299.1,-0.091,0.037,0.04,0.994
4299.28,-0.091,0.037,0.04,0.994
4299.46,-0.091,0.037,0.04,0.994
4299.64,-0.091,0.037,0.04,0.994
4299.83,-0.091,0.037,0.04,0.994
4300.1,-0.091,0.037,0.04,0.994
4300.19,-0.091,0.037,0.04,0.994
4300.37,-0.091,0.037,0.04,0.994
4300.55,-0.091,0.037,0.04,0.994
4300.74,-0.091,0.037,0.04,0.994
4300.92,-0.091,0.037,0.04,0.994
4301.1,-0.091,0.037,0.04,0.994
4301.28,-0.091,0.037,0.04,0.994
4301.47,-0.091,0.037,0.04,0.994
4301.65,-0.091,0.037,0.04,0.994
4301.83,-0.092,0.037,0.04,0.994
4302.1,-0.092,0.037,0.04,0.994
4302.2,-0.092,0.037,0.04,0.994
4302.38,-0.092,0.037,0.04,0.994
4302.56,-0.092,0.037,0.04,0.994
4302.74,-0.092,0.037,0.04,0.994
4302.92,-0.092,0.037,0.04,0.994
4303.11,-0.091,0.037,0.04,0.994
4303.29,-0.091,0.037,0.04,0.994
4303.47,-0.091,0.037,0.04,0.994
4303.65,-0.091,0.037,0.04,0.994
4303.84,-0.092,0.037,0.04,0.994
4304.2,-0.091,0.037,0.04,0.994
4304.2,-0.091,0.037,0.04,0.994
4304.38,-0.091,0.037,0.04,0.994
4304.57,-0.091,0.037,0.04,0.994
4304.75,-0.091,0.037,0.04,0.994
4304.93,-0.091,0.037,0.04,0.994
4305.11,-0.091,0.037,0.04,0.994
4305.29,-0.091,0.037,0.04,0.994
4305.48,-0.091,0.037,0.04,0.994
4305.66,-0.091,0.037,0.04,0.994
4305.84,-0.091,0.037,0.04,0.994
4306.2,-0.092,0.037,0.04,0.994
4306.21,-0.092,0.037,0.04,0.994
4306.39,-0.091,0.037,0.04,0.994
4306.57,-0.091,0.037,0.04,0.994
4306.75,-0.092,0.037,0.04,0.994
4306.94,-0.092,0.037,0.04,0.994
4307.12,-0.092,0.037,0.04,0.994
4307.3,-0.092,0.037,0.04,0.994
4307.48,-0.092,0.037,0.04,0.994
4307.67,-0.092,0.037,0.04,0.994
4307.85,-0.091,0.037,0.04,0.994
4308.3,-0.091,0.037,0.04,0.994
4308.21,-0.091,0.037,0.04,0.994
4308.39,-0.092,0.037,0.04,0.994
4308.58,-0.091,0.037,0.04,0.994
4308.76,-0.091,0.037,0.04,0.994
4308.94,-0.091,0.037,0.04,0.994
4309.12,-0.091,0.037,0.04,0.994
4309.31,-0.091,0.037,0.04,0.994
4309.49,-0.091,0.037,0.04,0.994
4309.67,-0.091,0.037,0.04,0.994
4309.85,-0.091,0.037,0.04,0.994
4310.4,-0.091,0.037,0.04,0.994
4310.22,-0.091,0.037,0.04,0.994
4310.4,-0.091,0.037,0.04,0.994
4310.58,-0.091,0.037,0.04,0.994
4310.76,-0.091,0.037,0.04,0.994
4310.95,-0.091,0.037,0.04,0.994
4311.13,-0.091,0.037,0.04,0.994
4311.31,-0.091,0.037,0.04,0.994
4311.49,-0.091,0.037,0.04,0.994
4311.68,-0.091,0.037,0.04,0.994
4311.86,-0.091,0.037,0.04,0.994
4312.4,-0.091,0.037,0.04,0.994
4312.22,-0.091,0.037,0.04,0.994
4312.41,-0.091,0.037,0.04,0.994
4312.59,-0.091,0.037,0.04,0.994
4312.77,-0.091,0.037,0.04,0.994
4312.95,-0.092,0.037,0.04,0.994
4313.13,-0.092,0.037,0.04,0.994
4313.32,-0.092,0.037,0.04,0.994
4313.5,-0.092,0.037,0.04,0.994
4313.68,-0.092,0.037,0.04,0.994
4313.86,-0.092,0.037,0.04,0.994
4314.5,-0.092,0.037,0.04,0.994
4314.23,-0.092,0.037,0.04,0.994
4314.41,-0.092,0.037,0.04,0.994
4314.59,-0.092,0.037,0.04,0.994
4314.78,-0.092,0.037,0.04,0.994
4314.96,-0.092,0.037,0.04,0.994
4315.14,-0.091,0.037,0.04,0.994
4315.32,-0.091,0.037,0.04,0.994
4315.5,-0.092,0.037,0.04,0.994
4315.69,-0.092,0.037,0.04,0.994
4315.87,-0.092,0.037,0.04,0.994
4316.5,-0.091,0.037,0.04,0.994
4316.23,-0.091,0.037,0.04,0.994
4316.42,-0.092,0.037,0.04,0.994
4316.6,-0.092,0.037,0.04,0.994
4316.78,-0.092,0.037,0.04,0.994
4316.96,-0.092,0.037,0.04,0.994
4317.15,-0.092,0.037,0.04,0.994
4317.33,-0.092,0.037,0.04,0.994
4317.51,-0.092,0.037,0.04,0.994
4317.69,-0.092,0.037,0.04,0.994
4317.88,-0.092,0.037,0.04,0.994
4318.6,-0.092,0.037,0.04,0.994
4318.24,-0.092,0.037,0.04,0.994
4318.42,-0.092,0.037,0.04,0.994
4318.6,-0.092,0.037,0.04,0.994
4318.79,-0.091,0.037,0.04,0.994
4318.97,-0.091,0.037,0.04,0.994
4319.15,-0.091,0.037,0.04,0.994
4320.24,-0.091,0.037,0.04,0.994
4320.43,-0.091,0.037,0.04,0.994
4320.61,-0.091,0.037,0.04,0.994
4320.79,-0.091,0.037,0.04,0.994
4320.97,-0.091,0.037,0.04,0.994
4321.16,-0.091,0.037,0.04,0.994
4321.34,-0.091,0.037,0.04,0.994
4321.52,-0.091,0.037,0.04,0.994
4321.7,-0.091,0.037,0.04,0.994
4321.89,-0.091,0.037,0.04,0.994
4322.7,-0.091,0.037,0.04,0.994
4322.25,-0.091,0.037,0.04,0.994
4322.43,-0.091,0.037,0.04,0.994
4322.61,-0.091,0.037,0.04,0.994
4322.8,-0.091,0.037,0.04,0.994
4322.98,-0.091,0.037,0.04,0.994
4323.16,-0.091,0.037,0.04,0.994
4323.34,-0.091,0.037,0.04,0.994
4323.53,-0.091,0.037,0.04,0.994
4323.71,-0.092,0.037,0.04,0.994
4323.89,-0.091,0.037,0.04,0.994
4324.7,-0.092,0.037,0.04,0.994
4324.26,-0.092,0.037,0.04,0.994
4324.44,-0.091,0.037,0.04,0.994
4324.62,-0.091,0.037,0.04,0.994
4324.8,-0.091,0.037,0.04,0.994
4324.98,-0.091,0.037,0.04,0.994
4325.17,-0.092,0.037,0.04,0.994
4325.35,-0.091,0.037,0.04,0.994
4325.53,-0.092,0.037,0.04,0.994
4325.71,-0.092,0.037,0.04,0.994
4325.9,-0.092,0.037,0.04,0.994
4326.8,-0.092,0.037,0.04,0.994
4326.26,-0.092,0.037,0.04,0.994
4326.44,-0.092,0.037,0.04,0.994
4326.63,-0.092,0.037,0.04,0.994
4326.81,-0.092,0.037,0.04,0.994
4326.99,-0.092,0.037,0.04,0.994
4327.17,-0.092,0.037,0.04,0.994
4327.35,-0.092,0.037,0.04,0.994
4327.54,-0.091,0.037,0.04,0.994
4327.72,-0.091,0.037,0.04,0.994
4327.9,-0.091,0.037,0.04,0.994
4328.8,-0.091,0.037,0.04,0.994
4328.27,-0.091,0.037,0.04,0.994
4328.45,-0.091,0.037,0.04,0.994
4329.91,-0.092,0.037,0.04,0.994
4330.9,-0.091,0.037,0.04,0.994
4330.27,-0.091,0.037,0.04,0.994
4330.45,-0.092,0.037,0.04,0.994
4330.64,-0.092,0.037,0.04,0.994
4330.82,-0.092,0.037,0.04,0.994
4331.0,-0.091,0.037,0.04,0.994
4331.18,-0.092,0.037,0.04,0.994
4331.36,-0.092,0.037,0.04,0.994
4331.55,-0.091,0.037,0.04,0.994
4331.73,-0.092,0.037,0.04,0.994
4331.91,-0.092,0.037,0.04,0.994
4332.9,-0.092,0.037,0.04,0.994
4332.28,-0.092,0.037,0.04,0.994
4332.46,-0.092,0.037,0.04,0.994
4332.64,-0.092,0.037,0.04,0.994
4332.82,-0.092,0.037,0.04,0.994
4333.0,-0.092,0.037,0.04,0.994
4333.19,-0.092,0.037,0.04,0.994
4333.37,-0.092,0.037,0.04,0.994
4333.55,-0.092,0.037,0.04,0.994
4333.73,-0.092,0.037,0.04,0.994
4333.92,-0.092,0.037,0.04,0.994
4334.1,-0.092,0.037,0.04,0.994
4334.28,-0.092,0.037,0.04,0.994
4334.46,-0.092,0.037,0.04,0.994
4334.65,-0.092,0.037,0.04,0.994
4334.83,-0.092,0.037,0.04,0.994
4335.1,-0.092,0.037,0.04,0.994
4335.19,-0.092,0.037,0.04,0.994
4335.37,-0.092,0.037,0.04,0.994
4335.56,-0.092,0.037,0.04,0.994
4335.74,-0.092,0.037,0.04,0.994
4335.92,-0.092,0.037,0.04,0.994
4336.1,-0.092,0.037,0.04,0.994
4336.29,-0.092,0.037,0.04,0.994
4336.47,-0.092,0.037,0.04,0.994
4336.65,-0.092,0.037,0.04,0.994
4336.83,-0.092,0.037,0.04,0.994
4337.1,-0.092,0.037,0.04,0.994
4337.2,-0.092,0.037,0.04,0.994
4337.38,-0.092,0.037,0.04,0.994
4337.56,-0.092,0.037,0.04,0.994
4337.74,-0.092,0.037,0.04,0.994
4337.93,-0.092,0.037,0.04,0.994
4338.11,-0.092,0.037,0.04,0.994
4338.29,-0.092,0.037,0.04,0.994
4338.47,-0.092,0.037,0.04,0.994
4338.66,-0.092,0.037,0.04,0.994
4338.84,-0.092,0.037,0.04,0.994
4339.2,-0.092,0.037,0.04,0.994
4339.2,-0.092,0.037,0.04,0.994
4339.38,-0.092,0.037,0.04,0.994
4339.57,-0.092,0.037,0.04,0.994
4339.75,-0.092,0.037,0.04,0.994
4339.93,-0.092,0.037,0.04,0.994
4340.11,-0.092,0.037,0.04,0.994
4340.3,-0.092,0.037,0.04,0.994
4340.48,-0.092,0.037,0.04,0.994
4340.66,-0.091,0.037,0.04,0.994
4340.84,-0.092,0.037,0.04,0.994
4341.3,-0.092,0.037,0.04,0.994
4341.21,-0.092,0.037,0.04,0.994
4341.39,-0.092,0.037,0.04,0.994
4341.57,-0.092,0.037,0.04,0.994
4341.75,-0.092,0.037,0.04,0.994
4341.94,-0.092,0.037,0.04,0.994
4342.12,-0.092,0.037,0.04,0.994
4342.3,-0.092,0.037,0.04,0.994
4342.48,-0.092,0.037,0.04,0.994
4342.67,-0.092,0.037,0.04,0.994
4342.85,-0.092,0.037,0.04,0.994
4343.3,-0.092,0.037,0.04,0.994
4343.21,-0.092,0.037,0.04,0.994
4343.39,-0.092,0.037,0.04,0.994
4343.58,-0.092,0.037,0.04,0.994
4343.76,-0.092,0.037,0.04,0.994
4343.94,-0.092,0.037,0.04,0.994
4344.12,-0.092,0.037,0.04,0.994
4344.31,-0.092,0.037,0.04,0.994
4344.49,-0.092,0.037,0.04,0.994
4344.67,-0.092,0.037,0.04,0.994
4344.85,-0.092,0.037,0.04,0.994
4345.3,-0.092,0.037,0.04,0.994
4345.22,-0.092,0.037,0.04,0.994
4345.4,-0.092,0.037,0.04,0.994
4345.58,-0.092,0.037,0.041,0.994
4349.96,-0.092,0.037,0.041,0.994
4350.14,-0.092,0.037,0.041,0.994
4350.32,-0.092,0.037,0.041,0.994
4350.5,-0.092,0.037,0.041,0.994
4350.68,-0.092,0.037,0.041,0.994
4350.87,-0.092,0.037,0.041,0.994
4351.5,-0.092,0.037,0.041,0.994
4351.23,-0.092,0.037,0.041,0.994
4351.41,-0.092,0.037,0.041,0.994
4351.6,-0.092,0.037,0.041,0.994
4351.78,-0.092,0.037,0.041,0.994
4351.96,-0.092,0.037,0.041,0.994
4352.14,-0.092,0.037,0.041,0.994
4352.33,-0.092,0.037,0.041,0.994
4352.51,-0.092,0.037,0.041,0.994
4352.69,-0.092,0.037,0.041,0.994
4352.87,-0.092,0.037,0.041,0.994
4353.5,-0.092,0.037,0.041,0.994
4353.24,-0.092,0.037,0.041,0.994
4353.42,-0.092,0.037,0.041,0.994
4353.6,-0.092,0.037,0.041,0.994
4353.78,-0.092,0.037,0.041,0.994
4353.97,-0.092,0.037,0.041,0.994
4354.15,-0.092,0.037,0.041,0.994
4354.33,-0.092,0.037,0.041,0.994
4354.51,-0.092,0.037,0.041,0.994
4354.7,-0.092,0.037,0.041,0.994
4354.88,-0.092,0.037,0.041,0.994
4355.6,-0.092,0.037,0.041,0.994
4355.24,-0.092,0.037,0.041,0.994
4355.42,-0.092,0.037,0.041,0.994
4355.61,-0.092,0.037,0.041,0.994
4355.79,-0.092,0.037,0.041,0.994
4355.97,-0.092,0.037,0.041,0.994
4356.15,-0.092,0.037,0.041,0.994
4356.34,-0.092,0.037,0.041,0.994
4356.52,-0.092,0.037,0.041,0.994
4356.7,-0.092,0.037,0.041,0.994
4356.88,-0.092,0.037,0.041,0.994
4357.6,-0.092,0.037,0.041,0.994
4357.25,-0.092,0.037,0.041,0.994
4357.43,-0.092,0.037,0.041,0.994
4357.61,-0.092,0.037,0.041,0.994
4359.25,-0.092,0.037,0.041,0.994
4359.43,-0.092,0.037,0.041,0.994
4359.62,-0.092,0.037,0.041,0.994
4359.8,-0.092,0.037,0.041,0.994
4359.98,-0.092,0.037,0.041,0.994
4360.16,-0.092,0.037,0.041,0.994
4360.35,-0.092,0.037,0.041,0.994
4360.53,-0.092,0.037,0.041,0.994
4360.71,-0.092,0.037,0.041,0.994
4360.89,-0.092,0.037,0.041,0.994
4361.8,-0.092,0.037,0.041,0.994
4361.26,-0.092,0.037,0.041,0.994
4361.44,-0.092,0.037,0.041,0.994
4361.62,-0.091,0.037,0.041,0.994
4361.8,-0.091,0.037,0.041,0.994
4361.99,-0.091,0.037,0.041,0.994
4362.17,-0.092,0.037,0.041,0.994
4362.35,-0.092,0.037,0.041,0.994
4362.53,-0.092,0.037,0.041,0.994
4362.72,-0.092,0.037,0.041,0.994
4362.9,-0.092,0.037,0.041,0.994
4363.8,-0.092,0.037,0.041,0.994
4363.26,-0.092,0.037,0.041,0.994
4363.44,-0.092,0.037,0.041,0.994
4363.63,-0.092,0.037,0.041,0.994
4363.81,-0.091,0.037,0.041,0.994
4363.99,-0.092,0.037,0.041,0.994
4364.17,-0.091,0.037,0.041,0.994
4365.27,-0.092,0.037,0.042,0.994
4365.45,-0.092,0.037,0.042,0.994
4365.63,-0.092,0.037,0.042,0.994
4365.81,-0.092,0.037,0.042,0.994
4366.0,-0.092,0.037,0.042,0.994
4366.18,-0.092,0.037,0.042,0.994
4366.36,-0.092,0.037,0.042,0.994
4366.54,-0.092,0.037,0.042,0.994
4366.73,-0.091,0.037,0.042,0.994
4366.91,-0.092,0.037,0.042,0.994
4367.9,-0.092,0.037,0.042,0.994
4367.27,-0.092,0.037,0.042,0.994
4367.45,-0.092,0.037,0.042,0.994
4367.64,-0.092,0.037,0.042,0.994
4367.82,-0.092,0.037,0.042,0.994
4368.0,-0.092,0.037,0.042,0.994
4368.18,-0.092,0.037,0.042,0.994
4368.37,-0.091,0.037,0.042,0.994
4368.55,-0.091,0.037,0.042,0.994
4368.73,-0.091,0.037,0.042,0.994
4368.91,-0.091,0.037,0.042,0.994
4369.1,-0.091,0.037,0.042,0.994
4369.28,-0.091,0.037,0.042,0.994
4369.46,-0.091,0.037,0.042,0.994
4369.64,-0.091,0.037,0.042,0.994
4369.82,-0.091,0.037,0.042,0.994
4370.1,-0.091,0.037,0.042,0.994
4370.19,-0.091,0.037,0.042,0.994
4370.37,-0.092,0.037,0.042,0.994
4370.55,-0.092,0.037,0.042,0.994
4370.74,-0.092,0.037,0.042,0.994
4370.92,-0.092,0.037,0.042,0.994
4371.1,-0.092,0.037,0.042,0.994
4371.28,-0.092,0.037,0.042,0.994
4371.47,-0.092,0.037,0.042,0.994
4371.65,-0.092,0.037,0.042,0.994
4371.83,-0.092,0.037,0.042,0.994
4372.1,-0.091,0.037,0.042,0.994
4372.19,-0.092,0.037,0.042,0.994
4372.38,-0.092,0.037,0.042,0.994
4372.56,-0.092,0.037,0.042,0.994
4372.74,-0.092,0.037,0.042,0.994
4372.92,-0.092,0.037,0.042,0.994
4373.11,-0.092,0.037,0.042,0.994
4373.29,-0.092,0.037,0.042,0.994
4373.47,-0.092,0.037,0.042,0.994
4373.65,-0.092,0.037,0.042,0.994
4373.84,-0.092,0.037,0.042,0.994
4374.2,-0.092,0.037,0.042,0.994
4374.2,-0.092,0.037,0.042,0.994
4374.38,-0.092,0.037,0.042,0.994
4374.56,-0.092,0.037,0.042,0.994
4374.75,-0.092,0.037,0.042,0.994
4374.93,-0.092,0.037,0.042,0.994
4375.11,-0.092,0.037,0.042,0.994
4375.29,-0.092,0.037,0.042,0.994
4375.48,-0.092,0.037,0.042,0.994
4376.57,-0.091,0.037,0.042,0.994
4376.75,-0.091,0.037,0.042,0.994
4376.93,-0.091,0.037,0.042,0.994
4377.12,-0.091,0.037,0.042,0.994
4377.3,-0.092,0.037,0.042,0.994
4377.48,-0.091,0.037,0.042,0.994
4377.66,-0.091,0.037,0.042,0.994
4377.85,-0.092,0.037,0.042,0.994
4378.3,-0.092,0.037,0.042,0.994
4378.21,-0.092,0.037,0.042,0.994
4378.39,-0.092,0.037,0.042,0.994
4378.58,-0.092,0.037,0.042,0.994
4378.76,-0.092,0.037,0.042,0.994
4378.94,-0.092,0.037,0.042,0.994
4379.12,-0.092,0.037,0.042,0.994
4379.3,-0.092,0.037,0.042,0.994
4379.49,-0.092,0.037,0.042,0.994
4379.67,-0.092,0.037,0.042,0.994
4379.85,-0.092,0.037,0.042,0.994
4380.3,-0.092,0.037,0.042,0.994
4380.22,-0.092,0.037,0.042,0.994
4380.4,-0.092,0.037,0.042,0.994
4380.58,-0.092,0.037,0.042,0.994
4380.76,-0.092,0.037,0.042,0.994
4380.94,-0.092,0.037,0.042,0.994
4381.13,-0.092,0.037,0.042,0.994
4381.31,-0.092,0.037,0.042,0.994
4381.49,-0.092,0.037,0.042,0.994
4381.67,-0.092,0.037,0.042,0.994
4381.86,-0.092,0.037,0.042,0.994
4382.4,-0.092,0.037,0.042,0.994
4382.22,-0.092,0.037,0.042,0.994
4382.4,-0.091,0.037,0.042,0.994
4382.59,-0.092,0.037,0.042,0.994
4382.77,-0.092,0.037,0.042,0.994
4383.86,-0.092,0.037,0.042,0.994
4384.4,-0.092,0.037,0.042,0.994
4384.23,-0.092,0.037,0.042,0.994
4384.41,-0.092,0.037,0.042,0.994
4384.59,-0.092,0.037,0.042,0.994
4384.77,-0.092,0.037,0.042,0.994
4384.96,-0.092,0.037,0.042,0.994
4385.14,-0.092,0.037,0.042,0.994
4385.32,-0.092,0.037,0.042,0.994
4385.5,-0.092,0.037,0.042,0.994
4385.68,-0.092,0.037,0.042,0.994
4385.87,-0.092,0.037,0.042,0.994
4386.5,-0.092,0.037,0.042,0.994
4386.23,-0.092,0.037,0.042,0.994
4386.41,-0.092,0.037,0.042,0.994
4386.6,-0.092,0.037,0.042,0.994
4386.78,-0.092,0.037,0.042,0.994
4386.96,-0.092,0.037,0.042,0.994
4387.14,-0.092,0.037,0.042,0.994
4387.33,-0.092,0.037,0.042,0.994
4387.51,-0.092,0.037,0.042,0.994
4387.69,-0.092,0.037,0.042,0.994
4387.87,-0.091,0.037,0.042,0.994
4388.5,-0.092,0.037,0.042,0.994
4388.24,-0.092,0.037,0.042,0.994
4388.42,-0.092,0.037,0.042,0.994
4388.6,-0.092,0.037,0.042,0.994
4388.78,-0.092,0.037,0.042,0.994
4388.97,-0.092,0.037,0.042,0.994
4389.15,-0.092,0.037,0.042,0.994
4389.33,-0.092,0.037,0.042,0.994
4389.51,-0.092,0.037,0.042,0.994
4389.7,-0.092,0.037,0.042,0.994
4389.88,-0.092,0.037,0.042,0.994
4390.6,-0.092,0.037,0.042,0.994
4390.24,-0.092,0.037,0.042,0.994
4390.42,-0.092,0.037,0.042,0.994
4390.61,-0.092,0.037,0.042,0.994
4390.79,-0.092,0.037,0.042,0.994
4390.97,-0.092,0.037,0.042,0.994
4391.15,-0.092,0.037,0.042,0.994
4391.34,-0.092,0.036,0.042,0.994
4391.52,-0.092,0.037,0.042,0.994
4391.7,-0.092,0.037,0.042,0.994
4391.88,-0.092,0.037,0.042,0.994
4392.7,-0.092,0.037,0.042,0.994
4392.25,-0.092,0.037,0.042,0.994
4392.43,-0.092,0.037,0.042,0.994
4392.61,-0.092,0.037,0.042,0.994
4392.79,-0.092,0.037,0.042,0.994
4392.98,-0.092,0.037,0.042,0.994
4393.16,-0.092,0.037,0.043,0.994
4393.34,-0.092,0.037,0.043,0.994
4393.52,-0.092,0.037,0.043,0.994
4393.71,-0.092,0.037,0.043,0.994
4393.89,-0.092,0.037,0.043,0.994
4394.7,-0.092,0.037,0.043,0.994
4394.25,-0.092,0.037,0.043,0.994
4394.43,-0.092,0.037,0.043,0.994
4394.62,-0.092,0.037,0.043,0.994
4394.8,-0.092,0.037,0.043,0.994
4394.98,-0.092,0.037,0.043,0.994
4395.16,-0.092,0.037,0.043,0.994
4395.35,-0.092,0.037,0.043,0.994
4395.53,-0.092,0.037,0.043,0.994
4395.71,-0.092,0.037,0.043,0.994
4395.89,-0.092,0.037,0.043,0.994
4396.8,-0.092,0.037,0.043,0.994
4396.26,-0.092,0.037,0.043,0.994
4396.44,-0.092,0.037,0.043,0.994
4396.62,-0.092,0.037,0.043,0.994
4396.8,-0.092,0.037,0.043,0.994
4396.99,-0.092,0.037,0.043,0.994
4397.17,-0.092,0.037,0.043,0.994
4397.35,-0.092,0.037,0.043,0.994
4397.53,-0.092,0.037,0.043,0.994
4397.72,-0.092,0.037,0.043,0.994
4397.9,-0.091,0.037,0.043,0.994
4398.8,-0.091,0.037,0.043,0.994
4398.26,-0.091,0.037,0.043,0.994
4398.45,-0.091,0.037,0.043,0.994
4398.63,-0.091,0.037,0.043,0.994
4398.81,-0.091,0.037,0.043,0.994
4398.99,-0.091,0.037,0.043,0.994
4399.17,-0.091,0.037,0.043,0.994
4399.36,-0.092,0.037,0.043,0.994
4399.54,-0.092,0.037,0.043,0.994
4399.72,-0.091,0.037,0.043,0.994
4399.9,-0.091,0.037,0.043,0.994
4400.9,-0.091,0.037,0.043,0.994
4400.27,-0.091,0.037,0.043,0.994
4400.45,-0.091,0.037,0.043,0.994
4400.63,-0.091,0.037,0.043,0.994
4400.81,-0.091,0.037,0.043,0.994
4401.0,-0.091,0.037,0.043,0.994
4401.18,-0.091,0.037,0.043,0.994
4401.36,-0.091,0.037,0.043,0.994
4401.54,-0.091,0.037,0.043,0.994
4401.73,-0.092,0.037,0.043,0.994
4401.91,-0.091,0.037,0.043,0.994
4402.9,-0.091,0.037,0.043,0.994
4402.27,-0.091,0.037,0.043,0.994
4402.46,-0.092,0.037,0.043,0.994
4402.64,-0.091,0.037,0.043,0.994
4402.82,-0.092,0.037,0.043,0.994
4403.0,-0.092,0.037,0.043,0.994
4403.18,-0.092,0.037,0.043,0.994
4403.37,-0.092,0.037,0.043,0.994
4404.46,-0.092,0.037,0.043,0.994
4404.64,-0.092,0.037,0.043,0.994
4404.83,-0.092,0.037,0.043,0.994
4405.1,-0.092,0.037,0.043,0.994
4405.19,-0.092,0.037,0.043,0.994
4405.37,-0.091,0.037,0.043,0.994
4405.55,-0.091,0.037,0.043,0.994
4405.74,-0.091,0.037,0.043,0.994
4405.92,-0.091,0.037,0.043,0.994
4406.1,-0.092,0.037,0.043,0.994
4406.28,-0.092,0.037,0.043,0.994
4406.47,-0.092,0.037,0.043,0.994
4406.65,-0.092,0.037,0.043,0.994
4406.83,-0.092,0.037,0.043,0.994
4407.1,-0.092,0.037,0.043,0.994
4407.2,-0.092,0.037,0.043,0.994
4407.38,-0.092,0.037,0.043,0.994
4408.29,-0.092,0.037,0.043,0.994
4408.47,-0.092,0.037,0.043,0.994
4408.65,-0.092,0.037,0.043,0.994
4408.84,-0.092,0.037,0.043,0.994
4409.2,-0.092,0.037,0.043,0.994
4409.2,-0.092,0.037,0.043,0.994
4409.38,-0.092,0.037,0.043,0.994
4409.57,-0.092,0.037,0.043,0.994
4409.75,-0.092,0.037,0.043,0.994
4409.93,-0.092,0.037,0.043,0.994
4410.11,-0.092,0.037,0.043,0.994
4410.29,-0.092,0.037,0.043,0.994
4410.48,-0.092,0.037,0.043,0.994
4410.66,-0.092,0.037,0.043,0.994
4410.84,-0.092,0.037,0.043,0.994
4411.2,-0.092,0.037,0.043,0.994
4411.21,-0.092,0.037,0.043,0.994
4411.39,-0.092,0.037,0.043,0.994
4411.57,-0.092,0.037,0.043,0.994
4411.75,-0.092,0.037,0.043,0.994
4411.94,-0.092,0.037,0.043,0.994
4412.12,-0.092,0.037,0.043,0.994
4412.3,-0.091,0.037,0.043,0.994
4412.48,-0.091,0.037,0.043,0.994
4412.66,-0.091,0.037,0.043,0.994
4412.85,-0.091,0.037,0.043,0.994
4413.3,-0.091,0.037,0.043,0.994
4413.21,-0.091,0.037,0.043,0.994
4413.39,-0.091,0.037,0.043,0.994
4413.58,-0.091,0.037,0.043,0.994
4413.76,-0.092,0.037,0.043,0.994
4413.94,-0.092,0.037,0.043,0.994
4414.12,-0.092,0.037,0.043,0.994
4414.3,-0.092,0.037,0.043,0.994
4414.49,-0.092,0.037,0.043,0.994
4414.67,-0.092,0.037,0.043,0.994
4414.85,-0.092,0.037,0.043,0.994
4415.3,-0.092,0.037,0.043,0.994
4415.22,-0.092,0.037,0.043,0.994
4415.4,-0.092,0.037,0.043,0.994
4415.58,-0.092,0.037,0.043,0.994
4415.76,-0.092,0.037,0.043,0.994
4415.95,-0.092,0.037,0.043,0.994
4416.13,-0.092,0.037,0.043,0.994
4416.31,-0.092,0.037,0.043,0.994
4416.49,-0.092,0.037,0.043,0.994
4416.67,-0.092,0.037,0.043,0.994
4416.86,-0.092,0.037,0.043,0.994
4417.4,-0.092,0.037,0.043,0.994
4417.22,-0.092,0.037,0.043,0.994
4417.4,-0.092,0.037,0.043,0.994
4417.59,-0.092,0.037,0.043,0.994
4417.77,-0.092,0.037,0.043,0.994
4417.95,-0.092,0.037,0.043,0.994
4418.13,-0.092,0.037,0.043,0.994
4418.32,-0.092,0.037,0.043,0.994
4418.5,-0.092,0.037,0.043,0.994
4418.68,-0.092,0.037,0.043,0.994
4418.86,-0.092,0.037,0.043,0.994
4419.4,-0.092,0.037,0.043,0.994
4419.23,-0.092,0.037,0.043,0.994
4419.41,-0.092,0.037,0.043,0.994
4419.59,-0.092,0.037,0.043,0.994
4419.77,-0.092,0.037,0.043,0.994
4419.96,-0.091,0.037,0.043,0.994
4420.14,-0.092,0.037,0.043,0.994
4420.32,-0.092,0.037,0.043,0.994
4420.5,-0.092,0.037,0.043,0.994
4422.14,-0.091,0.037,0.043,0.994
4422.33,-0.092,0.037,0.043,0.994
4422.51,-0.092,0.037,0.043,0.994
4422.69,-0.092,0.037,0.043,0.994
4422.87,-0.092,0.037,0.043,0.994
4423.5,-0.092,0.037,0.043,0.994
4423.24,-0.092,0.037,0.043,0.994
4423.42,-0.092,0.037,0.043,0.994
4423.6,-0.092,0.037,0.043,0.994
4423.78,-0.092,0.037,0.043,0.994
4423.97,-0.092,0.037,0.043,0.994
4429.25,-0.092,0.037,0.043,0.994
4429.44,-0.092,0.037,0.043,0.994
4429.62,-0.092,0.037,0.043,0.994
4429.8,-0.092,0.037,0.043,0.994
4429.98,-0.092,0.037,0.043,0.994
4430.16,-0.092,0.037,0.043,0.994
4430.35,-0.091,0.037,0.043,0.994
4430.53,-0.092,0.037,0.043,0.994
4430.71,-0.092,0.037,0.043,0.994
4430.89,-0.092,0.037,0.043,0.994
4431.8,-0.092,0.037,0.043,0.994
4431.26,-0.092,0.037,0.043,0.994
4431.44,-0.092,0.037,0.043,0.994
4431.62,-0.092,0.037,0.043,0.994
4431.81,-0.092,0.037,0.043,0.994
4431.99,-0.092,0.037,0.043,0.994
4432.17,-0.092,0.037,0.043,0.994
4432.35,-0.092,0.037,0.043,0.994
4432.53,-0.092,0.037,0.043,0.994
4432.72,-0.092,0.037,0.043,0.994
4432.9,-0.092,0.037,0.043,0.994
4433.8,-0.092,0.037,0.043,0.994
4433.26,-0.092,0.037,0.043,0.994
4433.45,-0.092,0.037,0.043,0.994
4433.63,-0.092,0.037,0.043,0.994
4433.81,-0.092,0.037,0.043,0.994
4433.99,-0.092,0.037,0.043,0.994
4434.17,-0.092,0.037,0.043,0.994
4434.36,-0.092,0.037,0.043,0.994
4434.54,-0.092,0.037,0.043,0.994
4434.72,-0.092,0.037,0.043,0.994
4434.9,-0.092,0.037,0.043,0.994
4435.9,-0.092,0.037,0.043,0.994
4435.27,-0.092,0.037,0.043,0.994
4435.45,-0.092,0.037,0.043,0.994
4435.63,-0.092,0.037,0.043,0.994
4435.82,-0.092,0.037,0.043,0.994
4436.0,-0.092,0.037,0.043,0.994
4436.18,-0.092,0.037,0.043,0.994
4437.27,-0.092,0.037,0.043,0.994
4437.46,-0.092,0.037,0.043,0.994
4437.64,-0.092,0.037,0.043,0.994
4437.82,-0.092,0.037,0.043,0.994
4438.0,-0.092,0.037,0.043,0.994
4438.19,-0.092,0.037,0.043,0.994
4438.37,-0.092,0.037,0.043,0.994
4438.55,-0.092,0.037,0.043,0.994
4438.73,-0.092,0.037,0.043,0.994
4438.91,-0.092,0.037,0.043,0.994
4439.1,-0.092,0.037,0.043,0.994
4439.28,-0.092,0.037,0.043,0.994
4439.46,-0.092,0.037,0.043,0.994
4439.64,-0.092,0.037,0.043,0.994
4439.83,-0.092,0.037,0.043,0.994
4440.1,-0.092,0.037,0.043,0.994
4440.19,-0.092,0.037,0.043,0.994
4440.37,-0.092,0.037,0.043,0.994
4440.55,-0.092,0.037,0.043,0.994
4440.74,-0.092,0.037,0.043,0.994
4440.92,-0.092,0.037,0.043,0.994
4441.1,-0.092,0.037,0.043,0.994
4441.28,-0.092,0.037,0.043,0.994
4441.47,-0.092,0.037,0.043,0.994
4441.65,-0.092,0.037,0.043,0.994
4441.83,-0.092,0.037,0.043,0.994
4442.1,-0.092,0.037,0.043,0.994
4442.2,-0.092,0.037,0.043,0.994
4442.38,-0.092,0.037,0.043,0.994
4442.56,-0.092,0.037,0.043,0.994
4442.74,-0.092,0.037,0.043,0.994
4442.92,-0.092,0.037,0.043,0.994
4444.2,-0.092,0.037,0.043,0.994
4444.2,-0.092,0.037,0.043,0.994
4444.38,-0.092,0.037,0.043,0.994
4444.56,-0.092,0.037,0.043,0.994
4444.75,-0.092,0.037,0.043,0.994
4444.93,-0.092,0.037,0.043,0.994
4445.11,-0.092,0.037,0.043,0.994
4445.29,-0.092,0.037,0.043,0.994
4445.48,-0.092,0.037,0.043,0.994
4445.66,-0.092,0.037,0.043,0.994
4445.84,-0.091,0.037,0.043,0.994
4446.2,-0.091,0.037,0.043,0.994
4446.21,-0.091,0.037,0.043,0.994
4446.39,-0.091,0.037,0.043,0.994
4446.57,-0.091,0.037,0.043,0.994
4446.75,-0.091,0.037,0.043,0.994
4446.93,-0.092,0.037,0.043,0.994
4447.12,-0.092,0.037,0.043,0.994
4447.3,-0.092,0.037,0.043,0.994
4447.48,-0.092,0.037,0.043,0.994
4447.66,-0.092,0.037,0.043,0.994
4447.85,-0.092,0.037,0.043,0.994
4448.3,-0.092,0.037,0.043,0.994
4448.21,-0.092,0.037,0.043,0.994
4448.39,-0.092,0.037,0.043,0.994
4448.58,-0.092,0.037,0.043,0.994
4448.76,-0.092,0.037,0.043,0.994
4448.94,-0.092,0.037,0.043,0.994
4449.12,-0.092,0.037,0.043,0.994
4449.3,-0.092,0.037,0.043,0.994
4449.49,-0.092,0.037,0.043,0.994
4449.67,-0.092,0.037,0.043,0.994
4449.85,-0.092,0.037,0.043,0.994
4450.3,-0.092,0.037,0.043,0.994
4450.22,-0.092,0.037,0.043,0.994
4450.4,-0.092,0.037,0.043,0.994
4450.58,-0.092,0.037,0.043,0.994
4450.76,-0.092,0.037,0.043,0.994
4450.95,-0.092,0.037,0.043,0.994
4451.13,-0.092,0.037,0.043,0.994
4451.31,-0.092,0.037,0.043,0.994
4451.49,-0.092,0.037,0.043,0.994
4451.67,-0.092,0.037,0.043,0.994
4451.86,-0.092,0.037,0.043,0.994
4452.4,-0.092,0.037,0.043,0.994
4452.22,-0.092,0.037,0.043,0.994
4452.4,-0.092,0.037,0.043,0.994
4452.59,-0.092,0.037,0.043,0.994
4452.77,-0.092,0.037,0.043,0.994
4452.95,-0.092,0.037,0.043,0.994
4453.13,-0.092,0.037,0.043,0.994
4453.32,-0.092,0.037,0.043,0.994
4453.5,-0.092,0.037,0.043,0.994
4453.68,-0.092,0.037,0.043,0.994
4453.86,-0.092,0.037,0.043,0.994
4454.4,-0.092,0.037,0.043,0.994
4454.23,-0.092,0.037,0.043,0.994
4454.41,-0.092,0.037,0.043,0.994
4454.59,-0.092,0.037,0.043,0.994
4454.77,-0.092,0.037,0.043,0.994
4454.96,-0.092,0.037,0.043,0.994
4455.14,-0.092,0.037,0.043,0.994
4455.32,-0.092,0.037,0.043,0.994
4455.5,-0.092,0.037,0.043,0.994
4455.69,-0.092,0.037,0.043,0.994
4455.87,-0.092,0.037,0.043,0.994
4456.5,-0.091,0.037,0.043,0.994
4456.23,-0.092,0.037,0.043,0.994
4456.41,-0.092,0.037,0.043,0.994
4456.6,-0.091,0.037,0.043,0.994
4456.78,-0.091,0.037,0.043,0.994
4456.96,-0.091,0.037,0.043,0.994
4457.14,-0.091,0.037,0.043,0.994
4457.33,-0.091,0.037,0.043,0.994
4457.51,-0.091,0.037,0.043,0.994
4457.69,-0.091,0.037,0.043,0.994
4457.87,-0.091,0.037,0.043,0.994
4458.6,-0.091,0.037,0.043,0.994
4458.24,-0.092,0.037,0.043,0.994
4458.42,-0.091,0.037,0.043,0.994
4458.6,-0.092,0.037,0.043,0.994
4458.78,-0.092,0.037,0.043,0.994
4458.97,-0.092,0.037,0.043,0.994
4459.15,-0.092,0.037,0.043,0.994
4459.33,-0.092,0.037,0.043,0.994
4459.51,-0.092,0.037,0.043,0.994
4459.7,-0.091,0.037,0.043,0.994
4459.88,-0.092,0.037,0.043,0.994
4460.6,-0.092,0.037,0.043,0.994
4460.24,-0.092,0.037,0.043,0.994
4460.43,-0.092,0.037,0.043,0.994
4460.61,-0.092,0.037,0.043,0.994
4460.79,-0.092,0.037,0.043,0.994
4460.97,-0.092,0.037,0.043,0.994
4461.15,-0.092,0.037,0.043,0.994
4461.34,-0.092,0.037,0.043,0.994
4461.52,-0.092,0.037,0.043,0.994
4461.7,-0.092,0.037,0.043,0.994
4461.88,-0.092,0.037,0.043,0.994
4462.7,-0.092,0.037,0.043,0.994
4462.25,-0.092,0.037,0.043,0.994
4462.43,-0.092,0.037,0.043,0.994
4465.89,-0.092,0.037,0.043,0.994
4466.8,-0.092,0.037,0.043,0.994
4466.26,-0.092,0.037,0.043,0.994
4466.44,-0.092,0.037,0.043,0.994
4466.62,-0.092,0.037,0.043,0.994
4466.81,-0.092,0.037,0.043,0.994
4466.99,-0.092,0.037,0.043,0.994
4467.17,-0.092,0.037,0.043,0.994
4467.35,-0.092,0.037,0.043,0.994
4467.54,-0.092,0.037,0.043,0.994
4467.72,-0.092,0.037,0.043,0.994
4473.0,-0.092,0.037,0.043,0.994
4473.19,-0.092,0.037,0.044,0.994
4473.37,-0.092,0.037,0.043,0.994
4473.55,-0.092,0.037,0.043,0.994
4473.73,-0.092,0.037,0.044,0.994
4473.92,-0.092,0.037,0.044,0.994
4474.1,-0.092,0.037,0.043,0.994
4474.28,-0.092,0.037,0.043,0.994
4474.46,-0.092,0.037,0.043,0.994
4474.64,-0.092,0.037,0.044,0.994
4474.83,-0.092,0.037,0.043,0.994
4475.1,-0.092,0.037,0.044,0.994
4475.19,-0.092,0.037,0.043,0.994
4475.37,-0.092,0.037,0.043,0.994
4475.56,-0.092,0.037,0.043,0.994
4475.74,-0.092,0.037,0.043,0.994
4475.92,-0.092,0.037,0.043,0.994
4476.1,-0.092,0.037,0.043,0.994
4476.29,-0.092,0.037,0.044,0.994
4476.47,-0.092,0.037,0.044,0.994
4476.65,-0.092,0.037,0.044,0.994
4476.83,-0.092,0.037,0.044,0.994
4477.1,-0.092,0.037,0.044,0.994
4477.2,-0.092,0.037,0.044,0.994
4477.38,-0.092,0.037,0.044,0.994
4477.56,-0.092,0.037,0.044,0.994
4477.74,-0.092,0.037,0.044,0.994
4477.93,-0.092,0.037,0.043,0.994
4478.11,-0.092,0.037,0.043,0.994
4478.29,-0.092,0.037,0.043,0.994
4479.2,-0.092,0.037,0.043,0.994
4479.38,-0.092,0.037,0.043,0.994
4479.57,-0.092,0.037,0.043,0.994
4479.75,-0.092,0.037,0.043,0.994
4479.93,-0.092,0.037,0.043,0.994
4480.11,-0.092,0.037,0.043,0.994
4480.3,-0.092,0.037,0.044,0.994
4480.48,-0.092,0.037,0.043,0.994
4480.66,-0.092,0.037,0.043,0.994
4480.84,-0.092,0.037,0.043,0.994
4481.2,-0.091,0.037,0.043,0.994
4486.31,-0.092,0.037,0.044,0.994
4486.49,-0.092,0.037,0.044,0.994
4486.67,-0.092,0.037,0.044,0.994
4486.86,-0.092,0.037,0.044,0.994
4487.4,-0.092,0.037,0.044,0.994
4487.22,-0.092,0.037,0.044,0.994
4487.4,-0.092,0.037,0.044,0.994
4487.59,-0.092,0.037,0.044,0.994
4487.77,-0.092,0.037,0.044,0.994
4487.95,-0.092,0.037,0.044,0.994
4488.13,-0.092,0.037,0.044,0.994
4488.31,-0.092,0.037,0.044,0.994
4488.5,-0.092,0.037,0.044,0.994
4488.68,-0.092,0.037,0.044,0.994
4488.86,-0.092,0.037,0.044,0.994
4489.4,-0.092,0.037,0.044,0.994
4489.23,-0.092,0.037,0.044,0.994
4489.41,-0.092,0.037,0.044,0.994
4489.59,-0.092,0.037,0.044,0.994
4489.77,-0.092,0.037,0.044,0.994
4489.95,-0.092,0.037,0.044,0.994
4490.14,-0.092,0.037,0.044,0.994
4490.32,-0.092,0.037,0.044,0.994
4490.5,-0.092,0.037,0.044,0.994
4490.68,-0.091,0.037,0.044,0.994
4490.87,-0.091,0.037,0.044,0.994
4491.5,-0.091,0.037,0.044,0.994
4491.23,-0.091,0.037,0.044,0.994
4491.41,-0.091,0.037,0.044,0.994
4491.6,-0.091,0.037,0.044,0.994
4491.78,-0.091,0.037,0.044,0.994
4491.96,-0.091,0.037,0.044,0.994
4492.14,-0.091,0.037,0.044,0.994
4492.32,-0.091,0.037,0.044,0.994
4492.51,-0.091,0.037,0.044,0.994
4492.69,-0.091,0.037,0.044,0.994
4492.87,-0.091,0.037,0.044,0.994
4493.5,-0.091,0.037,0.044,0.994
4493.24,-0.091,0.037,0.044,0.994
4493.42,-0.092,0.037,0.044,0.994
4493.6,-0.092,0.037,0.044,0.994
4493.78,-0.092,0.037,0.044,0.994
4493.96,-0.092,0.037,0.044,0.994
4494.15,-0.092,0.037,0.044,0.994
4494.33,-0.092,0.037,0.044,0.994
4494.51,-0.092,0.037,0.044,0.994
4494.69,-0.092,0.037,0.044,0.994
4494.88,-0.092,0.037,0.044,0.994
4495.6,-0.092,0.037,0.044,0.994
4495.24,-0.092,0.037,0.044,0.994
4495.42,-0.092,0.037,0.044,0.994
4496.33,-0.092,0.037,0.044,0.994
4496.52,-0.092,0.037,0.044,0.994
4496.7,-0.092,0.037,0.044,0.994
4496.88,-0.092,0.037,0.044,0.994
4497.6,-0.092,0.037,0.044,0.994
4497.25,-0.092,0.037,0.044,0.994
4497.43,-0.092,0.037,0.044,0.994
4497.61,-0.091,0.037,0.044,0.994
4497.79,-0.091,0.037,0.044,0.994
4497.97,-0.092,0.037,0.044,0.994
4498.16,-0.091,0.037,0.044,0.994
4498.34,-0.092,0.037,0.044,0.994
4498.52,-0.091,0.037,0.044,0.994
4498.7,-0.092,0.037,0.044,0.994
4498.89,-0.092,0.037,0.044,0.994
4499.7,-0.092,0.037,0.044,0.994
4499.25,-0.092,0.037,0.044,0.994
4499.43,-0.092,0.037,0.044,0.994
4499.61,-0.092,0.037,0.044,0.994
4499.8,-0.092,0.037,0.044,0.994
4499.98,-0.092,0.037,0.044,0.994
4500.16,-0.092,0.037,0.044,0.994
4500.34,-0.092,0.037,0.044,0.994
4500.53,-0.092,0.037,0.044,0.994
4500.71,-0.092,0.037,0.044,0.994
4500.89,-0.092,0.037,0.044,0.994
4501.7,-0.092,0.037,0.044,0.994
4501.25,-0.092,0.037,0.044,0.994
4501.44,-0.092,0.037,0.044,0.994
4501.62,-0.092,0.037,0.044,0.994
4501.8,-0.092,0.037,0.044,0.994
4501.98,-0.092,0.037,0.044,0.994
4502.17,-0.092,0.037,0.044,0.994
4502.35,-0.092,0.037,0.044,0.994
4502.53,-0.092,0.037,0.044,0.994
4502.71,-0.092,0.037,0.044,0.994
4502.9,-0.092,0.037,0.044,0.994
4503.8,-0.092,0.037,0.044,0.994
4503.26,-0.092,0.037,0.044,0.994
4503.44,-0.092,0.037,0.044,0.994
4503.62,-0.092,0.037,0.044,0.994
4503.81,-0.092,0.037,0.044,0.994
4503.99,-0.092,0.037,0.044,0.994
4504.17,-0.092,0.037,0.044,0.994
4504.35,-0.092,0.037,0.044,0.994
4504.54,-0.092,0.037,0.044,0.994
4504.72,-0.092,0.037,0.044,0.994
4504.9,-0.092,0.037,0.044,0.994
4505.8,-0.092,0.037,0.044,0.994
4505.26,-0.092,0.037,0.044,0.994
4505.45,-0.092,0.037,0.044,0.994
4505.63,-0.092,0.037,0.044,0.994
4505.81,-0.092,0.037,0.044,0.994
4505.99,-0.092,0.037,0.044,0.994
4506.18,-0.092,0.037,0.044,0.994
4509.82,-0.092,0.037,0.044,0.994
4510.0,-0.092,0.037,0.044,0.994
4510.18,-0.092,0.037,0.044,0.994
4510.37,-0.092,0.037,0.044,0.994
4510.55,-0.092,0.037,0.044,0.994
4510.73,-0.092,0.037,0.044,0.994
4510.91,-0.092,0.037,0.044,0.994
4511.1,-0.092,0.037,0.044,0.994
4511.28,-0.092,0.037,0.044,0.994
4511.46,-0.092,0.037,0.044,0.994
4511.64,-0.092,0.037,0.044,0.994
4511.83,-0.092,0.037,0.044,0.994
4512.1,-0.092,0.037,0.044,0.994
4512.19,-0.092,0.037,0.044,0.994
4512.37,-0.092,0.037,0.044,0.994
4512.55,-0.092,0.037,0.044,0.994
4512.74,-0.091,0.037,0.044,0.994
4512.92,-0.091,0.037,0.044,0.994
4513.1,-0.091,0.037,0.044,0.994
4513.28,-0.091,0.037,0.044,0.994
4513.47,-0.092,0.037,0.044,0.994
4513.65,-0.091,0.037,0.044,0.994
4513.83,-0.091,0.036,0.044,0.994
4514.1,-0.091,0.037,0.044,0.994
4514.19,-0.091,0.037,0.044,0.994
4514.38,-0.091,0.037,0.044,0.994
4514.56,-0.091,0.037,0.044,0.994
4514.74,-0.092,0.037,0.044,0.994
4514.92,-0.091,0.037,0.044,0.994
4515.11,-0.091,0.037,0.044,0.994
4515.29,-0.091,0.037,0.044,0.994
4515.47,-0.091,0.037,0.044,0.994
4515.65,-0.092,0.037,0.044,0.994
4515.83,-0.092,0.037,0.044,0.994
4516.2,-0.092,0.037,0.044,0.994
4516.2,-0.092,0.037,0.044,0.994
4516.38,-0.092,0.037,0.044,0.994
4516.56,-0.092,0.037,0.044,0.994
4516.75,-0.092,0.036,0.044,0.994
4516.93,-0.092,0.037,0.044,0.994
4517.11,-0.092,0.037,0.044,0.994
4517.29,-0.092,0.037,0.044,0.994
4517.47,-0.092,0.037,0.044,0.994
4517.66,-0.092,0.037,0.044,0.994
4517.84,-0.092,0.037,0.044,0.994
4518.75,-0.091,0.037,0.044,0.994
4518.93,-0.091,0.037,0.044,0.994
4519.11,-0.091,0.037,0.044,0.994
4519.3,-0.091,0.037,0.044,0.994
4519.48,-0.091,0.037,0.044,0.994
4519.66,-0.091,0.037,0.044,0.994
4519.84,-0.091,0.037,0.044,0.994
4520.3,-0.091,0.037,0.044,0.994
4520.21,-0.091,0.037,0.044,0.994
4520.39,-0.091,0.037,0.044,0.994
4520.57,-0.091,0.037,0.044,0.994
4520.76,-0.091,0.037,0.044,0.994
4526.95,-0.092,0.037,0.044,0.994
4527.13,-0.092,0.037,0.044,0.994
4527.32,-0.092,0.037,0.044,0.994
4527.5,-0.092,0.037,0.044,0.994
4527.68,-0.092,0.037,0.044,0.994
4527.86,-0.092,0.037,0.044,0.994
4528.5,-0.092,0.037,0.044,0.994
4528.23,-0.092,0.037,0.044,0.994
4528.41,-0.092,0.037,0.044,0.994
4528.59,-0.092,0.037,0.044,0.994
4528.77,-0.092,0.037,0.044,0.994
4528.96,-0.092,0.037,0.044,0.994
4529.14,-0.092,0.037,0.044,0.994
4529.32,-0.092,0.037,0.044,0.994
4529.5,-0.092,0.037,0.044,0.994
4529.69,-0.092,0.037,0.044,0.994
4529.87,-0.092,0.037,0.044,0.994
4530.5,-0.092,0.037,0.044,0.994
4530.23,-0.092,0.037,0.044,0.994
4530.41,-0.092,0.037,0.044,0.994
4530.6,-0.092,0.037,0.044,0.994
4530.78,-0.092,0.037,0.044,0.994
4530.96,-0.092,0.037,0.044,0.994
4531.14,-0.092,0.037,0.044,0.994
4531.33,-0.092,0.037,0.044,0.994
4531.51,-0.092,0.037,0.044,0.994
4531.69,-0.092,0.037,0.044,0.994
4531.87,-0.092,0.037,0.044,0.994
4532.5,-0.092,0.037,0.044,0.994
4532.24,-0.092,0.037,0.044,0.994
4532.42,-0.092,0.037,0.044,0.994
4532.6,-0.092,0.037,0.044,0.994
4532.78,-0.092,0.036,0.044,0.994
4532.97,-0.092,0.036,0.044,0.994
4533.15,-0.092,0.037,0.044,0.994
4533.33,-0.092,0.037,0.044,0.994
4533.51,-0.092,0.036,0.045,0.994
4533.69,-0.092,0.037,0.045,0.994
4533.88,-0.092,0.036,0.045,0.994
4534.6,-0.092,0.037,0.045,0.994
4534.24,-0.092,0.037,0.045,0.994
4534.42,-0.092,0.037,0.045,0.994
4534.61,-0.092,0.037,0.045,0.994
4534.79,-0.092,0.037,0.045,0.994
4534.97,-0.092,0.037,0.045,0.994
4535.15,-0.092,0.037,0.045,0.994
4535.34,-0.092,0.036,0.045,0.994
4535.52,-0.092,0.037,0.045,0.994
4535.7,-0.092,0.036,0.045,0.994
4535.88,-0.092,0.037,0.045,0.994
4536.6,-0.092,0.036,0.045,0.994
4536.25,-0.092,0.037,0.045,0.993
4536.43,-0.092,0.036,0.045,0.994
4536.61,-0.092,0.036,0.045,0.994
4536.79,-0.092,0.037,0.045,0.994
4536.98,-0.092,0.037,0.045,0.994
4537.16,-0.092,0.036,0.045,0.994
4537.34,-0.092,0.037,0.045,0.994
4537.52,-0.092,0.036,0.045,0.993
4537.7,-0.092,0.037,0.045,0.993
4537.89,-0.092,0.036,0.045,0.994
4538.7,-0.092,0.037,0.045,0.993
4538.25,-0.092,0.036,0.045,0.993
4538.43,-0.092,0.037,0.045,0.994
4538.62,-0.092,0.037,0.045,0.994
4538.8,-0.092,0.037,0.045,0.993
4538.98,-0.092,0.037,0.045,0.993
4539.16,-0.092,0.037,0.045,0.993
4539.34,-0.092,0.037,0.045,0.993
4539.53,-0.092,0.037,0.045,0.993
4539.71,-0.092,0.037,0.045,0.993
4539.89,-0.092,0.037,0.045,0.993
4540.7,-0.092,0.037,0.045,0.993
4540.26,-0.092,0.036,0.045,0.993
4540.44,-0.092,0.036,0.045,0.994
4540.62,-0.092,0.037,0.045,0.994
4540.8,-0.092,0.037,0.045,0.994
4540.98,-0.092,0.036,0.045,0.994
4541.17,-0.092,0.037,0.045,0.994
4541.35,-0.092,0.037,0.045,0.994
4541.53,-0.092,0.037,0.045,0.994
4541.71,-0.092,0.037,0.045,0.994
4541.9,-0.092,0.037,0.045,0.994
4542.8,-0.092,0.036,0.045,0.994
4542.26,-0.092,0.037,0.045,0.994
4542.44,-0.092,0.037,0.045,0.994
4542.62,-0.092,0.036,0.045,0.994
4542.81,-0.092,0.037,0.045,0.994
4542.99,-0.092,0.036,0.045,0.994
4543.17,-0.091,0.037,0.045,0.994
4543.35,-0.091,0.037,0.045,0.994
4543.54,-0.091,0.037,0.045,0.994
4543.72,-0.091,0.036,0.045,0.994
4543.9,-0.092,0.037,0.045,0.994
4544.8,-0.092,0.037,0.045,0.994
4544.27,-0.092,0.037,0.045,0.994
4544.45,-0.092,0.037,0.045,0.994
4544.63,-0.091,0.037,0.045,0.994
4544.81,-0.091,0.037,0.045,0.994
4544.99,-0.091,0.037,0.045,0.994
4545.18,-0.091,0.037,0.045,0.994
4545.36,-0.091,0.037,0.045,0.994
4545.54,-0.091,0.037,0.045,0.994
4545.72,-0.091,0.037,0.045,0.994
4545.91,-0.091,0.037,0.045,0.994
4546.27,-0.091,0.037,0.045,0.994
4546.45,-0.091,0.037,0.045,0.994
4546.63,-0.091,0.036,0.045,0.994
4546.82,-0.091,0.037,0.045,0.994
4547.0,-0.091,0.037,0.045,0.994
4547.18,-0.091,0.037,0.045,0.994
4547.36,-0.091,0.037,0.045,0.994
4547.55,-0.091,0.037,0.045,0.994
4547.73,-0.091,0.037,0.045,0.994
4547.91,-0.091,0.037,0.045,0.994
4548.9,-0.092,0.037,0.045,0.994
4553.56,-0.091,0.037,0.045,0.994
4553.74,-0.092,0.037,0.045,0.994
4553.92,-0.091,0.037,0.045,0.994
4554.11,-0.091,0.037,0.045,0.994
4554.29,-0.091,0.037,0.045,0.994
4554.47,-0.091,0.037,0.045,0.994
4554.65,-0.091,0.037,0.045,0.994
4554.84,-0.091,0.037,0.045,0.994
4555.2,-0.092,0.037,0.045,0.994
4555.2,-0.092,0.037,0.045,0.994
4555.38,-0.092,0.037,0.045,0.994
4560.85,-0.092,0.037,0.045,0.993
4561.3,-0.092,0.037,0.045,0.993
4561.22,-0.092,0.037,0.045,0.994
4561.4,-0.092,0.037,0.045,0.994
4561.58,-0.092,0.037,0.045,0.994
4561.76,-0.092,0.037,0.045,0.994
4561.94,-0.092,0.037,0.045,0.994
4562.13,-0.092,0.037,0.045,0.994
4562.31,-0.092,0.037,0.045,0.994
4562.49,-0.092,0.037,0.045,0.994
4562.67,-0.092,0.037,0.045,0.994
4562.86,-0.092,0.037,0.045,0.994
4563.4,-0.091,0.037,0.045,0.994
4563.22,-0.091,0.037,0.045,0.994
4563.4,-0.092,0.037,0.045,0.994
4563.58,-0.092,0.037,0.045,0.994
4564.68,-0.092,0.037,0.045,0.994
4564.86,-0.092,0.037,0.045,0.994
4565.4,-0.092,0.037,0.045,0.994
4565.22,-0.092,0.037,0.045,0.994
4565.41,-0.092,0.037,0.045,0.994
4565.59,-0.092,0.037,0.045,0.994
4565.77,-0.092,0.037,0.045,0.994
4565.95,-0.092,0.037,0.045,0.994
4566.14,-0.092,0.037,0.045,0.994
4566.32,-0.092,0.037,0.045,0.994
4566.5,-0.092,0.037,0.045,0.994
4571.79,-0.092,0.037,0.045,0.993
4571.97,-0.092,0.036,0.045,0.993
4572.15,-0.092,0.036,0.045,0.993
4572.33,-0.092,0.037,0.045,0.993
4572.52,-0.092,0.036,0.045,0.993
4572.7,-0.094,0.037,0.044,0.993
4572.88,-0.092,0.037,0.044,0.994
4573.6,-0.093,0.036,0.045,0.993
4573.24,-0.093,0.036,0.045,0.993
4573.43,-0.093,0.037,0.045,0.993
4573.61,-0.092,0.036,0.045,0.993
4573.79,-0.093,0.037,0.045,0.993
4574.16,-0.093,0.037,0.045,0.993
4574.34,-0.093,0.036,0.045,0.993
4574.52,-0.093,0.036,0.045,0.993
4574.7,-0.093,0.037,0.045,0.993
4574.88,-0.093,0.036,0.045,0.993
4575.7,-0.092,0.036,0.045,0.993
4575.25,-0.092,0.036,0.045,0.993
4575.43,-0.093,0.036,0.045,0.993
4575.61,-0.093,0.036,0.045,0.993
4575.8,-0.092,0.036,0.045,0.993
4575.98,-0.092,0.036,0.045,0.993
4576.16,-0.092,0.036,0.045,0.993
4576.34,-0.093,0.037,0.045,0.993
4576.52,-0.093,0.036,0.045,0.993
4576.71,-0.093,0.036,0.045,0.993
4576.89,-0.093,0.037,0.045,0.993
4577.7,-0.093,0.036,0.045,0.993
4577.25,-0.093,0.036,0.045,0.993
4577.44,-0.092,0.036,0.045,0.993
4577.62,-0.092,0.037,0.045,0.993
4577.8,-0.092,0.036,0.045,0.993
4577.98,-0.093,0.036,0.045,0.993
4578.16,-0.093,0.036,0.045,0.993
4578.35,-0.093,0.036,0.045,0.993
4578.53,-0.093,0.036,0.045,0.993
4578.71,-0.093,0.036,0.045,0.993
4578.89,-0.093,0.036,0.045,0.993
4579.8,-0.092,0.036,0.045,0.993
4579.26,-0.092,0.037,0.045,0.993
4579.44,-0.092,0.036,0.045,0.993
4579.62,-0.092,0.036,0.045,0.993
4579.81,-0.093,0.037,0.045,0.993
4579.99,-0.093,0.036,0.045,0.993
4580.17,-0.093,0.036,0.045,0.993
4580.35,-0.093,0.036,0.045,0.993
4580.53,-0.093,0.037,0.045,0.993
4580.72,-0.093,0.036,0.045,0.993
4580.9,-0.093,0.036,0.045,0.993
4581.8,-0.093,0.037,0.045,0.993
4581.26,-0.093,0.036,0.045,0.993
4581.45,-0.093,0.036,0.045,0.993
4581.63,-0.092,0.036,0.045,0.993
4581.81,-0.092,0.037,0.045,0.993
4581.99,-0.092,0.036,0.045,0.993
4582.17,-0.092,0.036,0.045,0.993
4582.36,-0.092,0.036,0.045,0.993
4582.54,-0.092,0.037,0.045,0.993
4582.72,-0.092,0.036,0.045,0.993
4582.9,-0.092,0.037,0.045,0.993
4583.9,-0.092,0.036,0.045,0.993
4583.27,-0.092,0.037,0.045,0.993
4583.45,-0.092,0.037,0.045,0.993
4583.63,-0.092,0.037,0.045,0.993
4583.82,-0.092,0.036,0.045,0.993
4584.0,-0.092,0.037,0.045,0.993
4584.18,-0.092,0.036,0.045,0.993
4586.37,-0.092,0.037,0.045,0.993
4586.55,-0.092,0.037,0.045,0.993
4586.73,-0.092,0.037,0.045,0.993
4586.91,-0.092,0.037,0.045,0.993
4587.1,-0.092,0.037,0.045,0.994
4587.28,-0.092,0.037,0.045,0.993
4587.46,-0.092,0.036,0.045,0.993
4587.64,-0.092,0.036,0.045,0.993
4587.82,-0.092,0.036,0.045,0.993
4588.1,-0.092,0.037,0.045,0.993
4588.19,-0.092,0.037,0.045,0.993
4588.37,-0.092,0.037,0.045,0.994
4588.55,-0.092,0.037,0.045,0.994
4588.74,-0.092,0.036,0.045,0.994
4588.92,-0.092,0.036,0.045,0.994
4589.1,-0.092,0.036,0.045,0.994
4589.28,-0.092,0.036,0.045,0.993
4589.47,-0.092,0.037,0.045,0.993
4589.65,-0.092,0.036,0.045,0.993
4589.83,-0.092,0.036,0.045,0.993
4590.1,-0.092,0.037,0.045,0.993
4590.19,-0.092,0.036,0.045,0.993
4590.38,-0.093,0.036,0.045,0.993
4590.56,-0.092,0.036,0.045,0.993
4590.74,-0.092,0.036,0.045,0.993
4590.92,-0.092,0.036,0.045,0.993
4591.11,-0.092,0.036,0.045,0.993
4591.29,-0.092,0.036,0.045,0.993
4591.47,-0.092,0.036,0.045,0.993
4591.65,-0.092,0.036,0.045,0.993
4591.83,-0.092,0.036,0.045,0.993
4592.2,-0.092,0.036,0.045,0.993
4592.2,-0.092,0.036,0.045,0.993
4592.38,-0.092,0.036,0.045,0.993
4592.56,-0.092,0.037,0.045,0.993
4592.75,-0.092,0.036,0.045,0.993
4592.93,-0.093,0.036,0.045,0.993
4593.11,-0.093,0.036,0.045,0.993
4593.29,-0.093,0.036,0.045,0.993
4593.47,-0.093,0.036,0.045,0.993
4593.66,-0.092,0.036,0.045,0.993
4593.84,-0.092,0.036,0.045,0.993
4594.2,-0.092,0.036,0.045,0.993
4594.2,-0.093,0.036,0.045,0.993
4594.39,-0.093,0.036,0.045,0.993
4594.57,-0.093,0.036,0.045,0.993
4594.75,-0.093,0.036,0.045,0.993
4594.93,-0.093,0.036,0.045,0.993
4595.12,-0.093,0.036,0.045,0.993
4595.3,-0.093,0.036,0.045,0.993
4595.48,-0.093,0.036,0.045,0.993
4595.66,-0.093,0.036,0.045,0.993
4595.84,-0.093,0.036,0.045,0.993
4596.3,-0.093,0.036,0.045,0.993
4596.21,-0.093,0.036,0.045,0.993
4596.39,-0.093,0.036,0.045,0.993
4596.57,-0.093,0.036,0.045,0.993
4596.76,-0.093,0.037,0.045,0.993
4596.94,-0.093,0.036,0.045,0.993
4597.12,-0.093,0.037,0.045,0.993
4597.3,-0.093,0.036,0.045,0.993
4597.48,-0.092,0.036,0.045,0.993
4597.67,-0.092,0.037,0.045,0.993
4597.85,-0.092,0.036,0.045,0.993
4598.3,-0.092,0.036,0.045,0.993
4598.21,-0.092,0.036,0.045,0.993
4598.4,-0.092,0.036,0.045,0.993
4598.58,-0.092,0.036,0.045,0.993
4598.76,-0.092,0.036,0.045,0.993
4598.94,-0.092,0.037,0.045,0.993
4599.12,-0.092,0.036,0.045,0.993
4599.31,-0.092,0.037,0.045,0.993
4599.49,-0.092,0.037,0.045,0.993
4599.67,-0.092,0.036,0.045,0.993
4599.85,-0.092,0.036,0.045,0.993
4600.4,-0.093,0.036,0.045,0.993
4600.22,-0.093,0.036,0.045,0.993
4600.4,-0.093,0.036,0.045,0.993
4600.58,-0.093,0.036,0.045,0.993
4600.76,-0.093,0.036,0.045,0.993
4600.95,-0.092,0.036,0.045,0.993
4601.13,-0.092,0.037,0.045,0.993
4601.31,-0.092,0.036,0.045,0.993
4601.49,-0.092,0.036,0.045,0.993
4601.68,-0.092,0.036,0.045,0.993
4601.86,-0.092,0.036,0.045,0.993
4602.4,-0.092,0.036,0.045,0.993
4602.22,-0.092,0.037,0.045,0.993
4602.4,-0.092,0.036,0.045,0.993
4602.59,-0.092,0.036,0.045,0.993
4602.77,-0.092,0.036,0.045,0.993
4603.32,-0.092,0.036,0.045,0.993
4603.5,-0.092,0.037,0.045,0.993
4603.68,-0.092,0.037,0.045,0.993
4603.86,-0.092,0.036,0.045,0.993
4604.5,-0.093,0.037,0.045,0.993
4604.23,-0.093,0.036,0.045,0.993
4604.41,-0.093,0.036,0.045,0.993
4604.59,-0.092,0.036,0.045,0.993
4604.77,-0.092,0.036,0.045,0.993
4604.96,-0.092,0.036,0.045,0.993
4605.14,-0.092,0.036,0.045,0.993
4605.32,-0.092,0.036,0.045,0.993
4605.69,-0.092,0.036,0.045,0.993
4605.87,-0.092,0.036,0.045,0.993
4606.5,-0.092,0.037,0.045,0.993
4606.23,-0.092,0.036,0.045,0.994
4606.42,-0.092,0.036,0.045,0.994
4606.6,-0.092,0.036,0.045,0.994
4606.78,-0.092,0.037,0.045,0.994
4606.96,-0.092,0.036,0.045,0.994
4607.14,-0.092,0.037,0.045,0.993
4607.33,-0.092,0.036,0.045,0.993
4607.51,-0.092,0.036,0.045,0.994
4607.69,-0.092,0.036,0.045,0.994
4607.87,-0.092,0.036,0.045,0.994
4608.6,-0.092,0.036,0.045,0.993
4608.24,-0.092,0.037,0.045,0.994
4608.42,-0.092,0.037,0.045,0.994
4608.6,-0.092,0.036,0.045,0.994
4608.78,-0.092,0.036,0.045,0.994
4608.97,-0.092,0.036,0.045,0.994
4609.15,-0.092,0.036,0.045,0.994
4609.33,-0.092,0.036,0.045,0.993
4609.51,-0.092,0.036,0.045,0.993
4609.7,-0.092,0.036,0.045,0.993
4609.88,-0.092,0.036,0.045,0.993
4610.6,-0.092,0.036,0.045,0.993
4610.24,-0.092,0.037,0.045,0.993
4617.9,-0.092,0.036,0.045,0.993
4618.8,-0.092,0.037,0.045,0.993
4618.26,-0.092,0.036,0.045,0.993
4618.44,-0.092,0.037,0.045,0.993
4618.63,-0.092,0.037,0.045,0.993
4618.81,-0.092,0.036,0.045,0.994
4618.99,-0.092,0.036,0.045,0.994
4619.17,-0.092,0.036,0.045,0.994
4619.36,-0.092,0.037,0.045,0.994
4619.54,-0.092,0.036,0.045,0.994
4619.72,-0.092,0.036,0.045,0.994
4619.9,-0.092,0.036,0.045,0.993
4628.65,-0.092,0.036,0.045,0.994
4628.84,-0.092,0.037,0.045,0.993
4629.2,-0.092,0.037,0.045,0.994
4629.2,-0.092,0.037,0.045,0.994
4629.38,-0.092,0.037,0.045,0.994
4629.56,-0.092,0.036,0.045,0.994
4629.75,-0.092,0.037,0.045,0.994
4629.93,-0.092,0.037,0.045,0.994
4630.11,-0.092,0.037,0.045,0.994
4630.29,-0.092,0.037,0.045,0.993
4630.48,-0.092,0.037,0.045,0.993
4630.66,-0.091,0.036,0.045,0.994
4630.84,-0.092,0.037,0.045,0.993
4631.2,-0.092,0.036,0.045,0.994
4631.21,-0.092,0.037,0.045,0.994
4631.39,-0.092,0.036,0.045,0.994
4631.57,-0.092,0.036,0.045,0.994
4631.75,-0.092,0.036,0.045,0.994
4631.93,-0.092,0.036,0.045,0.994
4632.48,-0.092,0.037,0.045,0.994
4632.66,-0.092,0.037,0.045,0.994
4632.85,-0.092,0.037,0.045,0.993
4633.3,-0.092,0.037,0.045,0.994
4633.21,-0.092,0.037,0.045,0.993
4633.39,-0.092,0.037,0.045,0.993
4633.58,-0.092,0.036,0.045,0.993
4633.76,-0.092,0.037,0.045,0.993
4633.94,-0.092,0.037,0.045,0.993
4634.12,-0.092,0.037,0.045,0.993
4634.3,-0.092,0.037,0.045,0.993
4634.49,-0.092,0.036,0.045,0.994
4634.67,-0.092,0.036,0.045,0.994
4634.85,-0.092,0.036,0.045,0.993
4635.3,-0.092,0.037,0.045,0.993
4635.22,-0.092,0.037,0.045,0.993
4635.4,-0.092,0.037,0.045,0.993
4635.58,-0.092,0.037,0.045,0.993
4635.76,-0.092,0.037,0.045,0.993
4635.95,-0.092,0.037,0.045,0.994
4636.13,-0.092,0.037,0.045,0.993
4636.31,-0.092,0.037,0.045,0.993
4636.49,-0.092,0.036,0.045,0.993
4636.67,-0.092,0.036,0.045,0.993
4636.86,-0.092,0.037,0.045,0.993
4637.4,-0.092,0.036,0.045,0.993
4642.33,-0.092,0.036,0.045,0.994
4642.51,-0.092,0.036,0.045,0.994
4642.69,-0.092,0.037,0.045,0.994
4642.87,-0.092,0.037,0.045,0.994
4643.5,-0.092,0.037,0.045,0.994
4643.24,-0.092,0.037,0.045,0.994
4643.42,-0.092,0.037,0.045,0.994
4643.6,-0.092,0.036,0.045,0.994
4643.78,-0.092,0.036,0.045,0.994
4643.97,-0.092,0.036,0.045,0.993
4644.15,-0.092,0.036,0.045,0.994
4644.33,-0.092,0.036,0.045,0.993
4644.51,-0.092,0.036,0.045,0.994
4657.9,-0.092,0.036,0.044,0.994
4657.27,-0.092,0.037,0.044,0.994
4657.45,-0.092,0.037,0.044,0.994
4657.64,-0.092,0.036,0.044,0.994
4657.82,-0.092,0.037,0.044,0.994
4658.0,-0.092,0.037,0.044,0.993
4658.18,-0.091,0.036,0.044,0.994
4658.37,-0.092,0.037,0.044,0.994
4658.55,-0.091,0.036,0.044,0.994
4658.73,-0.091,0.037,0.044,0.994
4658.91,-0.091,0.037,0.044,0.994
4666.2,-0.092,0.036,0.044,0.994
4666.39,-0.092,0.037,0.044,0.994
4666.57,-0.092,0.037,0.044,0.994
4666.75,-0.092,0.036,0.044,0.994
4666.93,-0.092,0.037,0.044,0.994
4667.11,-0.092,0.036,0.044,0.994
4667.3,-0.092,0.037,0.044,0.994
4667.48,-0.092,0.036,0.044,0.994
4667.66,-0.092,0.036,0.044,0.994
4667.84,-0.092,0.037,0.044,0.994
4668.3,-0.092,0.036,0.044,0.994
4668.21,-0.092,0.037,0.044,0.994
4668.39,-0.092,0.037,0.044,0.994
4668.57,-0.092,0.037,0.044,0.994
4668.75,-0.092,0.037,0.044,0.994
4668.94,-0.092,0.036,0.044,0.994
4669.12,-0.092,0.036,0.044,0.994
4669.3,-0.092,0.037,0.044,0.993
4669.48,-0.092,0.036,0.044,0.994
4669.67,-0.092,0.037,0.044,0.993
4669.85,-0.092,0.036,0.044,0.994
4670.3,-0.092,0.036,0.044,0.993
4670.21,-0.092,0.036,0.044,0.994
4670.4,-0.092,0.037,0.044,0.994
4670.58,-0.092,0.036,0.044,0.994
4670.76,-0.092,0.036,0.044,0.994
4670.94,-0.092,0.036,0.044,0.994
4671.12,-0.092,0.036,0.044,0.994
4671.31,-0.092,0.036,0.044,0.994
4671.49,-0.092,0.036,0.044,0.993
4671.67,-0.093,0.036,0.044,0.993
4671.85,-0.092,0.036,0.044,0.993
4672.4,-0.092,0.036,0.044,0.993
4672.22,-0.092,0.037,0.044,0.993
4672.4,-0.092,0.036,0.044,0.993
4672.58,-0.092,0.036,0.044,0.994
4672.76,-0.092,0.036,0.044,0.993
4672.95,-0.092,0.036,0.044,0.993
4673.13,-0.092,0.036,0.044,0.993
4673.31,-0.092,0.036,0.044,0.993
4673.49,-0.092,0.037,0.044,0.993
4673.68,-0.092,0.036,0.044,0.993
4673.86,-0.092,0.036,0.044,0.993
4677.87,-0.093,0.036,0.044,0.993
4678.5,-0.092,0.036,0.044,0.993
4678.23,-0.092,0.036,0.044,0.993
4678.42,-0.092,0.036,0.044,0.993
4678.6,-0.092,0.036,0.044,0.993
4678.78,-0.092,0.037,0.044,0.994
4678.96,-0.092,0.036,0.044,0.993
4679.15,-0.092,0.036,0.044,0.993
4679.33,-0.092,0.037,0.044,0.993
4679.51,-0.092,0.036,0.044,0.993
4679.69,-0.093,0.037,0.044,0.993
4679.87,-0.092,0.036,0.044,0.993
4680.6,-0.092,0.037,0.044,0.993
4680.24,-0.092,0.036,0.044,0.993
4680.42,-0.092,0.037,0.044,0.994
4680.6,-0.092,0.036,0.044,0.994
4680.79,-0.092,0.036,0.044,0.993
4681.33,-0.092,0.036,0.044,0.994
4681.52,-0.092,0.036,0.044,0.994
4681.7,-0.092,0.036,0.044,0.994
4681.88,-0.092,0.037,0.044,0.994
4682.6,-0.092,0.036,0.044,0.994
4682.24,-0.092,0.036,0.044,0.994
4682.43,-0.092,0.036,0.044,0.994
4682.61,-0.092,0.036,0.044,0.994
4682.79,-0.092,0.036,0.044,0.994
4682.97,-0.092,0.036,0.044,0.994
4683.16,-0.092,0.036,0.044,0.994
4683.52,-0.092,0.037,0.044,0.994
4683.7,-0.092,0.037,0.044,0.994
4683.88,-0.092,0.036,0.044,0.994
4684.7,-0.092,0.037,0.044,0.994
4684.25,-0.092,0.037,0.044,0.994
4684.43,-0.092,0.036,0.044,0.994
4684.61,-0.092,0.037,0.044,0.994
4684.8,-0.092,0.037,0.044,0.994
4684.98,-0.092,0.037,0.044,0.994
4685.16,-0.092,0.037,0.044,0.994
4685.34,-0.092,0.037,0.044,0.994
4686.25,-0.092,0.036,0.044,0.994
4686.44,-0.092,0.036,0.044,0.994
4686.62,-0.092,0.036,0.044,0.994
4686.8,-0.092,0.037,0.044,0.994
4686.98,-0.092,0.037,0.044,0.994
4687.17,-0.092,0.036,0.044,0.994
4687.35,-0.092,0.036,0.044,0.994
4687.53,-0.092,0.036,0.044,0.994
4687.71,-0.092,0.036,0.044,0.994
4687.9,-0.092,0.036,0.044,0.994
4688.8,-0.092,0.037,0.044,0.994
4688.26,-0.092,0.036,0.044,0.994
4688.44,-0.092,0.037,0.044,0.994
4688.62,-0.092,0.036,0.044,0.994
4688.81,-0.092,0.037,0.044,0.994
4688.99,-0.092,0.037,0.044,0.994
4689.17,-0.091,0.036,0.044,0.994
4689.35,-0.092,0.037,0.044,0.994
4689.54,-0.092,0.036,0.044,0.994
4689.72,-0.092,0.037,0.044,0.994
4689.9,-0.092,0.036,0.044,0.994
4690.8,-0.092,0.036,0.044,0.994
4690.26,-0.092,0.037,0.044,0.993
4690.45,-0.093,0.036,0.044,0.993
4690.63,-0.093,0.036,0.044,0.993
4690.81,-0.092,0.037,0.044,0.994
4690.99,-0.092,0.036,0.044,0.993
4691.18,-0.092,0.037,0.044,0.994
4691.36,-0.092,0.036,0.044,0.993
4691.54,-0.092,0.037,0.044,0.993
4691.72,-0.092,0.037,0.044,0.993
4691.91,-0.092,0.037,0.044,0.994
4692.9,-0.092,0.037,0.044,0.994
4692.27,-0.092,0.037,0.044,0.993
4692.45,-0.092,0.037,0.044,0.993
4692.63,-0.092,0.037,0.044,0.993
4692.82,-0.092,0.037,0.044,0.993
4693.0,-0.092,0.037,0.044,0.993
4693.18,-0.092,0.037,0.044,0.993
4693.36,-0.092,0.036,0.044,0.993
4693.55,-0.092,0.037,0.044,0.993
4694.82,-0.092,0.036,0.044,0.993
4695.0,-0.092,0.037,0.044,0.994
4695.19,-0.092,0.037,0.044,0.993
4695.37,-0.092,0.037,0.044,0.994
4695.55,-0.092,0.037,0.044,0.993
4695.73,-0.092,0.036,0.044,0.993
4695.92,-0.092,0.037,0.044,0.994
4696.1,-0.092,0.037,0.044,0.994
4696.28,-0.092,0.036,0.044,0.994
4696.46,-0.092,0.037,0.044,0.994
4696.64,-0.092,0.036,0.044,0.994
4696.83,-0.092,0.037,0.044,0.994
4697.1,-0.092,0.037,0.044,0.994
4697.19,-0.092,0.037,0.044,0.994
4697.37,-0.092,0.037,0.044,0.994
4697.56,-0.092,0.036,0.044,0.994
4697.74,-0.092,0.037,0.044,0.994
4697.92,-0.092,0.037,0.044,0.994
4698.1,-0.092,0.037,0.044,0.994
4698.29,-0.092,0.037,0.044,0.994
4698.47,-0.092,0.037,0.044,0.994
4698.65,-0.092,0.037,0.044,0.994
4698.83,-0.092,0.036,0.044,0.994
4699.1,-0.092,0.037,0.044,0.994
4699.2,-0.092,0.037,0.044,0.994
4699.38,-0.092,0.036,0.044,0.994
4699.56,-0.092,0.037,0.044,0.994
4705.94,-0.092,0.037,0.044,0.994
4706.13,-0.092,0.037,0.044,0.994
4706.31,-0.092,0.037,0.044,0.994
4706.49,-0.092,0.036,0.044,0.994
4706.67,-0.092,0.037,0.044,0.993
4706.86,-0.092,0.037,0.044,0.993
4707.4,-0.092,0.037,0.044,0.993
4707.22,-0.092,0.036,0.044,0.993
4707.4,-0.092,0.036,0.044,0.993
4707.58,-0.092,0.036,0.044,0.993
4707.77,-0.093,0.037,0.044,0.993
4707.95,-0.093,0.036,0.044,0.993
4712.51,-0.092,0.037,0.044,0.994
4712.69,-0.092,0.037,0.044,0.994
4712.87,-0.092,0.037,0.044,0.993
4713.6,-0.092,0.037,0.044,0.994
4713.24,-0.092,0.037,0.044,0.994
4713.42,-0.092,0.037,0.044,0.993
4713.6,-0.092,0.037,0.044,0.993
4713.78,-0.092,0.036,0.044,0.993
4713.97,-0.092,0.036,0.044,0.993
4714.15,-0.092,0.037,0.044,0.993
4714.33,-0.092,0.037,0.044,0.993
4714.51,-0.092,0.037,0.044,0.993
4714.7,-0.092,0.036,0.044,0.993
4722.35,-0.091,0.037,0.045,0.994
4722.54,-0.092,0.036,0.045,0.993
4722.72,-0.092,0.037,0.045,0.993
4722.9,-0.092,0.036,0.045,0.994
4723.8,-0.092,0.037,0.045,0.993
4723.26,-0.092,0.036,0.045,0.994
4723.45,-0.092,0.037,0.045,0.993
4723.63,-0.092,0.036,0.045,0.993
4723.81,-0.092,0.036,0.045,0.993
4723.99,-0.092,0.036,0.045,0.993
4724.18,-0.092,0.037,0.045,0.993
4724.36,-0.092,0.037,0.045,0.993
4724.54,-0.092,0.036,0.045,0.993
4724.72,-0.092,0.036,0.045,0.993
4724.91,-0.092,0.037,0.045,0.993
4725.9,-0.092,0.037,0.045,0.993
4725.27,-0.092,0.036,0.045,0.993
4725.45,-0.092,0.036,0.045,0.993
4725.64,-0.092,0.036,0.045,0.993
4725.82,-0.092,0.037,0.045,0.993
4732.2,-0.092,0.037,0.045,0.994
4732.2,-0.092,0.037,0.045,0.994
4732.38,-0.092,0.037,0.045,0.994
4732.56,-0.092,0.037,0.045,0.994
4732.74,-0.092,0.037,0.045,0.994
4732.93,-0.092,0.037,0.045,0.993
4733.11,-0.092,0.036,0.045,0.993
4733.29,-0.092,0.036,0.045,0.993
4733.47,-0.092,0.036,0.045,0.993
4733.66,-0.092,0.037,0.045,0.993
4733.84,-0.092,0.037,0.045,0.993
4734.2,-0.092,0.036,0.045,0.993
4734.2,-0.093,0.036,0.045,0.993
4734.75,-0.093,0.037,0.045,0.993
4734.93,-0.093,0.037,0.045,0.993
4735.11,-0.093,0.037,0.045,0.993
4735.3,-0.093,0.037,0.045,0.993
4735.48,-0.093,0.036,0.045,0.993
4735.66,-0.093,0.036,0.045,0.993
4735.84,-0.093,0.036,0.045,0.993
4736.3,-0.093,0.036,0.045,0.993
4736.21,-0.093,0.036,0.045,0.993
4736.39,-0.092,0.037,0.045,0.993
4736.57,-0.092,0.036,0.045,0.993
4736.76,-0.092,0.036,0.045,0.993
4736.94,-0.092,0.037,0.045,0.993
4737.12,-0.092,0.037,0.045,0.993
4737.3,-0.092,0.036,0.045,0.993
4737.48,-0.092,0.036,0.045,0.993
4737.67,-0.092,0.037,0.045,0.993
4737.85,-0.092,0.036,0.045,0.993
4738.3,-0.092,0.037,0.045,0.993
4738.21,-0.092,0.036,0.045,0.993
4738.4,-0.092,0.036,0.045,0.993
4738.58,-0.092,0.037,0.045,0.993
4738.76,-0.092,0.036,0.045,0.993
4738.94,-0.092,0.037,0.045,0.993
4739.13,-0.092,0.036,0.045,0.993
4739.31,-0.092,0.037,0.045,0.993
4739.49,-0.092,0.037,0.045,0.994
4739.67,-0.092,0.037,0.045,0.994
4739.85,-0.092,0.037,0.045,0.994
4740.4,-0.092,0.037,0.045,0.994
4741.31,-0.092,0.036,0.045,0.993
4741.5,-0.092,0.036,0.045,0.993
4741.68,-0.092,0.036,0.045,0.993
4741.86,-0.092,0.036,0.045,0.994
4742.4,-0.092,0.036,0.045,0.994
4742.23,-0.092,0.037,0.045,0.994
4742.41,-0.092,0.036,0.045,0.994
4742.59,-0.092,0.037,0.045,0.994
4742.77,-0.092,0.037,0.045,0.994
4742.95,-0.092,0.037,0.045,0.994
4743.14,-0.092,0.037,0.045,0.994
4743.32,-0.092,0.037,0.045,0.994
4743.5,-0.092,0.037,0.045,0.994
4743.68,-0.092,0.036,0.045,0.994
4743.87,-0.091,0.037,0.045,0.994
4745.51,-0.092,0.037,0.045,0.994
4745.69,-0.092,0.037,0.045,0.994
4745.87,-0.092,0.037,0.045,0.994
4746.5,-0.092,0.037,0.045,0.994
4746.24,-0.092,0.037,0.045,0.994
4746.42,-0.092,0.037,0.045,0.994
4746.6,-0.092,0.037,0.045,0.993
4746.78,-0.092,0.037,0.045,0.993
4746.97,-0.092,0.037,0.045,0.993
4747.15,-0.092,0.036,0.045,0.993
4747.33,-0.092,0.036,0.045,0.993
4747.51,-0.092,0.036,0.045,0.993
4754.62,-0.092,0.037,0.045,0.994
4754.8,-0.092,0.036,0.045,0.994
4754.99,-0.092,0.037,0.045,0.994
4755.17,-0.092,0.037,0.045,0.994
4755.35,-0.092,0.037,0.045,0.993
4755.53,-0.092,0.037,0.045,0.994
4755.72,-0.092,0.036,0.045,0.993
4755.9,-0.092,0.036,0.045,0.993
4756.8,-0.092,0.036,0.045,0.993
4756.26,-0.092,0.036,0.045,0.993
4756.45,-0.092,0.036,0.045,0.993
4756.63,-0.092,0.037,0.045,0.993
4756.81,-0.092,0.037,0.045,0.993
4765.74,-0.092,0.036,0.045,0.993
4765.93,-0.092,0.037,0.045,0.993
4766.11,-0.092,0.037,0.045,0.993
4766.29,-0.092,0.037,0.045,0.993
4766.47,-0.092,0.037,0.045,0.993
4766.66,-0.092,0.036,0.045,0.993
4766.84,-0.092,0.037,0.045,0.993
4767.2,-0.092,0.036,0.045,0.993
4767.2,-0.092,0.037,0.045,0.993
4767.39,-0.092,0.036,0.045,0.993
4767.57,-0.092,0.037,0.045,0.993
4777.96,-0.093,0.036,0.045,0.993
4778.14,-0.093,0.036,0.045,0.993
4778.32,-0.092,0.036,0.045,0.993
4778.51,-0.092,0.037,0.045,0.993
4778.69,-0.092,0.037,0.045,0.994
4778.87,-0.092,0.037,0.045,0.993
4779.5,-0.092,0.037,0.045,0.994
4779.24,-0.092,0.037,0.045,0.993
4779.42,-0.092,0.036,0.045,0.993
4779.6,-0.092,0.037,0.045,0.993
4779.78,-0.092,0.036,0.045,0.993
4779.97,-0.092,0.037,0.045,0.993
4780.15,-0.092,0.037,0.045,0.993
4780.33,-0.092,0.037,0.045,0.993
4780.51,-0.092,0.037,0.045,0.993
4780.69,-0.093,0.037,0.045,0.993
4780.88,-0.092,0.037,0.045,0.993
4781.6,-0.092,0.037,0.045,0.993
4781.24,-0.092,0.037,0.045,0.993
4781.42,-0.092,0.037,0.045,0.993
4781.61,-0.092,0.037,0.045,0.993
4781.79,-0.093,0.037,0.045,0.993
4781.97,-0.093,0.037,0.045,0.993
4782.15,-0.093,0.037,0.045,0.993
4782.34,-0.093,0.037,0.045,0.993
4782.52,-0.093,0.037,0.045,0.993
4782.7,-0.093,0.037,0.045,0.993
4782.88,-0.093,0.037,0.045,0.993
4783.6,-0.093,0.037,0.045,0.993
4783.25,-0.092,0.037,0.045,0.993
4792.18,-0.092,0.037,0.045,0.993
4792.36,-0.092,0.037,0.045,0.993
4792.54,-0.092,0.037,0.045,0.993
4792.73,-0.092,0.037,0.045,0.993
4792.91,-0.092,0.037,0.045,0.993
4793.9,-0.092,0.037,0.045,0.993
4793.27,-0.092,0.036,0.045,0.993
4793.46,-0.092,0.037,0.045,0.993
4793.64,-0.092,0.036,0.045,0.993
4793.82,-0.092,0.037,0.045,0.993
4794.0,-0.092,0.037,0.045,0.993
4794.18,-0.093,0.037,0.045,0.993
4794.37,-0.092,0.037,0.045,0.993
4802.75,-0.092,0.037,0.045,0.993
4802.93,-0.092,0.037,0.045,0.993
4803.12,-0.092,0.037,0.045,0.993
4803.3,-0.092,0.037,0.045,0.993
4803.48,-0.092,0.037,0.045,0.993
4803.66,-0.092,0.037,0.045,0.993
4803.85,-0.092,0.037,0.045,0.993
4804.3,-0.092,0.036,0.045,0.993
4804.21,-0.092,0.037,0.045,0.993
4804.39,-0.092,0.036,0.045,0.993
4804.58,-0.093,0.036,0.045,0.993
4804.76,-0.093,0.037,0.045,0.993
4804.94,-0.093,0.036,0.045,0.993
4813.14,-0.092,0.037,0.045,0.993
4813.33,-0.092,0.036,0.045,0.993
4813.51,-0.092,0.037,0.045,0.993
4813.69,-0.092,0.037,0.045,0.993
4813.87,-0.092,0.037,0.045,0.993
4814.5,-0.092,0.037,0.045,0.993
4814.24,-0.092,0.037,0.045,0.993
4814.42,-0.092,0.037,0.045,0.993
4814.6,-0.092,0.037,0.045,0.993
4814.78,-0.092,0.037,0.045,0.993
4814.97,-0.092,0.037,0.045,0.994
4815.15,-0.092,0.037,0.045,0.994
4815.33,-0.092,0.037,0.045,0.994
4815.51,-0.092,0.037,0.045,0.994
4815.7,-0.092,0.037,0.045,0.994
4815.88,-0.092,0.036,0.045,0.994
4816.6,-0.092,0.037,0.045,0.994
4816.24,-0.092,0.036,0.045,0.994
4816.42,-0.091,0.037,0.045,0.994
4817.15,-0.092,0.037,0.045,0.994
4817.34,-0.091,0.037,0.045,0.994
4817.52,-0.092,0.037,0.045,0.994
4817.7,-0.092,0.037,0.045,0.994
4817.88,-0.092,0.037,0.045,0.994
4818.7,-0.092,0.037,0.045,0.994
4818.25,-0.092,0.037,0.045,0.994
4818.43,-0.092,0.037,0.045,0.994
4818.61,-0.092,0.037,0.045,0.994
4818.79,-0.092,0.037,0.045,0.994
4818.98,-0.092,0.037,0.045,0.994
4819.16,-0.092,0.037,0.045,0.994
4819.34,-0.092,0.037,0.045,0.994
4819.52,-0.091,0.037,0.045,0.994
4819.71,-0.091,0.037,0.045,0.994
4819.89,-0.092,0.037,0.045,0.994
4820.7,-0.091,0.036,0.045,0.994
4820.25,-0.092,0.037,0.045,0.994
4820.43,-0.091,0.037,0.045,0.994
4820.62,-0.092,0.037,0.045,0.994
4820.8,-0.092,0.037,0.045,0.994
4820.98,-0.092,0.037,0.045,0.994
4821.16,-0.091,0.037,0.045,0.994
4821.35,-0.091,0.037,0.045,0.994
4828.27,-0.091,0.037,0.045,0.994
4828.46,-0.092,0.037,0.045,0.993
4828.64,-0.091,0.037,0.045,0.994
4828.82,-0.092,0.037,0.045,0.994
4829.0,-0.092,0.037,0.045,0.994
4829.19,-0.092,0.037,0.045,0.994
4829.37,-0.091,0.037,0.045,0.994
4829.55,-0.092,0.037,0.045,0.994
4829.73,-0.092,0.037,0.045,0.994
4829.91,-0.092,0.037,0.045,0.993
4830.1,-0.092,0.037,0.045,0.993
4830.28,-0.092,0.037,0.045,0.993
4830.46,-0.092,0.036,0.045,0.994
4830.64,-0.092,0.037,0.045,0.993
4845.96,-0.092,0.036,0.046,0.993
4846.14,-0.092,0.036,0.046,0.993
4846.32,-0.092,0.036,0.046,0.993
4846.5,-0.092,0.036,0.046,0.993
4846.68,-0.092,0.036,0.046,0.993
4846.87,-0.092,0.036,0.046,0.993
4847.5,-0.092,0.036,0.046,0.993
4847.23,-0.092,0.036,0.046,0.993
4847.41,-0.092,0.036,0.046,0.993
4847.6,-0.092,0.036,0.046,0.993
4847.78,-0.093,0.036,0.046,0.993
4851.24,-0.092,0.036,0.046,0.993
4851.42,-0.092,0.036,0.046,0.993
4851.61,-0.092,0.036,0.046,0.993
4851.79,-0.092,0.036,0.046,0.993
4851.97,-0.092,0.036,0.046,0.993
4852.15,-0.092,0.036,0.046,0.993
4852.34,-0.092,0.036,0.046,0.993
4852.52,-0.092,0.036,0.046,0.993
4852.7,-0.092,0.036,0.046,0.993
4852.88,-0.092,0.036,0.046,0.993
4853.7,-0.092,0.036,0.046,0.993
4853.25,-0.092,0.036,0.046,0.993
4853.43,-0.092,0.036,0.046,0.993
4862.73,-0.092,0.036,0.046,0.993
4862.91,-0.092,0.036,0.046,0.993
4863.9,-0.092,0.036,0.046,0.993
4863.27,-0.092,0.036,0.046,0.993
4863.46,-0.092,0.036,0.046,0.993
4863.64,-0.092,0.036,0.046,0.993
4863.82,-0.092,0.036,0.046,0.993
4864.0,-0.092,0.036,0.046,0.993
4864.19,-0.092,0.036,0.046,0.993
4864.37,-0.092,0.036,0.046,0.993
4864.55,-0.092,0.036,0.046,0.993
4864.73,-0.092,0.036,0.046,0.993
4864.92,-0.092,0.036,0.046,0.993
4865.1,-0.092,0.036,0.046,0.993
4865.28,-0.092,0.036,0.046,0.993
4865.46,-0.092,0.037,0.046,0.993
4865.64,-0.092,0.036,0.046,0.993
4865.83,-0.092,0.036,0.046,0.993
4866.1,-0.092,0.036,0.046,0.993
4866.19,-0.092,0.036,0.046,0.993
4866.37,-0.092,0.036,0.046,0.993
4866.56,-0.092,0.036,0.046,0.993
4868.1,-0.092,0.036,0.046,0.993
4868.2,-0.092,0.036,0.046,0.993
4868.38,-0.092,0.036,0.046,0.993
4868.56,-0.092,0.036,0.046,0.993
4868.74,-0.092,0.036,0.046,0.993
4868.93,-0.092,0.036,0.046,0.993
4869.11,-0.092,0.036,0.046,0.993
4869.29,-0.092,0.036,0.046,0.993
4869.47,-0.092,0.036,0.046,0.993
4869.65,-0.092,0.036,0.046,0.993
4869.84,-0.092,0.036,0.046,0.993
4870.2,-0.092,0.036,0.046,0.993
4870.2,-0.092,0.036,0.046,0.993
4870.38,-0.092,0.036,0.046,0.993
4870.57,-0.092,0.036,0.046,0.993
4870.75,-0.092,0.036,0.046,0.993
4870.93,-0.092,0.036,0.046,0.993
4871.11,-0.092,0.036,0.046,0.993
4871.3,-0.092,0.036,0.046,0.993
4871.48,-0.092,0.036,0.046,0.993
4871.66,-0.092,0.036,0.046,0.993
4871.84,-0.092,0.036,0.046,0.993
4872.2,-0.092,0.036,0.046,0.993
4872.21,-0.092,0.036,0.046,0.993
4872.39,-0.092,0.036,0.046,0.993
4872.57,-0.092,0.036,0.046,0.993
4872.75,-0.092,0.036,0.046,0.993
4872.94,-0.092,0.036,0.046,0.993
4873.12,-0.092,0.036,0.046,0.993
4873.3,-0.092,0.036,0.046,0.993
4873.48,-0.092,0.036,0.046,0.993
4873.67,-0.092,0.036,0.046,0.993
4873.85,-0.092,0.036,0.046,0.993
4874.3,-0.092,0.036,0.046,0.993
4874.21,-0.092,0.036,0.046,0.993
4874.39,-0.092,0.037,0.046,0.993
4874.58,-0.092,0.036,0.046,0.993
4874.76,-0.092,0.036,0.046,0.993
4874.94,-0.092,0.036,0.046,0.993
4875.12,-0.092,0.037,0.046,0.993
4875.31,-0.092,0.036,0.046,0.993
4875.49,-0.092,0.036,0.046,0.993
4875.67,-0.092,0.036,0.046,0.993
4875.85,-0.092,0.036,0.046,0.993
4876.3,-0.092,0.036,0.046,0.993
4876.22,-0.092,0.036,0.046,0.993
4876.4,-0.092,0.036,0.046,0.993
4876.58,-0.092,0.036,0.046,0.993
4876.76,-0.091,0.037,0.046,0.994
4876.95,-0.092,0.036,0.046,0.993
4877.13,-0.091,0.037,0.046,0.994
4877.31,-0.092,0.037,0.046,0.993
4877.49,-0.092,0.036,0.046,0.993
4877.68,-0.092,0.037,0.046,0.993
4877.86,-0.092,0.036,0.046,0.993
4878.4,-0.092,0.036,0.046,0.993
4878.22,-0.092,0.036,0.046,0.993
4878.4,-0.092,0.036,0.046,0.993
4878.59,-0.092,0.036,0.046,0.993
4878.77,-0.092,0.036,0.046,0.993
4878.95,-0.092,0.036,0.046,0.993
4879.13,-0.092,0.036,0.046,0.993
4879.32,-0.092,0.036,0.046,0.993
4879.5,-0.092,0.036,0.046,0.993
4879.68,-0.092,0.036,0.046,0.993
4879.86,-0.092,0.036,0.046,0.993
4880.4,-0.092,0.036,0.046,0.993
4880.23,-0.092,0.036,0.046,0.993
4880.41,-0.092,0.036,0.046,0.993
4880.59,-0.093,0.036,0.046,0.993
4880.77,-0.092,0.036,0.046,0.993
4880.96,-0.092,0.036,0.046,0.993
4881.14,-0.092,0.036,0.046,0.993
4881.32,-0.092,0.036,0.046,0.993
4881.5,-0.092,0.036,0.046,0.993
4881.69,-0.092,0.036,0.046,0.993
4881.87,-0.092,0.036,0.046,0.993
4882.5,-0.092,0.036,0.046,0.993
4882.23,-0.092,0.037,0.046,0.993
4882.41,-0.092,0.036,0.046,0.993
4882.6,-0.092,0.037,0.046,0.993
4882.78,-0.092,0.036,0.046,0.993
4882.96,-0.092,0.036,0.046,0.993
4883.14,-0.092,0.036,0.046,0.993
4883.33,-0.092,0.036,0.046,0.993
4883.51,-0.092,0.036,0.046,0.993
4883.69,-0.092,0.037,0.046,0.993
4883.87,-0.092,0.036,0.046,0.993
4884.6,-0.092,0.036,0.046,0.993
4884.24,-0.092,0.036,0.046,0.993
4884.42,-0.092,0.036,0.046,0.993
4884.6,-0.092,0.036,0.046,0.993
4884.78,-0.091,0.037,0.046,0.994
4884.97,-0.092,0.036,0.046,0.993
4885.15,-0.092,0.036,0.046,0.993
4885.33,-0.092,0.037,0.046,0.993
4886.24,-0.092,0.036,0.046,0.993
4886.42,-0.092,0.036,0.046,0.993
4886.61,-0.092,0.036,0.046,0.993
4886.79,-0.092,0.036,0.046,0.993
4886.97,-0.092,0.036,0.046,0.993
4887.15,-0.092,0.036,0.046,0.993
4887.34,-0.092,0.036,0.046,0.993
4887.52,-0.092,0.036,0.046,0.993
4887.7,-0.092,0.037,0.046,0.993
4887.88,-0.092,0.036,0.046,0.993
4888.7,-0.092,0.036,0.046,0.993
4888.25,-0.092,0.036,0.046,0.993
4888.43,-0.092,0.036,0.046,0.993
4888.61,-0.092,0.036,0.046,0.993
4888.79,-0.092,0.036,0.046,0.993
4888.98,-0.092,0.036,0.046,0.993
4889.16,-0.092,0.036,0.046,0.993
4889.34,-0.092,0.036,0.046,0.993
4889.52,-0.092,0.036,0.046,0.993
4889.71,-0.092,0.036,0.046,0.993
4889.89,-0.092,0.036,0.046,0.993
4890.7,-0.092,0.036,0.046,0.993
4890.25,-0.092,0.036,0.046,0.993
4890.44,-0.092,0.036,0.046,0.993
4890.62,-0.092,0.036,0.046,0.993
4890.8,-0.092,0.036,0.046,0.993
4890.98,-0.092,0.036,0.046,0.993
4891.16,-0.092,0.036,0.046,0.993
4891.35,-0.092,0.036,0.046,0.993
4891.53,-0.092,0.037,0.046,0.993
4891.71,-0.092,0.036,0.046,0.993
4891.89,-0.092,0.036,0.046,0.993
4892.8,-0.092,0.036,0.046,0.993
4892.26,-0.092,0.037,0.046,0.993
4892.44,-0.092,0.036,0.046,0.993
4892.62,-0.092,0.036,0.046,0.993
4892.81,-0.092,0.036,0.046,0.993
4892.99,-0.092,0.037,0.046,0.993
4893.17,-0.092,0.036,0.046,0.993
4893.35,-0.092,0.036,0.046,0.993
4893.53,-0.092,0.036,0.046,0.993
4893.72,-0.092,0.036,0.046,0.993
4893.9,-0.092,0.036,0.046,0.993
4894.8,-0.092,0.036,0.046,0.993
4894.26,-0.092,0.036,0.046,0.993
4894.45,-0.092,0.037,0.046,0.993
4894.63,-0.092,0.036,0.046,0.993
4894.81,-0.092,0.036,0.046,0.993
4894.99,-0.092,0.036,0.046,0.993
4895.17,-0.092,0.036,0.046,0.993
4895.36,-0.092,0.036,0.046,0.993
4895.54,-0.092,0.036,0.046,0.993
4895.72,-0.092,0.037,0.046,0.993
4895.9,-0.092,0.036,0.046,0.993
4896.9,-0.092,0.037,0.046,0.993
4896.27,-0.092,0.036,0.046,0.993
4896.45,-0.092,0.037,0.046,0.993
4896.63,-0.092,0.036,0.046,0.993
4896.82,-0.092,0.036,0.046,0.993
4897.0,-0.092,0.037,0.046,0.993
4897.18,-0.092,0.036,0.046,0.993
4897.36,-0.092,0.037,0.046,0.993
4897.54,-0.092,0.036,0.046,0.993
4897.73,-0.092,0.036,0.046,0.993
4897.91,-0.092,0.036,0.046,0.993
4898.9,-0.092,0.036,0.046,0.993
4898.27,-0.092,0.036,0.046,0.993
4898.46,-0.092,0.037,0.046,0.993
4898.64,-0.092,0.036,0.046,0.993
4898.82,-0.092,0.036,0.046,0.993
4899.0,-0.092,0.036,0.046,0.993
4899.18,-0.092,0.036,0.046,0.993
4899.37,-0.092,0.036,0.046,0.993
4899.55,-0.092,0.036,0.046,0.993
4899.73,-0.092,0.036,0.046,0.993
4899.91,-0.092,0.036,0.046,0.993
4900.1,-0.092,0.036,0.046,0.993
4900.28,-0.092,0.036,0.046,0.993
4900.46,-0.092,0.036,0.046,0.993
4900.64,-0.092,0.036,0.046,0.993
4900.83,-0.092,0.036,0.046,0.993
4901.1,-0.092,0.036,0.046,0.993
4901.19,-0.092,0.036,0.046,0.993
4901.37,-0.092,0.036,0.046,0.993
4901.55,-0.092,0.036,0.046,0.993
4901.74,-0.092,0.036,0.046,0.993
4901.92,-0.092,0.036,0.046,0.993
4902.1,-0.092,0.036,0.046,0.993
4902.28,-0.092,0.036,0.046,0.993
4902.47,-0.092,0.036,0.046,0.993
4902.65,-0.092,0.036,0.046,0.993
4902.83,-0.092,0.037,0.046,0.993
4903.1,-0.092,0.036,0.046,0.993
4903.19,-0.092,0.036,0.046,0.993
4903.38,-0.092,0.036,0.046,0.993
4903.56,-0.092,0.036,0.046,0.993
4903.74,-0.092,0.036,0.046,0.993
4903.92,-0.092,0.036,0.046,0.993
4904.11,-0.092,0.036,0.046,0.993
4904.29,-0.092,0.036,0.046,0.993
4904.47,-0.092,0.036,0.046,0.993
4904.65,-0.092,0.036,0.046,0.993
4904.83,-0.092,0.036,0.046,0.993
4905.2,-0.092,0.036,0.046,0.993
4905.2,-0.092,0.036,0.046,0.993
4905.38,-0.092,0.036,0.046,0.993
4905.56,-0.092,0.036,0.046,0.993
4905.75,-0.092,0.036,0.046,0.993
4905.93,-0.092,0.036,0.046,0.993
4906.11,-0.092,0.036,0.046,0.993
4906.29,-0.092,0.036,0.046,0.993
4906.48,-0.092,0.036,0.046,0.993
4906.66,-0.092,0.036,0.046,0.993
4906.84,-0.092,0.036,0.046,0.993
4907.2,-0.092,0.036,0.046,0.993
4907.2,-0.092,0.036,0.046,0.993
4907.39,-0.092,0.036,0.046,0.993
4907.57,-0.092,0.036,0.046,0.993
4907.75,-0.092,0.036,0.046,0.993
4907.93,-0.092,0.036,0.046,0.993
4908.12,-0.092,0.036,0.046,0.993
4908.3,-0.092,0.036,0.046,0.993
4908.48,-0.092,0.036,0.046,0.993
4908.66,-0.092,0.036,0.046,0.993
4908.85,-0.092,0.036,0.046,0.993
4909.3,-0.092,0.036,0.046,0.993
4909.21,-0.092,0.036,0.046,0.993
4909.39,-0.091,0.036,0.046,0.993
4909.57,-0.091,0.036,0.046,0.993
4909.76,-0.091,0.037,0.046,0.993
4909.94,-0.092,0.036,0.046,0.993
4910.12,-0.092,0.036,0.046,0.993
4910.3,-0.092,0.036,0.046,0.993
4910.49,-0.092,0.036,0.046,0.993
4910.67,-0.092,0.037,0.046,0.993
4910.85,-0.092,0.036,0.046,0.993
4911.3,-0.092,0.037,0.046,0.993
4911.21,-0.092,0.036,0.046,0.993
4911.4,-0.092,0.037,0.046,0.993
4911.58,-0.092,0.036,0.046,0.993
4911.76,-0.092,0.037,0.046,0.993
4911.94,-0.092,0.036,0.046,0.993
4912.13,-0.092,0.036,0.046,0.993
4912.31,-0.092,0.036,0.046,0.993
4912.49,-0.092,0.037,0.046,0.993
4912.67,-0.092,0.036,0.046,0.993
4912.85,-0.092,0.036,0.046,0.993
4913.4,-0.092,0.036,0.046,0.993
4913.22,-0.092,0.036,0.046,0.993
4913.4,-0.092,0.036,0.046,0.993
4913.58,-0.092,0.036,0.046,0.993
4913.77,-0.092,0.036,0.046,0.993
4913.95,-0.092,0.036,0.046,0.993
4914.13,-0.092,0.036,0.046,0.993
4914.31,-0.092,0.037,0.046,0.993
4914.5,-0.092,0.036,0.046,0.993
4914.68,-0.092,0.036,0.046,0.993
4914.86,-0.092,0.036,0.046,0.993
4915.4,-0.092,0.036,0.046,0.993
4915.22,-0.092,0.036,0.046,0.993
4915.41,-0.092,0.036,0.046,0.993
4915.59,-0.092,0.036,0.046,0.993
4915.77,-0.092,0.036,0.046,0.993
4915.95,-0.092,0.036,0.046,0.993
4916.14,-0.092,0.036,0.046,0.993
4916.32,-0.092,0.036,0.046,0.993
4916.5,-0.092,0.036,0.046,0.993
4916.68,-0.092,0.036,0.046,0.993
4916.86,-0.092,0.036,0.046,0.993
4917.5,-0.092,0.036,0.046,0.993
4917.23,-0.092,0.036,0.046,0.993
4917.41,-0.092,0.036,0.046,0.993
4917.59,-0.092,0.036,0.046,0.993
4917.78,-0.092,0.036,0.046,0.993
4917.96,-0.092,0.036,0.046,0.993
4918.14,-0.092,0.037,0.046,0.993
4918.32,-0.092,0.036,0.046,0.993
4918.51,-0.092,0.036,0.046,0.993
4918.69,-0.092,0.036,0.046,0.993
4918.87,-0.092,0.036,0.046,0.993
4919.5,-0.092,0.036,0.046,0.993
4919.23,-0.092,0.036,0.046,0.993
4919.42,-0.092,0.036,0.046,0.993
4919.6,-0.092,0.036,0.046,0.993
4920.51,-0.092,0.036,0.046,0.993
4920.69,-0.092,0.037,0.046,0.993
4920.87,-0.092,0.037,0.046,0.993
4921.6,-0.092,0.037,0.046,0.993
4921.24,-0.092,0.036,0.046,0.993
4921.42,-0.092,0.036,0.046,0.993
4921.6,-0.092,0.036,0.046,0.993
4921.79,-0.092,0.036,0.046,0.993
4921.97,-0.092,0.036,0.046,0.993
4922.15,-0.092,0.036,0.046,0.993
4922.33,-0.092,0.036,0.046,0.993
4922.52,-0.092,0.036,0.046,0.993
4922.7,-0.092,0.036,0.046,0.993
4922.88,-0.092,0.036,0.046,0.993
4923.6,-0.092,0.036,0.046,0.993
4923.24,-0.092,0.036,0.046,0.993
4923.43,-0.092,0.036,0.046,0.993
4923.61,-0.092,0.036,0.046,0.993
4923.79,-0.092,0.036,0.046,0.993
4923.97,-0.092,0.036,0.046,0.993
4924.16,-0.092,0.036,0.046,0.993
4924.34,-0.092,0.036,0.046,0.993
4924.52,-0.092,0.036,0.046,0.993
4924.7,-0.092,0.036,0.046,0.993
4924.88,-0.092,0.036,0.046,0.993
4925.7,-0.092,0.036,0.046,0.993
4925.25,-0.092,0.036,0.046,0.993
4925.43,-0.092,0.036,0.046,0.993
4925.61,-0.092,0.036,0.046,0.993
4925.8,-0.092,0.037,0.046,0.993
4925.98,-0.092,0.036,0.046,0.993
4926.16,-0.092,0.036,0.046,0.993
4926.34,-0.092,0.036,0.046,0.993
4926.53,-0.092,0.036,0.046,0.993
4926.71,-0.092,0.036,0.046,0.993
4926.89,-0.092,0.036,0.046,0.993
4927.7,-0.092,0.036,0.046,0.993
4927.25,-0.092,0.036,0.046,0.993
4927.44,-0.092,0.036,0.046,0.993
4927.62,-0.092,0.036,0.046,0.993
4927.8,-0.092,0.036,0.046,0.993
4927.98,-0.092,0.036,0.046,0.993
4928.17,-0.092,0.036,0.046,0.993
4928.35,-0.092,0.036,0.046,0.993
4928.53,-0.092,0.036,0.046,0.993
4928.71,-0.092,0.036,0.046,0.993
4928.89,-0.092,0.036,0.046,0.993
4929.8,-0.092,0.036,0.046,0.993
4929.26,-0.092,0.036,0.046,0.993
4929.44,-0.092,0.036,0.046,0.993
4929.62,-0.092,0.036,0.046,0.993
4929.81,-0.092,0.036,0.046,0.993
4929.99,-0.092,0.036,0.046,0.993
4930.17,-0.092,0.036,0.046,0.993
4930.35,-0.092,0.036,0.046,0.993
4930.53,-0.092,0.036,0.046,0.993
4930.72,-0.092,0.036,0.046,0.993
4930.9,-0.092,0.036,0.046,0.993
4931.8,-0.092,0.036,0.046,0.993
4931.26,-0.092,0.036,0.046,0.993
4931.45,-0.092,0.036,0.046,0.993
4931.63,-0.092,0.036,0.046,0.993
4931.81,-0.092,0.036,0.046,0.993
4931.99,-0.092,0.036,0.046,0.993
4932.17,-0.092,0.036,0.046,0.993
4932.36,-0.092,0.036,0.046,0.993
4932.54,-0.092,0.037,0.046,0.993
4932.72,-0.092,0.036,0.046,0.993
4932.9,-0.092,0.036,0.046,0.993
4933.9,-0.092,0.036,0.046,0.993
4933.27,-0.092,0.036,0.046,0.993
4933.45,-0.092,0.036,0.046,0.993
4933.63,-0.092,0.036,0.046,0.993
4933.82,-0.092,0.036,0.046,0.993
4934.0,-0.092,0.036,0.046,0.993
4934.18,-0.092,0.036,0.046,0.993
4934.36,-0.092,0.036,0.046,0.993
4934.54,-0.092,0.036,0.046,0.993
4934.73,-0.092,0.036,0.046,0.993
4934.91,-0.092,0.036,0.046,0.993
4935.9,-0.092,0.036,0.046,0.993
4935.27,-0.092,0.036,0.046,0.993
4935.46,-0.092,0.036,0.046,0.993
4935.64,-0.092,0.036,0.046,0.993
4935.82,-0.092,0.036,0.046,0.993
4936.0,-0.092,0.036,0.046,0.993
4936.19,-0.092,0.036,0.046,0.993
4937.28,-0.092,0.036,0.046,0.993
4937.46,-0.092,0.036,0.046,0.993
4937.64,-0.092,0.036,0.046,0.993
4937.83,-0.092,0.036,0.046,0.993
4938.1,-0.092,0.036,0.046,0.993
4938.19,-0.092,0.036,0.046,0.993
4938.37,-0.092,0.036,0.046,0.993
4938.55,-0.092,0.036,0.046,0.993
4938.74,-0.092,0.036,0.046,0.993
4938.92,-0.092,0.036,0.046,0.993
4939.1,-0.092,0.036,0.046,0.993
4939.28,-0.092,0.036,0.046,0.993
4939.47,-0.092,0.036,0.046,0.993
4939.65,-0.092,0.036,0.046,0.993
4939.83,-0.092,0.036,0.046,0.993
4940.1,-0.092,0.036,0.046,0.993
4940.2,-0.093,0.036,0.046,0.993
4940.38,-0.093,0.036,0.046,0.993
4940.56,-0.093,0.036,0.046,0.993
4940.74,-0.093,0.036,0.046,0.993
4940.92,-0.093,0.036,0.046,0.993
4941.11,-0.093,0.036,0.046,0.993
4941.29,-0.093,0.036,0.046,0.993
4941.47,-0.093,0.036,0.046,0.993
4941.65,-0.093,0.036,0.046,0.993
4941.84,-0.093,0.036,0.046,0.993
4942.2,-0.093,0.036,0.046,0.993
4942.2,-0.093,0.036,0.046,0.993
4942.38,-0.093,0.036,0.046,0.993
4942.57,-0.093,0.036,0.046,0.993
4942.75,-0.092,0.036,0.046,0.993
4942.93,-0.093,0.036,0.046,0.993
4943.11,-0.093,0.036,0.046,0.993
4943.29,-0.093,0.036,0.046,0.993
4943.48,-0.093,0.036,0.046,0.993
4943.66,-0.093,0.036,0.046,0.993
4943.84,-0.093,0.036,0.046,0.993
4944.2,-0.093,0.036,0.046,0.993
4944.21,-0.093,0.036,0.046,0.993
4944.39,-0.093,0.036,0.046,0.993
4944.57,-0.093,0.036,0.046,0.993
4944.75,-0.093,0.036,0.046,0.993
4944.93,-0.092,0.036,0.046,0.993
4945.12,-0.092,0.036,0.046,0.993
4945.3,-0.092,0.036,0.046,0.993
4945.48,-0.092,0.036,0.046,0.993
4946.39,-0.093,0.036,0.046,0.993
4946.58,-0.093,0.036,0.046,0.993
4946.76,-0.092,0.036,0.046,0.993
4946.94,-0.092,0.036,0.046,0.993
4947.12,-0.092,0.036,0.046,0.993
4947.3,-0.092,0.036,0.046,0.993
4947.49,-0.093,0.036,0.046,0.993
4947.67,-0.093,0.036,0.046,0.993
4947.85,-0.093,0.036,0.046,0.993
4948.3,-0.093,0.036,0.046,0.993
4948.22,-0.093,0.036,0.046,0.993
4948.4,-0.093,0.036,0.046,0.993
4948.58,-0.093,0.036,0.046,0.993
4948.76,-0.093,0.036,0.046,0.993
4948.94,-0.092,0.036,0.046,0.993
4949.13,-0.092,0.036,0.046,0.993
4949.31,-0.092,0.036,0.046,0.993
4949.49,-0.092,0.036,0.046,0.993
4949.67,-0.092,0.036,0.046,0.993
4949.86,-0.092,0.036,0.046,0.993
4950.4,-0.092,0.036,0.046,0.993
4950.22,-0.092,0.036,0.046,0.993
4950.4,-0.092,0.036,0.046,0.993
4950.59,-0.092,0.036,0.046,0.993
4950.77,-0.092,0.036,0.046,0.993
4950.95,-0.092,0.036,0.046,0.993
4951.13,-0.092,0.036,0.046,0.993
4951.31,-0.092,0.036,0.046,0.993
4951.5,-0.092,0.036,0.046,0.993
4951.68,-0.092,0.036,0.046,0.993
4951.86,-0.092,0.036,0.046,0.993
4952.4,-0.092,0.036,0.046,0.993
4952.23,-0.092,0.036,0.046,0.993
4952.41,-0.092,0.036,0.046,0.993
4952.59,-0.092,0.036,0.046,0.993
4952.77,-0.092,0.036,0.046,0.993
4952.95,-0.092,0.036,0.046,0.993
4953.14,-0.092,0.036,0.046,0.993
4953.32,-0.092,0.036,0.046,0.993
4953.5,-0.092,0.036,0.046,0.993
4953.68,-0.092,0.036,0.046,0.993
4953.87,-0.092,0.036,0.046,0.993
4954.5,-0.092,0.036,0.046,0.993
4954.23,-0.092,0.036,0.046,0.993
4954.41,-0.092,0.036,0.046,0.993
4954.6,-0.092,0.036,0.046,0.993
4954.78,-0.092,0.036,0.046,0.993
4954.96,-0.092,0.036,0.046,0.993
4955.14,-0.092,0.036,0.046,0.993
4955.32,-0.092,0.036,0.046,0.993
4955.51,-0.092,0.036,0.046,0.993
4955.69,-0.092,0.036,0.046,0.993
4955.87,-0.093,0.036,0.046,0.993
4956.5,-0.093,0.036,0.046,0.993
4956.24,-0.093,0.036,0.046,0.993
4956.42,-0.092,0.036,0.046,0.993
4956.6,-0.093,0.036,0.046,0.993
4956.78,-0.092,0.036,0.046,0.993
4956.97,-0.092,0.036,0.046,0.993
4957.15,-0.092,0.036,0.046,0.993
4957.33,-0.092,0.036,0.046,0.993
4957.51,-0.092,0.036,0.046,0.993
4957.69,-0.093,0.036,0.046,0.993
4957.88,-0.093,0.036,0.046,0.993
4958.6,-0.093,0.036,0.046,0.993
4958.24,-0.093,0.036,0.046,0.993
4958.42,-0.093,0.036,0.046,0.993
4958.61,-0.093,0.036,0.046,0.993
4958.79,-0.093,0.036,0.046,0.993
4958.97,-0.093,0.036,0.046,0.993
4959.15,-0.093,0.036,0.046,0.993
4959.33,-0.093,0.036,0.046,0.993
4959.52,-0.092,0.036,0.046,0.993
4959.7,-0.093,0.036,0.046,0.993
4959.88,-0.093,0.036,0.046,0.993
4960.6,-0.093,0.036,0.046,0.993
4960.25,-0.093,0.036,0.046,0.993
4960.43,-0.093,0.036,0.046,0.993
4960.61,-0.093,0.036,0.046,0.993
4960.79,-0.092,0.036,0.046,0.993
4960.98,-0.092,0.036,0.046,0.993
4961.16,-0.092,0.036,0.046,0.993
4961.34,-0.092,0.036,0.046,0.993
4961.52,-0.092,0.036,0.046,0.993
4961.7,-0.092,0.036,0.046,0.993
4961.89,-0.092,0.036,0.046,0.993
4962.7,-0.092,0.036,0.046,0.993
4962.25,-0.092,0.036,0.046,0.993
4962.43,-0.092,0.036,0.046,0.993
4962.62,-0.092,0.036,0.046,0.993
4962.8,-0.092,0.036,0.046,0.993
4962.98,-0.092,0.036,0.046,0.993
4963.16,-0.092,0.036,0.046,0.993
4963.34,-0.092,0.036,0.046,0.993
4963.53,-0.092,0.036,0.046,0.993
4963.71,-0.092,0.036,0.046,0.993
4963.89,-0.092,0.036,0.046,0.993
4964.7,-0.092,0.036,0.046,0.993
4964.26,-0.092,0.036,0.046,0.993
4964.44,-0.092,0.036,0.046,0.993
4964.62,-0.092,0.036,0.046,0.993
4964.8,-0.092,0.036,0.046,0.993
4964.99,-0.092,0.036,0.046,0.993
4965.17,-0.092,0.036,0.046,0.993
4965.35,-0.092,0.036,0.046,0.993
4965.53,-0.092,0.036,0.046,0.993
4965.71,-0.092,0.036,0.046,0.993
4965.9,-0.092,0.037,0.046,0.993
4966.8,-0.092,0.036,0.046,0.993
4966.26,-0.092,0.037,0.046,0.993
4966.63,-0.092,0.037,0.046,0.993
4966.81,-0.092,0.036,0.046,0.993
4966.99,-0.092,0.037,0.046,0.993
4967.17,-0.092,0.036,0.046,0.993
4967.36,-0.092,0.036,0.046,0.993
4967.54,-0.092,0.036,0.046,0.993
4967.72,-0.092,0.036,0.046,0.993
4967.9,-0.092,0.036,0.046,0.993
4968.8,-0.092,0.036,0.046,0.993
4968.27,-0.092,0.036,0.046,0.993
4968.45,-0.092,0.036,0.046,0.993
4968.63,-0.092,0.036,0.046,0.993
4971.0,-0.092,0.036,0.046,0.993
4971.18,-0.092,0.036,0.046,0.993
4971.37,-0.092,0.036,0.046,0.993
4971.55,-0.092,0.037,0.046,0.993
4971.73,-0.092,0.036,0.046,0.993
4971.91,-0.091,0.036,0.046,0.994
4972.9,-0.091,0.036,0.046,0.993
4972.28,-0.091,0.036,0.046,0.993
4972.46,-0.091,0.037,0.046,0.993
4972.64,-0.091,0.036,0.046,0.994
4972.82,-0.091,0.037,0.046,0.993
4973.1,-0.091,0.036,0.046,0.994
4973.19,-0.091,0.036,0.046,0.994
4973.37,-0.091,0.036,0.046,0.994
4973.55,-0.091,0.037,0.046,0.994
4973.73,-0.091,0.037,0.046,0.994
4973.92,-0.092,0.036,0.046,0.993
4974.65,-0.092,0.036,0.046,0.993
4974.83,-0.092,0.036,0.046,0.993
4975.1,-0.092,0.036,0.046,0.993
4975.19,-0.092,0.036,0.046,0.993
4975.38,-0.092,0.036,0.046,0.993
4975.56,-0.092,0.036,0.046,0.993
4975.74,-0.092,0.036,0.046,0.993
4975.92,-0.092,0.036,0.046,0.993
4976.1,-0.092,0.036,0.046,0.993
4976.29,-0.091,0.036,0.046,0.994
4976.47,-0.091,0.036,0.046,0.994
4980.11,-0.092,0.036,0.046,0.993
4980.3,-0.091,0.037,0.046,0.993
4980.48,-0.092,0.036,0.046,0.993
4980.66,-0.092,0.036,0.046,0.993
4980.84,-0.092,0.036,0.046,0.993
4981.3,-0.092,0.036,0.046,0.993
4981.21,-0.092,0.036,0.046,0.993
4981.39,-0.092,0.036,0.046,0.993
4981.57,-0.092,0.036,0.046,0.993
4981.75,-0.092,0.036,0.046,0.993
4981.94,-0.092,0.036,0.046,0.993
4982.12,-0.093,0.036,0.046,0.993
4982.3,-0.092,0.036,0.046,0.993
4982.48,-0.093,0.036,0.046,0.993
4982.67,-0.092,0.036,0.046,0.993
4982.85,-0.092,0.036,0.046,0.993
4983.3,-0.092,0.036,0.046,0.993
4983.21,-0.092,0.036,0.046,0.993
4983.4,-0.092,0.036,0.046,0.993
4983.58,-0.092,0.036,0.046,0.993
4983.76,-0.092,0.037,0.046,0.993
4983.94,-0.092,0.036,0.046,0.993
4984.12,-0.092,0.036,0.046,0.993
4984.31,-0.092,0.036,0.046,0.993
4984.49,-0.092,0.036,0.046,0.993
4984.67,-0.092,0.036,0.046,0.993
4984.85,-0.092,0.036,0.046,0.993
4989.5,-0.092,0.036,0.046,0.993
4989.23,-0.092,0.036,0.046,0.993
4989.41,-0.092,0.036,0.046,0.993
4989.59,-0.092,0.036,0.046,0.993
4989.77,-0.092,0.037,0.046,0.993
4989.96,-0.092,0.036,0.046,0.993
4990.14,-0.092,0.037,0.046,0.993
4990.32,-0.092,0.036,0.046,0.993
4990.5,-0.092,0.037,0.046,0.993
4990.69,-0.092,0.036,0.046,0.993
4990.87,-0.092,0.037,0.046,0.993
4991.5,-0.092,0.036,0.046,0.993
4991.23,-0.092,0.037,0.046,0.993
4991.41,-0.092,0.037,0.046,0.993
4991.6,-0.092,0.037,0.046,0.993
4991.78,-0.092,0.037,0.046,0.993
4991.96,-0.092,0.037,0.046,0.993
4992.14,-0.092,0.036,0.046,0.993
4992.33,-0.092,0.036,0.046,0.993
4992.51,-0.092,0.037,0.046,0.993
4992.69,-0.092,0.036,0.046,0.993
4992.87,-0.092,0.036,0.046,0.993
4993.6,-0.092,0.036,0.046,0.993
4993.24,-0.092,0.036,0.046,0.993
4993.42,-0.092,0.036,0.046,0.993
4993.6,-0.092,0.036,0.046,0.993
4993.78,-0.092,0.036,0.046,0.993
4993.97,-0.092,0.036,0.046,0.993
4994.15,-0.092,0.036,0.046,0.993
4994.33,-0.092,0.036,0.046,0.993
4994.51,-0.092,0.036,0.046,0.993
4994.7,-0.092,0.036,0.046,0.993
4994.88,-0.092,0.036,0.046,0.993
4995.6,-0.092,0.036,0.046,0.993
4995.24,-0.092,0.037,0.046,0.993
4995.42,-0.092,0.037,0.046,0.993
4995.61,-0.092,0.036,0.046,0.993
4995.79,-0.092,0.036,0.046,0.993
4995.97,-0.092,0.036,0.046,0.993
4996.15,-0.092,0.036,0.046,0.993
4996.34,-0.092,0.037,0.046,0.993
4996.52,-0.092,0.036,0.046,0.993
4996.7,-0.092,0.036,0.046,0.993
4996.88,-0.092,0.036,0.046,0.993
4997.7,-0.092,0.037,0.046,0.993
4997.25,-0.092,0.036,0.046,0.993
4997.43,-0.092,0.037,0.046,0.993
4997.61,-0.092,0.037,0.046,0.993
4997.79,-0.092,0.036,0.046,0.993
4997.98,-0.092,0.036,0.046,0.993
4998.16,-0.092,0.036,0.046,0.993
4998.34,-0.092,0.036,0.046,0.993
4998.52,-0.092,0.036,0.046,0.993
4998.71,-0.092,0.036,0.046,0.993
4998.89,-0.092,0.036,0.046,0.993
4999.7,-0.092,0.037,0.046,0.993
4999.25,-0.092,0.036,0.046,0.993
4999.43,-0.092,0.036,0.046,0.993
4999.62,-0.092,0.036,0.046,0.993
4999.8,-0.092,0.037,0.046,0.993
4999.98,-0.092,0.036,0.046,0.993
5000.16,-0.092,0.037,0.046,0.993
5000.35,-0.092,0.036,0.046,0.993
5000.53,-0.092,0.036,0.046,0.993
5000.71,-0.092,0.036,0.046,0.993
5000.89,-0.092,0.036,0.046,0.993
5001.8,-0.092,0.036,0.046,0.993
5001.26,-0.092,0.036,0.046,0.993
5001.44,-0.092,0.036,0.046,0.993
5001.62,-0.092,0.036,0.046,0.993
5001.8,-0.092,0.036,0.046,0.993
5001.99,-0.092,0.036,0.046,0.993
5002.17,-0.092,0.036,0.046,0.993
5002.35,-0.092,0.036,0.046,0.993
5002.53,-0.092,0.036,0.046,0.993
5002.72,-0.092,0.036,0.046,0.993
5002.9,-0.092,0.036,0.046,0.993
5003.8,-0.092,0.036,0.046,0.993
5003.26,-0.092,0.036,0.046,0.993
5003.44,-0.092,0.036,0.046,0.993
5003.63,-0.092,0.036,0.046,0.993
5003.81,-0.092,0.037,0.046,0.993
5003.99,-0.092,0.036,0.046,0.993
5004.17,-0.092,0.037,0.046,0.993
5004.36,-0.092,0.036,0.046,0.993
5004.54,-0.092,0.036,0.046,0.993
5004.72,-0.092,0.036,0.046,0.993
5004.9,-0.092,0.036,0.046,0.993
5005.9,-0.092,0.036,0.046,0.993
5005.27,-0.092,0.036,0.046,0.993
5005.45,-0.092,0.036,0.046,0.993
5005.63,-0.092,0.036,0.046,0.993
5005.81,-0.092,0.037,0.046,0.993
5006.0,-0.092,0.037,0.046,0.993
5006.18,-0.092,0.036,0.046,0.993
5006.36,-0.092,0.036,0.046,0.993
5006.54,-0.093,0.036,0.046,0.993
5006.73,-0.092,0.036,0.046,0.993
5006.91,-0.092,0.036,0.046,0.993
5007.9,-0.092,0.036,0.046,0.993
5007.27,-0.092,0.036,0.046,0.993
5007.46,-0.092,0.037,0.046,0.993
5007.64,-0.092,0.036,0.046,0.993
5007.82,-0.092,0.036,0.046,0.993
5008.0,-0.092,0.036,0.046,0.993
5008.18,-0.092,0.037,0.046,0.993
5008.37,-0.092,0.037,0.046,0.993
5008.55,-0.092,0.037,0.046,0.993
5008.73,-0.092,0.036,0.046,0.993
5008.91,-0.093,0.036,0.046,0.993
5009.1,-0.093,0.037,0.046,0.993
5009.28,-0.093,0.036,0.046,0.993
5009.46,-0.093,0.037,0.046,0.993
5009.64,-0.093,0.036,0.046,0.993
5009.82,-0.093,0.036,0.046,0.993
5010.1,-0.093,0.036,0.046,0.993
5010.19,-0.093,0.036,0.046,0.993
5010.37,-0.093,0.036,0.046,0.993
5010.55,-0.093,0.036,0.046,0.993
5010.74,-0.093,0.036,0.046,0.993
5010.92,-0.092,0.036,0.046,0.993
5011.1,-0.092,0.036,0.046,0.993
5011.28,-0.092,0.036,0.046,0.993
5011.47,-0.092,0.037,0.046,0.993
5011.65,-0.092,0.036,0.046,0.993
5011.83,-0.093,0.036,0.046,0.993
5012.1,-0.093,0.036,0.046,0.993
5012.19,-0.092,0.036,0.046,0.993
5012.38,-0.092,0.036,0.046,0.993
5012.56,-0.093,0.036,0.046,0.993
5012.74,-0.092,0.036,0.046,0.993
5012.92,-0.092,0.036,0.046,0.993
5013.11,-0.092,0.036,0.046,0.993
5013.29,-0.093,0.036,0.046,0.993
5013.47,-0.092,0.036,0.046,0.993
5013.65,-0.092,0.036,0.046,0.993
5013.84,-0.092,0.037,0.046,0.993
5014.2,-0.092,0.036,0.046,0.993
5014.2,-0.092,0.037,0.046,0.993
5014.38,-0.092,0.036,0.046,0.993
5014.56,-0.092,0.037,0.046,0.993
5014.75,-0.092,0.036,0.046,0.993
5014.93,-0.092,0.037,0.046,0.993
5015.11,-0.092,0.036,0.046,0.993
5015.29,-0.092,0.036,0.046,0.993
5015.48,-0.092,0.036,0.046,0.993
5015.66,-0.092,0.036,0.046,0.993
5015.84,-0.092,0.036,0.046,0.993
5016.2,-0.092,0.037,0.046,0.993
5016.2,-0.092,0.036,0.046,0.993
5016.39,-0.092,0.036,0.046,0.993
5016.57,-0.092,0.037,0.046,0.993
5016.75,-0.092,0.036,0.046,0.993
5016.93,-0.092,0.036,0.046,0.993
5017.12,-0.092,0.036,0.046,0.993
5017.3,-0.092,0.036,0.046,0.993
5017.48,-0.092,0.036,0.046,0.993
5017.66,-0.092,0.037,0.046,0.993
5017.85,-0.092,0.036,0.046,0.993
5018.3,-0.092,0.036,0.046,0.993
5018.21,-0.092,0.037,0.046,0.993
5018.39,-0.092,0.036,0.046,0.993
5018.57,-0.092,0.036,0.046,0.993
5018.76,-0.092,0.036,0.046,0.993
5018.94,-0.092,0.036,0.046,0.993
5019.12,-0.092,0.037,0.046,0.993
5019.3,-0.092,0.036,0.046,0.993
5019.49,-0.092,0.036,0.046,0.993
5019.67,-0.092,0.037,0.046,0.993
5019.85,-0.092,0.036,0.046,0.993
5020.3,-0.092,0.037,0.047,0.993
5020.22,-0.092,0.036,0.047,0.993
5020.4,-0.092,0.036,0.047,0.993
5020.58,-0.092,0.036,0.047,0.993
5020.76,-0.092,0.037,0.047,0.993
5020.94,-0.092,0.036,0.047,0.993
5021.13,-0.092,0.036,0.047,0.993
5021.31,-0.092,0.036,0.047,0.993
5021.49,-0.092,0.036,0.047,0.993
5021.67,-0.092,0.036,0.047,0.993
5021.86,-0.092,0.036,0.047,0.993
5022.4,-0.092,0.036,0.047,0.993
5022.22,-0.092,0.036,0.047,0.993
5022.4,-0.092,0.036,0.047,0.993
5022.59,-0.092,0.036,0.047,0.993
5022.77,-0.092,0.036,0.047,0.993
5022.95,-0.092,0.036,0.047,0.993
5023.13,-0.092,0.036,0.047,0.993
5023.31,-0.092,0.036,0.047,0.993
5023.5,-0.092,0.036,0.047,0.993
5023.68,-0.092,0.036,0.047,0.993
5023.86,-0.092,0.036,0.047,0.993
5024.4,-0.092,0.036,0.047,0.993
5024.23,-0.093,0.036,0.047,0.993
5024.41,-0.093,0.036,0.047,0.993
5024.59,-0.093,0.037,0.047,0.993
5024.77,-0.093,0.036,0.047,0.993
5024.95,-0.093,0.037,0.047,0.993
5025.14,-0.093,0.036,0.047,0.993
5025.32,-0.093,0.036,0.047,0.993
5025.5,-0.093,0.036,0.047,0.993
5025.68,-0.093,0.036,0.047,0.993
5025.87,-0.093,0.036,0.047,0.993
5026.5,-0.093,0.036,0.047,0.993
5026.23,-0.093,0.036,0.047,0.993
5026.41,-0.093,0.036,0.047,0.993
5026.6,-0.093,0.036,0.047,0.993
5026.78,-0.093,0.036,0.047,0.993
5026.96,-0.093,0.036,0.047,0.993
5027.14,-0.093,0.036,0.047,0.993
5027.32,-0.093,0.036,0.047,0.993
5027.51,-0.092,0.036,0.047,0.993
5027.69,-0.092,0.036,0.047,0.993
5027.87,-0.092,0.036,0.047,0.993
5028.5,-0.093,0.036,0.047,0.993
5028.24,-0.093,0.036,0.047,0.993
5028.42,-0.093,0.036,0.047,0.993
5028.6,-0.093,0.036,0.047,0.993
5028.78,-0.093,0.036,0.047,0.993
5028.97,-0.093,0.036,0.047,0.993
5029.15,-0.092,0.036,0.047,0.993
5029.33,-0.092,0.036,0.047,0.993
5029.51,-0.092,0.036,0.047,0.993
5029.69,-0.092,0.036,0.047,0.993
5029.88,-0.092,0.036,0.047,0.993
5030.6,-0.092,0.036,0.047,0.993
5030.24,-0.092,0.036,0.047,0.993
5030.42,-0.092,0.036,0.047,0.993
5030.61,-0.092,0.036,0.047,0.993
5030.79,-0.092,0.036,0.047,0.993
5030.97,-0.092,0.036,0.047,0.993
5031.15,-0.092,0.036,0.047,0.993
5031.34,-0.092,0.036,0.047,0.993
5031.52,-0.092,0.036,0.047,0.993
5031.7,-0.092,0.036,0.047,0.993
5031.88,-0.092,0.036,0.047,0.993
5032.6,-0.092,0.036,0.047,0.993
5032.25,-0.092,0.036,0.047,0.993
5032.43,-0.092,0.036,0.047,0.993
5032.61,-0.092,0.036,0.048,0.993
5032.79,-0.092,0.036,0.047,0.993
5032.98,-0.092,0.036,0.048,0.993
5033.16,-0.092,0.036,0.048,0.993
5033.34,-0.092,0.036,0.048,0.993
5033.52,-0.092,0.036,0.048,0.993
5033.71,-0.092,0.036,0.048,0.993
5033.89,-0.092,0.036,0.048,0.993
5034.7,-0.092,0.036,0.047,0.993
5034.25,-0.092,0.036,0.047,0.993
5034.43,-0.092,0.036,0.047,0.993
5034.62,-0.092,0.036,0.047,0.993
5034.8,-0.092,0.036,0.047,0.993
5034.98,-0.092,0.036,0.048,0.993
5035.16,-0.092,0.036,0.047,0.993
5035.35,-0.092,0.036,0.047,0.993
5035.53,-0.092,0.036,0.048,0.993
5035.71,-0.092,0.036,0.047,0.993
5038.44,-0.091,0.036,0.047,0.993
5038.63,-0.091,0.036,0.047,0.993
5038.81,-0.091,0.036,0.047,0.993
5038.99,-0.091,0.036,0.047,0.993
5039.17,-0.092,0.036,0.048,0.993
5039.36,-0.092,0.036,0.047,0.993
5039.54,-0.092,0.036,0.048,0.993
5039.72,-0.092,0.036,0.048,0.993
5039.9,-0.092,0.036,0.048,0.993
5040.8,-0.092,0.036,0.048,0.993
5040.27,-0.092,0.036,0.048,0.993
5040.45,-0.092,0.036,0.048,0.993
5040.63,-0.092,0.036,0.048,0.993
5040.81,-0.092,0.036,0.048,0.993
5041.0,-0.092,0.036,0.048,0.993
5041.18,-0.092,0.036,0.048,0.993
5041.36,-0.092,0.036,0.047,0.993
5041.54,-0.092,0.036,0.047,0.993
5041.73,-0.092,0.036,0.048,0.993
5041.91,-0.092,0.036,0.048,0.993
5042.9,-0.092,0.036,0.048,0.993
5042.27,-0.092,0.036,0.048,0.993
5042.45,-0.092,0.036,0.048,0.993
5042.64,-0.092,0.036,0.048,0.993
5042.82,-0.092,0.036,0.048,0.993
5043.0,-0.092,0.036,0.048,0.993
5043.18,-0.092,0.036,0.048,0.993
5043.37,-0.092,0.036,0.048,0.993
5043.55,-0.093,0.036,0.048,0.993
5043.73,-0.093,0.036,0.048,0.993
5043.91,-0.093,0.036,0.048,0.993
5044.1,-0.093,0.036,0.048,0.993
5044.28,-0.093,0.036,0.048,0.993
5044.46,-0.093,0.036,0.048,0.993
5044.64,-0.092,0.036,0.048,0.993
5044.82,-0.092,0.036,0.048,0.993
5045.1,-0.092,0.036,0.048,0.993
5045.19,-0.092,0.036,0.048,0.993
5045.37,-0.092,0.036,0.048,0.993
5045.55,-0.092,0.036,0.048,0.993
5045.74,-0.092,0.036,0.048,0.993
5045.92,-0.091,0.036,0.048,0.993
5046.1,-0.091,0.036,0.048,0.993
5046.28,-0.091,0.036,0.048,0.993
5046.47,-0.092,0.036,0.048,0.993
5046.65,-0.092,0.036,0.048,0.993
5046.83,-0.092,0.036,0.048,0.993
5047.1,-0.092,0.036,0.048,0.993
5047.19,-0.092,0.036,0.048,0.993
5047.38,-0.092,0.036,0.048,0.993
5047.56,-0.092,0.036,0.048,0.993
5047.74,-0.092,0.036,0.048,0.993
5047.92,-0.091,0.036,0.048,0.993
5048.11,-0.092,0.036,0.048,0.993
5048.29,-0.092,0.036,0.048,0.993
5048.47,-0.092,0.036,0.048,0.993
5048.65,-0.093,0.036,0.048,0.993
5048.84,-0.093,0.036,0.048,0.993
5049.2,-0.093,0.036,0.048,0.993
5049.2,-0.093,0.036,0.048,0.993
5049.38,-0.093,0.036,0.048,0.993
5049.56,-0.092,0.036,0.048,0.993
5049.75,-0.092,0.036,0.048,0.993
5051.93,-0.092,0.036,0.048,0.993
5052.12,-0.092,0.036,0.048,0.993
5052.3,-0.092,0.036,0.048,0.993
5052.48,-0.092,0.036,0.048,0.993
5052.66,-0.092,0.036,0.048,0.993
5052.85,-0.092,0.036,0.048,0.993
5053.3,-0.092,0.036,0.048,0.993
5053.21,-0.092,0.036,0.048,0.993
5053.39,-0.092,0.036,0.048,0.993
5053.57,-0.092,0.036,0.048,0.993
5058.68,-0.093,0.036,0.048,0.993
5058.86,-0.093,0.036,0.048,0.993
5059.4,-0.093,0.036,0.048,0.993
5059.22,-0.093,0.036,0.048,0.993
5059.41,-0.093,0.036,0.048,0.993
5059.59,-0.093,0.036,0.048,0.993
5059.77,-0.093,0.036,0.048,0.993
5059.95,-0.093,0.036,0.048,0.993
5060.14,-0.093,0.036,0.048,0.993
5060.32,-0.093,0.036,0.048,0.993
5060.5,-0.093,0.036,0.048,0.993
5060.68,-0.093,0.036,0.048,0.993
5060.87,-0.092,0.036,0.048,0.993
5061.5,-0.092,0.036,0.048,0.993
5061.23,-0.092,0.036,0.048,0.993
5061.41,-0.092,0.036,0.048,0.993
5061.59,-0.092,0.036,0.048,0.993
5061.78,-0.092,0.036,0.047,0.993
5061.96,-0.092,0.036,0.047,0.993
5062.14,-0.093,0.036,0.047,0.993
5062.32,-0.093,0.036,0.047,0.993
5062.51,-0.092,0.036,0.047,0.993
5062.69,-0.093,0.036,0.047,0.993
5062.87,-0.093,0.036,0.047,0.993
5063.5,-0.093,0.036,0.047,0.993
5063.24,-0.093,0.036,0.047,0.993
5063.42,-0.092,0.036,0.047,0.993
5063.6,-0.092,0.036,0.048,0.993
5063.78,-0.092,0.036,0.048,0.993
5063.96,-0.092,0.036,0.048,0.993
5064.15,-0.092,0.036,0.048,0.993
5064.33,-0.092,0.036,0.048,0.993
5064.51,-0.093,0.036,0.048,0.993
5064.69,-0.092,0.036,0.048,0.993
5064.88,-0.092,0.036,0.048,0.993
5065.6,-0.092,0.036,0.048,0.993
5065.24,-0.092,0.036,0.048,0.993
5065.42,-0.092,0.036,0.048,0.993
5065.61,-0.092,0.036,0.048,0.993
5065.79,-0.092,0.036,0.048,0.993
5065.97,-0.092,0.036,0.048,0.993
5066.15,-0.092,0.036,0.048,0.993
5066.33,-0.092,0.036,0.048,0.993
5066.52,-0.092,0.036,0.048,0.993
5066.7,-0.092,0.036,0.048,0.993
5066.88,-0.092,0.036,0.048,0.993
5067.6,-0.092,0.036,0.048,0.993
5067.25,-0.092,0.036,0.048,0.993
5067.43,-0.092,0.036,0.048,0.993
5067.61,-0.092,0.036,0.048,0.993
5067.79,-0.092,0.036,0.048,0.993
5067.98,-0.092,0.036,0.048,0.993
5068.16,-0.092,0.036,0.048,0.993
5068.34,-0.092,0.036,0.048,0.993
5068.52,-0.092,0.036,0.048,0.993
5068.7,-0.092,0.036,0.048,0.993
5068.89,-0.092,0.036,0.048,0.993
5069.7,-0.092,0.036,0.048,0.993
5069.25,-0.092,0.036,0.048,0.993
5069.43,-0.092,0.036,0.048,0.993
5072.17,-0.092,0.036,0.048,0.993
5072.35,-0.092,0.036,0.048,0.993
5072.53,-0.092,0.036,0.048,0.993
5072.71,-0.092,0.036,0.048,0.993
5072.9,-0.092,0.036,0.048,0.993
5073.8,-0.092,0.036,0.048,0.993
5073.26,-0.092,0.036,0.048,0.993
5073.44,-0.092,0.036,0.048,0.993
5073.63,-0.092,0.036,0.048,0.993
5073.81,-0.092,0.036,0.048,0.993
5073.99,-0.092,0.036,0.048,0.993
5078.91,-0.092,0.036,0.048,0.993
5079.9,-0.092,0.036,0.048,0.993
5079.28,-0.092,0.036,0.048,0.993
5079.46,-0.092,0.036,0.048,0.993
5079.64,-0.092,0.036,0.048,0.993
5079.82,-0.092,0.036,0.048,0.993
5080.1,-0.092,0.036,0.048,0.993
5080.19,-0.092,0.036,0.048,0.993
5080.37,-0.092,0.036,0.048,0.993
5080.55,-0.093,0.036,0.048,0.993
5080.74,-0.093,0.036,0.048,0.993
5080.92,-0.093,0.036,0.048,0.993
5081.1,-0.093,0.036,0.048,0.993
5081.28,-0.093,0.036,0.048,0.993
5081.46,-0.093,0.036,0.048,0.993
5081.65,-0.093,0.036,0.048,0.993
5081.83,-0.093,0.036,0.048,0.993
5082.1,-0.093,0.036,0.048,0.993
5082.19,-0.093,0.036,0.048,0.993
5082.38,-0.092,0.036,0.048,0.993
5082.56,-0.092,0.036,0.048,0.993
5082.74,-0.092,0.036,0.048,0.993
5082.92,-0.092,0.036,0.048,0.993
5083.1,-0.092,0.036,0.048,0.993
5083.29,-0.093,0.036,0.048,0.993
5083.47,-0.093,0.036,0.048,0.993
5083.65,-0.093,0.036,0.048,0.993
5083.83,-0.093,0.036,0.048,0.993
5084.56,-0.093,0.036,0.048,0.993
5084.75,-0.093,0.036,0.048,0.993
5084.93,-0.092,0.036,0.048,0.993
5085.11,-0.093,0.036,0.048,0.993
5085.29,-0.092,0.036,0.048,0.993
5085.47,-0.093,0.036,0.048,0.993
5085.66,-0.093,0.036,0.048,0.993
5085.84,-0.093,0.036,0.048,0.993
5086.2,-0.093,0.036,0.048,0.993
5086.2,-0.094,0.036,0.048,0.993
5086.39,-0.094,0.036,0.048,0.993
5086.57,-0.094,0.036,0.048,0.993
5086.75,-0.094,0.036,0.048,0.993
5086.93,-0.093,0.036,0.048,0.993
5087.11,-0.093,0.036,0.048,0.993
5087.3,-0.093,0.036,0.048,0.993
5087.48,-0.093,0.036,0.048,0.993
5087.66,-0.093,0.036,0.048,0.993
5087.84,-0.093,0.036,0.048,0.993
5088.3,-0.093,0.036,0.048,0.993
5088.21,-0.093,0.036,0.048,0.993
5088.39,-0.093,0.036,0.048,0.993
5092.4,-0.092,0.036,0.048,0.993
5092.58,-0.093,0.036,0.048,0.993
5092.77,-0.093,0.036,0.048,0.993
5092.95,-0.093,0.036,0.048,0.993
5093.13,-0.093,0.036,0.048,0.993
5093.31,-0.093,0.036,0.048,0.993
5093.49,-0.093,0.036,0.048,0.993
5093.68,-0.093,0.036,0.048,0.993
5093.86,-0.093,0.036,0.048,0.993
5094.4,-0.093,0.036,0.048,0.993
5094.22,-0.093,0.036,0.048,0.993
5094.41,-0.093,0.036,0.048,0.993
5094.59,-0.093,0.036,0.048,0.993
5094.77,-0.093,0.036,0.048,0.993
5094.95,-0.093,0.036,0.048,0.993
5095.13,-0.093,0.036,0.048,0.993
5095.32,-0.093,0.036,0.048,0.993
5095.5,-0.092,0.036,0.048,0.993
5095.68,-0.092,0.036,0.048,0.993
5095.86,-0.092,0.036,0.048,0.993
5096.5,-0.092,0.036,0.048,0.993
5096.23,-0.092,0.036,0.048,0.993
5096.41,-0.092,0.036,0.048,0.993
5096.59,-0.092,0.036,0.048,0.993
5096.78,-0.092,0.036,0.048,0.993
5096.96,-0.092,0.036,0.048,0.993
5097.14,-0.092,0.036,0.048,0.993
5097.32,-0.092,0.036,0.048,0.993
5097.5,-0.092,0.036,0.048,0.993
5097.69,-0.092,0.036,0.048,0.993
5097.87,-0.092,0.036,0.048,0.993
5098.5,-0.092,0.036,0.048,0.993
5098.23,-0.092,0.036,0.048,0.993
5098.42,-0.092,0.036,0.048,0.993
5098.6,-0.092,0.036,0.048,0.993
5098.78,-0.092,0.036,0.048,0.993
5098.96,-0.092,0.036,0.048,0.993
5099.14,-0.092,0.036,0.048,0.993
5099.33,-0.092,0.036,0.048,0.993
5099.51,-0.092,0.036,0.048,0.993
5099.69,-0.093,0.036,0.048,0.993
5099.87,-0.093,0.036,0.048,0.993
5100.6,-0.092,0.036,0.048,0.993
5100.24,-0.092,0.036,0.048,0.993
5100.42,-0.092,0.036,0.048,0.993
5100.6,-0.092,0.036,0.048,0.993
5100.79,-0.092,0.036,0.048,0.993
5100.97,-0.092,0.036,0.048,0.993
5101.15,-0.092,0.036,0.048,0.993
5101.33,-0.092,0.036,0.048,0.993
5101.51,-0.092,0.036,0.048,0.993
5101.7,-0.092,0.036,0.048,0.993
5101.88,-0.092,0.036,0.048,0.993
5102.6,-0.092,0.036,0.048,0.993
5102.24,-0.092,0.036,0.048,0.993
5102.43,-0.092,0.036,0.048,0.993
5102.61,-0.092,0.036,0.048,0.993
5102.79,-0.092,0.036,0.048,0.993
5102.97,-0.092,0.036,0.048,0.993
5103.15,-0.092,0.036,0.048,0.993
5103.34,-0.092,0.036,0.048,0.993
5103.52,-0.092,0.036,0.048,0.993
5103.7,-0.092,0.036,0.048,0.993
5103.88,-0.092,0.036,0.048,0.993
5104.7,-0.092,0.036,0.048,0.993
5104.25,-0.092,0.036,0.048,0.993
5104.43,-0.092,0.036,0.048,0.993
5104.61,-0.092,0.036,0.048,0.993
5104.8,-0.092,0.036,0.048,0.993
5104.98,-0.092,0.036,0.048,0.993
5105.16,-0.092,0.036,0.048,0.993
5105.34,-0.092,0.036,0.048,0.993
5105.52,-0.092,0.036,0.048,0.993
5105.71,-0.092,0.036,0.048,0.993
5105.89,-0.092,0.036,0.048,0.993
5106.7,-0.092,0.036,0.048,0.993
5106.25,-0.092,0.036,0.048,0.993
5106.44,-0.092,0.036,0.048,0.993
5106.62,-0.092,0.036,0.048,0.993
5106.8,-0.092,0.036,0.048,0.993
5106.98,-0.092,0.036,0.048,0.993
5107.16,-0.092,0.036,0.048,0.993
5107.35,-0.092,0.036,0.048,0.993
5107.53,-0.092,0.036,0.048,0.993
5107.71,-0.092,0.036,0.048,0.993
5107.89,-0.092,0.036,0.048,0.993
5108.8,-0.093,0.036,0.048,0.993
5108.26,-0.093,0.036,0.048,0.993
5108.44,-0.093,0.036,0.048,0.993
5108.62,-0.093,0.036,0.048,0.993
5108.81,-0.093,0.036,0.048,0.993
5108.99,-0.093,0.036,0.048,0.993
5109.17,-0.093,0.036,0.048,0.993
5109.35,-0.093,0.036,0.048,0.993
5109.53,-0.093,0.036,0.048,0.993
5109.72,-0.093,0.036,0.048,0.993
5109.9,-0.093,0.036,0.048,0.993
5110.8,-0.093,0.036,0.048,0.993
5110.26,-0.093,0.036,0.048,0.993
5110.45,-0.092,0.036,0.048,0.993
5110.63,-0.092,0.036,0.048,0.993
5110.81,-0.092,0.036,0.048,0.993
5110.99,-0.092,0.036,0.048,0.993
5111.18,-0.092,0.036,0.048,0.993
5111.36,-0.092,0.036,0.048,0.993
5111.54,-0.092,0.036,0.048,0.993
5111.72,-0.092,0.036,0.048,0.993
5111.9,-0.092,0.036,0.048,0.993
5112.9,-0.091,0.036,0.048,0.993
5112.27,-0.091,0.036,0.048,0.993
5112.45,-0.091,0.036,0.048,0.993
5112.63,-0.091,0.036,0.048,0.993
5112.82,-0.091,0.036,0.048,0.993
5113.0,-0.091,0.036,0.048,0.993
5113.18,-0.092,0.036,0.048,0.993
5113.36,-0.092,0.036,0.048,0.993
5113.54,-0.091,0.036,0.048,0.993
5113.73,-0.092,0.036,0.048,0.993
5113.91,-0.092,0.036,0.048,0.993
5114.9,-0.092,0.036,0.048,0.993
5114.27,-0.092,0.036,0.048,0.993
5114.46,-0.092,0.036,0.048,0.993
5114.64,-0.092,0.036,0.048,0.993
5114.82,-0.092,0.036,0.048,0.993
5115.0,-0.092,0.036,0.048,0.993
5115.19,-0.092,0.036,0.048,0.993
5115.37,-0.092,0.036,0.048,0.993
5115.55,-0.092,0.036,0.048,0.993
5115.73,-0.092,0.036,0.048,0.993
5115.91,-0.092,0.036,0.048,0.993
5116.1,-0.092,0.036,0.048,0.993
5116.28,-0.092,0.036,0.048,0.993
5116.46,-0.092,0.036,0.048,0.993
5116.64,-0.092,0.036,0.048,0.993
5116.83,-0.092,0.036,0.048,0.993
5117.1,-0.092,0.036,0.048,0.993
5117.19,-0.092,0.036,0.048,0.993
5117.37,-0.092,0.036,0.048,0.993
5117.55,-0.092,0.036,0.048,0.993
5117.74,-0.092,0.036,0.048,0.993
5117.92,-0.092,0.036,0.048,0.993
5118.1,-0.092,0.036,0.048,0.993
5118.28,-0.092,0.036,0.048,0.993
5118.47,-0.092,0.036,0.048,0.993
5118.65,-0.092,0.036,0.048,0.993
5118.83,-0.092,0.036,0.048,0.993
5119.1,-0.092,0.036,0.048,0.993
5119.2,-0.092,0.036,0.048,0.993
5119.38,-0.092,0.036,0.048,0.993
5119.56,-0.092,0.036,0.048,0.993
5119.74,-0.092,0.036,0.048,0.993
5120.84,-0.092,0.036,0.048,0.993
5121.2,-0.092,0.036,0.048,0.993
5121.2,-0.092,0.036,0.048,0.993
5121.38,-0.092,0.036,0.048,0.993
5121.56,-0.092,0.036,0.048,0.993
5121.75,-0.092,0.036,0.048,0.993
5121.93,-0.092,0.036,0.048,0.993
5122.11,-0.092,0.036,0.048,0.993
5122.29,-0.092,0.036,0.048,0.993
5122.48,-0.092,0.036,0.048,0.993
5122.66,-0.092,0.036,0.048,0.993
5122.84,-0.092,0.036,0.048,0.993
5123.2,-0.092,0.036,0.048,0.993
5123.2,-0.092,0.036,0.048,0.993
5123.39,-0.092,0.036,0.048,0.993
5123.57,-0.092,0.036,0.048,0.993
5123.75,-0.092,0.036,0.048,0.993
5123.93,-0.092,0.036,0.048,0.993
5124.12,-0.092,0.036,0.048,0.993
5124.3,-0.091,0.036,0.048,0.993
5124.48,-0.092,0.036,0.048,0.993
5124.66,-0.092,0.036,0.048,0.993
5124.85,-0.091,0.036,0.048,0.993
5125.3,-0.092,0.036,0.048,0.993
5125.21,-0.092,0.036,0.048,0.993
5125.39,-0.092,0.036,0.048,0.993
5125.57,-0.091,0.036,0.048,0.993
5125.76,-0.092,0.036,0.048,0.993
5125.94,-0.092,0.036,0.048,0.993
5126.12,-0.092,0.036,0.048,0.993
5128.13,-0.092,0.036,0.048,0.993
5128.31,-0.092,0.036,0.048,0.993
5128.49,-0.092,0.036,0.048,0.993
5128.67,-0.092,0.036,0.048,0.993
5128.86,-0.092,0.036,0.048,0.993
5129.4,-0.092,0.036,0.048,0.993
5129.22,-0.092,0.036,0.048,0.993
5129.4,-0.092,0.036,0.048,0.993
5129.58,-0.092,0.036,0.048,0.993
5129.77,-0.092,0.036,0.048,0.993
5129.95,-0.092,0.036,0.048,0.993
5130.13,-0.092,0.036,0.048,0.993
5130.31,-0.092,0.036,0.048,0.993
5130.5,-0.092,0.036,0.048,0.993
5130.68,-0.092,0.036,0.048,0.993
5130.86,-0.092,0.036,0.048,0.993
5131.4,-0.092,0.036,0.048,0.993
5131.23,-0.092,0.036,0.048,0.993
5131.41,-0.092,0.036,0.048,0.993
5131.59,-0.092,0.036,0.048,0.993
5131.77,-0.092,0.036,0.048,0.993
5131.95,-0.092,0.036,0.048,0.993
5132.14,-0.092,0.036,0.048,0.993
5132.32,-0.092,0.036,0.048,0.993
5132.5,-0.092,0.036,0.048,0.993
5132.68,-0.092,0.036,0.048,0.993
5132.87,-0.092,0.036,0.048,0.993
5133.5,-0.092,0.036,0.048,0.993
5133.23,-0.092,0.036,0.048,0.993
5133.41,-0.092,0.036,0.048,0.993
5133.59,-0.092,0.036,0.048,0.993
5133.78,-0.092,0.036,0.048,0.993
5133.96,-0.091,0.036,0.048,0.993
5134.14,-0.092,0.036,0.048,0.993
5134.32,-0.091,0.036,0.048,0.993
5134.51,-0.092,0.036,0.048,0.993
5134.69,-0.092,0.036,0.048,0.993
5134.87,-0.091,0.036,0.048,0.993
5135.5,-0.091,0.036,0.048,0.993
5135.24,-0.091,0.036,0.048,0.993
5135.78,-0.092,0.036,0.048,0.993
5135.96,-0.092,0.036,0.048,0.993
5136.15,-0.092,0.036,0.048,0.993
5136.33,-0.092,0.036,0.048,0.993
5136.51,-0.092,0.036,0.048,0.993
5136.69,-0.092,0.036,0.048,0.993
5136.88,-0.092,0.036,0.048,0.993
5137.6,-0.092,0.036,0.048,0.993
5137.24,-0.092,0.036,0.048,0.993
5137.42,-0.092,0.036,0.048,0.993
5137.6,-0.092,0.036,0.048,0.993
5137.79,-0.092,0.036,0.048,0.993
5137.97,-0.092,0.036,0.048,0.993
5138.15,-0.092,0.036,0.048,0.993
5138.33,-0.092,0.036,0.048,0.993
5138.52,-0.092,0.036,0.048,0.993
5138.7,-0.092,0.036,0.048,0.993
5138.88,-0.092,0.036,0.048,0.993
5139.6,-0.092,0.036,0.048,0.993
5139.25,-0.092,0.036,0.048,0.993
5139.43,-0.092,0.036,0.048,0.993
5139.61,-0.092,0.036,0.048,0.993
5139.79,-0.092,0.036,0.048,0.993
5139.97,-0.092,0.036,0.048,0.993
5140.16,-0.092,0.036,0.048,0.993
5140.34,-0.092,0.036,0.048,0.993
5140.52,-0.092,0.036,0.048,0.993
5140.7,-0.092,0.036,0.048,0.993
5140.89,-0.092,0.036,0.048,0.993
5141.7,-0.092,0.036,0.048,0.993
5141.25,-0.092,0.036,0.048,0.993
5141.43,-0.092,0.036,0.048,0.993
5141.62,-0.092,0.036,0.048,0.993
5141.8,-0.092,0.036,0.048,0.993
5141.98,-0.092,0.036,0.048,0.993
5142.16,-0.092,0.036,0.048,0.993
5142.34,-0.092,0.036,0.048,0.993
5142.53,-0.092,0.036,0.048,0.993
5142.71,-0.092,0.036,0.048,0.993
5142.89,-0.092,0.036,0.048,0.993
5143.7,-0.092,0.036,0.048,0.993
5143.26,-0.092,0.036,0.048,0.993
5143.44,-0.092,0.037,0.048,0.993
5143.62,-0.091,0.036,0.048,0.993
5143.8,-0.092,0.037,0.048,0.993
5143.98,-0.091,0.036,0.048,0.993
5144.17,-0.092,0.036,0.048,0.993
5144.35,-0.091,0.037,0.048,0.993
5144.53,-0.092,0.036,0.048,0.993
5144.71,-0.091,0.036,0.048,0.993
5144.9,-0.092,0.036,0.048,0.993
5145.8,-0.092,0.036,0.048,0.993
5145.26,-0.092,0.036,0.048,0.993
5145.44,-0.092,0.036,0.048,0.993
5145.63,-0.092,0.036,0.048,0.993
5145.81,-0.092,0.036,0.048,0.993
5145.99,-0.092,0.036,0.048,0.993
5146.17,-0.092,0.036,0.048,0.993
5146.35,-0.092,0.036,0.048,0.993
5146.54,-0.092,0.036,0.048,0.993
5146.72,-0.092,0.036,0.048,0.993
5146.9,-0.093,0.036,0.048,0.993
5147.8,-0.092,0.036,0.048,0.993
5147.27,-0.092,0.036,0.048,0.993
5147.45,-0.092,0.036,0.048,0.993
5147.63,-0.092,0.036,0.048,0.993
5147.81,-0.092,0.036,0.048,0.993
5147.99,-0.092,0.036,0.048,0.993
5148.18,-0.092,0.036,0.048,0.993
5148.36,-0.092,0.036,0.048,0.993
5148.54,-0.092,0.036,0.048,0.993
5148.72,-0.092,0.036,0.048,0.993
5148.91,-0.093,0.036,0.048,0.993
5149.9,-0.092,0.036,0.048,0.993
5149.27,-0.092,0.036,0.048,0.993
5149.45,-0.093,0.036,0.048,0.993
5149.64,-0.092,0.036,0.048,0.993
5149.82,-0.092,0.036,0.048,0.993
5150.0,-0.093,0.036,0.048,0.993
5150.18,-0.093,0.036,0.048,0.993
5150.55,-0.092,0.036,0.048,0.993
5150.73,-0.092,0.036,0.048,0.993
5150.91,-0.092,0.036,0.048,0.993
5151.9,-0.093,0.036,0.048,0.993
5151.28,-0.093,0.036,0.048,0.993
5151.46,-0.093,0.036,0.048,0.993
5151.64,-0.093,0.036,0.048,0.993
5151.82,-0.093,0.036,0.048,0.993
5152.0,-0.093,0.036,0.048,0.993
5152.19,-0.093,0.036,0.048,0.993
5152.37,-0.092,0.036,0.048,0.993
5152.55,-0.092,0.036,0.048,0.993
5152.73,-0.092,0.036,0.048,0.993
5152.92,-0.092,0.036,0.048,0.993
5153.1,-0.092,0.036,0.048,0.993
5153.28,-0.092,0.036,0.048,0.993
5153.46,-0.092,0.036,0.048,0.993
5153.64,-0.092,0.036,0.048,0.993
5153.83,-0.092,0.036,0.048,0.993
5154.1,-0.092,0.036,0.048,0.993
5154.19,-0.092,0.036,0.048,0.993
5154.37,-0.092,0.036,0.048,0.993
5154.56,-0.092,0.036,0.048,0.993
5154.74,-0.092,0.036,0.048,0.993
5154.92,-0.092,0.036,0.048,0.993
5155.1,-0.092,0.036,0.048,0.993
5155.29,-0.092,0.036,0.048,0.993
5155.47,-0.092,0.036,0.048,0.993
5155.65,-0.092,0.036,0.048,0.993
5158.38,-0.091,0.036,0.049,0.993
5158.57,-0.091,0.036,0.049,0.993
5158.75,-0.091,0.036,0.048,0.993
5158.93,-0.091,0.036,0.049,0.993
5159.11,-0.091,0.036,0.048,0.993
5159.3,-0.091,0.036,0.048,0.993
5159.48,-0.091,0.036,0.048,0.993
5159.66,-0.091,0.036,0.049,0.993
5159.84,-0.092,0.036,0.049,0.993
5160.2,-0.091,0.036,0.049,0.993
5160.21,-0.091,0.036,0.049,0.993
5160.39,-0.092,0.036,0.048,0.993
5160.57,-0.092,0.036,0.048,0.993
5160.75,-0.092,0.036,0.048,0.993
5160.94,-0.092,0.036,0.048,0.993
5161.12,-0.092,0.036,0.048,0.993
5161.3,-0.092,0.036,0.048,0.993
5161.48,-0.092,0.036,0.048,0.993
5161.67,-0.092,0.036,0.048,0.993
5161.85,-0.092,0.036,0.048,0.993
5162.3,-0.092,0.036,0.048,0.993
5162.21,-0.091,0.036,0.048,0.993
5162.39,-0.091,0.036,0.048,0.993
5162.58,-0.091,0.036,0.048,0.993
5162.76,-0.091,0.036,0.048,0.993
5162.94,-0.091,0.036,0.049,0.993
5163.12,-0.091,0.036,0.049,0.993
5163.31,-0.091,0.036,0.049,0.993
5163.49,-0.091,0.036,0.048,0.993
5163.67,-0.091,0.036,0.049,0.993
5163.85,-0.091,0.036,0.049,0.993
5164.3,-0.091,0.036,0.048,0.993
5164.22,-0.091,0.036,0.048,0.993
5164.4,-0.092,0.036,0.048,0.993
5164.58,-0.092,0.036,0.048,0.993
5164.76,-0.092,0.036,0.048,0.993
5164.95,-0.092,0.036,0.049,0.993
5165.13,-0.092,0.036,0.048,0.993
5165.31,-0.092,0.036,0.048,0.993
5165.49,-0.092,0.036,0.049,0.993
5165.68,-0.092,0.036,0.049,0.993
5165.86,-0.092,0.036,0.049,0.993
5166.4,-0.092,0.036,0.049,0.993
5166.22,-0.092,0.036,0.049,0.993
5166.4,-0.092,0.036,0.049,0.993
5166.59,-0.092,0.036,0.048,0.993
5166.77,-0.092,0.036,0.048,0.993
5166.95,-0.092,0.036,0.048,0.993
5167.13,-0.092,0.036,0.049,0.993
5167.32,-0.092,0.036,0.048,0.993
5167.5,-0.092,0.036,0.049,0.993
5167.68,-0.092,0.036,0.049,0.993
5167.86,-0.092,0.036,0.048,0.993
5168.5,-0.092,0.036,0.049,0.993
5168.23,-0.092,0.036,0.049,0.993
5168.41,-0.092,0.036,0.049,0.993
5168.59,-0.092,0.036,0.049,0.993
5168.77,-0.091,0.036,0.049,0.993
5168.96,-0.091,0.036,0.049,0.993
5169.14,-0.091,0.036,0.049,0.993
5169.32,-0.092,0.036,0.049,0.993
5169.5,-0.092,0.036,0.049,0.993
5169.69,-0.092,0.036,0.049,0.993
5169.87,-0.091,0.036,0.049,0.993
5170.5,-0.091,0.036,0.049,0.993
5170.23,-0.091,0.036,0.049,0.993
5170.42,-0.091,0.036,0.049,0.993
5170.6,-0.091,0.036,0.049,0.993
5170.78,-0.092,0.036,0.049,0.993
5170.96,-0.092,0.036,0.049,0.993
5171.33,-0.092,0.036,0.049,0.993
5171.51,-0.092,0.036,0.049,0.993
5171.69,-0.092,0.036,0.049,0.993
5171.87,-0.092,0.036,0.049,0.993
5172.6,-0.092,0.036,0.049,0.993
5172.24,-0.092,0.036,0.049,0.993
5172.42,-0.092,0.036,0.049,0.993
5172.6,-0.092,0.036,0.049,0.993
5172.79,-0.091,0.036,0.049,0.993
5172.97,-0.092,0.037,0.049,0.993
5173.15,-0.092,0.036,0.049,0.993
5173.33,-0.092,0.037,0.049,0.993
5173.51,-0.092,0.036,0.049,0.993
5173.7,-0.092,0.036,0.049,0.993
5173.88,-0.092,0.036,0.049,0.993
5174.6,-0.092,0.036,0.049,0.993
5174.24,-0.092,0.036,0.049,0.993
5174.43,-0.092,0.036,0.049,0.993
5174.61,-0.092,0.036,0.049,0.993
5174.79,-0.092,0.036,0.049,0.993
5174.97,-0.091,0.036,0.049,0.993
5175.15,-0.092,0.036,0.049,0.993
5175.34,-0.091,0.037,0.049,0.993
5175.52,-0.092,0.036,0.049,0.993
5175.7,-0.091,0.037,0.049,0.993
5175.88,-0.091,0.037,0.049,0.993
5176.7,-0.092,0.036,0.049,0.993
5176.25,-0.091,0.037,0.049,0.993
5176.43,-0.091,0.036,0.049,0.993
5176.61,-0.092,0.036,0.049,0.993
5176.8,-0.091,0.036,0.049,0.993
5176.98,-0.092,0.036,0.049,0.993
5177.16,-0.092,0.036,0.049,0.993
5177.34,-0.092,0.036,0.049,0.993
5177.52,-0.092,0.036,0.049,0.993
5177.71,-0.092,0.036,0.049,0.993
5177.89,-0.092,0.036,0.049,0.993
5178.7,-0.092,0.036,0.049,0.993
5178.25,-0.092,0.036,0.049,0.993
5178.44,-0.092,0.036,0.049,0.993
5178.62,-0.092,0.036,0.049,0.993
5178.8,-0.092,0.036,0.049,0.993
5178.98,-0.092,0.036,0.049,0.993
5179.17,-0.092,0.036,0.049,0.993
5179.53,-0.092,0.036,0.049,0.993
5179.71,-0.092,0.036,0.049,0.993
5179.89,-0.092,0.036,0.049,0.993
5180.8,-0.092,0.036,0.049,0.993
5180.26,-0.092,0.036,0.049,0.993
5180.44,-0.092,0.036,0.049,0.993
5180.62,-0.092,0.036,0.049,0.993
5180.81,-0.092,0.036,0.049,0.993
5180.99,-0.092,0.036,0.049,0.993
5181.17,-0.092,0.036,0.049,0.993
5181.35,-0.092,0.036,0.049,0.993
5181.53,-0.092,0.036,0.049,0.993
5181.72,-0.092,0.036,0.049,0.993
5181.9,-0.092,0.036,0.049,0.993
5182.8,-0.092,0.036,0.049,0.993
5182.26,-0.092,0.036,0.049,0.993
5182.45,-0.092,0.036,0.049,0.993
5182.63,-0.092,0.036,0.049,0.993
5182.81,-0.092,0.036,0.049,0.993
5182.99,-0.092,0.036,0.049,0.993
5183.17,-0.092,0.036,0.049,0.993
5183.36,-0.092,0.036,0.049,0.993
5183.54,-0.092,0.036,0.049,0.993
5183.72,-0.092,0.036,0.049,0.993
5183.9,-0.092,0.036,0.049,0.993
5184.9,-0.096,0.027,0.047,0.993
5185.36,-0.092,0.036,0.048,0.993
5185.54,-0.092,0.036,0.048,0.993
5185.73,-0.092,0.036,0.048,0.993
5185.91,-0.092,0.036,0.048,0.993
5186.9,-0.092,0.036,0.048,0.993
5186.27,-0.092,0.036,0.048,0.993
5186.46,-0.092,0.036,0.048,0.993
5186.64,-0.092,0.036,0.048,0.993
5186.82,-0.092,0.036,0.048,0.993
5187.0,-0.092,0.036,0.048,0.993
5187.19,-0.092,0.036,0.048,0.993
5187.37,-0.092,0.036,0.048,0.993
5187.55,-0.092,0.036,0.048,0.993
5187.73,-0.092,0.036,0.048,0.993
5187.91,-0.092,0.036,0.048,0.993
5188.1,-0.092,0.036,0.048,0.993
5188.28,-0.093,0.036,0.048,0.993
5188.46,-0.093,0.036,0.048,0.993
5188.64,-0.093,0.036,0.048,0.993
5188.83,-0.093,0.036,0.048,0.993
5189.1,-0.093,0.036,0.048,0.993
5189.19,-0.093,0.036,0.048,0.993
5189.37,-0.093,0.036,0.048,0.993
5189.55,-0.093,0.036,0.048,0.993
5189.74,-0.093,0.036,0.048,0.993
5189.92,-0.093,0.036,0.048,0.993
5190.1,-0.092,0.036,0.048,0.993
5190.28,-0.092,0.036,0.048,0.993
5190.47,-0.092,0.036,0.048,0.993
5190.65,-0.092,0.036,0.048,0.993
5190.83,-0.092,0.036,0.048,0.993
5191.1,-0.092,0.036,0.048,0.993
5191.2,-0.092,0.036,0.048,0.993
5191.38,-0.092,0.036,0.048,0.993
5191.56,-0.092,0.036,0.048,0.993
5191.74,-0.092,0.036,0.048,0.993
5191.92,-0.092,0.036,0.048,0.993
5192.11,-0.092,0.036,0.048,0.993
5192.29,-0.092,0.036,0.048,0.993
5192.47,-0.092,0.036,0.048,0.993
5192.65,-0.092,0.036,0.048,0.993
5192.84,-0.092,0.036,0.048,0.993
5193.2,-0.092,0.036,0.048,0.993
5193.2,-0.092,0.036,0.048,0.993
5193.38,-0.092,0.036,0.048,0.993
5193.56,-0.092,0.036,0.048,0.993
5193.75,-0.092,0.036,0.048,0.993
5193.93,-0.092,0.036,0.048,0.993
5194.11,-0.092,0.036,0.048,0.993
5194.29,-0.092,0.036,0.048,0.993
5194.48,-0.092,0.036,0.048,0.993
5194.66,-0.092,0.036,0.048,0.993
5194.84,-0.092,0.036,0.048,0.993
5195.2,-0.092,0.036,0.048,0.993
5195.21,-0.092,0.036,0.048,0.993
5195.39,-0.092,0.036,0.048,0.993
5195.57,-0.092,0.036,0.048,0.993
5195.75,-0.092,0.036,0.048,0.993
5195.93,-0.092,0.036,0.048,0.993
5196.12,-0.092,0.036,0.048,0.993
5196.3,-0.092,0.036,0.048,0.993
5196.48,-0.092,0.036,0.048,0.993
5196.66,-0.092,0.036,0.048,0.993
5196.85,-0.092,0.036,0.048,0.993
5197.3,-0.093,0.036,0.048,0.993
5197.21,-0.093,0.036,0.048,0.993
5197.39,-0.093,0.036,0.048,0.993
5197.57,-0.093,0.036,0.048,0.993
5197.76,-0.093,0.036,0.048,0.993
5197.94,-0.092,0.036,0.048,0.993
5198.12,-0.092,0.036,0.048,0.993
5198.3,-0.092,0.036,0.048,0.993
5198.49,-0.092,0.036,0.048,0.993
5198.67,-0.092,0.036,0.048,0.993
5198.85,-0.092,0.036,0.048,0.993
5199.3,-0.092,0.036,0.048,0.993
5199.22,-0.092,0.036,0.048,0.993
5199.4,-0.092,0.036,0.048,0.993
5199.58,-0.092,0.036,0.048,0.993
5199.76,-0.092,0.036,0.048,0.993
5199.94,-0.092,0.036,0.048,0.993
5200.13,-0.092,0.036,0.048,0.993
5200.31,-0.092,0.036,0.048,0.993
5200.49,-0.092,0.036,0.048,0.993
5200.67,-0.092,0.036,0.048,0.993
5200.86,-0.092,0.036,0.048,0.993
5201.4,-0.092,0.036,0.048,0.993
5201.22,-0.092,0.036,0.048,0.993
5201.4,-0.092,0.036,0.048,0.993
5201.58,-0.092,0.036,0.048,0.993
5201.77,-0.092,0.036,0.048,0.993
5201.95,-0.092,0.036,0.048,0.993
5202.13,-0.092,0.036,0.048,0.993
5202.31,-0.092,0.036,0.048,0.993
5202.5,-0.092,0.036,0.048,0.993
5202.68,-0.092,0.036,0.048,0.993
5204.14,-0.092,0.036,0.048,0.993
5204.32,-0.092,0.036,0.048,0.993
5204.5,-0.092,0.036,0.048,0.993
5204.68,-0.092,0.036,0.048,0.993
5204.87,-0.092,0.036,0.048,0.993
5205.5,-0.092,0.036,0.048,0.993
5205.23,-0.092,0.036,0.048,0.993
5205.41,-0.092,0.036,0.048,0.993
5205.59,-0.092,0.036,0.048,0.993
5205.78,-0.092,0.036,0.048,0.993
5205.96,-0.092,0.036,0.048,0.993
5206.14,-0.092,0.036,0.048,0.993
5206.32,-0.093,0.036,0.048,0.993
5206.51,-0.092,0.036,0.048,0.993
5206.69,-0.093,0.036,0.048,0.993
5206.87,-0.092,0.036,0.048,0.993
5207.5,-0.093,0.036,0.048,0.993
5207.24,-0.093,0.036,0.048,0.993
5207.42,-0.092,0.036,0.048,0.993
5207.6,-0.093,0.036,0.048,0.993
5207.78,-0.093,0.036,0.048,0.993
5207.96,-0.093,0.036,0.048,0.993
5208.15,-0.093,0.036,0.048,0.993
5208.33,-0.093,0.036,0.048,0.993
5208.51,-0.093,0.036,0.048,0.993
5208.69,-0.093,0.036,0.048,0.993
5208.88,-0.093,0.036,0.048,0.993
5209.6,-0.093,0.036,0.048,0.993
5209.24,-0.093,0.036,0.048,0.993
5209.42,-0.093,0.036,0.048,0.993
5209.6,-0.093,0.036,0.048,0.993
5209.79,-0.093,0.036,0.048,0.993
5209.97,-0.093,0.036,0.048,0.993
5210.15,-0.093,0.036,0.048,0.993
5210.33,-0.093,0.036,0.048,0.993
5210.52,-0.092,0.036,0.048,0.993
5211.25,-0.092,0.036,0.048,0.993
5211.43,-0.092,0.036,0.048,0.993
5211.61,-0.093,0.036,0.048,0.993
5211.79,-0.093,0.036,0.048,0.993
5211.97,-0.093,0.036,0.048,0.993
5212.16,-0.093,0.036,0.048,0.993
5212.34,-0.093,0.036,0.048,0.993
5212.52,-0.093,0.036,0.048,0.993
5212.7,-0.093,0.036,0.048,0.993
5212.89,-0.093,0.036,0.048,0.993
5213.7,-0.093,0.036,0.048,0.993
5213.25,-0.093,0.036,0.048,0.993
5213.43,-0.093,0.036,0.048,0.993
5213.61,-0.093,0.036,0.048,0.993
5213.8,-0.093,0.036,0.048,0.993
5213.98,-0.093,0.036,0.048,0.993
5214.16,-0.093,0.036,0.048,0.993
5214.34,-0.092,0.036,0.048,0.993
5214.53,-0.092,0.036,0.048,0.993
5215.44,-0.092,0.036,0.048,0.993
5215.62,-0.092,0.036,0.048,0.993
5215.8,-0.092,0.036,0.048,0.993
5215.98,-0.092,0.036,0.048,0.993
5216.17,-0.092,0.036,0.048,0.993
5216.35,-0.092,0.036,0.048,0.993
5216.53,-0.092,0.036,0.048,0.993
5216.71,-0.092,0.036,0.048,0.993
5216.89,-0.092,0.036,0.048,0.993
5217.8,-0.092,0.036,0.048,0.993
5217.26,-0.092,0.036,0.048,0.993
5217.44,-0.092,0.036,0.048,0.993
5217.62,-0.092,0.036,0.048,0.993
5217.81,-0.092,0.036,0.048,0.993
5217.99,-0.092,0.036,0.048,0.993
5218.17,-0.092,0.036,0.048,0.993
5218.35,-0.092,0.036,0.048,0.993
5218.54,-0.092,0.036,0.048,0.993
5218.72,-0.092,0.036,0.048,0.993
5218.9,-0.093,0.036,0.048,0.993
5219.8,-0.092,0.036,0.048,0.993
5219.26,-0.092,0.036,0.048,0.993
5219.45,-0.092,0.036,0.048,0.993
5219.63,-0.093,0.036,0.048,0.993
5219.81,-0.093,0.036,0.048,0.993
5219.99,-0.093,0.036,0.048,0.993
5220.18,-0.093,0.036,0.048,0.993
5220.36,-0.093,0.036,0.048,0.993
5220.54,-0.093,0.036,0.048,0.993
5220.72,-0.093,0.036,0.048,0.993
5220.9,-0.093,0.036,0.048,0.993
5221.9,-0.093,0.036,0.048,0.993
5221.27,-0.093,0.036,0.048,0.993
5221.45,-0.093,0.036,0.048,0.993
5221.63,-0.092,0.036,0.048,0.993
5221.82,-0.092,0.036,0.048,0.993
5222.0,-0.092,0.036,0.048,0.993
5222.18,-0.092,0.036,0.048,0.993
5222.36,-0.092,0.036,0.048,0.993
5222.55,-0.092,0.036,0.048,0.993
5222.73,-0.092,0.036,0.048,0.993
5222.91,-0.092,0.036,0.048,0.993
5223.9,-0.092,0.036,0.048,0.993
5223.27,-0.092,0.036,0.048,0.993
5223.46,-0.092,0.036,0.048,0.993
5223.64,-0.092,0.036,0.048,0.993
5223.82,-0.092,0.036,0.048,0.993
5224.0,-0.092,0.036,0.048,0.993
5226.74,-0.093,0.036,0.048,0.993
5226.92,-0.092,0.036,0.048,0.993
5227.1,-0.093,0.036,0.048,0.993
5227.28,-0.092,0.036,0.048,0.993
5227.47,-0.092,0.036,0.048,0.993
5227.65,-0.092,0.036,0.048,0.993
5227.83,-0.092,0.036,0.048,0.993
5228.1,-0.092,0.036,0.048,0.993
5228.2,-0.092,0.036,0.048,0.993
5228.38,-0.092,0.036,0.048,0.993
5228.56,-0.092,0.036,0.048,0.993
5228.74,-0.092,0.036,0.048,0.993
5228.92,-0.092,0.036,0.048,0.993
5229.11,-0.092,0.036,0.048,0.993
5229.29,-0.092,0.036,0.048,0.993
5229.47,-0.092,0.036,0.048,0.993
5229.65,-0.093,0.036,0.048,0.993
5229.84,-0.092,0.036,0.048,0.993
5230.2,-0.092,0.036,0.048,0.993
5230.2,-0.092,0.036,0.048,0.993
5230.38,-0.092,0.036,0.048,0.993
5230.57,-0.092,0.036,0.048,0.993
5230.75,-0.092,0.036,0.048,0.993
5230.93,-0.092,0.036,0.048,0.993
5231.11,-0.092,0.036,0.048,0.993
5231.29,-0.092,0.036,0.048,0.993
5231.48,-0.092,0.036,0.048,0.993
5231.66,-0.092,0.036,0.048,0.993
5231.84,-0.093,0.036,0.048,0.993
5232.2,-0.093,0.036,0.048,0.993
5232.21,-0.092,0.036,0.048,0.993
5232.39,-0.093,0.036,0.048,0.993
5232.57,-0.092,0.036,0.048,0.993
5232.75,-0.092,0.036,0.048,0.993
5232.94,-0.092,0.036,0.048,0.993
5233.12,-0.092,0.036,0.048,0.993
5233.3,-0.092,0.036,0.048,0.993
5233.48,-0.092,0.036,0.048,0.993
5233.66,-0.092,0.036,0.048,0.993
5233.85,-0.092,0.036,0.048,0.993
5234.3,-0.092,0.036,0.048,0.993
5234.21,-0.092,0.036,0.048,0.993
5234.39,-0.092,0.036,0.048,0.993
5234.58,-0.092,0.036,0.048,0.993
5234.76,-0.092,0.036,0.048,0.993
5234.94,-0.092,0.036,0.048,0.993
5235.12,-0.092,0.036,0.048,0.993
5235.31,-0.093,0.036,0.048,0.993
5235.49,-0.093,0.036,0.048,0.993
5235.67,-0.093,0.036,0.048,0.993
5235.85,-0.092,0.036,0.048,0.993
5236.3,-0.092,0.036,0.048,0.993
5236.4,-0.092,0.036,0.048,0.993
5236.58,-0.092,0.036,0.048,0.993
5236.76,-0.093,0.036,0.048,0.993
5236.95,-0.093,0.036,0.048,0.993
5237.13,-0.093,0.036,0.048,0.993
5237.31,-0.093,0.036,0.048,0.993
5237.49,-0.093,0.036,0.048,0.993
5237.68,-0.093,0.036,0.048,0.993
5237.86,-0.093,0.036,0.048,0.993
5238.4,-0.093,0.036,0.048,0.993
5238.22,-0.093,0.036,0.048,0.993
5238.4,-0.093,0.036,0.048,0.993
5245.33,-0.093,0.036,0.048,0.993
5245.51,-0.093,0.036,0.048,0.993
5245.7,-0.093,0.036,0.048,0.993
5245.88,-0.093,0.036,0.048,0.993
5246.6,-0.093,0.036,0.048,0.993
5246.24,-0.093,0.036,0.048,0.993
5246.43,-0.093,0.036,0.048,0.993
5246.61,-0.093,0.036,0.048,0.993
5246.79,-0.093,0.036,0.048,0.993
5246.97,-0.093,0.036,0.048,0.993
5247.16,-0.092,0.036,0.048,0.993
5247.34,-0.092,0.036,0.048,0.993
5247.52,-0.092,0.036,0.048,0.993
5247.7,-0.092,0.036,0.048,0.993
5247.88,-0.092,0.036,0.048,0.993
5248.43,-0.092,0.036,0.048,0.993
5248.61,-0.092,0.036,0.048,0.993
5248.8,-0.092,0.036,0.048,0.993
5248.98,-0.092,0.036,0.048,0.993
5249.16,-0.092,0.036,0.048,0.993
5249.34,-0.092,0.036,0.048,0.993
5249.52,-0.092,0.036,0.048,0.993
5249.71,-0.092,0.036,0.048,0.993
5249.89,-0.092,0.036,0.048,0.993
5250.7,-0.092,0.036,0.048,0.993
5250.25,-0.092,0.036,0.048,0.993
5250.44,-0.093,0.036,0.048,0.993
5258.9,-0.093,0.036,0.048,0.993
5258.27,-0.093,0.036,0.048,0.993
5258.46,-0.092,0.036,0.048,0.993
5258.64,-0.092,0.036,0.048,0.993
5258.82,-0.092,0.036,0.048,0.993
5259.0,-0.092,0.036,0.048,0.993
5259.19,-0.092,0.036,0.048,0.993
5259.37,-0.092,0.036,0.048,0.993
5259.55,-0.093,0.036,0.048,0.993
5259.73,-0.092,0.036,0.048,0.993
5259.92,-0.093,0.036,0.048,0.993
5260.1,-0.093,0.036,0.048,0.993
5260.28,-0.093,0.036,0.048,0.993
5260.46,-0.093,0.036,0.048,0.993
5260.64,-0.093,0.036,0.048,0.993
5260.83,-0.093,0.036,0.048,0.993
5261.1,-0.093,0.036,0.048,0.993
5261.19,-0.093,0.036,0.048,0.993
5261.37,-0.093,0.036,0.048,0.993
5261.56,-0.093,0.036,0.048,0.993
5261.74,-0.093,0.036,0.048,0.993
5261.92,-0.093,0.036,0.048,0.993
5262.1,-0.093,0.036,0.048,0.993
5262.29,-0.093,0.036,0.048,0.993
5262.47,-0.093,0.036,0.048,0.993
5262.65,-0.094,0.036,0.048,0.993
5262.83,-0.094,0.036,0.048,0.993
5263.1,-0.093,0.036,0.048,0.993
5263.2,-0.093,0.036,0.048,0.993
5263.38,-0.093,0.036,0.048,0.993
5263.56,-0.093,0.036,0.048,0.993
5263.74,-0.093,0.036,0.048,0.993
5263.93,-0.092,0.036,0.048,0.993
5264.11,-0.093,0.036,0.048,0.993
5264.29,-0.093,0.036,0.048,0.993
5264.47,-0.093,0.036,0.048,0.993
5264.66,-0.093,0.036,0.048,0.993
5264.84,-0.092,0.036,0.048,0.993
5265.2,-0.092,0.036,0.048,0.993
5265.75,-0.093,0.036,0.048,0.993
5265.93,-0.093,0.036,0.048,0.993
5266.11,-0.093,0.036,0.048,0.993
5266.3,-0.094,0.036,0.048,0.993
5266.48,-0.094,0.036,0.048,0.993
5266.66,-0.094,0.036,0.048,0.993
5266.84,-0.094,0.036,0.048,0.993
5267.2,-0.093,0.036,0.048,0.993
5267.21,-0.093,0.036,0.048,0.993
5267.39,-0.093,0.036,0.048,0.993
5267.57,-0.093,0.036,0.048,0.993
5273.59,-0.092,0.036,0.048,0.993
5273.77,-0.092,0.036,0.048,0.993
5273.95,-0.092,0.036,0.048,0.993
5274.13,-0.092,0.036,0.048,0.993
5274.32,-0.092,0.036,0.048,0.993
5274.5,-0.092,0.036,0.048,0.993
5274.68,-0.092,0.036,0.048,0.993
5274.86,-0.092,0.036,0.048,0.993
5275.5,-0.092,0.036,0.048,0.993
5275.23,-0.092,0.036,0.048,0.993
5275.41,-0.093,0.036,0.048,0.993
5275.59,-0.092,0.036,0.048,0.993
5275.77,-0.092,0.036,0.048,0.993
5275.96,-0.093,0.036,0.048,0.993
5276.14,-0.093,0.036,0.048,0.993
5276.32,-0.093,0.036,0.048,0.993
5276.5,-0.093,0.036,0.048,0.993
5276.69,-0.093,0.036,0.048,0.993
5276.87,-0.093,0.036,0.048,0.993
5281.79,-0.093,0.036,0.048,0.993
5281.97,-0.093,0.036,0.048,0.993
5282.16,-0.093,0.036,0.048,0.993
5282.34,-0.093,0.036,0.048,0.993
5282.52,-0.093,0.036,0.048,0.993
5282.7,-0.093,0.036,0.048,0.993
5282.88,-0.093,0.036,0.048,0.993
5283.7,-0.093,0.036,0.048,0.993
5283.25,-0.093,0.036,0.048,0.993
5283.43,-0.093,0.036,0.048,0.993
5283.61,-0.093,0.036,0.048,0.993
5283.8,-0.093,0.036,0.048,0.993
5291.82,-0.093,0.036,0.048,0.993
5292.0,-0.093,0.036,0.048,0.993
5292.18,-0.092,0.036,0.048,0.993
5292.36,-0.093,0.036,0.048,0.993
5292.55,-0.093,0.036,0.048,0.993
5292.73,-0.093,0.036,0.048,0.993
5292.91,-0.093,0.036,0.048,0.993
5293.9,-0.093,0.036,0.048,0.993
5293.28,-0.093,0.036,0.048,0.993
5293.46,-0.093,0.036,0.048,0.993
5293.64,-0.093,0.036,0.048,0.993
5293.82,-0.092,0.036,0.048,0.993
5294.0,-0.092,0.036,0.048,0.993
5294.19,-0.092,0.036,0.048,0.993
5294.37,-0.092,0.036,0.048,0.993
5294.55,-0.092,0.036,0.048,0.993
5294.73,-0.092,0.036,0.048,0.993
5294.92,-0.092,0.036,0.048,0.993
5297.83,-0.093,0.036,0.048,0.993
5298.2,-0.093,0.036,0.048,0.993
5298.2,-0.093,0.036,0.048,0.993
5298.38,-0.093,0.036,0.048,0.993
5298.56,-0.093,0.036,0.048,0.993
5298.74,-0.093,0.036,0.048,0.993
5298.93,-0.093,0.036,0.048,0.993
5299.11,-0.092,0.036,0.048,0.993
5299.29,-0.092,0.036,0.048,0.993
5299.47,-0.092,0.036,0.048,0.993
5299.66,-0.093,0.036,0.048,0.993
5299.84,-0.093,0.036,0.048,0.993
5300.2,-0.093,0.036,0.048,0.993
5300.2,-0.093,0.036,0.048,0.993
5300.39,-0.093,0.036,0.048,0.993
5300.57,-0.093,0.036,0.048,0.993
5300.75,-0.093,0.036,0.048,0.993
5300.93,-0.093,0.036,0.048,0.993
5301.11,-0.093,0.036,0.048,0.993
5301.3,-0.093,0.036,0.048,0.993
5301.48,-0.093,0.036,0.048,0.993
5301.66,-0.093,0.036,0.048,0.993
5306.4,-0.093,0.036,0.048,0.993
5306.22,-0.093,0.036,0.048,0.993
5306.4,-0.093,0.036,0.048,0.993
5306.58,-0.093,0.036,0.048,0.993
5306.77,-0.093,0.036,0.048,0.993
5306.95,-0.094,0.036,0.048,0.993
5307.13,-0.094,0.036,0.048,0.993
5307.31,-0.094,0.036,0.048,0.993
5307.49,-0.094,0.036,0.048,0.993
5307.68,-0.094,0.036,0.048,0.993
5307.86,-0.094,0.036,0.048,0.993
5308.4,-0.094,0.036,0.048,0.993
5317.16,-0.093,0.036,0.048,0.993
5317.34,-0.093,0.036,0.048,0.993
5317.52,-0.093,0.036,0.048,0.993
5317.7,-0.093,0.036,0.048,0.993
5317.89,-0.093,0.036,0.048,0.993
5318.7,-0.093,0.036,0.048,0.993
5318.25,-0.093,0.036,0.048,0.993
5318.43,-0.093,0.036,0.048,0.993
5318.62,-0.093,0.036,0.048,0.993
5318.8,-0.094,0.036,0.048,0.993
5318.98,-0.094,0.036,0.048,0.993
5319.16,-0.094,0.036,0.048,0.993
5327.37,-0.093,0.036,0.048,0.993
5327.55,-0.093,0.036,0.048,0.993
5327.73,-0.093,0.036,0.048,0.993
5327.91,-0.092,0.036,0.048,0.993
5328.1,-0.092,0.036,0.048,0.993
5328.28,-0.092,0.036,0.048,0.993
5328.46,-0.092,0.036,0.048,0.993
5328.64,-0.093,0.036,0.048,0.993
5328.83,-0.092,0.036,0.048,0.993
5329.1,-0.093,0.036,0.048,0.993
5329.19,-0.092,0.036,0.048,0.993
5329.37,-0.092,0.036,0.048,0.993
5329.55,-0.093,0.036,0.048,0.993
5339.4,-0.093,0.036,0.048,0.993
5339.22,-0.093,0.036,0.048,0.993
5339.4,-0.093,0.036,0.048,0.993
5339.58,-0.093,0.036,0.048,0.993
5339.76,-0.093,0.036,0.048,0.993
5339.95,-0.093,0.036,0.048,0.993
5340.13,-0.093,0.036,0.048,0.993
5340.31,-0.093,0.036,0.048,0.993
5340.49,-0.093,0.036,0.048,0.993
5340.68,-0.093,0.036,0.048,0.993
5340.86,-0.094,0.036,0.048,0.993
5347.42,-0.093,0.036,0.048,0.993
5347.6,-0.093,0.036,0.048,0.993
5347.79,-0.093,0.036,0.048,0.993
5347.97,-0.092,0.036,0.048,0.993
5348.15,-0.092,0.036,0.048,0.993
5348.33,-0.092,0.036,0.048,0.993
5348.52,-0.092,0.036,0.048,0.993
5348.7,-0.092,0.036,0.048,0.993
5348.88,-0.092,0.036,0.048,0.993
5349.6,-0.092,0.036,0.048,0.993
5349.24,-0.092,0.036,0.048,0.993
5349.43,-0.092,0.036,0.048,0.993
5355.99,-0.093,0.036,0.048,0.993
5356.17,-0.093,0.036,0.047,0.993
5356.35,-0.092,0.036,0.048,0.993
5356.54,-0.092,0.036,0.047,0.993
5356.72,-0.092,0.036,0.047,0.993
5356.9,-0.092,0.036,0.047,0.993
5357.8,-0.093,0.036,0.047,0.993
5357.27,-0.092,0.036,0.047,0.993
5357.45,-0.093,0.036,0.047,0.993
5357.63,-0.092,0.036,0.047,0.993
5357.81,-0.093,0.036,0.047,0.993
5357.99,-0.092,0.036,0.047,0.993
5364.92,-0.092,0.037,0.047,0.993
5365.1,-0.092,0.036,0.047,0.993
5365.29,-0.092,0.036,0.047,0.993
5365.47,-0.092,0.036,0.047,0.993
5365.65,-0.092,0.036,0.047,0.993
5365.83,-0.092,0.036,0.047,0.993
5366.2,-0.092,0.036,0.047,0.993
5366.2,-0.092,0.036,0.047,0.993
5366.38,-0.092,0.036,0.047,0.993
5366.56,-0.092,0.036,0.047,0.993
5366.74,-0.092,0.036,0.047,0.993
5370.21,-0.092,0.036,0.047,0.993
5370.39,-0.092,0.036,0.047,0.993
5370.57,-0.092,0.036,0.047,0.993
5370.76,-0.092,0.036,0.047,0.993
5370.94,-0.092,0.036,0.047,0.993
5371.12,-0.092,0.036,0.047,0.993
5371.3,-0.092,0.036,0.047,0.993
5371.49,-0.092,0.036,0.047,0.993
5371.67,-0.092,0.036,0.047,0.993
5371.85,-0.092,0.036,0.047,0.993
5372.3,-0.092,0.036,0.047,0.993
5372.21,-0.092,0.036,0.047,0.993
5372.4,-0.092,0.036,0.047,0.993
5372.58,-0.092,0.036,0.047,0.993
5372.76,-0.092,0.036,0.047,0.993
5372.94,-0.092,0.036,0.047,0.993
5373.13,-0.092,0.036,0.047,0.993
5373.31,-0.092,0.036,0.047,0.993
5373.49,-0.092,0.036,0.047,0.993
5373.67,-0.092,0.036,0.047,0.993
5373.86,-0.092,0.036,0.047,0.993
5374.4,-0.092,0.036,0.047,0.993
5374.22,-0.092,0.036,0.047,0.993
5374.4,-0.092,0.036,0.047,0.993
5377.5,-0.093,0.036,0.047,0.993
5377.68,-0.092,0.036,0.047,0.993
5377.87,-0.092,0.036,0.047,0.993
5378.5,-0.092,0.036,0.047,0.993
5378.23,-0.092,0.036,0.047,0.993
5378.41,-0.092,0.036,0.047,0.993
5378.6,-0.092,0.036,0.047,0.993
5378.78,-0.092,0.036,0.047,0.993
5378.96,-0.093,0.036,0.047,0.993
5379.14,-0.092,0.036,0.047,0.993
5379.32,-0.092,0.036,0.047,0.993
5386.25,-0.093,0.036,0.047,0.993
5386.43,-0.093,0.036,0.047,0.993
5386.62,-0.093,0.036,0.047,0.993
