timestamp,qx,qy,qz,qw
58020.62,-0.098,0.017,0.262,0.959
58020.8,-0.098,0.017,0.262,0.959
58020.98,-0.098,0.016,0.262,0.959
58021.16,-0.098,0.016,0.262,0.959
58021.34,-0.098,0.016,0.262,0.959
58021.53,-0.098,0.016,0.262,0.959
58021.71,-0.098,0.016,0.262,0.959
58021.89,-0.098,0.017,0.262,0.959
58027.54,-0.098,0.016,0.262,0.959
58027.72,-0.098,0.016,0.261,0.959
58027.91,-0.098,0.016,0.261,0.959
58028.9,-0.098,0.017,0.261,0.959
58028.27,-0.098,0.017,0.261,0.959
58028.45,-0.098,0.016,0.261,0.959
58028.64,-0.098,0.017,0.261,0.959
58028.82,-0.098,0.016,0.261,0.959
58029.0,-0.098,0.016,0.261,0.959
58031.55,-0.098,0.016,0.262,0.959
58031.73,-0.098,0.016,0.262,0.959
58031.92,-0.098,0.016,0.262,0.959
58032.1,-0.098,0.016,0.261,0.959
58032.28,-0.098,0.016,0.262,0.959
58032.46,-0.098,0.016,0.262,0.959
58032.65,-0.098,0.017,0.262,0.959
58032.83,-0.098,0.016,0.262,0.959
58033.1,-0.098,0.016,0.262,0.959
58033.19,-0.098,0.016,0.262,0.959
58033.37,-0.098,0.016,0.262,0.959
58033.56,-0.098,0.017,0.262,0.959
58034.65,-0.098,0.016,0.262,0.959
58034.83,-0.098,0.016,0.262,0.959
58035.2,-0.099,0.016,0.262,0.959
58035.2,-0.098,0.016,0.262,0.959
58036.47,-0.098,0.017,0.262,0.959
58036.66,-0.098,0.016,0.262,0.959
58036.84,-0.098,0.017,0.262,0.959
58037.2,-0.098,0.017,0.262,0.959
58037.2,-0.098,0.017,0.262,0.959
58037.38,-0.098,0.016,0.262,0.959
58037.57,-0.098,0.016,0.262,0.959
58037.75,-0.099,0.016,0.262,0.959
58037.93,-0.098,0.016,0.262,0.959
58038.11,-0.099,0.016,0.262,0.959
58042.49,-0.098,0.016,0.262,0.959
58042.67,-0.098,0.016,0.262,0.959
58042.85,-0.098,0.016,0.262,0.959
58043.4,-0.098,0.016,0.262,0.959
58043.22,-0.099,0.017,0.262,0.959
58043.4,-0.098,0.016,0.262,0.959
58043.58,-0.098,0.016,0.262,0.959
58043.76,-0.098,0.016,0.261,0.959
58043.95,-0.098,0.017,0.261,0.959
58044.13,-0.098,0.016,0.261,0.959
58044.31,-0.098,0.016,0.261,0.959
58044.49,-0.098,0.016,0.261,0.959
58044.68,-0.098,0.016,0.261,0.959
58044.86,-0.098,0.016,0.261,0.959
58045.4,-0.098,0.017,0.261,0.959
58045.22,-0.098,0.016,0.261,0.959
58045.41,-0.098,0.017,0.261,0.959
58045.59,-0.098,0.016,0.261,0.959
58045.77,-0.098,0.017,0.261,0.959
58045.95,-0.098,0.017,0.261,0.959
58046.13,-0.098,0.016,0.261,0.959
58046.32,-0.098,0.017,0.261,0.959
58046.5,-0.098,0.017,0.261,0.959
58046.68,-0.098,0.017,0.261,0.959
58046.86,-0.098,0.017,0.262,0.959
58047.59,-0.098,0.017,0.262,0.959
58047.77,-0.098,0.016,0.262,0.959
58047.96,-0.098,0.017,0.262,0.959
58048.14,-0.098,0.017,0.262,0.959
58048.32,-0.098,0.017,0.262,0.959
58048.5,-0.098,0.017,0.262,0.959
58048.69,-0.098,0.017,0.262,0.959
58048.87,-0.098,0.017,0.262,0.959
58049.5,-0.098,0.017,0.262,0.959
58049.23,-0.098,0.017,0.262,0.959
58049.42,-0.098,0.017,0.262,0.959
58049.6,-0.098,0.017,0.262,0.959
58049.78,-0.098,0.017,0.262,0.959
58049.96,-0.098,0.017,0.262,0.959
58050.14,-0.098,0.017,0.262,0.959
58051.42,-0.098,0.016,0.262,0.959
58051.6,-0.098,0.017,0.262,0.959
58051.79,-0.098,0.016,0.262,0.959
58051.97,-0.098,0.016,0.262,0.959
58052.15,-0.098,0.016,0.262,0.959
58052.33,-0.098,0.016,0.262,0.959
58052.51,-0.098,0.016,0.262,0.959
58052.7,-0.098,0.016,0.262,0.959
58052.88,-0.098,0.016,0.262,0.959
58053.6,-0.098,0.016,0.262,0.959
58053.24,-0.098,0.016,0.262,0.959
58053.43,-0.098,0.016,0.262,0.959
58053.61,-0.098,0.017,0.262,0.959
58053.79,-0.098,0.016,0.262,0.959
58054.7,-0.098,0.016,0.262,0.959
58054.88,-0.098,0.017,0.262,0.959
58055.7,-0.098,0.016,0.262,0.959
58055.25,-0.098,0.017,0.262,0.959
58055.43,-0.098,0.016,0.262,0.959
58055.61,-0.098,0.016,0.262,0.959
58055.8,-0.098,0.016,0.262,0.959
58055.98,-0.098,0.016,0.262,0.959
58056.16,-0.098,0.017,0.262,0.959
58056.34,-0.098,0.016,0.262,0.959
58056.52,-0.098,0.016,0.262,0.959
58056.71,-0.098,0.016,0.262,0.959
58056.89,-0.098,0.016,0.262,0.959
58057.7,-0.098,0.016,0.262,0.959
58057.25,-0.098,0.016,0.262,0.959
58057.44,-0.098,0.016,0.262,0.959
58057.62,-0.098,0.016,0.262,0.959
58057.8,-0.098,0.016,0.262,0.959
58057.98,-0.098,0.016,0.262,0.959
58058.17,-0.098,0.016,0.262,0.959
58058.35,-0.099,0.016,0.262,0.959
58058.53,-0.099,0.016,0.262,0.959
58058.71,-0.099,0.016,0.262,0.959
58058.89,-0.099,0.016,0.262,0.959
58064.18,-0.099,0.016,0.262,0.959
58064.36,-0.099,0.016,0.262,0.959
58064.54,-0.099,0.016,0.262,0.959
58064.73,-0.099,0.016,0.262,0.959
58064.91,-0.099,0.016,0.262,0.959
58065.9,-0.099,0.016,0.262,0.959
58065.27,-0.099,0.016,0.262,0.959
58065.46,-0.098,0.016,0.262,0.959
58065.64,-0.098,0.016,0.262,0.959
58065.82,-0.098,0.016,0.262,0.959
58066.0,-0.099,0.016,0.262,0.959
58066.19,-0.099,0.016,0.262,0.959
58066.37,-0.099,0.016,0.262,0.959
58066.55,-0.098,0.016,0.262,0.959
58066.73,-0.099,0.016,0.262,0.959
58066.91,-0.098,0.016,0.262,0.959
58067.1,-0.098,0.016,0.262,0.959
58067.28,-0.098,0.016,0.262,0.959
58067.46,-0.098,0.016,0.262,0.959
58067.64,-0.098,0.016,0.262,0.959
58067.83,-0.098,0.016,0.262,0.959
58068.1,-0.098,0.016,0.262,0.959
58068.19,-0.099,0.016,0.262,0.959
58068.37,-0.098,0.016,0.262,0.959
58068.56,-0.099,0.016,0.262,0.959
58068.74,-0.099,0.016,0.262,0.959
58068.92,-0.099,0.016,0.262,0.959
58069.1,-0.099,0.016,0.262,0.959
58069.28,-0.099,0.016,0.262,0.959
58069.47,-0.099,0.016,0.262,0.959
58069.65,-0.099,0.016,0.262,0.959
58069.83,-0.099,0.016,0.262,0.959
58070.1,-0.099,0.016,0.262,0.959
58070.2,-0.099,0.016,0.262,0.959
58070.38,-0.099,0.016,0.262,0.959
58070.56,-0.099,0.016,0.262,0.959
58070.74,-0.099,0.016,0.262,0.959
58070.93,-0.099,0.016,0.262,0.959
58071.11,-0.099,0.016,0.262,0.959
58071.29,-0.099,0.016,0.262,0.959
58071.47,-0.099,0.016,0.262,0.959
58072.93,-0.099,0.016,0.262,0.959
58073.11,-0.099,0.016,0.262,0.959
58073.3,-0.099,0.016,0.262,0.959
58073.48,-0.099,0.016,0.262,0.959
58073.66,-0.099,0.016,0.262,0.959
58073.84,-0.099,0.016,0.262,0.959
58074.2,-0.099,0.016,0.262,0.959
58074.21,-0.098,0.016,0.262,0.959
58074.39,-0.098,0.016,0.262,0.959
58074.57,-0.098,0.016,0.262,0.959
58074.75,-0.098,0.016,0.262,0.959
58074.94,-0.098,0.016,0.262,0.959
58075.12,-0.099,0.016,0.262,0.959
58075.3,-0.099,0.016,0.262,0.959
58075.48,-0.099,0.016,0.262,0.959
58075.66,-0.099,0.016,0.262,0.959
58075.85,-0.099,0.016,0.262,0.959
58076.3,-0.099,0.016,0.262,0.959
58076.21,-0.098,0.016,0.262,0.959
58076.39,-0.098,0.016,0.262,0.959
58076.58,-0.099,0.016,0.262,0.959
58076.76,-0.099,0.016,0.262,0.959
58076.94,-0.099,0.016,0.262,0.959
58077.12,-0.099,0.016,0.262,0.959
58077.3,-0.099,0.016,0.262,0.959
58077.49,-0.099,0.016,0.262,0.959
58077.67,-0.099,0.016,0.262,0.959
58077.85,-0.099,0.016,0.262,0.959
58078.3,-0.099,0.016,0.262,0.959
58078.22,-0.098,0.016,0.26,0.96
58078.4,-0.098,0.015,0.259,0.96
58078.58,-0.098,0.015,0.258,0.96
58081.13,-0.098,0.017,0.245,0.964
58081.31,-0.098,0.018,0.245,0.964
58081.5,-0.098,0.018,0.245,0.964
58081.68,-0.098,0.018,0.245,0.964
58081.86,-0.098,0.018,0.245,0.964
58082.4,-0.098,0.018,0.245,0.964
58082.23,-0.098,0.018,0.245,0.964
58082.41,-0.098,0.018,0.245,0.964
58082.59,-0.098,0.018,0.245,0.964
58082.77,-0.098,0.018,0.245,0.964
58082.95,-0.098,0.018,0.245,0.964
58083.14,-0.098,0.018,0.245,0.964
58083.32,-0.098,0.018,0.245,0.964
58083.5,-0.098,0.018,0.245,0.964
58083.68,-0.098,0.018,0.245,0.964
58083.87,-0.098,0.018,0.245,0.964
58084.5,-0.098,0.018,0.245,0.964
58084.23,-0.098,0.018,0.245,0.964
58084.41,-0.098,0.018,0.245,0.964
58084.59,-0.098,0.018,0.245,0.964
58084.78,-0.098,0.018,0.245,0.964
58084.96,-0.098,0.018,0.245,0.964
58085.14,-0.098,0.018,0.245,0.964
58085.32,-0.098,0.018,0.245,0.964
58085.51,-0.098,0.018,0.245,0.964
58085.69,-0.098,0.018,0.245,0.964
58085.87,-0.098,0.018,0.245,0.964
58086.5,-0.098,0.018,0.245,0.964
58086.23,-0.098,0.018,0.245,0.964
58086.42,-0.098,0.018,0.245,0.964
58086.6,-0.098,0.018,0.245,0.964
58086.78,-0.098,0.018,0.245,0.964
58086.96,-0.098,0.018,0.245,0.964
58087.15,-0.098,0.018,0.245,0.964
58087.33,-0.098,0.018,0.245,0.964
58087.51,-0.098,0.018,0.245,0.964
58087.69,-0.098,0.018,0.245,0.964
58087.87,-0.098,0.018,0.245,0.964
58088.6,-0.098,0.018,0.245,0.964
58088.24,-0.098,0.018,0.245,0.964
58088.42,-0.098,0.018,0.245,0.964
58088.6,-0.098,0.018,0.245,0.964
58088.79,-0.098,0.018,0.245,0.964
58088.97,-0.098,0.018,0.245,0.964
58089.15,-0.098,0.018,0.245,0.964
58089.33,-0.098,0.018,0.245,0.964
58089.52,-0.098,0.018,0.245,0.964
58089.7,-0.098,0.018,0.245,0.964
58089.88,-0.098,0.018,0.245,0.964
58090.6,-0.098,0.018,0.245,0.964
58090.24,-0.098,0.018,0.245,0.964
58090.43,-0.098,0.018,0.245,0.964
58090.61,-0.098,0.018,0.245,0.964
58090.79,-0.098,0.018,0.245,0.964
58090.97,-0.098,0.018,0.245,0.964
58091.16,-0.098,0.018,0.245,0.964
58091.34,-0.098,0.018,0.245,0.964
58091.52,-0.098,0.018,0.245,0.964
58091.7,-0.098,0.018,0.245,0.964
58091.88,-0.098,0.018,0.245,0.964
58092.7,-0.098,0.018,0.245,0.964
58092.25,-0.098,0.018,0.245,0.964
58092.43,-0.098,0.018,0.245,0.964
58092.61,-0.098,0.018,0.245,0.964
58092.8,-0.098,0.018,0.245,0.964
58092.98,-0.098,0.018,0.245,0.964
58093.16,-0.098,0.018,0.245,0.964
58093.34,-0.098,0.018,0.245,0.964
58093.52,-0.098,0.018,0.245,0.964
58093.71,-0.098,0.018,0.245,0.964
58093.89,-0.098,0.018,0.245,0.964
58094.7,-0.098,0.018,0.245,0.964
58094.25,-0.098,0.018,0.245,0.964
58094.44,-0.098,0.018,0.245,0.964
58094.62,-0.098,0.018,0.245,0.964
58094.8,-0.098,0.018,0.245,0.964
58094.98,-0.098,0.018,0.245,0.964
58095.17,-0.098,0.018,0.245,0.964
58095.35,-0.098,0.018,0.245,0.964
58095.53,-0.098,0.018,0.245,0.964
58095.71,-0.098,0.018,0.245,0.964
58095.89,-0.098,0.018,0.245,0.964
58096.8,-0.098,0.018,0.245,0.964
58096.26,-0.098,0.018,0.245,0.964
58096.44,-0.098,0.018,0.245,0.964
58096.62,-0.098,0.018,0.245,0.964
58096.81,-0.098,0.018,0.245,0.964
58096.99,-0.098,0.018,0.245,0.964
58097.17,-0.098,0.018,0.245,0.964
58097.35,-0.098,0.018,0.245,0.964
58097.53,-0.098,0.018,0.245,0.964
58097.72,-0.098,0.018,0.245,0.964
58097.9,-0.098,0.018,0.245,0.964
58098.8,-0.098,0.018,0.245,0.964
58098.26,-0.098,0.018,0.245,0.964
58098.45,-0.098,0.018,0.245,0.964
58098.63,-0.098,0.018,0.245,0.964
58098.81,-0.098,0.018,0.245,0.964
58098.99,-0.098,0.018,0.245,0.964
58099.17,-0.098,0.018,0.245,0.964
58100.63,-0.098,0.018,0.245,0.964
58100.81,-0.098,0.018,0.245,0.964
58101.0,-0.098,0.018,0.245,0.964
58101.18,-0.098,0.018,0.245,0.964
58101.36,-0.098,0.018,0.245,0.964
58101.54,-0.098,0.018,0.245,0.964
58101.73,-0.098,0.018,0.245,0.964
58101.91,-0.098,0.018,0.245,0.964
58102.9,-0.098,0.018,0.245,0.964
58102.27,-0.098,0.018,0.245,0.964
58102.46,-0.098,0.018,0.245,0.964
58102.64,-0.098,0.018,0.245,0.964
58102.82,-0.098,0.018,0.245,0.964
58103.0,-0.098,0.018,0.245,0.964
58103.18,-0.098,0.018,0.245,0.964
58103.37,-0.098,0.018,0.245,0.964
58103.55,-0.098,0.018,0.245,0.964
58103.73,-0.098,0.018,0.245,0.964
58103.91,-0.098,0.018,0.245,0.964
58104.1,-0.098,0.018,0.245,0.964
58104.28,-0.098,0.018,0.245,0.964
58104.46,-0.098,0.018,0.245,0.964
58104.64,-0.098,0.018,0.245,0.964
58105.1,-0.098,0.018,0.245,0.964
58105.19,-0.098,0.018,0.245,0.964
58105.37,-0.098,0.018,0.245,0.964
58105.55,-0.098,0.018,0.245,0.964
58105.74,-0.098,0.018,0.245,0.964
58105.92,-0.098,0.018,0.245,0.964
58106.1,-0.098,0.018,0.245,0.964
58106.28,-0.098,0.018,0.245,0.964
58106.46,-0.098,0.018,0.245,0.964
58106.65,-0.098,0.018,0.245,0.964
58106.83,-0.098,0.018,0.245,0.964
58107.1,-0.098,0.018,0.245,0.964
58107.19,-0.098,0.018,0.245,0.964
58107.38,-0.098,0.018,0.245,0.964
58107.56,-0.098,0.018,0.245,0.964
58107.74,-0.098,0.018,0.245,0.964
58107.92,-0.098,0.018,0.245,0.964
58108.1,-0.098,0.018,0.245,0.964
58108.29,-0.098,0.018,0.245,0.964
58108.47,-0.098,0.018,0.245,0.964
58108.65,-0.098,0.018,0.245,0.964
58108.83,-0.098,0.018,0.245,0.964
58109.2,-0.098,0.018,0.245,0.964
58109.2,-0.098,0.018,0.245,0.964
58109.38,-0.098,0.018,0.245,0.964
58109.56,-0.099,0.019,0.245,0.964
58109.74,-0.098,0.018,0.246,0.964
58109.93,-0.099,0.018,0.246,0.963
58110.11,-0.098,0.018,0.246,0.963
58110.29,-0.098,0.018,0.246,0.963
58110.47,-0.098,0.018,0.246,0.963
58110.66,-0.098,0.018,0.246,0.963
58110.84,-0.098,0.018,0.246,0.963
58111.2,-0.098,0.018,0.246,0.963
58111.2,-0.099,0.018,0.246,0.963
58111.39,-0.099,0.018,0.246,0.963
58111.57,-0.099,0.018,0.246,0.963
58111.75,-0.098,0.018,0.246,0.963
58111.93,-0.098,0.018,0.246,0.963
58112.11,-0.098,0.018,0.246,0.963
58112.3,-0.098,0.018,0.246,0.963
58112.48,-0.098,0.018,0.246,0.963
58112.66,-0.098,0.018,0.246,0.963
58112.84,-0.098,0.018,0.246,0.963
58113.3,-0.098,0.018,0.246,0.963
58113.21,-0.099,0.018,0.246,0.963
58113.39,-0.099,0.018,0.246,0.963
58113.57,-0.099,0.018,0.246,0.963
58113.75,-0.099,0.018,0.246,0.963
58113.94,-0.099,0.018,0.246,0.963
58114.12,-0.099,0.018,0.246,0.963
58114.3,-0.098,0.018,0.246,0.963
58114.48,-0.099,0.018,0.246,0.963
58114.67,-0.098,0.018,0.246,0.963
58114.85,-0.098,0.018,0.246,0.963
58115.3,-0.098,0.018,0.246,0.963
58115.21,-0.098,0.018,0.246,0.963
58115.39,-0.098,0.018,0.246,0.963
58115.58,-0.098,0.018,0.246,0.963
58115.76,-0.098,0.018,0.246,0.964
58115.94,-0.098,0.018,0.246,0.963
58116.12,-0.098,0.018,0.246,0.963
58116.31,-0.098,0.018,0.246,0.963
58116.49,-0.098,0.018,0.246,0.963
58116.67,-0.098,0.018,0.246,0.963
58116.85,-0.098,0.018,0.246,0.963
58117.3,-0.098,0.018,0.246,0.963
58117.22,-0.098,0.018,0.246,0.963
58117.4,-0.098,0.018,0.246,0.963
58117.58,-0.098,0.018,0.246,0.963
58117.76,-0.098,0.018,0.246,0.963
58117.95,-0.098,0.018,0.246,0.963
58118.13,-0.098,0.018,0.246,0.963
58118.31,-0.098,0.018,0.246,0.963
58118.49,-0.098,0.018,0.246,0.963
58118.68,-0.098,0.018,0.246,0.963
58118.86,-0.098,0.018,0.246,0.963
58119.4,-0.098,0.018,0.246,0.963
58119.22,-0.098,0.018,0.246,0.963
58119.4,-0.098,0.018,0.246,0.963
58119.59,-0.098,0.018,0.246,0.964
58119.77,-0.098,0.018,0.246,0.964
58119.95,-0.098,0.018,0.246,0.964
58120.13,-0.098,0.018,0.246,0.963
58128.7,-0.098,0.018,0.246,0.963
58128.88,-0.098,0.018,0.246,0.963
58129.6,-0.098,0.018,0.246,0.963
58129.24,-0.098,0.018,0.246,0.963
58129.43,-0.098,0.018,0.246,0.963
58129.61,-0.098,0.018,0.246,0.963
58129.79,-0.098,0.018,0.246,0.963
58129.97,-0.098,0.018,0.246,0.963
58130.16,-0.098,0.018,0.246,0.963
58130.34,-0.098,0.018,0.246,0.964
58130.52,-0.098,0.018,0.246,0.963
58140.91,-0.098,0.018,0.246,0.963
58141.9,-0.098,0.018,0.246,0.963
58141.27,-0.098,0.018,0.246,0.964
58141.45,-0.098,0.018,0.246,0.963
58141.64,-0.098,0.018,0.246,0.963
58141.82,-0.098,0.018,0.246,0.963
58142.0,-0.098,0.018,0.246,0.963
58142.18,-0.098,0.018,0.246,0.963
58142.37,-0.098,0.018,0.246,0.963
58142.55,-0.098,0.018,0.246,0.963
58142.73,-0.098,0.018,0.246,0.963
58142.91,-0.098,0.018,0.246,0.963
58143.82,-0.098,0.018,0.246,0.963
58144.1,-0.098,0.018,0.246,0.963
58144.19,-0.098,0.018,0.246,0.963
58144.37,-0.098,0.018,0.246,0.963
58144.55,-0.098,0.018,0.246,0.963
58144.73,-0.098,0.018,0.246,0.963
58144.92,-0.098,0.018,0.246,0.963
58145.1,-0.098,0.018,0.246,0.963
58145.28,-0.098,0.018,0.246,0.963
58145.46,-0.098,0.018,0.246,0.963
58145.65,-0.098,0.018,0.246,0.963
58145.83,-0.098,0.018,0.246,0.963
58146.1,-0.098,0.018,0.246,0.963
58147.65,-0.098,0.018,0.246,0.963
58147.83,-0.098,0.018,0.246,0.963
58148.1,-0.098,0.018,0.246,0.963
58148.2,-0.098,0.018,0.246,0.963
58148.38,-0.098,0.018,0.246,0.963
58148.56,-0.098,0.018,0.246,0.963
58148.74,-0.098,0.018,0.246,0.963
58148.92,-0.098,0.018,0.246,0.963
58149.11,-0.098,0.018,0.246,0.963
58149.29,-0.098,0.018,0.246,0.963
58149.47,-0.098,0.018,0.246,0.963
58149.65,-0.098,0.018,0.246,0.963
58150.2,-0.098,0.018,0.246,0.963
58150.38,-0.098,0.018,0.246,0.963
58150.57,-0.098,0.018,0.246,0.963
58150.75,-0.098,0.018,0.246,0.963
58150.93,-0.098,0.018,0.246,0.963
58151.11,-0.098,0.018,0.246,0.963
58151.29,-0.098,0.018,0.246,0.963
58151.48,-0.098,0.018,0.246,0.963
58151.66,-0.098,0.018,0.246,0.963
58151.84,-0.098,0.018,0.246,0.963
58152.2,-0.098,0.018,0.246,0.963
58152.21,-0.098,0.018,0.246,0.963
58152.39,-0.098,0.018,0.246,0.963
58152.57,-0.098,0.018,0.246,0.963
58152.75,-0.098,0.018,0.246,0.963
58152.93,-0.098,0.018,0.246,0.963
58153.12,-0.098,0.018,0.246,0.963
58153.3,-0.098,0.018,0.246,0.963
58153.48,-0.098,0.018,0.246,0.963
58153.66,-0.098,0.018,0.246,0.963
58153.85,-0.098,0.018,0.246,0.963
58154.3,-0.098,0.018,0.246,0.963
58154.21,-0.098,0.018,0.246,0.963
58154.39,-0.098,0.018,0.246,0.963
58154.57,-0.098,0.018,0.246,0.963
58154.76,-0.098,0.018,0.246,0.963
58154.94,-0.098,0.018,0.246,0.963
58155.12,-0.098,0.018,0.246,0.963
58155.3,-0.098,0.018,0.246,0.963
58155.49,-0.098,0.018,0.246,0.963
58155.67,-0.098,0.018,0.246,0.963
58155.85,-0.098,0.018,0.246,0.963
58156.3,-0.098,0.018,0.246,0.963
58157.49,-0.098,0.018,0.246,0.963
58157.67,-0.098,0.018,0.246,0.963
58157.85,-0.098,0.018,0.246,0.963
58158.4,-0.098,0.018,0.246,0.963
58158.22,-0.098,0.018,0.246,0.963
58158.4,-0.098,0.018,0.246,0.963
58158.58,-0.098,0.018,0.246,0.963
58158.77,-0.098,0.018,0.246,0.963
58158.95,-0.098,0.018,0.246,0.963
58159.13,-0.098,0.018,0.246,0.963
58159.31,-0.098,0.018,0.246,0.963
58159.49,-0.098,0.018,0.246,0.963
58168.24,-0.098,0.018,0.246,0.963
58168.42,-0.098,0.018,0.246,0.963
58168.61,-0.098,0.018,0.246,0.963
58168.79,-0.098,0.018,0.246,0.963
58168.97,-0.098,0.018,0.246,0.963
58169.15,-0.098,0.018,0.246,0.963
58169.33,-0.098,0.018,0.246,0.963
58169.52,-0.098,0.018,0.246,0.963
58169.7,-0.098,0.018,0.246,0.963
58169.88,-0.098,0.018,0.246,0.964
58170.6,-0.098,0.018,0.246,0.963
58170.24,-0.098,0.018,0.246,0.963
58170.43,-0.098,0.018,0.246,0.963
58178.44,-0.098,0.018,0.246,0.964
58178.63,-0.098,0.018,0.246,0.964
58178.81,-0.098,0.018,0.246,0.964
58178.99,-0.098,0.018,0.246,0.964
58179.17,-0.098,0.018,0.246,0.964
58179.36,-0.098,0.018,0.246,0.963
58179.54,-0.098,0.018,0.246,0.963
58179.72,-0.098,0.018,0.246,0.963
58179.9,-0.098,0.018,0.246,0.963
58180.8,-0.098,0.018,0.246,0.963
58180.27,-0.098,0.018,0.246,0.963
58186.46,-0.098,0.018,0.246,0.963
58186.65,-0.098,0.018,0.246,0.963
58186.83,-0.098,0.018,0.246,0.963
58187.1,-0.098,0.018,0.246,0.963
58187.19,-0.098,0.018,0.246,0.963
58187.37,-0.098,0.018,0.246,0.963
58187.56,-0.098,0.018,0.246,0.963
58187.74,-0.098,0.018,0.246,0.963
58187.92,-0.098,0.018,0.246,0.963
58188.1,-0.098,0.018,0.246,0.963
58188.29,-0.098,0.018,0.246,0.963
58197.4,-0.098,0.018,0.246,0.963
58197.58,-0.098,0.018,0.246,0.963
58197.76,-0.098,0.018,0.246,0.963
58197.94,-0.098,0.018,0.246,0.963
58198.13,-0.098,0.018,0.246,0.963
58198.31,-0.098,0.018,0.246,0.963
58198.49,-0.098,0.018,0.246,0.963
58198.67,-0.098,0.018,0.246,0.963
58198.85,-0.098,0.018,0.246,0.963
58199.4,-0.098,0.018,0.246,0.963
58199.22,-0.098,0.018,0.246,0.963
58208.15,-0.098,0.018,0.246,0.963
58208.33,-0.098,0.018,0.246,0.963
58208.51,-0.098,0.018,0.246,0.963
58208.7,-0.098,0.018,0.246,0.963
58208.88,-0.098,0.018,0.246,0.963
58209.6,-0.098,0.018,0.246,0.963
58209.24,-0.099,0.018,0.246,0.963
58209.42,-0.098,0.018,0.246,0.963
58209.61,-0.098,0.018,0.246,0.963
58209.79,-0.098,0.018,0.246,0.963
58209.97,-0.098,0.018,0.246,0.963
58210.15,-0.098,0.018,0.246,0.963
58210.34,-0.098,0.018,0.246,0.963
58210.52,-0.098,0.018,0.246,0.963
58210.7,-0.098,0.018,0.246,0.963
58210.88,-0.098,0.018,0.246,0.963
58211.7,-0.098,0.018,0.246,0.963
58211.25,-0.098,0.018,0.246,0.963
58211.43,-0.098,0.018,0.246,0.963
58211.61,-0.098,0.018,0.246,0.963
58211.79,-0.098,0.018,0.246,0.963
58211.98,-0.098,0.018,0.246,0.963
58217.81,-0.098,0.018,0.246,0.963
58217.99,-0.098,0.018,0.246,0.963
58218.17,-0.098,0.018,0.246,0.963
58218.35,-0.098,0.018,0.246,0.963
58218.54,-0.098,0.018,0.246,0.963
58218.72,-0.098,0.018,0.246,0.963
58218.9,-0.098,0.018,0.246,0.963
58219.8,-0.098,0.018,0.246,0.963
58219.27,-0.098,0.018,0.246,0.963
58219.45,-0.098,0.018,0.246,0.963
58219.63,-0.098,0.018,0.246,0.963
58219.81,-0.098,0.018,0.246,0.963
58225.46,-0.098,0.018,0.246,0.963
58225.65,-0.099,0.018,0.246,0.963
58225.83,-0.098,0.018,0.246,0.963
58226.1,-0.099,0.018,0.246,0.963
58226.19,-0.099,0.018,0.246,0.963
58226.37,-0.099,0.018,0.246,0.963
58226.56,-0.099,0.018,0.246,0.963
58226.74,-0.099,0.018,0.246,0.963
58226.92,-0.1,0.017,0.246,0.963
58227.1,-0.101,0.017,0.246,0.963
58227.29,-0.101,0.017,0.246,0.963
58227.47,-0.101,0.017,0.246,0.963
58230.93,-0.099,0.018,0.246,0.963
58231.11,-0.098,0.018,0.246,0.963
58231.3,-0.098,0.018,0.246,0.963
58231.48,-0.098,0.018,0.246,0.963
58231.66,-0.098,0.018,0.246,0.963
58231.84,-0.098,0.018,0.246,0.963
58232.2,-0.097,0.018,0.246,0.963
58232.21,-0.097,0.018,0.246,0.963
58232.39,-0.097,0.018,0.246,0.963
58232.57,-0.097,0.018,0.246,0.963
58232.75,-0.097,0.018,0.246,0.963
58232.94,-0.097,0.018,0.246,0.963
58233.12,-0.097,0.018,0.246,0.963
58233.3,-0.097,0.018,0.246,0.963
58233.48,-0.097,0.018,0.246,0.963
58233.67,-0.097,0.018,0.246,0.963
58233.85,-0.097,0.018,0.246,0.963
58234.3,-0.097,0.018,0.246,0.963
58234.21,-0.097,0.018,0.246,0.963
58234.39,-0.097,0.018,0.246,0.963
58234.58,-0.097,0.018,0.246,0.963
58234.76,-0.097,0.018,0.246,0.963
58234.94,-0.098,0.018,0.246,0.963
58235.12,-0.098,0.018,0.246,0.963
58235.31,-0.098,0.018,0.246,0.963
58235.49,-0.098,0.018,0.246,0.963
58235.67,-0.097,0.018,0.246,0.963
58235.85,-0.098,0.018,0.246,0.963
58236.3,-0.097,0.018,0.246,0.963
58236.22,-0.097,0.018,0.246,0.963
58236.4,-0.097,0.018,0.246,0.963
58236.58,-0.097,0.018,0.246,0.963
58236.76,-0.097,0.018,0.246,0.963
58236.95,-0.098,0.018,0.246,0.963
58237.13,-0.098,0.018,0.246,0.963
58237.31,-0.098,0.018,0.246,0.963
58237.49,-0.098,0.018,0.246,0.963
58237.68,-0.098,0.018,0.246,0.963
58237.86,-0.098,0.018,0.246,0.963
58238.4,-0.098,0.018,0.246,0.963
58238.22,-0.098,0.018,0.246,0.963
58238.4,-0.098,0.018,0.246,0.963
58238.59,-0.098,0.018,0.246,0.963
58238.77,-0.098,0.018,0.246,0.963
58238.95,-0.098,0.018,0.246,0.963
58239.13,-0.098,0.018,0.246,0.963
58239.32,-0.098,0.018,0.246,0.963
58239.5,-0.098,0.018,0.246,0.963
58239.68,-0.098,0.018,0.246,0.963
58239.86,-0.098,0.018,0.246,0.963
58240.4,-0.098,0.018,0.246,0.963
58240.23,-0.098,0.018,0.246,0.963
58240.41,-0.098,0.018,0.246,0.963
58240.59,-0.098,0.018,0.246,0.963
58240.77,-0.098,0.018,0.246,0.963
58240.96,-0.098,0.018,0.246,0.963
58241.14,-0.098,0.018,0.246,0.963
58241.32,-0.098,0.018,0.246,0.963
58241.5,-0.098,0.018,0.246,0.963
58241.69,-0.098,0.018,0.246,0.963
58241.87,-0.098,0.018,0.246,0.963
58242.5,-0.098,0.018,0.246,0.963
58242.23,-0.098,0.018,0.246,0.963
58242.41,-0.098,0.018,0.246,0.963
58242.6,-0.098,0.018,0.246,0.963
58242.78,-0.098,0.018,0.246,0.963
58242.96,-0.098,0.018,0.246,0.963
58243.14,-0.098,0.018,0.246,0.963
58243.33,-0.098,0.018,0.246,0.963
58243.51,-0.098,0.018,0.246,0.963
58243.69,-0.098,0.018,0.246,0.963
58243.87,-0.098,0.018,0.246,0.963
58244.5,-0.098,0.018,0.246,0.963
58244.24,-0.098,0.018,0.246,0.963
58244.42,-0.098,0.018,0.246,0.963
58244.6,-0.098,0.018,0.246,0.963
58244.78,-0.098,0.018,0.246,0.963
58244.97,-0.098,0.018,0.246,0.963
58245.15,-0.098,0.018,0.246,0.963
58245.33,-0.098,0.018,0.246,0.963
58245.51,-0.098,0.018,0.246,0.963
58245.69,-0.098,0.018,0.246,0.963
58245.88,-0.098,0.018,0.246,0.963
58246.6,-0.098,0.018,0.246,0.963
58246.24,-0.098,0.018,0.246,0.963
58246.42,-0.098,0.018,0.246,0.963
58252.26,-0.098,0.018,0.246,0.963
58252.44,-0.098,0.018,0.246,0.963
58252.62,-0.098,0.018,0.246,0.963
58252.8,-0.098,0.018,0.246,0.963
58252.99,-0.098,0.018,0.246,0.963
58253.17,-0.098,0.018,0.246,0.963
58253.35,-0.098,0.018,0.246,0.963
58253.53,-0.098,0.018,0.246,0.963
58253.71,-0.098,0.018,0.246,0.963
58253.9,-0.098,0.018,0.246,0.963
58254.8,-0.098,0.018,0.246,0.963
58254.26,-0.098,0.018,0.246,0.963
58254.44,-0.098,0.018,0.246,0.963
58254.63,-0.098,0.018,0.246,0.963
58254.81,-0.098,0.018,0.246,0.963
58254.99,-0.098,0.018,0.246,0.963
58255.17,-0.098,0.018,0.246,0.963
58255.35,-0.098,0.018,0.246,0.963
58255.54,-0.098,0.018,0.246,0.963
58255.72,-0.098,0.018,0.246,0.963
58261.92,-0.098,0.018,0.246,0.963
58262.1,-0.098,0.018,0.246,0.963
58262.28,-0.098,0.018,0.246,0.963
58262.46,-0.098,0.018,0.246,0.963
58262.65,-0.098,0.018,0.246,0.963
58262.83,-0.098,0.018,0.246,0.963
58263.1,-0.098,0.018,0.246,0.963
58263.19,-0.098,0.018,0.246,0.963
58263.37,-0.098,0.018,0.246,0.963
58263.56,-0.098,0.018,0.246,0.963
58270.12,-0.099,0.018,0.246,0.963
58270.3,-0.099,0.018,0.246,0.963
58270.48,-0.099,0.018,0.246,0.963
58270.66,-0.099,0.018,0.246,0.963
58270.85,-0.099,0.018,0.246,0.963
58271.3,-0.099,0.018,0.246,0.963
58271.21,-0.099,0.018,0.246,0.963
58271.39,-0.099,0.018,0.246,0.963
58271.58,-0.099,0.018,0.246,0.963
58271.76,-0.099,0.018,0.246,0.963
58271.94,-0.099,0.018,0.246,0.963
58272.12,-0.099,0.018,0.246,0.963
58272.31,-0.099,0.018,0.246,0.963
58272.49,-0.099,0.018,0.246,0.963
58272.67,-0.099,0.018,0.246,0.963
58272.85,-0.098,0.018,0.246,0.963
58274.13,-0.098,0.018,0.246,0.963
58274.31,-0.098,0.018,0.246,0.963
58274.49,-0.098,0.018,0.246,0.963
58274.67,-0.098,0.018,0.246,0.963
58274.86,-0.098,0.018,0.246,0.963
58275.4,-0.098,0.018,0.246,0.963
58275.22,-0.098,0.018,0.246,0.963
58275.4,-0.098,0.018,0.246,0.963
58275.59,-0.098,0.018,0.246,0.963
58275.77,-0.098,0.018,0.246,0.963
58275.95,-0.098,0.018,0.246,0.963
58276.13,-0.098,0.018,0.246,0.963
58284.34,-0.098,0.018,0.246,0.963
58284.52,-0.098,0.018,0.246,0.963
58284.7,-0.098,0.018,0.246,0.963
58284.88,-0.098,0.018,0.246,0.963
58285.6,-0.098,0.018,0.246,0.963
58285.25,-0.098,0.018,0.246,0.963
58285.43,-0.098,0.018,0.246,0.963
58285.61,-0.098,0.018,0.246,0.963
58285.79,-0.098,0.018,0.246,0.963
58285.98,-0.098,0.018,0.246,0.963
58286.16,-0.098,0.018,0.246,0.963
58291.63,-0.098,0.018,0.246,0.963
58291.81,-0.098,0.018,0.246,0.963
58291.99,-0.098,0.018,0.246,0.963
58292.17,-0.098,0.018,0.246,0.963
58292.35,-0.098,0.018,0.246,0.963
58292.54,-0.098,0.018,0.246,0.963
58292.72,-0.098,0.018,0.246,0.963
58292.9,-0.098,0.018,0.246,0.963
58293.8,-0.098,0.018,0.246,0.963
58293.27,-0.098,0.018,0.246,0.963
58293.45,-0.098,0.018,0.246,0.963
58293.63,-0.098,0.018,0.246,0.963
58299.83,-0.098,0.018,0.246,0.963
58300.1,-0.098,0.018,0.246,0.963
58300.19,-0.098,0.018,0.246,0.963
58300.37,-0.098,0.018,0.246,0.963
58300.55,-0.098,0.018,0.246,0.963
58300.74,-0.098,0.018,0.246,0.963
58300.92,-0.098,0.018,0.246,0.963
58301.1,-0.098,0.018,0.246,0.963
58301.28,-0.098,0.018,0.246,0.963
58301.47,-0.098,0.018,0.246,0.963
58301.65,-0.098,0.018,0.246,0.963
58301.83,-0.098,0.018,0.246,0.963
58302.1,-0.098,0.018,0.246,0.963
58302.2,-0.098,0.018,0.246,0.963
58302.38,-0.098,0.018,0.246,0.963
58302.56,-0.098,0.018,0.246,0.963
58302.74,-0.098,0.018,0.246,0.963
58302.92,-0.098,0.018,0.246,0.963
58303.11,-0.098,0.018,0.246,0.963
58303.29,-0.098,0.018,0.246,0.963
58303.47,-0.098,0.018,0.246,0.963
58303.65,-0.098,0.018,0.246,0.963
58303.84,-0.098,0.018,0.246,0.963
58304.2,-0.098,0.018,0.246,0.963
58304.2,-0.098,0.018,0.246,0.963
58304.38,-0.098,0.018,0.246,0.963
58304.56,-0.098,0.018,0.246,0.963
58304.75,-0.098,0.018,0.246,0.963
58311.67,-0.098,0.018,0.246,0.963
58311.85,-0.098,0.018,0.246,0.963
58312.4,-0.098,0.018,0.246,0.963
58312.22,-0.098,0.018,0.246,0.963
58312.4,-0.098,0.018,0.246,0.963
58312.58,-0.098,0.018,0.246,0.963
58312.77,-0.098,0.018,0.246,0.963
58312.95,-0.098,0.018,0.246,0.963
58313.13,-0.098,0.018,0.246,0.963
58313.31,-0.098,0.018,0.247,0.963
58313.49,-0.098,0.018,0.247,0.963
58313.68,-0.098,0.018,0.247,0.963
58321.33,-0.099,0.018,0.246,0.963
58321.51,-0.098,0.018,0.246,0.963
58321.7,-0.099,0.018,0.246,0.963
58321.88,-0.099,0.018,0.246,0.963
58322.6,-0.099,0.018,0.246,0.963
58322.24,-0.099,0.018,0.246,0.963
58322.42,-0.098,0.018,0.246,0.963
58322.61,-0.098,0.018,0.246,0.963
58322.79,-0.099,0.018,0.246,0.963
58322.97,-0.099,0.018,0.246,0.963
58323.15,-0.098,0.018,0.246,0.963
58323.34,-0.098,0.018,0.246,0.963
58323.52,-0.098,0.018,0.246,0.963
58324.98,-0.098,0.018,0.246,0.963
58325.16,-0.098,0.018,0.246,0.963
58325.34,-0.098,0.018,0.246,0.963
58325.52,-0.099,0.018,0.246,0.963
58325.71,-0.099,0.018,0.246,0.963
58325.89,-0.099,0.018,0.246,0.963
58326.7,-0.099,0.018,0.246,0.963
58326.25,-0.099,0.018,0.246,0.963
58326.43,-0.098,0.018,0.246,0.963
58326.62,-0.098,0.018,0.246,0.963
58326.8,-0.098,0.018,0.246,0.963
58326.98,-0.098,0.018,0.246,0.963
58327.16,-0.098,0.018,0.246,0.963
58327.35,-0.098,0.018,0.246,0.963
58327.53,-0.098,0.018,0.247,0.963
58327.71,-0.098,0.018,0.247,0.963
58327.89,-0.098,0.018,0.247,0.963
58328.7,-0.098,0.018,0.247,0.963
58328.26,-0.098,0.018,0.247,0.963
58328.44,-0.098,0.018,0.247,0.963
58328.62,-0.099,0.018,0.247,0.963
58328.8,-0.099,0.018,0.246,0.963
58328.99,-0.099,0.018,0.246,0.963
58329.17,-0.099,0.018,0.246,0.963
58329.35,-0.099,0.018,0.246,0.963
58329.53,-0.099,0.018,0.246,0.963
58329.71,-0.098,0.018,0.246,0.963
58329.9,-0.098,0.018,0.246,0.963
58330.8,-0.098,0.018,0.246,0.963
58330.26,-0.098,0.018,0.246,0.963
58330.44,-0.098,0.018,0.246,0.963
58330.63,-0.098,0.018,0.246,0.963
58330.81,-0.098,0.018,0.246,0.963
58330.99,-0.098,0.018,0.246,0.963
58331.17,-0.099,0.018,0.246,0.963
58331.36,-0.099,0.018,0.246,0.963
58331.54,-0.099,0.018,0.246,0.963
58331.72,-0.098,0.018,0.246,0.963
58332.8,-0.098,0.018,0.246,0.963
58332.27,-0.098,0.018,0.246,0.963
58332.45,-0.099,0.018,0.246,0.963
58332.63,-0.098,0.018,0.246,0.963
58332.81,-0.099,0.018,0.246,0.963
58333.0,-0.098,0.018,0.246,0.963
58333.18,-0.098,0.018,0.247,0.963
58333.36,-0.098,0.018,0.247,0.963
58333.54,-0.098,0.018,0.247,0.963
58333.72,-0.098,0.018,0.247,0.963
58333.91,-0.098,0.018,0.247,0.963
58334.9,-0.098,0.018,0.247,0.963
58334.27,-0.098,0.018,0.247,0.963
58334.45,-0.098,0.018,0.247,0.963
58334.64,-0.098,0.018,0.247,0.963
58334.82,-0.098,0.018,0.246,0.963
58335.0,-0.098,0.018,0.247,0.963
58335.18,-0.098,0.018,0.247,0.963
58335.36,-0.098,0.018,0.247,0.963
58335.55,-0.098,0.018,0.247,0.963
58335.73,-0.098,0.018,0.247,0.963
58335.91,-0.098,0.018,0.247,0.963
58336.9,-0.098,0.018,0.247,0.963
58336.28,-0.098,0.018,0.247,0.963
58336.46,-0.098,0.018,0.247,0.963
58336.64,-0.098,0.018,0.247,0.963
58336.82,-0.098,0.018,0.247,0.963
58337.0,-0.098,0.018,0.247,0.963
58337.19,-0.098,0.018,0.247,0.963
58337.37,-0.098,0.018,0.247,0.963
58337.55,-0.098,0.018,0.247,0.963
58337.73,-0.098,0.018,0.247,0.963
58337.92,-0.098,0.018,0.247,0.963
58338.1,-0.098,0.018,0.247,0.963
58338.28,-0.098,0.018,0.247,0.963
58338.46,-0.098,0.018,0.247,0.963
58338.64,-0.098,0.018,0.247,0.963
58338.83,-0.098,0.018,0.247,0.963
58339.1,-0.098,0.018,0.247,0.963
58339.19,-0.098,0.018,0.247,0.963
58339.37,-0.098,0.018,0.247,0.963
58339.56,-0.098,0.018,0.247,0.963
58339.74,-0.098,0.018,0.247,0.963
58339.92,-0.098,0.018,0.247,0.963
58340.1,-0.098,0.018,0.247,0.963
58340.28,-0.098,0.018,0.247,0.963
58340.47,-0.098,0.018,0.247,0.963
58340.65,-0.098,0.018,0.247,0.963
58340.83,-0.098,0.018,0.247,0.963
58341.1,-0.098,0.018,0.247,0.963
58341.2,-0.098,0.018,0.247,0.963
58341.38,-0.098,0.018,0.247,0.963
58341.56,-0.098,0.018,0.247,0.963
58341.74,-0.098,0.018,0.247,0.963
58341.93,-0.098,0.018,0.247,0.963
58342.11,-0.098,0.018,0.247,0.963
58342.29,-0.098,0.018,0.247,0.963
58342.47,-0.098,0.018,0.247,0.963
58342.65,-0.098,0.018,0.247,0.963
58342.84,-0.098,0.018,0.247,0.963
58343.2,-0.098,0.018,0.247,0.963
58343.57,-0.099,0.018,0.247,0.963
58343.75,-0.099,0.018,0.246,0.963
58343.93,-0.099,0.018,0.246,0.963
58344.11,-0.099,0.018,0.246,0.963
58344.29,-0.099,0.018,0.246,0.963
58344.48,-0.099,0.017,0.246,0.963
58344.66,-0.099,0.018,0.246,0.963
58344.84,-0.099,0.018,0.246,0.963
58345.2,-0.099,0.017,0.246,0.963
58345.21,-0.099,0.018,0.246,0.963
58345.39,-0.099,0.018,0.246,0.963
58351.58,-0.098,0.018,0.247,0.963
58351.76,-0.098,0.018,0.247,0.963
58351.95,-0.098,0.018,0.247,0.963
58352.13,-0.098,0.018,0.247,0.963
58352.31,-0.099,0.018,0.247,0.963
58352.49,-0.099,0.018,0.247,0.963
58352.68,-0.099,0.018,0.247,0.963
58352.86,-0.099,0.018,0.247,0.963
58353.4,-0.099,0.018,0.247,0.963
58353.22,-0.099,0.018,0.247,0.963
58353.4,-0.099,0.018,0.247,0.963
58353.59,-0.098,0.018,0.247,0.963
58353.77,-0.099,0.018,0.247,0.963
58353.95,-0.099,0.018,0.247,0.963
58354.13,-0.099,0.018,0.247,0.963
58356.87,-0.099,0.018,0.247,0.963
58357.5,-0.099,0.018,0.247,0.963
58357.23,-0.099,0.018,0.247,0.963
58357.41,-0.099,0.018,0.247,0.963
58357.6,-0.099,0.018,0.247,0.963
58357.78,-0.098,0.018,0.247,0.963
58357.96,-0.099,0.018,0.247,0.963
58358.14,-0.099,0.018,0.247,0.963
58358.32,-0.099,0.018,0.247,0.963
58358.51,-0.099,0.018,0.247,0.963
58358.69,-0.099,0.018,0.247,0.963
58358.87,-0.099,0.018,0.247,0.963
58359.5,-0.099,0.018,0.247,0.963
58359.24,-0.099,0.018,0.247,0.963
58359.42,-0.098,0.018,0.247,0.963
58359.6,-0.099,0.018,0.247,0.963
58359.78,-0.099,0.018,0.247,0.963
58359.96,-0.099,0.018,0.247,0.963
58361.42,-0.099,0.018,0.247,0.963
58361.6,-0.099,0.018,0.247,0.963
58361.79,-0.099,0.018,0.247,0.963
58361.97,-0.099,0.018,0.247,0.963
58362.15,-0.099,0.018,0.247,0.963
58362.33,-0.099,0.018,0.247,0.963
58362.52,-0.099,0.018,0.247,0.963
58362.7,-0.098,0.018,0.247,0.963
58362.88,-0.099,0.018,0.247,0.963
58363.6,-0.099,0.018,0.247,0.963
58363.24,-0.098,0.018,0.247,0.963
58370.9,-0.098,0.018,0.247,0.963
58371.8,-0.098,0.018,0.247,0.963
58371.26,-0.098,0.018,0.247,0.963
58371.44,-0.098,0.018,0.247,0.963
58371.63,-0.099,0.018,0.247,0.963
58371.81,-0.098,0.018,0.247,0.963
58371.99,-0.099,0.018,0.247,0.963
58372.17,-0.098,0.018,0.247,0.963
58372.35,-0.099,0.018,0.247,0.963
58372.54,-0.098,0.018,0.247,0.963
58372.72,-0.098,0.018,0.247,0.963
58372.9,-0.099,0.018,0.247,0.963
58373.8,-0.099,0.018,0.247,0.963
58373.27,-0.099,0.018,0.247,0.963
58373.45,-0.099,0.018,0.246,0.963
58373.63,-0.099,0.018,0.247,0.963
58375.45,-0.098,0.018,0.247,0.963
58375.63,-0.099,0.018,0.247,0.963
58375.82,-0.098,0.018,0.247,0.963
58376.0,-0.099,0.018,0.247,0.963
58376.18,-0.098,0.018,0.247,0.963
58376.36,-0.099,0.018,0.247,0.963
58376.55,-0.098,0.018,0.247,0.963
58376.73,-0.098,0.018,0.247,0.963
58376.91,-0.098,0.018,0.247,0.963
58377.9,-0.098,0.018,0.247,0.963
58377.27,-0.098,0.018,0.247,0.963
58377.46,-0.098,0.018,0.247,0.963
58377.64,-0.098,0.018,0.247,0.963
58379.28,-0.099,0.018,0.247,0.963
58379.46,-0.099,0.018,0.247,0.963
58379.64,-0.099,0.018,0.247,0.963
58379.83,-0.098,0.018,0.247,0.963
58380.1,-0.098,0.018,0.247,0.963
58380.19,-0.098,0.018,0.247,0.963
58380.37,-0.099,0.018,0.247,0.963
58380.55,-0.099,0.018,0.247,0.963
58380.74,-0.099,0.018,0.247,0.963
58380.92,-0.099,0.018,0.247,0.963
58381.1,-0.099,0.018,0.247,0.963
58381.28,-0.099,0.018,0.247,0.963
58381.47,-0.099,0.018,0.247,0.963
58381.65,-0.099,0.018,0.247,0.963
58381.83,-0.098,0.018,0.247,0.963
58382.1,-0.098,0.018,0.247,0.963
58382.19,-0.098,0.018,0.247,0.963
58382.38,-0.099,0.018,0.247,0.963
58382.56,-0.099,0.018,0.247,0.963
58382.74,-0.099,0.018,0.247,0.963
58382.92,-0.099,0.018,0.247,0.963
58383.11,-0.099,0.018,0.247,0.963
58383.29,-0.099,0.018,0.247,0.963
58390.21,-0.099,0.018,0.247,0.963
58390.39,-0.098,0.018,0.247,0.963
58390.58,-0.099,0.018,0.247,0.963
58390.76,-0.098,0.018,0.247,0.963
58390.94,-0.098,0.018,0.247,0.963
58391.12,-0.098,0.018,0.247,0.963
58391.31,-0.098,0.018,0.247,0.963
58391.49,-0.098,0.018,0.247,0.963
58391.67,-0.098,0.018,0.247,0.963
58391.85,-0.098,0.018,0.247,0.963
58392.3,-0.098,0.018,0.247,0.963
58399.14,-0.098,0.018,0.247,0.963
58399.32,-0.098,0.018,0.247,0.963
58399.51,-0.098,0.018,0.247,0.963
58399.69,-0.098,0.018,0.247,0.963
58399.87,-0.098,0.018,0.247,0.963
58400.5,-0.098,0.018,0.247,0.963
58400.23,-0.098,0.018,0.247,0.963
58400.42,-0.098,0.018,0.247,0.963
58400.6,-0.098,0.018,0.247,0.963
58400.78,-0.098,0.018,0.247,0.963
58400.96,-0.098,0.018,0.247,0.963
58408.43,-0.098,0.018,0.247,0.963
58408.62,-0.098,0.018,0.247,0.963
58408.8,-0.098,0.018,0.247,0.963
58408.98,-0.098,0.018,0.247,0.963
58409.16,-0.098,0.018,0.247,0.963
58409.34,-0.098,0.018,0.247,0.963
58409.53,-0.098,0.018,0.247,0.963
58409.71,-0.098,0.018,0.247,0.963
58409.89,-0.098,0.018,0.247,0.963
58410.7,-0.098,0.018,0.247,0.963
58410.26,-0.098,0.018,0.247,0.963
58410.44,-0.098,0.018,0.247,0.963
58410.62,-0.098,0.018,0.247,0.963
58410.8,-0.098,0.018,0.247,0.963
58410.98,-0.098,0.018,0.247,0.963
58411.17,-0.099,0.018,0.247,0.963
58411.35,-0.098,0.018,0.247,0.963
58411.53,-0.099,0.018,0.247,0.963
58411.71,-0.099,0.018,0.247,0.963
58411.9,-0.098,0.018,0.247,0.963
58412.8,-0.099,0.018,0.247,0.963
58412.26,-0.099,0.018,0.247,0.963
58412.44,-0.099,0.018,0.247,0.963
58412.62,-0.099,0.018,0.247,0.963
58412.81,-0.099,0.018,0.247,0.963
58412.99,-0.099,0.018,0.247,0.963
58413.17,-0.099,0.018,0.247,0.963
58413.35,-0.099,0.018,0.247,0.963
58413.54,-0.098,0.018,0.247,0.963
58413.72,-0.098,0.018,0.247,0.963
58413.9,-0.099,0.018,0.247,0.963
58417.0,-0.098,0.018,0.247,0.963
58417.18,-0.098,0.018,0.247,0.963
58417.36,-0.098,0.018,0.247,0.963
58417.54,-0.098,0.018,0.247,0.963
58417.73,-0.098,0.018,0.247,0.963
58417.91,-0.098,0.018,0.247,0.963
58418.9,-0.098,0.018,0.247,0.963
58418.27,-0.098,0.018,0.247,0.963
58418.45,-0.098,0.018,0.247,0.963
58418.64,-0.098,0.018,0.247,0.963
58418.82,-0.098,0.018,0.247,0.963
58419.0,-0.098,0.018,0.247,0.963
58419.18,-0.098,0.018,0.247,0.963
58421.19,-0.098,0.018,0.247,0.963
58421.37,-0.098,0.018,0.247,0.963
58421.55,-0.098,0.018,0.247,0.963
58421.73,-0.098,0.018,0.247,0.963
58421.92,-0.098,0.018,0.247,0.963
58422.1,-0.098,0.018,0.247,0.963
58422.28,-0.098,0.018,0.247,0.963
58422.46,-0.098,0.018,0.247,0.963
58422.65,-0.098,0.018,0.247,0.963
58422.83,-0.098,0.018,0.247,0.963
58423.1,-0.099,0.018,0.247,0.963
58423.19,-0.099,0.018,0.247,0.963
58436.67,-0.098,0.018,0.247,0.963
58436.86,-0.098,0.018,0.247,0.963
58437.4,-0.098,0.018,0.247,0.963
58437.22,-0.099,0.018,0.247,0.963
58437.4,-0.099,0.018,0.247,0.963
58437.59,-0.098,0.018,0.247,0.963
58437.77,-0.098,0.018,0.247,0.963
58437.95,-0.099,0.018,0.247,0.963
58438.13,-0.098,0.018,0.247,0.963
58438.31,-0.099,0.018,0.247,0.963
58438.5,-0.098,0.018,0.247,0.963
58438.68,-0.098,0.018,0.247,0.963
58438.86,-0.098,0.018,0.247,0.963
58439.4,-0.099,0.018,0.247,0.963
58439.23,-0.099,0.018,0.247,0.963
58439.41,-0.099,0.018,0.247,0.963
58439.59,-0.099,0.018,0.247,0.963
58439.77,-0.099,0.018,0.247,0.963
58439.95,-0.099,0.018,0.247,0.963
58440.14,-0.099,0.018,0.247,0.963
58441.23,-0.098,0.018,0.247,0.963
58441.41,-0.098,0.018,0.247,0.963
58441.59,-0.098,0.018,0.247,0.963
58441.78,-0.098,0.018,0.247,0.963
58441.96,-0.098,0.018,0.247,0.963
58442.14,-0.098,0.018,0.247,0.963
58442.32,-0.098,0.018,0.247,0.963
58442.51,-0.099,0.018,0.247,0.963
58442.69,-0.098,0.018,0.247,0.963
58442.87,-0.099,0.018,0.247,0.963
58443.5,-0.099,0.018,0.247,0.963
58443.23,-0.099,0.018,0.247,0.963
58454.35,-0.098,0.018,0.247,0.963
58454.53,-0.098,0.018,0.247,0.963
58454.71,-0.098,0.018,0.247,0.963
58454.9,-0.098,0.018,0.247,0.963
58455.8,-0.098,0.018,0.247,0.963
58455.26,-0.098,0.018,0.247,0.963
58455.44,-0.098,0.018,0.247,0.963
58455.63,-0.098,0.018,0.247,0.963
58455.81,-0.098,0.018,0.247,0.963
58455.99,-0.098,0.018,0.247,0.963
58456.17,-0.098,0.018,0.247,0.963
58456.35,-0.098,0.018,0.247,0.963
58456.54,-0.098,0.018,0.247,0.963
58468.93,-0.098,0.018,0.247,0.963
58469.11,-0.098,0.018,0.247,0.963
58469.29,-0.098,0.018,0.247,0.963
58469.47,-0.098,0.018,0.247,0.963
58469.66,-0.098,0.018,0.247,0.963
58469.84,-0.098,0.018,0.247,0.963
58470.2,-0.098,0.018,0.247,0.963
58470.2,-0.098,0.018,0.247,0.963
58470.39,-0.098,0.018,0.247,0.963
58470.57,-0.098,0.018,0.247,0.963
58470.75,-0.098,0.018,0.247,0.963
58481.87,-0.098,0.018,0.247,0.963
58482.5,-0.098,0.018,0.247,0.963
58482.23,-0.098,0.018,0.247,0.963
58482.41,-0.098,0.018,0.247,0.963
58482.6,-0.098,0.018,0.247,0.963
58482.78,-0.098,0.018,0.247,0.963
58482.96,-0.098,0.018,0.247,0.963
58483.14,-0.098,0.018,0.247,0.963
58483.32,-0.098,0.018,0.247,0.963
58483.51,-0.098,0.018,0.247,0.963
58483.69,-0.098,0.018,0.247,0.963
58493.53,-0.098,0.018,0.247,0.963
58493.71,-0.098,0.018,0.247,0.963
58493.89,-0.098,0.018,0.247,0.963
58494.8,-0.098,0.018,0.247,0.963
58494.26,-0.098,0.018,0.247,0.963
58494.44,-0.098,0.018,0.247,0.963
58494.62,-0.098,0.018,0.247,0.963
58494.8,-0.098,0.018,0.247,0.963
58494.99,-0.098,0.018,0.247,0.963
58495.17,-0.098,0.018,0.247,0.963
58495.35,-0.098,0.018,0.247,0.963
58495.53,-0.098,0.018,0.247,0.963
58496.26,-0.098,0.018,0.247,0.963
58496.44,-0.098,0.018,0.247,0.963
58496.63,-0.098,0.018,0.247,0.963
58496.81,-0.098,0.018,0.247,0.963
58496.99,-0.098,0.018,0.247,0.963
58497.17,-0.098,0.018,0.247,0.963
58497.36,-0.098,0.018,0.247,0.963
58497.54,-0.098,0.018,0.247,0.963
58497.72,-0.098,0.018,0.247,0.963
58497.9,-0.098,0.018,0.247,0.963
58498.8,-0.098,0.018,0.247,0.963
58498.27,-0.098,0.018,0.247,0.963
58498.45,-0.098,0.018,0.247,0.963
58498.63,-0.098,0.018,0.247,0.963
58498.81,-0.098,0.018,0.247,0.963
58499.36,-0.098,0.018,0.247,0.963
58499.54,-0.098,0.018,0.247,0.963
58499.72,-0.098,0.018,0.247,0.963
58499.91,-0.098,0.018,0.247,0.963
58500.9,-0.098,0.018,0.247,0.963
58500.27,-0.098,0.018,0.247,0.963
58500.45,-0.098,0.018,0.247,0.963
58500.64,-0.098,0.018,0.247,0.963
58500.82,-0.098,0.018,0.247,0.963
58501.0,-0.098,0.018,0.247,0.963
58501.18,-0.098,0.018,0.247,0.963
58509.2,-0.098,0.018,0.247,0.963
58509.2,-0.098,0.018,0.247,0.963
58509.38,-0.099,0.018,0.247,0.963
58509.57,-0.098,0.018,0.247,0.963
58509.75,-0.098,0.018,0.247,0.963
58509.93,-0.098,0.018,0.247,0.963
58510.11,-0.098,0.018,0.247,0.963
58510.3,-0.098,0.018,0.247,0.963
58510.48,-0.098,0.018,0.247,0.963
58510.66,-0.098,0.018,0.247,0.963
58510.84,-0.099,0.018,0.247,0.963
58517.77,-0.098,0.018,0.247,0.963
58517.95,-0.098,0.018,0.247,0.963
58518.13,-0.098,0.018,0.247,0.963
58518.31,-0.098,0.018,0.247,0.963
58518.5,-0.098,0.018,0.247,0.963
58518.68,-0.098,0.018,0.247,0.963
58518.86,-0.098,0.018,0.247,0.963
58519.4,-0.098,0.018,0.247,0.963
58519.23,-0.098,0.018,0.247,0.963
58519.41,-0.098,0.018,0.247,0.963
58519.59,-0.098,0.018,0.247,0.963
58530.16,-0.099,0.018,0.247,0.963
58530.34,-0.098,0.018,0.247,0.963
58530.53,-0.098,0.018,0.247,0.963
58530.71,-0.098,0.018,0.247,0.963
58530.89,-0.098,0.018,0.247,0.963
58531.7,-0.098,0.018,0.247,0.963
58531.25,-0.098,0.018,0.247,0.963
58531.44,-0.099,0.018,0.247,0.963
58531.62,-0.099,0.018,0.247,0.963
58531.8,-0.099,0.018,0.247,0.963
58538.73,-0.098,0.018,0.247,0.963
58538.91,-0.098,0.018,0.247,0.963
58539.9,-0.098,0.018,0.247,0.963
58539.27,-0.098,0.018,0.247,0.963
58539.46,-0.098,0.018,0.247,0.963
58539.64,-0.098,0.018,0.247,0.963
58539.82,-0.098,0.018,0.247,0.963
58540.0,-0.098,0.018,0.247,0.963
58540.19,-0.098,0.018,0.247,0.963
58540.37,-0.098,0.018,0.247,0.963
58540.55,-0.099,0.018,0.247,0.963
58540.73,-0.098,0.018,0.247,0.963
58540.91,-0.098,0.018,0.247,0.963
58541.1,-0.099,0.018,0.247,0.963
58541.28,-0.099,0.018,0.247,0.963
58541.46,-0.098,0.018,0.247,0.963
58541.64,-0.098,0.018,0.247,0.963
58541.83,-0.098,0.018,0.247,0.963
58542.74,-0.098,0.018,0.247,0.963
58542.92,-0.098,0.018,0.247,0.963
58543.1,-0.098,0.018,0.247,0.963
58543.28,-0.098,0.018,0.247,0.963
58543.47,-0.098,0.018,0.247,0.963
58543.65,-0.099,0.018,0.247,0.963
58543.83,-0.099,0.018,0.247,0.963
58544.1,-0.099,0.018,0.247,0.963
58544.2,-0.098,0.018,0.247,0.963
58544.38,-0.098,0.018,0.247,0.963
58544.56,-0.098,0.018,0.247,0.963
58544.74,-0.098,0.018,0.247,0.963
58544.92,-0.098,0.018,0.247,0.963
58545.11,-0.098,0.018,0.247,0.963
58545.29,-0.098,0.018,0.247,0.963
58545.47,-0.098,0.018,0.247,0.963
58545.65,-0.098,0.018,0.247,0.963
58545.84,-0.098,0.018,0.247,0.963
58546.2,-0.098,0.018,0.247,0.963
58546.2,-0.098,0.018,0.247,0.963
58546.38,-0.098,0.018,0.247,0.963
58546.56,-0.098,0.018,0.247,0.963
58546.75,-0.098,0.018,0.247,0.963
58546.93,-0.098,0.018,0.247,0.963
58547.11,-0.098,0.018,0.247,0.963
58547.29,-0.098,0.018,0.247,0.963
58547.48,-0.098,0.018,0.247,0.963
58547.66,-0.098,0.018,0.247,0.963
58547.84,-0.098,0.018,0.247,0.963
58548.2,-0.098,0.018,0.247,0.963
58548.2,-0.098,0.018,0.247,0.963
58548.39,-0.098,0.018,0.247,0.963
58548.57,-0.098,0.018,0.247,0.963
58548.75,-0.098,0.018,0.247,0.963
58548.93,-0.098,0.018,0.247,0.963
58549.12,-0.098,0.018,0.247,0.963
58549.3,-0.098,0.018,0.247,0.963
58549.48,-0.099,0.018,0.247,0.963
58549.66,-0.099,0.018,0.247,0.963
58549.85,-0.099,0.018,0.247,0.963
58550.3,-0.099,0.018,0.247,0.963
58550.21,-0.099,0.018,0.247,0.963
58550.39,-0.099,0.018,0.247,0.963
58550.57,-0.099,0.018,0.247,0.963
58550.76,-0.099,0.018,0.247,0.963
58550.94,-0.099,0.018,0.247,0.963
58551.12,-0.098,0.018,0.247,0.963
58551.3,-0.098,0.018,0.247,0.963
58551.49,-0.098,0.018,0.247,0.963
58551.67,-0.098,0.018,0.247,0.963
58551.85,-0.098,0.018,0.247,0.963
58552.3,-0.098,0.018,0.247,0.963
58552.21,-0.098,0.018,0.247,0.963
58552.4,-0.098,0.018,0.247,0.963
58552.58,-0.098,0.018,0.247,0.963
58553.13,-0.098,0.018,0.247,0.963
58553.31,-0.098,0.018,0.247,0.963
58553.49,-0.098,0.018,0.247,0.963
58553.67,-0.098,0.018,0.247,0.963
58553.85,-0.098,0.018,0.247,0.963
58554.4,-0.098,0.018,0.247,0.963
58554.22,-0.098,0.018,0.247,0.963
58554.4,-0.098,0.018,0.247,0.963
58554.58,-0.098,0.018,0.247,0.963
58554.77,-0.098,0.018,0.247,0.963
58554.95,-0.098,0.018,0.247,0.963
58555.13,-0.098,0.018,0.247,0.963
58555.31,-0.098,0.018,0.247,0.963
58555.5,-0.098,0.018,0.247,0.963
58555.68,-0.098,0.018,0.247,0.963
58557.14,-0.098,0.018,0.247,0.963
58557.32,-0.098,0.018,0.247,0.963
58557.5,-0.098,0.018,0.247,0.963
58557.68,-0.098,0.018,0.247,0.963
58557.86,-0.098,0.018,0.247,0.963
58558.5,-0.098,0.018,0.247,0.963
58558.23,-0.098,0.018,0.247,0.963
58558.41,-0.098,0.018,0.247,0.963
58558.59,-0.098,0.018,0.247,0.963
58558.78,-0.098,0.018,0.247,0.963
58558.96,-0.098,0.018,0.247,0.963
58561.69,-0.098,0.018,0.247,0.963
58561.87,-0.098,0.018,0.247,0.963
58562.6,-0.098,0.018,0.247,0.963
58562.24,-0.098,0.018,0.247,0.963
58562.42,-0.098,0.018,0.247,0.963
58562.6,-0.098,0.018,0.247,0.963
58562.78,-0.098,0.018,0.247,0.963
58562.97,-0.098,0.018,0.247,0.963
58563.15,-0.098,0.018,0.247,0.963
58563.33,-0.098,0.018,0.247,0.963
58563.51,-0.098,0.018,0.247,0.963
58574.8,-0.098,0.018,0.247,0.963
58574.27,-0.098,0.018,0.247,0.963
58574.45,-0.098,0.018,0.247,0.963
58574.63,-0.098,0.018,0.247,0.963
58574.81,-0.098,0.018,0.247,0.963
58574.99,-0.098,0.018,0.247,0.963
58575.18,-0.099,0.018,0.247,0.963
58575.36,-0.099,0.018,0.247,0.963
58575.54,-0.099,0.018,0.247,0.963
58575.72,-0.099,0.018,0.247,0.963
58575.91,-0.099,0.018,0.247,0.963
58576.9,-0.098,0.018,0.247,0.963
58576.27,-0.098,0.018,0.247,0.963
58578.46,-0.099,0.018,0.247,0.963
58578.64,-0.099,0.018,0.247,0.963
58578.82,-0.099,0.018,0.247,0.963
58579.0,-0.099,0.018,0.247,0.963
58579.19,-0.099,0.018,0.247,0.963
58579.37,-0.099,0.018,0.247,0.963
58579.55,-0.099,0.018,0.247,0.963
58579.73,-0.099,0.018,0.247,0.963
58579.92,-0.099,0.018,0.247,0.963
58580.1,-0.099,0.018,0.247,0.963
58580.28,-0.099,0.018,0.247,0.963
58580.46,-0.099,0.018,0.247,0.963
58587.21,-0.098,0.018,0.247,0.963
58587.39,-0.098,0.018,0.247,0.963
58587.57,-0.098,0.018,0.247,0.963
58587.75,-0.098,0.018,0.247,0.963
58587.93,-0.098,0.018,0.247,0.963
58588.12,-0.098,0.018,0.247,0.963
58588.3,-0.098,0.018,0.247,0.963
58588.48,-0.098,0.018,0.247,0.963
58588.66,-0.098,0.018,0.247,0.963
58588.85,-0.098,0.018,0.247,0.963
58589.3,-0.098,0.018,0.247,0.963
58589.21,-0.098,0.018,0.247,0.963
58589.39,-0.098,0.018,0.247,0.963
58589.58,-0.098,0.018,0.247,0.963
58589.76,-0.098,0.018,0.247,0.963
58591.3,-0.098,0.018,0.247,0.963
58591.22,-0.098,0.018,0.247,0.963
58591.4,-0.099,0.018,0.247,0.963
58591.58,-0.099,0.018,0.247,0.963
58591.76,-0.098,0.018,0.247,0.963
58591.94,-0.098,0.018,0.247,0.963
58592.13,-0.098,0.018,0.247,0.963
58592.31,-0.098,0.018,0.247,0.963
58592.49,-0.098,0.018,0.247,0.963
58592.67,-0.098,0.018,0.247,0.963
58592.86,-0.098,0.018,0.247,0.963
58593.4,-0.098,0.018,0.247,0.963
58601.6,-0.099,0.018,0.247,0.963
58601.24,-0.099,0.018,0.247,0.963
58601.42,-0.099,0.018,0.247,0.963
58601.6,-0.099,0.018,0.247,0.963
58601.78,-0.099,0.018,0.247,0.963
58601.97,-0.099,0.018,0.247,0.963
58602.15,-0.099,0.018,0.247,0.963
58602.33,-0.099,0.018,0.247,0.963
58602.51,-0.099,0.018,0.247,0.963
58602.7,-0.099,0.018,0.247,0.963
58602.88,-0.099,0.018,0.247,0.963
58603.6,-0.099,0.018,0.247,0.963
58611.63,-0.099,0.018,0.247,0.963
58611.81,-0.099,0.018,0.247,0.963
58611.99,-0.098,0.018,0.247,0.963
58612.17,-0.099,0.018,0.247,0.963
58612.35,-0.098,0.018,0.247,0.963
58612.54,-0.098,0.018,0.247,0.963
58612.72,-0.098,0.018,0.247,0.963
58612.9,-0.099,0.018,0.247,0.963
58613.8,-0.099,0.018,0.247,0.963
58613.27,-0.099,0.018,0.247,0.963
58613.45,-0.099,0.018,0.247,0.963
58613.63,-0.099,0.018,0.247,0.963
58619.64,-0.098,0.018,0.247,0.963
58619.83,-0.098,0.018,0.247,0.963
58620.1,-0.098,0.018,0.247,0.963
58620.19,-0.098,0.018,0.247,0.963
58620.37,-0.099,0.018,0.247,0.963
58620.56,-0.099,0.018,0.247,0.963
58620.74,-0.098,0.018,0.247,0.963
58620.92,-0.098,0.018,0.247,0.963
58621.1,-0.098,0.018,0.247,0.963
58621.28,-0.098,0.018,0.247,0.963
58621.47,-0.098,0.018,0.247,0.963
58621.65,-0.098,0.018,0.247,0.963
58625.66,-0.098,0.018,0.247,0.963
58625.84,-0.098,0.018,0.247,0.963
58626.2,-0.099,0.018,0.247,0.963
58626.2,-0.099,0.018,0.247,0.963
58626.39,-0.099,0.018,0.247,0.963
58626.57,-0.098,0.018,0.247,0.963
58626.75,-0.098,0.018,0.247,0.963
58626.93,-0.098,0.018,0.247,0.963
58627.12,-0.098,0.018,0.247,0.963
58627.3,-0.098,0.018,0.247,0.963
58627.48,-0.098,0.018,0.247,0.963
58635.13,-0.098,0.018,0.247,0.963
58635.32,-0.098,0.018,0.247,0.963
58635.5,-0.098,0.018,0.247,0.963
58635.68,-0.098,0.018,0.247,0.963
58635.86,-0.098,0.018,0.247,0.963
58636.5,-0.098,0.018,0.247,0.963
58636.23,-0.098,0.018,0.247,0.963
58636.41,-0.098,0.018,0.247,0.963
58636.59,-0.098,0.018,0.247,0.963
58636.77,-0.098,0.018,0.247,0.963
58636.96,-0.098,0.018,0.247,0.963
58637.14,-0.098,0.018,0.247,0.963
58638.96,-0.099,0.018,0.247,0.963
58639.14,-0.098,0.018,0.247,0.963
58639.33,-0.099,0.018,0.247,0.963
58639.51,-0.098,0.018,0.247,0.963
58639.69,-0.098,0.018,0.247,0.963
58639.87,-0.098,0.018,0.247,0.963
58640.5,-0.098,0.018,0.247,0.963
58640.24,-0.098,0.018,0.247,0.963
58640.42,-0.098,0.018,0.247,0.963
58640.6,-0.098,0.018,0.247,0.963
58640.78,-0.099,0.018,0.247,0.963
58640.97,-0.098,0.018,0.247,0.963
58650.26,-0.098,0.018,0.247,0.963
58650.44,-0.098,0.018,0.247,0.963
58650.62,-0.098,0.018,0.247,0.963
58650.81,-0.098,0.018,0.247,0.963
58650.99,-0.098,0.018,0.247,0.963
58651.17,-0.098,0.018,0.247,0.963
58651.35,-0.098,0.018,0.247,0.963
58651.54,-0.098,0.018,0.247,0.963
58651.72,-0.098,0.018,0.247,0.963
58651.9,-0.098,0.018,0.247,0.963
58652.8,-0.098,0.018,0.247,0.963
58652.26,-0.098,0.018,0.247,0.963
58652.45,-0.098,0.018,0.247,0.963
58652.63,-0.098,0.018,0.247,0.963
58652.81,-0.098,0.018,0.247,0.963
58652.99,-0.098,0.018,0.247,0.963
58653.18,-0.098,0.018,0.247,0.963
58654.63,-0.098,0.018,0.247,0.963
58654.82,-0.098,0.018,0.247,0.963
58655.0,-0.098,0.018,0.247,0.963
58655.18,-0.098,0.018,0.247,0.963
58655.36,-0.098,0.018,0.247,0.963
58655.54,-0.098,0.018,0.247,0.963
58655.73,-0.098,0.018,0.247,0.963
58655.91,-0.098,0.018,0.247,0.963
58656.9,-0.098,0.018,0.247,0.963
58656.27,-0.098,0.018,0.247,0.963
58656.46,-0.098,0.018,0.247,0.963
58656.64,-0.098,0.018,0.247,0.963
58656.82,-0.098,0.018,0.247,0.963
58657.0,-0.098,0.018,0.247,0.963
58657.19,-0.098,0.018,0.247,0.963
58657.37,-0.098,0.018,0.247,0.963
58657.55,-0.098,0.018,0.247,0.963
58657.73,-0.098,0.018,0.247,0.963
58657.91,-0.098,0.018,0.247,0.963
58658.1,-0.098,0.018,0.247,0.963
58658.28,-0.098,0.018,0.247,0.963
58658.46,-0.098,0.018,0.247,0.963
58658.64,-0.098,0.018,0.247,0.963
58658.83,-0.098,0.018,0.247,0.963
58659.1,-0.098,0.018,0.247,0.963
58659.19,-0.098,0.018,0.247,0.963
58659.37,-0.098,0.018,0.247,0.963
58659.55,-0.098,0.018,0.247,0.963
58659.74,-0.098,0.018,0.247,0.963
58659.92,-0.098,0.018,0.247,0.963
58660.1,-0.098,0.018,0.247,0.963
58667.3,-0.098,0.018,0.246,0.963
58667.21,-0.098,0.018,0.246,0.963
58667.39,-0.098,0.018,0.246,0.963
58667.57,-0.098,0.018,0.246,0.963
58667.76,-0.098,0.018,0.246,0.963
58667.94,-0.098,0.018,0.246,0.963
58668.12,-0.098,0.018,0.246,0.963
58668.3,-0.098,0.018,0.246,0.963
58668.48,-0.098,0.018,0.246,0.963
58668.67,-0.098,0.018,0.246,0.963
58668.85,-0.099,0.018,0.246,0.963
58669.3,-0.099,0.018,0.246,0.963
58669.21,-0.099,0.018,0.246,0.963
58669.4,-0.099,0.018,0.246,0.963
58670.85,-0.099,0.018,0.246,0.963
58671.4,-0.099,0.018,0.246,0.963
58671.22,-0.099,0.018,0.246,0.963
58671.4,-0.099,0.018,0.246,0.963
58671.58,-0.099,0.018,0.246,0.963
58671.77,-0.099,0.018,0.246,0.963
58671.95,-0.099,0.018,0.246,0.963
58672.13,-0.099,0.018,0.246,0.963
58672.31,-0.099,0.018,0.246,0.963
58672.49,-0.098,0.018,0.246,0.963
58672.68,-0.098,0.018,0.246,0.963
58672.86,-0.098,0.018,0.246,0.963
58680.88,-0.099,0.018,0.246,0.963
58681.6,-0.099,0.018,0.246,0.963
58681.24,-0.098,0.018,0.246,0.963
58681.43,-0.098,0.018,0.246,0.963
58681.61,-0.098,0.018,0.246,0.963
58681.79,-0.098,0.018,0.247,0.963
58681.97,-0.098,0.018,0.247,0.963
58682.16,-0.098,0.018,0.247,0.963
58682.34,-0.098,0.018,0.247,0.963
58682.52,-0.098,0.018,0.247,0.963
58682.7,-0.098,0.018,0.247,0.963
58682.88,-0.098,0.018,0.247,0.963
58683.7,-0.098,0.018,0.247,0.963
58683.25,-0.098,0.018,0.247,0.963
58683.43,-0.098,0.018,0.247,0.963
58683.61,-0.098,0.018,0.247,0.963
58683.8,-0.098,0.018,0.247,0.963
58683.98,-0.098,0.018,0.247,0.963
58684.16,-0.098,0.018,0.247,0.963
58684.34,-0.098,0.018,0.247,0.963
58684.52,-0.099,0.018,0.247,0.963
58684.71,-0.099,0.018,0.246,0.963
58684.89,-0.099,0.018,0.246,0.963
58685.7,-0.099,0.018,0.246,0.963
58685.25,-0.099,0.018,0.246,0.963
58688.35,-0.098,0.018,0.247,0.963
58688.53,-0.098,0.018,0.247,0.963
58688.72,-0.098,0.018,0.247,0.963
58688.9,-0.098,0.018,0.247,0.963
58689.8,-0.098,0.018,0.247,0.963
58689.26,-0.098,0.018,0.247,0.963
58689.45,-0.098,0.018,0.247,0.963
58689.63,-0.098,0.018,0.247,0.963
58689.81,-0.098,0.018,0.247,0.963
58689.99,-0.098,0.018,0.246,0.963
58690.17,-0.098,0.018,0.247,0.963
58690.36,-0.098,0.018,0.247,0.963
58690.54,-0.098,0.018,0.246,0.963
58690.72,-0.098,0.018,0.247,0.963
58690.9,-0.098,0.018,0.247,0.963
58691.9,-0.099,0.018,0.246,0.963
58691.27,-0.099,0.018,0.246,0.963
58691.45,-0.099,0.018,0.246,0.963
58691.63,-0.099,0.018,0.246,0.963
58691.82,-0.099,0.018,0.247,0.963
58692.0,-0.099,0.018,0.247,0.963
58692.18,-0.099,0.018,0.246,0.963
58692.36,-0.099,0.018,0.247,0.963
58692.54,-0.099,0.018,0.247,0.963
58692.73,-0.099,0.018,0.247,0.963
58692.91,-0.099,0.018,0.247,0.963
58693.9,-0.099,0.018,0.247,0.963
58693.27,-0.099,0.018,0.247,0.963
58693.46,-0.099,0.018,0.247,0.963
58693.64,-0.099,0.018,0.247,0.963
58693.82,-0.099,0.018,0.247,0.963
58694.91,-0.098,0.018,0.247,0.963
58695.1,-0.098,0.018,0.247,0.963
58695.28,-0.098,0.018,0.247,0.963
58695.46,-0.098,0.018,0.246,0.963
58695.64,-0.098,0.018,0.246,0.963
58695.82,-0.098,0.018,0.246,0.963
58696.1,-0.098,0.018,0.246,0.963
58696.19,-0.099,0.018,0.246,0.963
58696.37,-0.099,0.018,0.246,0.963
58696.55,-0.099,0.018,0.246,0.963
58696.74,-0.099,0.018,0.246,0.963
58696.92,-0.099,0.018,0.246,0.963
58702.57,-0.098,0.018,0.247,0.963
58702.75,-0.098,0.018,0.247,0.963
58702.93,-0.098,0.018,0.247,0.963
58703.11,-0.098,0.018,0.247,0.963
58703.3,-0.098,0.018,0.247,0.963
58703.48,-0.098,0.018,0.247,0.963
58703.66,-0.098,0.018,0.247,0.963
58703.84,-0.098,0.018,0.246,0.963
58704.3,-0.098,0.018,0.247,0.963
58704.21,-0.098,0.018,0.247,0.963
58704.39,-0.098,0.018,0.247,0.963
58704.57,-0.098,0.018,0.247,0.963
58704.75,-0.098,0.018,0.247,0.963
58704.94,-0.098,0.018,0.247,0.963
58705.12,-0.098,0.018,0.247,0.963
58705.3,-0.098,0.018,0.247,0.963
58705.48,-0.098,0.018,0.247,0.963
58705.67,-0.098,0.018,0.247,0.963
58705.85,-0.098,0.018,0.247,0.963
58706.3,-0.098,0.018,0.247,0.963
58706.21,-0.098,0.018,0.247,0.963
58706.4,-0.098,0.018,0.247,0.963
58706.58,-0.098,0.018,0.247,0.963
58706.76,-0.098,0.018,0.247,0.963
58707.49,-0.098,0.018,0.247,0.963
58707.67,-0.098,0.018,0.247,0.963
58707.85,-0.098,0.018,0.247,0.963
58708.4,-0.098,0.018,0.247,0.963
58708.22,-0.098,0.018,0.247,0.963
58708.4,-0.098,0.018,0.247,0.963
58708.58,-0.098,0.018,0.247,0.963
58708.76,-0.098,0.018,0.247,0.963
58708.95,-0.098,0.018,0.247,0.963
58709.13,-0.098,0.018,0.247,0.963
58709.31,-0.098,0.018,0.247,0.963
58709.49,-0.098,0.018,0.247,0.963
58709.68,-0.098,0.018,0.247,0.963
58709.86,-0.098,0.018,0.247,0.963
58710.4,-0.098,0.018,0.247,0.963
58710.22,-0.098,0.018,0.247,0.963
58710.4,-0.098,0.018,0.247,0.963
58710.59,-0.098,0.018,0.247,0.963
58710.77,-0.098,0.018,0.247,0.963
58710.95,-0.098,0.018,0.247,0.963
58711.13,-0.098,0.018,0.247,0.963
58713.32,-0.098,0.018,0.247,0.963
58713.5,-0.098,0.018,0.247,0.963
58713.69,-0.098,0.018,0.247,0.963
58713.87,-0.098,0.018,0.247,0.963
58714.5,-0.098,0.018,0.247,0.963
58714.23,-0.098,0.018,0.247,0.963
58714.41,-0.098,0.018,0.247,0.963
58714.6,-0.098,0.018,0.246,0.963
58714.78,-0.098,0.018,0.247,0.963
58714.96,-0.098,0.018,0.247,0.963
58715.14,-0.098,0.018,0.247,0.963
58722.8,-0.099,0.018,0.247,0.963
58722.98,-0.098,0.018,0.247,0.963
58723.16,-0.098,0.018,0.247,0.963
58723.35,-0.098,0.018,0.247,0.963
58723.53,-0.098,0.018,0.247,0.963
58723.71,-0.098,0.018,0.247,0.963
58723.89,-0.098,0.018,0.247,0.963
58724.8,-0.098,0.018,0.247,0.963
58724.26,-0.098,0.018,0.247,0.963
58724.44,-0.098,0.018,0.247,0.963
58724.62,-0.098,0.018,0.247,0.963
58724.81,-0.098,0.018,0.247,0.963
58730.64,-0.098,0.018,0.247,0.963
58730.82,-0.098,0.018,0.247,0.963
58731.0,-0.098,0.018,0.247,0.963
58731.19,-0.098,0.018,0.247,0.963
58731.37,-0.098,0.018,0.247,0.963
58731.55,-0.098,0.018,0.247,0.963
58731.73,-0.098,0.018,0.247,0.963
58731.91,-0.098,0.018,0.247,0.963
58732.1,-0.098,0.018,0.247,0.963
58732.28,-0.098,0.018,0.247,0.963
58732.46,-0.098,0.018,0.247,0.963
58737.93,-0.098,0.018,0.247,0.963
58738.11,-0.098,0.018,0.247,0.963
58738.29,-0.098,0.018,0.247,0.963
58738.48,-0.098,0.018,0.247,0.963
58738.66,-0.098,0.018,0.247,0.963
58738.84,-0.098,0.018,0.247,0.963
58739.2,-0.098,0.018,0.247,0.963
58739.2,-0.098,0.018,0.247,0.963
58739.39,-0.098,0.018,0.247,0.963
58739.57,-0.098,0.018,0.247,0.963
58743.4,-0.098,0.018,0.247,0.963
58743.58,-0.098,0.018,0.247,0.963
58743.76,-0.098,0.018,0.247,0.963
58743.94,-0.098,0.018,0.247,0.963
58744.13,-0.098,0.018,0.247,0.963
58744.31,-0.098,0.018,0.247,0.963
58744.49,-0.098,0.018,0.247,0.963
58744.67,-0.098,0.018,0.247,0.963
58744.86,-0.098,0.018,0.247,0.963
58745.4,-0.098,0.018,0.247,0.963
58745.22,-0.098,0.018,0.247,0.963
58747.59,-0.098,0.018,0.247,0.963
58747.77,-0.098,0.018,0.247,0.963
58747.95,-0.098,0.018,0.247,0.963
58748.14,-0.098,0.018,0.247,0.963
58748.32,-0.098,0.018,0.247,0.963
58748.5,-0.098,0.018,0.247,0.963
58748.68,-0.098,0.018,0.247,0.963
58748.87,-0.098,0.018,0.247,0.963
58749.5,-0.098,0.018,0.247,0.963
58749.23,-0.098,0.018,0.247,0.963
58749.41,-0.098,0.018,0.247,0.963
58749.6,-0.098,0.018,0.247,0.963
58749.78,-0.098,0.018,0.247,0.963
58749.96,-0.098,0.018,0.247,0.963
58750.14,-0.098,0.018,0.247,0.963
58750.32,-0.098,0.018,0.247,0.963
58750.51,-0.098,0.018,0.247,0.963
58750.69,-0.098,0.018,0.247,0.963
58750.87,-0.098,0.018,0.247,0.963
58751.5,-0.098,0.018,0.247,0.963
58751.24,-0.098,0.018,0.247,0.963
58751.42,-0.098,0.018,0.247,0.963
58751.6,-0.098,0.018,0.247,0.963
58751.78,-0.098,0.018,0.247,0.963
58751.97,-0.098,0.018,0.247,0.963
58752.15,-0.098,0.018,0.247,0.963
58752.33,-0.098,0.018,0.247,0.963
58753.24,-0.098,0.018,0.247,0.963
58753.42,-0.098,0.018,0.247,0.963
58753.61,-0.098,0.018,0.247,0.963
58753.79,-0.098,0.018,0.247,0.963
58753.97,-0.098,0.018,0.247,0.963
58754.15,-0.098,0.018,0.247,0.963
58754.34,-0.098,0.018,0.247,0.963
58754.52,-0.098,0.018,0.247,0.963
58754.7,-0.098,0.018,0.247,0.963
58754.88,-0.098,0.018,0.247,0.963
58755.6,-0.098,0.018,0.247,0.963
58766.0,-0.098,0.018,0.247,0.963
58766.18,-0.098,0.018,0.247,0.963
58766.37,-0.098,0.018,0.247,0.963
58766.55,-0.098,0.018,0.247,0.963
58766.73,-0.098,0.018,0.247,0.963
58766.91,-0.098,0.018,0.247,0.963
58767.1,-0.098,0.018,0.247,0.963
58767.28,-0.098,0.018,0.247,0.963
58767.46,-0.098,0.018,0.247,0.963
58767.64,-0.098,0.018,0.247,0.963
58767.82,-0.098,0.018,0.247,0.963
58768.1,-0.098,0.018,0.247,0.963
58768.19,-0.098,0.018,0.247,0.963
58768.37,-0.098,0.018,0.247,0.963
58768.55,-0.098,0.018,0.247,0.963
58768.74,-0.098,0.018,0.247,0.963
58768.92,-0.098,0.018,0.247,0.963
58769.1,-0.098,0.018,0.247,0.963
58769.28,-0.098,0.018,0.247,0.963
58769.46,-0.098,0.018,0.247,0.963
58769.65,-0.098,0.018,0.247,0.963
58769.83,-0.098,0.018,0.247,0.963
58770.1,-0.098,0.018,0.247,0.963
58770.19,-0.098,0.018,0.247,0.963
58770.38,-0.098,0.018,0.247,0.963
58770.56,-0.098,0.018,0.247,0.963
58770.74,-0.098,0.018,0.247,0.963
58770.92,-0.098,0.018,0.247,0.963
58771.11,-0.098,0.018,0.247,0.963
58771.47,-0.098,0.018,0.247,0.963
58771.65,-0.098,0.018,0.247,0.963
58771.83,-0.098,0.018,0.247,0.963
58772.2,-0.098,0.018,0.247,0.963
58772.2,-0.098,0.018,0.247,0.963
58772.38,-0.098,0.018,0.247,0.963
58772.56,-0.098,0.018,0.247,0.963
58772.75,-0.098,0.018,0.247,0.963
58772.93,-0.098,0.018,0.247,0.963
58773.11,-0.098,0.018,0.247,0.963
58773.29,-0.098,0.018,0.247,0.963
58781.13,-0.098,0.018,0.247,0.963
58781.31,-0.098,0.018,0.247,0.963
58781.5,-0.098,0.018,0.247,0.963
58781.68,-0.098,0.018,0.247,0.963
58781.86,-0.098,0.018,0.247,0.963
58782.4,-0.098,0.018,0.247,0.963
58782.22,-0.098,0.018,0.247,0.963
58782.41,-0.098,0.018,0.247,0.963
58782.59,-0.098,0.018,0.247,0.963
58782.77,-0.098,0.018,0.247,0.963
58782.95,-0.098,0.018,0.247,0.963
58783.14,-0.098,0.018,0.247,0.963
58783.32,-0.098,0.018,0.247,0.963
58783.5,-0.098,0.018,0.247,0.963
58783.68,-0.098,0.018,0.247,0.963
58783.87,-0.098,0.018,0.247,0.963
58784.5,-0.098,0.018,0.247,0.963
58784.23,-0.098,0.018,0.247,0.963
58784.41,-0.098,0.018,0.247,0.963
58784.59,-0.098,0.018,0.247,0.963
58784.78,-0.098,0.018,0.247,0.963
58784.96,-0.098,0.018,0.247,0.963
58785.14,-0.098,0.018,0.247,0.963
58785.32,-0.099,0.018,0.247,0.963
58785.51,-0.098,0.018,0.247,0.963
58785.69,-0.099,0.018,0.247,0.963
58785.87,-0.099,0.018,0.247,0.963
58786.5,-0.099,0.018,0.247,0.963
58794.98,-0.098,0.018,0.247,0.963
58795.17,-0.099,0.018,0.247,0.963
58795.35,-0.099,0.018,0.247,0.963
58795.53,-0.099,0.018,0.247,0.963
58795.71,-0.099,0.018,0.247,0.963
58795.9,-0.099,0.018,0.247,0.963
58796.8,-0.099,0.018,0.247,0.963
58796.26,-0.099,0.018,0.247,0.963
58796.44,-0.099,0.018,0.247,0.963
58796.62,-0.099,0.018,0.247,0.963
58796.81,-0.099,0.018,0.247,0.963
58796.99,-0.099,0.018,0.247,0.963
58797.17,-0.098,0.018,0.247,0.963
58797.35,-0.099,0.018,0.247,0.963
58797.54,-0.098,0.018,0.247,0.963
58797.72,-0.099,0.018,0.247,0.963
58797.9,-0.099,0.018,0.247,0.963
58798.8,-0.099,0.018,0.247,0.963
58798.27,-0.099,0.018,0.247,0.963
58798.45,-0.099,0.018,0.247,0.963
58798.63,-0.099,0.018,0.247,0.963
58798.81,-0.099,0.018,0.247,0.963
58801.0,-0.098,0.018,0.247,0.963
58801.18,-0.098,0.018,0.247,0.963
58801.36,-0.099,0.018,0.247,0.963
58801.55,-0.099,0.018,0.247,0.963
58801.73,-0.099,0.018,0.247,0.963
58801.91,-0.099,0.018,0.247,0.963
58802.9,-0.098,0.018,0.247,0.963
58802.28,-0.098,0.018,0.247,0.963
58802.46,-0.098,0.018,0.247,0.963
58802.64,-0.098,0.018,0.247,0.963
58802.82,-0.098,0.018,0.247,0.963
58811.94,-0.098,0.018,0.247,0.963
58812.12,-0.098,0.018,0.247,0.963
58812.3,-0.098,0.018,0.247,0.963
58812.48,-0.098,0.018,0.247,0.963
58812.66,-0.098,0.018,0.247,0.963
58812.85,-0.098,0.018,0.247,0.963
58813.3,-0.098,0.018,0.247,0.963
58813.21,-0.098,0.018,0.247,0.963
58813.39,-0.098,0.018,0.247,0.963
58813.58,-0.098,0.018,0.247,0.963
58813.76,-0.098,0.018,0.247,0.963
58820.87,-0.098,0.018,0.247,0.963
58821.5,-0.098,0.018,0.247,0.963
58821.23,-0.098,0.018,0.247,0.963
58821.41,-0.098,0.018,0.247,0.963
58821.6,-0.098,0.018,0.247,0.963
58821.78,-0.098,0.018,0.247,0.963
58821.96,-0.098,0.018,0.247,0.963
58822.14,-0.098,0.018,0.247,0.963
58822.32,-0.098,0.018,0.247,0.963
58822.51,-0.098,0.018,0.247,0.963
58822.69,-0.098,0.018,0.247,0.963
58830.89,-0.098,0.018,0.247,0.963
58831.7,-0.098,0.018,0.247,0.963
58831.26,-0.098,0.018,0.247,0.963
58831.44,-0.098,0.018,0.247,0.963
58831.62,-0.098,0.018,0.247,0.963
58831.8,-0.098,0.018,0.247,0.963
58831.98,-0.098,0.018,0.247,0.963
58832.17,-0.098,0.018,0.247,0.963
58832.35,-0.098,0.018,0.247,0.963
58832.53,-0.098,0.018,0.247,0.963
58832.71,-0.098,0.018,0.247,0.963
58838.0,-0.098,0.018,0.247,0.963
58838.18,-0.098,0.018,0.247,0.963
58838.36,-0.098,0.018,0.247,0.963
58838.55,-0.098,0.018,0.247,0.963
58838.73,-0.098,0.018,0.247,0.963
58838.91,-0.098,0.018,0.247,0.963
58839.9,-0.098,0.018,0.247,0.963
58839.28,-0.098,0.018,0.247,0.963
58839.46,-0.098,0.018,0.247,0.963
58839.64,-0.098,0.018,0.247,0.963
58846.2,-0.098,0.018,0.247,0.963
58846.2,-0.099,0.018,0.247,0.963
58846.38,-0.098,0.018,0.247,0.963
58846.57,-0.098,0.018,0.247,0.963
58846.75,-0.098,0.018,0.247,0.963
58846.93,-0.098,0.018,0.247,0.963
58847.11,-0.098,0.018,0.247,0.963
58847.3,-0.098,0.018,0.247,0.963
58847.48,-0.099,0.018,0.247,0.963
58847.66,-0.099,0.018,0.247,0.963
58847.84,-0.098,0.017,0.247,0.963
58849.12,-0.098,0.018,0.247,0.963
58849.3,-0.098,0.018,0.247,0.963
58849.48,-0.098,0.018,0.247,0.963
58849.67,-0.098,0.018,0.247,0.963
58849.85,-0.098,0.018,0.247,0.963
58850.3,-0.098,0.018,0.247,0.963
58850.21,-0.098,0.018,0.247,0.963
58850.39,-0.098,0.018,0.247,0.963
58850.58,-0.098,0.018,0.247,0.963
58850.76,-0.098,0.018,0.247,0.963
58850.94,-0.098,0.018,0.247,0.963
58857.87,-0.099,0.018,0.247,0.963
58858.5,-0.099,0.018,0.247,0.963
58858.23,-0.099,0.018,0.247,0.963
58858.41,-0.099,0.018,0.247,0.963
58858.6,-0.099,0.018,0.247,0.963
58858.78,-0.098,0.018,0.247,0.963
58858.96,-0.098,0.018,0.247,0.963
58859.14,-0.098,0.018,0.247,0.963
58859.33,-0.098,0.018,0.247,0.963
58859.51,-0.098,0.018,0.247,0.963
58859.69,-0.098,0.018,0.247,0.963
58859.87,-0.099,0.018,0.247,0.963
58860.6,-0.098,0.018,0.247,0.963
58860.24,-0.098,0.018,0.247,0.963
58860.42,-0.098,0.018,0.247,0.963
58860.6,-0.098,0.018,0.247,0.963
58860.78,-0.099,0.018,0.247,0.963
58860.97,-0.099,0.018,0.247,0.963
58861.15,-0.099,0.018,0.247,0.963
58861.33,-0.099,0.018,0.247,0.963
58861.51,-0.099,0.018,0.247,0.963
58861.7,-0.099,0.018,0.247,0.963
58869.53,-0.098,0.018,0.247,0.963
58869.72,-0.098,0.018,0.247,0.963
58869.9,-0.098,0.018,0.247,0.963
58870.8,-0.098,0.018,0.247,0.963
58870.26,-0.098,0.018,0.247,0.963
58870.45,-0.098,0.018,0.247,0.963
58870.63,-0.098,0.018,0.247,0.963
58870.81,-0.098,0.018,0.247,0.963
58870.99,-0.098,0.018,0.247,0.963
58871.17,-0.098,0.018,0.247,0.963
58871.36,-0.098,0.018,0.247,0.963
58871.54,-0.098,0.018,0.247,0.963
58871.72,-0.098,0.018,0.247,0.963
58871.9,-0.098,0.018,0.247,0.963
58872.9,-0.098,0.018,0.247,0.963
58872.27,-0.098,0.018,0.247,0.963
58872.45,-0.098,0.018,0.247,0.963
58872.63,-0.098,0.018,0.247,0.963
58872.82,-0.098,0.018,0.247,0.963
58873.0,-0.098,0.018,0.247,0.963
58873.18,-0.098,0.018,0.247,0.963
58873.36,-0.098,0.018,0.247,0.963
58873.54,-0.098,0.018,0.247,0.963
58873.73,-0.098,0.018,0.247,0.963
58873.91,-0.098,0.018,0.247,0.963
58881.56,-0.098,0.018,0.247,0.963
58881.75,-0.098,0.018,0.247,0.963
58881.93,-0.099,0.018,0.247,0.963
58882.11,-0.098,0.018,0.247,0.963
58882.29,-0.098,0.018,0.247,0.963
58882.48,-0.098,0.018,0.247,0.963
58882.66,-0.098,0.018,0.247,0.963
58882.84,-0.098,0.018,0.247,0.963
58883.2,-0.098,0.018,0.247,0.963
58883.2,-0.098,0.018,0.247,0.963
58883.39,-0.098,0.018,0.247,0.963
58892.14,-0.098,0.018,0.247,0.963
58892.32,-0.098,0.018,0.247,0.963
58892.5,-0.098,0.018,0.247,0.963
58892.68,-0.098,0.018,0.247,0.963
58892.86,-0.098,0.018,0.247,0.963
58893.5,-0.098,0.018,0.247,0.963
58893.23,-0.098,0.018,0.247,0.963
58893.41,-0.099,0.018,0.247,0.963
58893.59,-0.098,0.018,0.247,0.963
58893.78,-0.098,0.018,0.247,0.963
58893.96,-0.098,0.018,0.247,0.963
58894.14,-0.098,0.018,0.247,0.963
58903.7,-0.098,0.018,0.247,0.963
58903.26,-0.098,0.018,0.247,0.963
58903.44,-0.098,0.018,0.247,0.963
58903.62,-0.098,0.018,0.247,0.963
58903.8,-0.098,0.018,0.247,0.963
58903.98,-0.098,0.018,0.247,0.963
58904.17,-0.098,0.018,0.247,0.963
58904.35,-0.098,0.018,0.247,0.963
58904.53,-0.098,0.018,0.247,0.963
58914.19,-0.099,0.018,0.247,0.963
58914.37,-0.099,0.018,0.247,0.963
58914.56,-0.098,0.018,0.247,0.963
58914.74,-0.098,0.018,0.247,0.963
58914.92,-0.098,0.018,0.247,0.963
58915.1,-0.098,0.018,0.247,0.963
58915.29,-0.098,0.018,0.247,0.963
58915.47,-0.098,0.018,0.247,0.963
58915.65,-0.098,0.018,0.247,0.963
58915.83,-0.098,0.018,0.247,0.963
58916.1,-0.098,0.018,0.247,0.963
58916.2,-0.098,0.018,0.247,0.963
58916.38,-0.098,0.018,0.247,0.963
58916.56,-0.098,0.018,0.247,0.963
58916.74,-0.098,0.018,0.247,0.963
58917.84,-0.098,0.018,0.247,0.963
58918.2,-0.099,0.018,0.247,0.963
58918.2,-0.099,0.018,0.247,0.963
58918.38,-0.098,0.018,0.247,0.963
58918.57,-0.098,0.018,0.246,0.963
58918.75,-0.098,0.018,0.246,0.963
58918.93,-0.099,0.018,0.246,0.963
58924.95,-0.098,0.018,0.247,0.963
58925.13,-0.098,0.018,0.247,0.963
58925.31,-0.098,0.018,0.247,0.963
58925.49,-0.098,0.018,0.247,0.963
58925.68,-0.098,0.018,0.247,0.963
58925.86,-0.098,0.018,0.247,0.963
58926.4,-0.098,0.018,0.247,0.963
58926.22,-0.098,0.018,0.247,0.963
58926.41,-0.098,0.018,0.247,0.963
58926.59,-0.098,0.018,0.247,0.963
58926.77,-0.098,0.018,0.247,0.963
58926.95,-0.098,0.018,0.247,0.963
58927.13,-0.098,0.018,0.247,0.963
58927.32,-0.098,0.018,0.247,0.963
58927.5,-0.098,0.018,0.247,0.963
58927.68,-0.098,0.018,0.247,0.963
58931.14,-0.098,0.018,0.247,0.963
58931.33,-0.098,0.018,0.247,0.963
58931.51,-0.098,0.018,0.247,0.963
58931.69,-0.098,0.018,0.247,0.963
58931.87,-0.098,0.018,0.247,0.963
58932.6,-0.098,0.018,0.247,0.963
58932.24,-0.098,0.018,0.247,0.963
58932.42,-0.098,0.018,0.247,0.963
58932.6,-0.098,0.018,0.247,0.963
58932.79,-0.098,0.018,0.247,0.963
58932.97,-0.098,0.018,0.247,0.963
58933.15,-0.098,0.018,0.247,0.963
58933.33,-0.098,0.018,0.247,0.963
58938.62,-0.098,0.018,0.247,0.963
58938.8,-0.098,0.018,0.247,0.963
58938.98,-0.098,0.018,0.247,0.963
58939.17,-0.098,0.018,0.247,0.963
58939.35,-0.098,0.018,0.247,0.963
58939.53,-0.099,0.018,0.247,0.963
58939.71,-0.098,0.018,0.247,0.963
58939.89,-0.098,0.018,0.247,0.963
58940.8,-0.098,0.018,0.247,0.963
58940.26,-0.098,0.018,0.247,0.963
58940.44,-0.098,0.018,0.247,0.963
58942.99,-0.098,0.018,0.247,0.963
58943.18,-0.098,0.018,0.247,0.963
58943.36,-0.098,0.018,0.247,0.963
58943.54,-0.098,0.018,0.247,0.963
58943.72,-0.098,0.018,0.247,0.963
58943.91,-0.098,0.018,0.247,0.963
58944.9,-0.098,0.018,0.247,0.963
58944.27,-0.098,0.018,0.247,0.963
58953.75,-0.098,0.018,0.247,0.963
58953.93,-0.098,0.018,0.247,0.963
58954.11,-0.098,0.018,0.247,0.963
58954.3,-0.098,0.018,0.247,0.963
58954.48,-0.098,0.018,0.247,0.963
58954.66,-0.098,0.018,0.247,0.963
58954.84,-0.098,0.018,0.247,0.963
58955.2,-0.098,0.018,0.247,0.963
58957.94,-0.098,0.018,0.247,0.963
58958.12,-0.098,0.018,0.247,0.963
58958.31,-0.098,0.018,0.247,0.963
58958.49,-0.098,0.018,0.247,0.963
58958.67,-0.098,0.018,0.247,0.963
58958.85,-0.098,0.018,0.247,0.963
58959.3,-0.098,0.018,0.247,0.963
58959.22,-0.098,0.018,0.247,0.963
58959.4,-0.098,0.018,0.247,0.963
58959.58,-0.098,0.018,0.247,0.963
58959.76,-0.098,0.018,0.247,0.963
58959.95,-0.098,0.018,0.247,0.963
58960.13,-0.098,0.018,0.247,0.963
58960.31,-0.098,0.018,0.247,0.963
58960.49,-0.098,0.018,0.247,0.963
58960.67,-0.098,0.018,0.247,0.963
58960.86,-0.098,0.018,0.247,0.963
58961.4,-0.098,0.018,0.247,0.963
58961.22,-0.098,0.018,0.247,0.963
58961.4,-0.098,0.018,0.247,0.963
58961.59,-0.098,0.018,0.247,0.963
58964.14,-0.098,0.018,0.247,0.963
58964.32,-0.098,0.018,0.247,0.963
58964.5,-0.098,0.018,0.247,0.963
58964.68,-0.098,0.018,0.247,0.963
58964.87,-0.098,0.018,0.247,0.963
58965.5,-0.098,0.018,0.247,0.963
58965.23,-0.098,0.018,0.247,0.963
58965.41,-0.098,0.018,0.247,0.963
58965.6,-0.098,0.018,0.247,0.963
58965.78,-0.098,0.018,0.247,0.963
58965.96,-0.098,0.018,0.247,0.963
58966.14,-0.098,0.018,0.247,0.963
58966.32,-0.098,0.018,0.247,0.963
58966.51,-0.098,0.018,0.247,0.963
58969.6,-0.098,0.018,0.247,0.963
58969.79,-0.098,0.018,0.247,0.963
58969.97,-0.098,0.018,0.247,0.963
58970.15,-0.098,0.018,0.247,0.963
58970.33,-0.098,0.018,0.247,0.963
58970.52,-0.098,0.018,0.247,0.963
58970.7,-0.098,0.018,0.247,0.963
58970.88,-0.098,0.018,0.247,0.963
58970978.9,-0.098,0.018,0.247,0.963
58979.8,-0.098,0.018,0.247,0.963
58979.26,-0.098,0.018,0.247,0.963
58979.45,-0.098,0.018,0.247,0.963
58979.63,-0.098,0.018,0.247,0.963
58979.81,-0.098,0.018,0.247,0.963
58979.99,-0.098,0.018,0.247,0.963
58980.17,-0.098,0.018,0.247,0.963
58985.64,-0.098,0.018,0.247,0.963
58985.82,-0.098,0.018,0.247,0.963
58986.1,-0.098,0.018,0.247,0.963
58986.19,-0.098,0.018,0.247,0.963
58986.37,-0.098,0.018,0.247,0.963
58986.55,-0.098,0.018,0.247,0.963
58986.74,-0.098,0.018,0.247,0.963
58986.92,-0.098,0.018,0.247,0.963
58987.1,-0.098,0.018,0.247,0.963
58987.28,-0.098,0.018,0.247,0.963
58987.47,-0.098,0.018,0.247,0.963
58987.65,-0.098,0.018,0.247,0.963
58989.11,-0.098,0.018,0.247,0.963
58989.29,-0.098,0.018,0.247,0.963
58989.47,-0.098,0.018,0.247,0.963
58989.65,-0.098,0.018,0.247,0.963
58989.83,-0.098,0.018,0.247,0.963
58990.2,-0.098,0.018,0.247,0.963
58990.2,-0.098,0.018,0.247,0.963
58990.38,-0.098,0.018,0.247,0.963
58990.56,-0.098,0.018,0.247,0.963
58991.66,-0.098,0.018,0.247,0.963
58991.84,-0.098,0.018,0.247,0.963
58992.2,-0.098,0.018,0.247,0.963
58992.2,-0.098,0.018,0.247,0.963
58992.39,-0.098,0.018,0.247,0.963
58992.57,-0.098,0.018,0.247,0.963
58992.75,-0.098,0.018,0.247,0.963
58992.93,-0.098,0.018,0.247,0.963
58993.11,-0.098,0.018,0.247,0.963
58993.3,-0.098,0.018,0.247,0.963
58993.48,-0.098,0.018,0.247,0.963
58994.3,-0.098,0.018,0.247,0.963
58994.21,-0.098,0.018,0.247,0.963
58994.39,-0.098,0.018,0.247,0.963
58994.57,-0.098,0.018,0.247,0.963
58994.75,-0.098,0.018,0.247,0.963
58994.94,-0.098,0.018,0.247,0.963
58995.12,-0.098,0.018,0.247,0.963
58995.3,-0.098,0.018,0.247,0.963
58995.48,-0.098,0.018,0.247,0.963
58995.67,-0.098,0.018,0.247,0.963
58995.85,-0.098,0.018,0.247,0.963
58996.3,-0.098,0.018,0.247,0.963
58996.21,-0.098,0.018,0.247,0.963
58999.31,-0.099,0.018,0.247,0.963
58999.49,-0.099,0.018,0.247,0.963
58999.68,-0.098,0.018,0.247,0.963
58999.86,-0.099,0.017,0.247,0.963
59000.4,-0.099,0.018,0.247,0.963
59000.22,-0.099,0.018,0.247,0.963
59000.4,-0.099,0.018,0.247,0.963
59000.59,-0.099,0.018,0.247,0.963
59000.77,-0.099,0.018,0.247,0.963
59000.95,-0.099,0.018,0.247,0.963
59001.13,-0.099,0.018,0.247,0.963
59001.32,-0.098,0.018,0.247,0.963
59004.78,-0.098,0.018,0.247,0.963
59004.96,-0.098,0.018,0.247,0.963
59005.14,-0.098,0.018,0.247,0.963
59005.33,-0.098,0.018,0.247,0.963
59005.51,-0.098,0.018,0.247,0.963
59005.69,-0.098,0.018,0.247,0.963
59005.87,-0.098,0.018,0.247,0.963
59006.6,-0.098,0.018,0.247,0.963
59006.24,-0.098,0.018,0.247,0.963
59006.42,-0.098,0.018,0.247,0.963
59006.6,-0.098,0.018,0.247,0.963
59006.78,-0.098,0.018,0.247,0.963
59006.97,-0.098,0.018,0.247,0.963
59007.15,-0.098,0.018,0.247,0.963
59007.33,-0.098,0.018,0.247,0.963
59007.51,-0.098,0.018,0.247,0.963
59007.7,-0.098,0.018,0.247,0.963
59007.88,-0.098,0.018,0.247,0.963
59008.6,-0.098,0.018,0.247,0.963
59008.24,-0.098,0.018,0.247,0.963
59008.42,-0.098,0.018,0.247,0.963
59008.61,-0.098,0.018,0.247,0.963
59008.79,-0.098,0.018,0.247,0.963
59008.97,-0.098,0.018,0.247,0.963
59009.15,-0.098,0.018,0.247,0.963
59009.34,-0.098,0.018,0.247,0.963
59009.52,-0.098,0.018,0.247,0.963
59009.7,-0.098,0.018,0.247,0.963
59009.88,-0.098,0.018,0.247,0.963
59010.7,-0.098,0.018,0.247,0.963
59010.25,-0.098,0.018,0.247,0.963
59010.43,-0.098,0.018,0.247,0.963
59010.61,-0.098,0.018,0.247,0.963
59010.79,-0.098,0.018,0.247,0.963
59010.98,-0.098,0.018,0.247,0.963
59011.16,-0.098,0.018,0.247,0.963
59011.34,-0.098,0.018,0.247,0.963
59011.52,-0.098,0.018,0.247,0.963
59013.53,-0.098,0.018,0.247,0.963
59013.71,-0.098,0.018,0.247,0.963
59013.89,-0.098,0.018,0.247,0.963
59014.8,-0.098,0.018,0.247,0.963
59014.26,-0.099,0.018,0.247,0.963
59014.44,-0.098,0.018,0.247,0.963
59014.62,-0.098,0.018,0.247,0.963
59023.37,-0.098,0.018,0.247,0.963
59023.55,-0.098,0.018,0.247,0.963
59023.74,-0.098,0.018,0.247,0.963
59023.92,-0.098,0.018,0.247,0.963
59024.1,-0.099,0.018,0.247,0.963
59024.28,-0.098,0.018,0.247,0.963
59024.47,-0.098,0.018,0.247,0.963
59024.65,-0.098,0.018,0.247,0.963
59033.58,-0.098,0.018,0.247,0.963
59033.76,-0.098,0.018,0.247,0.963
59033.95,-0.098,0.018,0.247,0.963
59034.13,-0.098,0.018,0.247,0.963
59034.31,-0.098,0.018,0.247,0.963
59034.49,-0.098,0.018,0.247,0.963
59034.67,-0.098,0.018,0.247,0.963
59034.86,-0.098,0.018,0.247,0.963
59035.4,-0.098,0.018,0.247,0.963
59035.22,-0.098,0.018,0.247,0.963
59035.4,-0.098,0.018,0.247,0.963
59037.96,-0.098,0.018,0.247,0.963
59038.14,-0.098,0.018,0.247,0.963
59038.32,-0.098,0.018,0.247,0.963
59038.5,-0.098,0.018,0.247,0.963
59038.68,-0.098,0.018,0.247,0.963
59038.87,-0.098,0.018,0.247,0.963
59039.5,-0.098,0.018,0.247,0.963
59039.23,-0.098,0.018,0.247,0.963
59049.99,-0.098,0.018,0.247,0.963
59050.17,-0.098,0.018,0.247,0.963
59050.35,-0.098,0.018,0.247,0.963
59050.53,-0.098,0.018,0.247,0.963
59050.72,-0.098,0.018,0.247,0.963
59050.9,-0.098,0.018,0.247,0.963
59051.8,-0.098,0.018,0.247,0.963
59051.26,-0.098,0.018,0.247,0.963
59058.55,-0.098,0.018,0.247,0.963
59058.73,-0.098,0.018,0.247,0.963
59058.92,-0.098,0.018,0.247,0.963
59059.1,-0.098,0.018,0.247,0.963
59059.28,-0.099,0.018,0.247,0.963
59059.46,-0.099,0.018,0.247,0.963
59059.65,-0.098,0.018,0.247,0.963
59060.92,-0.098,0.018,0.247,0.963
59061.1,-0.098,0.018,0.247,0.963
59061.29,-0.098,0.018,0.247,0.963
59061.47,-0.098,0.018,0.247,0.963
59061.65,-0.098,0.018,0.247,0.963
59061.83,-0.098,0.018,0.247,0.963
59062.2,-0.098,0.018,0.247,0.963
59062.2,-0.098,0.018,0.247,0.963
59068.3,-0.099,0.018,0.247,0.963
59068.21,-0.098,0.018,0.247,0.963
59068.4,-0.098,0.018,0.247,0.963
59068.58,-0.098,0.018,0.247,0.963
59068.76,-0.099,0.018,0.247,0.963
59068.94,-0.098,0.018,0.247,0.963
59069.12,-0.099,0.018,0.247,0.963
59069.31,-0.098,0.018,0.247,0.963
59082.43,-0.098,0.018,0.247,0.963
59082.61,-0.098,0.018,0.247,0.963
59082.8,-0.098,0.018,0.247,0.963
59082.98,-0.098,0.018,0.247,0.963
59083.16,-0.098,0.018,0.247,0.963
59083.34,-0.098,0.018,0.247,0.963
59083.53,-0.098,0.018,0.247,0.963
59083.71,-0.099,0.018,0.247,0.963
59083.89,-0.099,0.018,0.247,0.963
59084.7,-0.099,0.018,0.247,0.963
59084.25,-0.099,0.018,0.247,0.963
59084.44,-0.099,0.018,0.247,0.963
59084.62,-0.099,0.018,0.247,0.963
59084.8,-0.099,0.018,0.247,0.963
59087.9,-0.098,0.018,0.247,0.963
59088.8,-0.098,0.018,0.247,0.963
59088.27,-0.098,0.018,0.247,0.963
59088.45,-0.098,0.018,0.247,0.963
59088.63,-0.098,0.018,0.247,0.963
59088.81,-0.098,0.018,0.247,0.963
59088.99,-0.098,0.018,0.247,0.963
59089.18,-0.098,0.018,0.247,0.963
59089.91,-0.098,0.018,0.247,0.963
59090.9,-0.098,0.018,0.247,0.963
59090.27,-0.098,0.018,0.247,0.963
59090.45,-0.098,0.018,0.247,0.963
59090.63,-0.098,0.018,0.247,0.963
59090.82,-0.098,0.018,0.247,0.963
59091.0,-0.098,0.018,0.247,0.963
59091.18,-0.098,0.018,0.247,0.963
59091.36,-0.098,0.018,0.247,0.963
59091.55,-0.098,0.018,0.247,0.963
59091.73,-0.098,0.018,0.247,0.963
59091.91,-0.098,0.018,0.247,0.963
59095.19,-0.098,0.018,0.247,0.963
59095.37,-0.099,0.018,0.247,0.963
59095.56,-0.099,0.017,0.247,0.963
59095.74,-0.099,0.018,0.247,0.963
59095.92,-0.099,0.017,0.247,0.963
59096.1,-0.099,0.018,0.247,0.963
59096.29,-0.098,0.018,0.247,0.963
59096.47,-0.098,0.018,0.247,0.963
59096.65,-0.099,0.018,0.247,0.963
59096.83,-0.099,0.018,0.247,0.963
59097.1,-0.099,0.018,0.247,0.963
59097.2,-0.098,0.018,0.247,0.963
59097.38,-0.099,0.018,0.247,0.963
59100.48,-0.098,0.018,0.247,0.963
59100.66,-0.098,0.018,0.247,0.963
59100.84,-0.098,0.018,0.247,0.963
59101.2,-0.098,0.018,0.247,0.963
59101.21,-0.098,0.018,0.247,0.963
59101.39,-0.098,0.018,0.247,0.963
59101.57,-0.098,0.018,0.247,0.963
59101.75,-0.098,0.018,0.247,0.963
59101.94,-0.098,0.018,0.247,0.963
59105.95,-0.098,0.018,0.247,0.963
59106.13,-0.098,0.018,0.247,0.963
59106.31,-0.098,0.018,0.247,0.963
59106.49,-0.098,0.018,0.247,0.963
59106.68,-0.098,0.018,0.247,0.963
59106.86,-0.098,0.018,0.247,0.963
59107.4,-0.098,0.018,0.247,0.963
59107.22,-0.098,0.018,0.247,0.963
59107.4,-0.098,0.018,0.247,0.963
59107.59,-0.098,0.018,0.247,0.963
59107.77,-0.098,0.018,0.247,0.963
59107.95,-0.098,0.018,0.247,0.963
59108.13,-0.098,0.018,0.247,0.963
59109.59,-0.098,0.018,0.247,0.963
59109.77,-0.098,0.018,0.247,0.963
59109.96,-0.098,0.018,0.247,0.963
59110.14,-0.098,0.018,0.247,0.963
59110.32,-0.098,0.018,0.247,0.963
59110.5,-0.099,0.018,0.247,0.963
59110.68,-0.099,0.018,0.247,0.963
59110.87,-0.099,0.018,0.247,0.963
59118.71,-0.098,0.018,0.247,0.963
59118.89,-0.098,0.018,0.247,0.963
59119.7,-0.098,0.018,0.247,0.963
59119.25,-0.098,0.018,0.247,0.963
59119.43,-0.098,0.018,0.247,0.963
59119.62,-0.098,0.018,0.247,0.963
59119.8,-0.098,0.018,0.247,0.963
59119.98,-0.098,0.018,0.247,0.963
59120.16,-0.098,0.018,0.247,0.963
59120.35,-0.098,0.018,0.247,0.963
59120.53,-0.098,0.018,0.247,0.963
59120.71,-0.098,0.018,0.247,0.963
59122.72,-0.098,0.018,0.247,0.963
59122.9,-0.098,0.018,0.247,0.963
59123.8,-0.098,0.018,0.247,0.963
59123.26,-0.098,0.018,0.247,0.963
59123.44,-0.098,0.018,0.247,0.963
59123.63,-0.098,0.018,0.247,0.963
59123.81,-0.098,0.018,0.247,0.963
59123.99,-0.098,0.018,0.247,0.963
59124.17,-0.098,0.018,0.247,0.963
59124.36,-0.098,0.018,0.247,0.963
59125.63,-0.098,0.018,0.247,0.963
59125.81,-0.098,0.018,0.247,0.963
59126.0,-0.098,0.018,0.247,0.963
59126.18,-0.098,0.018,0.247,0.963
59126.36,-0.098,0.018,0.247,0.963
59126.54,-0.098,0.018,0.247,0.963
59126.73,-0.098,0.018,0.248,0.963
59126.91,-0.098,0.018,0.248,0.963
59127.9,-0.098,0.018,0.248,0.963
59127.27,-0.098,0.018,0.248,0.963
59127.46,-0.098,0.018,0.248,0.963
59127.64,-0.098,0.018,0.248,0.963
59130.37,-0.098,0.018,0.248,0.963
59130.55,-0.098,0.018,0.248,0.963
59130.74,-0.098,0.018,0.248,0.963
59130.92,-0.098,0.018,0.248,0.963
59131.1,-0.098,0.018,0.248,0.963
59131.28,-0.098,0.018,0.248,0.963
59131.47,-0.098,0.018,0.248,0.963
59131.65,-0.098,0.018,0.248,0.963
59131.83,-0.098,0.018,0.248,0.963
59132.1,-0.098,0.018,0.248,0.963
59132.19,-0.098,0.018,0.248,0.963
59132.38,-0.098,0.018,0.248,0.963
59132.56,-0.098,0.018,0.248,0.963
59136.57,-0.098,0.018,0.248,0.963
59136.75,-0.098,0.018,0.248,0.963
59136.93,-0.098,0.018,0.248,0.963
59137.12,-0.098,0.018,0.248,0.963
59137.3,-0.098,0.018,0.247,0.963
59137.48,-0.098,0.018,0.247,0.963
59137.66,-0.098,0.018,0.248,0.963
59137.84,-0.098,0.018,0.248,0.963
59138.3,-0.098,0.018,0.248,0.963
59138.21,-0.098,0.018,0.248,0.963
59138.39,-0.098,0.018,0.248,0.963
59138.57,-0.098,0.018,0.248,0.963
59142.4,-0.098,0.018,0.248,0.963
59142.58,-0.098,0.018,0.248,0.963
59142.77,-0.098,0.018,0.248,0.963
59142.95,-0.098,0.018,0.248,0.963
59143.13,-0.098,0.018,0.248,0.963
59143.31,-0.098,0.018,0.248,0.963
59143.5,-0.098,0.018,0.248,0.963
59143.68,-0.098,0.018,0.248,0.963
59143.86,-0.098,0.018,0.248,0.963
59144.4,-0.098,0.018,0.248,0.963
59144.22,-0.098,0.018,0.248,0.963
59144.41,-0.098,0.018,0.248,0.963
59144.59,-0.098,0.018,0.248,0.963
59144.77,-0.098,0.018,0.248,0.963
59144.95,-0.098,0.018,0.248,0.963
59145.14,-0.098,0.018,0.248,0.963
59145.32,-0.098,0.018,0.248,0.963
59145.5,-0.098,0.018,0.248,0.963
59145.68,-0.098,0.018,0.248,0.963
59145.86,-0.098,0.018,0.248,0.963
59146.5,-0.098,0.018,0.248,0.963
59146.78,-0.098,0.018,0.248,0.963
59146.96,-0.098,0.018,0.248,0.963
59147.14,-0.098,0.018,0.248,0.963
59147.32,-0.098,0.018,0.248,0.963
59147.51,-0.098,0.018,0.248,0.963
59147.69,-0.098,0.018,0.248,0.963
59147.87,-0.098,0.018,0.248,0.963
59148.5,-0.098,0.018,0.248,0.963
59148.23,-0.098,0.018,0.248,0.963
59157.53,-0.098,0.018,0.248,0.963
59157.71,-0.098,0.018,0.248,0.963
59157.89,-0.098,0.018,0.248,0.963
59158.8,-0.098,0.018,0.248,0.963
59158.26,-0.098,0.018,0.248,0.963
59158.44,-0.098,0.018,0.248,0.963
59158.62,-0.098,0.018,0.248,0.963
59158.81,-0.099,0.018,0.248,0.963
59166.83,-0.098,0.018,0.248,0.963
59167.1,-0.098,0.018,0.248,0.963
59167.19,-0.098,0.018,0.248,0.963
59167.37,-0.098,0.018,0.248,0.963
59167.56,-0.098,0.018,0.248,0.963
59167.74,-0.098,0.018,0.248,0.963
59167.92,-0.098,0.018,0.248,0.963
59168.1,-0.098,0.018,0.248,0.963
59168.29,-0.098,0.018,0.248,0.963
59168.47,-0.098,0.018,0.248,0.963
59168.65,-0.098,0.018,0.248,0.963
59168.83,-0.098,0.018,0.248,0.963
59171.2,-0.098,0.018,0.248,0.963
59171.38,-0.098,0.018,0.248,0.963
59171.57,-0.098,0.018,0.248,0.963
59171.75,-0.098,0.018,0.248,0.963
59171.93,-0.098,0.018,0.248,0.963
59172.11,-0.098,0.018,0.248,0.963
59172.3,-0.098,0.018,0.248,0.963
59172.48,-0.098,0.018,0.248,0.963
59172.66,-0.098,0.018,0.248,0.963
59172.84,-0.098,0.018,0.248,0.963
59182.87,-0.098,0.018,0.248,0.963
59183.5,-0.098,0.018,0.248,0.963
59183.23,-0.098,0.018,0.248,0.963
59183.41,-0.098,0.018,0.248,0.963
59183.6,-0.098,0.018,0.248,0.963
59183.78,-0.098,0.018,0.248,0.963
59183.96,-0.098,0.018,0.248,0.963
59184.14,-0.098,0.018,0.248,0.963
59184.33,-0.098,0.018,0.248,0.963
59184.51,-0.098,0.018,0.248,0.963
59184.69,-0.098,0.018,0.248,0.963
59184.87,-0.098,0.018,0.248,0.963
59186.88,-0.098,0.018,0.248,0.963
59187.6,-0.098,0.018,0.248,0.963
59187.24,-0.098,0.018,0.248,0.963
59187.42,-0.098,0.018,0.248,0.963
59187.61,-0.098,0.018,0.248,0.963
59187.79,-0.098,0.018,0.248,0.963
59187.97,-0.098,0.018,0.248,0.963
59188.15,-0.098,0.018,0.248,0.963
59196.17,-0.098,0.018,0.248,0.963
59196.36,-0.098,0.018,0.248,0.963
59196.54,-0.098,0.018,0.248,0.963
59196.72,-0.098,0.018,0.248,0.963
59196.9,-0.098,0.018,0.248,0.963
59197.8,-0.098,0.017,0.248,0.963
59197.27,-0.098,0.018,0.248,0.963
59197.45,-0.098,0.018,0.248,0.963
59208.93,-0.098,0.018,0.248,0.963
59209.11,-0.098,0.018,0.248,0.963
59209.3,-0.098,0.018,0.248,0.963
59209.48,-0.098,0.018,0.248,0.963
59209.66,-0.098,0.018,0.248,0.963
59209.84,-0.098,0.018,0.248,0.963
59210.3,-0.098,0.018,0.248,0.963
59210.21,-0.098,0.018,0.248,0.963
59210.39,-0.098,0.018,0.248,0.963
59210.57,-0.098,0.018,0.248,0.963
59210.75,-0.098,0.018,0.248,0.963
59210.94,-0.098,0.018,0.248,0.963
59214.58,-0.098,0.018,0.248,0.963
59214.76,-0.098,0.018,0.248,0.963
59214.95,-0.098,0.018,0.248,0.963
59215.13,-0.098,0.018,0.248,0.963
59215.31,-0.098,0.018,0.248,0.963
59215.49,-0.098,0.018,0.248,0.963
59215.68,-0.098,0.018,0.248,0.963
59215.86,-0.098,0.018,0.248,0.963
59216.4,-0.098,0.018,0.248,0.963
59227.34,-0.098,0.018,0.248,0.963
59227.52,-0.098,0.018,0.248,0.963
59227.7,-0.098,0.018,0.248,0.963
59227.89,-0.098,0.018,0.248,0.963
59228.7,-0.098,0.018,0.248,0.963
59228.25,-0.098,0.018,0.248,0.963
59228.43,-0.098,0.018,0.248,0.963
59228.62,-0.098,0.018,0.248,0.963
59228.8,-0.098,0.018,0.248,0.963
59228.98,-0.098,0.018,0.248,0.963
59232.63,-0.098,0.018,0.248,0.963
59232.81,-0.098,0.018,0.248,0.963
59232.99,-0.098,0.018,0.248,0.963
59233.17,-0.098,0.018,0.248,0.963
59233.35,-0.098,0.018,0.248,0.963
59233.54,-0.098,0.018,0.248,0.963
59233.72,-0.098,0.018,0.248,0.963
59233.9,-0.098,0.018,0.248,0.963
59234.8,-0.098,0.018,0.248,0.963
59234.27,-0.098,0.018,0.248,0.963
59234.45,-0.098,0.018,0.248,0.963
59234.63,-0.098,0.018,0.248,0.963
59234.81,-0.098,0.018,0.248,0.963
59234.99,-0.098,0.018,0.248,0.963
59235.18,-0.098,0.018,0.248,0.963
59235.36,-0.098,0.018,0.248,0.963
59235.54,-0.098,0.018,0.248,0.963
59235.72,-0.098,0.018,0.248,0.963
59235.91,-0.098,0.018,0.248,0.963
59236.9,-0.098,0.018,0.248,0.963
59240.28,-0.099,0.018,0.248,0.963
59240.46,-0.098,0.018,0.248,0.963
59240.64,-0.099,0.018,0.248,0.963
59240.83,-0.099,0.018,0.248,0.963
59241.1,-0.099,0.018,0.248,0.963
59241.19,-0.098,0.018,0.248,0.963
59241.37,-0.098,0.018,0.248,0.963
59241.56,-0.098,0.018,0.248,0.963
59241.74,-0.098,0.018,0.248,0.963
59241.92,-0.098,0.018,0.248,0.963
59242.1,-0.098,0.018,0.248,0.963
59242.28,-0.098,0.018,0.248,0.963
59242.47,-0.098,0.018,0.248,0.963
59243.38,-0.098,0.018,0.248,0.963
59243.56,-0.098,0.018,0.248,0.963
59243.74,-0.098,0.018,0.248,0.963
59243.92,-0.098,0.018,0.248,0.963
59244.11,-0.098,0.018,0.248,0.963
59244.29,-0.098,0.018,0.248,0.963
59244.47,-0.098,0.018,0.248,0.963
59244.65,-0.098,0.018,0.248,0.963
59244.84,-0.098,0.018,0.248,0.963
59245.2,-0.098,0.018,0.248,0.963
59245.2,-0.098,0.018,0.248,0.963
59251.94,-0.098,0.018,0.248,0.963
59252.13,-0.098,0.018,0.248,0.963
59252.31,-0.098,0.018,0.248,0.963
59252.49,-0.098,0.018,0.248,0.963
59252.67,-0.098,0.018,0.248,0.963
59252.85,-0.098,0.018,0.248,0.963
59253.4,-0.098,0.018,0.248,0.963
59253.22,-0.098,0.018,0.248,0.963
59253.4,-0.098,0.018,0.248,0.963
59253.58,-0.098,0.018,0.248,0.963
59253.77,-0.098,0.018,0.248,0.963
59263.24,-0.098,0.018,0.248,0.963
59263.43,-0.098,0.018,0.248,0.963
59263.61,-0.098,0.018,0.248,0.963
59263.79,-0.098,0.018,0.248,0.963
59263.97,-0.098,0.018,0.248,0.963
59264.15,-0.098,0.018,0.248,0.963
59264.34,-0.098,0.018,0.248,0.963
59264.52,-0.098,0.018,0.248,0.963
59264.7,-0.098,0.018,0.248,0.963
59264.88,-0.098,0.018,0.248,0.963
59265.7,-0.098,0.018,0.248,0.963
59265.25,-0.098,0.018,0.248,0.963
59271.26,-0.098,0.018,0.248,0.963
59271.45,-0.098,0.018,0.248,0.963
59271.63,-0.098,0.018,0.248,0.963
59271.81,-0.098,0.018,0.248,0.963
59271.99,-0.098,0.018,0.248,0.963
59272.17,-0.098,0.018,0.248,0.963
59272.36,-0.098,0.018,0.248,0.963
59272.54,-0.098,0.018,0.248,0.963
59272.72,-0.098,0.018,0.248,0.963
59272.9,-0.098,0.018,0.248,0.963
59273.9,-0.098,0.018,0.248,0.963
59281.65,-0.098,0.018,0.248,0.963
59281.83,-0.098,0.018,0.248,0.963
59282.2,-0.098,0.018,0.248,0.963
59282.2,-0.098,0.018,0.248,0.963
59282.38,-0.098,0.018,0.248,0.963
59282.56,-0.098,0.018,0.248,0.963
59282.74,-0.098,0.018,0.248,0.963
59282.93,-0.098,0.018,0.248,0.963
59283.11,-0.098,0.018,0.248,0.963
59283.29,-0.098,0.018,0.248,0.963
59283.47,-0.099,0.018,0.248,0.963
59283.66,-0.098,0.018,0.248,0.963
59292.4,-0.098,0.018,0.248,0.963
59292.22,-0.098,0.018,0.248,0.963
59292.4,-0.098,0.018,0.248,0.963
59292.59,-0.098,0.018,0.248,0.963
59292.77,-0.098,0.018,0.248,0.963
59292.95,-0.098,0.018,0.248,0.963
59293.13,-0.098,0.018,0.248,0.963
59293.31,-0.098,0.018,0.248,0.963
59293.5,-0.098,0.018,0.248,0.963
59293.68,-0.098,0.018,0.248,0.963
59293.86,-0.098,0.018,0.248,0.963
59294.4,-0.098,0.018,0.248,0.963
59301.52,-0.098,0.018,0.248,0.963
59301.7,-0.098,0.018,0.248,0.963
59301.88,-0.098,0.018,0.248,0.963
59302.6,-0.099,0.018,0.248,0.963
59302.24,-0.099,0.018,0.248,0.963
59302.43,-0.099,0.018,0.248,0.963
59302.61,-0.099,0.018,0.248,0.963
59302.79,-0.099,0.018,0.248,0.963
59302.97,-0.099,0.018,0.248,0.963
59303.16,-0.099,0.018,0.248,0.963
59303.34,-0.099,0.018,0.248,0.963
59309.72,-0.098,0.018,0.248,0.963
59309.9,-0.098,0.018,0.248,0.963
59310.8,-0.098,0.018,0.248,0.963
59310.26,-0.098,0.018,0.248,0.963
59310.45,-0.098,0.018,0.248,0.963
59310.63,-0.098,0.018,0.248,0.963
59310.81,-0.098,0.018,0.248,0.963
59310.99,-0.098,0.018,0.248,0.963
59311.17,-0.098,0.018,0.248,0.963
59311.36,-0.098,0.018,0.248,0.963
59311.54,-0.098,0.018,0.248,0.963
59317.92,-0.098,0.018,0.248,0.963
59318.1,-0.098,0.018,0.248,0.963
59318.28,-0.098,0.018,0.248,0.963
59318.46,-0.098,0.018,0.248,0.963
59318.65,-0.098,0.018,0.248,0.963
59318.83,-0.098,0.018,0.248,0.963
59319.1,-0.098,0.018,0.248,0.963
59319.19,-0.098,0.018,0.248,0.963
59319.38,-0.098,0.018,0.248,0.963
59319.56,-0.098,0.018,0.248,0.963
59319.74,-0.098,0.018,0.248,0.963
59319.92,-0.098,0.018,0.248,0.963
59327.3,-0.098,0.018,0.248,0.963
59327.21,-0.098,0.018,0.248,0.963
59327.39,-0.098,0.018,0.248,0.963
59327.58,-0.098,0.018,0.248,0.963
59327.76,-0.098,0.018,0.248,0.963
59327.94,-0.098,0.018,0.248,0.963
59328.12,-0.098,0.018,0.248,0.963
59328.3,-0.098,0.018,0.248,0.963
59328.49,-0.098,0.018,0.248,0.963
59328.67,-0.098,0.018,0.248,0.963
59328.85,-0.098,0.018,0.248,0.963
59335.5,-0.098,0.018,0.248,0.963
59335.23,-0.098,0.018,0.248,0.963
59335.41,-0.098,0.018,0.248,0.963
59335.59,-0.098,0.018,0.248,0.963
59335.78,-0.098,0.018,0.248,0.963
59335.96,-0.098,0.018,0.248,0.963
59336.14,-0.098,0.018,0.248,0.963
59336.32,-0.098,0.018,0.248,0.963
59336.51,-0.098,0.018,0.248,0.963
59336.69,-0.098,0.018,0.248,0.963
59336.87,-0.098,0.018,0.248,0.963
59337.5,-0.098,0.018,0.248,0.963
59337.23,-0.098,0.018,0.248,0.963
59337.42,-0.098,0.018,0.248,0.963
59337.6,-0.098,0.018,0.248,0.963
59337.78,-0.098,0.018,0.248,0.963
59337.96,-0.098,0.018,0.248,0.963
59338.15,-0.098,0.018,0.248,0.963
59338.33,-0.098,0.018,0.248,0.963
59338.51,-0.098,0.018,0.248,0.963
59338.69,-0.098,0.018,0.248,0.963
59339.79,-0.098,0.018,0.248,0.963
59339.97,-0.098,0.018,0.248,0.963
59340.15,-0.098,0.018,0.248,0.963
59340.33,-0.098,0.018,0.248,0.963
59340.51,-0.098,0.018,0.248,0.963
59340.7,-0.098,0.018,0.248,0.963
59340.88,-0.098,0.018,0.248,0.963
59341.6,-0.098,0.018,0.248,0.963
59341.24,-0.098,0.018,0.248,0.963
59341.43,-0.098,0.018,0.248,0.963
59341.61,-0.098,0.018,0.248,0.963
59341.79,-0.098,0.018,0.248,0.963
59341.97,-0.098,0.018,0.248,0.963
59342.15,-0.098,0.018,0.248,0.963
59342.34,-0.098,0.018,0.248,0.963
59342.52,-0.098,0.018,0.248,0.963
59342.7,-0.098,0.018,0.248,0.963
59342.88,-0.098,0.018,0.248,0.963
59343.7,-0.098,0.018,0.248,0.963
59343.25,-0.098,0.018,0.248,0.963
59349.8,-0.098,0.018,0.248,0.963
59349.26,-0.098,0.018,0.248,0.963
59349.44,-0.098,0.018,0.248,0.963
59349.63,-0.098,0.018,0.248,0.963
59349.81,-0.098,0.018,0.248,0.963
59349.99,-0.098,0.018,0.248,0.963
59350.17,-0.098,0.018,0.248,0.963
59350.36,-0.098,0.018,0.248,0.963
59350.54,-0.098,0.018,0.248,0.963
59350.72,-0.098,0.018,0.248,0.963
59350.9,-0.098,0.018,0.248,0.963
59351.8,-0.098,0.018,0.248,0.963
59351.27,-0.098,0.018,0.248,0.963
59351.45,-0.098,0.018,0.248,0.963
59351.63,-0.098,0.018,0.248,0.963
59351.81,-0.098,0.018,0.248,0.963
59352.0,-0.098,0.018,0.248,0.963
59352.18,-0.098,0.018,0.248,0.963
59352.36,-0.098,0.018,0.248,0.963
59352.54,-0.098,0.018,0.248,0.963
59352.72,-0.098,0.018,0.248,0.963
59352.91,-0.098,0.018,0.248,0.963
59353.9,-0.098,0.018,0.248,0.963
59353.27,-0.098,0.018,0.248,0.963
59353.45,-0.098,0.018,0.248,0.963
59358.37,-0.098,0.018,0.248,0.963
59358.56,-0.098,0.018,0.248,0.963
59358.74,-0.098,0.018,0.248,0.963
59358.92,-0.098,0.018,0.248,0.963
59359.1,-0.098,0.018,0.248,0.963
59359.28,-0.098,0.018,0.248,0.963
59359.47,-0.098,0.018,0.248,0.963
59359.65,-0.098,0.018,0.248,0.963
59359.83,-0.098,0.018,0.248,0.963
59360.1,-0.099,0.018,0.248,0.963
59360.2,-0.099,0.018,0.248,0.963
59360.38,-0.098,0.018,0.248,0.963
59368.58,-0.098,0.018,0.248,0.963
59368.76,-0.098,0.018,0.248,0.963
59368.94,-0.098,0.018,0.248,0.963
59369.13,-0.098,0.018,0.248,0.963
59369.31,-0.098,0.018,0.248,0.963
59369.49,-0.098,0.018,0.248,0.963
59369.67,-0.098,0.018,0.248,0.963
59369.85,-0.098,0.018,0.248,0.963
59370.4,-0.098,0.018,0.248,0.963
59370.22,-0.098,0.018,0.248,0.963
59370.4,-0.098,0.018,0.248,0.963
59375.69,-0.098,0.018,0.248,0.963
59375.87,-0.098,0.018,0.248,0.963
59376.5,-0.098,0.018,0.248,0.963
59376.23,-0.098,0.018,0.248,0.963
59376.42,-0.098,0.018,0.248,0.963
59376.6,-0.098,0.018,0.248,0.963
59376.78,-0.098,0.018,0.248,0.963
59376.96,-0.098,0.018,0.248,0.963
59377.14,-0.098,0.018,0.248,0.963
59377.33,-0.098,0.018,0.248,0.963
59382.25,-0.098,0.018,0.248,0.963
59382.43,-0.098,0.018,0.248,0.963
59382.61,-0.098,0.018,0.248,0.963
59382.79,-0.098,0.018,0.248,0.963
59382.98,-0.098,0.018,0.248,0.963
59383.16,-0.098,0.018,0.248,0.963
59383.34,-0.098,0.018,0.248,0.963
59383.52,-0.098,0.018,0.248,0.963
59383.71,-0.098,0.018,0.248,0.963
59383.89,-0.098,0.018,0.248,0.963
59390.9,-0.098,0.018,0.248,0.963
59390.27,-0.098,0.018,0.248,0.963
59390.45,-0.098,0.018,0.248,0.963
59390.63,-0.098,0.018,0.248,0.963
59390.81,-0.098,0.018,0.248,0.963
59391.0,-0.098,0.018,0.248,0.963
59391.18,-0.098,0.018,0.248,0.963
59391.36,-0.098,0.018,0.248,0.963
59391.54,-0.098,0.018,0.248,0.963
59391.73,-0.098,0.018,0.248,0.963
59391.91,-0.098,0.018,0.248,0.963
59392.9,-0.098,0.018,0.248,0.963
59400.29,-0.098,0.018,0.248,0.963
59400.47,-0.098,0.018,0.248,0.963
59400.66,-0.098,0.018,0.248,0.963
59400.84,-0.098,0.018,0.248,0.963
59401.2,-0.098,0.018,0.248,0.963
59401.2,-0.099,0.018,0.248,0.963
59401.39,-0.099,0.018,0.248,0.963
59401.57,-0.099,0.018,0.248,0.963
59401.75,-0.098,0.018,0.248,0.963
59401.93,-0.098,0.018,0.248,0.963
59402.11,-0.098,0.018,0.248,0.963
59402.3,-0.098,0.018,0.248,0.963
59402.48,-0.098,0.018,0.248,0.963
59403.39,-0.098,0.018,0.248,0.963
59403.57,-0.098,0.018,0.248,0.963
59403.76,-0.098,0.018,0.248,0.963
59403.94,-0.098,0.018,0.248,0.963
59404.12,-0.098,0.018,0.248,0.963
59404.3,-0.098,0.018,0.248,0.963
59404.48,-0.098,0.018,0.248,0.963
59404.67,-0.098,0.018,0.248,0.963
59404.85,-0.098,0.018,0.248,0.963
59405.3,-0.098,0.018,0.248,0.963
59405.21,-0.098,0.018,0.248,0.963
59405.4,-0.098,0.018,0.248,0.963
59405.58,-0.098,0.018,0.248,0.963
59405.76,-0.098,0.018,0.248,0.963
59405.94,-0.098,0.018,0.248,0.963
59406.12,-0.098,0.018,0.248,0.963
59406.31,-0.098,0.018,0.248,0.963
59406.49,-0.098,0.018,0.248,0.963
59406.67,-0.098,0.018,0.248,0.963
59406.85,-0.098,0.018,0.248,0.963
59407.4,-0.098,0.018,0.248,0.963
59407.22,-0.098,0.018,0.248,0.963
59407.4,-0.098,0.018,0.248,0.963
59407.58,-0.098,0.018,0.248,0.963
59407.77,-0.099,0.018,0.248,0.963
59412.87,-0.098,0.018,0.248,0.963
59413.5,-0.098,0.018,0.248,0.963
59413.23,-0.098,0.018,0.248,0.963
59413.42,-0.098,0.018,0.248,0.963
59413.6,-0.098,0.018,0.248,0.963
59413.78,-0.098,0.018,0.248,0.963
59413.96,-0.098,0.018,0.248,0.963
59414.15,-0.098,0.018,0.248,0.963
59414.33,-0.098,0.018,0.248,0.963
59414.51,-0.098,0.018,0.248,0.963
59414.69,-0.098,0.018,0.248,0.963
59414.87,-0.098,0.018,0.248,0.963
59424.17,-0.098,0.018,0.248,0.963
59424.35,-0.098,0.018,0.248,0.963
59424.53,-0.098,0.018,0.248,0.963
59424.72,-0.098,0.018,0.248,0.963
59424.9,-0.098,0.018,0.248,0.963
59425.8,-0.098,0.018,0.248,0.963
59425.26,-0.098,0.018,0.248,0.963
59425.45,-0.098,0.018,0.248,0.963
59425.63,-0.098,0.018,0.248,0.963
59425.81,-0.098,0.018,0.248,0.963
59425.99,-0.098,0.018,0.248,0.963
59426.18,-0.098,0.018,0.248,0.963
59426.36,-0.098,0.018,0.248,0.963
59426.54,-0.098,0.018,0.248,0.963
59426.72,-0.098,0.018,0.248,0.963
59426.9,-0.098,0.018,0.248,0.963
59427.9,-0.098,0.018,0.248,0.963
59427.27,-0.098,0.018,0.248,0.963
59427.45,-0.098,0.018,0.248,0.963
59427.63,-0.098,0.018,0.248,0.963
59427.82,-0.098,0.018,0.248,0.963
59428.0,-0.098,0.018,0.248,0.963
59428.18,-0.098,0.018,0.248,0.963
59428.36,-0.098,0.018,0.248,0.963
59436.56,-0.098,0.018,0.248,0.963
59436.75,-0.098,0.018,0.248,0.963
59436.93,-0.098,0.018,0.248,0.963
59437.11,-0.098,0.018,0.248,0.963
59437.29,-0.098,0.018,0.248,0.963
59437.48,-0.098,0.018,0.248,0.963
59437.66,-0.098,0.018,0.248,0.963
59437.84,-0.098,0.018,0.248,0.963
59438.2,-0.098,0.018,0.248,0.963
59438.2,-0.098,0.018,0.248,0.963
59438.39,-0.098,0.018,0.248,0.963
59438.57,-0.098,0.018,0.248,0.963
59443.85,-0.098,0.018,0.248,0.963
59444.4,-0.098,0.018,0.248,0.963
59444.22,-0.098,0.018,0.248,0.963
59444.4,-0.098,0.018,0.248,0.963
59444.58,-0.098,0.018,0.248,0.963
59444.77,-0.098,0.018,0.248,0.963
59444.95,-0.098,0.018,0.248,0.963
59445.13,-0.098,0.018,0.248,0.963
59445.31,-0.098,0.018,0.248,0.963
59445.5,-0.098,0.018,0.248,0.963
59447.14,-0.099,0.018,0.248,0.963
59447.32,-0.098,0.018,0.248,0.963
59447.5,-0.098,0.018,0.248,0.963
59447.68,-0.098,0.018,0.248,0.963
59447.86,-0.099,0.018,0.248,0.963
59448.5,-0.098,0.018,0.248,0.963
59448.23,-0.099,0.017,0.248,0.963
59448.41,-0.098,0.018,0.248,0.963
59448.59,-0.099,0.017,0.248,0.963
59450.96,-0.098,0.018,0.248,0.963
59451.15,-0.098,0.018,0.248,0.963
59451.33,-0.098,0.018,0.248,0.963
59451.51,-0.098,0.018,0.248,0.963
59451.69,-0.098,0.018,0.248,0.963
59451.87,-0.098,0.018,0.248,0.963
59452.6,-0.098,0.018,0.248,0.963
59452.24,-0.098,0.018,0.248,0.963
59452.42,-0.098,0.018,0.248,0.963
59452.6,-0.098,0.018,0.248,0.963
59452.79,-0.098,0.018,0.248,0.963
59452.97,-0.098,0.018,0.248,0.963
59453.15,-0.098,0.018,0.248,0.963
59453.33,-0.098,0.018,0.248,0.963
59453.52,-0.098,0.018,0.248,0.963
59453.7,-0.098,0.018,0.248,0.963
59456.43,-0.098,0.018,0.248,0.963
59456.61,-0.098,0.018,0.248,0.963
59456.8,-0.098,0.018,0.248,0.963
59456.98,-0.098,0.018,0.248,0.963
59457.16,-0.098,0.018,0.248,0.963
59457.34,-0.098,0.018,0.248,0.963
59457.52,-0.098,0.018,0.248,0.963
59457.71,-0.098,0.018,0.248,0.963
59457.89,-0.098,0.018,0.248,0.963
59458.7,-0.098,0.018,0.248,0.963
59458.25,-0.098,0.018,0.248,0.963
59458.44,-0.098,0.018,0.248,0.963
59458.62,-0.098,0.018,0.248,0.963
59458.8,-0.098,0.018,0.248,0.963
59458.98,-0.098,0.018,0.248,0.963
59459.17,-0.098,0.018,0.248,0.963
59459.35,-0.098,0.018,0.248,0.963
59459.53,-0.098,0.018,0.248,0.963
59462.99,-0.098,0.018,0.248,0.963
59463.18,-0.098,0.018,0.248,0.963
59463.36,-0.098,0.018,0.248,0.963
59463.54,-0.098,0.018,0.248,0.963
59463.72,-0.098,0.018,0.248,0.963
59463.9,-0.098,0.018,0.248,0.963
59464.9,-0.098,0.018,0.248,0.963
59464.27,-0.1,0.017,0.248,0.963
59464.45,-0.098,0.018,0.248,0.963
59464.63,-0.099,0.017,0.248,0.963
59464.82,-0.099,0.018,0.248,0.963
59465.0,-0.098,0.017,0.248,0.963
59465.18,-0.098,0.018,0.248,0.963
59465.36,-0.098,0.018,0.248,0.963
59465.55,-0.098,0.018,0.248,0.963
59465.73,-0.098,0.018,0.248,0.963
59465.91,-0.099,0.018,0.248,0.963
59466.9,-0.098,0.018,0.248,0.963
59466.27,-0.099,0.018,0.248,0.963
59466.46,-0.098,0.018,0.248,0.963
59466.64,-0.098,0.018,0.248,0.963
59466.82,-0.098,0.018,0.248,0.963
59467.0,-0.098,0.018,0.248,0.963
59471.1,-0.098,0.018,0.248,0.963
59471.2,-0.098,0.018,0.248,0.963
59471.38,-0.098,0.018,0.248,0.963
59471.56,-0.098,0.018,0.248,0.963
59471.74,-0.098,0.018,0.248,0.963
59471.92,-0.098,0.018,0.248,0.963
59472.11,-0.098,0.018,0.248,0.963
59472.29,-0.098,0.018,0.248,0.963
59472.47,-0.098,0.018,0.248,0.963
59472.65,-0.099,0.018,0.248,0.963
59472.84,-0.098,0.018,0.248,0.963
59473.2,-0.098,0.018,0.248,0.963
59473.2,-0.098,0.018,0.248,0.963
59473.38,-0.098,0.018,0.248,0.963
59473.57,-0.098,0.018,0.248,0.963
59473.75,-0.098,0.018,0.248,0.963
59473.93,-0.099,0.018,0.248,0.963
59474.11,-0.099,0.018,0.248,0.963
59483.4,-0.098,0.018,0.248,0.963
59483.23,-0.098,0.018,0.248,0.963
59483.41,-0.098,0.018,0.248,0.963
59483.59,-0.098,0.018,0.248,0.963
59483.77,-0.098,0.018,0.248,0.963
59483.96,-0.098,0.018,0.248,0.963
59484.14,-0.098,0.018,0.248,0.963
59484.32,-0.098,0.018,0.248,0.963
59484.87,-0.098,0.018,0.248,0.963
59485.5,-0.098,0.018,0.248,0.963
59485.23,-0.098,0.018,0.248,0.963
59485.41,-0.098,0.018,0.248,0.963
59485.6,-0.098,0.018,0.248,0.963
59485.78,-0.098,0.018,0.248,0.963
59485.96,-0.098,0.018,0.248,0.963
59496.9,-0.099,0.018,0.248,0.963
59497.8,-0.099,0.018,0.248,0.963
59497.26,-0.098,0.018,0.248,0.963
59497.44,-0.098,0.018,0.248,0.963
59497.62,-0.098,0.018,0.248,0.963
59497.81,-0.098,0.018,0.248,0.963
59497.99,-0.098,0.018,0.248,0.963
59498.17,-0.099,0.018,0.248,0.963
59509.29,-0.098,0.018,0.248,0.963
59509.47,-0.098,0.018,0.248,0.963
59509.66,-0.098,0.018,0.248,0.963
59509.84,-0.098,0.018,0.248,0.963
59510.2,-0.098,0.018,0.248,0.963
59510.2,-0.098,0.018,0.248,0.963
59510.38,-0.098,0.018,0.248,0.963
59511.3,-0.098,0.018,0.248,0.963
59511.48,-0.098,0.018,0.248,0.963
59511.66,-0.098,0.018,0.248,0.963
59511.84,-0.098,0.018,0.248,0.963
59512.2,-0.098,0.018,0.248,0.963
59512.21,-0.098,0.018,0.248,0.963
59512.39,-0.098,0.018,0.248,0.963
59512.57,-0.098,0.018,0.248,0.963
59512.75,-0.098,0.018,0.248,0.963
59525.51,-0.098,0.018,0.248,0.963
59525.7,-0.098,0.018,0.248,0.963
59525.88,-0.098,0.018,0.248,0.963
59526.6,-0.098,0.018,0.248,0.963
59526.24,-0.098,0.018,0.248,0.963
59526.42,-0.099,0.018,0.248,0.963
59526.61,-0.098,0.018,0.248,0.963
59526.79,-0.098,0.018,0.248,0.963
59526.97,-0.098,0.018,0.248,0.963
59538.27,-0.099,0.018,0.248,0.963
59538.45,-0.099,0.018,0.248,0.963
59538.64,-0.099,0.018,0.248,0.963
59538.82,-0.098,0.018,0.248,0.963
59539.0,-0.099,0.018,0.248,0.963
59539.18,-0.099,0.018,0.248,0.963
59539.37,-0.099,0.018,0.248,0.963
59539.55,-0.099,0.018,0.248,0.963
59539.73,-0.099,0.018,0.248,0.963
59539.91,-0.099,0.018,0.248,0.963
59540.9,-0.099,0.018,0.248,0.963
59540.28,-0.099,0.018,0.248,0.963
59540.46,-0.099,0.018,0.248,0.963
59545.93,-0.098,0.018,0.248,0.963
59546.11,-0.098,0.018,0.248,0.963
59546.29,-0.098,0.018,0.248,0.963
59546.47,-0.099,0.018,0.248,0.963
59546.66,-0.099,0.018,0.248,0.963
59546.84,-0.099,0.018,0.248,0.963
59547.2,-0.099,0.018,0.248,0.963
59547.2,-0.099,0.018,0.248,0.963
59547.38,-0.099,0.018,0.248,0.963
59547.57,-0.099,0.018,0.248,0.963
59547.75,-0.099,0.018,0.248,0.963
59547.93,-0.099,0.018,0.248,0.963
59548.11,-0.098,0.018,0.248,0.963
59548.3,-0.098,0.018,0.248,0.963
59548.48,-0.098,0.018,0.248,0.963
59548.66,-0.098,0.018,0.248,0.963
59548.84,-0.098,0.018,0.248,0.963
59551.94,-0.098,0.018,0.248,0.963
59552.12,-0.098,0.018,0.248,0.963
59552.31,-0.098,0.018,0.248,0.963
59552.49,-0.098,0.018,0.248,0.963
59552.67,-0.098,0.018,0.248,0.963
59552.85,-0.098,0.018,0.248,0.963
59553.3,-0.098,0.018,0.248,0.963
59553.22,-0.098,0.018,0.248,0.963
59553.4,-0.098,0.018,0.248,0.963
59553.58,-0.098,0.018,0.248,0.963
59556.13,-0.098,0.018,0.248,0.963
59556.31,-0.098,0.018,0.248,0.963
59556.5,-0.098,0.018,0.248,0.963
59556.68,-0.098,0.018,0.248,0.963
59556.86,-0.098,0.018,0.248,0.963
59557.4,-0.098,0.018,0.248,0.963
59557.23,-0.098,0.018,0.248,0.963
59557.41,-0.098,0.018,0.248,0.963
59564.7,-0.099,0.017,0.248,0.963
59564.88,-0.099,0.018,0.248,0.963
59565.6,-0.099,0.017,0.248,0.963
59565.25,-0.099,0.018,0.248,0.963
59565.43,-0.099,0.018,0.248,0.963
59565.61,-0.099,0.018,0.248,0.963
59565.79,-0.099,0.018,0.248,0.963
59565.97,-0.099,0.018,0.248,0.963
59566.89,-0.099,0.017,0.248,0.963
59567.7,-0.099,0.018,0.248,0.963
59567.25,-0.099,0.018,0.248,0.963
59567.43,-0.099,0.018,0.248,0.963
59567.61,-0.099,0.018,0.248,0.963
59567.8,-0.099,0.017,0.248,0.963
59567.98,-0.099,0.018,0.248,0.963
59568.16,-0.099,0.018,0.248,0.963
59568.34,-0.099,0.018,0.248,0.963
59578.92,-0.098,0.018,0.248,0.963
59579.1,-0.098,0.018,0.248,0.963
59579.28,-0.098,0.018,0.248,0.963
59579.46,-0.098,0.018,0.248,0.963
59579.64,-0.098,0.018,0.248,0.963
59579.83,-0.098,0.018,0.248,0.963
59580.1,-0.098,0.018,0.248,0.963
59580.19,-0.098,0.018,0.248,0.963
59589.67,-0.098,0.018,0.248,0.963
59589.85,-0.098,0.018,0.248,0.963
59590.3,-0.098,0.018,0.248,0.963
59590.22,-0.098,0.018,0.248,0.963
59590.4,-0.099,0.018,0.248,0.963
59590.58,-0.098,0.018,0.248,0.963
59590.76,-0.098,0.018,0.248,0.963
59590.95,-0.098,0.018,0.248,0.963
59591.13,-0.098,0.018,0.248,0.963
59592.95,-0.098,0.018,0.248,0.963
59593.13,-0.098,0.018,0.248,0.963
59593.31,-0.098,0.018,0.248,0.963
59593.5,-0.098,0.018,0.248,0.963
59593.68,-0.098,0.018,0.248,0.963
59593.86,-0.098,0.018,0.248,0.963
59594.4,-0.098,0.018,0.248,0.963
59601.15,-0.098,0.018,0.248,0.963
59601.33,-0.098,0.018,0.248,0.963
59601.52,-0.098,0.018,0.248,0.963
59601.7,-0.098,0.018,0.249,0.963
59601.88,-0.098,0.018,0.249,0.963
59602.6,-0.098,0.018,0.249,0.963
59602.25,-0.098,0.018,0.249,0.963
59602.43,-0.098,0.018,0.248,0.963
59602.61,-0.098,0.018,0.248,0.963
59602.79,-0.098,0.018,0.248,0.963
59602.97,-0.098,0.018,0.248,0.963
59605.89,-0.099,0.018,0.248,0.963
59606.7,-0.099,0.018,0.248,0.963
59606.25,-0.099,0.018,0.248,0.963
59606.44,-0.098,0.018,0.248,0.963
59606.62,-0.098,0.018,0.248,0.963
59606.8,-0.099,0.018,0.248,0.963
59606.98,-0.099,0.018,0.248,0.963
59608.8,-0.098,0.018,0.248,0.963
59608.26,-0.098,0.018,0.248,0.963
59608.44,-0.098,0.018,0.248,0.963
59608.62,-0.098,0.018,0.248,0.963
59608.81,-0.098,0.018,0.248,0.963
59608.99,-0.098,0.018,0.248,0.963
59609.17,-0.098,0.018,0.248,0.963
59609.35,-0.098,0.018,0.248,0.963
59609.54,-0.098,0.018,0.248,0.963
59609.72,-0.098,0.018,0.248,0.963
59609.9,-0.098,0.018,0.248,0.963
59610.8,-0.098,0.018,0.248,0.963
59613.91,-0.099,0.018,0.248,0.963
59614.9,-0.099,0.018,0.248,0.963
59614.27,-0.098,0.018,0.248,0.963
59614.46,-0.098,0.018,0.248,0.963
59614.64,-0.099,0.018,0.248,0.963
59614.82,-0.099,0.017,0.248,0.963
59615.0,-0.099,0.018,0.248,0.963
59615.19,-0.099,0.018,0.248,0.963
59616.1,-0.098,0.018,0.248,0.963
59616.28,-0.098,0.018,0.248,0.963
59616.46,-0.098,0.018,0.248,0.963
59616.64,-0.098,0.018,0.248,0.963
59616.83,-0.098,0.018,0.248,0.963
59617.1,-0.098,0.018,0.248,0.963
59617.19,-0.098,0.018,0.248,0.963
59617.37,-0.098,0.018,0.248,0.963
59622.29,-0.099,0.018,0.248,0.963
59622.48,-0.099,0.018,0.248,0.963
59622.66,-0.099,0.018,0.248,0.963
59622.84,-0.099,0.018,0.248,0.963
59623.2,-0.098,0.018,0.248,0.963
59623.21,-0.098,0.018,0.248,0.963
59623.39,-0.098,0.018,0.248,0.963
59623.93,-0.098,0.018,0.248,0.963
59624.12,-0.098,0.018,0.248,0.963
59624.3,-0.098,0.018,0.248,0.963
59624.48,-0.098,0.018,0.248,0.963
59624.66,-0.098,0.018,0.248,0.963
59624.85,-0.098,0.018,0.248,0.963
59625.3,-0.098,0.018,0.248,0.963
59625.21,-0.098,0.018,0.248,0.963
59625.39,-0.098,0.018,0.248,0.963
59625.57,-0.098,0.018,0.248,0.963
59625.76,-0.098,0.018,0.249,0.963
59630.13,-0.099,0.018,0.248,0.963
59630.31,-0.098,0.018,0.248,0.963
59630.5,-0.099,0.018,0.248,0.963
59630.68,-0.099,0.018,0.248,0.963
59630.86,-0.099,0.018,0.248,0.963
59631.4,-0.098,0.018,0.248,0.963
59631.22,-0.098,0.018,0.248,0.963
59631.41,-0.099,0.018,0.248,0.963
59640.7,-0.098,0.018,0.248,0.963
59640.88,-0.098,0.018,0.248,0.963
59641.7,-0.098,0.018,0.248,0.963
59641.25,-0.098,0.018,0.248,0.963
59641.43,-0.098,0.018,0.248,0.963
59641.61,-0.098,0.018,0.248,0.963
59641.79,-0.098,0.018,0.248,0.963
59641.98,-0.098,0.018,0.248,0.963
59642.16,-0.098,0.018,0.248,0.963
59642.34,-0.098,0.018,0.248,0.963
59642.52,-0.098,0.018,0.248,0.963
59642.71,-0.098,0.018,0.248,0.963
59644.35,-0.099,0.018,0.248,0.963
59644.53,-0.099,0.018,0.248,0.963
59644.71,-0.098,0.018,0.248,0.963
59644.89,-0.098,0.018,0.248,0.963
59645.8,-0.098,0.018,0.248,0.963
59645.26,-0.098,0.018,0.248,0.963
59645.44,-0.098,0.018,0.248,0.963
59645.62,-0.098,0.018,0.248,0.963
59653.64,-0.099,0.018,0.248,0.963
59653.82,-0.099,0.018,0.248,0.963
59654.0,-0.098,0.018,0.248,0.963
59654.19,-0.098,0.018,0.248,0.963
59654.37,-0.098,0.018,0.248,0.963
59654.55,-0.098,0.018,0.248,0.963
59654.73,-0.098,0.018,0.248,0.963
59654.92,-0.098,0.018,0.248,0.963
59655.1,-0.098,0.018,0.248,0.963
59656.19,-0.098,0.018,0.249,0.963
59656.37,-0.098,0.018,0.248,0.963
59656.56,-0.098,0.018,0.249,0.963
59656.74,-0.098,0.018,0.249,0.963
59656.92,-0.098,0.018,0.248,0.963
59657.1,-0.098,0.018,0.248,0.963
59657.28,-0.098,0.018,0.248,0.963
59657.47,-0.098,0.018,0.248,0.963
59657.65,-0.098,0.018,0.248,0.963
59657.83,-0.098,0.018,0.248,0.963
59658.2,-0.098,0.018,0.248,0.963
59658.38,-0.098,0.018,0.248,0.963
59658.56,-0.098,0.018,0.248,0.963
59658.74,-0.098,0.018,0.248,0.963
59658.92,-0.098,0.018,0.248,0.963
59659.11,-0.098,0.018,0.248,0.963
59659.29,-0.098,0.018,0.248,0.963
59659.47,-0.098,0.018,0.248,0.963
59666.3,-0.098,0.018,0.248,0.963
59666.21,-0.098,0.018,0.248,0.963
59666.4,-0.098,0.018,0.248,0.963
59666.58,-0.098,0.018,0.248,0.963
59666.76,-0.098,0.018,0.248,0.963
59666.94,-0.098,0.018,0.248,0.963
59667.13,-0.098,0.018,0.248,0.963
59667.31,-0.099,0.018,0.248,0.963
59677.88,-0.098,0.018,0.249,0.963
59678.6,-0.098,0.018,0.249,0.963
59678.24,-0.098,0.018,0.249,0.963
59678.43,-0.098,0.018,0.249,0.963
59678.61,-0.098,0.018,0.248,0.963
59678.79,-0.098,0.018,0.248,0.963
59678.97,-0.098,0.018,0.249,0.963
59679.16,-0.098,0.018,0.249,0.963
59679.34,-0.098,0.018,0.249,0.963
59689.91,-0.098,0.018,0.248,0.963
59690.9,-0.098,0.018,0.248,0.963
59690.27,-0.098,0.018,0.248,0.963
59690.46,-0.099,0.018,0.249,0.963
59690.64,-0.098,0.017,0.249,0.963
59690.82,-0.099,0.018,0.249,0.963
59691.0,-0.098,0.018,0.249,0.963
59691.19,-0.098,0.018,0.249,0.963
59691.37,-0.098,0.018,0.249,0.963
59691.55,-0.098,0.018,0.249,0.963
59695.2,-0.098,0.018,0.249,0.963
59695.38,-0.098,0.018,0.249,0.963
59695.56,-0.098,0.018,0.249,0.963
59695.74,-0.098,0.018,0.249,0.963
59695.92,-0.098,0.018,0.249,0.963
59696.11,-0.098,0.018,0.249,0.963
59696.29,-0.098,0.018,0.249,0.963
59705.4,-0.098,0.018,0.249,0.963
59705.22,-0.098,0.018,0.249,0.963
59705.4,-0.098,0.018,0.249,0.963
59705.59,-0.098,0.018,0.249,0.963
59705.77,-0.098,0.018,0.249,0.963
59705.95,-0.098,0.018,0.249,0.963
59706.13,-0.098,0.018,0.249,0.963
59706.32,-0.098,0.018,0.249,0.963
59714.34,-0.098,0.018,0.249,0.963
59714.52,-0.098,0.018,0.249,0.963
59714.7,-0.098,0.018,0.249,0.963
59714.88,-0.098,0.018,0.249,0.963
59715.7,-0.098,0.018,0.249,0.963
59715.25,-0.099,0.018,0.249,0.963
59715.43,-0.099,0.018,0.249,0.963
59715.61,-0.099,0.018,0.249,0.963
59715.8,-0.099,0.018,0.249,0.963
59715.98,-0.099,0.017,0.249,0.963
59727.28,-0.099,0.018,0.249,0.963
59727.46,-0.099,0.018,0.249,0.963
59727.64,-0.099,0.018,0.249,0.963
59727.83,-0.098,0.018,0.249,0.963
59728.1,-0.098,0.018,0.249,0.963
59728.19,-0.098,0.018,0.249,0.963
59728.37,-0.098,0.018,0.249,0.963
59728.56,-0.098,0.018,0.249,0.963
59738.4,-0.099,0.018,0.249,0.963
59738.58,-0.099,0.018,0.249,0.963
59738.76,-0.099,0.018,0.249,0.963
59738.95,-0.099,0.018,0.249,0.963
59739.13,-0.099,0.018,0.249,0.963
59739.31,-0.099,0.018,0.249,0.963
59739.49,-0.099,0.018,0.249,0.963
59739.67,-0.099,0.018,0.249,0.963
59739.86,-0.099,0.018,0.249,0.963
59740.4,-0.099,0.018,0.249,0.963
59740.22,-0.099,0.018,0.249,0.963
59740.4,-0.099,0.018,0.249,0.963
59740.59,-0.099,0.018,0.249,0.963
59740.77,-0.099,0.018,0.249,0.963
59740.95,-0.099,0.018,0.249,0.963
59741.13,-0.099,0.018,0.249,0.963
59741.32,-0.099,0.018,0.249,0.963
59741.5,-0.098,0.018,0.249,0.963
59741.68,-0.098,0.018,0.249,0.963
59741.86,-0.098,0.018,0.249,0.963
59742.4,-0.098,0.018,0.249,0.963
59742.23,-0.098,0.018,0.249,0.963
59742.41,-0.098,0.018,0.249,0.963
59742.59,-0.098,0.018,0.249,0.963
59742.77,-0.098,0.018,0.249,0.963
59746.6,-0.099,0.018,0.249,0.963
59746.78,-0.099,0.018,0.249,0.963
59746.97,-0.099,0.018,0.249,0.963
59747.15,-0.098,0.018,0.249,0.963
59747.33,-0.098,0.018,0.249,0.963
59747.51,-0.098,0.018,0.249,0.963
59747.7,-0.098,0.018,0.249,0.963
59747.88,-0.098,0.018,0.249,0.963
59748.6,-0.098,0.018,0.249,0.963
59749.34,-0.098,0.018,0.249,0.963
59749.52,-0.098,0.018,0.249,0.963
59749.7,-0.098,0.018,0.249,0.963
59749.88,-0.098,0.018,0.249,0.963
59750.7,-0.098,0.018,0.249,0.963
59750.25,-0.098,0.018,0.249,0.963
59750.43,-0.098,0.018,0.249,0.963
59750.61,-0.098,0.018,0.249,0.963
59750.79,-0.098,0.018,0.249,0.963
59750.98,-0.099,0.018,0.249,0.963
59766.47,-0.099,0.018,0.249,0.963
59766.65,-0.098,0.018,0.249,0.963
59766.84,-0.099,0.018,0.249,0.963
59767.2,-0.098,0.018,0.249,0.963
59767.2,-0.098,0.018,0.249,0.963
59767.38,-0.098,0.018,0.249,0.963
59767.57,-0.098,0.018,0.249,0.963
59767.75,-0.098,0.018,0.249,0.963
59767.93,-0.098,0.018,0.249,0.963
59768.11,-0.098,0.018,0.249,0.963
59768.29,-0.098,0.018,0.249,0.963
59768.48,-0.098,0.018,0.249,0.963
59768.66,-0.098,0.018,0.249,0.963
59769.21,-0.098,0.018,0.249,0.963
59769.39,-0.098,0.018,0.249,0.963
59769.57,-0.098,0.018,0.249,0.963
59769.75,-0.098,0.018,0.249,0.963
59769.94,-0.098,0.018,0.249,0.963
59770.12,-0.098,0.018,0.249,0.963
59770.3,-0.098,0.018,0.249,0.963
59779.41,-0.098,0.018,0.249,0.963
59779.6,-0.098,0.018,0.249,0.963
59779.78,-0.098,0.018,0.249,0.963
59779.96,-0.098,0.018,0.249,0.963
59780.14,-0.098,0.018,0.249,0.963
59780.33,-0.098,0.018,0.249,0.963
59780.51,-0.098,0.018,0.249,0.963
59780.69,-0.098,0.018,0.249,0.963
59780.87,-0.098,0.018,0.249,0.963
59781.5,-0.098,0.018,0.249,0.963
59781.24,-0.098,0.018,0.249,0.963
59781.42,-0.098,0.018,0.249,0.963
59781.6,-0.098,0.018,0.249,0.963
59781.78,-0.098,0.018,0.249,0.963
59781.97,-0.098,0.018,0.249,0.963
59784.15,-0.098,0.018,0.249,0.963
59784.34,-0.098,0.018,0.249,0.963
59784.52,-0.098,0.018,0.249,0.963
59784.7,-0.098,0.018,0.249,0.963
59784.88,-0.098,0.018,0.249,0.963
59785.7,-0.098,0.018,0.249,0.963
59785.25,-0.098,0.018,0.249,0.963
59785.43,-0.098,0.018,0.249,0.963
59785.61,-0.098,0.018,0.249,0.963
59785.79,-0.098,0.018,0.249,0.963
59785.98,-0.098,0.018,0.249,0.963
59786.16,-0.098,0.018,0.249,0.963
59786.34,-0.098,0.018,0.249,0.963
59786.52,-0.098,0.018,0.249,0.963
59786.71,-0.098,0.018,0.249,0.963
59786.89,-0.098,0.018,0.249,0.963
59787.7,-0.098,0.018,0.249,0.963
59787.25,-0.098,0.018,0.249,0.963
59787.44,-0.098,0.018,0.249,0.963
59787.62,-0.098,0.018,0.249,0.963
59787.8,-0.098,0.018,0.249,0.963
59788.53,-0.098,0.018,0.249,0.963
59788.71,-0.098,0.018,0.249,0.963
59788.89,-0.098,0.018,0.249,0.963
59789.8,-0.098,0.018,0.249,0.963
59789.26,-0.098,0.018,0.249,0.963
59789.44,-0.098,0.018,0.249,0.963
59789.62,-0.098,0.018,0.249,0.963
59789.81,-0.098,0.018,0.249,0.963
59793.63,-0.098,0.018,0.249,0.963
59793.82,-0.098,0.018,0.249,0.963
59794.0,-0.098,0.018,0.249,0.963
59794.18,-0.098,0.018,0.249,0.963
59794.36,-0.097,0.018,0.249,0.963
59794.54,-0.097,0.018,0.249,0.963
59794.73,-0.097,0.018,0.249,0.963
59794.91,-0.098,0.018,0.249,0.963
59798.37,-0.098,0.018,0.249,0.963
59798.56,-0.098,0.018,0.249,0.963
59798.74,-0.097,0.018,0.249,0.963
59798.92,-0.097,0.018,0.249,0.963
59799.1,-0.098,0.018,0.249,0.963
59799.28,-0.098,0.018,0.249,0.963
59799.47,-0.098,0.018,0.249,0.963
59799.65,-0.098,0.018,0.249,0.963
59799.83,-0.098,0.018,0.249,0.963
59800.1,-0.098,0.018,0.249,0.963
59800.2,-0.098,0.018,0.249,0.963
59800.38,-0.098,0.018,0.249,0.963
59800.56,-0.098,0.018,0.249,0.963
59800.74,-0.098,0.018,0.249,0.963
59800.92,-0.098,0.018,0.249,0.963
59801.11,-0.098,0.018,0.249,0.963
59801.29,-0.098,0.018,0.249,0.963
59801.47,-0.098,0.018,0.249,0.963
59801.65,-0.098,0.018,0.249,0.963
59801.84,-0.098,0.018,0.249,0.963
59802.2,-0.098,0.018,0.249,0.963
59802.2,-0.098,0.018,0.249,0.963
59802.38,-0.098,0.018,0.249,0.963
59802.57,-0.098,0.018,0.249,0.963
59802.75,-0.098,0.018,0.249,0.963
59802.93,-0.098,0.018,0.249,0.963
59803.11,-0.098,0.018,0.249,0.963
59803.29,-0.098,0.018,0.249,0.963
59803.48,-0.098,0.018,0.249,0.963
59803.66,-0.098,0.018,0.249,0.963
59803.84,-0.098,0.018,0.249,0.963
59804.2,-0.098,0.018,0.249,0.963
59804.21,-0.098,0.018,0.249,0.963
59804.39,-0.098,0.018,0.249,0.963
59804.57,-0.098,0.018,0.249,0.963
59804.75,-0.098,0.018,0.249,0.963
59804.94,-0.098,0.018,0.249,0.963
59805.12,-0.098,0.018,0.249,0.963
59805.3,-0.098,0.018,0.249,0.963
59805.48,-0.098,0.018,0.249,0.963
59805.66,-0.098,0.018,0.249,0.963
59805.85,-0.098,0.018,0.249,0.963
59806.3,-0.098,0.018,0.249,0.963
59806.21,-0.098,0.018,0.249,0.963
59806.39,-0.098,0.018,0.249,0.963
59806.58,-0.098,0.018,0.249,0.963
59806.76,-0.098,0.018,0.249,0.963
59806.94,-0.098,0.018,0.249,0.963
59807.12,-0.098,0.018,0.249,0.963
59807.3,-0.098,0.018,0.249,0.963
59807.49,-0.098,0.018,0.249,0.963
59807.67,-0.098,0.018,0.249,0.963
59807.85,-0.098,0.018,0.249,0.963
59808.3,-0.098,0.018,0.249,0.963
59808.22,-0.098,0.018,0.249,0.963
59808.4,-0.098,0.018,0.249,0.963
59808.58,-0.098,0.018,0.249,0.963
59808.76,-0.098,0.018,0.249,0.963
59808.95,-0.098,0.018,0.249,0.963
59809.13,-0.098,0.018,0.249,0.963
59809.31,-0.098,0.018,0.249,0.963
59809.49,-0.098,0.018,0.249,0.963
59809.67,-0.098,0.018,0.249,0.963
59809.86,-0.098,0.018,0.249,0.963
59810.4,-0.098,0.018,0.249,0.963
59810.22,-0.098,0.018,0.249,0.963
59810.4,-0.098,0.018,0.249,0.963
59810.59,-0.098,0.018,0.249,0.963
59810.77,-0.098,0.018,0.249,0.963
59810.95,-0.098,0.018,0.249,0.963
59811.13,-0.098,0.018,0.249,0.963
59811.31,-0.098,0.018,0.249,0.963
59813.32,-0.098,0.018,0.249,0.963
59813.5,-0.098,0.018,0.249,0.963
59813.68,-0.098,0.018,0.249,0.963
59813.87,-0.098,0.018,0.249,0.963
59814.5,-0.098,0.018,0.249,0.963
59814.23,-0.098,0.018,0.249,0.963
59814.41,-0.098,0.018,0.249,0.963
59814.6,-0.098,0.018,0.249,0.963
59814.78,-0.098,0.018,0.249,0.963
59814.96,-0.098,0.018,0.249,0.963
59815.14,-0.098,0.018,0.249,0.963
59815.33,-0.098,0.018,0.249,0.963
59815.51,-0.098,0.018,0.249,0.963
