timestamp,acc_x,acc_y,acc_z,gyro_x,gyro_y,gyro_z
117.6,-80.0,956.0,-178.0,0.49,-0.699,-0.49
117.78,-88.0,957.0,-175.0,0.56,-0.699,-0.56
117.96,-82.0,956.0,-177.0,0.349,-0.699,-0.699
118.11,-82.0,957.0,-177.0,0.349,-0.699,-0.49
118.33,-82.0,956.0,-178.0,0.49,-0.769,-0.56
118.51,-83.0,956.0,-176.0,0.419,-0.769,-0.419
118.69,-84.0,958.0,-178.0,0.28,-0.699,-0.699
118.88,-82.0,957.0,-177.0,0.419,-0.699,-0.56
119.6,-85.0,958.0,-177.0,0.49,-0.699,-0.56
119.24,-84.0,957.0,-176.0,0.349,-0.769,-0.56
122.7,-81.0,957.0,-179.0,0.56,-0.699,-0.49
122.88,-87.0,958.0,-176.0,0.49,-0.769,-0.699
123.7,-77.0,955.0,-178.0,0.49,-0.629,-0.49
123.25,-87.0,958.0,-178.0,0.349,-0.839,-0.56
123.43,-81.0,957.0,-176.0,0.49,-0.699,-0.629
123.61,-84.0,957.0,-178.0,0.419,-0.699,-0.49
123.8,-82.0,956.0,-176.0,0.49,-0.839,-0.629
123.98,-83.0,955.0,-177.0,0.28,-0.769,-0.49
124.16,-83.0,957.0,-177.0,0.49,-0.769,-0.56
124.34,-84.0,957.0,-176.0,0.349,-0.769,-0.56
124.53,-83.0,956.0,-177.0,0.419,-0.769,-0.629
124.71,-82.0,957.0,-177.0,0.419,-0.699,-0.56
124.89,-83.0,957.0,-177.0,0.419,-0.699,-0.49
125.7,-85.0,957.0,-177.0,0.349,-0.769,-0.629
125.25,-82.0,955.0,-178.0,0.349,-0.769,-0.56
125.44,-85.0,958.0,-177.0,0.349,-0.769,-0.629
125.62,-83.0,956.0,-178.0,0.419,-0.699,-0.56
125.8,-84.0,958.0,-178.0,0.49,-0.91,-0.629
125.98,-82.0,956.0,-178.0,0.49,-0.629,-0.49
130.91,-83.0,957.0,-177.0,0.49,-0.56,-0.349
131.9,-84.0,958.0,-177.0,0.349,-0.839,-0.56
131.27,-83.0,957.0,-176.0,0.419,-0.769,-0.56
131.45,-80.0,955.0,-178.0,0.419,-0.769,-0.56
131.63,-86.0,958.0,-177.0,0.49,-0.629,-0.349
131.82,-84.0,956.0,-178.0,0.419,-0.91,-0.699
132.0,-81.0,956.0,-176.0,0.49,-0.699,-0.419
132.18,-85.0,956.0,-177.0,0.349,-0.699,-0.629
132.36,-81.0,957.0,-177.0,0.49,-0.769,-0.56
132.55,-83.0,955.0,-177.0,0.349,-0.769,-0.629
132.73,-85.0,957.0,-177.0,0.49,-0.699,-0.49
132.91,-84.0,958.0,-177.0,0.28,-0.769,-0.699
133.9,-81.0,956.0,-176.0,0.349,-0.839,-0.56
133.27,-85.0,957.0,-177.0,0.419,-0.629,-0.419
133.46,-84.0,958.0,-176.0,0.419,-0.839,-0.56
133.64,-81.0,956.0,-177.0,0.49,-0.629,-0.49
133.82,-84.0,957.0,-177.0,0.349,-0.699,-0.56
134.0,-83.0,957.0,-178.0,0.56,-0.699,-0.56
134.19,-84.0,957.0,-175.0,0.419,-0.769,-0.56
134.37,-83.0,957.0,-178.0,0.56,-0.56,-0.419
134.55,-83.0,957.0,-176.0,0.419,-0.839,-0.629
134.73,-82.0,956.0,-178.0,0.419,-0.699,-0.49
134.92,-83.0,956.0,-177.0,0.49,-0.699,-0.56
135.1,-81.0,958.0,-171.0,0.07,-0.91,-0.769
135.28,-75.0,955.0,-182.0,0.49,-0.28,-0.209
135.46,-86.0,957.0,-176.0,0.56,-1.049,-0.629
135.64,-81.0,957.0,-176.0,0.28,-0.769,-0.56
135.83,-83.0,957.0,-176.0,0.419,-0.699,-0.49
136.1,-85.0,957.0,-178.0,0.349,-0.91,-0.629
136.19,-79.0,955.0,-178.0,0.49,-0.769,-0.49
136.37,-84.0,956.0,-178.0,0.419,-0.699,-0.56
136.56,-83.0,955.0,-177.0,0.349,-0.769,-0.56
136.74,-81.0,955.0,-179.0,0.419,-0.699,-0.56
136.92,-84.0,958.0,-176.0,0.419,-0.769,-0.49
141.11,-87.0,959.0,-178.0,0.349,-0.98,-0.769
141.3,-76.0,954.0,-176.0,0.56,-0.56,-0.349
141.48,-91.0,959.0,-177.0,0.28,-0.699,-0.56
141.66,-79.0,956.0,-175.0,0.419,-0.769,-0.629
141.84,-83.0,957.0,-177.0,0.419,-0.629,-0.419
142.2,-82.0,957.0,-175.0,0.419,-0.769,-0.56
142.21,-82.0,958.0,-178.0,0.419,-0.769,-0.56
142.39,-83.0,957.0,-176.0,0.419,-0.769,-0.56
142.57,-82.0,957.0,-178.0,0.49,-0.769,-0.56
142.75,-83.0,957.0,-176.0,0.419,-0.769,-0.49
142.94,-82.0,957.0,-177.0,0.419,-0.769,-0.56
143.12,-83.0,956.0,-177.0,0.419,-0.769,-0.49
143.3,-84.0,957.0,-178.0,0.49,-0.699,-0.56
143.48,-82.0,956.0,-177.0,0.419,-0.769,-0.56
143.66,-83.0,957.0,-176.0,0.49,-0.769,-0.49
143.85,-82.0,956.0,-176.0,0.419,-0.769,-0.56
144.3,-83.0,957.0,-176.0,0.419,-0.769,-0.49
144.21,-82.0,957.0,-176.0,0.419,-0.699,-0.49
144.39,-83.0,957.0,-176.0,0.49,-0.699,-0.56
144.58,-84.0,957.0,-176.0,0.419,-0.699,-0.49
147.49,-82.0,957.0,-177.0,0.49,-0.769,-0.56
147.68,-82.0,958.0,-177.0,0.419,-0.629,-0.49
147.86,-83.0,957.0,-177.0,0.419,-0.699,-0.49
148.4,-83.0,956.0,-177.0,0.419,-0.769,-0.49
148.22,-84.0,957.0,-177.0,0.349,-0.699,-0.56
148.4,-82.0,956.0,-177.0,0.419,-0.769,-0.49
148.59,-83.0,956.0,-176.0,0.419,-0.769,-0.56
148.77,-81.0,956.0,-177.0,0.419,-0.769,-0.49
148.95,-84.0,956.0,-176.0,0.349,-0.769,-0.56
149.13,-82.0,957.0,-177.0,0.349,-0.769,-0.56
149.32,-82.0,956.0,-177.0,0.419,-0.699,-0.49
149.5,-83.0,956.0,-177.0,0.419,-0.699,-0.56
149.68,-82.0,957.0,-177.0,0.349,-0.769,-0.629
149.86,-82.0,957.0,-177.0,0.419,-0.699,-0.56
150.4,-83.0,957.0,-177.0,0.349,-0.769,-0.56
150.23,-82.0,957.0,-177.0,0.419,-0.699,-0.49
150.41,-83.0,957.0,-177.0,0.56,-0.699,-0.49
150.59,-83.0,956.0,-177.0,0.419,-0.839,-0.56
150.77,-82.0,956.0,-178.0,0.49,-0.699,-0.56
150.96,-83.0,956.0,-177.0,0.419,-0.699,-0.419
151.14,-82.0,956.0,-177.0,0.419,-0.629,-0.56
151.32,-83.0,957.0,-177.0,0.419,-0.699,-0.56
151.5,-82.0,957.0,-177.0,0.419,-0.769,-0.56
151.69,-83.0,956.0,-177.0,0.419,-0.699,-0.56
151.87,-83.0,956.0,-177.0,0.49,-0.769,-0.629
152.5,-84.0,956.0,-178.0,0.419,-0.839,-0.49
152.23,-83.0,957.0,-178.0,0.419,-0.839,-0.56
152.41,-82.0,956.0,-178.0,0.49,-0.699,-0.56
152.6,-83.0,956.0,-178.0,0.49,-0.769,-0.49
152.78,-82.0,956.0,-179.0,0.49,-0.769,-0.56
152.96,-83.0,957.0,-178.0,0.419,-0.629,-0.56
153.14,-83.0,957.0,-178.0,0.419,-0.769,-0.629
153.33,-82.0,956.0,-179.0,0.419,-0.769,-0.56
153.51,-82.0,957.0,-177.0,0.419,-0.699,-0.56
153.69,-82.0,956.0,-178.0,0.419,-0.769,-0.49
153.87,-83.0,957.0,-177.0,0.419,-0.699,-0.49
154.6,-83.0,957.0,-177.0,0.419,-0.769,-0.49
154.24,-81.0,957.0,-177.0,0.419,-0.769,-0.56
154.42,-82.0,956.0,-178.0,0.419,-0.769,-0.56
154.6,-81.0,960.0,-178.0,0.419,-0.839,-0.56
154.78,-84.0,957.0,-177.0,0.49,-0.769,-0.56
154.97,-83.0,957.0,-178.0,0.349,-0.699,-0.629
155.15,-83.0,957.0,-176.0,0.419,-0.769,-0.56
155.33,-81.0,957.0,-179.0,0.349,-0.699,-0.699
155.51,-85.0,956.0,-177.0,0.49,-0.769,-0.349
155.7,-81.0,956.0,-178.0,0.349,-0.769,-0.699
156.6,-101.0,961.0,-177.0,0.98,-0.91,-0.839
156.24,-69.0,955.0,-176.0,-0.07,-0.91,-0.699
156.43,-85.0,956.0,-178.0,0.769,-0.209,-0.209
156.61,-84.0,958.0,-177.0,0.14,-1.259,-0.699
156.79,-81.0,956.0,-175.0,0.49,-0.49,-0.49
156.97,-83.0,958.0,-178.0,0.349,-0.769,-0.699
157.15,-81.0,956.0,-176.0,0.49,-0.769,-0.56
157.34,-83.0,957.0,-177.0,0.349,-0.839,-0.56
157.52,-82.0,955.0,-177.0,0.419,-0.839,-0.49
157.7,-83.0,957.0,-178.0,0.419,-0.769,-0.56
157.88,-82.0,956.0,-178.0,0.419,-0.629,-0.56
158.7,-83.0,958.0,-178.0,0.419,-0.699,-0.56
158.25,-81.0,957.0,-178.0,0.419,-0.699,-0.49
158.43,-84.0,957.0,-178.0,0.419,-0.769,-0.629
158.61,-82.0,956.0,-179.0,0.419,-0.769,-0.56
158.79,-83.0,957.0,-178.0,0.419,-0.699,-0.56
158.98,-83.0,956.0,-178.0,0.419,-0.839,-0.629
159.16,-84.0,956.0,-178.0,0.49,-0.769,-0.56
159.34,-83.0,957.0,-178.0,0.349,-0.699,-0.629
159.52,-85.0,957.0,-177.0,0.419,-0.769,-0.56
159.71,-83.0,957.0,-177.0,0.419,-0.699,-0.56
166.63,-85.0,957.0,-178.0,0.419,-0.769,-0.56
166.82,-83.0,957.0,-179.0,0.349,-0.769,-0.629
167.0,-84.0,956.0,-178.0,0.419,-0.699,-0.56
167.18,-82.0,956.0,-178.0,0.349,-0.769,-0.56
167.36,-83.0,957.0,-178.0,0.419,-0.699,-0.629
167.54,-84.0,956.0,-179.0,0.419,-0.769,-0.56
167.73,-83.0,957.0,-178.0,0.349,-0.769,-0.56
167.91,-83.0,956.0,-178.0,0.419,-0.769,-0.56
168.9,-84.0,957.0,-178.0,0.49,-0.769,-0.629
168.27,-83.0,957.0,-178.0,0.419,-0.769,-0.56
168.46,-83.0,957.0,-177.0,0.49,-0.769,-0.56
168.64,-84.0,957.0,-179.0,0.419,-0.769,-0.49
168.82,-85.0,958.0,-178.0,0.419,-0.769,-0.629
169.0,-82.0,956.0,-178.0,0.419,-0.769,-0.56
169.19,-83.0,956.0,-178.0,0.49,-0.699,-0.56
169.37,-83.0,956.0,-177.0,0.419,-0.769,-0.56
169.55,-84.0,957.0,-177.0,0.419,-0.769,-0.56
169.73,-83.0,957.0,-177.0,0.419,-0.699,-0.629
169.91,-83.0,957.0,-178.0,0.419,-0.699,-0.49
170.1,-85.0,957.0,-177.0,0.419,-0.769,-0.56
170.28,-82.0,956.0,-179.0,0.419,-0.769,-0.56
170.46,-84.0,956.0,-178.0,0.419,-0.699,-0.49
170.64,-82.0,957.0,-177.0,0.419,-0.839,-0.49
170.83,-83.0,957.0,-177.0,0.419,-0.769,-0.56
171.1,-83.0,957.0,-177.0,0.419,-0.839,-0.56
171.19,-82.0,957.0,-177.0,0.349,-0.769,-0.56
171.37,-80.0,961.0,-175.0,0.28,-0.769,-0.629
171.56,-90.0,956.0,-180.0,0.629,-0.769,-0.629
171.74,-81.0,957.0,-177.0,0.349,-1.049,-0.699
171.92,-83.0,957.0,-177.0,0.49,-0.629,-0.56
172.1,-84.0,961.0,-180.0,0.07,-1.049,-0.839
172.28,-80.0,955.0,-177.0,0.839,-0.56,-0.14
172.47,-93.0,960.0,-178.0,0.209,-1.12,-0.91
172.65,-74.0,954.0,-180.0,0.49,-0.629,-0.419
172.83,-90.0,959.0,-179.0,0.419,-0.91,-0.56
173.1,-79.0,956.0,-176.0,0.28,-0.769,-0.56
173.2,-85.0,958.0,-179.0,0.419,-0.769,-0.419
173.38,-83.0,955.0,-177.0,0.419,-0.839,-0.56
173.56,-84.0,958.0,-177.0,0.49,-0.769,-0.629
173.74,-81.0,955.0,-177.0,0.419,-0.699,-0.49
173.92,-85.0,957.0,-178.0,0.49,-0.769,-0.56
174.11,-81.0,956.0,-178.0,0.349,-0.769,-0.56
174.29,-83.0,957.0,-178.0,0.49,-0.699,-0.629
174.47,-82.0,956.0,-178.0,0.349,-0.699,-0.56
174.65,-84.0,958.0,-177.0,0.349,-0.699,-0.56
174.84,-83.0,956.0,-177.0,0.419,-0.769,-0.56
175.2,-84.0,957.0,-177.0,0.419,-0.839,-0.56
175.2,-84.0,956.0,-177.0,0.419,-0.769,-0.56
175.38,-83.0,956.0,-176.0,0.49,-0.699,-0.56
175.57,-83.0,956.0,-177.0,0.349,-0.839,-0.56
175.75,-83.0,956.0,-176.0,0.419,-0.699,-0.56
175.93,-86.0,958.0,-176.0,0.349,-0.769,-0.629
176.11,-83.0,956.0,-175.0,0.419,-0.629,-0.49
176.29,-85.0,958.0,-175.0,0.349,-0.769,-0.629
176.48,-82.0,957.0,-175.0,0.349,-0.769,-0.56
176.66,-84.0,957.0,-174.0,0.419,-0.699,-0.56
176.84,-84.0,956.0,-176.0,0.419,-0.769,-0.56
177.2,-84.0,956.0,-176.0,0.419,-0.629,-0.56
177.21,-84.0,957.0,-176.0,0.49,-0.839,-0.56
177.39,-82.0,957.0,-177.0,0.419,-0.769,-0.56
177.57,-83.0,957.0,-176.0,0.419,-0.699,-0.49
177.75,-84.0,956.0,-177.0,0.419,-0.769,-0.56
177.94,-83.0,957.0,-177.0,0.349,-0.769,-0.56
178.12,-83.0,956.0,-177.0,0.419,-0.769,-0.49
178.3,-83.0,956.0,-178.0,0.419,-0.769,-0.56
178.48,-83.0,957.0,-177.0,0.349,-0.769,-0.56
178.66,-84.0,957.0,-178.0,0.49,-0.699,-0.56
178.85,-83.0,957.0,-177.0,0.419,-0.699,-0.629
179.3,-84.0,957.0,-178.0,0.56,-0.769,-0.56
179.21,-82.0,955.0,-177.0,0.419,-0.769,-0.56
179.39,-85.0,957.0,-177.0,0.49,-0.769,-0.56
179.58,-83.0,956.0,-177.0,0.419,-0.769,-0.56
179.76,-84.0,957.0,-176.0,0.49,-0.769,-0.56
179.94,-82.0,957.0,-176.0,0.419,-0.699,-0.629
180.12,-83.0,957.0,-177.0,0.349,-0.699,-0.49
180.31,-83.0,957.0,-176.0,0.49,-0.769,-0.49
180.49,-84.0,958.0,-175.0,0.419,-0.769,-0.56
180.67,-83.0,957.0,-176.0,0.419,-0.769,-0.49
180.85,-83.0,957.0,-177.0,0.419,-0.699,-0.49
181.3,-82.0,957.0,-178.0,0.419,-0.769,-0.56
181.22,-84.0,957.0,-179.0,0.419,-0.629,-0.56
181.4,-83.0,957.0,-178.0,0.419,-0.769,-0.56
181.58,-83.0,957.0,-178.0,0.419,-0.699,-0.56
181.76,-83.0,957.0,-179.0,0.419,-0.699,-0.629
181.95,-82.0,957.0,-178.0,0.349,-0.699,-0.629
182.13,-83.0,957.0,-179.0,0.419,-0.699,-0.49
182.31,-84.0,958.0,-178.0,0.419,-0.769,-0.629
182.49,-81.0,957.0,-179.0,0.419,-0.629,-0.49
182.68,-85.0,958.0,-178.0,0.419,-0.769,-0.56
182.86,-82.0,956.0,-178.0,0.349,-0.699,-0.49
183.4,-85.0,958.0,-177.0,0.419,-0.839,-0.629
183.22,-81.0,955.0,-179.0,0.419,-0.629,-0.49
183.4,-86.0,958.0,-178.0,0.49,-0.769,-0.56
183.59,-82.0,956.0,-178.0,0.419,-0.699,-0.56
183.77,-84.0,957.0,-178.0,0.419,-0.699,-0.49
183.95,-83.0,957.0,-177.0,0.419,-0.769,-0.629
184.13,-82.0,956.0,-178.0,0.56,-0.629,-0.419
184.32,-84.0,958.0,-177.0,0.349,-0.839,-0.629
184.5,-82.0,956.0,-178.0,0.49,-0.629,-0.49
184.68,-85.0,957.0,-177.0,0.419,-0.839,-0.629
184.86,-82.0,956.0,-177.0,0.419,-0.699,-0.49
185.5,-84.0,956.0,-177.0,0.419,-0.699,-0.49
185.23,-84.0,956.0,-177.0,0.419,-0.839,-0.49
185.41,-83.0,957.0,-177.0,0.419,-0.769,-0.56
185.59,-84.0,957.0,-177.0,0.419,-0.699,-0.56
185.77,-81.0,956.0,-176.0,0.419,-0.699,-0.56
185.96,-84.0,957.0,-177.0,0.49,-0.629,-0.49
186.14,-82.0,958.0,-176.0,0.349,-0.98,-0.629
186.32,-81.0,956.0,-176.0,0.49,-0.629,-0.49
186.5,-85.0,958.0,-177.0,0.28,-0.839,-0.629
186.69,-82.0,956.0,-175.0,0.419,-0.699,-0.56
186.87,-84.0,957.0,-175.0,0.419,-0.839,-0.629
187.5,-82.0,957.0,-176.0,0.419,-0.769,-0.49
187.23,-83.0,957.0,-175.0,0.349,-0.769,-0.56
187.42,-83.0,955.0,-176.0,0.49,-0.769,-0.49
187.6,-85.0,958.0,-176.0,0.349,-0.699,-0.49
187.78,-84.0,957.0,-177.0,0.419,-0.769,-0.56
187.96,-83.0,956.0,-175.0,0.419,-0.839,-0.56
188.14,-84.0,957.0,-176.0,0.419,-0.699,-0.49
188.33,-85.0,956.0,-175.0,0.419,-0.769,-0.629
188.51,-82.0,956.0,-176.0,0.49,-0.699,-0.49
188.69,-82.0,957.0,-176.0,0.49,-0.769,-0.56
188.87,-82.0,957.0,-176.0,0.49,-0.699,-0.49
189.6,-85.0,957.0,-177.0,0.49,-0.769,-0.56
189.24,-82.0,957.0,-176.0,0.419,-0.839,-0.56
189.42,-85.0,957.0,-177.0,0.419,-0.629,-0.49
189.6,-84.0,958.0,-176.0,0.349,-0.839,-0.629
189.79,-82.0,957.0,-177.0,0.419,-0.699,-0.419
189.97,-85.0,957.0,-177.0,0.419,-0.839,-0.56
190.15,-83.0,958.0,-176.0,0.419,-0.769,-0.629
190.33,-83.0,956.0,-177.0,0.49,-0.699,-0.49
190.51,-84.0,958.0,-177.0,0.349,-0.839,-0.699
190.7,-81.0,955.0,-178.0,0.49,-0.629,-0.419
190.88,-88.0,957.0,-176.0,0.349,-0.769,-0.56
191.6,-81.0,956.0,-175.0,0.28,-0.839,-0.49
191.24,-85.0,957.0,-175.0,0.349,-0.699,-0.49
191.43,-83.0,958.0,-175.0,0.419,-0.699,-0.56
191.61,-84.0,958.0,-174.0,0.349,-0.91,-0.699
191.79,-81.0,957.0,-176.0,0.49,-0.629,-0.419
191.97,-87.0,958.0,-175.0,0.49,-0.839,-0.56
192.15,-83.0,956.0,-177.0,0.49,-0.91,-0.699
192.34,-83.0,956.0,-177.0,0.56,-0.699,-0.49
192.52,-84.0,957.0,-177.0,0.349,-0.769,-0.56
192.7,-85.0,957.0,-177.0,0.49,-0.629,-0.49
192.88,-82.0,957.0,-177.0,0.28,-0.769,-0.56
193.7,-83.0,958.0,-175.0,0.419,-0.699,-0.56
193.25,-83.0,957.0,-176.0,0.49,-0.699,-0.49
193.43,-83.0,957.0,-177.0,0.419,-0.839,-0.56
193.61,-85.0,955.0,-178.0,0.419,-0.629,-0.49
193.8,-84.0,955.0,-179.0,0.349,-0.839,-0.56
193.98,-83.0,956.0,-177.0,0.349,-0.769,-0.629
194.16,-83.0,958.0,-176.0,0.419,-0.769,-0.49
194.34,-82.0,957.0,-175.0,0.349,-0.769,-0.56
194.52,-84.0,958.0,-176.0,0.349,-0.769,-0.56
194.71,-85.0,958.0,-176.0,0.419,-0.839,-0.56
194.89,-83.0,956.0,-177.0,0.419,-0.91,-0.629
195.7,-84.0,958.0,-177.0,0.419,-0.839,-0.56
195.25,-82.0,956.0,-178.0,0.419,-0.699,-0.56
195.44,-85.0,957.0,-178.0,0.419,-0.699,-0.49
195.62,-85.0,957.0,-178.0,0.419,-0.769,-0.629
195.8,-82.0,955.0,-179.0,0.419,-0.699,-0.56
195.98,-85.0,957.0,-179.0,0.419,-0.769,-0.56
196.17,-82.0,956.0,-177.0,0.349,-0.769,-0.56
196.35,-84.0,957.0,-178.0,0.419,-0.699,-0.56
196.53,-81.0,956.0,-178.0,0.419,-0.839,-0.629
196.71,-86.0,957.0,-178.0,0.56,-0.699,-0.56
196.89,-82.0,955.0,-179.0,0.28,-0.769,-0.769
197.8,-86.0,957.0,-178.0,0.419,-0.769,-0.49
197.26,-83.0,957.0,-177.0,0.349,-0.769,-0.699
197.44,-84.0,956.0,-178.0,0.49,-0.629,-0.49
197.62,-84.0,957.0,-176.0,0.349,-0.91,-0.699
197.81,-82.0,957.0,-177.0,0.49,-0.629,-0.419
197.99,-85.0,957.0,-176.0,0.349,-0.839,-0.629
198.17,-82.0,956.0,-178.0,0.419,-0.769,-0.49
198.35,-84.0,957.0,-176.0,0.419,-0.769,-0.56
198.54,-84.0,957.0,-177.0,0.49,-0.769,-0.56
198.72,-83.0,956.0,-176.0,0.49,-0.769,-0.49
198.9,-84.0,958.0,-175.0,0.49,-0.769,-0.56
199.8,-84.0,956.0,-176.0,0.349,-0.699,-0.56
199.26,-85.0,958.0,-176.0,0.419,-0.699,-0.629
199.45,-81.0,956.0,-177.0,0.349,-0.699,-0.56
199.63,-85.0,957.0,-176.0,0.419,-0.769,-0.56
199.81,-81.0,955.0,-177.0,0.349,-0.769,-0.56
199.99,-84.0,956.0,-178.0,0.419,-0.629,-0.56
200.18,-84.0,957.0,-178.0,0.419,-0.839,-0.629
200.36,-83.0,957.0,-178.0,0.349,-0.769,-0.49
200.54,-83.0,956.0,-178.0,0.419,-0.839,-0.49
200.72,-84.0,958.0,-179.0,0.349,-0.839,-0.629
203.28,-82.0,957.0,-178.0,0.419,-0.769,-0.49
203.46,-83.0,957.0,-178.0,0.419,-0.629,-0.419
203.64,-84.0,956.0,-177.0,0.419,-0.769,-0.56
203.82,-83.0,957.0,-177.0,0.49,-0.769,-0.56
204.0,-83.0,957.0,-177.0,0.49,-0.769,-0.629
204.19,-83.0,956.0,-178.0,0.349,-0.699,-0.56
204.37,-83.0,957.0,-177.0,0.419,-0.699,-0.49
204.55,-82.0,957.0,-177.0,0.49,-0.769,-0.49
204.73,-84.0,956.0,-178.0,0.49,-0.769,-0.56
204.92,-83.0,957.0,-177.0,0.49,-0.839,-0.56
205.1,-82.0,956.0,-178.0,0.49,-0.769,-0.56
205.28,-83.0,955.0,-178.0,0.419,-0.699,-0.49
205.46,-84.0,958.0,-177.0,0.49,-0.699,-0.699
205.65,-81.0,956.0,-176.0,0.349,-0.699,-0.49
205.83,-84.0,956.0,-177.0,0.419,-0.769,-0.49
206.1,-84.0,958.0,-177.0,0.349,-0.769,-0.56
206.19,-81.0,956.0,-175.0,0.49,-0.769,-0.56
206.37,-84.0,956.0,-177.0,0.349,-0.769,-0.56
206.56,-82.0,956.0,-178.0,0.56,-0.699,-0.56
206.74,-84.0,957.0,-176.0,0.419,-0.769,-0.629
206.92,-81.0,957.0,-177.0,0.349,-0.629,-0.49
207.1,-84.0,957.0,-177.0,0.419,-0.629,-0.49
207.29,-83.0,958.0,-176.0,0.349,-0.839,-0.56
207.47,-83.0,958.0,-177.0,0.419,-0.769,-0.629
207.65,-82.0,957.0,-175.0,0.349,-0.629,-0.49
207.83,-85.0,957.0,-178.0,0.419,-0.629,-0.419
208.1,-83.0,956.0,-178.0,0.49,-0.769,-0.56
208.2,-82.0,955.0,-177.0,0.419,-0.769,-0.49
208.38,-84.0,956.0,-176.0,0.419,-0.769,-0.49
208.56,-82.0,958.0,-178.0,0.349,-0.699,-0.56
208.74,-84.0,957.0,-176.0,0.56,-0.629,-0.56
208.93,-81.0,956.0,-178.0,0.349,-0.769,-0.56
209.11,-86.0,958.0,-176.0,0.349,-0.769,-0.629
209.29,-81.0,956.0,-178.0,0.419,-0.839,-0.56
209.47,-85.0,957.0,-177.0,0.49,-0.699,-0.629
209.66,-82.0,956.0,-177.0,0.349,-0.839,-0.629
209.84,-81.0,955.0,-179.0,0.56,-0.699,-0.419
210.2,-83.0,957.0,-175.0,0.349,-0.839,-0.629
210.2,-83.0,956.0,-178.0,0.49,-0.629,-0.49
210.38,-82.0,958.0,-175.0,0.419,-0.91,-0.629
210.57,-80.0,955.0,-178.0,0.419,-0.699,-0.49
210.75,-84.0,957.0,-175.0,0.349,-0.839,-0.56
210.93,-83.0,957.0,-177.0,0.419,-0.769,-0.49
211.11,-83.0,957.0,-175.0,0.28,-0.769,-0.699
211.3,-84.0,957.0,-178.0,0.49,-0.699,-0.49
211.48,-80.0,958.0,-178.0,0.419,-0.769,-0.49
211.66,-84.0,957.0,-177.0,0.49,-0.629,-0.56
211.84,-86.0,957.0,-178.0,0.419,-0.699,-0.56
212.3,-83.0,957.0,-177.0,0.349,-0.699,-0.49
212.21,-84.0,956.0,-178.0,0.419,-0.769,-0.49
212.39,-83.0,957.0,-176.0,0.419,-0.699,-0.56
212.57,-82.0,955.0,-179.0,0.419,-0.699,-0.49
212.76,-89.0,958.0,-177.0,0.49,-0.98,-0.699
212.94,-81.0,955.0,-179.0,0.629,-0.769,-0.699
213.12,-80.0,954.0,-178.0,0.209,-0.769,-0.56
213.3,-82.0,956.0,-178.0,0.699,-0.49,-0.419
213.48,-86.0,959.0,-176.0,0.209,-1.049,-0.769
213.67,-78.0,954.0,-178.0,0.49,-0.49,-0.349
213.85,-86.0,957.0,-176.0,0.349,-0.769,-0.699
214.3,-83.0,957.0,-177.0,0.419,-0.769,-0.56
214.21,-78.0,954.0,-178.0,0.14,-0.91,-0.56
214.4,-85.0,959.0,-176.0,0.49,-0.769,-0.419
214.58,-81.0,956.0,-179.0,0.349,-0.839,-0.56
214.76,-81.0,956.0,-176.0,0.349,-0.91,-0.56
214.94,-82.0,959.0,-176.0,0.419,-0.769,-0.419
215.13,-82.0,956.0,-177.0,0.349,-0.699,-0.419
215.31,-80.0,953.0,-178.0,0.349,-0.839,-0.49
215.49,-90.0,960.0,-174.0,0.49,-0.839,-0.629
215.67,-77.0,955.0,-180.0,0.349,-0.839,-0.56
215.85,-81.0,958.0,-177.0,0.49,-0.91,-0.49
216.4,-81.0,955.0,-178.0,0.49,-0.56,-0.28
216.22,-84.0,957.0,-177.0,0.14,-0.91,-0.769
216.4,-81.0,958.0,-176.0,0.419,-0.769,-0.349
216.58,-81.0,955.0,-177.0,0.28,-0.839,-0.56
216.77,-86.0,957.0,-176.0,0.419,-0.769,-0.419
216.95,-86.0,959.0,-176.0,0.419,-0.699,-0.629
217.13,-78.0,955.0,-179.0,0.419,-0.699,-0.56
217.31,-85.0,957.0,-177.0,0.49,-0.839,-0.56
217.5,-81.0,954.0,-179.0,0.349,-0.839,-0.49
217.68,-83.0,956.0,-178.0,0.349,-0.699,-0.49
217.86,-83.0,957.0,-176.0,0.28,-0.769,-0.56
218.4,-83.0,956.0,-177.0,0.349,-0.699,-0.56
218.23,-83.0,957.0,-177.0,0.419,-0.839,-0.49
218.41,-83.0,958.0,-176.0,0.28,-0.839,-0.49
218.59,-82.0,958.0,-177.0,0.49,-0.699,-0.49
218.77,-87.0,958.0,-177.0,0.56,-0.769,-0.699
218.95,-83.0,954.0,-179.0,0.419,-0.769,-0.699
219.14,-83.0,956.0,-178.0,0.349,-0.769,-0.49
219.32,-82.0,956.0,-178.0,0.349,-0.769,-0.419
219.5,-85.0,958.0,-178.0,0.419,-0.769,-0.49
219.68,-81.0,955.0,-178.0,0.419,-0.699,-0.56
219.87,-83.0,958.0,-178.0,0.419,-0.699,-0.56
220.5,-84.0,957.0,-178.0,0.419,-0.699,-0.56
220.23,-82.0,956.0,-177.0,0.49,-0.769,-0.629
220.41,-83.0,956.0,-177.0,0.56,-0.699,-0.419
220.6,-85.0,958.0,-177.0,0.349,-0.769,-0.629
220.78,-83.0,956.0,-178.0,0.49,-0.699,-0.419
220.96,-84.0,958.0,-178.0,0.349,-0.769,-0.699
221.14,-83.0,956.0,-178.0,0.49,-0.629,-0.349
221.32,-85.0,958.0,-177.0,0.28,-0.839,-0.699
221.51,-82.0,957.0,-176.0,0.419,-0.629,-0.49
221.69,-86.0,959.0,-177.0,0.419,-0.769,-0.56
221.87,-81.0,955.0,-179.0,0.419,-0.769,-0.56
222.5,-87.0,956.0,-176.0,0.56,-0.839,-0.629
222.24,-84.0,953.0,-177.0,0.49,-0.91,-0.56
222.42,-86.0,957.0,-178.0,0.419,-0.49,-0.49
222.6,-86.0,959.0,-176.0,0.349,-0.91,-0.699
222.78,-78.0,956.0,-177.0,0.419,-0.769,-0.49
222.97,-86.0,958.0,-176.0,0.419,-0.699,-0.49
223.15,-82.0,957.0,-177.0,0.419,-0.839,-0.629
223.33,-83.0,957.0,-177.0,0.56,-0.699,-0.49
223.51,-82.0,957.0,-178.0,0.419,-0.769,-0.629
223.69,-83.0,957.0,-178.0,0.49,-0.699,-0.49
223.88,-83.0,958.0,-179.0,0.349,-0.839,-0.629
224.6,-84.0,957.0,-178.0,0.419,-0.769,-0.56
224.24,-83.0,956.0,-178.0,0.419,-0.769,-0.629
224.42,-82.0,956.0,-178.0,0.419,-0.699,-0.49
224.61,-84.0,958.0,-178.0,0.419,-0.769,-0.56
224.79,-82.0,956.0,-178.0,0.419,-0.769,-0.49
224.97,-83.0,956.0,-178.0,0.419,-0.769,-0.56
225.15,-82.0,956.0,-179.0,0.419,-0.699,-0.629
225.34,-83.0,957.0,-179.0,0.419,-0.769,-0.56
225.52,-83.0,958.0,-178.0,0.49,-0.769,-0.56
225.7,-82.0,957.0,-177.0,0.349,-0.699,-0.49
225.88,-83.0,957.0,-177.0,0.349,-0.769,-0.629
226.7,-82.0,956.0,-177.0,0.419,-0.769,-0.56
226.25,-83.0,957.0,-177.0,0.419,-0.769,-0.56
226.43,-81.0,956.0,-178.0,0.49,-0.769,-0.56
226.61,-84.0,957.0,-178.0,0.49,-0.699,-0.56
226.79,-82.0,958.0,-177.0,0.349,-0.769,-0.56
226.98,-83.0,957.0,-177.0,0.49,-0.699,-0.56
227.16,-82.0,956.0,-177.0,0.419,-0.839,-0.629
227.34,-82.0,957.0,-178.0,0.419,-0.699,-0.49
227.52,-82.0,957.0,-177.0,0.349,-0.769,-0.56
227.71,-82.0,957.0,-178.0,0.419,-0.769,-0.49
227.89,-83.0,957.0,-177.0,0.419,-0.769,-0.56
228.7,-82.0,957.0,-179.0,0.419,-0.769,-0.56
228.25,-82.0,956.0,-177.0,0.419,-0.699,-0.56
228.44,-83.0,956.0,-177.0,0.419,-0.699,-0.56
228.62,-84.0,957.0,-177.0,0.419,-0.699,-0.56
228.8,-83.0,956.0,-177.0,0.419,-0.769,-0.56
228.98,-82.0,956.0,-177.0,0.349,-0.769,-0.56
229.16,-83.0,957.0,-177.0,0.49,-0.769,-0.56
229.35,-84.0,957.0,-178.0,0.419,-0.839,-0.56
229.53,-83.0,957.0,-178.0,0.349,-0.769,-0.49
229.71,-83.0,957.0,-178.0,0.49,-0.699,-0.49
229.89,-83.0,957.0,-177.0,0.419,-0.769,-0.56
230.8,-85.0,956.0,-177.0,0.419,-0.699,-0.419
230.26,-84.0,957.0,-178.0,0.49,-0.769,-0.629
230.44,-83.0,957.0,-179.0,0.49,-0.699,-0.49
230.62,-84.0,956.0,-179.0,0.49,-0.769,-0.56
230.81,-82.0,957.0,-178.0,0.49,-0.769,-0.56
230.99,-85.0,957.0,-179.0,0.49,-0.699,-0.56
231.17,-83.0,956.0,-179.0,0.349,-0.839,-0.699
231.35,-83.0,957.0,-178.0,0.419,-0.699,-0.419
231.53,-83.0,957.0,-178.0,0.349,-0.769,-0.56
231.72,-83.0,956.0,-179.0,0.419,-0.699,-0.56
231.9,-84.0,957.0,-178.0,0.49,-0.769,-0.629
232.8,-84.0,957.0,-178.0,0.49,-0.769,-0.56
232.26,-83.0,957.0,-177.0,0.419,-0.839,-0.629
232.45,-82.0,956.0,-178.0,0.49,-0.769,-0.56
232.63,-83.0,956.0,-176.0,0.349,-0.699,-0.56
232.81,-84.0,958.0,-177.0,0.419,-0.769,-0.56
232.99,-81.0,957.0,-176.0,0.28,-0.769,-0.56
233.18,-84.0,957.0,-178.0,0.49,-0.56,-0.56
233.36,-84.0,958.0,-177.0,0.419,-0.839,-0.699
233.54,-82.0,956.0,-179.0,0.49,-0.699,-0.49
233.72,-84.0,957.0,-178.0,0.419,-0.839,-0.629
233.91,-83.0,956.0,-179.0,0.349,-0.699,-0.49
234.9,-83.0,956.0,-179.0,0.349,-0.839,-0.56
234.27,-83.0,956.0,-178.0,0.419,-0.699,-0.49
234.45,-83.0,957.0,-177.0,0.349,-0.769,-0.56
234.63,-85.0,956.0,-177.0,0.419,-0.769,-0.56
234.82,-82.0,957.0,-177.0,0.419,-0.699,-0.49
235.0,-84.0,957.0,-177.0,0.56,-0.769,-0.49
235.18,-82.0,957.0,-177.0,0.419,-0.91,-0.56
235.36,-82.0,956.0,-177.0,0.419,-0.629,-0.49
235.55,-84.0,957.0,-178.0,0.419,-0.769,-0.629
235.73,-82.0,957.0,-177.0,0.419,-0.769,-0.56
235.91,-83.0,957.0,-177.0,0.419,-0.699,-0.56
236.9,-82.0,956.0,-178.0,0.349,-0.699,-0.56
236.28,-83.0,957.0,-178.0,0.419,-0.699,-0.56
236.46,-83.0,957.0,-178.0,0.419,-0.769,-0.629
236.64,-82.0,956.0,-177.0,0.49,-0.699,-0.49
236.82,-84.0,957.0,-177.0,0.49,-0.769,-0.49
237.0,-82.0,956.0,-177.0,0.419,-0.769,-0.56
237.19,-84.0,958.0,-178.0,0.49,-0.629,-0.56
237.37,-82.0,957.0,-177.0,0.419,-0.769,-0.629
237.55,-82.0,957.0,-177.0,0.419,-0.699,-0.49
237.73,-83.0,956.0,-177.0,0.349,-0.769,-0.629
237.92,-82.0,957.0,-176.0,0.419,-0.699,-0.49
238.1,-83.0,957.0,-177.0,0.49,-0.699,-0.56
238.28,-83.0,957.0,-178.0,0.49,-0.699,-0.56
238.46,-83.0,957.0,-177.0,0.49,-0.769,-0.629
238.64,-82.0,956.0,-179.0,0.419,-0.699,-0.419
238.83,-83.0,956.0,-178.0,0.419,-0.699,-0.56
239.1,-82.0,957.0,-179.0,0.419,-0.769,-0.49
239.19,-83.0,956.0,-179.0,0.419,-0.699,-0.56
239.37,-83.0,958.0,-178.0,0.419,-0.769,-0.56
239.56,-82.0,955.0,-178.0,0.349,-0.699,-0.56
239.74,-83.0,957.0,-178.0,0.419,-0.769,-0.629
239.92,-81.0,957.0,-177.0,0.49,-0.699,-0.56
240.1,-84.0,956.0,-178.0,0.419,-0.769,-0.56
240.29,-82.0,956.0,-178.0,0.419,-0.839,-0.629
240.47,-83.0,957.0,-177.0,0.419,-0.699,-0.49
240.65,-84.0,957.0,-178.0,0.419,-0.769,-0.56
240.83,-83.0,957.0,-177.0,0.419,-0.769,-0.56
241.1,-85.0,957.0,-177.0,0.56,-0.699,-0.49
241.2,-83.0,957.0,-178.0,0.419,-0.769,-0.56
241.38,-82.0,957.0,-178.0,0.419,-0.629,-0.49
241.56,-84.0,957.0,-177.0,0.349,-0.839,-0.629
241.74,-81.0,957.0,-178.0,0.49,-0.629,-0.49
241.93,-83.0,958.0,-177.0,0.349,-0.769,-0.56
242.11,-83.0,956.0,-177.0,0.49,-0.629,-0.56
242.29,-84.0,957.0,-176.0,0.349,-0.769,-0.56
242.47,-83.0,956.0,-178.0,0.56,-0.699,-0.49
242.66,-83.0,958.0,-176.0,0.419,-0.839,-0.629
242.84,-82.0,956.0,-177.0,0.49,-0.699,-0.419
243.2,-83.0,957.0,-177.0,0.349,-0.769,-0.629
243.2,-83.0,957.0,-177.0,0.419,-0.699,-0.49
243.38,-84.0,957.0,-178.0,0.49,-0.769,-0.56
249.58,-80.0,955.0,-178.0,0.419,-0.699,-0.49
249.77,-85.0,958.0,-177.0,0.419,-0.769,-0.49
249.95,-81.0,956.0,-177.0,0.349,-0.769,-0.49
250.13,-84.0,958.0,-176.0,0.349,-0.699,-0.49
250.31,-82.0,957.0,-175.0,0.419,-0.839,-0.56
250.49,-83.0,957.0,-176.0,0.49,-0.699,-0.49
250.68,-83.0,956.0,-177.0,0.349,-0.769,-0.629
250.86,-83.0,957.0,-177.0,0.49,-0.699,-0.56
251.4,-82.0,956.0,-177.0,0.419,-0.769,-0.49
251.22,-85.0,957.0,-177.0,0.49,-0.769,-0.49
251.41,-82.0,957.0,-177.0,0.419,-0.839,-0.629
251.59,-84.0,957.0,-177.0,0.49,-0.699,-0.49
251.77,-84.0,957.0,-176.0,0.349,-0.839,-0.629
251.95,-83.0,957.0,-177.0,0.56,-0.699,-0.49
252.14,-84.0,956.0,-177.0,0.349,-0.839,-0.699
252.32,-84.0,956.0,-177.0,0.419,-0.699,-0.56
252.5,-85.0,956.0,-177.0,0.419,-0.769,-0.629
252.68,-81.0,956.0,-177.0,0.56,-0.699,-0.56
252.86,-83.0,958.0,-176.0,0.419,-0.769,-0.699
253.5,-83.0,956.0,-178.0,0.349,-0.699,-0.49
253.23,-85.0,957.0,-177.0,0.49,-0.699,-0.56
253.41,-84.0,959.0,-175.0,0.49,-0.91,-0.56
253.59,-85.0,957.0,-179.0,0.419,-0.56,-0.28
253.78,-83.0,955.0,-177.0,0.28,-0.91,-0.699
253.96,-82.0,957.0,-176.0,0.49,-0.699,-0.49
254.14,-84.0,955.0,-178.0,0.349,-0.629,-0.56
254.32,-85.0,957.0,-180.0,0.56,-0.839,-0.49
254.51,-82.0,957.0,-174.0,0.419,-0.839,-0.56
254.69,-81.0,956.0,-181.0,0.209,-0.419,-0.49
254.87,-85.0,958.0,-175.0,0.56,-0.769,-0.56
255.5,-81.0,957.0,-177.0,0.349,-0.769,-0.49
255.23,-85.0,957.0,-178.0,0.349,-0.699,-0.419
255.42,-82.0,957.0,-179.0,0.49,-0.839,-0.629
255.6,-82.0,956.0,-176.0,0.28,-0.56,-0.419
255.78,-82.0,956.0,-180.0,0.56,-0.769,-0.56
255.96,-83.0,956.0,-178.0,0.349,-0.769,-0.49
256.15,-81.0,957.0,-177.0,0.49,-0.769,-0.56
256.33,-84.0,958.0,-178.0,0.28,-0.839,-0.56
256.51,-82.0,957.0,-177.0,0.56,-0.629,-0.49
256.69,-85.0,958.0,-178.0,0.419,-0.839,-0.629
256.87,-80.0,956.0,-177.0,0.56,-0.769,-0.49
257.6,-84.0,957.0,-178.0,0.349,-0.699,-0.49
257.24,-85.0,956.0,-176.0,0.209,-0.699,-0.56
257.42,-83.0,957.0,-177.0,0.419,-0.629,-0.629
257.6,-82.0,957.0,-177.0,0.49,-0.699,-0.419
257.79,-85.0,959.0,-175.0,0.49,-0.769,-0.629
257.97,-81.0,955.0,-178.0,0.419,-0.629,-0.49
258.15,-84.0,957.0,-177.0,0.28,-0.769,-0.49
258.33,-84.0,956.0,-178.0,0.419,-0.629,-0.56
258.52,-83.0,956.0,-177.0,0.419,-0.769,-0.629
258.7,-83.0,956.0,-177.0,0.349,-0.699,-0.49
258.88,-83.0,957.0,-176.0,0.419,-0.699,-0.629
259.6,-82.0,956.0,-176.0,0.28,-0.769,-0.56
259.24,-83.0,958.0,-176.0,0.49,-0.839,-0.699
259.43,-84.0,957.0,-176.0,0.419,-0.839,-0.56
259.61,-83.0,957.0,-176.0,0.56,-0.769,-0.629
259.79,-82.0,957.0,-178.0,0.419,-0.769,-0.56
259.97,-83.0,956.0,-177.0,0.419,-0.769,-0.56
260.16,-84.0,957.0,-177.0,0.419,-0.769,-0.49
260.34,-83.0,956.0,-177.0,0.419,-0.699,-0.56
260.52,-83.0,957.0,-177.0,0.349,-0.769,-0.56
260.7,-83.0,955.0,-177.0,0.419,-0.699,-0.56
260.89,-83.0,957.0,-177.0,0.49,-0.839,-0.629
261.7,-83.0,956.0,-177.0,0.49,-0.769,-0.419
261.25,-83.0,956.0,-177.0,0.49,-0.839,-0.629
261.43,-82.0,956.0,-177.0,0.349,-0.699,-0.56
261.61,-83.0,956.0,-177.0,0.49,-0.769,-0.56
261.8,-82.0,956.0,-177.0,0.349,-0.769,-0.56
261.98,-82.0,956.0,-177.0,0.49,-0.769,-0.56
262.16,-83.0,956.0,-176.0,0.419,-0.769,-0.56
262.34,-81.0,956.0,-177.0,0.419,-0.699,-0.49
262.53,-83.0,957.0,-177.0,0.419,-0.699,-0.56
262.71,-82.0,956.0,-177.0,0.419,-0.769,-0.56
262.89,-84.0,957.0,-177.0,0.49,-0.769,-0.49
263.7,-82.0,956.0,-176.0,0.419,-0.699,-0.49
263.26,-84.0,956.0,-177.0,0.419,-0.769,-0.49
263.44,-83.0,956.0,-178.0,0.49,-0.699,-0.56
263.62,-84.0,957.0,-177.0,0.349,-0.769,-0.56
263.8,-82.0,956.0,-178.0,0.419,-0.769,-0.49
263.98,-82.0,957.0,-177.0,0.349,-0.769,-0.56
264.17,-83.0,958.0,-177.0,0.419,-0.839,-0.56
264.35,-82.0,956.0,-177.0,0.349,-0.699,-0.49
264.53,-83.0,956.0,-178.0,0.419,-0.769,-0.629
264.71,-83.0,956.0,-178.0,0.49,-0.699,-0.49
264.9,-84.0,956.0,-178.0,0.419,-0.769,-0.56
265.8,-83.0,956.0,-178.0,0.349,-0.699,-0.49
265.26,-82.0,956.0,-178.0,0.349,-0.769,-0.629
265.44,-83.0,957.0,-177.0,0.349,-0.699,-0.419
265.62,-82.0,958.0,-176.0,0.49,-0.769,-0.56
265.81,-82.0,955.0,-177.0,0.419,-0.699,-0.49
265.99,-83.0,956.0,-176.0,0.49,-0.699,-0.56
266.17,-83.0,956.0,-177.0,0.349,-0.769,-0.49
266.35,-82.0,957.0,-176.0,0.49,-0.769,-0.56
266.54,-82.0,957.0,-178.0,0.349,-0.769,-0.49
266.72,-82.0,956.0,-176.0,0.49,-0.699,-0.49
266.9,-84.0,956.0,-177.0,0.349,-0.699,-0.56
267.8,-83.0,957.0,-177.0,0.419,-0.769,-0.629
267.27,-83.0,957.0,-177.0,0.49,-0.769,-0.49
267.45,-84.0,957.0,-176.0,0.349,-0.769,-0.56
267.63,-81.0,956.0,-177.0,0.419,-0.769,-0.49
267.81,-83.0,957.0,-177.0,0.419,-0.699,-0.56
267.99,-83.0,956.0,-177.0,0.49,-0.699,-0.56
268.18,-83.0,956.0,-177.0,0.349,-0.699,-0.56
268.36,-84.0,957.0,-177.0,0.49,-0.769,-0.56
268.54,-83.0,956.0,-177.0,0.349,-0.769,-0.629
268.72,-82.0,956.0,-176.0,0.419,-0.769,-0.49
268.91,-83.0,957.0,-177.0,0.419,-0.769,-0.49
269.9,-83.0,956.0,-176.0,0.419,-0.769,-0.629
269.27,-83.0,957.0,-177.0,0.49,-0.769,-0.629
269.45,-82.0,956.0,-177.0,0.419,-0.699,-0.49
269.64,-83.0,956.0,-177.0,0.419,-0.769,-0.56
269.82,-82.0,956.0,-175.0,0.419,-0.699,-0.56
270.0,-83.0,957.0,-177.0,0.419,-0.769,-0.56
270.18,-82.0,956.0,-176.0,0.419,-0.699,-0.56
270.36,-84.0,957.0,-176.0,0.349,-0.91,-0.56
270.55,-83.0,957.0,-176.0,0.49,-0.699,-0.56
270.73,-84.0,956.0,-176.0,0.349,-0.769,-0.56
270.91,-83.0,956.0,-177.0,0.49,-0.699,-0.56
271.9,-83.0,957.0,-177.0,0.49,-0.769,-0.56
271.28,-82.0,957.0,-177.0,0.419,-0.699,-0.56
271.46,-83.0,956.0,-177.0,0.419,-0.699,-0.56
271.64,-83.0,958.0,-177.0,0.349,-0.839,-0.629
271.82,-83.0,956.0,-177.0,0.49,-0.699,-0.49
272.1,-82.0,957.0,-177.0,0.419,-0.769,-0.629
272.19,-82.0,957.0,-177.0,0.49,-0.769,-0.49
272.37,-82.0,956.0,-178.0,0.419,-0.699,-0.56
272.55,-82.0,956.0,-177.0,0.49,-0.769,-0.49
272.73,-83.0,957.0,-178.0,0.419,-0.699,-0.629
272.92,-81.0,957.0,-177.0,0.419,-0.769,-0.56
273.1,-84.0,958.0,-177.0,0.349,-0.769,-0.56
273.28,-82.0,957.0,-177.0,0.349,-0.699,-0.49
273.46,-84.0,957.0,-178.0,0.419,-0.699,-0.49
273.65,-82.0,957.0,-176.0,0.28,-0.769,-0.629
273.83,-81.0,955.0,-180.0,0.49,-0.699,-0.49
274.1,-86.0,958.0,-176.0,0.419,-0.839,-0.56
274.19,-81.0,956.0,-178.0,0.419,-0.769,-0.629
274.38,-83.0,957.0,-178.0,0.419,-0.839,-0.49
274.56,-82.0,956.0,-179.0,0.419,-0.769,-0.56
274.74,-83.0,957.0,-177.0,0.419,-0.629,-0.56
274.92,-81.0,955.0,-179.0,0.419,-0.769,-0.56
275.1,-82.0,956.0,-177.0,0.49,-0.839,-0.49
275.29,-82.0,957.0,-178.0,0.49,-0.769,-0.629
275.47,-82.0,957.0,-178.0,0.419,-0.699,-0.56
275.65,-81.0,956.0,-179.0,0.419,-0.769,-0.629
275.83,-84.0,957.0,-178.0,0.419,-0.699,-0.49
276.2,-83.0,956.0,-179.0,0.49,-0.769,-0.629
276.2,-82.0,956.0,-178.0,0.419,-0.699,-0.56
278.75,-82.0,956.0,-178.0,0.419,-0.769,-0.56
278.93,-84.0,957.0,-177.0,0.349,-0.769,-0.49
279.12,-83.0,956.0,-177.0,0.419,-0.629,-0.49
279.3,-82.0,957.0,-177.0,0.349,-0.769,-0.629
279.48,-82.0,956.0,-177.0,0.419,-0.629,-0.49
279.66,-83.0,957.0,-177.0,0.349,-0.699,-0.56
279.84,-83.0,957.0,-177.0,0.419,-0.699,-0.56
280.3,-83.0,956.0,-178.0,0.49,-0.699,-0.49
280.21,-83.0,956.0,-178.0,0.419,-0.699,-0.56
280.39,-82.0,956.0,-178.0,0.419,-0.769,-0.56
280.57,-82.0,957.0,-177.0,0.419,-0.699,-0.49
280.76,-84.0,957.0,-178.0,0.419,-0.699,-0.49
280.94,-82.0,957.0,-177.0,0.419,-0.769,-0.629
281.12,-82.0,956.0,-178.0,0.49,-0.629,-0.419
281.3,-85.0,958.0,-178.0,0.419,-0.839,-0.56
281.49,-81.0,956.0,-179.0,0.49,-0.769,-0.56
281.67,-83.0,957.0,-178.0,0.419,-0.699,-0.56
281.85,-82.0,956.0,-178.0,0.349,-0.769,-0.56
282.3,-84.0,956.0,-177.0,0.419,-0.769,-0.49
282.21,-83.0,957.0,-177.0,0.419,-0.769,-0.56
282.4,-82.0,957.0,-178.0,0.349,-0.629,-0.56
282.58,-84.0,957.0,-176.0,0.419,-0.769,-0.629
282.76,-81.0,957.0,-178.0,0.419,-0.769,-0.56
282.94,-83.0,957.0,-177.0,0.49,-0.769,-0.49
283.13,-82.0,957.0,-178.0,0.419,-0.769,-0.629
283.31,-82.0,956.0,-178.0,0.419,-0.699,-0.49
283.49,-84.0,957.0,-177.0,0.349,-0.839,-0.49
283.67,-83.0,956.0,-178.0,0.419,-0.699,-0.49
283.86,-83.0,957.0,-177.0,0.419,-0.769,-0.56
284.4,-82.0,956.0,-177.0,0.349,-0.769,-0.56
284.22,-84.0,957.0,-177.0,0.419,-0.769,-0.49
284.4,-82.0,957.0,-178.0,0.419,-0.769,-0.629
284.58,-82.0,956.0,-178.0,0.419,-0.699,-0.49
284.77,-84.0,958.0,-177.0,0.419,-0.699,-0.629
284.95,-83.0,957.0,-177.0,0.349,-0.699,-0.56
285.13,-82.0,956.0,-177.0,0.419,-0.769,-0.56
285.31,-86.0,957.0,-175.0,0.629,-0.839,-0.56
285.5,-82.0,956.0,-178.0,0.349,-0.699,-0.629
285.68,-83.0,957.0,-177.0,0.56,-0.699,-0.49
285.86,-83.0,956.0,-179.0,0.419,-0.769,-0.56
286.4,-82.0,957.0,-177.0,0.419,-0.699,-0.56
286.23,-83.0,956.0,-178.0,0.419,-0.699,-0.49
286.41,-82.0,956.0,-178.0,0.349,-0.769,-0.629
286.59,-83.0,956.0,-178.0,0.49,-0.769,-0.49
293.15,-83.0,956.0,-177.0,0.49,-0.839,-0.56
293.34,-82.0,956.0,-178.0,0.419,-0.769,-0.56
293.52,-84.0,957.0,-176.0,0.419,-0.699,-0.629
293.7,-81.0,955.0,-179.0,0.49,-0.699,-0.629
293.88,-84.0,958.0,-177.0,0.49,-0.699,-0.56
294.6,-80.0,954.0,-177.0,0.419,-0.629,-0.49
294.25,-84.0,959.0,-176.0,0.419,-0.769,-0.629
294.43,-81.0,955.0,-178.0,0.419,-0.839,-0.56
294.61,-84.0,957.0,-177.0,0.49,-0.769,-0.56
294.79,-81.0,956.0,-177.0,0.419,-0.769,-0.629
294.98,-84.0,958.0,-177.0,0.419,-0.839,-0.629
295.16,-81.0,955.0,-178.0,0.49,-0.769,-0.56
295.34,-85.0,958.0,-176.0,0.419,-0.769,-0.56
295.52,-81.0,956.0,-177.0,0.419,-0.699,-0.56
295.71,-82.0,956.0,-178.0,0.419,-0.769,-0.49
295.89,-84.0,956.0,-176.0,0.419,-0.769,-0.56
296.7,-82.0,956.0,-177.0,0.419,-0.699,-0.49
296.25,-84.0,958.0,-176.0,0.419,-0.699,-0.56
296.43,-80.0,956.0,-177.0,0.419,-0.769,-0.629
296.62,-84.0,958.0,-175.0,0.419,-0.769,-0.56
296.8,-83.0,958.0,-178.0,0.56,-0.769,-0.56
296.98,-82.0,957.0,-177.0,0.419,-0.769,-0.56
297.16,-82.0,957.0,-176.0,0.56,-0.769,-0.56
297.35,-83.0,956.0,-177.0,0.56,-0.769,-0.49
297.53,-82.0,957.0,-178.0,0.349,-0.699,-0.629
297.71,-82.0,956.0,-176.0,0.49,-0.769,-0.419
297.89,-83.0,958.0,-176.0,0.419,-0.769,-0.629
298.8,-83.0,957.0,-175.0,0.349,-0.769,-0.629
298.26,-83.0,957.0,-177.0,0.419,-0.699,-0.56
298.99,-85.0,957.0,-176.0,0.56,-0.769,-0.629
299.17,-83.0,955.0,-179.0,0.419,-0.699,-0.56
299.35,-84.0,957.0,-177.0,0.419,-0.769,-0.56
299.53,-85.0,957.0,-177.0,0.419,-0.699,-0.629
299.72,-83.0,958.0,-175.0,0.28,-0.839,-0.839
299.9,-82.0,958.0,-175.0,0.49,-0.56,-0.419
300.8,-85.0,958.0,-176.0,0.419,-0.839,-0.699
300.26,-84.0,958.0,-177.0,0.419,-0.769,-0.629
300.45,-82.0,957.0,-177.0,0.56,-0.769,-0.629
300.63,-84.0,956.0,-179.0,0.49,-0.699,-0.49
300.81,-85.0,958.0,-177.0,0.419,-0.769,-0.629
300.99,-80.0,956.0,-179.0,0.49,-0.769,-0.56
301.18,-86.0,958.0,-175.0,0.28,-0.769,-0.56
301.36,-82.0,956.0,-179.0,0.419,-0.699,-0.56
301.54,-84.0,958.0,-177.0,0.28,-0.769,-0.629
301.72,-81.0,957.0,-178.0,0.349,-0.769,-0.629
301.9,-84.0,956.0,-178.0,0.349,-0.699,-0.419
302.9,-86.0,957.0,-178.0,0.56,-0.769,-0.629
302.27,-80.0,954.0,-179.0,0.419,-0.91,-0.629
302.45,-82.0,957.0,-177.0,0.349,-0.699,-0.49
302.63,-86.0,959.0,-178.0,0.349,-0.699,-0.629
302.82,-80.0,953.0,-176.0,0.49,-0.769,-0.49
303.0,-84.0,960.0,-177.0,0.28,-0.839,-0.699
303.18,-83.0,955.0,-176.0,0.56,-0.629,-0.419
303.36,-83.0,958.0,-178.0,0.419,-0.91,-0.769
303.55,-79.0,955.0,-177.0,0.419,-0.629,-0.28
303.73,-88.0,959.0,-177.0,0.56,-0.91,-0.699
303.91,-78.0,954.0,-177.0,0.349,-0.699,-0.419
304.9,-86.0,960.0,-174.0,0.629,-0.769,-0.56
304.27,-79.0,955.0,-178.0,0.419,-0.769,-0.49
304.46,-83.0,957.0,-176.0,0.56,-0.699,-0.56
304.64,-83.0,958.0,-177.0,0.419,-0.91,-0.699
304.82,-80.0,954.0,-178.0,0.419,-0.699,-0.49
305.0,-86.0,958.0,-178.0,0.49,-0.629,-0.49
305.19,-80.0,956.0,-175.0,0.209,-0.769,-0.629
305.37,-84.0,957.0,-178.0,0.349,-0.629,-0.56
305.55,-80.0,956.0,-174.0,0.28,-0.769,-0.419
305.73,-87.0,956.0,-178.0,0.349,-0.769,-0.56
305.92,-80.0,956.0,-176.0,0.349,-0.98,-0.699
306.1,-82.0,956.0,-180.0,0.49,-0.629,-0.419
312.66,-81.0,960.0,-173.0,0.349,-0.98,-0.629
312.84,-79.0,957.0,-176.0,0.56,-0.98,-0.49
313.2,-81.0,956.0,-176.0,0.419,-1.12,-0.49
313.21,-83.0,955.0,-179.0,0.629,-0.699,-0.349
313.39,-86.0,958.0,-176.0,0.56,-0.839,-0.699
313.57,-80.0,955.0,-178.0,0.49,-0.56,-0.49
313.75,-83.0,957.0,-176.0,0.349,-0.769,-0.699
313.94,-81.0,955.0,-176.0,0.419,-0.699,-0.419
314.12,-84.0,957.0,-175.0,0.28,-0.769,-0.629
314.3,-81.0,958.0,-175.0,0.349,-0.839,-0.56
314.48,-79.0,955.0,-177.0,0.49,-0.769,-0.49
314.67,-83.0,958.0,-176.0,0.419,-0.769,-0.56
314.85,-82.0,956.0,-177.0,0.419,-0.699,-0.419
315.3,-84.0,957.0,-176.0,0.419,-0.769,-0.49
315.21,-81.0,958.0,-176.0,0.419,-0.839,-0.699
315.39,-82.0,955.0,-177.0,0.56,-0.629,-0.419
315.58,-85.0,958.0,-176.0,0.419,-0.769,-0.56
315.76,-83.0,958.0,-175.0,0.419,-0.769,-0.629
315.94,-81.0,956.0,-177.0,0.419,-0.699,-0.49
316.12,-84.0,958.0,-176.0,0.49,-0.629,-0.49
316.31,-83.0,958.0,-175.0,0.349,-0.769,-0.56
316.49,-81.0,957.0,-176.0,0.419,-0.699,-0.56
316.67,-82.0,956.0,-177.0,0.349,-0.699,-0.49
316.85,-84.0,959.0,-175.0,0.349,-0.699,-0.56
317.4,-79.0,954.0,-179.0,0.49,-0.56,-0.419
317.22,-86.0,958.0,-176.0,0.349,-0.769,-0.629
317.4,-83.0,956.0,-177.0,0.56,-0.699,-0.49
317.58,-81.0,958.0,-177.0,0.419,-0.769,-0.56
317.76,-85.0,958.0,-176.0,0.419,-0.699,-0.419
317.95,-84.0,957.0,-176.0,0.349,-0.769,-0.629
318.13,-80.0,956.0,-178.0,0.56,-0.699,-0.419
318.31,-85.0,957.0,-176.0,0.419,-0.699,-0.56
318.49,-81.0,955.0,-177.0,0.49,-0.699,-0.49
318.68,-82.0,957.0,-177.0,0.419,-0.699,-0.56
318.86,-85.0,957.0,-177.0,0.419,-0.629,-0.49
319.4,-82.0,956.0,-177.0,0.419,-0.839,-0.629
319.22,-81.0,958.0,-177.0,0.49,-0.629,-0.49
319.41,-84.0,957.0,-178.0,0.419,-0.769,-0.629
319.59,-81.0,955.0,-179.0,0.419,-0.839,-0.56
319.77,-83.0,957.0,-177.0,0.49,-0.839,-0.56
319.95,-84.0,957.0,-177.0,0.349,-0.839,-0.629
320.13,-81.0,956.0,-178.0,0.349,-0.839,-0.56
320.32,-81.0,957.0,-177.0,0.349,-0.769,-0.629
320.5,-84.0,958.0,-176.0,0.349,-0.839,-0.699
320.68,-79.0,956.0,-178.0,0.419,-0.769,-0.49
320.86,-81.0,956.0,-177.0,0.419,-0.699,-0.49
321.5,-85.0,959.0,-177.0,0.349,-0.839,-0.56
321.23,-79.0,955.0,-176.0,0.419,-0.769,-0.49
321.41,-86.0,959.0,-176.0,0.349,-0.769,-0.629
321.59,-80.0,955.0,-178.0,0.419,-0.769,-0.49
321.78,-84.0,959.0,-176.0,0.49,-0.839,-0.629
321.96,-82.0,956.0,-177.0,0.419,-0.629,-0.349
322.14,-86.0,958.0,-176.0,0.28,-0.839,-0.699
322.32,-79.0,955.0,-178.0,0.49,-0.699,-0.49
322.5,-84.0,958.0,-176.0,0.349,-0.769,-0.56
322.69,-83.0,957.0,-177.0,0.419,-0.769,-0.629
322.87,-83.0,957.0,-178.0,0.419,-0.769,-0.49
323.5,-85.0,958.0,-178.0,0.349,-0.769,-0.56
323.23,-83.0,957.0,-177.0,0.349,-0.699,-0.56
323.42,-82.0,956.0,-177.0,0.419,-0.699,-0.629
323.6,-82.0,957.0,-177.0,0.419,-0.699,-0.49
323.78,-83.0,957.0,-177.0,0.349,-0.769,-0.56
323.96,-82.0,957.0,-176.0,0.49,-0.699,-0.56
324.14,-84.0,958.0,-176.0,0.349,-0.769,-0.56
324.33,-81.0,955.0,-177.0,0.419,-0.769,-0.49
324.51,-84.0,957.0,-177.0,0.419,-0.769,-0.56
324.69,-83.0,956.0,-177.0,0.419,-0.699,-0.56
324.87,-82.0,955.0,-177.0,0.49,-0.699,-0.419
325.6,-82.0,957.0,-177.0,0.419,-0.769,-0.419
325.24,-83.0,958.0,-176.0,0.419,-0.699,-0.49
325.42,-80.0,955.0,-179.0,0.56,-0.769,-0.56
325.6,-82.0,957.0,-178.0,0.349,-0.769,-0.56
325.79,-83.0,956.0,-179.0,0.419,-0.699,-0.56
325.97,-82.0,956.0,-177.0,0.419,-0.769,-0.49
326.15,-81.0,958.0,-177.0,0.419,-0.769,-0.56
326.33,-84.0,956.0,-177.0,0.49,-0.56,-0.419
328.7,-82.0,956.0,-177.0,0.419,-0.769,-0.56
328.88,-84.0,956.0,-179.0,0.56,-0.769,-0.629
329.7,-80.0,956.0,-177.0,0.419,-0.769,-0.56
329.25,-82.0,956.0,-177.0,0.419,-0.699,-0.56
329.43,-84.0,957.0,-177.0,0.49,-0.699,-0.56
329.61,-83.0,956.0,-177.0,0.419,-0.699,-0.49
329.8,-83.0,956.0,-176.0,0.419,-0.699,-0.56
329.98,-83.0,956.0,-177.0,0.419,-0.769,-0.56
330.16,-82.0,957.0,-177.0,0.419,-0.769,-0.629
330.34,-82.0,956.0,-176.0,0.349,-0.699,-0.56
330.53,-83.0,956.0,-178.0,0.49,-0.769,-0.56
330.71,-81.0,956.0,-176.0,0.49,-0.769,-0.56
330.89,-85.0,957.0,-179.0,0.49,-0.56,-0.56
331.7,-81.0,957.0,-176.0,0.419,-0.839,-0.629
331.25,-83.0,958.0,-178.0,0.419,-0.629,-0.49
331.44,-82.0,956.0,-178.0,0.349,-0.839,-0.56
331.62,-83.0,956.0,-175.0,0.419,-0.769,-0.56
331.8,-83.0,956.0,-177.0,0.349,-0.699,-0.56
331.98,-83.0,956.0,-177.0,0.419,-0.839,-0.56
332.17,-82.0,958.0,-176.0,0.419,-0.699,-0.56
332.35,-83.0,957.0,-178.0,0.419,-0.769,-0.629
332.53,-83.0,957.0,-177.0,0.419,-0.769,-0.49
332.71,-82.0,957.0,-177.0,0.349,-0.699,-0.56
332.9,-83.0,956.0,-179.0,0.49,-0.699,-0.56
333.8,-82.0,958.0,-179.0,0.49,-0.769,-0.629
333.26,-81.0,956.0,-177.0,0.419,-0.769,-0.56
334.9,-82.0,957.0,-178.0,0.419,-0.839,-0.56
335.8,-82.0,957.0,-178.0,0.49,-0.629,-0.49
335.27,-84.0,958.0,-178.0,0.49,-0.769,-0.56
335.45,-82.0,956.0,-178.0,0.349,-0.769,-0.49
335.63,-84.0,957.0,-178.0,0.49,-0.699,-0.56
335.81,-82.0,957.0,-179.0,0.419,-0.769,-0.49
335.99,-84.0,958.0,-176.0,0.49,-0.769,-0.56
336.18,-82.0,956.0,-177.0,0.419,-0.699,-0.49
336.36,-83.0,958.0,-177.0,0.349,-0.699,-0.56
336.54,-82.0,956.0,-176.0,0.419,-0.769,-0.56
336.72,-83.0,957.0,-178.0,0.49,-0.699,-0.629
336.91,-82.0,957.0,-177.0,0.349,-0.699,-0.419
337.9,-84.0,956.0,-178.0,0.49,-0.699,-0.56
337.27,-82.0,957.0,-176.0,0.49,-0.769,-0.56
337.45,-83.0,956.0,-177.0,0.349,-0.699,-0.629
337.63,-81.0,957.0,-177.0,0.49,-0.699,-0.49
337.82,-83.0,958.0,-176.0,0.419,-0.699,-0.56
338.0,-82.0,958.0,-177.0,0.349,-0.699,-0.56
338.18,-82.0,957.0,-177.0,0.49,-0.699,-0.56
338.36,-82.0,958.0,-177.0,0.419,-0.769,-0.49
338.55,-83.0,957.0,-178.0,0.49,-0.769,-0.56
338.73,-83.0,957.0,-176.0,0.419,-0.839,-0.49
338.91,-83.0,958.0,-176.0,0.419,-0.699,-0.56
339.9,-82.0,956.0,-177.0,0.349,-0.769,-0.56
339.28,-83.0,957.0,-176.0,0.349,-0.629,-0.56
339.46,-83.0,957.0,-178.0,0.419,-0.769,-0.56
339.64,-83.0,957.0,-176.0,0.419,-0.839,-0.629
339.82,-82.0,956.0,-177.0,0.49,-0.629,-0.419
340.0,-84.0,959.0,-177.0,0.56,-0.839,-0.629
340.19,-80.0,955.0,-178.0,0.209,-0.629,-0.28
340.37,-88.0,962.0,-180.0,0.699,-0.98,-1.19
340.55,-74.0,955.0,-184.0,-0.14,-0.699,-0.14
340.73,-87.0,960.0,-170.0,1.049,-1.12,-0.839
340.92,-79.0,953.0,-183.0,0.209,-0.629,-0.28
341.1,-87.0,958.0,-171.0,0.699,-0.98,-0.699
341.28,-82.0,955.0,-184.0,0.419,-0.769,-0.419
341.46,-84.0,957.0,-171.0,0.419,-0.839,-0.49
341.65,-83.0,955.0,-183.0,0.49,-0.629,-0.56
341.83,-82.0,958.0,-174.0,0.419,-0.91,-0.629
342.1,-89.0,957.0,-183.0,0.419,-0.49,-0.56
342.19,-79.0,957.0,-173.0,0.28,-0.91,-0.699
342.37,-84.0,957.0,-181.0,0.419,-0.419,-0.349
342.56,-84.0,960.0,-172.0,0.349,-0.98,-0.699
342.74,-80.0,959.0,-179.0,0.49,-0.56,-0.56
342.92,-83.0,956.0,-176.0,0.56,-0.699,-0.49
343.1,-84.0,957.0,-178.0,0.419,-0.769,-0.629
343.29,-82.0,956.0,-176.0,0.419,-0.699,-0.49
343.47,-84.0,957.0,-179.0,0.349,-0.769,-0.56
343.65,-83.0,956.0,-176.0,0.49,-0.629,-0.419
343.83,-84.0,957.0,-179.0,0.349,-0.839,-0.56
344.2,-83.0,957.0,-176.0,0.419,-0.699,-0.49
344.2,-83.0,958.0,-177.0,0.419,-0.699,-0.56
344.38,-83.0,957.0,-176.0,0.349,-0.769,-0.56
344.56,-83.0,957.0,-177.0,0.49,-0.769,-0.56
344.74,-84.0,957.0,-178.0,0.419,-0.769,-0.56
344.93,-83.0,956.0,-178.0,0.419,-0.629,-0.49
345.11,-84.0,957.0,-177.0,0.419,-0.769,-0.56
345.29,-80.0,956.0,-178.0,0.419,-0.699,-0.419
345.47,-85.0,958.0,-177.0,0.419,-0.629,-0.49
345.66,-81.0,956.0,-177.0,0.349,-0.769,-0.629
345.84,-83.0,956.0,-176.0,0.49,-0.629,-0.49
346.2,-83.0,956.0,-176.0,0.349,-0.839,-0.699
346.2,-83.0,956.0,-177.0,0.56,-0.629,-0.49
346.38,-85.0,958.0,-176.0,0.349,-0.91,-0.699
346.57,-80.0,956.0,-179.0,0.349,-0.769,-0.49
346.75,-87.0,957.0,-177.0,0.49,-0.769,-0.49
346.93,-82.0,957.0,-177.0,0.419,-0.839,-0.699
347.11,-84.0,956.0,-178.0,0.419,-0.699,-0.49
347.3,-83.0,956.0,-177.0,0.419,-0.769,-0.56
347.48,-82.0,957.0,-177.0,0.349,-0.769,-0.49
347.66,-84.0,957.0,-176.0,0.349,-0.699,-0.56
347.84,-83.0,957.0,-177.0,0.349,-0.769,-0.49
348.3,-83.0,956.0,-178.0,0.349,-0.699,-0.49
348.21,-84.0,956.0,-178.0,0.49,-0.839,-0.629
348.39,-82.0,957.0,-177.0,0.349,-0.699,-0.56
348.57,-85.0,956.0,-178.0,0.349,-0.699,-0.56
348.75,-83.0,956.0,-176.0,0.349,-0.769,-0.56
348.94,-84.0,958.0,-177.0,0.419,-0.699,-0.49
349.12,-83.0,956.0,-177.0,0.419,-0.769,-0.629
349.3,-82.0,957.0,-176.0,0.419,-0.769,-0.49
349.48,-82.0,957.0,-177.0,0.349,-0.769,-0.56
349.67,-83.0,956.0,-177.0,0.419,-0.769,-0.56
349.85,-84.0,957.0,-178.0,0.419,-0.769,-0.629
350.3,-83.0,956.0,-177.0,0.349,-0.769,-0.56
350.21,-83.0,957.0,-179.0,0.28,-0.699,-0.56
350.4,-83.0,957.0,-176.0,0.419,-0.769,-0.56
350.58,-83.0,958.0,-176.0,0.349,-0.699,-0.56
350.76,-83.0,957.0,-177.0,0.49,-0.769,-0.629
350.94,-83.0,956.0,-177.0,0.49,-0.769,-0.56
351.12,-83.0,957.0,-176.0,0.419,-0.769,-0.56
351.31,-83.0,956.0,-177.0,0.419,-0.769,-0.629
351.49,-81.0,956.0,-177.0,0.419,-0.699,-0.56
351.67,-85.0,957.0,-178.0,0.419,-0.769,-0.56
351.85,-83.0,956.0,-177.0,0.349,-0.699,-0.49
352.4,-82.0,957.0,-175.0,0.349,-0.769,-0.56
352.22,-82.0,957.0,-176.0,0.419,-0.699,-0.56
352.4,-82.0,958.0,-176.0,0.419,-0.769,-0.49
352.58,-83.0,957.0,-176.0,0.419,-0.769,-0.49
352.76,-83.0,957.0,-176.0,0.56,-0.769,-0.56
352.95,-80.0,957.0,-176.0,0.49,-0.699,-0.56
353.13,-84.0,957.0,-177.0,0.419,-0.699,-0.49
353.31,-83.0,957.0,-176.0,0.349,-0.769,-0.629
353.49,-83.0,956.0,-177.0,0.419,-0.629,-0.49
353.68,-83.0,957.0,-176.0,0.349,-0.839,-0.629
353.86,-82.0,957.0,-177.0,0.419,-0.839,-0.56
354.4,-83.0,958.0,-176.0,0.49,-0.769,-0.49
354.22,-84.0,958.0,-175.0,0.49,-0.769,-0.56
354.41,-81.0,958.0,-176.0,0.56,-0.769,-0.56
354.59,-81.0,955.0,-178.0,0.49,-0.699,-0.49
354.77,-87.0,958.0,-176.0,0.49,-0.839,-0.56
354.95,-81.0,955.0,-177.0,0.349,-0.769,-0.629
355.13,-85.0,956.0,-176.0,0.56,-0.629,-0.56
355.32,-79.0,957.0,-175.0,0.209,-0.839,-0.699
355.5,-84.0,956.0,-177.0,0.49,-0.629,-0.419
355.68,-84.0,957.0,-176.0,0.349,-0.91,-0.769
355.86,-81.0,957.0,-175.0,0.419,-0.629,-0.49
356.5,-83.0,957.0,-176.0,0.349,-0.839,-0.56
356.23,-84.0,959.0,-176.0,0.56,-0.769,-0.56
356.41,-79.0,957.0,-176.0,0.349,-0.839,-0.56
356.59,-85.0,958.0,-177.0,0.629,-0.629,-0.49
356.78,-82.0,957.0,-177.0,0.349,-0.839,-0.629
356.96,-84.0,957.0,-177.0,0.49,-0.629,-0.56
357.14,-81.0,956.0,-176.0,0.349,-0.839,-0.56
357.32,-84.0,957.0,-176.0,0.49,-0.629,-0.49
357.5,-83.0,957.0,-176.0,0.419,-0.839,-0.629
357.69,-82.0,956.0,-176.0,0.419,-0.699,-0.49
357.87,-82.0,956.0,-176.0,0.419,-0.769,-0.56
358.5,-84.0,957.0,-176.0,0.349,-0.769,-0.629
358.23,-82.0,956.0,-176.0,0.349,-0.769,-0.49
358.42,-83.0,958.0,-175.0,0.49,-0.699,-0.49
358.6,-82.0,956.0,-175.0,0.419,-0.839,-0.629
358.78,-83.0,957.0,-175.0,0.49,-0.769,-0.56
358.96,-83.0,958.0,-176.0,0.419,-0.839,-0.629
359.14,-80.0,956.0,-175.0,0.49,-0.699,-0.49
359.33,-82.0,957.0,-174.0,0.419,-0.699,-0.629
359.51,-81.0,956.0,-175.0,0.419,-0.629,-0.419
359.69,-82.0,958.0,-175.0,0.28,-0.769,-0.629
359.87,-82.0,957.0,-176.0,0.419,-0.699,-0.49
360.6,-83.0,958.0,-175.0,0.419,-0.769,-0.629
360.24,-83.0,957.0,-176.0,0.49,-0.699,-0.56
360.42,-81.0,957.0,-177.0,0.349,-0.839,-0.629
360.6,-83.0,956.0,-178.0,0.56,-0.629,-0.419
360.79,-85.0,958.0,-177.0,0.49,-0.839,-0.629
360.97,-78.0,954.0,-177.0,0.349,-0.629,-0.56
361.15,-86.0,958.0,-176.0,0.49,-0.629,-0.56
361.33,-82.0,957.0,-176.0,0.419,-0.769,-0.629
361.51,-83.0,957.0,-177.0,0.419,-0.769,-0.56
361.7,-83.0,956.0,-176.0,0.419,-0.699,-0.49
361.88,-84.0,957.0,-177.0,0.419,-0.699,-0.56
362.6,-84.0,958.0,-176.0,0.419,-0.769,-0.629
362.24,-80.0,956.0,-176.0,0.419,-0.699,-0.49
362.43,-85.0,958.0,-176.0,0.56,-0.769,-0.49
362.61,-80.0,956.0,-176.0,0.349,-0.769,-0.56
362.79,-83.0,957.0,-176.0,0.49,-0.629,-0.419
362.97,-83.0,956.0,-176.0,0.419,-0.699,-0.56
363.15,-83.0,957.0,-174.0,0.419,-0.769,-0.699
364.79,-84.0,957.0,-176.0,0.419,-0.699,-0.56
364.98,-81.0,957.0,-177.0,0.419,-0.699,-0.49
365.16,-83.0,958.0,-176.0,0.419,-0.769,-0.49
365.34,-82.0,957.0,-177.0,0.419,-0.769,-0.49
365.52,-83.0,958.0,-176.0,0.49,-0.769,-0.56
365.71,-84.0,956.0,-177.0,0.419,-0.699,-0.56
365.89,-83.0,956.0,-177.0,0.49,-0.769,-0.629
366.7,-83.0,956.0,-176.0,0.49,-0.699,-0.56
366.25,-85.0,957.0,-176.0,0.49,-0.769,-0.56
366.44,-82.0,956.0,-177.0,0.419,-0.769,-0.56
366.62,-83.0,958.0,-176.0,0.419,-0.769,-0.56
366.8,-83.0,957.0,-177.0,0.419,-0.769,-0.56
366.98,-82.0,956.0,-177.0,0.419,-0.629,-0.56
367.16,-83.0,957.0,-177.0,0.419,-0.699,-0.49
367.35,-82.0,956.0,-177.0,0.49,-0.769,-0.56
367.53,-84.0,957.0,-176.0,0.419,-0.699,-0.49
367.71,-83.0,957.0,-178.0,0.419,-0.699,-0.629
367.89,-83.0,957.0,-176.0,0.419,-0.769,-0.56
368.8,-83.0,956.0,-178.0,0.419,-0.699,-0.56
368.26,-84.0,957.0,-178.0,0.419,-0.769,-0.49
368.44,-83.0,957.0,-178.0,0.349,-0.699,-0.56
368.62,-83.0,956.0,-176.0,0.419,-0.699,-0.49
368.81,-83.0,956.0,-176.0,0.419,-0.839,-0.56
368.99,-83.0,956.0,-177.0,0.49,-0.769,-0.56
369.17,-82.0,956.0,-177.0,0.419,-0.699,-0.56
369.35,-85.0,956.0,-177.0,0.49,-0.699,-0.56
369.53,-83.0,957.0,-178.0,0.419,-0.769,-0.56
369.72,-84.0,957.0,-178.0,0.419,-0.769,-0.56
369.9,-83.0,957.0,-178.0,0.349,-0.769,-0.56
370.8,-83.0,957.0,-178.0,0.419,-0.699,-0.56
370.26,-83.0,958.0,-178.0,0.419,-0.769,-0.56
370.45,-84.0,957.0,-179.0,0.419,-0.699,-0.49
370.63,-83.0,954.0,-175.0,0.629,-0.839,-0.419
370.81,-87.0,960.0,-180.0,0.349,-1.12,-0.699
370.99,-70.0,952.0,-174.0,0.419,-0.699,-0.14
371.17,-97.0,960.0,-179.0,0.419,-0.839,-0.699
371.36,-73.0,955.0,-177.0,0.419,-0.839,-0.629
371.54,-86.0,958.0,-177.0,0.419,-0.839,-0.56
371.72,-81.0,956.0,-178.0,0.349,-0.629,-0.56
371.9,-69.0,952.0,-188.0,1.049,-0.14,-0.14
372.9,-99.0,962.0,-171.0,0.07,-1.12,-0.839
372.27,-72.0,953.0,-182.0,0.839,-0.56,-0.769
372.45,-85.0,957.0,-178.0,0.14,-0.699,-0.209
372.63,-86.0,956.0,-177.0,0.419,-0.769,-0.769
372.82,-78.0,955.0,-178.0,0.14,-0.629,-0.419
373.0,-85.0,958.0,-177.0,0.56,-0.769,-0.56
373.18,-81.0,957.0,-178.0,0.14,-0.699,-0.56
373.36,-83.0,958.0,-178.0,0.56,-0.839,-0.56
373.54,-83.0,957.0,-178.0,0.349,-0.839,-0.629
373.73,-82.0,956.0,-176.0,0.49,-0.629,-0.49
373.91,-83.0,956.0,-179.0,0.28,-0.699,-0.629
374.9,-83.0,957.0,-177.0,0.56,-0.839,-0.56
374.27,-83.0,957.0,-179.0,0.349,-0.769,-0.56
374.46,-83.0,957.0,-178.0,0.419,-0.769,-0.49
374.64,-84.0,956.0,-178.0,0.349,-0.839,-0.629
374.82,-81.0,956.0,-178.0,0.419,-0.769,-0.56
375.0,-83.0,957.0,-178.0,0.419,-0.769,-0.49
375.19,-83.0,957.0,-175.0,0.28,-0.839,-0.56
375.37,-83.0,955.0,-178.0,0.419,-0.839,-0.56
375.55,-81.0,956.0,-176.0,0.419,-0.699,-0.49
375.73,-84.0,957.0,-179.0,0.49,-0.769,-0.629
375.91,-81.0,956.0,-177.0,0.49,-0.769,-0.56
376.1,-85.0,958.0,-177.0,0.349,-0.769,-0.49
376.28,-81.0,956.0,-177.0,0.349,-0.769,-0.56
376.46,-86.0,957.0,-177.0,0.419,-0.91,-0.699
376.64,-79.0,955.0,-179.0,0.28,-0.699,-0.49
376.83,-84.0,957.0,-177.0,0.49,-0.699,-0.56
377.1,-83.0,957.0,-178.0,0.419,-0.839,-0.56
377.19,-81.0,956.0,-175.0,0.49,-0.769,-0.49
377.37,-83.0,956.0,-177.0,0.349,-0.699,-0.56
377.56,-83.0,957.0,-176.0,0.419,-0.699,-0.629
377.74,-82.0,957.0,-178.0,0.419,-0.769,-0.56
377.92,-83.0,957.0,-176.0,0.49,-0.699,-0.49
378.1,-82.0,957.0,-177.0,0.28,-0.699,-0.629
378.28,-82.0,956.0,-178.0,0.419,-0.699,-0.629
378.47,-84.0,958.0,-177.0,0.419,-0.769,-0.56
378.65,-79.0,956.0,-174.0,0.419,-0.769,-0.49
381.75,-82.0,956.0,-177.0,0.419,-0.699,-0.49
381.93,-84.0,957.0,-177.0,0.349,-0.769,-0.49
382.11,-83.0,957.0,-176.0,0.419,-0.769,-0.629
382.29,-83.0,957.0,-177.0,0.419,-0.699,-0.419
382.48,-84.0,957.0,-177.0,0.49,-0.769,-0.49
382.66,-82.0,957.0,-177.0,0.49,-0.699,-0.56
382.84,-84.0,957.0,-177.0,0.49,-0.699,-0.56
383.2,-83.0,956.0,-178.0,0.419,-0.699,-0.56
383.21,-83.0,957.0,-177.0,0.419,-0.769,-0.49
383.39,-84.0,957.0,-177.0,0.419,-0.699,-0.56
383.57,-83.0,957.0,-176.0,0.349,-0.839,-0.629
383.75,-83.0,956.0,-177.0,0.349,-0.699,-0.49
383.94,-83.0,957.0,-176.0,0.419,-0.769,-0.56
384.12,-84.0,957.0,-178.0,0.349,-0.839,-0.56
384.3,-82.0,957.0,-177.0,0.419,-0.699,-0.49
384.48,-84.0,957.0,-178.0,0.419,-0.769,-0.49
384.66,-82.0,956.0,-177.0,0.419,-0.699,-0.56
384.85,-83.0,956.0,-177.0,0.349,-0.699,-0.49
385.3,-83.0,957.0,-178.0,0.419,-0.839,-0.56
385.21,-83.0,957.0,-177.0,0.419,-0.769,-0.56
385.39,-84.0,957.0,-177.0,0.49,-0.769,-0.56
385.58,-82.0,957.0,-177.0,0.419,-0.769,-0.49
385.76,-83.0,957.0,-178.0,0.419,-0.769,-0.49
385.94,-83.0,956.0,-177.0,0.419,-0.839,-0.49
386.12,-84.0,957.0,-179.0,0.349,-0.699,-0.56
386.3,-82.0,957.0,-177.0,0.419,-0.699,-0.56
386.49,-83.0,957.0,-177.0,0.419,-0.699,-0.49
386.67,-83.0,957.0,-177.0,0.419,-0.769,-0.56
386.85,-83.0,956.0,-178.0,0.419,-0.769,-0.629
387.3,-83.0,957.0,-177.0,0.49,-0.699,-0.56
387.22,-82.0,957.0,-177.0,0.419,-0.769,-0.56
387.4,-84.0,956.0,-178.0,0.419,-0.699,-0.56
387.58,-83.0,957.0,-177.0,0.419,-0.769,-0.629
387.76,-83.0,957.0,-177.0,0.349,-0.839,-0.49
387.95,-84.0,957.0,-177.0,0.419,-0.769,-0.56
388.13,-82.0,956.0,-177.0,0.419,-0.769,-0.56
388.31,-83.0,957.0,-177.0,0.49,-0.769,-0.629
388.49,-83.0,957.0,-176.0,0.349,-0.769,-0.56
388.67,-83.0,957.0,-177.0,0.419,-0.629,-0.56
388.86,-83.0,958.0,-177.0,0.419,-0.769,-0.629
389.4,-82.0,957.0,-178.0,0.419,-0.769,-0.49
389.22,-83.0,957.0,-177.0,0.419,-0.769,-0.56
389.4,-83.0,956.0,-177.0,0.49,-0.769,-0.56
389.59,-83.0,956.0,-177.0,0.419,-0.769,-0.629
389.77,-82.0,957.0,-177.0,0.349,-0.769,-0.49
389.95,-83.0,957.0,-177.0,0.49,-0.769,-0.56
390.13,-82.0,957.0,-177.0,0.419,-0.769,-0.56
390.32,-81.0,956.0,-176.0,0.49,-0.699,-0.49
390.5,-84.0,957.0,-177.0,0.419,-0.699,-0.56
390.68,-82.0,956.0,-176.0,0.349,-0.839,-0.49
390.86,-81.0,957.0,-177.0,0.349,-0.769,-0.56
391.4,-83.0,957.0,-176.0,0.349,-0.769,-0.629
391.23,-83.0,956.0,-178.0,0.49,-0.629,-0.56
391.41,-83.0,957.0,-176.0,0.349,-0.839,-0.56
391.59,-81.0,955.0,-177.0,0.49,-0.699,-0.56
391.77,-84.0,958.0,-177.0,0.419,-0.699,-0.56
391.96,-83.0,955.0,-177.0,0.419,-0.839,-0.629
392.14,-83.0,958.0,-177.0,0.419,-0.699,-0.56
392.32,-83.0,957.0,-177.0,0.419,-0.769,-0.56
392.5,-82.0,956.0,-177.0,0.419,-0.699,-0.56
392.69,-83.0,956.0,-177.0,0.349,-0.769,-0.629
392.87,-82.0,955.0,-179.0,0.56,-0.769,-0.56
393.5,-83.0,956.0,-180.0,0.56,-0.769,-0.629
393.23,-84.0,957.0,-172.0,0.49,-0.769,-0.49
393.41,-84.0,956.0,-180.0,0.419,-0.56,-0.629
393.6,-78.0,955.0,-175.0,0.49,-0.839,-0.56
393.78,-84.0,957.0,-179.0,0.49,-0.629,-0.56
393.96,-81.0,956.0,-175.0,0.28,-0.629,-0.629
394.14,-84.0,956.0,-179.0,0.49,-0.769,-0.629
398.15,-76.0,957.0,-177.0,0.49,-0.839,-0.56
398.34,-86.0,956.0,-179.0,0.419,-0.839,-0.419
398.52,-82.0,957.0,-175.0,0.49,-0.98,-0.769
398.7,-82.0,958.0,-178.0,0.209,-0.629,-0.56
398.88,-84.0,958.0,-175.0,0.349,-0.699,-0.629
399.7,-82.0,957.0,-180.0,0.419,-0.839,-0.629
399.25,-81.0,956.0,-174.0,0.56,-0.769,-0.419
399.43,-86.0,958.0,-176.0,0.28,-0.769,-0.56
399.61,-81.0,956.0,-177.0,0.349,-0.839,-0.56
399.79,-84.0,957.0,-178.0,0.349,-0.769,-0.56
399.98,-81.0,956.0,-177.0,0.419,-0.699,-0.56
400.16,-82.0,957.0,-177.0,0.28,-0.839,-0.56
400.34,-81.0,956.0,-177.0,0.49,-0.699,-0.419
400.52,-84.0,959.0,-177.0,0.419,-0.769,-0.629
400.71,-81.0,956.0,-176.0,0.419,-0.699,-0.56
400.89,-82.0,957.0,-177.0,0.349,-0.699,-0.49
402.16,-81.0,956.0,-181.0,0.419,-0.769,-0.699
402.35,-83.0,958.0,-175.0,0.349,-0.839,-0.419
402.53,-83.0,957.0,-177.0,0.56,-0.769,-0.56
402.71,-82.0,958.0,-175.0,0.419,-0.699,-0.49
402.89,-83.0,957.0,-177.0,0.56,-0.769,-0.699
403.8,-81.0,955.0,-176.0,0.28,-0.699,-0.49
403.26,-81.0,956.0,-177.0,0.419,-0.769,-0.56
403.44,-83.0,956.0,-179.0,0.419,-0.769,-0.49
403.62,-81.0,956.0,-176.0,0.49,-0.839,-0.56
403.8,-83.0,957.0,-177.0,0.349,-0.699,-0.56
403.99,-82.0,957.0,-177.0,0.419,-0.699,-0.56
404.17,-84.0,958.0,-177.0,0.349,-0.91,-0.56
417.84,-81.0,957.0,-179.0,0.419,-0.769,-0.629
418.2,-82.0,956.0,-178.0,0.349,-0.699,-0.49
418.2,-83.0,957.0,-179.0,0.56,-0.839,-0.56
418.39,-82.0,956.0,-178.0,0.419,-0.839,-0.56
418.57,-81.0,956.0,-180.0,0.419,-0.629,-0.56
418.75,-84.0,957.0,-178.0,0.349,-0.839,-0.56
418.93,-80.0,957.0,-179.0,0.419,-0.769,-0.56
419.12,-84.0,958.0,-179.0,0.419,-0.699,-0.49
419.3,-82.0,956.0,-178.0,0.49,-0.839,-0.56
419.48,-83.0,957.0,-179.0,0.28,-0.769,-0.56
419.66,-82.0,957.0,-180.0,0.419,-0.769,-0.56
419.84,-83.0,956.0,-179.0,0.349,-0.769,-0.56
420.3,-81.0,956.0,-177.0,0.49,-0.699,-0.56
420.21,-84.0,957.0,-179.0,0.349,-0.699,-0.56
420.39,-82.0,956.0,-179.0,0.49,-0.839,-0.56
420.57,-83.0,956.0,-179.0,0.49,-0.769,-0.49
420.76,-83.0,955.0,-178.0,0.28,-0.699,-0.49
420.94,-83.0,956.0,-179.0,0.349,-0.699,-0.56
421.12,-81.0,957.0,-178.0,0.56,-0.91,-0.629
422.94,-82.0,956.0,-175.0,0.49,-0.629,-0.49
423.12,-83.0,958.0,-178.0,0.49,-0.839,-0.56
423.31,-82.0,956.0,-176.0,0.419,-0.699,-0.629
423.49,-81.0,957.0,-179.0,0.49,-0.769,-0.56
423.67,-84.0,957.0,-176.0,0.419,-0.699,-0.56
423.85,-82.0,956.0,-178.0,0.56,-0.839,-0.56
424.4,-83.0,956.0,-178.0,0.419,-0.699,-0.56
424.22,-83.0,957.0,-177.0,0.349,-0.769,-0.629
424.4,-82.0,957.0,-177.0,0.349,-0.699,-0.56
424.58,-83.0,957.0,-178.0,0.49,-0.769,-0.56
424.77,-83.0,957.0,-176.0,0.349,-0.769,-0.49
424.95,-83.0,956.0,-178.0,0.419,-0.769,-0.56
425.13,-82.0,956.0,-177.0,0.49,-0.769,-0.49
425.31,-83.0,957.0,-178.0,0.419,-0.769,-0.56
425.49,-81.0,956.0,-177.0,0.49,-0.699,-0.49
425.68,-83.0,957.0,-177.0,0.419,-0.769,-0.629
425.86,-83.0,956.0,-178.0,0.419,-0.699,-0.56
426.4,-82.0,957.0,-177.0,0.419,-0.769,-0.56
426.22,-83.0,957.0,-177.0,0.419,-0.839,-0.56
426.41,-82.0,956.0,-177.0,0.419,-0.769,-0.49
426.59,-83.0,957.0,-179.0,0.49,-0.769,-0.56
426.77,-84.0,957.0,-176.0,0.419,-0.699,-0.56
426.95,-82.0,957.0,-178.0,0.419,-0.699,-0.56
427.13,-82.0,958.0,-177.0,0.49,-0.699,-0.49
427.32,-82.0,956.0,-177.0,0.419,-0.769,-0.56
427.5,-82.0,957.0,-177.0,0.349,-0.699,-0.49
427.68,-82.0,957.0,-177.0,0.49,-0.699,-0.49
427.86,-83.0,957.0,-178.0,0.419,-0.769,-0.56
428.5,-82.0,957.0,-178.0,0.419,-0.839,-0.629
428.23,-83.0,957.0,-177.0,0.349,-0.769,-0.49
428.41,-83.0,955.0,-177.0,0.419,-0.839,-0.56
428.59,-81.0,955.0,-178.0,0.419,-0.769,-0.56
428.78,-84.0,957.0,-177.0,0.349,-0.699,-0.56
428.96,-82.0,956.0,-177.0,0.419,-0.699,-0.629
429.14,-83.0,958.0,-178.0,0.49,-0.769,-0.56
429.32,-84.0,957.0,-178.0,0.349,-0.699,-0.49
429.5,-83.0,958.0,-175.0,0.49,-0.769,-0.56
429.69,-83.0,958.0,-178.0,0.28,-0.629,-0.56
429.87,-82.0,958.0,-178.0,0.49,-0.699,-0.56
430.5,-84.0,958.0,-176.0,0.419,-0.839,-0.49
430.23,-83.0,956.0,-177.0,0.419,-0.629,-0.629
430.42,-85.0,958.0,-177.0,0.419,-0.699,-0.49
430.6,-83.0,956.0,-178.0,0.49,-0.769,-0.629
430.78,-83.0,959.0,-180.0,0.419,-0.769,-0.56
430.96,-81.0,957.0,-175.0,0.349,-0.839,-0.49
431.14,-98.0,936.0,-169.0,0.07,-0.28,-0.699
431.33,-98.0,965.0,-174.0,0.209,-0.839,-0.349
431.51,-66.0,955.0,-180.0,0.349,-0.839,-0.769
431.69,-89.0,960.0,-174.0,0.49,-0.629,-0.07
431.87,-82.0,957.0,-176.0,0.28,-0.769,-0.839
432.6,-82.0,958.0,-177.0,0.419,-0.769,-0.49
432.24,-84.0,957.0,-178.0,0.49,-0.629,-0.49
432.42,-85.0,957.0,-179.0,0.349,-0.769,-0.629
432.6,-81.0,956.0,-176.0,0.49,-0.769,-0.56
432.78,-85.0,957.0,-178.0,0.49,-0.699,-0.56
432.97,-82.0,957.0,-175.0,0.419,-0.839,-0.49
433.15,-83.0,958.0,-180.0,0.49,-0.56,-0.56
433.33,-84.0,956.0,-176.0,0.419,-0.769,-0.56
433.51,-81.0,957.0,-180.0,0.49,-0.769,-0.56
433.7,-81.0,957.0,-177.0,0.629,-0.699,-0.49
433.88,-85.0,956.0,-178.0,0.419,-0.769,-0.56
434.6,-80.0,955.0,-178.0,0.629,-0.699,-0.419
434.24,-87.0,957.0,-177.0,0.28,-0.769,-0.56
434.43,-84.0,962.0,-184.0,0.839,-1.19,-1.33
434.61,-68.0,953.0,-173.0,0.419,-0.839,-0.209
434.79,-96.0,960.0,-177.0,0.419,-0.629,-0.56
434.97,-77.0,954.0,-181.0,0.419,-0.839,-0.699
435.15,-86.0,958.0,-176.0,0.49,-0.699,-0.349
435.34,-81.0,957.0,-180.0,0.419,-0.769,-0.629
435.52,-80.0,957.0,-177.0,0.14,-0.769,-0.419
435.7,-86.0,958.0,-183.0,0.49,-0.56,-0.699
435.88,-79.0,955.0,-178.0,0.419,-0.839,-0.629
436.7,-84.0,958.0,-175.0,0.349,-0.699,-0.49
436.25,-83.0,957.0,-180.0,0.349,-0.629,-0.699
436.43,-79.0,955.0,-181.0,0.419,-0.91,-0.49
436.61,-86.0,959.0,-176.0,0.349,-0.629,-0.49
436.79,-82.0,957.0,-180.0,0.419,-0.699,-0.629
436.98,-82.0,958.0,-178.0,0.419,-0.91,-0.56
437.16,-81.0,958.0,-178.0,0.419,-0.839,-0.629
437.34,-81.0,957.0,-176.0,0.699,-0.839,-0.49
437.52,-85.0,958.0,-177.0,0.28,-0.839,-0.629
437.71,-81.0,958.0,-177.0,0.419,-0.769,-0.56
437.89,-81.0,956.0,-182.0,0.49,-0.699,-0.49
438.7,-85.0,958.0,-174.0,0.49,-0.769,-0.56
438.25,-83.0,958.0,-178.0,0.419,-0.769,-0.629
438.43,-79.0,956.0,-177.0,0.419,-0.699,-0.49
438.62,-86.0,958.0,-179.0,0.419,-0.699,-0.629
438.8,-80.0,955.0,-176.0,0.419,-0.839,-0.56
438.98,-82.0,957.0,-179.0,0.349,-0.699,-0.629
439.16,-82.0,957.0,-174.0,0.349,-0.91,-0.629
439.35,-82.0,956.0,-180.0,0.419,-0.699,-0.56
439.53,-83.0,956.0,-176.0,0.419,-0.839,-0.56
439.71,-82.0,957.0,-178.0,0.349,-0.699,-0.56
439.89,-81.0,957.0,-177.0,0.419,-0.699,-0.419
440.8,-84.0,958.0,-179.0,0.419,-0.699,-0.56
440.26,-81.0,958.0,-177.0,0.419,-0.769,-0.56
440.44,-82.0,956.0,-179.0,0.419,-0.699,-0.49
440.62,-81.0,956.0,-177.0,0.349,-0.699,-0.419
440.8,-83.0,958.0,-177.0,0.49,-0.769,-0.56
440.99,-83.0,956.0,-176.0,0.419,-0.629,-0.629
441.17,-82.0,958.0,-178.0,0.349,-0.49,-0.56
441.35,-81.0,957.0,-178.0,0.419,-0.769,-0.56
442.81,-83.0,958.0,-179.0,0.56,-0.699,-0.49
442.99,-83.0,956.0,-177.0,0.349,-0.839,-0.56
443.17,-79.0,957.0,-179.0,0.349,-0.839,-0.56
443.36,-82.0,957.0,-176.0,0.49,-0.699,-0.349
443.54,-85.0,957.0,-178.0,0.28,-0.769,-0.629
443.72,-80.0,955.0,-175.0,0.349,-0.699,-0.419
443.9,-81.0,958.0,-178.0,0.49,-0.56,-0.419
444.9,-85.0,957.0,-175.0,0.49,-0.769,-0.349
444.27,-86.0,958.0,-175.0,0.209,-0.56,-0.839
444.45,-79.0,955.0,-180.0,0.49,-0.699,-0.56
444.63,-83.0,957.0,-178.0,0.49,-0.769,-0.49
444.81,-82.0,957.0,-176.0,0.49,-0.769,-0.56
445.0,-83.0,957.0,-176.0,0.349,-0.629,-0.56
445.18,-82.0,955.0,-180.0,0.419,-0.769,-0.56
445.36,-85.0,957.0,-176.0,0.28,-0.769,-0.56
445.54,-79.0,955.0,-178.0,0.56,-0.769,-0.419
445.73,-85.0,957.0,-178.0,0.28,-0.699,-0.49
445.91,-81.0,955.0,-177.0,0.419,-0.699,-0.56
446.9,-85.0,959.0,-176.0,0.349,-0.769,-0.56
446.27,-82.0,957.0,-176.0,0.49,-0.769,-0.49
447.73,-83.0,955.0,-179.0,0.49,-0.699,-0.419
447.91,-84.0,958.0,-176.0,0.419,-0.699,-0.56
448.1,-81.0,957.0,-177.0,0.419,-0.769,-0.629
448.28,-82.0,959.0,-175.0,0.49,-0.699,-0.49
448.46,-85.0,958.0,-175.0,0.419,-0.769,-0.629
448.64,-80.0,956.0,-176.0,0.349,-0.629,-0.49
448.83,-85.0,958.0,-178.0,0.49,-0.629,-0.56
449.1,-80.0,955.0,-178.0,0.419,-0.769,-0.56
449.19,-83.0,956.0,-178.0,0.419,-0.629,-0.419
449.37,-84.0,958.0,-176.0,0.49,-0.629,-0.56
449.55,-83.0,956.0,-179.0,0.349,-0.769,-0.56
449.74,-82.0,956.0,-177.0,0.56,-0.769,-0.56
449.92,-84.0,958.0,-175.0,0.349,-0.839,-0.56
450.1,-82.0,957.0,-178.0,0.49,-0.769,-0.699
450.28,-81.0,957.0,-180.0,0.419,-0.769,-0.56
450.47,-84.0,956.0,-176.0,0.56,-0.91,-0.56
450.65,-84.0,957.0,-179.0,0.349,-0.699,-0.56
450.83,-84.0,956.0,-178.0,0.419,-0.769,-0.56
451.1,-81.0,957.0,-180.0,0.49,-0.769,-0.49
451.19,-83.0,957.0,-178.0,0.349,-0.629,-0.419
451.38,-84.0,957.0,-180.0,0.49,-0.839,-0.629
451.56,-80.0,955.0,-178.0,0.349,-0.699,-0.49
451.74,-85.0,957.0,-183.0,0.629,-0.629,-0.49
452.47,-83.0,957.0,-180.0,0.49,-0.699,-0.56
452.65,-82.0,956.0,-176.0,0.49,-0.769,-0.49
452.83,-86.0,959.0,-176.0,0.28,-0.839,-0.49
453.2,-83.0,957.0,-177.0,0.419,-0.769,-0.629
453.2,-83.0,958.0,-177.0,0.49,-0.769,-0.56
453.38,-83.0,958.0,-175.0,0.349,-0.839,-0.49
453.56,-85.0,957.0,-179.0,0.56,-0.769,-0.629
453.75,-81.0,957.0,-172.0,0.28,-0.91,-0.49
453.93,-85.0,956.0,-179.0,0.349,-0.49,-0.56
454.11,-82.0,957.0,-177.0,0.349,-0.839,-0.629
454.29,-81.0,958.0,-177.0,0.56,-0.769,-0.49
454.48,-87.0,957.0,-177.0,0.56,-0.839,-0.56
454.66,-82.0,956.0,-176.0,0.349,-0.839,-0.56
454.84,-82.0,957.0,-178.0,0.419,-0.769,-0.56
455.2,-83.0,957.0,-178.0,0.49,-0.769,-0.56
455.2,-84.0,957.0,-178.0,0.419,-0.769,-0.56
455.39,-83.0,958.0,-178.0,0.419,-0.699,-0.56
455.57,-84.0,956.0,-178.0,0.419,-0.629,-0.419
455.75,-83.0,956.0,-178.0,0.349,-0.769,-0.629
455.93,-82.0,956.0,-177.0,0.419,-0.769,-0.49
456.12,-83.0,955.0,-177.0,0.28,-0.629,-0.349
456.3,-88.0,958.0,-178.0,0.56,-0.839,-0.769
456.48,-78.0,955.0,-177.0,0.349,-0.769,-0.699
456.66,-85.0,957.0,-178.0,0.419,-0.699,-0.56
456.84,-83.0,956.0,-177.0,0.28,-0.839,-0.56
457.3,-81.0,957.0,-177.0,0.49,-0.629,-0.56
457.21,-84.0,957.0,-176.0,0.419,-0.769,-0.49
457.39,-83.0,956.0,-177.0,0.419,-0.769,-0.629
457.57,-82.0,956.0,-178.0,0.419,-0.629,-0.56
457.76,-83.0,957.0,-177.0,0.419,-0.839,-0.56
457.94,-84.0,958.0,-176.0,0.349,-0.769,-0.56
458.12,-82.0,957.0,-178.0,0.49,-0.699,-0.56
458.3,-83.0,957.0,-177.0,0.349,-0.839,-0.49
458.49,-83.0,956.0,-176.0,0.49,-0.769,-0.629
458.67,-83.0,956.0,-178.0,0.419,-0.629,-0.56
458.85,-82.0,956.0,-178.0,0.49,-0.769,-0.49
459.3,-84.0,957.0,-177.0,0.419,-0.769,-0.49
459.21,-82.0,956.0,-176.0,0.349,-0.699,-0.56
459.4,-83.0,957.0,-178.0,0.49,-0.699,-0.56
459.58,-82.0,956.0,-177.0,0.49,-0.699,-0.699
459.76,-83.0,957.0,-177.0,0.349,-0.839,-0.49
459.94,-82.0,956.0,-178.0,0.49,-0.699,-0.56
460.13,-84.0,957.0,-177.0,0.419,-0.699,-0.56
460.31,-82.0,956.0,-177.0,0.49,-0.699,-0.56
460.49,-83.0,956.0,-177.0,0.419,-0.769,-0.49
460.67,-82.0,958.0,-178.0,0.419,-0.699,-0.56
460.86,-81.0,956.0,-177.0,0.49,-0.839,-0.49
461.4,-84.0,958.0,-177.0,0.349,-0.699,-0.56
461.22,-81.0,956.0,-178.0,0.419,-0.769,-0.629
461.4,-83.0,957.0,-178.0,0.419,-0.769,-0.56
461.58,-82.0,956.0,-177.0,0.349,-0.839,-0.56
461.77,-83.0,957.0,-178.0,0.49,-0.629,-0.56
461.95,-82.0,956.0,-177.0,0.419,-0.769,-0.56
462.13,-83.0,957.0,-178.0,0.419,-0.629,-0.49
462.31,-82.0,956.0,-177.0,0.419,-0.769,-0.56
462.5,-82.0,957.0,-178.0,0.419,-0.769,-0.49
462.68,-82.0,957.0,-178.0,0.56,-0.699,-0.56
462.86,-84.0,956.0,-177.0,0.49,-0.839,-0.49
463.4,-81.0,957.0,-179.0,0.49,-0.769,-0.56
463.22,-83.0,955.0,-176.0,0.349,-0.629,-0.419
463.41,-84.0,958.0,-180.0,0.56,-0.91,-0.769
463.59,-80.0,955.0,-176.0,0.419,-0.699,-0.419
463.77,-85.0,957.0,-178.0,0.349,-0.769,-0.629
463.95,-80.0,956.0,-177.0,0.419,-0.839,-0.56
464.14,-83.0,957.0,-176.0,0.349,-0.769,-0.49
465.5,-85.0,957.0,-178.0,0.49,-0.769,-0.419
465.23,-81.0,956.0,-177.0,0.56,-0.629,-0.49
465.41,-87.0,957.0,-175.0,0.209,-0.699,-0.56
465.59,-80.0,957.0,-178.0,0.49,-0.839,-0.56
465.78,-83.0,957.0,-175.0,0.419,-0.699,-0.49
465.96,-83.0,957.0,-177.0,0.419,-0.699,-0.629
466.14,-82.0,957.0,-176.0,0.349,-0.769,-0.56
466.32,-83.0,956.0,-178.0,0.49,-0.769,-0.56
466.51,-83.0,957.0,-176.0,0.419,-0.769,-0.56
466.69,-82.0,958.0,-177.0,0.419,-0.699,-0.56
466.87,-84.0,957.0,-178.0,0.419,-0.699,-0.56
467.5,-82.0,957.0,-177.0,0.56,-0.769,-0.629
467.23,-82.0,956.0,-177.0,0.14,-0.56,-0.28
467.42,-79.0,958.0,-181.0,0.769,-0.91,-0.98
467.6,-79.0,954.0,-179.0,0.56,-0.49,-0.07
467.78,-92.0,960.0,-172.0,0.769,-1.12,-1.12
467.96,-75.0,955.0,-179.0,0.209,-0.419,-0.349
468.15,-87.0,956.0,-177.0,0.419,-0.699,-0.629
468.33,-76.0,958.0,-175.0,0.28,-0.91,-0.56
468.51,-82.0,953.0,-178.0,0.56,-0.209,-0.28
468.87,-78.0,956.0,-177.0,0.419,-0.419,-0.349
469.6,-86.0,959.0,-175.0,0.209,-0.91,-0.56
469.24,-80.0,957.0,-179.0,0.419,-0.699,-0.56
469.42,-84.0,958.0,-176.0,0.49,-0.839,-0.49
469.6,-82.0,957.0,-177.0,0.349,-0.769,-0.56
469.79,-83.0,957.0,-177.0,0.56,-0.699,-0.49
469.97,-82.0,956.0,-178.0,0.28,-0.699,-0.49
470.15,-82.0,957.0,-179.0,0.419,-0.769,-0.56
470.33,-83.0,957.0,-176.0,0.349,-0.769,-0.56
470.52,-83.0,956.0,-177.0,0.49,-0.769,-0.56
470.7,-85.0,956.0,-176.0,0.419,-0.769,-0.49
470.88,-83.0,957.0,-178.0,0.419,-0.699,-0.699
471.6,-80.0,955.0,-177.0,0.419,-0.839,-0.49
471.24,-83.0,956.0,-177.0,0.419,-0.629,-0.56
471.43,-83.0,957.0,-176.0,0.28,-0.839,-0.56
471.61,-81.0,956.0,-177.0,0.349,-0.699,-0.56
471.79,-83.0,957.0,-177.0,0.419,-0.629,-0.419
471.97,-85.0,959.0,-176.0,0.349,-0.769,-0.629
472.16,-80.0,956.0,-178.0,0.49,-0.769,-0.49
472.34,-83.0,957.0,-176.0,0.49,-0.699,-0.49
472.52,-85.0,958.0,-177.0,0.419,-0.769,-0.629
472.7,-81.0,955.0,-177.0,0.419,-0.699,-0.49
472.88,-83.0,957.0,-177.0,0.49,-0.699,-0.49
473.7,-84.0,957.0,-175.0,0.419,-0.699,-0.56
473.25,-82.0,957.0,-177.0,0.49,-0.699,-0.56
473.43,-83.0,956.0,-177.0,0.349,-0.699,-0.49
473.61,-84.0,956.0,-177.0,0.28,-0.839,-0.629
473.8,-82.0,957.0,-177.0,0.419,-0.699,-0.49
473.98,-84.0,957.0,-178.0,0.28,-0.629,-0.629
474.16,-85.0,957.0,-177.0,0.419,-0.769,-0.629
474.34,-80.0,956.0,-176.0,0.349,-0.769,-0.56
474.53,-84.0,955.0,-176.0,0.49,-0.839,-0.49
474.71,-82.0,955.0,-178.0,0.419,-0.91,-0.49
474.89,-84.0,958.0,-177.0,0.419,-0.699,-0.56
475.7,-84.0,957.0,-178.0,0.49,-0.769,-0.629
475.25,-82.0,957.0,-176.0,0.419,-0.769,-0.56
475.44,-84.0,956.0,-178.0,0.349,-0.629,-0.56
475.62,-82.0,957.0,-177.0,0.49,-0.839,-0.629
475.8,-81.0,956.0,-178.0,0.419,-0.699,-0.49
475.98,-85.0,957.0,-176.0,0.349,-0.769,-0.56
476.17,-82.0,956.0,-178.0,0.28,-0.839,-0.56
476.35,-82.0,957.0,-177.0,0.419,-0.699,-0.49
476.53,-83.0,957.0,-178.0,0.49,-0.699,-0.49
476.71,-83.0,957.0,-177.0,0.349,-0.769,-0.629
476.89,-81.0,957.0,-177.0,0.419,-0.769,-0.56
477.8,-84.0,957.0,-178.0,0.49,-0.769,-0.49
477.26,-85.0,956.0,-178.0,0.49,-0.839,-0.629
477.44,-82.0,956.0,-177.0,0.49,-0.699,-0.56
477.62,-85.0,957.0,-177.0,0.349,-0.769,-0.629
483.82,-82.0,956.0,-176.0,0.49,-0.769,-0.56
484.0,-84.0,957.0,-177.0,0.419,-0.769,-0.49
484.19,-82.0,956.0,-177.0,0.419,-0.769,-0.56
484.37,-83.0,957.0,-177.0,0.419,-0.769,-0.419
484.55,-84.0,957.0,-177.0,0.419,-0.839,-0.629
484.73,-83.0,957.0,-178.0,0.419,-0.839,-0.56
484.91,-82.0,956.0,-180.0,0.56,-0.629,-0.49
485.1,-84.0,957.0,-175.0,0.49,-0.839,-0.49
485.28,-82.0,956.0,-179.0,0.28,-0.699,-0.629
485.46,-85.0,956.0,-176.0,0.49,-0.769,-0.419
485.64,-84.0,956.0,-177.0,0.28,-0.839,-0.699
485.83,-81.0,957.0,-175.0,0.419,-0.699,-0.56
486.1,-84.0,956.0,-178.0,0.419,-0.699,-0.629
486.19,-81.0,956.0,-176.0,0.349,-0.839,-0.56
486.37,-84.0,956.0,-179.0,0.419,-0.699,-0.49
486.55,-82.0,957.0,-176.0,0.49,-0.769,-0.56
486.74,-84.0,957.0,-178.0,0.349,-0.839,-0.56
486.92,-82.0,956.0,-177.0,0.419,-0.839,-0.56
487.1,-83.0,956.0,-176.0,0.349,-0.699,-0.56
487.28,-83.0,956.0,-177.0,0.56,-0.769,-0.629
487.47,-81.0,957.0,-178.0,0.419,-0.769,-0.49
487.65,-81.0,957.0,-178.0,0.49,-0.769,-0.56
487.83,-81.0,956.0,-176.0,0.49,-0.769,-0.49
488.1,-87.0,957.0,-174.0,0.28,-0.769,-0.419
488.2,-80.0,957.0,-177.0,0.349,-0.699,-0.699
488.38,-81.0,957.0,-178.0,0.49,-0.699,-0.49
488.56,-84.0,957.0,-178.0,0.419,-0.699,-0.56
488.74,-83.0,958.0,-178.0,0.349,-0.839,-0.629
488.92,-81.0,956.0,-180.0,0.419,-0.699,-0.56
489.11,-83.0,957.0,-177.0,0.419,-0.699,-0.49
489.29,-82.0,955.0,-178.0,0.28,-0.769,-0.56
489.47,-81.0,955.0,-177.0,0.419,-0.629,-0.419
489.65,-83.0,956.0,-178.0,0.349,-0.839,-0.56
489.84,-80.0,956.0,-177.0,0.419,-0.769,-0.49
490.2,-80.0,956.0,-177.0,0.49,-0.629,-0.349
490.2,-85.0,957.0,-178.0,0.419,-0.769,-0.629
490.38,-81.0,957.0,-178.0,0.419,-0.839,-0.56
490.56,-80.0,957.0,-177.0,0.349,-0.699,-0.349
490.75,-84.0,956.0,-177.0,0.419,-0.769,-0.56
490.93,-79.0,955.0,-178.0,0.349,-0.769,-0.49
491.11,-83.0,958.0,-177.0,0.49,-0.629,-0.49
491.29,-85.0,957.0,-176.0,0.349,-0.769,-0.56
491.48,-81.0,956.0,-176.0,0.56,-0.699,-0.49
491.66,-86.0,957.0,-176.0,0.28,-0.769,-0.56
491.84,-85.0,957.0,-177.0,0.419,-0.839,-0.699
492.2,-84.0,959.0,-177.0,0.49,-0.629,-0.49
492.2,-86.0,957.0,-175.0,0.419,-0.769,-0.769
492.39,-79.0,956.0,-177.0,0.419,-0.629,-0.349
492.57,-87.0,957.0,-177.0,0.49,-0.699,-0.629
492.75,-80.0,957.0,-178.0,0.419,-0.91,-0.629
492.93,-81.0,955.0,-178.0,0.56,-0.629,-0.49
493.12,-85.0,957.0,-179.0,0.28,-0.769,-0.629
493.3,-81.0,956.0,-180.0,0.419,-0.769,-0.56
493.48,-83.0,955.0,-180.0,0.629,-0.629,-0.49
493.66,-86.0,959.0,-175.0,0.28,-0.769,-0.56
493.85,-80.0,955.0,-180.0,0.419,-0.699,-0.56
494.3,-85.0,957.0,-177.0,0.56,-0.839,-0.419
494.21,-80.0,958.0,-180.0,0.629,-0.769,-0.699
494.39,-85.0,955.0,-174.0,0.419,-0.699,-0.28
494.57,-87.0,959.0,-179.0,0.349,-0.699,-0.839
494.76,-78.0,955.0,-179.0,0.419,-0.91,-0.419
494.94,-87.0,958.0,-175.0,0.49,-0.56,-0.56
495.12,-82.0,957.0,-176.0,0.349,-0.91,-0.699
495.3,-81.0,957.0,-174.0,0.28,-0.769,-0.629
495.49,-86.0,955.0,-178.0,0.28,-0.56,0.419
495.67,-84.0,960.0,-179.0,0.209,-0.98,-1.33
498.4,-82.0,956.0,-177.0,0.28,-0.839,-0.629
498.58,-82.0,957.0,-178.0,0.419,-0.699,-0.49
498.77,-85.0,958.0,-176.0,0.419,-0.769,-0.49
498.95,-82.0,957.0,-176.0,0.349,-0.769,-0.699
499.13,-81.0,957.0,-177.0,0.56,-0.49,-0.419
499.31,-88.0,957.0,-176.0,0.349,-0.769,-0.629
499.5,-78.0,957.0,-178.0,0.49,-0.91,-0.629
499.68,-86.0,957.0,-173.0,0.419,-0.839,-0.419
499.86,-83.0,956.0,-178.0,0.28,-0.629,-0.699
500.4,-82.0,956.0,-178.0,0.49,-0.769,-0.49
500.22,-81.0,958.0,-177.0,0.56,-0.769,-0.629
500.41,-83.0,957.0,-175.0,0.56,-0.839,-0.49
500.59,-82.0,956.0,-176.0,0.349,-0.699,-0.56
500.77,-80.0,955.0,-180.0,0.349,-0.629,-0.49
500.95,-84.0,958.0,-178.0,0.49,-0.699,-0.56
501.14,-79.0,955.0,-179.0,0.56,-0.769,-0.56
501.32,-84.0,957.0,-176.0,0.349,-0.769,-0.49
501.5,-83.0,957.0,-177.0,0.56,-0.699,-0.56
501.68,-83.0,957.0,-177.0,0.419,-0.769,-0.49
501.86,-83.0,957.0,-177.0,0.49,-0.769,-0.56
502.5,-82.0,958.0,-178.0,0.419,-0.769,-0.49
502.23,-82.0,955.0,-180.0,0.56,-0.699,-0.419
502.41,-83.0,958.0,-178.0,0.349,-0.769,-0.56
502.59,-81.0,956.0,-178.0,0.49,-0.699,-0.56
502.78,-84.0,958.0,-178.0,0.349,-0.699,-0.56
502.96,-80.0,955.0,-178.0,0.49,-0.839,-0.629
503.14,-85.0,958.0,-179.0,0.56,-0.629,-0.49
503.32,-85.0,958.0,-177.0,0.28,-0.839,-0.769
503.51,-80.0,957.0,-178.0,0.419,-0.629,-0.419
503.69,-87.0,960.0,-177.0,0.419,-0.769,-0.629
503.87,-83.0,955.0,-179.0,0.349,-0.839,-0.629
504.5,-84.0,957.0,-179.0,0.49,-0.699,-0.56
504.23,-86.0,956.0,-177.0,0.209,-0.699,-0.56
504.42,-82.0,957.0,-177.0,0.209,-0.769,-0.629
504.6,-81.0,957.0,-177.0,0.14,-0.699,-0.49
504.78,-83.0,958.0,-175.0,0.349,-0.839,-0.49
504.96,-82.0,958.0,-176.0,0.28,-0.839,-0.629
505.15,-81.0,955.0,-178.0,0.56,-0.699,-0.49
505.33,-87.0,958.0,-176.0,0.49,-0.769,-0.56
505.51,-81.0,955.0,-179.0,0.56,-0.91,-0.629
505.69,-80.0,957.0,-177.0,0.419,-0.629,-0.419
505.87,-83.0,956.0,-178.0,0.349,-0.769,-0.629
506.6,-81.0,957.0,-178.0,0.349,-0.769,-0.56
506.24,-81.0,956.0,-178.0,0.49,-0.699,-0.349
506.42,-85.0,960.0,-175.0,0.28,-0.699,-0.769
506.6,-78.0,955.0,-177.0,0.349,-0.91,-0.629
506.79,-82.0,959.0,-177.0,0.349,-0.699,-0.419
506.97,-82.0,955.0,-180.0,0.56,-0.769,-0.629
507.15,-80.0,959.0,-176.0,0.349,-0.769,-0.629
507.33,-79.0,955.0,-178.0,0.56,-0.629,-0.419
507.51,-88.0,960.0,-176.0,0.28,-0.769,-0.699
507.7,-78.0,955.0,-178.0,0.49,-0.769,-0.56
507.88,-82.0,958.0,-177.0,0.419,-0.699,-0.349
508.6,-83.0,956.0,-177.0,0.419,-0.769,-0.56
508.24,-82.0,957.0,-178.0,0.419,-0.839,-0.56
508.43,-82.0,955.0,-179.0,0.49,-0.699,-0.419
508.61,-85.0,958.0,-178.0,0.419,-0.769,-0.56
508.79,-80.0,954.0,-178.0,0.419,-0.699,-0.49
508.97,-83.0,958.0,-176.0,0.419,-0.629,-0.49
509.15,-82.0,957.0,-177.0,0.349,-0.839,-0.49
509.34,-83.0,958.0,-177.0,0.419,-0.769,-0.49
509.52,-83.0,956.0,-178.0,0.56,-0.769,-0.56
509.7,-83.0,956.0,-178.0,0.349,-0.699,-0.56
509.88,-84.0,958.0,-178.0,0.49,-0.699,-0.629
510.7,-81.0,956.0,-176.0,0.28,-0.769,-0.56
510.25,-80.0,957.0,-177.0,0.419,-0.629,-0.49
510.43,-84.0,956.0,-177.0,0.28,-0.699,-0.49
510.61,-82.0,957.0,-177.0,0.49,-0.839,-0.629
510.8,-80.0,957.0,-176.0,0.419,-0.769,-0.49
510.98,-84.0,957.0,-176.0,0.49,-0.769,-0.629
511.16,-81.0,956.0,-176.0,0.49,-0.629,-0.49
511.34,-85.0,958.0,-176.0,0.419,-0.769,-0.629
511.52,-81.0,955.0,-175.0,0.28,-0.769,-0.56
511.71,-85.0,957.0,-176.0,0.49,-0.699,-0.56
511.89,-84.0,957.0,-176.0,0.28,-0.91,-0.699
512.7,-81.0,957.0,-177.0,0.56,-0.699,-0.56
512.25,-84.0,957.0,-177.0,0.49,-0.769,-0.56
512.44,-84.0,957.0,-176.0,0.49,-0.769,-0.629
512.62,-82.0,955.0,-177.0,0.349,-0.769,-0.56
512.8,-85.0,958.0,-176.0,0.419,-0.699,-0.49
512.98,-82.0,955.0,-177.0,0.349,-0.769,-0.629
513.16,-82.0,956.0,-177.0,0.349,-0.699,-0.56
513.35,-81.0,957.0,-176.0,0.28,-0.699,-0.49
513.53,-87.0,955.0,-179.0,0.56,-0.769,-0.769
513.71,-79.0,954.0,-175.0,0.209,-0.91,-0.56
513.89,-86.0,958.0,-178.0,0.49,-0.629,-0.49
514.8,-82.0,955.0,-176.0,0.28,-0.91,-0.56
514.26,-84.0,957.0,-177.0,0.49,-0.699,-0.49
514.44,-83.0,957.0,-175.0,0.349,-0.839,-0.56
514.62,-83.0,956.0,-177.0,0.49,-0.699,-0.56
514.8,-80.0,957.0,-176.0,0.49,-0.839,-0.629
514.99,-83.0,956.0,-177.0,0.49,-0.629,-0.49
515.17,-83.0,956.0,-177.0,0.28,-0.91,-0.629
515.35,-82.0,956.0,-176.0,0.49,-0.769,-0.419
515.53,-83.0,958.0,-175.0,0.28,-0.839,-0.56
515.72,-81.0,955.0,-177.0,0.49,-0.699,-0.49
522.1,-80.0,957.0,-177.0,0.419,-0.629,-0.419
522.28,-77.0,952.0,-153.0,0.28,-0.98,-0.209
522.46,-88.0,960.0,-204.0,1.679,-0.56,-1.399
522.64,-76.0,954.0,-163.0,-0.56,-0.91,0.349
522.82,-94.0,960.0,-192.0,1.049,-0.629,-1.33
523.1,-91.0,958.0,-174.0,-0.56,-3.289,0.91
523.19,-82.0,956.0,-172.0,0.49,-7.349,1.82
523.37,-138.0,951.0,-216.0,-0.699,-14.979,3.64
523.55,-88.0,960.0,-162.0,0.91,-4.9,3.15
523.74,-42.0,952.0,-170.0,0.419,-15.329,4.55
523.92,-59.0,959.0,-165.0,0.14,-14.35,2.519
524.1,-65.0,962.0,-165.0,0.209,-10.149,1.889
524.28,-68.0,962.0,-154.0,0.07,-12.39,2.66
524.46,-55.0,963.0,-156.0,0.56,-14.909,3.359
524.65,-51.0,965.0,-155.0,0.419,-7.559,1.259
524.83,-52.0,964.0,-149.0,0.28,-8.399,1.33
525.1,-44.0,963.0,-153.0,0.56,-3.009,0.07
525.38,-40.0,962.0,-154.0,0.839,2.38,-1.75
525.56,-55.0,959.0,-119.0,1.61,1.259,-1.259
525.74,-87.0,973.0,-187.0,-0.91,-0.14,-0.349
525.92,-27.0,960.0,-144.0,1.33,-0.98,-0.56
526.29,-43.0,964.0,-157.0,0.49,-0.56,-0.769
526.47,-51.0,964.0,-150.0,0.629,-0.91,-0.28
526.65,-46.0,963.0,-149.0,0.349,-0.56,-0.699
526.83,-47.0,964.0,-152.0,0.349,-0.839,-0.349
527.2,-48.0,964.0,-149.0,0.419,-0.699,-0.629
527.2,-44.0,964.0,-150.0,0.349,-0.839,-0.49
527.38,-49.0,964.0,-146.0,0.419,-0.769,-0.49
527.56,-44.0,963.0,-150.0,0.349,-0.699,-0.629
527.75,-45.0,963.0,-150.0,0.56,-0.91,-0.49
527.93,-46.0,963.0,-151.0,0.629,-0.629,-0.49
528.11,-49.0,964.0,-150.0,0.56,-0.839,-0.699
528.29,-45.0,965.0,-150.0,0.419,-0.699,-0.56
528.47,-52.0,963.0,-152.0,0.419,-0.769,-0.56
528.66,-45.0,963.0,-152.0,0.419,-0.839,-0.56
528.84,-51.0,964.0,-151.0,0.49,-0.699,-0.49
529.2,-43.0,962.0,-150.0,0.349,-0.769,-0.49
529.2,-50.0,965.0,-151.0,0.349,-0.56,-0.49
529.39,-47.0,963.0,-152.0,0.419,-0.839,-0.629
529.57,-47.0,962.0,-151.0,0.49,-0.699,-0.49
529.75,-46.0,964.0,-149.0,0.419,-0.699,-0.49
529.93,-49.0,965.0,-149.0,0.49,-0.699,-0.56
530.84,-48.0,964.0,-148.0,0.56,-0.699,-0.49
531.3,-48.0,965.0,-149.0,0.349,-0.629,-0.56
531.21,-48.0,963.0,-150.0,0.349,-0.769,-0.49
531.39,-47.0,963.0,-151.0,0.419,-0.769,-0.56
531.57,-47.0,964.0,-149.0,0.419,-0.769,-0.56
531.76,-46.0,962.0,-150.0,0.419,-0.769,-0.56
531.94,-47.0,962.0,-151.0,0.49,-0.629,-0.56
532.12,-47.0,964.0,-150.0,0.419,-0.699,-0.56
532.3,-47.0,964.0,-151.0,0.49,-0.629,-0.56
532.49,-48.0,964.0,-148.0,0.349,-0.839,-0.629
532.67,-45.0,964.0,-149.0,0.419,-0.629,-0.419
532.85,-49.0,965.0,-151.0,0.419,-0.769,-0.629
533.3,-45.0,963.0,-152.0,0.49,-0.699,-0.56
533.21,-48.0,963.0,-151.0,0.349,-0.839,-0.56
533.4,-47.0,964.0,-148.0,0.49,-0.91,-0.769
533.58,-41.0,962.0,-148.0,0.28,-0.49,-0.349
533.76,-52.0,965.0,-152.0,0.28,-0.91,-0.699
533.94,-44.0,964.0,-151.0,0.349,-0.699,-0.56
534.13,-50.0,963.0,-150.0,0.49,-0.769,-0.56
534.31,-47.0,963.0,-151.0,0.349,-0.769,-0.56
534.49,-46.0,962.0,-152.0,0.49,-0.699,-0.49
534.67,-47.0,964.0,-151.0,0.419,-0.91,-0.629
534.85,-44.0,964.0,-149.0,0.419,-0.699,-0.49
535.4,-49.0,964.0,-150.0,0.28,-0.49,-0.349
535.22,-47.0,965.0,-153.0,0.349,-0.629,-0.629
535.4,-48.0,963.0,-153.0,0.839,-0.629,-0.56
535.58,-44.0,963.0,-148.0,0.56,-0.839,-0.56
535.77,-46.0,963.0,-146.0,0.419,-0.839,-0.419
535.95,-48.0,963.0,-150.0,0.28,-0.629,-0.56
536.13,-45.0,964.0,-154.0,0.419,-0.769,-0.56
536.31,-60.0,967.0,-124.0,1.61,2.799,1.82
536.5,-16.0,954.0,-163.0,-0.56,-0.14,-0.629
536.68,-57.0,968.0,-148.0,1.19,-1.96,-0.07
536.86,-69.0,969.0,-131.0,-1.96,0.28,-2.099
539.23,-87.0,961.0,-189.0,0.209,-0.56,-0.769
539.41,-73.0,956.0,-168.0,0.419,-0.98,-0.349
539.59,-85.0,958.0,-179.0,0.419,-0.56,-0.699
539.78,-76.0,956.0,-176.0,0.419,-0.839,-0.419
539.96,-85.0,957.0,-178.0,0.56,-0.629,-0.56
540.14,-76.0,957.0,-175.0,0.349,-0.91,-0.629
540.32,-99.0,959.0,-175.0,1.19,-0.349,-0.28
540.51,-70.0,955.0,-173.0,-0.209,-1.33,-0.98
540.87,-80.0,964.0,-167.0,0.14,-1.12,-0.839
541.23,-79.0,958.0,-177.0,0.419,-1.19,-0.98
541.42,-79.0,956.0,-174.0,0.56,-0.49,-0.209
541.6,-83.0,959.0,-176.0,0.419,-0.769,-0.699
541.78,-79.0,957.0,-175.0,0.349,-0.769,-0.419
541.96,-81.0,959.0,-177.0,0.349,-0.769,-0.629
542.15,-79.0,957.0,-171.0,0.419,-0.699,-0.419
542.33,-82.0,959.0,-178.0,0.349,-0.769,-0.699
542.51,-76.0,957.0,-174.0,0.49,-0.769,-0.419
542.69,-82.0,958.0,-177.0,0.49,-0.699,-0.56
542.87,-79.0,957.0,-175.0,0.419,-0.769,-0.49
543.6,-80.0,958.0,-177.0,0.419,-0.699,-0.49
543.24,-83.0,957.0,-176.0,0.349,-0.699,-0.629
543.42,-80.0,957.0,-177.0,0.49,-0.839,-0.56
543.6,-79.0,958.0,-175.0,0.419,-0.769,-0.56
543.79,-85.0,958.0,-176.0,0.629,-0.98,-0.56
543.97,-76.0,956.0,-174.0,0.209,-0.699,-0.699
544.15,-77.0,962.0,-181.0,0.28,-0.419,0.07
546.52,-78.0,955.0,-173.0,0.28,-0.91,-0.56
546.7,-79.0,958.0,-176.0,0.56,-0.769,-0.49
546.88,-81.0,957.0,-173.0,0.14,-0.769,-0.419
547.7,-80.0,957.0,-177.0,0.699,-0.91,-0.699
547.25,-74.0,956.0,-174.0,0.349,-0.769,-0.49
547.43,-84.0,958.0,-178.0,0.49,-0.769,-0.49
547.61,-76.0,956.0,-176.0,0.419,-0.839,-0.629
547.79,-82.0,957.0,-177.0,0.349,-0.629,-0.419
547.98,-80.0,956.0,-176.0,0.349,-0.839,-0.629
548.16,-78.0,958.0,-177.0,0.419,-0.629,-0.49
548.34,-80.0,957.0,-176.0,0.419,-0.699,-0.629
548.52,-80.0,958.0,-178.0,0.349,-0.699,-0.56
548.71,-80.0,957.0,-179.0,0.56,-0.56,-0.769
548.89,-80.0,957.0,-175.0,0.419,-0.98,-0.419
549.7,-82.0,956.0,-178.0,0.49,-0.49,-0.56
549.25,-79.0,958.0,-175.0,0.56,-0.91,-0.629
549.44,-78.0,957.0,-175.0,0.349,-0.629,-0.419
549.62,-81.0,958.0,-177.0,0.56,-0.91,-0.629
549.8,-81.0,957.0,-176.0,0.419,-0.699,-0.49
549.98,-80.0,957.0,-178.0,0.629,-0.839,-0.56
550.16,-81.0,958.0,-178.0,0.349,-0.699,-0.56
550.35,-80.0,957.0,-177.0,0.49,-0.629,-0.49
550.53,-79.0,956.0,-177.0,0.349,-0.769,-0.56
550.71,-81.0,957.0,-177.0,0.419,-0.699,-0.419
550.89,-81.0,958.0,-177.0,0.349,-0.769,-0.56
551.8,-79.0,957.0,-179.0,0.349,-0.699,-0.629
551.26,-80.0,957.0,-176.0,0.699,-0.839,-0.419
551.44,-86.0,956.0,-178.0,0.419,-0.699,-0.56
551.62,-77.0,957.0,-177.0,0.349,-0.91,-0.56
551.8,-79.0,957.0,-179.0,0.49,-0.629,-0.49
551.99,-81.0,957.0,-176.0,0.49,-0.769,-0.56
552.17,-81.0,958.0,-176.0,0.28,-0.839,-0.699
552.35,-80.0,958.0,-175.0,0.419,-0.699,-0.49
552.53,-77.0,957.0,-176.0,0.28,-0.98,-0.629
552.72,-82.0,957.0,-174.0,0.49,-0.629,-0.349
552.9,-85.0,957.0,-177.0,0.209,-0.699,-0.699
553.99,-79.0,956.0,-176.0,0.419,-0.699,-0.56
554.17,-79.0,958.0,-174.0,0.419,-0.91,-0.629
554.36,-79.0,956.0,-176.0,0.419,-0.699,-0.49
554.54,-80.0,958.0,-175.0,0.349,-0.769,-0.629
554.72,-75.0,956.0,-174.0,0.28,-0.629,-0.349
554.9,-83.0,957.0,-178.0,0.419,-0.629,-0.56
555.8,-76.0,958.0,-175.0,0.49,-0.91,-0.56
555.27,-81.0,958.0,-175.0,0.49,-0.629,-0.56
555.45,-78.0,959.0,-175.0,0.209,-0.839,-0.629
555.63,-77.0,955.0,-174.0,0.349,-0.98,-0.349
555.81,-79.0,957.0,-176.0,0.419,-0.629,-0.419
556.0,-81.0,958.0,-174.0,0.419,-0.98,-0.56
556.18,-78.0,958.0,-176.0,0.49,-0.769,-0.56
562.38,-82.0,958.0,-176.0,0.419,-0.839,-0.56
562.56,-80.0,956.0,-176.0,0.49,-0.699,-0.56
562.74,-82.0,957.0,-176.0,0.419,-0.769,-0.56
562.92,-79.0,956.0,-175.0,0.419,-0.769,-0.56
563.1,-81.0,957.0,-175.0,0.419,-0.699,-0.56
563.29,-80.0,958.0,-174.0,0.419,-0.699,-0.56
563.47,-79.0,957.0,-175.0,0.419,-0.699,-0.56
563.65,-81.0,956.0,-175.0,0.419,-0.699,-0.56
563.83,-79.0,958.0,-176.0,0.419,-0.839,-0.56
564.2,-80.0,957.0,-176.0,0.49,-0.769,-0.49
564.2,-80.0,957.0,-176.0,0.419,-0.839,-0.56
564.38,-79.0,956.0,-178.0,0.419,-0.699,-0.49
564.56,-81.0,957.0,-176.0,0.49,-0.769,-0.629
564.74,-78.0,956.0,-176.0,0.419,-0.769,-0.49
564.93,-81.0,959.0,-176.0,0.419,-0.699,-0.629
565.11,-80.0,957.0,-175.0,0.419,-0.769,-0.56
565.29,-80.0,958.0,-175.0,0.419,-0.699,-0.629
565.47,-79.0,957.0,-175.0,0.419,-0.699,-0.49
565.66,-81.0,958.0,-175.0,0.349,-0.839,-0.56
565.84,-80.0,957.0,-175.0,0.349,-0.769,-0.49
566.2,-80.0,957.0,-175.0,0.349,-0.769,-0.49
566.2,-80.0,958.0,-176.0,0.349,-0.769,-0.56
566.39,-79.0,957.0,-177.0,0.419,-0.769,-0.56
566.57,-79.0,956.0,-175.0,0.419,-0.699,-0.56
566.75,-80.0,957.0,-176.0,0.49,-0.769,-0.56
566.93,-79.0,957.0,-175.0,0.349,-0.769,-0.49
567.11,-80.0,956.0,-177.0,0.419,-0.629,-0.419
567.3,-84.0,958.0,-175.0,0.419,-0.98,-0.699
567.48,-76.0,955.0,-176.0,0.419,-0.629,-0.49
567.66,-82.0,959.0,-176.0,0.419,-0.769,-0.629
567.84,-79.0,956.0,-175.0,0.349,-0.769,-0.629
568.3,-80.0,956.0,-174.0,0.419,-0.699,-0.56
568.21,-80.0,958.0,-175.0,0.419,-0.699,-0.56
568.39,-81.0,958.0,-176.0,0.419,-0.769,-0.629
568.57,-79.0,957.0,-176.0,0.419,-0.769,-0.56
568.76,-81.0,958.0,-176.0,0.419,-0.839,-0.56
568.94,-80.0,956.0,-176.0,0.28,-0.699,-0.49
569.12,-81.0,957.0,-175.0,0.419,-0.769,-0.56
569.3,-80.0,957.0,-176.0,0.419,-0.699,-0.49
569.48,-80.0,958.0,-176.0,0.419,-0.839,-0.629
569.67,-81.0,957.0,-176.0,0.49,-0.699,-0.49
569.85,-81.0,957.0,-176.0,0.419,-0.769,-0.56
570.3,-80.0,957.0,-175.0,0.419,-0.769,-0.56
570.21,-79.0,957.0,-176.0,0.349,-0.769,-0.56
570.4,-81.0,957.0,-176.0,0.419,-0.839,-0.56
570.58,-81.0,958.0,-178.0,0.49,-0.769,-0.56
570.76,-79.0,957.0,-176.0,0.419,-0.769,-0.49
570.94,-80.0,956.0,-177.0,0.49,-0.699,-0.56
571.12,-79.0,957.0,-176.0,0.419,-0.769,-0.56
571.31,-79.0,957.0,-175.0,0.419,-0.769,-0.49
571.49,-80.0,956.0,-176.0,0.419,-0.769,-0.56
571.67,-80.0,957.0,-175.0,0.349,-0.769,-0.629
571.85,-80.0,958.0,-175.0,0.419,-0.769,-0.56
572.4,-79.0,957.0,-176.0,0.419,-0.769,-0.56
578.96,-80.0,958.0,-176.0,0.349,-0.839,-0.629
579.15,-79.0,957.0,-176.0,0.56,-0.699,-0.49
579.33,-78.0,958.0,-176.0,0.419,-0.839,-0.56
579.51,-81.0,957.0,-176.0,0.49,-0.699,-0.49
579.69,-79.0,958.0,-175.0,0.419,-0.769,-0.56
579.88,-81.0,958.0,-176.0,0.349,-0.629,-0.419
580.6,-81.0,957.0,-175.0,0.419,-0.769,-0.629
580.24,-80.0,957.0,-175.0,0.419,-0.769,-0.49
580.42,-81.0,959.0,-175.0,0.49,-0.769,-0.56
580.6,-81.0,957.0,-177.0,0.419,-0.769,-0.629
580.79,-81.0,956.0,-176.0,0.419,-0.839,-0.56
580.97,-81.0,957.0,-177.0,0.419,-0.839,-0.56
581.15,-81.0,958.0,-177.0,0.419,-0.769,-0.629
581.33,-80.0,957.0,-176.0,0.349,-0.769,-0.699
581.52,-80.0,958.0,-176.0,0.49,-0.769,-0.56
581.7,-80.0,957.0,-176.0,0.419,-0.699,-0.49
581.88,-80.0,958.0,-175.0,0.349,-0.769,-0.56
582.6,-79.0,957.0,-177.0,0.49,-0.839,-0.56
582.24,-81.0,957.0,-176.0,0.419,-0.769,-0.56
582.43,-79.0,957.0,-176.0,0.349,-0.839,-0.629
582.61,-77.0,956.0,-176.0,0.419,-0.629,-0.49
582.79,-82.0,958.0,-176.0,0.49,-0.769,-0.629
582.97,-78.0,956.0,-177.0,0.419,-0.769,-0.629
583.16,-81.0,958.0,-176.0,0.419,-0.699,-0.56
583.34,-80.0,957.0,-176.0,0.49,-0.699,-0.56
583.52,-80.0,957.0,-177.0,0.349,-0.769,-0.629
583.7,-79.0,957.0,-177.0,0.419,-0.699,-0.49
583.89,-81.0,958.0,-175.0,0.49,-0.769,-0.56
584.7,-79.0,956.0,-177.0,0.419,-0.699,-0.56
584.25,-80.0,957.0,-177.0,0.56,-0.699,-0.56
584.43,-78.0,958.0,-176.0,0.419,-0.699,-0.49
584.61,-81.0,958.0,-176.0,0.349,-0.769,-0.629
584.8,-79.0,957.0,-176.0,0.49,-0.769,-0.56
584.98,-80.0,957.0,-176.0,0.49,-0.699,-0.49
585.16,-79.0,957.0,-176.0,0.419,-0.699,-0.49
585.34,-80.0,957.0,-176.0,0.49,-0.699,-0.419
585.53,-78.0,957.0,-176.0,0.349,-0.769,-0.49
585.71,-79.0,957.0,-176.0,0.49,-0.699,-0.419
585.89,-80.0,958.0,-175.0,0.419,-0.769,-0.56
586.7,-81.0,957.0,-176.0,0.49,-0.699,-0.56
586.26,-80.0,957.0,-175.0,0.349,-0.769,-0.629
586.44,-79.0,957.0,-177.0,0.49,-0.699,-0.49
586.62,-81.0,958.0,-176.0,0.349,-0.769,-0.56
586.8,-80.0,957.0,-176.0,0.49,-0.629,-0.49
586.98,-80.0,958.0,-175.0,0.349,-0.769,-0.49
587.17,-80.0,957.0,-176.0,0.419,-0.769,-0.56
587.35,-80.0,957.0,-175.0,0.49,-0.769,-0.49
587.53,-81.0,957.0,-176.0,0.419,-0.769,-0.49
587.71,-80.0,958.0,-176.0,0.419,-0.769,-0.56
587.9,-77.0,956.0,-176.0,0.349,-0.699,-0.56
588.8,-81.0,957.0,-175.0,0.49,-0.629,-0.419
588.26,-81.0,958.0,-174.0,0.419,-0.839,-0.56
588.44,-80.0,959.0,-176.0,0.419,-0.629,-0.56
588.62,-81.0,957.0,-177.0,0.349,-0.699,-0.419
588.81,-80.0,956.0,-176.0,0.419,-0.699,-0.49
588.99,-80.0,956.0,-176.0,0.419,-0.699,-0.49
589.17,-81.0,958.0,-175.0,0.419,-0.699,-0.56
589.35,-80.0,956.0,-176.0,0.419,-0.769,-0.49
589.54,-79.0,956.0,-177.0,0.49,-0.699,-0.56
589.72,-79.0,956.0,-176.0,0.419,-0.699,-0.49
589.9,-81.0,958.0,-176.0,0.419,-0.769,-0.49
597.19,-82.0,958.0,-176.0,0.49,-0.769,-0.56
597.37,-78.0,956.0,-177.0,0.349,-0.769,-0.56
597.56,-83.0,957.0,-175.0,0.49,-0.699,-0.49
597.74,-79.0,955.0,-176.0,0.419,-0.91,-0.56
597.92,-81.0,957.0,-178.0,0.56,-0.629,-0.49
598.1,-82.0,959.0,-177.0,0.349,-0.839,-0.769
598.29,-78.0,956.0,-178.0,0.56,-0.699,-0.49
598.47,-81.0,958.0,-175.0,0.419,-0.769,-0.56
598.65,-79.0,957.0,-176.0,0.349,-0.839,-0.629
598.83,-81.0,957.0,-176.0,0.419,-0.699,-0.49
599.1,-81.0,957.0,-176.0,0.419,-0.839,-0.699
599.2,-78.0,957.0,-176.0,0.419,-0.699,-0.56
599.38,-82.0,957.0,-176.0,0.49,-0.699,-0.629
599.56,-80.0,958.0,-175.0,0.349,-0.839,-0.629
599.74,-80.0,958.0,-176.0,0.49,-0.769,-0.56
599.93,-78.0,956.0,-176.0,0.419,-0.699,-0.49
600.11,-84.0,959.0,-175.0,0.419,-0.699,-0.56
600.29,-77.0,957.0,-176.0,0.419,-0.839,-0.56
600.47,-81.0,957.0,-176.0,0.419,-0.699,-0.349
600.66,-81.0,958.0,-175.0,0.419,-0.769,-0.56
600.84,-82.0,957.0,-177.0,0.419,-0.769,-0.629
601.2,-78.0,956.0,-177.0,0.349,-0.699,-0.56
601.2,-82.0,958.0,-178.0,0.56,-0.769,-0.56
601.38,-79.0,956.0,-176.0,0.419,-0.769,-0.56
601.57,-81.0,958.0,-177.0,0.56,-0.769,-0.49
601.75,-77.0,958.0,-177.0,0.349,-0.91,-0.629
601.93,-80.0,958.0,-178.0,0.56,-0.629,-0.56
602.11,-79.0,957.0,-177.0,0.419,-0.769,-0.629
602.3,-83.0,957.0,-178.0,0.49,-0.629,-0.56
602.48,-77.0,956.0,-177.0,0.419,-0.839,-0.629
602.66,-81.0,958.0,-175.0,0.49,-0.629,-0.49
602.84,-78.0,957.0,-176.0,0.28,-0.769,-0.629
603.3,-82.0,957.0,-176.0,0.56,-0.699,-0.419
603.21,-80.0,957.0,-176.0,0.419,-0.839,-0.629
603.39,-80.0,958.0,-176.0,0.419,-0.699,-0.56
603.57,-80.0,955.0,-177.0,0.419,-0.699,-0.56
603.75,-78.0,958.0,-176.0,0.349,-0.769,-0.629
603.94,-79.0,957.0,-175.0,0.419,-0.699,-0.419
604.12,-81.0,958.0,-176.0,0.419,-0.699,-0.49
604.3,-81.0,958.0,-176.0,0.349,-0.769,-0.629
604.48,-77.0,957.0,-177.0,0.349,-0.769,-0.699
604.67,-80.0,957.0,-175.0,0.49,-0.769,-0.419
604.85,-79.0,957.0,-176.0,0.419,-0.699,-0.56
605.3,-81.0,957.0,-177.0,0.49,-0.769,-0.629
605.21,-77.0,956.0,-177.0,0.419,-0.769,-0.56
605.39,-80.0,956.0,-175.0,0.419,-0.629,-0.419
605.58,-80.0,957.0,-175.0,0.419,-0.839,-0.699
605.76,-77.0,957.0,-175.0,0.419,-0.699,-0.49
605.94,-83.0,958.0,-177.0,0.419,-0.699,-0.56
606.12,-78.0,956.0,-177.0,0.419,-0.839,-0.629
606.31,-81.0,957.0,-176.0,0.419,-0.629,-0.49
606.49,-80.0,956.0,-177.0,0.349,-0.769,-0.56
606.67,-82.0,958.0,-176.0,0.419,-0.699,-0.629
606.85,-76.0,956.0,-177.0,0.28,-0.699,-0.56
607.4,-83.0,958.0,-177.0,0.49,-0.769,-0.56
607.22,-79.0,956.0,-175.0,0.419,-0.839,-0.629
607.4,-81.0,958.0,-177.0,0.419,-0.699,-0.49
607.58,-79.0,956.0,-176.0,0.28,-0.699,-0.56
607.76,-81.0,958.0,-175.0,0.49,-0.769,-0.49
607.95,-79.0,957.0,-175.0,0.349,-0.699,-0.56
608.13,-81.0,959.0,-175.0,0.419,-0.769,-0.56
608.31,-80.0,957.0,-175.0,0.49,-0.769,-0.49
608.49,-78.0,957.0,-175.0,0.419,-0.839,-0.49
608.68,-81.0,956.0,-176.0,0.49,-0.699,-0.419
608.86,-79.0,958.0,-175.0,0.419,-0.769,-0.629
609.4,-80.0,956.0,-176.0,0.49,-0.56,-0.419
609.22,-82.0,958.0,-175.0,0.419,-0.839,-0.699
609.41,-78.0,956.0,-176.0,0.56,-0.56,-0.419
609.59,-82.0,958.0,-175.0,0.349,-0.769,-0.56
609.77,-79.0,958.0,-176.0,0.419,-0.699,-0.49
609.95,-80.0,958.0,-174.0,0.349,-0.769,-0.49
610.13,-79.0,957.0,-176.0,0.349,-0.629,-0.49
610.32,-82.0,959.0,-173.0,0.419,-0.839,-0.629
610.5,-78.0,956.0,-177.0,0.49,-0.699,-0.49
610.68,-82.0,959.0,-175.0,0.419,-0.839,-0.629
610.86,-78.0,955.0,-176.0,0.419,-0.699,-0.49
611.5,-83.0,960.0,-173.0,0.349,-0.769,-0.629
611.23,-78.0,957.0,-176.0,0.349,-0.769,-0.56
611.41,-83.0,957.0,-175.0,0.49,-0.839,-0.629
611.59,-79.0,957.0,-175.0,0.419,-0.769,-0.629
611.78,-81.0,958.0,-175.0,0.419,-0.699,-0.49
611.96,-82.0,957.0,-176.0,0.56,-0.769,-0.56
612.14,-80.0,956.0,-174.0,0.419,-0.769,-0.56
612.32,-81.0,958.0,-175.0,0.419,-0.699,-0.629
612.5,-78.0,956.0,-177.0,0.49,-0.769,-0.56
612.69,-81.0,957.0,-176.0,0.419,-0.769,-0.56
612.87,-81.0,959.0,-174.0,0.419,-0.839,-0.699
613.5,-76.0,955.0,-178.0,0.419,-0.629,-0.419
613.23,-81.0,958.0,-175.0,0.49,-0.839,-0.56
613.42,-78.0,957.0,-176.0,0.419,-0.699,-0.56
613.6,-78.0,957.0,-175.0,0.419,-0.699,-0.56
613.78,-83.0,959.0,-175.0,0.49,-0.629,-0.56
613.96,-76.0,955.0,-177.0,0.419,-0.699,-0.56
614.15,-84.0,958.0,-175.0,0.419,-0.769,-0.56
614.33,-74.0,957.0,-175.0,0.349,-0.629,-0.49
614.51,-83.0,959.0,-175.0,0.49,-0.629,-0.56
614.69,-77.0,955.0,-176.0,0.419,-0.769,-0.56
614.87,-81.0,961.0,-174.0,0.56,-0.769,-0.56
615.6,-74.0,954.0,-176.0,0.349,-0.56,-0.419
615.24,-86.0,959.0,-176.0,0.699,-0.769,-0.56
615.42,-75.0,957.0,-176.0,0.209,-0.839,-0.629
615.6,-85.0,959.0,-176.0,0.56,-0.629,-0.349
615.79,-77.0,956.0,-176.0,0.209,-0.839,-0.699
615.97,-82.0,958.0,-175.0,0.49,-0.49,-0.419
616.15,-80.0,955.0,-176.0,0.28,-0.91,-0.699
616.33,-83.0,958.0,-175.0,0.56,-0.699,-0.56
616.52,-79.0,956.0,-175.0,0.349,-0.769,-0.56
616.7,-82.0,957.0,-177.0,0.419,-0.699,-0.49
617.79,-80.0,957.0,-175.0,0.349,-0.839,-0.629
617.97,-80.0,958.0,-175.0,0.49,-0.699,-0.419
618.16,-82.0,957.0,-175.0,0.419,-0.699,-0.49
618.34,-79.0,956.0,-175.0,0.49,-0.839,-0.56
618.52,-80.0,955.0,-176.0,0.49,-0.629,-0.49
618.7,-80.0,957.0,-176.0,0.349,-0.769,-0.629
618.89,-81.0,957.0,-175.0,0.28,-0.699,-0.56
619.7,-80.0,958.0,-176.0,0.419,-0.769,-0.629
619.25,-83.0,957.0,-176.0,0.419,-0.699,-0.56
619.43,-80.0,959.0,-175.0,0.419,-0.769,-0.699
619.61,-80.0,956.0,-176.0,0.419,-0.699,-0.49
619.8,-82.0,958.0,-175.0,0.419,-0.769,-0.56
619.98,-80.0,958.0,-176.0,0.28,-0.839,-0.629
620.16,-81.0,957.0,-176.0,0.49,-0.699,-0.49
620.34,-80.0,957.0,-175.0,0.419,-0.839,-0.629
620.53,-79.0,957.0,-176.0,0.419,-0.629,-0.49
620.71,-80.0,956.0,-175.0,0.349,-0.769,-0.629
620.89,-80.0,958.0,-175.0,0.49,-0.769,-0.56
621.7,-79.0,956.0,-176.0,0.419,-0.769,-0.56
621.25,-82.0,958.0,-175.0,0.419,-0.699,-0.49
621.44,-78.0,956.0,-175.0,0.349,-0.839,-0.629
621.62,-83.0,959.0,-175.0,0.56,-0.699,-0.49
621.8,-76.0,956.0,-176.0,0.349,-0.769,-0.56
621.98,-83.0,960.0,-174.0,0.419,-0.769,-0.49
622.17,-77.0,955.0,-176.0,0.349,-0.769,-0.49
622.35,-81.0,959.0,-175.0,0.49,-0.699,-0.629
622.53,-78.0,957.0,-176.0,0.419,-0.769,-0.56
622.71,-81.0,957.0,-175.0,0.49,-0.769,-0.56
622.9,-79.0,956.0,-175.0,0.349,-0.769,-0.56
623.8,-82.0,957.0,-175.0,0.56,-0.769,-0.56
623.26,-79.0,957.0,-176.0,0.49,-0.769,-0.629
623.44,-79.0,956.0,-176.0,0.49,-0.699,-0.56
623.63,-81.0,958.0,-175.0,0.49,-0.769,-0.629
623.81,-80.0,956.0,-175.0,0.419,-0.699,-0.56
623.99,-81.0,957.0,-174.0,0.349,-0.839,-0.56
624.17,-81.0,957.0,-176.0,0.419,-0.629,-0.56
624.35,-80.0,958.0,-174.0,0.349,-0.769,-0.629
624.54,-81.0,956.0,-175.0,0.49,-0.699,-0.419
624.72,-81.0,959.0,-175.0,0.419,-0.98,-0.699
624.9,-75.0,955.0,-176.0,0.419,-0.769,-0.419
625.8,-85.0,958.0,-176.0,0.56,-0.699,-0.49
625.27,-78.0,956.0,-176.0,0.349,-0.91,-0.629
625.45,-81.0,956.0,-177.0,0.49,-0.629,-0.49
625.63,-80.0,958.0,-176.0,0.349,-0.839,-0.629
625.81,-80.0,956.0,-175.0,0.419,-0.699,-0.49
625.99,-80.0,959.0,-175.0,0.349,-0.839,-0.699
626.18,-80.0,956.0,-175.0,0.419,-0.699,-0.49
626.36,-81.0,958.0,-175.0,0.49,-0.839,-0.699
626.54,-79.0,955.0,-176.0,0.419,-0.769,-0.56
626.72,-81.0,956.0,-176.0,0.419,-0.699,-0.419
626.91,-81.0,958.0,-175.0,0.349,-0.839,-0.629
627.9,-79.0,956.0,-177.0,0.419,-0.629,-0.419
627.27,-81.0,958.0,-175.0,0.419,-0.769,-0.629
627.45,-79.0,957.0,-176.0,0.349,-0.699,-0.49
627.64,-80.0,958.0,-176.0,0.419,-0.769,-0.56
627.82,-79.0,958.0,-175.0,0.419,-0.769,-0.56
628.0,-80.0,958.0,-176.0,0.419,-0.699,-0.49
628.18,-80.0,957.0,-176.0,0.49,-0.839,-0.56
628.36,-79.0,958.0,-175.0,0.419,-0.699,-0.56
628.55,-81.0,957.0,-176.0,0.49,-0.769,-0.56
628.73,-79.0,958.0,-175.0,0.419,-0.769,-0.629
628.91,-79.0,957.0,-176.0,0.349,-0.629,-0.49
629.9,-81.0,957.0,-175.0,0.349,-0.769,-0.629
629.28,-79.0,956.0,-176.0,0.419,-0.699,-0.56
629.46,-81.0,957.0,-175.0,0.419,-0.769,-0.56
629.64,-79.0,956.0,-175.0,0.349,-0.769,-0.56
629.82,-80.0,957.0,-176.0,0.49,-0.769,-0.49
630.1,-79.0,956.0,-175.0,0.49,-0.769,-0.49
630.19,-80.0,956.0,-175.0,0.419,-0.769,-0.56
630.37,-80.0,957.0,-175.0,0.419,-0.769,-0.56
630.55,-81.0,958.0,-176.0,0.419,-0.769,-0.629
630.73,-79.0,957.0,-175.0,0.419,-0.839,-0.629
630.92,-79.0,957.0,-175.0,0.349,-0.769,-0.56
631.1,-80.0,957.0,-176.0,0.419,-0.769,-0.56
631.28,-81.0,957.0,-175.0,0.419,-0.769,-0.56
631.46,-80.0,956.0,-176.0,0.349,-0.699,-0.49
631.65,-81.0,958.0,-175.0,0.419,-0.769,-0.56
631.83,-79.0,956.0,-176.0,0.419,-0.769,-0.56
632.1,-81.0,957.0,-175.0,0.49,-0.629,-0.56
632.19,-80.0,958.0,-175.0,0.419,-0.769,-0.56
632.38,-81.0,957.0,-176.0,0.419,-0.699,-0.49
632.56,-79.0,957.0,-175.0,0.349,-0.699,-0.56
632.74,-81.0,956.0,-176.0,0.419,-0.699,-0.49
632.92,-79.0,957.0,-176.0,0.349,-0.769,-0.629
633.1,-80.0,956.0,-176.0,0.49,-0.56,-0.419
633.29,-80.0,958.0,-175.0,0.349,-0.839,-0.56
633.47,-79.0,956.0,-175.0,0.419,-0.699,-0.49
633.65,-80.0,957.0,-176.0,0.419,-0.769,-0.56
633.83,-80.0,957.0,-175.0,0.419,-0.769,-0.56
634.2,-81.0,957.0,-175.0,0.49,-0.699,-0.49
634.2,-81.0,957.0,-176.0,0.49,-0.769,-0.56
634.38,-79.0,957.0,-176.0,0.419,-0.769,-0.56
634.56,-81.0,957.0,-176.0,0.49,-0.769,-0.49
634.75,-80.0,957.0,-176.0,0.419,-0.769,-0.49
634.93,-81.0,957.0,-176.0,0.419,-0.769,-0.56
635.11,-80.0,956.0,-175.0,0.419,-0.769,-0.49
635.29,-81.0,957.0,-175.0,0.419,-0.769,-0.49
635.47,-80.0,957.0,-175.0,0.419,-0.769,-0.56
635.66,-80.0,957.0,-176.0,0.419,-0.769,-0.49
635.84,-81.0,959.0,-175.0,0.419,-0.769,-0.629
636.2,-80.0,956.0,-175.0,0.419,-0.699,-0.56
636.2,-82.0,958.0,-175.0,0.419,-0.839,-0.56
636.39,-80.0,957.0,-175.0,0.419,-0.769,-0.56
636.57,-80.0,957.0,-176.0,0.419,-0.699,-0.56
636.75,-81.0,958.0,-175.0,0.419,-0.699,-0.56
636.93,-80.0,956.0,-175.0,0.419,-0.769,-0.56
637.11,-80.0,957.0,-176.0,0.49,-0.769,-0.699
637.3,-80.0,956.0,-175.0,0.419,-0.699,-0.629
637.48,-80.0,958.0,-175.0,0.419,-0.699,-0.56
637.66,-80.0,957.0,-176.0,0.349,-0.769,-0.56
637.84,-79.0,957.0,-175.0,0.419,-0.699,-0.56
638.3,-80.0,957.0,-175.0,0.419,-0.769,-0.56
638.21,-79.0,957.0,-175.0,0.49,-0.769,-0.56
638.39,-81.0,957.0,-175.0,0.419,-0.839,-0.56
638.57,-80.0,957.0,-176.0,0.49,-0.769,-0.49
638.76,-80.0,958.0,-176.0,0.419,-0.769,-0.56
638.94,-80.0,958.0,-175.0,0.349,-0.769,-0.56
639.12,-79.0,957.0,-176.0,0.349,-0.699,-0.56
639.3,-81.0,958.0,-174.0,0.349,-0.769,-0.49
639.48,-79.0,957.0,-175.0,0.349,-0.769,-0.49
639.67,-81.0,957.0,-176.0,0.419,-0.699,-0.49
639.85,-80.0,958.0,-175.0,0.49,-0.769,-0.56
640.3,-79.0,956.0,-176.0,0.49,-0.699,-0.49
640.21,-81.0,957.0,-176.0,0.49,-0.699,-0.56
640.4,-81.0,957.0,-176.0,0.419,-0.769,-0.56
640.58,-80.0,957.0,-175.0,0.49,-0.699,-0.56
640.76,-80.0,957.0,-177.0,0.419,-0.839,-0.56
640.94,-80.0,957.0,-176.0,0.349,-0.699,-0.49
641.12,-80.0,957.0,-176.0,0.349,-0.839,-0.629
641.31,-80.0,957.0,-175.0,0.419,-0.699,-0.49
641.49,-81.0,958.0,-175.0,0.419,-0.699,-0.56
641.67,-79.0,957.0,-175.0,0.349,-0.699,-0.56
641.85,-81.0,957.0,-176.0,0.49,-0.769,-0.49
642.4,-80.0,957.0,-175.0,0.349,-0.839,-0.56
642.22,-80.0,956.0,-176.0,0.49,-0.629,-0.419
642.4,-83.0,959.0,-174.0,0.419,-0.769,-0.629
642.58,-77.0,956.0,-175.0,0.349,-0.699,-0.56
642.77,-83.0,958.0,-175.0,0.419,-0.769,-0.49
642.95,-78.0,956.0,-177.0,0.349,-0.699,-0.56
643.13,-83.0,958.0,-175.0,0.49,-0.699,-0.629
643.31,-76.0,956.0,-177.0,0.419,-0.769,-0.56
643.49,-84.0,959.0,-175.0,0.49,-0.839,-0.56
643.68,-79.0,955.0,-176.0,0.419,-0.769,-0.56
643.86,-83.0,958.0,-176.0,0.349,-0.769,-0.56
644.4,-80.0,956.0,-175.0,0.349,-0.699,-0.56
644.22,-82.0,957.0,-175.0,0.419,-0.699,-0.49
644.41,-80.0,957.0,-175.0,0.28,-0.769,-0.56
644.59,-81.0,957.0,-176.0,0.419,-0.629,-0.49
645.68,-79.0,957.0,-176.0,0.349,-0.769,-0.56
645.86,-81.0,957.0,-175.0,0.49,-0.769,-0.56
646.5,-80.0,957.0,-176.0,0.419,-0.839,-0.56
646.23,-79.0,958.0,-175.0,0.49,-0.769,-0.56
646.41,-80.0,957.0,-175.0,0.349,-0.769,-0.56
646.59,-80.0,958.0,-175.0,0.49,-0.699,-0.49
646.78,-80.0,957.0,-175.0,0.349,-0.839,-0.629
646.96,-80.0,957.0,-175.0,0.419,-0.769,-0.56
647.14,-81.0,958.0,-175.0,0.49,-0.769,-0.56
647.32,-80.0,957.0,-175.0,0.419,-0.839,-0.56
647.5,-80.0,957.0,-175.0,0.349,-0.699,-0.56
647.69,-80.0,957.0,-176.0,0.419,-0.769,-0.56
647.87,-79.0,957.0,-176.0,0.49,-0.699,-0.56
648.5,-80.0,956.0,-176.0,0.49,-0.769,-0.629
648.23,-79.0,957.0,-175.0,0.419,-0.769,-0.56
648.42,-81.0,957.0,-176.0,0.49,-0.629,-0.56
648.6,-80.0,957.0,-176.0,0.419,-0.839,-0.629
648.78,-78.0,958.0,-176.0,0.49,-0.699,-0.56
648.96,-80.0,957.0,-175.0,0.49,-0.699,-0.56
649.15,-79.0,956.0,-176.0,0.419,-0.769,-0.56
649.33,-81.0,958.0,-176.0,0.49,-0.699,-0.56
649.51,-79.0,957.0,-176.0,0.419,-0.769,-0.56
649.69,-79.0,956.0,-176.0,0.49,-0.699,-0.56
649.87,-80.0,958.0,-176.0,0.419,-0.769,-0.56
650.6,-80.0,957.0,-175.0,0.419,-0.769,-0.49
650.24,-79.0,958.0,-176.0,0.49,-0.769,-0.56
650.42,-80.0,957.0,-175.0,0.419,-0.839,-0.56
650.6,-79.0,956.0,-177.0,0.419,-0.769,-0.56
650.79,-80.0,958.0,-176.0,0.349,-0.769,-0.56
650.97,-79.0,958.0,-175.0,0.419,-0.769,-0.56
651.15,-79.0,957.0,-176.0,0.49,-0.699,-0.49
651.33,-81.0,957.0,-175.0,0.49,-0.769,-0.49
651.51,-80.0,956.0,-176.0,0.419,-0.769,-0.56
651.7,-80.0,958.0,-176.0,0.49,-0.699,-0.49
651.88,-79.0,956.0,-176.0,0.349,-0.769,-0.56
652.6,-81.0,957.0,-176.0,0.349,-0.769,-0.49
652.24,-79.0,957.0,-176.0,0.419,-0.769,-0.49
652.43,-79.0,957.0,-175.0,0.419,-0.699,-0.56
652.61,-79.0,957.0,-176.0,0.349,-0.699,-0.49
652.79,-81.0,957.0,-176.0,0.419,-0.769,-0.56
652.97,-80.0,957.0,-177.0,0.419,-0.769,-0.56
653.16,-80.0,957.0,-176.0,0.419,-0.699,-0.56
653.34,-80.0,958.0,-176.0,0.49,-0.699,-0.56
653.52,-79.0,957.0,-176.0,0.49,-0.769,-0.56
653.7,-81.0,958.0,-176.0,0.419,-0.769,-0.56
653.88,-80.0,957.0,-176.0,0.419,-0.769,-0.49
654.7,-80.0,957.0,-176.0,0.419,-0.769,-0.56
654.25,-79.0,957.0,-176.0,0.419,-0.699,-0.419
654.43,-80.0,958.0,-175.0,0.419,-0.769,-0.56
654.61,-79.0,957.0,-176.0,0.419,-0.699,-0.419
654.8,-82.0,958.0,-176.0,0.49,-0.769,-0.629
654.98,-77.0,956.0,-176.0,0.419,-0.699,-0.49
655.16,-81.0,957.0,-175.0,0.349,-0.699,-0.49
655.34,-78.0,956.0,-176.0,0.419,-0.699,-0.49
655.53,-80.0,958.0,-176.0,0.49,-0.699,-0.49
655.71,-80.0,958.0,-176.0,0.349,-0.839,-0.629
655.89,-80.0,957.0,-176.0,0.419,-0.699,-0.419
656.98,-81.0,956.0,-176.0,0.49,-0.699,-0.49
657.17,-80.0,958.0,-175.0,0.419,-0.769,-0.629
657.35,-80.0,957.0,-176.0,0.349,-0.699,-0.56
657.53,-83.0,957.0,-176.0,0.56,-0.769,-0.629
657.71,-78.0,957.0,-176.0,0.349,-0.839,-0.56
657.9,-81.0,959.0,-177.0,0.49,-0.699,-0.56
658.8,-80.0,957.0,-176.0,0.349,-0.769,-0.629
658.26,-81.0,958.0,-176.0,0.49,-0.629,-0.49
658.44,-81.0,958.0,-175.0,0.419,-0.839,-0.629
658.62,-81.0,957.0,-177.0,0.49,-0.629,-0.419
658.81,-81.0,957.0,-175.0,0.349,-0.91,-0.629
658.99,-78.0,957.0,-176.0,0.419,-0.629,-0.419
659.17,-82.0,958.0,-175.0,0.419,-0.769,-0.56
659.35,-80.0,957.0,-177.0,0.349,-0.699,-0.56
659.54,-81.0,958.0,-176.0,0.349,-0.769,-0.629
659.72,-79.0,957.0,-177.0,0.49,-0.699,-0.56
659.9,-81.0,958.0,-176.0,0.419,-0.769,-0.56
660.8,-80.0,957.0,-176.0,0.419,-0.699,-0.56
660.26,-81.0,957.0,-177.0,0.419,-0.839,-0.56
660.45,-79.0,957.0,-176.0,0.49,-0.769,-0.56
660.63,-82.0,957.0,-177.0,0.419,-0.769,-0.56
660.81,-80.0,958.0,-176.0,0.419,-0.769,-0.629
660.99,-81.0,957.0,-178.0,0.49,-0.769,-0.56
661.18,-79.0,957.0,-176.0,0.49,-0.769,-0.629
661.36,-80.0,957.0,-178.0,0.349,-0.699,-0.49
661.54,-80.0,958.0,-178.0,0.419,-0.769,-0.629
661.72,-78.0,957.0,-177.0,0.349,-0.699,-0.49
661.91,-81.0,958.0,-177.0,0.349,-0.699,-0.49
662.9,-78.0,958.0,-175.0,0.349,-0.769,-0.629
662.27,-78.0,957.0,-176.0,0.49,-0.629,-0.49
662.45,-80.0,958.0,-175.0,0.419,-0.769,-0.56
662.63,-79.0,957.0,-176.0,0.419,-0.629,-0.49
662.82,-82.0,957.0,-176.0,0.49,-0.769,-0.49
663.0,-78.0,957.0,-176.0,0.419,-0.769,-0.629
663.18,-80.0,957.0,-177.0,0.419,-0.56,-0.49
663.36,-81.0,957.0,-175.0,0.419,-0.629,-0.56
663.55,-81.0,957.0,-175.0,0.419,-0.699,-0.56
663.73,-81.0,957.0,-176.0,0.419,-0.699,-0.49
663.91,-81.0,958.0,-175.0,0.419,-0.769,-0.56
664.9,-78.0,956.0,-176.0,0.419,-0.699,-0.49
664.27,-78.0,958.0,-174.0,0.419,-0.699,-0.49
664.46,-80.0,957.0,-176.0,0.49,-0.629,-0.419
664.64,-83.0,958.0,-175.0,0.49,-0.769,-0.56
664.82,-77.0,956.0,-176.0,0.349,-0.769,-0.629
665.0,-79.0,956.0,-176.0,0.419,-0.629,-0.419
665.19,-81.0,957.0,-175.0,0.419,-0.699,-0.629
665.37,-80.0,957.0,-176.0,0.349,-0.699,-0.49
665.55,-82.0,958.0,-175.0,0.419,-0.839,-0.56
665.73,-79.0,957.0,-175.0,0.419,-0.769,-0.56
665.92,-81.0,957.0,-176.0,0.419,-0.699,-0.49
666.1,-78.0,956.0,-176.0,0.419,-0.699,-0.49
666.28,-81.0,958.0,-176.0,0.419,-0.769,-0.56
666.46,-80.0,957.0,-176.0,0.349,-0.699,-0.419
666.64,-82.0,956.0,-175.0,0.419,-0.839,-0.56
666.83,-77.0,957.0,-176.0,0.349,-0.699,-0.49
667.1,-84.0,958.0,-177.0,0.419,-0.769,-0.629
667.19,-79.0,957.0,-177.0,0.419,-0.839,-0.56
667.37,-80.0,958.0,-175.0,0.349,-0.699,-0.56
667.56,-82.0,956.0,-176.0,0.49,-0.769,-0.699
667.74,-78.0,957.0,-175.0,0.49,-0.769,-0.629
667.92,-81.0,956.0,-177.0,0.419,-0.629,-0.56
668.1,-80.0,957.0,-176.0,0.349,-0.839,-0.629
668.29,-76.0,957.0,-178.0,0.419,-0.769,-0.49
668.47,-80.0,957.0,-176.0,0.419,-0.699,-0.56
668.65,-81.0,957.0,-177.0,0.419,-0.769,-0.629
668.83,-78.0,956.0,-177.0,0.419,-0.769,-0.629
669.1,-82.0,958.0,-176.0,0.419,-0.839,-0.699
669.2,-76.0,955.0,-177.0,0.349,-0.769,-0.56
669.38,-82.0,958.0,-176.0,0.419,-0.699,-0.56
669.56,-78.0,957.0,-176.0,0.419,-0.769,-0.629
669.74,-78.0,956.0,-176.0,0.419,-0.769,-0.56
669.93,-80.0,957.0,-176.0,0.419,-0.769,-0.419
670.11,-80.0,958.0,-175.0,0.419,-0.91,-0.629
670.29,-78.0,955.0,-177.0,0.419,-0.629,-0.419
670.47,-88.0,963.0,-175.0,0.349,-0.839,-0.699
670.65,-84.0,961.0,-175.0,-0.07,-0.56,-0.349
670.84,-82.0,959.0,-177.0,0.839,-0.769,-0.56
671.2,-83.0,959.0,-171.0,0.07,-0.769,-0.699
671.2,-79.0,957.0,-176.0,0.56,-0.769,-0.56
671.38,-86.0,957.0,-176.0,0.349,-0.699,-0.699
671.57,-78.0,956.0,-173.0,0.49,-0.91,-0.56
671.75,-79.0,956.0,-176.0,0.28,-0.629,-0.49
671.93,-79.0,957.0,-175.0,0.49,-0.839,-0.629
672.11,-78.0,956.0,-175.0,0.28,-0.769,-0.49
672.3,-80.0,958.0,-175.0,0.56,-0.769,-0.419
672.48,-79.0,957.0,-176.0,0.349,-0.769,-0.56
672.66,-79.0,957.0,-177.0,0.56,-0.629,-0.56
672.84,-80.0,958.0,-175.0,0.419,-0.839,-0.56
673.2,-80.0,956.0,-175.0,0.49,-0.699,-0.419
673.21,-81.0,958.0,-175.0,0.28,-0.91,-0.699
673.39,-79.0,957.0,-176.0,0.49,-0.629,-0.49
673.57,-81.0,957.0,-176.0,0.49,-0.699,-0.629
673.75,-79.0,958.0,-175.0,0.349,-0.699,-0.56
673.94,-80.0,957.0,-176.0,0.419,-0.629,-0.28
674.12,-82.0,958.0,-176.0,0.419,-0.91,-0.629
674.3,-79.0,956.0,-174.0,0.349,-0.769,-0.419
674.48,-82.0,957.0,-176.0,0.419,-0.699,-0.49
674.67,-83.0,958.0,-176.0,0.49,-0.769,-0.629
674.85,-78.0,955.0,-176.0,0.49,-0.629,-0.56
675.3,-83.0,958.0,-176.0,0.419,-0.769,-0.56
675.21,-79.0,954.0,-177.0,0.49,-0.629,-0.49
675.39,-82.0,959.0,-174.0,0.28,-0.839,-0.699
675.58,-77.0,954.0,-175.0,0.49,-0.56,-0.349
675.76,-81.0,958.0,-178.0,0.419,-0.769,-0.56
675.94,-80.0,956.0,-177.0,0.419,-0.769,-0.629
676.12,-79.0,956.0,-176.0,0.28,-0.699,-0.419
676.31,-80.0,958.0,-176.0,0.349,-0.769,-0.56
676.49,-77.0,956.0,-175.0,0.28,-0.769,-0.56
676.67,-81.0,958.0,-174.0,0.349,-0.769,-0.56
676.85,-78.0,958.0,-175.0,0.28,-0.839,-0.56
677.4,-80.0,957.0,-176.0,0.56,-0.699,-0.419
677.22,-82.0,957.0,-175.0,0.28,-0.98,-0.699
677.4,-79.0,956.0,-176.0,0.49,-0.56,-0.419
677.58,-82.0,958.0,-174.0,0.419,-0.98,-0.699
677.76,-77.0,955.0,-175.0,0.349,-0.769,-0.56
677.95,-84.0,957.0,-176.0,0.49,-0.769,-0.419
678.13,-77.0,956.0,-177.0,0.419,-0.769,-0.629
678.31,-81.0,956.0,-176.0,0.49,-0.56,-0.49
678.49,-78.0,956.0,-175.0,0.209,-1.049,-0.839
678.68,-81.0,957.0,-173.0,0.56,-0.699,-0.419
678.86,-78.0,956.0,-172.0,0.209,-0.91,-0.629
679.4,-82.0,958.0,-172.0,0.49,-0.56,-0.49
679.22,-76.0,956.0,-174.0,0.28,-0.91,-0.769
679.41,-81.0,954.0,-178.0,0.49,-0.629,-0.28
679.59,-79.0,959.0,-172.0,0.14,-1.12,-0.769
679.77,-79.0,954.0,-175.0,0.56,-0.349,-0.209
679.95,-80.0,960.0,-172.0,0.07,-1.049,-0.839
680.13,-78.0,956.0,-173.0,0.629,-0.349,-0.209
680.32,-81.0,958.0,-171.0,0.28,-1.19,-0.769
680.5,-79.0,955.0,-175.0,0.699,-0.56,-0.209
680.68,-83.0,959.0,-173.0,0.49,-1.049,-0.839
680.86,-79.0,954.0,-177.0,0.56,-0.419,-0.349
681.5,-81.0,958.0,-176.0,0.349,-0.769,-0.699
682.14,-80.0,957.0,-177.0,0.349,-0.769,-0.56
682.32,-80.0,958.0,-178.0,0.56,-0.699,-0.56
682.5,-78.0,957.0,-176.0,0.349,-0.839,-0.629
682.69,-80.0,957.0,-175.0,0.419,-0.629,-0.419
682.87,-79.0,956.0,-179.0,0.349,-0.839,-0.49
683.5,-83.0,958.0,-176.0,0.56,-0.91,-0.56
683.23,-79.0,956.0,-173.0,0.349,-0.699,-0.629
683.41,-78.0,957.0,-176.0,0.419,-0.629,-0.56
683.6,-78.0,955.0,-178.0,0.56,-0.699,-0.419
683.78,-81.0,958.0,-174.0,0.56,-0.98,-0.629
683.96,-78.0,956.0,-175.0,0.209,-0.629,-0.49
684.14,-82.0,956.0,-180.0,0.56,-0.629,-0.56
684.33,-80.0,957.0,-176.0,0.349,-0.91,-0.629
684.51,-77.0,956.0,-177.0,0.49,-0.699,-0.49
684.69,-81.0,958.0,-176.0,0.209,-0.839,-0.56
684.87,-80.0,958.0,-175.0,0.419,-0.699,-0.629
685.6,-81.0,958.0,-176.0,0.28,-0.839,-0.56
686.33,-89.0,956.0,-175.0,-0.28,-0.56,-0.629
686.51,-80.0,959.0,-179.0,0.49,-1.049,-0.98
686.7,-78.0,955.0,-175.0,0.28,-0.419,-0.14
686.88,-81.0,959.0,-176.0,0.349,-0.769,-0.839
687.6,-80.0,959.0,-173.0,0.419,-0.699,-0.419
687.24,-79.0,958.0,-175.0,0.49,-0.769,-0.629
687.42,-78.0,957.0,-172.0,0.49,-0.839,-0.349
687.61,-80.0,958.0,-174.0,0.14,-0.699,-0.629
687.79,-81.0,959.0,-174.0,0.56,-0.56,-0.629
687.97,-77.0,956.0,-172.0,0.14,-0.56,-0.49
688.15,-86.0,958.0,-177.0,0.629,-0.769,-0.699
688.34,-76.0,954.0,-175.0,0.209,-1.049,-0.56
695.44,-84.0,958.0,-181.0,0.699,-0.699,-0.56
695.63,-78.0,957.0,-167.0,0.419,-0.769,-0.629
695.81,-78.0,960.0,-179.0,0.07,-0.699,-0.56
695.99,-83.0,958.0,-176.0,0.629,-0.839,-0.56
696.17,-78.0,956.0,-174.0,0.419,-0.91,-0.419
696.36,-83.0,959.0,-178.0,0.349,-0.49,-0.699
696.54,-77.0,956.0,-173.0,0.629,-0.839,-0.349
696.72,-83.0,957.0,-182.0,0.209,-0.56,-0.699
696.9,-70.0,950.0,-173.0,0.49,-0.98,-0.769
697.9,-79.0,955.0,-178.0,0.629,-0.419,-0.28
697.27,-83.0,957.0,-176.0,0.349,-0.91,-0.839
697.45,-81.0,956.0,-177.0,0.14,-0.839,-0.49
697.63,-77.0,956.0,-175.0,0.699,-0.629,-0.49
697.81,-86.0,957.0,-177.0,0.419,-0.699,-0.56
698.0,-73.0,955.0,-169.0,0.28,-0.769,-0.56
698.18,-81.0,961.0,-177.0,0.209,-0.769,-0.699
698.36,-79.0,953.0,-172.0,0.209,-0.98,-0.209
698.54,-81.0,958.0,-179.0,0.349,-0.769,-0.769
698.73,-79.0,957.0,-173.0,0.419,-0.699,-0.56
698.91,-80.0,956.0,-179.0,0.419,-0.699,-0.56
699.9,-79.0,956.0,-176.0,0.28,-0.839,-0.419
699.27,-82.0,957.0,-177.0,0.699,-0.699,-0.56
701.1,-77.0,958.0,-178.0,0.28,-0.629,-0.629
701.28,-78.0,954.0,-176.0,0.209,-0.91,-0.419
701.46,-62.0,962.0,-169.0,0.98,-0.91,0.14
701.82,-64.0,957.0,-180.0,0.629,-1.19,-1.259
702.1,-82.0,961.0,-169.0,0.49,-0.629,0.07
702.19,-81.0,959.0,-177.0,0.629,-0.98,-0.98
702.37,-75.0,955.0,-176.0,0.769,-0.91,-0.209
702.55,-84.0,957.0,-176.0,0.419,-0.769,-0.629
702.74,-78.0,959.0,-179.0,0.699,-0.699,-0.56
702.92,-80.0,955.0,-175.0,0.49,-0.629,-0.49
703.1,-78.0,957.0,-178.0,0.28,-0.839,-0.699
703.28,-79.0,955.0,-174.0,0.349,-0.699,-0.349
703.47,-81.0,958.0,-178.0,0.14,-0.629,-0.629
703.65,-78.0,958.0,-175.0,0.49,-0.839,-0.49
703.83,-80.0,958.0,-174.0,0.419,-0.769,-0.56
704.19,-81.0,957.0,-178.0,0.56,-0.769,-0.49
704.38,-77.0,957.0,-172.0,0.419,-0.699,-0.49
704.56,-78.0,956.0,-178.0,0.56,-0.699,-0.28
704.74,-73.0,949.0,-184.0,1.61,-0.769,-0.49
704.92,-75.0,954.0,-165.0,-0.209,-0.839,-0.28
705.11,-83.0,960.0,-183.0,0.629,-0.699,-0.769
705.29,-72.0,955.0,-171.0,0.349,-0.98,-0.349
705.47,-82.0,957.0,-182.0,0.419,-0.629,-0.629
705.65,-78.0,956.0,-178.0,0.629,-0.699,-0.419
705.84,-81.0,956.0,-180.0,0.419,-0.699,-0.56
706.2,-78.0,956.0,-178.0,0.419,-0.56,-0.419
706.2,-83.0,956.0,-179.0,0.349,-0.769,-0.56
706.38,-75.0,955.0,-177.0,0.349,-0.699,-0.56
706.56,-80.0,958.0,-178.0,0.349,-0.699,-0.49
706.75,-78.0,957.0,-178.0,0.419,-0.699,-0.629
706.93,-79.0,956.0,-177.0,0.56,-0.839,-0.56
707.11,-79.0,956.0,-179.0,0.419,-0.769,-0.56
707.29,-81.0,958.0,-177.0,0.419,-0.839,-0.56
707.48,-78.0,955.0,-179.0,0.349,-0.629,-0.49
707.66,-82.0,958.0,-177.0,0.419,-0.769,-0.56
707.84,-80.0,958.0,-177.0,0.49,-0.769,-0.56
708.2,-78.0,956.0,-176.0,0.49,-0.769,-0.49
708.21,-82.0,958.0,-176.0,0.349,-0.769,-0.56
708.39,-78.0,957.0,-176.0,0.28,-0.699,-0.49
708.57,-79.0,956.0,-176.0,0.56,-0.699,-0.56
708.75,-80.0,958.0,-175.0,0.28,-0.699,-0.49
708.93,-78.0,958.0,-175.0,0.349,-0.699,-0.56
709.12,-79.0,957.0,-177.0,0.349,-0.839,-0.49
709.3,-80.0,957.0,-175.0,0.349,-0.769,-0.56
709.48,-78.0,957.0,-175.0,0.349,-0.769,-0.56
709.66,-80.0,958.0,-176.0,0.349,-0.839,-0.49
709.85,-80.0,958.0,-174.0,0.28,-0.699,-0.56
710.3,-80.0,957.0,-176.0,0.349,-0.769,-0.49
710.21,-80.0,958.0,-175.0,0.349,-0.769,-0.56
710.39,-79.0,957.0,-177.0,0.56,-0.699,-0.49
710.58,-81.0,959.0,-174.0,0.28,-0.769,-0.629
710.76,-76.0,956.0,-178.0,0.769,-0.839,-0.49
710.94,-86.0,957.0,-174.0,0.07,-0.629,-0.49
711.12,-76.0,956.0,-184.0,0.98,-0.91,-0.769
713.86,-76.0,957.0,-177.0,0.56,-0.699,-0.49
714.4,-83.0,958.0,-174.0,0.28,-0.699,-0.56
714.22,-81.0,958.0,-177.0,0.629,-0.839,-0.699
714.4,-79.0,957.0,-175.0,0.28,-0.699,-0.49
714.59,-81.0,957.0,-176.0,0.56,-0.769,-0.56
714.77,-81.0,957.0,-175.0,0.349,-0.699,-0.56
714.95,-79.0,958.0,-176.0,0.349,-0.629,-0.56
715.13,-83.0,957.0,-173.0,0.209,-0.699,-0.49
715.31,-83.0,962.0,-183.0,0.699,-0.699,-0.91
715.5,-79.0,955.0,-177.0,0.629,-0.839,-0.49
715.68,-83.0,958.0,-173.0,0.349,-0.769,-0.629
715.86,-76.0,957.0,-179.0,0.56,-0.769,-0.56
716.4,-80.0,958.0,-174.0,0.49,-0.769,-0.56
716.23,-80.0,955.0,-177.0,0.349,-0.699,-0.56
716.41,-76.0,957.0,-177.0,0.419,-0.769,-0.56
716.59,-83.0,956.0,-176.0,0.49,-0.699,-0.419
716.77,-82.0,960.0,-176.0,0.209,-0.839,-0.769
716.95,-77.0,955.0,-178.0,0.419,-0.629,-0.419
717.14,-84.0,959.0,-176.0,0.28,-0.91,-0.699
717.32,-84.0,954.0,-173.0,0.28,-0.629,-0.419
717.5,-81.0,960.0,-179.0,0.349,-0.98,-0.839
717.68,-78.0,954.0,-175.0,0.349,-0.629,-0.349
717.87,-83.0,958.0,-181.0,0.349,-0.769,-0.629
718.5,-78.0,957.0,-176.0,0.349,-0.699,-0.49
718.23,-82.0,957.0,-179.0,0.419,-0.629,-0.629
718.41,-79.0,957.0,-177.0,0.349,-0.699,-0.56
718.6,-80.0,957.0,-178.0,0.49,-0.699,-0.49
722.42,-80.0,957.0,-178.0,0.419,-0.699,-0.629
722.61,-80.0,957.0,-177.0,0.419,-0.769,-0.56
722.79,-79.0,957.0,-178.0,0.49,-0.699,-0.56
722.97,-80.0,958.0,-176.0,0.349,-0.769,-0.56
723.15,-81.0,955.0,-179.0,0.419,-0.699,-0.56
723.33,-79.0,958.0,-176.0,0.49,-0.769,-0.56
723.52,-80.0,957.0,-177.0,0.419,-0.699,-0.49
723.7,-80.0,957.0,-177.0,0.419,-0.769,-0.629
723.88,-81.0,956.0,-176.0,0.419,-0.839,-0.56
724.6,-80.0,957.0,-178.0,0.49,-0.699,-0.56
724.25,-78.0,959.0,-180.0,0.419,-0.839,-0.49
724.43,-80.0,957.0,-174.0,0.28,-0.839,-0.49
724.61,-80.0,956.0,-178.0,0.419,-0.769,-0.56
724.79,-79.0,958.0,-173.0,0.209,-0.839,-0.49
724.98,-81.0,967.0,-176.0,0.91,-0.91,-0.769
725.16,-83.0,958.0,-167.0,0.14,-0.629,-0.07
725.34,-83.0,961.0,-175.0,0.28,-1.19,-1.12
725.52,-73.0,952.0,-174.0,0.49,-0.629,-0.07
725.7,-86.0,959.0,-178.0,0.419,-0.769,-0.839
725.89,-78.0,955.0,-179.0,0.349,-0.629,-0.419
726.7,-79.0,956.0,-177.0,0.629,-0.769,-0.56
726.25,-82.0,958.0,-176.0,0.209,-0.839,-0.56
726.43,-78.0,956.0,-176.0,0.349,-0.49,-0.56
726.62,-82.0,959.0,-179.0,0.28,-0.91,-0.629
726.8,-77.0,956.0,-174.0,0.56,-0.699,-0.49
726.98,-80.0,959.0,-172.0,0.349,-0.91,-0.629
727.16,-75.0,957.0,-175.0,0.28,-0.769,-0.769
727.34,-80.0,958.0,-177.0,0.699,-0.629,-0.349
727.53,-83.0,957.0,-174.0,0.209,-0.98,-0.769
727.71,-78.0,956.0,-177.0,0.629,-0.699,-0.56
727.89,-80.0,957.0,-175.0,0.349,-0.839,-0.56
728.7,-80.0,957.0,-176.0,0.49,-0.839,-0.56
728.26,-80.0,957.0,-176.0,0.349,-0.769,-0.49
728.44,-80.0,958.0,-176.0,0.419,-0.91,-0.56
728.62,-79.0,957.0,-175.0,0.419,-0.769,-0.49
728.8,-79.0,956.0,-176.0,0.419,-0.839,-0.49
728.98,-81.0,957.0,-176.0,0.419,-0.629,-0.49
729.17,-78.0,957.0,-176.0,0.349,-0.839,-0.629
729.35,-80.0,957.0,-177.0,0.419,-0.629,-0.419
729.53,-79.0,957.0,-178.0,0.419,-0.699,-0.629
729.71,-81.0,958.0,-177.0,0.419,-0.769,-0.56
729.9,-78.0,957.0,-176.0,0.349,-0.769,-0.629
730.8,-79.0,956.0,-175.0,0.49,-0.699,-0.49
730.26,-81.0,958.0,-174.0,0.419,-0.699,-0.56
730.44,-81.0,958.0,-175.0,0.419,-0.769,-0.629
730.63,-79.0,956.0,-176.0,0.419,-0.629,-0.56
730.81,-80.0,957.0,-174.0,0.49,-0.769,-0.56
730.99,-80.0,956.0,-176.0,0.28,-0.56,-0.419
731.17,-81.0,958.0,-176.0,0.56,-0.839,-0.629
731.35,-78.0,956.0,-175.0,0.209,-0.699,-0.49
731.54,-78.0,958.0,-175.0,0.419,-0.91,-0.629
731.72,-76.0,954.0,-179.0,0.49,-0.49,-0.28
731.9,-83.0,959.0,-176.0,0.49,-0.91,-0.699
732.8,-74.0,955.0,-176.0,0.419,-0.769,-0.419
732.27,-83.0,957.0,-175.0,0.49,-0.699,-0.629
732.45,-78.0,956.0,-174.0,0.419,-0.699,-0.49
736.9,-82.0,958.0,-175.0,0.28,-0.91,-0.769
736.28,-78.0,956.0,-177.0,0.56,-0.56,-0.419
736.46,-83.0,959.0,-176.0,0.28,-0.839,-0.769
736.64,-78.0,957.0,-176.0,0.56,-0.699,-0.56
736.82,-82.0,958.0,-176.0,0.419,-0.839,-0.629
737.0,-78.0,957.0,-176.0,0.349,-0.769,-0.629
737.19,-83.0,957.0,-175.0,0.49,-0.629,-0.49
737.37,-81.0,956.0,-176.0,0.28,-0.839,-0.699
737.55,-82.0,957.0,-175.0,0.49,-0.699,-0.56
737.73,-95.0,956.0,-180.0,0.699,-0.91,-0.839
737.92,-73.0,954.0,-172.0,0.49,-0.98,-0.629
738.1,-86.0,956.0,-177.0,0.419,-0.419,-0.349
738.28,-80.0,956.0,-177.0,0.419,-1.049,-0.839
738.46,-78.0,957.0,-176.0,0.49,-0.629,-0.419
738.65,-82.0,957.0,-176.0,0.419,-0.699,-0.629
738.83,-79.0,957.0,-177.0,0.419,-0.699,-0.629
739.1,-77.0,958.0,-175.0,0.349,-0.769,-0.56
739.19,-81.0,958.0,-176.0,0.49,-0.699,-0.56
739.37,-80.0,957.0,-174.0,0.349,-0.839,-0.629
739.56,-81.0,957.0,-176.0,0.49,-0.769,-0.56
739.74,-80.0,958.0,-176.0,0.349,-0.769,-0.56
739.92,-79.0,956.0,-176.0,0.49,-0.699,-0.49
740.1,-81.0,957.0,-176.0,0.349,-0.699,-0.49
740.29,-81.0,958.0,-176.0,0.349,-0.769,-0.629
740.47,-81.0,956.0,-176.0,0.349,-0.629,-0.49
740.65,-82.0,959.0,-176.0,0.28,-0.91,-0.56
740.83,-78.0,956.0,-176.0,0.49,-0.91,-0.49
741.1,-82.0,958.0,-174.0,0.419,-0.769,-0.56
741.2,-79.0,958.0,-175.0,0.49,-0.699,-0.419
741.38,-80.0,957.0,-176.0,0.419,-0.699,-0.56
741.56,-78.0,957.0,-175.0,0.56,-0.839,-0.419
741.74,-79.0,958.0,-176.0,0.56,-0.629,-0.49
741.93,-79.0,956.0,-176.0,0.419,-0.699,-0.49
742.11,-80.0,958.0,-176.0,0.419,-0.699,-0.56
742.29,-79.0,957.0,-175.0,0.419,-0.839,-0.49
742.47,-80.0,958.0,-175.0,0.349,-0.769,-0.56
742.66,-78.0,958.0,-177.0,0.209,-0.699,-0.56
742.84,-90.0,958.0,-158.0,0.699,-0.629,-0.349
743.2,-77.0,955.0,-172.0,0.839,-0.839,0.14
743.38,-86.0,958.0,-180.0,0.209,-0.629,-0.839
743.57,-76.0,956.0,-172.0,0.56,-0.769,-0.28
743.75,-85.0,959.0,-179.0,0.349,-0.419,-0.769
743.93,-75.0,954.0,-175.0,0.49,-0.839,-0.49
744.11,-81.0,958.0,-176.0,0.349,-0.699,-0.419
744.3,-81.0,957.0,-173.0,0.349,-0.699,-0.56
744.48,-80.0,958.0,-177.0,0.349,-0.769,-0.629
744.66,-79.0,957.0,-174.0,0.49,-0.629,-0.49
744.84,-81.0,957.0,-176.0,0.49,-0.839,-0.629
745.3,-78.0,956.0,-174.0,0.49,-0.699,-0.49
745.21,-81.0,959.0,-175.0,0.28,-0.91,-0.699
745.39,-78.0,955.0,-177.0,0.49,-0.56,-0.49
745.57,-83.0,957.0,-176.0,0.49,-0.769,-0.56
745.75,-77.0,958.0,-174.0,0.28,-0.769,-0.56
745.94,-80.0,957.0,-176.0,0.49,-0.629,-0.49
746.12,-82.0,959.0,-174.0,0.419,-0.91,-0.699
746.3,-78.0,958.0,-175.0,0.419,-0.769,-0.56
746.48,-82.0,957.0,-176.0,0.49,-0.699,-0.56
746.67,-81.0,956.0,-175.0,0.349,-0.769,-0.49
746.85,-81.0,957.0,-177.0,0.49,-0.769,-0.56
747.3,-79.0,957.0,-175.0,0.419,-0.91,-0.629
747.21,-78.0,956.0,-177.0,0.419,-0.56,-0.419
747.4,-84.0,960.0,-175.0,0.349,-0.839,-0.629
747.58,-76.0,956.0,-176.0,0.209,-0.699,-0.49
747.76,-81.0,957.0,-177.0,0.28,-0.699,-0.49
747.94,-83.0,957.0,-177.0,0.49,-0.769,-0.49
748.12,-79.0,958.0,-175.0,0.28,-0.98,-0.699
748.31,-79.0,956.0,-178.0,0.49,-0.56,-0.419
748.49,-81.0,958.0,-176.0,0.49,-0.769,-0.699
748.67,-79.0,956.0,-177.0,0.419,-0.56,-0.419
748.85,-80.0,958.0,-175.0,0.419,-0.839,-0.699
749.4,-78.0,956.0,-177.0,0.209,-0.699,-0.349
749.22,-83.0,958.0,-174.0,0.28,-0.699,-0.629
749.4,-83.0,956.0,-177.0,0.28,-0.699,-0.49
749.58,-80.0,958.0,-176.0,0.349,-0.769,-0.839
749.77,-82.0,956.0,-175.0,0.49,-0.56,-0.629
749.95,-79.0,958.0,-176.0,0.28,-0.98,-0.839
750.13,-79.0,955.0,-174.0,0.56,-0.629,-0.349
750.31,-82.0,958.0,-175.0,0.14,-1.049,-0.699
750.49,-78.0,956.0,-178.0,0.49,-0.629,-0.419
750.68,-84.0,958.0,-176.0,0.28,-0.91,-0.699
750.86,-78.0,956.0,-177.0,0.49,-0.56,-0.56
751.4,-81.0,957.0,-176.0,0.349,-0.839,-0.56
751.22,-79.0,958.0,-177.0,0.49,-0.769,-0.49
751.41,-83.0,958.0,-174.0,0.349,-0.839,-0.56
751.59,-77.0,957.0,-176.0,0.49,-0.769,-0.49
751.77,-81.0,959.0,-175.0,0.349,-0.839,-0.49
751.95,-76.0,955.0,-176.0,0.349,-0.699,-0.49
752.13,-84.0,957.0,-174.0,0.419,-0.839,-0.56
752.32,-78.0,957.0,-177.0,0.419,-0.699,-0.629
752.5,-83.0,958.0,-175.0,0.56,-0.699,-0.49
752.68,-77.0,957.0,-175.0,0.28,-0.769,-0.629
752.86,-82.0,956.0,-175.0,0.56,-0.769,-0.419
753.5,-77.0,955.0,-175.0,0.28,-0.91,-0.629
753.23,-81.0,957.0,-175.0,0.56,-0.56,-0.349
753.41,-79.0,957.0,-176.0,0.28,-0.91,-0.699
753.59,-80.0,956.0,-176.0,0.56,-0.699,-0.419
753.78,-79.0,957.0,-175.0,0.349,-0.839,-0.629
753.96,-81.0,957.0,-175.0,0.49,-0.769,-0.49
754.14,-78.0,957.0,-174.0,0.28,-0.769,-0.629
754.32,-80.0,956.0,-175.0,0.419,-0.629,-0.49
754.5,-80.0,957.0,-176.0,0.49,-0.839,-0.629
754.69,-77.0,956.0,-175.0,0.419,-0.699,-0.56
754.87,-81.0,958.0,-176.0,0.419,-0.769,-0.56
755.5,-79.0,956.0,-175.0,0.419,-0.769,-0.49
755.23,-81.0,958.0,-176.0,0.49,-0.769,-0.49
755.42,-79.0,956.0,-177.0,0.419,-0.699,-0.49
755.6,-81.0,958.0,-176.0,0.419,-0.699,-0.49
755.78,-77.0,957.0,-176.0,0.349,-0.839,-0.629
755.96,-79.0,957.0,-176.0,0.419,-0.699,-0.419
756.15,-80.0,958.0,-176.0,0.419,-0.699,-0.49
756.33,-80.0,957.0,-174.0,0.419,-0.839,-0.629
756.51,-77.0,956.0,-175.0,0.349,-0.699,-0.49
756.69,-81.0,958.0,-176.0,0.49,-0.699,-0.49
756.87,-78.0,957.0,-175.0,0.419,-0.769,-0.56
757.6,-79.0,957.0,-175.0,0.419,-0.699,-0.419
757.24,-80.0,956.0,-176.0,0.49,-0.699,-0.49
757.42,-80.0,957.0,-176.0,0.349,-0.769,-0.629
757.6,-79.0,957.0,-175.0,0.419,-0.629,-0.49
757.79,-79.0,958.0,-175.0,0.349,-0.839,-0.56
757.97,-79.0,957.0,-175.0,0.419,-0.699,-0.49
758.15,-82.0,958.0,-176.0,0.49,-0.769,-0.56
758.33,-78.0,957.0,-175.0,0.419,-0.769,-0.49
758.52,-80.0,957.0,-176.0,0.349,-0.769,-0.49
758.7,-79.0,958.0,-175.0,0.349,-0.839,-0.629
758.88,-80.0,956.0,-175.0,0.419,-0.629,-0.419
759.6,-81.0,957.0,-175.0,0.419,-0.769,-0.629
759.24,-79.0,958.0,-176.0,0.49,-0.629,-0.419
759.43,-82.0,957.0,-175.0,0.419,-0.699,-0.56
759.61,-80.0,957.0,-175.0,0.419,-0.769,-0.56
759.79,-80.0,957.0,-176.0,0.349,-0.769,-0.56
759.97,-80.0,958.0,-176.0,0.419,-0.769,-0.56
760.16,-80.0,958.0,-177.0,0.419,-0.699,-0.56
760.34,-81.0,957.0,-176.0,0.419,-0.769,-0.56
760.52,-81.0,957.0,-177.0,0.419,-0.699,-0.49
760.7,-80.0,957.0,-175.0,0.419,-0.769,-0.629
760.89,-80.0,957.0,-175.0,0.419,-0.699,-0.56
761.7,-80.0,958.0,-175.0,0.419,-0.699,-0.49
761.25,-79.0,957.0,-175.0,0.349,-0.769,-0.49
761.43,-82.0,957.0,-174.0,0.419,-0.839,-0.49
761.61,-81.0,957.0,-176.0,0.349,-0.839,-0.56
761.8,-80.0,956.0,-175.0,0.49,-0.629,-0.56
761.98,-81.0,956.0,-176.0,0.49,-0.699,-0.629
762.16,-80.0,956.0,-176.0,0.419,-0.699,-0.629
762.34,-80.0,958.0,-176.0,0.419,-0.839,-0.56
762.53,-79.0,955.0,-174.0,0.419,-0.629,-0.419
762.71,-82.0,960.0,-174.0,0.209,-0.839,-0.629
762.89,-75.0,956.0,-174.0,0.56,-0.629,-0.56
763.7,-84.0,960.0,-171.0,0.349,-1.049,-0.56
763.25,-74.0,955.0,-176.0,0.49,-0.629,-0.49
763.44,-85.0,959.0,-172.0,0.56,-0.98,-0.419
763.62,-77.0,954.0,-176.0,0.349,-0.769,-0.56
763.8,-84.0,959.0,-176.0,0.56,-0.699,-0.49
763.98,-75.0,957.0,-173.0,0.419,-0.699,-0.629
764.17,-83.0,955.0,-177.0,0.28,-0.56,-0.349
764.35,-81.0,959.0,-174.0,0.49,-0.839,-0.769
764.53,-80.0,957.0,-172.0,0.209,-0.629,-0.419
764.71,-84.0,959.0,-175.0,0.419,-0.699,-0.769
764.9,-79.0,956.0,-174.0,0.419,-0.91,-0.56
765.8,-83.0,958.0,-174.0,0.56,-0.769,-0.56
765.26,-78.0,957.0,-175.0,0.419,-0.839,-0.49
765.44,-82.0,957.0,-176.0,0.419,-0.629,-0.419
765.62,-81.0,957.0,-176.0,0.419,-0.699,-0.699
765.81,-78.0,957.0,-176.0,0.419,-0.629,-0.49
765.99,-82.0,958.0,-176.0,0.419,-0.769,-0.49
766.17,-79.0,957.0,-175.0,0.349,-0.769,-0.56
766.35,-80.0,958.0,-176.0,0.419,-0.699,-0.49
766.54,-80.0,957.0,-176.0,0.49,-0.769,-0.629
766.72,-80.0,955.0,-176.0,0.419,-0.769,-0.49
766.9,-81.0,957.0,-176.0,0.349,-0.699,-0.56
767.8,-80.0,957.0,-177.0,0.419,-0.699,-0.56
767.27,-80.0,957.0,-176.0,0.349,-0.769,-0.56
767.45,-79.0,957.0,-176.0,0.349,-0.839,-0.56
767.63,-80.0,956.0,-176.0,0.419,-0.629,-0.49
767.81,-81.0,958.0,-176.0,0.419,-0.769,-0.629
767.99,-82.0,958.0,-176.0,0.49,-0.699,-0.56
768.18,-82.0,957.0,-174.0,0.349,-0.839,-0.56
768.36,-80.0,958.0,-175.0,0.49,-0.699,-0.49
768.54,-80.0,957.0,-175.0,0.419,-0.699,-0.56
768.72,-75.0,965.0,-178.0,0.419,-0.699,-0.349
768.91,-76.0,959.0,-174.0,0.209,-0.839,-0.839
769.9,-81.0,955.0,-175.0,0.56,-0.349,-0.209
769.27,-84.0,959.0,-174.0,0.28,-1.12,-0.98
769.45,-73.0,956.0,-174.0,0.56,-0.49,-0.349
769.64,-85.0,959.0,-175.0,0.419,-0.769,-0.699
769.82,-74.0,955.0,-176.0,0.56,-0.699,-0.49
770.0,-83.0,958.0,-175.0,0.349,-0.769,-0.56
770.18,-79.0,956.0,-176.0,0.419,-0.769,-0.629
770.36,-84.0,958.0,-175.0,0.419,-0.699,-0.49
770.55,-79.0,957.0,-175.0,0.419,-0.699,-0.629
770.73,-80.0,958.0,-174.0,0.349,-0.699,-0.56
770.91,-80.0,957.0,-175.0,0.49,-0.699,-0.56
771.9,-80.0,958.0,-173.0,0.28,-0.699,-0.56
771.28,-80.0,956.0,-176.0,0.49,-0.699,-0.56
771.46,-81.0,958.0,-175.0,0.419,-0.769,-0.629
771.64,-78.0,957.0,-176.0,0.49,-0.699,-0.49
771.82,-82.0,957.0,-176.0,0.419,-0.699,-0.629
772.1,-79.0,956.0,-175.0,0.349,-0.769,-0.56
772.19,-81.0,957.0,-175.0,0.49,-0.629,-0.49
772.37,-78.0,957.0,-177.0,0.28,-0.769,-0.56
772.55,-81.0,957.0,-174.0,0.49,-0.769,-0.56
772.73,-77.0,958.0,-174.0,0.28,-0.769,-0.56
772.92,-80.0,957.0,-175.0,0.49,-0.699,-0.419
773.1,-79.0,957.0,-176.0,0.49,-0.769,-0.56
773.28,-79.0,956.0,-175.0,0.419,-0.769,-0.49
773.46,-81.0,957.0,-176.0,0.49,-0.769,-0.629
773.65,-78.0,957.0,-176.0,0.419,-0.769,-0.629
773.83,-78.0,957.0,-175.0,0.419,-0.769,-0.56
774.1,-80.0,957.0,-174.0,0.419,-0.769,-0.49
774.19,-80.0,958.0,-176.0,0.419,-0.769,-0.56
774.38,-79.0,957.0,-176.0,0.419,-0.769,-0.56
774.56,-79.0,957.0,-176.0,0.56,-0.769,-0.49
774.74,-80.0,958.0,-176.0,0.419,-0.769,-0.49
774.92,-80.0,958.0,-176.0,0.49,-0.769,-0.56
775.1,-79.0,957.0,-176.0,0.49,-0.699,-0.56
775.29,-80.0,957.0,-175.0,0.419,-0.769,-0.56
775.47,-78.0,957.0,-176.0,0.419,-0.699,-0.56
775.65,-80.0,957.0,-175.0,0.419,-0.699,-0.49
775.83,-78.0,956.0,-176.0,0.419,-0.699,-0.49
776.2,-81.0,958.0,-176.0,0.49,-0.769,-0.56
776.2,-79.0,957.0,-176.0,0.419,-0.769,-0.49
776.38,-80.0,958.0,-177.0,0.419,-0.699,-0.629
776.56,-79.0,957.0,-175.0,0.419,-0.699,-0.49
776.75,-81.0,958.0,-175.0,0.49,-0.769,-0.49
776.93,-80.0,957.0,-176.0,0.349,-0.769,-0.49
777.11,-81.0,957.0,-175.0,0.419,-0.699,-0.49
777.29,-81.0,958.0,-175.0,0.419,-0.699,-0.56
777.47,-80.0,957.0,-175.0,0.349,-0.699,-0.49
777.66,-80.0,957.0,-175.0,0.419,-0.699,-0.56
777.84,-81.0,957.0,-175.0,0.419,-0.769,-0.56
778.2,-80.0,957.0,-175.0,0.349,-0.699,-0.56
778.2,-80.0,957.0,-175.0,0.349,-0.699,-0.56
778.39,-81.0,957.0,-176.0,0.419,-0.629,-0.56
778.57,-80.0,957.0,-175.0,0.419,-0.769,-0.49
778.75,-80.0,957.0,-175.0,0.419,-0.769,-0.56
778.93,-81.0,959.0,-173.0,0.49,-0.699,-0.49
779.12,-80.0,956.0,-176.0,0.349,-0.56,-0.56
779.3,-83.0,957.0,-174.0,0.49,-0.839,-0.629
779.48,-77.0,955.0,-176.0,0.349,-0.629,-0.49
779.66,-82.0,958.0,-175.0,0.49,-0.699,-0.49
779.84,-80.0,956.0,-177.0,0.419,-0.629,-0.56
780.3,-81.0,959.0,-175.0,0.419,-0.699,-0.56
780.21,-81.0,956.0,-176.0,0.49,-0.839,-0.629
780.39,-78.0,957.0,-175.0,0.349,-0.769,-0.629
780.57,-80.0,958.0,-175.0,0.349,-0.699,-0.56
780.76,-81.0,958.0,-175.0,0.49,-0.839,-0.769
780.94,-78.0,957.0,-176.0,0.49,-0.699,-0.49
781.12,-82.0,957.0,-176.0,0.419,-0.839,-0.629
781.3,-81.0,956.0,-176.0,0.56,-0.839,-0.629
781.48,-80.0,957.0,-176.0,0.419,-0.769,-0.56
781.67,-82.0,957.0,-175.0,0.349,-0.699,-0.56
781.85,-80.0,957.0,-176.0,0.419,-0.839,-0.629
782.3,-79.0,958.0,-175.0,0.419,-0.699,-0.56
782.21,-81.0,956.0,-175.0,0.419,-0.699,-0.56
782.4,-80.0,958.0,-175.0,0.419,-0.769,-0.56
782.58,-80.0,957.0,-175.0,0.49,-0.699,-0.49
782.76,-81.0,957.0,-175.0,0.419,-0.769,-0.56
782.94,-79.0,957.0,-175.0,0.49,-0.769,-0.56
783.13,-81.0,957.0,-175.0,0.349,-0.699,-0.56
783.31,-80.0,957.0,-176.0,0.419,-0.769,-0.629
783.49,-80.0,958.0,-175.0,0.349,-0.839,-0.56
783.67,-79.0,957.0,-174.0,0.419,-0.769,-0.56
783.85,-81.0,957.0,-175.0,0.419,-0.769,-0.56
784.4,-80.0,957.0,-176.0,0.419,-0.769,-0.56
784.22,-79.0,957.0,-176.0,0.419,-0.699,-0.49
784.4,-80.0,957.0,-177.0,0.349,-0.769,-0.56
784.58,-80.0,957.0,-176.0,0.419,-0.769,-0.49
784.77,-80.0,957.0,-177.0,0.419,-0.769,-0.56
784.95,-79.0,957.0,-176.0,0.349,-0.699,-0.56
785.13,-80.0,957.0,-176.0,0.49,-0.769,-0.49
785.31,-80.0,958.0,-176.0,0.419,-0.839,-0.49
785.5,-80.0,958.0,-177.0,0.419,-0.769,-0.49
785.68,-79.0,958.0,-177.0,0.419,-0.769,-0.56
785.86,-80.0,956.0,-177.0,0.419,-0.769,-0.56
786.4,-80.0,957.0,-176.0,0.419,-0.769,-0.56
786.22,-80.0,957.0,-176.0,0.419,-0.769,-0.56
786.41,-79.0,957.0,-176.0,0.349,-0.699,-0.49
786.59,-80.0,958.0,-176.0,0.49,-0.769,-0.56
786.77,-79.0,957.0,-175.0,0.349,-0.769,-0.56
786.95,-80.0,957.0,-176.0,0.419,-0.769,-0.56
787.14,-79.0,957.0,-176.0,0.419,-0.769,-0.629
787.32,-80.0,956.0,-176.0,0.49,-0.699,-0.56
787.5,-79.0,957.0,-176.0,0.349,-0.839,-0.56
787.68,-81.0,957.0,-175.0,0.419,-0.629,-0.49
787.87,-79.0,957.0,-176.0,0.349,-0.769,-0.56
788.5,-79.0,957.0,-175.0,0.419,-0.769,-0.56
788.23,-79.0,958.0,-175.0,0.419,-0.629,-0.56
788.41,-80.0,958.0,-175.0,0.49,-0.769,-0.56
788.59,-80.0,958.0,-177.0,0.419,-0.699,-0.56
788.78,-80.0,957.0,-176.0,0.419,-0.769,-0.49
788.96,-81.0,957.0,-177.0,0.28,-0.699,-0.49
789.14,-80.0,957.0,-177.0,0.419,-0.699,-0.49
789.32,-80.0,957.0,-177.0,0.419,-0.769,-0.419
789.51,-79.0,957.0,-177.0,0.49,-0.699,-0.56
789.69,-81.0,957.0,-175.0,0.419,-0.699,-0.49
789.87,-79.0,956.0,-177.0,0.49,-0.699,-0.49
790.5,-79.0,957.0,-175.0,0.349,-0.699,-0.49
790.24,-79.0,957.0,-177.0,0.349,-0.699,-0.49
790.42,-81.0,957.0,-177.0,0.49,-0.699,-0.56
790.6,-80.0,958.0,-175.0,0.349,-0.699,-0.56
790.78,-80.0,956.0,-176.0,0.49,-0.629,-0.56
790.96,-82.0,958.0,-176.0,0.419,-0.839,-0.56
791.15,-79.0,956.0,-176.0,0.419,-0.769,-0.49
791.33,-82.0,959.0,-175.0,0.28,-0.769,-0.56
791.51,-83.0,956.0,-175.0,0.49,-0.629,-0.56
791.69,-84.0,958.0,-178.0,0.349,-0.769,-0.629
791.88,-77.0,957.0,-177.0,0.49,-0.56,-0.56
792.6,-86.0,954.0,-181.0,0.56,-0.629,-0.349
792.24,-78.0,960.0,-172.0,0.349,-1.049,-0.839
792.42,-78.0,954.0,-179.0,0.28,-0.49,-0.209
792.61,-84.0,959.0,-173.0,0.209,-0.98,-0.699
792.79,-76.0,956.0,-178.0,0.349,-0.419,-0.28
792.97,-85.0,958.0,-175.0,0.419,-0.56,-0.629
793.15,-75.0,957.0,-177.0,0.419,-0.699,-0.629
793.33,-78.0,955.0,-175.0,0.769,-0.629,-0.419
793.52,-82.0,958.0,-176.0,0.349,-1.19,-0.699
793.7,-73.0,955.0,-177.0,0.419,-0.629,-0.419
793.88,-86.0,957.0,-178.0,0.419,-0.839,-0.419
794.6,-77.0,956.0,-177.0,0.419,-0.839,-0.699
794.25,-81.0,957.0,-176.0,0.209,-0.56,-0.419
794.43,-79.0,957.0,-176.0,0.49,-0.769,-0.699
794.61,-81.0,958.0,-172.0,0.28,-0.699,-0.419
794.79,-81.0,958.0,-174.0,0.349,-0.769,-0.769
794.97,-80.0,955.0,-174.0,0.49,-0.699,-0.419
795.16,-81.0,958.0,-176.0,0.49,-0.769,-0.56
795.34,-80.0,956.0,-175.0,0.49,-0.699,-0.419
795.52,-82.0,957.0,-178.0,0.419,-0.769,-0.56
795.7,-77.0,956.0,-176.0,0.419,-0.629,-0.49
795.89,-82.0,957.0,-176.0,0.419,-0.699,-0.56
796.7,-79.0,956.0,-176.0,0.349,-0.699,-0.56
796.25,-81.0,958.0,-174.0,0.419,-0.699,-0.56
796.43,-80.0,957.0,-175.0,0.419,-0.769,-0.56
796.62,-79.0,956.0,-175.0,0.49,-0.769,-0.56
796.8,-78.0,956.0,-175.0,0.49,-0.769,-0.56
804.45,-81.0,957.0,-176.0,0.419,-0.769,-0.56
804.64,-80.0,957.0,-176.0,0.419,-0.699,-0.56
804.82,-80.0,958.0,-176.0,0.419,-0.769,-0.49
805.0,-80.0,956.0,-176.0,0.49,-0.699,-0.49
805.18,-81.0,957.0,-176.0,0.419,-0.769,-0.56
805.37,-79.0,956.0,-176.0,0.49,-0.699,-0.49
805.55,-81.0,957.0,-177.0,0.49,-0.769,-0.56
805.73,-79.0,956.0,-176.0,0.419,-0.699,-0.49
805.91,-80.0,958.0,-175.0,0.419,-0.699,-0.56
806.9,-80.0,957.0,-176.0,0.419,-0.839,-0.49
806.28,-78.0,957.0,-176.0,0.419,-0.769,-0.56
806.46,-81.0,956.0,-176.0,0.49,-0.699,-0.49
806.64,-80.0,958.0,-176.0,0.419,-0.769,-0.49
806.82,-81.0,957.0,-176.0,0.419,-0.699,-0.56
807.1,-82.0,958.0,-175.0,0.419,-0.699,-0.56
807.19,-81.0,959.0,-176.0,0.419,-0.769,-0.56
807.37,-80.0,957.0,-177.0,0.419,-0.699,-0.629
807.55,-80.0,957.0,-175.0,0.349,-0.839,-0.56
807.73,-80.0,958.0,-175.0,0.419,-0.699,-0.49
807.92,-79.0,956.0,-176.0,0.419,-0.699,-0.49
808.1,-82.0,957.0,-175.0,0.419,-0.699,-0.56
808.28,-80.0,957.0,-176.0,0.49,-0.769,-0.419
808.46,-80.0,958.0,-175.0,0.349,-0.769,-0.629
808.65,-79.0,956.0,-177.0,0.419,-0.629,-0.49
808.83,-83.0,958.0,-175.0,0.49,-0.839,-0.629
809.1,-77.0,956.0,-177.0,0.349,-0.769,-0.56
809.19,-81.0,958.0,-175.0,0.419,-0.699,-0.49
809.38,-79.0,956.0,-176.0,0.349,-0.769,-0.56
809.56,-81.0,958.0,-175.0,0.49,-0.769,-0.49
809.74,-79.0,956.0,-176.0,0.419,-0.769,-0.56
809.92,-82.0,958.0,-176.0,0.49,-0.699,-0.49
810.1,-79.0,957.0,-177.0,0.419,-0.839,-0.629
810.29,-80.0,957.0,-176.0,0.49,-0.699,-0.49
810.47,-81.0,958.0,-176.0,0.349,-0.769,-0.629
810.65,-79.0,957.0,-176.0,0.419,-0.769,-0.56
810.83,-80.0,956.0,-176.0,0.419,-0.629,-0.49
811.2,-80.0,957.0,-176.0,0.28,-0.769,-0.629
811.2,-80.0,957.0,-175.0,0.349,-0.629,-0.56
811.38,-82.0,957.0,-176.0,0.419,-0.699,-0.56
811.56,-80.0,958.0,-175.0,0.349,-0.839,-0.699
811.74,-78.0,956.0,-175.0,0.419,-0.699,-0.49
811.93,-82.0,959.0,-175.0,0.49,-0.769,-0.629
812.11,-77.0,956.0,-176.0,0.28,-0.699,-0.49
812.29,-84.0,958.0,-176.0,0.49,-0.769,-0.56
812.47,-81.0,957.0,-175.0,0.419,-0.839,-0.629
812.66,-80.0,957.0,-177.0,0.49,-0.629,-0.56
812.84,-83.0,957.0,-176.0,0.419,-0.839,-0.699
813.2,-78.0,956.0,-177.0,0.28,-0.699,-0.49
813.2,-84.0,957.0,-175.0,0.49,-0.769,-0.56
813.38,-78.0,956.0,-176.0,0.349,-0.769,-0.56
813.57,-84.0,958.0,-176.0,0.49,-0.56,-0.56
813.75,-78.0,956.0,-176.0,0.349,-0.839,-0.56
813.93,-83.0,958.0,-175.0,0.56,-0.699,-0.49
814.11,-77.0,957.0,-174.0,0.28,-0.91,-0.629
814.3,-83.0,957.0,-176.0,0.56,-0.629,-0.419
814.48,-81.0,957.0,-175.0,0.28,-0.91,-0.769
814.66,-79.0,955.0,-176.0,0.49,-0.629,-0.349
814.84,-83.0,959.0,-174.0,0.28,-0.839,-0.699
815.2,-79.0,956.0,-174.0,0.49,-0.629,-0.419
815.21,-82.0,958.0,-176.0,0.349,-0.839,-0.629
815.39,-79.0,957.0,-175.0,0.419,-0.839,-0.56
815.57,-80.0,957.0,-175.0,0.349,-0.699,-0.49
815.75,-82.0,957.0,-175.0,0.49,-0.839,-0.629
815.94,-78.0,956.0,-176.0,0.419,-0.769,-0.56
816.12,-82.0,959.0,-174.0,0.419,-0.839,-0.629
816.3,-76.0,957.0,-174.0,0.419,-0.699,-0.49
816.48,-83.0,958.0,-176.0,0.419,-0.699,-0.56
816.67,-78.0,957.0,-176.0,0.349,-0.839,-0.629
816.85,-79.0,956.0,-176.0,0.419,-0.699,-0.49
817.3,-83.0,958.0,-175.0,0.49,-0.769,-0.629
817.21,-79.0,957.0,-175.0,0.349,-0.839,-0.56
817.39,-80.0,958.0,-175.0,0.419,-0.699,-0.49
817.58,-77.0,956.0,-175.0,0.419,-0.699,-0.56
817.76,-80.0,957.0,-175.0,0.419,-0.699,-0.56
817.94,-78.0,957.0,-176.0,0.49,-0.769,-0.56
818.12,-81.0,958.0,-175.0,0.419,-0.699,-0.49
818.31,-80.0,957.0,-175.0,0.349,-0.699,-0.56
818.49,-81.0,957.0,-175.0,0.419,-0.769,-0.629
818.67,-78.0,955.0,-176.0,0.349,-0.699,-0.419
818.85,-83.0,957.0,-174.0,0.349,-0.769,-0.56
819.3,-78.0,956.0,-175.0,0.28,-0.629,-0.49
819.22,-82.0,957.0,-175.0,0.49,-0.699,-0.49
819.4,-78.0,956.0,-175.0,0.349,-0.839,-0.56
819.58,-81.0,957.0,-175.0,0.49,-0.629,-0.56
819.76,-79.0,957.0,-175.0,0.28,-0.839,-0.56
819.95,-80.0,957.0,-176.0,0.49,-0.629,-0.629
820.13,-80.0,957.0,-175.0,0.349,-0.839,-0.629
820.31,-79.0,957.0,-176.0,0.349,-0.769,-0.629
820.49,-81.0,957.0,-175.0,0.419,-0.839,-0.56
820.68,-80.0,956.0,-176.0,0.349,-0.839,-0.56
820.86,-80.0,958.0,-174.0,0.419,-0.769,-0.56
821.4,-80.0,958.0,-172.0,0.14,-0.769,-0.49
821.22,-81.0,956.0,-180.0,0.49,-0.629,-0.419
821.4,-79.0,958.0,-172.0,0.56,-0.839,-0.839
821.59,-78.0,956.0,-175.0,0.14,-0.56,-0.419
821.77,-82.0,958.0,-179.0,0.699,-0.769,-0.769
821.95,-77.0,956.0,-171.0,0.49,-0.769,-0.49
822.13,-82.0,957.0,-175.0,0.349,-0.699,-0.49
822.32,-80.0,956.0,-178.0,0.56,-0.769,-0.629
822.5,-79.0,957.0,-176.0,0.49,-0.699,-0.629
822.68,-79.0,955.0,-174.0,0.349,-0.49,-0.349
822.86,-79.0,958.0,-178.0,0.349,-0.839,-0.629
823.4,-76.0,956.0,-173.0,0.419,-0.629,-0.349
823.23,-82.0,957.0,-173.0,0.14,-0.839,-0.56
823.41,-77.0,958.0,-176.0,0.419,-0.56,-0.49
823.59,-82.0,959.0,-175.0,0.56,-0.839,-0.629
823.77,-77.0,955.0,-176.0,0.419,-0.699,-0.419
823.96,-82.0,958.0,-176.0,0.49,-0.769,-0.56
824.14,-78.0,955.0,-175.0,0.349,-0.699,-0.49
824.32,-82.0,957.0,-177.0,0.349,-0.769,-0.56
824.5,-78.0,957.0,-176.0,0.349,-0.699,-0.56
824.69,-81.0,959.0,-174.0,0.349,-0.769,-0.56
824.87,-79.0,958.0,-174.0,0.419,-0.769,-0.49
825.5,-81.0,957.0,-174.0,0.419,-0.769,-0.49
825.23,-80.0,956.0,-175.0,0.56,-0.769,-0.56
825.41,-80.0,957.0,-176.0,0.349,-0.769,-0.49
825.6,-79.0,956.0,-177.0,0.56,-0.699,-0.56
825.78,-80.0,958.0,-175.0,0.28,-0.769,-0.56
825.96,-81.0,958.0,-177.0,0.419,-0.56,-0.49
826.14,-81.0,958.0,-175.0,0.349,-0.699,-0.629
826.33,-79.0,957.0,-177.0,0.419,-0.699,-0.49
826.51,-80.0,956.0,-175.0,0.49,-0.769,-0.56
826.69,-79.0,957.0,-176.0,0.49,-0.769,-0.49
826.87,-82.0,957.0,-175.0,0.49,-0.699,-0.49
827.5,-80.0,957.0,-175.0,0.349,-0.769,-0.56
827.24,-81.0,957.0,-176.0,0.419,-0.629,-0.56
827.42,-80.0,958.0,-175.0,0.349,-0.769,-0.629
827.6,-79.0,958.0,-174.0,0.349,-0.769,-0.629
827.78,-80.0,956.0,-175.0,0.419,-0.56,-0.419
827.97,-80.0,958.0,-174.0,0.419,-0.91,-0.56
828.15,-79.0,956.0,-175.0,0.49,-0.629,-0.419
828.33,-82.0,957.0,-175.0,0.349,-0.769,-0.56
828.51,-79.0,956.0,-175.0,0.349,-0.769,-0.56
828.7,-81.0,956.0,-176.0,0.49,-0.629,-0.49
828.88,-82.0,957.0,-176.0,0.419,-0.839,-0.629
829.6,-78.0,958.0,-175.0,0.349,-0.629,-0.56
829.24,-81.0,957.0,-175.0,0.49,-0.699,-0.56
829.42,-79.0,956.0,-175.0,0.419,-0.769,-0.56
829.61,-79.0,957.0,-175.0,0.49,-0.699,-0.49
829.79,-81.0,957.0,-174.0,0.349,-0.769,-0.56
829.97,-78.0,957.0,-175.0,0.349,-0.699,-0.49
830.15,-81.0,957.0,-175.0,0.419,-0.629,-0.56
830.34,-78.0,956.0,-175.0,0.349,-0.769,-0.56
830.52,-78.0,957.0,-175.0,0.349,-0.699,-0.419
830.7,-80.0,957.0,-176.0,0.349,-0.769,-0.56
830.88,-78.0,956.0,-176.0,0.349,-0.769,-0.56
831.6,-79.0,957.0,-175.0,0.349,-0.769,-0.56
831.25,-81.0,957.0,-175.0,0.28,-0.769,-0.49
831.43,-80.0,956.0,-175.0,0.349,-0.839,-0.56
831.61,-80.0,956.0,-174.0,0.49,-0.769,-0.56
831.79,-80.0,958.0,-175.0,0.419,-0.839,-0.56
831.98,-79.0,957.0,-174.0,0.49,-0.699,-0.56
832.16,-80.0,957.0,-176.0,0.49,-0.769,-0.629
832.34,-80.0,957.0,-175.0,0.49,-0.629,-0.49
832.52,-81.0,957.0,-175.0,0.49,-0.769,-0.56
832.7,-80.0,958.0,-175.0,0.419,-0.769,-0.56
832.89,-81.0,957.0,-176.0,0.49,-0.699,-0.56
833.7,-80.0,957.0,-175.0,0.419,-0.699,-0.56
833.25,-79.0,958.0,-174.0,0.419,-0.629,-0.49
833.43,-81.0,957.0,-174.0,0.349,-0.629,-0.56
833.62,-81.0,957.0,-175.0,0.419,-0.629,-0.49
833.8,-79.0,957.0,-175.0,0.419,-0.769,-0.56
833.98,-82.0,958.0,-175.0,0.419,-0.699,-0.49
834.16,-79.0,957.0,-175.0,0.419,-0.769,-0.629
834.34,-80.0,957.0,-176.0,0.419,-0.699,-0.56
834.53,-80.0,957.0,-175.0,0.49,-0.769,-0.56
834.71,-80.0,957.0,-176.0,0.419,-0.769,-0.56
834.89,-81.0,958.0,-175.0,0.349,-0.769,-0.56
835.7,-79.0,956.0,-175.0,0.349,-0.629,-0.419
835.26,-81.0,959.0,-175.0,0.349,-0.769,-0.56
835.44,-78.0,956.0,-175.0,0.419,-0.699,-0.49
835.62,-81.0,958.0,-174.0,0.419,-0.769,-0.629
835.8,-78.0,957.0,-175.0,0.419,-0.769,-0.56
835.99,-82.0,959.0,-175.0,0.419,-0.699,-0.56
836.17,-78.0,956.0,-175.0,0.419,-0.699,-0.56
836.35,-83.0,958.0,-175.0,0.56,-0.699,-0.56
836.53,-78.0,957.0,-176.0,0.419,-0.699,-0.629
836.71,-81.0,957.0,-176.0,0.56,-0.629,-0.629
836.9,-79.0,957.0,-175.0,0.419,-0.769,-0.56
837.8,-81.0,957.0,-176.0,0.56,-0.699,-0.49
837.26,-79.0,957.0,-175.0,0.349,-0.839,-0.629
837.44,-80.0,957.0,-177.0,0.49,-0.699,-0.419
837.63,-82.0,959.0,-175.0,0.419,-0.98,-0.769
837.81,-77.0,955.0,-176.0,0.49,-0.699,-0.49
837.99,-83.0,959.0,-175.0,0.419,-0.839,-0.56
838.17,-79.0,957.0,-175.0,0.419,-0.839,-0.56
838.35,-80.0,957.0,-176.0,0.419,-0.769,-0.56
838.54,-81.0,957.0,-176.0,0.419,-0.769,-0.56
838.72,-81.0,957.0,-176.0,0.349,-0.769,-0.56
838.9,-80.0,957.0,-175.0,0.419,-0.699,-0.56
839.8,-79.0,957.0,-175.0,0.28,-0.699,-0.56
839.27,-83.0,957.0,-176.0,0.419,-0.769,-0.56
839.45,-79.0,957.0,-175.0,0.349,-0.91,-0.629
839.63,-82.0,957.0,-176.0,0.419,-0.629,-0.419
839.81,-81.0,957.0,-175.0,0.419,-0.839,-0.699
839.99,-79.0,956.0,-175.0,0.28,-0.699,-0.419
840.18,-80.0,958.0,-176.0,0.419,-0.699,-0.56
840.36,-81.0,957.0,-176.0,0.419,-0.699,-0.49
840.54,-80.0,957.0,-175.0,0.28,-0.699,-0.629
840.72,-83.0,959.0,-175.0,0.49,-0.769,-0.56
840.91,-77.0,957.0,-175.0,0.349,-0.769,-0.629
841.9,-82.0,958.0,-175.0,0.49,-0.91,-0.629
841.27,-78.0,957.0,-176.0,0.49,-0.769,-0.56
841.45,-81.0,957.0,-175.0,0.49,-0.839,-0.629
841.63,-80.0,957.0,-177.0,0.419,-0.769,-0.629
849.11,-80.0,957.0,-174.0,0.349,-0.769,-0.56
849.29,-80.0,957.0,-175.0,0.28,-0.769,-0.56
849.47,-79.0,957.0,-176.0,0.419,-0.839,-0.49
849.65,-81.0,958.0,-176.0,0.349,-0.699,-0.56
849.84,-79.0,958.0,-175.0,0.349,-0.769,-0.56
850.2,-82.0,957.0,-176.0,0.49,-0.699,-0.419
850.2,-80.0,957.0,-176.0,0.49,-0.839,-0.56
850.38,-79.0,957.0,-176.0,0.49,-0.769,-0.49
850.57,-79.0,957.0,-175.0,0.419,-0.769,-0.56
850.75,-77.0,956.0,-176.0,0.349,-0.769,-0.56
850.93,-81.0,957.0,-176.0,0.419,-0.629,-0.49
851.11,-79.0,958.0,-175.0,0.28,-0.699,-0.56
851.29,-80.0,957.0,-175.0,0.349,-0.769,-0.49
851.48,-78.0,957.0,-175.0,0.419,-0.699,-0.49
851.66,-81.0,958.0,-176.0,0.49,-0.769,-0.56
851.84,-76.0,956.0,-176.0,0.349,-0.839,-0.629
852.2,-82.0,957.0,-175.0,0.49,-0.629,-0.419
852.21,-78.0,957.0,-176.0,0.28,-0.839,-0.629
852.39,-80.0,957.0,-176.0,0.419,-0.629,-0.349
852.57,-83.0,959.0,-175.0,0.28,-0.769,-0.699
852.75,-78.0,957.0,-176.0,0.49,-0.699,-0.49
852.94,-80.0,956.0,-176.0,0.49,-0.699,-0.56
853.12,-82.0,958.0,-174.0,0.419,-0.769,-0.629
853.3,-78.0,956.0,-175.0,0.419,-0.699,-0.56
853.48,-81.0,959.0,-175.0,0.49,-0.769,-0.56
853.66,-76.0,956.0,-176.0,0.349,-0.699,-0.49
853.85,-82.0,957.0,-176.0,0.49,-0.629,-0.49
854.3,-78.0,958.0,-174.0,0.349,-0.839,-0.629
854.21,-81.0,957.0,-175.0,0.49,-0.629,-0.419
854.39,-80.0,957.0,-175.0,0.28,-0.839,-0.56
854.58,-79.0,957.0,-176.0,0.419,-0.699,-0.49
854.76,-80.0,957.0,-177.0,0.349,-0.769,-0.56
854.94,-79.0,956.0,-176.0,0.56,-0.769,-0.49
855.12,-81.0,959.0,-175.0,0.349,-0.769,-0.56
855.3,-79.0,956.0,-175.0,0.349,-0.699,-0.49
855.49,-81.0,957.0,-175.0,0.28,-0.699,-0.56
855.67,-79.0,957.0,-175.0,0.419,-0.699,-0.49
855.85,-81.0,958.0,-175.0,0.49,-0.699,-0.49
856.3,-79.0,958.0,-176.0,0.49,-0.839,-0.56
856.22,-81.0,957.0,-175.0,0.49,-0.699,-0.56
856.4,-80.0,957.0,-174.0,0.419,-0.839,-0.629
856.58,-79.0,956.0,-175.0,0.419,-0.769,-0.49
856.76,-81.0,958.0,-175.0,0.49,-0.699,-0.56
856.95,-79.0,957.0,-175.0,0.349,-0.699,-0.56
857.13,-80.0,957.0,-176.0,0.419,-0.699,-0.49
857.31,-81.0,958.0,-176.0,0.49,-0.839,-0.629
857.49,-79.0,956.0,-176.0,0.419,-0.769,-0.49
857.67,-80.0,957.0,-177.0,0.419,-0.629,-0.49
857.86,-80.0,956.0,-176.0,0.49,-0.699,-0.56
858.4,-79.0,957.0,-175.0,0.349,-0.699,-0.56
858.22,-81.0,958.0,-175.0,0.349,-0.699,-0.56
858.4,-79.0,957.0,-175.0,0.419,-0.769,-0.56
858.59,-80.0,956.0,-176.0,0.49,-0.769,-0.49
858.77,-80.0,958.0,-175.0,0.419,-0.769,-0.629
858.95,-78.0,957.0,-175.0,0.419,-0.699,-0.49
859.13,-81.0,957.0,-175.0,0.419,-0.769,-0.49
859.31,-80.0,958.0,-176.0,0.419,-0.769,-0.56
859.5,-80.0,957.0,-175.0,0.49,-0.769,-0.629
859.68,-81.0,959.0,-175.0,0.419,-0.699,-0.629
859.86,-79.0,957.0,-175.0,0.349,-0.699,-0.49
860.4,-81.0,957.0,-175.0,0.349,-0.699,-0.49
860.23,-79.0,958.0,-175.0,0.419,-0.839,-0.629
860.41,-80.0,957.0,-175.0,0.419,-0.699,-0.49
860.59,-81.0,957.0,-175.0,0.419,-0.839,-0.56
860.77,-79.0,956.0,-176.0,0.49,-0.769,-0.56
860.96,-80.0,958.0,-175.0,0.419,-0.699,-0.49
861.14,-80.0,957.0,-175.0,0.349,-0.769,-0.629
861.32,-80.0,956.0,-175.0,0.419,-0.769,-0.49
861.5,-81.0,957.0,-175.0,0.349,-0.839,-0.56
861.68,-80.0,958.0,-175.0,0.419,-0.769,-0.629
861.87,-81.0,957.0,-176.0,0.49,-0.699,-0.49
862.5,-80.0,958.0,-176.0,0.419,-0.769,-0.56
862.23,-79.0,957.0,-176.0,0.49,-0.699,-0.56
862.41,-81.0,957.0,-176.0,0.419,-0.769,-0.56
862.6,-80.0,956.0,-176.0,0.49,-0.769,-0.56
862.78,-79.0,957.0,-175.0,0.349,-0.699,-0.56
862.96,-80.0,958.0,-175.0,0.419,-0.699,-0.56
863.14,-80.0,957.0,-175.0,0.419,-0.769,-0.56
863.32,-81.0,957.0,-176.0,0.419,-0.629,-0.56
863.51,-80.0,957.0,-176.0,0.49,-0.699,-0.49
863.69,-80.0,958.0,-176.0,0.49,-0.769,-0.56
863.87,-79.0,957.0,-176.0,0.419,-0.629,-0.49
864.5,-80.0,957.0,-177.0,0.419,-0.769,-0.56
864.24,-79.0,957.0,-178.0,0.419,-0.769,-0.56
864.42,-81.0,958.0,-178.0,0.49,-0.699,-0.49
864.6,-79.0,958.0,-177.0,0.349,-0.769,-0.629
864.78,-81.0,957.0,-175.0,0.419,-0.629,-0.49
864.96,-80.0,957.0,-177.0,0.419,-0.769,-0.629
865.15,-80.0,958.0,-178.0,0.349,-0.699,-0.49
865.33,-81.0,958.0,-177.0,0.49,-0.769,-0.629
865.51,-79.0,957.0,-180.0,0.49,-0.629,-0.49
865.69,-81.0,958.0,-179.0,0.419,-0.769,-0.56
865.88,-79.0,957.0,-179.0,0.49,-0.699,-0.49
866.6,-80.0,958.0,-178.0,0.419,-0.699,-0.56
866.24,-80.0,957.0,-180.0,0.56,-0.699,-0.49
866.42,-80.0,958.0,-178.0,0.419,-0.769,-0.56
866.61,-81.0,957.0,-179.0,0.49,-0.699,-0.629
866.79,-80.0,957.0,-179.0,0.49,-0.769,-0.56
866.97,-80.0,957.0,-180.0,0.49,-0.699,-0.49
867.15,-80.0,958.0,-181.0,0.419,-0.769,-0.56
867.33,-79.0,958.0,-181.0,0.349,-0.769,-0.56
867.52,-79.0,957.0,-181.0,0.419,-0.699,-0.56
867.7,-81.0,957.0,-180.0,0.49,-0.699,-0.56
867.88,-80.0,956.0,-179.0,0.419,-0.839,-0.56
868.6,-80.0,958.0,-179.0,0.49,-0.699,-0.49
868.25,-80.0,957.0,-178.0,0.419,-0.699,-0.56
868.43,-80.0,956.0,-178.0,0.49,-0.769,-0.56
868.61,-80.0,957.0,-178.0,0.419,-0.769,-0.56
868.79,-81.0,957.0,-175.0,0.419,-0.769,-0.56
868.97,-81.0,957.0,-175.0,0.419,-0.769,-0.56
869.16,-79.0,958.0,-176.0,0.419,-0.629,-0.49
869.34,-80.0,958.0,-176.0,0.419,-0.699,-0.56
869.52,-80.0,957.0,-176.0,0.419,-0.769,-0.629
869.7,-81.0,957.0,-177.0,0.49,-0.769,-0.49
869.89,-80.0,957.0,-176.0,0.419,-0.769,-0.56
870.7,-79.0,957.0,-177.0,0.419,-0.769,-0.56
870.25,-81.0,957.0,-177.0,0.49,-0.769,-0.56
870.43,-80.0,956.0,-176.0,0.349,-0.699,-0.49
870.62,-81.0,957.0,-175.0,0.419,-0.769,-0.49
870.8,-80.0,957.0,-174.0,0.349,-0.769,-0.56
870.98,-80.0,957.0,-176.0,0.419,-0.699,-0.49
871.16,-80.0,958.0,-174.0,0.419,-0.769,-0.56
871.34,-80.0,957.0,-175.0,0.49,-0.769,-0.56
871.53,-81.0,958.0,-175.0,0.56,-0.769,-0.56
871.71,-80.0,957.0,-175.0,0.419,-0.769,-0.56
871.89,-80.0,956.0,-177.0,0.419,-0.699,-0.49
872.7,-80.0,957.0,-176.0,0.419,-0.769,-0.56
872.26,-80.0,957.0,-176.0,0.419,-0.699,-0.56
872.44,-81.0,957.0,-175.0,0.419,-0.699,-0.56
872.62,-80.0,958.0,-174.0,0.419,-0.699,-0.56
872.8,-80.0,957.0,-175.0,0.419,-0.629,-0.56
872.99,-80.0,958.0,-175.0,0.419,-0.769,-0.49
873.17,-80.0,957.0,-176.0,0.419,-0.769,-0.56
873.35,-81.0,956.0,-175.0,0.419,-0.769,-0.56
873.53,-79.0,957.0,-175.0,0.419,-0.699,-0.56
873.71,-81.0,957.0,-175.0,0.49,-0.769,-0.629
873.9,-80.0,957.0,-175.0,0.49,-0.769,-0.49
874.8,-80.0,958.0,-175.0,0.419,-0.699,-0.49
874.26,-81.0,958.0,-175.0,0.49,-0.769,-0.56
874.44,-80.0,958.0,-175.0,0.49,-0.629,-0.56
874.63,-82.0,958.0,-175.0,0.419,-0.699,-0.56
874.81,-80.0,957.0,-176.0,0.419,-0.769,-0.49
874.99,-79.0,957.0,-175.0,0.56,-0.769,-0.49
875.17,-80.0,958.0,-175.0,0.419,-0.769,-0.56
875.35,-81.0,956.0,-175.0,0.49,-0.699,-0.49
875.54,-80.0,957.0,-175.0,0.419,-0.769,-0.56
875.72,-81.0,957.0,-176.0,0.419,-0.769,-0.56
875.9,-80.0,957.0,-176.0,0.419,-0.769,-0.56
876.8,-80.0,957.0,-177.0,0.419,-0.629,-0.49
876.27,-81.0,958.0,-175.0,0.349,-0.769,-0.49
876.45,-80.0,958.0,-175.0,0.419,-0.769,-0.629
876.63,-81.0,958.0,-176.0,0.419,-0.699,-0.56
876.81,-80.0,958.0,-175.0,0.419,-0.769,-0.629
876.99,-79.0,956.0,-175.0,0.419,-0.699,-0.56
877.18,-80.0,957.0,-174.0,0.49,-0.769,-0.56
877.36,-81.0,957.0,-175.0,0.349,-0.769,-0.56
877.54,-81.0,956.0,-177.0,0.419,-0.699,-0.56
877.72,-81.0,957.0,-174.0,0.419,-0.769,-0.56
877.91,-78.0,957.0,-175.0,0.419,-0.839,-0.56
878.9,-81.0,957.0,-175.0,0.419,-0.699,-0.49
878.27,-81.0,958.0,-175.0,0.419,-0.769,-0.56
878.45,-80.0,957.0,-176.0,0.419,-0.629,-0.56
878.63,-80.0,958.0,-177.0,0.49,-0.769,-0.56
878.82,-79.0,956.0,-179.0,0.419,-0.769,-0.56
879.0,-81.0,957.0,-177.0,0.419,-0.769,-0.629
879.18,-78.0,957.0,-178.0,0.349,-0.699,-0.49
879.36,-82.0,958.0,-175.0,0.419,-0.769,-0.629
879.55,-77.0,956.0,-176.0,0.349,-0.699,-0.56
879.73,-82.0,958.0,-176.0,0.49,-0.699,-0.56
879.91,-79.0,957.0,-176.0,0.419,-0.769,-0.629
880.9,-79.0,956.0,-176.0,0.49,-0.769,-0.49
880.28,-81.0,958.0,-175.0,0.349,-0.839,-0.629
880.46,-80.0,956.0,-176.0,0.419,-0.699,-0.419
880.64,-80.0,958.0,-175.0,0.349,-0.839,-0.629
880.82,-79.0,956.0,-175.0,0.49,-0.56,-0.349
881.0,-82.0,959.0,-175.0,0.419,-0.839,-0.629
881.19,-78.0,955.0,-176.0,0.49,-0.629,-0.49
881.37,-82.0,958.0,-178.0,0.419,-0.769,-0.49
881.55,-79.0,955.0,-178.0,0.56,-0.699,-0.56
881.73,-81.0,958.0,-176.0,0.419,-0.839,-0.629
881.92,-77.0,955.0,-180.0,0.419,-0.56,-0.419
882.1,-82.0,959.0,-178.0,0.349,-0.769,-0.56
882.28,-78.0,956.0,-180.0,0.419,-0.629,-0.49
882.46,-80.0,958.0,-177.0,0.419,-0.839,-0.56
882.64,-80.0,959.0,-177.0,0.419,-0.629,-0.349
882.83,-81.0,957.0,-177.0,0.349,-0.769,-0.56
883.1,-78.0,956.0,-180.0,0.419,-0.769,-0.419
883.19,-83.0,958.0,-178.0,0.419,-0.769,-0.629
883.37,-80.0,957.0,-178.0,0.49,-0.699,-0.49
883.56,-83.0,957.0,-177.0,0.49,-0.769,-0.56
883.74,-78.0,958.0,-177.0,0.349,-0.769,-0.629
883.92,-82.0,958.0,-176.0,0.49,-0.699,-0.49
884.1,-77.0,957.0,-176.0,0.28,-0.839,-0.629
884.28,-81.0,957.0,-177.0,0.56,-0.629,-0.419
884.47,-79.0,958.0,-176.0,0.349,-0.839,-0.699
884.65,-80.0,956.0,-176.0,0.56,-0.629,-0.49
887.93,-80.0,958.0,-175.0,0.28,-1.049,-0.769
888.11,-79.0,955.0,-176.0,0.56,-0.56,-0.49
888.29,-83.0,959.0,-174.0,0.419,-0.769,-0.699
888.48,-79.0,956.0,-175.0,0.419,-0.699,-0.49
888.66,-82.0,958.0,-175.0,0.419,-0.699,-0.56
888.84,-79.0,956.0,-175.0,0.349,-0.699,-0.56
889.2,-82.0,958.0,-176.0,0.419,-0.629,-0.49
889.21,-79.0,958.0,-174.0,0.419,-0.769,-0.629
889.39,-81.0,958.0,-175.0,0.419,-0.699,-0.49
889.57,-82.0,958.0,-175.0,0.419,-0.839,-0.629
889.75,-79.0,957.0,-175.0,0.419,-0.699,-0.629
889.93,-81.0,957.0,-175.0,0.49,-0.699,-0.49
890.12,-80.0,958.0,-176.0,0.419,-0.769,-0.699
890.3,-77.0,956.0,-177.0,0.349,-0.699,-0.49
890.48,-83.0,958.0,-176.0,0.49,-0.699,-0.629
890.66,-78.0,958.0,-175.0,0.28,-0.769,-0.629
890.85,-82.0,957.0,-176.0,0.56,-0.629,-0.419
891.3,-79.0,958.0,-175.0,0.28,-0.839,-0.629
891.21,-79.0,956.0,-177.0,0.629,-0.629,-0.49
891.39,-79.0,956.0,-177.0,0.419,-0.839,-0.629
891.58,-80.0,957.0,-177.0,0.56,-0.629,-0.49
891.76,-79.0,957.0,-177.0,0.419,-0.839,-0.629
891.94,-78.0,957.0,-177.0,0.419,-0.629,-0.629
892.12,-79.0,957.0,-177.0,0.419,-0.769,-0.49
892.3,-79.0,958.0,-176.0,0.419,-0.769,-0.56
892.49,-79.0,957.0,-176.0,0.56,-0.769,-0.56
892.67,-81.0,957.0,-175.0,0.49,-0.699,-0.49
892.85,-81.0,957.0,-175.0,0.49,-0.769,-0.56
893.3,-82.0,957.0,-175.0,0.419,-0.839,-0.56
893.22,-80.0,957.0,-177.0,0.49,-0.769,-0.56
893.4,-79.0,957.0,-175.0,0.349,-0.699,-0.629
893.58,-82.0,957.0,-177.0,0.49,-0.699,-0.629
893.76,-79.0,957.0,-176.0,0.349,-0.839,-0.56
893.94,-81.0,957.0,-176.0,0.419,-0.629,-0.49
894.13,-82.0,957.0,-176.0,0.419,-0.699,-0.629
894.31,-79.0,957.0,-177.0,0.419,-0.769,-0.629
894.49,-81.0,958.0,-176.0,0.56,-0.699,-0.49
894.67,-79.0,956.0,-178.0,0.419,-0.769,-0.56
894.86,-82.0,958.0,-177.0,0.419,-0.769,-0.49
895.4,-81.0,956.0,-179.0,0.49,-0.699,-0.56
895.22,-81.0,957.0,-179.0,0.419,-0.699,-0.49
895.4,-80.0,957.0,-178.0,0.419,-0.769,-0.56
895.58,-80.0,957.0,-180.0,0.419,-0.699,-0.56
903.79,-78.0,957.0,-177.0,0.419,-0.769,-0.49
903.97,-81.0,958.0,-176.0,0.49,-0.769,-0.49
904.15,-79.0,956.0,-177.0,0.419,-0.769,-0.56
904.33,-80.0,959.0,-177.0,0.49,-0.769,-0.629
904.51,-78.0,956.0,-178.0,0.49,-0.699,-0.49
904.7,-80.0,958.0,-176.0,0.419,-0.699,-0.56
904.88,-77.0,957.0,-176.0,0.349,-0.699,-0.49
905.6,-81.0,957.0,-175.0,0.349,-0.769,-0.56
905.24,-77.0,957.0,-176.0,0.419,-0.769,-0.49
905.43,-80.0,958.0,-175.0,0.419,-0.699,-0.49
905.61,-80.0,957.0,-175.0,0.419,-0.769,-0.56
905.79,-80.0,957.0,-175.0,0.419,-0.699,-0.49
905.97,-80.0,957.0,-175.0,0.419,-0.769,-0.56
906.16,-80.0,956.0,-175.0,0.419,-0.699,-0.49
906.34,-81.0,957.0,-175.0,0.419,-0.839,-0.629
906.52,-79.0,957.0,-175.0,0.419,-0.769,-0.629
906.7,-81.0,957.0,-175.0,0.419,-0.769,-0.629
906.88,-80.0,957.0,-176.0,0.419,-0.769,-0.56
907.7,-80.0,958.0,-174.0,0.349,-0.839,-0.56
907.25,-80.0,958.0,-175.0,0.349,-0.769,-0.56
907.43,-78.0,958.0,-175.0,0.28,-0.699,-0.49
907.61,-81.0,958.0,-176.0,0.419,-0.769,-0.49
907.8,-79.0,958.0,-176.0,0.419,-0.769,-0.56
907.98,-79.0,957.0,-175.0,0.49,-0.769,-0.49
908.16,-81.0,958.0,-175.0,0.349,-0.769,-0.56
908.34,-79.0,957.0,-176.0,0.49,-0.699,-0.49
908.52,-81.0,958.0,-175.0,0.419,-0.769,-0.56
908.71,-79.0,956.0,-176.0,0.349,-0.699,-0.49
908.89,-80.0,957.0,-175.0,0.419,-0.769,-0.49
909.7,-79.0,957.0,-175.0,0.419,-0.839,-0.49
909.25,-79.0,957.0,-174.0,0.419,-0.629,-0.56
909.44,-80.0,957.0,-175.0,0.419,-0.699,-0.49
909.62,-81.0,958.0,-174.0,0.349,-0.769,-0.56
909.8,-78.0,955.0,-176.0,0.419,-0.56,-0.419
909.98,-83.0,958.0,-174.0,0.349,-0.769,-0.56
910.16,-78.0,957.0,-177.0,0.419,-0.699,-0.56
910.35,-81.0,957.0,-175.0,0.49,-0.769,-0.49
910.53,-79.0,957.0,-176.0,0.349,-0.699,-0.629
910.71,-79.0,957.0,-175.0,0.419,-0.629,-0.49
910.89,-83.0,957.0,-175.0,0.49,-0.769,-0.56
911.8,-79.0,959.0,-175.0,0.419,-0.839,-0.629
911.26,-80.0,957.0,-176.0,0.419,-0.699,-0.56
911.44,-82.0,958.0,-176.0,0.419,-0.839,-0.56
911.62,-80.0,957.0,-175.0,0.49,-0.699,-0.56
911.81,-81.0,958.0,-175.0,0.419,-0.769,-0.56
911.99,-79.0,957.0,-175.0,0.419,-0.769,-0.56
912.17,-80.0,958.0,-176.0,0.419,-0.699,-0.56
912.35,-81.0,958.0,-174.0,0.419,-0.769,-0.56
912.53,-80.0,957.0,-175.0,0.419,-0.769,-0.49
912.72,-82.0,957.0,-175.0,0.419,-0.769,-0.629
912.9,-80.0,957.0,-175.0,0.419,-0.769,-0.56
913.8,-80.0,957.0,-175.0,0.49,-0.699,-0.56
913.26,-81.0,957.0,-174.0,0.49,-0.699,-0.49
913.45,-80.0,957.0,-175.0,0.419,-0.699,-0.56
913.63,-80.0,957.0,-176.0,0.419,-0.699,-0.49
913.81,-80.0,958.0,-174.0,0.28,-0.769,-0.629
913.99,-80.0,957.0,-176.0,0.49,-0.769,-0.49
914.17,-80.0,957.0,-174.0,0.419,-0.769,-0.629
914.36,-80.0,957.0,-175.0,0.56,-0.629,-0.49
914.54,-81.0,958.0,-174.0,0.419,-0.839,-0.56
914.72,-79.0,957.0,-175.0,0.49,-0.629,-0.49
914.9,-81.0,957.0,-175.0,0.49,-0.769,-0.56
915.9,-79.0,957.0,-175.0,0.419,-0.699,-0.56
915.27,-80.0,957.0,-176.0,0.49,-0.769,-0.49
915.45,-80.0,957.0,-176.0,0.419,-0.629,-0.56
915.63,-79.0,956.0,-174.0,0.419,-0.699,-0.49
915.82,-80.0,958.0,-175.0,0.419,-0.699,-0.56
916.0,-79.0,957.0,-174.0,0.349,-0.699,-0.629
916.18,-78.0,957.0,-175.0,0.49,-0.769,-0.49
916.36,-82.0,958.0,-175.0,0.419,-0.699,-0.56
916.54,-78.0,956.0,-175.0,0.49,-0.839,-0.56
916.73,-81.0,957.0,-175.0,0.419,-0.769,-0.56
916.91,-79.0,957.0,-175.0,0.419,-0.769,-0.56
917.9,-80.0,958.0,-176.0,0.419,-0.699,-0.349
917.27,-81.0,957.0,-174.0,0.419,-0.839,-0.56
917.46,-78.0,957.0,-175.0,0.419,-0.699,-0.49
917.64,-81.0,957.0,-175.0,0.49,-0.769,-0.49
917.82,-78.0,957.0,-175.0,0.419,-0.769,-0.49
918.0,-80.0,958.0,-175.0,0.419,-0.769,-0.56
918.18,-80.0,957.0,-175.0,0.419,-0.699,-0.56
918.37,-80.0,957.0,-175.0,0.419,-0.699,-0.49
918.55,-79.0,957.0,-176.0,0.349,-0.699,-0.56
918.73,-81.0,956.0,-176.0,0.49,-0.629,-0.419
918.91,-81.0,957.0,-174.0,0.419,-0.839,-0.56
919.1,-79.0,958.0,-176.0,0.419,-0.769,-0.56
919.28,-79.0,957.0,-176.0,0.349,-0.769,-0.56
919.46,-81.0,956.0,-176.0,0.419,-0.699,-0.419
919.64,-80.0,959.0,-175.0,0.349,-0.769,-0.629
919.83,-79.0,956.0,-176.0,0.419,-0.699,-0.419
920.1,-82.0,958.0,-175.0,0.419,-0.839,-0.629
920.19,-79.0,956.0,-175.0,0.419,-0.699,-0.419
920.37,-83.0,958.0,-175.0,0.419,-0.629,-0.56
920.55,-80.0,957.0,-175.0,0.419,-0.769,-0.56
920.74,-82.0,957.0,-176.0,0.419,-0.769,-0.49
920.92,-81.0,957.0,-176.0,0.49,-0.769,-0.56
921.1,-81.0,957.0,-176.0,0.419,-0.699,-0.629
921.28,-79.0,957.0,-175.0,0.419,-0.699,-0.56
921.47,-80.0,957.0,-174.0,0.419,-0.769,-0.49
921.65,-82.0,957.0,-176.0,0.419,-0.769,-0.629
921.83,-79.0,957.0,-175.0,0.349,-0.839,-0.629
922.1,-80.0,957.0,-175.0,0.419,-0.699,-0.49
922.19,-82.0,958.0,-175.0,0.419,-0.839,-0.629
922.38,-78.0,957.0,-175.0,0.349,-0.769,-0.629
922.56,-81.0,958.0,-175.0,0.419,-0.629,-0.419
922.74,-80.0,957.0,-175.0,0.49,-0.839,-0.56
922.92,-80.0,957.0,-175.0,0.49,-0.699,-0.49
923.11,-80.0,957.0,-176.0,0.419,-0.699,-0.629
923.29,-80.0,957.0,-176.0,0.419,-0.769,-0.56
923.47,-80.0,957.0,-176.0,0.419,-0.699,-0.49
923.65,-79.0,957.0,-176.0,0.349,-0.769,-0.56
923.83,-80.0,957.0,-175.0,0.419,-0.699,-0.49
924.2,-80.0,957.0,-175.0,0.349,-0.769,-0.56
924.2,-80.0,958.0,-176.0,0.419,-0.699,-0.49
924.38,-80.0,958.0,-175.0,0.49,-0.699,-0.56
924.56,-81.0,958.0,-176.0,0.49,-0.699,-0.56
924.75,-81.0,956.0,-176.0,0.419,-0.699,-0.49
931.67,-77.0,956.0,-176.0,0.419,-0.699,-0.49
931.85,-83.0,958.0,-176.0,0.419,-0.699,-0.56
932.4,-78.0,955.0,-177.0,0.349,-0.699,-0.49
932.22,-81.0,958.0,-174.0,0.349,-0.769,-0.56
932.4,-78.0,956.0,-175.0,0.419,-0.699,-0.419
932.58,-82.0,959.0,-175.0,0.419,-0.769,-0.56
932.77,-78.0,957.0,-175.0,0.419,-0.699,-0.49
932.95,-80.0,957.0,-176.0,0.49,-0.769,-0.49
933.13,-81.0,956.0,-176.0,0.419,-0.769,-0.49
933.31,-81.0,958.0,-175.0,0.349,-0.839,-0.629
933.49,-78.0,956.0,-176.0,0.419,-0.629,-0.49
933.68,-82.0,958.0,-175.0,0.28,-0.769,-0.56
933.86,-78.0,957.0,-175.0,0.349,-0.699,-0.56
934.4,-82.0,957.0,-175.0,0.49,-0.769,-0.49
934.22,-80.0,957.0,-176.0,0.349,-0.839,-0.56
934.41,-82.0,958.0,-176.0,0.49,-0.699,-0.49
934.59,-80.0,958.0,-176.0,0.49,-0.769,-0.629
934.77,-80.0,958.0,-175.0,0.419,-0.699,-0.56
934.95,-81.0,957.0,-176.0,0.419,-0.769,-0.49
935.13,-79.0,956.0,-176.0,0.49,-0.699,-0.49
935.32,-83.0,957.0,-177.0,0.49,-0.699,-0.56
935.5,-78.0,956.0,-178.0,0.419,-0.769,-0.629
935.68,-80.0,957.0,-176.0,0.49,-0.699,-0.49
935.86,-79.0,955.0,-177.0,0.349,-0.699,-0.49
936.5,-82.0,958.0,-176.0,0.419,-0.769,-0.49
936.23,-79.0,957.0,-177.0,0.419,-0.839,-0.56
936.41,-79.0,957.0,-175.0,0.28,-0.839,-0.56
936.59,-83.0,957.0,-176.0,0.56,-0.699,-0.49
936.78,-80.0,956.0,-177.0,0.49,-0.839,-0.629
936.96,-80.0,955.0,-177.0,0.49,-0.629,-0.419
937.14,-80.0,959.0,-176.0,0.419,-0.769,-0.629
937.32,-78.0,957.0,-176.0,0.349,-0.839,-0.49
937.5,-82.0,958.0,-176.0,0.419,-0.629,-0.419
937.69,-81.0,957.0,-175.0,0.349,-0.769,-0.56
937.87,-82.0,957.0,-174.0,0.419,-0.699,-0.56
938.5,-79.0,956.0,-174.0,0.49,-0.769,-0.56
938.23,-80.0,957.0,-174.0,0.49,-0.699,-0.49
938.42,-82.0,958.0,-176.0,0.49,-0.769,-0.56
938.6,-78.0,956.0,-175.0,0.49,-0.769,-0.629
938.78,-77.0,956.0,-175.0,0.28,-0.629,-0.419
938.96,-81.0,958.0,-175.0,0.49,-0.629,-0.49
939.14,-77.0,958.0,-175.0,0.349,-0.839,-0.56
939.33,-80.0,957.0,-176.0,0.419,-0.699,-0.419
939.51,-80.0,958.0,-175.0,0.28,-0.91,-0.769
939.69,-76.0,956.0,-177.0,0.49,-0.629,-0.419
939.87,-82.0,958.0,-176.0,0.28,-0.839,-0.699
940.6,-77.0,955.0,-178.0,0.49,-0.699,-0.349
940.24,-82.0,959.0,-176.0,0.349,-0.839,-0.699
940.42,-77.0,955.0,-179.0,0.419,-0.56,-0.349
940.6,-84.0,958.0,-177.0,0.28,-0.839,-0.699
940.78,-76.0,955.0,-178.0,0.349,-0.629,-0.419
940.97,-84.0,959.0,-176.0,0.419,-0.839,-0.56
941.15,-76.0,955.0,-176.0,0.349,-0.699,-0.419
941.33,-83.0,958.0,-176.0,0.349,-0.839,-0.56
941.51,-78.0,956.0,-176.0,0.49,-0.699,-0.56
941.7,-82.0,957.0,-176.0,0.49,-0.769,-0.56
941.88,-80.0,957.0,-175.0,0.419,-0.769,-0.56
942.6,-79.0,957.0,-176.0,0.419,-0.699,-0.49
942.24,-80.0,958.0,-175.0,0.419,-0.839,-0.56
942.43,-78.0,957.0,-176.0,0.419,-0.699,-0.49
942.61,-82.0,957.0,-176.0,0.49,-0.699,-0.49
942.79,-78.0,956.0,-176.0,0.49,-0.699,-0.56
942.97,-80.0,958.0,-174.0,0.49,-0.699,-0.49
943.15,-78.0,956.0,-176.0,0.349,-0.839,-0.56
943.34,-80.0,956.0,-175.0,0.49,-0.769,-0.49
943.52,-79.0,957.0,-175.0,0.349,-0.699,-0.49
943.7,-79.0,957.0,-177.0,0.419,-0.699,-0.49
943.88,-78.0,957.0,-174.0,0.49,-0.769,-0.49
944.7,-81.0,956.0,-176.0,0.49,-0.699,-0.49
944.25,-82.0,959.0,-175.0,0.349,-0.839,-0.629
944.43,-77.0,956.0,-176.0,0.349,-0.699,-0.49
944.61,-83.0,957.0,-176.0,0.56,-0.699,-0.49
944.79,-78.0,956.0,-176.0,0.419,-0.769,-0.629
944.98,-80.0,959.0,-175.0,0.49,-0.769,-0.49
945.16,-79.0,956.0,-176.0,0.349,-0.769,-0.49
945.34,-80.0,957.0,-176.0,0.49,-0.699,-0.49
945.52,-80.0,958.0,-175.0,0.349,-0.769,-0.56
945.71,-79.0,957.0,-175.0,0.419,-0.699,-0.49
945.89,-81.0,958.0,-175.0,0.349,-0.839,-0.49
946.7,-80.0,957.0,-176.0,0.419,-0.769,-0.49
946.25,-79.0,958.0,-175.0,0.419,-0.769,-0.56
946.44,-80.0,957.0,-176.0,0.49,-0.629,-0.56
946.62,-78.0,958.0,-175.0,0.349,-0.839,-0.629
946.8,-79.0,957.0,-176.0,0.56,-0.699,-0.419
946.98,-81.0,957.0,-174.0,0.349,-0.769,-0.56
947.16,-78.0,957.0,-175.0,0.349,-0.699,-0.56
947.35,-79.0,957.0,-176.0,0.49,-0.699,-0.56
947.53,-80.0,957.0,-175.0,0.419,-0.699,-0.56
947.71,-80.0,956.0,-175.0,0.419,-0.769,-0.56
947.89,-79.0,957.0,-175.0,0.419,-0.769,-0.49
948.8,-79.0,957.0,-176.0,0.419,-0.769,-0.56
948.26,-78.0,956.0,-175.0,0.349,-0.769,-0.56
948.44,-80.0,956.0,-176.0,0.49,-0.699,-0.56
948.62,-77.0,957.0,-175.0,0.28,-0.769,-0.49
948.8,-80.0,958.0,-176.0,0.419,-0.699,-0.49
948.99,-80.0,957.0,-175.0,0.419,-0.699,-0.56
949.17,-82.0,959.0,-175.0,0.49,-0.769,-0.56
949.35,-79.0,957.0,-175.0,0.349,-0.839,-0.56
949.53,-80.0,956.0,-176.0,0.419,-0.769,-0.49
949.72,-81.0,957.0,-175.0,0.419,-0.839,-0.56
949.9,-79.0,957.0,-176.0,0.349,-0.699,-0.56
950.8,-82.0,958.0,-174.0,0.49,-0.769,-0.629
950.26,-77.0,956.0,-176.0,0.349,-0.769,-0.56
950.45,-82.0,958.0,-175.0,0.419,-0.699,-0.419
950.63,-79.0,957.0,-178.0,0.419,-0.839,-0.56
950.81,-81.0,957.0,-176.0,0.419,-0.769,-0.56
950.99,-79.0,957.0,-177.0,0.349,-0.769,-0.56
951.17,-81.0,958.0,-174.0,0.49,-0.699,-0.49
951.36,-80.0,958.0,-175.0,0.419,-0.839,-0.629
951.54,-80.0,958.0,-174.0,0.419,-0.699,-0.56
951.72,-80.0,958.0,-176.0,0.419,-0.839,-0.56
951.9,-80.0,957.0,-174.0,0.349,-0.839,-0.56
952.9,-80.0,957.0,-176.0,0.419,-0.769,-0.629
952.27,-80.0,957.0,-174.0,0.419,-0.699,-0.49
952.45,-81.0,957.0,-176.0,0.419,-0.769,-0.49
954.45,-80.0,957.0,-175.0,0.419,-0.769,-0.56
954.64,-81.0,957.0,-175.0,0.49,-0.769,-0.56
954.82,-79.0,958.0,-175.0,0.419,-0.769,-0.629
955.0,-81.0,957.0,-176.0,0.419,-0.699,-0.56
955.18,-80.0,957.0,-175.0,0.419,-0.839,-0.56
955.37,-81.0,958.0,-176.0,0.349,-0.769,-0.629
955.55,-80.0,957.0,-175.0,0.349,-0.699,-0.56
955.73,-80.0,957.0,-174.0,0.419,-0.769,-0.629
955.91,-79.0,956.0,-176.0,0.349,-0.629,-0.56
956.1,-82.0,957.0,-175.0,0.419,-0.769,-0.629
956.28,-80.0,957.0,-175.0,0.349,-0.839,-0.56
956.46,-81.0,957.0,-174.0,0.49,-0.769,-0.49
956.64,-80.0,957.0,-175.0,0.49,-0.769,-0.629
956.82,-81.0,957.0,-176.0,0.49,-0.699,-0.49
957.1,-81.0,957.0,-175.0,0.419,-0.839,-0.56
957.19,-79.0,957.0,-176.0,0.419,-0.769,-0.49
957.37,-82.0,959.0,-175.0,0.49,-0.769,-0.629
957.55,-79.0,957.0,-175.0,0.419,-0.769,-0.49
957.74,-81.0,957.0,-175.0,0.419,-0.699,-0.56
957.92,-79.0,957.0,-176.0,0.49,-0.769,-0.56
958.1,-80.0,957.0,-176.0,0.49,-0.769,-0.56
958.28,-81.0,957.0,-176.0,0.49,-0.699,-0.56
958.46,-80.0,958.0,-177.0,0.419,-0.769,-0.49
958.65,-81.0,958.0,-176.0,0.349,-0.769,-0.56
958.83,-80.0,956.0,-178.0,0.49,-0.769,-0.56
959.1,-80.0,957.0,-178.0,0.349,-0.699,-0.49
959.19,-80.0,957.0,-176.0,0.419,-0.769,-0.56
959.38,-80.0,957.0,-176.0,0.349,-0.699,-0.56
959.56,-80.0,958.0,-174.0,0.419,-0.699,-0.56
959.74,-81.0,957.0,-175.0,0.419,-0.769,-0.56
959.92,-79.0,958.0,-176.0,0.349,-0.769,-0.629
960.1,-80.0,958.0,-175.0,0.49,-0.769,-0.56
960.29,-80.0,958.0,-176.0,0.419,-0.769,-0.56
960.47,-79.0,957.0,-177.0,0.419,-0.699,-0.49
960.65,-81.0,957.0,-176.0,0.349,-0.629,-0.56
960.83,-80.0,958.0,-176.0,0.419,-0.699,-0.56
961.2,-81.0,957.0,-176.0,0.49,-0.699,-0.49
961.2,-80.0,957.0,-174.0,0.349,-0.769,-0.49
961.38,-80.0,957.0,-176.0,0.419,-0.699,-0.56
961.56,-80.0,957.0,-175.0,0.49,-0.769,-0.56
961.74,-80.0,957.0,-176.0,0.419,-0.769,-0.49
961.93,-81.0,957.0,-177.0,0.49,-0.839,-0.56
962.11,-79.0,957.0,-176.0,0.419,-0.769,-0.56
962.29,-80.0,958.0,-176.0,0.49,-0.769,-0.56
962.47,-80.0,957.0,-176.0,0.419,-0.769,-0.49
962.66,-79.0,957.0,-176.0,0.419,-0.699,-0.419
962.84,-80.0,958.0,-176.0,0.419,-0.699,-0.49
963.2,-80.0,958.0,-176.0,0.419,-0.699,-0.49
963.2,-80.0,958.0,-176.0,0.349,-0.699,-0.49
963.39,-79.0,958.0,-176.0,0.49,-0.769,-0.56
963.57,-80.0,956.0,-176.0,0.419,-0.769,-0.49
963.75,-80.0,957.0,-176.0,0.419,-0.769,-0.49
963.93,-79.0,957.0,-176.0,0.349,-0.699,-0.56
964.11,-80.0,957.0,-176.0,0.419,-0.769,-0.56
964.3,-79.0,957.0,-176.0,0.349,-0.769,-0.49
964.48,-80.0,957.0,-176.0,0.349,-0.699,-0.56
964.66,-80.0,957.0,-176.0,0.49,-0.839,-0.629
964.84,-79.0,957.0,-176.0,0.349,-0.699,-0.49
965.3,-81.0,958.0,-177.0,0.349,-0.699,-0.56
965.21,-80.0,957.0,-177.0,0.419,-0.699,-0.49
965.39,-80.0,957.0,-177.0,0.419,-0.699,-0.49
965.57,-79.0,957.0,-175.0,0.419,-0.769,-0.56
965.75,-80.0,957.0,-175.0,0.349,-0.699,-0.56
965.94,-79.0,958.0,-175.0,0.419,-0.699,-0.56
966.12,-79.0,957.0,-176.0,0.419,-0.629,-0.56
966.3,-80.0,958.0,-175.0,0.349,-0.769,-0.56
966.48,-79.0,958.0,-175.0,0.419,-0.769,-0.56
966.67,-80.0,958.0,-178.0,0.419,-0.769,-0.49
966.85,-79.0,956.0,-179.0,0.419,-0.699,-0.629
967.3,-80.0,957.0,-179.0,0.49,-0.769,-0.56
967.21,-79.0,957.0,-177.0,0.419,-0.699,-0.56
967.39,-81.0,957.0,-177.0,0.419,-0.629,-0.49
967.58,-79.0,957.0,-178.0,0.349,-0.769,-0.629
967.76,-80.0,957.0,-178.0,0.419,-0.699,-0.49
967.94,-81.0,958.0,-179.0,0.349,-0.839,-0.56
968.12,-78.0,958.0,-179.0,0.419,-0.699,-0.49
968.31,-80.0,957.0,-177.0,0.349,-0.699,-0.49
968.49,-80.0,957.0,-176.0,0.49,-0.769,-0.49
968.67,-80.0,957.0,-177.0,0.49,-0.629,-0.56
968.85,-80.0,957.0,-176.0,0.419,-0.699,-0.56
969.3,-80.0,957.0,-176.0,0.349,-0.699,-0.629
969.22,-79.0,957.0,-175.0,0.349,-0.769,-0.56
969.4,-80.0,958.0,-175.0,0.419,-0.769,-0.56
969.58,-79.0,957.0,-175.0,0.419,-0.769,-0.49
969.76,-80.0,957.0,-176.0,0.349,-0.699,-0.56
969.95,-80.0,957.0,-176.0,0.419,-0.769,-0.56
970.13,-79.0,957.0,-175.0,0.49,-0.699,-0.56
970.31,-80.0,956.0,-176.0,0.349,-0.839,-0.49
970.49,-79.0,957.0,-177.0,0.419,-0.769,-0.56
970.67,-80.0,958.0,-176.0,0.419,-0.769,-0.629
970.86,-79.0,957.0,-178.0,0.419,-0.769,-0.56
971.4,-81.0,957.0,-177.0,0.419,-0.769,-0.629
971.22,-79.0,957.0,-176.0,0.419,-0.769,-0.56
971.4,-79.0,957.0,-177.0,0.49,-0.769,-0.56
971.59,-79.0,957.0,-178.0,0.419,-0.699,-0.629
971.77,-79.0,957.0,-178.0,0.419,-0.769,-0.56
971.95,-80.0,957.0,-177.0,0.49,-0.769,-0.56
972.13,-79.0,957.0,-177.0,0.349,-0.699,-0.56
972.31,-80.0,957.0,-177.0,0.419,-0.699,-0.56
972.5,-80.0,958.0,-177.0,0.419,-0.839,-0.56
972.68,-80.0,958.0,-178.0,0.419,-0.699,-0.49
972.86,-80.0,957.0,-178.0,0.49,-0.839,-0.56
973.4,-79.0,956.0,-178.0,0.49,-0.769,-0.49
973.23,-81.0,957.0,-177.0,0.49,-0.769,-0.56
973.41,-79.0,957.0,-176.0,0.349,-0.769,-0.629
973.59,-79.0,957.0,-177.0,0.419,-0.769,-0.56
973.77,-81.0,958.0,-176.0,0.419,-0.699,-0.56
973.95,-79.0,958.0,-175.0,0.419,-0.769,-0.629
974.14,-81.0,958.0,-175.0,0.419,-0.699,-0.629
974.32,-79.0,958.0,-175.0,0.49,-0.699,-0.56
974.5,-80.0,957.0,-176.0,0.419,-0.699,-0.56
974.68,-80.0,956.0,-175.0,0.49,-0.699,-0.49
974.87,-80.0,957.0,-176.0,0.56,-0.699,-0.56
975.5,-80.0,957.0,-175.0,0.419,-0.699,-0.56
975.23,-79.0,957.0,-175.0,0.419,-0.769,-0.49
975.41,-79.0,958.0,-176.0,0.349,-0.769,-0.56
975.6,-80.0,957.0,-175.0,0.419,-0.769,-0.49
975.78,-80.0,958.0,-176.0,0.349,-0.699,-0.56
975.96,-80.0,958.0,-175.0,0.49,-0.699,-0.56
976.14,-81.0,957.0,-175.0,0.419,-0.699,-0.56
976.32,-80.0,957.0,-176.0,0.419,-0.769,-0.49
976.51,-80.0,959.0,-175.0,0.419,-0.699,-0.49
976.69,-79.0,957.0,-176.0,0.419,-0.769,-0.56
976.87,-80.0,957.0,-176.0,0.56,-0.839,-0.629
977.5,-78.0,958.0,-175.0,0.419,-0.699,-0.56
977.24,-81.0,958.0,-175.0,0.419,-0.699,-0.56
977.42,-79.0,957.0,-175.0,0.419,-0.769,-0.56
977.6,-80.0,957.0,-176.0,0.349,-0.699,-0.49
977.78,-80.0,958.0,-175.0,0.349,-0.769,-0.56
977.96,-80.0,957.0,-175.0,0.49,-0.699,-0.56
978.15,-81.0,958.0,-176.0,0.419,-0.699,-0.56
978.33,-81.0,957.0,-175.0,0.419,-0.769,-0.49
978.51,-81.0,958.0,-175.0,0.419,-0.769,-0.56
978.69,-80.0,956.0,-175.0,0.419,-0.699,-0.56
978.88,-80.0,957.0,-175.0,0.49,-0.769,-0.49
979.6,-79.0,957.0,-176.0,0.419,-0.769,-0.56
979.24,-80.0,958.0,-176.0,0.419,-0.769,-0.56
979.42,-80.0,956.0,-176.0,0.49,-0.699,-0.49
979.6,-80.0,958.0,-175.0,0.349,-0.839,-0.56
979.79,-80.0,957.0,-175.0,0.419,-0.699,-0.56
979.97,-80.0,958.0,-176.0,0.419,-0.699,-0.56
980.15,-80.0,958.0,-175.0,0.419,-0.699,-0.56
980.33,-80.0,957.0,-175.0,0.419,-0.699,-0.49
980.52,-79.0,958.0,-175.0,0.349,-0.769,-0.56
980.7,-80.0,957.0,-175.0,0.49,-0.699,-0.419
980.88,-81.0,957.0,-176.0,0.419,-0.839,-0.56
981.6,-79.0,957.0,-175.0,0.419,-0.699,-0.56
981.24,-81.0,958.0,-176.0,0.349,-0.769,-0.56
981.43,-79.0,957.0,-176.0,0.49,-0.769,-0.49
981.61,-79.0,957.0,-175.0,0.419,-0.769,-0.56
981.79,-80.0,957.0,-175.0,0.349,-0.699,-0.56
981.97,-79.0,957.0,-175.0,0.49,-0.769,-0.49
982.16,-79.0,957.0,-176.0,0.49,-0.699,-0.49
982.34,-81.0,956.0,-176.0,0.419,-0.699,-0.49
982.52,-79.0,957.0,-175.0,0.419,-0.699,-0.56
982.7,-81.0,957.0,-175.0,0.49,-0.629,-0.49
982.88,-80.0,957.0,-175.0,0.419,-0.839,-0.629
983.7,-80.0,956.0,-175.0,0.349,-0.699,-0.56
983.25,-80.0,957.0,-175.0,0.419,-0.769,-0.629
983.43,-81.0,957.0,-176.0,0.419,-0.699,-0.56
983.61,-81.0,957.0,-175.0,0.49,-0.699,-0.56
983.8,-80.0,957.0,-176.0,0.349,-0.839,-0.629
983.98,-80.0,957.0,-175.0,0.419,-0.629,-0.56
984.16,-79.0,957.0,-175.0,0.349,-0.769,-0.56
984.34,-79.0,957.0,-176.0,0.419,-0.769,-0.629
984.52,-81.0,957.0,-176.0,0.419,-0.699,-0.49
984.71,-78.0,958.0,-176.0,0.419,-0.839,-0.56
984.89,-79.0,957.0,-175.0,0.49,-0.699,-0.49
985.7,-79.0,956.0,-175.0,0.419,-0.769,-0.56
985.25,-81.0,958.0,-175.0,0.419,-0.699,-0.419
985.44,-79.0,957.0,-176.0,0.419,-0.769,-0.56
985.62,-78.0,957.0,-176.0,0.419,-0.769,-0.419
985.8,-81.0,959.0,-175.0,0.419,-0.769,-0.56
985.98,-78.0,956.0,-176.0,0.49,-0.699,-0.56
986.17,-81.0,958.0,-174.0,0.419,-0.839,-0.56
986.35,-77.0,956.0,-176.0,0.419,-0.629,-0.49
986.53,-81.0,957.0,-175.0,0.419,-0.699,-0.49
986.71,-79.0,958.0,-175.0,0.349,-0.769,-0.56
986.89,-79.0,957.0,-174.0,0.419,-0.699,-0.49
987.8,-80.0,958.0,-174.0,0.349,-0.769,-0.629
987.26,-78.0,957.0,-175.0,0.349,-0.769,-0.56
987.44,-81.0,957.0,-175.0,0.419,-0.769,-0.56
987.62,-79.0,956.0,-175.0,0.419,-0.699,-0.56
987.81,-81.0,957.0,-175.0,0.49,-0.699,-0.629
987.99,-79.0,957.0,-176.0,0.49,-0.699,-0.56
988.17,-80.0,958.0,-176.0,0.419,-0.839,-0.49
988.35,-79.0,958.0,-176.0,0.49,-0.699,-0.49
988.53,-80.0,958.0,-175.0,0.28,-0.769,-0.629
988.72,-77.0,958.0,-176.0,0.419,-0.629,-0.49
988.9,-81.0,958.0,-175.0,0.49,-0.769,-0.49
989.8,-79.0,957.0,-175.0,0.419,-0.769,-0.629
989.26,-80.0,957.0,-176.0,0.419,-0.699,-0.49
989.45,-80.0,957.0,-175.0,0.49,-0.769,-0.56
989.63,-79.0,957.0,-175.0,0.349,-0.769,-0.49
989.81,-80.0,956.0,-175.0,0.349,-0.629,-0.419
989.99,-80.0,958.0,-175.0,0.349,-0.839,-0.56
990.17,-79.0,956.0,-175.0,0.419,-0.699,-0.56
990.36,-81.0,957.0,-175.0,0.349,-0.769,-0.56
990.54,-80.0,957.0,-176.0,0.349,-0.699,-0.49
990.72,-80.0,956.0,-176.0,0.419,-0.769,-0.56
990.9,-79.0,957.0,-176.0,0.419,-0.699,-0.56
991.9,-80.0,958.0,-175.0,0.349,-0.769,-0.629
991.27,-80.0,956.0,-176.0,0.419,-0.699,-0.56
991.45,-81.0,956.0,-176.0,0.419,-0.769,-0.56
991.63,-78.0,957.0,-176.0,0.419,-0.699,-0.56
991.81,-80.0,957.0,-176.0,0.419,-0.769,-0.56
992.0,-79.0,957.0,-175.0,0.419,-0.769,-0.56
992.18,-81.0,957.0,-174.0,0.349,-0.699,-0.49
992.36,-80.0,958.0,-176.0,0.349,-0.769,-0.629
992.54,-79.0,956.0,-176.0,0.419,-0.629,-0.49
992.73,-80.0,958.0,-176.0,0.349,-0.769,-0.629
992.91,-83.0,957.0,-176.0,0.56,-0.629,-0.419
993.9,-79.0,957.0,-176.0,0.28,-0.91,-0.629
993.27,-80.0,957.0,-175.0,0.419,-0.629,-0.419
993.46,-80.0,957.0,-175.0,0.28,-0.91,-0.56
993.64,-79.0,957.0,-176.0,0.56,-0.699,-0.56
993.82,-78.0,957.0,-177.0,0.28,-0.839,-0.56
994.0,-81.0,957.0,-177.0,0.49,-0.56,-0.349
994.18,-79.0,958.0,-176.0,0.349,-0.839,-0.629
994.37,-78.0,956.0,-175.0,0.349,-0.629,-0.49
994.55,-81.0,958.0,-175.0,0.49,-0.769,-0.56
994.73,-77.0,956.0,-176.0,0.49,-0.699,-0.56
994.91,-81.0,958.0,-175.0,0.49,-0.699,-0.49
995.1,-79.0,956.0,-177.0,0.419,-0.699,-0.56
995.28,-80.0,957.0,-175.0,0.49,-0.699,-0.49
995.46,-79.0,957.0,-177.0,0.419,-0.769,-0.629
995.64,-79.0,957.0,-176.0,0.419,-0.699,-0.49
995.82,-79.0,957.0,-175.0,0.28,-0.769,-0.629
996.1,-79.0,957.0,-176.0,0.419,-0.699,-0.49
996.19,-80.0,958.0,-175.0,0.349,-0.839,-0.56
996.37,-78.0,958.0,-175.0,0.419,-0.699,-0.629
996.55,-79.0,957.0,-175.0,0.419,-0.769,-0.56
996.74,-79.0,956.0,-178.0,0.349,-0.769,-0.56
996.92,-81.0,959.0,-175.0,0.629,-0.839,-0.56
997.1,-78.0,957.0,-177.0,0.349,-0.699,-0.49
997.28,-81.0,961.0,-173.0,0.56,-0.769,-0.699
1004.39,-76.0,958.0,-175.0,0.349,-0.769,-0.49
1004.57,-82.0,958.0,-177.0,0.419,-0.699,-0.56
1004.76,-79.0,957.0,-176.0,0.419,-0.839,-0.629
1004.94,-81.0,958.0,-175.0,0.349,-0.769,-0.56
1005.12,-80.0,957.0,-176.0,0.49,-0.769,-0.49
1005.3,-80.0,958.0,-175.0,0.419,-0.839,-0.49
1005.48,-79.0,957.0,-176.0,0.349,-0.769,-0.56
1005.67,-78.0,956.0,-175.0,0.419,-0.769,-0.56
1005.85,-81.0,957.0,-176.0,0.49,-0.699,-0.56
1006.3,-80.0,959.0,-175.0,0.419,-0.839,-0.629
1006.21,-78.0,956.0,-176.0,0.419,-0.699,-0.49
1006.4,-81.0,958.0,-175.0,0.419,-0.769,-0.49
1006.58,-81.0,958.0,-175.0,0.419,-0.769,-0.629
1006.76,-79.0,957.0,-176.0,0.419,-0.839,-0.56
1006.94,-80.0,956.0,-177.0,0.419,-0.699,-0.49
1007.13,-81.0,958.0,-176.0,0.49,-0.769,-0.629
1007.31,-79.0,957.0,-178.0,0.49,-0.699,-0.49
1007.49,-82.0,957.0,-176.0,0.49,-0.699,-0.56
1007.67,-81.0,957.0,-177.0,0.349,-0.839,-0.56
1007.85,-80.0,958.0,-175.0,0.49,-0.839,-0.629
1008.4,-78.0,957.0,-176.0,0.419,-0.699,-0.49
1016.6,-80.0,957.0,-175.0,0.349,-0.699,-0.56
1016.24,-79.0,957.0,-176.0,0.349,-0.629,-0.49
1016.42,-80.0,957.0,-176.0,0.349,-0.769,-0.49
1016.6,-81.0,957.0,-175.0,0.419,-0.699,-0.419
1016.79,-80.0,958.0,-176.0,0.349,-0.769,-0.629
1016.97,-81.0,957.0,-177.0,0.49,-0.699,-0.419
1017.15,-80.0,958.0,-176.0,0.419,-0.769,-0.56
1017.33,-79.0,957.0,-175.0,0.349,-0.699,-0.49
1017.51,-80.0,957.0,-177.0,0.419,-0.699,-0.56
1017.7,-80.0,957.0,-176.0,0.419,-0.699,-0.49
1017.88,-79.0,957.0,-177.0,0.419,-0.699,-0.56
1018.6,-80.0,956.0,-176.0,0.419,-0.699,-0.49
1018.24,-81.0,958.0,-174.0,0.419,-0.699,-0.629
1018.43,-79.0,957.0,-175.0,0.349,-0.769,-0.49
1018.61,-80.0,957.0,-175.0,0.49,-0.699,-0.56
1018.79,-78.0,958.0,-175.0,0.56,-0.769,-0.56
1018.97,-81.0,957.0,-176.0,0.419,-0.699,-0.419
1019.16,-79.0,958.0,-175.0,0.419,-0.699,-0.56
1019.34,-79.0,956.0,-176.0,0.419,-0.699,-0.419
1019.52,-80.0,958.0,-175.0,0.49,-0.699,-0.629
1019.7,-79.0,957.0,-175.0,0.49,-0.769,-0.56
1019.88,-79.0,956.0,-175.0,0.419,-0.629,-0.56
1020.7,-79.0,956.0,-175.0,0.419,-0.769,-0.49
1020.25,-80.0,958.0,-175.0,0.419,-0.699,-0.49
1020.43,-79.0,958.0,-175.0,0.49,-0.769,-0.56
1020.61,-80.0,956.0,-176.0,0.49,-0.839,-0.56
1020.8,-79.0,958.0,-175.0,0.419,-0.769,-0.56
1020.98,-79.0,956.0,-176.0,0.419,-0.699,-0.56
1021.16,-80.0,957.0,-175.0,0.419,-0.839,-0.629
1021.34,-78.0,957.0,-175.0,0.419,-0.699,-0.49
1021.53,-82.0,958.0,-176.0,0.419,-0.699,-0.49
1021.71,-79.0,957.0,-175.0,0.419,-0.769,-0.56
1021.89,-79.0,957.0,-177.0,0.419,-0.769,-0.56
1022.7,-80.0,958.0,-177.0,0.49,-0.769,-0.56
1022.25,-79.0,957.0,-176.0,0.419,-0.769,-0.49
1022.44,-80.0,958.0,-176.0,0.49,-0.699,-0.56
1022.62,-80.0,956.0,-176.0,0.349,-0.769,-0.56
1022.8,-79.0,957.0,-176.0,0.419,-0.769,-0.56
1027.91,-80.0,956.0,-176.0,0.419,-0.769,-0.56
1028.9,-81.0,958.0,-176.0,0.349,-0.699,-0.629
1028.27,-79.0,957.0,-176.0,0.349,-0.769,-0.56
1028.45,-79.0,957.0,-177.0,0.419,-0.699,-0.56
1028.63,-81.0,958.0,-175.0,0.419,-0.769,-0.629
1028.82,-80.0,957.0,-176.0,0.49,-0.769,-0.56
1029.0,-81.0,957.0,-176.0,0.49,-0.769,-0.56
1029.18,-79.0,957.0,-175.0,0.419,-0.769,-0.629
1029.36,-82.0,956.0,-177.0,0.49,-0.769,-0.56
1029.55,-80.0,957.0,-175.0,0.49,-0.769,-0.56
1029.73,-79.0,957.0,-175.0,0.349,-0.699,-0.56
1029.91,-79.0,958.0,-175.0,0.419,-0.699,-0.629
1030.9,-79.0,957.0,-175.0,0.349,-0.699,-0.49
1030.28,-82.0,958.0,-176.0,0.49,-0.699,-0.49
1030.46,-77.0,958.0,-175.0,0.28,-0.839,-0.56
1030.64,-80.0,956.0,-176.0,0.419,-0.56,-0.28
1030.82,-82.0,957.0,-175.0,0.349,-0.91,-0.629
1031.0,-74.0,954.0,-176.0,0.419,-0.629,-0.419
1031.19,-84.0,958.0,-175.0,0.419,-0.769,-0.56
1031.37,-79.0,956.0,-175.0,0.349,-0.699,-0.49
1031.55,-81.0,958.0,-174.0,0.349,-0.769,-0.629
1031.73,-78.0,956.0,-175.0,0.419,-0.769,-0.56
1031.92,-82.0,957.0,-175.0,0.49,-0.769,-0.56
1032.1,-78.0,958.0,-174.0,0.349,-0.839,-0.629
1032.28,-79.0,957.0,-176.0,0.629,-0.629,-0.49
1032.46,-80.0,956.0,-176.0,0.349,-0.91,-0.629
1032.64,-81.0,957.0,-176.0,0.49,-0.699,-0.56
1032.83,-78.0,955.0,-176.0,0.349,-0.839,-0.629
1033.1,-82.0,958.0,-175.0,0.49,-0.699,-0.49
1033.19,-79.0,958.0,-175.0,0.349,-0.699,-0.56
1033.37,-80.0,958.0,-176.0,0.49,-0.769,-0.49
1033.56,-80.0,957.0,-175.0,0.349,-0.769,-0.629
1033.74,-79.0,956.0,-176.0,0.49,-0.699,-0.419
1033.92,-82.0,958.0,-175.0,0.349,-0.769,-0.629
1034.1,-78.0,957.0,-176.0,0.49,-0.629,-0.49
1034.29,-81.0,957.0,-176.0,0.349,-0.839,-0.629
1034.47,-78.0,956.0,-175.0,0.419,-0.699,-0.56
1034.65,-82.0,957.0,-174.0,0.419,-0.699,-0.56
1034.83,-79.0,958.0,-175.0,0.349,-0.91,-0.699
1035.1,-79.0,958.0,-174.0,0.56,-0.629,-0.49
1035.2,-81.0,958.0,-176.0,0.419,-0.769,-0.56
1035.38,-77.0,957.0,-176.0,0.349,-0.769,-0.49
1035.56,-83.0,958.0,-176.0,0.56,-0.699,-0.49
1035.74,-79.0,956.0,-176.0,0.349,-0.769,-0.629
1035.93,-82.0,958.0,-176.0,0.49,-0.629,-0.49
1036.11,-79.0,957.0,-176.0,0.419,-0.839,-0.629
1036.29,-80.0,958.0,-175.0,0.49,-0.699,-0.49
1036.47,-78.0,957.0,-176.0,0.419,-0.769,-0.629
1036.65,-79.0,957.0,-177.0,0.49,-0.629,-0.49
1036.84,-80.0,958.0,-175.0,0.419,-0.839,-0.56
1037.2,-80.0,956.0,-176.0,0.49,-0.699,-0.56
1037.2,-80.0,957.0,-176.0,0.419,-0.699,-0.49
1037.38,-80.0,957.0,-174.0,0.49,-0.699,-0.49
1037.57,-80.0,958.0,-175.0,0.419,-0.769,-0.56
1037.75,-80.0,958.0,-176.0,0.419,-0.769,-0.56
1037.93,-81.0,957.0,-176.0,0.49,-0.699,-0.49
1038.11,-78.0,957.0,-175.0,0.349,-0.839,-0.56
1038.29,-81.0,956.0,-176.0,0.49,-0.629,-0.419
1038.48,-81.0,957.0,-175.0,0.419,-0.769,-0.56
1038.66,-80.0,957.0,-175.0,0.49,-0.699,-0.49
1038.84,-79.0,958.0,-175.0,0.28,-0.769,-0.56
1039.21,-78.0,957.0,-175.0,0.349,-0.839,-0.629
1039.39,-80.0,957.0,-176.0,0.49,-0.629,-0.349
1039.57,-80.0,958.0,-175.0,0.419,-0.839,-0.629
1039.75,-79.0,956.0,-176.0,0.419,-0.699,-0.49
1039.94,-78.0,958.0,-175.0,0.349,-0.769,-0.56
1040.12,-80.0,957.0,-175.0,0.56,-0.56,-0.419
1040.3,-81.0,958.0,-176.0,0.349,-0.769,-0.56
1040.48,-79.0,958.0,-176.0,0.419,-0.629,-0.49
1040.66,-78.0,957.0,-174.0,0.28,-0.699,-0.49
1040.85,-83.0,959.0,-175.0,0.49,-0.699,-0.49
1041.3,-77.0,957.0,-175.0,0.349,-0.699,-0.56
1048.5,-80.0,957.0,-175.0,0.49,-0.839,-0.419
1048.68,-82.0,958.0,-176.0,0.14,-0.699,-0.56
1048.87,-80.0,957.0,-177.0,0.49,-0.629,-0.49
1049.5,-81.0,958.0,-175.0,0.419,-0.699,-0.49
1049.23,-80.0,957.0,-176.0,0.49,-0.629,-0.49
1049.41,-81.0,957.0,-175.0,0.419,-0.91,-0.56
1049.6,-77.0,957.0,-176.0,0.419,-0.699,-0.419
1049.78,-85.0,958.0,-175.0,0.419,-0.769,-0.419
1049.96,-80.0,957.0,-177.0,0.419,-0.769,-0.699
1050.14,-80.0,957.0,-175.0,0.56,-0.699,-0.49
1050.32,-82.0,957.0,-176.0,0.349,-0.839,-0.699
1050.51,-81.0,957.0,-175.0,0.56,-0.699,-0.49
1050.69,-81.0,959.0,-175.0,0.349,-0.839,-0.699
1050.87,-78.0,956.0,-176.0,0.49,-0.699,-0.49
1051.5,-82.0,957.0,-175.0,0.419,-0.769,-0.56
1051.24,-80.0,957.0,-177.0,0.49,-0.699,-0.56
1051.42,-80.0,958.0,-176.0,0.349,-0.769,-0.56
1051.6,-79.0,956.0,-175.0,0.49,-0.769,-0.49
1051.78,-81.0,959.0,-175.0,0.419,-0.769,-0.629
1051.97,-79.0,957.0,-176.0,0.419,-0.629,-0.419
1052.15,-81.0,958.0,-174.0,0.349,-0.839,-0.56
1052.33,-80.0,956.0,-176.0,0.49,-0.629,-0.419
1053.42,-77.0,955.0,-175.0,0.349,-0.629,-0.49
1053.61,-82.0,958.0,-174.0,0.49,-0.629,-0.49
1053.79,-79.0,958.0,-175.0,0.28,-0.769,-0.629
1053.97,-80.0,957.0,-175.0,0.49,-0.699,-0.56
1054.15,-81.0,958.0,-174.0,0.419,-0.769,-0.49
1054.33,-79.0,957.0,-176.0,0.349,-0.699,-0.419
1054.52,-82.0,958.0,-175.0,0.49,-0.839,-0.629
1054.7,-77.0,956.0,-174.0,0.349,-0.839,-0.56
1054.88,-82.0,958.0,-176.0,0.56,-0.629,-0.49
1055.6,-79.0,957.0,-175.0,0.28,-0.769,-0.629
1055.25,-79.0,958.0,-175.0,0.49,-0.699,-0.49
1055.43,-78.0,957.0,-175.0,0.349,-0.839,-0.629
1055.61,-80.0,958.0,-176.0,0.49,-0.699,-0.49
1055.79,-80.0,957.0,-176.0,0.349,-0.839,-0.56
1055.98,-80.0,957.0,-175.0,0.349,-0.699,-0.56
1056.16,-80.0,958.0,-175.0,0.419,-0.699,-0.56
1056.34,-80.0,957.0,-175.0,0.349,-0.769,-0.56
1056.52,-81.0,957.0,-175.0,0.419,-0.769,-0.56
1056.7,-81.0,957.0,-174.0,0.349,-0.769,-0.49
1056.89,-79.0,957.0,-175.0,0.419,-0.629,-0.56
1057.7,-80.0,958.0,-175.0,0.349,-0.699,-0.56
1057.25,-79.0,957.0,-176.0,0.49,-0.769,-0.49
1057.43,-80.0,957.0,-175.0,0.419,-0.839,-0.56
1057.62,-78.0,956.0,-176.0,0.49,-0.769,-0.49
1057.8,-81.0,957.0,-176.0,0.56,-0.769,-0.56
1057.98,-79.0,957.0,-176.0,0.49,-0.769,-0.629
1058.16,-81.0,958.0,-175.0,0.419,-0.699,-0.56
1058.35,-79.0,957.0,-175.0,0.28,-0.839,-0.629
1058.53,-80.0,956.0,-175.0,0.349,-0.769,-0.49
1058.71,-80.0,958.0,-175.0,0.349,-0.839,-0.56
1058.89,-79.0,957.0,-176.0,0.419,-0.769,-0.49
1059.7,-80.0,957.0,-176.0,0.49,-0.839,-0.56
1059.26,-78.0,958.0,-175.0,0.349,-0.699,-0.56
1059.44,-79.0,957.0,-175.0,0.419,-0.699,-0.49
1059.62,-82.0,959.0,-174.0,0.349,-0.769,-0.56
1059.8,-79.0,957.0,-175.0,0.419,-0.769,-0.56
1059.99,-81.0,958.0,-175.0,0.419,-0.699,-0.56
1060.17,-79.0,957.0,-175.0,0.419,-0.629,-0.56
1060.35,-79.0,957.0,-176.0,0.349,-0.629,-0.56
1060.53,-79.0,957.0,-175.0,0.419,-0.699,-0.56
1060.71,-80.0,956.0,-176.0,0.49,-0.769,-0.49
1060.9,-82.0,957.0,-176.0,0.49,-0.769,-0.629
1061.8,-79.0,956.0,-176.0,0.419,-0.769,-0.49
1061.26,-81.0,958.0,-175.0,0.349,-0.699,-0.49
1061.44,-81.0,957.0,-175.0,0.419,-0.699,-0.49
1061.63,-82.0,959.0,-174.0,0.419,-0.839,-0.56
1061.81,-78.0,956.0,-175.0,0.419,-0.699,-0.49
1061.99,-80.0,957.0,-175.0,0.349,-0.769,-0.56
1062.17,-80.0,956.0,-176.0,0.49,-0.699,-0.49
1062.36,-80.0,957.0,-175.0,0.419,-0.769,-0.56
1062.54,-77.0,957.0,-176.0,0.419,-0.699,-0.49
1062.72,-80.0,957.0,-176.0,0.419,-0.769,-0.629
1062.9,-78.0,957.0,-175.0,0.349,-0.769,-0.56
1063.8,-81.0,958.0,-175.0,0.419,-0.699,-0.49
1063.27,-78.0,957.0,-175.0,0.349,-0.839,-0.49
1063.45,-79.0,957.0,-176.0,0.349,-0.699,-0.49
1063.63,-80.0,957.0,-176.0,0.419,-0.839,-0.629
1063.81,-79.0,956.0,-176.0,0.419,-0.629,-0.419
1064.0,-82.0,958.0,-176.0,0.419,-0.839,-0.56
1064.18,-77.0,958.0,-175.0,0.419,-0.769,-0.629
1064.36,-81.0,958.0,-175.0,0.49,-0.699,-0.49
1064.54,-80.0,957.0,-176.0,0.349,-0.699,-0.56
1064.73,-79.0,957.0,-177.0,0.349,-0.699,-0.56
1064.91,-79.0,956.0,-175.0,0.349,-0.769,-0.56
1065.9,-81.0,958.0,-175.0,0.419,-0.699,-0.49
1065.27,-80.0,959.0,-176.0,0.28,-0.769,-0.699
1065.45,-78.0,957.0,-175.0,0.49,-0.629,-0.349
1065.64,-81.0,958.0,-175.0,0.419,-0.839,-0.629
1065.82,-78.0,956.0,-176.0,0.419,-0.769,-0.56
1066.0,-81.0,957.0,-175.0,0.419,-0.769,-0.56
1066.18,-79.0,956.0,-176.0,0.419,-0.699,-0.49
1066.37,-82.0,957.0,-175.0,0.49,-0.699,-0.56
1066.55,-79.0,957.0,-176.0,0.349,-0.699,-0.56
1066.73,-80.0,957.0,-174.0,0.419,-0.769,-0.49
1066.91,-79.0,957.0,-175.0,0.419,-0.769,-0.56
1067.1,-80.0,957.0,-175.0,0.349,-0.769,-0.56
1067.28,-79.0,957.0,-176.0,0.49,-0.769,-0.56
1067.46,-79.0,957.0,-176.0,0.419,-0.769,-0.629
1067.64,-81.0,957.0,-175.0,0.419,-0.699,-0.56
1067.82,-80.0,958.0,-175.0,0.28,-0.839,-0.629
1068.1,-79.0,958.0,-175.0,0.349,-0.699,-0.49
1068.19,-82.0,958.0,-176.0,0.419,-0.769,-0.56
1068.37,-81.0,958.0,-175.0,0.349,-0.769,-0.629
1068.55,-80.0,957.0,-175.0,0.419,-0.769,-0.56
1068.74,-80.0,957.0,-175.0,0.419,-0.699,-0.56
1068.92,-79.0,957.0,-175.0,0.419,-0.769,-0.56
1069.1,-80.0,958.0,-175.0,0.49,-0.769,-0.629
1069.28,-79.0,957.0,-176.0,0.349,-0.769,-0.56
1069.46,-81.0,957.0,-177.0,0.49,-0.699,-0.56
1069.65,-79.0,958.0,-176.0,0.419,-0.769,-0.56
1069.83,-81.0,957.0,-177.0,0.56,-0.699,-0.49
1070.1,-80.0,958.0,-176.0,0.349,-0.839,-0.629
1070.19,-78.0,956.0,-176.0,0.419,-0.629,-0.419
1070.38,-82.0,957.0,-176.0,0.49,-0.769,-0.56
1070.56,-77.0,957.0,-176.0,0.349,-0.839,-0.56
1070.74,-81.0,957.0,-177.0,0.49,-0.629,-0.49
1070.92,-80.0,957.0,-177.0,0.419,-0.839,-0.629
1071.11,-79.0,957.0,-176.0,0.419,-0.769,-0.56
1071.29,-80.0,958.0,-176.0,0.349,-0.839,-0.56
1072.2,-81.0,958.0,-176.0,0.419,-0.699,-0.56
1072.2,-79.0,957.0,-175.0,0.419,-0.699,-0.56
1072.38,-81.0,958.0,-175.0,0.419,-0.699,-0.56
1072.56,-80.0,957.0,-175.0,0.419,-0.769,-0.629
1072.75,-80.0,958.0,-176.0,0.349,-0.769,-0.629
1072.93,-79.0,957.0,-176.0,0.419,-0.769,-0.56
1073.11,-81.0,957.0,-176.0,0.419,-0.769,-0.49
1073.29,-79.0,958.0,-176.0,0.49,-0.769,-0.56
1073.47,-80.0,957.0,-177.0,0.419,-0.699,-0.49
1073.66,-81.0,958.0,-176.0,0.419,-0.769,-0.56
1073.84,-80.0,957.0,-177.0,0.419,-0.699,-0.56
1074.2,-80.0,957.0,-176.0,0.49,-0.769,-0.49
1074.2,-80.0,957.0,-175.0,0.349,-0.699,-0.56
1074.39,-81.0,958.0,-178.0,0.49,-0.699,-0.56
1074.57,-79.0,957.0,-176.0,0.419,-0.839,-0.49
1074.75,-81.0,957.0,-177.0,0.419,-0.699,-0.419
1074.93,-81.0,957.0,-177.0,0.349,-0.769,-0.56
1075.12,-78.0,957.0,-176.0,0.49,-0.699,-0.56
1075.3,-81.0,957.0,-175.0,0.419,-0.629,-0.56
1075.48,-81.0,957.0,-177.0,0.419,-0.839,-0.49
1075.66,-77.0,958.0,-175.0,0.419,-0.699,-0.56
1075.84,-82.0,958.0,-176.0,0.349,-0.629,-0.49
1076.3,-80.0,958.0,-176.0,0.419,-0.839,-0.699
1076.21,-79.0,956.0,-176.0,0.419,-0.699,-0.49
1076.39,-81.0,957.0,-176.0,0.419,-0.839,-0.56
1076.57,-79.0,957.0,-177.0,0.419,-0.699,-0.56
1076.76,-80.0,957.0,-176.0,0.349,-0.699,-0.56
1076.94,-81.0,957.0,-176.0,0.419,-0.699,-0.56
1077.12,-80.0,958.0,-176.0,0.419,-0.769,-0.629
1077.3,-79.0,956.0,-177.0,0.49,-0.699,-0.56
1077.49,-80.0,957.0,-175.0,0.419,-0.769,-0.629
1077.67,-79.0,958.0,-176.0,0.419,-0.769,-0.56
1077.85,-80.0,957.0,-176.0,0.49,-0.769,-0.49
1078.3,-80.0,957.0,-175.0,0.419,-0.769,-0.629
1078.21,-79.0,957.0,-176.0,0.419,-0.629,-0.629
1078.4,-80.0,958.0,-176.0,0.419,-0.839,-0.56
1078.58,-79.0,957.0,-175.0,0.49,-0.699,-0.56
1078.76,-81.0,957.0,-177.0,0.419,-0.769,-0.56
1078.94,-78.0,957.0,-175.0,0.419,-0.839,-0.629
1079.13,-80.0,957.0,-175.0,0.49,-0.699,-0.49
1079.31,-79.0,957.0,-175.0,0.49,-0.769,-0.629
1083.5,-79.0,957.0,-175.0,0.419,-0.769,-0.49
1083.68,-81.0,958.0,-175.0,0.349,-0.699,-0.56
1083.87,-80.0,956.0,-176.0,0.419,-0.769,-0.49
1084.5,-81.0,958.0,-176.0,0.49,-0.699,-0.629
1084.23,-78.0,957.0,-174.0,0.28,-0.629,-0.629
1084.41,-79.0,957.0,-176.0,0.349,-0.629,-0.56
1084.59,-78.0,957.0,-173.0,0.419,-0.839,-0.56
1084.78,-77.0,958.0,-174.0,0.28,-0.699,-0.49
1084.96,-81.0,957.0,-175.0,0.49,-0.769,-0.419
1085.14,-77.0,958.0,-175.0,0.349,-0.839,-0.629
1085.32,-81.0,956.0,-178.0,0.56,-0.56,-0.49
1085.51,-78.0,957.0,-175.0,0.419,-0.839,-0.699
1085.69,-77.0,955.0,-176.0,0.49,-0.629,-0.49
1085.87,-81.0,957.0,-175.0,0.349,-0.769,-0.56
1086.5,-78.0,957.0,-175.0,0.349,-0.699,-0.49
1086.23,-81.0,958.0,-175.0,0.419,-0.629,-0.49
1086.42,-78.0,957.0,-176.0,0.349,-0.769,-0.56
1086.6,-80.0,957.0,-176.0,0.49,-0.699,-0.419
1086.78,-80.0,957.0,-176.0,0.419,-0.769,-0.49
1086.96,-81.0,957.0,-177.0,0.49,-0.699,-0.629
1087.15,-78.0,958.0,-177.0,0.419,-0.699,-0.49
1087.33,-78.0,956.0,-176.0,0.419,-0.699,-0.56
1087.51,-78.0,955.0,-177.0,0.419,-0.769,-0.56
1087.69,-79.0,958.0,-175.0,0.28,-0.769,-0.56
1087.88,-80.0,958.0,-175.0,0.49,-0.629,-0.49
1088.6,-78.0,958.0,-175.0,0.28,-0.91,-0.56
1088.24,-80.0,957.0,-177.0,0.49,-0.699,-0.49
1088.42,-82.0,957.0,-178.0,0.56,-0.699,-0.629
1088.6,-79.0,958.0,-175.0,0.349,-0.769,-0.49
1088.79,-76.0,956.0,-179.0,0.349,-0.699,-0.56
1088.97,-79.0,956.0,-176.0,0.49,-0.839,-0.349
1089.15,-80.0,957.0,-175.0,0.28,-0.699,-0.629
1089.33,-79.0,957.0,-175.0,0.419,-0.629,-0.349
1089.52,-80.0,959.0,-176.0,0.419,-0.839,-0.699
1089.7,-79.0,956.0,-175.0,0.56,-0.629,-0.349
1089.88,-83.0,958.0,-176.0,0.419,-0.91,-0.629
1090.6,-79.0,957.0,-176.0,0.349,-0.629,-0.49
1090.24,-82.0,958.0,-177.0,0.419,-0.699,-0.56
1090.43,-80.0,957.0,-177.0,0.49,-0.699,-0.629
1090.61,-79.0,956.0,-176.0,0.419,-0.699,-0.56
1094.98,-81.0,956.0,-177.0,0.49,-0.769,-0.56
1095.17,-79.0,956.0,-176.0,0.419,-0.769,-0.49
1095.35,-80.0,958.0,-175.0,0.28,-0.839,-0.56
1095.53,-79.0,958.0,-176.0,0.49,-0.699,-0.49
1095.71,-79.0,958.0,-176.0,0.419,-0.769,-0.56
1095.9,-80.0,957.0,-179.0,0.56,-0.699,-0.56
1096.8,-77.0,955.0,-178.0,0.419,-0.839,-0.56
1096.26,-81.0,957.0,-177.0,0.56,-0.699,-0.49
1096.44,-79.0,956.0,-178.0,0.349,-0.769,-0.56
1096.62,-81.0,958.0,-179.0,0.419,-0.699,-0.56
1096.81,-78.0,956.0,-177.0,0.349,-0.769,-0.56
1096.99,-82.0,958.0,-176.0,0.349,-0.769,-0.629
1097.17,-78.0,958.0,-174.0,0.28,-0.839,-0.629
1097.35,-80.0,959.0,-176.0,0.629,-0.699,-0.49
1097.54,-80.0,959.0,-176.0,0.349,-0.91,-0.769
1097.72,-80.0,955.0,-178.0,0.769,-0.629,-0.49
1097.9,-79.0,958.0,-176.0,0.419,-0.98,-0.699
1098.8,-80.0,958.0,-178.0,0.49,-0.629,-0.56
1098.27,-77.0,955.0,-178.0,0.28,-0.699,-0.56
1098.45,-80.0,958.0,-177.0,0.49,-0.629,-0.56
1100.9,-77.0,956.0,-176.0,0.349,-0.629,-0.49
1100.27,-81.0,958.0,-175.0,0.209,-0.769,-0.629
1100.45,-76.0,958.0,-176.0,0.419,-0.699,-0.699
1100.63,-78.0,958.0,-172.0,0.419,-0.699,-0.419
1100.82,-81.0,961.0,-170.0,0.28,-0.839,-0.699
1101.0,-76.0,956.0,-175.0,0.49,-0.56,-0.28
1101.18,-82.0,962.0,-174.0,0.56,-0.91,-0.699
1101.36,-77.0,955.0,-177.0,0.629,-0.56,-0.349
1101.55,-83.0,957.0,-179.0,0.629,-0.839,-0.629
1101.73,-78.0,954.0,-179.0,0.629,-0.699,-0.349
1101.91,-82.0,957.0,-178.0,0.28,-0.839,-0.699
1102.9,-77.0,954.0,-177.0,0.14,-0.56,-0.349
1102.28,-82.0,958.0,-177.0,0.209,-0.699,-0.629
1102.64,-83.0,959.0,-174.0,0.349,-0.699,-0.49
1102.82,-78.0,957.0,-173.0,0.419,-0.839,-0.56
1103.0,-85.0,961.0,-175.0,0.699,-0.839,-0.56
1103.19,-78.0,956.0,-176.0,0.699,-0.98,-0.56
1103.37,-78.0,956.0,-179.0,0.56,-0.769,-0.49
1103.55,-81.0,957.0,-175.0,0.49,-0.699,-0.49
1103.73,-78.0,954.0,-179.0,0.209,-0.629,-0.49
1103.92,-82.0,958.0,-177.0,0.419,-0.769,-0.49
1104.1,-79.0,959.0,-173.0,0.419,-0.769,-0.699
1104.28,-78.0,956.0,-174.0,0.419,-0.49,-0.28
1104.46,-87.0,962.0,-174.0,0.56,-0.98,-0.769
1104.65,-74.0,957.0,-172.0,0.769,-0.839,-0.419
1104.83,-82.0,959.0,-172.0,0.28,-0.98,-0.49
1105.1,-78.0,954.0,-181.0,0.699,-0.629,-0.49
1105.19,-84.0,958.0,-173.0,0.699,-0.91,-0.629
1105.37,-78.0,957.0,-177.0,0.28,-0.629,-0.769
1105.56,-81.0,954.0,-178.0,0.629,-0.49,-0.349
1105.74,-80.0,958.0,-174.0,0.28,-0.839,-0.699
1105.92,-81.0,957.0,-174.0,0.49,-0.629,-0.349
1106.1,-84.0,960.0,-173.0,0.209,-0.98,-0.769
1106.29,-75.0,958.0,-174.0,0.419,-0.56,-0.419
1106.47,-86.0,959.0,-174.0,0.49,-0.769,-0.629
1106.65,-75.0,958.0,-173.0,0.28,-0.839,-0.629
1106.83,-82.0,956.0,-177.0,0.629,-0.49,-0.349
1107.2,-82.0,959.0,-177.0,0.349,-1.12,-0.839
1107.2,-77.0,954.0,-178.0,0.629,-0.629,-0.349
1107.38,-81.0,957.0,-178.0,0.209,-0.839,-0.56
1107.56,-80.0,955.0,-180.0,0.629,-0.699,-0.349
1112.48,-79.0,957.0,-175.0,0.07,-0.699,-0.349
1112.67,-83.0,958.0,-177.0,0.56,-0.699,-0.49
1112.85,-79.0,958.0,-173.0,0.349,-0.699,-0.56
1113.3,-85.0,958.0,-176.0,0.56,-0.56,-0.56
1113.21,-77.0,957.0,-175.0,0.56,-0.699,-0.629
1113.4,-83.0,958.0,-175.0,0.56,-0.769,-0.49
1113.58,-79.0,956.0,-174.0,0.349,-0.769,-0.49
1113.76,-81.0,958.0,-176.0,0.28,-0.699,-0.56
1113.94,-80.0,957.0,-175.0,0.419,-0.629,-0.56
1114.12,-82.0,958.0,-175.0,0.349,-0.699,-0.699
1114.31,-79.0,957.0,-175.0,0.56,-0.629,-0.419
1114.49,-80.0,958.0,-175.0,0.28,-0.91,-0.629
1114.67,-79.0,958.0,-176.0,0.56,-0.629,-0.28
1114.85,-80.0,957.0,-176.0,0.28,-0.839,-0.699
1115.4,-79.0,957.0,-176.0,0.629,-0.699,-0.49
1115.22,-78.0,956.0,-177.0,0.209,-0.769,-0.629
1115.4,-82.0,957.0,-176.0,0.629,-0.56,-0.419
1117.22,-80.0,958.0,-176.0,0.49,-0.629,-0.49
1117.41,-82.0,959.0,-175.0,0.419,-0.91,-0.629
1117.59,-79.0,957.0,-176.0,0.419,-0.699,-0.49
1117.77,-80.0,956.0,-177.0,0.49,-0.699,-0.629
1117.95,-76.0,956.0,-175.0,0.349,-0.699,-0.49
1118.13,-82.0,958.0,-178.0,0.56,-0.629,-0.49
1118.32,-78.0,957.0,-175.0,0.419,-0.91,-0.699
1118.5,-80.0,957.0,-175.0,0.629,-0.629,-0.419
1118.68,-79.0,956.0,-177.0,0.419,-0.769,-0.629
1118.86,-80.0,958.0,-177.0,0.56,-0.769,-0.49
1119.5,-79.0,958.0,-174.0,0.349,-0.839,-0.629
1119.23,-80.0,955.0,-178.0,0.419,-0.699,-0.49
1119.41,-83.0,957.0,-176.0,0.349,-0.769,-0.699
1119.59,-78.0,957.0,-176.0,0.349,-0.699,-0.56
1119.77,-81.0,955.0,-177.0,0.56,-0.629,-0.419
1119.96,-79.0,958.0,-175.0,0.28,-0.91,-0.629
1120.14,-81.0,956.0,-177.0,0.629,-0.56,-0.349
1120.32,-79.0,957.0,-175.0,0.209,-0.91,-0.699
1120.5,-79.0,956.0,-177.0,0.56,-0.56,-0.28
1120.69,-83.0,956.0,-177.0,0.419,-0.769,-0.56
1120.87,-82.0,958.0,-176.0,0.56,-0.769,-0.56
1121.5,-79.0,957.0,-175.0,0.349,-0.629,-0.56
1121.23,-83.0,958.0,-176.0,0.56,-0.629,-0.419
1121.42,-76.0,957.0,-175.0,0.349,-0.839,-0.629
1121.6,-81.0,957.0,-175.0,0.419,-0.629,-0.349
1121.78,-82.0,959.0,-175.0,0.28,-0.839,-0.699
1121.96,-78.0,956.0,-176.0,0.49,-0.629,-0.419
1122.14,-82.0,956.0,-176.0,0.56,-0.839,-0.629
1122.33,-77.0,956.0,-176.0,0.349,-0.769,-0.56
1122.51,-81.0,956.0,-177.0,0.49,-0.699,-0.56
1122.69,-80.0,959.0,-175.0,0.349,-0.91,-0.699
1122.87,-78.0,957.0,-176.0,0.49,-0.629,-0.419
1123.6,-83.0,957.0,-176.0,0.56,-0.629,-0.49
1123.24,-79.0,957.0,-176.0,0.28,-0.91,-0.769
1123.42,-80.0,956.0,-178.0,0.629,-0.56,-0.349
1123.6,-80.0,957.0,-178.0,0.28,-0.98,-0.699
1123.78,-75.0,955.0,-178.0,0.49,-0.629,-0.349
1123.97,-83.0,960.0,-175.0,0.28,-0.839,-0.769
1124.15,-74.0,955.0,-177.0,0.349,-0.629,-0.349
1124.33,-82.0,959.0,-174.0,0.419,-0.839,-0.699
1124.51,-77.0,957.0,-174.0,0.419,-0.699,-0.49
1124.7,-81.0,959.0,-174.0,0.419,-0.56,-0.49
1124.88,-79.0,956.0,-175.0,0.49,-0.839,-0.629
1125.6,-79.0,958.0,-177.0,0.49,-0.699,-0.49
1125.24,-79.0,957.0,-175.0,0.49,-0.769,-0.419
1125.42,-81.0,957.0,-176.0,0.419,-0.629,-0.49
1125.61,-80.0,957.0,-176.0,0.349,-0.769,-0.629
1125.79,-79.0,956.0,-176.0,0.49,-0.56,-0.419
1125.97,-79.0,957.0,-175.0,0.349,-0.699,-0.629
1126.15,-78.0,958.0,-175.0,0.419,-0.629,-0.419
1126.34,-79.0,958.0,-176.0,0.419,-0.769,-0.56
1126.52,-80.0,958.0,-176.0,0.419,-0.769,-0.49
1126.7,-80.0,957.0,-176.0,0.49,-0.769,-0.49
1126.88,-82.0,957.0,-178.0,0.419,-0.699,-0.56
1127.7,-78.0,956.0,-179.0,0.419,-0.769,-0.56
1127.25,-82.0,957.0,-176.0,0.49,-0.629,-0.49
1127.43,-78.0,958.0,-175.0,0.419,-0.769,-0.56
1127.61,-79.0,958.0,-176.0,0.349,-0.629,-0.49
1127.79,-79.0,957.0,-175.0,0.419,-0.839,-0.56
1127.98,-79.0,958.0,-175.0,0.419,-0.699,-0.49
1128.16,-81.0,957.0,-177.0,0.56,-0.699,-0.49
1128.34,-79.0,957.0,-176.0,0.419,-0.839,-0.56
1128.52,-80.0,955.0,-177.0,0.49,-0.629,-0.419
1128.71,-81.0,957.0,-177.0,0.419,-0.839,-0.629
1128.89,-78.0,955.0,-176.0,0.419,-0.699,-0.49
1129.7,-81.0,957.0,-176.0,0.349,-0.699,-0.56
1129.25,-79.0,957.0,-176.0,0.419,-0.699,-0.56
1129.43,-80.0,958.0,-176.0,0.419,-0.699,-0.56
1129.62,-80.0,957.0,-176.0,0.419,-0.769,-0.629
1129.8,-80.0,956.0,-176.0,0.49,-0.699,-0.49
1129.98,-82.0,958.0,-175.0,0.49,-0.839,-0.629
1130.16,-78.0,956.0,-177.0,0.419,-0.699,-0.49
1130.35,-82.0,958.0,-175.0,0.419,-0.769,-0.49
1130.53,-80.0,957.0,-175.0,0.49,-0.769,-0.56
1130.71,-80.0,957.0,-176.0,0.349,-0.769,-0.49
1130.89,-80.0,959.0,-176.0,0.419,-0.839,-0.699
1131.7,-78.0,957.0,-176.0,0.419,-0.629,-0.49
1131.26,-83.0,957.0,-176.0,0.419,-0.769,-0.629
1131.44,-78.0,957.0,-176.0,0.349,-0.769,-0.56
1131.62,-81.0,958.0,-177.0,0.419,-0.629,-0.49
1131.8,-81.0,957.0,-176.0,0.349,-0.769,-0.56
1131.99,-80.0,957.0,-177.0,0.419,-0.699,-0.49
1132.17,-80.0,958.0,-176.0,0.419,-0.699,-0.56
1132.35,-82.0,957.0,-176.0,0.419,-0.769,-0.56
1132.53,-79.0,958.0,-176.0,0.349,-0.769,-0.56
1132.72,-79.0,956.0,-177.0,0.49,-0.56,-0.349
1132.9,-82.0,958.0,-175.0,0.419,-0.91,-0.699
1133.8,-76.0,956.0,-176.0,0.349,-0.629,-0.419
1133.26,-83.0,959.0,-176.0,0.49,-0.839,-0.56
1133.44,-77.0,955.0,-176.0,0.419,-0.699,-0.419
1133.63,-83.0,957.0,-175.0,0.419,-0.769,-0.56
1133.81,-77.0,957.0,-175.0,0.419,-0.699,-0.629
1133.99,-82.0,958.0,-176.0,0.419,-0.629,-0.49
1134.17,-78.0,958.0,-175.0,0.419,-0.839,-0.629
1134.36,-81.0,958.0,-176.0,0.49,-0.629,-0.49
1134.54,-80.0,957.0,-176.0,0.419,-0.839,-0.629
1134.72,-79.0,957.0,-176.0,0.49,-0.699,-0.419
1134.9,-81.0,958.0,-177.0,0.419,-0.769,-0.629
1135.8,-78.0,957.0,-176.0,0.419,-0.699,-0.49
1135.27,-80.0,958.0,-176.0,0.49,-0.699,-0.56
1135.45,-79.0,957.0,-175.0,0.419,-0.769,-0.56
1135.63,-80.0,958.0,-176.0,0.419,-0.699,-0.49
1135.81,-81.0,959.0,-175.0,0.419,-0.839,-0.629
1136.0,-79.0,957.0,-176.0,0.49,-0.699,-0.56
1136.18,-80.0,957.0,-176.0,0.49,-0.699,-0.56
1136.36,-79.0,957.0,-176.0,0.49,-0.699,-0.49
1136.54,-79.0,957.0,-177.0,0.419,-0.769,-0.56
1136.72,-80.0,956.0,-176.0,0.419,-0.699,-0.49
1136.91,-79.0,956.0,-175.0,0.349,-0.769,-0.49
1137.9,-79.0,958.0,-175.0,0.349,-0.769,-0.56
1137.27,-79.0,956.0,-176.0,0.49,-0.699,-0.49
1137.45,-80.0,958.0,-176.0,0.419,-0.769,-0.56
1137.64,-80.0,957.0,-176.0,0.349,-0.769,-0.56
1137.82,-78.0,958.0,-176.0,0.419,-0.839,-0.56
1138.0,-82.0,957.0,-177.0,0.56,-0.699,-0.49
1138.18,-78.0,957.0,-174.0,0.349,-0.839,-0.629
1138.37,-78.0,956.0,-177.0,0.49,-0.629,-0.419
1138.55,-78.0,958.0,-175.0,0.349,-0.839,-0.629
1138.73,-81.0,958.0,-175.0,0.419,-0.769,-0.49
1138.91,-78.0,957.0,-174.0,0.28,-0.769,-0.629
1139.9,-79.0,958.0,-177.0,0.56,-0.629,-0.349
1139.28,-81.0,958.0,-175.0,0.349,-0.91,-0.629
1139.46,-79.0,956.0,-177.0,0.419,-0.699,-0.49
1139.64,-79.0,957.0,-176.0,0.419,-0.839,-0.56
1139.82,-80.0,955.0,-177.0,0.419,-0.56,-0.49
1140.1,-82.0,957.0,-176.0,0.419,-0.839,-0.629
1140.19,-78.0,957.0,-176.0,0.419,-0.769,-0.56
1140.37,-81.0,957.0,-177.0,0.419,-0.769,-0.56
1140.55,-79.0,957.0,-176.0,0.419,-0.839,-0.56
1140.73,-79.0,958.0,-175.0,0.349,-0.699,-0.56
1140.92,-80.0,956.0,-177.0,0.49,-0.49,-0.349
1141.1,-82.0,958.0,-175.0,0.28,-0.769,-0.629
1141.28,-78.0,955.0,-176.0,0.419,-0.56,-0.49
1141.46,-83.0,958.0,-176.0,0.419,-0.839,-0.629
1141.65,-76.0,958.0,-174.0,0.56,-0.699,-0.49
1141.83,-82.0,957.0,-176.0,0.419,-0.699,-0.56
1142.1,-79.0,957.0,-176.0,0.419,-0.839,-0.56
1142.19,-79.0,955.0,-177.0,0.629,-0.629,-0.419
1142.38,-83.0,958.0,-175.0,0.28,-0.839,-0.769
1142.56,-77.0,955.0,-177.0,0.56,-0.49,-0.349
1142.74,-81.0,959.0,-175.0,0.28,-0.98,-0.769
1142.92,-76.0,956.0,-176.0,0.419,-0.629,-0.49
1143.1,-84.0,959.0,-174.0,0.56,-0.699,-0.629
1143.29,-74.0,957.0,-174.0,0.209,-0.769,-0.56
1143.47,-82.0,957.0,-176.0,0.699,-0.56,-0.419
1143.65,-79.0,958.0,-175.0,0.419,-0.91,-0.629
1143.83,-83.0,958.0,-176.0,0.49,-0.56,-0.49
1144.2,-79.0,957.0,-177.0,0.419,-0.91,-0.699
1144.2,-79.0,956.0,-177.0,0.629,-0.419,-0.349
1144.38,-83.0,958.0,-175.0,0.349,-0.769,-0.699
1144.56,-77.0,956.0,-175.0,0.419,-0.769,-0.56
1144.74,-77.0,955.0,-175.0,0.419,-0.699,-0.349
1144.93,-83.0,959.0,-176.0,0.28,-0.839,-0.629
1145.11,-77.0,957.0,-176.0,0.419,-0.699,-0.49
1145.29,-83.0,959.0,-176.0,0.419,-0.699,-0.629
1145.47,-78.0,956.0,-175.0,0.349,-0.839,-0.629
1145.66,-81.0,959.0,-175.0,0.49,-0.839,-0.49
1145.84,-80.0,957.0,-176.0,0.49,-0.699,-0.49
1146.2,-80.0,956.0,-176.0,0.349,-0.91,-0.56
1146.2,-77.0,957.0,-175.0,0.28,-0.699,-0.56
1146.38,-84.0,957.0,-176.0,0.49,-0.56,-0.419
1146.57,-78.0,956.0,-174.0,0.28,-0.839,-0.769
1146.75,-78.0,957.0,-175.0,0.349,-0.629,-0.49
1146.93,-83.0,959.0,-175.0,0.49,-0.769,-0.699
1147.11,-76.0,957.0,-176.0,0.419,-0.769,-0.629
1147.3,-80.0,957.0,-175.0,0.56,-0.699,-0.49
1147.48,-82.0,957.0,-177.0,0.49,-0.769,-0.56
1147.66,-81.0,957.0,-177.0,0.419,-0.769,-0.699
1147.84,-76.0,956.0,-177.0,0.419,-0.699,-0.419
1148.3,-82.0,959.0,-176.0,0.349,-0.699,-0.49
1148.21,-76.0,955.0,-177.0,0.419,-0.629,-0.49
1148.39,-84.0,958.0,-176.0,0.49,-0.839,-0.629
1148.57,-75.0,956.0,-177.0,0.419,-0.699,-0.49
1148.75,-84.0,958.0,-177.0,0.629,-0.699,-0.49
1148.94,-77.0,956.0,-176.0,0.28,-0.91,-0.699
1149.12,-86.0,958.0,-177.0,0.629,-0.699,-0.49
1149.3,-76.0,955.0,-178.0,0.28,-0.91,-0.699
1149.48,-83.0,957.0,-178.0,0.629,-0.699,-0.49
1149.67,-80.0,957.0,-177.0,0.349,-0.98,-0.769
1149.85,-79.0,956.0,-176.0,0.419,-0.56,-0.419
1150.3,-80.0,957.0,-176.0,0.28,-0.769,-0.629
1150.21,-80.0,958.0,-175.0,0.56,-0.56,-0.49
1150.39,-80.0,957.0,-176.0,0.419,-0.839,-0.629
1150.58,-79.0,957.0,-176.0,0.419,-0.769,-0.56
1150.76,-84.0,957.0,-176.0,0.56,-0.769,-0.49
1152.58,-78.0,953.0,-180.0,0.28,-0.699,-0.49
1152.76,-78.0,957.0,-177.0,0.14,-0.839,-0.629
1152.95,-81.0,958.0,-175.0,0.14,-0.629,-0.349
1153.13,-81.0,959.0,-173.0,0.14,-1.049,-0.769
1153.31,-76.0,958.0,-171.0,0.49,-0.839,-0.349
1153.49,-83.0,960.0,-173.0,0.56,-0.91,-0.699
1153.67,-72.0,955.0,-175.0,0.629,-0.91,-0.49
1153.86,-88.0,960.0,-177.0,0.769,-0.769,-0.629
1154.4,-71.0,947.0,-183.0,0.56,-0.839,-0.419
1154.22,-84.0,962.0,-176.0,0.49,-0.91,-0.91
1154.4,-69.0,948.0,-184.0,0.49,-0.28,-0.14
1154.59,-90.0,962.0,-174.0,0.07,-1.049,-0.98
1154.95,-95.0,966.0,-171.0,0.209,-1.12,-0.98
1155.13,-61.0,952.0,-173.0,0.07,-0.699,-0.28
1155.31,-92.0,964.0,-172.0,0.699,-0.49,-0.49
1155.5,-70.0,954.0,-174.0,0.349,-0.91,-0.56
1155.68,-89.0,961.0,-174.0,0.699,-0.699,-0.49
1155.86,-70.0,951.0,-179.0,0.49,-0.839,-0.56
1156.4,-88.0,959.0,-176.0,0.49,-0.629,-0.629
1156.23,-74.0,950.0,-181.0,0.419,-0.629,-0.49
1156.59,-75.0,953.0,-177.0,0.699,-0.209,0.14
1156.77,-82.0,960.0,-172.0,-0.14,-1.33,-0.98
1156.96,-79.0,959.0,-175.0,0.769,-0.419,-0.14
1157.14,-80.0,957.0,-174.0,0.209,-1.12,-0.839
1157.32,-84.0,959.0,-176.0,0.91,-0.629,-0.419
1157.5,-77.0,957.0,-177.0,0.28,-0.98,-0.839
1157.68,-80.0,955.0,-178.0,0.769,-0.49,-0.349
1157.87,-81.0,956.0,-176.0,0.419,-0.91,-0.839
1158.5,-73.0,955.0,-175.0,0.349,-0.629,-0.419
1158.23,-85.0,958.0,-176.0,0.49,-0.769,-0.699
1158.41,-74.0,956.0,-173.0,0.28,-0.91,-0.629
1158.6,-80.0,958.0,-175.0,0.419,-0.629,-0.419
1158.78,-76.0,958.0,-174.0,0.419,-0.769,-0.629
1158.96,-79.0,957.0,-174.0,0.49,-0.769,-0.49
1159.14,-78.0,956.0,-175.0,0.49,-0.769,-0.49
1159.32,-81.0,957.0,-177.0,0.699,-0.769,-0.56
1159.51,-78.0,956.0,-176.0,0.49,-0.91,-0.769
1159.69,-78.0,955.0,-178.0,0.56,-0.769,-0.49
1159.87,-77.0,957.0,-176.0,0.349,-0.769,-0.629
1160.5,-81.0,955.0,-176.0,0.419,-0.699,-0.419
1160.24,-80.0,960.0,-175.0,0.209,-0.91,-0.839
1160.42,-75.0,954.0,-177.0,0.49,-0.49,-0.28
1160.6,-86.0,959.0,-175.0,0.349,-0.839,-0.769
1160.78,-75.0,956.0,-176.0,0.49,-0.629,-0.49
1160.96,-84.0,959.0,-174.0,0.349,-0.91,-0.629
1161.15,-77.0,953.0,-176.0,0.56,-0.629,-0.49
1161.33,-84.0,960.0,-175.0,0.49,-0.839,-0.629
1161.51,-76.0,955.0,-176.0,0.349,-0.699,-0.49
1161.69,-84.0,956.0,-177.0,0.49,-0.699,-0.56
1161.88,-76.0,956.0,-177.0,0.349,-0.839,-0.629
1162.6,-80.0,957.0,-176.0,0.419,-0.699,-0.49
1162.24,-80.0,956.0,-175.0,0.419,-0.769,-0.629
1162.42,-78.0,957.0,-175.0,0.349,-0.699,-0.419
1162.61,-79.0,957.0,-175.0,0.349,-0.769,-0.56
1162.79,-79.0,958.0,-175.0,0.49,-0.769,-0.56
1162.97,-79.0,957.0,-176.0,0.49,-0.769,-0.629
1163.15,-80.0,958.0,-176.0,0.49,-0.769,-0.629
1163.33,-77.0,956.0,-176.0,0.349,-0.769,-0.49
1163.52,-84.0,957.0,-177.0,0.49,-0.769,-0.56
1163.7,-78.0,957.0,-176.0,0.349,-0.839,-0.699
1163.88,-81.0,957.0,-176.0,0.49,-0.629,-0.56
1164.6,-79.0,958.0,-175.0,0.349,-0.839,-0.629
1164.25,-80.0,957.0,-175.0,0.419,-0.769,-0.49
1164.43,-82.0,959.0,-175.0,0.419,-0.91,-0.56
1164.61,-77.0,956.0,-176.0,0.419,-0.839,-0.419
1164.79,-83.0,958.0,-177.0,0.56,-0.699,-0.49
1164.97,-80.0,958.0,-176.0,0.349,-0.839,-0.699
1165.16,-78.0,958.0,-176.0,0.419,-0.629,-0.49
1165.34,-80.0,956.0,-176.0,0.349,-0.769,-0.56
1165.52,-83.0,958.0,-176.0,0.419,-0.769,-0.56
1165.7,-75.0,957.0,-175.0,0.209,-0.839,-0.629
1165.89,-82.0,957.0,-176.0,0.56,-0.49,-0.349
1166.7,-78.0,957.0,-176.0,0.349,-0.91,-0.629
1166.25,-78.0,957.0,-176.0,0.419,-0.699,-0.419
1166.43,-80.0,956.0,-175.0,0.419,-0.699,-0.49
1166.61,-82.0,958.0,-176.0,0.419,-0.769,-0.629
1166.8,-78.0,956.0,-176.0,0.349,-0.839,-0.629
1166.98,-79.0,957.0,-176.0,0.419,-0.769,-0.629
1168.7,-80.0,957.0,-175.0,0.419,-0.699,-0.49
1168.26,-81.0,956.0,-175.0,0.419,-0.839,-0.56
1168.44,-80.0,956.0,-175.0,0.349,-0.699,-0.56
1168.62,-81.0,957.0,-176.0,0.49,-0.699,-0.56
1168.8,-80.0,958.0,-176.0,0.349,-0.839,-0.629
1168.98,-80.0,958.0,-177.0,0.419,-0.699,-0.56
1169.17,-81.0,956.0,-176.0,0.349,-0.699,-0.49
1169.35,-82.0,959.0,-177.0,0.49,-0.769,-0.629
1169.53,-80.0,958.0,-176.0,0.419,-0.699,-0.56
1169.71,-81.0,958.0,-175.0,0.419,-0.769,-0.629
1169.9,-79.0,957.0,-177.0,0.49,-0.769,-0.49
1170.8,-81.0,958.0,-176.0,0.349,-0.699,-0.56
1170.26,-80.0,957.0,-176.0,0.49,-0.769,-0.56
1170.44,-80.0,958.0,-176.0,0.419,-0.769,-0.56
1170.62,-81.0,957.0,-176.0,0.419,-0.769,-0.56
1170.81,-79.0,957.0,-175.0,0.349,-0.769,-0.56
1170.99,-80.0,957.0,-176.0,0.349,-0.699,-0.49
1171.17,-82.0,957.0,-176.0,0.349,-0.769,-0.629
1171.35,-78.0,957.0,-176.0,0.349,-0.769,-0.56
1171.54,-83.0,958.0,-176.0,0.49,-0.56,-0.419
1171.72,-83.0,959.0,-176.0,0.419,-0.839,-0.839
1171.9,-77.0,957.0,-177.0,0.49,-0.629,-0.49
1172.8,-84.0,958.0,-175.0,0.349,-0.769,-0.56
1172.26,-78.0,956.0,-176.0,0.419,-0.769,-0.56
1172.45,-81.0,958.0,-176.0,0.419,-0.699,-0.49
1172.63,-79.0,958.0,-176.0,0.349,-0.769,-0.56
1172.81,-80.0,958.0,-175.0,0.419,-0.699,-0.56
1172.99,-79.0,956.0,-176.0,0.49,-0.699,-0.629
1173.18,-81.0,957.0,-175.0,0.419,-0.699,-0.56
1173.36,-80.0,958.0,-175.0,0.28,-0.769,-0.629
1173.54,-82.0,957.0,-177.0,0.419,-0.769,-0.629
1173.72,-80.0,958.0,-177.0,0.419,-0.769,-0.56
1173.9,-80.0,957.0,-175.0,0.56,-0.769,-0.56
1174.9,-79.0,956.0,-177.0,0.419,-0.769,-0.49
1174.27,-79.0,957.0,-177.0,0.419,-0.699,-0.56
1174.45,-80.0,956.0,-177.0,0.419,-0.699,-0.49
1174.63,-80.0,957.0,-176.0,0.419,-0.769,-0.56
1174.82,-79.0,958.0,-176.0,0.349,-0.629,-0.56
1175.0,-81.0,957.0,-177.0,0.349,-0.699,-0.56
1175.18,-78.0,958.0,-175.0,0.349,-0.839,-0.56
1175.36,-79.0,957.0,-176.0,0.49,-0.629,-0.56
1175.55,-82.0,958.0,-176.0,0.419,-0.91,-0.56
1175.73,-78.0,958.0,-176.0,0.49,-0.839,-0.56
1175.91,-80.0,957.0,-177.0,0.419,-0.839,-0.56
1176.9,-80.0,956.0,-177.0,0.419,-0.839,-0.629
1176.27,-81.0,957.0,-176.0,0.419,-0.699,-0.56
1176.46,-82.0,956.0,-176.0,0.419,-0.769,-0.56
1176.64,-80.0,958.0,-176.0,0.419,-0.769,-0.629
1176.82,-80.0,958.0,-176.0,0.49,-0.699,-0.419
1177.0,-80.0,958.0,-177.0,0.419,-0.839,-0.699
1177.19,-78.0,956.0,-177.0,0.419,-0.629,-0.419
1177.37,-83.0,958.0,-176.0,0.49,-0.769,-0.56
1177.55,-78.0,957.0,-176.0,0.56,-0.699,-0.56
1177.73,-81.0,958.0,-176.0,0.56,-0.769,-0.49
1177.91,-79.0,958.0,-176.0,0.49,-0.769,-0.629
1178.1,-80.0,957.0,-176.0,0.419,-0.699,-0.49
1178.28,-81.0,957.0,-175.0,0.419,-0.769,-0.56
1178.46,-80.0,957.0,-176.0,0.419,-0.699,-0.56
1178.64,-82.0,958.0,-175.0,0.349,-0.769,-0.56
1178.83,-78.0,957.0,-176.0,0.49,-0.769,-0.49
1179.1,-80.0,958.0,-175.0,0.419,-0.699,-0.49
1179.19,-82.0,957.0,-176.0,0.419,-0.769,-0.56
1179.37,-80.0,957.0,-176.0,0.419,-0.839,-0.699
1179.55,-78.0,957.0,-176.0,0.419,-0.699,-0.419
1179.74,-82.0,957.0,-175.0,0.419,-0.629,-0.56
1179.92,-80.0,958.0,-176.0,0.349,-0.699,-0.56
1180.1,-81.0,957.0,-175.0,0.419,-0.629,-0.49
1180.28,-81.0,958.0,-175.0,0.49,-0.699,-0.56
1180.47,-80.0,958.0,-175.0,0.419,-0.91,-0.699
1180.65,-77.0,957.0,-176.0,0.419,-0.629,-0.349
1180.83,-82.0,957.0,-176.0,0.349,-0.769,-0.49
1181.1,-81.0,957.0,-177.0,0.49,-0.699,-0.56
1181.19,-80.0,957.0,-175.0,0.419,-0.769,-0.629
1181.38,-80.0,956.0,-176.0,0.419,-0.629,-0.49
1181.56,-81.0,958.0,-175.0,0.419,-0.769,-0.56
1181.74,-78.0,957.0,-176.0,0.349,-0.699,-0.56
1181.92,-83.0,958.0,-175.0,0.56,-0.699,-0.49
1182.11,-79.0,957.0,-175.0,0.28,-0.839,-0.629
1182.29,-81.0,958.0,-175.0,0.49,-0.629,-0.419
1182.47,-80.0,958.0,-175.0,0.419,-0.839,-0.629
1182.65,-79.0,957.0,-176.0,0.49,-0.629,-0.419
1182.84,-80.0,957.0,-176.0,0.49,-0.699,-0.49
1183.2,-81.0,958.0,-176.0,0.419,-0.699,-0.56
1183.2,-79.0,957.0,-176.0,0.349,-0.839,-0.56
1183.38,-78.0,956.0,-175.0,0.419,-0.629,-0.49
1183.56,-80.0,958.0,-175.0,0.419,-0.769,-0.629
1183.75,-78.0,957.0,-176.0,0.419,-0.699,-0.419
1183.93,-80.0,958.0,-176.0,0.419,-0.629,-0.49
1184.11,-79.0,957.0,-176.0,0.349,-0.699,-0.419
1184.29,-81.0,958.0,-177.0,0.49,-0.839,-0.56
1184.48,-78.0,957.0,-176.0,0.419,-0.699,-0.49
1184.66,-82.0,958.0,-176.0,0.419,-0.699,-0.56
1184.84,-79.0,957.0,-176.0,0.419,-0.699,-0.56
1185.2,-80.0,957.0,-177.0,0.49,-0.629,-0.56
1185.2,-80.0,957.0,-176.0,0.349,-0.769,-0.56
1185.39,-80.0,957.0,-176.0,0.419,-0.769,-0.56
1185.57,-79.0,957.0,-176.0,0.49,-0.769,-0.56
1185.75,-80.0,957.0,-176.0,0.349,-0.699,-0.56
1185.93,-80.0,957.0,-176.0,0.419,-0.769,-0.56
1186.12,-80.0,957.0,-175.0,0.49,-0.699,-0.56
1186.3,-80.0,958.0,-176.0,0.49,-0.769,-0.49
1186.48,-79.0,956.0,-176.0,0.419,-0.769,-0.49
1186.66,-80.0,958.0,-176.0,0.419,-0.769,-0.56
1186.84,-79.0,957.0,-175.0,0.419,-0.769,-0.56
1187.3,-79.0,958.0,-176.0,0.419,-0.629,-0.49
1187.21,-80.0,958.0,-176.0,0.349,-0.839,-0.49
1187.39,-80.0,958.0,-176.0,0.419,-0.699,-0.56
1187.57,-79.0,957.0,-175.0,0.419,-0.769,-0.56
1187.76,-80.0,958.0,-176.0,0.419,-0.699,-0.49
1187.94,-77.0,956.0,-175.0,0.349,-0.839,-0.56
1188.12,-80.0,957.0,-176.0,0.49,-0.699,-0.419
1188.3,-79.0,958.0,-176.0,0.349,-0.769,-0.629
1188.49,-80.0,957.0,-177.0,0.419,-0.699,-0.56
1188.67,-82.0,958.0,-176.0,0.49,-0.769,-0.629
1188.85,-79.0,957.0,-176.0,0.419,-0.699,-0.49
1189.3,-81.0,956.0,-177.0,0.419,-0.699,-0.56
1189.21,-79.0,957.0,-176.0,0.49,-0.769,-0.56
1189.4,-80.0,957.0,-176.0,0.419,-0.769,-0.49
1189.58,-79.0,957.0,-175.0,0.419,-0.769,-0.56
1189.76,-79.0,957.0,-175.0,0.49,-0.699,-0.49
1189.94,-80.0,956.0,-176.0,0.419,-0.699,-0.49
1190.13,-81.0,957.0,-175.0,0.419,-0.769,-0.56
1190.31,-80.0,956.0,-175.0,0.349,-0.769,-0.56
1190.49,-80.0,957.0,-175.0,0.419,-0.699,-0.56
1194.32,-80.0,958.0,-174.0,0.419,-0.769,-0.56
1194.5,-79.0,957.0,-176.0,0.419,-0.699,-0.56
1194.68,-80.0,958.0,-175.0,0.49,-0.769,-0.56
1194.87,-79.0,958.0,-175.0,0.349,-0.769,-0.629
1195.5,-78.0,957.0,-175.0,0.49,-0.699,-0.49
1195.23,-79.0,958.0,-173.0,0.419,-0.839,-0.629
1195.41,-80.0,957.0,-176.0,0.629,-0.699,-0.49
1195.59,-81.0,957.0,-176.0,0.419,-0.769,-0.56
1195.78,-80.0,957.0,-176.0,0.419,-0.699,-0.629
1195.96,-79.0,956.0,-176.0,0.419,-0.699,-0.49
1196.14,-80.0,956.0,-176.0,0.49,-0.769,-0.56
1196.32,-80.0,958.0,-176.0,0.419,-0.769,-0.56
1196.51,-79.0,957.0,-177.0,0.349,-0.699,-0.56
1196.69,-80.0,958.0,-176.0,0.349,-0.769,-0.56
1196.87,-78.0,956.0,-176.0,0.49,-0.699,-0.49
1197.5,-82.0,956.0,-176.0,0.49,-0.699,-0.49
1197.24,-77.0,957.0,-176.0,0.419,-0.839,-0.699
1197.42,-78.0,957.0,-177.0,0.419,-0.699,-0.49
1197.6,-81.0,958.0,-177.0,0.419,-0.769,-0.56
1197.78,-79.0,957.0,-177.0,0.419,-0.699,-0.56
1197.96,-80.0,957.0,-176.0,0.349,-0.769,-0.56
1198.15,-80.0,958.0,-176.0,0.49,-0.769,-0.56
1198.33,-77.0,957.0,-176.0,0.28,-0.769,-0.49
1198.51,-81.0,956.0,-176.0,0.56,-0.699,-0.49
1198.69,-79.0,959.0,-175.0,0.419,-0.839,-0.699
1198.88,-78.0,956.0,-176.0,0.419,-0.629,-0.49
1199.6,-82.0,957.0,-177.0,0.419,-0.839,-0.629
1199.24,-78.0,957.0,-176.0,0.49,-0.699,-0.56
1199.42,-78.0,957.0,-177.0,0.28,-0.769,-0.629
1199.6,-79.0,957.0,-176.0,0.49,-0.769,-0.56
1199.79,-78.0,958.0,-175.0,0.28,-0.769,-0.56
1199.97,-80.0,956.0,-176.0,0.49,-0.56,-0.49
1200.15,-80.0,958.0,-175.0,0.349,-0.839,-0.629
1200.33,-81.0,957.0,-176.0,0.49,-0.699,-0.49
1200.52,-79.0,956.0,-176.0,0.349,-0.839,-0.56
1200.7,-80.0,957.0,-177.0,0.56,-0.56,-0.49
1200.88,-80.0,958.0,-176.0,0.349,-0.839,-0.629
1201.6,-78.0,956.0,-177.0,0.419,-0.699,-0.419
1204.34,-81.0,958.0,-175.0,0.419,-0.769,-0.699
1204.53,-78.0,956.0,-177.0,0.56,-0.699,-0.49
1204.71,-81.0,959.0,-175.0,0.349,-0.839,-0.629
1204.89,-75.0,955.0,-177.0,0.419,-0.629,-0.419
1205.7,-85.0,961.0,-175.0,0.419,-0.769,-0.699
1205.26,-74.0,955.0,-177.0,0.349,-0.629,-0.419
1205.44,-84.0,960.0,-175.0,0.49,-0.769,-0.629
1205.62,-76.0,955.0,-177.0,0.349,-0.839,-0.629
1205.8,-82.0,958.0,-177.0,0.49,-0.699,-0.49
1205.98,-79.0,958.0,-176.0,0.419,-0.839,-0.629
1206.17,-80.0,958.0,-177.0,0.56,-0.629,-0.419
1206.35,-80.0,958.0,-175.0,0.349,-0.91,-0.629
1206.53,-78.0,955.0,-176.0,0.49,-0.56,-0.419
1206.71,-82.0,959.0,-177.0,0.419,-0.839,-0.629
1206.9,-76.0,956.0,-176.0,0.349,-0.699,-0.49
1207.8,-84.0,960.0,-176.0,0.419,-0.769,-0.629
1207.26,-75.0,956.0,-177.0,0.419,-0.699,-0.49
1207.44,-79.0,957.0,-177.0,0.49,-0.699,-0.419
1207.63,-80.0,958.0,-175.0,0.349,-0.769,-0.56
1207.81,-82.0,957.0,-176.0,0.419,-0.699,-0.49
1207.99,-79.0,958.0,-176.0,0.419,-0.91,-0.629
1208.17,-78.0,957.0,-177.0,0.49,-0.629,-0.49
1208.35,-81.0,958.0,-177.0,0.419,-0.769,-0.629
1208.54,-77.0,955.0,-178.0,0.49,-0.699,-0.419
1208.72,-81.0,960.0,-175.0,0.419,-0.839,-0.629
1208.9,-77.0,956.0,-176.0,0.419,-0.699,-0.49
1209.8,-82.0,960.0,-175.0,0.49,-0.839,-0.629
1209.27,-76.0,956.0,-176.0,0.419,-0.839,-0.419
1209.45,-83.0,958.0,-176.0,0.419,-0.769,-0.56
1209.63,-78.0,958.0,-175.0,0.49,-0.629,-0.56
1209.81,-82.0,956.0,-177.0,0.56,-0.629,-0.49
1209.99,-80.0,957.0,-176.0,0.349,-0.769,-0.629
1210.18,-78.0,956.0,-176.0,0.419,-0.699,-0.49
1210.36,-79.0,957.0,-176.0,0.419,-0.769,-0.629
1210.54,-80.0,958.0,-177.0,0.49,-0.699,-0.49
1210.72,-80.0,958.0,-176.0,0.349,-0.769,-0.629
1210.91,-80.0,956.0,-177.0,0.419,-0.699,-0.56
1211.9,-81.0,958.0,-176.0,0.349,-0.769,-0.699
1211.27,-77.0,957.0,-176.0,0.419,-0.629,-0.49
1211.45,-80.0,958.0,-176.0,0.349,-0.699,-0.56
1211.64,-79.0,956.0,-176.0,0.419,-0.699,-0.49
1211.82,-81.0,958.0,-175.0,0.419,-0.769,-0.629
1212.0,-77.0,956.0,-176.0,0.419,-0.699,-0.49
1212.18,-83.0,958.0,-175.0,0.49,-0.699,-0.629
1212.36,-78.0,955.0,-176.0,0.349,-0.769,-0.56
1212.55,-82.0,958.0,-176.0,0.419,-0.699,-0.49
1212.73,-77.0,957.0,-176.0,0.419,-0.769,-0.56
1212.91,-81.0,959.0,-175.0,0.419,-0.769,-0.56
1213.9,-76.0,956.0,-176.0,0.349,-0.769,-0.56
1213.28,-82.0,958.0,-176.0,0.56,-0.699,-0.49
1213.46,-79.0,957.0,-176.0,0.28,-0.769,-0.629
1213.64,-80.0,958.0,-176.0,0.49,-0.699,-0.56
1213.82,-82.0,958.0,-175.0,0.419,-0.769,-0.629
1214.1,-79.0,958.0,-176.0,0.419,-0.839,-0.629
1214.19,-79.0,955.0,-177.0,0.49,-0.629,-0.349
1214.37,-84.0,960.0,-175.0,0.56,-0.91,-0.629
1214.55,-74.0,955.0,-175.0,0.349,-0.629,-0.49
1214.73,-84.0,958.0,-175.0,0.49,-0.769,-0.49
1214.92,-75.0,955.0,-176.0,0.349,-0.769,-0.49
1218.93,-84.0,957.0,-177.0,0.629,-0.629,-0.419
1219.11,-78.0,958.0,-175.0,0.28,-0.839,-0.629
1219.29,-79.0,956.0,-177.0,0.49,-0.56,-0.28
1219.47,-81.0,958.0,-177.0,0.349,-0.839,-0.629
1219.66,-77.0,957.0,-176.0,0.49,-0.699,-0.349
1219.84,-82.0,958.0,-175.0,0.349,-0.839,-0.629
1220.2,-75.0,957.0,-176.0,0.49,-0.629,-0.419
1220.2,-82.0,959.0,-176.0,0.419,-0.699,-0.49
1220.38,-78.0,957.0,-176.0,0.349,-0.91,-0.629
1220.57,-76.0,957.0,-177.0,0.49,-0.629,-0.419
1220.75,-80.0,958.0,-175.0,0.419,-0.839,-0.56
1220.93,-78.0,957.0,-176.0,0.419,-0.699,-0.419
1221.11,-80.0,958.0,-176.0,0.419,-0.699,-0.56
1221.3,-77.0,956.0,-175.0,0.349,-0.699,-0.49
1221.48,-81.0,958.0,-174.0,0.419,-0.769,-0.56
1221.66,-79.0,958.0,-175.0,0.28,-0.839,-0.629
1221.84,-80.0,958.0,-176.0,0.49,-0.699,-0.49
1222.3,-81.0,957.0,-175.0,0.349,-0.769,-0.629
1222.21,-79.0,957.0,-175.0,0.49,-0.769,-0.49
1222.39,-82.0,957.0,-176.0,0.349,-0.839,-0.56
1222.57,-77.0,957.0,-175.0,0.419,-0.769,-0.49
1222.75,-81.0,957.0,-176.0,0.49,-0.699,-0.56
1222.94,-78.0,955.0,-176.0,0.349,-0.769,-0.56
1223.12,-80.0,958.0,-176.0,0.419,-0.769,-0.419
1223.3,-78.0,957.0,-176.0,0.419,-0.839,-0.629
1223.48,-80.0,957.0,-176.0,0.419,-0.629,-0.49
1223.67,-79.0,957.0,-176.0,0.28,-0.839,-0.629
1223.85,-80.0,957.0,-174.0,0.49,-0.699,-0.49
1224.3,-82.0,957.0,-176.0,0.49,-0.839,-0.49
1224.21,-79.0,958.0,-175.0,0.349,-0.839,-0.56
1224.39,-80.0,957.0,-176.0,0.419,-0.699,-0.56
1224.58,-80.0,957.0,-175.0,0.349,-0.769,-0.56
1224.76,-81.0,957.0,-176.0,0.49,-0.699,-0.49
1224.94,-82.0,959.0,-175.0,0.419,-0.839,-0.699
1225.12,-77.0,956.0,-177.0,0.419,-0.699,-0.49
1225.31,-83.0,958.0,-176.0,0.56,-0.769,-0.49
1225.49,-78.0,958.0,-175.0,0.349,-0.839,-0.56
1225.67,-79.0,957.0,-176.0,0.49,-0.629,-0.419
1225.85,-77.0,956.0,-177.0,0.28,-0.839,-0.56
1226.3,-81.0,958.0,-175.0,0.49,-0.699,-0.419
1226.22,-76.0,957.0,-175.0,0.28,-0.839,-0.629
1226.4,-81.0,957.0,-176.0,0.49,-0.629,-0.349
1226.58,-79.0,958.0,-175.0,0.349,-0.91,-0.769
1226.76,-78.0,955.0,-177.0,0.629,-0.629,-0.349
1228.4,-80.0,957.0,-176.0,0.49,-0.699,-0.56
1228.59,-80.0,957.0,-176.0,0.49,-0.839,-0.629
1228.77,-80.0,957.0,-176.0,0.419,-0.629,-0.49
1228.95,-80.0,957.0,-177.0,0.419,-0.699,-0.56
1229.13,-79.0,958.0,-177.0,0.49,-0.629,-0.56
1229.32,-79.0,957.0,-176.0,0.419,-0.769,-0.629
1229.5,-78.0,957.0,-176.0,0.419,-0.629,-0.419
1229.68,-81.0,958.0,-175.0,0.349,-0.769,-0.56
1229.86,-77.0,955.0,-176.0,0.419,-0.699,-0.49
1230.4,-81.0,959.0,-174.0,0.49,-0.769,-0.56
1230.23,-78.0,958.0,-175.0,0.349,-0.699,-0.56
1230.41,-78.0,957.0,-175.0,0.49,-0.699,-0.49
1230.59,-79.0,957.0,-176.0,0.49,-0.699,-0.419
1230.77,-80.0,957.0,-175.0,0.419,-0.769,-0.56
1230.96,-82.0,957.0,-175.0,0.49,-0.699,-0.56
1231.14,-78.0,957.0,-176.0,0.349,-0.91,-0.699
1231.32,-78.0,957.0,-174.0,0.49,-0.699,-0.419
1231.5,-79.0,957.0,-175.0,0.28,-0.769,-0.629
1231.68,-80.0,957.0,-176.0,0.49,-0.629,-0.49
1231.87,-81.0,958.0,-174.0,0.49,-0.839,-0.699
1232.5,-78.0,957.0,-175.0,0.56,-0.699,-0.629
1232.23,-80.0,956.0,-176.0,0.419,-0.699,-0.56
1232.41,-81.0,957.0,-176.0,0.419,-0.839,-0.629
1232.6,-76.0,956.0,-176.0,0.349,-0.699,-0.56
1232.78,-81.0,957.0,-175.0,0.49,-0.699,-0.49
1232.96,-79.0,958.0,-176.0,0.28,-0.769,-0.56
1233.14,-79.0,956.0,-175.0,0.419,-0.699,-0.419
1233.33,-83.0,959.0,-174.0,0.419,-0.91,-0.629
1233.51,-78.0,957.0,-175.0,0.419,-0.699,-0.56
1233.69,-81.0,957.0,-176.0,0.49,-0.699,-0.49
1233.87,-82.0,958.0,-175.0,0.49,-0.839,-0.629
1234.5,-78.0,957.0,-175.0,0.419,-0.629,-0.49
1234.24,-82.0,958.0,-175.0,0.49,-0.769,-0.49
1234.42,-79.0,957.0,-176.0,0.349,-0.769,-0.56
1234.6,-80.0,957.0,-176.0,0.419,-0.699,-0.56
1234.78,-78.0,957.0,-176.0,0.349,-0.839,-0.56
1234.97,-81.0,957.0,-175.0,0.49,-0.699,-0.419
1235.15,-81.0,957.0,-175.0,0.349,-0.839,-0.629
1235.33,-78.0,955.0,-177.0,0.419,-0.699,-0.419
1235.51,-83.0,958.0,-176.0,0.56,-0.769,-0.629
1235.69,-77.0,956.0,-177.0,0.419,-0.839,-0.56
1235.88,-81.0,957.0,-176.0,0.49,-0.629,-0.419
1238.6,-80.0,957.0,-177.0,0.419,-0.699,-0.56
1238.25,-81.0,958.0,-177.0,0.419,-0.769,-0.56
1238.43,-80.0,957.0,-177.0,0.419,-0.769,-0.56
1238.61,-79.0,957.0,-177.0,0.419,-0.839,-0.56
1238.79,-81.0,958.0,-177.0,0.419,-0.699,-0.56
1238.98,-78.0,957.0,-176.0,0.28,-0.769,-0.56
1239.16,-80.0,957.0,-176.0,0.49,-0.699,-0.49
1239.34,-80.0,957.0,-176.0,0.419,-0.769,-0.629
1239.52,-78.0,956.0,-176.0,0.419,-0.699,-0.49
1239.7,-80.0,957.0,-176.0,0.49,-0.699,-0.56
1239.89,-81.0,957.0,-175.0,0.419,-0.769,-0.56
1240.7,-80.0,956.0,-176.0,0.349,-0.699,-0.56
1240.25,-80.0,959.0,-175.0,0.419,-0.769,-0.56
1240.43,-80.0,956.0,-176.0,0.49,-0.699,-0.56
1240.62,-80.0,958.0,-176.0,0.419,-0.769,-0.56
1240.8,-79.0,956.0,-175.0,0.49,-0.699,-0.56
1240.98,-80.0,957.0,-176.0,0.349,-0.769,-0.56
1241.16,-79.0,956.0,-177.0,0.419,-0.769,-0.49
1241.35,-80.0,958.0,-177.0,0.49,-0.699,-0.56
1241.53,-79.0,957.0,-176.0,0.349,-0.769,-0.56
1241.71,-79.0,957.0,-176.0,0.419,-0.699,-0.56
1241.89,-80.0,957.0,-176.0,0.419,-0.769,-0.49
1242.7,-80.0,958.0,-175.0,0.49,-0.769,-0.56
1242.26,-80.0,957.0,-176.0,0.419,-0.699,-0.49
1242.44,-80.0,958.0,-175.0,0.49,-0.699,-0.629
1242.62,-79.0,957.0,-175.0,0.419,-0.769,-0.56
1244.26,-79.0,957.0,-177.0,0.49,-0.839,-0.56
1244.44,-80.0,957.0,-175.0,0.419,-0.699,-0.56
1244.63,-80.0,957.0,-175.0,0.419,-0.699,-0.56
1244.81,-79.0,958.0,-175.0,0.349,-0.699,-0.49
1244.99,-79.0,957.0,-176.0,0.419,-0.699,-0.49
1245.17,-79.0,957.0,-176.0,0.419,-0.839,-0.56
1245.36,-80.0,958.0,-176.0,0.349,-0.699,-0.56
1245.54,-79.0,957.0,-176.0,0.49,-0.769,-0.56
1245.72,-80.0,957.0,-176.0,0.49,-0.699,-0.49
1245.9,-78.0,956.0,-176.0,0.419,-0.769,-0.629
1246.8,-81.0,957.0,-177.0,0.419,-0.699,-0.49
1246.27,-78.0,957.0,-176.0,0.419,-0.699,-0.56
1246.45,-79.0,957.0,-176.0,0.419,-0.699,-0.56
1246.63,-79.0,957.0,-175.0,0.419,-0.769,-0.56
1246.81,-79.0,957.0,-176.0,0.349,-0.699,-0.56
1247.0,-79.0,958.0,-176.0,0.49,-0.769,-0.629
1248.27,-81.0,958.0,-176.0,0.419,-0.839,-0.56
1248.45,-78.0,957.0,-176.0,0.419,-0.769,-0.56
1248.64,-80.0,958.0,-176.0,0.419,-0.769,-0.56
1248.82,-78.0,956.0,-176.0,0.349,-0.769,-0.56
1249.0,-82.0,958.0,-176.0,0.419,-0.769,-0.56
1249.18,-79.0,957.0,-176.0,0.419,-0.699,-0.629
1249.37,-80.0,958.0,-175.0,0.49,-0.699,-0.49
1249.55,-79.0,958.0,-176.0,0.349,-0.839,-0.56
1249.73,-79.0,958.0,-176.0,0.419,-0.769,-0.56
1249.91,-80.0,957.0,-175.0,0.349,-0.769,-0.49
1250.9,-80.0,956.0,-176.0,0.419,-0.769,-0.56
1250.28,-80.0,957.0,-176.0,0.419,-0.699,-0.629
1250.46,-80.0,957.0,-176.0,0.49,-0.699,-0.56
1250.64,-79.0,957.0,-176.0,0.419,-0.769,-0.56
1250.82,-81.0,958.0,-176.0,0.419,-0.769,-0.56
1251.1,-79.0,958.0,-177.0,0.349,-0.769,-0.699
1251.19,-80.0,957.0,-176.0,0.419,-0.699,-0.56
1251.37,-80.0,957.0,-177.0,0.419,-0.839,-0.56
1251.55,-79.0,958.0,-176.0,0.49,-0.769,-0.56
1251.73,-79.0,957.0,-177.0,0.419,-0.699,-0.49
1251.92,-80.0,957.0,-176.0,0.419,-0.699,-0.49
1252.1,-79.0,956.0,-176.0,0.419,-0.769,-0.56
1252.28,-81.0,957.0,-175.0,0.419,-0.699,-0.629
1252.46,-79.0,957.0,-176.0,0.349,-0.769,-0.629
1252.65,-79.0,957.0,-176.0,0.419,-0.769,-0.49
1252.83,-79.0,958.0,-176.0,0.419,-0.769,-0.699
1253.1,-80.0,957.0,-175.0,0.49,-0.699,-0.49
1253.19,-80.0,957.0,-176.0,0.419,-0.769,-0.56
1253.37,-79.0,957.0,-176.0,0.419,-0.769,-0.56
1253.56,-80.0,958.0,-176.0,0.349,-0.769,-0.49
1253.74,-79.0,957.0,-175.0,0.349,-0.769,-0.49
1253.92,-81.0,958.0,-175.0,0.419,-0.699,-0.56
1254.1,-79.0,958.0,-176.0,0.419,-0.769,-0.56
1254.29,-80.0,958.0,-177.0,0.49,-0.769,-0.56
1254.47,-81.0,957.0,-176.0,0.419,-0.699,-0.56
1254.65,-80.0,958.0,-176.0,0.419,-0.769,-0.629
1254.83,-79.0,957.0,-176.0,0.49,-0.629,-0.419
1255.2,-81.0,958.0,-175.0,0.349,-0.769,-0.56
1255.2,-80.0,958.0,-175.0,0.49,-0.699,-0.629
1255.38,-79.0,957.0,-176.0,0.419,-0.769,-0.49
1255.56,-81.0,957.0,-175.0,0.419,-0.769,-0.49
1255.74,-80.0,957.0,-175.0,0.56,-0.839,-0.56
1255.93,-79.0,956.0,-175.0,0.49,-0.699,-0.49
1256.11,-79.0,957.0,-177.0,0.419,-0.699,-0.56
1256.29,-79.0,957.0,-177.0,0.419,-0.699,-0.629
1256.47,-81.0,958.0,-176.0,0.49,-0.769,-0.56
1256.66,-77.0,957.0,-176.0,0.419,-0.769,-0.56
1256.84,-81.0,957.0,-176.0,0.49,-0.699,-0.49
1257.2,-79.0,958.0,-177.0,0.419,-0.769,-0.56
1257.2,-79.0,957.0,-176.0,0.419,-0.699,-0.49
1257.38,-80.0,957.0,-175.0,0.419,-0.769,-0.629
1257.57,-80.0,957.0,-176.0,0.419,-0.699,-0.49
1257.75,-78.0,957.0,-175.0,0.419,-0.699,-0.56
1257.93,-81.0,957.0,-175.0,0.419,-0.699,-0.56
1258.11,-79.0,956.0,-176.0,0.349,-0.839,-0.56
1258.3,-79.0,957.0,-176.0,0.49,-0.699,-0.49
1258.48,-79.0,957.0,-176.0,0.419,-0.699,-0.49
1258.66,-81.0,957.0,-175.0,0.419,-0.699,-0.56
1258.84,-78.0,956.0,-176.0,0.349,-0.769,-0.629
1259.3,-80.0,958.0,-176.0,0.49,-0.699,-0.49
1259.21,-81.0,957.0,-176.0,0.349,-0.769,-0.699
1259.39,-81.0,958.0,-176.0,0.49,-0.769,-0.629
1259.57,-78.0,958.0,-176.0,0.349,-0.839,-0.629
1259.75,-79.0,956.0,-176.0,0.49,-0.699,-0.49
1259.94,-81.0,958.0,-176.0,0.419,-0.769,-0.56
1260.12,-79.0,958.0,-176.0,0.49,-0.699,-0.629
1260.3,-79.0,955.0,-177.0,0.419,-0.699,-0.49
1260.48,-81.0,958.0,-175.0,0.28,-0.769,-0.629
1260.67,-79.0,956.0,-177.0,0.49,-0.629,-0.49
1264.68,-79.0,957.0,-176.0,0.349,-0.839,-0.629
1264.86,-80.0,957.0,-176.0,0.49,-0.699,-0.49
1265.4,-81.0,958.0,-176.0,0.419,-0.769,-0.629
1265.22,-79.0,957.0,-176.0,0.349,-0.769,-0.49
1265.4,-82.0,958.0,-175.0,0.349,-0.769,-0.629
1265.59,-81.0,958.0,-175.0,0.349,-0.769,-0.56
1265.77,-81.0,958.0,-175.0,0.419,-0.769,-0.56
1265.95,-79.0,957.0,-175.0,0.49,-0.699,-0.49
1266.13,-81.0,958.0,-176.0,0.419,-0.699,-0.49
1266.32,-79.0,958.0,-176.0,0.349,-0.769,-0.49
1266.5,-81.0,957.0,-175.0,0.49,-0.699,-0.49
1266.68,-80.0,958.0,-175.0,0.349,-0.699,-0.56
1266.86,-81.0,957.0,-175.0,0.349,-0.699,-0.49
1267.4,-80.0,957.0,-175.0,0.419,-0.769,-0.56
1267.23,-78.0,957.0,-175.0,0.419,-0.699,-0.56
1267.41,-81.0,957.0,-176.0,0.49,-0.629,-0.56
1267.59,-81.0,957.0,-175.0,0.419,-0.769,-0.56
1267.77,-80.0,956.0,-176.0,0.419,-0.699,-0.49
1267.96,-82.0,958.0,-176.0,0.349,-0.699,-0.56
1268.14,-82.0,957.0,-176.0,0.419,-0.629,-0.56
1268.32,-82.0,957.0,-174.0,0.349,-0.769,-0.56
1268.5,-81.0,957.0,-175.0,0.419,-0.699,-0.56
1268.68,-81.0,958.0,-175.0,0.419,-0.769,-0.56
1268.87,-79.0,957.0,-175.0,0.49,-0.839,-0.49
1272.88,-79.0,956.0,-176.0,0.49,-0.699,-0.419
1273.6,-84.0,958.0,-175.0,0.419,-0.769,-0.629
1273.24,-78.0,956.0,-175.0,0.349,-0.699,-0.56
1273.42,-81.0,958.0,-175.0,0.419,-0.769,-0.49
1273.6,-79.0,957.0,-175.0,0.419,-0.699,-0.49
1273.79,-80.0,957.0,-175.0,0.419,-0.769,-0.56
1273.97,-79.0,957.0,-176.0,0.49,-0.699,-0.56
1274.15,-80.0,957.0,-176.0,0.49,-0.769,-0.56
1274.33,-79.0,956.0,-176.0,0.419,-0.769,-0.629
1274.52,-80.0,957.0,-176.0,0.419,-0.769,-0.56
1274.7,-80.0,957.0,-175.0,0.49,-0.699,-0.56
1274.88,-80.0,957.0,-176.0,0.349,-0.769,-0.56
1275.6,-81.0,957.0,-176.0,0.56,-0.839,-0.56
1275.24,-78.0,958.0,-176.0,0.349,-0.769,-0.629
1275.43,-80.0,956.0,-176.0,0.419,-0.699,-0.49
1275.61,-83.0,957.0,-176.0,0.419,-0.769,-0.629
1275.79,-78.0,956.0,-176.0,0.419,-0.769,-0.56
1275.97,-81.0,957.0,-176.0,0.419,-0.699,-0.49
1276.16,-79.0,957.0,-175.0,0.419,-0.769,-0.629
1276.34,-81.0,956.0,-175.0,0.419,-0.769,-0.56
1276.52,-79.0,957.0,-175.0,0.49,-0.769,-0.56
1276.7,-79.0,958.0,-176.0,0.419,-0.839,-0.629
1276.88,-79.0,957.0,-177.0,0.419,-0.699,-0.56
1277.7,-80.0,957.0,-178.0,0.419,-0.699,-0.56
1277.25,-79.0,958.0,-174.0,0.349,-0.769,-0.56
1277.43,-80.0,957.0,-176.0,0.49,-0.699,-0.49
1277.61,-78.0,957.0,-176.0,0.419,-0.839,-0.56
1277.8,-82.0,957.0,-176.0,0.49,-0.699,-0.56
1277.98,-79.0,958.0,-177.0,0.419,-0.91,-0.629
1278.16,-78.0,957.0,-176.0,0.419,-0.699,-0.49
1278.34,-82.0,958.0,-177.0,0.349,-0.769,-0.629
1278.53,-79.0,957.0,-175.0,0.349,-0.699,-0.56
1278.71,-80.0,958.0,-176.0,0.419,-0.769,-0.49
1278.89,-78.0,957.0,-175.0,0.28,-0.839,-0.56
1279.7,-80.0,957.0,-176.0,0.419,-0.699,-0.56
1283.8,-81.0,959.0,-175.0,0.419,-0.839,-0.56
1283.26,-78.0,957.0,-176.0,0.419,-0.769,-0.56
1283.45,-81.0,957.0,-176.0,0.419,-0.839,-0.56
1283.63,-80.0,957.0,-176.0,0.419,-0.699,-0.56
1283.81,-79.0,957.0,-175.0,0.419,-0.699,-0.56
1283.99,-80.0,959.0,-175.0,0.419,-0.769,-0.56
1284.17,-79.0,958.0,-175.0,0.419,-0.699,-0.49
1284.36,-80.0,958.0,-175.0,0.419,-0.769,-0.629
1284.54,-79.0,956.0,-175.0,0.49,-0.839,-0.56
1284.72,-80.0,957.0,-175.0,0.49,-0.699,-0.56
1284.9,-79.0,957.0,-175.0,0.419,-0.699,-0.49
1285.9,-80.0,957.0,-176.0,0.419,-0.769,-0.629
1285.27,-79.0,957.0,-175.0,0.49,-0.769,-0.56
1285.45,-80.0,957.0,-176.0,0.49,-0.699,-0.629
1285.63,-80.0,957.0,-177.0,0.419,-0.699,-0.629
1285.82,-80.0,957.0,-176.0,0.419,-0.769,-0.56
1286.0,-80.0,958.0,-177.0,0.49,-0.699,-0.49
1286.18,-80.0,957.0,-176.0,0.419,-0.769,-0.56
1286.36,-80.0,958.0,-176.0,0.419,-0.769,-0.56
1286.54,-81.0,957.0,-175.0,0.419,-0.699,-0.56
1286.73,-80.0,957.0,-176.0,0.419,-0.769,-0.56
1286.91,-80.0,957.0,-176.0,0.419,-0.699,-0.56
1287.9,-80.0,958.0,-175.0,0.49,-0.769,-0.56
1288.73,-78.0,957.0,-176.0,0.349,-0.769,-0.49
1288.91,-82.0,958.0,-175.0,0.419,-0.699,-0.56
1289.1,-79.0,957.0,-175.0,0.419,-0.839,-0.629
1289.28,-80.0,958.0,-175.0,0.49,-0.769,-0.419
1289.46,-80.0,956.0,-175.0,0.419,-0.839,-0.629
1289.64,-80.0,958.0,-175.0,0.49,-0.699,-0.49
1289.83,-79.0,957.0,-176.0,0.349,-0.769,-0.49
1290.1,-80.0,956.0,-175.0,0.349,-0.699,-0.419
1290.19,-80.0,958.0,-175.0,0.419,-0.769,-0.629
1290.37,-81.0,957.0,-177.0,0.49,-0.699,-0.49
1290.55,-79.0,958.0,-174.0,0.28,-0.839,-0.56
1290.74,-82.0,958.0,-176.0,0.49,-0.699,-0.49
1290.92,-78.0,958.0,-174.0,0.349,-0.769,-0.629
1291.1,-80.0,958.0,-176.0,0.49,-0.629,-0.49
1291.28,-79.0,958.0,-175.0,0.419,-0.91,-0.629
1291.47,-79.0,957.0,-177.0,0.49,-0.56,-0.349
1291.65,-80.0,958.0,-176.0,0.349,-0.839,-0.56
1291.83,-79.0,957.0,-178.0,0.49,-0.699,-0.49
1292.1,-79.0,957.0,-177.0,0.419,-0.699,-0.49
1292.2,-81.0,957.0,-176.0,0.419,-0.769,-0.56
1292.38,-79.0,957.0,-176.0,0.349,-0.629,-0.49
1292.56,-80.0,958.0,-176.0,0.349,-0.699,-0.56
1292.74,-78.0,958.0,-176.0,0.419,-0.839,-0.56
1292.92,-80.0,957.0,-176.0,0.49,-0.699,-0.49
1293.11,-81.0,957.0,-177.0,0.419,-0.839,-0.56
1293.29,-80.0,957.0,-176.0,0.56,-0.699,-0.49
1293.47,-80.0,957.0,-176.0,0.419,-0.699,-0.56
1293.65,-80.0,956.0,-176.0,0.419,-0.699,-0.56
1293.84,-81.0,958.0,-175.0,0.419,-0.699,-0.56
1294.2,-79.0,958.0,-176.0,0.419,-0.769,-0.49
1294.2,-80.0,958.0,-175.0,0.49,-0.699,-0.56
1294.38,-78.0,957.0,-175.0,0.419,-0.699,-0.49
1294.56,-80.0,957.0,-176.0,0.49,-0.769,-0.49
1294.75,-80.0,957.0,-177.0,0.49,-0.769,-0.56
1294.93,-80.0,957.0,-176.0,0.419,-0.769,-0.56
1295.11,-80.0,956.0,-176.0,0.419,-0.699,-0.49
1295.29,-79.0,956.0,-176.0,0.349,-0.769,-0.56
1295.48,-80.0,957.0,-176.0,0.419,-0.699,-0.49
1295.66,-80.0,958.0,-174.0,0.349,-0.769,-0.629
1295.84,-79.0,957.0,-175.0,0.419,-0.699,-0.49
1296.2,-80.0,957.0,-175.0,0.49,-0.769,-0.56
1296.2,-79.0,957.0,-176.0,0.49,-0.769,-0.49
1296.39,-79.0,957.0,-176.0,0.419,-0.769,-0.49
1296.57,-78.0,957.0,-175.0,0.419,-0.699,-0.56
1296.75,-80.0,957.0,-176.0,0.419,-0.629,-0.56
1296.93,-79.0,957.0,-176.0,0.419,-0.769,-0.56
1297.12,-79.0,957.0,-176.0,0.419,-0.699,-0.56
1297.3,-80.0,957.0,-176.0,0.349,-0.699,-0.49
1297.48,-79.0,957.0,-176.0,0.349,-0.769,-0.56
1297.66,-80.0,957.0,-175.0,0.419,-0.769,-0.56
1297.85,-79.0,957.0,-176.0,0.419,-0.769,-0.56
1298.3,-80.0,957.0,-176.0,0.419,-0.699,-0.49
1298.21,-80.0,957.0,-174.0,0.349,-0.769,-0.56
1298.39,-80.0,958.0,-176.0,0.49,-0.769,-0.49
1298.57,-78.0,956.0,-176.0,0.49,-0.699,-0.49
1298.76,-79.0,957.0,-175.0,0.49,-0.699,-0.49
1298.94,-80.0,957.0,-176.0,0.419,-0.769,-0.56
1299.12,-79.0,957.0,-177.0,0.349,-0.769,-0.49
1299.3,-78.0,958.0,-176.0,0.419,-0.699,-0.56
1299.49,-80.0,957.0,-175.0,0.419,-0.699,-0.49
1299.67,-80.0,958.0,-176.0,0.419,-0.769,-0.56
1299.85,-78.0,957.0,-176.0,0.419,-0.769,-0.629
1300.3,-81.0,958.0,-176.0,0.49,-0.769,-0.49
1300.21,-79.0,958.0,-176.0,0.349,-0.91,-0.699
1300.4,-78.0,956.0,-177.0,0.49,-0.629,-0.419
1300.58,-82.0,957.0,-176.0,0.419,-0.769,-0.56
1300.76,-77.0,957.0,-177.0,0.28,-0.699,-0.56
1300.94,-81.0,958.0,-176.0,0.349,-0.699,-0.49
1301.13,-79.0,957.0,-175.0,0.419,-0.699,-0.56
1301.31,-82.0,959.0,-175.0,0.349,-0.839,-0.56
1301.49,-77.0,957.0,-176.0,0.349,-0.839,-0.56
1301.67,-81.0,958.0,-176.0,0.419,-0.839,-0.56
1301.86,-80.0,958.0,-177.0,0.419,-0.769,-0.56
1302.4,-81.0,958.0,-175.0,0.419,-0.769,-0.629
1302.22,-78.0,956.0,-177.0,0.419,-0.769,-0.56
1302.4,-81.0,958.0,-177.0,0.419,-0.699,-0.49
1302.58,-80.0,957.0,-177.0,0.419,-0.769,-0.56
1302.77,-80.0,957.0,-177.0,0.419,-0.629,-0.49
1302.95,-79.0,957.0,-177.0,0.49,-0.769,-0.49
1303.13,-78.0,958.0,-176.0,0.419,-0.769,-0.56
1303.31,-79.0,956.0,-176.0,0.49,-0.699,-0.49
1303.5,-81.0,956.0,-176.0,0.349,-0.769,-0.56
1303.68,-78.0,957.0,-177.0,0.349,-0.769,-0.56
1303.86,-82.0,957.0,-176.0,0.419,-0.699,-0.49
1304.4,-78.0,957.0,-176.0,0.28,-0.769,-0.629
1304.22,-78.0,957.0,-176.0,0.349,-0.769,-0.49
1304.41,-80.0,958.0,-175.0,0.349,-0.699,-0.629
1304.59,-78.0,957.0,-175.0,0.419,-0.769,-0.49
1304.77,-82.0,958.0,-175.0,0.49,-0.769,-0.56
1304.95,-78.0,957.0,-176.0,0.349,-0.839,-0.56
1305.14,-80.0,957.0,-176.0,0.56,-0.769,-0.49
1305.32,-78.0,956.0,-176.0,0.49,-0.699,-0.56
1305.5,-82.0,959.0,-176.0,0.49,-0.699,-0.49
1305.68,-79.0,956.0,-177.0,0.349,-0.769,-0.56
1305.87,-81.0,958.0,-176.0,0.419,-0.769,-0.56
1306.5,-78.0,957.0,-176.0,0.419,-0.769,-0.49
1306.23,-82.0,957.0,-177.0,0.419,-0.769,-0.49
1306.41,-79.0,956.0,-176.0,0.419,-0.769,-0.56
1306.59,-82.0,958.0,-176.0,0.419,-0.699,-0.49
1306.78,-79.0,957.0,-177.0,0.49,-0.91,-0.629
1306.96,-77.0,956.0,-177.0,0.49,-0.769,-0.56
1307.14,-81.0,958.0,-176.0,0.49,-0.699,-0.56
1307.32,-79.0,957.0,-176.0,0.419,-0.769,-0.56
1307.51,-80.0,956.0,-177.0,0.49,-0.699,-0.49
1307.69,-82.0,959.0,-177.0,0.419,-0.769,-0.629
1307.87,-78.0,957.0,-177.0,0.419,-0.769,-0.629
1308.5,-81.0,956.0,-178.0,0.419,-0.769,-0.629
1308.23,-79.0,956.0,-178.0,0.49,-0.699,-0.56
1308.42,-81.0,958.0,-177.0,0.349,-0.839,-0.699
1308.6,-78.0,957.0,-177.0,0.349,-0.699,-0.56
1308.78,-81.0,958.0,-176.0,0.419,-0.769,-0.49
1308.96,-80.0,958.0,-175.0,0.419,-0.769,-0.56
1309.15,-80.0,956.0,-175.0,0.419,-0.699,-0.56
1309.33,-82.0,958.0,-175.0,0.49,-0.839,-0.629
1309.51,-80.0,958.0,-175.0,0.419,-0.769,-0.629
1309.69,-81.0,957.0,-176.0,0.49,-0.699,-0.56
1309.87,-78.0,957.0,-176.0,0.349,-0.699,-0.629
1310.6,-81.0,957.0,-176.0,0.49,-0.629,-0.49
1310.24,-79.0,957.0,-177.0,0.419,-0.769,-0.629
1310.42,-81.0,957.0,-177.0,0.419,-0.699,-0.49
1310.6,-80.0,956.0,-175.0,0.419,-0.839,-0.629
1310.79,-79.0,958.0,-175.0,0.349,-0.769,-0.49
1310.97,-78.0,956.0,-175.0,0.349,-0.769,-0.56
1311.15,-83.0,958.0,-176.0,0.419,-0.769,-0.56
1311.33,-78.0,957.0,-174.0,0.419,-0.839,-0.56
1311.52,-83.0,958.0,-175.0,0.49,-0.769,-0.56
1311.7,-79.0,956.0,-177.0,0.419,-0.91,-0.56
1311.88,-81.0,958.0,-175.0,0.49,-0.769,-0.56
1312.6,-80.0,957.0,-176.0,0.49,-0.699,-0.56
1312.24,-81.0,958.0,-176.0,0.349,-0.769,-0.56
1312.43,-78.0,958.0,-175.0,0.349,-0.699,-0.49
1312.61,-80.0,958.0,-176.0,0.349,-0.769,-0.49
1312.79,-79.0,957.0,-175.0,0.419,-0.769,-0.49
1312.97,-80.0,958.0,-175.0,0.419,-0.769,-0.49
1313.16,-81.0,958.0,-175.0,0.419,-0.839,-0.629
1313.34,-80.0,957.0,-175.0,0.419,-0.769,-0.49
1313.52,-80.0,957.0,-176.0,0.49,-0.699,-0.56
1313.7,-80.0,957.0,-176.0,0.349,-0.769,-0.56
1313.88,-78.0,956.0,-178.0,0.419,-0.769,-0.56
1314.7,-82.0,958.0,-175.0,0.49,-0.699,-0.629
1314.25,-78.0,957.0,-177.0,0.419,-0.769,-0.56
1314.43,-80.0,958.0,-176.0,0.419,-0.699,-0.49
1314.61,-80.0,957.0,-175.0,0.419,-0.839,-0.56
1314.8,-80.0,958.0,-175.0,0.49,-0.699,-0.56
1314.98,-80.0,957.0,-176.0,0.419,-0.769,-0.56
1315.16,-82.0,957.0,-176.0,0.419,-0.769,-0.629
1315.34,-78.0,956.0,-177.0,0.419,-0.699,-0.56
1315.52,-81.0,959.0,-176.0,0.419,-0.769,-0.56
1315.71,-78.0,956.0,-176.0,0.419,-0.769,-0.49
1315.89,-83.0,959.0,-175.0,0.49,-0.769,-0.629
1316.7,-78.0,957.0,-176.0,0.349,-0.769,-0.699
1316.25,-80.0,957.0,-177.0,0.419,-0.629,-0.419
1316.44,-80.0,958.0,-175.0,0.419,-0.769,-0.629
1316.62,-82.0,959.0,-176.0,0.49,-0.699,-0.56
1316.8,-79.0,957.0,-177.0,0.349,-0.699,-0.629
1316.98,-79.0,956.0,-177.0,0.419,-0.699,-0.419
1317.16,-82.0,958.0,-176.0,0.349,-0.769,-0.56
1317.35,-79.0,956.0,-177.0,0.419,-0.699,-0.49
1317.53,-81.0,958.0,-175.0,0.419,-0.769,-0.699
1317.71,-79.0,957.0,-175.0,0.49,-0.699,-0.49
1317.89,-80.0,957.0,-175.0,0.419,-0.769,-0.629
1318.8,-80.0,958.0,-176.0,0.629,-0.769,-0.49
1318.26,-79.0,956.0,-177.0,0.419,-0.699,-0.56
1318.44,-82.0,957.0,-177.0,0.49,-0.629,-0.56
1318.62,-80.0,957.0,-176.0,0.419,-0.769,-0.56
1318.81,-80.0,957.0,-177.0,0.349,-0.699,-0.56
1318.99,-78.0,955.0,-177.0,0.349,-0.629,-0.49
1319.17,-82.0,958.0,-176.0,0.49,-0.769,-0.56
1319.35,-79.0,957.0,-175.0,0.349,-0.769,-0.629
1319.53,-82.0,959.0,-174.0,0.49,-0.629,-0.49
1319.72,-76.0,958.0,-176.0,0.419,-0.839,-0.56
1319.9,-85.0,959.0,-175.0,0.629,-0.699,-0.49
1320.8,-78.0,955.0,-178.0,0.349,-0.91,-0.699
1320.26,-79.0,956.0,-176.0,0.419,-0.56,-0.419
1320.45,-80.0,957.0,-176.0,0.28,-0.699,-0.56
1320.63,-81.0,959.0,-174.0,0.419,-0.839,-0.629
1320.81,-78.0,956.0,-176.0,0.349,-0.769,-0.56
1324.45,-80.0,958.0,-176.0,0.419,-0.769,-0.49
1324.64,-81.0,958.0,-176.0,0.419,-0.699,-0.56
1324.82,-81.0,956.0,-178.0,0.49,-0.699,-0.49
1325.0,-81.0,956.0,-176.0,0.49,-0.699,-0.56
1325.18,-79.0,957.0,-176.0,0.349,-0.629,-0.49
1325.37,-83.0,958.0,-179.0,0.49,-0.699,-0.56
1325.55,-79.0,957.0,-176.0,0.419,-0.839,-0.56
1325.73,-82.0,957.0,-175.0,0.49,-0.629,-0.419
1325.91,-82.0,960.0,-175.0,0.349,-0.699,-0.629
1326.9,-81.0,957.0,-178.0,0.49,-0.699,-0.56
1326.28,-80.0,957.0,-174.0,0.49,-0.769,-0.56
1326.46,-81.0,958.0,-176.0,0.28,-0.699,-0.49
1326.64,-81.0,957.0,-176.0,0.419,-0.769,-0.49
1326.82,-80.0,958.0,-175.0,0.419,-0.699,-0.419
1327.0,-80.0,957.0,-177.0,0.349,-0.629,-0.49
1327.19,-80.0,958.0,-177.0,0.49,-0.699,-0.56
1327.37,-79.0,958.0,-176.0,0.419,-0.699,-0.56
1327.55,-80.0,957.0,-177.0,0.28,-0.699,-0.56
1327.73,-80.0,957.0,-177.0,0.419,-0.769,-0.56
1327.92,-80.0,957.0,-176.0,0.49,-0.699,-0.56
1328.1,-80.0,958.0,-176.0,0.49,-0.629,-0.56
1328.28,-80.0,956.0,-177.0,0.49,-0.769,-0.56
1328.46,-79.0,957.0,-177.0,0.419,-0.769,-0.49
1328.64,-80.0,957.0,-176.0,0.419,-0.699,-0.49
1328.83,-80.0,958.0,-177.0,0.349,-0.769,-0.56
1329.1,-79.0,958.0,-176.0,0.49,-0.629,-0.419
1329.19,-81.0,958.0,-175.0,0.419,-0.769,-0.629
1329.37,-78.0,956.0,-176.0,0.349,-0.769,-0.56
1329.56,-82.0,958.0,-175.0,0.419,-0.769,-0.49
1329.74,-80.0,958.0,-176.0,0.349,-0.839,-0.56
1329.92,-80.0,958.0,-177.0,0.419,-0.769,-0.49
1330.1,-80.0,958.0,-177.0,0.349,-0.699,-0.49
1330.29,-80.0,957.0,-177.0,0.419,-0.699,-0.49
1330.47,-80.0,957.0,-177.0,0.419,-0.699,-0.56
1330.65,-79.0,957.0,-177.0,0.419,-0.769,-0.49
1330.83,-80.0,958.0,-178.0,0.419,-0.769,-0.56
1331.1,-79.0,958.0,-176.0,0.419,-0.769,-0.56
1331.2,-80.0,958.0,-177.0,0.49,-0.699,-0.49
1331.38,-80.0,957.0,-178.0,0.349,-0.769,-0.56
1331.56,-79.0,957.0,-176.0,0.419,-0.699,-0.49
1331.74,-80.0,959.0,-175.0,0.419,-0.769,-0.56
1331.93,-79.0,957.0,-178.0,0.49,-0.699,-0.49
1332.11,-79.0,957.0,-176.0,0.419,-0.839,-0.56
1332.29,-79.0,958.0,-177.0,0.49,-0.699,-0.419
1332.47,-80.0,957.0,-176.0,0.419,-0.769,-0.629
1332.65,-78.0,957.0,-177.0,0.349,-0.629,-0.49
1332.84,-81.0,957.0,-175.0,0.419,-0.629,-0.49
1333.2,-80.0,957.0,-176.0,0.349,-0.839,-0.699
1333.2,-78.0,958.0,-175.0,0.49,-0.769,-0.49
1333.38,-80.0,958.0,-175.0,0.419,-0.769,-0.56
1333.57,-79.0,956.0,-176.0,0.419,-0.699,-0.56
1333.75,-80.0,958.0,-175.0,0.419,-0.839,-0.49
1333.93,-78.0,956.0,-176.0,0.419,-0.699,-0.49
1334.11,-81.0,958.0,-177.0,0.349,-0.769,-0.56
1334.29,-78.0,956.0,-175.0,0.419,-0.769,-0.629
1334.48,-79.0,957.0,-176.0,0.419,-0.699,-0.56
1334.66,-78.0,957.0,-176.0,0.349,-0.769,-0.56
1334.84,-80.0,958.0,-176.0,0.419,-0.769,-0.629
1335.2,-79.0,957.0,-175.0,0.349,-0.699,-0.56
1335.21,-81.0,958.0,-176.0,0.419,-0.769,-0.56
1335.39,-78.0,958.0,-175.0,0.419,-0.839,-0.629
1335.57,-80.0,956.0,-176.0,0.49,-0.769,-0.49
1335.75,-80.0,957.0,-177.0,0.49,-0.769,-0.56
1335.93,-78.0,957.0,-176.0,0.419,-0.769,-0.56
1336.12,-81.0,958.0,-176.0,0.349,-0.769,-0.629
1336.3,-79.0,957.0,-176.0,0.349,-0.699,-0.49
1336.48,-80.0,957.0,-176.0,0.419,-0.769,-0.56
1336.66,-80.0,958.0,-175.0,0.349,-0.769,-0.56
1336.85,-80.0,958.0,-175.0,0.419,-0.769,-0.629
1337.3,-80.0,957.0,-176.0,0.419,-0.699,-0.56
1337.21,-80.0,958.0,-176.0,0.419,-0.839,-0.56
1337.39,-80.0,956.0,-175.0,0.419,-0.699,-0.49
1337.58,-80.0,958.0,-176.0,0.419,-0.699,-0.56
1337.76,-79.0,957.0,-176.0,0.49,-0.699,-0.629
1337.94,-81.0,958.0,-176.0,0.419,-0.769,-0.56
1340.49,-81.0,957.0,-177.0,0.419,-0.769,-0.629
1340.67,-79.0,958.0,-177.0,0.419,-0.699,-0.56
1340.86,-80.0,957.0,-175.0,0.419,-0.769,-0.49
1341.4,-80.0,957.0,-176.0,0.419,-0.769,-0.49
1341.22,-81.0,957.0,-176.0,0.419,-0.699,-0.56
1341.4,-81.0,958.0,-176.0,0.419,-0.699,-0.56
1341.58,-80.0,957.0,-176.0,0.349,-0.839,-0.629
1341.77,-81.0,957.0,-176.0,0.419,-0.699,-0.49
1341.95,-80.0,957.0,-176.0,0.419,-0.769,-0.629
1342.13,-81.0,957.0,-176.0,0.349,-0.699,-0.56
1342.31,-81.0,958.0,-176.0,0.419,-0.769,-0.56
1342.5,-81.0,957.0,-176.0,0.419,-0.769,-0.56
1342.68,-80.0,957.0,-177.0,0.419,-0.699,-0.56
1342.86,-81.0,957.0,-176.0,0.349,-0.699,-0.56
1343.4,-80.0,957.0,-176.0,0.419,-0.699,-0.56
1343.23,-81.0,957.0,-176.0,0.419,-0.769,-0.49
1343.41,-81.0,958.0,-175.0,0.419,-0.769,-0.56
1343.59,-81.0,957.0,-175.0,0.419,-0.629,-0.56
1343.77,-81.0,957.0,-175.0,0.419,-0.699,-0.49
1343.95,-81.0,957.0,-175.0,0.419,-0.699,-0.56
1344.14,-80.0,957.0,-176.0,0.349,-0.769,-0.56
1344.32,-80.0,957.0,-176.0,0.419,-0.769,-0.49
1344.5,-79.0,957.0,-176.0,0.419,-0.699,-0.56
1344.68,-81.0,957.0,-177.0,0.49,-0.769,-0.49
1344.87,-80.0,957.0,-177.0,0.419,-0.769,-0.56
1345.5,-81.0,957.0,-177.0,0.49,-0.769,-0.49
1345.23,-80.0,958.0,-177.0,0.49,-0.769,-0.56
1345.41,-79.0,957.0,-176.0,0.419,-0.699,-0.49
1345.59,-79.0,958.0,-176.0,0.49,-0.699,-0.49
1345.78,-79.0,957.0,-176.0,0.349,-0.699,-0.56
1345.96,-80.0,957.0,-176.0,0.419,-0.629,-0.56
1346.14,-79.0,958.0,-176.0,0.49,-0.769,-0.56
1346.32,-79.0,957.0,-176.0,0.349,-0.769,-0.56
1346.51,-80.0,957.0,-177.0,0.49,-0.699,-0.56
1346.69,-80.0,956.0,-175.0,0.349,-0.769,-0.56
1346.87,-80.0,958.0,-176.0,0.49,-0.699,-0.56
1347.5,-79.0,957.0,-176.0,0.419,-0.769,-0.56
1347.23,-80.0,957.0,-176.0,0.49,-0.769,-0.49
1347.42,-80.0,957.0,-177.0,0.49,-0.769,-0.56
1347.6,-79.0,957.0,-176.0,0.419,-0.769,-0.49
1347.78,-79.0,957.0,-176.0,0.419,-0.769,-0.49
1347.96,-80.0,957.0,-175.0,0.349,-0.699,-0.56
1348.15,-79.0,958.0,-175.0,0.419,-0.769,-0.56
1348.33,-79.0,957.0,-175.0,0.419,-0.769,-0.56
1348.51,-79.0,958.0,-175.0,0.419,-0.769,-0.49
1348.69,-80.0,957.0,-177.0,0.419,-0.699,-0.49
1348.87,-80.0,957.0,-175.0,0.49,-0.699,-0.49
1349.6,-80.0,957.0,-175.0,0.419,-0.699,-0.56
1349.24,-81.0,957.0,-176.0,0.419,-0.699,-0.56
1349.42,-81.0,957.0,-176.0,0.419,-0.769,-0.56
1349.6,-79.0,956.0,-176.0,0.419,-0.769,-0.56
1349.79,-79.0,957.0,-176.0,0.349,-0.629,-0.49
1349.97,-80.0,957.0,-176.0,0.419,-0.769,-0.56
1350.15,-78.0,957.0,-175.0,0.419,-0.699,-0.49
1350.33,-80.0,957.0,-176.0,0.419,-0.699,-0.419
1350.52,-79.0,958.0,-175.0,0.419,-0.769,-0.56
1350.7,-79.0,957.0,-176.0,0.349,-0.699,-0.56
1350.88,-80.0,958.0,-175.0,0.419,-0.769,-0.56
1351.6,-78.0,957.0,-175.0,0.349,-0.769,-0.56
1351.24,-79.0,957.0,-175.0,0.49,-0.699,-0.56
1351.43,-81.0,958.0,-176.0,0.49,-0.699,-0.49
1351.61,-80.0,956.0,-177.0,0.349,-0.769,-0.56
1351.79,-79.0,958.0,-176.0,0.349,-0.839,-0.629
1351.97,-78.0,957.0,-176.0,0.349,-0.699,-0.49
1352.16,-81.0,957.0,-176.0,0.419,-0.769,-0.56
1352.34,-78.0,957.0,-177.0,0.419,-0.839,-0.629
1352.52,-80.0,957.0,-176.0,0.349,-0.769,-0.56
1352.7,-80.0,957.0,-176.0,0.419,-0.699,-0.56
1352.88,-81.0,958.0,-175.0,0.419,-0.769,-0.629
1353.7,-80.0,957.0,-176.0,0.419,-0.699,-0.56
1353.25,-79.0,958.0,-174.0,0.349,-0.839,-0.629
1353.43,-80.0,956.0,-176.0,0.49,-0.699,-0.419
1353.61,-81.0,959.0,-174.0,0.349,-0.839,-0.769
1353.8,-78.0,955.0,-177.0,0.419,-0.629,-0.419
1353.98,-82.0,959.0,-174.0,0.349,-0.91,-0.699
1354.16,-76.0,955.0,-176.0,0.419,-0.699,-0.419
1354.34,-82.0,957.0,-175.0,0.419,-0.839,-0.629
1354.52,-78.0,956.0,-176.0,0.349,-0.699,-0.49
1354.71,-83.0,958.0,-175.0,0.49,-0.769,-0.629
1354.89,-76.0,956.0,-176.0,0.349,-0.699,-0.56
1357.81,-80.0,957.0,-177.0,0.419,-0.769,-0.49
1357.99,-82.0,957.0,-176.0,0.419,-0.769,-0.56
1358.17,-80.0,957.0,-176.0,0.419,-0.769,-0.56
1358.35,-80.0,958.0,-175.0,0.349,-0.699,-0.49
1358.53,-80.0,957.0,-176.0,0.419,-0.839,-0.56
1358.72,-79.0,958.0,-176.0,0.419,-0.769,-0.49
1358.9,-82.0,957.0,-175.0,0.349,-0.699,-0.629
1359.8,-80.0,957.0,-175.0,0.349,-0.839,-0.56
1359.26,-80.0,957.0,-176.0,0.419,-0.629,-0.49
1359.45,-81.0,957.0,-175.0,0.49,-0.769,-0.56
1359.63,-81.0,958.0,-176.0,0.419,-0.769,-0.56
1359.81,-80.0,958.0,-176.0,0.419,-0.699,-0.49
1359.99,-81.0,958.0,-175.0,0.49,-0.769,-0.56
1360.18,-78.0,956.0,-176.0,0.349,-0.699,-0.49
1360.36,-82.0,958.0,-175.0,0.49,-0.769,-0.629
1360.54,-76.0,956.0,-176.0,0.419,-0.699,-0.49
1360.72,-84.0,959.0,-176.0,0.49,-0.769,-0.56
1360.9,-77.0,956.0,-176.0,0.419,-0.769,-0.56
1361.9,-83.0,958.0,-175.0,0.49,-0.699,-0.49
1361.27,-78.0,957.0,-176.0,0.349,-0.839,-0.56
1361.45,-80.0,958.0,-176.0,0.419,-0.699,-0.49
1361.63,-79.0,958.0,-175.0,0.28,-0.839,-0.56
1361.82,-81.0,957.0,-176.0,0.49,-0.699,-0.49
1362.0,-81.0,958.0,-176.0,0.419,-0.769,-0.629
1362.18,-80.0,957.0,-176.0,0.419,-0.699,-0.49
1362.36,-82.0,957.0,-176.0,0.419,-0.699,-0.56
1362.54,-81.0,957.0,-176.0,0.349,-0.769,-0.56
1362.73,-81.0,957.0,-177.0,0.49,-0.769,-0.56
1362.91,-78.0,957.0,-177.0,0.349,-0.699,-0.629
1363.9,-83.0,958.0,-176.0,0.49,-0.699,-0.56
1363.27,-78.0,956.0,-176.0,0.349,-0.699,-0.56
1363.46,-82.0,959.0,-176.0,0.419,-0.699,-0.56
1363.64,-77.0,957.0,-175.0,0.349,-0.769,-0.49
1363.82,-83.0,958.0,-175.0,0.419,-0.769,-0.56
1364.0,-78.0,957.0,-176.0,0.419,-0.769,-0.56
1364.19,-81.0,958.0,-176.0,0.56,-0.699,-0.56
1364.37,-80.0,957.0,-176.0,0.349,-0.839,-0.49
1364.55,-82.0,957.0,-177.0,0.56,-0.699,-0.49
1364.73,-79.0,957.0,-176.0,0.349,-0.839,-0.56
1364.91,-81.0,957.0,-176.0,0.49,-0.629,-0.419
1365.83,-82.0,957.0,-176.0,0.49,-0.769,-0.49
1366.1,-80.0,958.0,-176.0,0.49,-0.699,-0.56
1366.19,-81.0,957.0,-176.0,0.419,-0.629,-0.49
1366.37,-80.0,957.0,-175.0,0.349,-0.699,-0.56
1366.55,-80.0,958.0,-175.0,0.419,-0.699,-0.49
1366.74,-79.0,958.0,-175.0,0.349,-0.699,-0.56
1366.92,-80.0,958.0,-175.0,0.419,-0.839,-0.56
1367.1,-79.0,957.0,-175.0,0.349,-0.769,-0.56
1367.28,-81.0,957.0,-175.0,0.49,-0.769,-0.56
1367.47,-80.0,956.0,-177.0,0.419,-0.699,-0.56
1367.65,-80.0,957.0,-175.0,0.49,-0.699,-0.56
1367.83,-78.0,956.0,-175.0,0.349,-0.699,-0.49
1368.1,-81.0,957.0,-176.0,0.49,-0.769,-0.49
1368.19,-81.0,957.0,-175.0,0.349,-0.769,-0.56
1368.38,-79.0,957.0,-176.0,0.419,-0.769,-0.56
1368.56,-78.0,957.0,-175.0,0.419,-0.699,-0.49
1368.74,-80.0,957.0,-175.0,0.49,-0.699,-0.49
1368.92,-79.0,957.0,-175.0,0.349,-0.699,-0.49
1369.11,-81.0,957.0,-176.0,0.49,-0.769,-0.49
1369.29,-78.0,957.0,-176.0,0.419,-0.769,-0.56
1369.47,-81.0,958.0,-176.0,0.49,-0.699,-0.49
1369.65,-78.0,958.0,-175.0,0.419,-0.839,-0.699
1369.84,-78.0,957.0,-176.0,0.419,-0.769,-0.56
1370.2,-81.0,957.0,-176.0,0.349,-0.769,-0.49
1370.2,-79.0,958.0,-176.0,0.419,-0.769,-0.699
1370.38,-78.0,957.0,-177.0,0.49,-0.629,-0.419
1370.56,-79.0,958.0,-176.0,0.419,-0.839,-0.699
1370.75,-78.0,956.0,-176.0,0.419,-0.629,-0.419
1371.11,-78.0,956.0,-177.0,0.419,-0.629,-0.49
1371.29,-82.0,958.0,-176.0,0.49,-0.769,-0.629
1371.48,-76.0,957.0,-176.0,0.349,-0.769,-0.629
1371.66,-81.0,957.0,-177.0,0.49,-0.629,-0.49
1371.84,-77.0,957.0,-175.0,0.28,-0.769,-0.629
1372.2,-81.0,957.0,-176.0,0.49,-0.629,-0.419
1372.2,-80.0,958.0,-176.0,0.419,-0.839,-0.629
1372.39,-79.0,957.0,-176.0,0.419,-0.629,-0.49
1372.57,-80.0,958.0,-176.0,0.419,-0.769,-0.56
1372.75,-79.0,957.0,-176.0,0.419,-0.699,-0.49
1372.93,-82.0,958.0,-177.0,0.349,-0.769,-0.56
1377.85,-79.0,957.0,-177.0,0.419,-0.699,-0.56
1378.4,-81.0,957.0,-176.0,0.419,-0.699,-0.56
1378.22,-77.0,957.0,-175.0,0.349,-0.769,-0.629
1378.4,-79.0,957.0,-177.0,0.419,-0.629,-0.49
1378.58,-79.0,958.0,-175.0,0.349,-0.839,-0.56
1378.77,-80.0,956.0,-176.0,0.419,-0.699,-0.419
1378.95,-81.0,958.0,-176.0,0.419,-0.769,-0.629
1379.13,-80.0,956.0,-177.0,0.419,-0.769,-0.56
1379.31,-81.0,957.0,-176.0,0.419,-0.769,-0.56
1379.5,-80.0,957.0,-177.0,0.349,-0.839,-0.629
1379.68,-80.0,957.0,-176.0,0.419,-0.769,-0.629
1379.86,-80.0,955.0,-176.0,0.349,-0.629,-0.56
1380.4,-81.0,957.0,-175.0,0.419,-0.839,-0.629
1380.22,-78.0,957.0,-175.0,0.349,-0.699,-0.56
1380.41,-80.0,958.0,-175.0,0.49,-0.769,-0.629
1380.59,-80.0,957.0,-176.0,0.419,-0.769,-0.56
1380.77,-82.0,958.0,-177.0,0.49,-0.699,-0.629
1380.95,-80.0,958.0,-176.0,0.419,-0.769,-0.56
1381.14,-80.0,957.0,-177.0,0.349,-0.769,-0.56
1381.32,-79.0,957.0,-177.0,0.49,-0.769,-0.49
1381.5,-80.0,958.0,-175.0,0.419,-0.839,-0.56
1381.68,-78.0,957.0,-175.0,0.349,-0.769,-0.56
1381.87,-81.0,957.0,-176.0,0.419,-0.699,-0.56
1384.78,-80.0,957.0,-176.0,0.349,-0.769,-0.56
1384.96,-79.0,958.0,-175.0,0.349,-0.769,-0.56
1385.15,-81.0,957.0,-176.0,0.419,-0.629,-0.629
1385.33,-79.0,958.0,-176.0,0.419,-0.769,-0.629
1385.51,-81.0,957.0,-177.0,0.419,-0.699,-0.56
1385.69,-80.0,957.0,-176.0,0.419,-0.769,-0.56
1385.88,-81.0,957.0,-174.0,0.419,-0.699,-0.49
1386.6,-79.0,958.0,-175.0,0.349,-0.769,-0.629
1386.24,-78.0,956.0,-175.0,0.49,-0.699,-0.49
1386.42,-81.0,957.0,-175.0,0.349,-0.699,-0.56
1386.6,-80.0,957.0,-176.0,0.419,-0.699,-0.56
1386.79,-80.0,957.0,-176.0,0.419,-0.769,-0.699
1386.97,-78.0,957.0,-176.0,0.419,-0.629,-0.419
1387.15,-83.0,958.0,-175.0,0.419,-0.769,-0.56
1387.33,-77.0,956.0,-175.0,0.349,-0.769,-0.56
1387.52,-84.0,957.0,-176.0,0.56,-0.699,-0.56
1387.7,-77.0,956.0,-176.0,0.349,-0.839,-0.629
1387.88,-82.0,958.0,-176.0,0.56,-0.699,-0.419
1388.6,-78.0,958.0,-175.0,0.209,-0.839,-0.629
1388.25,-80.0,956.0,-176.0,0.56,-0.629,-0.419
1388.43,-80.0,957.0,-175.0,0.28,-0.769,-0.629
1388.61,-77.0,957.0,-175.0,0.419,-0.769,-0.56
1388.79,-80.0,957.0,-175.0,0.419,-0.699,-0.49
1388.97,-81.0,957.0,-176.0,0.349,-0.699,-0.49
1389.16,-81.0,958.0,-175.0,0.419,-0.769,-0.56
1389.34,-79.0,957.0,-176.0,0.419,-0.769,-0.56
1389.52,-80.0,958.0,-175.0,0.349,-0.769,-0.56
1389.7,-78.0,957.0,-175.0,0.349,-0.769,-0.49
1389.89,-79.0,958.0,-175.0,0.49,-0.769,-0.56
1390.7,-79.0,957.0,-176.0,0.49,-0.769,-0.56
1390.25,-81.0,957.0,-176.0,0.419,-0.769,-0.56
1390.43,-79.0,956.0,-176.0,0.419,-0.839,-0.629
1390.61,-81.0,957.0,-175.0,0.49,-0.699,-0.49
1390.8,-78.0,957.0,-175.0,0.349,-0.769,-0.49
1390.98,-81.0,958.0,-175.0,0.419,-0.769,-0.629
1391.16,-78.0,956.0,-176.0,0.349,-0.769,-0.419
1391.34,-83.0,958.0,-175.0,0.49,-0.769,-0.56
1391.53,-79.0,957.0,-176.0,0.349,-0.769,-0.699
1391.71,-80.0,957.0,-176.0,0.49,-0.699,-0.49
1391.89,-78.0,958.0,-176.0,0.349,-0.769,-0.56
1392.7,-79.0,957.0,-176.0,0.419,-0.629,-0.56
1392.25,-80.0,958.0,-175.0,0.419,-0.839,-0.629
1392.44,-77.0,957.0,-174.0,0.349,-0.769,-0.49
1392.62,-79.0,957.0,-176.0,0.349,-0.629,-0.49
1392.8,-81.0,958.0,-175.0,0.49,-0.769,-0.629
1392.98,-77.0,957.0,-175.0,0.49,-0.699,-0.56
1393.17,-81.0,956.0,-176.0,0.49,-0.699,-0.56
1393.35,-78.0,957.0,-175.0,0.419,-0.769,-0.56
1393.53,-80.0,957.0,-176.0,0.349,-0.769,-0.49
1393.71,-80.0,957.0,-176.0,0.349,-0.769,-0.56
1393.9,-79.0,957.0,-176.0,0.419,-0.699,-0.56
1394.8,-79.0,957.0,-176.0,0.349,-0.769,-0.56
1394.26,-80.0,957.0,-176.0,0.349,-0.769,-0.56
1394.44,-80.0,957.0,-175.0,0.419,-0.699,-0.419
1394.62,-83.0,957.0,-176.0,0.419,-0.769,-0.56
1394.81,-80.0,957.0,-177.0,0.349,-0.769,-0.56
1394.99,-80.0,958.0,-175.0,0.419,-0.699,-0.419
1395.17,-80.0,957.0,-176.0,0.419,-0.699,-0.56
1395.35,-79.0,956.0,-177.0,0.49,-0.629,-0.419
1395.54,-81.0,958.0,-175.0,0.49,-0.769,-0.56
1395.72,-79.0,957.0,-176.0,0.49,-0.769,-0.56
1395.9,-79.0,957.0,-177.0,0.419,-0.699,-0.56
1396.8,-82.0,957.0,-176.0,0.349,-0.56,-0.49
1396.26,-80.0,958.0,-175.0,0.419,-0.839,-0.629
1396.45,-76.0,957.0,-176.0,0.419,-0.699,-0.49
1396.63,-81.0,958.0,-176.0,0.49,-0.769,-0.419
1396.81,-79.0,957.0,-176.0,0.419,-0.839,-0.56
1396.99,-79.0,958.0,-176.0,0.419,-0.769,-0.49
1397.18,-80.0,957.0,-176.0,0.419,-0.699,-0.49
1397.36,-79.0,957.0,-178.0,0.49,-0.769,-0.49
1397.54,-79.0,957.0,-176.0,0.419,-0.699,-0.56
1397.72,-79.0,958.0,-175.0,0.349,-0.699,-0.49
1397.9,-80.0,958.0,-175.0,0.49,-0.769,-0.49
1398.9,-78.0,957.0,-175.0,0.419,-0.769,-0.56
1398.27,-80.0,957.0,-175.0,0.49,-0.699,-0.49
1398.45,-82.0,959.0,-175.0,0.419,-0.769,-0.629
1398.63,-76.0,956.0,-175.0,0.419,-0.769,-0.49
1398.82,-83.0,958.0,-176.0,0.49,-0.629,-0.419
1399.0,-77.0,957.0,-176.0,0.28,-0.839,-0.699
1399.18,-80.0,956.0,-177.0,0.56,-0.629,-0.419
1399.36,-81.0,958.0,-176.0,0.28,-0.839,-0.629
1399.55,-79.0,957.0,-176.0,0.49,-0.699,-0.349
1399.73,-82.0,958.0,-177.0,0.349,-0.91,-0.629
1399.91,-78.0,956.0,-176.0,0.419,-0.699,-0.419
1400.9,-83.0,958.0,-176.0,0.49,-0.769,-0.56
1400.27,-77.0,956.0,-177.0,0.419,-0.769,-0.49
1400.46,-83.0,959.0,-175.0,0.419,-0.699,-0.56
1400.64,-77.0,957.0,-176.0,0.349,-0.769,-0.56
1400.82,-78.0,957.0,-175.0,0.49,-0.629,-0.419
1401.0,-80.0,957.0,-174.0,0.349,-0.769,-0.49
1401.19,-79.0,956.0,-174.0,0.349,-0.769,-0.49
1401.37,-79.0,957.0,-175.0,0.49,-0.769,-0.629
1401.55,-79.0,956.0,-175.0,0.419,-0.699,-0.56
1402.46,-77.0,956.0,-175.0,0.419,-0.699,-0.419
1402.64,-81.0,957.0,-175.0,0.49,-0.699,-0.56
1402.83,-79.0,957.0,-175.0,0.349,-0.769,-0.56
1403.1,-81.0,958.0,-175.0,0.49,-0.699,-0.49
1403.19,-79.0,959.0,-176.0,0.28,-0.699,-0.56
1403.37,-79.0,957.0,-177.0,0.419,-0.629,-0.49
1403.55,-81.0,958.0,-176.0,0.419,-0.769,-0.629
1403.74,-80.0,957.0,-176.0,0.419,-0.769,-0.49
1403.92,-80.0,958.0,-175.0,0.419,-0.769,-0.56
1404.1,-79.0,957.0,-176.0,0.419,-0.699,-0.419
1409.2,-80.0,958.0,-176.0,0.49,-0.839,-0.56
1409.2,-81.0,957.0,-176.0,0.419,-0.699,-0.56
1409.39,-81.0,959.0,-176.0,0.419,-0.699,-0.56
1409.57,-79.0,957.0,-175.0,0.349,-0.699,-0.629
1409.75,-82.0,957.0,-176.0,0.49,-0.699,-0.56
1409.93,-79.0,956.0,-176.0,0.419,-0.769,-0.629
1410.12,-80.0,958.0,-175.0,0.419,-0.699,-0.49
1410.3,-78.0,956.0,-175.0,0.419,-0.699,-0.56
1410.48,-80.0,958.0,-175.0,0.419,-0.769,-0.56
1410.66,-79.0,958.0,-176.0,0.49,-0.699,-0.56
1410.85,-80.0,957.0,-177.0,0.49,-0.769,-0.56
1411.3,-80.0,957.0,-176.0,0.419,-0.839,-0.56
1411.21,-79.0,957.0,-176.0,0.49,-0.699,-0.49
1411.39,-80.0,957.0,-177.0,0.49,-0.699,-0.419
1411.57,-82.0,958.0,-177.0,0.419,-0.839,-0.699
1411.76,-76.0,956.0,-178.0,0.419,-0.699,-0.56
1411.94,-81.0,958.0,-176.0,0.419,-0.699,-0.56
1412.12,-78.0,957.0,-175.0,0.28,-0.769,-0.629
1412.3,-81.0,957.0,-175.0,0.419,-0.699,-0.49
1412.49,-79.0,958.0,-176.0,0.349,-0.769,-0.629
1412.67,-78.0,958.0,-176.0,0.49,-0.699,-0.49
1412.85,-81.0,957.0,-177.0,0.49,-0.839,-0.49
1413.3,-79.0,957.0,-176.0,0.419,-0.769,-0.56
1413.21,-79.0,957.0,-176.0,0.49,-0.699,-0.56
1413.4,-79.0,957.0,-177.0,0.419,-0.769,-0.49
1413.58,-80.0,957.0,-176.0,0.49,-0.699,-0.49
1413.76,-80.0,959.0,-176.0,0.419,-0.699,-0.629
1413.94,-80.0,956.0,-177.0,0.349,-0.769,-0.56
1414.13,-81.0,957.0,-176.0,0.419,-0.699,-0.56
1414.31,-80.0,957.0,-176.0,0.349,-0.769,-0.56
1414.49,-80.0,957.0,-176.0,0.419,-0.699,-0.56
1414.67,-80.0,957.0,-176.0,0.49,-0.699,-0.49
1414.86,-79.0,957.0,-176.0,0.419,-0.629,-0.56
1415.4,-80.0,957.0,-176.0,0.419,-0.769,-0.49
1415.22,-79.0,957.0,-177.0,0.349,-0.699,-0.49
1415.4,-80.0,957.0,-176.0,0.419,-0.769,-0.56
1415.58,-81.0,958.0,-176.0,0.349,-0.769,-0.56
1415.77,-79.0,957.0,-178.0,0.49,-0.769,-0.49
1415.95,-81.0,957.0,-177.0,0.419,-0.769,-0.629
1416.13,-79.0,957.0,-178.0,0.419,-0.769,-0.56
1416.31,-81.0,958.0,-175.0,0.349,-0.839,-0.629
1416.5,-78.0,955.0,-177.0,0.419,-0.769,-0.49
1416.68,-82.0,957.0,-177.0,0.419,-0.699,-0.56
1416.86,-80.0,958.0,-177.0,0.49,-0.769,-0.56
1417.4,-80.0,958.0,-176.0,0.349,-0.769,-0.56
1417.22,-80.0,956.0,-177.0,0.49,-0.629,-0.49
1417.41,-79.0,957.0,-176.0,0.349,-0.839,-0.629
1417.59,-80.0,957.0,-177.0,0.49,-0.629,-0.419
1417.77,-81.0,959.0,-176.0,0.349,-0.839,-0.629
1417.95,-78.0,956.0,-176.0,0.419,-0.629,-0.49
1418.14,-81.0,958.0,-176.0,0.419,-0.699,-0.49
1418.32,-79.0,958.0,-176.0,0.419,-0.769,-0.56
1418.5,-79.0,957.0,-176.0,0.49,-0.699,-0.49
1418.68,-81.0,958.0,-176.0,0.49,-0.769,-0.56
1418.86,-77.0,958.0,-176.0,0.419,-0.699,-0.49
1419.5,-81.0,957.0,-176.0,0.419,-0.699,-0.49
1419.23,-80.0,958.0,-175.0,0.419,-0.769,-0.629
1419.41,-79.0,956.0,-177.0,0.419,-0.699,-0.419
1419.59,-82.0,958.0,-176.0,0.419,-0.769,-0.56
1419.78,-77.0,957.0,-176.0,0.419,-0.699,-0.56
1419.96,-82.0,958.0,-176.0,0.419,-0.769,-0.56
1420.14,-78.0,956.0,-177.0,0.419,-0.769,-0.56
1420.32,-80.0,958.0,-175.0,0.419,-0.769,-0.49
1420.51,-79.0,957.0,-176.0,0.349,-0.769,-0.56
1420.69,-80.0,958.0,-176.0,0.419,-0.769,-0.56
1420.87,-78.0,957.0,-176.0,0.349,-0.699,-0.419
1421.5,-82.0,957.0,-176.0,0.49,-0.769,-0.56
1421.23,-80.0,957.0,-176.0,0.349,-0.769,-0.56
1421.42,-81.0,958.0,-176.0,0.419,-0.699,-0.56
1421.6,-80.0,957.0,-176.0,0.349,-0.769,-0.56
1421.78,-80.0,956.0,-176.0,0.419,-0.769,-0.56
1421.96,-79.0,957.0,-176.0,0.419,-0.769,-0.56
1422.15,-81.0,958.0,-176.0,0.419,-0.769,-0.629
1422.33,-79.0,956.0,-175.0,0.349,-0.769,-0.629
1422.51,-80.0,957.0,-175.0,0.419,-0.769,-0.56
1422.69,-79.0,958.0,-175.0,0.419,-0.769,-0.56
1422.88,-80.0,957.0,-175.0,0.49,-0.769,-0.56
1423.6,-77.0,957.0,-175.0,0.49,-0.769,-0.56
1423.24,-81.0,958.0,-175.0,0.349,-0.769,-0.56
1423.42,-81.0,956.0,-176.0,0.419,-0.769,-0.629
1423.6,-79.0,956.0,-175.0,0.349,-0.699,-0.56
1423.79,-82.0,957.0,-176.0,0.349,-0.769,-0.629
1423.97,-79.0,957.0,-176.0,0.419,-0.769,-0.629
1424.15,-82.0,958.0,-175.0,0.419,-0.769,-0.49
1424.33,-79.0,957.0,-175.0,0.419,-0.769,-0.56
1424.52,-80.0,957.0,-176.0,0.419,-0.629,-0.49
1424.7,-79.0,957.0,-176.0,0.28,-0.699,-0.629
1424.88,-81.0,957.0,-176.0,0.56,-0.769,-0.56
1427.8,-80.0,958.0,-176.0,0.49,-0.769,-0.49
1427.98,-81.0,957.0,-177.0,0.56,-0.699,-0.49
1428.16,-80.0,959.0,-177.0,0.49,-0.839,-0.699
1428.34,-79.0,956.0,-177.0,0.419,-0.629,-0.49
1428.53,-82.0,958.0,-176.0,0.349,-0.699,-0.629
1428.71,-79.0,957.0,-176.0,0.419,-0.699,-0.56
1428.89,-81.0,958.0,-176.0,0.49,-0.699,-0.49
1429.7,-80.0,958.0,-176.0,0.419,-0.839,-0.629
1429.26,-81.0,956.0,-177.0,0.49,-0.699,-0.49
1429.44,-81.0,957.0,-176.0,0.419,-0.839,-0.629
1429.62,-78.0,957.0,-176.0,0.49,-0.629,-0.49
1429.8,-83.0,958.0,-176.0,0.349,-0.769,-0.56
1429.98,-80.0,958.0,-175.0,0.349,-0.769,-0.56
1430.17,-80.0,958.0,-175.0,0.349,-0.769,-0.49
1430.35,-81.0,958.0,-175.0,0.349,-0.769,-0.56
1430.53,-79.0,957.0,-176.0,0.419,-0.769,-0.49
1430.71,-83.0,958.0,-176.0,0.49,-0.769,-0.56
1430.9,-78.0,957.0,-177.0,0.349,-0.769,-0.629
1431.8,-81.0,957.0,-176.0,0.49,-0.769,-0.49
1431.26,-80.0,958.0,-175.0,0.419,-0.839,-0.629
1431.44,-78.0,956.0,-175.0,0.349,-0.699,-0.49
1431.62,-80.0,957.0,-177.0,0.419,-0.699,-0.49
1431.81,-80.0,958.0,-175.0,0.49,-0.769,-0.56
1431.99,-81.0,957.0,-176.0,0.49,-0.629,-0.56
1432.17,-80.0,957.0,-176.0,0.419,-0.839,-0.629
1432.35,-79.0,956.0,-176.0,0.49,-0.699,-0.49
1432.54,-79.0,958.0,-176.0,0.349,-0.769,-0.56
1432.72,-79.0,957.0,-176.0,0.419,-0.769,-0.49
1432.9,-80.0,958.0,-176.0,0.419,-0.769,-0.56
1433.8,-81.0,958.0,-175.0,0.49,-0.699,-0.49
1433.27,-79.0,956.0,-176.0,0.419,-0.769,-0.56
1433.45,-80.0,958.0,-175.0,0.419,-0.699,-0.49
1433.63,-79.0,958.0,-176.0,0.349,-0.769,-0.629
1433.81,-80.0,956.0,-177.0,0.49,-0.699,-0.419
1433.99,-82.0,958.0,-176.0,0.349,-0.98,-0.629
1434.18,-77.0,957.0,-176.0,0.419,-0.699,-0.49
1434.36,-80.0,956.0,-176.0,0.349,-0.629,-0.419
1434.54,-81.0,959.0,-175.0,0.28,-0.769,-0.629
1434.72,-75.0,956.0,-176.0,0.419,-0.56,-0.419
1434.91,-84.0,958.0,-174.0,0.419,-0.769,-0.56
1435.9,-78.0,958.0,-176.0,0.349,-0.839,-0.699
1435.27,-79.0,956.0,-177.0,0.56,-0.629,-0.419
1435.45,-80.0,958.0,-176.0,0.419,-0.839,-0.629
1435.64,-77.0,956.0,-177.0,0.419,-0.56,-0.419
1435.82,-83.0,957.0,-176.0,0.419,-0.769,-0.629
1436.0,-76.0,957.0,-176.0,0.349,-0.769,-0.49
1436.18,-83.0,958.0,-175.0,0.419,-0.699,-0.56
1436.36,-79.0,957.0,-175.0,0.419,-0.839,-0.629
1436.55,-80.0,957.0,-176.0,0.49,-0.699,-0.49
1436.73,-80.0,959.0,-175.0,0.28,-0.91,-0.699
1436.91,-75.0,955.0,-177.0,0.419,-0.49,-0.349
1437.9,-85.0,958.0,-176.0,0.419,-0.91,-0.629
1437.28,-75.0,955.0,-177.0,0.419,-0.629,-0.419
1437.46,-84.0,958.0,-175.0,0.49,-0.769,-0.629
1437.64,-76.0,956.0,-176.0,0.419,-0.769,-0.629
1440.38,-81.0,958.0,-175.0,0.419,-0.769,-0.56
1440.56,-79.0,957.0,-176.0,0.349,-0.839,-0.56
1440.74,-79.0,956.0,-176.0,0.419,-0.769,-0.49
1440.92,-81.0,957.0,-176.0,0.349,-0.839,-0.56
1441.1,-79.0,957.0,-175.0,0.28,-0.769,-0.56
1441.29,-81.0,957.0,-175.0,0.419,-0.769,-0.56
1441.47,-78.0,958.0,-175.0,0.419,-0.769,-0.629
1441.65,-79.0,956.0,-176.0,0.419,-0.699,-0.49
1441.83,-81.0,957.0,-177.0,0.349,-0.769,-0.56
1442.2,-78.0,956.0,-176.0,0.349,-0.769,-0.419
1442.2,-81.0,958.0,-176.0,0.49,-0.699,-0.49
1442.38,-79.0,958.0,-176.0,0.419,-0.839,-0.56
1442.56,-77.0,957.0,-175.0,0.419,-0.769,-0.49
1442.74,-80.0,957.0,-175.0,0.419,-0.769,-0.56
1442.93,-81.0,957.0,-177.0,0.419,-0.769,-0.49
1443.11,-80.0,957.0,-176.0,0.419,-0.769,-0.49
1443.29,-80.0,957.0,-177.0,0.49,-0.699,-0.629
1443.47,-79.0,957.0,-177.0,0.419,-0.699,-0.49
1443.66,-78.0,957.0,-176.0,0.349,-0.769,-0.56
1443.84,-82.0,957.0,-176.0,0.56,-0.699,-0.419
1444.2,-79.0,958.0,-175.0,0.349,-0.91,-0.699
1444.2,-77.0,956.0,-176.0,0.49,-0.56,-0.349
1444.39,-83.0,958.0,-176.0,0.419,-0.769,-0.629
1444.57,-78.0,956.0,-177.0,0.49,-0.699,-0.56
1444.75,-81.0,957.0,-175.0,0.419,-0.699,-0.49
1444.93,-80.0,957.0,-176.0,0.419,-0.769,-0.56
1445.11,-81.0,957.0,-177.0,0.49,-0.699,-0.49
1445.3,-81.0,957.0,-177.0,0.419,-0.699,-0.56
1445.48,-80.0,957.0,-175.0,0.419,-0.699,-0.56
1445.66,-79.0,957.0,-176.0,0.419,-0.769,-0.56
1445.84,-79.0,957.0,-175.0,0.49,-0.699,-0.49
1446.3,-81.0,957.0,-176.0,0.419,-0.769,-0.49
1446.21,-79.0,957.0,-177.0,0.349,-0.769,-0.49
1446.39,-80.0,957.0,-176.0,0.349,-0.769,-0.56
1446.57,-81.0,957.0,-176.0,0.419,-0.769,-0.629
1446.75,-80.0,958.0,-177.0,0.349,-0.699,-0.49
1446.94,-82.0,956.0,-177.0,0.349,-0.699,-0.56
1447.12,-80.0,957.0,-177.0,0.419,-0.839,-0.629
1447.3,-79.0,957.0,-175.0,0.49,-0.56,-0.56
1447.48,-84.0,958.0,-178.0,0.49,-0.769,-0.56
1447.67,-77.0,958.0,-176.0,0.419,-0.839,-0.699
1447.85,-80.0,956.0,-177.0,0.56,-0.629,-0.419
1448.3,-79.0,956.0,-176.0,0.349,-0.769,-0.629
1448.21,-80.0,957.0,-177.0,0.49,-0.629,-0.49
1448.4,-80.0,956.0,-177.0,0.419,-0.769,-0.56
1448.58,-81.0,958.0,-176.0,0.49,-0.769,-0.629
1448.76,-75.0,956.0,-176.0,0.28,-0.839,-0.56
1448.94,-82.0,957.0,-177.0,0.419,-0.56,-0.419
1449.12,-79.0,957.0,-175.0,0.349,-0.839,-0.56
1449.31,-78.0,957.0,-175.0,0.419,-0.699,-0.419
1449.49,-82.0,957.0,-177.0,0.49,-0.769,-0.56
1449.67,-79.0,957.0,-176.0,0.419,-0.839,-0.56
1449.85,-79.0,958.0,-176.0,0.49,-0.629,-0.49
1450.4,-81.0,958.0,-177.0,0.49,-0.769,-0.629
1450.22,-78.0,957.0,-177.0,0.49,-0.769,-0.56
1450.4,-80.0,957.0,-176.0,0.419,-0.699,-0.56
1450.58,-80.0,955.0,-177.0,0.349,-0.629,-0.56
1450.77,-80.0,958.0,-176.0,0.419,-0.769,-0.56
1450.95,-79.0,958.0,-175.0,0.419,-0.699,-0.49
1451.13,-79.0,957.0,-175.0,0.419,-0.699,-0.49
1451.31,-80.0,958.0,-175.0,0.419,-0.839,-0.56
1451.49,-78.0,956.0,-176.0,0.49,-0.769,-0.56
1451.68,-80.0,957.0,-177.0,0.49,-0.769,-0.56
1451.86,-80.0,957.0,-176.0,0.419,-0.769,-0.56
1452.4,-79.0,958.0,-176.0,0.49,-0.699,-0.56
1452.22,-78.0,957.0,-176.0,0.419,-0.699,-0.49
1452.41,-80.0,958.0,-176.0,0.419,-0.699,-0.49
1452.59,-82.0,958.0,-175.0,0.419,-0.839,-0.629
1452.77,-79.0,957.0,-175.0,0.49,-0.699,-0.49
1452.95,-82.0,958.0,-175.0,0.419,-0.769,-0.56
1453.14,-79.0,956.0,-176.0,0.419,-0.769,-0.56
1453.32,-81.0,957.0,-177.0,0.49,-0.769,-0.56
1453.5,-79.0,957.0,-176.0,0.349,-0.699,-0.56
1453.68,-80.0,958.0,-177.0,0.49,-0.699,-0.49
1453.86,-80.0,958.0,-177.0,0.419,-0.769,-0.56
1454.5,-79.0,957.0,-176.0,0.419,-0.699,-0.49
1454.23,-80.0,957.0,-176.0,0.419,-0.769,-0.49
1454.41,-81.0,957.0,-176.0,0.419,-0.769,-0.49
1454.59,-80.0,957.0,-176.0,0.349,-0.699,-0.56
1454.78,-81.0,958.0,-176.0,0.349,-0.699,-0.56
1454.96,-80.0,958.0,-177.0,0.419,-0.769,-0.56
1455.14,-81.0,957.0,-177.0,0.349,-0.699,-0.56
1455.32,-81.0,957.0,-178.0,0.49,-0.769,-0.56
1455.5,-79.0,958.0,-178.0,0.28,-0.769,-0.629
1455.69,-84.0,957.0,-177.0,0.49,-0.769,-0.56
1455.87,-79.0,958.0,-178.0,0.28,-0.91,-0.629
1456.5,-80.0,957.0,-178.0,0.49,-0.56,-0.419
1456.23,-81.0,959.0,-177.0,0.349,-0.839,-0.629
1456.42,-80.0,957.0,-178.0,0.49,-0.699,-0.49
1456.6,-81.0,958.0,-177.0,0.28,-0.839,-0.629
1456.78,-79.0,957.0,-177.0,0.49,-0.629,-0.49
1456.96,-81.0,958.0,-176.0,0.419,-0.769,-0.629
1457.15,-79.0,957.0,-177.0,0.419,-0.769,-0.56
1457.33,-80.0,957.0,-177.0,0.419,-0.769,-0.629
1457.51,-78.0,956.0,-176.0,0.349,-0.769,-0.56
1457.69,-79.0,958.0,-177.0,0.419,-0.769,-0.56
1457.87,-78.0,957.0,-175.0,0.349,-0.769,-0.56
1458.6,-81.0,957.0,-176.0,0.419,-0.699,-0.56
1458.24,-79.0,958.0,-176.0,0.419,-0.769,-0.56
1458.42,-82.0,958.0,-176.0,0.49,-0.699,-0.56
1458.6,-79.0,957.0,-177.0,0.419,-0.769,-0.629
1458.79,-80.0,957.0,-176.0,0.49,-0.699,-0.56
1458.97,-79.0,958.0,-177.0,0.419,-0.699,-0.49
1459.15,-80.0,956.0,-176.0,0.349,-0.769,-0.49
1459.33,-79.0,957.0,-176.0,0.419,-0.769,-0.49
1459.52,-80.0,958.0,-176.0,0.49,-0.629,-0.49
1459.7,-78.0,957.0,-177.0,0.419,-0.699,-0.56
1459.88,-78.0,957.0,-177.0,0.49,-0.699,-0.419
1460.6,-80.0,957.0,-176.0,0.419,-0.769,-0.56
1460.24,-78.0,958.0,-175.0,0.419,-0.769,-0.629
1460.43,-78.0,956.0,-176.0,0.349,-0.769,-0.56
1460.61,-80.0,958.0,-174.0,0.419,-0.699,-0.56
1460.79,-80.0,957.0,-176.0,0.419,-0.699,-0.56
1460.97,-80.0,956.0,-177.0,0.419,-0.699,-0.56
1461.16,-80.0,957.0,-178.0,0.419,-0.699,-0.49
1461.34,-81.0,957.0,-177.0,0.419,-0.769,-0.56
1461.52,-80.0,956.0,-179.0,0.419,-0.699,-0.49
1461.7,-81.0,958.0,-178.0,0.419,-0.769,-0.629
1461.89,-78.0,956.0,-178.0,0.28,-0.699,-0.419
1462.7,-83.0,958.0,-177.0,0.349,-0.769,-0.629
1462.25,-76.0,956.0,-177.0,0.349,-0.769,-0.419
1462.43,-84.0,959.0,-175.0,0.49,-0.839,-0.629
1462.61,-77.0,955.0,-177.0,0.349,-0.839,-0.49
1462.8,-80.0,957.0,-177.0,0.49,-0.769,-0.49
1462.98,-82.0,958.0,-176.0,0.419,-0.769,-0.629
1463.16,-80.0,957.0,-177.0,0.49,-0.699,-0.629
1463.34,-79.0,957.0,-178.0,0.349,-0.699,-0.629
1463.53,-81.0,957.0,-178.0,0.49,-0.769,-0.56
1463.71,-80.0,957.0,-177.0,0.349,-0.769,-0.629
1463.89,-80.0,957.0,-177.0,0.49,-0.699,-0.49
1464.7,-81.0,957.0,-177.0,0.419,-0.769,-0.56
1464.26,-79.0,956.0,-178.0,0.49,-0.769,-0.49
1464.44,-80.0,957.0,-176.0,0.349,-0.839,-0.56
1464.62,-81.0,957.0,-177.0,0.419,-0.699,-0.49
1464.8,-79.0,957.0,-176.0,0.349,-0.91,-0.699
1464.98,-80.0,958.0,-175.0,0.349,-0.769,-0.56
1465.17,-79.0,957.0,-175.0,0.419,-0.769,-0.56
1465.35,-81.0,958.0,-176.0,0.419,-0.769,-0.629
1465.53,-79.0,956.0,-177.0,0.419,-0.769,-0.56
1465.71,-82.0,958.0,-175.0,0.419,-0.769,-0.49
1465.9,-77.0,956.0,-177.0,0.349,-0.769,-0.49
1466.8,-82.0,957.0,-175.0,0.419,-0.699,-0.56
1466.26,-79.0,958.0,-175.0,0.419,-0.699,-0.629
1466.44,-80.0,957.0,-175.0,0.49,-0.769,-0.56
1466.63,-79.0,957.0,-175.0,0.419,-0.839,-0.629
1466.81,-80.0,956.0,-176.0,0.56,-0.699,-0.419
1466.99,-80.0,957.0,-176.0,0.419,-0.839,-0.56
1467.17,-78.0,958.0,-174.0,0.419,-0.839,-0.56
1467.35,-76.0,955.0,-175.0,0.49,-0.629,-0.419
1467.54,-83.0,959.0,-175.0,0.49,-0.91,-0.629
1467.72,-76.0,957.0,-175.0,0.28,-0.91,-0.629
1467.9,-78.0,956.0,-177.0,0.49,-0.699,-0.419
1468.8,-81.0,958.0,-176.0,0.419,-0.769,-0.629
1468.27,-79.0,959.0,-174.0,0.419,-0.769,-0.56
1468.45,-77.0,956.0,-177.0,0.349,-0.629,-0.419
1468.63,-81.0,959.0,-176.0,0.419,-0.699,-0.49
1468.81,-79.0,956.0,-176.0,0.349,-0.699,-0.49
1469.0,-84.0,959.0,-175.0,0.49,-0.91,-0.56
1469.18,-75.0,955.0,-176.0,0.28,-0.699,-0.419
1469.36,-85.0,959.0,-175.0,0.419,-0.769,-0.56
1469.54,-77.0,954.0,-177.0,0.349,-0.699,-0.56
1469.72,-83.0,959.0,-176.0,0.49,-0.699,-0.56
1472.46,-80.0,957.0,-176.0,0.28,-0.839,-0.699
1472.64,-81.0,958.0,-174.0,0.419,-0.699,-0.49
1472.82,-78.0,957.0,-176.0,0.349,-0.769,-0.49
1473.1,-81.0,957.0,-176.0,0.419,-0.699,-0.56
1473.19,-80.0,958.0,-176.0,0.419,-0.839,-0.629
1473.37,-78.0,954.0,-178.0,0.56,-0.56,-0.349
1473.55,-86.0,958.0,-175.0,0.419,-0.769,-0.769
1473.74,-75.0,955.0,-176.0,0.349,-0.769,-0.56
1473.92,-83.0,958.0,-174.0,0.56,-0.699,-0.49
1474.1,-77.0,957.0,-175.0,0.28,-0.839,-0.699
1474.28,-81.0,958.0,-177.0,0.49,-0.629,-0.419
1474.46,-80.0,958.0,-174.0,0.28,-0.91,-0.699
1474.65,-78.0,957.0,-176.0,0.49,-0.49,-0.349
1474.83,-82.0,958.0,-175.0,0.419,-0.91,-0.629
1475.1,-78.0,955.0,-177.0,0.49,-0.699,-0.419
1475.19,-81.0,959.0,-176.0,0.349,-0.91,-0.699
1475.38,-76.0,955.0,-177.0,0.49,-0.699,-0.49
1475.56,-80.0,957.0,-175.0,0.419,-0.699,-0.56
1475.74,-80.0,957.0,-176.0,0.349,-0.769,-0.56
1475.92,-80.0,956.0,-176.0,0.419,-0.699,-0.49
1476.1,-79.0,957.0,-176.0,0.349,-0.699,-0.629
1476.29,-78.0,957.0,-176.0,0.419,-0.699,-0.49
1476.47,-80.0,958.0,-175.0,0.419,-0.769,-0.56
1476.65,-78.0,956.0,-176.0,0.49,-0.769,-0.56
1476.83,-80.0,958.0,-175.0,0.419,-0.699,-0.56
1477.2,-79.0,955.0,-176.0,0.49,-0.629,-0.349
1477.2,-83.0,959.0,-175.0,0.419,-0.769,-0.629
1477.38,-77.0,957.0,-175.0,0.349,-0.769,-0.629
1477.56,-80.0,959.0,-175.0,0.49,-0.699,-0.49
1477.75,-79.0,957.0,-176.0,0.349,-0.769,-0.56
1477.93,-80.0,956.0,-177.0,0.49,-0.629,-0.49
1478.11,-80.0,957.0,-176.0,0.49,-0.769,-0.629
1478.29,-79.0,957.0,-176.0,0.419,-0.699,-0.49
1478.47,-80.0,956.0,-176.0,0.349,-0.629,-0.419
1481.21,-81.0,956.0,-177.0,0.49,-0.629,-0.49
1481.39,-82.0,959.0,-176.0,0.49,-0.91,-0.629
1481.57,-75.0,956.0,-176.0,0.28,-0.769,-0.49
1481.76,-82.0,955.0,-178.0,0.629,-0.56,-0.349
1481.94,-82.0,957.0,-175.0,0.28,-0.98,-0.839
1482.12,-75.0,956.0,-175.0,0.419,-0.629,-0.349
1482.3,-85.0,959.0,-176.0,0.419,-0.699,-0.56
1482.48,-80.0,957.0,-176.0,0.49,-0.839,-0.629
1482.67,-78.0,958.0,-175.0,0.49,-0.699,-0.56
1482.85,-81.0,957.0,-177.0,0.56,-0.699,-0.49
1483.3,-81.0,957.0,-176.0,0.56,-0.769,-0.56
1483.21,-77.0,956.0,-176.0,0.419,-0.699,-0.49
1483.4,-80.0,957.0,-176.0,0.49,-0.699,-0.419
1483.58,-79.0,957.0,-176.0,0.349,-0.839,-0.629
1483.76,-80.0,958.0,-175.0,0.419,-0.629,-0.49
1483.94,-77.0,957.0,-175.0,0.419,-0.91,-0.699
1484.13,-81.0,956.0,-175.0,0.56,-0.629,-0.49
1484.31,-78.0,957.0,-176.0,0.349,-0.91,-0.699
1484.49,-80.0,956.0,-177.0,0.56,-0.629,-0.419
1484.67,-79.0,958.0,-174.0,0.28,-0.839,-0.699
1484.85,-79.0,958.0,-176.0,0.349,-0.56,-0.419
1485.4,-82.0,958.0,-176.0,0.49,-0.769,-0.699
1485.22,-77.0,957.0,-174.0,0.349,-0.769,-0.629
1485.4,-82.0,959.0,-175.0,0.419,-0.699,-0.49
1485.58,-77.0,958.0,-175.0,0.349,-0.91,-0.56
1485.77,-79.0,959.0,-177.0,0.49,-0.629,-0.349
1485.95,-80.0,956.0,-177.0,0.419,-0.769,-0.49
1486.13,-81.0,957.0,-177.0,0.419,-0.699,-0.49
1486.31,-80.0,957.0,-176.0,0.419,-0.699,-0.419
1486.49,-80.0,957.0,-176.0,0.349,-0.839,-0.49
1486.68,-78.0,956.0,-176.0,0.419,-0.629,-0.49
1486.86,-84.0,958.0,-175.0,0.349,-0.839,-0.56
1487.4,-78.0,957.0,-176.0,0.349,-0.839,-0.629
1487.22,-81.0,957.0,-175.0,0.419,-0.699,-0.56
1487.41,-82.0,957.0,-176.0,0.419,-0.839,-0.699
1487.59,-80.0,958.0,-175.0,0.419,-0.699,-0.56
1487.77,-85.0,957.0,-175.0,0.49,-0.769,-0.629
1487.95,-79.0,957.0,-176.0,0.349,-0.91,-0.699
1488.14,-81.0,957.0,-176.0,0.419,-0.699,-0.49
1488.32,-80.0,955.0,-176.0,0.349,-0.769,-0.629
1488.5,-81.0,958.0,-175.0,0.419,-0.839,-0.629
1488.68,-79.0,956.0,-177.0,0.49,-0.769,-0.56
1488.86,-82.0,958.0,-175.0,0.349,-0.91,-0.699
1489.5,-79.0,955.0,-177.0,0.419,-0.699,-0.419
1489.23,-85.0,959.0,-176.0,0.419,-0.839,-0.699
1489.41,-71.0,955.0,-176.0,0.349,-0.699,-0.419
1489.59,-86.0,959.0,-176.0,0.49,-0.699,-0.49
1489.78,-75.0,956.0,-174.0,0.28,-0.839,-0.699
1489.96,-82.0,958.0,-175.0,0.49,-0.769,-0.419
1490.14,-78.0,956.0,-175.0,0.28,-0.839,-0.629
1490.32,-82.0,959.0,-175.0,0.49,-0.769,-0.49
1490.5,-81.0,959.0,-175.0,0.419,-0.839,-0.629
1490.69,-77.0,955.0,-176.0,0.419,-0.699,-0.49
1490.87,-82.0,958.0,-175.0,0.419,-0.769,-0.629
1491.5,-77.0,956.0,-176.0,0.49,-0.839,-0.56
1491.23,-82.0,958.0,-175.0,0.56,-0.769,-0.56
1491.42,-78.0,957.0,-175.0,0.349,-0.769,-0.629
1491.6,-81.0,958.0,-176.0,0.56,-0.699,-0.419
1491.78,-80.0,957.0,-177.0,0.349,-0.839,-0.629
1491.96,-77.0,956.0,-177.0,0.419,-0.629,-0.49
1492.15,-80.0,957.0,-178.0,0.419,-0.629,-0.56
1492.33,-79.0,958.0,-177.0,0.419,-0.629,-0.56
1492.51,-81.0,958.0,-175.0,0.419,-0.769,-0.629
1492.69,-76.0,956.0,-175.0,0.419,-0.629,-0.56
1492.87,-83.0,960.0,-174.0,0.49,-0.769,-0.49
1493.6,-78.0,956.0,-175.0,0.419,-0.769,-0.56
1493.24,-81.0,957.0,-177.0,0.419,-0.629,-0.419
1493.42,-81.0,959.0,-176.0,0.349,-0.699,-0.629
1493.6,-78.0,957.0,-177.0,0.419,-0.629,-0.419
1493.79,-81.0,958.0,-175.0,0.49,-0.769,-0.56
1493.97,-81.0,958.0,-175.0,0.349,-0.769,-0.56
1494.15,-82.0,958.0,-175.0,0.419,-0.699,-0.56
1494.33,-78.0,957.0,-175.0,0.419,-0.769,-0.419
1494.51,-82.0,959.0,-175.0,0.56,-0.699,-0.49
1494.7,-79.0,956.0,-176.0,0.419,-0.699,-0.56
1494.88,-78.0,957.0,-175.0,0.49,-0.839,-0.49
1495.6,-81.0,957.0,-176.0,0.49,-0.629,-0.56
1495.24,-79.0,956.0,-177.0,0.49,-0.769,-0.629
1495.43,-79.0,958.0,-175.0,0.419,-0.699,-0.56
1495.61,-81.0,957.0,-176.0,0.419,-0.769,-0.56
1495.79,-80.0,956.0,-177.0,0.349,-0.769,-0.56
1495.97,-81.0,959.0,-176.0,0.28,-0.699,-0.56
1496.16,-78.0,957.0,-176.0,0.28,-0.769,-0.56
1496.34,-81.0,957.0,-175.0,0.419,-0.839,-0.56
1496.52,-78.0,958.0,-176.0,0.49,-0.769,-0.56
1496.7,-81.0,958.0,-176.0,0.419,-0.769,-0.49
1496.88,-80.0,957.0,-177.0,0.49,-0.699,-0.629
1497.7,-80.0,957.0,-177.0,0.49,-0.769,-0.629
1497.25,-80.0,956.0,-177.0,0.49,-0.769,-0.56
1497.43,-81.0,957.0,-177.0,0.419,-0.699,-0.56
1497.61,-81.0,958.0,-176.0,0.419,-0.769,-0.56
1497.8,-81.0,958.0,-175.0,0.349,-0.769,-0.56
1497.98,-80.0,958.0,-176.0,0.419,-0.629,-0.49
1498.16,-78.0,957.0,-176.0,0.419,-0.839,-0.56
1498.34,-80.0,958.0,-176.0,0.419,-0.629,-0.49
1498.53,-81.0,957.0,-176.0,0.56,-0.769,-0.56
1498.71,-79.0,958.0,-176.0,0.49,-0.769,-0.56
1498.89,-80.0,958.0,-177.0,0.349,-0.699,-0.49
1499.7,-80.0,957.0,-176.0,0.419,-0.629,-0.49
1499.25,-80.0,958.0,-176.0,0.419,-0.769,-0.56
1499.44,-80.0,957.0,-175.0,0.419,-0.629,-0.56
1499.62,-80.0,957.0,-177.0,0.419,-0.839,-0.49
1499.8,-79.0,957.0,-175.0,0.49,-0.699,-0.49
1499.98,-80.0,958.0,-175.0,0.419,-0.699,-0.56
1500.17,-80.0,957.0,-176.0,0.419,-0.769,-0.629
1500.35,-79.0,958.0,-176.0,0.419,-0.769,-0.56
1500.53,-80.0,957.0,-176.0,0.419,-0.699,-0.49
1500.71,-81.0,958.0,-175.0,0.419,-0.839,-0.629
1500.9,-77.0,956.0,-176.0,0.49,-0.769,-0.419
1501.8,-81.0,958.0,-174.0,0.49,-0.769,-0.56
1501.26,-81.0,958.0,-174.0,0.419,-0.769,-0.629
1501.44,-78.0,957.0,-176.0,0.419,-0.699,-0.49
1501.62,-81.0,956.0,-176.0,0.49,-0.699,-0.49
1501.81,-78.0,958.0,-175.0,0.419,-0.629,-0.49
1501.99,-80.0,957.0,-175.0,0.419,-0.769,-0.49
1502.17,-78.0,957.0,-176.0,0.349,-0.839,-0.629
1502.35,-80.0,958.0,-176.0,0.49,-0.629,-0.49
1502.54,-80.0,957.0,-175.0,0.419,-0.769,-0.56
1502.72,-78.0,957.0,-175.0,0.49,-0.769,-0.56
1502.9,-80.0,958.0,-175.0,0.419,-0.839,-0.56
1503.8,-78.0,956.0,-175.0,0.419,-0.699,-0.49
1503.27,-80.0,958.0,-176.0,0.49,-0.699,-0.49
1503.45,-80.0,958.0,-174.0,0.419,-0.769,-0.629
1503.63,-80.0,956.0,-177.0,0.419,-0.629,-0.56
1503.81,-80.0,957.0,-175.0,0.349,-0.699,-0.56
1503.99,-81.0,958.0,-176.0,0.419,-0.769,-0.56
1504.18,-79.0,957.0,-175.0,0.419,-0.769,-0.56
1504.36,-79.0,957.0,-176.0,0.419,-0.629,-0.419
1504.54,-82.0,958.0,-176.0,0.419,-0.699,-0.629
1504.72,-79.0,956.0,-176.0,0.349,-0.699,-0.56
1504.91,-82.0,958.0,-176.0,0.419,-0.699,-0.419
1505.9,-79.0,958.0,-175.0,0.349,-0.769,-0.629
1505.27,-80.0,958.0,-177.0,0.49,-0.629,-0.349
1505.45,-80.0,957.0,-175.0,0.349,-0.769,-0.629
1505.64,-78.0,957.0,-176.0,0.419,-0.629,-0.49
1505.82,-82.0,957.0,-177.0,0.419,-0.769,-0.56
1506.0,-79.0,957.0,-176.0,0.419,-0.769,-0.49
1506.18,-82.0,957.0,-176.0,0.419,-0.629,-0.56
1506.36,-81.0,958.0,-176.0,0.349,-0.839,-0.629
1506.55,-78.0,957.0,-176.0,0.419,-0.629,-0.49
1506.73,-81.0,958.0,-176.0,0.49,-0.699,-0.56
1506.91,-79.0,957.0,-176.0,0.49,-0.699,-0.49
1508.37,-81.0,957.0,-176.0,0.49,-0.769,-0.56
1508.55,-81.0,958.0,-176.0,0.349,-0.769,-0.56
1508.73,-80.0,957.0,-176.0,0.419,-0.769,-0.56
1508.92,-82.0,957.0,-176.0,0.419,-0.769,-0.629
1509.1,-78.0,956.0,-175.0,0.349,-0.769,-0.56
1509.28,-82.0,958.0,-176.0,0.419,-0.769,-0.49
1509.46,-77.0,956.0,-177.0,0.349,-0.699,-0.56
1509.65,-79.0,956.0,-177.0,0.49,-0.699,-0.49
1509.83,-80.0,957.0,-176.0,0.419,-0.769,-0.56
1510.1,-80.0,958.0,-176.0,0.419,-0.699,-0.49
1510.19,-81.0,958.0,-176.0,0.419,-0.699,-0.629
1510.37,-78.0,957.0,-176.0,0.349,-0.769,-0.49
1510.56,-80.0,959.0,-176.0,0.419,-0.699,-0.56
1510.74,-80.0,957.0,-176.0,0.349,-0.769,-0.56
1510.92,-79.0,957.0,-176.0,0.419,-0.629,-0.56
1511.1,-81.0,957.0,-177.0,0.419,-0.769,-0.629
1511.29,-78.0,956.0,-176.0,0.419,-0.769,-0.56
1511.47,-81.0,957.0,-176.0,0.419,-0.699,-0.49
1511.65,-80.0,958.0,-175.0,0.419,-0.769,-0.56
1511.83,-78.0,956.0,-176.0,0.419,-0.699,-0.56
1512.2,-81.0,957.0,-176.0,0.419,-0.769,-0.49
1512.2,-81.0,958.0,-176.0,0.419,-0.769,-0.56
1512.38,-81.0,958.0,-176.0,0.419,-0.769,-0.56
1512.56,-80.0,957.0,-176.0,0.49,-0.699,-0.629
1512.74,-81.0,958.0,-176.0,0.56,-0.839,-0.56
1512.93,-81.0,956.0,-176.0,0.419,-0.769,-0.56
1513.11,-80.0,958.0,-176.0,0.349,-0.699,-0.56
1513.29,-79.0,957.0,-176.0,0.419,-0.629,-0.49
1513.47,-80.0,957.0,-177.0,0.349,-0.769,-0.56
1513.66,-80.0,957.0,-177.0,0.419,-0.769,-0.56
1513.84,-82.0,958.0,-176.0,0.419,-0.769,-0.56
1514.2,-82.0,957.0,-177.0,0.419,-0.699,-0.629
1514.2,-81.0,958.0,-177.0,0.419,-0.769,-0.629
1514.38,-80.0,957.0,-177.0,0.349,-0.769,-0.56
1514.57,-80.0,957.0,-178.0,0.56,-0.699,-0.49
1514.75,-81.0,958.0,-177.0,0.419,-0.699,-0.49
1514.93,-79.0,958.0,-177.0,0.419,-0.699,-0.49
1515.11,-79.0,958.0,-177.0,0.49,-0.699,-0.49
1515.3,-80.0,957.0,-177.0,0.56,-0.699,-0.419
1515.48,-81.0,957.0,-176.0,0.419,-0.699,-0.56
1515.66,-79.0,957.0,-176.0,0.419,-0.699,-0.56
1515.84,-81.0,958.0,-176.0,0.49,-0.699,-0.56
1516.3,-78.0,957.0,-176.0,0.349,-0.839,-0.629
1516.21,-80.0,957.0,-176.0,0.419,-0.699,-0.49
1516.39,-81.0,958.0,-175.0,0.349,-0.769,-0.629
1516.57,-79.0,957.0,-176.0,0.49,-0.629,-0.49
1516.75,-80.0,957.0,-176.0,0.49,-0.769,-0.56
1516.94,-79.0,957.0,-176.0,0.49,-0.699,-0.56
1517.12,-80.0,958.0,-176.0,0.349,-0.839,-0.629
1517.3,-79.0,957.0,-175.0,0.49,-0.699,-0.49
1517.48,-80.0,958.0,-175.0,0.419,-0.699,-0.56
1517.67,-80.0,957.0,-176.0,0.419,-0.769,-0.56
1517.85,-79.0,956.0,-177.0,0.419,-0.699,-0.49
1518.3,-80.0,957.0,-176.0,0.349,-0.699,-0.56
1518.21,-78.0,957.0,-177.0,0.49,-0.699,-0.49
1518.4,-81.0,957.0,-175.0,0.419,-0.769,-0.56
1518.58,-79.0,957.0,-177.0,0.419,-0.769,-0.49
1518.76,-81.0,957.0,-175.0,0.419,-0.699,-0.56
1518.94,-80.0,957.0,-175.0,0.419,-0.699,-0.49
1519.12,-80.0,957.0,-176.0,0.419,-0.699,-0.419
1519.31,-80.0,958.0,-176.0,0.349,-0.839,-0.629
1519.49,-81.0,958.0,-176.0,0.419,-0.699,-0.56
1519.67,-80.0,958.0,-176.0,0.419,-0.769,-0.49
1519.85,-79.0,958.0,-176.0,0.419,-0.769,-0.49
1520.4,-81.0,957.0,-176.0,0.49,-0.699,-0.49
1520.22,-81.0,957.0,-176.0,0.349,-0.769,-0.629
1520.4,-79.0,957.0,-176.0,0.419,-0.769,-0.56
1520.58,-80.0,957.0,-176.0,0.419,-0.699,-0.56
1520.76,-80.0,957.0,-176.0,0.419,-0.769,-0.56
1520.95,-80.0,957.0,-176.0,0.419,-0.699,-0.56
1521.13,-80.0,957.0,-176.0,0.419,-0.769,-0.56
1521.31,-80.0,957.0,-177.0,0.419,-0.769,-0.49
1521.49,-80.0,957.0,-176.0,0.349,-0.699,-0.56
1521.68,-79.0,957.0,-176.0,0.419,-0.699,-0.56
1521.86,-81.0,957.0,-176.0,0.349,-0.769,-0.49
1522.4,-80.0,957.0,-175.0,0.419,-0.839,-0.56
1522.22,-81.0,957.0,-176.0,0.419,-0.699,-0.629
1522.41,-81.0,958.0,-176.0,0.419,-0.769,-0.629
1522.59,-78.0,957.0,-175.0,0.349,-0.629,-0.56
1522.77,-82.0,957.0,-176.0,0.49,-0.699,-0.56
1522.95,-80.0,957.0,-175.0,0.349,-0.769,-0.56
1523.13,-80.0,957.0,-175.0,0.49,-0.699,-0.419
1523.32,-80.0,957.0,-175.0,0.419,-0.839,-0.56
1523.5,-78.0,957.0,-175.0,0.419,-0.629,-0.49
1523.68,-80.0,957.0,-176.0,0.419,-0.769,-0.49
1523.86,-79.0,957.0,-176.0,0.419,-0.699,-0.56
1524.5,-79.0,957.0,-176.0,0.419,-0.769,-0.56
1524.23,-79.0,956.0,-175.0,0.49,-0.629,-0.49
1524.41,-80.0,958.0,-175.0,0.419,-0.769,-0.629
1524.59,-79.0,957.0,-176.0,0.349,-0.699,-0.56
1524.78,-79.0,957.0,-175.0,0.349,-0.769,-0.56
1527.51,-79.0,957.0,-176.0,0.419,-0.699,-0.56
1527.69,-80.0,957.0,-176.0,0.28,-0.699,-0.56
1527.87,-81.0,958.0,-176.0,0.419,-0.769,-0.629
1528.6,-80.0,957.0,-175.0,0.349,-0.699,-0.629
1528.24,-79.0,956.0,-175.0,0.419,-0.769,-0.56
1528.42,-81.0,957.0,-176.0,0.49,-0.769,-0.49
1528.6,-80.0,957.0,-175.0,0.419,-0.769,-0.56
1528.79,-79.0,956.0,-176.0,0.419,-0.839,-0.56
1528.97,-79.0,956.0,-176.0,0.49,-0.769,-0.56
1529.15,-79.0,958.0,-176.0,0.49,-0.769,-0.56
1529.33,-80.0,957.0,-176.0,0.419,-0.699,-0.629
1529.51,-80.0,957.0,-176.0,0.419,-0.629,-0.49
1529.7,-80.0,958.0,-176.0,0.419,-0.839,-0.56
1529.88,-80.0,956.0,-177.0,0.419,-0.699,-0.49
1530.6,-81.0,958.0,-175.0,0.419,-0.769,-0.629
1530.24,-79.0,957.0,-175.0,0.419,-0.699,-0.56
1530.43,-79.0,958.0,-175.0,0.349,-0.769,-0.49
1530.61,-80.0,957.0,-175.0,0.49,-0.769,-0.56
1530.79,-78.0,958.0,-175.0,0.49,-0.699,-0.49
1530.97,-81.0,957.0,-176.0,0.56,-0.769,-0.56
1531.16,-79.0,957.0,-176.0,0.49,-0.699,-0.49
1531.34,-80.0,957.0,-176.0,0.419,-0.839,-0.56
1531.52,-79.0,956.0,-177.0,0.49,-0.699,-0.49
1531.7,-81.0,958.0,-175.0,0.419,-0.699,-0.56
1531.88,-79.0,956.0,-177.0,0.419,-0.699,-0.56
1532.7,-81.0,958.0,-175.0,0.419,-0.769,-0.56
1532.25,-78.0,957.0,-175.0,0.349,-0.699,-0.56
1532.43,-81.0,957.0,-175.0,0.419,-0.769,-0.629
1532.61,-78.0,957.0,-176.0,0.419,-0.699,-0.49
1532.8,-81.0,958.0,-175.0,0.419,-0.769,-0.56
1532.98,-80.0,958.0,-176.0,0.419,-0.699,-0.56
1533.16,-79.0,956.0,-175.0,0.419,-0.699,-0.49
1533.34,-81.0,958.0,-176.0,0.419,-0.699,-0.56
1533.52,-78.0,956.0,-175.0,0.49,-0.699,-0.49
1533.71,-83.0,958.0,-174.0,0.49,-0.839,-0.56
1533.89,-78.0,956.0,-176.0,0.419,-0.769,-0.56
1534.7,-82.0,957.0,-175.0,0.49,-0.769,-0.56
1534.25,-80.0,958.0,-175.0,0.419,-0.769,-0.629
1534.44,-80.0,957.0,-177.0,0.629,-0.629,-0.49
1534.62,-81.0,958.0,-175.0,0.349,-0.699,-0.56
1534.8,-79.0,957.0,-176.0,0.419,-0.699,-0.56
1534.98,-80.0,957.0,-175.0,0.49,-0.839,-0.49
1535.17,-80.0,957.0,-176.0,0.49,-0.699,-0.49
1535.35,-80.0,957.0,-176.0,0.419,-0.699,-0.56
1535.53,-81.0,957.0,-176.0,0.419,-0.699,-0.629
1535.71,-79.0,957.0,-177.0,0.419,-0.769,-0.49
1535.89,-81.0,958.0,-175.0,0.349,-0.769,-0.56
1536.8,-80.0,957.0,-176.0,0.419,-0.769,-0.56
1536.26,-81.0,959.0,-176.0,0.419,-0.699,-0.56
1536.44,-78.0,956.0,-175.0,0.419,-0.769,-0.56
1536.62,-81.0,959.0,-176.0,0.49,-0.769,-0.56
1536.81,-78.0,956.0,-176.0,0.349,-0.839,-0.629
1536.99,-81.0,956.0,-175.0,0.49,-0.629,-0.49
1537.17,-79.0,956.0,-175.0,0.419,-0.769,-0.629
1537.35,-80.0,957.0,-176.0,0.419,-0.699,-0.49
1537.53,-80.0,958.0,-176.0,0.349,-0.769,-0.56
1537.72,-80.0,957.0,-176.0,0.419,-0.699,-0.56
1537.9,-80.0,957.0,-177.0,0.349,-0.769,-0.56
1538.8,-79.0,956.0,-176.0,0.56,-0.769,-0.56
1538.26,-80.0,958.0,-175.0,0.419,-0.769,-0.629
1538.45,-80.0,957.0,-176.0,0.419,-0.699,-0.49
1538.63,-79.0,956.0,-176.0,0.49,-0.769,-0.49
1538.81,-79.0,958.0,-176.0,0.419,-0.699,-0.56
1539.54,-81.0,957.0,-175.0,0.419,-0.769,-0.49
1539.72,-79.0,957.0,-176.0,0.419,-0.839,-0.56
1539.9,-81.0,958.0,-175.0,0.419,-0.629,-0.56
1540.9,-79.0,957.0,-177.0,0.49,-0.629,-0.49
1540.27,-81.0,957.0,-176.0,0.419,-0.839,-0.56
1540.45,-79.0,956.0,-176.0,0.419,-0.769,-0.56
1540.63,-80.0,956.0,-177.0,0.419,-0.839,-0.56
1540.82,-80.0,956.0,-177.0,0.349,-0.699,-0.56
1541.0,-80.0,957.0,-177.0,0.419,-0.699,-0.629
1541.18,-80.0,957.0,-176.0,0.49,-0.699,-0.56
1541.36,-81.0,958.0,-176.0,0.349,-0.769,-0.629
1541.54,-80.0,957.0,-176.0,0.419,-0.699,-0.56
1547.1,-82.0,956.0,-178.0,0.349,-0.769,-0.56
1547.2,-82.0,956.0,-177.0,0.419,-0.699,-0.56
1547.38,-82.0,958.0,-176.0,0.419,-0.699,-0.49
1547.56,-81.0,957.0,-175.0,0.349,-0.839,-0.629
1547.74,-80.0,957.0,-176.0,0.56,-0.699,-0.56
1547.92,-80.0,957.0,-177.0,0.419,-0.699,-0.56
1548.11,-82.0,957.0,-176.0,0.419,-0.839,-0.629
1548.29,-79.0,958.0,-177.0,0.419,-0.629,-0.56
1548.47,-80.0,957.0,-176.0,0.349,-0.699,-0.49
1548.65,-80.0,958.0,-176.0,0.349,-0.699,-0.49
1548.84,-80.0,958.0,-174.0,0.49,-0.769,-0.56
1549.2,-81.0,957.0,-177.0,0.56,-0.699,-0.56
1549.2,-79.0,958.0,-175.0,0.349,-0.839,-0.56
1549.38,-82.0,957.0,-177.0,0.629,-0.56,-0.419
1549.56,-81.0,958.0,-175.0,0.49,-0.91,-0.769
1549.75,-78.0,957.0,-177.0,0.49,-0.56,-0.419
1549.93,-82.0,958.0,-174.0,0.349,-0.839,-0.769
1550.11,-78.0,957.0,-176.0,0.419,-0.629,-0.56
1550.29,-81.0,958.0,-174.0,0.349,-0.769,-0.56
1550.48,-80.0,956.0,-176.0,0.49,-0.699,-0.49
1550.66,-82.0,958.0,-175.0,0.419,-0.839,-0.699
1550.84,-78.0,956.0,-176.0,0.56,-0.629,-0.49
1551.2,-83.0,957.0,-176.0,0.49,-0.91,-0.699
1551.2,-79.0,957.0,-175.0,0.419,-0.769,-0.56
1551.39,-81.0,956.0,-176.0,0.419,-0.769,-0.629
1551.57,-79.0,956.0,-176.0,0.419,-0.699,-0.56
1551.75,-81.0,957.0,-176.0,0.49,-0.839,-0.629
1551.93,-80.0,957.0,-175.0,0.28,-0.699,-0.56
1552.12,-80.0,957.0,-177.0,0.419,-0.769,-0.49
1552.3,-79.0,957.0,-175.0,0.28,-0.839,-0.56
1552.48,-81.0,956.0,-177.0,0.419,-0.699,-0.419
1552.66,-80.0,958.0,-177.0,0.419,-0.91,-0.56
1552.84,-79.0,957.0,-176.0,0.49,-0.699,-0.419
1553.3,-81.0,958.0,-176.0,0.349,-0.839,-0.629
1553.21,-79.0,956.0,-176.0,0.49,-0.699,-0.49
1553.39,-81.0,959.0,-176.0,0.419,-0.839,-0.56
1553.57,-77.0,956.0,-177.0,0.419,-0.629,-0.49
1553.76,-81.0,958.0,-176.0,0.49,-0.699,-0.49
1553.94,-78.0,957.0,-176.0,0.419,-0.629,-0.49
1554.12,-79.0,957.0,-175.0,0.419,-0.699,-0.49
1554.3,-79.0,957.0,-176.0,0.419,-0.769,-0.49
1554.49,-79.0,957.0,-177.0,0.349,-0.699,-0.49
1554.67,-82.0,957.0,-176.0,0.49,-0.699,-0.56
1554.85,-80.0,957.0,-175.0,0.349,-0.769,-0.56
1555.3,-83.0,957.0,-177.0,0.56,-0.699,-0.56
1555.21,-78.0,957.0,-175.0,0.349,-0.839,-0.629
1555.4,-80.0,957.0,-176.0,0.419,-0.629,-0.49
1555.58,-80.0,958.0,-176.0,0.209,-0.839,-0.699
1555.76,-78.0,956.0,-177.0,0.56,-0.629,-0.419
1555.94,-81.0,958.0,-175.0,0.419,-0.839,-0.699
1556.13,-76.0,956.0,-177.0,0.419,-0.699,-0.49
1556.31,-79.0,957.0,-175.0,0.419,-0.769,-0.56
1556.49,-78.0,957.0,-175.0,0.349,-0.699,-0.49
1556.67,-79.0,957.0,-176.0,0.28,-0.91,-0.699
1556.85,-81.0,957.0,-176.0,0.49,-0.769,-0.56
1557.4,-76.0,956.0,-176.0,0.349,-0.839,-0.629
1557.22,-80.0,958.0,-176.0,0.56,-0.699,-0.419
1557.4,-77.0,956.0,-176.0,0.28,-0.839,-0.629
1557.58,-80.0,958.0,-176.0,0.49,-0.629,-0.49
1557.77,-77.0,958.0,-176.0,0.28,-0.839,-0.629
1557.95,-82.0,957.0,-176.0,0.49,-0.56,-0.349
1558.13,-79.0,959.0,-173.0,0.14,-0.839,-0.769
1558.31,-81.0,958.0,-176.0,0.629,-0.56,-0.419
1558.5,-80.0,957.0,-177.0,0.349,-0.98,-0.699
1558.68,-81.0,958.0,-175.0,0.49,-0.91,-0.629
1558.86,-76.0,954.0,-177.0,0.419,-0.699,-0.49
1559.4,-85.0,958.0,-175.0,0.209,-0.769,-0.56
1559.22,-80.0,956.0,-178.0,0.349,-0.699,-0.56
1559.41,-81.0,957.0,-176.0,0.419,-0.839,-0.629
1559.59,-82.0,959.0,-175.0,0.56,-0.769,-0.56
1559.77,-80.0,957.0,-174.0,0.419,-0.91,-0.699
1559.95,-78.0,958.0,-175.0,0.49,-0.699,-0.49
1560.14,-82.0,957.0,-178.0,0.49,-0.699,-0.49
1560.32,-80.0,956.0,-178.0,0.349,-0.91,-0.629
1560.5,-81.0,955.0,-178.0,0.629,-0.629,-0.49
1560.68,-81.0,959.0,-175.0,0.209,-0.98,-0.839
1560.86,-73.0,954.0,-177.0,0.419,-0.419,-0.28
1561.5,-85.0,959.0,-175.0,0.349,-0.91,-0.629
1561.23,-78.0,958.0,-175.0,0.49,-0.839,-0.49
1561.41,-81.0,959.0,-174.0,0.419,-0.91,-0.629
1561.59,-75.0,955.0,-176.0,0.49,-0.699,-0.56
1561.78,-79.0,958.0,-175.0,0.209,-0.839,-0.56
1561.96,-82.0,956.0,-178.0,0.419,-0.699,-0.49
1562.14,-81.0,959.0,-176.0,0.28,-0.769,-0.699
1562.32,-79.0,955.0,-179.0,0.28,-0.56,-0.419
1562.51,-84.0,959.0,-176.0,0.419,-0.98,-0.769
1562.69,-77.0,956.0,-175.0,0.56,-0.629,-0.419
1562.87,-85.0,959.0,-174.0,0.419,-0.98,-0.769
1563.5,-74.0,954.0,-179.0,0.56,-0.699,-0.28
1563.23,-84.0,960.0,-175.0,0.49,-0.91,-0.629
1563.42,-79.0,957.0,-176.0,0.629,-0.629,-0.699
1563.6,-81.0,957.0,-176.0,0.56,-0.56,-0.56
1563.78,-83.0,960.0,-173.0,0.49,-0.699,-0.699
1563.96,-77.0,958.0,-174.0,0.349,-0.699,-0.49
1564.15,-83.0,958.0,-175.0,0.56,-0.56,-0.349
1564.33,-84.0,960.0,-172.0,0.419,-0.839,-0.769
1564.51,-75.0,955.0,-176.0,0.419,-0.769,-0.629
1564.69,-84.0,959.0,-175.0,0.699,-0.699,-0.349
1564.87,-77.0,956.0,-176.0,0.28,-0.839,-0.56
1565.6,-85.0,957.0,-177.0,0.419,-0.629,-0.49
1565.24,-77.0,955.0,-178.0,0.209,-0.91,-0.629
1565.42,-81.0,957.0,-176.0,0.419,-0.56,-0.349
1565.6,-85.0,961.0,-172.0,0.49,-0.839,-0.699
1568.7,-74.0,959.0,-174.0,0.419,-0.699,-0.699
1568.88,-83.0,956.0,-178.0,0.839,-0.209,-0.07
1569.7,-86.0,962.0,-174.0,0.419,-1.399,-1.19
1569.25,-74.0,953.0,-177.0,0.91,-0.419,-0.07
1569.43,-89.0,963.0,-172.0,0.419,-0.98,-0.98
1569.61,-74.0,955.0,-177.0,0.629,-0.49,-0.56
1569.8,-82.0,959.0,-171.0,0.56,-0.49,-0.699
1569.98,-75.0,956.0,-174.0,0.28,-0.56,-0.49
1570.16,-89.0,959.0,-177.0,0.699,-0.699,-0.769
1570.34,-77.0,957.0,-177.0,0.839,-0.91,-0.769
1570.52,-79.0,957.0,-177.0,0.91,-0.349,-0.419
1570.71,-82.0,955.0,-182.0,0.91,-0.56,-0.56
1570.89,-79.0,953.0,-184.0,0.769,-0.769,-0.629
1571.7,-80.0,954.0,-180.0,0.49,-0.49,-0.419
1571.25,-86.0,958.0,-180.0,0.49,-0.419,-0.629
1571.44,-81.0,958.0,-177.0,0.629,-0.349,-0.839
1571.62,-74.0,953.0,-178.0,0.28,-0.49,-0.56
1571.8,-86.0,960.0,-177.0,0.419,-0.56,-0.419
1571.98,-78.0,955.0,-176.0,0.699,-0.56,-0.49
1572.16,-79.0,957.0,-176.0,0.28,-0.91,-0.699
1572.35,-78.0,955.0,-177.0,0.56,-0.629,-0.209
1572.53,-86.0,958.0,-178.0,0.49,-0.91,-0.699
1572.71,-73.0,957.0,-178.0,0.28,-0.769,-0.629
1572.89,-86.0,957.0,-178.0,0.98,-0.14,-0.28
1573.8,-79.0,957.0,-176.0,0.209,-0.98,-1.049
1573.26,-81.0,955.0,-176.0,0.839,-0.419,-0.209
1573.44,-79.0,957.0,-174.0,0.49,-1.12,-0.769
1573.62,-81.0,962.0,-171.0,0.349,-0.56,-0.629
1573.81,-80.0,955.0,-175.0,0.49,-0.349,-0.629
1573.99,-83.0,960.0,-173.0,0.28,-0.769,-0.839
1574.17,-73.0,956.0,-174.0,0.07,-0.699,-0.699
1574.35,-87.0,958.0,-175.0,0.56,-0.699,-0.419
1574.53,-72.0,955.0,-175.0,-0.07,-1.049,-0.839
1574.72,-85.0,958.0,-180.0,0.699,-0.629,-0.209
1574.9,-72.0,952.0,-181.0,0.349,-1.12,-0.629
1575.8,-88.0,962.0,-173.0,0.49,-0.699,-0.49
1575.26,-73.0,954.0,-179.0,0.209,-0.769,-0.49
1575.45,-86.0,962.0,-174.0,0.629,-0.699,-0.49
1575.63,-74.0,954.0,-176.0,0.419,-0.629,-0.419
1575.81,-88.0,960.0,-173.0,0.419,-0.629,-0.56
1575.99,-78.0,957.0,-176.0,0.419,-0.629,-0.56
1576.17,-83.0,955.0,-178.0,0.56,-0.699,-0.629
1576.36,-80.0,955.0,-178.0,0.49,-0.769,-0.56
1576.54,-84.0,956.0,-177.0,0.56,-0.56,-0.56
1576.72,-79.0,957.0,-173.0,0.14,-0.98,-0.769
1576.9,-80.0,955.0,-176.0,0.349,-0.699,-0.349
1577.9,-83.0,960.0,-176.0,0.349,-0.98,-0.699
1577.27,-80.0,957.0,-175.0,0.629,-0.699,-0.49
1577.45,-82.0,959.0,-174.0,0.419,-0.699,-0.769
1577.63,-77.0,956.0,-178.0,0.56,-0.629,-0.56
1577.81,-80.0,957.0,-175.0,0.419,-0.839,-0.49
1578.0,-81.0,957.0,-176.0,0.419,-0.699,-0.419
1578.18,-80.0,959.0,-176.0,0.28,-0.629,-0.629
1578.36,-79.0,957.0,-177.0,0.419,-0.49,-0.56
1578.54,-78.0,958.0,-175.0,0.419,-0.699,-0.56
1578.73,-78.0,957.0,-174.0,0.419,-0.629,-0.349
1578.91,-81.0,959.0,-174.0,0.419,-0.769,-0.49
1579.9,-77.0,957.0,-176.0,0.49,-0.699,-0.419
1579.27,-81.0,957.0,-177.0,0.49,-0.769,-0.419
1579.45,-80.0,957.0,-177.0,0.49,-0.839,-0.56
1579.64,-79.0,955.0,-177.0,0.349,-0.629,-0.349
1579.82,-83.0,958.0,-179.0,0.49,-0.629,-0.629
1580.0,-79.0,958.0,-174.0,0.56,-0.629,-0.56
1580.18,-80.0,957.0,-175.0,0.49,-0.769,-0.56
1580.37,-78.0,957.0,-175.0,0.419,-0.839,-0.49
1580.55,-81.0,956.0,-178.0,0.28,-0.839,-0.419
1580.73,-81.0,957.0,-177.0,0.28,-0.699,-0.56
1580.91,-80.0,957.0,-178.0,0.419,-0.49,-0.49
1581.28,-79.0,956.0,-176.0,0.49,-0.699,-0.419
1581.46,-80.0,959.0,-173.0,0.349,-0.91,-0.49
1581.64,-81.0,958.0,-176.0,0.419,-0.769,-0.419
1581.82,-81.0,958.0,-176.0,0.419,-0.839,-0.629
1582.1,-78.0,956.0,-179.0,0.629,-0.629,-0.49
1582.19,-81.0,958.0,-176.0,0.56,-0.769,-0.56
1582.37,-78.0,956.0,-177.0,0.49,-0.699,-0.56
1582.55,-81.0,957.0,-175.0,0.49,-0.769,-0.49
1582.74,-79.0,957.0,-174.0,0.28,-0.839,-0.629
1582.92,-80.0,956.0,-177.0,0.49,-0.699,-0.49
1583.1,-81.0,957.0,-176.0,0.349,-0.839,-0.56
1583.28,-80.0,958.0,-176.0,0.49,-0.769,-0.56
1583.46,-82.0,957.0,-176.0,0.49,-0.839,-0.629
1583.65,-78.0,956.0,-176.0,0.49,-0.769,-0.56
1583.83,-81.0,957.0,-175.0,0.49,-0.769,-0.49
1584.1,-79.0,956.0,-177.0,0.209,-0.839,-0.56
1584.19,-80.0,957.0,-178.0,0.419,-0.699,-0.49
1584.38,-79.0,957.0,-176.0,0.349,-0.839,-0.699
1584.56,-78.0,957.0,-175.0,0.49,-0.699,-0.49
1584.74,-80.0,958.0,-175.0,0.349,-0.839,-0.56
1584.92,-78.0,956.0,-176.0,0.28,-0.769,-0.49
1585.1,-82.0,957.0,-176.0,0.419,-0.699,-0.49
1585.29,-80.0,958.0,-177.0,0.49,-0.699,-0.629
1585.47,-79.0,958.0,-177.0,0.49,-0.56,-0.629
1585.65,-81.0,956.0,-175.0,0.49,-0.839,-0.56
1585.83,-78.0,957.0,-175.0,0.349,-0.769,-0.49
1586.2,-81.0,956.0,-175.0,0.349,-0.769,-0.49
1586.2,-80.0,957.0,-176.0,0.49,-0.699,-0.56
1586.38,-80.0,957.0,-176.0,0.49,-0.699,-0.629
1586.56,-79.0,956.0,-175.0,0.419,-0.769,-0.629
1586.74,-79.0,957.0,-176.0,0.419,-0.769,-0.56
1586.93,-80.0,957.0,-176.0,0.49,-0.769,-0.49
1587.11,-82.0,958.0,-175.0,0.419,-0.699,-0.56
1587.29,-78.0,958.0,-175.0,0.419,-0.769,-0.629
1587.47,-80.0,957.0,-177.0,0.49,-0.699,-0.49
1587.66,-79.0,958.0,-175.0,0.28,-0.769,-0.49
1587.84,-81.0,956.0,-176.0,0.419,-0.699,-0.419
1588.2,-80.0,958.0,-176.0,0.349,-0.699,-0.629
1588.2,-80.0,956.0,-178.0,0.49,-0.629,-0.49
1588.38,-82.0,958.0,-175.0,0.49,-0.699,-0.629
1588.57,-79.0,956.0,-176.0,0.419,-0.769,-0.56
1588.75,-82.0,958.0,-176.0,0.28,-0.769,-0.49
1588.93,-79.0,958.0,-176.0,0.349,-0.769,-0.49
1589.11,-82.0,958.0,-176.0,0.419,-0.629,-0.419
1589.3,-80.0,958.0,-176.0,0.419,-0.699,-0.56
1589.48,-83.0,957.0,-176.0,0.49,-0.56,-0.49
1589.66,-77.0,959.0,-174.0,0.349,-0.91,-0.699
1589.84,-78.0,958.0,-175.0,0.49,-0.629,-0.419
1590.2,-80.0,958.0,-173.0,0.49,-0.839,-0.56
1590.21,-81.0,958.0,-174.0,0.28,-0.769,-0.56
1590.39,-78.0,957.0,-176.0,0.419,-0.839,-0.49
1590.57,-83.0,957.0,-176.0,0.419,-0.769,-0.419
1590.75,-80.0,956.0,-176.0,0.349,-0.699,-0.56
1590.94,-80.0,955.0,-179.0,0.419,-0.56,-0.49
1591.12,-82.0,958.0,-177.0,0.629,-0.769,-0.699
1591.3,-77.0,955.0,-175.0,0.419,-0.699,-0.419
1591.48,-83.0,959.0,-173.0,0.28,-0.91,-0.629
1591.66,-77.0,955.0,-176.0,0.349,-0.839,-0.419
1591.85,-86.0,958.0,-177.0,0.49,-0.839,-0.49
1592.3,-80.0,957.0,-177.0,0.56,-0.769,-0.629
1592.21,-79.0,958.0,-176.0,0.419,-0.699,-0.629
1592.39,-80.0,955.0,-178.0,0.56,-0.629,-0.49
1592.58,-80.0,957.0,-175.0,0.419,-0.98,-0.629
1592.76,-79.0,956.0,-177.0,0.419,-0.699,-0.419
1592.94,-83.0,958.0,-176.0,0.28,-0.839,-0.699
1593.12,-79.0,957.0,-177.0,0.49,-0.56,-0.56
1593.31,-81.0,958.0,-175.0,0.349,-0.769,-0.56
1593.49,-80.0,956.0,-175.0,0.419,-0.699,-0.49
1593.67,-81.0,958.0,-175.0,0.419,-0.769,-0.56
1593.85,-79.0,957.0,-175.0,0.419,-0.769,-0.629
1594.3,-81.0,958.0,-175.0,0.49,-0.839,-0.56
1594.22,-78.0,956.0,-176.0,0.419,-0.839,-0.56
1594.4,-81.0,958.0,-176.0,0.419,-0.699,-0.49
1594.58,-81.0,957.0,-176.0,0.349,-0.769,-0.629
1594.76,-79.0,956.0,-176.0,0.49,-0.699,-0.49
1594.95,-81.0,958.0,-176.0,0.419,-0.769,-0.699
1595.13,-79.0,957.0,-176.0,0.49,-0.769,-0.56
1595.31,-80.0,958.0,-175.0,0.349,-0.769,-0.629
1595.49,-80.0,958.0,-175.0,0.49,-0.699,-0.56
1595.67,-80.0,957.0,-175.0,0.419,-0.839,-0.56
1597.13,-80.0,957.0,-175.0,0.349,-0.769,-0.629
1597.31,-78.0,957.0,-175.0,0.419,-0.769,-0.49
1597.5,-82.0,957.0,-175.0,0.49,-0.699,-0.56
1597.68,-79.0,956.0,-176.0,0.419,-0.769,-0.49
1597.86,-82.0,959.0,-176.0,0.419,-0.699,-0.56
1598.4,-78.0,957.0,-176.0,0.28,-0.769,-0.56
1598.23,-81.0,959.0,-176.0,0.49,-0.769,-0.49
1598.41,-80.0,957.0,-175.0,0.419,-0.839,-0.629
1598.59,-83.0,957.0,-177.0,0.56,-0.699,-0.56
1598.77,-78.0,958.0,-175.0,0.349,-0.91,-0.699
1598.95,-81.0,957.0,-176.0,0.629,-0.56,-0.419
1599.14,-83.0,958.0,-176.0,0.28,-0.91,-0.629
1599.32,-79.0,957.0,-176.0,0.419,-0.629,-0.49
1599.5,-82.0,958.0,-176.0,0.419,-0.769,-0.56
1599.68,-79.0,956.0,-176.0,0.419,-0.839,-0.56
1599.87,-79.0,957.0,-176.0,0.419,-0.699,-0.56
1600.5,-79.0,956.0,-176.0,0.419,-0.839,-0.56
1600.23,-79.0,958.0,-176.0,0.419,-0.769,-0.56
1600.41,-80.0,957.0,-176.0,0.49,-0.769,-0.56
1600.59,-80.0,957.0,-176.0,0.419,-0.769,-0.49
1600.78,-81.0,957.0,-175.0,0.419,-0.769,-0.56
1600.96,-78.0,957.0,-176.0,0.349,-0.769,-0.49
1601.14,-80.0,957.0,-176.0,0.419,-0.769,-0.56
1601.32,-80.0,957.0,-175.0,0.49,-0.769,-0.56
1601.51,-81.0,957.0,-175.0,0.56,-0.699,-0.49
1601.69,-80.0,957.0,-176.0,0.419,-0.91,-0.629
1601.87,-79.0,956.0,-176.0,0.49,-0.769,-0.49
1602.5,-80.0,957.0,-176.0,0.349,-0.769,-0.56
1602.23,-80.0,956.0,-177.0,0.49,-0.629,-0.49
1602.42,-80.0,958.0,-175.0,0.349,-0.769,-0.56
1602.6,-83.0,957.0,-175.0,0.49,-0.769,-0.49
1602.78,-79.0,958.0,-174.0,0.28,-0.839,-0.629
1602.96,-81.0,958.0,-175.0,0.419,-0.699,-0.49
1603.15,-79.0,957.0,-175.0,0.349,-0.769,-0.56
1603.33,-82.0,957.0,-176.0,0.56,-0.769,-0.56
1603.51,-80.0,957.0,-175.0,0.419,-0.769,-0.629
1603.69,-80.0,956.0,-176.0,0.49,-0.699,-0.49
1603.88,-81.0,957.0,-177.0,0.419,-0.769,-0.56
1604.6,-80.0,956.0,-176.0,0.419,-0.629,-0.56
1604.24,-80.0,957.0,-176.0,0.49,-0.699,-0.629
1604.42,-80.0,957.0,-175.0,0.419,-0.839,-0.49
1604.6,-81.0,957.0,-175.0,0.49,-0.769,-0.56
1604.79,-80.0,958.0,-175.0,0.419,-0.699,-0.629
1604.97,-80.0,958.0,-176.0,0.49,-0.769,-0.629
1605.15,-79.0,958.0,-175.0,0.419,-0.839,-0.56
1605.33,-81.0,957.0,-176.0,0.419,-0.699,-0.56
1605.52,-80.0,957.0,-176.0,0.349,-0.769,-0.629
1605.7,-80.0,956.0,-175.0,0.419,-0.629,-0.56
1605.88,-81.0,958.0,-175.0,0.419,-0.769,-0.56
1606.6,-78.0,956.0,-175.0,0.49,-0.769,-0.49
1606.24,-81.0,958.0,-176.0,0.419,-0.699,-0.49
1606.43,-79.0,957.0,-176.0,0.419,-0.699,-0.56
1606.61,-80.0,956.0,-176.0,0.49,-0.769,-0.56
1606.79,-80.0,958.0,-175.0,0.419,-0.769,-0.49
1606.97,-80.0,958.0,-175.0,0.349,-0.699,-0.49
1607.16,-81.0,958.0,-175.0,0.349,-0.699,-0.56
1607.34,-81.0,957.0,-174.0,0.349,-0.769,-0.49
1607.52,-79.0,957.0,-175.0,0.49,-0.769,-0.49
1607.7,-81.0,958.0,-175.0,0.49,-0.769,-0.56
1607.88,-79.0,958.0,-175.0,0.419,-0.699,-0.56
1608.7,-80.0,956.0,-176.0,0.419,-0.699,-0.419
1608.25,-81.0,957.0,-176.0,0.49,-0.769,-0.49
1608.43,-80.0,958.0,-175.0,0.349,-0.699,-0.629
1609.89,-80.0,956.0,-177.0,0.349,-0.699,-0.49
1610.7,-82.0,956.0,-177.0,0.419,-0.699,-0.56
1610.25,-79.0,957.0,-175.0,0.28,-0.769,-0.629
1610.44,-80.0,957.0,-176.0,0.349,-0.769,-0.49
1610.62,-76.0,956.0,-176.0,0.349,-0.769,-0.419
1610.8,-83.0,959.0,-176.0,0.56,-0.769,-0.56
1610.98,-80.0,956.0,-177.0,0.28,-0.91,-0.699
1611.16,-77.0,957.0,-176.0,0.49,-0.699,-0.419
1611.35,-80.0,959.0,-175.0,0.49,-0.769,-0.56
1611.53,-81.0,956.0,-177.0,0.49,-0.629,-0.419
1611.71,-81.0,960.0,-175.0,0.349,-0.91,-0.769
1611.89,-76.0,956.0,-176.0,0.49,-0.56,-0.419
1612.8,-83.0,958.0,-177.0,0.419,-0.769,-0.56
1612.26,-78.0,957.0,-175.0,0.49,-0.839,-0.56
1612.44,-79.0,956.0,-177.0,0.419,-0.56,-0.419
1612.62,-81.0,958.0,-176.0,0.49,-0.91,-0.56
1612.8,-77.0,957.0,-176.0,0.349,-0.769,-0.629
1612.99,-83.0,957.0,-175.0,0.49,-0.699,-0.56
1613.17,-78.0,957.0,-176.0,0.419,-0.769,-0.629
1613.35,-81.0,958.0,-176.0,0.49,-0.699,-0.49
1613.53,-80.0,957.0,-177.0,0.28,-0.839,-0.629
1613.72,-81.0,957.0,-176.0,0.419,-0.769,-0.56
1613.9,-81.0,957.0,-175.0,0.349,-0.769,-0.56
1614.8,-81.0,957.0,-176.0,0.49,-0.769,-0.629
1614.26,-80.0,957.0,-176.0,0.49,-0.769,-0.56
1614.44,-80.0,958.0,-176.0,0.419,-0.769,-0.56
1614.63,-80.0,957.0,-175.0,0.419,-0.769,-0.56
1614.81,-80.0,959.0,-176.0,0.349,-0.769,-0.629
1614.99,-80.0,956.0,-177.0,0.349,-0.699,-0.56
1615.17,-81.0,956.0,-177.0,0.419,-0.699,-0.629
1615.36,-79.0,957.0,-176.0,0.419,-0.769,-0.629
1615.54,-80.0,957.0,-176.0,0.419,-0.699,-0.56
1615.72,-80.0,958.0,-175.0,0.349,-0.839,-0.699
1615.9,-78.0,956.0,-176.0,0.419,-0.629,-0.49
1616.9,-81.0,958.0,-175.0,0.419,-0.839,-0.629
1616.27,-78.0,956.0,-175.0,0.349,-0.769,-0.49
1616.45,-80.0,957.0,-175.0,0.349,-0.769,-0.49
1616.63,-80.0,957.0,-175.0,0.419,-0.769,-0.56
1616.81,-80.0,957.0,-176.0,0.419,-0.699,-0.56
1617.0,-78.0,958.0,-175.0,0.349,-0.769,-0.49
1617.18,-80.0,956.0,-176.0,0.49,-0.699,-0.419
1617.36,-80.0,958.0,-177.0,0.349,-0.91,-0.629
1617.54,-79.0,958.0,-174.0,0.419,-0.699,-0.49
1617.73,-81.0,957.0,-176.0,0.419,-0.699,-0.56
1617.91,-79.0,957.0,-176.0,0.49,-0.769,-0.56
1618.9,-81.0,957.0,-176.0,0.49,-0.839,-0.56
1618.27,-79.0,956.0,-176.0,0.49,-0.769,-0.56
1618.45,-82.0,959.0,-176.0,0.49,-0.629,-0.49
1618.64,-78.0,957.0,-176.0,0.349,-0.839,-0.56
1618.82,-82.0,959.0,-176.0,0.49,-0.699,-0.56
1619.0,-77.0,957.0,-175.0,0.349,-0.699,-0.56
1619.18,-83.0,958.0,-175.0,0.419,-0.699,-0.56
1619.37,-79.0,958.0,-176.0,0.419,-0.839,-0.629
1619.55,-78.0,957.0,-177.0,0.419,-0.699,-0.419
1619.73,-82.0,956.0,-177.0,0.49,-0.699,-0.629
1619.91,-80.0,957.0,-176.0,0.49,-0.839,-0.629
1620.9,-80.0,957.0,-177.0,0.28,-0.769,-0.629
1620.28,-81.0,957.0,-176.0,0.419,-0.769,-0.56
1620.46,-80.0,958.0,-175.0,0.419,-0.839,-0.56
1620.64,-81.0,958.0,-176.0,0.419,-0.699,-0.56
1620.82,-77.0,957.0,-176.0,0.349,-0.839,-0.56
1621.1,-81.0,958.0,-175.0,0.49,-0.56,-0.419
1621.19,-79.0,957.0,-175.0,0.28,-0.769,-0.699
1621.37,-80.0,957.0,-175.0,0.49,-0.56,-0.419
1621.55,-79.0,959.0,-175.0,0.419,-0.769,-0.629
1621.73,-79.0,957.0,-176.0,0.56,-0.629,-0.56
1621.92,-80.0,957.0,-175.0,0.419,-0.839,-0.629
1622.1,-78.0,956.0,-177.0,0.49,-0.56,-0.419
1622.28,-82.0,957.0,-175.0,0.349,-0.91,-0.56
1622.46,-78.0,957.0,-175.0,0.419,-0.629,-0.49
1622.65,-81.0,957.0,-175.0,0.419,-0.769,-0.49
1622.83,-80.0,958.0,-176.0,0.419,-0.699,-0.56
1623.1,-79.0,958.0,-175.0,0.349,-0.769,-0.56
1623.19,-80.0,957.0,-176.0,0.49,-0.629,-0.419
1623.37,-80.0,957.0,-176.0,0.349,-0.91,-0.629
1623.56,-81.0,958.0,-177.0,0.49,-0.769,-0.49
1623.74,-80.0,957.0,-176.0,0.419,-0.769,-0.56
1623.92,-80.0,957.0,-177.0,0.419,-0.699,-0.49
1624.1,-81.0,958.0,-178.0,0.419,-0.839,-0.629
1624.29,-78.0,956.0,-177.0,0.49,-0.699,-0.49
1624.47,-82.0,958.0,-176.0,0.49,-0.769,-0.629
1624.65,-77.0,957.0,-176.0,0.28,-0.839,-0.629
1624.83,-79.0,957.0,-176.0,0.49,-0.769,-0.49
1625.1,-81.0,958.0,-176.0,0.419,-0.839,-0.56
1625.2,-81.0,957.0,-177.0,0.56,-0.769,-0.56
1625.38,-79.0,958.0,-177.0,0.419,-0.769,-0.629
1625.56,-82.0,957.0,-177.0,0.49,-0.699,-0.49
1625.74,-78.0,957.0,-176.0,0.349,-0.839,-0.629
1625.93,-79.0,957.0,-177.0,0.49,-0.699,-0.419
1626.11,-81.0,958.0,-175.0,0.28,-0.839,-0.629
1626.29,-78.0,956.0,-175.0,0.49,-0.699,-0.49
1626.47,-81.0,959.0,-176.0,0.349,-0.769,-0.56
1626.65,-79.0,957.0,-175.0,0.349,-0.839,-0.699
1626.84,-79.0,957.0,-176.0,0.419,-0.839,-0.56
1627.2,-78.0,958.0,-176.0,0.419,-0.699,-0.49
1627.2,-81.0,958.0,-177.0,0.349,-0.769,-0.49
1627.38,-81.0,958.0,-176.0,0.419,-0.699,-0.49
1627.57,-79.0,957.0,-176.0,0.419,-0.769,-0.49
1627.75,-79.0,958.0,-175.0,0.419,-0.699,-0.49
1627.93,-81.0,957.0,-176.0,0.49,-0.769,-0.56
1628.11,-80.0,958.0,-175.0,0.49,-0.769,-0.56
1628.3,-79.0,957.0,-176.0,0.419,-0.699,-0.56
1628.48,-81.0,958.0,-176.0,0.419,-0.769,-0.56
1628.66,-81.0,957.0,-177.0,0.49,-0.769,-0.49
1628.84,-80.0,957.0,-176.0,0.28,-0.769,-0.629
1629.2,-81.0,958.0,-177.0,0.56,-0.699,-0.56
1629.21,-79.0,957.0,-177.0,0.419,-0.769,-0.629
1629.39,-82.0,957.0,-179.0,0.56,-0.769,-0.49
1629.57,-81.0,957.0,-177.0,0.349,-0.839,-0.699
1629.75,-78.0,956.0,-177.0,0.419,-0.629,-0.419
1629.94,-82.0,958.0,-177.0,0.419,-0.839,-0.629
1630.12,-80.0,958.0,-175.0,0.419,-0.769,-0.56
1630.3,-80.0,957.0,-177.0,0.49,-0.839,-0.629
1630.48,-79.0,958.0,-176.0,0.419,-0.769,-0.56
1630.66,-80.0,957.0,-177.0,0.49,-0.699,-0.56
1630.85,-80.0,958.0,-176.0,0.349,-0.839,-0.629
1631.3,-81.0,957.0,-176.0,0.49,-0.699,-0.56
1631.21,-82.0,958.0,-174.0,0.349,-0.769,-0.629
1631.39,-80.0,956.0,-177.0,0.49,-0.769,-0.49
1631.58,-81.0,958.0,-175.0,0.419,-0.839,-0.629
1631.76,-79.0,956.0,-176.0,0.49,-0.699,-0.419
1631.94,-81.0,959.0,-175.0,0.28,-0.91,-0.699
1632.12,-76.0,955.0,-177.0,0.49,-0.629,-0.349
1632.3,-81.0,958.0,-176.0,0.28,-0.839,-0.629
1632.49,-77.0,956.0,-177.0,0.49,-0.56,-0.419
1632.67,-80.0,960.0,-175.0,0.349,-0.769,-0.56
1632.85,-80.0,957.0,-177.0,0.49,-0.699,-0.49
1633.3,-81.0,958.0,-174.0,0.349,-0.839,-0.629
1633.22,-81.0,957.0,-176.0,0.419,-0.699,-0.56
1633.4,-83.0,958.0,-176.0,0.419,-0.769,-0.56
1633.58,-79.0,958.0,-175.0,0.349,-0.769,-0.629
1633.76,-80.0,956.0,-176.0,0.49,-0.629,-0.419
1633.94,-81.0,959.0,-174.0,0.419,-0.769,-0.629
1634.13,-78.0,956.0,-176.0,0.56,-0.629,-0.419
1634.31,-82.0,958.0,-175.0,0.349,-0.839,-0.629
1634.49,-78.0,957.0,-176.0,0.56,-0.629,-0.49
1634.67,-80.0,958.0,-175.0,0.419,-0.769,-0.629
1634.86,-78.0,956.0,-176.0,0.419,-0.629,-0.49
1635.4,-84.0,960.0,-176.0,0.56,-0.769,-0.629
1635.22,-76.0,956.0,-176.0,0.349,-0.769,-0.56
1635.4,-81.0,957.0,-177.0,0.56,-0.56,-0.349
1635.59,-81.0,958.0,-175.0,0.419,-0.91,-0.769
1635.77,-76.0,954.0,-178.0,0.419,-0.629,-0.419
1635.95,-83.0,958.0,-175.0,0.419,-0.769,-0.56
1636.13,-79.0,956.0,-177.0,0.419,-0.769,-0.56
1636.31,-83.0,958.0,-176.0,0.49,-0.699,-0.56
1636.5,-80.0,957.0,-177.0,0.419,-0.839,-0.629
1636.68,-79.0,957.0,-175.0,0.49,-0.699,-0.419
1636.86,-80.0,957.0,-178.0,0.49,-0.769,-0.56
1637.4,-78.0,957.0,-176.0,0.419,-0.769,-0.56
1637.23,-81.0,958.0,-176.0,0.349,-0.699,-0.56
1637.41,-81.0,957.0,-177.0,0.419,-0.769,-0.56
1637.59,-81.0,958.0,-176.0,0.349,-0.699,-0.56
1637.77,-81.0,957.0,-175.0,0.419,-0.699,-0.56
1637.95,-80.0,958.0,-176.0,0.419,-0.769,-0.56
1638.14,-80.0,956.0,-176.0,0.419,-0.699,-0.56
1638.32,-80.0,956.0,-176.0,0.419,-0.769,-0.49
1638.5,-80.0,958.0,-175.0,0.49,-0.839,-0.56
1638.68,-81.0,958.0,-175.0,0.49,-0.699,-0.49
1638.87,-80.0,958.0,-174.0,0.349,-0.839,-0.629
1639.5,-79.0,958.0,-175.0,0.49,-0.629,-0.49
1639.23,-81.0,958.0,-175.0,0.349,-0.839,-0.629
1639.41,-77.0,956.0,-175.0,0.49,-0.699,-0.56
1639.6,-82.0,960.0,-175.0,0.419,-0.769,-0.629
1639.78,-78.0,956.0,-175.0,0.419,-0.699,-0.56
1639.96,-80.0,958.0,-175.0,0.349,-0.769,-0.56
1640.14,-78.0,956.0,-175.0,0.419,-0.769,-0.56
1640.32,-80.0,958.0,-175.0,0.419,-0.769,-0.49
1640.51,-78.0,956.0,-175.0,0.349,-0.699,-0.56
1640.69,-79.0,957.0,-175.0,0.419,-0.629,-0.419
1640.87,-80.0,958.0,-176.0,0.419,-0.839,-0.56
1641.5,-77.0,956.0,-176.0,0.419,-0.56,-0.49
1641.24,-81.0,957.0,-176.0,0.419,-0.769,-0.49
1641.42,-80.0,957.0,-175.0,0.349,-0.769,-0.56
1641.6,-78.0,957.0,-175.0,0.349,-0.769,-0.49
1641.78,-80.0,957.0,-175.0,0.49,-0.629,-0.49
1641.96,-81.0,957.0,-175.0,0.349,-0.839,-0.56
1642.15,-80.0,957.0,-176.0,0.419,-0.699,-0.56
1642.33,-81.0,957.0,-176.0,0.349,-0.839,-0.629
1642.51,-79.0,956.0,-176.0,0.419,-0.699,-0.49
1642.69,-83.0,958.0,-175.0,0.49,-0.769,-0.629
1642.88,-78.0,957.0,-175.0,0.419,-0.769,-0.699
1643.6,-81.0,958.0,-177.0,0.49,-0.629,-0.49
1643.24,-80.0,957.0,-176.0,0.349,-0.839,-0.629
1643.42,-79.0,956.0,-177.0,0.419,-0.699,-0.49
1643.6,-81.0,958.0,-175.0,0.419,-0.839,-0.629
1643.79,-79.0,956.0,-176.0,0.419,-0.699,-0.56
1643.97,-80.0,958.0,-175.0,0.349,-0.699,-0.56
1644.15,-79.0,956.0,-178.0,0.419,-0.699,-0.49
1644.33,-81.0,958.0,-175.0,0.419,-0.699,-0.56
1644.52,-78.0,957.0,-177.0,0.419,-0.629,-0.49
1644.7,-82.0,958.0,-176.0,0.419,-0.769,-0.56
1644.88,-80.0,957.0,-176.0,0.419,-0.839,-0.56
1645.6,-80.0,957.0,-177.0,0.49,-0.699,-0.49
1645.25,-79.0,957.0,-175.0,0.49,-0.769,-0.49
1645.43,-79.0,956.0,-176.0,0.419,-0.699,-0.49
1645.61,-81.0,958.0,-175.0,0.49,-0.769,-0.56
1645.79,-79.0,956.0,-176.0,0.419,-0.699,-0.49
1645.97,-81.0,957.0,-177.0,0.419,-0.769,-0.56
1646.16,-79.0,957.0,-175.0,0.419,-0.629,-0.49
1650.9,-80.0,957.0,-177.0,0.49,-0.769,-0.56
1651.8,-81.0,958.0,-175.0,0.419,-0.769,-0.629
1651.26,-80.0,957.0,-176.0,0.49,-0.769,-0.629
1651.44,-80.0,957.0,-175.0,0.419,-0.839,-0.56
1651.62,-78.0,957.0,-176.0,0.419,-0.769,-0.56
1651.81,-80.0,958.0,-176.0,0.419,-0.699,-0.629
1651.99,-80.0,957.0,-176.0,0.419,-0.769,-0.56
1652.17,-80.0,958.0,-176.0,0.419,-0.699,-0.49
1652.35,-80.0,957.0,-175.0,0.419,-0.699,-0.56
1652.54,-79.0,957.0,-176.0,0.419,-0.629,-0.56
1658.0,-80.0,957.0,-178.0,0.419,-0.699,-0.56
1658.19,-81.0,957.0,-177.0,0.349,-0.769,-0.56
1658.37,-80.0,956.0,-176.0,0.419,-0.769,-0.629
1658.55,-80.0,957.0,-176.0,0.49,-0.699,-0.629
1658.73,-80.0,958.0,-177.0,0.49,-0.769,-0.49
1658.92,-80.0,957.0,-177.0,0.419,-0.699,-0.49
1659.1,-81.0,958.0,-177.0,0.419,-0.769,-0.56
1659.28,-79.0,957.0,-177.0,0.419,-0.699,-0.56
1659.46,-81.0,958.0,-176.0,0.419,-0.769,-0.56
1659.64,-79.0,957.0,-176.0,0.419,-0.699,-0.49
1659.83,-81.0,958.0,-176.0,0.49,-0.769,-0.56
1660.1,-80.0,957.0,-176.0,0.419,-0.699,-0.56
1660.19,-80.0,957.0,-176.0,0.419,-0.769,-0.49
1660.37,-81.0,958.0,-177.0,0.49,-0.769,-0.56
1660.92,-80.0,957.0,-176.0,0.419,-0.699,-0.56
1661.1,-81.0,957.0,-175.0,0.419,-0.699,-0.49
1661.28,-79.0,958.0,-175.0,0.28,-0.769,-0.56
1661.47,-81.0,957.0,-175.0,0.49,-0.699,-0.49
1661.65,-80.0,957.0,-175.0,0.419,-0.769,-0.56
1661.83,-80.0,957.0,-175.0,0.419,-0.769,-0.56
1662.1,-80.0,957.0,-177.0,0.419,-0.769,-0.49
1662.2,-80.0,957.0,-176.0,0.349,-0.769,-0.56
1662.38,-79.0,957.0,-176.0,0.419,-0.699,-0.56
1662.56,-82.0,958.0,-175.0,0.419,-0.839,-0.699
1662.74,-78.0,956.0,-176.0,0.419,-0.699,-0.49
1662.93,-83.0,960.0,-175.0,0.419,-0.839,-0.629
1663.11,-78.0,956.0,-175.0,0.28,-0.699,-0.56
1663.29,-82.0,958.0,-174.0,0.349,-0.769,-0.49
1663.47,-80.0,958.0,-176.0,0.419,-0.769,-0.629
1663.65,-79.0,958.0,-175.0,0.28,-0.769,-0.56
1663.84,-80.0,958.0,-176.0,0.419,-0.629,-0.56
1664.2,-81.0,957.0,-176.0,0.349,-0.769,-0.629
1664.2,-79.0,957.0,-176.0,0.49,-0.839,-0.56
1664.38,-77.0,957.0,-176.0,0.349,-0.699,-0.49
1664.57,-81.0,957.0,-176.0,0.49,-0.699,-0.56
1664.75,-77.0,956.0,-176.0,0.349,-0.769,-0.629
1664.93,-79.0,957.0,-177.0,0.49,-0.629,-0.49
1665.11,-80.0,957.0,-176.0,0.419,-0.699,-0.56
1665.66,-80.0,958.0,-176.0,0.49,-0.769,-0.49
1665.84,-78.0,957.0,-176.0,0.349,-0.699,-0.49
1666.2,-80.0,957.0,-176.0,0.49,-0.699,-0.419
1666.21,-80.0,956.0,-175.0,0.349,-0.769,-0.56
1666.39,-80.0,957.0,-176.0,0.349,-0.769,-0.629
1666.57,-79.0,956.0,-177.0,0.419,-0.629,-0.49
1666.75,-82.0,957.0,-176.0,0.349,-0.769,-0.56
1666.94,-77.0,956.0,-176.0,0.349,-0.769,-0.56
1667.12,-82.0,957.0,-176.0,0.419,-0.629,-0.349
1667.3,-79.0,958.0,-175.0,0.349,-0.839,-0.629
1671.86,-80.0,959.0,-175.0,0.419,-0.839,-0.699
1672.4,-77.0,957.0,-176.0,0.419,-0.629,-0.49
1672.22,-83.0,958.0,-175.0,0.49,-0.839,-0.49
1672.4,-78.0,957.0,-176.0,0.419,-0.769,-0.629
1672.59,-79.0,958.0,-176.0,0.419,-0.629,-0.49
1672.77,-80.0,958.0,-177.0,0.419,-0.769,-0.56
1672.95,-80.0,956.0,-177.0,0.56,-0.769,-0.49
1673.13,-80.0,957.0,-175.0,0.28,-0.839,-0.629
1673.31,-80.0,957.0,-175.0,0.49,-0.629,-0.419
1673.5,-80.0,958.0,-175.0,0.28,-0.839,-0.629
1673.68,-81.0,958.0,-175.0,0.56,-0.629,-0.349
1673.86,-83.0,958.0,-175.0,0.349,-0.98,-0.699
1674.4,-75.0,955.0,-178.0,0.49,-0.699,-0.349
1674.23,-82.0,958.0,-176.0,0.49,-0.769,-0.56
1674.41,-77.0,957.0,-176.0,0.419,-0.699,-0.49
1674.59,-84.0,956.0,-176.0,0.56,-0.56,-0.49
1674.77,-79.0,958.0,-176.0,0.28,-0.91,-0.769
1674.96,-77.0,955.0,-175.0,0.49,-0.49,-0.419
1675.14,-82.0,958.0,-174.0,0.349,-0.839,-0.699
1676.41,-83.0,957.0,-175.0,0.349,-0.839,-0.699
1676.6,-78.0,956.0,-175.0,0.28,-0.629,-0.49
1676.78,-83.0,960.0,-174.0,0.56,-0.91,-0.699
1676.96,-75.0,956.0,-175.0,0.28,-0.769,-0.629
1677.14,-83.0,957.0,-175.0,0.49,-0.629,-0.419
1677.32,-79.0,957.0,-176.0,0.419,-0.98,-0.699
1677.51,-79.0,957.0,-176.0,0.49,-0.769,-0.49
1677.69,-80.0,956.0,-176.0,0.419,-0.769,-0.56
1677.87,-81.0,957.0,-176.0,0.49,-0.699,-0.56
1678.5,-79.0,956.0,-176.0,0.349,-0.699,-0.56
1678.24,-82.0,956.0,-177.0,0.49,-0.56,-0.49
1678.42,-81.0,957.0,-176.0,0.349,-0.769,-0.699
1678.6,-79.0,957.0,-175.0,0.419,-0.699,-0.56
1678.78,-81.0,956.0,-176.0,0.419,-0.699,-0.629
1678.96,-80.0,958.0,-174.0,0.419,-0.699,-0.56
1680.6,-79.0,957.0,-176.0,0.419,-0.699,-0.49
1680.24,-79.0,957.0,-176.0,0.28,-0.699,-0.56
1680.42,-81.0,958.0,-176.0,0.49,-0.629,-0.56
1680.61,-78.0,957.0,-175.0,0.28,-0.769,-0.56
1680.79,-80.0,957.0,-176.0,0.49,-0.769,-0.56
1680.97,-79.0,957.0,-177.0,0.349,-0.839,-0.56
1681.15,-78.0,957.0,-176.0,0.349,-0.699,-0.49
1681.33,-82.0,956.0,-177.0,0.49,-0.769,-0.56
1681.52,-78.0,958.0,-175.0,0.349,-0.769,-0.699
1681.7,-78.0,956.0,-177.0,0.419,-0.56,-0.349
1681.88,-84.0,958.0,-177.0,0.56,-0.839,-0.56
1682.6,-76.0,957.0,-176.0,0.419,-0.91,-0.56
1682.25,-81.0,957.0,-177.0,0.49,-0.629,-0.419
1682.43,-81.0,959.0,-176.0,0.349,-0.91,-0.629
1682.61,-78.0,956.0,-177.0,0.56,-0.629,-0.349
1682.79,-82.0,958.0,-176.0,0.349,-0.839,-0.699
1682.97,-79.0,955.0,-177.0,0.49,-0.629,-0.419
1683.16,-78.0,959.0,-174.0,0.419,-0.91,-0.699
1683.34,-78.0,956.0,-177.0,0.56,-0.49,-0.349
1683.52,-84.0,959.0,-175.0,0.349,-0.98,-0.839
1683.7,-76.0,955.0,-177.0,0.49,-0.629,-0.349
1683.89,-85.0,959.0,-176.0,0.419,-0.839,-0.629
1684.7,-75.0,956.0,-177.0,0.419,-0.629,-0.49
1684.25,-84.0,958.0,-175.0,0.56,-0.769,-0.629
1684.43,-78.0,957.0,-176.0,0.419,-0.839,-0.56
1684.62,-80.0,958.0,-176.0,0.419,-0.699,-0.49
1684.8,-80.0,957.0,-176.0,0.419,-0.839,-0.56
1684.98,-78.0,956.0,-177.0,0.49,-0.629,-0.49
1685.16,-82.0,959.0,-175.0,0.419,-0.839,-0.629
1685.34,-75.0,955.0,-176.0,0.349,-0.629,-0.49
1685.53,-84.0,958.0,-175.0,0.49,-0.769,-0.56
1685.71,-77.0,956.0,-175.0,0.349,-0.699,-0.56
1685.89,-81.0,958.0,-175.0,0.419,-0.699,-0.56
1686.7,-80.0,958.0,-174.0,0.349,-0.769,-0.629
1686.26,-80.0,956.0,-175.0,0.49,-0.699,-0.56
1686.44,-82.0,958.0,-175.0,0.349,-0.91,-0.56
1686.62,-78.0,957.0,-175.0,0.419,-0.769,-0.56
1686.8,-80.0,958.0,-175.0,0.49,-0.769,-0.56
1686.98,-79.0,957.0,-176.0,0.419,-0.699,-0.56
1687.17,-80.0,957.0,-176.0,0.49,-0.629,-0.49
1687.35,-82.0,957.0,-175.0,0.419,-0.839,-0.629
1687.53,-77.0,957.0,-175.0,0.419,-0.839,-0.56
1687.71,-81.0,958.0,-175.0,0.49,-0.699,-0.49
1687.9,-79.0,957.0,-175.0,0.419,-0.769,-0.56
1688.8,-80.0,957.0,-175.0,0.56,-0.699,-0.49
1688.26,-80.0,957.0,-175.0,0.419,-0.769,-0.56
1688.44,-80.0,956.0,-176.0,0.419,-0.699,-0.49
1688.62,-80.0,957.0,-176.0,0.49,-0.839,-0.56
1688.81,-81.0,959.0,-174.0,0.49,-0.769,-0.699
1688.99,-77.0,955.0,-177.0,0.49,-0.629,-0.419
1689.17,-83.0,958.0,-175.0,0.419,-0.839,-0.629
1689.35,-75.0,955.0,-176.0,0.349,-0.769,-0.49
1689.54,-82.0,958.0,-175.0,0.49,-0.769,-0.49
1689.72,-76.0,956.0,-175.0,0.419,-0.769,-0.56
1689.9,-83.0,958.0,-176.0,0.56,-0.699,-0.56
1690.8,-79.0,957.0,-176.0,0.419,-0.91,-0.699
1690.27,-78.0,957.0,-175.0,0.419,-0.629,-0.419
1690.45,-82.0,958.0,-175.0,0.419,-0.769,-0.629
1690.63,-74.0,957.0,-175.0,0.349,-0.769,-0.629
1690.81,-78.0,957.0,-174.0,0.419,-0.56,-0.209
1690.99,-83.0,960.0,-175.0,0.49,-0.91,-0.699
1691.18,-76.0,956.0,-176.0,0.49,-0.699,-0.419
1691.36,-83.0,959.0,-174.0,0.419,-0.769,-0.56
1691.54,-77.0,955.0,-177.0,0.419,-0.699,-0.49
1691.72,-80.0,958.0,-176.0,0.419,-0.769,-0.56
1691.91,-80.0,957.0,-177.0,0.419,-0.629,-0.49
1692.9,-79.0,957.0,-176.0,0.349,-0.769,-0.56
1692.27,-81.0,957.0,-176.0,0.56,-0.629,-0.56
1692.45,-79.0,958.0,-176.0,0.419,-0.839,-0.699
1692.63,-80.0,955.0,-176.0,0.56,-0.769,-0.49
1692.82,-78.0,956.0,-177.0,0.349,-0.769,-0.49
1693.0,-82.0,958.0,-175.0,0.419,-0.56,-0.56
1693.18,-79.0,956.0,-177.0,0.419,-0.769,-0.629
1693.36,-77.0,957.0,-174.0,0.349,-0.699,-0.56
1693.55,-79.0,956.0,-175.0,0.49,-0.629,-0.349
1693.73,-85.0,958.0,-175.0,0.49,-0.91,-0.699
1693.91,-73.0,958.0,-174.0,0.419,-0.91,-0.56
1694.9,-83.0,957.0,-178.0,0.56,-0.419,-0.28
1694.28,-82.0,958.0,-176.0,0.49,-1.049,-0.839
1694.46,-74.0,953.0,-176.0,0.49,-0.49,-0.349
1694.64,-86.0,960.0,-176.0,0.419,-0.839,-0.629
1694.82,-75.0,956.0,-176.0,0.419,-0.769,-0.629
1695.0,-82.0,959.0,-175.0,0.56,-0.629,-0.49
1695.19,-77.0,957.0,-176.0,0.28,-0.769,-0.699
1695.37,-80.0,957.0,-175.0,0.419,-0.699,-0.419
1695.55,-80.0,957.0,-175.0,0.28,-0.769,-0.56
1695.73,-80.0,956.0,-176.0,0.49,-0.699,-0.49
1695.92,-79.0,959.0,-176.0,0.49,-0.839,-0.629
1696.1,-77.0,955.0,-177.0,0.49,-0.56,-0.419
1696.28,-82.0,958.0,-175.0,0.349,-0.839,-0.629
1696.46,-79.0,958.0,-176.0,0.419,-0.699,-0.56
1696.64,-77.0,956.0,-176.0,0.349,-0.699,-0.419
1696.83,-84.0,961.0,-174.0,0.629,-0.839,-0.629
1697.1,-70.0,955.0,-175.0,0.28,-0.629,-0.419
1697.19,-89.0,959.0,-176.0,0.629,-0.629,-0.419
1697.37,-69.0,957.0,-174.0,0.209,-0.98,-0.699
1697.56,-82.0,956.0,-178.0,0.629,-0.349,-0.14
1697.74,-81.0,959.0,-174.0,0.28,-1.19,-0.98
1698.1,-86.0,959.0,-177.0,0.349,-0.98,-0.769
1698.29,-75.0,954.0,-178.0,0.49,-0.629,-0.349
1698.47,-83.0,957.0,-176.0,0.28,-0.769,-0.49
1698.65,-79.0,957.0,-178.0,0.28,-0.699,-0.629
1698.83,-81.0,959.0,-175.0,0.28,-0.769,-0.699
1699.1,-76.0,955.0,-175.0,0.349,-0.699,-0.56
1699.2,-84.0,959.0,-175.0,0.49,-0.839,-0.699
1699.38,-76.0,956.0,-175.0,0.49,-0.91,-0.629
1699.56,-82.0,957.0,-175.0,0.419,-0.769,-0.56
1699.74,-81.0,957.0,-177.0,0.349,-0.91,-0.699
1699.93,-77.0,957.0,-176.0,0.349,-0.699,-0.56
1700.11,-83.0,958.0,-175.0,0.49,-0.629,-0.56
1700.29,-79.0,958.0,-175.0,0.209,-0.839,-0.699
1700.47,-79.0,959.0,-174.0,0.349,-0.699,-0.49
1700.65,-81.0,958.0,-175.0,0.419,-0.769,-0.49
1700.84,-83.0,958.0,-174.0,0.419,-0.839,-0.629
1701.2,-80.0,958.0,-176.0,0.349,-0.769,-0.56
1701.2,-81.0,957.0,-175.0,0.419,-0.56,-0.419
1701.38,-84.0,957.0,-177.0,0.419,-0.839,-0.56
1701.57,-80.0,957.0,-175.0,0.349,-0.699,-0.49
1701.75,-83.0,956.0,-177.0,0.49,-0.699,-0.419
1701.93,-81.0,958.0,-175.0,0.419,-0.91,-0.699
1702.11,-77.0,957.0,-175.0,0.49,-0.699,-0.419
1702.3,-82.0,958.0,-176.0,0.349,-0.839,-0.56
1702.48,-79.0,956.0,-177.0,0.56,-0.839,-0.56
1702.66,-77.0,957.0,-176.0,0.349,-0.839,-0.49
1702.84,-80.0,956.0,-176.0,0.349,-0.629,-0.419
1703.2,-82.0,959.0,-175.0,0.49,-0.839,-0.699
1703.21,-76.0,956.0,-175.0,0.349,-0.769,-0.56
1703.39,-80.0,958.0,-175.0,0.419,-0.699,-0.419
1704.48,-79.0,958.0,-175.0,0.419,-0.91,-0.629
1704.66,-77.0,957.0,-176.0,0.419,-0.56,-0.419
1704.85,-81.0,958.0,-176.0,0.56,-0.699,-0.629
1705.3,-77.0,956.0,-176.0,0.419,-0.699,-0.56
1705.21,-79.0,956.0,-177.0,0.49,-0.699,-0.49
1705.39,-81.0,957.0,-176.0,0.419,-0.769,-0.629
1705.58,-79.0,956.0,-177.0,0.419,-0.699,-0.56
1705.76,-79.0,957.0,-175.0,0.419,-0.699,-0.49
1705.94,-79.0,956.0,-176.0,0.349,-0.629,-0.49
1706.12,-82.0,958.0,-175.0,0.28,-0.91,-0.699
1706.31,-78.0,957.0,-175.0,0.28,-0.699,-0.629
1706.49,-80.0,959.0,-174.0,0.349,-0.769,-0.56
1706.67,-78.0,958.0,-176.0,0.419,-0.769,-0.49
1706.85,-80.0,958.0,-176.0,0.49,-0.699,-0.49
1707.3,-80.0,959.0,-176.0,0.56,-0.839,-0.629
1707.22,-81.0,955.0,-178.0,0.49,-0.839,-0.49
1707.4,-80.0,956.0,-179.0,0.419,-0.769,-0.56
1707.58,-77.0,955.0,-179.0,0.349,-0.56,-0.419
1707.76,-88.0,959.0,-177.0,0.49,-0.629,-0.56
1707.95,-73.0,955.0,-176.0,0.14,-0.769,-0.56
1708.13,-85.0,959.0,-176.0,0.419,-0.629,-0.419
1708.31,-79.0,960.0,-172.0,0.209,-1.19,-0.839
1708.49,-77.0,957.0,-175.0,0.629,-0.629,-0.209
1708.67,-81.0,959.0,-175.0,0.349,-1.049,-0.699
1708.86,-80.0,956.0,-177.0,0.629,-0.699,-0.49
1709.4,-80.0,956.0,-176.0,0.49,-0.769,-0.699
1709.22,-79.0,956.0,-178.0,0.49,-0.629,-0.419
1709.4,-77.0,956.0,-176.0,0.28,-0.839,-0.699
1709.59,-82.0,956.0,-177.0,0.49,-0.49,-0.49
1709.77,-81.0,959.0,-171.0,0.28,-0.839,-0.839
1709.95,-75.0,956.0,-174.0,0.349,-0.699,-0.419
1710.13,-79.0,960.0,-172.0,0.349,-0.839,-0.49
1710.31,-81.0,957.0,-174.0,0.419,-0.769,-0.419
1710.5,-83.0,957.0,-177.0,0.629,-0.699,-0.629
1710.68,-78.0,955.0,-178.0,0.56,-0.629,-0.49
1710.86,-81.0,957.0,-177.0,0.419,-0.699,-0.56
1711.4,-77.0,956.0,-178.0,0.349,-0.769,-0.49
1711.23,-81.0,958.0,-175.0,0.349,-0.699,-0.419
1711.41,-81.0,958.0,-175.0,0.28,-0.839,-0.56
1711.59,-79.0,958.0,-177.0,0.419,-0.629,-0.56
1711.77,-80.0,957.0,-177.0,0.49,-0.839,-0.49
1711.96,-79.0,957.0,-174.0,0.49,-0.839,-0.49
1712.14,-83.0,956.0,-177.0,0.349,-0.699,-0.49
1712.32,-79.0,958.0,-177.0,0.49,-0.769,-0.629
1712.5,-79.0,954.0,-178.0,0.419,-0.629,-0.419
1712.68,-82.0,959.0,-175.0,0.349,-0.839,-0.769
1712.87,-73.0,954.0,-177.0,0.209,-0.49,-0.28
1713.5,-87.0,961.0,-175.0,0.419,-0.839,-0.629
1713.23,-72.0,955.0,-176.0,0.209,-0.699,-0.349
1713.41,-89.0,963.0,-173.0,0.49,-0.839,-0.629
1713.6,-73.0,952.0,-179.0,0.419,-0.839,-0.49
1713.78,-87.0,962.0,-174.0,0.56,-0.98,-0.699
1713.96,-72.0,953.0,-179.0,0.49,-0.49,-0.28
1714.14,-88.0,961.0,-175.0,0.419,-0.91,-0.839
1714.32,-72.0,953.0,-178.0,0.49,-0.629,-0.28
1714.51,-86.0,959.0,-174.0,0.28,-0.91,-0.699
1714.69,-75.0,956.0,-175.0,0.349,-0.769,-0.56
1715.24,-77.0,957.0,-175.0,0.419,-0.769,-0.629
1715.42,-81.0,956.0,-177.0,0.629,-0.629,-0.419
1715.6,-81.0,958.0,-175.0,0.419,-0.91,-0.769
1715.78,-79.0,956.0,-176.0,0.56,-0.56,-0.349
1715.96,-81.0,957.0,-176.0,0.28,-0.839,-0.769
1716.15,-79.0,957.0,-176.0,0.419,-0.629,-0.56
1716.33,-81.0,957.0,-176.0,0.419,-0.699,-0.56
1716.51,-81.0,958.0,-176.0,0.49,-0.839,-0.629
1716.69,-78.0,957.0,-177.0,0.56,-0.699,-0.419
1716.88,-81.0,959.0,-175.0,0.349,-0.91,-0.56
1717.6,-77.0,956.0,-176.0,0.49,-0.699,-0.419
1717.24,-82.0,958.0,-177.0,0.419,-0.839,-0.629
1717.42,-76.0,954.0,-178.0,0.49,-0.629,-0.49
1717.61,-81.0,959.0,-176.0,0.419,-0.769,-0.629
1717.79,-76.0,956.0,-179.0,0.49,-0.629,-0.349
1717.97,-81.0,959.0,-176.0,0.49,-0.839,-0.699
1718.15,-78.0,955.0,-178.0,0.419,-0.629,-0.419
1718.33,-81.0,958.0,-177.0,0.419,-0.91,-0.629
1718.52,-75.0,954.0,-178.0,0.56,-0.629,-0.419
1718.7,-84.0,959.0,-175.0,0.419,-0.769,-0.699
1718.88,-75.0,955.0,-178.0,0.349,-0.56,-0.419
1719.6,-80.0,958.0,-177.0,0.349,-0.769,-0.629
1719.25,-80.0,955.0,-176.0,0.49,-0.629,-0.56
1719.43,-79.0,959.0,-176.0,0.28,-0.91,-0.699
1719.61,-76.0,957.0,-175.0,0.419,-0.629,-0.419
1719.79,-85.0,960.0,-176.0,0.349,-0.91,-0.699
1719.97,-77.0,955.0,-175.0,0.49,-0.769,-0.629
1720.16,-84.0,959.0,-177.0,0.49,-0.769,-0.56
1720.34,-76.0,956.0,-177.0,0.28,-0.769,-0.629
1720.52,-83.0,957.0,-176.0,0.49,-0.629,-0.49
1720.7,-76.0,955.0,-177.0,0.28,-0.839,-0.699
1720.89,-82.0,958.0,-175.0,0.49,-0.629,-0.419
1721.7,-81.0,958.0,-176.0,0.349,-0.839,-0.769
1721.98,-80.0,957.0,-176.0,0.349,-0.699,-0.56
1722.16,-81.0,957.0,-176.0,0.419,-0.699,-0.629
1722.34,-78.0,957.0,-175.0,0.349,-0.769,-0.699
1722.53,-77.0,956.0,-177.0,0.49,-0.629,-0.419
1722.71,-81.0,956.0,-176.0,0.419,-0.839,-0.699
1722.89,-77.0,958.0,-176.0,0.419,-0.769,-0.629
1723.7,-79.0,956.0,-177.0,0.56,-0.629,-0.419
1723.26,-80.0,957.0,-175.0,0.349,-0.839,-0.699
1723.44,-77.0,955.0,-178.0,0.419,-0.629,-0.49
1723.62,-80.0,958.0,-175.0,0.419,-0.839,-0.699
1723.8,-77.0,957.0,-177.0,0.49,-0.629,-0.49
1729.9,-81.0,958.0,-176.0,0.349,-0.839,-0.699
1729.27,-78.0,956.0,-177.0,0.419,-0.629,-0.419
1729.45,-80.0,957.0,-177.0,0.349,-0.699,-0.56
1729.64,-78.0,959.0,-176.0,0.419,-0.699,-0.49
1729.82,-79.0,957.0,-176.0,0.419,-0.699,-0.56
1730.0,-83.0,957.0,-178.0,0.49,-0.839,-0.56
1730.18,-79.0,959.0,-175.0,0.419,-0.839,-0.629
1730.36,-79.0,957.0,-178.0,0.419,-0.56,-0.419
1730.55,-82.0,958.0,-177.0,0.49,-0.769,-0.56
1730.73,-77.0,957.0,-177.0,0.349,-0.699,-0.56
1730.91,-79.0,957.0,-177.0,0.49,-0.629,-0.56
1731.9,-80.0,957.0,-178.0,0.349,-0.629,-0.49
1731.28,-80.0,957.0,-177.0,0.49,-0.699,-0.49
1731.46,-78.0,957.0,-177.0,0.349,-0.839,-0.56
1731.64,-79.0,956.0,-177.0,0.49,-0.629,-0.49
1731.82,-80.0,958.0,-175.0,0.419,-0.769,-0.49
1732.1,-80.0,957.0,-178.0,0.419,-0.769,-0.56
1732.19,-81.0,958.0,-177.0,0.419,-0.839,-0.56
1732.37,-77.0,957.0,-177.0,0.349,-0.699,-0.49
1732.55,-82.0,957.0,-178.0,0.419,-0.769,-0.49
1732.73,-78.0,957.0,-178.0,0.419,-0.699,-0.56
1732.92,-80.0,957.0,-177.0,0.49,-0.769,-0.49
1733.1,-79.0,958.0,-177.0,0.349,-0.699,-0.56
1733.28,-79.0,957.0,-178.0,0.49,-0.699,-0.49
1733.46,-80.0,958.0,-176.0,0.419,-0.769,-0.56
1733.65,-79.0,957.0,-177.0,0.349,-0.769,-0.56
1733.83,-80.0,958.0,-176.0,0.349,-0.699,-0.56
1734.1,-81.0,957.0,-177.0,0.419,-0.629,-0.56
1734.19,-83.0,958.0,-179.0,0.49,-0.839,-0.769
1734.38,-78.0,957.0,-176.0,0.349,-0.699,-0.56
1734.56,-83.0,959.0,-177.0,0.49,-0.769,-0.56
1734.74,-78.0,957.0,-177.0,0.349,-0.839,-0.56
1734.92,-80.0,956.0,-177.0,0.419,-0.699,-0.419
1735.1,-83.0,959.0,-176.0,0.349,-0.769,-0.629
1735.29,-79.0,957.0,-177.0,0.349,-0.839,-0.629
1735.47,-82.0,958.0,-177.0,0.419,-0.699,-0.56
1735.65,-79.0,957.0,-177.0,0.349,-0.839,-0.629
1735.83,-81.0,958.0,-177.0,0.349,-0.699,-0.56
1736.2,-81.0,958.0,-175.0,0.49,-0.839,-0.629
1736.2,-78.0,957.0,-176.0,0.419,-0.699,-0.49
1736.38,-81.0,958.0,-176.0,0.49,-0.769,-0.56
1736.56,-79.0,957.0,-176.0,0.419,-0.839,-0.56
1736.74,-80.0,956.0,-177.0,0.49,-0.629,-0.56
1736.93,-78.0,958.0,-175.0,0.209,-0.839,-0.769
1737.11,-79.0,957.0,-176.0,0.419,-0.629,-0.419
1737.29,-84.0,959.0,-176.0,0.349,-0.839,-0.699
1737.47,-80.0,957.0,-175.0,0.56,-0.699,-0.56
1737.66,-82.0,959.0,-175.0,0.419,-0.699,-0.56
1737.84,-79.0,955.0,-179.0,0.49,-0.699,-0.49
1738.2,-83.0,959.0,-176.0,0.56,-0.769,-0.49
1738.2,-78.0,955.0,-179.0,0.349,-0.699,-0.49
1738.39,-82.0,957.0,-177.0,0.419,-0.699,-0.56
1738.57,-80.0,957.0,-177.0,0.49,-0.699,-0.419
1738.75,-80.0,958.0,-175.0,0.28,-0.839,-0.629
1738.93,-80.0,958.0,-175.0,0.419,-0.769,-0.56
1739.84,-82.0,958.0,-176.0,0.419,-0.699,-0.56
1740.3,-80.0,957.0,-176.0,0.349,-0.839,-0.629
1740.21,-80.0,958.0,-176.0,0.49,-0.629,-0.49
1740.39,-82.0,957.0,-176.0,0.349,-0.769,-0.629
1740.57,-78.0,957.0,-177.0,0.419,-0.769,-0.49
1740.76,-79.0,958.0,-175.0,0.419,-0.769,-0.49
1740.94,-83.0,958.0,-175.0,0.49,-0.699,-0.56
1741.12,-80.0,957.0,-175.0,0.49,-0.839,-0.629
1741.3,-78.0,957.0,-176.0,0.419,-0.699,-0.56
1741.48,-81.0,957.0,-177.0,0.419,-0.699,-0.49
1741.67,-79.0,958.0,-174.0,0.349,-0.839,-0.769
1741.85,-78.0,956.0,-178.0,0.49,-0.56,-0.419
1742.3,-82.0,960.0,-174.0,0.28,-0.91,-0.769
1742.21,-77.0,955.0,-177.0,0.629,-0.699,-0.419
1742.4,-81.0,958.0,-175.0,0.28,-0.91,-0.769
1742.58,-79.0,955.0,-178.0,0.629,-0.56,-0.419
1742.76,-79.0,957.0,-175.0,0.349,-0.91,-0.699
1742.94,-77.0,956.0,-178.0,0.419,-0.629,-0.49
1743.13,-81.0,958.0,-176.0,0.349,-0.769,-0.629
1743.31,-80.0,956.0,-177.0,0.49,-0.699,-0.349
1743.49,-82.0,959.0,-175.0,0.28,-0.91,-0.699
1744.4,-78.0,957.0,-176.0,0.349,-0.699,-0.629
1744.58,-83.0,957.0,-177.0,0.49,-0.629,-0.49
1744.77,-78.0,960.0,-175.0,0.28,-0.91,-0.699
1744.95,-78.0,955.0,-175.0,0.419,-0.49,-0.349
1745.13,-88.0,960.0,-174.0,0.419,-0.91,-0.699
1745.31,-73.0,954.0,-178.0,0.419,-0.629,-0.419
1745.5,-87.0,961.0,-174.0,0.49,-0.839,-0.629
1745.68,-73.0,953.0,-177.0,0.349,-0.699,-0.49
1745.86,-87.0,960.0,-176.0,0.419,-0.699,-0.629
1746.4,-73.0,953.0,-177.0,0.349,-0.629,-0.49
1751.15,-80.0,956.0,-177.0,0.419,-0.699,-0.419
1751.33,-80.0,958.0,-176.0,0.349,-0.769,-0.629
1751.51,-82.0,958.0,-177.0,0.419,-0.769,-0.419
1751.69,-80.0,955.0,-178.0,0.49,-0.769,-0.56
1751.87,-81.0,959.0,-174.0,0.56,-0.839,-0.629
1752.6,-79.0,956.0,-176.0,0.419,-0.769,-0.56
1752.24,-81.0,959.0,-174.0,0.349,-0.839,-0.56
1752.42,-81.0,958.0,-175.0,0.349,-0.699,-0.56
1752.6,-84.0,961.0,-174.0,0.49,-0.769,-0.699
1752.79,-72.0,954.0,-177.0,0.419,-0.629,-0.349
1752.97,-91.0,961.0,-177.0,0.839,-0.699,-0.56
1753.15,-69.0,955.0,-177.0,0.349,-0.98,-0.629
1753.33,-84.0,957.0,-177.0,0.56,-0.419,-0.14
1753.52,-83.0,959.0,-175.0,0.349,-1.049,-0.769
1753.7,-71.0,953.0,-176.0,0.07,-0.419,-0.349
1753.88,-94.0,963.0,-173.0,0.629,-0.699,-0.699
1754.6,-64.0,955.0,-174.0,0.209,-0.769,-0.629
1754.24,-90.0,961.0,-172.0,0.629,-0.629,-0.419
1754.43,-74.0,957.0,-174.0,0.419,-0.98,-0.769
1754.61,-82.0,958.0,-176.0,0.769,-0.49,-0.28
1754.79,-79.0,953.0,-179.0,0.49,-0.839,-0.629
1754.97,-82.0,956.0,-178.0,0.629,-0.699,-0.629
1755.16,-78.0,952.0,-180.0,0.56,-0.56,-0.49
1755.34,-82.0,957.0,-176.0,0.14,-0.839,-0.769
1755.52,-79.0,958.0,-176.0,0.349,-0.629,-0.419
1755.7,-78.0,957.0,-174.0,0.14,-0.91,-0.699
1755.89,-82.0,958.0,-173.0,0.419,-0.629,-0.49
1756.7,-82.0,958.0,-177.0,0.49,-0.769,-0.699
1756.25,-81.0,958.0,-175.0,0.769,-0.769,-0.56
1756.43,-81.0,959.0,-175.0,0.419,-0.769,-0.56
1756.61,-77.0,956.0,-177.0,0.56,-0.629,-0.49
1756.8,-80.0,957.0,-176.0,0.49,-0.839,-0.349
1756.98,-77.0,958.0,-175.0,0.419,-0.56,-0.419
1757.16,-77.0,954.0,-177.0,0.349,-0.629,-0.419
1757.34,-76.0,956.0,-176.0,0.629,-0.699,-0.49
1757.53,-78.0,956.0,-174.0,0.349,-0.769,-0.56
1757.71,-77.0,957.0,-176.0,0.49,-0.769,-0.629
1757.89,-78.0,955.0,-176.0,0.349,-0.699,-0.419
1758.7,-83.0,959.0,-176.0,0.56,-0.91,-0.769
1758.26,-78.0,954.0,-177.0,0.49,-0.699,-0.629
1758.44,-80.0,958.0,-178.0,0.49,-0.769,-0.699
1758.62,-76.0,956.0,-177.0,0.49,-0.56,-0.49
1758.8,-82.0,957.0,-176.0,0.349,-0.769,-0.49
1758.98,-81.0,956.0,-177.0,0.56,-0.56,-0.49
1759.17,-83.0,957.0,-175.0,0.28,-0.839,-0.629
1759.35,-81.0,957.0,-176.0,0.56,-0.56,-0.699
1759.53,-78.0,956.0,-176.0,0.419,-0.699,-0.49
1759.71,-85.0,958.0,-175.0,0.419,-0.839,-0.629
1759.9,-79.0,957.0,-175.0,0.419,-0.839,-0.699
1760.8,-79.0,956.0,-175.0,0.49,-0.56,-0.419
1760.26,-78.0,959.0,-174.0,0.14,-0.91,-0.839
1760.44,-79.0,956.0,-176.0,0.699,-0.49,-0.209
1760.62,-78.0,958.0,-173.0,0.14,-1.12,-0.769
1760.81,-78.0,957.0,-176.0,0.56,-0.629,-0.349
1760.99,-81.0,959.0,-175.0,0.56,-0.769,-0.699
1761.17,-76.0,956.0,-177.0,0.629,-0.629,-0.49
1761.35,-80.0,955.0,-178.0,0.49,-0.91,-0.629
1761.54,-79.0,957.0,-176.0,0.49,-0.699,-0.49
1761.72,-82.0,958.0,-177.0,0.49,-0.699,-0.629
1761.9,-76.0,957.0,-175.0,0.07,-0.91,-0.699
1762.8,-84.0,960.0,-176.0,0.49,-0.56,-0.419
1762.27,-76.0,957.0,-174.0,0.07,-0.98,-0.699
1762.45,-83.0,959.0,-174.0,0.49,-0.56,-0.49
1762.63,-79.0,958.0,-176.0,0.419,-0.769,-0.629
1762.81,-82.0,957.0,-178.0,0.56,-0.699,-0.49
1764.27,-76.0,956.0,-177.0,0.49,-0.56,-0.419
1764.45,-82.0,958.0,-176.0,0.419,-0.769,-0.629
1764.64,-78.0,955.0,-177.0,0.49,-0.769,-0.49
1764.82,-81.0,957.0,-176.0,0.419,-0.769,-0.56
1765.0,-80.0,957.0,-176.0,0.349,-0.769,-0.56
1765.18,-80.0,957.0,-176.0,0.349,-0.839,-0.49
1765.36,-79.0,957.0,-175.0,0.419,-0.769,-0.56
1765.55,-80.0,957.0,-176.0,0.349,-0.699,-0.56
1765.73,-80.0,958.0,-176.0,0.349,-0.699,-0.49
1765.91,-79.0,957.0,-176.0,0.419,-0.699,-0.56
1766.9,-79.0,958.0,-176.0,0.419,-0.769,-0.56
1766.28,-80.0,957.0,-177.0,0.419,-0.769,-0.56
1772.11,-79.0,957.0,-176.0,0.419,-0.699,-0.49
1772.29,-80.0,958.0,-177.0,0.49,-0.699,-0.56
1772.47,-79.0,957.0,-176.0,0.419,-0.699,-0.56
1772.66,-81.0,957.0,-176.0,0.419,-0.769,-0.56
1772.84,-79.0,957.0,-176.0,0.419,-0.769,-0.629
1773.2,-80.0,957.0,-176.0,0.349,-0.769,-0.56
1773.2,-82.0,957.0,-176.0,0.629,-0.699,-0.49
1773.38,-78.0,957.0,-175.0,0.349,-0.839,-0.56
1773.57,-80.0,957.0,-175.0,0.419,-0.699,-0.49
1773.75,-80.0,956.0,-177.0,0.49,-0.769,-0.56
1779.58,-83.0,957.0,-177.0,0.629,-0.91,-0.629
1779.77,-77.0,956.0,-177.0,0.49,-0.769,-0.629
1779.95,-81.0,956.0,-178.0,0.56,-0.56,-0.419
1780.13,-79.0,957.0,-177.0,0.349,-0.839,-0.56
1780.31,-78.0,957.0,-177.0,0.349,-0.629,-0.419
1780.49,-83.0,958.0,-175.0,0.209,-0.629,-0.56
1780.68,-79.0,958.0,-173.0,0.209,-0.839,-0.629
1780.86,-79.0,956.0,-176.0,0.49,-0.699,-0.419
1781.4,-82.0,958.0,-174.0,0.56,-0.839,-0.699
1781.22,-77.0,955.0,-177.0,0.419,-0.699,-0.49
1781.41,-82.0,958.0,-176.0,0.419,-0.839,-0.629
1786.69,-74.0,955.0,-176.0,0.07,-1.259,-1.049
1786.87,-83.0,960.0,-174.0,0.699,-0.419,-0.28
1787.6,-77.0,956.0,-175.0,0.28,-0.769,-0.699
1787.24,-83.0,958.0,-175.0,0.56,-0.629,-0.49
1787.42,-77.0,957.0,-175.0,0.28,-0.769,-0.56
1787.6,-82.0,958.0,-177.0,0.56,-0.769,-0.49
1787.79,-76.0,956.0,-176.0,0.419,-0.769,-0.56
1787.97,-83.0,958.0,-176.0,0.56,-0.629,-0.56
1788.15,-80.0,956.0,-177.0,0.349,-0.769,-0.56
1788.33,-81.0,957.0,-175.0,0.49,-0.699,-0.56
1788.51,-81.0,958.0,-175.0,0.349,-0.699,-0.56
1793.62,-78.0,956.0,-178.0,0.419,-0.56,-0.349
1793.8,-81.0,958.0,-176.0,0.49,-0.769,-0.629
1793.98,-78.0,957.0,-176.0,0.419,-0.699,-0.419
1794.17,-81.0,957.0,-177.0,0.49,-0.769,-0.629
1794.35,-78.0,957.0,-176.0,0.419,-0.699,-0.56
1794.53,-81.0,957.0,-176.0,0.419,-0.629,-0.49
1794.71,-80.0,957.0,-176.0,0.49,-0.769,-0.56
1794.89,-78.0,957.0,-175.0,0.419,-0.699,-0.56
1795.8,-81.0,957.0,-176.0,0.419,-0.699,-0.49
1795.26,-79.0,957.0,-177.0,0.349,-0.839,-0.49
1795.44,-81.0,957.0,-176.0,0.419,-0.699,-0.49
1795.62,-79.0,955.0,-178.0,0.419,-0.699,-0.56
1795.81,-80.0,958.0,-176.0,0.419,-0.769,-0.56
1795.99,-80.0,956.0,-177.0,0.349,-0.769,-0.56
1796.17,-80.0,956.0,-177.0,0.349,-0.839,-0.56
1796.35,-78.0,956.0,-176.0,0.349,-0.699,-0.49
1796.54,-83.0,958.0,-175.0,0.349,-0.839,-0.629
1796.72,-78.0,956.0,-176.0,0.419,-0.699,-0.56
1796.9,-82.0,958.0,-175.0,0.49,-0.769,-0.49
1797.8,-79.0,956.0,-175.0,0.419,-0.839,-0.629
1797.26,-80.0,957.0,-175.0,0.49,-0.699,-0.49
1797.45,-80.0,957.0,-175.0,0.419,-0.839,-0.699
1797.63,-80.0,957.0,-175.0,0.419,-0.699,-0.629
1797.81,-80.0,956.0,-177.0,0.419,-0.769,-0.56
1797.99,-82.0,958.0,-176.0,0.349,-0.769,-0.629
1798.18,-81.0,957.0,-177.0,0.419,-0.769,-0.56
1799.9,-79.0,957.0,-176.0,0.49,-0.839,-0.629
1799.27,-81.0,956.0,-177.0,0.49,-0.699,-0.56
1799.45,-81.0,957.0,-177.0,0.49,-0.769,-0.56
1799.63,-80.0,957.0,-176.0,0.419,-0.769,-0.56
1799.82,-78.0,957.0,-177.0,0.49,-0.699,-0.419
1800.0,-78.0,958.0,-175.0,0.349,-0.769,-0.56
1800.18,-79.0,957.0,-176.0,0.49,-0.629,-0.419
1800.36,-81.0,958.0,-175.0,0.419,-0.699,-0.49
1800.55,-77.0,957.0,-176.0,0.419,-0.699,-0.49
1800.73,-80.0,957.0,-176.0,0.419,-0.769,-0.49
1800.91,-79.0,956.0,-176.0,0.419,-0.769,-0.56
1801.9,-82.0,955.0,-176.0,0.49,-0.699,-0.49
1801.27,-82.0,957.0,-176.0,0.419,-0.839,-0.699
1801.46,-80.0,956.0,-176.0,0.419,-0.699,-0.419
1801.64,-81.0,957.0,-175.0,0.349,-0.769,-0.699
1801.82,-79.0,956.0,-175.0,0.419,-0.699,-0.56
1803.28,-81.0,957.0,-176.0,0.49,-0.769,-0.49
1803.46,-81.0,958.0,-176.0,0.419,-0.839,-0.629
1803.64,-81.0,957.0,-176.0,0.49,-0.769,-0.56
1803.83,-80.0,958.0,-175.0,0.349,-0.769,-0.629
1804.1,-81.0,957.0,-176.0,0.49,-0.699,-0.49
1804.19,-82.0,957.0,-176.0,0.49,-0.839,-0.629
1804.37,-79.0,957.0,-176.0,0.419,-0.699,-0.629
1804.56,-81.0,957.0,-175.0,0.419,-0.769,-0.56
1804.74,-80.0,958.0,-176.0,0.419,-0.839,-0.699
1804.92,-78.0,957.0,-175.0,0.419,-0.699,-0.49
1805.1,-80.0,956.0,-176.0,0.419,-0.699,-0.49
1805.29,-82.0,957.0,-175.0,0.349,-0.839,-0.56
1805.47,-79.0,958.0,-176.0,0.349,-0.769,-0.629
1805.65,-80.0,958.0,-175.0,0.419,-0.769,-0.49
1805.83,-82.0,957.0,-175.0,0.419,-0.769,-0.629
1806.1,-81.0,958.0,-176.0,0.419,-0.769,-0.629
1806.2,-78.0,957.0,-176.0,0.349,-0.699,-0.56
1806.38,-81.0,957.0,-178.0,0.49,-0.769,-0.49
1806.56,-80.0,958.0,-175.0,0.349,-0.839,-0.629
1806.74,-79.0,958.0,-176.0,0.49,-0.629,-0.49
1806.93,-81.0,958.0,-175.0,0.419,-0.769,-0.56
1807.11,-78.0,956.0,-176.0,0.49,-0.629,-0.419
1807.29,-82.0,958.0,-176.0,0.419,-0.699,-0.56
1807.47,-78.0,956.0,-177.0,0.49,-0.699,-0.56
1807.65,-82.0,957.0,-175.0,0.49,-0.769,-0.49
1807.84,-79.0,956.0,-176.0,0.56,-0.769,-0.56
1808.93,-80.0,958.0,-176.0,0.49,-0.699,-0.56
1809.11,-79.0,957.0,-176.0,0.419,-0.769,-0.49
1809.3,-81.0,959.0,-175.0,0.419,-0.769,-0.56
1809.48,-80.0,956.0,-176.0,0.49,-0.769,-0.56
1809.66,-79.0,957.0,-176.0,0.419,-0.769,-0.56
1809.84,-79.0,957.0,-176.0,0.349,-0.699,-0.49
1810.2,-80.0,959.0,-176.0,0.49,-0.769,-0.629
1810.21,-79.0,958.0,-175.0,0.419,-0.769,-0.56
1810.39,-80.0,956.0,-176.0,0.49,-0.699,-0.419
1810.57,-81.0,957.0,-176.0,0.49,-0.769,-0.629
1810.75,-79.0,957.0,-175.0,0.49,-0.769,-0.56
1810.94,-81.0,958.0,-175.0,0.349,-0.699,-0.56
1811.12,-79.0,957.0,-176.0,0.349,-0.699,-0.49
1811.3,-82.0,959.0,-175.0,0.49,-0.769,-0.629
1811.48,-77.0,956.0,-176.0,0.349,-0.769,-0.629
1811.67,-81.0,958.0,-176.0,0.49,-0.839,-0.49
1811.85,-79.0,957.0,-176.0,0.349,-0.839,-0.56
1812.3,-81.0,957.0,-176.0,0.49,-0.769,-0.629
1812.21,-78.0,956.0,-177.0,0.419,-0.699,-0.49
1812.39,-82.0,958.0,-176.0,0.49,-0.699,-0.56
1812.58,-79.0,957.0,-176.0,0.49,-0.699,-0.56
1812.76,-79.0,957.0,-176.0,0.419,-0.699,-0.56
1812.94,-81.0,959.0,-176.0,0.419,-0.769,-0.629
1813.12,-79.0,957.0,-176.0,0.419,-0.699,-0.56
1813.31,-80.0,958.0,-175.0,0.49,-0.769,-0.56
1813.49,-79.0,957.0,-176.0,0.349,-0.769,-0.49
1813.67,-82.0,958.0,-176.0,0.49,-0.769,-0.56
1813.85,-78.0,958.0,-176.0,0.349,-0.839,-0.629
1814.3,-80.0,957.0,-177.0,0.49,-0.629,-0.419
1814.22,-81.0,958.0,-175.0,0.349,-0.839,-0.699
1814.4,-78.0,956.0,-177.0,0.49,-0.629,-0.349
1814.58,-83.0,958.0,-175.0,0.419,-0.769,-0.56
1814.76,-78.0,956.0,-175.0,0.419,-0.769,-0.56
1814.95,-82.0,957.0,-176.0,0.419,-0.699,-0.49
1815.13,-79.0,957.0,-175.0,0.349,-0.769,-0.49
1815.31,-80.0,957.0,-175.0,0.419,-0.769,-0.49
1815.49,-81.0,957.0,-176.0,0.419,-0.699,-0.49
1815.68,-80.0,957.0,-176.0,0.49,-0.699,-0.56
1815.86,-81.0,957.0,-176.0,0.419,-0.769,-0.629
1816.4,-79.0,957.0,-176.0,0.419,-0.699,-0.629
1816.22,-81.0,957.0,-176.0,0.49,-0.769,-0.629
1816.4,-77.0,957.0,-176.0,0.419,-0.699,-0.56
1816.59,-81.0,958.0,-176.0,0.49,-0.629,-0.49
1816.77,-79.0,957.0,-175.0,0.419,-0.839,-0.629
1816.95,-80.0,957.0,-176.0,0.419,-0.629,-0.49
1817.13,-79.0,958.0,-176.0,0.419,-0.699,-0.629
1817.32,-82.0,958.0,-174.0,0.49,-0.769,-0.49
1817.5,-77.0,957.0,-176.0,0.419,-0.769,-0.56
1817.68,-82.0,957.0,-176.0,0.56,-0.699,-0.49
1817.86,-78.0,957.0,-177.0,0.419,-0.769,-0.56
1818.4,-80.0,958.0,-176.0,0.349,-0.769,-0.56
1818.23,-79.0,955.0,-177.0,0.49,-0.699,-0.56
1818.41,-79.0,958.0,-175.0,0.28,-0.839,-0.629
1819.32,-77.0,956.0,-176.0,0.419,-0.769,-0.56
1819.5,-82.0,958.0,-175.0,0.49,-0.699,-0.49
1819.69,-79.0,957.0,-176.0,0.419,-0.769,-0.629
1819.87,-79.0,957.0,-177.0,0.49,-0.699,-0.49
1820.5,-80.0,957.0,-175.0,0.28,-0.769,-0.56
1820.23,-81.0,957.0,-177.0,0.419,-0.629,-0.49
1820.41,-82.0,959.0,-176.0,0.49,-0.839,-0.629
1820.6,-78.0,957.0,-176.0,0.349,-0.769,-0.49
1820.78,-81.0,958.0,-177.0,0.49,-0.699,-0.56
1820.96,-77.0,957.0,-176.0,0.28,-0.769,-0.56
1821.14,-84.0,958.0,-176.0,0.56,-0.699,-0.49
1821.33,-78.0,956.0,-177.0,0.419,-0.699,-0.629
1821.51,-82.0,958.0,-176.0,0.49,-0.629,-0.49
1821.69,-80.0,957.0,-177.0,0.349,-0.839,-0.629
1821.87,-81.0,957.0,-176.0,0.49,-0.699,-0.56
1822.5,-78.0,956.0,-176.0,0.419,-0.769,-0.56
1822.24,-83.0,958.0,-177.0,0.49,-0.699,-0.56
1822.42,-76.0,956.0,-176.0,0.419,-0.769,-0.56
1822.6,-82.0,958.0,-176.0,0.56,-0.629,-0.419
1822.78,-80.0,958.0,-176.0,0.419,-0.769,-0.629
1822.97,-80.0,956.0,-177.0,0.56,-0.629,-0.419
1823.15,-82.0,958.0,-176.0,0.349,-0.91,-0.56
1823.33,-80.0,957.0,-177.0,0.419,-0.629,-0.49
1824.97,-77.0,956.0,-175.0,0.349,-0.769,-0.56
1825.15,-82.0,958.0,-175.0,0.49,-0.769,-0.49
1825.34,-78.0,958.0,-174.0,0.349,-0.839,-0.629
1825.52,-80.0,956.0,-176.0,0.49,-0.699,-0.49
1825.7,-79.0,956.0,-177.0,0.49,-0.769,-0.49
1825.88,-81.0,957.0,-178.0,0.56,-0.769,-0.56
1826.6,-81.0,957.0,-179.0,0.419,-0.769,-0.56
1826.25,-80.0,958.0,-177.0,0.419,-0.769,-0.629
1826.43,-78.0,957.0,-177.0,0.349,-0.629,-0.419
1826.61,-82.0,958.0,-176.0,0.419,-0.769,-0.49
1826.79,-77.0,957.0,-177.0,0.28,-0.769,-0.49
1826.98,-80.0,958.0,-175.0,0.419,-0.699,-0.419
1827.16,-80.0,956.0,-177.0,0.419,-0.839,-0.56
1827.34,-80.0,959.0,-176.0,0.49,-0.769,-0.56
1827.52,-78.0,955.0,-177.0,0.419,-0.699,-0.49
1828.62,-78.0,956.0,-175.0,0.49,-0.699,-0.49
1828.8,-81.0,957.0,-175.0,0.49,-0.699,-0.629
1828.98,-79.0,956.0,-176.0,0.28,-0.769,-0.56
1829.16,-81.0,957.0,-175.0,0.49,-0.629,-0.56
1829.35,-82.0,959.0,-175.0,0.419,-0.769,-0.629
1829.53,-77.0,956.0,-176.0,0.419,-0.769,-0.629
1829.71,-86.0,958.0,-175.0,0.49,-0.699,-0.629
1829.89,-79.0,957.0,-175.0,0.349,-0.769,-0.629
1830.7,-78.0,957.0,-176.0,0.49,-0.629,-0.419
1830.26,-82.0,959.0,-176.0,0.49,-0.769,-0.56
1830.44,-78.0,956.0,-176.0,0.419,-0.769,-0.49
1830.62,-82.0,958.0,-175.0,0.419,-0.839,-0.629
1830.8,-77.0,957.0,-176.0,0.349,-0.629,-0.56
1830.99,-83.0,957.0,-177.0,0.419,-0.699,-0.49
1831.17,-80.0,958.0,-176.0,0.349,-0.91,-0.699
1831.35,-78.0,957.0,-176.0,0.49,-0.629,-0.349
1831.53,-85.0,958.0,-176.0,0.419,-0.839,-0.56
1831.72,-76.0,956.0,-177.0,0.419,-0.91,-0.629
1831.9,-80.0,957.0,-177.0,0.56,-0.699,-0.419
1832.8,-78.0,958.0,-175.0,0.349,-0.769,-0.629
1832.26,-79.0,957.0,-175.0,0.419,-0.56,-0.419
1832.44,-81.0,957.0,-176.0,0.349,-0.839,-0.629
1832.63,-81.0,957.0,-175.0,0.49,-0.699,-0.56
1832.81,-78.0,957.0,-175.0,0.419,-0.769,-0.56
1832.99,-81.0,957.0,-176.0,0.56,-0.629,-0.349
1833.17,-82.0,958.0,-175.0,0.349,-0.91,-0.699
1833.36,-79.0,955.0,-177.0,0.49,-0.699,-0.49
1833.54,-82.0,958.0,-174.0,0.419,-0.769,-0.629
1833.72,-77.0,956.0,-175.0,0.349,-0.699,-0.419
1833.9,-83.0,958.0,-175.0,0.419,-0.769,-0.56
1834.8,-78.0,955.0,-178.0,0.56,-0.769,-0.49
1834.27,-82.0,958.0,-175.0,0.419,-0.839,-0.629
1834.45,-78.0,956.0,-177.0,0.56,-0.629,-0.419
1834.63,-82.0,957.0,-176.0,0.419,-0.91,-0.699
1834.81,-76.0,956.0,-177.0,0.49,-0.629,-0.419
1835.0,-84.0,956.0,-178.0,0.49,-0.699,-0.49
1835.18,-82.0,958.0,-176.0,0.209,-0.91,-0.769
1835.36,-78.0,956.0,-176.0,0.49,-0.699,-0.419
1835.54,-81.0,958.0,-175.0,0.349,-0.839,-0.56
1835.73,-80.0,957.0,-176.0,0.349,-0.629,-0.49
1835.91,-83.0,958.0,-175.0,0.49,-0.839,-0.56
1836.9,-75.0,959.0,-175.0,0.349,-0.839,-0.699
1836.27,-81.0,956.0,-175.0,0.56,-0.699,-0.419
1836.45,-80.0,958.0,-175.0,0.49,-0.91,-0.629
1836.64,-79.0,957.0,-174.0,0.28,-0.769,-0.56
1836.82,-80.0,955.0,-179.0,0.28,-0.629,-0.56
1837.0,-82.0,958.0,-176.0,0.49,-0.629,-0.699
1837.18,-79.0,958.0,-175.0,0.349,-0.629,-0.699
1837.37,-78.0,957.0,-175.0,0.49,-0.769,-0.629
1837.55,-80.0,959.0,-173.0,0.49,-0.91,-0.49
1837.73,-82.0,958.0,-173.0,0.49,-0.699,-0.56
1837.91,-75.0,954.0,-176.0,0.349,-0.699,-0.419
1838.9,-84.0,961.0,-174.0,0.49,-0.629,-0.699
1838.28,-78.0,956.0,-176.0,0.419,-0.699,-0.629
1838.46,-81.0,956.0,-176.0,0.419,-0.699,-0.49
1838.64,-78.0,958.0,-174.0,0.349,-0.839,-0.56
1838.82,-81.0,958.0,-174.0,0.349,-0.769,-0.56
1839.1,-78.0,955.0,-176.0,0.349,-0.699,-0.419
1839.19,-83.0,960.0,-175.0,0.49,-0.769,-0.56
1839.37,-75.0,956.0,-175.0,0.28,-0.629,-0.49
1839.55,-83.0,958.0,-176.0,0.49,-0.699,-0.49
1839.73,-75.0,956.0,-177.0,0.419,-0.699,-0.419
1839.92,-85.0,958.0,-176.0,0.49,-0.699,-0.419
1840.1,-80.0,955.0,-176.0,0.419,-0.769,-0.56
1840.28,-85.0,956.0,-179.0,0.49,-0.629,-0.49
1840.46,-78.0,959.0,-176.0,0.349,-0.769,-0.769
1840.65,-79.0,954.0,-178.0,0.419,-0.49,-0.349
1840.83,-83.0,959.0,-175.0,0.419,-0.769,-0.699
1841.1,-78.0,956.0,-176.0,0.49,-0.56,-0.419
1841.19,-79.0,957.0,-175.0,0.209,-0.91,-0.769
1841.38,-78.0,957.0,-175.0,0.56,-0.629,-0.28
1841.56,-83.0,958.0,-175.0,0.349,-0.769,-0.56
1841.74,-82.0,956.0,-178.0,0.629,-0.699,-0.629
1841.92,-77.0,956.0,-176.0,0.349,-0.839,-0.629
1842.1,-84.0,960.0,-176.0,0.56,-0.629,-0.56
1842.29,-78.0,955.0,-177.0,0.49,-0.699,-0.56
1842.47,-86.0,957.0,-175.0,0.349,-0.769,-0.49
1842.65,-81.0,958.0,-175.0,0.07,-1.12,-0.769
1842.83,-80.0,957.0,-176.0,0.49,-0.699,-0.49
1843.74,-90.0,955.0,-181.0,0.629,-0.49,-0.28
1844.11,-82.0,952.0,-182.0,0.629,-0.14,0.14
1844.47,-78.0,953.0,-177.0,0.629,-0.349,0.14
1844.66,-85.0,960.0,-174.0,-0.209,-1.33,-1.049
1844.84,-70.0,954.0,-176.0,0.56,-0.49,0.07
1845.2,-84.0,960.0,-174.0,0.28,-1.12,-0.699
1845.2,-76.0,958.0,-173.0,0.56,-0.699,-0.419
1845.38,-80.0,956.0,-178.0,0.629,-0.699,-0.349
1845.57,-79.0,958.0,-173.0,0.419,-0.91,-0.769
1845.75,-77.0,954.0,-177.0,0.49,-0.49,-0.28
1845.93,-81.0,958.0,-175.0,0.209,-0.91,-0.769
1846.11,-76.0,956.0,-175.0,0.419,-0.49,-0.419
1846.3,-79.0,958.0,-177.0,0.28,-0.769,-0.699
1846.48,-77.0,956.0,-177.0,0.56,-0.629,-0.419
1846.66,-84.0,960.0,-174.0,0.28,-0.98,-0.769
1846.84,-77.0,953.0,-179.0,0.419,-0.699,-0.28
1847.3,-82.0,956.0,-176.0,0.349,-0.91,-0.629
1850.12,-83.0,959.0,-177.0,0.349,-0.839,-0.629
1850.31,-81.0,956.0,-179.0,0.56,-0.699,-0.56
1850.49,-79.0,958.0,-178.0,0.349,-0.839,-0.56
1850.67,-80.0,955.0,-177.0,0.419,-0.769,-0.56
1850.85,-83.0,957.0,-175.0,0.49,-0.769,-0.56
1851.4,-78.0,957.0,-178.0,0.419,-0.699,-0.629
1851.22,-83.0,958.0,-175.0,0.49,-0.699,-0.56
1851.4,-78.0,956.0,-177.0,0.419,-0.699,-0.56
1851.58,-81.0,958.0,-176.0,0.629,-0.699,-0.49
1851.76,-79.0,956.0,-176.0,0.349,-0.769,-0.629
1851.95,-81.0,957.0,-177.0,0.49,-0.629,-0.56
1852.13,-78.0,957.0,-177.0,0.419,-0.699,-0.56
1852.31,-82.0,957.0,-176.0,0.349,-0.699,-0.49
1852.49,-81.0,957.0,-175.0,0.419,-0.839,-0.56
1852.68,-79.0,958.0,-177.0,0.419,-0.769,-0.56
1852.86,-81.0,956.0,-177.0,0.49,-0.629,-0.49
1853.4,-83.0,959.0,-178.0,0.419,-0.91,-0.629
1853.22,-77.0,956.0,-177.0,0.419,-0.699,-0.49
1853.4,-82.0,957.0,-177.0,0.419,-0.699,-0.49
1853.59,-79.0,957.0,-176.0,0.349,-0.769,-0.629
1853.77,-80.0,956.0,-178.0,0.49,-0.769,-0.49
1853.95,-78.0,957.0,-177.0,0.349,-0.839,-0.56
1854.13,-79.0,957.0,-177.0,0.49,-0.699,-0.49
1854.32,-80.0,956.0,-175.0,0.419,-0.839,-0.629
1854.5,-80.0,957.0,-175.0,0.349,-0.839,-0.629
1854.68,-79.0,957.0,-175.0,0.49,-0.699,-0.49
1854.86,-79.0,958.0,-176.0,0.349,-0.839,-0.629
1855.4,-78.0,957.0,-177.0,0.49,-0.629,-0.49
1855.23,-82.0,957.0,-176.0,0.49,-0.629,-0.49
1855.41,-78.0,957.0,-177.0,0.349,-0.839,-0.56
1855.59,-79.0,956.0,-177.0,0.56,-0.629,-0.419
1855.77,-82.0,958.0,-174.0,0.349,-0.769,-0.629
1855.96,-77.0,956.0,-176.0,0.349,-0.699,-0.49
1856.14,-83.0,957.0,-175.0,0.49,-0.769,-0.49
1856.32,-80.0,957.0,-176.0,0.49,-0.769,-0.56
1856.5,-81.0,958.0,-176.0,0.419,-0.769,-0.629
1856.68,-78.0,956.0,-177.0,0.49,-0.629,-0.49
1857.78,-77.0,956.0,-176.0,0.419,-0.699,-0.49
1857.96,-83.0,956.0,-176.0,0.349,-0.769,-0.49
1858.14,-78.0,956.0,-178.0,0.349,-0.769,-0.629
1858.33,-82.0,957.0,-177.0,0.49,-0.699,-0.49
1858.51,-78.0,956.0,-177.0,0.349,-0.769,-0.629
1858.69,-83.0,957.0,-176.0,0.56,-0.56,-0.49
1858.87,-77.0,957.0,-176.0,0.28,-0.91,-0.699
1859.5,-79.0,955.0,-177.0,0.49,-0.56,-0.28
1859.24,-83.0,960.0,-175.0,0.28,-0.98,-0.839
1859.42,-77.0,956.0,-177.0,0.49,-0.629,-0.419
1864.89,-81.0,958.0,-176.0,0.419,-0.769,-0.56
1865.7,-80.0,957.0,-176.0,0.419,-0.839,-0.56
1865.25,-81.0,957.0,-176.0,0.49,-0.839,-0.49
1865.43,-78.0,957.0,-177.0,0.349,-0.769,-0.56
1865.62,-82.0,958.0,-176.0,0.419,-0.699,-0.56
1865.8,-79.0,957.0,-176.0,0.349,-0.769,-0.629
1865.98,-81.0,955.0,-177.0,0.419,-0.699,-0.56
1866.16,-81.0,958.0,-176.0,0.419,-0.839,-0.629
1866.35,-79.0,957.0,-176.0,0.419,-0.699,-0.49
1866.53,-82.0,958.0,-175.0,0.419,-0.769,-0.56
1866.71,-78.0,956.0,-176.0,0.419,-0.769,-0.49
1866.89,-81.0,958.0,-175.0,0.419,-0.769,-0.56
1867.7,-78.0,956.0,-177.0,0.419,-0.839,-0.56
1867.26,-79.0,957.0,-176.0,0.419,-0.699,-0.56
1867.44,-78.0,957.0,-176.0,0.349,-0.769,-0.56
1867.62,-80.0,956.0,-176.0,0.49,-0.699,-0.419
1867.8,-80.0,958.0,-175.0,0.349,-0.839,-0.699
1867.99,-78.0,956.0,-175.0,0.419,-0.699,-0.49
1869.8,-81.0,958.0,-175.0,0.419,-0.769,-0.56
1869.26,-78.0,957.0,-176.0,0.419,-0.699,-0.49
1869.44,-83.0,958.0,-176.0,0.419,-0.699,-0.49
1869.63,-80.0,957.0,-176.0,0.349,-0.769,-0.629
1869.81,-79.0,956.0,-176.0,0.629,-0.699,-0.419
1869.99,-80.0,957.0,-176.0,0.349,-0.91,-0.629
1870.17,-80.0,957.0,-175.0,0.419,-0.629,-0.49
1870.35,-81.0,957.0,-176.0,0.349,-0.769,-0.629
1870.54,-80.0,957.0,-176.0,0.49,-0.699,-0.49
1870.72,-81.0,957.0,-176.0,0.49,-0.699,-0.49
1870.9,-81.0,957.0,-176.0,0.349,-0.839,-0.629
1871.8,-81.0,959.0,-176.0,0.419,-0.699,-0.56
1871.27,-80.0,957.0,-176.0,0.349,-0.629,-0.56
1871.45,-81.0,958.0,-176.0,0.419,-0.769,-0.56
1871.63,-79.0,956.0,-176.0,0.419,-0.699,-0.56
1871.81,-81.0,958.0,-176.0,0.49,-0.769,-0.56
1872.0,-79.0,956.0,-177.0,0.419,-0.699,-0.56
1872.18,-82.0,957.0,-175.0,0.49,-0.769,-0.56
1872.36,-80.0,958.0,-177.0,0.419,-0.839,-0.56
1872.54,-80.0,958.0,-176.0,0.419,-0.769,-0.49
1872.72,-80.0,957.0,-175.0,0.419,-0.769,-0.56
1872.91,-80.0,956.0,-177.0,0.419,-0.699,-0.56
1873.9,-80.0,958.0,-176.0,0.49,-0.769,-0.629
1873.27,-80.0,957.0,-176.0,0.419,-0.769,-0.49
1873.45,-81.0,958.0,-175.0,0.419,-0.769,-0.629
1873.64,-78.0,956.0,-177.0,0.419,-0.699,-0.49
1873.82,-81.0,958.0,-175.0,0.419,-0.769,-0.56
1874.0,-79.0,957.0,-176.0,0.419,-0.699,-0.56
1874.18,-80.0,958.0,-176.0,0.419,-0.699,-0.56
1874.36,-79.0,957.0,-176.0,0.349,-0.769,-0.56
1874.55,-79.0,958.0,-176.0,0.419,-0.699,-0.49
1874.73,-81.0,958.0,-176.0,0.419,-0.699,-0.56
1876.19,-80.0,957.0,-176.0,0.419,-0.769,-0.56
1876.37,-80.0,957.0,-175.0,0.349,-0.769,-0.56
1876.55,-82.0,957.0,-176.0,0.419,-0.769,-0.49
1876.73,-79.0,957.0,-176.0,0.419,-0.699,-0.49
1876.92,-81.0,958.0,-176.0,0.419,-0.699,-0.49
1877.1,-80.0,957.0,-176.0,0.419,-0.769,-0.629
1877.28,-78.0,957.0,-175.0,0.349,-0.769,-0.49
1877.46,-81.0,957.0,-176.0,0.49,-0.769,-0.56
1877.65,-80.0,956.0,-176.0,0.419,-0.769,-0.49
1877.83,-81.0,957.0,-175.0,0.419,-0.699,-0.56
1878.1,-81.0,958.0,-175.0,0.49,-0.699,-0.56
1878.19,-80.0,958.0,-175.0,0.419,-0.699,-0.56
1878.38,-80.0,958.0,-176.0,0.419,-0.769,-0.49
1878.56,-80.0,957.0,-176.0,0.419,-0.769,-0.49
1878.74,-81.0,957.0,-175.0,0.49,-0.769,-0.49
1878.92,-80.0,957.0,-176.0,0.349,-0.769,-0.56
1879.1,-79.0,957.0,-175.0,0.419,-0.699,-0.49
1879.29,-81.0,958.0,-176.0,0.419,-0.769,-0.56
1879.47,-80.0,957.0,-176.0,0.419,-0.769,-0.629
1879.65,-80.0,957.0,-175.0,0.419,-0.769,-0.56
1879.83,-81.0,957.0,-176.0,0.49,-0.769,-0.56
1880.2,-80.0,957.0,-176.0,0.349,-0.769,-0.56
1880.2,-82.0,958.0,-176.0,0.419,-0.699,-0.56
1880.38,-79.0,957.0,-177.0,0.419,-0.769,-0.56
1880.56,-81.0,958.0,-177.0,0.419,-0.769,-0.49
1880.74,-80.0,957.0,-176.0,0.419,-0.699,-0.56
1880.93,-80.0,958.0,-175.0,0.56,-0.699,-0.49
1881.11,-80.0,957.0,-177.0,0.349,-0.839,-0.56
1881.29,-80.0,957.0,-176.0,0.419,-0.769,-0.56
1881.47,-78.0,957.0,-176.0,0.419,-0.769,-0.56
1881.66,-81.0,957.0,-175.0,0.419,-0.699,-0.56
1881.84,-80.0,957.0,-175.0,0.419,-0.769,-0.629
1882.2,-78.0,957.0,-176.0,0.419,-0.769,-0.49
1882.2,-79.0,957.0,-176.0,0.349,-0.839,-0.56
1882.39,-80.0,957.0,-176.0,0.419,-0.699,-0.49
1882.57,-78.0,958.0,-175.0,0.419,-0.769,-0.56
1882.75,-79.0,957.0,-175.0,0.49,-0.699,-0.49
1882.93,-79.0,958.0,-175.0,0.349,-0.699,-0.629
1883.11,-79.0,957.0,-176.0,0.49,-0.699,-0.419
1883.3,-81.0,958.0,-175.0,0.349,-0.699,-0.56
1883.48,-79.0,956.0,-176.0,0.49,-0.699,-0.49
1883.66,-80.0,958.0,-175.0,0.349,-0.699,-0.56
1883.84,-79.0,957.0,-177.0,0.49,-0.699,-0.56
1884.3,-80.0,958.0,-175.0,0.419,-0.91,-0.629
1884.21,-80.0,956.0,-176.0,0.49,-0.629,-0.49
1884.39,-81.0,958.0,-175.0,0.349,-0.769,-0.56
1884.57,-80.0,957.0,-175.0,0.419,-0.699,-0.56
1884.75,-79.0,957.0,-175.0,0.49,-0.699,-0.56
1884.94,-79.0,957.0,-175.0,0.419,-0.769,-0.56
1885.12,-80.0,957.0,-175.0,0.419,-0.769,-0.49
1885.3,-80.0,958.0,-176.0,0.419,-0.699,-0.49
1885.48,-81.0,956.0,-177.0,0.419,-0.769,-0.56
1885.67,-80.0,957.0,-177.0,0.419,-0.769,-0.56
1885.85,-79.0,957.0,-177.0,0.49,-0.699,-0.49
1886.3,-81.0,958.0,-177.0,0.419,-0.699,-0.56
1886.21,-80.0,956.0,-177.0,0.419,-0.769,-0.56
1886.4,-79.0,958.0,-176.0,0.419,-0.839,-0.56
1886.58,-80.0,957.0,-177.0,0.49,-0.699,-0.56
1886.76,-80.0,958.0,-177.0,0.419,-0.769,-0.56
1886.94,-79.0,956.0,-177.0,0.419,-0.699,-0.419
1887.12,-82.0,958.0,-176.0,0.349,-0.769,-0.56
1887.31,-79.0,956.0,-177.0,0.419,-0.769,-0.56
1887.49,-81.0,957.0,-175.0,0.349,-0.769,-0.56
1892.59,-80.0,959.0,-176.0,0.419,-0.839,-0.56
1892.77,-80.0,956.0,-177.0,0.49,-0.629,-0.419
1892.96,-81.0,958.0,-177.0,0.349,-0.769,-0.629
1893.14,-76.0,955.0,-177.0,0.349,-0.629,-0.419
1893.32,-81.0,958.0,-176.0,0.419,-0.769,-0.56
1893.5,-78.0,956.0,-177.0,0.419,-0.699,-0.49
1893.69,-82.0,959.0,-176.0,0.419,-0.839,-0.629
1893.87,-79.0,956.0,-177.0,0.419,-0.699,-0.49
1894.5,-82.0,957.0,-178.0,0.56,-0.769,-0.56
1894.23,-78.0,957.0,-179.0,0.419,-0.769,-0.629
1894.41,-78.0,956.0,-178.0,0.49,-0.629,-0.419
1899.7,-81.0,957.0,-177.0,0.349,-0.699,-0.56
1899.88,-82.0,959.0,-176.0,0.49,-0.699,-0.56
1900.7,-80.0,958.0,-175.0,0.349,-0.699,-0.56
1900.25,-81.0,958.0,-175.0,0.349,-0.769,-0.49
1900.43,-80.0,957.0,-177.0,0.419,-0.699,-0.49
1900.61,-81.0,958.0,-177.0,0.49,-0.699,-0.56
1900.79,-81.0,957.0,-176.0,0.49,-0.699,-0.56
1900.98,-76.0,957.0,-175.0,0.349,-0.769,-0.56
1901.16,-84.0,957.0,-176.0,0.49,-0.49,-0.419
1901.34,-79.0,958.0,-175.0,0.209,-1.049,-0.839
1901.52,-77.0,955.0,-175.0,0.419,-0.56,-0.28
1901.71,-85.0,960.0,-175.0,0.349,-0.769,-0.769
1901.89,-76.0,956.0,-176.0,0.49,-0.629,-0.56
1902.7,-81.0,959.0,-175.0,0.419,-0.839,-0.629
1902.25,-77.0,955.0,-175.0,0.49,-0.699,-0.349
1902.44,-84.0,959.0,-174.0,0.28,-0.699,-0.629
1902.62,-78.0,955.0,-177.0,0.349,-0.629,-0.49
1902.8,-83.0,959.0,-174.0,0.419,-0.699,-0.629
1902.98,-78.0,957.0,-176.0,0.419,-0.699,-0.56
1903.16,-80.0,956.0,-176.0,0.419,-0.769,-0.49
1903.35,-80.0,958.0,-175.0,0.419,-0.839,-0.629
1903.53,-76.0,955.0,-177.0,0.419,-0.769,-0.49
1903.71,-83.0,958.0,-178.0,0.49,-0.839,-0.629
1903.89,-77.0,954.0,-179.0,0.419,-0.629,-0.419
1904.8,-86.0,959.0,-176.0,0.28,-0.769,-0.699
1904.26,-76.0,956.0,-176.0,0.28,-0.629,-0.49
1904.44,-85.0,959.0,-174.0,0.349,-0.699,-0.56
1904.62,-79.0,957.0,-175.0,0.28,-0.839,-0.699
1904.8,-78.0,958.0,-175.0,0.49,-0.769,-0.49
1904.99,-83.0,958.0,-174.0,0.49,-0.839,-0.629
1905.17,-81.0,956.0,-177.0,0.49,-0.769,-0.629
1905.35,-81.0,957.0,-176.0,0.419,-0.769,-0.629
1905.53,-80.0,956.0,-177.0,0.349,-0.699,-0.629
1905.72,-80.0,958.0,-176.0,0.419,-0.629,-0.56
1905.9,-80.0,956.0,-176.0,0.419,-0.769,-0.56
1906.8,-79.0,957.0,-176.0,0.419,-0.629,-0.49
1906.26,-82.0,957.0,-176.0,0.419,-0.769,-0.629
1906.45,-80.0,958.0,-176.0,0.49,-0.769,-0.629
1906.63,-80.0,958.0,-175.0,0.49,-0.769,-0.56
1906.81,-81.0,958.0,-176.0,0.49,-0.769,-0.629
1906.99,-80.0,956.0,-177.0,0.349,-0.699,-0.49
1907.17,-83.0,957.0,-177.0,0.419,-0.699,-0.56
1907.36,-81.0,958.0,-175.0,0.349,-0.91,-0.769
1909.0,-79.0,959.0,-175.0,0.349,-0.699,-0.56
1909.18,-79.0,958.0,-175.0,0.419,-0.699,-0.56
1909.36,-77.0,957.0,-175.0,0.419,-0.699,-0.56
1909.54,-80.0,956.0,-176.0,0.49,-0.699,-0.419
1909.73,-81.0,957.0,-177.0,0.349,-0.839,-0.56
1909.91,-80.0,957.0,-176.0,0.419,-0.769,-0.56
1910.9,-79.0,957.0,-177.0,0.349,-0.699,-0.56
1910.27,-78.0,958.0,-175.0,0.349,-0.629,-0.49
1910.46,-78.0,957.0,-176.0,0.28,-0.699,-0.349
1910.64,-82.0,960.0,-174.0,0.419,-0.769,-0.49
1910.82,-75.0,955.0,-176.0,0.28,-0.699,-0.349
1911.0,-84.0,960.0,-175.0,0.419,-0.91,-0.56
1911.18,-75.0,956.0,-177.0,0.49,-0.699,-0.49
1911.37,-82.0,959.0,-174.0,0.49,-0.839,-0.49
1911.55,-77.0,955.0,-176.0,0.419,-0.769,-0.419
1911.73,-82.0,958.0,-176.0,0.349,-0.769,-0.56
1911.91,-81.0,957.0,-176.0,0.49,-0.629,-0.49
1912.1,-81.0,957.0,-177.0,0.419,-0.769,-0.629
1912.28,-78.0,957.0,-175.0,0.349,-0.769,-0.629
1912.46,-83.0,959.0,-175.0,0.349,-0.769,-0.56
1912.64,-77.0,955.0,-177.0,0.349,-0.769,-0.419
1912.82,-86.0,959.0,-176.0,0.56,-0.769,-0.49
1914.28,-77.0,959.0,-173.0,0.28,-1.049,-0.699
1914.47,-78.0,956.0,-177.0,0.56,-0.49,-0.209
1914.65,-81.0,957.0,-174.0,0.28,-1.049,-0.769
1914.83,-77.0,957.0,-176.0,0.49,-0.629,-0.419
1915.1,-81.0,958.0,-176.0,0.349,-0.839,-0.629
1915.19,-79.0,956.0,-177.0,0.49,-0.699,-0.419
1915.38,-79.0,957.0,-174.0,0.28,-0.769,-0.56
1915.56,-79.0,957.0,-175.0,0.349,-0.629,-0.49
1915.74,-82.0,958.0,-176.0,0.419,-0.769,-0.56
1915.92,-78.0,957.0,-175.0,0.349,-0.769,-0.56
1916.11,-80.0,958.0,-176.0,0.56,-0.699,-0.49
1916.29,-79.0,957.0,-175.0,0.419,-0.769,-0.629
1916.47,-80.0,957.0,-176.0,0.49,-0.629,-0.419
1916.65,-79.0,957.0,-176.0,0.419,-0.769,-0.56
1916.83,-80.0,957.0,-176.0,0.419,-0.629,-0.56
1917.2,-81.0,957.0,-176.0,0.419,-0.839,-0.629
1917.2,-79.0,957.0,-175.0,0.419,-0.769,-0.56
1917.38,-81.0,958.0,-175.0,0.349,-0.769,-0.56
1917.56,-79.0,956.0,-175.0,0.349,-0.769,-0.56
1917.75,-81.0,958.0,-175.0,0.49,-0.769,-0.56
1917.93,-79.0,957.0,-176.0,0.419,-0.769,-0.629
1918.11,-81.0,958.0,-176.0,0.49,-0.769,-0.56
1918.29,-79.0,957.0,-176.0,0.49,-0.769,-0.56
1918.47,-80.0,957.0,-176.0,0.419,-0.699,-0.49
1918.66,-81.0,957.0,-176.0,0.349,-0.699,-0.56
1918.84,-79.0,957.0,-177.0,0.419,-0.699,-0.56
1923.21,-79.0,956.0,-176.0,0.349,-0.769,-0.49
1923.4,-83.0,958.0,-176.0,0.56,-0.769,-0.56
1923.58,-79.0,957.0,-176.0,0.419,-0.839,-0.629
1923.76,-78.0,957.0,-176.0,0.49,-0.769,-0.56
1923.94,-79.0,957.0,-176.0,0.49,-0.699,-0.56
1924.12,-82.0,958.0,-176.0,0.49,-0.91,-0.629
1924.31,-77.0,956.0,-174.0,0.349,-0.769,-0.56
1924.49,-81.0,957.0,-176.0,0.49,-0.629,-0.49
1924.67,-78.0,957.0,-174.0,0.28,-0.839,-0.629
1924.85,-82.0,957.0,-176.0,0.49,-0.699,-0.49
1925.4,-78.0,956.0,-176.0,0.349,-0.769,-0.629
1925.22,-81.0,956.0,-177.0,0.56,-0.629,-0.419
1925.4,-80.0,958.0,-176.0,0.349,-0.839,-0.769
1925.58,-79.0,956.0,-177.0,0.49,-0.699,-0.419
1925.77,-81.0,958.0,-176.0,0.28,-0.91,-0.629
1925.95,-80.0,957.0,-176.0,0.49,-0.699,-0.49
1926.13,-78.0,957.0,-175.0,0.349,-0.91,-0.56
1926.31,-82.0,959.0,-177.0,0.49,-0.699,-0.49
1926.49,-77.0,957.0,-176.0,0.349,-0.91,-0.699
1926.68,-81.0,957.0,-176.0,0.49,-0.629,-0.419
1926.86,-81.0,957.0,-177.0,0.349,-0.769,-0.629
1927.4,-80.0,958.0,-176.0,0.49,-0.629,-0.49
1927.22,-79.0,957.0,-176.0,0.349,-0.769,-0.49
1927.41,-80.0,958.0,-176.0,0.349,-0.629,-0.49
1927.59,-80.0,957.0,-176.0,0.349,-0.769,-0.56
1927.77,-79.0,958.0,-176.0,0.49,-0.769,-0.56
1927.95,-80.0,958.0,-175.0,0.419,-0.699,-0.629
1928.13,-80.0,958.0,-176.0,0.419,-0.769,-0.56
1928.32,-80.0,957.0,-178.0,0.49,-0.769,-0.49
1928.5,-80.0,957.0,-176.0,0.349,-0.769,-0.699
1928.68,-79.0,957.0,-177.0,0.349,-0.56,-0.56
1928.86,-80.0,959.0,-175.0,0.419,-0.769,-0.56
1929.5,-81.0,958.0,-175.0,0.349,-0.769,-0.49
1929.23,-79.0,957.0,-175.0,0.349,-0.769,-0.629
1929.41,-80.0,957.0,-176.0,0.49,-0.629,-0.349
1929.59,-79.0,957.0,-175.0,0.419,-0.769,-0.629
1929.77,-81.0,957.0,-176.0,0.49,-0.629,-0.49
1929.96,-79.0,958.0,-175.0,0.419,-0.769,-0.56
1930.14,-80.0,957.0,-176.0,0.56,-0.629,-0.49
1930.32,-79.0,957.0,-175.0,0.419,-0.839,-0.56
1930.5,-80.0,957.0,-175.0,0.49,-0.629,-0.49
1930.69,-80.0,958.0,-175.0,0.349,-0.769,-0.56
1930.87,-80.0,957.0,-177.0,0.349,-0.699,-0.49
1931.5,-81.0,958.0,-176.0,0.419,-0.699,-0.56
1931.23,-80.0,958.0,-176.0,0.49,-0.769,-0.629
1931.41,-78.0,957.0,-175.0,0.349,-0.839,-0.49
1931.6,-80.0,957.0,-176.0,0.419,-0.629,-0.49
1931.78,-80.0,956.0,-176.0,0.419,-0.839,-0.629
1931.96,-80.0,957.0,-176.0,0.419,-0.769,-0.56
1932.14,-81.0,958.0,-176.0,0.419,-0.699,-0.56
1932.33,-80.0,957.0,-176.0,0.419,-0.699,-0.629
1932.51,-81.0,957.0,-175.0,0.419,-0.769,-0.629
1932.69,-78.0,957.0,-176.0,0.419,-0.699,-0.56
1932.87,-81.0,958.0,-176.0,0.349,-0.769,-0.629
1933.5,-79.0,958.0,-175.0,0.419,-0.769,-0.56
1933.24,-82.0,957.0,-175.0,0.419,-0.699,-0.49
1933.42,-79.0,957.0,-176.0,0.349,-0.839,-0.56
1933.6,-81.0,957.0,-176.0,0.49,-0.629,-0.56
1933.78,-78.0,956.0,-177.0,0.419,-0.769,-0.629
1933.97,-83.0,957.0,-177.0,0.56,-0.699,-0.629
1934.15,-77.0,958.0,-176.0,0.419,-0.839,-0.56
1934.33,-82.0,957.0,-175.0,0.49,-0.699,-0.419
1934.88,-80.0,957.0,-177.0,0.349,-0.839,-0.699
1935.6,-80.0,957.0,-176.0,0.49,-0.769,-0.629
1935.24,-77.0,958.0,-175.0,0.419,-0.839,-0.56
1935.42,-81.0,957.0,-176.0,0.56,-0.56,-0.349
1935.61,-81.0,957.0,-176.0,0.349,-0.91,-0.629
1935.79,-80.0,958.0,-175.0,0.349,-0.769,-0.629
1935.97,-78.0,956.0,-177.0,0.419,-0.769,-0.49
1936.15,-83.0,959.0,-175.0,0.419,-0.769,-0.629
1936.34,-76.0,955.0,-176.0,0.349,-0.699,-0.56
1936.52,-84.0,958.0,-176.0,0.49,-0.769,-0.56
1936.7,-77.0,956.0,-175.0,0.349,-0.839,-0.56
1936.88,-84.0,958.0,-177.0,0.56,-0.629,-0.49
1937.6,-78.0,956.0,-177.0,0.209,-0.91,-0.699
1937.25,-82.0,957.0,-178.0,0.56,-0.56,-0.49
1937.43,-80.0,957.0,-176.0,0.349,-0.91,-0.699
1937.61,-81.0,957.0,-177.0,0.49,-0.629,-0.49
1937.79,-79.0,957.0,-177.0,0.419,-0.91,-0.56
1937.98,-80.0,957.0,-177.0,0.49,-0.699,-0.49
1938.16,-79.0,956.0,-176.0,0.419,-0.769,-0.56
1938.34,-81.0,958.0,-176.0,0.349,-0.769,-0.629
1938.52,-79.0,957.0,-175.0,0.349,-0.769,-0.56
1938.7,-79.0,958.0,-174.0,0.349,-0.629,-0.49
1938.89,-82.0,959.0,-175.0,0.49,-0.769,-0.56
1939.7,-79.0,958.0,-176.0,0.49,-0.769,-0.629
1939.25,-80.0,957.0,-176.0,0.56,-0.699,-0.419
1939.43,-83.0,958.0,-177.0,0.49,-0.839,-0.629
1939.62,-77.0,955.0,-178.0,0.349,-0.839,-0.56
1939.8,-82.0,958.0,-177.0,0.56,-0.629,-0.49
1939.98,-81.0,957.0,-176.0,0.209,-0.699,-0.629
1940.16,-81.0,957.0,-176.0,0.349,-0.699,-0.49
1940.34,-80.0,959.0,-174.0,0.28,-0.769,-0.56
1940.53,-79.0,957.0,-175.0,0.49,-0.699,-0.49
1940.71,-81.0,958.0,-175.0,0.419,-0.91,-0.629
1940.89,-78.0,956.0,-177.0,0.56,-0.629,-0.419
1941.7,-82.0,957.0,-176.0,0.419,-0.839,-0.629
1941.26,-76.0,956.0,-176.0,0.419,-0.699,-0.56
1941.44,-80.0,957.0,-175.0,0.419,-0.699,-0.49
1941.62,-83.0,958.0,-176.0,0.419,-0.769,-0.56
1942.71,-80.0,957.0,-176.0,0.14,-0.91,-0.699
1942.9,-77.0,955.0,-177.0,0.419,-0.49,-0.28
1943.8,-81.0,960.0,-174.0,0.14,-0.98,-0.839
1943.26,-79.0,956.0,-175.0,0.419,-0.56,-0.28
1943.44,-82.0,961.0,-172.0,0.209,-0.98,-0.699
1943.63,-79.0,957.0,-175.0,0.629,-0.629,-0.28
1943.81,-83.0,957.0,-177.0,0.49,-0.98,-0.769
1943.99,-78.0,956.0,-177.0,0.629,-0.769,-0.56
1944.17,-84.0,955.0,-179.0,0.56,-0.629,-0.49
1944.35,-75.0,955.0,-178.0,0.349,-0.839,-0.629
1944.54,-82.0,958.0,-176.0,0.49,-0.699,-0.49
1944.72,-77.0,955.0,-176.0,0.07,-0.699,-0.629
1944.9,-85.0,962.0,-174.0,0.419,-0.839,-0.699
1945.8,-73.0,956.0,-175.0,0.349,-0.839,-0.56
1945.27,-85.0,960.0,-173.0,0.629,-0.839,-0.629
1945.45,-74.0,955.0,-177.0,0.419,-0.839,-0.56
1945.63,-84.0,959.0,-177.0,0.629,-0.769,-0.49
1945.81,-76.0,954.0,-178.0,0.419,-0.769,-0.629
1945.99,-80.0,956.0,-175.0,0.419,-0.699,-0.56
1946.18,-78.0,955.0,-177.0,0.349,-0.629,-0.49
1946.36,-80.0,956.0,-176.0,0.349,-0.769,-0.56
1946.54,-79.0,958.0,-174.0,0.28,-0.91,-0.699
1946.72,-77.0,959.0,-174.0,0.28,-0.629,-0.49
1946.91,-83.0,959.0,-176.0,0.49,-0.769,-0.56
1947.9,-77.0,957.0,-175.0,0.49,-0.839,-0.629
1947.27,-82.0,958.0,-175.0,0.56,-0.769,-0.49
1947.45,-82.0,958.0,-175.0,0.49,-0.769,-0.699
1947.63,-76.0,956.0,-176.0,0.349,-0.699,-0.49
1949.82,-79.0,958.0,-177.0,0.28,-0.839,-0.56
1950.0,-79.0,957.0,-176.0,0.28,-0.699,-0.419
1950.19,-81.0,956.0,-177.0,0.209,-0.769,-0.56
1950.37,-78.0,957.0,-176.0,0.349,-0.769,-0.49
1950.55,-83.0,959.0,-175.0,0.349,-0.769,-0.56
1950.73,-78.0,958.0,-176.0,0.419,-0.769,-0.56
1950.91,-80.0,958.0,-177.0,0.629,-0.769,-0.419
1951.1,-78.0,957.0,-177.0,0.49,-0.91,-0.56
1951.28,-79.0,957.0,-177.0,0.56,-0.699,-0.49
1951.46,-77.0,956.0,-178.0,0.349,-0.769,-0.49
1951.64,-81.0,957.0,-177.0,0.56,-0.699,-0.56
1951.83,-76.0,956.0,-176.0,0.28,-0.699,-0.56
1952.1,-82.0,959.0,-176.0,0.419,-0.629,-0.49
1952.19,-79.0,958.0,-174.0,0.209,-0.839,-0.699
1952.37,-80.0,958.0,-176.0,0.56,-0.699,-0.419
1952.55,-78.0,957.0,-177.0,0.419,-0.91,-0.629
1952.74,-80.0,957.0,-176.0,0.49,-0.839,-0.56
1952.92,-79.0,956.0,-178.0,0.49,-0.839,-0.56
1953.1,-79.0,956.0,-178.0,0.349,-0.699,-0.56
1953.28,-80.0,957.0,-177.0,0.419,-0.629,-0.56
1953.47,-79.0,957.0,-175.0,0.209,-0.769,-0.56
1953.65,-78.0,958.0,-174.0,0.28,-0.699,-0.49
1953.83,-78.0,957.0,-175.0,0.349,-0.839,-0.49
1954.1,-80.0,958.0,-175.0,0.49,-0.769,-0.49
1954.19,-78.0,958.0,-176.0,0.419,-0.91,-0.56
1954.38,-80.0,958.0,-176.0,0.49,-0.839,-0.56
1954.56,-80.0,955.0,-179.0,0.419,-0.699,-0.56
1954.74,-81.0,957.0,-177.0,0.419,-0.839,-0.629
1954.92,-78.0,957.0,-177.0,0.419,-0.629,-0.49
1955.11,-82.0,958.0,-176.0,0.419,-0.769,-0.49
1955.29,-78.0,957.0,-176.0,0.28,-0.839,-0.56
1955.47,-81.0,958.0,-175.0,0.49,-0.769,-0.49
1955.65,-79.0,956.0,-176.0,0.28,-0.769,-0.56
1955.83,-81.0,958.0,-173.0,0.49,-0.769,-0.56
1956.2,-80.0,958.0,-175.0,0.49,-0.839,-0.629
1956.2,-78.0,957.0,-175.0,0.419,-0.769,-0.56
1956.38,-79.0,955.0,-177.0,0.56,-0.699,-0.49
1956.56,-80.0,957.0,-175.0,0.349,-0.839,-0.629
1956.75,-78.0,957.0,-176.0,0.49,-0.629,-0.56
1956.93,-80.0,957.0,-177.0,0.419,-0.699,-0.56
1957.11,-81.0,957.0,-176.0,0.419,-0.699,-0.56
1957.29,-79.0,957.0,-176.0,0.28,-0.769,-0.56
1957.47,-79.0,957.0,-177.0,0.49,-0.699,-0.49
1957.66,-79.0,957.0,-175.0,0.349,-0.839,-0.56
1957.84,-81.0,956.0,-176.0,0.419,-0.699,-0.49
1958.2,-77.0,957.0,-177.0,0.419,-0.769,-0.56
1958.2,-79.0,958.0,-177.0,0.49,-0.629,-0.349
1958.39,-81.0,957.0,-176.0,0.419,-0.769,-0.56
1958.57,-80.0,958.0,-178.0,0.419,-0.769,-0.49
1958.75,-80.0,957.0,-175.0,0.349,-0.769,-0.629
1958.93,-79.0,957.0,-176.0,0.49,-0.699,-0.349
1959.11,-80.0,958.0,-176.0,0.419,-0.699,-0.49
1959.3,-79.0,956.0,-176.0,0.419,-0.629,-0.49
1959.48,-82.0,958.0,-177.0,0.419,-0.769,-0.56
1959.66,-77.0,957.0,-176.0,0.349,-0.699,-0.56
1959.84,-82.0,958.0,-176.0,0.49,-0.629,-0.49
1960.3,-79.0,958.0,-175.0,0.419,-0.769,-0.629
1960.21,-78.0,957.0,-176.0,0.419,-0.699,-0.419
1960.39,-81.0,957.0,-175.0,0.49,-0.769,-0.56
1960.57,-80.0,957.0,-176.0,0.419,-0.769,-0.49
1963.67,-82.0,958.0,-175.0,0.419,-0.769,-0.629
1963.85,-79.0,957.0,-177.0,0.419,-0.699,-0.49
1964.3,-81.0,958.0,-175.0,0.419,-0.769,-0.629
1964.22,-80.0,957.0,-176.0,0.419,-0.769,-0.56
1964.4,-80.0,957.0,-177.0,0.419,-0.699,-0.49
1964.58,-80.0,958.0,-176.0,0.56,-0.629,-0.49
1964.76,-78.0,957.0,-176.0,0.419,-0.699,-0.56
1964.95,-79.0,958.0,-175.0,0.419,-0.699,-0.49
1965.13,-80.0,958.0,-174.0,0.49,-0.699,-0.56
1965.31,-79.0,957.0,-176.0,0.349,-0.769,-0.56
1965.49,-79.0,957.0,-175.0,0.349,-0.699,-0.49
1970.96,-82.0,959.0,-176.0,0.419,-0.629,-0.49
1971.14,-80.0,957.0,-176.0,0.28,-0.839,-0.699
1971.32,-81.0,957.0,-176.0,0.349,-0.699,-0.49
1971.51,-82.0,956.0,-177.0,0.56,-0.56,-0.56
1971.69,-80.0,958.0,-175.0,0.349,-1.049,-0.839
1971.87,-80.0,957.0,-177.0,0.56,-0.699,-0.49
1972.5,-77.0,957.0,-176.0,0.349,-0.839,-0.56
1972.24,-77.0,958.0,-176.0,0.349,-0.699,-0.349
1972.42,-83.0,959.0,-176.0,0.419,-0.839,-0.629
1972.6,-74.0,957.0,-175.0,0.28,-0.769,-0.629
1972.78,-85.0,958.0,-176.0,0.629,-0.49,-0.28
1972.97,-79.0,957.0,-176.0,0.28,-0.91,-0.769
1973.15,-80.0,958.0,-176.0,0.56,-0.699,-0.419
1973.33,-78.0,956.0,-175.0,0.349,-0.699,-0.56
1973.88,-82.0,958.0,-175.0,0.56,-0.699,-0.56
1974.6,-76.0,956.0,-177.0,0.49,-0.699,-0.49
1974.24,-85.0,959.0,-175.0,0.49,-0.699,-0.56
1974.42,-76.0,956.0,-176.0,0.349,-0.839,-0.56
1974.61,-84.0,958.0,-175.0,0.56,-0.699,-0.49
1974.79,-77.0,957.0,-177.0,0.28,-0.839,-0.629
1974.97,-80.0,957.0,-176.0,0.49,-0.56,-0.349
1975.15,-82.0,958.0,-175.0,0.28,-0.91,-0.699
1975.33,-77.0,956.0,-176.0,0.419,-0.699,-0.49
1975.52,-83.0,959.0,-176.0,0.49,-0.839,-0.629
1975.7,-78.0,958.0,-176.0,0.419,-0.699,-0.56
1975.88,-80.0,958.0,-176.0,0.419,-0.699,-0.56
1981.35,-80.0,956.0,-177.0,0.419,-0.629,-0.49
1981.53,-81.0,958.0,-175.0,0.419,-0.769,-0.629
1981.71,-81.0,958.0,-176.0,0.49,-0.629,-0.49
1981.9,-79.0,958.0,-175.0,0.349,-0.769,-0.629
1982.8,-79.0,957.0,-177.0,0.49,-0.629,-0.419
1982.26,-82.0,958.0,-176.0,0.419,-0.699,-0.629
1982.44,-82.0,956.0,-177.0,0.49,-0.699,-0.56
1982.62,-82.0,957.0,-176.0,0.49,-0.91,-0.699
1982.81,-78.0,956.0,-177.0,0.419,-0.699,-0.49
1982.99,-82.0,958.0,-175.0,0.49,-0.839,-0.56
1988.28,-75.0,953.0,-179.0,0.349,-0.49,-0.28
1988.46,-89.0,960.0,-175.0,0.419,-0.769,-0.839
1988.64,-69.0,953.0,-177.0,0.28,-0.699,-0.56
1988.82,-89.0,961.0,-174.0,0.629,-0.629,-0.56
1989.0,-72.0,953.0,-176.0,0.209,-0.839,-0.629
1989.19,-88.0,961.0,-175.0,0.56,-0.769,-0.56
1989.37,-74.0,956.0,-177.0,0.28,-0.91,-0.699
1989.55,-81.0,956.0,-178.0,0.56,-0.629,-0.419
1989.73,-80.0,958.0,-177.0,0.209,-0.839,-0.699
1989.92,-80.0,957.0,-177.0,0.49,-0.56,-0.419
1990.1,-82.0,958.0,-177.0,0.28,-0.98,-0.699
1990.28,-79.0,957.0,-177.0,0.49,-0.699,-0.49
1990.46,-81.0,958.0,-176.0,0.28,-0.769,-0.629
1990.64,-79.0,955.0,-177.0,0.49,-0.629,-0.419
1990.83,-81.0,958.0,-175.0,0.419,-0.769,-0.56
1991.1,-80.0,957.0,-175.0,0.419,-0.699,-0.56
1991.19,-79.0,957.0,-177.0,0.349,-0.769,-0.49
1991.37,-81.0,960.0,-176.0,0.49,-0.699,-0.56
1991.56,-80.0,957.0,-178.0,0.419,-0.699,-0.629
1991.74,-79.0,956.0,-177.0,0.419,-0.699,-0.56
1991.92,-79.0,957.0,-177.0,0.49,-0.699,-0.49
1992.1,-81.0,958.0,-176.0,0.349,-0.769,-0.629
1992.28,-78.0,956.0,-176.0,0.349,-0.699,-0.56
1992.47,-80.0,958.0,-175.0,0.349,-0.839,-0.629
1992.65,-78.0,956.0,-176.0,0.419,-0.699,-0.56
1992.83,-81.0,957.0,-175.0,0.49,-0.769,-0.56
1993.1,-78.0,957.0,-176.0,0.49,-0.839,-0.56
1993.2,-81.0,956.0,-176.0,0.49,-0.769,-0.49
1993.38,-80.0,956.0,-177.0,0.49,-0.699,-0.56
1993.56,-78.0,956.0,-176.0,0.419,-0.699,-0.56
1993.74,-81.0,957.0,-177.0,0.419,-0.629,-0.56
1993.93,-78.0,957.0,-175.0,0.28,-0.699,-0.419
1994.11,-83.0,957.0,-177.0,0.49,-0.629,-0.56
1994.29,-75.0,958.0,-172.0,0.28,-0.98,-0.699
1994.47,-83.0,957.0,-175.0,0.56,-0.419,-0.349
1994.65,-83.0,959.0,-174.0,0.28,-0.98,-0.839
1994.84,-76.0,956.0,-174.0,0.349,-0.56,-0.349
1995.2,-83.0,959.0,-175.0,0.419,-0.699,-0.49
1995.2,-78.0,956.0,-175.0,0.419,-0.769,-0.629
1995.38,-79.0,957.0,-175.0,0.49,-0.699,-0.49
1995.57,-80.0,957.0,-176.0,0.419,-0.699,-0.629
1995.75,-80.0,957.0,-176.0,0.419,-0.699,-0.56
1995.93,-81.0,957.0,-176.0,0.349,-0.699,-0.56
1996.11,-79.0,956.0,-177.0,0.419,-0.769,-0.629
1996.29,-80.0,957.0,-176.0,0.419,-0.699,-0.56
1996.48,-81.0,958.0,-175.0,0.419,-0.699,-0.56
1996.66,-81.0,959.0,-175.0,0.419,-0.769,-0.629
1996.84,-80.0,958.0,-175.0,0.419,-0.699,-0.56
1997.2,-80.0,958.0,-175.0,0.419,-0.769,-0.56
1997.21,-79.0,957.0,-176.0,0.349,-0.769,-0.49
1997.39,-81.0,956.0,-175.0,0.49,-0.699,-0.56
1997.57,-80.0,956.0,-176.0,0.49,-0.699,-0.56
1997.75,-80.0,957.0,-176.0,0.349,-0.699,-0.56
1997.94,-81.0,957.0,-176.0,0.49,-0.769,-0.49
1998.12,-79.0,958.0,-174.0,0.419,-0.839,-0.56
1998.3,-80.0,957.0,-175.0,0.49,-0.699,-0.49
1998.48,-81.0,958.0,-175.0,0.419,-0.91,-0.56
1998.66,-79.0,956.0,-176.0,0.49,-0.699,-0.49
1998.85,-79.0,957.0,-175.0,0.49,-0.769,-0.56
1999.3,-79.0,957.0,-175.0,0.419,-0.699,-0.49
1999.21,-81.0,957.0,-176.0,0.49,-0.769,-0.56
1999.39,-79.0,958.0,-174.0,0.419,-0.699,-0.56
1999.58,-79.0,957.0,-176.0,0.419,-0.769,-0.56
1999.76,-80.0,956.0,-176.0,0.49,-0.769,-0.49
1999.94,-79.0,959.0,-175.0,0.49,-0.769,-0.56
2000.12,-79.0,956.0,-176.0,0.419,-0.699,-0.56
2000.3,-80.0,956.0,-176.0,0.419,-0.699,-0.49
2000.49,-80.0,957.0,-176.0,0.419,-0.699,-0.56
2000.67,-80.0,957.0,-176.0,0.419,-0.699,-0.56
2000.85,-80.0,957.0,-176.0,0.419,-0.699,-0.629
2001.3,-79.0,957.0,-176.0,0.419,-0.699,-0.56
2001.22,-80.0,957.0,-176.0,0.49,-0.699,-0.56
2001.4,-79.0,956.0,-176.0,0.349,-0.699,-0.49
2001.58,-82.0,958.0,-175.0,0.419,-0.699,-0.56
2001.76,-79.0,957.0,-176.0,0.419,-0.769,-0.49
2001.95,-80.0,958.0,-175.0,0.419,-0.699,-0.56
2002.13,-80.0,958.0,-176.0,0.419,-0.769,-0.629
2002.31,-79.0,957.0,-175.0,0.349,-0.769,-0.56
2002.49,-79.0,957.0,-175.0,0.419,-0.629,-0.419
2002.67,-81.0,957.0,-176.0,0.419,-0.769,-0.629
2002.86,-77.0,957.0,-177.0,0.419,-0.699,-0.49
2003.4,-81.0,958.0,-176.0,0.419,-0.699,-0.56
2003.22,-79.0,957.0,-176.0,0.349,-0.769,-0.56
2003.4,-81.0,958.0,-175.0,0.349,-0.769,-0.56
2003.59,-80.0,957.0,-175.0,0.419,-0.769,-0.56
2003.77,-81.0,957.0,-176.0,0.49,-0.769,-0.56
2003.95,-80.0,957.0,-175.0,0.419,-0.699,-0.56
2004.13,-80.0,957.0,-176.0,0.349,-0.769,-0.56
2004.31,-80.0,957.0,-176.0,0.419,-0.839,-0.56
2004.5,-79.0,958.0,-176.0,0.349,-0.699,-0.49
2004.68,-81.0,957.0,-176.0,0.419,-0.769,-0.56
2004.86,-79.0,957.0,-176.0,0.419,-0.699,-0.49
2005.4,-81.0,957.0,-175.0,0.349,-0.769,-0.56
2005.23,-80.0,957.0,-176.0,0.49,-0.699,-0.56
2005.41,-80.0,957.0,-176.0,0.49,-0.769,-0.49
2005.59,-81.0,957.0,-176.0,0.419,-0.839,-0.56
2005.77,-81.0,957.0,-176.0,0.419,-0.699,-0.56
2005.95,-81.0,957.0,-175.0,0.349,-0.699,-0.56
2006.14,-81.0,958.0,-176.0,0.419,-0.769,-0.56
2006.32,-79.0,956.0,-176.0,0.419,-0.769,-0.56
2006.5,-81.0,956.0,-175.0,0.49,-0.699,-0.49
2006.68,-80.0,958.0,-176.0,0.419,-0.839,-0.629
2006.87,-79.0,957.0,-177.0,0.419,-0.629,-0.56
2007.5,-82.0,957.0,-176.0,0.349,-0.699,-0.629
2007.23,-79.0,956.0,-176.0,0.349,-0.769,-0.56
2007.41,-80.0,957.0,-177.0,0.419,-0.629,-0.49
2007.6,-80.0,957.0,-176.0,0.419,-0.839,-0.49
2007.78,-79.0,958.0,-176.0,0.419,-0.769,-0.56
2007.96,-80.0,958.0,-176.0,0.419,-0.699,-0.419
2008.14,-81.0,957.0,-175.0,0.349,-0.769,-0.56
2008.32,-80.0,957.0,-174.0,0.349,-0.769,-0.56
2008.51,-79.0,957.0,-176.0,0.419,-0.699,-0.49
2008.69,-79.0,958.0,-175.0,0.349,-0.769,-0.56
2008.87,-80.0,957.0,-176.0,0.419,-0.769,-0.56
2009.5,-79.0,957.0,-176.0,0.419,-0.769,-0.49
2009.24,-80.0,957.0,-175.0,0.419,-0.699,-0.56
2009.42,-80.0,957.0,-175.0,0.49,-0.699,-0.56
2009.6,-81.0,958.0,-177.0,0.419,-0.769,-0.629
2009.78,-79.0,957.0,-178.0,0.419,-0.699,-0.49
2009.96,-82.0,958.0,-177.0,0.419,-0.769,-0.56
2010.15,-80.0,957.0,-175.0,0.49,-0.699,-0.56
2010.33,-80.0,957.0,-174.0,0.349,-0.699,-0.56
2010.51,-80.0,957.0,-176.0,0.56,-0.839,-0.49
2010.69,-81.0,958.0,-176.0,0.419,-0.839,-0.56
2010.88,-79.0,956.0,-177.0,0.49,-0.769,-0.56
2011.6,-80.0,957.0,-175.0,0.349,-0.699,-0.56
2011.24,-81.0,958.0,-175.0,0.419,-0.699,-0.629
2011.42,-77.0,957.0,-176.0,0.419,-0.839,-0.56
2011.6,-81.0,959.0,-175.0,0.56,-0.699,-0.49
2011.79,-79.0,958.0,-174.0,0.349,-0.769,-0.629
2011.97,-79.0,957.0,-176.0,0.56,-0.699,-0.49
2012.15,-79.0,959.0,-173.0,0.419,-0.839,-0.56
2012.33,-82.0,958.0,-172.0,0.419,-0.699,-0.49
2012.52,-78.0,958.0,-174.0,0.28,-0.91,-0.699
2012.7,-79.0,958.0,-175.0,0.56,-0.699,-0.49
2012.88,-82.0,959.0,-174.0,0.419,-0.769,-0.699
2013.6,-78.0,955.0,-178.0,0.56,-0.629,-0.629
2013.24,-80.0,957.0,-176.0,0.56,-0.91,-0.629
2013.43,-78.0,955.0,-177.0,0.349,-0.769,-0.49
2013.61,-82.0,957.0,-176.0,0.28,-0.839,-0.49
2013.79,-78.0,956.0,-176.0,0.14,-0.769,-0.629
2013.97,-81.0,958.0,-176.0,0.28,-0.769,-0.56
2014.16,-79.0,957.0,-176.0,0.349,-0.769,-0.629
2014.34,-80.0,957.0,-176.0,0.56,-0.699,-0.49
2014.52,-79.0,957.0,-175.0,0.49,-0.839,-0.699
2014.7,-79.0,957.0,-175.0,0.49,-0.699,-0.49
2014.88,-81.0,956.0,-177.0,0.28,-0.839,-0.56
2015.7,-81.0,956.0,-177.0,0.419,-0.769,-0.49
2015.25,-78.0,956.0,-176.0,0.209,-0.839,-0.56
2015.43,-81.0,956.0,-177.0,0.49,-0.49,-0.349
2015.61,-80.0,959.0,-175.0,0.28,-0.98,-0.769
2015.8,-76.0,954.0,-177.0,0.49,-0.56,-0.28
2015.98,-86.0,961.0,-174.0,0.28,-0.91,-0.839
2016.16,-75.0,954.0,-177.0,0.349,-0.629,-0.349
2016.34,-87.0,961.0,-175.0,0.49,-0.839,-0.769
2016.52,-75.0,953.0,-178.0,0.56,-0.56,-0.349
2016.71,-89.0,961.0,-175.0,0.49,-0.769,-0.769
2016.89,-76.0,955.0,-175.0,0.629,-0.629,-0.56
2017.7,-84.0,960.0,-175.0,0.14,-0.839,-0.699
2017.25,-71.0,954.0,-178.0,0.49,-0.419,-0.209
2017.44,-86.0,962.0,-171.0,0.209,-0.839,-0.769
2017.62,-73.0,954.0,-175.0,0.349,-0.629,-0.49
2017.8,-90.0,963.0,-174.0,0.56,-0.769,-0.699
2017.98,-70.0,953.0,-176.0,0.49,-0.699,-0.49
2021.63,-87.0,955.0,-179.0,0.49,-0.629,-0.49
2021.81,-77.0,955.0,-177.0,0.28,-0.91,-0.839
2021.99,-80.0,955.0,-177.0,0.49,-0.419,-0.419
2022.17,-82.0,960.0,-173.0,0.28,-0.91,-0.91
2022.36,-76.0,956.0,-175.0,0.349,-0.699,-0.419
2022.54,-85.0,959.0,-173.0,0.28,-0.98,-0.629
2022.72,-80.0,958.0,-176.0,0.49,-0.699,-0.49
2022.9,-81.0,958.0,-176.0,0.49,-0.769,-0.699
2023.9,-79.0,956.0,-177.0,0.629,-0.769,-0.49
2023.27,-81.0,956.0,-177.0,0.419,-0.769,-0.56
2023.45,-81.0,957.0,-177.0,0.349,-0.699,-0.49
2029.28,-85.0,959.0,-175.0,0.419,-0.98,-0.769
2029.46,-75.0,956.0,-176.0,0.419,-0.839,-0.49
2029.65,-83.0,958.0,-176.0,0.49,-0.629,-0.419
2029.83,-82.0,958.0,-175.0,0.349,-0.839,-0.769
2030.1,-79.0,956.0,-175.0,0.49,-0.699,-0.49
2030.19,-80.0,958.0,-176.0,0.349,-0.769,-0.56
2030.38,-79.0,955.0,-177.0,0.419,-0.629,-0.349
2030.56,-80.0,958.0,-176.0,0.419,-0.769,-0.629
2030.74,-78.0,957.0,-176.0,0.419,-0.629,-0.49
2030.92,-82.0,958.0,-176.0,0.419,-0.769,-0.56
2031.1,-80.0,956.0,-176.0,0.49,-0.699,-0.49
2031.29,-83.0,958.0,-176.0,0.49,-0.769,-0.49
2031.47,-83.0,958.0,-175.0,0.419,-0.769,-0.56
2031.65,-76.0,954.0,-177.0,0.349,-0.629,-0.419
2031.83,-82.0,959.0,-176.0,0.419,-0.699,-0.56
2032.2,-78.0,956.0,-175.0,0.349,-0.699,-0.49
2032.2,-84.0,959.0,-175.0,0.49,-0.699,-0.49
2032.38,-78.0,957.0,-175.0,0.28,-0.839,-0.699
2032.56,-78.0,957.0,-177.0,0.49,-0.629,-0.349
2032.74,-86.0,956.0,-176.0,0.419,-0.769,-0.49
2032.93,-77.0,958.0,-175.0,0.28,-0.91,-0.629
2033.11,-79.0,957.0,-175.0,0.419,-0.419,-0.349
2033.29,-81.0,959.0,-179.0,0.56,-0.839,-0.769
2033.47,-74.0,955.0,-174.0,0.49,-0.769,-0.349
2033.66,-82.0,958.0,-173.0,0.28,-0.56,-0.419
2033.84,-77.0,957.0,-178.0,0.419,-0.699,-0.56
2034.2,-83.0,957.0,-177.0,0.56,-0.699,-0.699
2034.2,-79.0,958.0,-174.0,0.49,-0.629,-0.49
2034.39,-85.0,958.0,-174.0,0.349,-0.629,-0.56
2034.57,-79.0,956.0,-177.0,0.349,-0.839,-0.629
2034.75,-79.0,958.0,-174.0,0.419,-0.629,-0.209
2034.93,-82.0,959.0,-174.0,0.209,-0.699,-0.629
2035.11,-83.0,957.0,-176.0,0.419,-0.699,-0.49
2035.3,-78.0,958.0,-177.0,0.419,-0.769,-0.56
2035.48,-83.0,958.0,-176.0,0.56,-0.629,-0.419
2035.66,-81.0,960.0,-174.0,0.349,-0.769,-0.699
2035.84,-80.0,957.0,-176.0,0.49,-0.699,-0.419
2036.3,-79.0,956.0,-177.0,0.49,-0.699,-0.56
2036.21,-80.0,956.0,-177.0,0.49,-0.629,-0.419
2036.39,-81.0,956.0,-177.0,0.349,-0.699,-0.56
2036.57,-79.0,958.0,-175.0,0.419,-0.839,-0.56
2036.75,-77.0,958.0,-175.0,0.28,-0.699,-0.49
2036.94,-83.0,957.0,-176.0,0.419,-0.699,-0.56
2037.12,-80.0,958.0,-175.0,0.349,-0.91,-0.699
2037.3,-77.0,955.0,-176.0,0.419,-0.56,-0.419
2037.48,-83.0,960.0,-174.0,0.419,-0.91,-0.699
2037.67,-77.0,955.0,-176.0,0.49,-0.629,-0.419
2037.85,-85.0,959.0,-175.0,0.419,-0.769,-0.699
2038.3,-74.0,953.0,-178.0,0.349,-0.629,-0.49
2038.21,-84.0,957.0,-177.0,0.419,-0.769,-0.49
2038.39,-78.0,957.0,-174.0,0.49,-0.769,-0.629
2038.58,-80.0,959.0,-174.0,0.419,-0.699,-0.49
2038.76,-79.0,958.0,-175.0,0.419,-0.769,-0.56
2038.94,-79.0,957.0,-176.0,0.49,-0.629,-0.49
2039.12,-80.0,958.0,-174.0,0.49,-0.839,-0.629
2039.31,-79.0,957.0,-177.0,0.49,-0.699,-0.49
2039.49,-80.0,956.0,-176.0,0.49,-0.629,-0.49
2039.67,-82.0,959.0,-174.0,0.419,-0.769,-0.56
2039.85,-77.0,958.0,-176.0,0.349,-0.629,-0.56
2040.3,-80.0,957.0,-176.0,0.349,-0.699,-0.49
2040.22,-80.0,956.0,-177.0,0.419,-0.769,-0.56
2040.4,-81.0,955.0,-176.0,0.419,-0.699,-0.49
2040.58,-78.0,958.0,-175.0,0.349,-0.769,-0.629
2040.76,-80.0,956.0,-176.0,0.56,-0.56,-0.349
2040.95,-82.0,958.0,-175.0,0.419,-0.769,-0.56
2041.13,-77.0,955.0,-176.0,0.349,-0.769,-0.49
2041.31,-83.0,958.0,-175.0,0.349,-0.769,-0.419
2041.49,-81.0,957.0,-175.0,0.419,-0.769,-0.56
2041.68,-80.0,956.0,-176.0,0.419,-0.699,-0.56
2041.86,-78.0,956.0,-177.0,0.419,-0.699,-0.419
2042.4,-83.0,958.0,-175.0,0.349,-0.769,-0.56
2042.22,-79.0,957.0,-177.0,0.419,-0.839,-0.56
2042.4,-80.0,956.0,-176.0,0.419,-0.769,-0.56
2042.59,-80.0,957.0,-177.0,0.49,-0.699,-0.56
2042.77,-79.0,957.0,-176.0,0.28,-0.839,-0.56
2042.95,-79.0,956.0,-176.0,0.49,-0.629,-0.49
2043.13,-80.0,958.0,-175.0,0.419,-0.839,-0.56
2043.32,-79.0,956.0,-176.0,0.419,-0.56,-0.49
2043.5,-80.0,958.0,-175.0,0.419,-0.769,-0.699
2043.68,-79.0,957.0,-175.0,0.56,-0.629,-0.419
2043.86,-79.0,957.0,-176.0,0.49,-0.769,-0.629
2044.4,-76.0,956.0,-176.0,0.419,-0.629,-0.349
2044.23,-81.0,958.0,-175.0,0.49,-0.699,-0.49
2044.41,-78.0,957.0,-176.0,0.419,-0.769,-0.56
2044.59,-78.0,957.0,-175.0,0.49,-0.629,-0.49
2044.77,-80.0,958.0,-175.0,0.349,-0.769,-0.56
2044.96,-79.0,955.0,-175.0,0.49,-0.769,-0.49
2045.14,-81.0,958.0,-175.0,0.49,-0.769,-0.56
2045.32,-80.0,956.0,-177.0,0.419,-0.699,-0.56
2045.5,-79.0,956.0,-176.0,0.349,-0.769,-0.56
2045.68,-79.0,957.0,-176.0,0.419,-0.699,-0.49
2045.87,-82.0,959.0,-174.0,0.349,-0.769,-0.56
2046.5,-78.0,956.0,-177.0,0.349,-0.699,-0.56
2046.23,-80.0,957.0,-175.0,0.28,-0.699,-0.56
2046.41,-80.0,958.0,-174.0,0.349,-0.769,-0.49
2047.51,-80.0,958.0,-175.0,0.349,-0.699,-0.49
2047.69,-82.0,958.0,-175.0,0.349,-0.769,-0.56
2047.87,-79.0,958.0,-173.0,0.419,-0.699,-0.419
2048.5,-84.0,959.0,-174.0,0.419,-0.839,-0.629
2048.24,-79.0,958.0,-175.0,0.349,-0.769,-0.629
2048.42,-81.0,959.0,-175.0,0.49,-0.699,-0.49
2048.6,-81.0,959.0,-175.0,0.419,-0.769,-0.56
2048.78,-80.0,957.0,-176.0,0.49,-0.699,-0.56
2048.97,-79.0,957.0,-176.0,0.349,-0.769,-0.56
2049.15,-82.0,958.0,-176.0,0.349,-0.699,-0.49
2049.33,-81.0,957.0,-177.0,0.349,-0.699,-0.629
2049.51,-81.0,955.0,-178.0,0.349,-0.699,-0.56
2049.69,-81.0,955.0,-176.0,0.349,-0.629,-0.49
2049.88,-81.0,957.0,-176.0,0.419,-0.769,-0.56
2050.6,-81.0,958.0,-174.0,0.56,-0.699,-0.49
2050.24,-80.0,957.0,-175.0,0.349,-0.769,-0.56
2050.42,-81.0,958.0,-176.0,0.419,-0.629,-0.49
2050.61,-79.0,957.0,-178.0,0.419,-0.629,-0.49
2050.79,-80.0,958.0,-176.0,0.349,-0.839,-0.49
2050.97,-80.0,955.0,-177.0,0.419,-0.629,-0.49
2051.15,-83.0,958.0,-177.0,0.419,-0.839,-0.56
2051.33,-80.0,957.0,-175.0,0.349,-0.699,-0.49
2051.52,-83.0,958.0,-175.0,0.419,-0.699,-0.56
2051.7,-78.0,956.0,-177.0,0.49,-0.839,-0.56
2051.88,-81.0,957.0,-175.0,0.349,-0.839,-0.49
2052.6,-79.0,956.0,-178.0,0.419,-0.699,-0.56
2052.25,-82.0,958.0,-175.0,0.629,-0.839,-0.49
2052.43,-82.0,958.0,-174.0,0.209,-0.769,-0.629
2052.61,-80.0,957.0,-179.0,0.699,-0.56,-0.629
2052.79,-83.0,958.0,-173.0,0.56,-0.91,-0.56
2052.97,-80.0,956.0,-175.0,0.28,-0.56,-0.769
2053.16,-77.0,955.0,-177.0,0.56,-0.699,-0.629
2053.34,-80.0,958.0,-175.0,0.419,-0.91,-0.56
2053.52,-78.0,956.0,-177.0,0.419,-0.98,-0.49
2053.7,-81.0,956.0,-174.0,0.28,-0.839,-0.419
2053.89,-81.0,958.0,-178.0,0.419,-0.769,-0.699
2054.7,-80.0,957.0,-177.0,0.49,-0.699,-0.56
2054.25,-80.0,958.0,-174.0,0.419,-0.769,-0.629
2054.43,-80.0,955.0,-176.0,0.49,-0.699,-0.56
2054.61,-80.0,957.0,-175.0,0.419,-0.91,-0.629
2054.8,-79.0,958.0,-177.0,0.349,-0.699,-0.419
2054.98,-81.0,957.0,-175.0,0.419,-0.699,-0.629
2055.16,-79.0,957.0,-176.0,0.49,-0.769,-0.56
2055.34,-82.0,958.0,-175.0,0.419,-0.839,-0.629
2055.53,-79.0,956.0,-176.0,0.349,-0.769,-0.49
2055.71,-81.0,957.0,-176.0,0.49,-0.699,-0.49
2055.89,-79.0,957.0,-176.0,0.419,-0.699,-0.629
2056.7,-79.0,956.0,-177.0,0.49,-0.699,-0.349
2056.26,-80.0,958.0,-174.0,0.419,-0.839,-0.629
2056.44,-79.0,957.0,-176.0,0.49,-0.699,-0.419
2056.62,-81.0,958.0,-175.0,0.28,-0.769,-0.629
2056.8,-79.0,956.0,-177.0,0.419,-0.699,-0.49
2056.98,-81.0,956.0,-175.0,0.419,-0.699,-0.56
2057.17,-81.0,957.0,-178.0,0.419,-0.699,-0.49
2057.35,-81.0,958.0,-174.0,0.349,-0.769,-0.629
2057.53,-77.0,957.0,-175.0,0.419,-0.699,-0.49
2057.71,-81.0,958.0,-175.0,0.419,-0.769,-0.629
2057.9,-78.0,958.0,-176.0,0.49,-0.699,-0.49
2058.8,-79.0,957.0,-176.0,0.49,-0.769,-0.56
2058.26,-81.0,957.0,-175.0,0.49,-0.769,-0.56
2058.44,-81.0,957.0,-176.0,0.49,-0.769,-0.56
2058.62,-81.0,958.0,-176.0,0.419,-0.769,-0.629
2058.81,-80.0,956.0,-177.0,0.56,-0.769,-0.49
2058.99,-79.0,957.0,-176.0,0.349,-0.769,-0.629
2059.17,-81.0,958.0,-176.0,0.419,-0.699,-0.56
2059.35,-79.0,957.0,-175.0,0.349,-0.769,-0.629
2059.54,-81.0,957.0,-176.0,0.56,-0.699,-0.49
2059.72,-80.0,957.0,-175.0,0.349,-0.769,-0.56
2059.9,-80.0,957.0,-176.0,0.49,-0.769,-0.56
2060.8,-78.0,957.0,-176.0,0.349,-0.839,-0.49
2060.26,-81.0,957.0,-176.0,0.49,-0.699,-0.419
2060.45,-79.0,958.0,-175.0,0.349,-0.839,-0.629
2060.63,-79.0,957.0,-176.0,0.49,-0.629,-0.419
2060.81,-81.0,957.0,-176.0,0.419,-0.769,-0.629
2060.99,-79.0,957.0,-175.0,0.419,-0.769,-0.49
2061.18,-81.0,958.0,-175.0,0.419,-0.769,-0.56
2061.36,-80.0,957.0,-176.0,0.419,-0.699,-0.56
2061.54,-79.0,957.0,-176.0,0.49,-0.769,-0.56
2061.72,-81.0,957.0,-176.0,0.49,-0.769,-0.56
2061.9,-81.0,956.0,-176.0,0.419,-0.769,-0.49
2062.9,-79.0,957.0,-176.0,0.419,-0.699,-0.56
2062.27,-80.0,957.0,-176.0,0.349,-0.769,-0.56
2062.45,-82.0,957.0,-177.0,0.419,-0.699,-0.629
2062.63,-79.0,957.0,-175.0,0.419,-0.769,-0.56
2062.82,-80.0,957.0,-175.0,0.349,-0.699,-0.49
2063.0,-81.0,956.0,-176.0,0.419,-0.769,-0.56
2063.18,-79.0,957.0,-176.0,0.419,-0.699,-0.56
2063.36,-81.0,958.0,-177.0,0.419,-0.769,-0.49
2063.54,-81.0,956.0,-176.0,0.419,-0.769,-0.56
2063.73,-79.0,957.0,-176.0,0.419,-0.769,-0.56
2063.91,-80.0,957.0,-175.0,0.419,-0.769,-0.49
2064.9,-80.0,956.0,-176.0,0.419,-0.699,-0.56
2064.27,-79.0,957.0,-175.0,0.28,-0.699,-0.56
2064.46,-81.0,958.0,-176.0,0.49,-0.699,-0.56
2064.64,-79.0,957.0,-176.0,0.419,-0.769,-0.629
2064.82,-79.0,957.0,-176.0,0.419,-0.629,-0.49
2065.0,-81.0,957.0,-175.0,0.349,-0.839,-0.629
2065.19,-78.0,957.0,-176.0,0.49,-0.699,-0.56
2065.37,-80.0,957.0,-176.0,0.419,-0.769,-0.49
2065.55,-80.0,957.0,-177.0,0.419,-0.769,-0.56
2065.73,-79.0,958.0,-176.0,0.49,-0.699,-0.49
2065.91,-80.0,957.0,-176.0,0.419,-0.699,-0.49
2066.1,-81.0,958.0,-175.0,0.49,-0.769,-0.56
2066.28,-78.0,958.0,-176.0,0.419,-0.629,-0.49
2066.46,-83.0,958.0,-175.0,0.49,-0.769,-0.56
2066.64,-78.0,958.0,-176.0,0.419,-0.769,-0.56
2066.83,-81.0,957.0,-176.0,0.49,-0.629,-0.56
2067.1,-81.0,957.0,-176.0,0.419,-0.839,-0.629
2067.19,-81.0,957.0,-176.0,0.49,-0.769,-0.56
2067.37,-79.0,958.0,-175.0,0.349,-0.769,-0.629
2067.55,-81.0,958.0,-177.0,0.419,-0.769,-0.49
2067.74,-80.0,957.0,-175.0,0.419,-0.769,-0.56
2067.92,-82.0,958.0,-175.0,0.419,-0.699,-0.56
2068.1,-78.0,957.0,-176.0,0.349,-0.699,-0.56
2068.28,-81.0,959.0,-176.0,0.49,-0.699,-0.56
2068.47,-80.0,956.0,-175.0,0.349,-0.769,-0.56
2068.65,-78.0,958.0,-177.0,0.349,-0.769,-0.56
2068.83,-78.0,956.0,-177.0,0.419,-0.699,-0.49
2069.1,-80.0,957.0,-176.0,0.49,-0.769,-0.49
2069.19,-79.0,957.0,-176.0,0.419,-0.699,-0.49
2069.38,-80.0,958.0,-175.0,0.419,-0.699,-0.56
2069.56,-79.0,957.0,-177.0,0.419,-0.699,-0.419
2069.74,-84.0,960.0,-174.0,0.419,-0.839,-0.699
2069.92,-76.0,955.0,-176.0,0.419,-0.699,-0.49
2070.11,-85.0,959.0,-176.0,0.49,-0.699,-0.419
2070.29,-80.0,957.0,-176.0,0.349,-0.769,-0.629
2070.47,-80.0,956.0,-176.0,0.419,-0.629,-0.56
2070.65,-79.0,957.0,-176.0,0.419,-0.769,-0.49
2070.84,-82.0,958.0,-176.0,0.419,-0.699,-0.629
2071.2,-77.0,957.0,-176.0,0.349,-0.769,-0.49
2071.2,-80.0,958.0,-176.0,0.419,-0.699,-0.49
2071.38,-80.0,957.0,-175.0,0.419,-0.769,-0.629
2071.56,-80.0,956.0,-177.0,0.419,-0.769,-0.49
2071.75,-80.0,957.0,-176.0,0.349,-0.699,-0.56
2071.93,-81.0,958.0,-176.0,0.349,-0.839,-0.629
2072.11,-78.0,956.0,-177.0,0.419,-0.699,-0.49
2072.29,-82.0,959.0,-176.0,0.419,-0.839,-0.56
2072.48,-78.0,957.0,-176.0,0.349,-0.769,-0.56
2072.66,-82.0,959.0,-176.0,0.49,-0.699,-0.56
2072.84,-75.0,956.0,-176.0,0.28,-0.839,-0.56
2073.2,-83.0,958.0,-176.0,0.56,-0.699,-0.419
2073.2,-78.0,957.0,-175.0,0.349,-0.839,-0.629
2073.39,-82.0,957.0,-177.0,0.56,-0.699,-0.419
2073.57,-79.0,956.0,-177.0,0.419,-0.839,-0.56
2073.75,-81.0,958.0,-177.0,0.56,-0.769,-0.56
2073.93,-78.0,956.0,-178.0,0.419,-0.699,-0.49
2074.12,-82.0,958.0,-177.0,0.419,-0.699,-0.56
2074.3,-77.0,956.0,-176.0,0.349,-0.699,-0.49
2074.48,-81.0,958.0,-175.0,0.419,-0.769,-0.56
2074.66,-80.0,957.0,-175.0,0.419,-0.699,-0.56
2074.84,-80.0,958.0,-175.0,0.419,-0.769,-0.56
2075.3,-79.0,957.0,-176.0,0.49,-0.769,-0.49
2075.21,-79.0,957.0,-176.0,0.419,-0.769,-0.56
2075.39,-82.0,957.0,-177.0,0.56,-0.629,-0.419
2075.57,-80.0,957.0,-177.0,0.419,-0.839,-0.699
2075.76,-77.0,956.0,-177.0,0.49,-0.56,-0.419
2075.94,-81.0,957.0,-177.0,0.419,-0.769,-0.56
2076.12,-80.0,956.0,-177.0,0.419,-0.769,-0.56
2076.3,-80.0,959.0,-175.0,0.349,-0.769,-0.56
2076.49,-79.0,957.0,-176.0,0.349,-0.769,-0.419
2076.67,-80.0,956.0,-177.0,0.419,-0.839,-0.56
2076.85,-79.0,957.0,-176.0,0.49,-0.769,-0.49
2077.3,-81.0,958.0,-176.0,0.49,-0.769,-0.56
2077.21,-80.0,957.0,-177.0,0.419,-0.839,-0.56
2077.4,-82.0,957.0,-177.0,0.419,-0.769,-0.49
2077.58,-81.0,958.0,-176.0,0.419,-0.769,-0.56
2077.76,-81.0,958.0,-175.0,0.49,-0.699,-0.629
2077.94,-80.0,957.0,-176.0,0.419,-0.699,-0.56
2078.13,-79.0,958.0,-177.0,0.419,-0.699,-0.49
2078.31,-80.0,957.0,-176.0,0.49,-0.769,-0.49
2078.49,-79.0,957.0,-175.0,0.349,-0.769,-0.56
2078.67,-80.0,956.0,-177.0,0.49,-0.629,-0.419
2078.85,-81.0,958.0,-176.0,0.419,-0.769,-0.56
2079.4,-80.0,958.0,-176.0,0.419,-0.769,-0.56
2079.22,-80.0,958.0,-176.0,0.419,-0.769,-0.56
2079.4,-80.0,957.0,-175.0,0.419,-0.699,-0.419
2079.58,-82.0,958.0,-176.0,0.49,-0.699,-0.56
2079.77,-80.0,957.0,-177.0,0.49,-0.769,-0.56
2079.95,-79.0,956.0,-176.0,0.49,-0.769,-0.56
2080.13,-81.0,957.0,-177.0,0.49,-0.699,-0.49
2080.31,-80.0,957.0,-177.0,0.419,-0.769,-0.56
2080.5,-80.0,958.0,-176.0,0.419,-0.839,-0.56
2080.68,-79.0,957.0,-175.0,0.419,-0.769,-0.49
2080.86,-78.0,957.0,-177.0,0.419,-0.629,-0.629
2081.4,-79.0,957.0,-176.0,0.49,-0.769,-0.56
2081.22,-80.0,959.0,-175.0,0.419,-0.699,-0.56
2081.41,-79.0,956.0,-177.0,0.349,-0.699,-0.56
2081.59,-80.0,958.0,-175.0,0.419,-0.769,-0.629
2081.77,-77.0,957.0,-175.0,0.349,-0.699,-0.56
2081.95,-82.0,958.0,-175.0,0.419,-0.839,-0.56
2082.14,-79.0,957.0,-175.0,0.419,-0.769,-0.56
2082.32,-79.0,957.0,-176.0,0.49,-0.839,-0.56
2082.5,-81.0,957.0,-176.0,0.49,-0.769,-0.56
2082.68,-83.0,957.0,-177.0,0.56,-0.769,-0.49
2082.86,-79.0,957.0,-175.0,0.419,-0.839,-0.56
2083.5,-81.0,956.0,-177.0,0.419,-0.629,-0.419
2083.23,-82.0,959.0,-175.0,0.349,-0.839,-0.629
2083.41,-78.0,956.0,-176.0,0.49,-0.699,-0.49
2083.59,-82.0,958.0,-175.0,0.419,-0.769,-0.629
2083.78,-80.0,957.0,-176.0,0.419,-0.699,-0.49
2083.96,-80.0,957.0,-175.0,0.349,-0.769,-0.56
2084.14,-80.0,958.0,-176.0,0.49,-0.699,-0.56
2084.32,-80.0,957.0,-176.0,0.349,-0.839,-0.629
2084.51,-80.0,957.0,-176.0,0.419,-0.769,-0.56
2084.69,-80.0,957.0,-175.0,0.349,-0.699,-0.56
2084.87,-80.0,957.0,-176.0,0.419,-0.769,-0.56
2085.5,-80.0,957.0,-175.0,0.419,-0.839,-0.629
2085.23,-79.0,957.0,-177.0,0.349,-0.769,-0.49
2085.42,-81.0,957.0,-176.0,0.349,-0.769,-0.49
2085.6,-81.0,958.0,-176.0,0.49,-0.839,-0.56
2085.78,-79.0,956.0,-177.0,0.349,-0.769,-0.629
2085.96,-81.0,957.0,-177.0,0.419,-0.699,-0.49
2086.15,-82.0,957.0,-175.0,0.349,-0.769,-0.629
2086.33,-80.0,958.0,-177.0,0.419,-0.769,-0.56
2086.51,-79.0,956.0,-176.0,0.419,-0.769,-0.56
2086.69,-81.0,957.0,-176.0,0.49,-0.699,-0.56
2086.87,-79.0,957.0,-175.0,0.28,-0.769,-0.49
2087.6,-82.0,957.0,-177.0,0.419,-0.769,-0.56
2088.33,-80.0,957.0,-175.0,0.349,-0.769,-0.56
2088.51,-80.0,957.0,-176.0,0.419,-0.699,-0.56
2088.7,-81.0,958.0,-175.0,0.56,-0.699,-0.629
2088.88,-79.0,958.0,-176.0,0.49,-0.769,-0.49
2089.6,-79.0,958.0,-174.0,0.349,-0.839,-0.56
2089.24,-81.0,958.0,-176.0,0.49,-0.629,-0.419
2089.43,-81.0,958.0,-175.0,0.419,-0.839,-0.699
2089.61,-79.0,955.0,-176.0,0.49,-0.699,-0.49
2089.79,-81.0,958.0,-176.0,0.349,-0.839,-0.56
2089.97,-80.0,957.0,-176.0,0.419,-0.629,-0.56
2090.16,-82.0,958.0,-175.0,0.419,-0.839,-0.56
2090.34,-77.0,956.0,-177.0,0.419,-0.629,-0.49
2090.52,-81.0,958.0,-176.0,0.419,-0.699,-0.56
2090.7,-79.0,957.0,-175.0,0.419,-0.769,-0.49
2090.88,-81.0,958.0,-175.0,0.349,-0.769,-0.56
2091.7,-79.0,956.0,-176.0,0.349,-0.769,-0.56
2091.25,-80.0,957.0,-176.0,0.349,-0.699,-0.56
2091.43,-81.0,957.0,-176.0,0.349,-0.699,-0.56
2091.61,-81.0,958.0,-175.0,0.419,-0.769,-0.56
2091.8,-81.0,957.0,-175.0,0.419,-0.769,-0.629
2091.98,-80.0,958.0,-176.0,0.419,-0.699,-0.629
2092.16,-81.0,957.0,-175.0,0.49,-0.699,-0.56
2092.34,-79.0,957.0,-176.0,0.419,-0.769,-0.629
2092.52,-78.0,957.0,-175.0,0.419,-0.699,-0.49
2092.71,-81.0,957.0,-177.0,0.49,-0.699,-0.49
2092.89,-79.0,957.0,-176.0,0.419,-0.769,-0.629
2093.7,-79.0,957.0,-176.0,0.49,-0.699,-0.56
2093.25,-81.0,958.0,-175.0,0.349,-0.839,-0.629
2093.44,-79.0,957.0,-177.0,0.49,-0.699,-0.49
2093.62,-81.0,958.0,-175.0,0.419,-0.839,-0.629
2093.8,-77.0,955.0,-177.0,0.349,-0.699,-0.49
2093.98,-83.0,957.0,-176.0,0.419,-0.699,-0.56
2094.17,-77.0,957.0,-175.0,0.28,-0.769,-0.56
2097.26,-78.0,957.0,-175.0,0.419,-0.699,-0.56
2097.45,-80.0,957.0,-176.0,0.419,-0.769,-0.56
2097.63,-81.0,958.0,-176.0,0.49,-0.769,-0.629
2097.81,-79.0,957.0,-176.0,0.28,-0.769,-0.56
2097.99,-79.0,957.0,-178.0,0.49,-0.699,-0.49
2098.18,-82.0,958.0,-176.0,0.419,-0.769,-0.49
2098.36,-80.0,958.0,-175.0,0.419,-0.769,-0.56
2098.54,-80.0,958.0,-176.0,0.419,-0.699,-0.49
2098.72,-80.0,957.0,-176.0,0.349,-0.769,-0.56
2098.9,-79.0,956.0,-176.0,0.419,-0.629,-0.419
2099.9,-81.0,957.0,-176.0,0.419,-0.839,-0.56
2104.74,-80.0,957.0,-176.0,0.49,-0.839,-0.56
2104.92,-80.0,957.0,-175.0,0.419,-0.699,-0.56
2105.1,-80.0,957.0,-176.0,0.419,-0.769,-0.56
2105.29,-80.0,958.0,-176.0,0.419,-0.769,-0.56
2105.47,-80.0,958.0,-175.0,0.49,-0.699,-0.56
2105.65,-79.0,957.0,-176.0,0.419,-0.769,-0.56
2105.83,-79.0,957.0,-176.0,0.419,-0.769,-0.49
2106.1,-80.0,957.0,-176.0,0.419,-0.769,-0.629
2106.2,-79.0,956.0,-175.0,0.419,-0.699,-0.56
2106.38,-80.0,957.0,-176.0,0.349,-0.699,-0.56
2106.56,-80.0,957.0,-175.0,0.419,-0.769,-0.56
2106.74,-79.0,958.0,-175.0,0.419,-0.769,-0.56
2106.93,-79.0,957.0,-176.0,0.349,-0.699,-0.49
2107.11,-80.0,957.0,-176.0,0.349,-0.839,-0.56
2107.29,-79.0,958.0,-175.0,0.419,-0.769,-0.56
2107.47,-81.0,957.0,-175.0,0.49,-0.699,-0.49
2107.66,-79.0,958.0,-176.0,0.419,-0.769,-0.56
2107.84,-79.0,955.0,-176.0,0.419,-0.699,-0.49
2108.2,-81.0,957.0,-175.0,0.419,-0.839,-0.56
2108.2,-78.0,956.0,-177.0,0.49,-0.769,-0.56
2108.38,-81.0,957.0,-175.0,0.419,-0.769,-0.629
2108.57,-79.0,957.0,-176.0,0.419,-0.699,-0.56
2108.75,-80.0,958.0,-176.0,0.419,-0.769,-0.49
2108.93,-82.0,957.0,-176.0,0.349,-0.699,-0.56
2109.11,-80.0,958.0,-175.0,0.419,-0.699,-0.49
2109.3,-81.0,958.0,-175.0,0.419,-0.839,-0.629
2109.48,-79.0,957.0,-175.0,0.419,-0.699,-0.629
2109.66,-79.0,957.0,-175.0,0.49,-0.769,-0.56
2109.84,-80.0,958.0,-176.0,0.419,-0.769,-0.56
2110.3,-79.0,957.0,-175.0,0.349,-0.769,-0.629
2110.21,-80.0,957.0,-176.0,0.49,-0.699,-0.629
2110.39,-80.0,956.0,-177.0,0.349,-0.769,-0.56
2110.57,-81.0,957.0,-176.0,0.419,-0.699,-0.56
2110.75,-80.0,957.0,-177.0,0.349,-0.839,-0.56
2110.94,-79.0,958.0,-177.0,0.349,-0.699,-0.49
2111.12,-79.0,957.0,-177.0,0.419,-0.839,-0.49
2111.3,-80.0,957.0,-175.0,0.349,-0.769,-0.56
2111.48,-79.0,958.0,-176.0,0.419,-0.769,-0.56
2111.67,-79.0,957.0,-175.0,0.349,-0.699,-0.49
2111.85,-80.0,958.0,-177.0,0.419,-0.699,-0.49
2112.3,-79.0,956.0,-177.0,0.419,-0.769,-0.49
2112.21,-80.0,958.0,-176.0,0.419,-0.699,-0.49
2112.4,-79.0,956.0,-176.0,0.419,-0.699,-0.56
2112.58,-80.0,957.0,-176.0,0.49,-0.699,-0.56
2112.76,-81.0,957.0,-177.0,0.419,-0.699,-0.56
2112.94,-80.0,957.0,-177.0,0.419,-0.699,-0.49
2113.12,-80.0,957.0,-177.0,0.419,-0.699,-0.56
2113.31,-80.0,957.0,-176.0,0.419,-0.699,-0.56
2113.49,-80.0,957.0,-177.0,0.49,-0.769,-0.56
2113.67,-80.0,958.0,-175.0,0.49,-0.699,-0.56
2113.85,-80.0,958.0,-176.0,0.419,-0.769,-0.56
2114.4,-79.0,956.0,-175.0,0.49,-0.629,-0.56
2114.22,-81.0,958.0,-176.0,0.419,-0.699,-0.56
2114.4,-80.0,958.0,-175.0,0.419,-0.769,-0.629
2114.58,-79.0,958.0,-175.0,0.49,-0.769,-0.56
2114.76,-79.0,957.0,-176.0,0.349,-0.56,-0.49
2114.95,-81.0,958.0,-175.0,0.419,-0.839,-0.56
2115.13,-77.0,956.0,-176.0,0.49,-0.769,-0.56
2115.31,-80.0,959.0,-175.0,0.419,-0.769,-0.49
2115.49,-80.0,957.0,-176.0,0.419,-0.699,-0.49
2115.68,-80.0,957.0,-176.0,0.419,-0.769,-0.56
2115.86,-80.0,957.0,-175.0,0.349,-0.699,-0.49
2116.4,-81.0,957.0,-177.0,0.419,-0.699,-0.629
2116.22,-78.0,957.0,-175.0,0.419,-0.769,-0.56
2116.41,-82.0,958.0,-172.0,0.419,-0.699,-0.49
2116.59,-81.0,957.0,-177.0,0.28,-0.699,-0.699
2116.77,-77.0,956.0,-178.0,0.49,-0.769,-0.49
2116.95,-82.0,958.0,-174.0,0.419,-0.769,-0.49
2117.13,-82.0,959.0,-175.0,0.28,-0.769,-0.699
2117.32,-78.0,956.0,-177.0,0.419,-0.91,-0.56
2117.5,-81.0,956.0,-177.0,0.49,-0.699,-0.49
2117.68,-81.0,957.0,-176.0,0.49,-0.839,-0.56
2117.86,-80.0,957.0,-174.0,0.209,-0.699,-0.629
2118.5,-79.0,957.0,-178.0,0.49,-0.629,-0.699
2118.23,-80.0,956.0,-174.0,0.49,-0.91,-0.629
2118.41,-79.0,958.0,-175.0,0.349,-0.699,-0.629
2119.5,-77.0,956.0,-176.0,0.349,-0.699,-0.629
2119.69,-81.0,957.0,-176.0,0.419,-0.769,-0.49
2119.87,-79.0,957.0,-176.0,0.419,-0.769,-0.56
2120.5,-79.0,956.0,-177.0,0.419,-0.769,-0.629
2120.23,-79.0,956.0,-176.0,0.49,-0.699,-0.56
2120.42,-80.0,956.0,-175.0,0.49,-0.699,-0.49
2120.6,-80.0,956.0,-177.0,0.349,-0.699,-0.56
2120.78,-79.0,958.0,-174.0,0.419,-0.699,-0.49
2120.96,-81.0,958.0,-176.0,0.419,-0.699,-0.56
2121.14,-81.0,958.0,-176.0,0.419,-0.699,-0.629
2121.33,-80.0,957.0,-177.0,0.49,-0.769,-0.56
2126.8,-79.0,957.0,-176.0,0.419,-0.699,-0.49
2126.98,-80.0,957.0,-177.0,0.49,-0.699,-0.49
2127.16,-80.0,957.0,-176.0,0.419,-0.769,-0.629
2127.34,-80.0,957.0,-176.0,0.419,-0.769,-0.56
2127.52,-81.0,958.0,-176.0,0.49,-0.769,-0.56
2127.71,-79.0,957.0,-176.0,0.419,-0.769,-0.56
2127.89,-80.0,958.0,-176.0,0.419,-0.769,-0.56
2128.7,-79.0,958.0,-176.0,0.419,-0.769,-0.56
2128.25,-79.0,958.0,-176.0,0.419,-0.769,-0.49
2128.44,-79.0,957.0,-176.0,0.419,-0.769,-0.49
2128.62,-80.0,957.0,-176.0,0.49,-0.769,-0.56
2128.8,-79.0,957.0,-176.0,0.349,-0.769,-0.49
2128.98,-81.0,958.0,-175.0,0.419,-0.769,-0.56
2129.16,-78.0,956.0,-176.0,0.349,-0.769,-0.629
2129.35,-81.0,956.0,-175.0,0.49,-0.699,-0.56
2129.53,-79.0,958.0,-176.0,0.419,-0.769,-0.629
2129.71,-79.0,957.0,-176.0,0.419,-0.699,-0.49
2129.89,-80.0,957.0,-176.0,0.419,-0.699,-0.56
2130.8,-81.0,958.0,-176.0,0.49,-0.769,-0.419
2130.26,-80.0,957.0,-175.0,0.419,-0.769,-0.56
2130.44,-80.0,957.0,-175.0,0.419,-0.699,-0.56
2130.62,-81.0,957.0,-176.0,0.56,-0.839,-0.49
2130.81,-80.0,957.0,-177.0,0.419,-0.769,-0.49
2130.99,-81.0,957.0,-175.0,0.419,-0.769,-0.56
2131.17,-79.0,957.0,-176.0,0.419,-0.629,-0.49
2131.35,-81.0,958.0,-176.0,0.419,-0.699,-0.56
2131.53,-80.0,957.0,-176.0,0.419,-0.699,-0.56
2131.72,-81.0,957.0,-176.0,0.349,-0.769,-0.56
2131.9,-80.0,957.0,-175.0,0.419,-0.699,-0.49
2132.8,-79.0,957.0,-176.0,0.419,-0.769,-0.629
2132.26,-78.0,956.0,-176.0,0.49,-0.769,-0.56
2132.45,-79.0,956.0,-176.0,0.419,-0.699,-0.56
2132.63,-80.0,958.0,-176.0,0.49,-0.769,-0.56
2132.81,-79.0,957.0,-177.0,0.49,-0.699,-0.56
2132.99,-78.0,957.0,-176.0,0.419,-0.769,-0.56
2133.17,-80.0,958.0,-176.0,0.49,-0.629,-0.56
2133.36,-80.0,958.0,-176.0,0.419,-0.699,-0.56
2133.54,-80.0,957.0,-175.0,0.49,-0.699,-0.56
2136.27,-79.0,957.0,-175.0,0.419,-0.769,-0.629
2136.46,-81.0,958.0,-175.0,0.349,-0.769,-0.56
2136.64,-80.0,957.0,-176.0,0.419,-0.769,-0.629
2136.82,-80.0,958.0,-176.0,0.419,-0.699,-0.56
2137.0,-78.0,957.0,-177.0,0.349,-0.699,-0.56
2137.18,-81.0,957.0,-175.0,0.49,-0.699,-0.56
2137.37,-78.0,956.0,-176.0,0.419,-0.769,-0.56
2137.55,-80.0,957.0,-176.0,0.49,-0.769,-0.56
2137.73,-80.0,956.0,-176.0,0.419,-0.769,-0.629
2137.91,-81.0,959.0,-177.0,0.419,-0.699,-0.56
2138.1,-78.0,957.0,-176.0,0.419,-0.769,-0.56
2142.83,-81.0,956.0,-176.0,0.349,-0.769,-0.56
2143.2,-84.0,959.0,-176.0,0.49,-0.699,-0.49
2143.2,-78.0,956.0,-176.0,0.28,-0.839,-0.699
2143.38,-81.0,957.0,-176.0,0.349,-0.769,-0.56
2143.56,-81.0,958.0,-176.0,0.349,-0.839,-0.629
2143.75,-81.0,957.0,-175.0,0.49,-0.839,-0.699
2143.93,-77.0,956.0,-176.0,0.419,-0.629,-0.419
2144.11,-85.0,960.0,-175.0,0.49,-0.839,-0.629
2144.29,-78.0,956.0,-177.0,0.49,-0.91,-0.56
2144.48,-80.0,957.0,-176.0,0.419,-0.769,-0.56
2144.66,-80.0,958.0,-176.0,0.349,-0.699,-0.49
2144.84,-80.0,956.0,-177.0,0.49,-0.699,-0.49
2145.2,-81.0,959.0,-174.0,0.419,-0.769,-0.699
2145.2,-77.0,956.0,-176.0,0.49,-0.629,-0.419
2145.39,-85.0,958.0,-175.0,0.49,-0.769,-0.629
2145.57,-74.0,955.0,-176.0,0.49,-0.699,-0.49
2145.75,-83.0,960.0,-175.0,0.49,-0.629,-0.49
2145.93,-79.0,957.0,-177.0,0.349,-0.769,-0.56
2146.12,-82.0,957.0,-177.0,0.49,-0.699,-0.629
2147.21,-80.0,958.0,-176.0,0.419,-0.769,-0.56
2147.39,-80.0,956.0,-176.0,0.419,-0.629,-0.49
2147.57,-81.0,958.0,-175.0,0.419,-0.839,-0.629
2147.76,-79.0,956.0,-175.0,0.419,-0.699,-0.49
2147.94,-79.0,958.0,-175.0,0.349,-0.839,-0.56
2148.12,-79.0,958.0,-176.0,0.49,-0.629,-0.419
2148.3,-81.0,958.0,-175.0,0.419,-0.839,-0.629
2148.49,-80.0,956.0,-175.0,0.49,-0.769,-0.56
2148.67,-80.0,958.0,-176.0,0.419,-0.769,-0.56
2148.85,-81.0,956.0,-175.0,0.419,-0.839,-0.629
2149.3,-80.0,957.0,-176.0,0.419,-0.699,-0.56
2149.21,-80.0,958.0,-176.0,0.419,-0.699,-0.56
2149.4,-81.0,957.0,-176.0,0.419,-0.839,-0.56
2149.58,-79.0,957.0,-177.0,0.419,-0.769,-0.56
2149.76,-82.0,958.0,-178.0,0.49,-0.699,-0.56
2149.94,-78.0,956.0,-176.0,0.349,-0.699,-0.56
2150.13,-81.0,957.0,-176.0,0.419,-0.699,-0.419
2150.31,-79.0,956.0,-175.0,0.419,-0.91,-0.629
2150.49,-80.0,957.0,-176.0,0.49,-0.699,-0.49
2150.67,-80.0,958.0,-176.0,0.49,-0.769,-0.629
2150.86,-79.0,957.0,-176.0,0.49,-0.699,-0.49
2151.4,-82.0,959.0,-175.0,0.419,-0.91,-0.629
2151.22,-78.0,955.0,-178.0,0.56,-0.629,-0.349
2151.4,-82.0,959.0,-175.0,0.419,-0.839,-0.699
2151.58,-78.0,956.0,-176.0,0.419,-0.629,-0.49
2151.77,-82.0,958.0,-175.0,0.49,-0.839,-0.629
2151.95,-76.0,956.0,-176.0,0.28,-0.699,-0.56
2152.13,-80.0,958.0,-176.0,0.419,-0.699,-0.419
2152.31,-80.0,958.0,-175.0,0.419,-0.769,-0.56
2152.5,-80.0,957.0,-175.0,0.419,-0.629,-0.49
2152.68,-82.0,957.0,-176.0,0.419,-0.769,-0.56
2152.86,-79.0,958.0,-175.0,0.349,-0.839,-0.56
2153.4,-78.0,956.0,-176.0,0.419,-0.699,-0.419
2153.22,-82.0,957.0,-177.0,0.49,-0.769,-0.56
2153.41,-80.0,958.0,-177.0,0.349,-0.839,-0.49
2153.59,-79.0,956.0,-176.0,0.419,-0.699,-0.49
2153.77,-81.0,958.0,-176.0,0.49,-0.769,-0.49
2153.95,-79.0,957.0,-176.0,0.28,-0.769,-0.56
2154.14,-81.0,957.0,-175.0,0.49,-0.839,-0.56
2154.32,-78.0,957.0,-175.0,0.349,-0.699,-0.49
2154.5,-83.0,957.0,-175.0,0.49,-0.699,-0.56
2154.68,-80.0,957.0,-177.0,0.349,-0.839,-0.629
2154.87,-79.0,957.0,-175.0,0.49,-0.629,-0.419
2155.5,-84.0,958.0,-175.0,0.419,-0.839,-0.699
2155.23,-79.0,955.0,-176.0,0.419,-0.699,-0.56
2155.41,-82.0,958.0,-176.0,0.56,-0.56,-0.49
2155.59,-80.0,956.0,-177.0,0.419,-0.769,-0.56
2155.78,-82.0,959.0,-176.0,0.349,-0.699,-0.56
2155.96,-78.0,957.0,-175.0,0.49,-0.699,-0.56
2156.14,-79.0,958.0,-175.0,0.49,-0.699,-0.56
2156.32,-78.0,956.0,-177.0,0.419,-0.629,-0.49
2156.51,-81.0,958.0,-176.0,0.419,-0.769,-0.56
2156.69,-78.0,956.0,-176.0,0.49,-0.699,-0.56
2156.87,-79.0,957.0,-175.0,0.349,-0.769,-0.56
2157.5,-80.0,957.0,-176.0,0.419,-0.699,-0.56
2157.23,-81.0,957.0,-176.0,0.349,-0.769,-0.56
2157.42,-80.0,958.0,-175.0,0.419,-0.699,-0.49
2157.6,-80.0,957.0,-175.0,0.49,-0.769,-0.629
2157.78,-78.0,957.0,-177.0,0.49,-0.769,-0.49
2159.42,-80.0,957.0,-177.0,0.419,-0.91,-0.629
2159.6,-82.0,957.0,-177.0,0.56,-0.629,-0.49
2159.79,-81.0,957.0,-177.0,0.349,-0.839,-0.699
2159.97,-78.0,958.0,-176.0,0.419,-0.769,-0.56
2160.15,-82.0,956.0,-176.0,0.419,-0.699,-0.56
2160.33,-79.0,957.0,-176.0,0.349,-0.839,-0.56
2160.52,-78.0,956.0,-177.0,0.49,-0.699,-0.49
2160.7,-81.0,958.0,-175.0,0.349,-0.839,-0.56
2160.88,-78.0,955.0,-178.0,0.349,-0.699,-0.49
2161.6,-81.0,958.0,-175.0,0.419,-0.699,-0.56
2161.24,-78.0,957.0,-176.0,0.349,-0.699,-0.49
2161.43,-83.0,957.0,-176.0,0.49,-0.699,-0.56
2168.54,-75.0,956.0,-177.0,0.419,-0.699,-0.56
2168.72,-82.0,957.0,-174.0,0.49,-0.769,-0.49
2168.9,-78.0,956.0,-175.0,0.349,-0.839,-0.56
2169.8,-80.0,957.0,-175.0,0.419,-0.699,-0.419
2169.26,-79.0,959.0,-175.0,0.419,-0.769,-0.629
2169.45,-77.0,956.0,-176.0,0.49,-0.629,-0.419
2169.63,-82.0,958.0,-175.0,0.349,-0.769,-0.629
2169.81,-77.0,956.0,-176.0,0.49,-0.629,-0.49
2169.99,-83.0,958.0,-176.0,0.419,-0.699,-0.56
2170.18,-78.0,957.0,-176.0,0.349,-0.769,-0.629
2170.36,-80.0,957.0,-176.0,0.49,-0.629,-0.49
2170.54,-79.0,956.0,-177.0,0.349,-0.839,-0.56
2170.72,-82.0,958.0,-176.0,0.56,-0.699,-0.49
2170.91,-79.0,957.0,-175.0,0.349,-0.769,-0.56
2171.9,-80.0,958.0,-176.0,0.419,-0.769,-0.49
2171.27,-78.0,957.0,-176.0,0.349,-0.769,-0.56
2171.45,-79.0,957.0,-175.0,0.419,-0.769,-0.49
2171.63,-80.0,958.0,-176.0,0.349,-0.699,-0.56
2171.82,-79.0,957.0,-176.0,0.49,-0.769,-0.56
2172.0,-80.0,957.0,-175.0,0.49,-0.839,-0.56
2172.18,-79.0,957.0,-176.0,0.419,-0.769,-0.56
2172.36,-81.0,958.0,-176.0,0.419,-0.769,-0.56
2172.55,-79.0,957.0,-175.0,0.419,-0.699,-0.56
2172.73,-80.0,958.0,-175.0,0.419,-0.699,-0.56
2172.91,-80.0,956.0,-176.0,0.419,-0.769,-0.56
2174.55,-82.0,958.0,-176.0,0.56,-0.839,-0.56
2174.73,-76.0,957.0,-175.0,0.349,-0.839,-0.629
2174.92,-80.0,957.0,-177.0,0.49,-0.629,-0.419
2175.1,-80.0,958.0,-177.0,0.28,-0.839,-0.629
2175.28,-79.0,957.0,-178.0,0.419,-0.699,-0.49
2175.46,-79.0,956.0,-177.0,0.349,-0.769,-0.56
2175.64,-81.0,957.0,-176.0,0.49,-0.699,-0.56
2175.83,-78.0,957.0,-176.0,0.419,-0.769,-0.56
2176.1,-80.0,957.0,-175.0,0.419,-0.769,-0.49
2176.19,-81.0,957.0,-176.0,0.419,-0.769,-0.49
2176.37,-79.0,957.0,-175.0,0.419,-0.699,-0.56
2176.56,-80.0,957.0,-177.0,0.49,-0.699,-0.419
2176.74,-82.0,957.0,-175.0,0.419,-0.769,-0.56
2176.92,-79.0,957.0,-176.0,0.419,-0.629,-0.56
2177.1,-81.0,958.0,-175.0,0.419,-0.699,-0.49
2177.29,-81.0,957.0,-176.0,0.419,-0.839,-0.56
2177.47,-80.0,957.0,-175.0,0.419,-0.769,-0.49
2177.65,-80.0,957.0,-177.0,0.419,-0.699,-0.56
2177.83,-80.0,956.0,-176.0,0.49,-0.769,-0.629
2178.1,-79.0,957.0,-176.0,0.419,-0.769,-0.56
2178.2,-80.0,957.0,-176.0,0.349,-0.699,-0.56
2178.38,-79.0,956.0,-176.0,0.349,-0.769,-0.629
2178.56,-81.0,957.0,-174.0,0.349,-0.699,-0.49
2178.74,-79.0,957.0,-175.0,0.419,-0.769,-0.49
2178.93,-81.0,956.0,-176.0,0.419,-0.699,-0.49
2179.11,-79.0,957.0,-176.0,0.419,-0.769,-0.56
2179.29,-79.0,956.0,-176.0,0.419,-0.769,-0.49
2179.47,-80.0,957.0,-176.0,0.419,-0.769,-0.56
2179.65,-80.0,956.0,-176.0,0.419,-0.769,-0.49
2179.84,-80.0,957.0,-176.0,0.49,-0.699,-0.56
2180.2,-80.0,957.0,-176.0,0.49,-0.699,-0.56
2180.75,-80.0,958.0,-176.0,0.419,-0.839,-0.56
2180.93,-80.0,956.0,-176.0,0.419,-0.699,-0.56
2181.11,-80.0,957.0,-176.0,0.419,-0.769,-0.629
2181.3,-79.0,957.0,-175.0,0.349,-0.699,-0.629
2181.48,-80.0,957.0,-176.0,0.349,-0.699,-0.56
2181.66,-80.0,958.0,-175.0,0.419,-0.769,-0.56
2181.84,-80.0,958.0,-176.0,0.419,-0.769,-0.56
2182.2,-81.0,958.0,-176.0,0.419,-0.769,-0.629
2182.21,-79.0,958.0,-176.0,0.419,-0.91,-0.629
2182.39,-80.0,958.0,-176.0,0.419,-0.769,-0.49
2182.57,-80.0,958.0,-177.0,0.49,-0.769,-0.56
2182.75,-80.0,957.0,-176.0,0.419,-0.839,-0.56
2182.94,-80.0,957.0,-176.0,0.49,-0.629,-0.49
2183.12,-81.0,958.0,-176.0,0.419,-0.769,-0.56
2183.3,-81.0,958.0,-175.0,0.349,-0.769,-0.629
2183.48,-79.0,957.0,-175.0,0.349,-0.769,-0.56
2183.67,-80.0,957.0,-176.0,0.419,-0.699,-0.49
2183.85,-82.0,957.0,-176.0,0.349,-0.839,-0.56
2184.3,-80.0,957.0,-175.0,0.419,-0.769,-0.56
2184.21,-80.0,957.0,-176.0,0.419,-0.769,-0.56
2184.39,-80.0,957.0,-176.0,0.349,-0.769,-0.49
2184.58,-80.0,958.0,-176.0,0.419,-0.769,-0.56
2184.76,-80.0,958.0,-176.0,0.419,-0.839,-0.56
2184.94,-80.0,957.0,-177.0,0.419,-0.699,-0.49
2185.12,-81.0,957.0,-176.0,0.349,-0.769,-0.56
2185.31,-79.0,957.0,-176.0,0.49,-0.769,-0.56
2185.49,-81.0,958.0,-175.0,0.419,-0.699,-0.629
2185.67,-79.0,957.0,-176.0,0.49,-0.769,-0.49
2185.85,-81.0,958.0,-176.0,0.419,-0.699,-0.56
2186.3,-78.0,956.0,-176.0,0.419,-0.699,-0.49
2186.22,-81.0,957.0,-176.0,0.349,-0.769,-0.629
2186.4,-79.0,957.0,-176.0,0.349,-0.699,-0.629
2186.58,-80.0,957.0,-176.0,0.49,-0.769,-0.49
2186.76,-79.0,957.0,-177.0,0.28,-0.769,-0.56
2186.95,-80.0,958.0,-176.0,0.49,-0.699,-0.49
2187.13,-80.0,958.0,-176.0,0.419,-0.699,-0.49
2187.31,-79.0,956.0,-176.0,0.419,-0.699,-0.49
2187.49,-79.0,957.0,-176.0,0.349,-0.769,-0.49
2187.68,-79.0,957.0,-175.0,0.419,-0.769,-0.56
2188.22,-79.0,957.0,-176.0,0.349,-0.839,-0.629
2188.4,-80.0,956.0,-175.0,0.56,-0.769,-0.419
2188.59,-81.0,958.0,-176.0,0.49,-0.769,-0.56
2188.77,-79.0,956.0,-176.0,0.49,-0.769,-0.56
2188.95,-80.0,957.0,-176.0,0.419,-0.699,-0.629
2189.13,-80.0,957.0,-176.0,0.419,-0.699,-0.56
2189.32,-81.0,957.0,-175.0,0.419,-0.699,-0.629
2189.5,-80.0,957.0,-176.0,0.56,-0.769,-0.56
2189.68,-80.0,958.0,-176.0,0.419,-0.699,-0.49
2189.86,-81.0,958.0,-175.0,0.49,-0.769,-0.629
2190.4,-79.0,957.0,-176.0,0.419,-0.769,-0.56
2190.23,-82.0,957.0,-175.0,0.419,-0.699,-0.56
2190.41,-79.0,957.0,-177.0,0.28,-0.769,-0.56
2190.59,-80.0,957.0,-175.0,0.349,-0.769,-0.49
2190.77,-82.0,958.0,-175.0,0.419,-0.769,-0.56
2190.96,-79.0,956.0,-175.0,0.349,-0.699,-0.629
2191.14,-79.0,956.0,-177.0,0.419,-0.629,-0.49
2191.32,-80.0,958.0,-176.0,0.419,-0.839,-0.629
2191.5,-82.0,957.0,-176.0,0.49,-0.769,-0.56
2191.69,-79.0,958.0,-176.0,0.349,-0.769,-0.629
2191.87,-80.0,957.0,-175.0,0.49,-0.699,-0.419
2192.5,-81.0,958.0,-176.0,0.419,-0.769,-0.629
2192.23,-78.0,957.0,-175.0,0.419,-0.769,-0.49
2192.41,-79.0,958.0,-176.0,0.419,-0.769,-0.56
2192.6,-81.0,957.0,-176.0,0.49,-0.769,-0.56
2192.78,-79.0,957.0,-175.0,0.49,-0.839,-0.629
2192.96,-80.0,957.0,-176.0,0.49,-0.699,-0.56
2193.14,-81.0,957.0,-175.0,0.419,-0.769,-0.56
2193.33,-79.0,957.0,-176.0,0.419,-0.699,-0.56
2193.51,-79.0,958.0,-174.0,0.349,-0.699,-0.629
2193.69,-80.0,957.0,-175.0,0.49,-0.699,-0.56
2193.87,-80.0,957.0,-174.0,0.49,-0.769,-0.56
2194.5,-81.0,957.0,-176.0,0.419,-0.769,-0.56
2194.24,-81.0,957.0,-176.0,0.56,-0.769,-0.56
2194.42,-79.0,957.0,-176.0,0.49,-0.699,-0.56
2194.6,-80.0,958.0,-176.0,0.349,-0.769,-0.56
2194.78,-82.0,957.0,-175.0,0.419,-0.699,-0.56
2194.97,-80.0,958.0,-176.0,0.349,-0.769,-0.56
2198.79,-83.0,958.0,-176.0,0.49,-0.769,-0.629
2198.98,-79.0,956.0,-176.0,0.419,-0.769,-0.49
2199.16,-81.0,959.0,-176.0,0.419,-0.769,-0.629
2199.34,-79.0,957.0,-175.0,0.419,-0.699,-0.56
2199.52,-82.0,957.0,-175.0,0.419,-0.699,-0.56
2199.7,-80.0,958.0,-175.0,0.419,-0.839,-0.629
2199.89,-80.0,957.0,-176.0,0.49,-0.699,-0.49
2200.7,-80.0,958.0,-174.0,0.419,-0.769,-0.629
2200.25,-78.0,956.0,-175.0,0.419,-0.769,-0.49
2200.43,-81.0,958.0,-175.0,0.419,-0.839,-0.629
2200.62,-81.0,956.0,-176.0,0.49,-0.699,-0.629
2200.8,-78.0,956.0,-175.0,0.28,-0.839,-0.629
2200.98,-81.0,958.0,-176.0,0.49,-0.699,-0.49
2201.16,-79.0,956.0,-175.0,0.349,-0.769,-0.629
2201.34,-81.0,958.0,-175.0,0.419,-0.699,-0.56
2201.53,-78.0,957.0,-175.0,0.419,-0.839,-0.629
2201.71,-81.0,957.0,-178.0,0.419,-0.769,-0.49
2201.89,-81.0,958.0,-176.0,0.349,-0.839,-0.699
2202.7,-80.0,956.0,-177.0,0.419,-0.769,-0.56
2202.26,-80.0,958.0,-176.0,0.349,-0.769,-0.56
2202.44,-82.0,958.0,-175.0,0.419,-0.769,-0.629
2202.62,-79.0,956.0,-177.0,0.419,-0.699,-0.56
2202.8,-80.0,958.0,-175.0,0.49,-0.839,-0.56
2202.99,-80.0,957.0,-176.0,0.419,-0.699,-0.49
2203.17,-79.0,955.0,-177.0,0.49,-0.769,-0.56
2203.35,-81.0,957.0,-177.0,0.419,-0.699,-0.49
2208.9,-81.0,957.0,-175.0,0.56,-0.699,-0.49
2208.27,-79.0,958.0,-175.0,0.28,-0.769,-0.629
2208.45,-81.0,958.0,-176.0,0.49,-0.699,-0.49
2208.64,-79.0,956.0,-176.0,0.28,-0.839,-0.56
2208.82,-83.0,958.0,-176.0,0.56,-0.699,-0.56
2209.0,-77.0,956.0,-176.0,0.349,-0.839,-0.629
2209.18,-79.0,958.0,-175.0,0.56,-0.769,-0.49
2209.36,-76.0,956.0,-176.0,0.349,-0.699,-0.49
2209.55,-81.0,957.0,-175.0,0.419,-0.769,-0.56
2209.73,-80.0,958.0,-174.0,0.349,-0.769,-0.699
2209.91,-80.0,954.0,-178.0,0.49,-0.49,-0.419
2210.9,-83.0,960.0,-175.0,0.349,-0.91,-0.769
2210.28,-76.0,955.0,-177.0,0.49,-0.56,-0.349
2210.46,-83.0,959.0,-175.0,0.419,-0.839,-0.629
2210.64,-76.0,955.0,-177.0,0.349,-0.629,-0.419
2210.82,-84.0,959.0,-176.0,0.419,-0.839,-0.56
2211.0,-78.0,957.0,-178.0,0.49,-0.769,-0.56
2211.19,-81.0,957.0,-178.0,0.49,-0.699,-0.49
2211.37,-81.0,957.0,-176.0,0.28,-0.769,-0.56
2211.55,-79.0,956.0,-177.0,0.49,-0.699,-0.49
2211.73,-80.0,957.0,-175.0,0.349,-0.699,-0.49
2211.92,-80.0,957.0,-176.0,0.419,-0.769,-0.49
2212.1,-79.0,958.0,-175.0,0.349,-0.769,-0.56
2212.28,-80.0,958.0,-176.0,0.349,-0.769,-0.49
2212.46,-80.0,957.0,-175.0,0.419,-0.839,-0.56
2212.65,-79.0,957.0,-175.0,0.349,-0.769,-0.49
2212.83,-80.0,958.0,-176.0,0.419,-0.769,-0.49
2213.1,-81.0,957.0,-177.0,0.349,-0.699,-0.56
2213.19,-79.0,958.0,-176.0,0.49,-0.699,-0.49
2213.37,-80.0,957.0,-174.0,0.349,-0.699,-0.56
2213.56,-79.0,958.0,-175.0,0.419,-0.699,-0.49
2213.74,-81.0,957.0,-176.0,0.419,-0.769,-0.56
2213.92,-81.0,956.0,-176.0,0.419,-0.769,-0.49
2214.1,-78.0,957.0,-176.0,0.419,-0.839,-0.629
2214.29,-80.0,957.0,-176.0,0.56,-0.629,-0.419
2214.47,-79.0,956.0,-177.0,0.349,-0.769,-0.629
2214.65,-81.0,958.0,-176.0,0.56,-0.629,-0.49
2214.83,-82.0,957.0,-177.0,0.49,-0.699,-0.629
2215.1,-81.0,957.0,-176.0,0.349,-0.699,-0.629
2215.2,-79.0,958.0,-175.0,0.349,-0.699,-0.629
2215.38,-81.0,957.0,-176.0,0.28,-0.699,-0.49
2215.56,-80.0,957.0,-174.0,0.419,-0.769,-0.56
2215.74,-80.0,956.0,-176.0,0.49,-0.699,-0.419
2215.93,-81.0,958.0,-174.0,0.349,-0.769,-0.56
2216.11,-78.0,957.0,-176.0,0.49,-0.769,-0.56
2216.29,-80.0,957.0,-176.0,0.419,-0.699,-0.49
2216.47,-79.0,956.0,-176.0,0.49,-0.769,-0.49
2216.66,-80.0,958.0,-175.0,0.419,-0.699,-0.56
2216.84,-79.0,956.0,-177.0,0.419,-0.699,-0.49
2217.2,-81.0,957.0,-176.0,0.349,-0.839,-0.629
2217.2,-79.0,956.0,-177.0,0.419,-0.699,-0.56
2217.38,-80.0,956.0,-177.0,0.419,-0.769,-0.49
2217.57,-81.0,957.0,-176.0,0.419,-0.699,-0.629
2217.75,-79.0,957.0,-175.0,0.349,-0.769,-0.56
2217.93,-81.0,958.0,-177.0,0.49,-0.769,-0.56
2218.11,-80.0,958.0,-176.0,0.419,-0.769,-0.56
2218.3,-81.0,957.0,-177.0,0.419,-0.769,-0.629
2218.48,-78.0,956.0,-176.0,0.419,-0.769,-0.419
2218.66,-81.0,957.0,-177.0,0.49,-0.769,-0.56
2218.84,-80.0,957.0,-175.0,0.419,-0.839,-0.629
2219.3,-80.0,956.0,-176.0,0.419,-0.699,-0.56
2219.21,-81.0,958.0,-176.0,0.349,-0.699,-0.629
2219.39,-81.0,957.0,-176.0,0.419,-0.699,-0.49
2219.57,-79.0,959.0,-175.0,0.349,-0.769,-0.56
2219.75,-80.0,957.0,-175.0,0.49,-0.629,-0.49
2219.94,-81.0,957.0,-176.0,0.419,-0.839,-0.629
2220.12,-81.0,957.0,-178.0,0.49,-0.769,-0.49
2220.3,-81.0,958.0,-177.0,0.349,-0.91,-0.629
2220.48,-79.0,956.0,-176.0,0.419,-0.56,-0.49
2220.67,-80.0,958.0,-176.0,0.419,-0.699,-0.49
2220.85,-81.0,958.0,-176.0,0.49,-0.769,-0.629
2221.3,-79.0,956.0,-176.0,0.28,-0.699,-0.56
2221.21,-79.0,958.0,-175.0,0.419,-0.769,-0.56
2221.39,-78.0,957.0,-177.0,0.349,-0.699,-0.49
2221.58,-81.0,957.0,-176.0,0.56,-0.699,-0.49
2221.76,-79.0,956.0,-175.0,0.349,-0.769,-0.629
2221.94,-81.0,957.0,-177.0,0.419,-0.629,-0.49
2222.12,-81.0,956.0,-176.0,0.419,-0.839,-0.56
2222.31,-80.0,958.0,-176.0,0.349,-0.699,-0.49
2222.49,-80.0,956.0,-178.0,0.419,-0.629,-0.56
2222.67,-82.0,959.0,-176.0,0.49,-0.769,-0.699
2222.85,-77.0,956.0,-176.0,0.419,-0.629,-0.49
2223.4,-85.0,959.0,-175.0,0.28,-0.839,-0.699
2223.22,-76.0,956.0,-177.0,0.419,-0.699,-0.629
2223.4,-81.0,958.0,-175.0,0.49,-0.769,-0.419
2223.58,-78.0,957.0,-175.0,0.349,-0.91,-0.769
2223.76,-78.0,957.0,-176.0,0.49,-0.629,-0.419
2223.95,-83.0,958.0,-175.0,0.49,-0.839,-0.629
2224.13,-78.0,957.0,-176.0,0.419,-0.699,-0.56
2224.31,-82.0,958.0,-176.0,0.419,-0.839,-0.629
2224.49,-77.0,957.0,-176.0,0.349,-0.769,-0.56
2224.68,-81.0,958.0,-176.0,0.419,-0.699,-0.49
2224.86,-78.0,957.0,-176.0,0.349,-0.839,-0.56
2225.4,-82.0,958.0,-176.0,0.49,-0.629,-0.49
2225.22,-81.0,958.0,-175.0,0.349,-0.91,-0.699
2225.4,-78.0,956.0,-176.0,0.419,-0.699,-0.49
2225.59,-82.0,958.0,-175.0,0.349,-0.769,-0.629
2225.77,-79.0,955.0,-176.0,0.49,-0.769,-0.49
2225.95,-82.0,958.0,-176.0,0.419,-0.839,-0.56
2226.13,-79.0,957.0,-175.0,0.49,-0.769,-0.56
2226.32,-81.0,957.0,-175.0,0.419,-0.699,-0.56
2226.5,-81.0,958.0,-176.0,0.49,-0.769,-0.699
2226.68,-78.0,957.0,-174.0,0.56,-0.769,-0.49
2226.86,-81.0,957.0,-174.0,0.349,-0.629,-0.56
2231.42,-76.0,955.0,-176.0,0.49,-0.699,-0.49
2231.6,-83.0,957.0,-175.0,0.419,-0.629,-0.56
2231.78,-80.0,956.0,-175.0,0.349,-0.769,-0.699
2231.97,-79.0,957.0,-176.0,0.349,-0.56,-0.49
2232.15,-82.0,956.0,-175.0,0.349,-0.769,-0.629
2232.33,-79.0,957.0,-175.0,0.349,-0.699,-0.49
2232.51,-84.0,960.0,-174.0,0.49,-0.839,-0.56
2232.7,-78.0,958.0,-174.0,0.28,-0.839,-0.629
2232.88,-81.0,957.0,-176.0,0.56,-0.629,-0.419
2233.6,-82.0,959.0,-176.0,0.349,-0.91,-0.699
2233.24,-78.0,956.0,-176.0,0.349,-0.699,-0.419
2233.42,-84.0,957.0,-176.0,0.49,-0.699,-0.56
2233.61,-79.0,958.0,-177.0,0.349,-0.769,-0.629
2233.79,-81.0,958.0,-176.0,0.419,-0.629,-0.56
2233.97,-78.0,957.0,-177.0,0.349,-0.769,-0.629
2234.15,-82.0,957.0,-176.0,0.49,-0.629,-0.419
2234.34,-80.0,957.0,-176.0,0.28,-0.839,-0.699
2234.52,-82.0,958.0,-176.0,0.56,-0.699,-0.49
2234.7,-80.0,957.0,-176.0,0.49,-0.769,-0.56
2234.88,-80.0,956.0,-177.0,0.49,-0.699,-0.49
2235.7,-80.0,957.0,-177.0,0.349,-0.839,-0.56
2235.25,-80.0,956.0,-177.0,0.49,-0.629,-0.56
2235.43,-81.0,957.0,-177.0,0.419,-0.769,-0.56
2235.61,-79.0,958.0,-176.0,0.419,-0.769,-0.56
2235.79,-80.0,957.0,-176.0,0.49,-0.769,-0.56
2235.98,-80.0,957.0,-176.0,0.349,-0.839,-0.629
2236.16,-77.0,956.0,-176.0,0.56,-0.699,-0.49
2236.34,-83.0,959.0,-175.0,0.419,-0.769,-0.56
2236.52,-77.0,955.0,-177.0,0.349,-0.629,-0.49
2236.71,-83.0,958.0,-176.0,0.49,-0.839,-0.56
2236.89,-78.0,957.0,-174.0,0.419,-0.769,-0.419
2237.7,-84.0,960.0,-175.0,0.349,-0.629,-0.56
2238.16,-81.0,957.0,-176.0,0.49,-0.769,-0.56
2238.35,-80.0,958.0,-176.0,0.49,-0.699,-0.49
2238.53,-79.0,955.0,-176.0,0.419,-0.91,-0.629
2238.71,-79.0,956.0,-176.0,0.629,-0.98,-0.699
2238.89,-76.0,957.0,-175.0,0.28,-0.769,-0.629
2239.7,-82.0,955.0,-177.0,0.419,-0.769,-0.699
2239.26,-76.0,957.0,-176.0,0.49,-0.98,-0.769
2239.44,-75.0,957.0,-176.0,0.349,-0.49,-0.419
2239.62,-85.0,958.0,-176.0,0.419,-0.839,-0.699
2239.8,-77.0,958.0,-176.0,0.349,-0.98,-0.699
2239.99,-80.0,958.0,-175.0,0.419,-0.699,-0.49
2240.17,-82.0,957.0,-177.0,0.419,-0.769,-0.56
2240.35,-78.0,958.0,-176.0,0.419,-0.769,-0.56
2240.53,-80.0,956.0,-177.0,0.419,-0.629,-0.419
2240.72,-81.0,959.0,-175.0,0.419,-0.91,-0.699
2240.9,-76.0,957.0,-175.0,0.349,-0.629,-0.56
2241.8,-85.0,958.0,-177.0,0.49,-0.699,-0.49
2241.26,-78.0,957.0,-177.0,0.419,-0.91,-0.629
2241.44,-79.0,958.0,-177.0,0.49,-0.629,-0.349
2241.63,-81.0,957.0,-178.0,0.419,-0.839,-0.56
2241.81,-79.0,957.0,-179.0,0.49,-0.769,-0.49
2241.99,-79.0,958.0,-178.0,0.349,-0.769,-0.56
2242.17,-82.0,957.0,-178.0,0.49,-0.769,-0.56
2242.36,-79.0,957.0,-176.0,0.349,-0.91,-0.699
2242.54,-81.0,956.0,-178.0,0.49,-0.629,-0.419
2242.72,-83.0,959.0,-176.0,0.28,-0.91,-0.699
2242.9,-77.0,955.0,-176.0,0.419,-0.629,-0.419
2243.8,-83.0,958.0,-176.0,0.419,-0.769,-0.56
2243.27,-77.0,956.0,-176.0,0.349,-0.839,-0.49
2243.45,-81.0,959.0,-175.0,0.49,-0.699,-0.56
2243.63,-78.0,955.0,-176.0,0.349,-0.769,-0.56
2243.81,-83.0,958.0,-176.0,0.56,-0.769,-0.56
2244.0,-73.0,955.0,-176.0,0.349,-0.699,-0.56
2244.18,-82.0,956.0,-178.0,0.56,-0.769,-0.49
2244.36,-77.0,959.0,-176.0,0.28,-0.91,-0.839
2244.54,-78.0,955.0,-178.0,0.49,-0.419,-0.209
2244.72,-83.0,957.0,-178.0,0.349,-0.839,-0.56
2244.91,-76.0,956.0,-177.0,0.419,-0.699,-0.49
2245.9,-80.0,957.0,-175.0,0.419,-0.699,-0.419
2245.27,-80.0,957.0,-176.0,0.419,-0.699,-0.56
2245.45,-78.0,957.0,-176.0,0.419,-0.699,-0.49
2245.64,-82.0,958.0,-177.0,0.419,-0.699,-0.49
2245.82,-78.0,956.0,-176.0,0.419,-0.769,-0.629
2246.0,-81.0,957.0,-177.0,0.49,-0.699,-0.419
2246.18,-79.0,957.0,-178.0,0.349,-0.839,-0.629
2246.37,-81.0,956.0,-178.0,0.49,-0.56,-0.419
2246.55,-81.0,956.0,-177.0,0.419,-0.839,-0.629
2246.73,-79.0,955.0,-177.0,0.56,-0.699,-0.49
2246.91,-80.0,958.0,-175.0,0.419,-0.91,-0.699
2247.9,-78.0,956.0,-176.0,0.49,-0.629,-0.49
2247.28,-81.0,958.0,-175.0,0.349,-0.839,-0.629
2247.46,-79.0,955.0,-175.0,0.419,-0.699,-0.419
2247.64,-81.0,958.0,-176.0,0.419,-0.769,-0.629
2247.82,-80.0,956.0,-176.0,0.49,-0.699,-0.49
2248.1,-80.0,957.0,-175.0,0.419,-0.769,-0.56
2248.19,-79.0,957.0,-175.0,0.419,-0.699,-0.49
2248.37,-80.0,956.0,-176.0,0.349,-0.769,-0.56
2248.55,-80.0,957.0,-175.0,0.419,-0.699,-0.49
2248.73,-82.0,958.0,-175.0,0.419,-0.839,-0.699
2248.92,-78.0,957.0,-176.0,0.419,-0.769,-0.56
2249.1,-81.0,958.0,-175.0,0.419,-0.629,-0.419
2249.28,-80.0,958.0,-176.0,0.49,-0.839,-0.699
2249.46,-78.0,956.0,-176.0,0.419,-0.769,-0.49
2249.65,-82.0,957.0,-176.0,0.419,-0.699,-0.56
2249.83,-81.0,957.0,-175.0,0.49,-0.769,-0.56
2250.1,-79.0,958.0,-175.0,0.419,-0.769,-0.56
2250.19,-81.0,956.0,-176.0,0.49,-0.699,-0.56
2250.37,-80.0,958.0,-175.0,0.49,-0.839,-0.56
2250.56,-80.0,956.0,-175.0,0.419,-0.769,-0.49
2250.74,-82.0,958.0,-175.0,0.349,-0.769,-0.56
2250.92,-79.0,956.0,-176.0,0.419,-0.769,-0.56
2251.1,-81.0,958.0,-176.0,0.49,-0.769,-0.56
2251.29,-78.0,956.0,-176.0,0.349,-0.769,-0.56
2251.47,-81.0,957.0,-175.0,0.419,-0.629,-0.49
2251.65,-81.0,957.0,-177.0,0.419,-0.769,-0.56
2251.83,-79.0,957.0,-176.0,0.419,-0.769,-0.56
2252.1,-80.0,956.0,-176.0,0.419,-0.699,-0.49
2252.2,-81.0,958.0,-176.0,0.349,-0.769,-0.56
2252.38,-79.0,957.0,-176.0,0.419,-0.699,-0.56
2252.56,-81.0,957.0,-176.0,0.419,-0.769,-0.56
2252.74,-78.0,957.0,-176.0,0.349,-0.769,-0.49
2252.93,-81.0,956.0,-177.0,0.49,-0.699,-0.49
2253.11,-81.0,959.0,-176.0,0.56,-0.769,-0.629
2253.29,-78.0,956.0,-177.0,0.349,-0.769,-0.56
2253.47,-81.0,958.0,-177.0,0.49,-0.769,-0.56
2256.75,-81.0,957.0,-177.0,0.49,-0.699,-0.56
2256.94,-80.0,957.0,-177.0,0.419,-0.769,-0.629
2257.12,-80.0,957.0,-176.0,0.349,-0.769,-0.49
2257.3,-81.0,956.0,-176.0,0.419,-0.699,-0.49
2257.48,-81.0,958.0,-176.0,0.419,-0.769,-0.629
2257.66,-80.0,957.0,-176.0,0.49,-0.769,-0.49
2257.85,-79.0,957.0,-176.0,0.419,-0.769,-0.56
2258.3,-80.0,956.0,-177.0,0.49,-0.769,-0.49
2258.21,-80.0,957.0,-176.0,0.419,-0.769,-0.629
2258.39,-79.0,956.0,-177.0,0.419,-0.699,-0.56
2263.68,-80.0,957.0,-177.0,0.49,-0.699,-0.49
2263.86,-80.0,957.0,-177.0,0.419,-0.769,-0.56
2264.4,-80.0,957.0,-177.0,0.419,-0.699,-0.56
2264.22,-80.0,958.0,-177.0,0.419,-0.769,-0.419
2264.41,-78.0,957.0,-179.0,0.349,-0.769,-0.56
2264.59,-80.0,957.0,-178.0,0.419,-0.699,-0.56
2264.77,-79.0,956.0,-179.0,0.49,-0.769,-0.56
2264.95,-83.0,956.0,-179.0,0.419,-0.699,-0.419
2265.14,-80.0,958.0,-177.0,0.28,-0.769,-0.56
2265.32,-80.0,956.0,-178.0,0.49,-0.699,-0.419
2270.6,-82.0,958.0,-174.0,0.419,-0.839,-0.699
2270.24,-77.0,957.0,-175.0,0.419,-0.699,-0.56
2270.42,-80.0,959.0,-176.0,0.49,-0.769,-0.49
2270.6,-79.0,956.0,-177.0,0.349,-0.699,-0.56
2270.79,-81.0,957.0,-176.0,0.49,-0.769,-0.629
2270.97,-76.0,956.0,-176.0,0.349,-0.699,-0.49
2271.15,-82.0,958.0,-176.0,0.56,-0.629,-0.56
2271.33,-77.0,956.0,-175.0,0.28,-0.769,-0.56
2271.51,-83.0,958.0,-176.0,0.49,-0.629,-0.419
2271.7,-78.0,958.0,-176.0,0.349,-0.91,-0.629
2271.88,-78.0,956.0,-176.0,0.49,-0.56,-0.28
2272.6,-82.0,958.0,-175.0,0.419,-0.839,-0.629
2272.24,-79.0,957.0,-176.0,0.49,-0.629,-0.49
2272.43,-79.0,958.0,-175.0,0.419,-0.699,-0.49
2272.61,-78.0,955.0,-176.0,0.49,-0.699,-0.349
2272.79,-83.0,958.0,-176.0,0.349,-0.769,-0.56
2272.97,-79.0,957.0,-176.0,0.349,-0.699,-0.49
2273.15,-81.0,958.0,-175.0,0.49,-0.699,-0.419
2273.34,-81.0,957.0,-176.0,0.419,-0.769,-0.629
2273.52,-79.0,958.0,-176.0,0.49,-0.839,-0.56
2273.7,-80.0,958.0,-176.0,0.49,-0.699,-0.349
2273.88,-82.0,958.0,-177.0,0.49,-0.769,-0.56
2274.7,-78.0,957.0,-177.0,0.419,-0.699,-0.49
2274.25,-81.0,957.0,-177.0,0.49,-0.699,-0.56
2274.43,-79.0,958.0,-176.0,0.349,-0.769,-0.56
2274.61,-80.0,956.0,-176.0,0.419,-0.699,-0.419
2274.8,-80.0,957.0,-177.0,0.419,-0.769,-0.56
2274.98,-82.0,957.0,-176.0,0.419,-0.699,-0.629
2275.16,-81.0,959.0,-176.0,0.419,-0.839,-0.699
2275.34,-80.0,957.0,-176.0,0.49,-0.629,-0.56
2275.52,-81.0,957.0,-176.0,0.49,-0.769,-0.629
2275.71,-78.0,957.0,-176.0,0.419,-0.769,-0.629
2275.89,-80.0,957.0,-177.0,0.49,-0.699,-0.56
2276.7,-80.0,957.0,-177.0,0.349,-0.699,-0.629
2276.25,-79.0,957.0,-175.0,0.49,-0.699,-0.49
2276.44,-80.0,958.0,-175.0,0.349,-0.839,-0.56
2276.62,-79.0,956.0,-176.0,0.49,-0.769,-0.49
2276.8,-81.0,957.0,-176.0,0.49,-0.769,-0.629
2276.98,-79.0,957.0,-176.0,0.419,-0.629,-0.49
2277.16,-81.0,958.0,-175.0,0.49,-0.699,-0.56
2277.35,-81.0,957.0,-176.0,0.49,-0.769,-0.56
2277.53,-80.0,956.0,-176.0,0.349,-0.769,-0.629
2277.71,-79.0,956.0,-175.0,0.419,-0.629,-0.419
2277.89,-81.0,958.0,-176.0,0.419,-0.769,-0.56
2278.8,-81.0,957.0,-176.0,0.419,-0.769,-0.56
2278.26,-80.0,958.0,-175.0,0.419,-0.769,-0.56
2278.44,-81.0,958.0,-176.0,0.49,-0.769,-0.49
2278.62,-81.0,958.0,-175.0,0.419,-0.769,-0.56
2278.8,-79.0,957.0,-174.0,0.419,-0.699,-0.49
2278.99,-80.0,958.0,-174.0,0.419,-0.699,-0.56
2279.17,-80.0,958.0,-176.0,0.49,-0.769,-0.56
2279.35,-81.0,957.0,-175.0,0.419,-0.699,-0.56
2279.53,-80.0,958.0,-176.0,0.419,-0.699,-0.56
2279.72,-81.0,957.0,-175.0,0.49,-0.699,-0.56
2279.9,-80.0,957.0,-175.0,0.349,-0.769,-0.49
2280.8,-80.0,958.0,-176.0,0.419,-0.699,-0.56
2280.26,-79.0,956.0,-176.0,0.349,-0.769,-0.49
2280.45,-80.0,958.0,-175.0,0.49,-0.699,-0.419
2280.63,-80.0,957.0,-175.0,0.349,-0.769,-0.56
2280.81,-80.0,957.0,-176.0,0.49,-0.699,-0.56
2280.99,-80.0,956.0,-176.0,0.419,-0.769,-0.56
2281.17,-81.0,957.0,-176.0,0.419,-0.699,-0.56
2281.36,-80.0,958.0,-175.0,0.419,-0.769,-0.629
2281.54,-79.0,957.0,-176.0,0.49,-0.769,-0.56
2281.72,-81.0,958.0,-175.0,0.419,-0.699,-0.419
2281.9,-81.0,957.0,-176.0,0.49,-0.769,-0.56
2282.9,-79.0,958.0,-176.0,0.419,-0.769,-0.629
2282.27,-80.0,957.0,-176.0,0.419,-0.699,-0.56
2282.45,-81.0,957.0,-175.0,0.349,-0.839,-0.629
2282.63,-79.0,956.0,-176.0,0.419,-0.629,-0.49
2283.54,-80.0,956.0,-177.0,0.56,-0.699,-0.49
2283.73,-79.0,958.0,-177.0,0.28,-0.839,-0.56
2283.91,-83.0,958.0,-177.0,0.49,-0.699,-0.56
2284.9,-79.0,958.0,-176.0,0.349,-0.91,-0.699
2284.27,-81.0,957.0,-177.0,0.49,-0.56,-0.349
2284.45,-83.0,959.0,-176.0,0.349,-0.98,-0.769
2284.64,-76.0,955.0,-178.0,0.49,-0.629,-0.49
2284.82,-84.0,958.0,-176.0,0.419,-0.839,-0.629
2285.0,-77.0,956.0,-179.0,0.349,-0.769,-0.56
2285.18,-80.0,959.0,-175.0,0.49,-0.699,-0.49
2285.37,-81.0,959.0,-175.0,0.349,-0.769,-0.56
2285.55,-81.0,957.0,-176.0,0.349,-0.629,-0.56
2285.73,-81.0,958.0,-177.0,0.419,-0.839,-0.56
2285.91,-81.0,957.0,-177.0,0.49,-0.699,-0.49
2286.1,-82.0,956.0,-177.0,0.49,-0.769,-0.629
2286.28,-81.0,957.0,-177.0,0.419,-0.699,-0.49
2286.46,-80.0,957.0,-176.0,0.349,-0.699,-0.49
2286.64,-81.0,958.0,-175.0,0.419,-0.699,-0.56
2286.82,-79.0,959.0,-175.0,0.28,-0.839,-0.56
2287.1,-81.0,959.0,-176.0,0.419,-0.629,-0.56
2287.19,-80.0,957.0,-176.0,0.419,-0.839,-0.56
2287.37,-79.0,956.0,-176.0,0.49,-0.769,-0.49
2287.55,-80.0,957.0,-179.0,0.349,-0.769,-0.56
2287.74,-80.0,957.0,-177.0,0.49,-0.769,-0.56
2287.92,-79.0,957.0,-176.0,0.349,-0.769,-0.49
2288.1,-81.0,956.0,-177.0,0.349,-0.699,-0.49
2288.28,-82.0,957.0,-177.0,0.419,-0.769,-0.629
2288.46,-79.0,958.0,-176.0,0.419,-0.769,-0.56
2288.65,-80.0,957.0,-177.0,0.49,-0.699,-0.419
2288.83,-82.0,956.0,-178.0,0.49,-0.769,-0.49
2289.1,-81.0,956.0,-177.0,0.419,-0.839,-0.629
2289.19,-78.0,956.0,-177.0,0.419,-0.699,-0.49
2289.38,-82.0,958.0,-177.0,0.49,-0.769,-0.629
2289.56,-78.0,957.0,-177.0,0.349,-0.769,-0.56
2289.74,-81.0,959.0,-176.0,0.419,-0.629,-0.419
2289.92,-81.0,958.0,-176.0,0.28,-0.839,-0.629
2290.11,-80.0,957.0,-177.0,0.49,-0.769,-0.56
2290.29,-78.0,957.0,-176.0,0.419,-0.839,-0.629
2290.47,-79.0,956.0,-177.0,0.56,-0.629,-0.419
2290.65,-81.0,958.0,-177.0,0.349,-0.769,-0.629
2290.83,-80.0,957.0,-178.0,0.419,-0.699,-0.56
2291.93,-81.0,958.0,-177.0,0.56,-0.769,-0.56
2292.11,-81.0,957.0,-178.0,0.419,-0.839,-0.629
2292.29,-79.0,957.0,-176.0,0.419,-0.769,-0.56
2292.47,-79.0,956.0,-177.0,0.349,-0.699,-0.49
2292.66,-80.0,957.0,-175.0,0.419,-0.769,-0.56
2292.84,-79.0,957.0,-176.0,0.419,-0.699,-0.49
2293.2,-80.0,956.0,-177.0,0.349,-0.629,-0.49
2293.2,-85.0,960.0,-176.0,0.419,-0.769,-0.56
2293.39,-75.0,956.0,-177.0,0.419,-0.769,-0.56
2293.57,-83.0,958.0,-176.0,0.49,-0.699,-0.419
2293.75,-79.0,956.0,-175.0,0.349,-0.769,-0.56
2293.93,-80.0,957.0,-176.0,0.419,-0.699,-0.629
2299.77,-79.0,956.0,-176.0,0.349,-0.839,-0.56
2299.95,-80.0,957.0,-176.0,0.629,-0.629,-0.49
2300.13,-78.0,956.0,-176.0,0.349,-0.839,-0.699
2300.31,-80.0,955.0,-178.0,0.56,-0.56,-0.349
2300.5,-81.0,959.0,-175.0,0.349,-0.91,-0.769
2300.68,-76.0,955.0,-177.0,0.49,-0.56,-0.349
2300.86,-85.0,959.0,-173.0,0.28,-0.91,-0.769
2301.4,-78.0,955.0,-176.0,0.49,-0.629,-0.419
2301.22,-84.0,959.0,-174.0,0.49,-0.839,-0.629
2301.41,-76.0,955.0,-177.0,0.419,-0.769,-0.419
2301.59,-83.0,958.0,-174.0,0.419,-0.839,-0.629
2301.77,-79.0,955.0,-178.0,0.56,-0.56,-0.49
2307.61,-79.0,958.0,-177.0,0.419,-0.769,-0.56
2307.79,-81.0,957.0,-177.0,0.49,-0.699,-0.49
2307.97,-80.0,956.0,-178.0,0.49,-0.769,-0.56
2308.15,-81.0,957.0,-178.0,0.49,-0.699,-0.49
2308.33,-79.0,957.0,-177.0,0.349,-0.699,-0.56
2308.52,-81.0,958.0,-176.0,0.419,-0.769,-0.49
2308.7,-79.0,957.0,-177.0,0.419,-0.769,-0.56
2308.88,-81.0,959.0,-176.0,0.49,-0.699,-0.56
2309.6,-79.0,956.0,-175.0,0.49,-0.769,-0.56
2309.25,-81.0,957.0,-176.0,0.49,-0.699,-0.49
2309.43,-80.0,958.0,-176.0,0.419,-0.769,-0.56
2309.61,-80.0,956.0,-177.0,0.49,-0.699,-0.56
2309.79,-80.0,957.0,-177.0,0.419,-0.629,-0.56
2309.98,-79.0,957.0,-175.0,0.419,-0.699,-0.49
2310.16,-81.0,957.0,-176.0,0.419,-0.699,-0.49
2310.34,-80.0,958.0,-175.0,0.419,-0.769,-0.56
2310.52,-79.0,956.0,-176.0,0.49,-0.699,-0.56
2310.7,-81.0,958.0,-176.0,0.349,-0.839,-0.699
2310.89,-77.0,956.0,-177.0,0.419,-0.699,-0.49
2311.98,-81.0,958.0,-175.0,0.419,-0.629,-0.49
2312.16,-82.0,957.0,-175.0,0.419,-0.699,-0.56
2312.34,-79.0,956.0,-176.0,0.49,-0.769,-0.56
2312.53,-81.0,957.0,-176.0,0.419,-0.769,-0.56
2312.71,-81.0,957.0,-175.0,0.419,-0.699,-0.56
2312.89,-79.0,957.0,-176.0,0.419,-0.769,-0.629
2313.7,-78.0,957.0,-175.0,0.419,-0.699,-0.56
2313.26,-81.0,958.0,-176.0,0.419,-0.839,-0.629
2313.44,-75.0,957.0,-176.0,0.49,-0.769,-0.49
2313.62,-82.0,958.0,-176.0,0.349,-0.629,-0.49
2319.27,-80.0,957.0,-177.0,0.419,-0.769,-0.629
2319.45,-80.0,957.0,-177.0,0.49,-0.629,-0.49
2319.64,-80.0,957.0,-175.0,0.349,-0.839,-0.629
2319.82,-79.0,956.0,-177.0,0.49,-0.56,-0.349
2320.0,-83.0,959.0,-175.0,0.349,-0.91,-0.769
2320.18,-76.0,955.0,-177.0,0.49,-0.56,-0.349
2320.36,-83.0,960.0,-175.0,0.349,-0.839,-0.629
2320.55,-76.0,957.0,-177.0,0.419,-0.699,-0.56
2320.73,-81.0,957.0,-177.0,0.49,-0.629,-0.49
2320.91,-81.0,959.0,-175.0,0.349,-0.839,-0.699
2321.9,-81.0,956.0,-177.0,0.629,-0.56,-0.349
2326.2,-79.0,957.0,-176.0,0.49,-0.629,-0.56
2326.2,-81.0,957.0,-176.0,0.349,-0.769,-0.629
2326.38,-80.0,957.0,-177.0,0.419,-0.699,-0.49
2326.56,-80.0,958.0,-176.0,0.349,-0.769,-0.56
2326.74,-81.0,958.0,-176.0,0.419,-0.699,-0.49
2326.93,-80.0,958.0,-177.0,0.419,-0.839,-0.56
2327.11,-80.0,957.0,-177.0,0.49,-0.699,-0.49
2327.29,-82.0,958.0,-176.0,0.419,-0.839,-0.699
2327.47,-79.0,956.0,-176.0,0.419,-0.699,-0.56
2327.66,-82.0,958.0,-174.0,0.419,-0.769,-0.629
2327.84,-80.0,958.0,-176.0,0.419,-0.699,-0.629
2328.2,-79.0,957.0,-176.0,0.349,-0.769,-0.49
2328.2,-80.0,958.0,-176.0,0.419,-0.769,-0.629
2328.38,-80.0,957.0,-176.0,0.49,-0.699,-0.49
2328.57,-80.0,958.0,-175.0,0.419,-0.839,-0.56
2328.75,-81.0,957.0,-176.0,0.49,-0.629,-0.419
2328.93,-80.0,957.0,-176.0,0.349,-0.769,-0.629
2329.11,-78.0,956.0,-177.0,0.419,-0.629,-0.49
2329.3,-83.0,959.0,-176.0,0.419,-0.769,-0.629
2329.48,-78.0,957.0,-176.0,0.349,-0.769,-0.56
2329.66,-82.0,957.0,-176.0,0.349,-0.699,-0.49
2329.84,-81.0,957.0,-176.0,0.419,-0.769,-0.56
2330.3,-80.0,957.0,-176.0,0.349,-0.629,-0.56
2330.21,-80.0,956.0,-175.0,0.49,-0.699,-0.49
2330.39,-81.0,957.0,-176.0,0.49,-0.699,-0.49
2330.57,-81.0,956.0,-176.0,0.419,-0.839,-0.629
2330.75,-79.0,957.0,-176.0,0.419,-0.769,-0.56
2330.94,-80.0,957.0,-176.0,0.419,-0.699,-0.49
2331.12,-80.0,957.0,-175.0,0.349,-0.839,-0.56
2331.3,-80.0,957.0,-176.0,0.349,-0.699,-0.56
2331.48,-79.0,957.0,-176.0,0.49,-0.769,-0.49
2331.67,-81.0,957.0,-176.0,0.49,-0.769,-0.56
2331.85,-79.0,957.0,-176.0,0.349,-0.699,-0.49
2332.3,-79.0,957.0,-175.0,0.419,-0.769,-0.56
2332.21,-80.0,958.0,-176.0,0.419,-0.699,-0.49
2332.39,-80.0,958.0,-176.0,0.349,-0.839,-0.629
2332.58,-79.0,956.0,-175.0,0.49,-0.56,-0.419
2332.76,-82.0,958.0,-177.0,0.419,-0.839,-0.699
2332.94,-78.0,957.0,-176.0,0.49,-0.629,-0.49
2333.12,-81.0,958.0,-176.0,0.49,-0.769,-0.56
2333.31,-80.0,956.0,-176.0,0.49,-0.699,-0.56
2333.49,-81.0,957.0,-175.0,0.49,-0.699,-0.56
2333.67,-80.0,957.0,-176.0,0.419,-0.769,-0.56
2333.85,-79.0,958.0,-176.0,0.419,-0.769,-0.629
2334.4,-79.0,957.0,-175.0,0.419,-0.699,-0.49
2334.22,-82.0,958.0,-175.0,0.419,-0.769,-0.629
2334.4,-77.0,956.0,-176.0,0.419,-0.769,-0.629
2334.58,-81.0,957.0,-176.0,0.419,-0.699,-0.49
2334.76,-80.0,957.0,-176.0,0.349,-0.699,-0.699
2334.95,-80.0,957.0,-176.0,0.419,-0.629,-0.49
2335.13,-81.0,958.0,-176.0,0.419,-0.769,-0.629
2335.31,-81.0,958.0,-174.0,0.28,-0.769,-0.56
2336.77,-79.0,957.0,-175.0,0.419,-0.769,-0.49
2336.95,-80.0,959.0,-174.0,0.419,-0.769,-0.56
2337.13,-79.0,956.0,-175.0,0.419,-0.839,-0.49
2337.32,-79.0,958.0,-175.0,0.419,-0.769,-0.56
2337.5,-81.0,956.0,-176.0,0.419,-0.699,-0.49
2337.68,-80.0,957.0,-176.0,0.349,-0.91,-0.699
2337.86,-80.0,957.0,-175.0,0.49,-0.629,-0.49
2338.5,-82.0,958.0,-175.0,0.419,-0.769,-0.629
2338.23,-79.0,957.0,-176.0,0.419,-0.699,-0.49
2338.41,-79.0,958.0,-176.0,0.49,-0.769,-0.49
2338.59,-81.0,957.0,-174.0,0.419,-0.769,-0.49
2338.77,-80.0,956.0,-177.0,0.49,-0.769,-0.56
2338.96,-82.0,958.0,-175.0,0.56,-0.769,-0.56
2339.14,-79.0,956.0,-176.0,0.419,-0.769,-0.49
2339.32,-80.0,957.0,-177.0,0.49,-0.699,-0.56
2339.5,-78.0,957.0,-176.0,0.349,-0.769,-0.56
2339.69,-80.0,957.0,-176.0,0.419,-0.629,-0.56
2339.87,-80.0,957.0,-175.0,0.349,-0.769,-0.56
2340.5,-80.0,957.0,-175.0,0.49,-0.699,-0.56
2340.96,-79.0,957.0,-175.0,0.349,-0.839,-0.629
2341.14,-79.0,956.0,-177.0,0.49,-0.629,-0.419
2341.33,-81.0,958.0,-175.0,0.28,-0.769,-0.56
2341.51,-80.0,956.0,-177.0,0.349,-0.629,-0.419
2341.69,-82.0,959.0,-176.0,0.49,-0.769,-0.56
2341.87,-76.0,955.0,-177.0,0.419,-0.699,-0.49
2342.6,-82.0,958.0,-176.0,0.56,-0.699,-0.49
2342.24,-77.0,956.0,-177.0,0.419,-0.769,-0.56
2342.42,-81.0,958.0,-176.0,0.49,-0.629,-0.419
2342.6,-78.0,957.0,-175.0,0.28,-0.91,-0.629
2348.7,-83.0,959.0,-175.0,0.419,-0.839,-0.56
2348.25,-78.0,956.0,-176.0,0.49,-0.769,-0.49
2348.43,-80.0,957.0,-178.0,0.49,-0.699,-0.49
2348.62,-80.0,956.0,-177.0,0.629,-0.629,-0.49
2348.8,-81.0,958.0,-176.0,0.349,-0.769,-0.629
2348.98,-79.0,956.0,-177.0,0.419,-0.629,-0.49
2349.16,-81.0,957.0,-176.0,0.28,-0.769,-0.49
2349.35,-79.0,956.0,-177.0,0.349,-0.769,-0.49
2349.53,-83.0,957.0,-174.0,0.419,-0.769,-0.49
2349.71,-80.0,958.0,-175.0,0.49,-0.699,-0.769
2349.89,-79.0,956.0,-177.0,0.56,-0.699,-0.56
2350.8,-81.0,956.0,-177.0,0.56,-0.769,-0.629
2355.54,-82.0,959.0,-175.0,0.49,-0.769,-0.629
2355.73,-76.0,956.0,-176.0,0.419,-0.629,-0.49
2355.91,-80.0,958.0,-175.0,0.419,-0.699,-0.56
2356.9,-78.0,957.0,-176.0,0.49,-0.769,-0.56
2356.27,-80.0,958.0,-175.0,0.419,-0.769,-0.56
2356.45,-78.0,958.0,-176.0,0.56,-0.629,-0.49
2356.64,-79.0,957.0,-177.0,0.419,-0.839,-0.629
2356.82,-80.0,957.0,-175.0,0.629,-0.629,-0.49
2357.0,-80.0,958.0,-176.0,0.419,-0.839,-0.56
2357.18,-80.0,956.0,-176.0,0.56,-0.839,-0.56
2357.37,-76.0,956.0,-176.0,0.28,-0.699,-0.49
2357.55,-81.0,958.0,-176.0,0.56,-0.629,-0.419
2357.73,-79.0,956.0,-176.0,0.349,-0.769,-0.629
2357.91,-79.0,957.0,-176.0,0.419,-0.699,-0.49
2358.9,-82.0,956.0,-177.0,0.419,-0.769,-0.56
2358.28,-80.0,956.0,-176.0,0.28,-0.839,-0.629
2358.46,-82.0,957.0,-176.0,0.419,-0.699,-0.49
2358.64,-81.0,957.0,-175.0,0.49,-0.769,-0.629
2358.82,-82.0,956.0,-177.0,0.49,-0.699,-0.419
2359.1,-82.0,958.0,-176.0,0.49,-0.769,-0.629
2359.19,-82.0,958.0,-176.0,0.49,-0.769,-0.56
2359.37,-81.0,957.0,-177.0,0.49,-0.769,-0.629
2359.55,-83.0,960.0,-174.0,0.28,-0.91,-0.629
2359.73,-79.0,955.0,-177.0,0.419,-0.49,-0.349
2359.92,-82.0,959.0,-173.0,0.209,-0.91,-0.699
2360.1,-79.0,957.0,-177.0,0.419,-0.419,-0.28
2360.28,-81.0,959.0,-175.0,0.209,-1.049,-0.839
2360.46,-77.0,957.0,-176.0,0.56,-0.629,-0.349
2360.65,-82.0,959.0,-175.0,0.349,-0.91,-0.629
2360.83,-77.0,956.0,-176.0,0.419,-0.769,-0.49
2361.1,-78.0,957.0,-177.0,0.419,-0.839,-0.419
2361.19,-82.0,958.0,-177.0,0.419,-0.839,-0.49
2361.37,-79.0,955.0,-177.0,0.49,-0.629,-0.49
2361.56,-83.0,958.0,-176.0,0.49,-0.699,-0.56
2361.74,-79.0,957.0,-174.0,0.28,-0.769,-0.56
2361.92,-84.0,958.0,-177.0,0.629,-0.56,-0.49
2362.1,-76.0,956.0,-175.0,0.209,-0.839,-0.629
2362.29,-86.0,959.0,-176.0,0.419,-0.49,-0.419
2362.47,-78.0,955.0,-177.0,0.28,-0.839,-0.699
2362.65,-81.0,957.0,-176.0,0.49,-0.629,-0.349
2362.83,-82.0,958.0,-175.0,0.209,-0.839,-0.699
2363.1,-79.0,956.0,-177.0,0.49,-0.699,-0.349
2363.2,-82.0,959.0,-176.0,0.28,-0.91,-0.629
2363.38,-77.0,955.0,-177.0,0.349,-0.699,-0.349
2363.56,-84.0,959.0,-176.0,0.419,-0.839,-0.56
2363.74,-77.0,956.0,-177.0,0.419,-0.699,-0.49
2363.93,-80.0,958.0,-175.0,0.28,-0.769,-0.56
2364.11,-79.0,957.0,-176.0,0.349,-0.769,-0.49
2364.29,-79.0,957.0,-177.0,0.419,-0.629,-0.49
2364.47,-81.0,958.0,-176.0,0.419,-0.839,-0.49
2364.66,-78.0,956.0,-177.0,0.49,-0.699,-0.419
2364.84,-80.0,957.0,-177.0,0.419,-0.699,-0.49
2365.2,-80.0,957.0,-178.0,0.349,-0.769,-0.56
2365.2,-77.0,956.0,-178.0,0.419,-0.629,-0.56
2365.38,-81.0,958.0,-175.0,0.349,-0.769,-0.56
2365.57,-79.0,957.0,-176.0,0.349,-0.699,-0.49
2365.75,-81.0,958.0,-174.0,0.419,-0.699,-0.56
2365.93,-80.0,957.0,-175.0,0.349,-0.629,-0.56
2366.11,-83.0,957.0,-176.0,0.419,-0.839,-0.56
2366.3,-79.0,955.0,-175.0,0.419,-0.769,-0.56
2367.39,-82.0,958.0,-175.0,0.419,-0.699,-0.56
2367.57,-80.0,957.0,-176.0,0.419,-0.769,-0.56
2367.75,-80.0,957.0,-175.0,0.49,-0.699,-0.56
2367.94,-80.0,957.0,-175.0,0.56,-0.769,-0.629
2368.12,-82.0,957.0,-176.0,0.419,-0.769,-0.56
2368.3,-80.0,957.0,-175.0,0.419,-0.699,-0.56
2368.48,-80.0,957.0,-176.0,0.419,-0.699,-0.49
2368.66,-79.0,958.0,-176.0,0.419,-0.839,-0.629
2368.85,-80.0,956.0,-176.0,0.419,-0.699,-0.49
2369.3,-79.0,957.0,-176.0,0.419,-0.839,-0.629
2369.21,-80.0,957.0,-175.0,0.419,-0.699,-0.49
2369.39,-80.0,956.0,-178.0,0.49,-0.699,-0.49
2369.58,-80.0,956.0,-178.0,0.49,-0.839,-0.56
2369.76,-82.0,958.0,-176.0,0.56,-0.769,-0.56
2369.94,-77.0,955.0,-177.0,0.349,-0.769,-0.49
2370.12,-81.0,959.0,-176.0,0.419,-0.839,-0.629
2370.31,-79.0,956.0,-176.0,0.28,-0.699,-0.49
2370.49,-82.0,956.0,-177.0,0.49,-0.769,-0.56
2370.67,-80.0,958.0,-175.0,0.349,-0.699,-0.699
2370.85,-81.0,958.0,-174.0,0.419,-0.699,-0.56
2371.3,-79.0,957.0,-175.0,0.419,-0.769,-0.49
2371.22,-80.0,959.0,-174.0,0.349,-0.839,-0.56
2371.4,-81.0,958.0,-175.0,0.56,-0.699,-0.419
2371.58,-79.0,957.0,-175.0,0.349,-0.91,-0.699
2371.76,-82.0,958.0,-178.0,0.629,-0.629,-0.49
2371.95,-81.0,957.0,-177.0,0.349,-0.839,-0.699
2372.13,-79.0,956.0,-176.0,0.419,-0.629,-0.49
2372.31,-81.0,958.0,-177.0,0.349,-0.769,-0.629
2372.49,-78.0,957.0,-174.0,0.209,-0.699,-0.49
2372.68,-81.0,960.0,-173.0,0.28,-0.769,-0.629
2372.86,-78.0,957.0,-175.0,0.28,-0.769,-0.49
2373.4,-81.0,959.0,-173.0,0.49,-0.839,-0.56
2373.22,-78.0,957.0,-176.0,0.49,-0.769,-0.419
2373.4,-82.0,958.0,-176.0,0.49,-0.769,-0.629
2374.32,-80.0,957.0,-175.0,0.349,-0.629,-0.56
2374.5,-80.0,958.0,-176.0,0.349,-0.769,-0.56
2374.68,-80.0,959.0,-176.0,0.49,-0.769,-0.49
2374.86,-80.0,957.0,-176.0,0.419,-0.839,-0.419
2375.5,-81.0,958.0,-175.0,0.49,-0.769,-0.56
2375.23,-80.0,956.0,-178.0,0.349,-0.699,-0.49
2375.41,-81.0,957.0,-177.0,0.49,-0.699,-0.629
2375.59,-78.0,956.0,-176.0,0.419,-0.769,-0.56
2375.77,-82.0,958.0,-175.0,0.28,-0.769,-0.49
2375.96,-78.0,957.0,-175.0,0.28,-0.769,-0.49
2376.14,-82.0,959.0,-175.0,0.49,-0.699,-0.56
2376.32,-79.0,958.0,-175.0,0.419,-0.839,-0.56
2382.15,-82.0,958.0,-176.0,0.419,-0.769,-0.629
2382.34,-78.0,956.0,-176.0,0.419,-0.699,-0.56
2382.52,-81.0,959.0,-175.0,0.419,-0.839,-0.629
2382.7,-82.0,958.0,-176.0,0.419,-0.769,-0.56
2382.88,-80.0,956.0,-176.0,0.419,-0.769,-0.56
2383.6,-80.0,958.0,-175.0,0.49,-0.769,-0.49
2383.25,-79.0,958.0,-175.0,0.349,-0.769,-0.629
2383.43,-80.0,956.0,-177.0,0.49,-0.629,-0.49
2383.61,-81.0,958.0,-175.0,0.419,-0.839,-0.699
2383.79,-80.0,958.0,-176.0,0.419,-0.769,-0.56
2383.98,-82.0,957.0,-177.0,0.56,-0.699,-0.56
2390.17,-81.0,957.0,-176.0,0.349,-0.769,-0.629
2390.36,-78.0,957.0,-175.0,0.419,-0.699,-0.56
2390.54,-80.0,957.0,-175.0,0.49,-0.699,-0.49
2390.72,-81.0,957.0,-176.0,0.349,-0.839,-0.49
2390.9,-81.0,957.0,-175.0,0.419,-0.699,-0.49
2391.9,-79.0,958.0,-175.0,0.419,-0.769,-0.49
2391.27,-81.0,956.0,-177.0,0.49,-0.629,-0.49
2391.45,-82.0,958.0,-176.0,0.49,-0.839,-0.629
2391.63,-77.0,956.0,-176.0,0.349,-0.699,-0.49
2391.81,-82.0,958.0,-176.0,0.419,-0.629,-0.49
2392.0,-80.0,956.0,-176.0,0.419,-0.769,-0.56
2392.18,-80.0,957.0,-176.0,0.349,-0.769,-0.49
2392.36,-81.0,957.0,-176.0,0.419,-0.769,-0.56
2392.54,-80.0,959.0,-174.0,0.349,-0.769,-0.56
2392.73,-80.0,958.0,-175.0,0.56,-0.699,-0.49
2392.91,-80.0,958.0,-174.0,0.349,-0.839,-0.56
2393.9,-81.0,958.0,-175.0,0.49,-0.699,-0.49
2393.27,-81.0,958.0,-175.0,0.419,-0.839,-0.629
2393.45,-81.0,959.0,-175.0,0.419,-0.839,-0.629
2393.64,-76.0,955.0,-177.0,0.419,-0.699,-0.49
2393.82,-82.0,959.0,-175.0,0.49,-0.839,-0.699
2394.0,-77.0,957.0,-175.0,0.349,-0.769,-0.56
2394.18,-80.0,956.0,-176.0,0.56,-0.699,-0.49
2394.37,-81.0,958.0,-176.0,0.419,-0.769,-0.629
2394.55,-77.0,955.0,-177.0,0.49,-0.629,-0.49
2394.73,-83.0,958.0,-176.0,0.49,-0.769,-0.629
2394.91,-77.0,958.0,-176.0,0.28,-0.769,-0.629
2395.1,-80.0,956.0,-177.0,0.419,-0.56,-0.349
2395.28,-83.0,958.0,-175.0,0.419,-0.839,-0.699
2395.46,-76.0,957.0,-177.0,0.349,-0.699,-0.419
2395.64,-83.0,959.0,-175.0,0.419,-0.699,-0.49
2395.82,-79.0,956.0,-178.0,0.419,-0.699,-0.56
2396.1,-80.0,958.0,-176.0,0.419,-0.699,-0.629
2396.19,-78.0,957.0,-176.0,0.49,-0.699,-0.56
2396.37,-81.0,956.0,-176.0,0.349,-0.769,-0.49
2396.55,-81.0,956.0,-176.0,0.49,-0.839,-0.49
2396.74,-79.0,957.0,-177.0,0.349,-0.699,-0.56
2398.1,-83.0,957.0,-177.0,0.419,-0.839,-0.629
2398.19,-77.0,957.0,-176.0,0.349,-0.839,-0.629
2398.38,-77.0,955.0,-175.0,0.419,-0.629,-0.349
2398.56,-85.0,959.0,-176.0,0.49,-0.839,-0.629
2398.74,-75.0,957.0,-175.0,0.349,-0.839,-0.56
2398.92,-81.0,957.0,-176.0,0.56,-0.699,-0.49
2399.11,-80.0,957.0,-177.0,0.349,-0.91,-0.56
2399.29,-79.0,957.0,-176.0,0.49,-0.699,-0.56
2399.47,-79.0,958.0,-175.0,0.49,-0.769,-0.49
2399.65,-79.0,958.0,-176.0,0.419,-0.769,-0.56
2405.85,-74.0,958.0,-175.0,0.28,-0.91,-0.699
2406.3,-79.0,957.0,-176.0,0.56,-0.629,-0.349
2406.21,-76.0,958.0,-175.0,0.28,-0.91,-0.699
2406.4,-75.0,955.0,-180.0,0.49,-0.49,-0.349
2406.58,-84.0,958.0,-176.0,0.49,-0.91,-0.629
2406.76,-73.0,955.0,-177.0,0.419,-0.769,-0.49
2406.94,-83.0,958.0,-176.0,0.419,-0.629,-0.349
2407.12,-84.0,956.0,-177.0,0.49,-0.839,-0.56
2407.31,-77.0,957.0,-176.0,0.419,-0.91,-0.699
2407.49,-80.0,956.0,-177.0,0.56,-0.56,-0.349
2407.67,-82.0,958.0,-176.0,0.49,-0.839,-0.629
2407.85,-80.0,956.0,-177.0,0.49,-0.769,-0.56
2408.4,-79.0,957.0,-176.0,0.349,-0.699,-0.49
2408.22,-77.0,955.0,-177.0,0.419,-0.699,-0.419
2408.4,-83.0,959.0,-176.0,0.28,-0.769,-0.56
2408.58,-77.0,956.0,-177.0,0.349,-0.629,-0.419
2408.76,-80.0,959.0,-177.0,0.28,-0.769,-0.629
2408.95,-75.0,956.0,-177.0,0.349,-0.769,-0.349
2409.13,-84.0,960.0,-176.0,0.28,-0.98,-0.629
2409.31,-73.0,954.0,-175.0,0.28,-0.699,-0.349
2409.49,-84.0,959.0,-177.0,0.419,-0.699,-0.56
2409.68,-75.0,956.0,-178.0,0.419,-0.839,-0.49
2409.86,-83.0,959.0,-176.0,0.56,-0.839,-0.56
2410.4,-78.0,955.0,-177.0,0.49,-0.769,-0.629
2410.22,-81.0,958.0,-177.0,0.49,-0.699,-0.49
2410.41,-82.0,956.0,-177.0,0.49,-0.769,-0.699
2410.59,-81.0,957.0,-177.0,0.49,-0.629,-0.56
2410.77,-79.0,955.0,-180.0,0.349,-0.839,-0.56
2410.95,-82.0,958.0,-176.0,0.56,-0.699,-0.56
2411.13,-77.0,955.0,-178.0,0.419,-0.629,-0.56
2411.32,-81.0,958.0,-176.0,0.419,-0.839,-0.629
2411.5,-75.0,956.0,-176.0,0.349,-0.839,-0.49
2411.68,-81.0,957.0,-177.0,0.49,-0.629,-0.349
2411.86,-82.0,958.0,-177.0,0.349,-0.91,-0.699
2412.5,-78.0,957.0,-177.0,0.49,-0.629,-0.56
2412.23,-80.0,957.0,-177.0,0.419,-0.699,-0.56
2412.41,-80.0,957.0,-177.0,0.349,-0.769,-0.49
2414.23,-78.0,955.0,-175.0,0.349,-0.629,-0.419
2414.42,-85.0,959.0,-174.0,0.419,-0.769,-0.629
2414.6,-77.0,956.0,-176.0,0.419,-0.699,-0.56
2414.78,-83.0,959.0,-175.0,0.49,-0.769,-0.629
2414.96,-78.0,957.0,-176.0,0.419,-0.769,-0.629
2415.14,-81.0,957.0,-176.0,0.49,-0.769,-0.56
2415.33,-78.0,956.0,-176.0,0.419,-0.839,-0.56
2415.51,-81.0,957.0,-176.0,0.49,-0.629,-0.49
2415.69,-80.0,957.0,-176.0,0.349,-0.839,-0.699
2415.87,-79.0,956.0,-177.0,0.49,-0.629,-0.56
2416.6,-79.0,958.0,-176.0,0.419,-0.769,-0.629
2422.43,-80.0,958.0,-177.0,0.419,-0.699,-0.56
2422.62,-79.0,957.0,-176.0,0.419,-0.769,-0.56
2422.8,-81.0,958.0,-176.0,0.56,-0.699,-0.56
2422.98,-79.0,958.0,-175.0,0.419,-0.769,-0.56
2423.16,-81.0,957.0,-176.0,0.49,-0.769,-0.56
2423.35,-79.0,958.0,-175.0,0.349,-0.769,-0.56
2423.53,-80.0,957.0,-176.0,0.49,-0.629,-0.49
2423.71,-80.0,957.0,-176.0,0.419,-0.839,-0.56
2423.89,-79.0,956.0,-175.0,0.49,-0.699,-0.49
2424.8,-80.0,957.0,-175.0,0.419,-0.769,-0.56
2429.18,-80.0,956.0,-176.0,0.349,-0.769,-0.56
2429.36,-80.0,957.0,-177.0,0.56,-0.699,-0.56
2429.54,-78.0,957.0,-175.0,0.419,-0.769,-0.56
2429.73,-82.0,957.0,-176.0,0.49,-0.699,-0.49
2429.91,-79.0,957.0,-175.0,0.419,-0.839,-0.629
2430.9,-80.0,956.0,-175.0,0.419,-0.699,-0.419
2430.27,-80.0,956.0,-176.0,0.419,-0.839,-0.629
2430.45,-77.0,958.0,-176.0,0.49,-0.769,-0.56
2430.64,-81.0,957.0,-176.0,0.419,-0.769,-0.56
2430.82,-79.0,957.0,-177.0,0.349,-0.699,-0.56
2431.0,-78.0,956.0,-175.0,0.419,-0.699,-0.49
2436.1,-79.0,958.0,-175.0,0.56,-0.699,-0.419
2436.29,-80.0,959.0,-174.0,0.49,-0.91,-0.629
2436.47,-78.0,958.0,-174.0,0.56,-0.91,-0.49
2436.65,-78.0,956.0,-177.0,0.56,-0.629,-0.349
2436.83,-86.0,959.0,-176.0,0.629,-0.839,-0.629
2437.2,-73.0,954.0,-178.0,0.349,-0.769,-0.629
2437.2,-84.0,956.0,-179.0,0.629,-0.56,-0.419
2437.38,-81.0,961.0,-173.0,0.349,-0.91,-0.769
2437.56,-73.0,951.0,-177.0,0.209,-0.49,-0.209
2437.74,-90.0,962.0,-173.0,0.419,-0.98,-0.769
2437.93,-73.0,956.0,-174.0,0.28,-0.769,-0.349
2438.11,-87.0,959.0,-175.0,0.49,-0.91,-0.629
2438.29,-76.0,956.0,-176.0,0.49,-0.699,-0.49
2438.47,-84.0,958.0,-176.0,0.56,-0.699,-0.629
2438.66,-78.0,955.0,-176.0,0.49,-0.769,-0.56
2438.84,-80.0,957.0,-175.0,0.349,-0.699,-0.419
2439.2,-80.0,957.0,-175.0,0.28,-0.769,-0.629
2439.2,-79.0,955.0,-176.0,0.49,-0.629,-0.49
2439.39,-83.0,959.0,-174.0,0.349,-0.769,-0.629
2439.57,-78.0,957.0,-175.0,0.349,-0.839,-0.629
2439.75,-79.0,956.0,-175.0,0.49,-0.699,-0.419
2439.93,-79.0,958.0,-175.0,0.349,-0.839,-0.629
2440.11,-82.0,957.0,-177.0,0.629,-0.699,-0.629
2440.3,-75.0,956.0,-177.0,0.28,-0.839,-0.629
2440.48,-83.0,955.0,-177.0,0.56,-0.419,-0.209
2440.66,-84.0,960.0,-174.0,0.209,-1.049,-0.91
2440.84,-75.0,954.0,-178.0,0.49,-0.56,-0.28
2441.3,-84.0,960.0,-174.0,0.419,-0.839,-0.699
2441.21,-76.0,955.0,-175.0,0.419,-0.699,-0.419
2441.39,-84.0,959.0,-175.0,0.419,-0.839,-0.56
2441.57,-78.0,956.0,-175.0,0.419,-0.699,-0.56
2441.75,-82.0,958.0,-174.0,0.49,-0.629,-0.49
2441.94,-78.0,956.0,-176.0,0.419,-0.699,-0.49
2442.12,-81.0,959.0,-175.0,0.49,-0.769,-0.629
2442.3,-76.0,956.0,-176.0,0.56,-0.769,-0.49
2442.48,-81.0,959.0,-175.0,0.56,-0.769,-0.56
2442.67,-79.0,957.0,-177.0,0.629,-0.56,-0.419
2442.85,-81.0,958.0,-176.0,0.419,-0.839,-0.629
2443.3,-79.0,956.0,-177.0,0.419,-0.699,-0.419
2443.21,-80.0,956.0,-177.0,0.49,-0.629,-0.56
2443.4,-79.0,957.0,-175.0,0.349,-0.699,-0.49
2443.58,-80.0,956.0,-176.0,0.49,-0.629,-0.56
2443.76,-80.0,959.0,-174.0,0.349,-0.839,-0.699
2443.94,-77.0,955.0,-175.0,0.349,-0.629,-0.419
2444.12,-83.0,959.0,-175.0,0.419,-0.839,-0.629
2444.31,-77.0,956.0,-175.0,0.419,-0.769,-0.49
2444.49,-82.0,957.0,-176.0,0.419,-0.769,-0.49
2444.67,-82.0,956.0,-177.0,0.49,-0.769,-0.56
2444.85,-80.0,958.0,-175.0,0.349,-0.769,-0.56
2445.4,-80.0,956.0,-177.0,0.349,-0.629,-0.56
2445.22,-81.0,958.0,-174.0,0.49,-0.699,-0.56
2445.4,-77.0,956.0,-177.0,0.419,-0.699,-0.419
2445.58,-83.0,958.0,-176.0,0.49,-0.839,-0.56
2445.77,-78.0,956.0,-176.0,0.419,-0.769,-0.56
2445.95,-81.0,955.0,-176.0,0.49,-0.699,-0.49
2446.13,-80.0,957.0,-176.0,0.28,-0.839,-0.629
2446.31,-76.0,956.0,-175.0,0.419,-0.629,-0.419
2446.49,-85.0,958.0,-174.0,0.49,-0.769,-0.629
2446.68,-75.0,957.0,-175.0,0.28,-0.91,-0.629
2446.86,-82.0,958.0,-175.0,0.419,-0.629,-0.419
2447.4,-80.0,958.0,-175.0,0.349,-0.839,-0.699
2447.22,-78.0,956.0,-177.0,0.49,-0.629,-0.349
2447.41,-83.0,958.0,-176.0,0.49,-0.769,-0.56
2447.59,-78.0,957.0,-176.0,0.349,-0.699,-0.56
2447.77,-82.0,957.0,-176.0,0.49,-0.629,-0.49
2447.95,-81.0,957.0,-175.0,0.349,-0.839,-0.699
2448.13,-80.0,957.0,-175.0,0.419,-0.769,-0.56
2448.32,-79.0,957.0,-175.0,0.349,-0.839,-0.629
2448.5,-80.0,957.0,-175.0,0.56,-0.699,-0.49
2448.68,-81.0,957.0,-175.0,0.419,-0.839,-0.56
2448.86,-81.0,958.0,-176.0,0.419,-0.769,-0.629
2449.5,-81.0,957.0,-175.0,0.419,-0.769,-0.49
2449.23,-82.0,956.0,-176.0,0.349,-0.769,-0.629
2449.41,-81.0,958.0,-175.0,0.349,-0.769,-0.629
2449.59,-82.0,958.0,-175.0,0.419,-0.769,-0.56
2449.78,-79.0,957.0,-174.0,0.49,-0.769,-0.56
2449.96,-79.0,957.0,-176.0,0.419,-0.699,-0.49
2450.14,-81.0,958.0,-175.0,0.49,-0.699,-0.56
2450.32,-80.0,957.0,-175.0,0.49,-0.699,-0.56
2450.5,-81.0,957.0,-175.0,0.419,-0.769,-0.56
2450.69,-78.0,957.0,-176.0,0.419,-0.769,-0.56
2450.87,-81.0,958.0,-175.0,0.49,-0.699,-0.49
2451.5,-79.0,957.0,-175.0,0.28,-0.839,-0.629
2451.23,-80.0,957.0,-175.0,0.419,-0.699,-0.49
2451.42,-79.0,956.0,-174.0,0.419,-0.769,-0.56
2451.6,-81.0,957.0,-175.0,0.49,-0.699,-0.56
2451.78,-79.0,958.0,-175.0,0.349,-0.91,-0.629
2451.96,-79.0,956.0,-176.0,0.49,-0.629,-0.49
2452.14,-83.0,958.0,-176.0,0.419,-0.769,-0.629
2452.33,-79.0,956.0,-175.0,0.349,-0.839,-0.629
2452.51,-82.0,957.0,-176.0,0.349,-0.699,-0.56
2452.69,-79.0,956.0,-175.0,0.419,-0.769,-0.56
2453.79,-79.0,955.0,-177.0,0.419,-0.629,-0.49
2453.97,-83.0,957.0,-177.0,0.419,-0.839,-0.629
2454.15,-79.0,957.0,-176.0,0.349,-0.769,-0.56
2454.33,-81.0,958.0,-176.0,0.419,-0.699,-0.49
2454.51,-80.0,957.0,-177.0,0.349,-0.839,-0.629
2454.7,-80.0,958.0,-175.0,0.419,-0.769,-0.56
2454.88,-80.0,956.0,-177.0,0.49,-0.769,-0.49
2455.6,-79.0,958.0,-175.0,0.419,-0.839,-0.629
2455.24,-79.0,957.0,-176.0,0.419,-0.629,-0.49
2455.43,-83.0,957.0,-177.0,0.419,-0.699,-0.56
2455.61,-80.0,958.0,-176.0,0.419,-0.769,-0.629
2455.79,-79.0,957.0,-176.0,0.349,-0.629,-0.49
2455.97,-82.0,957.0,-175.0,0.49,-0.699,-0.629
2456.16,-78.0,958.0,-177.0,0.49,-0.699,-0.56
2456.34,-80.0,957.0,-176.0,0.419,-0.699,-0.49
2456.52,-81.0,958.0,-177.0,0.49,-0.699,-0.56
2456.7,-79.0,956.0,-176.0,0.349,-0.699,-0.49
2456.88,-83.0,958.0,-176.0,0.419,-0.629,-0.49
2457.7,-79.0,957.0,-176.0,0.28,-0.769,-0.699
2457.25,-81.0,957.0,-176.0,0.56,-0.56,-0.419
2457.43,-81.0,958.0,-174.0,0.28,-0.839,-0.629
2457.61,-80.0,956.0,-176.0,0.49,-0.629,-0.419
2457.8,-84.0,957.0,-175.0,0.419,-0.769,-0.699
2457.98,-78.0,958.0,-176.0,0.419,-0.699,-0.629
2458.16,-81.0,957.0,-177.0,0.56,-0.699,-0.419
2458.34,-79.0,957.0,-177.0,0.419,-0.769,-0.629
2458.52,-78.0,956.0,-177.0,0.349,-0.629,-0.419
2458.71,-80.0,958.0,-176.0,0.49,-0.699,-0.49
2458.89,-78.0,957.0,-176.0,0.28,-0.699,-0.629
2459.7,-80.0,955.0,-178.0,0.49,-0.56,-0.349
2459.25,-81.0,959.0,-174.0,0.28,-0.91,-0.769
2459.44,-76.0,954.0,-178.0,0.49,-0.56,-0.349
2459.62,-85.0,959.0,-175.0,0.419,-0.91,-0.699
2459.8,-77.0,956.0,-177.0,0.49,-0.699,-0.419
2459.98,-80.0,956.0,-177.0,0.349,-0.769,-0.629
2460.17,-81.0,958.0,-176.0,0.49,-0.699,-0.49
2460.35,-78.0,956.0,-176.0,0.349,-0.769,-0.56
2460.53,-80.0,958.0,-175.0,0.49,-0.699,-0.49
2460.71,-76.0,955.0,-176.0,0.419,-0.629,-0.56
2460.89,-83.0,959.0,-175.0,0.419,-0.769,-0.56
2461.8,-77.0,956.0,-176.0,0.349,-0.839,-0.629
2461.26,-82.0,957.0,-176.0,0.419,-0.699,-0.49
2461.44,-80.0,956.0,-175.0,0.28,-0.839,-0.629
2461.62,-80.0,956.0,-177.0,0.49,-0.699,-0.56
2461.81,-81.0,958.0,-176.0,0.419,-0.769,-0.56
2461.99,-81.0,958.0,-176.0,0.49,-0.629,-0.56
2462.17,-79.0,957.0,-176.0,0.419,-0.769,-0.56
2462.35,-80.0,957.0,-175.0,0.419,-0.769,-0.49
2462.53,-80.0,957.0,-176.0,0.419,-0.699,-0.56
2462.72,-80.0,958.0,-177.0,0.56,-0.699,-0.49
2462.9,-80.0,958.0,-176.0,0.49,-0.699,-0.419
2463.8,-81.0,957.0,-177.0,0.419,-0.769,-0.49
2463.26,-79.0,956.0,-178.0,0.419,-0.769,-0.419
2463.45,-83.0,958.0,-176.0,0.349,-0.769,-0.629
2463.63,-79.0,956.0,-177.0,0.349,-0.699,-0.49
2463.81,-83.0,959.0,-175.0,0.419,-0.769,-0.629
2463.99,-79.0,956.0,-176.0,0.49,-0.699,-0.49
2464.17,-82.0,957.0,-176.0,0.56,-0.839,-0.629
2464.36,-77.0,956.0,-176.0,0.349,-0.839,-0.49
2464.54,-82.0,957.0,-176.0,0.419,-0.699,-0.49
2468.18,-82.0,957.0,-176.0,0.419,-0.769,-0.56
2468.37,-79.0,957.0,-176.0,0.349,-0.769,-0.56
2468.55,-81.0,958.0,-176.0,0.419,-0.769,-0.56
2468.73,-79.0,956.0,-176.0,0.419,-0.699,-0.56
2468.91,-80.0,958.0,-176.0,0.419,-0.699,-0.629
2469.1,-79.0,956.0,-176.0,0.419,-0.699,-0.56
2469.28,-81.0,957.0,-175.0,0.419,-0.699,-0.49
2469.46,-80.0,957.0,-176.0,0.49,-0.699,-0.49
2469.64,-80.0,959.0,-175.0,0.419,-0.699,-0.56
2469.83,-77.0,957.0,-175.0,0.419,-0.769,-0.419
2470.1,-80.0,958.0,-175.0,0.419,-0.769,-0.49
2470.19,-77.0,957.0,-175.0,0.49,-0.699,-0.56
2470.37,-80.0,957.0,-176.0,0.419,-0.629,-0.49
2470.55,-79.0,957.0,-174.0,0.349,-0.769,-0.56
2470.74,-80.0,956.0,-175.0,0.419,-0.699,-0.49
2470.92,-82.0,957.0,-176.0,0.419,-0.769,-0.629
2471.1,-79.0,957.0,-175.0,0.419,-0.769,-0.56
2471.28,-81.0,958.0,-175.0,0.419,-0.629,-0.49
2471.47,-80.0,955.0,-176.0,0.349,-0.629,-0.49
2471.65,-82.0,958.0,-175.0,0.419,-0.769,-0.629
2471.83,-80.0,955.0,-177.0,0.419,-0.629,-0.49
2472.1,-83.0,958.0,-175.0,0.419,-0.839,-0.629
2472.19,-79.0,956.0,-176.0,0.49,-0.699,-0.49
2473.29,-82.0,955.0,-177.0,0.419,-0.699,-0.49
2473.47,-82.0,957.0,-175.0,0.349,-0.839,-0.629
2473.65,-79.0,955.0,-176.0,0.349,-0.699,-0.419
2473.84,-86.0,959.0,-175.0,0.419,-0.769,-0.56
2474.2,-79.0,955.0,-177.0,0.349,-0.699,-0.56
2474.2,-84.0,958.0,-175.0,0.49,-0.839,-0.629
2474.38,-76.0,956.0,-176.0,0.49,-0.91,-0.56
2474.56,-83.0,957.0,-177.0,0.419,-0.699,-0.49
2474.75,-80.0,956.0,-176.0,0.419,-0.839,-0.56
2474.93,-83.0,958.0,-176.0,0.419,-0.839,-0.56
2475.11,-79.0,956.0,-177.0,0.28,-0.699,-0.56
2475.29,-79.0,958.0,-175.0,0.419,-0.699,-0.49
2475.48,-81.0,957.0,-175.0,0.419,-0.699,-0.56
2475.66,-81.0,958.0,-175.0,0.419,-0.839,-0.629
2475.84,-78.0,956.0,-176.0,0.49,-0.699,-0.419
2476.2,-82.0,958.0,-176.0,0.629,-0.699,-0.49
2476.2,-75.0,957.0,-176.0,0.28,-0.769,-0.56
2476.39,-82.0,958.0,-176.0,0.56,-0.56,-0.349
2476.57,-80.0,958.0,-175.0,0.28,-0.839,-0.629
2476.75,-81.0,956.0,-176.0,0.56,-0.56,-0.28
2476.93,-83.0,958.0,-176.0,0.28,-0.91,-0.699
2477.12,-78.0,957.0,-176.0,0.49,-0.699,-0.56
2478.39,-78.0,956.0,-175.0,0.419,-0.699,-0.56
2478.57,-82.0,957.0,-177.0,0.56,-0.699,-0.49
2478.76,-80.0,957.0,-175.0,0.419,-0.839,-0.629
2478.94,-79.0,956.0,-175.0,0.49,-0.699,-0.49
2479.12,-81.0,956.0,-176.0,0.49,-0.769,-0.56
2479.3,-79.0,957.0,-176.0,0.56,-0.629,-0.56
2479.49,-83.0,958.0,-175.0,0.419,-0.769,-0.629
2479.67,-79.0,956.0,-177.0,0.349,-0.699,-0.49
2479.85,-84.0,958.0,-175.0,0.349,-0.769,-0.629
2480.3,-78.0,957.0,-177.0,0.419,-0.769,-0.56
2480.21,-80.0,957.0,-177.0,0.49,-0.699,-0.56
2480.4,-78.0,956.0,-176.0,0.349,-0.699,-0.49
2480.58,-82.0,957.0,-177.0,0.419,-0.699,-0.56
2480.76,-78.0,956.0,-176.0,0.349,-0.839,-0.629
2480.94,-81.0,958.0,-176.0,0.419,-0.769,-0.49
2481.13,-81.0,957.0,-176.0,0.419,-0.769,-0.56
2481.31,-82.0,958.0,-176.0,0.419,-0.769,-0.56
2481.49,-79.0,956.0,-176.0,0.419,-0.769,-0.56
2481.67,-80.0,957.0,-177.0,0.49,-0.769,-0.56
2481.86,-80.0,957.0,-176.0,0.419,-0.769,-0.56
2482.4,-81.0,957.0,-175.0,0.419,-0.699,-0.629
2482.22,-78.0,957.0,-176.0,0.419,-0.769,-0.56
2482.4,-81.0,958.0,-176.0,0.419,-0.699,-0.49
2482.58,-80.0,957.0,-176.0,0.419,-0.839,-0.49
2482.77,-81.0,957.0,-175.0,0.49,-0.699,-0.49
2482.95,-79.0,957.0,-176.0,0.349,-0.769,-0.49
2483.13,-81.0,956.0,-176.0,0.49,-0.769,-0.49
2483.31,-81.0,957.0,-176.0,0.419,-0.839,-0.629
2483.5,-79.0,957.0,-176.0,0.419,-0.699,-0.49
2483.68,-82.0,959.0,-175.0,0.49,-0.769,-0.629
2483.86,-80.0,956.0,-176.0,0.419,-0.699,-0.56
2484.4,-80.0,957.0,-175.0,0.49,-0.769,-0.56
2484.22,-80.0,956.0,-177.0,0.419,-0.769,-0.56
2484.41,-80.0,957.0,-176.0,0.49,-0.839,-0.56
2484.59,-79.0,956.0,-175.0,0.419,-0.769,-0.56
2484.77,-81.0,958.0,-176.0,0.419,-0.839,-0.56
2484.95,-79.0,957.0,-175.0,0.419,-0.839,-0.629
2485.14,-80.0,957.0,-176.0,0.419,-0.699,-0.419
2485.32,-81.0,958.0,-176.0,0.419,-0.769,-0.629
2485.5,-79.0,957.0,-176.0,0.419,-0.699,-0.49
2485.68,-80.0,957.0,-175.0,0.349,-0.699,-0.56
2485.86,-80.0,958.0,-176.0,0.419,-0.769,-0.56
2486.5,-79.0,957.0,-174.0,0.28,-0.769,-0.49
2486.23,-81.0,957.0,-177.0,0.349,-0.699,-0.56
2486.41,-80.0,957.0,-177.0,0.419,-0.769,-0.56
2486.59,-79.0,957.0,-176.0,0.419,-0.769,-0.49
2486.78,-81.0,957.0,-175.0,0.419,-0.769,-0.56
2486.96,-80.0,957.0,-176.0,0.419,-0.769,-0.56
2487.14,-78.0,956.0,-177.0,0.349,-0.769,-0.56
2487.32,-82.0,958.0,-177.0,0.419,-0.699,-0.56
2487.51,-79.0,956.0,-176.0,0.419,-0.699,-0.56
2487.69,-80.0,958.0,-175.0,0.419,-0.699,-0.56
2487.87,-80.0,957.0,-176.0,0.49,-0.699,-0.56
2488.5,-81.0,958.0,-175.0,0.349,-0.769,-0.56
2488.23,-80.0,957.0,-177.0,0.419,-0.629,-0.56
2488.42,-81.0,957.0,-176.0,0.419,-0.769,-0.49
2488.6,-80.0,958.0,-175.0,0.419,-0.839,-0.56
2488.78,-81.0,957.0,-176.0,0.49,-0.699,-0.56
2488.96,-79.0,957.0,-177.0,0.419,-0.769,-0.56
2489.15,-81.0,957.0,-176.0,0.419,-0.699,-0.56
2489.33,-81.0,957.0,-176.0,0.419,-0.769,-0.56
2489.51,-79.0,956.0,-176.0,0.419,-0.699,-0.56
2489.69,-81.0,958.0,-176.0,0.49,-0.699,-0.56
2489.87,-79.0,956.0,-176.0,0.349,-0.769,-0.49
2490.6,-81.0,957.0,-176.0,0.49,-0.699,-0.56
2490.24,-79.0,957.0,-176.0,0.419,-0.769,-0.49
2490.42,-81.0,957.0,-176.0,0.419,-0.769,-0.419
2490.6,-80.0,958.0,-176.0,0.419,-0.699,-0.56
2490.79,-80.0,957.0,-177.0,0.419,-0.699,-0.49
2490.97,-80.0,957.0,-175.0,0.419,-0.769,-0.49
2491.15,-81.0,957.0,-176.0,0.349,-0.769,-0.56
2491.33,-81.0,958.0,-176.0,0.419,-0.839,-0.56
2491.51,-79.0,956.0,-176.0,0.419,-0.699,-0.49
2491.7,-81.0,958.0,-176.0,0.419,-0.769,-0.56
2491.88,-78.0,957.0,-175.0,0.349,-0.769,-0.629
2492.6,-81.0,957.0,-176.0,0.49,-0.699,-0.56
2492.24,-80.0,957.0,-176.0,0.49,-0.769,-0.56
2492.43,-80.0,957.0,-174.0,0.419,-0.769,-0.49
2496.62,-78.0,955.0,-175.0,0.349,-0.699,-0.49
2496.8,-81.0,958.0,-175.0,0.28,-0.699,-0.56
2496.98,-79.0,957.0,-174.0,0.349,-0.769,-0.56
2497.17,-81.0,959.0,-173.0,0.349,-0.839,-0.56
2497.35,-79.0,958.0,-174.0,0.419,-0.699,-0.56
2497.53,-82.0,958.0,-175.0,0.49,-0.769,-0.56
2497.71,-81.0,958.0,-175.0,0.49,-0.769,-0.56
2497.89,-79.0,958.0,-176.0,0.49,-0.839,-0.56
2498.8,-81.0,956.0,-177.0,0.56,-0.629,-0.56
2498.26,-80.0,957.0,-177.0,0.49,-0.769,-0.56
2498.44,-80.0,958.0,-177.0,0.419,-0.769,-0.629
2498.62,-80.0,955.0,-177.0,0.49,-0.629,-0.49
2498.81,-82.0,957.0,-178.0,0.419,-0.769,-0.56
2498.99,-79.0,957.0,-176.0,0.349,-0.769,-0.629
2499.17,-80.0,957.0,-176.0,0.349,-0.699,-0.56
2499.35,-82.0,957.0,-175.0,0.349,-0.769,-0.56
2499.53,-79.0,958.0,-174.0,0.419,-0.769,-0.56
2499.72,-81.0,957.0,-174.0,0.349,-0.699,-0.49
2499.9,-79.0,958.0,-176.0,0.419,-0.769,-0.629
2500.8,-81.0,957.0,-176.0,0.56,-0.769,-0.49
2500.26,-79.0,957.0,-177.0,0.419,-0.769,-0.56
2500.45,-80.0,957.0,-176.0,0.349,-0.699,-0.56
2500.63,-81.0,957.0,-177.0,0.349,-0.629,-0.56
2500.81,-81.0,957.0,-177.0,0.419,-0.769,-0.56
2500.99,-79.0,957.0,-175.0,0.419,-0.769,-0.56
2501.17,-81.0,957.0,-174.0,0.349,-0.629,-0.49
2501.36,-81.0,958.0,-175.0,0.209,-0.839,-0.629
2501.54,-79.0,957.0,-176.0,0.419,-0.699,-0.419
2501.72,-82.0,959.0,-174.0,0.49,-0.839,-0.629
2501.9,-78.0,957.0,-175.0,0.56,-0.629,-0.49
2502.9,-83.0,957.0,-177.0,0.56,-0.769,-0.56
2502.27,-78.0,956.0,-176.0,0.699,-0.839,-0.56
2502.45,-80.0,954.0,-177.0,0.419,-0.629,-0.28
2502.63,-85.0,958.0,-176.0,0.349,-0.769,-0.629
2502.81,-76.0,954.0,-179.0,0.349,-0.56,-0.49
2503.0,-83.0,958.0,-176.0,0.419,-0.699,-0.629
2503.18,-79.0,956.0,-175.0,0.419,-0.629,-0.49
2503.36,-82.0,957.0,-176.0,0.419,-0.769,-0.56
2503.54,-80.0,958.0,-175.0,0.49,-0.839,-0.49
2503.73,-81.0,955.0,-176.0,0.349,-0.699,-0.56
2503.91,-82.0,957.0,-177.0,0.49,-0.699,-0.56
2504.9,-79.0,956.0,-175.0,0.349,-0.839,-0.56
2504.27,-81.0,957.0,-176.0,0.419,-0.629,-0.56
2504.46,-79.0,957.0,-176.0,0.419,-0.769,-0.56
2504.64,-82.0,958.0,-175.0,0.49,-0.769,-0.629
2504.82,-78.0,955.0,-177.0,0.56,-0.769,-0.56
2505.0,-81.0,958.0,-174.0,0.349,-0.839,-0.56
2505.18,-79.0,955.0,-177.0,0.419,-0.769,-0.49
2505.37,-83.0,957.0,-175.0,0.419,-0.839,-0.629
2505.55,-79.0,955.0,-179.0,0.349,-0.699,-0.49
2505.73,-82.0,959.0,-176.0,0.56,-0.699,-0.629
2505.91,-78.0,957.0,-174.0,0.349,-0.629,-0.56
2506.1,-81.0,957.0,-176.0,0.56,-0.699,-0.49
2506.28,-78.0,956.0,-176.0,0.349,-0.98,-0.629
2506.46,-80.0,958.0,-175.0,0.629,-0.629,-0.419
2506.64,-84.0,956.0,-175.0,0.419,-0.769,-0.49
2506.82,-80.0,957.0,-179.0,0.56,-0.699,-0.699
2511.2,-78.0,956.0,-176.0,0.419,-0.629,-0.419
2511.2,-81.0,957.0,-176.0,0.349,-0.769,-0.629
2511.38,-81.0,957.0,-178.0,0.56,-0.629,-0.49
2511.56,-80.0,959.0,-173.0,0.209,-0.839,-0.699
2511.75,-80.0,957.0,-176.0,0.419,-0.699,-0.49
2511.93,-80.0,958.0,-176.0,0.419,-0.839,-0.699
2512.11,-81.0,957.0,-174.0,0.419,-0.769,-0.49
2512.29,-82.0,958.0,-176.0,0.419,-0.769,-0.699
2512.48,-78.0,956.0,-176.0,0.56,-0.839,-0.349
2512.66,-81.0,958.0,-175.0,0.49,-0.839,-0.56
2512.84,-79.0,956.0,-176.0,0.49,-0.769,-0.49
2513.2,-80.0,958.0,-176.0,0.419,-0.699,-0.56
2513.2,-81.0,956.0,-178.0,0.49,-0.699,-0.56
2513.39,-80.0,957.0,-175.0,0.419,-0.699,-0.629
2513.57,-77.0,956.0,-176.0,0.419,-0.699,-0.56
2513.75,-81.0,957.0,-175.0,0.419,-0.699,-0.56
2514.84,-80.0,958.0,-177.0,0.49,-0.629,-0.49
2515.3,-81.0,957.0,-175.0,0.28,-0.839,-0.56
2515.21,-80.0,957.0,-176.0,0.419,-0.699,-0.49
2515.39,-80.0,958.0,-175.0,0.349,-0.699,-0.56
2515.57,-81.0,957.0,-175.0,0.419,-0.699,-0.56
2515.76,-80.0,957.0,-174.0,0.49,-0.769,-0.49
2515.94,-81.0,956.0,-175.0,0.419,-0.769,-0.56
2516.12,-82.0,957.0,-176.0,0.49,-0.699,-0.49
2516.3,-81.0,957.0,-175.0,0.349,-0.769,-0.56
2516.48,-81.0,958.0,-175.0,0.419,-0.699,-0.56
2516.67,-81.0,956.0,-175.0,0.419,-0.699,-0.49
2516.85,-80.0,957.0,-175.0,0.419,-0.769,-0.56
2517.3,-80.0,958.0,-175.0,0.419,-0.629,-0.56
2517.21,-81.0,958.0,-176.0,0.349,-0.769,-0.49
2517.4,-80.0,957.0,-175.0,0.419,-0.699,-0.49
2517.58,-82.0,957.0,-175.0,0.49,-0.699,-0.56
2517.76,-79.0,957.0,-176.0,0.419,-0.769,-0.629
2517.94,-79.0,957.0,-175.0,0.419,-0.699,-0.49
2518.13,-79.0,957.0,-175.0,0.349,-0.769,-0.629
2518.31,-79.0,958.0,-175.0,0.419,-0.699,-0.49
2518.49,-82.0,957.0,-174.0,0.419,-0.839,-0.56
2518.67,-80.0,957.0,-175.0,0.419,-0.699,-0.56
2518.85,-81.0,957.0,-175.0,0.49,-0.769,-0.56
2519.4,-79.0,957.0,-176.0,0.349,-0.839,-0.629
2519.22,-81.0,957.0,-176.0,0.49,-0.699,-0.49
2519.4,-81.0,956.0,-177.0,0.349,-0.769,-0.56
2519.58,-80.0,957.0,-176.0,0.28,-0.699,-0.56
2519.77,-80.0,957.0,-176.0,0.49,-0.699,-0.49
2519.95,-80.0,957.0,-175.0,0.419,-0.839,-0.629
2520.13,-81.0,956.0,-177.0,0.419,-0.699,-0.349
2520.31,-82.0,958.0,-176.0,0.419,-0.839,-0.56
2520.49,-78.0,955.0,-177.0,0.49,-0.699,-0.49
2520.68,-84.0,958.0,-176.0,0.419,-0.769,-0.629
2520.86,-78.0,957.0,-175.0,0.419,-0.769,-0.629
2521.4,-81.0,956.0,-176.0,0.56,-0.629,-0.49
2521.22,-80.0,957.0,-176.0,0.349,-0.839,-0.629
2521.41,-81.0,957.0,-175.0,0.56,-0.699,-0.56
2521.59,-80.0,957.0,-175.0,0.349,-0.839,-0.56
2521.77,-80.0,957.0,-175.0,0.49,-0.699,-0.56
2521.95,-80.0,957.0,-175.0,0.349,-0.839,-0.56
2522.13,-80.0,956.0,-177.0,0.419,-0.699,-0.49
2522.32,-81.0,957.0,-175.0,0.419,-0.769,-0.56
2522.5,-79.0,957.0,-175.0,0.349,-0.769,-0.56
2522.68,-80.0,957.0,-175.0,0.349,-0.699,-0.56
2522.86,-81.0,956.0,-175.0,0.419,-0.839,-0.56
2523.5,-81.0,958.0,-176.0,0.419,-0.769,-0.56
2523.23,-79.0,957.0,-176.0,0.349,-0.629,-0.49
2523.41,-81.0,957.0,-176.0,0.419,-0.769,-0.56
2523.59,-79.0,957.0,-176.0,0.49,-0.769,-0.56
2523.77,-80.0,957.0,-175.0,0.49,-0.629,-0.49
2523.96,-81.0,957.0,-177.0,0.419,-0.699,-0.56
2524.14,-80.0,957.0,-176.0,0.419,-0.699,-0.56
2524.32,-80.0,957.0,-176.0,0.49,-0.699,-0.49
2524.5,-81.0,956.0,-175.0,0.419,-0.839,-0.56
2524.69,-80.0,957.0,-176.0,0.419,-0.699,-0.56
2524.87,-79.0,957.0,-177.0,0.419,-0.769,-0.56
2525.5,-81.0,957.0,-176.0,0.419,-0.769,-0.49
2525.23,-81.0,957.0,-175.0,0.49,-0.699,-0.56
2525.42,-79.0,958.0,-176.0,0.419,-0.769,-0.56
2525.6,-81.0,957.0,-176.0,0.419,-0.699,-0.56
2525.78,-80.0,957.0,-176.0,0.419,-0.769,-0.56
2525.96,-80.0,957.0,-175.0,0.49,-0.699,-0.49
2526.14,-80.0,957.0,-176.0,0.419,-0.699,-0.49
2526.33,-81.0,957.0,-175.0,0.419,-0.769,-0.56
2526.51,-80.0,957.0,-176.0,0.49,-0.629,-0.56
2526.69,-80.0,957.0,-175.0,0.49,-0.769,-0.49
2526.87,-80.0,957.0,-175.0,0.419,-0.769,-0.56
2527.6,-79.0,957.0,-175.0,0.419,-0.699,-0.56
2527.24,-82.0,957.0,-175.0,0.419,-0.699,-0.56
2527.42,-80.0,957.0,-176.0,0.49,-0.769,-0.49
2527.6,-80.0,957.0,-175.0,0.49,-0.769,-0.56
2527.78,-80.0,957.0,-175.0,0.419,-0.699,-0.419
2527.97,-82.0,958.0,-175.0,0.49,-0.699,-0.56
2528.15,-80.0,957.0,-176.0,0.419,-0.769,-0.629
2528.33,-79.0,957.0,-176.0,0.49,-0.629,-0.419
2528.51,-80.0,957.0,-176.0,0.349,-0.769,-0.629
2528.7,-80.0,957.0,-176.0,0.49,-0.629,-0.56
2528.88,-80.0,957.0,-176.0,0.419,-0.769,-0.56
2529.6,-81.0,957.0,-176.0,0.49,-0.699,-0.56
2529.24,-80.0,957.0,-175.0,0.349,-0.769,-0.56
2529.42,-81.0,956.0,-177.0,0.419,-0.629,-0.49
2530.52,-80.0,958.0,-176.0,0.419,-0.629,-0.56
2530.7,-81.0,957.0,-175.0,0.28,-0.839,-0.629
2530.88,-77.0,958.0,-175.0,0.419,-0.839,-0.56
2531.7,-78.0,957.0,-175.0,0.349,-0.699,-0.419
2531.25,-83.0,958.0,-176.0,0.49,-0.699,-0.56
2531.43,-79.0,957.0,-176.0,0.49,-0.699,-0.629
2531.61,-81.0,957.0,-177.0,0.49,-0.769,-0.629
2531.79,-78.0,956.0,-176.0,0.419,-0.769,-0.56
2531.98,-81.0,957.0,-176.0,0.419,-0.699,-0.49
2532.16,-81.0,959.0,-174.0,0.349,-0.769,-0.629
2532.34,-78.0,957.0,-176.0,0.419,-0.699,-0.629
2532.52,-79.0,958.0,-175.0,0.419,-0.769,-0.56
2532.71,-78.0,957.0,-174.0,0.56,-0.769,-0.49
2532.89,-81.0,957.0,-174.0,0.419,-0.769,-0.56
2533.7,-79.0,957.0,-176.0,0.349,-0.699,-0.56
2533.25,-81.0,957.0,-175.0,0.419,-0.699,-0.56
2533.43,-80.0,957.0,-176.0,0.629,-0.769,-0.56
2533.62,-80.0,957.0,-174.0,0.349,-0.769,-0.56
2533.8,-81.0,958.0,-177.0,0.49,-0.769,-0.629
2533.98,-76.0,956.0,-175.0,0.349,-0.699,-0.419
2534.16,-82.0,958.0,-176.0,0.349,-0.56,-0.49
2534.35,-80.0,956.0,-175.0,0.419,-0.699,-0.629
2534.53,-81.0,957.0,-176.0,0.49,-0.699,-0.56
2534.71,-76.0,955.0,-174.0,0.49,-0.699,-0.419
2534.89,-82.0,958.0,-175.0,0.209,-0.769,-0.419
2535.7,-82.0,955.0,-178.0,0.49,-0.629,-0.49
2535.26,-83.0,960.0,-173.0,0.349,-0.839,-0.699
2535.44,-78.0,955.0,-177.0,0.629,-0.419,-0.349
2535.62,-83.0,960.0,-172.0,0.349,-1.049,-0.839
2535.8,-73.0,953.0,-177.0,0.56,-0.629,-0.349
2535.99,-85.0,960.0,-172.0,0.49,-0.98,-0.629
2536.17,-74.0,955.0,-176.0,0.419,-0.56,-0.419
2536.35,-84.0,959.0,-176.0,0.49,-0.699,-0.629
2536.53,-77.0,957.0,-176.0,0.349,-0.769,-0.56
2536.72,-81.0,958.0,-174.0,0.49,-0.699,-0.49
2536.9,-79.0,956.0,-176.0,0.419,-0.839,-0.49
2537.8,-80.0,957.0,-176.0,0.419,-0.769,-0.49
2537.26,-81.0,957.0,-177.0,0.419,-0.769,-0.56
2537.44,-80.0,957.0,-176.0,0.419,-0.769,-0.629
2537.63,-78.0,957.0,-176.0,0.419,-0.699,-0.56
2537.81,-82.0,957.0,-175.0,0.49,-0.769,-0.49
2537.99,-80.0,958.0,-176.0,0.49,-0.769,-0.56
2538.17,-79.0,956.0,-176.0,0.419,-0.769,-0.56
2538.36,-81.0,958.0,-176.0,0.49,-0.839,-0.629
2538.54,-79.0,955.0,-176.0,0.49,-0.769,-0.629
2538.72,-82.0,957.0,-176.0,0.419,-0.699,-0.56
2538.9,-80.0,956.0,-176.0,0.349,-0.769,-0.56
2539.8,-81.0,956.0,-176.0,0.419,-0.769,-0.629
2539.27,-78.0,957.0,-175.0,0.419,-0.699,-0.49
2539.45,-81.0,958.0,-176.0,0.28,-0.839,-0.56
2539.63,-79.0,957.0,-176.0,0.349,-0.769,-0.419
2539.81,-79.0,958.0,-175.0,0.419,-0.839,-0.56
2540.0,-79.0,958.0,-173.0,0.49,-0.699,-0.49
2540.18,-81.0,957.0,-176.0,0.349,-0.769,-0.56
2540.36,-80.0,957.0,-175.0,0.56,-0.699,-0.49
2540.54,-81.0,957.0,-176.0,0.349,-0.839,-0.56
2540.72,-83.0,956.0,-179.0,0.56,-0.629,-0.49
2541.82,-75.0,955.0,-176.0,0.349,-0.629,-0.49
2542.0,-84.0,957.0,-176.0,0.49,-0.699,-0.56
2542.18,-78.0,956.0,-176.0,0.419,-0.839,-0.56
2542.37,-81.0,957.0,-176.0,0.49,-0.769,-0.49
2542.55,-79.0,956.0,-176.0,0.349,-0.839,-0.629
2542.73,-80.0,956.0,-177.0,0.56,-0.699,-0.419
2542.91,-80.0,958.0,-176.0,0.419,-0.769,-0.56
2543.9,-80.0,957.0,-175.0,0.49,-0.769,-0.56
2543.28,-79.0,957.0,-175.0,0.349,-0.699,-0.49
2543.46,-82.0,958.0,-175.0,0.49,-0.699,-0.56
2543.64,-79.0,957.0,-176.0,0.349,-0.769,-0.629
2543.82,-83.0,958.0,-175.0,0.56,-0.769,-0.56
2550.2,-79.0,958.0,-175.0,0.28,-0.839,-0.629
2550.38,-82.0,958.0,-175.0,0.56,-0.629,-0.349
2550.57,-82.0,958.0,-175.0,0.28,-0.98,-0.769
2550.75,-77.0,955.0,-177.0,0.49,-0.49,-0.349
2550.93,-84.0,958.0,-175.0,0.419,-0.91,-0.699
2551.11,-78.0,956.0,-176.0,0.49,-0.699,-0.419
2551.3,-82.0,958.0,-176.0,0.49,-0.769,-0.629
2551.48,-79.0,956.0,-175.0,0.349,-0.769,-0.49
2551.66,-81.0,958.0,-175.0,0.419,-0.769,-0.56
2551.84,-78.0,958.0,-175.0,0.349,-0.839,-0.56
2552.2,-80.0,957.0,-177.0,0.419,-0.699,-0.49
2552.21,-81.0,957.0,-176.0,0.419,-0.769,-0.56
2552.39,-79.0,956.0,-176.0,0.419,-0.769,-0.56
2552.57,-82.0,958.0,-176.0,0.349,-0.769,-0.56
2552.75,-80.0,957.0,-176.0,0.419,-0.699,-0.56
2552.94,-80.0,957.0,-175.0,0.419,-0.699,-0.49
2553.12,-81.0,957.0,-176.0,0.349,-0.769,-0.49
2553.3,-83.0,958.0,-175.0,0.49,-0.839,-0.56
2553.48,-78.0,957.0,-176.0,0.349,-0.839,-0.56
2553.66,-82.0,957.0,-176.0,0.419,-0.769,-0.49
2553.85,-81.0,958.0,-175.0,0.419,-0.839,-0.629
2554.3,-79.0,958.0,-175.0,0.49,-0.769,-0.49
2554.21,-80.0,958.0,-176.0,0.419,-0.699,-0.56
2554.39,-81.0,957.0,-176.0,0.49,-0.699,-0.49
2554.58,-78.0,956.0,-176.0,0.419,-0.769,-0.56
2554.76,-80.0,957.0,-176.0,0.49,-0.769,-0.49
2554.94,-79.0,957.0,-176.0,0.349,-0.699,-0.629
2555.12,-80.0,956.0,-176.0,0.49,-0.629,-0.419
2556.22,-79.0,957.0,-177.0,0.349,-0.699,-0.419
2556.4,-82.0,957.0,-176.0,0.49,-0.699,-0.56
2556.58,-78.0,956.0,-176.0,0.419,-0.769,-0.49
2556.76,-82.0,958.0,-177.0,0.56,-0.699,-0.56
2556.94,-78.0,956.0,-176.0,0.49,-0.769,-0.629
2557.13,-79.0,956.0,-177.0,0.349,-0.629,-0.49
2557.31,-81.0,957.0,-176.0,0.49,-0.769,-0.49
2557.49,-80.0,958.0,-176.0,0.419,-0.769,-0.56
2557.67,-81.0,957.0,-176.0,0.49,-0.769,-0.56
2557.86,-81.0,957.0,-176.0,0.49,-0.769,-0.629
2558.4,-79.0,957.0,-176.0,0.49,-0.699,-0.49
2558.22,-81.0,957.0,-176.0,0.419,-0.769,-0.56
2558.4,-80.0,958.0,-176.0,0.419,-0.769,-0.629
2558.59,-79.0,957.0,-176.0,0.419,-0.699,-0.49
2558.77,-82.0,957.0,-175.0,0.49,-0.769,-0.56
2558.95,-79.0,957.0,-177.0,0.419,-0.699,-0.56
2559.13,-80.0,956.0,-176.0,0.419,-0.699,-0.49
2559.31,-80.0,958.0,-175.0,0.419,-0.769,-0.49
2559.5,-79.0,957.0,-175.0,0.419,-0.699,-0.49
2559.68,-82.0,958.0,-176.0,0.419,-0.769,-0.56
2559.86,-80.0,957.0,-175.0,0.419,-0.699,-0.629
2560.4,-79.0,957.0,-176.0,0.49,-0.699,-0.49
2560.23,-81.0,957.0,-176.0,0.419,-0.769,-0.629
2560.41,-78.0,955.0,-176.0,0.49,-0.699,-0.49
2560.59,-82.0,957.0,-176.0,0.419,-0.699,-0.49
2560.77,-80.0,956.0,-176.0,0.419,-0.769,-0.699
2560.95,-80.0,957.0,-176.0,0.419,-0.769,-0.56
2561.14,-79.0,956.0,-176.0,0.349,-0.769,-0.56
2561.32,-81.0,956.0,-176.0,0.49,-0.699,-0.56
2561.5,-82.0,958.0,-175.0,0.349,-0.769,-0.56
2561.68,-80.0,957.0,-176.0,0.49,-0.699,-0.49
2561.87,-81.0,957.0,-175.0,0.419,-0.769,-0.56
2562.5,-78.0,955.0,-175.0,0.49,-0.769,-0.629
2562.23,-80.0,956.0,-176.0,0.49,-0.629,-0.49
2562.41,-82.0,957.0,-177.0,0.419,-0.769,-0.56
2562.59,-81.0,957.0,-176.0,0.419,-0.769,-0.56
2562.78,-80.0,957.0,-176.0,0.349,-0.769,-0.699
2562.96,-79.0,956.0,-176.0,0.419,-0.769,-0.49
2563.14,-82.0,959.0,-175.0,0.419,-0.769,-0.56
2563.32,-80.0,957.0,-176.0,0.349,-0.839,-0.56
2563.51,-82.0,957.0,-175.0,0.49,-0.699,-0.49
2563.69,-82.0,958.0,-176.0,0.49,-0.839,-0.629
2563.87,-80.0,956.0,-176.0,0.419,-0.56,-0.419
2564.5,-84.0,957.0,-176.0,0.419,-0.769,-0.629
2564.24,-78.0,957.0,-176.0,0.349,-0.699,-0.56
2564.42,-82.0,957.0,-176.0,0.49,-0.769,-0.56
2564.6,-83.0,957.0,-175.0,0.49,-0.769,-0.629
2564.78,-78.0,956.0,-175.0,0.349,-0.629,-0.49
2564.96,-83.0,956.0,-176.0,0.49,-0.769,-0.629
2565.15,-79.0,957.0,-174.0,0.49,-0.91,-0.699
2565.33,-79.0,957.0,-175.0,0.419,-0.629,-0.49
2565.51,-83.0,959.0,-176.0,0.419,-0.839,-0.629
2565.69,-79.0,956.0,-176.0,0.49,-0.839,-0.629
2565.88,-80.0,956.0,-175.0,0.49,-0.629,-0.49
2566.6,-83.0,957.0,-176.0,0.419,-0.699,-0.629
2566.24,-78.0,957.0,-176.0,0.349,-0.839,-0.629
2566.42,-79.0,958.0,-177.0,0.419,-0.699,-0.49
2566.61,-81.0,958.0,-175.0,0.49,-0.769,-0.56
2566.79,-78.0,956.0,-176.0,0.349,-0.699,-0.56
2566.97,-82.0,958.0,-175.0,0.49,-0.699,-0.629
2567.15,-78.0,955.0,-176.0,0.49,-0.769,-0.49
2567.33,-81.0,960.0,-175.0,0.419,-0.769,-0.56
2567.52,-79.0,957.0,-175.0,0.419,-0.769,-0.56
2567.7,-81.0,957.0,-175.0,0.49,-0.769,-0.56
2567.88,-79.0,957.0,-176.0,0.419,-0.769,-0.629
2568.6,-80.0,957.0,-176.0,0.56,-0.699,-0.49
2568.25,-81.0,957.0,-175.0,0.419,-0.699,-0.56
2568.43,-80.0,957.0,-176.0,0.419,-0.769,-0.56
2568.61,-80.0,957.0,-175.0,0.419,-0.699,-0.629
2568.79,-80.0,957.0,-175.0,0.419,-0.769,-0.49
2568.98,-81.0,957.0,-177.0,0.419,-0.699,-0.56
2569.16,-81.0,957.0,-176.0,0.419,-0.699,-0.49
2569.34,-81.0,957.0,-175.0,0.419,-0.769,-0.56
2569.52,-80.0,957.0,-176.0,0.49,-0.699,-0.56
2569.7,-80.0,958.0,-176.0,0.419,-0.769,-0.56
2569.89,-79.0,956.0,-176.0,0.419,-0.699,-0.56
2570.7,-81.0,957.0,-176.0,0.419,-0.769,-0.56
2570.25,-79.0,958.0,-176.0,0.419,-0.699,-0.56
2570.43,-80.0,957.0,-175.0,0.419,-0.699,-0.49
2570.62,-80.0,957.0,-176.0,0.419,-0.839,-0.629
2570.8,-77.0,957.0,-176.0,0.419,-0.769,-0.49
2570.98,-81.0,957.0,-175.0,0.419,-0.839,-0.56
2571.16,-80.0,957.0,-176.0,0.349,-0.769,-0.56
2571.34,-80.0,958.0,-177.0,0.49,-0.769,-0.629
2571.53,-79.0,957.0,-177.0,0.419,-0.839,-0.56
2571.71,-79.0,956.0,-177.0,0.56,-0.699,-0.49
2571.89,-81.0,957.0,-177.0,0.349,-0.769,-0.629
2572.7,-78.0,957.0,-176.0,0.419,-0.699,-0.56
2572.26,-79.0,956.0,-176.0,0.419,-0.629,-0.49
2572.44,-80.0,958.0,-175.0,0.419,-0.699,-0.56
2572.62,-79.0,956.0,-176.0,0.349,-0.769,-0.56
2572.8,-79.0,957.0,-177.0,0.349,-0.699,-0.49
2572.98,-82.0,957.0,-177.0,0.49,-0.699,-0.56
2573.17,-79.0,958.0,-175.0,0.419,-0.699,-0.56
2573.35,-82.0,956.0,-176.0,0.56,-0.629,-0.56
2573.53,-78.0,956.0,-175.0,0.419,-0.839,-0.629
2573.71,-79.0,957.0,-175.0,0.419,-0.699,-0.49
2573.9,-81.0,957.0,-175.0,0.49,-0.629,-0.49
2574.8,-80.0,957.0,-175.0,0.419,-0.839,-0.56
2574.26,-79.0,956.0,-176.0,0.419,-0.699,-0.49
2574.44,-81.0,958.0,-174.0,0.419,-0.839,-0.699
2574.62,-78.0,957.0,-175.0,0.419,-0.769,-0.56
2574.81,-81.0,957.0,-176.0,0.56,-0.699,-0.56
2574.99,-80.0,957.0,-177.0,0.49,-0.839,-0.629
2575.17,-81.0,956.0,-176.0,0.349,-0.699,-0.49
2575.35,-81.0,958.0,-175.0,0.349,-0.839,-0.629
2575.54,-78.0,955.0,-177.0,0.419,-0.699,-0.349
2575.72,-83.0,959.0,-176.0,0.28,-0.839,-0.629
2575.9,-79.0,955.0,-177.0,0.349,-0.56,-0.49
2576.8,-84.0,959.0,-175.0,0.49,-0.699,-0.699
2576.27,-77.0,955.0,-176.0,0.349,-0.699,-0.49
2576.45,-81.0,956.0,-176.0,0.419,-0.769,-0.56
2576.63,-79.0,958.0,-175.0,0.419,-0.839,-0.49
2576.81,-79.0,958.0,-175.0,0.28,-0.769,-0.56
2576.99,-82.0,959.0,-174.0,0.49,-0.699,-0.629
2577.18,-78.0,958.0,-175.0,0.49,-0.769,-0.56
2577.36,-81.0,959.0,-175.0,0.56,-0.699,-0.49
2577.54,-81.0,958.0,-176.0,0.56,-0.839,-0.56
2577.72,-80.0,958.0,-176.0,0.56,-0.769,-0.56
2577.91,-80.0,957.0,-177.0,0.56,-0.769,-0.56
2578.9,-80.0,955.0,-178.0,0.629,-0.699,-0.49
2578.27,-81.0,955.0,-177.0,0.49,-0.769,-0.629
2578.45,-81.0,957.0,-177.0,0.49,-0.699,-0.56
2578.63,-80.0,957.0,-176.0,0.28,-0.699,-0.56
2578.82,-81.0,958.0,-177.0,0.349,-0.699,-0.56
2579.0,-80.0,957.0,-176.0,0.349,-0.699,-0.49
2579.18,-81.0,958.0,-173.0,0.419,-0.839,-0.629
2579.36,-78.0,957.0,-175.0,0.28,-0.769,-0.49
2579.55,-82.0,957.0,-177.0,0.419,-0.839,-0.49
2579.73,-79.0,957.0,-176.0,0.419,-0.699,-0.56
2579.91,-82.0,957.0,-176.0,0.419,-0.769,-0.56
2580.9,-79.0,956.0,-177.0,0.349,-0.699,-0.56
2580.27,-80.0,957.0,-177.0,0.349,-0.699,-0.419
2580.46,-80.0,958.0,-175.0,0.419,-0.839,-0.56
2580.64,-78.0,956.0,-175.0,0.349,-0.699,-0.49
2580.82,-82.0,958.0,-176.0,0.49,-0.769,-0.629
2581.0,-79.0,957.0,-175.0,0.49,-0.91,-0.56
2581.19,-78.0,955.0,-177.0,0.49,-0.629,-0.419
2581.37,-81.0,959.0,-175.0,0.49,-0.98,-0.629
2581.55,-76.0,955.0,-177.0,0.49,-0.629,-0.349
2581.73,-83.0,958.0,-176.0,0.49,-0.699,-0.699
2581.92,-78.0,958.0,-174.0,0.49,-0.699,-0.56
2582.1,-78.0,957.0,-175.0,0.349,-0.629,-0.419
2582.28,-82.0,959.0,-173.0,0.49,-0.769,-0.56
2582.46,-79.0,958.0,-174.0,0.419,-0.769,-0.49
2582.64,-83.0,959.0,-174.0,0.629,-0.769,-0.56
2582.83,-78.0,957.0,-175.0,0.349,-0.769,-0.56
2583.1,-82.0,957.0,-176.0,0.629,-0.56,-0.56
2583.19,-81.0,957.0,-176.0,0.56,-0.769,-0.56
2583.37,-80.0,956.0,-176.0,0.49,-0.699,-0.49
2583.56,-82.0,958.0,-177.0,0.56,-0.629,-0.629
2583.74,-77.0,955.0,-176.0,0.349,-0.699,-0.49
2583.92,-84.0,960.0,-174.0,0.419,-0.769,-0.56
2584.1,-77.0,956.0,-177.0,0.28,-0.699,-0.56
2584.28,-80.0,957.0,-176.0,0.419,-0.629,-0.49
2584.47,-80.0,960.0,-175.0,0.49,-0.769,-0.56
2584.65,-77.0,957.0,-175.0,0.419,-0.699,-0.56
2584.83,-80.0,957.0,-177.0,0.419,-0.769,-0.56
2585.1,-79.0,957.0,-178.0,0.419,-0.769,-0.56
2585.2,-78.0,956.0,-175.0,0.419,-0.699,-0.56
2585.38,-79.0,957.0,-176.0,0.349,-0.56,-0.56
2585.56,-79.0,957.0,-178.0,0.49,-0.769,-0.56
2585.74,-77.0,958.0,-174.0,0.349,-0.769,-0.56
2585.93,-82.0,956.0,-176.0,0.419,-0.629,-0.49
2586.11,-79.0,957.0,-177.0,0.49,-0.769,-0.56
2586.29,-83.0,957.0,-176.0,0.629,-0.629,-0.629
2586.47,-80.0,958.0,-177.0,0.419,-0.769,-0.699
2586.65,-80.0,958.0,-176.0,0.419,-0.699,-0.49
2586.84,-82.0,956.0,-177.0,0.49,-0.699,-0.49
2587.2,-80.0,957.0,-175.0,0.49,-0.839,-0.629
2587.2,-82.0,958.0,-174.0,0.56,-0.49,-0.419
2587.38,-82.0,957.0,-178.0,0.419,-0.769,-0.629
2587.57,-78.0,958.0,-176.0,0.56,-0.699,-0.49
2587.75,-80.0,955.0,-175.0,0.349,-0.56,-0.349
2587.93,-84.0,958.0,-178.0,0.349,-0.769,-0.629
2588.11,-78.0,956.0,-178.0,0.49,-0.699,-0.49
2588.29,-82.0,958.0,-176.0,0.49,-0.769,-0.629
2588.48,-78.0,956.0,-178.0,0.419,-0.699,-0.56
2588.66,-82.0,956.0,-177.0,0.56,-0.769,-0.56
2588.84,-82.0,956.0,-176.0,0.49,-0.839,-0.629
2589.2,-82.0,959.0,-177.0,0.56,-0.699,-0.699
2589.21,-80.0,956.0,-177.0,0.349,-0.769,-0.699
2589.39,-84.0,957.0,-178.0,0.49,-0.629,-0.419
2589.57,-79.0,956.0,-177.0,0.49,-0.769,-0.699
2589.75,-78.0,957.0,-176.0,0.349,-0.629,-0.419
2589.93,-81.0,957.0,-179.0,0.419,-0.629,-0.49
2590.12,-77.0,955.0,-177.0,0.419,-0.769,-0.49
2590.3,-85.0,959.0,-175.0,0.419,-0.699,-0.49
2590.48,-76.0,955.0,-178.0,0.28,-0.769,-0.49
2590.66,-80.0,960.0,-175.0,0.419,-0.769,-0.419
2590.85,-76.0,957.0,-174.0,0.349,-0.56,-0.419
2591.3,-86.0,958.0,-177.0,0.56,-0.49,-0.419
2591.21,-77.0,955.0,-175.0,0.419,-0.839,-0.56
2591.39,-89.0,963.0,-171.0,0.56,-0.91,-0.629
2591.57,-70.0,953.0,-177.0,0.209,-0.629,-0.28
2591.76,-92.0,962.0,-175.0,0.349,-0.91,-0.629
2591.94,-74.0,953.0,-178.0,0.419,-0.629,-0.49
2592.12,-87.0,958.0,-177.0,0.49,-0.769,-0.699
2592.3,-75.0,955.0,-178.0,0.419,-0.769,-0.56
2592.49,-84.0,959.0,-175.0,0.49,-0.769,-0.56
2593.4,-81.0,958.0,-177.0,0.419,-0.629,-0.56
2593.58,-80.0,957.0,-174.0,0.629,-0.699,-0.629
2593.76,-79.0,955.0,-175.0,0.349,-0.56,-0.49
2593.94,-83.0,957.0,-178.0,0.349,-0.769,-0.629
2594.13,-76.0,956.0,-175.0,0.419,-0.839,-0.419
2594.31,-82.0,958.0,-173.0,0.209,-0.769,-0.49
2594.49,-78.0,956.0,-177.0,0.349,-0.699,-0.49
2594.67,-82.0,959.0,-175.0,0.419,-0.769,-0.49
2594.86,-78.0,957.0,-175.0,0.49,-0.699,-0.49
2595.4,-82.0,957.0,-178.0,0.56,-0.699,-0.56
2595.22,-81.0,958.0,-175.0,0.56,-0.839,-0.699
2595.4,-78.0,955.0,-176.0,0.349,-0.769,-0.56
2595.58,-81.0,958.0,-176.0,0.629,-0.699,-0.629
2595.77,-78.0,958.0,-174.0,0.28,-0.91,-0.49
2595.95,-77.0,957.0,-176.0,0.419,-0.699,-0.419
2596.13,-80.0,958.0,-174.0,0.419,-0.769,-0.49
2596.31,-81.0,957.0,-174.0,0.349,-0.769,-0.629
2596.5,-79.0,957.0,-175.0,0.49,-0.699,-0.629
2596.68,-76.0,956.0,-175.0,0.49,-0.769,-0.419
2596.86,-82.0,958.0,-174.0,0.419,-0.98,-0.56
2597.4,-78.0,956.0,-176.0,0.419,-0.839,-0.56
2597.22,-76.0,956.0,-175.0,0.349,-0.699,-0.49
2597.41,-80.0,958.0,-176.0,0.56,-0.629,-0.49
2597.59,-78.0,957.0,-175.0,0.49,-0.699,-0.56
2597.77,-80.0,957.0,-175.0,0.419,-0.699,-0.419
2597.95,-80.0,955.0,-176.0,0.349,-0.699,-0.49
2598.14,-81.0,957.0,-176.0,0.419,-0.769,-0.629
2598.32,-80.0,957.0,-175.0,0.419,-0.699,-0.49
2598.5,-80.0,957.0,-176.0,0.349,-0.769,-0.56
2599.5,-78.0,957.0,-175.0,0.349,-0.699,-0.49
2599.23,-82.0,958.0,-176.0,0.49,-0.769,-0.49
2599.41,-79.0,956.0,-175.0,0.419,-0.769,-0.629
2599.59,-80.0,957.0,-176.0,0.419,-0.699,-0.49
2599.78,-80.0,958.0,-175.0,0.419,-0.769,-0.49
2599.96,-80.0,957.0,-176.0,0.349,-0.769,-0.56
2600.14,-78.0,958.0,-175.0,0.419,-0.769,-0.49
2600.32,-79.0,956.0,-176.0,0.349,-0.699,-0.49
2600.51,-82.0,958.0,-176.0,0.419,-0.839,-0.56
2600.69,-77.0,955.0,-176.0,0.419,-0.699,-0.56
2600.87,-81.0,957.0,-176.0,0.49,-0.699,-0.56
2601.5,-79.0,957.0,-176.0,0.419,-0.769,-0.56
2601.23,-80.0,958.0,-175.0,0.49,-0.769,-0.49
2601.42,-79.0,956.0,-176.0,0.419,-0.769,-0.629
2601.6,-80.0,957.0,-176.0,0.419,-0.839,-0.56
2601.78,-79.0,956.0,-178.0,0.349,-0.699,-0.49
2601.96,-81.0,955.0,-177.0,0.49,-0.699,-0.49
2602.15,-79.0,956.0,-177.0,0.28,-0.769,-0.56
2602.33,-80.0,956.0,-177.0,0.419,-0.629,-0.419
2602.51,-82.0,958.0,-176.0,0.349,-0.769,-0.629
2602.69,-78.0,956.0,-175.0,0.349,-0.699,-0.49
2602.87,-82.0,958.0,-174.0,0.419,-0.699,-0.629
2603.6,-78.0,957.0,-176.0,0.419,-0.769,-0.56
2603.24,-81.0,958.0,-175.0,0.49,-0.839,-0.56
2603.42,-78.0,957.0,-176.0,0.49,-0.839,-0.49
2603.6,-82.0,957.0,-177.0,0.49,-0.629,-0.419
2603.79,-82.0,957.0,-175.0,0.419,-0.91,-0.769
2603.97,-76.0,955.0,-176.0,0.419,-0.629,-0.349
2604.15,-82.0,958.0,-176.0,0.49,-0.699,-0.49
2604.33,-80.0,957.0,-175.0,0.28,-0.769,-0.629
2604.51,-78.0,957.0,-176.0,0.349,-0.629,-0.56
2604.7,-81.0,958.0,-176.0,0.56,-0.699,-0.49
2604.88,-80.0,957.0,-175.0,0.419,-0.98,-0.56
2605.6,-79.0,956.0,-176.0,0.49,-0.629,-0.49
2605.24,-81.0,957.0,-175.0,0.419,-0.769,-0.56
2605.43,-79.0,957.0,-177.0,0.419,-0.699,-0.49
2605.61,-81.0,958.0,-176.0,0.419,-0.769,-0.56
2605.79,-79.0,956.0,-177.0,0.419,-0.769,-0.49
2605.97,-81.0,957.0,-175.0,0.49,-0.699,-0.56
2606.16,-80.0,957.0,-176.0,0.49,-0.699,-0.56
2606.34,-81.0,958.0,-175.0,0.419,-0.769,-0.56
2606.52,-80.0,957.0,-177.0,0.49,-0.769,-0.56
2606.7,-80.0,958.0,-175.0,0.419,-0.699,-0.49
2607.8,-79.0,957.0,-175.0,0.349,-0.699,-0.629
2607.98,-82.0,957.0,-176.0,0.56,-0.699,-0.49
2608.16,-80.0,958.0,-175.0,0.28,-0.839,-0.629
2608.34,-78.0,955.0,-177.0,0.49,-0.629,-0.419
2608.53,-81.0,958.0,-176.0,0.349,-0.769,-0.56
2608.71,-78.0,956.0,-176.0,0.349,-0.699,-0.49
2608.89,-82.0,957.0,-176.0,0.419,-0.769,-0.56
2609.7,-77.0,957.0,-177.0,0.419,-0.769,-0.49
2609.25,-81.0,957.0,-176.0,0.49,-0.699,-0.419
2609.44,-80.0,956.0,-177.0,0.349,-0.839,-0.56
2609.62,-81.0,957.0,-177.0,0.49,-0.629,-0.49
2609.8,-81.0,958.0,-176.0,0.349,-0.769,-0.56
2609.98,-80.0,956.0,-177.0,0.419,-0.699,-0.49
2610.17,-81.0,958.0,-176.0,0.419,-0.769,-0.49
2610.35,-79.0,957.0,-177.0,0.419,-0.629,-0.49
2610.53,-82.0,957.0,-174.0,0.49,-0.769,-0.56
2610.71,-79.0,957.0,-175.0,0.419,-0.839,-0.56
2610.89,-80.0,959.0,-175.0,0.419,-0.699,-0.49
2611.8,-80.0,958.0,-176.0,0.49,-0.839,-0.629
2611.26,-79.0,957.0,-176.0,0.49,-0.699,-0.49
2611.44,-80.0,956.0,-176.0,0.419,-0.629,-0.49
2611.62,-80.0,957.0,-176.0,0.419,-0.839,-0.56
2611.81,-79.0,957.0,-177.0,0.419,-0.699,-0.49
2611.99,-80.0,957.0,-176.0,0.419,-0.769,-0.56
2612.17,-80.0,956.0,-177.0,0.419,-0.629,-0.56
2612.35,-82.0,958.0,-175.0,0.349,-0.769,-0.629
2612.54,-78.0,957.0,-176.0,0.419,-0.699,-0.56
2612.72,-81.0,957.0,-176.0,0.419,-0.839,-0.629
2612.9,-80.0,958.0,-175.0,0.49,-0.769,-0.49
2613.8,-79.0,957.0,-177.0,0.419,-0.769,-0.56
2613.26,-81.0,957.0,-176.0,0.419,-0.769,-0.56
2613.45,-81.0,957.0,-176.0,0.49,-0.769,-0.56
2613.63,-80.0,957.0,-177.0,0.349,-0.769,-0.629
2613.81,-79.0,957.0,-176.0,0.349,-0.769,-0.56
2613.99,-83.0,957.0,-178.0,0.49,-0.699,-0.56
2614.18,-78.0,957.0,-176.0,0.349,-0.769,-0.629
2614.36,-80.0,957.0,-176.0,0.419,-0.769,-0.49
2614.54,-80.0,957.0,-176.0,0.49,-0.769,-0.629
2614.72,-79.0,958.0,-176.0,0.419,-0.699,-0.56
2614.9,-80.0,956.0,-175.0,0.49,-0.769,-0.49
2615.9,-80.0,958.0,-176.0,0.49,-0.769,-0.56
2615.27,-78.0,957.0,-175.0,0.419,-0.699,-0.49
2615.45,-80.0,958.0,-176.0,0.49,-0.699,-0.56
2615.63,-78.0,956.0,-176.0,0.419,-0.769,-0.629
2615.82,-81.0,957.0,-176.0,0.49,-0.769,-0.56
2616.0,-79.0,957.0,-176.0,0.419,-0.769,-0.56
2616.18,-80.0,957.0,-175.0,0.49,-0.769,-0.49
2616.36,-79.0,958.0,-174.0,0.349,-0.839,-0.56
2616.54,-81.0,958.0,-176.0,0.49,-0.699,-0.56
2616.73,-79.0,958.0,-175.0,0.49,-0.769,-0.49
2616.91,-80.0,956.0,-175.0,0.419,-0.699,-0.49
2617.9,-80.0,958.0,-175.0,0.419,-0.839,-0.49
2617.27,-78.0,956.0,-176.0,0.49,-0.769,-0.49
2617.46,-81.0,957.0,-175.0,0.49,-0.699,-0.56
2617.64,-80.0,957.0,-176.0,0.49,-0.699,-0.629
2617.82,-80.0,958.0,-174.0,0.419,-0.839,-0.56
2618.0,-79.0,957.0,-176.0,0.349,-0.699,-0.49
2618.19,-82.0,958.0,-175.0,0.349,-0.839,-0.629
2618.37,-80.0,956.0,-177.0,0.419,-0.769,-0.56
2618.55,-81.0,958.0,-175.0,0.349,-0.699,-0.629
2618.73,-80.0,957.0,-175.0,0.349,-0.699,-0.56
2618.91,-82.0,958.0,-175.0,0.419,-0.839,-0.56
2619.1,-79.0,957.0,-175.0,0.419,-0.769,-0.56
2619.28,-81.0,956.0,-176.0,0.349,-0.699,-0.56
2619.46,-81.0,957.0,-176.0,0.49,-0.699,-0.56
2619.64,-80.0,957.0,-176.0,0.419,-0.769,-0.56
2619.83,-80.0,957.0,-176.0,0.419,-0.839,-0.56
2620.1,-79.0,957.0,-176.0,0.419,-0.769,-0.56
2620.19,-80.0,958.0,-175.0,0.419,-0.769,-0.56
2620.37,-79.0,958.0,-176.0,0.49,-0.769,-0.56
2620.55,-79.0,957.0,-175.0,0.419,-0.769,-0.56
2620.74,-80.0,957.0,-176.0,0.419,-0.699,-0.49
2620.92,-80.0,956.0,-176.0,0.49,-0.769,-0.49
2621.1,-80.0,957.0,-176.0,0.419,-0.769,-0.56
2621.28,-79.0,957.0,-176.0,0.349,-0.699,-0.56
2621.47,-82.0,957.0,-176.0,0.419,-0.699,-0.49
2621.65,-80.0,957.0,-176.0,0.419,-0.769,-0.49
2621.83,-79.0,958.0,-175.0,0.419,-0.839,-0.56
2622.1,-81.0,956.0,-176.0,0.419,-0.699,-0.56
2622.2,-80.0,958.0,-176.0,0.419,-0.839,-0.629
2622.38,-79.0,958.0,-177.0,0.49,-0.699,-0.56
2622.56,-81.0,957.0,-177.0,0.419,-0.769,-0.629
2622.74,-80.0,957.0,-177.0,0.349,-0.769,-0.629
2622.92,-81.0,957.0,-177.0,0.49,-0.699,-0.56
2623.11,-79.0,957.0,-176.0,0.419,-0.769,-0.629
2623.29,-79.0,956.0,-177.0,0.49,-0.629,-0.49
2623.47,-81.0,957.0,-177.0,0.349,-0.839,-0.629
2624.2,-77.0,958.0,-176.0,0.419,-0.699,-0.49
2624.2,-81.0,957.0,-176.0,0.419,-0.699,-0.56
2624.38,-79.0,957.0,-175.0,0.349,-0.769,-0.56
2624.57,-80.0,957.0,-175.0,0.419,-0.629,-0.49
2624.75,-81.0,957.0,-176.0,0.49,-0.699,-0.629
2624.93,-79.0,956.0,-177.0,0.49,-0.699,-0.49
2625.11,-81.0,958.0,-175.0,0.49,-0.769,-0.56
2625.29,-79.0,957.0,-176.0,0.419,-0.769,-0.49
2625.48,-80.0,958.0,-175.0,0.419,-0.769,-0.56
2625.66,-81.0,958.0,-175.0,0.419,-0.769,-0.49
2625.84,-81.0,957.0,-175.0,0.349,-0.769,-0.56
2626.2,-80.0,958.0,-176.0,0.49,-0.769,-0.56
2626.21,-80.0,956.0,-176.0,0.419,-0.699,-0.629
2626.39,-80.0,957.0,-177.0,0.56,-0.699,-0.56
2626.75,-80.0,956.0,-176.0,0.419,-0.769,-0.49
2626.94,-78.0,957.0,-175.0,0.349,-0.839,-0.56
2627.12,-80.0,957.0,-175.0,0.349,-0.699,-0.49
2627.3,-81.0,958.0,-175.0,0.49,-0.91,-0.56
2627.48,-79.0,958.0,-176.0,0.419,-0.699,-0.56
2627.66,-80.0,958.0,-176.0,0.419,-0.699,-0.56
2627.85,-79.0,957.0,-175.0,0.49,-0.769,-0.56
2628.3,-80.0,956.0,-175.0,0.349,-0.699,-0.49
2628.21,-79.0,956.0,-176.0,0.419,-0.629,-0.56
2628.39,-81.0,957.0,-176.0,0.419,-0.769,-0.49
2628.58,-80.0,958.0,-173.0,0.28,-0.769,-0.56
2628.76,-80.0,956.0,-175.0,0.56,-0.629,-0.49
2628.94,-79.0,959.0,-173.0,0.209,-0.839,-0.629
2629.12,-79.0,956.0,-176.0,0.56,-0.56,-0.419
2629.3,-78.0,958.0,-173.0,0.349,-0.91,-0.769
2629.49,-80.0,956.0,-176.0,0.629,-0.49,-0.349
2629.67,-81.0,958.0,-175.0,0.28,-0.91,-0.839
2629.85,-78.0,956.0,-176.0,0.419,-0.49,-0.419
2630.3,-84.0,959.0,-176.0,0.419,-0.769,-0.629
2630.22,-79.0,957.0,-175.0,0.349,-0.629,-0.49
2630.4,-79.0,958.0,-175.0,0.349,-0.769,-0.49
2630.58,-80.0,956.0,-177.0,0.49,-0.699,-0.419
2630.76,-82.0,959.0,-175.0,0.419,-0.839,-0.629
2630.95,-78.0,957.0,-176.0,0.56,-0.629,-0.419
2631.13,-81.0,957.0,-176.0,0.49,-0.769,-0.56
2631.31,-80.0,957.0,-174.0,0.49,-0.769,-0.56
2631.49,-79.0,956.0,-176.0,0.349,-0.769,-0.49
2631.67,-81.0,955.0,-178.0,0.49,-0.699,-0.49
2631.86,-80.0,957.0,-176.0,0.419,-0.839,-0.629
2632.4,-79.0,957.0,-175.0,0.49,-0.629,-0.56
2632.22,-79.0,956.0,-178.0,0.349,-0.699,-0.49
2632.4,-80.0,957.0,-176.0,0.349,-0.769,-0.419
2632.59,-81.0,957.0,-176.0,0.419,-0.699,-0.49
2632.77,-81.0,959.0,-175.0,0.349,-0.91,-0.56
2632.95,-81.0,958.0,-177.0,0.419,-0.629,-0.56
2633.13,-82.0,955.0,-177.0,0.49,-0.699,-0.49
2633.32,-81.0,959.0,-174.0,0.209,-0.839,-0.699
2633.5,-81.0,957.0,-175.0,0.419,-0.49,-0.419
2633.68,-84.0,958.0,-176.0,0.28,-0.91,-0.699
2633.86,-77.0,957.0,-174.0,0.49,-0.629,-0.56
2634.4,-81.0,958.0,-174.0,0.349,-0.769,-0.49
2634.23,-81.0,956.0,-177.0,0.49,-0.769,-0.49
2634.41,-81.0,957.0,-175.0,0.419,-0.91,-0.56
2634.59,-80.0,956.0,-177.0,0.56,-0.699,-0.49
2634.77,-80.0,959.0,-173.0,0.209,-0.839,-0.629
2634.96,-82.0,955.0,-177.0,0.49,-0.49,-0.28
2635.14,-80.0,959.0,-175.0,0.209,-1.049,-0.839
2635.32,-77.0,957.0,-174.0,0.49,-0.629,-0.28
2635.5,-86.0,958.0,-175.0,0.349,-0.91,-0.699
2635.69,-77.0,955.0,-177.0,0.56,-0.839,-0.49
2635.87,-85.0,957.0,-177.0,0.629,-0.769,-0.56
2638.6,-80.0,958.0,-176.0,0.49,-0.49,-0.349
2638.24,-85.0,958.0,-175.0,0.349,-0.839,-0.699
2638.42,-72.0,956.0,-174.0,0.28,-0.769,-0.419
2638.6,-83.0,958.0,-176.0,0.49,-0.769,-0.56
2638.78,-77.0,955.0,-175.0,0.209,-0.699,-0.56
2638.97,-86.0,958.0,-173.0,0.419,-0.699,-0.629
2639.15,-72.0,955.0,-177.0,0.349,-0.769,-0.419
2639.33,-85.0,961.0,-171.0,0.419,-0.769,-0.49
2639.51,-76.0,954.0,-179.0,0.28,-0.699,-0.419
2639.7,-82.0,959.0,-175.0,0.49,-0.91,-0.56
2639.88,-77.0,955.0,-177.0,0.49,-0.769,-0.349
2640.6,-84.0,957.0,-176.0,0.56,-0.699,-0.56
2640.24,-77.0,957.0,-175.0,0.349,-0.699,-0.629
2640.43,-78.0,954.0,-178.0,0.419,-0.629,-0.349
2640.61,-83.0,959.0,-173.0,0.419,-0.91,-0.699
2640.79,-77.0,954.0,-176.0,0.28,-0.699,-0.49
2640.97,-85.0,959.0,-176.0,0.28,-0.839,-0.769
2641.15,-76.0,954.0,-179.0,0.56,-0.699,-0.49
2641.34,-86.0,960.0,-172.0,0.419,-0.98,-0.839
2641.52,-73.0,954.0,-176.0,0.28,-0.629,-0.56
2641.7,-84.0,960.0,-177.0,0.49,-0.91,-0.56
2641.88,-79.0,957.0,-174.0,0.349,-0.91,-0.629
2642.7,-80.0,958.0,-174.0,0.349,-0.699,-0.49
2642.25,-82.0,960.0,-173.0,0.419,-0.56,-0.699
2642.43,-79.0,955.0,-176.0,0.209,-0.769,-0.49
2642.61,-85.0,956.0,-177.0,0.699,-0.629,-0.28
2642.8,-77.0,959.0,-172.0,0.14,-1.049,-0.91
2642.98,-79.0,954.0,-177.0,0.56,-0.349,-0.14
2643.16,-82.0,959.0,-176.0,0.349,-1.19,-0.91
2643.34,-73.0,953.0,-176.0,0.699,-0.56,-0.209
2643.52,-86.0,959.0,-175.0,0.349,-0.91,-0.629
2643.71,-78.0,956.0,-176.0,0.769,-0.419,-0.49
2643.89,-84.0,959.0,-174.0,0.49,-0.699,-0.769
2644.7,-80.0,957.0,-177.0,0.629,-0.699,-0.769
2644.25,-84.0,958.0,-175.0,0.699,-0.629,-0.56
2644.44,-80.0,956.0,-175.0,0.419,-0.49,-0.629
2644.62,-85.0,960.0,-176.0,0.699,-0.56,-0.839
2644.8,-73.0,955.0,-174.0,0.349,-0.56,-0.56
2644.98,-88.0,962.0,-173.0,0.28,-0.769,-0.56
2645.17,-76.0,956.0,-174.0,0.419,-0.629,-0.419
2645.35,-83.0,961.0,-173.0,0.349,-0.56,-0.49
2645.53,-84.0,958.0,-175.0,0.56,-0.629,-0.699
2645.71,-80.0,959.0,-174.0,0.349,-0.839,-0.699
2645.89,-75.0,957.0,-175.0,0.419,-0.699,-0.349
2646.8,-84.0,957.0,-175.0,0.419,-0.839,-0.419
2646.26,-77.0,957.0,-177.0,0.209,-0.91,-0.629
2646.44,-80.0,957.0,-177.0,0.419,-0.629,-0.419
2646.62,-83.0,960.0,-175.0,0.56,-0.699,-0.699
2646.81,-77.0,958.0,-174.0,0.349,-0.769,-0.699
2646.99,-77.0,955.0,-179.0,0.419,-0.699,-0.349
2647.17,-81.0,957.0,-177.0,0.419,-0.839,-0.49
2647.35,-83.0,956.0,-177.0,0.629,-0.629,-0.49
2647.54,-79.0,958.0,-174.0,0.349,-0.699,-0.769
2647.72,-74.0,955.0,-178.0,0.49,-0.56,-0.349
2647.9,-81.0,957.0,-175.0,0.419,-0.98,-0.56
2648.8,-77.0,956.0,-174.0,0.349,-0.839,-0.349
2649.72,-83.0,958.0,-176.0,0.349,-0.629,-0.56
2649.9,-78.0,955.0,-176.0,0.14,-0.769,-0.699
2650.9,-81.0,960.0,-176.0,0.419,-0.769,-0.56
2650.27,-73.0,955.0,-177.0,0.28,-0.769,-0.419
2650.45,-84.0,960.0,-177.0,0.419,-0.769,-0.419
2650.63,-76.0,953.0,-178.0,0.56,-0.629,-0.349
2650.82,-86.0,963.0,-172.0,0.419,-0.98,-0.839
2651.0,-72.0,952.0,-181.0,0.629,-0.419,-0.349
2651.18,-85.0,959.0,-175.0,0.56,-0.98,-0.769
2651.36,-74.0,955.0,-177.0,0.419,-0.49,-0.349
2651.55,-83.0,959.0,-175.0,0.349,-0.769,-0.629
2651.73,-75.0,955.0,-177.0,0.349,-0.699,-0.49
2651.91,-82.0,958.0,-176.0,0.349,-0.699,-0.419
2652.9,-78.0,957.0,-176.0,0.28,-0.769,-0.56
2652.27,-79.0,957.0,-174.0,0.49,-0.629,-0.49
2652.46,-81.0,958.0,-175.0,0.28,-0.839,-0.629
2652.64,-79.0,957.0,-175.0,0.419,-0.769,-0.56
2652.82,-81.0,957.0,-174.0,0.49,-0.699,-0.56
2653.0,-79.0,958.0,-174.0,0.349,-0.769,-0.629
2653.19,-83.0,957.0,-177.0,0.629,-0.56,-0.49
2653.37,-80.0,957.0,-175.0,0.349,-0.91,-0.629
2653.55,-79.0,958.0,-175.0,0.28,-0.769,-0.49
2653.73,-80.0,957.0,-175.0,0.349,-0.769,-0.56
2653.92,-80.0,958.0,-175.0,0.349,-0.699,-0.49
2654.1,-82.0,959.0,-175.0,0.349,-0.699,-0.629
2654.28,-81.0,958.0,-175.0,0.419,-0.769,-0.56
2654.46,-80.0,959.0,-175.0,0.56,-0.769,-0.49
2654.64,-80.0,959.0,-173.0,0.419,-0.839,-0.56
2656.28,-80.0,959.0,-175.0,0.349,-0.699,-0.56
2656.47,-80.0,957.0,-176.0,0.419,-0.699,-0.56
2656.65,-81.0,957.0,-176.0,0.419,-0.699,-0.629
2656.83,-81.0,957.0,-175.0,0.49,-0.699,-0.629
2657.1,-78.0,957.0,-176.0,0.419,-0.699,-0.56
2657.2,-82.0,957.0,-176.0,0.56,-0.769,-0.49
2657.38,-79.0,957.0,-177.0,0.349,-0.839,-0.56
2657.56,-81.0,956.0,-178.0,0.419,-0.699,-0.56
2657.74,-80.0,957.0,-177.0,0.28,-0.769,-0.629
2657.93,-78.0,957.0,-176.0,0.419,-0.699,-0.56
2658.11,-81.0,957.0,-176.0,0.349,-0.769,-0.56
2658.29,-79.0,959.0,-175.0,0.349,-0.839,-0.56
2658.47,-79.0,957.0,-176.0,0.419,-0.699,-0.56
2658.65,-79.0,958.0,-176.0,0.56,-0.839,-0.56
2658.84,-78.0,957.0,-177.0,0.419,-0.699,-0.49
2659.2,-81.0,956.0,-176.0,0.419,-0.699,-0.49
2659.2,-80.0,956.0,-176.0,0.419,-0.769,-0.56
2659.38,-81.0,958.0,-175.0,0.349,-0.769,-0.56
2659.57,-78.0,956.0,-177.0,0.349,-0.629,-0.56
2660.48,-83.0,957.0,-176.0,0.419,-0.699,-0.49
2660.66,-79.0,956.0,-177.0,0.28,-0.839,-0.629
2660.84,-82.0,958.0,-178.0,0.49,-0.629,-0.49
2661.2,-79.0,957.0,-176.0,0.349,-0.839,-0.629
2661.21,-79.0,955.0,-176.0,0.419,-0.769,-0.49
2661.39,-80.0,960.0,-174.0,0.28,-0.839,-0.699
2661.57,-79.0,956.0,-176.0,0.49,-0.699,-0.49
2661.75,-81.0,959.0,-175.0,0.49,-0.769,-0.629
2661.94,-76.0,957.0,-177.0,0.49,-0.699,-0.629
2662.12,-80.0,956.0,-177.0,0.419,-0.699,-0.49
2662.3,-78.0,957.0,-176.0,0.419,-0.769,-0.629
2668.32,-79.0,957.0,-176.0,0.349,-0.769,-0.629
2668.5,-78.0,957.0,-177.0,0.49,-0.699,-0.419
2668.68,-81.0,958.0,-176.0,0.349,-0.769,-0.56
2668.86,-78.0,955.0,-178.0,0.419,-0.699,-0.49
2669.5,-80.0,957.0,-177.0,0.349,-0.769,-0.629
2669.23,-78.0,958.0,-177.0,0.419,-0.769,-0.56
2669.41,-79.0,956.0,-177.0,0.349,-0.699,-0.49
2669.59,-81.0,958.0,-177.0,0.419,-0.699,-0.56
2669.78,-78.0,957.0,-176.0,0.419,-0.769,-0.629
2669.96,-82.0,957.0,-178.0,0.419,-0.769,-0.56
2670.14,-81.0,957.0,-179.0,0.49,-0.769,-0.56
2670.32,-82.0,957.0,-178.0,0.349,-0.699,-0.629
2670.5,-79.0,958.0,-179.0,0.419,-0.769,-0.56
2670.69,-81.0,957.0,-177.0,0.49,-0.699,-0.49
2670.87,-81.0,956.0,-178.0,0.419,-0.769,-0.629
2671.5,-80.0,958.0,-178.0,0.419,-0.769,-0.56
2671.23,-80.0,957.0,-177.0,0.49,-0.56,-0.49
2671.42,-81.0,958.0,-175.0,0.28,-0.839,-0.629
2671.6,-77.0,956.0,-177.0,0.49,-0.699,-0.49
2671.78,-81.0,958.0,-175.0,0.349,-0.91,-0.629
2671.96,-77.0,956.0,-177.0,0.419,-0.629,-0.419
2672.15,-82.0,958.0,-176.0,0.419,-0.699,-0.56
2672.33,-78.0,957.0,-176.0,0.419,-0.839,-0.56
2672.51,-79.0,957.0,-177.0,0.349,-0.769,-0.49
2672.69,-81.0,957.0,-177.0,0.419,-0.91,-0.56
2672.87,-79.0,957.0,-178.0,0.419,-0.769,-0.56
2673.6,-80.0,957.0,-177.0,0.349,-0.839,-0.56
2673.24,-79.0,958.0,-178.0,0.419,-0.769,-0.56
2673.42,-80.0,958.0,-178.0,0.419,-0.769,-0.49
2673.6,-80.0,957.0,-178.0,0.49,-0.769,-0.56
2673.79,-79.0,957.0,-177.0,0.419,-0.699,-0.49
2673.97,-80.0,958.0,-177.0,0.56,-0.769,-0.49
2674.15,-80.0,956.0,-178.0,0.49,-0.769,-0.56
2674.33,-80.0,959.0,-177.0,0.419,-0.839,-0.56
2674.52,-79.0,958.0,-177.0,0.419,-0.699,-0.49
2674.7,-80.0,957.0,-176.0,0.419,-0.769,-0.629
2674.88,-79.0,957.0,-177.0,0.49,-0.699,-0.56
2675.6,-80.0,958.0,-176.0,0.419,-0.839,-0.56
2675.24,-79.0,957.0,-176.0,0.49,-0.769,-0.49
2675.43,-79.0,957.0,-176.0,0.49,-0.769,-0.49
2675.61,-80.0,957.0,-175.0,0.49,-0.769,-0.629
2675.79,-79.0,957.0,-176.0,0.49,-0.699,-0.56
2675.97,-80.0,957.0,-176.0,0.349,-0.699,-0.56
2676.16,-80.0,957.0,-175.0,0.349,-0.699,-0.629
2676.34,-80.0,956.0,-176.0,0.419,-0.699,-0.419
2676.52,-81.0,958.0,-176.0,0.419,-0.839,-0.629
2676.7,-80.0,957.0,-175.0,0.419,-0.769,-0.49
2676.89,-82.0,958.0,-175.0,0.349,-0.839,-0.56
2677.7,-78.0,957.0,-175.0,0.419,-0.699,-0.49
2677.25,-82.0,956.0,-176.0,0.49,-0.769,-0.56
2677.43,-79.0,956.0,-176.0,0.419,-0.769,-0.629
2677.61,-80.0,957.0,-176.0,0.419,-0.699,-0.56
2677.8,-79.0,957.0,-175.0,0.419,-0.769,-0.56
2677.98,-79.0,956.0,-176.0,0.419,-0.629,-0.49
2678.16,-82.0,957.0,-175.0,0.419,-0.769,-0.629
2679.26,-79.0,957.0,-176.0,0.349,-0.769,-0.56
2679.44,-79.0,955.0,-176.0,0.349,-0.629,-0.49
2679.62,-80.0,958.0,-174.0,0.419,-0.839,-0.699
2679.8,-80.0,956.0,-176.0,0.419,-0.769,-0.56
2679.99,-82.0,959.0,-175.0,0.349,-1.12,-0.699
2680.17,-75.0,954.0,-177.0,0.419,-0.699,-0.419
2680.35,-85.0,957.0,-177.0,0.419,-0.769,-0.56
2680.53,-77.0,957.0,-176.0,0.349,-0.839,-0.629
2680.71,-81.0,957.0,-177.0,0.419,-0.56,-0.419
2680.9,-83.0,958.0,-176.0,0.49,-0.839,-0.699
2681.8,-76.0,957.0,-175.0,0.419,-0.769,-0.56
2681.26,-81.0,957.0,-176.0,0.419,-0.629,-0.419
2681.44,-80.0,958.0,-174.0,0.419,-0.839,-0.56
2681.63,-78.0,957.0,-175.0,0.349,-0.699,-0.419
2681.81,-81.0,958.0,-176.0,0.419,-0.769,-0.49
2681.99,-79.0,957.0,-175.0,0.419,-0.769,-0.56
2682.17,-80.0,957.0,-176.0,0.49,-0.629,-0.49
2682.36,-82.0,958.0,-176.0,0.349,-0.769,-0.56
2682.54,-77.0,957.0,-175.0,0.419,-0.699,-0.56
2682.72,-81.0,958.0,-175.0,0.49,-0.769,-0.49
2682.9,-79.0,957.0,-177.0,0.419,-0.769,-0.56
2683.8,-81.0,958.0,-175.0,0.419,-0.839,-0.629
2683.27,-79.0,957.0,-176.0,0.49,-0.629,-0.49
2683.45,-79.0,958.0,-176.0,0.419,-0.629,-0.49
2683.63,-81.0,957.0,-176.0,0.49,-0.769,-0.56
2683.81,-78.0,958.0,-175.0,0.349,-0.769,-0.629
2684.0,-82.0,956.0,-176.0,0.56,-0.629,-0.56
2684.18,-78.0,958.0,-175.0,0.349,-0.91,-0.839
2684.36,-79.0,956.0,-176.0,0.56,-0.49,-0.209
2684.54,-83.0,959.0,-174.0,0.28,-0.98,-0.769
2684.72,-78.0,955.0,-177.0,0.56,-0.629,-0.349
2684.91,-81.0,960.0,-174.0,0.209,-0.98,-0.839
2685.9,-78.0,954.0,-178.0,0.629,-0.349,-0.209
2686.18,-78.0,956.0,-178.0,0.349,-0.91,-0.699
2686.37,-79.0,956.0,-178.0,0.56,-0.629,-0.349
2686.55,-80.0,959.0,-175.0,0.349,-0.98,-0.699
2686.73,-75.0,955.0,-178.0,0.419,-0.56,-0.349
2686.91,-85.0,959.0,-175.0,0.349,-0.839,-0.629
2687.9,-75.0,955.0,-177.0,0.349,-0.629,-0.49
2687.28,-85.0,957.0,-176.0,0.349,-0.699,-0.56
2687.46,-77.0,957.0,-175.0,0.349,-0.699,-0.699
2687.64,-82.0,957.0,-176.0,0.49,-0.629,-0.49
2687.82,-78.0,956.0,-173.0,0.349,-0.769,-0.56
2688.1,-82.0,957.0,-176.0,0.419,-0.699,-0.49
2693.29,-87.0,963.0,-174.0,0.839,-0.419,-0.349
2693.47,-73.0,954.0,-175.0,-0.07,-1.049,-0.839
2693.66,-87.0,959.0,-176.0,1.049,-0.28,-0.14
2693.84,-72.0,955.0,-177.0,0.14,-1.33,-1.049
2694.2,-81.0,956.0,-177.0,0.91,-0.209,-0.14
2694.2,-81.0,957.0,-175.0,0.209,-1.12,-0.839
2694.39,-78.0,957.0,-177.0,0.56,-0.209,-0.28
2694.57,-83.0,958.0,-174.0,0.07,-0.839,-0.699
2694.75,-78.0,958.0,-174.0,0.419,-0.699,-0.49
2694.93,-78.0,955.0,-175.0,0.349,-0.699,-0.28
2695.12,-91.0,962.0,-174.0,0.629,-0.91,-0.769
2695.3,-68.0,953.0,-176.0,0.349,-0.699,-0.56
2695.48,-94.0,961.0,-176.0,0.699,-0.56,-0.419
2695.66,-72.0,952.0,-178.0,0.349,-0.91,-0.769
2695.84,-84.0,959.0,-176.0,0.56,-0.629,-0.349
2696.3,-76.0,955.0,-177.0,0.209,-0.839,-0.699
2696.21,-81.0,958.0,-175.0,0.349,-0.629,-0.419
2696.39,-79.0,956.0,-176.0,0.349,-0.91,-0.699
2696.57,-80.0,958.0,-175.0,0.49,-0.839,-0.629
2696.76,-76.0,955.0,-176.0,0.349,-0.91,-0.56
2696.94,-84.0,959.0,-175.0,0.49,-0.699,-0.56
2697.12,-77.0,957.0,-176.0,0.349,-0.769,-0.56
2697.3,-84.0,958.0,-176.0,0.56,-0.699,-0.49
2697.49,-78.0,956.0,-176.0,0.419,-0.629,-0.56
2697.67,-79.0,955.0,-176.0,0.419,-0.56,-0.49
2697.85,-86.0,958.0,-176.0,0.49,-0.629,-0.49
2698.3,-76.0,958.0,-175.0,0.349,-0.91,-0.769
2698.21,-81.0,955.0,-176.0,0.56,-0.49,-0.209
2698.4,-83.0,959.0,-175.0,0.14,-0.91,-0.699
2698.58,-81.0,958.0,-176.0,0.419,-0.56,-0.419
2698.76,-81.0,958.0,-175.0,0.349,-0.839,-0.629
2698.94,-81.0,957.0,-175.0,0.56,-0.769,-0.419
2699.13,-81.0,958.0,-175.0,0.28,-0.839,-0.699
2699.31,-79.0,957.0,-175.0,0.49,-0.629,-0.419
2699.49,-78.0,958.0,-176.0,0.349,-0.699,-0.56
2699.67,-81.0,957.0,-175.0,0.56,-0.629,-0.419
2699.86,-82.0,956.0,-177.0,0.349,-0.769,-0.629
2700.4,-78.0,957.0,-175.0,0.28,-0.769,-0.629
2700.22,-81.0,956.0,-176.0,0.419,-0.629,-0.28
2700.4,-85.0,958.0,-174.0,0.349,-0.98,-0.769
2700.58,-78.0,956.0,-176.0,0.56,-0.699,-0.49
2700.77,-81.0,958.0,-175.0,0.349,-0.769,-0.629
2700.95,-78.0,955.0,-177.0,0.56,-0.769,-0.49
2701.13,-82.0,958.0,-176.0,0.419,-0.769,-0.629
2701.31,-80.0,957.0,-176.0,0.419,-0.699,-0.629
2701.5,-79.0,958.0,-175.0,0.49,-0.769,-0.629
2701.68,-78.0,956.0,-176.0,0.349,-0.56,-0.419
2701.86,-83.0,959.0,-174.0,0.419,-0.91,-0.629
2702.4,-75.0,957.0,-175.0,0.349,-0.699,-0.419
2702.23,-83.0,959.0,-176.0,0.629,-0.629,-0.49
2702.41,-77.0,955.0,-177.0,0.349,-0.839,-0.629
2702.59,-82.0,959.0,-176.0,0.56,-0.56,-0.49
2703.68,-79.0,958.0,-176.0,0.419,-0.839,-0.629
2703.87,-76.0,956.0,-176.0,0.28,-0.699,-0.419
2704.5,-85.0,958.0,-176.0,0.56,-0.769,-0.49
2704.23,-78.0,956.0,-176.0,0.28,-0.98,-0.699
2704.41,-82.0,958.0,-177.0,0.56,-0.629,-0.419
2704.6,-80.0,957.0,-177.0,0.419,-0.839,-0.629
2704.78,-79.0,956.0,-176.0,0.419,-0.769,-0.49
2704.96,-81.0,958.0,-177.0,0.419,-0.769,-0.629
2705.14,-79.0,956.0,-177.0,0.349,-0.699,-0.49
2705.32,-80.0,958.0,-176.0,0.349,-0.699,-0.629
2705.51,-79.0,957.0,-176.0,0.419,-0.699,-0.56
2711.71,-81.0,958.0,-176.0,0.419,-0.839,-0.629
2711.89,-80.0,956.0,-176.0,0.49,-0.839,-0.56
2712.7,-81.0,958.0,-175.0,0.349,-0.839,-0.56
2712.25,-80.0,956.0,-177.0,0.49,-0.629,-0.419
2712.43,-80.0,958.0,-175.0,0.49,-0.91,-0.629
2712.62,-80.0,956.0,-176.0,0.419,-0.699,-0.419
2712.8,-81.0,957.0,-175.0,0.49,-0.839,-0.56
2712.98,-80.0,956.0,-176.0,0.419,-0.699,-0.419
2713.16,-81.0,959.0,-174.0,0.209,-0.769,-0.769
2713.35,-78.0,957.0,-176.0,0.56,-0.56,-0.349
2713.53,-81.0,957.0,-174.0,0.28,-0.839,-0.699
2713.71,-81.0,958.0,-175.0,0.56,-0.699,-0.49
2713.89,-80.0,957.0,-176.0,0.419,-0.839,-0.49
2714.8,-82.0,958.0,-176.0,0.49,-0.769,-0.56
2714.26,-79.0,956.0,-177.0,0.349,-0.769,-0.56
2714.44,-81.0,957.0,-175.0,0.49,-0.699,-0.49
2714.62,-81.0,956.0,-176.0,0.419,-0.699,-0.49
2714.8,-80.0,956.0,-176.0,0.419,-0.769,-0.699
2714.99,-78.0,957.0,-176.0,0.419,-0.699,-0.49
2715.17,-82.0,958.0,-175.0,0.28,-0.839,-0.56
2715.35,-79.0,956.0,-177.0,0.419,-0.699,-0.49
2715.53,-80.0,958.0,-174.0,0.419,-0.839,-0.56
2715.72,-78.0,956.0,-176.0,0.349,-0.629,-0.49
2715.9,-81.0,957.0,-176.0,0.49,-0.699,-0.49
2716.8,-79.0,958.0,-175.0,0.349,-0.769,-0.56
2716.26,-78.0,957.0,-176.0,0.49,-0.629,-0.49
2716.45,-80.0,957.0,-176.0,0.49,-0.769,-0.699
2716.63,-77.0,956.0,-175.0,0.419,-0.699,-0.56
2716.81,-81.0,956.0,-176.0,0.49,-0.769,-0.56
2716.99,-80.0,957.0,-175.0,0.49,-0.839,-0.629
2717.17,-80.0,958.0,-175.0,0.349,-0.769,-0.56
2717.36,-83.0,957.0,-177.0,0.419,-0.769,-0.629
2717.54,-78.0,956.0,-176.0,0.419,-0.699,-0.49
2717.72,-80.0,958.0,-174.0,0.349,-0.769,-0.629
2717.9,-78.0,957.0,-175.0,0.49,-0.699,-0.49
2718.9,-79.0,958.0,-175.0,0.349,-0.839,-0.56
2718.45,-80.0,957.0,-177.0,0.419,-0.769,-0.629
2718.63,-80.0,957.0,-176.0,0.49,-0.629,-0.419
2718.82,-80.0,957.0,-176.0,0.419,-0.629,-0.56
2719.0,-80.0,957.0,-175.0,0.419,-0.769,-0.49
2719.18,-80.0,957.0,-176.0,0.419,-0.699,-0.419
2719.36,-81.0,958.0,-176.0,0.49,-0.769,-0.56
2719.55,-78.0,956.0,-175.0,0.49,-0.769,-0.56
2719.73,-81.0,957.0,-174.0,0.349,-0.699,-0.49
2719.91,-80.0,958.0,-176.0,0.349,-0.699,-0.56
2720.9,-79.0,957.0,-176.0,0.349,-0.699,-0.49
2720.27,-81.0,958.0,-175.0,0.49,-0.699,-0.49
2720.46,-78.0,957.0,-176.0,0.349,-0.769,-0.49
2720.64,-81.0,957.0,-176.0,0.419,-0.769,-0.49
2720.82,-79.0,957.0,-175.0,0.349,-0.769,-0.56
2721.0,-81.0,958.0,-174.0,0.419,-0.699,-0.49
2721.19,-79.0,958.0,-176.0,0.419,-0.699,-0.56
2721.37,-80.0,957.0,-175.0,0.49,-0.769,-0.49
2721.55,-79.0,957.0,-175.0,0.419,-0.769,-0.56
2721.73,-81.0,957.0,-175.0,0.49,-0.699,-0.49
2721.91,-81.0,958.0,-176.0,0.49,-0.769,-0.56
2722.1,-79.0,957.0,-176.0,0.56,-0.769,-0.49
2722.28,-80.0,957.0,-176.0,0.56,-0.769,-0.56
2722.46,-79.0,956.0,-177.0,0.56,-0.699,-0.419
2722.64,-81.0,957.0,-178.0,0.419,-0.699,-0.56
2722.83,-79.0,955.0,-178.0,0.49,-0.699,-0.56
2723.1,-82.0,958.0,-177.0,0.419,-0.629,-0.629
2723.19,-79.0,956.0,-178.0,0.419,-0.56,-0.49
2723.37,-81.0,957.0,-177.0,0.28,-0.769,-0.56
2723.56,-79.0,955.0,-176.0,0.28,-0.699,-0.49
2723.74,-82.0,959.0,-175.0,0.349,-0.699,-0.56
2723.92,-78.0,957.0,-176.0,0.419,-0.769,-0.56
2724.1,-80.0,958.0,-176.0,0.349,-0.769,-0.629
2724.28,-79.0,955.0,-176.0,0.349,-0.839,-0.49
2724.47,-81.0,957.0,-176.0,0.419,-0.839,-0.419
2724.65,-79.0,957.0,-176.0,0.28,-0.769,-0.56
2724.83,-81.0,956.0,-177.0,0.349,-0.699,-0.49
2725.1,-79.0,958.0,-175.0,0.349,-0.839,-0.56
2725.2,-80.0,957.0,-174.0,0.349,-0.769,-0.49
2725.38,-81.0,958.0,-174.0,0.349,-0.839,-0.56
2725.56,-78.0,957.0,-175.0,0.419,-0.769,-0.49
2725.74,-82.0,957.0,-175.0,0.629,-0.769,-0.49
2725.92,-77.0,957.0,-176.0,0.49,-0.91,-0.629
2726.11,-81.0,957.0,-176.0,0.629,-0.699,-0.49
2726.29,-79.0,957.0,-176.0,0.349,-0.839,-0.56
2726.47,-79.0,955.0,-176.0,0.419,-0.629,-0.49
2726.65,-80.0,957.0,-175.0,0.349,-0.699,-0.56
2726.84,-79.0,956.0,-176.0,0.419,-0.56,-0.56
2727.2,-80.0,958.0,-174.0,0.28,-0.769,-0.56
2727.2,-81.0,958.0,-175.0,0.56,-0.699,-0.56
2727.38,-78.0,957.0,-174.0,0.419,-0.91,-0.56
2727.57,-78.0,959.0,-175.0,0.56,-0.629,-0.419
2727.75,-80.0,956.0,-176.0,0.56,-0.699,-0.419
2727.93,-82.0,958.0,-174.0,0.419,-0.769,-0.629
2728.11,-81.0,957.0,-176.0,0.49,-0.699,-0.56
2728.29,-78.0,956.0,-175.0,0.349,-0.769,-0.56
2728.48,-83.0,960.0,-173.0,0.56,-0.769,-0.629
2728.66,-76.0,958.0,-172.0,0.349,-0.769,-0.629
2728.84,-82.0,960.0,-173.0,0.49,-0.629,-0.49
2729.2,-79.0,958.0,-174.0,0.419,-0.769,-0.629
2729.21,-80.0,958.0,-174.0,0.49,-0.769,-0.49
2729.39,-81.0,957.0,-176.0,0.49,-0.699,-0.56
2729.57,-81.0,957.0,-178.0,0.49,-0.699,-0.629
2729.75,-77.0,955.0,-177.0,0.349,-0.699,-0.56
2729.94,-83.0,957.0,-177.0,0.419,-0.629,-0.56
2730.12,-79.0,956.0,-175.0,0.07,-0.839,-0.629
2730.3,-80.0,957.0,-175.0,0.209,-0.56,-0.49
2730.48,-80.0,959.0,-171.0,0.14,-0.91,-0.56
2730.66,-81.0,958.0,-174.0,0.349,-0.699,-0.49
2730.85,-80.0,959.0,-174.0,0.349,-0.98,-0.699
2731.3,-80.0,956.0,-176.0,0.629,-0.699,-0.49
2731.21,-82.0,958.0,-175.0,0.49,-0.91,-0.629
2731.39,-79.0,955.0,-177.0,0.49,-0.699,-0.49
2731.58,-81.0,958.0,-177.0,0.56,-0.839,-0.56
2731.76,-80.0,956.0,-176.0,0.56,-0.769,-0.419
2731.94,-82.0,956.0,-176.0,0.349,-0.769,-0.56
2732.12,-78.0,956.0,-177.0,0.49,-0.629,-0.419
2732.3,-81.0,958.0,-176.0,0.56,-0.699,-0.56
2732.49,-78.0,957.0,-172.0,0.349,-0.629,-0.629
2732.67,-81.0,957.0,-176.0,0.49,-0.769,-0.629
2732.85,-79.0,957.0,-175.0,0.49,-0.91,-0.699
2733.3,-80.0,956.0,-178.0,0.56,-0.699,-0.49
2733.22,-82.0,956.0,-176.0,0.419,-0.699,-0.699
2733.4,-79.0,956.0,-179.0,0.419,-0.629,-0.56
2733.58,-82.0,956.0,-176.0,0.349,-0.699,-0.56
2733.76,-80.0,955.0,-176.0,0.28,-0.769,-0.56
2733.95,-81.0,957.0,-176.0,0.349,-0.769,-0.56
2734.13,-80.0,958.0,-175.0,0.349,-0.839,-0.56
2734.31,-80.0,958.0,-176.0,0.56,-0.699,-0.56
2734.49,-81.0,960.0,-174.0,0.419,-0.769,-0.629
2734.67,-79.0,955.0,-176.0,0.419,-0.699,-0.49
2734.86,-78.0,956.0,-178.0,0.49,-0.839,-0.629
2735.4,-83.0,956.0,-177.0,0.56,-0.629,-0.49
2735.22,-79.0,956.0,-177.0,0.419,-0.769,-0.769
2735.4,-81.0,955.0,-178.0,0.629,-0.49,-0.419
2735.59,-81.0,959.0,-176.0,0.419,-0.98,-0.699
2735.77,-78.0,953.0,-179.0,0.419,-0.56,-0.28
2735.95,-87.0,960.0,-177.0,0.56,-0.769,-0.629
2736.13,-72.0,953.0,-178.0,0.349,-0.56,-0.49
2736.31,-88.0,961.0,-175.0,0.49,-0.699,-0.56
2736.5,-71.0,953.0,-176.0,0.28,-0.769,-0.419
2736.68,-87.0,959.0,-175.0,0.629,-0.629,-0.419
2736.86,-74.0,955.0,-177.0,0.209,-0.91,-0.699
2737.4,-80.0,957.0,-178.0,0.699,-0.49,-0.349
2737.23,-82.0,960.0,-174.0,0.56,-0.839,-0.769
2737.41,-76.0,955.0,-177.0,0.699,-0.49,-0.209
2737.59,-83.0,957.0,-177.0,0.56,-0.769,-0.49
2737.77,-79.0,957.0,-176.0,0.49,-0.629,-0.49
2737.96,-82.0,955.0,-180.0,0.49,-0.56,-0.49
2738.14,-77.0,959.0,-174.0,0.28,-0.769,-0.629
2738.32,-79.0,956.0,-176.0,0.49,-0.49,-0.349
2738.5,-81.0,960.0,-172.0,0.349,-0.769,-0.769
2738.68,-78.0,958.0,-173.0,0.349,-0.629,-0.49
2738.87,-82.0,960.0,-174.0,0.56,-0.699,-0.699
2739.5,-77.0,957.0,-174.0,0.629,-0.839,-0.49
2739.23,-82.0,957.0,-177.0,0.629,-0.769,-0.629
2739.41,-78.0,957.0,-175.0,0.49,-0.91,-0.699
2739.6,-82.0,957.0,-178.0,0.629,-0.629,-0.56
2739.78,-79.0,956.0,-177.0,0.419,-0.769,-0.629
2739.96,-82.0,957.0,-177.0,0.49,-0.56,-0.56
2740.14,-81.0,958.0,-173.0,0.349,-0.699,-0.699
2740.33,-80.0,958.0,-174.0,0.419,-0.56,-0.56
2740.51,-77.0,957.0,-175.0,0.349,-0.839,-0.699
2740.69,-81.0,956.0,-175.0,0.629,-0.769,-0.349
2740.87,-82.0,958.0,-174.0,0.49,-0.769,-0.769
2741.5,-79.0,956.0,-177.0,0.419,-0.699,-0.629
2741.24,-82.0,957.0,-179.0,0.56,-0.769,-0.56
2741.42,-78.0,958.0,-175.0,0.419,-0.839,-0.629
2741.6,-82.0,957.0,-174.0,0.419,-0.56,-0.49
2741.78,-81.0,959.0,-175.0,0.28,-0.839,-0.769
2741.97,-79.0,956.0,-177.0,0.49,-0.629,-0.419
2742.15,-84.0,959.0,-175.0,0.49,-0.769,-0.699
2742.33,-78.0,957.0,-176.0,0.419,-0.629,-0.629
2742.51,-81.0,959.0,-176.0,0.349,-0.839,-0.629
2742.69,-77.0,957.0,-174.0,0.419,-0.769,-0.49
2743.79,-74.0,953.0,-183.0,0.419,-0.839,-0.56
2743.97,-86.0,954.0,-181.0,0.56,-0.49,-0.28
2744.15,-78.0,956.0,-177.0,-0.07,-0.98,-0.769
2744.34,-80.0,956.0,-178.0,0.56,-0.209,-0.209
2744.7,-81.0,958.0,-173.0,0.629,-0.629,-0.349
2744.88,-77.0,958.0,-174.0,0.28,-0.98,-0.629
2745.6,-81.0,958.0,-175.0,0.769,-0.629,-0.419
2745.25,-78.0,954.0,-180.0,0.629,-0.769,-0.56
2745.43,-84.0,959.0,-176.0,0.56,-0.769,-0.629
2745.61,-75.0,953.0,-176.0,0.49,-0.629,-0.56
2745.79,-81.0,957.0,-176.0,0.28,-0.699,-0.49
2751.8,-82.0,958.0,-174.0,0.349,-0.629,-0.56
2751.26,-79.0,958.0,-176.0,0.349,-0.839,-0.629
2751.44,-79.0,956.0,-176.0,0.419,-0.839,-0.49
2751.63,-83.0,958.0,-175.0,0.56,-0.769,-0.56
2751.81,-80.0,957.0,-178.0,0.349,-0.839,-0.629
2751.99,-80.0,956.0,-177.0,0.49,-0.629,-0.56
2752.17,-82.0,958.0,-176.0,0.349,-0.769,-0.56
2752.36,-80.0,958.0,-175.0,0.419,-0.629,-0.56
2752.54,-82.0,958.0,-176.0,0.49,-0.699,-0.629
2752.72,-80.0,957.0,-176.0,0.349,-0.839,-0.629
2752.9,-79.0,956.0,-176.0,0.49,-0.769,-0.49
2753.8,-80.0,957.0,-178.0,0.49,-0.769,-0.629
2753.27,-78.0,957.0,-176.0,0.49,-0.839,-0.56
2753.45,-80.0,957.0,-177.0,0.629,-0.629,-0.49
2753.63,-79.0,959.0,-175.0,0.419,-0.839,-0.699
2753.81,-77.0,956.0,-176.0,0.49,-0.699,-0.349
2754.0,-83.0,959.0,-176.0,0.49,-0.839,-0.629
2754.18,-78.0,957.0,-176.0,0.349,-0.699,-0.56
2754.36,-81.0,957.0,-177.0,0.49,-0.629,-0.49
2754.54,-80.0,958.0,-175.0,0.419,-0.769,-0.629
2754.91,-80.0,958.0,-175.0,0.419,-0.699,-0.49
2755.9,-79.0,958.0,-177.0,0.349,-0.699,-0.49
2755.27,-80.0,957.0,-176.0,0.349,-0.699,-0.56
2755.45,-79.0,957.0,-176.0,0.49,-0.699,-0.56
2755.64,-78.0,958.0,-175.0,0.349,-0.769,-0.699
2755.82,-78.0,955.0,-177.0,0.419,-0.699,-0.49
2756.0,-81.0,958.0,-176.0,0.49,-0.839,-0.56
2756.18,-79.0,957.0,-176.0,0.419,-0.699,-0.49
2756.37,-83.0,958.0,-177.0,0.349,-0.769,-0.56
2756.55,-78.0,957.0,-175.0,0.419,-0.839,-0.56
2756.73,-82.0,958.0,-174.0,0.419,-0.699,-0.49
2762.38,-77.0,957.0,-176.0,0.28,-0.769,-0.56
2762.56,-80.0,957.0,-177.0,0.49,-0.699,-0.419
2762.74,-81.0,958.0,-176.0,0.28,-0.91,-0.699
2762.93,-78.0,955.0,-176.0,0.49,-0.56,-0.419
2763.11,-83.0,959.0,-176.0,0.419,-0.769,-0.56
2763.29,-77.0,955.0,-176.0,0.349,-0.769,-0.56
2763.47,-81.0,957.0,-174.0,0.49,-0.699,-0.49
2763.66,-79.0,958.0,-176.0,0.349,-0.699,-0.56
2763.84,-82.0,957.0,-176.0,0.49,-0.699,-0.49
2764.2,-79.0,956.0,-176.0,0.349,-0.839,-0.56
2764.2,-81.0,957.0,-176.0,0.629,-0.49,-0.349
2764.39,-78.0,958.0,-175.0,0.28,-0.839,-0.699
2764.57,-77.0,954.0,-177.0,0.56,-0.629,-0.349
2764.75,-82.0,959.0,-175.0,0.28,-0.839,-0.629
2764.93,-78.0,956.0,-175.0,0.419,-0.629,-0.49
2765.11,-80.0,957.0,-175.0,0.419,-0.769,-0.49
2765.48,-80.0,957.0,-176.0,0.419,-0.769,-0.49
2765.66,-80.0,957.0,-176.0,0.49,-0.769,-0.56
2765.84,-81.0,956.0,-176.0,0.49,-0.769,-0.629
2766.3,-81.0,956.0,-177.0,0.349,-0.699,-0.49
2766.21,-79.0,957.0,-175.0,0.349,-0.769,-0.49
2766.39,-79.0,958.0,-176.0,0.419,-0.629,-0.419
2766.57,-80.0,956.0,-175.0,0.28,-0.839,-0.629
2766.75,-80.0,956.0,-176.0,0.49,-0.769,-0.56
2766.94,-76.0,958.0,-174.0,0.349,-0.839,-0.56
2767.12,-83.0,957.0,-176.0,0.56,-0.56,-0.419
2767.3,-83.0,957.0,-175.0,0.28,-0.91,-0.769
2767.48,-79.0,956.0,-177.0,0.49,-0.699,-0.49
2767.67,-83.0,958.0,-175.0,0.28,-0.839,-0.699
2767.85,-80.0,957.0,-177.0,0.49,-0.699,-0.49
2768.3,-80.0,958.0,-176.0,0.349,-0.839,-0.629
2768.21,-81.0,956.0,-176.0,0.56,-0.629,-0.419
2768.39,-82.0,959.0,-175.0,0.28,-0.91,-0.769
2768.58,-77.0,956.0,-176.0,0.56,-0.699,-0.419
2768.76,-80.0,957.0,-176.0,0.419,-0.769,-0.56
2768.94,-81.0,958.0,-176.0,0.49,-0.769,-0.56
2769.12,-82.0,957.0,-177.0,0.49,-0.839,-0.629
2769.31,-81.0,956.0,-177.0,0.419,-0.629,-0.56
2769.49,-82.0,958.0,-175.0,0.349,-0.699,-0.699
2769.67,-80.0,956.0,-176.0,0.49,-0.629,-0.49
2769.85,-83.0,959.0,-176.0,0.49,-0.91,-0.699
2770.4,-77.0,956.0,-176.0,0.419,-0.769,-0.56
2770.22,-84.0,958.0,-176.0,0.419,-0.699,-0.56
2770.4,-78.0,957.0,-176.0,0.419,-0.839,-0.629
2770.58,-79.0,956.0,-178.0,0.49,-0.56,-0.349
2770.76,-81.0,959.0,-174.0,0.349,-0.839,-0.699
2770.95,-77.0,956.0,-176.0,0.49,-0.699,-0.49
2771.13,-82.0,958.0,-175.0,0.419,-0.699,-0.49
2771.31,-80.0,957.0,-176.0,0.349,-0.91,-0.629
2771.49,-78.0,958.0,-176.0,0.49,-0.839,-0.629
2771.68,-78.0,956.0,-176.0,0.419,-0.699,-0.419
2771.86,-82.0,958.0,-177.0,0.349,-0.769,-0.49
2772.4,-80.0,958.0,-176.0,0.419,-0.91,-0.629
2772.22,-78.0,956.0,-178.0,0.419,-0.629,-0.419
2772.4,-81.0,959.0,-176.0,0.419,-0.769,-0.56
2772.59,-80.0,955.0,-176.0,0.419,-0.629,-0.56
2772.77,-80.0,958.0,-175.0,0.49,-0.839,-0.629
2772.95,-79.0,956.0,-176.0,0.349,-0.699,-0.49
2773.13,-81.0,957.0,-178.0,0.49,-0.839,-0.629
2773.32,-78.0,956.0,-177.0,0.49,-0.629,-0.56
2773.5,-81.0,958.0,-178.0,0.419,-0.699,-0.56
2773.68,-78.0,956.0,-179.0,0.419,-0.699,-0.49
2773.86,-78.0,958.0,-177.0,0.419,-0.769,-0.56
2774.4,-78.0,957.0,-176.0,0.419,-0.699,-0.49
2774.23,-81.0,957.0,-178.0,0.419,-0.699,-0.419
2774.41,-81.0,958.0,-176.0,0.419,-0.91,-0.629
2774.59,-76.0,957.0,-175.0,0.419,-0.839,-0.49
2774.77,-83.0,956.0,-176.0,0.56,-0.629,-0.419
2774.96,-81.0,957.0,-176.0,0.349,-0.839,-0.629
2775.14,-80.0,957.0,-175.0,0.49,-0.629,-0.419
2775.32,-81.0,958.0,-176.0,0.349,-0.839,-0.699
2775.5,-78.0,956.0,-177.0,0.49,-0.769,-0.56
2775.69,-78.0,958.0,-176.0,0.349,-0.769,-0.56
2775.87,-82.0,958.0,-177.0,0.49,-0.699,-0.419
2776.5,-82.0,958.0,-175.0,0.49,-0.839,-0.629
2776.23,-78.0,957.0,-176.0,0.419,-0.699,-0.49
2776.41,-81.0,957.0,-175.0,0.419,-0.769,-0.49
2776.6,-80.0,957.0,-175.0,0.49,-0.769,-0.629
2776.78,-78.0,958.0,-175.0,0.349,-0.769,-0.56
2776.96,-81.0,957.0,-176.0,0.49,-0.699,-0.56
2777.14,-81.0,956.0,-176.0,0.419,-0.839,-0.629
2777.33,-80.0,957.0,-175.0,0.349,-0.769,-0.629
2777.51,-81.0,957.0,-175.0,0.419,-0.769,-0.49
2777.69,-80.0,957.0,-176.0,0.419,-0.769,-0.56
2777.87,-80.0,957.0,-175.0,0.49,-0.699,-0.49
2778.5,-80.0,958.0,-176.0,0.49,-0.839,-0.629
2778.24,-78.0,957.0,-176.0,0.419,-0.699,-0.49
2778.42,-80.0,957.0,-174.0,0.419,-0.839,-0.56
2778.6,-79.0,957.0,-176.0,0.349,-0.769,-0.56
2778.78,-80.0,958.0,-175.0,0.419,-0.769,-0.49
2778.97,-80.0,956.0,-176.0,0.419,-0.769,-0.56
2779.15,-81.0,957.0,-175.0,0.419,-0.769,-0.56
2779.33,-78.0,957.0,-176.0,0.349,-0.699,-0.49
2779.51,-79.0,957.0,-175.0,0.349,-0.699,-0.49
2779.7,-82.0,956.0,-176.0,0.49,-0.699,-0.49
2779.88,-79.0,958.0,-175.0,0.349,-0.839,-0.699
2780.6,-80.0,957.0,-176.0,0.56,-0.629,-0.49
2780.24,-81.0,957.0,-174.0,0.349,-0.839,-0.629
2780.42,-79.0,957.0,-176.0,0.49,-0.629,-0.419
2780.61,-80.0,958.0,-175.0,0.349,-0.839,-0.629
2780.79,-79.0,957.0,-176.0,0.419,-0.699,-0.419
2780.97,-81.0,958.0,-174.0,0.419,-0.839,-0.629
2781.15,-79.0,956.0,-175.0,0.49,-0.629,-0.49
2781.34,-80.0,958.0,-176.0,0.419,-0.769,-0.629
2781.52,-80.0,958.0,-175.0,0.419,-0.769,-0.56
2781.7,-79.0,957.0,-176.0,0.419,-0.769,-0.49
2781.88,-82.0,958.0,-175.0,0.419,-0.699,-0.56
2782.6,-79.0,956.0,-176.0,0.419,-0.769,-0.56
2782.25,-82.0,958.0,-174.0,0.49,-0.769,-0.56
2782.43,-79.0,957.0,-176.0,0.419,-0.699,-0.56
2782.61,-80.0,957.0,-175.0,0.49,-0.769,-0.56
2782.79,-80.0,956.0,-176.0,0.49,-0.699,-0.56
2784.62,-81.0,957.0,-175.0,0.49,-0.699,-0.49
2784.8,-80.0,958.0,-175.0,0.419,-0.769,-0.629
2784.98,-79.0,957.0,-175.0,0.419,-0.629,-0.49
2785.16,-80.0,957.0,-175.0,0.419,-0.699,-0.49
2785.34,-80.0,958.0,-174.0,0.49,-0.839,-0.56
2785.53,-79.0,956.0,-175.0,0.349,-0.769,-0.56
2785.71,-81.0,957.0,-175.0,0.49,-0.699,-0.56
2785.89,-80.0,956.0,-176.0,0.419,-0.769,-0.56
2786.7,-81.0,957.0,-176.0,0.419,-0.699,-0.629
2786.26,-79.0,957.0,-176.0,0.419,-0.699,-0.56
2786.44,-81.0,958.0,-176.0,0.419,-0.699,-0.49
2786.62,-80.0,957.0,-175.0,0.419,-0.769,-0.56
2786.8,-80.0,957.0,-175.0,0.49,-0.699,-0.56
2786.99,-81.0,958.0,-175.0,0.419,-0.699,-0.49
2787.17,-80.0,957.0,-177.0,0.56,-0.699,-0.56
2787.35,-79.0,957.0,-175.0,0.419,-0.769,-0.49
2787.53,-80.0,958.0,-175.0,0.419,-0.769,-0.49
2787.71,-81.0,958.0,-176.0,0.419,-0.699,-0.56
2787.9,-80.0,957.0,-175.0,0.419,-0.839,-0.629
2788.8,-79.0,957.0,-175.0,0.49,-0.699,-0.56
2788.26,-80.0,956.0,-176.0,0.49,-0.699,-0.49
2788.44,-81.0,957.0,-175.0,0.28,-0.839,-0.629
2788.63,-77.0,956.0,-176.0,0.49,-0.629,-0.419
2788.81,-81.0,958.0,-176.0,0.419,-0.769,-0.699
2788.99,-78.0,956.0,-176.0,0.419,-0.629,-0.49
2789.17,-81.0,958.0,-175.0,0.419,-0.839,-0.629
2789.35,-78.0,956.0,-176.0,0.49,-0.629,-0.419
2790.99,-79.0,957.0,-175.0,0.49,-0.699,-0.49
2791.18,-82.0,957.0,-175.0,0.56,-0.699,-0.49
2791.36,-78.0,958.0,-176.0,0.28,-0.769,-0.56
2791.54,-82.0,957.0,-176.0,0.56,-0.699,-0.49
2791.72,-79.0,958.0,-174.0,0.419,-0.769,-0.629
2791.91,-78.0,957.0,-176.0,0.49,-0.56,-0.419
2792.9,-81.0,957.0,-175.0,0.419,-0.769,-0.49
2792.27,-81.0,957.0,-176.0,0.419,-0.629,-0.419
2792.45,-82.0,957.0,-176.0,0.349,-0.699,-0.56
2792.63,-79.0,958.0,-176.0,0.419,-0.769,-0.629
2792.82,-79.0,957.0,-177.0,0.49,-0.629,-0.419
2793.0,-82.0,956.0,-176.0,0.419,-0.839,-0.56
2793.18,-80.0,956.0,-178.0,0.349,-0.699,-0.419
2793.36,-81.0,958.0,-176.0,0.349,-0.769,-0.629
2793.55,-79.0,956.0,-176.0,0.349,-0.629,-0.49
2793.73,-84.0,958.0,-176.0,0.56,-0.769,-0.629
2793.91,-77.0,956.0,-175.0,0.28,-0.769,-0.629
2794.9,-84.0,958.0,-174.0,0.629,-0.629,-0.49
2794.27,-79.0,956.0,-174.0,0.349,-0.91,-0.629
2794.46,-82.0,958.0,-177.0,0.419,-0.629,-0.49
2794.64,-80.0,957.0,-175.0,0.419,-0.839,-0.699
2794.82,-79.0,956.0,-176.0,0.419,-0.699,-0.56
2795.0,-81.0,957.0,-175.0,0.419,-0.769,-0.56
2795.19,-80.0,957.0,-176.0,0.419,-0.839,-0.56
2795.37,-81.0,957.0,-176.0,0.349,-0.769,-0.56
2795.55,-80.0,956.0,-176.0,0.49,-0.699,-0.49
2795.73,-80.0,958.0,-175.0,0.419,-0.769,-0.56
2795.92,-79.0,956.0,-176.0,0.419,-0.629,-0.49
2796.1,-81.0,958.0,-176.0,0.419,-0.839,-0.56
2796.28,-78.0,957.0,-176.0,0.419,-0.699,-0.56
2796.46,-81.0,956.0,-176.0,0.49,-0.629,-0.49
2796.64,-80.0,958.0,-175.0,0.349,-0.769,-0.699
2796.83,-78.0,957.0,-178.0,0.419,-0.769,-0.56
2797.1,-82.0,957.0,-177.0,0.419,-0.769,-0.56
2797.19,-80.0,957.0,-176.0,0.419,-0.839,-0.629
2797.37,-79.0,956.0,-176.0,0.349,-0.699,-0.56
2797.56,-81.0,958.0,-176.0,0.419,-0.769,-0.56
2797.74,-79.0,958.0,-174.0,0.349,-0.699,-0.49
2797.92,-80.0,956.0,-177.0,0.419,-0.629,-0.419
2798.1,-81.0,958.0,-175.0,0.349,-0.839,-0.56
2798.28,-79.0,957.0,-176.0,0.349,-0.699,-0.49
2798.47,-81.0,957.0,-175.0,0.419,-0.769,-0.49
2798.65,-80.0,957.0,-176.0,0.49,-0.699,-0.56
2798.83,-82.0,957.0,-177.0,0.349,-0.769,-0.49
2799.1,-80.0,957.0,-176.0,0.49,-0.699,-0.56
2799.2,-81.0,957.0,-176.0,0.419,-0.699,-0.56
2799.38,-79.0,957.0,-176.0,0.419,-0.769,-0.56
2799.56,-79.0,957.0,-176.0,0.419,-0.699,-0.49
2799.74,-80.0,958.0,-175.0,0.49,-0.699,-0.49
2799.92,-79.0,956.0,-175.0,0.349,-0.699,-0.49
2800.11,-81.0,958.0,-176.0,0.49,-0.699,-0.56
2800.29,-78.0,956.0,-175.0,0.419,-0.699,-0.49
2800.47,-83.0,957.0,-175.0,0.49,-0.699,-0.56
2800.65,-79.0,956.0,-176.0,0.349,-0.769,-0.629
2800.84,-80.0,958.0,-176.0,0.419,-0.699,-0.49
2801.2,-78.0,957.0,-175.0,0.419,-0.699,-0.56
2801.2,-82.0,957.0,-176.0,0.419,-0.699,-0.56
2801.38,-79.0,958.0,-177.0,0.419,-0.769,-0.56
2801.57,-81.0,957.0,-176.0,0.419,-0.699,-0.49
2801.75,-80.0,957.0,-175.0,0.419,-0.839,-0.56
2801.93,-80.0,958.0,-177.0,0.56,-0.769,-0.56
2802.11,-79.0,957.0,-176.0,0.419,-0.699,-0.49
2802.29,-81.0,957.0,-176.0,0.419,-0.699,-0.56
2802.48,-80.0,956.0,-176.0,0.28,-0.769,-0.629
2802.66,-80.0,957.0,-176.0,0.419,-0.699,-0.49
2802.84,-80.0,958.0,-175.0,0.349,-0.839,-0.629
2803.2,-79.0,957.0,-175.0,0.419,-0.699,-0.49
2803.21,-82.0,957.0,-176.0,0.419,-0.839,-0.629
2803.39,-79.0,958.0,-175.0,0.419,-0.699,-0.56
2803.57,-82.0,957.0,-175.0,0.419,-0.839,-0.49
2803.75,-79.0,958.0,-176.0,0.49,-0.839,-0.629
2803.93,-80.0,958.0,-175.0,0.419,-0.839,-0.56
2804.12,-81.0,956.0,-179.0,0.419,-0.769,-0.56
2804.3,-78.0,956.0,-177.0,0.56,-0.839,-0.629
2804.48,-79.0,956.0,-174.0,0.419,-0.769,-0.56
2804.66,-80.0,957.0,-179.0,0.28,-0.769,-0.56
2804.85,-80.0,957.0,-176.0,0.56,-0.769,-0.56
2805.3,-81.0,957.0,-175.0,0.209,-0.769,-0.49
2805.21,-82.0,959.0,-177.0,0.49,-0.56,-0.629
2805.39,-78.0,956.0,-176.0,0.349,-0.769,-0.419
2805.57,-83.0,958.0,-177.0,0.49,-0.699,-0.629
2805.76,-78.0,957.0,-175.0,0.349,-0.769,-0.419
2805.94,-80.0,958.0,-176.0,0.349,-0.699,-0.49
2806.12,-81.0,957.0,-177.0,0.56,-0.699,-0.419
2806.3,-80.0,957.0,-174.0,0.349,-0.839,-0.56
2806.49,-78.0,956.0,-176.0,0.49,-0.49,-0.419
2806.67,-81.0,957.0,-176.0,0.419,-0.769,-0.56
2806.85,-80.0,956.0,-176.0,0.49,-0.769,-0.56
2807.3,-81.0,957.0,-177.0,0.49,-0.699,-0.629
2807.21,-78.0,957.0,-177.0,0.419,-0.699,-0.56
2807.4,-82.0,957.0,-177.0,0.419,-0.699,-0.49
2807.58,-80.0,957.0,-176.0,0.419,-0.769,-0.629
2807.76,-79.0,955.0,-176.0,0.419,-0.629,-0.49
2807.94,-82.0,957.0,-175.0,0.419,-0.839,-0.629
2808.13,-80.0,958.0,-177.0,0.419,-0.769,-0.56
2808.31,-79.0,957.0,-176.0,0.419,-0.769,-0.49
2808.49,-81.0,957.0,-177.0,0.349,-0.699,-0.49
2808.67,-83.0,957.0,-177.0,0.56,-0.699,-0.629
2808.86,-79.0,957.0,-176.0,0.419,-0.839,-0.699
2809.4,-80.0,956.0,-176.0,0.49,-0.629,-0.49
2809.22,-82.0,957.0,-177.0,0.419,-0.839,-0.629
2809.4,-80.0,957.0,-177.0,0.49,-0.769,-0.56
2809.58,-82.0,958.0,-175.0,0.349,-0.699,-0.629
2809.77,-79.0,956.0,-176.0,0.349,-0.769,-0.56
2809.95,-80.0,958.0,-176.0,0.49,-0.699,-0.56
2810.13,-81.0,957.0,-177.0,0.419,-0.839,-0.629
2810.31,-79.0,957.0,-175.0,0.349,-0.769,-0.629
2810.5,-80.0,956.0,-176.0,0.49,-0.699,-0.56
2810.68,-80.0,956.0,-176.0,0.419,-0.699,-0.49
2810.86,-80.0,956.0,-176.0,0.49,-0.629,-0.56
2811.4,-81.0,957.0,-176.0,0.28,-0.769,-0.629
2811.22,-80.0,957.0,-175.0,0.349,-0.769,-0.56
2811.41,-80.0,958.0,-175.0,0.419,-0.839,-0.56
2811.59,-80.0,958.0,-175.0,0.419,-0.699,-0.56
2811.77,-80.0,957.0,-174.0,0.419,-0.629,-0.49
2811.95,-81.0,958.0,-175.0,0.49,-0.769,-0.629
2812.14,-79.0,958.0,-175.0,0.349,-0.769,-0.56
2812.32,-81.0,956.0,-175.0,0.49,-0.769,-0.49
2812.5,-80.0,957.0,-175.0,0.49,-0.839,-0.56
2812.68,-80.0,956.0,-175.0,0.349,-0.699,-0.49
2812.86,-80.0,957.0,-176.0,0.49,-0.769,-0.56
2813.5,-78.0,957.0,-176.0,0.419,-0.769,-0.56
2814.14,-80.0,958.0,-176.0,0.349,-0.699,-0.56
2814.32,-80.0,956.0,-175.0,0.419,-0.699,-0.56
2814.5,-79.0,956.0,-176.0,0.419,-0.769,-0.49
2814.69,-80.0,958.0,-175.0,0.419,-0.769,-0.56
2814.87,-80.0,957.0,-175.0,0.49,-0.699,-0.56
2815.5,-79.0,958.0,-175.0,0.419,-0.839,-0.629
2815.23,-80.0,957.0,-175.0,0.49,-0.699,-0.49
2815.42,-82.0,958.0,-176.0,0.419,-0.769,-0.56
2815.6,-79.0,958.0,-175.0,0.419,-0.769,-0.629
2815.78,-78.0,957.0,-175.0,0.349,-0.629,-0.419
2815.96,-81.0,958.0,-175.0,0.49,-0.769,-0.629
2821.25,-79.0,957.0,-176.0,0.49,-0.629,-0.49
2821.43,-83.0,958.0,-176.0,0.49,-0.839,-0.56
2821.61,-80.0,956.0,-176.0,0.349,-0.699,-0.629
2821.79,-80.0,957.0,-176.0,0.419,-0.699,-0.49
2821.98,-80.0,957.0,-175.0,0.419,-0.769,-0.49
2822.16,-81.0,957.0,-176.0,0.349,-0.769,-0.56
2822.34,-79.0,957.0,-176.0,0.419,-0.629,-0.49
2822.52,-83.0,958.0,-175.0,0.349,-0.769,-0.49
2822.71,-78.0,956.0,-177.0,0.49,-0.629,-0.56
2822.89,-81.0,957.0,-176.0,0.49,-0.769,-0.49
2823.7,-80.0,958.0,-176.0,0.49,-0.839,-0.629
2823.25,-81.0,956.0,-175.0,0.349,-0.699,-0.419
2823.44,-81.0,956.0,-177.0,0.349,-0.769,-0.629
2823.62,-81.0,958.0,-175.0,0.49,-0.699,-0.49
2823.8,-81.0,959.0,-176.0,0.419,-0.769,-0.629
2823.98,-80.0,958.0,-176.0,0.419,-0.699,-0.56
2824.89,-80.0,957.0,-177.0,0.49,-0.769,-0.56
2825.8,-80.0,957.0,-176.0,0.28,-0.769,-0.56
2825.26,-80.0,957.0,-176.0,0.419,-0.699,-0.49
2825.44,-82.0,958.0,-175.0,0.349,-0.769,-0.629
2825.62,-79.0,957.0,-175.0,0.349,-0.699,-0.49
2825.8,-81.0,957.0,-175.0,0.49,-0.699,-0.56
2825.99,-80.0,957.0,-176.0,0.419,-0.769,-0.56
2826.17,-80.0,957.0,-176.0,0.419,-0.699,-0.49
2826.35,-80.0,958.0,-176.0,0.49,-0.769,-0.629
2826.53,-80.0,957.0,-176.0,0.419,-0.769,-0.629
2826.72,-80.0,956.0,-177.0,0.419,-0.699,-0.56
2826.9,-81.0,957.0,-176.0,0.419,-0.769,-0.56
2827.8,-78.0,957.0,-176.0,0.419,-0.699,-0.56
2827.26,-81.0,957.0,-175.0,0.419,-0.769,-0.56
2827.44,-78.0,958.0,-174.0,0.349,-0.839,-0.629
2827.63,-79.0,957.0,-175.0,0.49,-0.699,-0.49
2827.81,-82.0,958.0,-174.0,0.419,-0.839,-0.629
2827.99,-78.0,957.0,-176.0,0.49,-0.699,-0.49
2828.17,-81.0,958.0,-176.0,0.49,-0.699,-0.49
2828.36,-80.0,957.0,-176.0,0.49,-0.769,-0.629
2828.54,-79.0,957.0,-175.0,0.349,-0.699,-0.49
2828.72,-80.0,957.0,-175.0,0.419,-0.699,-0.49
2828.9,-80.0,958.0,-175.0,0.49,-0.769,-0.629
2829.9,-80.0,957.0,-175.0,0.419,-0.699,-0.49
2829.27,-81.0,957.0,-175.0,0.419,-0.769,-0.56
2829.45,-81.0,958.0,-176.0,0.49,-0.839,-0.49
2829.63,-80.0,957.0,-176.0,0.419,-0.839,-0.56
2829.81,-81.0,957.0,-176.0,0.419,-0.699,-0.56
2830.0,-81.0,956.0,-177.0,0.49,-0.629,-0.49
2830.18,-80.0,958.0,-175.0,0.419,-0.839,-0.629
2830.36,-81.0,958.0,-176.0,0.49,-0.699,-0.49
2831.82,-80.0,958.0,-174.0,0.349,-0.769,-0.629
2832.0,-77.0,956.0,-175.0,0.349,-0.699,-0.419
2832.18,-82.0,958.0,-176.0,0.56,-0.839,-0.56
2832.37,-78.0,956.0,-176.0,0.49,-0.839,-0.49
2832.55,-81.0,958.0,-177.0,0.49,-0.699,-0.56
2832.73,-79.0,956.0,-177.0,0.419,-0.769,-0.56
2832.91,-81.0,957.0,-177.0,0.49,-0.629,-0.49
2833.1,-78.0,957.0,-175.0,0.28,-0.769,-0.629
2833.28,-79.0,957.0,-176.0,0.419,-0.699,-0.349
2833.46,-81.0,958.0,-176.0,0.28,-0.91,-0.699
2833.64,-78.0,956.0,-177.0,0.49,-0.699,-0.49
2833.82,-82.0,958.0,-175.0,0.419,-0.91,-0.629
2834.1,-77.0,956.0,-176.0,0.419,-0.629,-0.49
2834.19,-83.0,957.0,-175.0,0.419,-0.699,-0.56
2834.37,-79.0,957.0,-177.0,0.28,-0.839,-0.629
2834.55,-80.0,956.0,-178.0,0.419,-0.699,-0.49
2834.74,-81.0,957.0,-176.0,0.349,-0.839,-0.56
2834.92,-79.0,958.0,-175.0,0.419,-0.699,-0.49
2835.1,-79.0,956.0,-177.0,0.349,-0.699,-0.49
2835.28,-78.0,958.0,-175.0,0.49,-0.699,-0.49
2835.46,-79.0,957.0,-176.0,0.28,-0.769,-0.49
2835.65,-82.0,958.0,-177.0,0.56,-0.699,-0.56
2835.83,-77.0,957.0,-176.0,0.349,-0.839,-0.49
2836.1,-81.0,957.0,-176.0,0.49,-0.629,-0.419
2836.19,-79.0,957.0,-177.0,0.349,-0.769,-0.629
2836.38,-80.0,957.0,-176.0,0.419,-0.629,-0.49
2836.56,-81.0,958.0,-176.0,0.419,-0.769,-0.56
2836.74,-79.0,957.0,-177.0,0.349,-0.699,-0.56
2836.92,-81.0,957.0,-175.0,0.419,-0.769,-0.56
2837.11,-82.0,957.0,-176.0,0.419,-0.769,-0.56
2837.29,-81.0,957.0,-178.0,0.419,-0.769,-0.56
2837.47,-81.0,957.0,-175.0,0.349,-0.769,-0.56
2837.65,-82.0,957.0,-177.0,0.419,-0.699,-0.56
2837.83,-81.0,957.0,-175.0,0.419,-0.769,-0.629
2838.2,-78.0,956.0,-176.0,0.56,-0.629,-0.56
2839.11,-79.0,957.0,-174.0,0.349,-0.699,-0.629
2839.29,-80.0,957.0,-176.0,0.49,-0.839,-0.629
2839.47,-79.0,957.0,-176.0,0.419,-0.769,-0.49
2839.66,-79.0,957.0,-176.0,0.349,-0.699,-0.56
2839.84,-81.0,957.0,-176.0,0.49,-0.629,-0.56
2840.2,-79.0,957.0,-176.0,0.419,-0.699,-0.56
2840.2,-80.0,958.0,-176.0,0.49,-0.629,-0.49
2840.39,-79.0,957.0,-176.0,0.349,-0.769,-0.629
2840.57,-80.0,958.0,-176.0,0.419,-0.629,-0.419
2840.75,-80.0,958.0,-176.0,0.349,-0.769,-0.629
2840.93,-79.0,957.0,-177.0,0.419,-0.629,-0.49
2845.67,-81.0,957.0,-177.0,0.49,-0.699,-0.56
2845.85,-80.0,957.0,-176.0,0.49,-0.769,-0.56
2846.4,-80.0,956.0,-175.0,0.28,-0.699,-0.56
2846.22,-81.0,958.0,-176.0,0.49,-0.769,-0.56
2846.4,-79.0,956.0,-175.0,0.349,-0.769,-0.56
2846.58,-81.0,957.0,-176.0,0.419,-0.699,-0.49
2846.76,-80.0,958.0,-177.0,0.349,-0.769,-0.56
2846.95,-80.0,957.0,-176.0,0.49,-0.699,-0.49
2847.13,-82.0,957.0,-176.0,0.419,-0.769,-0.629
2847.31,-79.0,956.0,-176.0,0.419,-0.699,-0.56
2847.49,-81.0,957.0,-176.0,0.419,-0.769,-0.56
2852.6,-80.0,957.0,-176.0,0.349,-0.699,-0.49
2852.78,-81.0,958.0,-176.0,0.419,-0.769,-0.56
2852.96,-80.0,957.0,-175.0,0.49,-0.699,-0.56
2853.14,-80.0,958.0,-176.0,0.349,-0.699,-0.49
2853.33,-81.0,957.0,-175.0,0.419,-0.699,-0.629
2853.51,-80.0,957.0,-176.0,0.49,-0.699,-0.56
2853.69,-81.0,957.0,-175.0,0.419,-0.769,-0.56
2853.87,-80.0,957.0,-177.0,0.419,-0.769,-0.56
2854.6,-81.0,957.0,-176.0,0.419,-0.769,-0.56
2854.24,-79.0,957.0,-176.0,0.419,-0.699,-0.629
2859.89,-79.0,957.0,-176.0,0.349,-0.769,-0.49
2860.7,-83.0,958.0,-175.0,0.49,-0.699,-0.419
2860.25,-81.0,957.0,-176.0,0.419,-0.839,-0.629
2860.44,-80.0,956.0,-176.0,0.49,-0.629,-0.49
2860.62,-81.0,957.0,-175.0,0.349,-0.769,-0.629
2860.8,-80.0,956.0,-176.0,0.49,-0.629,-0.56
2860.98,-81.0,959.0,-175.0,0.419,-0.839,-0.629
2861.16,-78.0,955.0,-177.0,0.49,-0.699,-0.49
2861.35,-80.0,957.0,-175.0,0.49,-0.839,-0.56
2861.53,-79.0,957.0,-177.0,0.419,-0.699,-0.56
2861.71,-80.0,957.0,-175.0,0.419,-0.769,-0.56
2861.89,-78.0,956.0,-175.0,0.419,-0.699,-0.56
2862.8,-80.0,957.0,-177.0,0.419,-0.699,-0.49
2862.26,-81.0,957.0,-176.0,0.419,-0.769,-0.56
2862.44,-80.0,957.0,-175.0,0.49,-0.699,-0.629
2862.62,-80.0,957.0,-174.0,0.419,-0.769,-0.56
2862.81,-80.0,957.0,-176.0,0.49,-0.839,-0.56
2862.99,-81.0,957.0,-176.0,0.49,-0.769,-0.56
2863.17,-78.0,956.0,-175.0,0.349,-0.699,-0.49
2863.35,-81.0,956.0,-178.0,0.49,-0.769,-0.56
2863.53,-78.0,957.0,-175.0,0.419,-0.839,-0.56
2863.72,-78.0,956.0,-177.0,0.419,-0.629,-0.349
2863.9,-81.0,958.0,-175.0,0.349,-0.91,-0.629
2864.8,-77.0,957.0,-176.0,0.419,-0.699,-0.49
2864.26,-82.0,958.0,-175.0,0.419,-0.699,-0.49
2864.45,-78.0,956.0,-176.0,0.419,-0.769,-0.56
2864.63,-80.0,958.0,-176.0,0.49,-0.699,-0.419
2864.81,-79.0,957.0,-175.0,0.419,-0.699,-0.56
2864.99,-81.0,956.0,-175.0,0.419,-0.769,-0.49
2865.17,-78.0,957.0,-175.0,0.419,-0.769,-0.49
2865.36,-79.0,956.0,-176.0,0.419,-0.699,-0.49
2865.54,-82.0,958.0,-176.0,0.49,-0.839,-0.629
2865.72,-78.0,956.0,-175.0,0.349,-0.769,-0.56
2865.9,-80.0,957.0,-177.0,0.419,-0.769,-0.419
2866.9,-79.0,956.0,-176.0,0.349,-0.769,-0.629
2866.27,-80.0,957.0,-177.0,0.419,-0.699,-0.49
2866.45,-81.0,958.0,-175.0,0.28,-0.769,-0.629
2866.63,-81.0,956.0,-177.0,0.419,-0.699,-0.49
2866.82,-79.0,957.0,-176.0,0.349,-0.91,-0.699
2867.0,-80.0,956.0,-176.0,0.49,-0.699,-0.419
2867.18,-80.0,958.0,-175.0,0.349,-0.91,-0.56
2867.36,-80.0,957.0,-176.0,0.419,-0.699,-0.56
2867.54,-81.0,957.0,-176.0,0.419,-0.699,-0.629
2868.46,-84.0,958.0,-175.0,0.419,-0.839,-0.629
2868.64,-78.0,956.0,-177.0,0.349,-0.769,-0.56
2868.82,-81.0,958.0,-175.0,0.419,-0.699,-0.56
2869.0,-79.0,956.0,-176.0,0.349,-0.769,-0.56
2869.18,-81.0,959.0,-174.0,0.419,-0.769,-0.629
2869.37,-77.0,955.0,-177.0,0.28,-0.769,-0.56
2869.55,-85.0,959.0,-176.0,0.56,-0.839,-0.629
2869.73,-77.0,956.0,-176.0,0.28,-0.839,-0.629
2869.91,-82.0,957.0,-177.0,0.56,-0.629,-0.49
2870.1,-78.0,958.0,-177.0,0.349,-0.91,-0.629
2870.28,-81.0,957.0,-175.0,0.419,-0.629,-0.419
2870.46,-82.0,960.0,-175.0,0.28,-0.839,-0.699
2870.64,-77.0,957.0,-176.0,0.419,-0.629,-0.49
2870.83,-83.0,959.0,-174.0,0.56,-0.699,-0.56
2871.1,-80.0,957.0,-176.0,0.56,-0.699,-0.629
2871.19,-78.0,958.0,-176.0,0.349,-0.769,-0.49
2871.37,-82.0,956.0,-177.0,0.629,-0.699,-0.419
2871.55,-77.0,959.0,-175.0,0.14,-0.769,-0.56
2871.74,-84.0,956.0,-178.0,0.629,-0.28,-0.28
2871.92,-80.0,960.0,-173.0,0.14,-1.12,-0.839
2872.1,-76.0,955.0,-176.0,0.56,-0.28,-0.209
2872.28,-85.0,960.0,-172.0,0.28,-0.91,-0.699
2872.47,-74.0,955.0,-176.0,0.49,-0.629,-0.49
2872.65,-82.0,958.0,-176.0,0.699,-0.699,-0.56
2872.83,-77.0,956.0,-176.0,0.349,-0.839,-0.699
2873.1,-79.0,956.0,-176.0,0.49,-0.56,-0.419
2873.19,-81.0,959.0,-174.0,0.209,-0.98,-0.699
2873.38,-76.0,955.0,-177.0,0.419,-0.56,-0.349
2873.56,-83.0,960.0,-173.0,0.28,-0.98,-0.629
2873.74,-76.0,955.0,-176.0,0.56,-0.629,-0.419
2873.92,-81.0,959.0,-174.0,0.419,-0.839,-0.629
2874.11,-77.0,956.0,-176.0,0.56,-0.629,-0.419
2874.29,-81.0,955.0,-176.0,0.349,-0.839,-0.56
2874.47,-76.0,955.0,-177.0,0.419,-0.699,-0.49
2874.65,-79.0,957.0,-177.0,0.349,-0.769,-0.56
2874.84,-78.0,956.0,-175.0,0.419,-0.699,-0.629
2875.2,-80.0,957.0,-176.0,0.419,-0.769,-0.56
2875.2,-78.0,958.0,-175.0,0.419,-0.769,-0.629
2875.38,-80.0,956.0,-176.0,0.28,-0.769,-0.419
2875.56,-83.0,959.0,-178.0,0.49,-0.769,-0.56
2875.75,-78.0,956.0,-176.0,0.349,-0.769,-0.56
2875.93,-83.0,958.0,-175.0,0.419,-0.699,-0.56
2876.11,-77.0,957.0,-177.0,0.349,-0.769,-0.56
2876.29,-82.0,960.0,-175.0,0.49,-0.699,-0.419
2876.48,-80.0,957.0,-175.0,0.419,-0.769,-0.56
2876.66,-79.0,958.0,-176.0,0.419,-0.769,-0.49
2876.84,-80.0,958.0,-177.0,0.56,-0.769,-0.56
2877.2,-80.0,956.0,-177.0,0.49,-0.91,-0.56
2877.2,-81.0,957.0,-177.0,0.56,-0.769,-0.629
2877.39,-78.0,956.0,-177.0,0.419,-0.629,-0.49
2877.57,-83.0,956.0,-178.0,0.49,-0.699,-0.56
2877.75,-79.0,957.0,-177.0,0.419,-0.769,-0.629
2877.93,-80.0,957.0,-176.0,0.49,-0.56,-0.419
2878.12,-81.0,957.0,-175.0,0.349,-0.699,-0.56
2878.3,-80.0,958.0,-176.0,0.419,-0.769,-0.49
2878.48,-80.0,958.0,-175.0,0.349,-0.699,-0.49
2878.66,-81.0,958.0,-175.0,0.419,-0.629,-0.56
2878.84,-80.0,957.0,-176.0,0.419,-0.699,-0.49
2879.3,-79.0,957.0,-175.0,0.49,-0.699,-0.49
2879.21,-82.0,958.0,-177.0,0.49,-0.699,-0.49
2879.39,-80.0,957.0,-176.0,0.56,-0.839,-0.629
2879.57,-79.0,956.0,-176.0,0.419,-0.629,-0.56
2879.76,-80.0,956.0,-177.0,0.419,-0.699,-0.56
2879.94,-80.0,956.0,-176.0,0.419,-0.699,-0.629
2880.12,-81.0,957.0,-177.0,0.49,-0.769,-0.49
2880.3,-77.0,956.0,-176.0,0.209,-0.839,-0.629
2883.4,-80.0,957.0,-176.0,0.419,-0.629,-0.56
2883.58,-81.0,957.0,-175.0,0.49,-0.699,-0.56
2883.77,-80.0,957.0,-175.0,0.419,-0.769,-0.49
2883.95,-80.0,957.0,-175.0,0.419,-0.699,-0.49
2884.13,-80.0,957.0,-175.0,0.49,-0.769,-0.56
2884.31,-79.0,958.0,-175.0,0.419,-0.769,-0.56
2884.5,-81.0,957.0,-177.0,0.419,-0.839,-0.56
2884.68,-78.0,955.0,-176.0,0.419,-0.699,-0.419
2884.86,-83.0,957.0,-177.0,0.49,-0.769,-0.49
2885.4,-78.0,956.0,-177.0,0.349,-0.839,-0.769
2885.22,-78.0,957.0,-177.0,0.349,-0.699,-0.49
2885.41,-81.0,958.0,-174.0,0.349,-0.839,-0.56
2885.59,-80.0,958.0,-175.0,0.419,-0.699,-0.56
2885.77,-80.0,958.0,-176.0,0.419,-0.769,-0.56
2885.95,-79.0,958.0,-176.0,0.419,-0.699,-0.49
2886.14,-80.0,957.0,-175.0,0.49,-0.769,-0.56
2886.32,-80.0,957.0,-176.0,0.419,-0.699,-0.49
2886.5,-80.0,957.0,-177.0,0.419,-0.699,-0.56
2886.68,-80.0,957.0,-174.0,0.349,-0.699,-0.49
2886.86,-81.0,958.0,-175.0,0.419,-0.699,-0.56
2887.5,-80.0,957.0,-175.0,0.349,-0.699,-0.56
2887.23,-80.0,958.0,-175.0,0.49,-0.769,-0.49
2887.41,-79.0,957.0,-176.0,0.419,-0.769,-0.56
2887.59,-81.0,956.0,-176.0,0.49,-0.769,-0.56
2887.78,-79.0,956.0,-175.0,0.49,-0.839,-0.49
2887.96,-80.0,957.0,-176.0,0.49,-0.699,-0.56
2888.14,-80.0,957.0,-176.0,0.419,-0.769,-0.56
2888.32,-80.0,957.0,-176.0,0.419,-0.769,-0.49
2888.5,-80.0,958.0,-176.0,0.419,-0.699,-0.49
2888.69,-80.0,957.0,-175.0,0.49,-0.769,-0.56
2888.87,-80.0,957.0,-175.0,0.56,-0.699,-0.629
2889.5,-80.0,957.0,-176.0,0.419,-0.699,-0.56
2889.23,-80.0,956.0,-175.0,0.349,-0.699,-0.629
2889.42,-80.0,958.0,-176.0,0.349,-0.769,-0.49
2890.87,-82.0,957.0,-175.0,0.419,-0.699,-0.49
2891.6,-79.0,957.0,-175.0,0.349,-0.699,-0.49
2891.24,-80.0,956.0,-175.0,0.419,-0.769,-0.56
2891.42,-80.0,958.0,-175.0,0.419,-0.769,-0.629
2891.6,-79.0,957.0,-175.0,0.419,-0.699,-0.419
2891.79,-81.0,958.0,-176.0,0.419,-0.769,-0.629
2891.97,-78.0,958.0,-175.0,0.419,-0.699,-0.49
2892.15,-82.0,958.0,-175.0,0.28,-0.769,-0.56
2892.33,-80.0,957.0,-177.0,0.49,-0.699,-0.56
2892.51,-80.0,957.0,-175.0,0.419,-0.839,-0.56
2892.7,-80.0,957.0,-176.0,0.419,-0.699,-0.56
2892.88,-80.0,957.0,-176.0,0.349,-0.769,-0.56
2893.6,-78.0,956.0,-175.0,0.419,-0.699,-0.49
2893.24,-81.0,958.0,-175.0,0.419,-0.769,-0.629
2893.43,-79.0,956.0,-176.0,0.419,-0.699,-0.56
2893.61,-80.0,957.0,-175.0,0.419,-0.699,-0.56
2893.79,-79.0,957.0,-175.0,0.419,-0.699,-0.49
2893.97,-79.0,957.0,-175.0,0.419,-0.769,-0.56
2894.15,-80.0,957.0,-177.0,0.56,-0.699,-0.419
2894.34,-80.0,957.0,-175.0,0.349,-0.839,-0.629
2894.52,-80.0,957.0,-176.0,0.419,-0.629,-0.49
2894.7,-80.0,958.0,-176.0,0.49,-0.839,-0.769
2894.88,-79.0,956.0,-176.0,0.49,-0.699,-0.349
2895.7,-82.0,957.0,-176.0,0.349,-0.839,-0.699
2895.25,-79.0,956.0,-177.0,0.49,-0.769,-0.49
2895.43,-82.0,957.0,-174.0,0.49,-0.769,-0.699
2895.61,-79.0,955.0,-176.0,0.349,-0.769,-0.419
2895.79,-82.0,959.0,-173.0,0.49,-0.839,-0.629
2895.98,-76.0,955.0,-175.0,0.28,-0.769,-0.56
2896.16,-83.0,958.0,-177.0,0.629,-0.769,-0.629
2896.34,-76.0,956.0,-173.0,0.209,-0.839,-0.49
2896.52,-85.0,958.0,-177.0,0.629,-0.56,-0.419
2896.71,-79.0,957.0,-174.0,0.349,-0.98,-0.699
2896.89,-80.0,958.0,-176.0,0.49,-0.629,-0.419
2897.7,-83.0,957.0,-174.0,0.419,-0.91,-0.629
2897.25,-78.0,956.0,-176.0,0.49,-0.629,-0.56
2897.43,-82.0,958.0,-175.0,0.49,-0.699,-0.49
2897.62,-80.0,956.0,-176.0,0.49,-0.699,-0.56
2897.8,-79.0,956.0,-175.0,0.49,-0.629,-0.49
2897.98,-82.0,958.0,-175.0,0.349,-0.769,-0.629
2898.16,-79.0,957.0,-176.0,0.349,-0.699,-0.56
2898.35,-80.0,957.0,-175.0,0.349,-0.699,-0.49
2898.53,-81.0,958.0,-175.0,0.349,-0.769,-0.56
2898.71,-79.0,958.0,-175.0,0.349,-0.839,-0.56
2898.89,-81.0,957.0,-176.0,0.49,-0.699,-0.49
2899.8,-81.0,957.0,-175.0,0.419,-0.839,-0.56
2899.26,-80.0,958.0,-175.0,0.419,-0.699,-0.56
2899.44,-80.0,957.0,-176.0,0.49,-0.769,-0.56
2899.62,-81.0,958.0,-175.0,0.349,-0.769,-0.56
2899.8,-80.0,955.0,-176.0,0.349,-0.699,-0.56
2899.99,-85.0,959.0,-175.0,0.49,-0.699,-0.629
2900.17,-76.0,957.0,-175.0,0.349,-0.839,-0.699
2900.35,-83.0,957.0,-176.0,0.56,-0.56,-0.419
2900.53,-80.0,957.0,-175.0,0.28,-0.91,-0.699
2900.72,-81.0,958.0,-175.0,0.56,-0.699,-0.49
2900.9,-78.0,957.0,-175.0,0.349,-0.839,-0.629
2901.8,-81.0,957.0,-176.0,0.56,-0.629,-0.419
2901.26,-80.0,958.0,-175.0,0.28,-0.839,-0.699
2901.44,-80.0,956.0,-176.0,0.49,-0.629,-0.419
2901.63,-79.0,958.0,-176.0,0.28,-0.839,-0.629
2901.81,-79.0,956.0,-174.0,0.349,-0.629,-0.349
2901.99,-80.0,959.0,-175.0,0.28,-0.769,-0.629
2902.17,-76.0,957.0,-174.0,0.28,-0.699,-0.49
2902.36,-85.0,960.0,-174.0,0.49,-0.769,-0.56
2902.54,-77.0,957.0,-174.0,0.349,-0.839,-0.629
2902.72,-84.0,957.0,-175.0,0.56,-0.629,-0.28
2902.9,-79.0,960.0,-175.0,0.209,-1.12,-0.91
2903.27,-87.0,960.0,-174.0,0.14,-0.98,-0.839
2903.45,-75.0,955.0,-176.0,0.419,-0.629,-0.419
2903.63,-86.0,959.0,-174.0,0.28,-0.91,-0.699
2903.81,-75.0,954.0,-178.0,0.419,-0.629,-0.419
2904.0,-87.0,960.0,-174.0,0.419,-0.839,-0.699
2904.18,-76.0,955.0,-177.0,0.419,-0.769,-0.629
2904.36,-82.0,959.0,-176.0,0.56,-0.839,-0.629
2904.54,-77.0,955.0,-175.0,0.49,-0.769,-0.56
2904.72,-82.0,958.0,-175.0,0.349,-0.769,-0.49
2904.91,-78.0,958.0,-176.0,0.419,-0.769,-0.56
2905.9,-80.0,956.0,-176.0,0.56,-0.629,-0.49
2905.27,-81.0,957.0,-176.0,0.49,-0.839,-0.629
2905.45,-76.0,956.0,-176.0,0.419,-0.769,-0.56
2905.64,-79.0,956.0,-176.0,0.49,-0.699,-0.419
2905.82,-81.0,957.0,-176.0,0.349,-0.699,-0.56
2906.0,-82.0,958.0,-176.0,0.419,-0.769,-0.629
2909.28,-83.0,958.0,-176.0,0.49,-0.769,-0.629
2909.46,-78.0,956.0,-176.0,0.209,-0.769,-0.56
2909.65,-82.0,957.0,-175.0,0.56,-0.629,-0.419
2909.83,-79.0,957.0,-175.0,0.28,-0.839,-0.629
2910.1,-79.0,956.0,-176.0,0.419,-0.699,-0.419
2910.19,-79.0,958.0,-175.0,0.349,-0.839,-0.56
2910.38,-80.0,958.0,-175.0,0.56,-0.629,-0.49
2910.56,-80.0,956.0,-176.0,0.419,-0.699,-0.629
2910.74,-79.0,958.0,-176.0,0.49,-0.699,-0.56
2910.92,-80.0,957.0,-176.0,0.419,-0.699,-0.629
2911.1,-81.0,957.0,-178.0,0.56,-0.769,-0.56
2911.29,-78.0,958.0,-175.0,0.28,-0.839,-0.699
2911.47,-81.0,956.0,-177.0,0.419,-0.629,-0.419
2911.65,-80.0,958.0,-175.0,0.349,-0.91,-0.699
2911.83,-78.0,956.0,-176.0,0.349,-0.629,-0.49
2912.2,-82.0,958.0,-175.0,0.419,-0.839,-0.56
2913.29,-80.0,958.0,-175.0,0.349,-0.769,-0.629
2913.47,-80.0,957.0,-176.0,0.49,-0.699,-0.49
2913.66,-81.0,957.0,-176.0,0.419,-0.699,-0.56
2913.84,-80.0,958.0,-176.0,0.49,-0.699,-0.49
2914.2,-80.0,958.0,-175.0,0.49,-0.769,-0.629
2914.2,-80.0,957.0,-177.0,0.49,-0.769,-0.49
2914.39,-80.0,956.0,-175.0,0.419,-0.699,-0.56
2914.57,-80.0,957.0,-176.0,0.49,-0.629,-0.56
2914.75,-79.0,957.0,-175.0,0.349,-0.699,-0.56
2914.93,-81.0,958.0,-176.0,0.419,-0.699,-0.49
2915.11,-79.0,956.0,-176.0,0.419,-0.839,-0.56
2915.3,-80.0,957.0,-176.0,0.49,-0.769,-0.56
2915.48,-80.0,957.0,-176.0,0.419,-0.699,-0.56
2915.66,-81.0,957.0,-176.0,0.49,-0.769,-0.56
2915.84,-79.0,957.0,-176.0,0.349,-0.769,-0.56
2916.3,-80.0,957.0,-175.0,0.419,-0.769,-0.56
2916.21,-80.0,957.0,-175.0,0.419,-0.769,-0.56
2916.39,-80.0,956.0,-176.0,0.28,-0.769,-0.56
2916.57,-81.0,957.0,-177.0,0.419,-0.769,-0.56
2916.75,-79.0,956.0,-176.0,0.419,-0.769,-0.49
2916.94,-79.0,957.0,-177.0,0.49,-0.699,-0.56
2917.12,-79.0,957.0,-176.0,0.349,-0.769,-0.56
2917.3,-80.0,958.0,-176.0,0.419,-0.769,-0.56
2917.48,-79.0,957.0,-176.0,0.419,-0.699,-0.56
2917.67,-81.0,957.0,-177.0,0.49,-0.699,-0.56
2917.85,-79.0,957.0,-176.0,0.419,-0.839,-0.56
2918.3,-80.0,958.0,-176.0,0.49,-0.699,-0.49
2918.21,-81.0,958.0,-176.0,0.349,-0.91,-0.629
2918.39,-78.0,955.0,-176.0,0.349,-0.629,-0.419
2918.58,-84.0,958.0,-176.0,0.419,-0.839,-0.629
2918.76,-78.0,956.0,-177.0,0.419,-0.769,-0.56
2918.94,-81.0,957.0,-176.0,0.419,-0.699,-0.49
2919.12,-82.0,957.0,-176.0,0.349,-0.839,-0.629
2919.31,-81.0,957.0,-176.0,0.419,-0.769,-0.56
2919.49,-79.0,958.0,-175.0,0.419,-0.769,-0.629
2919.67,-80.0,957.0,-175.0,0.419,-0.629,-0.49
2919.85,-81.0,957.0,-174.0,0.419,-0.839,-0.629
2920.4,-79.0,956.0,-176.0,0.419,-0.699,-0.49
2920.22,-82.0,958.0,-176.0,0.419,-0.699,-0.56
2920.4,-80.0,957.0,-177.0,0.419,-0.839,-0.56
2920.58,-81.0,957.0,-175.0,0.419,-0.699,-0.49
2920.76,-81.0,957.0,-176.0,0.349,-0.769,-0.699
2920.95,-80.0,958.0,-175.0,0.349,-0.769,-0.49
2921.13,-82.0,957.0,-174.0,0.419,-0.699,-0.629
2921.31,-79.0,956.0,-176.0,0.419,-0.699,-0.49
2921.49,-82.0,956.0,-176.0,0.419,-0.769,-0.56
2921.68,-81.0,958.0,-176.0,0.419,-0.699,-0.56
2921.86,-79.0,956.0,-177.0,0.349,-0.769,-0.629
2922.4,-80.0,957.0,-175.0,0.419,-0.699,-0.49
2922.22,-79.0,957.0,-175.0,0.349,-0.699,-0.56
2922.4,-82.0,959.0,-175.0,0.49,-0.769,-0.49
2922.59,-80.0,956.0,-176.0,0.419,-0.769,-0.629
2922.77,-79.0,958.0,-176.0,0.419,-0.769,-0.49
2922.95,-81.0,957.0,-175.0,0.419,-0.769,-0.56
2923.13,-80.0,957.0,-175.0,0.419,-0.769,-0.56
2923.32,-81.0,957.0,-176.0,0.419,-0.769,-0.56
2923.5,-77.0,956.0,-175.0,0.349,-0.699,-0.56
2923.68,-81.0,957.0,-176.0,0.419,-0.699,-0.49
2923.86,-80.0,959.0,-175.0,0.419,-0.839,-0.629
2924.5,-78.0,957.0,-176.0,0.419,-0.699,-0.49
2924.23,-82.0,958.0,-176.0,0.49,-0.839,-0.56
2924.41,-78.0,957.0,-176.0,0.349,-0.699,-0.629
2924.59,-81.0,958.0,-178.0,0.56,-0.56,-0.349
2924.77,-80.0,958.0,-176.0,0.419,-0.91,-0.769
2924.96,-78.0,956.0,-177.0,0.419,-0.56,-0.49
2925.14,-81.0,957.0,-175.0,0.349,-0.699,-0.629
2925.32,-77.0,956.0,-177.0,0.349,-0.699,-0.49
2925.5,-82.0,958.0,-175.0,0.49,-0.699,-0.56
2925.69,-78.0,957.0,-177.0,0.349,-0.769,-0.56
2925.87,-81.0,958.0,-176.0,0.49,-0.699,-0.49
2926.5,-79.0,957.0,-177.0,0.419,-0.839,-0.56
2926.23,-81.0,957.0,-176.0,0.419,-0.699,-0.419
2926.42,-81.0,958.0,-176.0,0.419,-0.769,-0.629
2926.6,-78.0,958.0,-175.0,0.49,-0.699,-0.49
2926.78,-82.0,957.0,-176.0,0.49,-0.699,-0.49
2926.96,-80.0,957.0,-175.0,0.49,-0.699,-0.56
2927.14,-82.0,960.0,-175.0,0.349,-0.91,-0.629
2927.33,-76.0,956.0,-177.0,0.419,-0.629,-0.419
2927.51,-84.0,958.0,-174.0,0.419,-0.769,-0.56
2927.69,-77.0,957.0,-175.0,0.349,-0.839,-0.56
2927.87,-81.0,956.0,-175.0,0.49,-0.629,-0.49
2928.6,-81.0,958.0,-176.0,0.419,-0.839,-0.699
2928.24,-77.0,955.0,-176.0,0.349,-0.769,-0.56
2928.42,-83.0,958.0,-175.0,0.419,-0.699,-0.629
2928.6,-78.0,956.0,-175.0,0.28,-0.839,-0.629
2928.78,-82.0,957.0,-175.0,0.49,-0.769,-0.49
2928.97,-80.0,958.0,-175.0,0.349,-0.839,-0.56
2929.15,-81.0,959.0,-175.0,0.419,-0.629,-0.49
2929.33,-80.0,958.0,-176.0,0.419,-0.839,-0.56
2929.51,-80.0,958.0,-176.0,0.419,-0.699,-0.56
2929.7,-79.0,956.0,-177.0,0.419,-0.699,-0.419
2929.88,-83.0,958.0,-176.0,0.49,-0.839,-0.56
2930.6,-79.0,956.0,-175.0,0.349,-0.769,-0.629
2930.24,-79.0,957.0,-177.0,0.49,-0.629,-0.49
2930.43,-80.0,957.0,-176.0,0.419,-0.699,-0.49
2930.61,-81.0,958.0,-176.0,0.419,-0.699,-0.56
2930.79,-80.0,956.0,-176.0,0.419,-0.699,-0.56
2930.97,-79.0,957.0,-176.0,0.419,-0.699,-0.56
2931.15,-81.0,956.0,-177.0,0.49,-0.699,-0.56
2931.34,-83.0,958.0,-176.0,0.419,-0.839,-0.629
2931.52,-78.0,956.0,-176.0,0.349,-0.699,-0.56
2931.7,-82.0,958.0,-176.0,0.49,-0.699,-0.56
2931.88,-78.0,957.0,-175.0,0.419,-0.769,-0.56
2932.7,-81.0,957.0,-175.0,0.419,-0.699,-0.56
2932.25,-79.0,957.0,-176.0,0.349,-0.769,-0.56
2932.43,-80.0,957.0,-176.0,0.49,-0.699,-0.49
2932.61,-80.0,958.0,-176.0,0.209,-0.839,-0.56
2932.79,-79.0,957.0,-176.0,0.49,-0.699,-0.49
2932.98,-81.0,959.0,-175.0,0.419,-0.769,-0.629
2933.16,-79.0,957.0,-175.0,0.349,-0.699,-0.629
2933.34,-82.0,957.0,-175.0,0.49,-0.839,-0.56
2933.52,-78.0,957.0,-175.0,0.349,-0.839,-0.56
2933.71,-80.0,958.0,-175.0,0.49,-0.769,-0.49
2933.89,-80.0,957.0,-175.0,0.349,-0.769,-0.419
2934.7,-81.0,957.0,-176.0,0.419,-0.769,-0.56
2934.25,-81.0,957.0,-176.0,0.49,-0.769,-0.56
2934.44,-79.0,958.0,-176.0,0.349,-0.699,-0.56
2934.62,-80.0,957.0,-176.0,0.419,-0.699,-0.56
2934.8,-80.0,958.0,-175.0,0.349,-0.769,-0.56
2934.98,-79.0,958.0,-175.0,0.419,-0.769,-0.49
2935.16,-82.0,957.0,-176.0,0.419,-0.839,-0.56
2935.35,-79.0,957.0,-176.0,0.49,-0.699,-0.56
2935.53,-81.0,957.0,-176.0,0.49,-0.769,-0.49
2935.71,-79.0,957.0,-177.0,0.49,-0.699,-0.56
2935.89,-79.0,957.0,-177.0,0.49,-0.699,-0.49
2936.8,-79.0,957.0,-176.0,0.349,-0.769,-0.56
2936.26,-81.0,956.0,-178.0,0.49,-0.699,-0.56
2936.44,-80.0,958.0,-176.0,0.419,-0.769,-0.56
2936.62,-81.0,957.0,-177.0,0.419,-0.629,-0.56
2936.8,-81.0,957.0,-177.0,0.49,-0.699,-0.629
2936.99,-80.0,958.0,-178.0,0.419,-0.699,-0.629
2937.17,-82.0,957.0,-177.0,0.49,-0.769,-0.419
2937.35,-80.0,957.0,-176.0,0.349,-0.769,-0.56
2937.53,-80.0,957.0,-177.0,0.49,-0.769,-0.49
2937.72,-79.0,958.0,-177.0,0.419,-0.769,-0.629
2937.9,-79.0,957.0,-177.0,0.419,-0.699,-0.49
2938.8,-79.0,958.0,-175.0,0.419,-0.699,-0.56
2938.26,-80.0,957.0,-177.0,0.419,-0.629,-0.56
2938.45,-81.0,958.0,-175.0,0.419,-0.91,-0.699
2938.63,-76.0,955.0,-176.0,0.49,-0.699,-0.49
2938.81,-84.0,957.0,-176.0,0.49,-0.699,-0.56
2938.99,-79.0,957.0,-176.0,0.28,-0.839,-0.629
2939.17,-81.0,956.0,-177.0,0.49,-0.699,-0.419
2939.36,-82.0,957.0,-176.0,0.419,-0.769,-0.629
2939.54,-80.0,957.0,-176.0,0.49,-0.839,-0.56
2939.72,-79.0,956.0,-175.0,0.419,-0.769,-0.56
2939.9,-80.0,958.0,-175.0,0.419,-0.769,-0.56
2940.9,-81.0,958.0,-176.0,0.349,-0.699,-0.56
2940.27,-82.0,958.0,-176.0,0.419,-0.839,-0.629
2940.45,-79.0,957.0,-175.0,0.419,-0.769,-0.49
2940.63,-80.0,957.0,-175.0,0.419,-0.769,-0.56
2940.81,-78.0,958.0,-176.0,0.419,-0.769,-0.56
2941.0,-80.0,957.0,-175.0,0.349,-0.629,-0.56
2941.18,-82.0,957.0,-176.0,0.419,-0.699,-0.56
2941.36,-80.0,957.0,-176.0,0.349,-0.839,-0.629
2941.54,-80.0,958.0,-175.0,0.49,-0.769,-0.49
2941.73,-84.0,957.0,-176.0,0.419,-0.699,-0.56
2941.91,-79.0,958.0,-175.0,0.419,-0.699,-0.56
2942.9,-81.0,957.0,-175.0,0.49,-0.629,-0.349
2944.28,-81.0,958.0,-177.0,0.49,-0.699,-0.49
2944.46,-80.0,956.0,-177.0,0.349,-0.769,-0.56
2944.64,-80.0,958.0,-176.0,0.349,-0.699,-0.49
2944.82,-79.0,956.0,-176.0,0.419,-0.699,-0.49
2945.1,-80.0,958.0,-176.0,0.419,-0.769,-0.56
2945.19,-79.0,957.0,-176.0,0.419,-0.699,-0.49
2945.37,-81.0,958.0,-175.0,0.419,-0.769,-0.56
2945.55,-79.0,957.0,-176.0,0.419,-0.839,-0.56
2945.74,-79.0,958.0,-175.0,0.419,-0.699,-0.56
2945.92,-81.0,957.0,-175.0,0.349,-0.769,-0.629
2946.1,-80.0,957.0,-176.0,0.49,-0.699,-0.56
2946.28,-79.0,957.0,-176.0,0.349,-0.699,-0.49
2946.47,-80.0,956.0,-176.0,0.49,-0.699,-0.56
2946.65,-79.0,958.0,-176.0,0.419,-0.699,-0.56
2946.83,-80.0,957.0,-176.0,0.49,-0.769,-0.49
2947.1,-78.0,957.0,-175.0,0.349,-0.699,-0.49
2947.19,-82.0,958.0,-176.0,0.56,-0.699,-0.629
2947.38,-80.0,957.0,-177.0,0.349,-0.769,-0.49
2950.11,-80.0,957.0,-177.0,0.349,-0.769,-0.56
2950.29,-81.0,957.0,-176.0,0.419,-0.769,-0.56
2950.48,-80.0,957.0,-177.0,0.419,-0.699,-0.56
2950.66,-80.0,957.0,-177.0,0.419,-0.629,-0.56
2950.84,-80.0,957.0,-175.0,0.419,-0.769,-0.629
2951.2,-78.0,957.0,-177.0,0.49,-0.56,-0.49
2951.2,-86.0,958.0,-176.0,0.49,-0.699,-0.56
2951.39,-78.0,956.0,-175.0,0.28,-0.839,-0.629
2951.57,-82.0,958.0,-176.0,0.49,-0.629,-0.419
2951.75,-80.0,957.0,-174.0,0.28,-0.769,-0.629
2951.93,-82.0,958.0,-176.0,0.49,-0.769,-0.49
2952.12,-76.0,958.0,-175.0,0.349,-0.839,-0.629
2952.3,-81.0,956.0,-177.0,0.56,-0.56,-0.349
2952.48,-80.0,958.0,-176.0,0.349,-0.839,-0.699
2952.66,-79.0,955.0,-176.0,0.49,-0.56,-0.349
2952.85,-82.0,958.0,-176.0,0.349,-0.91,-0.629
2953.3,-79.0,956.0,-176.0,0.49,-0.629,-0.49
2953.21,-81.0,958.0,-176.0,0.419,-0.769,-0.629
2953.39,-78.0,956.0,-176.0,0.419,-0.699,-0.419
2953.57,-82.0,959.0,-175.0,0.419,-0.769,-0.56
2953.76,-78.0,956.0,-177.0,0.419,-0.699,-0.49
2954.67,-80.0,957.0,-177.0,0.349,-0.629,-0.56
2954.85,-81.0,958.0,-177.0,0.419,-0.769,-0.56
2955.3,-77.0,957.0,-176.0,0.28,-0.839,-0.56
2955.22,-79.0,958.0,-177.0,0.49,-0.699,-0.419
2955.4,-80.0,957.0,-176.0,0.49,-0.839,-0.629
2955.58,-79.0,957.0,-177.0,0.56,-0.699,-0.49
2955.76,-77.0,957.0,-177.0,0.419,-0.699,-0.49
2955.94,-80.0,957.0,-176.0,0.419,-0.699,-0.49
2956.13,-80.0,957.0,-176.0,0.419,-0.839,-0.56
2956.31,-77.0,956.0,-176.0,0.419,-0.699,-0.56
2956.49,-83.0,958.0,-176.0,0.49,-0.629,-0.49
2961.78,-78.0,958.0,-175.0,0.49,-0.629,-0.49
2961.96,-81.0,958.0,-175.0,0.419,-0.699,-0.49
2962.14,-80.0,957.0,-175.0,0.349,-0.699,-0.56
2962.32,-79.0,959.0,-175.0,0.419,-0.769,-0.56
2962.51,-81.0,957.0,-176.0,0.419,-0.699,-0.49
2962.69,-81.0,957.0,-176.0,0.419,-0.769,-0.56
2962.87,-80.0,957.0,-177.0,0.419,-0.699,-0.49
2963.5,-83.0,957.0,-176.0,0.49,-0.699,-0.56
2963.24,-79.0,957.0,-176.0,0.419,-0.769,-0.56
2963.42,-79.0,957.0,-175.0,0.349,-0.699,-0.49
2963.6,-83.0,956.0,-177.0,0.56,-0.699,-0.49
2963.78,-78.0,958.0,-176.0,0.28,-0.839,-0.629
2963.97,-80.0,958.0,-177.0,0.49,-0.629,-0.49
2964.15,-81.0,956.0,-176.0,0.28,-0.839,-0.629
2964.33,-80.0,958.0,-176.0,0.349,-0.699,-0.56
2964.51,-80.0,957.0,-175.0,0.419,-0.839,-0.629
2964.69,-80.0,957.0,-176.0,0.419,-0.699,-0.56
2964.88,-79.0,957.0,-175.0,0.349,-0.699,-0.49
2965.6,-79.0,957.0,-175.0,0.419,-0.629,-0.49
2965.24,-81.0,958.0,-175.0,0.49,-0.699,-0.49
2965.42,-80.0,957.0,-175.0,0.419,-0.769,-0.56
2965.61,-80.0,958.0,-175.0,0.419,-0.839,-0.49
2965.79,-78.0,956.0,-175.0,0.49,-0.699,-0.56
2965.97,-82.0,958.0,-176.0,0.49,-0.699,-0.56
2966.15,-77.0,957.0,-175.0,0.349,-0.769,-0.56
2966.34,-80.0,957.0,-176.0,0.49,-0.629,-0.49
2966.52,-81.0,958.0,-175.0,0.419,-0.839,-0.629
2966.7,-78.0,956.0,-176.0,0.419,-0.629,-0.49
2966.88,-82.0,958.0,-176.0,0.419,-0.699,-0.56
2967.6,-80.0,957.0,-175.0,0.419,-0.699,-0.56
2967.25,-80.0,957.0,-175.0,0.349,-0.769,-0.699
2967.43,-78.0,956.0,-176.0,0.419,-0.629,-0.419
2967.61,-80.0,958.0,-175.0,0.349,-0.769,-0.56
2967.79,-80.0,956.0,-176.0,0.419,-0.699,-0.49
2967.98,-80.0,958.0,-176.0,0.349,-0.769,-0.56
2968.16,-80.0,958.0,-175.0,0.419,-0.699,-0.56
2968.34,-80.0,957.0,-175.0,0.49,-0.769,-0.49
2968.89,-81.0,957.0,-175.0,0.349,-0.769,-0.56
2969.7,-79.0,956.0,-177.0,0.49,-0.629,-0.49
2969.25,-81.0,957.0,-177.0,0.349,-0.839,-0.629
2969.43,-78.0,956.0,-176.0,0.349,-0.629,-0.419
2969.62,-81.0,957.0,-176.0,0.419,-0.699,-0.56
2969.8,-80.0,958.0,-175.0,0.349,-0.839,-0.629
2969.98,-81.0,956.0,-177.0,0.49,-0.699,-0.56
2970.16,-80.0,958.0,-175.0,0.419,-0.839,-0.56
2970.35,-80.0,956.0,-176.0,0.56,-0.699,-0.49
2970.53,-82.0,958.0,-176.0,0.419,-0.839,-0.699
2970.71,-78.0,955.0,-178.0,0.419,-0.56,-0.349
2970.89,-82.0,958.0,-175.0,0.349,-0.839,-0.699
2971.8,-78.0,957.0,-176.0,0.419,-0.629,-0.419
2971.26,-83.0,959.0,-175.0,0.49,-0.839,-0.629
2971.44,-77.0,956.0,-176.0,0.419,-0.699,-0.49
2971.62,-82.0,959.0,-175.0,0.419,-0.839,-0.49
2971.8,-78.0,956.0,-176.0,0.349,-0.839,-0.49
2971.99,-81.0,957.0,-176.0,0.49,-0.699,-0.49
2972.17,-79.0,958.0,-176.0,0.349,-0.699,-0.629
2972.35,-80.0,957.0,-175.0,0.56,-0.629,-0.49
2972.53,-79.0,958.0,-175.0,0.349,-0.769,-0.56
2972.72,-80.0,957.0,-176.0,0.49,-0.629,-0.56
2972.9,-80.0,957.0,-175.0,0.349,-0.769,-0.629
2973.8,-79.0,958.0,-175.0,0.419,-0.699,-0.49
2973.26,-81.0,958.0,-176.0,0.49,-0.769,-0.56
2973.45,-79.0,957.0,-176.0,0.349,-0.769,-0.56
2974.36,-79.0,957.0,-176.0,0.349,-0.699,-0.629
2974.54,-80.0,956.0,-176.0,0.419,-0.699,-0.49
2974.72,-80.0,957.0,-176.0,0.349,-0.769,-0.49
2974.9,-80.0,957.0,-176.0,0.419,-0.699,-0.56
2975.9,-79.0,956.0,-176.0,0.49,-0.769,-0.56
2975.27,-81.0,958.0,-174.0,0.419,-0.769,-0.56
2975.45,-79.0,957.0,-176.0,0.349,-0.699,-0.56
2975.63,-81.0,958.0,-175.0,0.419,-0.769,-0.56
2975.82,-80.0,958.0,-175.0,0.419,-0.699,-0.56
2976.0,-80.0,957.0,-176.0,0.49,-0.629,-0.49
2976.18,-79.0,958.0,-175.0,0.49,-0.769,-0.56
2976.36,-80.0,958.0,-175.0,0.49,-0.769,-0.56
2976.54,-79.0,958.0,-175.0,0.49,-0.769,-0.56
2976.73,-77.0,956.0,-175.0,0.419,-0.699,-0.49
2976.91,-83.0,958.0,-175.0,0.629,-0.769,-0.56
2977.9,-75.0,956.0,-176.0,0.349,-0.839,-0.769
2977.27,-78.0,956.0,-177.0,0.49,-0.629,-0.419
2977.46,-79.0,957.0,-176.0,0.28,-0.769,-0.49
2977.64,-84.0,959.0,-177.0,0.419,-0.769,-0.629
2977.82,-77.0,957.0,-176.0,0.209,-0.91,-0.699
2978.0,-78.0,955.0,-176.0,0.419,-0.629,-0.349
2978.19,-85.0,959.0,-175.0,0.349,-0.91,-0.699
2978.37,-79.0,958.0,-174.0,0.419,-0.839,-0.56
2979.46,-77.0,957.0,-175.0,0.419,-0.769,-0.629
2979.64,-81.0,957.0,-176.0,0.629,-0.699,-0.419
2979.83,-82.0,959.0,-175.0,0.56,-0.98,-0.769
2980.1,-78.0,956.0,-178.0,0.629,-0.699,-0.56
2980.19,-82.0,956.0,-176.0,0.56,-0.839,-0.629
2980.37,-80.0,956.0,-178.0,0.699,-0.49,-0.419
2980.56,-80.0,956.0,-178.0,0.49,-0.629,-0.699
2980.74,-82.0,957.0,-177.0,0.56,-0.629,-0.629
2980.92,-75.0,955.0,-176.0,0.209,-0.629,-0.56
2981.1,-84.0,957.0,-178.0,0.419,-0.49,-0.419
2981.28,-83.0,960.0,-175.0,0.49,-1.049,-0.839
2981.47,-77.0,955.0,-175.0,0.209,-0.629,-0.49
2981.65,-83.0,956.0,-178.0,0.56,-0.629,-0.419
2981.83,-84.0,958.0,-176.0,0.419,-0.839,-0.49
2982.1,-80.0,955.0,-177.0,0.49,-0.699,-0.56
2982.2,-81.0,957.0,-178.0,0.349,-0.839,-0.699
2982.38,-76.0,957.0,-177.0,0.349,-0.49,-0.349
2982.56,-83.0,957.0,-177.0,0.28,-0.839,-0.769
2982.74,-77.0,955.0,-176.0,0.419,-0.769,-0.49
2982.93,-79.0,959.0,-175.0,0.209,-0.699,-0.419
2983.11,-82.0,958.0,-176.0,0.349,-0.699,-0.49
2983.29,-82.0,959.0,-175.0,0.419,-0.769,-0.49
2983.47,-77.0,957.0,-175.0,0.349,-0.699,-0.49
2983.65,-84.0,959.0,-173.0,0.419,-0.769,-0.56
2983.84,-79.0,958.0,-174.0,0.629,-0.699,-0.49
2984.2,-82.0,959.0,-175.0,0.419,-0.769,-0.56
2984.2,-77.0,956.0,-175.0,0.419,-0.91,-0.699
2984.38,-79.0,956.0,-173.0,0.419,-0.56,-0.349
2984.57,-80.0,955.0,-176.0,0.349,-0.629,-0.629
2984.75,-83.0,958.0,-175.0,0.28,-0.91,-0.769
2984.93,-73.0,955.0,-177.0,0.28,-0.769,-0.49
2985.11,-91.0,961.0,-176.0,0.699,-0.629,-0.56
2985.3,-69.0,950.0,-181.0,0.28,-1.12,-0.699
2985.48,-89.0,960.0,-177.0,0.629,-0.629,-0.419
2985.66,-76.0,955.0,-178.0,0.209,-0.839,-0.56
2985.84,-86.0,957.0,-176.0,0.419,-0.56,-0.49
2986.2,-76.0,959.0,-171.0,0.07,-0.839,-0.699
2986.21,-81.0,959.0,-175.0,0.629,-0.419,-0.28
2986.39,-75.0,955.0,-176.0,0.14,-1.12,-0.699
2986.57,-87.0,961.0,-174.0,0.629,-0.56,-0.419
2986.75,-74.0,953.0,-179.0,0.28,-0.91,-0.699
2986.94,-81.0,955.0,-177.0,0.56,-0.49,-0.28
2987.12,-87.0,961.0,-177.0,0.07,-1.12,-0.769
2987.3,-73.0,955.0,-176.0,0.28,-0.56,-0.349
2987.48,-82.0,959.0,-172.0,0.349,-0.91,-0.49
2990.76,-73.0,953.0,-179.0,0.56,-0.769,-0.419
2990.95,-81.0,958.0,-177.0,0.56,-0.629,-0.419
2991.13,-78.0,958.0,-174.0,0.209,-0.839,-0.629
2991.31,-79.0,955.0,-178.0,0.349,-0.629,-0.419
2991.49,-81.0,958.0,-175.0,0.49,-0.91,-0.699
2991.68,-76.0,955.0,-174.0,0.28,-0.629,-0.419
2991.86,-86.0,959.0,-176.0,0.56,-0.769,-0.699
2992.4,-75.0,957.0,-175.0,0.56,-0.839,-0.629
2992.22,-85.0,958.0,-175.0,0.49,-0.699,-0.49
2992.41,-78.0,956.0,-175.0,0.419,-0.98,-0.629
2992.59,-81.0,958.0,-176.0,0.699,-0.699,-0.49
2992.77,-77.0,955.0,-175.0,0.28,-0.839,-0.49
2998.6,-79.0,957.0,-176.0,0.349,-0.699,-0.56
2998.24,-81.0,957.0,-177.0,0.419,-0.699,-0.49
2998.42,-78.0,956.0,-178.0,0.209,-0.769,-0.56
2998.6,-83.0,958.0,-177.0,0.49,-0.56,-0.419
2998.78,-82.0,956.0,-176.0,0.28,-0.839,-0.699
2998.97,-80.0,957.0,-176.0,0.49,-0.629,-0.56
2999.15,-80.0,957.0,-174.0,0.349,-0.839,-0.56
2999.33,-81.0,957.0,-175.0,0.419,-0.699,-0.49
2999.51,-80.0,957.0,-176.0,0.349,-0.839,-0.56
2999.7,-81.0,958.0,-176.0,0.49,-0.699,-0.56
2999.88,-80.0,955.0,-177.0,0.419,-0.769,-0.56
3000.6,-81.0,957.0,-177.0,0.49,-0.769,-0.56
3000.24,-79.0,957.0,-176.0,0.419,-0.629,-0.56
3000.42,-81.0,957.0,-176.0,0.419,-0.699,-0.629
3000.61,-78.0,957.0,-176.0,0.349,-0.699,-0.629
3000.79,-79.0,958.0,-175.0,0.419,-0.769,-0.49
3000.97,-80.0,957.0,-176.0,0.349,-0.769,-0.56
3001.15,-80.0,957.0,-175.0,0.419,-0.769,-0.49
3001.34,-81.0,958.0,-176.0,0.419,-0.699,-0.56
3001.52,-81.0,957.0,-176.0,0.49,-0.699,-0.629
3001.7,-80.0,956.0,-176.0,0.49,-0.769,-0.56
3001.88,-81.0,957.0,-176.0,0.419,-0.699,-0.49
3002.7,-81.0,957.0,-176.0,0.349,-0.769,-0.56
3002.25,-79.0,957.0,-176.0,0.419,-0.769,-0.56
3002.43,-80.0,958.0,-176.0,0.419,-0.699,-0.49
3002.61,-79.0,956.0,-176.0,0.419,-0.769,-0.56
3002.79,-81.0,958.0,-175.0,0.419,-0.769,-0.56
3002.98,-80.0,957.0,-176.0,0.49,-0.699,-0.49
3004.7,-81.0,957.0,-177.0,0.349,-0.699,-0.56
3004.25,-80.0,957.0,-175.0,0.419,-0.769,-0.56
3004.43,-78.0,957.0,-176.0,0.419,-0.699,-0.56
3004.62,-80.0,957.0,-176.0,0.419,-0.699,-0.56
3004.8,-79.0,957.0,-177.0,0.419,-0.839,-0.56
3004.98,-80.0,957.0,-177.0,0.419,-0.769,-0.49
3005.16,-79.0,957.0,-177.0,0.419,-0.839,-0.56
3005.35,-81.0,956.0,-176.0,0.419,-0.699,-0.49
3005.53,-81.0,959.0,-176.0,0.349,-0.839,-0.56
3005.71,-81.0,957.0,-176.0,0.419,-0.699,-0.419
3005.89,-80.0,957.0,-176.0,0.349,-0.839,-0.56
3006.7,-81.0,958.0,-175.0,0.419,-0.769,-0.56
3006.26,-81.0,958.0,-176.0,0.49,-0.699,-0.629
3006.44,-78.0,958.0,-176.0,0.49,-0.769,-0.56
3006.62,-81.0,957.0,-176.0,0.49,-0.699,-0.56
3006.8,-80.0,957.0,-177.0,0.49,-0.839,-0.56
3006.99,-79.0,957.0,-177.0,0.349,-0.699,-0.49
3007.17,-81.0,957.0,-176.0,0.419,-0.699,-0.56
3007.35,-79.0,957.0,-175.0,0.28,-0.769,-0.629
3007.53,-81.0,958.0,-175.0,0.349,-0.699,-0.56
3007.72,-80.0,957.0,-175.0,0.419,-0.699,-0.56
3007.9,-81.0,958.0,-175.0,0.419,-0.769,-0.56
3008.8,-80.0,957.0,-175.0,0.419,-0.699,-0.56
3008.26,-81.0,956.0,-176.0,0.49,-0.699,-0.49
3008.44,-81.0,956.0,-177.0,0.419,-0.839,-0.56
3008.63,-80.0,957.0,-176.0,0.49,-0.699,-0.49
3008.81,-80.0,957.0,-175.0,0.28,-0.699,-0.56
3008.99,-79.0,958.0,-176.0,0.419,-0.699,-0.56
3009.17,-80.0,958.0,-175.0,0.419,-0.769,-0.49
3009.36,-80.0,957.0,-175.0,0.419,-0.699,-0.56
3009.54,-79.0,957.0,-175.0,0.419,-0.839,-0.56
3009.72,-80.0,957.0,-177.0,0.49,-0.769,-0.49
3009.9,-80.0,957.0,-175.0,0.419,-0.839,-0.56
3010.8,-79.0,957.0,-176.0,0.349,-0.839,-0.629
3010.27,-78.0,957.0,-177.0,0.419,-0.769,-0.49
3010.45,-80.0,958.0,-176.0,0.49,-0.699,-0.49
3010.63,-79.0,957.0,-175.0,0.419,-0.769,-0.629
3010.81,-81.0,956.0,-176.0,0.49,-0.699,-0.49
3011.0,-80.0,958.0,-175.0,0.419,-0.769,-0.56
3011.18,-79.0,956.0,-176.0,0.419,-0.699,-0.56
3011.36,-80.0,958.0,-176.0,0.419,-0.769,-0.56
3011.54,-80.0,956.0,-176.0,0.49,-0.699,-0.49
3011.73,-80.0,958.0,-175.0,0.349,-0.769,-0.629
3011.91,-80.0,957.0,-176.0,0.419,-0.769,-0.49
3012.9,-82.0,958.0,-175.0,0.419,-0.699,-0.56
3012.27,-79.0,956.0,-176.0,0.349,-0.699,-0.56
3012.45,-81.0,958.0,-175.0,0.49,-0.769,-0.56
3012.64,-79.0,957.0,-176.0,0.419,-0.699,-0.56
3012.82,-80.0,958.0,-175.0,0.419,-0.769,-0.56
3013.0,-79.0,956.0,-177.0,0.49,-0.769,-0.56
3013.18,-80.0,958.0,-176.0,0.419,-0.699,-0.56
3013.37,-80.0,958.0,-175.0,0.49,-0.839,-0.56
3013.55,-80.0,957.0,-176.0,0.349,-0.769,-0.56
3013.73,-80.0,957.0,-175.0,0.419,-0.769,-0.56
3013.91,-80.0,957.0,-177.0,0.349,-0.769,-0.56
3014.9,-79.0,957.0,-176.0,0.349,-0.769,-0.629
3014.28,-81.0,958.0,-175.0,0.419,-0.769,-0.56
3014.46,-79.0,957.0,-176.0,0.419,-0.769,-0.49
3014.64,-81.0,957.0,-176.0,0.419,-0.769,-0.56
3014.82,-79.0,956.0,-176.0,0.419,-0.769,-0.56
3016.65,-79.0,957.0,-175.0,0.349,-0.769,-0.56
3016.83,-80.0,958.0,-175.0,0.349,-0.769,-0.49
3017.1,-80.0,958.0,-176.0,0.49,-0.699,-0.56
3017.19,-81.0,957.0,-176.0,0.419,-0.699,-0.49
3017.38,-80.0,956.0,-176.0,0.419,-0.699,-0.629
3017.56,-81.0,958.0,-175.0,0.349,-0.699,-0.56
3017.74,-79.0,957.0,-177.0,0.419,-0.699,-0.56
3017.92,-80.0,957.0,-174.0,0.419,-0.769,-0.49
3018.1,-79.0,957.0,-176.0,0.349,-0.769,-0.629
3018.29,-81.0,956.0,-176.0,0.419,-0.839,-0.629
3018.47,-79.0,957.0,-176.0,0.349,-0.769,-0.56
3018.65,-80.0,957.0,-176.0,0.49,-0.699,-0.56
3018.83,-80.0,957.0,-176.0,0.349,-0.769,-0.56
3019.2,-80.0,957.0,-176.0,0.349,-0.699,-0.49
3019.2,-80.0,957.0,-176.0,0.419,-0.699,-0.56
3019.38,-79.0,958.0,-174.0,0.419,-0.699,-0.56
3019.56,-81.0,958.0,-177.0,0.349,-0.699,-0.49
3019.74,-80.0,958.0,-176.0,0.419,-0.769,-0.49
3019.93,-79.0,955.0,-176.0,0.419,-0.699,-0.49
3020.11,-81.0,957.0,-176.0,0.419,-0.699,-0.56
3020.29,-79.0,957.0,-175.0,0.419,-0.769,-0.56
3020.47,-80.0,956.0,-176.0,0.419,-0.699,-0.49
3020.66,-80.0,957.0,-176.0,0.419,-0.769,-0.629
3020.84,-80.0,957.0,-175.0,0.419,-0.699,-0.56
3021.2,-81.0,958.0,-175.0,0.349,-0.769,-0.629
3021.2,-80.0,957.0,-175.0,0.49,-0.769,-0.629
3021.39,-82.0,957.0,-177.0,0.49,-0.699,-0.49
3021.57,-79.0,958.0,-175.0,0.349,-0.769,-0.56
3021.75,-81.0,958.0,-175.0,0.49,-0.699,-0.49
3021.93,-80.0,957.0,-176.0,0.349,-0.769,-0.629
3022.11,-79.0,956.0,-176.0,0.49,-0.629,-0.49
3022.3,-79.0,956.0,-176.0,0.419,-0.769,-0.629
3022.48,-81.0,957.0,-176.0,0.349,-0.699,-0.56
3022.66,-80.0,957.0,-176.0,0.419,-0.769,-0.56
3022.84,-79.0,957.0,-175.0,0.49,-0.769,-0.49
3023.3,-80.0,958.0,-176.0,0.349,-0.699,-0.56
3023.21,-82.0,957.0,-175.0,0.49,-0.699,-0.49
3023.39,-77.0,957.0,-176.0,0.349,-0.769,-0.629
3023.57,-82.0,957.0,-176.0,0.56,-0.56,-0.419
3023.75,-80.0,957.0,-175.0,0.349,-0.839,-0.699
3023.94,-78.0,957.0,-175.0,0.56,-0.56,-0.419
3024.12,-81.0,958.0,-175.0,0.419,-0.769,-0.56
3024.3,-82.0,957.0,-175.0,0.49,-0.699,-0.49
3024.48,-78.0,957.0,-175.0,0.349,-0.91,-0.56
3024.67,-81.0,956.0,-176.0,0.49,-0.629,-0.419
3024.85,-81.0,958.0,-175.0,0.349,-0.91,-0.699
3025.3,-79.0,956.0,-177.0,0.49,-0.699,-0.49
3025.21,-82.0,958.0,-176.0,0.49,-0.839,-0.629
3025.39,-79.0,956.0,-177.0,0.419,-0.699,-0.49
3025.58,-81.0,958.0,-175.0,0.419,-0.839,-0.56
3025.76,-79.0,957.0,-175.0,0.419,-0.769,-0.56
3026.85,-82.0,958.0,-176.0,0.419,-0.769,-0.629
3027.4,-78.0,957.0,-175.0,0.419,-0.699,-0.56
3027.22,-79.0,957.0,-175.0,0.349,-0.699,-0.56
3027.4,-81.0,958.0,-175.0,0.419,-0.769,-0.56
3027.58,-80.0,957.0,-175.0,0.419,-0.769,-0.56
3027.76,-82.0,958.0,-175.0,0.56,-0.769,-0.56
3027.95,-77.0,957.0,-175.0,0.349,-0.769,-0.56
3028.13,-81.0,958.0,-177.0,0.419,-0.629,-0.49
3028.31,-80.0,957.0,-177.0,0.419,-0.839,-0.629
3028.49,-78.0,957.0,-176.0,0.49,-0.699,-0.49
3028.68,-82.0,956.0,-177.0,0.349,-0.699,-0.49
3034.32,-77.0,956.0,-177.0,0.419,-0.629,-0.49
3034.51,-79.0,956.0,-177.0,0.349,-0.699,-0.419
3034.69,-82.0,957.0,-176.0,0.349,-0.769,-0.56
3034.87,-78.0,958.0,-175.0,0.349,-0.839,-0.699
3035.5,-76.0,956.0,-176.0,0.349,-0.699,-0.349
3035.24,-80.0,960.0,-174.0,0.419,-0.839,-0.49
3035.42,-76.0,955.0,-176.0,0.349,-0.699,-0.349
3035.6,-85.0,961.0,-174.0,0.49,-0.839,-0.699
3035.78,-78.0,957.0,-177.0,0.419,-0.699,-0.56
3035.96,-82.0,957.0,-177.0,0.49,-0.699,-0.49
3036.15,-80.0,957.0,-178.0,0.49,-0.769,-0.629
3036.33,-76.0,954.0,-176.0,0.28,-0.699,-0.49
3036.51,-85.0,960.0,-176.0,0.419,-0.699,-0.49
3036.69,-79.0,958.0,-174.0,0.49,-0.839,-0.699
3036.88,-78.0,957.0,-176.0,0.209,-0.769,-0.419
3037.6,-87.0,959.0,-178.0,0.699,-0.629,-0.49
3037.24,-77.0,955.0,-179.0,0.349,-0.839,-0.629
3037.42,-88.0,960.0,-179.0,0.839,-0.49,-0.49
3037.6,-72.0,951.0,-183.0,0.56,-0.769,-0.419
3037.79,-88.0,959.0,-177.0,0.419,-0.769,-0.56
3037.97,-76.0,954.0,-179.0,0.28,-0.699,-0.49
3038.15,-82.0,958.0,-177.0,0.28,-0.56,-0.56
3038.33,-80.0,959.0,-174.0,0.14,-0.839,-0.699
3038.51,-82.0,957.0,-175.0,0.49,-0.629,-0.56
3038.7,-77.0,957.0,-174.0,0.07,-0.98,-0.699
3038.88,-86.0,961.0,-172.0,0.629,-0.56,-0.49
3039.6,-76.0,957.0,-175.0,0.209,-1.049,-0.769
3039.24,-84.0,958.0,-177.0,0.769,-0.629,-0.349
3039.43,-72.0,953.0,-177.0,0.209,-1.049,-0.49
3039.61,-84.0,960.0,-178.0,0.49,-0.629,-0.349
3039.79,-75.0,953.0,-179.0,0.419,-0.839,-0.49
3039.97,-87.0,957.0,-173.0,0.349,-0.699,-0.769
3040.15,-79.0,958.0,-174.0,0.14,-0.839,-0.629
3040.34,-74.0,954.0,-176.0,0.14,-0.56,-0.28
3040.52,-90.0,962.0,-172.0,0.419,-0.91,-0.56
3040.7,-76.0,958.0,-175.0,0.349,-0.91,-0.769
3040.88,-76.0,952.0,-178.0,0.49,-0.629,-0.209
3041.7,-86.0,960.0,-175.0,0.49,-1.049,-0.699
3042.71,-80.0,958.0,-174.0,0.49,-0.56,-0.419
3042.89,-78.0,955.0,-177.0,0.209,-0.839,-0.699
3043.7,-76.0,953.0,-176.0,0.49,-0.629,-0.28
3043.25,-86.0,960.0,-176.0,0.349,-0.839,-0.629
3043.44,-77.0,954.0,-177.0,0.349,-0.629,-0.56
3043.62,-85.0,960.0,-175.0,0.49,-0.839,-0.769
3043.8,-75.0,953.0,-177.0,0.419,-0.769,-0.49
3043.98,-88.0,959.0,-175.0,0.49,-0.91,-0.769
3044.16,-75.0,956.0,-176.0,0.419,-0.769,-0.56
3044.35,-84.0,958.0,-178.0,0.56,-0.629,-0.56
3044.53,-80.0,957.0,-176.0,0.419,-0.98,-0.839
3044.71,-79.0,956.0,-177.0,0.49,-0.629,-0.49
3044.89,-82.0,958.0,-176.0,0.28,-0.839,-0.629
3045.8,-81.0,957.0,-176.0,0.419,-0.629,-0.49
3045.26,-82.0,960.0,-175.0,0.419,-0.91,-0.769
3045.44,-77.0,955.0,-177.0,0.49,-0.629,-0.419
3045.62,-82.0,959.0,-176.0,0.419,-0.769,-0.629
3045.8,-80.0,957.0,-177.0,0.49,-0.769,-0.56
3045.99,-81.0,956.0,-178.0,0.419,-0.769,-0.629
3046.17,-80.0,958.0,-177.0,0.49,-0.769,-0.56
3046.35,-78.0,955.0,-178.0,0.49,-0.629,-0.419
3046.53,-82.0,958.0,-175.0,0.209,-0.839,-0.699
3046.72,-77.0,957.0,-175.0,0.28,-0.56,-0.419
3046.9,-83.0,958.0,-174.0,0.28,-0.839,-0.629
3047.8,-78.0,957.0,-175.0,0.56,-0.769,-0.56
3047.26,-77.0,958.0,-174.0,0.349,-0.769,-0.629
3047.44,-80.0,956.0,-178.0,0.629,-0.56,-0.28
3047.63,-81.0,960.0,-174.0,0.349,-1.12,-0.839
3047.81,-73.0,954.0,-178.0,0.49,-0.56,-0.28
3048.72,-81.0,960.0,-173.0,0.28,-0.839,-0.769
3048.9,-77.0,955.0,-177.0,0.56,-0.56,-0.419
3049.8,-83.0,960.0,-174.0,0.349,-0.98,-0.769
3049.27,-75.0,955.0,-176.0,0.349,-0.629,-0.419
3049.45,-84.0,958.0,-176.0,0.49,-0.839,-0.56
3049.63,-80.0,960.0,-175.0,0.349,-0.839,-0.699
3049.81,-79.0,957.0,-177.0,0.419,-0.56,-0.419
3050.0,-83.0,959.0,-175.0,0.56,-0.699,-0.629
3050.18,-78.0,959.0,-175.0,0.349,-0.769,-0.629
3050.36,-78.0,955.0,-175.0,0.56,-0.699,-0.49
3050.54,-76.0,957.0,-175.0,0.349,-0.839,-0.56
3050.73,-79.0,956.0,-178.0,0.56,-0.49,-0.349
3050.91,-83.0,957.0,-175.0,0.49,-0.98,-0.699
3051.9,-73.0,956.0,-176.0,0.28,-0.629,-0.49
3051.27,-83.0,958.0,-175.0,0.56,-0.56,-0.419
3051.45,-81.0,958.0,-176.0,0.419,-0.699,-0.49
3051.64,-80.0,959.0,-176.0,0.49,-0.699,-0.56
3051.82,-85.0,958.0,-175.0,0.49,-0.629,-0.56
3052.0,-78.0,955.0,-178.0,0.699,-0.629,-0.419
3052.18,-80.0,959.0,-173.0,0.28,-0.98,-0.699
3052.37,-81.0,959.0,-176.0,0.839,-0.56,-0.349
3052.55,-77.0,958.0,-177.0,0.349,-1.049,-0.91
3052.73,-75.0,953.0,-176.0,0.699,-0.28,-0.14
3052.91,-89.0,960.0,-175.0,0.419,-0.839,-0.769
3053.9,-74.0,955.0,-177.0,0.49,-0.629,-0.49
3053.28,-85.0,960.0,-174.0,0.49,-0.699,-0.56
3053.46,-77.0,956.0,-175.0,0.419,-0.699,-0.629
3053.64,-79.0,957.0,-176.0,0.419,-0.699,-0.349
3053.82,-76.0,957.0,-175.0,0.49,-0.699,-0.419
3054.1,-85.0,958.0,-174.0,0.49,-0.699,-0.49
3054.19,-77.0,955.0,-177.0,0.28,-0.839,-0.629
3054.37,-81.0,957.0,-177.0,0.629,-0.56,-0.419
3054.55,-78.0,957.0,-175.0,0.209,-0.91,-0.699
3054.73,-81.0,959.0,-175.0,0.419,-0.629,-0.419
3054.92,-78.0,954.0,-177.0,0.349,-0.839,-0.419
3055.1,-85.0,959.0,-173.0,0.419,-0.839,-0.49
3055.28,-81.0,956.0,-180.0,0.699,-0.769,-0.419
3055.46,-75.0,955.0,-177.0,0.49,-0.91,-0.629
3055.65,-82.0,957.0,-177.0,0.629,-0.49,-0.28
3055.83,-80.0,958.0,-177.0,0.28,-0.98,-0.769
3056.1,-78.0,952.0,-180.0,0.699,-0.28,-0.07
3056.19,-89.0,963.0,-173.0,0.209,-1.12,-1.049
3056.37,-66.0,953.0,-177.0,0.349,-0.349,-0.209
3056.56,-90.0,962.0,-174.0,0.49,-0.769,-0.699
3056.74,-72.0,955.0,-176.0,0.629,-0.629,-0.419
3056.92,-83.0,957.0,-174.0,0.419,-0.91,-0.629
3057.1,-77.0,959.0,-176.0,0.629,-0.629,-0.49
3057.29,-80.0,957.0,-176.0,0.56,-0.629,-0.49
3057.47,-80.0,956.0,-174.0,0.28,-0.839,-0.699
3057.65,-77.0,955.0,-176.0,0.56,-0.56,-0.28
3057.83,-81.0,957.0,-176.0,0.209,-0.839,-0.629
3058.2,-79.0,957.0,-176.0,0.419,-0.699,-0.49
3058.2,-78.0,957.0,-176.0,0.28,-0.699,-0.56
3058.38,-84.0,959.0,-174.0,0.49,-0.769,-0.629
3058.56,-77.0,957.0,-175.0,0.419,-0.769,-0.419
3058.74,-83.0,957.0,-175.0,0.49,-0.699,-0.419
3058.93,-78.0,956.0,-176.0,0.419,-0.839,-0.629
3059.11,-80.0,958.0,-176.0,0.49,-0.629,-0.56
3059.29,-81.0,957.0,-177.0,0.49,-0.629,-0.56
3059.47,-81.0,956.0,-176.0,0.49,-0.769,-0.56
3059.66,-78.0,956.0,-177.0,0.419,-0.769,-0.49
3059.84,-80.0,955.0,-176.0,0.49,-0.769,-0.49
3060.2,-78.0,956.0,-177.0,0.349,-0.839,-0.699
3060.2,-80.0,956.0,-178.0,0.56,-0.56,-0.49
3060.38,-81.0,957.0,-174.0,0.28,-0.98,-0.839
3060.57,-77.0,955.0,-177.0,0.49,-0.699,-0.419
3060.75,-82.0,958.0,-174.0,0.349,-0.91,-0.629
3060.93,-80.0,957.0,-175.0,0.349,-0.769,-0.629
3061.11,-82.0,957.0,-176.0,0.349,-0.769,-0.699
3061.3,-79.0,958.0,-176.0,0.419,-0.769,-0.629
3061.48,-82.0,957.0,-175.0,0.49,-0.629,-0.56
3061.66,-80.0,958.0,-177.0,0.419,-0.839,-0.629
3061.84,-78.0,957.0,-176.0,0.49,-0.839,-0.419
3062.2,-82.0,958.0,-176.0,0.419,-0.769,-0.56
3062.21,-78.0,957.0,-176.0,0.419,-0.699,-0.49
3062.39,-82.0,957.0,-176.0,0.56,-0.629,-0.49
3062.57,-80.0,957.0,-175.0,0.349,-0.839,-0.629
3062.75,-79.0,957.0,-175.0,0.49,-0.699,-0.49
3062.94,-81.0,956.0,-177.0,0.349,-0.769,-0.56
3063.12,-80.0,958.0,-175.0,0.419,-0.699,-0.629
3063.3,-81.0,956.0,-176.0,0.349,-0.699,-0.49
3063.48,-82.0,958.0,-175.0,0.56,-0.839,-0.629
3063.66,-79.0,956.0,-175.0,0.349,-0.839,-0.419
3063.85,-83.0,957.0,-176.0,0.49,-0.769,-0.56
3064.3,-78.0,956.0,-177.0,0.419,-0.769,-0.56
3064.21,-84.0,958.0,-176.0,0.56,-0.629,-0.56
3064.39,-79.0,957.0,-177.0,0.349,-0.769,-0.629
3064.58,-80.0,957.0,-175.0,0.49,-0.769,-0.49
3064.76,-81.0,957.0,-175.0,0.349,-0.769,-0.49
3064.94,-81.0,958.0,-175.0,0.28,-0.699,-0.56
3065.12,-80.0,956.0,-178.0,0.49,-0.699,-0.49
3065.31,-80.0,957.0,-175.0,0.49,-0.699,-0.56
3065.49,-80.0,958.0,-176.0,0.419,-0.769,-0.629
3065.67,-79.0,955.0,-177.0,0.49,-0.769,-0.49
3065.85,-81.0,956.0,-175.0,0.419,-0.839,-0.49
3066.3,-80.0,957.0,-176.0,0.209,-0.769,-0.49
3066.22,-80.0,957.0,-178.0,0.419,-0.769,-0.629
3066.4,-79.0,957.0,-175.0,0.49,-0.769,-0.56
3066.58,-80.0,957.0,-175.0,0.349,-0.769,-0.56
3066.76,-80.0,958.0,-174.0,0.419,-0.839,-0.56
3066.95,-80.0,957.0,-176.0,0.419,-0.769,-0.49
3067.13,-82.0,958.0,-176.0,0.419,-0.629,-0.629
3067.31,-79.0,957.0,-177.0,0.349,-0.769,-0.629
3067.49,-80.0,956.0,-178.0,0.56,-0.699,-0.56
3067.67,-80.0,957.0,-176.0,0.419,-0.769,-0.49
3067.86,-80.0,956.0,-177.0,0.349,-0.629,-0.49
3068.4,-82.0,958.0,-176.0,0.349,-0.769,-0.629
3068.22,-80.0,958.0,-177.0,0.349,-0.629,-0.49
3068.4,-81.0,958.0,-175.0,0.49,-0.769,-0.629
3068.59,-78.0,956.0,-179.0,0.49,-0.699,-0.49
3068.77,-83.0,958.0,-177.0,0.49,-0.699,-0.49
3068.95,-80.0,956.0,-178.0,0.349,-0.699,-0.629
3072.78,-81.0,956.0,-175.0,0.419,-0.769,-0.629
3072.96,-80.0,957.0,-177.0,0.419,-0.699,-0.49
3073.14,-81.0,957.0,-175.0,0.419,-0.769,-0.49
3073.33,-81.0,957.0,-176.0,0.349,-0.699,-0.629
3073.51,-80.0,957.0,-176.0,0.419,-0.699,-0.49
3073.69,-81.0,958.0,-175.0,0.419,-0.769,-0.56
3073.87,-82.0,956.0,-177.0,0.419,-0.699,-0.56
3074.5,-80.0,957.0,-177.0,0.49,-0.769,-0.629
3074.24,-80.0,957.0,-177.0,0.56,-0.699,-0.56
3074.42,-81.0,956.0,-176.0,0.49,-0.699,-0.56
3074.6,-81.0,957.0,-177.0,0.419,-0.769,-0.56
3074.78,-81.0,958.0,-175.0,0.349,-0.769,-0.629
3074.97,-78.0,956.0,-176.0,0.419,-0.699,-0.419
3075.15,-82.0,959.0,-176.0,0.49,-0.769,-0.49
3075.33,-79.0,957.0,-175.0,0.419,-0.769,-0.49
3075.51,-81.0,957.0,-176.0,0.419,-0.699,-0.56
3075.69,-80.0,957.0,-176.0,0.49,-0.769,-0.49
3075.88,-80.0,957.0,-175.0,0.419,-0.839,-0.56
3076.6,-80.0,957.0,-176.0,0.349,-0.769,-0.56
3076.24,-80.0,957.0,-175.0,0.419,-0.699,-0.56
3076.42,-80.0,957.0,-177.0,0.349,-0.699,-0.56
3076.61,-81.0,957.0,-175.0,0.49,-0.769,-0.56
3076.79,-78.0,956.0,-176.0,0.349,-0.699,-0.49
3076.97,-80.0,958.0,-176.0,0.419,-0.769,-0.49
3077.15,-80.0,956.0,-176.0,0.419,-0.699,-0.56
3077.34,-81.0,957.0,-176.0,0.349,-0.769,-0.49
3077.52,-80.0,957.0,-176.0,0.419,-0.699,-0.56
3077.7,-79.0,957.0,-176.0,0.49,-0.769,-0.49
3077.88,-80.0,957.0,-176.0,0.419,-0.699,-0.56
3078.6,-79.0,956.0,-176.0,0.419,-0.769,-0.49
3078.25,-79.0,957.0,-176.0,0.349,-0.769,-0.629
3078.43,-79.0,957.0,-177.0,0.419,-0.769,-0.49
3078.61,-80.0,957.0,-176.0,0.349,-0.769,-0.56
3078.79,-81.0,956.0,-177.0,0.419,-0.699,-0.56
3078.98,-80.0,957.0,-175.0,0.28,-0.769,-0.56
3079.16,-81.0,958.0,-176.0,0.49,-0.699,-0.49
3079.34,-79.0,957.0,-175.0,0.419,-0.839,-0.629
3079.52,-80.0,958.0,-176.0,0.49,-0.699,-0.49
3079.71,-81.0,957.0,-175.0,0.419,-0.769,-0.56
3079.89,-81.0,956.0,-176.0,0.419,-0.699,-0.56
3080.7,-80.0,957.0,-176.0,0.419,-0.769,-0.49
3080.25,-83.0,957.0,-176.0,0.419,-0.699,-0.49
3080.43,-80.0,958.0,-176.0,0.28,-0.769,-0.629
3080.62,-81.0,956.0,-176.0,0.56,-0.769,-0.419
3080.8,-80.0,958.0,-175.0,0.419,-0.839,-0.56
3080.98,-81.0,956.0,-175.0,0.49,-0.629,-0.49
3081.16,-81.0,957.0,-175.0,0.349,-0.769,-0.629
3081.35,-78.0,957.0,-176.0,0.49,-0.56,-0.49
3081.53,-81.0,957.0,-176.0,0.419,-0.699,-0.49
3081.71,-82.0,958.0,-176.0,0.349,-0.769,-0.56
3081.89,-78.0,957.0,-175.0,0.349,-0.769,-0.49
3082.7,-81.0,958.0,-176.0,0.419,-0.699,-0.56
3082.26,-78.0,956.0,-177.0,0.419,-0.769,-0.56
3082.44,-81.0,958.0,-175.0,0.56,-0.699,-0.56
3082.62,-80.0,958.0,-176.0,0.349,-0.839,-0.629
3082.8,-79.0,957.0,-176.0,0.419,-0.629,-0.419
3082.99,-79.0,958.0,-176.0,0.349,-0.839,-0.56
3083.17,-80.0,956.0,-176.0,0.49,-0.629,-0.419
3083.35,-82.0,958.0,-176.0,0.28,-0.91,-0.629
3083.53,-76.0,956.0,-176.0,0.49,-0.629,-0.419
3083.72,-81.0,958.0,-175.0,0.49,-0.769,-0.419
3083.9,-78.0,957.0,-175.0,0.419,-0.839,-0.699
3084.8,-78.0,955.0,-178.0,0.56,-0.56,-0.349
3084.26,-85.0,959.0,-176.0,0.419,-0.839,-0.629
3085.36,-82.0,958.0,-175.0,0.419,-0.769,-0.56
3085.54,-81.0,958.0,-176.0,0.56,-0.769,-0.56
3085.72,-78.0,956.0,-176.0,0.349,-0.699,-0.49
3085.9,-83.0,959.0,-175.0,0.56,-0.629,-0.56
3086.8,-76.0,955.0,-176.0,0.419,-0.769,-0.56
3086.27,-84.0,960.0,-174.0,0.49,-0.769,-0.629
3086.45,-75.0,954.0,-176.0,0.349,-0.699,-0.56
3086.63,-85.0,960.0,-174.0,0.49,-0.699,-0.629
3086.81,-75.0,956.0,-176.0,0.419,-0.699,-0.49
3087.0,-84.0,958.0,-176.0,0.56,-0.629,-0.49
3087.18,-79.0,958.0,-175.0,0.419,-0.769,-0.629
3087.36,-82.0,956.0,-178.0,0.49,-0.629,-0.56
3087.54,-81.0,959.0,-175.0,0.419,-0.769,-0.629
3087.72,-78.0,958.0,-175.0,0.349,-0.699,-0.629
3087.91,-81.0,958.0,-175.0,0.419,-0.629,-0.49
3088.9,-80.0,958.0,-177.0,0.49,-0.839,-0.629
3088.27,-80.0,958.0,-175.0,0.49,-0.699,-0.419
3088.45,-82.0,956.0,-177.0,0.49,-0.699,-0.49
3088.64,-83.0,957.0,-176.0,0.419,-0.839,-0.56
3088.82,-80.0,958.0,-177.0,0.28,-0.769,-0.629
3089.0,-79.0,957.0,-176.0,0.349,-0.629,-0.49
3089.18,-79.0,956.0,-176.0,0.349,-0.629,-0.56
3089.36,-82.0,959.0,-175.0,0.419,-0.699,-0.699
3089.55,-78.0,957.0,-176.0,0.419,-0.839,-0.49
3089.73,-81.0,958.0,-175.0,0.49,-0.699,-0.49
3089.91,-82.0,956.0,-176.0,0.419,-0.699,-0.56
3090.9,-80.0,957.0,-176.0,0.419,-0.699,-0.56
3090.28,-79.0,956.0,-176.0,0.419,-0.629,-0.49
3090.46,-80.0,956.0,-177.0,0.419,-0.699,-0.49
3090.64,-79.0,957.0,-176.0,0.419,-0.699,-0.49
3090.82,-83.0,958.0,-175.0,0.419,-0.769,-0.56
3091.0,-80.0,957.0,-173.0,0.419,-0.769,-0.629
3091.19,-78.0,957.0,-175.0,0.56,-0.699,-0.49
3091.37,-81.0,957.0,-176.0,0.419,-0.839,-0.56
3091.55,-80.0,956.0,-175.0,0.49,-0.769,-0.49
3091.73,-80.0,956.0,-176.0,0.349,-0.699,-0.49
3091.92,-81.0,958.0,-176.0,0.49,-0.769,-0.56
3092.1,-80.0,957.0,-177.0,0.419,-0.699,-0.49
3092.28,-82.0,958.0,-176.0,0.419,-0.769,-0.56
3092.46,-79.0,956.0,-175.0,0.349,-0.769,-0.629
3092.65,-80.0,957.0,-174.0,0.349,-0.769,-0.49
3092.83,-79.0,958.0,-176.0,0.419,-0.699,-0.56
3093.1,-79.0,957.0,-176.0,0.49,-0.699,-0.629
3093.19,-81.0,958.0,-176.0,0.419,-0.769,-0.56
3093.37,-78.0,957.0,-176.0,0.49,-0.839,-0.56
3093.56,-79.0,956.0,-176.0,0.349,-0.699,-0.56
3093.74,-81.0,956.0,-177.0,0.419,-0.699,-0.419
3093.92,-80.0,958.0,-176.0,0.419,-0.769,-0.629
3094.1,-78.0,956.0,-176.0,0.419,-0.629,-0.419
3094.29,-79.0,958.0,-175.0,0.349,-0.839,-0.56
3094.47,-81.0,957.0,-176.0,0.49,-0.629,-0.49
3094.65,-79.0,955.0,-176.0,0.419,-0.839,-0.629
3094.83,-79.0,957.0,-176.0,0.419,-0.629,-0.419
3095.1,-80.0,957.0,-176.0,0.349,-0.839,-0.629
3095.2,-81.0,958.0,-176.0,0.349,-0.699,-0.629
3095.38,-75.0,956.0,-177.0,0.349,-0.839,-0.49
3095.56,-83.0,958.0,-175.0,0.629,-0.56,-0.49
3095.74,-78.0,958.0,-176.0,0.349,-0.839,-0.699
3095.93,-79.0,956.0,-179.0,0.629,-0.629,-0.419
3096.11,-81.0,957.0,-178.0,0.49,-0.769,-0.56
3096.29,-79.0,956.0,-178.0,0.49,-0.699,-0.419
3096.47,-81.0,958.0,-175.0,0.349,-0.699,-0.56
3096.65,-79.0,956.0,-176.0,0.349,-0.629,-0.56
3096.84,-81.0,958.0,-176.0,0.419,-0.769,-0.56
3097.2,-78.0,957.0,-175.0,0.419,-0.839,-0.629
3097.2,-79.0,959.0,-174.0,0.49,-0.769,-0.49
3097.38,-77.0,957.0,-175.0,0.419,-0.769,-0.629
3097.57,-81.0,958.0,-174.0,0.49,-0.769,-0.56
3097.75,-77.0,957.0,-175.0,0.419,-0.699,-0.56
3097.93,-80.0,957.0,-175.0,0.49,-0.699,-0.56
3098.11,-80.0,958.0,-176.0,0.56,-0.629,-0.56
3098.29,-80.0,958.0,-175.0,0.419,-0.839,-0.629
3098.48,-79.0,956.0,-177.0,0.49,-0.699,-0.419
3098.66,-81.0,958.0,-176.0,0.349,-0.769,-0.699
3098.84,-78.0,956.0,-176.0,0.349,-0.699,-0.49
3099.2,-80.0,958.0,-177.0,0.419,-0.699,-0.56
3099.21,-80.0,957.0,-178.0,0.49,-0.699,-0.49
3099.39,-80.0,957.0,-175.0,0.28,-0.839,-0.629
3099.57,-81.0,957.0,-176.0,0.49,-0.629,-0.56
3099.75,-77.0,956.0,-176.0,0.349,-0.839,-0.56
3099.93,-81.0,958.0,-175.0,0.56,-0.629,-0.49
3100.12,-80.0,958.0,-175.0,0.349,-0.839,-0.699
3100.3,-79.0,956.0,-176.0,0.56,-0.629,-0.49
3100.48,-80.0,957.0,-175.0,0.349,-0.839,-0.629
3100.66,-80.0,956.0,-177.0,0.49,-0.56,-0.49
3100.85,-81.0,958.0,-174.0,0.28,-0.839,-0.769
3101.3,-78.0,956.0,-176.0,0.49,-0.56,-0.349
3101.21,-80.0,958.0,-176.0,0.349,-0.769,-0.629
3101.39,-80.0,957.0,-177.0,0.49,-0.629,-0.419
3101.57,-83.0,959.0,-175.0,0.28,-0.91,-0.769
3101.76,-78.0,956.0,-176.0,0.349,-0.629,-0.49
3101.94,-82.0,959.0,-175.0,0.49,-0.769,-0.56
3102.12,-79.0,958.0,-176.0,0.419,-0.769,-0.56
3102.3,-80.0,957.0,-174.0,0.419,-0.769,-0.56
3102.49,-81.0,958.0,-176.0,0.49,-0.769,-0.56
3102.67,-80.0,957.0,-175.0,0.419,-0.769,-0.629
3102.85,-81.0,957.0,-175.0,0.419,-0.769,-0.56
3103.3,-79.0,957.0,-176.0,0.349,-0.699,-0.56
3103.21,-81.0,957.0,-176.0,0.419,-0.769,-0.56
3103.4,-78.0,957.0,-175.0,0.28,-0.839,-0.699
3103.58,-83.0,958.0,-175.0,0.56,-0.629,-0.49
3103.76,-80.0,958.0,-175.0,0.349,-0.769,-0.629
3103.94,-80.0,957.0,-177.0,0.49,-0.629,-0.49
3104.13,-80.0,957.0,-175.0,0.349,-0.839,-0.56
3104.31,-80.0,958.0,-176.0,0.49,-0.769,-0.56
3104.49,-79.0,957.0,-175.0,0.419,-0.699,-0.49
3104.67,-81.0,957.0,-175.0,0.419,-0.769,-0.49
3104.86,-80.0,956.0,-176.0,0.349,-0.769,-0.56
3105.4,-81.0,957.0,-176.0,0.419,-0.699,-0.49
3105.22,-80.0,957.0,-175.0,0.419,-0.769,-0.49
3105.4,-79.0,958.0,-175.0,0.349,-0.699,-0.56
3105.58,-81.0,956.0,-175.0,0.349,-0.769,-0.49
3105.77,-80.0,958.0,-175.0,0.419,-0.769,-0.49
3105.95,-80.0,957.0,-176.0,0.419,-0.629,-0.49
3106.13,-81.0,958.0,-175.0,0.419,-0.769,-0.629
3106.31,-81.0,957.0,-175.0,0.419,-0.629,-0.49
3106.5,-83.0,958.0,-175.0,0.419,-0.839,-0.629
3106.68,-80.0,957.0,-176.0,0.349,-0.769,-0.49
3106.86,-81.0,956.0,-176.0,0.49,-0.699,-0.49
3107.4,-79.0,956.0,-177.0,0.419,-0.839,-0.56
3107.22,-81.0,957.0,-176.0,0.49,-0.769,-0.56
3107.41,-79.0,957.0,-176.0,0.419,-0.699,-0.56
3107.59,-80.0,957.0,-176.0,0.49,-0.699,-0.49
3107.77,-79.0,958.0,-176.0,0.419,-0.769,-0.56
3107.95,-81.0,957.0,-175.0,0.419,-0.699,-0.629
3108.14,-80.0,957.0,-176.0,0.349,-0.839,-0.56
3108.32,-81.0,957.0,-177.0,0.419,-0.699,-0.56
3108.5,-81.0,957.0,-177.0,0.349,-0.769,-0.56
3108.68,-80.0,959.0,-176.0,0.349,-0.699,-0.49
3108.87,-79.0,956.0,-175.0,0.349,-0.769,-0.56
3109.5,-80.0,958.0,-175.0,0.419,-0.699,-0.56
3109.23,-80.0,957.0,-175.0,0.419,-0.699,-0.56
3109.41,-81.0,956.0,-176.0,0.419,-0.769,-0.56
3109.59,-80.0,956.0,-176.0,0.419,-0.699,-0.56
3109.78,-80.0,958.0,-176.0,0.349,-0.769,-0.56
3109.96,-80.0,958.0,-176.0,0.349,-0.769,-0.49
3110.14,-79.0,957.0,-176.0,0.349,-0.699,-0.56
3110.32,-81.0,957.0,-176.0,0.349,-0.769,-0.56
3110.51,-80.0,957.0,-176.0,0.349,-0.699,-0.56
3110.69,-81.0,958.0,-175.0,0.49,-0.699,-0.49
3110.87,-80.0,957.0,-175.0,0.419,-0.769,-0.56
3111.5,-81.0,957.0,-176.0,0.419,-0.769,-0.56
3111.23,-80.0,956.0,-175.0,0.419,-0.769,-0.56
3111.42,-81.0,957.0,-176.0,0.419,-0.769,-0.56
3111.6,-81.0,958.0,-175.0,0.419,-0.769,-0.49
3111.78,-80.0,958.0,-175.0,0.419,-0.699,-0.49
3111.96,-80.0,957.0,-175.0,0.419,-0.699,-0.629
3112.15,-81.0,958.0,-176.0,0.49,-0.769,-0.56
3112.33,-79.0,957.0,-175.0,0.349,-0.839,-0.49
3112.51,-80.0,957.0,-178.0,0.49,-0.699,-0.56
3112.69,-80.0,956.0,-178.0,0.49,-0.699,-0.56
3112.88,-80.0,957.0,-179.0,0.419,-0.699,-0.629
3113.6,-80.0,957.0,-179.0,0.349,-0.699,-0.56
3113.24,-81.0,958.0,-178.0,0.419,-0.769,-0.56
3113.42,-80.0,956.0,-177.0,0.49,-0.769,-0.56
3113.6,-80.0,957.0,-177.0,0.419,-0.769,-0.56
3113.79,-79.0,957.0,-176.0,0.49,-0.699,-0.56
3113.97,-81.0,957.0,-175.0,0.49,-0.769,-0.56
3114.15,-78.0,957.0,-176.0,0.419,-0.699,-0.56
3114.33,-81.0,957.0,-175.0,0.419,-0.699,-0.56
3114.52,-80.0,958.0,-175.0,0.419,-0.769,-0.56
3114.7,-79.0,955.0,-176.0,0.49,-0.629,-0.49
3114.88,-81.0,957.0,-176.0,0.419,-0.769,-0.56
3115.6,-79.0,957.0,-176.0,0.419,-0.769,-0.49
3115.79,-79.0,957.0,-176.0,0.419,-0.699,-0.49
3115.97,-81.0,958.0,-175.0,0.49,-0.839,-0.56
3116.16,-78.0,957.0,-175.0,0.419,-0.699,-0.56
3116.34,-82.0,958.0,-175.0,0.419,-0.769,-0.629
3116.52,-78.0,957.0,-175.0,0.349,-0.839,-0.56
3116.7,-82.0,957.0,-175.0,0.49,-0.699,-0.49
3116.89,-81.0,957.0,-175.0,0.349,-0.839,-0.629
3117.7,-80.0,957.0,-176.0,0.49,-0.699,-0.49
3117.25,-80.0,958.0,-176.0,0.419,-0.839,-0.629
3117.43,-80.0,956.0,-175.0,0.49,-0.769,-0.56
3117.61,-81.0,958.0,-174.0,0.49,-0.769,-0.56
3117.8,-79.0,957.0,-176.0,0.419,-0.699,-0.49
3117.98,-80.0,958.0,-175.0,0.419,-0.839,-0.56
3118.16,-79.0,958.0,-175.0,0.419,-0.769,-0.56
3118.34,-80.0,958.0,-176.0,0.349,-0.699,-0.56
3118.53,-79.0,957.0,-177.0,0.49,-0.769,-0.49
3118.71,-80.0,957.0,-175.0,0.49,-0.699,-0.49
3118.89,-80.0,958.0,-176.0,0.419,-0.699,-0.629
3119.7,-79.0,956.0,-176.0,0.56,-0.699,-0.49
3119.25,-81.0,958.0,-174.0,0.49,-0.699,-0.629
3119.44,-77.0,957.0,-175.0,0.28,-0.699,-0.49
3119.62,-81.0,958.0,-177.0,0.49,-0.629,-0.49
3119.8,-80.0,957.0,-176.0,0.49,-0.699,-0.56
3119.98,-81.0,958.0,-174.0,0.28,-0.699,-0.56
3120.17,-77.0,956.0,-175.0,0.49,-0.769,-0.56
3120.35,-81.0,958.0,-174.0,0.419,-0.769,-0.419
3120.53,-83.0,957.0,-175.0,0.419,-0.839,-0.629
3120.71,-77.0,957.0,-176.0,0.49,-0.699,-0.56
3120.89,-81.0,957.0,-177.0,0.419,-0.629,-0.49
3121.8,-81.0,957.0,-177.0,0.49,-0.769,-0.629
3121.26,-80.0,958.0,-175.0,0.49,-0.769,-0.49
3121.44,-79.0,957.0,-176.0,0.349,-0.769,-0.56
3121.62,-83.0,958.0,-176.0,0.49,-0.699,-0.56
3121.81,-78.0,957.0,-174.0,0.349,-0.839,-0.629
3121.99,-82.0,958.0,-175.0,0.49,-0.769,-0.49
3122.17,-80.0,957.0,-177.0,0.419,-0.699,-0.629
3122.35,-78.0,957.0,-176.0,0.419,-0.699,-0.49
3122.54,-80.0,956.0,-176.0,0.419,-0.699,-0.49
3122.72,-82.0,957.0,-177.0,0.419,-0.769,-0.629
3122.9,-80.0,956.0,-175.0,0.349,-0.769,-0.629
3123.8,-79.0,957.0,-176.0,0.419,-0.699,-0.49
3123.26,-79.0,957.0,-175.0,0.349,-0.769,-0.629
3123.45,-80.0,957.0,-176.0,0.49,-0.769,-0.49
3123.63,-79.0,957.0,-176.0,0.28,-0.769,-0.56
3123.81,-80.0,957.0,-176.0,0.419,-0.629,-0.49
3123.99,-81.0,958.0,-176.0,0.349,-0.839,-0.56
3124.18,-80.0,958.0,-176.0,0.419,-0.629,-0.49
3124.36,-80.0,958.0,-175.0,0.419,-0.839,-0.629
3124.54,-78.0,956.0,-176.0,0.419,-0.56,-0.49
3124.72,-80.0,958.0,-175.0,0.419,-0.839,-0.629
3124.91,-80.0,957.0,-177.0,0.419,-0.769,-0.56
3125.9,-80.0,957.0,-175.0,0.419,-0.769,-0.629
3125.27,-81.0,957.0,-176.0,0.56,-0.629,-0.49
3125.45,-81.0,957.0,-176.0,0.349,-0.839,-0.699
3125.63,-80.0,956.0,-176.0,0.56,-0.699,-0.49
3125.82,-82.0,958.0,-175.0,0.349,-0.839,-0.629
3126.0,-80.0,957.0,-176.0,0.349,-0.699,-0.49
3126.18,-80.0,957.0,-175.0,0.349,-0.769,-0.56
3126.36,-79.0,957.0,-175.0,0.49,-0.769,-0.56
3126.55,-80.0,957.0,-175.0,0.419,-0.769,-0.56
3126.73,-79.0,957.0,-175.0,0.349,-0.769,-0.49
3126.91,-80.0,957.0,-175.0,0.419,-0.699,-0.419
3127.9,-80.0,957.0,-176.0,0.419,-0.769,-0.49
3127.27,-79.0,957.0,-176.0,0.419,-0.699,-0.629
3127.46,-79.0,957.0,-175.0,0.419,-0.699,-0.49
3127.64,-81.0,957.0,-175.0,0.28,-0.699,-0.49
3127.82,-81.0,958.0,-175.0,0.419,-0.769,-0.56
3128.0,-80.0,957.0,-175.0,0.419,-0.769,-0.49
3128.19,-79.0,957.0,-176.0,0.349,-0.699,-0.56
3128.37,-80.0,956.0,-176.0,0.419,-0.699,-0.419
3128.55,-82.0,957.0,-176.0,0.49,-0.769,-0.56
3128.73,-79.0,957.0,-176.0,0.419,-0.769,-0.629
3128.91,-79.0,957.0,-176.0,0.419,-0.699,-0.419
3129.1,-82.0,958.0,-175.0,0.419,-0.769,-0.56
3129.28,-80.0,957.0,-176.0,0.419,-0.769,-0.56
3129.46,-81.0,958.0,-176.0,0.349,-0.769,-0.49
3129.64,-80.0,958.0,-176.0,0.349,-0.769,-0.56
3129.83,-79.0,957.0,-176.0,0.419,-0.769,-0.56
3130.1,-80.0,956.0,-176.0,0.49,-0.699,-0.56
3130.19,-80.0,957.0,-176.0,0.419,-0.699,-0.56
3130.37,-79.0,956.0,-177.0,0.419,-0.769,-0.56
3130.55,-81.0,957.0,-176.0,0.419,-0.769,-0.629
3130.74,-78.0,957.0,-176.0,0.49,-0.769,-0.56
3130.92,-82.0,958.0,-176.0,0.419,-0.839,-0.629
3131.1,-79.0,956.0,-176.0,0.49,-0.769,-0.49
3131.28,-82.0,959.0,-176.0,0.419,-0.769,-0.629
3131.47,-78.0,956.0,-176.0,0.49,-0.699,-0.56
3131.65,-82.0,957.0,-176.0,0.49,-0.699,-0.56
3131.83,-79.0,958.0,-176.0,0.28,-0.769,-0.56
3132.1,-80.0,958.0,-176.0,0.419,-0.699,-0.49
3132.2,-76.0,957.0,-175.0,0.349,-0.699,-0.49
3132.38,-82.0,957.0,-176.0,0.349,-0.699,-0.56
3132.56,-79.0,956.0,-176.0,0.349,-0.769,-0.49
3132.74,-80.0,958.0,-174.0,0.419,-0.769,-0.56
3133.65,-78.0,957.0,-175.0,0.349,-0.699,-0.56
3133.84,-81.0,957.0,-176.0,0.419,-0.629,-0.49
3134.2,-80.0,957.0,-174.0,0.28,-0.769,-0.56
3134.2,-81.0,958.0,-176.0,0.49,-0.699,-0.629
3134.38,-78.0,957.0,-174.0,0.419,-0.769,-0.56
3134.56,-82.0,957.0,-176.0,0.56,-0.699,-0.629
3134.75,-78.0,957.0,-175.0,0.56,-0.769,-0.699
3134.93,-80.0,956.0,-176.0,0.49,-0.769,-0.419
3135.11,-79.0,957.0,-175.0,0.419,-0.769,-0.629
3135.29,-79.0,957.0,-175.0,0.419,-0.769,-0.49
3135.48,-81.0,957.0,-175.0,0.349,-0.769,-0.56
3135.66,-79.0,957.0,-177.0,0.56,-0.769,-0.56
3135.84,-80.0,958.0,-174.0,0.349,-0.769,-0.56
3136.2,-81.0,956.0,-178.0,0.49,-0.699,-0.49
3136.21,-81.0,958.0,-175.0,0.49,-0.769,-0.56
3136.39,-78.0,956.0,-175.0,0.349,-0.699,-0.419
3136.57,-82.0,959.0,-176.0,0.419,-0.769,-0.629
3136.75,-77.0,956.0,-175.0,0.349,-0.699,-0.49
3137.66,-79.0,957.0,-175.0,0.349,-0.91,-0.629
3137.85,-81.0,957.0,-175.0,0.49,-0.629,-0.419
3138.3,-80.0,957.0,-176.0,0.349,-1.049,-0.699
3138.21,-80.0,956.0,-177.0,0.49,-0.629,-0.49
3138.39,-81.0,958.0,-176.0,0.419,-0.839,-0.699
3138.57,-78.0,955.0,-176.0,0.419,-0.629,-0.56
3138.76,-81.0,958.0,-176.0,0.419,-0.769,-0.56
3138.94,-79.0,956.0,-177.0,0.419,-0.699,-0.49
3139.12,-82.0,958.0,-176.0,0.349,-0.769,-0.629
3139.3,-78.0,957.0,-175.0,0.349,-0.769,-0.56
3139.49,-78.0,957.0,-175.0,0.419,-0.769,-0.49
3139.67,-79.0,957.0,-176.0,0.349,-0.769,-0.49
3139.85,-81.0,956.0,-177.0,0.49,-0.699,-0.49
3140.3,-82.0,958.0,-176.0,0.349,-0.91,-0.699
3140.21,-79.0,957.0,-176.0,0.49,-0.629,-0.49
3140.4,-80.0,957.0,-176.0,0.419,-0.769,-0.56
3140.58,-78.0,957.0,-176.0,0.419,-0.769,-0.56
3140.76,-81.0,957.0,-175.0,0.56,-0.629,-0.349
3140.94,-78.0,956.0,-177.0,0.49,-0.769,-0.49
3141.13,-82.0,959.0,-176.0,0.49,-0.699,-0.629
3141.31,-78.0,956.0,-177.0,0.349,-0.769,-0.49
3141.49,-83.0,957.0,-177.0,0.56,-0.629,-0.419
3141.67,-79.0,957.0,-174.0,0.209,-0.91,-0.629
3141.86,-80.0,958.0,-176.0,0.56,-0.629,-0.49
3142.4,-79.0,957.0,-176.0,0.28,-0.839,-0.56
3142.22,-80.0,958.0,-174.0,0.56,-0.699,-0.56
3142.4,-82.0,957.0,-176.0,0.419,-0.699,-0.49
3142.58,-77.0,957.0,-174.0,0.349,-0.91,-0.699
3142.77,-81.0,956.0,-177.0,0.49,-0.56,-0.349
3142.95,-81.0,957.0,-175.0,0.28,-0.91,-0.769
3143.13,-80.0,956.0,-176.0,0.49,-0.56,-0.419
3144.4,-80.0,958.0,-176.0,0.349,-0.699,-0.629
3144.22,-76.0,955.0,-175.0,0.349,-0.699,-0.419
3144.41,-85.0,959.0,-176.0,0.49,-0.699,-0.49
3144.59,-78.0,956.0,-177.0,0.419,-0.769,-0.699
3144.77,-82.0,956.0,-176.0,0.419,-0.699,-0.49
3144.95,-78.0,955.0,-176.0,0.349,-0.699,-0.49
3145.14,-84.0,960.0,-175.0,0.349,-0.769,-0.49
3145.32,-77.0,956.0,-177.0,0.419,-0.699,-0.56
3145.5,-84.0,960.0,-173.0,0.349,-0.91,-0.699
3145.68,-77.0,955.0,-177.0,0.419,-0.699,-0.49
3145.87,-82.0,959.0,-175.0,0.49,-0.769,-0.49
3146.5,-77.0,957.0,-176.0,0.349,-0.769,-0.629
3146.23,-82.0,957.0,-175.0,0.56,-0.769,-0.49
3146.41,-77.0,957.0,-176.0,0.28,-0.769,-0.49
3146.59,-83.0,958.0,-177.0,0.629,-0.56,-0.419
3146.78,-81.0,956.0,-175.0,0.28,-0.91,-0.769
3146.96,-79.0,958.0,-176.0,0.419,-0.699,-0.56
3147.14,-80.0,956.0,-177.0,0.419,-0.769,-0.49
3147.32,-82.0,956.0,-177.0,0.56,-0.839,-0.56
3147.51,-80.0,958.0,-175.0,0.49,-0.769,-0.56
3147.69,-78.0,956.0,-177.0,0.349,-0.699,-0.56
3147.87,-81.0,958.0,-177.0,0.419,-0.769,-0.56
3148.5,-81.0,959.0,-174.0,0.49,-0.839,-0.699
3148.23,-78.0,955.0,-176.0,0.629,-0.49,-0.28
3148.42,-88.0,963.0,-173.0,0.49,-1.049,-0.839
3148.6,-77.0,955.0,-177.0,0.839,-0.56,-0.419
3148.78,-83.0,957.0,-176.0,0.56,-0.699,-0.699
3148.96,-81.0,955.0,-179.0,0.769,-0.419,-0.49
3149.15,-84.0,959.0,-177.0,0.49,-0.769,-0.91
3149.33,-75.0,954.0,-178.0,0.629,-0.419,-0.49
3149.51,-87.0,959.0,-175.0,0.28,-0.629,-0.49
3149.69,-81.0,957.0,-176.0,0.28,-0.91,-0.769
3149.88,-79.0,956.0,-175.0,0.49,-0.56,-0.349
3150.6,-86.0,962.0,-174.0,0.49,-0.769,-0.839
3150.24,-73.0,953.0,-177.0,0.28,-0.629,-0.49
3150.42,-88.0,959.0,-177.0,0.629,-0.699,-0.49
3150.6,-75.0,955.0,-176.0,0.209,-0.98,-0.699
3150.79,-83.0,955.0,-178.0,0.419,-0.629,-0.419
3150.97,-76.0,958.0,-174.0,0.419,-0.769,-0.699
3151.15,-80.0,955.0,-178.0,0.419,-0.56,-0.419
3151.33,-82.0,956.0,-177.0,0.28,-1.049,-0.629
3151.52,-72.0,958.0,-176.0,0.28,-0.98,-0.56
3151.7,-83.0,958.0,-180.0,0.629,-0.419,-0.28
3151.88,-74.0,954.0,-177.0,0.14,-1.049,-0.769
3152.6,-82.0,959.0,-177.0,0.769,-0.629,-0.28
3152.24,-73.0,955.0,-176.0,0.07,-1.049,-0.629
3152.43,-85.0,957.0,-176.0,0.629,-0.56,-0.209
3152.61,-78.0,958.0,-177.0,0.14,-1.049,-0.769
3152.79,-83.0,958.0,-177.0,0.699,-0.56,-0.28
3152.97,-78.0,958.0,-174.0,0.28,-0.98,-0.699
3153.16,-82.0,957.0,-177.0,0.699,-0.349,-0.209
3153.34,-84.0,959.0,-176.0,0.419,-1.049,-0.699
3153.52,-75.0,957.0,-174.0,0.629,-0.56,-0.49
3153.7,-84.0,959.0,-175.0,0.629,-0.56,-0.49
3153.89,-81.0,958.0,-175.0,0.419,-0.91,-0.839
3154.7,-78.0,954.0,-178.0,0.699,-0.56,-0.349
3154.25,-83.0,959.0,-174.0,0.28,-0.91,-0.769
3154.43,-76.0,954.0,-178.0,0.49,-0.56,-0.419
3154.61,-81.0,959.0,-175.0,0.28,-0.91,-0.839
3154.8,-74.0,954.0,-178.0,0.349,-0.56,-0.349
3154.98,-85.0,960.0,-174.0,0.349,-0.91,-0.699
3155.16,-74.0,956.0,-176.0,0.209,-0.769,-0.419
3155.34,-83.0,959.0,-177.0,0.629,-0.629,-0.49
3155.53,-75.0,955.0,-176.0,0.209,-0.91,-0.56
3155.71,-82.0,960.0,-174.0,0.49,-0.56,-0.28
3155.89,-82.0,958.0,-177.0,0.349,-0.91,-0.629
3156.7,-75.0,955.0,-176.0,0.419,-0.699,-0.419
3156.25,-85.0,958.0,-175.0,0.56,-0.629,-0.56
3156.44,-79.0,956.0,-178.0,0.49,-0.769,-0.629
3156.62,-81.0,958.0,-175.0,0.49,-0.699,-0.629
3156.8,-79.0,956.0,-175.0,0.419,-0.769,-0.49
3156.98,-82.0,957.0,-176.0,0.349,-0.769,-0.56
3157.17,-78.0,956.0,-176.0,0.349,-0.769,-0.56
3157.35,-80.0,958.0,-175.0,0.419,-0.839,-0.56
3157.53,-80.0,956.0,-176.0,0.49,-0.769,-0.629
3157.71,-81.0,958.0,-176.0,0.49,-0.839,-0.629
3157.9,-78.0,956.0,-175.0,0.349,-0.839,-0.56
3158.8,-83.0,958.0,-177.0,0.419,-0.699,-0.56
3158.26,-80.0,957.0,-176.0,0.419,-0.769,-0.629
3158.44,-80.0,957.0,-176.0,0.49,-0.699,-0.49
3158.62,-79.0,958.0,-175.0,0.349,-0.839,-0.629
3158.81,-78.0,955.0,-177.0,0.49,-0.699,-0.49
3158.99,-82.0,957.0,-175.0,0.419,-0.91,-0.629
3159.17,-79.0,956.0,-176.0,0.349,-0.699,-0.56
3159.35,-82.0,957.0,-175.0,0.49,-0.629,-0.56
3159.54,-79.0,955.0,-175.0,0.28,-0.769,-0.56
3159.72,-80.0,959.0,-174.0,0.349,-0.699,-0.56
3159.9,-80.0,957.0,-174.0,0.28,-0.839,-0.56
3160.8,-81.0,958.0,-175.0,0.49,-0.769,-0.49
3160.26,-80.0,958.0,-176.0,0.49,-0.839,-0.56
3160.45,-81.0,956.0,-176.0,0.49,-0.769,-0.49
3160.63,-81.0,957.0,-176.0,0.419,-0.769,-0.56
3160.81,-82.0,957.0,-176.0,0.419,-0.769,-0.49
3160.99,-81.0,957.0,-176.0,0.419,-0.769,-0.56
3161.18,-79.0,958.0,-176.0,0.419,-0.769,-0.56
3161.36,-80.0,958.0,-175.0,0.419,-0.699,-0.56
3161.54,-80.0,958.0,-176.0,0.419,-0.839,-0.56
3161.72,-78.0,957.0,-175.0,0.49,-0.769,-0.56
3161.9,-79.0,955.0,-177.0,0.419,-0.769,-0.419
3162.9,-82.0,957.0,-177.0,0.49,-0.769,-0.56
3162.27,-79.0,956.0,-175.0,0.349,-0.769,-0.629
3162.45,-80.0,956.0,-176.0,0.419,-0.699,-0.49
3162.63,-80.0,958.0,-175.0,0.49,-0.699,-0.629
3162.82,-79.0,957.0,-175.0,0.349,-0.769,-0.56
3163.0,-79.0,957.0,-176.0,0.419,-0.769,-0.49
3163.18,-81.0,958.0,-175.0,0.49,-0.699,-0.56
3163.36,-79.0,957.0,-176.0,0.419,-0.769,-0.629
3163.55,-80.0,957.0,-175.0,0.49,-0.839,-0.56
3163.73,-80.0,956.0,-176.0,0.419,-0.769,-0.49
3163.91,-80.0,957.0,-175.0,0.349,-0.629,-0.56
3164.9,-81.0,957.0,-175.0,0.56,-0.769,-0.56
3164.27,-79.0,957.0,-176.0,0.419,-0.769,-0.49
3164.46,-81.0,958.0,-175.0,0.419,-0.699,-0.56
3164.64,-79.0,958.0,-175.0,0.419,-0.769,-0.56
3164.82,-80.0,957.0,-176.0,0.419,-0.699,-0.49
3165.0,-81.0,959.0,-176.0,0.349,-0.699,-0.56
3165.19,-79.0,957.0,-177.0,0.419,-0.699,-0.56
3165.37,-81.0,957.0,-177.0,0.49,-0.769,-0.49
3165.55,-80.0,957.0,-176.0,0.419,-0.699,-0.56
3165.73,-81.0,957.0,-175.0,0.49,-0.699,-0.56
3165.91,-80.0,958.0,-175.0,0.419,-0.839,-0.56
3166.1,-79.0,958.0,-175.0,0.49,-0.699,-0.56
3166.28,-81.0,958.0,-175.0,0.419,-0.769,-0.56
3166.46,-79.0,957.0,-176.0,0.419,-0.769,-0.49
3166.64,-81.0,957.0,-176.0,0.49,-0.769,-0.56
3166.83,-80.0,955.0,-176.0,0.419,-0.769,-0.56
3167.1,-80.0,957.0,-175.0,0.56,-0.699,-0.56
3167.19,-81.0,957.0,-176.0,0.419,-0.699,-0.629
3167.37,-81.0,957.0,-176.0,0.419,-0.699,-0.49
3167.55,-82.0,957.0,-175.0,0.49,-0.699,-0.56
3167.74,-80.0,957.0,-176.0,0.349,-0.699,-0.49
3167.92,-81.0,958.0,-175.0,0.419,-0.839,-0.629
3168.1,-79.0,957.0,-176.0,0.419,-0.769,-0.56
3168.28,-80.0,957.0,-176.0,0.49,-0.699,-0.419
3168.47,-80.0,957.0,-177.0,0.419,-0.769,-0.629
3168.65,-79.0,957.0,-176.0,0.49,-0.699,-0.49
3168.83,-82.0,956.0,-177.0,0.419,-0.699,-0.49
3169.1,-80.0,957.0,-175.0,0.419,-0.769,-0.56
3169.2,-80.0,957.0,-175.0,0.419,-0.769,-0.56
3169.38,-80.0,957.0,-177.0,0.49,-0.699,-0.49
3169.56,-79.0,957.0,-175.0,0.419,-0.699,-0.56
3169.74,-81.0,958.0,-175.0,0.419,-0.769,-0.56
3169.92,-78.0,957.0,-175.0,0.28,-0.769,-0.49
3170.11,-80.0,957.0,-176.0,0.49,-0.699,-0.49
3170.29,-79.0,957.0,-177.0,0.419,-0.699,-0.49
3170.47,-80.0,957.0,-177.0,0.49,-0.769,-0.629
3172.11,-80.0,957.0,-176.0,0.419,-0.769,-0.56
3172.29,-81.0,957.0,-177.0,0.56,-0.839,-0.49
3172.48,-80.0,956.0,-176.0,0.419,-0.769,-0.49
3172.66,-81.0,957.0,-176.0,0.49,-0.56,-0.49
3172.84,-80.0,957.0,-176.0,0.419,-0.839,-0.629
3173.2,-78.0,957.0,-175.0,0.49,-0.699,-0.49
3173.21,-83.0,957.0,-176.0,0.419,-0.629,-0.49
3173.39,-80.0,957.0,-176.0,0.419,-0.91,-0.699
3173.57,-80.0,958.0,-176.0,0.49,-0.629,-0.56
3173.75,-81.0,958.0,-176.0,0.419,-0.769,-0.629
3173.93,-80.0,957.0,-176.0,0.419,-0.699,-0.56
3174.12,-81.0,958.0,-175.0,0.49,-0.769,-0.56
3174.3,-80.0,957.0,-175.0,0.419,-0.769,-0.629
3174.48,-80.0,957.0,-176.0,0.49,-0.769,-0.56
3174.66,-81.0,956.0,-177.0,0.419,-0.699,-0.56
3174.85,-80.0,957.0,-177.0,0.49,-0.769,-0.629
3175.3,-80.0,957.0,-176.0,0.419,-0.699,-0.49
3175.21,-81.0,958.0,-177.0,0.349,-0.769,-0.629
3175.39,-79.0,956.0,-176.0,0.419,-0.769,-0.49
3175.57,-82.0,958.0,-175.0,0.349,-0.769,-0.56
3175.76,-78.0,957.0,-177.0,0.28,-0.769,-0.56
3175.94,-81.0,957.0,-176.0,0.56,-0.699,-0.56
3176.12,-80.0,957.0,-174.0,0.49,-0.839,-0.699
3177.3,-80.0,957.0,-178.0,0.49,-0.769,-0.56
3177.22,-80.0,957.0,-175.0,0.419,-0.629,-0.49
3177.4,-79.0,958.0,-174.0,0.349,-0.699,-0.629
3177.58,-80.0,957.0,-177.0,0.56,-0.699,-0.419
3177.76,-80.0,958.0,-175.0,0.349,-0.769,-0.56
3177.94,-79.0,957.0,-175.0,0.49,-0.699,-0.49
3178.13,-81.0,957.0,-176.0,0.49,-0.699,-0.49
3178.31,-80.0,957.0,-175.0,0.28,-0.769,-0.56
3178.49,-82.0,958.0,-175.0,0.49,-0.769,-0.629
3178.67,-79.0,956.0,-175.0,0.419,-0.699,-0.56
3178.86,-84.0,958.0,-175.0,0.49,-0.769,-0.56
3185.5,-80.0,957.0,-176.0,0.56,-0.699,-0.56
3185.23,-80.0,956.0,-175.0,0.349,-0.769,-0.56
3185.42,-80.0,957.0,-175.0,0.49,-0.769,-0.49
3185.6,-79.0,958.0,-175.0,0.419,-0.839,-0.56
3185.78,-80.0,957.0,-176.0,0.49,-0.839,-0.56
3185.96,-80.0,957.0,-176.0,0.349,-0.769,-0.56
3186.15,-79.0,955.0,-178.0,0.419,-0.629,-0.49
3186.33,-83.0,957.0,-175.0,0.419,-0.629,-0.56
3186.51,-81.0,958.0,-174.0,0.209,-0.769,-0.629
3186.69,-80.0,957.0,-176.0,0.49,-0.629,-0.49
3186.87,-80.0,959.0,-176.0,0.419,-0.839,-0.56
3187.6,-80.0,957.0,-174.0,0.49,-0.769,-0.49
3187.24,-80.0,956.0,-176.0,0.49,-0.839,-0.56
3187.42,-80.0,957.0,-176.0,0.419,-0.699,-0.49
3187.6,-80.0,958.0,-177.0,0.349,-0.839,-0.56
3187.79,-80.0,957.0,-177.0,0.56,-0.769,-0.49
3187.97,-80.0,957.0,-176.0,0.419,-0.699,-0.56
3188.15,-81.0,957.0,-177.0,0.349,-0.769,-0.49
3188.33,-79.0,958.0,-176.0,0.349,-0.769,-0.56
3188.52,-79.0,956.0,-175.0,0.419,-0.769,-0.56
3188.7,-80.0,957.0,-175.0,0.349,-0.769,-0.49
3188.88,-80.0,957.0,-177.0,0.49,-0.769,-0.56
3189.6,-79.0,957.0,-175.0,0.56,-0.629,-0.49
3189.24,-82.0,957.0,-177.0,0.419,-0.699,-0.56
3189.43,-79.0,957.0,-176.0,0.49,-0.629,-0.56
3189.61,-80.0,958.0,-176.0,0.349,-0.699,-0.49
3189.79,-81.0,957.0,-175.0,0.419,-0.769,-0.56
3189.97,-80.0,958.0,-176.0,0.349,-0.699,-0.49
3190.16,-80.0,957.0,-177.0,0.56,-0.699,-0.56
3190.34,-80.0,957.0,-175.0,0.49,-0.769,-0.49
3190.52,-79.0,957.0,-177.0,0.419,-0.769,-0.56
3190.7,-80.0,956.0,-178.0,0.49,-0.769,-0.49
3190.88,-80.0,956.0,-177.0,0.419,-0.769,-0.56
3191.7,-78.0,957.0,-174.0,0.349,-0.699,-0.49
3191.25,-81.0,957.0,-176.0,0.419,-0.699,-0.56
3191.43,-79.0,958.0,-176.0,0.419,-0.769,-0.629
3193.7,-79.0,956.0,-176.0,0.419,-0.699,-0.49
3193.25,-82.0,958.0,-176.0,0.349,-0.769,-0.56
3193.44,-78.0,956.0,-176.0,0.49,-0.769,-0.56
3193.62,-80.0,958.0,-176.0,0.419,-0.699,-0.56
3193.8,-80.0,957.0,-176.0,0.419,-0.769,-0.56
3193.98,-80.0,957.0,-177.0,0.49,-0.769,-0.49
3194.17,-82.0,956.0,-177.0,0.349,-0.699,-0.56
3194.35,-80.0,956.0,-177.0,0.349,-0.839,-0.56
3194.53,-80.0,957.0,-176.0,0.349,-0.699,-0.56
3194.71,-81.0,957.0,-175.0,0.419,-0.769,-0.56
3194.89,-80.0,957.0,-175.0,0.419,-0.699,-0.629
3195.8,-80.0,958.0,-175.0,0.419,-0.699,-0.629
3195.26,-79.0,957.0,-175.0,0.419,-0.769,-0.49
3195.44,-81.0,958.0,-176.0,0.49,-0.769,-0.56
3195.62,-81.0,958.0,-177.0,0.419,-0.839,-0.56
3195.81,-79.0,956.0,-177.0,0.349,-0.699,-0.56
3195.99,-81.0,957.0,-176.0,0.49,-0.769,-0.56
3196.17,-80.0,956.0,-176.0,0.419,-0.699,-0.56
3196.35,-79.0,956.0,-177.0,0.419,-0.699,-0.56
3196.53,-81.0,957.0,-176.0,0.419,-0.699,-0.56
3196.72,-79.0,957.0,-175.0,0.349,-0.769,-0.56
3196.9,-82.0,958.0,-176.0,0.419,-0.769,-0.629
3197.8,-79.0,957.0,-176.0,0.419,-0.699,-0.49
3197.26,-81.0,956.0,-176.0,0.49,-0.699,-0.49
3197.45,-81.0,957.0,-175.0,0.349,-0.769,-0.56
3197.63,-80.0,957.0,-175.0,0.419,-0.699,-0.56
3197.81,-80.0,958.0,-175.0,0.419,-0.769,-0.49
3197.99,-79.0,957.0,-175.0,0.419,-0.769,-0.56
3198.18,-82.0,959.0,-176.0,0.419,-0.769,-0.56
3198.36,-79.0,956.0,-176.0,0.349,-0.699,-0.49
3198.54,-81.0,958.0,-176.0,0.49,-0.769,-0.56
3198.72,-80.0,956.0,-176.0,0.49,-0.699,-0.629
3198.9,-81.0,958.0,-176.0,0.419,-0.769,-0.629
3199.9,-79.0,955.0,-176.0,0.349,-0.629,-0.49
3199.27,-82.0,958.0,-175.0,0.419,-0.839,-0.49
3199.45,-78.0,955.0,-175.0,0.419,-0.769,-0.49
3199.63,-81.0,957.0,-176.0,0.419,-0.769,-0.629
3199.82,-79.0,956.0,-176.0,0.419,-0.769,-0.56
3200.0,-82.0,959.0,-175.0,0.419,-0.839,-0.629
3200.18,-78.0,957.0,-176.0,0.419,-0.769,-0.56
3200.36,-82.0,958.0,-176.0,0.419,-0.699,-0.56
3200.54,-78.0,956.0,-176.0,0.28,-0.839,-0.629
3200.73,-82.0,957.0,-176.0,0.49,-0.699,-0.56
3200.91,-80.0,957.0,-175.0,0.349,-0.839,-0.629
3201.9,-81.0,956.0,-176.0,0.49,-0.699,-0.419
3201.27,-80.0,958.0,-175.0,0.419,-0.839,-0.56
3201.46,-78.0,957.0,-176.0,0.49,-0.699,-0.419
3201.64,-81.0,957.0,-175.0,0.419,-0.699,-0.56
3201.82,-78.0,956.0,-175.0,0.419,-0.769,-0.56
3202.0,-80.0,956.0,-176.0,0.419,-0.699,-0.49
3202.18,-81.0,957.0,-175.0,0.49,-0.769,-0.629
3202.37,-77.0,957.0,-175.0,0.349,-0.699,-0.49
3203.64,-77.0,957.0,-176.0,0.49,-0.699,-0.49
3203.82,-82.0,957.0,-175.0,0.419,-0.769,-0.49
3204.1,-78.0,957.0,-176.0,0.49,-0.769,-0.56
3204.19,-82.0,957.0,-176.0,0.419,-0.629,-0.49
3204.37,-80.0,958.0,-175.0,0.419,-0.839,-0.629
3204.55,-79.0,956.0,-175.0,0.419,-0.769,-0.56
3204.74,-80.0,958.0,-174.0,0.49,-0.769,-0.49
3204.92,-78.0,957.0,-175.0,0.419,-0.699,-0.56
3205.1,-81.0,957.0,-175.0,0.49,-0.769,-0.56
3205.28,-79.0,956.0,-176.0,0.419,-0.699,-0.419
3205.46,-83.0,958.0,-176.0,0.419,-0.699,-0.49
3205.65,-81.0,957.0,-176.0,0.349,-0.769,-0.629
3205.83,-80.0,957.0,-176.0,0.49,-0.699,-0.56
3206.1,-80.0,958.0,-175.0,0.419,-0.699,-0.49
3206.19,-81.0,957.0,-176.0,0.49,-0.769,-0.49
3206.38,-81.0,957.0,-176.0,0.49,-0.699,-0.49
3206.56,-79.0,958.0,-176.0,0.419,-0.839,-0.56
3206.74,-81.0,956.0,-177.0,0.49,-0.629,-0.56
3206.92,-79.0,957.0,-176.0,0.49,-0.769,-0.56
3207.1,-76.0,957.0,-177.0,0.349,-0.769,-0.56
3207.29,-81.0,956.0,-176.0,0.49,-0.629,-0.349
3207.47,-81.0,957.0,-173.0,0.349,-0.769,-0.629
3207.65,-79.0,957.0,-175.0,0.419,-0.699,-0.49
3207.83,-81.0,956.0,-176.0,0.49,-0.769,-0.56
3208.2,-79.0,956.0,-176.0,0.56,-0.699,-0.49
3208.2,-80.0,957.0,-176.0,0.419,-0.769,-0.56
3208.38,-80.0,957.0,-176.0,0.49,-0.769,-0.56
3208.56,-78.0,957.0,-176.0,0.28,-0.769,-0.56
3208.74,-81.0,958.0,-176.0,0.349,-0.769,-0.56
3208.93,-77.0,956.0,-176.0,0.28,-0.699,-0.56
3209.11,-84.0,959.0,-175.0,0.56,-0.699,-0.49
3209.29,-77.0,955.0,-176.0,0.28,-0.839,-0.629
3209.47,-82.0,957.0,-177.0,0.56,-0.629,-0.49
3209.66,-80.0,957.0,-176.0,0.28,-0.91,-0.56
3209.84,-84.0,959.0,-175.0,0.56,-0.629,-0.56
3210.2,-78.0,958.0,-176.0,0.209,-0.839,-0.699
3210.2,-80.0,956.0,-176.0,0.56,-0.56,-0.349
3210.38,-81.0,957.0,-176.0,0.349,-0.839,-0.629
3210.57,-82.0,956.0,-176.0,0.56,-0.49,-0.49
3210.75,-80.0,957.0,-176.0,0.28,-0.839,-0.699
3210.93,-81.0,956.0,-177.0,0.56,-0.629,-0.49
3211.11,-80.0,956.0,-175.0,0.349,-0.839,-0.629
3211.3,-78.0,955.0,-176.0,0.419,-0.629,-0.49
3211.48,-80.0,958.0,-176.0,0.49,-0.839,-0.629
3211.66,-80.0,957.0,-176.0,0.419,-0.769,-0.56
3211.84,-81.0,958.0,-174.0,0.419,-0.769,-0.629
3212.2,-77.0,955.0,-176.0,0.349,-0.699,-0.349
3212.21,-83.0,958.0,-175.0,0.49,-0.769,-0.629
3212.39,-78.0,956.0,-176.0,0.419,-0.839,-0.629
3212.57,-81.0,957.0,-175.0,0.56,-0.699,-0.49
3212.75,-77.0,957.0,-176.0,0.349,-0.839,-0.699
3212.94,-80.0,957.0,-177.0,0.49,-0.629,-0.419
3213.85,-76.0,957.0,-175.0,0.28,-0.769,-0.49
3214.3,-83.0,956.0,-175.0,0.56,-0.629,-0.419
3214.21,-79.0,958.0,-173.0,0.07,-0.98,-0.699
3214.39,-78.0,956.0,-177.0,0.56,-0.49,-0.209
3214.58,-82.0,960.0,-173.0,0.349,-1.049,-0.699
3214.76,-76.0,954.0,-177.0,0.56,-0.56,-0.209
3214.94,-85.0,959.0,-175.0,0.419,-0.98,-0.699
3215.12,-74.0,954.0,-177.0,0.56,-0.629,-0.419
3215.31,-84.0,958.0,-176.0,0.419,-0.769,-0.49
3215.49,-77.0,956.0,-176.0,0.349,-0.699,-0.56
3215.67,-82.0,958.0,-176.0,0.419,-0.699,-0.49
3215.85,-81.0,957.0,-175.0,0.419,-0.769,-0.629
3221.87,-78.0,958.0,-177.0,0.349,-0.769,-0.56
3222.5,-81.0,956.0,-177.0,0.56,-0.699,-0.49
3222.23,-80.0,957.0,-176.0,0.28,-0.839,-0.629
3222.41,-78.0,957.0,-177.0,0.419,-0.629,-0.56
3222.6,-81.0,957.0,-177.0,0.419,-0.769,-0.49
3222.78,-78.0,957.0,-175.0,0.419,-0.769,-0.49
3222.96,-82.0,957.0,-175.0,0.419,-0.769,-0.49
3223.14,-79.0,957.0,-175.0,0.419,-0.839,-0.56
3223.32,-81.0,957.0,-176.0,0.419,-0.699,-0.49
3223.51,-81.0,957.0,-175.0,0.419,-0.769,-0.56
3223.69,-79.0,956.0,-176.0,0.419,-0.699,-0.56
3223.87,-80.0,957.0,-177.0,0.419,-0.769,-0.56
3224.5,-80.0,956.0,-174.0,0.49,-0.769,-0.49
3224.24,-80.0,957.0,-177.0,0.349,-0.699,-0.56
3224.42,-81.0,957.0,-177.0,0.49,-0.699,-0.49
3224.6,-81.0,956.0,-177.0,0.49,-0.699,-0.49
3224.78,-80.0,957.0,-176.0,0.419,-0.769,-0.56
3225.33,-80.0,956.0,-177.0,0.419,-0.699,-0.56
3225.51,-82.0,957.0,-176.0,0.419,-0.769,-0.56
3225.69,-79.0,957.0,-176.0,0.49,-0.769,-0.56
3225.88,-80.0,956.0,-176.0,0.419,-0.699,-0.49
3226.6,-82.0,957.0,-176.0,0.49,-0.839,-0.56
3226.24,-78.0,957.0,-174.0,0.349,-0.769,-0.56
3226.42,-82.0,957.0,-176.0,0.419,-0.769,-0.49
3226.61,-78.0,956.0,-176.0,0.419,-0.769,-0.56
3226.79,-81.0,958.0,-176.0,0.419,-0.699,-0.56
3226.97,-78.0,957.0,-176.0,0.419,-0.769,-0.629
3227.15,-81.0,957.0,-177.0,0.49,-0.699,-0.49
3227.33,-80.0,958.0,-176.0,0.419,-0.769,-0.629
3227.52,-79.0,957.0,-177.0,0.349,-0.699,-0.49
3227.7,-81.0,957.0,-176.0,0.419,-0.839,-0.49
3227.88,-80.0,957.0,-177.0,0.49,-0.769,-0.49
3228.6,-81.0,957.0,-177.0,0.419,-0.839,-0.629
3228.25,-78.0,956.0,-175.0,0.49,-0.769,-0.49
3228.43,-81.0,957.0,-176.0,0.49,-0.699,-0.49
3228.61,-81.0,956.0,-175.0,0.349,-0.839,-0.629
3228.79,-82.0,957.0,-176.0,0.419,-0.699,-0.56
3228.97,-78.0,957.0,-174.0,0.349,-0.839,-0.56
3229.16,-81.0,957.0,-175.0,0.49,-0.629,-0.419
3229.34,-80.0,958.0,-176.0,0.349,-0.839,-0.629
3229.52,-81.0,956.0,-175.0,0.49,-0.629,-0.49
3229.7,-82.0,958.0,-176.0,0.419,-0.91,-0.629
3229.89,-79.0,955.0,-176.0,0.49,-0.629,-0.49
3230.7,-82.0,958.0,-176.0,0.28,-0.839,-0.629
3230.25,-79.0,956.0,-176.0,0.419,-0.629,-0.49
3230.43,-79.0,957.0,-174.0,0.349,-0.769,-0.56
3230.62,-77.0,956.0,-175.0,0.419,-0.629,-0.49
3230.8,-82.0,959.0,-176.0,0.419,-0.769,-0.56
3230.98,-78.0,956.0,-176.0,0.419,-0.769,-0.629
3231.16,-83.0,957.0,-176.0,0.49,-0.699,-0.56
3232.8,-82.0,957.0,-176.0,0.349,-0.769,-0.56
3232.98,-80.0,956.0,-177.0,0.49,-0.699,-0.56
3233.17,-78.0,955.0,-177.0,0.419,-0.769,-0.56
3233.35,-83.0,958.0,-176.0,0.419,-0.769,-0.56
3233.53,-79.0,956.0,-178.0,0.349,-0.769,-0.629
3233.71,-81.0,957.0,-177.0,0.56,-0.769,-0.56
3233.9,-79.0,957.0,-177.0,0.49,-0.699,-0.56
3234.8,-80.0,956.0,-177.0,0.349,-0.699,-0.56
3234.26,-80.0,957.0,-177.0,0.349,-0.769,-0.56
3234.44,-78.0,956.0,-176.0,0.349,-0.769,-0.49
3234.62,-80.0,957.0,-174.0,0.419,-0.769,-0.56
3234.81,-80.0,958.0,-175.0,0.349,-0.769,-0.56
3234.99,-78.0,955.0,-176.0,0.419,-0.699,-0.49
3235.17,-82.0,958.0,-175.0,0.49,-0.769,-0.49
3235.35,-79.0,957.0,-175.0,0.419,-0.699,-0.56
3235.54,-80.0,957.0,-176.0,0.419,-0.699,-0.56
3235.9,-81.0,958.0,-175.0,0.349,-0.769,-0.629
3236.8,-78.0,954.0,-177.0,0.419,-0.629,-0.49
3236.27,-80.0,958.0,-175.0,0.349,-0.769,-0.56
3236.45,-80.0,956.0,-175.0,0.419,-0.629,-0.419
3236.63,-82.0,959.0,-176.0,0.419,-0.769,-0.629
3236.81,-77.0,956.0,-176.0,0.419,-0.699,-0.56
3236.99,-83.0,957.0,-176.0,0.49,-0.769,-0.56
3237.18,-80.0,957.0,-176.0,0.419,-0.769,-0.56
3237.36,-80.0,956.0,-175.0,0.419,-0.699,-0.49
3237.54,-82.0,957.0,-176.0,0.419,-0.699,-0.56
3237.72,-79.0,957.0,-177.0,0.419,-0.699,-0.56
3237.91,-80.0,957.0,-176.0,0.419,-0.699,-0.49
3238.9,-79.0,957.0,-176.0,0.419,-0.839,-0.56
3238.27,-81.0,956.0,-177.0,0.49,-0.699,-0.49
3238.45,-80.0,957.0,-177.0,0.349,-0.769,-0.629
3238.63,-79.0,956.0,-178.0,0.419,-0.769,-0.49
3239.73,-79.0,956.0,-175.0,0.419,-0.769,-0.56
3239.91,-81.0,957.0,-176.0,0.49,-0.699,-0.49
3240.9,-78.0,956.0,-177.0,0.349,-0.769,-0.629
3240.28,-81.0,956.0,-176.0,0.49,-0.699,-0.49
3240.46,-80.0,956.0,-176.0,0.349,-0.839,-0.629
3240.64,-79.0,956.0,-176.0,0.419,-0.699,-0.49
3240.82,-81.0,957.0,-177.0,0.349,-0.839,-0.629
3241.0,-80.0,957.0,-176.0,0.419,-0.769,-0.56
3241.19,-82.0,957.0,-176.0,0.419,-0.699,-0.56
3241.37,-80.0,957.0,-177.0,0.419,-0.699,-0.56
3241.55,-81.0,957.0,-177.0,0.49,-0.839,-0.56
3241.73,-81.0,957.0,-176.0,0.419,-0.769,-0.49
3241.92,-81.0,957.0,-176.0,0.419,-0.769,-0.629
3242.1,-79.0,957.0,-176.0,0.349,-0.769,-0.56
3242.28,-80.0,957.0,-176.0,0.419,-0.769,-0.56
3242.46,-80.0,957.0,-175.0,0.419,-0.699,-0.49
3242.64,-81.0,958.0,-175.0,0.419,-0.699,-0.56
3242.83,-79.0,956.0,-176.0,0.419,-0.769,-0.49
3243.1,-82.0,958.0,-175.0,0.419,-0.839,-0.56
3243.19,-79.0,957.0,-176.0,0.419,-0.769,-0.56
3243.37,-81.0,957.0,-175.0,0.349,-0.699,-0.56
3243.56,-80.0,957.0,-175.0,0.419,-0.699,-0.56
3243.74,-79.0,957.0,-176.0,0.419,-0.699,-0.419
3243.92,-80.0,957.0,-175.0,0.419,-0.769,-0.49
3244.1,-79.0,956.0,-175.0,0.419,-0.699,-0.49
3244.29,-81.0,957.0,-176.0,0.419,-0.769,-0.49
3244.47,-80.0,957.0,-176.0,0.419,-0.769,-0.56
3244.65,-80.0,957.0,-176.0,0.49,-0.699,-0.56
3244.83,-81.0,958.0,-175.0,0.349,-0.769,-0.629
3245.1,-80.0,957.0,-175.0,0.349,-0.699,-0.56
3245.2,-80.0,956.0,-176.0,0.419,-0.769,-0.49
3245.38,-80.0,957.0,-176.0,0.419,-0.769,-0.56
3245.56,-81.0,956.0,-176.0,0.349,-0.699,-0.56
3245.74,-81.0,957.0,-176.0,0.49,-0.769,-0.56
3245.93,-80.0,957.0,-176.0,0.419,-0.769,-0.56
3246.11,-80.0,957.0,-176.0,0.419,-0.699,-0.56
3246.29,-80.0,957.0,-175.0,0.419,-0.769,-0.629
3246.47,-80.0,957.0,-176.0,0.49,-0.699,-0.56
3246.65,-81.0,957.0,-176.0,0.419,-0.769,-0.49
3246.84,-79.0,958.0,-175.0,0.419,-0.769,-0.49
3247.2,-80.0,956.0,-176.0,0.419,-0.769,-0.56
3247.2,-81.0,957.0,-176.0,0.49,-0.699,-0.56
3247.93,-82.0,957.0,-177.0,0.49,-0.699,-0.49
3248.11,-81.0,957.0,-176.0,0.349,-0.769,-0.629
3248.3,-79.0,957.0,-175.0,0.419,-0.699,-0.419
3248.48,-81.0,957.0,-175.0,0.49,-0.769,-0.629
3248.66,-79.0,957.0,-174.0,0.419,-0.769,-0.49
3248.84,-81.0,958.0,-175.0,0.419,-0.699,-0.49
3249.2,-80.0,957.0,-176.0,0.49,-0.769,-0.56
3249.21,-80.0,957.0,-175.0,0.49,-0.769,-0.56
3249.39,-80.0,957.0,-174.0,0.419,-0.699,-0.49
3249.57,-80.0,957.0,-176.0,0.49,-0.769,-0.56
3249.75,-78.0,957.0,-174.0,0.349,-0.769,-0.56
3249.94,-81.0,957.0,-175.0,0.49,-0.699,-0.49
3250.12,-79.0,957.0,-174.0,0.28,-0.769,-0.56
3250.3,-81.0,957.0,-176.0,0.419,-0.699,-0.56
3250.48,-80.0,957.0,-176.0,0.49,-0.839,-0.629
3250.66,-78.0,956.0,-175.0,0.56,-0.629,-0.49
3250.85,-79.0,957.0,-175.0,0.419,-0.769,-0.699
3251.3,-79.0,957.0,-176.0,0.419,-0.769,-0.56
3251.21,-83.0,958.0,-175.0,0.49,-0.769,-0.56
3251.39,-78.0,958.0,-175.0,0.419,-0.769,-0.56
3251.58,-80.0,955.0,-176.0,0.49,-0.629,-0.49
3251.76,-81.0,958.0,-174.0,0.419,-0.769,-0.56
3251.94,-78.0,956.0,-176.0,0.349,-0.699,-0.56
3252.12,-81.0,959.0,-175.0,0.49,-0.769,-0.56
3252.31,-79.0,957.0,-177.0,0.419,-0.769,-0.49
3252.49,-81.0,957.0,-174.0,0.419,-0.699,-0.49
3252.67,-79.0,956.0,-176.0,0.419,-0.699,-0.56
3252.85,-79.0,957.0,-176.0,0.419,-0.769,-0.49
3253.3,-81.0,957.0,-176.0,0.49,-0.699,-0.49
3253.22,-81.0,957.0,-175.0,0.419,-0.839,-0.56
3253.4,-78.0,958.0,-175.0,0.349,-0.629,-0.49
3253.58,-80.0,957.0,-176.0,0.419,-0.699,-0.49
3253.76,-81.0,957.0,-175.0,0.419,-0.769,-0.56
3253.95,-79.0,956.0,-175.0,0.419,-0.769,-0.49
3254.13,-81.0,958.0,-175.0,0.419,-0.699,-0.56
3254.31,-78.0,956.0,-175.0,0.49,-0.769,-0.49
3254.49,-82.0,955.0,-176.0,0.49,-0.699,-0.49
3254.67,-79.0,958.0,-175.0,0.419,-0.769,-0.56
3254.86,-80.0,957.0,-176.0,0.49,-0.699,-0.49
3255.4,-80.0,958.0,-176.0,0.349,-0.769,-0.56
3255.22,-81.0,957.0,-176.0,0.56,-0.769,-0.49
3255.4,-80.0,957.0,-175.0,0.419,-0.699,-0.56
3259.6,-80.0,958.0,-175.0,0.28,-0.839,-0.56
3259.78,-81.0,957.0,-175.0,0.629,-0.699,-0.49
3259.96,-79.0,956.0,-175.0,0.349,-0.839,-0.629
3260.14,-78.0,957.0,-176.0,0.49,-0.629,-0.419
3260.32,-83.0,958.0,-174.0,0.419,-0.769,-0.629
3260.51,-79.0,956.0,-176.0,0.49,-0.769,-0.56
3260.69,-80.0,957.0,-175.0,0.49,-0.769,-0.56
3260.87,-79.0,956.0,-176.0,0.419,-0.699,-0.49
3261.5,-82.0,959.0,-174.0,0.49,-0.839,-0.629
3261.24,-76.0,956.0,-175.0,0.349,-0.699,-0.419
3261.42,-83.0,958.0,-174.0,0.49,-0.769,-0.56
3261.6,-79.0,956.0,-175.0,0.349,-0.769,-0.56
3261.78,-80.0,957.0,-175.0,0.56,-0.699,-0.49
3261.96,-80.0,956.0,-175.0,0.349,-0.769,-0.49
3262.15,-80.0,957.0,-175.0,0.49,-0.769,-0.49
3262.33,-78.0,957.0,-175.0,0.349,-0.839,-0.49
3262.51,-80.0,956.0,-175.0,0.419,-0.699,-0.49
3262.69,-81.0,956.0,-176.0,0.419,-0.769,-0.56
3262.88,-80.0,957.0,-175.0,0.419,-0.839,-0.49
3263.6,-80.0,957.0,-175.0,0.419,-0.769,-0.49
3263.24,-81.0,957.0,-175.0,0.49,-0.839,-0.629
3263.42,-78.0,956.0,-176.0,0.419,-0.699,-0.56
3263.61,-80.0,958.0,-176.0,0.49,-0.699,-0.49
3263.79,-80.0,957.0,-176.0,0.419,-0.699,-0.629
3263.97,-79.0,957.0,-176.0,0.49,-0.769,-0.56
3264.15,-80.0,957.0,-177.0,0.349,-0.699,-0.56
3264.33,-82.0,957.0,-176.0,0.349,-0.699,-0.629
3264.52,-80.0,957.0,-175.0,0.349,-0.699,-0.56
3264.7,-80.0,957.0,-175.0,0.419,-0.769,-0.49
3264.88,-80.0,957.0,-174.0,0.419,-0.769,-0.629
3265.6,-81.0,957.0,-176.0,0.56,-0.699,-0.49
3265.25,-79.0,957.0,-175.0,0.28,-0.91,-0.629
3265.43,-81.0,957.0,-177.0,0.49,-0.629,-0.349
3265.61,-82.0,957.0,-176.0,0.419,-0.769,-0.56
3265.79,-79.0,958.0,-176.0,0.419,-0.769,-0.56
3265.98,-78.0,957.0,-175.0,0.419,-0.699,-0.49
3266.16,-80.0,957.0,-174.0,0.28,-0.699,-0.56
3266.34,-80.0,957.0,-175.0,0.419,-0.629,-0.49
3266.52,-82.0,959.0,-175.0,0.419,-0.91,-0.699
3266.7,-77.0,956.0,-176.0,0.349,-0.699,-0.49
3266.89,-85.0,958.0,-175.0,0.49,-0.769,-0.629
3267.7,-78.0,955.0,-176.0,0.419,-0.769,-0.56
3267.25,-83.0,958.0,-176.0,0.419,-0.769,-0.629
3267.43,-75.0,956.0,-177.0,0.28,-0.699,-0.419
3267.62,-84.0,960.0,-174.0,0.49,-0.699,-0.56
3267.8,-77.0,957.0,-176.0,0.28,-0.769,-0.56
3267.98,-83.0,958.0,-175.0,0.49,-0.699,-0.49
3268.16,-77.0,955.0,-175.0,0.349,-0.839,-0.629
3268.34,-81.0,958.0,-175.0,0.419,-0.629,-0.419
3268.53,-81.0,957.0,-176.0,0.349,-0.769,-0.699
3268.71,-81.0,956.0,-176.0,0.49,-0.699,-0.49
3268.89,-79.0,958.0,-176.0,0.349,-0.699,-0.56
3269.7,-80.0,956.0,-175.0,0.419,-0.699,-0.49
3269.26,-80.0,957.0,-176.0,0.419,-0.769,-0.56
3269.44,-79.0,957.0,-175.0,0.419,-0.769,-0.56
3269.62,-80.0,956.0,-176.0,0.419,-0.769,-0.56
3269.8,-80.0,957.0,-175.0,0.419,-0.769,-0.56
3269.98,-79.0,956.0,-177.0,0.419,-0.699,-0.56
3270.17,-82.0,957.0,-176.0,0.419,-0.769,-0.56
3270.35,-80.0,957.0,-176.0,0.349,-0.839,-0.629
3270.53,-81.0,957.0,-175.0,0.419,-0.629,-0.49
3270.71,-81.0,958.0,-177.0,0.419,-0.769,-0.629
3270.9,-80.0,958.0,-176.0,0.49,-0.629,-0.49
3271.8,-81.0,957.0,-177.0,0.419,-0.769,-0.56
3271.26,-79.0,956.0,-176.0,0.349,-0.839,-0.56
3271.44,-80.0,957.0,-176.0,0.419,-0.699,-0.56
3271.63,-81.0,957.0,-175.0,0.349,-0.769,-0.56
3271.81,-80.0,956.0,-176.0,0.419,-0.769,-0.629
3271.99,-82.0,957.0,-174.0,0.349,-0.769,-0.56
3272.17,-82.0,958.0,-175.0,0.49,-0.839,-0.629
3272.35,-79.0,957.0,-176.0,0.349,-0.839,-0.629
3272.54,-79.0,956.0,-175.0,0.419,-0.699,-0.56
3272.72,-80.0,958.0,-175.0,0.419,-0.91,-0.56
3272.9,-78.0,957.0,-177.0,0.49,-0.629,-0.49
3273.8,-83.0,958.0,-177.0,0.49,-0.769,-0.56
3273.27,-81.0,957.0,-176.0,0.49,-0.769,-0.629
3273.45,-80.0,956.0,-177.0,0.419,-0.769,-0.49
3273.63,-83.0,958.0,-176.0,0.629,-0.699,-0.56
3273.81,-78.0,957.0,-176.0,0.28,-0.769,-0.56
3273.99,-82.0,957.0,-176.0,0.49,-0.629,-0.49
3274.18,-79.0,957.0,-175.0,0.349,-0.839,-0.629
3274.36,-81.0,957.0,-176.0,0.419,-0.629,-0.419
3274.54,-78.0,956.0,-174.0,0.28,-0.98,-0.629
3274.72,-80.0,956.0,-176.0,0.56,-0.56,-0.349
3274.91,-83.0,958.0,-175.0,0.349,-1.049,-0.769
3275.9,-76.0,956.0,-176.0,0.419,-0.699,-0.49
3275.27,-79.0,957.0,-176.0,0.49,-0.699,-0.419
3275.45,-78.0,956.0,-177.0,0.349,-0.769,-0.56
3275.63,-80.0,956.0,-177.0,0.56,-0.699,-0.419
3275.82,-80.0,958.0,-175.0,0.419,-0.769,-0.629
3276.0,-79.0,956.0,-177.0,0.49,-0.629,-0.419
3276.18,-81.0,959.0,-175.0,0.349,-0.839,-0.629
3276.36,-77.0,958.0,-177.0,0.419,-0.629,-0.49
3276.55,-80.0,957.0,-176.0,0.419,-0.699,-0.419
3276.73,-82.0,958.0,-175.0,0.49,-0.839,-0.56
3276.91,-78.0,957.0,-175.0,0.49,-0.769,-0.49
3277.9,-82.0,956.0,-176.0,0.419,-0.699,-0.49
3277.27,-83.0,958.0,-175.0,0.49,-0.839,-0.56
3277.46,-79.0,957.0,-176.0,0.349,-0.769,-0.629
3277.64,-82.0,958.0,-176.0,0.56,-0.699,-0.56
3278.37,-79.0,956.0,-177.0,0.349,-0.769,-0.49
3278.55,-81.0,957.0,-177.0,0.419,-0.769,-0.56
3278.73,-79.0,957.0,-176.0,0.419,-0.839,-0.56
3278.91,-81.0,957.0,-175.0,0.49,-0.769,-0.419
3279.1,-81.0,956.0,-177.0,0.28,-0.769,-0.699
3279.28,-79.0,955.0,-177.0,0.419,-0.699,-0.419
3279.46,-80.0,958.0,-174.0,0.349,-0.769,-0.629
3279.64,-78.0,955.0,-176.0,0.419,-0.769,-0.56
3279.83,-81.0,957.0,-175.0,0.419,-0.769,-0.56
3280.1,-79.0,956.0,-175.0,0.419,-0.769,-0.629
3280.19,-84.0,957.0,-176.0,0.49,-0.839,-0.629
3286.2,-80.0,957.0,-177.0,0.56,-0.699,-0.56
3286.39,-78.0,956.0,-175.0,0.349,-0.839,-0.629
3286.57,-83.0,958.0,-175.0,0.629,-0.629,-0.49
3286.75,-77.0,957.0,-175.0,0.28,-0.91,-0.769
3286.93,-84.0,957.0,-177.0,0.56,-0.629,-0.419
3287.12,-78.0,956.0,-176.0,0.349,-0.91,-0.699
3287.3,-81.0,957.0,-177.0,0.49,-0.629,-0.49
3287.48,-76.0,955.0,-176.0,0.28,-0.769,-0.49
3287.66,-83.0,958.0,-175.0,0.56,-0.629,-0.56
3287.85,-76.0,955.0,-177.0,0.349,-0.769,-0.49
3288.3,-81.0,958.0,-174.0,0.56,-0.699,-0.49
3288.21,-77.0,956.0,-177.0,0.419,-0.699,-0.49
3288.39,-83.0,958.0,-175.0,0.28,-0.769,-0.699
3288.57,-78.0,955.0,-175.0,0.419,-0.629,-0.49
3288.76,-83.0,959.0,-175.0,0.49,-0.699,-0.56
3288.94,-78.0,955.0,-177.0,0.28,-0.769,-0.49
3289.12,-85.0,959.0,-174.0,0.49,-0.699,-0.419
3289.3,-77.0,956.0,-176.0,0.28,-0.839,-0.629
3289.49,-83.0,956.0,-177.0,0.419,-0.56,-0.49
3289.67,-77.0,955.0,-177.0,0.349,-0.769,-0.56
3289.85,-85.0,958.0,-175.0,0.56,-0.699,-0.49
3290.3,-79.0,955.0,-177.0,0.14,-0.91,-0.769
3290.21,-82.0,957.0,-174.0,0.56,-0.629,-0.349
3290.4,-83.0,960.0,-173.0,0.209,-0.91,-0.769
3290.58,-76.0,953.0,-177.0,0.49,-0.56,-0.28
3290.76,-88.0,962.0,-173.0,0.349,-0.91,-0.769
3290.94,-74.0,956.0,-176.0,0.419,-0.629,-0.419
3291.13,-88.0,959.0,-175.0,0.56,-0.699,-0.56
3291.31,-76.0,958.0,-174.0,0.419,-0.839,-0.629
3291.49,-79.0,956.0,-175.0,0.49,-0.56,-0.28
3291.67,-84.0,959.0,-174.0,0.419,-0.91,-0.699
3291.86,-70.0,953.0,-178.0,0.349,-0.629,-0.419
3292.4,-87.0,959.0,-176.0,0.49,-0.699,-0.49
3292.22,-74.0,955.0,-177.0,0.28,-0.839,-0.56
3292.4,-83.0,958.0,-175.0,0.419,-0.699,-0.49
3292.58,-77.0,954.0,-177.0,0.349,-0.839,-0.56
3292.77,-82.0,958.0,-175.0,0.49,-0.629,-0.49
3292.95,-76.0,958.0,-175.0,0.28,-0.98,-0.769
3293.13,-80.0,955.0,-177.0,0.56,-0.49,-0.28
3293.31,-85.0,960.0,-174.0,0.349,-0.91,-0.839
3293.5,-75.0,955.0,-175.0,0.28,-0.629,-0.419
3293.68,-89.0,960.0,-173.0,0.629,-0.769,-0.769
3293.86,-74.0,955.0,-175.0,0.419,-0.769,-0.49
3294.4,-86.0,959.0,-176.0,0.56,-0.629,-0.419
3294.22,-77.0,956.0,-177.0,0.419,-0.839,-0.56
3294.41,-80.0,957.0,-176.0,0.49,-0.56,-0.349
3294.59,-80.0,956.0,-176.0,0.28,-0.769,-0.56
3294.77,-82.0,956.0,-176.0,0.49,-0.699,-0.49
3294.95,-81.0,957.0,-176.0,0.28,-0.769,-0.629
3295.14,-79.0,956.0,-177.0,0.49,-0.629,-0.49
3295.32,-81.0,958.0,-176.0,0.349,-0.699,-0.629
3295.5,-79.0,956.0,-175.0,0.419,-0.699,-0.49
3295.68,-82.0,957.0,-176.0,0.349,-0.769,-0.699
3295.87,-80.0,957.0,-177.0,0.419,-0.629,-0.49
3296.5,-83.0,957.0,-176.0,0.28,-0.839,-0.629
3296.23,-81.0,956.0,-177.0,0.49,-0.699,-0.56
3296.41,-84.0,959.0,-175.0,0.419,-0.769,-0.629
3296.59,-77.0,955.0,-177.0,0.419,-0.839,-0.56
3296.78,-84.0,959.0,-174.0,0.49,-0.699,-0.56
3296.96,-79.0,957.0,-175.0,0.419,-0.769,-0.49
3297.14,-80.0,957.0,-176.0,0.419,-0.769,-0.49
3297.32,-82.0,958.0,-174.0,0.49,-0.699,-0.49
3298.42,-78.0,956.0,-174.0,0.349,-0.699,-0.56
3298.6,-80.0,958.0,-175.0,0.419,-0.699,-0.56
3298.78,-78.0,956.0,-177.0,0.56,-0.629,-0.419
3298.96,-81.0,959.0,-175.0,0.419,-0.839,-0.56
3299.15,-76.0,955.0,-177.0,0.419,-0.699,-0.419
3299.33,-82.0,958.0,-175.0,0.419,-0.699,-0.56
3299.51,-78.0,957.0,-176.0,0.349,-0.699,-0.49
3299.69,-80.0,958.0,-176.0,0.419,-0.629,-0.56
3299.87,-79.0,957.0,-175.0,0.49,-0.699,-0.49
3300.6,-80.0,957.0,-176.0,0.419,-0.769,-0.56
3300.24,-80.0,958.0,-177.0,0.419,-0.699,-0.56
3300.42,-78.0,956.0,-177.0,0.49,-0.629,-0.629
3300.6,-81.0,957.0,-176.0,0.349,-0.629,-0.49
3300.79,-81.0,955.0,-175.0,0.419,-0.699,-0.629
3300.97,-79.0,956.0,-175.0,0.349,-0.699,-0.49
3301.15,-81.0,958.0,-174.0,0.419,-0.769,-0.56
3301.33,-80.0,956.0,-175.0,0.419,-0.769,-0.56
3301.52,-80.0,957.0,-175.0,0.419,-0.699,-0.49
3301.7,-81.0,957.0,-176.0,0.49,-0.769,-0.629
3301.88,-81.0,956.0,-176.0,0.419,-0.769,-0.629
3302.6,-81.0,957.0,-176.0,0.49,-0.769,-0.56
3302.24,-81.0,957.0,-175.0,0.349,-0.699,-0.56
3302.43,-80.0,955.0,-176.0,0.419,-0.839,-0.629
3302.61,-81.0,958.0,-176.0,0.419,-0.769,-0.629
3302.79,-80.0,957.0,-176.0,0.419,-0.769,-0.56
3302.97,-81.0,957.0,-175.0,0.49,-0.769,-0.56
3303.16,-80.0,957.0,-175.0,0.49,-0.769,-0.629
3303.34,-80.0,957.0,-175.0,0.49,-0.769,-0.419
3303.52,-80.0,957.0,-175.0,0.419,-0.769,-0.56
3303.7,-78.0,957.0,-175.0,0.349,-0.699,-0.49
3304.25,-80.0,957.0,-176.0,0.419,-0.699,-0.49
3304.43,-80.0,957.0,-174.0,0.419,-0.769,-0.629
3304.61,-79.0,957.0,-176.0,0.49,-0.699,-0.49
3304.8,-80.0,957.0,-174.0,0.349,-0.769,-0.56
3304.98,-81.0,956.0,-176.0,0.49,-0.769,-0.56
3305.16,-80.0,958.0,-176.0,0.419,-0.769,-0.629
3305.34,-79.0,956.0,-175.0,0.49,-0.699,-0.49
3305.53,-81.0,958.0,-175.0,0.419,-0.769,-0.56
3305.71,-80.0,957.0,-176.0,0.419,-0.699,-0.56
3305.89,-80.0,957.0,-175.0,0.419,-0.699,-0.56
3306.7,-81.0,958.0,-175.0,0.49,-0.769,-0.56
3311.36,-79.0,957.0,-175.0,0.419,-0.769,-0.49
3311.54,-80.0,956.0,-176.0,0.419,-0.699,-0.49
3311.72,-82.0,958.0,-176.0,0.349,-0.769,-0.56
3311.9,-80.0,957.0,-175.0,0.419,-0.699,-0.56
3312.9,-79.0,957.0,-176.0,0.419,-0.699,-0.419
3312.27,-81.0,957.0,-175.0,0.419,-0.769,-0.56
3312.45,-80.0,956.0,-176.0,0.419,-0.769,-0.49
3312.63,-81.0,957.0,-175.0,0.49,-0.769,-0.56
3312.82,-80.0,957.0,-177.0,0.349,-0.699,-0.56
3313.0,-81.0,958.0,-176.0,0.419,-0.769,-0.56
3313.18,-80.0,957.0,-175.0,0.419,-0.769,-0.56
3313.36,-80.0,957.0,-175.0,0.419,-0.699,-0.49
3313.54,-81.0,958.0,-175.0,0.419,-0.769,-0.56
3313.73,-80.0,957.0,-175.0,0.49,-0.769,-0.56
3313.91,-80.0,957.0,-175.0,0.49,-0.769,-0.56
3314.9,-80.0,956.0,-175.0,0.419,-0.699,-0.49
3314.27,-81.0,958.0,-175.0,0.419,-0.769,-0.56
3314.46,-80.0,957.0,-176.0,0.349,-0.769,-0.629
3314.64,-79.0,958.0,-175.0,0.419,-0.769,-0.56
3314.82,-80.0,957.0,-175.0,0.419,-0.769,-0.56
3315.0,-80.0,957.0,-175.0,0.419,-0.769,-0.629
3315.18,-80.0,957.0,-174.0,0.419,-0.769,-0.56
3315.37,-80.0,957.0,-175.0,0.419,-0.769,-0.56
3315.55,-79.0,956.0,-175.0,0.419,-0.769,-0.49
3315.73,-80.0,957.0,-177.0,0.419,-0.699,-0.56
3315.91,-80.0,957.0,-176.0,0.49,-0.769,-0.56
3316.1,-80.0,957.0,-176.0,0.49,-0.769,-0.56
3316.28,-80.0,957.0,-176.0,0.419,-0.769,-0.56
3316.46,-81.0,957.0,-175.0,0.349,-0.699,-0.49
3316.64,-80.0,958.0,-175.0,0.349,-0.769,-0.629
3316.83,-80.0,958.0,-176.0,0.349,-0.699,-0.56
3317.1,-80.0,957.0,-176.0,0.49,-0.769,-0.49
3317.19,-81.0,958.0,-175.0,0.419,-0.769,-0.629
3317.37,-78.0,956.0,-176.0,0.49,-0.699,-0.56
3317.55,-80.0,957.0,-176.0,0.49,-0.699,-0.56
3317.74,-79.0,957.0,-177.0,0.419,-0.769,-0.56
3317.92,-81.0,957.0,-177.0,0.419,-0.699,-0.56
3318.1,-80.0,957.0,-177.0,0.419,-0.699,-0.56
3319.38,-80.0,957.0,-176.0,0.419,-0.769,-0.56
3319.56,-81.0,957.0,-176.0,0.349,-0.769,-0.56
3319.74,-80.0,958.0,-176.0,0.419,-0.699,-0.629
3319.92,-80.0,956.0,-176.0,0.419,-0.769,-0.49
3320.11,-80.0,956.0,-174.0,0.419,-0.769,-0.56
3320.29,-80.0,957.0,-176.0,0.419,-0.769,-0.56
3320.47,-80.0,957.0,-176.0,0.49,-0.699,-0.56
3320.65,-80.0,956.0,-176.0,0.349,-0.769,-0.629
3320.83,-81.0,957.0,-175.0,0.49,-0.769,-0.56
3321.2,-79.0,958.0,-175.0,0.349,-0.699,-0.56
3321.2,-81.0,956.0,-175.0,0.419,-0.629,-0.49
3326.67,-79.0,957.0,-175.0,0.419,-0.769,-0.56
3326.85,-81.0,957.0,-176.0,0.349,-0.699,-0.49
3327.3,-80.0,958.0,-174.0,0.49,-0.839,-0.629
3327.21,-79.0,957.0,-175.0,0.349,-0.629,-0.56
3327.4,-82.0,958.0,-175.0,0.419,-0.769,-0.49
3327.58,-79.0,957.0,-176.0,0.419,-0.769,-0.56
3327.76,-81.0,957.0,-176.0,0.419,-0.699,-0.49
3327.94,-82.0,957.0,-175.0,0.349,-0.839,-0.629
3328.13,-79.0,956.0,-176.0,0.419,-0.769,-0.49
3328.31,-79.0,956.0,-176.0,0.349,-0.699,-0.49
3328.49,-81.0,957.0,-176.0,0.419,-0.769,-0.56
3328.67,-81.0,957.0,-176.0,0.349,-0.769,-0.56
3328.85,-80.0,958.0,-176.0,0.419,-0.769,-0.56
3329.4,-80.0,957.0,-174.0,0.419,-0.699,-0.49
3329.22,-82.0,958.0,-175.0,0.419,-0.699,-0.56
3329.4,-80.0,957.0,-175.0,0.349,-0.769,-0.56
3329.58,-81.0,957.0,-176.0,0.419,-0.769,-0.56
3329.77,-81.0,957.0,-174.0,0.28,-0.769,-0.56
3329.95,-81.0,957.0,-177.0,0.349,-0.769,-0.56
3330.13,-81.0,957.0,-176.0,0.419,-0.769,-0.56
3330.31,-80.0,957.0,-177.0,0.349,-0.769,-0.629
3330.49,-81.0,957.0,-176.0,0.349,-0.699,-0.49
3330.68,-81.0,957.0,-177.0,0.419,-0.839,-0.629
3330.86,-80.0,956.0,-176.0,0.419,-0.699,-0.56
3331.4,-81.0,958.0,-177.0,0.419,-0.769,-0.629
3331.22,-81.0,957.0,-176.0,0.419,-0.769,-0.56
3331.41,-79.0,957.0,-177.0,0.419,-0.769,-0.629
3331.59,-81.0,957.0,-177.0,0.419,-0.699,-0.56
3331.77,-80.0,957.0,-177.0,0.349,-0.769,-0.56
3331.95,-81.0,957.0,-177.0,0.419,-0.699,-0.56
3332.13,-81.0,957.0,-178.0,0.349,-0.769,-0.56
3332.32,-79.0,957.0,-177.0,0.419,-0.699,-0.56
3332.5,-81.0,958.0,-177.0,0.349,-0.769,-0.56
3332.68,-81.0,957.0,-177.0,0.349,-0.839,-0.629
3332.86,-78.0,956.0,-176.0,0.49,-0.769,-0.49
3333.5,-82.0,957.0,-176.0,0.49,-0.699,-0.56
3333.23,-80.0,957.0,-175.0,0.349,-0.839,-0.629
3333.41,-78.0,956.0,-176.0,0.419,-0.769,-0.49
3333.59,-81.0,957.0,-176.0,0.419,-0.769,-0.49
3333.77,-80.0,958.0,-176.0,0.419,-0.769,-0.56
3333.96,-79.0,957.0,-175.0,0.419,-0.699,-0.49
3334.14,-80.0,958.0,-176.0,0.349,-0.699,-0.49
3334.32,-82.0,958.0,-176.0,0.419,-0.699,-0.629
3334.5,-79.0,956.0,-176.0,0.419,-0.769,-0.49
3334.69,-81.0,958.0,-176.0,0.419,-0.699,-0.56
3334.87,-79.0,957.0,-175.0,0.349,-0.769,-0.629
3335.5,-80.0,957.0,-175.0,0.49,-0.699,-0.56
3335.23,-81.0,957.0,-175.0,0.419,-0.699,-0.629
3335.42,-80.0,957.0,-175.0,0.419,-0.699,-0.56
3335.6,-79.0,956.0,-174.0,0.349,-0.769,-0.56
3335.78,-80.0,958.0,-176.0,0.419,-0.769,-0.56
3335.96,-81.0,957.0,-175.0,0.419,-0.839,-0.56
3336.14,-80.0,957.0,-176.0,0.419,-0.769,-0.629
3336.33,-81.0,956.0,-176.0,0.419,-0.769,-0.49
3336.51,-80.0,957.0,-176.0,0.419,-0.769,-0.56
3336.69,-81.0,957.0,-175.0,0.49,-0.769,-0.56
3336.87,-80.0,956.0,-175.0,0.49,-0.699,-0.49
3337.6,-80.0,958.0,-176.0,0.419,-0.769,-0.49
3337.24,-81.0,957.0,-175.0,0.49,-0.769,-0.629
3337.42,-80.0,957.0,-176.0,0.419,-0.769,-0.56
3337.6,-81.0,957.0,-175.0,0.49,-0.769,-0.629
3337.78,-80.0,957.0,-176.0,0.419,-0.769,-0.56
3337.97,-79.0,956.0,-176.0,0.49,-0.769,-0.56
3341.79,-80.0,956.0,-176.0,0.419,-0.699,-0.56
3341.98,-80.0,957.0,-176.0,0.49,-0.699,-0.49
3342.16,-80.0,958.0,-176.0,0.349,-0.769,-0.629
3342.34,-79.0,956.0,-177.0,0.419,-0.769,-0.49
3342.52,-81.0,958.0,-175.0,0.419,-0.699,-0.56
3342.71,-79.0,956.0,-176.0,0.49,-0.769,-0.56
3342.89,-80.0,957.0,-176.0,0.419,-0.769,-0.56
3343.7,-80.0,957.0,-177.0,0.419,-0.699,-0.49
3343.25,-81.0,957.0,-176.0,0.49,-0.769,-0.56
3343.43,-80.0,957.0,-177.0,0.419,-0.699,-0.56
3343.62,-80.0,957.0,-176.0,0.419,-0.769,-0.56
3343.8,-81.0,957.0,-175.0,0.419,-0.699,-0.49
3343.98,-81.0,957.0,-176.0,0.419,-0.699,-0.56
3344.16,-79.0,956.0,-176.0,0.419,-0.699,-0.49
3344.35,-82.0,958.0,-176.0,0.419,-0.769,-0.629
3344.53,-78.0,955.0,-176.0,0.419,-0.699,-0.419
3344.71,-83.0,958.0,-176.0,0.49,-0.699,-0.49
3344.89,-78.0,956.0,-175.0,0.349,-0.839,-0.56
3345.7,-81.0,956.0,-176.0,0.419,-0.56,-0.419
3345.26,-80.0,958.0,-176.0,0.349,-0.839,-0.629
3345.44,-82.0,956.0,-176.0,0.49,-0.699,-0.49
3345.62,-78.0,957.0,-175.0,0.419,-0.769,-0.629
3345.99,-81.0,958.0,-176.0,0.419,-0.769,-0.629
3346.17,-78.0,956.0,-176.0,0.349,-0.769,-0.49
3346.35,-81.0,957.0,-175.0,0.56,-0.699,-0.56
3346.53,-79.0,957.0,-176.0,0.28,-0.839,-0.629
3346.72,-80.0,956.0,-177.0,0.419,-0.699,-0.419
3346.9,-82.0,958.0,-176.0,0.419,-0.839,-0.629
3347.8,-79.0,957.0,-177.0,0.419,-0.769,-0.56
3347.26,-80.0,957.0,-177.0,0.419,-0.629,-0.419
3347.44,-82.0,958.0,-176.0,0.349,-0.839,-0.56
3347.63,-78.0,957.0,-176.0,0.349,-0.839,-0.629
3347.81,-82.0,957.0,-176.0,0.56,-0.769,-0.49
3347.99,-79.0,957.0,-175.0,0.349,-0.839,-0.629
3348.17,-81.0,957.0,-175.0,0.49,-0.629,-0.49
3348.36,-79.0,956.0,-177.0,0.419,-0.769,-0.56
3348.54,-81.0,957.0,-176.0,0.49,-0.769,-0.56
3348.72,-80.0,956.0,-176.0,0.349,-0.699,-0.56
3348.9,-83.0,958.0,-176.0,0.419,-0.699,-0.56
3350.18,-83.0,958.0,-175.0,0.419,-0.839,-0.629
3350.36,-79.0,956.0,-176.0,0.419,-0.699,-0.56
3350.54,-83.0,958.0,-176.0,0.349,-0.839,-0.56
3350.72,-78.0,956.0,-177.0,0.419,-0.769,-0.49
3350.91,-79.0,959.0,-175.0,0.49,-0.699,-0.419
3351.9,-82.0,956.0,-175.0,0.349,-0.699,-0.49
3351.27,-79.0,957.0,-176.0,0.419,-0.91,-0.699
3351.45,-76.0,956.0,-176.0,0.419,-0.699,-0.419
3351.64,-84.0,958.0,-176.0,0.419,-0.769,-0.56
3351.82,-77.0,957.0,-176.0,0.349,-0.91,-0.56
3352.0,-79.0,957.0,-177.0,0.349,-0.699,-0.419
3352.18,-82.0,957.0,-176.0,0.419,-0.699,-0.56
3352.37,-80.0,957.0,-175.0,0.28,-0.839,-0.629
3352.55,-83.0,957.0,-175.0,0.56,-0.629,-0.49
3352.73,-80.0,957.0,-176.0,0.28,-0.91,-0.699
3352.91,-78.0,957.0,-177.0,0.49,-0.629,-0.419
3353.9,-82.0,958.0,-176.0,0.419,-0.699,-0.56
3353.28,-78.0,956.0,-175.0,0.419,-0.699,-0.419
3353.46,-81.0,956.0,-176.0,0.419,-0.839,-0.56
3353.64,-80.0,957.0,-176.0,0.49,-0.769,-0.56
3353.82,-79.0,957.0,-175.0,0.28,-0.699,-0.629
3354.1,-81.0,957.0,-175.0,0.49,-0.629,-0.419
3354.19,-81.0,957.0,-175.0,0.349,-0.769,-0.629
3354.37,-79.0,957.0,-177.0,0.419,-0.699,-0.629
3354.55,-80.0,956.0,-175.0,0.49,-0.699,-0.49
3354.73,-81.0,957.0,-176.0,0.419,-0.699,-0.56
3354.92,-80.0,957.0,-177.0,0.419,-0.699,-0.56
3355.1,-78.0,956.0,-175.0,0.419,-0.699,-0.56
3355.28,-81.0,958.0,-174.0,0.419,-0.699,-0.56
3355.46,-81.0,957.0,-175.0,0.49,-0.769,-0.629
3355.65,-79.0,956.0,-175.0,0.49,-0.699,-0.56
3355.83,-81.0,957.0,-175.0,0.419,-0.699,-0.49
3356.1,-80.0,957.0,-176.0,0.49,-0.769,-0.699
3356.19,-79.0,957.0,-176.0,0.49,-0.699,-0.419
3356.37,-81.0,957.0,-176.0,0.349,-0.839,-0.56
3356.56,-80.0,957.0,-176.0,0.419,-0.769,-0.56
3356.74,-78.0,956.0,-176.0,0.349,-0.699,-0.56
3356.92,-81.0,957.0,-176.0,0.419,-0.56,-0.419
3357.1,-80.0,956.0,-175.0,0.349,-0.839,-0.699
3357.29,-78.0,956.0,-175.0,0.419,-0.699,-0.349
3357.47,-83.0,958.0,-175.0,0.419,-0.699,-0.629
3357.65,-79.0,957.0,-176.0,0.419,-0.699,-0.56
3357.83,-80.0,956.0,-176.0,0.349,-0.769,-0.49
3358.2,-81.0,958.0,-175.0,0.419,-0.769,-0.56
3358.2,-80.0,956.0,-176.0,0.419,-0.699,-0.56
3358.38,-81.0,957.0,-175.0,0.419,-0.769,-0.56
3358.56,-80.0,956.0,-176.0,0.419,-0.839,-0.49
3358.74,-78.0,957.0,-177.0,0.49,-0.699,-0.49
3358.93,-81.0,957.0,-175.0,0.349,-0.839,-0.56
3359.11,-81.0,956.0,-178.0,0.56,-0.699,-0.49
3359.29,-81.0,957.0,-176.0,0.349,-0.91,-0.699
3359.47,-80.0,955.0,-176.0,0.56,-0.629,-0.49
3359.66,-82.0,958.0,-175.0,0.419,-0.839,-0.629
3359.84,-79.0,956.0,-176.0,0.49,-0.769,-0.56
3360.2,-82.0,959.0,-174.0,0.419,-0.839,-0.629
3360.2,-77.0,955.0,-176.0,0.419,-0.769,-0.49
3360.38,-84.0,959.0,-174.0,0.49,-0.769,-0.56
3360.57,-78.0,956.0,-177.0,0.349,-0.769,-0.629
3360.75,-81.0,957.0,-175.0,0.49,-0.629,-0.49
3360.93,-79.0,957.0,-176.0,0.349,-0.769,-0.56
3361.11,-81.0,957.0,-176.0,0.49,-0.699,-0.56
3361.3,-80.0,957.0,-176.0,0.419,-0.769,-0.629
3361.48,-80.0,957.0,-176.0,0.419,-0.699,-0.49
3361.66,-82.0,958.0,-175.0,0.419,-0.769,-0.56
3361.84,-81.0,957.0,-175.0,0.349,-0.699,-0.56
3362.2,-80.0,957.0,-176.0,0.49,-0.769,-0.629
3362.21,-81.0,957.0,-177.0,0.349,-0.769,-0.56
3362.39,-82.0,958.0,-175.0,0.349,-0.769,-0.629
3362.57,-79.0,957.0,-176.0,0.419,-0.699,-0.56
3362.75,-82.0,958.0,-175.0,0.349,-0.769,-0.56
3362.94,-78.0,956.0,-177.0,0.419,-0.699,-0.49
3363.12,-81.0,957.0,-175.0,0.419,-0.769,-0.56
3363.3,-80.0,958.0,-177.0,0.419,-0.769,-0.56
3363.48,-79.0,957.0,-175.0,0.419,-0.839,-0.56
3363.67,-80.0,956.0,-176.0,0.349,-0.699,-0.49
3363.85,-80.0,958.0,-176.0,0.419,-0.769,-0.56
3364.3,-79.0,957.0,-176.0,0.49,-0.699,-0.49
3364.21,-81.0,958.0,-176.0,0.419,-0.839,-0.56
3364.39,-80.0,956.0,-175.0,0.49,-0.699,-0.49
3364.58,-81.0,958.0,-176.0,0.49,-0.769,-0.56
3364.76,-79.0,956.0,-176.0,0.419,-0.769,-0.56
3364.94,-80.0,958.0,-176.0,0.419,-0.769,-0.56
3365.12,-79.0,957.0,-176.0,0.349,-0.769,-0.56
3365.31,-80.0,957.0,-175.0,0.49,-0.699,-0.56
3365.49,-79.0,957.0,-175.0,0.349,-0.769,-0.56
3365.67,-80.0,957.0,-175.0,0.419,-0.699,-0.49
3365.85,-81.0,958.0,-176.0,0.349,-0.839,-0.629
3366.4,-78.0,956.0,-176.0,0.419,-0.699,-0.56
3366.22,-82.0,958.0,-176.0,0.419,-0.769,-0.49
3366.4,-79.0,957.0,-175.0,0.419,-0.769,-0.56
3366.58,-81.0,957.0,-176.0,0.49,-0.699,-0.56
3366.76,-79.0,956.0,-176.0,0.419,-0.699,-0.56
3366.95,-80.0,957.0,-176.0,0.49,-0.699,-0.49
3367.13,-80.0,957.0,-176.0,0.349,-0.839,-0.56
3367.31,-80.0,957.0,-176.0,0.419,-0.699,-0.49
3367.49,-79.0,957.0,-176.0,0.419,-0.699,-0.56
3367.68,-80.0,958.0,-175.0,0.49,-0.769,-0.49
3367.86,-78.0,956.0,-176.0,0.349,-0.699,-0.49
3368.4,-80.0,957.0,-175.0,0.419,-0.699,-0.56
3368.22,-78.0,957.0,-176.0,0.419,-0.699,-0.49
3368.4,-80.0,956.0,-176.0,0.419,-0.699,-0.56
3368.59,-80.0,957.0,-176.0,0.419,-0.769,-0.56
3370.77,-78.0,956.0,-175.0,0.419,-0.769,-0.56
3370.96,-82.0,957.0,-175.0,0.49,-0.769,-0.56
3371.14,-79.0,957.0,-176.0,0.419,-0.769,-0.629
3371.32,-81.0,958.0,-175.0,0.419,-0.699,-0.56
3371.5,-80.0,957.0,-175.0,0.419,-0.769,-0.56
3371.69,-81.0,957.0,-176.0,0.419,-0.769,-0.56
3371.87,-80.0,958.0,-175.0,0.419,-0.769,-0.49
3372.5,-81.0,958.0,-175.0,0.49,-0.699,-0.56
3372.23,-80.0,958.0,-176.0,0.349,-0.769,-0.56
3372.41,-79.0,957.0,-176.0,0.419,-0.699,-0.49
3372.6,-81.0,958.0,-176.0,0.419,-0.699,-0.629
3372.78,-79.0,957.0,-176.0,0.349,-0.769,-0.56
3378.61,-80.0,957.0,-176.0,0.49,-0.699,-0.49
3378.79,-81.0,957.0,-176.0,0.419,-0.769,-0.56
3378.98,-79.0,957.0,-177.0,0.349,-0.699,-0.49
3379.16,-81.0,957.0,-176.0,0.419,-0.699,-0.56
3379.34,-80.0,957.0,-176.0,0.349,-0.699,-0.419
3379.52,-81.0,957.0,-177.0,0.419,-0.699,-0.56
3379.71,-81.0,957.0,-176.0,0.419,-0.839,-0.56
3379.89,-81.0,958.0,-176.0,0.49,-0.699,-0.49
3380.7,-81.0,957.0,-177.0,0.349,-0.769,-0.56
3380.25,-81.0,956.0,-177.0,0.56,-0.699,-0.49
3380.43,-82.0,957.0,-177.0,0.419,-0.699,-0.629
3380.62,-80.0,957.0,-177.0,0.49,-0.699,-0.49
3380.8,-81.0,957.0,-177.0,0.349,-0.839,-0.56
3380.98,-79.0,956.0,-176.0,0.49,-0.769,-0.56
3381.16,-82.0,957.0,-176.0,0.349,-0.699,-0.56
3381.35,-80.0,958.0,-176.0,0.349,-0.769,-0.56
3382.44,-78.0,956.0,-177.0,0.419,-0.769,-0.629
3382.62,-81.0,956.0,-176.0,0.49,-0.699,-0.56
3382.8,-80.0,958.0,-175.0,0.419,-0.769,-0.699
3382.99,-81.0,957.0,-175.0,0.419,-0.699,-0.56
3383.17,-79.0,958.0,-175.0,0.419,-0.839,-0.629
3383.35,-78.0,956.0,-175.0,0.49,-0.699,-0.419
3383.53,-83.0,957.0,-175.0,0.49,-0.769,-0.629
3383.72,-78.0,957.0,-175.0,0.49,-0.699,-0.56
3383.9,-80.0,958.0,-176.0,0.49,-0.699,-0.49
3384.8,-79.0,957.0,-176.0,0.49,-0.839,-0.629
3384.26,-77.0,956.0,-175.0,0.349,-0.699,-0.419
3384.45,-83.0,959.0,-176.0,0.419,-0.699,-0.56
3384.63,-79.0,957.0,-176.0,0.419,-0.699,-0.629
3384.81,-79.0,958.0,-175.0,0.349,-0.629,-0.56
3384.99,-80.0,957.0,-176.0,0.419,-0.699,-0.49
3385.17,-81.0,958.0,-175.0,0.419,-0.839,-0.56
3385.36,-78.0,956.0,-174.0,0.419,-0.699,-0.49
3385.54,-80.0,957.0,-177.0,0.49,-0.629,-0.419
3385.72,-82.0,958.0,-176.0,0.49,-0.839,-0.56
3385.9,-78.0,956.0,-175.0,0.349,-0.769,-0.56
3386.9,-80.0,956.0,-176.0,0.49,-0.629,-0.419
3386.27,-81.0,957.0,-175.0,0.28,-0.769,-0.56
3386.45,-81.0,956.0,-177.0,0.349,-0.629,-0.49
3386.63,-81.0,958.0,-175.0,0.419,-0.769,-0.699
3386.82,-79.0,956.0,-176.0,0.419,-0.56,-0.419
3387.0,-82.0,958.0,-176.0,0.49,-0.839,-0.699
3387.18,-76.0,955.0,-176.0,0.419,-0.769,-0.419
3387.36,-84.0,958.0,-176.0,0.56,-0.769,-0.56
3387.54,-80.0,957.0,-177.0,0.349,-0.769,-0.629
3387.73,-81.0,956.0,-177.0,0.349,-0.629,-0.49
3387.91,-80.0,956.0,-177.0,0.209,-0.699,-0.629
3388.9,-81.0,958.0,-176.0,0.349,-0.699,-0.56
3388.27,-79.0,957.0,-174.0,0.28,-0.839,-0.56
3388.46,-79.0,958.0,-174.0,0.209,-0.699,-0.49
3388.64,-81.0,958.0,-176.0,0.349,-0.839,-0.49
3388.82,-80.0,958.0,-177.0,0.419,-0.839,-0.629
3389.0,-80.0,957.0,-177.0,0.56,-0.769,-0.49
3389.18,-81.0,956.0,-178.0,0.419,-0.839,-0.56
3389.37,-80.0,956.0,-179.0,0.629,-0.629,-0.419
3389.55,-82.0,958.0,-176.0,0.349,-0.91,-0.629
3389.73,-78.0,956.0,-175.0,0.349,-0.629,-0.419
3389.91,-81.0,959.0,-174.0,0.349,-0.769,-0.629
3390.1,-78.0,957.0,-175.0,0.49,-0.699,-0.49
3390.28,-84.0,959.0,-173.0,0.699,-0.839,-0.629
3390.46,-72.0,954.0,-176.0,0.28,-0.91,-0.56
3390.64,-85.0,958.0,-177.0,0.699,-0.629,-0.419
3390.83,-75.0,954.0,-177.0,0.28,-0.91,-0.699
3391.1,-83.0,956.0,-179.0,0.49,-0.56,-0.49
3391.19,-79.0,957.0,-175.0,0.349,-0.839,-0.699
3391.37,-75.0,956.0,-175.0,0.419,-0.629,-0.419
3391.55,-80.0,957.0,-175.0,0.419,-0.769,-0.419
3391.74,-78.0,957.0,-174.0,0.419,-0.91,-0.56
3391.92,-82.0,957.0,-175.0,0.49,-0.629,-0.419
3392.1,-79.0,957.0,-177.0,0.419,-0.699,-0.629
3392.28,-80.0,956.0,-176.0,0.629,-0.699,-0.56
3392.47,-77.0,956.0,-176.0,0.28,-0.769,-0.56
3392.65,-83.0,957.0,-176.0,0.49,-0.629,-0.56
3392.83,-77.0,955.0,-176.0,0.209,-0.839,-0.629
3393.1,-85.0,958.0,-174.0,0.49,-0.699,-0.56
3393.2,-77.0,955.0,-176.0,0.209,-0.839,-0.49
3393.38,-88.0,960.0,-175.0,0.56,-0.91,-0.699
3393.56,-75.0,954.0,-178.0,0.419,-0.839,-0.56
3393.74,-83.0,957.0,-175.0,0.629,-0.699,-0.49
3393.92,-79.0,955.0,-180.0,0.699,-0.699,-0.56
3394.11,-77.0,958.0,-174.0,0.28,-0.839,-0.699
3394.29,-82.0,954.0,-180.0,0.699,-0.28,-0.14
3394.47,-86.0,961.0,-172.0,0.419,-1.12,-1.049
3394.65,-71.0,955.0,-175.0,0.209,-0.56,-0.209
3394.84,-93.0,963.0,-175.0,0.839,-0.49,-0.419
3395.2,-73.0,958.0,-174.0,0.209,-1.049,-0.769
3395.2,-82.0,957.0,-174.0,0.699,-0.209,-0.209
3395.38,-89.0,963.0,-172.0,0.49,-0.699,-0.839
3395.57,-71.0,953.0,-174.0,0.28,-0.699,-0.56
3395.75,-84.0,960.0,-172.0,0.629,-0.629,-0.49
3395.93,-72.0,957.0,-172.0,0.14,-0.91,-0.49
3396.11,-86.0,957.0,-177.0,0.419,-0.629,-0.49
3396.29,-77.0,955.0,-177.0,0.56,-0.91,-0.49
3396.48,-77.0,957.0,-176.0,0.07,-0.98,-0.769
3396.66,-76.0,951.0,-181.0,0.56,-0.56,-0.07
3396.84,-83.0,957.0,-178.0,0.07,-1.259,-0.839
3397.2,-73.0,960.0,-171.0,0.07,-0.839,-0.49
3397.21,-83.0,955.0,-177.0,0.349,-0.699,-0.419
3397.39,-78.0,961.0,-173.0,0.349,-0.839,-0.49
3397.57,-86.0,960.0,-172.0,0.49,-0.699,-0.56
3397.75,-79.0,958.0,-176.0,0.839,-0.769,-0.49
3397.93,-81.0,961.0,-172.0,0.839,-0.629,-0.56
3398.12,-77.0,950.0,-180.0,0.419,-0.629,-0.419
3398.3,-86.0,957.0,-179.0,0.699,-0.769,-0.56
3398.66,-93.0,958.0,-178.0,0.56,-0.419,-0.419
3398.85,-67.0,953.0,-176.0,-0.209,-0.98,-0.839
3399.3,-85.0,958.0,-174.0,0.49,-0.349,-0.07
3399.21,-82.0,956.0,-175.0,0.14,-1.19,-0.91
3399.39,-82.0,960.0,-175.0,0.629,-0.629,-0.419
3399.57,-81.0,954.0,-176.0,0.419,-0.769,-0.629
3399.76,-83.0,959.0,-175.0,0.56,-0.769,-0.49
3399.94,-77.0,956.0,-175.0,0.349,-0.769,-0.629
3400.12,-85.0,958.0,-175.0,0.56,-0.629,-0.349
3400.3,-80.0,957.0,-175.0,0.349,-0.839,-0.769
3400.49,-79.0,956.0,-176.0,0.56,-0.699,-0.56
3400.67,-82.0,957.0,-176.0,0.629,-0.699,-0.56
3400.85,-82.0,957.0,-175.0,0.419,-0.839,-0.56
3401.3,-77.0,952.0,-177.0,0.419,-0.839,-0.419
3401.21,-82.0,958.0,-177.0,0.349,-0.769,-0.56
3401.4,-79.0,956.0,-175.0,0.209,-0.839,-0.629
3401.58,-81.0,957.0,-177.0,0.56,-0.56,-0.56
3401.76,-78.0,957.0,-174.0,0.349,-0.839,-0.699
3401.94,-82.0,956.0,-177.0,0.629,-0.629,-0.349
3402.13,-80.0,958.0,-175.0,0.14,-1.12,-0.839
3402.31,-81.0,957.0,-178.0,0.629,-0.49,-0.28
3402.49,-82.0,958.0,-177.0,0.349,-0.91,-0.769
3402.67,-77.0,957.0,-178.0,0.56,-0.49,-0.49
3402.86,-83.0,958.0,-177.0,0.419,-0.769,-0.629
3403.4,-81.0,957.0,-176.0,0.419,-0.769,-0.629
3403.22,-79.0,955.0,-177.0,0.419,-0.699,-0.49
3403.4,-81.0,958.0,-176.0,0.28,-0.769,-0.629
3403.58,-80.0,957.0,-176.0,0.419,-0.699,-0.56
3403.77,-78.0,956.0,-177.0,0.419,-0.699,-0.56
3403.95,-81.0,959.0,-174.0,0.28,-0.91,-0.629
3404.13,-80.0,955.0,-176.0,0.419,-0.629,-0.349
3404.31,-81.0,959.0,-176.0,0.209,-0.839,-0.699
3404.5,-78.0,957.0,-176.0,0.49,-0.629,-0.419
3404.68,-81.0,958.0,-175.0,0.349,-0.91,-0.629
3404.86,-78.0,955.0,-179.0,0.49,-0.629,-0.419
3405.4,-83.0,958.0,-176.0,0.419,-0.839,-0.56
3405.22,-78.0,956.0,-178.0,0.49,-0.699,-0.56
3405.41,-80.0,957.0,-177.0,0.419,-0.769,-0.56
3405.59,-80.0,955.0,-178.0,0.419,-0.699,-0.49
3405.77,-80.0,957.0,-178.0,0.419,-0.699,-0.49
3405.95,-80.0,958.0,-177.0,0.419,-0.699,-0.49
3406.14,-80.0,957.0,-176.0,0.419,-0.699,-0.56
3406.32,-80.0,957.0,-176.0,0.419,-0.699,-0.56
3406.5,-80.0,957.0,-177.0,0.49,-0.769,-0.49
3406.68,-81.0,957.0,-177.0,0.419,-0.769,-0.56
3406.87,-79.0,957.0,-177.0,0.419,-0.629,-0.56
3407.5,-80.0,957.0,-177.0,0.49,-0.629,-0.56
3407.23,-80.0,957.0,-178.0,0.419,-0.699,-0.56
3407.41,-81.0,957.0,-178.0,0.349,-0.769,-0.49
3407.59,-80.0,956.0,-177.0,0.419,-0.769,-0.49
3407.78,-81.0,957.0,-178.0,0.419,-0.769,-0.56
3407.96,-80.0,957.0,-178.0,0.419,-0.769,-0.629
3408.14,-79.0,957.0,-178.0,0.49,-0.769,-0.49
3408.32,-80.0,957.0,-178.0,0.419,-0.769,-0.56
3408.51,-81.0,957.0,-177.0,0.419,-0.699,-0.56
3408.69,-81.0,957.0,-177.0,0.419,-0.769,-0.629
3408.87,-79.0,957.0,-177.0,0.419,-0.699,-0.56
3409.5,-81.0,957.0,-177.0,0.419,-0.769,-0.629
3409.23,-79.0,958.0,-175.0,0.349,-0.839,-0.629
3409.42,-79.0,956.0,-176.0,0.49,-0.699,-0.49
3409.6,-80.0,957.0,-175.0,0.419,-0.839,-0.56
3409.78,-81.0,956.0,-176.0,0.419,-0.769,-0.56
3409.96,-80.0,957.0,-175.0,0.49,-0.769,-0.56
3410.15,-80.0,957.0,-176.0,0.419,-0.699,-0.49
3410.33,-80.0,957.0,-175.0,0.419,-0.769,-0.629
3410.51,-79.0,957.0,-177.0,0.419,-0.699,-0.49
3410.69,-80.0,958.0,-176.0,0.419,-0.769,-0.629
3410.88,-78.0,957.0,-177.0,0.49,-0.699,-0.49
3411.6,-82.0,957.0,-176.0,0.49,-0.769,-0.49
3411.24,-77.0,957.0,-176.0,0.419,-0.769,-0.56
3411.42,-82.0,957.0,-176.0,0.49,-0.699,-0.49
3411.6,-78.0,958.0,-177.0,0.349,-0.839,-0.629
3411.79,-80.0,957.0,-177.0,0.56,-0.629,-0.49
3411.97,-81.0,957.0,-177.0,0.349,-0.769,-0.629
3412.15,-78.0,956.0,-176.0,0.49,-0.629,-0.49
3412.33,-82.0,957.0,-176.0,0.349,-0.839,-0.629
3412.52,-77.0,958.0,-175.0,0.419,-0.769,-0.629
3412.7,-81.0,957.0,-176.0,0.419,-0.699,-0.49
3412.88,-80.0,957.0,-175.0,0.349,-0.839,-0.629
3413.6,-79.0,956.0,-176.0,0.419,-0.629,-0.49
3413.24,-82.0,957.0,-176.0,0.419,-0.769,-0.629
3413.43,-79.0,956.0,-177.0,0.419,-0.629,-0.56
3413.61,-80.0,956.0,-175.0,0.49,-0.769,-0.629
3413.79,-79.0,956.0,-174.0,0.419,-0.769,-0.49
3413.97,-79.0,958.0,-174.0,0.419,-0.839,-0.56
3414.16,-78.0,957.0,-175.0,0.419,-0.769,-0.49
3414.34,-80.0,957.0,-176.0,0.419,-0.769,-0.49
3414.52,-81.0,958.0,-175.0,0.49,-0.699,-0.56
3414.7,-80.0,957.0,-175.0,0.349,-0.699,-0.629
3414.89,-80.0,957.0,-176.0,0.419,-0.699,-0.419
3415.7,-81.0,957.0,-175.0,0.49,-0.769,-0.629
3415.25,-80.0,956.0,-176.0,0.419,-0.699,-0.49
3415.43,-81.0,958.0,-175.0,0.349,-0.769,-0.56
3415.61,-79.0,957.0,-176.0,0.349,-0.699,-0.56
3415.8,-81.0,958.0,-176.0,0.49,-0.629,-0.49
3415.98,-79.0,957.0,-175.0,0.419,-0.699,-0.56
3416.16,-81.0,958.0,-176.0,0.49,-0.699,-0.419
3417.26,-81.0,958.0,-177.0,0.49,-0.699,-0.56
3417.44,-79.0,958.0,-178.0,0.419,-0.769,-0.56
3417.62,-79.0,957.0,-178.0,0.49,-0.699,-0.49
3417.8,-82.0,958.0,-178.0,0.49,-0.769,-0.629
3417.98,-80.0,956.0,-178.0,0.419,-0.769,-0.629
3418.17,-81.0,957.0,-178.0,0.419,-0.699,-0.49
3418.35,-79.0,958.0,-177.0,0.419,-0.769,-0.629
3418.53,-79.0,956.0,-176.0,0.419,-0.699,-0.49
3418.71,-82.0,957.0,-177.0,0.419,-0.769,-0.49
3418.9,-79.0,956.0,-177.0,0.349,-0.769,-0.629
3419.8,-81.0,958.0,-175.0,0.419,-0.769,-0.56
3419.26,-79.0,956.0,-176.0,0.349,-0.699,-0.56
3419.44,-81.0,958.0,-174.0,0.419,-0.769,-0.629
3419.62,-79.0,956.0,-175.0,0.419,-0.699,-0.419
3419.81,-83.0,958.0,-175.0,0.49,-0.839,-0.629
3419.99,-78.0,956.0,-177.0,0.419,-0.699,-0.49
3420.17,-82.0,958.0,-176.0,0.49,-0.839,-0.56
3420.35,-78.0,956.0,-176.0,0.419,-0.769,-0.56
3420.54,-81.0,957.0,-176.0,0.419,-0.699,-0.49
3420.72,-80.0,958.0,-175.0,0.349,-0.839,-0.56
3420.9,-80.0,957.0,-175.0,0.419,-0.699,-0.49
3421.8,-79.0,957.0,-176.0,0.49,-0.839,-0.56
3421.27,-78.0,958.0,-176.0,0.349,-0.769,-0.56
3421.45,-80.0,956.0,-177.0,0.419,-0.629,-0.56
3421.63,-80.0,958.0,-174.0,0.349,-0.769,-0.629
3421.81,-79.0,957.0,-177.0,0.419,-0.699,-0.419
3421.99,-82.0,958.0,-175.0,0.349,-0.769,-0.56
3422.18,-79.0,956.0,-176.0,0.49,-0.629,-0.56
3422.36,-80.0,956.0,-175.0,0.349,-0.769,-0.56
3422.54,-80.0,957.0,-176.0,0.49,-0.699,-0.49
3422.72,-80.0,958.0,-176.0,0.28,-0.769,-0.56
3422.91,-79.0,955.0,-176.0,0.56,-0.629,-0.349
3423.9,-83.0,958.0,-176.0,0.419,-0.769,-0.629
3424.18,-80.0,957.0,-175.0,0.419,-0.769,-0.56
3424.36,-83.0,958.0,-176.0,0.49,-0.769,-0.56
3424.55,-78.0,956.0,-176.0,0.349,-0.769,-0.629
3424.73,-81.0,958.0,-176.0,0.56,-0.629,-0.419
3424.91,-80.0,958.0,-175.0,0.349,-0.769,-0.629
3425.9,-80.0,957.0,-176.0,0.56,-0.699,-0.49
3425.28,-81.0,958.0,-176.0,0.28,-0.769,-0.629
3425.46,-79.0,957.0,-176.0,0.49,-0.629,-0.49
3425.64,-83.0,958.0,-176.0,0.49,-0.839,-0.629
3425.82,-78.0,956.0,-177.0,0.419,-0.699,-0.56
3426.0,-81.0,957.0,-176.0,0.49,-0.769,-0.56
3426.19,-78.0,956.0,-176.0,0.419,-0.839,-0.56
3426.37,-81.0,958.0,-175.0,0.49,-0.699,-0.56
3426.55,-79.0,957.0,-177.0,0.419,-0.769,-0.629
3426.73,-79.0,957.0,-175.0,0.49,-0.769,-0.56
3426.92,-78.0,957.0,-176.0,0.419,-0.699,-0.49
3427.1,-82.0,957.0,-176.0,0.419,-0.839,-0.49
3427.28,-80.0,956.0,-176.0,0.419,-0.769,-0.49
3427.46,-81.0,958.0,-175.0,0.419,-0.769,-0.629
3427.64,-79.0,957.0,-176.0,0.419,-0.769,-0.56
3427.83,-80.0,957.0,-176.0,0.419,-0.769,-0.49
3428.1,-80.0,956.0,-174.0,0.349,-0.699,-0.49
3428.19,-81.0,958.0,-175.0,0.49,-0.839,-0.629
3428.37,-77.0,956.0,-176.0,0.349,-0.699,-0.49
3428.56,-83.0,957.0,-177.0,0.49,-0.699,-0.49
3428.74,-79.0,958.0,-175.0,0.349,-0.839,-0.56
3428.92,-80.0,958.0,-175.0,0.349,-0.629,-0.49
3429.1,-82.0,958.0,-174.0,0.349,-0.91,-0.699
3429.28,-78.0,956.0,-175.0,0.49,-0.699,-0.419
3429.47,-81.0,957.0,-174.0,0.419,-0.769,-0.56
3429.65,-81.0,956.0,-176.0,0.419,-0.769,-0.49
3429.83,-80.0,958.0,-175.0,0.49,-0.699,-0.56
3430.1,-79.0,956.0,-175.0,0.419,-0.699,-0.49
3430.2,-81.0,956.0,-177.0,0.419,-0.699,-0.56
3430.38,-80.0,958.0,-176.0,0.349,-0.769,-0.56
3430.56,-79.0,956.0,-177.0,0.49,-0.699,-0.49
3430.74,-82.0,958.0,-174.0,0.349,-0.769,-0.56
3430.93,-79.0,958.0,-175.0,0.349,-0.699,-0.56
3431.11,-80.0,957.0,-177.0,0.419,-0.699,-0.49
3431.29,-81.0,958.0,-177.0,0.419,-0.769,-0.629
3431.47,-78.0,957.0,-176.0,0.419,-0.769,-0.49
3431.65,-82.0,958.0,-176.0,0.419,-0.629,-0.49
3431.84,-79.0,957.0,-177.0,0.419,-0.769,-0.49
3432.2,-80.0,957.0,-177.0,0.419,-0.699,-0.49
3432.2,-82.0,957.0,-176.0,0.349,-0.699,-0.629
3432.38,-82.0,958.0,-176.0,0.349,-0.839,-0.629
3432.57,-80.0,957.0,-176.0,0.349,-0.699,-0.49
3432.75,-83.0,958.0,-177.0,0.419,-0.769,-0.56
3432.93,-80.0,957.0,-176.0,0.349,-0.769,-0.56
3433.11,-81.0,958.0,-175.0,0.419,-0.769,-0.629
3433.29,-81.0,956.0,-177.0,0.419,-0.839,-0.49
3433.48,-81.0,958.0,-175.0,0.28,-0.699,-0.56
3433.66,-83.0,958.0,-176.0,0.419,-0.699,-0.56
3433.84,-79.0,956.0,-177.0,0.419,-0.839,-0.56
3434.2,-82.0,957.0,-177.0,0.49,-0.699,-0.629
3434.21,-79.0,955.0,-178.0,0.28,-0.839,-0.629
3434.39,-83.0,957.0,-177.0,0.56,-0.699,-0.419
3434.57,-80.0,958.0,-176.0,0.209,-0.839,-0.699
3434.75,-79.0,956.0,-178.0,0.49,-0.629,-0.419
3436.39,-76.0,956.0,-175.0,0.28,-1.12,-0.769
3436.58,-80.0,957.0,-175.0,0.699,-0.419,-0.209
3436.76,-81.0,958.0,-174.0,0.14,-1.12,-0.839
3436.94,-81.0,957.0,-176.0,0.629,-0.56,-0.349
3437.12,-81.0,958.0,-174.0,0.28,-1.049,-0.769
3437.3,-76.0,956.0,-176.0,0.49,-0.56,-0.419
3437.49,-84.0,959.0,-175.0,0.349,-0.769,-0.629
3437.67,-78.0,955.0,-176.0,0.49,-0.699,-0.49
3437.85,-83.0,958.0,-175.0,0.49,-0.769,-0.629
3438.3,-76.0,955.0,-176.0,0.349,-0.699,-0.49
3438.22,-79.0,957.0,-177.0,0.419,-0.769,-0.419
3438.4,-81.0,956.0,-177.0,0.419,-0.629,-0.49
3438.58,-80.0,957.0,-175.0,0.349,-0.769,-0.56
3438.76,-79.0,957.0,-176.0,0.419,-0.699,-0.49
3438.94,-81.0,958.0,-175.0,0.349,-0.839,-0.56
3439.13,-80.0,957.0,-176.0,0.419,-0.629,-0.349
3439.31,-84.0,959.0,-175.0,0.419,-0.839,-0.699
3439.49,-75.0,953.0,-177.0,0.349,-0.699,-0.56
3439.67,-85.0,959.0,-175.0,0.56,-0.769,-0.56
3439.86,-77.0,956.0,-176.0,0.349,-0.839,-0.629
3440.4,-82.0,958.0,-176.0,0.49,-0.699,-0.419
3440.22,-82.0,957.0,-177.0,0.349,-0.769,-0.629
3440.4,-80.0,955.0,-178.0,0.49,-0.629,-0.49
3440.58,-82.0,959.0,-176.0,0.349,-0.839,-0.699
3440.77,-78.0,956.0,-177.0,0.49,-0.629,-0.419
3440.95,-84.0,958.0,-175.0,0.49,-0.91,-0.699
3441.13,-76.0,956.0,-175.0,0.349,-0.769,-0.56
3441.31,-85.0,958.0,-175.0,0.56,-0.629,-0.49
3441.5,-79.0,957.0,-175.0,0.419,-0.839,-0.699
3441.68,-81.0,957.0,-177.0,0.629,-0.629,-0.419
3445.51,-81.0,957.0,-175.0,0.419,-0.769,-0.49
3445.69,-81.0,957.0,-176.0,0.419,-0.699,-0.49
3445.87,-81.0,957.0,-175.0,0.419,-0.839,-0.56
3446.5,-79.0,956.0,-176.0,0.49,-0.769,-0.49
3446.24,-81.0,957.0,-176.0,0.349,-0.839,-0.629
3446.42,-80.0,956.0,-177.0,0.419,-0.629,-0.49
3446.6,-80.0,957.0,-176.0,0.419,-0.699,-0.56
3446.78,-81.0,958.0,-176.0,0.56,-0.699,-0.56
3446.96,-78.0,956.0,-177.0,0.419,-0.839,-0.49
3447.15,-81.0,956.0,-178.0,0.49,-0.56,-0.49
3447.33,-81.0,957.0,-176.0,0.28,-0.98,-0.699
3447.51,-78.0,956.0,-178.0,0.49,-0.629,-0.349
3447.69,-79.0,957.0,-176.0,0.349,-0.839,-0.629
3447.88,-81.0,957.0,-178.0,0.56,-0.56,-0.349
3448.6,-82.0,959.0,-176.0,0.349,-0.91,-0.769
3448.24,-77.0,955.0,-179.0,0.56,-0.629,-0.419
3448.42,-82.0,958.0,-176.0,0.28,-0.839,-0.629
3448.6,-79.0,955.0,-176.0,0.49,-0.699,-0.419
3448.79,-82.0,958.0,-175.0,0.349,-0.839,-0.629
3448.97,-81.0,957.0,-176.0,0.419,-0.629,-0.49
3449.15,-81.0,957.0,-175.0,0.28,-0.839,-0.629
3449.33,-80.0,956.0,-176.0,0.49,-0.629,-0.419
3449.52,-82.0,958.0,-175.0,0.349,-0.769,-0.56
3449.7,-78.0,956.0,-177.0,0.419,-0.699,-0.49
3449.88,-82.0,958.0,-176.0,0.419,-0.769,-0.49
3450.6,-80.0,956.0,-176.0,0.49,-0.699,-0.49
3450.24,-82.0,957.0,-176.0,0.56,-0.769,-0.629
3450.43,-79.0,956.0,-175.0,0.349,-0.699,-0.56
3450.61,-81.0,957.0,-176.0,0.49,-0.699,-0.419
3450.79,-81.0,957.0,-175.0,0.349,-0.839,-0.629
3450.97,-80.0,956.0,-176.0,0.419,-0.769,-0.49
3451.16,-83.0,957.0,-177.0,0.419,-0.699,-0.56
3451.34,-80.0,956.0,-177.0,0.49,-0.839,-0.56
3451.52,-80.0,957.0,-177.0,0.419,-0.769,-0.56
3451.7,-81.0,956.0,-178.0,0.49,-0.769,-0.56
3451.89,-79.0,957.0,-176.0,0.49,-0.769,-0.49
3452.7,-80.0,957.0,-176.0,0.419,-0.699,-0.56
3452.25,-79.0,957.0,-177.0,0.349,-0.699,-0.49
3452.43,-80.0,958.0,-175.0,0.419,-0.769,-0.56
3452.61,-80.0,958.0,-176.0,0.349,-0.769,-0.49
3452.8,-80.0,957.0,-176.0,0.419,-0.769,-0.56
3452.98,-81.0,956.0,-176.0,0.49,-0.699,-0.49
3453.16,-81.0,957.0,-176.0,0.419,-0.769,-0.629
3453.34,-80.0,957.0,-176.0,0.49,-0.699,-0.49
3453.53,-80.0,957.0,-176.0,0.419,-0.769,-0.49
3453.71,-81.0,956.0,-177.0,0.49,-0.699,-0.629
3453.89,-80.0,957.0,-176.0,0.349,-0.769,-0.629
3454.7,-80.0,957.0,-176.0,0.419,-0.699,-0.49
3455.17,-80.0,956.0,-176.0,0.349,-0.769,-0.56
3455.35,-79.0,957.0,-175.0,0.349,-0.769,-0.56
3455.53,-80.0,956.0,-176.0,0.49,-0.699,-0.419
3455.71,-81.0,958.0,-176.0,0.349,-0.769,-0.56
3455.9,-80.0,956.0,-176.0,0.419,-0.769,-0.49
3456.8,-81.0,957.0,-176.0,0.49,-0.699,-0.629
3456.26,-79.0,956.0,-176.0,0.349,-0.769,-0.49
3456.44,-81.0,957.0,-175.0,0.419,-0.769,-0.49
3456.62,-79.0,956.0,-176.0,0.349,-0.629,-0.49
3456.81,-81.0,957.0,-176.0,0.419,-0.699,-0.56
3456.99,-80.0,957.0,-176.0,0.419,-0.769,-0.56
3457.17,-80.0,956.0,-177.0,0.28,-0.629,-0.56
3457.35,-81.0,958.0,-176.0,0.419,-0.769,-0.56
3457.54,-80.0,956.0,-176.0,0.49,-0.699,-0.49
3457.72,-81.0,957.0,-175.0,0.419,-0.769,-0.56
3457.9,-81.0,957.0,-177.0,0.419,-0.769,-0.56
3458.8,-80.0,957.0,-177.0,0.49,-0.699,-0.629
3458.26,-81.0,957.0,-176.0,0.419,-0.769,-0.49
3458.45,-80.0,957.0,-177.0,0.419,-0.769,-0.56
3458.63,-80.0,956.0,-176.0,0.419,-0.769,-0.629
3458.81,-81.0,956.0,-177.0,0.49,-0.699,-0.56
3458.99,-80.0,957.0,-176.0,0.349,-0.769,-0.629
3459.18,-79.0,956.0,-177.0,0.349,-0.699,-0.49
3459.36,-81.0,958.0,-176.0,0.419,-0.699,-0.49
3459.54,-80.0,956.0,-175.0,0.349,-0.699,-0.49
3459.72,-83.0,958.0,-177.0,0.49,-0.769,-0.56
3459.9,-81.0,957.0,-176.0,0.28,-0.769,-0.629
3460.9,-80.0,957.0,-176.0,0.49,-0.629,-0.56
3460.27,-81.0,957.0,-176.0,0.49,-0.699,-0.56
3460.45,-81.0,958.0,-176.0,0.349,-0.699,-0.49
3460.63,-79.0,956.0,-177.0,0.49,-0.699,-0.49
3460.82,-81.0,958.0,-176.0,0.419,-0.769,-0.629
3461.0,-80.0,956.0,-176.0,0.349,-0.699,-0.49
3461.18,-80.0,957.0,-176.0,0.419,-0.769,-0.56
3461.36,-79.0,957.0,-175.0,0.419,-0.699,-0.56
3461.55,-81.0,957.0,-175.0,0.419,-0.699,-0.49
3461.73,-79.0,957.0,-175.0,0.419,-0.769,-0.56
3461.91,-80.0,957.0,-176.0,0.419,-0.699,-0.56
3462.9,-80.0,957.0,-175.0,0.349,-0.839,-0.629
3462.27,-80.0,956.0,-177.0,0.56,-0.769,-0.56
3462.46,-81.0,957.0,-176.0,0.419,-0.769,-0.699
3462.64,-81.0,956.0,-178.0,0.349,-0.629,-0.56
3462.82,-79.0,956.0,-176.0,0.419,-0.769,-0.56
3464.1,-81.0,957.0,-176.0,0.49,-0.699,-0.419
3464.28,-79.0,955.0,-177.0,0.349,-0.699,-0.49
3464.46,-82.0,958.0,-176.0,0.419,-0.699,-0.56
3464.64,-78.0,956.0,-177.0,0.349,-0.699,-0.629
3464.83,-80.0,958.0,-175.0,0.49,-0.699,-0.56
3465.1,-79.0,957.0,-175.0,0.349,-0.769,-0.56
3465.19,-80.0,958.0,-175.0,0.49,-0.769,-0.56
3465.37,-77.0,956.0,-175.0,0.419,-0.769,-0.56
3465.55,-81.0,957.0,-176.0,0.56,-0.769,-0.56
3465.74,-78.0,955.0,-176.0,0.349,-0.769,-0.629
3465.92,-82.0,957.0,-176.0,0.49,-0.699,-0.49
3466.1,-78.0,957.0,-175.0,0.209,-0.769,-0.56
3466.28,-82.0,957.0,-175.0,0.49,-0.56,-0.49
3466.47,-80.0,958.0,-174.0,0.209,-0.839,-0.629
3466.65,-79.0,957.0,-175.0,0.56,-0.699,-0.419
3466.83,-82.0,957.0,-174.0,0.28,-0.98,-0.629
3467.1,-81.0,956.0,-177.0,0.49,-0.699,-0.419
3467.2,-84.0,959.0,-176.0,0.349,-0.839,-0.699
3467.38,-77.0,957.0,-176.0,0.49,-0.629,-0.56
3467.56,-83.0,958.0,-175.0,0.419,-0.769,-0.56
3467.74,-78.0,956.0,-175.0,0.419,-0.839,-0.629
3467.92,-82.0,957.0,-175.0,0.56,-0.769,-0.49
3468.11,-80.0,958.0,-175.0,0.419,-0.839,-0.699
3468.29,-79.0,956.0,-176.0,0.419,-0.629,-0.49
3468.47,-82.0,956.0,-176.0,0.349,-0.839,-0.699
3468.65,-78.0,956.0,-177.0,0.419,-0.699,-0.49
3468.84,-82.0,957.0,-174.0,0.349,-0.769,-0.629
3469.2,-78.0,957.0,-174.0,0.28,-0.699,-0.56
3469.2,-80.0,958.0,-173.0,0.419,-0.839,-0.49
3469.38,-79.0,959.0,-173.0,0.419,-0.91,-0.629
3469.56,-80.0,958.0,-174.0,0.49,-0.769,-0.49
3469.75,-81.0,958.0,-175.0,0.49,-0.91,-0.629
3469.93,-79.0,957.0,-177.0,0.56,-0.629,-0.49
3470.11,-80.0,958.0,-176.0,0.56,-0.839,-0.629
3470.29,-79.0,954.0,-177.0,0.49,-0.629,-0.49
3470.48,-83.0,958.0,-177.0,0.49,-0.839,-0.629
3470.66,-75.0,955.0,-177.0,0.28,-0.56,-0.49
3470.84,-84.0,957.0,-175.0,0.419,-0.699,-0.49
3471.2,-78.0,958.0,-174.0,0.209,-0.839,-0.629
3471.2,-78.0,957.0,-174.0,0.349,-0.629,-0.419
3471.39,-84.0,957.0,-174.0,0.49,-0.769,-0.629
3471.57,-78.0,958.0,-174.0,0.349,-0.91,-0.56
3471.75,-80.0,956.0,-177.0,0.56,-0.629,-0.419
3472.3,-81.0,956.0,-178.0,0.419,-0.699,-0.49
3472.48,-79.0,957.0,-176.0,0.419,-0.629,-0.49
3472.66,-80.0,957.0,-174.0,0.349,-0.699,-0.629
3472.85,-79.0,957.0,-175.0,0.419,-0.56,-0.419
3473.3,-81.0,957.0,-175.0,0.28,-0.769,-0.629
3473.21,-81.0,957.0,-177.0,0.629,-0.629,-0.49
3473.39,-81.0,959.0,-174.0,0.419,-0.98,-0.769
3473.57,-78.0,954.0,-178.0,0.699,-0.419,-0.28
3473.76,-86.0,958.0,-176.0,0.419,-0.91,-0.699
3473.94,-76.0,955.0,-178.0,0.419,-0.769,-0.56
3474.12,-80.0,956.0,-177.0,0.14,-0.699,-0.28
3474.3,-84.0,959.0,-174.0,0.209,-0.699,-0.629
3474.49,-80.0,958.0,-174.0,0.28,-0.699,-0.629
3474.67,-78.0,958.0,-176.0,0.349,-0.699,-0.49
3474.85,-81.0,959.0,-175.0,0.419,-0.98,-0.629
3475.3,-77.0,955.0,-177.0,0.49,-0.769,-0.349
3475.21,-83.0,956.0,-178.0,0.56,-0.839,-0.56
3475.4,-78.0,953.0,-181.0,0.419,-0.699,-0.49
3475.58,-82.0,958.0,-179.0,0.419,-0.769,-0.699
3475.76,-75.0,953.0,-178.0,0.14,-0.629,-0.349
3475.94,-85.0,959.0,-176.0,0.209,-0.839,-0.56
3476.13,-73.0,956.0,-174.0,0.14,-0.769,-0.56
3476.31,-82.0,959.0,-175.0,0.419,-0.699,-0.419
3476.49,-81.0,960.0,-174.0,0.349,-0.98,-0.769
3476.67,-79.0,956.0,-177.0,0.629,-0.699,-0.419
3476.85,-84.0,959.0,-178.0,0.49,-1.049,-0.699
3477.4,-79.0,954.0,-181.0,0.629,-0.699,-0.419
3477.22,-84.0,959.0,-177.0,0.49,-0.769,-0.56
3477.4,-75.0,956.0,-177.0,0.349,-0.629,-0.56
3477.58,-79.0,956.0,-178.0,0.49,-0.699,-0.419
3477.77,-77.0,959.0,-173.0,0.49,-0.769,-0.629
3477.95,-79.0,957.0,-173.0,0.349,-0.56,-0.419
3478.13,-83.0,958.0,-176.0,0.49,-0.839,-0.699
3478.31,-73.0,956.0,-176.0,0.56,-0.98,-0.629
3478.5,-84.0,957.0,-173.0,0.629,-0.699,-0.49
3478.68,-78.0,955.0,-177.0,0.07,-0.839,-0.769
3478.86,-82.0,956.0,-179.0,0.699,-0.56,-0.419
3479.4,-77.0,956.0,-175.0,0.14,-0.98,-0.699
3479.22,-84.0,957.0,-175.0,0.419,-0.56,-0.349
3479.41,-79.0,957.0,-175.0,0.07,-0.91,-0.699
3479.59,-79.0,957.0,-176.0,0.49,-0.629,-0.419
3479.77,-81.0,956.0,-174.0,0.419,-0.839,-0.629
3479.95,-78.0,958.0,-175.0,0.419,-0.769,-0.49
3480.14,-80.0,957.0,-175.0,0.56,-0.629,-0.349
3480.32,-80.0,956.0,-176.0,0.209,-0.839,-0.56
3480.5,-79.0,957.0,-176.0,0.56,-0.629,-0.49
3480.68,-80.0,956.0,-177.0,0.349,-0.839,-0.56
3480.86,-80.0,957.0,-175.0,0.56,-0.629,-0.629
3481.5,-81.0,956.0,-175.0,0.49,-0.839,-0.629
3481.23,-77.0,957.0,-174.0,0.28,-0.839,-0.629
3481.41,-83.0,958.0,-176.0,0.49,-0.699,-0.28
3481.59,-81.0,958.0,-174.0,0.209,-0.98,-0.769
3481.78,-81.0,960.0,-174.0,0.699,-0.56,-0.56
3481.96,-79.0,957.0,-174.0,0.49,-0.769,-0.629
3482.14,-78.0,956.0,-177.0,0.629,-0.91,-0.49
3482.32,-79.0,957.0,-177.0,0.56,-1.049,-0.629
3482.5,-78.0,954.0,-179.0,0.419,-0.56,-0.349
3482.69,-86.0,960.0,-175.0,0.349,-0.629,-0.769
3482.87,-73.0,951.0,-178.0,0.28,-0.629,-0.419
3483.5,-83.0,960.0,-173.0,0.07,-0.98,-0.699
3483.23,-75.0,957.0,-174.0,0.349,-0.629,-0.28
3483.42,-84.0,962.0,-171.0,0.349,-0.769,-0.699
3483.6,-76.0,956.0,-175.0,0.56,-0.699,-0.56
3483.78,-87.0,958.0,-176.0,0.629,-0.98,-0.56
3483.96,-76.0,955.0,-178.0,0.49,-0.98,-0.49
3484.14,-85.0,956.0,-179.0,0.629,-0.629,-0.49
3484.33,-78.0,956.0,-178.0,0.419,-0.769,-0.91
3484.51,-78.0,954.0,-178.0,0.419,-0.56,-0.419
3484.69,-81.0,956.0,-175.0,0.28,-0.98,-0.699
3484.87,-79.0,957.0,-173.0,0.349,-0.699,-0.349
3485.6,-82.0,958.0,-175.0,0.349,-0.769,-0.699
3485.24,-78.0,957.0,-176.0,0.49,-0.699,-0.49
3485.42,-79.0,957.0,-177.0,0.56,-0.769,-0.56
3485.6,-83.0,956.0,-176.0,0.56,-0.839,-0.49
3485.78,-82.0,956.0,-179.0,0.49,-0.839,-0.629
3485.97,-80.0,957.0,-176.0,0.419,-0.699,-0.629
3486.15,-79.0,956.0,-179.0,0.419,-0.629,-0.56
3486.33,-80.0,956.0,-176.0,0.56,-0.699,-0.49
3486.51,-77.0,956.0,-174.0,0.28,-0.839,-0.49
3486.7,-83.0,958.0,-174.0,0.49,-0.629,-0.419
3486.88,-77.0,957.0,-175.0,0.349,-0.839,-0.56
3487.6,-82.0,959.0,-177.0,0.56,-0.769,-0.56
3487.24,-76.0,956.0,-177.0,0.419,-0.91,-0.56
3487.43,-81.0,957.0,-176.0,0.419,-0.699,-0.49
3487.61,-78.0,957.0,-177.0,0.209,-0.769,-0.699
3487.79,-80.0,957.0,-175.0,0.349,-0.49,-0.28
3487.97,-82.0,957.0,-178.0,0.14,-0.699,-0.629
3488.15,-80.0,956.0,-176.0,0.349,-0.699,-0.49
3488.34,-83.0,958.0,-180.0,0.419,-0.699,-0.49
3488.52,-79.0,957.0,-177.0,0.349,-0.769,-0.56
3488.7,-83.0,957.0,-179.0,0.419,-0.56,-0.209
3488.88,-86.0,960.0,-177.0,0.49,-0.91,-0.769
3489.7,-74.0,954.0,-180.0,0.419,-0.629,-0.28
3489.25,-89.0,962.0,-175.0,0.56,-0.839,-0.769
3489.43,-74.0,953.0,-179.0,0.349,-0.699,-0.349
3489.61,-88.0,961.0,-175.0,0.419,-0.91,-0.769
3489.79,-76.0,954.0,-177.0,0.28,-0.769,-0.419
3489.98,-87.0,960.0,-177.0,0.629,-0.769,-0.56
3490.16,-76.0,957.0,-176.0,0.349,-0.91,-0.699
3490.34,-80.0,955.0,-178.0,0.629,-0.56,-0.209
3490.52,-83.0,956.0,-176.0,0.28,-0.91,-0.56
3490.71,-81.0,959.0,-176.0,0.49,-0.699,-0.56
3490.89,-77.0,957.0,-175.0,0.209,-0.769,-0.629
3491.7,-82.0,957.0,-176.0,0.56,-0.56,-0.349
3491.25,-82.0,959.0,-174.0,0.419,-0.769,-0.699
3491.43,-78.0,955.0,-177.0,0.419,-0.629,-0.49
3491.62,-82.0,957.0,-175.0,0.49,-0.769,-0.56
3491.8,-79.0,957.0,-176.0,0.49,-0.769,-0.629
3491.98,-79.0,956.0,-177.0,0.349,-0.769,-0.56
3495.63,-83.0,956.0,-176.0,0.419,-0.839,-0.56
3495.81,-80.0,957.0,-175.0,0.419,-0.839,-0.56
3495.99,-79.0,956.0,-176.0,0.349,-0.699,-0.419
3496.17,-85.0,958.0,-175.0,0.419,-0.699,-0.49
3496.36,-81.0,958.0,-174.0,0.28,-0.91,-0.629
3496.54,-80.0,957.0,-176.0,0.49,-0.699,-0.49
3496.72,-82.0,958.0,-176.0,0.419,-0.699,-0.49
3496.9,-81.0,956.0,-177.0,0.419,-0.699,-0.49
3497.8,-83.0,958.0,-177.0,0.49,-0.839,-0.629
3497.27,-78.0,957.0,-177.0,0.349,-0.769,-0.629
3497.45,-80.0,956.0,-177.0,0.419,-0.629,-0.419
3497.63,-85.0,959.0,-175.0,0.419,-0.91,-0.769
3497.81,-74.0,956.0,-177.0,0.419,-0.56,-0.349
3498.0,-85.0,958.0,-175.0,0.49,-0.769,-0.56
3498.18,-78.0,956.0,-177.0,0.419,-0.839,-0.629
3498.36,-81.0,956.0,-177.0,0.49,-0.699,-0.56
3498.54,-80.0,956.0,-177.0,0.419,-0.769,-0.56
3498.72,-82.0,959.0,-175.0,0.49,-0.769,-0.56
3501.9,-83.0,956.0,-177.0,0.419,-0.699,-0.49
3501.28,-79.0,955.0,-175.0,0.349,-0.839,-0.629
3501.46,-79.0,958.0,-176.0,0.49,-0.699,-0.49
3501.64,-82.0,956.0,-177.0,0.349,-0.769,-0.49
3501.82,-80.0,957.0,-175.0,0.49,-0.769,-0.56
3502.0,-79.0,957.0,-176.0,0.49,-0.699,-0.56
3502.19,-80.0,957.0,-175.0,0.349,-0.699,-0.56
3502.37,-79.0,957.0,-176.0,0.49,-0.769,-0.56
3502.55,-81.0,957.0,-176.0,0.49,-0.699,-0.56
3502.73,-80.0,955.0,-176.0,0.419,-0.699,-0.56
3502.92,-81.0,957.0,-175.0,0.49,-0.699,-0.56
3503.1,-80.0,957.0,-175.0,0.349,-0.769,-0.56
3503.28,-80.0,957.0,-175.0,0.419,-0.769,-0.56
3503.46,-80.0,957.0,-175.0,0.419,-0.769,-0.49
3503.65,-81.0,958.0,-176.0,0.349,-0.769,-0.56
3503.83,-79.0,957.0,-177.0,0.419,-0.769,-0.56
3504.1,-81.0,958.0,-176.0,0.419,-0.769,-0.56
3504.19,-80.0,957.0,-175.0,0.419,-0.699,-0.49
3504.37,-82.0,957.0,-175.0,0.49,-0.699,-0.49
3504.56,-80.0,957.0,-176.0,0.419,-0.769,-0.56
3504.74,-82.0,957.0,-175.0,0.419,-0.769,-0.56
3504.92,-80.0,957.0,-176.0,0.419,-0.769,-0.49
3505.1,-79.0,957.0,-176.0,0.419,-0.699,-0.56
3505.29,-80.0,957.0,-175.0,0.419,-0.769,-0.56
3505.47,-81.0,956.0,-176.0,0.419,-0.839,-0.56
3505.65,-79.0,957.0,-175.0,0.49,-0.699,-0.49
3505.83,-81.0,958.0,-176.0,0.419,-0.769,-0.56
3506.1,-79.0,957.0,-176.0,0.419,-0.699,-0.56
3506.2,-79.0,956.0,-176.0,0.419,-0.769,-0.49
3506.38,-81.0,957.0,-176.0,0.49,-0.769,-0.56
3506.56,-80.0,958.0,-176.0,0.419,-0.769,-0.56
3506.74,-79.0,957.0,-176.0,0.349,-0.699,-0.56
3506.93,-81.0,957.0,-176.0,0.419,-0.699,-0.56
3507.11,-79.0,957.0,-176.0,0.419,-0.769,-0.56
3507.29,-80.0,957.0,-176.0,0.419,-0.699,-0.49
3507.47,-80.0,957.0,-176.0,0.419,-0.769,-0.629
3507.65,-80.0,956.0,-177.0,0.49,-0.699,-0.49
3507.84,-80.0,957.0,-176.0,0.349,-0.769,-0.56
3508.2,-80.0,957.0,-176.0,0.419,-0.769,-0.49
3508.2,-80.0,957.0,-177.0,0.419,-0.839,-0.56
3508.38,-81.0,956.0,-176.0,0.419,-0.769,-0.419
3508.57,-80.0,957.0,-176.0,0.419,-0.699,-0.49
3508.75,-81.0,956.0,-176.0,0.419,-0.769,-0.56
3508.93,-80.0,957.0,-176.0,0.419,-0.769,-0.49
3509.11,-79.0,957.0,-176.0,0.49,-0.629,-0.56
3509.29,-82.0,957.0,-176.0,0.419,-0.839,-0.629
3509.48,-80.0,956.0,-176.0,0.419,-0.769,-0.56
3509.66,-82.0,957.0,-176.0,0.419,-0.839,-0.56
3509.84,-80.0,957.0,-176.0,0.49,-0.769,-0.629
3510.2,-80.0,956.0,-176.0,0.49,-0.769,-0.49
3510.21,-81.0,957.0,-176.0,0.419,-0.699,-0.56
3510.39,-80.0,956.0,-176.0,0.419,-0.769,-0.56
3510.57,-81.0,956.0,-177.0,0.49,-0.769,-0.56
3510.75,-80.0,956.0,-175.0,0.419,-0.769,-0.56
3510.94,-81.0,958.0,-176.0,0.419,-0.699,-0.56
3511.12,-80.0,957.0,-176.0,0.419,-0.769,-0.56
3511.3,-81.0,958.0,-176.0,0.49,-0.769,-0.49
3511.48,-79.0,956.0,-175.0,0.349,-0.699,-0.629
3511.66,-79.0,957.0,-175.0,0.419,-0.699,-0.56
3512.3,-80.0,957.0,-176.0,0.349,-0.699,-0.56
3512.21,-81.0,956.0,-176.0,0.419,-0.769,-0.56
3512.39,-80.0,957.0,-176.0,0.419,-0.699,-0.56
3512.58,-80.0,957.0,-176.0,0.49,-0.699,-0.49
3512.76,-81.0,957.0,-175.0,0.419,-0.769,-0.56
3512.94,-79.0,958.0,-176.0,0.419,-0.699,-0.49
3513.12,-80.0,957.0,-175.0,0.49,-0.769,-0.56
3513.3,-79.0,956.0,-176.0,0.419,-0.769,-0.56
3513.49,-80.0,957.0,-176.0,0.419,-0.769,-0.49
3513.67,-80.0,956.0,-176.0,0.419,-0.769,-0.629
3513.85,-79.0,956.0,-176.0,0.419,-0.839,-0.56
3519.14,-81.0,957.0,-175.0,0.419,-0.699,-0.419
3519.32,-79.0,956.0,-176.0,0.419,-0.839,-0.629
3519.5,-79.0,957.0,-174.0,0.349,-0.629,-0.49
3519.68,-81.0,956.0,-176.0,0.419,-0.769,-0.49
3519.87,-80.0,958.0,-175.0,0.419,-0.769,-0.56
3520.5,-80.0,957.0,-176.0,0.419,-0.769,-0.49
3520.23,-81.0,957.0,-175.0,0.419,-0.769,-0.629
3520.41,-79.0,956.0,-176.0,0.419,-0.699,-0.419
3520.6,-82.0,958.0,-175.0,0.419,-0.699,-0.56
3520.78,-81.0,957.0,-175.0,0.419,-0.699,-0.56
3520.96,-79.0,956.0,-175.0,0.349,-0.699,-0.56
3521.14,-82.0,957.0,-175.0,0.49,-0.699,-0.56
3521.32,-80.0,956.0,-175.0,0.349,-0.769,-0.629
3521.51,-82.0,957.0,-175.0,0.49,-0.629,-0.49
3521.69,-80.0,956.0,-175.0,0.419,-0.839,-0.56
3521.87,-81.0,958.0,-175.0,0.349,-0.699,-0.56
3522.5,-80.0,958.0,-175.0,0.349,-0.769,-0.56
3522.24,-82.0,958.0,-176.0,0.49,-0.629,-0.56
3522.42,-79.0,956.0,-176.0,0.419,-0.769,-0.56
3522.6,-82.0,959.0,-176.0,0.349,-0.629,-0.49
3522.78,-78.0,956.0,-177.0,0.419,-0.699,-0.56
3522.96,-82.0,957.0,-177.0,0.349,-0.769,-0.56
3523.15,-79.0,957.0,-175.0,0.419,-0.769,-0.56
3523.33,-79.0,957.0,-176.0,0.28,-0.699,-0.49
3523.51,-80.0,957.0,-175.0,0.49,-0.769,-0.56
3524.42,-78.0,956.0,-176.0,0.349,-0.629,-0.419
3524.61,-81.0,957.0,-175.0,0.349,-0.699,-0.56
3524.79,-78.0,956.0,-176.0,0.349,-0.769,-0.56
3524.97,-82.0,958.0,-176.0,0.49,-0.699,-0.56
3525.15,-79.0,957.0,-175.0,0.349,-0.699,-0.56
3525.33,-81.0,957.0,-177.0,0.419,-0.769,-0.49
3525.52,-81.0,958.0,-176.0,0.419,-0.769,-0.56
3525.7,-80.0,957.0,-176.0,0.49,-0.699,-0.419
3525.88,-81.0,958.0,-176.0,0.419,-0.769,-0.56
3526.6,-78.0,956.0,-176.0,0.419,-0.699,-0.56
3526.25,-80.0,956.0,-176.0,0.419,-0.699,-0.56
3526.43,-80.0,956.0,-177.0,0.419,-0.699,-0.56
3526.61,-82.0,957.0,-176.0,0.419,-0.769,-0.49
3526.79,-80.0,956.0,-176.0,0.419,-0.699,-0.56
3526.97,-80.0,956.0,-175.0,0.49,-0.839,-0.49
3527.16,-80.0,957.0,-176.0,0.419,-0.839,-0.56
3527.34,-81.0,957.0,-176.0,0.56,-0.699,-0.49
3527.52,-80.0,957.0,-175.0,0.419,-0.769,-0.49
3527.7,-80.0,957.0,-176.0,0.419,-0.699,-0.56
3527.89,-80.0,956.0,-176.0,0.49,-0.769,-0.629
3528.7,-80.0,956.0,-175.0,0.419,-0.769,-0.49
3528.25,-80.0,957.0,-176.0,0.49,-0.769,-0.629
3528.43,-81.0,957.0,-176.0,0.349,-0.699,-0.56
3528.62,-81.0,957.0,-175.0,0.419,-0.769,-0.629
3528.8,-80.0,956.0,-176.0,0.349,-0.699,-0.49
3528.98,-80.0,957.0,-175.0,0.49,-0.769,-0.629
3529.16,-81.0,957.0,-175.0,0.419,-0.769,-0.56
3529.34,-81.0,956.0,-175.0,0.419,-0.769,-0.56
3529.53,-81.0,957.0,-176.0,0.49,-0.769,-0.629
3529.71,-81.0,958.0,-176.0,0.49,-0.699,-0.629
3529.89,-81.0,957.0,-176.0,0.419,-0.769,-0.56
3530.7,-81.0,958.0,-176.0,0.49,-0.699,-0.49
3530.26,-80.0,957.0,-175.0,0.349,-0.769,-0.56
3530.44,-80.0,957.0,-176.0,0.419,-0.699,-0.56
3530.62,-80.0,958.0,-176.0,0.419,-0.839,-0.56
3530.8,-79.0,956.0,-175.0,0.349,-0.699,-0.56
3530.98,-81.0,957.0,-176.0,0.49,-0.769,-0.629
3531.17,-79.0,957.0,-175.0,0.419,-0.699,-0.49
3531.35,-81.0,958.0,-175.0,0.419,-0.769,-0.49
3531.53,-79.0,956.0,-175.0,0.49,-0.769,-0.56
3531.71,-80.0,957.0,-175.0,0.419,-0.769,-0.56
3531.9,-79.0,957.0,-175.0,0.419,-0.699,-0.56
3532.8,-80.0,957.0,-176.0,0.419,-0.769,-0.49
3532.26,-80.0,957.0,-175.0,0.419,-0.699,-0.56
3532.44,-79.0,957.0,-175.0,0.349,-0.699,-0.56
3532.63,-79.0,956.0,-175.0,0.349,-0.769,-0.56
3532.81,-80.0,957.0,-175.0,0.419,-0.699,-0.56
3532.99,-80.0,956.0,-176.0,0.419,-0.839,-0.56
3533.17,-80.0,957.0,-175.0,0.419,-0.769,-0.49
3533.35,-80.0,957.0,-175.0,0.419,-0.769,-0.629
3533.54,-81.0,957.0,-175.0,0.49,-0.699,-0.56
3533.72,-79.0,957.0,-175.0,0.49,-0.769,-0.56
3533.9,-80.0,957.0,-175.0,0.419,-0.769,-0.56
3534.8,-81.0,957.0,-175.0,0.419,-0.699,-0.56
3534.27,-79.0,955.0,-176.0,0.419,-0.769,-0.49
3534.45,-80.0,957.0,-176.0,0.419,-0.699,-0.49
3534.63,-80.0,957.0,-175.0,0.349,-0.769,-0.56
3534.81,-80.0,956.0,-175.0,0.419,-0.699,-0.49
3535.0,-81.0,957.0,-175.0,0.349,-0.699,-0.49
3535.18,-81.0,957.0,-176.0,0.49,-0.769,-0.56
3535.36,-79.0,956.0,-176.0,0.419,-0.769,-0.49
3535.54,-80.0,956.0,-175.0,0.419,-0.699,-0.49
3535.72,-80.0,957.0,-176.0,0.419,-0.769,-0.49
3535.91,-81.0,957.0,-176.0,0.56,-0.769,-0.49
3536.9,-81.0,957.0,-176.0,0.419,-0.769,-0.56
3536.27,-80.0,957.0,-176.0,0.349,-0.699,-0.56
3536.45,-80.0,958.0,-176.0,0.419,-0.769,-0.56
3536.64,-80.0,956.0,-176.0,0.419,-0.769,-0.56
3537.55,-79.0,958.0,-175.0,0.49,-0.769,-0.56
3537.73,-80.0,958.0,-174.0,0.349,-0.699,-0.56
3537.91,-79.0,957.0,-175.0,0.419,-0.699,-0.56
3538.9,-81.0,958.0,-175.0,0.49,-0.769,-0.56
3538.28,-80.0,957.0,-175.0,0.419,-0.699,-0.56
3538.46,-81.0,958.0,-176.0,0.349,-0.699,-0.56
3538.64,-80.0,957.0,-176.0,0.419,-0.699,-0.56
3538.82,-81.0,956.0,-176.0,0.419,-0.769,-0.49
3539.1,-80.0,956.0,-175.0,0.49,-0.699,-0.56
3539.19,-80.0,958.0,-176.0,0.419,-0.769,-0.56
3539.37,-79.0,957.0,-176.0,0.49,-0.769,-0.49
3539.55,-80.0,958.0,-176.0,0.419,-0.699,-0.56
3539.73,-79.0,957.0,-176.0,0.49,-0.769,-0.56
3539.92,-80.0,957.0,-176.0,0.49,-0.769,-0.629
3540.1,-80.0,956.0,-177.0,0.419,-0.699,-0.56
3540.28,-80.0,957.0,-176.0,0.419,-0.769,-0.56
3540.46,-79.0,956.0,-177.0,0.419,-0.699,-0.56
3540.65,-80.0,957.0,-176.0,0.419,-0.699,-0.56
3540.83,-81.0,958.0,-176.0,0.419,-0.699,-0.56
3541.1,-80.0,957.0,-176.0,0.349,-0.769,-0.56
3541.19,-81.0,958.0,-175.0,0.349,-0.839,-0.56
3541.37,-80.0,957.0,-176.0,0.419,-0.699,-0.56
3544.84,-81.0,957.0,-174.0,0.419,-0.699,-0.49
3545.2,-79.0,957.0,-175.0,0.419,-0.769,-0.49
3545.2,-81.0,957.0,-175.0,0.49,-0.699,-0.629
3545.38,-80.0,957.0,-175.0,0.419,-0.769,-0.49
3545.57,-80.0,957.0,-175.0,0.419,-0.699,-0.56
3545.75,-80.0,957.0,-175.0,0.419,-0.769,-0.56
3545.93,-79.0,957.0,-175.0,0.419,-0.699,-0.629
3546.11,-80.0,957.0,-176.0,0.419,-0.699,-0.56
3546.3,-80.0,957.0,-175.0,0.49,-0.839,-0.49
3546.48,-79.0,957.0,-176.0,0.349,-0.699,-0.56
3546.66,-81.0,957.0,-177.0,0.419,-0.769,-0.629
3546.84,-79.0,957.0,-175.0,0.419,-0.699,-0.56
3547.3,-80.0,957.0,-177.0,0.349,-0.699,-0.49
3547.21,-82.0,957.0,-177.0,0.419,-0.629,-0.419
3547.39,-79.0,958.0,-175.0,0.419,-0.839,-0.629
3547.57,-77.0,956.0,-175.0,0.419,-0.699,-0.49
3547.75,-81.0,959.0,-176.0,0.49,-0.699,-0.49
3547.94,-78.0,957.0,-176.0,0.419,-0.769,-0.49
3548.12,-80.0,958.0,-176.0,0.419,-0.769,-0.629
3548.3,-78.0,955.0,-178.0,0.49,-0.629,-0.419
3548.48,-82.0,959.0,-176.0,0.349,-0.839,-0.56
3548.67,-78.0,956.0,-177.0,0.419,-0.629,-0.419
3548.85,-83.0,958.0,-175.0,0.419,-0.839,-0.56
3549.3,-78.0,957.0,-176.0,0.49,-0.769,-0.49
3549.21,-82.0,957.0,-175.0,0.419,-0.699,-0.56
3549.4,-79.0,957.0,-176.0,0.419,-0.699,-0.49
3549.58,-81.0,957.0,-176.0,0.419,-0.699,-0.49
3549.76,-83.0,957.0,-177.0,0.49,-0.769,-0.56
3549.94,-79.0,957.0,-175.0,0.419,-0.769,-0.56
3550.12,-80.0,956.0,-176.0,0.419,-0.629,-0.49
3550.31,-83.0,958.0,-175.0,0.49,-0.699,-0.49
3550.49,-80.0,957.0,-176.0,0.349,-0.769,-0.56
3550.67,-81.0,956.0,-175.0,0.419,-0.699,-0.56
3550.85,-82.0,956.0,-175.0,0.419,-0.769,-0.629
3551.4,-79.0,957.0,-175.0,0.349,-0.769,-0.56
3551.22,-80.0,957.0,-176.0,0.419,-0.699,-0.419
3551.4,-82.0,958.0,-176.0,0.419,-0.699,-0.629
3551.58,-80.0,957.0,-175.0,0.419,-0.769,-0.49
3551.76,-79.0,957.0,-176.0,0.349,-0.769,-0.56
3551.95,-80.0,957.0,-176.0,0.49,-0.699,-0.49
3552.13,-81.0,957.0,-176.0,0.419,-0.699,-0.49
3552.31,-80.0,957.0,-176.0,0.349,-0.699,-0.56
3552.49,-80.0,957.0,-175.0,0.419,-0.699,-0.56
3552.68,-80.0,958.0,-175.0,0.419,-0.769,-0.56
3552.86,-79.0,956.0,-175.0,0.419,-0.699,-0.56
3553.4,-81.0,958.0,-175.0,0.419,-0.769,-0.56
3553.22,-79.0,957.0,-176.0,0.49,-0.769,-0.49
3553.41,-83.0,958.0,-175.0,0.49,-0.769,-0.699
3553.59,-77.0,955.0,-176.0,0.419,-0.839,-0.56
3553.77,-83.0,957.0,-176.0,0.49,-0.699,-0.49
3553.95,-79.0,957.0,-176.0,0.349,-0.839,-0.56
3555.59,-79.0,957.0,-174.0,0.349,-0.769,-0.56
3555.77,-79.0,957.0,-175.0,0.419,-0.769,-0.56
3555.96,-80.0,958.0,-175.0,0.419,-0.699,-0.56
3556.14,-81.0,958.0,-174.0,0.419,-0.839,-0.56
3556.32,-80.0,956.0,-174.0,0.349,-0.699,-0.56
3556.5,-80.0,956.0,-175.0,0.349,-0.769,-0.629
3556.69,-81.0,958.0,-176.0,0.419,-0.699,-0.49
3556.87,-80.0,957.0,-175.0,0.349,-0.839,-0.629
3557.5,-81.0,956.0,-175.0,0.49,-0.699,-0.419
3557.23,-80.0,958.0,-174.0,0.28,-0.91,-0.769
3557.42,-79.0,956.0,-177.0,0.419,-0.56,-0.28
3557.6,-85.0,959.0,-174.0,0.349,-0.98,-0.699
3557.78,-76.0,956.0,-176.0,0.349,-0.699,-0.49
3557.96,-82.0,958.0,-174.0,0.49,-0.769,-0.56
3558.14,-77.0,955.0,-176.0,0.349,-0.839,-0.49
3558.33,-82.0,958.0,-175.0,0.419,-0.769,-0.49
3558.51,-79.0,956.0,-174.0,0.349,-0.839,-0.56
3558.69,-81.0,959.0,-175.0,0.49,-0.769,-0.56
3558.87,-79.0,957.0,-174.0,0.349,-0.769,-0.56
3559.6,-80.0,956.0,-175.0,0.56,-0.699,-0.49
3559.42,-82.0,957.0,-176.0,0.49,-0.769,-0.49
3559.6,-77.0,956.0,-175.0,0.419,-0.699,-0.56
3559.78,-82.0,958.0,-175.0,0.419,-0.629,-0.56
3559.97,-81.0,957.0,-175.0,0.419,-0.699,-0.699
3560.15,-79.0,956.0,-175.0,0.419,-0.699,-0.49
3560.33,-80.0,957.0,-176.0,0.49,-0.699,-0.56
3560.51,-80.0,957.0,-175.0,0.49,-0.699,-0.56
3560.7,-79.0,957.0,-176.0,0.49,-0.769,-0.56
3560.88,-78.0,956.0,-175.0,0.419,-0.839,-0.419
3561.6,-81.0,957.0,-176.0,0.419,-0.699,-0.629
3561.24,-79.0,956.0,-176.0,0.349,-0.699,-0.49
3561.43,-82.0,956.0,-177.0,0.49,-0.629,-0.49
3561.61,-80.0,957.0,-176.0,0.419,-0.699,-0.56
3561.79,-81.0,958.0,-176.0,0.49,-0.769,-0.56
3561.97,-77.0,957.0,-176.0,0.349,-0.769,-0.419
3562.15,-83.0,958.0,-176.0,0.56,-0.629,-0.349
3562.34,-80.0,957.0,-175.0,0.28,-0.91,-0.699
3562.52,-79.0,956.0,-176.0,0.56,-0.699,-0.349
3562.7,-79.0,957.0,-175.0,0.349,-0.839,-0.49
3562.88,-80.0,957.0,-175.0,0.419,-0.769,-0.49
3563.7,-79.0,957.0,-176.0,0.419,-0.699,-0.56
3563.25,-80.0,958.0,-175.0,0.419,-0.699,-0.56
3563.43,-78.0,956.0,-176.0,0.349,-0.769,-0.49
3563.61,-83.0,958.0,-175.0,0.419,-0.699,-0.56
3563.79,-78.0,956.0,-176.0,0.349,-0.769,-0.56
3563.98,-83.0,957.0,-175.0,0.49,-0.699,-0.49
3564.16,-80.0,958.0,-175.0,0.419,-0.839,-0.699
3564.34,-81.0,957.0,-175.0,0.49,-0.699,-0.419
3564.52,-79.0,957.0,-176.0,0.419,-0.839,-0.699
3564.71,-79.0,957.0,-176.0,0.49,-0.629,-0.349
3564.89,-82.0,958.0,-175.0,0.349,-0.769,-0.629
3565.7,-79.0,957.0,-175.0,0.419,-0.839,-0.56
3565.25,-80.0,956.0,-176.0,0.419,-0.769,-0.49
3565.44,-83.0,958.0,-176.0,0.419,-0.699,-0.56
3565.62,-80.0,957.0,-175.0,0.419,-0.91,-0.699
3565.8,-78.0,956.0,-176.0,0.49,-0.56,-0.419
3565.98,-83.0,958.0,-176.0,0.349,-0.839,-0.56
3566.16,-78.0,956.0,-176.0,0.419,-0.769,-0.56
3566.35,-80.0,956.0,-176.0,0.349,-0.699,-0.49
3566.53,-84.0,959.0,-176.0,0.349,-0.91,-0.699
3566.71,-75.0,954.0,-176.0,0.209,-0.769,-0.56
3566.89,-83.0,959.0,-176.0,0.49,-0.699,-0.49
3567.8,-79.0,957.0,-174.0,0.28,-0.839,-0.699
3567.26,-81.0,956.0,-176.0,0.419,-0.699,-0.49
3567.44,-82.0,959.0,-175.0,0.349,-0.839,-0.769
3567.62,-78.0,955.0,-177.0,0.419,-0.699,-0.49
3567.8,-84.0,959.0,-177.0,0.349,-0.839,-0.629
3567.99,-77.0,956.0,-175.0,0.419,-0.769,-0.49
3568.17,-84.0,959.0,-175.0,0.49,-0.699,-0.49
3568.35,-80.0,956.0,-176.0,0.419,-0.769,-0.699
3568.53,-80.0,958.0,-174.0,0.419,-0.699,-0.419
3568.72,-83.0,958.0,-175.0,0.49,-0.629,-0.56
3568.9,-78.0,957.0,-176.0,0.419,-0.769,-0.629
3569.8,-79.0,957.0,-176.0,0.49,-0.56,-0.349
3569.26,-82.0,959.0,-174.0,0.419,-0.91,-0.699
3569.45,-78.0,955.0,-176.0,0.419,-0.629,-0.349
3569.63,-83.0,958.0,-175.0,0.349,-0.839,-0.699
3569.81,-80.0,956.0,-176.0,0.419,-0.769,-0.49
3569.99,-82.0,958.0,-175.0,0.49,-0.839,-0.699
3570.17,-76.0,956.0,-176.0,0.349,-0.699,-0.49
3570.36,-86.0,959.0,-175.0,0.56,-0.699,-0.56
3570.54,-78.0,956.0,-174.0,0.349,-0.839,-0.699
3570.72,-80.0,956.0,-176.0,0.56,-0.629,-0.419
3570.9,-81.0,957.0,-176.0,0.349,-0.769,-0.629
3571.9,-79.0,956.0,-175.0,0.419,-0.699,-0.49
3571.27,-81.0,957.0,-175.0,0.419,-0.769,-0.56
3571.45,-80.0,957.0,-176.0,0.49,-0.769,-0.49
3571.63,-81.0,957.0,-175.0,0.49,-0.769,-0.629
3571.81,-80.0,957.0,-176.0,0.419,-0.699,-0.56
3572.0,-80.0,957.0,-176.0,0.349,-0.699,-0.629
3572.18,-81.0,958.0,-176.0,0.49,-0.839,-0.629
3572.36,-79.0,957.0,-175.0,0.349,-0.769,-0.629
3572.54,-80.0,959.0,-175.0,0.419,-0.699,-0.56
3572.73,-79.0,957.0,-175.0,0.419,-0.699,-0.49
3572.91,-81.0,958.0,-176.0,0.419,-0.839,-0.629
3573.9,-78.0,957.0,-175.0,0.419,-0.769,-0.629
3573.27,-81.0,959.0,-175.0,0.49,-0.699,-0.56
3573.46,-78.0,956.0,-177.0,0.419,-0.769,-0.56
3573.64,-79.0,957.0,-176.0,0.49,-0.769,-0.49
3573.82,-80.0,957.0,-175.0,0.419,-0.699,-0.56
3574.0,-81.0,958.0,-176.0,0.349,-0.699,-0.56
3574.18,-79.0,957.0,-175.0,0.419,-0.769,-0.49
3574.37,-81.0,958.0,-177.0,0.349,-0.699,-0.56
3574.55,-81.0,957.0,-176.0,0.419,-0.769,-0.56
3574.73,-80.0,956.0,-176.0,0.419,-0.699,-0.49
3574.91,-80.0,958.0,-176.0,0.419,-0.769,-0.49
3575.1,-82.0,955.0,-177.0,0.49,-0.699,-0.56
3575.28,-79.0,957.0,-175.0,0.349,-0.769,-0.629
3575.46,-81.0,956.0,-176.0,0.49,-0.699,-0.49
3575.64,-79.0,957.0,-175.0,0.349,-0.839,-0.629
3575.82,-79.0,957.0,-175.0,0.349,-0.699,-0.49
3576.1,-81.0,957.0,-174.0,0.349,-0.769,-0.56
3576.19,-80.0,957.0,-175.0,0.419,-0.769,-0.49
3576.37,-80.0,958.0,-175.0,0.49,-0.769,-0.56
3576.55,-82.0,957.0,-176.0,0.419,-0.839,-0.629
3576.74,-77.0,956.0,-176.0,0.419,-0.769,-0.56
3576.92,-82.0,958.0,-176.0,0.49,-0.699,-0.56
3577.1,-80.0,956.0,-176.0,0.419,-0.699,-0.629
3577.28,-82.0,957.0,-175.0,0.349,-0.769,-0.56
3577.46,-78.0,957.0,-176.0,0.349,-0.769,-0.56
3577.65,-81.0,957.0,-176.0,0.349,-0.769,-0.49
3577.83,-79.0,958.0,-175.0,0.419,-0.839,-0.49
3578.1,-81.0,957.0,-175.0,0.419,-0.769,-0.49
3578.19,-79.0,957.0,-177.0,0.419,-0.769,-0.56
3578.38,-80.0,957.0,-175.0,0.49,-0.699,-0.49
3578.56,-80.0,957.0,-176.0,0.49,-0.699,-0.49
3578.74,-79.0,956.0,-177.0,0.49,-0.769,-0.56
3578.92,-81.0,957.0,-177.0,0.349,-0.629,-0.49
3579.11,-79.0,958.0,-175.0,0.349,-0.769,-0.629
3579.29,-80.0,956.0,-176.0,0.419,-0.839,-0.49
3579.47,-80.0,957.0,-175.0,0.419,-0.769,-0.56
3579.65,-79.0,957.0,-175.0,0.49,-0.629,-0.49
3579.83,-83.0,957.0,-177.0,0.49,-0.839,-0.56
3580.2,-80.0,957.0,-176.0,0.49,-0.769,-0.49
3581.11,-82.0,958.0,-177.0,0.49,-0.629,-0.419
3581.29,-78.0,957.0,-176.0,0.28,-0.699,-0.49
3581.47,-82.0,958.0,-175.0,0.49,-0.699,-0.49
3581.66,-79.0,957.0,-175.0,0.349,-0.769,-0.56
3581.84,-80.0,957.0,-175.0,0.49,-0.699,-0.49
3582.2,-81.0,957.0,-175.0,0.419,-0.839,-0.56
3582.2,-80.0,957.0,-177.0,0.419,-0.699,-0.56
3582.39,-82.0,957.0,-177.0,0.49,-0.769,-0.56
3582.57,-81.0,957.0,-176.0,0.419,-0.769,-0.56
3582.75,-78.0,957.0,-175.0,0.419,-0.699,-0.56
3582.93,-80.0,957.0,-176.0,0.419,-0.699,-0.49
3583.11,-81.0,958.0,-176.0,0.419,-0.839,-0.56
3583.3,-80.0,957.0,-176.0,0.349,-0.769,-0.56
3583.48,-80.0,958.0,-175.0,0.419,-0.769,-0.56
3583.66,-80.0,957.0,-174.0,0.419,-0.699,-0.49
3583.84,-81.0,956.0,-175.0,0.419,-0.769,-0.49
3584.3,-81.0,958.0,-176.0,0.49,-0.699,-0.49
3584.21,-80.0,957.0,-175.0,0.419,-0.839,-0.699
3584.39,-79.0,956.0,-176.0,0.49,-0.699,-0.49
3584.57,-82.0,957.0,-175.0,0.419,-0.769,-0.629
3584.76,-79.0,956.0,-177.0,0.419,-0.699,-0.49
3584.94,-82.0,957.0,-175.0,0.419,-0.769,-0.56
3585.12,-80.0,958.0,-177.0,0.419,-0.769,-0.56
3585.3,-80.0,957.0,-177.0,0.419,-0.699,-0.56
3585.48,-79.0,956.0,-176.0,0.349,-0.769,-0.56
3586.21,-80.0,957.0,-177.0,0.349,-0.699,-0.49
3586.4,-81.0,957.0,-176.0,0.419,-0.839,-0.56
3586.58,-79.0,956.0,-175.0,0.419,-0.769,-0.56
3586.76,-80.0,958.0,-175.0,0.49,-0.769,-0.56
3586.94,-79.0,957.0,-176.0,0.419,-0.769,-0.56
3587.12,-81.0,958.0,-176.0,0.49,-0.699,-0.629
3587.31,-79.0,957.0,-176.0,0.349,-0.699,-0.56
3587.49,-81.0,957.0,-176.0,0.419,-0.699,-0.56
3587.67,-80.0,958.0,-177.0,0.419,-0.769,-0.56
3587.85,-79.0,956.0,-176.0,0.349,-0.769,-0.49
3588.4,-80.0,957.0,-175.0,0.349,-0.769,-0.629
3588.22,-80.0,957.0,-176.0,0.49,-0.699,-0.49
3588.4,-80.0,957.0,-175.0,0.419,-0.769,-0.629
3588.58,-80.0,957.0,-175.0,0.419,-0.699,-0.49
3588.77,-81.0,958.0,-176.0,0.49,-0.769,-0.56
3588.95,-80.0,957.0,-176.0,0.349,-0.769,-0.56
3589.13,-79.0,956.0,-176.0,0.419,-0.699,-0.56
3589.31,-80.0,957.0,-175.0,0.349,-0.769,-0.56
3589.49,-79.0,956.0,-176.0,0.349,-0.769,-0.49
3589.68,-81.0,958.0,-175.0,0.349,-0.769,-0.56
3589.86,-81.0,958.0,-176.0,0.49,-0.699,-0.629
3590.4,-79.0,957.0,-176.0,0.349,-0.839,-0.56
3590.22,-81.0,957.0,-175.0,0.49,-0.769,-0.49
3590.41,-80.0,958.0,-176.0,0.349,-0.769,-0.56
3590.59,-80.0,958.0,-176.0,0.419,-0.699,-0.56
3590.77,-79.0,956.0,-176.0,0.419,-0.769,-0.629
3591.68,-81.0,956.0,-176.0,0.419,-0.699,-0.49
3591.86,-80.0,956.0,-176.0,0.49,-0.769,-0.56
3592.5,-79.0,957.0,-176.0,0.419,-0.699,-0.56
3592.23,-81.0,957.0,-176.0,0.419,-0.629,-0.56
3592.41,-79.0,957.0,-175.0,0.349,-0.699,-0.56
3592.59,-80.0,957.0,-176.0,0.419,-0.769,-0.49
3592.78,-81.0,957.0,-175.0,0.349,-0.839,-0.56
3592.96,-79.0,956.0,-175.0,0.49,-0.769,-0.49
3593.14,-81.0,958.0,-176.0,0.419,-0.699,-0.49
3593.32,-79.0,957.0,-176.0,0.419,-0.769,-0.56
3593.5,-80.0,957.0,-177.0,0.419,-0.769,-0.629
3593.69,-80.0,957.0,-177.0,0.349,-0.769,-0.56
3593.87,-79.0,957.0,-177.0,0.419,-0.769,-0.56
3594.5,-79.0,957.0,-177.0,0.419,-0.769,-0.49
3594.23,-80.0,957.0,-176.0,0.49,-0.769,-0.56
3594.42,-80.0,957.0,-176.0,0.349,-0.699,-0.629
3594.6,-80.0,957.0,-175.0,0.49,-0.769,-0.56
3594.78,-80.0,957.0,-175.0,0.419,-0.839,-0.56
3594.96,-80.0,957.0,-175.0,0.49,-0.769,-0.629
3595.14,-79.0,957.0,-175.0,0.419,-0.769,-0.49
3595.33,-80.0,957.0,-175.0,0.419,-0.769,-0.56
3595.51,-81.0,956.0,-176.0,0.419,-0.769,-0.56
3595.69,-80.0,958.0,-175.0,0.419,-0.769,-0.56
3595.87,-79.0,957.0,-175.0,0.49,-0.769,-0.49
3596.6,-80.0,958.0,-175.0,0.49,-0.769,-0.56
3596.24,-79.0,957.0,-176.0,0.419,-0.699,-0.49
3596.42,-81.0,958.0,-175.0,0.349,-0.769,-0.56
3596.6,-80.0,957.0,-176.0,0.349,-0.769,-0.49
3596.79,-80.0,957.0,-176.0,0.419,-0.699,-0.56
3596.97,-79.0,957.0,-174.0,0.419,-0.699,-0.49
3597.15,-81.0,957.0,-176.0,0.419,-0.769,-0.56
3597.33,-80.0,957.0,-176.0,0.49,-0.699,-0.49
3597.51,-80.0,957.0,-175.0,0.349,-0.769,-0.49
3597.7,-79.0,958.0,-176.0,0.419,-0.699,-0.49
3597.88,-80.0,956.0,-176.0,0.419,-0.699,-0.56
3598.6,-80.0,957.0,-175.0,0.49,-0.839,-0.56
3598.24,-79.0,957.0,-175.0,0.419,-0.699,-0.56
3598.43,-80.0,957.0,-175.0,0.419,-0.769,-0.56
3598.61,-81.0,957.0,-175.0,0.419,-0.769,-0.629
3598.79,-81.0,957.0,-174.0,0.49,-0.699,-0.56
3598.97,-80.0,957.0,-174.0,0.419,-0.769,-0.56
3599.16,-80.0,956.0,-175.0,0.419,-0.699,-0.56
3599.34,-81.0,958.0,-175.0,0.56,-0.699,-0.56
3599.52,-81.0,958.0,-174.0,0.349,-0.839,-0.56
3599.7,-80.0,957.0,-175.0,0.419,-0.699,-0.49
3599.88,-80.0,957.0,-175.0,0.419,-0.769,-0.56
3600.7,-79.0,956.0,-176.0,0.49,-0.769,-0.49
3600.25,-81.0,957.0,-175.0,0.49,-0.769,-0.49
3600.43,-80.0,957.0,-175.0,0.419,-0.699,-0.49
3600.61,-80.0,957.0,-175.0,0.419,-0.699,-0.56
3600.8,-80.0,957.0,-176.0,0.49,-0.699,-0.49
3600.98,-81.0,958.0,-174.0,0.419,-0.769,-0.56
3601.16,-79.0,956.0,-175.0,0.49,-0.699,-0.56
3601.34,-81.0,958.0,-175.0,0.419,-0.699,-0.49
3601.53,-81.0,956.0,-175.0,0.419,-0.699,-0.56
3601.71,-81.0,957.0,-175.0,0.419,-0.699,-0.56
3601.89,-80.0,957.0,-176.0,0.419,-0.769,-0.56
3602.7,-80.0,958.0,-175.0,0.419,-0.699,-0.49
3602.25,-81.0,956.0,-175.0,0.349,-0.699,-0.56
3602.44,-81.0,958.0,-175.0,0.419,-0.769,-0.56
3602.62,-79.0,957.0,-175.0,0.349,-0.769,-0.56
3602.8,-81.0,957.0,-176.0,0.419,-0.769,-0.56
3602.98,-80.0,957.0,-175.0,0.419,-0.769,-0.49
3603.17,-81.0,957.0,-175.0,0.419,-0.769,-0.629
3603.35,-79.0,956.0,-175.0,0.419,-0.699,-0.49
3603.53,-80.0,958.0,-175.0,0.49,-0.769,-0.49
3603.71,-80.0,958.0,-175.0,0.419,-0.699,-0.56
3603.9,-81.0,958.0,-175.0,0.419,-0.769,-0.629
3604.8,-79.0,957.0,-174.0,0.419,-0.629,-0.56
3604.26,-82.0,958.0,-175.0,0.419,-0.699,-0.56
3604.44,-80.0,956.0,-175.0,0.419,-0.699,-0.56
3604.62,-81.0,956.0,-176.0,0.49,-0.699,-0.49
3604.81,-80.0,957.0,-174.0,0.349,-0.769,-0.56
3604.99,-79.0,956.0,-176.0,0.419,-0.699,-0.49
3605.17,-81.0,958.0,-175.0,0.349,-0.839,-0.56
3605.35,-80.0,956.0,-175.0,0.349,-0.769,-0.56
3605.54,-80.0,957.0,-175.0,0.349,-0.839,-0.629
3605.72,-79.0,956.0,-176.0,0.419,-0.769,-0.629
3605.9,-79.0,956.0,-175.0,0.419,-0.699,-0.56
3606.8,-79.0,956.0,-176.0,0.419,-0.769,-0.56
3606.26,-81.0,957.0,-175.0,0.419,-0.699,-0.56
3606.45,-81.0,956.0,-175.0,0.349,-0.91,-0.56
3606.63,-79.0,957.0,-175.0,0.349,-0.839,-0.49
3606.81,-80.0,957.0,-176.0,0.349,-0.769,-0.56
3606.99,-79.0,957.0,-176.0,0.419,-0.769,-0.56
3607.18,-80.0,957.0,-176.0,0.419,-0.769,-0.56
3607.36,-81.0,956.0,-176.0,0.419,-0.699,-0.49
3607.54,-79.0,956.0,-176.0,0.419,-0.699,-0.629
3607.72,-80.0,957.0,-175.0,0.419,-0.699,-0.56
3607.91,-80.0,957.0,-176.0,0.419,-0.769,-0.56
3608.9,-80.0,956.0,-177.0,0.419,-0.769,-0.49
3608.27,-80.0,958.0,-175.0,0.419,-0.769,-0.629
3608.45,-79.0,956.0,-176.0,0.419,-0.699,-0.49
3608.63,-79.0,957.0,-178.0,0.49,-0.699,-0.49
3608.82,-80.0,957.0,-176.0,0.49,-0.699,-0.629
3609.0,-79.0,957.0,-176.0,0.419,-0.699,-0.49
3609.18,-79.0,957.0,-175.0,0.419,-0.769,-0.56
3609.36,-80.0,957.0,-176.0,0.49,-0.699,-0.56
3609.55,-81.0,957.0,-176.0,0.349,-0.769,-0.49
3609.73,-79.0,956.0,-177.0,0.419,-0.769,-0.49
3609.91,-81.0,956.0,-176.0,0.49,-0.699,-0.49
3610.9,-80.0,957.0,-176.0,0.419,-0.769,-0.56
3610.28,-79.0,956.0,-176.0,0.349,-0.629,-0.419
3612.28,-81.0,958.0,-175.0,0.419,-0.839,-0.56
3612.46,-78.0,957.0,-175.0,0.419,-0.699,-0.49
3612.65,-83.0,958.0,-176.0,0.56,-0.699,-0.49
3612.83,-79.0,956.0,-176.0,0.419,-0.769,-0.56
3613.1,-82.0,956.0,-176.0,0.56,-0.699,-0.49
3613.19,-79.0,957.0,-175.0,0.28,-0.769,-0.56
3613.37,-81.0,956.0,-176.0,0.49,-0.56,-0.349
3613.56,-83.0,959.0,-174.0,0.419,-0.91,-0.769
3613.74,-77.0,956.0,-175.0,0.349,-0.629,-0.49
3613.92,-83.0,958.0,-176.0,0.49,-0.769,-0.56
3614.1,-79.0,955.0,-176.0,0.419,-0.839,-0.56
3614.29,-82.0,958.0,-175.0,0.49,-0.769,-0.49
3614.47,-79.0,956.0,-176.0,0.419,-0.769,-0.56
3614.65,-82.0,957.0,-176.0,0.419,-0.839,-0.629
3614.83,-80.0,956.0,-176.0,0.419,-0.699,-0.49
3615.2,-82.0,958.0,-175.0,0.419,-0.699,-0.629
3615.2,-79.0,957.0,-175.0,0.349,-0.839,-0.49
3615.38,-81.0,958.0,-176.0,0.419,-0.769,-0.49
3615.56,-81.0,957.0,-174.0,0.419,-0.769,-0.56
3615.75,-81.0,957.0,-176.0,0.49,-0.769,-0.56
3619.76,-81.0,958.0,-176.0,0.49,-0.769,-0.629
3619.94,-80.0,958.0,-176.0,0.419,-0.699,-0.56
3620.12,-81.0,957.0,-176.0,0.419,-0.769,-0.56
3620.3,-79.0,957.0,-176.0,0.28,-0.769,-0.629
3620.49,-81.0,958.0,-177.0,0.49,-0.629,-0.56
3620.67,-80.0,957.0,-177.0,0.56,-0.699,-0.56
3620.85,-80.0,957.0,-177.0,0.419,-0.699,-0.56
3621.3,-81.0,957.0,-177.0,0.49,-0.699,-0.56
3621.21,-79.0,956.0,-178.0,0.419,-0.769,-0.56
3621.4,-79.0,957.0,-177.0,0.419,-0.769,-0.56
3621.58,-81.0,957.0,-176.0,0.349,-0.629,-0.629
3621.76,-80.0,956.0,-176.0,0.49,-0.769,-0.629
3621.94,-79.0,956.0,-175.0,0.349,-0.769,-0.49
3622.13,-82.0,958.0,-175.0,0.419,-0.839,-0.56
3622.31,-78.0,955.0,-176.0,0.419,-0.699,-0.49
3622.49,-82.0,958.0,-176.0,0.419,-0.769,-0.629
3623.58,-80.0,958.0,-175.0,0.419,-0.699,-0.56
3623.77,-79.0,956.0,-177.0,0.419,-0.699,-0.56
3623.95,-81.0,958.0,-176.0,0.419,-0.699,-0.56
3624.13,-81.0,957.0,-175.0,0.419,-0.91,-0.629
3624.31,-80.0,956.0,-176.0,0.349,-0.769,-0.56
3624.5,-79.0,958.0,-175.0,0.419,-0.769,-0.49
3624.68,-82.0,957.0,-175.0,0.49,-0.699,-0.49
3624.86,-81.0,958.0,-176.0,0.49,-0.839,-0.629
3625.4,-80.0,957.0,-176.0,0.419,-0.699,-0.49
3625.22,-82.0,957.0,-176.0,0.419,-0.769,-0.699
3625.41,-80.0,958.0,-176.0,0.49,-0.699,-0.49
3625.59,-81.0,957.0,-175.0,0.419,-0.699,-0.56
3625.77,-81.0,956.0,-176.0,0.419,-0.769,-0.629
3625.95,-81.0,957.0,-177.0,0.419,-0.769,-0.56
3626.14,-79.0,957.0,-176.0,0.349,-0.769,-0.49
3627.23,-81.0,957.0,-176.0,0.49,-0.699,-0.56
3627.41,-80.0,957.0,-175.0,0.28,-0.769,-0.629
3627.59,-79.0,956.0,-176.0,0.49,-0.629,-0.49
3627.78,-80.0,957.0,-176.0,0.419,-0.769,-0.629
3627.96,-79.0,957.0,-176.0,0.49,-0.699,-0.49
3628.14,-81.0,957.0,-176.0,0.419,-0.769,-0.629
3628.32,-78.0,956.0,-176.0,0.28,-0.769,-0.629
3628.51,-80.0,957.0,-178.0,0.49,-0.699,-0.56
3628.69,-80.0,957.0,-177.0,0.349,-0.769,-0.56
3628.87,-81.0,956.0,-177.0,0.419,-0.769,-0.56
3629.5,-81.0,957.0,-175.0,0.419,-0.769,-0.56
3629.23,-79.0,957.0,-178.0,0.49,-0.699,-0.56
3629.42,-82.0,956.0,-177.0,0.49,-0.769,-0.629
3629.6,-79.0,957.0,-177.0,0.419,-0.839,-0.56
3629.78,-79.0,957.0,-177.0,0.49,-0.699,-0.56
3629.96,-78.0,956.0,-177.0,0.349,-0.699,-0.56
3630.15,-80.0,956.0,-177.0,0.419,-0.699,-0.56
3631.6,-80.0,957.0,-176.0,0.49,-0.839,-0.49
3631.24,-80.0,958.0,-176.0,0.349,-0.699,-0.56
3631.42,-81.0,957.0,-176.0,0.49,-0.769,-0.56
3631.6,-79.0,956.0,-176.0,0.419,-0.699,-0.49
3631.79,-80.0,956.0,-176.0,0.419,-0.699,-0.56
3631.97,-79.0,957.0,-175.0,0.419,-0.769,-0.56
3632.15,-80.0,957.0,-176.0,0.419,-0.699,-0.56
3632.33,-81.0,958.0,-175.0,0.56,-0.699,-0.629
3632.52,-79.0,956.0,-176.0,0.419,-0.769,-0.56
3632.7,-81.0,957.0,-176.0,0.49,-0.769,-0.56
3632.88,-80.0,957.0,-176.0,0.419,-0.769,-0.56
3633.6,-81.0,958.0,-175.0,0.419,-0.769,-0.56
3633.25,-79.0,956.0,-176.0,0.419,-0.629,-0.56
3633.43,-81.0,958.0,-176.0,0.49,-0.699,-0.56
3633.61,-80.0,956.0,-176.0,0.349,-0.769,-0.56
3633.79,-81.0,957.0,-175.0,0.419,-0.699,-0.49
3633.97,-80.0,957.0,-176.0,0.349,-0.699,-0.56
3634.16,-81.0,958.0,-175.0,0.419,-0.769,-0.49
3634.34,-78.0,956.0,-176.0,0.419,-0.769,-0.56
3634.52,-80.0,958.0,-175.0,0.419,-0.769,-0.49
3634.7,-80.0,956.0,-177.0,0.419,-0.839,-0.56
3634.89,-81.0,958.0,-176.0,0.419,-0.769,-0.56
3635.7,-80.0,957.0,-176.0,0.349,-0.769,-0.49
3635.25,-81.0,958.0,-177.0,0.56,-0.769,-0.56
3635.43,-79.0,956.0,-176.0,0.419,-0.769,-0.56
3635.61,-82.0,958.0,-177.0,0.419,-0.769,-0.629
3635.8,-79.0,957.0,-176.0,0.349,-0.769,-0.56
3635.98,-80.0,958.0,-177.0,0.419,-0.769,-0.56
3636.16,-79.0,958.0,-177.0,0.419,-0.769,-0.49
3636.34,-82.0,958.0,-176.0,0.419,-0.769,-0.56
3636.53,-78.0,958.0,-176.0,0.419,-0.699,-0.629
3636.71,-81.0,957.0,-177.0,0.419,-0.629,-0.49
3636.89,-79.0,957.0,-176.0,0.419,-0.769,-0.629
3637.7,-79.0,957.0,-176.0,0.49,-0.699,-0.49
3637.26,-81.0,957.0,-176.0,0.349,-0.769,-0.56
3637.44,-81.0,957.0,-176.0,0.349,-0.699,-0.49
3637.62,-79.0,957.0,-175.0,0.419,-0.839,-0.56
3637.8,-81.0,957.0,-176.0,0.49,-0.629,-0.49
3637.98,-80.0,957.0,-176.0,0.419,-0.839,-0.629
3638.17,-78.0,956.0,-177.0,0.49,-0.699,-0.56
3638.35,-81.0,957.0,-176.0,0.49,-0.699,-0.419
3638.53,-81.0,957.0,-177.0,0.419,-0.699,-0.49
3638.71,-80.0,957.0,-176.0,0.419,-0.699,-0.56
3638.9,-82.0,958.0,-175.0,0.419,-0.629,-0.49
3639.8,-79.0,957.0,-176.0,0.419,-0.769,-0.56
3639.26,-79.0,957.0,-175.0,0.419,-0.699,-0.419
3639.44,-81.0,957.0,-175.0,0.419,-0.769,-0.56
3639.63,-80.0,958.0,-176.0,0.419,-0.769,-0.56
3639.81,-81.0,958.0,-176.0,0.49,-0.769,-0.56
3639.99,-79.0,956.0,-176.0,0.419,-0.699,-0.49
3640.17,-82.0,957.0,-176.0,0.419,-0.699,-0.49
3640.35,-80.0,957.0,-176.0,0.419,-0.769,-0.629
3642.18,-81.0,957.0,-176.0,0.49,-0.699,-0.49
3642.36,-81.0,957.0,-176.0,0.349,-0.839,-0.629
3642.54,-79.0,957.0,-175.0,0.49,-0.769,-0.49
3642.72,-79.0,957.0,-175.0,0.419,-0.769,-0.56
3642.91,-80.0,956.0,-176.0,0.49,-0.699,-0.419
3643.9,-83.0,958.0,-174.0,0.419,-0.839,-0.56
3643.27,-79.0,956.0,-176.0,0.349,-0.839,-0.629
3643.45,-80.0,957.0,-176.0,0.419,-0.699,-0.419
3643.63,-82.0,958.0,-175.0,0.419,-0.769,-0.629
3643.82,-79.0,956.0,-176.0,0.349,-0.769,-0.629
3644.0,-81.0,956.0,-176.0,0.49,-0.629,-0.49
3644.18,-81.0,958.0,-174.0,0.349,-0.839,-0.49
3650.2,-82.0,957.0,-176.0,0.49,-0.769,-0.56
3650.38,-79.0,957.0,-176.0,0.419,-0.769,-0.56
3650.56,-81.0,957.0,-176.0,0.49,-0.699,-0.49
3650.74,-79.0,958.0,-176.0,0.419,-0.769,-0.629
3650.93,-79.0,957.0,-176.0,0.419,-0.699,-0.419
3651.11,-81.0,958.0,-175.0,0.419,-0.769,-0.56
3651.29,-80.0,957.0,-176.0,0.419,-0.699,-0.49
3651.47,-81.0,957.0,-176.0,0.419,-0.769,-0.56
3651.65,-80.0,957.0,-176.0,0.419,-0.699,-0.56
3651.84,-81.0,957.0,-177.0,0.419,-0.769,-0.49
3652.2,-79.0,956.0,-177.0,0.349,-0.769,-0.629
3652.2,-80.0,957.0,-177.0,0.419,-0.699,-0.49
3652.38,-81.0,957.0,-176.0,0.49,-0.769,-0.629
3652.57,-79.0,957.0,-176.0,0.349,-0.769,-0.56
3652.75,-81.0,957.0,-176.0,0.419,-0.699,-0.49
3652.93,-81.0,957.0,-177.0,0.419,-0.769,-0.56
3653.11,-79.0,957.0,-176.0,0.419,-0.699,-0.56
3653.29,-81.0,958.0,-177.0,0.49,-0.699,-0.56
3653.48,-81.0,958.0,-176.0,0.419,-0.769,-0.629
3653.66,-81.0,957.0,-177.0,0.419,-0.699,-0.49
3653.84,-81.0,958.0,-176.0,0.419,-0.91,-0.629
3654.2,-78.0,957.0,-177.0,0.419,-0.699,-0.629
3654.21,-80.0,957.0,-175.0,0.419,-0.629,-0.49
3654.39,-82.0,958.0,-176.0,0.419,-0.769,-0.629
3654.57,-79.0,957.0,-176.0,0.49,-0.769,-0.629
3654.75,-79.0,957.0,-175.0,0.419,-0.769,-0.49
3654.94,-80.0,957.0,-175.0,0.419,-0.699,-0.49
3655.12,-81.0,957.0,-175.0,0.419,-0.769,-0.56
3655.3,-80.0,957.0,-175.0,0.419,-0.769,-0.56
3655.48,-80.0,957.0,-176.0,0.419,-0.699,-0.49
3655.66,-81.0,956.0,-177.0,0.49,-0.769,-0.56
3657.3,-80.0,958.0,-176.0,0.49,-0.839,-0.56
3657.49,-79.0,957.0,-177.0,0.349,-0.699,-0.56
3657.67,-82.0,957.0,-177.0,0.49,-0.699,-0.56
3657.85,-79.0,957.0,-176.0,0.419,-0.91,-0.629
3658.3,-79.0,956.0,-177.0,0.49,-0.629,-0.49
3658.22,-84.0,958.0,-177.0,0.419,-0.699,-0.629
3658.4,-78.0,957.0,-176.0,0.349,-0.769,-0.56
3658.58,-81.0,957.0,-176.0,0.419,-0.699,-0.49
3658.76,-80.0,957.0,-176.0,0.419,-0.839,-0.629
3658.95,-79.0,957.0,-177.0,0.419,-0.699,-0.49
3659.13,-81.0,957.0,-177.0,0.49,-0.769,-0.56
3659.31,-82.0,956.0,-176.0,0.49,-0.769,-0.49
3664.78,-78.0,957.0,-175.0,0.349,-0.769,-0.56
3664.96,-82.0,958.0,-176.0,0.49,-0.699,-0.56
3665.14,-78.0,957.0,-176.0,0.419,-0.839,-0.629
3665.32,-81.0,958.0,-176.0,0.49,-0.699,-0.49
3665.51,-80.0,957.0,-176.0,0.419,-0.769,-0.629
3665.69,-81.0,957.0,-176.0,0.419,-0.699,-0.56
3665.87,-79.0,957.0,-175.0,0.419,-0.769,-0.629
3666.5,-79.0,957.0,-176.0,0.419,-0.629,-0.49
3666.24,-81.0,958.0,-176.0,0.419,-0.699,-0.629
3666.42,-78.0,956.0,-175.0,0.349,-0.769,-0.56
3666.6,-79.0,957.0,-175.0,0.419,-0.699,-0.56
3666.78,-81.0,958.0,-175.0,0.49,-0.699,-0.56
3666.97,-80.0,957.0,-174.0,0.419,-0.699,-0.56
3667.15,-80.0,958.0,-175.0,0.49,-0.769,-0.56
3667.33,-80.0,957.0,-176.0,0.349,-0.699,-0.56
3667.51,-79.0,957.0,-176.0,0.419,-0.839,-0.56
3667.69,-79.0,957.0,-176.0,0.419,-0.769,-0.49
3667.88,-80.0,957.0,-177.0,0.419,-0.699,-0.49
3668.6,-80.0,956.0,-177.0,0.419,-0.839,-0.49
3668.24,-79.0,957.0,-177.0,0.349,-0.699,-0.56
3668.42,-80.0,957.0,-176.0,0.419,-0.769,-0.56
3668.61,-79.0,957.0,-176.0,0.419,-0.839,-0.56
3668.79,-80.0,957.0,-176.0,0.419,-0.699,-0.49
3668.97,-81.0,957.0,-176.0,0.28,-0.769,-0.56
3669.15,-80.0,957.0,-177.0,0.49,-0.699,-0.49
3669.34,-80.0,957.0,-176.0,0.349,-0.769,-0.49
3669.52,-81.0,957.0,-176.0,0.349,-0.699,-0.56
3669.7,-80.0,956.0,-176.0,0.28,-0.769,-0.56
3669.88,-81.0,957.0,-175.0,0.419,-0.769,-0.49
3670.6,-80.0,957.0,-176.0,0.349,-0.769,-0.56
3670.25,-80.0,958.0,-175.0,0.419,-0.769,-0.629
3670.43,-77.0,956.0,-177.0,0.28,-0.699,-0.419
3670.61,-83.0,958.0,-176.0,0.49,-0.699,-0.49
3670.79,-80.0,957.0,-175.0,0.349,-0.769,-0.56
3670.98,-79.0,956.0,-176.0,0.28,-0.699,-0.56
3671.16,-82.0,958.0,-175.0,0.49,-0.629,-0.49
3671.34,-83.0,959.0,-175.0,0.419,-0.839,-0.769
3671.52,-75.0,955.0,-175.0,0.349,-0.699,-0.49
3671.71,-84.0,958.0,-176.0,0.56,-0.629,-0.349
3671.89,-81.0,959.0,-175.0,0.28,-0.98,-0.769
3672.7,-78.0,956.0,-178.0,0.49,-0.629,-0.49
3672.25,-81.0,958.0,-174.0,0.349,-0.699,-0.629
3672.43,-81.0,958.0,-174.0,0.209,-0.769,-0.56
3672.62,-81.0,958.0,-174.0,0.349,-0.699,-0.629
3672.8,-79.0,959.0,-174.0,0.419,-0.769,-0.49
3672.98,-82.0,959.0,-176.0,0.699,-0.699,-0.629
3673.16,-82.0,958.0,-175.0,0.699,-0.91,-0.699
3673.35,-77.0,957.0,-176.0,0.49,-0.699,-0.56
3673.53,-84.0,954.0,-178.0,0.699,-0.629,-0.349
3673.71,-84.0,958.0,-177.0,0.49,-0.91,-0.769
3673.89,-80.0,958.0,-176.0,0.49,-0.49,-0.629
3674.7,-81.0,955.0,-178.0,0.49,-0.49,-0.629
3674.26,-83.0,958.0,-176.0,0.419,-0.769,-0.629
3674.44,-79.0,955.0,-176.0,0.349,-0.769,-0.629
3674.62,-80.0,957.0,-175.0,0.419,-0.699,-0.419
3674.8,-80.0,959.0,-177.0,0.419,-0.769,-0.56
3674.99,-81.0,956.0,-177.0,0.56,-0.699,-0.419
3675.17,-83.0,958.0,-177.0,0.419,-0.98,-0.769
3675.35,-76.0,956.0,-176.0,0.49,-0.56,-0.349
3675.53,-85.0,957.0,-178.0,0.349,-0.699,-0.629
3675.71,-82.0,958.0,-176.0,0.49,-0.839,-0.699
3675.9,-76.0,959.0,-175.0,0.28,-0.699,-0.629
3676.8,-82.0,957.0,-178.0,0.419,-0.769,-0.419
3676.26,-79.0,958.0,-177.0,0.419,-0.769,-0.56
3676.44,-81.0,958.0,-178.0,0.349,-0.769,-0.49
3676.63,-76.0,955.0,-175.0,0.209,-0.769,-0.699
3676.81,-84.0,958.0,-177.0,0.419,-0.629,-0.28
3676.99,-83.0,963.0,-171.0,0.14,-1.12,-1.12
3677.36,-94.0,965.0,-172.0,0.419,-0.839,-0.769
3677.54,-69.0,955.0,-176.0,0.419,-0.98,-0.56
3677.72,-89.0,958.0,-176.0,0.91,-0.769,-0.419
3677.9,-74.0,955.0,-176.0,0.349,-0.91,-0.699
3678.8,-91.0,959.0,-179.0,0.629,-0.56,-0.56
3678.27,-73.0,955.0,-178.0,0.349,-1.049,-0.98
3678.45,-82.0,956.0,-176.0,0.839,-0.07,-0.209
3678.81,-84.0,958.0,-180.0,0.91,-0.629,-0.49
3679.0,-75.0,958.0,-175.0,0.28,-1.19,-0.91
3679.18,-84.0,956.0,-179.0,0.769,-0.419,-0.419
3679.36,-79.0,958.0,-176.0,0.419,-0.699,-0.839
3679.54,-85.0,956.0,-179.0,0.629,-0.56,-0.419
3679.73,-77.0,958.0,-174.0,0.349,-0.98,-0.91
3679.91,-82.0,958.0,-172.0,0.629,-0.349,-0.28
3680.9,-85.0,961.0,-174.0,0.28,-0.839,-1.12
3680.27,-74.0,956.0,-176.0,0.769,-0.49,-0.49
3680.45,-84.0,960.0,-172.0,0.699,-0.769,-0.629
3680.64,-77.0,956.0,-176.0,0.349,-0.91,-0.699
3680.82,-82.0,954.0,-177.0,0.56,-0.699,-0.419
3681.0,-80.0,956.0,-177.0,0.349,-0.769,-0.769
3681.18,-82.0,954.0,-179.0,0.49,-0.349,-0.419
3681.37,-78.0,957.0,-175.0,0.28,-0.91,-0.91
3681.55,-75.0,955.0,-177.0,0.419,-0.49,-0.209
3681.73,-87.0,961.0,-175.0,0.209,-0.91,-0.839
3681.91,-73.0,956.0,-174.0,0.49,-0.629,-0.49
3682.9,-85.0,962.0,-175.0,0.49,-0.699,-0.629
3682.28,-76.0,955.0,-177.0,0.49,-0.839,-0.56
3685.92,-80.0,957.0,-178.0,0.349,-0.699,-0.56
3686.1,-80.0,956.0,-178.0,0.349,-0.699,-0.629
3686.29,-81.0,959.0,-177.0,0.419,-0.699,-0.629
3686.47,-80.0,958.0,-176.0,0.419,-0.769,-0.629
3686.65,-80.0,957.0,-176.0,0.419,-0.699,-0.49
3686.83,-82.0,958.0,-176.0,0.419,-0.769,-0.629
3687.1,-80.0,957.0,-177.0,0.419,-0.839,-0.56
3687.2,-80.0,956.0,-176.0,0.349,-0.699,-0.49
3687.38,-81.0,958.0,-177.0,0.419,-0.769,-0.56
3687.56,-80.0,957.0,-177.0,0.49,-0.769,-0.49
3687.74,-79.0,957.0,-177.0,0.349,-0.769,-0.56
3687.93,-80.0,957.0,-177.0,0.419,-0.769,-0.49
3688.11,-80.0,958.0,-178.0,0.49,-0.769,-0.629
3688.29,-79.0,957.0,-177.0,0.349,-0.769,-0.56
3688.47,-79.0,957.0,-178.0,0.49,-0.769,-0.56
3688.65,-80.0,956.0,-178.0,0.49,-0.699,-0.49
3688.84,-82.0,957.0,-176.0,0.419,-0.769,-0.56
3689.2,-79.0,957.0,-176.0,0.419,-0.839,-0.629
3689.2,-78.0,957.0,-177.0,0.419,-0.699,-0.49
3689.38,-83.0,958.0,-176.0,0.349,-0.699,-0.629
3689.57,-79.0,957.0,-177.0,0.49,-0.699,-0.56
3689.75,-80.0,957.0,-176.0,0.49,-0.769,-0.49
3689.93,-81.0,957.0,-177.0,0.49,-0.699,-0.56
3690.11,-80.0,956.0,-176.0,0.419,-0.769,-0.629
3690.29,-80.0,956.0,-176.0,0.349,-0.699,-0.56
3690.48,-80.0,957.0,-177.0,0.419,-0.769,-0.49
3690.66,-80.0,957.0,-175.0,0.49,-0.769,-0.49
3690.84,-81.0,958.0,-175.0,0.349,-0.839,-0.56
3691.2,-80.0,956.0,-177.0,0.419,-0.629,-0.419
3691.21,-81.0,958.0,-176.0,0.419,-0.839,-0.56
3691.39,-78.0,956.0,-176.0,0.349,-0.699,-0.49
3691.57,-82.0,958.0,-177.0,0.56,-0.699,-0.56
3691.75,-78.0,957.0,-176.0,0.349,-0.699,-0.56
3691.94,-81.0,956.0,-177.0,0.49,-0.629,-0.419
3692.12,-79.0,957.0,-175.0,0.419,-0.769,-0.56
3692.3,-80.0,957.0,-176.0,0.349,-0.769,-0.49
3692.48,-80.0,958.0,-176.0,0.419,-0.769,-0.629
3692.66,-80.0,957.0,-176.0,0.49,-0.769,-0.49
3693.76,-80.0,958.0,-176.0,0.419,-0.629,-0.419
3693.94,-80.0,955.0,-176.0,0.349,-0.699,-0.56
3694.12,-81.0,958.0,-176.0,0.349,-0.839,-0.629
3694.3,-77.0,957.0,-176.0,0.419,-0.699,-0.419
3694.49,-81.0,957.0,-175.0,0.419,-0.769,-0.56
3694.67,-78.0,956.0,-177.0,0.419,-0.699,-0.49
3694.85,-81.0,957.0,-177.0,0.419,-0.769,-0.56
3695.3,-78.0,957.0,-177.0,0.349,-0.769,-0.629
3695.22,-81.0,959.0,-176.0,0.49,-0.699,-0.56
3695.4,-76.0,955.0,-176.0,0.28,-0.699,-0.56
3695.58,-82.0,958.0,-175.0,0.49,-0.769,-0.419
3700.87,-79.0,959.0,-175.0,0.49,-0.769,-0.49
3701.5,-81.0,956.0,-179.0,0.49,-0.769,-0.49
3701.23,-79.0,958.0,-177.0,0.49,-0.839,-0.629
3701.41,-79.0,956.0,-177.0,0.49,-0.699,-0.419
3701.6,-81.0,958.0,-177.0,0.419,-0.769,-0.699
3701.78,-79.0,956.0,-177.0,0.419,-0.629,-0.419
3701.96,-84.0,958.0,-177.0,0.419,-0.699,-0.56
3702.14,-79.0,956.0,-175.0,0.349,-0.699,-0.56
3702.32,-81.0,957.0,-176.0,0.419,-0.699,-0.56
3702.51,-79.0,957.0,-175.0,0.349,-0.839,-0.629
3702.69,-81.0,957.0,-175.0,0.49,-0.56,-0.419
3702.87,-85.0,959.0,-174.0,0.349,-0.839,-0.699
3703.5,-77.0,954.0,-177.0,0.419,-0.629,-0.49
3703.24,-84.0,959.0,-175.0,0.419,-0.769,-0.699
3703.42,-76.0,953.0,-178.0,0.419,-0.629,-0.49
3703.6,-87.0,960.0,-175.0,0.49,-0.839,-0.699
3703.78,-75.0,957.0,-175.0,0.349,-0.91,-0.699
3703.97,-83.0,957.0,-176.0,0.56,-0.56,-0.349
3704.15,-84.0,960.0,-175.0,0.419,-0.98,-0.769
3704.33,-77.0,954.0,-176.0,0.49,-0.49,-0.419
3704.51,-86.0,959.0,-175.0,0.419,-0.91,-0.769
3704.69,-75.0,955.0,-177.0,0.419,-0.629,-0.49
3704.88,-86.0,958.0,-175.0,0.419,-0.699,-0.56
3705.6,-77.0,957.0,-176.0,0.349,-0.839,-0.629
3705.24,-81.0,956.0,-176.0,0.419,-0.56,-0.419
3705.42,-83.0,959.0,-175.0,0.419,-0.91,-0.769
3705.61,-78.0,957.0,-176.0,0.49,-0.769,-0.49
3705.79,-82.0,958.0,-176.0,0.419,-0.839,-0.699
3705.97,-79.0,955.0,-176.0,0.49,-0.699,-0.56
3706.15,-81.0,958.0,-177.0,0.49,-0.839,-0.699
3706.34,-81.0,958.0,-176.0,0.419,-0.769,-0.699
3706.52,-79.0,954.0,-177.0,0.349,-0.699,-0.629
3706.7,-82.0,958.0,-176.0,0.419,-0.769,-0.56
3706.88,-77.0,958.0,-174.0,0.28,-0.839,-0.629
3707.6,-82.0,958.0,-175.0,0.56,-0.699,-0.419
3707.25,-80.0,961.0,-174.0,0.419,-1.049,-0.769
3707.43,-77.0,955.0,-175.0,0.56,-0.629,-0.349
3707.61,-82.0,959.0,-175.0,0.49,-0.769,-0.56
3707.79,-77.0,956.0,-176.0,0.419,-0.629,-0.49
3707.98,-81.0,956.0,-177.0,0.49,-0.699,-0.56
3708.16,-77.0,957.0,-175.0,0.419,-0.769,-0.49
3708.34,-81.0,954.0,-176.0,0.349,-0.56,-0.49
3708.52,-81.0,957.0,-175.0,0.28,-0.91,-0.769
3708.7,-76.0,956.0,-175.0,0.349,-0.629,-0.49
3708.89,-84.0,959.0,-174.0,0.349,-0.769,-0.56
3709.7,-80.0,957.0,-177.0,0.49,-0.839,-0.629
3709.25,-81.0,957.0,-177.0,0.49,-0.699,-0.49
3709.43,-83.0,958.0,-177.0,0.49,-0.769,-0.56
3709.62,-80.0,955.0,-178.0,0.49,-0.699,-0.49
3709.8,-83.0,958.0,-175.0,0.349,-0.839,-0.49
3709.98,-78.0,958.0,-176.0,0.49,-0.56,-0.349
3710.16,-81.0,958.0,-175.0,0.349,-0.699,-0.629
3710.35,-76.0,957.0,-175.0,0.49,-0.699,-0.49
3710.53,-80.0,957.0,-175.0,0.419,-0.629,-0.419
3710.71,-81.0,957.0,-176.0,0.419,-0.91,-0.629
3710.89,-76.0,955.0,-175.0,0.419,-0.629,-0.419
3711.7,-84.0,960.0,-174.0,0.28,-0.839,-0.56
3711.26,-76.0,955.0,-176.0,0.349,-0.699,-0.49
3711.44,-83.0,960.0,-173.0,0.349,-0.769,-0.629
3711.62,-78.0,955.0,-175.0,0.56,-0.629,-0.49
3711.8,-80.0,958.0,-174.0,0.419,-0.839,-0.629
3711.99,-80.0,957.0,-176.0,0.629,-0.699,-0.56
3712.17,-78.0,957.0,-175.0,0.349,-0.839,-0.629
3712.35,-81.0,957.0,-177.0,0.56,-0.49,-0.349
3712.53,-79.0,956.0,-176.0,0.28,-0.91,-0.699
3712.71,-77.0,956.0,-176.0,0.49,-0.56,-0.28
3712.9,-82.0,958.0,-175.0,0.28,-0.91,-0.629
3713.8,-76.0,956.0,-175.0,0.419,-0.769,-0.419
3713.26,-79.0,957.0,-175.0,0.49,-0.769,-0.49
3713.44,-79.0,955.0,-176.0,0.49,-0.769,-0.49
3713.63,-80.0,957.0,-176.0,0.49,-0.769,-0.49
3713.81,-79.0,956.0,-176.0,0.49,-0.699,-0.49
3713.99,-81.0,956.0,-176.0,0.419,-0.629,-0.56
3714.17,-77.0,957.0,-175.0,0.349,-0.769,-0.629
3714.35,-78.0,956.0,-175.0,0.349,-0.56,-0.419
3714.54,-80.0,958.0,-174.0,0.28,-0.91,-0.699
3714.72,-77.0,958.0,-175.0,0.419,-0.699,-0.419
3714.9,-82.0,957.0,-176.0,0.49,-0.769,-0.49
3715.8,-79.0,956.0,-176.0,0.419,-0.769,-0.49
3715.27,-80.0,957.0,-176.0,0.49,-0.769,-0.49
3715.45,-79.0,955.0,-176.0,0.419,-0.769,-0.49
3715.63,-81.0,957.0,-176.0,0.419,-0.699,-0.56
3715.81,-79.0,958.0,-176.0,0.419,-0.629,-0.49
3716.0,-80.0,958.0,-175.0,0.349,-0.769,-0.629
3716.18,-81.0,957.0,-176.0,0.349,-0.699,-0.56
3716.36,-79.0,957.0,-176.0,0.419,-0.769,-0.49
3716.54,-81.0,957.0,-176.0,0.56,-0.769,-0.49
3716.72,-80.0,956.0,-176.0,0.349,-0.839,-0.56
3716.91,-81.0,956.0,-177.0,0.49,-0.629,-0.49
3717.9,-82.0,957.0,-178.0,0.419,-0.769,-0.699
3717.27,-79.0,956.0,-177.0,0.349,-0.699,-0.49
3717.45,-81.0,957.0,-177.0,0.349,-0.769,-0.56
3717.64,-80.0,958.0,-177.0,0.419,-0.699,-0.56
3717.82,-79.0,958.0,-176.0,0.49,-0.699,-0.56
3718.0,-81.0,958.0,-177.0,0.419,-0.769,-0.56
3718.18,-80.0,957.0,-178.0,0.49,-0.769,-0.629
3718.36,-80.0,957.0,-177.0,0.49,-0.699,-0.56
3718.55,-81.0,958.0,-178.0,0.419,-0.769,-0.49
3718.73,-79.0,957.0,-178.0,0.419,-0.699,-0.56
3718.91,-80.0,956.0,-177.0,0.49,-0.699,-0.49
3719.9,-81.0,957.0,-176.0,0.419,-0.769,-0.56
3719.28,-80.0,957.0,-177.0,0.419,-0.699,-0.49
3719.64,-80.0,958.0,-176.0,0.49,-0.769,-0.629
3719.82,-80.0,957.0,-178.0,0.419,-0.699,-0.49
3720.1,-80.0,957.0,-177.0,0.49,-0.699,-0.49
3720.19,-80.0,957.0,-178.0,0.419,-0.699,-0.56
3720.37,-80.0,957.0,-177.0,0.419,-0.699,-0.56
3720.55,-79.0,957.0,-177.0,0.49,-0.769,-0.49
3720.73,-80.0,957.0,-178.0,0.349,-0.769,-0.49
3720.92,-80.0,958.0,-178.0,0.419,-0.769,-0.56
3721.1,-80.0,957.0,-177.0,0.419,-0.629,-0.49
3721.28,-80.0,958.0,-178.0,0.419,-0.769,-0.56
3721.46,-80.0,956.0,-177.0,0.419,-0.699,-0.49
3721.65,-80.0,958.0,-178.0,0.419,-0.769,-0.49
3726.93,-80.0,956.0,-177.0,0.349,-0.699,-0.49
3727.11,-80.0,957.0,-176.0,0.419,-0.699,-0.56
3727.3,-80.0,956.0,-175.0,0.419,-0.699,-0.49
3727.48,-81.0,957.0,-175.0,0.419,-0.769,-0.56
3727.66,-81.0,958.0,-175.0,0.49,-0.769,-0.56
3727.84,-80.0,957.0,-176.0,0.419,-0.699,-0.56
3728.3,-80.0,956.0,-176.0,0.419,-0.769,-0.56
3728.21,-80.0,957.0,-175.0,0.419,-0.769,-0.49
3728.39,-80.0,957.0,-176.0,0.419,-0.769,-0.56
3728.57,-79.0,957.0,-176.0,0.349,-0.699,-0.629
3728.75,-81.0,957.0,-176.0,0.419,-0.699,-0.49
3728.94,-81.0,957.0,-175.0,0.49,-0.769,-0.629
3729.12,-80.0,957.0,-175.0,0.419,-0.769,-0.49
3729.3,-81.0,957.0,-176.0,0.349,-0.769,-0.56
3729.48,-81.0,957.0,-176.0,0.419,-0.769,-0.49
3729.67,-80.0,958.0,-176.0,0.419,-0.769,-0.56
3729.85,-81.0,957.0,-176.0,0.419,-0.769,-0.49
3730.3,-81.0,957.0,-176.0,0.49,-0.769,-0.56
3730.21,-81.0,958.0,-175.0,0.419,-0.769,-0.56
3730.4,-80.0,957.0,-176.0,0.349,-0.699,-0.49
3730.58,-81.0,958.0,-175.0,0.419,-0.699,-0.56
3730.76,-80.0,957.0,-175.0,0.419,-0.769,-0.49
3730.94,-80.0,957.0,-176.0,0.419,-0.769,-0.49
3731.12,-80.0,958.0,-175.0,0.419,-0.769,-0.56
3731.31,-80.0,957.0,-176.0,0.419,-0.769,-0.56
3731.49,-80.0,956.0,-176.0,0.419,-0.769,-0.49
3731.67,-81.0,958.0,-176.0,0.349,-0.699,-0.56
3731.85,-80.0,958.0,-176.0,0.419,-0.769,-0.56
3732.4,-79.0,957.0,-177.0,0.49,-0.769,-0.56
3732.22,-80.0,957.0,-176.0,0.419,-0.769,-0.56
3732.4,-80.0,957.0,-176.0,0.49,-0.699,-0.56
3732.58,-81.0,958.0,-175.0,0.419,-0.699,-0.49
3732.77,-80.0,957.0,-176.0,0.49,-0.769,-0.629
3732.95,-80.0,957.0,-176.0,0.419,-0.769,-0.629
3733.13,-80.0,956.0,-176.0,0.419,-0.839,-0.49
3733.31,-80.0,957.0,-176.0,0.419,-0.769,-0.49
3733.49,-80.0,957.0,-176.0,0.349,-0.769,-0.56
3733.68,-79.0,957.0,-176.0,0.49,-0.699,-0.56
3733.86,-81.0,957.0,-176.0,0.419,-0.699,-0.629
3734.4,-80.0,957.0,-176.0,0.49,-0.769,-0.56
3734.22,-81.0,958.0,-177.0,0.419,-0.769,-0.56
3734.41,-80.0,958.0,-176.0,0.349,-0.769,-0.49
3734.59,-80.0,957.0,-175.0,0.419,-0.699,-0.56
3734.77,-81.0,957.0,-176.0,0.419,-0.699,-0.56
3734.95,-79.0,958.0,-175.0,0.349,-0.769,-0.56
3735.14,-81.0,957.0,-176.0,0.419,-0.769,-0.56
3735.32,-79.0,958.0,-175.0,0.419,-0.769,-0.629
3735.5,-81.0,957.0,-177.0,0.349,-0.699,-0.56
3735.68,-81.0,957.0,-175.0,0.349,-0.699,-0.629
3735.86,-80.0,957.0,-175.0,0.419,-0.769,-0.56
3736.5,-81.0,957.0,-175.0,0.349,-0.699,-0.56
3736.23,-80.0,956.0,-176.0,0.419,-0.769,-0.56
3736.41,-80.0,957.0,-176.0,0.419,-0.769,-0.56
3736.59,-81.0,957.0,-176.0,0.349,-0.699,-0.56
3736.78,-80.0,958.0,-177.0,0.419,-0.699,-0.56
3736.96,-81.0,957.0,-178.0,0.49,-0.769,-0.629
3737.14,-80.0,957.0,-178.0,0.419,-0.769,-0.49
3737.32,-80.0,957.0,-179.0,0.419,-0.699,-0.56
3737.5,-81.0,958.0,-178.0,0.349,-0.769,-0.56
3739.87,-81.0,957.0,-177.0,0.49,-0.699,-0.56
3740.6,-80.0,957.0,-176.0,0.419,-0.699,-0.56
3740.24,-81.0,957.0,-177.0,0.419,-0.769,-0.56
3740.42,-80.0,957.0,-177.0,0.419,-0.699,-0.56
3740.6,-80.0,956.0,-177.0,0.419,-0.699,-0.56
3740.79,-81.0,958.0,-178.0,0.419,-0.769,-0.56
3740.97,-81.0,957.0,-178.0,0.419,-0.769,-0.629
3741.15,-81.0,958.0,-178.0,0.349,-0.699,-0.56
3741.33,-79.0,957.0,-178.0,0.419,-0.699,-0.629
3741.51,-81.0,958.0,-177.0,0.419,-0.699,-0.629
3741.7,-80.0,956.0,-177.0,0.419,-0.699,-0.56
3741.88,-81.0,958.0,-177.0,0.49,-0.839,-0.629
3742.6,-79.0,957.0,-176.0,0.49,-0.769,-0.49
3742.24,-81.0,957.0,-177.0,0.419,-0.769,-0.49
3742.43,-79.0,956.0,-177.0,0.419,-0.839,-0.629
3742.61,-80.0,958.0,-176.0,0.419,-0.769,-0.56
3742.79,-80.0,957.0,-176.0,0.419,-0.699,-0.629
3742.97,-81.0,958.0,-177.0,0.419,-0.839,-0.699
3743.15,-80.0,957.0,-176.0,0.419,-0.629,-0.56
3743.34,-81.0,958.0,-175.0,0.349,-0.769,-0.56
3743.52,-80.0,957.0,-176.0,0.419,-0.769,-0.56
3743.7,-80.0,957.0,-175.0,0.49,-0.769,-0.56
3743.88,-80.0,957.0,-175.0,0.419,-0.769,-0.629
3744.8,-79.0,957.0,-175.0,0.419,-0.769,-0.56
3744.98,-80.0,958.0,-176.0,0.419,-0.769,-0.56
3745.16,-81.0,957.0,-176.0,0.419,-0.699,-0.49
3745.34,-79.0,957.0,-176.0,0.419,-0.839,-0.629
3745.52,-80.0,957.0,-175.0,0.49,-0.629,-0.49
3745.71,-81.0,957.0,-175.0,0.419,-0.839,-0.56
3745.89,-79.0,957.0,-176.0,0.49,-0.699,-0.629
3746.7,-80.0,956.0,-175.0,0.419,-0.769,-0.56
3746.25,-81.0,958.0,-174.0,0.419,-0.839,-0.629
3746.44,-80.0,956.0,-176.0,0.419,-0.769,-0.56
3746.62,-80.0,957.0,-175.0,0.419,-0.769,-0.56
3746.8,-78.0,957.0,-174.0,0.419,-0.769,-0.56
3746.98,-80.0,958.0,-175.0,0.349,-0.699,-0.56
3747.17,-82.0,958.0,-176.0,0.49,-0.769,-0.56
3747.35,-79.0,958.0,-176.0,0.49,-0.839,-0.629
3747.53,-79.0,956.0,-175.0,0.419,-0.629,-0.349
3747.71,-83.0,957.0,-176.0,0.56,-0.699,-0.629
3747.89,-79.0,956.0,-176.0,0.349,-0.769,-0.629
3749.53,-81.0,959.0,-177.0,0.28,-1.049,-0.91
3749.72,-74.0,954.0,-176.0,0.629,-0.56,-0.349
3749.9,-84.0,958.0,-174.0,0.349,-0.91,-0.629
3750.8,-78.0,956.0,-177.0,0.419,-0.629,-0.56
3750.26,-79.0,957.0,-175.0,0.349,-0.769,-0.56
3750.45,-80.0,957.0,-175.0,0.419,-0.629,-0.49
3750.63,-81.0,958.0,-176.0,0.419,-0.769,-0.49
3750.81,-79.0,957.0,-176.0,0.349,-0.769,-0.629
3750.99,-80.0,956.0,-176.0,0.419,-0.699,-0.49
3751.17,-81.0,957.0,-175.0,0.49,-0.699,-0.629
3751.36,-79.0,957.0,-175.0,0.28,-0.769,-0.56
3751.54,-82.0,956.0,-176.0,0.56,-0.699,-0.49
3751.72,-80.0,958.0,-175.0,0.419,-0.91,-0.699
3751.9,-78.0,956.0,-176.0,0.419,-0.629,-0.49
3752.9,-82.0,957.0,-176.0,0.49,-0.769,-0.56
3752.27,-79.0,958.0,-174.0,0.419,-0.839,-0.629
3752.45,-79.0,957.0,-176.0,0.49,-0.769,-0.419
3752.63,-80.0,957.0,-176.0,0.349,-0.769,-0.629
3752.82,-80.0,957.0,-175.0,0.419,-0.699,-0.419
3753.91,-81.0,958.0,-175.0,0.419,-0.699,-0.419
3754.9,-80.0,958.0,-176.0,0.419,-0.769,-0.629
3754.27,-81.0,957.0,-176.0,0.49,-0.699,-0.49
3754.46,-80.0,957.0,-176.0,0.419,-0.769,-0.629
3754.64,-79.0,957.0,-176.0,0.49,-0.699,-0.56
3754.82,-80.0,957.0,-176.0,0.419,-0.839,-0.56
3755.0,-82.0,957.0,-176.0,0.349,-0.769,-0.49
3755.18,-81.0,958.0,-175.0,0.49,-0.769,-0.629
3755.37,-78.0,958.0,-175.0,0.419,-0.769,-0.49
3755.55,-79.0,958.0,-175.0,0.419,-0.699,-0.49
3755.73,-83.0,957.0,-176.0,0.419,-0.769,-0.56
3755.91,-76.0,957.0,-175.0,0.349,-0.91,-0.769
3761.2,-79.0,956.0,-176.0,0.49,-0.699,-0.56
3761.38,-80.0,958.0,-176.0,0.28,-0.769,-0.56
3761.56,-78.0,956.0,-177.0,0.419,-0.769,-0.56
3761.75,-81.0,958.0,-175.0,0.49,-0.769,-0.56
3761.93,-80.0,957.0,-176.0,0.349,-0.839,-0.629
3762.11,-79.0,957.0,-176.0,0.419,-0.769,-0.629
3762.29,-76.0,956.0,-176.0,0.349,-0.699,-0.49
3762.48,-84.0,957.0,-176.0,0.49,-0.629,-0.49
3762.66,-81.0,956.0,-177.0,0.419,-0.699,-0.699
3762.84,-78.0,956.0,-176.0,0.49,-0.699,-0.56
3763.2,-81.0,957.0,-174.0,0.419,-0.769,-0.56
3763.2,-80.0,957.0,-175.0,0.349,-0.769,-0.629
3763.39,-78.0,958.0,-175.0,0.28,-0.839,-0.56
3763.57,-79.0,956.0,-177.0,0.49,-0.629,-0.419
3763.75,-81.0,959.0,-175.0,0.349,-0.839,-0.699
3763.93,-78.0,957.0,-176.0,0.419,-0.629,-0.419
3764.12,-82.0,956.0,-176.0,0.419,-0.839,-0.629
3764.3,-80.0,958.0,-174.0,0.349,-0.839,-0.629
3764.48,-74.0,955.0,-177.0,0.28,-0.699,-0.419
3764.66,-81.0,958.0,-175.0,0.419,-0.699,-0.419
3764.84,-82.0,959.0,-174.0,0.49,-0.769,-0.629
3768.49,-81.0,956.0,-176.0,0.49,-0.839,-0.56
3768.67,-81.0,957.0,-176.0,0.349,-0.91,-0.699
3768.86,-78.0,957.0,-176.0,0.419,-0.769,-0.56
3769.4,-81.0,957.0,-177.0,0.49,-0.769,-0.56
3769.22,-81.0,958.0,-176.0,0.56,-0.699,-0.49
3769.4,-79.0,959.0,-176.0,0.209,-0.91,-0.769
3769.58,-80.0,958.0,-177.0,0.629,-0.419,-0.419
3769.77,-77.0,956.0,-177.0,0.14,-0.98,-0.699
3769.95,-82.0,958.0,-175.0,0.419,-0.629,-0.419
3770.13,-79.0,954.0,-176.0,0.419,-0.839,-0.699
3770.31,-81.0,958.0,-176.0,0.349,-0.91,-0.56
3770.5,-77.0,957.0,-175.0,0.28,-0.839,-0.629
3770.68,-82.0,958.0,-175.0,0.49,-0.699,-0.349
3770.86,-78.0,956.0,-175.0,0.349,-0.769,-0.56
3771.4,-86.0,960.0,-175.0,0.49,-0.839,-0.699
3771.23,-74.0,954.0,-177.0,0.349,-0.769,-0.49
3771.41,-83.0,959.0,-175.0,0.349,-0.699,-0.49
3771.59,-78.0,954.0,-176.0,0.349,-0.769,-0.629
3771.77,-81.0,959.0,-173.0,0.28,-0.839,-0.699
3771.95,-75.0,955.0,-177.0,0.209,-0.699,-0.419
3772.14,-82.0,959.0,-174.0,0.209,-0.91,-0.56
3772.32,-79.0,957.0,-176.0,0.49,-0.769,-0.49
3772.5,-80.0,958.0,-175.0,0.209,-0.98,-0.769
3772.68,-80.0,956.0,-177.0,0.56,-0.56,-0.419
3772.87,-80.0,957.0,-175.0,0.349,-0.91,-0.839
3773.5,-80.0,956.0,-176.0,0.629,-0.629,-0.349
3773.23,-81.0,958.0,-176.0,0.349,-0.839,-0.699
3773.41,-79.0,956.0,-175.0,0.49,-0.699,-0.49
3773.59,-80.0,957.0,-177.0,0.349,-0.839,-0.56
3773.78,-79.0,957.0,-175.0,0.49,-0.769,-0.629
3773.96,-79.0,956.0,-175.0,0.349,-0.769,-0.56
3774.14,-81.0,957.0,-175.0,0.56,-0.699,-0.629
3774.32,-80.0,959.0,-175.0,0.349,-0.769,-0.56
3774.51,-84.0,958.0,-175.0,0.49,-0.769,-0.629
3774.69,-78.0,955.0,-177.0,0.349,-0.839,-0.49
3777.97,-81.0,958.0,-176.0,0.49,-0.839,-0.629
3778.15,-78.0,956.0,-177.0,0.419,-0.699,-0.56
3778.33,-81.0,958.0,-178.0,0.49,-0.769,-0.56
3778.52,-78.0,957.0,-177.0,0.349,-0.769,-0.56
3778.7,-81.0,957.0,-177.0,0.419,-0.699,-0.56
3778.88,-80.0,958.0,-176.0,0.419,-0.769,-0.629
3779.6,-79.0,957.0,-177.0,0.419,-0.769,-0.56
3779.25,-79.0,957.0,-176.0,0.419,-0.699,-0.49
3779.43,-80.0,957.0,-177.0,0.49,-0.839,-0.56
3779.61,-81.0,957.0,-177.0,0.419,-0.699,-0.56
3779.79,-80.0,957.0,-178.0,0.419,-0.769,-0.49
3779.97,-79.0,956.0,-177.0,0.49,-0.769,-0.49
3780.16,-80.0,957.0,-177.0,0.349,-0.699,-0.49
3780.34,-79.0,957.0,-176.0,0.419,-0.769,-0.56
3780.52,-80.0,958.0,-175.0,0.419,-0.699,-0.49
3780.7,-79.0,957.0,-175.0,0.419,-0.699,-0.56
3780.89,-79.0,958.0,-176.0,0.419,-0.769,-0.56
3781.7,-81.0,956.0,-175.0,0.56,-0.769,-0.49
3781.25,-80.0,957.0,-175.0,0.49,-0.839,-0.629
3781.43,-78.0,956.0,-177.0,0.49,-0.699,-0.49
3781.62,-81.0,957.0,-176.0,0.419,-0.769,-0.49
3781.8,-80.0,957.0,-175.0,0.349,-0.769,-0.56
3781.98,-79.0,956.0,-176.0,0.419,-0.769,-0.56
3782.16,-81.0,958.0,-175.0,0.419,-0.769,-0.629
3783.26,-81.0,957.0,-175.0,0.49,-0.629,-0.419
3783.44,-81.0,958.0,-176.0,0.49,-0.769,-0.629
3783.62,-79.0,957.0,-175.0,0.419,-0.699,-0.49
3783.8,-81.0,958.0,-176.0,0.49,-0.699,-0.49
3783.99,-80.0,957.0,-175.0,0.49,-0.839,-0.629
3784.17,-79.0,957.0,-176.0,0.419,-0.629,-0.419
3784.35,-80.0,956.0,-176.0,0.419,-0.699,-0.56
3784.53,-79.0,957.0,-176.0,0.349,-0.699,-0.56
3784.71,-80.0,958.0,-175.0,0.419,-0.769,-0.56
3784.9,-79.0,957.0,-175.0,0.419,-0.699,-0.56
3785.8,-80.0,957.0,-175.0,0.419,-0.699,-0.56
3785.26,-80.0,956.0,-177.0,0.419,-0.699,-0.49
3790.91,-80.0,956.0,-175.0,0.419,-0.769,-0.49
3791.9,-81.0,957.0,-176.0,0.49,-0.769,-0.49
3791.28,-81.0,957.0,-175.0,0.349,-0.769,-0.56
3791.46,-80.0,957.0,-176.0,0.349,-0.699,-0.56
3791.64,-81.0,958.0,-176.0,0.349,-0.699,-0.56
3791.82,-81.0,958.0,-177.0,0.419,-0.769,-0.56
3792.1,-80.0,957.0,-177.0,0.49,-0.699,-0.49
3792.19,-81.0,957.0,-177.0,0.49,-0.769,-0.629
3792.37,-79.0,957.0,-176.0,0.419,-0.699,-0.49
3792.55,-81.0,958.0,-176.0,0.419,-0.769,-0.49
3792.73,-80.0,957.0,-176.0,0.349,-0.699,-0.56
3792.92,-82.0,958.0,-175.0,0.419,-0.769,-0.629
3793.1,-79.0,957.0,-176.0,0.419,-0.769,-0.629
3793.28,-81.0,958.0,-176.0,0.419,-0.769,-0.56
3793.46,-80.0,957.0,-177.0,0.419,-0.699,-0.56
3793.65,-80.0,958.0,-175.0,0.349,-0.699,-0.49
3793.83,-82.0,957.0,-176.0,0.49,-0.699,-0.629
3794.1,-79.0,957.0,-176.0,0.419,-0.769,-0.56
3794.56,-80.0,956.0,-177.0,0.49,-0.699,-0.49
3794.74,-82.0,958.0,-176.0,0.419,-0.839,-0.629
3794.92,-79.0,957.0,-176.0,0.349,-0.629,-0.49
3795.1,-80.0,957.0,-176.0,0.419,-0.699,-0.419
3795.29,-81.0,958.0,-175.0,0.349,-0.769,-0.629
3795.47,-80.0,957.0,-176.0,0.49,-0.769,-0.56
3795.65,-79.0,957.0,-176.0,0.49,-0.769,-0.56
3795.83,-81.0,957.0,-175.0,0.49,-0.769,-0.49
3796.2,-79.0,957.0,-175.0,0.419,-0.769,-0.56
3796.2,-81.0,956.0,-176.0,0.419,-0.699,-0.56
3796.38,-81.0,957.0,-176.0,0.419,-0.839,-0.629
3796.56,-80.0,958.0,-175.0,0.419,-0.769,-0.629
3796.74,-79.0,957.0,-176.0,0.419,-0.699,-0.629
3796.93,-82.0,957.0,-176.0,0.49,-0.769,-0.56
3797.11,-80.0,958.0,-175.0,0.419,-0.769,-0.629
3797.29,-80.0,958.0,-176.0,0.419,-0.699,-0.49
3797.47,-80.0,957.0,-176.0,0.419,-0.769,-0.56
3797.66,-81.0,957.0,-177.0,0.49,-0.699,-0.49
3797.84,-79.0,957.0,-176.0,0.349,-0.839,-0.629
3798.2,-79.0,956.0,-176.0,0.49,-0.699,-0.419
3799.11,-77.0,955.0,-176.0,0.349,-0.699,-0.49
3799.3,-83.0,958.0,-176.0,0.56,-0.699,-0.56
3799.48,-78.0,956.0,-176.0,0.419,-0.699,-0.56
3799.66,-83.0,958.0,-175.0,0.49,-0.769,-0.629
3799.84,-78.0,956.0,-176.0,0.349,-0.769,-0.699
3800.2,-80.0,957.0,-176.0,0.49,-0.699,-0.419
3800.21,-80.0,958.0,-175.0,0.419,-0.91,-0.699
3800.39,-79.0,956.0,-176.0,0.419,-0.699,-0.56
3800.57,-82.0,958.0,-176.0,0.49,-0.699,-0.629
3800.75,-80.0,956.0,-176.0,0.419,-0.769,-0.56
3800.94,-81.0,957.0,-176.0,0.419,-0.839,-0.56
3801.12,-79.0,956.0,-176.0,0.419,-0.629,-0.629
3801.3,-81.0,958.0,-175.0,0.419,-0.839,-0.629
3801.48,-79.0,957.0,-175.0,0.349,-0.769,-0.56
3801.67,-80.0,956.0,-177.0,0.49,-0.699,-0.49
3801.85,-81.0,957.0,-175.0,0.349,-0.839,-0.699
3802.3,-78.0,957.0,-176.0,0.419,-0.699,-0.56
3802.21,-82.0,957.0,-176.0,0.419,-0.769,-0.56
3802.39,-80.0,957.0,-176.0,0.419,-0.769,-0.56
3802.58,-81.0,957.0,-176.0,0.419,-0.769,-0.56
3802.76,-79.0,956.0,-176.0,0.419,-0.769,-0.56
3802.94,-79.0,957.0,-176.0,0.49,-0.699,-0.56
3803.12,-81.0,958.0,-176.0,0.49,-0.769,-0.419
3803.31,-80.0,957.0,-175.0,0.349,-0.769,-0.629
3803.49,-81.0,957.0,-176.0,0.419,-0.699,-0.49
3803.67,-79.0,957.0,-176.0,0.419,-0.769,-0.56
3803.85,-80.0,957.0,-176.0,0.419,-0.699,-0.49
3804.3,-79.0,958.0,-176.0,0.28,-0.769,-0.49
3804.22,-80.0,957.0,-176.0,0.419,-0.699,-0.419
3804.4,-80.0,957.0,-175.0,0.349,-0.839,-0.56
3804.58,-81.0,956.0,-176.0,0.56,-0.769,-0.49
3804.76,-80.0,957.0,-176.0,0.419,-0.839,-0.56
3805.86,-80.0,957.0,-176.0,0.49,-0.699,-0.629
3806.4,-78.0,956.0,-177.0,0.419,-0.769,-0.56
3806.22,-81.0,957.0,-177.0,0.49,-0.699,-0.49
3806.4,-80.0,957.0,-176.0,0.349,-0.839,-0.699
3806.59,-80.0,956.0,-177.0,0.56,-0.629,-0.49
3806.77,-83.0,958.0,-175.0,0.349,-0.769,-0.56
3806.95,-79.0,956.0,-176.0,0.419,-0.699,-0.49
3807.13,-81.0,957.0,-176.0,0.419,-0.769,-0.49
3807.31,-79.0,957.0,-176.0,0.419,-0.629,-0.49
3807.5,-79.0,957.0,-177.0,0.419,-0.769,-0.56
3807.68,-80.0,956.0,-177.0,0.49,-0.699,-0.49
3807.86,-80.0,957.0,-176.0,0.419,-0.769,-0.56
3808.4,-80.0,958.0,-176.0,0.49,-0.769,-0.49
3808.23,-80.0,957.0,-176.0,0.349,-0.769,-0.56
3808.41,-81.0,957.0,-176.0,0.49,-0.699,-0.49
3808.59,-81.0,957.0,-176.0,0.49,-0.769,-0.49
3808.77,-80.0,956.0,-175.0,0.349,-0.839,-0.49
3808.96,-79.0,957.0,-176.0,0.419,-0.629,-0.49
3809.14,-81.0,957.0,-175.0,0.419,-0.769,-0.629
3809.32,-80.0,957.0,-177.0,0.419,-0.699,-0.56
3809.5,-82.0,956.0,-177.0,0.49,-0.769,-0.56
3809.68,-81.0,956.0,-177.0,0.49,-0.699,-0.49
3809.87,-82.0,958.0,-177.0,0.419,-0.839,-0.56
3810.5,-80.0,958.0,-176.0,0.49,-0.629,-0.56
3810.23,-82.0,958.0,-176.0,0.419,-0.699,-0.56
3810.41,-78.0,955.0,-177.0,0.49,-0.699,-0.49
3810.6,-80.0,957.0,-176.0,0.419,-0.699,-0.419
3810.78,-81.0,957.0,-175.0,0.419,-0.769,-0.49
3810.96,-80.0,957.0,-176.0,0.419,-0.769,-0.49
3812.78,-79.0,958.0,-177.0,0.419,-0.699,-0.56
3812.96,-79.0,956.0,-176.0,0.49,-0.699,-0.419
3813.15,-82.0,958.0,-176.0,0.349,-0.699,-0.56
3813.33,-80.0,957.0,-175.0,0.419,-0.699,-0.56
3813.51,-80.0,957.0,-176.0,0.349,-0.699,-0.49
3813.69,-81.0,956.0,-176.0,0.56,-0.699,-0.49
3813.88,-81.0,958.0,-176.0,0.419,-0.769,-0.699
3814.6,-77.0,956.0,-176.0,0.419,-0.629,-0.49
3814.24,-84.0,958.0,-175.0,0.56,-0.699,-0.56
3814.42,-79.0,958.0,-174.0,0.419,-0.769,-0.629
3814.6,-78.0,956.0,-176.0,0.349,-0.769,-0.49
3820.7,-80.0,957.0,-177.0,0.419,-0.699,-0.49
3820.25,-82.0,957.0,-176.0,0.349,-0.769,-0.56
3820.44,-78.0,957.0,-176.0,0.419,-0.699,-0.49
3820.62,-83.0,957.0,-176.0,0.49,-0.699,-0.49
3820.8,-78.0,957.0,-176.0,0.419,-0.699,-0.56
3820.98,-81.0,957.0,-177.0,0.419,-0.769,-0.56
3821.17,-79.0,956.0,-177.0,0.49,-0.769,-0.56
3821.35,-82.0,958.0,-176.0,0.49,-0.769,-0.56
3821.53,-80.0,957.0,-176.0,0.419,-0.769,-0.629
3821.71,-81.0,958.0,-176.0,0.419,-0.769,-0.49
3821.89,-81.0,958.0,-176.0,0.419,-0.839,-0.629
3822.8,-80.0,956.0,-177.0,0.349,-0.629,-0.419
3822.26,-84.0,957.0,-176.0,0.419,-0.769,-0.56
3822.44,-79.0,957.0,-175.0,0.349,-0.839,-0.629
3822.62,-80.0,957.0,-175.0,0.49,-0.629,-0.419
3822.81,-80.0,957.0,-176.0,0.419,-0.699,-0.629
3822.99,-79.0,956.0,-177.0,0.419,-0.839,-0.699
3823.17,-76.0,955.0,-175.0,0.419,-0.629,-0.419
3823.35,-87.0,957.0,-177.0,0.56,-0.769,-0.629
3823.53,-75.0,957.0,-175.0,0.28,-0.98,-0.699
3823.72,-82.0,957.0,-177.0,0.56,-0.49,-0.349
3823.9,-82.0,958.0,-175.0,0.28,-0.98,-0.839
3824.8,-77.0,955.0,-176.0,0.49,-0.629,-0.419
3824.26,-83.0,959.0,-176.0,0.349,-0.769,-0.56
3824.45,-80.0,958.0,-175.0,0.419,-0.699,-0.56
3824.63,-81.0,958.0,-174.0,0.419,-0.699,-0.49
3824.81,-82.0,957.0,-175.0,0.56,-0.769,-0.49
3824.99,-80.0,957.0,-176.0,0.349,-0.769,-0.56
3825.18,-81.0,957.0,-176.0,0.419,-0.769,-0.56
3825.36,-78.0,955.0,-176.0,0.349,-0.699,-0.56
3825.54,-83.0,958.0,-176.0,0.56,-0.769,-0.56
3825.72,-80.0,958.0,-176.0,0.349,-0.839,-0.699
3825.9,-77.0,956.0,-177.0,0.349,-0.629,-0.419
3826.9,-87.0,958.0,-177.0,0.56,-0.769,-0.629
3826.27,-76.0,956.0,-176.0,0.28,-0.91,-0.629
3826.45,-83.0,957.0,-177.0,0.56,-0.56,-0.349
3826.63,-80.0,958.0,-177.0,0.28,-0.98,-0.769
3826.82,-81.0,957.0,-177.0,0.56,-0.56,-0.419
3827.0,-82.0,957.0,-176.0,0.349,-0.91,-0.699
3827.18,-78.0,956.0,-176.0,0.419,-0.699,-0.49
3827.36,-81.0,957.0,-175.0,0.349,-0.699,-0.56
3827.54,-80.0,957.0,-178.0,0.419,-0.699,-0.56
3827.73,-80.0,958.0,-176.0,0.419,-0.699,-0.56
3827.91,-79.0,957.0,-176.0,0.419,-0.699,-0.56
3828.9,-81.0,958.0,-175.0,0.419,-0.839,-0.629
3828.27,-77.0,956.0,-176.0,0.349,-0.769,-0.419
3828.46,-85.0,958.0,-176.0,0.49,-0.699,-0.49
3828.64,-78.0,957.0,-176.0,0.28,-0.91,-0.629
3828.82,-80.0,957.0,-176.0,0.629,-0.56,-0.49
3829.0,-81.0,958.0,-174.0,0.28,-0.769,-0.769
3829.19,-78.0,956.0,-178.0,0.56,-0.699,-0.629
3829.37,-79.0,957.0,-174.0,0.349,-0.98,-0.56
3829.55,-81.0,957.0,-176.0,0.349,-0.699,-0.49
3829.73,-80.0,957.0,-176.0,0.419,-0.839,-0.56
3829.91,-81.0,959.0,-176.0,0.49,-0.699,-0.49
3830.1,-82.0,959.0,-176.0,0.419,-0.769,-0.629
3830.28,-80.0,957.0,-176.0,0.49,-0.769,-0.49
3830.46,-81.0,958.0,-175.0,0.419,-0.699,-0.56
3830.64,-81.0,958.0,-177.0,0.419,-0.629,-0.629
3830.83,-80.0,956.0,-175.0,0.419,-0.699,-0.56
3831.1,-80.0,957.0,-176.0,0.419,-0.839,-0.56
3831.19,-81.0,957.0,-177.0,0.49,-0.839,-0.49
3831.37,-82.0,957.0,-177.0,0.419,-0.839,-0.49
3832.47,-78.0,957.0,-179.0,0.419,-0.769,-0.49
3832.65,-81.0,958.0,-180.0,0.49,-0.699,-0.49
3832.83,-80.0,957.0,-179.0,0.56,-0.839,-0.56
3833.1,-79.0,957.0,-177.0,0.419,-0.769,-0.56
3833.19,-82.0,957.0,-177.0,0.419,-0.699,-0.49
3833.38,-80.0,958.0,-177.0,0.28,-0.839,-0.699
3833.56,-81.0,956.0,-177.0,0.49,-0.629,-0.419
3833.74,-82.0,959.0,-175.0,0.349,-0.91,-0.629
3833.92,-81.0,957.0,-177.0,0.49,-0.699,-0.56
3834.11,-81.0,957.0,-176.0,0.419,-0.699,-0.629
3834.29,-80.0,956.0,-177.0,0.419,-0.699,-0.56
3834.47,-80.0,958.0,-176.0,0.419,-0.769,-0.56
3834.65,-79.0,957.0,-175.0,0.419,-0.769,-0.49
3834.84,-81.0,958.0,-176.0,0.49,-0.769,-0.56
3835.2,-79.0,956.0,-176.0,0.419,-0.769,-0.56
3835.2,-79.0,957.0,-176.0,0.419,-0.699,-0.56
3835.38,-79.0,956.0,-175.0,0.419,-0.629,-0.419
3835.56,-81.0,958.0,-176.0,0.28,-0.769,-0.629
3835.75,-78.0,956.0,-176.0,0.56,-0.629,-0.49
3835.93,-81.0,959.0,-175.0,0.349,-0.769,-0.629
3836.11,-79.0,957.0,-176.0,0.419,-0.699,-0.49
3836.29,-81.0,957.0,-177.0,0.419,-0.769,-0.56
3836.48,-80.0,958.0,-176.0,0.49,-0.769,-0.56
3836.66,-79.0,956.0,-176.0,0.419,-0.699,-0.56
3836.84,-82.0,958.0,-177.0,0.419,-0.699,-0.49
3837.2,-82.0,959.0,-176.0,0.349,-0.769,-0.699
3837.21,-79.0,956.0,-177.0,0.419,-0.629,-0.419
3837.39,-82.0,959.0,-174.0,0.419,-0.91,-0.699
3837.57,-77.0,956.0,-176.0,0.49,-0.699,-0.56
3837.75,-82.0,957.0,-176.0,0.419,-0.769,-0.56
3837.93,-79.0,957.0,-176.0,0.49,-0.699,-0.56
3838.12,-81.0,956.0,-176.0,0.349,-0.699,-0.49
3838.3,-80.0,957.0,-177.0,0.49,-0.839,-0.56
3838.48,-80.0,957.0,-176.0,0.49,-0.769,-0.49
3838.66,-84.0,958.0,-176.0,0.349,-0.699,-0.629
3838.85,-81.0,957.0,-176.0,0.349,-0.769,-0.629
3839.3,-80.0,957.0,-175.0,0.56,-0.769,-0.49
3839.21,-80.0,957.0,-176.0,0.419,-0.769,-0.49
3839.39,-83.0,957.0,-177.0,0.49,-0.699,-0.629
3839.57,-82.0,957.0,-176.0,0.49,-0.839,-0.629
3839.76,-79.0,957.0,-176.0,0.419,-0.699,-0.49
3839.94,-82.0,957.0,-176.0,0.49,-0.699,-0.56
3840.12,-80.0,957.0,-178.0,0.419,-0.839,-0.56
3840.3,-80.0,957.0,-175.0,0.419,-0.699,-0.49
3840.49,-79.0,957.0,-176.0,0.349,-0.769,-0.56
3840.67,-80.0,958.0,-175.0,0.49,-0.699,-0.56
3840.85,-81.0,958.0,-177.0,0.419,-0.769,-0.56
3841.3,-79.0,956.0,-177.0,0.419,-0.769,-0.49
3841.21,-82.0,956.0,-177.0,0.419,-0.699,-0.49
3841.4,-80.0,958.0,-176.0,0.419,-0.769,-0.629
3841.58,-79.0,955.0,-178.0,0.419,-0.699,-0.419
3841.76,-82.0,957.0,-177.0,0.349,-0.769,-0.629
3841.94,-79.0,957.0,-177.0,0.419,-0.699,-0.56
3842.13,-80.0,958.0,-177.0,0.49,-0.699,-0.49
3842.31,-80.0,958.0,-176.0,0.419,-0.769,-0.629
3842.49,-80.0,956.0,-177.0,0.49,-0.629,-0.49
3842.67,-81.0,956.0,-177.0,0.49,-0.839,-0.699
3842.86,-79.0,956.0,-177.0,0.419,-0.769,-0.419
3843.4,-79.0,957.0,-177.0,0.349,-0.769,-0.56
3843.22,-80.0,956.0,-177.0,0.419,-0.629,-0.49
3843.4,-82.0,959.0,-175.0,0.28,-0.839,-0.56
3843.58,-78.0,956.0,-176.0,0.419,-0.769,-0.49
3843.77,-81.0,958.0,-176.0,0.49,-0.699,-0.49
3843.95,-81.0,957.0,-176.0,0.419,-0.769,-0.56
3844.13,-80.0,957.0,-175.0,0.49,-0.769,-0.629
3844.31,-79.0,956.0,-175.0,0.49,-0.699,-0.49
3844.5,-83.0,959.0,-175.0,0.56,-0.769,-0.629
3844.68,-77.0,955.0,-177.0,0.28,-0.769,-0.56
3844.86,-87.0,960.0,-176.0,0.699,-0.769,-0.56
3845.4,-74.0,956.0,-175.0,0.209,-0.91,-0.769
3845.22,-80.0,956.0,-177.0,0.56,-0.419,-0.28
3845.41,-82.0,958.0,-175.0,0.28,-0.98,-0.699
3845.59,-78.0,958.0,-175.0,0.56,-0.699,-0.49
3845.77,-81.0,957.0,-177.0,0.49,-0.839,-0.629
3845.95,-82.0,958.0,-175.0,0.49,-0.699,-0.56
3846.14,-78.0,957.0,-176.0,0.349,-0.769,-0.629
3846.32,-80.0,956.0,-176.0,0.419,-0.769,-0.56
3846.5,-78.0,957.0,-175.0,0.349,-0.839,-0.49
3846.68,-80.0,957.0,-175.0,0.419,-0.699,-0.49
3847.78,-82.0,957.0,-176.0,0.49,-0.629,-0.419
3847.96,-82.0,959.0,-175.0,0.419,-0.769,-0.629
3848.14,-79.0,958.0,-174.0,0.419,-0.769,-0.49
3848.32,-82.0,958.0,-175.0,0.419,-0.769,-0.49
3848.51,-80.0,957.0,-175.0,0.49,-0.699,-0.56
3848.69,-80.0,958.0,-175.0,0.419,-0.769,-0.56
3848.87,-79.0,957.0,-177.0,0.349,-0.699,-0.56
3849.5,-79.0,956.0,-176.0,0.49,-0.56,-0.49
3849.23,-82.0,958.0,-176.0,0.419,-0.769,-0.629
3849.42,-81.0,956.0,-177.0,0.419,-0.699,-0.49
3849.6,-81.0,958.0,-175.0,0.419,-0.769,-0.56
3849.78,-78.0,956.0,-176.0,0.28,-0.699,-0.49
3849.96,-83.0,957.0,-176.0,0.49,-0.699,-0.49
3850.15,-78.0,957.0,-176.0,0.349,-0.839,-0.56
3850.33,-79.0,957.0,-176.0,0.56,-0.629,-0.349
3850.51,-83.0,958.0,-176.0,0.49,-0.839,-0.629
3850.69,-79.0,956.0,-176.0,0.419,-0.699,-0.56
3850.87,-80.0,957.0,-176.0,0.419,-0.769,-0.56
3851.6,-79.0,957.0,-176.0,0.419,-0.699,-0.56
3851.24,-82.0,958.0,-175.0,0.349,-0.699,-0.56
3851.42,-77.0,955.0,-176.0,0.349,-0.699,-0.49
3851.6,-84.0,958.0,-176.0,0.629,-0.769,-0.49
3851.79,-79.0,958.0,-175.0,0.349,-0.839,-0.629
3851.97,-79.0,955.0,-177.0,0.56,-0.56,-0.349
3852.15,-83.0,958.0,-175.0,0.419,-0.839,-0.629
3853.24,-80.0,958.0,-176.0,0.49,-0.629,-0.419
3853.43,-81.0,956.0,-176.0,0.419,-0.839,-0.629
3853.61,-78.0,957.0,-177.0,0.349,-0.629,-0.419
3853.79,-80.0,959.0,-175.0,0.349,-0.769,-0.56
3853.97,-80.0,955.0,-176.0,0.419,-0.769,-0.56
3854.16,-79.0,956.0,-177.0,0.419,-0.769,-0.419
3854.34,-81.0,959.0,-176.0,0.49,-0.769,-0.56
3854.52,-77.0,956.0,-176.0,0.349,-0.699,-0.699
3854.7,-78.0,957.0,-177.0,0.56,-0.629,-0.419
3854.88,-80.0,958.0,-175.0,0.349,-0.769,-0.56
3860.9,-77.0,957.0,-175.0,0.49,-0.699,-0.49
3861.8,-80.0,957.0,-175.0,0.349,-0.699,-0.56
3861.26,-79.0,958.0,-174.0,0.349,-0.699,-0.49
3861.45,-81.0,957.0,-175.0,0.419,-0.629,-0.49
3861.63,-79.0,959.0,-175.0,0.28,-0.769,-0.629
3861.81,-80.0,957.0,-175.0,0.56,-0.699,-0.49
3861.99,-80.0,958.0,-174.0,0.349,-0.839,-0.629
3862.17,-82.0,957.0,-177.0,0.629,-0.629,-0.49
3862.36,-80.0,957.0,-176.0,0.349,-0.839,-0.699
3862.54,-79.0,957.0,-176.0,0.56,-0.699,-0.49
3862.72,-79.0,957.0,-175.0,0.349,-0.769,-0.56
3862.9,-79.0,956.0,-176.0,0.419,-0.769,-0.56
3863.9,-79.0,958.0,-175.0,0.419,-0.769,-0.56
3863.27,-78.0,957.0,-175.0,0.349,-0.769,-0.49
3863.45,-80.0,958.0,-175.0,0.349,-0.699,-0.49
3863.63,-80.0,958.0,-175.0,0.419,-0.769,-0.56
3863.81,-79.0,957.0,-175.0,0.419,-0.769,-0.56
3864.0,-79.0,957.0,-176.0,0.419,-0.839,-0.629
3864.18,-81.0,956.0,-175.0,0.49,-0.769,-0.56
3864.36,-79.0,955.0,-177.0,0.349,-0.839,-0.629
3864.54,-81.0,957.0,-176.0,0.349,-0.699,-0.49
3864.73,-81.0,959.0,-175.0,0.349,-0.839,-0.629
3864.91,-81.0,956.0,-177.0,0.49,-0.769,-0.56
3865.9,-79.0,958.0,-175.0,0.349,-0.91,-0.839
3865.27,-76.0,956.0,-176.0,0.49,-0.629,-0.419
3865.46,-82.0,957.0,-175.0,0.419,-0.839,-0.49
3865.64,-81.0,957.0,-175.0,0.419,-0.769,-0.629
3865.82,-80.0,956.0,-176.0,0.419,-0.699,-0.49
3866.0,-81.0,957.0,-176.0,0.419,-0.839,-0.56
3866.18,-79.0,958.0,-176.0,0.419,-0.699,-0.56
3866.37,-79.0,957.0,-176.0,0.419,-0.839,-0.56
3866.55,-79.0,957.0,-176.0,0.49,-0.699,-0.49
3866.73,-80.0,956.0,-177.0,0.349,-0.769,-0.56
3866.91,-82.0,957.0,-176.0,0.49,-0.769,-0.629
3867.1,-79.0,957.0,-174.0,0.28,-0.839,-0.699
3867.28,-80.0,956.0,-175.0,0.49,-0.699,-0.49
3867.46,-81.0,957.0,-175.0,0.349,-0.91,-0.699
3867.64,-79.0,958.0,-175.0,0.49,-0.699,-0.56
3867.82,-80.0,957.0,-176.0,0.419,-0.769,-0.56
3868.1,-80.0,958.0,-176.0,0.419,-0.769,-0.49
3868.19,-80.0,958.0,-175.0,0.419,-0.769,-0.56
3868.37,-81.0,958.0,-176.0,0.349,-0.769,-0.629
3868.55,-80.0,959.0,-175.0,0.349,-0.769,-0.56
3868.74,-79.0,956.0,-175.0,0.349,-0.769,-0.56
3872.38,-79.0,957.0,-175.0,0.419,-0.839,-0.699
3872.56,-81.0,957.0,-176.0,0.49,-0.769,-0.49
3872.75,-80.0,958.0,-175.0,0.349,-0.839,-0.629
3872.93,-80.0,956.0,-177.0,0.49,-0.769,-0.49
3873.11,-82.0,958.0,-175.0,0.349,-0.839,-0.699
3873.29,-80.0,955.0,-176.0,0.419,-0.769,-0.49
3873.47,-82.0,959.0,-175.0,0.349,-0.839,-0.56
3873.66,-78.0,957.0,-175.0,0.349,-0.769,-0.629
3873.84,-82.0,957.0,-175.0,0.49,-0.699,-0.56
3874.2,-80.0,957.0,-175.0,0.419,-0.839,-0.629
3874.2,-81.0,956.0,-176.0,0.419,-0.769,-0.56
3874.39,-81.0,957.0,-176.0,0.419,-0.699,-0.49
3874.57,-81.0,957.0,-176.0,0.49,-0.769,-0.49
3874.75,-81.0,957.0,-175.0,0.419,-0.699,-0.56
3874.93,-80.0,957.0,-176.0,0.49,-0.769,-0.56
3875.11,-82.0,957.0,-176.0,0.419,-0.769,-0.56
3875.3,-80.0,959.0,-175.0,0.28,-0.839,-0.629
3875.48,-80.0,956.0,-177.0,0.419,-0.629,-0.419
3875.66,-82.0,958.0,-176.0,0.419,-0.839,-0.629
3875.84,-80.0,957.0,-177.0,0.419,-0.699,-0.56
3876.3,-81.0,957.0,-176.0,0.49,-0.699,-0.56
3876.21,-80.0,957.0,-176.0,0.419,-0.699,-0.56
3876.39,-81.0,957.0,-176.0,0.349,-0.699,-0.56
3876.57,-80.0,956.0,-176.0,0.49,-0.699,-0.56
3876.76,-81.0,957.0,-175.0,0.419,-0.769,-0.629
3876.94,-81.0,958.0,-176.0,0.419,-0.699,-0.56
3877.12,-80.0,957.0,-176.0,0.49,-0.769,-0.49
3877.3,-81.0,957.0,-176.0,0.49,-0.839,-0.56
3877.48,-80.0,956.0,-177.0,0.419,-0.699,-0.56
3877.67,-82.0,958.0,-175.0,0.419,-0.769,-0.56
3877.85,-79.0,957.0,-176.0,0.419,-0.699,-0.56
3878.3,-80.0,958.0,-176.0,0.419,-0.769,-0.56
3879.12,-80.0,957.0,-176.0,0.419,-0.769,-0.56
3879.31,-79.0,957.0,-176.0,0.419,-0.769,-0.56
3879.49,-82.0,957.0,-175.0,0.419,-0.629,-0.56
3879.67,-83.0,958.0,-175.0,0.349,-0.769,-0.629
3879.85,-80.0,957.0,-176.0,0.419,-0.699,-0.56
3880.4,-80.0,957.0,-175.0,0.419,-0.769,-0.56
3880.22,-80.0,958.0,-176.0,0.419,-0.699,-0.56
3880.4,-80.0,957.0,-176.0,0.419,-0.769,-0.56
3880.58,-80.0,957.0,-176.0,0.419,-0.699,-0.49
3880.77,-80.0,957.0,-176.0,0.49,-0.699,-0.56
3880.95,-79.0,956.0,-175.0,0.349,-0.699,-0.629
3881.13,-80.0,957.0,-175.0,0.419,-0.699,-0.49
3886.6,-82.0,959.0,-176.0,0.419,-0.769,-0.629
3886.78,-77.0,955.0,-177.0,0.49,-0.629,-0.49
3886.96,-84.0,960.0,-175.0,0.49,-0.699,-0.56
3887.14,-77.0,957.0,-175.0,0.349,-0.699,-0.699
3887.33,-79.0,956.0,-177.0,0.49,-0.629,-0.419
3887.51,-82.0,957.0,-176.0,0.629,-0.839,-0.629
3887.69,-77.0,955.0,-177.0,0.419,-0.769,-0.49
3887.87,-81.0,957.0,-177.0,0.49,-0.769,-0.56
3888.5,-77.0,955.0,-177.0,0.349,-0.56,-0.49
3888.24,-83.0,957.0,-176.0,0.349,-0.769,-0.56
3888.42,-78.0,958.0,-175.0,0.28,-0.769,-0.629
3888.6,-78.0,958.0,-174.0,0.419,-0.629,-0.419
3888.78,-81.0,956.0,-175.0,0.419,-0.769,-0.49
3888.97,-86.0,961.0,-174.0,0.49,-0.839,-0.629
3889.15,-76.0,953.0,-177.0,0.49,-0.629,-0.49
3889.33,-85.0,960.0,-173.0,0.419,-0.839,-0.629
3889.51,-77.0,956.0,-176.0,0.56,-0.56,-0.419
3889.7,-83.0,957.0,-176.0,0.49,-0.769,-0.56
3889.88,-78.0,958.0,-175.0,0.419,-0.91,-0.699
3890.6,-77.0,953.0,-177.0,0.56,-0.56,-0.209
3890.24,-86.0,960.0,-175.0,0.349,-0.91,-0.769
3890.42,-74.0,953.0,-178.0,0.56,-0.56,-0.349
3890.61,-86.0,960.0,-176.0,0.419,-0.839,-0.699
3890.79,-77.0,956.0,-176.0,0.419,-0.699,-0.49
3890.97,-83.0,960.0,-177.0,0.49,-0.769,-0.56
3891.15,-76.0,956.0,-176.0,0.349,-0.699,-0.56
3891.34,-80.0,958.0,-177.0,0.49,-0.56,-0.419
3891.52,-79.0,959.0,-175.0,0.28,-0.839,-0.699
3891.7,-77.0,954.0,-176.0,0.629,-0.56,-0.209
3891.88,-85.0,960.0,-174.0,0.49,-0.98,-0.699
3892.6,-76.0,955.0,-178.0,0.49,-0.629,-0.419
3892.25,-84.0,956.0,-177.0,0.56,-0.91,-0.56
3892.43,-78.0,957.0,-175.0,0.419,-0.769,-0.629
3893.52,-81.0,957.0,-176.0,0.56,-0.699,-0.419
3893.7,-81.0,956.0,-176.0,0.28,-0.769,-0.629
3893.89,-82.0,956.0,-177.0,0.629,-0.56,-0.49
3894.7,-81.0,959.0,-175.0,0.28,-0.91,-0.769
3894.25,-80.0,955.0,-177.0,0.419,-0.56,-0.49
3894.43,-80.0,956.0,-177.0,0.629,-0.769,-0.419
3894.62,-81.0,958.0,-174.0,0.209,-0.91,-0.769
3894.8,-84.0,955.0,-177.0,0.56,-0.629,-0.56
3894.98,-77.0,957.0,-174.0,0.14,-1.049,-0.699
3895.16,-84.0,959.0,-175.0,0.49,-0.49,-0.419
3895.35,-82.0,958.0,-175.0,0.349,-1.049,-0.91
3901.54,-62.0,947.0,-185.0,0.56,-0.56,-0.349
3901.72,-93.0,957.0,-182.0,0.91,-0.49,-0.56
3901.91,-76.0,957.0,-179.0,0.349,-0.629,-0.769
3902.27,-82.0,955.0,-176.0,0.14,-0.769,-0.49
3902.45,-84.0,966.0,-169.0,-0.209,-0.839,-0.629
3902.64,-77.0,955.0,-175.0,0.07,-0.699,-0.56
3902.82,-80.0,959.0,-171.0,0.49,-0.769,-0.56
3903.0,-76.0,956.0,-175.0,0.49,-0.49,-0.209
3903.18,-87.0,960.0,-176.0,0.56,-1.12,-0.839
3903.36,-72.0,955.0,-175.0,0.839,-0.769,-0.349
3903.55,-82.0,959.0,-175.0,0.28,-0.769,-0.56
3903.73,-75.0,952.0,-182.0,0.699,-0.629,-0.28
3903.91,-85.0,958.0,-177.0,0.56,-0.839,-0.49
3904.9,-79.0,958.0,-177.0,0.14,-0.769,-0.839
3904.28,-75.0,955.0,-176.0,0.349,-0.49,-0.419
3904.46,-80.0,960.0,-172.0,0.28,-0.769,-0.629
3904.64,-83.0,956.0,-174.0,0.28,-0.699,-0.49
3904.82,-85.0,964.0,-168.0,0.209,-1.259,-1.12
3905.19,-88.0,960.0,-174.0,0.28,-1.259,-1.049
3905.37,-76.0,955.0,-178.0,0.56,-0.629,-0.349
3905.55,-84.0,955.0,-180.0,0.349,-0.98,-0.699
3905.73,-80.0,956.0,-174.0,0.14,-0.98,-0.699
3905.92,-75.0,959.0,-173.0,0.209,-0.49,-0.14
3906.1,-82.0,960.0,-173.0,0.14,-0.839,-0.699
3906.28,-78.0,956.0,-174.0,0.419,-0.699,-0.28
3906.46,-78.0,961.0,-172.0,0.28,-0.839,-0.49
3906.64,-79.0,957.0,-177.0,0.629,-0.699,-0.28
3906.83,-79.0,955.0,-177.0,0.769,-0.769,-0.49
3907.1,-82.0,959.0,-177.0,0.49,-0.769,-0.56
3907.19,-80.0,955.0,-179.0,0.699,-0.49,-0.419
3907.37,-83.0,959.0,-176.0,0.419,-0.91,-0.629
3907.56,-78.0,958.0,-175.0,0.629,-0.56,-0.56
3907.74,-79.0,956.0,-175.0,0.49,-0.49,-0.28
3907.92,-81.0,962.0,-173.0,0.629,-0.699,-0.629
3908.1,-77.0,956.0,-175.0,0.56,-0.56,-0.349
3908.28,-82.0,958.0,-177.0,0.629,-0.629,-0.49
3908.47,-76.0,956.0,-176.0,0.629,-0.699,-0.56
3908.65,-81.0,956.0,-177.0,0.629,-0.629,-0.56
3908.83,-78.0,956.0,-175.0,0.419,-0.839,-0.699
3909.1,-81.0,957.0,-176.0,0.56,-0.629,-0.419
3909.2,-82.0,956.0,-176.0,0.28,-0.98,-0.769
3909.38,-75.0,954.0,-178.0,0.56,-0.699,-0.49
3909.56,-85.0,960.0,-175.0,0.629,-0.56,-0.56
3909.74,-79.0,958.0,-174.0,0.28,-0.91,-0.91
3909.93,-76.0,955.0,-177.0,0.629,-0.49,-0.209
3910.11,-82.0,959.0,-173.0,0.349,-0.91,-0.699
3910.29,-79.0,953.0,-177.0,0.419,-0.56,-0.419
3910.47,-81.0,959.0,-174.0,0.699,-0.91,-0.769
3910.65,-74.0,955.0,-175.0,0.49,-0.56,-0.349
3910.84,-83.0,957.0,-176.0,0.56,-0.91,-0.769
3911.2,-71.0,956.0,-175.0,0.49,-0.839,-0.419
3911.2,-83.0,958.0,-176.0,0.419,-0.699,-0.629
3911.38,-76.0,954.0,-177.0,0.28,-0.839,-0.699
3911.57,-79.0,956.0,-177.0,0.49,-0.56,-0.419
3915.21,-80.0,958.0,-174.0,0.349,-0.839,-0.49
3915.39,-80.0,957.0,-175.0,0.49,-0.769,-0.56
3915.58,-80.0,955.0,-177.0,0.49,-0.769,-0.56
3915.76,-81.0,957.0,-176.0,0.56,-0.769,-0.629
3915.94,-79.0,956.0,-176.0,0.419,-0.91,-0.629
3916.12,-82.0,956.0,-176.0,0.49,-0.699,-0.419
3916.3,-81.0,959.0,-175.0,0.28,-0.839,-0.699
3916.49,-80.0,955.0,-178.0,0.49,-0.56,-0.419
3916.67,-83.0,959.0,-175.0,0.349,-0.98,-0.769
3916.85,-76.0,956.0,-175.0,0.49,-0.629,-0.56
3917.3,-82.0,957.0,-176.0,0.49,-0.699,-0.49
3917.22,-80.0,956.0,-177.0,0.56,-0.769,-0.56
3923.5,-81.0,957.0,-176.0,0.349,-0.769,-0.56
3923.23,-81.0,956.0,-176.0,0.419,-0.629,-0.56
3923.41,-82.0,958.0,-176.0,0.419,-0.769,-0.49
3923.59,-81.0,956.0,-176.0,0.419,-0.699,-0.56
3923.78,-81.0,957.0,-176.0,0.419,-0.699,-0.49
3923.96,-80.0,955.0,-176.0,0.419,-0.769,-0.49
3924.14,-82.0,957.0,-175.0,0.419,-0.699,-0.56
3924.32,-80.0,957.0,-176.0,0.49,-0.769,-0.56
3924.51,-81.0,956.0,-176.0,0.419,-0.699,-0.56
3924.69,-80.0,957.0,-176.0,0.349,-0.769,-0.629
3924.87,-79.0,957.0,-175.0,0.419,-0.769,-0.49
3925.5,-80.0,957.0,-175.0,0.349,-0.839,-0.49
3925.23,-79.0,956.0,-177.0,0.349,-0.699,-0.49
3925.42,-82.0,957.0,-175.0,0.419,-0.839,-0.56
3925.6,-79.0,956.0,-176.0,0.419,-0.769,-0.49
3925.78,-81.0,958.0,-176.0,0.349,-0.769,-0.56
3925.96,-81.0,958.0,-175.0,0.419,-0.769,-0.56
3926.15,-80.0,958.0,-175.0,0.349,-0.839,-0.56
3926.33,-82.0,957.0,-175.0,0.419,-0.699,-0.49
3926.51,-81.0,958.0,-175.0,0.419,-0.769,-0.56
3926.69,-81.0,957.0,-176.0,0.49,-0.699,-0.419
3926.88,-82.0,958.0,-176.0,0.419,-0.769,-0.629
3927.6,-79.0,958.0,-175.0,0.349,-0.699,-0.56
3927.24,-79.0,956.0,-177.0,0.49,-0.699,-0.349
3927.42,-81.0,957.0,-176.0,0.419,-0.769,-0.629
3927.6,-81.0,957.0,-176.0,0.49,-0.699,-0.49
3927.79,-80.0,957.0,-176.0,0.49,-0.699,-0.56
3927.97,-80.0,957.0,-176.0,0.419,-0.699,-0.49
3928.15,-81.0,957.0,-176.0,0.349,-0.769,-0.56
3928.33,-80.0,957.0,-176.0,0.49,-0.769,-0.56
3928.52,-80.0,957.0,-175.0,0.349,-0.699,-0.49
3928.7,-82.0,957.0,-175.0,0.419,-0.699,-0.56
3928.88,-81.0,957.0,-176.0,0.629,-0.769,-0.56
3929.79,-81.0,957.0,-176.0,0.419,-0.699,-0.629
3929.97,-76.0,957.0,-175.0,0.349,-0.699,-0.56
3930.16,-80.0,958.0,-176.0,0.49,-0.699,-0.49
3930.34,-79.0,957.0,-175.0,0.349,-0.839,-0.629
3930.52,-80.0,957.0,-175.0,0.419,-0.699,-0.419
3930.7,-80.0,958.0,-175.0,0.419,-0.839,-0.699
3930.88,-80.0,956.0,-176.0,0.49,-0.629,-0.49
3931.7,-83.0,957.0,-177.0,0.419,-0.839,-0.629
3931.25,-78.0,956.0,-176.0,0.419,-0.769,-0.629
3931.43,-80.0,957.0,-175.0,0.349,-0.699,-0.49
3931.61,-81.0,957.0,-175.0,0.419,-0.769,-0.629
3931.8,-78.0,957.0,-175.0,0.349,-0.769,-0.629
3931.98,-80.0,957.0,-175.0,0.49,-0.699,-0.419
3932.16,-81.0,958.0,-175.0,0.349,-0.769,-0.56
3932.34,-80.0,958.0,-176.0,0.419,-0.769,-0.629
3932.53,-78.0,957.0,-176.0,0.419,-0.769,-0.56
3932.71,-81.0,958.0,-176.0,0.419,-0.769,-0.56
3932.89,-78.0,958.0,-176.0,0.349,-0.839,-0.629
3933.7,-79.0,956.0,-178.0,0.349,-0.56,-0.349
3933.25,-84.0,957.0,-178.0,0.49,-0.769,-0.56
3933.44,-77.0,956.0,-177.0,0.349,-0.769,-0.699
3933.62,-77.0,955.0,-178.0,0.49,-0.56,-0.349
3933.8,-83.0,960.0,-176.0,0.349,-0.91,-0.629
3933.98,-73.0,957.0,-176.0,0.49,-0.769,-0.49
3934.17,-80.0,958.0,-175.0,0.419,-0.699,-0.49
3934.35,-80.0,959.0,-175.0,0.49,-0.839,-0.629
3934.53,-78.0,954.0,-178.0,0.56,-0.56,-0.349
3934.71,-83.0,961.0,-177.0,0.56,-1.049,-0.98
3934.89,-70.0,953.0,-179.0,0.419,-0.419,-0.209
3935.8,-88.0,960.0,-177.0,0.56,-0.699,-0.629
3935.26,-70.0,955.0,-177.0,0.349,-0.769,-0.49
3935.44,-83.0,957.0,-176.0,0.56,-0.629,-0.349
3935.62,-78.0,957.0,-175.0,0.28,-0.91,-0.629
3935.81,-80.0,958.0,-176.0,0.49,-0.699,-0.49
3935.99,-78.0,956.0,-175.0,0.349,-0.699,-0.56
3936.17,-82.0,959.0,-174.0,0.49,-0.629,-0.56
3936.35,-76.0,957.0,-175.0,0.349,-0.699,-0.629
3936.54,-81.0,957.0,-174.0,0.349,-0.629,-0.419
3936.72,-79.0,958.0,-174.0,0.49,-0.839,-0.56
3936.9,-80.0,956.0,-175.0,0.56,-0.769,-0.349
3937.8,-81.0,957.0,-175.0,0.349,-0.769,-0.629
3937.26,-79.0,956.0,-176.0,0.419,-0.769,-0.419
3937.45,-81.0,957.0,-175.0,0.419,-0.699,-0.49
3937.63,-81.0,957.0,-174.0,0.349,-0.839,-0.629
3937.81,-81.0,956.0,-175.0,0.349,-0.699,-0.56
3937.99,-80.0,957.0,-175.0,0.419,-0.629,-0.56
3938.18,-81.0,958.0,-175.0,0.49,-0.769,-0.56
3938.36,-79.0,958.0,-175.0,0.49,-0.699,-0.56
3938.54,-80.0,957.0,-176.0,0.49,-0.699,-0.49
3938.72,-80.0,958.0,-176.0,0.419,-0.839,-0.56
3938.9,-81.0,956.0,-178.0,0.49,-0.699,-0.49
3939.9,-80.0,957.0,-177.0,0.28,-0.769,-0.629
3939.27,-81.0,957.0,-177.0,0.419,-0.629,-0.49
3939.45,-79.0,955.0,-177.0,0.209,-0.769,-0.56
3939.63,-84.0,959.0,-175.0,0.49,-0.699,-0.56
3939.82,-78.0,956.0,-174.0,0.28,-0.769,-0.56
3940.0,-83.0,960.0,-174.0,0.349,-0.839,-0.56
3940.18,-74.0,956.0,-175.0,0.28,-0.839,-0.56
3940.36,-84.0,959.0,-174.0,0.419,-0.769,-0.49
3940.54,-81.0,957.0,-175.0,0.419,-0.769,-0.629
3940.73,-81.0,957.0,-176.0,0.419,-0.769,-0.629
3940.91,-81.0,957.0,-177.0,0.49,-0.769,-0.56
3941.9,-81.0,957.0,-176.0,0.49,-0.769,-0.56
3941.27,-81.0,958.0,-176.0,0.28,-0.699,-0.629
3941.46,-80.0,958.0,-176.0,0.419,-0.699,-0.49
3941.64,-79.0,957.0,-177.0,0.419,-0.699,-0.419
3941.82,-81.0,957.0,-176.0,0.49,-0.769,-0.56
3942.0,-81.0,958.0,-175.0,0.419,-0.839,-0.56
3942.18,-79.0,958.0,-175.0,0.419,-0.769,-0.56
3942.37,-81.0,957.0,-176.0,0.49,-0.56,-0.49
3942.55,-80.0,958.0,-174.0,0.419,-0.839,-0.699
3942.73,-79.0,957.0,-175.0,0.49,-0.629,-0.49
3942.91,-81.0,958.0,-176.0,0.349,-0.769,-0.49
3946.56,-78.0,957.0,-175.0,0.419,-0.699,-0.56
3946.74,-80.0,956.0,-175.0,0.349,-0.699,-0.49
3946.92,-80.0,958.0,-173.0,0.419,-0.769,-0.56
3947.1,-79.0,957.0,-175.0,0.419,-0.699,-0.49
3947.29,-85.0,956.0,-177.0,0.699,-0.839,-0.629
3947.47,-74.0,957.0,-176.0,0.28,-0.98,-0.839
3947.65,-82.0,955.0,-177.0,0.629,-0.419,-0.209
3947.83,-84.0,959.0,-176.0,0.349,-0.98,-0.91
3948.2,-76.0,956.0,-177.0,0.419,-0.56,-0.349
3948.2,-84.0,959.0,-174.0,0.349,-0.839,-0.699
3948.38,-78.0,956.0,-177.0,0.49,-0.699,-0.56
3948.56,-80.0,958.0,-173.0,0.349,-0.839,-0.629
3948.75,-81.0,956.0,-177.0,0.49,-0.699,-0.419
3948.93,-81.0,959.0,-175.0,0.419,-0.769,-0.629
3949.11,-78.0,956.0,-177.0,0.49,-0.629,-0.419
3949.29,-82.0,960.0,-175.0,0.349,-0.839,-0.699
3949.47,-77.0,956.0,-176.0,0.49,-0.629,-0.419
3949.66,-83.0,958.0,-174.0,0.419,-0.769,-0.56
3949.84,-79.0,956.0,-175.0,0.419,-0.699,-0.419
3950.2,-82.0,959.0,-175.0,0.349,-0.769,-0.699
3950.2,-81.0,956.0,-178.0,0.56,-0.699,-0.49
3950.39,-82.0,957.0,-176.0,0.419,-0.769,-0.629
3950.57,-80.0,956.0,-177.0,0.419,-0.629,-0.49
3950.75,-83.0,957.0,-177.0,0.349,-0.769,-0.629
3950.93,-81.0,958.0,-176.0,0.49,-0.839,-0.629
3951.11,-79.0,958.0,-174.0,0.349,-0.629,-0.56
3951.3,-79.0,957.0,-177.0,0.349,-0.699,-0.49
3951.48,-81.0,958.0,-177.0,0.49,-0.769,-0.49
3951.66,-79.0,957.0,-177.0,0.419,-0.91,-0.56
3951.84,-80.0,957.0,-176.0,0.419,-0.699,-0.56
3952.3,-82.0,957.0,-178.0,0.49,-0.629,-0.56
3952.21,-82.0,957.0,-177.0,0.419,-0.839,-0.56
3952.39,-78.0,956.0,-177.0,0.49,-0.839,-0.56
3952.57,-78.0,957.0,-176.0,0.419,-0.629,-0.56
3952.75,-81.0,957.0,-177.0,0.28,-0.769,-0.56
3952.94,-79.0,957.0,-176.0,0.419,-0.769,-0.56
3953.12,-81.0,958.0,-175.0,0.419,-0.699,-0.419
3953.3,-81.0,958.0,-176.0,0.419,-0.769,-0.56
3953.48,-80.0,958.0,-176.0,0.419,-0.769,-0.56
3953.67,-79.0,957.0,-176.0,0.49,-0.769,-0.56
3953.85,-81.0,956.0,-175.0,0.49,-0.699,-0.56
3954.3,-80.0,957.0,-175.0,0.349,-0.98,-0.699
3954.21,-78.0,956.0,-176.0,0.419,-0.699,-0.49
3954.39,-82.0,959.0,-173.0,0.49,-0.769,-0.629
3954.58,-76.0,955.0,-176.0,0.419,-0.629,-0.419
3954.76,-85.0,962.0,-172.0,0.349,-0.839,-0.769
3954.94,-75.0,954.0,-176.0,0.56,-0.56,-0.349
3955.12,-85.0,961.0,-174.0,0.419,-0.98,-0.91
3955.31,-75.0,954.0,-176.0,0.56,-0.629,-0.419
3955.49,-84.0,958.0,-176.0,0.419,-0.769,-0.629
3955.67,-79.0,955.0,-178.0,0.49,-0.769,-0.56
3955.85,-82.0,957.0,-174.0,0.349,-0.699,-0.699
3956.3,-80.0,956.0,-176.0,0.419,-0.56,-0.49
3956.22,-82.0,959.0,-174.0,0.28,-0.839,-0.699
3956.4,-81.0,957.0,-175.0,0.49,-0.629,-0.49
3956.58,-79.0,957.0,-175.0,0.349,-0.769,-0.629
3956.76,-79.0,957.0,-176.0,0.419,-0.629,-0.49
3956.95,-81.0,957.0,-177.0,0.49,-0.699,-0.56
3957.13,-78.0,958.0,-176.0,0.419,-0.769,-0.56
3957.31,-81.0,956.0,-176.0,0.49,-0.629,-0.49
3957.49,-81.0,957.0,-176.0,0.349,-0.769,-0.629
3957.67,-79.0,956.0,-175.0,0.419,-0.629,-0.49
3957.86,-81.0,958.0,-176.0,0.419,-0.839,-0.629
3958.4,-80.0,957.0,-176.0,0.49,-0.769,-0.629
3958.22,-80.0,958.0,-176.0,0.49,-0.769,-0.56
3960.23,-81.0,957.0,-176.0,0.349,-0.839,-0.629
3960.41,-79.0,957.0,-175.0,0.419,-0.699,-0.629
3960.59,-81.0,957.0,-175.0,0.49,-0.699,-0.56
3960.77,-80.0,957.0,-176.0,0.49,-0.769,-0.629
3960.96,-79.0,957.0,-174.0,0.349,-0.629,-0.419
3961.14,-80.0,957.0,-176.0,0.419,-0.699,-0.56
3961.32,-79.0,957.0,-177.0,0.349,-0.699,-0.56
3961.5,-81.0,958.0,-175.0,0.419,-0.699,-0.56
3961.68,-80.0,957.0,-176.0,0.419,-0.699,-0.49
3961.87,-79.0,957.0,-176.0,0.419,-0.699,-0.56
3962.5,-78.0,957.0,-177.0,0.419,-0.769,-0.56
3962.23,-81.0,957.0,-176.0,0.49,-0.769,-0.56
3962.41,-80.0,957.0,-177.0,0.419,-0.629,-0.56
3962.6,-79.0,957.0,-177.0,0.419,-0.769,-0.56
3962.78,-80.0,956.0,-176.0,0.419,-0.699,-0.56
3962.96,-80.0,956.0,-175.0,0.419,-0.699,-0.49
3963.14,-81.0,958.0,-176.0,0.419,-0.769,-0.56
3963.32,-79.0,957.0,-176.0,0.349,-0.769,-0.56
3963.51,-80.0,957.0,-176.0,0.49,-0.699,-0.49
3963.69,-81.0,957.0,-179.0,0.349,-0.699,-0.56
3963.87,-79.0,957.0,-177.0,0.419,-0.769,-0.56
3964.5,-81.0,957.0,-178.0,0.49,-0.769,-0.56
3964.24,-79.0,957.0,-179.0,0.49,-0.699,-0.49
3964.42,-80.0,957.0,-178.0,0.49,-0.699,-0.56
3964.6,-80.0,958.0,-178.0,0.419,-0.769,-0.56
3964.78,-79.0,957.0,-178.0,0.419,-0.769,-0.56
3964.97,-80.0,957.0,-177.0,0.49,-0.699,-0.49
3965.15,-80.0,957.0,-176.0,0.49,-0.839,-0.56
3965.33,-80.0,957.0,-178.0,0.419,-0.839,-0.56
3965.51,-81.0,956.0,-178.0,0.349,-0.769,-0.629
3965.69,-80.0,956.0,-178.0,0.419,-0.769,-0.56
3965.88,-80.0,957.0,-176.0,0.49,-0.699,-0.56
3966.6,-79.0,957.0,-177.0,0.49,-0.699,-0.49
3966.24,-80.0,957.0,-177.0,0.419,-0.699,-0.49
3966.42,-80.0,956.0,-177.0,0.419,-0.769,-0.56
3966.61,-80.0,956.0,-176.0,0.49,-0.769,-0.49
3966.79,-80.0,957.0,-176.0,0.419,-0.769,-0.419
3966.97,-80.0,959.0,-176.0,0.49,-0.769,-0.56
3967.15,-80.0,957.0,-176.0,0.349,-0.699,-0.49
3967.33,-82.0,957.0,-175.0,0.49,-0.699,-0.49
3967.52,-81.0,958.0,-176.0,0.419,-0.839,-0.629
3967.7,-78.0,957.0,-175.0,0.49,-0.699,-0.49
3967.88,-82.0,958.0,-176.0,0.49,-0.769,-0.56
3968.6,-79.0,956.0,-175.0,0.49,-0.769,-0.56
3969.16,-80.0,957.0,-176.0,0.419,-0.699,-0.56
3969.34,-81.0,958.0,-176.0,0.49,-0.769,-0.49
3969.52,-80.0,957.0,-176.0,0.349,-0.769,-0.56
3969.7,-80.0,958.0,-176.0,0.419,-0.769,-0.56
3969.89,-80.0,957.0,-175.0,0.49,-0.769,-0.56
3970.7,-80.0,957.0,-175.0,0.349,-0.769,-0.56
3970.25,-80.0,958.0,-176.0,0.349,-0.769,-0.56
3970.43,-81.0,956.0,-175.0,0.349,-0.699,-0.629
3970.62,-80.0,956.0,-176.0,0.419,-0.769,-0.56
3970.8,-81.0,957.0,-175.0,0.49,-0.769,-0.56
3970.98,-80.0,957.0,-175.0,0.419,-0.769,-0.56
3971.16,-81.0,957.0,-175.0,0.49,-0.769,-0.49
3971.34,-81.0,957.0,-176.0,0.349,-0.699,-0.56
3971.53,-80.0,958.0,-177.0,0.419,-0.699,-0.49
3971.71,-82.0,958.0,-176.0,0.419,-0.699,-0.629
3971.89,-79.0,957.0,-176.0,0.419,-0.699,-0.56
3972.7,-80.0,957.0,-175.0,0.419,-0.699,-0.56
3972.26,-81.0,957.0,-176.0,0.419,-0.769,-0.56
3972.44,-80.0,957.0,-175.0,0.419,-0.699,-0.56
3972.62,-80.0,957.0,-176.0,0.49,-0.769,-0.56
3972.8,-80.0,957.0,-176.0,0.419,-0.769,-0.49
3977.18,-81.0,957.0,-176.0,0.49,-0.769,-0.56
3977.36,-79.0,958.0,-175.0,0.349,-0.769,-0.56
3977.54,-82.0,957.0,-176.0,0.49,-0.699,-0.49
3977.72,-79.0,957.0,-175.0,0.419,-0.839,-0.56
3977.91,-79.0,956.0,-175.0,0.419,-0.699,-0.49
3978.9,-81.0,958.0,-175.0,0.419,-0.769,-0.56
3978.27,-80.0,957.0,-175.0,0.49,-0.699,-0.49
3978.45,-80.0,957.0,-175.0,0.419,-0.699,-0.56
3978.64,-80.0,958.0,-175.0,0.349,-0.699,-0.49
3978.82,-81.0,957.0,-176.0,0.349,-0.699,-0.56
3979.0,-79.0,957.0,-175.0,0.419,-0.699,-0.49
3979.18,-81.0,956.0,-176.0,0.419,-0.769,-0.56
3979.36,-81.0,958.0,-175.0,0.419,-0.699,-0.629
3979.55,-80.0,957.0,-176.0,0.419,-0.629,-0.49
3979.73,-80.0,957.0,-175.0,0.419,-0.699,-0.56
3979.91,-80.0,957.0,-175.0,0.419,-0.699,-0.56
3980.9,-79.0,957.0,-175.0,0.349,-0.769,-0.49
3980.28,-80.0,957.0,-176.0,0.49,-0.629,-0.49
3980.46,-80.0,957.0,-177.0,0.419,-0.839,-0.629
3980.64,-79.0,956.0,-176.0,0.419,-0.629,-0.49
3980.82,-80.0,958.0,-175.0,0.349,-0.769,-0.56
3981.0,-79.0,957.0,-176.0,0.419,-0.699,-0.49
3981.19,-80.0,959.0,-175.0,0.349,-0.699,-0.629
3981.37,-78.0,956.0,-175.0,0.419,-0.699,-0.419
3981.55,-81.0,957.0,-176.0,0.49,-0.769,-0.56
3981.73,-79.0,957.0,-175.0,0.349,-0.769,-0.49
3981.92,-81.0,958.0,-176.0,0.49,-0.699,-0.56
3982.1,-79.0,958.0,-175.0,0.49,-0.769,-0.699
3982.28,-78.0,957.0,-175.0,0.419,-0.699,-0.49
3982.46,-81.0,956.0,-175.0,0.419,-0.769,-0.56
3982.65,-81.0,958.0,-175.0,0.419,-0.769,-0.629
3982.83,-81.0,957.0,-175.0,0.419,-0.839,-0.56
3983.1,-77.0,956.0,-176.0,0.349,-0.839,-0.629
3983.19,-82.0,956.0,-176.0,0.56,-0.629,-0.49
3983.37,-79.0,956.0,-177.0,0.419,-0.769,-0.56
3983.56,-82.0,958.0,-176.0,0.56,-0.769,-0.56
3983.74,-75.0,955.0,-177.0,0.28,-0.769,-0.629
3983.92,-85.0,959.0,-175.0,0.699,-0.699,-0.49
3984.1,-71.0,955.0,-176.0,0.07,-0.98,-0.629
3984.29,-83.0,958.0,-175.0,0.699,-0.49,-0.209
3984.47,-79.0,957.0,-175.0,0.28,-0.98,-0.769
3984.65,-78.0,957.0,-176.0,0.49,-0.56,-0.349
3984.83,-81.0,958.0,-176.0,0.419,-0.839,-0.629
3985.2,-77.0,956.0,-175.0,0.419,-0.699,-0.419
3985.2,-83.0,959.0,-174.0,0.49,-0.839,-0.56
3985.38,-77.0,956.0,-176.0,0.419,-0.699,-0.49
3985.56,-80.0,958.0,-176.0,0.419,-0.839,-0.56
3985.74,-81.0,956.0,-176.0,0.49,-0.699,-0.49
3985.93,-79.0,957.0,-175.0,0.349,-0.91,-0.629
3986.11,-79.0,955.0,-176.0,0.56,-0.56,-0.419
3986.29,-82.0,958.0,-175.0,0.49,-0.839,-0.699
3986.47,-77.0,955.0,-176.0,0.56,-0.629,-0.419
3986.66,-82.0,959.0,-175.0,0.419,-0.839,-0.629
3986.84,-78.0,956.0,-176.0,0.419,-0.699,-0.56
3987.2,-81.0,958.0,-176.0,0.49,-0.769,-0.56
3987.2,-79.0,956.0,-177.0,0.349,-0.769,-0.56
3987.38,-82.0,957.0,-177.0,0.419,-0.699,-0.49
3987.57,-78.0,958.0,-175.0,0.349,-0.91,-0.699
3987.75,-79.0,956.0,-176.0,0.349,-0.56,-0.419
3987.93,-84.0,958.0,-175.0,0.349,-0.839,-0.56
3988.11,-79.0,957.0,-176.0,0.419,-0.769,-0.629
3988.3,-80.0,957.0,-176.0,0.49,-0.629,-0.49
3988.48,-80.0,957.0,-177.0,0.49,-0.769,-0.629
3988.66,-79.0,959.0,-178.0,0.49,-0.699,-0.49
3988.84,-81.0,956.0,-178.0,0.419,-0.769,-0.56
3989.3,-82.0,956.0,-177.0,0.419,-0.839,-0.629
3989.21,-83.0,957.0,-178.0,0.349,-0.769,-0.56
3989.39,-81.0,956.0,-179.0,0.419,-0.699,-0.49
3989.57,-81.0,958.0,-177.0,0.349,-0.839,-0.629
3989.75,-80.0,957.0,-177.0,0.419,-0.699,-0.56
3989.94,-82.0,957.0,-177.0,0.349,-0.769,-0.56
3990.12,-79.0,957.0,-178.0,0.349,-0.769,-0.49
3990.3,-82.0,958.0,-177.0,0.419,-0.699,-0.56
3990.48,-80.0,958.0,-175.0,0.49,-0.769,-0.629
3990.67,-81.0,957.0,-177.0,0.49,-0.699,-0.629
3990.85,-80.0,956.0,-177.0,0.49,-0.699,-0.49
3991.3,-82.0,958.0,-175.0,0.349,-0.769,-0.629
3991.21,-81.0,956.0,-178.0,0.49,-0.629,-0.49
3991.4,-80.0,958.0,-177.0,0.28,-0.769,-0.56
3991.58,-80.0,959.0,-177.0,0.49,-0.629,-0.56
3991.76,-81.0,957.0,-177.0,0.349,-0.769,-0.56
3991.94,-81.0,958.0,-176.0,0.49,-0.699,-0.49
3992.12,-78.0,957.0,-178.0,0.28,-0.839,-0.49
3992.31,-81.0,956.0,-177.0,0.49,-0.56,-0.419
3992.49,-80.0,957.0,-176.0,0.419,-0.769,-0.56
3992.67,-80.0,956.0,-176.0,0.49,-0.699,-0.49
3992.85,-79.0,957.0,-178.0,0.419,-0.839,-0.56
3993.4,-79.0,957.0,-177.0,0.419,-0.629,-0.49
3993.22,-80.0,958.0,-175.0,0.419,-0.769,-0.629
3993.4,-80.0,957.0,-177.0,0.49,-0.699,-0.56
3993.58,-80.0,958.0,-177.0,0.419,-0.839,-0.56
3993.77,-79.0,956.0,-175.0,0.419,-0.769,-0.49
3993.95,-81.0,957.0,-177.0,0.419,-0.769,-0.49
3994.13,-80.0,958.0,-175.0,0.349,-0.769,-0.56
3994.31,-80.0,957.0,-175.0,0.419,-0.699,-0.49
3994.49,-79.0,958.0,-175.0,0.419,-0.769,-0.56
3994.68,-79.0,956.0,-176.0,0.56,-0.629,-0.419
3994.86,-83.0,960.0,-173.0,0.349,-0.839,-0.699
3995.4,-78.0,955.0,-177.0,0.56,-0.629,-0.349
3995.22,-83.0,958.0,-175.0,0.419,-0.91,-0.699
3995.41,-78.0,957.0,-175.0,0.49,-0.56,-0.49
3995.59,-81.0,957.0,-177.0,0.349,-0.769,-0.699
3995.77,-77.0,955.0,-176.0,0.49,-0.629,-0.419
3995.95,-81.0,958.0,-176.0,0.419,-0.769,-0.629
3996.14,-77.0,957.0,-175.0,0.349,-0.769,-0.49
3996.32,-81.0,956.0,-177.0,0.419,-0.629,-0.49
3996.5,-81.0,958.0,-175.0,0.419,-0.91,-0.629
3996.68,-78.0,957.0,-176.0,0.419,-0.769,-0.49
3996.86,-81.0,957.0,-176.0,0.49,-0.769,-0.56
3997.96,-80.0,957.0,-177.0,0.49,-0.699,-0.49
3998.14,-81.0,957.0,-175.0,0.349,-0.91,-0.629
3998.32,-77.0,956.0,-178.0,0.419,-0.56,-0.419
3998.51,-80.0,959.0,-174.0,0.349,-0.839,-0.629
3998.69,-78.0,958.0,-175.0,0.419,-0.839,-0.56
3998.87,-79.0,956.0,-178.0,0.49,-0.699,-0.49
3999.5,-79.0,958.0,-175.0,0.349,-0.769,-0.629
3999.23,-80.0,954.0,-178.0,0.56,-0.629,-0.419
3999.42,-83.0,958.0,-174.0,0.349,-0.91,-0.699
3999.6,-77.0,956.0,-177.0,0.49,-0.629,-0.49
3999.78,-84.0,958.0,-175.0,0.419,-0.839,-0.56
4005.25,-78.0,957.0,-175.0,0.28,-0.839,-0.699
4005.43,-78.0,957.0,-176.0,0.419,-0.56,-0.349
4005.61,-83.0,958.0,-175.0,0.349,-0.769,-0.49
4005.8,-80.0,957.0,-176.0,0.419,-0.839,-0.629
4005.98,-80.0,958.0,-174.0,0.49,-0.769,-0.56
4006.16,-80.0,957.0,-175.0,0.28,-0.699,-0.56
4006.34,-82.0,958.0,-175.0,0.419,-0.839,-0.56
4006.53,-78.0,956.0,-175.0,0.349,-0.699,-0.56
4006.71,-82.0,958.0,-176.0,0.28,-0.769,-0.49
4006.89,-81.0,957.0,-175.0,0.419,-0.699,-0.629
4007.7,-81.0,958.0,-174.0,0.419,-0.839,-0.629
4007.26,-79.0,955.0,-176.0,0.28,-0.629,-0.49
4007.44,-84.0,958.0,-175.0,0.49,-0.769,-0.49
4007.62,-76.0,958.0,-174.0,0.28,-0.91,-0.629
4007.8,-81.0,958.0,-175.0,0.419,-0.629,-0.419
4007.98,-80.0,956.0,-175.0,0.349,-0.91,-0.629
4008.17,-81.0,957.0,-175.0,0.419,-0.769,-0.49
4008.35,-81.0,958.0,-175.0,0.49,-0.769,-0.629
4008.53,-79.0,957.0,-175.0,0.419,-0.699,-0.49
4008.71,-82.0,957.0,-175.0,0.56,-0.56,-0.56
4008.9,-81.0,958.0,-173.0,0.419,-0.839,-0.56
4009.8,-79.0,957.0,-174.0,0.349,-0.699,-0.56
4009.26,-83.0,958.0,-173.0,0.49,-0.91,-0.56
4009.44,-78.0,958.0,-174.0,0.349,-0.839,-0.629
4009.62,-80.0,956.0,-176.0,0.629,-0.56,-0.349
4009.81,-84.0,958.0,-176.0,0.49,-0.769,-0.699
4009.99,-78.0,955.0,-176.0,0.419,-0.699,-0.419
4010.17,-84.0,958.0,-178.0,0.49,-0.699,-0.49
4010.35,-79.0,956.0,-175.0,0.349,-0.839,-0.629
4010.54,-81.0,958.0,-175.0,0.28,-0.629,-0.49
4010.72,-80.0,957.0,-176.0,0.419,-0.629,-0.56
4010.9,-80.0,959.0,-174.0,0.28,-0.839,-0.56
4011.8,-79.0,957.0,-175.0,0.419,-0.769,-0.56
4011.27,-81.0,959.0,-175.0,0.49,-0.769,-0.56
4011.45,-78.0,955.0,-178.0,0.419,-0.769,-0.56
4011.63,-84.0,958.0,-176.0,0.56,-0.699,-0.49
4011.81,-82.0,958.0,-175.0,0.349,-0.839,-0.699
4011.99,-76.0,955.0,-178.0,0.349,-0.629,-0.419
4012.18,-83.0,958.0,-178.0,0.419,-0.769,-0.56
4012.36,-80.0,956.0,-177.0,0.419,-0.629,-0.419
4012.54,-86.0,960.0,-175.0,0.49,-0.839,-0.769
4014.36,-81.0,957.0,-178.0,0.419,-0.769,-0.49
4014.55,-81.0,955.0,-177.0,0.349,-0.629,-0.56
4014.73,-82.0,959.0,-173.0,0.14,-0.839,-0.629
4014.91,-79.0,956.0,-175.0,0.419,-0.56,-0.349
4015.9,-83.0,960.0,-172.0,0.28,-0.98,-0.629
4015.28,-78.0,955.0,-177.0,0.419,-0.629,-0.419
4015.46,-86.0,957.0,-177.0,0.699,-0.839,-0.629
4015.64,-79.0,955.0,-177.0,0.49,-0.769,-0.56
4015.82,-83.0,958.0,-177.0,0.56,-0.699,-0.56
4016.0,-80.0,955.0,-176.0,0.349,-0.56,-0.49
4016.19,-82.0,959.0,-175.0,0.349,-0.56,-0.49
4016.37,-80.0,956.0,-176.0,0.349,-0.699,-0.49
4016.55,-83.0,958.0,-175.0,0.629,-0.699,-0.56
4016.73,-80.0,958.0,-172.0,0.49,-0.769,-0.629
4016.92,-79.0,956.0,-176.0,0.56,-0.699,-0.56
4017.1,-79.0,957.0,-175.0,0.419,-0.839,-0.56
4017.28,-80.0,955.0,-177.0,0.629,-0.699,-0.419
4017.46,-84.0,957.0,-174.0,0.209,-0.769,-0.629
4017.64,-77.0,956.0,-180.0,0.349,-0.629,-0.629
4017.83,-81.0,958.0,-174.0,0.49,-0.769,-0.629
4018.1,-78.0,958.0,-174.0,0.209,-0.769,-0.49
4018.19,-79.0,958.0,-173.0,0.349,-0.629,-0.419
4018.37,-83.0,958.0,-175.0,0.419,-0.839,-0.56
4018.56,-80.0,957.0,-174.0,0.49,-0.769,-0.629
4018.74,-79.0,956.0,-176.0,0.56,-0.699,-0.56
4018.92,-81.0,956.0,-175.0,0.419,-0.769,-0.629
4019.1,-81.0,956.0,-179.0,0.419,-0.839,-0.56
4019.29,-79.0,957.0,-175.0,0.419,-0.629,-0.56
4019.47,-84.0,958.0,-175.0,0.209,-0.769,-0.629
4019.65,-80.0,957.0,-176.0,0.349,-0.769,-0.629
4019.83,-78.0,957.0,-175.0,0.349,-0.769,-0.419
4020.1,-83.0,957.0,-175.0,0.419,-0.629,-0.49
4020.2,-83.0,959.0,-175.0,0.56,-0.769,-0.56
4020.38,-79.0,958.0,-173.0,0.629,-0.629,-0.56
4020.56,-80.0,957.0,-175.0,0.56,-0.56,-0.419
4020.74,-83.0,959.0,-175.0,0.629,-0.91,-0.56
4020.93,-76.0,956.0,-176.0,0.56,-0.56,-0.419
4021.11,-85.0,960.0,-174.0,0.419,-0.699,-0.769
4021.29,-75.0,956.0,-177.0,0.49,-0.419,-0.56
4021.47,-85.0,958.0,-174.0,0.629,-0.629,-0.56
4021.65,-74.0,958.0,-174.0,0.209,-0.839,-0.56
4021.84,-83.0,957.0,-175.0,0.56,-0.49,-0.349
4022.2,-82.0,959.0,-175.0,0.419,-0.839,-0.699
4022.2,-77.0,955.0,-177.0,0.56,-0.349,-0.349
4022.38,-84.0,959.0,-177.0,0.49,-0.839,-0.699
4022.57,-75.0,954.0,-177.0,0.629,-0.49,-0.349
4022.75,-86.0,958.0,-173.0,0.209,-0.769,-0.629
4022.93,-76.0,957.0,-177.0,0.419,-0.699,-0.49
4023.11,-81.0,957.0,-176.0,0.349,-0.769,-0.49
4023.3,-80.0,957.0,-176.0,0.56,-0.699,-0.49
4023.48,-81.0,957.0,-175.0,0.419,-0.839,-0.56
4023.66,-78.0,956.0,-177.0,0.419,-0.699,-0.56
4023.84,-82.0,957.0,-177.0,0.56,-0.629,-0.49
4024.2,-81.0,960.0,-175.0,0.349,-0.839,-0.769
4024.21,-77.0,955.0,-176.0,0.419,-0.629,-0.419
4024.39,-82.0,958.0,-174.0,0.419,-0.769,-0.629
4024.57,-80.0,956.0,-176.0,0.419,-0.769,-0.56
4024.75,-80.0,958.0,-176.0,0.349,-0.839,-0.56
4024.94,-79.0,956.0,-176.0,0.419,-0.629,-0.49
4025.12,-79.0,957.0,-176.0,0.349,-0.769,-0.56
4025.3,-79.0,957.0,-175.0,0.419,-0.699,-0.56
4025.48,-81.0,957.0,-175.0,0.419,-0.629,-0.49
4025.67,-80.0,958.0,-174.0,0.349,-0.699,-0.56
4025.85,-80.0,957.0,-176.0,0.419,-0.769,-0.49
4026.3,-81.0,957.0,-175.0,0.419,-0.769,-0.56
4026.21,-80.0,956.0,-176.0,0.349,-0.769,-0.49
4026.39,-79.0,956.0,-176.0,0.419,-0.699,-0.56
4026.58,-81.0,957.0,-175.0,0.419,-0.769,-0.49
4026.76,-80.0,957.0,-177.0,0.419,-0.699,-0.56
4026.94,-79.0,955.0,-178.0,0.49,-0.699,-0.49
4027.12,-80.0,958.0,-175.0,0.49,-0.769,-0.629
4027.31,-79.0,956.0,-177.0,0.49,-0.769,-0.49
4027.49,-80.0,957.0,-176.0,0.419,-0.769,-0.56
4027.67,-79.0,957.0,-176.0,0.419,-0.699,-0.49
4027.85,-80.0,955.0,-177.0,0.349,-0.699,-0.699
4028.3,-79.0,957.0,-176.0,0.49,-0.769,-0.49
4028.22,-81.0,958.0,-175.0,0.419,-0.769,-0.56
4028.4,-80.0,956.0,-175.0,0.419,-0.769,-0.56
4028.58,-79.0,956.0,-176.0,0.56,-0.769,-0.49
4028.76,-81.0,958.0,-175.0,0.349,-0.769,-0.629
4028.95,-79.0,955.0,-177.0,0.49,-0.56,-0.49
4029.13,-81.0,958.0,-178.0,0.349,-0.839,-0.56
4029.31,-77.0,956.0,-178.0,0.349,-0.629,-0.49
4029.49,-82.0,957.0,-177.0,0.419,-0.769,-0.629
4029.68,-78.0,957.0,-177.0,0.419,-0.769,-0.56
4029.86,-81.0,959.0,-176.0,0.419,-0.699,-0.49
4030.4,-79.0,957.0,-176.0,0.419,-0.769,-0.56
4030.22,-79.0,957.0,-176.0,0.49,-0.769,-0.49
4030.4,-80.0,957.0,-176.0,0.419,-0.769,-0.629
4030.59,-78.0,957.0,-176.0,0.49,-0.769,-0.49
4030.77,-81.0,958.0,-175.0,0.349,-0.839,-0.56
4030.95,-79.0,957.0,-176.0,0.419,-0.699,-0.49
4031.13,-80.0,958.0,-175.0,0.419,-0.769,-0.56
4031.32,-78.0,956.0,-176.0,0.419,-0.769,-0.49
4031.5,-81.0,957.0,-176.0,0.419,-0.769,-0.56
4031.68,-80.0,957.0,-175.0,0.419,-0.769,-0.56
4031.86,-80.0,957.0,-176.0,0.419,-0.699,-0.56
4032.4,-80.0,958.0,-176.0,0.419,-0.769,-0.56
4032.23,-79.0,957.0,-175.0,0.419,-0.769,-0.56
4032.41,-81.0,958.0,-175.0,0.419,-0.769,-0.56
4032.59,-79.0,956.0,-176.0,0.349,-0.699,-0.56
4032.77,-81.0,958.0,-175.0,0.49,-0.699,-0.56
4032.96,-78.0,957.0,-176.0,0.419,-0.769,-0.56
4033.14,-81.0,957.0,-177.0,0.419,-0.769,-0.56
4033.32,-78.0,956.0,-176.0,0.419,-0.769,-0.56
4033.5,-80.0,957.0,-177.0,0.419,-0.699,-0.49
4033.68,-80.0,957.0,-176.0,0.49,-0.699,-0.629
4033.87,-80.0,958.0,-176.0,0.419,-0.699,-0.56
4034.5,-79.0,957.0,-175.0,0.419,-0.769,-0.56
4034.23,-80.0,957.0,-175.0,0.419,-0.769,-0.56
4034.41,-79.0,957.0,-175.0,0.419,-0.699,-0.629
4034.6,-80.0,957.0,-176.0,0.419,-0.769,-0.49
4034.78,-79.0,956.0,-175.0,0.419,-0.699,-0.629
4034.96,-80.0,957.0,-177.0,0.419,-0.769,-0.629
4035.14,-79.0,958.0,-174.0,0.49,-0.839,-0.49
4035.33,-79.0,957.0,-175.0,0.49,-0.839,-0.56
4035.51,-80.0,957.0,-175.0,0.49,-0.699,-0.56
4035.69,-81.0,957.0,-175.0,0.419,-0.769,-0.56
4035.87,-79.0,957.0,-176.0,0.419,-0.699,-0.56
4036.5,-81.0,958.0,-175.0,0.419,-0.699,-0.49
4036.24,-80.0,956.0,-176.0,0.49,-0.699,-0.56
4036.42,-80.0,958.0,-176.0,0.419,-0.769,-0.56
4036.6,-79.0,957.0,-176.0,0.349,-0.699,-0.49
4038.42,-79.0,957.0,-175.0,0.49,-0.769,-0.56
4038.61,-80.0,957.0,-175.0,0.419,-0.699,-0.49
4038.79,-80.0,957.0,-176.0,0.349,-0.769,-0.629
4038.97,-79.0,957.0,-176.0,0.419,-0.699,-0.629
4039.15,-80.0,958.0,-176.0,0.419,-0.769,-0.49
4039.33,-80.0,957.0,-176.0,0.419,-0.769,-0.56
4039.52,-79.0,956.0,-176.0,0.419,-0.769,-0.49
4039.7,-80.0,958.0,-176.0,0.349,-0.769,-0.629
4039.88,-78.0,956.0,-176.0,0.419,-0.839,-0.56
4040.6,-81.0,957.0,-176.0,0.419,-0.699,-0.56
4040.25,-78.0,957.0,-176.0,0.349,-0.769,-0.56
4046.8,-82.0,957.0,-176.0,0.419,-0.699,-0.49
4046.26,-80.0,957.0,-177.0,0.419,-0.839,-0.56
4046.44,-81.0,957.0,-176.0,0.419,-0.699,-0.56
4046.63,-80.0,956.0,-177.0,0.49,-0.699,-0.49
4046.81,-81.0,957.0,-177.0,0.419,-0.769,-0.56
4046.99,-79.0,956.0,-177.0,0.349,-0.769,-0.56
4047.17,-81.0,957.0,-177.0,0.349,-0.699,-0.49
4047.35,-81.0,957.0,-176.0,0.349,-0.769,-0.629
4047.54,-81.0,957.0,-176.0,0.419,-0.769,-0.56
4047.72,-79.0,957.0,-176.0,0.349,-0.769,-0.56
4047.9,-81.0,956.0,-176.0,0.419,-0.769,-0.56
4048.8,-81.0,958.0,-176.0,0.419,-0.769,-0.56
4048.27,-81.0,957.0,-177.0,0.349,-0.769,-0.56
4048.45,-81.0,957.0,-177.0,0.419,-0.769,-0.56
4048.63,-81.0,957.0,-176.0,0.49,-0.769,-0.49
4048.81,-81.0,957.0,-177.0,0.349,-0.769,-0.629
4048.99,-79.0,957.0,-177.0,0.419,-0.699,-0.56
4049.18,-79.0,957.0,-176.0,0.349,-0.699,-0.419
4049.36,-81.0,958.0,-176.0,0.419,-0.769,-0.56
4049.54,-80.0,956.0,-176.0,0.419,-0.699,-0.419
4049.72,-81.0,958.0,-176.0,0.419,-0.769,-0.629
4049.91,-79.0,957.0,-176.0,0.419,-0.699,-0.49
4050.9,-81.0,957.0,-176.0,0.419,-0.769,-0.49
4050.27,-78.0,956.0,-176.0,0.349,-0.769,-0.49
4050.45,-81.0,957.0,-175.0,0.419,-0.699,-0.49
4050.63,-79.0,955.0,-176.0,0.419,-0.769,-0.49
4050.82,-81.0,958.0,-176.0,0.419,-0.699,-0.49
4051.0,-80.0,956.0,-176.0,0.349,-0.769,-0.56
4051.18,-81.0,958.0,-176.0,0.49,-0.769,-0.49
4051.36,-81.0,957.0,-176.0,0.419,-0.769,-0.49
4051.55,-83.0,958.0,-176.0,0.419,-0.769,-0.56
4051.73,-78.0,957.0,-176.0,0.419,-0.839,-0.629
4051.91,-82.0,956.0,-177.0,0.419,-0.699,-0.49
4052.9,-80.0,958.0,-176.0,0.419,-0.769,-0.56
4052.28,-79.0,957.0,-176.0,0.419,-0.629,-0.49
4052.46,-83.0,958.0,-176.0,0.349,-0.769,-0.56
4052.64,-79.0,957.0,-175.0,0.419,-0.839,-0.56
4052.82,-80.0,957.0,-176.0,0.419,-0.699,-0.419
4053.0,-81.0,956.0,-177.0,0.419,-0.699,-0.56
4053.19,-79.0,957.0,-177.0,0.349,-0.769,-0.629
4053.37,-79.0,957.0,-175.0,0.349,-0.629,-0.419
4053.55,-81.0,957.0,-175.0,0.349,-0.769,-0.56
4053.73,-80.0,958.0,-176.0,0.419,-0.769,-0.56
4053.92,-78.0,957.0,-175.0,0.419,-0.699,-0.419
4054.1,-81.0,957.0,-176.0,0.419,-0.769,-0.419
4054.28,-81.0,959.0,-176.0,0.49,-0.699,-0.56
4054.46,-76.0,955.0,-176.0,0.28,-0.769,-0.419
4054.64,-85.0,959.0,-177.0,0.629,-0.629,-0.49
4054.83,-77.0,954.0,-176.0,0.349,-0.699,-0.56
4055.1,-83.0,959.0,-176.0,0.49,-0.769,-0.629
4055.19,-75.0,954.0,-179.0,0.28,-0.769,-0.56
4055.37,-84.0,960.0,-176.0,0.49,-0.769,-0.56
4055.56,-75.0,954.0,-177.0,0.419,-0.629,-0.419
4055.74,-87.0,961.0,-175.0,0.419,-0.839,-0.699
4055.92,-72.0,955.0,-178.0,0.419,-0.699,-0.629
4056.1,-85.0,958.0,-175.0,0.56,-0.769,-0.49
4056.29,-77.0,957.0,-176.0,0.209,-0.769,-0.629
4056.47,-82.0,958.0,-177.0,0.56,-0.56,-0.49
4056.65,-79.0,957.0,-175.0,0.49,-0.769,-0.629
4056.83,-81.0,958.0,-177.0,0.49,-0.699,-0.49
4057.1,-79.0,957.0,-177.0,0.349,-0.839,-0.56
4057.2,-79.0,957.0,-176.0,0.49,-0.769,-0.49
4057.38,-81.0,957.0,-177.0,0.49,-0.769,-0.56
4057.56,-78.0,956.0,-176.0,0.419,-0.769,-0.629
4058.84,-77.0,956.0,-176.0,0.349,-0.769,-0.56
4059.2,-81.0,956.0,-176.0,0.49,-0.699,-0.49
4059.2,-81.0,957.0,-176.0,0.419,-0.98,-0.629
4059.38,-76.0,957.0,-176.0,0.419,-0.629,-0.419
4059.57,-82.0,958.0,-176.0,0.419,-0.769,-0.56
4059.75,-81.0,956.0,-176.0,0.49,-0.699,-0.56
4059.93,-81.0,958.0,-174.0,0.419,-0.699,-0.629
4060.11,-80.0,957.0,-175.0,0.419,-0.769,-0.56
4060.29,-79.0,957.0,-176.0,0.49,-0.839,-0.56
4060.48,-79.0,956.0,-176.0,0.49,-0.699,-0.49
4060.66,-81.0,958.0,-175.0,0.49,-0.839,-0.629
4060.84,-78.0,957.0,-176.0,0.28,-0.769,-0.49
4061.2,-81.0,958.0,-175.0,0.419,-0.699,-0.419
4061.21,-82.0,958.0,-175.0,0.349,-0.839,-0.629
4061.39,-78.0,955.0,-175.0,0.28,-0.769,-0.56
4061.57,-83.0,958.0,-176.0,0.419,-0.769,-0.49
4061.75,-80.0,957.0,-175.0,0.419,-0.839,-0.629
4061.94,-80.0,957.0,-175.0,0.49,-0.769,-0.49
4062.12,-79.0,958.0,-176.0,0.419,-0.839,-0.56
4062.3,-80.0,957.0,-177.0,0.49,-0.699,-0.49
4062.48,-81.0,956.0,-177.0,0.349,-0.839,-0.629
4062.66,-78.0,957.0,-175.0,0.49,-0.769,-0.49
4062.85,-82.0,959.0,-175.0,0.49,-0.629,-0.56
4063.3,-80.0,957.0,-177.0,0.49,-0.769,-0.629
4063.21,-80.0,957.0,-175.0,0.419,-0.769,-0.56
4063.39,-82.0,958.0,-175.0,0.419,-0.699,-0.56
4063.58,-80.0,956.0,-176.0,0.349,-0.699,-0.56
4063.76,-81.0,958.0,-176.0,0.56,-0.769,-0.56
4063.94,-79.0,956.0,-176.0,0.349,-0.699,-0.49
4064.12,-82.0,958.0,-175.0,0.349,-0.769,-0.56
4064.3,-79.0,957.0,-176.0,0.419,-0.699,-0.56
4064.49,-83.0,958.0,-176.0,0.419,-0.769,-0.56
4064.67,-81.0,957.0,-177.0,0.419,-0.839,-0.56
4064.85,-81.0,957.0,-176.0,0.56,-0.699,-0.49
4065.3,-79.0,957.0,-177.0,0.349,-0.769,-0.56
4065.22,-81.0,958.0,-177.0,0.419,-0.699,-0.49
4065.4,-82.0,959.0,-176.0,0.349,-0.699,-0.629
4065.58,-78.0,957.0,-176.0,0.349,-0.769,-0.56
4065.76,-80.0,957.0,-176.0,0.419,-0.699,-0.49
4065.95,-81.0,958.0,-176.0,0.349,-0.769,-0.56
4066.13,-78.0,955.0,-176.0,0.349,-0.769,-0.49
4066.31,-82.0,958.0,-176.0,0.419,-0.699,-0.56
4066.49,-80.0,958.0,-175.0,0.349,-0.769,-0.56
4066.67,-81.0,956.0,-176.0,0.419,-0.769,-0.56
4066.86,-80.0,957.0,-176.0,0.349,-0.769,-0.629
4067.4,-80.0,957.0,-175.0,0.419,-0.699,-0.56
4067.22,-81.0,958.0,-176.0,0.49,-0.839,-0.629
4067.4,-80.0,958.0,-174.0,0.419,-0.769,-0.49
4067.59,-79.0,956.0,-176.0,0.419,-0.629,-0.419
4069.4,-81.0,957.0,-176.0,0.419,-0.769,-0.56
4069.23,-81.0,957.0,-177.0,0.419,-0.629,-0.56
4069.41,-79.0,957.0,-176.0,0.49,-0.769,-0.56
4069.59,-81.0,956.0,-176.0,0.419,-0.769,-0.49
4069.77,-81.0,959.0,-176.0,0.419,-0.769,-0.56
4069.95,-77.0,956.0,-177.0,0.349,-0.699,-0.49
4070.14,-82.0,957.0,-176.0,0.49,-0.699,-0.419
4070.32,-78.0,957.0,-175.0,0.349,-0.769,-0.49
4070.5,-80.0,957.0,-176.0,0.49,-0.629,-0.419
4070.68,-81.0,958.0,-176.0,0.419,-0.839,-0.629
4070.87,-78.0,956.0,-174.0,0.419,-0.699,-0.56
4071.5,-81.0,957.0,-175.0,0.419,-0.769,-0.56
4071.23,-78.0,957.0,-176.0,0.419,-0.699,-0.49
4071.41,-83.0,958.0,-177.0,0.49,-0.769,-0.629
4071.6,-78.0,956.0,-175.0,0.419,-0.769,-0.56
4072.69,-80.0,957.0,-176.0,0.419,-0.699,-0.56
4072.87,-82.0,958.0,-176.0,0.49,-0.769,-0.629
4073.5,-78.0,956.0,-176.0,0.419,-0.769,-0.56
4073.24,-80.0,958.0,-175.0,0.419,-0.699,-0.49
4073.42,-80.0,958.0,-177.0,0.419,-0.769,-0.629
4073.6,-79.0,956.0,-177.0,0.49,-0.769,-0.49
4073.78,-80.0,957.0,-176.0,0.419,-0.769,-0.49
4073.96,-80.0,959.0,-176.0,0.49,-0.839,-0.629
4074.15,-79.0,957.0,-176.0,0.419,-0.769,-0.419
4074.33,-79.0,957.0,-175.0,0.419,-0.769,-0.629
4074.51,-80.0,958.0,-175.0,0.419,-0.769,-0.629
4074.69,-80.0,956.0,-176.0,0.49,-0.769,-0.629
4079.8,-82.0,958.0,-174.0,0.419,-0.699,-0.56
4079.98,-77.0,956.0,-178.0,0.49,-0.769,-0.49
4080.16,-81.0,957.0,-174.0,0.49,-0.769,-0.49
4080.34,-80.0,957.0,-177.0,0.56,-0.699,-0.56
4080.53,-81.0,958.0,-175.0,0.419,-0.839,-0.629
4080.71,-80.0,957.0,-176.0,0.56,-0.699,-0.56
4080.89,-82.0,958.0,-175.0,0.49,-0.769,-0.699
4081.7,-78.0,957.0,-176.0,0.419,-0.699,-0.49
4081.26,-83.0,958.0,-176.0,0.419,-0.769,-0.49
4081.44,-79.0,957.0,-175.0,0.419,-0.699,-0.56
4081.62,-81.0,957.0,-177.0,0.56,-0.699,-0.56
4081.8,-81.0,958.0,-176.0,0.349,-0.839,-0.629
4081.98,-79.0,956.0,-176.0,0.49,-0.629,-0.419
4082.17,-84.0,958.0,-176.0,0.349,-0.769,-0.629
4082.35,-79.0,955.0,-176.0,0.49,-0.629,-0.49
4082.53,-84.0,959.0,-176.0,0.419,-0.839,-0.699
4082.71,-77.0,956.0,-177.0,0.56,-0.699,-0.56
4082.71,-80.0,958.0,-175.0,0.419,-0.769,-0.56
4083.81,-80.0,957.0,-176.0,0.49,-0.699,-0.56
4083.99,-81.0,958.0,-175.0,0.349,-0.769,-0.49
4084.17,-80.0,957.0,-176.0,0.349,-0.699,-0.56
4084.35,-80.0,958.0,-176.0,0.419,-0.769,-0.56
4084.54,-79.0,957.0,-176.0,0.419,-0.769,-0.56
4084.72,-79.0,957.0,-176.0,0.419,-0.699,-0.49
4084.9,-81.0,956.0,-175.0,0.419,-0.839,-0.629
4085.8,-78.0,956.0,-175.0,0.419,-0.769,-0.49
4085.27,-81.0,958.0,-175.0,0.419,-0.699,-0.56
4085.45,-81.0,958.0,-175.0,0.349,-0.769,-0.56
4085.63,-80.0,957.0,-177.0,0.56,-0.699,-0.56
4091.28,-81.0,958.0,-175.0,0.49,-0.769,-0.629
4091.46,-78.0,956.0,-175.0,0.349,-0.769,-0.56
4091.64,-80.0,957.0,-175.0,0.419,-0.769,-0.49
4091.83,-79.0,957.0,-174.0,0.49,-0.769,-0.56
4092.1,-81.0,957.0,-175.0,0.49,-0.769,-0.56
4092.19,-78.0,957.0,-176.0,0.349,-0.839,-0.699
4092.37,-79.0,956.0,-176.0,0.419,-0.699,-0.49
4092.56,-80.0,958.0,-175.0,0.349,-0.839,-0.629
4092.74,-78.0,957.0,-175.0,0.419,-0.699,-0.49
4092.92,-81.0,958.0,-176.0,0.419,-0.699,-0.629
4093.1,-79.0,957.0,-176.0,0.419,-0.769,-0.56
4093.29,-82.0,957.0,-176.0,0.49,-0.699,-0.56
4093.47,-80.0,956.0,-176.0,0.349,-0.769,-0.56
4093.65,-80.0,957.0,-175.0,0.49,-0.699,-0.49
4093.83,-80.0,958.0,-176.0,0.49,-0.769,-0.56
4094.1,-80.0,957.0,-177.0,0.419,-0.769,-0.629
4094.2,-79.0,956.0,-175.0,0.49,-0.699,-0.49
4095.29,-76.0,955.0,-176.0,0.349,-0.699,-0.419
4095.47,-85.0,959.0,-175.0,0.49,-0.699,-0.56
4095.66,-78.0,956.0,-176.0,0.349,-0.769,-0.56
4095.84,-81.0,959.0,-176.0,0.419,-0.699,-0.49
4096.2,-80.0,957.0,-176.0,0.419,-0.769,-0.56
4096.2,-80.0,958.0,-177.0,0.49,-0.839,-0.629
4096.38,-78.0,956.0,-176.0,0.49,-0.769,-0.49
4096.57,-80.0,957.0,-177.0,0.49,-0.769,-0.629
4096.75,-79.0,956.0,-176.0,0.419,-0.699,-0.56
4096.93,-81.0,958.0,-175.0,0.419,-0.769,-0.629
4097.11,-78.0,956.0,-176.0,0.349,-0.699,-0.56
4097.3,-82.0,957.0,-175.0,0.419,-0.769,-0.629
4097.48,-78.0,957.0,-176.0,0.419,-0.769,-0.629
4097.66,-80.0,958.0,-176.0,0.419,-0.769,-0.56
4097.84,-81.0,957.0,-177.0,0.349,-0.629,-0.56
4098.2,-80.0,958.0,-175.0,0.349,-0.699,-0.629
4098.21,-81.0,956.0,-177.0,0.419,-0.699,-0.56
4098.39,-79.0,958.0,-175.0,0.349,-0.839,-0.629
4098.57,-79.0,957.0,-175.0,0.419,-0.629,-0.419
4098.75,-80.0,958.0,-176.0,0.419,-0.839,-0.56
4098.94,-80.0,958.0,-176.0,0.49,-0.699,-0.49
4099.12,-80.0,958.0,-176.0,0.49,-0.839,-0.56
4099.3,-79.0,955.0,-177.0,0.49,-0.769,-0.56
4099.48,-80.0,957.0,-177.0,0.349,-0.769,-0.56
4099.67,-81.0,958.0,-176.0,0.419,-0.769,-0.629
4099.85,-80.0,956.0,-177.0,0.28,-0.769,-0.56
4100.3,-81.0,957.0,-175.0,0.349,-0.699,-0.56
4100.21,-80.0,958.0,-175.0,0.349,-0.839,-0.49
4100.39,-81.0,957.0,-175.0,0.419,-0.769,-0.629
4100.58,-80.0,957.0,-176.0,0.349,-0.839,-0.629
4100.76,-79.0,958.0,-177.0,0.349,-0.769,-0.49
4100.94,-81.0,957.0,-178.0,0.49,-0.629,-0.419
4101.12,-82.0,958.0,-177.0,0.349,-0.769,-0.56
4101.31,-82.0,957.0,-177.0,0.49,-0.699,-0.49
4101.49,-80.0,957.0,-177.0,0.419,-0.769,-0.629
4101.67,-77.0,956.0,-176.0,0.349,-0.769,-0.56
4101.85,-80.0,957.0,-177.0,0.419,-0.629,-0.419
4102.3,-83.0,957.0,-175.0,0.49,-0.769,-0.629
4102.22,-79.0,957.0,-175.0,0.419,-0.839,-0.629
4102.4,-80.0,956.0,-176.0,0.419,-0.699,-0.56
4102.58,-82.0,958.0,-175.0,0.419,-0.769,-0.56
4102.76,-80.0,957.0,-176.0,0.349,-0.769,-0.56
4102.95,-81.0,957.0,-176.0,0.419,-0.699,-0.629
4103.13,-80.0,957.0,-175.0,0.419,-0.839,-0.56
4103.31,-81.0,957.0,-177.0,0.419,-0.699,-0.56
4103.49,-81.0,957.0,-176.0,0.419,-0.769,-0.56
4103.68,-81.0,958.0,-177.0,0.49,-0.769,-0.56
4103.86,-79.0,956.0,-178.0,0.419,-0.769,-0.56
4104.4,-80.0,957.0,-178.0,0.419,-0.769,-0.49
4104.22,-83.0,957.0,-176.0,0.419,-0.699,-0.56
4104.4,-80.0,957.0,-177.0,0.419,-0.769,-0.629
4104.59,-79.0,957.0,-176.0,0.49,-0.699,-0.56
4104.77,-78.0,957.0,-176.0,0.56,-0.699,-0.419
4104.95,-81.0,958.0,-175.0,0.419,-0.699,-0.49
4105.13,-81.0,957.0,-176.0,0.49,-0.769,-0.629
4105.32,-78.0,956.0,-176.0,0.349,-0.769,-0.419
4105.5,-82.0,957.0,-177.0,0.49,-0.699,-0.56
4105.68,-77.0,955.0,-176.0,0.349,-0.699,-0.49
4105.86,-81.0,958.0,-176.0,0.49,-0.699,-0.49
4106.4,-79.0,956.0,-175.0,0.349,-0.839,-0.56
4106.23,-80.0,958.0,-176.0,0.49,-0.769,-0.49
4106.41,-78.0,957.0,-175.0,0.349,-0.769,-0.56
4106.59,-82.0,957.0,-177.0,0.49,-0.699,-0.49
4106.77,-79.0,958.0,-176.0,0.349,-0.839,-0.56
4106.96,-79.0,956.0,-176.0,0.49,-0.629,-0.419
4107.14,-80.0,958.0,-175.0,0.419,-0.839,-0.629
4107.32,-78.0,956.0,-177.0,0.419,-0.629,-0.419
4107.5,-83.0,957.0,-175.0,0.28,-0.839,-0.56
4107.69,-79.0,956.0,-176.0,0.419,-0.769,-0.56
4107.87,-80.0,956.0,-176.0,0.419,-0.769,-0.49
4108.5,-80.0,958.0,-175.0,0.419,-0.769,-0.56
4108.23,-78.0,958.0,-175.0,0.349,-0.699,-0.49
4108.41,-80.0,958.0,-176.0,0.349,-0.769,-0.56
4108.6,-78.0,957.0,-176.0,0.56,-0.699,-0.419
4108.78,-82.0,957.0,-177.0,0.419,-0.769,-0.629
4108.96,-77.0,956.0,-176.0,0.49,-0.769,-0.49
4109.14,-80.0,957.0,-176.0,0.419,-0.629,-0.49
4109.33,-79.0,956.0,-177.0,0.349,-0.769,-0.56
4109.51,-80.0,956.0,-176.0,0.419,-0.699,-0.49
4109.69,-77.0,958.0,-175.0,0.28,-0.699,-0.49
4110.78,-80.0,957.0,-176.0,0.419,-0.629,-0.56
4110.97,-82.0,956.0,-176.0,0.419,-0.769,-0.56
4111.15,-78.0,956.0,-176.0,0.349,-0.769,-0.49
4111.33,-81.0,958.0,-174.0,0.419,-0.699,-0.56
4111.51,-79.0,957.0,-176.0,0.419,-0.769,-0.629
4111.7,-81.0,957.0,-175.0,0.56,-0.629,-0.49
4111.88,-80.0,957.0,-175.0,0.349,-0.839,-0.629
4112.6,-80.0,956.0,-176.0,0.49,-0.769,-0.49
4112.24,-80.0,958.0,-175.0,0.419,-0.769,-0.49
4112.43,-80.0,957.0,-175.0,0.49,-0.629,-0.56
4112.61,-80.0,958.0,-175.0,0.349,-0.839,-0.629
4112.79,-80.0,956.0,-176.0,0.349,-0.629,-0.49
4112.97,-83.0,958.0,-174.0,0.349,-0.769,-0.629
4113.15,-81.0,957.0,-176.0,0.419,-0.699,-0.56
4113.34,-80.0,957.0,-175.0,0.419,-0.769,-0.629
4113.52,-82.0,957.0,-175.0,0.419,-0.699,-0.49
4113.7,-80.0,957.0,-176.0,0.349,-0.839,-0.699
4113.88,-80.0,957.0,-175.0,0.49,-0.629,-0.419
4114.7,-82.0,958.0,-175.0,0.349,-0.769,-0.629
4114.25,-79.0,957.0,-175.0,0.419,-0.769,-0.56
4114.43,-82.0,957.0,-176.0,0.49,-0.769,-0.49
4114.61,-81.0,957.0,-175.0,0.49,-0.769,-0.56
4114.8,-77.0,956.0,-175.0,0.419,-0.699,-0.49
4114.98,-81.0,958.0,-175.0,0.419,-0.769,-0.56
4115.16,-79.0,957.0,-175.0,0.419,-0.629,-0.56
4115.34,-81.0,958.0,-175.0,0.419,-0.699,-0.56
4115.52,-80.0,957.0,-174.0,0.349,-0.769,-0.629
4115.71,-80.0,958.0,-176.0,0.349,-0.699,-0.49
4115.89,-84.0,958.0,-176.0,0.419,-0.839,-0.699
4116.7,-78.0,957.0,-175.0,0.349,-0.769,-0.56
4116.25,-82.0,957.0,-175.0,0.419,-0.699,-0.49
4116.44,-80.0,957.0,-175.0,0.349,-0.839,-0.629
4116.62,-80.0,957.0,-175.0,0.419,-0.699,-0.49
4116.8,-81.0,958.0,-175.0,0.419,-0.839,-0.629
4116.98,-79.0,957.0,-175.0,0.349,-0.699,-0.49
4117.16,-83.0,957.0,-176.0,0.419,-0.699,-0.49
4117.35,-79.0,957.0,-176.0,0.419,-0.839,-0.629
4117.53,-80.0,957.0,-175.0,0.419,-0.699,-0.49
4117.71,-79.0,957.0,-175.0,0.419,-0.699,-0.629
4117.89,-79.0,956.0,-176.0,0.49,-0.769,-0.49
4118.8,-79.0,958.0,-176.0,0.349,-0.699,-0.629
4118.26,-79.0,957.0,-175.0,0.419,-0.769,-0.629
4118.44,-79.0,958.0,-176.0,0.419,-0.769,-0.56
4118.62,-81.0,957.0,-176.0,0.49,-0.699,-0.49
4118.81,-82.0,957.0,-176.0,0.419,-0.839,-0.629
4118.99,-80.0,956.0,-176.0,0.49,-0.699,-0.56
4119.17,-79.0,957.0,-175.0,0.419,-0.769,-0.56
4119.35,-80.0,958.0,-176.0,0.419,-0.769,-0.56
4119.53,-80.0,958.0,-175.0,0.349,-0.699,-0.629
4119.72,-81.0,957.0,-175.0,0.49,-0.699,-0.49
4119.9,-79.0,957.0,-175.0,0.349,-0.769,-0.629
4120.8,-79.0,957.0,-175.0,0.56,-0.629,-0.419
4120.26,-81.0,958.0,-174.0,0.419,-0.839,-0.56
4120.45,-79.0,957.0,-176.0,0.419,-0.699,-0.56
4120.63,-81.0,958.0,-175.0,0.419,-0.769,-0.56
4120.81,-79.0,957.0,-177.0,0.419,-0.699,-0.56
4120.99,-82.0,958.0,-175.0,0.419,-0.769,-0.56
4121.18,-79.0,956.0,-177.0,0.419,-0.699,-0.56
4121.36,-80.0,958.0,-175.0,0.419,-0.769,-0.56
4121.54,-80.0,957.0,-176.0,0.49,-0.699,-0.49
4121.72,-81.0,957.0,-175.0,0.49,-0.769,-0.49
4121.9,-80.0,957.0,-176.0,0.419,-0.699,-0.56
4122.9,-79.0,958.0,-175.0,0.49,-0.769,-0.56
4122.27,-79.0,957.0,-176.0,0.419,-0.699,-0.49
4122.45,-80.0,958.0,-176.0,0.419,-0.699,-0.419
4122.63,-81.0,957.0,-176.0,0.419,-0.769,-0.629
4122.82,-80.0,957.0,-176.0,0.419,-0.699,-0.49
4123.0,-81.0,957.0,-176.0,0.49,-0.769,-0.56
4123.18,-80.0,958.0,-176.0,0.419,-0.769,-0.56
4123.36,-79.0,957.0,-176.0,0.419,-0.629,-0.49
4123.54,-80.0,957.0,-176.0,0.419,-0.839,-0.56
4123.73,-78.0,957.0,-176.0,0.419,-0.629,-0.49
4123.91,-80.0,957.0,-176.0,0.419,-0.769,-0.419
4124.9,-79.0,958.0,-176.0,0.349,-0.769,-0.629
4124.27,-80.0,957.0,-176.0,0.419,-0.699,-0.49
4124.46,-79.0,957.0,-176.0,0.419,-0.839,-0.56
4124.64,-81.0,957.0,-175.0,0.49,-0.769,-0.49
4124.82,-79.0,957.0,-175.0,0.349,-0.769,-0.629
4125.0,-79.0,958.0,-177.0,0.49,-0.769,-0.629
4125.19,-79.0,957.0,-176.0,0.349,-0.769,-0.629
4125.37,-80.0,956.0,-176.0,0.419,-0.769,-0.56
4125.55,-80.0,958.0,-176.0,0.419,-0.839,-0.56
4125.73,-80.0,957.0,-177.0,0.349,-0.629,-0.49
4125.91,-81.0,957.0,-176.0,0.349,-0.839,-0.699
4126.1,-79.0,957.0,-176.0,0.419,-0.769,-0.49
4126.28,-81.0,958.0,-175.0,0.349,-0.91,-0.629
4126.46,-79.0,956.0,-175.0,0.419,-0.769,-0.629
4126.64,-82.0,958.0,-175.0,0.349,-0.769,-0.56
4126.83,-81.0,956.0,-177.0,0.419,-0.769,-0.56
4127.1,-80.0,957.0,-176.0,0.349,-0.769,-0.629
4127.19,-80.0,956.0,-177.0,0.419,-0.629,-0.49
4127.37,-81.0,958.0,-176.0,0.419,-0.839,-0.699
4127.56,-80.0,956.0,-176.0,0.49,-0.769,-0.49
4127.74,-81.0,958.0,-175.0,0.349,-0.839,-0.56
4127.92,-80.0,957.0,-176.0,0.349,-0.769,-0.56
4128.1,-81.0,958.0,-176.0,0.419,-0.769,-0.56
4128.28,-80.0,957.0,-177.0,0.49,-0.769,-0.629
4128.47,-80.0,957.0,-176.0,0.349,-0.769,-0.56
4128.65,-81.0,956.0,-176.0,0.49,-0.699,-0.49
4128.83,-81.0,958.0,-175.0,0.419,-0.769,-0.56
4129.1,-79.0,957.0,-176.0,0.419,-0.769,-0.56
4129.2,-81.0,958.0,-175.0,0.419,-0.839,-0.56
4129.38,-79.0,956.0,-176.0,0.49,-0.699,-0.49
4129.56,-80.0,959.0,-176.0,0.349,-0.769,-0.49
4129.74,-80.0,956.0,-177.0,0.49,-0.699,-0.49
4129.93,-81.0,958.0,-176.0,0.49,-0.699,-0.629
4130.11,-80.0,957.0,-175.0,0.419,-0.769,-0.56
4130.29,-80.0,957.0,-176.0,0.56,-0.769,-0.49
4130.47,-80.0,956.0,-176.0,0.419,-0.769,-0.56
4130.65,-79.0,957.0,-177.0,0.419,-0.699,-0.56
4130.84,-79.0,956.0,-177.0,0.419,-0.699,-0.49
4131.2,-80.0,957.0,-175.0,0.349,-0.699,-0.56
4131.2,-80.0,956.0,-176.0,0.419,-0.629,-0.56
4131.38,-81.0,957.0,-175.0,0.419,-0.769,-0.56
4131.57,-81.0,957.0,-175.0,0.419,-0.699,-0.49
4131.75,-79.0,957.0,-175.0,0.419,-0.699,-0.56
4131.93,-81.0,957.0,-175.0,0.419,-0.699,-0.56
4132.11,-81.0,958.0,-175.0,0.419,-0.699,-0.56
4132.3,-81.0,957.0,-176.0,0.419,-0.769,-0.49
4132.48,-80.0,958.0,-175.0,0.419,-0.769,-0.56
4132.66,-78.0,956.0,-176.0,0.419,-0.699,-0.419
4132.84,-82.0,958.0,-175.0,0.49,-0.769,-0.49
4133.2,-79.0,957.0,-175.0,0.419,-0.769,-0.56
4133.21,-81.0,958.0,-175.0,0.349,-0.769,-0.56
4133.39,-79.0,957.0,-176.0,0.419,-0.699,-0.56
4133.57,-80.0,956.0,-177.0,0.419,-0.699,-0.49
4133.75,-80.0,957.0,-177.0,0.419,-0.839,-0.56
4133.94,-78.0,957.0,-175.0,0.419,-0.769,-0.56
4134.12,-79.0,956.0,-175.0,0.419,-0.699,-0.49
4134.3,-80.0,956.0,-177.0,0.419,-0.769,-0.56
4134.48,-80.0,957.0,-175.0,0.349,-0.699,-0.56
4134.67,-80.0,957.0,-175.0,0.419,-0.699,-0.56
4134.85,-80.0,957.0,-176.0,0.419,-0.699,-0.629
4135.3,-81.0,958.0,-175.0,0.419,-0.769,-0.56
4135.21,-81.0,957.0,-177.0,0.419,-0.699,-0.49
4135.39,-80.0,957.0,-175.0,0.419,-0.769,-0.56
4135.58,-80.0,957.0,-175.0,0.419,-0.769,-0.629
4135.76,-78.0,956.0,-177.0,0.419,-0.699,-0.49
4135.94,-80.0,957.0,-176.0,0.419,-0.769,-0.629
4137.76,-81.0,957.0,-176.0,0.28,-0.839,-0.629
4137.95,-81.0,958.0,-177.0,0.56,-0.699,-0.49
4138.13,-81.0,958.0,-175.0,0.349,-0.839,-0.629
4138.31,-77.0,957.0,-176.0,0.49,-0.699,-0.49
4138.49,-81.0,957.0,-176.0,0.49,-0.629,-0.49
4138.68,-81.0,957.0,-175.0,0.419,-0.839,-0.699
4138.86,-76.0,955.0,-177.0,0.419,-0.629,-0.419
4139.4,-84.0,958.0,-176.0,0.49,-0.699,-0.49
4139.22,-78.0,957.0,-176.0,0.349,-0.839,-0.629
4139.41,-79.0,956.0,-177.0,0.419,-0.629,-0.349
4139.59,-84.0,958.0,-176.0,0.349,-0.839,-0.629
4139.77,-78.0,957.0,-176.0,0.419,-0.699,-0.56
4139.95,-83.0,958.0,-175.0,0.419,-0.769,-0.56
4140.13,-80.0,957.0,-176.0,0.419,-0.699,-0.49
4140.32,-82.0,957.0,-177.0,0.56,-0.769,-0.629
4140.5,-78.0,956.0,-176.0,0.419,-0.839,-0.56
4140.68,-80.0,958.0,-176.0,0.419,-0.56,-0.419
4140.86,-81.0,957.0,-177.0,0.419,-0.769,-0.49
4141.5,-78.0,957.0,-175.0,0.349,-0.769,-0.629
4141.23,-79.0,956.0,-176.0,0.419,-0.56,-0.419
4141.41,-83.0,958.0,-176.0,0.349,-0.769,-0.629
4141.59,-78.0,957.0,-176.0,0.419,-0.769,-0.56
4141.77,-82.0,958.0,-176.0,0.49,-0.699,-0.49
4141.96,-80.0,957.0,-176.0,0.28,-0.91,-0.699
4142.14,-79.0,956.0,-177.0,0.49,-0.629,-0.349
4142.32,-83.0,958.0,-176.0,0.28,-0.839,-0.699
4143.42,-81.0,958.0,-177.0,0.56,-0.699,-0.49
4143.6,-77.0,957.0,-176.0,0.419,-0.839,-0.56
4143.78,-81.0,957.0,-176.0,0.56,-0.699,-0.419
4143.96,-77.0,956.0,-177.0,0.349,-0.769,-0.56
4144.14,-78.0,957.0,-176.0,0.49,-0.629,-0.419
4144.33,-78.0,958.0,-174.0,0.28,-0.769,-0.629
4144.51,-79.0,956.0,-177.0,0.419,-0.699,-0.49
4144.69,-80.0,959.0,-175.0,0.419,-0.769,-0.629
4144.87,-78.0,956.0,-177.0,0.56,-0.769,-0.49
4145.6,-82.0,958.0,-176.0,0.49,-0.769,-0.56
4145.24,-79.0,956.0,-177.0,0.419,-0.769,-0.56
4145.42,-80.0,957.0,-177.0,0.349,-0.699,-0.629
4145.6,-78.0,956.0,-178.0,0.419,-0.699,-0.56
4145.79,-82.0,958.0,-176.0,0.49,-0.699,-0.56
4145.97,-80.0,958.0,-174.0,0.28,-0.91,-0.629
4146.15,-76.0,957.0,-176.0,0.419,-0.56,-0.419
4146.33,-81.0,958.0,-175.0,0.349,-0.769,-0.629
4146.51,-77.0,956.0,-177.0,0.349,-0.769,-0.56
4146.7,-81.0,956.0,-177.0,0.49,-0.769,-0.49
4146.88,-79.0,957.0,-178.0,0.419,-0.839,-0.629
4147.6,-80.0,957.0,-177.0,0.419,-0.629,-0.49
4147.24,-79.0,956.0,-177.0,0.419,-0.769,-0.629
4147.43,-80.0,958.0,-176.0,0.49,-0.629,-0.419
4147.61,-81.0,958.0,-176.0,0.349,-0.769,-0.629
4147.79,-80.0,957.0,-175.0,0.56,-0.769,-0.49
4147.97,-81.0,957.0,-176.0,0.349,-0.769,-0.629
4148.16,-79.0,957.0,-177.0,0.49,-0.699,-0.419
4148.34,-82.0,959.0,-176.0,0.419,-0.769,-0.56
4148.52,-79.0,956.0,-178.0,0.419,-0.769,-0.56
4148.7,-82.0,957.0,-176.0,0.419,-0.699,-0.56
4148.88,-79.0,957.0,-177.0,0.49,-0.769,-0.56
4149.7,-80.0,958.0,-176.0,0.49,-0.839,-0.56
4149.25,-79.0,958.0,-175.0,0.419,-0.769,-0.56
4149.43,-80.0,958.0,-176.0,0.419,-0.769,-0.56
4149.61,-80.0,956.0,-177.0,0.49,-0.699,-0.49
4149.8,-80.0,957.0,-176.0,0.419,-0.769,-0.629
4149.98,-81.0,956.0,-177.0,0.629,-0.629,-0.56
4150.16,-80.0,957.0,-176.0,0.349,-0.839,-0.699
4150.34,-79.0,955.0,-177.0,0.49,-0.629,-0.49
4150.53,-82.0,959.0,-175.0,0.419,-0.839,-0.629
4150.71,-77.0,956.0,-176.0,0.349,-0.699,-0.49
4150.89,-83.0,958.0,-175.0,0.419,-0.769,-0.49
4151.7,-78.0,957.0,-176.0,0.419,-0.839,-0.629
4151.25,-81.0,958.0,-175.0,0.419,-0.699,-0.419
4151.44,-79.0,956.0,-176.0,0.419,-0.839,-0.49
4151.62,-82.0,958.0,-175.0,0.49,-0.699,-0.56
4151.8,-79.0,957.0,-177.0,0.419,-0.769,-0.629
4151.98,-82.0,957.0,-175.0,0.419,-0.769,-0.56
4152.17,-80.0,958.0,-174.0,0.349,-0.769,-0.56
4152.35,-80.0,956.0,-177.0,0.419,-0.56,-0.419
4153.44,-80.0,957.0,-176.0,0.49,-0.769,-0.56
4153.62,-81.0,958.0,-175.0,0.419,-0.699,-0.49
4153.81,-80.0,958.0,-175.0,0.349,-0.769,-0.56
4153.99,-78.0,956.0,-176.0,0.419,-0.629,-0.49
4154.17,-80.0,957.0,-175.0,0.419,-0.699,-0.56
4154.35,-80.0,956.0,-176.0,0.419,-0.699,-0.49
4154.54,-82.0,958.0,-175.0,0.349,-0.769,-0.629
4154.72,-80.0,957.0,-175.0,0.419,-0.769,-0.49
4154.9,-82.0,957.0,-176.0,0.49,-0.769,-0.56
4155.8,-80.0,956.0,-176.0,0.28,-0.769,-0.629
4155.27,-81.0,958.0,-175.0,0.49,-0.769,-0.56
4155.45,-79.0,956.0,-178.0,0.419,-0.769,-0.629
4155.63,-81.0,957.0,-176.0,0.49,-0.769,-0.56
4155.81,-79.0,957.0,-176.0,0.49,-0.699,-0.56
4155.99,-80.0,956.0,-176.0,0.49,-0.699,-0.49
4156.18,-80.0,957.0,-174.0,0.349,-0.769,-0.629
4156.36,-80.0,957.0,-176.0,0.419,-0.769,-0.49
4156.54,-80.0,957.0,-176.0,0.419,-0.769,-0.56
4156.72,-79.0,957.0,-176.0,0.49,-0.699,-0.49
4156.91,-81.0,957.0,-176.0,0.349,-0.769,-0.56
4157.9,-81.0,958.0,-176.0,0.419,-0.699,-0.56
4157.27,-78.0,957.0,-175.0,0.419,-0.839,-0.629
4157.45,-80.0,957.0,-176.0,0.419,-0.629,-0.419
4157.64,-83.0,958.0,-176.0,0.349,-0.839,-0.56
4157.82,-77.0,957.0,-176.0,0.419,-0.769,-0.49
4158.0,-80.0,956.0,-176.0,0.49,-0.699,-0.49
4158.18,-84.0,958.0,-176.0,0.419,-0.839,-0.629
4158.36,-78.0,955.0,-176.0,0.419,-0.699,-0.49
4158.55,-83.0,958.0,-175.0,0.419,-0.769,-0.629
4158.73,-78.0,956.0,-176.0,0.419,-0.769,-0.56
4158.91,-82.0,958.0,-176.0,0.419,-0.699,-0.49
4159.9,-80.0,957.0,-176.0,0.49,-0.769,-0.56
4159.28,-79.0,958.0,-175.0,0.419,-0.699,-0.56
4159.46,-80.0,956.0,-176.0,0.49,-0.769,-0.49
4159.64,-78.0,956.0,-176.0,0.419,-0.839,-0.629
4159.82,-80.0,957.0,-176.0,0.419,-0.699,-0.56
4160.1,-81.0,956.0,-176.0,0.419,-0.699,-0.56
4160.19,-79.0,957.0,-176.0,0.419,-0.769,-0.49
4160.37,-81.0,957.0,-175.0,0.419,-0.699,-0.56
4160.55,-80.0,957.0,-175.0,0.349,-0.699,-0.56
4160.73,-80.0,958.0,-175.0,0.49,-0.699,-0.49
4160.92,-79.0,957.0,-174.0,0.419,-0.769,-0.49
4161.1,-79.0,957.0,-175.0,0.49,-0.699,-0.49
4161.28,-80.0,959.0,-175.0,0.419,-0.769,-0.629
4161.46,-78.0,956.0,-176.0,0.349,-0.839,-0.49
4161.65,-81.0,958.0,-176.0,0.49,-0.699,-0.56
4161.83,-79.0,958.0,-175.0,0.349,-0.699,-0.56
4162.1,-80.0,957.0,-176.0,0.49,-0.699,-0.49
4162.19,-81.0,957.0,-175.0,0.49,-0.839,-0.629
4162.38,-79.0,955.0,-176.0,0.419,-0.699,-0.49
4162.56,-81.0,957.0,-176.0,0.419,-0.839,-0.56
4162.74,-78.0,956.0,-176.0,0.49,-0.699,-0.56
4162.92,-79.0,956.0,-176.0,0.349,-0.699,-0.56
4163.1,-80.0,956.0,-176.0,0.349,-0.699,-0.49
4163.29,-80.0,959.0,-174.0,0.419,-0.769,-0.56
4163.47,-80.0,958.0,-176.0,0.419,-0.699,-0.56
4163.65,-81.0,957.0,-176.0,0.419,-0.839,-0.629
4163.83,-78.0,955.0,-177.0,0.49,-0.769,-0.419
4164.2,-80.0,957.0,-175.0,0.419,-0.769,-0.56
4164.2,-79.0,956.0,-177.0,0.349,-0.769,-0.56
4164.38,-80.0,958.0,-175.0,0.419,-0.839,-0.56
4164.56,-79.0,957.0,-174.0,0.419,-0.699,-0.56
4164.75,-82.0,958.0,-175.0,0.419,-0.839,-0.629
4164.93,-78.0,957.0,-176.0,0.419,-0.769,-0.49
4165.11,-80.0,958.0,-175.0,0.419,-0.769,-0.629
4166.2,-82.0,957.0,-175.0,0.49,-0.699,-0.56
4166.2,-78.0,957.0,-176.0,0.349,-0.699,-0.56
4166.39,-83.0,958.0,-175.0,0.49,-0.769,-0.629
4166.57,-78.0,957.0,-176.0,0.49,-0.769,-0.56
4166.75,-81.0,958.0,-176.0,0.49,-0.699,-0.49
4166.93,-80.0,957.0,-176.0,0.349,-0.769,-0.56
4167.12,-81.0,957.0,-176.0,0.419,-0.699,-0.49
4167.3,-80.0,957.0,-177.0,0.349,-0.839,-0.629
4167.48,-79.0,957.0,-176.0,0.49,-0.769,-0.419
4167.66,-79.0,956.0,-175.0,0.419,-0.769,-0.56
4167.84,-82.0,958.0,-176.0,0.419,-0.699,-0.49
4168.3,-79.0,956.0,-177.0,0.349,-0.769,-0.629
4173.68,-80.0,957.0,-175.0,0.419,-0.699,-0.49
4173.86,-80.0,957.0,-176.0,0.349,-0.699,-0.56
4174.4,-81.0,957.0,-176.0,0.349,-0.699,-0.49
4174.23,-80.0,957.0,-176.0,0.49,-0.699,-0.56
4174.41,-81.0,957.0,-175.0,0.49,-0.769,-0.629
4174.59,-79.0,957.0,-175.0,0.349,-0.769,-0.629
4174.77,-81.0,956.0,-177.0,0.419,-0.699,-0.49
4174.96,-80.0,957.0,-175.0,0.349,-0.769,-0.629
4175.14,-80.0,958.0,-175.0,0.419,-0.699,-0.629
4175.32,-79.0,957.0,-176.0,0.49,-0.839,-0.56
4175.5,-80.0,957.0,-176.0,0.419,-0.769,-0.49
4175.68,-80.0,956.0,-175.0,0.419,-0.769,-0.629
4175.87,-82.0,958.0,-175.0,0.419,-0.769,-0.629
4176.5,-80.0,957.0,-175.0,0.419,-0.769,-0.56
4176.23,-80.0,958.0,-175.0,0.49,-0.839,-0.56
4176.41,-83.0,957.0,-175.0,0.419,-0.769,-0.56
4176.6,-81.0,958.0,-175.0,0.419,-0.769,-0.56
4176.78,-79.0,956.0,-176.0,0.419,-0.699,-0.49
4176.96,-82.0,957.0,-175.0,0.56,-0.769,-0.56
4177.14,-82.0,957.0,-175.0,0.419,-0.769,-0.629
4178.24,-81.0,958.0,-175.0,0.49,-0.699,-0.56
4178.42,-80.0,957.0,-175.0,0.419,-0.769,-0.56
4178.6,-81.0,957.0,-175.0,0.419,-0.769,-0.49
4178.78,-81.0,957.0,-176.0,0.419,-0.769,-0.629
4178.97,-81.0,957.0,-176.0,0.56,-0.769,-0.56
4179.15,-78.0,958.0,-175.0,0.28,-0.769,-0.56
4179.33,-82.0,958.0,-176.0,0.49,-0.629,-0.349
4179.51,-80.0,957.0,-174.0,0.28,-0.91,-0.629
4179.7,-78.0,956.0,-176.0,0.49,-0.699,-0.419
4179.88,-81.0,959.0,-175.0,0.419,-0.91,-0.699
4180.6,-79.0,956.0,-176.0,0.419,-0.699,-0.49
4180.24,-83.0,959.0,-175.0,0.419,-0.91,-0.699
4180.42,-76.0,956.0,-176.0,0.349,-0.769,-0.49
4180.61,-83.0,958.0,-175.0,0.49,-0.699,-0.49
4180.79,-78.0,957.0,-175.0,0.349,-0.769,-0.629
4180.97,-80.0,956.0,-176.0,0.49,-0.629,-0.49
4181.15,-81.0,957.0,-176.0,0.49,-0.769,-0.56
4181.34,-80.0,957.0,-176.0,0.349,-0.769,-0.56
4181.52,-82.0,957.0,-176.0,0.49,-0.699,-0.56
4181.7,-78.0,957.0,-175.0,0.419,-0.769,-0.56
4181.88,-83.0,957.0,-176.0,0.419,-0.699,-0.49
4182.7,-80.0,958.0,-175.0,0.349,-0.839,-0.699
4182.25,-79.0,957.0,-176.0,0.419,-0.629,-0.49
4182.43,-82.0,958.0,-176.0,0.349,-0.699,-0.629
4182.61,-79.0,957.0,-175.0,0.49,-0.699,-0.49
4182.79,-81.0,957.0,-177.0,0.419,-0.769,-0.49
4182.98,-80.0,957.0,-176.0,0.419,-0.769,-0.56
4183.16,-82.0,958.0,-177.0,0.49,-0.699,-0.49
4183.34,-80.0,956.0,-176.0,0.419,-0.699,-0.629
4183.52,-80.0,956.0,-177.0,0.49,-0.629,-0.56
4186.44,-82.0,958.0,-176.0,0.49,-0.769,-0.49
4186.62,-80.0,956.0,-176.0,0.349,-0.839,-0.56
4186.8,-82.0,957.0,-176.0,0.49,-0.699,-0.56
4186.99,-78.0,957.0,-176.0,0.349,-0.769,-0.56
4187.17,-82.0,958.0,-175.0,0.419,-0.699,-0.49
4187.35,-78.0,957.0,-176.0,0.349,-0.839,-0.629
4187.53,-82.0,958.0,-176.0,0.56,-0.699,-0.49
4187.72,-80.0,957.0,-175.0,0.419,-0.839,-0.629
4187.9,-80.0,956.0,-175.0,0.49,-0.629,-0.49
4188.8,-80.0,957.0,-176.0,0.349,-0.769,-0.56
4188.26,-82.0,957.0,-176.0,0.349,-0.699,-0.56
4188.45,-80.0,956.0,-174.0,0.349,-0.769,-0.56
4188.63,-81.0,958.0,-174.0,0.419,-0.629,-0.56
4188.81,-80.0,957.0,-176.0,0.349,-0.769,-0.56
4188.99,-83.0,957.0,-176.0,0.56,-0.769,-0.56
4189.17,-77.0,957.0,-176.0,0.349,-0.839,-0.629
4189.36,-84.0,957.0,-177.0,0.49,-0.699,-0.419
4189.54,-80.0,956.0,-178.0,0.419,-0.91,-0.769
4189.72,-79.0,957.0,-177.0,0.49,-0.769,-0.419
4189.9,-81.0,956.0,-176.0,0.349,-0.699,-0.56
4190.9,-80.0,958.0,-176.0,0.49,-0.769,-0.629
4190.27,-78.0,957.0,-175.0,0.419,-0.769,-0.419
4190.45,-81.0,958.0,-175.0,0.49,-0.839,-0.49
4191.36,-82.0,957.0,-175.0,0.419,-0.769,-0.629
4191.54,-79.0,957.0,-176.0,0.419,-0.699,-0.629
4191.73,-81.0,958.0,-175.0,0.56,-0.629,-0.629
4191.91,-80.0,957.0,-176.0,0.419,-0.769,-0.56
4192.9,-81.0,958.0,-176.0,0.419,-0.699,-0.49
4192.27,-80.0,957.0,-176.0,0.419,-0.769,-0.56
4192.46,-81.0,957.0,-177.0,0.419,-0.769,-0.56
4192.64,-80.0,957.0,-177.0,0.349,-0.769,-0.56
4192.82,-81.0,957.0,-177.0,0.419,-0.699,-0.56
4193.0,-80.0,957.0,-176.0,0.419,-0.839,-0.56
4193.18,-80.0,956.0,-177.0,0.419,-0.629,-0.49
4193.37,-81.0,958.0,-176.0,0.419,-0.769,-0.56
4193.55,-79.0,956.0,-177.0,0.419,-0.699,-0.629
4193.73,-82.0,957.0,-175.0,0.349,-0.769,-0.56
4193.91,-79.0,956.0,-176.0,0.349,-0.769,-0.56
4194.1,-81.0,957.0,-176.0,0.419,-0.629,-0.56
4194.28,-80.0,958.0,-176.0,0.419,-0.91,-0.629
4194.46,-80.0,956.0,-176.0,0.419,-0.699,-0.56
4194.64,-81.0,958.0,-176.0,0.419,-0.769,-0.56
4194.83,-79.0,958.0,-175.0,0.419,-0.629,-0.56
4195.74,-81.0,957.0,-176.0,0.49,-0.699,-0.56
4195.92,-79.0,957.0,-176.0,0.28,-0.839,-0.56
4196.1,-81.0,957.0,-176.0,0.419,-0.699,-0.49
4196.28,-81.0,958.0,-175.0,0.419,-0.839,-0.56
4196.47,-81.0,957.0,-176.0,0.419,-0.699,-0.56
4196.65,-80.0,957.0,-176.0,0.419,-0.699,-0.629
4196.83,-80.0,958.0,-176.0,0.419,-0.699,-0.629
4197.1,-80.0,956.0,-175.0,0.419,-0.769,-0.56
4197.19,-82.0,956.0,-176.0,0.419,-0.769,-0.56
4197.38,-79.0,959.0,-175.0,0.419,-0.769,-0.56
4197.56,-79.0,957.0,-177.0,0.349,-0.699,-0.56
4197.74,-80.0,958.0,-176.0,0.419,-0.839,-0.629
4203.76,-81.0,957.0,-176.0,0.419,-0.699,-0.49
4203.94,-80.0,957.0,-176.0,0.349,-0.769,-0.56
4204.12,-82.0,958.0,-175.0,0.56,-0.699,-0.49
4204.3,-80.0,957.0,-177.0,0.419,-0.769,-0.629
4204.49,-80.0,957.0,-177.0,0.49,-0.629,-0.56
4204.67,-80.0,957.0,-176.0,0.349,-0.769,-0.629
4204.85,-80.0,956.0,-177.0,0.419,-0.699,-0.56
4205.3,-81.0,958.0,-177.0,0.419,-0.699,-0.49
4205.21,-80.0,958.0,-178.0,0.349,-0.699,-0.56
4205.4,-80.0,957.0,-179.0,0.49,-0.769,-0.49
4205.58,-80.0,956.0,-179.0,0.419,-0.699,-0.56
4205.76,-81.0,958.0,-175.0,0.419,-0.699,-0.629
4205.94,-79.0,957.0,-175.0,0.419,-0.699,-0.56
4206.13,-81.0,957.0,-177.0,0.419,-0.769,-0.56
4206.31,-80.0,957.0,-176.0,0.419,-0.699,-0.49
4206.49,-80.0,957.0,-175.0,0.419,-0.769,-0.56
4206.67,-81.0,957.0,-176.0,0.49,-0.769,-0.49
4206.85,-80.0,957.0,-175.0,0.419,-0.769,-0.56
4207.4,-80.0,956.0,-176.0,0.419,-0.629,-0.56
4207.22,-81.0,957.0,-175.0,0.49,-0.769,-0.49
4207.4,-80.0,956.0,-177.0,0.419,-0.769,-0.49
4207.58,-82.0,958.0,-175.0,0.49,-0.769,-0.49
4207.77,-80.0,957.0,-174.0,0.349,-0.769,-0.56
4208.68,-78.0,957.0,-176.0,0.419,-0.699,-0.49
4208.86,-82.0,957.0,-175.0,0.419,-0.699,-0.49
4209.4,-80.0,956.0,-177.0,0.419,-0.769,-0.629
4209.22,-79.0,957.0,-176.0,0.419,-0.699,-0.49
4209.41,-82.0,957.0,-175.0,0.49,-0.699,-0.49
4209.59,-79.0,957.0,-174.0,0.419,-0.839,-0.629
4209.77,-79.0,957.0,-175.0,0.49,-0.699,-0.49
4209.95,-81.0,958.0,-174.0,0.419,-0.769,-0.56
4210.14,-80.0,958.0,-175.0,0.349,-0.769,-0.49
4210.32,-81.0,957.0,-176.0,0.419,-0.699,-0.49
4210.5,-81.0,957.0,-175.0,0.419,-0.769,-0.56
4210.68,-81.0,956.0,-174.0,0.49,-0.699,-0.56
4217.43,-75.0,956.0,-175.0,0.349,-0.769,-0.629
4217.61,-81.0,959.0,-174.0,0.56,-0.629,-0.49
4217.79,-80.0,956.0,-176.0,0.419,-0.699,-0.629
4217.97,-82.0,958.0,-175.0,0.419,-0.769,-0.629
4218.16,-78.0,956.0,-175.0,0.349,-0.769,-0.56
4218.34,-82.0,958.0,-175.0,0.56,-0.699,-0.49
4218.52,-79.0,956.0,-175.0,0.349,-0.699,-0.56
4218.7,-82.0,958.0,-174.0,0.49,-0.769,-0.56
4218.89,-77.0,956.0,-175.0,0.349,-0.699,-0.56
4219.7,-82.0,958.0,-176.0,0.49,-0.769,-0.56
4219.25,-79.0,957.0,-175.0,0.349,-0.769,-0.629
4224.72,-79.0,957.0,-177.0,0.49,-0.769,-0.56
4224.9,-80.0,957.0,-175.0,0.349,-0.769,-0.629
4225.8,-79.0,956.0,-176.0,0.49,-0.699,-0.349
4225.27,-82.0,958.0,-175.0,0.419,-0.839,-0.629
4225.45,-79.0,957.0,-175.0,0.49,-0.699,-0.56
4225.63,-78.0,958.0,-175.0,0.349,-0.699,-0.56
4225.81,-80.0,956.0,-176.0,0.49,-0.699,-0.49
4225.99,-80.0,957.0,-175.0,0.419,-0.839,-0.56
4226.18,-79.0,957.0,-176.0,0.419,-0.699,-0.49
4226.36,-79.0,957.0,-176.0,0.419,-0.769,-0.49
4226.54,-81.0,956.0,-176.0,0.419,-0.769,-0.56
4232.1,-79.0,956.0,-175.0,0.419,-0.699,-0.49
4232.19,-81.0,958.0,-174.0,0.419,-0.769,-0.49
4232.37,-78.0,956.0,-175.0,0.419,-0.769,-0.49
4232.56,-80.0,957.0,-176.0,0.49,-0.629,-0.49
4232.74,-80.0,957.0,-175.0,0.419,-0.839,-0.629
4232.92,-77.0,956.0,-177.0,0.349,-0.699,-0.49
4233.1,-81.0,957.0,-176.0,0.49,-0.769,-0.56
4233.29,-77.0,956.0,-176.0,0.349,-0.769,-0.56
4233.47,-79.0,957.0,-175.0,0.49,-0.699,-0.419
4233.65,-79.0,958.0,-175.0,0.349,-0.769,-0.56
4233.83,-79.0,958.0,-175.0,0.49,-0.699,-0.49
4234.1,-80.0,958.0,-174.0,0.349,-0.769,-0.629
4234.2,-78.0,957.0,-175.0,0.419,-0.699,-0.49
4234.38,-81.0,958.0,-175.0,0.56,-0.699,-0.49
4234.56,-79.0,957.0,-174.0,0.349,-0.769,-0.629
4234.74,-80.0,955.0,-175.0,0.419,-0.56,-0.419
4234.93,-82.0,959.0,-174.0,0.419,-0.839,-0.699
4235.11,-75.0,955.0,-176.0,0.49,-0.56,-0.419
4235.29,-84.0,960.0,-174.0,0.419,-0.769,-0.629
4235.47,-76.0,955.0,-176.0,0.419,-0.699,-0.49
4235.66,-83.0,957.0,-176.0,0.49,-0.699,-0.49
4235.84,-77.0,956.0,-176.0,0.49,-0.769,-0.56
4236.2,-81.0,957.0,-176.0,0.419,-0.769,-0.419
4236.2,-78.0,956.0,-175.0,0.349,-0.699,-0.56
4236.38,-79.0,958.0,-175.0,0.419,-0.699,-0.49
4236.57,-79.0,956.0,-175.0,0.419,-0.699,-0.49
4236.75,-82.0,959.0,-176.0,0.349,-0.769,-0.56
4236.93,-76.0,955.0,-175.0,0.349,-0.839,-0.629
4237.11,-82.0,957.0,-175.0,0.56,-0.699,-0.49
4237.3,-79.0,957.0,-175.0,0.349,-0.839,-0.629
4237.48,-80.0,956.0,-176.0,0.56,-0.629,-0.349
4237.66,-81.0,957.0,-174.0,0.419,-0.839,-0.699
4237.84,-77.0,956.0,-175.0,0.49,-0.629,-0.49
4238.3,-82.0,957.0,-176.0,0.349,-0.769,-0.56
4238.21,-79.0,957.0,-175.0,0.419,-0.769,-0.49
4238.39,-80.0,956.0,-175.0,0.419,-0.699,-0.56
4238.57,-79.0,958.0,-174.0,0.49,-0.91,-0.629
4238.75,-78.0,956.0,-176.0,0.49,-0.629,-0.49
4238.94,-80.0,958.0,-175.0,0.28,-0.839,-0.629
4239.12,-78.0,956.0,-176.0,0.49,-0.699,-0.49
4239.3,-81.0,958.0,-175.0,0.49,-0.839,-0.49
4239.48,-79.0,956.0,-176.0,0.419,-0.699,-0.56
4239.67,-81.0,958.0,-175.0,0.349,-0.839,-0.629
4239.85,-78.0,957.0,-175.0,0.49,-0.699,-0.49
4240.3,-83.0,959.0,-175.0,0.49,-0.699,-0.56
4240.21,-78.0,956.0,-176.0,0.349,-0.769,-0.56
4240.4,-80.0,958.0,-175.0,0.56,-0.629,-0.419
4240.58,-79.0,958.0,-174.0,0.349,-0.769,-0.629
4240.76,-79.0,956.0,-175.0,0.419,-0.769,-0.49
4240.94,-80.0,958.0,-174.0,0.349,-0.769,-0.56
4241.12,-81.0,958.0,-175.0,0.419,-0.699,-0.49
4241.31,-81.0,958.0,-176.0,0.419,-0.769,-0.699
4241.49,-77.0,956.0,-175.0,0.419,-0.629,-0.49
4241.67,-81.0,957.0,-175.0,0.419,-0.769,-0.56
4241.85,-79.0,957.0,-176.0,0.49,-0.699,-0.49
4242.4,-80.0,958.0,-175.0,0.419,-0.699,-0.56
4242.22,-81.0,955.0,-176.0,0.49,-0.699,-0.629
4242.4,-80.0,957.0,-175.0,0.419,-0.769,-0.56
4242.58,-80.0,957.0,-176.0,0.349,-0.699,-0.56
4242.77,-80.0,957.0,-175.0,0.49,-0.769,-0.49
4242.95,-79.0,958.0,-175.0,0.419,-0.769,-0.49
4243.13,-82.0,956.0,-176.0,0.49,-0.699,-0.49
4243.31,-81.0,957.0,-175.0,0.419,-0.91,-0.699
4243.49,-77.0,956.0,-176.0,0.419,-0.699,-0.49
4243.68,-81.0,957.0,-174.0,0.419,-0.699,-0.49
4243.86,-82.0,956.0,-176.0,0.349,-0.769,-0.629
4244.4,-80.0,956.0,-175.0,0.419,-0.769,-0.49
4244.22,-79.0,957.0,-176.0,0.49,-0.769,-0.56
4244.41,-79.0,956.0,-176.0,0.419,-0.769,-0.56
4244.59,-79.0,957.0,-175.0,0.419,-0.769,-0.56
4244.77,-80.0,957.0,-176.0,0.419,-0.699,-0.56
4244.95,-81.0,958.0,-176.0,0.349,-0.839,-0.56
4249.33,-79.0,958.0,-178.0,0.349,-0.769,-0.56
4249.51,-79.0,957.0,-176.0,0.419,-0.699,-0.49
4249.69,-80.0,956.0,-177.0,0.349,-0.769,-0.56
4249.87,-81.0,958.0,-176.0,0.349,-0.769,-0.56
4250.6,-77.0,957.0,-177.0,0.419,-0.699,-0.49
4250.24,-82.0,958.0,-176.0,0.419,-0.699,-0.419
4250.42,-81.0,957.0,-176.0,0.349,-0.91,-0.56
4250.6,-80.0,956.0,-177.0,0.349,-0.699,-0.49
4250.79,-79.0,957.0,-176.0,0.349,-0.769,-0.629
4250.97,-81.0,958.0,-176.0,0.49,-0.769,-0.49
4251.15,-78.0,957.0,-176.0,0.419,-0.839,-0.629
4256.98,-80.0,957.0,-177.0,0.349,-0.769,-0.56
4257.16,-78.0,956.0,-178.0,0.49,-0.629,-0.49
4257.35,-82.0,958.0,-176.0,0.349,-0.91,-0.56
4257.53,-78.0,956.0,-177.0,0.349,-0.769,-0.629
4257.71,-81.0,957.0,-178.0,0.419,-0.769,-0.49
4257.89,-80.0,957.0,-178.0,0.349,-0.769,-0.699
4258.8,-80.0,957.0,-178.0,0.419,-0.699,-0.56
4258.26,-80.0,958.0,-177.0,0.349,-0.839,-0.56
4258.44,-81.0,957.0,-176.0,0.419,-0.769,-0.56
4258.62,-81.0,957.0,-177.0,0.349,-0.699,-0.56
4258.81,-82.0,956.0,-177.0,0.349,-0.769,-0.629
4258.99,-80.0,957.0,-176.0,0.419,-0.769,-0.629
4259.17,-80.0,957.0,-177.0,0.49,-0.699,-0.56
4259.35,-80.0,957.0,-177.0,0.349,-0.699,-0.49
4259.53,-80.0,957.0,-177.0,0.419,-0.769,-0.49
4259.72,-80.0,957.0,-177.0,0.419,-0.769,-0.56
4259.9,-78.0,958.0,-177.0,0.419,-0.699,-0.629
4260.8,-78.0,957.0,-177.0,0.419,-0.629,-0.419
4260.26,-81.0,957.0,-176.0,0.419,-0.699,-0.56
4260.45,-81.0,957.0,-176.0,0.49,-0.769,-0.49
4260.63,-81.0,958.0,-176.0,0.56,-0.769,-0.56
4260.81,-81.0,956.0,-177.0,0.349,-0.769,-0.629
4260.99,-81.0,957.0,-178.0,0.419,-0.699,-0.49
4261.18,-79.0,957.0,-177.0,0.419,-0.769,-0.629
4261.36,-80.0,957.0,-177.0,0.49,-0.699,-0.56
4261.54,-81.0,958.0,-176.0,0.349,-0.839,-0.629
4261.72,-81.0,957.0,-176.0,0.419,-0.699,-0.49
4261.9,-83.0,959.0,-176.0,0.349,-0.769,-0.629
4262.9,-81.0,956.0,-177.0,0.419,-0.699,-0.49
4262.27,-81.0,957.0,-177.0,0.419,-0.699,-0.49
4263.36,-79.0,956.0,-175.0,0.49,-0.769,-0.49
4263.55,-81.0,957.0,-176.0,0.419,-0.699,-0.419
4263.73,-81.0,957.0,-175.0,0.419,-0.769,-0.629
4263.91,-81.0,958.0,-175.0,0.349,-0.839,-0.56
4264.9,-78.0,957.0,-175.0,0.419,-0.699,-0.49
4264.27,-83.0,959.0,-176.0,0.49,-0.699,-0.49
4264.46,-78.0,956.0,-176.0,0.49,-0.699,-0.56
4264.64,-81.0,957.0,-176.0,0.49,-0.699,-0.56
4264.82,-80.0,957.0,-176.0,0.419,-0.699,-0.56
4265.0,-81.0,956.0,-176.0,0.56,-0.699,-0.49
4265.19,-81.0,958.0,-176.0,0.419,-0.769,-0.629
4265.37,-81.0,956.0,-176.0,0.419,-0.769,-0.56
4265.55,-80.0,956.0,-176.0,0.349,-0.769,-0.56
4265.73,-82.0,957.0,-176.0,0.49,-0.769,-0.49
4265.91,-81.0,957.0,-176.0,0.349,-0.91,-0.699
4266.1,-76.0,956.0,-176.0,0.419,-0.629,-0.419
4266.28,-84.0,957.0,-176.0,0.56,-0.699,-0.419
4266.46,-78.0,957.0,-175.0,0.419,-0.91,-0.629
4266.64,-79.0,957.0,-176.0,0.49,-0.769,-0.49
4266.83,-79.0,957.0,-176.0,0.28,-0.699,-0.49
4267.1,-82.0,957.0,-176.0,0.49,-0.839,-0.56
4267.19,-79.0,958.0,-177.0,0.419,-0.769,-0.56
4267.37,-79.0,957.0,-177.0,0.349,-0.769,-0.49
4267.56,-80.0,956.0,-177.0,0.419,-0.699,-0.49
4267.74,-81.0,957.0,-176.0,0.419,-0.769,-0.629
4267.92,-78.0,956.0,-175.0,0.349,-0.629,-0.49
4268.1,-82.0,957.0,-176.0,0.49,-0.699,-0.49
4268.28,-78.0,958.0,-175.0,0.349,-0.839,-0.629
4268.47,-80.0,956.0,-178.0,0.49,-0.699,-0.419
4268.65,-80.0,958.0,-176.0,0.419,-0.839,-0.699
4268.83,-76.0,955.0,-176.0,0.419,-0.629,-0.419
4269.1,-80.0,957.0,-176.0,0.419,-0.769,-0.49
4269.2,-79.0,957.0,-176.0,0.419,-0.769,-0.49
4269.38,-83.0,958.0,-175.0,0.56,-0.699,-0.56
4269.56,-78.0,957.0,-176.0,0.28,-0.91,-0.699
4269.74,-80.0,956.0,-177.0,0.49,-0.56,-0.49
4269.93,-82.0,957.0,-175.0,0.349,-0.91,-0.629
4270.11,-78.0,956.0,-176.0,0.419,-0.699,-0.49
4270.29,-82.0,959.0,-175.0,0.349,-0.839,-0.629
4270.47,-77.0,956.0,-175.0,0.419,-0.699,-0.49
4270.65,-85.0,958.0,-174.0,0.56,-0.699,-0.49
4270.84,-79.0,956.0,-175.0,0.349,-0.839,-0.629
4271.2,-79.0,956.0,-175.0,0.419,-0.629,-0.49
4271.2,-79.0,957.0,-176.0,0.349,-0.839,-0.629
4271.38,-79.0,958.0,-174.0,0.49,-0.629,-0.49
4271.57,-80.0,957.0,-175.0,0.349,-0.699,-0.56
4271.75,-82.0,958.0,-174.0,0.56,-0.769,-0.629
4271.93,-78.0,957.0,-175.0,0.349,-0.91,-0.629
4272.11,-80.0,957.0,-175.0,0.419,-0.699,-0.56
4272.29,-83.0,960.0,-175.0,0.56,-0.699,-0.629
4272.48,-80.0,957.0,-175.0,0.56,-0.699,-0.56
4272.66,-81.0,956.0,-175.0,0.419,-0.769,-0.56
4272.84,-80.0,957.0,-176.0,0.49,-0.699,-0.629
4273.2,-80.0,957.0,-176.0,0.349,-0.699,-0.56
4273.21,-81.0,958.0,-174.0,0.349,-0.769,-0.629
4273.39,-81.0,958.0,-176.0,0.419,-0.769,-0.629
4273.57,-77.0,956.0,-176.0,0.28,-0.769,-0.419
4273.75,-84.0,960.0,-176.0,0.49,-0.91,-0.629
4273.94,-78.0,957.0,-174.0,0.349,-0.769,-0.629
4274.12,-81.0,955.0,-178.0,0.49,-0.629,-0.419
4274.3,-83.0,958.0,-177.0,0.49,-0.91,-0.699
4274.48,-76.0,956.0,-177.0,0.419,-0.699,-0.56
4274.66,-84.0,957.0,-179.0,0.629,-0.56,-0.49
4274.85,-76.0,956.0,-176.0,0.28,-0.839,-0.56
4275.3,-83.0,956.0,-179.0,0.419,-0.56,-0.419
4275.21,-81.0,957.0,-177.0,0.28,-0.98,-0.839
4276.31,-79.0,957.0,-176.0,0.419,-0.699,-0.49
4276.49,-82.0,957.0,-176.0,0.56,-0.699,-0.56
4276.67,-80.0,955.0,-174.0,0.349,-0.699,-0.56
4276.85,-85.0,958.0,-176.0,0.49,-0.699,-0.49
4277.3,-81.0,958.0,-173.0,0.349,-0.91,-0.769
4277.22,-79.0,957.0,-173.0,0.419,-0.629,-0.419
4277.4,-83.0,958.0,-176.0,0.49,-0.769,-0.629
4277.58,-79.0,957.0,-175.0,0.349,-0.91,-0.629
4277.76,-75.0,957.0,-176.0,0.49,-0.699,-0.49
4277.95,-80.0,956.0,-176.0,0.349,-0.699,-0.56
4278.13,-79.0,958.0,-177.0,0.419,-0.769,-0.49
4278.31,-81.0,958.0,-174.0,0.56,-0.699,-0.629
4278.49,-75.0,955.0,-177.0,0.209,-0.699,-0.419
4278.68,-87.0,960.0,-179.0,0.56,-0.699,-0.56
4278.86,-71.0,950.0,-183.0,0.349,-0.769,-0.419
4279.4,-92.0,961.0,-178.0,0.56,-0.769,-0.699
4279.22,-71.0,955.0,-179.0,0.28,-0.839,-0.629
4279.4,-80.0,956.0,-179.0,0.56,-0.49,-0.209
4279.59,-80.0,957.0,-175.0,0.07,-1.049,-0.629
4279.77,-77.0,957.0,-175.0,0.14,-0.91,-0.49
4279.95,-78.0,956.0,-177.0,0.209,-0.629,-0.349
4280.13,-89.0,961.0,-173.0,0.14,-0.839,-0.769
4280.32,-75.0,956.0,-172.0,0.07,-0.769,-0.699
4280.5,-80.0,961.0,-172.0,0.28,-0.839,-0.49
4280.68,-77.0,957.0,-175.0,0.49,-1.12,-0.49
4283.96,-87.0,961.0,-174.0,0.14,-1.19,-0.839
4284.14,-74.0,955.0,-178.0,0.629,-0.699,-0.209
4284.33,-83.0,958.0,-174.0,0.28,-0.98,-0.699
4284.51,-77.0,955.0,-178.0,0.629,-0.56,-0.209
4284.69,-82.0,960.0,-175.0,0.349,-0.839,-0.839
4284.87,-77.0,956.0,-177.0,0.699,-0.699,-0.419
4285.6,-83.0,958.0,-174.0,0.28,-0.98,-0.699
4285.24,-79.0,955.0,-177.0,0.49,-0.56,-0.49
4285.42,-81.0,958.0,-178.0,0.28,-0.98,-0.769
4285.6,-77.0,955.0,-178.0,0.56,-0.49,-0.28
4285.79,-85.0,960.0,-173.0,0.419,-0.91,-0.839
4285.97,-76.0,954.0,-178.0,0.349,-0.699,-0.419
4286.15,-80.0,959.0,-176.0,0.419,-0.91,-0.56
4286.33,-78.0,957.0,-176.0,0.49,-0.769,-0.49
4286.52,-83.0,957.0,-176.0,0.349,-0.839,-0.769
4286.7,-77.0,956.0,-178.0,0.49,-0.56,-0.49
4286.88,-84.0,959.0,-176.0,0.49,-0.769,-0.629
4287.6,-78.0,956.0,-175.0,0.419,-0.699,-0.629
4287.24,-81.0,957.0,-175.0,0.419,-0.629,-0.56
4287.43,-80.0,958.0,-174.0,0.349,-0.839,-0.629
4287.61,-80.0,956.0,-175.0,0.49,-0.769,-0.49
4287.79,-80.0,960.0,-175.0,0.419,-0.839,-0.56
4287.97,-80.0,956.0,-176.0,0.419,-0.629,-0.419
4288.16,-84.0,957.0,-177.0,0.56,-0.839,-0.56
4288.34,-77.0,956.0,-177.0,0.419,-0.769,-0.56
4288.52,-83.0,957.0,-178.0,0.49,-0.629,-0.49
4288.7,-81.0,957.0,-177.0,0.349,-0.699,-0.629
4288.89,-80.0,955.0,-178.0,0.349,-0.56,-0.49
4289.7,-81.0,957.0,-175.0,0.209,-0.699,-0.629
4289.25,-81.0,959.0,-173.0,0.28,-0.769,-0.56
4289.43,-79.0,957.0,-175.0,0.349,-0.699,-0.56
4289.62,-81.0,958.0,-174.0,0.49,-0.839,-0.629
4289.8,-79.0,957.0,-175.0,0.49,-0.769,-0.49
4289.98,-83.0,958.0,-176.0,0.629,-0.769,-0.56
4290.16,-78.0,955.0,-179.0,0.419,-0.769,-0.56
4293.63,-80.0,956.0,-176.0,0.419,-0.699,-0.56
4293.81,-82.0,958.0,-174.0,0.349,-0.769,-0.56
4293.99,-77.0,956.0,-175.0,0.28,-0.769,-0.49
4294.17,-82.0,958.0,-175.0,0.419,-0.699,-0.56
4294.36,-79.0,958.0,-175.0,0.419,-0.769,-0.56
4294.54,-81.0,958.0,-176.0,0.419,-0.699,-0.56
4294.72,-79.0,956.0,-175.0,0.419,-0.769,-0.49
4294.9,-80.0,958.0,-175.0,0.49,-0.699,-0.49
4295.8,-80.0,956.0,-176.0,0.419,-0.769,-0.56
4295.27,-79.0,957.0,-177.0,0.419,-0.699,-0.49
4295.45,-81.0,957.0,-175.0,0.49,-0.699,-0.56
4295.63,-80.0,956.0,-176.0,0.28,-0.839,-0.629
4295.81,-80.0,956.0,-174.0,0.49,-0.629,-0.49
4296.0,-82.0,959.0,-175.0,0.419,-0.699,-0.56
4296.18,-79.0,956.0,-176.0,0.49,-0.699,-0.56
4296.36,-80.0,957.0,-176.0,0.49,-0.629,-0.49
4297.45,-79.0,956.0,-176.0,0.349,-0.769,-0.56
4297.64,-82.0,958.0,-175.0,0.49,-0.699,-0.49
4297.82,-79.0,956.0,-174.0,0.349,-0.769,-0.56
4298.0,-81.0,958.0,-175.0,0.49,-0.629,-0.49
4298.18,-78.0,957.0,-176.0,0.349,-0.699,-0.49
4298.37,-82.0,957.0,-176.0,0.49,-0.699,-0.56
4298.55,-77.0,955.0,-176.0,0.419,-0.769,-0.56
4298.73,-82.0,957.0,-175.0,0.49,-0.699,-0.56
4298.91,-79.0,956.0,-175.0,0.28,-0.769,-0.629
4299.1,-80.0,957.0,-176.0,0.419,-0.699,-0.49
4299.28,-81.0,957.0,-176.0,0.349,-0.769,-0.56
4299.46,-80.0,957.0,-175.0,0.419,-0.699,-0.629
4299.64,-79.0,956.0,-174.0,0.349,-0.699,-0.49
4299.83,-81.0,957.0,-177.0,0.56,-0.769,-0.56
4300.1,-79.0,957.0,-175.0,0.419,-0.839,-0.629
4300.19,-79.0,956.0,-176.0,0.419,-0.769,-0.419
4300.37,-81.0,957.0,-176.0,0.419,-0.699,-0.49
4300.55,-80.0,957.0,-176.0,0.349,-0.769,-0.629
4300.74,-79.0,955.0,-178.0,0.56,-0.629,-0.49
4300.92,-82.0,957.0,-176.0,0.419,-0.839,-0.629
4301.1,-78.0,956.0,-175.0,0.349,-0.629,-0.56
4301.28,-81.0,958.0,-177.0,0.49,-0.699,-0.49
4301.47,-77.0,956.0,-176.0,0.349,-0.839,-0.49
4301.65,-82.0,957.0,-176.0,0.49,-0.699,-0.56
4301.83,-78.0,957.0,-175.0,0.419,-0.91,-0.629
4302.1,-79.0,957.0,-175.0,0.419,-0.629,-0.419
4302.2,-81.0,957.0,-175.0,0.349,-0.769,-0.629
4302.38,-79.0,956.0,-176.0,0.49,-0.699,-0.629
4302.56,-79.0,957.0,-176.0,0.349,-0.629,-0.56
4302.74,-80.0,957.0,-176.0,0.419,-0.699,-0.56
4302.92,-80.0,957.0,-175.0,0.49,-0.769,-0.56
4303.11,-79.0,957.0,-174.0,0.419,-0.769,-0.49
4303.29,-81.0,957.0,-175.0,0.49,-0.699,-0.56
4303.47,-79.0,956.0,-176.0,0.49,-0.769,-0.56
4303.65,-80.0,956.0,-176.0,0.419,-0.769,-0.56
4303.84,-80.0,958.0,-175.0,0.56,-0.769,-0.56
4304.2,-80.0,957.0,-177.0,0.349,-0.699,-0.49
4304.2,-82.0,957.0,-175.0,0.419,-0.769,-0.56
4304.38,-78.0,957.0,-175.0,0.349,-0.699,-0.56
4304.57,-81.0,957.0,-175.0,0.49,-0.629,-0.49
4304.75,-80.0,956.0,-176.0,0.419,-0.839,-0.629
4304.93,-81.0,957.0,-176.0,0.49,-0.699,-0.56
4305.11,-79.0,956.0,-175.0,0.349,-0.839,-0.629
4305.29,-81.0,957.0,-176.0,0.49,-0.699,-0.49
4305.48,-80.0,956.0,-176.0,0.419,-0.769,-0.56
4305.66,-81.0,957.0,-177.0,0.49,-0.699,-0.49
4305.84,-80.0,957.0,-176.0,0.419,-0.839,-0.699
4306.2,-82.0,958.0,-175.0,0.49,-0.769,-0.49
4306.21,-80.0,957.0,-176.0,0.349,-0.769,-0.699
4306.39,-81.0,957.0,-176.0,0.49,-0.769,-0.419
4306.57,-82.0,959.0,-175.0,0.28,-0.769,-0.629
4306.75,-81.0,957.0,-176.0,0.349,-0.699,-0.629
4306.94,-81.0,958.0,-177.0,0.49,-0.769,-0.56
4307.12,-81.0,957.0,-176.0,0.419,-0.699,-0.56
4307.3,-79.0,956.0,-176.0,0.419,-0.769,-0.419
4307.48,-83.0,958.0,-176.0,0.49,-0.769,-0.56
4307.67,-78.0,957.0,-175.0,0.349,-0.769,-0.49
4307.85,-83.0,957.0,-176.0,0.49,-0.699,-0.56
4308.3,-78.0,957.0,-175.0,0.349,-0.839,-0.629
4308.21,-81.0,957.0,-175.0,0.49,-0.629,-0.349
4308.39,-80.0,957.0,-175.0,0.349,-0.839,-0.629
4308.58,-80.0,957.0,-176.0,0.349,-0.629,-0.56
4308.76,-81.0,957.0,-175.0,0.49,-0.839,-0.629
4308.94,-80.0,956.0,-174.0,0.349,-0.769,-0.56
4309.12,-81.0,957.0,-175.0,0.419,-0.769,-0.56
4309.31,-81.0,957.0,-176.0,0.49,-0.769,-0.56
4309.49,-81.0,957.0,-176.0,0.419,-0.699,-0.56
4309.67,-81.0,956.0,-175.0,0.419,-0.699,-0.49
4309.85,-81.0,957.0,-175.0,0.419,-0.699,-0.56
4310.4,-80.0,957.0,-176.0,0.419,-0.769,-0.56
4310.22,-80.0,957.0,-175.0,0.49,-0.769,-0.49
4310.4,-80.0,957.0,-175.0,0.349,-0.769,-0.56
4310.58,-81.0,956.0,-176.0,0.49,-0.699,-0.56
4310.76,-81.0,957.0,-175.0,0.419,-0.839,-0.56
4310.95,-79.0,957.0,-176.0,0.419,-0.699,-0.49
4311.13,-82.0,958.0,-174.0,0.49,-0.769,-0.56
4311.31,-80.0,957.0,-175.0,0.49,-0.699,-0.49
4311.49,-81.0,957.0,-175.0,0.419,-0.699,-0.49
4311.68,-80.0,958.0,-175.0,0.419,-0.699,-0.49
4311.86,-80.0,957.0,-175.0,0.419,-0.699,-0.56
4312.4,-81.0,957.0,-175.0,0.419,-0.769,-0.56
4312.22,-79.0,957.0,-176.0,0.419,-0.699,-0.49
4312.41,-82.0,957.0,-176.0,0.49,-0.769,-0.629
4312.59,-79.0,957.0,-176.0,0.419,-0.769,-0.56
4312.77,-80.0,957.0,-176.0,0.49,-0.699,-0.49
4312.95,-80.0,957.0,-177.0,0.419,-0.769,-0.629
4313.13,-79.0,957.0,-176.0,0.419,-0.769,-0.56
4313.32,-79.0,958.0,-176.0,0.349,-0.699,-0.49
4313.5,-81.0,957.0,-176.0,0.49,-0.699,-0.56
4313.68,-80.0,957.0,-176.0,0.419,-0.699,-0.49
4313.86,-81.0,958.0,-177.0,0.49,-0.699,-0.49
4314.5,-81.0,957.0,-177.0,0.419,-0.699,-0.56
4314.23,-81.0,957.0,-178.0,0.49,-0.699,-0.56
4314.41,-80.0,957.0,-177.0,0.419,-0.839,-0.56
4314.59,-81.0,956.0,-175.0,0.49,-0.699,-0.49
4314.78,-80.0,957.0,-175.0,0.419,-0.769,-0.56
4314.96,-80.0,956.0,-176.0,0.419,-0.769,-0.56
4315.14,-80.0,956.0,-176.0,0.419,-0.629,-0.56
4315.32,-80.0,957.0,-176.0,0.419,-0.699,-0.419
4315.5,-80.0,957.0,-176.0,0.419,-0.699,-0.56
4315.69,-80.0,956.0,-176.0,0.49,-0.769,-0.49
4315.87,-80.0,956.0,-176.0,0.419,-0.769,-0.56
4316.5,-80.0,957.0,-176.0,0.419,-0.769,-0.49
4316.23,-80.0,958.0,-175.0,0.49,-0.699,-0.49
4316.42,-80.0,956.0,-177.0,0.49,-0.769,-0.56
4316.6,-80.0,957.0,-177.0,0.419,-0.699,-0.49
4316.78,-80.0,957.0,-177.0,0.419,-0.699,-0.56
4316.96,-80.0,957.0,-176.0,0.419,-0.629,-0.56
4317.15,-80.0,957.0,-177.0,0.419,-0.699,-0.56
4317.33,-80.0,957.0,-176.0,0.419,-0.769,-0.49
4317.51,-80.0,957.0,-177.0,0.349,-0.699,-0.49
4317.69,-80.0,957.0,-177.0,0.419,-0.769,-0.629
4317.88,-80.0,957.0,-176.0,0.419,-0.699,-0.49
4318.6,-80.0,957.0,-176.0,0.419,-0.699,-0.56
4318.24,-80.0,957.0,-176.0,0.419,-0.699,-0.49
4318.42,-80.0,957.0,-175.0,0.419,-0.699,-0.56
4318.6,-80.0,956.0,-176.0,0.49,-0.699,-0.49
4318.79,-80.0,958.0,-175.0,0.349,-0.699,-0.49
4318.97,-80.0,957.0,-176.0,0.419,-0.769,-0.56
4319.15,-80.0,956.0,-175.0,0.419,-0.699,-0.49
4320.24,-79.0,957.0,-175.0,0.419,-0.769,-0.49
4320.43,-81.0,957.0,-176.0,0.419,-0.699,-0.56
4320.61,-78.0,957.0,-175.0,0.419,-0.699,-0.56
4320.79,-81.0,957.0,-176.0,0.49,-0.629,-0.56
4320.97,-81.0,957.0,-174.0,0.419,-0.699,-0.56
4321.16,-81.0,957.0,-176.0,0.419,-0.699,-0.49
4321.34,-80.0,956.0,-175.0,0.419,-0.699,-0.56
4321.52,-80.0,957.0,-175.0,0.349,-0.699,-0.49
4321.7,-79.0,956.0,-175.0,0.419,-0.699,-0.56
4321.89,-80.0,957.0,-175.0,0.49,-0.699,-0.49
4322.7,-79.0,957.0,-175.0,0.419,-0.769,-0.56
4322.25,-80.0,957.0,-176.0,0.49,-0.699,-0.49
4322.43,-80.0,957.0,-176.0,0.419,-0.769,-0.49
4322.61,-79.0,956.0,-176.0,0.49,-0.769,-0.49
4322.8,-80.0,957.0,-176.0,0.419,-0.699,-0.56
4322.98,-79.0,957.0,-175.0,0.349,-0.699,-0.49
4323.16,-80.0,958.0,-177.0,0.419,-0.769,-0.56
4323.34,-80.0,957.0,-175.0,0.49,-0.769,-0.49
4323.53,-80.0,957.0,-175.0,0.49,-0.769,-0.49
4323.71,-79.0,957.0,-175.0,0.349,-0.699,-0.56
4323.89,-81.0,956.0,-176.0,0.419,-0.699,-0.56
4324.7,-79.0,958.0,-176.0,0.419,-0.769,-0.56
4324.26,-80.0,957.0,-175.0,0.419,-0.699,-0.56
4324.44,-79.0,956.0,-175.0,0.419,-0.769,-0.49
4324.62,-80.0,957.0,-175.0,0.419,-0.769,-0.49
4324.8,-81.0,957.0,-176.0,0.419,-0.769,-0.56
4324.98,-80.0,957.0,-176.0,0.419,-0.769,-0.56
4325.17,-79.0,957.0,-176.0,0.49,-0.769,-0.56
4325.35,-80.0,956.0,-176.0,0.419,-0.769,-0.49
4325.53,-80.0,957.0,-176.0,0.419,-0.839,-0.56
4325.71,-80.0,957.0,-177.0,0.419,-0.769,-0.56
4325.9,-80.0,958.0,-176.0,0.419,-0.769,-0.629
4326.8,-79.0,956.0,-177.0,0.49,-0.769,-0.49
4326.26,-80.0,957.0,-175.0,0.49,-0.769,-0.56
4326.44,-80.0,956.0,-176.0,0.349,-0.839,-0.56
4326.63,-81.0,957.0,-176.0,0.49,-0.769,-0.56
4326.81,-80.0,957.0,-175.0,0.419,-0.769,-0.629
4326.99,-80.0,957.0,-177.0,0.419,-0.699,-0.56
4327.17,-80.0,957.0,-175.0,0.49,-0.699,-0.629
4327.35,-79.0,957.0,-175.0,0.28,-0.699,-0.49
4327.54,-80.0,957.0,-175.0,0.419,-0.699,-0.49
4327.72,-81.0,958.0,-175.0,0.349,-0.769,-0.56
4327.9,-79.0,958.0,-176.0,0.349,-0.769,-0.56
4328.8,-81.0,957.0,-175.0,0.419,-0.769,-0.56
4328.27,-79.0,957.0,-175.0,0.49,-0.769,-0.56
4328.45,-80.0,956.0,-175.0,0.419,-0.769,-0.49
4329.91,-80.0,958.0,-174.0,0.49,-0.769,-0.56
4330.9,-79.0,958.0,-176.0,0.419,-0.699,-0.56
4330.27,-80.0,957.0,-176.0,0.49,-0.769,-0.49
4330.45,-79.0,957.0,-176.0,0.419,-0.769,-0.56
4330.64,-80.0,956.0,-176.0,0.56,-0.699,-0.49
4330.82,-82.0,958.0,-176.0,0.419,-0.839,-0.629
4331.0,-79.0,957.0,-175.0,0.419,-0.769,-0.629
4331.18,-80.0,956.0,-176.0,0.419,-0.769,-0.56
4331.36,-81.0,957.0,-174.0,0.419,-0.839,-0.56
4331.55,-81.0,958.0,-175.0,0.49,-0.699,-0.49
4331.73,-81.0,957.0,-174.0,0.49,-0.769,-0.629
4331.91,-79.0,956.0,-177.0,0.56,-0.56,-0.49
4332.9,-82.0,958.0,-176.0,0.349,-0.839,-0.56
4332.28,-80.0,957.0,-177.0,0.49,-0.769,-0.49
4332.46,-80.0,958.0,-175.0,0.419,-0.839,-0.56
4332.64,-80.0,957.0,-175.0,0.419,-0.769,-0.49
4332.82,-82.0,958.0,-176.0,0.419,-0.699,-0.56
4333.0,-81.0,957.0,-175.0,0.49,-0.769,-0.56
4333.19,-80.0,957.0,-177.0,0.419,-0.769,-0.56
4333.37,-82.0,957.0,-177.0,0.56,-0.769,-0.56
4333.55,-79.0,956.0,-177.0,0.419,-0.699,-0.49
4333.73,-82.0,958.0,-176.0,0.49,-0.629,-0.56
4333.92,-78.0,955.0,-177.0,0.419,-0.769,-0.56
4334.1,-82.0,959.0,-176.0,0.349,-0.699,-0.56
4334.28,-80.0,956.0,-176.0,0.349,-0.91,-0.629
4334.46,-80.0,956.0,-176.0,0.419,-0.699,-0.419
4334.65,-81.0,957.0,-177.0,0.349,-0.839,-0.629
4334.83,-81.0,956.0,-176.0,0.49,-0.769,-0.49
4335.1,-81.0,957.0,-175.0,0.419,-0.699,-0.56
4335.19,-81.0,958.0,-176.0,0.49,-0.769,-0.629
4335.37,-80.0,956.0,-176.0,0.349,-0.839,-0.56
4335.56,-81.0,958.0,-176.0,0.419,-0.769,-0.56
4335.74,-83.0,959.0,-175.0,0.419,-0.769,-0.56
4335.92,-78.0,956.0,-176.0,0.419,-0.769,-0.56
4336.1,-81.0,957.0,-176.0,0.419,-0.769,-0.56
4336.29,-83.0,957.0,-176.0,0.419,-0.769,-0.56
4336.47,-79.0,956.0,-177.0,0.419,-0.769,-0.56
4336.65,-82.0,958.0,-176.0,0.419,-0.769,-0.49
4336.83,-78.0,957.0,-176.0,0.419,-0.769,-0.629
4337.1,-81.0,957.0,-176.0,0.49,-0.699,-0.56
4337.2,-79.0,956.0,-177.0,0.419,-0.839,-0.56
4337.38,-81.0,957.0,-176.0,0.419,-0.699,-0.49
4337.56,-78.0,956.0,-177.0,0.419,-0.699,-0.629
4337.74,-80.0,958.0,-176.0,0.349,-0.629,-0.49
4337.93,-82.0,958.0,-176.0,0.349,-0.769,-0.56
4338.11,-80.0,957.0,-176.0,0.349,-0.769,-0.56
4338.29,-81.0,957.0,-176.0,0.49,-0.699,-0.419
4338.47,-82.0,958.0,-176.0,0.419,-0.769,-0.699
4338.66,-80.0,957.0,-177.0,0.49,-0.839,-0.629
4338.84,-80.0,957.0,-175.0,0.49,-0.769,-0.49
4339.2,-82.0,957.0,-176.0,0.349,-0.699,-0.56
4339.2,-82.0,958.0,-177.0,0.349,-0.769,-0.629
4339.38,-78.0,956.0,-177.0,0.349,-0.699,-0.49
4339.57,-79.0,958.0,-176.0,0.28,-0.769,-0.49
4339.75,-81.0,956.0,-175.0,0.49,-0.699,-0.49
4339.93,-80.0,958.0,-175.0,0.349,-0.769,-0.56
4340.11,-77.0,957.0,-175.0,0.28,-0.769,-0.419
4340.3,-85.0,957.0,-177.0,0.699,-0.699,-0.56
4340.48,-77.0,956.0,-177.0,0.349,-0.91,-0.769
4340.66,-84.0,957.0,-178.0,0.629,-0.56,-0.49
4340.84,-79.0,956.0,-178.0,0.28,-0.98,-0.839
4341.3,-81.0,957.0,-176.0,0.419,-0.629,-0.49
4341.21,-84.0,960.0,-174.0,0.28,-0.839,-0.769
4341.39,-76.0,957.0,-175.0,0.28,-0.699,-0.56
4341.57,-84.0,959.0,-174.0,0.56,-0.699,-0.56
4341.75,-80.0,956.0,-176.0,0.419,-0.769,-0.49
4341.94,-82.0,959.0,-176.0,0.49,-0.91,-0.629
4342.12,-78.0,955.0,-178.0,0.49,-0.699,-0.419
4342.3,-84.0,958.0,-176.0,0.419,-0.839,-0.699
4342.48,-77.0,955.0,-177.0,0.28,-0.699,-0.49
4342.67,-83.0,958.0,-178.0,0.419,-0.699,-0.49
4342.85,-81.0,956.0,-175.0,0.419,-0.769,-0.56
4343.3,-83.0,959.0,-175.0,0.419,-0.699,-0.629
4343.21,-77.0,958.0,-178.0,0.49,-0.699,-0.629
4343.39,-85.0,957.0,-177.0,0.699,-0.839,-0.629
4343.58,-79.0,955.0,-176.0,0.28,-0.98,-0.56
4343.76,-82.0,956.0,-177.0,0.56,-0.49,-0.49
4343.94,-81.0,956.0,-176.0,0.28,-0.91,-0.629
4344.12,-81.0,957.0,-176.0,0.419,-0.629,-0.49
4344.31,-82.0,960.0,-173.0,0.349,-0.839,-0.629
4344.49,-77.0,956.0,-174.0,0.49,-0.769,-0.56
4344.67,-78.0,958.0,-175.0,0.28,-0.91,-0.629
4344.85,-81.0,955.0,-177.0,0.49,-0.769,-0.419
4345.3,-79.0,957.0,-176.0,0.209,-0.98,-0.699
4345.22,-77.0,955.0,-177.0,0.419,-0.49,-0.349
4345.4,-88.0,963.0,-172.0,0.209,-0.91,-0.839
4345.58,-67.0,952.0,-177.0,0.28,-0.629,-0.28
4350.14,-83.0,957.0,-178.0,0.56,-0.629,-0.629
4350.32,-82.0,959.0,-175.0,0.419,-0.91,-0.769
4350.5,-75.0,955.0,-178.0,0.49,-0.769,-0.49
4350.68,-83.0,959.0,-177.0,0.49,-0.839,-0.56
4350.87,-78.0,958.0,-175.0,0.349,-0.699,-0.629
4351.5,-78.0,954.0,-178.0,0.419,-0.56,-0.28
4351.23,-82.0,960.0,-175.0,0.28,-0.91,-0.629
4351.41,-78.0,956.0,-176.0,0.349,-0.629,-0.419
4351.6,-83.0,959.0,-173.0,0.28,-0.839,-0.699
4351.78,-75.0,955.0,-176.0,0.49,-0.629,-0.419
4351.96,-84.0,959.0,-175.0,0.419,-0.839,-0.629
4352.14,-75.0,955.0,-176.0,0.28,-0.769,-0.49
4352.33,-86.0,958.0,-176.0,0.56,-0.699,-0.49
4352.51,-79.0,957.0,-177.0,0.349,-0.91,-0.699
4352.69,-81.0,957.0,-178.0,0.56,-0.629,-0.419
4352.87,-81.0,958.0,-176.0,0.349,-0.839,-0.629
4353.5,-78.0,956.0,-178.0,0.49,-0.56,-0.349
4353.24,-82.0,958.0,-176.0,0.349,-0.839,-0.629
4353.42,-79.0,958.0,-176.0,0.349,-0.56,-0.419
4353.6,-79.0,957.0,-176.0,0.419,-0.699,-0.56
4353.78,-82.0,959.0,-176.0,0.56,-0.699,-0.56
4353.97,-78.0,956.0,-176.0,0.419,-0.699,-0.49
4354.15,-83.0,959.0,-176.0,0.56,-0.699,-0.56
4354.33,-78.0,955.0,-176.0,0.419,-0.769,-0.629
4354.51,-83.0,958.0,-175.0,0.56,-0.56,-0.419
4354.7,-79.0,957.0,-177.0,0.28,-0.91,-0.629
4354.88,-76.0,958.0,-175.0,0.419,-0.629,-0.419
4355.6,-80.0,956.0,-178.0,0.49,-0.699,-0.349
4355.24,-80.0,960.0,-174.0,0.28,-0.839,-0.699
4355.42,-82.0,956.0,-177.0,0.629,-0.49,-0.28
4355.61,-82.0,959.0,-174.0,0.28,-1.12,-0.91
4355.79,-78.0,954.0,-177.0,0.629,-0.419,-0.14
4355.97,-87.0,960.0,-176.0,0.28,-1.12,-0.839
4356.15,-73.0,954.0,-178.0,0.56,-0.629,-0.419
4356.34,-85.0,958.0,-176.0,0.349,-0.699,-0.629
4356.52,-79.0,956.0,-178.0,0.56,-0.699,-0.56
4356.7,-81.0,960.0,-174.0,0.28,-0.91,-0.769
4356.88,-76.0,954.0,-176.0,0.419,-0.56,-0.349
4357.6,-84.0,960.0,-174.0,0.419,-0.91,-0.769
4357.25,-77.0,954.0,-177.0,0.349,-0.699,-0.419
4357.43,-85.0,959.0,-175.0,0.419,-0.839,-0.699
4357.61,-78.0,957.0,-175.0,0.419,-0.699,-0.56
4359.25,-77.0,956.0,-175.0,0.419,-0.699,-0.56
4359.43,-82.0,957.0,-177.0,0.49,-0.769,-0.49
4359.62,-78.0,959.0,-174.0,0.419,-0.839,-0.49
4359.8,-79.0,956.0,-177.0,0.56,-0.629,-0.419
4359.98,-80.0,960.0,-174.0,0.419,-0.98,-0.629
4360.16,-76.0,955.0,-177.0,0.629,-0.419,-0.14
4360.35,-80.0,957.0,-176.0,0.209,-0.98,-0.699
4360.53,-77.0,958.0,-175.0,0.56,-0.49,-0.419
4360.71,-76.0,955.0,-178.0,0.28,-0.699,-0.49
4360.89,-85.0,959.0,-176.0,0.419,-0.769,-0.629
4361.8,-74.0,953.0,-177.0,0.209,-0.699,-0.49
4361.26,-91.0,961.0,-173.0,0.56,-0.769,-0.699
4361.44,-72.0,955.0,-176.0,0.28,-0.91,-0.629
4361.62,-88.0,962.0,-174.0,0.629,-0.699,-0.629
4361.8,-71.0,955.0,-175.0,0.419,-0.839,-0.56
4361.99,-82.0,959.0,-177.0,0.56,-0.49,-0.349
4362.17,-78.0,954.0,-178.0,0.28,-0.839,-0.629
4362.35,-80.0,959.0,-175.0,0.56,-0.56,-0.349
4362.53,-84.0,957.0,-176.0,0.28,-0.769,-0.56
4362.72,-82.0,957.0,-176.0,0.349,-0.769,-0.56
4362.9,-81.0,956.0,-175.0,0.49,-0.839,-0.56
4363.8,-77.0,957.0,-174.0,0.419,-0.699,-0.49
4363.26,-80.0,957.0,-175.0,0.419,-0.839,-0.56
4363.44,-80.0,955.0,-176.0,0.349,-0.699,-0.56
4363.63,-88.0,960.0,-175.0,0.56,-0.769,-0.56
4363.81,-78.0,949.0,-181.0,0.49,-0.629,-0.419
4363.99,-81.0,963.0,-173.0,0.14,-1.19,-0.91
4364.17,-68.0,951.0,-180.0,0.769,-0.209,0.14
4365.27,-76.0,956.0,-176.0,0.49,-0.699,-0.49
4365.45,-88.0,959.0,-174.0,0.629,-0.699,-0.56
4365.63,-72.0,954.0,-178.0,0.209,-0.839,-0.56
4365.81,-88.0,961.0,-175.0,0.699,-0.49,-0.349
4366.0,-77.0,953.0,-177.0,0.28,-0.839,-0.629
4366.18,-86.0,961.0,-174.0,0.419,-0.769,-0.629
4366.36,-72.0,951.0,-178.0,0.56,-0.629,-0.349
4366.54,-91.0,961.0,-176.0,0.349,-1.049,-0.91
4366.73,-69.0,951.0,-178.0,0.839,-0.349,-0.07
4366.91,-90.0,962.0,-174.0,0.14,-1.049,-1.12
4367.9,-67.0,953.0,-177.0,0.56,-0.349,-0.07
4367.27,-85.0,962.0,-175.0,0.349,-0.839,-0.699
4367.45,-75.0,958.0,-173.0,0.28,-0.629,-0.56
4367.64,-81.0,959.0,-176.0,0.419,-0.629,-0.419
4367.82,-78.0,959.0,-173.0,0.349,-0.699,-0.56
4368.0,-84.0,956.0,-177.0,0.419,-0.56,-0.349
4368.18,-84.0,960.0,-173.0,0.209,-1.12,-0.91
4368.37,-80.0,957.0,-177.0,0.699,-0.419,-0.28
4368.55,-80.0,955.0,-177.0,0.28,-0.91,-0.699
4368.73,-83.0,960.0,-174.0,0.56,-0.699,-0.49
4368.91,-77.0,955.0,-177.0,0.419,-0.699,-0.629
4369.1,-84.0,956.0,-177.0,0.56,-0.699,-0.419
4369.28,-82.0,959.0,-175.0,0.349,-0.839,-0.699
4369.46,-78.0,954.0,-178.0,0.49,-0.49,-0.349
4369.64,-85.0,959.0,-175.0,0.419,-0.769,-0.629
4369.82,-77.0,956.0,-175.0,0.49,-0.629,-0.49
4370.1,-84.0,958.0,-175.0,0.28,-0.769,-0.56
4370.19,-74.0,954.0,-179.0,0.56,-0.769,-0.349
4370.37,-87.0,959.0,-174.0,0.56,-0.91,-0.56
4370.55,-71.0,951.0,-179.0,0.349,-0.699,-0.49
4370.74,-85.0,960.0,-176.0,0.49,-0.629,-0.419
4370.92,-80.0,958.0,-174.0,0.419,-0.769,-0.56
4371.1,-79.0,955.0,-177.0,0.49,-0.769,-0.419
4371.28,-80.0,954.0,-177.0,0.49,-0.629,-0.56
4371.47,-80.0,959.0,-174.0,0.419,-0.839,-0.699
4371.65,-79.0,958.0,-175.0,0.56,-0.769,-0.419
4371.83,-77.0,957.0,-174.0,0.349,-0.769,-0.49
4372.1,-82.0,956.0,-176.0,0.49,-0.56,-0.49
4372.19,-78.0,955.0,-178.0,0.349,-0.769,-0.629
4372.38,-80.0,958.0,-175.0,0.49,-0.629,-0.419
4372.56,-81.0,955.0,-176.0,0.28,-0.699,-0.629
4372.74,-81.0,958.0,-176.0,0.349,-0.699,-0.56
4372.92,-79.0,956.0,-177.0,0.349,-0.629,-0.419
4373.11,-84.0,959.0,-176.0,0.419,-0.769,-0.56
4373.29,-79.0,957.0,-176.0,0.419,-0.839,-0.629
4373.47,-80.0,957.0,-176.0,0.49,-0.699,-0.49
4373.65,-81.0,956.0,-176.0,0.49,-0.769,-0.629
4373.84,-81.0,956.0,-176.0,0.49,-0.699,-0.56
4374.2,-78.0,957.0,-177.0,0.49,-0.769,-0.56
4374.2,-82.0,957.0,-176.0,0.49,-0.699,-0.56
4374.38,-78.0,957.0,-176.0,0.28,-0.699,-0.629
4374.56,-81.0,958.0,-175.0,0.419,-0.699,-0.56
4374.75,-80.0,958.0,-175.0,0.349,-0.839,-0.629
4374.93,-78.0,957.0,-176.0,0.49,-0.56,-0.419
4375.11,-82.0,958.0,-177.0,0.49,-0.769,-0.56
4375.29,-78.0,956.0,-177.0,0.56,-0.91,-0.629
4375.48,-80.0,956.0,-178.0,0.49,-0.629,-0.419
4376.57,-78.0,957.0,-174.0,0.419,-0.769,-0.49
4376.75,-81.0,957.0,-176.0,0.49,-0.839,-0.49
4376.93,-78.0,955.0,-174.0,0.49,-0.769,-0.56
4377.12,-80.0,956.0,-178.0,0.49,-0.769,-0.49
4377.3,-81.0,957.0,-175.0,0.349,-0.769,-0.56
4377.48,-81.0,956.0,-176.0,0.49,-0.769,-0.419
4377.66,-81.0,957.0,-175.0,0.349,-0.839,-0.56
4377.85,-81.0,956.0,-177.0,0.56,-0.699,-0.419
4378.3,-84.0,959.0,-174.0,0.349,-0.91,-0.699
4378.21,-78.0,955.0,-176.0,0.49,-0.629,-0.49
4378.39,-83.0,958.0,-176.0,0.419,-0.699,-0.49
4378.58,-80.0,956.0,-176.0,0.49,-0.769,-0.49
4378.76,-80.0,957.0,-176.0,0.419,-0.839,-0.56
4378.94,-80.0,957.0,-176.0,0.419,-0.699,-0.49
4379.12,-82.0,958.0,-176.0,0.349,-0.839,-0.629
4379.3,-80.0,956.0,-177.0,0.49,-0.699,-0.49
4379.49,-81.0,957.0,-176.0,0.349,-0.699,-0.49
4379.67,-81.0,958.0,-176.0,0.419,-0.699,-0.56
4379.85,-79.0,956.0,-175.0,0.349,-0.769,-0.49
4380.3,-82.0,959.0,-175.0,0.349,-0.699,-0.56
4380.22,-78.0,956.0,-175.0,0.349,-0.699,-0.56
4380.4,-82.0,958.0,-176.0,0.56,-0.699,-0.49
4380.58,-81.0,957.0,-175.0,0.349,-0.839,-0.629
4380.76,-79.0,957.0,-178.0,0.419,-0.699,-0.56
4380.94,-80.0,958.0,-176.0,0.49,-0.699,-0.49
4381.13,-81.0,956.0,-176.0,0.419,-0.629,-0.49
4381.31,-83.0,958.0,-176.0,0.349,-0.769,-0.56
4381.49,-78.0,957.0,-176.0,0.419,-0.629,-0.56
4381.67,-81.0,956.0,-175.0,0.419,-0.699,-0.419
4381.86,-81.0,958.0,-175.0,0.28,-0.769,-0.629
4382.4,-80.0,957.0,-174.0,0.49,-0.629,-0.419
4382.22,-81.0,958.0,-175.0,0.349,-0.769,-0.56
4382.4,-81.0,956.0,-176.0,0.56,-0.699,-0.49
4382.59,-80.0,957.0,-176.0,0.349,-0.769,-0.56
4382.77,-80.0,957.0,-175.0,0.419,-0.699,-0.49
4383.86,-81.0,957.0,-177.0,0.419,-0.699,-0.56
4384.4,-81.0,957.0,-177.0,0.49,-0.769,-0.56
4384.23,-79.0,956.0,-177.0,0.49,-0.769,-0.49
4384.41,-81.0,957.0,-176.0,0.49,-0.769,-0.56
4384.59,-81.0,957.0,-177.0,0.419,-0.769,-0.49
4384.77,-80.0,957.0,-177.0,0.349,-0.769,-0.56
4384.96,-81.0,957.0,-176.0,0.419,-0.769,-0.56
4385.14,-80.0,956.0,-178.0,0.49,-0.699,-0.56
4385.32,-80.0,957.0,-177.0,0.419,-0.839,-0.49
4385.5,-82.0,958.0,-176.0,0.49,-0.699,-0.49
4385.68,-78.0,956.0,-176.0,0.28,-0.699,-0.49
4385.87,-84.0,959.0,-176.0,0.49,-0.769,-0.56
4386.5,-78.0,957.0,-175.0,0.28,-0.91,-0.629
4386.23,-83.0,958.0,-175.0,0.56,-0.629,-0.419
4386.41,-80.0,958.0,-175.0,0.209,-0.839,-0.629
4386.6,-81.0,957.0,-176.0,0.56,-0.629,-0.419
4386.78,-81.0,957.0,-176.0,0.349,-0.91,-0.769
4386.96,-80.0,958.0,-176.0,0.419,-0.769,-0.49
4387.14,-80.0,959.0,-175.0,0.419,-0.769,-0.699
4387.33,-78.0,955.0,-176.0,0.49,-0.699,-0.49
4387.51,-83.0,959.0,-175.0,0.419,-0.769,-0.56
4387.69,-80.0,957.0,-175.0,0.419,-0.699,-0.56
4387.87,-83.0,958.0,-175.0,0.56,-0.699,-0.629
4388.5,-79.0,956.0,-175.0,0.209,-0.839,-0.629
4388.24,-81.0,956.0,-177.0,0.49,-0.56,-0.49
4388.42,-79.0,956.0,-177.0,0.349,-0.769,-0.629
4388.6,-84.0,957.0,-177.0,0.49,-0.629,-0.49
4388.78,-78.0,956.0,-177.0,0.28,-0.91,-0.769
4388.97,-77.0,955.0,-176.0,0.419,-0.699,-0.349
4389.15,-82.0,957.0,-177.0,0.49,-0.699,-0.629
4389.33,-78.0,956.0,-175.0,0.419,-0.839,-0.629
4389.51,-82.0,957.0,-176.0,0.419,-0.699,-0.629
4389.7,-83.0,957.0,-175.0,0.49,-0.839,-0.699
4389.88,-81.0,957.0,-176.0,0.49,-0.699,-0.49
4390.6,-81.0,959.0,-175.0,0.28,-0.98,-0.769
4390.24,-75.0,954.0,-177.0,0.56,-0.56,-0.349
4390.42,-85.0,959.0,-176.0,0.28,-0.839,-0.769
4390.61,-72.0,953.0,-177.0,0.349,-0.629,-0.28
4390.79,-91.0,961.0,-175.0,0.56,-0.699,-0.56
4390.97,-69.0,955.0,-175.0,-0.07,-1.049,-0.769
4391.34,-78.0,959.0,-173.0,0.07,-1.399,-1.19
4391.52,-75.0,955.0,-176.0,0.699,-0.349,-0.14
4391.7,-84.0,960.0,-173.0,0.349,-1.049,-0.839
4391.88,-76.0,956.0,-178.0,0.629,-0.56,-0.28
4392.7,-86.0,957.0,-176.0,0.56,-0.91,-0.699
4392.25,-75.0,954.0,-178.0,0.209,-0.91,-0.629
4392.43,-87.0,958.0,-179.0,0.699,-0.349,-0.349
4392.61,-77.0,954.0,-176.0,0.14,-0.91,-0.769
4392.79,-84.0,960.0,-176.0,0.49,-0.629,-0.629
4392.98,-77.0,952.0,-177.0,0.419,-0.56,-0.419
4393.16,-86.0,960.0,-172.0,0.28,-0.839,-0.769
4393.34,-77.0,955.0,-176.0,0.49,-0.629,-0.49
4393.52,-87.0,959.0,-175.0,0.629,-0.839,-0.56
4393.71,-78.0,957.0,-177.0,0.349,-0.91,-0.699
4393.89,-79.0,954.0,-180.0,0.629,-0.49,-0.419
4394.7,-80.0,957.0,-177.0,0.209,-0.839,-0.699
4394.25,-81.0,956.0,-179.0,0.49,-0.419,-0.28
4394.43,-82.0,958.0,-177.0,0.209,-1.12,-0.769
4394.62,-77.0,957.0,-176.0,0.419,-0.56,-0.49
4394.8,-82.0,958.0,-177.0,0.349,-0.839,-0.56
4394.98,-77.0,956.0,-178.0,0.49,-0.91,-0.56
4395.16,-81.0,958.0,-177.0,0.56,-0.769,-0.56
4395.35,-80.0,958.0,-177.0,0.349,-0.839,-0.769
4395.53,-80.0,956.0,-179.0,0.56,-0.769,-0.419
4395.71,-82.0,956.0,-177.0,0.349,-0.699,-0.56
4395.89,-80.0,956.0,-175.0,0.349,-0.699,-0.49
4396.8,-80.0,957.0,-177.0,0.419,-0.839,-0.56
4396.26,-77.0,956.0,-173.0,0.419,-0.769,-0.49
4396.44,-83.0,957.0,-175.0,0.419,-0.839,-0.699
4396.62,-78.0,957.0,-175.0,0.419,-0.91,-0.629
4396.8,-82.0,957.0,-176.0,0.49,-0.699,-0.49
4396.99,-84.0,957.0,-176.0,0.349,-0.91,-0.769
4397.17,-79.0,956.0,-177.0,0.49,-0.769,-0.49
4397.35,-82.0,959.0,-176.0,0.349,-0.699,-0.629
4397.53,-80.0,956.0,-176.0,0.349,-0.769,-0.56
4397.72,-80.0,958.0,-174.0,0.349,-0.699,-0.419
4397.9,-81.0,958.0,-175.0,0.419,-0.699,-0.56
4398.8,-80.0,958.0,-175.0,0.419,-0.839,-0.629
4398.26,-79.0,957.0,-175.0,0.56,-0.769,-0.49
4398.45,-80.0,958.0,-175.0,0.349,-0.839,-0.629
4398.63,-79.0,954.0,-178.0,0.56,-0.56,-0.349
4398.81,-82.0,959.0,-175.0,0.349,-0.91,-0.769
4398.99,-75.0,954.0,-177.0,0.419,-0.56,-0.349
4399.17,-85.0,960.0,-175.0,0.419,-0.769,-0.629
4399.36,-77.0,957.0,-175.0,0.28,-0.699,-0.629
4399.54,-81.0,958.0,-174.0,0.419,-0.769,-0.49
4399.72,-79.0,959.0,-175.0,0.349,-0.98,-0.699
4399.9,-78.0,957.0,-175.0,0.56,-0.699,-0.419
4400.9,-83.0,958.0,-175.0,0.56,-0.839,-0.629
4400.27,-78.0,956.0,-177.0,0.419,-0.699,-0.56
4400.45,-81.0,957.0,-176.0,0.49,-0.769,-0.56
4400.63,-79.0,956.0,-175.0,0.349,-0.769,-0.56
4400.81,-81.0,957.0,-175.0,0.419,-0.699,-0.56
4401.0,-79.0,956.0,-176.0,0.28,-0.769,-0.56
4401.18,-82.0,958.0,-174.0,0.49,-0.769,-0.49
4401.36,-80.0,957.0,-175.0,0.419,-0.839,-0.629
4401.54,-81.0,958.0,-175.0,0.49,-0.699,-0.419
4401.73,-81.0,958.0,-175.0,0.349,-0.839,-0.629
4401.91,-80.0,955.0,-177.0,0.56,-0.699,-0.49
4402.9,-81.0,958.0,-175.0,0.419,-0.839,-0.629
4402.27,-79.0,956.0,-175.0,0.349,-0.629,-0.49
4402.46,-81.0,958.0,-175.0,0.419,-0.769,-0.629
4402.64,-79.0,957.0,-175.0,0.419,-0.769,-0.49
4402.82,-81.0,959.0,-175.0,0.349,-0.769,-0.49
4403.0,-79.0,957.0,-176.0,0.419,-0.699,-0.56
4403.18,-80.0,958.0,-176.0,0.349,-0.769,-0.629
4403.37,-78.0,956.0,-177.0,0.419,-0.769,-0.49
4404.46,-80.0,956.0,-176.0,0.419,-0.769,-0.56
4404.64,-80.0,956.0,-176.0,0.49,-0.769,-0.49
4404.83,-80.0,957.0,-174.0,0.419,-0.769,-0.56
4405.1,-79.0,956.0,-177.0,0.49,-0.699,-0.49
4405.19,-79.0,957.0,-176.0,0.49,-0.769,-0.56
4405.37,-80.0,956.0,-176.0,0.349,-0.699,-0.56
4405.55,-81.0,957.0,-175.0,0.349,-0.769,-0.56
4405.74,-80.0,958.0,-175.0,0.49,-0.699,-0.56
4405.92,-81.0,957.0,-175.0,0.419,-0.769,-0.56
4406.1,-80.0,958.0,-175.0,0.49,-0.839,-0.629
4406.28,-80.0,957.0,-176.0,0.419,-0.769,-0.419
4406.47,-81.0,957.0,-176.0,0.419,-0.769,-0.56
4406.65,-80.0,957.0,-176.0,0.49,-0.699,-0.56
4406.83,-82.0,957.0,-175.0,0.419,-0.769,-0.629
4407.1,-78.0,958.0,-175.0,0.349,-0.769,-0.56
4407.2,-80.0,958.0,-176.0,0.419,-0.629,-0.49
4407.38,-79.0,957.0,-176.0,0.349,-0.839,-0.56
4408.29,-81.0,958.0,-178.0,0.419,-0.839,-0.629
4408.47,-80.0,956.0,-176.0,0.49,-0.699,-0.49
4408.65,-80.0,957.0,-175.0,0.419,-0.769,-0.56
4408.84,-81.0,958.0,-177.0,0.349,-0.769,-0.56
4409.2,-81.0,958.0,-175.0,0.419,-0.769,-0.49
4409.2,-81.0,958.0,-177.0,0.49,-0.699,-0.56
4409.38,-79.0,957.0,-175.0,0.349,-0.769,-0.629
4409.57,-80.0,957.0,-177.0,0.49,-0.769,-0.56
4409.75,-81.0,958.0,-175.0,0.419,-0.769,-0.629
4409.93,-79.0,956.0,-177.0,0.419,-0.769,-0.56
4410.11,-80.0,958.0,-177.0,0.349,-0.699,-0.629
4410.29,-81.0,957.0,-176.0,0.419,-0.699,-0.419
4410.48,-82.0,958.0,-175.0,0.419,-0.769,-0.629
4410.66,-78.0,957.0,-175.0,0.419,-0.769,-0.56
4410.84,-82.0,958.0,-176.0,0.419,-0.769,-0.56
4411.2,-80.0,957.0,-175.0,0.419,-0.769,-0.56
4411.21,-80.0,957.0,-176.0,0.419,-0.769,-0.49
4411.39,-81.0,958.0,-175.0,0.419,-0.769,-0.56
4411.57,-80.0,957.0,-177.0,0.49,-0.699,-0.49
4411.75,-81.0,958.0,-175.0,0.49,-0.769,-0.56
4411.94,-79.0,957.0,-175.0,0.419,-0.699,-0.49
4412.12,-80.0,957.0,-177.0,0.49,-0.629,-0.49
4412.3,-83.0,958.0,-176.0,0.419,-0.769,-0.56
4412.48,-79.0,957.0,-175.0,0.419,-0.699,-0.56
4412.66,-81.0,958.0,-175.0,0.419,-0.699,-0.49
4412.85,-81.0,958.0,-175.0,0.419,-0.769,-0.629
4413.3,-78.0,955.0,-175.0,0.349,-0.769,-0.49
4413.21,-83.0,958.0,-175.0,0.419,-0.699,-0.56
4413.39,-80.0,957.0,-176.0,0.419,-0.769,-0.56
4413.58,-81.0,957.0,-175.0,0.49,-0.629,-0.49
4413.76,-81.0,957.0,-175.0,0.419,-0.769,-0.629
4413.94,-80.0,957.0,-176.0,0.349,-0.629,-0.49
4414.12,-80.0,958.0,-176.0,0.419,-0.769,-0.49
4414.3,-82.0,956.0,-176.0,0.419,-0.769,-0.419
4414.49,-81.0,958.0,-176.0,0.419,-0.769,-0.49
4414.67,-80.0,956.0,-176.0,0.419,-0.56,-0.49
4414.85,-80.0,958.0,-176.0,0.349,-0.769,-0.629
4415.3,-79.0,957.0,-176.0,0.349,-0.629,-0.49
4415.22,-82.0,956.0,-175.0,0.419,-0.769,-0.56
4415.4,-80.0,957.0,-175.0,0.419,-0.699,-0.56
4415.58,-80.0,957.0,-177.0,0.419,-0.699,-0.49
4415.76,-82.0,958.0,-176.0,0.49,-0.769,-0.56
4415.95,-79.0,957.0,-176.0,0.349,-0.769,-0.56
4416.13,-83.0,957.0,-176.0,0.419,-0.629,-0.49
4416.31,-81.0,957.0,-176.0,0.349,-0.769,-0.56
4416.49,-79.0,957.0,-176.0,0.56,-0.699,-0.49
4416.67,-80.0,958.0,-175.0,0.349,-0.769,-0.56
4416.86,-81.0,957.0,-176.0,0.419,-0.699,-0.56
4417.4,-79.0,956.0,-176.0,0.49,-0.769,-0.49
4417.22,-82.0,958.0,-177.0,0.49,-0.769,-0.49
4417.4,-80.0,957.0,-177.0,0.349,-0.769,-0.49
4417.59,-81.0,957.0,-176.0,0.419,-0.699,-0.629
4417.77,-79.0,957.0,-176.0,0.349,-0.699,-0.56
4417.95,-82.0,957.0,-176.0,0.419,-0.699,-0.49
4418.13,-81.0,957.0,-176.0,0.49,-0.769,-0.56
4418.32,-78.0,957.0,-175.0,0.419,-0.769,-0.49
4418.5,-81.0,957.0,-176.0,0.419,-0.769,-0.56
4418.68,-81.0,958.0,-176.0,0.419,-0.769,-0.56
4418.86,-78.0,956.0,-177.0,0.349,-0.699,-0.49
4419.4,-84.0,957.0,-176.0,0.49,-0.699,-0.49
4419.23,-79.0,956.0,-175.0,0.419,-0.769,-0.629
4419.41,-80.0,958.0,-175.0,0.49,-0.629,-0.49
4419.59,-81.0,957.0,-174.0,0.349,-0.839,-0.629
4419.77,-79.0,957.0,-176.0,0.419,-0.699,-0.49
4419.96,-83.0,957.0,-176.0,0.419,-0.769,-0.49
4420.14,-80.0,957.0,-175.0,0.49,-0.769,-0.56
4420.32,-81.0,957.0,-175.0,0.49,-0.629,-0.49
4420.5,-81.0,956.0,-176.0,0.419,-0.769,-0.56
4422.14,-80.0,956.0,-177.0,0.56,-0.699,-0.49
4422.33,-81.0,957.0,-175.0,0.49,-0.769,-0.56
4422.51,-78.0,957.0,-176.0,0.349,-0.769,-0.56
4422.69,-79.0,956.0,-175.0,0.419,-0.629,-0.419
4422.87,-81.0,959.0,-175.0,0.419,-0.699,-0.629
4423.5,-77.0,958.0,-176.0,0.349,-0.769,-0.49
4423.24,-81.0,958.0,-176.0,0.49,-0.699,-0.49
4423.42,-81.0,958.0,-175.0,0.419,-0.839,-0.629
4423.6,-78.0,957.0,-176.0,0.419,-0.629,-0.49
4423.78,-81.0,958.0,-177.0,0.419,-0.699,-0.49
4423.97,-80.0,957.0,-176.0,0.419,-0.629,-0.49
4429.25,-79.0,957.0,-175.0,0.419,-0.699,-0.56
4429.44,-80.0,958.0,-176.0,0.349,-0.769,-0.56
4429.62,-80.0,956.0,-176.0,0.349,-0.839,-0.56
4429.8,-81.0,958.0,-175.0,0.49,-0.769,-0.629
4429.98,-78.0,957.0,-176.0,0.349,-0.699,-0.56
4430.16,-81.0,957.0,-175.0,0.49,-0.699,-0.49
4430.35,-79.0,957.0,-176.0,0.419,-0.839,-0.56
4430.53,-80.0,958.0,-176.0,0.49,-0.769,-0.56
4430.71,-79.0,957.0,-176.0,0.419,-0.699,-0.56
4430.89,-80.0,957.0,-176.0,0.349,-0.629,-0.49
4431.8,-79.0,956.0,-175.0,0.419,-0.699,-0.49
4431.26,-81.0,958.0,-175.0,0.419,-0.699,-0.56
4431.44,-79.0,957.0,-175.0,0.349,-0.769,-0.56
4431.62,-81.0,957.0,-176.0,0.419,-0.839,-0.56
4431.81,-79.0,957.0,-175.0,0.349,-0.769,-0.629
4431.99,-80.0,957.0,-176.0,0.419,-0.769,-0.56
4432.17,-81.0,957.0,-175.0,0.349,-0.769,-0.49
4432.35,-81.0,957.0,-176.0,0.49,-0.699,-0.56
4432.53,-80.0,957.0,-176.0,0.419,-0.839,-0.56
4432.72,-81.0,957.0,-175.0,0.419,-0.699,-0.56
4432.9,-80.0,958.0,-176.0,0.28,-0.839,-0.629
4433.8,-81.0,958.0,-176.0,0.49,-0.699,-0.56
4433.26,-79.0,956.0,-176.0,0.349,-0.769,-0.49
4433.45,-81.0,959.0,-175.0,0.349,-0.839,-0.699
4433.63,-77.0,955.0,-177.0,0.349,-0.699,-0.419
4433.81,-84.0,959.0,-175.0,0.49,-0.769,-0.629
4433.99,-77.0,956.0,-176.0,0.349,-0.769,-0.56
4434.17,-83.0,958.0,-175.0,0.49,-0.699,-0.49
4434.36,-79.0,956.0,-176.0,0.349,-0.91,-0.629
4434.54,-81.0,957.0,-175.0,0.49,-0.699,-0.49
4434.72,-80.0,957.0,-176.0,0.349,-0.769,-0.56
4434.9,-79.0,957.0,-175.0,0.419,-0.699,-0.56
4435.9,-81.0,958.0,-176.0,0.419,-0.769,-0.49
4435.27,-78.0,957.0,-175.0,0.349,-0.769,-0.629
4435.45,-82.0,958.0,-175.0,0.49,-0.629,-0.49
4435.63,-79.0,957.0,-175.0,0.349,-0.91,-0.699
4435.82,-80.0,956.0,-177.0,0.49,-0.56,-0.419
4436.0,-82.0,959.0,-174.0,0.28,-0.91,-0.699
4436.18,-77.0,955.0,-177.0,0.419,-0.629,-0.419
4437.27,-82.0,956.0,-176.0,0.419,-0.769,-0.49
4437.46,-80.0,957.0,-176.0,0.419,-0.769,-0.56
4437.64,-80.0,956.0,-175.0,0.419,-0.699,-0.56
4437.82,-81.0,958.0,-176.0,0.419,-0.769,-0.629
4438.0,-78.0,958.0,-175.0,0.419,-0.769,-0.56
4438.19,-82.0,958.0,-175.0,0.49,-0.699,-0.419
4438.37,-82.0,956.0,-176.0,0.419,-0.839,-0.56
4438.55,-80.0,958.0,-175.0,0.49,-0.769,-0.629
4438.73,-79.0,957.0,-175.0,0.419,-0.769,-0.56
4438.91,-79.0,955.0,-176.0,0.349,-0.699,-0.56
4439.1,-82.0,956.0,-176.0,0.419,-0.839,-0.629
4439.28,-81.0,955.0,-175.0,0.419,-0.769,-0.56
4439.46,-80.0,955.0,-177.0,0.419,-0.769,-0.56
4439.64,-82.0,957.0,-176.0,0.419,-0.839,-0.56
4439.83,-82.0,956.0,-176.0,0.349,-0.769,-0.629
4440.1,-79.0,957.0,-176.0,0.49,-0.769,-0.49
4440.19,-79.0,957.0,-175.0,0.49,-0.769,-0.56
4440.37,-79.0,956.0,-175.0,0.349,-0.769,-0.56
4440.55,-82.0,957.0,-175.0,0.56,-0.699,-0.49
4440.74,-80.0,958.0,-175.0,0.349,-0.769,-0.629
4440.92,-81.0,956.0,-177.0,0.56,-0.699,-0.56
4441.1,-82.0,958.0,-176.0,0.56,-0.769,-0.629
4441.28,-78.0,956.0,-177.0,0.349,-0.699,-0.56
4441.47,-80.0,957.0,-176.0,0.349,-0.699,-0.56
4441.65,-78.0,957.0,-175.0,0.419,-0.769,-0.49
4441.83,-81.0,958.0,-174.0,0.49,-0.769,-0.56
4442.1,-79.0,955.0,-175.0,0.349,-0.839,-0.56
4442.2,-82.0,958.0,-175.0,0.56,-0.699,-0.49
4442.38,-79.0,957.0,-176.0,0.349,-0.769,-0.56
4442.56,-81.0,957.0,-176.0,0.49,-0.769,-0.56
4442.74,-79.0,957.0,-176.0,0.419,-0.769,-0.629
4442.92,-80.0,956.0,-177.0,0.419,-0.699,-0.56
4444.2,-80.0,958.0,-176.0,0.419,-0.839,-0.629
4444.2,-80.0,956.0,-176.0,0.419,-0.769,-0.49
4444.38,-79.0,957.0,-175.0,0.28,-0.769,-0.629
4444.56,-77.0,956.0,-177.0,0.49,-0.699,-0.49
4444.75,-78.0,956.0,-176.0,0.349,-0.839,-0.56
4444.93,-80.0,956.0,-175.0,0.49,-0.699,-0.49
4445.11,-80.0,958.0,-175.0,0.28,-0.839,-0.629
4445.29,-79.0,956.0,-177.0,0.349,-0.699,-0.419
4445.48,-80.0,956.0,-176.0,0.419,-0.839,-0.699
4445.66,-80.0,957.0,-174.0,0.49,-0.699,-0.49
4445.84,-81.0,958.0,-174.0,0.419,-0.839,-0.629
4446.2,-78.0,957.0,-175.0,0.49,-0.769,-0.56
4446.21,-82.0,957.0,-176.0,0.49,-0.699,-0.49
4446.39,-81.0,958.0,-174.0,0.349,-0.839,-0.699
4446.57,-79.0,956.0,-176.0,0.419,-0.629,-0.49
4446.75,-81.0,959.0,-175.0,0.419,-0.699,-0.56
4446.93,-79.0,957.0,-175.0,0.419,-0.699,-0.629
4447.12,-80.0,957.0,-176.0,0.349,-0.629,-0.49
4447.3,-80.0,960.0,-173.0,0.419,-0.839,-0.56
4447.48,-79.0,955.0,-177.0,0.49,-0.699,-0.349
4447.66,-84.0,959.0,-175.0,0.419,-0.91,-0.769
4447.85,-77.0,955.0,-177.0,0.49,-0.629,-0.419
4448.3,-86.0,960.0,-175.0,0.49,-0.839,-0.699
4448.21,-73.0,955.0,-177.0,0.49,-0.629,-0.49
4448.39,-84.0,960.0,-174.0,0.49,-0.839,-0.629
4448.58,-76.0,957.0,-175.0,0.419,-0.769,-0.56
4448.76,-81.0,958.0,-174.0,0.419,-0.839,-0.49
4448.94,-80.0,958.0,-176.0,0.349,-0.839,-0.56
4449.12,-81.0,955.0,-177.0,0.49,-0.629,-0.49
4449.3,-85.0,960.0,-174.0,0.349,-0.839,-0.699
4449.49,-74.0,955.0,-177.0,0.49,-0.699,-0.56
4449.67,-81.0,957.0,-176.0,0.49,-0.769,-0.49
4449.85,-81.0,958.0,-175.0,0.49,-0.91,-0.699
4450.3,-78.0,955.0,-176.0,0.349,-0.699,-0.49
4450.22,-80.0,957.0,-178.0,0.349,-0.769,-0.629
4450.4,-80.0,956.0,-179.0,0.56,-0.629,-0.419
4450.58,-84.0,958.0,-175.0,0.28,-0.91,-0.769
4450.76,-77.0,955.0,-175.0,0.349,-0.699,-0.419
4450.95,-80.0,960.0,-175.0,0.28,-0.839,-0.56
4451.13,-76.0,955.0,-175.0,0.419,-0.699,-0.56
4451.31,-83.0,960.0,-174.0,0.49,-0.769,-0.699
4451.49,-75.0,957.0,-176.0,0.49,-0.699,-0.49
4451.67,-83.0,957.0,-175.0,0.56,-0.769,-0.56
4451.86,-76.0,954.0,-176.0,0.349,-0.839,-0.56
4452.4,-86.0,959.0,-176.0,0.629,-0.629,-0.49
4452.22,-75.0,955.0,-175.0,0.209,-0.91,-0.769
4452.4,-86.0,956.0,-179.0,0.769,-0.49,-0.28
4452.59,-76.0,959.0,-175.0,0.14,-1.19,-0.98
4452.77,-81.0,956.0,-177.0,0.91,-0.49,-0.28
4452.95,-79.0,955.0,-176.0,0.419,-1.049,-0.699
4453.13,-82.0,957.0,-177.0,0.56,-0.419,-0.349
4453.32,-85.0,959.0,-174.0,0.28,-0.769,-0.98
4453.5,-73.0,955.0,-175.0,0.49,-0.419,-0.28
4453.68,-83.0,960.0,-172.0,0.07,-0.839,-0.699
4453.86,-77.0,956.0,-175.0,0.49,-0.56,-0.419
4454.4,-83.0,960.0,-172.0,0.419,-0.91,-0.839
4454.23,-79.0,957.0,-176.0,0.56,-0.699,-0.49
4454.41,-81.0,955.0,-179.0,0.56,-0.91,-0.699
4454.59,-81.0,956.0,-177.0,0.56,-0.91,-0.49
4454.77,-77.0,956.0,-180.0,0.419,-0.699,-0.56
4454.96,-83.0,956.0,-178.0,0.49,-0.629,-0.699
4455.14,-83.0,960.0,-176.0,0.419,-0.769,-0.699
4455.32,-77.0,955.0,-176.0,0.28,-0.699,-0.419
4455.5,-81.0,958.0,-176.0,0.49,-0.56,-0.349
4455.69,-85.0,961.0,-174.0,0.419,-0.839,-0.839
4455.87,-76.0,958.0,-177.0,0.56,-0.56,-0.419
4456.5,-81.0,958.0,-175.0,0.699,-0.699,-0.769
4456.23,-75.0,952.0,-176.0,0.349,-0.49,-0.209
4456.41,-91.0,962.0,-174.0,0.49,-0.839,-0.91
4456.6,-67.0,951.0,-179.0,0.629,-0.629,-0.28
4456.78,-89.0,961.0,-173.0,0.56,-0.699,-0.699
4456.96,-75.0,955.0,-177.0,0.629,-0.699,-0.769
4457.14,-75.0,955.0,-175.0,0.349,-0.629,-0.419
4457.33,-84.0,960.0,-174.0,0.56,-0.56,-0.56
4457.51,-77.0,957.0,-173.0,0.209,-0.769,-0.699
4457.69,-77.0,960.0,-172.0,0.49,-0.56,-0.629
4457.87,-76.0,956.0,-177.0,0.49,-0.769,-0.56
4458.6,-83.0,957.0,-176.0,0.629,-0.769,-0.56
4458.24,-78.0,955.0,-177.0,0.419,-0.91,-0.629
4458.42,-80.0,955.0,-178.0,0.419,-0.56,-0.49
4458.6,-80.0,958.0,-175.0,0.209,-0.839,-0.699
4458.78,-74.0,957.0,-175.0,0.209,-0.699,-0.419
4458.97,-82.0,960.0,-174.0,0.209,-0.629,-0.419
4459.15,-83.0,958.0,-176.0,0.49,-0.91,-0.629
4459.33,-80.0,959.0,-172.0,0.629,-0.91,-0.699
4459.51,-77.0,956.0,-176.0,0.49,-0.699,-0.49
4459.7,-84.0,958.0,-177.0,0.56,-0.839,-0.56
4459.88,-77.0,955.0,-177.0,0.349,-0.839,-0.56
4460.6,-81.0,957.0,-177.0,0.49,-0.56,-0.419
4460.24,-81.0,957.0,-177.0,0.349,-0.769,-0.699
4460.43,-77.0,957.0,-176.0,0.49,-0.629,-0.49
4460.61,-79.0,959.0,-175.0,0.419,-0.839,-0.56
4460.79,-78.0,957.0,-175.0,0.419,-0.699,-0.49
4460.97,-80.0,958.0,-176.0,0.349,-0.699,-0.49
4461.15,-80.0,957.0,-177.0,0.56,-0.769,-0.49
4461.34,-78.0,956.0,-177.0,0.419,-0.769,-0.56
4461.52,-81.0,957.0,-177.0,0.49,-0.769,-0.49
4461.7,-81.0,957.0,-176.0,0.419,-0.769,-0.56
4461.88,-79.0,957.0,-175.0,0.209,-0.769,-0.49
4462.7,-80.0,956.0,-176.0,0.349,-0.629,-0.49
4462.25,-79.0,958.0,-176.0,0.349,-0.699,-0.56
4462.43,-80.0,956.0,-175.0,0.349,-0.629,-0.56
4465.89,-78.0,956.0,-177.0,0.49,-0.769,-0.49
4466.8,-80.0,957.0,-177.0,0.49,-0.699,-0.419
4466.26,-80.0,956.0,-177.0,0.419,-0.769,-0.56
4466.44,-79.0,958.0,-176.0,0.349,-0.769,-0.56
4466.62,-78.0,957.0,-177.0,0.49,-0.699,-0.419
4466.81,-82.0,958.0,-176.0,0.419,-0.839,-0.56
4466.99,-78.0,956.0,-176.0,0.419,-0.699,-0.56
4467.17,-80.0,957.0,-176.0,0.49,-0.699,-0.49
4467.35,-81.0,958.0,-175.0,0.419,-0.769,-0.56
4467.54,-79.0,956.0,-176.0,0.49,-0.839,-0.629
4467.72,-81.0,958.0,-176.0,0.419,-0.769,-0.49
4473.0,-81.0,957.0,-176.0,0.419,-0.699,-0.49
4473.19,-78.0,958.0,-176.0,0.49,-0.839,-0.629
4473.37,-79.0,957.0,-175.0,0.49,-0.629,-0.419
4473.55,-82.0,957.0,-175.0,0.349,-0.769,-0.629
4473.73,-79.0,958.0,-175.0,0.349,-0.699,-0.56
4473.92,-80.0,957.0,-176.0,0.419,-0.699,-0.49
4474.1,-83.0,957.0,-175.0,0.419,-0.769,-0.56
4474.28,-79.0,958.0,-174.0,0.349,-0.769,-0.629
4474.46,-81.0,958.0,-175.0,0.49,-0.629,-0.49
4474.64,-79.0,957.0,-175.0,0.349,-0.839,-0.56
4474.83,-82.0,958.0,-174.0,0.49,-0.769,-0.49
4475.1,-80.0,956.0,-175.0,0.419,-0.769,-0.56
4475.19,-80.0,957.0,-177.0,0.49,-0.629,-0.56
4475.37,-79.0,957.0,-177.0,0.49,-0.699,-0.629
4475.56,-80.0,957.0,-175.0,0.49,-0.769,-0.49
4475.74,-78.0,957.0,-176.0,0.419,-0.769,-0.56
4475.92,-81.0,957.0,-175.0,0.49,-0.629,-0.419
4476.1,-81.0,958.0,-176.0,0.349,-0.769,-0.699
4476.29,-79.0,956.0,-175.0,0.49,-0.699,-0.49
4476.47,-81.0,957.0,-175.0,0.419,-0.699,-0.56
4476.65,-80.0,958.0,-175.0,0.349,-0.699,-0.56
4476.83,-81.0,956.0,-176.0,0.419,-0.699,-0.629
4477.1,-80.0,958.0,-176.0,0.349,-0.769,-0.56
4477.2,-82.0,957.0,-177.0,0.419,-0.699,-0.49
4477.38,-81.0,957.0,-175.0,0.419,-0.839,-0.629
4477.56,-81.0,957.0,-176.0,0.419,-0.629,-0.419
4477.74,-81.0,958.0,-175.0,0.349,-0.769,-0.629
4477.93,-81.0,957.0,-176.0,0.56,-0.699,-0.419
4478.11,-79.0,957.0,-175.0,0.28,-0.839,-0.699
4478.29,-81.0,957.0,-177.0,0.629,-0.629,-0.419
4479.2,-80.0,957.0,-176.0,0.349,-0.839,-0.56
4479.38,-83.0,959.0,-175.0,0.49,-0.769,-0.56
4479.57,-77.0,958.0,-176.0,0.419,-0.769,-0.56
4479.75,-79.0,956.0,-176.0,0.49,-0.629,-0.349
4479.93,-84.0,958.0,-176.0,0.49,-0.769,-0.629
4480.11,-79.0,955.0,-177.0,0.419,-0.699,-0.419
4480.3,-82.0,958.0,-176.0,0.349,-0.769,-0.629
4480.48,-81.0,958.0,-176.0,0.349,-0.769,-0.56
4480.66,-80.0,958.0,-175.0,0.419,-0.699,-0.629
4480.84,-81.0,958.0,-175.0,0.49,-0.699,-0.56
4481.2,-80.0,957.0,-174.0,0.49,-0.839,-0.56
4486.31,-78.0,956.0,-177.0,0.419,-0.769,-0.419
4486.49,-83.0,958.0,-176.0,0.49,-0.839,-0.629
4486.67,-79.0,957.0,-177.0,0.419,-0.699,-0.56
4486.86,-83.0,958.0,-176.0,0.419,-0.699,-0.699
4487.4,-78.0,957.0,-176.0,0.49,-0.699,-0.49
4487.22,-81.0,958.0,-176.0,0.419,-0.769,-0.56
4487.4,-80.0,956.0,-176.0,0.419,-0.699,-0.49
4487.59,-80.0,958.0,-175.0,0.49,-0.699,-0.56
4487.77,-79.0,957.0,-176.0,0.349,-0.769,-0.56
4487.95,-81.0,957.0,-177.0,0.56,-0.769,-0.629
4488.13,-79.0,958.0,-176.0,0.419,-0.839,-0.629
4488.31,-78.0,955.0,-176.0,0.349,-0.699,-0.49
4488.5,-82.0,958.0,-175.0,0.419,-0.839,-0.629
4488.68,-80.0,957.0,-175.0,0.419,-0.629,-0.49
4488.86,-80.0,957.0,-176.0,0.419,-0.699,-0.629
4489.4,-79.0,957.0,-176.0,0.49,-0.699,-0.56
4489.23,-79.0,958.0,-175.0,0.49,-0.769,-0.56
4489.41,-80.0,957.0,-175.0,0.419,-0.769,-0.49
4489.59,-79.0,957.0,-176.0,0.349,-0.699,-0.56
4489.77,-82.0,958.0,-176.0,0.49,-0.769,-0.49
4489.95,-77.0,957.0,-176.0,0.349,-0.699,-0.629
4490.14,-81.0,957.0,-176.0,0.419,-0.629,-0.49
4490.32,-82.0,958.0,-175.0,0.349,-0.839,-0.629
4490.5,-80.0,957.0,-175.0,0.419,-0.699,-0.49
4490.68,-80.0,957.0,-174.0,0.419,-0.839,-0.56
4490.87,-78.0,956.0,-176.0,0.419,-0.699,-0.56
4491.5,-81.0,957.0,-175.0,0.419,-0.699,-0.56
4491.23,-81.0,957.0,-176.0,0.349,-0.91,-0.629
4491.41,-77.0,956.0,-176.0,0.419,-0.699,-0.49
4491.6,-82.0,958.0,-175.0,0.49,-0.769,-0.56
4491.78,-78.0,956.0,-175.0,0.419,-0.769,-0.56
4491.96,-80.0,956.0,-176.0,0.49,-0.629,-0.56
4492.14,-81.0,957.0,-175.0,0.419,-0.699,-0.56
4492.32,-79.0,956.0,-176.0,0.419,-0.699,-0.49
4492.51,-80.0,957.0,-174.0,0.49,-0.769,-0.56
4492.69,-78.0,956.0,-174.0,0.419,-0.769,-0.49
4492.87,-81.0,958.0,-174.0,0.419,-0.769,-0.56
4493.5,-79.0,957.0,-176.0,0.419,-0.839,-0.56
4493.24,-80.0,956.0,-176.0,0.49,-0.839,-0.56
4493.42,-80.0,957.0,-176.0,0.56,-0.769,-0.629
4493.6,-77.0,957.0,-175.0,0.419,-0.699,-0.56
4493.78,-79.0,955.0,-178.0,0.419,-0.699,-0.56
4493.96,-80.0,958.0,-175.0,0.419,-0.769,-0.56
4494.15,-79.0,957.0,-175.0,0.349,-0.699,-0.419
4494.33,-82.0,958.0,-175.0,0.419,-0.769,-0.56
4494.51,-78.0,957.0,-176.0,0.419,-0.769,-0.56
4494.69,-82.0,956.0,-176.0,0.49,-0.629,-0.419
4494.88,-81.0,957.0,-176.0,0.349,-0.91,-0.699
4495.6,-79.0,957.0,-176.0,0.56,-0.699,-0.419
4495.24,-81.0,957.0,-175.0,0.28,-0.699,-0.629
4495.42,-80.0,956.0,-176.0,0.49,-0.699,-0.49
4496.33,-82.0,957.0,-175.0,0.349,-0.629,-0.419
4496.52,-78.0,958.0,-175.0,0.28,-0.839,-0.629
4496.7,-79.0,957.0,-176.0,0.49,-0.699,-0.419
4496.88,-80.0,958.0,-175.0,0.349,-0.91,-0.629
4497.6,-77.0,955.0,-176.0,0.419,-0.699,-0.419
4497.25,-82.0,957.0,-175.0,0.349,-0.699,-0.56
4497.43,-83.0,957.0,-176.0,0.419,-0.699,-0.49
4497.61,-78.0,957.0,-176.0,0.28,-0.91,-0.629
4497.79,-81.0,957.0,-177.0,0.56,-0.56,-0.349
4497.97,-78.0,958.0,-175.0,0.349,-0.98,-0.629
4498.16,-80.0,957.0,-176.0,0.56,-0.629,-0.56
4498.34,-80.0,956.0,-176.0,0.28,-0.91,-0.699
4498.52,-80.0,955.0,-177.0,0.56,-0.629,-0.419
4498.7,-82.0,957.0,-175.0,0.28,-0.91,-0.699
4498.89,-78.0,956.0,-176.0,0.56,-0.56,-0.419
4499.7,-80.0,959.0,-174.0,0.28,-0.769,-0.56
4499.25,-79.0,956.0,-176.0,0.56,-0.629,-0.349
4499.43,-81.0,957.0,-175.0,0.349,-0.839,-0.629
4499.61,-77.0,956.0,-177.0,0.56,-0.629,-0.419
4499.8,-83.0,957.0,-176.0,0.28,-0.769,-0.629
4499.98,-78.0,956.0,-178.0,0.419,-0.699,-0.49
4500.16,-80.0,957.0,-175.0,0.349,-0.769,-0.629
4500.34,-80.0,958.0,-174.0,0.419,-0.699,-0.56
4500.53,-79.0,957.0,-176.0,0.349,-0.769,-0.56
4500.71,-80.0,957.0,-176.0,0.49,-0.839,-0.49
4500.89,-81.0,957.0,-175.0,0.419,-0.699,-0.49
4501.7,-82.0,958.0,-177.0,0.349,-0.769,-0.56
4501.25,-78.0,957.0,-176.0,0.349,-0.769,-0.49
4501.44,-79.0,956.0,-176.0,0.349,-0.629,-0.419
4501.62,-82.0,957.0,-175.0,0.28,-0.769,-0.49
4501.8,-80.0,958.0,-176.0,0.28,-0.699,-0.56
4501.98,-79.0,958.0,-175.0,0.49,-0.769,-0.56
4502.17,-80.0,957.0,-175.0,0.419,-0.699,-0.49
4502.35,-80.0,957.0,-175.0,0.49,-0.769,-0.56
4502.53,-80.0,956.0,-177.0,0.49,-0.699,-0.49
4502.71,-80.0,956.0,-175.0,0.349,-0.769,-0.56
4502.9,-80.0,956.0,-176.0,0.49,-0.699,-0.49
4503.8,-79.0,956.0,-176.0,0.349,-0.769,-0.56
4503.26,-80.0,958.0,-176.0,0.349,-0.699,-0.49
4503.44,-79.0,957.0,-176.0,0.349,-0.769,-0.56
4503.62,-80.0,957.0,-174.0,0.349,-0.629,-0.419
4503.81,-80.0,958.0,-175.0,0.419,-0.839,-0.49
4503.99,-80.0,957.0,-176.0,0.49,-0.769,-0.56
4504.17,-80.0,957.0,-176.0,0.49,-0.699,-0.629
4504.35,-79.0,957.0,-175.0,0.419,-0.699,-0.49
4504.54,-83.0,958.0,-175.0,0.49,-0.629,-0.49
4504.72,-80.0,956.0,-175.0,0.349,-0.769,-0.629
4504.9,-79.0,957.0,-176.0,0.419,-0.769,-0.629
4505.8,-81.0,957.0,-174.0,0.49,-0.699,-0.56
4505.26,-80.0,958.0,-175.0,0.49,-0.769,-0.629
4505.45,-77.0,956.0,-176.0,0.49,-0.629,-0.49
4505.63,-82.0,958.0,-176.0,0.56,-0.769,-0.56
4505.81,-76.0,955.0,-177.0,0.419,-0.769,-0.629
4505.99,-80.0,957.0,-176.0,0.49,-0.56,-0.419
4506.18,-77.0,955.0,-176.0,0.349,-0.699,-0.49
4509.82,-77.0,956.0,-177.0,0.419,-0.699,-0.56
4510.0,-79.0,957.0,-176.0,0.349,-0.769,-0.56
4510.18,-80.0,958.0,-175.0,0.419,-0.699,-0.629
4510.37,-81.0,957.0,-177.0,0.349,-0.629,-0.56
4510.55,-79.0,958.0,-175.0,0.419,-0.839,-0.56
4510.73,-84.0,957.0,-176.0,0.349,-0.699,-0.49
4510.91,-88.0,958.0,-176.0,0.629,-0.769,-0.56
4511.1,-77.0,955.0,-177.0,0.209,-0.98,-0.769
4511.28,-80.0,957.0,-175.0,0.419,-0.49,-0.349
4511.46,-85.0,957.0,-175.0,0.209,-0.839,-0.56
4511.64,-82.0,958.0,-176.0,0.349,-0.769,-0.769
4511.83,-78.0,957.0,-174.0,0.209,-0.769,-0.56
4512.1,-83.0,960.0,-175.0,0.49,-0.769,-0.629
4512.19,-77.0,956.0,-176.0,0.419,-0.839,-0.56
4512.37,-83.0,958.0,-174.0,0.49,-0.769,-0.56
4512.55,-77.0,958.0,-175.0,0.349,-0.769,-0.56
4512.74,-83.0,955.0,-178.0,0.49,-0.699,-0.49
4512.92,-83.0,960.0,-174.0,0.419,-0.98,-0.769
4513.1,-74.0,952.0,-178.0,0.349,-0.49,-0.349
4513.28,-91.0,961.0,-174.0,0.56,-0.91,-0.699
4513.47,-70.0,952.0,-176.0,0.209,-0.699,-0.56
4513.65,-95.0,961.0,-174.0,0.56,-0.699,-0.49
4513.83,-77.0,957.0,-175.0,0.349,-1.12,-0.98
4514.1,-79.0,957.0,-175.0,0.629,-0.629,-0.419
4514.19,-84.0,959.0,-174.0,0.49,-0.839,-0.699
4514.38,-78.0,957.0,-175.0,0.209,-0.699,-0.699
4514.56,-83.0,958.0,-175.0,0.49,-0.769,-0.56
4514.74,-79.0,956.0,-173.0,0.28,-0.769,-0.629
4514.92,-83.0,961.0,-173.0,0.419,-0.629,-0.49
4515.11,-78.0,955.0,-176.0,0.349,-0.699,-0.49
4515.29,-83.0,959.0,-174.0,0.629,-0.699,-0.56
4515.47,-78.0,957.0,-174.0,0.419,-0.769,-0.629
4515.65,-79.0,956.0,-177.0,0.49,-0.699,-0.49
4515.83,-82.0,958.0,-177.0,0.49,-0.769,-0.49
4516.2,-76.0,956.0,-175.0,0.349,-0.769,-0.629
4516.2,-83.0,956.0,-177.0,0.349,-0.699,-0.49
4516.38,-78.0,959.0,-175.0,0.209,-0.91,-0.769
4516.56,-80.0,957.0,-175.0,0.56,-0.629,-0.419
4516.75,-79.0,957.0,-175.0,0.419,-0.839,-0.629
4516.93,-78.0,956.0,-177.0,0.629,-0.769,-0.56
4517.11,-79.0,956.0,-177.0,0.419,-0.769,-0.56
4517.29,-77.0,956.0,-177.0,0.56,-0.629,-0.349
4517.47,-79.0,958.0,-177.0,0.28,-0.699,-0.49
4517.66,-80.0,955.0,-177.0,0.49,-0.49,-0.28
4517.84,-88.0,960.0,-174.0,0.419,-0.769,-0.629
4518.75,-81.0,957.0,-176.0,0.56,-0.56,-0.419
4518.93,-81.0,957.0,-177.0,0.49,-0.769,-0.56
4519.11,-83.0,957.0,-176.0,0.419,-0.699,-0.56
4519.3,-82.0,955.0,-177.0,0.419,-0.699,-0.49
4519.48,-81.0,957.0,-175.0,0.419,-0.839,-0.629
4519.66,-82.0,956.0,-176.0,0.49,-0.629,-0.419
4519.84,-80.0,956.0,-175.0,0.349,-0.769,-0.629
4520.3,-84.0,958.0,-175.0,0.349,-0.699,-0.49
4520.21,-82.0,957.0,-176.0,0.349,-0.839,-0.769
4520.39,-79.0,957.0,-175.0,0.419,-0.769,-0.49
4520.57,-82.0,956.0,-176.0,0.56,-0.699,-0.56
4520.76,-81.0,959.0,-173.0,0.349,-0.91,-0.699
4526.95,-81.0,957.0,-175.0,0.349,-0.91,-0.56
4527.13,-81.0,957.0,-176.0,0.419,-0.769,-0.629
4527.32,-81.0,956.0,-175.0,0.419,-0.699,-0.56
4527.5,-82.0,957.0,-176.0,0.419,-0.699,-0.629
4527.68,-81.0,957.0,-175.0,0.49,-0.769,-0.629
4527.86,-79.0,957.0,-176.0,0.349,-0.769,-0.49
4528.5,-81.0,957.0,-175.0,0.49,-0.839,-0.56
4528.23,-77.0,956.0,-176.0,0.349,-0.769,-0.49
4528.41,-82.0,958.0,-176.0,0.419,-0.699,-0.56
4528.59,-80.0,957.0,-176.0,0.419,-0.769,-0.629
4528.77,-80.0,957.0,-176.0,0.419,-0.769,-0.56
4528.96,-82.0,957.0,-176.0,0.419,-0.629,-0.419
4529.14,-83.0,957.0,-176.0,0.49,-0.769,-0.699
4529.32,-79.0,957.0,-176.0,0.49,-0.769,-0.49
4529.5,-81.0,957.0,-176.0,0.419,-0.769,-0.49
4529.69,-81.0,957.0,-177.0,0.419,-0.629,-0.629
4529.87,-79.0,957.0,-176.0,0.419,-0.769,-0.56
4530.5,-82.0,959.0,-175.0,0.28,-0.699,-0.56
4530.23,-79.0,957.0,-176.0,0.419,-0.699,-0.49
4530.41,-84.0,958.0,-175.0,0.419,-0.839,-0.56
4530.6,-77.0,956.0,-177.0,0.349,-0.769,-0.56
4530.78,-82.0,956.0,-178.0,0.49,-0.629,-0.349
4530.96,-81.0,958.0,-176.0,0.349,-0.91,-0.699
4531.14,-78.0,955.0,-177.0,0.419,-0.699,-0.49
4531.33,-80.0,957.0,-175.0,0.49,-0.839,-0.56
4531.51,-79.0,957.0,-176.0,0.419,-0.699,-0.419
4531.69,-80.0,958.0,-174.0,0.349,-0.769,-0.629
4531.87,-77.0,956.0,-176.0,0.419,-0.56,-0.349
4532.5,-83.0,958.0,-175.0,0.49,-0.699,-0.56
4532.24,-82.0,956.0,-175.0,0.349,-0.839,-0.629
4532.42,-78.0,958.0,-176.0,0.49,-0.839,-0.56
4532.6,-81.0,956.0,-177.0,0.56,-0.769,-0.49
4532.78,-82.0,958.0,-175.0,0.49,-0.839,-0.769
4532.97,-96.0,958.0,-178.0,0.629,-0.91,-0.769
4533.15,-53.0,949.0,-176.0,0.209,-0.56,0.07
4533.33,-105.0,962.0,-178.0,0.629,-0.419,-0.419
4533.51,-68.0,956.0,-174.0,0.349,-1.33,-0.91
4533.69,-82.0,957.0,-176.0,0.49,-0.209,-0.07
4533.88,-81.0,957.0,-175.0,0.28,-1.049,-0.839
4534.6,-77.0,956.0,-177.0,0.56,-0.56,-0.349
4534.24,-84.0,958.0,-175.0,0.49,-0.839,-0.629
4534.42,-80.0,958.0,-175.0,0.419,-0.699,-0.56
4534.61,-80.0,957.0,-174.0,0.349,-0.629,-0.56
4534.79,-83.0,958.0,-176.0,0.49,-0.699,-0.56
4534.97,-76.0,957.0,-175.0,0.28,-0.769,-0.49
4535.15,-84.0,956.0,-177.0,0.49,-0.49,-0.28
4535.34,-84.0,960.0,-173.0,0.209,-1.12,-0.91
4535.52,-72.0,953.0,-177.0,0.349,-0.49,-0.28
4535.7,-86.0,961.0,-173.0,0.349,-0.839,-0.629
4535.88,-77.0,953.0,-178.0,0.419,-0.629,-0.349
4536.6,-83.0,963.0,-171.0,0.419,-1.049,-0.91
4536.43,-100.0,963.0,-175.0,0.699,-1.049,-0.839
4536.61,-65.0,953.0,-174.0,0.209,-0.98,-0.629
4536.79,-87.0,960.0,-174.0,0.629,-0.419,-0.349
4536.98,-78.0,953.0,-180.0,0.56,-0.699,-0.629
4537.16,-84.0,960.0,-175.0,0.349,-0.769,-0.699
4537.34,-78.0,952.0,-179.0,0.49,-0.56,-0.49
4537.52,-83.0,959.0,-175.0,0.28,-0.91,-0.769
4537.7,-75.0,954.0,-177.0,0.49,-0.56,-0.349
4537.89,-85.0,959.0,-176.0,0.349,-0.98,-0.769
4538.7,-73.0,954.0,-177.0,0.49,-0.629,-0.28
4538.25,-85.0,958.0,-175.0,0.419,-0.769,-0.629
4538.43,-76.0,956.0,-176.0,0.349,-0.699,-0.629
4538.62,-80.0,958.0,-176.0,0.419,-0.629,-0.49
4538.8,-79.0,957.0,-176.0,0.56,-0.699,-0.49
4538.98,-82.0,957.0,-175.0,0.349,-0.839,-0.629
4539.16,-80.0,956.0,-177.0,0.49,-0.699,-0.629
4539.34,-80.0,955.0,-178.0,0.419,-0.769,-0.629
4539.53,-81.0,957.0,-176.0,0.49,-0.699,-0.56
4539.71,-79.0,956.0,-177.0,0.419,-0.769,-0.699
4539.89,-80.0,957.0,-175.0,0.419,-0.769,-0.56
4540.7,-78.0,956.0,-176.0,0.419,-0.629,-0.419
4540.26,-82.0,958.0,-175.0,0.419,-0.769,-0.56
4540.44,-77.0,957.0,-175.0,0.419,-0.839,-0.56
4540.62,-79.0,957.0,-176.0,0.419,-0.769,-0.49
4540.8,-78.0,956.0,-176.0,0.49,-0.769,-0.419
4540.98,-81.0,957.0,-176.0,0.49,-0.769,-0.49
4541.17,-78.0,956.0,-176.0,0.419,-0.699,-0.49
4541.35,-81.0,957.0,-176.0,0.56,-0.769,-0.419
4541.53,-80.0,957.0,-176.0,0.419,-0.839,-0.629
4541.71,-77.0,956.0,-176.0,0.49,-0.629,-0.419
4541.9,-85.0,958.0,-175.0,0.49,-0.699,-0.56
4542.8,-77.0,955.0,-176.0,0.49,-0.699,-0.629
4542.26,-81.0,957.0,-176.0,0.49,-0.699,-0.56
4542.44,-82.0,955.0,-178.0,0.629,-0.699,-0.49
4542.62,-77.0,957.0,-175.0,0.209,-0.91,-0.769
4542.81,-81.0,956.0,-177.0,0.699,-0.419,-0.349
4542.99,-79.0,956.0,-175.0,0.28,-0.98,-0.839
4543.17,-80.0,958.0,-175.0,0.56,-0.56,-0.349
4543.35,-81.0,956.0,-175.0,0.209,-0.91,-0.629
4543.54,-80.0,958.0,-176.0,0.49,-0.769,-0.56
4543.72,-79.0,957.0,-176.0,0.349,-0.769,-0.699
4543.9,-81.0,957.0,-175.0,0.56,-0.769,-0.49
4544.8,-80.0,956.0,-176.0,0.419,-0.699,-0.49
4544.27,-84.0,957.0,-176.0,0.49,-0.769,-0.56
4544.45,-77.0,957.0,-175.0,0.419,-0.769,-0.629
4544.63,-82.0,958.0,-174.0,0.419,-0.699,-0.419
4544.81,-78.0,957.0,-175.0,0.349,-0.769,-0.699
4544.99,-77.0,956.0,-175.0,0.49,-0.629,-0.349
4545.18,-82.0,958.0,-175.0,0.349,-0.839,-0.699
4545.36,-77.0,956.0,-176.0,0.419,-0.699,-0.49
4545.54,-80.0,957.0,-174.0,0.419,-0.699,-0.49
4545.72,-81.0,957.0,-175.0,0.49,-0.699,-0.56
4545.91,-79.0,957.0,-176.0,0.349,-0.839,-0.56
4546.27,-81.0,958.0,-174.0,0.419,-0.91,-0.629
4546.45,-78.0,955.0,-175.0,0.419,-0.629,-0.349
4546.63,-85.0,960.0,-174.0,0.349,-0.839,-0.699
4546.82,-76.0,955.0,-176.0,0.49,-0.629,-0.49
4547.0,-84.0,958.0,-174.0,0.419,-0.769,-0.629
4547.18,-77.0,955.0,-177.0,0.419,-0.699,-0.56
4547.36,-84.0,958.0,-174.0,0.49,-0.839,-0.56
4547.55,-75.0,955.0,-176.0,0.349,-0.699,-0.56
4547.73,-84.0,959.0,-175.0,0.419,-0.56,-0.419
4547.91,-79.0,956.0,-175.0,0.349,-0.839,-0.56
4548.9,-80.0,959.0,-174.0,0.419,-0.769,-0.49
4553.56,-82.0,958.0,-175.0,0.419,-0.699,-0.629
4553.74,-78.0,955.0,-175.0,0.419,-0.839,-0.56
4553.92,-82.0,958.0,-175.0,0.419,-0.769,-0.49
4554.11,-82.0,958.0,-174.0,0.419,-0.839,-0.56
4554.29,-79.0,956.0,-176.0,0.49,-0.769,-0.56
4554.47,-81.0,957.0,-176.0,0.49,-0.699,-0.56
4554.65,-80.0,957.0,-176.0,0.349,-0.699,-0.56
4554.84,-79.0,957.0,-176.0,0.419,-0.769,-0.49
4555.2,-78.0,958.0,-174.0,0.419,-0.769,-0.56
4555.2,-80.0,957.0,-175.0,0.419,-0.629,-0.419
4555.38,-81.0,958.0,-175.0,0.419,-0.91,-0.699
4560.85,-80.0,956.0,-175.0,0.349,-0.699,-0.56
4561.3,-81.0,958.0,-175.0,0.349,-0.769,-0.56
4561.22,-79.0,956.0,-175.0,0.49,-0.699,-0.56
4561.4,-82.0,959.0,-175.0,0.56,-0.699,-0.49
4561.58,-79.0,956.0,-176.0,0.419,-0.699,-0.56
4561.76,-81.0,957.0,-176.0,0.49,-0.699,-0.56
4561.94,-79.0,956.0,-176.0,0.419,-0.769,-0.56
4562.13,-80.0,957.0,-175.0,0.419,-0.699,-0.49
4562.31,-80.0,958.0,-175.0,0.349,-0.769,-0.49
4562.49,-80.0,958.0,-175.0,0.419,-0.769,-0.56
4562.67,-81.0,958.0,-174.0,0.349,-0.769,-0.56
4562.86,-79.0,958.0,-175.0,0.419,-0.769,-0.56
4563.4,-81.0,956.0,-176.0,0.419,-0.839,-0.629
4563.22,-80.0,957.0,-175.0,0.49,-0.699,-0.56
4563.4,-79.0,957.0,-175.0,0.419,-0.629,-0.49
4563.58,-81.0,957.0,-176.0,0.419,-0.769,-0.56
4564.68,-81.0,956.0,-176.0,0.419,-0.769,-0.629
4564.86,-80.0,956.0,-176.0,0.419,-0.769,-0.49
4565.4,-80.0,955.0,-177.0,0.349,-0.769,-0.629
4565.22,-80.0,957.0,-177.0,0.419,-0.769,-0.49
4565.41,-82.0,957.0,-175.0,0.49,-0.699,-0.49
4565.59,-80.0,957.0,-175.0,0.419,-0.769,-0.56
4565.77,-79.0,957.0,-175.0,0.419,-0.769,-0.56
4565.95,-80.0,957.0,-176.0,0.419,-0.699,-0.56
4566.14,-81.0,956.0,-175.0,0.419,-0.699,-0.56
4566.32,-82.0,957.0,-176.0,0.419,-0.769,-0.56
4566.5,-80.0,957.0,-176.0,0.349,-0.699,-0.56
4571.79,-68.0,956.0,-180.0,0.419,-0.98,-0.56
4571.97,-81.0,956.0,-174.0,0.209,-0.49,-0.349
4572.15,-81.0,959.0,-178.0,0.49,-1.049,-0.839
4572.33,-80.0,955.0,-180.0,0.56,-0.28,-0.419
4572.52,-89.0,955.0,-177.0,0.56,-1.049,-0.699
4572.7,-27.0,948.0,-115.0,-3.64,-2.309,-0.49
4572.88,-115.0,956.0,-211.0,2.24,1.61,0.629
4573.6,-55.0,945.0,-162.0,-1.399,-2.17,-0.839
4573.24,-90.0,965.0,-171.0,0.419,-0.07,-0.56
4573.43,-80.0,958.0,-174.0,-0.349,-0.91,-0.349
4573.61,-71.0,958.0,-176.0,0.839,-0.839,-0.699
4573.79,-88.0,960.0,-173.0,0.56,-0.419,-0.209
4574.34,-85.0,954.0,-178.0,0.349,-0.769,-0.419
4574.7,-82.0,957.0,-184.0,0.91,-0.629,-0.14
4574.88,-79.0,956.0,-174.0,0.28,-0.839,-0.769
4575.7,-79.0,958.0,-181.0,0.349,-0.699,-0.629
4575.25,-91.0,961.0,-174.0,0.98,-0.91,-0.49
4575.61,-75.0,956.0,-179.0,0.629,-0.56,-0.349
4575.8,-82.0,958.0,-169.0,0.28,-0.98,-0.699
4575.98,-83.0,953.0,-183.0,0.209,-0.419,-0.349
4576.16,-72.0,956.0,-174.0,0.349,-0.91,-0.49
4576.34,-81.0,956.0,-175.0,0.209,-0.349,0.14
4576.71,-79.0,960.0,-180.0,0.28,-0.629,-0.699
4576.89,-76.0,959.0,-170.0,0.349,-1.12,-0.419
4577.7,-85.0,955.0,-179.0,0.349,-0.56,-0.419
4577.25,-86.0,955.0,-178.0,0.769,-0.629,-0.629
4577.44,-78.0,958.0,-178.0,0.349,-0.769,-0.699
4577.62,-77.0,954.0,-177.0,0.629,-0.699,-0.28
4577.8,-83.0,957.0,-181.0,0.349,-0.629,-0.629
4577.98,-77.0,956.0,-178.0,0.28,-0.699,-0.56
4578.16,-81.0,957.0,-180.0,0.419,-0.699,-0.56
4578.35,-80.0,956.0,-176.0,0.28,-0.839,-0.419
4578.53,-82.0,958.0,-180.0,0.49,-0.699,-0.629
4578.71,-80.0,956.0,-175.0,0.49,-0.699,-0.49
4578.89,-81.0,957.0,-177.0,0.419,-0.56,-0.56
4579.8,-81.0,958.0,-176.0,0.349,-0.769,-0.629
4579.26,-79.0,955.0,-179.0,0.699,-0.629,-0.56
4579.44,-83.0,957.0,-176.0,0.14,-0.98,-0.629
4579.62,-75.0,958.0,-179.0,0.91,-0.98,-0.629
4579.81,-82.0,956.0,-172.0,0.209,-0.769,-0.28
4579.99,-85.0,959.0,-178.0,0.28,-0.49,-0.839
4580.17,-77.0,955.0,-183.0,0.419,-0.629,-0.56
4580.35,-82.0,957.0,-179.0,0.56,-0.91,-0.629
4580.53,-81.0,956.0,-176.0,0.349,-0.699,-0.349
4580.72,-82.0,958.0,-180.0,0.349,-0.699,-0.629
4580.9,-81.0,958.0,-177.0,0.28,-0.769,-0.629
4581.8,-79.0,955.0,-180.0,0.49,-0.49,-0.49
4581.26,-80.0,957.0,-178.0,0.56,-0.91,-0.629
4581.45,-82.0,957.0,-174.0,0.419,-0.769,-0.419
4581.63,-81.0,957.0,-176.0,0.419,-0.699,-0.699
4581.81,-78.0,956.0,-178.0,0.49,-0.769,-0.49
4581.99,-84.0,957.0,-176.0,0.28,-0.769,-0.56
4582.17,-78.0,956.0,-180.0,0.49,-0.91,-0.56
4582.36,-81.0,957.0,-174.0,0.28,-0.699,-0.56
4582.54,-81.0,958.0,-175.0,0.349,-0.629,-0.49
4582.72,-80.0,957.0,-177.0,0.349,-0.629,-0.629
4582.9,-80.0,957.0,-175.0,0.56,-0.839,-0.419
4583.9,-81.0,956.0,-175.0,0.28,-0.769,-0.629
4583.27,-78.0,957.0,-176.0,0.49,-0.699,-0.49
4583.45,-81.0,957.0,-176.0,0.56,-0.699,-0.49
4583.63,-80.0,957.0,-173.0,0.419,-0.839,-0.49
4583.82,-79.0,957.0,-178.0,0.349,-0.629,-0.56
4584.0,-78.0,956.0,-175.0,0.419,-0.839,-0.56
4584.18,-81.0,958.0,-178.0,0.349,-0.699,-0.56
4586.37,-78.0,957.0,-176.0,0.49,-0.769,-0.629
4586.55,-80.0,957.0,-175.0,0.349,-0.699,-0.49
4586.73,-77.0,960.0,-175.0,0.419,-0.769,-0.56
4586.91,-79.0,956.0,-173.0,0.49,-0.56,-0.419
4587.1,-83.0,959.0,-176.0,0.56,-0.839,-0.629
4587.28,-77.0,956.0,-176.0,0.349,-0.839,-0.49
4587.46,-80.0,957.0,-177.0,0.56,-0.699,-0.49
4587.64,-80.0,957.0,-178.0,0.419,-0.769,-0.629
4587.82,-78.0,956.0,-177.0,0.349,-0.769,-0.49
4588.1,-79.0,957.0,-178.0,0.419,-0.699,-0.56
4588.19,-80.0,958.0,-174.0,0.419,-0.839,-0.49
4588.37,-80.0,957.0,-175.0,0.349,-0.699,-0.56
4588.55,-80.0,958.0,-175.0,0.349,-0.699,-0.629
4588.74,-80.0,957.0,-176.0,0.419,-0.699,-0.56
4588.92,-79.0,957.0,-175.0,0.349,-0.839,-0.629
4589.1,-79.0,957.0,-176.0,0.349,-0.629,-0.56
4589.28,-81.0,957.0,-177.0,0.349,-0.769,-0.56
4589.47,-78.0,957.0,-175.0,0.419,-0.769,-0.49
4589.65,-80.0,956.0,-178.0,0.419,-0.769,-0.49
4589.83,-80.0,957.0,-176.0,0.49,-0.769,-0.56
4590.1,-79.0,956.0,-176.0,0.349,-0.629,-0.49
4590.19,-80.0,958.0,-179.0,0.56,-0.769,-0.629
4590.38,-80.0,955.0,-177.0,0.419,-0.769,-0.49
4590.56,-81.0,957.0,-176.0,0.349,-0.699,-0.56
4590.74,-80.0,957.0,-177.0,0.419,-0.769,-0.56
4590.92,-80.0,957.0,-178.0,0.49,-0.699,-0.56
4591.11,-80.0,957.0,-176.0,0.419,-0.769,-0.56
4591.29,-82.0,957.0,-176.0,0.49,-0.769,-0.629
4591.47,-78.0,957.0,-174.0,0.349,-0.699,-0.56
4591.65,-81.0,957.0,-177.0,0.49,-0.629,-0.56
4591.83,-79.0,956.0,-177.0,0.349,-0.699,-0.56
4592.2,-80.0,957.0,-177.0,0.419,-0.769,-0.56
4592.2,-81.0,957.0,-178.0,0.49,-0.699,-0.56
4592.38,-80.0,957.0,-177.0,0.49,-0.839,-0.56
4592.56,-79.0,956.0,-176.0,0.349,-0.699,-0.49
4592.75,-81.0,957.0,-178.0,0.49,-0.769,-0.699
4592.93,-79.0,956.0,-179.0,0.49,-0.699,-0.49
4593.11,-81.0,956.0,-178.0,0.419,-0.769,-0.56
4593.29,-78.0,956.0,-178.0,0.349,-0.769,-0.56
4593.47,-81.0,957.0,-177.0,0.49,-0.629,-0.56
4593.66,-80.0,957.0,-177.0,0.419,-0.769,-0.629
4593.84,-80.0,957.0,-177.0,0.419,-0.629,-0.56
4594.2,-79.0,957.0,-177.0,0.419,-0.699,-0.56
4594.2,-81.0,957.0,-179.0,0.349,-0.769,-0.629
4594.39,-78.0,956.0,-179.0,0.349,-0.769,-0.56
4594.57,-80.0,957.0,-178.0,0.49,-0.699,-0.56
4594.75,-81.0,957.0,-177.0,0.419,-0.769,-0.56
4594.93,-80.0,957.0,-178.0,0.419,-0.769,-0.49
4595.12,-79.0,956.0,-178.0,0.419,-0.769,-0.49
4595.3,-80.0,958.0,-178.0,0.349,-0.769,-0.56
4595.48,-79.0,957.0,-178.0,0.419,-0.769,-0.629
4595.66,-80.0,957.0,-178.0,0.419,-0.699,-0.49
4595.84,-81.0,958.0,-178.0,0.49,-0.769,-0.56
4596.3,-79.0,957.0,-178.0,0.419,-0.769,-0.56
4596.21,-79.0,957.0,-177.0,0.49,-0.629,-0.419
4596.39,-81.0,957.0,-176.0,0.419,-0.699,-0.56
4596.57,-81.0,956.0,-179.0,0.419,-0.769,-0.699
4596.76,-78.0,958.0,-177.0,0.419,-0.699,-0.49
4596.94,-81.0,957.0,-176.0,0.349,-0.839,-0.56
4597.12,-80.0,956.0,-178.0,0.349,-0.629,-0.49
4597.3,-82.0,957.0,-179.0,0.419,-0.699,-0.56
4597.48,-78.0,957.0,-179.0,0.56,-0.91,-0.629
4597.67,-78.0,956.0,-174.0,0.49,-0.839,-0.419
4597.85,-84.0,958.0,-176.0,0.209,-0.699,-0.629
4598.3,-78.0,957.0,-179.0,0.419,-0.839,-0.629
4598.21,-80.0,958.0,-177.0,0.49,-0.839,-0.56
4598.4,-80.0,958.0,-178.0,0.56,-0.839,-0.56
4598.58,-81.0,957.0,-176.0,0.349,-0.699,-0.56
4598.76,-78.0,956.0,-178.0,0.419,-0.699,-0.56
4598.94,-82.0,956.0,-176.0,0.419,-0.699,-0.49
4599.12,-77.0,955.0,-178.0,0.49,-0.699,-0.56
4599.31,-79.0,957.0,-180.0,0.419,-0.699,-0.49
4599.49,-81.0,958.0,-177.0,0.49,-0.839,-0.56
4599.67,-80.0,957.0,-178.0,0.419,-0.629,-0.49
4599.85,-83.0,956.0,-178.0,0.349,-0.699,-0.56
4600.4,-81.0,957.0,-179.0,0.49,-0.769,-0.629
4600.22,-78.0,956.0,-175.0,0.349,-0.769,-0.49
4600.4,-84.0,958.0,-181.0,0.28,-0.699,-0.629
4600.58,-76.0,956.0,-176.0,0.419,-0.98,-0.629
4600.76,-82.0,956.0,-177.0,0.28,-0.629,-0.349
4600.95,-80.0,959.0,-176.0,0.56,-0.769,-0.769
4601.13,-79.0,958.0,-174.0,0.349,-0.769,-0.349
4601.31,-79.0,957.0,-177.0,0.56,-0.629,-0.49
4601.49,-83.0,958.0,-176.0,0.419,-0.769,-0.49
4601.68,-79.0,957.0,-179.0,0.56,-0.699,-0.629
4601.86,-79.0,957.0,-178.0,0.419,-0.769,-0.56
4602.4,-81.0,956.0,-177.0,0.56,-0.769,-0.56
4602.22,-81.0,955.0,-176.0,0.349,-0.769,-0.49
4602.4,-80.0,958.0,-178.0,0.419,-0.699,-0.629
4602.59,-80.0,957.0,-175.0,0.49,-0.699,-0.49
4602.77,-78.0,957.0,-176.0,0.49,-0.699,-0.56
4603.32,-82.0,957.0,-175.0,0.349,-0.769,-0.49
4603.5,-79.0,959.0,-176.0,0.49,-0.699,-0.49
4603.68,-80.0,957.0,-176.0,0.49,-0.699,-0.419
4603.86,-79.0,957.0,-177.0,0.49,-0.699,-0.56
4604.5,-81.0,959.0,-177.0,0.28,-0.839,-0.49
4604.23,-80.0,957.0,-177.0,0.419,-0.629,-0.56
4604.41,-81.0,958.0,-178.0,0.419,-0.699,-0.56
4604.59,-81.0,957.0,-177.0,0.419,-0.769,-0.699
4604.77,-76.0,957.0,-177.0,0.209,-0.769,-0.49
4604.96,-82.0,957.0,-180.0,0.769,-0.769,-0.49
4605.14,-82.0,956.0,-174.0,0.28,-0.769,-0.629
4605.32,-80.0,957.0,-178.0,0.28,-0.699,-0.629
4605.69,-81.0,957.0,-176.0,0.349,-0.839,-0.419
4605.87,-78.0,956.0,-176.0,0.349,-0.699,-0.56
4606.5,-79.0,958.0,-176.0,0.419,-0.699,-0.56
4606.23,-80.0,957.0,-175.0,0.419,-0.769,-0.629
4606.42,-80.0,956.0,-177.0,0.349,-0.769,-0.49
4606.6,-80.0,959.0,-175.0,0.49,-0.769,-0.629
4606.78,-79.0,957.0,-175.0,0.49,-0.839,-0.419
4606.96,-84.0,959.0,-175.0,0.349,-0.769,-0.699
4607.14,-77.0,956.0,-177.0,0.419,-0.769,-0.419
4607.33,-83.0,956.0,-175.0,0.28,-0.699,-0.56
4607.51,-76.0,956.0,-177.0,0.419,-0.839,-0.49
4607.69,-81.0,958.0,-175.0,0.419,-0.699,-0.49
4607.87,-80.0,955.0,-178.0,0.419,-0.769,-0.56
4608.6,-77.0,956.0,-173.0,0.349,-0.699,-0.56
4608.24,-81.0,956.0,-179.0,0.49,-0.769,-0.419
4608.42,-80.0,957.0,-174.0,0.349,-0.769,-0.49
4608.6,-81.0,957.0,-176.0,0.419,-0.699,-0.629
4608.78,-79.0,957.0,-175.0,0.419,-0.699,-0.56
4608.97,-80.0,957.0,-177.0,0.419,-0.769,-0.629
4609.15,-80.0,958.0,-176.0,0.49,-0.839,-0.49
4609.33,-81.0,957.0,-177.0,0.349,-0.769,-0.629
4609.51,-78.0,956.0,-177.0,0.419,-0.699,-0.49
4609.7,-80.0,958.0,-176.0,0.419,-0.839,-0.56
4609.88,-79.0,956.0,-175.0,0.349,-0.769,-0.56
4610.6,-80.0,959.0,-177.0,0.28,-0.839,-0.56
4610.24,-78.0,956.0,-176.0,0.49,-0.629,-0.419
4617.9,-79.0,958.0,-181.0,0.49,-0.629,-0.629
4618.8,-80.0,957.0,-173.0,0.56,-0.839,-0.419
4618.26,-81.0,957.0,-179.0,0.49,-0.699,-0.769
4618.44,-78.0,956.0,-172.0,0.49,-0.699,-0.349
4618.63,-82.0,957.0,-178.0,0.28,-0.699,-0.56
4618.81,-81.0,957.0,-174.0,0.49,-0.699,-0.629
4618.99,-79.0,958.0,-178.0,0.419,-0.769,-0.56
4619.17,-80.0,957.0,-175.0,0.49,-0.629,-0.629
4619.36,-81.0,957.0,-175.0,0.349,-0.769,-0.56
4619.54,-79.0,957.0,-175.0,0.349,-0.699,-0.56
4619.72,-79.0,957.0,-177.0,0.49,-0.839,-0.56
4619.9,-80.0,956.0,-174.0,0.349,-0.769,-0.56
4628.65,-80.0,957.0,-176.0,0.49,-0.839,-0.56
4628.84,-80.0,958.0,-174.0,0.419,-0.699,-0.419
4629.2,-81.0,957.0,-177.0,0.49,-0.629,-0.56
4629.2,-79.0,956.0,-175.0,0.419,-0.839,-0.49
4629.38,-80.0,955.0,-175.0,0.419,-0.769,-0.49
4629.56,-81.0,958.0,-176.0,0.49,-0.769,-0.56
4629.75,-79.0,956.0,-175.0,0.419,-0.769,-0.49
4629.93,-82.0,956.0,-176.0,0.349,-0.699,-0.56
4630.11,-78.0,958.0,-177.0,0.419,-0.839,-0.56
4630.29,-79.0,956.0,-175.0,0.419,-0.839,-0.419
4630.48,-80.0,955.0,-178.0,0.14,-0.629,-0.349
4630.66,-82.0,958.0,-178.0,0.91,-0.91,-0.91
4630.84,-77.0,955.0,-173.0,0.28,-0.56,-0.28
4631.2,-85.0,957.0,-179.0,0.56,-0.769,-0.839
4631.21,-75.0,955.0,-176.0,0.419,-0.91,-0.49
4631.39,-82.0,957.0,-174.0,0.419,-0.699,-0.49
4631.57,-78.0,957.0,-175.0,0.28,-0.699,-0.629
4631.75,-80.0,957.0,-178.0,0.349,-0.699,-0.56
4631.93,-79.0,957.0,-177.0,0.49,-0.769,-0.56
4632.48,-81.0,957.0,-177.0,0.419,-0.769,-0.56
4632.66,-80.0,956.0,-178.0,0.56,-0.699,-0.56
4632.85,-81.0,958.0,-172.0,0.419,-0.769,-0.49
4633.3,-80.0,956.0,-179.0,0.419,-0.56,-0.49
4633.21,-77.0,958.0,-176.0,0.419,-0.91,-0.629
4633.39,-80.0,957.0,-174.0,0.349,-0.629,-0.419
4633.58,-79.0,957.0,-177.0,0.49,-0.769,-0.56
4633.76,-79.0,957.0,-176.0,0.419,-0.769,-0.49
4633.94,-81.0,956.0,-174.0,0.419,-0.769,-0.56
4634.12,-79.0,956.0,-175.0,0.49,-0.839,-0.699
4634.3,-80.0,956.0,-176.0,0.349,-0.769,-0.419
4634.49,-80.0,958.0,-177.0,0.349,-0.699,-0.629
4634.67,-78.0,956.0,-177.0,0.49,-0.769,-0.49
4634.85,-81.0,957.0,-174.0,0.419,-0.699,-0.56
4635.3,-78.0,956.0,-177.0,0.49,-0.769,-0.49
4635.22,-78.0,957.0,-172.0,0.419,-0.839,-0.56
4635.4,-82.0,958.0,-176.0,0.419,-0.56,-0.49
4635.58,-78.0,958.0,-175.0,0.419,-0.839,-0.56
4635.76,-82.0,957.0,-176.0,0.349,-0.699,-0.49
4635.95,-79.0,956.0,-177.0,0.49,-0.769,-0.56
4636.13,-80.0,955.0,-176.0,0.419,-0.769,-0.49
4636.31,-79.0,956.0,-177.0,0.49,-0.699,-0.56
4636.49,-82.0,956.0,-175.0,0.349,-0.769,-0.629
4636.67,-77.0,957.0,-178.0,0.419,-0.699,-0.56
4636.86,-81.0,958.0,-176.0,0.419,-0.839,-0.419
4637.4,-80.0,958.0,-176.0,0.349,-0.769,-0.629
4642.33,-81.0,957.0,-177.0,0.49,-0.769,-0.56
4642.51,-79.0,957.0,-175.0,0.419,-0.769,-0.629
4642.69,-80.0,956.0,-175.0,0.49,-0.699,-0.629
4642.87,-81.0,957.0,-178.0,0.49,-0.629,-0.629
4643.5,-80.0,956.0,-175.0,0.49,-0.839,-0.629
4643.24,-81.0,957.0,-174.0,0.349,-0.629,-0.56
4643.42,-80.0,957.0,-176.0,0.419,-0.699,-0.56
4643.6,-81.0,958.0,-175.0,0.419,-0.769,-0.56
4643.78,-80.0,958.0,-174.0,0.49,-0.769,-0.629
4643.97,-82.0,958.0,-176.0,0.419,-0.699,-0.49
4644.15,-78.0,957.0,-175.0,0.419,-0.839,-0.56
4644.33,-81.0,957.0,-176.0,0.349,-0.769,-0.49
4644.51,-80.0,958.0,-176.0,0.49,-0.769,-0.56
4657.9,-86.0,959.0,-173.0,0.14,-0.629,-0.91
4657.27,-72.0,957.0,-172.0,-0.14,-0.629,-0.49
4657.45,-85.0,961.0,-174.0,0.629,-0.699,-0.419
4657.64,-80.0,957.0,-174.0,0.209,-0.769,-0.769
4657.82,-64.0,988.0,-179.0,1.049,-0.91,-0.49
4658.0,-85.0,952.0,-165.0,0.419,-0.419,0.349
4658.18,-88.0,958.0,-170.0,1.679,-1.889,-1.75
4658.37,-69.0,957.0,-178.0,-0.14,-0.769,0.07
4658.55,-86.0,958.0,-170.0,0.839,-0.769,-0.839
4658.73,-78.0,957.0,-179.0,0.28,-1.12,-0.56
4658.91,-78.0,953.0,-175.0,0.769,-0.349,-0.419
4666.2,-81.0,957.0,-175.0,0.49,-0.629,-0.49
4666.39,-81.0,958.0,-175.0,0.28,-0.91,-0.56
4666.57,-79.0,957.0,-176.0,0.349,-0.699,-0.56
4666.75,-80.0,957.0,-175.0,0.419,-0.769,-0.56
4666.93,-79.0,956.0,-176.0,0.419,-0.699,-0.56
4667.11,-81.0,957.0,-177.0,0.419,-0.699,-0.629
4667.3,-79.0,957.0,-176.0,0.419,-0.699,-0.56
4667.48,-80.0,957.0,-175.0,0.349,-0.699,-0.56
4667.66,-80.0,957.0,-177.0,0.349,-0.699,-0.56
4667.84,-80.0,957.0,-175.0,0.419,-0.839,-0.629
4668.3,-80.0,957.0,-175.0,0.419,-0.769,-0.56
4668.21,-79.0,957.0,-175.0,0.56,-0.769,-0.56
4668.39,-82.0,958.0,-178.0,0.349,-0.769,-0.56
4668.57,-79.0,957.0,-176.0,0.419,-0.629,-0.56
4668.75,-81.0,957.0,-176.0,0.419,-0.699,-0.49
4668.94,-80.0,957.0,-177.0,0.419,-0.769,-0.56
4669.12,-80.0,958.0,-177.0,0.419,-0.769,-0.56
4669.3,-79.0,957.0,-176.0,0.419,-0.699,-0.419
4669.48,-80.0,957.0,-177.0,0.419,-0.769,-0.629
4669.67,-78.0,957.0,-177.0,0.419,-0.699,-0.49
4669.85,-82.0,958.0,-178.0,0.49,-0.769,-0.56
4670.3,-79.0,957.0,-176.0,0.349,-0.699,-0.419
4670.21,-80.0,957.0,-177.0,0.419,-0.699,-0.49
4670.4,-80.0,957.0,-176.0,0.349,-0.769,-0.49
4670.58,-81.0,958.0,-175.0,0.49,-0.699,-0.56
4670.76,-80.0,956.0,-177.0,0.349,-0.699,-0.49
4670.94,-81.0,959.0,-176.0,0.49,-0.769,-0.56
4671.12,-80.0,957.0,-176.0,0.49,-0.769,-0.56
4671.31,-80.0,957.0,-177.0,0.349,-0.629,-0.56
4671.49,-82.0,957.0,-176.0,0.419,-0.699,-0.56
4671.67,-78.0,957.0,-175.0,0.349,-0.629,-0.56
4671.85,-80.0,957.0,-180.0,0.349,-0.699,-0.49
4672.4,-80.0,958.0,-176.0,0.419,-0.699,-0.699
4672.22,-79.0,957.0,-176.0,0.419,-0.629,-0.419
4672.4,-82.0,958.0,-175.0,0.349,-0.769,-0.56
4672.58,-76.0,956.0,-177.0,0.49,-0.769,-0.56
4672.76,-81.0,958.0,-176.0,0.419,-0.699,-0.49
4672.95,-80.0,955.0,-178.0,0.49,-0.699,-0.56
4673.13,-81.0,957.0,-178.0,0.419,-0.769,-0.49
4673.31,-81.0,956.0,-177.0,0.49,-0.699,-0.56
4673.49,-78.0,956.0,-178.0,0.49,-0.699,-0.49
4673.68,-81.0,957.0,-178.0,0.419,-0.769,-0.56
4673.86,-78.0,957.0,-177.0,0.349,-0.839,-0.49
4677.87,-80.0,957.0,-179.0,0.419,-0.699,-0.56
4678.5,-80.0,958.0,-178.0,0.49,-0.769,-0.56
4678.23,-80.0,956.0,-178.0,0.419,-0.699,-0.49
4678.42,-81.0,957.0,-175.0,0.349,-0.769,-0.49
4678.6,-81.0,958.0,-177.0,0.349,-0.699,-0.56
4678.78,-78.0,956.0,-176.0,0.49,-0.769,-0.56
4678.96,-82.0,957.0,-178.0,0.349,-0.699,-0.49
4679.15,-79.0,957.0,-177.0,0.419,-0.699,-0.56
4679.33,-80.0,957.0,-177.0,0.28,-0.769,-0.49
4679.51,-79.0,957.0,-177.0,0.419,-0.629,-0.629
4679.69,-79.0,956.0,-178.0,0.419,-0.699,-0.49
4679.87,-81.0,957.0,-178.0,0.49,-0.769,-0.56
4680.6,-78.0,956.0,-177.0,0.419,-0.769,-0.49
4680.24,-81.0,958.0,-177.0,0.349,-0.769,-0.629
4680.42,-79.0,957.0,-176.0,0.28,-0.699,-0.419
4680.6,-82.0,958.0,-177.0,0.419,-0.769,-0.56
4680.79,-80.0,957.0,-177.0,0.49,-0.769,-0.629
4681.33,-79.0,957.0,-178.0,0.419,-0.839,-0.419
4681.52,-79.0,956.0,-175.0,0.49,-0.769,-0.56
4681.7,-81.0,957.0,-176.0,0.419,-0.699,-0.56
4681.88,-77.0,956.0,-177.0,0.49,-0.769,-0.49
4682.6,-80.0,958.0,-175.0,0.419,-0.769,-0.49
4682.24,-79.0,957.0,-176.0,0.349,-0.769,-0.629
4682.43,-79.0,957.0,-176.0,0.349,-0.769,-0.49
4682.61,-81.0,958.0,-177.0,0.49,-0.699,-0.56
4682.79,-79.0,957.0,-176.0,0.349,-0.769,-0.56
4682.97,-79.0,957.0,-176.0,0.49,-0.699,-0.49
4683.16,-80.0,957.0,-177.0,0.349,-0.699,-0.56
4683.52,-79.0,957.0,-177.0,0.419,-0.769,-0.629
4683.7,-80.0,957.0,-175.0,0.349,-0.769,-0.56
4683.88,-79.0,957.0,-176.0,0.49,-0.769,-0.56
4684.7,-79.0,957.0,-177.0,0.419,-0.699,-0.56
4684.25,-81.0,957.0,-177.0,0.419,-0.769,-0.49
4684.43,-80.0,958.0,-176.0,0.419,-0.769,-0.56
4684.61,-79.0,957.0,-175.0,0.349,-0.699,-0.419
4684.8,-81.0,957.0,-175.0,0.349,-0.769,-0.49
4684.98,-79.0,957.0,-176.0,0.349,-0.769,-0.49
4685.16,-79.0,958.0,-175.0,0.349,-0.769,-0.56
4685.34,-80.0,958.0,-175.0,0.419,-0.769,-0.56
4686.25,-80.0,957.0,-176.0,0.419,-0.699,-0.56
4686.44,-80.0,957.0,-175.0,0.349,-0.839,-0.629
4686.62,-80.0,957.0,-175.0,0.49,-0.699,-0.49
4686.8,-81.0,957.0,-176.0,0.419,-0.769,-0.49
4686.98,-80.0,957.0,-175.0,0.419,-0.699,-0.629
4687.17,-80.0,957.0,-175.0,0.349,-0.699,-0.56
4687.35,-79.0,957.0,-176.0,0.419,-0.839,-0.629
4687.53,-80.0,957.0,-175.0,0.419,-0.699,-0.56
4687.71,-81.0,958.0,-175.0,0.419,-0.839,-0.56
4687.9,-77.0,957.0,-177.0,0.49,-0.699,-0.629
4688.8,-80.0,957.0,-176.0,0.419,-0.769,-0.419
4688.26,-80.0,957.0,-176.0,0.419,-0.699,-0.629
4688.44,-79.0,957.0,-176.0,0.419,-0.769,-0.419
4688.62,-81.0,959.0,-175.0,0.419,-0.769,-0.56
4688.81,-78.0,956.0,-176.0,0.49,-0.699,-0.49
4688.99,-81.0,957.0,-174.0,0.28,-0.769,-0.49
4689.17,-80.0,956.0,-181.0,0.769,-0.699,-0.56
4689.35,-81.0,958.0,-169.0,0.07,-0.98,-0.49
4689.54,-81.0,957.0,-181.0,0.349,-0.629,-0.699
4689.72,-77.0,955.0,-175.0,0.419,-0.839,-0.28
4690.8,-83.0,958.0,-178.0,0.56,-1.049,-0.839
4690.26,-78.0,957.0,-179.0,0.419,-0.56,-0.349
4690.45,-85.0,958.0,-173.0,0.629,-0.769,-0.839
4690.63,-76.0,958.0,-180.0,-0.209,-1.049,-0.629
4690.81,-76.0,955.0,-175.0,0.839,-0.28,-0.349
4691.18,-78.0,955.0,-176.0,0.56,-0.56,-0.56
4691.36,-80.0,958.0,-181.0,0.349,-0.839,-0.49
4691.54,-83.0,956.0,-170.0,0.349,-0.699,-0.419
4691.72,-78.0,958.0,-181.0,0.49,-0.839,-0.699
4691.91,-80.0,956.0,-172.0,0.49,-0.699,-0.49
4692.9,-79.0,957.0,-177.0,0.699,-0.839,-0.56
4692.27,-83.0,956.0,-175.0,0.07,-0.629,-0.56
4692.45,-76.0,957.0,-180.0,0.699,-0.839,-0.629
4692.63,-81.0,958.0,-172.0,0.349,-0.769,-0.419
4692.82,-78.0,956.0,-174.0,0.349,-0.839,-0.629
4693.0,-80.0,958.0,-177.0,0.349,-0.769,-0.56
4693.18,-78.0,956.0,-176.0,0.419,-0.629,-0.349
4693.36,-82.0,960.0,-178.0,0.419,-1.049,-0.839
4693.55,-75.0,956.0,-171.0,0.419,-0.56,-0.28
4694.82,-81.0,956.0,-177.0,0.419,-0.839,-0.629
4695.0,-78.0,957.0,-172.0,0.629,-0.91,-0.56
4695.19,-82.0,956.0,-178.0,0.209,-0.699,-0.49
4695.37,-77.0,958.0,-177.0,0.56,-0.839,-0.56
4695.55,-83.0,958.0,-175.0,0.28,-0.839,-0.349
4695.73,-77.0,957.0,-175.0,0.28,-0.839,-0.629
4695.92,-81.0,959.0,-176.0,0.419,-0.839,-0.419
4696.1,-77.0,955.0,-174.0,0.49,-0.769,-0.49
4696.28,-84.0,959.0,-174.0,0.349,-0.839,-0.56
4696.46,-76.0,955.0,-174.0,0.49,-0.699,-0.419
4696.64,-83.0,958.0,-178.0,0.49,-0.769,-0.56
4696.83,-76.0,956.0,-177.0,0.49,-0.769,-0.56
4697.1,-81.0,955.0,-176.0,0.49,-0.629,-0.419
4697.19,-80.0,957.0,-178.0,0.49,-0.769,-0.699
4697.37,-78.0,956.0,-177.0,0.49,-0.629,-0.56
4697.56,-81.0,957.0,-176.0,0.349,-0.699,-0.56
4697.74,-81.0,957.0,-175.0,0.419,-0.769,-0.629
4697.92,-78.0,958.0,-175.0,0.349,-0.699,-0.49
4698.1,-83.0,958.0,-176.0,0.49,-0.769,-0.629
4698.29,-77.0,956.0,-175.0,0.419,-0.699,-0.56
4698.47,-82.0,957.0,-176.0,0.56,-0.699,-0.419
4698.65,-80.0,957.0,-177.0,0.349,-0.769,-0.56
4698.83,-79.0,956.0,-176.0,0.49,-0.769,-0.56
4699.1,-79.0,957.0,-177.0,0.419,-0.699,-0.49
4699.2,-80.0,957.0,-174.0,0.349,-0.629,-0.49
4699.38,-82.0,958.0,-177.0,0.419,-0.839,-0.629
4699.56,-78.0,959.0,-175.0,0.419,-0.699,-0.49
4705.94,-82.0,957.0,-178.0,0.419,-0.91,-0.56
4706.13,-76.0,957.0,-175.0,0.49,-0.699,-0.49
4706.31,-82.0,957.0,-176.0,0.56,-0.769,-0.49
4706.49,-81.0,956.0,-177.0,0.419,-0.699,-0.629
4706.67,-78.0,956.0,-179.0,0.56,-0.699,-0.56
4706.86,-78.0,957.0,-176.0,0.14,-0.699,-0.56
4707.4,-80.0,957.0,-178.0,0.49,-0.629,-0.49
4707.22,-80.0,958.0,-176.0,0.209,-0.91,-0.629
4707.4,-81.0,957.0,-177.0,0.56,-0.56,-0.49
4707.58,-80.0,959.0,-175.0,0.209,-0.91,-0.629
4707.77,-81.0,956.0,-180.0,0.49,-0.629,-0.49
4707.95,-80.0,958.0,-177.0,0.419,-0.839,-0.699
4712.51,-81.0,956.0,-175.0,0.49,-0.839,-0.629
4712.69,-82.0,958.0,-177.0,0.419,-0.629,-0.56
4712.87,-80.0,956.0,-177.0,0.349,-0.769,-0.629
4713.6,-78.0,958.0,-174.0,0.349,-0.839,-0.629
4713.24,-82.0,957.0,-177.0,0.49,-0.629,-0.49
4713.42,-80.0,957.0,-175.0,0.349,-0.91,-0.629
4713.6,-78.0,956.0,-177.0,0.419,-0.699,-0.419
4713.78,-81.0,957.0,-176.0,0.419,-0.839,-0.56
4713.97,-80.0,958.0,-177.0,0.419,-0.769,-0.699
4714.15,-80.0,957.0,-177.0,0.56,-0.629,-0.49
4714.33,-79.0,958.0,-177.0,0.349,-0.839,-0.629
4714.51,-79.0,957.0,-177.0,0.49,-0.699,-0.419
4714.7,-80.0,957.0,-177.0,0.49,-0.769,-0.49
4722.35,-75.0,955.0,-180.0,0.98,-0.769,-0.209
4722.54,-78.0,956.0,-174.0,-0.14,-1.12,-0.839
4722.9,-89.0,962.0,-182.0,0.28,-1.12,-0.91
4723.8,-72.0,952.0,-169.0,0.629,-0.49,-0.28
4723.26,-85.0,958.0,-183.0,0.14,-0.699,-0.769
4723.45,-75.0,956.0,-173.0,0.56,-0.839,-0.28
4723.63,-86.0,958.0,-179.0,0.49,-0.699,-0.629
4723.81,-78.0,959.0,-174.0,0.209,-0.91,-0.699
4723.99,-78.0,956.0,-180.0,0.629,-0.629,-0.49
4724.18,-79.0,956.0,-174.0,0.209,-0.91,-0.49
4724.36,-80.0,957.0,-178.0,0.419,-0.629,-0.56
4724.54,-81.0,957.0,-176.0,0.349,-0.699,-0.56
4724.72,-79.0,958.0,-176.0,0.56,-0.769,-0.629
4724.91,-79.0,957.0,-176.0,0.349,-0.699,-0.49
4725.9,-80.0,956.0,-176.0,0.419,-0.769,-0.49
4725.27,-79.0,957.0,-177.0,0.349,-0.769,-0.56
4725.45,-78.0,956.0,-176.0,0.419,-0.769,-0.49
4725.64,-79.0,957.0,-179.0,0.419,-0.769,-0.56
4725.82,-77.0,956.0,-172.0,0.49,-0.629,-0.419
4732.2,-82.0,957.0,-176.0,0.49,-0.699,-0.49
4732.2,-79.0,957.0,-176.0,0.349,-0.769,-0.699
4732.38,-80.0,958.0,-176.0,0.49,-0.699,-0.419
4732.56,-82.0,957.0,-176.0,0.419,-0.769,-0.56
4732.74,-80.0,958.0,-176.0,0.419,-0.769,-0.56
4732.93,-78.0,957.0,-175.0,0.419,-0.769,-0.49
4733.11,-80.0,958.0,-177.0,0.419,-0.769,-0.49
4733.29,-79.0,957.0,-177.0,0.419,-0.769,-0.56
4733.47,-80.0,957.0,-176.0,0.419,-0.839,-0.56
4733.66,-80.0,957.0,-176.0,0.419,-0.699,-0.49
4733.84,-81.0,957.0,-179.0,0.56,-0.769,-0.629
4734.2,-81.0,957.0,-178.0,0.28,-0.769,-0.49
4734.2,-80.0,957.0,-178.0,0.49,-0.769,-0.49
4734.75,-80.0,957.0,-177.0,0.349,-0.769,-0.56
4734.93,-80.0,957.0,-178.0,0.419,-0.699,-0.49
4735.11,-78.0,956.0,-178.0,0.419,-0.769,-0.49
4735.3,-80.0,956.0,-178.0,0.349,-0.699,-0.49
4735.48,-79.0,957.0,-177.0,0.49,-0.769,-0.56
4735.66,-80.0,956.0,-180.0,0.56,-0.699,-0.419
4735.84,-80.0,957.0,-177.0,0.419,-0.699,-0.56
4736.3,-79.0,957.0,-178.0,0.49,-0.769,-0.56
4736.21,-79.0,957.0,-177.0,0.56,-0.769,-0.629
4736.39,-79.0,958.0,-178.0,0.56,-0.769,-0.56
4736.57,-79.0,957.0,-176.0,0.349,-0.769,-0.56
4736.76,-80.0,957.0,-177.0,0.419,-0.629,-0.49
4736.94,-78.0,956.0,-175.0,0.349,-0.699,-0.56
4737.12,-80.0,958.0,-177.0,0.419,-0.769,-0.56
4737.3,-79.0,957.0,-176.0,0.419,-0.699,-0.56
4737.48,-80.0,956.0,-176.0,0.419,-0.769,-0.56
4737.67,-80.0,956.0,-177.0,0.28,-0.629,-0.419
4737.85,-83.0,957.0,-179.0,0.56,-0.769,-0.699
4738.3,-77.0,957.0,-176.0,0.28,-0.699,-0.56
4738.21,-82.0,957.0,-176.0,0.49,-0.769,-0.56
4738.4,-81.0,956.0,-178.0,0.839,-1.259,-1.259
4738.58,-66.0,955.0,-168.0,0.28,-0.56,-0.07
4738.76,-95.0,962.0,-179.0,0.349,-0.91,-0.839
4738.94,-70.0,954.0,-176.0,0.629,-0.98,-0.419
4739.13,-87.0,958.0,-178.0,0.49,-0.769,-0.49
4739.31,-79.0,956.0,-174.0,0.349,-0.839,-0.629
4739.49,-81.0,957.0,-179.0,0.49,-0.769,-0.49
4739.67,-81.0,956.0,-175.0,0.419,-0.769,-0.56
4739.85,-82.0,958.0,-176.0,0.419,-0.769,-0.56
4740.4,-79.0,957.0,-174.0,0.349,-0.699,-0.56
4741.31,-80.0,957.0,-177.0,0.49,-0.769,-0.56
4741.5,-79.0,957.0,-177.0,0.419,-0.769,-0.56
4741.68,-80.0,958.0,-176.0,0.349,-0.699,-0.56
4741.86,-82.0,957.0,-176.0,0.56,-0.699,-0.49
4742.4,-80.0,956.0,-175.0,0.349,-0.769,-0.56
4742.23,-81.0,956.0,-176.0,0.49,-0.699,-0.56
4742.41,-80.0,957.0,-175.0,0.349,-0.769,-0.56
4742.59,-80.0,957.0,-176.0,0.28,-0.629,-0.49
4742.77,-80.0,956.0,-175.0,0.419,-0.699,-0.56
4742.95,-82.0,958.0,-175.0,0.349,-0.769,-0.49
4743.14,-79.0,957.0,-174.0,0.419,-0.699,-0.56
4743.32,-79.0,957.0,-176.0,0.49,-0.769,-0.49
4743.5,-80.0,957.0,-174.0,0.419,-0.769,-0.49
4743.68,-81.0,958.0,-175.0,0.419,-0.769,-0.49
4743.87,-80.0,956.0,-175.0,0.49,-0.769,-0.49
4745.51,-78.0,956.0,-177.0,0.49,-0.839,-0.49
4745.69,-83.0,958.0,-176.0,0.629,-0.839,-0.49
4745.87,-77.0,953.0,-179.0,0.49,-0.769,-0.56
4746.5,-81.0,956.0,-179.0,0.419,-0.769,-0.419
4746.24,-80.0,955.0,-178.0,0.419,-0.56,-0.49
4746.42,-80.0,956.0,-178.0,0.28,-0.699,-0.49
4746.6,-82.0,957.0,-177.0,0.28,-0.699,-0.56
4746.78,-81.0,960.0,-175.0,0.28,-0.769,-0.56
4746.97,-79.0,957.0,-175.0,0.28,-0.699,-0.56
4747.15,-81.0,958.0,-176.0,0.28,-0.839,-0.56
4747.33,-81.0,957.0,-176.0,0.56,-0.699,-0.49
4747.51,-80.0,958.0,-175.0,0.28,-0.839,-0.629
4754.62,-80.0,957.0,-177.0,0.629,-0.56,-0.419
4754.8,-81.0,960.0,-172.0,0.419,-0.769,-0.769
4754.99,-80.0,958.0,-176.0,0.629,-0.699,-0.56
4755.17,-77.0,958.0,-174.0,0.56,-0.769,-0.49
4755.35,-84.0,958.0,-177.0,0.349,-0.699,-0.56
4755.53,-78.0,954.0,-178.0,0.49,-0.629,-0.49
4755.72,-82.0,958.0,-175.0,0.349,-0.699,-0.56
4755.9,-77.0,956.0,-178.0,0.349,-0.699,-0.56
4756.8,-79.0,957.0,-174.0,0.209,-0.699,-0.56
4756.26,-82.0,958.0,-173.0,0.349,-0.699,-0.49
4756.45,-79.0,956.0,-177.0,0.28,-0.769,-0.56
4756.63,-80.0,958.0,-174.0,0.49,-0.839,-0.49
4756.81,-79.0,957.0,-177.0,0.49,-0.699,-0.56
4765.74,-81.0,957.0,-178.0,0.349,-0.769,-0.56
4765.93,-79.0,955.0,-177.0,0.56,-0.769,-0.629
4766.11,-80.0,957.0,-176.0,0.419,-0.629,-0.49
4766.29,-81.0,956.0,-178.0,0.49,-0.769,-0.699
4766.47,-79.0,957.0,-179.0,0.419,-0.839,-0.49
4766.66,-82.0,955.0,-177.0,0.56,-0.699,-0.56
4766.84,-78.0,956.0,-178.0,0.209,-0.769,-0.49
4767.2,-81.0,957.0,-177.0,0.49,-0.769,-0.49
4767.2,-79.0,956.0,-175.0,0.419,-0.769,-0.419
4767.39,-82.0,959.0,-177.0,0.349,-0.699,-0.769
4767.57,-76.0,955.0,-177.0,0.56,-0.769,-0.419
4777.96,-80.0,954.0,-177.0,0.349,-0.839,-0.629
4778.14,-84.0,957.0,-175.0,0.28,-0.769,-0.49
4778.32,-71.0,958.0,-172.0,0.49,-1.049,-0.699
4778.51,-88.0,951.0,-174.0,0.14,-0.28,0.07
4778.69,-82.0,957.0,-177.0,0.769,-1.049,-0.91
4778.87,-78.0,958.0,-177.0,0.14,-0.629,-0.419
4779.5,-73.0,957.0,-179.0,0.49,-0.769,-0.629
4779.24,-85.0,956.0,-176.0,0.349,-0.56,-0.28
4779.42,-78.0,957.0,-179.0,0.419,-0.91,-0.91
4779.6,-82.0,954.0,-178.0,0.349,-0.56,-0.209
4779.78,-81.0,958.0,-178.0,0.49,-0.839,-0.769
4779.97,-77.0,956.0,-176.0,0.349,-0.699,-0.349
4780.15,-81.0,957.0,-177.0,0.419,-0.699,-0.56
4780.33,-78.0,956.0,-177.0,0.28,-0.769,-0.49
4780.51,-80.0,956.0,-176.0,0.56,-0.769,-0.49
4780.69,-79.0,956.0,-177.0,0.28,-0.769,-0.56
4780.88,-80.0,956.0,-177.0,0.56,-0.839,-0.49
4781.6,-79.0,956.0,-178.0,0.349,-0.699,-0.56
4781.24,-79.0,956.0,-178.0,0.419,-0.629,-0.56
4781.42,-81.0,956.0,-176.0,0.49,-0.769,-0.629
4781.61,-78.0,957.0,-177.0,0.349,-0.699,-0.49
4781.79,-81.0,957.0,-178.0,0.349,-0.699,-0.49
4781.97,-79.0,956.0,-179.0,0.49,-0.769,-0.49
4782.15,-78.0,957.0,-176.0,0.419,-0.699,-0.56
4782.34,-79.0,956.0,-178.0,0.349,-0.699,-0.49
4782.52,-81.0,958.0,-178.0,0.349,-0.699,-0.49
4782.7,-82.0,957.0,-178.0,0.49,-0.839,-0.49
4782.88,-80.0,956.0,-177.0,0.419,-0.769,-0.56
4783.6,-82.0,958.0,-177.0,0.419,-0.629,-0.629
4783.25,-81.0,956.0,-179.0,0.49,-0.769,-0.56
4792.36,-78.0,956.0,-177.0,0.56,-0.699,-0.49
4792.54,-80.0,956.0,-177.0,0.349,-0.629,-0.56
4792.73,-81.0,957.0,-177.0,0.419,-0.699,-0.56
4792.91,-78.0,957.0,-175.0,0.28,-0.629,-0.49
4793.9,-85.0,957.0,-175.0,0.349,-0.56,-0.56
4793.27,-79.0,960.0,-176.0,0.28,-1.12,-0.91
4793.46,-75.0,955.0,-175.0,0.699,-0.419,-0.14
4793.64,-87.0,961.0,-177.0,0.349,-0.91,-0.839
4793.82,-77.0,956.0,-176.0,0.419,-0.769,-0.419
4794.0,-80.0,957.0,-178.0,0.49,-0.769,-0.629
4794.18,-81.0,957.0,-177.0,0.349,-0.769,-0.56
4794.37,-77.0,956.0,-178.0,0.419,-0.769,-0.699
4802.75,-84.0,957.0,-179.0,0.349,-0.629,-0.629
4802.93,-77.0,957.0,-175.0,0.349,-0.769,-0.629
4803.12,-82.0,958.0,-175.0,0.56,-0.699,-0.49
4803.3,-79.0,957.0,-174.0,0.349,-0.839,-0.629
4803.48,-81.0,958.0,-175.0,0.56,-0.769,-0.49
4803.66,-81.0,957.0,-177.0,0.56,-0.769,-0.629
4803.85,-81.0,958.0,-175.0,0.349,-0.839,-0.56
4804.3,-81.0,958.0,-179.0,0.629,-0.699,-0.699
4804.21,-78.0,956.0,-176.0,0.419,-0.769,-0.49
4804.39,-81.0,956.0,-180.0,0.349,-0.56,-0.56
4804.58,-80.0,958.0,-179.0,0.419,-0.769,-0.629
4804.76,-78.0,957.0,-177.0,0.419,-0.629,-0.349
4804.94,-85.0,957.0,-181.0,0.56,-0.699,-0.769
4813.14,-81.0,957.0,-173.0,0.349,-0.769,-0.49
4813.33,-82.0,957.0,-176.0,0.49,-0.769,-0.629
4813.51,-81.0,956.0,-176.0,0.49,-0.839,-0.56
4813.69,-80.0,956.0,-176.0,0.419,-0.769,-0.56
4813.87,-80.0,957.0,-176.0,0.419,-0.699,-0.56
4814.5,-81.0,958.0,-177.0,0.49,-0.699,-0.56
4814.24,-81.0,957.0,-175.0,0.419,-0.769,-0.56
4814.42,-80.0,957.0,-177.0,0.419,-0.699,-0.56
4814.6,-79.0,957.0,-175.0,0.349,-0.699,-0.49
4814.78,-80.0,957.0,-176.0,0.349,-0.699,-0.629
4814.97,-81.0,957.0,-174.0,0.49,-0.769,-0.56
4815.15,-81.0,956.0,-176.0,0.49,-0.699,-0.56
4815.33,-81.0,957.0,-176.0,0.349,-0.769,-0.56
4815.51,-81.0,957.0,-175.0,0.349,-0.769,-0.56
4815.7,-79.0,956.0,-180.0,0.49,-0.629,-0.56
4815.88,-83.0,959.0,-176.0,0.28,-0.91,-0.699
4816.6,-77.0,955.0,-175.0,0.629,-0.699,-0.49
4816.24,-83.0,958.0,-176.0,0.28,-0.699,-0.56
4816.42,-79.0,957.0,-175.0,0.419,-0.769,-0.56
4817.34,-80.0,957.0,-176.0,0.419,-0.769,-0.56
4817.52,-81.0,957.0,-175.0,0.49,-0.699,-0.56
4817.7,-80.0,958.0,-176.0,0.419,-0.699,-0.56
4817.88,-81.0,956.0,-177.0,0.419,-0.629,-0.49
4818.7,-80.0,956.0,-175.0,0.419,-0.839,-0.629
4818.25,-80.0,957.0,-177.0,0.349,-0.699,-0.419
4818.43,-81.0,957.0,-174.0,0.419,-0.769,-0.629
4818.61,-79.0,957.0,-175.0,0.419,-0.699,-0.49
4818.79,-81.0,957.0,-175.0,0.349,-0.699,-0.56
4818.98,-81.0,957.0,-176.0,0.419,-0.699,-0.49
4819.16,-81.0,958.0,-175.0,0.349,-0.769,-0.629
4819.34,-80.0,957.0,-175.0,0.49,-0.769,-0.56
4819.52,-81.0,958.0,-174.0,0.419,-0.769,-0.56
4819.71,-81.0,957.0,-177.0,0.49,-0.839,-0.56
4819.89,-80.0,956.0,-176.0,0.419,-0.699,-0.49
4820.7,-82.0,957.0,-176.0,0.49,-0.839,-0.56
4820.25,-79.0,957.0,-175.0,0.419,-0.769,-0.56
4820.43,-82.0,957.0,-175.0,0.49,-0.769,-0.56
4820.62,-80.0,956.0,-177.0,0.419,-0.769,-0.56
4820.8,-79.0,957.0,-174.0,0.349,-0.699,-0.629
4820.98,-81.0,958.0,-174.0,0.28,-0.769,-0.49
4821.16,-80.0,957.0,-174.0,0.419,-0.769,-0.56
4821.35,-81.0,958.0,-175.0,0.419,-0.769,-0.56
4828.27,-86.0,958.0,-173.0,0.839,-0.91,-0.56
4828.46,-75.0,956.0,-174.0,0.14,-0.98,-0.56
4828.64,-82.0,957.0,-176.0,0.699,-0.56,-0.349
4828.82,-81.0,958.0,-174.0,0.349,-0.98,-0.629
4829.0,-77.0,957.0,-177.0,0.56,-0.49,-0.419
4829.19,-82.0,958.0,-176.0,0.419,-0.769,-0.49
4829.37,-79.0,956.0,-176.0,0.349,-0.699,-0.56
4829.55,-79.0,956.0,-175.0,0.28,-0.699,-0.56
4829.73,-81.0,957.0,-175.0,0.419,-0.699,-0.56
4829.91,-79.0,957.0,-174.0,0.349,-0.839,-0.629
4830.1,-77.0,957.0,-175.0,0.419,-0.699,-0.419
4830.28,-81.0,957.0,-177.0,0.419,-0.629,-0.49
4830.46,-81.0,958.0,-176.0,0.49,-0.91,-0.629
4830.64,-79.0,955.0,-177.0,0.419,-0.769,-0.419
4845.96,-79.0,956.0,-176.0,0.49,-0.91,-0.56
4846.14,-79.0,956.0,-176.0,0.209,-0.56,-0.49
4846.32,-81.0,957.0,-177.0,0.349,-0.839,-0.49
4846.5,-82.0,958.0,-176.0,0.28,-0.629,-0.49
4846.68,-83.0,958.0,-176.0,0.56,-0.769,-0.49
4846.87,-79.0,956.0,-176.0,0.28,-0.699,-0.49
4847.5,-81.0,958.0,-176.0,0.56,-0.699,-0.419
4847.23,-78.0,956.0,-177.0,0.349,-0.769,-0.56
4847.41,-79.0,958.0,-176.0,0.56,-0.839,-0.49
4847.6,-77.0,958.0,-177.0,0.28,-0.769,-0.49
4847.78,-82.0,959.0,-177.0,0.629,-0.769,-0.56
4851.24,-80.0,958.0,-175.0,0.699,-0.699,-0.56
4851.42,-77.0,956.0,-175.0,0.629,-0.629,-0.419
4851.61,-83.0,959.0,-175.0,0.49,-0.839,-0.629
4851.79,-79.0,957.0,-179.0,0.28,-0.699,-0.49
4851.97,-80.0,958.0,-175.0,0.56,-0.839,-0.56
4852.15,-83.0,956.0,-177.0,0.349,-0.56,-0.49
4852.34,-80.0,956.0,-176.0,0.419,-0.839,-0.629
4852.52,-78.0,956.0,-176.0,0.419,-0.699,-0.49
4852.7,-83.0,959.0,-176.0,0.28,-0.839,-0.56
4852.88,-80.0,956.0,-172.0,0.49,-0.699,-0.629
4853.7,-77.0,957.0,-177.0,0.209,-0.769,-0.419
4853.25,-85.0,958.0,-176.0,0.349,-0.769,-0.419
4853.43,-79.0,956.0,-175.0,0.419,-0.629,-0.699
4862.73,-78.0,956.0,-176.0,0.419,-0.769,-0.56
4862.91,-83.0,957.0,-177.0,0.56,-0.699,-0.56
4863.9,-79.0,957.0,-174.0,0.209,-0.769,-0.699
4863.27,-79.0,956.0,-176.0,0.629,-0.56,-0.49
4863.46,-82.0,957.0,-179.0,0.419,-0.839,-0.56
4863.64,-79.0,956.0,-173.0,0.49,-0.769,-0.56
4863.82,-80.0,957.0,-179.0,0.419,-0.699,-0.49
4864.0,-78.0,955.0,-173.0,0.28,-0.769,-0.56
4864.19,-81.0,958.0,-176.0,0.28,-0.699,-0.49
4864.37,-79.0,956.0,-176.0,0.419,-0.769,-0.49
4864.55,-80.0,957.0,-177.0,0.419,-0.699,-0.629
4864.73,-79.0,957.0,-175.0,0.349,-0.699,-0.49
4864.92,-79.0,957.0,-176.0,0.419,-0.839,-0.49
4865.1,-80.0,956.0,-174.0,0.419,-0.769,-0.56
4865.28,-82.0,956.0,-178.0,0.349,-0.699,-0.56
4865.46,-80.0,957.0,-177.0,0.419,-0.769,-0.56
4865.64,-81.0,957.0,-176.0,0.419,-0.839,-0.49
4865.83,-81.0,958.0,-176.0,0.28,-0.769,-0.629
4866.1,-81.0,956.0,-177.0,0.419,-0.699,-0.49
4866.19,-81.0,957.0,-175.0,0.49,-0.91,-0.56
4866.37,-80.0,957.0,-176.0,0.419,-0.769,-0.49
4866.56,-80.0,957.0,-176.0,0.49,-0.769,-0.56
4868.1,-79.0,956.0,-176.0,0.349,-0.699,-0.49
4868.2,-81.0,956.0,-175.0,0.349,-0.769,-0.49
4868.38,-83.0,958.0,-177.0,0.419,-0.699,-0.629
4868.56,-78.0,956.0,-177.0,0.419,-0.839,-0.49
4868.74,-82.0,958.0,-175.0,0.28,-0.629,-0.56
4868.93,-82.0,955.0,-175.0,0.419,-0.839,-0.699
4869.11,-77.0,958.0,-179.0,0.349,-0.839,-0.56
4869.29,-81.0,957.0,-174.0,0.49,-0.769,-0.49
4869.47,-81.0,957.0,-178.0,0.28,-0.839,-0.56
4869.65,-79.0,955.0,-175.0,0.49,-0.839,-0.49
4869.84,-81.0,958.0,-176.0,0.349,-0.699,-0.56
4870.2,-79.0,957.0,-177.0,0.419,-0.769,-0.56
4870.2,-78.0,957.0,-178.0,0.419,-0.699,-0.49
4870.38,-84.0,958.0,-173.0,0.419,-0.699,-0.49
4870.57,-79.0,956.0,-176.0,0.209,-0.699,-0.699
4870.75,-78.0,957.0,-176.0,0.419,-0.769,-0.49
4870.93,-83.0,957.0,-177.0,0.49,-0.699,-0.56
4871.11,-78.0,957.0,-175.0,0.419,-0.699,-0.629
4871.3,-81.0,957.0,-178.0,0.49,-0.769,-0.49
4871.48,-77.0,955.0,-175.0,0.49,-0.699,-0.629
4871.66,-83.0,958.0,-179.0,0.28,-0.56,-0.349
4871.84,-81.0,957.0,-175.0,0.28,-0.91,-0.629
4872.2,-79.0,956.0,-176.0,0.419,-0.699,-0.56
4872.21,-80.0,957.0,-176.0,0.49,-0.629,-0.49
4872.39,-80.0,957.0,-176.0,0.419,-0.839,-0.56
4872.57,-79.0,957.0,-177.0,0.419,-0.839,-0.56
4872.75,-78.0,957.0,-174.0,0.49,-0.769,-0.49
4872.94,-82.0,958.0,-177.0,0.419,-0.699,-0.56
4873.12,-78.0,957.0,-176.0,0.49,-0.699,-0.56
4873.3,-79.0,956.0,-177.0,0.49,-0.769,-0.49
4873.48,-83.0,958.0,-178.0,0.419,-0.769,-0.629
4873.67,-78.0,956.0,-177.0,0.49,-0.839,-0.629
4873.85,-78.0,957.0,-178.0,0.49,-0.629,-0.419
4874.3,-81.0,957.0,-177.0,0.349,-0.839,-0.56
4874.21,-80.0,957.0,-174.0,0.28,-0.629,-0.56
4874.39,-80.0,958.0,-176.0,0.49,-0.769,-0.49
4874.58,-80.0,956.0,-176.0,0.28,-0.699,-0.49
4874.76,-80.0,957.0,-175.0,0.56,-0.91,-0.56
4874.94,-81.0,957.0,-175.0,0.28,-0.629,-0.49
4875.12,-81.0,956.0,-176.0,0.839,-0.839,-0.56
4875.31,-83.0,958.0,-177.0,0.209,-0.769,-0.56
4875.49,-77.0,954.0,-174.0,0.56,-0.629,-0.49
4875.67,-84.0,959.0,-179.0,0.419,-0.91,-0.49
4875.85,-77.0,956.0,-175.0,0.49,-0.629,-0.56
4876.3,-83.0,958.0,-176.0,0.49,-0.699,-0.56
4876.22,-79.0,957.0,-174.0,0.349,-0.769,-0.56
4876.4,-80.0,957.0,-178.0,0.49,-0.769,-0.56
4876.58,-82.0,957.0,-176.0,0.419,-0.699,-0.49
4876.76,-87.0,948.0,-188.0,2.519,-0.07,0.209
4876.95,-88.0,962.0,-165.0,-0.98,-1.61,-1.049
4877.13,-69.0,955.0,-180.0,1.539,-0.14,-0.349
4877.31,-87.0,959.0,-179.0,0.07,-1.049,-0.349
4877.49,-74.0,955.0,-176.0,0.839,-0.56,-0.769
4877.68,-82.0,956.0,-179.0,0.14,-0.629,-0.28
4877.86,-81.0,957.0,-175.0,0.49,-0.769,-0.699
4878.4,-78.0,955.0,-179.0,0.14,-0.629,-0.349
4878.22,-81.0,958.0,-173.0,0.49,-0.769,-0.629
4878.4,-81.0,958.0,-176.0,0.28,-0.839,-0.56
4878.59,-77.0,956.0,-174.0,0.629,-0.769,-0.56
4878.77,-80.0,958.0,-176.0,0.28,-0.769,-0.419
4878.95,-81.0,958.0,-176.0,0.629,-0.839,-0.629
4879.13,-79.0,957.0,-175.0,0.349,-0.769,-0.49
4879.32,-80.0,957.0,-178.0,0.56,-0.629,-0.56
4879.5,-81.0,956.0,-176.0,0.349,-0.769,-0.419
4879.68,-81.0,958.0,-177.0,0.49,-0.699,-0.699
4879.86,-81.0,957.0,-175.0,0.209,-0.769,-0.49
4880.4,-82.0,958.0,-175.0,0.49,-0.769,-0.56
4880.23,-80.0,957.0,-178.0,0.28,-0.699,-0.419
4880.41,-79.0,956.0,-177.0,0.56,-0.839,-0.49
4880.59,-81.0,956.0,-177.0,0.28,-0.699,-0.49
4880.77,-80.0,956.0,-175.0,0.56,-0.91,-0.699
4880.96,-77.0,956.0,-179.0,0.56,-0.629,-0.56
4881.14,-81.0,957.0,-174.0,0.49,-0.91,-0.49
4881.32,-84.0,958.0,-176.0,0.56,-0.769,-0.629
4881.5,-80.0,956.0,-176.0,0.419,-0.769,-0.56
4881.69,-80.0,956.0,-177.0,0.699,-0.629,-0.49
4881.87,-82.0,956.0,-176.0,0.419,-0.769,-0.629
4882.5,-77.0,958.0,-180.0,0.629,-1.049,-0.98
4882.23,-83.0,956.0,-174.0,0.07,-0.209,0.07
4882.41,-83.0,958.0,-181.0,0.769,-1.049,-1.049
4882.6,-81.0,956.0,-175.0,0.209,-0.629,-0.349
4882.78,-81.0,956.0,-176.0,0.419,-0.629,-0.699
4882.96,-79.0,958.0,-180.0,0.28,-0.769,-0.49
4883.14,-66.0,944.0,-171.0,0.56,-0.769,0.07
4883.33,-84.0,956.0,-179.0,0.419,-0.629,-0.349
4883.51,-82.0,955.0,-178.0,0.209,-0.839,-0.839
4883.69,-78.0,957.0,-173.0,0.56,-0.91,-0.419
4883.87,-84.0,957.0,-178.0,0.419,-0.49,-0.629
4884.6,-76.0,956.0,-176.0,0.419,-0.91,-0.56
4884.24,-82.0,958.0,-178.0,0.349,-0.56,-0.49
4884.42,-79.0,957.0,-175.0,0.49,-0.839,-0.629
4884.6,-83.0,953.0,-173.0,0.349,-0.699,-0.56
4884.78,-52.0,953.0,-213.0,2.519,0.56,-0.56
4884.97,-98.0,961.0,-155.0,-0.28,-1.61,-0.349
4885.33,-79.0,957.0,-173.0,0.07,-0.91,-0.07
4886.24,-80.0,959.0,-174.0,0.419,-0.769,-0.56
4886.42,-79.0,958.0,-177.0,0.28,-0.769,-0.629
4886.61,-78.0,957.0,-172.0,0.629,-0.769,-0.419
4886.79,-82.0,956.0,-180.0,0.419,-0.629,-0.56
4886.97,-80.0,957.0,-174.0,0.28,-0.839,-0.56
4887.15,-78.0,956.0,-179.0,0.419,-0.699,-0.49
4887.34,-79.0,956.0,-175.0,0.419,-0.699,-0.49
4887.52,-81.0,958.0,-177.0,0.349,-0.629,-0.629
4887.7,-78.0,957.0,-174.0,0.56,-0.769,-0.49
4887.88,-81.0,959.0,-176.0,0.28,-0.699,-0.56
4888.7,-82.0,957.0,-179.0,0.629,-0.769,-0.629
4888.25,-80.0,955.0,-177.0,0.56,-0.699,-0.49
4888.43,-82.0,958.0,-177.0,0.419,-0.769,-0.769
4888.61,-80.0,956.0,-174.0,0.349,-0.629,-0.49
4888.79,-79.0,956.0,-179.0,0.419,-0.839,-0.419
4888.98,-82.0,957.0,-176.0,0.28,-0.839,-0.629
4889.16,-78.0,956.0,-174.0,0.419,-0.629,-0.56
4889.34,-79.0,958.0,-176.0,0.28,-0.769,-0.49
4889.52,-80.0,957.0,-174.0,0.56,-0.91,-0.56
4889.71,-81.0,958.0,-175.0,0.28,-0.629,-0.49
4889.89,-82.0,956.0,-176.0,0.49,-0.699,-0.629
4890.7,-80.0,957.0,-178.0,0.419,-0.769,-0.629
4890.25,-78.0,956.0,-174.0,0.629,-0.699,-0.56
4890.44,-81.0,958.0,-178.0,0.419,-0.769,-0.56
4890.62,-80.0,957.0,-176.0,0.419,-0.699,-0.419
4890.8,-80.0,956.0,-176.0,0.419,-0.699,-0.699
4890.98,-79.0,957.0,-176.0,0.629,-0.699,-0.419
4891.16,-81.0,959.0,-173.0,0.209,-0.699,-0.629
4891.35,-77.0,956.0,-179.0,0.629,-0.839,-0.56
4891.53,-81.0,957.0,-175.0,0.349,-0.699,-0.419
4891.71,-80.0,956.0,-179.0,0.629,-0.769,-0.629
4891.89,-82.0,956.0,-175.0,0.349,-0.699,-0.49
4892.8,-77.0,958.0,-179.0,0.769,-0.699,-0.699
4892.26,-81.0,956.0,-174.0,0.14,-0.839,-0.28
4892.44,-81.0,957.0,-179.0,0.629,-0.629,-0.629
4892.62,-81.0,957.0,-172.0,0.28,-0.699,-0.419
4892.81,-79.0,956.0,-180.0,0.56,-0.699,-0.839
4892.99,-78.0,957.0,-174.0,0.209,-0.839,-0.349
4893.17,-80.0,957.0,-178.0,0.56,-0.769,-0.56
4893.35,-86.0,958.0,-173.0,0.28,-0.699,-0.56
4893.53,-76.0,956.0,-179.0,0.49,-0.629,-0.769
4893.72,-79.0,957.0,-172.0,0.28,-0.91,-0.349
4893.9,-84.0,959.0,-175.0,0.349,-0.839,-0.629
4894.8,-78.0,955.0,-175.0,0.209,-0.629,-0.49
4894.26,-83.0,958.0,-178.0,0.419,-0.769,-0.56
4894.45,-79.0,956.0,-178.0,0.49,-0.769,-0.56
4894.63,-81.0,957.0,-176.0,0.56,-0.839,-0.629
4894.81,-81.0,957.0,-176.0,0.349,-0.699,-0.49
4894.99,-80.0,957.0,-178.0,0.419,-0.769,-0.56
4895.17,-80.0,955.0,-178.0,0.419,-0.699,-0.49
4895.36,-80.0,957.0,-176.0,0.419,-0.769,-0.629
4895.54,-81.0,954.0,-180.0,0.419,-0.629,-0.56
4895.72,-78.0,956.0,-177.0,0.28,-0.91,-0.419
4895.9,-78.0,956.0,-178.0,0.49,-0.699,-0.49
4896.9,-80.0,957.0,-178.0,0.49,-0.699,-0.419
4896.27,-83.0,957.0,-175.0,0.419,-0.839,-0.629
4896.45,-77.0,955.0,-177.0,0.419,-0.699,-0.49
4896.63,-82.0,957.0,-176.0,0.419,-0.769,-0.49
4896.82,-81.0,957.0,-178.0,0.349,-0.769,-0.699
4897.0,-79.0,956.0,-176.0,0.49,-0.839,-0.49
4897.18,-80.0,956.0,-176.0,0.28,-0.629,-0.49
4897.36,-81.0,957.0,-177.0,0.49,-0.91,-0.49
4897.54,-80.0,957.0,-176.0,0.28,-0.769,-0.49
4897.73,-80.0,958.0,-177.0,0.49,-0.769,-0.56
4897.91,-81.0,958.0,-176.0,0.349,-0.839,-0.56
4898.9,-80.0,956.0,-176.0,0.419,-0.629,-0.629
4898.27,-80.0,956.0,-180.0,0.419,-0.769,-0.629
4898.46,-80.0,956.0,-177.0,0.56,-0.839,-0.49
4898.64,-81.0,957.0,-177.0,0.419,-0.769,-0.56
4898.82,-81.0,956.0,-177.0,0.49,-0.839,-0.49
4899.0,-79.0,957.0,-177.0,0.49,-0.769,-0.56
4899.18,-81.0,956.0,-177.0,0.49,-0.769,-0.49
4899.37,-80.0,956.0,-175.0,0.419,-0.769,-0.49
4899.55,-79.0,957.0,-176.0,0.349,-0.629,-0.49
4899.73,-81.0,957.0,-176.0,0.49,-0.839,-0.56
4899.91,-80.0,956.0,-175.0,0.349,-0.699,-0.56
4900.1,-79.0,956.0,-178.0,0.49,-0.769,-0.49
4900.28,-81.0,957.0,-176.0,0.419,-0.769,-0.49
4900.46,-80.0,957.0,-178.0,0.419,-0.769,-0.56
4900.64,-79.0,958.0,-177.0,0.419,-0.839,-0.629
4900.83,-80.0,957.0,-175.0,0.419,-0.769,-0.419
4901.1,-80.0,957.0,-176.0,0.49,-0.699,-0.56
4901.19,-80.0,957.0,-175.0,0.419,-0.769,-0.56
4901.37,-80.0,957.0,-177.0,0.49,-0.699,-0.629
4901.55,-79.0,956.0,-176.0,0.349,-0.769,-0.56
4901.74,-80.0,957.0,-177.0,0.419,-0.769,-0.56
4901.92,-79.0,957.0,-177.0,0.56,-0.839,-0.49
4902.1,-82.0,956.0,-177.0,0.56,-0.629,-0.49
4902.28,-80.0,956.0,-177.0,0.419,-0.699,-0.629
4902.47,-80.0,956.0,-179.0,0.49,-0.769,-0.49
4902.65,-80.0,958.0,-173.0,0.419,-0.769,-0.56
4902.83,-79.0,956.0,-177.0,0.419,-0.629,-0.419
4903.1,-81.0,957.0,-174.0,0.349,-0.769,-0.629
4903.19,-79.0,957.0,-177.0,0.419,-0.699,-0.56
4903.38,-82.0,956.0,-175.0,0.419,-0.629,-0.56
4903.56,-78.0,958.0,-177.0,0.419,-0.769,-0.56
4903.74,-82.0,956.0,-176.0,0.419,-0.699,-0.49
4903.92,-80.0,957.0,-178.0,0.419,-0.769,-0.699
4904.11,-79.0,956.0,-178.0,0.419,-0.629,-0.49
4904.29,-81.0,958.0,-177.0,0.56,-0.839,-0.56
4904.47,-79.0,957.0,-176.0,0.349,-0.699,-0.56
4904.65,-81.0,957.0,-176.0,0.419,-0.769,-0.56
4904.83,-78.0,956.0,-177.0,0.49,-0.699,-0.49
4905.2,-81.0,956.0,-177.0,0.49,-0.699,-0.56
4905.2,-81.0,957.0,-177.0,0.419,-0.699,-0.56
4905.38,-81.0,955.0,-179.0,0.349,-0.699,-0.56
4905.56,-80.0,957.0,-177.0,0.56,-0.769,-0.56
4905.75,-80.0,956.0,-176.0,0.49,-0.699,-0.56
4905.93,-82.0,957.0,-178.0,0.419,-0.769,-0.629
4906.11,-78.0,956.0,-177.0,0.349,-0.699,-0.49
4906.29,-82.0,957.0,-178.0,0.419,-0.769,-0.49
4906.48,-79.0,957.0,-177.0,0.419,-0.769,-0.49
4906.66,-79.0,956.0,-177.0,0.49,-0.699,-0.49
4906.84,-80.0,956.0,-177.0,0.419,-0.769,-0.49
4907.2,-78.0,956.0,-176.0,0.349,-0.699,-0.56
4907.2,-82.0,957.0,-176.0,0.349,-0.769,-0.49
4907.39,-80.0,956.0,-177.0,0.419,-0.769,-0.49
4907.57,-80.0,957.0,-177.0,0.49,-0.699,-0.56
4907.75,-81.0,956.0,-175.0,0.349,-0.699,-0.56
4907.93,-82.0,957.0,-177.0,0.349,-0.699,-0.629
4908.12,-80.0,957.0,-178.0,0.349,-0.699,-0.49
4908.3,-80.0,956.0,-177.0,0.49,-0.699,-0.49
4908.48,-81.0,957.0,-176.0,0.419,-0.769,-0.56
4908.66,-80.0,957.0,-175.0,0.419,-0.699,-0.56
4908.85,-80.0,957.0,-177.0,0.209,-0.699,-0.49
4909.3,-81.0,958.0,-176.0,0.56,-0.769,-0.56
4909.21,-80.0,957.0,-175.0,0.419,-0.769,-0.629
4909.39,-79.0,957.0,-175.0,0.419,-0.699,-0.56
4909.57,-82.0,957.0,-175.0,0.419,-0.839,-0.49
4909.76,-80.0,958.0,-175.0,0.49,-0.769,-0.49
4909.94,-81.0,957.0,-175.0,0.419,-0.769,-0.56
4910.12,-79.0,958.0,-176.0,0.419,-0.699,-0.629
4910.3,-80.0,956.0,-175.0,0.419,-0.699,-0.629
4910.49,-80.0,957.0,-176.0,0.349,-0.699,-0.56
4910.67,-81.0,955.0,-174.0,0.49,-0.699,-0.49
4910.85,-81.0,958.0,-180.0,0.349,-0.629,-0.699
4911.3,-79.0,956.0,-172.0,0.28,-0.699,-0.419
4911.21,-81.0,958.0,-178.0,0.49,-0.629,-0.629
4911.4,-80.0,956.0,-173.0,0.349,-0.769,-0.349
4911.58,-81.0,957.0,-177.0,0.56,-0.699,-0.699
4911.76,-80.0,956.0,-174.0,0.419,-0.699,-0.49
4911.94,-79.0,957.0,-177.0,0.629,-0.769,-0.56
4912.13,-79.0,955.0,-175.0,0.349,-0.699,-0.49
4912.31,-81.0,957.0,-176.0,0.419,-0.699,-0.629
4912.49,-79.0,955.0,-176.0,0.419,-0.769,-0.49
4912.67,-81.0,957.0,-177.0,0.419,-0.699,-0.56
4912.85,-80.0,957.0,-175.0,0.349,-0.699,-0.56
4913.4,-81.0,957.0,-177.0,0.419,-0.699,-0.56
4913.22,-79.0,957.0,-176.0,0.419,-0.769,-0.49
4913.4,-80.0,957.0,-177.0,0.419,-0.769,-0.56
4913.58,-80.0,957.0,-176.0,0.419,-0.699,-0.56
4913.77,-80.0,956.0,-175.0,0.419,-0.699,-0.56
4913.95,-79.0,957.0,-177.0,0.419,-0.769,-0.629
4914.31,-81.0,957.0,-177.0,0.49,-0.769,-0.49
4914.5,-79.0,956.0,-175.0,0.419,-0.769,-0.56
4914.68,-80.0,957.0,-177.0,0.349,-0.699,-0.56
4914.86,-80.0,956.0,-176.0,0.419,-0.769,-0.56
4915.4,-81.0,958.0,-177.0,0.349,-0.699,-0.56
4915.22,-79.0,957.0,-175.0,0.419,-0.769,-0.629
4915.41,-81.0,957.0,-175.0,0.349,-0.699,-0.56
4915.59,-80.0,956.0,-175.0,0.419,-0.699,-0.49
4915.77,-80.0,956.0,-178.0,0.49,-0.769,-0.56
4915.95,-79.0,957.0,-174.0,0.49,-0.699,-0.49
4916.14,-81.0,957.0,-177.0,0.419,-0.769,-0.56
4916.32,-78.0,957.0,-175.0,0.49,-0.699,-0.49
4916.5,-81.0,957.0,-176.0,0.49,-0.699,-0.56
4916.68,-78.0,956.0,-175.0,0.419,-0.839,-0.49
4916.86,-80.0,957.0,-176.0,0.49,-0.699,-0.56
4917.5,-79.0,957.0,-175.0,0.419,-0.769,-0.419
4917.23,-81.0,957.0,-175.0,0.49,-0.699,-0.56
4917.41,-80.0,957.0,-176.0,0.28,-0.699,-0.56
4917.59,-81.0,957.0,-176.0,0.56,-0.699,-0.49
4917.78,-81.0,957.0,-175.0,0.349,-0.839,-0.49
4917.96,-79.0,958.0,-177.0,0.419,-0.49,-0.56
4918.14,-80.0,957.0,-175.0,0.49,-0.699,-0.419
4918.32,-80.0,957.0,-175.0,0.49,-0.699,-0.56
4918.51,-80.0,956.0,-177.0,0.419,-0.839,-0.49
4918.69,-80.0,956.0,-175.0,0.28,-0.699,-0.56
4918.87,-78.0,958.0,-178.0,0.419,-0.769,-0.56
4919.5,-80.0,956.0,-176.0,0.349,-0.769,-0.49
4919.23,-79.0,958.0,-176.0,0.419,-0.699,-0.56
4919.42,-78.0,957.0,-175.0,0.419,-0.699,-0.56
4919.6,-80.0,957.0,-176.0,0.49,-0.769,-0.56
4920.51,-81.0,958.0,-176.0,0.349,-0.769,-0.56
4920.69,-78.0,957.0,-175.0,0.349,-0.769,-0.56
4920.87,-82.0,958.0,-175.0,0.49,-0.629,-0.49
4921.6,-79.0,957.0,-175.0,0.419,-0.769,-0.56
4921.24,-78.0,956.0,-175.0,0.349,-0.629,-0.49
4921.42,-81.0,958.0,-175.0,0.349,-0.629,-0.56
4921.6,-79.0,957.0,-174.0,0.349,-0.769,-0.56
4921.79,-78.0,957.0,-175.0,0.49,-0.699,-0.419
4921.97,-81.0,958.0,-175.0,0.419,-0.769,-0.49
4922.15,-78.0,957.0,-175.0,0.419,-0.629,-0.56
4922.33,-80.0,957.0,-176.0,0.49,-0.699,-0.56
4922.52,-79.0,956.0,-176.0,0.349,-0.699,-0.56
4922.7,-80.0,956.0,-176.0,0.349,-0.769,-0.56
4922.88,-80.0,957.0,-176.0,0.349,-0.769,-0.56
4923.6,-80.0,957.0,-177.0,0.419,-0.769,-0.56
4923.24,-80.0,957.0,-175.0,0.419,-0.699,-0.56
4923.43,-81.0,957.0,-177.0,0.419,-0.699,-0.56
4923.61,-80.0,957.0,-175.0,0.419,-0.769,-0.56
4923.79,-80.0,956.0,-175.0,0.49,-0.769,-0.49
4923.97,-80.0,956.0,-176.0,0.419,-0.769,-0.56
4924.16,-78.0,955.0,-179.0,0.419,-0.699,-0.49
4924.34,-82.0,957.0,-175.0,0.28,-0.699,-0.56
4924.52,-80.0,957.0,-179.0,0.49,-0.699,-0.56
4924.7,-81.0,956.0,-175.0,0.419,-0.699,-0.49
4924.88,-80.0,956.0,-179.0,0.419,-0.769,-0.629
4925.7,-78.0,957.0,-173.0,0.349,-0.769,-0.49
4925.25,-81.0,957.0,-178.0,0.28,-0.629,-0.56
4925.43,-79.0,957.0,-175.0,0.49,-0.91,-0.49
4925.61,-80.0,957.0,-177.0,0.349,-0.699,-0.56
4925.8,-79.0,957.0,-173.0,0.419,-0.769,-0.49
4925.98,-81.0,958.0,-177.0,0.419,-0.699,-0.699
4926.16,-78.0,957.0,-174.0,0.349,-0.769,-0.49
4926.34,-81.0,956.0,-177.0,0.419,-0.699,-0.629
4926.53,-79.0,956.0,-174.0,0.349,-0.769,-0.49
4926.71,-80.0,957.0,-178.0,0.349,-0.769,-0.56
4926.89,-78.0,957.0,-175.0,0.49,-0.699,-0.56
4927.7,-79.0,956.0,-176.0,0.49,-0.769,-0.49
4927.25,-79.0,957.0,-175.0,0.419,-0.699,-0.56
4927.44,-80.0,957.0,-176.0,0.419,-0.769,-0.56
4927.62,-80.0,958.0,-176.0,0.419,-0.769,-0.56
4927.8,-80.0,957.0,-177.0,0.49,-0.629,-0.56
4927.98,-81.0,957.0,-177.0,0.419,-0.699,-0.49
4928.17,-79.0,958.0,-175.0,0.419,-0.699,-0.629
4928.35,-81.0,957.0,-177.0,0.419,-0.699,-0.419
4928.53,-79.0,957.0,-176.0,0.49,-0.769,-0.56
4928.71,-79.0,957.0,-176.0,0.56,-0.839,-0.49
4928.89,-81.0,958.0,-175.0,0.349,-0.699,-0.56
4929.8,-79.0,958.0,-176.0,0.419,-0.699,-0.56
4929.26,-80.0,957.0,-176.0,0.349,-0.769,-0.56
4929.44,-80.0,957.0,-175.0,0.49,-0.769,-0.49
4929.62,-80.0,956.0,-176.0,0.349,-0.769,-0.56
4929.81,-79.0,958.0,-174.0,0.629,-0.91,-0.629
4929.99,-78.0,957.0,-174.0,0.209,-0.629,-0.49
4930.17,-81.0,957.0,-178.0,0.49,-0.769,-0.56
4930.35,-80.0,957.0,-175.0,0.49,-0.769,-0.49
4930.53,-80.0,956.0,-175.0,0.349,-0.699,-0.56
4930.72,-81.0,957.0,-177.0,0.349,-0.839,-0.56
4930.9,-81.0,957.0,-175.0,0.349,-0.699,-0.419
4931.8,-80.0,956.0,-178.0,0.56,-0.769,-0.629
4931.26,-81.0,959.0,-178.0,-0.07,-0.769,-0.629
4931.45,-78.0,954.0,-174.0,0.98,-0.629,-0.419
4931.63,-84.0,957.0,-178.0,0.349,-0.699,-0.629
4931.81,-78.0,957.0,-176.0,0.349,-0.769,-0.56
4931.99,-81.0,955.0,-175.0,0.699,-0.49,-0.49
4932.17,-80.0,958.0,-174.0,0.349,-0.839,-0.699
4932.36,-78.0,957.0,-176.0,0.49,-0.629,-0.419
4932.54,-80.0,957.0,-174.0,0.419,-0.699,-0.49
4932.72,-80.0,958.0,-175.0,0.419,-0.699,-0.699
4932.9,-78.0,958.0,-174.0,0.56,-0.699,-0.56
4933.9,-80.0,958.0,-176.0,0.349,-0.699,-0.56
4933.27,-79.0,956.0,-175.0,0.49,-0.699,-0.56
4933.45,-80.0,958.0,-177.0,0.56,-0.769,-0.56
4933.63,-81.0,955.0,-176.0,0.419,-0.699,-0.56
4933.82,-80.0,957.0,-178.0,0.629,-0.769,-0.629
4934.0,-79.0,957.0,-175.0,0.349,-0.629,-0.49
4934.18,-79.0,956.0,-178.0,0.56,-0.699,-0.769
4934.36,-79.0,957.0,-175.0,0.349,-0.769,-0.419
4934.54,-79.0,957.0,-177.0,0.419,-0.769,-0.699
4934.73,-80.0,957.0,-174.0,0.28,-0.629,-0.56
4934.91,-82.0,957.0,-177.0,0.49,-0.769,-0.629
4935.9,-79.0,956.0,-175.0,0.419,-0.769,-0.49
4935.27,-81.0,957.0,-176.0,0.419,-0.769,-0.49
4935.46,-79.0,957.0,-173.0,0.49,-0.839,-0.56
4935.64,-81.0,957.0,-176.0,0.49,-0.769,-0.629
4935.82,-80.0,957.0,-175.0,0.49,-0.839,-0.56
4936.0,-81.0,957.0,-176.0,0.28,-0.769,-0.56
4936.19,-78.0,955.0,-177.0,0.49,-0.769,-0.56
4937.28,-78.0,957.0,-177.0,0.49,-0.839,-0.56
4937.46,-82.0,958.0,-176.0,0.349,-0.769,-0.49
4937.64,-79.0,956.0,-178.0,0.49,-0.839,-0.629
4937.83,-80.0,955.0,-178.0,0.419,-0.699,-0.349
4938.1,-79.0,957.0,-176.0,0.49,-0.769,-0.56
4938.19,-83.0,958.0,-177.0,0.28,-0.629,-0.49
4938.37,-80.0,956.0,-177.0,0.49,-0.699,-0.629
4938.55,-81.0,956.0,-176.0,0.49,-0.769,-0.49
4938.74,-81.0,957.0,-176.0,0.28,-0.839,-0.56
4938.92,-80.0,957.0,-175.0,0.349,-0.699,-0.419
4939.1,-79.0,956.0,-178.0,0.56,-0.699,-0.629
4939.28,-80.0,956.0,-176.0,0.419,-0.769,-0.49
4939.47,-80.0,957.0,-177.0,0.49,-0.769,-0.56
4939.65,-81.0,958.0,-177.0,0.419,-0.699,-0.49
4939.83,-81.0,956.0,-178.0,0.49,-0.699,-0.56
4940.1,-80.0,957.0,-176.0,0.419,-0.769,-0.629
4940.2,-79.0,956.0,-180.0,0.419,-0.699,-0.56
4940.38,-80.0,957.0,-179.0,0.49,-0.91,-0.49
4940.56,-81.0,957.0,-177.0,0.49,-0.769,-0.629
4940.74,-82.0,958.0,-177.0,0.349,-0.49,-0.699
4940.92,-79.0,957.0,-180.0,0.49,-0.699,-0.629
4941.11,-78.0,956.0,-176.0,0.49,-0.98,-0.419
4941.29,-81.0,958.0,-176.0,0.49,-0.769,-0.419
4941.47,-82.0,958.0,-176.0,0.28,-0.56,-0.629
4941.65,-78.0,955.0,-182.0,0.629,-0.629,-0.699
4941.84,-77.0,956.0,-177.0,0.49,-0.839,-0.349
4942.2,-82.0,956.0,-177.0,0.419,-0.839,-0.56
4942.2,-79.0,957.0,-177.0,0.349,-0.839,-0.349
4942.38,-81.0,957.0,-177.0,0.349,-0.699,-0.56
4942.57,-81.0,956.0,-180.0,0.349,-0.49,-0.49
4942.75,-80.0,956.0,-177.0,0.56,-0.91,-0.629
4942.93,-80.0,956.0,-176.0,0.349,-0.769,-0.49
4943.11,-80.0,956.0,-178.0,0.419,-0.699,-0.629
4943.29,-83.0,957.0,-177.0,0.28,-0.699,-0.56
4943.48,-79.0,956.0,-177.0,0.419,-0.699,-0.56
4943.66,-81.0,956.0,-178.0,0.419,-0.699,-0.49
4943.84,-79.0,958.0,-177.0,0.49,-0.769,-0.49
4944.2,-80.0,957.0,-177.0,0.349,-0.699,-0.419
4944.21,-81.0,957.0,-178.0,0.349,-0.629,-0.56
4944.39,-78.0,957.0,-179.0,0.349,-0.839,-0.56
4944.57,-80.0,957.0,-177.0,0.49,-0.629,-0.56
4944.75,-79.0,956.0,-178.0,0.49,-0.769,-0.629
4944.93,-79.0,956.0,-178.0,0.419,-0.839,-0.419
4945.12,-79.0,956.0,-176.0,0.349,-0.699,-0.629
4945.3,-80.0,957.0,-178.0,0.349,-0.629,-0.629
4945.48,-78.0,957.0,-176.0,0.49,-0.699,-0.56
4946.39,-82.0,957.0,-178.0,0.49,-0.699,-0.699
4946.58,-78.0,955.0,-177.0,0.349,-0.839,-0.56
4946.76,-80.0,957.0,-176.0,0.419,-0.769,-0.56
4946.94,-80.0,957.0,-177.0,0.49,-0.769,-0.629
4947.12,-78.0,957.0,-176.0,0.349,-0.699,-0.629
4947.3,-79.0,957.0,-178.0,0.49,-0.769,-0.56
4947.49,-81.0,957.0,-177.0,0.419,-0.769,-0.56
4947.67,-80.0,958.0,-177.0,0.419,-0.699,-0.56
4947.85,-81.0,958.0,-178.0,0.419,-0.839,-0.629
4948.3,-79.0,957.0,-178.0,0.49,-0.699,-0.56
4948.22,-80.0,957.0,-179.0,0.419,-0.699,-0.419
4948.4,-81.0,957.0,-180.0,0.419,-0.769,-0.56
4948.58,-79.0,956.0,-177.0,0.49,-0.839,-0.56
4948.76,-80.0,958.0,-176.0,0.419,-0.699,-0.56
4948.94,-80.0,956.0,-175.0,0.419,-0.769,-0.56
4949.13,-78.0,957.0,-175.0,0.49,-0.769,-0.56
4949.31,-80.0,958.0,-174.0,0.419,-0.629,-0.419
4949.49,-80.0,958.0,-176.0,0.419,-0.839,-0.629
4949.67,-79.0,957.0,-176.0,0.49,-0.769,-0.56
4949.86,-80.0,958.0,-174.0,0.49,-0.629,-0.56
4950.4,-79.0,956.0,-175.0,0.419,-0.699,-0.56
4950.22,-80.0,957.0,-176.0,0.49,-0.769,-0.629
4950.4,-78.0,957.0,-175.0,0.349,-0.629,-0.49
4950.59,-81.0,957.0,-176.0,0.56,-0.769,-0.49
4950.77,-79.0,956.0,-176.0,0.28,-0.769,-0.49
4950.95,-80.0,957.0,-177.0,0.419,-0.769,-0.49
4951.13,-82.0,956.0,-175.0,0.419,-0.839,-0.629
4951.31,-78.0,957.0,-177.0,0.419,-0.769,-0.629
4951.5,-78.0,957.0,-176.0,0.419,-0.629,-0.49
4951.68,-81.0,958.0,-177.0,0.419,-0.699,-0.629
4951.86,-79.0,956.0,-175.0,0.349,-0.839,-0.56
4952.4,-80.0,957.0,-178.0,0.56,-0.629,-0.56
4952.23,-80.0,957.0,-176.0,0.349,-0.769,-0.49
4952.41,-79.0,957.0,-178.0,0.419,-0.769,-0.56
4952.59,-79.0,957.0,-178.0,0.419,-0.769,-0.49
4952.77,-81.0,957.0,-177.0,0.49,-0.699,-0.629
4952.95,-80.0,956.0,-176.0,0.419,-0.769,-0.49
4953.14,-80.0,957.0,-176.0,0.349,-0.699,-0.56
4953.32,-81.0,956.0,-179.0,0.419,-0.769,-0.56
4953.5,-80.0,958.0,-177.0,0.419,-0.769,-0.49
4953.68,-82.0,957.0,-177.0,0.49,-0.769,-0.49
4953.87,-81.0,957.0,-177.0,0.419,-0.769,-0.629
4954.5,-79.0,958.0,-176.0,0.419,-0.839,-0.629
4954.23,-80.0,957.0,-177.0,0.349,-0.629,-0.56
4954.41,-79.0,956.0,-178.0,0.349,-0.839,-0.629
4954.6,-80.0,957.0,-177.0,0.419,-0.769,-0.49
4954.78,-80.0,957.0,-177.0,0.49,-0.769,-0.56
4954.96,-80.0,957.0,-175.0,0.349,-0.769,-0.49
4955.14,-80.0,958.0,-176.0,0.419,-0.769,-0.56
4955.32,-80.0,957.0,-178.0,0.419,-0.769,-0.56
4955.51,-80.0,958.0,-178.0,0.419,-0.699,-0.49
4955.69,-79.0,956.0,-176.0,0.349,-0.769,-0.56
4955.87,-81.0,957.0,-177.0,0.419,-0.629,-0.56
4956.5,-79.0,957.0,-177.0,0.49,-0.769,-0.56
4956.24,-80.0,957.0,-176.0,0.28,-0.769,-0.56
4956.42,-82.0,957.0,-176.0,0.49,-0.769,-0.629
4956.6,-77.0,957.0,-178.0,0.419,-0.769,-0.629
4956.78,-80.0,958.0,-174.0,0.49,-0.629,-0.49
4956.97,-81.0,956.0,-178.0,0.419,-0.839,-0.56
4957.15,-78.0,956.0,-178.0,0.49,-0.699,-0.419
4957.33,-82.0,956.0,-178.0,0.349,-0.769,-0.56
4957.51,-79.0,956.0,-178.0,0.49,-0.769,-0.56
4957.69,-81.0,957.0,-178.0,0.49,-0.699,-0.49
4957.88,-80.0,957.0,-179.0,0.419,-0.769,-0.629
4958.6,-79.0,958.0,-178.0,0.49,-0.769,-0.49
4958.24,-80.0,957.0,-180.0,0.419,-0.699,-0.49
4958.42,-81.0,958.0,-177.0,0.349,-0.839,-0.56
4958.61,-80.0,956.0,-177.0,0.419,-0.769,-0.49
4958.79,-81.0,958.0,-179.0,0.419,-0.839,-0.49
4958.97,-81.0,957.0,-178.0,0.419,-0.769,-0.629
4959.15,-80.0,958.0,-176.0,0.49,-0.699,-0.56
4959.33,-81.0,956.0,-178.0,0.419,-0.769,-0.56
4959.52,-80.0,956.0,-178.0,0.56,-0.769,-0.49
4959.7,-80.0,957.0,-176.0,0.349,-0.839,-0.49
4959.88,-80.0,958.0,-178.0,0.49,-0.769,-0.49
4960.6,-79.0,956.0,-180.0,0.349,-0.769,-0.419
4960.25,-80.0,956.0,-176.0,0.49,-0.769,-0.49
4960.43,-80.0,957.0,-179.0,0.419,-0.769,-0.56
4960.61,-78.0,955.0,-176.0,0.349,-0.699,-0.49
4960.79,-81.0,958.0,-178.0,0.419,-0.699,-0.56
4960.98,-80.0,957.0,-176.0,0.349,-0.769,-0.629
4961.16,-78.0,957.0,-177.0,0.49,-0.699,-0.49
4961.34,-82.0,957.0,-176.0,0.419,-0.769,-0.419
4961.52,-80.0,958.0,-176.0,0.419,-0.769,-0.629
4961.7,-81.0,957.0,-176.0,0.49,-0.769,-0.49
4961.89,-78.0,956.0,-176.0,0.28,-0.699,-0.56
4962.7,-82.0,958.0,-178.0,0.629,-0.839,-0.56
4962.25,-77.0,958.0,-171.0,0.419,-0.769,-0.699
4962.43,-85.0,958.0,-179.0,0.14,-0.769,-0.56
4962.62,-83.0,952.0,-179.0,0.629,-0.839,-0.839
4962.8,-74.0,958.0,-178.0,0.28,-0.839,-0.49
4962.98,-83.0,956.0,-180.0,0.769,-0.56,-0.419
4963.16,-78.0,956.0,-175.0,0.209,-0.98,-0.629
4963.34,-82.0,957.0,-180.0,0.49,-0.56,-0.56
4963.53,-78.0,956.0,-177.0,0.49,-0.839,-0.629
4963.71,-81.0,956.0,-179.0,0.419,-0.839,-0.56
4963.89,-82.0,957.0,-174.0,0.419,-0.769,-0.49
4964.7,-82.0,956.0,-181.0,0.56,-0.629,-0.699
4964.26,-77.0,956.0,-177.0,0.56,-0.769,-0.56
4964.44,-83.0,957.0,-179.0,0.349,-0.629,-0.699
4964.62,-75.0,957.0,-174.0,0.629,-0.839,-0.49
4964.8,-80.0,958.0,-177.0,0.349,-0.629,-0.699
4964.99,-80.0,957.0,-178.0,0.209,-0.629,-0.419
4965.17,-81.0,956.0,-176.0,0.629,-0.839,-0.49
4965.35,-76.0,957.0,-174.0,0.209,-0.91,-0.49
4965.53,-81.0,957.0,-177.0,0.14,-0.56,-0.56
4965.71,-80.0,958.0,-181.0,0.56,-0.769,-0.699
4965.9,-81.0,956.0,-171.0,0.49,-0.839,-0.419
4966.8,-79.0,956.0,-179.0,0.07,-0.49,-0.769
4966.26,-81.0,958.0,-172.0,0.49,-0.699,-0.349
4966.63,-78.0,958.0,-172.0,0.349,-0.699,-0.419
4966.81,-84.0,958.0,-178.0,0.419,-0.699,-0.629
4966.99,-77.0,955.0,-176.0,0.349,-0.839,-0.49
4967.17,-81.0,959.0,-176.0,0.56,-0.699,-0.56
4967.36,-77.0,955.0,-177.0,0.56,-0.769,-0.629
4967.54,-77.0,954.0,-179.0,0.49,-0.769,-0.349
4967.72,-86.0,958.0,-176.0,0.419,-0.839,-0.629
4967.9,-77.0,952.0,-178.0,0.419,-0.769,-0.629
4968.8,-80.0,957.0,-177.0,0.28,-0.699,-0.49
4968.27,-81.0,956.0,-177.0,0.49,-0.699,-0.49
4968.45,-80.0,955.0,-177.0,0.209,-0.769,-0.699
4968.63,-79.0,956.0,-177.0,0.349,-0.629,-0.419
4971.0,-81.0,959.0,-176.0,0.419,-0.769,-0.56
4971.18,-82.0,955.0,-176.0,0.56,-0.699,-0.56
4971.37,-83.0,958.0,-177.0,0.419,-0.91,-0.91
4971.55,-79.0,955.0,-174.0,0.769,-0.629,-0.349
4971.73,-86.0,959.0,-174.0,0.07,-0.839,-0.629
4971.91,-76.0,956.0,-177.0,0.699,-0.769,-0.49
4972.9,-83.0,957.0,-174.0,0.349,-0.769,-0.49
4972.28,-79.0,958.0,-176.0,0.419,-0.629,-0.56
4972.46,-79.0,957.0,-174.0,0.419,-0.769,-0.49
4972.64,-82.0,955.0,-176.0,0.56,-0.769,-0.629
4972.82,-80.0,957.0,-173.0,0.28,-0.839,-0.49
4973.1,-82.0,957.0,-176.0,0.56,-0.629,-0.629
4973.19,-78.0,956.0,-173.0,0.419,-0.839,-0.56
4973.37,-83.0,957.0,-177.0,0.49,-0.629,-0.629
4973.55,-78.0,956.0,-175.0,0.419,-0.769,-0.49
4973.73,-81.0,957.0,-176.0,0.349,-0.699,-0.56
4973.92,-78.0,957.0,-179.0,0.56,-0.769,-0.56
4974.65,-81.0,957.0,-178.0,0.49,-0.699,-0.56
4974.83,-80.0,957.0,-174.0,0.419,-0.839,-0.56
4975.1,-80.0,957.0,-177.0,0.419,-0.629,-0.629
4975.19,-81.0,957.0,-174.0,0.349,-0.769,-0.49
4975.38,-81.0,957.0,-177.0,0.56,-0.699,-0.56
4975.56,-80.0,956.0,-176.0,0.419,-0.769,-0.56
4975.74,-82.0,958.0,-177.0,0.419,-0.699,-0.629
4975.92,-79.0,956.0,-177.0,0.49,-0.699,-0.419
4976.1,-82.0,957.0,-175.0,0.349,-0.699,-0.56
4976.29,-80.0,958.0,-173.0,0.419,-0.699,-0.629
4976.47,-81.0,957.0,-174.0,0.349,-0.699,-0.419
4980.11,-78.0,956.0,-175.0,0.28,-0.769,-0.56
4980.3,-78.0,956.0,-175.0,0.49,-0.56,-0.49
4980.48,-82.0,958.0,-174.0,0.28,-0.699,-0.629
4980.66,-77.0,957.0,-175.0,0.49,-0.839,-0.629
4980.84,-81.0,957.0,-174.0,0.349,-0.769,-0.49
4981.3,-80.0,956.0,-176.0,0.49,-0.699,-0.56
4981.21,-81.0,957.0,-177.0,0.349,-0.699,-0.56
4981.39,-78.0,956.0,-179.0,0.56,-0.629,-0.56
4981.57,-83.0,955.0,-180.0,0.629,-0.629,-0.419
4981.75,-82.0,958.0,-176.0,0.419,-0.839,-0.629
4981.94,-77.0,955.0,-180.0,0.419,-0.629,-0.56
4982.12,-83.0,958.0,-177.0,0.349,-0.769,-0.56
4982.3,-79.0,958.0,-177.0,0.419,-0.839,-0.699
4982.48,-80.0,956.0,-176.0,0.28,-0.769,-0.419
4982.67,-81.0,958.0,-176.0,0.419,-0.769,-0.629
4982.85,-72.0,954.0,-179.0,0.28,-0.629,-0.49
4983.3,-85.0,958.0,-175.0,0.56,-0.699,-0.49
4983.21,-78.0,955.0,-180.0,0.419,-0.699,-0.699
4983.4,-80.0,956.0,-174.0,0.349,-0.699,-0.49
4983.58,-82.0,957.0,-178.0,0.419,-0.699,-0.769
4983.76,-78.0,956.0,-175.0,0.349,-0.769,-0.49
4983.94,-82.0,956.0,-177.0,0.419,-0.699,-0.629
4984.12,-80.0,957.0,-176.0,0.209,-0.769,-0.56
4984.31,-79.0,957.0,-178.0,0.49,-0.699,-0.629
4984.49,-80.0,957.0,-175.0,0.349,-0.769,-0.49
4984.67,-80.0,957.0,-176.0,0.349,-0.699,-0.56
4984.85,-79.0,957.0,-177.0,0.419,-0.839,-0.56
4989.23,-78.0,958.0,-177.0,0.49,-0.699,-0.49
4989.41,-85.0,956.0,-177.0,0.419,-0.91,-0.56
4989.59,-81.0,957.0,-175.0,0.349,-0.699,-0.699
4989.77,-78.0,956.0,-177.0,0.419,-0.699,-0.49
4989.96,-82.0,958.0,-175.0,0.28,-0.769,-0.56
4990.14,-80.0,956.0,-174.0,0.49,-0.699,-0.56
4990.32,-81.0,960.0,-175.0,0.28,-0.839,-0.629
4990.5,-79.0,956.0,-176.0,0.56,-0.699,-0.419
4990.69,-83.0,958.0,-175.0,0.349,-0.91,-0.699
4990.87,-77.0,956.0,-177.0,0.629,-0.629,-0.419
4991.5,-84.0,958.0,-176.0,0.349,-0.769,-0.629
4991.23,-78.0,956.0,-177.0,0.419,-0.699,-0.56
4991.41,-81.0,958.0,-176.0,0.349,-0.699,-0.49
4991.6,-80.0,957.0,-177.0,0.349,-0.699,-0.629
4991.78,-80.0,956.0,-177.0,0.419,-0.699,-0.49
4991.96,-81.0,957.0,-176.0,0.419,-0.769,-0.49
4992.14,-80.0,958.0,-176.0,0.49,-0.769,-0.56
4992.33,-80.0,956.0,-177.0,0.419,-0.699,-0.49
4992.51,-80.0,957.0,-177.0,0.49,-0.769,-0.56
4992.69,-80.0,957.0,-176.0,0.419,-0.699,-0.56
4992.87,-81.0,957.0,-177.0,0.419,-0.699,-0.49
4993.6,-79.0,956.0,-177.0,0.419,-0.629,-0.49
4993.24,-80.0,958.0,-176.0,0.419,-0.629,-0.56
4993.42,-80.0,957.0,-175.0,0.419,-0.769,-0.49
4993.6,-80.0,958.0,-176.0,0.419,-0.769,-0.49
4993.78,-79.0,958.0,-176.0,0.419,-0.769,-0.49
4993.97,-81.0,957.0,-176.0,0.56,-0.699,-0.419
4994.15,-80.0,957.0,-176.0,0.419,-0.839,-0.56
4994.33,-80.0,957.0,-177.0,0.419,-0.699,-0.49
4994.51,-81.0,957.0,-177.0,0.419,-0.769,-0.49
4994.7,-80.0,957.0,-174.0,0.419,-0.699,-0.56
4994.88,-80.0,957.0,-176.0,0.349,-0.699,-0.56
4995.6,-80.0,958.0,-175.0,0.419,-0.839,-0.56
4995.24,-80.0,957.0,-176.0,0.349,-0.769,-0.49
4995.42,-81.0,958.0,-174.0,0.349,-0.769,-0.49
4995.61,-81.0,957.0,-176.0,0.349,-0.699,-0.56
4995.79,-80.0,958.0,-175.0,0.49,-0.769,-0.49
4995.97,-81.0,957.0,-176.0,0.419,-0.699,-0.56
4996.15,-80.0,958.0,-175.0,0.419,-0.769,-0.49
4996.34,-80.0,957.0,-176.0,0.419,-0.769,-0.49
4996.52,-81.0,957.0,-175.0,0.349,-0.699,-0.56
4996.7,-80.0,957.0,-175.0,0.419,-0.699,-0.49
4996.88,-81.0,958.0,-175.0,0.419,-0.699,-0.56
4997.7,-80.0,957.0,-176.0,0.419,-0.769,-0.49
4997.25,-81.0,958.0,-174.0,0.419,-0.769,-0.56
4997.43,-80.0,956.0,-175.0,0.349,-0.699,-0.49
4997.61,-81.0,956.0,-176.0,0.419,-0.699,-0.49
4997.79,-80.0,957.0,-175.0,0.49,-0.769,-0.699
4997.98,-79.0,958.0,-175.0,0.49,-0.699,-0.56
4998.16,-81.0,958.0,-175.0,0.419,-0.699,-0.56
4998.34,-79.0,958.0,-176.0,0.419,-0.699,-0.56
4998.52,-80.0,957.0,-175.0,0.349,-0.839,-0.56
4998.71,-79.0,957.0,-176.0,0.419,-0.699,-0.56
4998.89,-80.0,957.0,-175.0,0.349,-0.699,-0.56
4999.7,-80.0,956.0,-176.0,0.49,-0.699,-0.56
4999.25,-79.0,956.0,-176.0,0.419,-0.91,-0.56
4999.43,-81.0,957.0,-176.0,0.49,-0.769,-0.49
4999.62,-82.0,958.0,-177.0,0.419,-0.839,-0.629
4999.8,-81.0,955.0,-176.0,0.49,-0.699,-0.56
4999.98,-80.0,957.0,-177.0,0.49,-0.769,-0.56
5000.16,-80.0,956.0,-177.0,0.419,-0.699,-0.49
5000.35,-80.0,957.0,-178.0,0.419,-0.769,-0.56
5000.53,-79.0,957.0,-177.0,0.419,-0.629,-0.49
5000.71,-81.0,957.0,-176.0,0.419,-0.699,-0.49
5000.89,-79.0,956.0,-177.0,0.49,-0.699,-0.56
5001.8,-79.0,956.0,-176.0,0.419,-0.769,-0.56
5001.26,-80.0,957.0,-177.0,0.419,-0.699,-0.49
5001.44,-81.0,957.0,-176.0,0.419,-0.769,-0.629
5001.62,-79.0,956.0,-177.0,0.49,-0.769,-0.49
5001.8,-82.0,958.0,-177.0,0.49,-0.699,-0.49
5001.99,-77.0,956.0,-176.0,0.419,-0.699,-0.49
5002.17,-81.0,958.0,-177.0,0.419,-0.699,-0.56
5002.35,-77.0,956.0,-178.0,0.419,-0.699,-0.56
5002.53,-81.0,957.0,-176.0,0.419,-0.699,-0.56
5002.72,-79.0,957.0,-177.0,0.349,-0.769,-0.56
5002.9,-81.0,958.0,-176.0,0.419,-0.769,-0.49
5003.8,-81.0,957.0,-175.0,0.419,-0.769,-0.56
5003.26,-81.0,958.0,-175.0,0.419,-0.699,-0.56
5003.44,-79.0,958.0,-175.0,0.56,-0.769,-0.56
5003.63,-81.0,957.0,-176.0,0.49,-0.699,-0.56
5003.81,-81.0,957.0,-176.0,0.49,-0.699,-0.56
5003.99,-79.0,957.0,-176.0,0.49,-0.769,-0.49
5004.17,-78.0,959.0,-174.0,0.56,-0.629,-0.49
5004.36,-80.0,954.0,-177.0,0.419,-0.769,-0.56
5004.54,-80.0,958.0,-175.0,0.49,-0.699,-0.56
5004.72,-79.0,958.0,-177.0,0.349,-0.769,-0.56
5004.9,-79.0,956.0,-175.0,0.419,-0.699,-0.49
5005.9,-80.0,958.0,-175.0,0.28,-0.839,-0.56
5005.27,-79.0,956.0,-176.0,0.349,-0.699,-0.419
5005.45,-81.0,958.0,-176.0,0.419,-0.769,-0.56
5005.63,-78.0,957.0,-176.0,0.349,-0.699,-0.56
5005.81,-80.0,956.0,-177.0,0.49,-0.769,-0.56
5006.0,-79.0,957.0,-176.0,0.419,-0.699,-0.56
5006.18,-81.0,956.0,-178.0,0.419,-0.699,-0.419
5006.36,-78.0,957.0,-177.0,0.419,-0.839,-0.699
5006.54,-79.0,956.0,-177.0,0.49,-0.699,-0.49
5006.73,-80.0,957.0,-176.0,0.419,-0.839,-0.629
5006.91,-80.0,957.0,-176.0,0.349,-0.699,-0.56
5007.9,-79.0,956.0,-177.0,0.49,-0.699,-0.49
5007.27,-81.0,958.0,-176.0,0.349,-0.91,-0.56
5007.46,-79.0,956.0,-177.0,0.56,-0.699,-0.49
5007.64,-81.0,956.0,-177.0,0.419,-0.839,-0.56
5007.82,-78.0,956.0,-177.0,0.349,-0.769,-0.56
5008.0,-82.0,956.0,-177.0,0.419,-0.769,-0.49
5008.18,-79.0,957.0,-177.0,0.349,-0.769,-0.56
5008.37,-82.0,957.0,-176.0,0.419,-0.769,-0.56
5008.55,-78.0,956.0,-177.0,0.419,-0.769,-0.56
5008.73,-82.0,957.0,-177.0,0.49,-0.699,-0.56
5008.91,-78.0,957.0,-177.0,0.349,-0.839,-0.56
5009.1,-81.0,957.0,-178.0,0.56,-0.699,-0.49
5009.28,-79.0,956.0,-178.0,0.419,-0.839,-0.629
5009.46,-81.0,957.0,-177.0,0.419,-0.699,-0.56
5009.64,-81.0,958.0,-178.0,0.349,-0.839,-0.629
5009.82,-80.0,958.0,-178.0,0.28,-0.629,-0.56
5010.1,-83.0,958.0,-178.0,0.49,-0.699,-0.49
5010.19,-79.0,959.0,-176.0,0.349,-0.839,-0.769
5010.37,-79.0,956.0,-178.0,0.56,-0.699,-0.419
5010.55,-82.0,959.0,-175.0,0.419,-0.839,-0.699
5010.74,-81.0,957.0,-177.0,0.419,-0.699,-0.56
5010.92,-81.0,956.0,-177.0,0.49,-0.699,-0.56
5011.1,-84.0,959.0,-176.0,0.49,-0.699,-0.629
5011.28,-80.0,956.0,-176.0,0.49,-0.769,-0.699
5011.47,-81.0,957.0,-177.0,0.349,-0.699,-0.56
5011.65,-80.0,956.0,-179.0,0.419,-0.699,-0.49
5011.83,-79.0,957.0,-178.0,0.349,-0.769,-0.629
5012.1,-79.0,956.0,-177.0,0.49,-0.56,-0.419
5012.19,-84.0,959.0,-180.0,0.49,-0.769,-0.629
5012.38,-78.0,955.0,-177.0,0.49,-0.839,-0.49
5012.56,-83.0,958.0,-176.0,0.49,-0.699,-0.49
5012.74,-80.0,957.0,-178.0,0.349,-0.699,-0.56
5012.92,-79.0,956.0,-178.0,0.49,-0.769,-0.629
5013.11,-81.0,958.0,-178.0,0.49,-0.699,-0.49
5013.29,-78.0,955.0,-178.0,0.14,-0.769,-0.629
5013.47,-82.0,958.0,-176.0,0.419,-0.769,-0.49
5013.65,-78.0,959.0,-174.0,0.14,-0.769,-0.56
5013.84,-80.0,957.0,-176.0,0.349,-0.629,-0.349
5014.2,-80.0,957.0,-177.0,0.28,-0.91,-0.629
5014.2,-78.0,954.0,-179.0,0.56,-0.56,-0.349
5014.38,-86.0,957.0,-180.0,0.56,-1.12,-0.629
5014.56,-75.0,952.0,-183.0,0.629,-0.699,-0.349
5014.75,-84.0,957.0,-178.0,0.349,-0.91,-0.629
5014.93,-76.0,954.0,-178.0,0.349,-0.56,-0.419
5015.11,-84.0,959.0,-175.0,0.209,-0.629,-0.56
5015.29,-82.0,957.0,-175.0,0.349,-0.56,-0.56
5015.48,-77.0,961.0,-170.0,0.07,-0.839,-0.769
5015.66,-83.0,958.0,-175.0,0.699,-0.56,-0.28
5015.84,-79.0,959.0,-172.0,0.349,-1.19,-0.91
5016.2,-75.0,957.0,-177.0,0.699,-0.699,-0.349
5016.2,-80.0,955.0,-177.0,0.56,-0.839,-0.419
5016.39,-79.0,957.0,-177.0,0.419,-0.839,-0.49
5016.57,-77.0,954.0,-178.0,0.349,-0.56,-0.349
5016.75,-85.0,956.0,-179.0,0.28,-0.699,-0.56
5016.93,-79.0,955.0,-177.0,0.209,-0.56,-0.56
5017.12,-86.0,959.0,-177.0,0.209,-0.839,-0.769
5017.3,-71.0,954.0,-176.0,0.49,-0.769,-0.49
5017.48,-82.0,959.0,-173.0,0.209,-0.91,-0.49
5017.66,-72.0,957.0,-176.0,0.349,-0.699,-0.209
5017.85,-85.0,956.0,-176.0,0.629,-0.839,-0.349
5018.3,-78.0,959.0,-176.0,0.49,-0.91,-0.629
5018.21,-75.0,952.0,-180.0,0.56,-0.419,-0.28
5018.39,-84.0,954.0,-180.0,0.49,-0.769,-0.56
5018.57,-74.0,954.0,-177.0,0.14,-0.769,-0.56
5018.76,-84.0,953.0,-182.0,0.629,-0.629,-0.419
5018.94,-75.0,955.0,-179.0,0.07,-1.049,-0.839
5019.12,-79.0,956.0,-175.0,0.419,-0.56,-0.349
5019.3,-85.0,953.0,-181.0,0.56,-0.769,-0.419
5019.49,-82.0,959.0,-175.0,0.419,-1.259,-1.049
5019.67,-76.0,949.0,-181.0,0.629,-0.349,-0.209
5019.85,-89.0,958.0,-179.0,0.349,-1.12,-1.12
5020.3,-69.0,951.0,-183.0,0.419,-0.629,-0.49
5020.22,-82.0,950.0,-183.0,0.419,-0.769,-0.49
5020.4,-83.0,954.0,-178.0,0.07,-0.839,-0.56
5020.58,-74.0,954.0,-179.0,-0.28,-1.049,-0.769
5020.76,-81.0,958.0,-175.0,0.07,-0.91,-0.349
5020.94,-83.0,961.0,-172.0,0.28,-0.699,-0.56
5021.13,-82.0,962.0,-168.0,0.28,-0.699,-0.91
5021.31,-81.0,962.0,-172.0,0.91,-0.56,-0.56
5021.49,-76.0,959.0,-175.0,0.769,-1.049,-0.629
5021.67,-91.0,958.0,-179.0,1.399,-0.49,-0.629
5021.86,-75.0,952.0,-180.0,0.629,-0.419,-0.769
5022.4,-91.0,958.0,-182.0,0.91,-0.209,-0.699
5022.22,-65.0,947.0,-181.0,0.209,-0.839,-0.629
5022.4,-94.0,962.0,-175.0,0.629,-0.419,-0.419
5022.59,-67.0,951.0,-175.0,0.14,-0.769,-0.769
5022.77,-92.0,961.0,-177.0,0.629,-0.56,-0.419
5022.95,-75.0,957.0,-173.0,0.209,-0.98,-1.049
5023.13,-84.0,958.0,-173.0,0.28,-0.349,-0.419
5023.31,-76.0,958.0,-171.0,0.14,-0.419,-0.629
5023.5,-87.0,966.0,-170.0,0.07,-0.769,-0.91
5023.68,-74.0,956.0,-174.0,0.28,-0.839,-0.49
5023.86,-80.0,959.0,-175.0,0.49,-1.19,-0.56
5024.4,-80.0,958.0,-178.0,0.839,-0.769,-0.349
5024.23,-83.0,951.0,-184.0,0.699,-0.98,-0.49
5024.41,-75.0,955.0,-184.0,0.629,-1.049,-0.629
5024.59,-77.0,947.0,-188.0,0.699,-0.349,0.209
5024.95,-79.0,956.0,-180.0,0.49,-0.209,-0.209
5025.14,-78.0,955.0,-177.0,0.07,-0.769,-0.839
5025.32,-82.0,961.0,-174.0,0.56,-0.629,-0.349
5025.5,-78.0,961.0,-172.0,0.28,-0.98,-0.839
5025.68,-82.0,960.0,-175.0,0.419,-0.699,-0.56
5025.87,-80.0,957.0,-177.0,0.49,-0.91,-0.699
5026.5,-81.0,954.0,-182.0,0.769,-0.419,-0.349
5026.23,-78.0,953.0,-181.0,0.49,-0.839,-0.769
5026.41,-78.0,957.0,-179.0,0.49,-0.629,-0.49
5026.78,-84.0,958.0,-180.0,0.28,-0.699,-0.28
5026.96,-78.0,959.0,-176.0,0.349,-0.629,-0.56
5027.14,-85.0,961.0,-172.0,0.56,-0.49,-0.699
5027.32,-77.0,956.0,-177.0,0.56,-0.629,-0.629
5027.51,-81.0,958.0,-176.0,0.56,-0.91,-0.49
5027.69,-82.0,957.0,-177.0,0.419,-0.98,-0.629
5027.87,-80.0,953.0,-180.0,0.49,-0.699,-0.349
5028.5,-81.0,956.0,-180.0,0.28,-0.699,-0.699
5028.24,-81.0,957.0,-176.0,0.49,-0.49,-0.56
5028.42,-76.0,955.0,-177.0,0.14,-0.839,-0.699
5028.6,-84.0,959.0,-176.0,0.49,-0.699,-0.349
5028.78,-79.0,957.0,-175.0,0.209,-0.98,-0.699
5028.97,-81.0,959.0,-176.0,0.56,-0.56,-0.419
5029.15,-79.0,958.0,-176.0,0.419,-0.839,-0.629
5029.33,-81.0,958.0,-177.0,0.629,-0.769,-0.419
5029.51,-77.0,955.0,-178.0,0.419,-0.839,-0.56
5029.69,-81.0,956.0,-179.0,0.56,-0.699,-0.419
5029.88,-81.0,955.0,-178.0,0.349,-0.769,-0.629
5030.6,-80.0,956.0,-177.0,0.209,-0.629,-0.56
5030.24,-80.0,957.0,-177.0,0.14,-0.699,-0.56
5030.42,-80.0,959.0,-173.0,0.209,-0.769,-0.56
5030.61,-78.0,958.0,-173.0,0.209,-0.629,-0.49
5030.79,-81.0,960.0,-173.0,0.349,-0.91,-0.49
5030.97,-77.0,957.0,-175.0,0.49,-0.839,-0.419
5031.15,-81.0,956.0,-176.0,0.49,-0.91,-0.49
5031.34,-80.0,956.0,-176.0,0.56,-0.699,-0.629
5031.52,-78.0,956.0,-178.0,0.419,-0.699,-0.56
5031.7,-81.0,956.0,-178.0,0.419,-0.769,-0.56
5031.88,-78.0,955.0,-177.0,0.209,-0.769,-0.349
5032.6,-83.0,958.0,-176.0,0.28,-0.769,-0.56
5032.25,-79.0,957.0,-175.0,0.349,-0.629,-0.56
5032.43,-81.0,959.0,-175.0,0.419,-0.769,-0.699
5032.61,-75.0,956.0,-176.0,0.349,-0.769,-0.56
5032.79,-82.0,957.0,-176.0,0.49,-0.91,-0.56
5032.98,-79.0,956.0,-176.0,0.419,-0.839,-0.629
5033.16,-78.0,956.0,-177.0,0.49,-0.629,-0.49
5033.34,-83.0,958.0,-176.0,0.419,-0.699,-0.56
5033.52,-80.0,957.0,-175.0,0.349,-0.839,-0.629
5033.71,-79.0,957.0,-176.0,0.28,-0.769,-0.629
5033.89,-78.0,957.0,-175.0,0.49,-0.769,-0.56
5034.7,-82.0,958.0,-175.0,0.419,-0.769,-0.629
5034.25,-77.0,956.0,-177.0,0.419,-0.839,-0.629
5034.43,-81.0,957.0,-177.0,0.56,-0.699,-0.419
5034.62,-81.0,957.0,-176.0,0.349,-0.91,-0.56
5034.8,-79.0,956.0,-177.0,0.419,-0.699,-0.56
5034.98,-78.0,957.0,-177.0,0.28,-0.699,-0.629
5035.16,-80.0,956.0,-175.0,0.419,-0.629,-0.56
5035.35,-81.0,957.0,-175.0,0.28,-0.839,-0.629
5035.53,-78.0,956.0,-176.0,0.419,-0.699,-0.49
5035.71,-81.0,958.0,-175.0,0.349,-0.769,-0.56
5038.44,-80.0,957.0,-175.0,0.419,-0.699,-0.629
5038.63,-81.0,957.0,-176.0,0.49,-0.769,-0.629
5038.81,-79.0,957.0,-175.0,0.419,-0.839,-0.629
5038.99,-82.0,957.0,-176.0,0.49,-0.699,-0.49
5039.17,-80.0,958.0,-176.0,0.419,-0.699,-0.629
5039.36,-82.0,956.0,-177.0,0.419,-0.699,-0.49
5039.54,-78.0,959.0,-174.0,0.28,-0.91,-0.629
5039.72,-81.0,957.0,-176.0,0.49,-0.56,-0.349
5039.9,-84.0,959.0,-173.0,0.349,-0.91,-0.769
5040.8,-77.0,955.0,-176.0,0.49,-0.629,-0.349
5040.27,-83.0,959.0,-175.0,0.419,-0.839,-0.629
5040.45,-79.0,956.0,-176.0,0.49,-0.699,-0.49
5040.63,-81.0,958.0,-176.0,0.28,-0.769,-0.629
5040.81,-81.0,956.0,-177.0,0.419,-0.769,-0.49
5041.0,-82.0,960.0,-176.0,0.349,-0.769,-0.56
5041.18,-81.0,955.0,-178.0,0.419,-0.699,-0.49
5041.36,-82.0,958.0,-176.0,0.49,-0.839,-0.56
5041.54,-78.0,957.0,-176.0,0.419,-0.629,-0.49
5041.73,-82.0,957.0,-176.0,0.419,-0.839,-0.56
5041.91,-80.0,957.0,-176.0,0.49,-0.699,-0.56
5042.9,-81.0,958.0,-175.0,0.419,-0.699,-0.56
5042.27,-80.0,956.0,-176.0,0.349,-0.629,-0.49
5042.45,-81.0,958.0,-175.0,0.349,-0.769,-0.49
5042.64,-81.0,958.0,-175.0,0.419,-0.699,-0.49
5042.82,-80.0,956.0,-176.0,0.419,-0.699,-0.56
5043.0,-80.0,958.0,-176.0,0.419,-0.699,-0.56
5043.18,-84.0,958.0,-177.0,0.49,-0.699,-0.629
5043.37,-81.0,956.0,-179.0,0.49,-0.839,-0.56
5043.55,-80.0,958.0,-178.0,0.49,-0.839,-0.49
5043.73,-81.0,956.0,-178.0,0.349,-0.699,-0.419
5043.91,-82.0,957.0,-179.0,0.419,-0.839,-0.629
5044.1,-79.0,956.0,-177.0,0.349,-0.629,-0.49
5044.28,-83.0,958.0,-178.0,0.419,-0.839,-0.629
5044.46,-76.0,956.0,-177.0,0.49,-0.839,-0.49
5044.64,-82.0,958.0,-176.0,0.49,-0.699,-0.49
5044.82,-82.0,957.0,-177.0,0.419,-0.769,-0.629
5045.1,-78.0,956.0,-176.0,0.419,-0.769,-0.56
5045.19,-81.0,958.0,-176.0,0.49,-0.56,-0.419
5045.37,-81.0,957.0,-175.0,0.349,-0.769,-0.699
5045.55,-78.0,955.0,-176.0,0.419,-0.629,-0.419
5045.74,-83.0,959.0,-174.0,0.349,-0.839,-0.56
5045.92,-78.0,956.0,-175.0,0.419,-0.699,-0.419
5046.1,-83.0,960.0,-173.0,0.419,-0.769,-0.629
5046.28,-78.0,957.0,-176.0,0.349,-0.629,-0.49
5046.47,-83.0,957.0,-177.0,0.56,-0.699,-0.49
5046.65,-80.0,957.0,-176.0,0.419,-0.769,-0.56
5046.83,-82.0,957.0,-177.0,0.419,-0.699,-0.49
5047.1,-77.0,956.0,-176.0,0.28,-0.839,-0.629
5047.19,-83.0,958.0,-176.0,0.56,-0.56,-0.349
5047.38,-80.0,958.0,-174.0,0.28,-0.839,-0.699
5047.56,-80.0,958.0,-175.0,0.349,-0.699,-0.419
5047.74,-81.0,958.0,-174.0,0.419,-0.699,-0.56
5047.92,-82.0,957.0,-175.0,0.49,-0.91,-0.56
5048.11,-79.0,956.0,-176.0,0.49,-0.769,-0.56
5048.29,-80.0,956.0,-178.0,0.56,-0.769,-0.49
5048.47,-83.0,957.0,-178.0,0.49,-0.769,-0.629
5048.65,-79.0,956.0,-178.0,0.349,-0.699,-0.56
5048.84,-83.0,958.0,-178.0,0.349,-0.699,-0.56
5049.2,-79.0,956.0,-176.0,0.28,-0.769,-0.56
5049.2,-83.0,958.0,-177.0,0.419,-0.699,-0.629
5049.38,-79.0,958.0,-176.0,0.419,-0.769,-0.56
5049.56,-81.0,957.0,-177.0,0.56,-0.769,-0.56
5049.75,-80.0,957.0,-176.0,0.419,-0.769,-0.56
5051.93,-80.0,957.0,-176.0,0.419,-0.699,-0.49
5052.12,-82.0,957.0,-177.0,0.419,-0.699,-0.56
5052.3,-80.0,957.0,-175.0,0.419,-0.769,-0.56
5052.48,-79.0,957.0,-175.0,0.349,-0.699,-0.629
5052.66,-80.0,958.0,-175.0,0.419,-0.769,-0.56
5052.85,-80.0,958.0,-175.0,0.49,-0.769,-0.49
5053.3,-79.0,957.0,-175.0,0.49,-0.699,-0.56
5053.21,-82.0,957.0,-176.0,0.419,-0.769,-0.56
5053.39,-80.0,956.0,-176.0,0.49,-0.699,-0.56
5053.57,-80.0,957.0,-176.0,0.349,-0.769,-0.56
5058.68,-82.0,957.0,-177.0,0.419,-0.769,-0.56
5058.86,-80.0,956.0,-177.0,0.349,-0.699,-0.56
5059.4,-81.0,958.0,-177.0,0.419,-0.769,-0.56
5059.22,-81.0,957.0,-179.0,0.419,-0.769,-0.629
5059.41,-79.0,957.0,-179.0,0.49,-0.769,-0.49
5059.59,-81.0,957.0,-178.0,0.419,-0.769,-0.56
5059.77,-81.0,957.0,-177.0,0.349,-0.699,-0.49
5059.95,-82.0,957.0,-178.0,0.419,-0.699,-0.56
5060.14,-79.0,958.0,-177.0,0.419,-0.769,-0.56
5060.32,-82.0,959.0,-176.0,0.419,-0.699,-0.56
5060.5,-79.0,958.0,-175.0,0.419,-0.839,-0.49
5060.68,-80.0,956.0,-178.0,0.49,-0.769,-0.419
5060.87,-81.0,957.0,-177.0,0.419,-0.839,-0.629
5061.5,-80.0,956.0,-177.0,0.419,-0.699,-0.49
5061.23,-83.0,958.0,-176.0,0.419,-0.769,-0.629
5061.41,-79.0,958.0,-176.0,0.349,-0.769,-0.56
5061.59,-81.0,957.0,-177.0,0.49,-0.699,-0.56
5061.78,-80.0,956.0,-178.0,0.419,-0.769,-0.56
5061.96,-80.0,957.0,-178.0,0.419,-0.769,-0.56
5062.14,-82.0,956.0,-178.0,0.49,-0.769,-0.56
5062.32,-80.0,957.0,-177.0,0.419,-0.769,-0.629
5062.51,-80.0,956.0,-178.0,0.419,-0.699,-0.56
5062.69,-80.0,958.0,-178.0,0.419,-0.699,-0.56
5062.87,-82.0,958.0,-177.0,0.419,-0.769,-0.49
5063.5,-79.0,957.0,-177.0,0.419,-0.839,-0.56
5063.24,-81.0,957.0,-176.0,0.419,-0.699,-0.49
5063.42,-82.0,957.0,-176.0,0.419,-0.769,-0.56
5063.6,-80.0,957.0,-178.0,0.419,-0.769,-0.49
5063.78,-81.0,957.0,-178.0,0.419,-0.699,-0.629
5063.96,-80.0,956.0,-177.0,0.419,-0.699,-0.56
5064.15,-82.0,957.0,-176.0,0.419,-0.699,-0.56
5064.33,-82.0,958.0,-177.0,0.419,-0.769,-0.629
5064.51,-78.0,958.0,-177.0,0.419,-0.769,-0.56
5064.69,-80.0,957.0,-177.0,0.419,-0.769,-0.56
5064.88,-79.0,956.0,-177.0,0.49,-0.699,-0.56
5065.6,-81.0,958.0,-177.0,0.49,-0.699,-0.56
5065.24,-78.0,957.0,-175.0,0.349,-0.699,-0.56
5065.42,-83.0,957.0,-176.0,0.419,-0.769,-0.56
5065.61,-79.0,957.0,-177.0,0.419,-0.839,-0.56
5065.79,-80.0,957.0,-176.0,0.49,-0.699,-0.49
5065.97,-79.0,957.0,-177.0,0.349,-0.699,-0.56
5066.15,-82.0,958.0,-176.0,0.419,-0.699,-0.49
5066.33,-79.0,957.0,-176.0,0.419,-0.769,-0.629
5066.52,-80.0,957.0,-176.0,0.419,-0.699,-0.419
5066.7,-82.0,958.0,-176.0,0.49,-0.839,-0.56
5066.88,-81.0,957.0,-178.0,0.49,-0.629,-0.49
5067.6,-81.0,957.0,-176.0,0.419,-0.91,-0.629
5067.25,-79.0,956.0,-178.0,0.49,-0.629,-0.49
5067.43,-81.0,959.0,-177.0,0.349,-0.839,-0.629
5067.61,-77.0,957.0,-178.0,0.349,-0.769,-0.49
5067.79,-81.0,959.0,-176.0,0.49,-0.699,-0.49
5067.98,-80.0,956.0,-176.0,0.419,-0.769,-0.49
5068.16,-81.0,958.0,-177.0,0.49,-0.769,-0.49
5068.34,-80.0,957.0,-176.0,0.419,-0.769,-0.56
5068.52,-82.0,956.0,-176.0,0.49,-0.629,-0.49
5068.7,-81.0,958.0,-175.0,0.349,-0.839,-0.629
5068.89,-78.0,956.0,-176.0,0.419,-0.629,-0.419
5069.7,-85.0,957.0,-176.0,0.419,-0.699,-0.629
5069.25,-79.0,957.0,-175.0,0.49,-0.839,-0.629
5069.43,-81.0,956.0,-176.0,0.49,-0.699,-0.56
5072.17,-81.0,958.0,-177.0,0.419,-0.769,-0.56
5072.35,-79.0,958.0,-176.0,0.419,-0.699,-0.56
5072.53,-81.0,958.0,-176.0,0.349,-0.769,-0.56
5072.71,-81.0,956.0,-177.0,0.419,-0.699,-0.56
5072.9,-78.0,958.0,-178.0,0.28,-0.699,-0.56
5073.8,-80.0,958.0,-177.0,0.419,-0.769,-0.629
5073.26,-79.0,955.0,-177.0,0.349,-0.769,-0.419
5073.44,-82.0,958.0,-176.0,0.419,-0.769,-0.56
5073.63,-80.0,957.0,-176.0,0.28,-0.769,-0.629
5073.81,-80.0,956.0,-176.0,0.49,-0.769,-0.56
5073.99,-80.0,958.0,-175.0,0.419,-0.839,-0.56
5078.91,-80.0,956.0,-175.0,0.419,-0.699,-0.56
5079.9,-82.0,958.0,-175.0,0.419,-0.769,-0.56
5079.28,-80.0,955.0,-175.0,0.49,-0.91,-0.699
5079.46,-79.0,956.0,-176.0,0.49,-0.769,-0.56
5079.64,-80.0,958.0,-175.0,0.28,-0.839,-0.629
5079.82,-78.0,957.0,-176.0,0.49,-0.629,-0.49
5080.1,-81.0,957.0,-176.0,0.419,-0.769,-0.49
5080.19,-78.0,957.0,-177.0,0.349,-0.629,-0.419
5080.37,-82.0,957.0,-178.0,0.56,-0.629,-0.419
5080.55,-81.0,958.0,-177.0,0.349,-0.91,-0.699
5080.74,-77.0,955.0,-179.0,0.56,-0.56,-0.419
5080.92,-83.0,957.0,-180.0,0.419,-0.699,-0.49
5081.1,-80.0,956.0,-177.0,0.349,-0.769,-0.56
5081.28,-82.0,958.0,-178.0,0.419,-0.699,-0.49
5081.46,-81.0,956.0,-176.0,0.349,-0.91,-0.699
5081.65,-80.0,957.0,-177.0,0.56,-0.699,-0.49
5081.83,-79.0,957.0,-177.0,0.419,-0.769,-0.629
5082.1,-81.0,958.0,-177.0,0.419,-0.629,-0.49
5082.19,-79.0,957.0,-177.0,0.419,-0.769,-0.56
5082.38,-81.0,957.0,-177.0,0.419,-0.769,-0.56
5082.56,-81.0,957.0,-176.0,0.349,-0.699,-0.56
5082.74,-82.0,957.0,-178.0,0.419,-0.769,-0.49
5082.92,-80.0,957.0,-175.0,0.28,-0.839,-0.56
5083.1,-82.0,958.0,-177.0,0.419,-0.629,-0.49
5083.29,-84.0,960.0,-177.0,0.349,-0.91,-0.769
5083.47,-76.0,955.0,-179.0,0.419,-0.699,-0.419
5083.65,-85.0,960.0,-177.0,0.349,-0.839,-0.629
5083.83,-76.0,956.0,-179.0,0.49,-0.769,-0.419
5084.56,-79.0,956.0,-177.0,0.28,-0.769,-0.629
5084.75,-81.0,957.0,-178.0,0.349,-0.699,-0.419
5084.93,-78.0,955.0,-177.0,0.28,-0.769,-0.56
5085.11,-81.0,958.0,-176.0,0.349,-0.629,-0.56
5085.29,-79.0,957.0,-177.0,0.419,-0.699,-0.56
5085.47,-81.0,960.0,-176.0,0.56,-0.699,-0.629
5085.66,-79.0,955.0,-180.0,0.419,-0.699,-0.49
5085.84,-86.0,958.0,-179.0,0.49,-0.839,-0.56
5086.2,-77.0,956.0,-180.0,0.49,-0.839,-0.56
5086.2,-82.0,957.0,-181.0,0.49,-0.629,-0.56
5086.39,-80.0,956.0,-180.0,0.349,-0.699,-0.629
5086.57,-82.0,956.0,-180.0,0.49,-0.769,-0.49
5086.75,-79.0,957.0,-177.0,0.28,-0.769,-0.629
5086.93,-81.0,957.0,-178.0,0.419,-0.629,-0.49
5087.11,-80.0,958.0,-178.0,0.419,-0.769,-0.629
5087.3,-81.0,957.0,-180.0,0.49,-0.769,-0.49
5087.48,-78.0,958.0,-179.0,0.349,-0.839,-0.56
5087.66,-83.0,957.0,-178.0,0.49,-0.629,-0.49
5087.84,-78.0,954.0,-178.0,0.209,-0.769,-0.56
5088.3,-83.0,958.0,-177.0,0.56,-0.699,-0.49
5088.21,-79.0,957.0,-178.0,0.28,-0.839,-0.699
5088.39,-79.0,956.0,-178.0,0.419,-0.629,-0.49
5092.4,-77.0,955.0,-177.0,0.419,-0.629,-0.49
5092.58,-84.0,958.0,-177.0,0.49,-0.769,-0.56
5092.77,-80.0,956.0,-178.0,0.349,-0.839,-0.629
5092.95,-79.0,957.0,-178.0,0.49,-0.699,-0.49
5093.13,-81.0,958.0,-178.0,0.349,-0.699,-0.56
5093.31,-80.0,957.0,-178.0,0.349,-0.839,-0.699
5093.49,-80.0,958.0,-176.0,0.419,-0.699,-0.56
5093.68,-81.0,957.0,-176.0,0.419,-0.769,-0.56
5093.86,-82.0,958.0,-175.0,0.49,-0.839,-0.56
5094.4,-78.0,957.0,-179.0,0.419,-0.769,-0.56
5094.22,-80.0,957.0,-179.0,0.56,-0.629,-0.49
5094.41,-80.0,956.0,-180.0,0.28,-0.769,-0.49
5094.59,-79.0,958.0,-177.0,0.49,-0.699,-0.49
5094.77,-79.0,956.0,-179.0,0.349,-0.699,-0.49
5094.95,-82.0,958.0,-178.0,0.49,-0.769,-0.56
5095.13,-78.0,957.0,-176.0,0.28,-0.839,-0.699
5095.32,-81.0,958.0,-175.0,0.56,-0.629,-0.419
5095.5,-79.0,957.0,-175.0,0.419,-0.839,-0.699
5095.68,-79.0,957.0,-176.0,0.56,-0.629,-0.49
5095.86,-81.0,958.0,-177.0,0.419,-0.769,-0.56
5096.5,-81.0,957.0,-177.0,0.49,-0.699,-0.56
5096.23,-80.0,956.0,-178.0,0.349,-0.699,-0.49
5096.41,-81.0,957.0,-177.0,0.349,-0.769,-0.629
5096.59,-80.0,957.0,-176.0,0.349,-0.629,-0.56
5096.78,-81.0,958.0,-176.0,0.419,-0.699,-0.699
5096.96,-77.0,955.0,-175.0,0.349,-0.769,-0.56
5097.14,-79.0,958.0,-177.0,0.419,-0.699,-0.49
5097.32,-80.0,957.0,-177.0,0.49,-0.769,-0.56
5097.5,-79.0,958.0,-175.0,0.349,-0.769,-0.699
5097.69,-80.0,956.0,-176.0,0.419,-0.56,-0.419
5097.87,-81.0,958.0,-175.0,0.28,-0.839,-0.699
5098.5,-77.0,957.0,-175.0,0.419,-0.629,-0.349
5098.23,-84.0,958.0,-175.0,0.419,-0.699,-0.629
5098.42,-76.0,956.0,-175.0,0.349,-0.769,-0.56
5098.6,-82.0,957.0,-176.0,0.49,-0.699,-0.419
5098.78,-79.0,957.0,-175.0,0.49,-0.839,-0.699
5098.96,-80.0,958.0,-175.0,0.49,-0.419,-0.49
5099.14,-80.0,958.0,-177.0,0.349,-0.699,-0.629
5099.33,-81.0,956.0,-179.0,0.49,-0.839,-0.56
5099.51,-80.0,958.0,-175.0,0.56,-0.839,-0.49
5099.69,-83.0,958.0,-175.0,0.14,-0.699,-0.56
5099.87,-80.0,956.0,-178.0,0.349,-0.56,-0.699
5100.6,-78.0,957.0,-179.0,0.629,-0.769,-0.56
5100.24,-78.0,956.0,-176.0,0.28,-0.98,-0.49
5100.42,-81.0,957.0,-177.0,0.419,-0.699,-0.49
5100.6,-81.0,957.0,-176.0,0.419,-0.839,-0.629
5100.79,-81.0,957.0,-177.0,0.49,-0.419,-0.629
5100.97,-79.0,956.0,-176.0,0.419,-0.769,-0.629
5101.15,-78.0,957.0,-175.0,0.349,-0.769,-0.49
5101.33,-84.0,958.0,-174.0,0.28,-0.91,-0.49
5101.51,-81.0,956.0,-177.0,0.419,-0.769,-0.56
5101.7,-81.0,957.0,-176.0,0.349,-0.769,-0.56
5101.88,-79.0,956.0,-177.0,0.49,-0.699,-0.49
5102.6,-81.0,958.0,-175.0,0.49,-0.91,-0.629
5102.24,-78.0,956.0,-176.0,0.419,-0.699,-0.49
5102.43,-82.0,958.0,-175.0,0.419,-0.699,-0.56
5102.61,-80.0,957.0,-176.0,0.419,-0.699,-0.49
5102.79,-79.0,957.0,-177.0,0.49,-0.839,-0.56
5102.97,-81.0,955.0,-173.0,0.349,-0.839,-0.49
5103.15,-81.0,959.0,-175.0,0.28,-0.629,-0.699
5103.34,-79.0,957.0,-175.0,0.49,-0.699,-0.56
5103.52,-81.0,957.0,-175.0,0.49,-0.769,-0.56
5103.7,-77.0,956.0,-175.0,0.419,-0.769,-0.419
5103.88,-82.0,957.0,-176.0,0.349,-0.769,-0.49
5104.7,-78.0,956.0,-176.0,0.419,-0.699,-0.56
5104.25,-80.0,956.0,-177.0,0.349,-0.839,-0.49
5104.43,-79.0,955.0,-177.0,0.49,-0.769,-0.49
5104.61,-82.0,957.0,-174.0,0.349,-0.839,-0.49
5104.8,-79.0,957.0,-177.0,0.419,-0.629,-0.699
5104.98,-79.0,957.0,-175.0,0.419,-0.629,-0.56
5105.16,-78.0,957.0,-176.0,0.49,-0.839,-0.629
5105.34,-80.0,955.0,-175.0,0.349,-0.839,-0.419
5105.52,-80.0,957.0,-175.0,0.349,-0.769,-0.629
5105.71,-80.0,956.0,-176.0,0.349,-0.699,-0.49
5105.89,-82.0,957.0,-176.0,0.419,-0.699,-0.699
5106.7,-79.0,957.0,-175.0,0.419,-0.769,-0.56
5106.25,-80.0,957.0,-177.0,0.419,-0.769,-0.56
5106.44,-81.0,958.0,-175.0,0.49,-0.699,-0.56
5106.62,-79.0,957.0,-176.0,0.419,-0.769,-0.56
5106.8,-81.0,956.0,-176.0,0.56,-0.629,-0.49
5106.98,-81.0,957.0,-178.0,0.419,-0.769,-0.629
5107.16,-80.0,957.0,-177.0,0.419,-0.629,-0.49
5107.35,-78.0,956.0,-177.0,0.419,-0.769,-0.56
5107.53,-81.0,957.0,-177.0,0.419,-0.699,-0.49
5107.71,-78.0,956.0,-177.0,0.28,-0.839,-0.56
5107.89,-81.0,957.0,-177.0,0.56,-0.699,-0.49
5108.8,-80.0,957.0,-178.0,0.49,-0.769,-0.629
5108.26,-79.0,957.0,-178.0,0.49,-0.699,-0.49
5108.44,-80.0,956.0,-177.0,0.419,-0.839,-0.56
5108.62,-80.0,957.0,-177.0,0.56,-0.769,-0.49
5108.81,-79.0,956.0,-178.0,0.349,-0.769,-0.629
5108.99,-79.0,957.0,-178.0,0.419,-0.699,-0.49
5109.17,-80.0,957.0,-177.0,0.349,-0.769,-0.56
5109.35,-80.0,958.0,-178.0,0.419,-0.769,-0.49
5109.53,-78.0,958.0,-178.0,0.419,-0.769,-0.56
5109.72,-81.0,957.0,-177.0,0.419,-0.699,-0.56
5109.9,-80.0,957.0,-178.0,0.49,-0.699,-0.49
5110.8,-80.0,957.0,-177.0,0.49,-0.839,-0.56
5110.26,-80.0,956.0,-177.0,0.419,-0.629,-0.49
5110.45,-83.0,957.0,-176.0,0.419,-0.769,-0.56
5110.63,-77.0,957.0,-176.0,0.349,-0.769,-0.56
5110.81,-82.0,958.0,-176.0,0.349,-0.629,-0.49
5110.99,-80.0,957.0,-175.0,0.349,-0.769,-0.629
5111.18,-80.0,956.0,-176.0,0.56,-0.699,-0.419
5111.36,-81.0,957.0,-175.0,0.419,-0.839,-0.629
5111.54,-80.0,957.0,-175.0,0.49,-0.699,-0.56
5111.72,-81.0,957.0,-175.0,0.49,-0.769,-0.629
5111.9,-79.0,956.0,-175.0,0.419,-0.699,-0.56
5112.9,-81.0,956.0,-175.0,0.49,-0.629,-0.56
5112.27,-81.0,957.0,-175.0,0.349,-0.839,-0.629
5112.45,-79.0,957.0,-176.0,0.49,-0.699,-0.49
5112.63,-83.0,957.0,-175.0,0.419,-0.769,-0.629
5112.82,-81.0,957.0,-175.0,0.49,-0.699,-0.56
5113.0,-81.0,958.0,-175.0,0.419,-0.769,-0.56
5113.18,-80.0,956.0,-176.0,0.49,-0.769,-0.49
5113.36,-81.0,958.0,-174.0,0.419,-0.839,-0.56
5113.54,-77.0,956.0,-176.0,0.419,-0.699,-0.49
5113.73,-82.0,957.0,-175.0,0.419,-0.769,-0.629
5113.91,-80.0,957.0,-176.0,0.419,-0.769,-0.56
5114.9,-80.0,956.0,-175.0,0.419,-0.769,-0.56
5114.27,-81.0,958.0,-174.0,0.419,-0.769,-0.49
5114.46,-80.0,957.0,-175.0,0.419,-0.769,-0.629
5114.64,-81.0,957.0,-175.0,0.49,-0.769,-0.56
5114.82,-80.0,957.0,-175.0,0.419,-0.769,-0.56
5115.0,-81.0,958.0,-175.0,0.419,-0.769,-0.56
5115.19,-81.0,957.0,-175.0,0.49,-0.769,-0.629
5115.37,-80.0,957.0,-175.0,0.419,-0.699,-0.56
5115.55,-80.0,957.0,-176.0,0.49,-0.699,-0.56
5115.73,-79.0,957.0,-176.0,0.349,-0.769,-0.49
5115.91,-81.0,958.0,-175.0,0.419,-0.699,-0.49
5116.1,-81.0,957.0,-174.0,0.49,-0.769,-0.56
5116.28,-80.0,957.0,-176.0,0.349,-0.699,-0.56
5116.46,-80.0,957.0,-176.0,0.49,-0.699,-0.629
5116.64,-82.0,957.0,-174.0,0.349,-0.769,-0.49
5116.83,-80.0,956.0,-176.0,0.349,-0.699,-0.56
5117.1,-80.0,957.0,-176.0,0.419,-0.699,-0.56
5117.19,-80.0,958.0,-175.0,0.419,-0.769,-0.56
5117.37,-80.0,957.0,-175.0,0.419,-0.699,-0.49
5117.55,-81.0,958.0,-176.0,0.49,-0.699,-0.629
5117.74,-79.0,957.0,-176.0,0.419,-0.699,-0.49
5117.92,-82.0,958.0,-175.0,0.49,-0.839,-0.629
5118.1,-77.0,956.0,-176.0,0.349,-0.769,-0.49
5118.28,-83.0,957.0,-176.0,0.49,-0.699,-0.56
5118.47,-78.0,956.0,-176.0,0.349,-0.699,-0.629
5118.65,-81.0,957.0,-174.0,0.49,-0.629,-0.49
5118.83,-80.0,958.0,-176.0,0.419,-0.769,-0.56
5119.1,-80.0,957.0,-175.0,0.49,-0.769,-0.49
5119.2,-80.0,957.0,-175.0,0.419,-0.699,-0.56
5119.38,-82.0,956.0,-175.0,0.49,-0.699,-0.49
5119.56,-81.0,957.0,-176.0,0.349,-0.699,-0.56
5119.74,-79.0,956.0,-175.0,0.419,-0.699,-0.49
5120.84,-81.0,956.0,-175.0,0.419,-0.769,-0.56
5121.2,-82.0,958.0,-175.0,0.349,-0.769,-0.629
5121.2,-80.0,957.0,-176.0,0.419,-0.769,-0.56
5121.38,-81.0,957.0,-176.0,0.419,-0.699,-0.49
5121.56,-80.0,957.0,-176.0,0.349,-0.769,-0.629
5121.75,-80.0,956.0,-176.0,0.419,-0.699,-0.49
5121.93,-81.0,957.0,-174.0,0.419,-0.769,-0.56
5122.11,-81.0,958.0,-175.0,0.419,-0.769,-0.56
5122.29,-80.0,958.0,-175.0,0.49,-0.769,-0.629
5122.48,-80.0,957.0,-176.0,0.419,-0.769,-0.49
5122.66,-80.0,957.0,-176.0,0.349,-0.769,-0.56
5122.84,-79.0,956.0,-176.0,0.349,-0.699,-0.49
5123.2,-81.0,957.0,-176.0,0.419,-0.769,-0.56
5123.2,-81.0,957.0,-176.0,0.419,-0.769,-0.49
5123.39,-81.0,956.0,-175.0,0.419,-0.769,-0.629
5123.57,-80.0,957.0,-175.0,0.419,-0.769,-0.56
5123.75,-80.0,957.0,-174.0,0.419,-0.839,-0.49
5123.93,-80.0,958.0,-175.0,0.349,-0.769,-0.56
5124.12,-82.0,957.0,-175.0,0.419,-0.699,-0.629
5124.3,-80.0,957.0,-174.0,0.419,-0.699,-0.699
5124.48,-81.0,958.0,-173.0,0.349,-0.699,-0.56
5124.66,-78.0,957.0,-177.0,0.49,-0.699,-0.629
5124.85,-80.0,956.0,-173.0,0.419,-0.98,-0.49
5125.3,-82.0,958.0,-175.0,0.349,-0.699,-0.56
5125.21,-80.0,957.0,-176.0,0.349,-0.699,-0.56
5125.39,-80.0,956.0,-177.0,0.49,-0.769,-0.629
5125.57,-78.0,956.0,-176.0,0.49,-0.769,-0.56
5125.76,-83.0,957.0,-172.0,0.28,-0.629,-0.49
5125.94,-81.0,958.0,-177.0,0.419,-0.56,-0.769
5126.12,-78.0,956.0,-173.0,0.49,-0.769,-0.49
5128.13,-80.0,957.0,-176.0,0.349,-0.769,-0.56
5128.31,-80.0,957.0,-175.0,0.419,-0.699,-0.49
5128.49,-79.0,956.0,-176.0,0.419,-0.699,-0.629
5128.67,-80.0,958.0,-175.0,0.49,-0.699,-0.629
5128.86,-79.0,956.0,-175.0,0.419,-0.769,-0.56
5129.4,-80.0,960.0,-173.0,0.49,-0.769,-0.56
5129.22,-80.0,958.0,-175.0,0.419,-0.769,-0.56
5129.4,-80.0,957.0,-176.0,0.349,-0.699,-0.56
5129.58,-81.0,958.0,-175.0,0.49,-0.839,-0.56
5129.77,-79.0,956.0,-177.0,0.419,-0.769,-0.56
5129.95,-80.0,956.0,-177.0,0.419,-0.699,-0.56
5130.13,-81.0,956.0,-176.0,0.49,-0.769,-0.56
5130.31,-81.0,957.0,-175.0,0.49,-0.699,-0.49
5130.5,-80.0,958.0,-175.0,0.49,-0.769,-0.56
5130.68,-80.0,958.0,-175.0,0.419,-0.769,-0.49
5130.86,-80.0,957.0,-175.0,0.349,-0.839,-0.56
5131.4,-81.0,956.0,-176.0,0.419,-0.699,-0.49
5131.23,-80.0,956.0,-176.0,0.419,-0.629,-0.56
5131.41,-79.0,957.0,-175.0,0.419,-0.629,-0.56
5131.59,-80.0,956.0,-177.0,0.419,-0.699,-0.56
5131.77,-81.0,957.0,-177.0,0.419,-0.699,-0.49
5131.95,-81.0,958.0,-175.0,0.349,-0.769,-0.419
5132.14,-82.0,958.0,-175.0,0.419,-0.769,-0.629
5132.32,-80.0,957.0,-176.0,0.419,-0.629,-0.629
5132.5,-81.0,957.0,-175.0,0.49,-0.699,-0.56
5132.68,-81.0,958.0,-176.0,0.49,-0.839,-0.629
5132.87,-79.0,956.0,-176.0,0.49,-0.769,-0.49
5133.5,-80.0,957.0,-176.0,0.349,-0.699,-0.56
5133.23,-80.0,957.0,-176.0,0.419,-0.769,-0.56
5133.41,-82.0,958.0,-175.0,0.419,-0.839,-0.629
5133.59,-79.0,957.0,-175.0,0.419,-0.769,-0.629
5133.78,-81.0,957.0,-175.0,0.419,-0.629,-0.49
5133.96,-81.0,957.0,-175.0,0.349,-0.769,-0.56
5134.14,-81.0,958.0,-175.0,0.419,-0.839,-0.629
5134.32,-80.0,957.0,-175.0,0.419,-0.839,-0.56
5134.51,-81.0,957.0,-175.0,0.419,-0.699,-0.56
5134.69,-81.0,957.0,-174.0,0.419,-0.839,-0.629
5134.87,-80.0,957.0,-175.0,0.419,-0.699,-0.56
5135.5,-81.0,956.0,-176.0,0.419,-0.769,-0.56
5135.24,-79.0,957.0,-175.0,0.49,-0.699,-0.56
5135.78,-80.0,957.0,-176.0,0.419,-0.629,-0.56
5135.96,-81.0,958.0,-175.0,0.419,-0.699,-0.49
5136.15,-78.0,954.0,-179.0,0.349,-0.699,-0.49
5136.33,-81.0,957.0,-175.0,0.419,-0.629,-0.49
5136.51,-81.0,958.0,-176.0,0.349,-0.769,-0.56
5136.69,-79.0,957.0,-176.0,0.419,-0.699,-0.49
5136.88,-80.0,957.0,-177.0,0.419,-0.699,-0.56
5137.6,-80.0,958.0,-176.0,0.419,-0.769,-0.49
5137.24,-79.0,955.0,-176.0,0.349,-0.699,-0.49
5137.42,-83.0,958.0,-175.0,0.49,-0.769,-0.629
5137.6,-78.0,955.0,-177.0,0.419,-0.699,-0.56
5137.79,-83.0,958.0,-174.0,0.419,-0.769,-0.56
5137.97,-79.0,956.0,-176.0,0.419,-0.699,-0.56
5138.15,-82.0,958.0,-177.0,0.49,-0.769,-0.629
5138.33,-80.0,956.0,-176.0,0.349,-0.769,-0.56
5138.52,-81.0,958.0,-176.0,0.419,-0.699,-0.49
5138.7,-80.0,958.0,-176.0,0.419,-0.839,-0.629
5138.88,-80.0,957.0,-177.0,0.56,-0.699,-0.49
5139.6,-81.0,957.0,-177.0,0.419,-0.699,-0.56
5139.25,-80.0,958.0,-177.0,0.419,-0.769,-0.629
5139.43,-81.0,957.0,-177.0,0.419,-0.769,-0.56
5139.61,-80.0,956.0,-176.0,0.419,-0.699,-0.56
5139.79,-80.0,955.0,-177.0,0.49,-0.699,-0.56
5139.97,-82.0,957.0,-176.0,0.28,-0.839,-0.629
5140.16,-80.0,956.0,-176.0,0.419,-0.699,-0.419
5140.34,-80.0,958.0,-175.0,0.28,-0.839,-0.699
5140.52,-81.0,958.0,-174.0,0.49,-0.699,-0.56
5140.7,-83.0,957.0,-175.0,0.49,-0.91,-0.629
5140.89,-78.0,956.0,-176.0,0.349,-0.699,-0.56
5141.7,-81.0,957.0,-176.0,0.349,-0.839,-0.699
5141.25,-81.0,956.0,-176.0,0.419,-0.769,-0.49
5141.43,-80.0,958.0,-173.0,0.419,-0.839,-0.56
5141.62,-79.0,956.0,-176.0,0.419,-0.699,-0.56
5141.8,-82.0,957.0,-175.0,0.419,-0.839,-0.56
5141.98,-80.0,957.0,-174.0,0.28,-0.699,-0.56
5142.16,-81.0,958.0,-175.0,0.419,-0.769,-0.629
5142.34,-80.0,957.0,-175.0,0.49,-0.839,-0.629
5142.53,-82.0,956.0,-176.0,0.419,-0.769,-0.56
5142.71,-80.0,958.0,-175.0,0.419,-0.839,-0.56
5142.89,-77.0,957.0,-175.0,0.419,-0.699,-0.56
5143.7,-81.0,956.0,-176.0,0.419,-0.629,-0.419
5143.26,-81.0,957.0,-175.0,0.209,-0.769,-0.629
5143.44,-92.0,932.0,-170.0,0.209,-0.209,0.349
5143.62,-114.0,958.0,-191.0,0.839,-1.47,-1.679
5143.8,-52.0,951.0,-166.0,-0.209,-0.699,-0.28
5143.98,-101.0,964.0,-176.0,0.769,-0.349,-0.49
5144.35,-83.0,957.0,-176.0,0.91,-0.49,-0.28
5144.53,-83.0,957.0,-172.0,0.209,-0.839,-0.699
5144.71,-79.0,956.0,-178.0,0.699,-0.56,-0.56
5144.9,-81.0,957.0,-175.0,0.419,-0.91,-0.419
5145.8,-81.0,955.0,-175.0,0.419,-0.629,-0.56
5145.26,-80.0,957.0,-177.0,0.419,-0.699,-0.56
5145.44,-77.0,956.0,-175.0,0.349,-0.769,-0.49
5145.63,-82.0,956.0,-176.0,0.419,-0.629,-0.49
5145.81,-77.0,958.0,-176.0,0.349,-0.839,-0.49
5145.99,-80.0,957.0,-177.0,0.49,-0.699,-0.419
5146.17,-82.0,957.0,-177.0,0.419,-0.839,-0.629
5146.35,-80.0,957.0,-177.0,0.419,-0.769,-0.699
5146.54,-78.0,956.0,-178.0,0.419,-0.839,-0.629
5146.72,-79.0,956.0,-178.0,0.419,-0.56,-0.419
5146.9,-81.0,955.0,-179.0,0.419,-0.699,-0.49
5147.8,-78.0,957.0,-175.0,0.349,-0.769,-0.49
5147.27,-80.0,958.0,-176.0,0.349,-0.699,-0.49
5147.45,-82.0,958.0,-177.0,0.419,-0.769,-0.629
5147.63,-80.0,957.0,-176.0,0.49,-0.699,-0.56
5147.81,-81.0,956.0,-178.0,0.419,-0.699,-0.49
5147.99,-83.0,961.0,-174.0,0.49,-0.839,-0.56
5148.18,-81.0,957.0,-177.0,0.419,-0.769,-0.699
5148.36,-80.0,956.0,-177.0,0.349,-0.769,-0.629
5148.54,-81.0,954.0,-180.0,0.419,-0.629,-0.49
5148.72,-83.0,958.0,-174.0,0.419,-0.769,-0.629
5148.91,-81.0,958.0,-177.0,0.419,-0.699,-0.629
5149.9,-82.0,960.0,-174.0,0.419,-0.769,-0.629
5149.27,-80.0,957.0,-179.0,0.419,-0.769,-0.56
5149.45,-81.0,958.0,-177.0,0.419,-0.839,-0.56
5149.64,-82.0,956.0,-177.0,0.419,-0.699,-0.49
5149.82,-79.0,957.0,-177.0,0.419,-0.769,-0.629
5150.0,-78.0,955.0,-179.0,0.419,-0.629,-0.419
5150.18,-83.0,959.0,-173.0,0.419,-0.769,-0.699
5150.55,-82.0,960.0,-175.0,0.419,-0.839,-0.699
5150.73,-78.0,955.0,-177.0,0.419,-0.769,-0.56
5150.91,-80.0,957.0,-177.0,0.419,-0.769,-0.49
5151.9,-79.0,956.0,-177.0,0.349,-0.629,-0.56
5151.28,-82.0,956.0,-178.0,0.419,-0.699,-0.56
5151.46,-81.0,957.0,-177.0,0.419,-0.839,-0.699
5151.64,-76.0,959.0,-176.0,0.419,-0.769,-0.56
5151.82,-84.0,957.0,-178.0,0.49,-0.769,-0.56
5152.0,-78.0,957.0,-176.0,0.419,-0.91,-0.699
5152.19,-80.0,955.0,-177.0,0.49,-0.56,-0.349
5152.37,-83.0,957.0,-176.0,0.349,-0.91,-0.699
5152.55,-78.0,957.0,-176.0,0.419,-0.769,-0.56
5152.73,-79.0,958.0,-175.0,0.209,-0.629,-0.419
5152.92,-85.0,958.0,-175.0,0.49,-0.629,-0.49
5153.1,-80.0,956.0,-175.0,0.349,-1.049,-0.769
5153.28,-79.0,957.0,-176.0,0.49,-0.629,-0.49
5153.46,-78.0,956.0,-175.0,0.28,-0.699,-0.56
5153.64,-85.0,958.0,-176.0,0.49,-0.91,-0.629
5153.83,-73.0,957.0,-175.0,0.209,-0.769,-0.56
5154.1,-85.0,956.0,-176.0,0.49,-0.56,-0.419
5154.19,-80.0,957.0,-175.0,0.349,-0.98,-0.699
5154.37,-76.0,956.0,-174.0,0.349,-0.629,-0.49
5154.56,-80.0,957.0,-175.0,0.349,-0.629,-0.419
5154.74,-80.0,957.0,-175.0,0.28,-0.91,-0.629
5154.92,-80.0,958.0,-175.0,0.49,-0.699,-0.419
5155.1,-81.0,958.0,-174.0,0.28,-0.769,-0.629
5155.29,-81.0,956.0,-178.0,0.49,-0.699,-0.49
5155.47,-80.0,955.0,-176.0,0.419,-0.769,-0.49
5155.65,-83.0,956.0,-176.0,0.419,-0.629,-0.49
5158.38,-80.0,956.0,-175.0,0.49,-0.769,-0.49
5158.57,-82.0,957.0,-175.0,0.419,-0.769,-0.629
5158.75,-79.0,956.0,-175.0,0.419,-0.839,-0.629
5158.93,-79.0,957.0,-175.0,0.49,-0.699,-0.49
5159.11,-79.0,957.0,-175.0,0.349,-0.839,-0.629
5159.3,-79.0,958.0,-175.0,0.419,-0.769,-0.629
5159.48,-80.0,956.0,-174.0,0.349,-0.699,-0.49
5159.66,-81.0,957.0,-174.0,0.419,-0.769,-0.629
5159.84,-79.0,957.0,-175.0,0.419,-0.769,-0.56
5160.2,-81.0,956.0,-175.0,0.49,-0.699,-0.49
5160.21,-80.0,957.0,-176.0,0.419,-0.769,-0.49
5160.39,-81.0,958.0,-175.0,0.49,-0.699,-0.56
5160.57,-80.0,956.0,-176.0,0.419,-0.699,-0.629
5160.75,-82.0,957.0,-175.0,0.419,-0.769,-0.56
5160.94,-79.0,958.0,-175.0,0.349,-0.699,-0.49
5161.12,-80.0,958.0,-175.0,0.419,-0.699,-0.49
5161.3,-82.0,957.0,-174.0,0.49,-0.839,-0.56
5161.48,-79.0,957.0,-176.0,0.49,-0.769,-0.49
5161.67,-81.0,957.0,-176.0,0.49,-0.699,-0.419
5161.85,-80.0,957.0,-175.0,0.419,-0.769,-0.49
5162.3,-79.0,956.0,-175.0,0.419,-0.769,-0.49
5162.21,-81.0,957.0,-175.0,0.419,-0.699,-0.56
5162.39,-80.0,957.0,-174.0,0.419,-0.769,-0.56
5162.58,-80.0,957.0,-175.0,0.419,-0.699,-0.629
5162.76,-81.0,957.0,-176.0,0.349,-0.769,-0.49
5162.94,-80.0,957.0,-175.0,0.419,-0.699,-0.56
5163.12,-79.0,957.0,-175.0,0.419,-0.769,-0.56
5163.31,-80.0,957.0,-175.0,0.419,-0.769,-0.419
5163.49,-80.0,957.0,-174.0,0.419,-0.769,-0.56
5163.67,-79.0,957.0,-175.0,0.419,-0.699,-0.49
5163.85,-82.0,958.0,-175.0,0.49,-0.699,-0.49
5164.3,-81.0,957.0,-175.0,0.349,-0.699,-0.699
5164.22,-79.0,957.0,-176.0,0.419,-0.699,-0.49
5164.4,-81.0,957.0,-175.0,0.349,-0.769,-0.56
5164.58,-81.0,957.0,-175.0,0.419,-0.699,-0.49
5164.76,-80.0,958.0,-175.0,0.349,-0.839,-0.629
5164.95,-81.0,957.0,-175.0,0.419,-0.699,-0.56
5165.13,-81.0,958.0,-176.0,0.349,-0.769,-0.629
5165.31,-80.0,957.0,-175.0,0.419,-0.839,-0.49
5165.49,-81.0,957.0,-175.0,0.49,-0.769,-0.56
5165.68,-80.0,957.0,-174.0,0.419,-0.699,-0.56
5165.86,-82.0,957.0,-175.0,0.419,-0.699,-0.56
5166.4,-80.0,956.0,-175.0,0.349,-0.769,-0.56
5166.22,-80.0,957.0,-176.0,0.49,-0.699,-0.629
5166.4,-80.0,957.0,-174.0,0.419,-0.839,-0.629
5166.59,-80.0,957.0,-175.0,0.349,-0.769,-0.56
5166.77,-80.0,957.0,-175.0,0.419,-0.769,-0.56
5166.95,-80.0,956.0,-175.0,0.49,-0.769,-0.56
5167.13,-82.0,957.0,-174.0,0.419,-0.699,-0.56
5167.32,-81.0,958.0,-175.0,0.419,-0.769,-0.629
5167.5,-80.0,957.0,-175.0,0.419,-0.629,-0.56
5167.68,-81.0,957.0,-174.0,0.419,-0.699,-0.56
5167.86,-79.0,957.0,-175.0,0.419,-0.769,-0.56
5168.5,-80.0,956.0,-176.0,0.419,-0.769,-0.56
5168.23,-81.0,957.0,-175.0,0.49,-0.769,-0.629
5168.41,-80.0,957.0,-176.0,0.419,-0.769,-0.56
5168.59,-79.0,958.0,-174.0,0.49,-0.699,-0.56
5168.77,-81.0,957.0,-176.0,0.49,-0.629,-0.629
5168.96,-80.0,957.0,-175.0,0.349,-0.769,-0.56
5169.14,-80.0,958.0,-175.0,0.419,-0.699,-0.49
5169.32,-80.0,957.0,-175.0,0.419,-0.839,-0.56
5169.5,-80.0,957.0,-175.0,0.49,-0.699,-0.56
5169.69,-79.0,956.0,-175.0,0.419,-0.769,-0.56
5169.87,-81.0,957.0,-176.0,0.419,-0.769,-0.56
5170.5,-80.0,957.0,-174.0,0.349,-0.699,-0.56
5170.23,-80.0,957.0,-174.0,0.419,-0.699,-0.49
5170.42,-81.0,957.0,-175.0,0.419,-0.699,-0.56
5170.6,-79.0,957.0,-175.0,0.419,-0.699,-0.56
5170.78,-81.0,958.0,-175.0,0.419,-0.769,-0.56
5170.96,-80.0,957.0,-175.0,0.49,-0.699,-0.56
5171.33,-79.0,956.0,-175.0,0.419,-0.699,-0.56
5171.51,-80.0,957.0,-175.0,0.349,-0.699,-0.49
5171.69,-80.0,956.0,-176.0,0.349,-0.699,-0.56
5171.87,-81.0,957.0,-175.0,0.49,-0.769,-0.49
5172.6,-80.0,957.0,-175.0,0.349,-0.769,-0.629
5172.24,-79.0,957.0,-174.0,0.49,-0.629,-0.49
5172.42,-80.0,957.0,-175.0,0.349,-0.839,-0.629
5172.6,-79.0,957.0,-175.0,0.419,-0.699,-0.419
5172.79,-62.0,963.0,-186.0,0.629,-1.049,-0.56
5172.97,-74.0,954.0,-172.0,0.349,-0.28,0.209
5173.15,-94.0,963.0,-178.0,0.56,-1.33,-1.259
5173.33,-66.0,952.0,-175.0,0.419,-0.629,-0.14
5173.51,-91.0,959.0,-177.0,0.56,-0.769,-0.769
5173.7,-58.0,955.0,-183.0,0.419,-1.61,-0.699
5173.88,-84.0,957.0,-169.0,0.839,-0.49,0.07
5174.6,-86.0,960.0,-178.0,0.14,-0.629,-1.19
5174.24,-73.0,952.0,-178.0,0.349,-1.049,-0.56
5174.43,-71.0,956.0,-177.0,0.419,-0.699,-0.14
5174.61,-98.0,958.0,-171.0,0.56,-0.699,-0.629
5174.97,-85.0,957.0,-178.0,0.56,-0.209,0.07
5175.15,-70.0,961.0,-169.0,-0.14,-1.47,-0.98
5175.34,-85.0,948.0,-178.0,0.91,0.209,0.349
5175.52,-83.0,964.0,-170.0,-0.07,-1.75,-1.47
5175.7,-55.0,954.0,-176.0,1.049,-0.209,0.56
5175.88,-91.0,951.0,-165.0,1.12,-0.49,0.209
5176.7,-82.0,962.0,-174.0,-0.419,-1.399,-1.259
5176.25,-73.0,954.0,-173.0,0.839,-0.14,-0.07
5176.43,-84.0,958.0,-180.0,0.49,-1.049,-0.699
5176.61,-81.0,956.0,-173.0,0.349,-0.419,-0.56
5176.8,-75.0,954.0,-182.0,1.049,-0.91,-0.629
5176.98,-81.0,955.0,-176.0,0.14,-0.839,-0.349
5177.16,-80.0,956.0,-176.0,0.629,-0.839,-0.56
5177.34,-81.0,957.0,-177.0,0.07,-0.699,-0.629
5177.52,-76.0,955.0,-176.0,0.629,-0.699,-0.49
5177.71,-84.0,957.0,-177.0,0.28,-0.839,-0.629
5177.89,-78.0,956.0,-176.0,0.629,-0.769,-0.419
5178.7,-82.0,959.0,-175.0,0.49,-0.91,-0.839
5178.25,-73.0,955.0,-176.0,0.419,-0.769,-0.349
5178.44,-83.0,958.0,-177.0,0.419,-0.699,-0.699
5178.62,-78.0,957.0,-176.0,0.49,-0.839,-0.49
5178.8,-80.0,957.0,-177.0,0.349,-0.699,-0.56
5178.98,-77.0,955.0,-177.0,0.419,-0.839,-0.49
5179.17,-82.0,957.0,-176.0,0.49,-0.699,-0.56
5179.53,-78.0,957.0,-176.0,0.349,-0.91,-0.699
5179.71,-77.0,955.0,-178.0,0.349,-0.769,-0.419
5179.89,-82.0,957.0,-177.0,0.56,-0.839,-0.629
5180.8,-78.0,957.0,-176.0,0.419,-0.699,-0.49
5180.26,-81.0,957.0,-175.0,0.49,-0.699,-0.56
5180.44,-78.0,956.0,-176.0,0.349,-0.769,-0.56
5180.62,-78.0,959.0,-174.0,0.419,-0.769,-0.49
5180.81,-81.0,957.0,-174.0,0.49,-0.769,-0.49
5180.99,-80.0,957.0,-174.0,-0.07,-0.629,-0.699
5181.17,-77.0,956.0,-178.0,0.769,-0.629,-0.419
5181.35,-83.0,958.0,-173.0,0.14,-0.98,-0.56
5181.53,-85.0,962.0,-164.0,0.769,-1.399,-1.19
5181.72,-72.0,956.0,-179.0,0.209,-0.28,-0.14
5181.9,-90.0,960.0,-172.0,0.629,-1.049,-0.699
5182.8,-76.0,957.0,-176.0,0.49,-0.839,-0.629
5182.26,-75.0,956.0,-172.0,0.49,-0.49,-0.349
5182.45,-85.0,959.0,-179.0,0.629,-0.91,-0.56
5182.63,-78.0,956.0,-174.0,0.419,-0.629,-0.56
5182.81,-82.0,956.0,-178.0,0.56,-0.699,-0.629
5182.99,-81.0,955.0,-174.0,0.349,-0.769,-0.699
5183.17,-81.0,958.0,-176.0,0.56,-0.91,-0.49
5183.36,-79.0,958.0,-174.0,0.349,-0.699,-0.49
5183.54,-81.0,958.0,-175.0,0.419,-0.699,-0.56
5183.72,-80.0,956.0,-175.0,0.28,-0.769,-0.419
5183.9,-80.0,957.0,-175.0,0.56,-0.839,-0.56
5184.9,25.0,936.0,-99.0,0.629,-8.96,-5.11
5185.36,-80.0,952.0,-174.0,0.209,-0.769,-0.419
5185.54,-77.0,955.0,-183.0,0.419,-0.629,-0.629
5185.73,-79.0,958.0,-170.0,-0.209,-0.629,-0.28
5185.91,-83.0,959.0,-176.0,0.209,-0.699,-0.769
5186.9,-77.0,960.0,-173.0,0.28,-0.769,-0.629
5186.27,-81.0,961.0,-173.0,0.56,-0.699,-0.56
5186.46,-80.0,957.0,-176.0,0.49,-0.91,-0.56
5186.64,-79.0,958.0,-176.0,0.699,-0.769,-0.419
5186.82,-82.0,956.0,-177.0,0.49,-0.699,-0.56
5187.0,-80.0,954.0,-181.0,0.56,-0.769,-0.699
5187.19,-79.0,955.0,-177.0,0.349,-0.629,-0.49
5187.37,-82.0,956.0,-177.0,0.209,-0.699,-0.56
5187.55,-79.0,957.0,-177.0,0.209,-0.769,-0.699
5187.73,-80.0,957.0,-175.0,0.419,-0.629,-0.49
5187.91,-82.0,958.0,-176.0,0.419,-0.699,-0.629
5188.1,-79.0,958.0,-176.0,0.56,-0.769,-0.56
5188.28,-80.0,957.0,-177.0,0.419,-0.769,-0.49
5188.46,-81.0,956.0,-177.0,0.419,-0.769,-0.56
5188.64,-79.0,956.0,-179.0,0.49,-0.699,-0.56
5188.83,-81.0,957.0,-177.0,0.349,-0.699,-0.56
5189.1,-81.0,957.0,-178.0,0.49,-0.699,-0.49
5189.19,-80.0,957.0,-177.0,0.349,-0.699,-0.56
5189.37,-80.0,957.0,-177.0,0.56,-0.699,-0.629
5189.55,-80.0,958.0,-176.0,0.349,-0.699,-0.56
5189.74,-81.0,956.0,-178.0,0.56,-0.699,-0.49
5189.92,-81.0,957.0,-176.0,0.419,-0.839,-0.56
5190.1,-81.0,957.0,-177.0,0.49,-0.629,-0.56
5190.28,-80.0,958.0,-177.0,0.349,-0.839,-0.56
5190.47,-79.0,956.0,-176.0,0.419,-0.699,-0.49
5190.65,-81.0,957.0,-178.0,0.349,-0.629,-0.56
5190.83,-84.0,957.0,-177.0,0.28,-0.699,-0.419
5191.1,-81.0,958.0,-176.0,0.56,-0.91,-0.91
5191.2,-77.0,955.0,-176.0,0.349,-0.56,-0.28
5191.38,-83.0,958.0,-176.0,0.419,-0.769,-0.769
5191.56,-78.0,956.0,-177.0,0.419,-0.769,-0.49
5191.74,-81.0,958.0,-176.0,0.419,-0.769,-0.56
5191.92,-80.0,957.0,-177.0,0.419,-0.839,-0.629
5192.11,-79.0,956.0,-178.0,0.419,-0.699,-0.49
5192.29,-80.0,957.0,-177.0,0.419,-0.769,-0.56
5192.47,-81.0,956.0,-177.0,0.419,-0.769,-0.56
5192.65,-80.0,957.0,-176.0,0.349,-0.699,-0.49
5192.84,-80.0,956.0,-178.0,0.419,-0.699,-0.56
5193.2,-80.0,956.0,-177.0,0.419,-0.839,-0.49
5193.2,-80.0,957.0,-175.0,0.349,-0.839,-0.629
5193.38,-80.0,957.0,-178.0,0.49,-0.629,-0.49
5193.56,-82.0,957.0,-176.0,0.49,-0.769,-0.56
5193.75,-80.0,958.0,-176.0,0.49,-0.839,-0.629
5193.93,-79.0,957.0,-176.0,0.209,-0.699,-0.49
5194.11,-85.0,957.0,-178.0,0.769,-0.49,-0.419
5194.29,-80.0,956.0,-174.0,0.14,-0.839,-0.839
5194.48,-79.0,956.0,-178.0,0.56,-0.629,-0.28
5194.66,-81.0,958.0,-174.0,0.49,-0.91,-0.699
5194.84,-79.0,956.0,-176.0,0.28,-0.629,-0.419
5195.2,-79.0,956.0,-178.0,0.49,-0.769,-0.56
5195.21,-80.0,957.0,-177.0,0.419,-0.839,-0.49
5195.39,-77.0,957.0,-175.0,0.349,-0.769,-0.56
5195.57,-80.0,957.0,-179.0,0.49,-0.56,-0.49
5195.75,-81.0,957.0,-177.0,0.349,-0.769,-0.56
5195.93,-80.0,958.0,-178.0,0.49,-0.769,-0.629
5196.12,-82.0,956.0,-177.0,0.419,-0.769,-0.49
5196.3,-79.0,957.0,-176.0,0.49,-0.769,-0.629
5196.48,-80.0,956.0,-177.0,0.349,-0.699,-0.49
5196.66,-80.0,956.0,-178.0,0.49,-0.699,-0.629
5196.85,-80.0,956.0,-177.0,0.49,-0.839,-0.56
5197.3,-80.0,957.0,-178.0,0.419,-0.629,-0.629
5197.21,-79.0,955.0,-179.0,0.419,-0.629,-0.349
5197.39,-80.0,958.0,-176.0,0.49,-0.839,-0.629
5197.57,-83.0,957.0,-175.0,0.419,-0.699,-0.349
5197.76,-80.0,957.0,-175.0,0.28,-0.769,-0.699
5197.94,-78.0,957.0,-177.0,0.49,-0.699,-0.56
5198.12,-81.0,957.0,-176.0,0.419,-0.839,-0.49
5198.3,-81.0,956.0,-177.0,0.349,-0.629,-0.56
5198.49,-79.0,958.0,-179.0,0.49,-0.769,-0.699
5198.67,-81.0,956.0,-175.0,0.49,-0.769,-0.419
5198.85,-80.0,957.0,-176.0,0.28,-0.699,-0.699
5199.3,-79.0,956.0,-177.0,0.49,-0.699,-0.419
5199.22,-80.0,957.0,-177.0,0.419,-0.769,-0.56
5199.4,-82.0,957.0,-176.0,0.49,-0.769,-0.56
5199.58,-94.0,957.0,-174.0,0.56,-0.699,-0.56
5199.76,-78.0,957.0,-176.0,0.209,-0.769,-0.839
5199.94,-78.0,957.0,-177.0,0.629,-0.699,-0.349
5200.13,-84.0,957.0,-176.0,0.419,-0.699,-0.629
5200.31,-79.0,956.0,-177.0,0.349,-0.699,-0.49
5200.49,-83.0,956.0,-178.0,0.49,-0.629,-0.49
5200.67,-81.0,957.0,-176.0,0.419,-0.91,-0.56
5200.86,-80.0,956.0,-178.0,0.49,-0.629,-0.49
5201.4,-80.0,957.0,-176.0,0.28,-0.769,-0.49
5201.22,-81.0,958.0,-177.0,0.349,-0.769,-0.56
5201.4,-79.0,957.0,-176.0,0.49,-0.769,-0.49
5201.58,-81.0,957.0,-177.0,0.49,-0.769,-0.629
5201.77,-79.0,957.0,-177.0,0.349,-0.769,-0.56
5201.95,-80.0,955.0,-177.0,0.419,-0.769,-0.49
5202.13,-82.0,957.0,-177.0,0.28,-0.769,-0.629
5202.31,-78.0,958.0,-177.0,0.28,-0.769,-0.699
5202.5,-77.0,954.0,-176.0,0.49,-0.56,-0.349
5202.68,-84.0,958.0,-177.0,0.349,-0.91,-0.629
5204.14,-81.0,957.0,-179.0,0.349,-0.629,-0.629
5204.32,-78.0,957.0,-176.0,0.419,-0.839,-0.49
5204.5,-82.0,957.0,-178.0,0.419,-0.629,-0.56
5204.68,-81.0,957.0,-175.0,0.349,-0.839,-0.629
5204.87,-80.0,957.0,-178.0,0.419,-0.699,-0.629
5205.5,-80.0,957.0,-175.0,0.49,-0.699,-0.49
5205.23,-82.0,956.0,-179.0,0.349,-0.769,-0.629
5205.41,-80.0,956.0,-176.0,0.419,-0.699,-0.49
5205.59,-80.0,956.0,-177.0,0.419,-0.699,-0.629
5205.78,-76.0,954.0,-185.0,0.419,-0.49,-0.56
5205.96,-82.0,956.0,-175.0,0.349,-0.769,-0.49
5206.14,-79.0,956.0,-178.0,0.629,-0.699,-0.699
5206.32,-81.0,956.0,-179.0,0.28,-0.699,-0.56
5206.51,-79.0,957.0,-177.0,0.49,-0.769,-0.629
5206.69,-80.0,956.0,-178.0,0.209,-0.629,-0.49
5206.87,-78.0,957.0,-176.0,0.49,-0.839,-0.629
5207.5,-82.0,956.0,-177.0,0.28,-0.699,-0.49
5207.24,-79.0,957.0,-178.0,0.49,-0.699,-0.699
5207.42,-80.0,956.0,-177.0,0.56,-0.91,-0.56
5207.6,-80.0,956.0,-176.0,0.349,-0.769,-0.49
5207.78,-79.0,957.0,-179.0,0.56,-0.769,-0.56
5207.96,-81.0,956.0,-176.0,0.419,-0.769,-0.629
5208.15,-79.0,956.0,-179.0,0.629,-0.699,-0.56
5208.33,-81.0,957.0,-176.0,0.349,-0.769,-0.56
5208.51,-79.0,957.0,-180.0,0.629,-0.699,-0.629
5208.69,-81.0,957.0,-177.0,0.419,-0.839,-0.56
5208.88,-80.0,955.0,-180.0,0.419,-0.699,-0.629
5209.6,-81.0,957.0,-179.0,0.49,-0.839,-0.56
5209.24,-79.0,956.0,-178.0,0.419,-0.769,-0.629
5209.42,-79.0,956.0,-177.0,0.419,-0.699,-0.49
5209.6,-81.0,957.0,-179.0,0.419,-0.699,-0.629
5209.79,-79.0,957.0,-175.0,0.49,-0.769,-0.49
5209.97,-81.0,957.0,-179.0,0.419,-0.629,-0.56
5210.15,-78.0,958.0,-178.0,0.419,-0.769,-0.629
5210.33,-80.0,957.0,-175.0,0.419,-0.769,-0.49
5210.52,-81.0,957.0,-177.0,0.49,-0.699,-0.629
5211.25,-79.0,955.0,-177.0,0.49,-0.769,-0.49
5211.43,-80.0,958.0,-177.0,0.419,-0.699,-0.56
5211.61,-79.0,956.0,-178.0,0.419,-0.699,-0.56
5211.79,-80.0,956.0,-178.0,0.49,-0.769,-0.629
5211.97,-80.0,957.0,-177.0,0.419,-0.699,-0.56
5212.16,-80.0,958.0,-177.0,0.49,-0.699,-0.629
5212.34,-79.0,957.0,-176.0,0.349,-0.769,-0.56
5212.52,-78.0,955.0,-180.0,0.419,-0.699,-0.56
5212.7,-80.0,956.0,-177.0,0.419,-0.699,-0.49
5212.89,-79.0,956.0,-177.0,0.349,-0.699,-0.629
5213.7,-78.0,958.0,-178.0,0.419,-0.769,-0.629
5213.25,-81.0,957.0,-176.0,0.419,-0.699,-0.56
5213.43,-79.0,956.0,-177.0,0.419,-0.699,-0.56
5213.61,-81.0,957.0,-178.0,0.28,-0.839,-0.629
5213.8,-79.0,956.0,-179.0,0.56,-0.839,-0.49
5213.98,-83.0,955.0,-177.0,0.419,-0.839,-0.49
5214.16,-79.0,957.0,-175.0,0.28,-0.629,-0.49
5214.34,-78.0,955.0,-181.0,0.629,-0.839,-0.56
5214.53,-77.0,955.0,-176.0,0.49,-1.049,-0.28
5215.62,-81.0,959.0,-176.0,0.349,-0.49,-0.56
5215.8,-83.0,957.0,-177.0,0.49,-0.56,-0.839
5215.98,-78.0,956.0,-179.0,0.629,-0.699,-0.629
5216.17,-79.0,955.0,-177.0,0.419,-0.91,-0.349
5216.35,-81.0,958.0,-176.0,0.349,-0.839,-0.49
5216.53,-79.0,958.0,-174.0,0.419,-0.699,-0.56
5216.71,-81.0,958.0,-178.0,0.56,-0.769,-0.769
5216.89,-76.0,956.0,-176.0,0.419,-0.769,-0.419
5217.8,-80.0,958.0,-178.0,0.56,-0.91,-0.56
5217.26,-77.0,956.0,-175.0,0.419,-0.91,-0.419
5217.44,-81.0,957.0,-177.0,0.349,-0.699,-0.629
5217.62,-78.0,956.0,-179.0,0.49,-0.629,-0.49
5217.81,-79.0,957.0,-176.0,0.419,-0.839,-0.629
5217.99,-78.0,957.0,-177.0,0.49,-0.839,-0.49
5218.17,-79.0,958.0,-179.0,0.28,-0.839,-0.56
5218.35,-79.0,955.0,-178.0,0.49,-0.699,-0.56
5218.54,-78.0,958.0,-179.0,0.49,-0.839,-0.629
5218.72,-79.0,957.0,-176.0,0.49,-0.769,-0.56
5218.9,-80.0,957.0,-177.0,0.419,-0.769,-0.629
5219.8,-80.0,956.0,-178.0,0.49,-0.769,-0.49
5219.26,-80.0,957.0,-176.0,0.349,-0.699,-0.49
5219.45,-80.0,957.0,-178.0,0.49,-0.769,-0.56
5219.63,-81.0,956.0,-179.0,0.349,-0.699,-0.56
5219.81,-81.0,955.0,-177.0,0.49,-0.769,-0.629
5219.99,-80.0,955.0,-179.0,0.419,-0.629,-0.49
5220.18,-80.0,957.0,-178.0,0.349,-0.769,-0.49
5220.36,-81.0,958.0,-177.0,0.349,-0.699,-0.629
5220.54,-80.0,957.0,-178.0,0.49,-0.699,-0.56
5220.72,-80.0,957.0,-178.0,0.419,-0.699,-0.56
5220.9,-79.0,957.0,-178.0,0.56,-0.769,-0.56
5221.9,-79.0,956.0,-177.0,0.349,-0.769,-0.49
5221.27,-80.0,957.0,-177.0,0.419,-0.629,-0.629
5221.45,-80.0,957.0,-177.0,0.419,-0.699,-0.629
5221.63,-77.0,956.0,-175.0,0.49,-0.629,-0.49
5221.82,-82.0,957.0,-179.0,0.49,-0.769,-0.629
5222.0,-78.0,957.0,-175.0,0.349,-0.839,-0.629
5222.18,-78.0,957.0,-178.0,0.419,-0.699,-0.56
5222.36,-82.0,958.0,-175.0,0.49,-0.769,-0.56
5222.55,-80.0,956.0,-178.0,0.349,-0.769,-0.629
5222.73,-77.0,955.0,-178.0,0.49,-0.839,-0.49
5222.91,-80.0,958.0,-177.0,0.49,-0.839,-0.49
5223.9,-81.0,956.0,-177.0,0.419,-0.699,-0.56
5223.27,-79.0,956.0,-179.0,0.629,-0.699,-0.629
5223.46,-80.0,957.0,-175.0,0.49,-0.98,-0.56
5223.64,-78.0,957.0,-178.0,0.629,-0.629,-0.629
5223.82,-81.0,957.0,-175.0,0.419,-0.699,-0.419
5224.0,-80.0,958.0,-179.0,0.419,-0.699,-0.699
5226.74,-78.0,956.0,-174.0,0.14,-0.56,-0.49
5226.92,-80.0,957.0,-177.0,0.56,-0.629,-0.629
5227.1,-78.0,956.0,-178.0,0.49,-0.839,-0.49
5227.28,-79.0,957.0,-173.0,0.419,-0.769,-0.49
5227.47,-80.0,958.0,-177.0,0.349,-0.629,-0.629
5227.65,-79.0,957.0,-174.0,0.49,-0.699,-0.49
5227.83,-80.0,958.0,-178.0,0.49,-0.769,-0.629
5228.1,-81.0,957.0,-175.0,0.49,-0.699,-0.49
5228.2,-81.0,956.0,-179.0,0.49,-0.699,-0.629
5228.38,-79.0,957.0,-177.0,0.419,-0.769,-0.56
5228.56,-81.0,957.0,-176.0,0.419,-0.699,-0.49
5228.74,-80.0,956.0,-177.0,0.419,-0.699,-0.56
5228.92,-79.0,956.0,-177.0,0.49,-0.769,-0.49
5229.11,-82.0,956.0,-177.0,0.49,-0.699,-0.49
5229.29,-80.0,955.0,-178.0,0.349,-0.769,-0.56
5229.47,-81.0,957.0,-176.0,0.56,-0.699,-0.49
5229.65,-79.0,957.0,-179.0,0.28,-0.699,-0.629
5229.84,-79.0,956.0,-176.0,0.49,-0.699,-0.419
5230.2,-82.0,958.0,-179.0,0.49,-0.769,-0.629
5230.2,-79.0,956.0,-175.0,0.28,-0.699,-0.49
5230.38,-82.0,957.0,-178.0,0.419,-0.629,-0.56
5230.57,-80.0,956.0,-174.0,0.419,-0.699,-0.629
5230.75,-80.0,956.0,-177.0,0.28,-0.699,-0.56
5230.93,-78.0,957.0,-176.0,0.419,-0.699,-0.629
5231.11,-80.0,958.0,-179.0,0.349,-0.839,-0.629
5231.29,-79.0,956.0,-175.0,0.419,-0.699,-0.349
5231.48,-82.0,957.0,-178.0,0.28,-0.699,-0.629
5231.66,-79.0,957.0,-175.0,0.349,-0.839,-0.49
5231.84,-81.0,958.0,-178.0,0.419,-0.699,-0.49
5232.2,-80.0,957.0,-175.0,0.209,-0.769,-0.49
5232.21,-80.0,958.0,-179.0,0.629,-0.56,-0.49
5232.39,-81.0,958.0,-174.0,0.28,-0.769,-0.56
5232.57,-79.0,957.0,-180.0,0.56,-0.769,-0.56
5232.75,-80.0,957.0,-176.0,0.349,-0.91,-0.49
5232.94,-79.0,956.0,-176.0,0.49,-0.699,-0.56
5233.12,-82.0,958.0,-177.0,0.419,-0.699,-0.56
5233.3,-80.0,956.0,-177.0,0.49,-0.769,-0.56
5233.48,-80.0,957.0,-174.0,0.14,-0.629,-0.56
5233.66,-81.0,957.0,-179.0,0.629,-0.699,-0.56
5233.85,-79.0,956.0,-174.0,0.349,-0.839,-0.56
5234.3,-79.0,956.0,-177.0,0.349,-0.56,-0.419
5234.21,-82.0,957.0,-177.0,0.56,-0.839,-0.629
5234.39,-79.0,956.0,-177.0,0.56,-0.769,-0.56
5234.58,-79.0,957.0,-176.0,0.419,-0.769,-0.56
5234.76,-81.0,956.0,-176.0,0.349,-0.629,-0.419
5234.94,-86.0,957.0,-178.0,0.209,-0.629,-0.699
5235.12,-76.0,957.0,-180.0,0.419,-0.629,-0.699
5235.31,-82.0,957.0,-177.0,0.28,-0.56,-0.419
5235.49,-80.0,957.0,-176.0,0.28,-0.769,-0.629
5235.67,-78.0,956.0,-177.0,0.49,-0.629,-0.49
5235.85,-82.0,958.0,-178.0,0.56,-0.769,-0.699
5236.3,-77.0,955.0,-178.0,0.49,-0.699,-0.56
5236.4,-82.0,957.0,-178.0,0.349,-0.769,-0.56
5236.58,-80.0,956.0,-180.0,0.56,-0.769,-0.56
5236.76,-80.0,957.0,-178.0,0.419,-0.699,-0.629
5236.95,-83.0,957.0,-178.0,0.419,-0.769,-0.56
5237.13,-77.0,956.0,-178.0,0.28,-0.769,-0.49
5237.31,-83.0,958.0,-179.0,0.49,-0.769,-0.49
5237.49,-80.0,957.0,-178.0,0.419,-0.769,-0.56
5237.68,-81.0,956.0,-180.0,0.419,-0.629,-0.56
5237.86,-81.0,957.0,-178.0,0.419,-0.839,-0.56
5238.4,-81.0,957.0,-180.0,0.419,-0.699,-0.49
5238.22,-81.0,958.0,-177.0,0.49,-0.839,-0.629
5238.4,-79.0,956.0,-178.0,0.349,-0.629,-0.49
5245.33,-80.0,958.0,-179.0,0.419,-0.769,-0.629
5245.51,-81.0,956.0,-175.0,0.349,-0.699,-0.49
5245.7,-81.0,958.0,-177.0,0.28,-0.769,-0.629
5245.88,-77.0,956.0,-178.0,0.419,-0.699,-0.49
5246.6,-79.0,957.0,-177.0,0.349,-0.699,-0.49
5246.24,-80.0,956.0,-178.0,0.209,-0.56,-0.56
5246.43,-79.0,957.0,-178.0,0.419,-0.839,-0.629
5246.61,-78.0,957.0,-175.0,0.419,-0.699,-0.49
5246.79,-81.0,956.0,-179.0,0.349,-0.699,-0.629
5246.97,-79.0,957.0,-176.0,0.419,-0.699,-0.56
5247.16,-79.0,955.0,-177.0,0.56,-0.769,-0.56
5247.34,-80.0,957.0,-176.0,0.419,-0.769,-0.56
5247.52,-81.0,956.0,-177.0,0.419,-0.699,-0.629
5247.7,-81.0,957.0,-177.0,0.49,-0.699,-0.56
5247.88,-80.0,957.0,-176.0,0.49,-0.769,-0.49
5248.43,-81.0,957.0,-178.0,0.49,-0.699,-0.49
5248.61,-78.0,956.0,-176.0,0.419,-0.769,-0.56
5248.8,-81.0,957.0,-179.0,0.49,-0.699,-0.419
5248.98,-80.0,956.0,-174.0,0.419,-0.839,-0.56
5249.16,-78.0,959.0,-181.0,0.49,-0.769,-0.769
5249.34,-81.0,957.0,-174.0,0.349,-0.769,-0.349
5249.52,-82.0,958.0,-179.0,0.49,-0.629,-0.769
5249.71,-80.0,957.0,-173.0,0.209,-0.839,-0.419
5249.89,-81.0,958.0,-178.0,0.49,-0.699,-0.699
5250.7,-81.0,957.0,-176.0,0.56,-0.769,-0.349
5250.25,-81.0,957.0,-176.0,0.49,-0.699,-0.699
5250.44,-79.0,957.0,-176.0,0.419,-0.839,-0.49
5258.9,-82.0,958.0,-177.0,0.349,-0.769,-0.629
5258.27,-77.0,956.0,-176.0,0.28,-0.629,-0.419
5258.46,-83.0,958.0,-176.0,0.349,-0.699,-0.49
5258.64,-79.0,954.0,-177.0,0.419,-0.699,-0.629
5258.82,-79.0,957.0,-177.0,0.349,-0.699,-0.419
5259.0,-80.0,957.0,-177.0,0.49,-0.769,-0.56
5259.19,-80.0,957.0,-179.0,0.49,-0.629,-0.56
5259.37,-77.0,957.0,-176.0,0.56,-0.699,-0.56
5259.55,-80.0,958.0,-176.0,0.28,-0.56,-0.419
5259.73,-78.0,958.0,-177.0,0.49,-0.699,-0.629
5259.92,-80.0,957.0,-179.0,0.49,-0.629,-0.49
5260.1,-79.0,957.0,-175.0,0.419,-0.699,-0.56
5260.28,-78.0,956.0,-180.0,0.49,-0.56,-0.49
5260.46,-78.0,956.0,-177.0,0.49,-0.769,-0.49
5260.64,-79.0,957.0,-180.0,0.419,-0.629,-0.56
5260.83,-76.0,956.0,-176.0,0.49,-0.839,-0.419
5261.1,-81.0,957.0,-183.0,0.349,-0.699,-0.629
5261.19,-76.0,953.0,-177.0,0.629,-0.769,-0.419
5261.37,-82.0,957.0,-181.0,0.419,-0.769,-0.56
5261.56,-79.0,956.0,-176.0,0.349,-0.769,-0.629
5261.74,-78.0,956.0,-181.0,0.56,-0.699,-0.56
5261.92,-79.0,957.0,-177.0,0.349,-0.769,-0.49
5262.1,-82.0,957.0,-179.0,0.49,-0.91,-0.839
5262.29,-76.0,956.0,-177.0,0.209,-0.629,-0.419
5262.47,-81.0,957.0,-180.0,0.49,-0.629,-0.629
5262.65,-78.0,956.0,-179.0,0.28,-0.839,-0.49
5262.83,-80.0,955.0,-178.0,0.28,-0.769,-0.56
5263.1,-80.0,957.0,-175.0,0.419,-0.769,-0.629
5263.2,-81.0,957.0,-177.0,0.349,-0.769,-0.56
5263.38,-79.0,956.0,-178.0,0.419,-0.839,-0.629
5263.56,-80.0,956.0,-177.0,0.419,-0.769,-0.629
5263.74,-79.0,956.0,-174.0,0.349,-0.699,-0.49
5263.93,-81.0,956.0,-178.0,0.419,-0.839,-0.699
5264.11,-78.0,957.0,-177.0,0.419,-0.769,-0.56
5264.29,-81.0,956.0,-180.0,0.56,-0.769,-0.56
5264.47,-78.0,955.0,-177.0,0.49,-0.769,-0.56
5264.66,-84.0,957.0,-175.0,0.349,-0.769,-0.629
5264.84,-77.0,955.0,-177.0,0.419,-0.699,-0.629
5265.2,-78.0,958.0,-174.0,0.419,-0.769,-0.56
5265.93,-80.0,957.0,-180.0,0.49,-0.629,-0.699
5266.11,-77.0,957.0,-181.0,0.49,-0.629,-0.49
5266.3,-83.0,958.0,-180.0,0.419,-0.699,-0.56
5266.48,-78.0,956.0,-179.0,0.349,-0.769,-0.629
5266.66,-79.0,956.0,-178.0,0.349,-0.629,-0.49
5266.84,-81.0,956.0,-180.0,0.419,-0.699,-0.56
5267.2,-80.0,957.0,-177.0,0.419,-0.629,-0.56
5267.21,-83.0,956.0,-179.0,0.49,-0.769,-0.56
5267.39,-78.0,955.0,-178.0,0.349,-0.56,-0.419
5267.57,-80.0,958.0,-178.0,0.699,-0.699,-0.56
5273.59,-79.0,957.0,-179.0,0.419,-0.839,-0.56
5273.77,-80.0,957.0,-176.0,0.419,-0.699,-0.56
5273.95,-79.0,957.0,-179.0,0.419,-0.699,-0.56
5274.13,-80.0,956.0,-177.0,0.49,-0.839,-0.49
5274.32,-78.0,956.0,-177.0,0.56,-0.769,-0.629
5274.5,-83.0,957.0,-175.0,0.28,-0.629,-0.56
5274.68,-77.0,957.0,-178.0,0.419,-0.839,-0.56
5274.86,-81.0,956.0,-175.0,0.419,-0.629,-0.49
5275.5,-79.0,957.0,-179.0,0.419,-0.769,-0.56
5275.23,-81.0,956.0,-176.0,0.49,-0.629,-0.56
5275.41,-79.0,956.0,-178.0,0.349,-0.699,-0.49
5275.59,-79.0,956.0,-176.0,0.28,-0.839,-0.49
5275.77,-80.0,958.0,-178.0,0.49,-0.629,-0.56
5275.96,-81.0,956.0,-176.0,0.349,-0.839,-0.56
5276.14,-80.0,957.0,-178.0,0.419,-0.699,-0.629
5276.32,-78.0,957.0,-176.0,0.419,-0.769,-0.49
5276.5,-79.0,957.0,-178.0,0.49,-0.769,-0.49
5276.69,-80.0,955.0,-176.0,0.349,-0.769,-0.49
5276.87,-79.0,956.0,-181.0,0.419,-0.629,-0.56
5281.79,-81.0,957.0,-177.0,0.49,-0.699,-0.56
5281.97,-79.0,957.0,-177.0,0.209,-0.769,-0.56
5282.16,-79.0,958.0,-176.0,0.419,-0.699,-0.629
5282.34,-80.0,957.0,-178.0,0.28,-0.769,-0.56
5282.52,-78.0,957.0,-178.0,0.56,-0.91,-0.629
5282.7,-79.0,957.0,-176.0,0.49,-0.769,-0.49
5282.88,-79.0,957.0,-177.0,0.419,-0.769,-0.56
5283.7,-81.0,956.0,-178.0,0.49,-0.839,-0.56
5283.25,-75.0,957.0,-177.0,0.629,-0.839,-0.49
5283.43,-81.0,958.0,-177.0,0.419,-0.699,-0.49
5283.61,-76.0,956.0,-176.0,0.49,-0.699,-0.629
5283.8,-79.0,955.0,-181.0,0.349,-0.699,-0.49
5291.82,-80.0,957.0,-176.0,0.349,-0.769,-0.56
5292.0,-80.0,957.0,-176.0,0.419,-0.839,-0.56
5292.18,-80.0,955.0,-179.0,0.349,-0.629,-0.56
5292.36,-79.0,957.0,-176.0,0.419,-0.769,-0.629
5292.55,-80.0,957.0,-179.0,0.349,-0.699,-0.56
5292.73,-79.0,956.0,-177.0,0.49,-0.699,-0.49
5292.91,-81.0,957.0,-177.0,0.28,-0.699,-0.629
5293.9,-79.0,957.0,-178.0,0.629,-0.769,-0.629
5293.28,-80.0,954.0,-178.0,0.28,-0.769,-0.419
5293.46,-79.0,957.0,-176.0,0.56,-0.769,-0.629
5293.64,-79.0,956.0,-178.0,0.419,-0.769,-0.49
5293.82,-79.0,955.0,-176.0,0.419,-0.769,-0.56
5294.0,-81.0,957.0,-178.0,0.49,-0.699,-0.629
5294.19,-79.0,957.0,-176.0,0.419,-0.769,-0.56
5294.37,-80.0,957.0,-176.0,0.349,-0.699,-0.49
5294.55,-80.0,958.0,-176.0,0.419,-0.769,-0.49
5294.73,-80.0,958.0,-176.0,0.49,-0.699,-0.629
5294.92,-80.0,958.0,-178.0,0.349,-0.839,-0.629
5297.83,-81.0,957.0,-179.0,0.349,-0.699,-0.49
5298.2,-81.0,956.0,-178.0,0.49,-0.839,-0.629
5298.2,-79.0,956.0,-178.0,0.349,-0.699,-0.49
5298.38,-82.0,957.0,-179.0,0.349,-0.629,-0.629
5298.56,-81.0,957.0,-177.0,0.28,-0.769,-0.56
5298.74,-79.0,958.0,-178.0,0.419,-0.769,-0.56
5298.93,-82.0,957.0,-175.0,0.419,-0.769,-0.56
5299.11,-80.0,957.0,-176.0,0.419,-0.91,-0.629
5299.29,-81.0,957.0,-177.0,0.419,-0.769,-0.56
5299.47,-79.0,957.0,-176.0,0.49,-0.839,-0.629
5299.66,-81.0,957.0,-179.0,0.28,-0.699,-0.49
5299.84,-79.0,956.0,-179.0,0.419,-0.769,-0.629
5300.2,-82.0,956.0,-180.0,0.349,-0.699,-0.629
5300.2,-79.0,955.0,-178.0,0.349,-0.699,-0.49
5300.39,-81.0,958.0,-179.0,0.56,-0.769,-0.629
5300.57,-80.0,957.0,-179.0,0.209,-0.769,-0.49
5300.75,-80.0,957.0,-179.0,0.49,-0.699,-0.629
5300.93,-80.0,957.0,-176.0,0.419,-0.769,-0.49
5301.11,-83.0,958.0,-180.0,0.49,-0.699,-0.629
5301.3,-78.0,955.0,-177.0,0.419,-0.839,-0.56
5301.48,-82.0,957.0,-179.0,0.349,-0.629,-0.56
5301.66,-78.0,956.0,-177.0,0.28,-0.699,-0.56
5306.22,-89.0,960.0,-179.0,0.49,-0.699,-0.49
5306.4,-80.0,958.0,-175.0,0.14,-0.769,-0.699
5306.58,-78.0,958.0,-181.0,0.629,-0.769,-0.419
5306.77,-81.0,958.0,-178.0,0.419,-0.769,-0.419
5306.95,-79.0,957.0,-181.0,0.56,-0.839,-0.56
5307.13,-81.0,957.0,-180.0,0.419,-0.699,-0.56
5307.31,-81.0,955.0,-179.0,0.419,-0.629,-0.56
5307.49,-79.0,956.0,-181.0,0.419,-0.629,-0.629
5307.68,-80.0,957.0,-179.0,0.419,-0.769,-0.49
5307.86,-82.0,956.0,-180.0,0.49,-0.699,-0.56
5308.4,-79.0,958.0,-177.0,0.349,-0.699,-0.56
5317.16,-80.0,958.0,-175.0,0.28,-0.839,-0.56
5317.34,-78.0,956.0,-179.0,0.349,-0.839,-0.56
5317.52,-80.0,957.0,-178.0,0.419,-0.629,-0.349
5317.7,-80.0,958.0,-177.0,0.349,-0.839,-0.629
5317.89,-77.0,956.0,-178.0,0.49,-0.629,-0.56
5318.7,-80.0,957.0,-176.0,0.349,-0.629,-0.419
5318.25,-81.0,956.0,-177.0,0.28,-0.839,-0.56
5318.43,-80.0,956.0,-185.0,0.349,-0.769,-0.419
5318.62,-80.0,955.0,-182.0,0.56,-0.629,-0.49
5318.8,-81.0,954.0,-184.0,0.629,-0.98,-0.56
5318.98,-79.0,956.0,-181.0,0.56,-0.769,-0.56
5319.16,-79.0,956.0,-181.0,0.56,-0.769,-0.49
5327.37,-79.0,955.0,-180.0,0.629,-0.699,-0.49
5327.55,-81.0,957.0,-174.0,0.49,-0.839,-0.56
5327.73,-81.0,957.0,-176.0,0.419,-0.629,-0.56
5327.91,-78.0,957.0,-179.0,0.349,-0.769,-0.629
5328.1,-80.0,956.0,-177.0,0.49,-0.839,-0.419
5328.28,-78.0,957.0,-176.0,0.419,-0.699,-0.49
5328.46,-79.0,955.0,-177.0,0.28,-0.839,-0.629
5328.64,-77.0,955.0,-178.0,0.209,-0.629,-0.349
5328.83,-83.0,958.0,-177.0,0.419,-0.769,-0.629
5329.1,-80.0,956.0,-177.0,0.28,-0.98,-0.699
5329.19,-79.0,958.0,-177.0,0.49,-0.699,-0.56
5329.37,-82.0,957.0,-177.0,0.49,-0.839,-0.56
5329.55,-80.0,957.0,-178.0,0.49,-0.839,-0.56
5339.4,-78.0,958.0,-180.0,0.629,-0.839,-0.56
5339.22,-82.0,956.0,-177.0,0.349,-0.769,-0.49
5339.4,-80.0,958.0,-181.0,0.419,-0.56,-0.699
5339.58,-79.0,957.0,-177.0,0.349,-0.699,-0.49
5339.76,-78.0,956.0,-178.0,0.28,-0.699,-0.49
5339.95,-80.0,957.0,-176.0,0.419,-0.769,-0.49
5340.13,-80.0,957.0,-181.0,0.349,-0.769,-0.629
5340.31,-79.0,957.0,-177.0,0.349,-0.699,-0.49
5340.49,-79.0,957.0,-178.0,0.419,-0.769,-0.629
5340.68,-79.0,958.0,-179.0,0.49,-0.839,-0.629
5340.86,-81.0,957.0,-180.0,0.349,-0.769,-0.49
5347.42,-84.0,959.0,-178.0,0.419,-0.769,-0.629
5347.6,-80.0,955.0,-178.0,0.349,-0.699,-0.629
5347.79,-78.0,955.0,-177.0,0.419,-0.56,-0.56
5347.97,-86.0,958.0,-176.0,0.49,-0.839,-0.629
5348.15,-75.0,958.0,-170.0,0.14,-0.839,-0.49
5348.33,-83.0,957.0,-180.0,0.349,-0.629,-0.49
5348.52,-79.0,957.0,-173.0,0.349,-0.91,-0.49
5348.7,-82.0,959.0,-178.0,0.419,-0.56,-0.56
5348.88,-78.0,955.0,-176.0,0.49,-0.699,-0.56
5349.6,-82.0,956.0,-175.0,0.56,-0.699,-0.419
5349.24,-80.0,956.0,-178.0,0.28,-0.839,-0.629
5349.43,-77.0,955.0,-178.0,0.49,-0.699,-0.419
5355.99,-80.0,955.0,-173.0,0.419,-0.56,-0.209
5356.17,-83.0,957.0,-186.0,0.07,-0.629,-0.839
5356.35,-72.0,953.0,-172.0,1.049,-0.839,-0.419
5356.54,-88.0,959.0,-175.0,0.14,-0.699,-0.49
5356.72,-75.0,955.0,-177.0,0.209,-0.56,-0.56
5356.9,-80.0,958.0,-178.0,0.419,-0.769,-0.56
5357.8,-80.0,957.0,-175.0,0.14,-0.699,-0.56
5357.27,-79.0,957.0,-178.0,0.769,-0.839,-0.56
5357.45,-81.0,956.0,-173.0,0.07,-0.769,-0.28
5357.63,-77.0,957.0,-176.0,0.629,-0.699,-0.769
5357.81,-81.0,956.0,-179.0,0.14,-0.769,-0.209
5357.99,-79.0,955.0,-178.0,0.49,-0.91,-0.769
5365.1,-87.0,956.0,-184.0,0.419,-0.91,-0.629
5365.29,-75.0,954.0,-179.0,0.769,-0.629,-0.629
5365.47,-84.0,954.0,-183.0,0.419,-0.839,-0.419
5365.65,-78.0,956.0,-176.0,0.209,-0.699,-0.629
5365.83,-79.0,957.0,-178.0,0.28,-0.699,-0.419
5366.2,-77.0,957.0,-177.0,0.56,-0.699,-0.419
5366.38,-82.0,958.0,-176.0,0.419,-0.769,-0.56
5366.56,-78.0,958.0,-174.0,0.49,-0.769,-0.49
5366.74,-83.0,957.0,-175.0,0.209,-0.699,-0.419
5370.21,-79.0,955.0,-176.0,0.419,-0.839,-0.56
5370.39,-78.0,957.0,-180.0,0.49,-0.699,-0.49
5370.57,-81.0,957.0,-174.0,0.49,-0.839,-0.419
5370.76,-80.0,956.0,-180.0,0.839,-0.49,-0.699
5370.94,-82.0,957.0,-178.0,0.349,-0.699,-0.419
5371.12,-80.0,958.0,-177.0,0.699,-0.769,-0.769
5371.3,-81.0,956.0,-176.0,0.419,-0.839,-0.419
5371.49,-79.0,957.0,-176.0,0.419,-0.56,-0.56
5371.67,-82.0,958.0,-178.0,0.629,-0.769,-0.49
5371.85,-79.0,956.0,-177.0,0.419,-0.699,-0.699
5372.3,-78.0,956.0,-177.0,0.419,-0.769,-0.419
5372.21,-81.0,957.0,-179.0,0.49,-0.699,-0.56
5372.4,-80.0,956.0,-177.0,0.49,-0.839,-0.49
5372.58,-84.0,961.0,-172.0,0.349,-0.839,-0.699
5372.76,-78.0,958.0,-178.0,0.419,-0.49,-0.629
5372.94,-80.0,958.0,-176.0,0.349,-0.839,-0.49
5373.13,-81.0,958.0,-175.0,0.56,-0.769,-0.629
5373.31,-82.0,958.0,-176.0,0.349,-0.91,-0.56
5373.49,-79.0,956.0,-176.0,0.56,-0.769,-0.56
5373.67,-79.0,957.0,-177.0,0.56,-0.699,-0.49
5373.86,-82.0,956.0,-177.0,0.419,-0.839,-0.56
5374.4,-79.0,956.0,-178.0,0.419,-0.699,-0.49
5374.22,-79.0,957.0,-176.0,0.349,-0.769,-0.56
5374.4,-80.0,957.0,-177.0,0.56,-0.699,-0.56
5377.5,-79.0,957.0,-177.0,0.419,-0.699,-0.56
5377.68,-82.0,958.0,-178.0,0.49,-0.629,-0.629
5377.87,-79.0,956.0,-178.0,0.56,-0.699,-0.56
5378.5,-82.0,956.0,-176.0,0.349,-0.699,-0.56
5378.23,-78.0,957.0,-177.0,0.419,-0.699,-0.56
5378.41,-82.0,957.0,-176.0,0.28,-0.699,-0.49
5378.6,-80.0,957.0,-176.0,0.56,-0.629,-0.629
5378.78,-75.0,960.0,-180.0,0.56,-1.049,-0.49
5379.14,-80.0,958.0,-182.0,0.699,-0.839,-0.839
5379.32,-78.0,956.0,-173.0,0.349,-0.91,-0.28
5386.25,-81.0,956.0,-175.0,0.349,-0.699,-0.419
5386.43,-82.0,957.0,-179.0,0.419,-0.629,-0.699
5386.62,-80.0,956.0,-176.0,0.349,-0.839,-0.419
