timestamp,acc_x,acc_y,acc_z,gyro_x,gyro_y,gyro_z
58020.8,-84.0,957.0,-176.0,0.349,-0.839,-0.56
58020.98,-83.0,957.0,-175.0,0.56,-0.769,-0.699
58021.16,-81.0,956.0,-175.0,0.349,-0.699,-0.49
58021.34,-83.0,957.0,-176.0,0.349,-0.699,-0.56
58021.53,-82.0,955.0,-177.0,0.419,-0.769,-0.56
58021.71,-84.0,957.0,-175.0,0.349,-0.839,-0.629
58021.89,-82.0,957.0,-176.0,0.349,-0.769,-0.419
58027.54,-84.0,957.0,-176.0,0.419,-0.839,-0.56
58027.72,-89.0,957.0,-178.0,0.419,-0.629,-0.629
58027.91,-83.0,958.0,-174.0,0.49,-0.839,-0.769
58028.9,-81.0,957.0,-174.0,0.28,-0.56,-0.419
58028.27,-85.0,956.0,-176.0,0.419,-0.839,-0.56
58028.45,-84.0,958.0,-176.0,0.209,-0.839,-0.629
58028.64,-82.0,957.0,-176.0,0.56,-0.699,-0.56
58028.82,-85.0,957.0,-175.0,0.349,-0.56,-0.56
58029.0,-82.0,955.0,-176.0,0.49,-0.839,-0.699
58031.55,-84.0,959.0,-176.0,0.419,-0.699,-0.56
58031.73,-80.0,954.0,-177.0,0.49,-0.699,-0.56
58031.92,-82.0,958.0,-177.0,0.349,-0.769,-0.49
58032.1,-85.0,956.0,-176.0,0.56,-0.769,-0.56
58032.28,-79.0,955.0,-178.0,0.349,-0.91,-0.56
58032.46,-84.0,958.0,-178.0,0.349,-0.699,-0.49
58032.65,-81.0,955.0,-176.0,0.56,-0.91,-0.49
58032.83,-84.0,957.0,-177.0,0.28,-0.769,-0.629
58033.1,-81.0,957.0,-177.0,0.49,-0.699,-0.56
58033.19,-85.0,956.0,-177.0,0.28,-0.769,-0.629
58033.37,-82.0,955.0,-179.0,0.349,-0.839,-0.699
58033.56,-80.0,955.0,-177.0,0.56,-0.629,-0.419
58034.65,-82.0,957.0,-176.0,0.56,-0.699,-0.56
58034.83,-82.0,956.0,-178.0,0.49,-0.839,-0.56
58035.2,-81.0,956.0,-176.0,0.49,-0.769,-0.56
58035.2,-82.0,956.0,-178.0,0.419,-0.769,-0.56
58036.47,-83.0,955.0,-178.0,0.49,-0.839,-0.629
58036.66,-80.0,957.0,-175.0,0.349,-0.839,-0.629
58036.84,-82.0,957.0,-181.0,0.56,-0.699,-0.49
58037.2,-83.0,957.0,-175.0,0.49,-0.91,-0.56
58037.2,-80.0,957.0,-176.0,0.419,-0.769,-0.56
58037.38,-83.0,956.0,-176.0,0.28,-0.629,-0.49
58037.57,-81.0,957.0,-178.0,0.419,-0.699,-0.49
58037.75,-83.0,956.0,-175.0,0.419,-0.629,-0.419
58037.93,-82.0,957.0,-177.0,0.419,-0.699,-0.56
58038.11,-81.0,956.0,-176.0,0.28,-0.839,-0.56
58042.49,-82.0,957.0,-176.0,0.28,-0.769,-0.56
58042.67,-83.0,957.0,-177.0,0.49,-0.769,-0.56
58042.85,-83.0,956.0,-176.0,0.349,-0.629,-0.49
58043.4,-81.0,958.0,-176.0,0.49,-0.839,-0.629
58043.22,-82.0,956.0,-176.0,0.28,-0.629,-0.419
58043.4,-83.0,957.0,-177.0,0.49,-0.839,-0.629
58043.58,-83.0,957.0,-176.0,0.349,-0.699,-0.49
58043.76,-82.0,956.0,-178.0,0.56,-0.769,-0.629
58043.95,-83.0,956.0,-175.0,0.28,-0.839,-0.49
58044.13,-83.0,956.0,-176.0,0.49,-0.769,-0.56
58044.31,-82.0,956.0,-177.0,0.28,-0.769,-0.49
58044.49,-81.0,956.0,-177.0,0.49,-0.699,-0.49
58044.68,-83.0,955.0,-177.0,0.49,-0.839,-0.56
58044.86,-78.0,955.0,-177.0,0.419,-0.839,-0.629
58045.4,-83.0,957.0,-176.0,0.349,-0.699,-0.419
58045.22,-80.0,957.0,-178.0,0.49,-0.699,-0.629
58045.41,-81.0,956.0,-176.0,0.349,-0.839,-0.419
58045.59,-79.0,957.0,-177.0,0.49,-0.56,-0.629
58045.77,-84.0,956.0,-175.0,0.419,-0.699,-0.49
58045.95,-81.0,956.0,-176.0,0.349,-0.699,-0.419
58046.13,-83.0,956.0,-177.0,0.209,-0.839,-0.629
58046.32,-82.0,956.0,-175.0,0.56,-0.699,-0.56
58046.5,-82.0,957.0,-176.0,0.349,-0.769,-0.56
58046.68,-84.0,956.0,-176.0,0.419,-0.699,-0.49
58046.86,-83.0,956.0,-176.0,0.419,-0.769,-0.629
58047.77,-85.0,958.0,-174.0,0.56,-0.839,-0.629
58047.96,-80.0,957.0,-179.0,0.349,-0.839,-0.56
58048.14,-80.0,956.0,-173.0,0.629,-0.699,-0.419
58048.32,-82.0,957.0,-176.0,0.209,-0.769,-0.49
58048.5,-82.0,956.0,-177.0,0.56,-0.699,-0.56
58048.69,-82.0,958.0,-176.0,0.349,-0.839,-0.56
58048.87,-82.0,956.0,-176.0,0.56,-0.629,-0.419
58049.5,-84.0,957.0,-176.0,0.349,-0.699,-0.49
58049.23,-81.0,955.0,-176.0,0.419,-0.769,-0.629
58049.42,-82.0,956.0,-175.0,0.349,-0.699,-0.419
58049.6,-82.0,956.0,-176.0,0.419,-0.699,-0.56
58049.78,-82.0,956.0,-177.0,0.49,-0.699,-0.56
58049.96,-83.0,956.0,-176.0,0.49,-0.769,-0.56
58050.14,-83.0,955.0,-177.0,0.349,-0.699,-0.56
58051.42,-82.0,957.0,-176.0,0.419,-0.699,-0.56
58051.6,-82.0,955.0,-178.0,0.49,-0.769,-0.56
58051.79,-83.0,958.0,-175.0,0.419,-0.769,-0.629
58051.97,-79.0,956.0,-176.0,0.28,-0.699,-0.419
58052.15,-85.0,957.0,-177.0,0.419,-0.769,-0.629
58052.51,-82.0,955.0,-177.0,0.419,-0.629,-0.56
58052.7,-82.0,956.0,-176.0,0.49,-0.769,-0.56
58052.88,-81.0,957.0,-175.0,0.419,-0.699,-0.56
58053.6,-82.0,956.0,-177.0,0.419,-0.629,-0.629
58053.24,-83.0,956.0,-176.0,0.49,-0.699,-0.56
58053.43,-84.0,956.0,-178.0,0.56,-0.699,-0.56
58053.61,-82.0,957.0,-175.0,0.49,-0.91,-0.629
58053.79,-83.0,957.0,-177.0,0.419,-0.699,-0.56
58054.88,-79.0,955.0,-173.0,0.28,-0.699,-0.419
58055.7,-85.0,957.0,-178.0,0.419,-0.769,-0.699
58055.25,-81.0,956.0,-176.0,0.349,-0.769,-0.56
58055.43,-82.0,956.0,-179.0,0.49,-0.699,-0.56
58055.61,-82.0,957.0,-175.0,0.49,-0.769,-0.56
58055.8,-84.0,957.0,-176.0,0.209,-0.699,-0.56
58055.98,-81.0,956.0,-178.0,0.28,-0.769,-0.629
58056.16,-82.0,955.0,-179.0,0.839,-0.699,-0.349
58056.34,-85.0,957.0,-174.0,0.209,-0.699,-0.49
58056.52,-80.0,955.0,-178.0,0.419,-0.699,-0.769
58056.71,-81.0,956.0,-176.0,0.209,-0.699,-0.349
58056.89,-84.0,956.0,-178.0,0.56,-0.699,-0.629
58057.7,-81.0,957.0,-177.0,0.349,-0.769,-0.49
58057.25,-83.0,957.0,-178.0,0.419,-0.629,-0.56
58057.44,-83.0,956.0,-177.0,0.419,-0.769,-0.629
58057.62,-79.0,956.0,-178.0,0.419,-0.769,-0.419
58057.8,-85.0,957.0,-175.0,0.419,-0.629,-0.49
58057.98,-81.0,957.0,-178.0,0.349,-0.91,-0.56
58058.17,-84.0,956.0,-178.0,0.419,-0.699,-0.629
58058.35,-81.0,957.0,-177.0,0.419,-0.839,-0.56
58058.53,-80.0,956.0,-177.0,0.419,-0.629,-0.49
58058.71,-85.0,957.0,-177.0,0.349,-0.699,-0.56
58058.89,-81.0,957.0,-176.0,0.28,-0.699,-0.56
58064.18,-82.0,957.0,-177.0,0.49,-0.769,-0.629
58064.36,-81.0,955.0,-178.0,0.349,-0.769,-0.49
58064.54,-82.0,956.0,-176.0,0.419,-0.699,-0.49
58064.73,-82.0,956.0,-177.0,0.349,-0.629,-0.56
58064.91,-84.0,956.0,-177.0,0.49,-0.56,-0.49
58065.9,-84.0,957.0,-176.0,0.349,-0.769,-0.629
58065.27,-81.0,956.0,-177.0,0.419,-0.769,-0.56
58065.46,-81.0,956.0,-177.0,0.49,-0.839,-0.49
58065.64,-83.0,957.0,-177.0,0.419,-0.769,-0.49
58065.82,-81.0,956.0,-177.0,0.419,-0.839,-0.629
58066.0,-82.0,957.0,-177.0,0.49,-0.699,-0.49
58066.19,-84.0,956.0,-178.0,0.56,-0.629,-0.56
58066.37,-83.0,955.0,-177.0,0.349,-0.699,-0.56
58066.55,-82.0,956.0,-179.0,0.49,-0.56,-0.49
58066.73,-83.0,956.0,-177.0,0.349,-0.769,-0.56
58066.91,-84.0,958.0,-177.0,0.49,-0.769,-0.769
58067.1,-81.0,955.0,-173.0,0.28,-0.629,-0.49
58067.28,-83.0,958.0,-178.0,0.629,-0.769,-0.49
58067.46,-81.0,955.0,-178.0,0.28,-0.91,-0.629
58067.64,-84.0,958.0,-177.0,0.699,-0.629,-0.419
58067.83,-84.0,955.0,-177.0,0.419,-0.699,-0.419
58068.1,-81.0,957.0,-179.0,0.56,-0.769,-0.49
58068.19,-82.0,958.0,-175.0,0.209,-0.769,-0.349
58068.37,-82.0,957.0,-177.0,0.49,-0.629,-0.629
58068.56,-81.0,957.0,-174.0,0.28,-0.769,-0.56
58068.74,-83.0,958.0,-177.0,0.629,-0.699,-0.56
58068.92,-84.0,958.0,-177.0,0.49,-0.839,-0.629
58069.1,-81.0,954.0,-179.0,0.56,-0.699,-0.56
58069.28,-85.0,958.0,-177.0,0.419,-0.699,-0.56
58069.47,-82.0,954.0,-179.0,0.49,-0.839,-0.699
58069.65,-82.0,957.0,-176.0,0.349,-0.699,-0.419
58069.83,-85.0,955.0,-178.0,0.49,-0.699,-0.56
58070.1,-82.0,956.0,-177.0,0.349,-0.839,-0.629
58070.2,-83.0,958.0,-177.0,0.56,-0.56,-0.49
58070.38,-83.0,955.0,-178.0,0.349,-0.769,-0.629
58070.56,-81.0,954.0,-181.0,0.419,-0.839,-0.419
58070.74,-84.0,959.0,-176.0,0.349,-0.769,-0.629
58070.93,-86.0,958.0,-179.0,0.629,-0.629,-0.49
58071.11,-79.0,954.0,-177.0,0.209,-0.629,-0.629
58071.29,-88.0,956.0,-179.0,0.56,-0.699,-0.49
58071.47,-84.0,955.0,-179.0,0.28,-0.769,-0.56
58072.93,-82.0,956.0,-179.0,0.419,-0.839,-0.56
58073.11,-79.0,956.0,-177.0,0.349,-0.839,-0.56
58073.3,-83.0,958.0,-177.0,0.419,-0.629,-0.49
58073.48,-81.0,954.0,-179.0,0.28,-0.769,-0.56
58073.66,-80.0,956.0,-176.0,0.49,-0.699,-0.49
58073.84,-81.0,956.0,-176.0,0.49,-0.769,-0.419
58074.2,-77.0,956.0,-174.0,0.349,-0.769,-0.56
58074.21,-83.0,955.0,-179.0,0.56,-0.629,-0.419
58074.39,-83.0,957.0,-174.0,0.49,-0.91,-0.699
58074.57,-81.0,958.0,-178.0,0.349,-0.629,-0.56
58074.75,-82.0,956.0,-177.0,0.349,-0.699,-0.419
58074.94,-81.0,956.0,-180.0,0.49,-0.769,-0.49
58075.12,-81.0,958.0,-177.0,0.349,-0.699,-0.56
58075.3,-83.0,959.0,-176.0,0.56,-0.769,-0.629
58075.48,-76.0,955.0,-178.0,0.209,-0.769,-0.49
58075.66,-83.0,958.0,-176.0,0.419,-0.769,-0.419
58075.85,-81.0,953.0,-178.0,0.209,-0.769,-0.49
58076.3,-83.0,959.0,-176.0,0.209,-0.699,-0.629
58076.21,-81.0,955.0,-177.0,0.28,-0.56,-0.49
58076.39,-84.0,959.0,-176.0,0.349,-0.839,-0.629
58076.58,-83.0,955.0,-177.0,0.349,-0.839,-0.419
58076.76,-86.0,957.0,-179.0,0.629,-0.839,-0.56
58077.12,-83.0,955.0,-180.0,0.56,-0.699,-0.49
58077.3,-86.0,958.0,-177.0,0.419,-0.769,-0.699
58077.49,-78.0,955.0,-178.0,0.56,-0.839,-0.49
58077.67,-84.0,958.0,-179.0,0.49,-0.629,-0.56
58077.85,-81.0,955.0,-179.0,0.49,-0.91,-0.56
58078.3,-80.0,956.0,-177.0,0.419,-0.839,-0.56
58078.22,-80.0,954.0,-177.0,0.28,-0.699,-0.419
58078.4,-86.0,960.0,-176.0,0.419,-0.699,-0.56
58078.58,-81.0,955.0,-177.0,0.419,-0.839,-0.629
58081.13,-85.0,959.0,-178.0,0.349,-0.56,-0.349
58081.31,-84.0,955.0,-179.0,0.419,-0.91,-0.629
58081.5,-80.0,957.0,-176.0,0.28,-0.839,-0.56
58081.68,-82.0,956.0,-178.0,0.349,-0.629,-0.49
58081.86,-85.0,955.0,-178.0,0.349,-0.769,-0.629
58082.4,-83.0,958.0,-174.0,0.349,-0.769,-0.629
58082.23,-85.0,957.0,-175.0,0.28,-0.769,-0.629
58082.41,-83.0,959.0,-176.0,0.49,-0.91,-0.699
58082.59,-83.0,956.0,-178.0,0.419,-0.699,-0.419
58082.77,-85.0,957.0,-176.0,0.56,-0.839,-0.56
58082.95,-81.0,956.0,-174.0,0.349,-0.769,-0.56
58083.14,-83.0,957.0,-176.0,0.419,-0.769,-0.49
58083.32,-80.0,955.0,-177.0,0.349,-0.839,-0.629
58083.5,-79.0,956.0,-176.0,0.419,-0.629,-0.349
58083.68,-86.0,955.0,-176.0,0.419,-0.699,-0.629
58083.87,-83.0,958.0,-175.0,0.28,-0.91,-0.91
58084.5,-79.0,958.0,-175.0,0.56,-0.49,-0.28
58084.23,-89.0,960.0,-176.0,0.349,-0.91,-0.699
58084.41,-79.0,955.0,-176.0,0.349,-0.769,-0.56
58084.59,-84.0,960.0,-174.0,0.419,-0.56,-0.349
58084.78,-84.0,957.0,-175.0,0.419,-0.839,-0.629
58084.96,-80.0,955.0,-178.0,0.49,-0.699,-0.49
58085.14,-81.0,958.0,-175.0,0.419,-0.629,-0.419
58085.32,-83.0,956.0,-177.0,0.349,-0.769,-0.56
58085.51,-81.0,956.0,-177.0,0.419,-0.769,-0.49
58085.69,-84.0,957.0,-176.0,0.49,-0.699,-0.349
58085.87,-82.0,957.0,-176.0,0.349,-0.769,-0.629
58086.5,-80.0,956.0,-177.0,0.49,-0.699,-0.349
58086.23,-83.0,957.0,-174.0,0.419,-0.699,-0.49
58086.42,-80.0,955.0,-176.0,0.349,-0.769,-0.49
58086.6,-80.0,957.0,-176.0,0.419,-0.769,-0.56
58086.78,-81.0,956.0,-176.0,0.419,-0.769,-0.49
58086.96,-82.0,958.0,-176.0,0.349,-0.91,-0.629
58087.15,-79.0,956.0,-176.0,0.419,-0.699,-0.49
58087.33,-85.0,957.0,-178.0,0.49,-0.769,-0.56
58087.51,-83.0,957.0,-176.0,0.49,-0.91,-0.699
58087.69,-82.0,956.0,-178.0,0.49,-0.769,-0.56
58087.87,-84.0,956.0,-177.0,0.349,-0.629,-0.419
58088.6,-82.0,956.0,-177.0,0.419,-0.699,-0.56
58088.24,-82.0,956.0,-177.0,0.419,-0.769,-0.49
58088.42,-83.0,957.0,-176.0,0.349,-0.769,-0.56
58088.79,-82.0,956.0,-179.0,0.49,-0.769,-0.56
58088.97,-83.0,957.0,-175.0,0.49,-0.839,-0.629
58089.15,-84.0,956.0,-178.0,0.419,-0.91,-0.56
58089.33,-81.0,955.0,-177.0,0.419,-0.699,-0.56
58089.52,-85.0,957.0,-177.0,0.419,-0.839,-0.56
58089.7,-82.0,957.0,-177.0,0.28,-0.839,-0.629
58089.88,-81.0,956.0,-177.0,0.419,-0.629,-0.419
58090.6,-84.0,957.0,-176.0,0.419,-0.769,-0.56
58090.24,-83.0,958.0,-177.0,0.349,-0.839,-0.629
58090.43,-80.0,955.0,-178.0,0.56,-0.699,-0.56
58090.61,-83.0,958.0,-176.0,0.349,-0.769,-0.49
58090.79,-84.0,957.0,-176.0,0.56,-0.769,-0.49
58090.97,-80.0,956.0,-178.0,0.349,-0.769,-0.49
58091.16,-82.0,958.0,-175.0,0.49,-0.769,-0.419
58091.34,-82.0,957.0,-177.0,0.419,-0.839,-0.56
58091.52,-82.0,957.0,-176.0,0.419,-0.769,-0.49
58091.7,-83.0,956.0,-177.0,0.419,-0.699,-0.629
58091.88,-84.0,957.0,-177.0,0.49,-0.839,-0.56
58092.7,-82.0,957.0,-175.0,0.49,-0.839,-0.629
58092.25,-83.0,957.0,-176.0,0.49,-0.839,-0.419
58092.43,-81.0,958.0,-175.0,0.419,-0.699,-0.629
58092.61,-82.0,956.0,-177.0,0.419,-0.769,-0.56
58092.8,-83.0,957.0,-174.0,0.349,-0.629,-0.49
58092.98,-85.0,957.0,-176.0,0.349,-0.769,-0.629
58093.16,-83.0,958.0,-175.0,0.28,-0.839,-0.629
58093.34,-80.0,956.0,-176.0,0.419,-0.769,-0.49
58093.52,-85.0,956.0,-176.0,0.419,-0.769,-0.49
58093.71,-83.0,956.0,-176.0,0.419,-0.769,-0.49
58093.89,-84.0,957.0,-178.0,0.49,-0.839,-0.629
58094.7,-77.0,955.0,-177.0,0.49,-0.839,-0.49
58094.25,-83.0,956.0,-177.0,0.349,-0.699,-0.49
58094.44,-81.0,955.0,-176.0,0.28,-0.839,-0.629
58094.62,-82.0,956.0,-178.0,0.349,-0.769,-0.49
58094.8,-82.0,957.0,-176.0,0.349,-0.769,-0.49
58094.98,-85.0,957.0,-177.0,0.28,-0.839,-0.629
58095.17,-81.0,956.0,-177.0,0.349,-0.769,-0.49
58095.35,-83.0,957.0,-177.0,0.419,-0.699,-0.49
58095.53,-84.0,955.0,-177.0,0.349,-0.769,-0.56
58095.71,-82.0,957.0,-176.0,0.419,-0.699,-0.49
58095.89,-83.0,957.0,-177.0,0.349,-0.769,-0.56
58096.8,-83.0,958.0,-177.0,0.349,-0.769,-0.629
58096.26,-81.0,955.0,-178.0,0.49,-0.699,-0.49
58096.44,-83.0,957.0,-177.0,0.49,-0.839,-0.629
58096.62,-83.0,956.0,-176.0,0.419,-0.699,-0.56
58096.81,-83.0,957.0,-177.0,0.349,-0.769,-0.629
58096.99,-82.0,958.0,-177.0,0.56,-0.839,-0.629
58097.17,-80.0,956.0,-180.0,0.49,-0.769,-0.56
58097.35,-85.0,957.0,-175.0,0.349,-0.839,-0.56
58097.53,-81.0,956.0,-179.0,0.419,-0.769,-0.699
58097.72,-82.0,956.0,-176.0,0.349,-0.769,-0.49
58097.9,-85.0,958.0,-178.0,0.349,-0.699,-0.56
58098.8,-82.0,957.0,-175.0,0.349,-0.839,-0.56
58098.26,-82.0,958.0,-177.0,0.349,-0.699,-0.49
58098.45,-83.0,956.0,-176.0,0.349,-0.769,-0.629
58098.63,-81.0,956.0,-175.0,0.419,-0.839,-0.56
58098.81,-82.0,956.0,-173.0,0.28,-0.699,-0.419
58098.99,-86.0,958.0,-178.0,0.419,-0.769,-0.629
58099.17,-78.0,955.0,-176.0,0.56,-0.839,-0.419
58100.63,-82.0,957.0,-176.0,0.419,-0.839,-0.629
58100.81,-81.0,957.0,-176.0,0.49,-0.629,-0.56
58101.0,-85.0,957.0,-177.0,0.419,-0.699,-0.56
58101.18,-82.0,957.0,-177.0,0.419,-0.769,-0.629
58101.36,-82.0,957.0,-175.0,0.419,-0.699,-0.419
58101.54,-84.0,956.0,-180.0,0.419,-0.769,-0.56
58101.73,-82.0,956.0,-176.0,0.419,-0.839,-0.629
58101.91,-84.0,956.0,-178.0,0.49,-0.699,-0.56
58102.9,-80.0,956.0,-176.0,0.419,-0.699,-0.629
58102.27,-81.0,956.0,-179.0,0.419,-0.769,-0.56
58102.46,-83.0,958.0,-176.0,0.419,-0.839,-0.56
58102.64,-84.0,958.0,-178.0,0.209,-0.839,-0.49
58102.82,-82.0,958.0,-178.0,0.349,-0.769,-0.629
58103.0,-82.0,956.0,-176.0,0.56,-0.839,-0.56
58103.18,-86.0,956.0,-177.0,0.349,-0.769,-0.629
58103.37,-81.0,958.0,-178.0,0.56,-0.98,-0.49
58103.55,-85.0,956.0,-170.0,0.14,-0.839,-0.419
58103.73,-82.0,956.0,-182.0,0.419,-0.629,-0.699
58103.91,-80.0,956.0,-176.0,0.349,-0.98,-0.419
58104.1,-81.0,957.0,-176.0,0.56,-0.769,-0.629
58104.28,-83.0,957.0,-176.0,0.28,-0.769,-0.419
58104.46,-79.0,958.0,-178.0,0.56,-0.56,-0.629
58104.64,-89.0,957.0,-176.0,0.28,-0.699,-0.49
58105.1,-76.0,956.0,-178.0,0.629,-0.629,-0.28
58105.19,-89.0,956.0,-177.0,0.49,-0.769,-0.699
58105.37,-78.0,956.0,-179.0,0.49,-0.699,-0.629
58105.55,-84.0,957.0,-176.0,0.49,-0.769,-0.419
58105.74,-82.0,956.0,-177.0,0.349,-0.699,-0.56
58105.92,-80.0,955.0,-177.0,0.419,-0.629,-0.419
58106.1,-83.0,957.0,-175.0,0.349,-0.769,-0.56
58106.28,-80.0,956.0,-178.0,0.419,-0.699,-0.629
58106.46,-81.0,956.0,-175.0,0.419,-0.769,-0.49
58106.65,-82.0,956.0,-178.0,0.419,-0.769,-0.56
58106.83,-83.0,957.0,-175.0,0.419,-0.769,-0.49
58107.1,-82.0,957.0,-178.0,0.49,-0.699,-0.56
58107.19,-83.0,956.0,-176.0,0.349,-0.699,-0.56
58107.38,-81.0,957.0,-176.0,0.49,-0.699,-0.56
58107.56,-84.0,957.0,-176.0,0.49,-0.769,-0.419
58107.74,-83.0,956.0,-177.0,0.349,-0.769,-0.629
58107.92,-81.0,957.0,-175.0,0.349,-0.839,-0.56
58108.1,-82.0,955.0,-178.0,0.349,-0.699,-0.49
58108.29,-82.0,956.0,-177.0,0.49,-0.839,-0.56
58108.47,-79.0,956.0,-175.0,0.349,-0.769,-0.56
58108.65,-82.0,957.0,-176.0,0.349,-0.699,-0.56
58108.83,-81.0,953.0,-177.0,0.419,-0.699,-0.49
58109.2,-90.0,960.0,-171.0,0.28,-0.91,-0.56
58109.38,-97.0,967.0,-172.0,0.769,-1.889,-1.539
58109.56,-61.0,950.0,-182.0,0.07,0.28,0.56
58109.74,-106.0,965.0,-171.0,0.91,-1.47,-1.399
58109.93,-61.0,951.0,-181.0,0.07,-0.56,-0.14
58110.11,-89.0,958.0,-173.0,0.699,-0.629,-0.56
58110.29,-84.0,955.0,-181.0,0.769,-0.91,-0.629
58110.47,-81.0,956.0,-172.0,0.28,-0.91,-0.629
58110.66,-83.0,957.0,-182.0,0.629,-0.419,-0.49
58110.84,-81.0,955.0,-175.0,0.14,-0.839,-0.56
58111.2,-84.0,957.0,-181.0,0.629,-0.629,-0.49
58111.2,-81.0,957.0,-176.0,0.209,-0.91,-0.629
58111.39,-81.0,957.0,-177.0,0.49,-0.699,-0.49
58111.57,-83.0,958.0,-177.0,0.349,-0.699,-0.629
58111.75,-84.0,956.0,-179.0,0.56,-0.839,-0.56
58111.93,-80.0,955.0,-176.0,0.419,-0.839,-0.56
58112.11,-84.0,957.0,-177.0,0.419,-0.629,-0.49
58112.3,-83.0,957.0,-179.0,0.349,-0.769,-0.699
58112.48,-80.0,957.0,-178.0,0.49,-0.699,-0.49
58112.66,-85.0,957.0,-176.0,0.349,-0.699,-0.49
58112.84,-82.0,957.0,-175.0,0.28,-0.699,-0.629
58113.3,-81.0,956.0,-178.0,0.419,-0.699,-0.49
58113.21,-82.0,957.0,-178.0,0.349,-0.91,-0.49
58113.39,-83.0,956.0,-178.0,0.419,-0.769,-0.49
58113.57,-83.0,957.0,-179.0,0.349,-0.699,-0.56
58113.75,-82.0,956.0,-177.0,0.419,-0.769,-0.49
58113.94,-84.0,957.0,-179.0,0.419,-0.699,-0.629
58114.12,-81.0,956.0,-178.0,0.419,-0.839,-0.49
58114.3,-84.0,957.0,-177.0,0.419,-0.769,-0.56
58114.48,-82.0,956.0,-178.0,0.349,-0.629,-0.629
58114.67,-82.0,957.0,-179.0,0.419,-0.769,-0.49
58114.85,-82.0,956.0,-176.0,0.419,-0.839,-0.56
58115.3,-82.0,957.0,-177.0,0.349,-0.839,-0.56
58115.21,-81.0,957.0,-176.0,0.419,-0.839,-0.56
58115.39,-82.0,955.0,-178.0,0.49,-0.699,-0.56
58115.58,-82.0,957.0,-175.0,0.349,-0.839,-0.56
58115.76,-82.0,957.0,-177.0,0.49,-0.629,-0.56
58115.94,-83.0,956.0,-177.0,0.419,-0.839,-0.56
58116.12,-84.0,956.0,-177.0,0.49,-0.699,-0.49
58116.31,-83.0,956.0,-177.0,0.419,-0.699,-0.56
58116.49,-83.0,957.0,-177.0,0.349,-0.699,-0.56
58116.67,-83.0,957.0,-178.0,0.49,-0.769,-0.629
58116.85,-82.0,956.0,-176.0,0.419,-0.769,-0.56
58117.3,-84.0,956.0,-177.0,0.49,-0.769,-0.56
58117.22,-83.0,956.0,-178.0,0.349,-0.699,-0.56
58117.4,-81.0,956.0,-177.0,0.49,-0.699,-0.56
58117.58,-83.0,956.0,-178.0,0.419,-0.699,-0.419
58117.76,-82.0,955.0,-178.0,0.349,-0.769,-0.56
58117.95,-82.0,957.0,-177.0,0.349,-0.769,-0.629
58118.13,-82.0,956.0,-177.0,0.349,-0.699,-0.629
58118.31,-83.0,956.0,-176.0,0.419,-0.699,-0.49
58118.49,-82.0,956.0,-176.0,0.49,-0.699,-0.49
58118.68,-82.0,957.0,-175.0,0.419,-0.769,-0.49
58118.86,-82.0,956.0,-177.0,0.419,-0.839,-0.56
58119.4,-82.0,957.0,-176.0,0.419,-0.769,-0.49
58119.22,-84.0,958.0,-176.0,0.349,-0.769,-0.56
58119.4,-81.0,956.0,-176.0,0.419,-0.699,-0.49
58119.59,-82.0,955.0,-175.0,0.419,-0.769,-0.56
58119.77,-82.0,956.0,-176.0,0.349,-0.769,-0.629
58119.95,-81.0,956.0,-175.0,0.419,-0.769,-0.49
58120.13,-83.0,956.0,-175.0,0.349,-0.699,-0.49
58128.7,-85.0,957.0,-175.0,0.56,-0.769,-0.49
58128.88,-81.0,957.0,-175.0,0.209,-0.91,-0.699
58129.6,-80.0,955.0,-178.0,0.49,-0.769,-0.349
58129.24,-86.0,957.0,-179.0,0.419,-0.839,-0.699
58129.43,-82.0,956.0,-176.0,0.419,-0.839,-0.49
58129.61,-84.0,958.0,-176.0,0.49,-0.839,-0.56
58129.79,-81.0,956.0,-175.0,0.349,-0.629,-0.56
58129.97,-82.0,957.0,-177.0,0.49,-0.629,-0.419
58130.16,-82.0,956.0,-176.0,0.28,-0.699,-0.629
58130.34,-83.0,957.0,-177.0,0.49,-0.769,-0.56
58130.52,-82.0,957.0,-175.0,0.349,-0.769,-0.56
58140.91,-82.0,957.0,-177.0,0.56,-0.839,-0.49
58141.9,-84.0,957.0,-175.0,0.349,-0.839,-0.49
58141.27,-82.0,957.0,-177.0,0.49,-0.699,-0.629
58141.45,-82.0,957.0,-174.0,0.419,-0.98,-0.49
58141.64,-78.0,957.0,-177.0,0.349,-0.629,-0.49
58141.82,-89.0,956.0,-178.0,0.28,-0.699,-0.49
58142.0,-77.0,958.0,-177.0,0.419,-0.91,-0.91
58142.18,-86.0,957.0,-180.0,0.56,-0.629,-0.28
58142.37,-77.0,955.0,-173.0,0.349,-0.91,-0.699
58142.55,-84.0,958.0,-180.0,0.419,-0.629,-0.419
58142.73,-80.0,957.0,-175.0,0.56,-0.769,-0.699
58142.91,-85.0,959.0,-176.0,0.349,-0.91,-0.56
58143.82,-84.0,957.0,-176.0,0.49,-0.769,-0.49
58144.1,-81.0,956.0,-177.0,0.419,-0.629,-0.49
58144.19,-82.0,958.0,-180.0,0.419,-0.769,-0.56
58144.37,-80.0,956.0,-176.0,0.49,-0.839,-0.629
58144.55,-82.0,956.0,-176.0,0.28,-0.699,-0.419
58144.73,-82.0,956.0,-176.0,0.49,-0.699,-0.56
58144.92,-83.0,957.0,-180.0,0.419,-0.839,-0.629
58145.1,-81.0,956.0,-175.0,0.56,-0.699,-0.419
58145.28,-84.0,957.0,-178.0,0.419,-0.699,-0.56
58145.46,-80.0,956.0,-176.0,0.419,-0.769,-0.49
58145.65,-82.0,956.0,-175.0,0.28,-0.699,-0.56
58145.83,-83.0,958.0,-178.0,0.349,-0.699,-0.629
58146.1,-81.0,957.0,-177.0,0.419,-0.769,-0.49
58147.65,-80.0,956.0,-182.0,0.28,-0.56,-0.209
58147.83,-82.0,959.0,-173.0,0.49,-0.839,-0.629
58148.1,-88.0,956.0,-178.0,0.209,-0.629,-0.49
58148.2,-82.0,956.0,-173.0,0.28,-0.699,-0.769
58148.38,-82.0,957.0,-180.0,0.349,-0.769,-0.49
58148.56,-80.0,958.0,-174.0,0.209,-0.91,-0.49
58148.74,-81.0,955.0,-178.0,0.629,-0.629,-0.349
58149.11,-79.0,953.0,-178.0,0.349,-0.629,-0.56
58149.29,-83.0,957.0,-178.0,0.209,-0.769,-0.49
58149.47,-81.0,956.0,-175.0,0.419,-0.699,-0.49
58149.65,-84.0,956.0,-175.0,0.28,-0.839,-0.56
58150.2,-81.0,955.0,-177.0,0.49,-0.49,-0.28
58150.38,-86.0,963.0,-177.0,0.49,-1.19,-0.91
58150.57,-79.0,955.0,-175.0,0.419,-0.699,-0.349
58150.75,-84.0,959.0,-176.0,0.209,-0.699,-0.56
58150.93,-86.0,956.0,-172.0,0.91,-0.629,-0.419
58151.29,-80.0,956.0,-169.0,0.769,-0.769,-0.349
58151.48,-84.0,959.0,-183.0,0.349,-0.839,-0.629
58151.66,-82.0,956.0,-172.0,0.349,-0.699,-0.419
58151.84,-81.0,956.0,-179.0,0.49,-0.769,-0.629
58152.2,-82.0,957.0,-174.0,0.419,-0.769,-0.419
58152.21,-83.0,958.0,-179.0,0.49,-0.769,-0.56
58152.39,-81.0,957.0,-176.0,0.419,-0.699,-0.49
58152.57,-83.0,957.0,-177.0,0.419,-0.699,-0.49
58152.75,-83.0,956.0,-177.0,0.49,-0.699,-0.56
58152.93,-82.0,956.0,-177.0,0.419,-0.769,-0.629
58153.12,-80.0,956.0,-178.0,0.349,-0.699,-0.49
58153.3,-83.0,956.0,-177.0,0.419,-0.699,-0.49
58153.48,-82.0,957.0,-177.0,0.349,-0.769,-0.629
58153.66,-80.0,957.0,-177.0,0.349,-0.769,-0.56
58153.85,-83.0,957.0,-176.0,0.28,-0.699,-0.56
58154.3,-81.0,957.0,-175.0,0.349,-0.769,-0.629
58154.21,-82.0,957.0,-177.0,0.349,-0.699,-0.419
58154.39,-80.0,956.0,-178.0,0.49,-0.769,-0.49
58154.57,-84.0,958.0,-175.0,0.349,-0.839,-0.49
58154.76,-80.0,956.0,-176.0,0.419,-0.699,-0.49
58154.94,-82.0,957.0,-179.0,0.419,-0.699,-0.49
58155.12,-83.0,957.0,-175.0,0.419,-0.839,-0.629
58155.3,-81.0,956.0,-177.0,0.349,-0.769,-0.49
58155.49,-82.0,957.0,-176.0,0.419,-0.769,-0.49
58155.67,-83.0,956.0,-177.0,0.419,-0.699,-0.56
58155.85,-81.0,957.0,-177.0,0.349,-0.699,-0.56
58156.3,-81.0,957.0,-177.0,0.49,-0.699,-0.629
58157.49,-81.0,956.0,-177.0,0.419,-0.699,-0.49
58157.67,-83.0,957.0,-176.0,0.349,-0.699,-0.419
58157.85,-83.0,958.0,-177.0,0.349,-0.769,-0.56
58158.4,-81.0,957.0,-177.0,0.349,-0.769,-0.56
58158.22,-81.0,957.0,-177.0,0.419,-0.699,-0.49
58158.4,-82.0,958.0,-177.0,0.419,-0.839,-0.56
58158.58,-82.0,957.0,-178.0,0.49,-0.769,-0.49
58158.77,-82.0,957.0,-177.0,0.49,-0.769,-0.629
58158.95,-82.0,957.0,-176.0,0.419,-0.699,-0.49
58159.13,-82.0,957.0,-177.0,0.419,-0.699,-0.56
58159.31,-81.0,957.0,-177.0,0.419,-0.769,-0.49
58159.49,-81.0,956.0,-179.0,0.419,-0.699,-0.56
58168.24,-82.0,956.0,-176.0,0.419,-0.839,-0.629
58168.42,-80.0,955.0,-176.0,0.349,-0.839,-0.629
58168.61,-84.0,957.0,-177.0,0.49,-0.699,-0.419
58168.79,-82.0,957.0,-176.0,0.28,-0.769,-0.699
58168.97,-80.0,957.0,-175.0,0.419,-0.769,-0.49
58169.15,-83.0,958.0,-176.0,0.28,-0.699,-0.56
58169.33,-81.0,957.0,-177.0,0.349,-0.839,-0.56
58169.52,-80.0,958.0,-176.0,0.349,-0.769,-0.49
58169.7,-85.0,958.0,-174.0,0.349,-0.699,-0.49
58169.88,-81.0,956.0,-178.0,0.419,-0.769,-0.56
58170.6,-81.0,956.0,-177.0,0.419,-0.769,-0.419
58170.24,-83.0,957.0,-176.0,0.629,-0.769,-0.629
58170.43,-85.0,952.0,-180.0,0.14,-0.56,-0.419
58178.44,-83.0,957.0,-175.0,0.419,-0.769,-0.56
58178.63,-81.0,957.0,-178.0,0.419,-0.769,-0.56
58178.81,-84.0,958.0,-175.0,0.419,-0.839,-0.49
58178.99,-81.0,956.0,-178.0,0.419,-0.769,-0.629
58179.17,-82.0,957.0,-175.0,0.349,-0.699,-0.49
58179.36,-82.0,957.0,-178.0,0.419,-0.699,-0.49
58179.54,-80.0,956.0,-176.0,0.419,-0.839,-0.699
58179.72,-83.0,956.0,-175.0,0.629,-0.699,-0.49
58179.9,-83.0,956.0,-178.0,0.28,-0.769,-0.56
58180.8,-81.0,956.0,-177.0,0.49,-0.629,-0.419
58180.27,-84.0,956.0,-179.0,0.419,-0.839,-0.56
58186.46,-82.0,957.0,-180.0,0.349,-0.699,-0.56
58186.65,-82.0,957.0,-174.0,0.349,-0.91,-0.419
58186.83,-83.0,957.0,-176.0,0.349,-0.629,-0.49
58187.1,-85.0,959.0,-176.0,0.49,-0.629,-0.699
58187.19,-80.0,956.0,-178.0,0.419,-0.98,-0.56
58187.37,-81.0,957.0,-175.0,0.419,-0.699,-0.419
58187.56,-86.0,957.0,-175.0,0.349,-0.629,-0.629
58187.74,-82.0,958.0,-178.0,0.419,-0.699,-0.699
58187.92,-78.0,956.0,-177.0,0.419,-0.769,-0.56
58188.1,-84.0,957.0,-177.0,0.419,-0.839,-0.49
58188.29,-82.0,955.0,-174.0,0.419,-0.839,-0.419
58197.4,-89.0,959.0,-178.0,0.49,-0.699,-0.56
58197.58,-81.0,957.0,-178.0,0.349,-0.839,-0.56
58197.76,-84.0,957.0,-180.0,0.56,-0.839,-0.56
58197.94,-82.0,956.0,-177.0,0.49,-0.769,-0.49
58198.13,-84.0,957.0,-178.0,0.419,-0.769,-0.56
58198.31,-77.0,954.0,-177.0,0.419,-0.839,-0.349
58198.49,-81.0,956.0,-178.0,0.419,-0.56,-0.209
58198.67,-86.0,957.0,-177.0,0.419,-0.98,-0.769
58198.85,-81.0,956.0,-179.0,0.56,-0.699,-0.349
58199.4,-89.0,957.0,-175.0,0.419,-0.769,-0.56
58199.22,-79.0,955.0,-177.0,0.28,-0.769,-0.699
58208.33,-80.0,957.0,-177.0,0.28,-0.839,-0.769
58208.51,-80.0,956.0,-173.0,0.629,-0.839,-0.28
58208.7,-84.0,958.0,-176.0,0.28,-0.699,-0.49
58208.88,-84.0,956.0,-172.0,0.28,-0.629,-0.419
58209.6,-75.0,971.0,-183.0,0.49,-1.19,-0.699
58209.24,-83.0,952.0,-167.0,0.349,-0.14,0.56
58209.42,-78.0,960.0,-180.0,0.49,-1.399,-1.47
58209.61,-76.0,954.0,-172.0,0.28,-0.629,0.28
58209.79,-89.0,961.0,-179.0,0.769,-0.98,-0.98
58209.97,-77.0,953.0,-174.0,0.28,-0.769,-0.209
58210.15,-84.0,956.0,-179.0,0.699,-0.699,-0.629
58210.34,-81.0,955.0,-177.0,0.419,-0.839,-0.56
58210.52,-85.0,958.0,-175.0,0.28,-0.49,-0.49
58210.7,-82.0,956.0,-179.0,0.419,-0.839,-0.699
58210.88,-81.0,957.0,-176.0,0.28,-0.769,-0.629
58211.7,-84.0,955.0,-178.0,0.349,-0.49,-0.209
58211.25,-89.0,958.0,-177.0,0.699,-1.19,-0.91
58211.43,-73.0,954.0,-174.0,0.209,-0.839,-0.419
58211.61,-92.0,960.0,-178.0,0.419,-0.629,-0.56
58211.79,-79.0,956.0,-178.0,0.349,-0.98,-0.699
58211.98,-79.0,957.0,-173.0,0.28,-0.629,-0.419
58217.81,-85.0,956.0,-173.0,0.49,-0.769,-0.349
58217.99,-82.0,959.0,-176.0,0.209,-0.91,-0.699
58218.17,-85.0,956.0,-177.0,0.56,-0.699,-0.349
58218.35,-81.0,957.0,-178.0,0.56,-0.91,-0.699
58218.54,-84.0,956.0,-173.0,0.419,-0.699,-0.349
58218.72,-85.0,957.0,-179.0,0.419,-0.769,-0.699
58218.9,-80.0,955.0,-177.0,0.349,-0.769,-0.56
58219.8,-86.0,957.0,-178.0,0.28,-0.839,-0.56
58219.27,-82.0,956.0,-181.0,0.349,-0.699,-0.629
58219.45,-83.0,955.0,-174.0,0.49,-0.629,-0.56
58219.63,-88.0,955.0,-183.0,0.49,-0.56,-0.629
58219.81,-78.0,954.0,-176.0,0.349,-0.839,-0.629
58225.46,-86.0,956.0,-177.0,0.349,-0.56,-0.419
58225.65,-80.0,957.0,-177.0,0.209,-0.839,-0.49
58225.83,-85.0,957.0,-180.0,0.419,-0.769,-0.629
58226.1,-79.0,955.0,-178.0,0.49,-0.769,-0.49
58226.19,-87.0,958.0,-179.0,0.49,-0.699,-0.419
58226.37,-81.0,956.0,-178.0,0.419,-0.769,-0.56
58226.56,-83.0,956.0,-182.0,0.349,-0.769,-0.49
58226.74,-82.0,955.0,-179.0,0.49,-0.769,-0.56
58226.92,-83.0,957.0,-185.0,0.349,-0.699,-0.49
58227.1,-82.0,956.0,-182.0,0.419,-0.699,-0.56
58227.29,-82.0,956.0,-182.0,0.349,-0.839,-0.56
58227.47,-81.0,957.0,-180.0,0.419,-0.769,-0.56
58230.93,-83.0,956.0,-176.0,0.349,-0.629,-0.49
58231.11,-84.0,957.0,-174.0,0.419,-0.769,-0.629
58231.3,-81.0,957.0,-175.0,0.349,-0.839,-0.56
58231.48,-81.0,957.0,-175.0,0.419,-0.699,-0.49
58231.66,-85.0,958.0,-175.0,0.349,-0.839,-0.629
58231.84,-82.0,956.0,-176.0,0.419,-0.699,-0.56
58232.2,-82.0,958.0,-175.0,0.49,-0.769,-0.56
58232.21,-83.0,956.0,-174.0,0.49,-0.91,-0.629
58232.39,-80.0,956.0,-174.0,0.419,-0.769,-0.56
58232.57,-84.0,956.0,-175.0,0.419,-0.629,-0.49
58232.75,-83.0,957.0,-173.0,0.349,-0.839,-0.699
58232.94,-81.0,956.0,-176.0,0.419,-0.699,-0.419
58233.12,-85.0,958.0,-173.0,0.419,-0.769,-0.49
58233.3,-85.0,956.0,-173.0,0.49,-0.91,-0.699
58233.48,-80.0,955.0,-175.0,0.349,-0.699,-0.49
58233.67,-82.0,957.0,-175.0,0.349,-0.699,-0.49
58233.85,-84.0,957.0,-174.0,0.419,-0.839,-0.56
58234.3,-82.0,956.0,-177.0,0.49,-0.699,-0.56
58234.21,-84.0,956.0,-176.0,0.419,-0.699,-0.49
58234.39,-82.0,956.0,-176.0,0.349,-0.839,-0.629
58234.58,-81.0,958.0,-175.0,0.49,-0.699,-0.419
58234.76,-85.0,957.0,-176.0,0.419,-0.769,-0.56
58234.94,-81.0,956.0,-176.0,0.349,-0.839,-0.629
58235.12,-82.0,956.0,-175.0,0.49,-0.769,-0.49
58235.31,-84.0,956.0,-176.0,0.419,-0.769,-0.629
58235.49,-83.0,956.0,-175.0,0.209,-0.769,-0.49
58235.67,-83.0,957.0,-177.0,0.56,-0.769,-0.56
58235.85,-80.0,955.0,-173.0,0.209,-0.769,-0.419
58236.3,-83.0,957.0,-175.0,0.56,-0.699,-0.629
58236.22,-81.0,957.0,-174.0,0.28,-0.91,-0.56
58236.4,-82.0,957.0,-177.0,0.419,-0.699,-0.629
58236.58,-82.0,957.0,-175.0,0.419,-0.769,-0.49
58236.76,-84.0,957.0,-176.0,0.349,-0.769,-0.56
58236.95,-82.0,957.0,-177.0,0.349,-0.839,-0.56
58237.13,-81.0,956.0,-177.0,0.49,-0.699,-0.49
58237.31,-86.0,958.0,-175.0,0.49,-0.769,-0.56
58237.49,-81.0,957.0,-176.0,0.349,-0.839,-0.56
58237.68,-81.0,957.0,-176.0,0.49,-0.629,-0.49
58237.86,-84.0,958.0,-176.0,0.349,-0.769,-0.629
58238.4,-81.0,955.0,-177.0,0.49,-0.769,-0.56
58238.22,-81.0,957.0,-176.0,0.49,-0.699,-0.56
58238.4,-83.0,957.0,-176.0,0.349,-0.699,-0.56
58238.59,-82.0,956.0,-176.0,0.419,-0.769,-0.56
58238.77,-80.0,957.0,-179.0,0.56,-0.91,-0.419
58238.95,-83.0,956.0,-174.0,0.28,-0.629,-0.349
58239.13,-83.0,956.0,-181.0,0.419,-0.769,-0.629
58239.32,-82.0,956.0,-174.0,0.49,-0.699,-0.419
58239.5,-84.0,957.0,-178.0,0.49,-0.769,-0.629
58239.68,-80.0,956.0,-174.0,0.209,-0.769,-0.699
58239.86,-81.0,956.0,-182.0,0.419,-0.629,-0.349
58240.4,-88.0,957.0,-177.0,0.629,-0.839,-0.629
58240.23,-80.0,956.0,-175.0,0.419,-0.769,-0.56
58240.41,-82.0,957.0,-178.0,0.56,-0.699,-0.56
58240.59,-82.0,956.0,-174.0,0.28,-0.839,-0.49
58240.77,-80.0,956.0,-181.0,0.56,-0.699,-0.56
58240.96,-86.0,956.0,-175.0,0.349,-0.839,-0.629
58241.14,-80.0,956.0,-179.0,0.49,-0.769,-0.699
58241.32,-83.0,956.0,-176.0,0.349,-0.769,-0.419
58241.5,-84.0,956.0,-178.0,0.419,-0.769,-0.629
58241.69,-81.0,957.0,-175.0,0.28,-0.699,-0.56
58241.87,-81.0,956.0,-177.0,0.349,-0.769,-0.629
58242.5,-85.0,957.0,-174.0,0.49,-0.91,-0.699
58242.23,-79.0,958.0,-176.0,0.14,-0.769,-0.629
58242.41,-82.0,956.0,-176.0,0.629,-0.629,-0.349
58242.6,-86.0,958.0,-176.0,0.209,-0.91,-0.769
58242.78,-76.0,955.0,-176.0,0.419,-0.769,-0.419
58242.96,-80.0,957.0,-177.0,0.49,-0.839,-0.49
58243.14,-86.0,958.0,-177.0,0.49,-0.769,-0.769
58243.33,-84.0,957.0,-179.0,0.629,-0.769,-0.699
58243.51,-77.0,954.0,-173.0,0.349,-0.839,-0.49
58243.69,-81.0,958.0,-180.0,0.769,-0.629,-0.56
58243.87,-90.0,957.0,-175.0,0.14,-0.769,-0.699
58244.5,-80.0,957.0,-180.0,0.91,-0.769,-0.629
58244.24,-81.0,957.0,-175.0,0.349,-0.699,-0.49
58244.42,-83.0,957.0,-176.0,0.629,-0.769,-0.629
58244.6,-82.0,956.0,-178.0,0.419,-0.699,-0.629
58244.78,-83.0,957.0,-177.0,0.49,-0.629,-0.49
58244.97,-82.0,958.0,-177.0,0.349,-0.839,-0.56
58245.15,-78.0,954.0,-175.0,0.419,-0.629,-0.419
58245.33,-84.0,958.0,-179.0,0.419,-0.769,-0.56
58245.51,-81.0,956.0,-174.0,0.419,-0.839,-0.49
58245.69,-84.0,956.0,-176.0,0.349,-0.839,-0.629
58245.88,-80.0,956.0,-176.0,0.419,-0.769,-0.629
58246.6,-82.0,956.0,-178.0,0.419,-0.629,-0.49
58246.24,-84.0,958.0,-176.0,0.49,-0.839,-0.699
58246.42,-85.0,960.0,-178.0,0.49,-0.839,-0.839
58252.26,-81.0,956.0,-175.0,0.49,-0.699,-0.49
58252.44,-83.0,958.0,-176.0,0.349,-0.769,-0.56
58252.62,-78.0,956.0,-179.0,0.49,-0.629,-0.49
58252.8,-85.0,957.0,-175.0,0.419,-0.769,-0.419
58252.99,-84.0,957.0,-178.0,0.28,-0.629,-0.629
58253.17,-81.0,956.0,-178.0,0.56,-0.769,-0.629
58253.35,-81.0,957.0,-176.0,0.349,-0.769,-0.49
58253.53,-81.0,957.0,-175.0,0.349,-0.769,-0.56
58253.71,-82.0,956.0,-178.0,0.49,-0.769,-0.49
58253.9,-83.0,957.0,-178.0,0.49,-0.769,-0.629
58254.8,-80.0,957.0,-176.0,0.49,-0.839,-0.56
58254.26,-84.0,957.0,-175.0,0.28,-0.699,-0.419
58254.44,-82.0,956.0,-179.0,0.49,-0.769,-0.629
58254.63,-82.0,957.0,-175.0,0.349,-0.769,-0.56
58254.81,-84.0,957.0,-178.0,0.419,-0.699,-0.629
58254.99,-79.0,957.0,-176.0,0.209,-0.699,-0.49
58255.17,-83.0,958.0,-177.0,0.629,-0.699,-0.56
58255.35,-82.0,957.0,-174.0,0.349,-0.699,-0.56
58255.54,-84.0,956.0,-177.0,0.49,-0.839,-0.56
58255.72,-81.0,957.0,-176.0,0.28,-0.629,-0.56
58261.92,-80.0,956.0,-177.0,0.419,-0.629,-0.56
58262.1,-82.0,958.0,-175.0,0.349,-0.699,-0.56
58262.28,-83.0,957.0,-178.0,0.56,-0.839,-0.629
58262.46,-80.0,956.0,-180.0,0.49,-0.769,-0.629
58262.65,-83.0,957.0,-177.0,0.699,-0.839,-0.56
58262.83,-83.0,957.0,-176.0,0.419,-0.769,-0.49
58263.1,-81.0,955.0,-177.0,0.419,-0.629,-0.49
58263.19,-83.0,956.0,-176.0,0.419,-0.699,-0.56
58263.37,-80.0,956.0,-177.0,0.419,-0.769,-0.699
58263.56,-82.0,956.0,-177.0,0.56,-0.769,-0.349
58270.12,-77.0,956.0,-175.0,0.419,-0.629,-0.349
58270.3,-84.0,958.0,-178.0,0.28,-0.699,-0.629
58270.48,-78.0,954.0,-177.0,0.28,-0.769,-0.49
58270.66,-84.0,958.0,-178.0,0.56,-0.56,-0.56
58270.85,-82.0,956.0,-178.0,0.419,-0.839,-0.56
58271.3,-82.0,956.0,-177.0,0.49,-0.839,-0.629
58271.21,-80.0,955.0,-177.0,0.419,-0.699,-0.419
58271.39,-90.0,958.0,-178.0,0.209,-0.699,-0.419
58271.58,-82.0,954.0,-181.0,0.419,-0.839,-0.839
58271.76,-84.0,963.0,-180.0,0.419,-0.769,-0.629
58271.94,-77.0,954.0,-175.0,0.349,-0.49,-0.49
58272.12,-90.0,957.0,-179.0,0.629,-0.91,-0.419
58272.31,-79.0,957.0,-178.0,0.28,-0.839,-0.839
58272.49,-84.0,956.0,-178.0,0.629,-0.629,-0.419
58272.67,-83.0,954.0,-179.0,0.419,-0.839,-0.56
58272.85,-86.0,956.0,-178.0,0.419,-0.629,-0.49
58274.13,-79.0,955.0,-177.0,0.56,-0.839,-0.49
58274.31,-86.0,957.0,-179.0,0.49,-0.56,-0.419
58274.49,-81.0,955.0,-177.0,0.349,-0.839,-0.769
58274.67,-80.0,956.0,-178.0,0.419,-0.629,-0.49
58274.86,-83.0,957.0,-176.0,0.28,-0.699,-0.49
58275.4,-83.0,957.0,-177.0,0.49,-0.699,-0.56
58275.22,-82.0,958.0,-175.0,0.349,-0.839,-0.56
58275.4,-83.0,957.0,-176.0,0.49,-0.699,-0.629
58275.59,-82.0,957.0,-177.0,0.419,-0.699,-0.56
58275.77,-83.0,957.0,-177.0,0.419,-0.769,-0.699
58275.95,-81.0,957.0,-176.0,0.349,-0.839,-0.56
58276.13,-82.0,957.0,-175.0,0.419,-0.699,-0.56
58284.34,-81.0,957.0,-176.0,0.419,-0.629,-0.419
58284.52,-84.0,956.0,-178.0,0.349,-0.769,-0.56
58284.7,-79.0,956.0,-177.0,0.56,-0.769,-0.49
58284.88,-84.0,957.0,-178.0,0.419,-0.699,-0.56
58285.6,-81.0,956.0,-176.0,0.419,-0.769,-0.629
58285.25,-83.0,957.0,-177.0,0.49,-0.699,-0.56
58285.43,-82.0,958.0,-176.0,0.419,-0.839,-0.629
58285.61,-81.0,956.0,-178.0,0.49,-0.699,-0.49
58285.79,-81.0,957.0,-175.0,0.49,-0.769,-0.56
58285.98,-85.0,958.0,-177.0,0.419,-0.769,-0.56
58286.16,-80.0,956.0,-176.0,0.49,-0.839,-0.629
58291.81,-83.0,957.0,-177.0,0.49,-0.699,-0.56
58291.99,-82.0,958.0,-176.0,0.419,-0.769,-0.56
58292.17,-82.0,956.0,-177.0,0.419,-0.769,-0.56
58292.35,-83.0,956.0,-176.0,0.49,-0.769,-0.56
58292.54,-81.0,956.0,-177.0,0.349,-0.699,-0.56
58292.72,-83.0,957.0,-177.0,0.49,-0.769,-0.56
58292.9,-83.0,957.0,-176.0,0.419,-0.769,-0.49
58293.8,-81.0,956.0,-177.0,0.419,-0.769,-0.629
58293.27,-82.0,956.0,-176.0,0.349,-0.769,-0.56
58293.45,-83.0,957.0,-177.0,0.419,-0.769,-0.56
58293.63,-82.0,957.0,-175.0,0.419,-0.769,-0.56
58299.83,-83.0,958.0,-175.0,0.349,-0.839,-0.699
58300.1,-80.0,956.0,-178.0,0.49,-0.839,-0.49
58300.19,-81.0,955.0,-178.0,0.49,-0.629,-0.49
58300.37,-84.0,957.0,-178.0,0.349,-0.699,-0.699
58300.55,-80.0,955.0,-177.0,0.49,-0.629,-0.49
58300.74,-83.0,957.0,-177.0,0.349,-0.769,-0.56
58300.92,-83.0,957.0,-176.0,0.349,-0.839,-0.56
58301.1,-81.0,957.0,-176.0,0.349,-0.769,-0.49
58301.28,-83.0,958.0,-175.0,0.28,-0.769,-0.56
58301.47,-81.0,957.0,-178.0,0.49,-0.769,-0.56
58301.65,-82.0,957.0,-177.0,0.419,-0.769,-0.56
58301.83,-86.0,956.0,-179.0,0.49,-0.699,-0.49
58302.1,-82.0,958.0,-177.0,0.349,-0.91,-0.769
58302.2,-80.0,955.0,-177.0,0.49,-0.699,-0.349
58302.38,-86.0,958.0,-178.0,0.349,-0.769,-0.56
58302.56,-81.0,956.0,-179.0,0.419,-0.839,-0.629
58302.74,-81.0,956.0,-177.0,0.419,-0.839,-0.56
58302.92,-83.0,957.0,-177.0,0.49,-0.769,-0.56
58303.11,-82.0,956.0,-178.0,0.349,-0.769,-0.629
58303.29,-81.0,957.0,-178.0,0.49,-0.699,-0.49
58303.47,-84.0,958.0,-176.0,0.349,-0.839,-0.56
58303.65,-80.0,956.0,-177.0,0.349,-0.769,-0.629
58303.84,-82.0,955.0,-176.0,0.419,-0.769,-0.419
58304.2,-81.0,957.0,-177.0,0.349,-0.699,-0.49
58304.2,-83.0,957.0,-176.0,0.419,-0.56,-0.419
58304.38,-82.0,957.0,-176.0,0.349,-0.699,-0.49
58304.56,-85.0,958.0,-178.0,0.56,-0.769,-0.56
58304.75,-81.0,956.0,-176.0,0.419,-0.769,-0.49
58311.67,-84.0,957.0,-176.0,0.49,-0.98,-0.629
58311.85,-86.0,960.0,-174.0,0.629,-0.769,-0.699
58312.4,-75.0,955.0,-178.0,0.419,-0.839,-0.56
58312.22,-84.0,958.0,-176.0,0.56,-0.699,-0.349
58312.4,-82.0,957.0,-176.0,0.28,-0.98,-0.699
58312.58,-82.0,957.0,-176.0,0.629,-0.699,-0.49
58312.77,-80.0,952.0,-180.0,0.56,-0.699,-0.629
58312.95,-86.0,958.0,-174.0,0.49,-0.769,-0.419
58313.13,-78.0,955.0,-176.0,0.349,-0.699,-0.629
58313.31,-87.0,960.0,-176.0,0.419,-0.699,-0.49
58313.49,-79.0,954.0,-174.0,0.349,-0.91,-0.56
58313.68,-78.0,956.0,-177.0,0.49,-0.769,-0.349
58321.33,-81.0,956.0,-177.0,0.349,-0.769,-0.419
58321.51,-83.0,956.0,-178.0,0.419,-0.699,-0.56
58321.7,-82.0,957.0,-179.0,0.419,-0.769,-0.56
58321.88,-82.0,957.0,-179.0,0.49,-0.769,-0.56
58322.6,-82.0,956.0,-177.0,0.419,-0.769,-0.56
58322.24,-82.0,957.0,-177.0,0.349,-0.769,-0.49
58322.42,-83.0,956.0,-176.0,0.419,-0.699,-0.629
58322.61,-82.0,956.0,-178.0,0.349,-0.839,-0.56
58322.79,-81.0,956.0,-180.0,0.49,-0.699,-0.56
58322.97,-82.0,956.0,-178.0,0.419,-0.769,-0.56
58323.15,-83.0,957.0,-176.0,0.28,-0.769,-0.56
58323.34,-81.0,957.0,-178.0,0.49,-0.629,-0.56
58323.52,-82.0,956.0,-176.0,0.349,-0.699,-0.49
58324.98,-83.0,957.0,-175.0,0.349,-0.699,-0.49
58325.16,-83.0,958.0,-179.0,0.419,-0.839,-0.629
58325.34,-81.0,956.0,-178.0,0.49,-0.769,-0.419
58325.52,-83.0,958.0,-182.0,0.49,-0.769,-0.56
58325.71,-82.0,956.0,-178.0,0.28,-0.699,-0.56
58325.89,-82.0,957.0,-179.0,0.419,-0.769,-0.49
58326.7,-83.0,957.0,-178.0,0.349,-0.699,-0.49
58326.25,-82.0,957.0,-176.0,0.419,-0.769,-0.56
58326.43,-81.0,957.0,-177.0,0.419,-0.769,-0.629
58326.62,-81.0,956.0,-176.0,0.49,-0.769,-0.49
58326.8,-83.0,957.0,-176.0,0.419,-0.699,-0.56
58326.98,-80.0,956.0,-175.0,0.49,-0.769,-0.56
58327.16,-82.0,957.0,-177.0,0.349,-0.699,-0.56
58327.35,-81.0,956.0,-176.0,0.419,-0.839,-0.56
58327.53,-83.0,958.0,-175.0,0.49,-0.699,-0.56
58327.71,-82.0,957.0,-176.0,0.349,-0.769,-0.56
58327.89,-83.0,958.0,-175.0,0.419,-0.769,-0.629
58328.7,-81.0,956.0,-176.0,0.419,-0.769,-0.56
58328.26,-83.0,958.0,-178.0,0.419,-0.769,-0.56
58328.44,-82.0,957.0,-178.0,0.49,-0.769,-0.629
58328.62,-83.0,956.0,-179.0,0.49,-0.769,-0.56
58328.8,-81.0,957.0,-178.0,0.419,-0.769,-0.56
58328.99,-83.0,958.0,-178.0,0.349,-0.769,-0.56
58329.17,-81.0,956.0,-177.0,0.349,-0.769,-0.49
58329.35,-83.0,957.0,-178.0,0.419,-0.699,-0.56
58329.53,-81.0,956.0,-177.0,0.419,-0.699,-0.56
58329.71,-82.0,956.0,-176.0,0.419,-0.699,-0.56
58329.9,-84.0,957.0,-176.0,0.209,-0.629,-0.56
58330.8,-81.0,957.0,-177.0,0.49,-0.769,-0.56
58330.26,-83.0,956.0,-177.0,0.49,-0.769,-0.49
58330.44,-80.0,958.0,-178.0,0.629,-0.769,-0.56
58330.63,-83.0,958.0,-178.0,0.209,-0.699,-0.56
58330.81,-82.0,957.0,-177.0,0.49,-0.769,-0.629
58330.99,-85.0,957.0,-180.0,0.839,-0.769,-0.49
58331.17,-82.0,955.0,-175.0,0.14,-0.98,-0.56
58331.36,-81.0,958.0,-179.0,0.56,-0.629,-0.49
58331.54,-81.0,956.0,-177.0,0.349,-0.769,-0.56
58331.72,-83.0,956.0,-177.0,0.419,-0.699,-0.56
58332.8,-83.0,957.0,-177.0,0.419,-0.629,-0.56
58332.27,-83.0,955.0,-177.0,0.49,-0.629,-0.629
58332.45,-83.0,956.0,-176.0,0.14,-0.699,-0.56
58332.63,-81.0,957.0,-181.0,0.49,-0.769,-0.629
58332.81,-81.0,956.0,-175.0,0.349,-0.699,-0.419
58333.0,-85.0,957.0,-176.0,0.419,-0.629,-0.49
58333.18,-83.0,957.0,-176.0,0.349,-0.699,-0.629
58333.36,-81.0,957.0,-176.0,0.419,-0.769,-0.49
58333.54,-81.0,957.0,-176.0,0.419,-0.699,-0.49
58333.72,-83.0,958.0,-176.0,0.56,-0.769,-0.56
58333.91,-83.0,957.0,-176.0,0.28,-0.699,-0.56
58334.9,-82.0,956.0,-176.0,0.49,-0.769,-0.56
58334.27,-83.0,956.0,-176.0,0.349,-0.769,-0.56
58334.45,-82.0,957.0,-176.0,0.419,-0.839,-0.49
58334.64,-82.0,957.0,-175.0,0.49,-0.699,-0.56
58334.82,-83.0,956.0,-177.0,0.349,-0.769,-0.699
58335.0,-81.0,956.0,-176.0,0.699,-0.769,-0.49
58335.18,-90.0,960.0,-176.0,-0.07,-0.769,-0.629
58335.36,-80.0,955.0,-174.0,0.28,-0.629,-0.349
58335.55,-86.0,959.0,-184.0,0.629,-0.91,-0.769
58335.73,-79.0,954.0,-171.0,0.56,-0.56,-0.28
58335.91,-89.0,959.0,-179.0,0.28,-0.769,-0.769
58336.9,-76.0,954.0,-174.0,0.349,-0.629,-0.419
58336.28,-90.0,959.0,-181.0,0.56,-0.91,-0.769
58336.46,-78.0,955.0,-172.0,0.419,-0.769,-0.349
58336.64,-88.0,960.0,-182.0,0.49,-0.699,-0.769
58336.82,-80.0,951.0,-175.0,0.49,-0.91,-0.419
58337.0,-74.0,957.0,-177.0,0.56,-0.98,-0.49
58337.19,-83.0,955.0,-175.0,0.28,-0.419,-0.14
58337.37,-83.0,958.0,-177.0,0.49,-1.19,-0.91
58337.55,-81.0,957.0,-174.0,0.349,-0.629,-0.349
58337.73,-84.0,957.0,-177.0,0.56,-0.839,-0.699
58337.92,-82.0,956.0,-176.0,0.349,-0.769,-0.56
58338.1,-82.0,958.0,-175.0,0.49,-0.629,-0.49
58338.28,-81.0,958.0,-178.0,0.28,-0.839,-0.629
58338.46,-78.0,956.0,-177.0,0.56,-0.699,-0.56
58338.64,-84.0,957.0,-176.0,0.349,-0.629,-0.49
58338.83,-83.0,957.0,-176.0,0.349,-0.839,-0.699
58339.1,-81.0,956.0,-175.0,0.49,-0.629,-0.49
58339.19,-84.0,958.0,-176.0,0.349,-0.699,-0.629
58339.37,-83.0,956.0,-177.0,0.49,-0.769,-0.629
58339.56,-83.0,957.0,-176.0,0.419,-0.769,-0.49
58339.74,-86.0,953.0,-178.0,0.419,-0.629,-0.49
58339.92,-85.0,957.0,-176.0,0.419,-0.98,-0.769
58340.1,-78.0,955.0,-178.0,0.56,-0.629,-0.629
58340.28,-81.0,958.0,-175.0,0.349,-0.769,-0.56
58340.47,-86.0,957.0,-177.0,0.49,-0.699,-0.769
58340.65,-76.0,955.0,-173.0,0.419,-0.699,-0.419
58340.83,-85.0,956.0,-177.0,0.209,-0.699,-0.56
58341.1,-83.0,956.0,-177.0,0.629,-0.629,-0.419
58341.2,-84.0,958.0,-179.0,0.419,-0.769,-0.49
58341.38,-80.0,957.0,-177.0,0.49,-0.769,-0.629
58341.56,-83.0,957.0,-178.0,0.349,-0.699,-0.419
58341.74,-88.0,956.0,-177.0,0.349,-0.56,-0.49
58341.93,-78.0,957.0,-174.0,0.209,-0.769,-0.56
58342.11,-83.0,958.0,-178.0,0.49,-0.629,-0.419
58342.29,-82.0,958.0,-174.0,0.349,-0.98,-0.56
58342.47,-86.0,957.0,-178.0,0.419,-0.629,-0.49
58342.65,-82.0,956.0,-177.0,0.349,-0.699,-0.56
58342.84,-82.0,959.0,-176.0,0.56,-0.839,-0.629
58343.2,-81.0,954.0,-176.0,0.56,-0.56,-0.419
58343.57,-84.0,955.0,-181.0,0.419,-0.699,-0.49
58343.75,-82.0,956.0,-179.0,0.49,-0.839,-0.49
58343.93,-83.0,956.0,-182.0,0.28,-0.769,-0.56
58344.11,-78.0,956.0,-179.0,0.49,-0.769,-0.419
58344.29,-86.0,957.0,-180.0,0.28,-0.839,-0.56
58344.48,-78.0,956.0,-179.0,0.56,-0.839,-0.56
58344.66,-81.0,955.0,-180.0,0.419,-0.769,-0.419
58344.84,-87.0,957.0,-180.0,0.56,-0.98,-0.629
58345.2,-79.0,955.0,-183.0,0.209,-0.769,-0.629
58345.21,-79.0,956.0,-179.0,0.56,-0.56,-0.419
58345.39,-90.0,958.0,-182.0,0.49,-0.98,-0.699
58351.58,-82.0,955.0,-179.0,0.49,-0.769,-0.49
58351.76,-82.0,956.0,-179.0,0.49,-0.769,-0.629
58351.95,-83.0,956.0,-179.0,0.49,-0.769,-0.49
58352.13,-82.0,956.0,-179.0,0.419,-0.769,-0.49
58352.31,-82.0,956.0,-179.0,0.49,-0.769,-0.49
58352.49,-82.0,956.0,-179.0,0.349,-0.699,-0.56
58352.68,-84.0,957.0,-179.0,0.49,-0.699,-0.56
58352.86,-81.0,956.0,-178.0,0.349,-0.769,-0.49
58353.4,-81.0,956.0,-178.0,0.419,-0.699,-0.629
58353.22,-81.0,958.0,-178.0,0.419,-0.629,-0.49
58353.4,-82.0,956.0,-178.0,0.419,-0.769,-0.629
58353.59,-82.0,957.0,-177.0,0.349,-0.839,-0.49
58353.77,-84.0,956.0,-179.0,0.419,-0.699,-0.56
58353.95,-81.0,956.0,-179.0,0.419,-0.769,-0.56
58354.13,-82.0,956.0,-179.0,0.419,-0.629,-0.419
58356.87,-86.0,959.0,-173.0,0.28,-0.91,-0.56
58357.5,-82.0,957.0,-177.0,0.699,-0.629,-0.419
58357.23,-81.0,956.0,-181.0,0.56,-0.839,-0.629
58357.41,-84.0,958.0,-177.0,0.56,-1.049,-0.56
58357.6,-84.0,953.0,-177.0,0.49,-0.629,-0.629
58357.78,-85.0,959.0,-181.0,0.56,-0.699,-0.699
58357.96,-84.0,956.0,-179.0,0.419,-0.769,-0.49
58358.14,-78.0,955.0,-179.0,0.629,-0.769,-0.56
58358.32,-88.0,956.0,-177.0,0.209,-0.699,-0.419
58358.51,-80.0,955.0,-178.0,0.56,-0.839,-0.699
58358.69,-80.0,956.0,-183.0,0.419,-0.699,-0.419
58358.87,-81.0,956.0,-176.0,0.56,-0.699,-0.56
58359.5,-78.0,956.0,-178.0,0.209,-0.699,-0.56
58359.24,-84.0,958.0,-174.0,0.419,-0.56,-0.349
58359.42,-80.0,958.0,-183.0,0.419,-1.049,-0.839
58359.6,-80.0,959.0,-172.0,0.49,-0.629,-0.49
58359.78,-81.0,958.0,-178.0,0.419,-0.699,-0.56
58359.96,-86.0,957.0,-178.0,0.49,-0.769,-0.419
58361.42,-86.0,957.0,-178.0,0.419,-0.769,-0.629
58361.6,-81.0,956.0,-178.0,0.49,-0.769,-0.49
58361.79,-83.0,957.0,-176.0,0.56,-0.629,-0.49
58361.97,-83.0,956.0,-179.0,0.419,-0.769,-0.56
58362.15,-80.0,954.0,-179.0,0.56,-0.629,-0.49
58362.33,-86.0,957.0,-178.0,0.49,-0.629,-0.419
58362.52,-82.0,956.0,-178.0,0.419,-0.839,-0.629
58362.7,-82.0,955.0,-179.0,0.629,-0.629,-0.49
58362.88,-82.0,958.0,-175.0,0.28,-0.91,-0.699
58363.6,-80.0,958.0,-174.0,0.349,-0.699,-0.49
58363.24,-83.0,957.0,-177.0,0.419,-0.699,-0.629
58370.9,-79.0,955.0,-175.0,0.349,-0.839,-0.49
58371.8,-83.0,957.0,-178.0,0.349,-0.629,-0.419
58371.26,-87.0,957.0,-176.0,0.419,-0.839,-0.629
58371.44,-81.0,959.0,-179.0,0.28,-0.839,-0.629
58371.63,-82.0,957.0,-177.0,0.28,-0.629,-0.349
58371.81,-85.0,957.0,-176.0,0.419,-0.839,-0.629
58371.99,-83.0,956.0,-177.0,0.28,-0.699,-0.56
58372.17,-83.0,956.0,-179.0,0.56,-0.769,-0.49
58372.35,-83.0,956.0,-176.0,0.28,-0.769,-0.49
58372.54,-79.0,957.0,-176.0,0.419,-0.699,-0.629
58372.72,-88.0,957.0,-178.0,0.349,-0.629,-0.629
58372.9,-82.0,956.0,-178.0,0.419,-0.91,-0.56
58373.8,-83.0,956.0,-178.0,0.49,-0.839,-0.56
58373.27,-83.0,955.0,-178.0,0.349,-0.629,-0.419
58373.45,-84.0,956.0,-180.0,0.49,-0.699,-0.769
58373.63,-80.0,956.0,-179.0,0.49,-0.769,-0.49
58375.45,-84.0,956.0,-178.0,0.629,-0.699,-0.56
58375.63,-83.0,958.0,-177.0,0.349,-0.839,-0.419
58375.82,-82.0,954.0,-176.0,0.49,-0.699,-0.49
58376.0,-86.0,957.0,-177.0,0.209,-0.699,-0.56
58376.18,-79.0,956.0,-179.0,0.699,-0.699,-0.629
58376.36,-84.0,956.0,-178.0,0.28,-0.699,-0.419
58376.55,-83.0,956.0,-178.0,0.419,-0.699,-0.629
58376.73,-82.0,957.0,-177.0,0.349,-0.769,-0.49
58376.91,-84.0,957.0,-176.0,0.56,-0.769,-0.629
58377.9,-81.0,956.0,-177.0,0.28,-0.769,-0.56
58377.27,-82.0,957.0,-177.0,0.419,-0.629,-0.419
58377.46,-84.0,955.0,-177.0,0.49,-0.699,-0.56
58377.64,-82.0,957.0,-178.0,0.28,-0.629,-0.699
58379.28,-86.0,958.0,-179.0,0.28,-0.699,-0.349
58379.46,-80.0,955.0,-178.0,0.49,-0.839,-0.49
58379.64,-85.0,957.0,-178.0,0.209,-0.769,-0.419
58379.83,-82.0,956.0,-176.0,0.56,-0.839,-0.629
58380.1,-83.0,956.0,-178.0,0.28,-0.769,-0.49
58380.19,-81.0,955.0,-179.0,0.49,-0.699,-0.56
58380.37,-82.0,955.0,-181.0,0.349,-0.769,-0.629
58380.55,-81.0,955.0,-178.0,0.419,-0.699,-0.56
58380.74,-83.0,957.0,-179.0,0.349,-0.769,-0.56
58380.92,-81.0,957.0,-178.0,0.349,-0.699,-0.56
58381.1,-83.0,957.0,-176.0,0.419,-0.699,-0.49
58381.28,-83.0,957.0,-177.0,0.349,-0.699,-0.56
58381.47,-81.0,957.0,-177.0,0.349,-0.699,-0.49
58381.65,-84.0,958.0,-178.0,0.49,-0.769,-0.49
58381.83,-82.0,956.0,-177.0,0.349,-0.769,-0.49
58382.1,-84.0,955.0,-178.0,0.419,-0.769,-0.419
58382.19,-84.0,956.0,-178.0,0.349,-0.769,-0.629
58382.38,-81.0,957.0,-178.0,0.419,-0.769,-0.56
58382.56,-82.0,957.0,-179.0,0.349,-0.56,-0.419
58382.74,-84.0,957.0,-178.0,0.419,-0.769,-0.56
58382.92,-81.0,957.0,-177.0,0.419,-0.769,-0.629
58383.11,-83.0,957.0,-176.0,0.349,-0.699,-0.56
58383.29,-84.0,959.0,-179.0,0.56,-0.839,-0.769
58390.21,-80.0,956.0,-178.0,0.349,-0.699,-0.56
58390.39,-83.0,957.0,-177.0,0.419,-0.769,-0.56
58390.58,-83.0,956.0,-176.0,0.349,-0.699,-0.56
58390.76,-82.0,958.0,-178.0,0.349,-0.769,-0.49
58390.94,-79.0,956.0,-176.0,0.419,-0.769,-0.49
58391.12,-84.0,956.0,-178.0,0.419,-0.699,-0.56
58391.31,-80.0,956.0,-181.0,0.349,-0.699,-0.629
58391.49,-84.0,958.0,-176.0,0.629,-0.769,-0.49
58391.67,-81.0,957.0,-178.0,0.49,-0.91,-0.769
58391.85,-81.0,956.0,-175.0,0.419,-0.629,-0.349
58392.3,-85.0,957.0,-178.0,0.419,-0.769,-0.699
58399.14,-82.0,957.0,-178.0,0.419,-0.769,-0.629
58399.32,-80.0,957.0,-176.0,0.419,-0.769,-0.49
58399.51,-82.0,955.0,-178.0,0.49,-0.769,-0.49
58399.69,-81.0,956.0,-176.0,0.349,-0.769,-0.49
58399.87,-82.0,958.0,-175.0,0.49,-0.769,-0.49
58400.5,-81.0,954.0,-179.0,0.349,-0.49,-0.349
58400.23,-87.0,961.0,-174.0,0.56,-0.839,-0.699
58400.42,-83.0,954.0,-177.0,0.629,-0.699,-0.49
58400.6,-83.0,960.0,-175.0,0.349,-0.91,-0.699
58400.78,-81.0,955.0,-177.0,0.629,-0.699,-0.49
58400.96,-77.0,954.0,-178.0,0.56,-0.699,-0.49
58408.43,-77.0,955.0,-184.0,0.349,-0.629,-0.91
58408.62,-85.0,957.0,-169.0,0.349,-0.769,-0.349
58408.8,-79.0,956.0,-184.0,0.14,-0.56,-0.98
58408.98,-82.0,955.0,-173.0,0.629,-0.91,-0.349
58409.16,-84.0,957.0,-179.0,0.28,-0.769,-0.769
58409.34,-79.0,957.0,-174.0,0.419,-0.629,-0.49
58409.53,-88.0,956.0,-178.0,0.349,-0.769,-0.56
58409.71,-75.0,956.0,-177.0,0.28,-0.699,-0.349
58409.89,-86.0,957.0,-175.0,0.629,-0.769,-0.56
58410.7,-85.0,956.0,-176.0,0.209,-0.91,-0.699
58410.26,-81.0,960.0,-175.0,0.629,-0.699,-0.699
58410.44,-82.0,955.0,-177.0,0.349,-0.839,-0.419
58410.62,-86.0,961.0,-173.0,0.419,-0.98,-0.91
58410.8,-74.0,952.0,-178.0,0.419,-0.419,-0.349
58410.98,-85.0,957.0,-178.0,0.28,-0.91,-0.419
58411.17,-86.0,958.0,-176.0,0.28,-0.91,-0.629
58411.35,-87.0,956.0,-183.0,0.91,-0.49,-0.56
58411.53,-89.0,959.0,-177.0,0.28,-1.12,-0.629
58411.71,-75.0,954.0,-180.0,0.56,-0.629,-0.629
58411.9,-90.0,956.0,-183.0,1.049,-0.56,-0.209
58412.8,-84.0,957.0,-173.0,0.07,-1.259,-0.91
58412.26,-81.0,957.0,-181.0,0.419,-0.349,-0.629
58412.44,-80.0,954.0,-179.0,0.629,-0.839,-0.28
58412.62,-91.0,959.0,-176.0,0.14,-0.839,-0.629
58412.81,-78.0,954.0,-179.0,0.629,-0.629,-0.56
58412.99,-82.0,958.0,-180.0,0.28,-0.839,-0.49
58413.17,-83.0,954.0,-176.0,0.49,-0.629,-0.49
58413.35,-84.0,958.0,-177.0,0.14,-0.699,-0.629
58413.54,-80.0,954.0,-178.0,0.419,-0.56,-0.56
58413.72,-83.0,957.0,-180.0,0.49,-0.91,-0.629
58413.9,-84.0,956.0,-173.0,0.28,-0.699,-0.49
58417.0,-86.0,959.0,-179.0,0.629,-0.699,-0.769
58417.18,-71.0,954.0,-176.0,0.699,-0.91,-0.28
58417.36,-81.0,954.0,-175.0,0.49,-0.91,-0.419
58417.54,-84.0,956.0,-178.0,0.419,-0.699,-0.699
58417.73,-82.0,954.0,-176.0,0.28,-0.769,-0.56
58417.91,-89.0,960.0,-176.0,0.49,-0.839,-0.629
58418.9,-82.0,955.0,-181.0,0.49,-0.839,-0.56
58418.45,-86.0,959.0,-179.0,0.49,-0.629,-0.769
58418.64,-75.0,953.0,-174.0,0.28,-0.699,-0.629
58418.82,-88.0,959.0,-179.0,0.839,-0.699,-0.419
58419.0,-81.0,955.0,-173.0,0.14,-0.769,-0.699
58419.18,-81.0,957.0,-180.0,0.56,-0.629,-0.49
58421.19,-81.0,956.0,-177.0,0.419,-0.769,-0.629
58421.37,-83.0,956.0,-177.0,0.419,-0.839,-0.49
58421.55,-84.0,956.0,-177.0,0.419,-0.839,-0.56
58421.73,-82.0,957.0,-176.0,0.349,-0.699,-0.56
58421.92,-82.0,957.0,-177.0,0.349,-0.699,-0.56
58422.1,-81.0,957.0,-177.0,0.349,-0.769,-0.56
58422.28,-83.0,956.0,-177.0,0.419,-0.699,-0.56
58422.46,-84.0,956.0,-177.0,0.56,-0.769,-0.629
58422.65,-82.0,956.0,-176.0,0.28,-0.839,-0.56
58422.83,-80.0,957.0,-178.0,0.49,-0.629,-0.56
58423.1,-82.0,956.0,-177.0,0.419,-0.769,-0.49
58423.19,-83.0,956.0,-180.0,0.419,-0.769,-0.56
58436.67,-88.0,957.0,-176.0,0.349,-0.769,-0.699
58436.86,-80.0,954.0,-179.0,0.699,-0.91,-0.56
58437.4,-85.0,955.0,-179.0,0.49,-0.839,-0.49
58437.22,-85.0,955.0,-177.0,0.49,-0.699,-0.699
58437.4,-78.0,954.0,-182.0,0.349,-0.629,-0.699
58437.59,-86.0,958.0,-175.0,0.49,-0.769,-0.49
58437.77,-82.0,957.0,-178.0,0.349,-0.629,-0.629
58437.95,-82.0,956.0,-176.0,0.209,-0.629,-0.699
58438.13,-81.0,957.0,-178.0,0.49,-0.769,-0.49
58438.31,-83.0,957.0,-176.0,0.56,-0.769,-0.56
58438.5,-83.0,957.0,-176.0,0.419,-0.839,-0.629
58438.68,-83.0,956.0,-180.0,0.349,-0.699,-0.49
58438.86,-84.0,957.0,-181.0,0.629,-0.98,-0.699
58439.4,-80.0,955.0,-179.0,0.349,-0.49,-0.14
58439.23,-81.0,955.0,-180.0,0.28,-0.699,-0.56
58439.41,-79.0,956.0,-175.0,0.209,-0.769,-0.49
58439.59,-82.0,957.0,-179.0,0.56,-0.699,-0.419
58439.77,-81.0,957.0,-175.0,0.14,-0.91,-0.699
58439.95,-83.0,956.0,-176.0,0.699,-0.56,-0.49
58440.14,-86.0,958.0,-178.0,0.419,-1.049,-0.56
58441.23,-84.0,957.0,-181.0,0.419,-0.629,-0.629
58441.41,-78.0,954.0,-173.0,0.49,-0.839,-0.49
58441.59,-84.0,961.0,-180.0,0.769,-0.839,-0.629
58441.78,-78.0,954.0,-172.0,0.28,-0.769,-0.49
58441.96,-85.0,959.0,-183.0,0.769,-0.769,-0.769
58442.14,-79.0,954.0,-175.0,0.349,-0.839,-0.349
58442.32,-83.0,957.0,-180.0,0.49,-0.699,-0.699
58442.51,-81.0,955.0,-177.0,0.28,-0.839,-0.49
58442.69,-81.0,957.0,-179.0,0.56,-0.769,-0.629
58442.87,-82.0,955.0,-178.0,0.28,-0.699,-0.419
58443.5,-84.0,958.0,-179.0,0.28,-0.769,-0.56
58443.23,-83.0,957.0,-177.0,0.349,-0.699,-0.56
58454.35,-84.0,958.0,-176.0,0.28,-0.839,-0.629
58454.53,-82.0,953.0,-175.0,0.91,-0.839,-0.56
58454.71,-82.0,958.0,-175.0,-0.07,-1.12,-0.699
58454.9,-80.0,956.0,-178.0,0.56,-0.56,-0.419
58455.8,-84.0,957.0,-179.0,0.419,-0.91,-0.56
58455.26,-84.0,958.0,-175.0,0.49,-1.049,-0.769
58455.44,-82.0,954.0,-175.0,0.49,-0.56,-0.349
58455.63,-87.0,957.0,-177.0,0.28,-0.839,-0.699
58455.81,-79.0,957.0,-176.0,0.56,-0.839,-0.49
58455.99,-83.0,957.0,-177.0,0.349,-0.699,-0.419
58456.17,-84.0,957.0,-175.0,0.349,-0.699,-0.56
58456.35,-80.0,957.0,-178.0,0.49,-0.839,-0.56
58456.54,-83.0,957.0,-174.0,0.419,-0.699,-0.49
58468.93,-78.0,958.0,-175.0,0.49,-0.98,-0.769
58469.11,-83.0,957.0,-177.0,0.349,-0.56,-0.419
58469.29,-83.0,959.0,-176.0,0.419,-0.839,-0.699
58469.47,-82.0,955.0,-178.0,0.419,-0.699,-0.49
58469.66,-82.0,956.0,-176.0,0.49,-0.699,-0.56
58469.84,-85.0,957.0,-177.0,0.28,-0.769,-0.56
58470.2,-82.0,956.0,-176.0,0.419,-0.769,-0.629
58470.2,-84.0,955.0,-181.0,0.49,-0.699,-0.49
58470.39,-83.0,958.0,-174.0,0.349,-0.839,-0.769
58470.57,-83.0,956.0,-180.0,0.419,-0.629,-0.56
58470.75,-82.0,956.0,-176.0,0.349,-0.769,-0.56
58481.87,-89.0,959.0,-171.0,0.209,-0.629,-0.629
58482.5,-78.0,954.0,-180.0,0.419,-0.699,-0.699
58482.23,-83.0,957.0,-171.0,0.56,-0.839,-0.56
58482.41,-80.0,960.0,-176.0,0.49,-0.839,-0.699
58482.6,-82.0,958.0,-172.0,0.49,-0.91,-0.419
58482.78,-76.0,956.0,-174.0,0.07,-0.56,-0.49
58482.96,-92.0,961.0,-178.0,0.49,-0.699,-0.629
58483.14,-74.0,954.0,-174.0,0.49,-0.91,-0.56
58483.32,-73.0,975.0,-177.0,0.209,-0.699,-0.629
58483.51,-84.0,955.0,-170.0,0.28,-0.699,-0.419
58483.69,-81.0,958.0,-180.0,0.419,-0.699,-0.839
58493.53,-83.0,957.0,-177.0,0.49,-0.839,-0.49
58493.71,-82.0,957.0,-176.0,0.349,-0.699,-0.49
58493.89,-81.0,956.0,-177.0,0.349,-0.629,-0.56
58494.8,-82.0,957.0,-176.0,0.419,-0.839,-0.49
58494.26,-82.0,956.0,-177.0,0.419,-0.699,-0.56
58494.44,-82.0,957.0,-177.0,0.419,-0.769,-0.49
58494.62,-82.0,956.0,-176.0,0.419,-0.769,-0.56
58494.8,-82.0,957.0,-176.0,0.419,-0.839,-0.629
58494.99,-81.0,957.0,-176.0,0.419,-0.769,-0.56
58495.17,-83.0,957.0,-175.0,0.419,-0.769,-0.49
58495.35,-84.0,957.0,-175.0,0.349,-0.769,-0.56
58495.53,-82.0,956.0,-176.0,0.419,-0.699,-0.629
58496.26,-82.0,956.0,-177.0,0.349,-0.629,-0.56
58496.44,-82.0,956.0,-177.0,0.419,-0.699,-0.629
58496.63,-81.0,956.0,-177.0,0.419,-0.699,-0.49
58496.81,-83.0,957.0,-177.0,0.349,-0.769,-0.629
58496.99,-80.0,956.0,-177.0,0.419,-0.699,-0.49
58497.17,-83.0,957.0,-175.0,0.419,-0.699,-0.56
58497.36,-82.0,957.0,-177.0,0.49,-0.769,-0.56
58497.54,-81.0,957.0,-176.0,0.49,-0.769,-0.56
58497.72,-82.0,957.0,-177.0,0.49,-0.699,-0.56
58497.9,-83.0,956.0,-176.0,0.419,-0.769,-0.56
58498.8,-82.0,957.0,-177.0,0.419,-0.769,-0.629
58498.27,-81.0,956.0,-177.0,0.56,-0.699,-0.56
58498.45,-83.0,957.0,-178.0,0.419,-0.699,-0.629
58498.63,-81.0,956.0,-175.0,0.419,-0.629,-0.49
58498.81,-84.0,957.0,-180.0,0.349,-0.629,-0.56
58499.36,-83.0,957.0,-175.0,0.419,-0.699,-0.56
58499.54,-82.0,957.0,-178.0,0.419,-0.769,-0.56
58499.72,-81.0,958.0,-175.0,0.419,-0.769,-0.56
58499.91,-82.0,957.0,-177.0,0.419,-0.699,-0.419
58500.9,-82.0,956.0,-176.0,0.419,-0.839,-0.56
58500.27,-82.0,957.0,-177.0,0.349,-0.839,-0.56
58500.45,-83.0,956.0,-176.0,0.419,-0.699,-0.49
58500.64,-79.0,958.0,-177.0,0.56,-0.839,-0.49
58500.82,-84.0,956.0,-176.0,0.28,-0.91,-0.49
58501.0,-81.0,956.0,-177.0,0.419,-0.699,-0.56
58501.18,-83.0,956.0,-177.0,0.419,-0.839,-0.49
58509.2,-94.0,959.0,-179.0,0.209,-0.699,-0.419
58509.2,-79.0,957.0,-174.0,0.56,-0.98,-0.769
58509.57,-86.0,957.0,-173.0,0.49,-0.699,-0.629
58509.75,-86.0,957.0,-178.0,0.419,-0.98,-0.629
58509.93,-79.0,955.0,-176.0,0.49,-0.769,-0.419
58510.11,-86.0,959.0,-176.0,0.349,-0.91,-0.49
58510.3,-83.0,954.0,-178.0,0.699,-0.56,-0.629
58510.48,-81.0,958.0,-179.0,0.349,-0.98,-0.91
58510.66,-76.0,955.0,-174.0,0.629,-0.56,-0.49
58510.84,-83.0,957.0,-172.0,-0.349,-0.699,-0.56
58517.77,-83.0,955.0,-177.0,0.419,-0.769,-0.629
58517.95,-82.0,956.0,-175.0,0.349,-0.629,-0.49
58518.13,-84.0,956.0,-177.0,0.349,-0.699,-0.629
58518.31,-82.0,956.0,-177.0,0.28,-0.769,-0.629
58518.5,-82.0,956.0,-177.0,0.49,-0.769,-0.56
58518.68,-82.0,956.0,-177.0,0.28,-0.699,-0.56
58518.86,-82.0,957.0,-176.0,0.419,-0.699,-0.56
58519.4,-83.0,956.0,-176.0,0.419,-0.769,-0.56
58519.23,-83.0,957.0,-177.0,0.349,-0.769,-0.629
58519.41,-82.0,956.0,-177.0,0.49,-0.629,-0.49
58519.59,-84.0,956.0,-177.0,0.49,-0.769,-0.629
58530.16,-82.0,956.0,-178.0,0.349,-0.769,-0.49
58530.34,-84.0,956.0,-177.0,0.419,-0.699,-0.56
58530.53,-82.0,956.0,-176.0,0.419,-0.769,-0.56
58530.71,-83.0,955.0,-178.0,0.419,-0.769,-0.419
58530.89,-83.0,957.0,-178.0,0.49,-0.769,-0.49
58531.7,-83.0,955.0,-177.0,0.419,-0.839,-0.56
58531.25,-82.0,957.0,-178.0,0.419,-0.769,-0.629
58531.44,-77.0,957.0,-179.0,0.419,-0.769,-0.419
58531.62,-81.0,957.0,-177.0,0.209,-0.839,-0.49
58531.8,-83.0,957.0,-177.0,0.56,-0.699,-0.349
58538.73,-84.0,959.0,-177.0,0.56,-0.769,-0.629
58538.91,-81.0,957.0,-174.0,0.209,-0.839,-0.699
58539.9,-70.0,955.0,-177.0,0.07,-0.49,-0.419
58539.27,-85.0,957.0,-176.0,0.49,-0.49,-0.419
58539.46,-82.0,956.0,-177.0,0.349,-0.769,-0.629
58539.64,-82.0,957.0,-175.0,0.419,-0.699,-0.49
58539.82,-82.0,957.0,-179.0,0.349,-0.769,-0.56
58540.0,-79.0,956.0,-177.0,0.56,-0.769,-0.56
58540.19,-84.0,957.0,-177.0,0.49,-0.769,-0.419
58540.37,-83.0,957.0,-177.0,0.349,-0.769,-0.769
58540.55,-81.0,956.0,-178.0,0.419,-0.699,-0.49
58540.73,-84.0,956.0,-179.0,0.419,-0.839,-0.56
58540.91,-81.0,956.0,-177.0,0.419,-0.839,-0.56
58541.1,-84.0,957.0,-176.0,0.28,-0.699,-0.56
58541.28,-81.0,956.0,-179.0,0.349,-0.769,-0.49
58541.46,-82.0,957.0,-177.0,0.419,-0.769,-0.56
58541.64,-82.0,957.0,-175.0,0.349,-0.769,-0.49
58541.83,-84.0,957.0,-177.0,0.419,-0.699,-0.49
58542.74,-82.0,957.0,-175.0,0.419,-0.839,-0.49
58542.92,-82.0,956.0,-177.0,0.419,-0.839,-0.629
58543.1,-81.0,956.0,-177.0,0.349,-0.699,-0.56
58543.28,-88.0,957.0,-179.0,0.49,-0.769,-0.56
58543.47,-78.0,955.0,-177.0,0.56,-0.769,-0.629
58543.65,-79.0,955.0,-179.0,0.28,-0.769,-0.349
58543.83,-86.0,957.0,-177.0,0.49,-0.629,-0.629
58544.1,-80.0,957.0,-178.0,0.209,-0.98,-0.56
58544.2,-82.0,957.0,-176.0,0.49,-0.699,-0.349
58544.38,-85.0,952.0,-179.0,0.28,-0.629,-0.56
58544.56,-84.0,957.0,-176.0,0.28,-0.91,-0.629
58544.74,-81.0,959.0,-180.0,0.56,-0.699,-0.629
58544.92,-92.0,962.0,-176.0,0.349,-0.769,-0.91
58545.11,-81.0,955.0,-180.0,0.49,-0.839,-0.49
58545.29,-76.0,956.0,-176.0,0.14,-0.629,-0.419
58545.47,-83.0,958.0,-179.0,0.699,-0.769,-0.56
58545.65,-78.0,953.0,-177.0,0.49,-0.769,-0.49
58545.84,-82.0,957.0,-171.0,0.419,-0.839,-0.419
58546.2,-86.0,958.0,-176.0,0.209,-0.56,-0.49
58546.2,-80.0,955.0,-178.0,0.419,-0.839,-0.629
58546.38,-82.0,958.0,-176.0,0.49,-0.839,-0.419
58546.56,-80.0,956.0,-176.0,0.349,-0.629,-0.629
58546.75,-80.0,957.0,-178.0,0.349,-0.699,-0.629
58546.93,-82.0,954.0,-177.0,0.629,-0.56,-0.14
58547.11,-86.0,957.0,-176.0,0.349,-1.049,-0.56
58547.29,-85.0,955.0,-178.0,0.56,-0.419,-0.209
58547.48,-86.0,956.0,-177.0,0.28,-0.91,-0.699
58547.66,-79.0,957.0,-179.0,0.629,-0.91,-0.699
58547.84,-85.0,954.0,-173.0,0.56,-0.699,-0.28
58548.2,-82.0,957.0,-181.0,0.349,-0.769,-0.769
58548.2,-79.0,955.0,-175.0,0.49,-0.699,-0.419
58548.39,-84.0,957.0,-178.0,0.419,-0.839,-0.56
58548.57,-79.0,957.0,-174.0,0.28,-0.839,-0.56
58548.75,-81.0,957.0,-177.0,0.349,-0.769,-0.56
58548.93,-79.0,956.0,-179.0,0.349,-0.56,-0.629
58549.12,-82.0,957.0,-179.0,0.419,-0.839,-0.349
58549.3,-81.0,957.0,-176.0,0.349,-0.769,-0.56
58549.48,-81.0,957.0,-177.0,0.349,-0.56,-0.419
58549.66,-83.0,957.0,-178.0,0.349,-0.769,-0.629
58549.85,-82.0,956.0,-179.0,0.419,-0.839,-0.56
58550.3,-84.0,957.0,-179.0,0.49,-0.699,-0.629
58550.21,-82.0,956.0,-174.0,0.349,-0.769,-0.56
58550.39,-80.0,958.0,-182.0,0.209,-0.629,-0.769
58550.57,-84.0,956.0,-173.0,0.629,-0.91,-0.349
58550.76,-86.0,957.0,-180.0,0.28,-0.769,-0.769
58550.94,-75.0,955.0,-174.0,0.209,-0.699,-0.349
58551.12,-82.0,957.0,-183.0,0.56,-0.699,-0.699
58551.3,-84.0,958.0,-171.0,0.28,-0.98,-0.839
58551.49,-75.0,956.0,-180.0,0.28,-0.839,-0.419
58551.67,-90.0,957.0,-176.0,0.419,-0.699,-0.49
58551.85,-79.0,955.0,-180.0,0.629,-0.839,-0.629
58552.3,-83.0,957.0,-173.0,0.419,-0.839,-0.349
58552.21,-83.0,957.0,-179.0,0.419,-0.629,-0.769
58552.4,-81.0,956.0,-176.0,0.28,-0.769,-0.419
58552.58,-82.0,954.0,-180.0,0.699,-0.629,-0.349
58553.13,-85.0,957.0,-177.0,0.419,-0.699,-0.629
58553.31,-83.0,955.0,-176.0,0.699,-0.699,-0.769
58553.49,-83.0,957.0,-174.0,0.07,-0.699,-0.49
58553.67,-81.0,957.0,-177.0,0.56,-0.699,-0.56
58553.85,-83.0,955.0,-174.0,0.28,-0.699,-0.49
58554.4,-83.0,956.0,-178.0,0.49,-0.629,-0.56
58554.22,-83.0,957.0,-175.0,0.349,-0.699,-0.419
58554.4,-83.0,956.0,-179.0,0.49,-0.699,-0.699
58554.58,-82.0,956.0,-174.0,0.419,-0.769,-0.49
58554.77,-84.0,958.0,-176.0,0.419,-0.699,-0.56
58554.95,-82.0,957.0,-176.0,0.419,-0.769,-0.56
58555.13,-83.0,957.0,-177.0,0.49,-0.699,-0.56
58555.31,-82.0,957.0,-175.0,0.349,-0.699,-0.49
58555.5,-83.0,956.0,-177.0,0.419,-0.769,-0.56
58555.68,-82.0,956.0,-174.0,0.419,-0.769,-0.56
58557.14,-81.0,956.0,-175.0,0.419,-0.839,-0.56
58557.32,-82.0,957.0,-177.0,0.49,-0.699,-0.419
58557.5,-82.0,956.0,-174.0,0.349,-0.769,-0.56
58557.68,-82.0,957.0,-177.0,0.28,-0.699,-0.56
58557.86,-82.0,956.0,-177.0,0.349,-0.769,-0.56
58558.5,-82.0,956.0,-177.0,0.419,-0.769,-0.49
58558.23,-83.0,957.0,-176.0,0.419,-0.699,-0.56
58558.41,-81.0,956.0,-177.0,0.419,-0.629,-0.56
58558.59,-82.0,957.0,-179.0,0.28,-0.699,-0.56
58558.78,-80.0,957.0,-176.0,0.49,-0.769,-0.49
58558.96,-83.0,956.0,-177.0,0.349,-0.769,-0.49
58561.69,-81.0,957.0,-178.0,0.419,-0.699,-0.56
58561.87,-82.0,957.0,-178.0,0.49,-0.769,-0.49
58562.6,-83.0,956.0,-177.0,0.49,-0.769,-0.56
58562.24,-81.0,958.0,-177.0,0.349,-0.769,-0.49
58562.42,-84.0,957.0,-177.0,0.419,-0.699,-0.56
58562.6,-81.0,956.0,-177.0,0.49,-0.699,-0.49
58562.78,-83.0,958.0,-177.0,0.419,-0.699,-0.56
58562.97,-82.0,957.0,-177.0,0.419,-0.699,-0.629
58563.15,-83.0,957.0,-177.0,0.349,-0.769,-0.56
58563.33,-81.0,956.0,-177.0,0.419,-0.769,-0.56
58563.51,-82.0,957.0,-177.0,0.419,-0.699,-0.49
58574.8,-83.0,957.0,-174.0,0.28,-0.699,-0.49
58574.27,-89.0,956.0,-177.0,0.49,-0.56,-0.56
58574.45,-81.0,957.0,-177.0,0.28,-1.049,-0.769
58574.63,-78.0,959.0,-177.0,0.56,-0.629,-0.349
58574.81,-81.0,954.0,-178.0,0.28,-0.699,-0.49
58574.99,-81.0,955.0,-182.0,0.629,-0.699,-0.419
58575.18,-83.0,956.0,-177.0,0.419,-0.839,-0.629
58575.36,-83.0,956.0,-179.0,0.629,-0.769,-0.629
58575.54,-84.0,957.0,-177.0,0.28,-0.769,-0.49
58575.72,-85.0,957.0,-178.0,0.49,-0.769,-0.56
58575.91,-82.0,956.0,-175.0,0.349,-0.769,-0.699
58576.9,-81.0,957.0,-176.0,0.419,-0.769,-0.56
58576.27,-84.0,958.0,-175.0,0.419,-0.839,-0.629
58578.64,-82.0,957.0,-177.0,0.28,-0.769,-0.629
58578.82,-81.0,957.0,-175.0,0.28,-0.699,-0.629
58579.0,-81.0,957.0,-178.0,0.419,-0.629,-0.49
58579.19,-81.0,957.0,-179.0,0.419,-0.839,-0.49
58579.37,-82.0,958.0,-176.0,0.49,-0.91,-0.49
58579.55,-83.0,955.0,-180.0,0.56,-0.769,-0.629
58579.73,-85.0,956.0,-181.0,0.699,-0.629,-0.629
58579.92,-81.0,955.0,-183.0,0.28,-0.56,-0.49
58580.1,-83.0,956.0,-179.0,0.699,-0.629,-0.56
58580.28,-82.0,955.0,-179.0,0.14,-0.769,-0.56
58580.46,-77.0,958.0,-176.0,0.419,-0.699,-0.56
58587.39,-82.0,954.0,-180.0,0.56,-0.91,-0.56
58587.57,-83.0,957.0,-176.0,0.349,-0.629,-0.629
58587.75,-82.0,956.0,-179.0,0.209,-0.699,-0.49
58587.93,-82.0,957.0,-178.0,0.419,-0.769,-0.56
58588.12,-83.0,957.0,-175.0,0.349,-0.839,-0.49
58588.3,-84.0,959.0,-174.0,0.28,-0.769,-0.629
58588.48,-82.0,957.0,-177.0,0.49,-0.769,-0.629
58588.66,-82.0,957.0,-177.0,0.56,-0.91,-0.56
58588.85,-81.0,957.0,-177.0,0.49,-0.91,-0.56
58589.3,-82.0,956.0,-178.0,0.49,-0.629,-0.419
58589.21,-84.0,957.0,-176.0,0.49,-0.699,-0.56
58589.39,-82.0,956.0,-178.0,0.419,-0.699,-0.56
58589.58,-80.0,955.0,-176.0,0.419,-0.769,-0.56
58589.76,-83.0,957.0,-175.0,0.49,-0.839,-0.629
58591.3,-81.0,956.0,-179.0,0.419,-0.699,-0.49
58591.22,-85.0,957.0,-179.0,0.49,-0.769,-0.56
58591.4,-82.0,956.0,-178.0,0.349,-0.769,-0.629
58591.58,-80.0,956.0,-179.0,0.49,-0.699,-0.49
58591.76,-83.0,959.0,-175.0,0.419,-0.699,-0.49
58591.94,-84.0,955.0,-178.0,0.419,-0.769,-0.629
58592.13,-82.0,958.0,-177.0,0.419,-0.769,-0.56
58592.31,-83.0,955.0,-177.0,0.419,-0.769,-0.56
58592.49,-83.0,958.0,-177.0,0.28,-0.769,-0.49
58592.67,-81.0,956.0,-178.0,0.49,-0.629,-0.56
58592.86,-82.0,956.0,-177.0,0.349,-0.769,-0.419
58593.4,-83.0,957.0,-178.0,0.49,-0.769,-0.629
58601.6,-83.0,956.0,-178.0,0.419,-0.769,-0.56
58601.24,-83.0,957.0,-177.0,0.419,-0.839,-0.56
58601.42,-81.0,957.0,-176.0,0.49,-0.769,-0.49
58601.6,-82.0,956.0,-178.0,0.419,-0.769,-0.56
58601.78,-81.0,956.0,-178.0,0.349,-0.839,-0.629
58601.97,-82.0,956.0,-177.0,0.49,-0.839,-0.56
58602.15,-82.0,957.0,-177.0,0.28,-0.699,-0.56
58602.33,-83.0,957.0,-178.0,0.419,-0.699,-0.56
58602.51,-81.0,956.0,-179.0,0.49,-0.699,-0.49
58602.7,-84.0,957.0,-178.0,0.349,-0.839,-0.56
58602.88,-81.0,956.0,-178.0,0.49,-0.699,-0.56
58603.6,-85.0,957.0,-179.0,0.349,-0.769,-0.49
58611.63,-82.0,957.0,-176.0,0.28,-0.839,-0.56
58611.81,-82.0,957.0,-177.0,0.419,-0.769,-0.56
58611.99,-81.0,956.0,-177.0,0.49,-0.769,-0.56
58612.17,-83.0,956.0,-178.0,0.419,-0.839,-0.49
58612.35,-81.0,957.0,-178.0,0.349,-0.769,-0.629
58612.54,-86.0,956.0,-180.0,0.49,-0.699,-0.49
58612.72,-82.0,956.0,-179.0,0.419,-0.839,-0.629
58612.9,-83.0,956.0,-177.0,0.419,-0.629,-0.419
58613.8,-83.0,957.0,-177.0,0.349,-0.769,-0.629
58613.27,-82.0,957.0,-177.0,0.349,-0.839,-0.629
58613.45,-81.0,956.0,-179.0,0.419,-0.769,-0.56
58613.63,-76.0,959.0,-173.0,0.14,-0.839,-0.419
58619.64,-79.0,954.0,-175.0,0.349,-0.699,-0.49
58619.83,-88.0,959.0,-178.0,0.419,-0.629,-0.49
58620.1,-78.0,955.0,-176.0,0.28,-0.769,-0.629
58620.19,-81.0,958.0,-183.0,0.49,-0.56,-0.419
58620.37,-85.0,956.0,-175.0,0.49,-0.91,-0.49
58620.56,-82.0,957.0,-178.0,0.419,-0.769,-0.629
58620.74,-81.0,956.0,-177.0,0.349,-0.629,-0.56
58620.92,-83.0,956.0,-179.0,0.419,-0.839,-0.56
58621.1,-82.0,957.0,-179.0,0.49,-0.629,-0.56
58621.28,-87.0,957.0,-174.0,0.629,-0.839,-0.56
58621.47,-82.0,958.0,-178.0,0.209,-0.839,-0.699
58621.65,-82.0,956.0,-177.0,0.699,-0.629,-0.56
58625.66,-82.0,956.0,-181.0,0.349,-0.49,-0.49
58625.84,-78.0,955.0,-176.0,0.699,-0.98,-0.419
58626.2,-86.0,958.0,-176.0,0.209,-0.839,-0.56
58626.2,-84.0,956.0,-175.0,0.349,-0.49,-0.419
58626.39,-81.0,956.0,-181.0,0.28,-0.91,-0.769
58626.57,-78.0,956.0,-174.0,0.56,-0.91,-0.419
58626.75,-85.0,957.0,-176.0,0.28,-0.769,-0.56
58626.93,-80.0,956.0,-176.0,0.419,-0.769,-0.699
58627.12,-83.0,956.0,-177.0,0.419,-0.839,-0.629
58627.3,-81.0,956.0,-178.0,0.49,-0.769,-0.56
58627.48,-83.0,957.0,-177.0,0.419,-0.769,-0.419
58635.13,-85.0,956.0,-175.0,0.28,-0.839,-0.349
58635.32,-83.0,957.0,-178.0,0.419,-0.769,-0.699
58635.5,-82.0,957.0,-177.0,0.349,-0.699,-0.49
58635.68,-83.0,956.0,-179.0,0.49,-0.699,-0.49
58635.86,-82.0,956.0,-177.0,0.419,-0.769,-0.56
58636.5,-83.0,957.0,-177.0,0.419,-0.769,-0.56
58636.23,-82.0,961.0,-175.0,0.28,-0.769,-0.56
58636.41,-84.0,957.0,-177.0,0.419,-0.49,-0.349
58636.59,-80.0,960.0,-177.0,0.28,-0.98,-0.769
58636.77,-79.0,955.0,-177.0,0.56,-0.839,-0.49
58636.96,-86.0,957.0,-176.0,0.28,-0.769,-0.56
58637.14,-80.0,956.0,-179.0,0.209,-0.629,-0.56
58638.96,-84.0,958.0,-177.0,0.28,-0.699,-0.49
58639.14,-81.0,958.0,-177.0,0.629,-0.839,-0.56
58639.33,-84.0,957.0,-175.0,0.28,-0.839,-0.629
58639.51,-83.0,957.0,-177.0,0.49,-0.56,-0.56
58639.69,-71.0,955.0,-186.0,0.209,-0.699,-0.629
58639.87,-86.0,957.0,-174.0,0.91,-0.839,-0.349
58640.5,-86.0,956.0,-175.0,0.14,-0.839,-0.769
58640.24,-80.0,956.0,-176.0,0.209,-0.629,-0.56
58640.42,-85.0,958.0,-180.0,0.349,-0.839,-0.49
58640.6,-79.0,957.0,-174.0,0.49,-0.769,-0.49
58640.78,-81.0,958.0,-173.0,0.07,-0.629,-0.419
58640.97,-85.0,956.0,-179.0,0.769,-0.56,-0.56
58650.26,-83.0,957.0,-178.0,0.419,-0.769,-0.629
58650.44,-83.0,955.0,-176.0,0.349,-0.769,-0.419
58650.62,-85.0,956.0,-177.0,0.28,-0.839,-0.699
58650.81,-81.0,956.0,-178.0,0.419,-0.629,-0.419
58650.99,-86.0,958.0,-176.0,0.28,-0.699,-0.699
58651.17,-81.0,957.0,-176.0,0.49,-0.839,-0.629
58651.35,-82.0,958.0,-176.0,0.49,-0.699,-0.49
58651.54,-83.0,956.0,-177.0,0.49,-0.699,-0.56
58651.72,-82.0,956.0,-177.0,0.419,-0.839,-0.56
58651.9,-80.0,956.0,-179.0,0.419,-0.699,-0.56
58652.8,-84.0,956.0,-177.0,0.419,-0.699,-0.49
58652.26,-81.0,955.0,-179.0,0.349,-0.769,-0.699
58652.45,-81.0,956.0,-175.0,0.349,-0.769,-0.49
58652.63,-82.0,958.0,-175.0,0.209,-0.769,-0.56
58652.81,-83.0,956.0,-175.0,0.349,-0.839,-0.49
58652.99,-81.0,957.0,-177.0,0.419,-0.839,-0.629
58653.18,-84.0,957.0,-177.0,0.419,-0.769,-0.56
58654.63,-79.0,955.0,-176.0,0.349,-0.769,-0.49
58654.82,-87.0,957.0,-177.0,0.209,-0.699,-0.56
58655.0,-80.0,957.0,-179.0,0.419,-0.769,-0.629
58655.18,-81.0,956.0,-176.0,0.28,-0.699,-0.49
58655.36,-81.0,958.0,-178.0,0.419,-0.56,-0.56
58655.54,-84.0,956.0,-177.0,0.419,-0.699,-0.49
58655.73,-83.0,955.0,-179.0,0.28,-0.98,-0.56
58655.91,-80.0,955.0,-178.0,0.28,-0.699,-0.419
58656.9,-83.0,956.0,-177.0,0.419,-0.629,-0.629
58656.27,-82.0,956.0,-180.0,0.349,-0.629,-0.629
58656.46,-83.0,958.0,-176.0,0.419,-0.699,-0.629
58656.64,-79.0,955.0,-178.0,0.349,-0.839,-0.49
58656.82,-85.0,958.0,-174.0,0.14,-0.769,-0.56
58657.0,-80.0,957.0,-178.0,0.419,-0.769,-0.419
58657.19,-83.0,957.0,-177.0,0.419,-0.839,-0.629
58657.37,-82.0,956.0,-177.0,0.49,-0.839,-0.419
58657.55,-83.0,958.0,-177.0,0.49,-0.91,-0.629
58657.73,-81.0,956.0,-179.0,0.349,-0.699,-0.419
58657.91,-83.0,956.0,-180.0,0.56,-0.56,-0.419
58658.1,-85.0,959.0,-177.0,0.349,-1.049,-0.629
58658.28,-78.0,955.0,-175.0,0.209,-0.699,-0.349
58658.46,-83.0,957.0,-178.0,0.419,-0.699,-0.629
58658.64,-83.0,958.0,-172.0,0.14,-0.839,-0.49
58658.83,-84.0,958.0,-178.0,0.49,-0.769,-0.769
58659.1,-80.0,956.0,-175.0,0.349,-0.91,-0.419
58659.19,-83.0,957.0,-177.0,0.56,-0.91,-0.56
58659.37,-80.0,955.0,-179.0,0.839,-0.699,-0.349
58659.55,-89.0,956.0,-174.0,0.349,-0.839,-0.629
58659.74,-80.0,957.0,-181.0,0.349,-0.839,-0.769
58659.92,-80.0,956.0,-173.0,0.699,-0.629,-0.28
58660.1,-89.0,958.0,-183.0,0.28,-0.56,-0.56
58667.3,-100.0,963.0,-169.0,0.419,-1.12,-0.49
58667.21,-80.0,956.0,-181.0,0.769,-0.839,-0.91
58667.39,-81.0,958.0,-171.0,0.209,-0.839,-0.419
58667.57,-87.0,956.0,-181.0,0.699,-0.699,-0.49
58667.76,-80.0,955.0,-174.0,0.28,-0.839,-0.49
58667.94,-83.0,956.0,-179.0,0.49,-0.629,-0.49
58668.12,-84.0,958.0,-174.0,0.349,-0.769,-0.56
58668.3,-79.0,955.0,-179.0,0.419,-0.629,-0.49
58668.48,-83.0,958.0,-175.0,0.28,-0.769,-0.629
58668.67,-82.0,956.0,-179.0,0.56,-0.699,-0.629
58668.85,-82.0,957.0,-176.0,0.419,-0.699,-0.49
58669.3,-84.0,956.0,-181.0,0.56,-0.699,-0.699
58669.21,-81.0,956.0,-178.0,0.349,-0.769,-0.49
58669.4,-81.0,957.0,-178.0,0.49,-0.769,-0.56
58670.85,-78.0,956.0,-177.0,0.419,-0.629,-0.419
58671.4,-83.0,957.0,-179.0,0.49,-0.629,-0.49
58671.22,-82.0,957.0,-176.0,0.349,-0.769,-0.629
58671.4,-80.0,956.0,-178.0,0.349,-0.629,-0.419
58671.58,-83.0,958.0,-177.0,0.349,-0.839,-0.56
58671.77,-82.0,957.0,-178.0,0.349,-0.629,-0.49
58671.95,-81.0,956.0,-178.0,0.419,-0.769,-0.56
58672.13,-83.0,957.0,-179.0,0.349,-0.699,-0.56
58672.31,-82.0,957.0,-176.0,0.419,-0.769,-0.56
58672.49,-82.0,956.0,-178.0,0.349,-0.91,-0.629
58672.68,-82.0,956.0,-177.0,0.419,-0.699,-0.49
58672.86,-84.0,955.0,-178.0,0.49,-0.699,-0.49
58680.88,-81.0,955.0,-176.0,0.769,-0.699,-0.629
58681.6,-79.0,954.0,-178.0,0.349,-0.839,-0.349
58681.24,-84.0,956.0,-176.0,0.49,-0.699,-0.56
58681.43,-81.0,955.0,-178.0,0.349,-0.91,-0.629
58681.61,-80.0,957.0,-176.0,0.56,-0.629,-0.49
58681.79,-81.0,956.0,-176.0,0.56,-0.699,-0.49
58681.97,-84.0,956.0,-176.0,0.349,-0.839,-0.629
58682.16,-80.0,956.0,-175.0,0.419,-0.699,-0.56
58682.34,-84.0,957.0,-178.0,0.419,-0.699,-0.56
58682.52,-80.0,956.0,-175.0,0.419,-0.839,-0.49
58682.7,-85.0,958.0,-175.0,0.349,-0.629,-0.56
58682.88,-83.0,956.0,-174.0,0.28,-0.699,-0.629
58683.7,-82.0,957.0,-177.0,0.419,-0.769,-0.629
58683.25,-84.0,956.0,-180.0,0.419,-0.769,-0.56
58683.43,-81.0,956.0,-176.0,0.349,-0.769,-0.629
58683.61,-82.0,957.0,-176.0,0.49,-0.699,-0.49
58683.8,-83.0,956.0,-177.0,0.419,-0.699,-0.56
58683.98,-82.0,956.0,-178.0,0.349,-0.839,-0.629
58684.16,-80.0,956.0,-177.0,0.49,-0.699,-0.56
58684.34,-84.0,956.0,-180.0,0.419,-0.769,-0.56
58684.52,-81.0,957.0,-178.0,0.419,-0.769,-0.629
58684.71,-83.0,957.0,-176.0,0.349,-0.699,-0.49
58684.89,-82.0,956.0,-180.0,0.419,-0.839,-0.629
58685.7,-80.0,956.0,-178.0,0.349,-0.839,-0.419
58685.25,-84.0,957.0,-178.0,0.349,-0.699,-0.56
58688.35,-81.0,958.0,-173.0,0.419,-0.629,-0.56
58688.53,-83.0,957.0,-176.0,0.349,-0.629,-0.629
58688.72,-80.0,957.0,-177.0,0.49,-0.769,-0.49
58688.9,-84.0,956.0,-176.0,0.349,-0.699,-0.419
58689.8,-84.0,955.0,-175.0,0.14,-0.699,-0.629
58689.26,-79.0,956.0,-178.0,0.49,-0.699,-0.56
58689.45,-87.0,957.0,-178.0,0.28,-0.769,-0.49
58689.63,-79.0,956.0,-177.0,0.56,-0.839,-0.769
58689.81,-84.0,957.0,-178.0,0.349,-0.699,-0.349
58689.99,-82.0,957.0,-177.0,0.56,-0.769,-0.699
58690.17,-83.0,957.0,-178.0,0.28,-0.699,-0.49
58690.36,-81.0,957.0,-176.0,0.56,-0.629,-0.49
58690.54,-86.0,957.0,-178.0,0.209,-0.699,-0.56
58690.72,-79.0,956.0,-177.0,0.349,-0.769,-0.56
58690.9,-83.0,956.0,-180.0,0.419,-0.629,-0.349
58691.9,-81.0,956.0,-180.0,0.49,-0.769,-0.629
58691.27,-84.0,957.0,-178.0,0.349,-0.769,-0.49
58691.45,-81.0,956.0,-178.0,0.349,-0.629,-0.56
58691.63,-85.0,957.0,-177.0,0.349,-0.769,-0.629
58691.82,-80.0,958.0,-180.0,0.56,-0.769,-0.49
58692.0,-83.0,956.0,-177.0,0.349,-0.699,-0.56
58692.18,-81.0,957.0,-179.0,0.28,-0.769,-0.56
58692.36,-84.0,957.0,-175.0,0.419,-0.769,-0.49
58692.54,-82.0,957.0,-179.0,0.419,-0.769,-0.629
58692.73,-83.0,957.0,-177.0,0.419,-0.699,-0.56
58692.91,-81.0,958.0,-180.0,0.49,-0.769,-0.629
58693.9,-81.0,957.0,-178.0,0.49,-0.839,-0.49
58693.27,-83.0,955.0,-180.0,0.49,-0.629,-0.49
58693.46,-81.0,955.0,-180.0,0.49,-0.91,-0.699
58693.64,-79.0,955.0,-180.0,0.49,-0.629,-0.349
58693.82,-85.0,958.0,-178.0,0.419,-0.699,-0.629
58694.91,-81.0,956.0,-180.0,0.56,-0.699,-0.629
58695.1,-82.0,957.0,-176.0,0.49,-0.839,-0.419
58695.28,-82.0,955.0,-176.0,0.419,-0.629,-0.699
58695.46,-82.0,956.0,-177.0,0.28,-0.699,-0.349
58695.64,-82.0,956.0,-178.0,0.49,-0.769,-0.629
58695.82,-82.0,957.0,-176.0,0.209,-0.699,-0.419
58696.1,-82.0,958.0,-180.0,0.419,-0.839,-0.629
58696.19,-81.0,956.0,-177.0,0.349,-0.629,-0.419
58696.37,-84.0,957.0,-178.0,0.419,-0.91,-0.629
58696.55,-81.0,955.0,-178.0,0.28,-0.629,-0.49
58696.74,-82.0,958.0,-180.0,0.56,-0.769,-0.49
58696.92,-86.0,959.0,-173.0,0.349,-0.91,-0.699
58702.57,-81.0,957.0,-176.0,0.49,-0.839,-0.56
58702.75,-83.0,956.0,-178.0,0.28,-0.769,-0.419
58702.93,-81.0,956.0,-177.0,0.49,-0.769,-0.629
58703.11,-79.0,956.0,-179.0,0.49,-0.769,-0.419
58703.3,-86.0,957.0,-175.0,0.49,-0.769,-0.629
58703.48,-81.0,957.0,-177.0,0.28,-0.699,-0.629
58703.66,-82.0,957.0,-177.0,0.49,-0.769,-0.49
58703.84,-83.0,957.0,-179.0,0.349,-0.629,-0.56
58704.3,-82.0,957.0,-174.0,0.349,-0.839,-0.56
58704.21,-83.0,956.0,-179.0,0.49,-0.629,-0.49
58704.39,-81.0,957.0,-176.0,0.49,-0.839,-0.629
58704.57,-82.0,957.0,-176.0,0.349,-0.629,-0.49
58704.75,-83.0,958.0,-177.0,0.419,-0.769,-0.629
58704.94,-81.0,956.0,-178.0,0.28,-0.699,-0.49
58705.12,-82.0,957.0,-177.0,0.49,-0.769,-0.49
58705.3,-81.0,958.0,-176.0,0.349,-0.699,-0.56
58705.48,-81.0,957.0,-176.0,0.419,-0.769,-0.56
58705.67,-82.0,957.0,-177.0,0.349,-0.769,-0.56
58705.85,-82.0,957.0,-176.0,0.419,-0.769,-0.629
58706.3,-82.0,957.0,-177.0,0.419,-0.699,-0.49
58706.21,-82.0,955.0,-176.0,0.419,-0.769,-0.56
58706.4,-81.0,956.0,-177.0,0.56,-0.769,-0.56
58706.58,-81.0,955.0,-177.0,0.349,-0.699,-0.49
58706.76,-83.0,958.0,-177.0,0.419,-0.769,-0.629
58707.49,-82.0,958.0,-176.0,0.349,-0.629,-0.629
58707.67,-82.0,956.0,-177.0,0.349,-0.699,-0.56
58707.85,-82.0,957.0,-175.0,0.349,-0.769,-0.629
58708.4,-82.0,957.0,-176.0,0.419,-0.769,-0.56
58708.22,-85.0,956.0,-175.0,0.349,-0.769,-0.629
58708.4,-82.0,956.0,-177.0,0.419,-0.839,-0.629
58708.58,-83.0,957.0,-176.0,0.419,-0.699,-0.56
58708.76,-82.0,956.0,-177.0,0.349,-0.699,-0.56
58708.95,-83.0,957.0,-176.0,0.349,-0.769,-0.49
58709.13,-82.0,956.0,-177.0,0.49,-0.699,-0.56
58709.31,-82.0,957.0,-176.0,0.28,-0.769,-0.49
58709.49,-83.0,957.0,-176.0,0.56,-0.699,-0.49
58709.68,-81.0,957.0,-177.0,0.28,-0.769,-0.56
58709.86,-82.0,957.0,-176.0,0.49,-0.699,-0.49
58710.4,-81.0,957.0,-176.0,0.28,-0.769,-0.56
58710.22,-81.0,956.0,-176.0,0.49,-0.839,-0.56
58710.4,-81.0,956.0,-176.0,0.349,-0.769,-0.49
58710.59,-85.0,957.0,-177.0,0.419,-0.839,-0.629
58710.77,-80.0,956.0,-177.0,0.349,-0.91,-0.699
58710.95,-82.0,957.0,-176.0,0.419,-0.699,-0.49
58711.13,-83.0,956.0,-177.0,0.419,-0.769,-0.629
58713.32,-84.0,956.0,-177.0,0.56,-0.629,-0.629
58713.5,-81.0,955.0,-180.0,0.209,-0.839,-0.699
58713.69,-77.0,955.0,-176.0,0.28,-0.769,-0.419
58713.87,-87.0,958.0,-177.0,0.419,-0.699,-0.56
58714.5,-81.0,956.0,-176.0,0.28,-1.049,-0.629
58714.23,-80.0,957.0,-177.0,0.349,-0.629,-0.49
58714.41,-84.0,958.0,-174.0,0.629,-0.699,-0.419
58714.6,-87.0,957.0,-177.0,0.419,-0.839,-0.769
58714.78,-75.0,955.0,-178.0,0.49,-0.91,-0.49
58714.96,-87.0,959.0,-175.0,0.629,-0.56,-0.419
58715.14,-83.0,955.0,-177.0,0.349,-0.839,-0.839
58722.8,-83.0,956.0,-175.0,0.28,-0.699,-0.56
58722.98,-91.0,958.0,-184.0,0.629,-0.769,-0.769
58723.16,-82.0,957.0,-181.0,0.56,-0.98,-0.56
58723.35,-81.0,954.0,-176.0,0.49,-0.699,-0.56
58723.53,-85.0,958.0,-178.0,0.349,-0.769,-0.56
58723.71,-77.0,956.0,-178.0,0.49,-0.699,-0.56
58723.89,-86.0,958.0,-176.0,0.419,-0.769,-0.49
58724.8,-83.0,956.0,-175.0,0.349,-0.839,-0.699
58724.26,-80.0,956.0,-177.0,0.419,-0.699,-0.49
58724.44,-83.0,954.0,-175.0,0.28,-0.769,-0.49
58724.62,-83.0,958.0,-182.0,0.629,-0.699,-0.91
58724.81,-80.0,956.0,-176.0,0.49,-0.839,-0.349
58730.64,-92.0,957.0,-180.0,0.349,-0.699,-0.839
58730.82,-82.0,957.0,-176.0,0.49,-0.769,-0.699
58731.0,-83.0,956.0,-178.0,0.419,-0.629,-0.629
58731.19,-82.0,958.0,-175.0,0.419,-0.699,-0.56
58731.37,-84.0,957.0,-178.0,0.419,-0.629,-0.699
58731.55,-81.0,956.0,-173.0,0.419,-0.839,-0.49
58731.73,-83.0,956.0,-178.0,0.49,-0.769,-0.629
58731.91,-80.0,956.0,-176.0,0.419,-0.769,-0.49
58732.1,-84.0,956.0,-178.0,0.56,-0.699,-0.56
58732.28,-82.0,956.0,-176.0,0.349,-0.629,-0.56
58732.46,-83.0,957.0,-178.0,0.49,-0.769,-0.56
58737.93,-83.0,957.0,-177.0,0.419,-0.699,-0.49
58738.11,-85.0,958.0,-176.0,0.419,-0.699,-0.629
58738.29,-84.0,954.0,-177.0,0.419,-0.839,-0.56
58738.48,-80.0,955.0,-176.0,0.56,-0.629,-0.349
58738.66,-82.0,956.0,-177.0,0.419,-0.769,-0.56
58738.84,-83.0,957.0,-177.0,0.419,-0.699,-0.56
58739.2,-82.0,954.0,-176.0,0.419,-0.769,-0.419
58739.2,-85.0,958.0,-177.0,0.209,-0.769,-0.49
58739.39,-82.0,957.0,-172.0,0.629,-0.91,-0.699
58739.57,-79.0,957.0,-176.0,0.07,-0.629,-0.28
58743.4,-86.0,958.0,-178.0,0.07,-0.629,-0.419
58743.58,-86.0,955.0,-178.0,0.49,-0.629,-0.91
58743.76,-83.0,956.0,-178.0,0.349,-0.91,-0.419
58743.94,-84.0,959.0,-175.0,0.699,-0.699,-0.769
58744.13,-78.0,954.0,-176.0,0.28,-0.56,-0.419
58744.31,-83.0,958.0,-174.0,0.49,-0.839,-0.629
58744.49,-73.0,963.0,-176.0,0.07,-0.629,-0.419
58744.67,-83.0,955.0,-172.0,0.629,-0.629,-0.419
58744.86,-82.0,960.0,-182.0,0.28,-0.769,-0.419
58745.4,-81.0,955.0,-171.0,0.629,-0.98,-0.699
58745.22,-79.0,958.0,-180.0,0.419,-0.419,-0.56
58747.59,-70.0,954.0,-175.0,0.07,-0.49,-0.07
58747.77,-89.0,956.0,-178.0,0.209,-0.699,-0.49
58747.95,-79.0,957.0,-173.0,0.28,-1.049,-0.56
58748.14,-80.0,958.0,-180.0,0.209,-0.56,-0.56
58748.32,-81.0,958.0,-173.0,0.28,-0.699,-0.49
58748.5,-77.0,955.0,-178.0,0.699,-0.56,-0.49
58748.68,-82.0,955.0,-170.0,0.14,-0.91,-0.28
58748.87,-85.0,957.0,-180.0,0.56,-0.629,-0.699
58749.5,-80.0,956.0,-175.0,0.349,-0.839,-0.419
58749.23,-84.0,957.0,-179.0,0.49,-0.699,-0.56
58749.41,-81.0,958.0,-174.0,0.49,-0.91,-0.769
58749.6,-79.0,955.0,-177.0,0.419,-0.419,-0.349
58749.78,-85.0,957.0,-176.0,0.419,-0.769,-0.699
58749.96,-80.0,956.0,-175.0,0.419,-0.839,-0.49
58750.14,-85.0,957.0,-176.0,0.349,-0.629,-0.56
58750.32,-83.0,957.0,-178.0,0.349,-0.839,-0.629
58750.51,-79.0,956.0,-176.0,0.419,-0.769,-0.56
58750.69,-83.0,958.0,-176.0,0.419,-0.91,-0.91
58750.87,-75.0,955.0,-174.0,0.419,-0.98,-0.419
58751.5,-84.0,958.0,-174.0,0.419,-0.839,-0.419
58751.24,-83.0,957.0,-175.0,0.419,-0.769,-0.49
58751.42,-84.0,956.0,-177.0,0.49,-0.91,-0.49
58751.6,-82.0,958.0,-174.0,0.349,-0.91,-0.699
58751.78,-84.0,958.0,-178.0,0.56,-0.699,-0.49
58751.97,-84.0,955.0,-178.0,0.56,-0.839,-0.769
58752.15,-83.0,958.0,-175.0,0.28,-0.769,-0.56
58752.33,-82.0,956.0,-177.0,0.28,-0.699,-0.56
58753.24,-87.0,958.0,-178.0,0.28,-0.699,-0.629
58753.42,-79.0,955.0,-175.0,0.49,-0.699,-0.629
58753.61,-82.0,957.0,-180.0,0.49,-0.839,-0.629
58753.79,-80.0,956.0,-177.0,0.209,-0.839,-0.419
58753.97,-78.0,958.0,-174.0,0.349,-0.98,-0.49
58754.15,-85.0,957.0,-178.0,0.419,-0.699,-0.56
58754.34,-81.0,955.0,-174.0,0.349,-0.769,-0.629
58754.52,-83.0,956.0,-179.0,0.769,-0.629,-0.49
58754.7,-82.0,957.0,-175.0,0.28,-0.91,-0.49
58754.88,-84.0,957.0,-178.0,0.56,-0.56,-0.699
58755.6,-83.0,956.0,-177.0,0.349,-0.629,-0.49
58766.0,-81.0,956.0,-177.0,0.56,-0.629,-0.56
58766.18,-85.0,957.0,-176.0,0.28,-0.839,-0.49
58766.37,-80.0,956.0,-178.0,0.49,-0.769,-0.56
58766.55,-83.0,957.0,-175.0,0.28,-0.629,-0.419
58766.73,-85.0,958.0,-179.0,0.49,-0.699,-0.629
58766.91,-84.0,955.0,-174.0,0.28,-0.769,-0.49
58767.1,-80.0,958.0,-180.0,0.56,-0.91,-0.699
58767.28,-84.0,955.0,-172.0,0.349,-0.839,-0.28
58767.46,-83.0,958.0,-177.0,0.28,-0.629,-0.769
58767.64,-82.0,956.0,-175.0,0.28,-0.629,-0.419
58767.82,-81.0,957.0,-177.0,0.419,-0.769,-0.699
58768.1,-82.0,956.0,-176.0,0.419,-0.769,-0.419
58768.19,-77.0,957.0,-176.0,0.49,-0.839,-0.699
58768.37,-84.0,954.0,-178.0,0.49,-0.839,-0.56
58768.55,-78.0,954.0,-179.0,0.56,-0.769,-0.629
58768.74,-86.0,956.0,-178.0,0.49,-0.91,-0.629
58768.92,-80.0,954.0,-181.0,0.419,-0.629,-0.699
58769.1,-82.0,955.0,-179.0,0.28,-0.839,-0.56
58769.28,-82.0,957.0,-176.0,0.209,-0.56,-0.629
58769.46,-85.0,958.0,-175.0,0.349,-0.839,-0.629
58769.65,-81.0,957.0,-174.0,0.14,-0.629,-0.49
58769.83,-86.0,959.0,-176.0,0.49,-0.91,-0.699
58770.1,-80.0,957.0,-177.0,0.419,-0.699,-0.56
58770.19,-83.0,958.0,-175.0,0.419,-0.769,-0.699
58770.38,-82.0,955.0,-177.0,0.419,-0.769,-0.49
58770.56,-80.0,956.0,-177.0,0.419,-0.629,-0.629
58770.74,-84.0,956.0,-176.0,0.419,-0.839,-0.56
58770.92,-82.0,958.0,-175.0,0.349,-0.699,-0.56
58771.11,-81.0,955.0,-177.0,0.419,-0.629,-0.419
58771.47,-79.0,956.0,-175.0,0.419,-0.56,-0.419
58771.65,-85.0,957.0,-175.0,0.349,-0.699,-0.629
58771.83,-81.0,956.0,-177.0,0.49,-0.839,-0.56
58772.2,-86.0,955.0,-173.0,0.419,-0.769,-0.56
58772.2,-86.0,958.0,-178.0,0.419,-0.769,-0.769
58772.38,-79.0,956.0,-176.0,0.349,-0.699,-0.49
58772.56,-86.0,957.0,-176.0,0.49,-0.769,-0.49
58772.75,-83.0,957.0,-175.0,0.28,-0.769,-0.629
58772.93,-80.0,956.0,-176.0,0.49,-0.769,-0.49
58773.11,-84.0,957.0,-175.0,0.629,-0.56,-0.419
58773.29,-80.0,956.0,-173.0,0.209,-0.98,-0.56
58781.13,-83.0,957.0,-177.0,0.209,-0.699,-0.419
58781.31,-82.0,957.0,-176.0,0.629,-0.699,-0.629
58781.5,-82.0,956.0,-175.0,0.28,-0.629,-0.419
58781.68,-83.0,959.0,-176.0,0.49,-0.699,-0.699
58781.86,-80.0,955.0,-177.0,0.419,-0.839,-0.56
58782.4,-83.0,958.0,-177.0,0.49,-0.629,-0.49
58782.22,-83.0,957.0,-177.0,0.28,-0.839,-0.56
58782.41,-80.0,955.0,-183.0,0.629,-0.699,-0.629
58782.59,-80.0,956.0,-176.0,0.349,-0.769,-0.419
58782.77,-84.0,957.0,-178.0,0.419,-0.769,-0.629
58782.95,-79.0,954.0,-177.0,0.349,-0.699,-0.419
58783.14,-82.0,958.0,-181.0,0.56,-0.839,-0.56
58783.32,-81.0,958.0,-178.0,0.28,-0.769,-0.349
58783.5,-86.0,956.0,-172.0,0.629,-0.699,-0.49
58783.68,-82.0,955.0,-185.0,0.28,-0.839,-0.56
58783.87,-68.0,952.0,-170.0,0.629,-0.629,-0.209
58784.5,-83.0,955.0,-183.0,0.349,-0.629,-0.419
58784.23,-83.0,959.0,-175.0,0.349,-0.91,-0.769
58784.41,-75.0,952.0,-181.0,0.56,-0.699,-0.349
58784.59,-88.0,960.0,-168.0,0.209,-1.049,-0.419
58784.78,-84.0,957.0,-180.0,0.349,-0.419,-0.769
58784.96,-75.0,957.0,-176.0,0.419,-0.91,-0.419
58785.14,-83.0,956.0,-176.0,0.56,-0.839,-0.28
58785.32,-85.0,959.0,-177.0,0.28,-0.839,-0.56
58785.51,-81.0,956.0,-179.0,0.769,-0.699,-0.629
58785.69,-81.0,957.0,-178.0,0.349,-0.699,-0.629
58785.87,-81.0,956.0,-178.0,0.56,-0.769,-0.56
58786.5,-85.0,958.0,-177.0,0.28,-0.699,-0.419
58794.98,-83.0,956.0,-182.0,0.839,-0.769,-0.419
58795.17,-77.0,954.0,-178.0,0.28,-0.98,-0.419
58795.53,-81.0,957.0,-183.0,0.209,-0.769,-0.769
58795.71,-80.0,954.0,-177.0,0.419,-0.769,-0.49
58795.9,-83.0,959.0,-176.0,0.419,-0.49,-0.629
58796.8,-82.0,956.0,-176.0,0.28,-0.769,-0.629
58796.26,-82.0,958.0,-179.0,0.49,-0.839,-0.419
58796.44,-83.0,958.0,-172.0,0.349,-0.839,-0.699
58796.62,-77.0,953.0,-180.0,0.349,-0.629,-0.209
58796.81,-77.0,961.0,-177.0,0.56,-0.56,-0.629
58796.99,-81.0,960.0,-178.0,-0.14,-0.98,-0.28
58797.17,-78.0,956.0,-174.0,0.91,-0.349,-0.839
58797.35,-84.0,955.0,-179.0,0.07,-0.839,-0.28
58797.54,-82.0,958.0,-177.0,0.56,-0.629,-0.56
58797.72,-86.0,954.0,-177.0,0.209,-0.91,-0.349
58797.9,-81.0,958.0,-178.0,0.419,-0.769,-0.769
58798.8,-80.0,957.0,-178.0,0.28,-0.839,-0.56
58798.27,-79.0,958.0,-178.0,0.49,-0.769,-0.349
58798.45,-84.0,957.0,-179.0,0.56,-0.699,-0.419
58798.63,-80.0,956.0,-177.0,0.28,-0.699,-0.629
58798.81,-83.0,958.0,-179.0,0.49,-0.56,-0.419
58801.0,-82.0,957.0,-176.0,0.49,-0.769,-0.56
58801.18,-82.0,956.0,-178.0,0.419,-0.839,-0.56
58801.36,-82.0,957.0,-179.0,0.49,-0.699,-0.49
58801.55,-81.0,955.0,-178.0,0.419,-0.769,-0.49
58801.73,-81.0,957.0,-179.0,0.349,-0.699,-0.56
58801.91,-83.0,957.0,-176.0,0.49,-0.629,-0.49
58802.9,-84.0,957.0,-178.0,0.349,-0.839,-0.699
58802.28,-78.0,956.0,-176.0,0.28,-0.699,-0.419
58802.46,-84.0,958.0,-177.0,0.49,-0.839,-0.419
58802.64,-84.0,957.0,-177.0,0.209,-0.91,-0.699
58802.82,-81.0,957.0,-178.0,0.49,-0.629,-0.49
58811.94,-82.0,958.0,-175.0,0.419,-0.769,-0.56
58812.12,-83.0,958.0,-176.0,0.56,-0.769,-0.629
58812.3,-81.0,957.0,-175.0,0.349,-0.699,-0.49
58812.48,-83.0,957.0,-176.0,0.349,-0.91,-0.49
58812.66,-83.0,957.0,-177.0,0.349,-0.699,-0.56
58812.85,-84.0,957.0,-177.0,0.49,-0.699,-0.699
58813.3,-80.0,956.0,-177.0,0.209,-0.699,-0.56
58813.21,-83.0,957.0,-178.0,0.56,-0.769,-0.56
58813.39,-81.0,956.0,-176.0,0.419,-0.769,-0.56
58813.58,-82.0,957.0,-179.0,0.349,-0.769,-0.629
58813.76,-81.0,955.0,-175.0,0.349,-0.769,-0.56
58820.87,-82.0,957.0,-178.0,0.419,-0.769,-0.629
58821.5,-82.0,957.0,-176.0,0.28,-0.699,-0.56
58821.23,-82.0,958.0,-178.0,0.49,-0.839,-0.56
58821.41,-82.0,957.0,-176.0,0.49,-0.699,-0.56
58821.6,-83.0,957.0,-176.0,0.349,-0.769,-0.56
58821.78,-83.0,957.0,-176.0,0.419,-0.629,-0.56
58821.96,-81.0,957.0,-177.0,0.419,-0.839,-0.629
58822.14,-82.0,956.0,-176.0,0.419,-0.769,-0.49
58822.32,-82.0,957.0,-177.0,0.419,-0.769,-0.49
58822.51,-81.0,957.0,-175.0,0.349,-0.769,-0.56
58822.69,-83.0,957.0,-177.0,0.49,-0.699,-0.56
58830.89,-81.0,958.0,-178.0,0.349,-0.839,-0.699
58831.7,-81.0,957.0,-174.0,0.49,-0.839,-0.419
58831.26,-85.0,957.0,-176.0,0.419,-0.699,-0.629
58831.44,-79.0,958.0,-175.0,0.349,-0.699,-0.56
58831.62,-84.0,958.0,-176.0,0.49,-0.839,-0.56
58831.8,-82.0,956.0,-175.0,0.56,-0.699,-0.56
58831.98,-82.0,957.0,-177.0,0.419,-0.699,-0.56
58832.17,-81.0,956.0,-175.0,0.349,-0.839,-0.49
58832.35,-83.0,957.0,-179.0,0.56,-0.769,-0.56
58832.53,-83.0,956.0,-175.0,0.419,-0.769,-0.49
58832.71,-82.0,957.0,-178.0,0.419,-0.629,-0.629
58838.0,-80.0,955.0,-177.0,0.49,-0.699,-0.49
58838.18,-84.0,957.0,-178.0,0.28,-0.699,-0.629
58838.36,-82.0,956.0,-177.0,0.419,-0.769,-0.49
58838.55,-83.0,957.0,-177.0,0.419,-0.699,-0.56
58838.73,-84.0,957.0,-177.0,0.419,-0.769,-0.56
58838.91,-81.0,955.0,-177.0,0.349,-0.769,-0.629
58839.9,-83.0,957.0,-177.0,0.28,-0.769,-0.419
58839.28,-84.0,957.0,-176.0,0.419,-0.699,-0.629
58839.46,-81.0,956.0,-177.0,0.49,-0.769,-0.56
58839.64,-83.0,957.0,-177.0,0.419,-0.699,-0.629
58846.2,-83.0,958.0,-178.0,0.49,-0.769,-0.699
58846.2,-79.0,956.0,-175.0,0.419,-0.769,-0.49
58846.38,-84.0,957.0,-178.0,0.349,-0.769,-0.56
58846.57,-80.0,957.0,-175.0,0.49,-0.699,-0.49
58846.75,-83.0,957.0,-178.0,0.349,-0.769,-0.49
58846.93,-82.0,956.0,-177.0,0.349,-0.769,-0.699
58847.11,-82.0,957.0,-177.0,0.419,-0.769,-0.49
58847.3,-83.0,957.0,-177.0,0.349,-0.699,-0.629
58847.48,-80.0,957.0,-177.0,0.349,-0.91,-0.629
58847.66,-84.0,957.0,-174.0,0.349,-0.699,-0.49
58847.84,-86.0,958.0,-178.0,0.28,-0.699,-0.91
58849.12,-83.0,958.0,-177.0,0.419,-0.839,-0.629
58849.3,-79.0,956.0,-177.0,0.349,-0.699,-0.49
58849.48,-82.0,956.0,-178.0,0.349,-0.699,-0.56
58849.67,-83.0,956.0,-177.0,0.49,-0.769,-0.629
58849.85,-81.0,956.0,-176.0,0.419,-0.769,-0.56
58850.3,-82.0,956.0,-177.0,0.49,-0.699,-0.56
58850.21,-82.0,956.0,-176.0,0.28,-0.769,-0.629
58850.39,-81.0,958.0,-178.0,0.419,-0.699,-0.49
58850.58,-84.0,957.0,-176.0,0.349,-0.699,-0.56
58850.76,-83.0,957.0,-177.0,0.49,-0.769,-0.629
58850.94,-82.0,957.0,-175.0,0.49,-0.699,-0.56
58857.87,-84.0,956.0,-178.0,0.49,-0.769,-0.56
58858.5,-81.0,957.0,-177.0,0.349,-0.769,-0.56
58858.23,-83.0,957.0,-177.0,0.419,-0.699,-0.49
58858.41,-83.0,957.0,-177.0,0.419,-0.769,-0.629
58858.6,-82.0,957.0,-178.0,0.349,-0.839,-0.56
58858.78,-83.0,957.0,-177.0,0.419,-0.769,-0.56
58858.96,-86.0,957.0,-178.0,0.419,-0.769,-0.56
58859.14,-79.0,955.0,-176.0,0.49,-0.839,-0.49
58859.33,-83.0,957.0,-176.0,0.349,-0.769,-0.49
58859.51,-82.0,957.0,-178.0,0.49,-0.629,-0.56
58859.69,-82.0,956.0,-178.0,0.349,-0.769,-0.419
58859.87,-83.0,956.0,-176.0,0.349,-0.699,-0.56
58860.6,-83.0,957.0,-178.0,0.419,-0.699,-0.56
58860.24,-82.0,956.0,-177.0,0.419,-0.699,-0.56
58860.42,-82.0,957.0,-177.0,0.419,-0.769,-0.49
58860.6,-81.0,956.0,-179.0,0.419,-0.699,-0.56
58860.78,-80.0,956.0,-178.0,0.28,-0.699,-0.49
58860.97,-83.0,956.0,-178.0,0.49,-0.769,-0.56
58861.15,-81.0,956.0,-177.0,0.49,-0.699,-0.56
58861.33,-82.0,957.0,-177.0,0.49,-0.699,-0.49
58861.51,-82.0,956.0,-178.0,0.49,-0.769,-0.629
58861.7,-81.0,957.0,-179.0,0.49,-0.769,-0.56
58869.53,-82.0,956.0,-177.0,0.56,-0.769,-0.419
58869.72,-83.0,956.0,-177.0,0.49,-0.769,-0.629
58869.9,-81.0,957.0,-177.0,0.419,-0.839,-0.49
58870.8,-84.0,956.0,-178.0,0.349,-0.839,-0.49
58870.26,-82.0,957.0,-174.0,0.419,-0.839,-0.629
58870.45,-84.0,956.0,-177.0,0.349,-0.699,-0.49
58870.63,-81.0,957.0,-173.0,0.349,-0.769,-0.629
58870.81,-81.0,957.0,-178.0,0.419,-0.769,-0.49
58870.99,-82.0,957.0,-173.0,0.419,-0.769,-0.49
58871.17,-83.0,957.0,-176.0,0.349,-0.839,-0.419
58871.36,-80.0,955.0,-173.0,0.49,-0.839,-0.56
58871.54,-84.0,958.0,-177.0,0.49,-0.699,-0.629
58871.72,-81.0,957.0,-175.0,0.28,-0.769,-0.56
58871.9,-82.0,958.0,-177.0,0.56,-0.769,-0.56
58872.9,-82.0,955.0,-174.0,0.28,-0.769,-0.419
58872.27,-82.0,957.0,-177.0,0.349,-0.769,-0.629
58872.45,-83.0,957.0,-177.0,0.49,-0.699,-0.419
58872.63,-83.0,956.0,-178.0,0.49,-0.769,-0.629
58872.82,-80.0,956.0,-178.0,0.349,-0.629,-0.419
58873.0,-85.0,958.0,-176.0,0.419,-0.769,-0.49
58873.18,-81.0,957.0,-176.0,0.419,-0.769,-0.699
58873.36,-83.0,957.0,-174.0,0.209,-0.699,-0.56
58873.54,-84.0,957.0,-177.0,0.419,-0.769,-0.629
58873.73,-82.0,958.0,-175.0,0.49,-0.769,-0.49
58873.91,-84.0,956.0,-176.0,0.419,-0.699,-0.49
58881.56,-83.0,956.0,-176.0,0.56,-0.699,-0.49
58881.75,-83.0,958.0,-177.0,0.49,-0.91,-0.629
58881.93,-83.0,956.0,-177.0,0.349,-0.56,-0.49
58882.11,-83.0,958.0,-179.0,0.629,-0.699,-0.699
58882.29,-81.0,955.0,-177.0,0.49,-0.699,-0.419
58882.48,-85.0,957.0,-178.0,0.419,-0.56,-0.699
58882.66,-81.0,956.0,-178.0,0.419,-0.629,-0.629
58882.84,-81.0,957.0,-178.0,0.49,-0.629,-0.629
58883.2,-82.0,956.0,-177.0,0.349,-0.839,-0.49
58883.2,-81.0,958.0,-175.0,0.419,-0.699,-0.56
58883.39,-84.0,957.0,-177.0,0.14,-0.699,-0.56
58892.14,-80.0,954.0,-175.0,0.349,-0.91,-0.349
58892.32,-83.0,953.0,-185.0,0.629,-0.56,-0.769
58892.68,-84.0,960.0,-171.0,-0.349,-0.49,-0.49
58892.86,-79.0,962.0,-172.0,-0.209,-0.56,-0.629
58893.5,-79.0,961.0,-167.0,-0.28,-0.91,-0.49
58893.59,-85.0,964.0,-173.0,0.56,-0.98,-0.629
58893.78,-81.0,958.0,-167.0,0.28,-0.839,-0.56
58893.96,-81.0,958.0,-177.0,0.14,-0.769,-0.56
58894.14,-83.0,960.0,-173.0,0.349,-1.049,-0.629
58903.7,-81.0,955.0,-178.0,0.419,-0.769,-0.49
58903.26,-84.0,957.0,-178.0,0.49,-0.769,-0.56
58903.44,-83.0,955.0,-179.0,0.419,-0.769,-0.49
58903.62,-81.0,955.0,-179.0,0.419,-0.769,-0.49
58903.8,-84.0,957.0,-179.0,0.349,-0.769,-0.49
58903.98,-81.0,955.0,-177.0,0.28,-0.769,-0.56
58904.17,-83.0,958.0,-177.0,0.28,-0.769,-0.49
58904.35,-82.0,956.0,-177.0,0.419,-0.839,-0.56
58904.53,-80.0,957.0,-176.0,0.349,-0.839,-0.56
58914.19,-82.0,956.0,-178.0,0.419,-0.839,-0.419
58914.37,-84.0,957.0,-177.0,0.49,-0.699,-0.629
58914.56,-79.0,956.0,-179.0,0.349,-0.769,-0.56
58914.74,-82.0,957.0,-177.0,0.56,-0.769,-0.49
58914.92,-83.0,956.0,-178.0,0.49,-0.769,-0.56
58915.1,-81.0,957.0,-177.0,0.419,-0.769,-0.56
58915.29,-82.0,957.0,-178.0,0.49,-0.699,-0.56
58915.47,-84.0,958.0,-176.0,0.28,-0.839,-0.56
58915.65,-81.0,957.0,-176.0,0.419,-0.769,-0.56
58915.83,-82.0,957.0,-177.0,0.49,-0.699,-0.49
58916.1,-85.0,956.0,-177.0,0.419,-0.769,-0.629
58916.2,-80.0,956.0,-176.0,0.349,-0.769,-0.699
58916.38,-82.0,957.0,-179.0,0.49,-0.769,-0.419
58916.56,-82.0,957.0,-177.0,0.419,-0.769,-0.56
58916.74,-82.0,957.0,-177.0,0.419,-0.769,-0.49
58917.84,-79.0,955.0,-176.0,0.769,-0.699,-0.419
58918.2,-86.0,958.0,-177.0,0.349,-0.98,-0.49
58918.2,-80.0,956.0,-177.0,0.49,-0.629,-0.56
58918.38,-83.0,957.0,-180.0,0.56,-0.839,-0.419
58918.57,-83.0,957.0,-176.0,0.49,-0.839,-0.56
58918.75,-80.0,956.0,-178.0,0.349,-0.629,-0.49
58918.93,-78.0,955.0,-175.0,0.14,-0.91,-0.49
58924.95,-82.0,957.0,-178.0,0.349,-0.769,-0.56
58925.13,-80.0,956.0,-179.0,0.49,-0.769,-0.49
58925.31,-85.0,958.0,-172.0,0.28,-1.19,-0.839
58925.49,-79.0,956.0,-179.0,0.419,-0.629,-0.349
58925.68,-87.0,957.0,-175.0,0.28,-0.91,-0.56
58925.86,-81.0,956.0,-177.0,0.419,-0.769,-0.56
58926.4,-84.0,957.0,-176.0,0.419,-0.769,-0.49
58926.22,-82.0,957.0,-178.0,0.419,-0.91,-0.56
58926.41,-81.0,957.0,-175.0,0.49,-0.699,-0.49
58926.59,-85.0,957.0,-177.0,0.209,-0.769,-0.56
58926.77,-79.0,960.0,-179.0,0.629,-0.98,-0.699
58926.95,-82.0,956.0,-170.0,0.209,-0.629,-0.28
58927.13,-83.0,957.0,-180.0,0.349,-0.699,-0.769
58927.32,-81.0,956.0,-175.0,0.419,-0.91,-0.419
58927.5,-83.0,958.0,-178.0,0.56,-0.769,-0.699
58927.68,-80.0,956.0,-176.0,0.349,-0.769,-0.49
58931.14,-86.0,957.0,-173.0,0.629,-0.769,-0.56
58931.33,-83.0,958.0,-177.0,0.419,-0.839,-0.629
58931.51,-80.0,954.0,-175.0,0.349,-0.56,-0.56
58931.69,-84.0,957.0,-178.0,0.56,-0.769,-0.56
58931.87,-83.0,958.0,-175.0,0.349,-0.839,-0.56
58932.6,-81.0,956.0,-176.0,0.49,-0.56,-0.629
58932.24,-82.0,957.0,-175.0,0.349,-0.769,-0.629
58932.42,-81.0,960.0,-178.0,0.699,-0.91,-0.91
58932.6,-81.0,956.0,-169.0,0.49,-0.56,-0.56
58932.79,-86.0,958.0,-179.0,0.209,-0.629,-0.699
58932.97,-79.0,956.0,-175.0,0.56,-0.91,-0.49
58933.15,-84.0,957.0,-178.0,0.419,-0.699,-0.56
58933.33,-81.0,957.0,-175.0,0.49,-0.699,-0.56
58938.62,-84.0,956.0,-176.0,0.419,-0.839,-0.629
58938.8,-79.0,957.0,-179.0,0.349,-0.629,-0.56
58938.98,-81.0,955.0,-177.0,0.49,-0.769,-0.49
58939.17,-84.0,956.0,-179.0,0.419,-0.769,-0.629
58939.35,-68.0,952.0,-189.0,0.56,-0.98,-0.839
58939.53,-88.0,955.0,-171.0,0.349,-0.629,-0.14
58939.71,-83.0,955.0,-184.0,0.49,-0.91,-1.049
58939.89,-77.0,955.0,-177.0,0.419,-0.49,-0.209
58940.8,-86.0,958.0,-175.0,0.349,-0.839,-0.699
58940.26,-78.0,955.0,-177.0,0.209,-0.629,-0.419
58940.44,-84.0,958.0,-176.0,0.419,-0.839,-0.56
58942.99,-76.0,956.0,-174.0,0.49,-0.839,-0.349
58943.18,-88.0,957.0,-181.0,0.419,-0.56,-0.629
58943.36,-79.0,957.0,-174.0,0.209,-0.769,-0.56
58943.54,-82.0,957.0,-181.0,0.56,-0.699,-0.49
58943.72,-81.0,957.0,-174.0,0.349,-0.839,-0.49
58943.91,-84.0,958.0,-176.0,0.419,-0.699,-0.629
58944.9,-77.0,957.0,-176.0,0.349,-0.699,-0.419
58944.27,-85.0,958.0,-176.0,0.49,-0.699,-0.49
58953.93,-83.0,957.0,-177.0,0.49,-0.629,-0.629
58954.11,-82.0,956.0,-176.0,0.349,-0.769,-0.49
58954.3,-82.0,956.0,-176.0,0.419,-0.839,-0.49
58954.48,-83.0,957.0,-176.0,0.419,-0.769,-0.56
58954.66,-82.0,957.0,-177.0,0.419,-0.699,-0.56
58954.84,-83.0,956.0,-176.0,0.419,-0.839,-0.49
58955.2,-83.0,957.0,-177.0,0.49,-0.769,-0.56
58957.94,-88.0,958.0,-175.0,1.049,-0.839,-0.629
58958.31,-76.0,956.0,-181.0,0.839,-0.699,-0.56
58958.49,-86.0,958.0,-176.0,0.28,-0.839,-0.349
58958.67,-81.0,957.0,-180.0,0.56,-0.49,-0.699
58958.85,-86.0,956.0,-175.0,0.419,-0.699,-0.49
58959.3,-79.0,956.0,-179.0,0.49,-0.56,-0.56
58959.22,-80.0,956.0,-176.0,0.28,-0.699,-0.419
58959.4,-80.0,955.0,-178.0,0.209,-0.699,-0.419
58959.58,-83.0,956.0,-175.0,0.49,-0.769,-0.49
58959.76,-81.0,959.0,-175.0,0.699,-0.769,-0.49
58959.95,-85.0,956.0,-174.0,-0.209,-0.699,-0.349
58960.13,-80.0,957.0,-177.0,0.769,-0.839,-0.699
58960.31,-87.0,956.0,-177.0,0.209,-0.699,-0.349
58960.49,-86.0,958.0,-179.0,0.49,-0.769,-0.769
58960.67,-79.0,955.0,-177.0,0.49,-0.699,-0.49
58960.86,-81.0,957.0,-180.0,0.629,-0.699,-0.49
58961.4,-84.0,957.0,-176.0,0.419,-0.839,-0.49
58961.22,-81.0,956.0,-178.0,0.56,-0.769,-0.629
58961.4,-84.0,955.0,-176.0,0.209,-0.419,-0.49
58961.59,-81.0,956.0,-176.0,0.419,-0.769,-0.629
58964.14,-83.0,957.0,-178.0,0.629,-0.699,-0.629
58964.32,-81.0,956.0,-175.0,0.349,-0.699,-0.349
58964.5,-84.0,957.0,-176.0,0.56,-0.769,-0.629
58964.68,-82.0,957.0,-176.0,0.28,-0.769,-0.419
58964.87,-81.0,957.0,-178.0,0.629,-0.629,-0.56
58965.5,-85.0,957.0,-175.0,0.349,-0.769,-0.49
58965.23,-81.0,956.0,-177.0,0.419,-0.769,-0.629
58965.41,-82.0,956.0,-176.0,0.349,-0.769,-0.419
58965.6,-85.0,956.0,-175.0,0.28,-0.629,-0.49
58965.78,-79.0,956.0,-176.0,-0.14,-0.49,-0.49
58965.96,-85.0,959.0,-181.0,1.19,-0.839,-0.56
58966.14,-91.0,960.0,-171.0,-0.209,-0.98,-0.629
58966.32,-79.0,956.0,-178.0,0.629,-0.49,-0.769
58966.51,-81.0,957.0,-178.0,0.14,-0.91,-0.419
58969.6,-83.0,957.0,-176.0,0.28,-0.699,-0.56
58969.79,-83.0,957.0,-177.0,0.49,-0.769,-0.56
58969.97,-83.0,956.0,-176.0,0.349,-0.699,-0.56
58970.15,-80.0,956.0,-175.0,0.419,-0.769,-0.49
58970.33,-85.0,958.0,-178.0,0.49,-0.699,-0.629
58970.52,-80.0,956.0,-175.0,0.349,-0.699,-0.49
58970.7,-83.0,958.0,-178.0,0.56,-0.629,-0.56
58970.88,-81.0,956.0,-175.0,0.349,-0.769,-0.49
58979.8,-84.0,957.0,-174.0,0.56,-0.699,-0.49
58979.26,-82.0,957.0,-175.0,0.28,-0.699,-0.699
58979.45,-81.0,958.0,-178.0,0.419,-0.839,-0.49
58979.63,-82.0,956.0,-173.0,0.419,-0.699,-0.349
58979.81,-86.0,958.0,-179.0,0.56,-0.699,-0.699
58979.99,-79.0,956.0,-172.0,0.349,-0.769,-0.349
58980.17,-84.0,957.0,-179.0,0.419,-0.699,-0.56
58985.64,-79.0,955.0,-177.0,0.419,-0.839,-0.209
58985.82,-86.0,958.0,-172.0,0.699,-0.699,-0.49
58986.1,-83.0,958.0,-179.0,0.349,-0.769,-0.699
58986.19,-80.0,957.0,-174.0,0.56,-0.699,-0.49
58986.37,-86.0,957.0,-178.0,0.56,-0.91,-0.49
58986.55,-79.0,955.0,-174.0,0.49,-0.769,-0.49
58986.74,-83.0,955.0,-181.0,0.209,-0.56,-0.419
58986.92,-78.0,959.0,-177.0,0.419,-0.839,-0.769
58987.1,-84.0,956.0,-178.0,0.49,-0.699,-0.419
58987.28,-85.0,955.0,-177.0,0.419,-0.839,-0.56
58987.47,-86.0,958.0,-178.0,0.209,-0.769,-0.699
58987.65,-82.0,957.0,-176.0,0.349,-0.769,-0.629
58989.11,-80.0,956.0,-175.0,0.14,-0.91,-0.56
58989.29,-83.0,955.0,-180.0,0.349,-0.629,-0.49
58989.47,-84.0,956.0,-171.0,0.56,-0.839,-0.56
58989.65,-82.0,956.0,-181.0,0.209,-0.699,-0.629
58989.83,-80.0,956.0,-175.0,0.699,-0.769,-0.49
58990.2,-86.0,957.0,-178.0,0.419,-0.629,-0.49
58990.2,-81.0,957.0,-172.0,0.49,-0.91,-0.629
58990.38,-81.0,957.0,-178.0,0.349,-0.769,-0.49
58990.56,-85.0,958.0,-174.0,0.419,-0.839,-0.419
58991.84,-84.0,958.0,-173.0,0.349,-0.839,-0.629
58992.2,-81.0,955.0,-179.0,0.49,-0.769,-0.49
58992.2,-81.0,956.0,-175.0,0.419,-0.769,-0.419
58992.39,-82.0,956.0,-177.0,0.49,-0.769,-0.56
58992.57,-77.0,956.0,-176.0,0.49,-0.769,-0.56
58992.75,-85.0,957.0,-178.0,0.419,-0.769,-0.49
58992.93,-81.0,955.0,-175.0,0.49,-0.769,-0.629
58993.11,-82.0,956.0,-177.0,0.349,-0.629,-0.56
58993.3,-83.0,957.0,-176.0,0.419,-0.769,-0.629
58993.48,-83.0,957.0,-177.0,0.28,-0.769,-0.629
58994.3,-73.0,955.0,-174.0,0.419,-0.839,-0.49
58994.21,-86.0,956.0,-176.0,0.349,-0.629,-0.419
58994.39,-83.0,958.0,-175.0,0.28,-0.839,-0.49
58994.57,-79.0,957.0,-177.0,0.49,-0.699,-0.49
58994.75,-82.0,957.0,-173.0,0.28,-0.839,-0.49
58994.94,-81.0,957.0,-176.0,0.419,-0.699,-0.56
58995.12,-84.0,957.0,-176.0,0.349,-0.769,-0.56
58995.3,-81.0,957.0,-178.0,0.419,-0.769,-0.56
58995.48,-83.0,957.0,-178.0,0.349,-0.699,-0.419
58995.67,-83.0,956.0,-178.0,0.629,-0.839,-0.699
58995.85,-83.0,956.0,-175.0,0.28,-0.699,-0.56
58996.3,-81.0,957.0,-178.0,0.419,-0.769,-0.629
58996.21,-81.0,956.0,-176.0,0.28,-0.769,-0.56
58999.31,-84.0,957.0,-177.0,0.49,-0.839,-0.629
58999.49,-82.0,957.0,-180.0,0.28,-0.629,-0.699
58999.68,-84.0,948.0,-186.0,1.33,0.07,0.14
58999.86,-91.0,962.0,-178.0,-0.14,-1.539,-1.259
59000.22,-91.0,958.0,-180.0,0.14,-0.98,-0.629
59000.4,-77.0,955.0,-178.0,0.56,-0.49,-0.699
59000.59,-83.0,955.0,-181.0,0.419,-0.699,-0.349
59000.77,-82.0,959.0,-175.0,0.349,-0.769,-0.699
59000.95,-82.0,959.0,-174.0,0.349,-0.629,-0.56
59001.13,-84.0,958.0,-178.0,0.349,-0.699,-0.629
59001.32,-76.0,956.0,-178.0,0.629,-0.839,-0.49
59004.78,-87.0,959.0,-180.0,0.209,-0.699,-0.629
59004.96,-78.0,955.0,-178.0,0.769,-0.419,-0.699
59005.14,-86.0,960.0,-173.0,0.49,-1.049,-0.349
59005.33,-84.0,957.0,-179.0,0.419,-0.49,-0.839
59005.51,-80.0,957.0,-175.0,0.629,-0.629,-0.349
59005.69,-86.0,959.0,-175.0,0.28,-0.769,-0.699
59005.87,-79.0,956.0,-176.0,0.349,-0.699,-0.49
59006.6,-85.0,957.0,-176.0,0.349,-0.769,-0.49
59006.24,-84.0,957.0,-175.0,0.49,-0.699,-0.49
59006.42,-87.0,954.0,-178.0,0.14,-0.56,-0.699
59006.6,-77.0,960.0,-184.0,0.56,-0.91,-0.419
59006.78,-84.0,958.0,-170.0,0.769,-0.699,-0.419
59006.97,-83.0,959.0,-182.0,0.209,-0.49,-0.699
59007.15,-81.0,955.0,-175.0,0.419,-0.769,-0.49
59007.33,-83.0,956.0,-180.0,0.56,-0.839,-0.629
59007.51,-79.0,957.0,-174.0,0.419,-0.699,-0.349
59007.7,-86.0,959.0,-170.0,0.56,-0.699,-0.699
59007.88,-78.0,956.0,-174.0,0.14,-0.839,-0.49
59008.6,-83.0,957.0,-179.0,0.28,-0.699,-0.419
59008.24,-82.0,957.0,-174.0,0.49,-0.839,-0.56
59008.42,-84.0,957.0,-177.0,0.56,-0.56,-0.629
59008.61,-81.0,956.0,-177.0,0.419,-0.769,-0.629
59008.79,-83.0,958.0,-175.0,0.49,-0.769,-0.49
59008.97,-83.0,956.0,-177.0,0.49,-0.699,-0.56
59009.15,-82.0,957.0,-177.0,0.349,-0.769,-0.629
59009.34,-80.0,958.0,-175.0,0.419,-0.699,-0.629
59009.52,-84.0,955.0,-176.0,0.349,-0.769,-0.49
59009.7,-83.0,957.0,-175.0,0.49,-0.699,-0.49
59009.88,-85.0,959.0,-173.0,0.07,-0.769,-0.56
59010.7,-82.0,958.0,-178.0,0.56,-0.49,-0.699
59010.25,-83.0,957.0,-176.0,0.49,-0.839,-0.419
59010.43,-84.0,955.0,-174.0,0.349,-0.56,-0.56
59010.61,-83.0,957.0,-179.0,0.349,-0.56,-0.699
59010.79,-80.0,957.0,-174.0,0.56,-0.98,-0.56
59010.98,-85.0,958.0,-175.0,0.419,-0.699,-0.56
59011.16,-82.0,956.0,-176.0,0.28,-0.769,-0.56
59011.34,-81.0,956.0,-177.0,0.419,-0.769,-0.49
59011.52,-82.0,956.0,-176.0,0.349,-0.629,-0.49
59013.53,-88.0,957.0,-174.0,0.349,-0.769,-0.56
59013.71,-82.0,956.0,-177.0,0.14,-0.629,-0.699
59013.89,-102.0,964.0,-186.0,0.699,-0.699,-0.699
59014.8,-82.0,952.0,-171.0,0.28,-1.049,-0.56
59014.26,-82.0,958.0,-178.0,0.349,-0.419,-0.419
59014.44,-82.0,955.0,-179.0,0.349,-0.769,-0.56
59014.62,-81.0,956.0,-180.0,0.349,-0.699,-0.419
59023.37,-84.0,957.0,-179.0,0.49,-0.629,-0.629
59023.55,-81.0,957.0,-178.0,0.28,-0.699,-0.56
59023.74,-82.0,957.0,-178.0,0.419,-0.769,-0.49
59023.92,-81.0,957.0,-182.0,0.419,-0.839,-0.699
59024.1,-86.0,958.0,-175.0,0.419,-0.769,-0.419
59024.28,-81.0,958.0,-179.0,0.419,-0.699,-0.699
59024.47,-84.0,957.0,-174.0,0.349,-0.769,-0.28
59024.65,-80.0,956.0,-177.0,0.49,-0.839,-0.629
59033.58,-78.0,958.0,-175.0,0.349,-0.98,-0.699
59033.76,-79.0,955.0,-179.0,0.56,-0.629,-0.349
59033.95,-83.0,957.0,-174.0,0.419,-0.699,-0.419
59034.13,-90.0,956.0,-167.0,0.349,-0.98,-0.629
59034.31,-75.0,956.0,-180.0,0.14,-0.769,-0.699
59034.49,-80.0,958.0,-174.0,0.419,-0.699,-0.209
59034.67,-87.0,959.0,-179.0,0.56,-0.769,-0.699
59034.86,-79.0,955.0,-174.0,0.56,-0.769,-0.49
59035.4,-86.0,958.0,-179.0,0.419,-0.629,-0.629
59035.22,-76.0,954.0,-176.0,0.349,-0.91,-0.349
59035.4,-86.0,957.0,-178.0,0.629,-0.769,-0.419
59037.96,-86.0,957.0,-180.0,0.49,-0.699,-0.209
59038.14,-86.0,961.0,-172.0,0.28,-1.049,-0.91
59038.32,-76.0,954.0,-183.0,0.56,-0.56,-0.28
59038.5,-81.0,958.0,-173.0,0.49,-0.769,-0.49
59038.68,-82.0,953.0,-180.0,0.56,-0.839,-0.56
59038.87,-81.0,956.0,-177.0,0.209,-0.769,-0.769
59039.5,-80.0,957.0,-175.0,0.349,-0.98,-0.56
59050.17,-97.0,962.0,-179.0,0.56,-0.91,-0.769
59050.35,-80.0,954.0,-177.0,0.349,-0.56,-0.56
59050.53,-83.0,958.0,-176.0,0.419,-0.839,-0.419
59050.72,-82.0,957.0,-177.0,0.419,-0.769,-0.49
59050.9,-85.0,957.0,-177.0,0.349,-0.699,-0.56
59051.8,-82.0,957.0,-179.0,0.349,-0.769,-0.56
59051.26,-80.0,959.0,-180.0,0.699,-0.769,-0.699
59058.55,-83.0,957.0,-177.0,0.28,-0.839,-0.629
59058.73,-81.0,956.0,-177.0,0.49,-0.769,-0.419
59058.92,-85.0,958.0,-180.0,0.419,-0.699,-0.56
59059.1,-80.0,955.0,-180.0,0.699,-0.98,-0.629
59059.28,-80.0,955.0,-176.0,0.209,-0.769,-0.419
59059.46,-89.0,960.0,-175.0,0.49,-0.56,-0.56
59059.65,-79.0,956.0,-179.0,0.349,-0.91,-0.629
59059.83,-81.0,955.0,-176.0,0.419,-0.699,-0.349
59060.92,-82.0,956.0,-179.0,0.49,-0.629,-0.56
59061.1,-81.0,957.0,-177.0,0.419,-0.629,-0.56
59061.29,-84.0,956.0,-178.0,0.419,-0.769,-0.56
59061.47,-81.0,956.0,-176.0,0.28,-0.769,-0.56
59061.65,-83.0,956.0,-177.0,0.349,-0.699,-0.56
59061.83,-81.0,956.0,-177.0,0.419,-0.769,-0.56
59062.2,-81.0,955.0,-177.0,0.419,-0.699,-0.49
59062.2,-83.0,957.0,-176.0,0.49,-0.699,-0.56
59068.3,-80.0,958.0,-175.0,0.419,-0.839,-0.629
59068.21,-76.0,953.0,-176.0,0.349,-0.49,-0.419
59068.4,-85.0,960.0,-179.0,0.419,-1.049,-0.629
59068.58,-78.0,960.0,-173.0,0.419,-0.91,-0.49
59068.94,-74.0,956.0,-180.0,0.419,-1.12,-0.98
59069.12,-76.0,956.0,-172.0,-0.07,-0.91,-0.07
59069.31,-92.0,958.0,-182.0,0.56,-0.629,-0.769
59082.43,-83.0,958.0,-179.0,0.56,-0.699,-0.49
59082.61,-89.0,959.0,-175.0,0.56,-0.769,-0.629
59082.8,-83.0,957.0,-179.0,0.629,-0.629,-0.629
59082.98,-72.0,955.0,-174.0,0.28,-0.699,-0.49
59083.16,-86.0,959.0,-173.0,0.629,-0.769,-0.419
59083.34,-80.0,957.0,-174.0,0.14,-0.699,-0.56
59083.53,-84.0,959.0,-177.0,0.419,-0.56,-0.629
59083.71,-79.0,955.0,-179.0,0.349,-0.839,-0.56
59083.89,-80.0,955.0,-182.0,0.56,-0.769,-0.349
59084.7,-87.0,958.0,-175.0,0.349,-1.259,-0.49
59084.25,-83.0,957.0,-179.0,0.28,-0.56,-0.699
59084.44,-81.0,957.0,-180.0,0.56,-0.629,-0.629
59084.62,-84.0,957.0,-178.0,0.419,-0.769,-0.769
59084.8,-81.0,956.0,-178.0,0.419,-0.56,-0.699
59088.8,-82.0,956.0,-179.0,0.419,-0.699,-0.56
59088.27,-83.0,957.0,-173.0,0.349,-0.769,-0.49
59088.45,-80.0,956.0,-177.0,0.419,-0.769,-0.629
59088.63,-83.0,956.0,-174.0,0.349,-0.769,-0.419
59088.81,-82.0,955.0,-180.0,0.98,-0.56,-0.49
59088.99,-83.0,958.0,-174.0,0.419,-0.769,-0.769
59089.18,-76.0,955.0,-185.0,0.98,-0.629,-0.629
59089.91,-83.0,956.0,-177.0,0.699,-0.699,-0.56
59090.9,-85.0,960.0,-178.0,0.28,-0.839,-0.56
59090.27,-82.0,958.0,-175.0,0.98,-0.91,-0.699
59090.45,-80.0,957.0,-174.0,-0.07,-0.839,-0.349
59090.63,-88.0,957.0,-175.0,0.419,-0.699,-0.629
59090.82,-78.0,955.0,-178.0,0.629,-0.91,-0.49
59091.0,-84.0,957.0,-173.0,0.349,-0.769,-0.349
59091.18,-86.0,958.0,-178.0,0.56,-0.769,-0.629
59091.36,-77.0,953.0,-183.0,0.699,-0.629,-0.349
59091.55,-86.0,959.0,-173.0,0.419,-1.049,-0.56
59091.73,-80.0,956.0,-179.0,0.49,-0.769,-0.699
59091.91,-83.0,956.0,-176.0,0.419,-0.769,-0.349
59095.19,-71.0,955.0,-176.0,0.769,-1.259,-1.12
59095.56,-84.0,958.0,-177.0,0.419,-0.839,-0.91
59095.74,-83.0,957.0,-179.0,0.419,-0.629,-0.28
59095.92,-84.0,958.0,-177.0,0.349,-0.699,-0.629
59096.1,-80.0,956.0,-176.0,0.28,-0.769,-0.49
59096.29,-78.0,957.0,-176.0,0.349,-0.56,-0.56
59096.47,-81.0,959.0,-178.0,0.419,-0.769,-0.419
59096.65,-84.0,957.0,-178.0,0.14,-0.839,-0.56
59096.83,-79.0,957.0,-178.0,0.56,-0.839,-0.56
59097.1,-83.0,951.0,-178.0,-0.14,-0.56,-0.349
59097.2,-82.0,955.0,-181.0,0.91,-0.91,-0.349
59097.38,-84.0,957.0,-178.0,-0.07,-0.839,-0.56
59100.48,-84.0,956.0,-178.0,0.419,-0.699,-0.419
59100.66,-84.0,958.0,-175.0,0.419,-0.98,-0.56
59100.84,-72.0,951.0,-181.0,0.14,-0.419,0.14
59101.2,-89.0,959.0,-174.0,0.629,-0.98,-0.769
59101.21,-79.0,955.0,-178.0,0.07,-0.699,-0.349
59101.39,-82.0,956.0,-178.0,0.629,-0.699,-0.629
59101.57,-84.0,956.0,-178.0,0.28,-0.839,-0.419
59101.75,-82.0,957.0,-173.0,0.56,-0.769,-0.629
59101.94,-83.0,958.0,-178.0,0.14,-0.839,-0.56
59106.13,-81.0,958.0,-172.0,0.14,-0.98,-0.49
59106.31,-87.0,958.0,-180.0,0.699,-0.699,-0.839
59106.49,-81.0,956.0,-174.0,0.07,-0.839,-0.49
59106.68,-87.0,959.0,-179.0,0.769,-0.769,-0.49
59106.86,-81.0,956.0,-175.0,0.209,-0.769,-0.56
59107.4,-83.0,957.0,-178.0,0.56,-0.629,-0.56
59107.22,-83.0,958.0,-175.0,0.349,-0.769,-0.629
59107.4,-80.0,956.0,-175.0,0.419,-0.769,-0.56
59107.59,-83.0,957.0,-177.0,0.28,-0.839,-0.49
59107.77,-82.0,959.0,-177.0,0.56,-0.699,-0.56
59107.95,-83.0,958.0,-176.0,0.419,-0.699,-0.56
59108.13,-81.0,957.0,-178.0,0.56,-0.769,-0.56
59109.59,-81.0,957.0,-176.0,0.349,-0.769,-0.56
59109.77,-84.0,958.0,-177.0,0.629,-0.699,-0.49
59109.96,-82.0,956.0,-174.0,0.209,-0.769,-0.49
59110.14,-86.0,959.0,-180.0,0.28,-0.699,-0.699
59110.32,-75.0,955.0,-178.0,0.699,-0.91,-0.349
59110.5,-88.0,957.0,-178.0,0.28,-0.769,-0.49
59110.68,-80.0,956.0,-175.0,0.56,-0.699,-0.629
59110.87,-83.0,958.0,-180.0,0.349,-0.699,-0.49
59118.71,-86.0,959.0,-179.0,0.629,-0.629,-0.769
59118.89,-80.0,956.0,-176.0,0.28,-0.839,-0.419
59119.7,-82.0,957.0,-175.0,0.419,-0.629,-0.49
59119.25,-85.0,947.0,-175.0,0.209,-0.769,-0.349
59119.43,-88.0,962.0,-185.0,0.349,-0.769,-0.91
59119.62,-76.0,953.0,-171.0,0.419,-0.629,-0.349
59119.8,-90.0,959.0,-180.0,0.349,-0.49,-0.769
59119.98,-77.0,957.0,-174.0,0.28,-0.699,-0.56
59120.16,-85.0,958.0,-178.0,0.56,-0.699,-0.56
59120.35,-81.0,954.0,-176.0,0.14,-0.699,-0.49
59120.53,-79.0,957.0,-178.0,0.629,-0.769,-0.56
59120.71,-85.0,956.0,-177.0,0.349,-0.769,-0.49
59122.9,-82.0,957.0,-173.0,0.28,-0.769,-0.56
59123.8,-82.0,956.0,-178.0,0.56,-0.699,-0.629
59123.26,-83.0,957.0,-177.0,0.28,-0.839,-0.56
59123.44,-81.0,955.0,-179.0,0.419,-0.769,-0.56
59123.63,-85.0,957.0,-176.0,0.349,-0.699,-0.629
59123.81,-82.0,955.0,-179.0,0.49,-0.769,-0.629
59123.99,-82.0,956.0,-176.0,0.349,-0.769,-0.49
59124.17,-82.0,957.0,-178.0,0.56,-0.839,-0.49
59124.36,-82.0,956.0,-174.0,0.419,-0.839,-0.56
59125.63,-80.0,957.0,-176.0,0.49,-0.91,-0.49
59125.81,-81.0,957.0,-175.0,0.28,-0.49,-0.49
59126.0,-81.0,956.0,-178.0,0.56,-0.699,-0.56
59126.18,-80.0,958.0,-172.0,0.349,-0.91,-0.49
59126.36,-85.0,958.0,-176.0,0.49,-0.629,-0.56
59126.54,-58.0,959.0,-165.0,-0.839,-0.629,-0.07
59126.73,-102.0,960.0,-187.0,1.259,-0.209,-0.56
59126.91,-69.0,955.0,-169.0,-0.209,-1.19,-0.629
59127.9,-86.0,959.0,-177.0,0.56,-0.28,-0.49
59127.27,-80.0,956.0,-177.0,0.209,-1.049,-0.56
59127.46,-82.0,957.0,-174.0,0.49,-0.629,-0.49
59127.64,-83.0,958.0,-176.0,0.349,-0.839,-0.56
59130.37,-82.0,957.0,-177.0,0.419,-0.699,-0.629
59130.55,-83.0,956.0,-178.0,0.419,-0.769,-0.49
59130.74,-84.0,960.0,-176.0,0.349,-0.839,-0.769
59130.92,-82.0,953.0,-178.0,0.419,-0.49,-0.49
59131.1,-85.0,957.0,-177.0,0.49,-0.91,-0.629
59131.28,-82.0,957.0,-178.0,0.349,-0.839,-0.56
59131.47,-85.0,957.0,-176.0,0.349,-0.629,-0.56
59131.65,-83.0,956.0,-178.0,0.349,-0.839,-0.629
59131.83,-83.0,957.0,-178.0,0.349,-0.699,-0.56
59132.1,-83.0,956.0,-174.0,0.49,-0.629,-0.419
59132.19,-88.0,959.0,-178.0,0.349,-0.769,-0.769
59132.38,-79.0,956.0,-175.0,0.49,-0.699,-0.49
59132.56,-85.0,958.0,-177.0,0.419,-0.839,-0.629
59136.57,-82.0,956.0,-178.0,0.349,-0.769,-0.56
59136.75,-82.0,957.0,-176.0,0.349,-0.769,-0.629
59136.93,-81.0,956.0,-176.0,0.419,-0.769,-0.49
59137.12,-84.0,957.0,-176.0,0.49,-0.769,-0.56
59137.3,-83.0,957.0,-178.0,0.419,-0.839,-0.56
59137.48,-83.0,956.0,-176.0,0.349,-0.769,-0.56
59137.66,-82.0,957.0,-177.0,0.419,-0.699,-0.56
59137.84,-82.0,956.0,-176.0,0.419,-0.699,-0.49
59138.3,-83.0,956.0,-177.0,0.349,-0.699,-0.56
59138.21,-82.0,957.0,-176.0,0.349,-0.699,-0.49
59138.39,-85.0,957.0,-175.0,0.419,-0.769,-0.56
59138.57,-81.0,956.0,-180.0,0.349,-0.699,-0.629
59142.4,-82.0,956.0,-176.0,0.28,-0.839,-0.629
59142.58,-80.0,956.0,-177.0,0.49,-0.769,-0.49
59142.77,-83.0,956.0,-178.0,0.349,-0.629,-0.56
59142.95,-82.0,957.0,-176.0,0.49,-0.769,-0.56
59143.13,-84.0,958.0,-176.0,0.349,-0.839,-0.629
59143.31,-80.0,956.0,-176.0,0.349,-0.629,-0.49
59143.5,-83.0,957.0,-177.0,0.28,-0.769,-0.56
59143.68,-80.0,957.0,-177.0,0.49,-0.769,-0.49
59143.86,-83.0,957.0,-176.0,0.349,-0.699,-0.49
59144.4,-83.0,956.0,-176.0,0.419,-0.769,-0.49
59144.22,-79.0,957.0,-178.0,0.419,-0.699,-0.419
59144.41,-83.0,957.0,-176.0,0.49,-0.699,-0.49
59144.59,-82.0,957.0,-177.0,0.419,-0.839,-0.629
59144.77,-81.0,957.0,-177.0,0.49,-0.699,-0.49
59144.95,-84.0,957.0,-177.0,0.419,-0.769,-0.629
59145.14,-82.0,955.0,-176.0,0.349,-0.699,-0.49
59145.32,-83.0,958.0,-177.0,0.419,-0.699,-0.56
59145.5,-80.0,957.0,-176.0,0.419,-0.769,-0.56
59145.68,-81.0,956.0,-177.0,0.419,-0.699,-0.49
59145.86,-85.0,958.0,-176.0,0.49,-0.769,-0.629
59146.5,-80.0,957.0,-177.0,0.28,-0.629,-0.49
59146.96,-83.0,955.0,-177.0,0.419,-0.769,-0.56
59147.14,-85.0,957.0,-175.0,0.28,-0.98,-0.629
59147.32,-81.0,957.0,-179.0,0.419,-0.629,-0.419
59147.51,-84.0,957.0,-176.0,0.349,-0.839,-0.49
59147.69,-82.0,956.0,-178.0,0.629,-0.699,-0.629
59147.87,-84.0,957.0,-175.0,0.28,-0.769,-0.419
59148.5,-80.0,957.0,-178.0,0.56,-0.769,-0.629
59148.23,-82.0,957.0,-176.0,0.28,-0.769,-0.419
59157.53,-82.0,955.0,-175.0,0.419,-0.699,-0.629
59157.71,-82.0,957.0,-177.0,0.349,-0.769,-0.49
59157.89,-82.0,957.0,-177.0,0.49,-0.699,-0.49
59158.8,-82.0,956.0,-177.0,0.28,-0.769,-0.56
59158.26,-81.0,956.0,-177.0,0.49,-0.699,-0.56
59158.44,-81.0,956.0,-171.0,0.209,-0.839,-0.629
59158.62,-82.0,956.0,-180.0,0.56,-0.56,-0.49
59158.81,-72.0,966.0,-163.0,-0.629,-0.49,-0.349
59166.83,-80.0,956.0,-176.0,0.419,-0.769,-0.419
59167.1,-84.0,958.0,-177.0,0.349,-0.839,-0.56
59167.19,-81.0,955.0,-177.0,0.49,-0.769,-0.56
59167.37,-82.0,956.0,-176.0,0.349,-0.769,-0.56
59167.56,-82.0,957.0,-177.0,0.49,-0.699,-0.56
59167.74,-83.0,957.0,-177.0,0.349,-0.699,-0.629
59167.92,-80.0,956.0,-177.0,0.49,-0.839,-0.56
59168.1,-83.0,956.0,-176.0,0.28,-0.699,-0.56
59168.29,-83.0,957.0,-177.0,0.56,-0.769,-0.699
59168.47,-82.0,956.0,-178.0,0.349,-0.699,-0.56
59168.65,-82.0,956.0,-178.0,0.56,-0.769,-0.629
59168.83,-83.0,955.0,-178.0,0.349,-0.769,-0.49
59171.2,-82.0,957.0,-178.0,0.419,-0.839,-0.56
59171.38,-80.0,957.0,-177.0,0.419,-0.769,-0.49
59171.57,-81.0,957.0,-177.0,0.419,-0.699,-0.56
59171.75,-84.0,957.0,-177.0,0.349,-0.699,-0.629
59171.93,-81.0,956.0,-175.0,0.349,-0.699,-0.56
59172.11,-82.0,957.0,-175.0,0.419,-0.769,-0.56
59172.3,-81.0,956.0,-176.0,0.28,-0.629,-0.56
59172.48,-82.0,956.0,-177.0,0.349,-0.769,-0.56
59172.66,-82.0,956.0,-178.0,0.419,-0.769,-0.629
59172.84,-82.0,956.0,-176.0,0.56,-0.769,-0.49
59183.5,-83.0,957.0,-176.0,0.419,-0.91,-0.629
59183.23,-81.0,955.0,-175.0,0.349,-0.629,-0.49
59183.41,-80.0,956.0,-178.0,0.49,-0.839,-0.56
59183.6,-84.0,958.0,-175.0,0.349,-0.839,-0.56
59183.78,-87.0,956.0,-177.0,0.629,-0.839,-0.699
59183.96,-75.0,953.0,-176.0,0.419,-0.699,-0.49
59184.14,-97.0,960.0,-182.0,0.49,-0.699,-0.629
59184.33,-78.0,954.0,-173.0,0.419,-0.98,-0.629
59184.51,-85.0,957.0,-178.0,0.419,-0.699,-0.56
59184.69,-80.0,956.0,-175.0,0.349,-0.769,-0.699
59184.87,-81.0,957.0,-178.0,0.56,-0.839,-0.419
59186.88,-82.0,957.0,-178.0,0.419,-0.839,-0.629
59187.6,-83.0,957.0,-176.0,0.349,-0.769,-0.49
59187.24,-82.0,956.0,-177.0,0.419,-0.769,-0.56
59187.42,-80.0,956.0,-177.0,0.349,-0.769,-0.49
59187.61,-83.0,957.0,-178.0,0.56,-0.629,-0.419
59187.79,-83.0,956.0,-174.0,0.28,-0.91,-0.56
59187.97,-82.0,957.0,-178.0,0.56,-0.629,-0.629
59188.15,-82.0,957.0,-175.0,0.28,-0.839,-0.49
59196.17,-78.0,957.0,-180.0,0.28,-1.12,-0.629
59196.36,-83.0,955.0,-172.0,0.209,-0.56,-0.349
59196.54,-85.0,958.0,-182.0,0.769,-0.839,-0.629
59196.72,-76.0,955.0,-176.0,0.14,-0.839,-0.49
59196.9,-84.0,957.0,-176.0,0.629,-0.49,-0.349
59197.8,-83.0,959.0,-180.0,0.07,-0.91,-0.769
59197.27,-76.0,954.0,-177.0,0.56,-0.629,-0.419
59197.45,-74.0,961.0,-177.0,0.91,-0.98,-0.349
59208.93,-82.0,956.0,-175.0,0.419,-0.769,-0.49
59209.11,-83.0,958.0,-177.0,0.209,-0.699,-0.629
59209.3,-81.0,956.0,-176.0,0.349,-0.769,-0.49
59209.48,-82.0,957.0,-177.0,0.349,-0.769,-0.49
59209.66,-81.0,957.0,-174.0,0.419,-0.769,-0.56
59209.84,-82.0,956.0,-176.0,0.419,-0.769,-0.49
59210.3,-83.0,957.0,-177.0,0.419,-0.769,-0.56
59210.21,-82.0,955.0,-176.0,0.49,-0.769,-0.56
59210.39,-81.0,957.0,-177.0,0.419,-0.699,-0.49
59210.57,-83.0,956.0,-178.0,0.419,-0.769,-0.629
59210.75,-80.0,958.0,-177.0,0.419,-0.839,-0.56
59210.94,-81.0,956.0,-176.0,0.419,-0.56,-0.49
59214.58,-83.0,957.0,-176.0,0.28,-0.839,-0.629
59214.76,-81.0,956.0,-178.0,0.349,-0.699,-0.629
59214.95,-82.0,957.0,-177.0,0.49,-0.839,-0.56
59215.13,-83.0,957.0,-179.0,0.419,-0.769,-0.56
59215.31,-82.0,956.0,-176.0,0.49,-0.699,-0.56
59215.49,-82.0,958.0,-178.0,0.419,-0.699,-0.56
59215.68,-82.0,957.0,-176.0,0.49,-0.769,-0.56
59215.86,-81.0,955.0,-177.0,0.419,-0.769,-0.349
59216.4,-85.0,958.0,-176.0,0.56,-0.839,-0.699
59227.34,-83.0,957.0,-171.0,0.419,-0.49,-0.419
59227.52,-84.0,960.0,-180.0,0.28,-0.769,-0.699
59227.7,-78.0,956.0,-173.0,0.56,-0.629,-0.419
59227.89,-86.0,959.0,-178.0,0.49,-0.839,-0.769
59228.7,-78.0,955.0,-170.0,0.56,-0.629,-0.49
59228.25,-85.0,958.0,-178.0,0.419,-0.629,-0.629
59228.43,-82.0,955.0,-169.0,0.209,-0.839,-0.49
59228.62,-83.0,955.0,-183.0,0.419,-0.629,-0.49
59228.8,-81.0,956.0,-171.0,0.14,-0.769,-0.56
59228.98,-83.0,957.0,-179.0,0.49,-0.699,-0.699
59232.63,-81.0,957.0,-177.0,0.349,-0.91,-0.629
59232.81,-81.0,956.0,-178.0,0.49,-0.699,-0.56
59232.99,-82.0,956.0,-177.0,0.419,-0.769,-0.629
59233.17,-84.0,956.0,-179.0,0.419,-0.839,-0.629
59233.35,-80.0,955.0,-177.0,0.349,-0.769,-0.56
59233.54,-84.0,958.0,-177.0,0.349,-0.769,-0.56
59233.72,-84.0,957.0,-175.0,0.209,-0.769,-0.629
59233.9,-82.0,958.0,-177.0,0.349,-0.839,-0.629
59234.8,-82.0,958.0,-176.0,0.419,-0.769,-0.49
59234.27,-84.0,957.0,-175.0,0.49,-0.699,-0.49
59234.45,-84.0,957.0,-175.0,0.56,-0.699,-0.699
59234.63,-81.0,957.0,-177.0,0.56,-0.769,-0.629
59234.81,-79.0,957.0,-177.0,0.349,-0.629,-0.56
59234.99,-82.0,956.0,-178.0,0.419,-0.839,-0.49
59235.18,-81.0,955.0,-179.0,0.349,-0.769,-0.629
59235.36,-80.0,955.0,-179.0,0.49,-0.699,-0.56
59235.54,-79.0,955.0,-177.0,0.419,-0.629,-0.56
59235.72,-83.0,957.0,-178.0,0.209,-0.839,-0.629
59235.91,-80.0,956.0,-175.0,0.49,-0.769,-0.419
59236.9,-83.0,956.0,-176.0,0.28,-0.98,-0.56
59240.28,-82.0,957.0,-176.0,0.28,-0.699,-0.56
59240.46,-81.0,955.0,-180.0,0.56,-0.769,-0.629
59240.64,-82.0,956.0,-177.0,0.28,-0.769,-0.419
59240.83,-83.0,955.0,-180.0,0.49,-0.699,-0.56
59241.1,-82.0,957.0,-178.0,0.28,-0.769,-0.56
59241.19,-82.0,956.0,-178.0,0.56,-0.56,-0.49
59241.37,-83.0,959.0,-176.0,0.419,-0.91,-0.629
59241.56,-79.0,957.0,-175.0,0.49,-0.699,-0.349
59241.74,-86.0,957.0,-176.0,0.349,-0.699,-0.56
59241.92,-79.0,956.0,-177.0,0.56,-0.839,-0.56
59242.1,-80.0,955.0,-177.0,0.419,-0.56,-0.419
59242.28,-86.0,958.0,-176.0,0.49,-0.769,-0.56
59242.47,-80.0,955.0,-177.0,0.419,-0.91,-0.699
59243.38,-83.0,954.0,-180.0,0.629,-0.769,-0.56
59243.56,-83.0,959.0,-174.0,0.349,-0.699,-0.629
59243.74,-82.0,955.0,-179.0,0.419,-0.629,-0.56
59243.92,-81.0,957.0,-176.0,0.349,-0.769,-0.49
59244.11,-81.0,956.0,-175.0,0.49,-0.629,-0.419
59244.29,-86.0,958.0,-176.0,0.349,-0.839,-0.699
59244.47,-78.0,955.0,-176.0,0.49,-0.769,-0.419
59244.65,-82.0,957.0,-178.0,0.49,-0.629,-0.49
59244.84,-83.0,956.0,-177.0,0.56,-0.769,-0.56
59245.2,-84.0,958.0,-178.0,0.349,-0.769,-0.56
59245.2,-82.0,954.0,-177.0,0.49,-0.699,-0.56
59251.94,-81.0,957.0,-177.0,0.49,-0.699,-0.56
59252.13,-82.0,956.0,-177.0,0.349,-0.769,-0.49
59252.31,-82.0,956.0,-176.0,0.49,-0.699,-0.49
59252.49,-81.0,956.0,-178.0,0.349,-0.769,-0.629
59252.67,-84.0,958.0,-176.0,0.349,-0.769,-0.56
59252.85,-81.0,955.0,-177.0,0.419,-0.769,-0.699
59253.4,-82.0,955.0,-176.0,0.419,-0.769,-0.49
59253.22,-83.0,956.0,-177.0,0.28,-0.699,-0.629
59253.4,-83.0,957.0,-176.0,0.419,-0.839,-0.56
59253.58,-84.0,957.0,-175.0,0.28,-0.769,-0.699
59253.77,-82.0,958.0,-178.0,0.349,-0.699,-0.699
59263.24,-85.0,958.0,-175.0,0.349,-0.699,-0.699
59263.43,-81.0,956.0,-177.0,0.49,-0.769,-0.629
59263.61,-82.0,957.0,-176.0,0.349,-0.629,-0.49
59263.79,-84.0,957.0,-177.0,0.419,-0.699,-0.56
59263.97,-82.0,957.0,-178.0,0.49,-0.839,-0.629
59264.15,-82.0,957.0,-175.0,0.419,-0.629,-0.49
59264.34,-83.0,957.0,-177.0,0.419,-0.91,-0.629
59264.52,-81.0,955.0,-177.0,0.419,-0.699,-0.49
59264.7,-83.0,957.0,-176.0,0.49,-0.769,-0.56
59264.88,-84.0,958.0,-176.0,0.349,-0.769,-0.629
59265.7,-82.0,956.0,-177.0,0.419,-0.769,-0.629
59265.25,-81.0,956.0,-177.0,0.419,-0.699,-0.419
59271.26,-86.0,957.0,-175.0,0.349,-0.769,-0.56
59271.45,-81.0,958.0,-176.0,0.419,-0.699,-0.56
59271.63,-83.0,957.0,-177.0,0.49,-0.699,-0.56
59271.81,-81.0,957.0,-177.0,0.419,-0.769,-0.629
59271.99,-81.0,958.0,-177.0,0.629,-0.699,-0.49
59272.17,-86.0,957.0,-175.0,0.349,-0.699,-0.49
59272.36,-81.0,957.0,-175.0,0.419,-0.769,-0.629
59272.54,-81.0,955.0,-178.0,0.419,-0.629,-0.49
59272.72,-84.0,957.0,-176.0,0.49,-0.699,-0.56
59272.9,-82.0,956.0,-177.0,0.419,-0.699,-0.629
59273.9,-81.0,957.0,-174.0,0.49,-0.699,-0.49
59281.65,-82.0,957.0,-177.0,0.419,-0.839,-0.629
59281.83,-81.0,956.0,-177.0,0.28,-0.769,-0.56
59282.2,-83.0,956.0,-180.0,0.699,-0.699,-0.629
59282.2,-82.0,955.0,-175.0,0.49,-0.839,-0.419
59282.38,-74.0,969.0,-173.0,0.699,-0.56,-0.209
59282.56,-92.0,960.0,-177.0,0.07,-0.419,-0.419
59282.74,-73.0,954.0,-179.0,0.769,-0.98,-0.769
59282.93,-84.0,958.0,-173.0,0.28,-0.769,-0.209
59283.11,-83.0,955.0,-174.0,0.209,-0.56,-0.699
59283.29,-78.0,959.0,-179.0,0.699,-0.699,-0.56
59283.47,-86.0,955.0,-169.0,0.14,-0.699,-0.419
59283.66,-80.0,956.0,-182.0,0.699,-0.699,-0.769
59292.4,-84.0,956.0,-177.0,0.349,-0.699,-0.56
59292.22,-81.0,957.0,-177.0,0.419,-0.839,-0.49
59292.4,-84.0,957.0,-176.0,0.419,-0.769,-0.56
59292.59,-82.0,956.0,-177.0,0.28,-0.699,-0.56
59292.77,-83.0,956.0,-177.0,0.419,-0.699,-0.49
59292.95,-84.0,957.0,-177.0,0.419,-0.769,-0.56
59293.13,-81.0,957.0,-177.0,0.349,-0.699,-0.629
59293.31,-82.0,957.0,-176.0,0.349,-0.769,-0.49
59293.5,-83.0,958.0,-177.0,0.419,-0.769,-0.629
59293.68,-82.0,956.0,-176.0,0.49,-0.699,-0.49
59293.86,-83.0,957.0,-177.0,0.419,-0.769,-0.56
59294.4,-82.0,956.0,-176.0,0.349,-0.769,-0.49
59301.52,-83.0,955.0,-175.0,0.349,-0.699,-0.49
59301.7,-82.0,957.0,-179.0,0.56,-0.769,-0.629
59301.88,-81.0,957.0,-177.0,0.349,-0.769,-0.419
59302.6,-83.0,956.0,-178.0,0.419,-0.699,-0.629
59302.24,-83.0,957.0,-178.0,0.49,-0.699,-0.629
59302.43,-83.0,954.0,-177.0,0.419,-0.769,-0.56
59302.61,-81.0,957.0,-177.0,0.419,-0.769,-0.629
59302.79,-82.0,956.0,-178.0,0.49,-0.699,-0.56
59302.97,-82.0,956.0,-177.0,0.419,-0.769,-0.629
59303.16,-81.0,957.0,-179.0,0.419,-0.699,-0.56
59303.34,-80.0,957.0,-177.0,0.419,-0.769,-0.419
59309.72,-83.0,955.0,-177.0,0.419,-0.839,-0.56
59309.9,-80.0,957.0,-175.0,0.28,-0.769,-0.56
59310.8,-82.0,955.0,-175.0,0.349,-0.699,-0.49
59310.26,-83.0,958.0,-179.0,0.349,-0.769,-0.629
59310.45,-87.0,957.0,-180.0,0.629,-0.769,-0.629
59310.63,-77.0,955.0,-173.0,0.28,-0.91,-0.629
59310.81,-86.0,957.0,-177.0,0.49,-0.629,-0.419
59310.99,-81.0,955.0,-177.0,0.349,-0.769,-0.49
59311.17,-83.0,957.0,-177.0,0.419,-0.699,-0.56
59311.36,-81.0,956.0,-177.0,0.349,-0.769,-0.49
59311.54,-85.0,956.0,-177.0,0.49,-0.699,-0.629
59317.92,-82.0,957.0,-181.0,0.49,-0.769,-0.629
59318.1,-78.0,957.0,-175.0,0.419,-0.769,-0.419
59318.28,-88.0,954.0,-181.0,0.629,-0.629,-0.419
59318.65,-85.0,959.0,-187.0,0.28,-0.209,-0.349
59318.83,-84.0,954.0,-170.0,0.56,-0.98,-0.56
59319.1,-83.0,959.0,-180.0,0.209,-0.56,-0.56
59319.19,-79.0,957.0,-170.0,0.349,-0.699,-0.56
59319.38,-82.0,957.0,-179.0,0.49,-0.699,-0.56
59319.56,-80.0,955.0,-170.0,0.28,-0.769,-0.419
59319.74,-84.0,958.0,-179.0,0.49,-0.56,-0.629
59319.92,-80.0,955.0,-172.0,0.349,-0.839,-0.49
59327.3,-79.0,957.0,-176.0,0.28,-0.769,-0.56
59327.21,-82.0,955.0,-179.0,0.56,-0.349,-0.629
59327.39,-83.0,954.0,-179.0,0.209,-0.91,-0.49
59327.58,-82.0,956.0,-180.0,0.419,-0.629,-0.699
59327.76,-86.0,955.0,-175.0,0.209,-0.699,-0.419
59327.94,-80.0,956.0,-179.0,0.28,-0.699,-0.839
59328.12,-80.0,957.0,-175.0,0.14,-0.769,-0.349
59328.3,-83.0,957.0,-177.0,0.349,-0.699,-0.56
59328.49,-81.0,958.0,-174.0,0.07,-0.839,-0.56
59328.67,-82.0,958.0,-177.0,0.49,-0.769,-0.56
59328.85,-82.0,957.0,-174.0,0.419,-0.91,-0.839
59335.5,-81.0,956.0,-175.0,0.419,-0.699,-0.49
59335.23,-84.0,958.0,-177.0,0.49,-0.839,-0.56
59335.41,-82.0,956.0,-176.0,0.28,-0.769,-0.49
59335.59,-83.0,956.0,-178.0,0.49,-0.769,-0.699
59335.78,-81.0,957.0,-175.0,0.349,-0.699,-0.49
59335.96,-81.0,962.0,-171.0,0.209,-0.91,-0.56
59336.14,-80.0,958.0,-177.0,0.28,-0.49,-0.419
59336.32,-85.0,957.0,-174.0,0.49,-0.769,-0.49
59336.51,-85.0,958.0,-179.0,0.56,-0.769,-0.629
59336.69,-82.0,956.0,-175.0,0.49,-0.629,-0.629
59336.87,-83.0,957.0,-178.0,0.56,-0.699,-0.419
59337.5,-79.0,956.0,-177.0,0.49,-0.699,-0.699
59337.23,-83.0,956.0,-176.0,0.349,-0.49,-0.349
59337.42,-84.0,956.0,-177.0,0.419,-0.56,-0.629
59337.6,-82.0,957.0,-175.0,0.209,-0.629,-0.49
59337.78,-81.0,957.0,-178.0,0.49,-0.769,-0.56
59337.96,-80.0,957.0,-175.0,0.28,-0.769,-0.49
59338.15,-83.0,957.0,-179.0,0.419,-0.699,-0.49
59338.33,-82.0,956.0,-177.0,0.419,-0.769,-0.49
59338.51,-84.0,957.0,-178.0,0.419,-0.839,-0.56
59338.69,-82.0,955.0,-177.0,0.349,-0.769,-0.56
59339.79,-82.0,957.0,-175.0,0.699,-0.839,-0.769
59339.97,-83.0,957.0,-177.0,0.49,-0.769,-0.28
59340.15,-84.0,955.0,-179.0,0.56,-0.699,-0.699
59340.33,-81.0,955.0,-180.0,0.49,-0.629,-0.419
59340.51,-85.0,956.0,-175.0,0.28,-0.629,-0.56
59340.7,-83.0,957.0,-178.0,0.14,-0.699,-0.56
59340.88,-81.0,958.0,-174.0,0.349,-0.91,-0.419
59341.6,-84.0,959.0,-176.0,0.14,-0.769,-0.419
59341.24,-82.0,958.0,-175.0,0.49,-0.91,-0.629
59341.43,-82.0,957.0,-177.0,0.419,-0.839,-0.49
59341.61,-82.0,956.0,-177.0,0.49,-0.699,-0.49
59341.79,-81.0,955.0,-178.0,0.49,-0.839,-0.49
59341.97,-78.0,954.0,-178.0,0.49,-0.629,-0.419
59342.15,-89.0,954.0,-180.0,0.349,-0.839,-0.699
59342.34,-75.0,952.0,-176.0,0.49,-0.699,-0.629
59342.52,-89.0,958.0,-174.0,0.209,-0.419,-0.349
59342.7,-83.0,955.0,-182.0,0.349,-0.839,-0.91
59342.88,-78.0,956.0,-174.0,0.28,-0.629,-0.349
59343.7,-93.0,959.0,-176.0,0.28,-0.56,-0.629
59343.25,-76.0,956.0,-178.0,0.419,-0.769,-0.769
59349.8,-81.0,956.0,-179.0,0.56,-0.699,-0.56
59349.26,-83.0,956.0,-176.0,0.419,-0.839,-0.56
59349.44,-82.0,956.0,-177.0,0.419,-0.699,-0.56
59349.63,-83.0,957.0,-178.0,0.419,-0.769,-0.629
59349.81,-81.0,962.0,-177.0,0.28,-0.839,-0.699
59349.99,-84.0,957.0,-179.0,0.419,-0.769,-0.56
59350.17,-81.0,956.0,-174.0,0.419,-0.839,-0.49
59350.36,-84.0,956.0,-177.0,0.419,-0.49,-0.49
59350.54,-83.0,959.0,-176.0,0.419,-0.91,-0.629
59350.72,-82.0,957.0,-177.0,0.419,-0.769,-0.56
59350.9,-81.0,956.0,-176.0,0.419,-0.769,-0.419
59351.8,-84.0,957.0,-176.0,0.349,-0.629,-0.49
59351.27,-82.0,957.0,-178.0,0.419,-0.839,-0.629
59351.45,-80.0,956.0,-177.0,0.349,-0.769,-0.49
59351.63,-87.0,958.0,-177.0,0.419,-0.699,-0.49
59351.81,-82.0,955.0,-179.0,0.419,-0.769,-0.629
59352.0,-82.0,957.0,-176.0,0.419,-0.769,-0.419
59352.18,-84.0,958.0,-176.0,0.419,-0.699,-0.56
59352.36,-82.0,956.0,-177.0,0.419,-0.769,-0.56
59352.54,-80.0,956.0,-176.0,0.419,-0.769,-0.49
59352.72,-88.0,959.0,-175.0,0.49,-0.699,-0.56
59352.91,-81.0,956.0,-178.0,0.419,-0.699,-0.629
59353.9,-81.0,958.0,-177.0,0.419,-0.56,-0.49
59353.27,-84.0,956.0,-177.0,0.56,-0.769,-0.56
59353.45,-83.0,957.0,-174.0,0.349,-0.769,-0.56
59358.37,-79.0,955.0,-176.0,0.419,-0.629,-0.56
59358.56,-84.0,958.0,-177.0,0.49,-0.699,-0.56
59358.74,-82.0,957.0,-171.0,0.419,-0.91,-0.56
59358.92,-81.0,957.0,-178.0,0.349,-0.629,-0.419
59359.1,-84.0,958.0,-177.0,0.49,-0.769,-0.49
59359.28,-83.0,956.0,-177.0,0.419,-0.769,-0.699
59359.47,-80.0,957.0,-178.0,0.49,-0.839,-0.56
59359.65,-84.0,958.0,-177.0,0.349,-0.629,-0.56
59359.83,-82.0,956.0,-178.0,0.419,-0.769,-0.629
59360.1,-81.0,956.0,-177.0,0.28,-0.629,-0.49
59360.2,-82.0,957.0,-178.0,0.349,-0.769,-0.56
59360.38,-81.0,957.0,-176.0,0.349,-0.699,-0.49
59368.58,-76.0,955.0,-178.0,0.419,-0.769,-0.49
59368.76,-84.0,956.0,-176.0,0.49,-0.629,-0.349
59368.94,-82.0,957.0,-175.0,0.49,-0.769,-0.419
59369.13,-80.0,957.0,-178.0,0.209,-0.769,-0.629
59369.31,-81.0,954.0,-177.0,0.56,-0.629,-0.49
59369.49,-84.0,957.0,-178.0,0.28,-0.699,-0.56
59369.67,-82.0,956.0,-176.0,0.419,-0.769,-0.699
59369.85,-80.0,956.0,-177.0,0.49,-0.699,-0.419
59370.4,-85.0,959.0,-174.0,0.49,-0.839,-0.629
59370.22,-82.0,955.0,-175.0,0.28,-0.769,-0.56
59370.4,-81.0,958.0,-177.0,0.49,-0.769,-0.56
59375.69,-86.0,958.0,-176.0,0.419,-0.91,-0.629
59375.87,-80.0,956.0,-177.0,0.419,-0.699,-0.629
59376.5,-84.0,958.0,-176.0,0.49,-0.699,-0.49
59376.23,-80.0,956.0,-179.0,0.419,-0.839,-0.699
59376.42,-82.0,957.0,-177.0,0.419,-0.699,-0.49
59376.6,-81.0,958.0,-177.0,0.49,-0.769,-0.629
59376.78,-82.0,957.0,-173.0,0.28,-0.629,-0.349
59376.96,-83.0,960.0,-177.0,0.49,-0.769,-0.699
59377.14,-81.0,957.0,-175.0,0.419,-0.769,-0.419
59377.33,-84.0,957.0,-176.0,0.49,-0.699,-0.56
59382.25,-85.0,955.0,-176.0,0.209,-0.56,-0.629
59382.43,-82.0,958.0,-183.0,0.629,-0.699,-0.769
59382.61,-81.0,954.0,-174.0,0.419,-0.699,-0.28
59382.79,-85.0,957.0,-177.0,0.28,-0.629,-0.699
59382.98,-83.0,958.0,-178.0,0.419,-0.699,-0.56
59383.16,-81.0,957.0,-174.0,0.49,-0.91,-0.629
59383.34,-85.0,958.0,-182.0,0.629,-0.56,-0.629
59383.52,-81.0,956.0,-170.0,0.28,-1.049,-0.49
59383.71,-79.0,957.0,-180.0,0.56,-0.49,-0.349
59383.89,-79.0,955.0,-173.0,0.349,-0.769,-0.56
59390.9,-79.0,956.0,-175.0,0.699,-0.56,-0.419
59390.27,-86.0,958.0,-177.0,0.28,-0.419,-0.839
59390.45,-76.0,957.0,-178.0,0.629,-0.699,-0.56
59390.63,-82.0,956.0,-178.0,0.419,-0.91,-0.419
59390.81,-73.0,951.0,-173.0,-0.209,-0.98,-0.209
59391.0,-87.0,959.0,-178.0,0.699,-0.699,-0.419
59391.18,-84.0,956.0,-175.0,0.14,-0.629,-0.629
59391.36,-81.0,958.0,-179.0,0.699,-0.699,-0.699
59391.54,-82.0,956.0,-177.0,0.419,-0.839,-0.419
59391.73,-88.0,958.0,-181.0,0.699,-1.049,-0.839
59391.91,-77.0,957.0,-174.0,0.56,-0.769,-0.349
59392.9,-88.0,959.0,-179.0,0.56,-0.629,-0.699
59400.29,-85.0,959.0,-176.0,0.349,-0.91,-0.769
59400.47,-77.0,955.0,-178.0,0.49,-0.629,-0.49
59400.66,-87.0,957.0,-176.0,0.349,-0.839,-0.419
59400.84,-83.0,957.0,-176.0,0.28,-0.839,-0.839
59401.2,-80.0,957.0,-180.0,0.56,-0.769,-0.349
59401.2,-84.0,956.0,-176.0,0.49,-0.699,-0.49
59401.39,-83.0,957.0,-178.0,0.28,-0.629,-0.49
59401.57,-82.0,957.0,-179.0,0.49,-0.839,-0.629
59401.75,-82.0,956.0,-176.0,0.349,-0.839,-0.28
59401.93,-83.0,956.0,-176.0,0.56,-0.769,-0.699
59402.11,-82.0,957.0,-176.0,0.349,-0.699,-0.49
59402.3,-83.0,958.0,-176.0,0.629,-0.699,-0.699
59402.48,-80.0,958.0,-175.0,0.349,-0.91,-0.56
59403.39,-84.0,958.0,-176.0,0.14,-0.699,-0.49
59403.57,-79.0,955.0,-177.0,0.49,-0.629,-0.49
59403.76,-81.0,957.0,-181.0,0.28,-0.629,-0.56
59403.94,-80.0,954.0,-172.0,0.629,-0.49,-0.49
59404.12,-86.0,958.0,-178.0,0.14,-0.91,-0.629
59404.3,-79.0,956.0,-175.0,0.419,-0.769,-0.49
59404.48,-82.0,958.0,-178.0,0.28,-0.699,-0.56
59404.67,-84.0,957.0,-174.0,0.419,-0.769,-0.419
59404.85,-83.0,957.0,-179.0,0.349,-0.629,-0.629
59405.3,-81.0,956.0,-174.0,0.419,-0.839,-0.419
59405.21,-83.0,957.0,-178.0,0.56,-0.769,-0.629
59405.4,-81.0,955.0,-175.0,0.419,-0.839,-0.49
59405.58,-83.0,957.0,-177.0,0.49,-0.699,-0.629
59405.76,-82.0,956.0,-177.0,0.419,-0.769,-0.49
59405.94,-81.0,956.0,-177.0,0.419,-0.699,-0.56
59406.12,-82.0,957.0,-175.0,0.349,-0.699,-0.419
59406.31,-81.0,956.0,-178.0,0.419,-0.769,-0.56
59406.49,-81.0,957.0,-174.0,0.49,-0.839,-0.56
59406.67,-85.0,958.0,-176.0,0.419,-0.769,-0.629
59406.85,-82.0,957.0,-176.0,0.28,-0.629,-0.49
59407.4,-84.0,957.0,-179.0,0.49,-0.769,-0.629
59407.22,-83.0,956.0,-177.0,0.419,-0.769,-0.629
59407.4,-81.0,956.0,-177.0,0.419,-0.699,-0.629
59407.58,-81.0,958.0,-179.0,0.349,-0.769,-0.629
59407.77,-81.0,957.0,-179.0,0.349,-0.91,-0.56
59412.87,-82.0,957.0,-177.0,0.349,-0.699,-0.629
59413.5,-81.0,957.0,-177.0,0.419,-0.839,-0.49
59413.23,-81.0,957.0,-178.0,0.49,-0.839,-0.419
59413.42,-83.0,957.0,-178.0,0.28,-0.769,-0.56
59413.6,-82.0,957.0,-177.0,0.49,-0.699,-0.56
59413.78,-84.0,957.0,-177.0,0.56,-0.769,-0.699
59413.96,-81.0,956.0,-176.0,0.49,-0.769,-0.629
59414.15,-83.0,957.0,-176.0,0.56,-0.839,-0.56
59414.33,-83.0,956.0,-177.0,0.56,-0.769,-0.699
59414.51,-80.0,957.0,-176.0,0.419,-0.769,-0.56
59414.69,-82.0,956.0,-176.0,0.419,-0.629,-0.49
59414.87,-83.0,956.0,-177.0,0.419,-0.769,-0.629
59424.17,-84.0,957.0,-175.0,0.419,-0.91,-0.699
59424.35,-81.0,956.0,-177.0,0.419,-0.839,-0.419
59424.53,-84.0,957.0,-175.0,0.49,-0.769,-0.56
59424.72,-81.0,956.0,-175.0,0.349,-0.839,-0.629
59424.9,-82.0,958.0,-177.0,0.419,-0.629,-0.49
59425.8,-84.0,957.0,-175.0,0.419,-0.769,-0.56
59425.26,-80.0,956.0,-177.0,0.28,-0.91,-0.56
59425.45,-81.0,956.0,-175.0,0.28,-0.699,-0.56
59425.63,-84.0,959.0,-175.0,0.349,-0.629,-0.629
59425.81,-79.0,955.0,-178.0,0.49,-0.699,-0.629
59425.99,-80.0,958.0,-173.0,0.209,-0.839,-0.49
59426.18,-81.0,955.0,-177.0,0.14,-0.839,-0.56
59426.36,-83.0,959.0,-176.0,0.349,-0.699,-0.49
59426.54,-82.0,957.0,-175.0,0.349,-0.699,-0.56
59426.72,-81.0,957.0,-176.0,0.28,-0.769,-0.49
59426.9,-82.0,957.0,-177.0,0.49,-0.839,-0.419
59427.9,-83.0,957.0,-176.0,0.419,-0.839,-0.56
59427.27,-83.0,956.0,-177.0,0.49,-0.769,-0.56
59427.45,-82.0,956.0,-178.0,0.56,-0.769,-0.629
59427.63,-80.0,957.0,-175.0,0.49,-0.839,-0.56
59427.82,-84.0,957.0,-178.0,0.349,-0.56,-0.49
59428.0,-84.0,956.0,-178.0,0.349,-0.769,-0.56
59428.18,-80.0,955.0,-175.0,0.209,-0.629,-0.49
59436.56,-84.0,958.0,-176.0,0.419,-0.769,-0.56
59436.75,-81.0,957.0,-175.0,0.419,-0.839,-0.56
59436.93,-82.0,957.0,-175.0,0.209,-0.629,-0.419
59437.11,-84.0,957.0,-177.0,0.49,-0.699,-0.49
59437.29,-83.0,959.0,-175.0,0.419,-0.91,-0.699
59437.48,-78.0,953.0,-177.0,0.419,-0.49,-0.419
59437.66,-85.0,956.0,-179.0,0.49,-0.629,-0.28
59437.84,-81.0,958.0,-173.0,0.419,-1.259,-0.839
59438.2,-79.0,955.0,-177.0,0.28,-0.28,-0.28
59438.2,-85.0,952.0,-180.0,0.49,-0.769,-0.56
59438.39,-84.0,957.0,-174.0,0.419,-0.91,-0.28
59438.57,-82.0,957.0,-177.0,0.349,-0.699,-0.629
59443.85,-84.0,957.0,-177.0,0.349,-0.769,-0.49
59444.4,-82.0,956.0,-177.0,0.419,-0.839,-0.49
59444.22,-83.0,957.0,-176.0,0.419,-0.769,-0.629
59444.4,-80.0,956.0,-177.0,0.419,-0.699,-0.49
59444.58,-86.0,958.0,-177.0,0.419,-0.839,-0.56
59444.77,-87.0,960.0,-182.0,0.419,-0.629,-0.629
59444.95,-80.0,955.0,-174.0,0.419,-0.699,-0.349
59445.13,-87.0,955.0,-176.0,0.56,-0.56,-0.699
59445.31,-77.0,957.0,-183.0,0.349,-0.91,-0.629
59445.5,-84.0,958.0,-173.0,0.49,-0.629,-0.56
59447.14,-80.0,958.0,-170.0,-0.07,-0.91,-0.629
59447.32,-81.0,957.0,-187.0,0.769,-0.349,-0.56
59447.5,-90.0,957.0,-177.0,0.209,-1.049,-0.629
59447.68,-77.0,955.0,-183.0,0.839,-0.419,-0.629
59447.86,-80.0,961.0,-173.0,-0.07,-0.98,-0.49
59448.5,-85.0,955.0,-181.0,0.699,-0.49,-0.419
59448.23,-85.0,957.0,-175.0,-0.07,-0.839,-0.839
59448.41,-75.0,954.0,-174.0,0.629,-0.699,-0.56
59448.59,-97.0,963.0,-177.0,0.07,-0.769,-0.629
59451.15,-83.0,956.0,-179.0,0.419,-0.56,-0.699
59451.33,-76.0,957.0,-176.0,0.49,-0.839,-0.419
59451.51,-84.0,956.0,-180.0,0.209,-0.49,-0.56
59451.69,-80.0,956.0,-178.0,0.49,-0.769,-0.49
59451.87,-83.0,957.0,-178.0,0.209,-0.629,-0.629
59452.6,-83.0,956.0,-178.0,0.699,-0.629,-0.49
59452.24,-85.0,957.0,-176.0,0.28,-0.91,-0.699
59452.42,-78.0,956.0,-176.0,0.56,-0.839,-0.56
59452.6,-81.0,957.0,-178.0,0.49,-0.699,-0.49
59452.79,-78.0,955.0,-176.0,0.419,-0.629,-0.349
59452.97,-86.0,958.0,-179.0,0.49,-0.839,-0.49
59453.15,-80.0,954.0,-178.0,0.56,-0.769,-0.629
59453.33,-81.0,957.0,-176.0,0.49,-0.699,-0.56
59453.52,-90.0,959.0,-177.0,0.14,-0.56,-0.56
59453.7,-76.0,955.0,-180.0,0.49,-0.699,-0.56
59453.88,-84.0,958.0,-176.0,0.349,-0.49,-0.349
59456.43,-81.0,958.0,-170.0,0.419,-0.98,-0.629
59456.61,-82.0,956.0,-177.0,0.28,-0.98,-0.419
59456.8,-91.0,964.0,-175.0,0.07,-0.56,-0.56
59456.98,-98.0,956.0,-184.0,1.049,-0.839,-0.839
59457.16,-69.0,949.0,-180.0,0.419,-0.91,-0.629
59457.34,-80.0,955.0,-177.0,1.049,-0.56,-0.07
59457.52,-85.0,957.0,-180.0,0.209,-1.049,-0.419
59457.71,-77.0,960.0,-176.0,0.49,-0.699,-0.839
59457.89,-96.0,960.0,-177.0,0.629,-0.28,-0.349
59458.7,-83.0,956.0,-180.0,0.349,-1.049,-1.19
59458.25,-85.0,960.0,-168.0,0.209,-0.699,-0.419
59458.44,-85.0,964.0,-176.0,0.419,-0.629,-1.12
59458.62,-74.0,950.0,-181.0,0.769,-0.14,0.349
59458.8,-86.0,955.0,-171.0,0.419,-1.539,-0.769
59458.98,-78.0,954.0,-182.0,0.629,-0.419,-0.419
59459.17,-86.0,956.0,-174.0,0.699,-1.12,-0.56
59459.35,-82.0,951.0,-188.0,0.56,-0.419,-0.56
59459.53,-76.0,953.0,-173.0,0.419,-0.91,-0.49
59462.99,-81.0,957.0,-173.0,0.49,-0.91,-0.629
59463.18,-80.0,957.0,-180.0,0.419,-0.699,-0.49
59463.36,-83.0,957.0,-175.0,0.49,-0.98,-0.699
59463.54,-79.0,955.0,-177.0,0.56,-0.629,-0.49
59463.72,-84.0,958.0,-176.0,0.28,-0.699,-0.49
59463.9,-83.0,950.0,-174.0,0.769,-0.91,-0.56
59464.9,-85.0,958.0,-177.0,0.419,-0.839,-0.49
59464.27,-87.0,946.0,-157.0,-1.61,-0.14,-0.419
59464.45,-75.0,958.0,-157.0,2.589,-2.17,-0.56
59464.63,-93.0,962.0,-197.0,-0.349,0.349,-0.49
59464.82,-73.0,957.0,-159.0,0.07,-1.47,-0.349
59465.0,-95.0,955.0,-187.0,0.56,-0.56,-0.699
59465.18,-82.0,958.0,-172.0,0.839,-1.399,-0.56
59465.36,-83.0,955.0,-178.0,0.28,-0.629,-0.56
59465.55,-83.0,955.0,-176.0,0.28,-0.56,-0.49
59465.73,-83.0,957.0,-182.0,0.699,-1.049,-0.629
59465.91,-80.0,956.0,-175.0,0.07,-0.839,-0.28
59466.9,-84.0,958.0,-178.0,0.49,-0.769,-0.699
59466.27,-82.0,958.0,-176.0,0.209,-0.769,-0.49
59466.46,-82.0,958.0,-177.0,0.49,-0.839,-0.629
59466.64,-79.0,958.0,-177.0,0.419,-0.769,-0.419
59466.82,-85.0,956.0,-174.0,0.56,-0.699,-0.49
59467.0,-83.0,956.0,-175.0,0.349,-0.699,-0.629
59471.1,-76.0,952.0,-173.0,0.07,-0.349,-0.49
59471.2,-93.0,961.0,-175.0,0.419,-0.839,-0.49
59471.38,-76.0,957.0,-178.0,0.349,-0.769,-0.769
59471.56,-84.0,956.0,-188.0,0.769,-0.49,-0.28
59471.74,-77.0,959.0,-170.0,0.769,-0.91,-0.56
59471.92,-98.0,961.0,-172.0,0.769,-0.56,-0.349
59472.11,-73.0,956.0,-175.0,0.419,-1.12,-0.769
59472.29,-85.0,956.0,-177.0,0.28,-0.629,-0.28
59472.47,-83.0,957.0,-177.0,0.56,-1.049,-0.839
59472.65,-80.0,955.0,-179.0,0.349,-0.699,-0.28
59472.84,-88.0,957.0,-180.0,0.56,-0.769,-0.839
59473.2,-76.0,957.0,-176.0,0.49,-0.839,-0.419
59473.2,-84.0,957.0,-173.0,0.419,-0.699,-0.419
59473.38,-76.0,957.0,-180.0,0.419,-0.839,-0.56
59473.57,-90.0,957.0,-176.0,0.49,-0.769,-0.419
59473.75,-79.0,956.0,-178.0,0.419,-0.91,-0.769
59473.93,-82.0,955.0,-179.0,0.28,-0.56,-0.419
59474.11,-82.0,959.0,-173.0,0.49,-1.049,-0.699
59483.4,-83.0,957.0,-178.0,0.349,-0.769,-0.49
59483.23,-80.0,958.0,-178.0,0.419,-0.769,-0.56
59483.41,-82.0,957.0,-177.0,0.349,-0.699,-0.419
59483.59,-83.0,957.0,-178.0,0.49,-0.699,-0.699
59483.77,-81.0,957.0,-177.0,0.419,-0.769,-0.56
59483.96,-83.0,958.0,-177.0,0.49,-0.629,-0.56
59484.14,-85.0,956.0,-178.0,0.56,-0.769,-0.56
59484.32,-80.0,957.0,-178.0,0.349,-0.629,-0.629
59484.5,-83.0,957.0,-178.0,0.56,-0.699,-0.419
59484.87,-79.0,956.0,-177.0,0.349,-0.769,-0.56
59485.5,-82.0,957.0,-178.0,0.349,-0.629,-0.49
59485.23,-84.0,958.0,-175.0,0.419,-0.91,-0.699
59485.41,-79.0,956.0,-178.0,0.349,-0.699,-0.56
59485.6,-83.0,957.0,-175.0,0.419,-0.629,-0.49
59485.78,-82.0,957.0,-177.0,0.349,-0.769,-0.629
59485.96,-79.0,957.0,-176.0,0.49,-0.699,-0.49
59486.14,-84.0,958.0,-177.0,0.419,-0.699,-0.56
59496.9,-82.0,958.0,-176.0,0.28,-0.839,-0.56
59497.8,-80.0,955.0,-178.0,0.419,-0.699,-0.49
59497.26,-84.0,957.0,-177.0,0.419,-0.769,-0.56
59497.44,-81.0,957.0,-177.0,0.49,-0.769,-0.56
59497.62,-82.0,957.0,-177.0,0.419,-0.699,-0.56
59497.81,-82.0,957.0,-177.0,0.419,-0.769,-0.629
59497.99,-81.0,955.0,-179.0,0.49,-0.699,-0.49
59498.17,-83.0,957.0,-177.0,0.49,-0.769,-0.56
59509.29,-87.0,958.0,-182.0,0.349,-0.98,-0.769
59509.47,-79.0,956.0,-175.0,0.629,-0.699,-0.629
59509.66,-86.0,958.0,-177.0,0.28,-0.629,-0.49
59509.84,-83.0,958.0,-175.0,0.28,-0.699,-0.699
59510.2,-83.0,956.0,-177.0,0.629,-0.699,-0.419
59510.2,-76.0,959.0,-171.0,0.349,-0.91,-0.629
59511.3,-82.0,958.0,-178.0,0.28,-0.91,-0.699
59511.48,-80.0,955.0,-177.0,0.419,-0.419,-0.419
59511.66,-84.0,956.0,-177.0,0.56,-0.98,-0.56
59511.84,-80.0,956.0,-172.0,0.349,-0.769,-0.419
59512.2,-86.0,959.0,-174.0,0.28,-0.699,-0.56
59512.21,-77.0,954.0,-179.0,0.419,-0.91,-0.49
59512.39,-87.0,959.0,-175.0,0.91,-0.699,-0.419
59512.57,-78.0,956.0,-173.0,0.28,-0.839,-0.629
59512.75,-82.0,958.0,-177.0,0.49,-0.699,-0.28
59525.51,-83.0,956.0,-178.0,0.629,-0.839,-0.699
59525.7,-84.0,956.0,-175.0,0.49,-0.91,-0.49
59525.88,-79.0,957.0,-180.0,0.28,-0.349,-0.699
59526.6,-84.0,954.0,-174.0,0.49,-0.98,-0.349
59526.24,-84.0,956.0,-179.0,0.56,-0.699,-0.629
59526.42,-84.0,957.0,-175.0,0.209,-0.629,-0.419
59526.61,-82.0,956.0,-184.0,0.349,-0.769,-0.699
59526.79,-76.0,953.0,-175.0,0.629,-0.49,-0.209
59526.97,-88.0,959.0,-180.0,0.28,-0.839,-0.699
59538.27,-80.0,955.0,-174.0,0.28,-0.98,-0.349
59538.45,-84.0,957.0,-179.0,0.49,-0.56,-0.699
59538.64,-83.0,958.0,-175.0,0.419,-0.769,-0.49
59538.82,-83.0,957.0,-183.0,0.699,-0.699,-0.699
59539.0,-80.0,956.0,-175.0,0.28,-0.839,-0.49
59539.18,-82.0,957.0,-179.0,0.49,-0.769,-0.56
59539.37,-82.0,957.0,-176.0,0.349,-0.769,-0.49
59539.55,-82.0,955.0,-179.0,0.419,-0.629,-0.56
59539.73,-81.0,956.0,-180.0,0.419,-0.839,-0.629
59539.91,-77.0,956.0,-177.0,0.699,-0.769,-0.49
59540.9,-84.0,958.0,-176.0,0.349,-0.769,-0.49
59540.28,-80.0,956.0,-176.0,0.14,-0.839,-0.629
59540.46,-82.0,954.0,-184.0,0.699,-0.419,-0.209
59545.93,-80.0,956.0,-179.0,0.209,-0.629,-0.419
59546.11,-84.0,957.0,-177.0,0.419,-0.769,-0.49
59546.29,-82.0,958.0,-177.0,0.349,-0.839,-0.629
59546.47,-83.0,956.0,-177.0,0.349,-0.769,-0.56
59546.66,-83.0,956.0,-179.0,0.419,-0.769,-0.629
59546.84,-83.0,955.0,-176.0,0.349,-0.769,-0.56
59547.2,-83.0,955.0,-178.0,0.419,-0.629,-0.56
59547.2,-85.0,953.0,-176.0,0.209,-0.699,-0.49
59547.38,-87.0,959.0,-177.0,0.56,-0.629,-0.629
59547.57,-71.0,956.0,-174.0,0.28,-0.769,-0.629
59547.75,-82.0,958.0,-175.0,0.349,-0.49,-0.419
59547.93,-82.0,958.0,-178.0,0.56,-0.839,-0.699
59548.11,-79.0,956.0,-171.0,0.629,-0.629,-0.419
59548.3,-87.0,959.0,-176.0,0.209,-0.91,-0.49
59548.48,-76.0,954.0,-177.0,0.839,-0.56,-0.56
59548.66,-87.0,958.0,-177.0,0.28,-0.98,-0.49
59548.84,-74.0,955.0,-177.0,0.56,-0.629,-0.56
59551.94,-82.0,957.0,-178.0,0.28,-0.91,-0.769
59552.12,-81.0,956.0,-174.0,0.699,-0.56,-0.419
59552.31,-79.0,956.0,-178.0,0.28,-0.769,-0.629
59552.49,-87.0,959.0,-175.0,0.419,-0.699,-0.56
59552.67,-90.0,959.0,-182.0,0.56,-0.839,-0.699
59552.85,-79.0,959.0,-172.0,0.49,-0.98,-0.629
59553.3,-79.0,957.0,-181.0,0.56,-0.629,-0.349
59553.22,-88.0,956.0,-175.0,1.049,-0.839,-0.56
59553.58,-76.0,957.0,-176.0,0.56,-0.629,-0.209
59556.13,-79.0,955.0,-175.0,0.49,-0.769,-0.629
59556.31,-82.0,955.0,-179.0,0.419,-0.769,-0.49
59556.5,-83.0,953.0,-178.0,0.14,-0.49,-0.49
59556.68,-85.0,959.0,-178.0,0.629,-0.839,-0.699
59556.86,-78.0,957.0,-177.0,0.28,-0.629,-0.49
59557.4,-81.0,956.0,-174.0,0.349,-0.629,-0.56
59557.23,-82.0,956.0,-178.0,0.28,-0.839,-0.699
59557.41,-80.0,957.0,-175.0,0.769,-0.629,-0.349
59564.88,-79.0,957.0,-169.0,0.419,-0.98,-0.56
59565.6,-84.0,956.0,-183.0,0.07,-0.419,-0.49
59565.25,-78.0,953.0,-178.0,0.56,-0.839,-0.349
59565.61,-78.0,958.0,-171.0,-0.07,-0.629,-0.349
59565.79,-80.0,954.0,-180.0,0.349,-0.699,-0.28
59565.97,-90.0,960.0,-175.0,0.14,-0.769,-0.28
59567.7,-80.0,958.0,-178.0,0.14,-0.629,-0.49
59567.25,-80.0,956.0,-179.0,0.419,-0.769,-0.56
59567.43,-83.0,958.0,-177.0,0.419,-0.769,-0.49
59567.61,-83.0,954.0,-178.0,0.839,-0.56,-0.349
59567.8,-91.0,961.0,-175.0,0.07,-1.19,-0.629
59567.98,-78.0,955.0,-179.0,0.839,-0.28,-0.49
59568.16,-84.0,958.0,-178.0,0.419,-1.049,-0.56
59568.34,-80.0,956.0,-175.0,0.49,-0.629,-0.56
59578.92,-82.0,957.0,-176.0,0.28,-0.699,-0.49
59579.1,-82.0,956.0,-176.0,0.349,-0.769,-0.49
59579.28,-82.0,956.0,-178.0,0.419,-0.699,-0.699
59579.46,-83.0,957.0,-175.0,0.28,-0.839,-0.49
59579.64,-82.0,956.0,-177.0,0.419,-0.699,-0.629
59579.83,-83.0,956.0,-176.0,0.28,-0.839,-0.56
59580.1,-82.0,957.0,-176.0,0.419,-0.839,-0.629
59580.19,-81.0,956.0,-176.0,0.49,-0.699,-0.49
59589.67,-82.0,957.0,-177.0,0.49,-0.699,-0.56
59589.85,-82.0,957.0,-177.0,0.699,-0.769,-0.49
59590.3,-83.0,956.0,-178.0,0.349,-0.699,-0.56
59590.22,-80.0,957.0,-178.0,0.49,-0.769,-0.56
59590.4,-82.0,957.0,-178.0,0.28,-0.769,-0.49
59590.58,-83.0,956.0,-178.0,0.56,-0.699,-0.56
59590.76,-84.0,958.0,-177.0,0.28,-0.699,-0.56
59590.95,-81.0,956.0,-175.0,0.49,-0.699,-0.49
59591.13,-83.0,957.0,-178.0,0.28,-0.769,-0.56
59592.95,-83.0,957.0,-175.0,0.49,-0.629,-0.49
59593.13,-82.0,957.0,-176.0,0.49,-0.699,-0.629
59593.31,-82.0,957.0,-177.0,0.49,-0.769,-0.56
59593.5,-82.0,957.0,-177.0,0.49,-0.769,-0.56
59593.68,-83.0,958.0,-176.0,0.419,-0.699,-0.56
59593.86,-83.0,957.0,-177.0,0.56,-0.769,-0.56
59594.4,-81.0,956.0,-175.0,0.419,-0.769,-0.56
59601.15,-87.0,958.0,-174.0,0.349,-0.629,-0.699
59601.33,-77.0,957.0,-180.0,0.49,-0.699,-0.49
59601.52,-84.0,957.0,-173.0,0.419,-0.629,-0.49
59601.7,-84.0,957.0,-178.0,0.419,-0.699,-0.56
59601.88,-81.0,956.0,-175.0,0.419,-0.769,-0.49
59602.6,-81.0,957.0,-179.0,0.56,-0.56,-0.56
59602.25,-83.0,958.0,-177.0,0.419,-0.769,-0.49
59602.43,-83.0,956.0,-179.0,0.419,-0.769,-0.56
59602.61,-83.0,955.0,-177.0,0.349,-0.699,-0.49
59602.79,-82.0,956.0,-178.0,0.49,-0.699,-0.56
59602.97,-82.0,957.0,-176.0,0.349,-0.839,-0.56
59606.7,-85.0,957.0,-176.0,0.49,-0.839,-0.56
59606.25,-80.0,956.0,-179.0,0.349,-0.629,-0.56
59606.44,-83.0,958.0,-178.0,0.419,-0.839,-0.49
59606.62,-82.0,956.0,-178.0,0.49,-0.769,-0.699
59606.8,-83.0,957.0,-176.0,0.49,-0.699,-0.49
59606.98,-83.0,957.0,-180.0,0.419,-0.699,-0.629
59608.8,-82.0,956.0,-177.0,0.349,-0.629,-0.629
59608.26,-84.0,957.0,-176.0,0.419,-0.699,-0.56
59608.44,-85.0,957.0,-178.0,0.419,-0.769,-0.699
59608.62,-81.0,957.0,-176.0,0.56,-0.769,-0.56
59608.81,-82.0,956.0,-176.0,0.349,-0.769,-0.49
59608.99,-83.0,957.0,-179.0,0.49,-0.699,-0.629
59609.17,-81.0,956.0,-177.0,0.349,-0.769,-0.49
59609.35,-83.0,957.0,-177.0,0.419,-0.699,-0.56
59609.54,-82.0,956.0,-177.0,0.419,-0.769,-0.419
59609.72,-83.0,957.0,-177.0,0.28,-0.839,-0.629
59609.9,-81.0,956.0,-177.0,0.49,-0.629,-0.419
59610.8,-84.0,957.0,-176.0,0.28,-0.91,-0.56
59614.9,-80.0,958.0,-176.0,0.349,-0.769,-0.56
59614.27,-82.0,957.0,-178.0,0.56,-0.699,-0.49
59614.46,-82.0,957.0,-178.0,0.49,-0.839,-0.629
59614.64,-82.0,957.0,-178.0,0.56,-0.699,-0.349
59614.82,-83.0,956.0,-178.0,0.349,-0.769,-0.699
59615.0,-80.0,957.0,-179.0,0.349,-0.699,-0.419
59615.19,-83.0,957.0,-176.0,0.56,-0.699,-0.49
59616.1,-81.0,956.0,-178.0,0.349,-0.699,-0.56
59616.28,-81.0,957.0,-177.0,0.419,-0.629,-0.49
59616.46,-82.0,956.0,-177.0,0.49,-0.839,-0.629
59616.64,-81.0,956.0,-177.0,0.349,-0.699,-0.49
59616.83,-83.0,957.0,-176.0,0.49,-0.699,-0.629
59617.1,-83.0,955.0,-178.0,0.349,-0.699,-0.49
59617.19,-81.0,957.0,-177.0,0.49,-0.699,-0.629
59617.37,-83.0,956.0,-177.0,0.419,-0.699,-0.419
59622.29,-84.0,957.0,-178.0,0.419,-0.769,-0.629
59622.48,-82.0,955.0,-177.0,0.49,-0.769,-0.629
59622.66,-82.0,958.0,-178.0,0.419,-0.839,-0.56
59622.84,-82.0,957.0,-177.0,0.419,-0.699,-0.56
59623.2,-86.0,957.0,-177.0,0.419,-0.769,-0.49
59623.21,-82.0,957.0,-178.0,0.419,-0.769,-0.629
59623.39,-82.0,958.0,-175.0,0.419,-0.769,-0.419
59623.93,-82.0,958.0,-177.0,0.349,-0.699,-0.629
59624.12,-83.0,956.0,-177.0,0.419,-0.699,-0.56
59624.3,-84.0,957.0,-177.0,0.56,-0.769,-0.56
59624.48,-83.0,956.0,-175.0,0.28,-0.699,-0.56
59624.66,-82.0,957.0,-178.0,0.49,-0.699,-0.629
59624.85,-83.0,957.0,-177.0,0.419,-0.769,-0.49
59625.3,-81.0,956.0,-178.0,0.419,-0.769,-0.56
59625.21,-82.0,956.0,-175.0,0.349,-0.629,-0.419
59625.39,-82.0,957.0,-176.0,0.349,-0.699,-0.629
59625.57,-82.0,956.0,-178.0,0.349,-0.769,-0.629
59625.76,-83.0,956.0,-177.0,0.49,-0.699,-0.629
59630.13,-83.0,957.0,-177.0,0.209,-0.699,-0.56
59630.31,-80.0,956.0,-181.0,0.699,-0.699,-0.56
59630.5,-83.0,958.0,-176.0,0.349,-0.839,-0.419
59630.68,-82.0,957.0,-176.0,0.419,-0.699,-0.629
59630.86,-84.0,957.0,-179.0,0.349,-0.769,-0.629
59631.4,-79.0,957.0,-178.0,0.49,-0.769,-0.56
59631.22,-84.0,956.0,-177.0,0.56,-0.91,-0.419
59631.41,-83.0,956.0,-174.0,0.28,-0.629,-0.49
59640.7,-81.0,957.0,-177.0,0.349,-0.699,-0.49
59640.88,-83.0,957.0,-177.0,0.56,-0.699,-0.419
59641.7,-81.0,958.0,-175.0,0.28,-0.769,-0.56
59641.25,-81.0,956.0,-176.0,0.419,-0.699,-0.49
59641.43,-84.0,958.0,-180.0,0.419,-0.839,-0.699
59641.61,-81.0,957.0,-174.0,0.419,-0.769,-0.419
59641.79,-83.0,957.0,-178.0,0.349,-0.699,-0.629
59641.98,-82.0,957.0,-176.0,0.49,-0.769,-0.629
59642.16,-82.0,956.0,-177.0,0.349,-0.769,-0.56
59642.34,-82.0,956.0,-175.0,0.349,-0.699,-0.56
59642.52,-83.0,958.0,-177.0,0.28,-0.839,-0.629
59642.71,-81.0,957.0,-177.0,0.419,-0.699,-0.49
59644.53,-83.0,956.0,-178.0,0.349,-0.769,-0.629
59644.71,-82.0,957.0,-177.0,0.419,-0.699,-0.49
59644.89,-82.0,956.0,-177.0,0.49,-0.699,-0.56
59645.8,-83.0,955.0,-178.0,0.419,-0.699,-0.49
59645.26,-83.0,957.0,-177.0,0.419,-0.769,-0.56
59645.44,-81.0,957.0,-177.0,0.419,-0.629,-0.49
59645.62,-83.0,956.0,-177.0,0.419,-0.699,-0.629
59653.64,-83.0,957.0,-178.0,0.349,-0.699,-0.629
59653.82,-81.0,956.0,-178.0,0.419,-0.769,-0.56
59654.0,-82.0,957.0,-177.0,0.629,-0.769,-0.56
59654.19,-83.0,957.0,-176.0,0.349,-0.769,-0.49
59654.37,-83.0,958.0,-176.0,0.349,-0.769,-0.56
59654.55,-82.0,957.0,-177.0,0.28,-0.699,-0.49
59654.73,-83.0,957.0,-177.0,0.49,-0.769,-0.56
59654.92,-81.0,956.0,-177.0,0.419,-0.629,-0.49
59655.1,-83.0,957.0,-176.0,0.349,-0.769,-0.49
59656.19,-79.0,956.0,-177.0,0.07,-0.699,-0.419
59656.37,-95.0,955.0,-181.0,0.769,-0.629,-0.98
59656.56,-78.0,958.0,-174.0,0.28,-1.259,-0.629
59656.74,-85.0,956.0,-179.0,0.56,-0.14,-0.209
59656.92,-83.0,958.0,-176.0,0.49,-1.049,-0.769
59657.1,-79.0,957.0,-178.0,0.56,-0.629,-0.349
59657.28,-84.0,955.0,-175.0,0.419,-0.629,-0.49
59657.47,-86.0,957.0,-180.0,0.419,-0.629,-0.769
59657.65,-86.0,952.0,-183.0,0.56,-0.49,-0.28
59657.83,-87.0,956.0,-171.0,0.349,-0.91,-0.629
59658.2,-82.0,955.0,-174.0,0.419,-0.699,-0.56
59658.38,-83.0,957.0,-180.0,0.629,-0.769,-0.629
59658.56,-81.0,956.0,-175.0,0.349,-0.699,-0.49
59658.74,-83.0,957.0,-178.0,0.49,-0.699,-0.49
59658.92,-83.0,957.0,-174.0,0.209,-0.629,-0.419
59659.11,-83.0,957.0,-177.0,0.56,-0.769,-0.629
59659.29,-84.0,957.0,-174.0,0.349,-0.769,-0.49
59659.47,-82.0,957.0,-177.0,0.49,-0.629,-0.629
59666.3,-86.0,957.0,-177.0,0.419,-0.91,-0.56
59666.21,-82.0,954.0,-179.0,0.699,-0.419,-0.49
59666.4,-92.0,959.0,-177.0,0.419,-0.769,-0.839
59666.58,-82.0,957.0,-177.0,0.419,-0.699,-0.56
59666.76,-78.0,956.0,-177.0,0.49,-0.699,-0.419
59666.94,-85.0,958.0,-180.0,0.349,-0.699,-0.56
59667.13,-78.0,959.0,-172.0,0.56,-0.91,-0.49
59667.31,-84.0,956.0,-181.0,0.209,-0.49,-0.419
59677.88,-82.0,957.0,-175.0,0.28,-0.699,-0.56
59678.6,-81.0,957.0,-177.0,0.56,-0.839,-0.49
59678.24,-82.0,957.0,-176.0,0.349,-0.769,-0.56
59678.43,-82.0,957.0,-175.0,0.49,-0.769,-0.49
59678.61,-84.0,957.0,-177.0,0.349,-0.699,-0.49
59678.79,-75.0,957.0,-175.0,0.349,-0.91,-0.629
59678.97,-85.0,957.0,-179.0,0.56,-0.629,-0.349
59679.16,-84.0,958.0,-172.0,0.28,-1.12,-0.769
59679.34,-79.0,956.0,-177.0,0.28,-0.56,-0.49
59689.91,-85.0,958.0,-177.0,0.419,-1.12,-0.629
59690.9,-82.0,955.0,-173.0,0.49,-0.49,-0.349
59690.27,-61.0,963.0,-174.0,0.49,-1.19,-0.56
59690.46,-89.0,956.0,-167.0,-0.209,-0.14,0.49
59690.64,-76.0,959.0,-179.0,0.419,-1.539,-1.539
59690.82,-83.0,957.0,-173.0,0.14,-0.49,0.28
59691.0,-85.0,958.0,-177.0,0.769,-0.839,-1.12
59691.19,-79.0,957.0,-178.0,0.28,-0.769,-0.28
59691.37,-83.0,956.0,-177.0,0.699,-0.629,-0.56
59691.55,-83.0,955.0,-179.0,0.419,-0.91,-0.419
59695.2,-82.0,958.0,-176.0,0.49,-0.839,-0.56
59695.38,-82.0,958.0,-178.0,0.349,-0.769,-0.629
59695.56,-80.0,955.0,-176.0,0.419,-0.629,-0.349
59695.74,-86.0,956.0,-179.0,0.419,-0.769,-0.56
59695.92,-77.0,957.0,-177.0,0.349,-0.98,-0.699
59696.11,-85.0,958.0,-176.0,0.419,-0.56,-0.349
59696.29,-81.0,957.0,-176.0,0.349,-0.91,-0.699
59705.4,-84.0,958.0,-176.0,0.49,-0.91,-0.699
59705.22,-75.0,954.0,-177.0,0.769,-0.699,-0.49
59705.4,-90.0,960.0,-174.0,0.349,-0.839,-0.49
59705.59,-78.0,957.0,-174.0,0.49,-0.769,-0.769
59705.77,-84.0,963.0,-177.0,0.07,-0.419,-0.209
59705.95,-89.0,957.0,-180.0,0.56,-0.769,-0.91
59706.13,-69.0,953.0,-178.0,0.56,-1.049,-0.349
59706.32,-85.0,957.0,-175.0,0.769,-0.629,-0.419
59714.52,-82.0,957.0,-180.0,0.49,-0.699,-0.699
59714.7,-79.0,956.0,-173.0,0.629,-0.769,-0.419
59714.88,-86.0,959.0,-175.0,0.49,-0.839,-0.699
59715.7,-80.0,958.0,-177.0,0.14,-0.349,-0.49
59715.25,-76.0,958.0,-177.0,0.28,-0.769,-0.28
59715.43,-90.0,957.0,-172.0,0.629,-1.12,-0.28
59715.61,-82.0,958.0,-175.0,0.07,-0.91,-0.419
59715.8,-84.0,955.0,-180.0,0.56,-0.49,-0.419
59715.98,-91.0,956.0,-180.0,0.349,-1.049,-0.839
59727.28,-75.0,956.0,-174.0,0.349,-0.839,-0.769
59727.46,-76.0,954.0,-181.0,0.419,-0.49,-0.209
59727.64,-93.0,960.0,-175.0,0.49,-0.769,-0.699
59727.83,-79.0,955.0,-177.0,0.349,-0.839,-0.699
59728.1,-83.0,957.0,-177.0,0.49,-0.49,-0.28
59728.19,-87.0,956.0,-180.0,0.419,-0.91,-0.769
59728.37,-75.0,956.0,-175.0,0.49,-0.699,-0.49
59728.56,-85.0,957.0,-178.0,0.419,-0.699,-0.349
59738.4,-84.0,957.0,-178.0,0.349,-0.629,-0.629
59738.58,-82.0,956.0,-179.0,0.419,-0.839,-0.629
59738.76,-83.0,957.0,-176.0,0.349,-0.699,-0.49
59738.95,-83.0,957.0,-178.0,0.49,-0.699,-0.49
59739.13,-82.0,956.0,-177.0,0.349,-0.699,-0.49
59739.31,-82.0,956.0,-177.0,0.419,-0.769,-0.56
59739.49,-82.0,956.0,-178.0,0.419,-0.699,-0.629
59739.67,-82.0,957.0,-178.0,0.419,-0.769,-0.49
59739.86,-84.0,958.0,-176.0,0.419,-0.699,-0.49
59740.4,-83.0,957.0,-178.0,0.349,-0.839,-0.629
59740.22,-81.0,957.0,-177.0,0.49,-0.839,-0.49
59740.4,-83.0,957.0,-177.0,0.349,-0.699,-0.56
59740.59,-83.0,956.0,-178.0,0.419,-0.769,-0.629
59740.77,-81.0,956.0,-178.0,0.49,-0.699,-0.419
59740.95,-84.0,958.0,-178.0,0.419,-0.629,-0.49
59741.13,-82.0,957.0,-180.0,0.49,-0.839,-0.629
59741.32,-81.0,956.0,-179.0,0.419,-0.769,-0.419
59741.5,-84.0,956.0,-179.0,0.49,-0.769,-0.629
59741.68,-80.0,956.0,-177.0,0.349,-0.769,-0.629
59741.86,-82.0,957.0,-177.0,0.419,-0.699,-0.49
59742.4,-83.0,956.0,-175.0,0.349,-0.839,-0.56
59742.23,-80.0,956.0,-177.0,0.28,-0.769,-0.56
59742.41,-82.0,958.0,-175.0,0.419,-0.769,-0.419
59742.59,-83.0,957.0,-176.0,0.28,-0.769,-0.49
59742.77,-80.0,956.0,-177.0,0.49,-0.769,-0.629
59746.6,-84.0,957.0,-179.0,0.49,-0.699,-0.56
59746.78,-81.0,956.0,-179.0,0.419,-0.769,-0.629
59746.97,-81.0,956.0,-177.0,0.419,-0.769,-0.56
59747.15,-84.0,956.0,-176.0,0.49,-0.629,-0.49
59747.33,-82.0,957.0,-177.0,0.349,-0.769,-0.56
59747.51,-82.0,957.0,-178.0,0.49,-0.699,-0.49
59747.7,-83.0,956.0,-177.0,0.28,-0.699,-0.56
59747.88,-83.0,957.0,-176.0,0.49,-0.699,-0.49
59748.6,-85.0,956.0,-177.0,0.49,-0.629,-0.56
59749.34,-82.0,956.0,-177.0,0.49,-0.769,-0.56
59749.52,-82.0,957.0,-176.0,0.28,-0.699,-0.49
59749.7,-84.0,958.0,-177.0,0.419,-0.769,-0.629
59749.88,-82.0,955.0,-178.0,0.49,-0.839,-0.629
59750.7,-85.0,957.0,-177.0,0.699,-0.699,-0.629
59750.25,-85.0,957.0,-173.0,0.14,-0.91,-0.629
59750.43,-82.0,956.0,-179.0,0.49,-0.56,-0.49
59750.61,-82.0,956.0,-176.0,0.419,-0.91,-0.49
59750.79,-85.0,958.0,-178.0,0.349,-0.56,-0.49
59750.98,-83.0,956.0,-178.0,0.419,-0.769,-0.56
59766.47,-80.0,957.0,-177.0,0.14,-0.699,-0.49
59766.65,-82.0,958.0,-176.0,0.56,-0.769,-0.56
59766.84,-85.0,957.0,-177.0,0.419,-0.839,-0.419
59767.2,-80.0,955.0,-177.0,0.419,-0.699,-0.56
59767.2,-84.0,957.0,-178.0,0.419,-0.699,-0.49
59767.38,-82.0,956.0,-176.0,0.419,-0.769,-0.56
59767.57,-82.0,957.0,-177.0,0.419,-0.699,-0.56
59767.75,-83.0,958.0,-176.0,0.419,-0.699,-0.629
59767.93,-81.0,957.0,-176.0,0.209,-0.839,-0.49
59768.11,-79.0,957.0,-175.0,0.28,-0.769,-0.419
59768.29,-85.0,958.0,-177.0,0.56,-0.769,-0.56
59768.48,-80.0,957.0,-174.0,0.349,-0.839,-0.49
59768.66,-83.0,957.0,-178.0,0.49,-0.629,-0.56
59769.21,-83.0,958.0,-183.0,0.769,-0.839,-0.629
59769.39,-68.0,953.0,-184.0,0.209,-0.91,-0.629
59769.57,-95.0,959.0,-171.0,0.56,-0.629,-0.419
59769.75,-80.0,954.0,-184.0,0.419,-0.769,-0.839
59769.94,-81.0,958.0,-178.0,0.28,-0.91,-0.28
59770.12,-81.0,955.0,-177.0,0.56,-0.769,-0.419
59770.3,-84.0,960.0,-176.0,0.14,-0.629,-0.629
59779.41,-70.0,953.0,-171.0,0.49,-0.839,-0.28
59779.6,-94.0,960.0,-175.0,0.28,-0.769,-0.629
59779.78,-74.0,954.0,-175.0,0.419,-0.98,-0.56
59779.96,-86.0,958.0,-177.0,0.349,-0.699,-0.349
59780.14,-83.0,958.0,-175.0,0.56,-0.629,-0.839
59780.33,-89.0,959.0,-172.0,0.28,-0.769,-0.49
59780.51,-77.0,954.0,-178.0,0.349,-0.769,-0.699
59780.69,-82.0,958.0,-173.0,0.419,-0.91,-0.419
59780.87,-76.0,952.0,-178.0,0.209,-0.699,-0.28
59781.5,-87.0,957.0,-178.0,0.56,-0.769,-0.699
59781.24,-79.0,955.0,-177.0,0.419,-0.769,-0.49
59781.42,-90.0,958.0,-177.0,0.49,-0.839,-0.839
59781.6,-71.0,953.0,-177.0,0.28,-0.91,-0.49
59781.78,-88.0,960.0,-176.0,0.28,-0.56,-0.49
59781.97,-80.0,955.0,-177.0,0.419,-0.699,-0.629
59784.15,-73.0,956.0,-174.0,0.629,-0.56,-0.629
59784.34,-87.0,957.0,-179.0,0.209,-0.629,-0.209
59784.52,-81.0,957.0,-176.0,0.419,-0.91,-0.839
59784.7,-80.0,958.0,-177.0,0.419,-0.769,-0.349
59784.88,-84.0,958.0,-176.0,0.419,-0.769,-0.56
59785.7,-85.0,957.0,-175.0,0.28,-0.629,-0.629
59785.25,-80.0,957.0,-176.0,0.49,-0.769,-0.56
59785.43,-82.0,957.0,-177.0,0.419,-0.769,-0.56
59785.61,-81.0,956.0,-176.0,0.349,-0.839,-0.49
59785.79,-83.0,956.0,-177.0,0.419,-0.699,-0.56
59785.98,-83.0,956.0,-177.0,0.419,-0.699,-0.56
59786.16,-82.0,957.0,-178.0,0.419,-0.699,-0.629
59786.34,-81.0,956.0,-177.0,0.49,-0.769,-0.56
59786.52,-83.0,956.0,-177.0,0.419,-0.769,-0.56
59786.71,-82.0,956.0,-176.0,0.49,-0.839,-0.56
59786.89,-83.0,956.0,-178.0,0.349,-0.629,-0.56
59787.7,-82.0,956.0,-176.0,0.209,-0.839,-0.629
59787.25,-81.0,956.0,-177.0,0.49,-0.699,-0.56
59787.44,-83.0,956.0,-175.0,0.349,-0.769,-0.629
59787.62,-80.0,957.0,-175.0,0.49,-0.769,-0.49
59787.8,-83.0,957.0,-177.0,0.349,-0.699,-0.56
59788.53,-78.0,955.0,-173.0,0.49,-0.839,-0.56
59788.71,-84.0,957.0,-179.0,0.419,-0.699,-0.56
59788.89,-81.0,957.0,-175.0,0.349,-0.769,-0.49
59789.8,-83.0,956.0,-178.0,0.49,-0.699,-0.49
59789.26,-83.0,957.0,-173.0,0.49,-0.839,-0.49
59789.44,-84.0,959.0,-179.0,0.28,-0.699,-0.839
59789.62,-80.0,955.0,-175.0,0.699,-0.56,-0.209
59789.81,-86.0,958.0,-175.0,0.49,-0.839,-0.699
59793.82,-80.0,957.0,-174.0,0.49,-0.629,-0.349
59794.0,-85.0,958.0,-177.0,0.349,-0.699,-0.56
59794.18,-79.0,957.0,-173.0,0.49,-0.839,-0.419
59794.36,-81.0,956.0,-178.0,0.49,-0.699,-0.49
59794.54,-83.0,956.0,-174.0,0.49,-0.91,-0.49
59794.73,-82.0,957.0,-175.0,0.49,-0.769,-0.56
59794.91,-83.0,955.0,-175.0,0.419,-0.629,-0.49
59798.37,-81.0,957.0,-175.0,0.419,-0.699,-0.419
59798.56,-83.0,957.0,-175.0,0.419,-0.769,-0.56
59798.74,-81.0,956.0,-174.0,0.28,-0.769,-0.56
59798.92,-82.0,955.0,-176.0,0.419,-0.769,-0.49
59799.1,-83.0,958.0,-176.0,0.419,-0.769,-0.56
59799.28,-81.0,956.0,-178.0,0.419,-0.769,-0.49
59799.47,-83.0,956.0,-175.0,0.419,-0.699,-0.49
59799.65,-83.0,957.0,-176.0,0.28,-0.769,-0.699
59799.83,-81.0,955.0,-178.0,0.49,-0.769,-0.49
59800.1,-83.0,956.0,-176.0,0.419,-0.839,-0.419
59800.2,-82.0,957.0,-175.0,0.49,-0.699,-0.629
59800.38,-83.0,957.0,-176.0,0.419,-0.769,-0.56
59800.56,-82.0,958.0,-177.0,0.419,-0.769,-0.49
59800.74,-83.0,958.0,-175.0,0.419,-0.839,-0.49
59800.92,-81.0,957.0,-176.0,0.419,-0.769,-0.56
59801.11,-81.0,958.0,-176.0,0.419,-0.699,-0.419
59801.29,-83.0,956.0,-176.0,0.49,-0.629,-0.49
59801.47,-82.0,957.0,-177.0,0.349,-0.769,-0.629
59801.65,-82.0,956.0,-177.0,0.49,-0.699,-0.49
59801.84,-81.0,956.0,-174.0,0.349,-0.839,-0.769
59802.2,-82.0,957.0,-179.0,0.419,-0.56,-0.419
59802.2,-82.0,956.0,-176.0,0.349,-0.91,-0.629
59802.38,-84.0,958.0,-177.0,0.419,-0.769,-0.629
59802.57,-83.0,955.0,-176.0,0.49,-0.769,-0.56
59802.75,-85.0,957.0,-178.0,0.349,-0.769,-0.56
59802.93,-81.0,957.0,-176.0,0.49,-0.699,-0.49
59803.11,-84.0,957.0,-176.0,0.349,-0.699,-0.56
59803.29,-82.0,958.0,-178.0,0.349,-0.629,-0.629
59803.48,-79.0,956.0,-177.0,0.28,-0.699,-0.49
59803.66,-83.0,958.0,-176.0,0.49,-0.699,-0.49
59803.84,-82.0,957.0,-175.0,0.28,-0.699,-0.56
59804.2,-81.0,958.0,-176.0,0.419,-0.699,-0.699
59804.21,-80.0,957.0,-175.0,0.419,-0.769,-0.49
59804.39,-84.0,958.0,-175.0,0.49,-0.769,-0.56
59804.57,-82.0,957.0,-176.0,0.349,-0.839,-0.629
59804.75,-79.0,956.0,-177.0,0.49,-0.769,-0.56
59804.94,-81.0,958.0,-175.0,0.49,-0.629,-0.419
59805.12,-83.0,957.0,-176.0,0.49,-0.629,-0.629
59805.3,-82.0,956.0,-176.0,0.419,-0.839,-0.56
59805.48,-79.0,957.0,-175.0,0.349,-0.629,-0.49
59805.66,-84.0,957.0,-176.0,0.419,-0.699,-0.49
59805.85,-83.0,958.0,-176.0,0.28,-0.839,-0.699
59806.3,-81.0,956.0,-176.0,0.349,-0.769,-0.49
59806.21,-82.0,958.0,-177.0,0.419,-0.629,-0.629
59806.39,-84.0,958.0,-178.0,0.56,-0.769,-0.629
59806.58,-80.0,957.0,-176.0,0.419,-0.769,-0.56
59806.76,-83.0,957.0,-175.0,0.419,-0.699,-0.49
59806.94,-82.0,958.0,-177.0,0.49,-0.769,-0.629
59807.12,-81.0,955.0,-176.0,0.49,-0.769,-0.49
59807.3,-83.0,957.0,-176.0,0.419,-0.699,-0.629
59807.49,-85.0,956.0,-178.0,0.419,-0.769,-0.629
59807.67,-81.0,955.0,-176.0,0.349,-0.839,-0.629
59807.85,-83.0,957.0,-178.0,0.419,-0.629,-0.49
59808.3,-82.0,958.0,-174.0,0.349,-0.769,-0.56
59808.22,-83.0,958.0,-175.0,0.49,-0.699,-0.629
59808.4,-78.0,956.0,-178.0,0.28,-0.769,-0.629
59808.58,-83.0,957.0,-173.0,0.49,-0.769,-0.49
59808.76,-83.0,958.0,-178.0,0.49,-0.769,-0.56
59808.95,-77.0,956.0,-175.0,0.49,-0.769,-0.49
59809.13,-84.0,957.0,-180.0,0.699,-0.699,-0.56
59809.31,-83.0,955.0,-174.0,0.56,-0.839,-0.56
59809.49,-81.0,957.0,-180.0,0.49,-0.629,-0.56
59809.67,-82.0,955.0,-177.0,0.49,-0.839,-0.49
59809.86,-83.0,956.0,-179.0,0.49,-0.769,-0.56
59810.4,-81.0,955.0,-175.0,0.49,-0.699,-0.49
59810.22,-86.0,958.0,-178.0,0.349,-0.699,-0.49
59810.4,-77.0,955.0,-176.0,0.49,-0.839,-0.49
59810.59,-83.0,957.0,-176.0,0.349,-0.56,-0.419
59810.77,-84.0,957.0,-175.0,0.419,-0.769,-0.56
59810.95,-83.0,956.0,-176.0,0.419,-0.769,-0.49
59811.13,-83.0,956.0,-175.0,0.49,-0.769,-0.629
59811.31,-83.0,955.0,-177.0,0.349,-0.769,-0.56
59813.32,-81.0,957.0,-175.0,0.49,-0.769,-0.629
59813.5,-80.0,956.0,-177.0,0.349,-0.629,-0.49
59813.68,-84.0,957.0,-177.0,0.49,-0.769,-0.629
59813.87,-82.0,956.0,-177.0,0.49,-0.839,-0.56
59814.5,-83.0,957.0,-176.0,0.49,-0.699,-0.49
59814.23,-83.0,957.0,-177.0,0.419,-0.769,-0.49
59814.41,-82.0,956.0,-177.0,0.49,-0.769,-0.49
59814.6,-84.0,957.0,-177.0,0.419,-0.629,-0.629
59814.78,-80.0,957.0,-175.0,0.419,-0.769,-0.49
59814.96,-85.0,957.0,-176.0,0.56,-0.699,-0.629
59815.14,-80.0,956.0,-177.0,0.349,-0.769,-0.56
59815.33,-83.0,957.0,-176.0,0.419,-0.699,-0.56
59815.51,-82.0,955.0,-177.0,0.56,-0.769,-0.49
